#step	time	mdot360	FmomInletX360	FpInletGaugeX360	FpWallX360	FshearWallX360	T_CFD360	T_ideal360	Cfg
0	0	-0	-0	0	0	-0.0285199	-0.0285199	-0	0
1	1.2e-06	-0	-0	166.97	-0.993253	-0.0285197	165.948	-0	0
2	2.41511e-06	0.417864	177.256	85.6401	-1.95067	-0.0285629	260.917	280.699	0.929526
3	3.62618e-06	0.331325	144.891	80.6511	-2.85366	-0.0285801	222.659	222.566	1.00042
4	4.83464e-06	0.337163	151.733	76.2728	-3.70006	-0.0285934	224.277	226.488	0.990239
5	6.04208e-06	0.340635	157.522	72.0253	-4.48712	-0.0286039	225.031	228.821	0.98344
6	7.25008e-06	0.343371	162.937	67.8651	-5.21202	-0.0286121	225.561	230.658	0.977904
7	8.4601e-06	0.345571	168.037	63.8027	-5.87227	-0.0286187	225.939	232.136	0.973305
8	9.67339e-06	0.347285	172.809	59.8607	-6.46578	-0.0286243	226.176	233.287	0.969516
9	1.0891e-05	0.348547	177.228	56.0684	-6.99086	-0.0286292	226.277	234.136	0.966437
10	1.21138e-05	0.349396	181.267	52.4609	-7.44612	-0.0286335	226.253	234.706	0.963986
11	1.33424e-05	0.349874	184.897	49.0783	-7.83037	-0.0286374	226.116	235.027	0.962085
12	1.45773e-05	0.350035	188.094	45.9635	-8.14238	-0.0286408	225.887	235.135	0.960669
13	1.58184e-05	0.34994	190.841	43.1612	-8.38071	-0.0286436	225.593	235.071	0.959681
14	1.70653e-05	0.349658	193.082	40.7581	-8.54525	-0.0286456	225.266	234.881	0.959062
15	1.83187e-05	0.349273	194.682	38.9279	-8.63648	-0.0286465	224.945	234.623	0.958749
16	1.95789e-05	0.348905	195.643	37.7371	-8.65551	-0.028646	224.696	234.376	0.958702
17	2.08464e-05	0.348643	195.991	37.2147	-8.60444	-0.0286438	224.573	234.2	0.958895
18	2.21183e-05	0.348547	195.792	37.3324	-8.49338	-0.0286416	224.603	234.135	0.959284
19	2.33752e-05	0.34863	195.173	37.975	-8.34367	-0.028643	224.776	234.191	0.959795
20	2.46203e-05	0.348848	194.299	38.9556	-8.16676	-0.0286478	225.059	234.337	0.960408
21	2.5857e-05	0.349123	193.329	40.0733	-7.97185	-0.0286562	225.402	234.522	0.961109
22	2.70884e-05	0.349389	192.394	41.1564	-7.76746	-0.028668	225.755	234.701	0.961881
23	2.83165e-05	0.349605	191.582	42.0931	-7.56116	-0.0286833	226.086	234.846	0.962697
24	2.95429e-05	0.34976	190.933	42.8353	-7.35949	-0.0287019	226.38	234.95	0.963524
25	3.07683e-05	0.349861	190.447	43.3841	-7.16846	-0.0287235	226.634	235.018	0.964326
26	3.1993e-05	0.349924	190.103	43.7682	-6.98417	-0.0287479	226.859	235.06	0.96511
27	3.32171e-05	0.349961	189.872	44.0251	-6.80572	-0.0287735	227.062	235.085	0.965874
28	3.44405e-05	0.349983	189.722	44.1905	-6.6468	-0.0287977	227.237	235.1	0.966556
29	3.56633e-05	0.349995	189.628	44.2935	-6.523	-0.0288194	227.37	235.108	0.967087
30	3.68854e-05	0.350002	189.571	44.356	-6.43121	-0.0288385	227.467	235.112	0.967482
31	3.81069e-05	0.350005	189.537	44.3928	-6.36462	-0.0288561	227.537	235.115	0.967767
32	3.93279e-05	0.350008	189.518	44.414	-6.3179	-0.0288732	227.585	235.116	0.967968
33	4.05484e-05	0.350009	189.507	44.4259	-6.28683	-0.0288901	227.617	235.117	0.968101
34	4.17685e-05	0.350009	189.501	44.4324	-6.2675	-0.0289074	227.637	235.117	0.968184
35	4.29882e-05	0.350009	189.498	44.4357	-6.25644	-0.0289252	227.648	235.118	0.968231
36	4.42077e-05	0.35001	189.496	44.4374	-6.25062	-0.0289439	227.654	235.118	0.968256
37	4.5427e-05	0.35001	189.496	44.4382	-6.24702	-0.0289636	227.658	235.118	0.968272
38	4.66461e-05	0.35001	189.495	44.4385	-6.24601	-0.0289841	227.659	235.118	0.968276
39	4.78651e-05	0.35001	189.495	44.4386	-6.24821	-0.0290053	227.657	235.118	0.968267
40	4.90839e-05	0.35001	189.495	44.4386	-6.25386	-0.0290271	227.651	235.118	0.968243
41	5.03027e-05	0.35001	189.495	44.4385	-6.2629	-0.0290493	227.642	235.118	0.968204
42	5.15213e-05	0.35001	189.495	44.4385	-6.27508	-0.0290716	227.63	235.118	0.968152
43	5.274e-05	0.35001	189.495	44.4385	-6.28984	-0.0290942	227.615	235.118	0.968089
44	5.39585e-05	0.35001	189.495	44.4385	-6.30609	-0.029117	227.599	235.118	0.96802
45	5.51771e-05	0.35001	189.495	44.4385	-6.32295	-0.02914	227.582	235.118	0.967948
46	5.63956e-05	0.35001	189.495	44.4385	-6.33791	-0.0291634	227.567	235.118	0.967884
47	5.76141e-05	0.35001	189.495	44.4386	-6.34717	-0.0291873	227.557	235.118	0.967845
48	5.88326e-05	0.35001	189.495	44.4386	-6.35315	-0.0292116	227.551	235.118	0.967819
49	6.0051e-05	0.35001	189.495	44.4386	-6.35622	-0.0292364	227.548	235.118	0.967806
50	6.12695e-05	0.35001	189.495	44.4387	-6.35691	-0.0292613	227.548	235.118	0.967803
51	6.24879e-05	0.35001	189.495	44.4387	-6.35536	-0.0292864	227.549	235.118	0.96781
52	6.37064e-05	0.35001	189.495	44.4389	-6.35192	-0.0293114	227.553	235.118	0.967824
53	6.49248e-05	0.35001	189.494	44.4395	-6.34757	-0.0293363	227.557	235.118	0.967842
54	6.61432e-05	0.35001	189.494	44.4399	-6.34339	-0.0293609	227.561	235.118	0.96786
55	6.73617e-05	0.35001	189.494	44.4402	-6.33992	-0.0293851	227.565	235.118	0.967875
56	6.85801e-05	0.35001	189.494	44.4403	-6.33715	-0.0294088	227.567	235.118	0.967887
57	6.97985e-05	0.35001	189.494	44.4404	-6.33556	-0.0294323	227.569	235.118	0.967893
58	7.1017e-05	0.35001	189.494	44.4404	-6.33474	-0.0294556	227.57	235.118	0.967897
59	7.22354e-05	0.35001	189.494	44.4404	-6.33217	-0.029479	227.572	235.118	0.967907
60	7.34539e-05	0.35001	189.494	44.4404	-6.33162	-0.0295023	227.573	235.118	0.96791
61	7.46723e-05	0.35001	189.494	44.4404	-6.33253	-0.0295258	227.572	235.118	0.967906
62	7.58907e-05	0.35001	189.494	44.4404	-6.33471	-0.0295493	227.57	235.118	0.967896
63	7.71092e-05	0.35001	189.494	44.4403	-6.33802	-0.0295731	227.566	235.118	0.967882
64	7.83276e-05	0.35001	189.494	44.4403	-6.34244	-0.0295969	227.562	235.118	0.967863
65	7.95461e-05	0.35001	189.494	44.4403	-6.34734	-0.0296207	227.557	235.118	0.967842
66	8.07645e-05	0.35001	189.494	44.4403	-6.35268	-0.0296446	227.552	235.118	0.967819
67	8.1983e-05	0.35001	189.494	44.4403	-6.35834	-0.0296685	227.546	235.118	0.967795
68	8.32014e-05	0.35001	189.494	44.4403	-6.36428	-0.0296924	227.54	235.118	0.96777
69	8.44198e-05	0.35001	189.494	44.4403	-6.37053	-0.0297164	227.534	235.118	0.967743
70	8.56383e-05	0.35001	189.494	44.4404	-6.37739	-0.0297403	227.527	235.118	0.967714
71	8.68567e-05	0.35001	189.493	44.4407	-6.38483	-0.0297644	227.519	235.118	0.967682
72	8.8075e-05	0.35001	189.493	44.4411	-6.39265	-0.0297887	227.512	235.118	0.967649
73	8.92933e-05	0.35001	189.492	44.4417	-6.40092	-0.0298131	227.503	235.118	0.967613
74	9.05116e-05	0.35001	189.492	44.4425	-6.4097	-0.0298378	227.494	235.118	0.967576
75	9.17298e-05	0.35001	189.491	44.4434	-6.41878	-0.0298626	227.485	235.118	0.967537
76	9.29479e-05	0.35001	189.49	44.4444	-6.42688	-0.0298876	227.477	235.118	0.967503
77	9.4166e-05	0.35001	189.489	44.4456	-6.43581	-0.0299127	227.468	235.118	0.967464
78	9.53841e-05	0.35001	189.487	44.4469	-6.44577	-0.0299377	227.459	235.118	0.967422
79	9.66021e-05	0.350011	189.486	44.4483	-6.45684	-0.0299627	227.448	235.118	0.967375
80	9.78201e-05	0.350011	189.485	44.4499	-6.46884	-0.0299876	227.436	235.118	0.967323
81	9.90381e-05	0.350011	189.483	44.4515	-6.48168	-0.0300124	227.423	235.119	0.967268
82	0.000100256	0.350011	189.481	44.4532	-6.49525	-0.0300372	227.409	235.119	0.967211
83	0.000101474	0.350011	189.48	44.455	-6.50945	-0.030062	227.395	235.119	0.96715
84	0.000102692	0.350012	189.478	44.4569	-6.52418	-0.0300867	227.381	235.119	0.967087
85	0.00010391	0.350012	189.476	44.4588	-6.53896	-0.0301114	227.366	235.119	0.967024
86	0.000105128	0.350012	189.474	44.4608	-6.55365	-0.0301362	227.351	235.119	0.966961
87	0.000106346	0.350012	189.472	44.4628	-6.56813	-0.030161	227.337	235.119	0.9669
88	0.000107564	0.350012	189.47	44.4649	-6.58222	-0.0301859	227.323	235.12	0.966839
89	0.000108781	0.350013	189.468	44.467	-6.5958	-0.0302108	227.309	235.12	0.966781
90	0.000109999	0.350013	189.466	44.4692	-6.60882	-0.0302357	227.296	235.12	0.966726
91	0.000111217	0.350013	189.464	44.4713	-6.62131	-0.0302605	227.284	235.12	0.966673
92	0.000112435	0.350013	189.462	44.4735	-6.6333	-0.0302853	227.272	235.12	0.966621
93	0.000113653	0.350013	189.46	44.4757	-6.64289	-0.03031	227.263	235.12	0.96658
94	0.000114871	0.350014	189.458	44.4778	-6.65256	-0.0303345	227.253	235.12	0.966539
95	0.000116089	0.350014	189.456	44.48	-6.66223	-0.0303589	227.244	235.121	0.966498
96	0.000117306	0.350014	189.454	44.4822	-6.67193	-0.0303833	227.234	235.121	0.966456
97	0.000118524	0.350014	189.452	44.4843	-6.68171	-0.0304076	227.224	235.121	0.966414
98	0.000119742	0.350015	189.45	44.4863	-6.69161	-0.030432	227.214	235.121	0.966372
99	0.00012096	0.350015	189.448	44.4884	-6.70164	-0.0304563	227.205	235.121	0.966329
100	0.000122178	0.350015	189.446	44.4904	-6.71179	-0.0304807	227.194	235.121	0.966286
101	0.000123396	0.350015	189.444	44.4923	-6.72208	-0.0305052	227.184	235.122	0.966242
102	0.000124614	0.350015	189.443	44.4943	-6.73253	-0.0305296	227.174	235.122	0.966197
103	0.000125832	0.350016	189.441	44.4962	-6.74318	-0.0305539	227.163	235.122	0.966152
104	0.00012705	0.350016	189.439	44.4979	-6.75405	-0.0305782	227.153	235.122	0.966105
105	0.000128268	0.350016	189.438	44.4997	-6.76523	-0.0306024	227.141	235.122	0.966058
106	0.000129486	0.350016	189.436	44.5014	-6.77665	-0.0306266	227.13	235.122	0.966009
107	0.000130704	0.350016	189.434	44.5032	-6.7863	-0.0306508	227.121	235.122	0.965968
108	0.000131922	0.350017	189.433	44.505	-6.79845	-0.0306749	227.108	235.122	0.965916
109	0.00013314	0.350017	189.431	44.5067	-6.80929	-0.0306991	227.098	235.123	0.965869
110	0.000134358	0.350017	189.429	44.5085	-6.82083	-0.0307232	227.086	235.123	0.96582
111	0.000135576	0.350017	189.428	44.5103	-6.83299	-0.0307473	227.074	235.123	0.965768
112	0.000136794	0.350017	189.426	44.512	-6.84564	-0.0307715	227.062	235.123	0.965714
113	0.000138012	0.350018	189.424	44.5137	-6.85866	-0.0307956	227.049	235.123	0.965659
114	0.00013923	0.350018	189.423	44.5154	-6.87186	-0.0308197	227.035	235.123	0.965602
115	0.000140448	0.350018	189.421	44.5171	-6.8851	-0.0308438	227.022	235.123	0.965546
116	0.000141666	0.350018	189.42	44.5187	-6.8983	-0.0308678	227.009	235.123	0.96549
117	0.000142884	0.350018	189.418	44.5204	-6.91131	-0.0308918	226.996	235.124	0.965434
118	0.000144102	0.350018	189.417	44.522	-6.92403	-0.0309157	226.984	235.124	0.96538
119	0.00014532	0.350019	189.415	44.5236	-6.9364	-0.0309396	226.971	235.124	0.965327
120	0.000146538	0.350019	189.414	44.5252	-6.94835	-0.0309634	226.959	235.124	0.965276
121	0.000147756	0.350019	189.412	44.5267	-6.95986	-0.0309873	226.948	235.124	0.965227
122	0.000148974	0.350019	189.411	44.5283	-6.97097	-0.0310111	226.937	235.124	0.965179
123	0.000150192	0.350019	189.409	44.5298	-6.98175	-0.031035	226.926	235.124	0.965134
124	0.00015141	0.350019	189.408	44.5313	-6.99209	-0.0310589	226.916	235.124	0.965089
125	0.000152628	0.35002	189.406	44.5328	-7.00113	-0.0310828	226.907	235.124	0.965051
126	0.000153846	0.35002	189.405	44.5342	-7.0083	-0.0311068	226.9	235.124	0.96502
127	0.000155065	0.35002	189.404	44.5356	-7.01184	-0.0311308	226.896	235.125	0.965005
128	0.000156283	0.35002	189.402	44.5371	-7.01412	-0.0311547	226.894	235.125	0.964995
129	0.000157501	0.35002	189.401	44.5385	-7.01652	-0.0311786	226.892	235.125	0.964985
130	0.000158719	0.35002	189.4	44.5398	-7.01952	-0.0312024	226.889	235.125	0.964972
131	0.000159937	0.35002	189.398	44.5412	-7.02331	-0.0312262	226.885	235.125	0.964955
132	0.000161155	0.350021	189.397	44.5426	-7.02803	-0.03125	226.88	235.125	0.964935
133	0.000162373	0.350021	189.396	44.5439	-7.03375	-0.0312738	226.875	235.125	0.964911
134	0.000163592	0.350021	189.395	44.5452	-7.04049	-0.0312976	226.868	235.125	0.964882
135	0.00016481	0.350021	189.393	44.5465	-7.0482	-0.0313215	226.86	235.125	0.964849
136	0.000166028	0.350021	189.392	44.5478	-7.0569	-0.0313454	226.852	235.125	0.964812
137	0.000167246	0.350021	189.391	44.5491	-7.06656	-0.0313694	226.842	235.126	0.96477
138	0.000168464	0.350021	189.39	44.5504	-7.07716	-0.0313934	226.832	235.126	0.964725
139	0.000169683	0.350022	189.389	44.5517	-7.08863	-0.0314175	226.82	235.126	0.964676
140	0.000170901	0.350022	189.387	44.5531	-7.10084	-0.0314415	226.808	235.126	0.964624
141	0.000172119	0.350022	189.386	44.5544	-7.11366	-0.0314656	226.795	235.126	0.964569
142	0.000173337	0.350022	189.385	44.5556	-7.12691	-0.0314896	226.782	235.126	0.964513
143	0.000174555	0.350022	189.384	44.5568	-7.14045	-0.0315136	226.769	235.126	0.964455
144	0.000175774	0.350022	189.383	44.558	-7.15419	-0.0315376	226.755	235.126	0.964397
145	0.000176992	0.350022	189.382	44.5592	-7.16813	-0.0315616	226.741	235.126	0.964337
146	0.00017821	0.350022	189.38	44.5603	-7.18209	-0.0315855	226.727	235.126	0.964278
147	0.000179428	0.350023	189.379	44.5614	-7.19597	-0.0316095	226.713	235.126	0.964218
148	0.000180647	0.350023	189.378	44.5625	-7.20964	-0.0316335	226.7	235.126	0.96416
149	0.000181865	0.350023	189.377	44.5636	-7.22303	-0.0316575	226.686	235.127	0.964103
150	0.000183083	0.350023	189.376	44.5647	-7.23598	-0.0316815	226.673	235.127	0.964048
151	0.000184301	0.350023	189.375	44.5658	-7.24883	-0.0317055	226.661	235.127	0.963993
152	0.00018552	0.350023	189.374	44.5668	-7.25924	-0.0317295	226.65	235.127	0.963949
153	0.000186738	0.350023	189.373	44.5678	-7.2724	-0.0317535	226.637	235.127	0.963893
154	0.000187956	0.350023	189.372	44.5689	-7.28464	-0.0317776	226.625	235.127	0.96384
155	0.000189175	0.350023	189.371	44.5699	-7.29417	-0.0318017	226.615	235.127	0.9638
156	0.000190393	0.350024	189.37	44.5709	-7.30587	-0.0318258	226.604	235.127	0.96375
157	0.000191611	0.350024	189.37	44.5719	-7.31495	-0.0318499	226.595	235.127	0.963711
158	0.00019283	0.350024	189.369	44.5728	-7.32585	-0.0318741	226.584	235.127	0.963664
159	0.000194048	0.350024	189.368	44.5738	-7.33459	-0.0318983	226.575	235.127	0.963627
160	0.000195266	0.350024	189.367	44.5747	-7.34467	-0.0319226	226.565	235.127	0.963584
161	0.000196485	0.350024	189.366	44.5756	-7.35331	-0.0319469	226.556	235.127	0.963547
162	0.000197703	0.350024	189.365	44.5766	-7.36376	-0.0319713	226.546	235.127	0.963503
163	0.000198921	0.350024	189.364	44.5774	-7.37228	-0.0319958	226.537	235.128	0.963466
164	0.00020014	0.350024	189.363	44.5783	-7.38119	-0.0320203	226.529	235.128	0.963428
165	0.000201358	0.350024	189.363	44.5792	-7.39179	-0.0320447	226.518	235.128	0.963383
166	0.000202576	0.350025	189.362	44.58	-7.40047	-0.0320693	226.509	235.128	0.963346
167	0.000203795	0.350025	189.361	44.5809	-7.40933	-0.0320938	226.501	235.128	0.963308
168	0.000205013	0.350025	189.36	44.5817	-7.4201	-0.0321183	226.49	235.128	0.963262
169	0.000206231	0.350025	189.36	44.5825	-7.42881	-0.0321429	226.481	235.128	0.963225
170	0.00020745	0.350025	189.359	44.5833	-7.43766	-0.0321675	226.472	235.128	0.963187
171	0.000208668	0.350025	189.358	44.5841	-7.44818	-0.032192	226.462	235.128	0.963142
172	0.000209887	0.350025	189.357	44.5848	-7.45686	-0.0322166	226.453	235.128	0.963105
173	0.000211105	0.350025	189.357	44.5856	-7.4656	-0.0322412	226.444	235.128	0.963068
174	0.000212323	0.350025	189.356	44.5863	-7.47437	-0.0322658	226.436	235.128	0.963031
175	0.000213542	0.350025	189.355	44.5871	-7.48309	-0.0322903	226.427	235.128	0.962993
176	0.00021476	0.350025	189.355	44.5878	-7.4917	-0.0323149	226.418	235.128	0.962957
177	0.000215979	0.350025	189.354	44.5885	-7.50014	-0.0323394	226.41	235.128	0.962921
178	0.000217197	0.350025	189.353	44.5892	-7.50839	-0.032364	226.402	235.128	0.962885
179	0.000218415	0.350026	189.353	44.5899	-7.51645	-0.0323885	226.394	235.128	0.962851
180	0.000219634	0.350026	189.352	44.5906	-7.52425	-0.0324131	226.386	235.128	0.962818
181	0.000220852	0.350026	189.351	44.5912	-7.53181	-0.0324377	226.378	235.129	0.962785
182	0.000222071	0.350026	189.351	44.5919	-7.53914	-0.0324623	226.371	235.129	0.962754
183	0.000223289	0.350026	189.35	44.5925	-7.54631	-0.032487	226.364	235.129	0.962723
184	0.000224508	0.350026	189.349	44.5931	-7.55336	-0.0325117	226.357	235.129	0.962693
185	0.000225726	0.350026	189.349	44.5938	-7.56033	-0.0325365	226.35	235.129	0.962663
186	0.000226944	0.350026	189.348	44.5944	-7.56729	-0.0325613	226.343	235.129	0.962634
187	0.000228163	0.350026	189.348	44.595	-7.57428	-0.0325862	226.336	235.129	0.962604
188	0.000229381	0.350026	189.347	44.5956	-7.58137	-0.0326111	226.329	235.129	0.962574
189	0.0002306	0.350026	189.347	44.5961	-7.58862	-0.0326361	226.322	235.129	0.962543
190	0.000231818	0.350026	189.346	44.5967	-7.59606	-0.0326612	226.314	235.129	0.962511
191	0.000233037	0.350026	189.346	44.5973	-7.60375	-0.0326862	226.306	235.129	0.962478
192	0.000234255	0.350026	189.345	44.5978	-7.61168	-0.0327114	226.299	235.129	0.962444
193	0.000235474	0.350026	189.345	44.5984	-7.61986	-0.0327365	226.29	235.129	0.962409
194	0.000236692	0.350026	189.344	44.5989	-7.62831	-0.0327617	226.282	235.129	0.962373
195	0.000237911	0.350027	189.344	44.5994	-7.63703	-0.0327869	226.273	235.129	0.962336
196	0.000239129	0.350027	189.343	44.5999	-7.64601	-0.0328122	226.264	235.129	0.962298
197	0.000240348	0.350027	189.343	44.6004	-7.65524	-0.0328375	226.255	235.129	0.962258
198	0.000241566	0.350027	189.342	44.6009	-7.66468	-0.0328628	226.246	235.129	0.962218
199	0.000242785	0.350027	189.342	44.6014	-7.67428	-0.0328881	226.236	235.129	0.962177
200	0.000244003	0.350027	189.341	44.6018	-7.68401	-0.0329134	226.226	235.129	0.962136
201	0.000245222	0.350027	189.341	44.6023	-7.6938	-0.0329387	226.216	235.129	0.962094
202	0.00024644	0.350027	189.34	44.6027	-7.70362	-0.032964	226.207	235.129	0.962052
203	0.000247659	0.350027	189.34	44.6032	-7.71341	-0.0329893	226.197	235.129	0.96201
204	0.000248877	0.350027	189.34	44.6036	-7.7231	-0.0330145	226.187	235.129	0.961969
205	0.000250096	0.350027	189.339	44.604	-7.73261	-0.0330397	226.178	235.129	0.961928
206	0.000251314	0.350027	189.339	44.6044	-7.7419	-0.033065	226.168	235.129	0.961889
207	0.000252533	0.350027	189.338	44.6048	-7.7509	-0.0330902	226.159	235.129	0.96185
208	0.000253752	0.350027	189.338	44.6052	-7.75957	-0.0331154	226.151	235.129	0.961813
209	0.00025497	0.350027	189.338	44.6056	-7.76788	-0.0331406	226.142	235.13	0.961778
210	0.000256189	0.350027	189.337	44.606	-7.77583	-0.0331658	226.134	235.13	0.961744
211	0.000257407	0.350027	189.337	44.6064	-7.78341	-0.0331909	226.127	235.13	0.961711
212	0.000258626	0.350027	189.337	44.6067	-7.79064	-0.0332161	226.12	235.13	0.961681
213	0.000259844	0.350027	189.336	44.6071	-7.79756	-0.0332413	226.113	235.13	0.961651
214	0.000261063	0.350027	189.336	44.6074	-7.8042	-0.0332665	226.106	235.13	0.961623
215	0.000262281	0.350027	189.336	44.6077	-7.81055	-0.0332917	226.1	235.13	0.961596
216	0.0002635	0.350027	189.335	44.6081	-7.81665	-0.033317	226.094	235.13	0.961569
217	0.000264719	0.350027	189.335	44.6084	-7.82255	-0.0333423	226.088	235.13	0.961544
218	0.000265937	0.350028	189.335	44.6087	-7.82827	-0.0333676	226.082	235.13	0.96152
219	0.000267156	0.350028	189.335	44.609	-7.83384	-0.033393	226.076	235.13	0.961496
220	0.000268374	0.350028	189.334	44.6093	-7.83927	-0.0334183	226.071	235.13	0.961473
221	0.000269593	0.350028	189.334	44.6096	-7.84456	-0.0334437	226.066	235.13	0.96145
222	0.000270812	0.350028	189.334	44.6098	-7.84967	-0.0334691	226.06	235.13	0.961428
223	0.00027203	0.350028	189.333	44.6101	-7.85455	-0.0334944	226.056	235.13	0.961407
224	0.000273249	0.350028	189.333	44.6104	-7.85914	-0.0335197	226.051	235.13	0.961388
225	0.000274467	0.350028	189.333	44.6106	-7.86336	-0.0335449	226.047	235.13	0.96137
226	0.000275686	0.350028	189.333	44.6108	-7.86718	-0.0335702	226.043	235.13	0.961353
227	0.000276905	0.350028	189.333	44.6111	-7.87058	-0.0335953	226.039	235.13	0.961339
228	0.000278123	0.350028	189.332	44.6113	-7.8735	-0.0336205	226.037	235.13	0.961326
229	0.000279342	0.350028	189.332	44.6115	-7.87592	-0.0336455	226.034	235.13	0.961316
230	0.00028056	0.350028	189.332	44.6117	-7.87781	-0.0336705	226.032	235.13	0.961308
231	0.000281779	0.350028	189.332	44.6119	-7.87917	-0.0336955	226.031	235.13	0.961302
232	0.000282998	0.350028	189.332	44.6121	-7.88007	-0.0337204	226.03	235.13	0.961298
233	0.000284216	0.350028	189.331	44.6123	-7.88064	-0.0337452	226.029	235.13	0.961295
234	0.000285435	0.350028	189.331	44.6125	-7.88109	-0.03377	226.029	235.13	0.961293
235	0.000286653	0.350028	189.331	44.6126	-7.88158	-0.0337949	226.028	235.13	0.961291
236	0.000287872	0.350028	189.331	44.6128	-7.88246	-0.0338198	226.027	235.13	0.961287
237	0.000289091	0.350028	189.331	44.613	-7.88411	-0.0338449	226.026	235.13	0.96128
238	0.000290309	0.350028	189.331	44.6131	-7.88683	-0.0338701	226.023	235.13	0.961268
239	0.000291528	0.350028	189.331	44.6132	-7.89099	-0.0338955	226.019	235.13	0.961251
240	0.000292747	0.350028	189.33	44.6134	-7.89703	-0.0339213	226.013	235.13	0.961225
241	0.000293965	0.350028	189.33	44.6135	-7.90556	-0.0339473	226.004	235.13	0.961188
242	0.000295184	0.350028	189.33	44.6136	-7.91731	-0.0339736	225.993	235.13	0.961138
243	0.000296403	0.350028	189.33	44.6137	-7.93319	-0.0340003	225.977	235.13	0.961071
244	0.000297621	0.350028	189.33	44.6138	-7.95435	-0.0340272	225.955	235.13	0.960981
245	0.00029884	0.350028	189.33	44.6139	-7.98237	-0.0340545	225.927	235.13	0.960861
246	0.000300059	0.350028	189.33	44.614	-8.01998	-0.0340818	225.89	235.13	0.960701
247	0.000301277	0.350028	189.33	44.6141	-8.07491	-0.0341091	225.835	235.13	0.960467
248	0.000302496	0.350028	189.33	44.6141	-8.14248	-0.0341362	225.767	235.13	0.96018
249	0.000303715	0.350028	189.33	44.6142	-8.21633	-0.0341633	225.693	235.13	0.959866
250	0.000304933	0.350028	189.33	44.6143	-8.29828	-0.0341902	225.611	235.13	0.959517
251	0.000306152	0.350028	189.33	44.6143	-8.38996	-0.0342171	225.52	235.13	0.959127
252	0.000307371	0.350028	189.329	44.6144	-8.4927	-0.0342438	225.417	235.13	0.95869
253	0.000308589	0.350028	189.329	44.6144	-8.60761	-0.0342705	225.302	235.13	0.958201
254	0.000309808	0.350028	189.329	44.6145	-8.73562	-0.0342971	225.174	235.13	0.957657
255	0.000311027	0.350028	189.329	44.6145	-8.87751	-0.0343236	225.032	235.13	0.957053
256	0.000312245	0.350028	189.329	44.6146	-9.03389	-0.03435	224.876	235.13	0.956388
257	0.000313464	0.350028	189.329	44.6146	-9.20531	-0.0343764	224.704	235.13	0.955659
258	0.000314683	0.350028	189.329	44.6146	-9.39218	-0.0344029	224.517	235.13	0.954864
259	0.000315902	0.350028	189.329	44.6147	-9.59492	-0.0344295	224.315	235.13	0.954001
260	0.00031712	0.350028	189.329	44.6147	-9.81373	-0.0344561	224.096	235.13	0.953071
261	0.000318339	0.350028	189.329	44.6148	-10.0486	-0.0344828	223.861	235.13	0.952072
262	0.000319558	0.350028	189.329	44.6148	-10.2992	-0.0345095	223.61	235.13	0.951006
263	0.000320776	0.350028	189.329	44.6149	-10.565	-0.0345364	223.344	235.13	0.949875
264	0.000321995	0.350028	189.329	44.6149	-10.8455	-0.0345632	223.064	235.13	0.948682
265	0.000323214	0.350028	189.329	44.6149	-11.1398	-0.0345901	222.77	235.13	0.947431
266	0.000324432	0.350028	189.329	44.615	-11.4471	-0.034617	222.462	235.13	0.946124
267	0.000325651	0.350028	189.329	44.615	-11.7663	-0.0346439	222.143	235.13	0.944766
268	0.00032687	0.350028	189.329	44.6151	-12.0968	-0.0346708	221.812	235.13	0.94336
269	0.000328089	0.350028	189.329	44.6151	-12.4379	-0.0346977	221.471	235.13	0.941909
270	0.000329307	0.350028	189.329	44.6151	-12.7901	-0.0347245	221.119	235.13	0.940411
271	0.000330526	0.350028	189.329	44.6152	-13.1524	-0.0347512	220.757	235.13	0.93887
272	0.000331745	0.350028	189.329	44.6152	-13.5234	-0.0347777	220.386	235.13	0.937293
273	0.000332962	0.350028	189.329	44.6153	-13.9016	-0.034804	220.008	235.13	0.935684
274	0.000334175	0.350028	189.329	44.6153	-14.2844	-0.03483	219.625	235.13	0.934055
275	0.000335384	0.350028	189.329	44.6153	-14.6706	-0.0348558	219.238	235.13	0.932413
276	0.000336589	0.350028	189.329	44.6154	-15.0585	-0.0348813	218.851	235.13	0.930763
277	0.000337791	0.350028	189.328	44.6154	-15.4469	-0.0349065	218.462	235.13	0.929111
278	0.00033899	0.350028	189.328	44.6154	-15.8347	-0.0349316	218.074	235.13	0.927462
279	0.000340186	0.350028	189.328	44.6155	-16.221	-0.0349565	217.688	235.13	0.925819
280	0.000341381	0.350028	189.328	44.6155	-16.6052	-0.0349812	217.304	235.13	0.924185
281	0.000342573	0.350028	189.328	44.6156	-16.9873	-0.0350058	216.922	235.13	0.92256
282	0.000343764	0.350028	189.328	44.6156	-17.367	-0.0350303	216.542	235.13	0.920945
283	0.000344954	0.350028	189.328	44.6156	-17.7444	-0.0350549	216.164	235.13	0.919339
284	0.000346144	0.350028	189.328	44.6157	-18.1194	-0.0350796	215.789	235.13	0.917744
285	0.000347332	0.350028	189.328	44.6157	-18.4922	-0.0351045	215.417	235.13	0.916159
286	0.000348521	0.350028	189.328	44.6158	-18.863	-0.0351296	215.046	235.13	0.914581
287	0.000349709	0.350028	189.328	44.6158	-19.2322	-0.0351548	214.677	235.13	0.913011
288	0.000350896	0.350028	189.328	44.6158	-19.6003	-0.0351802	214.308	235.13	0.911446
289	0.000352084	0.350028	189.328	44.6159	-19.9673	-0.0352056	213.941	235.13	0.909885
290	0.00035327	0.350028	189.328	44.6159	-20.3333	-0.035231	213.575	235.13	0.908328
291	0.000354457	0.350028	189.328	44.616	-20.6983	-0.0352565	213.21	235.13	0.906776
292	0.000355642	0.350028	189.328	44.616	-21.0627	-0.0352819	212.846	235.13	0.905226
293	0.000356828	0.350028	189.328	44.616	-21.4263	-0.0353073	212.482	235.13	0.903679
294	0.000358012	0.350028	189.328	44.6161	-21.7893	-0.0353326	212.119	235.13	0.902135
295	0.000359196	0.350028	189.328	44.6161	-22.1514	-0.0353578	211.757	235.13	0.900595
296	0.00036038	0.350028	189.328	44.6161	-22.5124	-0.0353829	211.396	235.13	0.89906
297	0.000361562	0.350028	189.328	44.6162	-22.8724	-0.0354078	211.036	235.13	0.897529
298	0.000362744	0.350028	189.328	44.6162	-23.2313	-0.0354325	210.677	235.13	0.896002
299	0.000363926	0.350028	189.328	44.6163	-23.5885	-0.0354571	210.32	235.13	0.894483
300	0.000365104	0.350028	189.328	44.6163	-23.9433	-0.0354814	209.965	235.13	0.892974
301	0.000366282	0.350028	189.328	44.6163	-24.2954	-0.0355054	209.613	235.13	0.891476
302	0.000367457	0.350028	189.328	44.6164	-24.6436	-0.0355291	209.265	235.13	0.889995
303	0.000368629	0.350028	189.328	44.6164	-24.9857	-0.035552	208.923	235.13	0.88854
304	0.000369798	0.350028	189.328	44.6164	-25.3204	-0.0355742	208.588	235.13	0.887117
305	0.000370964	0.350028	189.327	44.6165	-25.6458	-0.0355955	208.263	235.13	0.885733
306	0.000372128	0.350028	189.327	44.6165	-25.9596	-0.0356157	207.949	235.13	0.884398
307	0.000373291	0.350028	189.327	44.6166	-26.2593	-0.0356347	207.649	235.13	0.883123
308	0.000374451	0.350028	189.327	44.6166	-26.5424	-0.0356521	207.366	235.13	0.881919
309	0.000375608	0.350028	189.327	44.6166	-26.8063	-0.0356677	207.102	235.13	0.880797
310	0.000376762	0.350028	189.327	44.6167	-27.0497	-0.0356813	206.859	235.13	0.879761
311	0.000377914	0.350028	189.327	44.6167	-27.2719	-0.0356928	206.636	235.13	0.878816
312	0.000379065	0.350028	189.327	44.6167	-27.4729	-0.0357024	206.435	235.13	0.877962
313	0.000380212	0.350028	189.327	44.6168	-27.6526	-0.03571	206.256	235.13	0.877197
314	0.000381356	0.350028	189.327	44.6168	-27.8119	-0.0357158	206.096	235.13	0.87652
315	0.000382497	0.350028	189.327	44.6169	-27.9521	-0.0357199	205.956	235.13	0.875924
316	0.000383635	0.350028	189.327	44.6169	-28.0747	-0.0357226	205.834	235.13	0.875402
317	0.000384773	0.350028	189.327	44.6169	-28.1814	-0.035724	205.727	235.13	0.874948
318	0.000385909	0.350028	189.327	44.617	-28.2737	-0.0357243	205.635	235.13	0.874556
319	0.000387045	0.350028	189.327	44.617	-28.3535	-0.0357236	205.555	235.13	0.874216
320	0.000388179	0.350028	189.327	44.617	-28.4223	-0.0357222	205.486	235.13	0.873924
321	0.000389312	0.350028	189.327	44.6171	-28.481	-0.0357201	205.427	235.13	0.873674
322	0.000390442	0.350028	189.327	44.6171	-28.5312	-0.0357175	205.377	235.13	0.873461
323	0.000391571	0.350028	189.327	44.6171	-28.5743	-0.0357144	205.334	235.13	0.873277
324	0.000392699	0.350028	189.327	44.6172	-28.6113	-0.0357108	205.297	235.13	0.87312
325	0.000393826	0.350028	189.327	44.6172	-28.6439	-0.0357069	205.264	235.13	0.872981
326	0.000394953	0.350028	189.327	44.6173	-28.6704	-0.0357028	205.238	235.13	0.872869
327	0.000396079	0.350028	189.327	44.6173	-28.6925	-0.0356983	205.216	235.13	0.872775
328	0.000397205	0.350028	189.327	44.6173	-28.7127	-0.0356936	205.196	235.13	0.872689
329	0.000398331	0.350028	189.327	44.6174	-28.7299	-0.0356886	205.178	235.13	0.872616
330	0.000399458	0.350028	189.327	44.6174	-28.7445	-0.0356835	205.164	235.13	0.872554
331	0.000400585	0.350028	189.327	44.6174	-28.7566	-0.0356782	205.152	235.13	0.872502
332	0.000401712	0.350028	189.327	44.6175	-28.7666	-0.0356728	205.142	235.13	0.87246
333	0.000402839	0.350028	189.327	44.6175	-28.7747	-0.0356674	205.134	235.13	0.872425
334	0.000403967	0.350028	189.326	44.6175	-28.781	-0.035662	205.127	235.13	0.872398
335	0.000405095	0.350028	189.326	44.6176	-28.783	-0.0356567	205.125	235.13	0.87239
336	0.000406224	0.350028	189.326	44.6176	-28.7837	-0.0356514	205.125	235.13	0.872387
337	0.000407353	0.350028	189.326	44.6177	-28.7832	-0.0356461	205.125	235.13	0.872389
338	0.000408482	0.350028	189.326	44.6177	-28.7819	-0.0356407	205.127	235.13	0.872395
339	0.000409612	0.350028	189.326	44.6177	-28.7794	-0.0356354	205.129	235.13	0.872405
340	0.000410742	0.350028	189.326	44.6178	-28.7757	-0.0356301	205.133	235.13	0.872421
341	0.000411874	0.350028	189.326	44.6178	-28.7707	-0.0356248	205.138	235.13	0.872443
342	0.000413006	0.350028	189.326	44.6178	-28.7646	-0.0356195	205.144	235.13	0.872468
343	0.000414138	0.350028	189.326	44.6179	-28.7576	-0.0356143	205.151	235.13	0.872498
344	0.000415272	0.350028	189.326	44.6179	-28.7496	-0.0356091	205.159	235.13	0.872532
345	0.000416406	0.350028	189.326	44.6179	-28.7409	-0.035604	205.168	235.13	0.872569
346	0.000417541	0.350028	189.326	44.618	-28.7315	-0.035599	205.177	235.13	0.872609
347	0.000418676	0.350028	189.326	44.618	-28.7216	-0.035594	205.187	235.13	0.872651
348	0.000419812	0.350028	189.326	44.618	-28.7113	-0.0355891	205.197	235.13	0.872695
349	0.000420949	0.350028	189.326	44.6181	-28.7005	-0.0355843	205.208	235.13	0.872741
350	0.000422086	0.350028	189.326	44.6181	-28.6894	-0.0355795	205.219	235.13	0.872788
351	0.000423224	0.350028	189.326	44.6182	-28.6782	-0.0355747	205.23	235.13	0.872836
352	0.000424362	0.350028	189.326	44.6182	-28.6668	-0.0355701	205.242	235.13	0.872885
353	0.000425501	0.350028	189.326	44.6182	-28.6553	-0.0355655	205.253	235.13	0.872933
354	0.00042664	0.350029	189.326	44.6183	-28.6439	-0.035561	205.265	235.13	0.872982
355	0.00042778	0.350029	189.326	44.6183	-28.6326	-0.0355566	205.276	235.13	0.87303
356	0.000428921	0.350029	189.326	44.6183	-28.6215	-0.0355522	205.287	235.13	0.873077
357	0.000430061	0.350029	189.326	44.6184	-28.6106	-0.0355479	205.298	235.13	0.873124
358	0.000431203	0.350029	189.326	44.6184	-28.6001	-0.0355436	205.308	235.13	0.873168
359	0.000432345	0.350029	189.326	44.6184	-28.5902	-0.0355394	205.318	235.13	0.87321
360	0.000433487	0.350029	189.326	44.6185	-28.5811	-0.0355351	205.327	235.13	0.873249
361	0.00043463	0.350029	189.326	44.6185	-28.5735	-0.0355309	205.335	235.13	0.873281
362	0.000435773	0.350029	189.326	44.6185	-28.5685	-0.0355267	205.34	235.13	0.873303
363	0.000436916	0.350029	189.325	44.6186	-28.5658	-0.0355225	205.343	235.13	0.873314
364	0.00043806	0.350029	189.325	44.6186	-28.5655	-0.0355183	205.343	235.13	0.873316
365	0.000439204	0.350029	189.325	44.6187	-28.5671	-0.0355141	205.341	235.13	0.873309
366	0.000440349	0.350029	189.325	44.6187	-28.5704	-0.0355099	205.338	235.13	0.873295
367	0.000441494	0.350029	189.325	44.6187	-28.5749	-0.0355058	205.334	235.13	0.873276
368	0.000442639	0.350029	189.325	44.6188	-28.5805	-0.0355016	205.328	235.13	0.873252
369	0.000443785	0.350029	189.325	44.6188	-28.5868	-0.0354976	205.322	235.13	0.873225
370	0.000444931	0.350029	189.325	44.6188	-28.5936	-0.0354936	205.315	235.13	0.873196
371	0.000446077	0.350029	189.325	44.6189	-28.6007	-0.0354897	205.308	235.13	0.873166
372	0.000447224	0.350029	189.325	44.6189	-28.6079	-0.0354859	205.301	235.13	0.873135
373	0.000448371	0.350029	189.325	44.6189	-28.6149	-0.0354823	205.294	235.13	0.873106
374	0.000449519	0.350029	189.325	44.619	-28.6217	-0.0354785	205.287	235.13	0.873077
375	0.000450667	0.350029	189.325	44.619	-28.6283	-0.0354746	205.28	235.13	0.873049
376	0.000451816	0.350029	189.325	44.6191	-28.6345	-0.0354706	205.274	235.13	0.873022
377	0.000452965	0.350029	189.325	44.6191	-28.6404	-0.0354665	205.268	235.13	0.872997
378	0.000454115	0.350029	189.325	44.6191	-28.6461	-0.0354622	205.263	235.13	0.872973
379	0.000455266	0.350029	189.325	44.6192	-28.6514	-0.0354578	205.257	235.13	0.87295
380	0.000456418	0.350029	189.325	44.6192	-28.6566	-0.0354534	205.252	235.13	0.872929
381	0.00045757	0.350029	189.325	44.6192	-28.6618	-0.035449	205.247	235.13	0.872907
382	0.000458723	0.350029	189.325	44.6193	-28.6674	-0.0354445	205.241	235.13	0.872883
383	0.000459877	0.350029	189.325	44.6193	-28.6735	-0.0354399	205.235	235.13	0.872857
384	0.000461032	0.350029	189.325	44.6193	-28.6799	-0.0354353	205.229	235.13	0.87283
385	0.000462187	0.350029	189.325	44.6194	-28.6866	-0.0354306	205.222	235.13	0.872801
386	0.000463344	0.350029	189.325	44.6194	-28.6934	-0.0354258	205.215	235.13	0.872772
387	0.000464501	0.350029	189.325	44.6194	-28.7004	-0.035421	205.208	235.13	0.872742
388	0.000465659	0.350029	189.325	44.6195	-28.7074	-0.035416	205.201	235.13	0.872713
389	0.000466817	0.350029	189.325	44.6195	-28.7142	-0.035411	205.194	235.13	0.872683
390	0.000467977	0.350029	189.325	44.6196	-28.7207	-0.0354058	205.188	235.13	0.872656
391	0.000469137	0.350029	189.325	44.6196	-28.7265	-0.0354006	205.182	235.13	0.872631
392	0.000470298	0.350029	189.325	44.6196	-28.7315	-0.0353952	205.177	235.13	0.87261
393	0.000471459	0.350029	189.324	44.6197	-28.7352	-0.0353896	205.174	235.13	0.872595
394	0.000472622	0.350029	189.324	44.6197	-28.7352	-0.0353839	205.174	235.13	0.872595
395	0.000473785	0.350029	189.324	44.6197	-28.7301	-0.0353781	205.179	235.13	0.872616
396	0.000474948	0.350029	189.324	44.6198	-28.7196	-0.0353722	205.189	235.131	0.872661
397	0.000476113	0.350029	189.324	44.6198	-28.7038	-0.0353661	205.205	235.131	0.872728
398	0.000477278	0.350029	189.324	44.6198	-28.6837	-0.0353599	205.225	235.131	0.872813
399	0.000478443	0.350029	189.324	44.6199	-28.6609	-0.0353536	205.248	235.131	0.87291
400	0.000479609	0.350029	189.324	44.6199	-28.6361	-0.0353471	205.273	235.131	0.873016
401	0.000480775	0.350029	189.324	44.6199	-28.6096	-0.0353405	205.299	235.131	0.873129
402	0.000481942	0.350029	189.324	44.62	-28.5818	-0.0353336	205.327	235.131	0.873247
403	0.000483107	0.350029	189.324	44.62	-28.5528	-0.0353265	205.356	235.131	0.87337
404	0.000484269	0.350029	189.324	44.6201	-28.5228	-0.035319	205.386	235.131	0.873498
405	0.000485428	0.350029	189.324	44.6201	-28.4917	-0.0353113	205.417	235.131	0.87363
406	0.000486583	0.350029	189.324	44.6201	-28.4596	-0.0353033	205.449	235.131	0.873767
407	0.000487735	0.350029	189.324	44.6202	-28.4268	-0.0352949	205.482	235.131	0.873907
408	0.000488883	0.350029	189.324	44.6202	-28.393	-0.0352861	205.516	235.131	0.87405
409	0.000490027	0.350029	189.324	44.6202	-28.358	-0.0352769	205.551	235.131	0.874199
410	0.000491168	0.350029	189.324	44.6203	-28.3215	-0.0352674	205.587	235.131	0.874354
411	0.000492304	0.350029	189.324	44.6203	-28.2822	-0.0352576	205.627	235.131	0.874521
412	0.000493436	0.350029	189.324	44.6203	-28.2419	-0.0352474	205.667	235.131	0.874693
413	0.000494564	0.350029	189.324	44.6204	-28.1995	-0.0352368	205.709	235.131	0.874873
414	0.000495689	0.350029	189.324	44.6204	-28.1433	-0.035226	205.766	235.131	0.875112
415	0.000496811	0.350029	189.324	44.6204	-28.0777	-0.035215	205.831	235.131	0.875391
416	0.000497932	0.350029	189.324	44.6205	-28.0095	-0.0352037	205.9	235.131	0.875682
417	0.000499049	0.350029	189.324	44.6205	-27.9405	-0.0351923	205.969	235.131	0.875975
418	0.000500161	0.350029	189.324	44.6205	-27.8722	-0.0351808	206.037	235.131	0.876266
419	0.00050127	0.350029	189.324	44.6206	-27.8056	-0.0351692	206.103	235.131	0.876549
420	0.000502376	0.350029	189.324	44.6206	-27.741	-0.0351574	206.168	235.131	0.876824
421	0.000503479	0.350029	189.324	44.6206	-27.6783	-0.0351456	206.231	235.131	0.87709
422	0.000504578	0.350029	189.324	44.6207	-27.6176	-0.0351338	206.292	235.131	0.877349
423	0.000505675	0.350029	189.323	44.6207	-27.5587	-0.035122	206.35	235.131	0.877599
424	0.000506767	0.350029	189.323	44.6207	-27.5014	-0.0351101	206.408	235.131	0.877843
425	0.000507855	0.350029	189.323	44.6208	-27.4457	-0.0350982	206.463	235.131	0.87808
426	0.000508938	0.350029	189.323	44.6208	-27.3913	-0.0350861	206.518	235.131	0.878311
427	0.000510018	0.350029	189.323	44.6208	-27.3377	-0.0350737	206.571	235.131	0.878539
428	0.000511093	0.350029	189.323	44.6209	-27.2851	-0.035061	206.624	235.131	0.878763
429	0.000512165	0.350029	189.323	44.6209	-27.2335	-0.0350481	206.676	235.131	0.878982
430	0.000513232	0.350029	189.323	44.6209	-27.1829	-0.0350349	206.726	235.131	0.879198
431	0.000514295	0.350029	189.323	44.621	-27.1342	-0.0350214	206.775	235.131	0.879405
432	0.000515353	0.350029	189.323	44.621	-27.0933	-0.0350074	206.816	235.131	0.879579
433	0.000516407	0.350029	189.323	44.621	-27.0421	-0.0349932	206.867	235.131	0.879797
434	0.000517458	0.350029	189.323	44.6211	-26.982	-0.0349787	206.927	235.131	0.880052
435	0.000518507	0.350029	189.323	44.6211	-26.9147	-0.0349641	206.995	235.131	0.880339
436	0.000519554	0.350029	189.323	44.6211	-26.8417	-0.0349494	207.068	235.131	0.880649
437	0.000520601	0.350029	189.323	44.6212	-26.7545	-0.0349348	207.155	235.131	0.88102
438	0.000521647	0.350029	189.323	44.6212	-26.654	-0.0349202	207.255	235.131	0.881448
439	0.000522694	0.350029	189.323	44.6212	-26.55	-0.0349054	207.359	235.131	0.88189
440	0.000523741	0.350029	189.323	44.6213	-26.4464	-0.0348905	207.463	235.131	0.882331
441	0.000524787	0.350029	189.323	44.6213	-26.3458	-0.0348757	207.564	235.131	0.882759
442	0.000525831	0.350029	189.323	44.6213	-26.2497	-0.034861	207.66	235.131	0.883167
443	0.000526874	0.350029	189.323	44.6214	-26.159	-0.0348464	207.75	235.131	0.883553
444	0.000527916	0.350029	189.323	44.6214	-26.0737	-0.034832	207.836	235.131	0.883916
445	0.000528955	0.350029	189.323	44.6214	-25.9929	-0.034818	207.917	235.131	0.88426
446	0.000529992	0.350029	189.323	44.6214	-25.9142	-0.0348042	207.995	235.131	0.884594
447	0.000531027	0.350029	189.323	44.6215	-25.8344	-0.034791	208.075	235.131	0.884934
448	0.00053206	0.350029	189.323	44.6215	-25.7503	-0.0347782	208.159	235.131	0.885291
449	0.000533091	0.350029	189.323	44.6215	-25.6689	-0.0347657	208.241	235.131	0.885638
450	0.00053412	0.350029	189.323	44.6216	-25.591	-0.0347536	208.319	235.131	0.885969
451	0.000535147	0.350029	189.323	44.6216	-25.517	-0.034742	208.392	235.131	0.886284
452	0.000536172	0.350029	189.323	44.6216	-25.4479	-0.0347307	208.462	235.131	0.886578
453	0.000537195	0.350029	189.323	44.6217	-25.3837	-0.0347196	208.526	235.131	0.886851
454	0.000538217	0.350029	189.323	44.6217	-25.331	-0.0347084	208.579	235.131	0.887075
455	0.000539237	0.350029	189.323	44.6217	-25.283	-0.0346972	208.627	235.131	0.887279
456	0.000540256	0.350029	189.323	44.6218	-25.2256	-0.0346862	208.684	235.131	0.887524
457	0.000541275	0.350029	189.322	44.6218	-25.1713	-0.0346752	208.738	235.131	0.887754
458	0.000542292	0.350029	189.322	44.6218	-25.1076	-0.0346642	208.802	235.131	0.888025
459	0.000543308	0.350029	189.322	44.6218	-25.0478	-0.0346533	208.862	235.131	0.88828
460	0.000544324	0.350029	189.322	44.6219	-24.9785	-0.0346425	208.931	235.131	0.888575
461	0.00054534	0.350029	189.322	44.6219	-24.9153	-0.0346316	208.994	235.131	0.888844
462	0.000546355	0.350029	189.322	44.6219	-24.8513	-0.0346209	209.058	235.131	0.889116
463	0.00054737	0.350029	189.322	44.622	-24.7857	-0.0346105	209.124	235.131	0.889395
464	0.000548384	0.350029	189.322	44.622	-24.7193	-0.0346002	209.19	235.131	0.889677
465	0.000549398	0.350029	189.322	44.622	-24.6549	-0.0345902	209.255	235.131	0.889951
466	0.00055041	0.350029	189.322	44.6221	-24.5916	-0.0345804	209.318	235.131	0.89022
467	0.000551423	0.350029	189.322	44.6221	-24.5302	-0.0345707	209.379	235.131	0.890481
468	0.000552434	0.350029	189.322	44.6221	-24.4715	-0.0345613	209.438	235.131	0.890731
469	0.000553445	0.350029	189.322	44.6222	-24.4153	-0.034552	209.494	235.131	0.89097
470	0.000554455	0.350029	189.322	44.6222	-24.3618	-0.0345429	209.548	235.131	0.891198
471	0.000555465	0.350029	189.322	44.6222	-24.308	-0.0345341	209.602	235.131	0.891427
472	0.000556474	0.350029	189.322	44.6222	-24.2588	-0.0345254	209.651	235.131	0.891636
473	0.000557482	0.350029	189.322	44.6223	-24.2099	-0.034517	209.7	235.131	0.891844
474	0.00055849	0.350029	189.322	44.6223	-24.1634	-0.0345089	209.746	235.131	0.892042
475	0.000559497	0.350029	189.322	44.6223	-24.1194	-0.0345009	209.79	235.131	0.892229
476	0.000560503	0.350029	189.322	44.6224	-24.0776	-0.0344931	209.832	235.131	0.892407
477	0.000561509	0.350029	189.322	44.6224	-24.0378	-0.0344856	209.872	235.131	0.892576
478	0.000562514	0.350029	189.322	44.6224	-23.9994	-0.0344782	209.91	235.131	0.892739
479	0.000563519	0.350029	189.322	44.6225	-23.9605	-0.0344711	209.949	235.131	0.892905
480	0.000564524	0.350029	189.322	44.6225	-23.9248	-0.034464	209.985	235.131	0.893057
481	0.000565527	0.350029	189.322	44.6225	-23.8911	-0.0344572	210.019	235.131	0.8932
482	0.000566531	0.350029	189.322	44.6225	-23.8592	-0.0344505	210.051	235.131	0.893336
483	0.000567533	0.350029	189.322	44.6226	-23.8292	-0.034444	210.081	235.131	0.893463
484	0.000568535	0.350029	189.322	44.6226	-23.8006	-0.0344377	210.109	235.131	0.893585
485	0.000569536	0.350029	189.322	44.6226	-23.7732	-0.0344316	210.137	235.131	0.893701
486	0.000570536	0.350029	189.322	44.6227	-23.7467	-0.0344257	210.163	235.131	0.893814
487	0.000571535	0.350029	189.322	44.6227	-23.7207	-0.03442	210.189	235.131	0.893925
488	0.000572533	0.350029	189.322	44.6227	-23.6956	-0.0344145	210.214	235.131	0.894032
489	0.000573531	0.350029	189.322	44.6228	-23.6708	-0.0344091	210.239	235.131	0.894137
490	0.000574528	0.350029	189.322	44.6228	-23.6488	-0.0344039	210.261	235.131	0.894231
491	0.000575524	0.350029	189.322	44.6228	-23.6246	-0.034399	210.285	235.131	0.894334
492	0.000576519	0.350029	189.321	44.6228	-23.6059	-0.034394	210.304	235.131	0.894413
493	0.000577514	0.350029	189.321	44.6229	-23.5849	-0.0343893	210.325	235.131	0.894503
494	0.000578508	0.350029	189.321	44.6229	-23.5653	-0.0343847	210.345	235.131	0.894586
495	0.000579501	0.350029	189.321	44.6229	-23.5473	-0.0343803	210.363	235.131	0.894663
496	0.000580494	0.350029	189.321	44.623	-23.5305	-0.0343759	210.379	235.131	0.894734
497	0.000581487	0.350029	189.321	44.623	-23.5147	-0.0343717	210.395	235.131	0.894801
498	0.000582478	0.350029	189.321	44.623	-23.4996	-0.0343676	210.41	235.131	0.894865
499	0.000583469	0.350029	189.321	44.623	-23.4849	-0.0343637	210.425	235.131	0.894928
500	0.00058446	0.350029	189.321	44.6231	-23.4701	-0.0343598	210.44	235.131	0.894991
501	0.00058545	0.350029	189.321	44.6231	-23.4551	-0.0343562	210.455	235.131	0.895055
502	0.000586439	0.350029	189.321	44.6231	-23.4404	-0.0343526	210.47	235.131	0.895117
503	0.000587428	0.350029	189.321	44.6232	-23.4255	-0.0343492	210.484	235.131	0.895181
504	0.000588417	0.350029	189.321	44.6232	-23.4094	-0.0343459	210.501	235.131	0.895249
505	0.000589405	0.350029	189.321	44.6232	-23.3935	-0.0343427	210.516	235.131	0.895317
506	0.000590392	0.350029	189.321	44.6232	-23.378	-0.0343395	210.532	235.131	0.895383
507	0.000591378	0.350029	189.321	44.6233	-23.354	-0.0343366	210.556	235.131	0.895485
508	0.000592364	0.350029	189.321	44.6233	-23.3364	-0.0343336	210.574	235.131	0.89556
509	0.000593349	0.350029	189.321	44.6233	-23.3144	-0.0343307	210.596	235.131	0.895653
510	0.000594334	0.350029	189.321	44.6234	-23.294	-0.0343278	210.616	235.131	0.89574
511	0.000595318	0.350029	189.321	44.6234	-23.2747	-0.0343248	210.635	235.131	0.895822
512	0.000596301	0.350029	189.321	44.6234	-23.2563	-0.0343219	210.654	235.131	0.8959
513	0.000597284	0.350029	189.321	44.6235	-23.2386	-0.0343191	210.671	235.131	0.895976
514	0.000598267	0.350029	189.321	44.6235	-23.2213	-0.0343162	210.689	235.131	0.896049
515	0.000599249	0.350029	189.321	44.6235	-23.2044	-0.0343135	210.706	235.131	0.896121
516	0.00060023	0.350029	189.321	44.6235	-23.188	-0.0343107	210.722	235.131	0.896191
517	0.000601211	0.350029	189.321	44.6236	-23.1722	-0.034308	210.738	235.131	0.896258
518	0.000602191	0.350029	189.321	44.6236	-23.1572	-0.0343054	210.753	235.131	0.896322
519	0.00060317	0.350029	189.321	44.6236	-23.1431	-0.0343028	210.767	235.131	0.896382
520	0.000604149	0.350029	189.321	44.6237	-23.1304	-0.0343003	210.78	235.131	0.896436
521	0.000605128	0.350029	189.321	44.6237	-23.1211	-0.0342977	210.789	235.131	0.896475
522	0.000606105	0.350029	189.321	44.6237	-23.122	-0.034295	210.788	235.131	0.896472
523	0.000607082	0.350029	189.321	44.6237	-23.1183	-0.0342923	210.792	235.131	0.896488
524	0.000608058	0.350029	189.321	44.6238	-23.111	-0.0342896	210.799	235.131	0.896519
525	0.000609034	0.350029	189.321	44.6238	-23.1007	-0.0342869	210.809	235.131	0.896562
526	0.000610009	0.350029	189.321	44.6238	-23.0882	-0.0342843	210.822	235.131	0.896615
527	0.000610984	0.350029	189.321	44.6239	-23.0745	-0.0342818	210.836	235.131	0.896674
528	0.000611958	0.350029	189.32	44.6239	-23.0598	-0.0342794	210.85	235.131	0.896736
529	0.000612931	0.350029	189.32	44.6239	-23.0442	-0.0342771	210.866	235.131	0.896803
530	0.000613905	0.350029	189.32	44.6239	-23.0277	-0.0342749	210.882	235.131	0.896873
531	0.000614878	0.350029	189.32	44.624	-23.0106	-0.0342729	210.9	235.131	0.896946
532	0.000615851	0.350029	189.32	44.624	-22.9929	-0.034271	210.917	235.131	0.897021
533	0.000616823	0.350029	189.32	44.624	-22.9746	-0.0342693	210.935	235.131	0.897099
534	0.000617796	0.350029	189.32	44.6241	-22.9559	-0.0342677	210.954	235.131	0.897178
535	0.000618767	0.350029	189.32	44.6241	-22.9367	-0.0342663	210.973	235.131	0.89726
536	0.000619739	0.350029	189.32	44.6241	-22.9169	-0.034265	210.993	235.131	0.897344
537	0.00062071	0.350029	189.32	44.6241	-22.8966	-0.0342639	211.014	235.131	0.89743
538	0.00062168	0.350029	189.32	44.6242	-22.8758	-0.0342628	211.034	235.131	0.897519
539	0.00062265	0.350029	189.32	44.6242	-22.8544	-0.0342619	211.056	235.131	0.89761
540	0.00062362	0.350029	189.32	44.6242	-22.8327	-0.0342611	211.077	235.131	0.897702
541	0.000624589	0.350029	189.32	44.6243	-22.8107	-0.0342605	211.099	235.131	0.897796
542	0.000625558	0.350029	189.32	44.6243	-22.7886	-0.0342599	211.122	235.131	0.89789
543	0.000626526	0.350029	189.32	44.6243	-22.7665	-0.0342594	211.144	235.131	0.897984
544	0.000627493	0.350029	189.32	44.6243	-22.7435	-0.0342591	211.167	235.131	0.898082
545	0.00062846	0.350029	189.32	44.6244	-22.7167	-0.034259	211.193	235.131	0.898195
546	0.000629426	0.350029	189.32	44.6244	-22.6877	-0.0342591	211.222	235.131	0.898319
547	0.000630392	0.350029	189.32	44.6244	-22.659	-0.0342592	211.251	235.131	0.898441
548	0.000631357	0.350029	189.32	44.6244	-22.6316	-0.0342593	211.279	235.131	0.898558
549	0.000632322	0.350029	189.32	44.6245	-22.6055	-0.0342595	211.305	235.131	0.898668
550	0.000633287	0.350029	189.32	44.6245	-22.5809	-0.0342598	211.329	235.131	0.898773
551	0.00063425	0.350029	189.32	44.6245	-22.5579	-0.0342602	211.352	235.131	0.898871
552	0.000635214	0.350029	189.32	44.6246	-22.5365	-0.0342606	211.374	235.131	0.898962
553	0.000636177	0.350029	189.32	44.6246	-22.5169	-0.0342611	211.393	235.131	0.899045
554	0.000637139	0.350029	189.32	44.6246	-22.4991	-0.0342617	211.411	235.131	0.899121
555	0.000638101	0.350029	189.32	44.6246	-22.4831	-0.0342623	211.427	235.131	0.899189
556	0.000639062	0.350029	189.32	44.6247	-22.4688	-0.034263	211.441	235.131	0.89925
557	0.000640023	0.350029	189.32	44.6247	-22.4565	-0.0342637	211.454	235.131	0.899302
558	0.000640983	0.350029	189.32	44.6247	-22.4461	-0.0342644	211.464	235.131	0.899346
559	0.000641943	0.350029	189.32	44.6248	-22.4383	-0.0342651	211.472	235.131	0.899379
560	0.000642903	0.350029	189.32	44.6248	-22.4347	-0.0342657	211.475	235.131	0.899395
561	0.000643861	0.350029	189.32	44.6248	-22.4412	-0.0342661	211.469	235.131	0.899367
562	0.00064482	0.350029	189.32	44.6248	-22.4438	-0.0342663	211.466	235.131	0.899356
563	0.000645777	0.350029	189.32	44.6249	-22.4431	-0.0342664	211.467	235.131	0.899359
564	0.000646734	0.350029	189.32	44.6249	-22.4393	-0.0342665	211.471	235.131	0.899375
565	0.000647691	0.350029	189.32	44.6249	-22.4327	-0.0342665	211.477	235.131	0.899403
566	0.000648647	0.350029	189.319	44.625	-22.4234	-0.0342665	211.487	235.131	0.899443
567	0.000649603	0.350029	189.319	44.625	-22.4117	-0.0342666	211.499	235.131	0.899493
568	0.000650558	0.350029	189.319	44.625	-22.3974	-0.0342666	211.513	235.131	0.899553
569	0.000651512	0.350029	189.319	44.625	-22.3805	-0.0342666	211.53	235.131	0.899625
570	0.000652466	0.350029	189.319	44.6251	-22.361	-0.0342667	211.549	235.131	0.899708
571	0.00065342	0.350029	189.319	44.6251	-22.3394	-0.0342669	211.571	235.131	0.8998
572	0.000654373	0.350029	189.319	44.6251	-22.3089	-0.0342673	211.601	235.131	0.89993
573	0.000655326	0.350029	189.319	44.6251	-22.2747	-0.0342678	211.635	235.131	0.900075
574	0.000656278	0.350029	189.319	44.6252	-22.2395	-0.0342683	211.671	235.131	0.900225
575	0.000657229	0.350029	189.319	44.6252	-22.2037	-0.0342688	211.706	235.131	0.900377
576	0.00065818	0.350029	189.319	44.6252	-22.1679	-0.0342693	211.742	235.131	0.900529
577	0.000659131	0.350029	189.319	44.6253	-22.1323	-0.03427	211.778	235.131	0.900681
578	0.000660081	0.350029	189.319	44.6253	-22.0972	-0.0342708	211.813	235.131	0.90083
579	0.000661031	0.350029	189.319	44.6253	-22.0633	-0.0342716	211.847	235.131	0.900974
580	0.00066198	0.350029	189.319	44.6253	-22.0311	-0.0342726	211.879	235.131	0.901111
581	0.000662928	0.350029	189.319	44.6254	-22.0009	-0.0342737	211.909	235.131	0.90124
582	0.000663876	0.350029	189.319	44.6254	-21.9728	-0.0342749	211.937	235.131	0.901359
583	0.000664823	0.350029	189.319	44.6254	-21.947	-0.034276	211.963	235.131	0.901469
584	0.00066577	0.350029	189.319	44.6254	-21.9237	-0.0342772	211.987	235.131	0.901568
585	0.000666716	0.350029	189.319	44.6255	-21.9027	-0.0342784	212.007	235.131	0.901657
586	0.000667661	0.350029	189.319	44.6255	-21.884	-0.0342796	212.026	235.131	0.901737
587	0.000668605	0.350029	189.319	44.6255	-21.8672	-0.0342807	212.043	235.131	0.901808
588	0.000669549	0.350029	189.319	44.6256	-21.8523	-0.0342818	212.058	235.131	0.901872
589	0.000670493	0.350029	189.319	44.6256	-21.8391	-0.0342829	212.071	235.131	0.901928
590	0.000671436	0.350029	189.319	44.6256	-21.8271	-0.034284	212.083	235.131	0.901979
591	0.000672378	0.350029	189.319	44.6256	-21.8163	-0.034285	212.094	235.131	0.902025
592	0.000673319	0.350029	189.319	44.6257	-21.8061	-0.034286	212.104	235.131	0.902068
593	0.000674259	0.350029	189.319	44.6257	-21.7965	-0.0342869	212.114	235.131	0.902109
594	0.000675199	0.350029	189.319	44.6257	-21.7872	-0.0342878	212.123	235.131	0.902149
595	0.000676137	0.350029	189.319	44.6257	-21.7778	-0.0342886	212.132	235.131	0.902188
596	0.000677075	0.350029	189.319	44.6258	-21.7682	-0.0342894	212.142	235.131	0.902229
597	0.000678012	0.350029	189.319	44.6258	-21.7581	-0.0342902	212.152	235.131	0.902272
598	0.000678949	0.350029	189.319	44.6258	-21.7476	-0.0342909	212.163	235.131	0.902317
599	0.000679884	0.350029	189.319	44.6259	-21.7363	-0.0342916	212.174	235.131	0.902365
600	0.000680819	0.350029	189.319	44.6259	-21.7245	-0.0342923	212.186	235.131	0.902415
601	0.000681752	0.350029	189.319	44.6259	-21.7119	-0.034293	212.198	235.131	0.902469
602	0.000682685	0.350029	189.319	44.6259	-21.6987	-0.0342936	212.211	235.131	0.902525
603	0.000683617	0.350029	189.319	44.626	-21.6848	-0.0342942	212.225	235.131	0.902584
604	0.000684549	0.350029	189.319	44.626	-21.6701	-0.0342948	212.24	235.131	0.902646
605	0.000685479	0.350029	189.318	44.626	-21.6548	-0.0342954	212.255	235.131	0.902712
606	0.000686409	0.350029	189.318	44.626	-21.6387	-0.034296	212.271	235.131	0.90278
607	0.000687338	0.350029	189.318	44.6261	-21.6219	-0.0342965	212.288	235.131	0.902851
608	0.000688267	0.350029	189.318	44.6261	-21.6043	-0.0342969	212.306	235.131	0.902926
609	0.000689194	0.350029	189.318	44.6261	-21.586	-0.0342974	212.324	235.131	0.903004
610	0.000690121	0.350029	189.318	44.6261	-21.5669	-0.0342978	212.343	235.131	0.903085
611	0.000691047	0.350029	189.318	44.6262	-21.5472	-0.0342982	212.363	235.131	0.903169
612	0.000691973	0.350029	189.318	44.6262	-21.527	-0.0342985	212.383	235.131	0.903255
613	0.000692898	0.350029	189.318	44.6262	-21.5064	-0.0342989	212.404	235.131	0.903343
614	0.000693821	0.350029	189.318	44.6262	-21.4855	-0.0342992	212.425	235.131	0.903432
615	0.000694744	0.350029	189.318	44.6263	-21.4645	-0.0342996	212.446	235.131	0.903521
616	0.000695666	0.350029	189.318	44.6263	-21.4437	-0.0342999	212.467	235.131	0.903609
617	0.000696587	0.350029	189.318	44.6263	-21.4231	-0.0343002	212.487	235.131	0.903697
618	0.000697507	0.350029	189.318	44.6264	-21.4029	-0.0343005	212.507	235.131	0.903783
619	0.000698427	0.350029	189.318	44.6264	-21.3832	-0.0343009	212.527	235.131	0.903867
620	0.000699345	0.350029	189.318	44.6264	-21.3641	-0.0343012	212.546	235.131	0.903948
621	0.000700263	0.350029	189.318	44.6264	-21.3456	-0.0343015	212.565	235.131	0.904027
622	0.000701181	0.350029	189.318	44.6265	-21.3279	-0.0343019	212.582	235.131	0.904102
623	0.000702097	0.350029	189.318	44.6265	-21.3109	-0.0343023	212.599	235.131	0.904174
624	0.000703013	0.350029	189.318	44.6265	-21.2947	-0.0343027	212.615	235.131	0.904243
625	0.000703929	0.350029	189.318	44.6265	-21.2792	-0.0343031	212.631	235.131	0.904309
626	0.000704844	0.350029	189.318	44.6266	-21.2642	-0.0343034	212.646	235.131	0.904373
627	0.000705758	0.350029	189.318	44.6266	-21.2497	-0.0343038	212.661	235.131	0.904435
628	0.000706672	0.350029	189.318	44.6266	-21.2354	-0.0343042	212.675	235.131	0.904495
629	0.000707585	0.350029	189.318	44.6266	-21.2215	-0.0343046	212.689	235.131	0.904554
630	0.000708498	0.350029	189.318	44.6267	-21.2076	-0.0343051	212.703	235.131	0.904613
631	0.00070941	0.350029	189.318	44.6267	-21.1938	-0.0343055	212.716	235.131	0.904672
632	0.000710322	0.350029	189.318	44.6267	-21.1801	-0.0343059	212.73	235.131	0.90473
633	0.000711233	0.350029	189.318	44.6267	-21.1663	-0.0343063	212.744	235.131	0.904789
634	0.000712144	0.350029	189.318	44.6268	-21.1525	-0.0343067	212.758	235.131	0.904848
635	0.000713054	0.350029	189.318	44.6268	-21.1386	-0.0343071	212.772	235.131	0.904907
636	0.000713964	0.350029	189.318	44.6268	-21.1247	-0.0343075	212.786	235.131	0.904966
637	0.000714874	0.350029	189.318	44.6268	-21.1108	-0.0343079	212.799	235.131	0.905025
638	0.000715782	0.350029	189.318	44.6269	-21.0969	-0.0343082	212.813	235.131	0.905084
639	0.000716691	0.350029	189.318	44.6269	-21.083	-0.0343086	212.827	235.131	0.905143
640	0.000717598	0.350029	189.318	44.6269	-21.0689	-0.0343089	212.841	235.131	0.905203
641	0.000718506	0.350029	189.318	44.627	-21.0548	-0.0343092	212.855	235.131	0.905263
642	0.000719412	0.350029	189.318	44.627	-21.0406	-0.0343094	212.87	235.131	0.905324
643	0.000720319	0.350029	189.318	44.627	-21.0262	-0.0343097	212.884	235.131	0.905385
644	0.000721224	0.350029	189.318	44.627	-21.0117	-0.0343098	212.899	235.131	0.905447
645	0.000722129	0.350029	189.318	44.6271	-20.997	-0.03431	212.913	235.131	0.905509
646	0.000723034	0.350029	189.317	44.6271	-20.9822	-0.0343101	212.928	235.131	0.905572
647	0.000723938	0.350029	189.317	44.6271	-20.9672	-0.0343101	212.943	235.131	0.905636
648	0.000724842	0.350029	189.317	44.6271	-20.9521	-0.0343101	212.958	235.131	0.9057
649	0.000725746	0.350029	189.317	44.6272	-20.9371	-0.0343101	212.973	235.131	0.905764
650	0.000726649	0.350029	189.317	44.6272	-20.922	-0.0343101	212.988	235.131	0.905828
651	0.000727551	0.350029	189.317	44.6272	-20.9071	-0.03431	213.003	235.131	0.905892
652	0.000728453	0.350029	189.317	44.6272	-20.8923	-0.0343099	213.018	235.131	0.905954
653	0.000729355	0.350029	189.317	44.6273	-20.8777	-0.0343098	213.033	235.131	0.906016
654	0.000730257	0.350029	189.317	44.6273	-20.8634	-0.0343097	213.047	235.131	0.906077
655	0.000731158	0.350029	189.317	44.6273	-20.8493	-0.0343095	213.061	235.131	0.906137
656	0.000732059	0.350029	189.317	44.6273	-20.8354	-0.0343093	213.075	235.131	0.906196
657	0.000732959	0.350029	189.317	44.6274	-20.8218	-0.0343091	213.088	235.131	0.906254
658	0.00073386	0.350029	189.317	44.6274	-20.8085	-0.0343089	213.102	235.131	0.906311
659	0.00073476	0.350029	189.317	44.6274	-20.7953	-0.0343087	213.115	235.131	0.906367
660	0.00073566	0.350029	189.317	44.6274	-20.7822	-0.0343084	213.128	235.131	0.906422
661	0.00073656	0.350029	189.317	44.6275	-20.7693	-0.0343081	213.141	235.131	0.906477
662	0.000737459	0.350029	189.317	44.6275	-20.7565	-0.0343079	213.154	235.131	0.906532
663	0.000738358	0.350029	189.317	44.6275	-20.7437	-0.0343075	213.167	235.131	0.906586
664	0.000739258	0.350029	189.317	44.6275	-20.7308	-0.0343072	213.179	235.131	0.906641
665	0.000740157	0.350029	189.317	44.6276	-20.7179	-0.0343069	213.192	235.131	0.906696
666	0.000741055	0.350029	189.317	44.6276	-20.7048	-0.0343065	213.205	235.131	0.906752
667	0.000741954	0.350029	189.317	44.6276	-20.6916	-0.0343062	213.219	235.131	0.906808
668	0.000742853	0.350029	189.317	44.6276	-20.6782	-0.0343058	213.232	235.131	0.906865
669	0.000743751	0.350029	189.317	44.6277	-20.6646	-0.0343055	213.246	235.131	0.906923
670	0.000744649	0.350029	189.317	44.6277	-20.6508	-0.0343051	213.259	235.131	0.906981
671	0.000745547	0.350029	189.317	44.6277	-20.6369	-0.0343047	213.273	235.131	0.907041
672	0.000746445	0.350029	189.317	44.6277	-20.6227	-0.0343044	213.288	235.131	0.907101
673	0.000747343	0.350029	189.317	44.6278	-20.6084	-0.0343041	213.302	235.131	0.907162
674	0.000748241	0.350029	189.317	44.6278	-20.594	-0.0343038	213.316	235.131	0.907223
675	0.000749139	0.350029	189.317	44.6278	-20.5796	-0.0343035	213.331	235.131	0.907284
676	0.000750036	0.350029	189.317	44.6278	-20.5651	-0.0343032	213.345	235.131	0.907346
677	0.000750934	0.350029	189.317	44.6279	-20.5507	-0.0343029	213.36	235.131	0.907407
678	0.000751831	0.350029	189.317	44.6279	-20.5362	-0.0343026	213.374	235.131	0.907469
679	0.000752728	0.350029	189.317	44.6279	-20.5219	-0.0343024	213.388	235.131	0.90753
680	0.000753625	0.350029	189.317	44.6279	-20.5076	-0.0343021	213.403	235.131	0.90759
681	0.000754522	0.350029	189.317	44.628	-20.4936	-0.0343019	213.417	235.131	0.90765
682	0.000755419	0.35003	189.317	44.628	-20.4799	-0.0343017	213.43	235.131	0.907708
683	0.000756315	0.35003	189.317	44.628	-20.4664	-0.0343014	213.444	235.131	0.907766
684	0.000757212	0.35003	189.317	44.628	-20.4531	-0.0343011	213.457	235.131	0.907822
685	0.000758108	0.35003	189.317	44.6281	-20.4402	-0.0343008	213.47	235.131	0.907877
686	0.000759004	0.35003	189.317	44.6281	-20.4275	-0.0343005	213.483	235.131	0.907931
687	0.0007599	0.35003	189.316	44.6281	-20.415	-0.0343002	213.495	235.131	0.907984
688	0.000760796	0.35003	189.316	44.6281	-20.4026	-0.0342998	213.508	235.131	0.908037
689	0.000761692	0.35003	189.316	44.6282	-20.3905	-0.0342994	213.52	235.131	0.908089
690	0.000762588	0.35003	189.316	44.6282	-20.3784	-0.034299	213.532	235.131	0.90814
691	0.000763483	0.35003	189.316	44.6282	-20.3663	-0.0342985	213.544	235.131	0.908191
692	0.000764378	0.35003	189.316	44.6282	-20.3542	-0.034298	213.556	235.131	0.908243
693	0.000765274	0.35003	189.316	44.6283	-20.3421	-0.0342974	213.568	235.131	0.908294
694	0.000766169	0.35003	189.316	44.6283	-20.3299	-0.0342968	213.58	235.131	0.908346
695	0.000767064	0.35003	189.316	44.6283	-20.3176	-0.0342962	213.593	235.131	0.908398
696	0.000767959	0.35003	189.316	44.6283	-20.3052	-0.0342956	213.605	235.131	0.908451
697	0.000768853	0.35003	189.316	44.6284	-20.2926	-0.0342949	213.618	235.131	0.908505
698	0.000769748	0.35003	189.316	44.6284	-20.2798	-0.0342942	213.631	235.131	0.908559
699	0.000770643	0.35003	189.316	44.6284	-20.2667	-0.0342935	213.644	235.131	0.908615
700	0.000771538	0.35003	189.316	44.6284	-20.2535	-0.0342928	213.657	235.131	0.908671
701	0.000772432	0.35003	189.316	44.6285	-20.24	-0.0342921	213.67	235.131	0.908728
702	0.000773327	0.35003	189.316	44.6285	-20.2263	-0.0342914	213.684	235.131	0.908787
703	0.000774222	0.35003	189.316	44.6285	-20.2124	-0.0342906	213.698	235.131	0.908846
704	0.000775117	0.35003	189.316	44.6285	-20.1983	-0.0342899	213.712	235.131	0.908906
705	0.000776011	0.35003	189.316	44.6286	-20.1841	-0.0342891	213.726	235.131	0.908966
706	0.000776906	0.35003	189.316	44.6286	-20.1696	-0.0342884	213.741	235.131	0.909028
707	0.000777801	0.35003	189.316	44.6286	-20.1551	-0.0342876	213.755	235.131	0.90909
708	0.000778696	0.35003	189.316	44.6286	-20.1404	-0.0342869	213.77	235.131	0.909152
709	0.000779591	0.35003	189.316	44.6287	-20.1257	-0.0342862	213.785	235.131	0.909215
710	0.000780486	0.35003	189.316	44.6287	-20.1109	-0.0342855	213.799	235.131	0.909277
711	0.000781381	0.35003	189.316	44.6287	-20.0962	-0.0342848	213.814	235.131	0.90934
712	0.000782276	0.35003	189.316	44.6287	-20.0815	-0.0342841	213.829	235.131	0.909403
713	0.000783171	0.35003	189.316	44.6288	-20.0669	-0.0342834	213.844	235.131	0.909465
714	0.000784067	0.35003	189.316	44.6288	-20.0523	-0.0342828	213.858	235.131	0.909527
715	0.000784962	0.35003	189.316	44.6288	-20.038	-0.0342822	213.872	235.131	0.909588
716	0.000785857	0.35003	189.316	44.6288	-20.0237	-0.0342816	213.887	235.131	0.909648
717	0.000786753	0.35003	189.316	44.6289	-20.0097	-0.034281	213.901	235.131	0.909708
718	0.000787648	0.35003	189.316	44.6289	-19.9958	-0.0342804	213.915	235.131	0.909767
719	0.000788544	0.35003	189.316	44.6289	-19.9821	-0.0342798	213.928	235.131	0.909825
720	0.000789439	0.35003	189.316	44.6289	-19.9687	-0.0342792	213.942	235.131	0.909882
721	0.000790335	0.35003	189.316	44.629	-19.9556	-0.0342787	213.955	235.131	0.909938
722	0.000791231	0.35003	189.316	44.629	-19.9427	-0.0342781	213.968	235.131	0.909993
723	0.000792126	0.35003	189.316	44.629	-19.9301	-0.0342776	213.98	235.131	0.910046
724	0.000793022	0.35003	189.316	44.629	-19.9178	-0.034277	213.993	235.131	0.910099
725	0.000793918	0.35003	189.316	44.6291	-19.9058	-0.0342765	214.005	235.131	0.91015
726	0.000794814	0.35003	189.316	44.6291	-19.8941	-0.0342759	214.016	235.131	0.9102
727	0.000795709	0.35003	189.316	44.6291	-19.8827	-0.0342753	214.028	235.131	0.910248
728	0.000796605	0.35003	189.316	44.6291	-19.8716	-0.0342748	214.039	235.131	0.910296
729	0.000797501	0.35003	189.316	44.6292	-19.8607	-0.0342742	214.05	235.131	0.910342
730	0.000798397	0.35003	189.315	44.6292	-19.8501	-0.0342736	214.06	235.131	0.910387
731	0.000799293	0.35003	189.315	44.6292	-19.8397	-0.034273	214.071	235.131	0.910431
732	0.000800189	0.35003	189.315	44.6292	-19.8296	-0.0342724	214.081	235.131	0.910474
733	0.000801085	0.35003	189.315	44.6293	-19.8197	-0.0342717	214.091	235.131	0.910516
734	0.000801981	0.35003	189.315	44.6293	-19.8099	-0.0342711	214.1	235.131	0.910558
735	0.000802877	0.35003	189.315	44.6293	-19.8004	-0.0342704	214.11	235.131	0.910598
736	0.000803773	0.35003	189.315	44.6293	-19.791	-0.0342697	214.119	235.131	0.910638
737	0.000804669	0.35003	189.315	44.6294	-19.7817	-0.034269	214.129	235.131	0.910678
738	0.000805565	0.35003	189.315	44.6294	-19.7724	-0.0342682	214.138	235.131	0.910717
739	0.000806461	0.35003	189.315	44.6294	-19.7632	-0.0342675	214.147	235.131	0.910756
740	0.000807357	0.35003	189.315	44.6294	-19.754	-0.0342667	214.156	235.131	0.910796
741	0.000808253	0.35003	189.315	44.6295	-19.7447	-0.0342659	214.166	235.131	0.910835
742	0.000809149	0.35003	189.315	44.6295	-19.7354	-0.0342651	214.175	235.131	0.910875
743	0.000810045	0.35003	189.315	44.6295	-19.7262	-0.0342643	214.184	235.131	0.910914
744	0.000810941	0.35003	189.315	44.6295	-19.7169	-0.0342634	214.194	235.131	0.910953
745	0.000811837	0.35003	189.315	44.6296	-19.7076	-0.0342626	214.203	235.131	0.910993
746	0.000812733	0.35003	189.315	44.6296	-19.6983	-0.0342617	214.212	235.131	0.911032
747	0.000813628	0.35003	189.315	44.6296	-19.689	-0.0342607	214.221	235.131	0.911072
748	0.000814524	0.35003	189.315	44.6296	-19.6797	-0.0342598	214.231	235.131	0.911111
749	0.00081542	0.35003	189.315	44.6297	-19.6704	-0.0342588	214.24	235.131	0.911151
750	0.000816315	0.35003	189.315	44.6297	-19.6611	-0.0342579	214.249	235.131	0.91119
751	0.000817211	0.35003	189.315	44.6297	-19.6519	-0.0342569	214.259	235.131	0.91123
752	0.000818107	0.35003	189.315	44.6297	-19.6427	-0.0342558	214.268	235.131	0.911269
753	0.000819002	0.35003	189.315	44.6298	-19.6335	-0.0342548	214.277	235.131	0.911308
754	0.000819898	0.35003	189.315	44.6298	-19.6245	-0.0342537	214.286	235.131	0.911346
755	0.000820793	0.35003	189.315	44.6298	-19.6156	-0.0342527	214.295	235.131	0.911384
756	0.000821689	0.35003	189.315	44.6298	-19.6068	-0.0342516	214.304	235.131	0.911422
757	0.000822584	0.35003	189.315	44.6299	-19.5982	-0.0342504	214.312	235.131	0.911458
758	0.000823479	0.35003	189.315	44.6299	-19.5898	-0.0342493	214.321	235.131	0.911494
759	0.000824374	0.35003	189.315	44.6299	-19.5816	-0.0342482	214.329	235.131	0.911529
760	0.000825269	0.35003	189.315	44.6299	-19.5736	-0.034247	214.337	235.131	0.911563
761	0.000826165	0.35003	189.315	44.63	-19.566	-0.0342458	214.344	235.131	0.911595
762	0.00082706	0.35003	189.315	44.63	-19.5587	-0.0342446	214.352	235.131	0.911626
763	0.000827954	0.35003	189.315	44.63	-19.5517	-0.0342433	214.359	235.131	0.911656
764	0.000828849	0.35003	189.315	44.63	-19.545	-0.0342421	214.365	235.131	0.911684
765	0.000829744	0.35003	189.315	44.6301	-19.5388	-0.0342408	214.372	235.131	0.911711
766	0.000830639	0.35003	189.315	44.6301	-19.5329	-0.0342394	214.378	235.131	0.911736
767	0.000831533	0.35003	189.315	44.6301	-19.5276	-0.0342381	214.383	235.131	0.911759
768	0.000832427	0.35003	189.315	44.6301	-19.5228	-0.0342367	214.388	235.131	0.911779
769	0.000833322	0.35003	189.315	44.6302	-19.5185	-0.0342354	214.392	235.131	0.911797
770	0.000834216	0.35003	189.315	44.6302	-19.5147	-0.0342339	214.396	235.131	0.911813
771	0.00083511	0.35003	189.315	44.6302	-19.5116	-0.0342325	214.399	235.131	0.911826
772	0.000836004	0.35003	189.315	44.6302	-19.5092	-0.034231	214.401	235.131	0.911837
773	0.000836897	0.35003	189.314	44.6303	-19.5074	-0.0342295	214.403	235.131	0.911844
774	0.000837791	0.35003	189.314	44.6303	-19.5064	-0.034228	214.404	235.131	0.911849
775	0.000838684	0.35003	189.314	44.6303	-19.506	-0.0342264	214.404	235.131	0.91185
776	0.000839578	0.35003	189.314	44.6303	-19.5065	-0.0342248	214.404	235.131	0.911848
777	0.000840471	0.35003	189.314	44.6304	-19.5081	-0.0342231	214.402	235.131	0.911842
778	0.000841364	0.35003	189.314	44.6304	-19.5111	-0.0342215	214.399	235.131	0.911829
779	0.000842257	0.35003	189.314	44.6304	-19.5176	-0.0342197	214.393	235.131	0.911801
780	0.00084315	0.35003	189.314	44.6304	-19.5272	-0.0342178	214.383	235.131	0.91176
781	0.000844042	0.35003	189.314	44.6304	-19.5351	-0.0342159	214.375	235.131	0.911727
782	0.000844935	0.35003	189.314	44.6305	-19.5419	-0.0342139	214.369	235.131	0.911698
783	0.000845827	0.35003	189.314	44.6305	-19.548	-0.0342119	214.363	235.131	0.911672
784	0.000846719	0.35003	189.314	44.6305	-19.5538	-0.0342098	214.357	235.131	0.911647
785	0.000847611	0.35003	189.314	44.6305	-19.5593	-0.0342077	214.351	235.131	0.911624
786	0.000848502	0.35003	189.314	44.6306	-19.5646	-0.0342056	214.346	235.131	0.911601
787	0.000849394	0.35003	189.314	44.6306	-19.5699	-0.0342034	214.341	235.131	0.911579
788	0.000850285	0.35003	189.314	44.6306	-19.5753	-0.0342012	214.335	235.131	0.911556
789	0.000851176	0.35003	189.314	44.6306	-19.5808	-0.0341989	214.33	235.131	0.911532
790	0.000852067	0.35003	189.314	44.6307	-19.5866	-0.0341966	214.324	235.131	0.911508
791	0.000852957	0.35003	189.314	44.6307	-19.5881	-0.0341943	214.322	235.131	0.911501
792	0.000853848	0.35003	189.314	44.6307	-19.5869	-0.0341921	214.324	235.131	0.911507
793	0.000854738	0.35003	189.314	44.6307	-19.586	-0.0341897	214.325	235.131	0.91151
794	0.000855628	0.35003	189.314	44.6308	-19.586	-0.0341873	214.325	235.131	0.91151
795	0.000856518	0.35003	189.314	44.6308	-19.5871	-0.0341848	214.323	235.131	0.911505
796	0.000857407	0.35003	189.314	44.6308	-19.5895	-0.0341824	214.321	235.131	0.911495
797	0.000858297	0.35003	189.314	44.6308	-19.5934	-0.0341798	214.317	235.131	0.911479
798	0.000859186	0.35003	189.314	44.6309	-19.5988	-0.0341773	214.312	235.131	0.911456
799	0.000860075	0.35003	189.314	44.6309	-19.6059	-0.0341748	214.305	235.131	0.911426
800	0.000860964	0.35003	189.314	44.6309	-19.6148	-0.0341722	214.296	235.131	0.911388
801	0.000861852	0.35003	189.314	44.6309	-19.6254	-0.0341697	214.285	235.131	0.911343
802	0.000862741	0.35003	189.314	44.631	-19.638	-0.0341671	214.273	235.131	0.911289
803	0.000863629	0.35003	189.314	44.631	-19.6525	-0.0341645	214.258	235.131	0.911228
804	0.000864517	0.35003	189.314	44.631	-19.6689	-0.0341619	214.242	235.131	0.911158
805	0.000865405	0.35003	189.314	44.631	-19.6873	-0.0341592	214.223	235.131	0.91108
806	0.000866293	0.35003	189.314	44.6311	-19.7077	-0.0341565	214.203	235.131	0.910993
807	0.000867181	0.35003	189.314	44.6311	-19.7302	-0.0341537	214.18	235.131	0.910897
808	0.000868069	0.35003	189.314	44.6311	-19.7547	-0.0341508	214.156	235.131	0.910793
809	0.000868957	0.35003	189.314	44.6311	-19.7814	-0.0341478	214.129	235.131	0.910679
810	0.000869844	0.35003	189.314	44.6312	-19.8114	-0.0341447	214.099	235.131	0.910552
811	0.000870732	0.35003	189.314	44.6312	-19.8519	-0.0341412	214.059	235.131	0.91038
812	0.000871619	0.35003	189.314	44.6312	-19.8899	-0.0341377	214.021	235.131	0.910218
813	0.000872507	0.35003	189.314	44.6312	-19.9257	-0.034134	213.985	235.131	0.910066
814	0.000873394	0.35003	189.314	44.6313	-19.9595	-0.0341303	213.951	235.131	0.909922
815	0.000874281	0.35003	189.314	44.6313	-19.9915	-0.0341265	213.919	235.131	0.909786
816	0.000875168	0.35003	189.313	44.6313	-20.0224	-0.0341226	213.888	235.131	0.909655
817	0.000876055	0.35003	189.313	44.6313	-20.052	-0.0341187	213.859	235.131	0.909529
818	0.000876942	0.35003	189.313	44.6314	-20.0806	-0.0341148	213.83	235.131	0.909407
819	0.000877829	0.35003	189.313	44.6314	-20.1083	-0.0341108	213.802	235.131	0.909289
820	0.000878716	0.35003	189.313	44.6314	-20.1352	-0.0341069	213.776	235.131	0.909175
821	0.000879603	0.35003	189.313	44.6314	-20.1615	-0.034103	213.749	235.131	0.909063
822	0.000880489	0.35003	189.313	44.6314	-20.1875	-0.0340991	213.723	235.131	0.908953
823	0.000881376	0.35003	189.313	44.6315	-20.2134	-0.0340952	213.697	235.131	0.908843
824	0.000882263	0.35003	189.313	44.6315	-20.2391	-0.0340914	213.672	235.131	0.908733
825	0.000883149	0.35003	189.313	44.6315	-20.2649	-0.0340876	213.646	235.131	0.908623
826	0.000884036	0.35003	189.313	44.6315	-20.2881	-0.0340839	213.623	235.131	0.908525
827	0.000884922	0.35003	189.313	44.6316	-20.3073	-0.0340803	213.603	235.131	0.908443
828	0.000885808	0.35003	189.313	44.6316	-20.3264	-0.0340767	213.584	235.131	0.908362
829	0.000886694	0.35003	189.313	44.6316	-20.3464	-0.034073	213.564	235.131	0.908277
830	0.00088758	0.35003	189.313	44.6316	-20.3675	-0.0340693	213.543	235.131	0.908187
831	0.000888466	0.35003	189.313	44.6317	-20.3898	-0.0340656	213.521	235.131	0.908092
832	0.000889352	0.35003	189.313	44.6317	-20.4135	-0.0340618	213.497	235.131	0.907992
833	0.000890238	0.35003	189.313	44.6317	-20.4387	-0.0340581	213.472	235.131	0.907884
834	0.000891124	0.35003	189.313	44.6317	-20.4655	-0.0340544	213.445	235.131	0.90777
835	0.000892009	0.35003	189.313	44.6318	-20.494	-0.0340506	213.417	235.131	0.907649
836	0.000892894	0.35003	189.313	44.6318	-20.5244	-0.0340469	213.386	235.131	0.90752
837	0.00089378	0.35003	189.313	44.6318	-20.5565	-0.0340431	213.354	235.131	0.907383
838	0.000894665	0.35003	189.313	44.6318	-20.5907	-0.0340393	213.32	235.131	0.907238
839	0.00089555	0.35003	189.313	44.6319	-20.6269	-0.0340355	213.284	235.131	0.907084
840	0.000896435	0.35003	189.313	44.6319	-20.6652	-0.0340315	213.246	235.131	0.906921
841	0.00089732	0.35003	189.313	44.6319	-20.7056	-0.0340275	213.205	235.131	0.906749
842	0.000898205	0.35003	189.313	44.6319	-20.7485	-0.0340235	213.162	235.131	0.906567
843	0.00089909	0.35003	189.313	44.632	-20.7968	-0.0340192	213.114	235.131	0.906362
844	0.000899975	0.35003	189.313	44.632	-20.8503	-0.0340147	213.06	235.131	0.906134
845	0.00090086	0.35003	189.313	44.632	-20.9007	-0.0340101	213.01	235.131	0.90592
846	0.000901745	0.35003	189.313	44.632	-20.9484	-0.0340053	212.962	235.131	0.905717
847	0.000902629	0.35003	189.313	44.6321	-20.9935	-0.0340006	212.917	235.131	0.905525
848	0.000903514	0.35003	189.313	44.6321	-21.0361	-0.0339958	212.875	235.131	0.905344
849	0.000904399	0.35003	189.313	44.6321	-21.0763	-0.033991	212.835	235.131	0.905173
850	0.000905284	0.35003	189.313	44.6321	-21.1144	-0.0339861	212.796	235.131	0.905011
851	0.000906168	0.35003	189.313	44.6321	-21.1504	-0.0339813	212.76	235.131	0.904858
852	0.000907053	0.35003	189.313	44.6322	-21.1846	-0.0339765	212.726	235.131	0.904713
853	0.000907938	0.35003	189.313	44.6322	-21.2169	-0.0339718	212.694	235.131	0.904575
854	0.000908823	0.35003	189.313	44.6322	-21.2475	-0.0339671	212.663	235.131	0.904445
855	0.000909708	0.35003	189.313	44.6322	-21.2768	-0.0339625	212.634	235.131	0.90432
856	0.000910593	0.35003	189.313	44.6323	-21.3048	-0.0339579	212.606	235.131	0.904201
857	0.000911478	0.35003	189.313	44.6323	-21.3318	-0.0339534	212.579	235.131	0.904086
858	0.000912363	0.35003	189.313	44.6323	-21.358	-0.033949	212.553	235.131	0.903975
859	0.000913248	0.35003	189.313	44.6323	-21.3837	-0.0339446	212.527	235.131	0.903866
860	0.000914133	0.35003	189.312	44.6324	-21.4091	-0.0339403	212.502	235.131	0.903758
861	0.000915018	0.35003	189.312	44.6324	-21.4345	-0.033936	212.476	235.131	0.90365
862	0.000915903	0.35003	189.312	44.6324	-21.46	-0.0339317	212.451	235.131	0.903541
863	0.000916788	0.35003	189.312	44.6324	-21.486	-0.0339275	212.425	235.131	0.903431
864	0.000917673	0.35003	189.312	44.6325	-21.5126	-0.0339233	212.398	235.131	0.903318
865	0.000918559	0.35003	189.312	44.6325	-21.5398	-0.0339192	212.371	235.131	0.903202
866	0.000919444	0.35003	189.312	44.6325	-21.5678	-0.033915	212.343	235.131	0.903083
867	0.000920329	0.35003	189.312	44.6325	-21.5966	-0.0339109	212.314	235.131	0.902961
868	0.000921215	0.35003	189.312	44.6326	-21.6262	-0.0339068	212.285	235.131	0.902835
869	0.0009221	0.35003	189.312	44.6326	-21.6566	-0.0339026	212.254	235.131	0.902705
870	0.000922986	0.35003	189.312	44.6326	-21.6878	-0.0338985	212.223	235.131	0.902573
871	0.000923871	0.35003	189.312	44.6326	-21.7198	-0.0338944	212.191	235.131	0.902436
872	0.000924757	0.35003	189.312	44.6327	-21.7525	-0.0338903	212.158	235.131	0.902297
873	0.000925642	0.35003	189.312	44.6327	-21.7858	-0.0338861	212.125	235.131	0.902156
874	0.000926528	0.35003	189.312	44.6327	-21.8195	-0.033882	212.091	235.131	0.902013
875	0.000927413	0.35003	189.312	44.6327	-21.8536	-0.0338779	212.057	235.131	0.901867
876	0.000928299	0.35003	189.312	44.6327	-21.888	-0.0338737	212.023	235.131	0.901721
877	0.000929184	0.35003	189.312	44.6328	-21.9225	-0.0338696	211.989	235.131	0.901575
878	0.00093007	0.35003	189.312	44.6328	-21.957	-0.0338655	211.954	235.131	0.901428
879	0.000930955	0.35003	189.312	44.6328	-21.9916	-0.0338614	211.919	235.131	0.901281
880	0.000931841	0.35003	189.312	44.6328	-22.026	-0.0338573	211.885	235.131	0.901134
881	0.000932727	0.35003	189.312	44.6329	-22.0604	-0.0338532	211.851	235.131	0.900988
882	0.000933612	0.35003	189.312	44.6329	-22.0945	-0.0338491	211.817	235.131	0.900843
883	0.000934498	0.35003	189.312	44.6329	-22.1285	-0.033845	211.783	235.131	0.900699
884	0.000935383	0.35003	189.312	44.6329	-22.1622	-0.0338409	211.749	235.131	0.900555
885	0.000936269	0.35003	189.312	44.633	-22.1956	-0.0338369	211.715	235.131	0.900413
886	0.000937154	0.35003	189.312	44.633	-22.2287	-0.0338328	211.682	235.131	0.900272
887	0.00093804	0.35003	189.312	44.633	-22.2614	-0.0338287	211.65	235.131	0.900133
888	0.000938925	0.35003	189.312	44.633	-22.2937	-0.0338246	211.617	235.131	0.899996
889	0.00093981	0.35003	189.312	44.6331	-22.3254	-0.0338205	211.586	235.131	0.899861
890	0.000940696	0.35003	189.312	44.6331	-22.3566	-0.0338164	211.554	235.131	0.899728
891	0.000941581	0.35003	189.312	44.6331	-22.3873	-0.0338123	211.524	235.131	0.899598
892	0.000942467	0.35003	189.312	44.6331	-22.4174	-0.0338082	211.494	235.131	0.89947
893	0.000943352	0.35003	189.312	44.6332	-22.4469	-0.0338041	211.464	235.131	0.899345
894	0.000944238	0.35003	189.312	44.6332	-22.4757	-0.0338	211.435	235.131	0.899222
895	0.000945123	0.35003	189.312	44.6332	-22.5038	-0.0337958	211.407	235.131	0.899103
896	0.000946009	0.35003	189.312	44.6332	-22.5311	-0.0337917	211.38	235.131	0.898987
897	0.000946894	0.35003	189.312	44.6332	-22.5576	-0.0337876	211.354	235.131	0.898874
898	0.000947779	0.35003	189.312	44.6333	-22.5832	-0.0337835	211.328	235.131	0.898765
899	0.000948665	0.35003	189.312	44.6333	-22.608	-0.0337794	211.303	235.131	0.89866
900	0.00094955	0.35003	189.312	44.6333	-22.6319	-0.0337753	211.279	235.131	0.898558
901	0.000950436	0.35003	189.312	44.6333	-22.6551	-0.0337713	211.256	235.131	0.89846
902	0.000951321	0.35003	189.312	44.6334	-22.6775	-0.0337672	211.234	235.131	0.898364
903	0.000952207	0.35003	189.312	44.6334	-22.6993	-0.0337632	211.212	235.131	0.898271
904	0.000953092	0.35003	189.311	44.6334	-22.7205	-0.0337592	211.191	235.131	0.898181
905	0.000953978	0.35003	189.311	44.6334	-22.7412	-0.0337552	211.17	235.131	0.898093
906	0.000954863	0.35003	189.311	44.6335	-22.7614	-0.0337512	211.15	235.131	0.898007
907	0.000955749	0.35003	189.311	44.6335	-22.7812	-0.0337472	211.13	235.131	0.897923
908	0.000956634	0.35003	189.311	44.6335	-22.8005	-0.0337433	211.111	235.131	0.897841
909	0.00095752	0.35003	189.311	44.6335	-22.8193	-0.0337393	211.092	235.131	0.897761
910	0.000958405	0.35003	189.311	44.6336	-22.8378	-0.0337353	211.073	235.131	0.897683
911	0.000959291	0.35003	189.311	44.6336	-22.8558	-0.0337314	211.055	235.131	0.897606
912	0.000960177	0.35003	189.311	44.6336	-22.8734	-0.0337274	211.038	235.131	0.897531
913	0.000961062	0.35003	189.311	44.6336	-22.8905	-0.0337234	211.021	235.131	0.897458
914	0.000961948	0.35003	189.311	44.6336	-22.9071	-0.0337194	211.004	235.131	0.897388
915	0.000962834	0.35003	189.311	44.6337	-22.9232	-0.0337155	210.988	235.131	0.897319
916	0.000963719	0.35003	189.311	44.6337	-22.9387	-0.0337115	210.973	235.131	0.897253
917	0.000964605	0.35003	189.311	44.6337	-22.9536	-0.0337075	210.958	235.131	0.89719
918	0.000965491	0.35003	189.311	44.6337	-22.9679	-0.0337035	210.943	235.131	0.897129
919	0.000966377	0.35003	189.311	44.6338	-22.9817	-0.0336996	210.93	235.131	0.897071
920	0.000967263	0.35003	189.311	44.6338	-22.9948	-0.0336957	210.916	235.131	0.897015
921	0.000968149	0.35003	189.311	44.6338	-23.0075	-0.0336918	210.904	235.131	0.896961
922	0.000969035	0.35003	189.311	44.6338	-23.0196	-0.033688	210.892	235.131	0.896909
923	0.000969921	0.35003	189.311	44.6339	-23.0314	-0.0336841	210.88	235.131	0.896859
924	0.000970807	0.35003	189.311	44.6339	-23.0428	-0.0336803	210.868	235.131	0.896811
925	0.000971693	0.35003	189.311	44.6339	-23.0539	-0.0336766	210.857	235.131	0.896764
926	0.000972579	0.35003	189.311	44.6339	-23.0648	-0.0336728	210.846	235.131	0.896717
927	0.000973465	0.35003	189.311	44.634	-23.0755	-0.0336691	210.836	235.131	0.896672
928	0.000974351	0.35003	189.311	44.634	-23.086	-0.0336653	210.825	235.131	0.896627
929	0.000975237	0.35003	189.311	44.634	-23.0964	-0.0336616	210.815	235.131	0.896583
930	0.000976123	0.35003	189.311	44.634	-23.1065	-0.0336578	210.805	235.131	0.89654
931	0.00097701	0.35003	189.311	44.6341	-23.1164	-0.0336541	210.795	235.131	0.896498
932	0.000977896	0.35003	189.311	44.6341	-23.126	-0.0336503	210.785	235.131	0.896457
933	0.000978782	0.35003	189.311	44.6341	-23.1353	-0.0336466	210.776	235.131	0.896418
934	0.000979669	0.35003	189.311	44.6341	-23.1441	-0.0336428	210.767	235.131	0.89638
935	0.000980555	0.35003	189.311	44.6341	-23.1525	-0.033639	210.759	235.131	0.896344
936	0.000981442	0.35003	189.311	44.6342	-23.1604	-0.0336353	210.751	235.131	0.896311
937	0.000982329	0.35003	189.311	44.6342	-23.1676	-0.0336315	210.744	235.131	0.89628
938	0.000983215	0.35003	189.311	44.6342	-23.1742	-0.0336278	210.737	235.131	0.896252
939	0.000984102	0.35003	189.311	44.6342	-23.1801	-0.033624	210.731	235.131	0.896227
940	0.000984988	0.35003	189.311	44.6343	-23.1854	-0.0336203	210.726	235.132	0.896205
941	0.000985875	0.35003	189.311	44.6343	-23.19	-0.0336165	210.721	235.132	0.896185
942	0.000986762	0.35003	189.311	44.6343	-23.194	-0.0336128	210.717	235.132	0.896168
943	0.000987649	0.35003	189.311	44.6343	-23.1973	-0.0336091	210.714	235.132	0.896154
944	0.000988535	0.35003	189.311	44.6344	-23.2	-0.0336054	210.711	235.132	0.896143
945	0.000989422	0.35003	189.311	44.6344	-23.202	-0.0336017	210.709	235.132	0.896134
946	0.000990309	0.35003	189.311	44.6344	-23.2034	-0.033598	210.708	235.132	0.896128
947	0.000991196	0.35003	189.311	44.6344	-23.2043	-0.0335944	210.707	235.132	0.896125
948	0.000992082	0.35003	189.311	44.6345	-23.2046	-0.0335907	210.707	235.132	0.896123
949	0.000992969	0.35003	189.31	44.6345	-23.2044	-0.033587	210.707	235.132	0.896124
950	0.000993856	0.35003	189.31	44.6345	-23.2037	-0.0335834	210.708	235.132	0.896127
951	0.000994742	0.35003	189.31	44.6345	-23.2025	-0.0335796	210.709	235.132	0.896132
952	0.000995629	0.35003	189.31	44.6345	-23.2009	-0.0335759	210.711	235.132	0.896139
953	0.000996516	0.35003	189.31	44.6346	-23.1988	-0.0335722	210.713	235.132	0.896148
954	0.000997402	0.35003	189.31	44.6346	-23.1963	-0.0335684	210.715	235.132	0.896158
955	0.000998289	0.35003	189.31	44.6346	-23.1935	-0.0335647	210.718	235.132	0.896171
956	0.000999176	0.35003	189.31	44.6346	-23.1902	-0.033561	210.721	235.132	0.896185
957	0.00100006	0.35003	189.31	44.6347	-23.1865	-0.0335572	210.725	235.132	0.8962
958	0.00100095	0.35003	189.31	44.6347	-23.1824	-0.0335535	210.729	235.132	0.896218
959	0.00100184	0.35003	189.31	44.6347	-23.1779	-0.0335497	210.734	235.132	0.896237
960	0.00100272	0.35003	189.31	44.6347	-23.1729	-0.033546	210.739	235.132	0.896258
961	0.00100361	0.35003	189.31	44.6348	-23.1675	-0.0335423	210.744	235.132	0.896281
962	0.0010045	0.35003	189.31	44.6348	-23.1616	-0.0335385	210.75	235.132	0.896306
963	0.00100538	0.35003	189.31	44.6348	-23.1552	-0.0335347	210.756	235.132	0.896333
964	0.00100627	0.35003	189.31	44.6348	-23.1483	-0.0335309	210.763	235.132	0.896363
965	0.00100715	0.35003	189.31	44.6349	-23.1408	-0.0335271	210.771	235.132	0.896394
966	0.00100804	0.35003	189.31	44.6349	-23.1328	-0.0335233	210.779	235.132	0.896429
967	0.00100893	0.35003	189.31	44.6349	-23.1242	-0.0335195	210.787	235.132	0.896465
968	0.00100981	0.35003	189.31	44.6349	-23.1151	-0.0335157	210.796	235.132	0.896504
969	0.0010107	0.35003	189.31	44.6349	-23.1053	-0.0335119	210.806	235.132	0.896546
970	0.00101159	0.35003	189.31	44.635	-23.0949	-0.033508	210.817	235.132	0.89659
971	0.00101247	0.35003	189.31	44.635	-23.0838	-0.0335042	210.828	235.132	0.896637
972	0.00101336	0.35003	189.31	44.635	-23.0722	-0.0335003	210.839	235.132	0.896687
973	0.00101425	0.35003	189.31	44.635	-23.06	-0.0334964	210.852	235.132	0.896739
974	0.00101513	0.35003	189.31	44.6351	-23.0454	-0.0334926	210.866	235.132	0.896801
975	0.00101602	0.35003	189.31	44.6351	-23.0275	-0.0334888	210.884	235.132	0.896877
976	0.00101691	0.35003	189.31	44.6351	-23.0088	-0.033485	210.903	235.132	0.896956
977	0.0010178	0.35003	189.31	44.6351	-22.9898	-0.0334811	210.922	235.132	0.897037
978	0.00101868	0.35003	189.31	44.6352	-22.9706	-0.0334773	210.941	235.132	0.897119
979	0.00101957	0.35003	189.31	44.6352	-22.9513	-0.0334735	210.96	235.132	0.897201
980	0.00102046	0.35003	189.31	44.6352	-22.9319	-0.0334697	210.98	235.132	0.897284
981	0.00102134	0.35003	189.31	44.6352	-22.9124	-0.033466	210.999	235.132	0.897366
982	0.00102223	0.35003	189.31	44.6353	-22.893	-0.0334622	211.018	235.132	0.897449
983	0.00102312	0.35003	189.31	44.6353	-22.8739	-0.0334585	211.038	235.132	0.89753
984	0.001024	0.35003	189.31	44.6353	-22.855	-0.0334549	211.057	235.132	0.897611
985	0.00102489	0.35003	189.31	44.6353	-22.8364	-0.0334512	211.075	235.132	0.897689
986	0.00102578	0.35003	189.31	44.6354	-22.8183	-0.0334476	211.093	235.132	0.897766
987	0.00102666	0.35003	189.31	44.6354	-22.8008	-0.0334439	211.111	235.132	0.897841
988	0.00102755	0.35003	189.31	44.6354	-22.7838	-0.0334403	211.128	235.132	0.897913
989	0.00102844	0.35003	189.31	44.6354	-22.7674	-0.0334367	211.144	235.132	0.897983
990	0.00102932	0.35003	189.31	44.6354	-22.7518	-0.0334331	211.16	235.132	0.898049
991	0.00103021	0.35003	189.31	44.6355	-22.7369	-0.0334295	211.175	235.132	0.898113
992	0.0010311	0.35003	189.31	44.6355	-22.7228	-0.0334259	211.189	235.132	0.898173
993	0.00103199	0.35003	189.31	44.6355	-22.7093	-0.0334223	211.202	235.132	0.89823
994	0.00103287	0.35003	189.309	44.6355	-22.6964	-0.0334186	211.215	235.132	0.898285
995	0.00103376	0.35003	189.309	44.6356	-22.6841	-0.033415	211.228	235.132	0.898338
996	0.00103465	0.35003	189.309	44.6356	-22.6723	-0.0334114	211.239	235.132	0.898388
997	0.00103553	0.35003	189.309	44.6356	-22.661	-0.0334078	211.251	235.132	0.898436
998	0.00103642	0.35003	189.309	44.6356	-22.65	-0.0334042	211.262	235.132	0.898482
999	0.00103731	0.35003	189.309	44.6357	-22.6393	-0.0334006	211.272	235.132	0.898528
1000	0.0010382	0.35003	189.309	44.6357	-22.6288	-0.033397	211.283	235.132	0.898573
1001	0.00103908	0.35003	189.309	44.6357	-22.6184	-0.0333934	211.293	235.132	0.898617
1002	0.00103997	0.35003	189.309	44.6357	-22.608	-0.0333899	211.304	235.132	0.898661
1003	0.00104086	0.35003	189.309	44.6358	-22.5975	-0.0333863	211.314	235.132	0.898706
1004	0.00104174	0.35003	189.309	44.6358	-22.5868	-0.0333828	211.325	235.132	0.898751
1005	0.00104263	0.35003	189.309	44.6358	-22.576	-0.0333793	211.336	235.132	0.898797
1006	0.00104352	0.35003	189.309	44.6358	-22.5649	-0.0333758	211.347	235.132	0.898845
1007	0.00104441	0.35003	189.309	44.6358	-22.5536	-0.0333723	211.358	235.132	0.898893
1008	0.00104529	0.35003	189.309	44.6359	-22.542	-0.0333688	211.37	235.132	0.898942
1009	0.00104618	0.35003	189.309	44.6359	-22.5302	-0.0333653	211.382	235.132	0.898992
1010	0.00104707	0.35003	189.309	44.6359	-22.5181	-0.0333618	211.394	235.132	0.899044
1011	0.00104796	0.35003	189.309	44.6359	-22.5059	-0.0333583	211.406	235.132	0.899095
1012	0.00104884	0.35003	189.309	44.636	-22.4936	-0.0333549	211.418	235.132	0.899148
1013	0.00104973	0.35003	189.309	44.636	-22.4812	-0.0333514	211.43	235.132	0.8992
1014	0.00105062	0.35003	189.309	44.636	-22.4689	-0.033348	211.443	235.132	0.899253
1015	0.00105151	0.35003	189.309	44.636	-22.4565	-0.0333445	211.455	235.132	0.899306
1016	0.00105239	0.35003	189.309	44.6361	-22.4443	-0.0333411	211.467	235.132	0.899358
1017	0.00105328	0.35003	189.309	44.6361	-22.4322	-0.0333377	211.48	235.132	0.899409
1018	0.00105417	0.35003	189.309	44.6361	-22.4203	-0.0333343	211.491	235.132	0.89946
1019	0.00105506	0.35003	189.309	44.6361	-22.4087	-0.033331	211.503	235.132	0.899509
1020	0.00105594	0.35003	189.309	44.6361	-22.3973	-0.0333276	211.514	235.132	0.899557
1021	0.00105683	0.35003	189.309	44.6362	-22.3863	-0.0333243	211.525	235.132	0.899604
1022	0.00105772	0.35003	189.309	44.6362	-22.3755	-0.033321	211.536	235.132	0.89965
1023	0.00105861	0.35003	189.309	44.6362	-22.3651	-0.0333177	211.547	235.132	0.899695
1024	0.00105949	0.35003	189.309	44.6362	-22.355	-0.0333144	211.557	235.132	0.899738
1025	0.00106038	0.35003	189.309	44.6363	-22.3451	-0.0333111	211.567	235.132	0.89978
1026	0.00106127	0.35003	189.309	44.6363	-22.3355	-0.0333078	211.576	235.132	0.89982
1027	0.00106216	0.35003	189.309	44.6363	-22.3262	-0.0333046	211.586	235.132	0.89986
1028	0.00106305	0.35003	189.309	44.6363	-22.317	-0.0333013	211.595	235.132	0.899899
1029	0.00106393	0.35003	189.309	44.6364	-22.3079	-0.0332981	211.604	235.132	0.899938
1030	0.00106482	0.35003	189.309	44.6364	-22.2989	-0.0332948	211.613	235.132	0.899976
1031	0.00106571	0.35003	189.309	44.6364	-22.2899	-0.0332916	211.622	235.132	0.900015
1032	0.0010666	0.35003	189.309	44.6364	-22.2807	-0.0332883	211.631	235.132	0.900053
1033	0.00106749	0.35003	189.309	44.6365	-22.2715	-0.0332851	211.64	235.132	0.900093
1034	0.00106837	0.35003	189.309	44.6365	-22.262	-0.0332818	211.65	235.132	0.900133
1035	0.00106926	0.35003	189.309	44.6365	-22.2524	-0.0332786	211.659	235.132	0.900174
1036	0.00107015	0.35003	189.309	44.6365	-22.2424	-0.0332753	211.669	235.132	0.900217
1037	0.00107104	0.35003	189.309	44.6365	-22.232	-0.033272	211.68	235.132	0.900261
1038	0.00107193	0.35003	189.309	44.6366	-22.2214	-0.0332688	211.69	235.132	0.900306
1039	0.00107281	0.35003	189.308	44.6366	-22.2104	-0.0332655	211.701	235.132	0.900353
1040	0.0010737	0.35003	189.308	44.6366	-22.1991	-0.0332623	211.713	235.132	0.900401
1041	0.00107459	0.35003	189.308	44.6366	-22.1874	-0.033259	211.724	235.132	0.90045
1042	0.00107548	0.35003	189.308	44.6367	-22.1754	-0.0332557	211.736	235.132	0.900501
1043	0.00107637	0.35003	189.308	44.6367	-22.1632	-0.0332525	211.749	235.132	0.900554
1044	0.00107725	0.35003	189.308	44.6367	-22.1506	-0.0332492	211.761	235.132	0.900607
1045	0.00107814	0.35003	189.308	44.6367	-22.1378	-0.0332459	211.774	235.132	0.900662
1046	0.00107903	0.35003	189.308	44.6368	-22.1247	-0.0332426	211.787	235.132	0.900717
1047	0.00107992	0.35003	189.308	44.6368	-22.1115	-0.0332393	211.8	235.132	0.900773
1048	0.0010808	0.35003	189.308	44.6368	-22.0982	-0.033236	211.814	235.132	0.90083
1049	0.00108169	0.35003	189.308	44.6368	-22.0847	-0.0332326	211.827	235.132	0.900887
1050	0.00108258	0.35003	189.308	44.6369	-22.0712	-0.0332293	211.841	235.132	0.900945
1051	0.00108347	0.35003	189.308	44.6369	-22.0577	-0.033226	211.854	235.132	0.901002
1052	0.00108436	0.35003	189.308	44.6369	-22.0442	-0.0332227	211.868	235.132	0.90106
1053	0.00108524	0.35003	189.308	44.6369	-22.0306	-0.0332193	211.881	235.132	0.901117
1054	0.00108613	0.35003	189.308	44.6369	-22.0171	-0.033216	211.895	235.132	0.901175
1055	0.00108702	0.35003	189.308	44.637	-22.0037	-0.0332127	211.908	235.132	0.901232
1056	0.00108791	0.35003	189.308	44.637	-21.9903	-0.0332094	211.922	235.132	0.901289
1057	0.00108879	0.35003	189.308	44.637	-21.977	-0.033206	211.935	235.132	0.901345
1058	0.00108968	0.35003	189.308	44.637	-21.9638	-0.0332027	211.948	235.132	0.901402
1059	0.00109057	0.35003	189.308	44.6371	-21.9506	-0.0331994	211.961	235.132	0.901458
1060	0.00109146	0.35003	189.308	44.6371	-21.9375	-0.033196	211.974	235.132	0.901514
1061	0.00109235	0.35003	189.308	44.6371	-21.9245	-0.0331927	211.987	235.132	0.901569
1062	0.00109323	0.35003	189.308	44.6371	-21.9115	-0.0331894	212	235.132	0.901624
1063	0.00109412	0.35003	189.308	44.6372	-21.8985	-0.0331861	212.013	235.132	0.901679
1064	0.00109501	0.35003	189.308	44.6372	-21.8857	-0.0331827	212.026	235.132	0.901734
1065	0.0010959	0.35003	189.308	44.6372	-21.8729	-0.0331794	212.039	235.132	0.901789
1066	0.00109679	0.35003	189.308	44.6372	-21.8601	-0.0331761	212.052	235.132	0.901843
1067	0.00109767	0.35003	189.308	44.6372	-21.8474	-0.0331727	212.065	235.132	0.901897
1068	0.00109856	0.35003	189.308	44.6373	-21.8347	-0.0331694	212.077	235.132	0.901951
1069	0.00109945	0.35003	189.308	44.6373	-21.8221	-0.0331661	212.09	235.132	0.902004
1070	0.00110034	0.35003	189.308	44.6373	-21.8095	-0.0331627	212.102	235.132	0.902058
1071	0.00110123	0.35003	189.308	44.6373	-21.797	-0.0331594	212.115	235.132	0.902111
1072	0.00110211	0.35003	189.308	44.6374	-21.7845	-0.0331561	212.127	235.132	0.902164
1073	0.001103	0.35003	189.308	44.6374	-21.772	-0.0331527	212.14	235.132	0.902217
1074	0.00110389	0.35003	189.308	44.6374	-21.7596	-0.0331494	212.152	235.132	0.90227
1075	0.00110478	0.35003	189.308	44.6374	-21.7472	-0.0331461	212.165	235.132	0.902323
1076	0.00110567	0.35003	189.308	44.6375	-21.7349	-0.0331427	212.177	235.132	0.902375
1077	0.00110655	0.35003	189.308	44.6375	-21.7227	-0.0331394	212.189	235.132	0.902428
1078	0.00110744	0.35003	189.308	44.6375	-21.7105	-0.0331361	212.202	235.132	0.902479
1079	0.00110833	0.35003	189.308	44.6375	-21.6983	-0.0331328	212.214	235.132	0.902531
1080	0.00110922	0.35003	189.308	44.6375	-21.6863	-0.0331295	212.226	235.132	0.902582
1081	0.00111011	0.35003	189.308	44.6376	-21.6743	-0.0331262	212.238	235.132	0.902633
1082	0.00111099	0.35003	189.308	44.6376	-21.6625	-0.0331229	212.25	235.132	0.902684
1083	0.00111188	0.35003	189.308	44.6376	-21.6507	-0.0331197	212.261	235.132	0.902734
1084	0.00111277	0.35003	189.308	44.6376	-21.6391	-0.0331164	212.273	235.132	0.902783
1085	0.00111366	0.35003	189.307	44.6377	-21.6276	-0.0331132	212.284	235.132	0.902832
1086	0.00111455	0.35003	189.307	44.6377	-21.6162	-0.03311	212.296	235.132	0.90288
1087	0.00111544	0.35003	189.307	44.6377	-21.605	-0.0331067	212.307	235.132	0.902928
1088	0.00111632	0.35003	189.307	44.6377	-21.5939	-0.0331035	212.318	235.132	0.902975
1089	0.00111721	0.350031	189.307	44.6378	-21.5829	-0.0331004	212.329	235.132	0.903022
1090	0.0011181	0.350031	189.307	44.6378	-21.5722	-0.0330972	212.34	235.132	0.903068
1091	0.00111899	0.350031	189.307	44.6378	-21.5616	-0.033094	212.35	235.132	0.903113
1092	0.00111988	0.350031	189.307	44.6378	-21.5511	-0.0330909	212.361	235.132	0.903157
1093	0.00112077	0.350031	189.307	44.6379	-21.5409	-0.0330877	212.371	235.132	0.903201
1094	0.00112166	0.350031	189.307	44.6379	-21.5308	-0.0330846	212.381	235.132	0.903244
1095	0.00112254	0.350031	189.307	44.6379	-21.5208	-0.0330815	212.391	235.132	0.903286
1096	0.00112343	0.350031	189.307	44.6379	-21.5111	-0.0330784	212.401	235.132	0.903328
1097	0.00112432	0.350031	189.307	44.6379	-21.5015	-0.0330752	212.411	235.132	0.903369
1098	0.00112521	0.350031	189.307	44.638	-21.492	-0.0330721	212.42	235.132	0.903409
1099	0.0011261	0.350031	189.307	44.638	-21.4827	-0.0330691	212.429	235.132	0.903448
1100	0.00112699	0.350031	189.307	44.638	-21.4735	-0.033066	212.439	235.132	0.903487
1101	0.00112788	0.350031	189.307	44.638	-21.4645	-0.0330629	212.448	235.132	0.903526
1102	0.00112876	0.350031	189.307	44.6381	-21.4556	-0.0330598	212.457	235.132	0.903564
1103	0.00112965	0.350031	189.307	44.6381	-21.4468	-0.0330568	212.465	235.132	0.903601
1104	0.00113054	0.350031	189.307	44.6381	-21.4381	-0.0330537	212.474	235.132	0.903638
1105	0.00113143	0.350031	189.307	44.6381	-21.4295	-0.0330506	212.483	235.132	0.903675
1106	0.00113232	0.350031	189.307	44.6382	-21.421	-0.0330476	212.491	235.132	0.903711
1107	0.00113321	0.350031	189.307	44.6382	-21.4125	-0.0330445	212.5	235.132	0.903747
1108	0.0011341	0.350031	189.307	44.6382	-21.4041	-0.0330415	212.508	235.132	0.903783
1109	0.00113499	0.350031	189.307	44.6382	-21.3958	-0.0330384	212.516	235.132	0.903818
1110	0.00113588	0.350031	189.307	44.6382	-21.3875	-0.0330354	212.525	235.132	0.903853
1111	0.00113676	0.350031	189.307	44.6383	-21.3793	-0.0330324	212.533	235.132	0.903888
1112	0.00113765	0.350031	189.307	44.6383	-21.371	-0.0330293	212.541	235.132	0.903924
1113	0.00113854	0.350031	189.307	44.6383	-21.3628	-0.0330263	212.549	235.132	0.903959
1114	0.00113943	0.350031	189.307	44.6383	-21.3545	-0.0330232	212.558	235.132	0.903994
1115	0.00114032	0.350031	189.307	44.6384	-21.3463	-0.0330202	212.566	235.132	0.904029
1116	0.00114121	0.350031	189.307	44.6384	-21.338	-0.0330171	212.574	235.132	0.904064
1117	0.0011421	0.350031	189.307	44.6384	-21.3297	-0.0330141	212.583	235.132	0.904099
1118	0.00114299	0.350031	189.307	44.6384	-21.3213	-0.0330111	212.591	235.132	0.904135
1119	0.00114388	0.350031	189.307	44.6385	-21.3129	-0.033008	212.599	235.132	0.904171
1120	0.00114476	0.350031	189.307	44.6385	-21.3044	-0.033005	212.608	235.132	0.904207
1121	0.00114565	0.350031	189.307	44.6385	-21.2959	-0.0330019	212.616	235.132	0.904243
1122	0.00114654	0.350031	189.307	44.6385	-21.2873	-0.0329989	212.625	235.132	0.90428
1123	0.00114743	0.350031	189.307	44.6385	-21.2786	-0.0329959	212.634	235.132	0.904317
1124	0.00114832	0.350031	189.307	44.6386	-21.2699	-0.0329928	212.642	235.132	0.904354
1125	0.00114921	0.350031	189.307	44.6386	-21.261	-0.0329898	212.651	235.132	0.904391
1126	0.0011501	0.350031	189.307	44.6386	-21.2521	-0.0329868	212.66	235.132	0.904429
1127	0.00115099	0.350031	189.307	44.6386	-21.2432	-0.0329838	212.669	235.132	0.904467
1128	0.00115188	0.350031	189.307	44.6387	-21.2342	-0.0329808	212.678	235.132	0.904506
1129	0.00115277	0.350031	189.307	44.6387	-21.2251	-0.0329778	212.687	235.132	0.904544
1130	0.00115366	0.350031	189.306	44.6387	-21.216	-0.0329748	212.696	235.132	0.904583
1131	0.00115454	0.350031	189.306	44.6387	-21.2069	-0.0329718	212.705	235.132	0.904622
1132	0.00115543	0.350031	189.306	44.6388	-21.1977	-0.0329688	212.715	235.132	0.904661
1133	0.00115632	0.350031	189.306	44.6388	-21.1885	-0.0329658	212.724	235.132	0.9047
1134	0.00115721	0.350031	189.306	44.6388	-21.1793	-0.0329629	212.733	235.132	0.904739
1135	0.0011581	0.350031	189.306	44.6388	-21.1702	-0.0329599	212.742	235.132	0.904778
1136	0.00115899	0.350031	189.306	44.6388	-21.161	-0.0329569	212.751	235.132	0.904817
1137	0.00115988	0.350031	189.306	44.6389	-21.1519	-0.032954	212.76	235.132	0.904856
1138	0.00116077	0.350031	189.306	44.6389	-21.1428	-0.032951	212.769	235.132	0.904894
1139	0.00116166	0.350031	189.306	44.6389	-21.1338	-0.032948	212.778	235.132	0.904933
1140	0.00116255	0.350031	189.306	44.6389	-21.1248	-0.0329451	212.787	235.132	0.904971
1141	0.00116344	0.350031	189.306	44.639	-21.1159	-0.0329421	212.796	235.132	0.905009
1142	0.00116433	0.350031	189.306	44.639	-21.1071	-0.0329391	212.805	235.132	0.905046
1143	0.00116522	0.350031	189.306	44.639	-21.0985	-0.0329361	212.814	235.132	0.905083
1144	0.00116611	0.350031	189.306	44.639	-21.0899	-0.0329332	212.822	235.132	0.90512
1145	0.00116699	0.350031	189.306	44.6391	-21.0814	-0.0329302	212.831	235.132	0.905156
1146	0.00116788	0.350031	189.306	44.6391	-21.073	-0.0329272	212.839	235.132	0.905191
1147	0.00116877	0.350031	189.306	44.6391	-21.0648	-0.0329242	212.847	235.132	0.905226
1148	0.00116966	0.350031	189.306	44.6391	-21.0567	-0.0329212	212.856	235.132	0.905261
1149	0.00117055	0.350031	189.306	44.6391	-21.0488	-0.0329181	212.864	235.132	0.905294
1150	0.00117144	0.350031	189.306	44.6392	-21.0411	-0.0329151	212.871	235.132	0.905327
1151	0.00117233	0.350031	189.306	44.6392	-21.0335	-0.0329121	212.879	235.132	0.905359
1152	0.00117322	0.350031	189.306	44.6392	-21.0262	-0.032909	212.886	235.132	0.90539
1153	0.00117411	0.350031	189.306	44.6392	-21.0194	-0.032906	212.893	235.132	0.905419
1154	0.001175	0.350031	189.306	44.6393	-21.0131	-0.0329029	212.899	235.132	0.905446
1155	0.00117589	0.350031	189.306	44.6393	-21.0083	-0.0328998	212.904	235.132	0.905466
1156	0.00117678	0.350031	189.306	44.6393	-21.0094	-0.0328965	212.903	235.132	0.905462
1157	0.00117767	0.350031	189.306	44.6393	-21.0079	-0.0328932	212.904	235.132	0.905468
1158	0.00117856	0.350031	189.306	44.6394	-21.0044	-0.0328899	212.908	235.132	0.905483
1159	0.00117945	0.350031	189.306	44.6394	-20.9995	-0.0328866	212.913	235.132	0.905504
1160	0.00118034	0.350031	189.306	44.6394	-20.9935	-0.0328832	212.919	235.132	0.90553
1161	0.00118123	0.350031	189.306	44.6394	-20.9867	-0.0328799	212.926	235.132	0.905559
1162	0.00118211	0.350031	189.306	44.6395	-20.9791	-0.0328766	212.933	235.132	0.905591
1163	0.001183	0.350031	189.306	44.6395	-20.971	-0.0328732	212.941	235.132	0.905625
1164	0.00118389	0.350031	189.306	44.6395	-20.9623	-0.0328698	212.95	235.132	0.905662
1165	0.00118478	0.350031	189.306	44.6395	-20.9531	-0.0328665	212.959	235.132	0.905701
1166	0.00118567	0.350031	189.306	44.6395	-20.9431	-0.0328632	212.969	235.132	0.905744
1167	0.00118656	0.350031	189.306	44.6396	-20.9269	-0.0328599	212.985	235.132	0.905813
1168	0.00118745	0.350031	189.306	44.6396	-20.9088	-0.0328567	213.004	235.132	0.90589
1169	0.00118834	0.350031	189.306	44.6396	-20.8907	-0.0328535	213.022	235.132	0.905967
1170	0.00118923	0.350031	189.306	44.6396	-20.8728	-0.0328503	213.04	235.132	0.906043
1171	0.00119012	0.350031	189.306	44.6397	-20.8554	-0.0328471	213.057	235.132	0.906117
1172	0.00119101	0.350031	189.306	44.6397	-20.8387	-0.0328439	213.074	235.132	0.906188
1173	0.0011919	0.350031	189.306	44.6397	-20.8229	-0.0328408	213.09	235.132	0.906256
1174	0.00119279	0.350031	189.306	44.6397	-20.8081	-0.0328377	213.104	235.132	0.906318
1175	0.00119368	0.350031	189.306	44.6398	-20.7944	-0.0328347	213.118	235.132	0.906376
1176	0.00119457	0.350031	189.305	44.6398	-20.782	-0.0328317	213.13	235.132	0.906429
1177	0.00119546	0.350031	189.305	44.6398	-20.771	-0.0328288	213.141	235.132	0.906476
1178	0.00119635	0.350031	189.305	44.6398	-20.7612	-0.0328258	213.151	235.132	0.906518
1179	0.00119724	0.350031	189.305	44.6398	-20.7529	-0.0328229	213.16	235.132	0.906553
1180	0.00119813	0.350031	189.305	44.6399	-20.7459	-0.03282	213.167	235.132	0.906583
1181	0.00119902	0.350031	189.305	44.6399	-20.7403	-0.0328171	213.172	235.132	0.906607
1182	0.00119991	0.350031	189.305	44.6399	-20.736	-0.0328142	213.176	235.132	0.906625
1183	0.00120079	0.350031	189.305	44.6399	-20.733	-0.0328112	213.179	235.132	0.906638
1184	0.00120168	0.350031	189.305	44.64	-20.7312	-0.0328082	213.181	235.132	0.906645
1185	0.00120257	0.350031	189.305	44.64	-20.7306	-0.0328052	213.182	235.132	0.906648
1186	0.00120346	0.350031	189.305	44.64	-20.7312	-0.0328022	213.181	235.132	0.906645
1187	0.00120435	0.350031	189.305	44.64	-20.7331	-0.0327991	213.179	235.132	0.906637
1188	0.00120524	0.350031	189.305	44.64	-20.7369	-0.0327959	213.176	235.132	0.906621
1189	0.00120613	0.350031	189.305	44.6401	-20.746	-0.0327927	213.167	235.132	0.906583
1190	0.00120702	0.350031	189.305	44.6401	-20.7573	-0.0327893	213.155	235.132	0.906535
1191	0.00120791	0.350031	189.305	44.6401	-20.7653	-0.0327859	213.147	235.132	0.906501
1192	0.0012088	0.350031	189.305	44.6401	-20.7706	-0.0327824	213.142	235.132	0.906478
1193	0.00120969	0.350031	189.305	44.6402	-20.7738	-0.0327789	213.139	235.132	0.906464
1194	0.00121058	0.350031	189.305	44.6402	-20.7753	-0.0327754	213.137	235.132	0.906458
1195	0.00121147	0.350031	189.305	44.6402	-20.7752	-0.032772	213.137	235.132	0.906459
1196	0.00121236	0.350031	189.305	44.6402	-20.7737	-0.0327685	213.139	235.132	0.906465
1197	0.00121325	0.350031	189.305	44.6403	-20.7709	-0.032765	213.142	235.132	0.906477
1198	0.00121414	0.350031	189.305	44.6403	-20.7668	-0.0327616	213.146	235.132	0.906494
1199	0.00121503	0.350031	189.305	44.6403	-20.7617	-0.0327582	213.151	235.132	0.906516
1200	0.00121592	0.350031	189.305	44.6403	-20.7554	-0.0327549	213.157	235.132	0.906543
1201	0.00121681	0.350031	189.305	44.6403	-20.7438	-0.0327516	213.169	235.132	0.906592
1202	0.0012177	0.350031	189.305	44.6404	-20.7278	-0.0327485	213.185	235.132	0.90666
1203	0.00121859	0.350031	189.305	44.6404	-20.7109	-0.0327453	213.202	235.132	0.906732
1204	0.00121949	0.350031	189.305	44.6404	-20.6938	-0.0327422	213.219	235.132	0.906805
1205	0.00122038	0.350031	189.305	44.6404	-20.6766	-0.0327391	213.236	235.132	0.906878
1206	0.00122127	0.350031	189.305	44.6405	-20.6596	-0.0327361	213.253	235.132	0.90695
1207	0.00122216	0.350031	189.305	44.6405	-20.643	-0.0327331	213.27	235.132	0.907021
1208	0.00122305	0.350031	189.305	44.6405	-20.6274	-0.0327301	213.285	235.132	0.907087
1209	0.00122394	0.350031	189.305	44.6405	-20.6128	-0.0327273	213.3	235.132	0.907149
1210	0.00122483	0.350031	189.305	44.6406	-20.5995	-0.0327244	213.313	235.132	0.907206
1211	0.00122572	0.350031	189.305	44.6406	-20.5875	-0.0327216	213.325	235.132	0.907257
1212	0.00122661	0.350031	189.305	44.6406	-20.5772	-0.0327189	213.335	235.132	0.907301
1213	0.0012275	0.350031	189.305	44.6406	-20.5683	-0.0327162	213.344	235.132	0.907338
1214	0.00122839	0.350031	189.305	44.6406	-20.5611	-0.0327135	213.351	235.132	0.907369
1215	0.00122928	0.350031	189.305	44.6407	-20.5555	-0.0327108	213.357	235.132	0.907393
1216	0.00123017	0.350031	189.305	44.6407	-20.5515	-0.0327081	213.361	235.132	0.90741
1217	0.00123106	0.350031	189.305	44.6407	-20.5491	-0.0327055	213.363	235.132	0.90742
1218	0.00123195	0.350031	189.305	44.6407	-20.5482	-0.0327028	213.364	235.132	0.907424
1219	0.00123284	0.350031	189.305	44.6408	-20.5488	-0.0327001	213.364	235.132	0.907421
1220	0.00123373	0.350031	189.305	44.6408	-20.5511	-0.0326973	213.362	235.132	0.907412
1221	0.00123462	0.350031	189.305	44.6408	-20.5555	-0.0326945	213.357	235.132	0.907393
1222	0.00123551	0.350031	189.304	44.6408	-20.5665	-0.0326916	213.346	235.132	0.907346
1223	0.0012364	0.350031	189.304	44.6409	-20.5786	-0.0326885	213.334	235.132	0.907295
1224	0.00123729	0.350031	189.304	44.6409	-20.5874	-0.0326853	213.325	235.132	0.907257
1225	0.00123818	0.350031	189.304	44.6409	-20.5934	-0.0326821	213.319	235.132	0.907232
1226	0.00123907	0.350031	189.304	44.6409	-20.5969	-0.0326789	213.316	235.132	0.907217
1227	0.00123996	0.350031	189.304	44.6409	-20.5983	-0.0326756	213.314	235.132	0.907211
1228	0.00124085	0.350031	189.304	44.641	-20.5978	-0.0326723	213.315	235.132	0.907213
1229	0.00124174	0.350031	189.304	44.641	-20.5955	-0.032669	213.317	235.132	0.907223
1230	0.00124263	0.350031	189.304	44.641	-20.5913	-0.0326657	213.321	235.132	0.907241
1231	0.00124352	0.350031	189.304	44.641	-20.5853	-0.0326624	213.327	235.132	0.907267
1232	0.00124441	0.350031	189.304	44.6411	-20.5776	-0.0326591	213.335	235.132	0.907299
1233	0.00124531	0.350031	189.304	44.6411	-20.5684	-0.0326558	213.344	235.132	0.907338
1234	0.0012462	0.350031	189.304	44.6411	-20.5559	-0.0326527	213.357	235.132	0.907392
1235	0.00124709	0.350031	189.304	44.6411	-20.5366	-0.0326496	213.376	235.132	0.907474
1236	0.00124798	0.350031	189.304	44.6412	-20.5156	-0.0326465	213.397	235.132	0.907563
1237	0.00124887	0.350031	189.304	44.6412	-20.4938	-0.0326435	213.419	235.132	0.907656
1238	0.00124976	0.350031	189.304	44.6412	-20.4716	-0.0326404	213.441	235.132	0.90775
1239	0.00125065	0.350031	189.304	44.6412	-20.4491	-0.0326374	213.464	235.132	0.907846
1240	0.00125154	0.350031	189.304	44.6412	-20.4267	-0.0326344	213.486	235.132	0.907941
1241	0.00125243	0.350031	189.304	44.6413	-20.4048	-0.0326315	213.508	235.132	0.908034
1242	0.00125332	0.350031	189.304	44.6413	-20.3839	-0.0326286	213.529	235.132	0.908123
1243	0.00125421	0.350031	189.304	44.6413	-20.3642	-0.0326258	213.549	235.132	0.908207
1244	0.0012551	0.350031	189.304	44.6413	-20.3459	-0.0326231	213.567	235.132	0.908285
1245	0.00125599	0.350031	189.304	44.6414	-20.3293	-0.0326204	213.583	235.132	0.908355
1246	0.00125688	0.350031	189.304	44.6414	-20.3144	-0.0326177	213.598	235.132	0.908419
1247	0.00125777	0.350031	189.304	44.6414	-20.3014	-0.0326151	213.611	235.132	0.908474
1248	0.00125866	0.350031	189.304	44.6414	-20.2903	-0.0326125	213.622	235.132	0.908522
1249	0.00125955	0.350031	189.304	44.6415	-20.281	-0.0326099	213.632	235.132	0.908561
1250	0.00126044	0.350031	189.304	44.6415	-20.2736	-0.0326072	213.639	235.132	0.908593
1251	0.00126133	0.350031	189.304	44.6415	-20.268	-0.0326046	213.645	235.132	0.908616
1252	0.00126222	0.350031	189.304	44.6415	-20.2641	-0.032602	213.649	235.132	0.908633
1253	0.00126312	0.350031	189.304	44.6415	-20.262	-0.0325993	213.651	235.132	0.908642
1254	0.00126401	0.350031	189.304	44.6416	-20.2615	-0.0325966	213.651	235.132	0.908644
1255	0.0012649	0.350031	189.304	44.6416	-20.2631	-0.0325938	213.65	235.132	0.908637
1256	0.00126579	0.350031	189.304	44.6416	-20.2685	-0.0325909	213.644	235.132	0.908614
1257	0.00126668	0.350031	189.304	44.6416	-20.28	-0.0325878	213.633	235.132	0.908565
1258	0.00126757	0.350031	189.304	44.6417	-20.2884	-0.0325846	213.624	235.132	0.90853
1259	0.00126846	0.350031	189.304	44.6417	-20.294	-0.0325814	213.619	235.132	0.908506
1260	0.00126935	0.350031	189.304	44.6417	-20.2972	-0.0325782	213.616	235.132	0.908492
1261	0.00127024	0.350031	189.304	44.6417	-20.2985	-0.0325749	213.614	235.132	0.908487
1262	0.00127113	0.350031	189.304	44.6417	-20.2981	-0.0325716	213.615	235.132	0.908488
1263	0.00127202	0.350031	189.304	44.6418	-20.2961	-0.0325683	213.617	235.132	0.908497
1264	0.00127291	0.350031	189.304	44.6418	-20.2927	-0.032565	213.62	235.132	0.908512
1265	0.0012738	0.350031	189.304	44.6418	-20.2877	-0.0325617	213.625	235.132	0.908533
1266	0.0012747	0.350031	189.304	44.6418	-20.2814	-0.0325584	213.631	235.132	0.90856
1267	0.00127559	0.350031	189.304	44.6419	-20.2737	-0.0325552	213.639	235.132	0.908592
1268	0.00127648	0.350031	189.303	44.6419	-20.2649	-0.032552	213.648	235.132	0.90863
1269	0.00127737	0.350031	189.303	44.6419	-20.253	-0.0325489	213.66	235.132	0.90868
1270	0.00127826	0.350031	189.303	44.6419	-20.2351	-0.032546	213.678	235.132	0.908756
1271	0.00127915	0.350031	189.303	44.642	-20.2159	-0.0325431	213.697	235.132	0.908838
1272	0.00128004	0.350031	189.303	44.642	-20.1965	-0.0325402	213.716	235.132	0.908921
1273	0.00128093	0.350031	189.303	44.642	-20.177	-0.0325373	213.736	235.132	0.909004
1274	0.00128182	0.350031	189.303	44.642	-20.1577	-0.0325345	213.755	235.132	0.909086
1275	0.00128271	0.350031	189.303	44.642	-20.1392	-0.0325318	213.774	235.132	0.909164
1276	0.00128361	0.350031	189.303	44.6421	-20.1217	-0.0325291	213.791	235.132	0.909239
1277	0.0012845	0.350031	189.303	44.6421	-20.1056	-0.0325265	213.807	235.132	0.909307
1278	0.00128539	0.350031	189.303	44.6421	-20.0912	-0.032524	213.822	235.132	0.909369
1279	0.00128628	0.350031	189.303	44.6421	-20.0785	-0.0325216	213.834	235.132	0.909423
1280	0.00128717	0.350031	189.303	44.6422	-20.0677	-0.0325192	213.845	235.132	0.909468
1281	0.00128806	0.350031	189.303	44.6422	-20.0589	-0.0325169	213.854	235.132	0.909506
1282	0.00128895	0.350031	189.303	44.6422	-20.0521	-0.0325146	213.861	235.132	0.909535
1283	0.00128984	0.350031	189.303	44.6422	-20.0474	-0.0325124	213.865	235.132	0.909555
1284	0.00129073	0.350031	189.303	44.6423	-20.0446	-0.0325102	213.868	235.132	0.909567
1285	0.00129162	0.350031	189.303	44.6423	-20.0438	-0.032508	213.869	235.132	0.90957
1286	0.00129252	0.350031	189.303	44.6423	-20.0449	-0.0325058	213.868	235.132	0.909565
1287	0.00129341	0.350031	189.303	44.6423	-20.0479	-0.0325035	213.865	235.132	0.909553
1288	0.0012943	0.350031	189.303	44.6423	-20.0528	-0.0325013	213.86	235.132	0.909532
1289	0.00129519	0.350031	189.303	44.6424	-20.0601	-0.032499	213.853	235.132	0.909501
1290	0.00129608	0.350031	189.303	44.6424	-20.0731	-0.0324965	213.84	235.132	0.909446
1291	0.00129697	0.350031	189.303	44.6424	-20.0893	-0.0324939	213.824	235.132	0.909377
1292	0.00129786	0.350031	189.303	44.6424	-20.1026	-0.0324912	213.81	235.132	0.90932
1293	0.00129875	0.350031	189.303	44.6425	-20.1132	-0.0324885	213.8	235.132	0.909275
1294	0.00129965	0.350031	189.303	44.6425	-20.1215	-0.0324857	213.791	235.132	0.90924
1295	0.00130054	0.350031	189.303	44.6425	-20.1278	-0.0324829	213.785	235.132	0.909213
1296	0.00130143	0.350031	189.303	44.6425	-20.1324	-0.03248	213.781	235.132	0.909193
1297	0.00130232	0.350031	189.303	44.6426	-20.1353	-0.0324771	213.778	235.132	0.909181
1298	0.00130321	0.350031	189.303	44.6426	-20.1366	-0.0324742	213.776	235.132	0.909176
1299	0.0013041	0.350031	189.303	44.6426	-20.1361	-0.0324713	213.777	235.132	0.909178
1300	0.00130499	0.350031	189.303	44.6426	-20.1341	-0.0324683	213.779	235.132	0.909186
1301	0.00130588	0.350031	189.303	44.6426	-20.1305	-0.0324654	213.782	235.132	0.909202
1302	0.00130677	0.350031	189.303	44.6427	-20.1255	-0.0324626	213.787	235.132	0.909223
1303	0.00130767	0.350031	189.303	44.6427	-20.1166	-0.0324598	213.796	235.132	0.909261
1304	0.00130856	0.350031	189.303	44.6427	-20.1019	-0.0324571	213.811	235.132	0.909323
1305	0.00130945	0.350031	189.303	44.6427	-20.0859	-0.0324544	213.827	235.132	0.909391
1306	0.00131034	0.350031	189.303	44.6428	-20.0694	-0.0324516	213.844	235.132	0.909461
1307	0.00131123	0.350031	189.303	44.6428	-20.0527	-0.0324489	213.86	235.132	0.909532
1308	0.00131212	0.350031	189.303	44.6428	-20.0361	-0.0324462	213.877	235.132	0.909603
1309	0.00131301	0.350031	189.303	44.6428	-20.0201	-0.0324435	213.893	235.132	0.909671
1310	0.0013139	0.350031	189.303	44.6428	-20.0049	-0.0324409	213.908	235.132	0.909736
1311	0.00131479	0.350031	189.303	44.6429	-19.9908	-0.0324383	213.922	235.132	0.909796
1312	0.00131568	0.350031	189.303	44.6429	-19.9782	-0.0324357	213.935	235.132	0.90985
1313	0.00131657	0.350031	189.303	44.6429	-19.9671	-0.0324332	213.946	235.132	0.909897
1314	0.00131746	0.350031	189.302	44.6429	-19.9576	-0.0324307	213.955	235.132	0.909937
1315	0.00131835	0.350031	189.302	44.643	-19.95	-0.0324282	213.963	235.132	0.909969
1316	0.00131924	0.350031	189.302	44.643	-19.9441	-0.0324257	213.969	235.132	0.909994
1317	0.00132013	0.350031	189.302	44.643	-19.94	-0.0324232	213.973	235.132	0.910012
1318	0.00132102	0.350031	189.302	44.643	-19.9377	-0.0324207	213.975	235.132	0.910022
1319	0.00132191	0.350031	189.302	44.6431	-19.9372	-0.0324182	213.976	235.132	0.910024
1320	0.0013228	0.350031	189.302	44.6431	-19.9382	-0.0324156	213.975	235.132	0.910019
1321	0.00132369	0.350031	189.302	44.6431	-19.9409	-0.0324131	213.972	235.132	0.910008
1322	0.00132458	0.350031	189.302	44.6431	-19.9452	-0.0324104	213.968	235.132	0.90999
1323	0.00132547	0.350031	189.302	44.6431	-19.9511	-0.0324077	213.962	235.132	0.909965
1324	0.00132636	0.350031	189.302	44.6432	-19.9591	-0.032405	213.954	235.132	0.909931
1325	0.00132725	0.350031	189.302	44.6432	-19.9735	-0.032402	213.94	235.132	0.909869
1326	0.00132814	0.350031	189.302	44.6432	-19.9893	-0.0323989	213.924	235.132	0.909802
1327	0.00132903	0.350031	189.302	44.6432	-20.0021	-0.0323957	213.911	235.132	0.909748
1328	0.00132992	0.350031	189.302	44.6433	-20.0123	-0.0323924	213.901	235.132	0.909704
1329	0.00133081	0.350031	189.302	44.6433	-20.0203	-0.0323891	213.893	235.132	0.909671
1330	0.0013317	0.350031	189.302	44.6433	-20.0264	-0.0323858	213.887	235.132	0.909645
1331	0.00133259	0.350031	189.302	44.6433	-20.0307	-0.0323824	213.882	235.132	0.909626
1332	0.00133348	0.350031	189.302	44.6433	-20.0335	-0.032379	213.88	235.132	0.909614
1333	0.00133437	0.350031	189.302	44.6434	-20.0347	-0.0323756	213.878	235.132	0.909609
1334	0.00133526	0.350031	189.302	44.6434	-20.0345	-0.0323722	213.879	235.132	0.90961
1335	0.00133615	0.350031	189.302	44.6434	-20.0329	-0.0323688	213.88	235.132	0.909617
1336	0.00133704	0.350031	189.302	44.6434	-20.03	-0.0323655	213.883	235.132	0.909629
1337	0.00133793	0.350031	189.302	44.6435	-20.0261	-0.0323621	213.887	235.132	0.909646
1338	0.00133882	0.350031	189.302	44.6435	-20.0182	-0.0323589	213.895	235.132	0.909679
1339	0.00133971	0.350031	189.302	44.6435	-20.0052	-0.0323558	213.908	235.132	0.909735
1340	0.0013406	0.350031	189.302	44.6435	-19.9914	-0.0323527	213.922	235.132	0.909794
1341	0.00134149	0.350031	189.302	44.6436	-19.9774	-0.0323496	213.936	235.132	0.909853
1342	0.00134238	0.350031	189.302	44.6436	-19.964	-0.0323465	213.949	235.132	0.90991
1343	0.00134327	0.350031	189.302	44.6436	-19.9513	-0.0323435	213.962	235.132	0.909964
1344	0.00134416	0.350031	189.302	44.6436	-19.9396	-0.0323404	213.973	235.132	0.910014
1345	0.00134505	0.350031	189.302	44.6436	-19.9293	-0.0323374	213.984	235.132	0.910058
1346	0.00134594	0.350031	189.302	44.6437	-19.9205	-0.0323345	213.993	235.132	0.910095
1347	0.00134683	0.350031	189.302	44.6437	-19.9133	-0.0323316	214	235.132	0.910126
1348	0.00134771	0.350031	189.302	44.6437	-19.908	-0.0323288	214.005	235.132	0.910148
1349	0.0013486	0.350031	189.302	44.6437	-19.9047	-0.032326	214.008	235.132	0.910163
1350	0.00134949	0.350031	189.302	44.6438	-19.9033	-0.0323232	214.01	235.132	0.910169
1351	0.00135038	0.350031	189.302	44.6438	-19.9038	-0.0323204	214.009	235.132	0.910166
1352	0.00135127	0.350031	189.302	44.6438	-19.9064	-0.0323177	214.007	235.132	0.910155
1353	0.00135216	0.350031	189.302	44.6438	-19.9111	-0.0323149	214.002	235.132	0.910135
1354	0.00135305	0.350031	189.302	44.6438	-19.9177	-0.0323122	213.995	235.132	0.910107
1355	0.00135394	0.350031	189.302	44.6439	-19.9262	-0.0323094	213.987	235.132	0.910071
1356	0.00135483	0.350031	189.302	44.6439	-19.9365	-0.0323066	213.977	235.132	0.910027
1357	0.00135572	0.350031	189.302	44.6439	-19.9487	-0.0323037	213.965	235.132	0.909976
1358	0.00135661	0.350031	189.302	44.6439	-19.963	-0.0323008	213.95	235.132	0.909914
1359	0.0013575	0.350031	189.302	44.644	-19.9822	-0.0322978	213.931	235.132	0.909833
1360	0.00135839	0.350031	189.302	44.644	-20.0063	-0.0322947	213.907	235.132	0.90973
1361	0.00135928	0.350031	189.301	44.644	-20.0277	-0.0322914	213.885	235.132	0.909639
1362	0.00136017	0.350031	189.301	44.644	-20.0468	-0.0322881	213.866	235.132	0.909558
1363	0.00136106	0.350031	189.301	44.6441	-20.0636	-0.0322848	213.85	235.132	0.909487
1364	0.00136195	0.350031	189.301	44.6441	-20.0786	-0.0322815	213.835	235.132	0.909423
1365	0.00136284	0.350031	189.301	44.6441	-20.0921	-0.0322782	213.821	235.132	0.909366
1366	0.00136372	0.350031	189.301	44.6441	-20.1041	-0.0322749	213.809	235.132	0.909315
1367	0.00136461	0.350031	189.301	44.6441	-20.1147	-0.0322716	213.798	235.132	0.909269
1368	0.0013655	0.350031	189.301	44.6442	-20.124	-0.0322683	213.789	235.132	0.90923
1369	0.00136639	0.350031	189.301	44.6442	-20.1321	-0.032265	213.781	235.132	0.909196
1370	0.00136728	0.350031	189.301	44.6442	-20.139	-0.0322618	213.774	235.132	0.909166
1371	0.00136817	0.350031	189.301	44.6442	-20.145	-0.0322586	213.768	235.132	0.909141
1372	0.00136906	0.350031	189.301	44.6443	-20.1501	-0.0322555	213.763	235.132	0.909119
1373	0.00136995	0.350031	189.301	44.6443	-20.1501	-0.0322525	213.763	235.132	0.909119
1374	0.00137084	0.350031	189.301	44.6443	-20.1473	-0.0322496	213.766	235.132	0.909131
1375	0.00137173	0.350031	189.301	44.6443	-20.1445	-0.0322466	213.769	235.132	0.909143
1376	0.00137262	0.350031	189.301	44.6443	-20.1421	-0.0322437	213.771	235.132	0.909153
1377	0.00137351	0.350031	189.301	44.6444	-20.1403	-0.0322407	213.773	235.132	0.909161
1378	0.0013744	0.350031	189.301	44.6444	-20.1394	-0.0322378	213.774	235.132	0.909164
1379	0.00137528	0.350031	189.301	44.6444	-20.1396	-0.0322349	213.774	235.132	0.909164
1380	0.00137617	0.350031	189.301	44.6444	-20.1411	-0.032232	213.772	235.132	0.909158
1381	0.00137706	0.350031	189.301	44.6445	-20.1439	-0.0322291	213.769	235.132	0.909146
1382	0.00137795	0.350031	189.301	44.6445	-20.1483	-0.0322263	213.765	235.132	0.909127
1383	0.00137884	0.350031	189.301	44.6445	-20.1542	-0.0322235	213.759	235.132	0.909102
1384	0.00137973	0.350031	189.301	44.6445	-20.1618	-0.0322208	213.751	235.132	0.909069
1385	0.00138062	0.350031	189.301	44.6446	-20.1711	-0.032218	213.742	235.132	0.90903
1386	0.00138151	0.350031	189.301	44.6446	-20.1823	-0.0322153	213.731	235.132	0.908982
1387	0.00138239	0.350031	189.301	44.6446	-20.1952	-0.0322125	213.718	235.132	0.908927
1388	0.00138328	0.350031	189.301	44.6446	-20.2099	-0.0322097	213.703	235.132	0.908865
1389	0.00138417	0.350031	189.301	44.6446	-20.2262	-0.0322068	213.687	235.132	0.908796
1390	0.00138506	0.350031	189.301	44.6447	-20.2441	-0.032204	213.669	235.132	0.90872
1391	0.00138595	0.350031	189.301	44.6447	-20.2635	-0.032201	213.65	235.132	0.908637
1392	0.00138684	0.350031	189.301	44.6447	-20.285	-0.032198	213.628	235.132	0.908545
1393	0.00138772	0.350031	189.301	44.6447	-20.311	-0.0321949	213.602	235.132	0.908435
1394	0.00138861	0.350031	189.301	44.6448	-20.3421	-0.0321916	213.571	235.132	0.908303
1395	0.0013895	0.350031	189.301	44.6448	-20.3704	-0.0321882	213.543	235.132	0.908182
1396	0.00139039	0.350031	189.301	44.6448	-20.3963	-0.0321847	213.517	235.132	0.908072
1397	0.00139128	0.350031	189.301	44.6448	-20.42	-0.0321812	213.493	235.132	0.907971
1398	0.00139217	0.350031	189.301	44.6448	-20.4416	-0.0321776	213.472	235.132	0.907879
1399	0.00139305	0.350031	189.301	44.6449	-20.4615	-0.0321741	213.452	235.132	0.907795
1400	0.00139394	0.350031	189.301	44.6449	-20.4798	-0.0321705	213.434	235.132	0.907717
1401	0.00139483	0.350031	189.301	44.6449	-20.4966	-0.0321668	213.417	235.132	0.907646
1402	0.00139572	0.350031	189.301	44.6449	-20.5118	-0.0321632	213.402	235.132	0.907581
1403	0.00139661	0.350031	189.301	44.645	-20.5255	-0.0321595	213.388	235.132	0.907523
1404	0.00139749	0.350031	189.301	44.645	-20.5376	-0.0321559	213.376	235.132	0.907471
1405	0.00139838	0.350031	189.301	44.645	-20.5484	-0.0321523	213.365	235.132	0.907425
1406	0.00139927	0.350031	189.301	44.645	-20.5578	-0.0321487	213.356	235.132	0.907385
1407	0.00140016	0.350031	189.301	44.645	-20.5661	-0.0321452	213.347	235.132	0.90735
1408	0.00140104	0.350031	189.3	44.6451	-20.5734	-0.0321416	213.34	235.132	0.907319
1409	0.00140193	0.350031	189.3	44.6451	-20.576	-0.0321382	213.337	235.132	0.907308
1410	0.00140282	0.350031	189.3	44.6451	-20.5756	-0.0321348	213.338	235.132	0.90731
1411	0.00140371	0.350031	189.3	44.6451	-20.5748	-0.0321314	213.339	235.132	0.907313
1412	0.0014046	0.350031	189.3	44.6452	-20.5743	-0.0321279	213.339	235.132	0.907316
1413	0.00140548	0.350031	189.3	44.6452	-20.574	-0.0321244	213.339	235.132	0.907317
1414	0.00140637	0.350031	189.3	44.6452	-20.5742	-0.0321209	213.339	235.132	0.907316
1415	0.00140726	0.350031	189.3	44.6452	-20.5751	-0.0321174	213.338	235.132	0.907312
1416	0.00140815	0.350031	189.3	44.6453	-20.5768	-0.0321139	213.337	235.132	0.907305
1417	0.00140903	0.350031	189.3	44.6453	-20.5795	-0.0321105	213.334	235.132	0.907293
1418	0.00140992	0.350031	189.3	44.6453	-20.5833	-0.0321071	213.33	235.132	0.907277
1419	0.00141081	0.350031	189.3	44.6453	-20.5882	-0.0321038	213.325	235.132	0.907257
1420	0.0014117	0.350031	189.3	44.6453	-20.5943	-0.0321005	213.319	235.132	0.90723
1421	0.00141258	0.350031	189.3	44.6454	-20.602	-0.0320971	213.311	235.132	0.907198
1422	0.00141347	0.350031	189.3	44.6454	-20.6112	-0.0320938	213.302	235.132	0.907159
1423	0.00141436	0.350031	189.3	44.6454	-20.6217	-0.0320905	213.292	235.132	0.907114
1424	0.00141525	0.350031	189.3	44.6454	-20.6337	-0.0320872	213.28	235.132	0.907063
1425	0.00141613	0.350031	189.3	44.6455	-20.6472	-0.0320838	213.266	235.132	0.907006
1426	0.00141702	0.350031	189.3	44.6455	-20.6624	-0.0320805	213.251	235.132	0.906941
1427	0.00141791	0.350031	189.3	44.6455	-20.6805	-0.0320771	213.233	235.132	0.906864
1428	0.0014188	0.350031	189.3	44.6455	-20.7072	-0.0320734	213.206	235.132	0.90675
1429	0.00141968	0.350031	189.3	44.6455	-20.7314	-0.0320697	213.182	235.132	0.906648
1430	0.00142057	0.350031	189.3	44.6456	-20.7532	-0.032066	213.16	235.132	0.906555
1431	0.00142146	0.350031	189.3	44.6456	-20.7731	-0.0320622	213.14	235.132	0.90647
1432	0.00142235	0.350031	189.3	44.6456	-20.7911	-0.0320584	213.122	235.132	0.906394
1433	0.00142323	0.350031	189.3	44.6456	-20.8074	-0.0320547	213.106	235.132	0.906324
1434	0.00142412	0.350031	189.3	44.6457	-20.8222	-0.0320509	213.091	235.132	0.906261
1435	0.00142501	0.350031	189.3	44.6457	-20.8357	-0.0320471	213.078	235.132	0.906204
1436	0.0014259	0.350031	189.3	44.6457	-20.848	-0.0320434	213.066	235.132	0.906152
1437	0.00142678	0.350031	189.3	44.6457	-20.8591	-0.0320397	213.054	235.132	0.906105
1438	0.00142767	0.350031	189.3	44.6457	-20.8691	-0.032036	213.044	235.132	0.906062
1439	0.00142856	0.350031	189.3	44.6458	-20.878	-0.0320324	213.036	235.132	0.906024
1440	0.00142945	0.350031	189.3	44.6458	-20.8859	-0.0320288	213.028	235.132	0.905991
1441	0.00143034	0.350031	189.3	44.6458	-20.8929	-0.0320253	213.021	235.132	0.905961
1442	0.00143122	0.350031	189.3	44.6458	-20.8992	-0.0320218	213.014	235.132	0.905934
1443	0.00143211	0.350031	189.3	44.6459	-20.905	-0.0320184	213.009	235.132	0.905909
1444	0.001433	0.350031	189.3	44.6459	-20.9104	-0.032015	213.003	235.132	0.905887
1445	0.00143389	0.350031	189.3	44.6459	-20.9138	-0.0320117	213	235.132	0.905872
1446	0.00143477	0.350031	189.3	44.6459	-20.9136	-0.0320085	213	235.132	0.905873
1447	0.00143566	0.350031	189.3	44.6459	-20.913	-0.0320052	213.001	235.132	0.905875
1448	0.00143655	0.350031	189.3	44.646	-20.9129	-0.032002	213.001	235.132	0.905876
1449	0.00143744	0.350031	189.3	44.646	-20.9133	-0.0319987	213	235.132	0.905874
1450	0.00143832	0.350031	189.3	44.646	-20.9145	-0.0319954	212.999	235.132	0.905869
1451	0.00143921	0.350031	189.3	44.646	-20.9165	-0.0319922	212.997	235.132	0.905861
1452	0.0014401	0.350031	189.3	44.6461	-20.9194	-0.031989	212.994	235.132	0.905849
1453	0.00144099	0.350031	189.3	44.6461	-20.9233	-0.0319859	212.99	235.132	0.905832
1454	0.00144188	0.350031	189.3	44.6461	-20.9282	-0.0319828	212.985	235.132	0.905811
1455	0.00144276	0.350031	189.299	44.6461	-20.9344	-0.0319797	212.979	235.132	0.905785
1456	0.00144365	0.350031	189.299	44.6462	-20.9417	-0.0319766	212.972	235.132	0.905753
1457	0.00144454	0.350031	189.299	44.6462	-20.9505	-0.0319736	212.963	235.132	0.905716
1458	0.00144543	0.350031	189.299	44.6462	-20.9607	-0.0319705	212.953	235.132	0.905673
1459	0.00144631	0.350031	189.299	44.6462	-20.9724	-0.0319675	212.941	235.132	0.905623
1460	0.0014472	0.350031	189.299	44.6462	-20.9856	-0.0319644	212.928	235.132	0.905567
1461	0.00144809	0.350031	189.299	44.6463	-21.0006	-0.0319613	212.913	235.132	0.905503
1462	0.00144898	0.350031	189.299	44.6463	-21.0202	-0.0319581	212.893	235.132	0.90542
1463	0.00144986	0.350031	189.299	44.6463	-21.0452	-0.0319547	212.868	235.132	0.905314
1464	0.00145075	0.350031	189.299	44.6463	-21.068	-0.0319513	212.846	235.132	0.905217
1465	0.00145164	0.350031	189.299	44.6464	-21.0888	-0.0319478	212.825	235.132	0.905128
1466	0.00145253	0.350031	189.299	44.6464	-21.1079	-0.0319443	212.806	235.132	0.905047
1467	0.00145342	0.350031	189.299	44.6464	-21.1253	-0.0319408	212.788	235.132	0.904973
1468	0.0014543	0.350031	189.299	44.6464	-21.1411	-0.0319372	212.773	235.132	0.904905
1469	0.00145519	0.350031	189.299	44.6464	-21.1556	-0.0319337	212.758	235.132	0.904844
1470	0.00145608	0.350031	189.299	44.6465	-21.1689	-0.0319301	212.745	235.132	0.904787
1471	0.00145697	0.350031	189.299	44.6465	-21.181	-0.0319265	212.733	235.132	0.904736
1472	0.00145785	0.350031	189.299	44.6465	-21.192	-0.031923	212.722	235.132	0.904689
1473	0.00145874	0.350031	189.299	44.6465	-21.2017	-0.0319194	212.712	235.132	0.904648
1474	0.00145963	0.350031	189.299	44.6466	-21.2103	-0.0319159	212.703	235.132	0.904611
1475	0.00146052	0.350031	189.299	44.6466	-21.2178	-0.0319124	212.696	235.132	0.90458
1476	0.0014614	0.350031	189.299	44.6466	-21.2243	-0.031909	212.689	235.132	0.904552
1477	0.00146229	0.350031	189.299	44.6466	-21.2299	-0.0319055	212.684	235.132	0.904528
1478	0.00146318	0.350031	189.299	44.6466	-21.2347	-0.0319021	212.679	235.132	0.904508
1479	0.00146407	0.350031	189.299	44.6467	-21.2388	-0.0318987	212.675	235.132	0.90449
1480	0.00146495	0.350031	189.299	44.6467	-21.2423	-0.0318953	212.671	235.132	0.904476
1481	0.00146584	0.350031	189.299	44.6467	-21.244	-0.0318919	212.67	235.132	0.904468
1482	0.00146673	0.350031	189.299	44.6467	-21.242	-0.0318886	212.672	235.132	0.904477
1483	0.00146762	0.350031	189.299	44.6468	-21.2389	-0.0318852	212.675	235.132	0.90449
1484	0.0014685	0.350031	189.299	44.6468	-21.2359	-0.0318818	212.678	235.132	0.904503
1485	0.00146939	0.350031	189.299	44.6468	-21.2332	-0.0318784	212.681	235.132	0.904514
1486	0.00147028	0.350031	189.299	44.6468	-21.231	-0.031875	212.683	235.132	0.904524
1487	0.00147117	0.350031	189.299	44.6468	-21.2293	-0.0318715	212.684	235.132	0.904531
1488	0.00147205	0.350031	189.299	44.6469	-21.2283	-0.0318681	212.686	235.132	0.904535
1489	0.00147294	0.350031	189.299	44.6469	-21.228	-0.0318647	212.686	235.132	0.904537
1490	0.00147383	0.350031	189.299	44.6469	-21.2284	-0.0318613	212.685	235.132	0.904535
1491	0.00147471	0.350031	189.299	44.6469	-21.2298	-0.0318579	212.684	235.132	0.904529
1492	0.0014756	0.350031	189.299	44.647	-21.2321	-0.0318545	212.682	235.132	0.904519
1493	0.00147649	0.350031	189.299	44.647	-21.2354	-0.0318512	212.678	235.132	0.904505
1494	0.00147738	0.350031	189.299	44.647	-21.2397	-0.0318478	212.674	235.132	0.904487
1495	0.00147826	0.350031	189.299	44.647	-21.2451	-0.0318445	212.669	235.132	0.904464
1496	0.00147915	0.350031	189.299	44.647	-21.2517	-0.0318411	212.662	235.132	0.904436
1497	0.00148004	0.350031	189.299	44.6471	-21.2597	-0.0318378	212.654	235.132	0.904402
1498	0.00148092	0.350031	189.299	44.6471	-21.2695	-0.0318344	212.644	235.132	0.90436
1499	0.00148181	0.350031	189.299	44.6471	-21.2855	-0.0318308	212.628	235.132	0.904292
1500	0.0014827	0.350031	189.299	44.6471	-21.3035	-0.0318271	212.61	235.132	0.904216
1501	0.00148359	0.350031	189.299	44.6472	-21.319	-0.0318234	212.595	235.132	0.904149
1502	0.00148447	0.350031	189.298	44.6472	-21.3325	-0.0318197	212.581	235.132	0.904092
1503	0.00148536	0.350031	189.298	44.6472	-21.344	-0.0318159	212.57	235.132	0.904043
1504	0.00148625	0.350031	189.298	44.6472	-21.3538	-0.0318121	212.56	235.132	0.904002
1505	0.00148714	0.350031	189.298	44.6473	-21.362	-0.0318084	212.552	235.132	0.903967
1506	0.00148802	0.350031	189.298	44.6473	-21.3688	-0.0318046	212.545	235.132	0.903938
1507	0.00148891	0.350031	189.298	44.6473	-21.3743	-0.0318008	212.54	235.132	0.903914
1508	0.0014898	0.350031	189.298	44.6473	-21.3786	-0.031797	212.535	235.132	0.903896
1509	0.00149069	0.350031	189.298	44.6473	-21.3815	-0.0317932	212.532	235.132	0.903884
1510	0.00149157	0.350031	189.298	44.6474	-21.3832	-0.0317895	212.531	235.132	0.903877
1511	0.00149246	0.350031	189.298	44.6474	-21.3838	-0.0317858	212.53	235.132	0.903874
1512	0.00149335	0.350031	189.298	44.6474	-21.3834	-0.0317821	212.531	235.132	0.903876
1513	0.00149424	0.350031	189.298	44.6474	-21.3819	-0.0317785	212.532	235.132	0.903882
1514	0.00149512	0.350031	189.298	44.6475	-21.376	-0.0317751	212.538	235.132	0.903907
1515	0.00149601	0.350031	189.298	44.6475	-21.3668	-0.0317716	212.547	235.132	0.903947
1516	0.0014969	0.350031	189.298	44.6475	-21.357	-0.0317682	212.557	235.132	0.903988
1517	0.00149779	0.350031	189.298	44.6475	-21.3472	-0.0317647	212.567	235.132	0.90403
1518	0.00149867	0.350032	189.298	44.6475	-21.3373	-0.0317613	212.577	235.132	0.904072
1519	0.00149956	0.350032	189.298	44.6476	-21.3278	-0.0317579	212.586	235.132	0.904113
1520	0.00150045	0.350032	189.298	44.6476	-21.3186	-0.0317545	212.595	235.132	0.904151
1521	0.00150134	0.350032	189.298	44.6476	-21.31	-0.0317511	212.604	235.132	0.904188
1522	0.00150222	0.350032	189.298	44.6476	-21.3022	-0.0317478	212.612	235.132	0.904221
1523	0.00150311	0.350032	189.298	44.6477	-21.2952	-0.0317446	212.619	235.132	0.904251
1524	0.001504	0.350032	189.298	44.6477	-21.2893	-0.0317413	212.625	235.132	0.904276
1525	0.00150489	0.350032	189.298	44.6477	-21.2843	-0.0317381	212.63	235.132	0.904297
1526	0.00150577	0.350032	189.298	44.6477	-21.2805	-0.031735	212.633	235.132	0.904313
1527	0.00150666	0.350032	189.298	44.6477	-21.2779	-0.0317318	212.636	235.132	0.904325
1528	0.00150755	0.350032	189.298	44.6478	-21.2766	-0.0317286	212.637	235.132	0.90433
1529	0.00150844	0.350032	189.298	44.6478	-21.2766	-0.0317255	212.637	235.132	0.90433
1530	0.00150932	0.350032	189.298	44.6478	-21.2777	-0.0317223	212.636	235.132	0.904325
1531	0.00151021	0.350032	189.298	44.6478	-21.28	-0.0317191	212.634	235.132	0.904316
1532	0.0015111	0.350032	189.298	44.6479	-21.2835	-0.0317159	212.631	235.132	0.904301
1533	0.00151199	0.350032	189.298	44.6479	-21.2882	-0.0317127	212.626	235.132	0.904281
1534	0.00151287	0.350032	189.298	44.6479	-21.2946	-0.0317095	212.619	235.132	0.904254
1535	0.00151376	0.350032	189.298	44.6479	-21.3057	-0.0317062	212.608	235.132	0.904206
1536	0.00151465	0.350032	189.298	44.6479	-21.3202	-0.0317027	212.594	235.132	0.904145
1537	0.00151554	0.350032	189.298	44.648	-21.3318	-0.0316992	212.582	235.132	0.904095
1538	0.00151642	0.350032	189.298	44.648	-21.3411	-0.0316956	212.573	235.132	0.904056
1539	0.00151731	0.350032	189.298	44.648	-21.348	-0.0316921	212.566	235.132	0.904027
1540	0.0015182	0.350032	189.298	44.648	-21.3531	-0.0316885	212.561	235.132	0.904005
1541	0.00151909	0.350032	189.298	44.6481	-21.3566	-0.031685	212.557	235.132	0.90399
1542	0.00151997	0.350032	189.298	44.6481	-21.3585	-0.0316814	212.556	235.132	0.903982
1543	0.00152086	0.350032	189.298	44.6481	-21.359	-0.0316779	212.555	235.132	0.90398
1544	0.00152175	0.350032	189.298	44.6481	-21.3581	-0.0316743	212.556	235.132	0.903984
1545	0.00152264	0.350032	189.298	44.6481	-21.356	-0.0316708	212.558	235.132	0.903993
1546	0.00152352	0.350032	189.298	44.6482	-21.3526	-0.0316672	212.561	235.132	0.904007
1547	0.00152441	0.350032	189.298	44.6482	-21.348	-0.0316637	212.566	235.132	0.904027
1548	0.0015253	0.350032	189.298	44.6482	-21.3395	-0.0316603	212.575	235.132	0.904063
1549	0.00152619	0.350032	189.297	44.6482	-21.326	-0.031657	212.588	235.132	0.90412
1550	0.00152707	0.350032	189.297	44.6483	-21.3117	-0.0316537	212.602	235.132	0.904181
1551	0.00152796	0.350032	189.297	44.6483	-21.2969	-0.0316504	212.617	235.132	0.904244
1552	0.00152885	0.350032	189.297	44.6483	-21.282	-0.031647	212.632	235.132	0.904308
1553	0.00152974	0.350032	189.297	44.6483	-21.2672	-0.0316437	212.647	235.132	0.90437
1554	0.00153062	0.350032	189.297	44.6483	-21.2528	-0.0316404	212.661	235.132	0.904432
1555	0.00153151	0.350032	189.297	44.6484	-21.239	-0.0316371	212.675	235.132	0.904491
1556	0.0015324	0.350032	189.297	44.6484	-21.226	-0.0316339	212.688	235.132	0.904546
1557	0.00153329	0.350032	189.297	44.6484	-21.2139	-0.0316307	212.7	235.132	0.904597
1558	0.00153417	0.350032	189.297	44.6484	-21.2029	-0.0316276	212.711	235.132	0.904644
1559	0.00153506	0.350032	189.297	44.6485	-21.1932	-0.0316244	212.721	235.132	0.904685
1560	0.00153595	0.350032	189.297	44.6485	-21.1848	-0.0316213	212.729	235.132	0.904721
1561	0.00153683	0.350032	189.297	44.6485	-21.1778	-0.0316182	212.736	235.132	0.904751
1562	0.00153772	0.350032	189.297	44.6485	-21.1722	-0.0316151	212.742	235.132	0.904775
1563	0.00153861	0.350032	189.297	44.6485	-21.1682	-0.031612	212.746	235.132	0.904792
1564	0.0015395	0.350032	189.297	44.6486	-21.1657	-0.0316089	212.748	235.132	0.904802
1565	0.00154038	0.350032	189.297	44.6486	-21.1645	-0.0316058	212.75	235.132	0.904807
1566	0.00154127	0.350032	189.297	44.6486	-21.1646	-0.0316026	212.75	235.132	0.904807
1567	0.00154216	0.350032	189.297	44.6486	-21.1658	-0.0315995	212.748	235.132	0.904802
1568	0.00154305	0.350032	189.297	44.6487	-21.168	-0.0315963	212.746	235.132	0.904793
1569	0.00154393	0.350032	189.297	44.6487	-21.1712	-0.0315931	212.743	235.132	0.904779
1570	0.00154482	0.350032	189.297	44.6487	-21.1754	-0.0315899	212.739	235.132	0.904761
1571	0.00154571	0.350032	189.297	44.6487	-21.1811	-0.0315866	212.733	235.132	0.904737
1572	0.0015466	0.350032	189.297	44.6488	-21.1913	-0.0315832	212.723	235.132	0.904694
1573	0.00154748	0.350032	189.297	44.6488	-21.2036	-0.0315798	212.711	235.132	0.904641
1574	0.00154837	0.350032	189.297	44.6488	-21.2129	-0.0315762	212.701	235.132	0.904602
1575	0.00154926	0.350032	189.297	44.6488	-21.2195	-0.0315727	212.695	235.133	0.904574
1576	0.00155015	0.350032	189.297	44.6488	-21.2237	-0.0315691	212.69	235.133	0.904556
1577	0.00155103	0.350032	189.297	44.6489	-21.2262	-0.0315656	212.688	235.133	0.904545
1578	0.00155192	0.350032	189.297	44.6489	-21.2269	-0.031562	212.687	235.133	0.904542
1579	0.00155281	0.350032	189.297	44.6489	-21.2261	-0.0315584	212.688	235.133	0.904546
1580	0.0015537	0.350032	189.297	44.6489	-21.224	-0.0315549	212.69	235.133	0.904555
1581	0.00155458	0.350032	189.297	44.649	-21.2205	-0.0315514	212.694	235.133	0.904569
1582	0.00155547	0.350032	189.297	44.649	-21.2158	-0.0315478	212.698	235.133	0.90459
1583	0.00155636	0.350032	189.297	44.649	-21.2099	-0.0315444	212.704	235.133	0.904615
1584	0.00155725	0.350032	189.297	44.649	-21.1972	-0.031541	212.717	235.133	0.904669
1585	0.00155814	0.350032	189.297	44.649	-21.182	-0.0315377	212.732	235.133	0.904733
1586	0.00155902	0.350032	189.297	44.6491	-21.1663	-0.0315344	212.748	235.133	0.9048
1587	0.00155991	0.350032	189.297	44.6491	-21.1505	-0.031531	212.764	235.133	0.904867
1588	0.0015608	0.350032	189.297	44.6491	-21.1347	-0.0315277	212.78	235.133	0.904934
1589	0.00156169	0.350032	189.297	44.6491	-21.1194	-0.0315244	212.795	235.133	0.905
1590	0.00156257	0.350032	189.297	44.6492	-21.1047	-0.0315211	212.81	235.133	0.905062
1591	0.00156346	0.350032	189.297	44.6492	-21.091	-0.0315179	212.823	235.133	0.905121
1592	0.00156435	0.350032	189.297	44.6492	-21.0783	-0.0315147	212.836	235.133	0.905174
1593	0.00156524	0.350032	189.297	44.6492	-21.067	-0.0315115	212.847	235.133	0.905223
1594	0.00156612	0.350032	189.297	44.6492	-21.057	-0.0315084	212.857	235.133	0.905265
1595	0.00156701	0.350032	189.297	44.6493	-21.0485	-0.0315054	212.866	235.133	0.905301
1596	0.0015679	0.350032	189.297	44.6493	-21.0415	-0.0315024	212.873	235.133	0.905331
1597	0.00156879	0.350032	189.296	44.6493	-21.0361	-0.0314994	212.878	235.133	0.905354
1598	0.00156968	0.350032	189.296	44.6493	-21.0322	-0.0314964	212.882	235.133	0.905371
1599	0.00157056	0.350032	189.296	44.6494	-21.03	-0.0314934	212.884	235.133	0.90538
1600	0.00157145	0.350032	189.296	44.6494	-21.0292	-0.0314904	212.885	235.133	0.905383
1601	0.00157234	0.350032	189.296	44.6494	-21.0298	-0.0314874	212.884	235.133	0.905381
1602	0.00157323	0.350032	189.296	44.6494	-21.0316	-0.0314844	212.883	235.133	0.905373
1603	0.00157411	0.350032	189.296	44.6494	-21.0344	-0.0314813	212.88	235.133	0.905361
1604	0.001575	0.350032	189.296	44.6495	-21.038	-0.0314783	212.876	235.133	0.905346
1605	0.00157589	0.350032	189.296	44.6495	-21.0422	-0.0314752	212.872	235.133	0.905328
1606	0.00157678	0.350032	189.296	44.6495	-21.047	-0.0314721	212.867	235.133	0.905308
1607	0.00157767	0.350032	189.296	44.6495	-21.0522	-0.031469	212.862	235.133	0.905286
1608	0.00157855	0.350032	189.296	44.6496	-21.0577	-0.0314658	212.857	235.133	0.905262
1609	0.00157944	0.350032	189.296	44.6496	-21.0639	-0.0314626	212.85	235.133	0.905236
1610	0.00158033	0.350032	189.296	44.6496	-21.072	-0.0314593	212.842	235.133	0.905201
1611	0.00158122	0.350032	189.296	44.6496	-21.0845	-0.0314559	212.83	235.133	0.905148
1612	0.00158211	0.350032	189.296	44.6496	-21.0932	-0.0314525	212.821	235.133	0.905111
1613	0.00158299	0.350032	189.296	44.6497	-21.0987	-0.0314491	212.816	235.133	0.905088
1614	0.00158388	0.350032	189.296	44.6497	-21.1017	-0.0314457	212.813	235.133	0.905075
1615	0.00158477	0.350032	189.296	44.6497	-21.1026	-0.0314423	212.812	235.133	0.905071
1616	0.00158566	0.350032	189.296	44.6497	-21.1017	-0.0314388	212.813	235.133	0.905075
1617	0.00158655	0.350032	189.296	44.6498	-21.099	-0.0314354	212.815	235.133	0.905087
1618	0.00158743	0.350032	189.296	44.6498	-21.0949	-0.0314319	212.819	235.133	0.905104
1619	0.00158832	0.350032	189.296	44.6498	-21.0895	-0.0314285	212.825	235.133	0.905127
1620	0.00158921	0.350032	189.296	44.6498	-21.0822	-0.0314251	212.832	235.133	0.905158
1621	0.0015901	0.350032	189.296	44.6498	-21.0677	-0.0314219	212.847	235.133	0.90522
1622	0.00159098	0.350032	189.296	44.6499	-21.0516	-0.0314186	212.863	235.133	0.905288
1623	0.00159187	0.350032	189.296	44.6499	-21.035	-0.0314153	212.879	235.133	0.905359
1624	0.00159276	0.350032	189.296	44.6499	-21.0183	-0.031412	212.896	235.133	0.90543
1625	0.00159365	0.350032	189.296	44.6499	-21.0018	-0.0314088	212.913	235.133	0.9055
1626	0.00159454	0.350032	189.296	44.65	-20.9856	-0.0314055	212.929	235.133	0.905569
1627	0.00159542	0.350032	189.296	44.65	-20.9702	-0.0314024	212.944	235.133	0.905635
1628	0.00159631	0.350032	189.296	44.65	-20.9556	-0.0313992	212.959	235.133	0.905697
1629	0.0015972	0.350032	189.296	44.65	-20.9422	-0.0313962	212.972	235.133	0.905754
1630	0.00159809	0.350032	189.296	44.65	-20.9299	-0.0313932	212.985	235.133	0.905806
1631	0.00159897	0.350032	189.296	44.6501	-20.919	-0.0313902	212.995	235.133	0.905852
1632	0.00159986	0.350032	189.296	44.6501	-20.9095	-0.0313873	213.005	235.133	0.905893
1633	0.00160075	0.350032	189.296	44.6501	-20.9015	-0.0313845	213.013	235.133	0.905927
1634	0.00160164	0.350032	189.296	44.6501	-20.895	-0.0313817	213.019	235.133	0.905955
1635	0.00160252	0.350032	189.296	44.6502	-20.89	-0.0313789	213.024	235.133	0.905976
1636	0.00160341	0.350032	189.296	44.6502	-20.8865	-0.0313761	213.028	235.133	0.905991
1637	0.0016043	0.350032	189.296	44.6502	-20.8844	-0.0313733	213.03	235.133	0.906
1638	0.00160519	0.350032	189.296	44.6502	-20.8836	-0.0313704	213.031	235.133	0.906003
1639	0.00160608	0.350032	189.296	44.6502	-20.8839	-0.0313675	213.031	235.133	0.906002
1640	0.00160696	0.350032	189.296	44.6503	-20.885	-0.0313647	213.029	235.133	0.905997
1641	0.00160785	0.350032	189.296	44.6503	-20.8869	-0.0313617	213.028	235.133	0.905989
1642	0.00160874	0.350032	189.296	44.6503	-20.8893	-0.0313588	213.025	235.133	0.905979
1643	0.00160963	0.350032	189.296	44.6503	-20.8921	-0.0313558	213.022	235.133	0.905967
1644	0.00161051	0.350032	189.295	44.6504	-20.8951	-0.0313528	213.019	235.133	0.905954
1645	0.0016114	0.350032	189.295	44.6504	-20.8982	-0.0313497	213.016	235.133	0.905941
1646	0.00161229	0.350032	189.295	44.6504	-20.9011	-0.0313466	213.013	235.133	0.905929
1647	0.00161318	0.350032	189.295	44.6504	-20.904	-0.0313434	213.011	235.133	0.905917
1648	0.00161407	0.350032	189.295	44.6504	-20.9068	-0.0313403	213.008	235.133	0.905905
1649	0.00161495	0.350032	189.295	44.6505	-20.9098	-0.031337	213.005	235.133	0.905892
1650	0.00161584	0.350032	189.295	44.6505	-20.9151	-0.0313337	212.999	235.133	0.905869
1651	0.00161673	0.350032	189.295	44.6505	-20.9227	-0.0313303	212.992	235.133	0.905837
1652	0.00161762	0.350032	189.295	44.6505	-20.9268	-0.0313269	212.988	235.133	0.90582
1653	0.0016185	0.350032	189.295	44.6506	-20.9281	-0.0313235	212.986	235.133	0.905814
1654	0.00161939	0.350032	189.295	44.6506	-20.9273	-0.0313201	212.987	235.133	0.905818
1655	0.00162028	0.350032	189.295	44.6506	-20.9246	-0.0313167	212.99	235.133	0.905829
1656	0.00162117	0.350032	189.295	44.6506	-20.9206	-0.0313132	212.994	235.133	0.905846
1657	0.00162206	0.350032	189.295	44.6506	-20.9152	-0.0313098	212.999	235.133	0.905869
1658	0.00162294	0.350032	189.295	44.6507	-20.9088	-0.0313064	213.006	235.133	0.905896
1659	0.00162383	0.350032	189.295	44.6507	-20.9015	-0.0313029	213.013	235.133	0.905927
1660	0.00162472	0.350032	189.295	44.6507	-20.888	-0.0312996	213.027	235.133	0.905985
1661	0.00162561	0.350032	189.295	44.6507	-20.8718	-0.0312963	213.043	235.133	0.906054
1662	0.00162649	0.350032	189.295	44.6508	-20.8553	-0.031293	213.059	235.133	0.906124
1663	0.00162738	0.350032	189.295	44.6508	-20.8391	-0.0312897	213.075	235.133	0.906193
1664	0.00162827	0.350032	189.295	44.6508	-20.8233	-0.0312864	213.091	235.133	0.90626
1665	0.00162916	0.350032	189.295	44.6508	-20.8083	-0.0312831	213.106	235.133	0.906324
1666	0.00163005	0.350032	189.295	44.6508	-20.7942	-0.0312799	213.12	235.133	0.906383
1667	0.00163093	0.350032	189.295	44.6509	-20.7813	-0.0312767	213.133	235.133	0.906439
1668	0.00163182	0.350032	189.295	44.6509	-20.7697	-0.0312736	213.145	235.133	0.906488
1669	0.00163271	0.350032	189.295	44.6509	-20.7594	-0.0312706	213.155	235.133	0.906532
1670	0.0016336	0.350032	189.295	44.6509	-20.7507	-0.0312676	213.164	235.133	0.906569
1671	0.00163448	0.350032	189.295	44.651	-20.7435	-0.0312647	213.171	235.133	0.906599
1672	0.00163537	0.350032	189.295	44.651	-20.7379	-0.0312618	213.177	235.133	0.906623
1673	0.00163626	0.350032	189.295	44.651	-20.7339	-0.031259	213.181	235.133	0.90664
1674	0.00163715	0.350032	189.295	44.651	-20.7315	-0.0312561	213.183	235.133	0.906651
1675	0.00163804	0.350032	189.295	44.651	-20.7306	-0.0312533	213.184	235.133	0.906654
1676	0.00163892	0.350032	189.295	44.6511	-20.7313	-0.0312505	213.183	235.133	0.906651
1677	0.00163981	0.350032	189.295	44.6511	-20.7334	-0.0312476	213.181	235.133	0.906643
1678	0.0016407	0.350032	189.295	44.6511	-20.7366	-0.0312448	213.178	235.133	0.906629
1679	0.00164159	0.350032	189.295	44.6511	-20.7409	-0.0312419	213.174	235.133	0.906611
1680	0.00164248	0.350032	189.295	44.6512	-20.7461	-0.031239	213.169	235.133	0.906588
1681	0.00164337	0.350032	189.295	44.6512	-20.7522	-0.031236	213.162	235.133	0.906562
1682	0.00164425	0.350032	189.295	44.6512	-20.7592	-0.0312331	213.155	235.133	0.906533
1683	0.00164514	0.350032	189.295	44.6512	-20.7674	-0.03123	213.147	235.133	0.906498
1684	0.00164603	0.350032	189.295	44.6512	-20.7791	-0.0312269	213.136	235.133	0.906448
1685	0.00164692	0.350032	189.295	44.6513	-20.7945	-0.0312236	213.12	235.133	0.906383
1686	0.00164781	0.350032	189.295	44.6513	-20.8062	-0.0312203	213.108	235.133	0.906333
1687	0.0016487	0.350032	189.295	44.6513	-20.8148	-0.0312169	213.1	235.133	0.906296
1688	0.00164958	0.350032	189.295	44.6513	-20.8209	-0.0312136	213.094	235.133	0.90627
1689	0.00165047	0.350032	189.295	44.6514	-20.8249	-0.0312102	213.09	235.133	0.906253
1690	0.00165136	0.350032	189.295	44.6514	-20.8271	-0.0312069	213.088	235.133	0.906244
1691	0.00165225	0.350032	189.295	44.6514	-20.8276	-0.0312036	213.087	235.133	0.906242
1692	0.00165314	0.350032	189.294	44.6514	-20.8267	-0.0312002	213.088	235.133	0.906246
1693	0.00165403	0.350032	189.294	44.6514	-20.8244	-0.031197	213.09	235.133	0.906256
1694	0.00165492	0.350032	189.294	44.6515	-20.8208	-0.0311937	213.094	235.133	0.906271
1695	0.0016558	0.350032	189.294	44.6515	-20.8161	-0.0311905	213.099	235.133	0.906291
1696	0.00165669	0.350032	189.294	44.6515	-20.8038	-0.0311874	213.111	235.133	0.906343
1697	0.00165758	0.350032	189.294	44.6515	-20.7894	-0.0311844	213.125	235.133	0.906405
1698	0.00165847	0.350032	189.294	44.6516	-20.7744	-0.0311814	213.14	235.133	0.906468
1699	0.00165936	0.350032	189.294	44.6516	-20.7594	-0.0311783	213.155	235.133	0.906532
1700	0.00166025	0.350032	189.294	44.6516	-20.7445	-0.0311754	213.17	235.133	0.906596
1701	0.00166114	0.350032	189.294	44.6516	-20.73	-0.0311724	213.185	235.133	0.906657
1702	0.00166202	0.350032	189.294	44.6516	-20.7163	-0.0311695	213.198	235.133	0.906716
1703	0.00166291	0.350032	189.294	44.6517	-20.7035	-0.0311667	213.211	235.133	0.90677
1704	0.0016638	0.350032	189.294	44.6517	-20.6918	-0.031164	213.223	235.133	0.90682
1705	0.00166469	0.350032	189.294	44.6517	-20.6814	-0.0311613	213.233	235.133	0.906864
1706	0.00166558	0.350032	189.294	44.6517	-20.6724	-0.0311586	213.242	235.133	0.906902
1707	0.00166647	0.350032	189.294	44.6518	-20.6649	-0.031156	213.25	235.133	0.906934
1708	0.00166736	0.350032	189.294	44.6518	-20.6589	-0.0311534	213.256	235.133	0.90696
1709	0.00166824	0.350032	189.294	44.6518	-20.6544	-0.0311508	213.26	235.133	0.906979
1710	0.00166913	0.350032	189.294	44.6518	-20.6515	-0.0311483	213.263	235.133	0.906991
1711	0.00167002	0.350032	189.294	44.6518	-20.6503	-0.0311457	213.265	235.133	0.906996
1712	0.00167091	0.350032	189.294	44.6519	-20.6505	-0.0311431	213.264	235.133	0.906995
1713	0.0016718	0.350032	189.294	44.6519	-20.6521	-0.0311405	213.263	235.133	0.906989
1714	0.00167269	0.350032	189.294	44.6519	-20.6549	-0.0311379	213.26	235.133	0.906977
1715	0.00167358	0.350032	189.294	44.6519	-20.6587	-0.0311352	213.256	235.133	0.906961
1716	0.00167446	0.350032	189.294	44.652	-20.6634	-0.0311326	213.251	235.133	0.906941
1717	0.00167535	0.350032	189.294	44.652	-20.669	-0.0311298	213.246	235.133	0.906917
1718	0.00167624	0.350032	189.294	44.652	-20.6757	-0.0311271	213.239	235.133	0.906888
1719	0.00167713	0.350032	189.294	44.652	-20.6848	-0.0311242	213.23	235.133	0.90685
1720	0.00167802	0.350032	189.294	44.652	-20.7002	-0.0311212	213.215	235.133	0.906784
1721	0.00167891	0.350032	189.294	44.6521	-20.712	-0.0311181	213.203	235.133	0.906734
1722	0.0016798	0.350032	189.294	44.6521	-20.7206	-0.0311149	213.194	235.133	0.906697
1723	0.00168069	0.350032	189.294	44.6521	-20.7265	-0.0311118	213.188	235.133	0.906673
1724	0.00168157	0.350032	189.294	44.6521	-20.73	-0.0311086	213.185	235.133	0.906657
1725	0.00168246	0.350032	189.294	44.6522	-20.7316	-0.0311054	213.183	235.133	0.906651
1726	0.00168335	0.350032	189.294	44.6522	-20.7314	-0.0311022	213.183	235.133	0.906652
1727	0.00168424	0.350032	189.294	44.6522	-20.7295	-0.031099	213.185	235.133	0.906659
1728	0.00168513	0.350032	189.294	44.6522	-20.7262	-0.0310958	213.189	235.133	0.906674
1729	0.00168602	0.350032	189.294	44.6522	-20.7213	-0.0310926	213.194	235.133	0.906694
1730	0.00168691	0.350032	189.294	44.6523	-20.7152	-0.0310894	213.2	235.133	0.906721
1731	0.0016878	0.350032	189.294	44.6523	-20.703	-0.0310864	213.212	235.133	0.906773
1732	0.00168868	0.350032	189.294	44.6523	-20.6871	-0.0310834	213.228	235.133	0.90684
1733	0.00168957	0.350032	189.294	44.6523	-20.6704	-0.0310804	213.244	235.133	0.906911
1734	0.00169046	0.350032	189.294	44.6524	-20.6535	-0.0310774	213.261	235.133	0.906983
1735	0.00169135	0.350032	189.294	44.6524	-20.6367	-0.0310744	213.278	235.133	0.907054
1736	0.00169224	0.350032	189.294	44.6524	-20.6202	-0.0310714	213.295	235.133	0.907124
1737	0.00169313	0.350032	189.294	44.6524	-20.6045	-0.0310685	213.31	235.133	0.907191
1738	0.00169402	0.350032	189.294	44.6524	-20.5898	-0.0310656	213.325	235.133	0.907254
1739	0.0016949	0.350032	189.293	44.6525	-20.5762	-0.0310628	213.339	235.133	0.907312
1740	0.00169579	0.350032	189.293	44.6525	-20.564	-0.03106	213.351	235.133	0.907364
1741	0.00169668	0.350032	189.293	44.6525	-20.5534	-0.0310573	213.362	235.133	0.907409
1742	0.00169757	0.350032	189.293	44.6525	-20.5443	-0.0310546	213.371	235.133	0.907447
1743	0.00169846	0.350032	189.293	44.6526	-20.537	-0.031052	213.378	235.133	0.907478
1744	0.00169935	0.350032	189.293	44.6526	-20.5314	-0.0310493	213.383	235.133	0.907502
1745	0.00170024	0.350032	189.293	44.6526	-20.5276	-0.0310467	213.387	235.133	0.907518
1746	0.00170113	0.350032	189.293	44.6526	-20.5256	-0.0310441	213.389	235.133	0.907527
1747	0.00170201	0.350032	189.293	44.6526	-20.5254	-0.0310414	213.39	235.133	0.907528
1748	0.0017029	0.350032	189.293	44.6527	-20.5268	-0.0310388	213.388	235.133	0.907522
1749	0.00170379	0.350032	189.293	44.6527	-20.5297	-0.0310361	213.385	235.133	0.90751
1750	0.00170468	0.350032	189.293	44.6527	-20.5338	-0.0310334	213.381	235.133	0.907492
1751	0.00170557	0.350032	189.293	44.6527	-20.5393	-0.0310306	213.376	235.133	0.907469
1752	0.00170646	0.350032	189.293	44.6528	-20.5461	-0.0310279	213.369	235.133	0.90744
1753	0.00170735	0.350032	189.293	44.6528	-20.5552	-0.0310251	213.36	235.133	0.907401
1754	0.00170824	0.350032	189.293	44.6528	-20.5728	-0.031022	213.342	235.133	0.907326
1755	0.00170913	0.350032	189.293	44.6528	-20.587	-0.031019	213.328	235.133	0.907266
1756	0.00171002	0.350032	189.293	44.6528	-20.5982	-0.0310158	213.317	235.133	0.907219
1757	0.0017109	0.350032	189.293	44.6529	-20.6067	-0.0310127	213.308	235.133	0.907182
1758	0.00171179	0.350032	189.293	44.6529	-20.613	-0.0310096	213.302	235.133	0.907155
1759	0.00171268	0.350032	189.293	44.6529	-20.6175	-0.0310065	213.297	235.133	0.907136
1760	0.00171357	0.350032	189.293	44.6529	-20.6202	-0.0310033	213.295	235.133	0.907125
1761	0.00171446	0.350032	189.293	44.653	-20.6214	-0.0310002	213.294	235.133	0.90712
1762	0.00171535	0.350032	189.293	44.653	-20.621	-0.0309971	213.294	235.133	0.907121
1763	0.00171624	0.350032	189.293	44.653	-20.6192	-0.030994	213.296	235.133	0.907129
1764	0.00171713	0.350032	189.293	44.653	-20.6159	-0.0309909	213.299	235.133	0.907143
1765	0.00171802	0.350032	189.293	44.653	-20.6114	-0.0309879	213.304	235.133	0.907162
1766	0.00171891	0.350032	189.293	44.6531	-20.6009	-0.030985	213.314	235.133	0.907207
1767	0.0017198	0.350032	189.293	44.6531	-20.5868	-0.0309821	213.328	235.133	0.907267
1768	0.00172069	0.350032	189.293	44.6531	-20.572	-0.0309793	213.343	235.133	0.90733
1769	0.00172158	0.350032	189.293	44.6531	-20.5569	-0.0309765	213.358	235.133	0.907394
1770	0.00172247	0.350032	189.293	44.6532	-20.542	-0.0309737	213.373	235.133	0.907458
1771	0.00172336	0.350032	189.293	44.6532	-20.5274	-0.0309709	213.388	235.133	0.907519
1772	0.00172424	0.350032	189.293	44.6532	-20.5137	-0.0309682	213.401	235.133	0.907578
1773	0.00172513	0.350032	189.293	44.6532	-20.5009	-0.0309655	213.414	235.133	0.907633
1774	0.00172602	0.350032	189.293	44.6532	-20.4893	-0.0309629	213.426	235.133	0.907682
1775	0.00172691	0.350032	189.293	44.6533	-20.479	-0.0309603	213.436	235.133	0.907725
1776	0.0017278	0.350032	189.293	44.6533	-20.4703	-0.0309578	213.445	235.133	0.907762
1777	0.00172869	0.350032	189.293	44.6533	-20.4632	-0.0309553	213.452	235.133	0.907793
1778	0.00172958	0.350032	189.293	44.6533	-20.4578	-0.0309529	213.457	235.133	0.907816
1779	0.00173047	0.350032	189.293	44.6534	-20.454	-0.0309505	213.461	235.133	0.907832
1780	0.00173136	0.350032	189.293	44.6534	-20.4519	-0.0309481	213.463	235.133	0.907841
1781	0.00173225	0.350032	189.293	44.6534	-20.4515	-0.0309457	213.464	235.133	0.907843
1782	0.00173314	0.350032	189.293	44.6534	-20.4528	-0.0309433	213.462	235.133	0.907837
1783	0.00173403	0.350032	189.293	44.6534	-20.4556	-0.0309409	213.46	235.133	0.907825
1784	0.00173492	0.350032	189.293	44.6535	-20.4597	-0.0309384	213.455	235.133	0.907808
1785	0.00173581	0.350032	189.293	44.6535	-20.4651	-0.030936	213.45	235.133	0.907785
1786	0.0017367	0.350032	189.293	44.6535	-20.4718	-0.0309335	213.443	235.133	0.907756
1787	0.00173759	0.350032	189.292	44.6535	-20.4799	-0.0309309	213.435	235.133	0.907722
1788	0.00173848	0.350032	189.292	44.6536	-20.4915	-0.0309282	213.424	235.133	0.907673
1789	0.00173937	0.350032	189.292	44.6536	-20.5083	-0.0309254	213.407	235.133	0.907601
1790	0.00174026	0.350032	189.292	44.6536	-20.5219	-0.0309225	213.393	235.133	0.907543
1791	0.00174115	0.350032	189.292	44.6536	-20.5326	-0.0309195	213.383	235.133	0.907498
1792	0.00174204	0.350032	189.292	44.6536	-20.5405	-0.0309166	213.375	235.133	0.907464
1793	0.00174293	0.350032	189.292	44.6537	-20.5462	-0.0309136	213.369	235.133	0.90744
1794	0.00174382	0.350032	189.292	44.6537	-20.55	-0.0309105	213.365	235.133	0.907424
1795	0.00174471	0.350032	189.292	44.6537	-20.5519	-0.0309075	213.363	235.133	0.907416
1796	0.0017456	0.350032	189.292	44.6537	-20.5521	-0.0309045	213.363	235.133	0.907415
1797	0.00174649	0.350032	189.292	44.6538	-20.5508	-0.0309014	213.364	235.133	0.907421
1798	0.00174738	0.350032	189.292	44.6538	-20.5478	-0.0308984	213.367	235.133	0.907433
1799	0.00174827	0.350032	189.292	44.6538	-20.5434	-0.0308954	213.372	235.133	0.907452
1800	0.00174916	0.350032	189.292	44.6538	-20.5376	-0.0308924	213.378	235.133	0.907476
1801	0.00175005	0.350032	189.292	44.6538	-20.5252	-0.0308896	213.39	235.133	0.907529
1802	0.00175094	0.350032	189.292	44.6539	-20.5099	-0.0308868	213.405	235.133	0.907594
1803	0.00175183	0.350032	189.292	44.6539	-20.4939	-0.030884	213.421	235.133	0.907663
1804	0.00175272	0.350032	189.292	44.6539	-20.4776	-0.0308812	213.438	235.133	0.907732
1805	0.0017536	0.350032	189.292	44.6539	-20.4614	-0.0308784	213.454	235.133	0.907801
1806	0.00175449	0.350032	189.292	44.654	-20.4457	-0.0308757	213.469	235.133	0.907867
1807	0.00175538	0.350032	189.292	44.654	-20.4307	-0.0308729	213.485	235.133	0.907931
1808	0.00175627	0.350032	189.292	44.654	-20.4165	-0.0308702	213.499	235.133	0.907991
1809	0.00175716	0.350032	189.292	44.654	-20.4036	-0.0308676	213.512	235.133	0.908047
1810	0.00175805	0.350032	189.292	44.654	-20.392	-0.030865	213.523	235.133	0.908096
1811	0.00175894	0.350032	189.292	44.6541	-20.3818	-0.0308625	213.533	235.133	0.908139
1812	0.00175983	0.350032	189.292	44.6541	-20.3732	-0.0308599	213.542	235.133	0.908176
1813	0.00176072	0.350032	189.292	44.6541	-20.3662	-0.0308574	213.549	235.133	0.908206
1814	0.00176161	0.350032	189.292	44.6541	-20.3608	-0.030855	213.554	235.133	0.908229
1815	0.0017625	0.350032	189.292	44.6542	-20.357	-0.0308525	213.558	235.133	0.908245
1816	0.00176339	0.350032	189.292	44.6542	-20.3549	-0.03085	213.56	235.133	0.908254
1817	0.00176428	0.350032	189.292	44.6542	-20.3544	-0.0308475	213.561	235.133	0.908256
1818	0.00176517	0.350032	189.292	44.6542	-20.3554	-0.030845	213.56	235.133	0.908252
1819	0.00176606	0.350032	189.292	44.6542	-20.3577	-0.0308425	213.558	235.133	0.908242
1820	0.00176695	0.350032	189.292	44.6543	-20.3612	-0.03084	213.554	235.133	0.908227
1821	0.00176784	0.350032	189.292	44.6543	-20.366	-0.0308374	213.549	235.133	0.908207
1822	0.00176873	0.350032	189.292	44.6543	-20.3724	-0.0308348	213.543	235.133	0.90818
1823	0.00176962	0.350032	189.292	44.6543	-20.3823	-0.0308321	213.533	235.133	0.908137
1824	0.00177051	0.350032	189.292	44.6544	-20.3974	-0.0308291	213.518	235.133	0.908073
1825	0.0017714	0.350032	189.292	44.6544	-20.4093	-0.0308262	213.506	235.133	0.908023
1826	0.00177229	0.350032	189.292	44.6544	-20.4183	-0.0308232	213.497	235.133	0.907984
1827	0.00177318	0.350032	189.292	44.6544	-20.4249	-0.0308201	213.49	235.133	0.907956
1828	0.00177407	0.350032	189.292	44.6544	-20.4294	-0.0308171	213.486	235.133	0.907937
1829	0.00177496	0.350032	189.292	44.6545	-20.4321	-0.030814	213.483	235.133	0.907926
1830	0.00177585	0.350032	189.292	44.6545	-20.4332	-0.030811	213.482	235.133	0.907921
1831	0.00177674	0.350032	189.292	44.6545	-20.4327	-0.0308079	213.483	235.133	0.907923
1832	0.00177763	0.350032	189.292	44.6545	-20.4308	-0.0308048	213.484	235.133	0.907931
1833	0.00177852	0.350032	189.292	44.6545	-20.4276	-0.0308018	213.488	235.133	0.907945
1834	0.00177941	0.350032	189.292	44.6546	-20.4231	-0.0307988	213.492	235.133	0.907964
1835	0.0017803	0.350032	189.291	44.6546	-20.4174	-0.0307958	213.498	235.133	0.907988
1836	0.00178119	0.350032	189.291	44.6546	-20.4068	-0.0307929	213.509	235.133	0.908033
1837	0.00178207	0.350032	189.291	44.6546	-20.392	-0.0307902	213.523	235.133	0.908096
1838	0.00178296	0.350032	189.291	44.6547	-20.3765	-0.0307874	213.539	235.133	0.908162
1839	0.00178385	0.350032	189.291	44.6547	-20.361	-0.0307846	213.554	235.133	0.908228
1840	0.00178474	0.350032	189.291	44.6547	-20.3457	-0.0307819	213.57	235.133	0.908293
1841	0.00178563	0.350032	189.291	44.6547	-20.3311	-0.0307791	213.584	235.133	0.908355
1842	0.00178652	0.350032	189.291	44.6547	-20.3173	-0.0307764	213.598	235.133	0.908414
1843	0.00178741	0.350032	189.291	44.6548	-20.3046	-0.0307738	213.611	235.133	0.908468
1844	0.0017883	0.350032	189.291	44.6548	-20.2933	-0.0307712	213.622	235.133	0.908516
1845	0.00178919	0.350032	189.291	44.6548	-20.2834	-0.0307687	213.632	235.133	0.908558
1846	0.00179008	0.350032	189.291	44.6548	-20.2752	-0.0307662	213.64	235.133	0.908593
1847	0.00179097	0.350032	189.291	44.6549	-20.2687	-0.0307637	213.647	235.133	0.908621
1848	0.00179186	0.350032	189.291	44.6549	-20.264	-0.0307613	213.651	235.133	0.908641
1849	0.00179275	0.350032	189.291	44.6549	-20.261	-0.0307589	213.654	235.133	0.908653
1850	0.00179364	0.350032	189.291	44.6549	-20.2598	-0.0307565	213.655	235.133	0.908658
1851	0.00179453	0.350032	189.291	44.6549	-20.2605	-0.0307542	213.655	235.133	0.908656
1852	0.00179542	0.350032	189.291	44.655	-20.2629	-0.0307518	213.652	235.133	0.908645
1853	0.00179631	0.350032	189.291	44.655	-20.267	-0.0307494	213.648	235.133	0.908628
1854	0.0017972	0.350032	189.291	44.655	-20.2727	-0.030747	213.643	235.133	0.908604
1855	0.00179809	0.350032	189.291	44.655	-20.28	-0.0307446	213.635	235.133	0.908573
1856	0.00179898	0.350032	189.291	44.6551	-20.2894	-0.0307421	213.626	235.133	0.908533
1857	0.00179987	0.350032	189.291	44.6551	-20.3034	-0.0307395	213.612	235.133	0.908473
1858	0.00180076	0.350032	189.291	44.6551	-20.3219	-0.0307368	213.593	235.133	0.908394
1859	0.00180165	0.350032	189.291	44.6551	-20.3375	-0.0307339	213.578	235.133	0.908328
1860	0.00180254	0.350032	189.291	44.6551	-20.3504	-0.0307311	213.565	235.133	0.908273
1861	0.00180343	0.350032	189.291	44.6552	-20.361	-0.0307282	213.554	235.133	0.908228
1862	0.00180432	0.350032	189.291	44.6552	-20.3696	-0.0307253	213.546	235.133	0.908192
1863	0.00180521	0.350032	189.291	44.6552	-20.3765	-0.0307223	213.539	235.133	0.908162
1864	0.0018061	0.350032	189.291	44.6552	-20.3817	-0.0307194	213.534	235.133	0.90814
1865	0.00180699	0.350032	189.291	44.6553	-20.3854	-0.0307164	213.53	235.133	0.908124
1866	0.00180788	0.350032	189.291	44.6553	-20.3877	-0.0307135	213.528	235.133	0.908115
1867	0.00180877	0.350032	189.291	44.6553	-20.3885	-0.0307106	213.527	235.133	0.908112
1868	0.00180967	0.350032	189.291	44.6553	-20.3879	-0.0307077	213.528	235.133	0.908114
1869	0.00181056	0.350032	189.291	44.6553	-20.386	-0.0307048	213.529	235.133	0.908122
1870	0.00181145	0.350032	189.291	44.6554	-20.3831	-0.030702	213.532	235.133	0.908135
1871	0.00181234	0.350032	189.291	44.6554	-20.3737	-0.0306993	213.542	235.133	0.908174
1872	0.00181323	0.350032	189.291	44.6554	-20.3616	-0.0306967	213.554	235.133	0.908226
1873	0.00181412	0.350032	189.291	44.6554	-20.3491	-0.0306941	213.566	235.133	0.908279
1874	0.00181501	0.350032	189.291	44.6555	-20.3367	-0.0306914	213.579	235.133	0.908332
1875	0.0018159	0.350032	189.291	44.6555	-20.3247	-0.0306888	213.591	235.133	0.908383
1876	0.00181679	0.350032	189.291	44.6555	-20.3133	-0.0306861	213.602	235.133	0.908432
1877	0.00181768	0.350032	189.291	44.6555	-20.3027	-0.0306836	213.613	235.133	0.908476
1878	0.00181857	0.350032	189.291	44.6555	-20.2933	-0.030681	213.622	235.133	0.908517
1879	0.00181946	0.350032	189.291	44.6556	-20.2851	-0.0306785	213.63	235.133	0.908551
1880	0.00182035	0.350032	189.291	44.6556	-20.2784	-0.030676	213.637	235.133	0.90858
1881	0.00182124	0.350032	189.291	44.6556	-20.2733	-0.0306736	213.642	235.133	0.908602
1882	0.00182213	0.350032	189.291	44.6556	-20.2698	-0.0306712	213.646	235.133	0.908617
1883	0.00182302	0.350032	189.29	44.6557	-20.2679	-0.0306688	213.648	235.133	0.908625
1884	0.00182391	0.350032	189.29	44.6557	-20.2677	-0.0306664	213.648	235.133	0.908626
1885	0.0018248	0.350032	189.29	44.6557	-20.2691	-0.030664	213.646	235.133	0.908619
1886	0.00182569	0.350032	189.29	44.6557	-20.2723	-0.0306616	213.643	235.133	0.908606
1887	0.00182657	0.350032	189.29	44.6557	-20.2771	-0.0306591	213.638	235.133	0.908585
1888	0.00182746	0.350032	189.29	44.6558	-20.2835	-0.0306567	213.632	235.133	0.908558
1889	0.00182835	0.350032	189.29	44.6558	-20.2913	-0.0306541	213.624	235.133	0.908525
1890	0.00182924	0.350032	189.29	44.6558	-20.3008	-0.0306516	213.615	235.133	0.908485
1891	0.00183013	0.350032	189.29	44.6558	-20.3125	-0.030649	213.603	235.133	0.908435
1892	0.00183102	0.350032	189.29	44.6559	-20.3326	-0.0306461	213.583	235.133	0.908349
1893	0.00183191	0.350032	189.29	44.6559	-20.3509	-0.0306432	213.565	235.133	0.908272
1894	0.0018328	0.350032	189.29	44.6559	-20.3664	-0.0306402	213.549	235.133	0.908206
1895	0.00183369	0.350032	189.29	44.6559	-20.3794	-0.0306371	213.536	235.133	0.908151
1896	0.00183458	0.350032	189.29	44.6559	-20.39	-0.030634	213.525	235.133	0.908105
1897	0.00183547	0.350032	189.29	44.656	-20.3989	-0.0306309	213.517	235.133	0.908067
1898	0.00183636	0.350032	189.29	44.656	-20.4061	-0.0306278	213.509	235.133	0.908037
1899	0.00183725	0.350032	189.29	44.656	-20.4116	-0.0306246	213.504	235.133	0.908014
1900	0.00183814	0.350032	189.29	44.656	-20.4156	-0.0306215	213.5	235.133	0.907997
1901	0.00183903	0.350032	189.29	44.6561	-20.4181	-0.0306183	213.497	235.133	0.907986
1902	0.00183992	0.350032	189.29	44.6561	-20.4193	-0.0306152	213.496	235.133	0.907981
1903	0.00184081	0.350032	189.29	44.6561	-20.4192	-0.0306121	213.496	235.133	0.907981
1904	0.0018417	0.350032	189.29	44.6561	-20.418	-0.0306091	213.498	235.133	0.907986
1905	0.00184259	0.350032	189.29	44.6561	-20.4157	-0.030606	213.5	235.133	0.907996
1906	0.00184348	0.350032	189.29	44.6562	-20.4071	-0.0306032	213.508	235.133	0.908033
1907	0.00184437	0.350032	189.29	44.6562	-20.3962	-0.0306003	213.519	235.133	0.908079
1908	0.00184526	0.350032	189.29	44.6562	-20.3852	-0.0305975	213.53	235.133	0.908126
1909	0.00184615	0.350032	189.29	44.6562	-20.3744	-0.0305946	213.541	235.133	0.908172
1910	0.00184704	0.350032	189.29	44.6563	-20.3642	-0.0305918	213.551	235.133	0.908215
1911	0.00184793	0.350032	189.29	44.6563	-20.3547	-0.0305889	213.561	235.133	0.908256
1912	0.00184882	0.350032	189.29	44.6563	-20.3462	-0.0305861	213.569	235.133	0.908292
1913	0.00184971	0.350032	189.29	44.6563	-20.339	-0.0305833	213.577	235.133	0.908323
1914	0.0018506	0.350032	189.29	44.6563	-20.333	-0.0305806	213.583	235.133	0.908348
1915	0.00185148	0.350032	189.29	44.6564	-20.3286	-0.0305779	213.587	235.133	0.908366
1916	0.00185237	0.350032	189.29	44.6564	-20.3259	-0.0305752	213.59	235.133	0.908378
1917	0.00185326	0.350032	189.29	44.6564	-20.3247	-0.0305726	213.591	235.133	0.908383
1918	0.00185415	0.350032	189.29	44.6564	-20.3253	-0.0305699	213.59	235.133	0.908381
1919	0.00185504	0.350032	189.29	44.6565	-20.3277	-0.0305673	213.588	235.133	0.908371
1920	0.00185593	0.350032	189.29	44.6565	-20.3319	-0.0305647	213.584	235.133	0.908353
1921	0.00185682	0.350032	189.29	44.6565	-20.3379	-0.030562	213.578	235.133	0.908327
1922	0.00185771	0.350032	189.29	44.6565	-20.3457	-0.0305594	213.57	235.133	0.908294
1923	0.0018586	0.350032	189.29	44.6565	-20.3551	-0.0305567	213.56	235.133	0.908254
1924	0.00185949	0.350032	189.29	44.6566	-20.3665	-0.030554	213.549	235.133	0.908206
1925	0.00186038	0.350032	189.29	44.6566	-20.3806	-0.0305512	213.535	235.133	0.908145
1926	0.00186127	0.350032	189.29	44.6566	-20.4041	-0.0305481	213.512	235.133	0.908046
1927	0.00186216	0.350032	189.29	44.6566	-20.4248	-0.030545	213.491	235.133	0.907958
1928	0.00186305	0.350032	189.29	44.6567	-20.443	-0.0305419	213.473	235.133	0.90788
1929	0.00186394	0.350032	189.29	44.6567	-20.4589	-0.0305387	213.457	235.133	0.907813
1930	0.00186483	0.350032	189.29	44.6567	-20.4729	-0.0305355	213.443	235.133	0.907753
1931	0.00186572	0.350032	189.289	44.6567	-20.4851	-0.0305323	213.431	235.133	0.907701
1932	0.0018666	0.350032	189.289	44.6567	-20.4958	-0.0305291	213.42	235.133	0.907656
1933	0.00186749	0.350032	189.289	44.6568	-20.5051	-0.0305259	213.411	235.133	0.907616
1934	0.00186838	0.350032	189.289	44.6568	-20.513	-0.0305227	213.403	235.133	0.907583
1935	0.00186927	0.350032	189.289	44.6568	-20.5195	-0.0305195	213.396	235.133	0.907555
1936	0.00187016	0.350032	189.289	44.6568	-20.5248	-0.0305163	213.391	235.133	0.907532
1937	0.00187105	0.350032	189.289	44.6568	-20.529	-0.0305132	213.387	235.133	0.907515
1938	0.00187194	0.350032	189.289	44.6569	-20.532	-0.0305101	213.384	235.133	0.907502
1939	0.00187283	0.350032	189.289	44.6569	-20.5341	-0.0305071	213.382	235.133	0.907493
1940	0.00187372	0.350032	189.289	44.6569	-20.5345	-0.0305041	213.381	235.133	0.907491
1941	0.00187461	0.350032	189.289	44.6569	-20.5294	-0.0305013	213.386	235.133	0.907513
1942	0.0018755	0.350032	189.289	44.657	-20.523	-0.0304985	213.393	235.133	0.90754
1943	0.00187639	0.350032	189.289	44.657	-20.5167	-0.0304956	213.399	235.133	0.907567
1944	0.00187728	0.350032	189.289	44.657	-20.5109	-0.0304927	213.405	235.133	0.907592
1945	0.00187817	0.350032	189.289	44.657	-20.5057	-0.0304899	213.41	235.133	0.907614
1946	0.00187906	0.350032	189.289	44.657	-20.5013	-0.0304871	213.414	235.133	0.907633
1947	0.00187995	0.350032	189.289	44.6571	-20.4979	-0.0304843	213.418	235.133	0.907647
1948	0.00188084	0.350032	189.289	44.6571	-20.4957	-0.0304815	213.42	235.133	0.907656
1949	0.00188173	0.350032	189.289	44.6571	-20.4948	-0.0304788	213.421	235.133	0.90766
1950	0.00188262	0.350032	189.289	44.6571	-20.4953	-0.0304761	213.42	235.133	0.907658
1951	0.0018835	0.350032	189.289	44.6572	-20.4973	-0.0304734	213.418	235.133	0.90765
1952	0.00188439	0.350032	189.289	44.6572	-20.5008	-0.0304707	213.415	235.133	0.907635
1953	0.00188528	0.350032	189.289	44.6572	-20.5059	-0.0304681	213.41	235.133	0.907613
1954	0.00188617	0.350032	189.289	44.6572	-20.5128	-0.0304655	213.403	235.133	0.907584
1955	0.00188706	0.350032	189.289	44.6572	-20.5213	-0.0304628	213.394	235.133	0.907548
1956	0.00188795	0.350032	189.289	44.6573	-20.5315	-0.0304601	213.384	235.133	0.907504
1957	0.00188884	0.350032	189.289	44.6573	-20.5434	-0.0304574	213.372	235.133	0.907454
1958	0.00188973	0.350032	189.289	44.6573	-20.5571	-0.0304546	213.359	235.133	0.907395
1959	0.00189062	0.350033	189.289	44.6573	-20.5738	-0.0304518	213.342	235.133	0.907325
1960	0.00189151	0.350033	189.289	44.6574	-20.5995	-0.0304488	213.316	235.133	0.907215
1961	0.0018924	0.350033	189.289	44.6574	-20.6225	-0.0304456	213.293	235.133	0.907117
1962	0.00189329	0.350033	189.289	44.6574	-20.6432	-0.0304424	213.273	235.133	0.907029
1963	0.00189418	0.350033	189.289	44.6574	-20.6616	-0.0304392	213.254	235.133	0.906951
1964	0.00189507	0.350033	189.289	44.6574	-20.6781	-0.0304359	213.238	235.133	0.906881
1965	0.00189596	0.350033	189.289	44.6575	-20.6928	-0.0304327	213.223	235.133	0.906818
1966	0.00189685	0.350033	189.289	44.6575	-20.7061	-0.0304293	213.21	235.133	0.906762
1967	0.00189773	0.350033	189.289	44.6575	-20.7179	-0.030426	213.198	235.133	0.906712
1968	0.00189862	0.350033	189.289	44.6575	-20.7283	-0.0304227	213.188	235.133	0.906668
1969	0.00189951	0.350033	189.289	44.6576	-20.7372	-0.0304194	213.179	235.133	0.906629
1970	0.0019004	0.350033	189.289	44.6576	-20.7449	-0.030416	213.171	235.133	0.906597
1971	0.00190129	0.350033	189.289	44.6576	-20.7514	-0.0304128	213.164	235.133	0.906569
1972	0.00190218	0.350033	189.289	44.6576	-20.7567	-0.0304095	213.159	235.133	0.906547
1973	0.00190307	0.350033	189.289	44.6576	-20.7608	-0.0304063	213.155	235.133	0.906529
1974	0.00190396	0.350033	189.289	44.6577	-20.7641	-0.0304031	213.152	235.133	0.906515
1975	0.00190485	0.350033	189.289	44.6577	-20.7634	-0.0304001	213.152	235.133	0.906518
1976	0.00190574	0.350033	189.289	44.6577	-20.759	-0.030397	213.157	235.133	0.906537
1977	0.00190663	0.350033	189.289	44.6577	-20.7544	-0.030394	213.161	235.133	0.906557
1978	0.00190752	0.350033	189.289	44.6578	-20.7499	-0.0303909	213.166	235.133	0.906576
1979	0.00190841	0.350033	189.288	44.6578	-20.7458	-0.0303878	213.17	235.133	0.906593
1980	0.0019093	0.350033	189.288	44.6578	-20.7422	-0.0303848	213.174	235.133	0.906608
1981	0.00191018	0.350033	189.288	44.6578	-20.7394	-0.0303817	213.176	235.133	0.90662
1982	0.00191107	0.350033	189.288	44.6578	-20.7374	-0.0303787	213.178	235.133	0.906629
1983	0.00191196	0.350033	189.288	44.6579	-20.7365	-0.0303756	213.179	235.133	0.906633
1984	0.00191285	0.350033	189.288	44.6579	-20.7367	-0.0303727	213.179	235.133	0.906632
1985	0.00191374	0.350033	189.288	44.6579	-20.7382	-0.0303697	213.178	235.133	0.906625
1986	0.00191463	0.350033	189.288	44.6579	-20.741	-0.0303668	213.175	235.133	0.906614
1987	0.00191552	0.350033	189.288	44.658	-20.7452	-0.0303639	213.171	235.133	0.906596
1988	0.00191641	0.350033	189.288	44.658	-20.7509	-0.030361	213.165	235.133	0.906572
1989	0.0019173	0.350033	189.288	44.658	-20.7581	-0.030358	213.158	235.133	0.906541
1990	0.00191819	0.350033	189.288	44.658	-20.7669	-0.0303551	213.149	235.133	0.906503
1991	0.00191907	0.350033	189.288	44.658	-20.7773	-0.0303521	213.139	235.133	0.906459
1992	0.00191996	0.350033	189.288	44.6581	-20.7894	-0.0303491	213.127	235.133	0.906408
1993	0.00192085	0.350033	189.288	44.6581	-20.8043	-0.0303461	213.112	235.133	0.906344
1994	0.00192174	0.350033	189.288	44.6581	-20.8286	-0.0303428	213.087	235.133	0.906241
1995	0.00192263	0.350033	189.288	44.6581	-20.8502	-0.0303394	213.066	235.133	0.906149
1996	0.00192352	0.350033	189.288	44.6581	-20.8695	-0.030336	213.046	235.133	0.906067
1997	0.00192441	0.350033	189.288	44.6582	-20.8867	-0.0303325	213.029	235.133	0.905994
1998	0.0019253	0.350033	189.288	44.6582	-20.9019	-0.0303291	213.014	235.133	0.905929
1999	0.00192619	0.350033	189.288	44.6582	-20.9154	-0.0303256	213.001	235.133	0.905872
2000	0.00192708	0.350033	189.288	44.6582	-20.9275	-0.0303221	212.989	235.133	0.905821
2001	0.00192797	0.350033	189.288	44.6583	-20.9381	-0.0303186	212.978	235.133	0.905776
2002	0.00192885	0.350033	189.288	44.6583	-20.9474	-0.0303151	212.969	235.133	0.905736
2003	0.00192974	0.350033	189.288	44.6583	-20.9553	-0.0303116	212.961	235.133	0.905703
2004	0.00193063	0.350033	189.288	44.6583	-20.9618	-0.0303081	212.954	235.133	0.905675
2005	0.00193152	0.350033	189.288	44.6583	-20.9672	-0.0303047	212.949	235.133	0.905652
2006	0.00193241	0.350033	189.288	44.6584	-20.9713	-0.0303013	212.945	235.133	0.905634
2007	0.0019333	0.350033	189.288	44.6584	-20.9744	-0.0302979	212.942	235.133	0.905621
2008	0.00193419	0.350033	189.288	44.6584	-20.9764	-0.0302946	212.94	235.133	0.905613
2009	0.00193508	0.350033	189.288	44.6584	-20.9742	-0.0302914	212.942	235.133	0.905622
2010	0.00193597	0.350033	189.288	44.6585	-20.9685	-0.0302883	212.947	235.133	0.905646
2011	0.00193686	0.350033	189.288	44.6585	-20.9625	-0.0302852	212.954	235.133	0.905672
2012	0.00193775	0.350033	189.288	44.6585	-20.9564	-0.030282	212.96	235.133	0.905698
2013	0.00193863	0.350033	189.288	44.6585	-20.9506	-0.0302788	212.965	235.133	0.905723
2014	0.00193952	0.350033	189.288	44.6585	-20.9452	-0.0302756	212.971	235.133	0.905745
2015	0.00194041	0.350033	189.288	44.6586	-20.9404	-0.0302725	212.976	235.133	0.905766
2016	0.0019413	0.350033	189.288	44.6586	-20.9364	-0.0302694	212.98	235.133	0.905783
2017	0.00194219	0.350033	189.288	44.6586	-20.9333	-0.0302663	212.983	235.133	0.905796
2018	0.00194308	0.350033	189.288	44.6586	-20.9312	-0.0302633	212.985	235.133	0.905805
2019	0.00194397	0.350033	189.288	44.6587	-20.9302	-0.0302603	212.986	235.133	0.905809
2020	0.00194486	0.350033	189.288	44.6587	-20.9305	-0.0302573	212.986	235.133	0.905808
2021	0.00194575	0.350033	189.288	44.6587	-20.932	-0.0302543	212.984	235.133	0.905802
2022	0.00194664	0.350033	189.288	44.6587	-20.935	-0.0302513	212.981	235.133	0.905789
2023	0.00194752	0.350033	189.288	44.6587	-20.9395	-0.0302483	212.977	235.133	0.90577
2024	0.00194841	0.350033	189.288	44.6588	-20.9454	-0.0302453	212.971	235.133	0.905745
2025	0.0019493	0.350033	189.288	44.6588	-20.9527	-0.0302423	212.963	235.133	0.905714
2026	0.00195019	0.350033	189.288	44.6588	-20.9615	-0.0302392	212.955	235.133	0.905676
2027	0.00195108	0.350033	189.287	44.6588	-20.9722	-0.0302361	212.944	235.133	0.905631
2028	0.00195197	0.350033	189.287	44.6589	-20.9868	-0.030233	212.929	235.133	0.905569
2029	0.00195286	0.350033	189.287	44.6589	-21.0078	-0.0302296	212.908	235.133	0.90548
2030	0.00195375	0.350033	189.287	44.6589	-21.0261	-0.0302261	212.89	235.133	0.905402
2031	0.00195464	0.350033	189.287	44.6589	-21.042	-0.0302227	212.874	235.133	0.905334
2032	0.00195552	0.350033	189.287	44.6589	-21.0559	-0.0302191	212.86	235.133	0.905275
2033	0.00195641	0.350033	189.287	44.659	-21.0677	-0.0302156	212.848	235.133	0.905225
2034	0.0019573	0.350033	189.287	44.659	-21.0779	-0.0302121	212.838	235.133	0.905181
2035	0.00195819	0.350033	189.287	44.659	-21.0867	-0.0302086	212.829	235.133	0.905144
2036	0.00195908	0.350033	189.287	44.659	-21.0941	-0.030205	212.822	235.133	0.905113
2037	0.00195997	0.350033	189.287	44.6591	-21.1	-0.0302015	212.816	235.133	0.905087
2038	0.00196086	0.350033	189.287	44.6591	-21.1046	-0.030198	212.811	235.133	0.905068
2039	0.00196175	0.350033	189.287	44.6591	-21.1081	-0.0301945	212.808	235.133	0.905053
2040	0.00196264	0.350033	189.287	44.6591	-21.1103	-0.030191	212.806	235.133	0.905044
2041	0.00196353	0.350033	189.287	44.6591	-21.1113	-0.0301876	212.805	235.133	0.905039
2042	0.00196442	0.350033	189.287	44.6592	-21.1113	-0.0301842	212.805	235.133	0.905039
2043	0.00196531	0.350033	189.287	44.6592	-21.1068	-0.030181	212.809	235.133	0.905059
2044	0.00196619	0.350033	189.287	44.6592	-21.0987	-0.0301778	212.818	235.133	0.905093
2045	0.00196708	0.350033	189.287	44.6592	-21.09	-0.0301745	212.826	235.133	0.90513
2046	0.00196797	0.350033	189.287	44.6593	-21.0813	-0.0301713	212.835	235.133	0.905167
2047	0.00196886	0.350033	189.287	44.6593	-21.0728	-0.030168	212.843	235.133	0.905203
2048	0.00196975	0.350033	189.287	44.6593	-21.0647	-0.0301648	212.852	235.133	0.905238
2049	0.00197064	0.350033	189.287	44.6593	-21.057	-0.0301616	212.859	235.133	0.90527
2050	0.00197153	0.350033	189.287	44.6593	-21.0502	-0.0301585	212.866	235.133	0.9053
2051	0.00197242	0.350033	189.287	44.6594	-21.0442	-0.0301553	212.872	235.133	0.905325
2052	0.00197331	0.350033	189.287	44.6594	-21.0392	-0.0301522	212.877	235.133	0.905346
2053	0.0019742	0.350033	189.287	44.6594	-21.0354	-0.0301492	212.881	235.133	0.905362
2054	0.00197508	0.350033	189.287	44.6594	-21.0329	-0.0301462	212.883	235.133	0.905373
2055	0.00197597	0.350033	189.287	44.6594	-21.0317	-0.0301432	212.885	235.133	0.905378
2056	0.00197686	0.350033	189.287	44.6595	-21.0319	-0.0301402	212.884	235.133	0.905377
2057	0.00197775	0.350033	189.287	44.6595	-21.0336	-0.0301372	212.883	235.133	0.90537
2058	0.00197864	0.350033	189.287	44.6595	-21.0368	-0.0301342	212.879	235.133	0.905357
2059	0.00197953	0.350033	189.287	44.6595	-21.0414	-0.0301312	212.875	235.133	0.905337
2060	0.00198042	0.350033	189.287	44.6596	-21.0475	-0.0301282	212.869	235.133	0.905311
2061	0.00198131	0.350033	189.287	44.6596	-21.0551	-0.0301251	212.861	235.133	0.905279
2062	0.0019822	0.350033	189.287	44.6596	-21.0644	-0.030122	212.852	235.133	0.905239
2063	0.00198309	0.350033	189.287	44.6596	-21.0774	-0.0301188	212.839	235.133	0.905184
2064	0.00198398	0.350033	189.287	44.6596	-21.0967	-0.0301155	212.82	235.133	0.905102
2065	0.00198487	0.350033	189.287	44.6597	-21.1133	-0.030112	212.803	235.133	0.905031
2066	0.00198575	0.350033	189.287	44.6597	-21.1275	-0.0301086	212.789	235.133	0.904971
2067	0.00198664	0.350033	189.287	44.6597	-21.1395	-0.0301051	212.777	235.133	0.90492
2068	0.00198753	0.350033	189.287	44.6597	-21.1494	-0.0301016	212.767	235.133	0.904878
2069	0.00198842	0.350033	189.287	44.6598	-21.1578	-0.0300981	212.758	235.133	0.904842
2070	0.00198931	0.350033	189.287	44.6598	-21.1648	-0.0300945	212.751	235.133	0.904812
2071	0.0019902	0.350033	189.287	44.6598	-21.1703	-0.030091	212.746	235.133	0.904789
2072	0.00199109	0.350033	189.287	44.6598	-21.1745	-0.0300875	212.742	235.133	0.904771
2073	0.00199198	0.350033	189.287	44.6598	-21.1775	-0.030084	212.739	235.133	0.904758
2074	0.00199287	0.350033	189.287	44.6599	-21.1792	-0.0300805	212.737	235.133	0.904751
2075	0.00199376	0.350033	189.286	44.6599	-21.1798	-0.030077	212.736	235.133	0.904748
2076	0.00199465	0.350033	189.286	44.6599	-21.1794	-0.0300736	212.737	235.133	0.904751
2077	0.00199554	0.350033	189.286	44.6599	-21.1747	-0.0300703	212.742	235.133	0.90477
2078	0.00199643	0.350033	189.286	44.66	-21.1656	-0.0300671	212.751	235.133	0.904809
2079	0.00199732	0.350033	189.286	44.66	-21.1559	-0.0300639	212.76	235.133	0.904851
2080	0.00199821	0.350033	189.286	44.66	-21.146	-0.0300606	212.77	235.133	0.904892
2081	0.0019991	0.350033	189.286	44.66	-21.1363	-0.0300574	212.78	235.133	0.904934
2082	0.00199999	0.350033	189.286	44.66	-21.1269	-0.0300542	212.789	235.133	0.904974
2083	0.00200087	0.350033	189.286	44.6601	-21.1181	-0.030051	212.798	235.133	0.905011
2084	0.00200176	0.350033	189.286	44.6601	-21.11	-0.0300478	212.806	235.133	0.905046
2085	0.00200265	0.350033	189.286	44.6601	-21.1028	-0.0300447	212.813	235.133	0.905076
2086	0.00200354	0.350033	189.286	44.6601	-21.0968	-0.0300417	212.82	235.133	0.905102
2087	0.00200443	0.350033	189.286	44.6602	-21.0919	-0.0300387	212.824	235.133	0.905122
2088	0.00200532	0.350033	189.286	44.6602	-21.0884	-0.0300357	212.828	235.133	0.905137
2089	0.00200621	0.350033	189.286	44.6602	-21.0863	-0.0300327	212.83	235.133	0.905147
2090	0.0020071	0.350033	189.286	44.6602	-21.0855	-0.0300298	212.831	235.133	0.90515
2091	0.00200799	0.350033	189.286	44.6602	-21.0863	-0.0300268	212.83	235.133	0.905147
2092	0.00200888	0.350033	189.286	44.6603	-21.0885	-0.0300239	212.828	235.133	0.905137
2093	0.00200977	0.350033	189.286	44.6603	-21.0922	-0.0300209	212.824	235.133	0.905121
2094	0.00201066	0.350033	189.286	44.6603	-21.0974	-0.0300179	212.819	235.133	0.9051
2095	0.00201155	0.350033	189.286	44.6603	-21.1038	-0.0300149	212.813	235.133	0.905072
2096	0.00201244	0.350033	189.286	44.6604	-21.1117	-0.0300118	212.805	235.133	0.905038
2097	0.00201333	0.350033	189.286	44.6604	-21.1214	-0.0300087	212.795	235.133	0.904997
2098	0.00201422	0.350033	189.286	44.6604	-21.1356	-0.0300055	212.781	235.133	0.904937
2099	0.0020151	0.350033	189.286	44.6604	-21.154	-0.0300021	212.762	235.133	0.904859
2100	0.00201599	0.350033	189.286	44.6604	-21.1694	-0.0299986	212.747	235.133	0.904793
2101	0.00201688	0.350033	189.286	44.6605	-21.1822	-0.0299951	212.734	235.133	0.904739
2102	0.00201777	0.350033	189.286	44.6605	-21.1926	-0.0299916	212.724	235.133	0.904694
2103	0.00201866	0.350033	189.286	44.6605	-21.201	-0.029988	212.715	235.133	0.904659
2104	0.00201955	0.350033	189.286	44.6605	-21.2076	-0.0299844	212.709	235.133	0.904631
2105	0.00202044	0.350033	189.286	44.6605	-21.2125	-0.0299808	212.704	235.133	0.90461
2106	0.00202133	0.350033	189.286	44.6606	-21.2158	-0.0299772	212.701	235.133	0.904596
2107	0.00202222	0.350033	189.286	44.6606	-21.2177	-0.0299736	212.699	235.133	0.904588
2108	0.00202311	0.350033	189.286	44.6606	-21.218	-0.02997	212.698	235.133	0.904586
2109	0.002024	0.350033	189.286	44.6606	-21.217	-0.0299664	212.699	235.133	0.904591
2110	0.00202489	0.350033	189.286	44.6607	-21.2146	-0.0299629	212.702	235.133	0.904601
2111	0.00202578	0.350033	189.286	44.6607	-21.2097	-0.0299594	212.707	235.133	0.904622
2112	0.00202667	0.350033	189.286	44.6607	-21.1984	-0.0299561	212.718	235.133	0.90467
2113	0.00202756	0.350033	189.286	44.6607	-21.1855	-0.0299527	212.731	235.133	0.904725
2114	0.00202845	0.350033	189.286	44.6607	-21.172	-0.0299494	212.744	235.133	0.904782
2115	0.00202934	0.350033	189.286	44.6608	-21.1585	-0.029946	212.758	235.133	0.90484
2116	0.00203023	0.350033	189.286	44.6608	-21.145	-0.0299427	212.771	235.133	0.904897
2117	0.00203112	0.350033	189.286	44.6608	-21.132	-0.0299394	212.785	235.133	0.904953
2118	0.002032	0.350033	189.286	44.6608	-21.1195	-0.0299362	212.797	235.133	0.905006
2119	0.00203289	0.350033	189.286	44.6609	-21.1079	-0.029933	212.809	235.133	0.905055
2120	0.00203378	0.350033	189.286	44.6609	-21.0973	-0.0299298	212.819	235.133	0.9051
2121	0.00203467	0.350033	189.286	44.6609	-21.0879	-0.0299267	212.829	235.133	0.90514
2122	0.00203556	0.350033	189.286	44.6609	-21.0798	-0.0299236	212.837	235.133	0.905174
2123	0.00203645	0.350033	189.285	44.6609	-21.0731	-0.0299206	212.843	235.133	0.905203
2124	0.00203734	0.350033	189.285	44.661	-21.0679	-0.0299176	212.849	235.133	0.905225
2125	0.00203823	0.350033	189.285	44.661	-21.0641	-0.0299146	212.852	235.133	0.905241
2126	0.00203912	0.350033	189.285	44.661	-21.0619	-0.0299116	212.855	235.133	0.905251
2127	0.00204001	0.350033	189.285	44.661	-21.0613	-0.0299085	212.855	235.133	0.905253
2128	0.0020409	0.350033	189.285	44.6611	-21.0621	-0.0299055	212.854	235.133	0.90525
2129	0.00204179	0.350033	189.285	44.6611	-21.0643	-0.0299024	212.852	235.133	0.905241
2130	0.00204268	0.350033	189.285	44.6611	-21.0678	-0.0298993	212.849	235.133	0.905226
2131	0.00204357	0.350033	189.285	44.6611	-21.0726	-0.0298962	212.844	235.133	0.905205
2132	0.00204446	0.350033	189.285	44.6611	-21.0791	-0.029893	212.837	235.133	0.905178
2133	0.00204534	0.350033	189.285	44.6612	-21.0895	-0.0298897	212.827	235.133	0.905134
2134	0.00204623	0.350033	189.285	44.6612	-21.1048	-0.0298862	212.812	235.133	0.905069
2135	0.00204712	0.350033	189.285	44.6612	-21.1169	-0.0298827	212.8	235.133	0.905017
2136	0.00204801	0.350033	189.285	44.6612	-21.1264	-0.0298791	212.79	235.133	0.904977
2137	0.0020489	0.350033	189.285	44.6613	-21.1333	-0.0298755	212.783	235.133	0.904947
2138	0.00204979	0.350033	189.285	44.6613	-21.1382	-0.0298719	212.778	235.133	0.904926
2139	0.00205068	0.350033	189.285	44.6613	-21.1413	-0.0298683	212.775	235.133	0.904913
2140	0.00205157	0.350033	189.285	44.6613	-21.1427	-0.0298647	212.774	235.133	0.904907
2141	0.00205246	0.350033	189.285	44.6613	-21.1426	-0.029861	212.774	235.133	0.904908
2142	0.00205335	0.350033	189.285	44.6614	-21.141	-0.0298574	212.776	235.133	0.904914
2143	0.00205424	0.350033	189.285	44.6614	-21.138	-0.0298538	212.779	235.133	0.904927
2144	0.00205513	0.350033	189.285	44.6614	-21.1337	-0.0298502	212.783	235.133	0.904946
2145	0.00205602	0.350033	189.285	44.6614	-21.1282	-0.0298466	212.788	235.133	0.904969
2146	0.00205691	0.350033	189.285	44.6615	-21.1163	-0.0298432	212.8	235.133	0.90502
2147	0.0020578	0.350033	189.285	44.6615	-21.1013	-0.0298398	212.815	235.133	0.905083
2148	0.00205869	0.350033	189.285	44.6615	-21.0857	-0.0298364	212.831	235.133	0.90515
2149	0.00205958	0.350033	189.285	44.6615	-21.0699	-0.029833	212.847	235.133	0.905217
2150	0.00206047	0.350033	189.285	44.6615	-21.0542	-0.0298296	212.862	235.133	0.905284
2151	0.00206136	0.350033	189.285	44.6616	-21.039	-0.0298263	212.878	235.133	0.905348
2152	0.00206225	0.350033	189.285	44.6616	-21.0245	-0.0298229	212.892	235.133	0.90541
2153	0.00206314	0.350033	189.285	44.6616	-21.0109	-0.0298197	212.906	235.133	0.905468
2154	0.00206403	0.350033	189.285	44.6616	-20.9984	-0.0298164	212.918	235.133	0.905521
2155	0.00206492	0.350033	189.285	44.6616	-20.9874	-0.0298133	212.929	235.133	0.905568
2156	0.0020658	0.350033	189.285	44.6617	-20.9778	-0.0298101	212.939	235.133	0.905609
2157	0.00206669	0.350033	189.285	44.6617	-20.9698	-0.029807	212.947	235.133	0.905643
2158	0.00206758	0.350033	189.285	44.6617	-20.9634	-0.0298039	212.953	235.133	0.90567
2159	0.00206847	0.350033	189.285	44.6617	-20.9588	-0.0298009	212.958	235.133	0.90569
2160	0.00206936	0.350033	189.285	44.6618	-20.956	-0.0297978	212.961	235.133	0.905702
2161	0.00207025	0.350033	189.285	44.6618	-20.9549	-0.0297947	212.962	235.133	0.905706
2162	0.00207114	0.350033	189.285	44.6618	-20.9556	-0.0297917	212.961	235.133	0.905703
2163	0.00207203	0.350033	189.285	44.6618	-20.9579	-0.0297886	212.959	235.133	0.905694
2164	0.00207292	0.350033	189.285	44.6618	-20.9617	-0.0297855	212.955	235.133	0.905678
2165	0.00207381	0.350033	189.285	44.6619	-20.9668	-0.0297823	212.95	235.133	0.905656
2166	0.0020747	0.350033	189.285	44.6619	-20.9735	-0.0297791	212.943	235.133	0.905627
2167	0.00207559	0.350033	189.285	44.6619	-20.982	-0.0297759	212.935	235.133	0.905591
2168	0.00207648	0.350033	189.285	44.6619	-20.9958	-0.0297726	212.921	235.133	0.905532
2169	0.00207737	0.350033	189.285	44.662	-21.0122	-0.0297691	212.904	235.133	0.905463
2170	0.00207826	0.350033	189.285	44.662	-21.0256	-0.0297656	212.891	235.133	0.905406
2171	0.00207915	0.350033	189.284	44.662	-21.0364	-0.029762	212.88	235.133	0.90536
2172	0.00208004	0.350033	189.284	44.662	-21.0448	-0.0297585	212.872	235.133	0.905324
2173	0.00208093	0.350033	189.284	44.662	-21.0513	-0.0297549	212.865	235.133	0.905297
2174	0.00208182	0.350033	189.284	44.6621	-21.0561	-0.0297513	212.861	235.133	0.905276
2175	0.00208271	0.350033	189.284	44.6621	-21.0593	-0.0297477	212.857	235.133	0.905263
2176	0.0020836	0.350033	189.284	44.6621	-21.061	-0.029744	212.856	235.133	0.905255
2177	0.00208449	0.350033	189.284	44.6621	-21.0613	-0.0297404	212.855	235.133	0.905254
2178	0.00208538	0.350033	189.284	44.6622	-21.0603	-0.0297369	212.857	235.133	0.905258
2179	0.00208627	0.350033	189.284	44.6622	-21.0579	-0.0297333	212.859	235.133	0.905269
2180	0.00208716	0.350033	189.284	44.6622	-21.0542	-0.0297298	212.863	235.133	0.905284
2181	0.00208805	0.350033	189.284	44.6622	-21.0434	-0.0297265	212.873	235.133	0.90533
2182	0.00208894	0.350033	189.284	44.6622	-21.0302	-0.0297231	212.887	235.133	0.905386
2183	0.00208983	0.350033	189.284	44.6623	-21.0165	-0.0297198	212.9	235.133	0.905445
2184	0.00209072	0.350033	189.284	44.6623	-21.0026	-0.0297165	212.914	235.133	0.905504
2185	0.00209161	0.350033	189.284	44.6623	-20.9889	-0.0297131	212.928	235.133	0.905562
2186	0.0020925	0.350033	189.284	44.6623	-20.9757	-0.0297099	212.941	235.133	0.905618
2187	0.00209339	0.350033	189.284	44.6624	-20.9632	-0.0297066	212.954	235.133	0.905671
2188	0.00209428	0.350033	189.284	44.6624	-20.9517	-0.0297034	212.965	235.133	0.90572
2189	0.00209517	0.350033	189.284	44.6624	-20.9415	-0.0297003	212.975	235.133	0.905764
2190	0.00209606	0.350033	189.284	44.6624	-20.9325	-0.0296972	212.984	235.133	0.905802
2191	0.00209695	0.350033	189.284	44.6624	-20.9251	-0.0296941	212.992	235.133	0.905833
2192	0.00209784	0.350033	189.284	44.6625	-20.9193	-0.0296911	212.998	235.133	0.905858
2193	0.00209873	0.350033	189.284	44.6625	-20.9151	-0.0296881	213.002	235.133	0.905876
2194	0.00209962	0.350033	189.284	44.6625	-20.9125	-0.0296852	213.004	235.133	0.905887
2195	0.00210051	0.350033	189.284	44.6625	-20.9116	-0.0296822	213.005	235.133	0.905891
2196	0.0021014	0.350033	189.284	44.6626	-20.9124	-0.0296793	213.004	235.133	0.905888
2197	0.00210229	0.350033	189.284	44.6626	-20.9147	-0.0296763	213.002	235.133	0.905878
2198	0.00210318	0.350033	189.284	44.6626	-20.9186	-0.0296734	212.998	235.133	0.905861
2199	0.00210407	0.350033	189.284	44.6626	-20.9238	-0.0296704	212.993	235.133	0.905839
2200	0.00210496	0.350033	189.284	44.6626	-20.9302	-0.0296674	212.987	235.133	0.905812
2201	0.00210585	0.350033	189.284	44.6627	-20.9378	-0.0296643	212.979	235.133	0.905779
2202	0.00210674	0.350033	189.284	44.6627	-20.9471	-0.0296612	212.97	235.133	0.90574
2203	0.00210764	0.350033	189.284	44.6627	-20.9605	-0.029658	212.956	235.133	0.905683
2204	0.00210853	0.350033	189.284	44.6627	-20.9776	-0.0296546	212.939	235.133	0.90561
2205	0.00210942	0.350033	189.284	44.6627	-20.9915	-0.0296512	212.925	235.133	0.905551
2206	0.00211031	0.350033	189.284	44.6628	-21.0025	-0.0296478	212.914	235.133	0.905504
2207	0.0021112	0.350033	189.284	44.6628	-21.0108	-0.0296443	212.906	235.133	0.905469
2208	0.00211209	0.350033	189.284	44.6628	-21.0171	-0.0296408	212.9	235.133	0.905443
2209	0.00211298	0.350033	189.284	44.6628	-21.0214	-0.0296373	212.896	235.133	0.905424
2210	0.00211387	0.350033	189.284	44.6629	-21.0239	-0.0296339	212.893	235.133	0.905414
2211	0.00211476	0.350033	189.284	44.6629	-21.0247	-0.0296304	212.892	235.133	0.90541
2212	0.00211565	0.350033	189.284	44.6629	-21.024	-0.0296269	212.893	235.133	0.905413
2213	0.00211654	0.350033	189.284	44.6629	-21.0217	-0.0296234	212.895	235.133	0.905423
2214	0.00211743	0.350033	189.284	44.6629	-21.0181	-0.02962	212.899	235.133	0.905438
2215	0.00211832	0.350033	189.284	44.663	-21.0101	-0.0296167	212.907	235.133	0.905472
2216	0.00211921	0.350033	189.284	44.663	-20.9968	-0.0296134	212.92	235.133	0.905529
2217	0.0021201	0.350033	189.284	44.663	-20.9823	-0.0296102	212.935	235.133	0.905591
2218	0.00212099	0.350033	189.284	44.663	-20.9673	-0.0296069	212.95	235.133	0.905654
2219	0.00212188	0.350033	189.283	44.6631	-20.9521	-0.0296036	212.965	235.133	0.905719
2220	0.00212277	0.350033	189.283	44.6631	-20.9372	-0.0296004	212.98	235.133	0.905782
2221	0.00212366	0.350033	189.283	44.6631	-20.9228	-0.0295972	212.994	235.133	0.905844
2222	0.00212455	0.350033	189.283	44.6631	-20.9091	-0.029594	213.008	235.133	0.905902
2223	0.00212544	0.350033	189.283	44.6631	-20.8964	-0.0295909	213.021	235.133	0.905956
2224	0.00212633	0.350033	189.283	44.6632	-20.8848	-0.0295879	213.032	235.133	0.906005
2225	0.00212722	0.350033	189.283	44.6632	-20.8747	-0.0295849	213.042	235.133	0.906048
2226	0.00212811	0.350033	189.283	44.6632	-20.866	-0.0295819	213.051	235.133	0.906085
2227	0.002129	0.350033	189.283	44.6632	-20.8588	-0.0295789	213.058	235.133	0.906116
2228	0.00212989	0.350033	189.283	44.6633	-20.8532	-0.029576	213.064	235.133	0.90614
2229	0.00213078	0.350033	189.283	44.6633	-20.8492	-0.0295731	213.068	235.133	0.906157
2230	0.00213167	0.350033	189.283	44.6633	-20.8469	-0.0295702	213.07	235.133	0.906166
2231	0.00213256	0.350033	189.283	44.6633	-20.8463	-0.0295673	213.071	235.133	0.906169
2232	0.00213345	0.350033	189.283	44.6633	-20.8471	-0.0295643	213.07	235.133	0.906166
2233	0.00213434	0.350033	189.283	44.6634	-20.8493	-0.0295614	213.068	235.133	0.906156
2234	0.00213523	0.350033	189.283	44.6634	-20.8527	-0.0295584	213.064	235.133	0.906142
2235	0.00213612	0.350033	189.283	44.6634	-20.8573	-0.0295554	213.06	235.133	0.906122
2236	0.00213701	0.350033	189.283	44.6634	-20.8629	-0.0295523	213.054	235.134	0.906099
2237	0.0021379	0.350033	189.283	44.6635	-20.8699	-0.0295492	213.047	235.134	0.906069
2238	0.00213879	0.350033	189.283	44.6635	-20.88	-0.0295461	213.037	235.134	0.906026
2239	0.00213968	0.350033	189.283	44.6635	-20.8955	-0.0295427	213.021	235.134	0.90596
2240	0.00214057	0.350033	189.283	44.6635	-20.9078	-0.0295393	213.009	235.134	0.905908
2241	0.00214146	0.350033	189.283	44.6635	-20.9171	-0.0295359	213	235.134	0.905868
2242	0.00214235	0.350033	189.283	44.6636	-20.9238	-0.0295325	212.993	235.134	0.90584
2243	0.00214324	0.350033	189.283	44.6636	-20.9283	-0.029529	212.989	235.134	0.90582
2244	0.00214413	0.350033	189.283	44.6636	-20.931	-0.0295256	212.986	235.134	0.905809
2245	0.00214502	0.350033	189.283	44.6636	-20.9319	-0.0295221	212.985	235.134	0.905805
2246	0.00214591	0.350033	189.283	44.6637	-20.9313	-0.0295186	212.986	235.134	0.905808
2247	0.0021468	0.350033	189.283	44.6637	-20.9292	-0.0295152	212.988	235.134	0.905817
2248	0.00214769	0.350033	189.283	44.6637	-20.9257	-0.0295118	212.991	235.134	0.905832
2249	0.00214858	0.350033	189.283	44.6637	-20.9209	-0.0295084	212.996	235.134	0.905852
2250	0.00214947	0.350033	189.283	44.6637	-20.9123	-0.029505	213.005	235.134	0.905889
2251	0.00215036	0.350033	189.283	44.6638	-20.8982	-0.0295018	213.019	235.134	0.905949
2252	0.00215125	0.350033	189.283	44.6638	-20.883	-0.0294986	213.034	235.134	0.906013
2253	0.00215214	0.350033	189.283	44.6638	-20.8676	-0.0294954	213.05	235.134	0.906079
2254	0.00215303	0.350033	189.283	44.6638	-20.8521	-0.0294921	213.065	235.134	0.906145
2255	0.00215392	0.350033	189.283	44.6638	-20.8371	-0.0294889	213.08	235.134	0.906209
2256	0.00215481	0.350033	189.283	44.6639	-20.8227	-0.0294858	213.094	235.134	0.90627
2257	0.0021557	0.350033	189.283	44.6639	-20.8092	-0.0294827	213.108	235.134	0.906327
2258	0.00215659	0.350033	189.283	44.6639	-20.7969	-0.0294796	213.12	235.134	0.90638
2259	0.00215748	0.350033	189.283	44.6639	-20.7858	-0.0294766	213.131	235.134	0.906427
2260	0.00215837	0.350033	189.283	44.664	-20.7763	-0.0294736	213.141	235.134	0.906467
2261	0.00215926	0.350033	189.283	44.664	-20.7684	-0.0294707	213.149	235.134	0.906501
2262	0.00216015	0.350033	189.283	44.664	-20.7622	-0.0294678	213.155	235.134	0.906527
2263	0.00216104	0.350033	189.283	44.664	-20.7577	-0.0294649	213.159	235.134	0.906546
2264	0.00216193	0.350033	189.283	44.664	-20.7549	-0.0294621	213.162	235.134	0.906558
2265	0.00216282	0.350033	189.283	44.6641	-20.754	-0.0294592	213.163	235.134	0.906562
2266	0.00216371	0.350033	189.283	44.6641	-20.7549	-0.0294563	213.162	235.134	0.906558
2267	0.0021646	0.350033	189.282	44.6641	-20.7574	-0.0294535	213.16	235.134	0.906548
2268	0.00216549	0.350033	189.282	44.6641	-20.7614	-0.0294506	213.156	235.134	0.906531
2269	0.00216638	0.350033	189.282	44.6642	-20.7667	-0.0294477	213.15	235.134	0.906508
2270	0.00216727	0.350033	189.282	44.6642	-20.7733	-0.0294448	213.144	235.134	0.90648
2271	0.00216816	0.350033	189.282	44.6642	-20.7812	-0.0294418	213.136	235.134	0.906446
2272	0.00216905	0.350033	189.282	44.6642	-20.791	-0.0294388	213.126	235.134	0.906405
2273	0.00216994	0.350033	189.282	44.6642	-20.8066	-0.0294356	213.111	235.134	0.906339
2274	0.00217083	0.350033	189.282	44.6643	-20.8233	-0.0294323	213.094	235.134	0.906267
2275	0.00217173	0.350033	189.282	44.6643	-20.837	-0.029429	213.08	235.134	0.906209
2276	0.00217262	0.350033	189.282	44.6643	-20.8479	-0.0294257	213.069	235.134	0.906163
2277	0.00217351	0.350033	189.282	44.6643	-20.8564	-0.0294223	213.061	235.134	0.906127
2278	0.0021744	0.350033	189.282	44.6644	-20.8629	-0.0294189	213.054	235.134	0.906099
2279	0.00217529	0.350033	189.282	44.6644	-20.8675	-0.0294156	213.05	235.134	0.906079
2280	0.00217618	0.350033	189.282	44.6644	-20.8706	-0.0294122	213.047	235.134	0.906066
2281	0.00217707	0.350033	189.282	44.6644	-20.8721	-0.0294088	213.045	235.134	0.90606
2282	0.00217796	0.350033	189.282	44.6644	-20.8721	-0.0294055	213.045	235.134	0.90606
2283	0.00217885	0.350033	189.282	44.6645	-20.8707	-0.0294022	213.047	235.134	0.906066
2284	0.00217974	0.350033	189.282	44.6645	-20.868	-0.0293989	213.049	235.134	0.906078
2285	0.00218063	0.350033	189.282	44.6645	-20.864	-0.0293956	213.053	235.134	0.906094
2286	0.00218152	0.350033	189.282	44.6645	-20.8529	-0.0293926	213.064	235.134	0.906142
2287	0.00218241	0.350033	189.282	44.6646	-20.8396	-0.0293895	213.078	235.134	0.906198
2288	0.0021833	0.350033	189.282	44.6646	-20.8259	-0.0293864	213.091	235.134	0.906257
2289	0.00218419	0.350033	189.282	44.6646	-20.8121	-0.0293834	213.105	235.134	0.906315
2290	0.00218508	0.350033	189.282	44.6646	-20.7986	-0.0293803	213.119	235.134	0.906373
2291	0.00218597	0.350033	189.282	44.6646	-20.7857	-0.0293773	213.132	235.134	0.906428
2292	0.00218686	0.350033	189.282	44.6647	-20.7736	-0.0293744	213.144	235.134	0.906479
2293	0.00218775	0.350033	189.282	44.6647	-20.7626	-0.0293714	213.155	235.134	0.906526
2294	0.00218864	0.350033	189.282	44.6647	-20.7528	-0.0293686	213.165	235.134	0.906568
2295	0.00218954	0.350033	189.282	44.6647	-20.7444	-0.0293658	213.173	235.134	0.906603
2296	0.00219043	0.350033	189.282	44.6647	-20.7375	-0.029363	213.18	235.134	0.906633
2297	0.00219132	0.350033	189.282	44.6648	-20.7322	-0.0293603	213.185	235.134	0.906655
2298	0.00219221	0.350033	189.282	44.6648	-20.7285	-0.0293576	213.189	235.134	0.906671
2299	0.0021931	0.350033	189.282	44.6648	-20.7264	-0.0293549	213.191	235.134	0.90668
2300	0.00219399	0.350033	189.282	44.6648	-20.7261	-0.0293523	213.191	235.134	0.906681
2301	0.00219488	0.350033	189.282	44.6649	-20.7274	-0.0293496	213.19	235.134	0.906676
2302	0.00219577	0.350033	189.282	44.6649	-20.7303	-0.0293469	213.187	235.134	0.906663
2303	0.00219666	0.350033	189.282	44.6649	-20.7347	-0.0293442	213.183	235.134	0.906645
2304	0.00219755	0.350033	189.282	44.6649	-20.7404	-0.0293415	213.177	235.134	0.90662
2305	0.00219844	0.350033	189.282	44.6649	-20.7474	-0.0293388	213.17	235.134	0.906591
2306	0.00219933	0.350033	189.282	44.665	-20.7559	-0.029336	213.161	235.134	0.906555
2307	0.00220022	0.350033	189.282	44.665	-20.7671	-0.0293331	213.15	235.134	0.906507
2308	0.00220111	0.350033	189.282	44.665	-20.7856	-0.02933	213.132	235.134	0.906428
2309	0.002202	0.350033	189.282	44.665	-20.8008	-0.0293269	213.117	235.134	0.906363
2310	0.00220289	0.350033	189.282	44.6651	-20.8131	-0.0293237	213.104	235.134	0.906311
2311	0.00220378	0.350033	189.282	44.6651	-20.8227	-0.0293205	213.095	235.134	0.906271
2312	0.00220467	0.350033	189.282	44.6651	-20.83	-0.0293173	213.087	235.134	0.906239
2313	0.00220557	0.350033	189.282	44.6651	-20.8353	-0.0293141	213.082	235.134	0.906217
2314	0.00220646	0.350033	189.282	44.6651	-20.8389	-0.0293108	213.078	235.134	0.906202
2315	0.00220735	0.350033	189.281	44.6652	-20.8407	-0.0293076	213.077	235.134	0.906194
2316	0.00220824	0.350033	189.281	44.6652	-20.8409	-0.0293043	213.076	235.134	0.906193
2317	0.00220913	0.350033	189.281	44.6652	-20.8396	-0.0293011	213.078	235.134	0.906199
2318	0.00221002	0.350033	189.281	44.6652	-20.8368	-0.0292979	213.081	235.134	0.90621
2319	0.00221091	0.350033	189.281	44.6653	-20.8327	-0.0292947	213.085	235.134	0.906228
2320	0.0022118	0.350033	189.281	44.6653	-20.8266	-0.0292916	213.091	235.134	0.906254
2321	0.00221269	0.350033	189.281	44.6653	-20.8138	-0.0292887	213.104	235.134	0.906308
2322	0.00221358	0.350033	189.281	44.6653	-20.7992	-0.0292857	213.118	235.134	0.90637
2323	0.00221447	0.350033	189.281	44.6653	-20.7842	-0.0292827	213.133	235.134	0.906434
2324	0.00221536	0.350033	189.281	44.6654	-20.7692	-0.0292797	213.148	235.134	0.906498
2325	0.00221625	0.350033	189.281	44.6654	-20.7546	-0.0292768	213.163	235.134	0.90656
2326	0.00221714	0.350033	189.281	44.6654	-20.7404	-0.0292739	213.177	235.134	0.90662
2327	0.00221803	0.350033	189.281	44.6654	-20.7272	-0.029271	213.19	235.134	0.906677
2328	0.00221892	0.350033	189.281	44.6655	-20.715	-0.0292681	213.202	235.134	0.906729
2329	0.00221982	0.350033	189.281	44.6655	-20.704	-0.0292653	213.213	235.134	0.906776
2330	0.00222071	0.350033	189.281	44.6655	-20.6944	-0.0292625	213.223	235.134	0.906816
2331	0.0022216	0.350033	189.281	44.6655	-20.6863	-0.0292598	213.231	235.134	0.906851
2332	0.00222249	0.350033	189.281	44.6655	-20.6798	-0.0292571	213.238	235.134	0.906878
2333	0.00222338	0.350033	189.281	44.6656	-20.6749	-0.0292544	213.243	235.134	0.906899
2334	0.00222427	0.350033	189.281	44.6656	-20.6716	-0.0292518	213.246	235.134	0.906913
2335	0.00222516	0.350033	189.281	44.6656	-20.6701	-0.0292491	213.247	235.134	0.90692
2336	0.00222605	0.350033	189.281	44.6656	-20.6701	-0.0292464	213.247	235.134	0.90692
2337	0.00222694	0.350033	189.281	44.6657	-20.6718	-0.0292437	213.246	235.134	0.906912
2338	0.00222783	0.350033	189.281	44.6657	-20.675	-0.029241	213.242	235.134	0.906899
2339	0.00222872	0.350033	189.281	44.6657	-20.6795	-0.0292382	213.238	235.134	0.90688
2340	0.00222961	0.350033	189.281	44.6657	-20.6855	-0.0292354	213.232	235.134	0.906854
2341	0.0022305	0.350033	189.281	44.6657	-20.6935	-0.0292326	213.224	235.134	0.90682
2342	0.00223139	0.350033	189.281	44.6658	-20.7076	-0.0292295	213.21	235.134	0.90676
2343	0.00223228	0.350033	189.281	44.6658	-20.7231	-0.0292264	213.194	235.134	0.906694
2344	0.00223317	0.350033	189.281	44.6658	-20.7357	-0.0292232	213.182	235.134	0.906641
2345	0.00223406	0.350033	189.281	44.6658	-20.7456	-0.0292199	213.172	235.134	0.906599
2346	0.00223495	0.350033	189.281	44.6658	-20.753	-0.0292166	213.164	235.134	0.906567
2347	0.00223585	0.350033	189.281	44.6659	-20.7586	-0.0292133	213.159	235.134	0.906544
2348	0.00223674	0.350033	189.281	44.6659	-20.7623	-0.0292099	213.155	235.134	0.906528
2349	0.00223763	0.350033	189.281	44.6659	-20.7644	-0.0292066	213.153	235.134	0.906519
2350	0.00223852	0.350033	189.281	44.6659	-20.765	-0.0292032	213.153	235.134	0.906516
2351	0.00223941	0.350033	189.281	44.666	-20.7641	-0.0291998	213.153	235.134	0.90652
2352	0.0022403	0.350033	189.281	44.666	-20.7618	-0.0291965	213.156	235.134	0.90653
2353	0.00224119	0.350033	189.281	44.666	-20.7582	-0.0291932	213.159	235.134	0.906545
2354	0.00224208	0.350033	189.281	44.666	-20.7533	-0.0291899	213.164	235.134	0.906566
2355	0.00224297	0.350033	189.281	44.666	-20.7452	-0.0291867	213.172	235.134	0.906601
2356	0.00224386	0.350033	189.281	44.6661	-20.7315	-0.0291836	213.186	235.134	0.906659
2357	0.00224475	0.350033	189.281	44.6661	-20.7168	-0.0291805	213.201	235.134	0.906721
2358	0.00224564	0.350033	189.281	44.6661	-20.7019	-0.0291774	213.216	235.134	0.906785
2359	0.00224653	0.350033	189.281	44.6661	-20.6872	-0.0291743	213.23	235.134	0.906847
2360	0.00224742	0.350033	189.281	44.6662	-20.673	-0.0291712	213.245	235.134	0.906908
2361	0.00224832	0.350033	189.281	44.6662	-20.6595	-0.0291682	213.258	235.134	0.906965
2362	0.00224921	0.350033	189.281	44.6662	-20.6469	-0.0291652	213.271	235.134	0.907019
2363	0.0022501	0.350033	189.28	44.6662	-20.6356	-0.0291622	213.282	235.134	0.907067
2364	0.00225099	0.350033	189.28	44.6662	-20.6256	-0.0291593	213.292	235.134	0.907109
2365	0.00225188	0.350033	189.28	44.6663	-20.6171	-0.0291565	213.3	235.134	0.907146
2366	0.00225277	0.350033	189.28	44.6663	-20.6101	-0.0291536	213.307	235.134	0.907175
2367	0.00225366	0.350033	189.28	44.6663	-20.6049	-0.0291509	213.313	235.134	0.907198
2368	0.00225455	0.350033	189.28	44.6663	-20.6012	-0.0291481	213.316	235.134	0.907213
2369	0.00225544	0.350033	189.28	44.6664	-20.5993	-0.0291454	213.318	235.134	0.907221
2370	0.00225633	0.350033	189.28	44.6664	-20.5992	-0.0291426	213.318	235.134	0.907222
2371	0.00225722	0.350033	189.28	44.6664	-20.6007	-0.0291399	213.317	235.134	0.907215
2372	0.00225811	0.350033	189.28	44.6664	-20.6039	-0.0291371	213.314	235.134	0.907202
2373	0.002259	0.350033	189.28	44.6664	-20.6087	-0.0291344	213.309	235.134	0.907181
2374	0.00225989	0.350033	189.28	44.6665	-20.6151	-0.0291316	213.303	235.134	0.907154
2375	0.00226079	0.350033	189.28	44.6665	-20.6235	-0.0291288	213.294	235.134	0.907118
2376	0.00226168	0.350033	189.28	44.6665	-20.6366	-0.0291258	213.281	235.134	0.907063
2377	0.00226257	0.350033	189.28	44.6665	-20.654	-0.0291227	213.264	235.134	0.906988
2378	0.00226346	0.350033	189.28	44.6666	-20.6685	-0.0291195	213.249	235.134	0.906927
2379	0.00226435	0.350033	189.28	44.6666	-20.6804	-0.0291163	213.237	235.134	0.906876
2380	0.00226524	0.350033	189.28	44.6666	-20.69	-0.0291131	213.228	235.134	0.906836
2381	0.00226613	0.350033	189.28	44.6666	-20.6975	-0.0291099	213.22	235.134	0.906804
2382	0.00226702	0.350033	189.28	44.6666	-20.7033	-0.0291066	213.214	235.134	0.906779
2383	0.00226791	0.350033	189.28	44.6667	-20.7075	-0.0291034	213.21	235.134	0.906761
2384	0.0022688	0.350033	189.28	44.6667	-20.7102	-0.0291002	213.207	235.134	0.90675
2385	0.0022697	0.350033	189.28	44.6667	-20.7114	-0.0290969	213.206	235.134	0.906745
2386	0.00227059	0.350033	189.28	44.6667	-20.7112	-0.0290937	213.206	235.134	0.906746
2387	0.00227148	0.350033	189.28	44.6668	-20.7097	-0.0290905	213.208	235.134	0.906752
2388	0.00227237	0.350033	189.28	44.6668	-20.7069	-0.0290874	213.211	235.134	0.906764
2389	0.00227326	0.350033	189.28	44.6668	-20.703	-0.0290843	213.215	235.134	0.906781
2390	0.00227415	0.350033	189.28	44.6668	-20.6935	-0.0290813	213.224	235.134	0.906821
2391	0.00227504	0.350033	189.28	44.6668	-20.6807	-0.0290784	213.237	235.134	0.906875
2392	0.00227593	0.350033	189.28	44.6669	-20.6673	-0.0290755	213.25	235.134	0.906932
2393	0.00227682	0.350033	189.28	44.6669	-20.6539	-0.0290726	213.264	235.134	0.906989
2394	0.00227771	0.350033	189.28	44.6669	-20.6409	-0.0290697	213.277	235.134	0.907045
2395	0.0022786	0.350033	189.28	44.6669	-20.6285	-0.0290669	213.289	235.134	0.907097
2396	0.0022795	0.350033	189.28	44.6669	-20.6169	-0.0290641	213.301	235.134	0.907147
2397	0.00228039	0.350033	189.28	44.667	-20.6064	-0.0290613	213.311	235.134	0.907191
2398	0.00228128	0.350033	189.28	44.667	-20.5971	-0.0290585	213.321	235.134	0.907231
2399	0.00228217	0.350033	189.28	44.667	-20.5893	-0.0290558	213.328	235.134	0.907264
2400	0.00228306	0.350033	189.28	44.667	-20.583	-0.0290532	213.335	235.134	0.907291
2401	0.00228395	0.350033	189.28	44.6671	-20.5782	-0.0290505	213.339	235.134	0.907311
2402	0.00228484	0.350033	189.28	44.6671	-20.5752	-0.0290479	213.343	235.134	0.907324
2403	0.00228573	0.350033	189.28	44.6671	-20.5738	-0.0290454	213.344	235.134	0.90733
2404	0.00228662	0.350033	189.28	44.6671	-20.5742	-0.0290428	213.344	235.134	0.907329
2405	0.00228751	0.350034	189.28	44.6671	-20.5763	-0.0290402	213.341	235.134	0.90732
2406	0.00228841	0.350034	189.28	44.6672	-20.5801	-0.0290376	213.338	235.134	0.907303
2407	0.0022893	0.350034	189.28	44.6672	-20.5857	-0.029035	213.332	235.134	0.90728
2408	0.00229019	0.350034	189.28	44.6672	-20.5929	-0.0290324	213.325	235.134	0.907249
2409	0.00229108	0.350034	189.28	44.6672	-20.6024	-0.0290297	213.315	235.134	0.907208
2410	0.00229197	0.350034	189.28	44.6673	-20.6174	-0.0290269	213.3	235.134	0.907145
2411	0.00229286	0.350034	189.279	44.6673	-20.636	-0.0290239	213.282	235.134	0.907066
2412	0.00229375	0.350034	189.279	44.6673	-20.6517	-0.0290209	213.266	235.134	0.906999
2413	0.00229464	0.350034	189.279	44.6673	-20.665	-0.0290178	213.253	235.134	0.906942
2414	0.00229553	0.350034	189.279	44.6673	-20.6759	-0.0290147	213.242	235.134	0.906896
2415	0.00229642	0.350034	189.279	44.6674	-20.6849	-0.0290116	213.233	235.134	0.906858
2416	0.00229732	0.350034	189.279	44.6674	-20.6923	-0.0290084	213.226	235.134	0.906826
2417	0.00229821	0.350034	189.279	44.6674	-20.698	-0.0290053	213.22	235.134	0.906802
2418	0.0022991	0.350034	189.279	44.6674	-20.7022	-0.0290021	213.216	235.134	0.906784
2419	0.00229999	0.350034	189.279	44.6675	-20.705	-0.028999	213.213	235.134	0.906772
2420	0.00230088	0.350034	189.279	44.6675	-20.7063	-0.0289959	213.211	235.134	0.906767
2421	0.00230177	0.350034	189.279	44.6675	-20.7063	-0.0289928	213.211	235.134	0.906767
2422	0.00230266	0.350034	189.279	44.6675	-20.7051	-0.0289897	213.213	235.134	0.906772
2423	0.00230355	0.350034	189.279	44.6675	-20.7027	-0.0289866	213.215	235.134	0.906782
2424	0.00230444	0.350034	189.279	44.6676	-20.699	-0.0289837	213.219	235.134	0.906798
2425	0.00230534	0.350034	189.279	44.6676	-20.6889	-0.0289808	213.229	235.134	0.906841
2426	0.00230623	0.350034	189.279	44.6676	-20.6768	-0.028978	213.241	235.134	0.906892
2427	0.00230712	0.350034	189.279	44.6676	-20.6647	-0.0289752	213.253	235.134	0.906944
2428	0.00230801	0.350034	189.279	44.6677	-20.6528	-0.0289723	213.265	235.134	0.906994
2429	0.0023089	0.350034	189.279	44.6677	-20.6414	-0.0289695	213.276	235.134	0.907043
2430	0.00230979	0.350034	189.279	44.6677	-20.6307	-0.0289666	213.287	235.134	0.907089
2431	0.00231068	0.350034	189.279	44.6677	-20.6209	-0.0289638	213.297	235.134	0.90713
2432	0.00231157	0.350034	189.279	44.6677	-20.6122	-0.0289611	213.306	235.134	0.907167
2433	0.00231246	0.350034	189.279	44.6678	-20.6049	-0.0289583	213.313	235.134	0.907198
2434	0.00231335	0.350034	189.279	44.6678	-20.599	-0.0289556	213.319	235.134	0.907223
2435	0.00231424	0.350034	189.279	44.6678	-20.5946	-0.0289529	213.323	235.134	0.907242
2436	0.00231514	0.350034	189.279	44.6678	-20.5918	-0.0289503	213.326	235.134	0.907254
2437	0.00231603	0.350034	189.279	44.6679	-20.5906	-0.0289476	213.327	235.134	0.907259
2438	0.00231692	0.350034	189.279	44.6679	-20.591	-0.028945	213.327	235.134	0.907257
2439	0.00231781	0.350034	189.279	44.6679	-20.5932	-0.0289424	213.325	235.134	0.907248
2440	0.0023187	0.350034	189.279	44.6679	-20.5971	-0.0289397	213.321	235.134	0.907231
2441	0.00231959	0.350034	189.279	44.6679	-20.6027	-0.028937	213.315	235.134	0.907208
2442	0.00232048	0.350034	189.279	44.668	-20.61	-0.0289343	213.308	235.134	0.907177
2443	0.00232137	0.350034	189.279	44.668	-20.6193	-0.0289315	213.299	235.134	0.907137
2444	0.00232226	0.350034	189.279	44.668	-20.6326	-0.0289287	213.285	235.134	0.90708
2445	0.00232315	0.350034	189.279	44.668	-20.6524	-0.0289256	213.265	235.134	0.906996
2446	0.00232404	0.350034	189.279	44.668	-20.6693	-0.0289224	213.249	235.134	0.906924
2447	0.00232493	0.350034	189.279	44.6681	-20.6838	-0.0289192	213.234	235.134	0.906863
2448	0.00232582	0.350034	189.279	44.6681	-20.6959	-0.028916	213.222	235.134	0.906811
2449	0.00232672	0.350034	189.279	44.6681	-20.706	-0.0289127	213.212	235.134	0.906768
2450	0.00232761	0.350034	189.279	44.6681	-20.7144	-0.0289095	213.204	235.134	0.906733
2451	0.0023285	0.350034	189.279	44.6682	-20.7212	-0.0289062	213.197	235.134	0.906704
2452	0.00232939	0.350034	189.279	44.6682	-20.7264	-0.0289029	213.191	235.134	0.906681
2453	0.00233028	0.350034	189.279	44.6682	-20.7302	-0.0288996	213.188	235.134	0.906665
2454	0.00233117	0.350034	189.279	44.6682	-20.7327	-0.0288963	213.185	235.134	0.906655
2455	0.00233206	0.350034	189.279	44.6682	-20.7338	-0.028893	213.184	235.134	0.90665
2456	0.00233295	0.350034	189.279	44.6683	-20.7337	-0.0288898	213.184	235.134	0.906651
2457	0.00233384	0.350034	189.279	44.6683	-20.7324	-0.0288866	213.186	235.134	0.906656
2458	0.00233473	0.350034	189.279	44.6683	-20.7301	-0.0288834	213.188	235.134	0.906666
2459	0.00233562	0.350034	189.279	44.6683	-20.724	-0.0288804	213.194	235.134	0.906692
2460	0.00233651	0.350034	189.278	44.6684	-20.7134	-0.0288774	213.205	235.134	0.906737
2461	0.0023374	0.350034	189.278	44.6684	-20.7024	-0.0288744	213.216	235.134	0.906784
2462	0.00233829	0.350034	189.278	44.6684	-20.6915	-0.0288714	213.226	235.134	0.90683
2463	0.00233918	0.350034	189.278	44.6684	-20.681	-0.0288684	213.237	235.134	0.906875
2464	0.00234007	0.350034	189.278	44.6684	-20.6712	-0.0288654	213.247	235.134	0.906917
2465	0.00234097	0.350034	189.278	44.6685	-20.6622	-0.0288625	213.256	235.134	0.906955
2466	0.00234186	0.350034	189.278	44.6685	-20.6543	-0.0288595	213.264	235.134	0.906989
2467	0.00234275	0.350034	189.278	44.6685	-20.6476	-0.0288566	213.27	235.134	0.907017
2468	0.00234364	0.350034	189.278	44.6685	-20.6423	-0.0288537	213.276	235.134	0.90704
2469	0.00234453	0.350034	189.278	44.6686	-20.6384	-0.0288509	213.28	235.134	0.907056
2470	0.00234542	0.350034	189.278	44.6686	-20.6361	-0.0288481	213.282	235.134	0.907066
2471	0.00234631	0.350034	189.278	44.6686	-20.6354	-0.0288453	213.283	235.134	0.907069
2472	0.0023472	0.350034	189.278	44.6686	-20.6364	-0.0288425	213.282	235.134	0.907065
2473	0.00234809	0.350034	189.278	44.6686	-20.6392	-0.0288397	213.279	235.134	0.907053
2474	0.00234898	0.350034	189.278	44.6687	-20.6437	-0.0288369	213.274	235.134	0.907034
2475	0.00234987	0.350034	189.278	44.6687	-20.65	-0.0288341	213.268	235.134	0.907007
2476	0.00235076	0.350034	189.278	44.6687	-20.6582	-0.0288312	213.26	235.134	0.906972
2477	0.00235165	0.350034	189.278	44.6687	-20.6687	-0.0288284	213.249	235.134	0.906928
2478	0.00235254	0.350034	189.278	44.6688	-20.6842	-0.0288254	213.234	235.134	0.906861
2479	0.00235343	0.350034	189.278	44.6688	-20.7047	-0.0288222	213.213	235.134	0.906774
2480	0.00235432	0.350034	189.278	44.6688	-20.7226	-0.0288189	213.195	235.134	0.906698
2481	0.00235521	0.350034	189.278	44.6688	-20.7382	-0.0288156	213.18	235.134	0.906632
2482	0.0023561	0.350034	189.278	44.6688	-20.7517	-0.0288123	213.166	235.134	0.906574
2483	0.00235699	0.350034	189.278	44.6689	-20.7633	-0.028809	213.155	235.134	0.906525
2484	0.00235788	0.350034	189.278	44.6689	-20.7734	-0.0288056	213.145	235.134	0.906482
2485	0.00235877	0.350034	189.278	44.6689	-20.782	-0.0288023	213.136	235.134	0.906446
2486	0.00235966	0.350034	189.278	44.6689	-20.7892	-0.0287989	213.129	235.134	0.906415
2487	0.00236055	0.350034	189.278	44.6689	-20.795	-0.0287956	213.123	235.134	0.90639
2488	0.00236145	0.350034	189.278	44.669	-20.7995	-0.0287923	213.119	235.134	0.906371
2489	0.00236234	0.350034	189.278	44.669	-20.8028	-0.028789	213.115	235.134	0.906357
2490	0.00236323	0.350034	189.278	44.669	-20.805	-0.0287857	213.113	235.134	0.906348
2491	0.00236412	0.350034	189.278	44.669	-20.8061	-0.0287825	213.112	235.134	0.906343
2492	0.00236501	0.350034	189.278	44.6691	-20.8061	-0.0287793	213.112	235.134	0.906343
2493	0.0023659	0.350034	189.278	44.6691	-20.8053	-0.0287762	213.113	235.134	0.906347
2494	0.00236679	0.350034	189.278	44.6691	-20.7994	-0.0287733	213.119	235.134	0.906372
2495	0.00236768	0.350034	189.278	44.6691	-20.7909	-0.0287704	213.127	235.134	0.906408
2496	0.00236857	0.350034	189.278	44.6691	-20.7823	-0.0287674	213.136	235.134	0.906445
2497	0.00236946	0.350034	189.278	44.6692	-20.774	-0.0287644	213.144	235.134	0.90648
2498	0.00237035	0.350034	189.278	44.6692	-20.7663	-0.0287615	213.152	235.134	0.906513
2499	0.00237124	0.350034	189.278	44.6692	-20.7594	-0.0287586	213.159	235.134	0.906542
2500	0.00237213	0.350034	189.278	44.6692	-20.7533	-0.0287557	213.165	235.134	0.906568
2501	0.00237302	0.350034	189.278	44.6693	-20.7484	-0.0287528	213.17	235.134	0.906589
2502	0.00237391	0.350034	189.278	44.6693	-20.7448	-0.02875	213.173	235.134	0.906604
2503	0.0023748	0.350034	189.278	44.6693	-20.7425	-0.0287472	213.176	235.134	0.906614
2504	0.00237569	0.350034	189.278	44.6693	-20.7417	-0.0287444	213.176	235.134	0.906617
2505	0.00237658	0.350034	189.278	44.6693	-20.7424	-0.0287417	213.176	235.134	0.906614
2506	0.00237747	0.350034	189.278	44.6694	-20.7446	-0.028739	213.174	235.134	0.906605
2507	0.00237836	0.350034	189.278	44.6694	-20.7485	-0.0287363	213.17	235.134	0.906588
2508	0.00237925	0.350034	189.277	44.6694	-20.7541	-0.0287336	213.164	235.134	0.906565
2509	0.00238014	0.350034	189.277	44.6694	-20.7614	-0.0287309	213.157	235.134	0.906534
2510	0.00238103	0.350034	189.277	44.6695	-20.7704	-0.0287282	213.148	235.134	0.906495
2511	0.00238192	0.350034	189.277	44.6695	-20.7816	-0.0287255	213.137	235.134	0.906448
2512	0.00238281	0.350034	189.277	44.6695	-20.7965	-0.0287226	213.122	235.134	0.906384
2513	0.0023837	0.350034	189.277	44.6695	-20.8189	-0.0287196	213.099	235.134	0.906289
2514	0.00238459	0.350034	189.277	44.6695	-20.8387	-0.0287164	213.079	235.134	0.906205
2515	0.00238548	0.350034	189.277	44.6696	-20.8561	-0.0287133	213.062	235.134	0.906131
2516	0.00238638	0.350034	189.277	44.6696	-20.8715	-0.0287101	213.047	235.134	0.906065
2517	0.00238727	0.350034	189.277	44.6696	-20.8848	-0.0287068	213.033	235.134	0.906009
2518	0.00238816	0.350034	189.277	44.6696	-20.8965	-0.0287036	213.022	235.134	0.905959
2519	0.00238905	0.350034	189.277	44.6697	-20.9068	-0.0287004	213.011	235.134	0.905915
2520	0.00238994	0.350034	189.277	44.6697	-20.9156	-0.0286971	213.003	235.134	0.905878
2521	0.00239083	0.350034	189.277	44.6697	-20.923	-0.0286938	212.995	235.134	0.905846
2522	0.00239172	0.350034	189.277	44.6697	-20.929	-0.0286906	212.989	235.134	0.905821
2523	0.00239261	0.350034	189.277	44.6697	-20.9337	-0.0286874	212.985	235.134	0.905801
2524	0.0023935	0.350034	189.277	44.6698	-20.9372	-0.0286841	212.981	235.134	0.905786
2525	0.00239439	0.350034	189.277	44.6698	-20.9394	-0.028681	212.979	235.134	0.905776
2526	0.00239528	0.350034	189.277	44.6698	-20.9406	-0.0286778	212.978	235.134	0.905772
2527	0.00239617	0.350034	189.277	44.6698	-20.9408	-0.0286748	212.977	235.134	0.905771
2528	0.00239706	0.350034	189.277	44.6699	-20.9359	-0.0286718	212.982	235.134	0.905792
2529	0.00239795	0.350034	189.277	44.6699	-20.9282	-0.0286689	212.99	235.134	0.905824
2530	0.00239884	0.350034	189.277	44.6699	-20.9202	-0.0286659	212.998	235.134	0.905858
2531	0.00239973	0.350034	189.277	44.6699	-20.9124	-0.028663	213.006	235.134	0.905891
2532	0.00240062	0.350034	189.277	44.6699	-20.905	-0.02866	213.013	235.134	0.905923
2533	0.00240151	0.350034	189.277	44.67	-20.8981	-0.028657	213.02	235.134	0.905952
2534	0.0024024	0.350034	189.277	44.67	-20.892	-0.028654	213.026	235.134	0.905978
2535	0.00240329	0.350034	189.277	44.67	-20.8868	-0.0286511	213.031	235.134	0.906001
2536	0.00240418	0.350034	189.277	44.67	-20.8826	-0.0286482	213.036	235.134	0.906018
2537	0.00240507	0.350034	189.277	44.67	-20.8796	-0.0286453	213.039	235.134	0.906031
2538	0.00240596	0.350034	189.277	44.6701	-20.8778	-0.0286424	213.04	235.134	0.906039
2539	0.00240685	0.350034	189.277	44.6701	-20.8774	-0.0286396	213.041	235.134	0.90604
2540	0.00240774	0.350034	189.277	44.6701	-20.8784	-0.0286367	213.04	235.134	0.906036
2541	0.00240863	0.350034	189.277	44.6701	-20.8808	-0.0286339	213.037	235.134	0.906026
2542	0.00240952	0.350034	189.277	44.6702	-20.8848	-0.028631	213.034	235.134	0.906009
2543	0.00241041	0.350034	189.277	44.6702	-20.8903	-0.0286281	213.028	235.134	0.905986
2544	0.0024113	0.350034	189.277	44.6702	-20.8973	-0.0286252	213.021	235.134	0.905956
2545	0.00241219	0.350034	189.277	44.6702	-20.906	-0.0286223	213.012	235.134	0.905919
2546	0.00241308	0.350034	189.277	44.6702	-20.9171	-0.0286193	213.001	235.134	0.905872
2547	0.00241397	0.350034	189.277	44.6703	-20.9355	-0.0286161	212.983	235.134	0.905793
2548	0.00241486	0.350034	189.277	44.6703	-20.9546	-0.0286128	212.964	235.134	0.905712
2549	0.00241575	0.350034	189.277	44.6703	-20.9713	-0.0286095	212.947	235.134	0.905641
2550	0.00241664	0.350034	189.277	44.6703	-20.9856	-0.0286061	212.933	235.134	0.90558
2551	0.00241753	0.350034	189.277	44.6704	-20.9979	-0.0286026	212.92	235.134	0.905528
2552	0.00241842	0.350034	189.277	44.6704	-21.0083	-0.0285992	212.91	235.134	0.905484
2553	0.00241931	0.350034	189.277	44.6704	-21.0172	-0.0285958	212.901	235.134	0.905446
2554	0.0024202	0.350034	189.277	44.6704	-21.0247	-0.0285923	212.894	235.134	0.905414
2555	0.00242109	0.350034	189.277	44.6704	-21.0308	-0.0285888	212.888	235.134	0.905388
2556	0.00242198	0.350034	189.276	44.6705	-21.0355	-0.0285854	212.883	235.134	0.905368
2557	0.00242287	0.350034	189.276	44.6705	-21.0389	-0.0285819	212.879	235.134	0.905354
2558	0.00242376	0.350034	189.276	44.6705	-21.0412	-0.0285785	212.877	235.134	0.905344
2559	0.00242465	0.350034	189.276	44.6705	-21.0423	-0.0285751	212.876	235.134	0.905339
2560	0.00242554	0.350034	189.276	44.6706	-21.0424	-0.0285718	212.876	235.134	0.905339
2561	0.00242643	0.350034	189.276	44.6706	-21.0414	-0.0285685	212.877	235.134	0.905343
2562	0.00242732	0.350034	189.276	44.6706	-21.0356	-0.0285653	212.883	235.134	0.905368
2563	0.00242821	0.350034	189.276	44.6706	-21.0267	-0.0285622	212.892	235.134	0.905406
2564	0.0024291	0.350034	189.276	44.6706	-21.0175	-0.0285591	212.901	235.134	0.905445
2565	0.00242999	0.350034	189.276	44.6707	-21.0084	-0.0285559	212.91	235.134	0.905484
2566	0.00243088	0.350034	189.276	44.6707	-20.9997	-0.0285528	212.919	235.134	0.905521
2567	0.00243177	0.350034	189.276	44.6707	-20.9916	-0.0285496	212.927	235.134	0.905555
2568	0.00243265	0.350034	189.276	44.6707	-20.9841	-0.0285465	212.934	235.134	0.905587
2569	0.00243354	0.350034	189.276	44.6708	-20.9776	-0.0285434	212.941	235.134	0.905615
2570	0.00243443	0.350034	189.276	44.6708	-20.9721	-0.0285403	212.946	235.134	0.905638
2571	0.00243532	0.350034	189.276	44.6708	-20.9679	-0.0285373	212.951	235.134	0.905656
2572	0.00243621	0.350034	189.276	44.6708	-20.9649	-0.0285343	212.954	235.134	0.905669
2573	0.0024371	0.350034	189.276	44.6708	-20.9633	-0.0285314	212.955	235.134	0.905676
2574	0.00243799	0.350034	189.276	44.6709	-20.9631	-0.0285285	212.955	235.134	0.905677
2575	0.00243888	0.350034	189.276	44.6709	-20.9644	-0.0285255	212.954	235.134	0.905671
2576	0.00243977	0.350034	189.276	44.6709	-20.9673	-0.0285226	212.951	235.134	0.905659
2577	0.00244066	0.350034	189.276	44.6709	-20.9718	-0.0285197	212.947	235.134	0.90564
2578	0.00244155	0.350034	189.276	44.6709	-20.9778	-0.0285168	212.941	235.134	0.905614
2579	0.00244244	0.350034	189.276	44.671	-20.9855	-0.0285138	212.933	235.134	0.905581
2580	0.00244333	0.350034	189.276	44.671	-20.9949	-0.0285108	212.924	235.134	0.905541
2581	0.00244422	0.350034	189.276	44.671	-21.0075	-0.0285078	212.911	235.134	0.905488
2582	0.00244511	0.350034	189.276	44.671	-21.0281	-0.0285045	212.89	235.134	0.9054
2583	0.002446	0.350034	189.276	44.6711	-21.0459	-0.0285012	212.873	235.134	0.905324
2584	0.00244689	0.350034	189.276	44.6711	-21.0614	-0.0284979	212.857	235.134	0.905259
2585	0.00244778	0.350034	189.276	44.6711	-21.0746	-0.0284945	212.844	235.134	0.905202
2586	0.00244867	0.350034	189.276	44.6711	-21.0859	-0.0284911	212.833	235.134	0.905154
2587	0.00244956	0.350034	189.276	44.6711	-21.0956	-0.0284878	212.823	235.134	0.905113
2588	0.00245045	0.350034	189.276	44.6712	-21.1038	-0.0284844	212.815	235.134	0.905078
2589	0.00245134	0.350034	189.276	44.6712	-21.1106	-0.028481	212.808	235.134	0.905049
2590	0.00245223	0.350034	189.276	44.6712	-21.116	-0.0284776	212.803	235.134	0.905026
2591	0.00245312	0.350034	189.276	44.6712	-21.1201	-0.0284743	212.798	235.134	0.905009
2592	0.00245401	0.350034	189.276	44.6713	-21.123	-0.028471	212.795	235.134	0.904997
2593	0.0024549	0.350034	189.276	44.6713	-21.1247	-0.0284677	212.794	235.134	0.904989
2594	0.00245579	0.350034	189.276	44.6713	-21.1253	-0.0284644	212.793	235.134	0.904987
2595	0.00245668	0.350034	189.276	44.6713	-21.1248	-0.0284612	212.794	235.134	0.904989
2596	0.00245757	0.350034	189.276	44.6713	-21.1183	-0.0284582	212.8	235.134	0.905017
2597	0.00245846	0.350034	189.276	44.6714	-21.1093	-0.0284552	212.809	235.134	0.905055
2598	0.00245935	0.350034	189.276	44.6714	-21.1	-0.0284522	212.819	235.134	0.905095
2599	0.00246024	0.350034	189.276	44.6714	-21.0907	-0.0284491	212.828	235.134	0.905134
2600	0.00246113	0.350034	189.276	44.6714	-21.0817	-0.0284461	212.837	235.134	0.905173
2601	0.00246202	0.350034	189.276	44.6715	-21.0731	-0.0284431	212.845	235.134	0.905209
2602	0.00246291	0.350034	189.276	44.6715	-21.0652	-0.0284401	212.853	235.134	0.905243
2603	0.0024638	0.350034	189.276	44.6715	-21.0581	-0.0284372	212.86	235.134	0.905273
2604	0.00246469	0.350034	189.275	44.6715	-21.052	-0.0284343	212.867	235.134	0.905299
2605	0.00246558	0.350034	189.275	44.6715	-21.0471	-0.0284314	212.871	235.134	0.90532
2606	0.00246647	0.350034	189.275	44.6716	-21.0435	-0.0284286	212.875	235.134	0.905335
2607	0.00246736	0.350034	189.275	44.6716	-21.0412	-0.0284258	212.877	235.134	0.905345
2608	0.00246825	0.350034	189.275	44.6716	-21.0403	-0.028423	212.878	235.134	0.905349
2609	0.00246914	0.350034	189.275	44.6716	-21.0409	-0.0284202	212.878	235.134	0.905346
2610	0.00247003	0.350034	189.275	44.6717	-21.043	-0.0284175	212.876	235.134	0.905337
2611	0.00247092	0.350034	189.275	44.6717	-21.0466	-0.0284147	212.872	235.134	0.905322
2612	0.00247181	0.350034	189.275	44.6717	-21.0517	-0.0284119	212.867	235.134	0.9053
2613	0.0024727	0.350034	189.275	44.6717	-21.0581	-0.028409	212.861	235.134	0.905273
2614	0.00247359	0.350034	189.275	44.6717	-21.0659	-0.0284062	212.853	235.134	0.90524
2615	0.00247448	0.350034	189.275	44.6718	-21.0753	-0.0284033	212.843	235.134	0.9052
2616	0.00247537	0.350034	189.275	44.6718	-21.0872	-0.0284004	212.831	235.134	0.905149
2617	0.00247626	0.350034	189.275	44.6718	-21.1074	-0.0283972	212.811	235.134	0.905064
2618	0.00247715	0.350034	189.275	44.6718	-21.1245	-0.028394	212.794	235.134	0.90499
2619	0.00247804	0.350034	189.275	44.6718	-21.1391	-0.0283907	212.78	235.134	0.904929
2620	0.00247893	0.350034	189.275	44.6719	-21.1513	-0.0283874	212.767	235.134	0.904877
2621	0.00247982	0.350034	189.275	44.6719	-21.1612	-0.0283841	212.757	235.134	0.904834
2622	0.00248071	0.350034	189.275	44.6719	-21.1695	-0.0283808	212.749	235.134	0.904799
2623	0.0024816	0.350034	189.275	44.6719	-21.1761	-0.0283775	212.743	235.134	0.904771
2624	0.00248249	0.350034	189.275	44.672	-21.1812	-0.0283741	212.737	235.134	0.904749
2625	0.00248338	0.350034	189.275	44.672	-21.1849	-0.0283708	212.734	235.134	0.904734
2626	0.00248427	0.350034	189.275	44.672	-21.1871	-0.0283674	212.732	235.134	0.904724
2627	0.00248516	0.350034	189.275	44.672	-21.1881	-0.0283641	212.731	235.134	0.90472
2628	0.00248605	0.350034	189.275	44.672	-21.1877	-0.0283608	212.731	235.134	0.904722
2629	0.00248694	0.350034	189.275	44.6721	-21.1862	-0.0283575	212.733	235.134	0.904728
2630	0.00248783	0.350034	189.275	44.6721	-21.1791	-0.0283543	212.74	235.134	0.904759
2631	0.00248872	0.350034	189.275	44.6721	-21.1685	-0.0283512	212.75	235.134	0.904804
2632	0.00248961	0.350034	189.275	44.6721	-21.1573	-0.0283481	212.761	235.134	0.904851
2633	0.0024905	0.350034	189.275	44.6722	-21.1459	-0.0283449	212.773	235.134	0.9049
2634	0.00249139	0.350034	189.275	44.6722	-21.1347	-0.0283417	212.784	235.134	0.904948
2635	0.00249228	0.350034	189.275	44.6722	-21.1238	-0.0283386	212.795	235.134	0.904994
2636	0.00249317	0.350034	189.275	44.6722	-21.1134	-0.0283355	212.805	235.134	0.905038
2637	0.00249406	0.350034	189.275	44.6722	-21.1039	-0.0283324	212.815	235.134	0.905079
2638	0.00249495	0.350034	189.275	44.6723	-21.0953	-0.0283293	212.823	235.134	0.905115
2639	0.00249584	0.350034	189.275	44.6723	-21.0879	-0.0283263	212.831	235.134	0.905147
2640	0.00249673	0.350034	189.275	44.6723	-21.0818	-0.0283233	212.837	235.134	0.905173
2641	0.00249762	0.350034	189.275	44.6723	-21.077	-0.0283203	212.842	235.134	0.905193
2642	0.00249851	0.350034	189.275	44.6724	-21.0737	-0.0283174	212.845	235.134	0.905207
2643	0.0024994	0.350034	189.275	44.6724	-21.0718	-0.0283144	212.847	235.134	0.905215
2644	0.00250029	0.350034	189.275	44.6724	-21.0715	-0.0283115	212.847	235.134	0.905216
2645	0.00250118	0.350034	189.275	44.6724	-21.0728	-0.0283086	212.846	235.134	0.905211
2646	0.00250207	0.350034	189.275	44.6724	-21.0755	-0.0283056	212.843	235.134	0.905199
2647	0.00250296	0.350034	189.275	44.6725	-21.0797	-0.0283026	212.839	235.134	0.905182
2648	0.00250385	0.350034	189.275	44.6725	-21.0851	-0.0282996	212.834	235.134	0.905158
2649	0.00250474	0.350034	189.275	44.6725	-21.092	-0.0282966	212.827	235.134	0.905129
2650	0.00250563	0.350034	189.275	44.6725	-21.1005	-0.0282935	212.818	235.134	0.905093
2651	0.00250652	0.350034	189.275	44.6726	-21.1125	-0.0282903	212.806	235.134	0.905042
2652	0.00250741	0.350034	189.274	44.6726	-21.1304	-0.028287	212.788	235.134	0.904966
2653	0.0025083	0.350034	189.274	44.6726	-21.1451	-0.0282836	212.774	235.134	0.904903
2654	0.00250919	0.350034	189.274	44.6726	-21.1572	-0.0282801	212.762	235.134	0.904852
2655	0.00251008	0.350034	189.274	44.6726	-21.1668	-0.0282766	212.752	235.134	0.904811
2656	0.00251097	0.350034	189.274	44.6727	-21.1743	-0.0282732	212.745	235.134	0.90478
2657	0.00251186	0.350034	189.274	44.6727	-21.1799	-0.0282697	212.739	235.134	0.904755
2658	0.00251275	0.350034	189.274	44.6727	-21.1839	-0.0282662	212.735	235.134	0.904738
2659	0.00251364	0.350034	189.274	44.6727	-21.1863	-0.0282627	212.732	235.134	0.904728
2660	0.00251453	0.350034	189.274	44.6727	-21.1873	-0.0282592	212.732	235.134	0.904724
2661	0.00251542	0.350034	189.274	44.6728	-21.1867	-0.0282557	212.732	235.134	0.904726
2662	0.00251631	0.350034	189.274	44.6728	-21.1848	-0.0282522	212.734	235.134	0.904735
2663	0.0025172	0.350034	189.274	44.6728	-21.1817	-0.0282488	212.737	235.134	0.904748
2664	0.00251809	0.350034	189.274	44.6728	-21.1748	-0.0282455	212.744	235.134	0.904777
2665	0.00251898	0.350034	189.274	44.6729	-21.1625	-0.0282422	212.756	235.134	0.90483
2666	0.00251987	0.350034	189.274	44.6729	-21.1491	-0.028239	212.77	235.134	0.904887
2667	0.00252076	0.350034	189.274	44.6729	-21.1352	-0.0282357	212.784	235.134	0.904946
2668	0.00252165	0.350034	189.274	44.6729	-21.1214	-0.0282324	212.797	235.134	0.905004
2669	0.00252254	0.350034	189.274	44.6729	-21.1078	-0.0282292	212.811	235.134	0.905062
2670	0.00252343	0.350034	189.274	44.673	-21.0947	-0.028226	212.824	235.134	0.905118
2671	0.00252432	0.350034	189.274	44.673	-21.0824	-0.0282229	212.836	235.134	0.90517
2672	0.00252521	0.350034	189.274	44.673	-21.071	-0.0282197	212.848	235.134	0.905219
2673	0.0025261	0.350034	189.274	44.673	-21.0608	-0.0282167	212.858	235.134	0.905262
2674	0.00252699	0.350034	189.274	44.6731	-21.0518	-0.0282136	212.867	235.134	0.9053
2675	0.00252788	0.350034	189.274	44.6731	-21.0443	-0.0282106	212.875	235.134	0.905332
2676	0.00252877	0.350034	189.274	44.6731	-21.0383	-0.0282077	212.881	235.134	0.905358
2677	0.00252966	0.350034	189.274	44.6731	-21.0338	-0.0282047	212.885	235.134	0.905377
2678	0.00253055	0.350034	189.274	44.6731	-21.031	-0.0282018	212.888	235.134	0.905389
2679	0.00253144	0.350034	189.274	44.6732	-21.0298	-0.0281989	212.889	235.134	0.905394
2680	0.00253233	0.350034	189.274	44.6732	-21.0302	-0.0281959	212.889	235.134	0.905392
2681	0.00253322	0.350034	189.274	44.6732	-21.0322	-0.028193	212.887	235.134	0.905384
2682	0.00253411	0.350034	189.274	44.6732	-21.0357	-0.02819	212.883	235.134	0.905369
2683	0.002535	0.350034	189.274	44.6733	-21.0404	-0.028187	212.878	235.134	0.905349
2684	0.00253589	0.350034	189.274	44.6733	-21.0467	-0.028184	212.872	235.134	0.905323
2685	0.00253678	0.350034	189.274	44.6733	-21.0548	-0.028181	212.864	235.134	0.905288
2686	0.00253767	0.350034	189.274	44.6733	-21.0683	-0.0281778	212.851	235.134	0.905231
2687	0.00253856	0.350034	189.274	44.6733	-21.0842	-0.0281744	212.835	235.134	0.905163
2688	0.00253945	0.350034	189.274	44.6734	-21.0972	-0.0281711	212.822	235.134	0.905108
2689	0.00254034	0.350034	189.274	44.6734	-21.1076	-0.0281677	212.811	235.134	0.905064
2690	0.00254123	0.350034	189.274	44.6734	-21.1155	-0.0281643	212.803	235.134	0.90503
2691	0.00254212	0.350034	189.274	44.6734	-21.1216	-0.0281609	212.797	235.134	0.905004
2692	0.00254301	0.350034	189.274	44.6735	-21.126	-0.0281575	212.793	235.134	0.904985
2693	0.0025439	0.350034	189.274	44.6735	-21.1287	-0.028154	212.79	235.134	0.904974
2694	0.00254479	0.350034	189.274	44.6735	-21.13	-0.0281506	212.789	235.134	0.904968
2695	0.00254568	0.350034	189.274	44.6735	-21.1299	-0.0281472	212.789	235.134	0.904969
2696	0.00254657	0.350034	189.274	44.6735	-21.1284	-0.0281438	212.791	235.134	0.904975
2697	0.00254746	0.350034	189.274	44.6736	-21.1257	-0.0281405	212.793	235.134	0.904986
2698	0.00254835	0.350034	189.274	44.6736	-21.1218	-0.0281372	212.797	235.134	0.905003
2699	0.00254924	0.350034	189.274	44.6736	-21.1119	-0.028134	212.807	235.134	0.905045
2700	0.00255013	0.350034	189.273	44.6736	-21.0988	-0.0281309	212.82	235.134	0.905101
2701	0.00255102	0.350034	189.273	44.6737	-21.0851	-0.0281277	212.834	235.134	0.905159
2702	0.00255191	0.350034	189.273	44.6737	-21.0713	-0.0281246	212.848	235.134	0.905218
2703	0.0025528	0.350034	189.273	44.6737	-21.0577	-0.0281215	212.861	235.134	0.905276
2704	0.00255369	0.350034	189.273	44.6737	-21.0445	-0.0281184	212.875	235.134	0.905332
2705	0.00255458	0.350034	189.273	44.6737	-21.032	-0.0281153	212.887	235.134	0.905385
2706	0.00255547	0.350034	189.273	44.6738	-21.0205	-0.0281123	212.898	235.134	0.905434
2707	0.00255636	0.350034	189.273	44.6738	-21.0102	-0.0281093	212.909	235.134	0.905478
2708	0.00255725	0.350034	189.273	44.6738	-21.0011	-0.0281064	212.918	235.134	0.905517
2709	0.00255814	0.350034	189.273	44.6738	-20.9935	-0.0281035	212.926	235.134	0.905549
2710	0.00255903	0.350034	189.273	44.6738	-20.9874	-0.0281007	212.932	235.134	0.905575
2711	0.00255992	0.350034	189.273	44.6739	-20.9829	-0.0280978	212.936	235.134	0.905594
2712	0.00256081	0.350034	189.273	44.6739	-20.9801	-0.028095	212.939	235.134	0.905606
2713	0.0025617	0.350034	189.273	44.6739	-20.9789	-0.0280922	212.94	235.134	0.905611
2714	0.00256259	0.350034	189.273	44.6739	-20.9795	-0.0280894	212.94	235.134	0.905609
2715	0.00256348	0.350034	189.273	44.674	-20.9817	-0.0280866	212.937	235.134	0.905599
2716	0.00256437	0.350034	189.273	44.674	-20.9854	-0.0280838	212.934	235.134	0.905584
2717	0.00256526	0.350034	189.273	44.674	-20.9905	-0.0280809	212.929	235.134	0.905562
2718	0.00256615	0.350034	189.273	44.674	-20.997	-0.028078	212.922	235.134	0.905534
2719	0.00256704	0.350034	189.273	44.6741	-21.0051	-0.0280751	212.914	235.134	0.9055
2720	0.00256793	0.350034	189.273	44.6741	-21.016	-0.0280721	212.903	235.134	0.905453
2721	0.00256882	0.350034	189.273	44.6741	-21.0343	-0.0280688	212.885	235.134	0.905376
2722	0.00256971	0.350034	189.273	44.6741	-21.0495	-0.0280656	212.87	235.134	0.905311
2723	0.0025706	0.350034	189.273	44.6741	-21.0618	-0.0280622	212.857	235.134	0.905259
2724	0.00257149	0.350034	189.273	44.6742	-21.0716	-0.0280589	212.847	235.134	0.905217
2725	0.00257238	0.350034	189.273	44.6742	-21.0792	-0.0280556	212.84	235.134	0.905184
2726	0.00257327	0.350034	189.273	44.6742	-21.0851	-0.0280522	212.834	235.134	0.90516
2727	0.00257416	0.350034	189.273	44.6742	-21.0891	-0.0280488	212.83	235.134	0.905142
2728	0.00257505	0.350034	189.273	44.6743	-21.0916	-0.0280455	212.827	235.134	0.905132
2729	0.00257594	0.350034	189.273	44.6743	-21.0926	-0.0280421	212.827	235.134	0.905128
2730	0.00257683	0.350034	189.273	44.6743	-21.0921	-0.0280387	212.827	235.134	0.90513
2731	0.00257772	0.350034	189.273	44.6743	-21.0902	-0.0280354	212.829	235.134	0.905138
2732	0.00257861	0.350034	189.273	44.6743	-21.087	-0.0280321	212.832	235.134	0.905152
2733	0.0025795	0.350034	189.273	44.6744	-21.0787	-0.0280289	212.84	235.134	0.905187
2734	0.00258039	0.350034	189.273	44.6744	-21.0661	-0.0280258	212.853	235.134	0.905241
2735	0.00258128	0.350034	189.273	44.6744	-21.0525	-0.0280227	212.867	235.134	0.905298
2736	0.00258217	0.350034	189.273	44.6744	-21.0386	-0.0280195	212.881	235.134	0.905357
2737	0.00258306	0.350034	189.273	44.6745	-21.0247	-0.0280164	212.894	235.134	0.905417
2738	0.00258395	0.350034	189.273	44.6745	-21.0111	-0.0280133	212.908	235.134	0.905475
2739	0.00258484	0.350034	189.273	44.6745	-20.998	-0.0280102	212.921	235.134	0.90553
2740	0.00258573	0.350034	189.273	44.6745	-20.9858	-0.0280072	212.933	235.134	0.905582
2741	0.00258662	0.350034	189.273	44.6745	-20.9746	-0.0280042	212.945	235.134	0.90563
2742	0.00258751	0.350034	189.273	44.6746	-20.9646	-0.0280013	212.955	235.134	0.905672
2743	0.0025884	0.350034	189.273	44.6746	-20.9559	-0.0279984	212.963	235.134	0.905709
2744	0.00258929	0.350034	189.273	44.6746	-20.9488	-0.0279955	212.97	235.134	0.90574
2745	0.00259018	0.350034	189.273	44.6746	-20.9431	-0.0279927	212.976	235.134	0.905764
2746	0.00259107	0.350034	189.273	44.6747	-20.9391	-0.0279899	212.98	235.134	0.905781
2747	0.00259196	0.350034	189.273	44.6747	-20.9367	-0.0279871	212.982	235.134	0.905791
2748	0.00259285	0.350034	189.272	44.6747	-20.936	-0.0279843	212.983	235.134	0.905794
2749	0.00259374	0.350034	189.272	44.6747	-20.9369	-0.0279814	212.982	235.134	0.90579
2750	0.00259463	0.350034	189.272	44.6747	-20.9393	-0.0279786	212.98	235.134	0.90578
2751	0.00259552	0.350034	189.272	44.6748	-20.9431	-0.0279758	212.976	235.134	0.905764
2752	0.00259641	0.350034	189.272	44.6748	-20.9481	-0.0279729	212.971	235.134	0.905742
2753	0.0025973	0.350034	189.272	44.6748	-20.9544	-0.0279699	212.965	235.134	0.905716
2754	0.00259819	0.350034	189.272	44.6748	-20.9622	-0.027967	212.957	235.134	0.905683
2755	0.00259908	0.350034	189.272	44.6748	-20.9728	-0.027964	212.946	235.134	0.905638
2756	0.00259997	0.350034	189.272	44.6749	-20.99	-0.0279607	212.929	235.134	0.905565
2757	0.00260086	0.350034	189.272	44.6749	-21.0039	-0.0279575	212.915	235.134	0.905505
2758	0.00260175	0.350034	189.272	44.6749	-21.015	-0.0279541	212.904	235.134	0.905458
2759	0.00260264	0.350034	189.272	44.6749	-21.0236	-0.0279508	212.896	235.134	0.905422
2760	0.00260353	0.350034	189.272	44.675	-21.03	-0.0279475	212.889	235.134	0.905394
2761	0.00260442	0.350034	189.272	44.675	-21.0345	-0.0279441	212.885	235.134	0.905375
2762	0.00260531	0.350034	189.272	44.675	-21.0374	-0.0279408	212.882	235.134	0.905363
2763	0.0026062	0.350034	189.272	44.675	-21.0386	-0.0279374	212.881	235.134	0.905358
2764	0.00260709	0.350034	189.272	44.675	-21.0383	-0.027934	212.881	235.134	0.905359
2765	0.00260798	0.350034	189.272	44.6751	-21.0366	-0.0279307	212.883	235.134	0.905366
2766	0.00260887	0.350034	189.272	44.6751	-21.0336	-0.0279274	212.886	235.134	0.905379
2767	0.00260976	0.350034	189.272	44.6751	-21.0293	-0.0279241	212.89	235.134	0.905397
2768	0.00261065	0.350034	189.272	44.6751	-21.0185	-0.027921	212.901	235.134	0.905443
2769	0.00261154	0.350034	189.272	44.6752	-21.0049	-0.0279179	212.914	235.134	0.905501
2770	0.00261243	0.350034	189.272	44.6752	-20.9907	-0.0279147	212.929	235.134	0.905562
2771	0.00261332	0.350034	189.272	44.6752	-20.9763	-0.0279116	212.943	235.134	0.905623
2772	0.00261421	0.350034	189.272	44.6752	-20.962	-0.0279085	212.957	235.134	0.905684
2773	0.0026151	0.350034	189.272	44.6752	-20.9482	-0.0279054	212.971	235.134	0.905742
2774	0.00261599	0.350034	189.272	44.6753	-20.9351	-0.0279023	212.984	235.134	0.905798
2775	0.00261688	0.350034	189.272	44.6753	-20.9229	-0.0278993	212.996	235.134	0.90585
2776	0.00261777	0.350034	189.272	44.6753	-20.9118	-0.0278964	213.008	235.134	0.905897
2777	0.00261866	0.350034	189.272	44.6753	-20.9019	-0.0278935	213.017	235.134	0.905939
2778	0.00261955	0.350034	189.272	44.6754	-20.8936	-0.0278906	213.026	235.134	0.905975
2779	0.00262044	0.350034	189.272	44.6754	-20.8867	-0.0278878	213.033	235.134	0.906004
2780	0.00262133	0.350034	189.272	44.6754	-20.8814	-0.0278849	213.038	235.134	0.906027
2781	0.00262222	0.350034	189.272	44.6754	-20.8777	-0.0278822	213.042	235.134	0.906042
2782	0.00262311	0.350034	189.272	44.6754	-20.8757	-0.0278794	213.044	235.134	0.906051
2783	0.002624	0.350034	189.272	44.6755	-20.8753	-0.0278766	213.044	235.134	0.906052
2784	0.00262489	0.350034	189.272	44.6755	-20.8765	-0.0278738	213.043	235.134	0.906047
2785	0.00262578	0.350034	189.272	44.6755	-20.8792	-0.027871	213.04	235.134	0.906036
2786	0.00262667	0.350034	189.272	44.6755	-20.8832	-0.0278681	213.036	235.134	0.906019
2787	0.00262756	0.350034	189.272	44.6756	-20.8883	-0.0278653	213.031	235.134	0.905997
2788	0.00262845	0.350034	189.272	44.6756	-20.8945	-0.0278624	213.025	235.134	0.905971
2789	0.00262934	0.350034	189.272	44.6756	-20.902	-0.0278595	213.017	235.134	0.905939
2790	0.00263023	0.350034	189.272	44.6756	-20.9115	-0.0278565	213.008	235.134	0.905899
2791	0.00263112	0.350034	189.272	44.6756	-20.9291	-0.0278533	212.99	235.134	0.905824
2792	0.00263201	0.350034	189.272	44.6757	-20.9434	-0.02785	212.976	235.134	0.905763
2793	0.0026329	0.350034	189.272	44.6757	-20.9547	-0.0278468	212.965	235.134	0.905715
2794	0.00263379	0.350034	189.272	44.6757	-20.9634	-0.0278435	212.956	235.134	0.905678
2795	0.00263468	0.350034	189.272	44.6757	-20.9699	-0.0278402	212.95	235.134	0.905651
2796	0.00263557	0.350034	189.271	44.6758	-20.9744	-0.0278369	212.945	235.134	0.905631
2797	0.00263646	0.350034	189.271	44.6758	-20.9772	-0.0278336	212.942	235.134	0.905619
2798	0.00263735	0.350034	189.271	44.6758	-20.9784	-0.0278303	212.941	235.134	0.905614
2799	0.00263824	0.350034	189.271	44.6758	-20.9782	-0.027827	212.941	235.134	0.905615
2800	0.00263913	0.350034	189.271	44.6758	-20.9765	-0.0278237	212.943	235.134	0.905623
2801	0.00264002	0.350034	189.271	44.6759	-20.9734	-0.0278204	212.946	235.134	0.905635
2802	0.00264091	0.350034	189.271	44.6759	-20.9692	-0.0278172	212.95	235.134	0.905654
2803	0.0026418	0.350034	189.271	44.6759	-20.9593	-0.0278141	212.96	235.134	0.905696
2804	0.00264269	0.350034	189.271	44.6759	-20.9459	-0.027811	212.974	235.134	0.905753
2805	0.00264358	0.350034	189.271	44.676	-20.9318	-0.027808	212.988	235.134	0.905813
2806	0.00264447	0.350034	189.271	44.676	-20.9175	-0.0278049	213.002	235.134	0.905873
2807	0.00264536	0.350034	189.271	44.676	-20.9034	-0.0278018	213.016	235.134	0.905933
2808	0.00264624	0.350034	189.271	44.676	-20.8898	-0.0277988	213.03	235.134	0.905991
2809	0.00264713	0.350034	189.271	44.676	-20.8769	-0.0277958	213.043	235.134	0.906046
2810	0.00264802	0.350034	189.271	44.6761	-20.8649	-0.0277928	213.055	235.134	0.906097
2811	0.00264891	0.350034	189.271	44.6761	-20.8541	-0.0277899	213.065	235.134	0.906143
2812	0.0026498	0.350034	189.271	44.6761	-20.8446	-0.0277871	213.075	235.134	0.906184
2813	0.00265069	0.350034	189.271	44.6761	-20.8365	-0.0277843	213.083	235.134	0.906218
2814	0.00265158	0.350034	189.271	44.6762	-20.8301	-0.0277815	213.089	235.134	0.906245
2815	0.00265247	0.350034	189.271	44.6762	-20.8252	-0.0277788	213.094	235.134	0.906266
2816	0.00265336	0.350034	189.271	44.6762	-20.8219	-0.0277761	213.098	235.134	0.90628
2817	0.00265425	0.350034	189.271	44.6762	-20.8203	-0.0277734	213.099	235.134	0.906287
2818	0.00265514	0.350034	189.271	44.6762	-20.8204	-0.0277707	213.099	235.134	0.906286
2819	0.00265603	0.350034	189.271	44.6763	-20.8222	-0.027768	213.097	235.134	0.906279
2820	0.00265692	0.350034	189.271	44.6763	-20.8255	-0.0277653	213.094	235.134	0.906265
2821	0.00265781	0.350034	189.271	44.6763	-20.8301	-0.0277626	213.089	235.134	0.906245
2822	0.0026587	0.350034	189.271	44.6763	-20.8361	-0.0277598	213.083	235.134	0.90622
2823	0.00265959	0.350034	189.271	44.6763	-20.8434	-0.027757	213.076	235.134	0.906189
2824	0.00266048	0.350034	189.271	44.6764	-20.8523	-0.0277542	213.067	235.134	0.906151
2825	0.00266137	0.350034	189.271	44.6764	-20.8657	-0.0277513	213.054	235.134	0.906094
2826	0.00266226	0.350034	189.271	44.6764	-20.8828	-0.0277481	213.037	235.134	0.906021
2827	0.00266315	0.350034	189.271	44.6764	-20.8969	-0.027745	213.023	235.134	0.905961
2828	0.00266404	0.350034	189.271	44.6765	-20.9081	-0.0277418	213.011	235.134	0.905913
2829	0.00266493	0.350034	189.271	44.6765	-20.9169	-0.0277386	213.003	235.134	0.905876
2830	0.00266582	0.350034	189.271	44.6765	-20.9237	-0.0277354	212.996	235.134	0.905847
2831	0.00266671	0.350034	189.271	44.6765	-20.9287	-0.0277322	212.991	235.134	0.905826
2832	0.0026676	0.350034	189.271	44.6765	-20.932	-0.0277289	212.988	235.134	0.905812
2833	0.00266849	0.350034	189.271	44.6766	-20.9337	-0.0277257	212.986	235.134	0.905805
2834	0.00266938	0.350034	189.271	44.6766	-20.934	-0.0277224	212.986	235.134	0.905804
2835	0.00267028	0.350034	189.271	44.6766	-20.9329	-0.0277192	212.987	235.134	0.905808
2836	0.00267117	0.350034	189.271	44.6766	-20.9304	-0.027716	212.989	235.134	0.905819
2837	0.00267206	0.350034	189.271	44.6767	-20.9268	-0.0277128	212.993	235.134	0.905834
2838	0.00267295	0.350034	189.271	44.6767	-20.9181	-0.0277098	213.002	235.134	0.905871
2839	0.00267384	0.350034	189.271	44.6767	-20.9054	-0.0277068	213.014	235.134	0.905925
2840	0.00267473	0.350034	189.271	44.6767	-20.8919	-0.0277038	213.028	235.134	0.905983
2841	0.00267562	0.350034	189.271	44.6767	-20.8783	-0.0277007	213.041	235.134	0.90604
2842	0.00267651	0.350034	189.271	44.6768	-20.8649	-0.0276977	213.055	235.134	0.906098
2843	0.0026774	0.350034	189.271	44.6768	-20.8519	-0.0276947	213.068	235.134	0.906153
2844	0.00267829	0.350034	189.27	44.6768	-20.8395	-0.0276918	213.08	235.134	0.906206
2845	0.00267918	0.350034	189.27	44.6768	-20.8281	-0.0276888	213.092	235.134	0.906254
2846	0.00268007	0.350034	189.27	44.6769	-20.8177	-0.027686	213.102	235.134	0.906298
2847	0.00268096	0.350034	189.27	44.6769	-20.8086	-0.0276831	213.111	235.134	0.906337
2848	0.00268185	0.350034	189.27	44.6769	-20.8009	-0.0276803	213.119	235.134	0.90637
2849	0.00268274	0.350034	189.27	44.6769	-20.7947	-0.0276775	213.125	235.134	0.906396
2850	0.00268363	0.350034	189.27	44.6769	-20.79	-0.0276748	213.13	235.134	0.906416
2851	0.00268452	0.350034	189.27	44.677	-20.7868	-0.027672	213.133	235.134	0.90643
2852	0.00268541	0.350035	189.27	44.677	-20.7852	-0.0276693	213.134	235.134	0.906436
2853	0.0026863	0.350035	189.27	44.677	-20.7853	-0.0276666	213.134	235.134	0.906436
2854	0.00268719	0.350035	189.27	44.677	-20.7869	-0.0276638	213.133	235.134	0.906429
2855	0.00268808	0.350035	189.27	44.6771	-20.7899	-0.027661	213.13	235.134	0.906416
2856	0.00268897	0.350035	189.27	44.6771	-20.7944	-0.0276582	213.125	235.134	0.906398
2857	0.00268986	0.350035	189.27	44.6771	-20.8001	-0.0276554	213.12	235.134	0.906373
2858	0.00269075	0.350035	189.27	44.6771	-20.8073	-0.0276525	213.112	235.134	0.906343
2859	0.00269164	0.350035	189.27	44.6771	-20.817	-0.0276496	213.103	235.134	0.906301
2860	0.00269253	0.350035	189.27	44.6772	-20.8347	-0.0276464	213.085	235.134	0.906226
2861	0.00269342	0.350035	189.27	44.6772	-20.8493	-0.0276432	213.07	235.134	0.906164
2862	0.00269431	0.350035	189.27	44.6772	-20.861	-0.0276399	213.059	235.134	0.906114
2863	0.0026952	0.350035	189.27	44.6772	-20.8702	-0.0276366	213.049	235.134	0.906075
2864	0.00269609	0.350035	189.27	44.6772	-20.8772	-0.0276333	213.043	235.134	0.906046
2865	0.00269698	0.350035	189.27	44.6773	-20.8823	-0.02763	213.037	235.134	0.906024
2866	0.00269787	0.350035	189.27	44.6773	-20.8857	-0.0276267	213.034	235.134	0.906009
2867	0.00269876	0.350035	189.27	44.6773	-20.8875	-0.0276233	213.032	235.134	0.906002
2868	0.00269965	0.350035	189.27	44.6773	-20.8877	-0.02762	213.032	235.134	0.906001
2869	0.00270054	0.350035	189.27	44.6773	-20.8866	-0.0276166	213.033	235.134	0.906006
2870	0.00270143	0.350035	189.27	44.6774	-20.884	-0.0276133	213.036	235.134	0.906016
2871	0.00270232	0.350035	189.27	44.6774	-20.8802	-0.0276101	213.04	235.134	0.906033
2872	0.00270321	0.350035	189.27	44.6774	-20.8752	-0.0276068	213.045	235.134	0.906054
2873	0.0027041	0.350035	189.27	44.6774	-20.8645	-0.0276037	213.055	235.134	0.9061
2874	0.00270499	0.350035	189.27	44.6774	-20.8506	-0.0276007	213.069	235.134	0.906159
2875	0.00270588	0.350035	189.27	44.6775	-20.8361	-0.0275976	213.084	235.134	0.90622
2876	0.00270677	0.350035	189.27	44.6775	-20.8216	-0.0275946	213.098	235.134	0.906282
2877	0.00270766	0.350035	189.27	44.6775	-20.8074	-0.0275915	213.112	235.134	0.906342
2878	0.00270855	0.350035	189.27	44.6775	-20.7938	-0.0275885	213.126	235.134	0.9064
2879	0.00270944	0.350035	189.27	44.6775	-20.7809	-0.0275855	213.139	235.134	0.906455
2880	0.00271033	0.350035	189.27	44.6775	-20.7689	-0.0275826	213.151	235.134	0.906506
2881	0.00271122	0.350035	189.27	44.6776	-20.7582	-0.0275797	213.162	235.134	0.906552
2882	0.00271211	0.350035	189.27	44.6776	-20.7488	-0.0275769	213.171	235.134	0.906592
2883	0.002713	0.350035	189.27	44.6776	-20.7409	-0.027574	213.179	235.134	0.906626
2884	0.00271389	0.350035	189.27	44.6776	-20.7345	-0.0275713	213.185	235.134	0.906653
2885	0.00271478	0.350035	189.27	44.6776	-20.7296	-0.0275685	213.19	235.134	0.906673
2886	0.00271567	0.350035	189.27	44.6776	-20.7264	-0.0275658	213.193	235.134	0.906687
2887	0.00271656	0.350035	189.27	44.6776	-20.7249	-0.0275631	213.195	235.134	0.906694
2888	0.00271745	0.350035	189.27	44.6777	-20.725	-0.0275604	213.195	235.134	0.906693
2889	0.00271834	0.350035	189.27	44.6777	-20.7268	-0.0275576	213.193	235.134	0.906686
2890	0.00271923	0.350035	189.27	44.6777	-20.7301	-0.0275549	213.19	235.134	0.906671
2891	0.00272012	0.350035	189.27	44.6777	-20.7349	-0.0275521	213.185	235.134	0.906651
2892	0.00272101	0.350035	189.27	44.6777	-20.7415	-0.0275493	213.178	235.134	0.906623
2893	0.0027219	0.350035	189.27	44.6777	-20.7508	-0.0275464	213.169	235.134	0.906583
2894	0.00272279	0.350035	189.27	44.6777	-20.7685	-0.0275434	213.151	235.134	0.906508
2895	0.00272368	0.350035	189.27	44.6777	-20.7833	-0.0275402	213.137	235.134	0.906445
2896	0.00272457	0.350035	189.27	44.6778	-20.7953	-0.027537	213.124	235.134	0.906394
2897	0.00272546	0.350035	189.27	44.6778	-20.805	-0.0275338	213.115	235.134	0.906353
2898	0.00272635	0.350035	189.27	44.6778	-20.8125	-0.0275306	213.107	235.134	0.906321
2899	0.00272724	0.350035	189.27	44.6778	-20.8183	-0.0275273	213.101	235.134	0.906296
2900	0.00272814	0.350035	189.27	44.6778	-20.8225	-0.0275241	213.097	235.134	0.906278
2901	0.00272903	0.350035	189.27	44.6778	-20.8251	-0.0275208	213.095	235.134	0.906267
2902	0.00272992	0.350035	189.27	44.6778	-20.8263	-0.0275176	213.094	235.134	0.906262
2903	0.00273081	0.350035	189.27	44.6778	-20.8261	-0.0275143	213.094	235.134	0.906263
2904	0.0027317	0.350035	189.27	44.6778	-20.8246	-0.0275111	213.095	235.134	0.90627
2905	0.00273259	0.350035	189.27	44.6778	-20.8217	-0.027508	213.098	235.134	0.906282
2906	0.00273348	0.350035	189.27	44.6778	-20.8178	-0.0275048	213.102	235.134	0.906299
2907	0.00273437	0.350035	189.27	44.6778	-20.8127	-0.0275017	213.107	235.134	0.90632
2908	0.00273526	0.350035	189.27	44.6778	-20.8012	-0.0274988	213.119	235.134	0.906369
2909	0.00273615	0.350035	189.27	44.6778	-20.7875	-0.0274959	213.132	235.134	0.906427
2910	0.00273704	0.350035	189.27	44.6778	-20.7736	-0.027493	213.146	235.134	0.906487
2911	0.00273793	0.350035	189.27	44.6778	-20.7598	-0.0274901	213.16	235.134	0.906545
2912	0.00273882	0.350035	189.27	44.6778	-20.7464	-0.0274872	213.173	235.134	0.906602
2913	0.00273971	0.350035	189.27	44.6778	-20.7337	-0.0274843	213.186	235.134	0.906656
2914	0.0027406	0.350035	189.27	44.6778	-20.7219	-0.0274814	213.198	235.134	0.906706
2915	0.00274149	0.350035	189.27	44.6778	-20.7112	-0.0274786	213.209	235.134	0.906752
2916	0.00274238	0.350035	189.27	44.6778	-20.7018	-0.0274758	213.218	235.134	0.906792
2917	0.00274327	0.350035	189.27	44.6778	-20.6938	-0.0274731	213.226	235.134	0.906826
2918	0.00274416	0.350035	189.27	44.6778	-20.6872	-0.0274704	213.233	235.134	0.906854
2919	0.00274505	0.350035	189.27	44.6778	-20.6823	-0.0274677	213.238	235.134	0.906875
2920	0.00274594	0.350035	189.27	44.6778	-20.6789	-0.027465	213.241	235.134	0.906889
2921	0.00274683	0.350035	189.27	44.6778	-20.6772	-0.0274624	213.243	235.134	0.906897
2922	0.00274772	0.350035	189.27	44.6778	-20.6773	-0.0274597	213.243	235.134	0.906897
2923	0.00274861	0.350035	189.27	44.6778	-20.679	-0.0274571	213.241	235.134	0.906889
2924	0.0027495	0.350035	189.27	44.6778	-20.6824	-0.0274544	213.237	235.134	0.906875
2925	0.00275039	0.350035	189.27	44.6778	-20.6875	-0.0274517	213.232	235.134	0.906853
2926	0.00275128	0.350035	189.27	44.6779	-20.6944	-0.0274489	213.226	235.134	0.906824
2927	0.00275217	0.350035	189.269	44.6779	-20.7041	-0.0274461	213.216	235.134	0.906783
2928	0.00275306	0.350035	189.269	44.6779	-20.7228	-0.027443	213.197	235.134	0.906703
2929	0.00275395	0.350035	189.269	44.6779	-20.7386	-0.0274399	213.181	235.134	0.906636
2930	0.00275484	0.350035	189.269	44.6779	-20.7519	-0.0274367	213.168	235.134	0.906579
2931	0.00275574	0.350035	189.269	44.6779	-20.763	-0.0274335	213.157	235.134	0.906532
2932	0.00275663	0.350035	189.269	44.6779	-20.7719	-0.0274303	213.148	235.134	0.906494
2933	0.00275752	0.350035	189.269	44.678	-20.7791	-0.027427	213.141	235.134	0.906464
2934	0.00275841	0.350035	189.269	44.678	-20.7848	-0.0274237	213.135	235.134	0.906439
2935	0.0027593	0.350035	189.269	44.678	-20.7889	-0.0274205	213.131	235.134	0.906422
2936	0.00276019	0.350035	189.269	44.678	-20.7916	-0.0274172	213.128	235.134	0.90641
2937	0.00276108	0.350035	189.269	44.678	-20.7929	-0.0274139	213.127	235.134	0.906405
2938	0.00276197	0.350035	189.269	44.6781	-20.7929	-0.0274107	213.127	235.134	0.906405
2939	0.00276286	0.350035	189.269	44.6781	-20.7917	-0.0274074	213.128	235.135	0.90641
2940	0.00276375	0.350035	189.269	44.6781	-20.7893	-0.0274042	213.131	235.135	0.90642
2941	0.00276464	0.350035	189.269	44.6781	-20.7858	-0.0274011	213.134	235.135	0.906435
2942	0.00276553	0.350035	189.269	44.6781	-20.779	-0.027398	213.141	235.135	0.906464
2943	0.00276642	0.350035	189.269	44.6782	-20.7671	-0.0273951	213.153	235.135	0.906515
2944	0.00276731	0.350035	189.269	44.6782	-20.7545	-0.0273921	213.165	235.135	0.906568
2945	0.0027682	0.350035	189.269	44.6782	-20.7419	-0.0273891	213.178	235.135	0.906622
2946	0.00276909	0.350035	189.269	44.6782	-20.7297	-0.0273861	213.19	235.135	0.906674
2947	0.00276998	0.350035	189.269	44.6782	-20.7181	-0.0273831	213.202	235.135	0.906723
2948	0.00277087	0.350035	189.269	44.6783	-20.7072	-0.0273802	213.213	235.135	0.906769
2949	0.00277176	0.350035	189.269	44.6783	-20.6974	-0.0273773	213.223	235.135	0.906811
2950	0.00277265	0.350035	189.269	44.6783	-20.6887	-0.0273744	213.231	235.135	0.906848
2951	0.00277354	0.350035	189.269	44.6783	-20.6814	-0.0273716	213.239	235.135	0.906879
2952	0.00277443	0.350035	189.269	44.6783	-20.6755	-0.0273688	213.244	235.135	0.906904
2953	0.00277532	0.350035	189.269	44.6784	-20.6712	-0.027366	213.249	235.135	0.906923
2954	0.00277621	0.350035	189.269	44.6784	-20.6684	-0.0273632	213.252	235.135	0.906934
2955	0.0027771	0.350035	189.269	44.6784	-20.6673	-0.0273605	213.253	235.135	0.906939
2956	0.00277799	0.350035	189.269	44.6784	-20.6678	-0.0273578	213.252	235.135	0.906937
2957	0.00277888	0.350035	189.269	44.6784	-20.6701	-0.027355	213.25	235.135	0.906927
2958	0.00277977	0.350035	189.269	44.6785	-20.6741	-0.0273523	213.246	235.135	0.90691
2959	0.00278066	0.350035	189.269	44.6785	-20.6799	-0.0273495	213.24	235.135	0.906886
2960	0.00278155	0.350035	189.269	44.6785	-20.6879	-0.0273466	213.232	235.135	0.906852
2961	0.00278244	0.350035	189.269	44.6785	-20.6998	-0.0273437	213.22	235.135	0.906801
2962	0.00278333	0.350035	189.269	44.6786	-20.7187	-0.0273406	213.201	235.135	0.906721
2963	0.00278422	0.350035	189.269	44.6786	-20.7348	-0.0273374	213.185	235.135	0.906652
2964	0.00278511	0.350035	189.269	44.6786	-20.7486	-0.0273341	213.171	235.135	0.906594
2965	0.002786	0.350035	189.269	44.6786	-20.7602	-0.0273308	213.16	235.135	0.906544
2966	0.00278689	0.350035	189.269	44.6786	-20.7697	-0.0273275	213.15	235.135	0.906504
2967	0.00278778	0.350035	189.269	44.6787	-20.7777	-0.0273242	213.142	235.135	0.90647
2968	0.00278867	0.350035	189.269	44.6789	-20.7841	-0.0273209	213.136	235.135	0.906443
2969	0.00278956	0.350035	189.268	44.6793	-20.7891	-0.0273176	213.131	235.135	0.906421
2970	0.00279045	0.350035	189.267	44.6801	-20.7926	-0.0273142	213.128	235.135	0.906406
2971	0.00279134	0.350035	189.266	44.6812	-20.7948	-0.0273109	213.125	235.135	0.906397
2972	0.00279224	0.350035	189.265	44.6826	-20.7956	-0.0273076	213.125	235.135	0.906393
2973	0.00279313	0.350035	189.263	44.6845	-20.7952	-0.0273043	213.125	235.135	0.906395
2974	0.00279402	0.350035	189.261	44.6869	-20.7937	-0.027301	213.127	235.135	0.906402
2975	0.00279491	0.350036	189.258	44.6897	-20.791	-0.0272978	213.13	235.135	0.906413
2976	0.0027958	0.350036	189.255	44.693	-20.7873	-0.0272947	213.133	235.135	0.906428
2977	0.00279669	0.350036	189.251	44.6969	-20.778	-0.0272917	213.143	235.136	0.906468
2978	0.00279758	0.350037	189.247	44.7015	-20.7661	-0.0272887	213.155	235.136	0.906518
2979	0.00279847	0.350037	189.242	44.7067	-20.7541	-0.0272857	213.167	235.136	0.906569
2980	0.00279936	0.350038	189.236	44.7126	-20.7423	-0.0272826	213.179	235.137	0.906619
2981	0.00280025	0.350038	189.23	44.7194	-20.731	-0.0272796	213.191	235.137	0.906666
2982	0.00280114	0.350039	189.223	44.727	-20.7204	-0.0272766	213.202	235.138	0.906711
2983	0.00280203	0.35004	189.215	44.7355	-20.7107	-0.0272736	213.212	235.138	0.906752
2984	0.00280291	0.350041	189.205	44.745	-20.7021	-0.0272706	213.221	235.139	0.906788
2985	0.0028038	0.350042	189.195	44.7556	-20.6947	-0.0272677	213.229	235.139	0.90682
2986	0.00280469	0.350043	189.184	44.7672	-20.6886	-0.0272648	213.236	235.14	0.906845
2987	0.00280558	0.350044	189.172	44.7801	-20.684	-0.027262	213.241	235.141	0.906864
2988	0.00280647	0.350046	189.159	44.7943	-20.6809	-0.0272592	213.245	235.142	0.906876
2989	0.00280736	0.350047	189.144	44.8098	-20.6794	-0.0272564	213.247	235.143	0.906882
2990	0.00280825	0.350049	189.128	44.8268	-20.6794	-0.0272536	213.248	235.144	0.906882
2991	0.00280914	0.350051	189.11	44.8453	-20.6811	-0.0272508	213.247	235.145	0.906873
2992	0.00281003	0.350052	189.091	44.8654	-20.6846	-0.027248	213.244	235.146	0.906858
2993	0.00281092	0.350055	189.07	44.8873	-20.6898	-0.0272451	213.24	235.148	0.906835
2994	0.00281181	0.350057	189.048	44.9109	-20.6969	-0.0272423	213.234	235.149	0.906804
2995	0.0028127	0.350059	189.023	44.9365	-20.7072	-0.0272394	213.225	235.151	0.906759
2996	0.00281359	0.350062	188.997	44.9641	-20.7264	-0.0272362	213.207	235.153	0.906676
2997	0.00281448	0.350064	188.969	44.9937	-20.7429	-0.027233	213.192	235.155	0.906605
2998	0.00281537	0.350067	188.938	45.0257	-20.757	-0.0272297	213.18	235.157	0.906544
2999	0.00281626	0.350071	188.906	45.0599	-20.7689	-0.0272264	213.169	235.159	0.906492
3000	0.00281715	0.350074	188.871	45.0965	-20.7789	-0.0272231	213.161	235.161	0.906448
3001	0.00281804	0.350077	188.833	45.1357	-20.7872	-0.0272198	213.155	235.163	0.906411
3002	0.00281893	0.350081	188.793	45.1776	-20.7941	-0.0272164	213.15	235.166	0.906381
3003	0.00281982	0.350085	188.751	45.2222	-20.7996	-0.0272131	213.146	235.168	0.906356
3004	0.00282071	0.350089	188.705	45.2697	-20.8036	-0.0272097	213.144	235.171	0.906337
3005	0.0028216	0.350094	188.657	45.3202	-20.8063	-0.0272063	213.144	235.174	0.906324
3006	0.00282249	0.350098	188.606	45.3738	-20.8077	-0.027203	213.145	235.177	0.906316
3007	0.00282338	0.350103	188.552	45.4306	-20.8079	-0.0271997	213.147	235.18	0.906313
3008	0.00282427	0.350108	188.494	45.4908	-20.807	-0.0271964	213.151	235.184	0.906315
3009	0.00282516	0.350113	188.433	45.5544	-20.805	-0.0271932	213.155	235.187	0.906321
3010	0.00282605	0.350118	188.369	45.6216	-20.8021	-0.02719	213.161	235.191	0.906332
3011	0.00282694	0.350124	188.301	45.6924	-20.795	-0.027187	213.171	235.194	0.90636
3012	0.00282783	0.35013	188.229	45.7671	-20.7841	-0.027184	213.185	235.198	0.906404
3013	0.00282872	0.350136	188.153	45.8457	-20.7729	-0.027181	213.199	235.202	0.906449
3014	0.00282961	0.350142	188.074	45.9282	-20.762	-0.0271779	213.213	235.206	0.906493
3015	0.0028305	0.350148	187.99	46.0149	-20.7515	-0.0271749	213.227	235.211	0.906535
3016	0.00283139	0.350154	187.903	46.1059	-20.7416	-0.0271719	213.24	235.215	0.906575
3017	0.00283228	0.35016	187.811	46.2011	-20.7326	-0.0271689	213.252	235.219	0.90661
3018	0.00283317	0.350167	187.714	46.3008	-20.7247	-0.0271659	213.263	235.223	0.906642
3019	0.00283406	0.350174	187.614	46.405	-20.7179	-0.027163	213.273	235.228	0.906668
3020	0.00283495	0.35018	187.508	46.5138	-20.7125	-0.0271601	213.282	235.232	0.906688
3021	0.00283584	0.350187	187.398	46.6273	-20.7085	-0.0271572	213.29	235.237	0.906702
3022	0.00283673	0.350193	187.283	46.7455	-20.706	-0.0271544	213.295	235.241	0.90671
3023	0.00283762	0.3502	187.163	46.8687	-20.7051	-0.0271515	213.3	235.245	0.906711
3024	0.0028385	0.350206	187.038	46.9968	-20.7057	-0.0271487	213.302	235.25	0.906706
3025	0.00283939	0.350212	186.908	47.1299	-20.7081	-0.0271459	213.303	235.254	0.906693
3026	0.00284028	0.350218	186.773	47.268	-20.7121	-0.027143	213.302	235.258	0.906673
3027	0.00284117	0.350224	186.633	47.4113	-20.718	-0.0271402	213.299	235.262	0.906646
3028	0.00284206	0.35023	186.487	47.5598	-20.7259	-0.0271373	213.294	235.266	0.90661
3029	0.00284295	0.350235	186.336	47.7135	-20.7367	-0.0271343	213.286	235.269	0.906562
3030	0.00284384	0.35024	186.18	47.8724	-20.7569	-0.0271311	213.268	235.272	0.906473
3031	0.00284473	0.350244	186.017	48.0367	-20.7746	-0.0271278	213.253	235.275	0.906396
3032	0.00284562	0.350248	185.85	48.2064	-20.7899	-0.0271245	213.239	235.278	0.906329
3033	0.00284651	0.350251	185.676	48.3813	-20.8032	-0.0271211	213.227	235.28	0.906271
3034	0.0028474	0.350254	185.497	48.5617	-20.8146	-0.0271177	213.217	235.282	0.906221
3035	0.00284829	0.350255	185.312	48.7475	-20.8243	-0.0271143	213.208	235.283	0.906178
3036	0.00284918	0.350257	185.121	48.9386	-20.8327	-0.0271109	213.2	235.284	0.906142
3037	0.00285007	0.350257	184.925	49.1352	-20.8397	-0.0271074	213.193	235.284	0.906111
3038	0.00285096	0.350256	184.722	49.3372	-20.8453	-0.027104	213.187	235.283	0.906087
3039	0.00285185	0.350254	184.514	49.5445	-20.8497	-0.0271005	213.182	235.282	0.906068
3040	0.00285274	0.350251	184.3	49.7572	-20.8528	-0.0270971	213.177	235.28	0.906056
3041	0.00285363	0.350247	184.079	49.9752	-20.8547	-0.0270936	213.173	235.277	0.906048
3042	0.00285452	0.350242	183.853	50.1985	-20.8555	-0.0270902	213.169	235.274	0.906046
3043	0.00285541	0.350235	183.621	50.4271	-20.8551	-0.0270869	213.166	235.269	0.906049
3044	0.0028563	0.350227	183.383	50.6608	-20.8538	-0.0270836	213.163	235.264	0.906057
3045	0.00285719	0.350218	183.139	50.8998	-20.849	-0.0270804	213.162	235.257	0.906081
3046	0.00285808	0.350206	182.889	51.1438	-20.8398	-0.0270772	213.165	235.25	0.906123
3047	0.00285897	0.350193	182.633	51.3929	-20.8301	-0.0270741	213.168	235.241	0.906169
3048	0.00285986	0.350179	182.371	51.647	-20.8205	-0.0270709	213.17	235.231	0.906215
3049	0.00286074	0.350162	182.103	51.906	-20.8113	-0.0270677	213.171	235.22	0.906259
3050	0.00286163	0.350144	181.829	52.1698	-20.8027	-0.0270646	213.169	235.208	0.906303
3051	0.00286252	0.350123	181.55	52.4384	-20.7948	-0.0270614	213.166	235.194	0.906343
3052	0.00286341	0.3501	181.265	52.7116	-20.7879	-0.0270583	213.161	235.179	0.906381
3053	0.0028643	0.350075	180.974	52.9895	-20.7821	-0.0270552	213.154	235.162	0.906415
3054	0.00286519	0.350048	180.677	53.2718	-20.7776	-0.0270522	213.144	235.143	0.906445
3055	0.00286608	0.350018	180.375	53.5585	-20.7743	-0.0270491	213.132	235.123	0.90647
3056	0.00286697	0.349986	180.067	53.8496	-20.7726	-0.0270462	213.117	235.102	0.90649
3057	0.00286786	0.349951	179.754	54.1448	-20.7723	-0.0270432	213.1	235.078	0.906504
3058	0.00286875	0.349914	179.435	54.4441	-20.7734	-0.0270402	213.079	235.053	0.906514
3059	0.00286964	0.349874	179.112	54.7474	-20.7762	-0.0270373	213.056	235.026	0.906518
3060	0.00287053	0.349831	178.782	55.0546	-20.7807	-0.0270343	213.029	234.997	0.906517
3061	0.00287142	0.349785	178.448	55.3655	-20.7868	-0.0270313	213	234.967	0.90651
3062	0.00287231	0.349736	178.108	55.6801	-20.7947	-0.0270283	212.967	234.934	0.906496
3063	0.0028732	0.349684	177.764	55.9982	-20.8049	-0.0270252	212.93	234.899	0.906474
3064	0.00287409	0.349629	177.414	56.3197	-20.8208	-0.027022	212.886	234.862	0.90643
3065	0.00287498	0.349571	177.06	56.6444	-20.8404	-0.0270187	212.837	234.823	0.906371
3066	0.00287587	0.34951	176.701	56.9723	-20.8574	-0.0270152	212.789	234.782	0.906325
3067	0.00287676	0.349445	176.337	57.3033	-20.8722	-0.0270118	212.742	234.739	0.906291
3068	0.00287765	0.349378	175.969	57.6372	-20.8848	-0.0270083	212.695	234.693	0.906267
3069	0.00287854	0.349306	175.597	57.9739	-20.8956	-0.0270048	212.648	234.645	0.906252
3070	0.00287943	0.349232	175.22	58.3132	-20.9049	-0.0270013	212.601	234.595	0.906246
3071	0.00288032	0.349154	174.839	58.6551	-20.9128	-0.0269978	212.554	234.543	0.906248
3072	0.0028812	0.349072	174.453	58.9993	-20.9192	-0.0269943	212.507	234.488	0.906258
3073	0.00288209	0.348987	174.064	59.3459	-20.9243	-0.0269907	212.459	234.431	0.906276
3074	0.00288298	0.348898	173.671	59.6946	-20.9281	-0.0269872	212.411	234.371	0.906301
3075	0.00288387	0.348806	173.275	60.0454	-20.9306	-0.0269837	212.362	234.309	0.906334
3076	0.00288476	0.34871	172.874	60.3981	-20.932	-0.0269803	212.313	234.245	0.906374
3077	0.00288565	0.348611	172.47	60.7525	-20.9322	-0.0269769	212.264	234.178	0.906421
3078	0.00288654	0.348507	172.063	61.1086	-20.9313	-0.0269735	212.214	234.109	0.906475
3079	0.00288743	0.3484	171.653	61.4663	-20.9285	-0.0269702	212.164	234.037	0.906539
3080	0.00288832	0.34829	171.239	61.8253	-20.92	-0.0269671	212.118	233.963	0.906631
3081	0.00288921	0.348176	170.823	62.1857	-20.9103	-0.0269639	212.071	233.886	0.906729
3082	0.0028901	0.348058	170.403	62.5472	-20.9006	-0.0269607	212.023	233.807	0.90683
3083	0.00289099	0.347936	169.981	62.9098	-20.8912	-0.0269575	211.973	233.725	0.906933
3084	0.00289188	0.347811	169.556	63.2733	-20.8823	-0.0269543	211.92	233.641	0.907035
3085	0.00289277	0.347682	169.129	63.6377	-20.874	-0.0269511	211.866	233.554	0.907138
3086	0.00289366	0.347549	168.699	64.0027	-20.8667	-0.0269479	211.809	233.465	0.907239
3087	0.00289455	0.347413	168.268	64.3684	-20.8603	-0.0269448	211.749	233.373	0.907339
3088	0.00289544	0.347273	167.834	64.7346	-20.8552	-0.0269418	211.686	233.279	0.907436
3089	0.00289633	0.347129	167.398	65.1012	-20.8513	-0.0269387	211.621	233.183	0.90753
3090	0.00289722	0.346982	166.96	65.4681	-20.8488	-0.0269357	211.552	233.084	0.907621
3091	0.00289811	0.346832	166.52	65.8351	-20.8478	-0.0269328	211.481	232.983	0.907708
3092	0.002899	0.346677	166.079	66.2023	-20.8483	-0.0269298	211.406	232.879	0.907792
3093	0.00289989	0.34652	165.636	66.5694	-20.8503	-0.0269269	211.328	232.773	0.907872
3094	0.00290078	0.346359	165.192	66.9364	-20.854	-0.0269239	211.248	232.665	0.907947
3095	0.00290167	0.346194	164.747	67.3032	-20.8593	-0.026921	211.164	232.555	0.908019
3096	0.00290256	0.346026	164.301	67.6696	-20.8663	-0.026918	211.077	232.442	0.908085
3097	0.00290344	0.345855	163.853	68.0357	-20.8751	-0.026915	210.987	232.327	0.908147
3098	0.00290433	0.34568	163.405	68.4013	-20.8869	-0.0269119	210.892	232.209	0.908198
3099	0.00290522	0.345502	162.956	68.7663	-20.9076	-0.0269086	210.788	232.09	0.908214
3100	0.00290611	0.345322	162.506	69.1306	-20.9256	-0.0269053	210.684	231.969	0.908245
3101	0.002907	0.345137	162.056	69.4942	-20.9412	-0.0269019	210.582	231.845	0.908288
3102	0.00290789	0.34495	161.605	69.857	-20.9546	-0.0268984	210.481	231.719	0.908344
3103	0.00290878	0.34476	161.154	70.2189	-20.966	-0.026895	210.38	231.591	0.908411
3104	0.00290967	0.344567	160.703	70.5798	-20.9758	-0.0268916	210.28	231.462	0.908488
3105	0.00291056	0.344371	160.251	70.9397	-20.9841	-0.0268881	210.18	231.33	0.908574
3106	0.00291145	0.344172	159.8	71.2985	-20.9909	-0.0268847	210.081	231.196	0.908669
3107	0.00291234	0.34397	159.349	71.6561	-20.9963	-0.0268812	209.982	231.061	0.908773
3108	0.00291323	0.343766	158.898	72.0124	-21.0004	-0.0268778	209.883	230.924	0.908885
3109	0.00291412	0.343559	158.447	72.3674	-21.0032	-0.0268743	209.784	230.784	0.909006
3110	0.00291501	0.343349	157.997	72.721	-21.0047	-0.026871	209.686	230.644	0.909135
3111	0.0029159	0.343137	157.547	73.0731	-21.0051	-0.0268676	209.588	230.501	0.909271
3112	0.00291679	0.342923	157.098	73.4235	-21.0044	-0.0268643	209.49	230.357	0.909416
3113	0.00291768	0.342706	156.65	73.7723	-21.0012	-0.0268611	209.394	230.212	0.909573
3114	0.00291857	0.342487	156.203	74.1192	-20.9923	-0.026858	209.303	230.064	0.909758
3115	0.00291946	0.342266	155.757	74.4644	-20.9824	-0.026855	209.212	229.916	0.90995
3116	0.00292035	0.342043	155.312	74.8077	-20.9725	-0.0268519	209.12	229.766	0.910145
3117	0.00292124	0.341818	154.868	75.1491	-20.9628	-0.0268487	209.028	229.615	0.910341
3118	0.00292213	0.341591	154.426	75.4887	-20.9534	-0.0268456	208.934	229.462	0.910539
3119	0.00292302	0.341362	153.985	75.8264	-20.9447	-0.0268426	208.84	229.309	0.910736
3120	0.00292391	0.341131	153.545	76.1623	-20.9367	-0.0268396	208.743	229.154	0.910932
3121	0.0029248	0.340899	153.106	76.4962	-20.9297	-0.0268366	208.646	228.997	0.911127
3122	0.00292569	0.340664	152.669	76.8281	-20.9238	-0.0268336	208.546	228.84	0.911319
3123	0.00292658	0.340429	152.233	77.158	-20.9192	-0.0268307	208.445	228.682	0.911508
3124	0.00292747	0.340191	151.8	77.4855	-20.916	-0.0268279	208.342	228.522	0.911694
3125	0.00292836	0.339953	151.368	77.8105	-20.9141	-0.0268251	208.238	228.362	0.911876
3126	0.00292925	0.339713	150.939	78.1327	-20.9137	-0.0268223	208.131	228.201	0.912053
3127	0.00293014	0.339472	150.513	78.4523	-20.9149	-0.0268195	208.023	228.039	0.912225
3128	0.00293103	0.339231	150.089	78.7693	-20.9177	-0.0268167	207.913	227.877	0.912392
3129	0.00293191	0.338989	149.667	79.0838	-20.9221	-0.0268139	207.802	227.715	0.912554
3130	0.0029328	0.338746	149.248	79.3956	-20.928	-0.026811	207.689	227.551	0.912711
3131	0.00293369	0.338502	148.831	79.705	-20.9356	-0.0268082	207.574	227.388	0.912862
3132	0.00293458	0.338258	148.417	80.0118	-20.9452	-0.0268053	207.457	227.224	0.913006
3133	0.00293547	0.338013	148.005	80.3162	-20.9594	-0.0268023	207.335	227.059	0.913132
3134	0.00293636	0.337767	147.595	80.6181	-20.9786	-0.0267991	207.208	226.894	0.913237
3135	0.00293725	0.337521	147.188	80.9176	-20.995	-0.0267959	207.084	226.729	0.913356
3136	0.00293814	0.337274	146.784	81.2146	-21.009	-0.0267926	206.962	226.563	0.913487
3137	0.00293903	0.337027	146.381	81.5092	-21.0208	-0.0267893	206.843	226.397	0.91363
3138	0.00293992	0.33678	145.982	81.8013	-21.0306	-0.026786	206.726	226.231	0.913783
3139	0.00294081	0.336532	145.584	82.091	-21.0389	-0.0267827	206.61	226.064	0.913944
3140	0.0029417	0.336283	145.19	82.3783	-21.0456	-0.0267794	206.496	225.897	0.914113
3141	0.00294259	0.336035	144.798	82.663	-21.0509	-0.0267761	206.383	225.73	0.91429
3142	0.00294348	0.335786	144.408	82.9454	-21.0548	-0.0267728	206.272	225.563	0.914475
3143	0.00294437	0.335537	144.021	83.2252	-21.0573	-0.0267694	206.162	225.396	0.914667
3144	0.00294526	0.335288	143.637	83.5026	-21.0586	-0.0267662	206.054	225.229	0.914866
3145	0.00294615	0.335039	143.255	83.7775	-21.0587	-0.0267629	205.947	225.061	0.915071
3146	0.00294704	0.33479	142.876	84.05	-21.0576	-0.0267597	205.842	224.894	0.915283
3147	0.00294793	0.334542	142.5	84.3199	-21.0554	-0.0267565	205.738	224.727	0.9155
3148	0.00294882	0.334293	142.127	84.5873	-21.0473	-0.0267535	205.64	224.56	0.915746
3149	0.00294971	0.334045	141.756	84.8523	-21.0366	-0.0267505	205.545	224.393	0.916004
3150	0.0029506	0.333796	141.388	85.1147	-21.0255	-0.0267475	205.451	224.227	0.916264
3151	0.00295149	0.333549	141.023	85.3747	-21.0146	-0.0267445	205.357	224.06	0.916525
3152	0.00295238	0.333301	140.661	85.6322	-21.0041	-0.0267414	205.263	223.894	0.916785
3153	0.00295327	0.333054	140.302	85.8871	-20.994	-0.0267385	205.168	223.728	0.917044
3154	0.00295416	0.332808	139.945	86.1396	-20.9847	-0.0267355	205.074	223.562	0.9173
3155	0.00295505	0.332562	139.592	86.3896	-20.9764	-0.0267326	204.979	223.397	0.917552
3156	0.00295594	0.332316	139.241	86.6372	-20.9692	-0.0267297	204.883	223.232	0.917801
3157	0.00295683	0.332071	138.894	86.8822	-20.9632	-0.0267268	204.786	223.068	0.918044
3158	0.00295772	0.331827	138.549	87.1248	-20.9587	-0.026724	204.688	222.904	0.918281
3159	0.00295861	0.331584	138.207	87.3649	-20.9556	-0.0267213	204.59	222.74	0.918513
3160	0.0029595	0.331341	137.868	87.6025	-20.954	-0.0267185	204.49	222.577	0.918738
3161	0.00296039	0.331099	137.532	87.8377	-20.954	-0.0267158	204.39	222.415	0.918957
3162	0.00296128	0.330858	137.2	88.0705	-20.9556	-0.026713	204.288	222.253	0.919168
3163	0.00296217	0.330618	136.87	88.3008	-20.9589	-0.0267103	204.185	222.092	0.919372
3164	0.00296305	0.330379	136.543	88.5287	-20.9639	-0.0267075	204.081	221.931	0.919569
3165	0.00296394	0.330141	136.219	88.7542	-20.9705	-0.0267047	203.976	221.771	0.919759
3166	0.00296483	0.329903	135.898	88.9773	-20.979	-0.0267019	203.869	221.611	0.91994
3167	0.00296572	0.329667	135.58	89.1979	-20.9906	-0.026699	203.76	221.453	0.920107
3168	0.00296661	0.329432	135.265	89.4162	-21.0104	-0.0266959	203.644	221.295	0.920238
3169	0.0029675	0.329198	134.952	89.6321	-21.0273	-0.0266927	203.531	221.137	0.920381
3170	0.00296839	0.328965	134.643	89.8457	-21.0417	-0.0266895	203.421	220.981	0.920535
3171	0.00296928	0.328733	134.337	90.0568	-21.0539	-0.0266863	203.314	220.825	0.920699
3172	0.00297017	0.328502	134.034	90.2657	-21.0639	-0.026683	203.209	220.67	0.920873
3173	0.00297106	0.328273	133.734	90.4722	-21.0723	-0.0266798	203.107	220.516	0.921053
3174	0.00297195	0.328045	133.437	90.6764	-21.0792	-0.0266765	203.007	220.363	0.921241
3175	0.00297284	0.327818	133.143	90.8782	-21.0845	-0.0266732	202.91	220.211	0.921435
3176	0.00297373	0.327593	132.852	91.0778	-21.0884	-0.02667	202.814	220.059	0.921635
3177	0.00297462	0.327368	132.563	91.2751	-21.0909	-0.0266667	202.721	219.908	0.921842
3178	0.00297551	0.327145	132.278	91.4701	-21.0921	-0.0266635	202.629	219.759	0.922053
3179	0.0029764	0.326924	131.996	91.6628	-21.0919	-0.0266603	202.54	219.61	0.922271
3180	0.00297729	0.326704	131.716	91.8533	-21.0906	-0.0266572	202.452	219.462	0.922493
3181	0.00297818	0.326485	131.44	92.0415	-21.0881	-0.0266541	202.367	219.315	0.92272
3182	0.00297907	0.326268	131.166	92.2275	-21.0796	-0.0266511	202.288	219.17	0.922974
3183	0.00297996	0.326053	130.896	92.4113	-21.0681	-0.0266482	202.212	219.025	0.923241
3184	0.00298085	0.325838	130.628	92.5929	-21.0563	-0.0266453	202.138	218.881	0.923509
3185	0.00298174	0.325626	130.364	92.7723	-21.0444	-0.0266424	202.065	218.738	0.923776
3186	0.00298263	0.325415	130.102	92.9496	-21.0329	-0.0266395	201.992	218.596	0.924042
3187	0.00298352	0.325205	129.843	93.1246	-21.0218	-0.0266366	201.919	218.455	0.924304
3188	0.00298441	0.324997	129.587	93.2976	-21.0114	-0.0266337	201.847	218.316	0.924563
3189	0.0029853	0.324791	129.334	93.4684	-21.0019	-0.0266309	201.774	218.177	0.924816
3190	0.00298619	0.324586	129.084	93.6371	-20.9935	-0.0266281	201.701	218.04	0.925064
3191	0.00298708	0.324383	128.836	93.8037	-20.9864	-0.0266254	201.627	217.903	0.925305
3192	0.00298797	0.324182	128.592	93.9682	-20.9806	-0.0266227	201.553	217.768	0.925539
3193	0.00298886	0.323982	128.35	94.1306	-20.9763	-0.02662	201.478	217.634	0.925765
3194	0.00298975	0.323784	128.111	94.291	-20.9735	-0.0266174	201.402	217.5	0.925984
3195	0.00299064	0.323587	127.875	94.4494	-20.9723	-0.0266147	201.325	217.369	0.926194
3196	0.00299153	0.323392	127.642	94.6057	-20.9727	-0.0266121	201.248	217.238	0.926396
3197	0.00299242	0.323199	127.411	94.76	-20.9747	-0.0266095	201.17	217.108	0.926589
3198	0.00299331	0.323008	127.183	94.9124	-20.9784	-0.0266068	201.091	216.979	0.926773
3199	0.0029942	0.322818	126.958	95.0627	-20.9837	-0.0266041	201.011	216.852	0.926948
3200	0.00299509	0.32263	126.736	95.2111	-20.9908	-0.0266014	200.93	216.726	0.927114
3201	0.00299598	0.322444	126.516	95.3576	-21.0007	-0.0265986	200.846	216.601	0.927266
3202	0.00299687	0.32226	126.299	95.5021	-21.0197	-0.0265956	200.755	216.477	0.927375
3203	0.00299776	0.322077	126.085	95.6447	-21.0358	-0.0265926	200.667	216.354	0.927496
3204	0.00299865	0.321896	125.874	95.7854	-21.0492	-0.0265894	200.583	216.233	0.927627
3205	0.00299954	0.321717	125.665	95.9242	-21.0604	-0.0265863	200.502	216.112	0.927768
3206	0.00300043	0.321539	125.458	96.0612	-21.0694	-0.0265831	200.424	215.993	0.927917
3207	0.00300132	0.321364	125.255	96.1963	-21.0767	-0.0265799	200.348	215.875	0.928073
3208	0.00300221	0.32119	125.054	96.3296	-21.0824	-0.0265767	200.274	215.758	0.928235
3209	0.0030031	0.321018	124.855	96.4611	-21.0865	-0.0265735	200.203	215.642	0.928403
3210	0.00300399	0.320847	124.659	96.5907	-21.0892	-0.0265703	200.134	215.528	0.928576
3211	0.00300488	0.320679	124.466	96.7186	-21.0905	-0.0265671	200.067	215.415	0.928754
3212	0.00300577	0.320512	124.275	96.8447	-21.0904	-0.026564	200.003	215.303	0.928937
3213	0.00300666	0.320347	124.087	96.9691	-21.089	-0.0265608	199.94	215.192	0.929124
3214	0.00300755	0.320184	123.901	97.0917	-21.0864	-0.0265577	199.879	215.082	0.929316
3215	0.00300844	0.320022	123.717	97.2126	-21.0825	-0.0265546	199.821	214.974	0.929512
3216	0.00300933	0.319863	123.536	97.3318	-21.0725	-0.0265517	199.769	214.867	0.929736
3217	0.00301021	0.319705	123.358	97.4493	-21.0596	-0.0265488	199.721	214.76	0.929971
3218	0.0030111	0.319549	123.182	97.5651	-21.0464	-0.0265459	199.674	214.656	0.930206
3219	0.00301199	0.319394	123.008	97.6793	-21.0332	-0.026543	199.628	214.552	0.93044
3220	0.00301288	0.319242	122.837	97.7919	-21.0202	-0.02654	199.582	214.449	0.930671
3221	0.00301377	0.319091	122.668	97.9028	-21.0078	-0.0265371	199.536	214.348	0.930898
3222	0.00301466	0.318942	122.501	98.0121	-20.996	-0.0265343	199.491	214.248	0.931121
3223	0.00301555	0.318794	122.337	98.1199	-20.9852	-0.0265315	199.445	214.149	0.931337
3224	0.00301644	0.318649	122.175	98.226	-20.9755	-0.0265287	199.399	214.051	0.931547
3225	0.00301733	0.318505	122.015	98.3306	-20.9671	-0.0265259	199.352	213.955	0.931749
3226	0.00301822	0.318363	121.857	98.4337	-20.9601	-0.0265232	199.305	213.859	0.931943
3227	0.00301911	0.318222	121.702	98.5353	-20.9546	-0.0265205	199.256	213.765	0.932129
3228	0.00302	0.318084	121.549	98.6353	-20.9506	-0.0265178	199.207	213.672	0.932305
3229	0.00302089	0.317947	121.398	98.7339	-20.9483	-0.0265151	199.157	213.58	0.932473
3230	0.00302178	0.317812	121.249	98.831	-20.9476	-0.0265125	199.106	213.489	0.932631
3231	0.00302267	0.317678	121.103	98.9266	-20.9486	-0.0265098	199.054	213.399	0.93278
3232	0.00302356	0.317546	120.958	99.0209	-20.9513	-0.0265071	199.001	213.311	0.932919
3233	0.00302445	0.317416	120.816	99.1136	-20.9557	-0.0265044	198.947	213.223	0.933048
3234	0.00302534	0.317288	120.676	99.205	-20.9618	-0.0265016	198.892	213.137	0.933168
3235	0.00302623	0.317161	120.537	99.295	-20.9706	-0.0264988	198.835	213.052	0.933273
3236	0.00302711	0.317035	120.401	99.3836	-20.9889	-0.0264957	198.769	212.967	0.933333
3237	0.003028	0.316912	120.267	99.4709	-21.0042	-0.0264926	198.707	212.884	0.933404
3238	0.00302889	0.31679	120.135	99.5568	-21.017	-0.0264894	198.648	212.803	0.933486
3239	0.00302978	0.31667	120.005	99.6414	-21.0275	-0.0264862	198.592	212.722	0.933577
3240	0.00303067	0.316551	119.876	99.7246	-21.0358	-0.0264829	198.539	212.642	0.933676
3241	0.00303156	0.316434	119.75	99.8066	-21.0425	-0.0264797	198.488	212.563	0.933782
3242	0.00303245	0.316318	119.626	99.8873	-21.0475	-0.0264764	198.439	212.486	0.933893
3243	0.00303334	0.316204	119.503	99.9668	-21.0511	-0.0264732	198.392	212.409	0.93401
3244	0.00303423	0.316092	119.382	100.045	-21.0532	-0.0264699	198.348	212.334	0.934132
3245	0.00303512	0.315981	119.264	100.122	-21.054	-0.0264666	198.305	212.259	0.934259
3246	0.00303601	0.315872	119.147	100.198	-21.0534	-0.0264634	198.265	212.186	0.934391
3247	0.0030369	0.315764	119.031	100.272	-21.0515	-0.0264602	198.226	212.113	0.934527
3248	0.00303779	0.315658	118.918	100.346	-21.0483	-0.026457	198.189	212.042	0.934667
3249	0.00303868	0.315553	118.806	100.418	-21.0441	-0.0264539	198.154	211.972	0.934812
3250	0.00303957	0.31545	118.697	100.489	-21.0335	-0.026451	198.125	211.902	0.934984
3251	0.00304046	0.315348	118.588	100.559	-21.0202	-0.0264481	198.1	211.834	0.935168
3252	0.00304135	0.315248	118.482	100.627	-21.0065	-0.0264451	198.076	211.767	0.935352
3253	0.00304224	0.315149	118.377	100.695	-20.9928	-0.0264422	198.053	211.7	0.935535
3254	0.00304313	0.315052	118.274	100.762	-20.9794	-0.0264392	198.03	211.635	0.935714
3255	0.00304402	0.314956	118.173	100.827	-20.9665	-0.0264363	198.007	211.57	0.93589
3256	0.0030449	0.314861	118.073	100.891	-20.9544	-0.0264334	197.983	211.507	0.936061
3257	0.00304579	0.314768	117.974	100.955	-20.9433	-0.0264306	197.959	211.444	0.936225
3258	0.00304668	0.314676	117.878	101.017	-20.9334	-0.0264278	197.935	211.383	0.936382
3259	0.00304757	0.314586	117.782	101.078	-20.9248	-0.0264251	197.91	211.322	0.936532
3260	0.00304846	0.314497	117.689	101.139	-20.9177	-0.0264223	197.883	211.262	0.936673
3261	0.00304935	0.314409	117.597	101.198	-20.9121	-0.0264197	197.856	211.203	0.936805
3262	0.00305024	0.314323	117.506	101.256	-20.9082	-0.026417	197.828	211.145	0.936928
3263	0.00305113	0.314237	117.417	101.314	-20.9059	-0.0264144	197.798	211.088	0.937042
3264	0.00305202	0.314154	117.329	101.37	-20.9053	-0.0264117	197.768	211.032	0.937147
3265	0.00305291	0.314071	117.243	101.425	-20.9064	-0.0264091	197.736	210.976	0.937241
3266	0.0030538	0.31399	117.158	101.48	-20.9093	-0.0264065	197.702	210.922	0.937327
3267	0.00305469	0.31391	117.075	101.534	-20.9139	-0.0264038	197.668	210.868	0.937402
3268	0.00305558	0.313831	116.992	101.586	-20.9202	-0.0264011	197.632	210.815	0.937468
3269	0.00305647	0.313753	116.912	101.638	-20.929	-0.0263983	197.595	210.763	0.937521
3270	0.00305736	0.313677	116.832	101.689	-20.9454	-0.0263954	197.55	210.711	0.937537
3271	0.00305825	0.313602	116.754	101.739	-20.9618	-0.0263924	197.505	210.661	0.937551
3272	0.00305914	0.313528	116.677	101.789	-20.9756	-0.0263893	197.464	210.611	0.937576
3273	0.00306002	0.313455	116.602	101.837	-20.987	-0.0263862	197.425	210.562	0.937611
3274	0.00306091	0.313383	116.527	101.885	-20.9962	-0.026383	197.389	210.514	0.937655
3275	0.0030618	0.313313	116.454	101.932	-21.0037	-0.0263799	197.356	210.467	0.937706
3276	0.00306269	0.313243	116.382	101.978	-21.0095	-0.0263767	197.324	210.42	0.937764
3277	0.00306358	0.313175	116.312	102.023	-21.0138	-0.0263735	197.294	210.374	0.937827
3278	0.00306447	0.313107	116.242	102.067	-21.0166	-0.0263704	197.267	210.329	0.937897
3279	0.00306536	0.313041	116.174	102.111	-21.0181	-0.0263672	197.241	210.284	0.937971
3280	0.00306625	0.312976	116.107	102.154	-21.0181	-0.026364	197.216	210.241	0.938051
3281	0.00306714	0.312912	116.041	102.196	-21.0169	-0.0263609	197.194	210.197	0.938136
3282	0.00306803	0.312849	115.976	102.238	-21.0143	-0.0263579	197.173	210.155	0.938226
3283	0.00306892	0.312787	115.912	102.279	-21.0106	-0.0263548	197.154	210.113	0.938321
3284	0.00306981	0.312726	115.849	102.319	-21.0003	-0.0263519	197.141	210.072	0.938445
3285	0.0030707	0.312666	115.787	102.358	-20.9875	-0.0263491	197.132	210.032	0.938581
3286	0.00307159	0.312606	115.727	102.397	-20.9742	-0.0263462	197.123	209.992	0.938717
3287	0.00307248	0.312548	115.667	102.435	-20.9609	-0.0263434	197.115	209.953	0.938853
3288	0.00307337	0.312491	115.609	102.473	-20.9479	-0.0263405	197.107	209.915	0.938986
3289	0.00307426	0.312435	115.551	102.509	-20.9354	-0.0263377	197.099	209.877	0.939115
3290	0.00307515	0.31238	115.494	102.546	-20.9237	-0.0263349	197.09	209.84	0.93924
3291	0.00307604	0.312325	115.439	102.581	-20.9129	-0.0263321	197.081	209.803	0.939359
3292	0.00307693	0.312272	115.384	102.616	-20.9034	-0.0263294	197.07	209.767	0.939471
3293	0.00307782	0.312219	115.33	102.65	-20.8951	-0.0263267	197.059	209.732	0.939576
3294	0.00307871	0.312167	115.277	102.684	-20.8883	-0.0263241	197.047	209.697	0.939674
3295	0.0030796	0.312116	115.225	102.717	-20.883	-0.0263215	197.033	209.663	0.939762
3296	0.00308049	0.312066	115.174	102.75	-20.8794	-0.0263189	197.018	209.629	0.939843
3297	0.00308137	0.312017	115.124	102.782	-20.8773	-0.0263163	197.002	209.596	0.939914
3298	0.00308226	0.311968	115.075	102.813	-20.8769	-0.0263137	196.985	209.564	0.939977
3299	0.00308315	0.311921	115.026	102.844	-20.8782	-0.0263111	196.966	209.532	0.94003
3300	0.00308404	0.311874	114.979	102.875	-20.8811	-0.0263085	196.946	209.5	0.940075
3301	0.00308493	0.311828	114.932	102.904	-20.8855	-0.0263059	196.924	209.469	0.940112
3302	0.00308582	0.311782	114.886	102.934	-20.8915	-0.0263032	196.902	209.439	0.94014
3303	0.00308671	0.311738	114.841	102.963	-20.8992	-0.0263005	196.878	209.409	0.940159
3304	0.0030876	0.311694	114.796	102.991	-20.9096	-0.0262977	196.851	209.379	0.940165
3305	0.00308849	0.311651	114.752	103.019	-20.9283	-0.0262948	196.817	209.35	0.94013
3306	0.00308938	0.311609	114.709	103.046	-20.9439	-0.0262917	196.785	209.322	0.940109
3307	0.00309027	0.311567	114.667	103.073	-20.9568	-0.0262886	196.757	209.294	0.9401
3308	0.00309116	0.311526	114.626	103.099	-20.9672	-0.0262855	196.732	209.266	0.940101
3309	0.00309205	0.311486	114.585	103.125	-20.9754	-0.0262823	196.709	209.239	0.940113
3310	0.00309294	0.311446	114.545	103.151	-20.9819	-0.0262792	196.688	209.213	0.940131
3311	0.00309383	0.311407	114.506	103.176	-20.9867	-0.026276	196.668	209.187	0.940158
3312	0.00309472	0.311369	114.467	103.2	-20.9899	-0.0262728	196.651	209.161	0.940191
3313	0.00309561	0.311331	114.429	103.224	-20.9915	-0.0262696	196.636	209.136	0.94023
3314	0.0030965	0.311295	114.392	103.248	-20.9917	-0.0262664	196.622	209.111	0.940276
3315	0.00309739	0.311258	114.355	103.271	-20.9905	-0.0262633	196.61	209.087	0.940328
3316	0.00309828	0.311223	114.32	103.294	-20.9879	-0.0262602	196.6	209.063	0.940385
3317	0.00309917	0.311188	114.284	103.316	-20.984	-0.0262571	196.591	209.039	0.940448
3318	0.00310006	0.311154	114.25	103.338	-20.9738	-0.0262541	196.588	209.016	0.94054
3319	0.00310095	0.31112	114.216	103.36	-20.9606	-0.0262512	196.589	208.994	0.940646
3320	0.00310184	0.311087	114.183	103.381	-20.9468	-0.0262483	196.591	208.971	0.940754
3321	0.00310272	0.311054	114.15	103.402	-20.9328	-0.0262454	196.593	208.95	0.940862
3322	0.00310361	0.311022	114.118	103.422	-20.919	-0.0262425	196.595	208.928	0.940969
3323	0.0031045	0.310991	114.086	103.442	-20.9056	-0.0262396	196.597	208.907	0.941073
3324	0.00310539	0.31096	114.055	103.462	-20.8928	-0.0262367	196.598	208.886	0.941173
3325	0.00310628	0.31093	114.025	103.481	-20.881	-0.0262339	196.599	208.866	0.941268
3326	0.00310717	0.3109	113.995	103.501	-20.8703	-0.0262311	196.599	208.846	0.941358
3327	0.00310806	0.310871	113.965	103.519	-20.8608	-0.0262284	196.597	208.826	0.94144
3328	0.00310895	0.310842	113.936	103.538	-20.8528	-0.0262257	196.595	208.807	0.941515
3329	0.00310984	0.310814	113.908	103.556	-20.8462	-0.0262231	196.591	208.788	0.941583
3330	0.00311073	0.310786	113.88	103.574	-20.8413	-0.0262205	196.586	208.769	0.941642
3331	0.00311162	0.310758	113.852	103.591	-20.8379	-0.0262178	196.579	208.751	0.941693
3332	0.00311251	0.310731	113.825	103.608	-20.8362	-0.0262152	196.571	208.733	0.941736
3333	0.0031134	0.310705	113.799	103.625	-20.8362	-0.0262126	196.561	208.715	0.94177
3334	0.00311429	0.310679	113.772	103.642	-20.8378	-0.02621	196.55	208.697	0.941795
3335	0.00311518	0.310653	113.747	103.658	-20.8409	-0.0262073	196.538	208.68	0.941813
3336	0.00311607	0.310628	113.721	103.674	-20.8454	-0.0262047	196.524	208.663	0.941824
3337	0.00311696	0.310603	113.696	103.69	-20.8513	-0.026202	196.509	208.646	0.941827
3338	0.00311785	0.310578	113.672	103.706	-20.8588	-0.0261992	196.492	208.63	0.941823
3339	0.00311874	0.310554	113.647	103.721	-20.8692	-0.0261964	196.473	208.614	0.941804
3340	0.00311963	0.31053	113.624	103.736	-20.8867	-0.0261934	196.447	208.598	0.94175
3341	0.00312052	0.310507	113.6	103.751	-20.9011	-0.0261903	196.424	208.582	0.941711
3342	0.00312141	0.310484	113.577	103.766	-20.9127	-0.0261871	196.404	208.566	0.941685
3343	0.00312229	0.310461	113.554	103.78	-20.9218	-0.026184	196.387	208.551	0.94167
3344	0.00312318	0.310439	113.532	103.794	-20.9288	-0.0261808	196.371	208.536	0.941666
3345	0.00312407	0.310417	113.51	103.808	-20.9339	-0.0261777	196.358	208.521	0.941669
3346	0.00312496	0.310395	113.488	103.822	-20.9373	-0.0261745	196.347	208.507	0.941681
3347	0.00312585	0.310374	113.467	103.836	-20.9391	-0.0261713	196.337	208.493	0.941699
3348	0.00312674	0.310353	113.446	103.849	-20.9394	-0.0261681	196.329	208.478	0.941725
3349	0.00312763	0.310332	113.425	103.862	-20.9383	-0.0261649	196.323	208.464	0.941757
3350	0.00312852	0.310311	113.404	103.875	-20.9357	-0.0261618	196.318	208.451	0.941796
3351	0.00312941	0.310291	113.384	103.888	-20.9319	-0.0261587	196.314	208.437	0.94184
3352	0.0031303	0.310271	113.364	103.901	-20.925	-0.0261556	196.314	208.424	0.941898
3353	0.00313119	0.310252	113.345	103.913	-20.9122	-0.0261527	196.32	208.411	0.941985
3354	0.00313208	0.310232	113.325	103.925	-20.898	-0.0261498	196.327	208.398	0.942078
3355	0.00313297	0.310213	113.306	103.938	-20.8835	-0.0261469	196.334	208.385	0.942172
3356	0.00313386	0.310194	113.287	103.95	-20.869	-0.0261439	196.342	208.372	0.942266
3357	0.00313475	0.310176	113.269	103.961	-20.8548	-0.026141	196.349	208.36	0.942358
3358	0.00313564	0.310158	113.251	103.973	-20.8412	-0.0261382	196.356	208.347	0.942447
3359	0.00313653	0.310139	113.233	103.984	-20.8283	-0.0261354	196.362	208.335	0.942532
3360	0.00313742	0.310122	113.215	103.996	-20.8165	-0.0261326	196.368	208.323	0.942611
3361	0.00313831	0.310104	113.197	104.007	-20.8059	-0.0261299	196.372	208.311	0.942685
3362	0.0031392	0.310087	113.18	104.018	-20.7967	-0.0261272	196.375	208.3	0.942752
3363	0.00314009	0.31007	113.163	104.029	-20.789	-0.0261246	196.376	208.288	0.942811
3364	0.00314098	0.310053	113.146	104.04	-20.7828	-0.026122	196.376	208.277	0.942862
3365	0.00314187	0.310036	113.129	104.05	-20.7783	-0.0261194	196.375	208.265	0.942906
3366	0.00314276	0.310019	113.112	104.061	-20.7753	-0.0261169	196.372	208.254	0.942941
3367	0.00314365	0.310003	113.096	104.071	-20.7741	-0.0261143	196.367	208.243	0.942968
3368	0.00314454	0.309987	113.08	104.081	-20.7745	-0.0261118	196.361	208.233	0.942987
3369	0.00314543	0.309971	113.064	104.091	-20.7765	-0.0261092	196.353	208.222	0.942998
3370	0.00314632	0.309955	113.048	104.101	-20.78	-0.0261066	196.344	208.211	0.943001
3371	0.00314721	0.30994	113.033	104.111	-20.7849	-0.026104	196.333	208.201	0.942998
3372	0.0031481	0.309924	113.018	104.121	-20.7913	-0.0261013	196.321	208.191	0.942987
3373	0.00314899	0.309909	113.003	104.13	-20.7997	-0.0260986	196.307	208.18	0.942966
3374	0.00314988	0.309894	112.988	104.14	-20.8152	-0.0260957	196.286	208.17	0.942911
3375	0.00315077	0.309879	112.973	104.149	-20.8306	-0.0260927	196.265	208.16	0.942856
3376	0.00315166	0.309865	112.958	104.158	-20.8431	-0.0260897	196.247	208.151	0.942815
3377	0.00315255	0.309851	112.944	104.167	-20.853	-0.0260866	196.232	208.141	0.942786
3378	0.00315344	0.309836	112.93	104.176	-20.8605	-0.0260835	196.22	208.131	0.942768
3379	0.00315433	0.309822	112.916	104.185	-20.866	-0.0260804	196.209	208.122	0.94276
3380	0.00315522	0.309808	112.902	104.194	-20.8698	-0.0260773	196.2	208.113	0.94276
3381	0.00315611	0.309795	112.888	104.203	-20.8719	-0.0260742	196.193	208.103	0.942768
3382	0.003157	0.309781	112.875	104.211	-20.8724	-0.0260711	196.188	208.094	0.942783
3383	0.00315789	0.309767	112.861	104.22	-20.8713	-0.026068	196.184	208.085	0.942805
3384	0.00315878	0.309754	112.848	104.228	-20.8688	-0.0260649	196.181	208.076	0.942834
3385	0.00315967	0.309741	112.835	104.237	-20.8649	-0.0260618	196.181	208.067	0.94287
3386	0.00316056	0.309728	112.822	104.245	-20.8597	-0.0260588	196.181	208.059	0.942912
3387	0.00316145	0.309715	112.809	104.253	-20.8497	-0.0260559	196.186	208.05	0.942977
3388	0.00316234	0.309702	112.796	104.261	-20.8353	-0.0260531	196.196	208.041	0.943063
3389	0.00316323	0.30969	112.784	104.269	-20.8199	-0.0260503	196.207	208.033	0.943153
3390	0.00316412	0.309677	112.771	104.277	-20.8043	-0.0260475	196.218	208.025	0.943244
3391	0.00316501	0.309665	112.759	104.285	-20.7888	-0.0260447	196.229	208.016	0.943334
3392	0.0031659	0.309653	112.747	104.292	-20.7737	-0.026042	196.24	208.008	0.943423
3393	0.00316679	0.309641	112.735	104.3	-20.7592	-0.0260392	196.25	208	0.943509
3394	0.00316768	0.309629	112.723	104.308	-20.7455	-0.0260365	196.259	207.992	0.94359
3395	0.00316857	0.309617	112.711	104.315	-20.7329	-0.0260339	196.267	207.984	0.943666
3396	0.00316946	0.309605	112.7	104.322	-20.7215	-0.0260313	196.275	207.976	0.943736
3397	0.00317035	0.309594	112.688	104.33	-20.7114	-0.0260288	196.28	207.968	0.943799
3398	0.00317124	0.309582	112.677	104.337	-20.7029	-0.0260263	196.285	207.961	0.943855
3399	0.00317213	0.309571	112.666	104.344	-20.6958	-0.0260238	196.288	207.953	0.943904
3400	0.00317302	0.30956	112.654	104.351	-20.6903	-0.0260213	196.289	207.946	0.943945
3401	0.00317391	0.309548	112.643	104.358	-20.6864	-0.0260189	196.289	207.938	0.943978
3402	0.0031748	0.309537	112.632	104.365	-20.6841	-0.0260164	196.287	207.931	0.944003
3403	0.00317569	0.309527	112.621	104.372	-20.6834	-0.026014	196.284	207.923	0.944021
3404	0.00317658	0.309516	112.611	104.379	-20.6842	-0.0260115	196.279	207.916	0.944031
3405	0.00317747	0.309505	112.6	104.386	-20.6865	-0.026009	196.273	207.909	0.944034
3406	0.00317836	0.309494	112.589	104.392	-20.6905	-0.0260064	196.265	207.902	0.944029
3407	0.00317925	0.309484	112.579	104.399	-20.6968	-0.0260038	196.255	207.895	0.944012
3408	0.00318014	0.309473	112.569	104.406	-20.7124	-0.026001	196.236	207.888	0.943951
3409	0.00318103	0.309463	112.558	104.412	-20.7248	-0.0259981	196.22	207.881	0.943905
3410	0.00318192	0.309453	112.548	104.419	-20.7344	-0.0259951	196.206	207.874	0.943872
3411	0.00318281	0.309443	112.538	104.425	-20.7414	-0.0259922	196.195	207.867	0.943851
3412	0.0031837	0.309433	112.528	104.431	-20.7461	-0.0259892	196.187	207.86	0.943842
3413	0.00318459	0.309423	112.518	104.438	-20.7488	-0.0259862	196.181	207.854	0.943842
3414	0.00318548	0.309413	112.508	104.444	-20.7498	-0.0259831	196.176	207.847	0.94385
3415	0.00318637	0.309403	112.498	104.45	-20.7489	-0.0259801	196.174	207.84	0.943867
3416	0.00318726	0.309393	112.489	104.456	-20.7464	-0.0259771	196.173	207.834	0.943892
3417	0.00318815	0.309384	112.479	104.462	-20.7423	-0.0259741	196.173	207.827	0.943924
3418	0.00318904	0.309374	112.47	104.468	-20.7367	-0.0259711	196.175	207.821	0.943963
3419	0.00318994	0.309365	112.46	104.474	-20.7296	-0.0259681	196.179	207.814	0.94401
3420	0.00319083	0.309355	112.451	104.48	-20.7211	-0.0259652	196.184	207.808	0.944063
3421	0.00319172	0.309346	112.442	104.486	-20.7085	-0.0259624	196.193	207.802	0.944136
3422	0.00319261	0.309336	112.432	104.492	-20.6908	-0.0259597	196.208	207.796	0.944233
3423	0.0031935	0.309327	112.423	104.498	-20.6722	-0.025957	196.223	207.789	0.944335
3424	0.00319439	0.309318	112.414	104.504	-20.6532	-0.0259543	196.239	207.783	0.944438
3425	0.00319528	0.309309	112.405	104.509	-20.6341	-0.0259516	196.254	207.777	0.944542
3426	0.00319617	0.3093	112.396	104.515	-20.6153	-0.025949	196.27	207.771	0.944644
3427	0.00319706	0.309291	112.387	104.521	-20.5969	-0.0259464	196.285	207.765	0.944745
3428	0.00319795	0.309282	112.378	104.526	-20.5793	-0.0259438	196.299	207.759	0.944841
3429	0.00319884	0.309273	112.369	104.532	-20.5625	-0.0259412	196.313	207.753	0.944933
3430	0.00319973	0.309264	112.361	104.537	-20.5469	-0.0259387	196.325	207.747	0.94502
3431	0.00320062	0.309255	112.352	104.543	-20.5326	-0.0259363	196.336	207.741	0.945101
3432	0.00320151	0.309247	112.343	104.548	-20.5195	-0.0259339	196.346	207.735	0.945175
3433	0.0032024	0.309238	112.335	104.554	-20.5079	-0.0259315	196.355	207.73	0.945242
3434	0.00320329	0.30923	112.326	104.559	-20.4977	-0.0259292	196.362	207.724	0.945302
3435	0.00320418	0.309221	112.318	104.565	-20.4891	-0.0259268	196.367	207.718	0.945355
3436	0.00320507	0.309212	112.309	104.57	-20.482	-0.0259245	196.371	207.712	0.9454
3437	0.00320596	0.309204	112.301	104.575	-20.4764	-0.0259221	196.374	207.707	0.945438
3438	0.00320685	0.309196	112.293	104.581	-20.4723	-0.0259197	196.375	207.701	0.945469
3439	0.00320774	0.309187	112.284	104.586	-20.4697	-0.0259173	196.375	207.695	0.945493
3440	0.00320863	0.309179	112.276	104.591	-20.4687	-0.0259149	196.373	207.69	0.945508
3441	0.00320952	0.309171	112.268	104.596	-20.4703	-0.0259124	196.368	207.684	0.945511
3442	0.00321041	0.309163	112.26	104.601	-20.4806	-0.0259097	196.355	207.679	0.945472
3443	0.0032113	0.309155	112.252	104.606	-20.4879	-0.0259069	196.344	207.673	0.945448
3444	0.00321219	0.309147	112.244	104.611	-20.4925	-0.0259041	196.337	207.668	0.945436
3445	0.00321308	0.309139	112.236	104.616	-20.4947	-0.0259013	196.332	207.663	0.945436
3446	0.00321397	0.309131	112.228	104.621	-20.4945	-0.0258985	196.329	207.657	0.945447
3447	0.00321487	0.309123	112.22	104.626	-20.4925	-0.0258956	196.328	207.652	0.945467
3448	0.00321576	0.309115	112.213	104.631	-20.4888	-0.0258927	196.329	207.647	0.945495
3449	0.00321665	0.309107	112.205	104.636	-20.4834	-0.0258899	196.332	207.642	0.945531
3450	0.00321754	0.3091	112.198	104.641	-20.4765	-0.0258871	196.336	207.637	0.945575
3451	0.00321843	0.309092	112.19	104.645	-20.4681	-0.0258842	196.342	207.632	0.945625
3452	0.00321932	0.309085	112.183	104.65	-20.4583	-0.0258815	196.349	207.626	0.945682
3453	0.00322021	0.309077	112.175	104.655	-20.4472	-0.0258787	196.357	207.622	0.945746
3454	0.0032211	0.30907	112.168	104.659	-20.4348	-0.025876	196.367	207.617	0.945815
3455	0.00322199	0.309063	112.161	104.664	-20.4196	-0.0258734	196.379	207.612	0.945897
3456	0.00322288	0.309056	112.154	104.668	-20.3986	-0.025871	196.398	207.607	0.946008
3457	0.00322377	0.309048	112.147	104.673	-20.3764	-0.0258686	196.417	207.602	0.946124
3458	0.00322466	0.309041	112.14	104.677	-20.354	-0.0258661	196.437	207.597	0.946242
3459	0.00322556	0.309035	112.133	104.681	-20.3316	-0.0258637	196.457	207.593	0.946358
3460	0.00322645	0.309028	112.127	104.686	-20.3095	-0.0258614	196.477	207.588	0.946474
3461	0.00322734	0.309021	112.12	104.69	-20.288	-0.025859	196.496	207.584	0.946586
3462	0.00322823	0.309014	112.113	104.694	-20.2672	-0.0258567	196.514	207.579	0.946695
3463	0.00322912	0.309008	112.107	104.698	-20.2474	-0.0258545	196.532	207.575	0.946799
3464	0.00323001	0.309001	112.1	104.702	-20.2288	-0.0258524	196.548	207.57	0.946898
3465	0.0032309	0.308995	112.094	104.706	-20.2115	-0.0258503	196.563	207.566	0.94699
3466	0.00323179	0.308988	112.088	104.71	-20.1955	-0.0258482	196.577	207.562	0.947075
3467	0.00323268	0.308982	112.082	104.714	-20.181	-0.0258462	196.589	207.558	0.947153
3468	0.00323357	0.308976	112.076	104.718	-20.168	-0.0258442	196.6	207.553	0.947224
3469	0.00323446	0.30897	112.069	104.722	-20.1567	-0.0258423	196.609	207.549	0.947287
3470	0.00323536	0.308964	112.064	104.725	-20.147	-0.0258403	196.616	207.545	0.947341
3471	0.00323625	0.308958	112.058	104.729	-20.1389	-0.0258384	196.622	207.541	0.947388
3472	0.00323714	0.308952	112.052	104.733	-20.1323	-0.0258365	196.627	207.537	0.947428
3473	0.00323803	0.308946	112.046	104.736	-20.1272	-0.0258345	196.63	207.533	0.94746
3474	0.00323892	0.30894	112.041	104.74	-20.1237	-0.0258326	196.631	207.53	0.947485
3475	0.00323981	0.308935	112.035	104.743	-20.1222	-0.0258306	196.63	207.526	0.947499
3476	0.0032407	0.308929	112.03	104.747	-20.1262	-0.0258285	196.624	207.522	0.947488
3477	0.0032416	0.308924	112.024	104.75	-20.1329	-0.0258262	196.616	207.518	0.947462
3478	0.00324249	0.308918	112.019	104.754	-20.1369	-0.025824	196.61	207.515	0.94745
3479	0.00324338	0.308913	112.014	104.757	-20.1384	-0.0258217	196.606	207.511	0.94745
3480	0.00324427	0.308908	112.009	104.76	-20.1376	-0.0258194	196.605	207.508	0.94746
3481	0.00324516	0.308903	112.004	104.763	-20.1349	-0.0258171	196.606	207.504	0.947481
3482	0.00324605	0.308898	111.999	104.766	-20.1305	-0.0258148	196.609	207.501	0.947508
3483	0.00324695	0.308893	111.994	104.769	-20.1245	-0.0258126	196.613	207.498	0.947544
3484	0.00324784	0.308888	111.989	104.772	-20.1169	-0.0258103	196.619	207.494	0.947587
3485	0.00324873	0.308883	111.985	104.775	-20.108	-0.0258081	196.626	207.491	0.947636
3486	0.00324962	0.308879	111.98	104.778	-20.0977	-0.0258059	196.635	207.488	0.947692
3487	0.00325051	0.308874	111.976	104.781	-20.0861	-0.0258038	196.645	207.485	0.947753
3488	0.00325141	0.30887	111.972	104.783	-20.0733	-0.0258017	196.656	207.482	0.947821
3489	0.0032523	0.308865	111.967	104.786	-20.0594	-0.0257997	196.668	207.479	0.947893
3490	0.00325319	0.308861	111.963	104.789	-20.039	-0.0257978	196.687	207.476	0.947998
3491	0.00325408	0.308857	111.959	104.791	-20.0165	-0.025796	196.708	207.474	0.948112
3492	0.00325498	0.308853	111.955	104.794	-19.9936	-0.0257942	196.73	207.471	0.948227
3493	0.00325587	0.308849	111.951	104.796	-19.9708	-0.0257924	196.751	207.468	0.948342
3494	0.00325676	0.308845	111.947	104.799	-19.9483	-0.0257907	196.772	207.466	0.948456
3495	0.00325765	0.308841	111.944	104.801	-19.9263	-0.025789	196.793	207.463	0.948567
3496	0.00325854	0.308838	111.94	104.803	-19.905	-0.0257874	196.813	207.461	0.948675
3497	0.00325944	0.308834	111.936	104.806	-19.8847	-0.0257858	196.832	207.458	0.948778
3498	0.00326033	0.30883	111.933	104.808	-19.8655	-0.0257843	196.849	207.456	0.948875
3499	0.00326122	0.308827	111.93	104.81	-19.8475	-0.0257828	196.866	207.453	0.948966
3500	0.00326211	0.308823	111.926	104.812	-19.831	-0.0257814	196.881	207.451	0.94905
3501	0.00326301	0.30882	111.923	104.814	-19.8159	-0.0257801	196.895	207.449	0.949128
3502	0.0032639	0.308817	111.92	104.816	-19.8023	-0.0257787	196.908	207.447	0.949197
3503	0.00326479	0.308814	111.917	104.818	-19.7904	-0.0257775	196.919	207.444	0.949259
3504	0.00326568	0.30881	111.914	104.82	-19.7801	-0.0257762	196.928	207.442	0.949313
3505	0.00326658	0.308807	111.911	104.822	-19.7714	-0.0257749	196.935	207.44	0.949359
3506	0.00326747	0.308804	111.908	104.824	-19.7643	-0.0257737	196.941	207.438	0.949397
3507	0.00326836	0.308802	111.905	104.825	-19.7586	-0.0257724	196.946	207.436	0.949429
3508	0.00326926	0.308799	111.902	104.827	-19.7542	-0.0257712	196.949	207.434	0.949453
3509	0.00327015	0.308796	111.899	104.829	-19.7512	-0.0257699	196.951	207.433	0.949471
3510	0.00327104	0.308793	111.897	104.83	-19.7499	-0.0257686	196.952	207.431	0.949481
3511	0.00327194	0.308791	111.894	104.832	-19.7521	-0.0257672	196.949	207.429	0.949474
3512	0.00327283	0.308788	111.892	104.834	-19.7597	-0.0257657	196.94	207.427	0.949441
3513	0.00327372	0.308786	111.889	104.835	-19.7645	-0.0257641	196.934	207.426	0.949421
3514	0.00327461	0.308783	111.887	104.837	-19.7667	-0.0257625	196.931	207.424	0.949414
3515	0.00327551	0.308781	111.885	104.838	-19.7667	-0.0257609	196.93	207.422	0.949417
3516	0.0032764	0.308779	111.883	104.839	-19.7646	-0.0257593	196.932	207.421	0.94943
3517	0.0032773	0.308776	111.88	104.841	-19.7608	-0.0257577	196.935	207.419	0.949451
3518	0.00327819	0.308774	111.878	104.842	-19.7555	-0.0257561	196.939	207.418	0.94948
3519	0.00327908	0.308772	111.876	104.843	-19.7487	-0.0257546	196.945	207.417	0.949516
3520	0.00327998	0.30877	111.874	104.845	-19.7405	-0.0257531	196.953	207.415	0.949557
3521	0.00328087	0.308768	111.873	104.846	-19.7311	-0.0257516	196.961	207.414	0.949605
3522	0.00328176	0.308766	111.871	104.847	-19.7205	-0.0257501	196.971	207.413	0.949659
3523	0.00328266	0.308765	111.869	104.848	-19.7088	-0.0257487	196.982	207.411	0.949718
3524	0.00328355	0.308763	111.867	104.849	-19.6924	-0.0257475	196.998	207.41	0.949799
3525	0.00328444	0.308761	111.866	104.85	-19.6722	-0.0257463	197.018	207.409	0.949899
3526	0.00328534	0.30876	111.864	104.851	-19.6513	-0.0257451	197.038	207.408	0.950002
3527	0.00328623	0.308758	111.863	104.852	-19.6304	-0.025744	197.058	207.407	0.950105
3528	0.00328713	0.308757	111.861	104.853	-19.6096	-0.0257429	197.079	207.406	0.950207
3529	0.00328802	0.308755	111.86	104.854	-19.5892	-0.0257418	197.099	207.405	0.950307
3530	0.00328891	0.308754	111.859	104.854	-19.5695	-0.0257408	197.118	207.404	0.950404
3531	0.00328981	0.308753	111.858	104.855	-19.5506	-0.0257398	197.136	207.403	0.950497
3532	0.0032907	0.308751	111.856	104.856	-19.5328	-0.0257389	197.154	207.403	0.950584
3533	0.0032916	0.30875	111.855	104.856	-19.5162	-0.0257381	197.17	207.402	0.950666
3534	0.00329249	0.308749	111.854	104.857	-19.5009	-0.0257373	197.185	207.401	0.950741
3535	0.00329338	0.308748	111.853	104.858	-19.487	-0.0257366	197.198	207.4	0.950809
3536	0.00329428	0.308747	111.853	104.858	-19.4747	-0.0257359	197.21	207.4	0.95087
3537	0.00329517	0.308746	111.852	104.859	-19.4639	-0.0257352	197.221	207.399	0.950923
3538	0.00329607	0.308746	111.851	104.859	-19.4548	-0.0257346	197.23	207.399	0.950968
3539	0.00329696	0.308745	111.85	104.86	-19.4473	-0.025734	197.237	207.398	0.951005
3540	0.00329786	0.308744	111.85	104.86	-19.4414	-0.0257333	197.242	207.398	0.951034
3541	0.00329875	0.308744	111.849	104.86	-19.437	-0.0257327	197.247	207.397	0.951057
3542	0.00329964	0.308743	111.849	104.86	-19.4338	-0.0257321	197.25	207.397	0.951072
3543	0.00330054	0.308743	111.848	104.861	-19.4319	-0.0257315	197.251	207.397	0.951082
3544	0.00330143	0.308742	111.848	104.861	-19.4312	-0.0257308	197.252	207.397	0.951086
3545	0.00330233	0.308742	111.848	104.861	-19.4317	-0.0257301	197.251	207.396	0.951084
3546	0.00330322	0.308742	111.847	104.861	-19.4343	-0.0257294	197.249	207.396	0.951072
3547	0.00330412	0.308741	111.847	104.861	-19.4446	-0.0257285	197.238	207.396	0.951023
3548	0.00330501	0.308741	111.847	104.862	-19.452	-0.0257276	197.231	207.396	0.950987
3549	0.00330591	0.308741	111.847	104.862	-19.4567	-0.0257266	197.226	207.396	0.950965
3550	0.0033068	0.308741	111.846	104.862	-19.4591	-0.0257256	197.223	207.395	0.950954
3551	0.0033077	0.30874	111.846	104.862	-19.4594	-0.0257247	197.223	207.395	0.950953
3552	0.00330859	0.30874	111.846	104.862	-19.458	-0.0257237	197.224	207.395	0.950959
3553	0.00330949	0.30874	111.846	104.862	-19.4551	-0.0257228	197.227	207.395	0.950974
3554	0.00331038	0.30874	111.845	104.863	-19.4508	-0.0257218	197.231	207.395	0.950995
3555	0.00331128	0.308739	111.845	104.863	-19.4451	-0.0257209	197.237	207.395	0.951023
3556	0.00331217	0.308739	111.845	104.863	-19.4381	-0.0257201	197.244	207.395	0.951057
3557	0.00331307	0.308739	111.845	104.863	-19.43	-0.0257192	197.252	207.394	0.951096
3558	0.00331396	0.308739	111.845	104.863	-19.4209	-0.0257185	197.261	207.394	0.951141
3559	0.00331486	0.308739	111.844	104.863	-19.4057	-0.0257178	197.276	207.394	0.951214
3560	0.00331575	0.308738	111.844	104.863	-19.3881	-0.0257173	197.294	207.394	0.951299
3561	0.00331665	0.308738	111.844	104.863	-19.3701	-0.0257167	197.312	207.394	0.951386
3562	0.00331754	0.308738	111.844	104.864	-19.3521	-0.0257161	197.33	207.394	0.951473
3563	0.00331844	0.308738	111.844	104.864	-19.3342	-0.0257156	197.347	207.394	0.951559
3564	0.00331933	0.308738	111.844	104.864	-19.3168	-0.0257151	197.365	207.394	0.951644
3565	0.00332023	0.308738	111.843	104.864	-19.3001	-0.0257147	197.381	207.393	0.951724
3566	0.00332113	0.308738	111.843	104.864	-19.2843	-0.0257143	197.397	207.393	0.951801
3567	0.00332202	0.308737	111.843	104.864	-19.2695	-0.025714	197.412	207.393	0.951872
3568	0.00332292	0.308737	111.843	104.864	-19.2559	-0.0257137	197.425	207.393	0.951938
3569	0.00332381	0.308737	111.843	104.864	-19.2437	-0.0257135	197.438	207.393	0.951997
3570	0.00332471	0.308737	111.843	104.864	-19.2329	-0.0257133	197.448	207.393	0.952049
3571	0.0033256	0.308737	111.843	104.864	-19.2236	-0.0257132	197.458	207.393	0.952094
3572	0.0033265	0.308737	111.843	104.864	-19.2159	-0.0257131	197.465	207.393	0.952131
3573	0.00332739	0.308737	111.843	104.864	-19.2099	-0.025713	197.471	207.393	0.95216
3574	0.00332829	0.308737	111.843	104.864	-19.2054	-0.0257129	197.476	207.393	0.952181
3575	0.00332919	0.308738	111.844	104.864	-19.2025	-0.0257128	197.479	207.393	0.952195
3576	0.00333008	0.308738	111.844	104.863	-19.2009	-0.0257127	197.481	207.394	0.952202
3577	0.00333098	0.308738	111.844	104.863	-19.2006	-0.0257126	197.481	207.394	0.952204
3578	0.00333187	0.308738	111.844	104.863	-19.2014	-0.0257125	197.48	207.394	0.952199
3579	0.00333277	0.308739	111.845	104.863	-19.2031	-0.0257124	197.479	207.394	0.952191
3580	0.00333366	0.308739	111.845	104.863	-19.2058	-0.0257123	197.476	207.394	0.952177
3581	0.00333456	0.30874	111.846	104.862	-19.2096	-0.0257121	197.473	207.395	0.952158
3582	0.00333546	0.30874	111.846	104.862	-19.2154	-0.0257119	197.467	207.395	0.952129
3583	0.00333635	0.308741	111.847	104.861	-19.2278	-0.0257115	197.455	207.395	0.952069
3584	0.00333725	0.308741	111.847	104.861	-19.2372	-0.025711	197.446	207.396	0.952023
3585	0.00333815	0.308742	111.848	104.861	-19.2439	-0.0257106	197.439	207.396	0.95199
3586	0.00333904	0.308743	111.849	104.86	-19.2483	-0.0257102	197.435	207.397	0.951968
3587	0.00333994	0.308743	111.85	104.86	-19.2506	-0.0257097	197.433	207.397	0.951955
3588	0.00334083	0.308744	111.851	104.859	-19.2512	-0.0257093	197.433	207.398	0.951951
3589	0.00334173	0.308745	111.851	104.858	-19.2503	-0.0257088	197.434	207.398	0.951954
3590	0.00334263	0.308746	111.852	104.858	-19.248	-0.0257084	197.437	207.399	0.951964
3591	0.00334352	0.308747	111.854	104.857	-19.2444	-0.025708	197.441	207.4	0.95198
3592	0.00334442	0.308748	111.855	104.856	-19.2395	-0.0257077	197.446	207.401	0.952002
3593	0.00334532	0.308749	111.856	104.856	-19.2336	-0.0257073	197.452	207.401	0.952029
3594	0.00334621	0.308751	111.857	104.855	-19.2237	-0.0257071	197.462	207.402	0.952075
3595	0.00334711	0.308752	111.858	104.854	-19.2095	-0.025707	197.477	207.403	0.952142
3596	0.00334801	0.308753	111.86	104.853	-19.1945	-0.0257068	197.493	207.404	0.952213
3597	0.0033489	0.308754	111.861	104.852	-19.1793	-0.0257067	197.508	207.405	0.952284
3598	0.0033498	0.308756	111.862	104.851	-19.1642	-0.0257066	197.524	207.406	0.952355
3599	0.00335069	0.308757	111.864	104.85	-19.1495	-0.0257065	197.539	207.407	0.952424
3600	0.00335159	0.308759	111.865	104.85	-19.1353	-0.0257064	197.554	207.408	0.952491
3601	0.00335249	0.30876	111.867	104.848	-19.1219	-0.0257065	197.568	207.409	0.952553
3602	0.00335338	0.308762	111.869	104.847	-19.1095	-0.0257065	197.581	207.41	0.952611
3603	0.00335428	0.308764	111.87	104.846	-19.0982	-0.0257066	197.593	207.411	0.952663
3604	0.00335518	0.308766	111.872	104.845	-19.0882	-0.0257068	197.603	207.412	0.952709
3605	0.00335607	0.308767	111.874	104.844	-19.0795	-0.025707	197.613	207.413	0.952748
3606	0.00335697	0.308769	111.876	104.843	-19.0723	-0.0257073	197.621	207.415	0.952781
3607	0.00335787	0.308771	111.878	104.842	-19.0666	-0.0257076	197.627	207.416	0.952806
3608	0.00335876	0.308773	111.88	104.84	-19.0625	-0.0257079	197.632	207.417	0.952823
3609	0.00335966	0.308775	111.882	104.839	-19.06	-0.0257082	197.635	207.419	0.952832
3610	0.00336056	0.308777	111.884	104.838	-19.059	-0.0257085	197.637	207.42	0.952834
3611	0.00336145	0.308779	111.886	104.836	-19.0594	-0.0257088	197.637	207.421	0.952829
3612	0.00336235	0.308781	111.888	104.835	-19.061	-0.0257091	197.636	207.423	0.952818
3613	0.00336325	0.308784	111.89	104.834	-19.0638	-0.0257093	197.634	207.424	0.952802
3614	0.00336414	0.308786	111.893	104.832	-19.0675	-0.0257096	197.631	207.426	0.952781
3615	0.00336504	0.308788	111.895	104.831	-19.0721	-0.0257098	197.628	207.427	0.952756
3616	0.00336594	0.308791	111.897	104.829	-19.0775	-0.02571	197.623	207.429	0.952726
3617	0.00336684	0.308793	111.9	104.827	-19.0842	-0.0257102	197.617	207.431	0.952691
3618	0.00336773	0.308796	111.902	104.826	-19.0941	-0.0257103	197.608	207.432	0.95264
3619	0.00336863	0.308798	111.905	104.824	-19.1076	-0.0257102	197.596	207.434	0.952571
3620	0.00336953	0.308801	111.908	104.823	-19.1182	-0.0257101	197.586	207.436	0.952516
3621	0.00337042	0.308804	111.91	104.821	-19.1262	-0.02571	197.579	207.438	0.952474
3622	0.00337132	0.308806	111.913	104.819	-19.1319	-0.0257099	197.574	207.44	0.952443
3623	0.00337222	0.308809	111.916	104.817	-19.1356	-0.0257098	197.572	207.441	0.952422
3624	0.00337312	0.308812	111.919	104.815	-19.1377	-0.0257097	197.571	207.443	0.952408
3625	0.00337401	0.308815	111.922	104.814	-19.1383	-0.0257096	197.571	207.445	0.952401
3626	0.00337491	0.308818	111.924	104.812	-19.1375	-0.0257095	197.573	207.447	0.952401
3627	0.00337581	0.308821	111.927	104.81	-19.1354	-0.0257094	197.576	207.449	0.952407
3628	0.0033767	0.308824	111.93	104.808	-19.1322	-0.0257093	197.58	207.451	0.952418
3629	0.0033776	0.308827	111.933	104.806	-19.1279	-0.0257093	197.586	207.453	0.952435
3630	0.0033785	0.30883	111.936	104.804	-19.1179	-0.0257094	197.597	207.455	0.952479
3631	0.0033794	0.308833	111.939	104.802	-19.1053	-0.0257096	197.611	207.457	0.952536
3632	0.00338029	0.308836	111.942	104.8	-19.0922	-0.0257097	197.625	207.459	0.952595
3633	0.00338119	0.308839	111.945	104.798	-19.0791	-0.0257098	197.639	207.462	0.952654
3634	0.00338209	0.308842	111.949	104.796	-19.0662	-0.02571	197.653	207.464	0.952712
3635	0.00338298	0.308845	111.952	104.794	-19.0536	-0.0257102	197.667	207.466	0.952768
3636	0.00338388	0.308849	111.955	104.792	-19.0417	-0.0257104	197.68	207.468	0.952821
3637	0.00338478	0.308852	111.958	104.79	-19.0306	-0.0257107	197.692	207.47	0.952871
3638	0.00338568	0.308855	111.962	104.788	-19.0205	-0.025711	197.703	207.472	0.952915
3639	0.00338657	0.308858	111.965	104.786	-19.0116	-0.0257114	197.714	207.475	0.952953
3640	0.00338747	0.308862	111.968	104.784	-19.004	-0.0257118	197.722	207.477	0.952986
3641	0.00338837	0.308865	111.972	104.782	-18.9977	-0.0257123	197.73	207.479	0.953011
3642	0.00338926	0.308869	111.975	104.78	-18.9928	-0.0257128	197.736	207.481	0.95303
3643	0.00339016	0.308872	111.978	104.777	-18.9894	-0.0257133	197.741	207.484	0.953042
3644	0.00339106	0.308875	111.982	104.775	-18.9876	-0.0257138	197.744	207.486	0.953046
3645	0.00339196	0.308879	111.985	104.773	-18.9873	-0.0257143	197.745	207.488	0.953043
3646	0.00339285	0.308882	111.989	104.771	-18.9884	-0.0257148	197.745	207.491	0.953033
3647	0.00339375	0.308886	111.992	104.769	-18.9908	-0.0257153	197.744	207.493	0.953017
3648	0.00339465	0.308889	111.996	104.766	-18.9944	-0.0257158	197.742	207.495	0.952995
3649	0.00339555	0.308893	111.999	104.764	-18.999	-0.0257163	197.739	207.498	0.952968
3650	0.00339644	0.308897	112.003	104.762	-19.0045	-0.0257167	197.734	207.5	0.952937
3651	0.00339734	0.3089	112.006	104.76	-19.0108	-0.0257171	197.729	207.503	0.952901
3652	0.00339824	0.308904	112.01	104.757	-19.0181	-0.0257175	197.723	207.505	0.952861
3653	0.00339914	0.308907	112.013	104.755	-19.0271	-0.0257178	197.716	207.507	0.952813
3654	0.00340003	0.308911	112.017	104.753	-19.0432	-0.0257179	197.701	207.51	0.952731
3655	0.00340093	0.308915	112.021	104.751	-19.0561	-0.025718	197.689	207.512	0.952664
3656	0.00340183	0.308918	112.024	104.748	-19.0663	-0.0257181	197.681	207.515	0.95261
3657	0.00340272	0.308922	112.028	104.746	-19.074	-0.0257181	197.674	207.517	0.952568
3658	0.00340362	0.308926	112.032	104.744	-19.0797	-0.0257181	197.67	207.52	0.952535
3659	0.00340452	0.308929	112.035	104.741	-19.0836	-0.0257182	197.667	207.522	0.952511
3660	0.00340542	0.308933	112.039	104.739	-19.086	-0.0257182	197.666	207.525	0.952495
3661	0.00340631	0.308937	112.042	104.737	-19.0869	-0.0257182	197.667	207.527	0.952486
3662	0.00340721	0.30894	112.046	104.734	-19.0865	-0.0257183	197.668	207.529	0.952483
3663	0.00340811	0.308944	112.05	104.732	-19.0848	-0.0257183	197.671	207.532	0.952486
3664	0.00340901	0.308947	112.053	104.73	-19.0821	-0.0257184	197.675	207.534	0.952495
3665	0.0034099	0.308951	112.057	104.727	-19.0756	-0.0257186	197.683	207.537	0.952521
3666	0.0034108	0.308955	112.061	104.725	-19.0645	-0.0257189	197.696	207.539	0.952569
3667	0.0034117	0.308958	112.064	104.723	-19.0526	-0.0257191	197.709	207.542	0.952622
3668	0.0034126	0.308962	112.068	104.721	-19.0404	-0.0257194	197.722	207.544	0.952676
3669	0.00341349	0.308966	112.071	104.718	-19.0283	-0.0257197	197.736	207.547	0.952729
3670	0.00341439	0.308969	112.075	104.716	-19.0165	-0.02572	197.749	207.549	0.952781
3671	0.00341529	0.308973	112.079	104.714	-19.0052	-0.0257203	197.761	207.551	0.952831
3672	0.00341619	0.308976	112.082	104.712	-18.9946	-0.0257207	197.773	207.554	0.952877
3673	0.00341708	0.30898	112.086	104.709	-18.9849	-0.0257211	197.784	207.556	0.952919
3674	0.00341798	0.308983	112.089	104.707	-18.9763	-0.0257216	197.794	207.559	0.952956
3675	0.00341888	0.308987	112.093	104.705	-18.9688	-0.0257221	197.803	207.561	0.952987
3676	0.00341978	0.30899	112.096	104.703	-18.9627	-0.0257226	197.81	207.563	0.953012
3677	0.00342067	0.308994	112.099	104.701	-18.958	-0.0257232	197.816	207.566	0.953031
3678	0.00342157	0.308997	112.103	104.698	-18.9546	-0.0257238	197.821	207.568	0.953042
3679	0.00342247	0.309001	112.106	104.696	-18.9528	-0.0257244	197.824	207.57	0.953046
3680	0.00342336	0.309004	112.109	104.694	-18.9525	-0.025725	197.825	207.572	0.953044
3681	0.00342426	0.309007	112.113	104.692	-18.9536	-0.0257256	197.826	207.575	0.953034
3682	0.00342516	0.309011	112.116	104.69	-18.956	-0.0257262	197.824	207.577	0.953018
3683	0.00342606	0.309014	112.119	104.688	-18.9597	-0.0257268	197.822	207.579	0.952996
3684	0.00342695	0.309017	112.122	104.686	-18.9644	-0.0257273	197.818	207.581	0.952969
3685	0.00342785	0.30902	112.125	104.684	-18.97	-0.0257278	197.814	207.583	0.952937
3686	0.00342875	0.309023	112.128	104.682	-18.9765	-0.0257283	197.808	207.585	0.952902
3687	0.00342965	0.309026	112.131	104.68	-18.984	-0.0257288	197.802	207.587	0.952862
3688	0.00343054	0.309029	112.134	104.678	-18.9931	-0.0257292	197.794	207.589	0.952814
3689	0.00343144	0.309032	112.137	104.677	-19.0095	-0.0257294	197.779	207.591	0.952731
3690	0.00343234	0.309035	112.14	104.675	-19.023	-0.0257296	197.766	207.593	0.952662
3691	0.00343324	0.309038	112.143	104.673	-19.0339	-0.0257297	197.756	207.595	0.952606
3692	0.00343413	0.309041	112.146	104.671	-19.0422	-0.0257298	197.749	207.597	0.952562
3693	0.00343503	0.309044	112.148	104.67	-19.0484	-0.0257299	197.744	207.599	0.952528
3694	0.00343593	0.309046	112.151	104.668	-19.0529	-0.02573	197.74	207.601	0.952503
3695	0.00343683	0.309049	112.154	104.666	-19.0558	-0.0257301	197.738	207.602	0.952486
3696	0.00343772	0.309051	112.156	104.665	-19.0572	-0.0257302	197.738	207.604	0.952476
3697	0.00343862	0.309054	112.159	104.663	-19.0572	-0.0257303	197.739	207.606	0.952472
3698	0.00343952	0.309056	112.161	104.662	-19.056	-0.0257305	197.741	207.608	0.952475
3699	0.00344042	0.309059	112.163	104.66	-19.0536	-0.0257306	197.744	207.609	0.952483
3700	0.00344131	0.309061	112.166	104.659	-19.0497	-0.0257308	197.749	207.611	0.952499
3701	0.00344221	0.309063	112.168	104.657	-19.0395	-0.0257312	197.76	207.612	0.952545
3702	0.00344311	0.309066	112.17	104.656	-19.0276	-0.0257315	197.773	207.614	0.9526
3703	0.00344401	0.309068	112.172	104.655	-19.0153	-0.0257318	197.786	207.615	0.952656
3704	0.0034449	0.30907	112.174	104.653	-19.003	-0.0257321	197.799	207.617	0.952713
3705	0.0034458	0.309072	112.176	104.652	-18.9909	-0.0257324	197.812	207.618	0.952768
3706	0.0034467	0.309074	112.178	104.651	-18.9792	-0.0257328	197.824	207.619	0.952822
3707	0.00344759	0.309075	112.18	104.65	-18.9681	-0.0257331	197.836	207.62	0.952873
3708	0.00344849	0.309077	112.181	104.649	-18.9579	-0.0257336	197.847	207.622	0.95292
3709	0.00344939	0.309079	112.183	104.648	-18.9488	-0.025734	197.856	207.623	0.952961
3710	0.00345029	0.309081	112.185	104.647	-18.9407	-0.0257345	197.865	207.624	0.952998
3711	0.00345118	0.309082	112.186	104.646	-18.934	-0.025735	197.872	207.625	0.953028
3712	0.00345208	0.309084	112.188	104.645	-18.9286	-0.0257356	197.878	207.626	0.953052
3713	0.00345298	0.309085	112.189	104.644	-18.9247	-0.0257362	197.883	207.627	0.953069
3714	0.00345387	0.309086	112.19	104.643	-18.9221	-0.0257368	197.886	207.628	0.95308
3715	0.00345477	0.309088	112.192	104.642	-18.9211	-0.0257374	197.887	207.628	0.953083
3716	0.00345567	0.309089	112.193	104.642	-18.9216	-0.025738	197.887	207.629	0.953079
3717	0.00345657	0.30909	112.194	104.641	-18.9235	-0.0257386	197.886	207.63	0.953069
3718	0.00345746	0.309091	112.195	104.64	-18.9266	-0.0257391	197.883	207.631	0.953052
3719	0.00345836	0.309092	112.196	104.64	-18.9308	-0.0257396	197.879	207.631	0.953031
3720	0.00345926	0.309093	112.197	104.639	-18.936	-0.0257401	197.874	207.632	0.953004
3721	0.00346016	0.309094	112.198	104.639	-18.942	-0.0257406	197.869	207.633	0.952974
3722	0.00346105	0.309095	112.198	104.638	-18.9491	-0.0257411	197.862	207.633	0.952939
3723	0.00346195	0.309096	112.199	104.638	-18.9576	-0.0257414	197.854	207.634	0.952897
3724	0.00346285	0.309096	112.2	104.637	-18.9713	-0.0257417	197.84	207.634	0.95283
3725	0.00346375	0.309097	112.201	104.637	-18.9855	-0.0257418	197.826	207.635	0.95276
3726	0.00346464	0.309098	112.201	104.636	-18.9969	-0.0257419	197.815	207.635	0.952705
3727	0.00346554	0.309098	112.202	104.636	-19.0056	-0.025742	197.807	207.636	0.952662
3728	0.00346644	0.309099	112.202	104.636	-19.0121	-0.0257421	197.8	207.636	0.95263
3729	0.00346733	0.309099	112.203	104.635	-19.0167	-0.0257421	197.796	207.636	0.952607
3730	0.00346823	0.3091	112.203	104.635	-19.0197	-0.0257422	197.793	207.637	0.952592
3731	0.00346913	0.3091	112.204	104.635	-19.0211	-0.0257422	197.792	207.637	0.952585
3732	0.00347003	0.3091	112.204	104.635	-19.0211	-0.0257423	197.792	207.637	0.952584
3733	0.00347092	0.309101	112.204	104.635	-19.0199	-0.0257423	197.793	207.637	0.95259
3734	0.00347182	0.309101	112.205	104.634	-19.0173	-0.0257424	197.796	207.638	0.952602
3735	0.00347272	0.309101	112.205	104.634	-19.0137	-0.0257425	197.8	207.638	0.952619
3736	0.00347362	0.309101	112.205	104.634	-19.0042	-0.0257428	197.809	207.638	0.952664
3737	0.00347451	0.309102	112.205	104.634	-18.9921	-0.025743	197.821	207.638	0.952723
3738	0.00347541	0.309102	112.205	104.634	-18.9794	-0.0257433	197.834	207.638	0.952784
3739	0.00347631	0.309102	112.205	104.634	-18.9666	-0.0257435	197.847	207.638	0.952845
3740	0.0034772	0.309102	112.205	104.634	-18.9539	-0.0257438	197.86	207.638	0.952906
3741	0.0034781	0.309102	112.205	104.634	-18.9416	-0.0257441	197.872	207.638	0.952966
3742	0.003479	0.309102	112.205	104.634	-18.9299	-0.0257444	197.884	207.638	0.953022
3743	0.0034799	0.309102	112.205	104.634	-18.919	-0.0257448	197.894	207.638	0.953075
3744	0.00348079	0.309101	112.205	104.634	-18.9091	-0.0257452	197.904	207.638	0.953123
3745	0.00348169	0.309101	112.205	104.635	-18.9003	-0.0257457	197.913	207.638	0.953165
3746	0.00348259	0.309101	112.204	104.635	-18.8928	-0.0257462	197.92	207.637	0.953202
3747	0.00348348	0.309101	112.204	104.635	-18.8867	-0.0257467	197.926	207.637	0.953232
3748	0.00348438	0.3091	112.204	104.635	-18.8819	-0.0257473	197.931	207.637	0.953255
3749	0.00348528	0.3091	112.203	104.635	-18.8786	-0.0257479	197.934	207.637	0.953271
3750	0.00348617	0.3091	112.203	104.635	-18.8768	-0.0257485	197.936	207.637	0.95328
3751	0.00348707	0.309099	112.203	104.636	-18.8766	-0.0257491	197.936	207.636	0.953282
3752	0.00348797	0.309099	112.202	104.636	-18.8778	-0.0257496	197.935	207.636	0.953277
3753	0.00348887	0.309099	112.202	104.636	-18.8802	-0.0257502	197.932	207.636	0.953265
3754	0.00348976	0.309098	112.201	104.637	-18.8839	-0.0257507	197.928	207.636	0.953249
3755	0.00349066	0.309098	112.201	104.637	-18.8885	-0.0257512	197.923	207.635	0.953227
3756	0.00349156	0.309097	112.2	104.637	-18.8942	-0.0257517	197.918	207.635	0.9532
3757	0.00349245	0.309097	112.2	104.637	-18.9009	-0.0257521	197.911	207.635	0.953168
3758	0.00349335	0.309096	112.199	104.638	-18.9093	-0.0257525	197.902	207.634	0.953129
3759	0.00349425	0.309096	112.199	104.638	-18.9238	-0.0257527	197.888	207.634	0.95306
3760	0.00349515	0.309095	112.198	104.639	-18.9375	-0.0257528	197.874	207.634	0.952994
3761	0.00349604	0.309095	112.198	104.639	-18.9484	-0.0257529	197.862	207.633	0.952943
3762	0.00349694	0.309094	112.197	104.639	-18.9568	-0.025753	197.854	207.633	0.952903
3763	0.00349784	0.309093	112.197	104.64	-18.963	-0.025753	197.847	207.632	0.952874
3764	0.00349873	0.309093	112.196	104.64	-18.9674	-0.025753	197.843	207.632	0.952854
3765	0.00349963	0.309092	112.195	104.64	-18.9701	-0.0257531	197.84	207.632	0.952841
3766	0.00350053	0.309092	112.195	104.641	-18.9714	-0.0257531	197.838	207.631	0.952836
3767	0.00350143	0.309091	112.194	104.641	-18.9712	-0.0257531	197.838	207.631	0.952837
3768	0.00350232	0.30909	112.194	104.642	-18.9697	-0.0257531	197.84	207.63	0.952845
3769	0.00350322	0.30909	112.193	104.642	-18.967	-0.0257532	197.842	207.63	0.952859
3770	0.00350412	0.309089	112.192	104.642	-18.9632	-0.0257532	197.846	207.63	0.952878
3771	0.00350501	0.309089	112.192	104.643	-18.9536	-0.0257535	197.855	207.629	0.952926
3772	0.00350591	0.309088	112.191	104.643	-18.9412	-0.0257537	197.867	207.629	0.952986
3773	0.00350681	0.309087	112.191	104.643	-18.9282	-0.0257539	197.88	207.628	0.953049
3774	0.00350771	0.309087	112.19	104.644	-18.9151	-0.0257541	197.893	207.628	0.953114
3775	0.0035086	0.309086	112.189	104.644	-18.9021	-0.0257543	197.906	207.627	0.953177
3776	0.0035095	0.309085	112.189	104.645	-18.8894	-0.0257546	197.918	207.627	0.953239
3777	0.0035104	0.309085	112.188	104.645	-18.8774	-0.0257549	197.93	207.627	0.953298
3778	0.00351129	0.309084	112.187	104.646	-18.8662	-0.0257552	197.941	207.626	0.953353
3779	0.00351219	0.309083	112.187	104.646	-18.8559	-0.0257556	197.951	207.626	0.953403
3780	0.00351309	0.309083	112.186	104.646	-18.8469	-0.025756	197.96	207.625	0.953447
3781	0.00351398	0.309082	112.185	104.647	-18.8391	-0.0257565	197.967	207.625	0.953486
3782	0.00351488	0.309081	112.184	104.647	-18.8326	-0.0257569	197.973	207.624	0.953518
3783	0.00351578	0.30908	112.183	104.648	-18.8276	-0.0257575	197.978	207.624	0.953543
3784	0.00351667	0.30908	112.183	104.649	-18.8241	-0.025758	197.981	207.623	0.953561
3785	0.00351757	0.309079	112.182	104.649	-18.8221	-0.0257585	197.983	207.622	0.953572
3786	0.00351847	0.309078	112.181	104.65	-18.8216	-0.0257591	197.983	207.622	0.953576
3787	0.00351937	0.309077	112.18	104.65	-18.8226	-0.0257596	197.982	207.621	0.953572
3788	0.00352026	0.309076	112.179	104.651	-18.8249	-0.0257601	197.979	207.62	0.953563
3789	0.00352116	0.309075	112.177	104.652	-18.8284	-0.0257605	197.975	207.62	0.953547
3790	0.00352206	0.309073	112.176	104.653	-18.833	-0.025761	197.97	207.619	0.953526
3791	0.00352295	0.309072	112.175	104.653	-18.8387	-0.0257614	197.964	207.618	0.953501
3792	0.00352385	0.309071	112.174	104.654	-18.8455	-0.0257618	197.957	207.617	0.95347
3793	0.00352475	0.30907	112.172	104.655	-18.8543	-0.0257621	197.947	207.616	0.953429
3794	0.00352564	0.309068	112.171	104.656	-18.8704	-0.0257622	197.931	207.616	0.953353
3795	0.00352654	0.309067	112.17	104.657	-18.8833	-0.0257622	197.918	207.615	0.953293
3796	0.00352744	0.309065	112.168	104.658	-18.8936	-0.0257622	197.907	207.614	0.953245
3797	0.00352834	0.309064	112.166	104.659	-18.9014	-0.0257622	197.898	207.613	0.95321
3798	0.00352923	0.309062	112.165	104.66	-18.9072	-0.0257622	197.892	207.611	0.953184
3799	0.00353013	0.309061	112.163	104.661	-18.9112	-0.0257622	197.887	207.61	0.953167
3800	0.00353103	0.309059	112.161	104.662	-18.9136	-0.0257622	197.884	207.609	0.953158
3801	0.00353192	0.309057	112.16	104.663	-18.9146	-0.0257621	197.883	207.608	0.953155
3802	0.00353282	0.309055	112.158	104.665	-18.9141	-0.0257621	197.882	207.607	0.95316
3803	0.00353372	0.309053	112.156	104.666	-18.9124	-0.0257621	197.884	207.606	0.953171
3804	0.00353462	0.309051	112.154	104.667	-18.9094	-0.0257621	197.886	207.604	0.953188
3805	0.00353551	0.309049	112.152	104.668	-18.9052	-0.0257621	197.889	207.603	0.953211
3806	0.00353641	0.309047	112.15	104.67	-18.8949	-0.0257623	197.899	207.602	0.953263
3807	0.00353731	0.309045	112.148	104.671	-18.8822	-0.0257626	197.911	207.6	0.953327
3808	0.0035382	0.309043	112.145	104.672	-18.8689	-0.0257627	197.923	207.599	0.953394
3809	0.0035391	0.309041	112.143	104.674	-18.8554	-0.0257629	197.936	207.597	0.953462
3810	0.00354	0.309039	112.141	104.675	-18.8422	-0.0257632	197.948	207.596	0.953529
3811	0.00354089	0.309036	112.139	104.677	-18.8293	-0.0257634	197.96	207.594	0.953594
3812	0.00354179	0.309034	112.136	104.678	-18.817	-0.0257637	197.972	207.593	0.953656
3813	0.00354269	0.309032	112.134	104.68	-18.8056	-0.025764	197.982	207.591	0.953714
3814	0.00354359	0.309029	112.131	104.682	-18.7952	-0.0257644	197.992	207.589	0.953767
3815	0.00354448	0.309027	112.129	104.683	-18.786	-0.0257648	198	207.588	0.953815
3816	0.00354538	0.309024	112.126	104.685	-18.7782	-0.0257653	198.007	207.586	0.953856
3817	0.00354628	0.309022	112.124	104.686	-18.7717	-0.0257658	198.013	207.584	0.953891
3818	0.00354717	0.309019	112.121	104.688	-18.7666	-0.0257663	198.017	207.582	0.953919
3819	0.00354807	0.309016	112.118	104.69	-18.7631	-0.0257669	198.019	207.581	0.95394
3820	0.00354897	0.309013	112.115	104.692	-18.7611	-0.0257674	198.02	207.579	0.953953
3821	0.00354986	0.309011	112.113	104.693	-18.7606	-0.0257679	198.02	207.577	0.953959
3822	0.00355076	0.309008	112.11	104.695	-18.7617	-0.0257685	198.018	207.575	0.953958
3823	0.00355166	0.309005	112.107	104.697	-18.764	-0.025769	198.014	207.573	0.95395
3824	0.00355255	0.309002	112.104	104.699	-18.7676	-0.0257695	198.01	207.571	0.953937
3825	0.00355345	0.308999	112.101	104.701	-18.7722	-0.0257699	198.004	207.569	0.953918
3826	0.00355435	0.308996	112.098	104.703	-18.778	-0.0257703	197.997	207.567	0.953895
3827	0.00355525	0.308993	112.095	104.705	-18.7851	-0.0257707	197.989	207.565	0.953864
3828	0.00355614	0.30899	112.092	104.707	-18.7952	-0.025771	197.978	207.563	0.95382
3829	0.00355704	0.308987	112.089	104.709	-18.8106	-0.0257711	197.961	207.561	0.95375
3830	0.00355794	0.308984	112.085	104.711	-18.823	-0.0257712	197.948	207.559	0.953695
3831	0.00355883	0.30898	112.082	104.713	-18.8327	-0.0257712	197.937	207.556	0.953652
3832	0.00355973	0.308977	112.079	104.715	-18.8401	-0.0257712	197.928	207.554	0.953621
3833	0.00356063	0.308974	112.075	104.717	-18.8454	-0.0257712	197.921	207.552	0.9536
3834	0.00356153	0.30897	112.072	104.72	-18.8491	-0.0257712	197.917	207.55	0.953587
3835	0.00356242	0.308967	112.068	104.722	-18.8511	-0.0257712	197.913	207.547	0.953582
3836	0.00356332	0.308963	112.065	104.724	-18.8517	-0.0257712	197.911	207.545	0.953583
3837	0.00356422	0.30896	112.061	104.726	-18.851	-0.0257712	197.911	207.543	0.953592
3838	0.00356511	0.308956	112.058	104.729	-18.8489	-0.0257712	197.912	207.54	0.953607
3839	0.00356601	0.308952	112.054	104.731	-18.8456	-0.0257712	197.914	207.538	0.953628
3840	0.00356691	0.308949	112.05	104.733	-18.8411	-0.0257713	197.917	207.535	0.953654
3841	0.00356781	0.308945	112.046	104.736	-18.8304	-0.0257715	197.926	207.533	0.95371
3842	0.0035687	0.308941	112.043	104.738	-18.8174	-0.0257718	197.938	207.53	0.953778
3843	0.0035696	0.308937	112.039	104.741	-18.8038	-0.025772	197.95	207.528	0.953849
3844	0.0035705	0.308933	112.035	104.743	-18.7901	-0.0257722	197.962	207.525	0.95392
3845	0.00357139	0.308929	112.031	104.746	-18.7766	-0.0257725	197.974	207.522	0.95399
3846	0.00357229	0.308925	112.027	104.748	-18.7636	-0.0257727	197.986	207.52	0.954059
3847	0.00357319	0.308921	112.023	104.751	-18.7512	-0.0257731	197.997	207.517	0.954124
3848	0.00357409	0.308917	112.019	104.753	-18.7397	-0.0257734	198.007	207.514	0.954184
3849	0.00357498	0.308913	112.015	104.756	-18.7293	-0.0257738	198.016	207.511	0.95424
3850	0.00357588	0.308909	112.011	104.759	-18.72	-0.0257743	198.024	207.509	0.95429
3851	0.00357678	0.308905	112.007	104.761	-18.7122	-0.0257747	198.03	207.506	0.954333
3852	0.00357767	0.308901	112.002	104.764	-18.7057	-0.0257753	198.035	207.503	0.95437
3853	0.00357857	0.308897	111.998	104.767	-18.7008	-0.0257758	198.038	207.5	0.9544
3854	0.00357947	0.308893	111.994	104.769	-18.6973	-0.0257764	198.04	207.498	0.954422
3855	0.00358037	0.308888	111.99	104.772	-18.6954	-0.025777	198.041	207.495	0.954437
3856	0.00358126	0.308884	111.986	104.775	-18.6951	-0.0257775	198.039	207.492	0.954444
3857	0.00358216	0.30888	111.981	104.777	-18.6962	-0.0257781	198.037	207.489	0.954444
3858	0.00358306	0.308876	111.977	104.78	-18.6988	-0.0257786	198.033	207.486	0.954438
3859	0.00358395	0.308871	111.973	104.783	-18.7025	-0.0257792	198.027	207.483	0.954426
3860	0.00358485	0.308867	111.968	104.786	-18.7074	-0.0257797	198.021	207.48	0.954408
3861	0.00358575	0.308862	111.964	104.788	-18.7136	-0.0257801	198.013	207.477	0.954384
3862	0.00358665	0.308858	111.959	104.791	-18.7216	-0.0257805	198.003	207.474	0.954351
3863	0.00358754	0.308853	111.955	104.794	-18.7357	-0.0257808	197.988	207.471	0.95429
3864	0.00358844	0.308849	111.95	104.797	-18.7498	-0.0257809	197.972	207.468	0.954228
3865	0.00358934	0.308844	111.946	104.8	-18.7611	-0.025781	197.959	207.465	0.954179
3866	0.00359024	0.30884	111.941	104.803	-18.7699	-0.0257811	197.948	207.462	0.954143
3867	0.00359113	0.308835	111.937	104.806	-18.7765	-0.0257811	197.94	207.459	0.954117
3868	0.00359203	0.308831	111.932	104.809	-18.7813	-0.0257812	197.934	207.456	0.9541
3869	0.00359293	0.308826	111.927	104.812	-18.7845	-0.0257812	197.929	207.453	0.954091
3870	0.00359382	0.308821	111.923	104.815	-18.7861	-0.0257812	197.925	207.449	0.95409
3871	0.00359472	0.308816	111.918	104.818	-18.7864	-0.0257813	197.923	207.446	0.954095
3872	0.00359562	0.308812	111.913	104.821	-18.7853	-0.0257813	197.923	207.443	0.954107
3873	0.00359652	0.308807	111.908	104.824	-18.7828	-0.0257814	197.923	207.44	0.954125
3874	0.00359741	0.308802	111.903	104.827	-18.7792	-0.0257815	197.925	207.437	0.954149
3875	0.00359831	0.308797	111.898	104.83	-18.7745	-0.0257816	197.928	207.433	0.954178
3876	0.00359921	0.308792	111.893	104.833	-18.7634	-0.0257819	197.938	207.43	0.954239
3877	0.00360011	0.308787	111.889	104.836	-18.7501	-0.0257822	197.949	207.427	0.954309
3878	0.003601	0.308782	111.884	104.84	-18.7364	-0.0257825	197.961	207.423	0.954382
3879	0.0036019	0.308777	111.879	104.843	-18.7226	-0.0257828	197.973	207.42	0.954455
3880	0.0036028	0.308772	111.874	104.846	-18.7092	-0.0257832	197.985	207.416	0.954527
3881	0.0036037	0.308767	111.868	104.849	-18.6962	-0.0257835	197.996	207.413	0.954596
3882	0.00360459	0.308762	111.863	104.852	-18.6839	-0.0257839	198.006	207.41	0.954662
3883	0.00360549	0.308757	111.858	104.856	-18.6726	-0.0257843	198.016	207.406	0.954724
3884	0.00360639	0.308751	111.853	104.859	-18.6623	-0.0257848	198.024	207.403	0.95478
3885	0.00360728	0.308746	111.848	104.862	-18.6534	-0.0257853	198.031	207.399	0.95483
3886	0.00360818	0.308741	111.843	104.866	-18.6458	-0.0257859	198.037	207.396	0.954874
3887	0.00360908	0.308736	111.838	104.869	-18.6396	-0.0257865	198.041	207.392	0.954911
3888	0.00360998	0.308731	111.832	104.872	-18.6349	-0.0257871	198.044	207.389	0.95494
3889	0.00361087	0.308725	111.827	104.876	-18.6317	-0.0257877	198.045	207.385	0.954963
3890	0.00361177	0.30872	111.822	104.879	-18.6301	-0.0257884	198.045	207.381	0.954978
3891	0.00361267	0.308715	111.816	104.882	-18.6301	-0.025789	198.043	207.378	0.954985
3892	0.00361357	0.308709	111.811	104.886	-18.6316	-0.0257897	198.039	207.374	0.954985
3893	0.00361446	0.308704	111.806	104.889	-18.6344	-0.0257903	198.035	207.371	0.954979
3894	0.00361536	0.308698	111.8	104.892	-18.6385	-0.0257908	198.029	207.367	0.954966
3895	0.00361626	0.308693	111.795	104.896	-18.6438	-0.0257914	198.021	207.363	0.954948
3896	0.00361716	0.308688	111.79	104.899	-18.6507	-0.0257919	198.012	207.36	0.954922
3897	0.00361805	0.308682	111.784	104.903	-18.6608	-0.0257923	198	207.356	0.954881
3898	0.00361895	0.308677	111.779	104.906	-18.6764	-0.0257926	197.983	207.352	0.954813
3899	0.00361985	0.308671	111.773	104.91	-18.6892	-0.0257927	197.968	207.349	0.954759
3900	0.00362075	0.308666	111.768	104.913	-18.6993	-0.0257929	197.956	207.345	0.954717
3901	0.00362164	0.30866	111.763	104.916	-18.7071	-0.025793	197.946	207.341	0.954687
3902	0.00362254	0.308655	111.757	104.92	-18.7129	-0.0257931	197.938	207.338	0.954666
3903	0.00362344	0.308649	111.752	104.923	-18.7171	-0.0257932	197.932	207.334	0.954653
3904	0.00362434	0.308644	111.746	104.927	-18.7196	-0.0257933	197.928	207.33	0.954649
3905	0.00362523	0.308638	111.741	104.93	-18.7207	-0.0257934	197.925	207.327	0.954651
3906	0.00362613	0.308633	111.735	104.934	-18.7204	-0.0257935	197.923	207.323	0.95466
3907	0.00362703	0.308627	111.73	104.937	-18.7188	-0.0257937	197.923	207.319	0.954675
3908	0.00362793	0.308622	111.724	104.941	-18.7159	-0.0257938	197.923	207.316	0.954696
3909	0.00362882	0.308616	111.719	104.944	-18.7119	-0.025794	197.925	207.312	0.954723
3910	0.00362972	0.308611	111.714	104.948	-18.7054	-0.0257943	197.93	207.308	0.954762
3911	0.00363062	0.308605	111.708	104.951	-18.6932	-0.0257946	197.94	207.304	0.954828
3912	0.00363152	0.3086	111.703	104.954	-18.6798	-0.025795	197.952	207.301	0.9549
3913	0.00363241	0.308594	111.697	104.958	-18.666	-0.0257954	197.963	207.297	0.954974
3914	0.00363331	0.308589	111.692	104.961	-18.6524	-0.0257958	197.975	207.293	0.955047
3915	0.00363421	0.308583	111.686	104.965	-18.6391	-0.0257962	197.986	207.29	0.955118
3916	0.00363511	0.308578	111.681	104.968	-18.6264	-0.0257966	197.997	207.286	0.955187
3917	0.003636	0.308572	111.676	104.972	-18.6145	-0.0257971	198.007	207.282	0.955252
3918	0.0036369	0.308567	111.67	104.975	-18.6036	-0.0257976	198.016	207.279	0.955312
3919	0.0036378	0.308561	111.665	104.978	-18.5938	-0.0257982	198.024	207.275	0.955366
3920	0.0036387	0.308556	111.66	104.982	-18.5854	-0.0257988	198.03	207.271	0.955415
3921	0.00363959	0.308551	111.654	104.985	-18.5783	-0.0257994	198.035	207.268	0.955456
3922	0.00364049	0.308545	111.649	104.988	-18.5727	-0.0258	198.039	207.264	0.95549
3923	0.00364139	0.30854	111.644	104.992	-18.5686	-0.0258007	198.041	207.261	0.955517
3924	0.00364229	0.308535	111.639	104.995	-18.5661	-0.0258014	198.042	207.257	0.955537
3925	0.00364318	0.30853	111.634	104.998	-18.5651	-0.0258021	198.041	207.254	0.955548
3926	0.00364408	0.308524	111.628	105.001	-18.5657	-0.0258028	198.038	207.25	0.955552
3927	0.00364498	0.308519	111.623	105.005	-18.5678	-0.0258035	198.034	207.247	0.955549
3928	0.00364588	0.308514	111.618	105.008	-18.5712	-0.0258041	198.029	207.243	0.95554
3929	0.00364677	0.308509	111.613	105.011	-18.5761	-0.0258047	198.022	207.24	0.955523
3930	0.00364767	0.308504	111.608	105.014	-18.5824	-0.0258053	198.014	207.236	0.9555
3931	0.00364857	0.308499	111.603	105.017	-18.5914	-0.0258058	198.003	207.233	0.955463
3932	0.00364947	0.308494	111.598	105.02	-18.6077	-0.0258061	197.985	207.23	0.955391
3933	0.00365037	0.308489	111.593	105.024	-18.621	-0.0258064	197.97	207.226	0.955334
3934	0.00365126	0.308484	111.589	105.027	-18.6318	-0.0258066	197.958	207.223	0.955288
3935	0.00365216	0.308479	111.584	105.03	-18.6404	-0.0258068	197.947	207.22	0.955254
3936	0.00365306	0.308474	111.579	105.033	-18.6469	-0.0258069	197.939	207.216	0.955229
3937	0.00365396	0.308469	111.574	105.036	-18.6517	-0.0258071	197.932	207.213	0.955212
3938	0.00365485	0.308464	111.57	105.039	-18.655	-0.0258072	197.927	207.21	0.955202
3939	0.00365575	0.30846	111.565	105.042	-18.6569	-0.0258074	197.924	207.207	0.9552
3940	0.00365665	0.308455	111.56	105.044	-18.6573	-0.0258075	197.922	207.204	0.955204
3941	0.00365755	0.30845	111.556	105.047	-18.6565	-0.0258077	197.921	207.2	0.955214
3942	0.00365845	0.308446	111.551	105.05	-18.6544	-0.0258079	197.921	207.197	0.955231
3943	0.00365934	0.308441	111.547	105.053	-18.6511	-0.0258081	197.923	207.194	0.955253
3944	0.00366024	0.308437	111.542	105.056	-18.6467	-0.0258084	197.926	207.191	0.95528
3945	0.00366114	0.308432	111.538	105.059	-18.6371	-0.0258088	197.934	207.188	0.955332
3946	0.00366204	0.308428	111.534	105.061	-18.6244	-0.0258092	197.945	207.185	0.9554
3947	0.00366293	0.308423	111.529	105.064	-18.6111	-0.0258097	197.956	207.182	0.95547
3948	0.00366383	0.308419	111.525	105.067	-18.5978	-0.0258101	197.968	207.179	0.95554
3949	0.00366473	0.308415	111.521	105.069	-18.5847	-0.0258105	197.98	207.176	0.955609
3950	0.00366563	0.30841	111.517	105.072	-18.5722	-0.025811	197.991	207.174	0.955675
3951	0.00366653	0.308406	111.513	105.074	-18.5603	-0.0258115	198.001	207.171	0.955738
3952	0.00366742	0.308402	111.509	105.077	-18.5493	-0.025812	198.011	207.168	0.955797
3953	0.00366832	0.308398	111.505	105.08	-18.5394	-0.0258126	198.019	207.165	0.95585
3954	0.00366922	0.308394	111.501	105.082	-18.5307	-0.0258132	198.026	207.163	0.955898
3955	0.00367012	0.30839	111.497	105.084	-18.5234	-0.0258139	198.032	207.16	0.955938
3956	0.00367101	0.308386	111.493	105.087	-18.5175	-0.0258145	198.037	207.157	0.955972
3957	0.00367191	0.308383	111.49	105.089	-18.5132	-0.0258153	198.04	207.155	0.955998
3958	0.00367281	0.308379	111.486	105.091	-18.5103	-0.025816	198.041	207.152	0.956017
3959	0.00367371	0.308375	111.483	105.093	-18.509	-0.0258167	198.041	207.15	0.956028
3960	0.0036746	0.308372	111.479	105.096	-18.5092	-0.0258174	198.04	207.148	0.956032
3961	0.0036755	0.308368	111.476	105.098	-18.5111	-0.0258182	198.037	207.145	0.956028
3962	0.0036764	0.308365	111.472	105.1	-18.5143	-0.0258189	198.032	207.143	0.956017
3963	0.0036773	0.308361	111.469	105.102	-18.519	-0.0258195	198.026	207.141	0.955998
3964	0.0036782	0.308358	111.466	105.104	-18.5254	-0.0258201	198.019	207.138	0.955972
3965	0.00367909	0.308355	111.463	105.106	-18.5344	-0.0258207	198.008	207.136	0.955933
3966	0.00367999	0.308352	111.46	105.108	-18.551	-0.0258211	197.991	207.134	0.955858
3967	0.00368089	0.308349	111.457	105.11	-18.5647	-0.0258214	197.976	207.132	0.955795
3968	0.00368179	0.308346	111.454	105.112	-18.5761	-0.0258216	197.963	207.13	0.955745
3969	0.00368268	0.308343	111.451	105.113	-18.5852	-0.0258218	197.953	207.128	0.955705
3970	0.00368358	0.30834	111.448	105.115	-18.5922	-0.025822	197.945	207.126	0.955675
3971	0.00368448	0.308337	111.445	105.117	-18.5977	-0.0258222	197.939	207.124	0.955652
3972	0.00368538	0.308334	111.442	105.119	-18.6017	-0.0258224	197.934	207.122	0.955637
3973	0.00368628	0.308331	111.44	105.12	-18.6042	-0.0258225	197.93	207.12	0.955628
3974	0.00368717	0.308329	111.437	105.122	-18.6053	-0.0258227	197.928	207.119	0.955626
3975	0.00368807	0.308326	111.435	105.124	-18.6052	-0.0258229	197.927	207.117	0.955631
3976	0.00368897	0.308323	111.432	105.125	-18.6037	-0.0258231	197.928	207.115	0.955641
3977	0.00368987	0.308321	111.43	105.127	-18.6011	-0.0258233	197.929	207.114	0.955657
3978	0.00369077	0.308319	111.427	105.128	-18.5974	-0.0258236	197.932	207.112	0.955678
3979	0.00369166	0.308316	111.425	105.13	-18.5907	-0.0258239	197.938	207.11	0.955714
3980	0.00369256	0.308314	111.423	105.131	-18.5789	-0.0258244	197.949	207.109	0.955774
3981	0.00369346	0.308312	111.421	105.132	-18.5661	-0.0258249	197.961	207.107	0.955839
3982	0.00369436	0.308309	111.419	105.134	-18.5532	-0.0258253	197.973	207.106	0.955904
3983	0.00369526	0.308307	111.417	105.135	-18.5404	-0.0258258	197.985	207.104	0.955969
3984	0.00369615	0.308305	111.415	105.136	-18.5281	-0.0258263	197.997	207.103	0.956031
3985	0.00369705	0.308303	111.413	105.137	-18.5163	-0.0258268	198.008	207.102	0.95609
3986	0.00369795	0.308301	111.411	105.139	-18.5054	-0.0258273	198.018	207.1	0.956146
3987	0.00369885	0.308299	111.409	105.14	-18.4956	-0.0258279	198.027	207.099	0.956196
3988	0.00369974	0.308297	111.407	105.141	-18.4869	-0.0258285	198.035	207.098	0.956241
3989	0.00370064	0.308296	111.405	105.142	-18.4795	-0.0258292	198.042	207.097	0.956279
3990	0.00370154	0.308294	111.404	105.143	-18.4735	-0.0258298	198.047	207.095	0.95631
3991	0.00370244	0.308292	111.402	105.144	-18.469	-0.0258306	198.051	207.094	0.956334
3992	0.00370334	0.308291	111.401	105.145	-18.4659	-0.0258313	198.054	207.093	0.956351
3993	0.00370423	0.308289	111.399	105.146	-18.4644	-0.025832	198.055	207.092	0.95636
3994	0.00370513	0.308288	111.398	105.147	-18.4645	-0.0258328	198.054	207.091	0.956362
3995	0.00370603	0.308286	111.396	105.148	-18.4661	-0.0258335	198.052	207.09	0.956356
3996	0.00370693	0.308285	111.395	105.148	-18.4692	-0.0258342	198.048	207.089	0.956343
3997	0.00370783	0.308284	111.394	105.149	-18.4738	-0.0258349	198.043	207.088	0.956323
3998	0.00370872	0.308282	111.393	105.15	-18.48	-0.0258355	198.037	207.088	0.956294
3999	0.00370962	0.308281	111.391	105.151	-18.4886	-0.0258361	198.028	207.087	0.956254
4000	0.00371052	0.30828	111.39	105.151	-18.5056	-0.0258364	198.01	207.086	0.956174
4001	0.00371142	0.308279	111.389	105.152	-18.5198	-0.0258367	197.996	207.085	0.956107
4002	0.00371231	0.308278	111.388	105.153	-18.5316	-0.025837	197.983	207.085	0.956051
4003	0.00371321	0.308277	111.387	105.153	-18.5412	-0.0258372	197.974	207.084	0.956006
4004	0.00371411	0.308276	111.387	105.154	-18.5487	-0.0258374	197.966	207.083	0.955971
4005	0.00371501	0.308275	111.386	105.154	-18.5547	-0.0258376	197.959	207.083	0.955943
4006	0.00371591	0.308274	111.385	105.155	-18.5592	-0.0258377	197.955	207.082	0.955923
4007	0.00371681	0.308274	111.384	105.155	-18.5622	-0.0258379	197.951	207.082	0.955909
4008	0.0037177	0.308273	111.384	105.155	-18.5639	-0.0258381	197.949	207.081	0.955902
4009	0.0037186	0.308272	111.383	105.156	-18.5642	-0.0258382	197.949	207.081	0.955901
4010	0.0037195	0.308272	111.383	105.156	-18.5633	-0.0258384	197.949	207.08	0.955906
4011	0.0037204	0.308271	111.382	105.156	-18.5612	-0.0258386	197.951	207.08	0.955917
4012	0.0037213	0.308271	111.382	105.157	-18.558	-0.0258389	197.954	207.08	0.955933
4013	0.00372219	0.30827	111.381	105.157	-18.5538	-0.0258392	197.959	207.08	0.955954
4014	0.00372309	0.30827	111.381	105.157	-18.5436	-0.0258396	197.969	207.079	0.956004
4015	0.00372399	0.30827	111.381	105.157	-18.5312	-0.0258401	197.981	207.079	0.956064
4016	0.00372489	0.308269	111.38	105.157	-18.5185	-0.0258405	197.993	207.079	0.956126
4017	0.00372579	0.308269	111.38	105.158	-18.5059	-0.025841	198.006	207.079	0.956187
4018	0.00372668	0.308269	111.38	105.158	-18.4937	-0.0258414	198.018	207.078	0.956247
4019	0.00372758	0.308268	111.379	105.158	-18.482	-0.0258419	198.03	207.078	0.956303
4020	0.00372848	0.308268	111.379	105.158	-18.4711	-0.0258424	198.04	207.078	0.956356
4021	0.00372938	0.308268	111.379	105.158	-18.4612	-0.025843	198.05	207.078	0.956405
4022	0.00373027	0.308268	111.379	105.159	-18.4524	-0.0258436	198.059	207.078	0.956448
4023	0.00373117	0.308267	111.378	105.159	-18.4449	-0.0258442	198.066	207.077	0.956484
4024	0.00373207	0.308267	111.378	105.159	-18.4387	-0.0258448	198.072	207.077	0.956514
4025	0.00373297	0.308267	111.378	105.159	-18.4341	-0.0258455	198.077	207.077	0.956537
4026	0.00373387	0.308266	111.377	105.159	-18.4309	-0.0258462	198.08	207.077	0.956553
4027	0.00373476	0.308266	111.377	105.159	-18.4291	-0.0258469	198.082	207.077	0.956562
4028	0.00373566	0.308266	111.377	105.16	-18.429	-0.0258477	198.082	207.077	0.956563
4029	0.00373656	0.308266	111.377	105.16	-18.4304	-0.0258484	198.08	207.076	0.956556
4030	0.00373746	0.308265	111.376	105.16	-18.4334	-0.0258491	198.077	207.076	0.956542
4031	0.00373836	0.308265	111.376	105.16	-18.4378	-0.0258497	198.073	207.076	0.956521
4032	0.00373925	0.308265	111.376	105.16	-18.4437	-0.0258504	198.067	207.076	0.956493
4033	0.00374015	0.308265	111.376	105.16	-18.4515	-0.025851	198.059	207.076	0.956456
4034	0.00374105	0.308264	111.375	105.161	-18.4641	-0.0258514	198.046	207.075	0.956395
4035	0.00374195	0.308264	111.375	105.161	-18.4803	-0.0258517	198.03	207.075	0.956318
4036	0.00374285	0.308264	111.375	105.161	-18.4938	-0.025852	198.016	207.075	0.956253
4037	0.00374375	0.308264	111.375	105.161	-18.505	-0.0258522	198.005	207.075	0.956199
4038	0.00374464	0.308263	111.374	105.161	-18.514	-0.0258524	197.996	207.075	0.956155
4039	0.00374554	0.308263	111.374	105.161	-18.5213	-0.0258525	197.988	207.075	0.956121
4040	0.00374644	0.308263	111.374	105.161	-18.5269	-0.0258527	197.983	207.075	0.956094
4041	0.00374734	0.308263	111.374	105.161	-18.5311	-0.0258528	197.978	207.074	0.956074
4042	0.00374824	0.308263	111.374	105.162	-18.5338	-0.025853	197.976	207.074	0.956061
4043	0.00374913	0.308263	111.374	105.162	-18.5353	-0.0258531	197.974	207.074	0.956054
4044	0.00375003	0.308263	111.374	105.162	-18.5354	-0.0258533	197.974	207.074	0.956053
4045	0.00375093	0.308263	111.374	105.162	-18.5343	-0.0258534	197.975	207.074	0.956059
4046	0.00375183	0.308263	111.374	105.162	-18.5321	-0.0258536	197.977	207.074	0.95607
4047	0.00375273	0.308263	111.374	105.161	-18.5287	-0.0258539	197.981	207.074	0.956085
4048	0.00375363	0.308263	111.374	105.161	-18.5215	-0.0258542	197.988	207.074	0.95612
4049	0.00375452	0.308263	111.374	105.161	-18.5101	-0.0258547	197.999	207.074	0.956175
4050	0.00375542	0.308263	111.374	105.161	-18.4979	-0.0258551	198.012	207.075	0.956234
4051	0.00375632	0.308263	111.374	105.161	-18.4858	-0.0258555	198.024	207.075	0.956292
4052	0.00375722	0.308263	111.375	105.161	-18.474	-0.0258559	198.036	207.075	0.956349
4053	0.00375812	0.308264	111.375	105.161	-18.4626	-0.0258564	198.047	207.075	0.956404
4054	0.00375901	0.308264	111.375	105.16	-18.4518	-0.0258568	198.058	207.075	0.956455
4055	0.00375991	0.308264	111.376	105.16	-18.442	-0.0258573	198.068	207.076	0.956502
4056	0.00376081	0.308265	111.376	105.16	-18.4333	-0.0258579	198.077	207.076	0.956543
4057	0.00376171	0.308265	111.377	105.16	-18.4257	-0.0258585	198.085	207.076	0.956579
4058	0.00376261	0.308266	111.377	105.159	-18.4196	-0.0258591	198.091	207.076	0.956608
4059	0.0037635	0.308266	111.378	105.159	-18.4148	-0.0258598	198.096	207.077	0.956631
4060	0.0037644	0.308267	111.378	105.159	-18.4115	-0.0258604	198.1	207.077	0.956646
4061	0.0037653	0.308268	111.379	105.158	-18.4097	-0.0258611	198.102	207.078	0.956654
4062	0.0037662	0.308268	111.38	105.158	-18.4094	-0.0258618	198.102	207.078	0.956654
4063	0.0037671	0.308269	111.38	105.157	-18.4107	-0.0258625	198.101	207.079	0.956647
4064	0.003768	0.30827	111.381	105.157	-18.4135	-0.0258632	198.098	207.079	0.956632
4065	0.00376889	0.308271	111.382	105.156	-18.4179	-0.0258639	198.094	207.08	0.95661
4066	0.00376979	0.308271	111.383	105.156	-18.4237	-0.0258645	198.089	207.08	0.956581
4067	0.00377069	0.308272	111.384	105.155	-18.4313	-0.0258651	198.082	207.081	0.956543
4068	0.00377159	0.308273	111.385	105.154	-18.4418	-0.0258656	198.071	207.081	0.956491
4069	0.00377249	0.308274	111.386	105.154	-18.4593	-0.0258659	198.054	207.082	0.956405
4070	0.00377338	0.308275	111.387	105.153	-18.4741	-0.0258662	198.04	207.083	0.956332
4071	0.00377428	0.308276	111.388	105.152	-18.4865	-0.0258664	198.028	207.083	0.956271
4072	0.00377518	0.308277	111.389	105.152	-18.4968	-0.0258665	198.018	207.084	0.95622
4073	0.00377608	0.308279	111.39	105.151	-18.505	-0.0258667	198.01	207.085	0.956178
4074	0.00377698	0.30828	111.391	105.15	-18.5117	-0.0258668	198.004	207.086	0.956144
4075	0.00377788	0.308281	111.392	105.149	-18.5169	-0.025867	197.999	207.087	0.956117
4076	0.00377877	0.308282	111.394	105.149	-18.5207	-0.0258671	197.996	207.087	0.956098
4077	0.00377967	0.308284	111.395	105.148	-18.5231	-0.0258672	197.994	207.088	0.956084
4078	0.00378057	0.308285	111.396	105.147	-18.5242	-0.0258673	197.993	207.089	0.956077
4079	0.00378147	0.308286	111.398	105.146	-18.5241	-0.0258675	197.994	207.09	0.956076
4080	0.00378237	0.308288	111.399	105.145	-18.5228	-0.0258677	197.996	207.091	0.95608
4081	0.00378327	0.308289	111.401	105.144	-18.5204	-0.0258679	197.999	207.092	0.956089
4082	0.00378416	0.308291	111.402	105.143	-18.517	-0.0258681	198.003	207.093	0.956104
4083	0.00378506	0.308292	111.404	105.142	-18.5077	-0.0258686	198.012	207.094	0.956146
4084	0.00378596	0.308294	111.405	105.141	-18.4963	-0.025869	198.024	207.095	0.9562
4085	0.00378686	0.308295	111.407	105.14	-18.4846	-0.0258694	198.037	207.096	0.956254
4086	0.00378776	0.308297	111.408	105.139	-18.4731	-0.0258698	198.049	207.097	0.956307
4087	0.00378866	0.308299	111.41	105.138	-18.462	-0.0258702	198.06	207.099	0.956359
4088	0.00378955	0.3083	111.412	105.137	-18.4514	-0.0258707	198.072	207.1	0.956407
4089	0.00379045	0.308302	111.414	105.136	-18.4417	-0.0258712	198.082	207.101	0.956452
4090	0.00379135	0.308304	111.415	105.135	-18.4329	-0.0258717	198.091	207.102	0.956492
4091	0.00379225	0.308306	111.417	105.134	-18.4253	-0.0258722	198.1	207.103	0.956526
4092	0.00379315	0.308308	111.419	105.132	-18.419	-0.0258728	198.107	207.105	0.956554
4093	0.00379405	0.30831	111.421	105.131	-18.414	-0.0258735	198.112	207.106	0.956575
4094	0.00379494	0.308312	111.423	105.13	-18.4105	-0.0258741	198.117	207.107	0.956589
4095	0.00379584	0.308314	111.425	105.129	-18.4085	-0.0258748	198.119	207.109	0.956596
4096	0.00379674	0.308316	111.427	105.127	-18.4079	-0.0258755	198.121	207.11	0.956596
4097	0.00379764	0.308318	111.429	105.126	-18.409	-0.0258762	198.12	207.111	0.956588
4098	0.00379854	0.30832	111.431	105.125	-18.4116	-0.0258769	198.119	207.113	0.956573
4099	0.00379944	0.308322	111.433	105.123	-18.4156	-0.0258776	198.115	207.114	0.95655
4100	0.00380033	0.308324	111.436	105.122	-18.4212	-0.0258782	198.11	207.116	0.956521
4101	0.00380123	0.308326	111.438	105.121	-18.4283	-0.0258788	198.104	207.117	0.956483
4102	0.00380213	0.308329	111.44	105.119	-18.4375	-0.0258794	198.096	207.119	0.956436
4103	0.00380303	0.308331	111.442	105.118	-18.4525	-0.0258798	198.082	207.12	0.95636
4104	0.00380393	0.308333	111.444	105.116	-18.4693	-0.0258801	198.066	207.122	0.956276
4105	0.00380483	0.308335	111.446	105.115	-18.4835	-0.0258803	198.052	207.123	0.956205
4106	0.00380573	0.308338	111.449	105.114	-18.4954	-0.0258805	198.041	207.125	0.956144
4107	0.00380662	0.30834	111.451	105.112	-18.5052	-0.0258806	198.032	207.126	0.956093
4108	0.00380752	0.308342	111.453	105.111	-18.5133	-0.0258808	198.025	207.128	0.956051
4109	0.00380842	0.308345	111.456	105.109	-18.5198	-0.0258809	198.019	207.129	0.956017
4110	0.00380932	0.308347	111.458	105.108	-18.5249	-0.025881	198.015	207.131	0.955989
4111	0.00381022	0.308349	111.46	105.106	-18.5285	-0.0258812	198.012	207.133	0.955968
4112	0.00381112	0.308352	111.463	105.105	-18.5308	-0.0258813	198.011	207.134	0.955954
4113	0.00381202	0.308354	111.465	105.103	-18.5318	-0.0258814	198.011	207.136	0.955946
4114	0.00381291	0.308357	111.468	105.102	-18.5316	-0.0258816	198.012	207.138	0.955943
4115	0.00381381	0.308359	111.47	105.1	-18.5302	-0.0258818	198.014	207.139	0.955947
4116	0.00381471	0.308362	111.473	105.098	-18.5278	-0.025882	198.017	207.141	0.955955
4117	0.00381561	0.308364	111.475	105.097	-18.5221	-0.0258823	198.024	207.143	0.955979
4118	0.00381651	0.308367	111.478	105.095	-18.5118	-0.0258828	198.035	207.144	0.956025
4119	0.00381741	0.308369	111.48	105.094	-18.5007	-0.0258832	198.047	207.146	0.956076
4120	0.00381831	0.308372	111.483	105.092	-18.4895	-0.0258836	198.059	207.148	0.956126
4121	0.0038192	0.308375	111.485	105.09	-18.4787	-0.025884	198.071	207.15	0.956175
4122	0.0038201	0.308377	111.488	105.089	-18.4683	-0.0258844	198.083	207.151	0.956221
4123	0.003821	0.30838	111.491	105.087	-18.4586	-0.0258849	198.093	207.153	0.956265
4124	0.0038219	0.308383	111.493	105.085	-18.4497	-0.0258854	198.103	207.155	0.956304
4125	0.0038228	0.308385	111.496	105.084	-18.4419	-0.0258859	198.112	207.157	0.956338
4126	0.0038237	0.308388	111.498	105.082	-18.4353	-0.0258865	198.119	207.158	0.956366
4127	0.00382459	0.308391	111.501	105.08	-18.43	-0.0258871	198.126	207.16	0.956388
4128	0.00382549	0.308393	111.504	105.079	-18.4262	-0.0258878	198.13	207.162	0.956403
4129	0.00382639	0.308396	111.507	105.077	-18.4237	-0.0258885	198.134	207.164	0.956411
4130	0.00382729	0.308399	111.509	105.075	-18.4228	-0.0258891	198.136	207.166	0.956412
4131	0.00382819	0.308402	111.512	105.073	-18.4233	-0.0258898	198.136	207.168	0.956405
4132	0.00382909	0.308404	111.515	105.072	-18.4254	-0.0258905	198.135	207.169	0.956391
4133	0.00382999	0.308407	111.517	105.07	-18.4291	-0.0258912	198.132	207.171	0.95637
4134	0.00383088	0.30841	111.52	105.068	-18.4343	-0.0258919	198.128	207.173	0.956341
4135	0.00383178	0.308413	111.523	105.067	-18.441	-0.0258925	198.123	207.175	0.956305
4136	0.00383268	0.308415	111.526	105.065	-18.4497	-0.0258931	198.115	207.177	0.956259
4137	0.00383358	0.308418	111.528	105.063	-18.4626	-0.0258936	198.103	207.179	0.956193
4138	0.00383448	0.308421	111.531	105.061	-18.4802	-0.0258938	198.086	207.181	0.956104
4139	0.00383538	0.308424	111.534	105.059	-18.4952	-0.0258941	198.072	207.183	0.956028
4140	0.00383628	0.308427	111.537	105.058	-18.5079	-0.0258943	198.061	207.185	0.955963
4141	0.00383717	0.308429	111.54	105.056	-18.5185	-0.0258944	198.051	207.186	0.955908
4142	0.00383807	0.308432	111.542	105.054	-18.5272	-0.0258946	198.043	207.188	0.955862
4143	0.00383897	0.308435	111.545	105.052	-18.5344	-0.0258947	198.037	207.19	0.955824
4144	0.00383987	0.308438	111.548	105.051	-18.5401	-0.0258948	198.033	207.192	0.955793
4145	0.00384077	0.308441	111.551	105.049	-18.5443	-0.025895	198.029	207.194	0.955768
4146	0.00384167	0.308444	111.553	105.047	-18.5472	-0.0258951	198.027	207.196	0.95575
4147	0.00384257	0.308446	111.556	105.045	-18.5489	-0.0258952	198.027	207.198	0.955738
4148	0.00384346	0.308449	111.559	105.044	-18.5493	-0.0258954	198.027	207.2	0.955733
4149	0.00384436	0.308452	111.562	105.042	-18.5486	-0.0258956	198.029	207.202	0.955732
4150	0.00384526	0.308455	111.565	105.04	-18.5467	-0.0258958	198.032	207.203	0.955738
4151	0.00384616	0.308458	111.567	105.038	-18.5439	-0.0258961	198.036	207.205	0.955748
4152	0.00384706	0.30846	111.57	105.037	-18.5357	-0.0258965	198.045	207.207	0.955783
4153	0.00384796	0.308463	111.573	105.035	-18.5249	-0.025897	198.057	207.209	0.955831
4154	0.00384886	0.308466	111.576	105.033	-18.5139	-0.0258974	198.069	207.211	0.955881
4155	0.00384976	0.308469	111.578	105.031	-18.503	-0.0258978	198.081	207.213	0.95593
4156	0.00385065	0.308471	111.581	105.03	-18.4925	-0.0258983	198.092	207.215	0.955977
4157	0.00385155	0.308474	111.584	105.028	-18.4826	-0.0258987	198.103	207.216	0.956021
4158	0.00385245	0.308477	111.586	105.026	-18.4734	-0.0258992	198.113	207.218	0.956062
4159	0.00385335	0.30848	111.589	105.025	-18.4651	-0.0258998	198.123	207.22	0.956098
4160	0.00385425	0.308482	111.592	105.023	-18.458	-0.0259003	198.131	207.222	0.956129
4161	0.00385515	0.308485	111.594	105.021	-18.4521	-0.025901	198.138	207.224	0.956153
4162	0.00385605	0.308488	111.597	105.02	-18.4476	-0.0259016	198.143	207.225	0.956172
4163	0.00385694	0.30849	111.6	105.018	-18.4444	-0.0259023	198.147	207.227	0.956183
4164	0.00385784	0.308493	111.602	105.016	-18.4427	-0.025903	198.15	207.229	0.956188
4165	0.00385874	0.308495	111.605	105.015	-18.4425	-0.0259037	198.151	207.231	0.956186
4166	0.00385964	0.308498	111.607	105.013	-18.4438	-0.0259044	198.151	207.232	0.956176
4167	0.00386054	0.3085	111.61	105.012	-18.4466	-0.0259051	198.149	207.234	0.956159
4168	0.00386144	0.308503	111.612	105.01	-18.451	-0.0259058	198.145	207.236	0.956134
4169	0.00386234	0.308505	111.615	105.008	-18.4569	-0.0259065	198.14	207.237	0.956102
4170	0.00386323	0.308508	111.617	105.007	-18.4647	-0.0259071	198.133	207.239	0.956062
4171	0.00386413	0.30851	111.619	105.006	-18.4756	-0.0259077	198.123	207.241	0.956006
4172	0.00386503	0.308513	111.622	105.004	-18.4936	-0.025908	198.106	207.242	0.955916
4173	0.00386593	0.308515	111.624	105.003	-18.509	-0.0259083	198.092	207.244	0.955838
4174	0.00386683	0.308517	111.626	105.001	-18.5221	-0.0259085	198.079	207.245	0.955772
4175	0.00386773	0.308519	111.628	105	-18.5331	-0.0259087	198.069	207.247	0.955716
4176	0.00386863	0.308522	111.63	104.998	-18.5421	-0.0259089	198.061	207.248	0.955669
4177	0.00386952	0.308524	111.633	104.997	-18.5496	-0.0259091	198.054	207.25	0.95563
4178	0.00387042	0.308526	111.635	104.996	-18.5556	-0.0259093	198.049	207.251	0.955598
4179	0.00387132	0.308528	111.637	104.994	-18.5603	-0.0259095	198.045	207.253	0.955573
4180	0.00387222	0.30853	111.639	104.993	-18.5635	-0.0259096	198.043	207.254	0.955555
4181	0.00387312	0.308532	111.641	104.992	-18.5655	-0.0259098	198.041	207.255	0.955542
4182	0.00387402	0.308534	111.643	104.991	-18.5663	-0.02591	198.041	207.257	0.955536
4183	0.00387492	0.308536	111.644	104.99	-18.5659	-0.0259102	198.042	207.258	0.955535
4184	0.00387582	0.308538	111.646	104.988	-18.5643	-0.0259105	198.045	207.259	0.95554
4185	0.00387671	0.30854	111.648	104.987	-18.5618	-0.0259108	198.048	207.26	0.95555
4186	0.00387761	0.308541	111.65	104.986	-18.556	-0.0259112	198.054	207.262	0.955576
4187	0.00387851	0.308543	111.651	104.985	-18.5456	-0.0259118	198.065	207.263	0.955624
4188	0.00387941	0.308545	111.653	104.984	-18.5345	-0.0259122	198.077	207.264	0.955675
4189	0.00388031	0.308546	111.655	104.983	-18.5235	-0.0259127	198.088	207.265	0.955726
4190	0.00388121	0.308548	111.656	104.982	-18.5128	-0.0259132	198.1	207.266	0.955775
4191	0.00388211	0.308549	111.658	104.981	-18.5026	-0.0259137	198.11	207.267	0.955823
4192	0.003883	0.308551	111.659	104.98	-18.493	-0.0259142	198.121	207.268	0.955867
4193	0.0038839	0.308552	111.66	104.98	-18.4843	-0.0259147	198.13	207.269	0.955907
4194	0.0038848	0.308554	111.662	104.979	-18.4767	-0.0259153	198.138	207.27	0.955942
4195	0.0038857	0.308555	111.663	104.978	-18.4702	-0.0259159	198.145	207.271	0.955972
4196	0.0038866	0.308556	111.664	104.977	-18.4651	-0.0259165	198.15	207.271	0.955995
4197	0.0038875	0.308557	111.665	104.977	-18.4613	-0.0259172	198.155	207.272	0.956012
4198	0.0038884	0.308558	111.666	104.976	-18.4589	-0.0259179	198.157	207.273	0.956022
4199	0.0038893	0.308559	111.667	104.975	-18.4579	-0.0259186	198.159	207.274	0.956025
4200	0.00389019	0.30856	111.668	104.975	-18.4585	-0.0259193	198.159	207.274	0.956021
4201	0.00389109	0.308561	111.669	104.974	-18.4606	-0.02592	198.157	207.275	0.956009
4202	0.00389199	0.308562	111.67	104.973	-18.4643	-0.0259207	198.153	207.276	0.95599
4203	0.00389289	0.308563	111.671	104.973	-18.4695	-0.0259214	198.149	207.276	0.955963
4204	0.00389379	0.308564	111.672	104.972	-18.4766	-0.025922	198.142	207.277	0.955928
4205	0.00389469	0.308565	111.673	104.972	-18.4864	-0.0259225	198.132	207.277	0.95588
4206	0.00389559	0.308566	111.673	104.971	-18.5043	-0.0259229	198.115	207.278	0.955792
4207	0.00389648	0.308566	111.674	104.971	-18.5197	-0.0259231	198.1	207.278	0.955717
4208	0.00389738	0.308567	111.675	104.971	-18.5327	-0.0259233	198.087	207.279	0.955653
4209	0.00389828	0.308568	111.675	104.97	-18.5438	-0.0259235	198.076	207.279	0.955599
4210	0.00389918	0.308568	111.676	104.97	-18.5528	-0.0259237	198.067	207.28	0.955555
4211	0.00390008	0.308569	111.677	104.97	-18.5604	-0.0259238	198.06	207.28	0.955518
4212	0.00390098	0.308569	111.677	104.969	-18.5665	-0.0259239	198.054	207.28	0.955487
4213	0.00390188	0.30857	111.677	104.969	-18.5712	-0.0259241	198.049	207.281	0.955464
4214	0.00390278	0.30857	111.678	104.969	-18.5746	-0.0259242	198.046	207.281	0.955447
4215	0.00390367	0.308571	111.678	104.968	-18.5768	-0.0259243	198.044	207.281	0.955436
4216	0.00390457	0.308571	111.679	104.968	-18.5777	-0.0259244	198.043	207.282	0.955431
4217	0.00390547	0.308572	111.679	104.968	-18.5774	-0.0259246	198.044	207.282	0.955432
4218	0.00390637	0.308572	111.679	104.968	-18.576	-0.0259247	198.045	207.282	0.955438
4219	0.00390727	0.308572	111.68	104.968	-18.5736	-0.025925	198.048	207.282	0.955449
4220	0.00390817	0.308572	111.68	104.968	-18.57	-0.0259253	198.051	207.282	0.955467
4221	0.00390907	0.308573	111.68	104.967	-18.5605	-0.0259257	198.061	207.283	0.955512
4222	0.00390997	0.308573	111.68	104.967	-18.5494	-0.0259261	198.072	207.283	0.955566
4223	0.00391086	0.308573	111.68	104.967	-18.5382	-0.0259266	198.083	207.283	0.955619
4224	0.00391176	0.308573	111.68	104.967	-18.5272	-0.025927	198.094	207.283	0.955672
4225	0.00391266	0.308573	111.68	104.967	-18.5167	-0.0259274	198.105	207.283	0.955723
4226	0.00391356	0.308573	111.68	104.967	-18.5068	-0.0259278	198.115	207.283	0.955771
4227	0.00391446	0.308573	111.68	104.967	-18.4976	-0.0259283	198.124	207.283	0.955815
4228	0.00391536	0.308573	111.68	104.967	-18.4895	-0.0259288	198.132	207.283	0.955854
4229	0.00391626	0.308573	111.68	104.967	-18.4825	-0.0259293	198.139	207.283	0.955888
4230	0.00391715	0.308573	111.68	104.967	-18.4767	-0.0259299	198.145	207.283	0.955916
4231	0.00391805	0.308573	111.68	104.967	-18.4723	-0.0259305	198.149	207.283	0.955937
4232	0.00391895	0.308573	111.68	104.967	-18.4693	-0.0259311	198.152	207.283	0.955952
4233	0.00391985	0.308573	111.68	104.968	-18.4677	-0.0259318	198.154	207.283	0.95596
4234	0.00392075	0.308573	111.68	104.968	-18.4675	-0.0259324	198.154	207.283	0.955961
4235	0.00392165	0.308572	111.68	104.968	-18.4689	-0.0259331	198.152	207.282	0.955954
4236	0.00392255	0.308572	111.679	104.968	-18.4719	-0.0259337	198.149	207.282	0.95594
4237	0.00392345	0.308572	111.679	104.968	-18.4764	-0.0259344	198.145	207.282	0.955919
4238	0.00392434	0.308572	111.679	104.968	-18.4825	-0.025935	198.139	207.282	0.95589
4239	0.00392524	0.308571	111.679	104.968	-18.4908	-0.0259356	198.13	207.282	0.95585
4240	0.00392614	0.308571	111.678	104.969	-18.5048	-0.025936	198.116	207.282	0.955783
4241	0.00392704	0.308571	111.678	104.969	-18.5213	-0.0259363	198.1	207.281	0.955703
4242	0.00392794	0.308571	111.678	104.969	-18.5354	-0.0259365	198.085	207.281	0.955636
4243	0.00392884	0.30857	111.677	104.969	-18.5473	-0.0259367	198.073	207.281	0.955579
4244	0.00392974	0.30857	111.677	104.969	-18.5572	-0.0259369	198.063	207.281	0.955532
4245	0.00393063	0.30857	111.677	104.97	-18.5653	-0.0259371	198.055	207.281	0.955493
4246	0.00393153	0.308569	111.676	104.97	-18.5719	-0.0259373	198.048	207.28	0.955461
4247	0.00393243	0.308569	111.676	104.97	-18.5772	-0.0259374	198.043	207.28	0.955437
4248	0.00393333	0.308569	111.676	104.97	-18.581	-0.0259376	198.039	207.28	0.955419
4249	0.00393423	0.308568	111.675	104.97	-18.5836	-0.0259378	198.036	207.28	0.955407
4250	0.00393513	0.308568	111.675	104.971	-18.5849	-0.025938	198.035	207.279	0.955401
4251	0.00393603	0.308568	111.675	104.971	-18.5851	-0.0259382	198.035	207.279	0.9554
4252	0.00393693	0.308567	111.674	104.971	-18.584	-0.0259384	198.036	207.279	0.955406
4253	0.00393783	0.308567	111.674	104.971	-18.5819	-0.0259387	198.038	207.279	0.955416
4254	0.00393872	0.308567	111.674	104.971	-18.5788	-0.025939	198.04	207.279	0.955432
4255	0.00393962	0.308566	111.673	104.972	-18.5706	-0.0259395	198.049	207.278	0.955472
4256	0.00394052	0.308566	111.673	104.972	-18.5596	-0.0259401	198.059	207.278	0.955526
4257	0.00394142	0.308566	111.673	104.972	-18.5483	-0.0259405	198.071	207.278	0.955581
4258	0.00394232	0.308565	111.672	104.972	-18.5371	-0.025941	198.082	207.278	0.955635
4259	0.00394322	0.308565	111.672	104.973	-18.5263	-0.0259415	198.092	207.277	0.955688
4260	0.00394412	0.308564	111.671	104.973	-18.516	-0.025942	198.103	207.277	0.955738
4261	0.00394501	0.308564	111.671	104.973	-18.5064	-0.0259425	198.112	207.277	0.955785
4262	0.00394591	0.308563	111.67	104.974	-18.4977	-0.0259431	198.12	207.276	0.955827
4263	0.00394681	0.308563	111.67	104.974	-18.4902	-0.0259437	198.128	207.276	0.955865
4264	0.00394771	0.308562	111.669	104.974	-18.4838	-0.0259443	198.134	207.276	0.955896
4265	0.00394861	0.308562	111.669	104.975	-18.4787	-0.025945	198.139	207.275	0.955921
4266	0.00394951	0.308561	111.668	104.975	-18.4751	-0.0259457	198.142	207.275	0.95594
4267	0.00395041	0.308561	111.668	104.975	-18.4728	-0.0259464	198.144	207.275	0.955951
4268	0.00395131	0.30856	111.667	104.976	-18.472	-0.0259471	198.145	207.274	0.955956
4269	0.0039522	0.308559	111.666	104.976	-18.4727	-0.0259478	198.144	207.274	0.955953
4270	0.0039531	0.308559	111.666	104.977	-18.475	-0.0259485	198.141	207.273	0.955943
4271	0.003954	0.308558	111.665	104.977	-18.4788	-0.0259491	198.137	207.273	0.955926
4272	0.0039549	0.308557	111.664	104.978	-18.4842	-0.0259498	198.132	207.272	0.955901
4273	0.0039558	0.308556	111.663	104.978	-18.4914	-0.0259504	198.124	207.272	0.955868
4274	0.0039567	0.308555	111.662	104.979	-18.5018	-0.0259509	198.113	207.271	0.955819
4275	0.0039576	0.308554	111.661	104.979	-18.5192	-0.0259512	198.096	207.27	0.955736
4276	0.00395849	0.308554	111.66	104.98	-18.5341	-0.0259515	198.08	207.27	0.955665
4277	0.00395939	0.308553	111.659	104.981	-18.5466	-0.0259516	198.068	207.269	0.955606
4278	0.00396029	0.308551	111.658	104.981	-18.5571	-0.0259518	198.057	207.268	0.955557
4279	0.00396119	0.30855	111.657	104.982	-18.5656	-0.025952	198.048	207.268	0.955517
4280	0.00396209	0.308549	111.656	104.983	-18.5727	-0.0259521	198.04	207.267	0.955485
4281	0.00396299	0.308548	111.655	104.984	-18.5783	-0.0259522	198.034	207.266	0.955459
4282	0.00396389	0.308547	111.654	104.984	-18.5824	-0.0259523	198.03	207.265	0.955441
4283	0.00396479	0.308546	111.652	104.985	-18.5853	-0.0259525	198.026	207.264	0.955429
4284	0.00396569	0.308544	111.651	104.986	-18.5869	-0.0259526	198.024	207.264	0.955423
4285	0.00396658	0.308543	111.65	104.987	-18.5873	-0.0259527	198.023	207.263	0.955423
4286	0.00396748	0.308542	111.648	104.988	-18.5865	-0.0259529	198.024	207.262	0.955428
4287	0.00396838	0.30854	111.647	104.989	-18.5846	-0.0259531	198.025	207.261	0.955439
4288	0.00396928	0.308539	111.645	104.99	-18.5817	-0.0259533	198.028	207.26	0.955455
4289	0.00397018	0.308537	111.644	104.991	-18.5741	-0.0259537	198.035	207.259	0.955494
4290	0.00397108	0.308536	111.642	104.992	-18.563	-0.0259541	198.045	207.258	0.955549
4291	0.00397198	0.308534	111.641	104.993	-18.5516	-0.0259545	198.056	207.257	0.955607
4292	0.00397288	0.308533	111.639	104.994	-18.5402	-0.0259549	198.067	207.256	0.955664
4293	0.00397377	0.308531	111.638	104.995	-18.529	-0.0259553	198.077	207.255	0.95572
4294	0.00397467	0.308529	111.636	104.996	-18.5184	-0.0259557	198.087	207.253	0.955774
4295	0.00397557	0.308528	111.634	104.997	-18.5084	-0.0259562	198.097	207.252	0.955824
4296	0.00397647	0.308526	111.632	104.998	-18.4993	-0.0259566	198.105	207.251	0.95587
4297	0.00397737	0.308524	111.631	104.999	-18.4912	-0.0259572	198.113	207.25	0.955912
4298	0.00397827	0.308522	111.629	105	-18.4844	-0.0259577	198.119	207.249	0.955947
4299	0.00397917	0.30852	111.627	105.002	-18.4788	-0.0259583	198.124	207.247	0.955977
4300	0.00398006	0.308518	111.625	105.003	-18.4746	-0.0259589	198.127	207.246	0.955999
4301	0.00398096	0.308517	111.623	105.004	-18.4719	-0.0259595	198.129	207.245	0.956015
4302	0.00398186	0.308515	111.621	105.005	-18.4706	-0.0259601	198.13	207.244	0.956024
4303	0.00398276	0.308513	111.619	105.007	-18.4708	-0.0259608	198.129	207.242	0.956026
4304	0.00398366	0.308511	111.617	105.008	-18.4726	-0.0259614	198.126	207.241	0.95602
4305	0.00398456	0.308508	111.615	105.009	-18.4759	-0.025962	198.122	207.239	0.956007
4306	0.00398546	0.308506	111.613	105.011	-18.4807	-0.0259626	198.117	207.238	0.955986
4307	0.00398635	0.308504	111.611	105.012	-18.4871	-0.0259632	198.11	207.237	0.955958
4308	0.00398725	0.308502	111.609	105.013	-18.4959	-0.0259637	198.1	207.235	0.955919
4309	0.00398815	0.3085	111.606	105.015	-18.5128	-0.025964	198.082	207.234	0.95584
4310	0.00398905	0.308498	111.604	105.016	-18.5282	-0.0259642	198.066	207.232	0.955769
4311	0.00398995	0.308495	111.602	105.018	-18.5413	-0.0259643	198.052	207.231	0.955709
4312	0.00399085	0.308493	111.599	105.019	-18.5523	-0.0259644	198.04	207.229	0.955659
4313	0.00399175	0.308491	111.597	105.021	-18.5612	-0.0259646	198.031	207.227	0.955619
4314	0.00399265	0.308488	111.595	105.022	-18.5685	-0.0259646	198.022	207.226	0.955587
4315	0.00399354	0.308486	111.592	105.024	-18.5743	-0.0259647	198.016	207.224	0.955562
4316	0.00399444	0.308483	111.59	105.025	-18.5787	-0.0259648	198.01	207.223	0.955544
4317	0.00399534	0.308481	111.587	105.027	-18.5818	-0.0259649	198.006	207.221	0.955533
4318	0.00399624	0.308478	111.585	105.028	-18.5836	-0.0259649	198.004	207.219	0.955528
4319	0.00399714	0.308476	111.582	105.03	-18.5841	-0.025965	198.002	207.217	0.955529
4320	0.00399804	0.308473	111.58	105.032	-18.5834	-0.0259652	198.002	207.216	0.955536
4321	0.00399894	0.308471	111.577	105.033	-18.5816	-0.0259653	198.003	207.214	0.955548
4322	0.00399984	0.308468	111.574	105.035	-18.5787	-0.0259656	198.005	207.212	0.955565
4323	0.00400074	0.308465	111.572	105.037	-18.571	-0.0259659	198.011	207.21	0.955606
4324	0.00400163	0.308462	111.569	105.039	-18.5599	-0.0259663	198.022	207.209	0.955663
4325	0.00400253	0.30846	111.566	105.04	-18.5483	-0.0259667	198.032	207.207	0.955723
4326	0.00400343	0.308457	111.563	105.042	-18.5366	-0.0259671	198.043	207.205	0.955783
4327	0.00400433	0.308454	111.561	105.044	-18.5252	-0.0259675	198.053	207.203	0.955842
4328	0.00400523	0.308451	111.558	105.046	-18.5143	-0.0259679	198.063	207.201	0.955899
4329	0.00400613	0.308448	111.555	105.048	-18.504	-0.0259683	198.072	207.199	0.955952
4330	0.00400703	0.308445	111.552	105.049	-18.4946	-0.0259688	198.081	207.197	0.956002
4331	0.00400792	0.308443	111.549	105.051	-18.4862	-0.0259694	198.088	207.195	0.956046
4332	0.00400882	0.30844	111.546	105.053	-18.479	-0.0259699	198.094	207.193	0.956085
4333	0.00400972	0.308437	111.543	105.055	-18.4731	-0.0259705	198.099	207.191	0.956117
4334	0.00401062	0.308434	111.54	105.057	-18.4686	-0.0259712	198.103	207.189	0.956143
4335	0.00401152	0.308431	111.537	105.059	-18.4655	-0.0259718	198.105	207.187	0.956162
4336	0.00401242	0.308428	111.534	105.061	-18.4639	-0.0259725	198.105	207.185	0.956173
4337	0.00401332	0.308425	111.531	105.062	-18.4639	-0.0259732	198.104	207.183	0.956178
4338	0.00401422	0.308422	111.528	105.064	-18.4654	-0.0259739	198.101	207.181	0.956174
4339	0.00401511	0.308419	111.525	105.066	-18.4685	-0.0259745	198.097	207.179	0.956164
4340	0.00401601	0.308416	111.522	105.068	-18.473	-0.0259752	198.092	207.177	0.956146
4341	0.00401691	0.308413	111.519	105.07	-18.4792	-0.0259758	198.084	207.175	0.95612
4342	0.00401781	0.308409	111.516	105.072	-18.4873	-0.0259763	198.075	207.173	0.956085
4343	0.00401871	0.308406	111.513	105.074	-18.5003	-0.0259768	198.061	207.171	0.956027
4344	0.00401961	0.308403	111.51	105.076	-18.517	-0.025977	198.043	207.169	0.95595
4345	0.00402051	0.3084	111.507	105.078	-18.5311	-0.0259772	198.028	207.167	0.955887
4346	0.00402141	0.308397	111.504	105.08	-18.5428	-0.0259774	198.015	207.164	0.955834
4347	0.0040223	0.308394	111.5	105.082	-18.5525	-0.0259776	198.004	207.162	0.955792
4348	0.0040232	0.30839	111.497	105.084	-18.5604	-0.0259777	197.995	207.16	0.955758
4349	0.0040241	0.308387	111.494	105.086	-18.5667	-0.0259779	197.988	207.158	0.955732
4350	0.004025	0.308384	111.491	105.088	-18.5716	-0.025978	197.981	207.156	0.955713
4351	0.0040259	0.308381	111.487	105.09	-18.5751	-0.0259781	197.977	207.154	0.955701
4352	0.0040268	0.308377	111.484	105.092	-18.5772	-0.0259782	197.973	207.151	0.955695
4353	0.0040277	0.308374	111.481	105.095	-18.5781	-0.0259784	197.971	207.149	0.955695
4354	0.0040286	0.308371	111.478	105.097	-18.5778	-0.0259786	197.971	207.147	0.955701
4355	0.00402949	0.308367	111.474	105.099	-18.5762	-0.0259788	197.971	207.145	0.955713
4356	0.00403039	0.308364	111.471	105.101	-18.5736	-0.025979	197.972	207.142	0.95573
4357	0.00403129	0.30836	111.467	105.103	-18.5675	-0.0259793	197.977	207.14	0.955765
4358	0.00403219	0.308357	111.464	105.105	-18.5567	-0.0259798	197.987	207.138	0.955821
4359	0.00403309	0.308354	111.461	105.107	-18.5451	-0.0259802	197.997	207.135	0.955882
4360	0.00403399	0.30835	111.457	105.11	-18.5334	-0.0259806	198.007	207.133	0.955943
4361	0.00403489	0.308347	111.454	105.112	-18.5219	-0.0259811	198.018	207.131	0.956003
4362	0.00403579	0.308343	111.45	105.114	-18.5108	-0.0259815	198.028	207.128	0.956062
4363	0.00403668	0.30834	111.447	105.116	-18.5003	-0.025982	198.037	207.126	0.956117
4364	0.00403758	0.308336	111.443	105.118	-18.4906	-0.0259825	198.045	207.124	0.956169
4365	0.00403848	0.308332	111.44	105.121	-18.482	-0.025983	198.052	207.121	0.956215
4366	0.00403938	0.308329	111.436	105.123	-18.4745	-0.0259836	198.059	207.119	0.956256
4367	0.00404028	0.308325	111.433	105.125	-18.4684	-0.0259842	198.064	207.116	0.956291
4368	0.00404118	0.308322	111.429	105.127	-18.4636	-0.0259849	198.067	207.114	0.956319
4369	0.00404208	0.308318	111.426	105.13	-18.4602	-0.0259856	198.069	207.112	0.95634
4370	0.00404297	0.308314	111.422	105.132	-18.4584	-0.0259863	198.07	207.109	0.956354
4371	0.00404387	0.308311	111.418	105.134	-18.458	-0.025987	198.069	207.107	0.95636
4372	0.00404477	0.308307	111.415	105.137	-18.4593	-0.0259877	198.066	207.104	0.956359
4373	0.00404567	0.308304	111.411	105.139	-18.4622	-0.0259884	198.062	207.102	0.95635
4374	0.00404657	0.3083	111.407	105.141	-18.4666	-0.0259891	198.056	207.099	0.956334
4375	0.00404747	0.308296	111.404	105.143	-18.4725	-0.0259897	198.049	207.097	0.95631
4376	0.00404837	0.308292	111.4	105.146	-18.4803	-0.0259903	198.04	207.094	0.956277
4377	0.00404927	0.308289	111.397	105.148	-18.4919	-0.0259908	198.027	207.092	0.956227
4378	0.00405016	0.308285	111.393	105.15	-18.5092	-0.0259911	198.008	207.089	0.956148
4379	0.00405106	0.308281	111.389	105.153	-18.5239	-0.0259913	197.992	207.087	0.956082
4380	0.00405196	0.308278	111.386	105.155	-18.5363	-0.0259915	197.978	207.084	0.956027
4381	0.00405286	0.308274	111.382	105.157	-18.5465	-0.0259917	197.967	207.082	0.955983
4382	0.00405376	0.30827	111.378	105.16	-18.5548	-0.0259919	197.957	207.079	0.955948
4383	0.00405466	0.308266	111.375	105.162	-18.5615	-0.025992	197.949	207.077	0.955921
4384	0.00405556	0.308263	111.371	105.164	-18.5668	-0.0259922	197.942	207.074	0.9559
4385	0.00405646	0.308259	111.367	105.167	-18.5706	-0.0259923	197.937	207.072	0.955887
4386	0.00405735	0.308255	111.363	105.169	-18.5731	-0.0259924	197.933	207.069	0.95588
4387	0.00405825	0.308252	111.36	105.171	-18.5743	-0.0259926	197.931	207.067	0.955879
4388	0.00405915	0.308248	111.356	105.174	-18.5742	-0.0259928	197.93	207.064	0.955884
4389	0.00406005	0.308244	111.352	105.176	-18.573	-0.025993	197.93	207.062	0.955895
4390	0.00406095	0.30824	111.349	105.178	-18.5707	-0.0259932	197.931	207.059	0.955912
4391	0.00406185	0.308237	111.345	105.181	-18.5668	-0.0259935	197.933	207.057	0.955936
4392	0.00406275	0.308233	111.341	105.183	-18.5569	-0.025994	197.942	207.054	0.955988
4393	0.00406365	0.308229	111.338	105.185	-18.5453	-0.0259944	197.952	207.052	0.95605
4394	0.00406455	0.308226	111.334	105.188	-18.5335	-0.0259949	197.962	207.049	0.956111
4395	0.00406544	0.308222	111.331	105.19	-18.5219	-0.0259953	197.973	207.047	0.956173
4396	0.00406634	0.308218	111.327	105.192	-18.5106	-0.0259958	197.983	207.044	0.956232
4397	0.00406724	0.308214	111.323	105.194	-18.4998	-0.0259962	197.992	207.042	0.956289
4398	0.00406814	0.308211	111.32	105.197	-18.4899	-0.0259968	198.001	207.04	0.956342
4399	0.00406904	0.308207	111.316	105.199	-18.4809	-0.0259973	198.008	207.037	0.95639
4400	0.00406994	0.308204	111.313	105.201	-18.4731	-0.0259979	198.015	207.035	0.956433
4401	0.00407084	0.3082	111.309	105.203	-18.4666	-0.0259985	198.02	207.032	0.95647
4402	0.00407173	0.308196	111.306	105.206	-18.4614	-0.0259992	198.024	207.03	0.956499
4403	0.00407263	0.308193	111.302	105.208	-18.4576	-0.0259999	198.026	207.027	0.956522
4404	0.00407353	0.308189	111.299	105.21	-18.4554	-0.0260006	198.027	207.025	0.956538
4405	0.00407443	0.308186	111.295	105.212	-18.4546	-0.0260013	198.027	207.023	0.956546
4406	0.00407533	0.308182	111.292	105.214	-18.4555	-0.026002	198.025	207.02	0.956547
4407	0.00407623	0.308179	111.289	105.216	-18.4579	-0.0260028	198.021	207.018	0.95654
4408	0.00407713	0.308176	111.285	105.218	-18.4619	-0.0260035	198.016	207.016	0.956525
4409	0.00407803	0.308172	111.282	105.221	-18.4674	-0.0260041	198.009	207.014	0.956503
4410	0.00407892	0.308169	111.279	105.223	-18.4746	-0.0260048	198.001	207.011	0.956473
4411	0.00407982	0.308166	111.276	105.225	-18.4843	-0.0260053	197.99	207.009	0.95643
4412	0.00408072	0.308162	111.272	105.227	-18.5025	-0.0260057	197.971	207.007	0.956347
4413	0.00408162	0.308159	111.269	105.229	-18.518	-0.0260059	197.954	207.005	0.956276
4414	0.00408252	0.308156	111.266	105.231	-18.5311	-0.0260062	197.94	207.003	0.956218
4415	0.00408342	0.308153	111.263	105.232	-18.542	-0.0260064	197.928	207.001	0.956169
4416	0.00408432	0.30815	111.26	105.234	-18.5509	-0.0260066	197.918	206.999	0.956131
4417	0.00408522	0.308147	111.257	105.236	-18.5581	-0.0260067	197.909	206.996	0.9561
4418	0.00408611	0.308144	111.254	105.238	-18.5639	-0.0260069	197.902	206.994	0.956076
4419	0.00408701	0.308141	111.251	105.24	-18.5682	-0.026007	197.897	206.992	0.956059
4420	0.00408791	0.308138	111.248	105.242	-18.5712	-0.0260072	197.893	206.99	0.956049
4421	0.00408881	0.308135	111.245	105.244	-18.5729	-0.0260074	197.89	206.988	0.956045
4422	0.00408971	0.308132	111.243	105.245	-18.5733	-0.0260075	197.889	206.986	0.956047
4423	0.00409061	0.308129	111.24	105.247	-18.5724	-0.0260077	197.889	206.985	0.956055
4424	0.00409151	0.308126	111.237	105.249	-18.5705	-0.026008	197.889	206.983	0.956068
4425	0.00409241	0.308123	111.234	105.251	-18.5674	-0.0260083	197.892	206.981	0.956087
4426	0.0040933	0.308121	111.232	105.252	-18.5585	-0.0260087	197.899	206.979	0.956133
4427	0.0040942	0.308118	111.229	105.254	-18.5472	-0.0260092	197.91	206.977	0.956192
4428	0.0040951	0.308115	111.226	105.256	-18.5355	-0.0260097	197.92	206.975	0.956252
4429	0.004096	0.308113	111.224	105.257	-18.5239	-0.0260101	197.931	206.974	0.956311
4430	0.0040969	0.30811	111.221	105.259	-18.5126	-0.0260106	197.942	206.972	0.95637
4431	0.0040978	0.308108	111.219	105.26	-18.5018	-0.026011	197.951	206.97	0.956425
4432	0.0040987	0.308105	111.217	105.262	-18.4918	-0.0260115	197.961	206.968	0.956477
4433	0.0040996	0.308103	111.214	105.263	-18.4826	-0.0260121	197.969	206.967	0.956524
4434	0.00410049	0.3081	111.212	105.265	-18.4746	-0.0260127	197.976	206.965	0.956566
4435	0.00410139	0.308098	111.21	105.266	-18.4678	-0.0260133	197.982	206.964	0.956602
4436	0.00410229	0.308096	111.208	105.267	-18.4624	-0.026014	197.987	206.962	0.956631
4437	0.00410319	0.308094	111.206	105.269	-18.4584	-0.0260147	197.99	206.961	0.956654
4438	0.00410409	0.308092	111.204	105.27	-18.4558	-0.0260154	197.992	206.959	0.956669
4439	0.00410499	0.30809	111.202	105.271	-18.4547	-0.0260161	197.992	206.958	0.956677
4440	0.00410589	0.308088	111.2	105.272	-18.4553	-0.0260169	197.991	206.957	0.956677
4441	0.00410678	0.308086	111.198	105.273	-18.4574	-0.0260176	197.988	206.955	0.95667
4442	0.00410768	0.308084	111.196	105.275	-18.461	-0.0260183	197.984	206.954	0.956655
4443	0.00410858	0.308082	111.194	105.276	-18.4661	-0.026019	197.978	206.953	0.956633
4444	0.00410948	0.30808	111.193	105.277	-18.4727	-0.0260196	197.971	206.952	0.956603
4445	0.00411038	0.308078	111.191	105.278	-18.4813	-0.0260202	197.961	206.95	0.956564
4446	0.00411128	0.308077	111.189	105.279	-18.4946	-0.0260207	197.947	206.949	0.956502
4447	0.00411218	0.308075	111.188	105.28	-18.5116	-0.026021	197.93	206.948	0.956422
4448	0.00411308	0.308073	111.186	105.281	-18.526	-0.0260212	197.915	206.947	0.956355
4449	0.00411397	0.308072	111.184	105.282	-18.538	-0.0260215	197.902	206.946	0.956299
4450	0.00411487	0.30807	111.183	105.283	-18.5479	-0.0260217	197.892	206.945	0.956253
4451	0.00411577	0.308069	111.182	105.284	-18.5559	-0.0260218	197.883	206.944	0.956217
4452	0.00411667	0.308067	111.18	105.285	-18.5623	-0.026022	197.876	206.943	0.956188
4453	0.00411757	0.308066	111.179	105.285	-18.5673	-0.0260221	197.871	206.942	0.956166
4454	0.00411847	0.308064	111.178	105.286	-18.5708	-0.0260223	197.867	206.941	0.956151
4455	0.00411937	0.308063	111.176	105.287	-18.5729	-0.0260225	197.864	206.94	0.956142
4456	0.00412027	0.308062	111.175	105.288	-18.5738	-0.0260226	197.863	206.939	0.95614
4457	0.00412117	0.308061	111.174	105.288	-18.5734	-0.0260228	197.863	206.939	0.956143
4458	0.00412206	0.308059	111.173	105.289	-18.5718	-0.026023	197.864	206.938	0.956153
4459	0.00412296	0.308058	111.172	105.29	-18.5691	-0.0260233	197.866	206.937	0.956167
4460	0.00412386	0.308057	111.171	105.291	-18.562	-0.0260237	197.873	206.936	0.956203
4461	0.00412476	0.308056	111.17	105.291	-18.551	-0.0260242	197.884	206.936	0.956258
4462	0.00412566	0.308055	111.169	105.292	-18.5393	-0.0260246	197.895	206.935	0.956315
4463	0.00412656	0.308054	111.168	105.292	-18.5276	-0.0260251	197.906	206.934	0.956373
4464	0.00412746	0.308053	111.167	105.293	-18.5161	-0.0260255	197.918	206.934	0.95643
4465	0.00412836	0.308052	111.166	105.293	-18.5051	-0.026026	197.928	206.933	0.956484
4466	0.00412925	0.308052	111.165	105.294	-18.4947	-0.0260265	197.938	206.933	0.956536
4467	0.00413015	0.308051	111.164	105.294	-18.4851	-0.026027	197.948	206.932	0.956583
4468	0.00413105	0.30805	111.164	105.295	-18.4766	-0.0260276	197.956	206.931	0.956625
4469	0.00413195	0.308049	111.163	105.295	-18.4693	-0.0260282	197.963	206.931	0.956662
4470	0.00413285	0.308049	111.162	105.296	-18.4633	-0.0260288	197.969	206.931	0.956692
4471	0.00413375	0.308048	111.162	105.296	-18.4587	-0.0260295	197.973	206.93	0.956715
4472	0.00413465	0.308047	111.161	105.296	-18.4555	-0.0260302	197.976	206.93	0.956731
4473	0.00413554	0.308047	111.161	105.297	-18.4538	-0.026031	197.978	206.929	0.95674
4474	0.00413644	0.308046	111.16	105.297	-18.4536	-0.0260317	197.978	206.929	0.956742
4475	0.00413734	0.308046	111.16	105.297	-18.455	-0.0260324	197.976	206.929	0.956736
4476	0.00413824	0.308045	111.159	105.297	-18.4579	-0.0260331	197.973	206.928	0.956722
4477	0.00413914	0.308045	111.159	105.298	-18.4623	-0.0260338	197.968	206.928	0.956701
4478	0.00414004	0.308045	111.159	105.298	-18.4681	-0.0260344	197.962	206.928	0.956674
4479	0.00414094	0.308044	111.158	105.298	-18.4756	-0.0260351	197.955	206.928	0.956638
4480	0.00414184	0.308044	111.158	105.298	-18.4859	-0.0260356	197.944	206.927	0.956588
4481	0.00414273	0.308044	111.158	105.298	-18.5036	-0.0260359	197.927	206.927	0.956503
4482	0.00414363	0.308044	111.158	105.298	-18.5186	-0.0260362	197.912	206.927	0.956431
4483	0.00414453	0.308043	111.158	105.298	-18.531	-0.0260364	197.899	206.927	0.956371
4484	0.00414543	0.308043	111.158	105.299	-18.5413	-0.0260366	197.889	206.927	0.956322
4485	0.00414633	0.308043	111.158	105.299	-18.5496	-0.0260367	197.88	206.927	0.956282
4486	0.00414723	0.308043	111.158	105.299	-18.5562	-0.0260369	197.874	206.927	0.95625
4487	0.00414813	0.308043	111.158	105.299	-18.5613	-0.026037	197.869	206.927	0.956225
4488	0.00414903	0.308043	111.158	105.299	-18.565	-0.0260371	197.865	206.927	0.956208
4489	0.00414992	0.308043	111.158	105.299	-18.5673	-0.0260372	197.863	206.927	0.956197
4490	0.00415082	0.308043	111.158	105.299	-18.5682	-0.0260374	197.862	206.927	0.956192
4491	0.00415172	0.308043	111.158	105.299	-18.5679	-0.0260375	197.862	206.927	0.956193
4492	0.00415262	0.308043	111.158	105.299	-18.5664	-0.0260377	197.864	206.927	0.956201
4493	0.00415352	0.308043	111.158	105.299	-18.5637	-0.0260379	197.866	206.927	0.956214
4494	0.00415442	0.308043	111.158	105.298	-18.559	-0.0260382	197.871	206.927	0.956236
4495	0.00415532	0.308043	111.158	105.298	-18.5485	-0.0260386	197.882	206.927	0.956287
4496	0.00415622	0.308043	111.158	105.298	-18.5366	-0.0260391	197.893	206.927	0.956345
4497	0.00415711	0.308043	111.158	105.298	-18.5245	-0.0260395	197.906	206.927	0.956403
4498	0.00415801	0.308043	111.158	105.298	-18.5125	-0.0260399	197.918	206.927	0.956461
4499	0.00415891	0.308043	111.158	105.298	-18.5009	-0.0260403	197.929	206.927	0.956517
4500	0.00415981	0.308044	111.158	105.298	-18.4899	-0.0260408	197.94	206.927	0.95657
4501	0.00416071	0.308044	111.158	105.298	-18.4797	-0.0260413	197.951	206.927	0.956619
4502	0.00416161	0.308044	111.158	105.298	-18.4704	-0.0260418	197.96	206.927	0.956664
4503	0.00416251	0.308044	111.158	105.298	-18.4623	-0.0260424	197.968	206.927	0.956703
4504	0.00416341	0.308044	111.158	105.298	-18.4554	-0.026043	197.975	206.927	0.956736
4505	0.0041643	0.308044	111.158	105.298	-18.4499	-0.0260437	197.98	206.927	0.956763
4506	0.0041652	0.308044	111.159	105.298	-18.4458	-0.0260443	197.985	206.928	0.956782
4507	0.0041661	0.308044	111.159	105.298	-18.4432	-0.026045	197.987	206.928	0.956794
4508	0.004167	0.308044	111.159	105.298	-18.4421	-0.0260457	197.988	206.928	0.9568
4509	0.0041679	0.308045	111.159	105.298	-18.4426	-0.0260464	197.988	206.928	0.956797
4510	0.0041688	0.308045	111.159	105.297	-18.4446	-0.0260471	197.986	206.928	0.956787
4511	0.0041697	0.308045	111.159	105.297	-18.4481	-0.0260478	197.983	206.928	0.95677
4512	0.0041706	0.308045	111.16	105.297	-18.4531	-0.0260485	197.978	206.928	0.956746
4513	0.00417149	0.308045	111.16	105.297	-18.4595	-0.0260491	197.971	206.928	0.956714
4514	0.00417239	0.308046	111.16	105.297	-18.4681	-0.0260496	197.963	206.929	0.956673
4515	0.00417329	0.308046	111.16	105.297	-18.4825	-0.0260501	197.948	206.929	0.956602
4516	0.00417419	0.308046	111.161	105.296	-18.4986	-0.0260503	197.933	206.929	0.956524
4517	0.00417509	0.308046	111.161	105.296	-18.512	-0.0260505	197.919	206.929	0.956459
4518	0.00417599	0.308047	111.161	105.296	-18.5231	-0.0260507	197.908	206.929	0.956405
4519	0.00417689	0.308047	111.162	105.296	-18.5321	-0.0260509	197.899	206.93	0.956361
4520	0.00417779	0.308048	111.162	105.295	-18.5393	-0.026051	197.892	206.93	0.956325
4521	0.00417868	0.308048	111.163	105.295	-18.545	-0.0260512	197.887	206.93	0.956297
4522	0.00417958	0.308049	111.163	105.295	-18.5492	-0.0260513	197.883	206.931	0.956276
4523	0.00418048	0.308049	111.164	105.294	-18.5519	-0.0260514	197.88	206.931	0.956262
4524	0.00418138	0.30805	111.164	105.294	-18.5533	-0.0260515	197.879	206.931	0.956255
4525	0.00418228	0.30805	111.165	105.294	-18.5535	-0.0260517	197.879	206.932	0.956253
4526	0.00418318	0.308051	111.166	105.293	-18.5524	-0.0260519	197.881	206.932	0.956258
4527	0.00418408	0.308052	111.166	105.293	-18.5501	-0.0260521	197.883	206.933	0.956268
4528	0.00418498	0.308053	111.167	105.292	-18.5468	-0.0260523	197.887	206.933	0.956283
4529	0.00418588	0.308053	111.168	105.292	-18.5384	-0.0260527	197.895	206.934	0.956322
4530	0.00418677	0.308054	111.169	105.291	-18.5268	-0.0260531	197.907	206.934	0.956377
4531	0.00418767	0.308055	111.17	105.291	-18.5147	-0.0260536	197.92	206.935	0.956434
4532	0.00418857	0.308056	111.171	105.29	-18.5027	-0.026054	197.932	206.935	0.956491
4533	0.00418947	0.308057	111.171	105.289	-18.4909	-0.0260544	197.944	206.936	0.956547
4534	0.00419037	0.308058	111.172	105.289	-18.4796	-0.0260549	197.956	206.937	0.9566
4535	0.00419127	0.308059	111.174	105.288	-18.469	-0.0260554	197.967	206.937	0.95665
4536	0.00419217	0.30806	111.175	105.288	-18.4593	-0.0260559	197.977	206.938	0.956696
4537	0.00419307	0.308061	111.176	105.287	-18.4506	-0.0260565	197.986	206.939	0.956736
4538	0.00419396	0.308062	111.177	105.286	-18.4432	-0.0260571	197.994	206.94	0.95677
4539	0.00419486	0.308063	111.178	105.285	-18.4371	-0.0260577	198	206.94	0.956798
4540	0.00419576	0.308064	111.179	105.285	-18.4325	-0.0260584	198.005	206.941	0.956819
4541	0.00419666	0.308066	111.18	105.284	-18.4293	-0.0260591	198.009	206.942	0.956832
4542	0.00419756	0.308067	111.182	105.283	-18.4276	-0.0260598	198.011	206.943	0.956839
4543	0.00419846	0.308068	111.183	105.282	-18.4274	-0.0260605	198.012	206.944	0.956838
4544	0.00419936	0.30807	111.184	105.281	-18.4288	-0.0260612	198.011	206.945	0.956829
4545	0.00420026	0.308071	111.186	105.28	-18.4317	-0.0260619	198.008	206.946	0.956813
4546	0.00420115	0.308073	111.187	105.279	-18.4361	-0.0260626	198.004	206.947	0.95679
4547	0.00420205	0.308074	111.189	105.278	-18.442	-0.0260632	197.999	206.948	0.956759
4548	0.00420295	0.308076	111.19	105.277	-18.4497	-0.0260638	197.992	206.949	0.95672
4549	0.00420385	0.308077	111.192	105.276	-18.4609	-0.0260643	197.981	206.95	0.956664
4550	0.00420475	0.308079	111.193	105.275	-18.4781	-0.0260646	197.965	206.951	0.956579
4551	0.00420565	0.30808	111.195	105.274	-18.4925	-0.0260649	197.951	206.952	0.956507
4552	0.00420655	0.308082	111.197	105.273	-18.5045	-0.0260651	197.939	206.953	0.956446
4553	0.00420745	0.308084	111.198	105.272	-18.5144	-0.0260653	197.93	206.954	0.956396
4554	0.00420834	0.308086	111.2	105.271	-18.5223	-0.0260654	197.923	206.955	0.956356
4555	0.00420924	0.308087	111.202	105.27	-18.5286	-0.0260656	197.917	206.957	0.956323
4556	0.00421014	0.308089	111.204	105.269	-18.5335	-0.0260657	197.913	206.958	0.956297
4557	0.00421104	0.308091	111.205	105.268	-18.5368	-0.0260658	197.91	206.959	0.956278
4558	0.00421194	0.308093	111.207	105.267	-18.5388	-0.026066	197.909	206.96	0.956266
4559	0.00421284	0.308095	111.209	105.265	-18.5395	-0.0260661	197.909	206.961	0.95626
4560	0.00421374	0.308097	111.211	105.264	-18.539	-0.0260663	197.91	206.963	0.95626
4561	0.00421464	0.308098	111.213	105.263	-18.5372	-0.0260665	197.913	206.964	0.956266
4562	0.00421554	0.3081	111.215	105.262	-18.5344	-0.0260667	197.916	206.965	0.956277
4563	0.00421643	0.308102	111.217	105.261	-18.5296	-0.026067	197.922	206.967	0.956298
4564	0.00421733	0.308104	111.219	105.259	-18.519	-0.0260675	197.933	206.968	0.956346
4565	0.00421823	0.308107	111.221	105.258	-18.507	-0.026068	197.946	206.969	0.956401
4566	0.00421913	0.308109	111.223	105.257	-18.4949	-0.0260684	197.959	206.971	0.956457
4567	0.00422003	0.308111	111.225	105.255	-18.4829	-0.0260688	197.971	206.972	0.956512
4568	0.00422093	0.308113	111.227	105.254	-18.4714	-0.0260693	197.984	206.974	0.956565
4569	0.00422183	0.308115	111.229	105.253	-18.4604	-0.0260698	197.996	206.975	0.956615
4570	0.00422273	0.308117	111.232	105.251	-18.4502	-0.0260703	198.006	206.977	0.956661
4571	0.00422363	0.30812	111.234	105.25	-18.4411	-0.0260708	198.016	206.978	0.956702
4572	0.00422452	0.308122	111.236	105.248	-18.4331	-0.0260714	198.025	206.98	0.956738
4573	0.00422542	0.308124	111.238	105.247	-18.4263	-0.0260721	198.033	206.981	0.956767
4574	0.00422632	0.308126	111.241	105.245	-18.421	-0.0260727	198.039	206.983	0.95679
4575	0.00422722	0.308129	111.243	105.244	-18.4171	-0.0260734	198.044	206.984	0.956805
4576	0.00422812	0.308131	111.245	105.242	-18.4147	-0.0260741	198.047	206.986	0.956814
4577	0.00422902	0.308134	111.248	105.241	-18.4137	-0.0260749	198.049	206.988	0.956815
4578	0.00422992	0.308136	111.25	105.239	-18.4144	-0.0260756	198.049	206.989	0.956809
4579	0.00423082	0.308138	111.252	105.238	-18.4166	-0.0260763	198.048	206.991	0.956795
4580	0.00423171	0.308141	111.255	105.236	-18.4203	-0.026077	198.045	206.993	0.956773
4581	0.00423261	0.308143	111.257	105.235	-18.4254	-0.0260777	198.041	206.994	0.956745
4582	0.00423351	0.308146	111.26	105.233	-18.4322	-0.0260783	198.035	206.996	0.956709
4583	0.00423441	0.308148	111.262	105.232	-18.4413	-0.0260789	198.027	206.998	0.956661
4584	0.00423531	0.308151	111.265	105.23	-18.4592	-0.0260792	198.01	206.999	0.956571
4585	0.00423621	0.308154	111.267	105.228	-18.4744	-0.0260795	197.995	207.001	0.956495
4586	0.00423711	0.308156	111.27	105.227	-18.487	-0.0260797	197.984	207.003	0.95643
4587	0.00423801	0.308159	111.272	105.225	-18.4975	-0.0260799	197.974	207.004	0.956376
4588	0.0042389	0.308161	111.275	105.224	-18.506	-0.0260801	197.967	207.006	0.956332
4589	0.0042398	0.308164	111.278	105.222	-18.5128	-0.0260803	197.961	207.008	0.956295
4590	0.0042407	0.308167	111.28	105.22	-18.5181	-0.0260805	197.956	207.01	0.956266
4591	0.0042416	0.308169	111.283	105.219	-18.522	-0.0260806	197.953	207.012	0.956244
4592	0.0042425	0.308172	111.286	105.217	-18.5244	-0.0260808	197.952	207.013	0.956228
4593	0.0042434	0.308175	111.288	105.215	-18.5256	-0.0260809	197.952	207.015	0.956219
4594	0.0042443	0.308177	111.291	105.214	-18.5255	-0.0260811	197.953	207.017	0.956215
4595	0.0042452	0.30818	111.294	105.212	-18.5242	-0.0260813	197.955	207.019	0.956218
4596	0.0042461	0.308183	111.296	105.21	-18.5217	-0.0260816	197.959	207.021	0.956226
4597	0.00424699	0.308185	111.299	105.208	-18.5182	-0.0260819	197.963	207.022	0.95624
4598	0.00424789	0.308188	111.302	105.207	-18.5092	-0.0260823	197.973	207.024	0.956279
4599	0.00424879	0.308191	111.304	105.205	-18.4974	-0.0260828	197.986	207.026	0.956333
4600	0.00424969	0.308194	111.307	105.203	-18.4853	-0.0260833	197.999	207.028	0.956387
4601	0.00425059	0.308196	111.31	105.202	-18.4733	-0.0260837	198.012	207.03	0.956442
4602	0.00425149	0.308199	111.312	105.2	-18.4616	-0.0260842	198.025	207.032	0.956494
4603	0.00425239	0.308202	111.315	105.198	-18.4504	-0.0260847	198.037	207.034	0.956545
4604	0.00425329	0.308205	111.318	105.196	-18.4399	-0.0260852	198.048	207.035	0.956592
4605	0.00425419	0.308208	111.321	105.195	-18.4304	-0.0260858	198.059	207.037	0.956634
4606	0.00425508	0.30821	111.323	105.193	-18.422	-0.0260864	198.068	207.039	0.956671
4607	0.00425598	0.308213	111.326	105.191	-18.4148	-0.0260871	198.076	207.041	0.956701
4608	0.00425688	0.308216	111.329	105.189	-18.409	-0.0260878	198.083	207.043	0.956726
4609	0.00425778	0.308219	111.332	105.188	-18.4046	-0.0260885	198.089	207.045	0.956743
4610	0.00425868	0.308222	111.334	105.186	-18.4016	-0.0260892	198.093	207.047	0.956753
4611	0.00425958	0.308224	111.337	105.184	-18.4002	-0.02609	198.095	207.049	0.956757
4612	0.00426048	0.308227	111.34	105.182	-18.4003	-0.0260907	198.096	207.051	0.956752
4613	0.00426138	0.30823	111.343	105.181	-18.402	-0.0260915	198.095	207.052	0.95674
4614	0.00426227	0.308233	111.346	105.179	-18.4052	-0.0260922	198.093	207.054	0.956721
4615	0.00426317	0.308236	111.348	105.177	-18.41	-0.0260929	198.089	207.056	0.956694
4616	0.00426407	0.308239	111.351	105.175	-18.4163	-0.0260936	198.084	207.058	0.956659
4617	0.00426497	0.308241	111.354	105.174	-18.4248	-0.0260942	198.077	207.06	0.956614
4618	0.00426587	0.308244	111.357	105.172	-18.4399	-0.0260947	198.063	207.062	0.956537
4619	0.00426677	0.308247	111.36	105.17	-18.4559	-0.026095	198.048	207.064	0.956457
4620	0.00426767	0.30825	111.362	105.168	-18.4693	-0.0260953	198.035	207.066	0.956388
4621	0.00426857	0.308253	111.365	105.166	-18.4804	-0.0260955	198.025	207.068	0.95633
4622	0.00426947	0.308256	111.368	105.165	-18.4895	-0.0260957	198.017	207.07	0.956283
4623	0.00427036	0.308259	111.371	105.163	-18.4968	-0.0260959	198.011	207.072	0.956243
4624	0.00427126	0.308261	111.374	105.161	-18.5026	-0.0260961	198.006	207.074	0.956211
4625	0.00427216	0.308264	111.377	105.159	-18.507	-0.0260963	198.003	207.075	0.956187
4626	0.00427306	0.308267	111.379	105.157	-18.5099	-0.0260965	198.001	207.077	0.956169
4627	0.00427396	0.30827	111.382	105.156	-18.5115	-0.0260967	198	207.079	0.956157
4628	0.00427486	0.308273	111.385	105.154	-18.5118	-0.0260969	198.001	207.081	0.956151
4629	0.00427576	0.308276	111.388	105.152	-18.5109	-0.0260971	198.003	207.083	0.956152
4630	0.00427666	0.308279	111.391	105.15	-18.5089	-0.0260974	198.006	207.085	0.956158
4631	0.00427756	0.308282	111.394	105.148	-18.5057	-0.0260977	198.01	207.087	0.956169
4632	0.00427845	0.308284	111.396	105.147	-18.4994	-0.0260981	198.018	207.089	0.956196
4633	0.00427935	0.308287	111.399	105.145	-18.4883	-0.0260986	198.03	207.091	0.956246
4634	0.00428025	0.30829	111.402	105.143	-18.4763	-0.0260992	198.043	207.093	0.9563
4635	0.00428115	0.308293	111.405	105.141	-18.4643	-0.0260997	198.056	207.095	0.956354
4636	0.00428205	0.308296	111.408	105.14	-18.4526	-0.0261002	198.069	207.097	0.956406
4637	0.00428295	0.308299	111.411	105.138	-18.4413	-0.0261007	198.081	207.099	0.956457
4638	0.00428385	0.308302	111.413	105.136	-18.4306	-0.0261013	198.093	207.1	0.956505
4639	0.00428475	0.308304	111.416	105.134	-18.4209	-0.0261018	198.103	207.102	0.956548
4640	0.00428565	0.308307	111.419	105.132	-18.4122	-0.0261025	198.113	207.104	0.956586
4641	0.00428654	0.30831	111.422	105.131	-18.4047	-0.0261032	198.122	207.106	0.956618
4642	0.00428744	0.308313	111.425	105.129	-18.3985	-0.0261039	198.129	207.108	0.956644
4643	0.00428834	0.308316	111.427	105.127	-18.3937	-0.0261046	198.135	207.11	0.956664
4644	0.00428924	0.308319	111.43	105.125	-18.3903	-0.0261054	198.139	207.112	0.956676
4645	0.00429014	0.308321	111.433	105.124	-18.3885	-0.0261062	198.142	207.114	0.956681
4646	0.00429104	0.308324	111.436	105.122	-18.3881	-0.026107	198.143	207.116	0.956679
4647	0.00429194	0.308327	111.439	105.12	-18.3894	-0.0261078	198.143	207.118	0.956669
4648	0.00429284	0.30833	111.441	105.118	-18.3923	-0.0261085	198.141	207.12	0.956651
4649	0.00429373	0.308333	111.444	105.116	-18.3967	-0.0261093	198.138	207.121	0.956626
4650	0.00429463	0.308336	111.447	105.115	-18.4027	-0.02611	198.133	207.123	0.956593
4651	0.00429553	0.308338	111.45	105.113	-18.4109	-0.0261107	198.126	207.125	0.95655
4652	0.00429643	0.308341	111.453	105.111	-18.4249	-0.0261112	198.113	207.127	0.956478
4653	0.00429733	0.308344	111.455	105.109	-18.4412	-0.0261116	198.097	207.129	0.956396
4654	0.00429823	0.308347	111.458	105.108	-18.455	-0.0261119	198.085	207.131	0.956325
4655	0.00429913	0.30835	111.461	105.106	-18.4665	-0.0261122	198.074	207.133	0.956266
4656	0.00430003	0.308352	111.464	105.104	-18.476	-0.0261125	198.066	207.135	0.956216
4657	0.00430093	0.308355	111.466	105.102	-18.4837	-0.0261127	198.059	207.137	0.956176
4658	0.00430182	0.308358	111.469	105.101	-18.4899	-0.0261129	198.054	207.138	0.956142
4659	0.00430272	0.308361	111.472	105.099	-18.4946	-0.0261132	198.05	207.14	0.956115
4660	0.00430362	0.308364	111.474	105.097	-18.498	-0.0261134	198.048	207.142	0.956095
4661	0.00430452	0.308366	111.477	105.096	-18.5	-0.0261136	198.047	207.144	0.956082
4662	0.00430542	0.308369	111.48	105.094	-18.5007	-0.0261139	198.047	207.146	0.956075
4663	0.00430632	0.308372	111.483	105.092	-18.5003	-0.0261141	198.048	207.148	0.956073
4664	0.00430722	0.308374	111.485	105.09	-18.4986	-0.0261145	198.051	207.149	0.956078
4665	0.00430812	0.308377	111.488	105.089	-18.4959	-0.0261148	198.055	207.151	0.956087
4666	0.00430902	0.30838	111.491	105.087	-18.4922	-0.0261152	198.059	207.153	0.956101
4667	0.00430992	0.308383	111.493	105.085	-18.4831	-0.0261158	198.069	207.155	0.956142
4668	0.00431081	0.308385	111.496	105.084	-18.4715	-0.0261164	198.082	207.157	0.956194
4669	0.00431171	0.308388	111.499	105.082	-18.4596	-0.0261169	198.095	207.159	0.956247
4670	0.00431261	0.308391	111.501	105.08	-18.448	-0.0261175	198.107	207.16	0.9563
4671	0.00431351	0.308393	111.504	105.079	-18.4367	-0.0261181	198.12	207.162	0.956351
4672	0.00431441	0.308396	111.507	105.077	-18.426	-0.0261187	198.131	207.164	0.956399
4673	0.00431531	0.308399	111.509	105.075	-18.4161	-0.0261193	198.142	207.166	0.956443
4674	0.00431621	0.308401	111.512	105.074	-18.4072	-0.02612	198.152	207.168	0.956482
4675	0.00431711	0.308404	111.514	105.072	-18.3994	-0.0261207	198.161	207.169	0.956516
4676	0.00431801	0.308407	111.517	105.07	-18.3929	-0.0261214	198.168	207.171	0.956544
4677	0.0043189	0.308409	111.52	105.069	-18.3878	-0.0261222	198.174	207.173	0.956565
4678	0.0043198	0.308412	111.522	105.067	-18.3841	-0.026123	198.179	207.175	0.95658
4679	0.0043207	0.308415	111.525	105.065	-18.3818	-0.0261238	198.182	207.176	0.956587
4680	0.0043216	0.308417	111.527	105.064	-18.3811	-0.0261247	198.184	207.178	0.956587
4681	0.0043225	0.30842	111.53	105.062	-18.3819	-0.0261255	198.184	207.18	0.956579
4682	0.0043234	0.308422	111.533	105.06	-18.3843	-0.0261263	198.183	207.182	0.956564
4683	0.0043243	0.308425	111.535	105.059	-18.3884	-0.0261271	198.179	207.183	0.956541
4684	0.0043252	0.308428	111.538	105.057	-18.394	-0.0261279	198.175	207.185	0.95651
4685	0.00432609	0.30843	111.54	105.056	-18.4018	-0.0261286	198.168	207.187	0.95647
4686	0.00432699	0.308433	111.543	105.054	-18.414	-0.0261292	198.157	207.189	0.956407
4687	0.00432789	0.308435	111.545	105.052	-18.431	-0.0261296	198.141	207.19	0.956322
4688	0.00432879	0.308438	111.548	105.051	-18.4455	-0.0261299	198.127	207.192	0.956248
4689	0.00432969	0.30844	111.55	105.049	-18.4577	-0.0261302	198.116	207.194	0.956186
4690	0.00433059	0.308443	111.553	105.048	-18.4679	-0.0261305	198.106	207.195	0.956133
4691	0.00433149	0.308445	111.555	105.046	-18.4762	-0.0261307	198.099	207.197	0.95609
4692	0.00433239	0.308448	111.558	105.044	-18.483	-0.0261309	198.093	207.199	0.956053
4693	0.00433329	0.30845	111.56	105.043	-18.4885	-0.0261311	198.089	207.2	0.956024
4694	0.00433419	0.308453	111.563	105.041	-18.4925	-0.0261313	198.085	207.202	0.956001
4695	0.00433508	0.308455	111.565	105.04	-18.4952	-0.0261314	198.084	207.204	0.955985
4696	0.00433598	0.308458	111.568	105.038	-18.4966	-0.0261316	198.083	207.205	0.955974
4697	0.00433688	0.30846	111.57	105.037	-18.4969	-0.0261318	198.084	207.207	0.95597
4698	0.00433778	0.308463	111.572	105.035	-18.496	-0.0261321	198.085	207.209	0.955971
4699	0.00433868	0.308465	111.575	105.034	-18.494	-0.0261324	198.088	207.21	0.955977
4700	0.00433958	0.308467	111.577	105.032	-18.491	-0.0261327	198.092	207.212	0.955988
4701	0.00434048	0.30847	111.579	105.031	-18.485	-0.0261331	198.099	207.213	0.956014
4702	0.00434138	0.308472	111.582	105.029	-18.4744	-0.0261337	198.111	207.215	0.956062
4703	0.00434228	0.308475	111.584	105.028	-18.463	-0.0261342	198.123	207.217	0.956114
4704	0.00434317	0.308477	111.586	105.026	-18.4518	-0.0261347	198.135	207.218	0.956165
4705	0.00434407	0.308479	111.589	105.025	-18.4408	-0.0261352	198.147	207.22	0.956215
4706	0.00434497	0.308481	111.591	105.024	-18.4304	-0.0261358	198.158	207.221	0.956262
4707	0.00434587	0.308484	111.593	105.022	-18.4207	-0.0261363	198.168	207.223	0.956306
4708	0.00434677	0.308486	111.595	105.021	-18.4119	-0.0261369	198.178	207.224	0.956345
4709	0.00434767	0.308488	111.597	105.019	-18.4042	-0.0261376	198.186	207.226	0.956379
4710	0.00434857	0.30849	111.6	105.018	-18.3977	-0.0261382	198.194	207.227	0.956408
4711	0.00434947	0.308492	111.602	105.017	-18.3925	-0.0261389	198.2	207.229	0.95643
4712	0.00435037	0.308495	111.604	105.015	-18.3887	-0.0261397	198.204	207.23	0.956446
4713	0.00435126	0.308497	111.606	105.014	-18.3863	-0.0261404	198.207	207.231	0.956454
4714	0.00435216	0.308499	111.608	105.013	-18.3854	-0.0261412	198.209	207.233	0.956456
4715	0.00435306	0.308501	111.61	105.012	-18.386	-0.026142	198.209	207.234	0.95645
4716	0.00435396	0.308503	111.612	105.01	-18.3882	-0.0261427	198.208	207.236	0.956437
4717	0.00435486	0.308505	111.614	105.009	-18.3921	-0.0261435	198.205	207.237	0.956415
4718	0.00435576	0.308507	111.615	105.008	-18.3976	-0.0261442	198.2	207.238	0.956386
4719	0.00435666	0.308508	111.617	105.007	-18.4051	-0.0261449	198.193	207.239	0.956347
4720	0.00435756	0.30851	111.619	105.006	-18.4165	-0.0261455	198.182	207.241	0.95629
4721	0.00435846	0.308512	111.621	105.005	-18.434	-0.0261458	198.165	207.242	0.956203
4722	0.00435935	0.308514	111.623	105.003	-18.449	-0.0261462	198.151	207.243	0.956128
4723	0.00436025	0.308516	111.624	105.002	-18.4618	-0.0261464	198.139	207.244	0.956064
4724	0.00436115	0.308517	111.626	105.001	-18.4726	-0.0261467	198.129	207.245	0.95601
4725	0.00436205	0.308519	111.628	105	-18.4815	-0.0261469	198.12	207.246	0.955965
4726	0.00436295	0.30852	111.629	104.999	-18.4889	-0.0261471	198.113	207.248	0.955927
4727	0.00436385	0.308522	111.631	104.998	-18.4949	-0.0261473	198.108	207.249	0.955896
4728	0.00436475	0.308524	111.632	104.997	-18.4996	-0.0261475	198.104	207.25	0.955871
4729	0.00436565	0.308525	111.634	104.997	-18.503	-0.0261477	198.101	207.251	0.955853
4730	0.00436655	0.308527	111.635	104.996	-18.5051	-0.0261479	198.1	207.252	0.95584
4731	0.00436745	0.308528	111.637	104.995	-18.506	-0.0261482	198.099	207.253	0.955834
4732	0.00436834	0.30853	111.638	104.994	-18.5058	-0.0261484	198.1	207.254	0.955833
4733	0.00436924	0.308531	111.639	104.993	-18.5044	-0.0261488	198.102	207.255	0.955838
4734	0.00437014	0.308532	111.641	104.992	-18.5021	-0.0261491	198.105	207.255	0.955847
4735	0.00437104	0.308534	111.642	104.991	-18.4988	-0.0261495	198.108	207.256	0.955861
4736	0.00437194	0.308535	111.643	104.991	-18.4899	-0.0261501	198.118	207.257	0.955902
4737	0.00437284	0.308536	111.644	104.99	-18.4791	-0.0261507	198.129	207.258	0.955953
4738	0.00437374	0.308537	111.646	104.989	-18.4681	-0.0261512	198.14	207.259	0.956004
4739	0.00437464	0.308539	111.647	104.988	-18.4574	-0.0261518	198.152	207.26	0.956054
4740	0.00437554	0.30854	111.648	104.987	-18.4471	-0.0261523	198.162	207.261	0.956102
4741	0.00437643	0.308541	111.649	104.987	-18.4375	-0.0261529	198.172	207.261	0.956147
4742	0.00437733	0.308542	111.65	104.986	-18.4286	-0.0261535	198.182	207.262	0.956188
4743	0.00437823	0.308543	111.651	104.985	-18.4208	-0.0261542	198.19	207.263	0.956225
4744	0.00437913	0.308544	111.652	104.985	-18.4141	-0.0261549	198.197	207.264	0.956255
4745	0.00438003	0.308545	111.654	104.984	-18.4087	-0.0261556	198.203	207.264	0.95628
4746	0.00438093	0.308546	111.655	104.983	-18.4046	-0.0261564	198.207	207.265	0.956298
4747	0.00438183	0.308547	111.656	104.983	-18.4019	-0.0261571	198.21	207.266	0.95631
4748	0.00438273	0.308549	111.657	104.982	-18.4007	-0.0261579	198.212	207.266	0.956315
4749	0.00438363	0.308549	111.657	104.982	-18.4009	-0.0261588	198.212	207.267	0.956312
4750	0.00438452	0.30855	111.658	104.981	-18.4027	-0.0261596	198.21	207.268	0.956302
4751	0.00438542	0.308551	111.659	104.98	-18.4061	-0.0261604	198.207	207.268	0.956284
4752	0.00438632	0.308552	111.66	104.98	-18.4111	-0.0261611	198.203	207.269	0.956259
4753	0.00438722	0.308553	111.661	104.979	-18.4179	-0.0261619	198.196	207.27	0.956225
4754	0.00438812	0.308554	111.662	104.979	-18.4273	-0.0261625	198.187	207.27	0.956178
4755	0.00438902	0.308555	111.663	104.978	-18.4457	-0.026163	198.169	207.271	0.956089
4756	0.00438992	0.308556	111.664	104.978	-18.4614	-0.0261634	198.154	207.271	0.956012
4757	0.00439082	0.308557	111.665	104.977	-18.4749	-0.0261637	198.141	207.272	0.955945
4758	0.00439172	0.308558	111.665	104.977	-18.4864	-0.026164	198.129	207.272	0.955889
4759	0.00439261	0.308558	111.666	104.976	-18.4961	-0.0261642	198.12	207.273	0.955841
4760	0.00439351	0.308559	111.667	104.976	-18.5041	-0.0261645	198.112	207.273	0.955801
4761	0.00439441	0.30856	111.668	104.975	-18.5108	-0.0261647	198.106	207.274	0.955768
4762	0.00439531	0.308561	111.668	104.975	-18.5161	-0.026165	198.101	207.275	0.955741
4763	0.00439621	0.308561	111.669	104.974	-18.52	-0.0261652	198.097	207.275	0.955721
4764	0.00439711	0.308562	111.67	104.974	-18.5228	-0.0261654	198.095	207.276	0.955707
4765	0.00439801	0.308563	111.671	104.973	-18.5243	-0.0261657	198.093	207.276	0.955699
4766	0.00439891	0.308564	111.671	104.973	-18.5246	-0.026166	198.093	207.276	0.955696
4767	0.00439981	0.308564	111.672	104.972	-18.5239	-0.0261663	198.094	207.277	0.955699
4768	0.0044007	0.308565	111.673	104.972	-18.5221	-0.0261666	198.096	207.277	0.955706
4769	0.0044016	0.308566	111.673	104.972	-18.5193	-0.026167	198.099	207.278	0.955719
4770	0.0044025	0.308566	111.674	104.971	-18.5113	-0.0261676	198.108	207.278	0.955757
4771	0.0044034	0.308567	111.675	104.971	-18.5008	-0.0261682	198.118	207.279	0.955807
4772	0.0044043	0.308568	111.675	104.97	-18.4901	-0.0261687	198.129	207.279	0.955857
4773	0.0044052	0.308568	111.676	104.97	-18.4796	-0.0261692	198.14	207.28	0.955907
4774	0.0044061	0.308569	111.676	104.97	-18.4694	-0.0261698	198.15	207.28	0.955955
4775	0.004407	0.30857	111.677	104.969	-18.4599	-0.0261703	198.16	207.281	0.956
4776	0.0044079	0.30857	111.678	104.969	-18.4511	-0.0261709	198.169	207.281	0.956042
4777	0.00440879	0.308571	111.678	104.968	-18.4433	-0.0261716	198.177	207.281	0.956079
4778	0.00440969	0.308572	111.679	104.968	-18.4365	-0.0261722	198.184	207.282	0.95611
4779	0.00441059	0.308572	111.68	104.967	-18.431	-0.0261729	198.19	207.282	0.956136
4780	0.00441149	0.308573	111.681	104.967	-18.4268	-0.0261736	198.195	207.283	0.956155
4781	0.00441239	0.308574	111.681	104.967	-18.424	-0.0261744	198.198	207.283	0.956168
4782	0.00441329	0.308574	111.682	104.966	-18.4226	-0.0261752	198.199	207.284	0.956173
4783	0.00441419	0.308575	111.683	104.966	-18.4227	-0.0261759	198.199	207.284	0.956172
4784	0.00441509	0.308576	111.683	104.965	-18.4244	-0.0261767	198.198	207.285	0.956163
4785	0.00441599	0.308577	111.684	104.965	-18.4276	-0.0261774	198.195	207.285	0.956147
4786	0.00441688	0.308577	111.685	104.964	-18.4324	-0.0261782	198.191	207.286	0.956122
4787	0.00441778	0.308578	111.686	104.964	-18.4389	-0.0261789	198.184	207.286	0.95609
4788	0.00441868	0.308579	111.686	104.963	-18.4476	-0.0261795	198.176	207.287	0.956047
4789	0.00441958	0.30858	111.687	104.963	-18.4623	-0.02618	198.161	207.287	0.955975
4790	0.00442048	0.30858	111.688	104.962	-18.4792	-0.0261803	198.145	207.288	0.955892
4791	0.00442138	0.308581	111.689	104.962	-18.4938	-0.0261806	198.131	207.288	0.955821
4792	0.00442228	0.308582	111.689	104.961	-18.5061	-0.0261809	198.118	207.289	0.95576
4793	0.00442318	0.308583	111.69	104.961	-18.5165	-0.0261811	198.108	207.289	0.955709
4794	0.00442407	0.308583	111.691	104.961	-18.5252	-0.0261813	198.1	207.29	0.955667
4795	0.00442497	0.308584	111.691	104.96	-18.5324	-0.0261815	198.093	207.29	0.955631
4796	0.00442587	0.308585	111.692	104.96	-18.5382	-0.0261817	198.087	207.291	0.955602
4797	0.00442677	0.308586	111.693	104.959	-18.5427	-0.0261819	198.083	207.291	0.955579
4798	0.00442767	0.308586	111.694	104.959	-18.5459	-0.0261821	198.08	207.292	0.955563
4799	0.00442857	0.308587	111.694	104.958	-18.5478	-0.0261823	198.079	207.292	0.955552
4800	0.00442947	0.308588	111.695	104.958	-18.5486	-0.0261825	198.078	207.293	0.955548
4801	0.00443037	0.308588	111.696	104.957	-18.5482	-0.0261828	198.079	207.293	0.955548
4802	0.00443127	0.308589	111.696	104.957	-18.5468	-0.0261831	198.08	207.294	0.955555
4803	0.00443217	0.30859	111.697	104.957	-18.5443	-0.0261834	198.083	207.294	0.955565
4804	0.00443306	0.30859	111.698	104.956	-18.5369	-0.0261839	198.091	207.295	0.955601
4805	0.00443396	0.308591	111.698	104.956	-18.5265	-0.0261844	198.101	207.295	0.95565
4806	0.00443486	0.308592	111.699	104.955	-18.5158	-0.0261849	198.112	207.295	0.9557
4807	0.00443576	0.308592	111.7	104.955	-18.5052	-0.0261854	198.123	207.296	0.955751
4808	0.00443666	0.308593	111.7	104.955	-18.495	-0.0261858	198.134	207.296	0.955799
4809	0.00443756	0.308594	111.701	104.954	-18.4853	-0.0261863	198.144	207.297	0.955845
4810	0.00443846	0.308594	111.701	104.954	-18.4762	-0.0261868	198.153	207.297	0.955888
4811	0.00443936	0.308595	111.702	104.954	-18.4681	-0.0261874	198.161	207.297	0.955926
4812	0.00444026	0.308595	111.702	104.953	-18.4611	-0.026188	198.168	207.298	0.95596
4813	0.00444115	0.308596	111.703	104.953	-18.4553	-0.0261886	198.174	207.298	0.955987
4814	0.00444205	0.308596	111.703	104.953	-18.4507	-0.0261893	198.179	207.299	0.956008
4815	0.00444295	0.308597	111.704	104.952	-18.4476	-0.0261899	198.182	207.299	0.956022
4816	0.00444385	0.308597	111.704	104.952	-18.4459	-0.0261906	198.184	207.299	0.95603
4817	0.00444475	0.308598	111.705	104.952	-18.4456	-0.0261913	198.185	207.3	0.956031
4818	0.00444565	0.308599	111.705	104.951	-18.4469	-0.026192	198.184	207.3	0.956023
4819	0.00444655	0.308599	111.706	104.951	-18.4498	-0.0261927	198.181	207.3	0.956009
4820	0.00444745	0.3086	111.707	104.951	-18.4543	-0.0261934	198.177	207.301	0.955987
4821	0.00444834	0.3086	111.707	104.95	-18.4603	-0.026194	198.171	207.301	0.955957
4822	0.00444924	0.308601	111.708	104.95	-18.4682	-0.0261946	198.163	207.301	0.955918
4823	0.00445014	0.308601	111.708	104.95	-18.4796	-0.0261951	198.152	207.302	0.955862
4824	0.00445104	0.308602	111.709	104.949	-18.4976	-0.0261954	198.134	207.302	0.955774
4825	0.00445194	0.308602	111.709	104.949	-18.513	-0.0261956	198.119	207.303	0.955699
4826	0.00445284	0.308603	111.71	104.948	-18.5262	-0.0261958	198.106	207.303	0.955635
4827	0.00445374	0.308604	111.711	104.948	-18.5373	-0.0261959	198.095	207.303	0.955581
4828	0.00445464	0.308604	111.711	104.948	-18.5464	-0.0261961	198.086	207.304	0.955536
4829	0.00445553	0.308605	111.712	104.947	-18.5541	-0.0261962	198.079	207.304	0.955498
4830	0.00445643	0.308605	111.712	104.947	-18.5603	-0.0261963	198.073	207.305	0.955467
4831	0.00445733	0.308606	111.713	104.946	-18.5651	-0.0261964	198.068	207.305	0.955443
4832	0.00445823	0.308607	111.714	104.946	-18.5687	-0.0261965	198.065	207.306	0.955425
4833	0.00445913	0.308607	111.714	104.946	-18.5709	-0.0261966	198.063	207.306	0.955413
4834	0.00446003	0.308608	111.715	104.945	-18.572	-0.0261968	198.062	207.306	0.955407
4835	0.00446093	0.308609	111.716	104.945	-18.5719	-0.026197	198.062	207.307	0.955407
4836	0.00446183	0.30861	111.716	104.944	-18.5706	-0.0261972	198.064	207.307	0.955412
4837	0.00446273	0.30861	111.717	104.944	-18.5683	-0.0261974	198.066	207.308	0.955422
4838	0.00446362	0.308611	111.718	104.943	-18.5612	-0.0261978	198.074	207.308	0.955455
4839	0.00446452	0.308612	111.719	104.943	-18.5508	-0.0261983	198.084	207.309	0.955504
4840	0.00446542	0.308612	111.719	104.942	-18.54	-0.0261987	198.096	207.309	0.955556
4841	0.00446632	0.308613	111.72	104.942	-18.5292	-0.0261991	198.107	207.31	0.955607
4842	0.00446722	0.308614	111.721	104.941	-18.5187	-0.0261995	198.117	207.31	0.955656
4843	0.00446812	0.308615	111.722	104.941	-18.5087	-0.0262	198.128	207.311	0.955703
4844	0.00446902	0.308616	111.722	104.94	-18.4994	-0.0262004	198.137	207.311	0.955747
4845	0.00446992	0.308616	111.723	104.94	-18.491	-0.026201	198.146	207.312	0.955787
4846	0.00447082	0.308617	111.724	104.939	-18.4836	-0.0262015	198.154	207.313	0.955821
4847	0.00447171	0.308618	111.725	104.939	-18.4774	-0.0262021	198.16	207.313	0.95585
4848	0.00447261	0.308619	111.726	104.938	-18.4725	-0.0262027	198.165	207.314	0.955872
4849	0.00447351	0.30862	111.727	104.938	-18.4691	-0.0262034	198.169	207.314	0.955888
4850	0.00447441	0.308621	111.727	104.937	-18.467	-0.026204	198.171	207.315	0.955896
4851	0.00447531	0.308622	111.728	104.937	-18.4664	-0.0262047	198.172	207.315	0.955898
4852	0.00447621	0.308623	111.729	104.936	-18.4675	-0.0262054	198.172	207.316	0.955892
4853	0.00447711	0.308623	111.73	104.935	-18.47	-0.0262061	198.169	207.317	0.955878
4854	0.00447801	0.308624	111.731	104.935	-18.4742	-0.0262068	198.166	207.317	0.955857
4855	0.0044789	0.308625	111.732	104.934	-18.4799	-0.0262074	198.16	207.318	0.955828
4856	0.0044798	0.308626	111.733	104.933	-18.4874	-0.026208	198.153	207.319	0.95579
4857	0.0044807	0.308628	111.734	104.933	-18.4976	-0.0262085	198.143	207.319	0.955739
4858	0.0044816	0.308629	111.735	104.932	-18.5161	-0.0262089	198.125	207.32	0.955649
4859	0.0044825	0.30863	111.737	104.931	-18.5319	-0.0262091	198.11	207.321	0.955571
4860	0.0044834	0.308631	111.738	104.931	-18.5453	-0.0262093	198.097	207.322	0.955505
4861	0.0044843	0.308632	111.739	104.93	-18.5566	-0.0262095	198.086	207.322	0.955449
4862	0.0044852	0.308633	111.74	104.929	-18.566	-0.0262097	198.077	207.323	0.955402
4863	0.00448609	0.308635	111.741	104.928	-18.5738	-0.0262098	198.07	207.324	0.955362
4864	0.00448699	0.308636	111.743	104.927	-18.5802	-0.0262099	198.064	207.325	0.95533
4865	0.00448789	0.308637	111.744	104.927	-18.5851	-0.0262101	198.059	207.326	0.955304
4866	0.00448879	0.308638	111.745	104.926	-18.5888	-0.0262102	198.056	207.327	0.955285
4867	0.00448969	0.30864	111.747	104.925	-18.5911	-0.0262104	198.054	207.328	0.955272
4868	0.00449059	0.308641	111.748	104.924	-18.5922	-0.0262105	198.054	207.329	0.955265
4869	0.00449149	0.308643	111.75	104.923	-18.5921	-0.0262107	198.054	207.33	0.955263
4870	0.00449239	0.308644	111.751	104.922	-18.5908	-0.026211	198.056	207.331	0.955267
4871	0.00449329	0.308646	111.753	104.921	-18.5885	-0.0262112	198.059	207.332	0.955276
4872	0.00449418	0.308647	111.754	104.92	-18.5813	-0.0262116	198.067	207.333	0.955309
4873	0.00449508	0.308649	111.756	104.919	-18.5707	-0.0262121	198.078	207.334	0.955358
4874	0.00449598	0.30865	111.757	104.918	-18.5597	-0.0262126	198.09	207.335	0.955409
4875	0.00449688	0.308652	111.759	104.917	-18.5487	-0.026213	198.101	207.336	0.95546
4876	0.00449778	0.308654	111.761	104.916	-18.5379	-0.0262134	198.112	207.337	0.95551
4877	0.00449868	0.308655	111.762	104.915	-18.5277	-0.0262139	198.123	207.338	0.955557
4878	0.00449958	0.308657	111.764	104.914	-18.5181	-0.0262144	198.134	207.339	0.955601
4879	0.00450048	0.308659	111.766	104.913	-18.5094	-0.0262149	198.143	207.34	0.95564
4880	0.00450137	0.308661	111.768	104.912	-18.5017	-0.0262155	198.151	207.342	0.955675
4881	0.00450227	0.308662	111.769	104.91	-18.4953	-0.0262161	198.158	207.343	0.955704
4882	0.00450317	0.308664	111.771	104.909	-18.4901	-0.0262168	198.164	207.344	0.955726
4883	0.00450407	0.308666	111.773	104.908	-18.4864	-0.0262174	198.169	207.345	0.955741
4884	0.00450497	0.308668	111.775	104.907	-18.4842	-0.0262181	198.172	207.347	0.955749
4885	0.00450587	0.30867	111.777	104.905	-18.4834	-0.0262188	198.173	207.348	0.95575
4886	0.00450677	0.308672	111.779	104.904	-18.4842	-0.0262195	198.173	207.349	0.955744
4887	0.00450767	0.308674	111.781	104.903	-18.4867	-0.0262202	198.171	207.351	0.955729
4888	0.00450856	0.308676	111.783	104.902	-18.4907	-0.0262208	198.168	207.352	0.955707
4889	0.00450946	0.308678	111.785	104.9	-18.4963	-0.0262215	198.163	207.354	0.955677
4890	0.00451036	0.308681	111.788	104.899	-18.5037	-0.0262221	198.157	207.355	0.955639
4891	0.00451126	0.308683	111.79	104.897	-18.5137	-0.0262226	198.147	207.357	0.955587
4892	0.00451216	0.308685	111.792	104.896	-18.5322	-0.026223	198.13	207.358	0.955495
4893	0.00451306	0.308687	111.794	104.895	-18.548	-0.0262232	198.115	207.36	0.955416
4894	0.00451396	0.30869	111.797	104.893	-18.5615	-0.0262234	198.102	207.361	0.955348
4895	0.00451486	0.308692	111.799	104.892	-18.5728	-0.0262236	198.091	207.363	0.95529
4896	0.00451575	0.308694	111.801	104.89	-18.5822	-0.0262237	198.083	207.364	0.955242
4897	0.00451665	0.308697	111.804	104.888	-18.59	-0.0262239	198.076	207.366	0.955201
4898	0.00451755	0.308699	111.806	104.887	-18.5963	-0.026224	198.071	207.368	0.955167
4899	0.00451845	0.308702	111.809	104.885	-18.6012	-0.0262241	198.067	207.369	0.95514
4900	0.00451935	0.308704	111.811	104.884	-18.6048	-0.0262242	198.064	207.371	0.955119
4901	0.00452025	0.308707	111.814	104.882	-18.6071	-0.0262244	198.063	207.373	0.955105
4902	0.00452115	0.308709	111.816	104.88	-18.6081	-0.0262245	198.062	207.374	0.955096
4903	0.00452205	0.308712	111.819	104.879	-18.6079	-0.0262247	198.064	207.376	0.955094
4904	0.00452294	0.308714	111.822	104.877	-18.6066	-0.0262249	198.066	207.378	0.955097
4905	0.00452384	0.308717	111.824	104.875	-18.6042	-0.0262252	198.069	207.38	0.955105
4906	0.00452474	0.30872	111.827	104.874	-18.5965	-0.0262256	198.078	207.381	0.955138
4907	0.00452564	0.308723	111.83	104.872	-18.5858	-0.026226	198.09	207.383	0.955186
4908	0.00452654	0.308725	111.832	104.87	-18.5746	-0.0262265	198.102	207.385	0.955237
4909	0.00452744	0.308728	111.835	104.869	-18.5634	-0.0262269	198.114	207.387	0.955287
4910	0.00452834	0.308731	111.838	104.867	-18.5525	-0.0262273	198.126	207.389	0.955336
4911	0.00452924	0.308733	111.84	104.865	-18.542	-0.0262278	198.137	207.391	0.955382
4912	0.00453014	0.308736	111.843	104.863	-18.5322	-0.0262282	198.148	207.393	0.955426
4913	0.00453103	0.308739	111.846	104.862	-18.5234	-0.0262288	198.158	207.394	0.955465
4914	0.00453193	0.308742	111.849	104.86	-18.5155	-0.0262293	198.167	207.396	0.955499
4915	0.00453283	0.308745	111.852	104.858	-18.5089	-0.0262299	198.175	207.398	0.955526
4916	0.00453373	0.308748	111.855	104.856	-18.5037	-0.0262305	198.181	207.4	0.955548
4917	0.00453463	0.308751	111.858	104.854	-18.4998	-0.0262312	198.186	207.402	0.955562
4918	0.00453553	0.308754	111.861	104.852	-18.4975	-0.0262319	198.189	207.404	0.95557
4919	0.00453643	0.308757	111.864	104.85	-18.4966	-0.0262325	198.191	207.406	0.95557
4920	0.00453732	0.30876	111.867	104.848	-18.4973	-0.0262332	198.192	207.408	0.955563
4921	0.00453822	0.308763	111.87	104.846	-18.4995	-0.0262339	198.19	207.41	0.955547
4922	0.00453912	0.308766	111.873	104.844	-18.5034	-0.0262345	198.188	207.413	0.955525
4923	0.00454002	0.308769	111.876	104.842	-18.5088	-0.0262352	198.183	207.415	0.955494
4924	0.00454092	0.308772	111.879	104.84	-18.5159	-0.0262358	198.178	207.417	0.955456
4925	0.00454182	0.308776	111.883	104.838	-18.5252	-0.0262363	198.169	207.419	0.955406
4926	0.00454272	0.308779	111.886	104.836	-18.5422	-0.0262367	198.154	207.421	0.95532
4927	0.00454362	0.308782	111.889	104.834	-18.5585	-0.0262369	198.139	207.423	0.955237
4928	0.00454451	0.308786	111.893	104.832	-18.5723	-0.0262371	198.126	207.426	0.955166
4929	0.00454541	0.308789	111.896	104.83	-18.5839	-0.0262372	198.116	207.428	0.955106
4930	0.00454631	0.308793	111.9	104.827	-18.5935	-0.0262374	198.107	207.43	0.955055
4931	0.00454721	0.308796	111.903	104.825	-18.6013	-0.0262375	198.101	207.433	0.955012
4932	0.00454811	0.3088	111.907	104.823	-18.6077	-0.0262376	198.096	207.435	0.954977
4933	0.00454901	0.308803	111.91	104.821	-18.6126	-0.0262377	198.092	207.437	0.954948
4934	0.00454991	0.308807	111.914	104.818	-18.6162	-0.0262378	198.09	207.44	0.954926
4935	0.00455081	0.30881	111.917	104.816	-18.6184	-0.0262379	198.089	207.442	0.954911
4936	0.0045517	0.308814	111.921	104.814	-18.6193	-0.0262381	198.089	207.445	0.954901
4937	0.0045526	0.308818	111.925	104.811	-18.619	-0.0262382	198.091	207.447	0.954898
4938	0.0045535	0.308822	111.929	104.809	-18.6175	-0.0262384	198.094	207.45	0.9549
4939	0.0045544	0.308825	111.933	104.806	-18.6149	-0.0262386	198.098	207.452	0.954907
4940	0.0045553	0.308829	111.936	104.804	-18.6066	-0.026239	198.107	207.455	0.954942
4941	0.0045562	0.308833	111.94	104.801	-18.5956	-0.0262395	198.12	207.458	0.95499
4942	0.0045571	0.308837	111.944	104.799	-18.5841	-0.0262399	198.133	207.46	0.95504
4943	0.004558	0.308841	111.948	104.796	-18.5726	-0.0262403	198.146	207.463	0.95509
4944	0.00455889	0.308845	111.952	104.794	-18.5614	-0.0262407	198.159	207.466	0.955138
4945	0.00455979	0.308849	111.957	104.791	-18.5506	-0.0262411	198.171	207.469	0.955185
4946	0.00456069	0.308854	111.961	104.788	-18.5405	-0.0262416	198.182	207.471	0.955228
4947	0.00456159	0.308858	111.965	104.786	-18.5313	-0.0262421	198.193	207.474	0.955267
4948	0.00456249	0.308862	111.969	104.783	-18.5232	-0.0262426	198.203	207.477	0.9553
4949	0.00456339	0.308866	111.974	104.78	-18.5162	-0.0262432	198.211	207.48	0.955328
4950	0.00456429	0.308871	111.978	104.777	-18.5106	-0.0262438	198.218	207.483	0.955349
4951	0.00456519	0.308875	111.982	104.775	-18.5064	-0.0262444	198.224	207.486	0.955363
4952	0.00456608	0.30888	111.987	104.772	-18.5037	-0.0262451	198.229	207.489	0.95537
4953	0.00456698	0.308884	111.991	104.769	-18.5025	-0.0262458	198.232	207.492	0.95537
4954	0.00456788	0.308889	111.996	104.766	-18.5028	-0.0262464	198.233	207.495	0.955362
4955	0.00456878	0.308893	112	104.763	-18.5047	-0.0262471	198.233	207.498	0.955347
4956	0.00456968	0.308898	112.005	104.76	-18.5081	-0.0262477	198.231	207.501	0.955324
4957	0.00457058	0.308903	112.01	104.757	-18.513	-0.0262484	198.228	207.504	0.955294
4958	0.00457148	0.308907	112.015	104.754	-18.5194	-0.026249	198.223	207.508	0.955257
4959	0.00457237	0.308912	112.02	104.751	-18.5274	-0.0262495	198.217	207.511	0.955212
4960	0.00457327	0.308917	112.024	104.748	-18.5385	-0.02625	198.207	207.514	0.955152
4961	0.00457417	0.308922	112.029	104.745	-18.5563	-0.0262502	198.191	207.517	0.95506
4962	0.00457507	0.308927	112.034	104.741	-18.5713	-0.0262504	198.178	207.521	0.954981
4963	0.00457597	0.308932	112.039	104.738	-18.5838	-0.0262506	198.168	207.524	0.954914
4964	0.00457687	0.308937	112.045	104.735	-18.5942	-0.0262507	198.159	207.528	0.954857
4965	0.00457777	0.308942	112.05	104.732	-18.6025	-0.0262509	198.153	207.531	0.95481
4966	0.00457867	0.308948	112.055	104.728	-18.6092	-0.026251	198.148	207.534	0.954771
4967	0.00457956	0.308953	112.06	104.725	-18.6144	-0.0262511	198.145	207.538	0.954739
4968	0.00458046	0.308958	112.065	104.722	-18.6181	-0.0262512	198.143	207.542	0.954714
4969	0.00458136	0.308964	112.071	104.718	-18.6204	-0.0262513	198.142	207.545	0.954695
4970	0.00458226	0.308969	112.076	104.715	-18.6214	-0.0262514	198.143	207.549	0.954683
4971	0.00458316	0.308975	112.082	104.711	-18.6211	-0.0262515	198.146	207.553	0.954677
4972	0.00458406	0.30898	112.087	104.708	-18.6196	-0.0262517	198.149	207.556	0.954677
4973	0.00458496	0.308986	112.093	104.704	-18.617	-0.0262519	198.154	207.56	0.954682
4974	0.00458586	0.308991	112.099	104.7	-18.6093	-0.0262522	198.164	207.564	0.954711
4975	0.00458676	0.308997	112.104	104.697	-18.5982	-0.0262526	198.177	207.568	0.954757
4976	0.00458765	0.309003	112.11	104.693	-18.5864	-0.026253	198.191	207.572	0.954806
4977	0.00458855	0.309009	112.116	104.689	-18.5746	-0.0262534	198.205	207.576	0.954855
4978	0.00458945	0.309015	112.122	104.686	-18.5629	-0.0262537	198.218	207.579	0.954904
4979	0.00459035	0.309021	112.128	104.682	-18.5516	-0.0262541	198.232	207.583	0.95495
4980	0.00459125	0.309027	112.134	104.678	-18.541	-0.0262546	198.245	207.588	0.954993
4981	0.00459215	0.309033	112.14	104.674	-18.5311	-0.0262551	198.257	207.592	0.955032
4982	0.00459305	0.309039	112.146	104.67	-18.5224	-0.0262556	198.268	207.596	0.955067
4983	0.00459395	0.309045	112.152	104.666	-18.5148	-0.0262561	198.278	207.6	0.955095
4984	0.00459484	0.309051	112.159	104.662	-18.5085	-0.0262567	198.286	207.604	0.955117
4985	0.00459574	0.309058	112.165	104.658	-18.5036	-0.0262574	198.293	207.608	0.955132
4986	0.00459664	0.309064	112.171	104.654	-18.5001	-0.026258	198.299	207.613	0.95514
4987	0.00459754	0.30907	112.178	104.65	-18.4981	-0.0262587	198.303	207.617	0.955141
4988	0.00459844	0.309077	112.184	104.646	-18.4977	-0.0262593	198.306	207.621	0.955134
4989	0.00459934	0.309083	112.191	104.642	-18.4988	-0.02626	198.307	207.626	0.95512
4990	0.00460024	0.30909	112.197	104.637	-18.5015	-0.0262606	198.307	207.63	0.955099
4991	0.00460113	0.309097	112.204	104.633	-18.5055	-0.0262613	198.306	207.635	0.95507
4992	0.00460203	0.309103	112.211	104.629	-18.511	-0.0262619	198.303	207.639	0.955035
4993	0.00460293	0.30911	112.218	104.625	-18.5178	-0.0262624	198.298	207.644	0.954993
4994	0.00460383	0.309117	112.224	104.62	-18.5266	-0.0262629	198.292	207.648	0.954941
4995	0.00460473	0.309124	112.231	104.616	-18.5409	-0.0262633	198.28	207.653	0.954863
4996	0.00460563	0.309131	112.238	104.611	-18.557	-0.0262635	198.266	207.658	0.954776
4997	0.00460653	0.309138	112.245	104.607	-18.5705	-0.0262637	198.256	207.662	0.954702
4998	0.00460743	0.309145	112.252	104.602	-18.5816	-0.0262638	198.247	207.667	0.954639
4999	0.00460832	0.309152	112.26	104.598	-18.5904	-0.026264	198.241	207.672	0.954587
5000	0.00460922	0.309159	112.267	104.593	-18.5975	-0.0262641	198.236	207.677	0.954543
5001	0.00461012	0.309166	112.274	104.589	-18.6029	-0.0262642	198.234	207.681	0.954508
5002	0.00461102	0.309174	112.281	104.584	-18.6068	-0.0262643	198.232	207.686	0.954479
5003	0.00461192	0.309181	112.289	104.579	-18.6092	-0.0262644	198.233	207.691	0.954458
5004	0.00461282	0.309188	112.296	104.575	-18.6103	-0.0262645	198.234	207.696	0.954443
5005	0.00461372	0.309196	112.303	104.57	-18.61	-0.0262646	198.237	207.701	0.954434
5006	0.00461462	0.309203	112.311	104.565	-18.6085	-0.0262647	198.241	207.706	0.954431
5007	0.00461552	0.309211	112.319	104.56	-18.6058	-0.0262649	198.247	207.711	0.954434
5008	0.00461641	0.309219	112.326	104.555	-18.6013	-0.0262651	198.254	207.716	0.954446
5009	0.00461731	0.309226	112.334	104.551	-18.5907	-0.0262655	198.267	207.722	0.954486
5010	0.00461821	0.309234	112.342	104.546	-18.5786	-0.0262659	198.282	207.727	0.954534
5011	0.00461911	0.309242	112.349	104.541	-18.5661	-0.0262663	198.298	207.732	0.954584
5012	0.00462001	0.30925	112.357	104.536	-18.5538	-0.0262666	198.313	207.737	0.954633
5013	0.00462091	0.309257	112.365	104.531	-18.5417	-0.026267	198.328	207.743	0.95468
5014	0.00462181	0.309265	112.373	104.526	-18.5302	-0.0262674	198.342	207.748	0.954725
5015	0.00462271	0.309273	112.381	104.521	-18.5194	-0.0262679	198.356	207.753	0.954766
5016	0.0046236	0.309281	112.389	104.515	-18.5096	-0.0262684	198.369	207.759	0.954803
5017	0.0046245	0.309289	112.397	104.51	-18.5009	-0.0262689	198.38	207.764	0.954834
5018	0.0046254	0.309298	112.405	104.505	-18.4935	-0.0262695	198.391	207.77	0.954859
5019	0.0046263	0.309306	112.413	104.5	-18.4874	-0.0262701	198.4	207.775	0.954877
5020	0.0046272	0.309314	112.422	104.495	-18.4828	-0.0262708	198.407	207.781	0.954888
5021	0.0046281	0.309322	112.43	104.489	-18.4797	-0.0262714	198.413	207.786	0.954892
5022	0.004629	0.309331	112.438	104.484	-18.478	-0.0262721	198.418	207.792	0.954889
5023	0.0046299	0.309339	112.447	104.479	-18.4779	-0.0262728	198.421	207.797	0.954878
5024	0.00463079	0.309347	112.455	104.473	-18.4794	-0.0262735	198.423	207.803	0.95486
5025	0.00463169	0.309356	112.464	104.468	-18.4824	-0.0262741	198.423	207.809	0.954835
5026	0.00463259	0.309364	112.472	104.462	-18.4867	-0.0262748	198.422	207.814	0.954802
5027	0.00463349	0.309373	112.481	104.457	-18.4924	-0.0262754	198.419	207.82	0.954764
5028	0.00463439	0.309381	112.489	104.452	-18.4995	-0.0262759	198.415	207.826	0.954718
5029	0.00463529	0.30939	112.498	104.446	-18.509	-0.0262764	198.409	207.832	0.95466
5030	0.00463619	0.309399	112.507	104.441	-18.5265	-0.0262767	198.394	207.837	0.954565
5031	0.00463709	0.309407	112.515	104.435	-18.5412	-0.026277	198.383	207.843	0.954482
5032	0.00463798	0.309416	112.524	104.429	-18.5533	-0.0262771	198.374	207.849	0.954413
5033	0.00463888	0.309425	112.533	104.424	-18.563	-0.0262773	198.367	207.855	0.954354
5034	0.00463978	0.309434	112.542	104.418	-18.5707	-0.0262775	198.363	207.861	0.954305
5035	0.00464068	0.309443	112.551	104.412	-18.5768	-0.0262776	198.36	207.867	0.954264
5036	0.00464158	0.309452	112.56	104.407	-18.5812	-0.0262777	198.359	207.873	0.954231
5037	0.00464248	0.309461	112.569	104.401	-18.5842	-0.0262778	198.359	207.879	0.954204
5038	0.00464338	0.30947	112.578	104.395	-18.5858	-0.0262779	198.361	207.885	0.954185
5039	0.00464428	0.309479	112.587	104.389	-18.586	-0.0262781	198.364	207.891	0.954172
5040	0.00464518	0.309488	112.596	104.384	-18.5849	-0.0262782	198.368	207.897	0.954165
5041	0.00464608	0.309497	112.605	104.378	-18.5827	-0.0262784	198.374	207.903	0.954163
5042	0.00464697	0.309506	112.614	104.372	-18.5793	-0.0262786	198.381	207.91	0.954167
5043	0.00464787	0.309515	112.623	104.366	-18.5709	-0.026279	198.392	207.916	0.954195
5044	0.00464877	0.309525	112.633	104.36	-18.5591	-0.0262794	198.407	207.922	0.95424
5045	0.00464967	0.309534	112.642	104.354	-18.5466	-0.0262798	198.423	207.928	0.954287
5046	0.00465057	0.309543	112.651	104.348	-18.5341	-0.0262802	198.439	207.935	0.954335
5047	0.00465147	0.309553	112.661	104.342	-18.5218	-0.0262806	198.455	207.941	0.954382
5048	0.00465237	0.309562	112.67	104.336	-18.5099	-0.0262811	198.47	207.947	0.954427
5049	0.00465327	0.309571	112.68	104.33	-18.4987	-0.0262815	198.485	207.953	0.954468
5050	0.00465416	0.309581	112.689	104.324	-18.4883	-0.0262821	198.499	207.96	0.954505
5051	0.00465506	0.30959	112.699	104.318	-18.479	-0.0262826	198.511	207.966	0.954537
5052	0.00465596	0.3096	112.708	104.312	-18.4709	-0.0262832	198.523	207.973	0.954564
5053	0.00465686	0.309609	112.718	104.306	-18.4641	-0.0262839	198.533	207.979	0.954583
5054	0.00465776	0.309619	112.727	104.3	-18.4588	-0.0262845	198.542	207.985	0.954596
5055	0.00465866	0.309629	112.737	104.294	-18.4549	-0.0262852	198.549	207.992	0.954602
5056	0.00465956	0.309638	112.747	104.288	-18.4525	-0.0262859	198.555	207.998	0.954601
5057	0.00466046	0.309648	112.756	104.281	-18.4517	-0.0262866	198.56	208.005	0.954592
5058	0.00466136	0.309658	112.766	104.275	-18.4524	-0.0262874	198.563	208.011	0.954576
5059	0.00466225	0.309667	112.776	104.269	-18.4547	-0.026288	198.564	208.018	0.954552
5060	0.00466315	0.309677	112.786	104.263	-18.4584	-0.0262887	198.564	208.024	0.954521
5061	0.00466405	0.309687	112.795	104.256	-18.4634	-0.0262894	198.562	208.031	0.954484
5062	0.00466495	0.309697	112.805	104.25	-18.47	-0.02629	198.559	208.038	0.954439
5063	0.00466585	0.309707	112.815	104.244	-18.4785	-0.0262906	198.554	208.044	0.954385
5064	0.00466675	0.309716	112.825	104.238	-18.4928	-0.026291	198.544	208.051	0.954303
5065	0.00466765	0.309726	112.835	104.231	-18.5086	-0.0262913	198.531	208.058	0.954214
5066	0.00466855	0.309736	112.845	104.225	-18.5216	-0.0262915	198.522	208.064	0.954138
5067	0.00466945	0.309746	112.855	104.219	-18.5323	-0.0262917	198.515	208.071	0.954074
5068	0.00467034	0.309756	112.865	104.212	-18.5407	-0.0262919	198.51	208.078	0.95402
5069	0.00467124	0.309766	112.875	104.206	-18.5474	-0.026292	198.507	208.084	0.953974
5070	0.00467214	0.309776	112.885	104.199	-18.5525	-0.0262922	198.506	208.091	0.953937
5071	0.00467304	0.309786	112.895	104.193	-18.556	-0.0262923	198.506	208.098	0.953906
5072	0.00467394	0.309796	112.906	104.186	-18.5581	-0.0262925	198.507	208.105	0.953883
5073	0.00467484	0.309807	112.916	104.18	-18.5589	-0.0262926	198.51	208.111	0.953866
5074	0.00467574	0.309817	112.926	104.173	-18.5583	-0.0262928	198.515	208.118	0.953855
5075	0.00467664	0.309827	112.936	104.167	-18.5565	-0.026293	198.52	208.125	0.95385
5076	0.00467754	0.309837	112.946	104.16	-18.5535	-0.0262932	198.527	208.132	0.953851
5077	0.00467844	0.309847	112.957	104.154	-18.5495	-0.0262935	198.535	208.139	0.953857
5078	0.00467933	0.309858	112.967	104.147	-18.5393	-0.026294	198.548	208.146	0.953892
5079	0.00468023	0.309868	112.977	104.141	-18.5269	-0.0262944	198.565	208.153	0.953938
5080	0.00468113	0.309878	112.988	104.134	-18.5142	-0.0262949	198.581	208.16	0.953985
5081	0.00468203	0.309889	112.998	104.127	-18.5015	-0.0262953	198.598	208.167	0.954032
5082	0.00468293	0.309899	113.008	104.121	-18.4891	-0.0262957	198.614	208.173	0.954078
5083	0.00468383	0.309909	113.019	104.114	-18.4773	-0.0262962	198.629	208.18	0.954121
5084	0.00468473	0.30992	113.029	104.107	-18.4662	-0.0262967	198.644	208.187	0.95416
5085	0.00468563	0.30993	113.04	104.101	-18.4561	-0.0262973	198.658	208.194	0.954195
5086	0.00468653	0.309941	113.05	104.094	-18.4471	-0.0262979	198.671	208.201	0.954225
5087	0.00468742	0.309951	113.061	104.087	-18.4394	-0.0262985	198.682	208.208	0.954248
5088	0.00468832	0.309962	113.071	104.081	-18.433	-0.0262992	198.693	208.216	0.954264
5089	0.00468922	0.309972	113.082	104.074	-18.4281	-0.0262999	198.701	208.223	0.954274
5090	0.00469012	0.309983	113.093	104.067	-18.4247	-0.0263006	198.709	208.23	0.954277
5091	0.00469102	0.309993	113.103	104.06	-18.4228	-0.0263013	198.714	208.237	0.954272
5092	0.00469192	0.310004	113.114	104.053	-18.4224	-0.026302	198.719	208.244	0.95426
5093	0.00469282	0.310014	113.125	104.047	-18.4236	-0.0263028	198.721	208.251	0.95424
5094	0.00469372	0.310025	113.135	104.04	-18.4263	-0.0263035	198.723	208.258	0.954213
5095	0.00469462	0.310035	113.146	104.033	-18.4304	-0.0263042	198.722	208.265	0.954179
5096	0.00469551	0.310046	113.157	104.026	-18.436	-0.0263049	198.721	208.272	0.954138
5097	0.00469641	0.310057	113.167	104.019	-18.4433	-0.0263055	198.717	208.28	0.954089
5098	0.00469731	0.310067	113.178	104.012	-18.4536	-0.026306	198.711	208.287	0.954025
5099	0.00469821	0.310078	113.189	104.006	-18.4706	-0.0263064	198.698	208.294	0.95393
5100	0.00469911	0.310089	113.2	103.999	-18.4847	-0.0263066	198.687	208.301	0.953847
5101	0.00470001	0.3101	113.211	103.992	-18.4964	-0.0263069	198.68	208.308	0.953777
5102	0.00470091	0.31011	113.221	103.985	-18.5058	-0.0263071	198.674	208.316	0.953717
5103	0.00470181	0.310121	113.232	103.978	-18.5133	-0.0263073	198.671	208.323	0.953668
5104	0.00470271	0.310132	113.243	103.971	-18.519	-0.0263075	198.669	208.33	0.953626
5105	0.00470361	0.310143	113.254	103.964	-18.5233	-0.0263077	198.669	208.337	0.953591
5106	0.00470451	0.310154	113.265	103.957	-18.526	-0.0263078	198.67	208.345	0.953564
5107	0.0047054	0.310164	113.276	103.95	-18.5274	-0.026308	198.672	208.352	0.953543
5108	0.0047063	0.310175	113.287	103.943	-18.5274	-0.0263082	198.676	208.359	0.953529
5109	0.0047072	0.310186	113.298	103.936	-18.5261	-0.0263084	198.682	208.366	0.95352
5110	0.0047081	0.310197	113.309	103.929	-18.5237	-0.0263086	198.688	208.374	0.953518
5111	0.004709	0.310208	113.32	103.922	-18.5201	-0.0263089	198.695	208.381	0.953521
5112	0.0047099	0.310219	113.33	103.915	-18.5134	-0.0263093	198.706	208.388	0.953538
5113	0.0047108	0.310229	113.341	103.908	-18.5018	-0.0263098	198.722	208.396	0.95358
5114	0.0047117	0.31024	113.352	103.901	-18.489	-0.0263103	198.738	208.403	0.953626
5115	0.0047126	0.310251	113.363	103.894	-18.4762	-0.0263108	198.755	208.41	0.953673
5116	0.0047135	0.310262	113.374	103.887	-18.4636	-0.0263112	198.772	208.417	0.953719
5117	0.00471439	0.310273	113.385	103.88	-18.4515	-0.0263117	198.788	208.425	0.953763
5118	0.00471529	0.310284	113.396	103.873	-18.4399	-0.0263123	198.803	208.432	0.953804
5119	0.00471619	0.310295	113.407	103.866	-18.4293	-0.0263128	198.818	208.439	0.953841
5120	0.00471709	0.310306	113.418	103.859	-18.4197	-0.0263135	198.832	208.447	0.953873
5121	0.00471799	0.310317	113.43	103.852	-18.4113	-0.0263141	198.844	208.454	0.953899
5122	0.00471889	0.310328	113.441	103.845	-18.4042	-0.0263148	198.855	208.461	0.953918
5123	0.00471979	0.310339	113.452	103.838	-18.3985	-0.0263155	198.865	208.469	0.953931
5124	0.00472069	0.31035	113.463	103.831	-18.3943	-0.0263163	198.873	208.476	0.953936
5125	0.00472159	0.31036	113.474	103.824	-18.3916	-0.026317	198.88	208.484	0.953935
5126	0.00472248	0.310371	113.485	103.817	-18.3905	-0.0263178	198.885	208.491	0.953926
5127	0.00472338	0.310382	113.496	103.81	-18.3909	-0.0263186	198.888	208.498	0.953909
5128	0.00472428	0.310393	113.507	103.803	-18.393	-0.0263194	198.89	208.506	0.953885
5129	0.00472518	0.310404	113.518	103.796	-18.3965	-0.0263201	198.891	208.513	0.953854
5130	0.00472608	0.310415	113.529	103.789	-18.4016	-0.0263208	198.89	208.52	0.953815
5131	0.00472698	0.310426	113.54	103.782	-18.4084	-0.0263215	198.887	208.528	0.953768
5132	0.00472788	0.310437	113.551	103.775	-18.4183	-0.0263221	198.881	208.535	0.953706
5133	0.00472878	0.310448	113.562	103.767	-18.4354	-0.0263225	198.868	208.542	0.953609
5134	0.00472968	0.310459	113.573	103.76	-18.4498	-0.0263228	198.858	208.55	0.953526
5135	0.00473058	0.31047	113.584	103.753	-18.4617	-0.0263231	198.85	208.557	0.953454
5136	0.00473148	0.310481	113.596	103.746	-18.4714	-0.0263233	198.844	208.564	0.953393
5137	0.00473237	0.310492	113.607	103.739	-18.4792	-0.0263236	198.84	208.572	0.953342
5138	0.00473327	0.310503	113.618	103.732	-18.4853	-0.0263238	198.838	208.579	0.953298
5139	0.00473417	0.310514	113.629	103.725	-18.49	-0.026324	198.838	208.587	0.953261
5140	0.00473507	0.310525	113.64	103.718	-18.4931	-0.0263242	198.838	208.594	0.953232
5141	0.00473597	0.310536	113.651	103.711	-18.4949	-0.0263244	198.841	208.601	0.953209
5142	0.00473687	0.310547	113.662	103.704	-18.4955	-0.0263247	198.844	208.609	0.953192
5143	0.00473777	0.310558	113.673	103.697	-18.4947	-0.0263249	198.849	208.616	0.953181
5144	0.00473867	0.310569	113.684	103.69	-18.4928	-0.0263252	198.855	208.623	0.953176
5145	0.00473957	0.310579	113.695	103.683	-18.4897	-0.0263255	198.862	208.631	0.953176
5146	0.00474047	0.31059	113.706	103.676	-18.4856	-0.0263259	198.87	208.638	0.953181
5147	0.00474137	0.310601	113.717	103.668	-18.4762	-0.0263264	198.883	208.645	0.953212
5148	0.00474226	0.310612	113.728	103.661	-18.464	-0.026327	198.9	208.653	0.953257
5149	0.00474316	0.310623	113.739	103.654	-18.4514	-0.0263275	198.916	208.66	0.953302
5150	0.00474406	0.310634	113.75	103.647	-18.439	-0.026328	198.932	208.667	0.953348
5151	0.00474496	0.310645	113.762	103.64	-18.427	-0.0263286	198.948	208.675	0.953391
5152	0.00474586	0.310656	113.773	103.633	-18.4155	-0.0263292	198.964	208.682	0.953432
5153	0.00474676	0.310667	113.784	103.626	-18.4048	-0.0263298	198.979	208.689	0.953468
5154	0.00474766	0.310678	113.795	103.619	-18.3951	-0.0263304	198.992	208.697	0.953501
5155	0.00474856	0.310688	113.806	103.612	-18.3866	-0.0263311	199.005	208.704	0.953527
5156	0.00474946	0.310699	113.817	103.605	-18.3794	-0.0263318	199.016	208.711	0.953548
5157	0.00475036	0.31071	113.828	103.598	-18.3735	-0.0263325	199.026	208.718	0.953561
5158	0.00475125	0.310721	113.839	103.591	-18.3691	-0.0263333	199.034	208.726	0.953568
5159	0.00475215	0.310732	113.85	103.584	-18.3662	-0.0263341	199.041	208.733	0.953568
5160	0.00475305	0.310743	113.86	103.577	-18.3648	-0.0263349	199.046	208.74	0.953561
5161	0.00475395	0.310753	113.871	103.57	-18.365	-0.0263357	199.05	208.747	0.953545
5162	0.00475485	0.310764	113.882	103.563	-18.3668	-0.0263365	199.052	208.755	0.953522
5163	0.00475575	0.310775	113.893	103.556	-18.3703	-0.0263373	199.053	208.762	0.953492
5164	0.00475665	0.310786	113.904	103.549	-18.3753	-0.0263381	199.052	208.769	0.953453
5165	0.00475755	0.310796	113.915	103.542	-18.3822	-0.0263388	199.049	208.776	0.953406
5166	0.00475845	0.310807	113.926	103.535	-18.3923	-0.0263394	199.043	208.784	0.953344
5167	0.00475935	0.310818	113.937	103.528	-18.4097	-0.0263399	199.029	208.791	0.953246
5168	0.00476025	0.310829	113.948	103.521	-18.4245	-0.0263402	199.018	208.798	0.953162
5169	0.00476114	0.310839	113.959	103.514	-18.4369	-0.0263405	199.01	208.805	0.953088
5170	0.00476204	0.31085	113.97	103.507	-18.4472	-0.0263408	199.003	208.812	0.953025
5171	0.00476294	0.310861	113.98	103.5	-18.4555	-0.0263411	198.999	208.82	0.952971
5172	0.00476384	0.310871	113.991	103.493	-18.4623	-0.0263414	198.996	208.827	0.952924
5173	0.00476474	0.310882	114.002	103.487	-18.4676	-0.0263416	198.995	208.834	0.952885
5174	0.00476564	0.310893	114.013	103.48	-18.4715	-0.0263419	198.995	208.841	0.952852
5175	0.00476654	0.310903	114.024	103.473	-18.4741	-0.0263421	198.996	208.848	0.952826
5176	0.00476744	0.310914	114.035	103.466	-18.4754	-0.0263424	198.999	208.855	0.952806
5177	0.00476834	0.310925	114.045	103.459	-18.4754	-0.0263426	199.003	208.863	0.952792
5178	0.00476924	0.310935	114.056	103.452	-18.4742	-0.0263429	199.008	208.87	0.952784
5179	0.00477014	0.310946	114.067	103.445	-18.472	-0.0263433	199.014	208.877	0.952781
5180	0.00477104	0.310956	114.078	103.438	-18.4687	-0.0263437	199.021	208.884	0.952783
5181	0.00477193	0.310967	114.088	103.431	-18.4624	-0.0263441	199.031	208.891	0.952799
5182	0.00477283	0.310977	114.099	103.425	-18.4513	-0.0263448	199.046	208.898	0.952838
5183	0.00477373	0.310988	114.11	103.418	-18.4394	-0.0263453	199.062	208.905	0.952881
5184	0.00477463	0.310998	114.12	103.411	-18.4276	-0.0263459	199.077	208.912	0.952924
5185	0.00477553	0.311009	114.131	103.404	-18.4161	-0.0263465	199.093	208.919	0.952966
5186	0.00477643	0.311019	114.142	103.397	-18.4051	-0.0263471	199.108	208.926	0.953004
5187	0.00477733	0.31103	114.152	103.391	-18.3949	-0.0263477	199.122	208.933	0.95304
5188	0.00477823	0.31104	114.163	103.384	-18.3856	-0.0263483	199.135	208.94	0.953071
5189	0.00477913	0.311051	114.174	103.377	-18.3773	-0.026349	199.147	208.947	0.953097
5190	0.00478003	0.311061	114.184	103.37	-18.3703	-0.0263497	199.158	208.954	0.953117
5191	0.00478093	0.311072	114.195	103.363	-18.3647	-0.0263504	199.167	208.961	0.95313
5192	0.00478182	0.311082	114.205	103.357	-18.3604	-0.0263512	199.175	208.968	0.953137
5193	0.00478272	0.311092	114.216	103.35	-18.3577	-0.026352	199.182	208.975	0.953136
5194	0.00478362	0.311103	114.226	103.343	-18.3564	-0.0263528	199.187	208.982	0.953129
5195	0.00478452	0.311113	114.237	103.337	-18.3567	-0.0263536	199.19	208.989	0.953114
5196	0.00478542	0.311123	114.247	103.33	-18.3587	-0.0263544	199.192	208.996	0.953091
5197	0.00478632	0.311133	114.258	103.323	-18.3622	-0.0263552	199.192	209.003	0.953061
5198	0.00478722	0.311144	114.268	103.316	-18.3675	-0.026356	199.191	209.01	0.953022
5199	0.00478812	0.311154	114.279	103.31	-18.3747	-0.0263567	199.187	209.017	0.952974
5200	0.00478902	0.311164	114.289	103.303	-18.3853	-0.0263574	199.181	209.023	0.95291
5201	0.00478992	0.311174	114.3	103.296	-18.403	-0.0263578	199.167	209.03	0.952812
5202	0.00479081	0.311185	114.31	103.29	-18.4181	-0.0263582	199.155	209.037	0.952727
5203	0.00479171	0.311195	114.32	103.283	-18.431	-0.0263585	199.146	209.044	0.952652
5204	0.00479261	0.311205	114.331	103.277	-18.4418	-0.0263588	199.139	209.051	0.952587
5205	0.00479351	0.311215	114.341	103.27	-18.4507	-0.0263591	199.134	209.058	0.952531
5206	0.00479441	0.311225	114.351	103.263	-18.4581	-0.0263594	199.13	209.064	0.952483
5207	0.00479531	0.311235	114.362	103.257	-18.4641	-0.0263596	199.128	209.071	0.952441
5208	0.00479621	0.311245	114.372	103.25	-18.4687	-0.0263598	199.127	209.078	0.952406
5209	0.00479711	0.311255	114.382	103.244	-18.472	-0.0263601	199.127	209.085	0.952377
5210	0.00479801	0.311265	114.392	103.237	-18.474	-0.0263603	199.129	209.091	0.952354
5211	0.00479891	0.311275	114.402	103.231	-18.4748	-0.0263606	199.132	209.098	0.952337
5212	0.00479981	0.311285	114.413	103.224	-18.4744	-0.0263609	199.136	209.105	0.952326
5213	0.00480071	0.311295	114.423	103.218	-18.473	-0.0263613	199.141	209.112	0.95232
5214	0.0048016	0.311305	114.433	103.211	-18.4705	-0.0263617	199.147	209.118	0.952319
5215	0.0048025	0.311315	114.443	103.205	-18.4671	-0.0263621	199.154	209.125	0.952322
5216	0.0048034	0.311325	114.453	103.198	-18.4583	-0.0263627	199.167	209.132	0.952351
5217	0.0048043	0.311335	114.463	103.192	-18.4472	-0.0263633	199.181	209.138	0.952391
5218	0.0048052	0.311345	114.473	103.185	-18.4361	-0.0263639	199.196	209.145	0.952432
5219	0.0048061	0.311355	114.483	103.179	-18.4252	-0.0263645	199.211	209.151	0.952471
5220	0.004807	0.311365	114.494	103.172	-18.4147	-0.026365	199.225	209.158	0.952508
5221	0.0048079	0.311374	114.504	103.166	-18.4049	-0.0263656	199.238	209.165	0.952542
5222	0.0048088	0.311384	114.514	103.16	-18.396	-0.0263662	199.251	209.171	0.952572
5223	0.0048097	0.311394	114.523	103.153	-18.3881	-0.0263669	199.262	209.178	0.952597
5224	0.00481059	0.311404	114.533	103.147	-18.3814	-0.0263676	199.273	209.184	0.952617
5225	0.00481149	0.311413	114.543	103.14	-18.3759	-0.0263683	199.282	209.191	0.95263
5226	0.00481239	0.311423	114.553	103.134	-18.3719	-0.0263691	199.289	209.197	0.952637
5227	0.00481329	0.311433	114.563	103.128	-18.3693	-0.0263699	199.295	209.204	0.952637
5228	0.00481419	0.311443	114.573	103.121	-18.3681	-0.0263707	199.3	209.21	0.95263
5229	0.00481509	0.311452	114.583	103.115	-18.3684	-0.0263715	199.303	209.217	0.952616
5230	0.00481599	0.311462	114.593	103.109	-18.3704	-0.0263723	199.305	209.223	0.952594
5231	0.00481689	0.311471	114.603	103.103	-18.374	-0.026373	199.305	209.23	0.952564
5232	0.00481779	0.311481	114.612	103.096	-18.3792	-0.0263738	199.303	209.236	0.952527
5233	0.00481869	0.311491	114.622	103.09	-18.3863	-0.0263745	199.3	209.243	0.95248
5234	0.00481958	0.3115	114.632	103.084	-18.3963	-0.0263752	199.293	209.249	0.95242
5235	0.00482048	0.31151	114.642	103.077	-18.4147	-0.0263756	199.278	209.255	0.95232
5236	0.00482138	0.311519	114.651	103.071	-18.4306	-0.026376	199.266	209.262	0.952231
5237	0.00482228	0.311529	114.661	103.065	-18.4443	-0.0263763	199.256	209.268	0.952154
5238	0.00482318	0.311538	114.671	103.059	-18.4559	-0.0263766	199.247	209.275	0.952086
5239	0.00482408	0.311548	114.681	103.053	-18.4657	-0.0263768	199.241	209.281	0.952027
5240	0.00482498	0.311557	114.69	103.046	-18.4739	-0.0263771	199.236	209.287	0.951976
5241	0.00482588	0.311566	114.7	103.04	-18.4807	-0.0263773	199.233	209.294	0.951931
5242	0.00482678	0.311576	114.709	103.034	-18.4862	-0.0263775	199.231	209.3	0.951892
5243	0.00482768	0.311585	114.719	103.028	-18.4903	-0.0263778	199.23	209.306	0.951861
5244	0.00482857	0.311595	114.729	103.022	-18.4932	-0.026378	199.231	209.313	0.951835
5245	0.00482947	0.311604	114.738	103.016	-18.4949	-0.0263782	199.233	209.319	0.951815
5246	0.00483037	0.311613	114.748	103.01	-18.4954	-0.0263785	199.236	209.325	0.9518
5247	0.00483127	0.311622	114.757	103.004	-18.4948	-0.0263788	199.24	209.331	0.951791
5248	0.00483217	0.311632	114.767	102.997	-18.4932	-0.0263792	199.245	209.338	0.951786
5249	0.00483307	0.311641	114.776	102.991	-18.4906	-0.0263796	199.251	209.344	0.951787
5250	0.00483397	0.31165	114.786	102.985	-18.4835	-0.0263801	199.261	209.35	0.951809
5251	0.00483487	0.311659	114.795	102.979	-18.4734	-0.0263807	199.275	209.356	0.951845
5252	0.00483577	0.311669	114.805	102.973	-18.4629	-0.0263813	199.289	209.362	0.951883
5253	0.00483667	0.311678	114.814	102.967	-18.4526	-0.0263818	199.302	209.368	0.951921
5254	0.00483757	0.311687	114.823	102.961	-18.4428	-0.0263824	199.315	209.375	0.951956
5255	0.00483846	0.311696	114.833	102.955	-18.4335	-0.0263829	199.328	209.381	0.951988
5256	0.00483936	0.311705	114.842	102.949	-18.4251	-0.0263835	199.34	209.387	0.952017
5257	0.00484026	0.311714	114.851	102.943	-18.4176	-0.0263841	199.351	209.393	0.952041
5258	0.00484116	0.311723	114.861	102.937	-18.4112	-0.0263848	199.36	209.399	0.952059
5259	0.00484206	0.311732	114.87	102.931	-18.4061	-0.0263855	199.369	209.405	0.952072
5260	0.00484296	0.311742	114.879	102.925	-18.4023	-0.0263862	199.376	209.411	0.952079
5261	0.00484386	0.311751	114.888	102.92	-18.3999	-0.026387	199.382	209.417	0.952078
5262	0.00484476	0.31176	114.898	102.914	-18.3989	-0.0263878	199.386	209.423	0.952071
5263	0.00484565	0.311768	114.907	102.908	-18.3995	-0.0263885	199.389	209.429	0.952057
5264	0.00484655	0.311777	114.916	102.902	-18.4016	-0.0263893	199.39	209.435	0.952035
5265	0.00484745	0.311786	114.925	102.896	-18.4053	-0.0263901	199.389	209.441	0.952006
5266	0.00484835	0.311795	114.934	102.89	-18.4107	-0.0263908	199.387	209.447	0.951969
5267	0.00484925	0.311804	114.943	102.884	-18.4179	-0.0263915	199.383	209.453	0.951923
5268	0.00485015	0.311813	114.953	102.878	-18.4278	-0.0263922	199.377	209.459	0.951864
5269	0.00485105	0.311822	114.962	102.873	-18.4467	-0.0263926	199.361	209.465	0.951762
5270	0.00485195	0.311831	114.971	102.867	-18.463	-0.0263929	199.348	209.471	0.951673
5271	0.00485285	0.31184	114.98	102.861	-18.4771	-0.0263932	199.337	209.477	0.951594
5272	0.00485375	0.311848	114.989	102.855	-18.4892	-0.0263935	199.328	209.483	0.951525
5273	0.00485464	0.311857	114.998	102.849	-18.4995	-0.0263937	199.321	209.489	0.951465
5274	0.00485554	0.311866	115.007	102.844	-18.5082	-0.026394	199.316	209.495	0.951412
5275	0.00485644	0.311875	115.016	102.838	-18.5155	-0.0263942	199.312	209.501	0.951366
5276	0.00485734	0.311883	115.025	102.832	-18.5216	-0.0263944	199.309	209.507	0.951326
5277	0.00485824	0.311892	115.034	102.827	-18.5262	-0.0263946	199.307	209.512	0.951292
5278	0.00485914	0.311901	115.042	102.821	-18.5297	-0.0263948	199.307	209.518	0.951265
5279	0.00486004	0.311909	115.051	102.815	-18.5319	-0.026395	199.308	209.524	0.951243
5280	0.00486094	0.311918	115.06	102.809	-18.533	-0.0263953	199.31	209.53	0.951226
5281	0.00486184	0.311927	115.069	102.804	-18.5331	-0.0263956	199.313	209.536	0.951215
5282	0.00486274	0.311935	115.078	102.798	-18.532	-0.0263959	199.318	209.541	0.951209
5283	0.00486363	0.311944	115.087	102.792	-18.5301	-0.0263963	199.323	209.547	0.951207
5284	0.00486453	0.311952	115.096	102.787	-18.5235	-0.0263968	199.332	209.553	0.951227
5285	0.00486543	0.311961	115.104	102.781	-18.5139	-0.0263973	199.345	209.559	0.951263
5286	0.00486633	0.311969	115.113	102.776	-18.5039	-0.0263979	199.358	209.564	0.951299
5287	0.00486723	0.311978	115.122	102.77	-18.4941	-0.0263984	199.371	209.57	0.951335
5288	0.00486813	0.311986	115.131	102.764	-18.4847	-0.0263989	199.384	209.576	0.951369
5289	0.00486903	0.311995	115.139	102.759	-18.4759	-0.0263994	199.396	209.581	0.9514
5290	0.00486993	0.312003	115.148	102.753	-18.4678	-0.0263999	199.407	209.587	0.951427
5291	0.00487082	0.312012	115.157	102.748	-18.4607	-0.0264005	199.417	209.593	0.951451
5292	0.00487172	0.31202	115.165	102.742	-18.4546	-0.0264011	199.426	209.598	0.951469
5293	0.00487262	0.312028	115.174	102.737	-18.4498	-0.0264018	199.434	209.604	0.951481
5294	0.00487352	0.312037	115.182	102.731	-18.4463	-0.0264025	199.441	209.61	0.951487
5295	0.00487442	0.312045	115.191	102.726	-18.4442	-0.0264032	199.446	209.615	0.951486
5296	0.00487532	0.312053	115.2	102.72	-18.4435	-0.0264039	199.45	209.621	0.951479
5297	0.00487622	0.312062	115.208	102.715	-18.4442	-0.0264046	199.452	209.626	0.951465
5298	0.00487712	0.31207	115.217	102.709	-18.4466	-0.0264053	199.453	209.632	0.951443
5299	0.00487801	0.312078	115.225	102.704	-18.4505	-0.026406	199.452	209.638	0.951413
5300	0.00487891	0.312087	115.234	102.698	-18.4561	-0.0264067	199.449	209.643	0.951376
5301	0.00487981	0.312095	115.242	102.693	-18.4634	-0.0264074	199.445	209.649	0.951331
5302	0.00488071	0.312103	115.251	102.687	-18.4732	-0.0264079	199.438	209.654	0.951273
5303	0.00488161	0.312111	115.259	102.682	-18.4912	-0.0264083	199.423	209.66	0.951177
5304	0.00488251	0.312119	115.267	102.677	-18.5083	-0.0264086	199.409	209.665	0.951085
5305	0.00488341	0.312128	115.276	102.671	-18.523	-0.0264089	199.398	209.671	0.951004
5306	0.00488431	0.312136	115.284	102.666	-18.5357	-0.0264091	199.388	209.676	0.950933
5307	0.00488521	0.312144	115.293	102.66	-18.5464	-0.0264093	199.38	209.681	0.950872
5308	0.0048861	0.312152	115.301	102.655	-18.5556	-0.0264094	199.374	209.687	0.950817
5309	0.004887	0.31216	115.309	102.65	-18.5634	-0.0264096	199.369	209.692	0.95077
5310	0.0048879	0.312168	115.317	102.644	-18.5698	-0.0264097	199.366	209.698	0.950729
5311	0.0048888	0.312176	115.326	102.639	-18.5749	-0.0264099	199.364	209.703	0.950694
5312	0.0048897	0.312184	115.334	102.634	-18.5788	-0.02641	199.363	209.709	0.950665
5313	0.0048906	0.312192	115.342	102.629	-18.5815	-0.0264102	199.363	209.714	0.950642
5314	0.0048915	0.3122	115.351	102.623	-18.583	-0.0264104	199.364	209.719	0.950625
5315	0.0048924	0.312208	115.359	102.618	-18.5834	-0.0264106	199.367	209.725	0.950613
5316	0.00489329	0.312216	115.367	102.613	-18.5827	-0.0264109	199.371	209.73	0.950606
5317	0.00489419	0.312224	115.375	102.608	-18.5811	-0.0264112	199.375	209.735	0.950603
5318	0.00489509	0.312232	115.383	102.602	-18.5746	-0.0264116	199.385	209.741	0.950624
5319	0.00489599	0.31224	115.391	102.597	-18.5651	-0.0264121	199.397	209.746	0.950659
5320	0.00489689	0.312248	115.4	102.592	-18.5554	-0.0264126	199.41	209.751	0.950696
5321	0.00489779	0.312256	115.408	102.587	-18.5458	-0.026413	199.422	209.757	0.950731
5322	0.00489869	0.312263	115.416	102.581	-18.5365	-0.0264134	199.434	209.762	0.950765
5323	0.00489959	0.312271	115.424	102.576	-18.5278	-0.0264139	199.446	209.767	0.950797
5324	0.00490048	0.312279	115.432	102.571	-18.5198	-0.0264143	199.457	209.772	0.950825
5325	0.00490138	0.312287	115.44	102.566	-18.5128	-0.0264148	199.467	209.778	0.950849
5326	0.00490228	0.312295	115.448	102.561	-18.5068	-0.0264154	199.476	209.783	0.950867
5327	0.00490318	0.312302	115.456	102.556	-18.502	-0.026416	199.483	209.788	0.95088
5328	0.00490408	0.31231	115.464	102.551	-18.4985	-0.0264166	199.489	209.793	0.950887
5329	0.00490498	0.312318	115.472	102.545	-18.4964	-0.0264172	199.494	209.798	0.950887
5330	0.00490588	0.312325	115.48	102.54	-18.4957	-0.0264178	199.498	209.803	0.95088
5331	0.00490678	0.312333	115.488	102.535	-18.4965	-0.0264185	199.5	209.809	0.950867
5332	0.00490767	0.312341	115.496	102.53	-18.4989	-0.0264191	199.5	209.814	0.950845
5333	0.00490857	0.312348	115.503	102.525	-18.5028	-0.0264197	199.499	209.819	0.950817
5334	0.00490947	0.312356	115.511	102.52	-18.5083	-0.0264203	199.497	209.824	0.950781
5335	0.00491037	0.312364	115.519	102.515	-18.5156	-0.0264209	199.492	209.829	0.950737
5336	0.00491127	0.312371	115.527	102.51	-18.5249	-0.0264214	199.486	209.834	0.950682
5337	0.00491217	0.312379	115.535	102.505	-18.5398	-0.0264218	199.474	209.839	0.950602
5338	0.00491307	0.312386	115.543	102.5	-18.5578	-0.026422	199.458	209.844	0.950506
5339	0.00491396	0.312394	115.551	102.495	-18.5734	-0.0264222	199.446	209.85	0.950422
5340	0.00491486	0.312402	115.558	102.49	-18.5867	-0.0264223	199.435	209.855	0.950349
5341	0.00491576	0.312409	115.566	102.485	-18.5981	-0.0264224	199.426	209.86	0.950285
5342	0.00491666	0.312417	115.574	102.48	-18.6077	-0.0264224	199.42	209.865	0.95023
5343	0.00491756	0.312424	115.582	102.475	-18.6159	-0.0264225	199.414	209.87	0.950181
5344	0.00491846	0.312432	115.589	102.47	-18.6227	-0.0264225	199.41	209.875	0.950139
5345	0.00491936	0.312439	115.597	102.465	-18.6281	-0.0264226	199.408	209.88	0.950104
5346	0.00492026	0.312447	115.605	102.46	-18.6322	-0.0264226	199.406	209.885	0.950075
5347	0.00492115	0.312454	115.613	102.455	-18.6351	-0.0264227	199.406	209.89	0.950051
5348	0.00492205	0.312461	115.62	102.45	-18.6368	-0.0264227	199.407	209.895	0.950034
5349	0.00492295	0.312469	115.628	102.445	-18.6373	-0.0264228	199.409	209.9	0.950022
5350	0.00492385	0.312476	115.636	102.44	-18.6368	-0.0264229	199.413	209.905	0.950015
5351	0.00492475	0.312484	115.643	102.435	-18.6353	-0.0264231	199.417	209.91	0.950013
5352	0.00492565	0.312491	115.651	102.43	-18.629	-0.0264234	199.426	209.915	0.950033
5353	0.00492655	0.312498	115.659	102.426	-18.6194	-0.0264238	199.438	209.92	0.950069
5354	0.00492745	0.312506	115.666	102.421	-18.6095	-0.0264241	199.451	209.925	0.950107
5355	0.00492834	0.312513	115.674	102.416	-18.5997	-0.0264244	199.463	209.93	0.950144
5356	0.00492924	0.312521	115.681	102.411	-18.5902	-0.0264248	199.476	209.935	0.95018
5357	0.00493014	0.312528	115.689	102.406	-18.5811	-0.0264251	199.487	209.939	0.950214
5358	0.00493104	0.312535	115.697	102.401	-18.5728	-0.0264255	199.498	209.944	0.950244
5359	0.00493194	0.312542	115.704	102.396	-18.5654	-0.0264259	199.509	209.949	0.95027
5360	0.00493284	0.31255	115.712	102.391	-18.559	-0.0264263	199.518	209.954	0.950291
5361	0.00493373	0.312557	115.719	102.387	-18.5538	-0.0264268	199.526	209.959	0.950307
5362	0.00493463	0.312564	115.727	102.382	-18.55	-0.0264273	199.532	209.964	0.950316
5363	0.00493553	0.312572	115.734	102.377	-18.5475	-0.0264278	199.537	209.969	0.950318
5364	0.00493643	0.312579	115.742	102.372	-18.5464	-0.0264284	199.541	209.974	0.950314
5365	0.00493733	0.312586	115.749	102.367	-18.5468	-0.026429	199.543	209.979	0.950303
5366	0.00493823	0.312593	115.757	102.362	-18.5488	-0.0264295	199.544	209.983	0.950284
5367	0.00493913	0.312601	115.764	102.358	-18.5523	-0.0264301	199.543	209.988	0.950258
5368	0.00494002	0.312608	115.772	102.353	-18.5575	-0.0264306	199.541	209.993	0.950225
5369	0.00494092	0.312615	115.779	102.348	-18.5642	-0.0264311	199.537	209.998	0.950183
5370	0.00494182	0.312622	115.787	102.343	-18.573	-0.0264316	199.53	210.003	0.950132
5371	0.00494272	0.312629	115.794	102.338	-18.5858	-0.026432	199.52	210.008	0.950062
5372	0.00494362	0.312637	115.802	102.334	-18.6043	-0.0264322	199.505	210.013	0.949965
5373	0.00494452	0.312644	115.809	102.329	-18.6202	-0.0264323	199.491	210.017	0.94988
5374	0.00494542	0.312651	115.817	102.324	-18.6338	-0.0264324	199.48	210.022	0.949806
5375	0.00494631	0.312658	115.824	102.319	-18.6454	-0.0264324	199.471	210.027	0.949742
5376	0.00494721	0.312665	115.831	102.314	-18.6551	-0.0264325	199.464	210.032	0.949687
5377	0.00494811	0.312672	115.839	102.31	-18.6633	-0.0264325	199.459	210.037	0.949639
5378	0.00494901	0.312679	115.846	102.305	-18.6701	-0.0264325	199.455	210.041	0.949597
5379	0.00494991	0.312687	115.854	102.3	-18.6754	-0.0264325	199.452	210.046	0.949562
5380	0.00495081	0.312694	115.861	102.295	-18.6795	-0.0264325	199.45	210.051	0.949534
5381	0.00495171	0.312701	115.868	102.291	-18.6824	-0.0264326	199.45	210.056	0.949511
5382	0.0049526	0.312708	115.876	102.286	-18.684	-0.0264326	199.451	210.06	0.949495
5383	0.0049535	0.312715	115.883	102.281	-18.6844	-0.0264327	199.453	210.065	0.949484
5384	0.0049544	0.312722	115.89	102.277	-18.6837	-0.0264328	199.457	210.07	0.949478
5385	0.0049553	0.312729	115.898	102.272	-18.682	-0.0264329	199.461	210.075	0.949477
5386	0.0049562	0.312736	115.905	102.267	-18.6758	-0.0264332	199.47	210.079	0.949498
5387	0.0049571	0.312743	115.912	102.262	-18.6659	-0.0264336	199.482	210.084	0.949536
5388	0.004958	0.31275	115.92	102.258	-18.6556	-0.0264339	199.495	210.089	0.949576
5389	0.00495889	0.312757	115.927	102.253	-18.6453	-0.0264342	199.508	210.094	0.949616
5390	0.00495979	0.312764	115.934	102.248	-18.6353	-0.0264345	199.521	210.098	0.949655
5391	0.00496069	0.312771	115.941	102.244	-18.6258	-0.0264348	199.533	210.103	0.949691
5392	0.00496159	0.312778	115.949	102.239	-18.6169	-0.0264352	199.544	210.108	0.949725
5393	0.00496249	0.312785	115.956	102.234	-18.6089	-0.0264356	199.555	210.112	0.949754
5394	0.00496339	0.312792	115.963	102.23	-18.602	-0.026436	199.564	210.117	0.949778
5395	0.00496429	0.312799	115.97	102.225	-18.5963	-0.0264364	199.573	210.122	0.949796
5396	0.00496518	0.312806	115.978	102.22	-18.5919	-0.0264369	199.58	210.126	0.949808
5397	0.00496608	0.312813	115.985	102.216	-18.5889	-0.0264374	199.585	210.131	0.949814
5398	0.00496698	0.31282	115.992	102.211	-18.5873	-0.026438	199.59	210.136	0.949812
5399	0.00496788	0.312827	115.999	102.206	-18.5872	-0.0264385	199.592	210.14	0.949804
5400	0.00496878	0.312834	116.007	102.202	-18.5886	-0.0264391	199.593	210.145	0.949788
5401	0.00496968	0.312841	116.014	102.197	-18.5917	-0.0264396	199.593	210.15	0.949765
5402	0.00497057	0.312848	116.021	102.193	-18.5964	-0.0264401	199.591	210.154	0.949734
5403	0.00497147	0.312855	116.028	102.188	-18.6027	-0.0264406	199.587	210.159	0.949695
5404	0.00497237	0.312862	116.035	102.183	-18.6109	-0.0264411	199.581	210.164	0.949647
5405	0.00497327	0.312868	116.043	102.179	-18.6229	-0.0264414	199.572	210.168	0.949581
5406	0.00497417	0.312875	116.05	102.174	-18.6413	-0.0264416	199.556	210.173	0.949485
5407	0.00497507	0.312882	116.057	102.169	-18.6571	-0.0264417	199.543	210.178	0.949401
5408	0.00497596	0.312889	116.064	102.165	-18.6706	-0.0264417	199.532	210.182	0.949328
5409	0.00497686	0.312896	116.071	102.16	-18.682	-0.0264418	199.523	210.187	0.949265
5410	0.00497776	0.312903	116.078	102.156	-18.6914	-0.0264418	199.516	210.191	0.949211
5411	0.00497866	0.31291	116.086	102.151	-18.6994	-0.0264418	199.511	210.196	0.949165
5412	0.00497956	0.312917	116.093	102.146	-18.706	-0.0264417	199.507	210.201	0.949125
5413	0.00498046	0.312924	116.1	102.142	-18.7112	-0.0264417	199.504	210.205	0.949091
5414	0.00498136	0.31293	116.107	102.137	-18.715	-0.0264417	199.503	210.21	0.949064
5415	0.00498225	0.312937	116.114	102.132	-18.7176	-0.0264417	199.503	210.215	0.949043
5416	0.00498315	0.312944	116.121	102.128	-18.7189	-0.0264417	199.504	210.219	0.949028
5417	0.00498405	0.312951	116.129	102.123	-18.7191	-0.0264417	199.506	210.224	0.949019
5418	0.00498495	0.312958	116.136	102.119	-18.7181	-0.0264418	199.51	210.228	0.949015
5419	0.00498585	0.312965	116.143	102.114	-18.716	-0.0264419	199.514	210.233	0.949016
5420	0.00498675	0.312972	116.15	102.11	-18.7095	-0.0264421	199.524	210.238	0.949038
5421	0.00498765	0.312978	116.157	102.105	-18.6992	-0.0264424	199.536	210.242	0.949079
5422	0.00498854	0.312985	116.164	102.1	-18.6884	-0.0264427	199.55	210.247	0.949121
5423	0.00498944	0.312992	116.171	102.096	-18.6777	-0.026443	199.563	210.251	0.949164
5424	0.00499034	0.312999	116.178	102.091	-18.6672	-0.0264432	199.576	210.256	0.949205
5425	0.00499124	0.313006	116.186	102.087	-18.6571	-0.0264435	199.589	210.261	0.949244
5426	0.00499214	0.313013	116.193	102.082	-18.6478	-0.0264438	199.6	210.265	0.94928
5427	0.00499304	0.313019	116.2	102.077	-18.6393	-0.0264442	199.611	210.27	0.949312
5428	0.00499393	0.313026	116.207	102.073	-18.6319	-0.0264446	199.621	210.274	0.949338
5429	0.00499483	0.313033	116.214	102.068	-18.6257	-0.026445	199.63	210.279	0.949359
5430	0.00499573	0.31304	116.221	102.064	-18.6208	-0.0264454	199.638	210.283	0.949374
5431	0.00499663	0.313047	116.228	102.059	-18.6173	-0.0264459	199.644	210.288	0.949382
5432	0.00499753	0.313054	116.235	102.055	-18.6153	-0.0264464	199.648	210.293	0.949383
5433	0.00499843	0.31306	116.242	102.05	-18.6147	-0.0264469	199.651	210.297	0.949377
5434	0.00499932	0.313067	116.25	102.045	-18.6157	-0.0264474	199.653	210.302	0.949363
5435	0.00500022	0.313074	116.257	102.041	-18.6184	-0.0264479	199.653	210.306	0.949342
5436	0.00500112	0.313081	116.264	102.036	-18.6226	-0.0264484	199.651	210.311	0.949314
5437	0.00500202	0.313088	116.271	102.032	-18.6284	-0.0264489	199.648	210.315	0.949277
5438	0.00500292	0.313094	116.278	102.027	-18.636	-0.0264493	199.643	210.32	0.949232
5439	0.00500382	0.313101	116.285	102.023	-18.6467	-0.0264496	199.634	210.325	0.949173
5440	0.00500471	0.313108	116.292	102.018	-18.6651	-0.0264498	199.618	210.329	0.949077
5441	0.00500561	0.313115	116.299	102.013	-18.6809	-0.0264498	199.605	210.334	0.948993
5442	0.00500651	0.313121	116.306	102.009	-18.6943	-0.0264498	199.594	210.338	0.948921
5443	0.00500741	0.313128	116.313	102.004	-18.7056	-0.0264498	199.586	210.343	0.948859
5444	0.00500831	0.313135	116.32	102	-18.7149	-0.0264498	199.579	210.347	0.948806
5445	0.00500921	0.313142	116.327	101.995	-18.7227	-0.0264498	199.573	210.352	0.94876
5446	0.0050101	0.313149	116.335	101.991	-18.729	-0.0264497	199.57	210.356	0.948722
5447	0.005011	0.313155	116.342	101.986	-18.7339	-0.0264496	199.567	210.361	0.94869
5448	0.0050119	0.313162	116.349	101.981	-18.7375	-0.0264496	199.566	210.365	0.948664
5449	0.0050128	0.313169	116.356	101.977	-18.7398	-0.0264495	199.566	210.37	0.948645
5450	0.0050137	0.313176	116.363	101.972	-18.7408	-0.0264495	199.568	210.375	0.948631
5451	0.0050146	0.313182	116.37	101.968	-18.7406	-0.0264495	199.571	210.379	0.948624
5452	0.0050155	0.313189	116.377	101.963	-18.7393	-0.0264495	199.574	210.384	0.948622
5453	0.00501639	0.313196	116.384	101.959	-18.7369	-0.0264496	199.579	210.388	0.948625
5454	0.00501729	0.313203	116.391	101.954	-18.7291	-0.0264498	199.59	210.393	0.948653
5455	0.00501819	0.313209	116.398	101.95	-18.7183	-0.02645	199.603	210.397	0.948696
5456	0.00501909	0.313216	116.405	101.945	-18.7071	-0.0264503	199.617	210.402	0.948741
5457	0.00501999	0.313223	116.412	101.941	-18.6959	-0.0264505	199.63	210.406	0.948785
5458	0.00502089	0.31323	116.419	101.936	-18.6849	-0.0264507	199.644	210.411	0.948829
5459	0.00502178	0.313236	116.426	101.931	-18.6745	-0.026451	199.657	210.415	0.94887
5460	0.00502268	0.313243	116.433	101.927	-18.6647	-0.0264512	199.669	210.42	0.948908
5461	0.00502358	0.31325	116.44	101.922	-18.6558	-0.0264516	199.681	210.424	0.948942
5462	0.00502448	0.313256	116.447	101.918	-18.648	-0.0264519	199.691	210.429	0.94897
5463	0.00502538	0.313263	116.454	101.913	-18.6414	-0.0264523	199.7	210.433	0.948993
5464	0.00502628	0.31327	116.461	101.909	-18.6361	-0.0264527	199.708	210.438	0.94901
5465	0.00502717	0.313277	116.468	101.904	-18.6323	-0.0264532	199.714	210.442	0.94902
5466	0.00502807	0.313283	116.475	101.9	-18.6299	-0.0264536	199.719	210.447	0.949023
5467	0.00502897	0.31329	116.482	101.895	-18.629	-0.0264541	199.722	210.451	0.949019
5468	0.00502987	0.313297	116.49	101.891	-18.6296	-0.0264546	199.724	210.456	0.949007
5469	0.00503077	0.313303	116.497	101.886	-18.6318	-0.0264551	199.724	210.46	0.948988
5470	0.00503167	0.31331	116.504	101.882	-18.6356	-0.0264555	199.723	210.465	0.948962
5471	0.00503256	0.313317	116.511	101.877	-18.6408	-0.026456	199.72	210.469	0.948928
5472	0.00503346	0.313324	116.518	101.873	-18.6477	-0.0264564	199.716	210.474	0.948887
5473	0.00503436	0.31333	116.525	101.868	-18.6566	-0.0264567	199.71	210.478	0.948836
5474	0.00503526	0.313337	116.532	101.864	-18.6714	-0.0264569	199.697	210.483	0.948758
5475	0.00503616	0.313344	116.539	101.859	-18.6882	-0.026457	199.683	210.487	0.94867
5476	0.00503706	0.31335	116.546	101.855	-18.7024	-0.026457	199.671	210.492	0.948594
5477	0.00503795	0.313357	116.553	101.85	-18.7143	-0.026457	199.662	210.496	0.948529
5478	0.00503885	0.313364	116.56	101.846	-18.7241	-0.0264569	199.655	210.501	0.948474
5479	0.00503975	0.31337	116.567	101.841	-18.7322	-0.0264569	199.649	210.505	0.948427
5480	0.00504065	0.313377	116.574	101.837	-18.7386	-0.0264568	199.645	210.51	0.948388
5481	0.00504155	0.313384	116.58	101.832	-18.7436	-0.0264567	199.643	210.514	0.948356
5482	0.00504245	0.31339	116.587	101.828	-18.7472	-0.0264566	199.641	210.519	0.948331
5483	0.00504334	0.313397	116.594	101.823	-18.7494	-0.0264565	199.642	210.523	0.948312
5484	0.00504424	0.313404	116.601	101.819	-18.7503	-0.0264565	199.643	210.528	0.948299
5485	0.00504514	0.31341	116.608	101.814	-18.75	-0.0264564	199.646	210.532	0.948292
5486	0.00504604	0.313417	116.615	101.81	-18.7485	-0.0264564	199.65	210.537	0.948291
5487	0.00504694	0.313424	116.622	101.805	-18.7458	-0.0264564	199.655	210.541	0.948295
5488	0.00504784	0.31343	116.629	101.801	-18.7379	-0.0264566	199.666	210.546	0.948324
5489	0.00504873	0.313437	116.636	101.796	-18.7268	-0.0264568	199.679	210.55	0.948368
5490	0.00504963	0.313444	116.643	101.792	-18.7152	-0.026457	199.693	210.555	0.948415
5491	0.00505053	0.31345	116.65	101.787	-18.7035	-0.0264572	199.707	210.559	0.948463
5492	0.00505143	0.313457	116.657	101.783	-18.692	-0.0264574	199.721	210.564	0.948509
5493	0.00505233	0.313464	116.664	101.778	-18.681	-0.0264576	199.735	210.568	0.948552
5494	0.00505323	0.31347	116.671	101.774	-18.6707	-0.0264578	199.748	210.572	0.948593
5495	0.00505412	0.313477	116.678	101.769	-18.6612	-0.0264581	199.76	210.577	0.94863
5496	0.00505502	0.313483	116.685	101.765	-18.6528	-0.0264585	199.77	210.581	0.948661
5497	0.00505592	0.31349	116.692	101.76	-18.6456	-0.0264588	199.78	210.586	0.948687
5498	0.00505682	0.313497	116.699	101.756	-18.6397	-0.0264592	199.788	210.59	0.948707
5499	0.00505772	0.313503	116.706	101.751	-18.6352	-0.0264597	199.795	210.595	0.94872
5500	0.00505862	0.31351	116.713	101.747	-18.6322	-0.0264601	199.801	210.599	0.948726
5501	0.00505951	0.313517	116.72	101.742	-18.6307	-0.0264606	199.805	210.604	0.948725
5502	0.00506041	0.313523	116.727	101.738	-18.6307	-0.0264611	199.807	210.608	0.948717
5503	0.00506131	0.31353	116.734	101.733	-18.6322	-0.0264615	199.808	210.612	0.948701
5504	0.00506221	0.313536	116.741	101.729	-18.6353	-0.026462	199.808	210.617	0.948678
5505	0.00506311	0.313543	116.747	101.724	-18.6398	-0.0264624	199.806	210.621	0.948648
5506	0.005064	0.31355	116.754	101.72	-18.6458	-0.0264628	199.802	210.626	0.948612
5507	0.0050649	0.313556	116.761	101.715	-18.6534	-0.0264631	199.797	210.63	0.948567
5508	0.0050658	0.313563	116.768	101.711	-18.6637	-0.0264634	199.789	210.635	0.94851
5509	0.0050667	0.313569	116.775	101.707	-18.6816	-0.0264635	199.774	210.639	0.948417
5510	0.0050676	0.313576	116.782	101.702	-18.6966	-0.0264635	199.761	210.643	0.948337
5511	0.0050685	0.313582	116.789	101.698	-18.7091	-0.0264635	199.751	210.648	0.94827
5512	0.00506939	0.313589	116.796	101.693	-18.7194	-0.0264634	199.743	210.652	0.948213
5513	0.00507029	0.313596	116.803	101.689	-18.7276	-0.0264634	199.737	210.657	0.948166
5514	0.00507119	0.313602	116.81	101.684	-18.7342	-0.0264633	199.733	210.661	0.948126
5515	0.00507209	0.313609	116.816	101.68	-18.7392	-0.0264632	199.731	210.665	0.948094
5516	0.00507299	0.313615	116.823	101.675	-18.7428	-0.0264631	199.73	210.67	0.948069
5517	0.00507389	0.313622	116.83	101.671	-18.7449	-0.0264629	199.73	210.674	0.94805
5518	0.00507479	0.313628	116.837	101.667	-18.7458	-0.0264628	199.731	210.679	0.948038
5519	0.00507568	0.313635	116.844	101.662	-18.7453	-0.0264628	199.734	210.683	0.948032
5520	0.00507658	0.313641	116.851	101.658	-18.7436	-0.0264627	199.738	210.687	0.948032
5521	0.00507748	0.313648	116.858	101.653	-18.7408	-0.0264627	199.744	210.692	0.948037
5522	0.00507838	0.313654	116.864	101.649	-18.7336	-0.0264628	199.753	210.696	0.948063
5523	0.00507928	0.313661	116.871	101.645	-18.7223	-0.026463	199.767	210.701	0.948109
5524	0.00508018	0.313667	116.878	101.64	-18.7102	-0.0264632	199.782	210.705	0.948158
5525	0.00508107	0.313674	116.885	101.636	-18.698	-0.0264634	199.796	210.709	0.948208
5526	0.00508197	0.31368	116.892	101.631	-18.6859	-0.0264635	199.811	210.714	0.948257
5527	0.00508287	0.313687	116.898	101.627	-18.6741	-0.0264637	199.825	210.718	0.948305
5528	0.00508377	0.313693	116.905	101.623	-18.663	-0.026464	199.838	210.722	0.948349
5529	0.00508467	0.3137	116.912	101.618	-18.6528	-0.0264642	199.851	210.727	0.94839
5530	0.00508557	0.313706	116.919	101.614	-18.6435	-0.0264645	199.863	210.731	0.948426
5531	0.00508646	0.313713	116.926	101.609	-18.6355	-0.0264649	199.873	210.735	0.948456
5532	0.00508736	0.313719	116.932	101.605	-18.6287	-0.0264653	199.882	210.74	0.94848
5533	0.00508826	0.313725	116.939	101.601	-18.6233	-0.0264657	199.89	210.744	0.948497
5534	0.00508916	0.313732	116.946	101.596	-18.6194	-0.0264662	199.896	210.748	0.948508
5535	0.00509006	0.313738	116.953	101.592	-18.617	-0.0264666	199.901	210.753	0.948511
5536	0.00509095	0.313745	116.959	101.588	-18.6161	-0.0264671	199.904	210.757	0.948507
5537	0.00509185	0.313751	116.966	101.583	-18.6168	-0.0264676	199.906	210.761	0.948496
5538	0.00509275	0.313757	116.973	101.579	-18.619	-0.0264681	199.906	210.765	0.948477
5539	0.00509365	0.313764	116.98	101.575	-18.6227	-0.0264685	199.905	210.77	0.948452
5540	0.00509455	0.31377	116.986	101.57	-18.6278	-0.0264689	199.902	210.774	0.94842
5541	0.00509545	0.313777	116.993	101.566	-18.6345	-0.0264693	199.898	210.778	0.94838
5542	0.00509634	0.313783	117	101.562	-18.6433	-0.0264696	199.892	210.783	0.948331
5543	0.00509724	0.313789	117.006	101.557	-18.6594	-0.0264698	199.878	210.787	0.948246
5544	0.00509814	0.313796	117.013	101.553	-18.6748	-0.0264698	199.865	210.791	0.948165
5545	0.00509904	0.313802	117.02	101.549	-18.6877	-0.0264698	199.854	210.795	0.948096
5546	0.00509994	0.313808	117.026	101.544	-18.6982	-0.0264698	199.846	210.8	0.948038
5547	0.00510084	0.313815	117.033	101.54	-18.7066	-0.0264697	199.84	210.804	0.94799
5548	0.00510173	0.313821	117.039	101.536	-18.7133	-0.0264697	199.836	210.808	0.947951
5549	0.00510263	0.313827	117.046	101.532	-18.7184	-0.0264696	199.833	210.812	0.947919
5550	0.00510353	0.313833	117.053	101.527	-18.722	-0.0264695	199.832	210.816	0.947894
5551	0.00510443	0.31384	117.059	101.523	-18.7243	-0.0264694	199.832	210.821	0.947875
5552	0.00510533	0.313846	117.066	101.519	-18.7252	-0.0264693	199.833	210.825	0.947863
5553	0.00510623	0.313852	117.072	101.515	-18.7248	-0.0264692	199.836	210.829	0.947857
5554	0.00510713	0.313858	117.079	101.51	-18.7231	-0.0264692	199.84	210.833	0.947857
5555	0.00510802	0.313865	117.086	101.506	-18.7203	-0.0264692	199.845	210.837	0.947863
5556	0.00510892	0.313871	117.092	101.502	-18.7165	-0.0264692	199.851	210.842	0.947873
5557	0.00510982	0.313877	117.099	101.498	-18.7064	-0.0264694	199.863	210.846	0.947913
5558	0.00511072	0.313883	117.105	101.494	-18.6942	-0.0264697	199.878	210.85	0.947963
5559	0.00511162	0.313889	117.112	101.489	-18.6816	-0.0264699	199.893	210.854	0.948015
5560	0.00511252	0.313896	117.118	101.485	-18.6691	-0.0264701	199.908	210.858	0.948067
5561	0.00511341	0.313902	117.125	101.481	-18.6569	-0.0264703	199.922	210.862	0.948117
5562	0.00511431	0.313908	117.131	101.477	-18.6453	-0.0264705	199.936	210.866	0.948164
5563	0.00511521	0.313914	117.138	101.473	-18.6345	-0.0264708	199.949	210.871	0.948208
5564	0.00511611	0.31392	117.144	101.468	-18.6246	-0.0264711	199.961	210.875	0.948247
5565	0.00511701	0.313926	117.15	101.464	-18.6158	-0.0264715	199.972	210.879	0.948281
5566	0.00511791	0.313932	117.157	101.46	-18.6084	-0.0264719	199.982	210.883	0.948309
5567	0.0051188	0.313938	117.163	101.456	-18.6023	-0.0264723	199.991	210.887	0.94833
5568	0.0051197	0.313944	117.17	101.452	-18.5976	-0.0264728	199.997	210.891	0.948345
5569	0.0051206	0.313951	117.176	101.448	-18.5945	-0.0264732	200.003	210.895	0.948352
5570	0.0051215	0.313957	117.182	101.444	-18.5928	-0.0264737	200.007	210.899	0.948352
5571	0.0051224	0.313963	117.189	101.44	-18.5927	-0.0264743	200.009	210.903	0.948345
5572	0.0051233	0.313969	117.195	101.436	-18.5942	-0.0264748	200.01	210.907	0.948331
5573	0.00512419	0.313975	117.201	101.431	-18.5972	-0.0264752	200.009	210.911	0.948309
5574	0.00512509	0.313981	117.208	101.427	-18.6017	-0.0264757	200.007	210.915	0.94828
5575	0.00512599	0.313986	117.214	101.423	-18.6076	-0.0264761	200.003	210.919	0.948245
5576	0.00512689	0.313992	117.22	101.419	-18.6154	-0.0264765	199.998	210.923	0.9482
5577	0.00512779	0.313998	117.226	101.415	-18.6269	-0.0264768	199.988	210.927	0.948139
5578	0.00512869	0.314004	117.233	101.411	-18.6439	-0.0264769	199.974	210.931	0.948051
5579	0.00512958	0.31401	117.239	101.407	-18.6581	-0.026477	199.961	210.935	0.947976
5580	0.00513048	0.314016	117.245	101.403	-18.6699	-0.026477	199.952	210.939	0.947913
5581	0.00513138	0.314022	117.251	101.399	-18.6794	-0.026477	199.945	210.943	0.94786
5582	0.00513228	0.314028	117.257	101.395	-18.687	-0.0264769	199.939	210.947	0.947817
5583	0.00513318	0.314034	117.263	101.391	-18.693	-0.0264769	199.935	210.951	0.947781
5584	0.00513408	0.314039	117.27	101.387	-18.6974	-0.0264768	199.933	210.955	0.947753
5585	0.00513497	0.314045	117.276	101.383	-18.7004	-0.0264767	199.932	210.959	0.947731
5586	0.00513587	0.314051	117.282	101.379	-18.702	-0.0264766	199.933	210.963	0.947717
5587	0.00513677	0.314057	117.288	101.376	-18.7023	-0.0264766	199.935	210.967	0.947708
5588	0.00513767	0.314063	117.294	101.372	-18.7013	-0.0264765	199.938	210.97	0.947706
5589	0.00513857	0.314068	117.3	101.368	-18.699	-0.0264765	199.942	210.974	0.947709
5590	0.00513947	0.314074	117.306	101.364	-18.6957	-0.0264766	199.948	210.978	0.947718
5591	0.00514036	0.31408	117.312	101.36	-18.6893	-0.0264767	199.956	210.982	0.947741
5592	0.00514126	0.314085	117.318	101.356	-18.6778	-0.0264769	199.97	210.986	0.947788
5593	0.00514216	0.314091	117.324	101.352	-18.6653	-0.0264772	199.984	210.99	0.94784
5594	0.00514306	0.314097	117.33	101.348	-18.6528	-0.0264774	199.999	210.993	0.947893
5595	0.00514396	0.314102	117.336	101.344	-18.6404	-0.0264776	200.014	210.997	0.947944
5596	0.00514486	0.314108	117.342	101.341	-18.6285	-0.0264779	200.028	211.001	0.947994
5597	0.00514576	0.314114	117.348	101.337	-18.6173	-0.0264782	200.041	211.005	0.94804
5598	0.00514665	0.314119	117.354	101.333	-18.6069	-0.0264785	200.053	211.008	0.948082
5599	0.00514755	0.314125	117.36	101.329	-18.5975	-0.0264788	200.065	211.012	0.94812
5600	0.00514845	0.31413	117.366	101.325	-18.5894	-0.0264792	200.075	211.016	0.948151
5601	0.00514935	0.314136	117.371	101.322	-18.5826	-0.0264797	200.084	211.02	0.948177
5602	0.00515025	0.314141	117.377	101.318	-18.5772	-0.0264801	200.091	211.023	0.948195
5603	0.00515114	0.314147	117.383	101.314	-18.5733	-0.0264806	200.097	211.027	0.948207
5604	0.00515204	0.314152	117.389	101.31	-18.5709	-0.0264811	200.102	211.031	0.948212
5605	0.00515294	0.314158	117.395	101.307	-18.5699	-0.0264817	200.105	211.034	0.948209
5606	0.00515384	0.314163	117.4	101.303	-18.5706	-0.0264822	200.106	211.038	0.948199
5607	0.00515474	0.314169	117.406	101.299	-18.5729	-0.0264827	200.106	211.042	0.948181
5608	0.00515564	0.314174	117.412	101.295	-18.5767	-0.0264832	200.104	211.045	0.948156
5609	0.00515653	0.31418	117.418	101.292	-18.5821	-0.0264836	200.101	211.049	0.948124
5610	0.00515743	0.314185	117.423	101.288	-18.5893	-0.0264841	200.096	211.053	0.948083
5611	0.00515833	0.314191	117.429	101.284	-18.5999	-0.0264844	200.087	211.056	0.948026
5612	0.00515923	0.314196	117.435	101.281	-18.6171	-0.0264845	200.072	211.06	0.947938
5613	0.00516013	0.314201	117.44	101.277	-18.6315	-0.0264846	200.059	211.064	0.947863
5614	0.00516103	0.314207	117.446	101.273	-18.6435	-0.0264846	200.049	211.067	0.9478
5615	0.00516193	0.314212	117.452	101.27	-18.6534	-0.0264846	200.042	211.071	0.947747
5616	0.00516282	0.314217	117.457	101.266	-18.6612	-0.0264846	200.036	211.074	0.947703
5617	0.00516372	0.314222	117.463	101.263	-18.6675	-0.0264845	200.031	211.078	0.947666
5618	0.00516462	0.314228	117.468	101.259	-18.6723	-0.0264845	200.029	211.081	0.947637
5619	0.00516552	0.314233	117.474	101.255	-18.6756	-0.0264844	200.027	211.085	0.947615
5620	0.00516642	0.314238	117.479	101.252	-18.6776	-0.0264843	200.027	211.088	0.947599
5621	0.00516732	0.314243	117.485	101.248	-18.6782	-0.0264843	200.028	211.092	0.94759
5622	0.00516821	0.314248	117.49	101.245	-18.6776	-0.0264842	200.031	211.095	0.947586
5623	0.00516911	0.314254	117.496	101.241	-18.6757	-0.0264842	200.035	211.099	0.947589
5624	0.00517001	0.314259	117.501	101.238	-18.6728	-0.0264843	200.04	211.102	0.947596
5625	0.00517091	0.314264	117.506	101.234	-18.6688	-0.0264844	200.046	211.106	0.947609
5626	0.00517181	0.314269	117.512	101.231	-18.6594	-0.0264846	200.057	211.109	0.947647
5627	0.00517271	0.314274	117.517	101.227	-18.6472	-0.0264849	200.071	211.112	0.947698
5628	0.0051736	0.314279	117.523	101.224	-18.6346	-0.0264851	200.085	211.116	0.947752
5629	0.0051745	0.314284	117.528	101.221	-18.6222	-0.0264854	200.1	211.119	0.947804
5630	0.0051754	0.314289	117.533	101.217	-18.6101	-0.0264857	200.114	211.123	0.947855
5631	0.0051763	0.314294	117.538	101.214	-18.5986	-0.0264859	200.127	211.126	0.947904
5632	0.0051772	0.314299	117.544	101.21	-18.5879	-0.0264863	200.14	211.129	0.947948
5633	0.0051781	0.314304	117.549	101.207	-18.5781	-0.0264866	200.151	211.133	0.947988
5634	0.00517899	0.314309	117.554	101.204	-18.5695	-0.026487	200.162	211.136	0.948023
5635	0.00517989	0.314314	117.559	101.2	-18.5622	-0.0264874	200.171	211.139	0.948051
5636	0.00518079	0.314319	117.565	101.197	-18.5563	-0.0264879	200.179	211.143	0.948073
5637	0.00518169	0.314324	117.57	101.194	-18.5518	-0.0264884	200.185	211.146	0.948088
5638	0.00518259	0.314329	117.575	101.19	-18.5488	-0.0264889	200.19	211.149	0.948097
5639	0.00518349	0.314333	117.58	101.187	-18.5473	-0.0264895	200.193	211.152	0.948097
5640	0.00518438	0.314338	117.585	101.184	-18.5474	-0.02649	200.195	211.156	0.948091
5641	0.00518528	0.314343	117.59	101.18	-18.5492	-0.0264905	200.195	211.159	0.948077
5642	0.00518618	0.314348	117.595	101.177	-18.5526	-0.0264911	200.193	211.162	0.948055
5643	0.00518708	0.314353	117.6	101.174	-18.5576	-0.0264915	200.19	211.165	0.948025
5644	0.00518798	0.314357	117.605	101.171	-18.5645	-0.026492	200.185	211.168	0.947986
5645	0.00518888	0.314362	117.61	101.167	-18.5749	-0.0264923	200.176	211.172	0.947932
5646	0.00518977	0.314367	117.615	101.164	-18.5922	-0.0264925	200.161	211.175	0.947844
5647	0.00519067	0.314371	117.62	101.161	-18.6068	-0.0264926	200.148	211.178	0.947769
5648	0.00519157	0.314376	117.625	101.158	-18.6191	-0.0264926	200.137	211.181	0.947705
5649	0.00519247	0.314381	117.63	101.155	-18.6293	-0.0264926	200.129	211.184	0.947651
5650	0.00519337	0.314385	117.635	101.151	-18.6375	-0.0264926	200.122	211.187	0.947606
5651	0.00519427	0.31439	117.64	101.148	-18.6442	-0.0264926	200.117	211.19	0.947568
5652	0.00519517	0.314394	117.644	101.145	-18.6495	-0.0264925	200.114	211.193	0.947538
5653	0.00519606	0.314399	117.649	101.142	-18.6533	-0.0264925	200.112	211.196	0.947514
5654	0.00519696	0.314403	117.654	101.139	-18.6558	-0.0264924	200.111	211.199	0.947497
5655	0.00519786	0.314408	117.659	101.136	-18.657	-0.0264923	200.111	211.202	0.947486
5656	0.00519876	0.314412	117.664	101.133	-18.6569	-0.0264923	200.113	211.205	0.94748
5657	0.00519966	0.314417	117.668	101.13	-18.6556	-0.0264923	200.116	211.208	0.947481
5658	0.00520056	0.314421	117.673	101.127	-18.6532	-0.0264924	200.12	211.211	0.947487
5659	0.00520145	0.314426	117.678	101.124	-18.6498	-0.0264924	200.125	211.214	0.947497
5660	0.00520235	0.31443	117.682	101.121	-18.6441	-0.0264926	200.132	211.217	0.947519
5661	0.00520325	0.314435	117.687	101.118	-18.633	-0.0264929	200.145	211.22	0.947566
5662	0.00520415	0.314439	117.692	101.115	-18.6208	-0.0264932	200.159	211.223	0.947618
5663	0.00520505	0.314443	117.696	101.112	-18.6087	-0.0264935	200.173	211.226	0.94767
5664	0.00520595	0.314448	117.701	101.109	-18.5968	-0.0264937	200.186	211.229	0.947721
5665	0.00520684	0.314452	117.705	101.106	-18.5855	-0.026494	200.199	211.232	0.947769
5666	0.00520774	0.314456	117.71	101.103	-18.5749	-0.0264943	200.211	211.235	0.947814
5667	0.00520864	0.314461	117.714	101.1	-18.5652	-0.0264947	200.223	211.238	0.947855
5668	0.00520954	0.314465	117.719	101.097	-18.5566	-0.026495	200.233	211.241	0.94789
5669	0.00521044	0.314469	117.723	101.094	-18.5492	-0.0264955	200.242	211.243	0.94792
5670	0.00521134	0.314473	117.728	101.091	-18.5432	-0.0264959	200.249	211.246	0.947943
5671	0.00521223	0.314477	117.732	101.088	-18.5386	-0.0264964	200.256	211.249	0.947959
5672	0.00521313	0.314482	117.737	101.086	-18.5355	-0.0264969	200.26	211.252	0.947969
5673	0.00521403	0.314486	117.741	101.083	-18.5339	-0.0264974	200.263	211.255	0.947971
5674	0.00521493	0.31449	117.746	101.08	-18.5339	-0.026498	200.265	211.257	0.947966
5675	0.00521583	0.314494	117.75	101.077	-18.5355	-0.0264985	200.265	211.26	0.947954
5676	0.00521673	0.314498	117.754	101.074	-18.5388	-0.026499	200.263	211.263	0.947933
5677	0.00521762	0.314502	117.759	101.071	-18.5438	-0.0264995	200.26	211.266	0.947904
5678	0.00521852	0.314506	117.763	101.069	-18.5509	-0.0265	200.254	211.268	0.947866
5679	0.00521942	0.31451	117.767	101.066	-18.5616	-0.0265003	200.245	211.271	0.94781
5680	0.00522032	0.314514	117.771	101.063	-18.5791	-0.0265005	200.229	211.274	0.947722
5681	0.00522122	0.314518	117.776	101.06	-18.5941	-0.0265006	200.215	211.277	0.947646
5682	0.00522212	0.314522	117.78	101.058	-18.6068	-0.0265006	200.204	211.279	0.947581
5683	0.00522301	0.314526	117.784	101.055	-18.6175	-0.0265006	200.195	211.282	0.947526
5684	0.00522391	0.31453	117.788	101.052	-18.6262	-0.0265006	200.188	211.284	0.947479
5685	0.00522481	0.314534	117.792	101.05	-18.6335	-0.0265006	200.182	211.287	0.94744
5686	0.00522571	0.314538	117.796	101.047	-18.6394	-0.0265005	200.177	211.29	0.947407
5687	0.00522661	0.314542	117.8	101.044	-18.6439	-0.0265005	200.174	211.292	0.947382
5688	0.00522751	0.314546	117.804	101.042	-18.647	-0.0265004	200.173	211.295	0.947362
5689	0.0052284	0.314549	117.808	101.039	-18.6489	-0.0265003	200.172	211.297	0.947348
5690	0.0052293	0.314553	117.812	101.037	-18.6496	-0.0265003	200.173	211.3	0.94734
5691	0.0052302	0.314557	117.816	101.034	-18.6491	-0.0265003	200.175	211.302	0.947338
5692	0.0052311	0.314561	117.82	101.031	-18.6474	-0.0265003	200.178	211.305	0.947341
5693	0.005232	0.314564	117.824	101.029	-18.6447	-0.0265004	200.182	211.307	0.94735
5694	0.0052329	0.314568	117.828	101.026	-18.6411	-0.0265005	200.187	211.31	0.947362
5695	0.00523379	0.314572	117.832	101.024	-18.6326	-0.0265008	200.197	211.312	0.947398
5696	0.00523469	0.314575	117.836	101.021	-18.6212	-0.0265011	200.21	211.315	0.947447
5697	0.00523559	0.314579	117.84	101.019	-18.6096	-0.0265014	200.223	211.317	0.947498
5698	0.00523649	0.314582	117.844	101.016	-18.5982	-0.0265017	200.235	211.32	0.947547
5699	0.00523739	0.314586	117.847	101.014	-18.5873	-0.026502	200.248	211.322	0.947594
5700	0.00523829	0.31459	117.851	101.012	-18.5771	-0.0265023	200.259	211.324	0.947638
5701	0.00523918	0.314593	117.855	101.009	-18.5676	-0.0265026	200.27	211.327	0.947679
5702	0.00524008	0.314597	117.859	101.007	-18.5592	-0.026503	200.28	211.329	0.947714
5703	0.00524098	0.3146	117.862	101.004	-18.552	-0.0265034	200.288	211.331	0.947744
5704	0.00524188	0.314604	117.866	101.002	-18.5461	-0.0265038	200.295	211.334	0.947767
5705	0.00524278	0.314607	117.87	101	-18.5416	-0.0265043	200.301	211.336	0.947785
5706	0.00524368	0.31461	117.873	100.997	-18.5386	-0.0265048	200.305	211.338	0.947795
5707	0.00524457	0.314614	117.877	100.995	-18.537	-0.0265053	200.308	211.341	0.947798
5708	0.00524547	0.314617	117.88	100.993	-18.5369	-0.0265058	200.31	211.343	0.947794
5709	0.00524637	0.31462	117.884	100.99	-18.5385	-0.0265064	200.309	211.345	0.947782
5710	0.00524727	0.314624	117.887	100.988	-18.5418	-0.0265069	200.307	211.347	0.947763
5711	0.00524817	0.314627	117.891	100.986	-18.5468	-0.0265074	200.303	211.35	0.947735
5712	0.00524907	0.31463	117.894	100.984	-18.5539	-0.0265078	200.298	211.352	0.947698
5713	0.00524996	0.314634	117.898	100.982	-18.5646	-0.0265082	200.288	211.354	0.947643
5714	0.00525086	0.314637	117.901	100.979	-18.5825	-0.0265083	200.271	211.356	0.947554
5715	0.00525176	0.31464	117.904	100.977	-18.5979	-0.0265084	200.257	211.358	0.947477
5716	0.00525266	0.314643	117.908	100.975	-18.6111	-0.0265084	200.245	211.36	0.947411
5717	0.00525356	0.314646	117.911	100.973	-18.6224	-0.0265084	200.235	211.363	0.947354
5718	0.00525445	0.314649	117.914	100.971	-18.6318	-0.0265084	200.227	211.365	0.947305
5719	0.00525535	0.314653	117.918	100.969	-18.6397	-0.0265083	200.22	211.367	0.947264
5720	0.00525625	0.314656	117.921	100.966	-18.6463	-0.0265083	200.215	211.369	0.947229
5721	0.00525715	0.314659	117.924	100.964	-18.6515	-0.0265082	200.211	211.371	0.947201
5722	0.00525805	0.314662	117.927	100.962	-18.6554	-0.0265081	200.208	211.373	0.947179
5723	0.00525895	0.314665	117.931	100.96	-18.658	-0.026508	200.206	211.375	0.947162
5724	0.00525984	0.314668	117.934	100.958	-18.6595	-0.026508	200.206	211.377	0.947152
5725	0.00526074	0.314671	117.937	100.956	-18.6597	-0.026508	200.207	211.379	0.947147
5726	0.00526164	0.314673	117.94	100.954	-18.6589	-0.026508	200.209	211.381	0.947147
5727	0.00526254	0.314676	117.943	100.952	-18.657	-0.026508	200.212	211.383	0.947153
5728	0.00526344	0.314679	117.946	100.95	-18.6542	-0.0265081	200.216	211.385	0.947163
5729	0.00526434	0.314682	117.949	100.948	-18.6485	-0.0265083	200.222	211.386	0.947186
5730	0.00526523	0.314685	117.952	100.947	-18.6383	-0.0265086	200.234	211.388	0.947231
5731	0.00526613	0.314687	117.955	100.945	-18.6274	-0.0265089	200.245	211.39	0.947279
5732	0.00526703	0.31469	117.958	100.943	-18.6167	-0.0265092	200.257	211.392	0.947326
5733	0.00526793	0.314693	117.96	100.941	-18.6063	-0.0265094	200.269	211.394	0.947372
5734	0.00526883	0.314696	117.963	100.939	-18.5966	-0.0265097	200.279	211.396	0.947415
5735	0.00526973	0.314698	117.966	100.937	-18.5876	-0.02651	200.289	211.397	0.947454
5736	0.00527062	0.314701	117.969	100.936	-18.5796	-0.0265103	200.298	211.399	0.947489
5737	0.00527152	0.314703	117.972	100.934	-18.5727	-0.0265107	200.306	211.401	0.947518
5738	0.00527242	0.314706	117.974	100.932	-18.567	-0.0265111	200.313	211.403	0.947542
5739	0.00527332	0.314708	117.977	100.93	-18.5627	-0.0265115	200.318	211.404	0.947559
5740	0.00527422	0.314711	117.98	100.929	-18.5599	-0.026512	200.322	211.406	0.947569
5741	0.00527511	0.314713	117.982	100.927	-18.5584	-0.0265124	200.324	211.408	0.947573
5742	0.00527601	0.314716	117.985	100.925	-18.5585	-0.0265129	200.325	211.409	0.94757
5743	0.00527691	0.314718	117.987	100.924	-18.5602	-0.0265134	200.324	211.411	0.947559
5744	0.00527781	0.314721	117.99	100.922	-18.5636	-0.0265139	200.322	211.412	0.94754
5745	0.00527871	0.314723	117.992	100.92	-18.5687	-0.0265143	200.317	211.414	0.947513
5746	0.0052796	0.314725	117.995	100.919	-18.5758	-0.0265148	200.311	211.416	0.947476
5747	0.0052805	0.314727	117.997	100.917	-18.5863	-0.0265151	200.302	211.417	0.947424
5748	0.0052814	0.31473	117.999	100.916	-18.6047	-0.0265152	200.284	211.419	0.947334
5749	0.0052823	0.314732	118.002	100.914	-18.6207	-0.0265153	200.269	211.42	0.947255
5750	0.0052832	0.314734	118.004	100.913	-18.6346	-0.0265153	200.256	211.422	0.947187
5751	0.0052841	0.314736	118.006	100.911	-18.6465	-0.0265153	200.245	211.423	0.947128
5752	0.00528499	0.314738	118.008	100.91	-18.6566	-0.0265152	200.235	211.424	0.947078
5753	0.00528589	0.31474	118.011	100.909	-18.6652	-0.0265151	200.228	211.426	0.947035
5754	0.00528679	0.314742	118.013	100.907	-18.6725	-0.026515	200.221	211.427	0.946998
5755	0.00528769	0.314744	118.015	100.906	-18.6784	-0.0265149	200.216	211.428	0.946967
5756	0.00528859	0.314746	118.017	100.905	-18.6831	-0.0265148	200.212	211.43	0.946943
5757	0.00528948	0.314748	118.019	100.903	-18.6865	-0.0265147	200.209	211.431	0.946924
5758	0.00529038	0.31475	118.021	100.902	-18.6887	-0.0265146	200.208	211.432	0.946911
5759	0.00529128	0.314752	118.023	100.901	-18.6898	-0.0265146	200.207	211.434	0.946904
5760	0.00529218	0.314754	118.025	100.899	-18.6898	-0.0265146	200.208	211.435	0.946902
5761	0.00529308	0.314756	118.027	100.898	-18.6887	-0.0265146	200.21	211.436	0.946904
5762	0.00529398	0.314758	118.029	100.897	-18.6867	-0.0265146	200.212	211.437	0.946912
5763	0.00529487	0.314759	118.031	100.896	-18.6838	-0.0265148	200.216	211.438	0.946923
5764	0.00529577	0.314761	118.032	100.895	-18.6758	-0.026515	200.225	211.44	0.946959
5765	0.00529667	0.314763	118.034	100.893	-18.6656	-0.0265153	200.236	211.441	0.947005
5766	0.00529757	0.314764	118.036	100.892	-18.6554	-0.0265155	200.246	211.442	0.947051
5767	0.00529847	0.314766	118.038	100.891	-18.6455	-0.0265157	200.257	211.443	0.947096
5768	0.00529936	0.314768	118.039	100.89	-18.6361	-0.026516	200.267	211.444	0.947138
5769	0.00530026	0.314769	118.041	100.889	-18.6275	-0.0265162	200.276	211.445	0.947177
5770	0.00530116	0.314771	118.043	100.888	-18.6197	-0.0265165	200.284	211.446	0.947212
5771	0.00530206	0.314772	118.044	100.887	-18.613	-0.0265168	200.292	211.447	0.947242
5772	0.00530296	0.314774	118.046	100.886	-18.6075	-0.0265171	200.298	211.448	0.947266
5773	0.00530385	0.314775	118.047	100.885	-18.6033	-0.0265175	200.303	211.449	0.947284
5774	0.00530475	0.314777	118.049	100.884	-18.6004	-0.0265179	200.306	211.45	0.947296
5775	0.00530565	0.314778	118.051	100.883	-18.599	-0.0265183	200.308	211.451	0.947301
5776	0.00530655	0.31478	118.052	100.882	-18.599	-0.0265187	200.308	211.452	0.947299
5777	0.00530745	0.314781	118.053	100.881	-18.6006	-0.0265192	200.307	211.453	0.94729
5778	0.00530834	0.314782	118.055	100.88	-18.6038	-0.0265196	200.305	211.454	0.947273
5779	0.00530924	0.314784	118.056	100.879	-18.6086	-0.02652	200.3	211.455	0.947249
5780	0.00531014	0.314785	118.058	100.878	-18.6153	-0.0265204	200.294	211.456	0.947216
5781	0.00531104	0.314786	118.059	100.877	-18.6244	-0.0265207	200.286	211.457	0.947171
5782	0.00531194	0.314788	118.06	100.877	-18.6402	-0.0265209	200.27	211.457	0.947095
5783	0.00531283	0.314789	118.062	100.876	-18.6578	-0.0265209	200.253	211.458	0.94701
5784	0.00531373	0.31479	118.063	100.875	-18.6731	-0.0265209	200.238	211.459	0.946936
5785	0.00531463	0.314791	118.064	100.874	-18.6863	-0.0265208	200.225	211.46	0.946872
5786	0.00531553	0.314792	118.065	100.873	-18.6977	-0.0265208	200.215	211.461	0.946817
5787	0.00531643	0.314794	118.067	100.872	-18.7074	-0.0265207	200.205	211.461	0.94677
5788	0.00531732	0.314795	118.068	100.872	-18.7157	-0.0265205	200.197	211.462	0.946729
5789	0.00531822	0.314796	118.069	100.871	-18.7226	-0.0265204	200.191	211.463	0.946695
5790	0.00531912	0.314797	118.07	100.87	-18.7283	-0.0265202	200.186	211.464	0.946667
5791	0.00532002	0.314798	118.071	100.87	-18.7327	-0.0265201	200.182	211.464	0.946644
5792	0.00532092	0.314799	118.072	100.869	-18.7358	-0.02652	200.179	211.465	0.946628
5793	0.00532181	0.3148	118.073	100.868	-18.7379	-0.0265199	200.177	211.466	0.946617
5794	0.00532271	0.314801	118.074	100.867	-18.7387	-0.0265198	200.177	211.466	0.946612
5795	0.00532361	0.314802	118.076	100.867	-18.7386	-0.0265197	200.177	211.467	0.946612
5796	0.00532451	0.314803	118.077	100.866	-18.7374	-0.0265198	200.179	211.468	0.946616
5797	0.00532541	0.314804	118.078	100.866	-18.7353	-0.0265198	200.181	211.468	0.946625
5798	0.0053263	0.314805	118.078	100.865	-18.7288	-0.02652	200.188	211.469	0.946654
5799	0.0053272	0.314806	118.079	100.864	-18.7193	-0.0265203	200.198	211.47	0.946698
5800	0.0053281	0.314807	118.08	100.864	-18.7095	-0.0265205	200.208	211.47	0.946743
5801	0.005329	0.314807	118.081	100.863	-18.7	-0.0265207	200.218	211.471	0.946787
5802	0.0053299	0.314808	118.082	100.863	-18.6909	-0.0265209	200.227	211.471	0.946829
5803	0.00533079	0.314809	118.083	100.862	-18.6825	-0.0265211	200.236	211.472	0.946868
5804	0.00533169	0.31481	118.084	100.861	-18.6749	-0.0265213	200.244	211.472	0.946903
5805	0.00533259	0.314811	118.085	100.861	-18.6682	-0.0265216	200.251	211.473	0.946934
5806	0.00533349	0.314811	118.085	100.86	-18.6627	-0.0265219	200.257	211.473	0.946959
5807	0.00533439	0.314812	118.086	100.86	-18.6584	-0.0265222	200.261	211.474	0.946978
5808	0.00533528	0.314813	118.087	100.859	-18.6555	-0.0265226	200.264	211.474	0.946991
5809	0.00533618	0.314814	118.088	100.859	-18.654	-0.0265229	200.266	211.475	0.946997
5810	0.00533708	0.314814	118.088	100.859	-18.6539	-0.0265233	200.266	211.475	0.946997
5811	0.00533798	0.314815	118.089	100.858	-18.6553	-0.0265238	200.265	211.476	0.946989
5812	0.00533887	0.314816	118.09	100.858	-18.6583	-0.0265242	200.263	211.476	0.946974
5813	0.00533977	0.314816	118.09	100.857	-18.663	-0.0265245	200.258	211.477	0.946952
5814	0.00534067	0.314817	118.091	100.857	-18.6693	-0.0265249	200.252	211.477	0.946921
5815	0.00534157	0.314817	118.092	100.856	-18.6778	-0.0265252	200.244	211.477	0.94688
5816	0.00534247	0.314818	118.092	100.856	-18.6902	-0.0265254	200.232	211.478	0.946821
5817	0.00534336	0.314819	118.093	100.856	-18.7091	-0.0265254	200.213	211.478	0.946731
5818	0.00534426	0.314819	118.093	100.855	-18.7255	-0.0265254	200.197	211.479	0.946652
5819	0.00534516	0.31482	118.094	100.855	-18.7398	-0.0265253	200.183	211.479	0.946584
5820	0.00534606	0.31482	118.095	100.855	-18.7521	-0.0265251	200.171	211.479	0.946525
5821	0.00534695	0.314821	118.095	100.854	-18.7626	-0.026525	200.16	211.48	0.946475
5822	0.00534785	0.314821	118.096	100.854	-18.7716	-0.0265248	200.151	211.48	0.946432
5823	0.00534875	0.314822	118.096	100.854	-18.7793	-0.0265246	200.144	211.48	0.946395
5824	0.00534965	0.314822	118.096	100.853	-18.7856	-0.0265244	200.138	211.481	0.946364
5825	0.00535055	0.314822	118.097	100.853	-18.7907	-0.0265242	200.133	211.481	0.94634
5826	0.00535144	0.314823	118.097	100.853	-18.7945	-0.026524	200.129	211.481	0.946321
5827	0.00535234	0.314823	118.098	100.853	-18.7971	-0.0265238	200.127	211.481	0.946309
5828	0.00535324	0.314824	118.098	100.852	-18.7986	-0.0265237	200.125	211.482	0.946301
5829	0.00535414	0.314824	118.099	100.852	-18.799	-0.0265236	200.125	211.482	0.946299
5830	0.00535504	0.314824	118.099	100.852	-18.7983	-0.0265235	200.126	211.482	0.946301
5831	0.00535593	0.314825	118.099	100.852	-18.7967	-0.0265235	200.128	211.482	0.946309
5832	0.00535683	0.314825	118.1	100.851	-18.7909	-0.0265236	200.134	211.483	0.946336
5833	0.00535773	0.314825	118.1	100.851	-18.7816	-0.0265237	200.143	211.483	0.946379
5834	0.00535863	0.314826	118.1	100.851	-18.7721	-0.0265239	200.153	211.483	0.946424
5835	0.00535952	0.314826	118.101	100.851	-18.7627	-0.026524	200.162	211.483	0.946468
5836	0.00536042	0.314826	118.101	100.85	-18.7536	-0.0265241	200.171	211.484	0.94651
5837	0.00536132	0.314827	118.102	100.85	-18.7452	-0.0265242	200.18	211.484	0.94655
5838	0.00536222	0.314827	118.102	100.85	-18.7375	-0.0265244	200.188	211.484	0.946586
5839	0.00536312	0.314827	118.102	100.85	-18.7307	-0.0265245	200.195	211.484	0.946617
5840	0.00536401	0.314828	118.103	100.849	-18.7251	-0.0265248	200.2	211.484	0.946644
5841	0.00536491	0.314828	118.103	100.849	-18.7206	-0.026525	200.205	211.485	0.946664
5842	0.00536581	0.314828	118.103	100.849	-18.7175	-0.0265253	200.208	211.485	0.946679
5843	0.00536671	0.314829	118.104	100.849	-18.7157	-0.0265256	200.21	211.485	0.946687
5844	0.0053676	0.314829	118.104	100.849	-18.7154	-0.0265259	200.211	211.485	0.946688
5845	0.0053685	0.314829	118.104	100.848	-18.7165	-0.0265262	200.21	211.485	0.946682
5846	0.0053694	0.31483	118.105	100.848	-18.7193	-0.0265265	200.207	211.486	0.946669
5847	0.0053703	0.31483	118.105	100.848	-18.7236	-0.0265268	200.203	211.486	0.946648
5848	0.00537119	0.31483	118.105	100.848	-18.7296	-0.0265271	200.197	211.486	0.946619
5849	0.00537209	0.314831	118.105	100.848	-18.7375	-0.0265273	200.189	211.486	0.946581
5850	0.00537299	0.314831	118.106	100.847	-18.7482	-0.0265275	200.178	211.486	0.94653
5851	0.00537389	0.314831	118.106	100.847	-18.7677	-0.0265274	200.159	211.487	0.946438
5852	0.00537478	0.314831	118.106	100.847	-18.7846	-0.0265273	200.142	211.487	0.946358
5853	0.00537568	0.314832	118.107	100.847	-18.7993	-0.0265271	200.128	211.487	0.946288
5854	0.00537658	0.314832	118.107	100.847	-18.8119	-0.0265269	200.115	211.487	0.946228
5855	0.00537748	0.314832	118.107	100.847	-18.8228	-0.0265267	200.104	211.487	0.946176
5856	0.00537838	0.314832	118.107	100.846	-18.832	-0.0265264	200.095	211.488	0.946132
5857	0.00537927	0.314833	118.108	100.846	-18.8399	-0.0265261	200.087	211.488	0.946095
5858	0.00538017	0.314833	118.108	100.846	-18.8464	-0.0265258	200.081	211.488	0.946064
5859	0.00538107	0.314833	118.108	100.846	-18.8516	-0.0265255	200.076	211.488	0.946039
5860	0.00538197	0.314833	118.108	100.846	-18.8556	-0.0265253	200.072	211.488	0.94602
5861	0.00538286	0.314833	118.108	100.846	-18.8583	-0.026525	200.069	211.488	0.946007
5862	0.00538376	0.314833	118.108	100.846	-18.8599	-0.0265247	200.068	211.488	0.945999
5863	0.00538466	0.314834	118.109	100.846	-18.8603	-0.0265245	200.067	211.488	0.945997
5864	0.00538556	0.314834	118.109	100.845	-18.8597	-0.0265243	200.068	211.488	0.946
5865	0.00538646	0.314834	118.109	100.845	-18.8581	-0.0265242	200.07	211.489	0.946007
5866	0.00538735	0.314834	118.109	100.845	-18.8515	-0.0265242	200.076	211.489	0.946038
5867	0.00538825	0.314834	118.109	100.845	-18.842	-0.0265243	200.086	211.489	0.946083
5868	0.00538915	0.314834	118.109	100.845	-18.8322	-0.0265243	200.096	211.489	0.946129
5869	0.00539005	0.314834	118.109	100.845	-18.8226	-0.0265243	200.105	211.489	0.946175
5870	0.00539094	0.314834	118.109	100.845	-18.8133	-0.0265243	200.115	211.489	0.946219
5871	0.00539184	0.314834	118.109	100.845	-18.8045	-0.0265243	200.123	211.489	0.94626
5872	0.00539274	0.314834	118.109	100.845	-18.7965	-0.0265243	200.131	211.489	0.946298
5873	0.00539364	0.314834	118.109	100.845	-18.7894	-0.0265244	200.138	211.489	0.946331
5874	0.00539453	0.314834	118.109	100.845	-18.7834	-0.0265245	200.144	211.489	0.94636
5875	0.00539543	0.314834	118.109	100.845	-18.7786	-0.0265246	200.149	211.489	0.946382
5876	0.00539633	0.314834	118.109	100.845	-18.7751	-0.0265248	200.153	211.489	0.946399
5877	0.00539723	0.314834	118.109	100.845	-18.7731	-0.026525	200.155	211.489	0.946409
5878	0.00539812	0.314834	118.109	100.845	-18.7724	-0.0265252	200.155	211.489	0.946412
5879	0.00539902	0.314834	118.109	100.846	-18.7732	-0.0265254	200.155	211.489	0.946408
5880	0.00539992	0.314834	118.109	100.846	-18.7756	-0.0265256	200.152	211.488	0.946397
5881	0.00540082	0.314834	118.109	100.846	-18.7796	-0.0265258	200.148	211.488	0.946378
5882	0.00540171	0.314834	118.108	100.846	-18.7853	-0.026526	200.142	211.488	0.946352
5883	0.00540261	0.314833	118.108	100.846	-18.7927	-0.0265261	200.135	211.488	0.946317
5884	0.00540351	0.314833	118.108	100.846	-18.8026	-0.0265262	200.125	211.488	0.94627
5885	0.00540441	0.314833	118.108	100.846	-18.8209	-0.026526	200.106	211.488	0.946184
5886	0.0054053	0.314833	118.108	100.846	-18.8381	-0.0265258	200.089	211.488	0.946103
5887	0.0054062	0.314833	118.107	100.846	-18.8529	-0.0265255	200.074	211.488	0.946033
5888	0.0054071	0.314832	118.107	100.847	-18.8656	-0.0265252	200.062	211.488	0.945973
5889	0.005408	0.314832	118.107	100.847	-18.8764	-0.0265249	200.051	211.487	0.945923
5890	0.00540889	0.314832	118.107	100.847	-18.8855	-0.0265246	200.042	211.487	0.94588
5891	0.00540979	0.314832	118.106	100.847	-18.8933	-0.0265242	200.034	211.487	0.945843
5892	0.00541069	0.314832	118.106	100.847	-18.8996	-0.0265239	200.027	211.487	0.945814
5893	0.00541159	0.314831	118.106	100.847	-18.9046	-0.0265235	200.022	211.487	0.94579
5894	0.00541249	0.314831	118.106	100.848	-18.9084	-0.0265231	200.018	211.487	0.945773
5895	0.00541338	0.314831	118.105	100.848	-18.9109	-0.0265228	200.016	211.486	0.945761
5896	0.00541428	0.31483	118.105	100.848	-18.9122	-0.0265225	200.014	211.486	0.945756
5897	0.00541518	0.31483	118.105	100.848	-18.9123	-0.0265222	200.014	211.486	0.945755
5898	0.00541608	0.31483	118.104	100.849	-18.9113	-0.026522	200.015	211.486	0.94576
5899	0.00541697	0.314829	118.104	100.849	-18.9094	-0.0265218	200.017	211.486	0.94577
5900	0.00541787	0.314829	118.104	100.849	-18.902	-0.0265218	200.024	211.485	0.945805
5901	0.00541877	0.314829	118.103	100.849	-18.8919	-0.0265218	200.034	211.485	0.945853
5902	0.00541967	0.314828	118.103	100.849	-18.8816	-0.0265218	200.044	211.485	0.945903
5903	0.00542056	0.314828	118.102	100.85	-18.8714	-0.0265218	200.054	211.485	0.945951
5904	0.00542146	0.314828	118.102	100.85	-18.8615	-0.0265217	200.064	211.484	0.945998
5905	0.00542236	0.314827	118.102	100.85	-18.8522	-0.0265217	200.073	211.484	0.946043
5906	0.00542326	0.314827	118.101	100.851	-18.8436	-0.0265217	200.082	211.484	0.946084
5907	0.00542415	0.314827	118.101	100.851	-18.836	-0.0265218	200.089	211.484	0.946121
5908	0.00542505	0.314826	118.1	100.851	-18.8294	-0.0265219	200.095	211.483	0.946152
5909	0.00542595	0.314826	118.1	100.851	-18.824	-0.026522	200.101	211.483	0.946178
5910	0.00542685	0.314825	118.099	100.852	-18.82	-0.0265222	200.104	211.483	0.946198
5911	0.00542774	0.314825	118.099	100.852	-18.8174	-0.0265223	200.107	211.482	0.946211
5912	0.00542864	0.314824	118.098	100.852	-18.8163	-0.0265225	200.108	211.482	0.946217
5913	0.00542954	0.314824	118.098	100.853	-18.8166	-0.0265227	200.107	211.482	0.946216
5914	0.00543044	0.314823	118.097	100.853	-18.8185	-0.0265229	200.105	211.481	0.946207
5915	0.00543133	0.314823	118.097	100.853	-18.8221	-0.0265231	200.102	211.481	0.946191
5916	0.00543223	0.314822	118.096	100.854	-18.8273	-0.0265233	200.096	211.481	0.946167
5917	0.00543313	0.314822	118.096	100.854	-18.8342	-0.0265234	200.089	211.48	0.946135
5918	0.00543402	0.314821	118.095	100.855	-18.8434	-0.0265235	200.08	211.48	0.946092
5919	0.00543492	0.314821	118.094	100.855	-18.8594	-0.0265234	200.063	211.48	0.946017
5920	0.00543582	0.31482	118.094	100.855	-18.8767	-0.0265231	200.046	211.479	0.945936
5921	0.00543672	0.31482	118.093	100.856	-18.8916	-0.0265229	200.031	211.479	0.945866
5922	0.00543761	0.314819	118.093	100.856	-18.9043	-0.0265225	200.018	211.479	0.945807
5923	0.00543851	0.314818	118.092	100.857	-18.915	-0.0265222	200.007	211.478	0.945757
5924	0.00543941	0.314818	118.091	100.857	-18.924	-0.0265219	199.998	211.478	0.945715
5925	0.00544031	0.314817	118.091	100.857	-18.9315	-0.0265215	199.99	211.477	0.945681
5926	0.0054412	0.314817	118.09	100.858	-18.9376	-0.0265211	199.984	211.477	0.945653
5927	0.0054421	0.314816	118.089	100.858	-18.9422	-0.0265207	199.979	211.477	0.945631
5928	0.005443	0.314815	118.089	100.859	-18.9456	-0.0265203	199.975	211.476	0.945616
5929	0.0054439	0.314815	118.088	100.859	-18.9478	-0.02652	199.973	211.476	0.945607
5930	0.0054448	0.314814	118.087	100.86	-18.9487	-0.0265197	199.972	211.475	0.945603
5931	0.00544569	0.314813	118.087	100.86	-18.9484	-0.0265194	199.972	211.475	0.945605
5932	0.00544659	0.314813	118.086	100.861	-18.9469	-0.0265191	199.973	211.474	0.945613
5933	0.00544749	0.314812	118.085	100.861	-18.9445	-0.0265189	199.975	211.474	0.945625
5934	0.00544839	0.314811	118.084	100.861	-18.9367	-0.0265188	199.983	211.473	0.945663
5935	0.00544928	0.314811	118.084	100.862	-18.926	-0.0265188	199.993	211.473	0.945714
5936	0.00545018	0.31481	118.083	100.862	-18.915	-0.0265187	200.004	211.473	0.945767
5937	0.00545108	0.314809	118.082	100.863	-18.9041	-0.0265187	200.014	211.472	0.94582
5938	0.00545198	0.314809	118.081	100.863	-18.8935	-0.0265186	200.025	211.472	0.945871
5939	0.00545287	0.314808	118.081	100.864	-18.8834	-0.0265186	200.035	211.471	0.945919
5940	0.00545377	0.314807	118.08	100.864	-18.8741	-0.0265186	200.044	211.471	0.945964
5941	0.00545467	0.314806	118.079	100.865	-18.8657	-0.0265186	200.052	211.47	0.946005
5942	0.00545557	0.314806	118.078	100.865	-18.8583	-0.0265186	200.059	211.47	0.946041
5943	0.00545646	0.314805	118.077	100.866	-18.8523	-0.0265187	200.065	211.469	0.94607
5944	0.00545736	0.314804	118.077	100.867	-18.8475	-0.0265189	200.069	211.469	0.946094
5945	0.00545826	0.314803	118.076	100.867	-18.8442	-0.026519	200.072	211.468	0.94611
5946	0.00545915	0.314803	118.075	100.868	-18.8424	-0.0265192	200.074	211.468	0.94612
5947	0.00546005	0.314802	118.074	100.868	-18.842	-0.0265194	200.074	211.467	0.946123
5948	0.00546095	0.314801	118.073	100.869	-18.8432	-0.0265195	200.072	211.466	0.946118
5949	0.00546185	0.3148	118.072	100.869	-18.8461	-0.0265197	200.069	211.466	0.946105
5950	0.00546274	0.314799	118.071	100.87	-18.8506	-0.0265198	200.064	211.465	0.946085
5951	0.00546364	0.314799	118.071	100.87	-18.8568	-0.0265199	200.058	211.465	0.946056
5952	0.00546454	0.314798	118.07	100.871	-18.8653	-0.02652	200.049	211.464	0.946018
5953	0.00546544	0.314797	118.069	100.872	-18.879	-0.0265199	200.035	211.464	0.945954
5954	0.00546633	0.314796	118.068	100.872	-18.8963	-0.0265197	200.017	211.463	0.945873
5955	0.00546723	0.314795	118.067	100.873	-18.9111	-0.0265194	200.002	211.463	0.945804
5956	0.00546813	0.314794	118.066	100.873	-18.9236	-0.0265191	199.989	211.462	0.945746
5957	0.00546903	0.314794	118.065	100.874	-18.9341	-0.0265187	199.979	211.461	0.945697
5958	0.00546992	0.314793	118.064	100.875	-18.9427	-0.0265183	199.97	211.461	0.945658
5959	0.00547082	0.314792	118.063	100.875	-18.9499	-0.0265179	199.962	211.46	0.945625
5960	0.00547172	0.314791	118.062	100.876	-18.9556	-0.0265175	199.956	211.46	0.945599
5961	0.00547262	0.31479	118.062	100.876	-18.9598	-0.0265171	199.951	211.459	0.94558
5962	0.00547351	0.314789	118.061	100.877	-18.9628	-0.0265167	199.948	211.459	0.945567
5963	0.00547441	0.314788	118.06	100.878	-18.9645	-0.0265163	199.946	211.458	0.94556
5964	0.00547531	0.314788	118.059	100.878	-18.9649	-0.026516	199.945	211.457	0.945559
5965	0.00547621	0.314787	118.058	100.879	-18.9641	-0.0265156	199.946	211.457	0.945564
5966	0.0054771	0.314786	118.057	100.879	-18.9622	-0.0265154	199.948	211.456	0.945574
5967	0.005478	0.314785	118.056	100.88	-18.9592	-0.0265151	199.95	211.456	0.94559
5968	0.0054789	0.314784	118.055	100.881	-18.9509	-0.026515	199.958	211.455	0.94563
5969	0.0054798	0.314783	118.054	100.881	-18.9396	-0.026515	199.969	211.454	0.945684
5970	0.00548069	0.314782	118.053	100.882	-18.9279	-0.0265149	199.98	211.454	0.945741
5971	0.00548159	0.314781	118.052	100.882	-18.9163	-0.0265148	199.992	211.453	0.945797
5972	0.00548249	0.31478	118.051	100.883	-18.905	-0.0265147	200.003	211.453	0.945851
5973	0.00548339	0.314779	118.05	100.884	-18.8943	-0.0265146	200.013	211.452	0.945903
5974	0.00548428	0.314779	118.049	100.884	-18.8842	-0.0265146	200.023	211.451	0.945952
5975	0.00548518	0.314778	118.048	100.885	-18.8751	-0.0265146	200.032	211.451	0.945996
5976	0.00548608	0.314777	118.047	100.886	-18.8671	-0.0265146	200.039	211.45	0.946035
5977	0.00548698	0.314776	118.046	100.886	-18.8604	-0.0265147	200.046	211.45	0.946068
5978	0.00548787	0.314775	118.045	100.887	-18.855	-0.0265148	200.051	211.449	0.946095
5979	0.00548877	0.314774	118.044	100.888	-18.851	-0.0265149	200.054	211.448	0.946114
5980	0.00548967	0.314773	118.043	100.888	-18.8485	-0.0265151	200.056	211.448	0.946127
5981	0.00549057	0.314772	118.042	100.889	-18.8475	-0.0265153	200.057	211.447	0.946133
5982	0.00549146	0.314771	118.041	100.889	-18.8481	-0.0265154	200.056	211.446	0.946132
5983	0.00549236	0.31477	118.04	100.89	-18.8503	-0.0265156	200.054	211.446	0.946122
5984	0.00549326	0.314769	118.039	100.891	-18.8541	-0.0265157	200.049	211.445	0.946105
5985	0.00549415	0.314768	118.038	100.891	-18.8596	-0.0265158	200.044	211.445	0.946081
5986	0.00549505	0.314768	118.037	100.892	-18.867	-0.0265159	200.036	211.444	0.946047
5987	0.00549595	0.314767	118.036	100.893	-18.8779	-0.0265158	200.025	211.443	0.945996
5988	0.00549685	0.314766	118.035	100.893	-18.8955	-0.0265156	200.007	211.443	0.945914
5989	0.00549774	0.314765	118.034	100.894	-18.9105	-0.0265153	199.991	211.442	0.945844
5990	0.00549864	0.314764	118.034	100.894	-18.9231	-0.026515	199.978	211.442	0.945786
5991	0.00549954	0.314763	118.033	100.895	-18.9336	-0.0265146	199.968	211.441	0.945737
5992	0.00550044	0.314762	118.032	100.896	-18.9421	-0.0265142	199.959	211.44	0.945698
5993	0.00550133	0.314761	118.031	100.896	-18.949	-0.0265138	199.951	211.44	0.945667
5994	0.00550223	0.31476	118.03	100.897	-18.9545	-0.0265134	199.946	211.439	0.945642
5995	0.00550313	0.314759	118.029	100.898	-18.9585	-0.026513	199.941	211.438	0.945624
5996	0.00550403	0.314758	118.028	100.898	-18.9612	-0.0265126	199.938	211.438	0.945612
5997	0.00550492	0.314758	118.027	100.899	-18.9626	-0.0265122	199.937	211.437	0.945607
5998	0.00550582	0.314757	118.026	100.899	-18.9626	-0.0265118	199.936	211.437	0.945608
5999	0.00550672	0.314756	118.025	100.9	-18.9615	-0.0265115	199.937	211.436	0.945614
6000	0.00550762	0.314755	118.024	100.901	-18.9591	-0.0265112	199.939	211.436	0.945626
6001	0.00550851	0.314754	118.023	100.901	-18.9558	-0.0265109	199.942	211.435	0.945644
6002	0.00550941	0.314753	118.022	100.902	-18.947	-0.0265108	199.951	211.434	0.945686
6003	0.00551031	0.314752	118.021	100.902	-18.9352	-0.0265107	199.962	211.434	0.945743
6004	0.00551121	0.314752	118.02	100.903	-18.9229	-0.0265107	199.974	211.433	0.945802
6005	0.0055121	0.314751	118.02	100.904	-18.9108	-0.0265106	199.986	211.433	0.94586
6006	0.005513	0.31475	118.019	100.904	-18.8989	-0.0265105	199.997	211.432	0.945918
6007	0.0055139	0.314749	118.018	100.905	-18.8875	-0.0265104	200.008	211.432	0.945972
6008	0.0055148	0.314748	118.017	100.905	-18.8769	-0.0265103	200.019	211.431	0.946024
6009	0.00551569	0.314747	118.016	100.906	-18.8672	-0.0265103	200.028	211.43	0.946071
6010	0.00551659	0.314747	118.015	100.906	-18.8586	-0.0265104	200.036	211.43	0.946112
6011	0.00551749	0.314746	118.014	100.907	-18.8512	-0.0265105	200.043	211.429	0.946148
6012	0.00551839	0.314745	118.014	100.907	-18.8453	-0.0265106	200.049	211.429	0.946177
6013	0.00551928	0.314744	118.013	100.908	-18.8407	-0.0265107	200.053	211.428	0.9462
6014	0.00552018	0.314743	118.012	100.908	-18.8376	-0.0265108	200.056	211.428	0.946215
6015	0.00552108	0.314743	118.011	100.909	-18.8361	-0.026511	200.058	211.427	0.946224
6016	0.00552198	0.314742	118.01	100.909	-18.8361	-0.0265112	200.057	211.427	0.946225
6017	0.00552287	0.314741	118.01	100.91	-18.8377	-0.0265113	200.055	211.426	0.946218
6018	0.00552377	0.314741	118.009	100.91	-18.8409	-0.0265115	200.052	211.426	0.946204
6019	0.00552467	0.31474	118.008	100.911	-18.8456	-0.0265116	200.047	211.425	0.946182
6020	0.00552557	0.314739	118.007	100.911	-18.8521	-0.0265117	200.04	211.425	0.946152
6021	0.00552646	0.314738	118.007	100.912	-18.8609	-0.0265117	200.031	211.424	0.946111
6022	0.00552736	0.314738	118.006	100.912	-18.8789	-0.0265115	200.013	211.424	0.946027
6023	0.00552826	0.314737	118.005	100.913	-18.894	-0.0265112	199.997	211.424	0.945957
6024	0.00552916	0.314736	118.004	100.913	-18.9067	-0.0265109	199.985	211.423	0.945897
6025	0.00553005	0.314736	118.004	100.914	-18.9172	-0.0265105	199.974	211.423	0.945848
6026	0.00553095	0.314735	118.003	100.914	-18.9257	-0.0265102	199.965	211.422	0.945809
6027	0.00553185	0.314734	118.002	100.915	-18.9325	-0.0265098	199.958	211.422	0.945778
6028	0.00553275	0.314734	118.002	100.915	-18.9378	-0.0265094	199.952	211.421	0.945753
6029	0.00553364	0.314733	118.001	100.915	-18.9417	-0.026509	199.948	211.421	0.945736
6030	0.00553454	0.314733	118.001	100.916	-18.9441	-0.0265086	199.946	211.421	0.945725
6031	0.00553544	0.314732	118	100.916	-18.9452	-0.0265082	199.944	211.42	0.94572
6032	0.00553634	0.314732	117.999	100.917	-18.9451	-0.0265078	199.944	211.42	0.945722
6033	0.00553723	0.314731	117.999	100.917	-18.9436	-0.0265074	199.946	211.419	0.945729
6034	0.00553813	0.31473	117.998	100.917	-18.941	-0.0265071	199.948	211.419	0.945742
6035	0.00553903	0.31473	117.998	100.918	-18.9373	-0.0265069	199.951	211.419	0.945761
6036	0.00553993	0.314729	117.997	100.918	-18.9281	-0.0265068	199.96	211.418	0.945805
6037	0.00554082	0.314729	117.996	100.918	-18.9159	-0.0265067	199.972	211.418	0.945863
6038	0.00554172	0.314728	117.996	100.919	-18.9033	-0.0265066	199.985	211.418	0.945923
6039	0.00554262	0.314728	117.995	100.919	-18.8907	-0.0265065	199.997	211.417	0.945984
6040	0.00554352	0.314727	117.995	100.919	-18.8784	-0.0265064	200.009	211.417	0.946042
6041	0.00554441	0.314727	117.994	100.92	-18.8666	-0.0265064	200.021	211.417	0.946099
6042	0.00554531	0.314726	117.994	100.92	-18.8555	-0.0265063	200.032	211.416	0.946152
6043	0.00554621	0.314726	117.993	100.92	-18.8453	-0.0265064	200.042	211.416	0.946201
6044	0.00554711	0.314725	117.993	100.921	-18.8362	-0.0265064	200.051	211.416	0.946244
6045	0.005548	0.314725	117.992	100.921	-18.8284	-0.0265065	200.059	211.415	0.946282
6046	0.0055489	0.314725	117.992	100.921	-18.8219	-0.0265066	200.065	211.415	0.946313
6047	0.0055498	0.314724	117.992	100.922	-18.8169	-0.0265068	200.07	211.415	0.946337
6048	0.0055507	0.314724	117.991	100.922	-18.8134	-0.026507	200.073	211.415	0.946354
6049	0.00555159	0.314723	117.991	100.922	-18.8113	-0.0265071	200.075	211.414	0.946365
6050	0.00555249	0.314723	117.99	100.922	-18.8109	-0.0265073	200.075	211.414	0.946367
6051	0.00555339	0.314723	117.99	100.923	-18.812	-0.0265075	200.074	211.414	0.946362
6052	0.00555429	0.314722	117.99	100.923	-18.8147	-0.0265077	200.071	211.414	0.94635
6053	0.00555518	0.314722	117.989	100.923	-18.8189	-0.0265078	200.067	211.413	0.94633
6054	0.00555608	0.314722	117.989	100.923	-18.8248	-0.0265079	200.061	211.413	0.946303
6055	0.00555698	0.314721	117.989	100.924	-18.8328	-0.026508	200.053	211.413	0.946265
6056	0.00555788	0.314721	117.988	100.924	-18.8474	-0.0265079	200.038	211.413	0.946197
6057	0.00555877	0.314721	117.988	100.924	-18.863	-0.0265076	200.022	211.412	0.946124
6058	0.00555967	0.31472	117.988	100.924	-18.8761	-0.0265074	200.009	211.412	0.946062
6059	0.00556057	0.31472	117.987	100.924	-18.8868	-0.026507	199.998	211.412	0.946012
6060	0.00556147	0.31472	117.987	100.924	-18.8954	-0.0265067	199.99	211.412	0.945971
6061	0.00556236	0.314719	117.987	100.925	-18.9023	-0.0265064	199.983	211.412	0.945939
6062	0.00556326	0.314719	117.986	100.925	-18.9076	-0.026506	199.977	211.412	0.945914
6063	0.00556416	0.314719	117.986	100.925	-18.9114	-0.0265056	199.973	211.411	0.945897
6064	0.00556506	0.314719	117.986	100.925	-18.9138	-0.0265053	199.971	211.411	0.945886
6065	0.00556596	0.314719	117.986	100.925	-18.9148	-0.0265049	199.97	211.411	0.945881
6066	0.00556685	0.314718	117.986	100.925	-18.9145	-0.0265045	199.97	211.411	0.945883
6067	0.00556775	0.314718	117.985	100.926	-18.9129	-0.0265042	199.971	211.411	0.94589
6068	0.00556865	0.314718	117.985	100.926	-18.9101	-0.0265039	199.974	211.411	0.945904
6069	0.00556955	0.314718	117.985	100.926	-18.9063	-0.0265037	199.978	211.411	0.945922
6070	0.00557044	0.314718	117.985	100.926	-18.8984	-0.0265036	199.986	211.41	0.94596
6071	0.00557134	0.314717	117.985	100.926	-18.8862	-0.0265035	199.998	211.41	0.946017
6072	0.00557224	0.314717	117.985	100.926	-18.8733	-0.0265035	200.011	211.41	0.946079
6073	0.00557314	0.314717	117.984	100.926	-18.8604	-0.0265035	200.024	211.41	0.94614
6074	0.00557403	0.314717	117.984	100.926	-18.8477	-0.0265034	200.036	211.41	0.9462
6075	0.00557493	0.314717	117.984	100.926	-18.8354	-0.0265034	200.048	211.41	0.946258
6076	0.00557583	0.314717	117.984	100.926	-18.8239	-0.0265034	200.06	211.41	0.946313
6077	0.00557673	0.314717	117.984	100.926	-18.8133	-0.0265034	200.071	211.41	0.946364
6078	0.00557762	0.314717	117.984	100.927	-18.8037	-0.0265035	200.08	211.41	0.946409
6079	0.00557852	0.314717	117.984	100.927	-18.7954	-0.0265036	200.088	211.41	0.946448
6080	0.00557942	0.314716	117.984	100.927	-18.7884	-0.0265038	200.095	211.41	0.946481
6081	0.00558032	0.314716	117.983	100.927	-18.7829	-0.026504	200.101	211.41	0.946508
6082	0.00558121	0.314716	117.983	100.927	-18.7789	-0.0265042	200.105	211.409	0.946527
6083	0.00558211	0.314716	117.983	100.927	-18.7764	-0.0265044	200.107	211.409	0.946539
6084	0.00558301	0.314716	117.983	100.927	-18.7755	-0.0265047	200.108	211.409	0.946543
6085	0.00558391	0.314716	117.983	100.927	-18.7761	-0.0265049	200.107	211.409	0.94654
6086	0.0055848	0.314716	117.983	100.927	-18.7784	-0.0265051	200.105	211.409	0.94653
6087	0.0055857	0.314716	117.983	100.927	-18.7823	-0.0265053	200.101	211.409	0.946511
6088	0.0055866	0.314716	117.983	100.927	-18.7878	-0.0265054	200.096	211.409	0.946485
6089	0.0055875	0.314715	117.983	100.927	-18.7956	-0.0265056	200.088	211.409	0.946449
6090	0.00558839	0.314715	117.982	100.927	-18.8096	-0.0265055	200.074	211.409	0.946383
6091	0.00558929	0.314715	117.982	100.927	-18.8253	-0.0265053	200.058	211.409	0.946309
6092	0.00559019	0.314715	117.982	100.928	-18.8384	-0.0265051	200.045	211.409	0.946247
6093	0.00559109	0.314715	117.982	100.928	-18.8492	-0.0265048	200.034	211.409	0.946196
6094	0.00559199	0.314715	117.982	100.928	-18.858	-0.0265045	200.025	211.409	0.946154
6095	0.00559288	0.314715	117.982	100.928	-18.8649	-0.0265042	200.018	211.409	0.946121
6096	0.00559378	0.314715	117.982	100.928	-18.8704	-0.0265039	200.013	211.409	0.946096
6097	0.00559468	0.314715	117.982	100.928	-18.8743	-0.0265035	200.009	211.408	0.946077
6098	0.00559558	0.314715	117.982	100.928	-18.8769	-0.0265032	200.006	211.408	0.946065
6099	0.00559647	0.314714	117.981	100.928	-18.8781	-0.0265029	200.005	211.408	0.94606
6100	0.00559737	0.314714	117.981	100.928	-18.878	-0.0265026	200.005	211.408	0.94606
6101	0.00559827	0.314714	117.981	100.928	-18.8766	-0.0265023	200.006	211.408	0.946067
6102	0.00559917	0.314714	117.981	100.928	-18.8741	-0.026502	200.009	211.408	0.946079
6103	0.00560007	0.314714	117.981	100.928	-18.8704	-0.0265018	200.012	211.408	0.946096
6104	0.00560096	0.314714	117.981	100.928	-18.8658	-0.0265017	200.017	211.408	0.946119
6105	0.00560186	0.314714	117.981	100.928	-18.8552	-0.0265017	200.028	211.408	0.946168
6106	0.00560276	0.314714	117.981	100.928	-18.8424	-0.0265017	200.04	211.408	0.946229
6107	0.00560366	0.314714	117.981	100.928	-18.8295	-0.0265017	200.053	211.408	0.94629
6108	0.00560455	0.314714	117.981	100.928	-18.8167	-0.0265017	200.066	211.408	0.946351
6109	0.00560545	0.314714	117.981	100.928	-18.8044	-0.0265017	200.078	211.408	0.946409
6110	0.00560635	0.314714	117.981	100.929	-18.7926	-0.0265017	200.09	211.408	0.946465
6111	0.00560725	0.314714	117.981	100.929	-18.7818	-0.0265018	200.101	211.408	0.946516
6112	0.00560814	0.314714	117.981	100.929	-18.7719	-0.0265019	200.111	211.408	0.946563
6113	0.00560904	0.314714	117.981	100.929	-18.7633	-0.026502	200.119	211.408	0.946604
6114	0.00560994	0.314714	117.981	100.929	-18.7559	-0.0265022	200.127	211.408	0.946639
6115	0.00561084	0.314714	117.981	100.929	-18.75	-0.0265024	200.133	211.408	0.946667
6116	0.00561173	0.314714	117.981	100.929	-18.7455	-0.0265026	200.137	211.408	0.946688
6117	0.00561263	0.314714	117.981	100.929	-18.7426	-0.0265029	200.14	211.408	0.946702
6118	0.00561353	0.314714	117.981	100.928	-18.7411	-0.0265032	200.142	211.408	0.946709
6119	0.00561443	0.314714	117.981	100.928	-18.7413	-0.0265034	200.141	211.408	0.946708
6120	0.00561532	0.314714	117.981	100.928	-18.7431	-0.0265037	200.14	211.408	0.946699
6121	0.00561622	0.314714	117.981	100.928	-18.7465	-0.0265039	200.136	211.408	0.946683
6122	0.00561712	0.314714	117.981	100.928	-18.7516	-0.0265041	200.131	211.408	0.946659
6123	0.00561802	0.314714	117.981	100.928	-18.7588	-0.0265043	200.124	211.408	0.946625
6124	0.00561892	0.314714	117.981	100.928	-18.7712	-0.0265043	200.112	211.408	0.946566
6125	0.00561981	0.314714	117.981	100.928	-18.7874	-0.0265042	200.095	211.408	0.946489
6126	0.00562071	0.314714	117.981	100.928	-18.801	-0.026504	200.082	211.408	0.946425
6127	0.00562161	0.314714	117.981	100.928	-18.8124	-0.0265038	200.07	211.408	0.946371
6128	0.00562251	0.314714	117.981	100.928	-18.8217	-0.0265035	200.061	211.408	0.946327
6129	0.0056234	0.314714	117.982	100.928	-18.8291	-0.0265033	200.054	211.408	0.946291
6130	0.0056243	0.314715	117.982	100.928	-18.8351	-0.026503	200.048	211.408	0.946263
6131	0.0056252	0.314715	117.982	100.928	-18.8395	-0.0265027	200.044	211.408	0.946242
6132	0.0056261	0.314715	117.982	100.928	-18.8425	-0.0265024	200.041	211.409	0.946228
6133	0.005627	0.314715	117.982	100.928	-18.8442	-0.0265021	200.039	211.409	0.946219
6134	0.00562789	0.314715	117.982	100.927	-18.8446	-0.0265018	200.039	211.409	0.946218
6135	0.00562879	0.314715	117.983	100.927	-18.8437	-0.0265015	200.04	211.409	0.946222
6136	0.00562969	0.314715	117.983	100.927	-18.8416	-0.0265013	200.042	211.409	0.946231
6137	0.00563059	0.314716	117.983	100.927	-18.8384	-0.0265011	200.045	211.409	0.946246
6138	0.00563148	0.314716	117.983	100.927	-18.8342	-0.026501	200.049	211.409	0.946266
6139	0.00563238	0.314716	117.983	100.927	-18.8267	-0.0265009	200.057	211.409	0.946301
6140	0.00563328	0.314716	117.984	100.927	-18.8146	-0.026501	200.069	211.409	0.946358
6141	0.00563418	0.314716	117.984	100.926	-18.8018	-0.0265011	200.082	211.41	0.946418
6142	0.00563508	0.314717	117.984	100.926	-18.7891	-0.0265011	200.095	211.41	0.946478
6143	0.00563597	0.314717	117.984	100.926	-18.7768	-0.0265011	200.107	211.41	0.946536
6144	0.00563687	0.314717	117.984	100.926	-18.765	-0.0265012	200.119	211.41	0.946592
6145	0.00563777	0.314717	117.985	100.926	-18.754	-0.0265013	200.13	211.41	0.946643
6146	0.00563867	0.314718	117.985	100.926	-18.7439	-0.0265014	200.14	211.41	0.946691
6147	0.00563956	0.314718	117.985	100.925	-18.735	-0.0265016	200.149	211.411	0.946733
6148	0.00564046	0.314718	117.986	100.925	-18.7273	-0.0265018	200.157	211.411	0.946768
6149	0.00564136	0.314718	117.986	100.925	-18.721	-0.026502	200.163	211.411	0.946798
6150	0.00564226	0.314719	117.986	100.925	-18.7162	-0.0265022	200.168	211.411	0.94682
6151	0.00564315	0.314719	117.987	100.925	-18.7128	-0.0265025	200.172	211.411	0.946836
6152	0.00564405	0.314719	117.987	100.924	-18.711	-0.0265028	200.174	211.412	0.946844
6153	0.00564495	0.31472	117.987	100.924	-18.7107	-0.0265031	200.174	211.412	0.946845
6154	0.00564585	0.31472	117.988	100.924	-18.712	-0.0265034	200.173	211.412	0.946838
6155	0.00564675	0.31472	117.988	100.924	-18.7151	-0.0265037	200.17	211.412	0.946824
6156	0.00564764	0.314721	117.988	100.924	-18.7199	-0.0265039	200.165	211.412	0.9468
6157	0.00564854	0.314721	117.989	100.923	-18.727	-0.0265041	200.158	211.413	0.946766
6158	0.00564944	0.314721	117.989	100.923	-18.7401	-0.0265042	200.145	211.413	0.946704
6159	0.00565034	0.314722	117.989	100.923	-18.756	-0.0265041	200.13	211.413	0.946628
6160	0.00565123	0.314722	117.99	100.923	-18.7695	-0.0265039	200.116	211.413	0.946564
6161	0.00565213	0.314722	117.99	100.922	-18.7808	-0.0265037	200.105	211.414	0.94651
6162	0.00565303	0.314723	117.991	100.922	-18.7901	-0.0265035	200.096	211.414	0.946466
6163	0.00565393	0.314723	117.991	100.922	-18.7976	-0.0265033	200.089	211.414	0.94643
6164	0.00565483	0.314724	117.991	100.921	-18.8037	-0.026503	200.083	211.414	0.9464
6165	0.00565572	0.314724	117.992	100.921	-18.8084	-0.0265027	200.078	211.415	0.946378
6166	0.00565662	0.314724	117.992	100.921	-18.8117	-0.0265025	200.075	211.415	0.946362
6167	0.00565752	0.314725	117.993	100.921	-18.8137	-0.0265022	200.073	211.415	0.946352
6168	0.00565842	0.314725	117.993	100.92	-18.8144	-0.0265019	200.073	211.416	0.946348
6169	0.00565931	0.314726	117.994	100.92	-18.8139	-0.0265017	200.073	211.416	0.946349
6170	0.00566021	0.314726	117.994	100.92	-18.8123	-0.0265015	200.075	211.416	0.946357
6171	0.00566111	0.314726	117.995	100.919	-18.8095	-0.0265013	200.078	211.416	0.946369
6172	0.00566201	0.314727	117.995	100.919	-18.8057	-0.0265012	200.082	211.417	0.946387
6173	0.00566291	0.314727	117.996	100.919	-18.801	-0.0265012	200.087	211.417	0.946408
6174	0.0056638	0.314728	117.996	100.918	-18.791	-0.0265012	200.097	211.417	0.946455
6175	0.0056647	0.314728	117.997	100.918	-18.7787	-0.0265014	200.109	211.418	0.946513
6176	0.0056656	0.314729	117.997	100.918	-18.7663	-0.0265014	200.122	211.418	0.946571
6177	0.0056665	0.314729	117.998	100.917	-18.7541	-0.0265015	200.134	211.418	0.946628
6178	0.00566739	0.31473	117.998	100.917	-18.7425	-0.0265016	200.146	211.419	0.946682
6179	0.00566829	0.31473	117.999	100.917	-18.7316	-0.0265017	200.157	211.419	0.946733
6180	0.00566919	0.314731	117.999	100.916	-18.7215	-0.0265018	200.168	211.419	0.94678
6181	0.00567009	0.314731	118	100.916	-18.7126	-0.0265019	200.177	211.42	0.946822
6182	0.00567099	0.314732	118	100.916	-18.7048	-0.0265021	200.185	211.42	0.946858
6183	0.00567188	0.314732	118.001	100.915	-18.6984	-0.0265024	200.191	211.42	0.946888
6184	0.00567278	0.314733	118.001	100.915	-18.6934	-0.0265026	200.196	211.421	0.946911
6185	0.00567368	0.314733	118.002	100.915	-18.6898	-0.0265029	200.2	211.421	0.946927
6186	0.00567458	0.314734	118.002	100.914	-18.6878	-0.0265032	200.202	211.421	0.946936
6187	0.00567547	0.314734	118.003	100.914	-18.6872	-0.0265035	200.203	211.422	0.946938
6188	0.00567637	0.314735	118.004	100.914	-18.6883	-0.0265038	200.202	211.422	0.946932
6189	0.00567727	0.314735	118.004	100.913	-18.691	-0.0265041	200.2	211.422	0.946919
6190	0.00567817	0.314736	118.005	100.913	-18.6956	-0.0265043	200.195	211.423	0.946897
6191	0.00567907	0.314736	118.005	100.912	-18.7023	-0.0265046	200.189	211.423	0.946864
6192	0.00567996	0.314737	118.006	100.912	-18.7136	-0.0265047	200.178	211.423	0.94681
6193	0.00568086	0.314737	118.006	100.912	-18.7303	-0.0265046	200.161	211.424	0.94673
6194	0.00568176	0.314738	118.007	100.911	-18.7445	-0.0265045	200.147	211.424	0.946662
6195	0.00568266	0.314739	118.008	100.911	-18.7566	-0.0265043	200.135	211.425	0.946605
6196	0.00568355	0.314739	118.008	100.911	-18.7667	-0.0265041	200.126	211.425	0.946556
6197	0.00568445	0.31474	118.009	100.91	-18.7749	-0.0265039	200.118	211.425	0.946517
6198	0.00568535	0.31474	118.009	100.91	-18.7817	-0.0265037	200.111	211.426	0.946484
6199	0.00568625	0.314741	118.01	100.909	-18.7872	-0.0265034	200.106	211.426	0.946457
6200	0.00568715	0.314741	118.011	100.909	-18.7912	-0.0265031	200.102	211.426	0.946437
6201	0.00568804	0.314742	118.011	100.909	-18.794	-0.0265029	200.099	211.427	0.946423
6202	0.00568894	0.314743	118.012	100.908	-18.7955	-0.0265026	200.098	211.427	0.946415
6203	0.00568984	0.314743	118.013	100.908	-18.7958	-0.0265024	200.098	211.428	0.946413
6204	0.00569074	0.314744	118.013	100.907	-18.795	-0.0265022	200.099	211.428	0.946417
6205	0.00569163	0.314744	118.014	100.907	-18.793	-0.026502	200.101	211.428	0.946425
6206	0.00569253	0.314745	118.014	100.906	-18.79	-0.0265019	200.104	211.429	0.946439
6207	0.00569343	0.314746	118.015	100.906	-18.7861	-0.0265018	200.109	211.429	0.946456
6208	0.00569433	0.314746	118.016	100.906	-18.779	-0.0265019	200.116	211.43	0.946489
6209	0.00569523	0.314747	118.016	100.905	-18.7677	-0.026502	200.127	211.43	0.946542
6210	0.00569612	0.314747	118.017	100.905	-18.7559	-0.0265021	200.139	211.43	0.946597
6211	0.00569702	0.314748	118.018	100.904	-18.7442	-0.0265022	200.151	211.431	0.946652
6212	0.00569792	0.314749	118.018	100.904	-18.733	-0.0265023	200.163	211.431	0.946704
6213	0.00569882	0.314749	118.019	100.903	-18.7224	-0.0265024	200.174	211.432	0.946753
6214	0.00569971	0.31475	118.02	100.903	-18.7126	-0.0265025	200.184	211.432	0.946799
6215	0.00570061	0.314751	118.02	100.903	-18.7038	-0.0265026	200.193	211.433	0.946839
6216	0.00570151	0.314751	118.021	100.902	-18.6962	-0.0265028	200.201	211.433	0.946875
6217	0.00570241	0.314752	118.022	100.902	-18.6898	-0.026503	200.207	211.433	0.946904
6218	0.00570331	0.314753	118.023	100.901	-18.6849	-0.0265033	200.212	211.434	0.946927
6219	0.0057042	0.314753	118.023	100.901	-18.6813	-0.0265036	200.216	211.434	0.946943
6220	0.0057051	0.314754	118.024	100.9	-18.6793	-0.0265038	200.218	211.435	0.946952
6221	0.005706	0.314754	118.025	100.9	-18.6787	-0.0265042	200.219	211.435	0.946953
6222	0.0057069	0.314755	118.025	100.899	-18.6797	-0.0265045	200.219	211.436	0.946948
6223	0.00570779	0.314756	118.026	100.899	-18.6824	-0.0265048	200.216	211.436	0.946934
6224	0.00570869	0.314756	118.027	100.899	-18.6869	-0.026505	200.212	211.437	0.946912
6225	0.00570959	0.314757	118.027	100.898	-18.6934	-0.0265053	200.206	211.437	0.94688
6226	0.00571049	0.314758	118.028	100.898	-18.7038	-0.0265054	200.195	211.437	0.946831
6227	0.00571139	0.314758	118.029	100.897	-18.7211	-0.0265054	200.178	211.438	0.946748
6228	0.00571228	0.314759	118.03	100.897	-18.736	-0.0265052	200.164	211.438	0.946677
6229	0.00571318	0.31476	118.03	100.896	-18.7487	-0.0265051	200.151	211.439	0.946616
6230	0.00571408	0.31476	118.031	100.896	-18.7595	-0.0265049	200.141	211.439	0.946564
6231	0.00571498	0.314761	118.032	100.895	-18.7685	-0.0265047	200.132	211.44	0.94652
6232	0.00571587	0.314762	118.032	100.895	-18.776	-0.0265044	200.125	211.44	0.946484
6233	0.00571677	0.314763	118.033	100.894	-18.7822	-0.0265042	200.119	211.441	0.946454
6234	0.00571767	0.314763	118.034	100.894	-18.787	-0.0265039	200.114	211.441	0.94643
6235	0.00571857	0.314764	118.035	100.893	-18.7905	-0.0265036	200.111	211.442	0.946413
6236	0.00571947	0.314765	118.035	100.893	-18.7928	-0.0265034	200.109	211.442	0.946401
6237	0.00572036	0.314765	118.036	100.892	-18.7939	-0.0265032	200.108	211.442	0.946395
6238	0.00572126	0.314766	118.037	100.892	-18.7939	-0.0265029	200.108	211.443	0.946395
6239	0.00572216	0.314767	118.038	100.891	-18.7927	-0.0265028	200.11	211.443	0.946399
6240	0.00572306	0.314767	118.038	100.891	-18.7906	-0.0265026	200.112	211.444	0.946408
6241	0.00572395	0.314768	118.039	100.891	-18.7875	-0.0265026	200.116	211.444	0.946422
6242	0.00572485	0.314769	118.04	100.89	-18.7835	-0.0265025	200.12	211.445	0.94644
6243	0.00572575	0.314769	118.041	100.89	-18.7745	-0.0265027	200.129	211.445	0.946482
6244	0.00572665	0.31477	118.041	100.889	-18.7633	-0.0265028	200.141	211.446	0.946534
6245	0.00572755	0.314771	118.042	100.889	-18.7521	-0.0265029	200.152	211.446	0.946586
6246	0.00572844	0.314771	118.043	100.888	-18.7413	-0.026503	200.163	211.447	0.946636
6247	0.00572934	0.314772	118.043	100.888	-18.731	-0.026503	200.174	211.447	0.946684
6248	0.00573024	0.314773	118.044	100.887	-18.7215	-0.0265031	200.183	211.448	0.946728
6249	0.00573114	0.314774	118.045	100.887	-18.7129	-0.0265033	200.192	211.448	0.946768
6250	0.00573203	0.314774	118.046	100.886	-18.7054	-0.0265034	200.2	211.448	0.946803
6251	0.00573293	0.314775	118.046	100.886	-18.699	-0.0265036	200.207	211.449	0.946832
6252	0.00573383	0.314776	118.047	100.885	-18.694	-0.0265038	200.212	211.449	0.946855
6253	0.00573473	0.314776	118.048	100.885	-18.6904	-0.0265041	200.216	211.45	0.946871
6254	0.00573562	0.314777	118.049	100.884	-18.6882	-0.0265043	200.218	211.45	0.946881
6255	0.00573652	0.314778	118.049	100.884	-18.6875	-0.0265046	200.219	211.451	0.946883
6256	0.00573742	0.314778	118.05	100.883	-18.6883	-0.0265049	200.219	211.451	0.946879
6257	0.00573832	0.314779	118.051	100.883	-18.6907	-0.0265052	200.216	211.452	0.946866
6258	0.00573922	0.31478	118.051	100.882	-18.6948	-0.0265055	200.213	211.452	0.946846
6259	0.00574011	0.31478	118.052	100.882	-18.7007	-0.0265057	200.207	211.453	0.946817
6260	0.00574101	0.314781	118.053	100.882	-18.7092	-0.0265059	200.199	211.453	0.946776
6261	0.00574191	0.314782	118.054	100.881	-18.726	-0.0265059	200.182	211.453	0.946696
6262	0.00574281	0.314782	118.054	100.881	-18.7422	-0.0265058	200.166	211.454	0.946619
6263	0.0057437	0.314783	118.055	100.88	-18.7562	-0.0265057	200.152	211.454	0.946552
6264	0.0057446	0.314784	118.056	100.88	-18.7683	-0.0265055	200.141	211.455	0.946494
6265	0.0057455	0.314784	118.056	100.879	-18.7784	-0.0265052	200.131	211.455	0.946445
6266	0.0057464	0.314785	118.057	100.879	-18.787	-0.026505	200.122	211.456	0.946404
6267	0.0057473	0.314786	118.058	100.878	-18.7942	-0.0265047	200.115	211.456	0.946369
6268	0.00574819	0.314786	118.058	100.878	-18.8	-0.0265045	200.11	211.457	0.94634
6269	0.00574909	0.314787	118.059	100.878	-18.8046	-0.0265042	200.106	211.457	0.946318
6270	0.00574999	0.314787	118.06	100.877	-18.8079	-0.0265039	200.102	211.457	0.946302
6271	0.00575089	0.314788	118.06	100.877	-18.81	-0.0265037	200.101	211.458	0.946291
6272	0.00575178	0.314789	118.061	100.876	-18.811	-0.0265034	200.1	211.458	0.946286
6273	0.00575268	0.314789	118.062	100.876	-18.8108	-0.0265032	200.1	211.459	0.946286
6274	0.00575358	0.31479	118.062	100.875	-18.8096	-0.0265031	200.102	211.459	0.946291
6275	0.00575448	0.314791	118.063	100.875	-18.8074	-0.0265029	200.104	211.459	0.9463
6276	0.00575538	0.314791	118.064	100.875	-18.8044	-0.0265029	200.107	211.46	0.946314
6277	0.00575627	0.314792	118.064	100.874	-18.7971	-0.0265029	200.115	211.46	0.946348
6278	0.00575717	0.314792	118.065	100.874	-18.7867	-0.026503	200.125	211.461	0.946396
6279	0.00575807	0.314793	118.066	100.873	-18.7761	-0.0265031	200.136	211.461	0.946445
6280	0.00575897	0.314793	118.066	100.873	-18.7658	-0.0265032	200.147	211.461	0.946493
6281	0.00575986	0.314794	118.067	100.873	-18.756	-0.0265032	200.157	211.462	0.946539
6282	0.00576076	0.314795	118.067	100.872	-18.7468	-0.0265033	200.166	211.462	0.946582
6283	0.00576166	0.314795	118.068	100.872	-18.7385	-0.0265034	200.175	211.463	0.94662
6284	0.00576256	0.314796	118.069	100.871	-18.7312	-0.0265035	200.182	211.463	0.946654
6285	0.00576345	0.314796	118.069	100.871	-18.7251	-0.0265037	200.189	211.463	0.946682
6286	0.00576435	0.314797	118.07	100.871	-18.7202	-0.0265039	200.194	211.464	0.946705
6287	0.00576525	0.314797	118.07	100.87	-18.7167	-0.0265041	200.197	211.464	0.946721
6288	0.00576615	0.314798	118.071	100.87	-18.7146	-0.0265043	200.2	211.464	0.94673
6289	0.00576704	0.314798	118.071	100.87	-18.7139	-0.0265046	200.201	211.465	0.946733
6290	0.00576794	0.314799	118.072	100.869	-18.7147	-0.0265049	200.2	211.465	0.946728
6291	0.00576884	0.314799	118.072	100.869	-18.7172	-0.0265051	200.198	211.465	0.946716
6292	0.00576974	0.3148	118.073	100.869	-18.7212	-0.0265054	200.194	211.466	0.946696
6293	0.00577063	0.3148	118.073	100.868	-18.7271	-0.0265056	200.188	211.466	0.946668
6294	0.00577153	0.314801	118.074	100.868	-18.7352	-0.0265058	200.18	211.466	0.946629
6295	0.00577243	0.314801	118.074	100.868	-18.7482	-0.0265058	200.167	211.467	0.946567
6296	0.00577333	0.314802	118.075	100.867	-18.7659	-0.0265057	200.15	211.467	0.946483
6297	0.00577422	0.314802	118.075	100.867	-18.7812	-0.0265055	200.135	211.467	0.94641
6298	0.00577512	0.314803	118.076	100.867	-18.7944	-0.0265053	200.122	211.467	0.946347
6299	0.00577602	0.314803	118.076	100.867	-18.8057	-0.026505	200.11	211.468	0.946293
6300	0.00577692	0.314803	118.076	100.866	-18.8152	-0.0265048	200.101	211.468	0.946248
6301	0.00577782	0.314804	118.077	100.866	-18.8233	-0.0265045	200.093	211.468	0.946209
6302	0.00577871	0.314804	118.077	100.866	-18.8301	-0.0265042	200.087	211.469	0.946176
6303	0.00577961	0.314804	118.078	100.866	-18.8355	-0.0265039	200.081	211.469	0.94615
6304	0.00578051	0.314805	118.078	100.865	-18.8397	-0.0265036	200.077	211.469	0.94613
6305	0.00578141	0.314805	118.078	100.865	-18.8426	-0.0265033	200.074	211.469	0.946116
6306	0.0057823	0.314806	118.079	100.865	-18.8444	-0.026503	200.073	211.469	0.946107
6307	0.0057832	0.314806	118.079	100.865	-18.8451	-0.0265027	200.072	211.47	0.946103
6308	0.0057841	0.314806	118.079	100.864	-18.8447	-0.0265025	200.073	211.47	0.946105
6309	0.005785	0.314806	118.08	100.864	-18.8433	-0.0265023	200.074	211.47	0.946111
6310	0.00578589	0.314807	118.08	100.864	-18.8409	-0.0265022	200.077	211.47	0.946122
6311	0.00578679	0.314807	118.08	100.864	-18.8352	-0.0265022	200.083	211.471	0.946149
6312	0.00578769	0.314807	118.081	100.864	-18.8255	-0.0265023	200.092	211.471	0.946194
6313	0.00578859	0.314808	118.081	100.863	-18.8153	-0.0265023	200.103	211.471	0.946242
6314	0.00578948	0.314808	118.081	100.863	-18.8054	-0.0265023	200.113	211.471	0.946288
6315	0.00579038	0.314808	118.082	100.863	-18.7958	-0.0265023	200.122	211.471	0.946333
6316	0.00579128	0.314808	118.082	100.863	-18.7869	-0.0265023	200.131	211.471	0.946375
6317	0.00579218	0.314809	118.082	100.863	-18.7787	-0.0265024	200.14	211.472	0.946414
6318	0.00579307	0.314809	118.082	100.863	-18.7715	-0.0265024	200.147	211.472	0.946448
6319	0.00579397	0.314809	118.083	100.862	-18.7654	-0.0265025	200.153	211.472	0.946476
6320	0.00579487	0.314809	118.083	100.862	-18.7605	-0.0265027	200.158	211.472	0.946499
6321	0.00579577	0.31481	118.083	100.862	-18.7569	-0.0265028	200.162	211.472	0.946516
6322	0.00579666	0.31481	118.083	100.862	-18.7547	-0.026503	200.164	211.472	0.946526
6323	0.00579756	0.31481	118.083	100.862	-18.7539	-0.0265032	200.165	211.472	0.946529
6324	0.00579846	0.31481	118.084	100.862	-18.7546	-0.0265034	200.164	211.473	0.946526
6325	0.00579936	0.31481	118.084	100.862	-18.7569	-0.0265036	200.162	211.473	0.946515
6326	0.00580025	0.31481	118.084	100.862	-18.7607	-0.0265038	200.158	211.473	0.946496
6327	0.00580115	0.314811	118.084	100.861	-18.7663	-0.026504	200.153	211.473	0.94647
6328	0.00580205	0.314811	118.084	100.861	-18.7738	-0.0265041	200.145	211.473	0.946434
6329	0.00580295	0.314811	118.084	100.861	-18.7846	-0.0265042	200.135	211.473	0.946383
6330	0.00580384	0.314811	118.085	100.861	-18.8033	-0.026504	200.116	211.473	0.946294
6331	0.00580474	0.314811	118.085	100.861	-18.8195	-0.0265038	200.1	211.473	0.946218
6332	0.00580564	0.314811	118.085	100.861	-18.8335	-0.0265035	200.086	211.473	0.946151
6333	0.00580654	0.314811	118.085	100.861	-18.8456	-0.0265032	200.074	211.473	0.946094
6334	0.00580744	0.314811	118.085	100.861	-18.8558	-0.0265029	200.064	211.473	0.946046
6335	0.00580833	0.314812	118.085	100.861	-18.8645	-0.0265026	200.055	211.474	0.946004
6336	0.00580923	0.314812	118.085	100.861	-18.8718	-0.0265022	200.048	211.474	0.94597
6337	0.00581013	0.314812	118.085	100.861	-18.8779	-0.0265019	200.042	211.474	0.945941
6338	0.00581103	0.314812	118.085	100.861	-18.8826	-0.0265015	200.037	211.474	0.945919
6339	0.00581192	0.314812	118.085	100.861	-18.886	-0.0265012	200.033	211.474	0.945902
6340	0.00581282	0.314812	118.085	100.861	-18.8883	-0.0265008	200.031	211.474	0.945891
6341	0.00581372	0.314812	118.085	100.861	-18.8895	-0.0265005	200.03	211.474	0.945886
6342	0.00581462	0.314812	118.085	100.861	-18.8895	-0.0265002	200.03	211.474	0.945886
6343	0.00581551	0.314812	118.085	100.861	-18.8886	-0.0265	200.031	211.474	0.94589
6344	0.00581641	0.314812	118.085	100.861	-18.8866	-0.0264998	200.033	211.474	0.945899
6345	0.00581731	0.314812	118.085	100.861	-18.8809	-0.0264997	200.039	211.474	0.945926
6346	0.00581821	0.314812	118.085	100.861	-18.8714	-0.0264997	200.048	211.474	0.945972
6347	0.0058191	0.314812	118.085	100.861	-18.8614	-0.0264997	200.058	211.474	0.946019
6348	0.00582	0.314812	118.085	100.861	-18.8516	-0.0264997	200.068	211.474	0.946065
6349	0.0058209	0.314812	118.085	100.861	-18.8422	-0.0264996	200.077	211.474	0.94611
6350	0.0058218	0.314812	118.085	100.861	-18.8333	-0.0264996	200.086	211.474	0.946152
6351	0.00582269	0.314812	118.085	100.861	-18.8251	-0.0264995	200.094	211.474	0.946191
6352	0.00582359	0.314812	118.085	100.861	-18.8178	-0.0264996	200.102	211.474	0.946225
6353	0.00582449	0.314812	118.085	100.861	-18.8117	-0.0264996	200.108	211.474	0.946254
6354	0.00582539	0.314812	118.085	100.861	-18.8067	-0.0264997	200.113	211.474	0.946278
6355	0.00582628	0.314811	118.085	100.861	-18.803	-0.0264998	200.116	211.473	0.946295
6356	0.00582718	0.314811	118.085	100.861	-18.8007	-0.0264999	200.119	211.473	0.946306
6357	0.00582808	0.314811	118.085	100.861	-18.7998	-0.0265001	200.12	211.473	0.946311
6358	0.00582897	0.314811	118.085	100.861	-18.8003	-0.0265002	200.119	211.473	0.946308
6359	0.00582987	0.314811	118.085	100.861	-18.8024	-0.0265004	200.117	211.473	0.946298
6360	0.00583077	0.314811	118.085	100.861	-18.8061	-0.0265005	200.113	211.473	0.946281
6361	0.00583167	0.314811	118.085	100.861	-18.8115	-0.0265007	200.108	211.473	0.946256
6362	0.00583256	0.314811	118.085	100.861	-18.8186	-0.0265007	200.101	211.473	0.946222
6363	0.00583346	0.314811	118.084	100.861	-18.8283	-0.0265008	200.091	211.473	0.946176
6364	0.00583436	0.314811	118.084	100.861	-18.8475	-0.0265006	200.072	211.473	0.946086
6365	0.00583526	0.314811	118.084	100.861	-18.864	-0.0265003	200.055	211.473	0.946007
6366	0.00583615	0.314811	118.084	100.861	-18.8783	-0.0265	200.041	211.473	0.94594
6367	0.00583705	0.314811	118.084	100.861	-18.8906	-0.0264996	200.029	211.473	0.945882
6368	0.00583795	0.314811	118.084	100.861	-18.901	-0.0264993	200.018	211.473	0.945833
6369	0.00583885	0.314811	118.084	100.861	-18.9098	-0.0264989	200.009	211.473	0.945791
6370	0.00583974	0.314811	118.084	100.862	-18.9173	-0.0264985	200.002	211.473	0.945756
6371	0.00584064	0.314811	118.084	100.862	-18.9234	-0.0264981	199.996	211.473	0.945727
6372	0.00584154	0.314811	118.084	100.862	-18.9282	-0.0264977	199.991	211.473	0.945704
6373	0.00584244	0.314811	118.084	100.862	-18.9318	-0.0264973	199.987	211.473	0.945687
6374	0.00584333	0.31481	118.084	100.862	-18.9341	-0.0264969	199.985	211.473	0.945676
6375	0.00584423	0.31481	118.084	100.862	-18.9353	-0.0264966	199.984	211.473	0.945671
6376	0.00584513	0.31481	118.084	100.862	-18.9354	-0.0264962	199.984	211.473	0.945671
6377	0.00584603	0.31481	118.084	100.862	-18.9344	-0.0264959	199.984	211.473	0.945675
6378	0.00584692	0.31481	118.084	100.862	-18.9325	-0.0264957	199.986	211.473	0.945685
6379	0.00584782	0.31481	118.083	100.862	-18.9255	-0.0264956	199.993	211.473	0.945717
6380	0.00584872	0.31481	118.083	100.862	-18.9157	-0.0264956	200.003	211.473	0.945764
6381	0.00584962	0.31481	118.083	100.862	-18.9056	-0.0264955	200.013	211.473	0.945812
6382	0.00585051	0.31481	118.083	100.862	-18.8956	-0.0264954	200.023	211.472	0.945859
6383	0.00585141	0.31481	118.083	100.862	-18.886	-0.0264953	200.033	211.472	0.945905
6384	0.00585231	0.31481	118.083	100.862	-18.8769	-0.0264952	200.042	211.472	0.945948
6385	0.00585321	0.31481	118.083	100.862	-18.8685	-0.0264951	200.05	211.472	0.945988
6386	0.0058541	0.31481	118.083	100.862	-18.861	-0.0264951	200.058	211.472	0.946023
6387	0.005855	0.314809	118.083	100.862	-18.8546	-0.0264951	200.064	211.472	0.946054
6388	0.0058559	0.314809	118.083	100.863	-18.8495	-0.0264952	200.069	211.472	0.946078
6389	0.0058568	0.314809	118.082	100.863	-18.8456	-0.0264953	200.073	211.472	0.946097
6390	0.00585769	0.314809	118.082	100.863	-18.8431	-0.0264954	200.075	211.472	0.946109
6391	0.00585859	0.314809	118.082	100.863	-18.842	-0.0264955	200.076	211.472	0.946114
6392	0.00585949	0.314809	118.082	100.863	-18.8423	-0.0264956	200.076	211.472	0.946113
6393	0.00586038	0.314809	118.082	100.863	-18.8443	-0.0264957	200.074	211.472	0.946104
6394	0.00586128	0.314809	118.082	100.863	-18.8478	-0.0264959	200.07	211.471	0.946087
6395	0.00586218	0.314808	118.081	100.863	-18.8529	-0.0264959	200.065	211.471	0.946063
6396	0.00586308	0.314808	118.081	100.863	-18.8598	-0.026496	200.058	211.471	0.946031
6397	0.00586397	0.314808	118.081	100.863	-18.8689	-0.026496	200.049	211.471	0.945988
6398	0.00586487	0.314808	118.081	100.864	-18.8844	-0.0264959	200.034	211.471	0.945915
6399	0.00586577	0.314808	118.081	100.864	-18.9017	-0.0264956	200.016	211.471	0.945833
6400	0.00586667	0.314807	118.08	100.864	-18.9166	-0.0264953	200.001	211.471	0.945763
6401	0.00586756	0.314807	118.08	100.864	-18.9293	-0.0264949	199.988	211.471	0.945703
6402	0.00586846	0.314807	118.08	100.864	-18.94	-0.0264945	199.978	211.471	0.945653
6403	0.00586936	0.314807	118.08	100.864	-18.949	-0.0264941	199.969	211.47	0.945611
6404	0.00587026	0.314807	118.08	100.864	-18.9565	-0.0264937	199.961	211.47	0.945575
6405	0.00587115	0.314806	118.079	100.865	-18.9627	-0.0264933	199.955	211.47	0.945546
6406	0.00587205	0.314806	118.079	100.865	-18.9675	-0.0264929	199.95	211.47	0.945524
6407	0.00587295	0.314806	118.079	100.865	-18.9709	-0.0264924	199.946	211.47	0.945508
6408	0.00587385	0.314806	118.079	100.865	-18.9732	-0.026492	199.944	211.47	0.945498
6409	0.00587474	0.314805	118.078	100.865	-18.9743	-0.0264917	199.943	211.469	0.945493
6410	0.00587564	0.314805	118.078	100.865	-18.9742	-0.0264913	199.943	211.469	0.945494
6411	0.00587654	0.314805	118.078	100.866	-18.973	-0.026491	199.944	211.469	0.9455
6412	0.00587744	0.314805	118.077	100.866	-18.9708	-0.0264907	199.946	211.469	0.94551
6413	0.00587833	0.314804	118.077	100.866	-18.9635	-0.0264906	199.953	211.469	0.945545
6414	0.00587923	0.314804	118.077	100.866	-18.9532	-0.0264905	199.963	211.469	0.945594
6415	0.00588013	0.314804	118.077	100.866	-18.9426	-0.0264904	199.974	211.468	0.945645
6416	0.00588102	0.314803	118.076	100.867	-18.9321	-0.0264903	199.984	211.468	0.945695
6417	0.00588192	0.314803	118.076	100.867	-18.9219	-0.0264902	199.994	211.468	0.945743
6418	0.00588282	0.314803	118.075	100.867	-18.9123	-0.0264901	200.004	211.468	0.945789
6419	0.00588372	0.314803	118.075	100.867	-18.9033	-0.02649	200.013	211.467	0.945832
6420	0.00588461	0.314802	118.075	100.868	-18.8953	-0.02649	200.021	211.467	0.94587
6421	0.00588551	0.314802	118.074	100.868	-18.8883	-0.02649	200.027	211.467	0.945904
6422	0.00588641	0.314802	118.074	100.868	-18.8825	-0.0264901	200.033	211.467	0.945932
6423	0.00588731	0.314801	118.074	100.868	-18.878	-0.0264901	200.037	211.467	0.945953
6424	0.0058882	0.314801	118.073	100.869	-18.8749	-0.0264902	200.04	211.466	0.945968
6425	0.0058891	0.3148	118.073	100.869	-18.8733	-0.0264904	200.042	211.466	0.945977
6426	0.00589	0.3148	118.072	100.869	-18.8731	-0.0264905	200.042	211.466	0.945978
6427	0.00589089	0.3148	118.072	100.869	-18.8745	-0.0264906	200.04	211.466	0.945972
6428	0.00589179	0.314799	118.072	100.87	-18.8774	-0.0264907	200.037	211.465	0.945958
6429	0.00589269	0.314799	118.071	100.87	-18.882	-0.0264908	200.033	211.465	0.945937
6430	0.00589359	0.314799	118.071	100.87	-18.8882	-0.0264909	200.026	211.465	0.945908
6431	0.00589448	0.314798	118.07	100.87	-18.8965	-0.0264909	200.018	211.465	0.945869
6432	0.00589538	0.314798	118.07	100.871	-18.9093	-0.0264909	200.005	211.464	0.94581
6433	0.00589628	0.314797	118.069	100.871	-18.927	-0.0264906	199.987	211.464	0.945726
6434	0.00589718	0.314797	118.069	100.871	-18.9421	-0.0264903	199.972	211.464	0.945655
6435	0.00589807	0.314796	118.069	100.872	-18.955	-0.0264899	199.959	211.463	0.945595
6436	0.00589897	0.314796	118.068	100.872	-18.9658	-0.0264896	199.948	211.463	0.945544
6437	0.00589987	0.314796	118.068	100.872	-18.9747	-0.0264892	199.939	211.463	0.945503
6438	0.00590077	0.314795	118.067	100.873	-18.9821	-0.0264888	199.931	211.463	0.945468
6439	0.00590166	0.314795	118.067	100.873	-18.9881	-0.0264884	199.925	211.462	0.945441
6440	0.00590256	0.314794	118.066	100.873	-18.9927	-0.0264879	199.92	211.462	0.945419
6441	0.00590346	0.314794	118.066	100.873	-18.996	-0.0264875	199.917	211.462	0.945405
6442	0.00590436	0.314793	118.065	100.874	-18.998	-0.0264871	199.915	211.461	0.945396
6443	0.00590525	0.314793	118.065	100.874	-18.9987	-0.0264867	199.914	211.461	0.945393
6444	0.00590615	0.314792	118.064	100.874	-18.9983	-0.0264864	199.914	211.461	0.945395
6445	0.00590705	0.314792	118.064	100.875	-18.9968	-0.0264861	199.915	211.46	0.945403
6446	0.00590794	0.314791	118.063	100.875	-18.9942	-0.0264858	199.918	211.46	0.945416
6447	0.00590884	0.314791	118.063	100.875	-18.9868	-0.0264857	199.925	211.46	0.945451
6448	0.00590974	0.314791	118.062	100.876	-18.976	-0.0264856	199.935	211.459	0.945503
6449	0.00591064	0.31479	118.062	100.876	-18.9648	-0.0264855	199.947	211.459	0.945557
6450	0.00591153	0.31479	118.061	100.876	-18.9537	-0.0264854	199.957	211.459	0.94561
6451	0.00591243	0.314789	118.061	100.877	-18.9428	-0.0264853	199.968	211.458	0.945662
6452	0.00591333	0.314789	118.06	100.877	-18.9324	-0.0264852	199.978	211.458	0.945712
6453	0.00591423	0.314788	118.06	100.878	-18.9227	-0.0264852	199.988	211.458	0.945758
6454	0.00591512	0.314788	118.059	100.878	-18.9139	-0.0264851	199.996	211.457	0.9458
6455	0.00591602	0.314787	118.058	100.878	-18.9062	-0.0264852	200.004	211.457	0.945837
6456	0.00591692	0.314787	118.058	100.879	-18.8997	-0.0264852	200.01	211.457	0.945869
6457	0.00591782	0.314786	118.057	100.879	-18.8945	-0.0264853	200.015	211.456	0.945894
6458	0.00591871	0.314785	118.057	100.879	-18.8907	-0.0264854	200.019	211.456	0.945913
6459	0.00591961	0.314785	118.056	100.88	-18.8883	-0.0264856	200.021	211.456	0.945925
6460	0.00592051	0.314784	118.056	100.88	-18.8874	-0.0264857	200.022	211.455	0.945929
6461	0.0059214	0.314784	118.055	100.88	-18.8881	-0.0264859	200.021	211.455	0.945927
6462	0.0059223	0.314783	118.054	100.881	-18.8904	-0.026486	200.018	211.455	0.945917
6463	0.0059232	0.314783	118.054	100.881	-18.8943	-0.0264861	200.014	211.454	0.945899
6464	0.0059241	0.314782	118.053	100.882	-18.8999	-0.0264862	200.009	211.454	0.945873
6465	0.00592499	0.314782	118.053	100.882	-18.9074	-0.0264863	200.001	211.453	0.945838
6466	0.00592589	0.314781	118.052	100.882	-18.9187	-0.0264862	199.989	211.453	0.945786
6467	0.00592679	0.314781	118.052	100.883	-18.9363	-0.026486	199.971	211.453	0.945703
6468	0.00592769	0.31478	118.051	100.883	-18.9513	-0.0264857	199.956	211.452	0.945633
6469	0.00592858	0.314779	118.05	100.884	-18.9639	-0.0264854	199.943	211.452	0.945574
6470	0.00592948	0.314779	118.05	100.884	-18.9745	-0.026485	199.933	211.452	0.945525
6471	0.00593038	0.314778	118.049	100.884	-18.9831	-0.0264846	199.924	211.451	0.945484
6472	0.00593127	0.314778	118.048	100.885	-18.9902	-0.0264842	199.916	211.451	0.945452
6473	0.00593217	0.314777	118.048	100.885	-18.9959	-0.0264838	199.911	211.45	0.945426
6474	0.00593307	0.314777	118.047	100.886	-19.0001	-0.0264834	199.906	211.45	0.945406
6475	0.00593397	0.314776	118.047	100.886	-19.003	-0.026483	199.903	211.45	0.945393
6476	0.00593486	0.314775	118.046	100.886	-19.0047	-0.0264826	199.901	211.449	0.945386
6477	0.00593576	0.314775	118.045	100.887	-19.005	-0.0264822	199.901	211.449	0.945385
6478	0.00593666	0.314774	118.045	100.887	-19.0042	-0.0264819	199.901	211.448	0.94539
6479	0.00593756	0.314774	118.044	100.888	-19.0022	-0.0264816	199.903	211.448	0.9454
6480	0.00593845	0.314773	118.043	100.888	-18.9992	-0.0264813	199.906	211.448	0.945415
6481	0.00593935	0.314772	118.043	100.888	-18.9915	-0.0264812	199.913	211.447	0.945452
6482	0.00594025	0.314772	118.042	100.889	-18.9801	-0.0264811	199.924	211.447	0.945507
6483	0.00594115	0.314771	118.041	100.889	-18.9683	-0.026481	199.936	211.446	0.945563
6484	0.00594204	0.31477	118.041	100.89	-18.9566	-0.0264809	199.947	211.446	0.94562
6485	0.00594294	0.31477	118.04	100.89	-18.9451	-0.0264808	199.959	211.445	0.945675
6486	0.00594384	0.314769	118.039	100.891	-18.9341	-0.0264807	199.969	211.445	0.945728
6487	0.00594474	0.314769	118.039	100.891	-18.9237	-0.0264806	199.98	211.445	0.945777
6488	0.00594563	0.314768	118.038	100.892	-18.9143	-0.0264806	199.989	211.444	0.945823
6489	0.00594653	0.314767	118.037	100.892	-18.906	-0.0264806	199.997	211.444	0.945863
6490	0.00594743	0.314767	118.037	100.892	-18.8988	-0.0264807	200.004	211.443	0.945897
6491	0.00594832	0.314766	118.036	100.893	-18.893	-0.0264807	200.009	211.443	0.945926
6492	0.00594922	0.314765	118.035	100.893	-18.8886	-0.0264809	200.013	211.442	0.945947
6493	0.00595012	0.314765	118.035	100.894	-18.8857	-0.026481	200.016	211.442	0.945962
6494	0.00595102	0.314764	118.034	100.894	-18.8842	-0.0264811	200.017	211.442	0.94597
6495	0.00595191	0.314763	118.033	100.895	-18.8843	-0.0264813	200.017	211.441	0.94597
6496	0.00595281	0.314763	118.032	100.895	-18.886	-0.0264814	200.015	211.441	0.945963
6497	0.00595371	0.314762	118.032	100.896	-18.8894	-0.0264815	200.011	211.44	0.945948
6498	0.00595461	0.314761	118.031	100.896	-18.8943	-0.0264816	200.006	211.44	0.945925
6499	0.0059555	0.314761	118.03	100.897	-18.9011	-0.0264817	199.999	211.439	0.945894
6500	0.0059564	0.31476	118.03	100.897	-18.911	-0.0264817	199.989	211.439	0.945848
6501	0.0059573	0.314759	118.029	100.897	-18.9285	-0.0264815	199.971	211.439	0.945766
6502	0.0059582	0.314759	118.028	100.898	-18.9434	-0.0264812	199.956	211.438	0.945696
6503	0.00595909	0.314758	118.027	100.898	-18.9558	-0.0264808	199.943	211.438	0.945638
6504	0.00595999	0.314757	118.027	100.899	-18.9662	-0.0264804	199.933	211.437	0.94559
6505	0.00596089	0.314757	118.026	100.899	-18.9746	-0.0264801	199.924	211.437	0.945551
6506	0.00596179	0.314756	118.025	100.9	-18.9814	-0.0264797	199.917	211.436	0.94552
6507	0.00596268	0.314755	118.025	100.9	-18.9867	-0.0264793	199.912	211.436	0.945496
6508	0.00596358	0.314755	118.024	100.901	-18.9906	-0.0264789	199.907	211.435	0.945478
6509	0.00596448	0.314754	118.023	100.901	-18.9932	-0.0264784	199.905	211.435	0.945467
6510	0.00596538	0.314753	118.022	100.902	-18.9945	-0.026478	199.903	211.434	0.945461
6511	0.00596627	0.314753	118.022	100.902	-18.9945	-0.0264777	199.903	211.434	0.945462
6512	0.00596717	0.314752	118.021	100.903	-18.9933	-0.0264773	199.904	211.434	0.945469
6513	0.00596807	0.314751	118.02	100.903	-18.9909	-0.026477	199.906	211.433	0.945481
6514	0.00596896	0.314751	118.02	100.904	-18.9875	-0.0264767	199.909	211.433	0.945498
6515	0.00596986	0.31475	118.019	100.904	-18.9791	-0.0264766	199.917	211.432	0.945538
6516	0.00597076	0.314749	118.018	100.904	-18.9673	-0.0264765	199.929	211.432	0.945595
6517	0.00597166	0.314749	118.017	100.905	-18.955	-0.0264764	199.941	211.431	0.945654
6518	0.00597255	0.314748	118.017	100.905	-18.9428	-0.0264763	199.953	211.431	0.945713
6519	0.00597345	0.314747	118.016	100.906	-18.9308	-0.0264762	199.964	211.43	0.94577
6520	0.00597435	0.314747	118.015	100.906	-18.9193	-0.0264761	199.976	211.43	0.945825
6521	0.00597525	0.314746	118.014	100.907	-18.9085	-0.026476	199.986	211.429	0.945877
6522	0.00597614	0.314745	118.014	100.907	-18.8986	-0.026476	199.996	211.429	0.945925
6523	0.00597704	0.314745	118.013	100.908	-18.8898	-0.026476	200.004	211.429	0.945967
6524	0.00597794	0.314744	118.012	100.908	-18.8822	-0.0264761	200.012	211.428	0.946004
6525	0.00597884	0.314743	118.012	100.909	-18.876	-0.0264762	200.018	211.428	0.946034
6526	0.00597973	0.314743	118.011	100.909	-18.8711	-0.0264763	200.022	211.427	0.946058
6527	0.00598063	0.314742	118.01	100.91	-18.8678	-0.0264764	200.026	211.427	0.946075
6528	0.00598153	0.314741	118.009	100.91	-18.8659	-0.0264766	200.027	211.426	0.946085
6529	0.00598243	0.31474	118.009	100.91	-18.8656	-0.0264767	200.027	211.426	0.946087
6530	0.00598332	0.31474	118.008	100.911	-18.8669	-0.0264769	200.026	211.425	0.946082
6531	0.00598422	0.314739	118.007	100.911	-18.8697	-0.026477	200.023	211.425	0.946069
6532	0.00598512	0.314738	118.007	100.912	-18.8742	-0.0264771	200.018	211.424	0.946049
6533	0.00598601	0.314738	118.006	100.912	-18.8804	-0.0264772	200.011	211.424	0.94602
6534	0.00598691	0.314737	118.005	100.913	-18.8892	-0.0264772	200.002	211.424	0.94598
6535	0.00598781	0.314736	118.005	100.913	-18.9067	-0.026477	199.985	211.423	0.945897
6536	0.00598871	0.314736	118.004	100.914	-18.9215	-0.0264768	199.97	211.423	0.945828
6537	0.0059896	0.314735	118.003	100.914	-18.9339	-0.0264764	199.957	211.422	0.94577
6538	0.0059905	0.314735	118.002	100.915	-18.9441	-0.0264761	199.946	211.422	0.945723
6539	0.0059914	0.314734	118.002	100.915	-18.9523	-0.0264757	199.938	211.421	0.945685
6540	0.0059923	0.314733	118.001	100.915	-18.9589	-0.0264754	199.931	211.421	0.945654
6541	0.00599319	0.314733	118	100.916	-18.9641	-0.026475	199.926	211.42	0.945631
6542	0.00599409	0.314732	118	100.916	-18.9678	-0.0264746	199.922	211.42	0.945614
6543	0.00599499	0.314731	117.999	100.917	-18.9701	-0.0264742	199.919	211.42	0.945604
6544	0.00599589	0.314731	117.998	100.917	-18.9711	-0.0264738	199.918	211.419	0.9456
6545	0.00599678	0.31473	117.998	100.918	-18.9709	-0.0264734	199.918	211.419	0.945602
6546	0.00599768	0.314729	117.997	100.918	-18.9694	-0.0264731	199.919	211.418	0.94561
6547	0.00599858	0.314729	117.996	100.919	-18.9667	-0.0264728	199.922	211.418	0.945623
6548	0.00599948	0.314728	117.996	100.919	-18.963	-0.0264725	199.925	211.418	0.945641
6549	0.00600037	0.314728	117.995	100.919	-18.9541	-0.0264724	199.934	211.417	0.945684
6550	0.00600127	0.314727	117.994	100.92	-18.942	-0.0264723	199.946	211.417	0.945742
6551	0.00600217	0.314726	117.994	100.92	-18.9294	-0.0264722	199.958	211.416	0.945802
6552	0.00600307	0.314726	117.993	100.921	-18.9168	-0.0264721	199.97	211.416	0.945863
6553	0.00600396	0.314725	117.993	100.921	-18.9045	-0.026472	199.983	211.416	0.945922
6554	0.00600486	0.314725	117.992	100.921	-18.8927	-0.026472	199.994	211.415	0.945978
6555	0.00600576	0.314724	117.991	100.922	-18.8816	-0.0264719	200.005	211.415	0.946031
6556	0.00600666	0.314723	117.991	100.922	-18.8714	-0.0264719	200.015	211.414	0.946081
6557	0.00600755	0.314723	117.99	100.923	-18.8622	-0.026472	200.024	211.414	0.946124
6558	0.00600845	0.314722	117.99	100.923	-18.8543	-0.0264721	200.032	211.414	0.946162
6559	0.00600935	0.314722	117.989	100.923	-18.8478	-0.0264722	200.038	211.413	0.946194
6560	0.00601025	0.314721	117.988	100.924	-18.8427	-0.0264723	200.043	211.413	0.946219
6561	0.00601114	0.314721	117.988	100.924	-18.839	-0.0264725	200.046	211.413	0.946237
6562	0.00601204	0.31472	117.987	100.924	-18.8369	-0.0264727	200.048	211.412	0.946248
6563	0.00601294	0.31472	117.987	100.925	-18.8363	-0.0264729	200.049	211.412	0.946251
6564	0.00601384	0.314719	117.986	100.925	-18.8373	-0.026473	200.047	211.412	0.946247
6565	0.00601473	0.314719	117.986	100.925	-18.8399	-0.0264732	200.045	211.411	0.946235
6566	0.00601563	0.314718	117.985	100.926	-18.844	-0.0264733	200.04	211.411	0.946216
6567	0.00601653	0.314718	117.985	100.926	-18.8499	-0.0264735	200.034	211.411	0.946189
6568	0.00601743	0.314717	117.984	100.926	-18.858	-0.0264735	200.026	211.41	0.946151
6569	0.00601832	0.314717	117.984	100.927	-18.8746	-0.0264734	200.009	211.41	0.946073
6570	0.00601922	0.314716	117.983	100.927	-18.8895	-0.0264731	199.994	211.41	0.946003
6571	0.00602012	0.314716	117.983	100.927	-18.902	-0.0264728	199.982	211.409	0.945945
6572	0.00602102	0.314715	117.982	100.928	-18.9123	-0.0264725	199.971	211.409	0.945897
6573	0.00602191	0.314715	117.982	100.928	-18.9205	-0.0264722	199.963	211.409	0.945859
6574	0.00602281	0.314715	117.981	100.928	-18.9271	-0.0264719	199.956	211.408	0.945828
6575	0.00602371	0.314714	117.981	100.928	-18.9322	-0.0264715	199.951	211.408	0.945804
6576	0.00602461	0.314714	117.981	100.929	-18.9358	-0.0264711	199.947	211.408	0.945788
6577	0.0060255	0.314713	117.98	100.929	-18.938	-0.0264707	199.945	211.408	0.945778
6578	0.0060264	0.314713	117.98	100.929	-18.939	-0.0264704	199.944	211.407	0.945774
6579	0.0060273	0.314713	117.979	100.929	-18.9386	-0.02647	199.944	211.407	0.945776
6580	0.0060282	0.314712	117.979	100.93	-18.937	-0.0264697	199.945	211.407	0.945784
6581	0.00602909	0.314712	117.979	100.93	-18.9343	-0.0264694	199.948	211.407	0.945797
6582	0.00602999	0.314712	117.978	100.93	-18.9304	-0.0264692	199.952	211.406	0.945816
6583	0.00603089	0.314711	117.978	100.93	-18.9219	-0.0264691	199.96	211.406	0.945856
6584	0.00603179	0.314711	117.977	100.931	-18.9098	-0.026469	199.972	211.406	0.945914
6585	0.00603268	0.314711	117.977	100.931	-18.897	-0.026469	199.985	211.406	0.945975
6586	0.00603358	0.31471	117.977	100.931	-18.8843	-0.0264689	199.997	211.405	0.946036
6587	0.00603448	0.31471	117.976	100.931	-18.8718	-0.0264689	200.01	211.405	0.946095
6588	0.00603538	0.31471	117.976	100.932	-18.8597	-0.0264688	200.021	211.405	0.946153
6589	0.00603627	0.314709	117.976	100.932	-18.8484	-0.0264688	200.033	211.405	0.946207
6590	0.00603717	0.314709	117.975	100.932	-18.838	-0.0264689	200.043	211.405	0.946256
6591	0.00603807	0.314709	117.975	100.932	-18.8286	-0.0264689	200.052	211.404	0.946301
6592	0.00603897	0.314708	117.975	100.932	-18.8205	-0.026469	200.06	211.404	0.94634
6593	0.00603986	0.314708	117.975	100.933	-18.8138	-0.0264692	200.067	211.404	0.946372
6594	0.00604076	0.314708	117.974	100.933	-18.8084	-0.0264694	200.072	211.404	0.946398
6595	0.00604166	0.314708	117.974	100.933	-18.8046	-0.0264696	200.076	211.404	0.946416
6596	0.00604256	0.314707	117.974	100.933	-18.8022	-0.0264698	200.078	211.404	0.946428
6597	0.00604345	0.314707	117.974	100.933	-18.8014	-0.02647	200.079	211.403	0.946432
6598	0.00604435	0.314707	117.973	100.933	-18.8022	-0.0264702	200.078	211.403	0.946428
6599	0.00604525	0.314707	117.973	100.933	-18.8046	-0.0264704	200.075	211.403	0.946417
6600	0.00604615	0.314706	117.973	100.934	-18.8086	-0.0264706	200.071	211.403	0.946399
6601	0.00604704	0.314706	117.973	100.934	-18.8143	-0.0264707	200.066	211.403	0.946372
6602	0.00604794	0.314706	117.972	100.934	-18.8224	-0.0264708	200.057	211.403	0.946334
6603	0.00604884	0.314706	117.972	100.934	-18.8395	-0.0264707	200.04	211.403	0.946253
6604	0.00604974	0.314706	117.972	100.934	-18.8542	-0.0264705	200.026	211.402	0.946184
6605	0.00605063	0.314706	117.972	100.934	-18.8664	-0.0264702	200.013	211.402	0.946126
6606	0.00605153	0.314705	117.972	100.934	-18.8765	-0.0264699	200.003	211.402	0.946079
6607	0.00605243	0.314705	117.972	100.934	-18.8846	-0.0264697	199.995	211.402	0.946041
6608	0.00605333	0.314705	117.971	100.935	-18.8911	-0.0264693	199.988	211.402	0.94601
6609	0.00605422	0.314705	117.971	100.935	-18.8961	-0.026469	199.983	211.402	0.945987
6610	0.00605512	0.314705	117.971	100.935	-18.8996	-0.0264687	199.98	211.402	0.94597
6611	0.00605602	0.314705	117.971	100.935	-18.9018	-0.0264683	199.978	211.402	0.94596
6612	0.00605692	0.314705	117.971	100.935	-18.9027	-0.026468	199.977	211.402	0.945956
6613	0.00605782	0.314704	117.971	100.935	-18.9023	-0.0264677	199.977	211.402	0.945958
6614	0.00605871	0.314704	117.971	100.935	-18.9007	-0.0264674	199.979	211.402	0.945966
6615	0.00605961	0.314704	117.971	100.935	-18.8979	-0.0264671	199.981	211.401	0.945979
6616	0.00606051	0.314704	117.971	100.935	-18.894	-0.0264669	199.985	211.401	0.945997
6617	0.00606141	0.314704	117.97	100.935	-18.8863	-0.0264668	199.993	211.401	0.946034
6618	0.0060623	0.314704	117.97	100.935	-18.8742	-0.0264668	200.005	211.401	0.946091
6619	0.0060632	0.314704	117.97	100.935	-18.8615	-0.0264668	200.018	211.401	0.946151
6620	0.0060641	0.314704	117.97	100.935	-18.8487	-0.0264668	200.03	211.401	0.946212
6621	0.006065	0.314704	117.97	100.935	-18.8362	-0.0264668	200.043	211.401	0.946271
6622	0.00606589	0.314704	117.97	100.935	-18.8241	-0.0264668	200.055	211.401	0.946328
6623	0.00606679	0.314704	117.97	100.935	-18.8128	-0.0264668	200.066	211.401	0.946382
6624	0.00606769	0.314704	117.97	100.935	-18.8023	-0.0264668	200.077	211.401	0.946431
6625	0.00606859	0.314704	117.97	100.935	-18.793	-0.026467	200.086	211.401	0.946476
6626	0.00606948	0.314704	117.97	100.935	-18.7848	-0.0264671	200.094	211.401	0.946514
6627	0.00607038	0.314704	117.97	100.935	-18.778	-0.0264673	200.101	211.401	0.946546
6628	0.00607128	0.314704	117.97	100.935	-18.7727	-0.0264675	200.106	211.401	0.946572
6629	0.00607218	0.314704	117.97	100.935	-18.7688	-0.0264677	200.11	211.401	0.94659
6630	0.00607307	0.314704	117.97	100.935	-18.7664	-0.026468	200.113	211.401	0.946601
6631	0.00607397	0.314704	117.97	100.935	-18.7656	-0.0264682	200.113	211.401	0.946605
6632	0.00607487	0.314704	117.97	100.935	-18.7665	-0.0264685	200.112	211.401	0.946601
6633	0.00607577	0.314704	117.97	100.936	-18.7689	-0.0264687	200.11	211.401	0.94659
6634	0.00607666	0.314704	117.97	100.936	-18.773	-0.0264689	200.106	211.401	0.94657
6635	0.00607756	0.314703	117.97	100.936	-18.7789	-0.0264691	200.1	211.401	0.946542
6636	0.00607846	0.314703	117.97	100.936	-18.7877	-0.0264692	200.091	211.401	0.946501
6637	0.00607936	0.314703	117.97	100.936	-18.8049	-0.0264691	200.074	211.401	0.94642
6638	0.00608026	0.314703	117.97	100.936	-18.8194	-0.0264689	200.06	211.401	0.946351
6639	0.00608115	0.314703	117.97	100.936	-18.8315	-0.0264687	200.047	211.401	0.946294
6640	0.00608205	0.314703	117.97	100.936	-18.8416	-0.0264685	200.037	211.401	0.946246
6641	0.00608295	0.314703	117.97	100.936	-18.8497	-0.0264682	200.029	211.401	0.946208
6642	0.00608385	0.314703	117.97	100.936	-18.8562	-0.0264679	200.023	211.401	0.946177
6643	0.00608474	0.314703	117.97	100.936	-18.8613	-0.0264676	200.017	211.401	0.946153
6644	0.00608564	0.314703	117.97	100.936	-18.865	-0.0264673	200.014	211.401	0.946136
6645	0.00608654	0.314703	117.97	100.936	-18.8673	-0.026467	200.011	211.401	0.946125
6646	0.00608744	0.314703	117.969	100.936	-18.8684	-0.0264667	200.01	211.401	0.94612
6647	0.00608833	0.314703	117.969	100.936	-18.8682	-0.0264664	200.011	211.401	0.946121
6648	0.00608923	0.314703	117.969	100.936	-18.8668	-0.0264661	200.012	211.401	0.946127
6649	0.00609013	0.314703	117.969	100.936	-18.8642	-0.0264659	200.015	211.401	0.94614
6650	0.00609103	0.314703	117.969	100.936	-18.8606	-0.0264657	200.018	211.401	0.946157
6651	0.00609193	0.314703	117.969	100.936	-18.8552	-0.0264656	200.024	211.401	0.946182
6652	0.00609282	0.314703	117.969	100.936	-18.8441	-0.0264657	200.035	211.401	0.946235
6653	0.00609372	0.314703	117.969	100.936	-18.8315	-0.0264657	200.047	211.401	0.946294
6654	0.00609462	0.314703	117.969	100.936	-18.8189	-0.0264657	200.06	211.401	0.946354
6655	0.00609552	0.314703	117.969	100.936	-18.8066	-0.0264657	200.072	211.401	0.946412
6656	0.00609641	0.314703	117.969	100.936	-18.7947	-0.0264658	200.084	211.401	0.946469
6657	0.00609731	0.314703	117.969	100.936	-18.7834	-0.0264658	200.095	211.401	0.946522
6658	0.00609821	0.314703	117.969	100.936	-18.7731	-0.0264659	200.106	211.401	0.946571
6659	0.00609911	0.314703	117.969	100.936	-18.7637	-0.026466	200.115	211.401	0.946615
6660	0.0061	0.314703	117.97	100.936	-18.7556	-0.0264662	200.123	211.401	0.946653
6661	0.0061009	0.314703	117.97	100.936	-18.7489	-0.0264664	200.13	211.401	0.946685
6662	0.0061018	0.314703	117.97	100.936	-18.7435	-0.0264666	200.135	211.401	0.94671
6663	0.0061027	0.314703	117.97	100.936	-18.7396	-0.0264668	200.139	211.401	0.946729
6664	0.00610359	0.314703	117.97	100.936	-18.7372	-0.0264671	200.142	211.401	0.94674
6665	0.00610449	0.314703	117.97	100.936	-18.7363	-0.0264674	200.143	211.401	0.946744
6666	0.00610539	0.314704	117.97	100.935	-18.7371	-0.0264677	200.142	211.401	0.94674
6667	0.00610629	0.314704	117.97	100.935	-18.7395	-0.026468	200.139	211.401	0.946729
6668	0.00610719	0.314704	117.97	100.935	-18.7436	-0.0264682	200.135	211.401	0.946709
6669	0.00610808	0.314704	117.97	100.935	-18.7496	-0.0264684	200.129	211.401	0.946681
6670	0.00610898	0.314704	117.97	100.935	-18.7585	-0.0264686	200.121	211.401	0.946639
6671	0.00610988	0.314704	117.971	100.935	-18.7758	-0.0264685	200.103	211.401	0.946556
6672	0.00611078	0.314704	117.971	100.935	-18.7906	-0.0264684	200.089	211.401	0.946487
6673	0.00611167	0.314704	117.971	100.935	-18.803	-0.0264682	200.076	211.401	0.946428
6674	0.00611257	0.314704	117.971	100.935	-18.8134	-0.0264679	200.066	211.402	0.946378
6675	0.00611347	0.314705	117.971	100.935	-18.8218	-0.0264677	200.057	211.402	0.946338
6676	0.00611437	0.314705	117.971	100.935	-18.8288	-0.0264674	200.051	211.402	0.946305
6677	0.00611526	0.314705	117.971	100.934	-18.8342	-0.0264672	200.045	211.402	0.946279
6678	0.00611616	0.314705	117.972	100.934	-18.8383	-0.0264669	200.041	211.402	0.94626
6679	0.00611706	0.314705	117.972	100.934	-18.841	-0.0264666	200.039	211.402	0.946247
6680	0.00611796	0.314705	117.972	100.934	-18.8425	-0.0264663	200.037	211.402	0.94624
6681	0.00611886	0.314706	117.972	100.934	-18.8427	-0.026466	200.037	211.402	0.946238
6682	0.00611975	0.314706	117.972	100.934	-18.8417	-0.0264658	200.038	211.402	0.946243
6683	0.00612065	0.314706	117.973	100.934	-18.8395	-0.0264656	200.04	211.403	0.946253
6684	0.00612155	0.314706	117.973	100.934	-18.8363	-0.0264654	200.044	211.403	0.946268
6685	0.00612245	0.314706	117.973	100.933	-18.8321	-0.0264653	200.048	211.403	0.946287
6686	0.00612334	0.314707	117.973	100.933	-18.8226	-0.0264653	200.057	211.403	0.946332
6687	0.00612424	0.314707	117.973	100.933	-18.8104	-0.0264654	200.07	211.403	0.946389
6688	0.00612514	0.314707	117.974	100.933	-18.7981	-0.0264655	200.082	211.403	0.946448
6689	0.00612604	0.314707	117.974	100.933	-18.7859	-0.0264655	200.094	211.403	0.946505
6690	0.00612693	0.314707	117.974	100.933	-18.7742	-0.0264655	200.106	211.404	0.94656
6691	0.00612783	0.314708	117.974	100.932	-18.7631	-0.0264656	200.117	211.404	0.946612
6692	0.00612873	0.314708	117.975	100.932	-18.7528	-0.0264657	200.128	211.404	0.94666
6693	0.00612963	0.314708	117.975	100.932	-18.7436	-0.0264658	200.137	211.404	0.946704
6694	0.00613053	0.314708	117.975	100.932	-18.7355	-0.026466	200.145	211.404	0.946742
6695	0.00613142	0.314709	117.976	100.932	-18.7287	-0.0264662	200.152	211.404	0.946773
6696	0.00613232	0.314709	117.976	100.932	-18.7234	-0.0264664	200.158	211.405	0.946799
6697	0.00613322	0.314709	117.976	100.931	-18.7194	-0.0264667	200.162	211.405	0.946817
6698	0.00613412	0.31471	117.977	100.931	-18.717	-0.026467	200.164	211.405	0.946828
6699	0.00613501	0.31471	117.977	100.931	-18.716	-0.0264673	200.165	211.405	0.946832
6700	0.00613591	0.31471	117.977	100.931	-18.7167	-0.0264676	200.165	211.405	0.946829
6701	0.00613681	0.314711	117.978	100.93	-18.719	-0.0264679	200.163	211.406	0.946817
6702	0.00613771	0.314711	117.978	100.93	-18.7231	-0.0264681	200.159	211.406	0.946798
6703	0.0061386	0.314711	117.978	100.93	-18.729	-0.0264684	200.153	211.406	0.946769
6704	0.0061395	0.314711	117.979	100.93	-18.7377	-0.0264685	200.144	211.406	0.946728
6705	0.0061404	0.314712	117.979	100.93	-18.7553	-0.0264685	200.127	211.407	0.946644
6706	0.0061413	0.314712	117.979	100.929	-18.7702	-0.0264683	200.112	211.407	0.946573
6707	0.0061422	0.314712	117.98	100.929	-18.7829	-0.0264682	200.099	211.407	0.946513
6708	0.00614309	0.314713	117.98	100.929	-18.7936	-0.026468	200.089	211.407	0.946462
6709	0.00614399	0.314713	117.98	100.929	-18.8024	-0.0264677	200.08	211.407	0.94642
6710	0.00614489	0.314714	117.981	100.928	-18.8096	-0.0264675	200.073	211.408	0.946385
6711	0.00614579	0.314714	117.981	100.928	-18.8154	-0.0264672	200.067	211.408	0.946357
6712	0.00614668	0.314714	117.982	100.928	-18.8199	-0.0264669	200.063	211.408	0.946336
6713	0.00614758	0.314715	117.982	100.928	-18.823	-0.0264667	200.06	211.408	0.94632
6714	0.00614848	0.314715	117.982	100.927	-18.8248	-0.0264664	200.058	211.409	0.946311
6715	0.00614938	0.314715	117.983	100.927	-18.8255	-0.0264661	200.058	211.409	0.946308
6716	0.00615028	0.314716	117.983	100.927	-18.8249	-0.0264659	200.059	211.409	0.94631
6717	0.00615117	0.314716	117.984	100.927	-18.8232	-0.0264657	200.06	211.409	0.946318
6718	0.00615207	0.314717	117.984	100.926	-18.8204	-0.0264655	200.063	211.41	0.94633
6719	0.00615297	0.314717	117.984	100.926	-18.8166	-0.0264654	200.067	211.41	0.946348
6720	0.00615387	0.314717	117.985	100.926	-18.8083	-0.0264655	200.076	211.41	0.946386
6721	0.00615476	0.314718	117.985	100.925	-18.7967	-0.0264656	200.088	211.411	0.946441
6722	0.00615566	0.314718	117.986	100.925	-18.7848	-0.0264656	200.1	211.411	0.946497
6723	0.00615656	0.314719	117.986	100.925	-18.773	-0.0264657	200.112	211.411	0.946552
6724	0.00615746	0.314719	117.987	100.925	-18.7616	-0.0264657	200.123	211.411	0.946605
6725	0.00615835	0.31472	117.987	100.924	-18.7508	-0.0264658	200.134	211.412	0.946656
6726	0.00615925	0.31472	117.988	100.924	-18.7409	-0.0264659	200.144	211.412	0.946702
6727	0.00616015	0.31472	117.988	100.924	-18.7319	-0.026466	200.153	211.412	0.946744
6728	0.00616105	0.314721	117.989	100.923	-18.724	-0.0264662	200.161	211.413	0.946781
6729	0.00616195	0.314721	117.989	100.923	-18.7175	-0.0264664	200.168	211.413	0.946811
6730	0.00616284	0.314722	117.989	100.923	-18.7123	-0.0264666	200.173	211.413	0.946835
6731	0.00616374	0.314722	117.99	100.922	-18.7086	-0.0264669	200.177	211.413	0.946852
6732	0.00616464	0.314723	117.99	100.922	-18.7063	-0.0264672	200.18	211.414	0.946863
6733	0.00616554	0.314723	117.991	100.922	-18.7055	-0.0264675	200.181	211.414	0.946866
6734	0.00616643	0.314723	117.991	100.921	-18.7064	-0.0264678	200.18	211.414	0.946861
6735	0.00616733	0.314724	117.992	100.921	-18.7089	-0.0264681	200.178	211.415	0.946849
6736	0.00616823	0.314724	117.992	100.921	-18.7131	-0.0264684	200.174	211.415	0.946828
6737	0.00616913	0.314725	117.993	100.92	-18.7192	-0.0264686	200.168	211.415	0.946799
6738	0.00617002	0.314725	117.993	100.92	-18.7282	-0.0264688	200.159	211.416	0.946755
6739	0.00617092	0.314726	117.994	100.92	-18.746	-0.0264687	200.141	211.416	0.946671
6740	0.00617182	0.314726	117.994	100.919	-18.7613	-0.0264686	200.126	211.416	0.946598
6741	0.00617272	0.314727	117.995	100.919	-18.7743	-0.0264684	200.113	211.417	0.946536
6742	0.00617361	0.314727	117.995	100.919	-18.7853	-0.0264682	200.102	211.417	0.946483
6743	0.00617451	0.314728	117.996	100.918	-18.7945	-0.026468	200.094	211.417	0.946439
6744	0.00617541	0.314728	117.997	100.918	-18.8021	-0.0264677	200.086	211.418	0.946402
6745	0.00617631	0.314729	117.997	100.918	-18.8084	-0.0264675	200.08	211.418	0.946372
6746	0.00617721	0.314729	117.998	100.917	-18.8133	-0.0264672	200.075	211.418	0.946348
6747	0.0061781	0.31473	117.998	100.917	-18.8169	-0.0264669	200.072	211.419	0.946331
6748	0.006179	0.31473	117.999	100.917	-18.8192	-0.0264666	200.07	211.419	0.946319
6749	0.0061799	0.314731	117.999	100.916	-18.8203	-0.0264664	200.069	211.419	0.946313
6750	0.0061808	0.314731	118	100.916	-18.8202	-0.0264661	200.069	211.42	0.946313
6751	0.00618169	0.314732	118	100.916	-18.819	-0.0264659	200.07	211.42	0.946318
6752	0.00618259	0.314732	118.001	100.915	-18.8168	-0.0264658	200.073	211.42	0.946328
6753	0.00618349	0.314733	118.001	100.915	-18.8135	-0.0264657	200.076	211.421	0.946343
6754	0.00618439	0.314733	118.002	100.915	-18.8062	-0.0264657	200.084	211.421	0.946377
6755	0.00618529	0.314734	118.002	100.914	-18.7952	-0.0264658	200.095	211.421	0.946428
6756	0.00618618	0.314734	118.003	100.914	-18.7837	-0.0264658	200.107	211.422	0.946482
6757	0.00618708	0.314735	118.004	100.914	-18.7725	-0.0264659	200.118	211.422	0.946534
6758	0.00618798	0.314735	118.004	100.913	-18.7616	-0.0264659	200.129	211.422	0.946585
6759	0.00618888	0.314736	118.005	100.913	-18.7513	-0.026466	200.14	211.423	0.946633
6760	0.00618977	0.314736	118.005	100.913	-18.7417	-0.0264661	200.149	211.423	0.946678
6761	0.00619067	0.314737	118.006	100.912	-18.7332	-0.0264662	200.158	211.423	0.946718
6762	0.00619157	0.314737	118.006	100.912	-18.7257	-0.0264664	200.166	211.424	0.946752
6763	0.00619247	0.314738	118.007	100.911	-18.7196	-0.0264666	200.172	211.424	0.946781
6764	0.00619336	0.314738	118.007	100.911	-18.7147	-0.0264668	200.177	211.424	0.946803
6765	0.00619426	0.314739	118.008	100.911	-18.7113	-0.026467	200.181	211.425	0.946818
6766	0.00619516	0.314739	118.009	100.91	-18.7094	-0.0264673	200.183	211.425	0.946827
6767	0.00619606	0.31474	118.009	100.91	-18.709	-0.0264676	200.184	211.425	0.946828
6768	0.00619695	0.314741	118.01	100.91	-18.7101	-0.0264679	200.183	211.426	0.946822
6769	0.00619785	0.314741	118.01	100.909	-18.7129	-0.0264682	200.18	211.426	0.946808
6770	0.00619875	0.314742	118.011	100.909	-18.7174	-0.0264684	200.176	211.427	0.946786
6771	0.00619965	0.314742	118.011	100.909	-18.7238	-0.0264687	200.17	211.427	0.946756
6772	0.00620055	0.314743	118.012	100.908	-18.733	-0.0264688	200.161	211.427	0.946712
6773	0.00620144	0.314743	118.012	100.908	-18.7512	-0.0264688	200.143	211.428	0.946625
6774	0.00620234	0.314744	118.013	100.907	-18.7669	-0.0264686	200.127	211.428	0.94655
6775	0.00620324	0.314744	118.013	100.907	-18.7803	-0.0264684	200.114	211.428	0.946486
6776	0.00620414	0.314745	118.014	100.907	-18.7918	-0.0264682	200.103	211.429	0.946431
6777	0.00620503	0.314745	118.015	100.906	-18.8014	-0.026468	200.093	211.429	0.946385
6778	0.00620593	0.314746	118.015	100.906	-18.8094	-0.0264677	200.085	211.429	0.946346
6779	0.00620683	0.314746	118.016	100.906	-18.8161	-0.0264674	200.079	211.43	0.946314
6780	0.00620773	0.314747	118.016	100.905	-18.8215	-0.0264671	200.074	211.43	0.946288
6781	0.00620862	0.314747	118.017	100.905	-18.8255	-0.0264668	200.07	211.43	0.946268
6782	0.00620952	0.314748	118.017	100.905	-18.8283	-0.0264665	200.067	211.431	0.946255
6783	0.00621042	0.314748	118.018	100.904	-18.8299	-0.0264663	200.066	211.431	0.946246
6784	0.00621132	0.314749	118.018	100.904	-18.8303	-0.026466	200.066	211.431	0.946244
6785	0.00621222	0.314749	118.019	100.904	-18.8295	-0.0264658	200.066	211.432	0.946247
6786	0.00621311	0.31475	118.019	100.903	-18.8277	-0.0264656	200.068	211.432	0.946255
6787	0.00621401	0.31475	118.02	100.903	-18.825	-0.0264655	200.071	211.432	0.946267
6788	0.00621491	0.314751	118.02	100.903	-18.818	-0.0264655	200.079	211.433	0.9463
6789	0.00621581	0.314751	118.021	100.902	-18.8074	-0.0264656	200.089	211.433	0.946349
6790	0.0062167	0.314751	118.021	100.902	-18.7965	-0.0264656	200.1	211.433	0.9464
6791	0.0062176	0.314752	118.022	100.902	-18.7857	-0.0264656	200.111	211.433	0.946451
6792	0.0062185	0.314752	118.022	100.902	-18.7753	-0.0264656	200.122	211.434	0.946499
6793	0.0062194	0.314753	118.023	100.901	-18.7654	-0.0264657	200.132	211.434	0.946545
6794	0.00622029	0.314753	118.023	100.901	-18.7563	-0.0264658	200.141	211.434	0.946588
6795	0.00622119	0.314754	118.024	100.901	-18.7482	-0.0264659	200.15	211.435	0.946626
6796	0.00622209	0.314754	118.024	100.9	-18.7411	-0.026466	200.157	211.435	0.946659
6797	0.00622299	0.314754	118.024	100.9	-18.7353	-0.0264662	200.163	211.435	0.946686
6798	0.00622388	0.314755	118.025	100.9	-18.7309	-0.0264664	200.167	211.435	0.946706
6799	0.00622478	0.314755	118.025	100.9	-18.7278	-0.0264666	200.17	211.436	0.94672
6800	0.00622568	0.314756	118.026	100.899	-18.7262	-0.0264669	200.172	211.436	0.946727
6801	0.00622658	0.314756	118.026	100.899	-18.7261	-0.0264671	200.173	211.436	0.946727
6802	0.00622747	0.314756	118.026	100.899	-18.7276	-0.0264674	200.171	211.437	0.94672
6803	0.00622837	0.314757	118.027	100.899	-18.7307	-0.0264676	200.168	211.437	0.946705
6804	0.00622927	0.314757	118.027	100.898	-18.7355	-0.0264679	200.164	211.437	0.946682
6805	0.00623017	0.314758	118.028	100.898	-18.7421	-0.0264681	200.157	211.437	0.94665
6806	0.00623106	0.314758	118.028	100.898	-18.7513	-0.0264682	200.148	211.437	0.946606
6807	0.00623196	0.314758	118.028	100.898	-18.7699	-0.0264681	200.13	211.438	0.946518
6808	0.00623286	0.314758	118.029	100.897	-18.786	-0.0264679	200.114	211.438	0.946441
6809	0.00623376	0.314759	118.029	100.897	-18.7999	-0.0264677	200.1	211.438	0.946375
6810	0.00623466	0.314759	118.029	100.897	-18.8117	-0.0264675	200.088	211.438	0.946319
6811	0.00623555	0.314759	118.03	100.897	-18.8217	-0.0264672	200.078	211.438	0.946271
6812	0.00623645	0.31476	118.03	100.897	-18.8302	-0.0264669	200.07	211.439	0.946231
6813	0.00623735	0.31476	118.03	100.896	-18.8373	-0.0264666	200.063	211.439	0.946197
6814	0.00623825	0.31476	118.03	100.896	-18.843	-0.0264663	200.057	211.439	0.94617
6815	0.00623914	0.31476	118.031	100.896	-18.8474	-0.026466	200.053	211.439	0.946148
6816	0.00624004	0.314761	118.031	100.896	-18.8506	-0.0264657	200.05	211.439	0.946133
6817	0.00624094	0.314761	118.031	100.896	-18.8525	-0.0264654	200.048	211.439	0.946124
6818	0.00624184	0.314761	118.031	100.896	-18.8533	-0.0264651	200.047	211.44	0.94612
6819	0.00624273	0.314761	118.031	100.896	-18.8529	-0.0264648	200.048	211.44	0.946121
6820	0.00624363	0.314761	118.032	100.895	-18.8515	-0.0264646	200.049	211.44	0.946128
6821	0.00624453	0.314762	118.032	100.895	-18.8491	-0.0264645	200.052	211.44	0.946139
6822	0.00624543	0.314762	118.032	100.895	-18.8421	-0.0264645	200.059	211.44	0.946172
6823	0.00624632	0.314762	118.032	100.895	-18.8319	-0.0264645	200.069	211.44	0.94622
6824	0.00624722	0.314762	118.032	100.895	-18.8213	-0.0264645	200.08	211.44	0.94627
6825	0.00624812	0.314762	118.033	100.895	-18.8109	-0.0264645	200.09	211.44	0.946319
6826	0.00624902	0.314762	118.033	100.895	-18.8009	-0.0264645	200.1	211.441	0.946366
6827	0.00624991	0.314763	118.033	100.895	-18.7914	-0.0264645	200.11	211.441	0.946411
6828	0.00625081	0.314763	118.033	100.895	-18.7826	-0.0264645	200.118	211.441	0.946452
6829	0.00625171	0.314763	118.033	100.895	-18.7748	-0.0264646	200.126	211.441	0.946489
6830	0.00625261	0.314763	118.033	100.895	-18.7681	-0.0264647	200.133	211.441	0.94652
6831	0.0062535	0.314763	118.033	100.894	-18.7626	-0.0264649	200.139	211.441	0.946546
6832	0.0062544	0.314763	118.033	100.894	-18.7585	-0.0264651	200.143	211.441	0.946566
6833	0.0062553	0.314763	118.033	100.894	-18.7557	-0.0264653	200.146	211.441	0.946579
6834	0.0062562	0.314763	118.033	100.894	-18.7544	-0.0264655	200.147	211.441	0.946585
6835	0.00625709	0.314763	118.033	100.894	-18.7545	-0.0264657	200.147	211.441	0.946584
6836	0.00625799	0.314763	118.033	100.894	-18.7563	-0.0264659	200.145	211.441	0.946576
6837	0.00625889	0.314763	118.033	100.894	-18.7596	-0.0264661	200.142	211.441	0.94656
6838	0.00625979	0.314763	118.033	100.894	-18.7646	-0.0264663	200.137	211.441	0.946536
6839	0.00626068	0.314763	118.033	100.894	-18.7714	-0.0264665	200.13	211.441	0.946504
6840	0.00626158	0.314763	118.033	100.894	-18.7805	-0.0264666	200.121	211.441	0.946461
6841	0.00626248	0.314763	118.033	100.894	-18.7967	-0.0264666	200.105	211.441	0.946385
6842	0.00626338	0.314763	118.033	100.894	-18.8138	-0.0264664	200.088	211.441	0.946304
6843	0.00626427	0.314763	118.033	100.894	-18.8285	-0.0264661	200.073	211.441	0.946235
6844	0.00626517	0.314763	118.033	100.894	-18.841	-0.0264658	200.06	211.441	0.946175
6845	0.00626607	0.314763	118.033	100.894	-18.8517	-0.0264655	200.05	211.441	0.946125
6846	0.00626697	0.314763	118.033	100.894	-18.8606	-0.0264652	200.041	211.441	0.946082
6847	0.00626787	0.314763	118.033	100.894	-18.8682	-0.0264649	200.033	211.441	0.946047
6848	0.00626876	0.314763	118.033	100.894	-18.8743	-0.0264645	200.027	211.441	0.946018
6849	0.00626966	0.314763	118.033	100.895	-18.8791	-0.0264642	200.022	211.441	0.945995
6850	0.00627056	0.314763	118.033	100.895	-18.8827	-0.0264638	200.019	211.441	0.945979
6851	0.00627146	0.314763	118.033	100.895	-18.885	-0.0264635	200.016	211.441	0.945968
6852	0.00627235	0.314763	118.033	100.895	-18.8861	-0.0264632	200.015	211.441	0.945962
6853	0.00627325	0.314763	118.033	100.895	-18.8861	-0.0264629	200.015	211.441	0.945963
6854	0.00627415	0.314763	118.033	100.895	-18.885	-0.0264626	200.016	211.441	0.945968
6855	0.00627505	0.314762	118.033	100.895	-18.8829	-0.0264624	200.018	211.441	0.945978
6856	0.00627594	0.314762	118.032	100.895	-18.8763	-0.0264624	200.025	211.441	0.946009
6857	0.00627684	0.314762	118.032	100.895	-18.8663	-0.0264624	200.035	211.44	0.946057
6858	0.00627774	0.314762	118.032	100.895	-18.8559	-0.0264624	200.045	211.44	0.946106
6859	0.00627864	0.314762	118.032	100.895	-18.8457	-0.0264623	200.055	211.44	0.946155
6860	0.00627953	0.314762	118.032	100.895	-18.8357	-0.0264623	200.065	211.44	0.946202
6861	0.00628043	0.314762	118.032	100.895	-18.8263	-0.0264622	200.074	211.44	0.946246
6862	0.00628133	0.314762	118.032	100.896	-18.8176	-0.0264622	200.083	211.44	0.946288
6863	0.00628223	0.314761	118.032	100.896	-18.8099	-0.0264623	200.091	211.44	0.946325
6864	0.00628312	0.314761	118.031	100.896	-18.8032	-0.0264624	200.097	211.44	0.946357
6865	0.00628402	0.314761	118.031	100.896	-18.7977	-0.0264625	200.103	211.44	0.946383
6866	0.00628492	0.314761	118.031	100.896	-18.7935	-0.0264626	200.107	211.44	0.946403
6867	0.00628582	0.314761	118.031	100.896	-18.7907	-0.0264628	200.11	211.44	0.946416
6868	0.00628671	0.314761	118.031	100.896	-18.7893	-0.026463	200.111	211.439	0.946423
6869	0.00628761	0.314761	118.031	100.896	-18.7894	-0.0264632	200.111	211.439	0.946423
6870	0.00628851	0.31476	118.03	100.896	-18.7911	-0.0264634	200.109	211.439	0.946415
6871	0.00628941	0.31476	118.03	100.897	-18.7943	-0.0264635	200.106	211.439	0.9464
6872	0.0062903	0.31476	118.03	100.897	-18.7992	-0.0264637	200.101	211.439	0.946377
6873	0.0062912	0.31476	118.03	100.897	-18.8058	-0.0264638	200.094	211.439	0.946346
6874	0.0062921	0.31476	118.03	100.897	-18.8144	-0.0264639	200.086	211.439	0.946306
6875	0.00629299	0.31476	118.029	100.897	-18.8274	-0.0264639	200.073	211.439	0.946244
6876	0.00629389	0.314759	118.029	100.897	-18.8455	-0.0264637	200.054	211.438	0.946159
6877	0.00629479	0.314759	118.029	100.897	-18.8611	-0.0264634	200.039	211.438	0.946085
6878	0.00629569	0.314759	118.029	100.897	-18.8744	-0.0264631	200.025	211.438	0.946023
6879	0.00629658	0.314759	118.029	100.898	-18.8857	-0.0264628	200.014	211.438	0.945969
6880	0.00629748	0.314759	118.028	100.898	-18.8951	-0.0264625	200.004	211.438	0.945925
6881	0.00629838	0.314758	118.028	100.898	-18.9031	-0.0264621	199.996	211.438	0.945888
6882	0.00629928	0.314758	118.028	100.898	-18.9096	-0.0264617	199.99	211.438	0.945857
6883	0.00630017	0.314758	118.028	100.898	-18.9148	-0.0264613	199.985	211.438	0.945833
6884	0.00630107	0.314758	118.027	100.898	-18.9187	-0.026461	199.981	211.437	0.945815
6885	0.00630197	0.314757	118.027	100.898	-18.9213	-0.0264606	199.978	211.437	0.945803
6886	0.00630287	0.314757	118.027	100.899	-18.9227	-0.0264602	199.976	211.437	0.945796
6887	0.00630376	0.314757	118.027	100.899	-18.9229	-0.0264599	199.976	211.437	0.945795
6888	0.00630466	0.314757	118.027	100.899	-18.9221	-0.0264596	199.977	211.437	0.9458
6889	0.00630556	0.314757	118.026	100.899	-18.9202	-0.0264594	199.979	211.437	0.945809
6890	0.00630646	0.314756	118.026	100.899	-18.9142	-0.0264593	199.985	211.436	0.945838
6891	0.00630735	0.314756	118.026	100.899	-18.9042	-0.0264593	199.994	211.436	0.945885
6892	0.00630825	0.314756	118.026	100.9	-18.8938	-0.0264592	200.005	211.436	0.945934
6893	0.00630915	0.314756	118.025	100.9	-18.8835	-0.0264591	200.015	211.436	0.945984
6894	0.00631005	0.314755	118.025	100.9	-18.8734	-0.026459	200.025	211.436	0.946032
6895	0.00631094	0.314755	118.025	100.9	-18.8638	-0.026459	200.034	211.436	0.946077
6896	0.00631184	0.314755	118.024	100.9	-18.8549	-0.0264589	200.043	211.436	0.94612
6897	0.00631274	0.314755	118.024	100.9	-18.8469	-0.0264589	200.051	211.435	0.946158
6898	0.00631364	0.314754	118.024	100.901	-18.8399	-0.026459	200.058	211.435	0.946191
6899	0.00631453	0.314754	118.024	100.901	-18.834	-0.0264591	200.064	211.435	0.946219
6900	0.00631543	0.314754	118.023	100.901	-18.8295	-0.0264592	200.068	211.435	0.946241
6901	0.00631633	0.314754	118.023	100.901	-18.8264	-0.0264593	200.071	211.435	0.946256
6902	0.00631723	0.314753	118.023	100.901	-18.8246	-0.0264595	200.073	211.434	0.946265
6903	0.00631812	0.314753	118.022	100.902	-18.8244	-0.0264596	200.073	211.434	0.946266
6904	0.00631902	0.314753	118.022	100.902	-18.8257	-0.0264598	200.072	211.434	0.946261
6905	0.00631992	0.314752	118.022	100.902	-18.8285	-0.02646	200.069	211.434	0.946247
6906	0.00632082	0.314752	118.021	100.902	-18.833	-0.0264601	200.064	211.434	0.946227
6907	0.00632171	0.314752	118.021	100.902	-18.8391	-0.0264602	200.058	211.433	0.946198
6908	0.00632261	0.314752	118.021	100.903	-18.847	-0.0264603	200.05	211.433	0.946161
6909	0.00632351	0.314751	118.02	100.903	-18.858	-0.0264603	200.039	211.433	0.94611
6910	0.00632441	0.314751	118.02	100.903	-18.8766	-0.0264601	200.02	211.433	0.946022
6911	0.0063253	0.314751	118.02	100.903	-18.8926	-0.0264598	200.004	211.433	0.945947
6912	0.0063262	0.31475	118.019	100.904	-18.9062	-0.0264595	199.99	211.432	0.945883
6913	0.0063271	0.31475	118.019	100.904	-18.9178	-0.0264592	199.978	211.432	0.945828
6914	0.00632799	0.31475	118.019	100.904	-18.9275	-0.0264588	199.969	211.432	0.945783
6915	0.00632889	0.314749	118.018	100.904	-18.9356	-0.0264584	199.96	211.432	0.945745
6916	0.00632979	0.314749	118.018	100.905	-18.9423	-0.026458	199.954	211.431	0.945714
6917	0.00633069	0.314748	118.017	100.905	-18.9475	-0.0264576	199.948	211.431	0.94569
6918	0.00633158	0.314748	118.017	100.905	-18.9514	-0.0264572	199.944	211.431	0.945672
6919	0.00633248	0.314748	118.017	100.905	-18.9541	-0.0264568	199.941	211.431	0.94566
6920	0.00633338	0.314747	118.016	100.906	-18.9555	-0.0264565	199.94	211.43	0.945653
6921	0.00633428	0.314747	118.016	100.906	-18.9557	-0.0264561	199.939	211.43	0.945653
6922	0.00633517	0.314746	118.015	100.906	-18.9548	-0.0264558	199.94	211.43	0.945658
6923	0.00633607	0.314746	118.015	100.907	-18.9529	-0.0264555	199.942	211.429	0.945667
6924	0.00633697	0.314746	118.014	100.907	-18.9467	-0.0264554	199.948	211.429	0.945697
6925	0.00633787	0.314745	118.014	100.907	-18.9366	-0.0264553	199.958	211.429	0.945745
6926	0.00633876	0.314745	118.013	100.907	-18.9259	-0.0264553	199.968	211.429	0.945796
6927	0.00633966	0.314744	118.013	100.908	-18.9153	-0.0264552	199.979	211.428	0.945847
6928	0.00634056	0.314744	118.012	100.908	-18.9049	-0.026455	199.989	211.428	0.945897
6929	0.00634146	0.314743	118.012	100.908	-18.8949	-0.026455	199.999	211.428	0.945945
6930	0.00634235	0.314743	118.011	100.909	-18.8856	-0.0264549	200.008	211.427	0.94599
6931	0.00634325	0.314742	118.011	100.909	-18.8771	-0.0264549	200.016	211.427	0.94603
6932	0.00634415	0.314742	118.01	100.909	-18.8697	-0.0264549	200.024	211.427	0.946066
6933	0.00634505	0.314741	118.01	100.91	-18.8634	-0.026455	200.03	211.426	0.946096
6934	0.00634594	0.314741	118.009	100.91	-18.8585	-0.0264551	200.034	211.426	0.94612
6935	0.00634684	0.31474	118.009	100.911	-18.8549	-0.0264552	200.038	211.426	0.946138
6936	0.00634774	0.31474	118.008	100.911	-18.8527	-0.0264554	200.04	211.425	0.946149
6937	0.00634864	0.314739	118.007	100.911	-18.852	-0.0264555	200.04	211.425	0.946153
6938	0.00634953	0.314739	118.007	100.912	-18.8528	-0.0264557	200.039	211.424	0.94615
6939	0.00635043	0.314738	118.006	100.912	-18.8553	-0.0264558	200.037	211.424	0.946139
6940	0.00635133	0.314737	118.005	100.913	-18.8593	-0.026456	200.032	211.424	0.946121
6941	0.00635222	0.314737	118.005	100.913	-18.8648	-0.0264561	200.027	211.423	0.946095
6942	0.00635312	0.314736	118.004	100.913	-18.8722	-0.0264562	200.019	211.423	0.946061
6943	0.00635402	0.314736	118.003	100.914	-18.8821	-0.0264562	200.009	211.422	0.946015
6944	0.00635492	0.314735	118.003	100.914	-18.9008	-0.026456	199.99	211.422	0.945928
6945	0.00635581	0.314734	118.002	100.915	-18.9167	-0.0264557	199.974	211.422	0.945853
6946	0.00635671	0.314734	118.001	100.915	-18.9303	-0.0264554	199.96	211.421	0.945789
6947	0.00635761	0.314733	118.001	100.916	-18.9418	-0.026455	199.948	211.421	0.945736
6948	0.00635851	0.314732	118	100.916	-18.9514	-0.0264546	199.938	211.42	0.945691
6949	0.0063594	0.314732	117.999	100.917	-18.9593	-0.0264542	199.93	211.42	0.945655
6950	0.0063603	0.314731	117.999	100.917	-18.9658	-0.0264538	199.923	211.419	0.945625
6951	0.0063612	0.31473	117.998	100.918	-18.9709	-0.0264534	199.918	211.419	0.945601
6952	0.0063621	0.31473	117.997	100.918	-18.9746	-0.026453	199.914	211.418	0.945585
6953	0.00636299	0.314729	117.996	100.919	-18.9771	-0.0264526	199.911	211.418	0.945574
6954	0.00636389	0.314728	117.996	100.919	-18.9783	-0.0264522	199.91	211.417	0.945569
6955	0.00636479	0.314727	117.995	100.92	-18.9782	-0.0264519	199.91	211.417	0.94557
6956	0.00636569	0.314727	117.994	100.92	-18.9771	-0.0264516	199.911	211.417	0.945577
6957	0.00636658	0.314726	117.993	100.921	-18.9748	-0.0264513	199.913	211.416	0.945588
6958	0.00636748	0.314725	117.992	100.921	-18.968	-0.0264512	199.919	211.416	0.945622
6959	0.00636838	0.314724	117.992	100.922	-18.9574	-0.0264511	199.929	211.415	0.945673
6960	0.00636928	0.314724	117.991	100.922	-18.9463	-0.026451	199.94	211.414	0.945726
6961	0.00637017	0.314723	117.99	100.923	-18.9352	-0.0264509	199.951	211.414	0.945779
6962	0.00637107	0.314722	117.989	100.923	-18.9244	-0.0264508	199.961	211.413	0.945831
6963	0.00637197	0.314721	117.988	100.924	-18.914	-0.0264507	199.972	211.413	0.945882
6964	0.00637287	0.31472	117.987	100.924	-18.9042	-0.0264506	199.981	211.412	0.945929
6965	0.00637376	0.31472	117.986	100.925	-18.8953	-0.0264506	199.99	211.412	0.945972
6966	0.00637466	0.314719	117.986	100.926	-18.8875	-0.0264507	199.997	211.411	0.94601
6967	0.00637556	0.314718	117.985	100.926	-18.8808	-0.0264507	200.004	211.411	0.946043
6968	0.00637645	0.314717	117.984	100.927	-18.8754	-0.0264508	200.009	211.41	0.946069
6969	0.00637735	0.314716	117.983	100.927	-18.8714	-0.026451	200.012	211.41	0.946089
6970	0.00637825	0.314716	117.982	100.928	-18.8688	-0.0264511	200.015	211.409	0.946103
6971	0.00637915	0.314715	117.981	100.928	-18.8677	-0.0264513	200.015	211.408	0.946109
6972	0.00638004	0.314714	117.98	100.929	-18.8681	-0.0264514	200.015	211.408	0.946108
6973	0.00638094	0.314713	117.979	100.93	-18.8702	-0.0264516	200.012	211.407	0.946099
6974	0.00638184	0.314712	117.978	100.93	-18.8738	-0.0264517	200.008	211.407	0.946083
6975	0.00638274	0.314711	117.977	100.931	-18.879	-0.0264519	200.003	211.406	0.94606
6976	0.00638363	0.31471	117.976	100.932	-18.8858	-0.0264519	199.996	211.405	0.946029
6977	0.00638453	0.314709	117.975	100.932	-18.8951	-0.026452	199.986	211.405	0.945986
6978	0.00638543	0.314708	117.974	100.933	-18.913	-0.0264518	199.968	211.404	0.945902
6979	0.00638633	0.314707	117.973	100.934	-18.9289	-0.0264515	199.951	211.404	0.945828
6980	0.00638722	0.314706	117.972	100.934	-18.9424	-0.0264512	199.938	211.403	0.945766
6981	0.00638812	0.314706	117.971	100.935	-18.9537	-0.0264508	199.926	211.402	0.945713
6982	0.00638902	0.314705	117.97	100.935	-18.963	-0.0264505	199.916	211.402	0.94567
6983	0.00638992	0.314704	117.969	100.936	-18.9707	-0.0264501	199.908	211.401	0.945635
6984	0.00639081	0.314703	117.968	100.937	-18.977	-0.0264497	199.902	211.4	0.945607
6985	0.00639171	0.314702	117.967	100.937	-18.9818	-0.0264493	199.896	211.4	0.945585
6986	0.00639261	0.314701	117.966	100.938	-18.9852	-0.0264489	199.893	211.399	0.94557
6987	0.00639351	0.3147	117.965	100.939	-18.9873	-0.0264485	199.89	211.398	0.945562
6988	0.0063944	0.314699	117.964	100.94	-18.9881	-0.0264481	199.889	211.398	0.945559
6989	0.0063953	0.314698	117.963	100.94	-18.9877	-0.0264478	199.889	211.397	0.945562
6990	0.0063962	0.314697	117.962	100.941	-18.9862	-0.0264475	199.89	211.396	0.94557
6991	0.0063971	0.314696	117.961	100.942	-18.9836	-0.0264472	199.892	211.396	0.945584
6992	0.00639799	0.314695	117.96	100.942	-18.9759	-0.0264471	199.9	211.395	0.945621
6993	0.00639889	0.314694	117.959	100.943	-18.9649	-0.026447	199.91	211.394	0.945675
6994	0.00639979	0.314693	117.958	100.944	-18.9534	-0.0264469	199.922	211.394	0.945731
6995	0.00640069	0.314692	117.957	100.944	-18.9418	-0.0264468	199.933	211.393	0.945787
6996	0.00640158	0.314691	117.955	100.945	-18.9305	-0.0264467	199.944	211.392	0.945841
6997	0.00640248	0.31469	117.954	100.946	-18.9196	-0.0264467	199.954	211.392	0.945894
6998	0.00640338	0.314689	117.953	100.947	-18.9094	-0.0264466	199.964	211.391	0.945944
6999	0.00640427	0.314688	117.952	100.947	-18.9	-0.0264466	199.973	211.39	0.945989
7000	0.00640517	0.314687	117.951	100.948	-18.8917	-0.0264467	199.981	211.39	0.94603
7001	0.00640607	0.314686	117.95	100.949	-18.8845	-0.0264467	199.988	211.389	0.946065
7002	0.00640697	0.314684	117.949	100.949	-18.8787	-0.0264468	199.993	211.388	0.946094
7003	0.00640786	0.314683	117.948	100.95	-18.8743	-0.026447	199.997	211.387	0.946116
7004	0.00640876	0.314682	117.947	100.951	-18.8713	-0.0264472	200	211.387	0.946132
7005	0.00640966	0.314681	117.945	100.952	-18.8698	-0.0264473	200.001	211.386	0.94614
7006	0.00641056	0.31468	117.944	100.952	-18.8698	-0.0264475	200	211.385	0.946141
7007	0.00641145	0.314679	117.943	100.953	-18.8715	-0.0264477	199.998	211.385	0.946135
7008	0.00641235	0.314678	117.942	100.954	-18.8747	-0.0264479	199.995	211.384	0.946121
7009	0.00641325	0.314677	117.941	100.955	-18.8795	-0.026448	199.99	211.383	0.9461
7010	0.00641415	0.314676	117.94	100.955	-18.8858	-0.0264481	199.983	211.382	0.946071
7011	0.00641504	0.314675	117.938	100.956	-18.8944	-0.0264481	199.974	211.382	0.946032
7012	0.00641594	0.314674	117.937	100.957	-18.909	-0.026448	199.959	211.381	0.945964
7013	0.00641684	0.314673	117.936	100.958	-18.9254	-0.0264478	199.942	211.38	0.945888
7014	0.00641774	0.314671	117.935	100.958	-18.9393	-0.0264475	199.928	211.379	0.945824
7015	0.00641863	0.31467	117.934	100.959	-18.9508	-0.0264472	199.916	211.379	0.94577
7016	0.00641953	0.314669	117.932	100.96	-18.9603	-0.0264468	199.906	211.378	0.945727
7017	0.00642043	0.314668	117.931	100.961	-18.9679	-0.0264465	199.898	211.377	0.945692
7018	0.00642133	0.314667	117.93	100.962	-18.9741	-0.0264461	199.891	211.376	0.945664
7019	0.00642222	0.314666	117.929	100.962	-18.9788	-0.0264457	199.886	211.376	0.945644
7020	0.00642312	0.314665	117.928	100.963	-18.982	-0.0264453	199.882	211.375	0.94563
7021	0.00642402	0.314663	117.926	100.964	-18.984	-0.0264449	199.88	211.374	0.945622
7022	0.00642492	0.314662	117.925	100.965	-18.9846	-0.0264446	199.879	211.373	0.94562
7023	0.00642581	0.314661	117.924	100.966	-18.984	-0.0264442	199.879	211.373	0.945625
7024	0.00642671	0.31466	117.923	100.966	-18.9822	-0.0264439	199.88	211.372	0.945635
7025	0.00642761	0.314659	117.921	100.967	-18.9793	-0.0264436	199.883	211.371	0.94565
7026	0.00642851	0.314658	117.92	100.968	-18.972	-0.0264435	199.89	211.37	0.945686
7027	0.0064294	0.314656	117.919	100.969	-18.9607	-0.0264434	199.901	211.369	0.945741
7028	0.0064303	0.314655	117.918	100.97	-18.9487	-0.0264433	199.912	211.369	0.945799
7029	0.0064312	0.314654	117.916	100.971	-18.9367	-0.0264432	199.924	211.368	0.945857
7030	0.0064321	0.314653	117.915	100.971	-18.9249	-0.0264431	199.935	211.367	0.945915
7031	0.00643299	0.314652	117.914	100.972	-18.9135	-0.0264431	199.946	211.366	0.94597
7032	0.00643389	0.31465	117.912	100.973	-18.9027	-0.026443	199.956	211.365	0.946022
7033	0.00643479	0.314649	117.911	100.974	-18.8928	-0.026443	199.966	211.365	0.946071
7034	0.00643569	0.314648	117.91	100.975	-18.8839	-0.026443	199.974	211.364	0.946114
7035	0.00643658	0.314647	117.909	100.976	-18.8763	-0.0264431	199.981	211.363	0.946152
7036	0.00643748	0.314646	117.907	100.976	-18.8699	-0.0264432	199.987	211.362	0.946184
7037	0.00643838	0.314644	117.906	100.977	-18.8649	-0.0264434	199.992	211.361	0.946209
7038	0.00643927	0.314643	117.905	100.978	-18.8614	-0.0264435	199.995	211.36	0.946227
7039	0.00644017	0.314642	117.903	100.979	-18.8593	-0.0264437	199.997	211.36	0.946238
7040	0.00644107	0.314641	117.902	100.98	-18.8589	-0.0264439	199.997	211.359	0.946242
7041	0.00644197	0.314639	117.901	100.981	-18.86	-0.0264441	199.995	211.358	0.946238
7042	0.00644286	0.314638	117.899	100.981	-18.8627	-0.0264443	199.992	211.357	0.946227
7043	0.00644376	0.314637	117.898	100.982	-18.8669	-0.0264444	199.987	211.356	0.946209
7044	0.00644466	0.314636	117.897	100.983	-18.8726	-0.0264445	199.981	211.355	0.946183
7045	0.00644556	0.314634	117.895	100.984	-18.8803	-0.0264446	199.973	211.355	0.946148
7046	0.00644645	0.314633	117.894	100.985	-18.8921	-0.0264446	199.961	211.354	0.946094
7047	0.00644735	0.314632	117.893	100.986	-18.909	-0.0264443	199.943	211.353	0.946015
7048	0.00644825	0.314631	117.891	100.987	-18.9233	-0.0264441	199.928	211.352	0.945949
7049	0.00644915	0.314629	117.89	100.988	-18.9352	-0.0264437	199.916	211.351	0.945895
7050	0.00645004	0.314628	117.889	100.988	-18.9449	-0.0264434	199.906	211.35	0.94585
7051	0.00645094	0.314627	117.887	100.989	-18.9527	-0.026443	199.898	211.349	0.945815
7052	0.00645184	0.314626	117.886	100.99	-18.9589	-0.0264427	199.891	211.349	0.945787
7053	0.00645274	0.314624	117.885	100.991	-18.9636	-0.0264423	199.886	211.348	0.945766
7054	0.00645363	0.314623	117.883	100.992	-18.9669	-0.0264419	199.882	211.347	0.945752
7055	0.00645453	0.314622	117.882	100.993	-18.9688	-0.0264415	199.879	211.346	0.945745
7056	0.00645543	0.314621	117.881	100.994	-18.9694	-0.0264411	199.878	211.345	0.945744
7057	0.00645633	0.314619	117.879	100.995	-18.9688	-0.0264408	199.879	211.344	0.945748
7058	0.00645722	0.314618	117.878	100.995	-18.9669	-0.0264405	199.88	211.343	0.945759
7059	0.00645812	0.314617	117.876	100.996	-18.9639	-0.0264402	199.882	211.343	0.945775
7060	0.00645902	0.314615	117.875	100.997	-18.958	-0.02644	199.888	211.342	0.945804
7061	0.00645992	0.314614	117.874	100.998	-18.9469	-0.0264399	199.899	211.341	0.945858
7062	0.00646081	0.314613	117.872	100.999	-18.9346	-0.0264398	199.91	211.34	0.945918
7063	0.00646171	0.314611	117.871	101	-18.9222	-0.0264397	199.922	211.339	0.945978
7064	0.00646261	0.31461	117.87	101.001	-18.91	-0.0264396	199.934	211.338	0.946038
7065	0.00646351	0.314609	117.868	101.002	-18.8981	-0.0264396	199.945	211.337	0.946095
7066	0.0064644	0.314608	117.867	101.003	-18.8869	-0.0264395	199.956	211.337	0.94615
7067	0.0064653	0.314606	117.865	101.003	-18.8765	-0.0264395	199.966	211.336	0.946201
7068	0.0064662	0.314605	117.864	101.004	-18.867	-0.0264395	199.975	211.335	0.946247
7069	0.0064671	0.314604	117.863	101.005	-18.8588	-0.0264396	199.983	211.334	0.946288
7070	0.00646799	0.314602	117.861	101.006	-18.8518	-0.0264397	199.989	211.333	0.946323
7071	0.00646889	0.314601	117.86	101.007	-18.8462	-0.0264399	199.994	211.332	0.94635
7072	0.00646979	0.3146	117.859	101.008	-18.8421	-0.02644	199.998	211.331	0.946372
7073	0.00647069	0.314599	117.857	101.009	-18.8395	-0.0264402	200	211.331	0.946386
7074	0.00647158	0.314597	117.856	101.01	-18.8384	-0.0264404	200.001	211.33	0.946392
7075	0.00647248	0.314596	117.855	101.011	-18.8389	-0.0264406	200	211.329	0.946392
7076	0.00647338	0.314595	117.853	101.011	-18.8409	-0.0264408	199.997	211.328	0.946383
7077	0.00647428	0.314594	117.852	101.012	-18.8445	-0.026441	199.993	211.327	0.946368
7078	0.00647517	0.314592	117.85	101.013	-18.8497	-0.0264411	199.988	211.326	0.946345
7079	0.00647607	0.314591	117.849	101.014	-18.8566	-0.0264412	199.98	211.325	0.946314
7080	0.00647697	0.31459	117.848	101.015	-18.8664	-0.0264412	199.97	211.324	0.946269
7081	0.00647787	0.314588	117.846	101.016	-18.8838	-0.0264411	199.952	211.324	0.946189
7082	0.00647876	0.314587	117.845	101.017	-18.8984	-0.0264408	199.937	211.323	0.946121
7083	0.00647966	0.314586	117.844	101.018	-18.9106	-0.0264405	199.924	211.322	0.946065
7084	0.00648056	0.314585	117.842	101.018	-18.9206	-0.0264402	199.914	211.321	0.946019
7085	0.00648146	0.314583	117.841	101.019	-18.9286	-0.0264398	199.905	211.32	0.945983
7086	0.00648235	0.314582	117.84	101.02	-18.9349	-0.0264395	199.898	211.319	0.945954
7087	0.00648325	0.314581	117.838	101.021	-18.9398	-0.0264391	199.893	211.318	0.945933
7088	0.00648415	0.314579	117.837	101.022	-18.9432	-0.0264387	199.889	211.318	0.945918
7089	0.00648505	0.314578	117.835	101.023	-18.9452	-0.0264384	199.887	211.317	0.94591
7090	0.00648595	0.314577	117.834	101.024	-18.946	-0.026438	199.886	211.316	0.945909
7091	0.00648684	0.314576	117.833	101.025	-18.9454	-0.0264376	199.886	211.315	0.945913
7092	0.00648774	0.314574	117.831	101.026	-18.9436	-0.0264373	199.887	211.314	0.945923
7093	0.00648864	0.314573	117.83	101.026	-18.9406	-0.026437	199.889	211.313	0.945939
7094	0.00648954	0.314572	117.829	101.027	-18.9366	-0.0264368	199.893	211.312	0.945959
7095	0.00649043	0.31457	117.827	101.028	-18.9267	-0.0264367	199.902	211.312	0.946008
7096	0.00649133	0.314569	117.826	101.029	-18.9143	-0.0264367	199.914	211.311	0.946068
7097	0.00649223	0.314568	117.825	101.03	-18.9016	-0.0264366	199.927	211.31	0.94613
7098	0.00649313	0.314567	117.823	101.031	-18.889	-0.0264366	199.939	211.309	0.946191
7099	0.00649402	0.314565	117.822	101.032	-18.8768	-0.0264365	199.95	211.308	0.94625
7100	0.00649492	0.314564	117.821	101.033	-18.8651	-0.0264364	199.962	211.307	0.946307
7101	0.00649582	0.314563	117.819	101.033	-18.8542	-0.0264364	199.972	211.306	0.94636
7102	0.00649672	0.314562	117.818	101.034	-18.8442	-0.0264365	199.982	211.306	0.946409
7103	0.00649761	0.31456	117.817	101.035	-18.8353	-0.0264366	199.99	211.305	0.946453
7104	0.00649851	0.314559	117.815	101.036	-18.8278	-0.0264367	199.997	211.304	0.94649
7105	0.00649941	0.314558	117.814	101.037	-18.8216	-0.0264368	200.003	211.303	0.946521
7106	0.00650031	0.314557	117.813	101.038	-18.8168	-0.026437	200.007	211.302	0.946545
7107	0.0065012	0.314555	117.811	101.039	-18.8135	-0.0264372	200.01	211.301	0.946562
7108	0.0065021	0.314554	117.81	101.039	-18.8118	-0.0264374	200.011	211.301	0.946572
7109	0.006503	0.314553	117.809	101.04	-18.8116	-0.0264377	200.011	211.3	0.946574
7110	0.0065039	0.314552	117.807	101.041	-18.813	-0.0264379	200.009	211.299	0.946569
7111	0.00650479	0.31455	117.806	101.042	-18.816	-0.0264381	200.005	211.298	0.946556
7112	0.00650569	0.314549	117.805	101.043	-18.8206	-0.0264383	200	211.297	0.946536
7113	0.00650659	0.314548	117.803	101.044	-18.8268	-0.0264384	199.994	211.296	0.946509
7114	0.00650749	0.314547	117.802	101.045	-18.8353	-0.0264385	199.985	211.296	0.94647
7115	0.00650838	0.314545	117.801	101.045	-18.8522	-0.0264384	199.967	211.295	0.946391
7116	0.00650928	0.314544	117.799	101.046	-18.8674	-0.0264381	199.952	211.294	0.946321
7117	0.00651018	0.314543	117.798	101.047	-18.8801	-0.0264379	199.939	211.293	0.946262
7118	0.00651108	0.314542	117.797	101.048	-18.8905	-0.0264376	199.928	211.292	0.946214
7119	0.00651197	0.31454	117.796	101.049	-18.8989	-0.0264373	199.919	211.291	0.946176
7120	0.00651287	0.314539	117.794	101.05	-18.9057	-0.0264369	199.912	211.291	0.946146
7121	0.00651377	0.314538	117.793	101.05	-18.9109	-0.0264366	199.906	211.29	0.946122
7122	0.00651467	0.314537	117.792	101.051	-18.9147	-0.0264362	199.902	211.289	0.946106
7123	0.00651556	0.314536	117.79	101.052	-18.917	-0.0264359	199.899	211.288	0.946096
7124	0.00651646	0.314534	117.789	101.053	-18.9181	-0.0264355	199.898	211.287	0.946093
7125	0.00651736	0.314533	117.788	101.054	-18.9178	-0.0264352	199.897	211.287	0.946096
7126	0.00651826	0.314532	117.787	101.055	-18.9163	-0.0264349	199.898	211.286	0.946104
7127	0.00651916	0.314531	117.785	101.055	-18.9136	-0.0264346	199.901	211.285	0.946118
7128	0.00652005	0.31453	117.784	101.056	-18.9099	-0.0264344	199.904	211.284	0.946138
7129	0.00652095	0.314529	117.783	101.057	-18.9013	-0.0264343	199.912	211.283	0.94618
7130	0.00652185	0.314527	117.782	101.058	-18.8892	-0.0264343	199.924	211.283	0.946238
7131	0.00652275	0.314526	117.78	101.059	-18.8766	-0.0264343	199.936	211.282	0.9463
7132	0.00652364	0.314525	117.779	101.059	-18.864	-0.0264342	199.948	211.281	0.946361
7133	0.00652454	0.314524	117.778	101.06	-18.8516	-0.0264342	199.96	211.28	0.946421
7134	0.00652544	0.314523	117.777	101.061	-18.8398	-0.0264341	199.971	211.28	0.946478
7135	0.00652634	0.314522	117.775	101.062	-18.8287	-0.0264342	199.982	211.279	0.946532
7136	0.00652723	0.31452	117.774	101.062	-18.8185	-0.0264342	199.992	211.278	0.946582
7137	0.00652813	0.314519	117.773	101.063	-18.8094	-0.0264343	200.001	211.277	0.946626
7138	0.00652903	0.314518	117.772	101.064	-18.8015	-0.0264345	200.008	211.276	0.946665
7139	0.00652993	0.314517	117.771	101.065	-18.795	-0.0264346	200.014	211.276	0.946697
7140	0.00653082	0.314516	117.77	101.066	-18.7899	-0.0264348	200.019	211.275	0.946722
7141	0.00653172	0.314515	117.768	101.066	-18.7863	-0.0264351	200.022	211.274	0.946741
7142	0.00653262	0.314514	117.767	101.067	-18.7843	-0.0264353	200.024	211.273	0.946752
7143	0.00653352	0.314513	117.766	101.068	-18.7838	-0.0264356	200.024	211.273	0.946756
7144	0.00653441	0.314512	117.765	101.069	-18.7849	-0.0264358	200.022	211.272	0.946752
7145	0.00653531	0.31451	117.764	101.069	-18.7876	-0.026436	200.019	211.271	0.94674
7146	0.00653621	0.314509	117.763	101.07	-18.7919	-0.0264362	200.014	211.271	0.946721
7147	0.00653711	0.314508	117.761	101.071	-18.798	-0.0264364	200.008	211.27	0.946694
7148	0.00653801	0.314507	117.76	101.072	-18.8066	-0.0264365	199.999	211.269	0.946655
7149	0.0065389	0.314506	117.759	101.072	-18.8242	-0.0264364	199.981	211.268	0.946572
7150	0.0065398	0.314505	117.758	101.073	-18.8391	-0.0264362	199.966	211.268	0.946503
7151	0.0065407	0.314504	117.757	101.074	-18.8516	-0.0264359	199.953	211.267	0.946445
7152	0.0065416	0.314503	117.756	101.074	-18.8619	-0.0264356	199.942	211.266	0.946398
7153	0.00654249	0.314502	117.755	101.075	-18.8702	-0.0264354	199.933	211.266	0.94636
7154	0.00654339	0.314501	117.754	101.076	-18.877	-0.0264351	199.926	211.265	0.946329
7155	0.00654429	0.3145	117.753	101.077	-18.8823	-0.0264347	199.92	211.264	0.946305
7156	0.00654519	0.314499	117.751	101.077	-18.8861	-0.0264344	199.916	211.263	0.946289
7157	0.00654608	0.314498	117.75	101.078	-18.8885	-0.0264341	199.913	211.263	0.946278
7158	0.00654698	0.314497	117.749	101.079	-18.8896	-0.0264337	199.912	211.262	0.946274
7159	0.00654788	0.314496	117.748	101.079	-18.8895	-0.0264334	199.912	211.261	0.946276
7160	0.00654878	0.314495	117.747	101.08	-18.8881	-0.0264331	199.913	211.261	0.946284
7161	0.00654968	0.314494	117.746	101.081	-18.8855	-0.0264329	199.915	211.26	0.946297
7162	0.00655057	0.314493	117.745	101.081	-18.8819	-0.0264327	199.918	211.259	0.946316
7163	0.00655147	0.314492	117.744	101.082	-18.8743	-0.0264326	199.925	211.259	0.946353
7164	0.00655237	0.314491	117.743	101.083	-18.8624	-0.0264327	199.937	211.258	0.94641
7165	0.00655327	0.31449	117.742	101.083	-18.8498	-0.0264327	199.949	211.258	0.946471
7166	0.00655416	0.314489	117.741	101.084	-18.8373	-0.0264326	199.961	211.257	0.946531
7167	0.00655506	0.314488	117.74	101.085	-18.825	-0.0264326	199.973	211.256	0.946591
7168	0.00655596	0.314487	117.739	101.085	-18.8132	-0.0264326	199.985	211.256	0.946648
7169	0.00655686	0.314486	117.738	101.086	-18.8021	-0.0264327	199.995	211.255	0.946702
7170	0.00655775	0.314485	117.737	101.086	-18.7919	-0.0264328	200.005	211.254	0.946751
7171	0.00655865	0.314484	117.736	101.087	-18.7827	-0.0264329	200.014	211.254	0.946795
7172	0.00655955	0.314484	117.735	101.088	-18.7748	-0.0264331	200.022	211.253	0.946834
7173	0.00656045	0.314483	117.734	101.088	-18.7683	-0.0264333	200.028	211.253	0.946866
7174	0.00656134	0.314482	117.733	101.089	-18.7632	-0.0264335	200.033	211.252	0.946891
7175	0.00656224	0.314481	117.732	101.09	-18.7596	-0.0264337	200.036	211.251	0.94691
7176	0.00656314	0.31448	117.732	101.09	-18.7574	-0.026434	200.038	211.251	0.946921
7177	0.00656404	0.314479	117.731	101.091	-18.7569	-0.0264343	200.038	211.25	0.946924
7178	0.00656494	0.314478	117.73	101.091	-18.758	-0.0264345	200.037	211.25	0.94692
7179	0.00656583	0.314477	117.729	101.092	-18.7608	-0.0264348	200.033	211.249	0.946908
7180	0.00656673	0.314477	117.728	101.092	-18.7652	-0.026435	200.029	211.249	0.946888
7181	0.00656763	0.314476	117.727	101.093	-18.7715	-0.0264352	200.022	211.248	0.946859
7182	0.00656853	0.314475	117.726	101.094	-18.7807	-0.0264353	200.013	211.247	0.946817
7183	0.00656942	0.314474	117.725	101.094	-18.7981	-0.0264352	199.995	211.247	0.946735
7184	0.00657032	0.314473	117.724	101.095	-18.8129	-0.026435	199.98	211.246	0.946667
7185	0.00657122	0.314472	117.724	101.095	-18.8253	-0.0264348	199.967	211.246	0.946609
7186	0.00657212	0.314472	117.723	101.096	-18.8357	-0.0264346	199.956	211.245	0.946561
7187	0.00657301	0.314471	117.722	101.096	-18.8441	-0.0264343	199.948	211.245	0.946522
7188	0.00657391	0.31447	117.721	101.097	-18.8509	-0.026434	199.941	211.244	0.94649
7189	0.00657481	0.314469	117.72	101.097	-18.8563	-0.0264337	199.935	211.244	0.946466
7190	0.00657571	0.314469	117.719	101.098	-18.8603	-0.0264334	199.931	211.243	0.946448
7191	0.00657661	0.314468	117.719	101.098	-18.8629	-0.0264331	199.928	211.243	0.946437
7192	0.0065775	0.314467	117.718	101.099	-18.8642	-0.0264328	199.926	211.242	0.946431
7193	0.0065784	0.314466	117.717	101.1	-18.8643	-0.0264325	199.926	211.242	0.946432
7194	0.0065793	0.314465	117.716	101.1	-18.8631	-0.0264322	199.927	211.241	0.946439
7195	0.0065802	0.314465	117.715	101.101	-18.8608	-0.026432	199.929	211.241	0.946451
7196	0.00658109	0.314464	117.715	101.101	-18.8574	-0.0264319	199.932	211.24	0.946468
7197	0.00658199	0.314463	117.714	101.102	-18.8517	-0.0264318	199.937	211.24	0.946495
7198	0.00658289	0.314462	117.713	101.102	-18.8406	-0.0264318	199.948	211.239	0.946549
7199	0.00658379	0.314462	117.712	101.103	-18.8282	-0.0264319	199.96	211.239	0.946608
7200	0.00658469	0.314461	117.711	101.103	-18.8159	-0.0264319	199.972	211.238	0.946668
7201	0.00658558	0.31446	117.711	101.104	-18.8038	-0.0264319	199.984	211.238	0.946726
7202	0.00658648	0.31446	117.71	101.104	-18.7921	-0.0264319	199.995	211.237	0.946782
7203	0.00658738	0.314459	117.709	101.105	-18.7811	-0.026432	200.006	211.237	0.946835
7204	0.00658828	0.314458	117.708	101.105	-18.771	-0.0264321	200.016	211.236	0.946883
7205	0.00658917	0.314457	117.708	101.106	-18.762	-0.0264322	200.025	211.236	0.946927
7206	0.00659007	0.314457	117.707	101.106	-18.7542	-0.0264324	200.032	211.235	0.946965
7207	0.00659097	0.314456	117.706	101.106	-18.7477	-0.0264326	200.039	211.235	0.946997
7208	0.00659187	0.314455	117.705	101.107	-18.7426	-0.0264329	200.043	211.234	0.947021
7209	0.00659276	0.314455	117.705	101.107	-18.739	-0.0264331	200.047	211.234	0.947039
7210	0.00659366	0.314454	117.704	101.108	-18.737	-0.0264334	200.049	211.233	0.94705
7211	0.00659456	0.314453	117.703	101.108	-18.7364	-0.0264337	200.049	211.233	0.947053
7212	0.00659546	0.314453	117.703	101.109	-18.7376	-0.026434	200.047	211.232	0.947049
7213	0.00659635	0.314452	117.702	101.109	-18.7404	-0.0264342	200.044	211.232	0.947036
7214	0.00659725	0.314451	117.701	101.11	-18.7448	-0.0264345	200.04	211.232	0.947016
7215	0.00659815	0.314451	117.7	101.11	-18.7512	-0.0264347	200.033	211.231	0.946987
7216	0.00659905	0.31445	117.7	101.111	-18.7605	-0.0264348	200.023	211.231	0.946943
7217	0.00659995	0.314449	117.699	101.111	-18.7782	-0.0264348	200.006	211.23	0.946861
7218	0.00660084	0.314449	117.698	101.111	-18.7932	-0.0264346	199.99	211.23	0.94679
7219	0.00660174	0.314448	117.698	101.112	-18.8059	-0.0264344	199.977	211.229	0.946731
7220	0.00660264	0.314447	117.697	101.112	-18.8166	-0.0264342	199.966	211.229	0.946681
7221	0.00660354	0.314447	117.696	101.113	-18.8253	-0.0264339	199.957	211.229	0.946641
7222	0.00660443	0.314446	117.696	101.113	-18.8325	-0.0264336	199.95	211.228	0.946607
7223	0.00660533	0.314446	117.695	101.114	-18.8382	-0.0264334	199.944	211.228	0.946581
7224	0.00660623	0.314445	117.694	101.114	-18.8426	-0.0264331	199.94	211.227	0.946561
7225	0.00660713	0.314444	117.694	101.114	-18.8456	-0.0264328	199.936	211.227	0.946548
7226	0.00660803	0.314444	117.693	101.115	-18.8472	-0.0264325	199.934	211.226	0.94654
7227	0.00660892	0.314443	117.693	101.115	-18.8477	-0.0264322	199.934	211.226	0.946539
7228	0.00660982	0.314443	117.692	101.116	-18.8469	-0.0264319	199.934	211.226	0.946544
7229	0.00661072	0.314442	117.691	101.116	-18.845	-0.0264317	199.936	211.225	0.946554
7230	0.00661162	0.314441	117.691	101.117	-18.8419	-0.0264316	199.939	211.225	0.946569
7231	0.00661251	0.314441	117.69	101.117	-18.8379	-0.0264315	199.943	211.224	0.946588
7232	0.00661341	0.31444	117.689	101.117	-18.8283	-0.0264315	199.952	211.224	0.946634
7233	0.00661431	0.31444	117.689	101.118	-18.8164	-0.0264316	199.964	211.224	0.946692
7234	0.00661521	0.314439	117.688	101.118	-18.8042	-0.0264316	199.976	211.223	0.94675
7235	0.00661611	0.314438	117.688	101.118	-18.7923	-0.0264317	199.987	211.223	0.946807
7236	0.006617	0.314438	117.687	101.119	-18.7808	-0.0264317	199.999	211.223	0.946862
7237	0.0066179	0.314437	117.686	101.119	-18.7699	-0.0264318	200.009	211.222	0.946914
7238	0.0066188	0.314437	117.686	101.12	-18.7599	-0.0264319	200.019	211.222	0.946963
7239	0.0066197	0.314436	117.685	101.12	-18.7509	-0.026432	200.028	211.221	0.947006
7240	0.00662059	0.314436	117.685	101.12	-18.7431	-0.0264322	200.036	211.221	0.947044
7241	0.00662149	0.314435	117.684	101.121	-18.7366	-0.0264324	200.042	211.221	0.947075
7242	0.00662239	0.314435	117.684	101.121	-18.7314	-0.0264326	200.047	211.22	0.9471
7243	0.00662329	0.314434	117.683	101.121	-18.7278	-0.0264329	200.05	211.22	0.947118
7244	0.00662418	0.314434	117.682	101.122	-18.7256	-0.0264332	200.052	211.22	0.947129
7245	0.00662508	0.314433	117.682	101.122	-18.725	-0.0264335	200.053	211.219	0.947133
7246	0.00662598	0.314433	117.681	101.123	-18.7259	-0.0264337	200.051	211.219	0.947129
7247	0.00662688	0.314432	117.681	101.123	-18.7286	-0.026434	200.049	211.219	0.947117
7248	0.00662777	0.314431	117.68	101.123	-18.7329	-0.0264343	200.044	211.218	0.947097
7249	0.00662867	0.314431	117.68	101.124	-18.7391	-0.0264345	200.038	211.218	0.947069
7250	0.00662957	0.31443	117.679	101.124	-18.7479	-0.0264347	200.029	211.218	0.947028
7251	0.00663047	0.31443	117.679	101.124	-18.7659	-0.0264346	200.011	211.217	0.946943
7252	0.00663137	0.314429	117.678	101.125	-18.7813	-0.0264345	199.995	211.217	0.946871
7253	0.00663226	0.314429	117.677	101.125	-18.7944	-0.0264343	199.982	211.216	0.946809
7254	0.00663316	0.314428	117.677	101.125	-18.8054	-0.026434	199.97	211.216	0.946758
7255	0.00663406	0.314428	117.676	101.126	-18.8146	-0.0264338	199.961	211.216	0.946715
7256	0.00663496	0.314427	117.676	101.126	-18.8221	-0.0264335	199.953	211.215	0.94668
7257	0.00663585	0.314427	117.675	101.126	-18.8283	-0.0264332	199.947	211.215	0.946651
7258	0.00663675	0.314426	117.675	101.127	-18.833	-0.0264329	199.942	211.215	0.946629
7259	0.00663765	0.314426	117.674	101.127	-18.8364	-0.0264326	199.939	211.214	0.946614
7260	0.00663855	0.314425	117.674	101.127	-18.8385	-0.0264323	199.936	211.214	0.946605
7261	0.00663945	0.314425	117.673	101.128	-18.8393	-0.0264321	199.935	211.214	0.946601
7262	0.00664034	0.314424	117.673	101.128	-18.839	-0.0264318	199.935	211.213	0.946604
7263	0.00664124	0.314424	117.672	101.128	-18.8375	-0.0264316	199.937	211.213	0.946611
7264	0.00664214	0.314423	117.672	101.129	-18.8349	-0.0264314	199.939	211.213	0.946624
7265	0.00664304	0.314423	117.671	101.129	-18.8313	-0.0264313	199.943	211.212	0.946642
7266	0.00664393	0.314422	117.671	101.129	-18.8227	-0.0264314	199.951	211.212	0.946683
7267	0.00664483	0.314422	117.67	101.13	-18.8112	-0.0264314	199.962	211.212	0.946738
7268	0.00664573	0.314421	117.67	101.13	-18.7994	-0.0264315	199.974	211.212	0.946795
7269	0.00664663	0.314421	117.669	101.13	-18.7878	-0.0264315	199.985	211.211	0.94685
7270	0.00664753	0.314421	117.669	101.131	-18.7766	-0.0264316	199.996	211.211	0.946904
7271	0.00664842	0.31442	117.668	101.131	-18.766	-0.0264316	200.007	211.211	0.946955
7272	0.00664932	0.31442	117.668	101.131	-18.7562	-0.0264317	200.016	211.21	0.947002
7273	0.00665022	0.314419	117.667	101.132	-18.7474	-0.0264318	200.025	211.21	0.947044
7274	0.00665112	0.314419	117.667	101.132	-18.7397	-0.026432	200.032	211.21	0.947081
7275	0.00665201	0.314418	117.666	101.132	-18.7334	-0.0264322	200.039	211.209	0.947111
7276	0.00665291	0.314418	117.666	101.133	-18.7284	-0.0264324	200.043	211.209	0.947135
7277	0.00665381	0.314417	117.665	101.133	-18.7249	-0.0264327	200.047	211.209	0.947153
7278	0.00665471	0.314417	117.665	101.133	-18.7228	-0.026433	200.049	211.208	0.947163
7279	0.0066556	0.314416	117.664	101.134	-18.7223	-0.0264333	200.049	211.208	0.947166
7280	0.0066565	0.314416	117.664	101.134	-18.7234	-0.0264336	200.048	211.208	0.947161
7281	0.0066574	0.314415	117.663	101.134	-18.7262	-0.0264338	200.045	211.207	0.947149
7282	0.0066583	0.314415	117.663	101.135	-18.7306	-0.0264341	200.04	211.207	0.947129
7283	0.00665919	0.314414	117.662	101.135	-18.7369	-0.0264343	200.034	211.207	0.947099
7284	0.00666009	0.314414	117.662	101.135	-18.7458	-0.0264345	200.025	211.206	0.947058
7285	0.00666099	0.314413	117.661	101.136	-18.764	-0.0264344	200.006	211.206	0.946972
7286	0.00666189	0.314413	117.661	101.136	-18.7797	-0.0264342	199.99	211.206	0.946899
7287	0.00666279	0.314412	117.66	101.136	-18.793	-0.026434	199.977	211.205	0.946836
7288	0.00666368	0.314412	117.66	101.137	-18.8044	-0.0264338	199.965	211.205	0.946783
7289	0.00666458	0.314411	117.659	101.137	-18.8138	-0.0264335	199.956	211.205	0.946739
7290	0.00666548	0.314411	117.659	101.137	-18.8217	-0.0264333	199.948	211.204	0.946702
7291	0.00666638	0.314411	117.658	101.138	-18.8282	-0.026433	199.941	211.204	0.946672
7292	0.00666727	0.31441	117.658	101.138	-18.8333	-0.0264327	199.936	211.204	0.946648
7293	0.00666817	0.31441	117.657	101.138	-18.837	-0.0264324	199.932	211.204	0.946631
7294	0.00666907	0.314409	117.657	101.139	-18.8395	-0.0264321	199.929	211.203	0.94662
7295	0.00666997	0.314409	117.656	101.139	-18.8408	-0.0264318	199.928	211.203	0.946615
7296	0.00667087	0.314408	117.656	101.139	-18.8408	-0.0264315	199.928	211.203	0.946615
7297	0.00667176	0.314408	117.655	101.14	-18.8397	-0.0264313	199.928	211.202	0.946621
7298	0.00667266	0.314407	117.655	101.14	-18.8375	-0.0264311	199.93	211.202	0.946632
7299	0.00667356	0.314407	117.654	101.14	-18.8343	-0.026431	199.933	211.202	0.946647
7300	0.00667446	0.314406	117.654	101.14	-18.8263	-0.026431	199.941	211.201	0.946686
7301	0.00667535	0.314406	117.653	101.141	-18.8152	-0.0264311	199.952	211.201	0.946739
7302	0.00667625	0.314405	117.653	101.141	-18.8038	-0.0264312	199.963	211.201	0.946794
7303	0.00667715	0.314405	117.652	101.141	-18.7926	-0.0264312	199.975	211.2	0.946847
7304	0.00667805	0.314404	117.652	101.142	-18.7818	-0.0264312	199.985	211.2	0.946899
7305	0.00667894	0.314404	117.651	101.142	-18.7715	-0.0264313	199.995	211.2	0.946948
7306	0.00667984	0.314403	117.651	101.142	-18.7621	-0.0264314	200.005	211.199	0.946994
7307	0.00668074	0.314403	117.65	101.143	-18.7536	-0.0264315	200.013	211.199	0.947035
7308	0.00668164	0.314403	117.649	101.143	-18.7462	-0.0264316	200.02	211.199	0.94707
7309	0.00668254	0.314402	117.649	101.143	-18.7401	-0.0264318	200.026	211.198	0.947099
7310	0.00668343	0.314402	117.648	101.144	-18.7354	-0.026432	200.03	211.198	0.947122
7311	0.00668433	0.314401	117.648	101.144	-18.7321	-0.0264323	200.034	211.198	0.947139
7312	0.00668523	0.314401	117.647	101.145	-18.7303	-0.0264326	200.035	211.197	0.947148
7313	0.00668613	0.3144	117.647	101.145	-18.73	-0.0264328	200.035	211.197	0.94715
7314	0.00668702	0.3144	117.646	101.145	-18.7313	-0.0264331	200.034	211.197	0.947144
7315	0.00668792	0.314399	117.646	101.146	-18.7343	-0.0264334	200.031	211.196	0.947131
7316	0.00668882	0.314398	117.645	101.146	-18.7389	-0.0264336	200.026	211.196	0.94711
7317	0.00668972	0.314398	117.645	101.146	-18.7454	-0.0264338	200.019	211.196	0.947079
7318	0.00669061	0.314397	117.644	101.147	-18.7544	-0.0264339	200.01	211.195	0.947037
7319	0.00669151	0.314397	117.644	101.147	-18.7729	-0.0264338	199.991	211.195	0.94695
7320	0.00669241	0.314396	117.643	101.147	-18.7888	-0.0264337	199.975	211.195	0.946876
7321	0.00669331	0.314396	117.642	101.148	-18.8025	-0.0264334	199.961	211.194	0.946812
7322	0.0066942	0.314395	117.642	101.148	-18.8141	-0.0264332	199.949	211.194	0.946757
7323	0.0066951	0.314395	117.641	101.149	-18.8239	-0.0264329	199.939	211.194	0.946712
7324	0.006696	0.314394	117.641	101.149	-18.8321	-0.0264326	199.931	211.193	0.946674
7325	0.0066969	0.314394	117.64	101.149	-18.8388	-0.0264323	199.924	211.193	0.946642
7326	0.00669779	0.314393	117.639	101.15	-18.8443	-0.026432	199.918	211.192	0.946617
7327	0.00669869	0.314392	117.639	101.15	-18.8483	-0.0264317	199.914	211.192	0.946599
7328	0.00669959	0.314392	117.638	101.15	-18.8511	-0.0264314	199.911	211.192	0.946586
7329	0.00670049	0.314391	117.638	101.151	-18.8527	-0.0264311	199.909	211.191	0.94658
7330	0.00670139	0.314391	117.637	101.151	-18.853	-0.0264308	199.909	211.191	0.946579
7331	0.00670228	0.31439	117.636	101.152	-18.8523	-0.0264306	199.909	211.19	0.946583
7332	0.00670318	0.31439	117.636	101.152	-18.8504	-0.0264304	199.911	211.19	0.946592
7333	0.00670408	0.314389	117.635	101.153	-18.8476	-0.0264303	199.914	211.19	0.946607
7334	0.00670498	0.314388	117.634	101.153	-18.8398	-0.0264303	199.921	211.189	0.946644
7335	0.00670587	0.314388	117.634	101.153	-18.8291	-0.0264303	199.932	211.189	0.946696
7336	0.00670677	0.314387	117.633	101.154	-18.818	-0.0264304	199.942	211.188	0.946749
7337	0.00670767	0.314387	117.632	101.154	-18.8072	-0.0264304	199.953	211.188	0.946801
7338	0.00670857	0.314386	117.632	101.155	-18.7967	-0.0264304	199.963	211.188	0.946851
7339	0.00670947	0.314385	117.631	101.155	-18.7868	-0.0264304	199.973	211.187	0.946899
7340	0.00671036	0.314385	117.63	101.155	-18.7776	-0.0264305	199.982	211.187	0.946943
7341	0.00671126	0.314384	117.63	101.156	-18.7694	-0.0264306	199.99	211.186	0.946983
7342	0.00671216	0.314383	117.629	101.156	-18.7624	-0.0264307	199.997	211.186	0.947017
7343	0.00671306	0.314383	117.628	101.157	-18.7566	-0.0264309	200.002	211.186	0.947045
7344	0.00671395	0.314382	117.628	101.157	-18.7521	-0.0264311	200.006	211.185	0.947067
7345	0.00671485	0.314381	117.627	101.158	-18.7491	-0.0264313	200.009	211.185	0.947082
7346	0.00671575	0.314381	117.626	101.158	-18.7476	-0.0264316	200.011	211.184	0.94709
7347	0.00671665	0.31438	117.626	101.159	-18.7475	-0.0264318	200.01	211.184	0.947092
7348	0.00671754	0.31438	117.625	101.159	-18.749	-0.0264321	200.009	211.183	0.947085
7349	0.00671844	0.314379	117.624	101.16	-18.7522	-0.0264323	200.005	211.183	0.947071
7350	0.00671934	0.314378	117.624	101.16	-18.7571	-0.0264325	200	211.182	0.947049
7351	0.00672024	0.314378	117.623	101.16	-18.7637	-0.0264327	199.993	211.182	0.947018
7352	0.00672113	0.314377	117.622	101.161	-18.7728	-0.0264328	199.984	211.182	0.946976
7353	0.00672203	0.314376	117.621	101.161	-18.7896	-0.0264327	199.967	211.181	0.946897
7354	0.00672293	0.314375	117.621	101.162	-18.8062	-0.0264326	199.95	211.181	0.946819
7355	0.00672383	0.314375	117.62	101.162	-18.8205	-0.0264323	199.935	211.18	0.946752
7356	0.00672472	0.314374	117.619	101.163	-18.8327	-0.026432	199.923	211.18	0.946696
7357	0.00672562	0.314373	117.619	101.163	-18.843	-0.0264318	199.912	211.179	0.946648
7358	0.00672652	0.314373	117.618	101.164	-18.8516	-0.0264314	199.904	211.179	0.946608
7359	0.00672742	0.314372	117.617	101.164	-18.8587	-0.0264311	199.896	211.178	0.946575
7360	0.00672831	0.314371	117.616	101.165	-18.8645	-0.0264308	199.89	211.178	0.946548
7361	0.00672921	0.314371	117.616	101.165	-18.8689	-0.0264305	199.885	211.177	0.946528
7362	0.00673011	0.31437	117.615	101.166	-18.8721	-0.0264301	199.882	211.177	0.946514
7363	0.00673101	0.314369	117.614	101.166	-18.874	-0.0264298	199.88	211.176	0.946506
7364	0.00673191	0.314368	117.613	101.167	-18.8746	-0.0264295	199.879	211.176	0.946504
7365	0.0067328	0.314368	117.612	101.167	-18.8742	-0.0264293	199.879	211.175	0.946507
7366	0.0067337	0.314367	117.612	101.168	-18.8727	-0.026429	199.88	211.175	0.946515
7367	0.0067346	0.314366	117.611	101.168	-18.8701	-0.0264289	199.883	211.174	0.946528
7368	0.0067355	0.314366	117.61	101.169	-18.8628	-0.0264289	199.89	211.174	0.946564
7369	0.00673639	0.314365	117.609	101.169	-18.8523	-0.0264289	199.9	211.173	0.946614
7370	0.00673729	0.314364	117.608	101.17	-18.8415	-0.0264289	199.91	211.173	0.946667
7371	0.00673819	0.314363	117.608	101.17	-18.8308	-0.0264289	199.921	211.172	0.946718
7372	0.00673909	0.314362	117.607	101.171	-18.8205	-0.0264289	199.931	211.172	0.946768
7373	0.00673998	0.314362	117.606	101.171	-18.8107	-0.0264289	199.94	211.171	0.946815
7374	0.00674088	0.314361	117.605	101.172	-18.8017	-0.0264289	199.949	211.171	0.946859
7375	0.00674178	0.31436	117.604	101.172	-18.7936	-0.026429	199.957	211.17	0.946898
7376	0.00674268	0.314359	117.604	101.173	-18.7866	-0.0264291	199.963	211.17	0.946932
7377	0.00674357	0.314359	117.603	101.174	-18.7808	-0.0264292	199.969	211.169	0.946961
7378	0.00674447	0.314358	117.602	101.174	-18.7764	-0.0264294	199.973	211.169	0.946982
7379	0.00674537	0.314357	117.601	101.175	-18.7734	-0.0264296	199.976	211.168	0.946998
7380	0.00674627	0.314356	117.6	101.175	-18.7719	-0.0264298	199.977	211.168	0.947006
7381	0.00674716	0.314355	117.599	101.176	-18.7718	-0.0264301	199.977	211.167	0.947007
7382	0.00674806	0.314355	117.598	101.176	-18.7734	-0.0264303	199.975	211.167	0.947001
7383	0.00674896	0.314354	117.597	101.177	-18.7765	-0.0264305	199.971	211.166	0.946987
7384	0.00674986	0.314353	117.597	101.177	-18.7813	-0.0264307	199.966	211.165	0.946965
7385	0.00675075	0.314352	117.596	101.178	-18.7878	-0.0264308	199.96	211.165	0.946936
7386	0.00675165	0.314351	117.595	101.179	-18.7965	-0.0264309	199.951	211.164	0.946895
7387	0.00675255	0.31435	117.594	101.179	-18.8104	-0.0264309	199.936	211.164	0.946831
7388	0.00675345	0.314349	117.593	101.18	-18.828	-0.0264307	199.918	211.163	0.946748
7389	0.00675434	0.314349	117.592	101.18	-18.8431	-0.0264305	199.903	211.163	0.946678
7390	0.00675524	0.314348	117.591	101.181	-18.856	-0.0264302	199.89	211.162	0.946618
7391	0.00675614	0.314347	117.59	101.182	-18.8669	-0.0264299	199.878	211.161	0.946567
7392	0.00675704	0.314346	117.589	101.182	-18.876	-0.0264295	199.869	211.161	0.946526
7393	0.00675793	0.314345	117.588	101.183	-18.8836	-0.0264292	199.861	211.16	0.946491
7394	0.00675883	0.314344	117.587	101.183	-18.8897	-0.0264288	199.855	211.16	0.946463
7395	0.00675973	0.314343	117.586	101.184	-18.8945	-0.0264285	199.85	211.159	0.946441
7396	0.00676063	0.314342	117.585	101.185	-18.898	-0.0264281	199.846	211.158	0.946426
7397	0.00676152	0.314341	117.584	101.185	-18.9002	-0.0264278	199.843	211.158	0.946416
7398	0.00676242	0.314341	117.584	101.186	-18.9012	-0.0264275	199.842	211.157	0.946413
7399	0.00676332	0.31434	117.583	101.187	-18.901	-0.0264272	199.842	211.157	0.946415
7400	0.00676422	0.314339	117.582	101.187	-18.8998	-0.0264269	199.843	211.156	0.946422
7401	0.00676512	0.314338	117.581	101.188	-18.8975	-0.0264267	199.845	211.155	0.946434
7402	0.00676601	0.314337	117.58	101.189	-18.8908	-0.0264267	199.851	211.155	0.946466
7403	0.00676691	0.314336	117.579	101.189	-18.8805	-0.0264267	199.861	211.154	0.946516
7404	0.00676781	0.314335	117.578	101.19	-18.8698	-0.0264267	199.871	211.153	0.946569
7405	0.00676871	0.314334	117.576	101.191	-18.8591	-0.0264266	199.881	211.153	0.94662
7406	0.0067696	0.314333	117.575	101.191	-18.8488	-0.0264266	199.891	211.152	0.946671
7407	0.0067705	0.314332	117.574	101.192	-18.8389	-0.0264265	199.901	211.151	0.946718
7408	0.0067714	0.314331	117.573	101.193	-18.8298	-0.0264266	199.91	211.151	0.946763
7409	0.0067723	0.31433	117.572	101.193	-18.8215	-0.0264266	199.918	211.15	0.946803
7410	0.00677319	0.314329	117.571	101.194	-18.8144	-0.0264267	199.924	211.149	0.946838
7411	0.00677409	0.314328	117.57	101.195	-18.8084	-0.0264268	199.93	211.149	0.946868
7412	0.00677499	0.314327	117.569	101.195	-18.8038	-0.0264269	199.934	211.148	0.946891
7413	0.00677589	0.314326	117.568	101.196	-18.8006	-0.0264271	199.937	211.147	0.946907
7414	0.00677678	0.314325	117.567	101.197	-18.7988	-0.0264273	199.938	211.147	0.946917
7415	0.00677768	0.314324	117.566	101.197	-18.7985	-0.0264275	199.938	211.146	0.94692
7416	0.00677858	0.314323	117.565	101.198	-18.7998	-0.0264277	199.937	211.145	0.946915
7417	0.00677947	0.314322	117.564	101.199	-18.8027	-0.0264279	199.933	211.145	0.946903
7418	0.00678037	0.314321	117.563	101.2	-18.8071	-0.0264281	199.929	211.144	0.946883
7419	0.00678127	0.31432	117.561	101.2	-18.8133	-0.0264282	199.922	211.143	0.946855
7420	0.00678217	0.314319	117.56	101.201	-18.8213	-0.0264283	199.914	211.142	0.946818
7421	0.00678306	0.314318	117.559	101.202	-18.8328	-0.0264283	199.902	211.142	0.946765
7422	0.00678396	0.314317	117.558	101.203	-18.8511	-0.0264281	199.883	211.141	0.94668
7423	0.00678486	0.314315	117.557	101.203	-18.8669	-0.0264279	199.867	211.14	0.946607
7424	0.00678576	0.314314	117.556	101.204	-18.8803	-0.0264276	199.853	211.14	0.946544
7425	0.00678665	0.314313	117.554	101.205	-18.8916	-0.0264272	199.841	211.139	0.946492
7426	0.00678755	0.314312	117.553	101.206	-18.901	-0.0264269	199.831	211.138	0.946449
7427	0.00678845	0.314311	117.552	101.206	-18.9089	-0.0264265	199.823	211.137	0.946413
7428	0.00678935	0.31431	117.551	101.207	-18.9153	-0.0264262	199.816	211.137	0.946384
7429	0.00679025	0.314309	117.55	101.208	-18.9203	-0.0264258	199.811	211.136	0.946361
7430	0.00679114	0.314308	117.549	101.209	-18.924	-0.0264254	199.807	211.135	0.946345
7431	0.00679204	0.314307	117.547	101.209	-18.9264	-0.0264251	199.804	211.134	0.946335
7432	0.00679294	0.314305	117.546	101.21	-18.9276	-0.0264247	199.802	211.134	0.946331
7433	0.00679384	0.314304	117.545	101.211	-18.9276	-0.0264244	199.802	211.133	0.946333
7434	0.00679473	0.314303	117.544	101.212	-18.9264	-0.0264241	199.803	211.132	0.94634
7435	0.00679563	0.314302	117.542	101.213	-18.9242	-0.0264239	199.804	211.131	0.946352
7436	0.00679653	0.314301	117.541	101.213	-18.9179	-0.0264238	199.81	211.13	0.946383
7437	0.00679743	0.3143	117.54	101.214	-18.9076	-0.0264238	199.82	211.13	0.946434
7438	0.00679832	0.314298	117.539	101.215	-18.8967	-0.0264238	199.831	211.129	0.946486
7439	0.00679922	0.314297	117.537	101.216	-18.8859	-0.0264237	199.841	211.128	0.946539
7440	0.00680012	0.314296	117.536	101.217	-18.8754	-0.0264236	199.851	211.127	0.94659
7441	0.00680102	0.314295	117.535	101.218	-18.8653	-0.0264236	199.861	211.126	0.94664
7442	0.00680191	0.314294	117.533	101.218	-18.8559	-0.0264236	199.87	211.126	0.946686
7443	0.00680281	0.314292	117.532	101.219	-18.8474	-0.0264236	199.878	211.125	0.946727
7444	0.00680371	0.314291	117.531	101.22	-18.8399	-0.0264237	199.885	211.124	0.946764
7445	0.00680461	0.31429	117.53	101.221	-18.8337	-0.0264238	199.89	211.123	0.946796
7446	0.0068055	0.314289	117.528	101.222	-18.8287	-0.0264239	199.895	211.122	0.946821
7447	0.0068064	0.314287	117.527	101.223	-18.8252	-0.0264241	199.898	211.121	0.946839
7448	0.0068073	0.314286	117.526	101.224	-18.823	-0.0264242	199.9	211.121	0.946851
7449	0.00680819	0.314285	117.524	101.224	-18.8224	-0.0264244	199.9	211.12	0.946855
7450	0.00680909	0.314284	117.523	101.225	-18.8233	-0.0264246	199.898	211.119	0.946852
7451	0.00680999	0.314282	117.522	101.226	-18.8258	-0.0264248	199.895	211.118	0.946842
7452	0.00681089	0.314281	117.52	101.227	-18.8299	-0.0264249	199.891	211.117	0.946824
7453	0.00681178	0.31428	117.519	101.228	-18.8356	-0.0264251	199.885	211.116	0.946799
7454	0.00681268	0.314278	117.517	101.229	-18.8431	-0.0264252	199.877	211.115	0.946765
7455	0.00681358	0.314277	117.516	101.23	-18.8533	-0.0264252	199.866	211.115	0.946718
7456	0.00681448	0.314276	117.515	101.231	-18.8719	-0.026425	199.847	211.114	0.946632
7457	0.00681537	0.314275	117.513	101.232	-18.8878	-0.0264247	199.831	211.113	0.946558
7458	0.00681627	0.314273	117.512	101.232	-18.9014	-0.0264244	199.816	211.112	0.946495
7459	0.00681717	0.314272	117.51	101.233	-18.9129	-0.0264241	199.804	211.111	0.946443
7460	0.00681807	0.314271	117.509	101.234	-18.9224	-0.0264237	199.794	211.11	0.946399
7461	0.00681896	0.314269	117.508	101.235	-18.9303	-0.0264234	199.786	211.109	0.946364
7462	0.00681986	0.314268	117.506	101.236	-18.9367	-0.026423	199.779	211.108	0.946335
7463	0.00682076	0.314267	117.505	101.237	-18.9417	-0.0264226	199.774	211.107	0.946313
7464	0.00682166	0.314265	117.503	101.238	-18.9454	-0.0264222	199.769	211.107	0.946297
7465	0.00682255	0.314264	117.502	101.239	-18.9478	-0.0264219	199.767	211.106	0.946287
7466	0.00682345	0.314262	117.5	101.24	-18.9489	-0.0264215	199.765	211.105	0.946284
7467	0.00682435	0.314261	117.499	101.241	-18.9488	-0.0264212	199.765	211.104	0.946286
7468	0.00682525	0.31426	117.498	101.242	-18.9475	-0.0264209	199.765	211.103	0.946294
7469	0.00682615	0.314258	117.496	101.243	-18.9452	-0.0264207	199.767	211.102	0.946306
7470	0.00682704	0.314257	117.495	101.244	-18.9384	-0.0264206	199.773	211.101	0.94634
7471	0.00682794	0.314256	117.493	101.245	-18.9279	-0.0264205	199.783	211.1	0.946392
7472	0.00682884	0.314254	117.492	101.246	-18.9168	-0.0264205	199.794	211.099	0.946446
7473	0.00682974	0.314253	117.49	101.246	-18.9057	-0.0264204	199.805	211.098	0.9465
7474	0.00683063	0.314251	117.489	101.247	-18.8949	-0.0264203	199.815	211.097	0.946553
7475	0.00683153	0.31425	117.487	101.248	-18.8845	-0.0264203	199.825	211.096	0.946604
7476	0.00683243	0.314249	117.486	101.249	-18.8748	-0.0264203	199.834	211.095	0.946652
7477	0.00683332	0.314247	117.484	101.25	-18.866	-0.0264203	199.842	211.094	0.946696
7478	0.00683422	0.314246	117.483	101.251	-18.8582	-0.0264203	199.849	211.093	0.946734
7479	0.00683512	0.314244	117.481	101.252	-18.8516	-0.0264204	199.855	211.092	0.946767
7480	0.00683602	0.314243	117.48	101.253	-18.8463	-0.0264206	199.86	211.092	0.946794
7481	0.00683691	0.314241	117.478	101.254	-18.8424	-0.0264207	199.864	211.091	0.946815
7482	0.00683781	0.31424	117.477	101.255	-18.8399	-0.0264209	199.866	211.09	0.946828
7483	0.00683871	0.314239	117.475	101.256	-18.8389	-0.0264211	199.866	211.089	0.946834
7484	0.00683961	0.314237	117.474	101.257	-18.8395	-0.0264212	199.865	211.088	0.946833
7485	0.0068405	0.314236	117.472	101.258	-18.8417	-0.0264214	199.862	211.087	0.946825
7486	0.0068414	0.314234	117.47	101.259	-18.8455	-0.0264216	199.858	211.086	0.946809
7487	0.0068423	0.314233	117.469	101.26	-18.8508	-0.0264217	199.852	211.085	0.946785
7488	0.0068432	0.314231	117.467	101.261	-18.8579	-0.0264218	199.844	211.084	0.946754
7489	0.00684409	0.31423	117.466	101.262	-18.8673	-0.0264218	199.834	211.083	0.946711
7490	0.00684499	0.314228	117.464	101.263	-18.8859	-0.0264216	199.815	211.082	0.946624
7491	0.00684589	0.314227	117.463	101.264	-18.9018	-0.0264214	199.799	211.081	0.946551
7492	0.00684679	0.314225	117.461	101.265	-18.9152	-0.0264211	199.785	211.08	0.946489
7493	0.00684768	0.314224	117.46	101.266	-18.9266	-0.0264207	199.773	211.079	0.946437
7494	0.00684858	0.314223	117.458	101.267	-18.9359	-0.0264204	199.763	211.078	0.946395
7495	0.00684948	0.314221	117.457	101.268	-18.9436	-0.02642	199.755	211.077	0.94636
7496	0.00685038	0.31422	117.455	101.269	-18.9499	-0.0264197	199.748	211.076	0.946332
7497	0.00685127	0.314218	117.453	101.27	-18.9547	-0.0264193	199.743	211.075	0.946311
7498	0.00685217	0.314217	117.452	101.271	-18.9581	-0.0264189	199.739	211.074	0.946297
7499	0.00685307	0.314215	117.45	101.272	-18.9603	-0.0264185	199.736	211.073	0.946289
7500	0.00685397	0.314214	117.449	101.273	-18.9611	-0.0264182	199.734	211.072	0.946286
7501	0.00685486	0.314212	117.447	101.274	-18.9608	-0.0264179	199.734	211.071	0.94629
7502	0.00685576	0.314211	117.445	101.275	-18.9593	-0.0264176	199.735	211.07	0.946299
7503	0.00685666	0.314209	117.444	101.276	-18.9567	-0.0264174	199.737	211.069	0.946313
7504	0.00685756	0.314208	117.442	101.277	-18.9491	-0.0264173	199.744	211.068	0.946351
7505	0.00685845	0.314206	117.441	101.278	-18.9382	-0.0264172	199.755	211.067	0.946404
7506	0.00685935	0.314205	117.439	101.28	-18.9268	-0.0264172	199.765	211.066	0.94646
7507	0.00686025	0.314203	117.438	101.281	-18.9153	-0.0264171	199.776	211.065	0.946516
7508	0.00686115	0.314202	117.436	101.282	-18.9042	-0.026417	199.787	211.064	0.946571
7509	0.00686204	0.3142	117.434	101.283	-18.8934	-0.026417	199.797	211.063	0.946624
7510	0.00686294	0.314199	117.433	101.284	-18.8834	-0.026417	199.807	211.062	0.946673
7511	0.00686384	0.314197	117.431	101.285	-18.8742	-0.026417	199.815	211.061	0.946719
7512	0.00686474	0.314196	117.43	101.286	-18.8661	-0.0264171	199.823	211.06	0.946759
7513	0.00686563	0.314194	117.428	101.287	-18.8592	-0.0264172	199.829	211.059	0.946794
7514	0.00686653	0.314193	117.426	101.288	-18.8536	-0.0264173	199.834	211.058	0.946822
7515	0.00686743	0.314191	117.425	101.289	-18.8494	-0.0264174	199.838	211.057	0.946844
7516	0.00686833	0.31419	117.423	101.29	-18.8467	-0.0264176	199.84	211.056	0.946858
7517	0.00686922	0.314188	117.422	101.291	-18.8454	-0.0264178	199.841	211.055	0.946866
7518	0.00687012	0.314187	117.42	101.292	-18.8458	-0.026418	199.84	211.054	0.946867
7519	0.00687102	0.314185	117.418	101.293	-18.8477	-0.0264182	199.837	211.053	0.946859
7520	0.00687191	0.314183	117.417	101.294	-18.8512	-0.0264183	199.833	211.052	0.946845
7521	0.00687281	0.314182	117.415	101.295	-18.8562	-0.0264185	199.828	211.051	0.946823
7522	0.00687371	0.31418	117.413	101.296	-18.8629	-0.0264186	199.82	211.05	0.946793
7523	0.00687461	0.314179	117.412	101.297	-18.8718	-0.0264186	199.811	211.049	0.946753
7524	0.0068755	0.314177	117.41	101.298	-18.8877	-0.0264185	199.794	211.048	0.946679
7525	0.0068764	0.314176	117.409	101.299	-18.904	-0.0264183	199.777	211.046	0.946604
7526	0.0068773	0.314174	117.407	101.3	-18.9177	-0.026418	199.763	211.045	0.946541
7527	0.0068782	0.314173	117.405	101.301	-18.9292	-0.0264177	199.751	211.044	0.946488
7528	0.00687909	0.314171	117.404	101.302	-18.9387	-0.0264173	199.741	211.043	0.946445
7529	0.00687999	0.31417	117.402	101.303	-18.9464	-0.026417	199.733	211.042	0.946411
7530	0.00688089	0.314168	117.4	101.305	-18.9526	-0.0264166	199.726	211.041	0.946383
7531	0.00688179	0.314167	117.399	101.306	-18.9573	-0.0264163	199.721	211.04	0.946363
7532	0.00688269	0.314165	117.397	101.307	-18.9606	-0.0264159	199.717	211.039	0.946349
7533	0.00688358	0.314164	117.396	101.308	-18.9626	-0.0264155	199.714	211.038	0.946342
7534	0.00688448	0.314162	117.394	101.309	-18.9633	-0.0264152	199.713	211.037	0.94634
7535	0.00688538	0.31416	117.392	101.31	-18.9627	-0.0264149	199.713	211.036	0.946345
7536	0.00688628	0.314159	117.391	101.311	-18.961	-0.0264146	199.714	211.035	0.946355
7537	0.00688717	0.314157	117.389	101.312	-18.9582	-0.0264144	199.716	211.034	0.94637
7538	0.00688807	0.314156	117.388	101.313	-18.9507	-0.0264143	199.723	211.033	0.946407
7539	0.00688897	0.314154	117.386	101.314	-18.9395	-0.0264142	199.734	211.032	0.946462
7540	0.00688987	0.314153	117.384	101.315	-18.9277	-0.0264142	199.745	211.031	0.94652
7541	0.00689076	0.314151	117.383	101.316	-18.9159	-0.0264141	199.756	211.03	0.946578
7542	0.00689166	0.31415	117.381	101.317	-18.9043	-0.0264141	199.767	211.029	0.946635
7543	0.00689256	0.314148	117.379	101.318	-18.8932	-0.026414	199.778	211.028	0.94669
7544	0.00689346	0.314147	117.378	101.319	-18.8827	-0.026414	199.788	211.027	0.946741
7545	0.00689435	0.314145	117.376	101.32	-18.8731	-0.0264141	199.797	211.026	0.946789
7546	0.00689525	0.314144	117.375	101.321	-18.8645	-0.0264141	199.805	211.025	0.946831
7547	0.00689615	0.314142	117.373	101.322	-18.8571	-0.0264142	199.812	211.024	0.946868
7548	0.00689705	0.314141	117.371	101.323	-18.8511	-0.0264144	199.817	211.023	0.946899
7549	0.00689794	0.314139	117.37	101.324	-18.8464	-0.0264146	199.821	211.022	0.946922
7550	0.00689884	0.314138	117.368	101.325	-18.8433	-0.0264148	199.824	211.021	0.946939
7551	0.00689974	0.314136	117.366	101.326	-18.8416	-0.026415	199.825	211.02	0.946949
7552	0.00690063	0.314134	117.365	101.328	-18.8414	-0.0264152	199.825	211.019	0.946952
7553	0.00690153	0.314133	117.363	101.329	-18.8429	-0.0264154	199.823	211.018	0.946947
7554	0.00690243	0.314131	117.362	101.33	-18.8459	-0.0264156	199.819	211.017	0.946934
7555	0.00690333	0.31413	117.36	101.331	-18.8505	-0.0264157	199.814	211.016	0.946915
7556	0.00690422	0.314128	117.358	101.332	-18.8566	-0.0264159	199.807	211.015	0.946888
7557	0.00690512	0.314127	117.357	101.333	-18.8647	-0.0264159	199.798	211.014	0.946851
7558	0.00690602	0.314125	117.355	101.334	-18.8774	-0.0264159	199.785	211.013	0.946793
7559	0.00690692	0.314124	117.354	101.335	-18.8943	-0.0264157	199.768	211.012	0.946715
7560	0.00690781	0.314122	117.352	101.336	-18.9085	-0.0264155	199.753	211.011	0.946649
7561	0.00690871	0.314121	117.35	101.337	-18.9204	-0.0264152	199.741	211.01	0.946595
7562	0.00690961	0.314119	117.349	101.338	-18.9301	-0.0264148	199.73	211.008	0.946551
7563	0.00691051	0.314118	117.347	101.339	-18.9379	-0.0264145	199.722	211.007	0.946516
7564	0.0069114	0.314116	117.346	101.34	-18.9441	-0.0264142	199.715	211.006	0.946488
7565	0.0069123	0.314115	117.344	101.341	-18.9489	-0.0264138	199.71	211.005	0.946467
7566	0.0069132	0.314113	117.342	101.342	-18.9522	-0.0264135	199.706	211.004	0.946454
7567	0.0069141	0.314112	117.341	101.343	-18.9541	-0.0264131	199.703	211.003	0.946446
7568	0.006915	0.31411	117.339	101.344	-18.9548	-0.0264128	199.702	211.002	0.946445
7569	0.00691589	0.314109	117.338	101.345	-18.9541	-0.0264125	199.702	211.001	0.94645
7570	0.00691679	0.314107	117.336	101.346	-18.9523	-0.0264122	199.704	211	0.946461
7571	0.00691769	0.314106	117.334	101.347	-18.9493	-0.026412	199.706	210.999	0.946476
7572	0.00691859	0.314104	117.333	101.348	-18.943	-0.0264119	199.712	210.998	0.946508
7573	0.00691948	0.314103	117.331	101.349	-18.9318	-0.0264118	199.722	210.997	0.946563
7574	0.00692038	0.314101	117.33	101.35	-18.9197	-0.0264118	199.734	210.996	0.946623
7575	0.00692128	0.3141	117.328	101.351	-18.9075	-0.0264118	199.745	210.995	0.946682
7576	0.00692218	0.314098	117.326	101.352	-18.8955	-0.0264117	199.757	210.994	0.946741
7577	0.00692307	0.314097	117.325	101.353	-18.8839	-0.0264117	199.768	210.993	0.946798
7578	0.00692397	0.314095	117.323	101.354	-18.8729	-0.0264117	199.778	210.992	0.946852
7579	0.00692487	0.314094	117.322	101.355	-18.8628	-0.0264117	199.788	210.991	0.946902
7580	0.00692577	0.314092	117.32	101.356	-18.8537	-0.0264118	199.797	210.99	0.946947
7581	0.00692666	0.314091	117.319	101.357	-18.8458	-0.0264119	199.804	210.989	0.946986
7582	0.00692756	0.314089	117.317	101.359	-18.8392	-0.026412	199.81	210.988	0.947019
7583	0.00692846	0.314088	117.315	101.36	-18.8339	-0.0264122	199.815	210.987	0.947046
7584	0.00692936	0.314086	117.314	101.361	-18.8302	-0.0264124	199.818	210.986	0.947065
7585	0.00693025	0.314085	117.312	101.362	-18.8279	-0.0264126	199.819	210.985	0.947078
7586	0.00693115	0.314083	117.311	101.363	-18.8272	-0.0264128	199.82	210.984	0.947083
7587	0.00693205	0.314082	117.309	101.364	-18.8281	-0.026413	199.818	210.983	0.947081
7588	0.00693295	0.31408	117.308	101.365	-18.8305	-0.0264132	199.815	210.982	0.947071
7589	0.00693384	0.314079	117.306	101.366	-18.8345	-0.0264134	199.811	210.981	0.947054
7590	0.00693474	0.314077	117.304	101.367	-18.8399	-0.0264135	199.805	210.98	0.94703
7591	0.00693564	0.314076	117.303	101.368	-18.8472	-0.0264137	199.797	210.979	0.946997
7592	0.00693654	0.314074	117.301	101.369	-18.8577	-0.0264137	199.786	210.978	0.94695
7593	0.00693743	0.314073	117.3	101.37	-18.8751	-0.0264135	199.768	210.977	0.946869
7594	0.00693833	0.314071	117.298	101.371	-18.8897	-0.0264133	199.753	210.976	0.946802
7595	0.00693923	0.31407	117.297	101.372	-18.9018	-0.026413	199.74	210.975	0.946746
7596	0.00694013	0.314069	117.295	101.373	-18.9118	-0.0264127	199.73	210.974	0.9467
7597	0.00694102	0.314067	117.294	101.374	-18.9198	-0.0264124	199.721	210.973	0.946664
7598	0.00694192	0.314066	117.292	101.375	-18.9262	-0.026412	199.714	210.972	0.946636
7599	0.00694282	0.314064	117.291	101.376	-18.9311	-0.0264117	199.709	210.971	0.946615
7600	0.00694372	0.314063	117.289	101.377	-18.9345	-0.0264113	199.705	210.97	0.9466
7601	0.00694461	0.314061	117.288	101.378	-18.9365	-0.026411	199.702	210.97	0.946592
7602	0.00694551	0.31406	117.286	101.379	-18.9372	-0.0264107	199.701	210.969	0.946591
7603	0.00694641	0.314058	117.284	101.379	-18.9366	-0.0264104	199.701	210.968	0.946595
7604	0.00694731	0.314057	117.283	101.38	-18.9349	-0.0264101	199.702	210.967	0.946606
7605	0.0069482	0.314055	117.281	101.381	-18.932	-0.0264098	199.705	210.966	0.946621
7606	0.0069491	0.314054	117.28	101.382	-18.928	-0.0264096	199.708	210.965	0.946642
7607	0.00695	0.314053	117.278	101.383	-18.9179	-0.0264096	199.718	210.964	0.946691
7608	0.0069509	0.314051	117.277	101.384	-18.9056	-0.0264096	199.729	210.963	0.946751
7609	0.0069518	0.31405	117.275	101.385	-18.8931	-0.0264096	199.741	210.962	0.946812
7610	0.00695269	0.314048	117.274	101.386	-18.8807	-0.0264095	199.753	210.961	0.946873
7611	0.00695359	0.314047	117.273	101.387	-18.8687	-0.0264095	199.765	210.96	0.946932
7612	0.00695449	0.314046	117.271	101.388	-18.8572	-0.0264095	199.776	210.959	0.946988
7613	0.00695539	0.314044	117.27	101.389	-18.8465	-0.0264095	199.786	210.958	0.94704
7614	0.00695628	0.314043	117.268	101.39	-18.8368	-0.0264095	199.795	210.957	0.947088
7615	0.00695718	0.314041	117.267	101.391	-18.8283	-0.0264096	199.803	210.956	0.94713
7616	0.00695808	0.31404	117.265	101.392	-18.821	-0.0264098	199.81	210.955	0.947166
7617	0.00695898	0.314039	117.264	101.393	-18.8151	-0.0264099	199.815	210.954	0.947196
7618	0.00695987	0.314037	117.262	101.394	-18.8106	-0.0264101	199.819	210.953	0.947219
7619	0.00696077	0.314036	117.261	101.395	-18.8077	-0.0264103	199.822	210.953	0.947235
7620	0.00696167	0.314035	117.259	101.396	-18.8062	-0.0264106	199.823	210.952	0.947243
7621	0.00696257	0.314033	117.258	101.397	-18.8063	-0.0264108	199.822	210.951	0.947244
7622	0.00696346	0.314032	117.257	101.398	-18.808	-0.026411	199.82	210.95	0.947238
7623	0.00696436	0.314031	117.255	101.398	-18.8112	-0.0264112	199.816	210.949	0.947224
7624	0.00696526	0.314029	117.254	101.399	-18.816	-0.0264114	199.811	210.948	0.947204
7625	0.00696616	0.314028	117.252	101.4	-18.8224	-0.0264115	199.804	210.947	0.947175
7626	0.00696705	0.314027	117.251	101.401	-18.831	-0.0264116	199.795	210.946	0.947136
7627	0.00696795	0.314025	117.25	101.402	-18.8471	-0.0264115	199.778	210.945	0.947061
7628	0.00696885	0.314024	117.248	101.403	-18.8626	-0.0264113	199.762	210.944	0.946989
7629	0.00696975	0.314023	117.247	101.404	-18.8756	-0.0264111	199.749	210.943	0.946929
7630	0.00697064	0.314021	117.245	101.405	-18.8863	-0.0264108	199.737	210.943	0.94688
7631	0.00697154	0.31402	117.244	101.406	-18.8949	-0.0264105	199.728	210.942	0.946841
7632	0.00697244	0.314019	117.243	101.407	-18.9018	-0.0264102	199.721	210.941	0.94681
7633	0.00697334	0.314017	117.241	101.407	-18.9072	-0.0264099	199.715	210.94	0.946786
7634	0.00697423	0.314016	117.24	101.408	-18.911	-0.0264096	199.711	210.939	0.94677
7635	0.00697513	0.314015	117.238	101.409	-18.9135	-0.0264092	199.708	210.938	0.94676
7636	0.00697603	0.314013	117.237	101.41	-18.9146	-0.0264089	199.706	210.937	0.946756
7637	0.00697693	0.314012	117.236	101.411	-18.9144	-0.0264086	199.706	210.936	0.946758
7638	0.00697783	0.314011	117.234	101.412	-18.913	-0.0264083	199.707	210.936	0.946767
7639	0.00697872	0.314009	117.233	101.413	-18.9104	-0.0264081	199.709	210.935	0.946781
7640	0.00697962	0.314008	117.232	101.414	-18.9067	-0.0264079	199.712	210.934	0.9468
7641	0.00698052	0.314007	117.23	101.414	-18.8981	-0.0264078	199.72	210.933	0.946842
7642	0.00698142	0.314006	117.229	101.415	-18.8861	-0.0264078	199.732	210.932	0.946901
7643	0.00698231	0.314004	117.228	101.416	-18.8735	-0.0264078	199.744	210.931	0.946962
7644	0.00698321	0.314003	117.226	101.417	-18.8611	-0.0264078	199.756	210.93	0.947022
7645	0.00698411	0.314002	117.225	101.418	-18.8489	-0.0264078	199.768	210.93	0.947082
7646	0.00698501	0.314001	117.224	101.419	-18.8372	-0.0264077	199.779	210.929	0.947139
7647	0.0069859	0.313999	117.222	101.42	-18.8262	-0.0264078	199.789	210.928	0.947192
7648	0.0069868	0.313998	117.221	101.42	-18.8162	-0.0264078	199.799	210.927	0.947241
7649	0.0069877	0.313997	117.22	101.421	-18.8072	-0.026408	199.807	210.926	0.947285
7650	0.0069886	0.313996	117.219	101.422	-18.7995	-0.0264081	199.815	210.926	0.947323
7651	0.00698949	0.313995	117.217	101.423	-18.7932	-0.0264083	199.821	210.925	0.947355
7652	0.00699039	0.313993	117.216	101.424	-18.7883	-0.0264085	199.825	210.924	0.94738
7653	0.00699129	0.313992	117.215	101.425	-18.7849	-0.0264087	199.828	210.923	0.947397
7654	0.00699219	0.313991	117.213	101.425	-18.783	-0.026409	199.829	210.922	0.947408
7655	0.00699308	0.31399	117.212	101.426	-18.7826	-0.0264092	199.829	210.921	0.947411
7656	0.00699398	0.313989	117.211	101.427	-18.7839	-0.0264095	199.828	210.921	0.947407
7657	0.00699488	0.313987	117.21	101.428	-18.7867	-0.0264097	199.824	210.92	0.947395
7658	0.00699578	0.313986	117.209	101.429	-18.7911	-0.0264099	199.82	210.919	0.947375
7659	0.00699667	0.313985	117.207	101.429	-18.7971	-0.0264101	199.813	210.918	0.947348
7660	0.00699757	0.313984	117.206	101.43	-18.8053	-0.0264102	199.805	210.918	0.947311
7661	0.00699847	0.313983	117.205	101.431	-18.8202	-0.0264101	199.789	210.917	0.947241
7662	0.00699937	0.313982	117.204	101.432	-18.836	-0.02641	199.773	210.916	0.947168
7663	0.00700027	0.313981	117.203	101.432	-18.8492	-0.0264097	199.759	210.915	0.947107
7664	0.00700116	0.313979	117.201	101.433	-18.8601	-0.0264095	199.748	210.915	0.947056
7665	0.00700206	0.313978	117.2	101.434	-18.869	-0.0264092	199.739	210.914	0.947016
7666	0.00700296	0.313977	117.199	101.435	-18.8761	-0.0264089	199.731	210.913	0.946983
7667	0.00700386	0.313976	117.198	101.435	-18.8817	-0.0264086	199.725	210.912	0.946958
7668	0.00700475	0.313975	117.197	101.436	-18.8858	-0.0264083	199.721	210.912	0.94694
7669	0.00700565	0.313974	117.196	101.437	-18.8884	-0.026408	199.718	210.911	0.946929
7670	0.00700655	0.313973	117.195	101.438	-18.8898	-0.0264077	199.716	210.91	0.946924
7671	0.00700745	0.313972	117.193	101.438	-18.8899	-0.0264074	199.715	210.909	0.946925
7672	0.00700835	0.313971	117.192	101.439	-18.8887	-0.0264071	199.716	210.909	0.946932
7673	0.00700924	0.31397	117.191	101.44	-18.8863	-0.0264069	199.718	210.908	0.946944
7674	0.00701014	0.313969	117.19	101.44	-18.8829	-0.0264067	199.721	210.907	0.946962
7675	0.00701104	0.313968	117.189	101.441	-18.8762	-0.0264066	199.728	210.907	0.946995
7676	0.00701194	0.313967	117.188	101.442	-18.8646	-0.0264067	199.739	210.906	0.947051
7677	0.00701283	0.313966	117.187	101.442	-18.8521	-0.0264067	199.751	210.905	0.947111
7678	0.00701373	0.313965	117.186	101.443	-18.8397	-0.0264067	199.763	210.905	0.947172
7679	0.00701463	0.313964	117.185	101.444	-18.8274	-0.0264067	199.775	210.904	0.947231
7680	0.00701553	0.313963	117.184	101.444	-18.8157	-0.0264067	199.786	210.903	0.947288
7681	0.00701642	0.313962	117.183	101.445	-18.8046	-0.0264067	199.797	210.903	0.947342
7682	0.00701732	0.313961	117.182	101.446	-18.7943	-0.0264068	199.807	210.902	0.947392
7683	0.00701822	0.31396	117.181	101.446	-18.7852	-0.0264069	199.816	210.901	0.947436
7684	0.00701912	0.313959	117.18	101.447	-18.7772	-0.0264071	199.823	210.901	0.947475
7685	0.00702002	0.313958	117.179	101.448	-18.7706	-0.0264072	199.83	210.9	0.947508
7686	0.00702091	0.313957	117.178	101.448	-18.7654	-0.0264075	199.834	210.9	0.947534
7687	0.00702181	0.313956	117.177	101.449	-18.7616	-0.0264077	199.838	210.899	0.947552
7688	0.00702271	0.313955	117.176	101.449	-18.7594	-0.026408	199.84	210.898	0.947564
7689	0.00702361	0.313954	117.175	101.45	-18.7587	-0.0264082	199.84	210.898	0.947569
7690	0.0070245	0.313953	117.174	101.451	-18.7596	-0.0264085	199.839	210.897	0.947565
7691	0.0070254	0.313953	117.173	101.451	-18.7622	-0.0264088	199.836	210.897	0.947554
7692	0.0070263	0.313952	117.172	101.452	-18.7663	-0.026409	199.832	210.896	0.947536
7693	0.0070272	0.313951	117.172	101.452	-18.7721	-0.0264092	199.825	210.895	0.947509
7694	0.00702809	0.31395	117.171	101.453	-18.7801	-0.0264093	199.817	210.895	0.947473
7695	0.00702899	0.313949	117.17	101.453	-18.7944	-0.0264093	199.802	210.894	0.947406
7696	0.00702989	0.313948	117.169	101.454	-18.8104	-0.0264092	199.786	210.894	0.947331
7697	0.00703079	0.313948	117.168	101.455	-18.8238	-0.026409	199.772	210.893	0.947268
7698	0.00703168	0.313947	117.167	101.455	-18.8349	-0.0264088	199.761	210.893	0.947216
7699	0.00703258	0.313946	117.166	101.456	-18.844	-0.0264085	199.752	210.892	0.947174
7700	0.00703348	0.313945	117.166	101.456	-18.8513	-0.0264082	199.744	210.892	0.947141
7701	0.00703438	0.313945	117.165	101.457	-18.8571	-0.026408	199.738	210.891	0.947114
7702	0.00703528	0.313944	117.164	101.457	-18.8614	-0.0264077	199.733	210.891	0.947095
7703	0.00703617	0.313943	117.163	101.458	-18.8643	-0.0264074	199.73	210.89	0.947082
7704	0.00703707	0.313942	117.163	101.458	-18.8659	-0.0264071	199.728	210.89	0.947075
7705	0.00703797	0.313942	117.162	101.459	-18.8662	-0.0264068	199.728	210.889	0.947075
7706	0.00703887	0.313941	117.161	101.459	-18.8653	-0.0264066	199.728	210.889	0.94708
7707	0.00703977	0.31394	117.16	101.46	-18.8632	-0.0264064	199.73	210.888	0.947091
7708	0.00704066	0.31394	117.16	101.46	-18.86	-0.0264062	199.733	210.888	0.947107
7709	0.00704156	0.313939	117.159	101.46	-18.8558	-0.0264061	199.737	210.887	0.947128
7710	0.00704246	0.313938	117.158	101.461	-18.8457	-0.0264061	199.747	210.887	0.947176
7711	0.00704336	0.313938	117.157	101.461	-18.8333	-0.0264062	199.759	210.886	0.947236
7712	0.00704425	0.313937	117.157	101.462	-18.8208	-0.0264062	199.771	210.886	0.947296
7713	0.00704515	0.313936	117.156	101.462	-18.8085	-0.0264062	199.783	210.886	0.947355
7714	0.00704605	0.313936	117.155	101.463	-18.7966	-0.0264062	199.795	210.885	0.947412
7715	0.00704695	0.313935	117.155	101.463	-18.7853	-0.0264063	199.806	210.885	0.947467
7716	0.00704784	0.313934	117.154	101.464	-18.7748	-0.0264064	199.816	210.884	0.947517
7717	0.00704874	0.313934	117.153	101.464	-18.7654	-0.0264065	199.826	210.884	0.947563
7718	0.00704964	0.313933	117.153	101.464	-18.7571	-0.0264067	199.834	210.883	0.947603
7719	0.00705054	0.313932	117.152	101.465	-18.7501	-0.0264069	199.841	210.883	0.947637
7720	0.00705144	0.313932	117.152	101.465	-18.7445	-0.0264071	199.846	210.883	0.947664
7721	0.00705233	0.313931	117.151	101.466	-18.7403	-0.0264073	199.85	210.882	0.947684
7722	0.00705323	0.313931	117.15	101.466	-18.7377	-0.0264076	199.852	210.882	0.947698
7723	0.00705413	0.31393	117.15	101.466	-18.7365	-0.0264079	199.853	210.881	0.947704
7724	0.00705503	0.31393	117.149	101.467	-18.737	-0.0264082	199.853	210.881	0.947702
7725	0.00705592	0.313929	117.149	101.467	-18.7391	-0.0264085	199.85	210.881	0.947693
7726	0.00705682	0.313929	117.148	101.467	-18.7428	-0.0264087	199.846	210.88	0.947676
7727	0.00705772	0.313928	117.148	101.468	-18.7481	-0.026409	199.841	210.88	0.947652
7728	0.00705862	0.313927	117.147	101.468	-18.7554	-0.0264092	199.833	210.88	0.947618
7729	0.00705951	0.313927	117.146	101.469	-18.767	-0.0264093	199.821	210.879	0.947563
7730	0.00706041	0.313926	117.146	101.469	-18.7839	-0.0264092	199.804	210.879	0.947484
7731	0.00706131	0.313926	117.145	101.469	-18.7982	-0.026409	199.79	210.879	0.947417
7732	0.00706221	0.313925	117.145	101.47	-18.8101	-0.0264088	199.778	210.878	0.947361
7733	0.00706311	0.313925	117.144	101.47	-18.82	-0.0264086	199.768	210.878	0.947315
7734	0.007064	0.313924	117.144	101.47	-18.8279	-0.0264084	199.76	210.878	0.947278
7735	0.0070649	0.313924	117.143	101.471	-18.8344	-0.0264081	199.753	210.877	0.947248
7736	0.0070658	0.313923	117.143	101.471	-18.8393	-0.0264078	199.748	210.877	0.947225
7737	0.0070667	0.313923	117.142	101.471	-18.8428	-0.0264076	199.744	210.877	0.947209
7738	0.0070676	0.313923	117.142	101.471	-18.845	-0.0264073	199.742	210.876	0.947199
7739	0.00706849	0.313922	117.141	101.472	-18.8459	-0.026407	199.741	210.876	0.947195
7740	0.00706939	0.313922	117.141	101.472	-18.8456	-0.0264068	199.741	210.876	0.947197
7741	0.00707029	0.313921	117.14	101.472	-18.8441	-0.0264066	199.742	210.875	0.947205
7742	0.00707119	0.313921	117.14	101.473	-18.8414	-0.0264064	199.745	210.875	0.947218
7743	0.00707208	0.31392	117.14	101.473	-18.8378	-0.0264063	199.748	210.875	0.947236
7744	0.00707298	0.31392	117.139	101.473	-18.83	-0.0264063	199.756	210.875	0.947274
7745	0.00707388	0.313919	117.139	101.474	-18.8182	-0.0264064	199.768	210.874	0.94733
7746	0.00707478	0.313919	117.138	101.474	-18.806	-0.0264064	199.78	210.874	0.947388
7747	0.00707568	0.313919	117.138	101.474	-18.7939	-0.0264065	199.792	210.874	0.947446
7748	0.00707657	0.313918	117.137	101.474	-18.7822	-0.0264065	199.803	210.873	0.947502
7749	0.00707747	0.313918	117.137	101.475	-18.7709	-0.0264066	199.814	210.873	0.947556
7750	0.00707837	0.313917	117.137	101.475	-18.7605	-0.0264067	199.825	210.873	0.947606
7751	0.00707927	0.313917	117.136	101.475	-18.751	-0.0264068	199.834	210.873	0.947652
7752	0.00708016	0.313917	117.136	101.475	-18.7426	-0.026407	199.842	210.872	0.947692
7753	0.00708106	0.313916	117.135	101.476	-18.7354	-0.0264072	199.849	210.872	0.947726
7754	0.00708196	0.313916	117.135	101.476	-18.7297	-0.0264074	199.855	210.872	0.947754
7755	0.00708286	0.313916	117.135	101.476	-18.7253	-0.0264077	199.859	210.872	0.947775
7756	0.00708375	0.313915	117.134	101.476	-18.7225	-0.0264079	199.862	210.871	0.947789
7757	0.00708465	0.313915	117.134	101.477	-18.7211	-0.0264082	199.863	210.871	0.947796
7758	0.00708555	0.313915	117.133	101.477	-18.7213	-0.0264086	199.863	210.871	0.947796
7759	0.00708645	0.313914	117.133	101.477	-18.7232	-0.0264088	199.861	210.871	0.947787
7760	0.00708735	0.313914	117.133	101.477	-18.7266	-0.0264091	199.857	210.871	0.947771
7761	0.00708824	0.313914	117.132	101.478	-18.7318	-0.0264094	199.852	210.87	0.947747
7762	0.00708914	0.313913	117.132	101.478	-18.739	-0.0264096	199.844	210.87	0.947714
7763	0.00709004	0.313913	117.132	101.478	-18.75	-0.0264097	199.833	210.87	0.947661
7764	0.00709094	0.313913	117.131	101.478	-18.7672	-0.0264097	199.816	210.87	0.94758
7765	0.00709183	0.313912	117.131	101.478	-18.7818	-0.0264095	199.801	210.869	0.947512
7766	0.00709273	0.313912	117.131	101.479	-18.7941	-0.0264093	199.789	210.869	0.947454
7767	0.00709363	0.313912	117.13	101.479	-18.8044	-0.0264091	199.778	210.869	0.947405
7768	0.00709453	0.313911	117.13	101.479	-18.8127	-0.0264089	199.77	210.869	0.947366
7769	0.00709543	0.313911	117.13	101.479	-18.8195	-0.0264087	199.763	210.869	0.947334
7770	0.00709632	0.313911	117.129	101.479	-18.8249	-0.0264084	199.758	210.868	0.947309
7771	0.00709722	0.31391	117.129	101.48	-18.8288	-0.0264081	199.754	210.868	0.947291
7772	0.00709812	0.31391	117.129	101.48	-18.8315	-0.0264079	199.751	210.868	0.947279
7773	0.00709902	0.31391	117.129	101.48	-18.8328	-0.0264076	199.749	210.868	0.947273
7774	0.00709992	0.31391	117.128	101.48	-18.833	-0.0264074	199.749	210.868	0.947272
7775	0.00710081	0.313909	117.128	101.48	-18.8319	-0.0264072	199.75	210.867	0.947278
7776	0.00710171	0.313909	117.128	101.481	-18.8298	-0.026407	199.752	210.867	0.947288
7777	0.00710261	0.313909	117.127	101.481	-18.8266	-0.0264069	199.755	210.867	0.947304
7778	0.00710351	0.313908	117.127	101.481	-18.8212	-0.0264069	199.76	210.867	0.94733
7779	0.0071044	0.313908	117.127	101.481	-18.8103	-0.026407	199.771	210.867	0.947382
7780	0.0071053	0.313908	117.126	101.481	-18.7984	-0.0264071	199.783	210.866	0.947438
7781	0.0071062	0.313907	117.126	101.482	-18.7865	-0.0264071	199.795	210.866	0.947495
7782	0.0071071	0.313907	117.126	101.482	-18.7749	-0.0264072	199.806	210.866	0.947551
7783	0.007108	0.313907	117.125	101.482	-18.7638	-0.0264072	199.817	210.866	0.947604
7784	0.00710889	0.313907	117.125	101.482	-18.7534	-0.0264073	199.828	210.866	0.947653
7785	0.00710979	0.313906	117.125	101.482	-18.7439	-0.0264074	199.837	210.865	0.947699
7786	0.00711069	0.313906	117.125	101.483	-18.7354	-0.0264076	199.845	210.865	0.947739
7787	0.00711159	0.313906	117.124	101.483	-18.7281	-0.0264078	199.852	210.865	0.947774
7788	0.00711248	0.313905	117.124	101.483	-18.7222	-0.026408	199.858	210.865	0.947803
7789	0.00711338	0.313905	117.124	101.483	-18.7177	-0.0264083	199.863	210.865	0.947824
7790	0.00711428	0.313905	117.123	101.483	-18.7146	-0.0264086	199.866	210.865	0.947839
7791	0.00711518	0.313905	117.123	101.484	-18.7131	-0.0264089	199.867	210.864	0.947847
7792	0.00711607	0.313904	117.123	101.484	-18.713	-0.0264092	199.867	210.864	0.947848
7793	0.00711697	0.313904	117.123	101.484	-18.7146	-0.0264095	199.865	210.864	0.94784
7794	0.00711787	0.313904	117.122	101.484	-18.7178	-0.0264098	199.862	210.864	0.947825
7795	0.00711877	0.313904	117.122	101.484	-18.7227	-0.02641	199.857	210.864	0.947802
7796	0.00711967	0.313903	117.122	101.484	-18.7296	-0.0264103	199.85	210.863	0.94777
7797	0.00712056	0.313903	117.122	101.485	-18.7396	-0.0264104	199.84	210.863	0.947723
7798	0.00712146	0.313903	117.121	101.485	-18.7573	-0.0264104	199.822	210.863	0.94764
7799	0.00712236	0.313903	117.121	101.485	-18.7723	-0.0264102	199.807	210.863	0.947568
7800	0.00712326	0.313902	117.121	101.485	-18.7851	-0.0264101	199.794	210.863	0.947508
7801	0.00712415	0.313902	117.121	101.485	-18.7959	-0.0264099	199.783	210.863	0.947457
7802	0.00712505	0.313902	117.12	101.485	-18.8047	-0.0264096	199.775	210.863	0.947416
7803	0.00712595	0.313902	117.12	101.485	-18.812	-0.0264094	199.767	210.862	0.947382
7804	0.00712685	0.313902	117.12	101.486	-18.8178	-0.0264092	199.761	210.862	0.947354
7805	0.00712775	0.313901	117.12	101.486	-18.8223	-0.0264089	199.757	210.862	0.947333
7806	0.00712864	0.313901	117.12	101.486	-18.8254	-0.0264086	199.754	210.862	0.947318
7807	0.00712954	0.313901	117.119	101.486	-18.8273	-0.0264084	199.752	210.862	0.94731
7808	0.00713044	0.313901	117.119	101.486	-18.8279	-0.0264081	199.751	210.862	0.947307
7809	0.00713134	0.313901	117.119	101.486	-18.8274	-0.0264079	199.751	210.862	0.94731
7810	0.00713224	0.313901	117.119	101.486	-18.8257	-0.0264078	199.753	210.862	0.947318
7811	0.00713313	0.3139	117.119	101.486	-18.823	-0.0264076	199.756	210.861	0.947331
7812	0.00713403	0.3139	117.118	101.486	-18.8193	-0.0264075	199.759	210.861	0.947349
7813	0.00713493	0.3139	117.118	101.487	-18.81	-0.0264076	199.769	210.861	0.947393
7814	0.00713583	0.3139	117.118	101.487	-18.7984	-0.0264077	199.78	210.861	0.947448
7815	0.00713672	0.3139	117.118	101.487	-18.7868	-0.0264078	199.792	210.861	0.947504
7816	0.00713762	0.3139	117.118	101.487	-18.7753	-0.0264078	199.803	210.861	0.947558
7817	0.00713852	0.313899	117.118	101.487	-18.7643	-0.0264079	199.814	210.861	0.947611
7818	0.00713942	0.313899	117.118	101.487	-18.7539	-0.026408	199.824	210.861	0.94766
7819	0.00714032	0.313899	117.117	101.487	-18.7444	-0.0264081	199.834	210.861	0.947705
7820	0.00714121	0.313899	117.117	101.487	-18.7359	-0.0264082	199.842	210.861	0.947746
7821	0.00714211	0.313899	117.117	101.487	-18.7285	-0.0264084	199.85	210.86	0.947781
7822	0.00714301	0.313899	117.117	101.487	-18.7225	-0.0264086	199.856	210.86	0.94781
7823	0.00714391	0.313899	117.117	101.488	-18.7178	-0.0264089	199.86	210.86	0.947832
7824	0.0071448	0.313899	117.117	101.488	-18.7146	-0.0264091	199.863	210.86	0.947848
7825	0.0071457	0.313898	117.117	101.488	-18.7128	-0.0264094	199.865	210.86	0.947856
7826	0.0071466	0.313898	117.117	101.488	-18.7125	-0.0264097	199.865	210.86	0.947858
7827	0.0071475	0.313898	117.116	101.488	-18.7138	-0.02641	199.864	210.86	0.947851
7828	0.00714839	0.313898	117.116	101.488	-18.7168	-0.0264103	199.861	210.86	0.947838
7829	0.00714929	0.313898	117.116	101.488	-18.7214	-0.0264106	199.856	210.86	0.947816
7830	0.00715019	0.313898	117.116	101.488	-18.7278	-0.0264108	199.85	210.86	0.947786
7831	0.00715109	0.313898	117.116	101.488	-18.7368	-0.026411	199.841	210.86	0.947743
7832	0.00715199	0.313898	117.116	101.488	-18.755	-0.026411	199.823	210.86	0.947657
7833	0.00715288	0.313898	117.116	101.488	-18.7707	-0.0264109	199.807	210.86	0.947583
7834	0.00715378	0.313897	117.116	101.488	-18.784	-0.0264107	199.794	210.86	0.94752
7835	0.00715468	0.313897	117.116	101.488	-18.7953	-0.0264105	199.782	210.859	0.947466
7836	0.00715558	0.313897	117.115	101.488	-18.8047	-0.0264103	199.773	210.859	0.947422
7837	0.00715647	0.313897	117.115	101.488	-18.8124	-0.02641	199.765	210.859	0.947385
7838	0.00715737	0.313897	117.115	101.489	-18.8188	-0.0264098	199.759	210.859	0.947355
7839	0.00715827	0.313897	117.115	101.489	-18.8238	-0.0264095	199.754	210.859	0.947331
7840	0.00715917	0.313897	117.115	101.489	-18.8275	-0.0264093	199.75	210.859	0.947314
7841	0.00716007	0.313897	117.115	101.489	-18.8298	-0.026409	199.747	210.859	0.947303
7842	0.00716096	0.313897	117.115	101.489	-18.831	-0.0264087	199.746	210.859	0.947298
7843	0.00716186	0.313897	117.115	101.489	-18.8309	-0.0264085	199.746	210.859	0.947298
7844	0.00716276	0.313897	117.115	101.489	-18.8298	-0.0264083	199.747	210.859	0.947304
7845	0.00716366	0.313896	117.115	101.489	-18.8275	-0.0264082	199.75	210.859	0.947314
7846	0.00716456	0.313896	117.115	101.489	-18.8243	-0.0264081	199.753	210.859	0.94733
7847	0.00716545	0.313896	117.114	101.489	-18.8158	-0.0264081	199.761	210.859	0.94737
7848	0.00716635	0.313896	117.114	101.489	-18.8047	-0.0264082	199.772	210.859	0.947423
7849	0.00716725	0.313896	117.114	101.489	-18.7933	-0.0264083	199.784	210.859	0.947477
7850	0.00716815	0.313896	117.114	101.489	-18.7822	-0.0264083	199.795	210.859	0.94753
7851	0.00716904	0.313896	117.114	101.489	-18.7714	-0.0264084	199.806	210.859	0.947581
7852	0.00716994	0.313896	117.114	101.489	-18.7613	-0.0264084	199.816	210.858	0.947629
7853	0.00717084	0.313896	117.114	101.489	-18.7519	-0.0264085	199.825	210.858	0.947674
7854	0.00717174	0.313896	117.114	101.489	-18.7435	-0.0264087	199.833	210.858	0.947714
7855	0.00717264	0.313896	117.114	101.489	-18.7363	-0.0264088	199.841	210.858	0.947748
7856	0.00717353	0.313896	117.114	101.49	-18.7303	-0.026409	199.847	210.858	0.947777
7857	0.00717443	0.313896	117.114	101.49	-18.7257	-0.0264093	199.851	210.858	0.947799
7858	0.00717533	0.313895	117.114	101.49	-18.7225	-0.0264096	199.854	210.858	0.947814
7859	0.00717623	0.313895	117.113	101.49	-18.7208	-0.0264098	199.856	210.858	0.947822
7860	0.00717712	0.313895	117.113	101.49	-18.7205	-0.0264101	199.856	210.858	0.947823
7861	0.00717802	0.313895	117.113	101.49	-18.7219	-0.0264104	199.855	210.858	0.947817
7862	0.00717892	0.313895	117.113	101.49	-18.7249	-0.0264107	199.852	210.858	0.947803
7863	0.00717982	0.313895	117.113	101.49	-18.7295	-0.026411	199.847	210.858	0.947781
7864	0.00718071	0.313895	117.113	101.49	-18.7359	-0.0264112	199.841	210.858	0.947751
7865	0.00718161	0.313895	117.113	101.49	-18.7447	-0.0264114	199.832	210.858	0.947709
7866	0.00718251	0.313895	117.113	101.49	-18.7615	-0.0264114	199.815	210.858	0.94763
7867	0.00718341	0.313895	117.113	101.49	-18.7778	-0.0264112	199.799	210.858	0.947552
7868	0.00718431	0.313895	117.113	101.49	-18.7917	-0.0264111	199.785	210.858	0.947486
7869	0.0071852	0.313895	117.113	101.49	-18.8035	-0.0264108	199.773	210.858	0.94743
7870	0.0071861	0.313895	117.113	101.49	-18.8134	-0.0264106	199.763	210.858	0.947383
7871	0.007187	0.313895	117.113	101.49	-18.8217	-0.0264104	199.755	210.858	0.947344
7872	0.0071879	0.313895	117.113	101.49	-18.8285	-0.0264101	199.748	210.858	0.947312
7873	0.00718879	0.313895	117.113	101.49	-18.834	-0.0264098	199.742	210.858	0.947286
7874	0.00718969	0.313894	117.113	101.49	-18.8381	-0.0264095	199.738	210.858	0.947267
7875	0.00719059	0.313894	117.112	101.49	-18.8409	-0.0264093	199.736	210.857	0.947254
7876	0.00719149	0.313894	117.112	101.49	-18.8425	-0.026409	199.734	210.857	0.947246
7877	0.00719239	0.313894	117.112	101.49	-18.8429	-0.0264088	199.733	210.857	0.947244
7878	0.00719328	0.313894	117.112	101.49	-18.8421	-0.0264086	199.734	210.857	0.947248
7879	0.00719418	0.313894	117.112	101.491	-18.8403	-0.0264084	199.736	210.857	0.947257
7880	0.00719508	0.313894	117.112	101.491	-18.8375	-0.0264083	199.739	210.857	0.94727
7881	0.00719598	0.313894	117.112	101.491	-18.8298	-0.0264083	199.746	210.857	0.947307
7882	0.00719687	0.313894	117.112	101.491	-18.819	-0.0264084	199.757	210.857	0.947358
7883	0.00719777	0.313894	117.112	101.491	-18.808	-0.0264084	199.768	210.857	0.94741
7884	0.00719867	0.313894	117.112	101.491	-18.7971	-0.0264084	199.779	210.857	0.947462
7885	0.00719957	0.313894	117.112	101.491	-18.7865	-0.0264085	199.79	210.857	0.947512
7886	0.00720047	0.313894	117.112	101.491	-18.7765	-0.0264085	199.8	210.857	0.94756
7887	0.00720136	0.313894	117.112	101.491	-18.7673	-0.0264086	199.809	210.857	0.947603
7888	0.00720226	0.313894	117.112	101.491	-18.759	-0.0264087	199.817	210.857	0.947643
7889	0.00720316	0.313894	117.112	101.491	-18.7518	-0.0264089	199.824	210.857	0.947677
7890	0.00720406	0.313894	117.112	101.491	-18.7459	-0.026409	199.83	210.857	0.947705
7891	0.00720495	0.313894	117.112	101.491	-18.7413	-0.0264093	199.835	210.857	0.947727
7892	0.00720585	0.313894	117.111	101.491	-18.7381	-0.0264095	199.838	210.857	0.947742
7893	0.00720675	0.313893	117.111	101.491	-18.7363	-0.0264098	199.84	210.857	0.947751
7894	0.00720765	0.313893	117.111	101.491	-18.7361	-0.0264101	199.84	210.857	0.947752
7895	0.00720854	0.313893	117.111	101.491	-18.7374	-0.0264103	199.839	210.857	0.947746
7896	0.00720944	0.313893	117.111	101.491	-18.7404	-0.0264106	199.836	210.857	0.947732
7897	0.00721034	0.313893	117.111	101.491	-18.7449	-0.0264108	199.831	210.857	0.94771
7898	0.00721124	0.313893	117.111	101.491	-18.7512	-0.0264111	199.825	210.857	0.947681
7899	0.00721213	0.313893	117.111	101.491	-18.7597	-0.0264112	199.816	210.857	0.94764
7900	0.00721303	0.313893	117.111	101.491	-18.774	-0.0264113	199.802	210.856	0.947573
7901	0.00721393	0.313893	117.111	101.491	-18.7911	-0.0264111	199.785	210.856	0.947492
7902	0.00721483	0.313893	117.111	101.491	-18.8058	-0.0264109	199.77	210.856	0.947422
7903	0.00721573	0.313893	117.111	101.492	-18.8183	-0.0264107	199.757	210.856	0.947363
7904	0.00721662	0.313893	117.111	101.492	-18.8288	-0.0264105	199.747	210.856	0.947313
7905	0.00721752	0.313893	117.11	101.492	-18.8375	-0.0264102	199.738	210.856	0.947272
7906	0.00721842	0.313892	117.11	101.492	-18.8448	-0.0264099	199.731	210.856	0.947238
7907	0.00721932	0.313892	117.11	101.492	-18.8506	-0.0264096	199.725	210.856	0.94721
7908	0.00722021	0.313892	117.11	101.492	-18.8551	-0.0264093	199.72	210.856	0.947189
7909	0.00722111	0.313892	117.11	101.492	-18.8583	-0.026409	199.717	210.856	0.947174
7910	0.00722201	0.313892	117.11	101.492	-18.8603	-0.0264088	199.715	210.856	0.947165
7911	0.00722291	0.313892	117.11	101.492	-18.861	-0.0264085	199.714	210.856	0.947161
7912	0.00722381	0.313892	117.11	101.492	-18.8606	-0.0264083	199.715	210.856	0.947164
7913	0.0072247	0.313892	117.109	101.492	-18.8591	-0.0264081	199.716	210.856	0.947171
7914	0.0072256	0.313892	117.109	101.492	-18.8566	-0.0264079	199.719	210.855	0.947183
7915	0.0072265	0.313891	117.109	101.492	-18.8497	-0.0264079	199.726	210.855	0.947216
7916	0.0072274	0.313891	117.109	101.493	-18.8392	-0.026408	199.736	210.855	0.947266
7917	0.00722829	0.313891	117.109	101.493	-18.8283	-0.026408	199.747	210.855	0.947317
7918	0.00722919	0.313891	117.109	101.493	-18.8175	-0.026408	199.758	210.855	0.947369
7919	0.00723009	0.313891	117.109	101.493	-18.807	-0.026408	199.768	210.855	0.947419
7920	0.00723099	0.313891	117.108	101.493	-18.797	-0.026408	199.778	210.855	0.947466
7921	0.00723188	0.31389	117.108	101.493	-18.7877	-0.0264081	199.787	210.855	0.947511
7922	0.00723278	0.31389	117.108	101.493	-18.7794	-0.0264082	199.795	210.855	0.94755
7923	0.00723368	0.31389	117.108	101.493	-18.7721	-0.0264083	199.803	210.855	0.947585
7924	0.00723458	0.31389	117.108	101.493	-18.766	-0.0264085	199.809	210.854	0.947614
7925	0.00723548	0.31389	117.108	101.494	-18.7613	-0.0264087	199.813	210.854	0.947637
7926	0.00723637	0.31389	117.107	101.494	-18.7579	-0.0264089	199.817	210.854	0.947653
7927	0.00723727	0.313889	117.107	101.494	-18.756	-0.0264092	199.819	210.854	0.947662
7928	0.00723817	0.313889	117.107	101.494	-18.7556	-0.0264094	199.819	210.854	0.947665
7929	0.00723907	0.313889	117.107	101.494	-18.7567	-0.0264097	199.818	210.854	0.947659
7930	0.00723996	0.313889	117.107	101.494	-18.7595	-0.0264099	199.815	210.854	0.947647
7931	0.00724086	0.313889	117.106	101.494	-18.7638	-0.0264102	199.81	210.854	0.947626
7932	0.00724176	0.313889	117.106	101.494	-18.7698	-0.0264104	199.804	210.854	0.947598
7933	0.00724266	0.313888	117.106	101.495	-18.7778	-0.0264105	199.796	210.853	0.94756
7934	0.00724355	0.313888	117.106	101.495	-18.7898	-0.0264106	199.784	210.853	0.947504
7935	0.00724445	0.313888	117.106	101.495	-18.8077	-0.0264105	199.766	210.853	0.947419
7936	0.00724535	0.313888	117.105	101.495	-18.823	-0.0264103	199.751	210.853	0.947347
7937	0.00724625	0.313888	117.105	101.495	-18.8361	-0.02641	199.738	210.853	0.947285
7938	0.00724714	0.313887	117.105	101.495	-18.8471	-0.0264098	199.727	210.853	0.947233
7939	0.00724804	0.313887	117.105	101.495	-18.8562	-0.0264095	199.717	210.853	0.94719
7940	0.00724894	0.313887	117.104	101.496	-18.8639	-0.0264092	199.71	210.852	0.947154
7941	0.00724984	0.313887	117.104	101.496	-18.8701	-0.0264089	199.703	210.852	0.947125
7942	0.00725074	0.313887	117.104	101.496	-18.8749	-0.0264086	199.699	210.852	0.947102
7943	0.00725163	0.313886	117.104	101.496	-18.8784	-0.0264083	199.695	210.852	0.947086
7944	0.00725253	0.313886	117.104	101.496	-18.8807	-0.026408	199.693	210.852	0.947075
7945	0.00725343	0.313886	117.103	101.496	-18.8817	-0.0264077	199.691	210.852	0.94707
7946	0.00725433	0.313886	117.103	101.496	-18.8816	-0.0264074	199.692	210.852	0.947071
7947	0.00725522	0.313886	117.103	101.497	-18.8804	-0.0264072	199.693	210.851	0.947078
7948	0.00725612	0.313885	117.103	101.497	-18.8781	-0.026407	199.695	210.851	0.947089
7949	0.00725702	0.313885	117.102	101.497	-18.8718	-0.026407	199.701	210.851	0.947119
7950	0.00725792	0.313885	117.102	101.497	-18.8615	-0.026407	199.711	210.851	0.947168
7951	0.00725882	0.313885	117.102	101.497	-18.8506	-0.026407	199.722	210.851	0.94722
7952	0.00725971	0.313884	117.102	101.497	-18.8397	-0.026407	199.733	210.851	0.947272
7953	0.00726061	0.313884	117.102	101.497	-18.8292	-0.026407	199.743	210.851	0.947322
7954	0.00726151	0.313884	117.101	101.498	-18.8191	-0.026407	199.753	210.85	0.94737
7955	0.00726241	0.313884	117.101	101.498	-18.8097	-0.026407	199.763	210.85	0.947415
7956	0.0072633	0.313884	117.101	101.498	-18.8012	-0.0264071	199.771	210.85	0.947456
7957	0.0072642	0.313883	117.101	101.498	-18.7937	-0.0264072	199.779	210.85	0.947491
7958	0.0072651	0.313883	117.1	101.498	-18.7874	-0.0264073	199.785	210.85	0.947522
7959	0.007266	0.313883	117.1	101.498	-18.7824	-0.0264075	199.79	210.85	0.947545
7960	0.00726689	0.313883	117.1	101.498	-18.7788	-0.0264077	199.793	210.85	0.947563
7961	0.00726779	0.313882	117.1	101.499	-18.7766	-0.026408	199.795	210.849	0.947573
7962	0.00726869	0.313882	117.1	101.499	-18.7759	-0.0264082	199.796	210.849	0.947577
7963	0.00726959	0.313882	117.099	101.499	-18.7767	-0.0264085	199.795	210.849	0.947573
7964	0.00727048	0.313882	117.099	101.499	-18.7792	-0.0264087	199.793	210.849	0.947562
7965	0.00727138	0.313882	117.099	101.499	-18.7832	-0.0264089	199.788	210.849	0.947543
7966	0.00727228	0.313881	117.099	101.499	-18.7889	-0.0264091	199.783	210.849	0.947517
7967	0.00727318	0.313881	117.098	101.499	-18.7964	-0.0264093	199.775	210.849	0.947481
7968	0.00727407	0.313881	117.098	101.5	-18.8068	-0.0264094	199.765	210.848	0.947432
7969	0.00727497	0.313881	117.098	101.5	-18.8252	-0.0264092	199.746	210.848	0.947345
7970	0.00727587	0.313881	117.098	101.5	-18.8409	-0.026409	199.73	210.848	0.947271
7971	0.00727677	0.31388	117.097	101.5	-18.8543	-0.0264088	199.717	210.848	0.947208
7972	0.00727766	0.31388	117.097	101.5	-18.8656	-0.0264085	199.705	210.848	0.947154
7973	0.00727856	0.31388	117.097	101.5	-18.875	-0.0264082	199.696	210.848	0.94711
7974	0.00727946	0.31388	117.097	101.5	-18.8829	-0.0264079	199.688	210.848	0.947073
7975	0.00728036	0.313879	117.097	101.501	-18.8893	-0.0264076	199.682	210.847	0.947043
7976	0.00728126	0.313879	117.096	101.501	-18.8942	-0.0264073	199.677	210.847	0.94702
7977	0.00728215	0.313879	117.096	101.501	-18.8979	-0.0264069	199.673	210.847	0.947003
7978	0.00728305	0.313879	117.096	101.501	-18.9003	-0.0264066	199.67	210.847	0.946992
7979	0.00728395	0.313879	117.096	101.501	-18.9014	-0.0264063	199.669	210.847	0.946986
7980	0.00728485	0.313878	117.095	101.501	-18.9013	-0.0264061	199.669	210.847	0.946987
7981	0.00728574	0.313878	117.095	101.501	-18.9001	-0.0264058	199.67	210.847	0.946993
7982	0.00728664	0.313878	117.095	101.502	-18.8979	-0.0264056	199.672	210.846	0.947004
7983	0.00728754	0.313878	117.095	101.502	-18.8916	-0.0264056	199.679	210.846	0.947034
7984	0.00728844	0.313878	117.095	101.502	-18.8811	-0.0264056	199.689	210.846	0.947084
7985	0.00728934	0.313877	117.094	101.502	-18.8701	-0.0264056	199.7	210.846	0.947136
7986	0.00729023	0.313877	117.094	101.502	-18.8592	-0.0264056	199.711	210.846	0.947189
7987	0.00729113	0.313877	117.094	101.502	-18.8484	-0.0264055	199.721	210.846	0.94724
7988	0.00729203	0.313877	117.094	101.503	-18.8381	-0.0264055	199.732	210.846	0.947289
7989	0.00729293	0.313876	117.093	101.503	-18.8285	-0.0264055	199.741	210.845	0.947335
7990	0.00729382	0.313876	117.093	101.503	-18.8197	-0.0264056	199.75	210.845	0.947377
7991	0.00729472	0.313876	117.093	101.503	-18.812	-0.0264057	199.758	210.845	0.947414
7992	0.00729562	0.313876	117.093	101.503	-18.8054	-0.0264059	199.764	210.845	0.947445
7993	0.00729652	0.313876	117.093	101.503	-18.8002	-0.026406	199.769	210.845	0.94747
7994	0.00729741	0.313875	117.092	101.503	-18.7963	-0.0264062	199.773	210.845	0.947489
7995	0.00729831	0.313875	117.092	101.504	-18.7938	-0.0264065	199.775	210.845	0.947501
7996	0.00729921	0.313875	117.092	101.504	-18.7928	-0.0264067	199.776	210.844	0.947506
7997	0.00730011	0.313875	117.092	101.504	-18.7934	-0.026407	199.776	210.844	0.947503
7998	0.007301	0.313874	117.091	101.504	-18.7956	-0.0264072	199.773	210.844	0.947493
7999	0.0073019	0.313874	117.091	101.504	-18.7994	-0.0264074	199.769	210.844	0.947476
8000	0.0073028	0.313874	117.091	101.504	-18.8047	-0.0264076	199.764	210.844	0.947451
8001	0.0073037	0.313874	117.091	101.505	-18.8118	-0.0264078	199.757	210.844	0.947417
8002	0.00730459	0.313874	117.09	101.505	-18.8215	-0.0264079	199.747	210.843	0.947372
8003	0.00730549	0.313873	117.09	101.505	-18.84	-0.0264077	199.729	210.843	0.947284
8004	0.00730639	0.313873	117.09	101.505	-18.8558	-0.0264075	199.713	210.843	0.94721
8005	0.00730729	0.313873	117.089	101.505	-18.8692	-0.0264073	199.699	210.843	0.947146
8006	0.00730818	0.313873	117.089	101.505	-18.8805	-0.026407	199.688	210.843	0.947093
8007	0.00730908	0.313872	117.089	101.506	-18.8899	-0.0264067	199.678	210.843	0.947049
8008	0.00730998	0.313872	117.089	101.506	-18.8977	-0.0264064	199.67	210.842	0.947012
8009	0.00731088	0.313872	117.088	101.506	-18.9041	-0.0264061	199.664	210.842	0.946982
8010	0.00731178	0.313871	117.088	101.506	-18.909	-0.0264057	199.659	210.842	0.946959
8011	0.00731267	0.313871	117.088	101.506	-18.9126	-0.0264054	199.655	210.842	0.946943
8012	0.00731357	0.313871	117.088	101.507	-18.9149	-0.0264051	199.653	210.842	0.946932
8013	0.00731447	0.313871	117.087	101.507	-18.9159	-0.0264048	199.652	210.841	0.946928
8014	0.00731537	0.31387	117.087	101.507	-18.9157	-0.0264045	199.652	210.841	0.946929
8015	0.00731626	0.31387	117.087	101.507	-18.9144	-0.0264043	199.653	210.841	0.946935
8016	0.00731716	0.31387	117.086	101.507	-18.912	-0.0264041	199.655	210.841	0.946947
8017	0.00731806	0.313869	117.086	101.508	-18.9051	-0.026404	199.662	210.841	0.94698
8018	0.00731896	0.313869	117.086	101.508	-18.8944	-0.026404	199.673	210.841	0.947031
8019	0.00731985	0.313869	117.085	101.508	-18.8832	-0.026404	199.684	210.84	0.947085
8020	0.00732075	0.313869	117.085	101.508	-18.8719	-0.026404	199.695	210.84	0.947139
8021	0.00732165	0.313868	117.085	101.508	-18.8609	-0.0264039	199.706	210.84	0.947191
8022	0.00732255	0.313868	117.084	101.509	-18.8504	-0.0264039	199.716	210.84	0.947242
8023	0.00732344	0.313868	117.084	101.509	-18.8405	-0.026404	199.726	210.839	0.947289
8024	0.00732434	0.313867	117.084	101.509	-18.8315	-0.026404	199.735	210.839	0.947332
8025	0.00732524	0.313867	117.083	101.509	-18.8235	-0.0264041	199.743	210.839	0.947371
8026	0.00732614	0.313867	117.083	101.509	-18.8166	-0.0264043	199.749	210.839	0.947403
8027	0.00732703	0.313866	117.083	101.51	-18.8111	-0.0264045	199.755	210.839	0.94743
8028	0.00732793	0.313866	117.082	101.51	-18.807	-0.0264047	199.759	210.838	0.94745
8029	0.00732883	0.313866	117.082	101.51	-18.8043	-0.0264049	199.761	210.838	0.947463
8030	0.00732973	0.313865	117.082	101.51	-18.8031	-0.0264051	199.762	210.838	0.947469
8031	0.00733063	0.313865	117.081	101.511	-18.8035	-0.0264054	199.762	210.838	0.947468
8032	0.00733152	0.313865	117.081	101.511	-18.8054	-0.0264056	199.76	210.837	0.947459
8033	0.00733242	0.313864	117.08	101.511	-18.809	-0.0264058	199.756	210.837	0.947443
8034	0.00733332	0.313864	117.08	101.511	-18.8141	-0.026406	199.751	210.837	0.947419
8035	0.00733422	0.313863	117.08	101.512	-18.8209	-0.0264062	199.744	210.837	0.947387
8036	0.00733511	0.313863	117.079	101.512	-18.8301	-0.0264063	199.735	210.836	0.947344
8037	0.00733601	0.313863	117.079	101.512	-18.848	-0.0264062	199.717	210.836	0.947259
8038	0.00733691	0.313862	117.078	101.512	-18.8639	-0.026406	199.701	210.836	0.947185
8039	0.00733781	0.313862	117.078	101.513	-18.8773	-0.0264057	199.687	210.836	0.947122
8040	0.0073387	0.313862	117.078	101.513	-18.8886	-0.0264055	199.676	210.835	0.947069
8041	0.0073396	0.313861	117.077	101.513	-18.8978	-0.0264052	199.666	210.835	0.947025
8042	0.0073405	0.313861	117.077	101.513	-18.9055	-0.0264049	199.658	210.835	0.946989
8043	0.0073414	0.31386	117.076	101.514	-18.9117	-0.0264046	199.652	210.835	0.94696
8044	0.00734229	0.31386	117.076	101.514	-18.9165	-0.0264042	199.647	210.834	0.946938
8045	0.00734319	0.31386	117.075	101.514	-18.9199	-0.0264039	199.644	210.834	0.946923
8046	0.00734409	0.313859	117.075	101.515	-18.922	-0.0264036	199.641	210.834	0.946913
8047	0.00734499	0.313859	117.075	101.515	-18.9228	-0.0264033	199.64	210.834	0.94691
8048	0.00734588	0.313858	117.074	101.515	-18.9224	-0.026403	199.641	210.833	0.946912
8049	0.00734678	0.313858	117.074	101.515	-18.9209	-0.0264028	199.642	210.833	0.94692
8050	0.00734768	0.313858	117.073	101.516	-18.9182	-0.0264026	199.644	210.833	0.946933
8051	0.00734858	0.313857	117.073	101.516	-18.9107	-0.0264025	199.652	210.832	0.946969
8052	0.00734948	0.313857	117.072	101.516	-18.8997	-0.0264025	199.663	210.832	0.947022
8053	0.00735037	0.313856	117.072	101.517	-18.8882	-0.0264025	199.674	210.832	0.947077
8054	0.00735127	0.313856	117.072	101.517	-18.8767	-0.0264025	199.685	210.832	0.947132
8055	0.00735217	0.313855	117.071	101.517	-18.8654	-0.0264025	199.696	210.831	0.947186
8056	0.00735307	0.313855	117.071	101.517	-18.8545	-0.0264025	199.707	210.831	0.947238
8057	0.00735396	0.313855	117.07	101.518	-18.8443	-0.0264025	199.717	210.831	0.947287
8058	0.00735486	0.313854	117.07	101.518	-18.835	-0.0264026	199.726	210.83	0.947332
8059	0.00735576	0.313854	117.069	101.518	-18.8267	-0.0264027	199.734	210.83	0.947372
8060	0.00735666	0.313853	117.069	101.519	-18.8196	-0.0264028	199.741	210.83	0.947406
8061	0.00735755	0.313853	117.068	101.519	-18.8138	-0.026403	199.747	210.829	0.947434
8062	0.00735845	0.313852	117.068	101.519	-18.8095	-0.0264032	199.751	210.829	0.947455
8063	0.00735935	0.313852	117.067	101.52	-18.8065	-0.0264035	199.754	210.829	0.94747
8064	0.00736025	0.313851	117.067	101.52	-18.8051	-0.0264037	199.755	210.829	0.947477
8065	0.00736114	0.313851	117.066	101.52	-18.8052	-0.026404	199.755	210.828	0.947477
8066	0.00736204	0.313851	117.066	101.52	-18.8069	-0.0264042	199.753	210.828	0.94747
8067	0.00736294	0.31385	117.065	101.521	-18.8102	-0.0264045	199.75	210.828	0.947454
8068	0.00736384	0.31385	117.065	101.521	-18.8151	-0.0264047	199.745	210.827	0.947432
8069	0.00736473	0.313849	117.065	101.521	-18.8216	-0.0264049	199.738	210.827	0.947402
8070	0.00736563	0.313849	117.064	101.522	-18.8303	-0.026405	199.729	210.827	0.947361
8071	0.00736653	0.313848	117.064	101.522	-18.8458	-0.0264049	199.713	210.826	0.947288
8072	0.00736743	0.313848	117.063	101.522	-18.862	-0.0264048	199.697	210.826	0.947212
8073	0.00736832	0.313847	117.063	101.523	-18.8758	-0.0264045	199.683	210.826	0.947147
8074	0.00736922	0.313847	117.062	101.523	-18.8873	-0.0264043	199.671	210.826	0.947093
8075	0.00737012	0.313847	117.062	101.523	-18.8967	-0.026404	199.662	210.825	0.947049
8076	0.00737102	0.313846	117.061	101.524	-18.9044	-0.0264037	199.654	210.825	0.947013
8077	0.00737192	0.313846	117.061	101.524	-18.9106	-0.0264034	199.648	210.825	0.946984
8078	0.00737281	0.313845	117.06	101.524	-18.9154	-0.0264031	199.643	210.824	0.946962
8079	0.00737371	0.313845	117.06	101.524	-18.9187	-0.0264028	199.639	210.824	0.946947
8080	0.00737461	0.313844	117.059	101.525	-18.9207	-0.0264025	199.637	210.824	0.946938
8081	0.00737551	0.313844	117.059	101.525	-18.9215	-0.0264022	199.636	210.823	0.946935
8082	0.0073764	0.313843	117.058	101.525	-18.921	-0.0264019	199.636	210.823	0.946938
8083	0.0073773	0.313843	117.058	101.526	-18.9193	-0.0264017	199.638	210.823	0.946946
8084	0.0073782	0.313842	117.057	101.526	-18.9165	-0.0264015	199.641	210.823	0.94696
8085	0.0073791	0.313842	117.057	101.526	-18.9092	-0.0264014	199.648	210.822	0.946995
8086	0.00738	0.313842	117.056	101.527	-18.8981	-0.0264014	199.659	210.822	0.947048
8087	0.00738089	0.313841	117.056	101.527	-18.8863	-0.0264014	199.67	210.822	0.947105
8088	0.00738179	0.313841	117.056	101.527	-18.8744	-0.0264014	199.682	210.821	0.947162
8089	0.00738269	0.31384	117.055	101.528	-18.8628	-0.0264014	199.693	210.821	0.947218
8090	0.00738359	0.31384	117.055	101.528	-18.8516	-0.0264014	199.704	210.821	0.947271
8091	0.00738448	0.313839	117.054	101.528	-18.841	-0.0264015	199.715	210.82	0.947322
8092	0.00738538	0.313839	117.054	101.528	-18.8313	-0.0264015	199.724	210.82	0.947369
8093	0.00738628	0.313838	117.053	101.529	-18.8226	-0.0264017	199.733	210.82	0.94741
8094	0.00738718	0.313838	117.053	101.529	-18.8152	-0.0264018	199.74	210.82	0.947446
8095	0.00738807	0.313837	117.052	101.529	-18.809	-0.026402	199.746	210.819	0.947476
8096	0.00738897	0.313837	117.052	101.53	-18.8042	-0.0264023	199.751	210.819	0.947499
8097	0.00738987	0.313837	117.051	101.53	-18.8009	-0.0264025	199.754	210.819	0.947516
8098	0.00739077	0.313836	117.051	101.53	-18.7991	-0.0264028	199.756	210.818	0.947525
8099	0.00739166	0.313836	117.05	101.531	-18.7988	-0.0264031	199.756	210.818	0.947527
8100	0.00739256	0.313835	117.05	101.531	-18.8001	-0.0264033	199.754	210.818	0.947521
8101	0.00739346	0.313835	117.049	101.531	-18.803	-0.0264036	199.751	210.817	0.947508
8102	0.00739436	0.313834	117.049	101.532	-18.8075	-0.0264038	199.746	210.817	0.947487
8103	0.00739525	0.313834	117.048	101.532	-18.8135	-0.026404	199.74	210.817	0.947459
8104	0.00739615	0.313833	117.048	101.532	-18.8216	-0.0264042	199.732	210.816	0.947422
8105	0.00739705	0.313833	117.047	101.533	-18.8343	-0.0264042	199.719	210.816	0.947362
8106	0.00739795	0.313832	117.047	101.533	-18.8512	-0.0264041	199.702	210.816	0.947282
8107	0.00739884	0.313832	117.046	101.533	-18.8654	-0.0264039	199.688	210.815	0.947216
8108	0.00739974	0.313831	117.046	101.534	-18.8772	-0.0264036	199.676	210.815	0.94716
8109	0.00740064	0.313831	117.045	101.534	-18.887	-0.0264034	199.666	210.815	0.947114
8110	0.00740154	0.31383	117.045	101.534	-18.8948	-0.0264031	199.658	210.814	0.947078
8111	0.00740244	0.31383	117.044	101.535	-18.9012	-0.0264028	199.651	210.814	0.947048
8112	0.00740333	0.313829	117.044	101.535	-18.906	-0.0264025	199.646	210.814	0.947026
8113	0.00740423	0.313829	117.043	101.535	-18.9094	-0.0264022	199.643	210.814	0.947011
8114	0.00740513	0.313829	117.043	101.535	-18.9114	-0.0264019	199.64	210.813	0.947002
8115	0.00740603	0.313828	117.042	101.536	-18.9121	-0.0264016	199.64	210.813	0.946999
8116	0.00740692	0.313828	117.042	101.536	-18.9116	-0.0264013	199.64	210.813	0.947002
8117	0.00740782	0.313827	117.041	101.536	-18.9099	-0.0264011	199.641	210.812	0.947011
8118	0.00740872	0.313827	117.041	101.537	-18.907	-0.0264009	199.644	210.812	0.947025
8119	0.00740962	0.313826	117.04	101.537	-18.9012	-0.0264008	199.65	210.812	0.947053
8120	0.00741052	0.313826	117.04	101.537	-18.8901	-0.0264008	199.661	210.811	0.947106
8121	0.00741141	0.313825	117.039	101.538	-18.8781	-0.0264009	199.672	210.811	0.947164
8122	0.00741231	0.313825	117.039	101.538	-18.8659	-0.0264009	199.684	210.811	0.947222
8123	0.00741321	0.313824	117.038	101.538	-18.854	-0.0264009	199.696	210.81	0.947279
8124	0.00741411	0.313824	117.038	101.539	-18.8424	-0.0264009	199.708	210.81	0.947335
8125	0.007415	0.313823	117.037	101.539	-18.8314	-0.0264009	199.718	210.81	0.947387
8126	0.0074159	0.313823	117.037	101.539	-18.8213	-0.026401	199.728	210.809	0.947436
8127	0.0074168	0.313822	117.036	101.54	-18.8121	-0.0264011	199.737	210.809	0.94748
8128	0.0074177	0.313822	117.036	101.54	-18.8041	-0.0264013	199.745	210.809	0.947519
8129	0.00741859	0.313821	117.035	101.54	-18.7975	-0.0264015	199.752	210.808	0.947551
8130	0.00741949	0.313821	117.035	101.541	-18.7922	-0.0264017	199.757	210.808	0.947577
8131	0.00742039	0.31382	117.034	101.541	-18.7884	-0.026402	199.76	210.808	0.947595
8132	0.00742129	0.31382	117.034	101.541	-18.786	-0.0264022	199.763	210.807	0.947607
8133	0.00742218	0.313819	117.033	101.542	-18.7852	-0.0264025	199.763	210.807	0.947611
8134	0.00742308	0.313819	117.033	101.542	-18.786	-0.0264028	199.762	210.807	0.947608
8135	0.00742398	0.313819	117.032	101.542	-18.7884	-0.0264031	199.76	210.806	0.947597
8136	0.00742488	0.313818	117.032	101.543	-18.7923	-0.0264033	199.756	210.806	0.947579
8137	0.00742578	0.313818	117.031	101.543	-18.7978	-0.0264035	199.75	210.806	0.947554
8138	0.00742667	0.313817	117.031	101.543	-18.8051	-0.0264037	199.742	210.806	0.94752
8139	0.00742757	0.313817	117.03	101.544	-18.8157	-0.0264038	199.732	210.805	0.94747
8140	0.00742847	0.313816	117.03	101.544	-18.8331	-0.0264037	199.714	210.805	0.947388
8141	0.00742937	0.313816	117.029	101.544	-18.8478	-0.0264035	199.699	210.805	0.947319
8142	0.00743026	0.313815	117.029	101.545	-18.8601	-0.0264032	199.687	210.804	0.947262
8143	0.00743116	0.313815	117.028	101.545	-18.8702	-0.026403	199.676	210.804	0.947214
8144	0.00743206	0.313814	117.028	101.545	-18.8783	-0.0264027	199.668	210.804	0.947177
8145	0.00743296	0.313814	117.027	101.546	-18.8848	-0.0264024	199.662	210.803	0.947146
8146	0.00743385	0.313813	117.027	101.546	-18.8898	-0.0264021	199.656	210.803	0.947123
8147	0.00743475	0.313813	117.026	101.546	-18.8934	-0.0264018	199.653	210.803	0.947106
8148	0.00743565	0.313812	117.026	101.546	-18.8956	-0.0264015	199.65	210.802	0.947097
8149	0.00743655	0.313812	117.025	101.547	-18.8965	-0.0264013	199.649	210.802	0.947093
8150	0.00743745	0.313811	117.025	101.547	-18.8961	-0.026401	199.649	210.802	0.947095
8151	0.00743834	0.313811	117.024	101.547	-18.8945	-0.0264008	199.651	210.801	0.947103
8152	0.00743924	0.313811	117.024	101.548	-18.8918	-0.0264006	199.653	210.801	0.947117
8153	0.00744014	0.31381	117.023	101.548	-18.888	-0.0264004	199.657	210.801	0.947135
8154	0.00744104	0.31381	117.023	101.548	-18.8782	-0.0264004	199.667	210.801	0.947182
8155	0.00744193	0.313809	117.022	101.549	-18.8661	-0.0264004	199.679	210.8	0.94724
8156	0.00744283	0.313809	117.022	101.549	-18.8537	-0.0264004	199.691	210.8	0.9473
8157	0.00744373	0.313808	117.021	101.549	-18.8415	-0.0264004	199.703	210.8	0.947359
8158	0.00744463	0.313808	117.021	101.55	-18.8295	-0.0264005	199.715	210.799	0.947416
8159	0.00744553	0.313807	117.021	101.55	-18.8181	-0.0264005	199.726	210.799	0.94747
8160	0.00744642	0.313807	117.02	101.55	-18.8075	-0.0264006	199.736	210.799	0.947521
8161	0.00744732	0.313807	117.02	101.55	-18.7978	-0.0264007	199.746	210.798	0.947568
8162	0.00744822	0.313806	117.019	101.551	-18.7893	-0.0264008	199.754	210.798	0.947609
8163	0.00744912	0.313806	117.019	101.551	-18.7821	-0.026401	199.761	210.798	0.947644
8164	0.00745001	0.313805	117.018	101.551	-18.7762	-0.0264012	199.767	210.798	0.947672
8165	0.00745091	0.313805	117.018	101.552	-18.7717	-0.0264015	199.771	210.797	0.947694
8166	0.00745181	0.313804	117.017	101.552	-18.7688	-0.0264018	199.774	210.797	0.947708
8167	0.00745271	0.313804	117.017	101.552	-18.7673	-0.0264021	199.775	210.797	0.947716
8168	0.0074536	0.313804	117.016	101.552	-18.7675	-0.0264023	199.775	210.796	0.947715
8169	0.0074545	0.313803	117.016	101.553	-18.7692	-0.0264026	199.773	210.796	0.947708
8170	0.0074554	0.313803	117.016	101.553	-18.7725	-0.0264029	199.77	210.796	0.947693
8171	0.0074563	0.313802	117.015	101.553	-18.7774	-0.0264031	199.765	210.796	0.94767
8172	0.00745719	0.313802	117.015	101.554	-18.7839	-0.0264033	199.758	210.795	0.94764
8173	0.00745809	0.313802	117.014	101.554	-18.7928	-0.0264035	199.749	210.795	0.947598
8174	0.00745899	0.313801	117.014	101.554	-18.8107	-0.0264034	199.731	210.795	0.947513
8175	0.00745989	0.313801	117.013	101.554	-18.8259	-0.0264032	199.716	210.795	0.947442
8176	0.00746079	0.3138	117.013	101.555	-18.8386	-0.026403	199.703	210.794	0.947382
8177	0.00746168	0.3138	117.013	101.555	-18.8491	-0.0264028	199.692	210.794	0.947333
8178	0.00746258	0.3138	117.012	101.555	-18.8576	-0.0264025	199.683	210.794	0.947293
8179	0.00746348	0.313799	117.012	101.555	-18.8645	-0.0264023	199.676	210.793	0.947261
8180	0.00746438	0.313799	117.011	101.556	-18.8699	-0.026402	199.671	210.793	0.947236
8181	0.00746527	0.313798	117.011	101.556	-18.8738	-0.0264017	199.667	210.793	0.947218
8182	0.00746617	0.313798	117.011	101.556	-18.8763	-0.0264014	199.664	210.793	0.947206
8183	0.00746707	0.313798	117.01	101.556	-18.8775	-0.0264011	199.663	210.792	0.947201
8184	0.00746797	0.313797	117.01	101.557	-18.8774	-0.0264008	199.663	210.792	0.947202
8185	0.00746887	0.313797	117.009	101.557	-18.8761	-0.0264006	199.664	210.792	0.947209
8186	0.00746976	0.313797	117.009	101.557	-18.8736	-0.0264004	199.666	210.792	0.947221
8187	0.00747066	0.313796	117.009	101.557	-18.87	-0.0264002	199.67	210.791	0.947238
8188	0.00747156	0.313796	117.008	101.558	-18.8612	-0.0264002	199.678	210.791	0.94728
8189	0.00747246	0.313796	117.008	101.558	-18.8493	-0.0264003	199.69	210.791	0.947337
8190	0.00747336	0.313795	117.008	101.558	-18.8369	-0.0264003	199.702	210.791	0.947396
8191	0.00747425	0.313795	117.007	101.558	-18.8246	-0.0264003	199.715	210.791	0.947455
8192	0.00747515	0.313795	117.007	101.559	-18.8126	-0.0264003	199.727	210.79	0.947513
8193	0.00747605	0.313794	117.007	101.559	-18.8011	-0.0264004	199.738	210.79	0.947568
8194	0.00747695	0.313794	117.006	101.559	-18.7902	-0.0264005	199.749	210.79	0.94762
8195	0.00747784	0.313794	117.006	101.559	-18.7804	-0.0264006	199.758	210.79	0.947667
8196	0.00747874	0.313793	117.006	101.559	-18.7716	-0.0264008	199.767	210.79	0.947709
8197	0.00747964	0.313793	117.005	101.56	-18.7641	-0.026401	199.775	210.789	0.947745
8198	0.00748054	0.313793	117.005	101.56	-18.7579	-0.0264012	199.781	210.789	0.947775
8199	0.00748143	0.313792	117.005	101.56	-18.7532	-0.0264015	199.785	210.789	0.947797
8200	0.00748233	0.313792	117.005	101.56	-18.7499	-0.0264018	199.788	210.789	0.947813
8201	0.00748323	0.313792	117.004	101.56	-18.7482	-0.0264021	199.79	210.789	0.947822
8202	0.00748413	0.313792	117.004	101.56	-18.748	-0.0264024	199.79	210.788	0.947823
8203	0.00748503	0.313791	117.004	101.561	-18.7495	-0.0264026	199.788	210.788	0.947816
8204	0.00748592	0.313791	117.004	101.561	-18.7526	-0.0264029	199.785	210.788	0.947802
8205	0.00748682	0.313791	117.003	101.561	-18.7572	-0.0264032	199.781	210.788	0.94778
8206	0.00748772	0.313791	117.003	101.561	-18.7635	-0.0264034	199.774	210.788	0.94775
8207	0.00748862	0.31379	117.003	101.561	-18.7723	-0.0264035	199.765	210.788	0.947709
8208	0.00748951	0.31379	117.003	101.561	-18.7902	-0.0264035	199.747	210.787	0.947624
8209	0.00749041	0.31379	117.002	101.562	-18.8053	-0.0264033	199.732	210.787	0.947553
8210	0.00749131	0.31379	117.002	101.562	-18.8181	-0.0264031	199.719	210.787	0.947493
8211	0.00749221	0.31379	117.002	101.562	-18.8287	-0.0264029	199.709	210.787	0.947443
8212	0.0074931	0.313789	117.002	101.562	-18.8372	-0.0264027	199.7	210.787	0.947402
8213	0.007494	0.313789	117.001	101.562	-18.8442	-0.0264024	199.693	210.787	0.94737
8214	0.0074949	0.313789	117.001	101.562	-18.8497	-0.0264021	199.687	210.787	0.947344
8215	0.0074958	0.313789	117.001	101.562	-18.8537	-0.0264019	199.683	210.786	0.947325
8216	0.0074967	0.313789	117.001	101.562	-18.8563	-0.0264016	199.681	210.786	0.947313
8217	0.00749759	0.313788	117.001	101.563	-18.8577	-0.0264013	199.679	210.786	0.947307
8218	0.00749849	0.313788	117.001	101.563	-18.8577	-0.0264011	199.679	210.786	0.947307
8219	0.00749939	0.313788	117	101.563	-18.8565	-0.0264008	199.68	210.786	0.947312
8220	0.00750029	0.313788	117	101.563	-18.8542	-0.0264007	199.682	210.786	0.947324
8221	0.00750119	0.313788	117	101.563	-18.8508	-0.0264005	199.686	210.786	0.94734
8222	0.00750208	0.313788	117	101.563	-18.8428	-0.0264005	199.694	210.786	0.947378
8223	0.00750298	0.313787	117	101.563	-18.8311	-0.0264006	199.705	210.786	0.947434
8224	0.00750388	0.313787	117	101.563	-18.8188	-0.0264006	199.718	210.786	0.947492
8225	0.00750478	0.313787	116.999	101.563	-18.8065	-0.0264007	199.73	210.785	0.947551
8226	0.00750567	0.313787	116.999	101.563	-18.7945	-0.0264007	199.742	210.785	0.947608
8227	0.00750657	0.313787	116.999	101.564	-18.783	-0.0264008	199.753	210.785	0.947663
8228	0.00750747	0.313787	116.999	101.564	-18.7722	-0.0264009	199.764	210.785	0.947714
8229	0.00750837	0.313787	116.999	101.564	-18.7623	-0.026401	199.774	210.785	0.947761
8230	0.00750927	0.313787	116.999	101.564	-18.7534	-0.0264012	199.783	210.785	0.947803
8231	0.00751016	0.313786	116.999	101.564	-18.7458	-0.0264014	199.79	210.785	0.94784
8232	0.00751106	0.313786	116.999	101.564	-18.7396	-0.0264016	199.797	210.785	0.947869
8233	0.00751196	0.313786	116.998	101.564	-18.7348	-0.0264019	199.801	210.785	0.947892
8234	0.00751286	0.313786	116.998	101.564	-18.7314	-0.0264022	199.805	210.785	0.947908
8235	0.00751375	0.313786	116.998	101.564	-18.7296	-0.0264025	199.806	210.785	0.947917
8236	0.00751465	0.313786	116.998	101.564	-18.7293	-0.0264029	199.807	210.785	0.947918
8237	0.00751555	0.313786	116.998	101.564	-18.7307	-0.0264032	199.805	210.785	0.947912
8238	0.00751645	0.313786	116.998	101.564	-18.7337	-0.0264035	199.802	210.785	0.947898
8239	0.00751735	0.313786	116.998	101.564	-18.7384	-0.0264037	199.798	210.784	0.947876
8240	0.00751824	0.313786	116.998	101.564	-18.7448	-0.026404	199.791	210.784	0.947846
8241	0.00751914	0.313786	116.998	101.564	-18.7539	-0.0264041	199.782	210.784	0.947802
8242	0.00752004	0.313786	116.998	101.564	-18.7716	-0.0264041	199.764	210.784	0.947718
8243	0.00752094	0.313786	116.998	101.564	-18.7866	-0.0264039	199.749	210.784	0.947647
8244	0.00752183	0.313785	116.998	101.564	-18.7993	-0.0264038	199.736	210.784	0.947587
8245	0.00752273	0.313785	116.998	101.564	-18.8099	-0.0264036	199.726	210.784	0.947537
8246	0.00752363	0.313785	116.998	101.565	-18.8184	-0.0264033	199.717	210.784	0.947496
8247	0.00752453	0.313785	116.998	101.565	-18.8254	-0.0264031	199.71	210.784	0.947463
8248	0.00752543	0.313785	116.998	101.565	-18.8309	-0.0264028	199.705	210.784	0.947437
8249	0.00752632	0.313785	116.998	101.565	-18.835	-0.0264026	199.701	210.784	0.947418
8250	0.00752722	0.313785	116.998	101.565	-18.8377	-0.0264023	199.698	210.784	0.947405
8251	0.00752812	0.313785	116.997	101.565	-18.8391	-0.0264021	199.697	210.784	0.947398
8252	0.00752902	0.313785	116.997	101.565	-18.8393	-0.0264018	199.696	210.784	0.947398
8253	0.00752992	0.313785	116.997	101.565	-18.8382	-0.0264016	199.697	210.784	0.947403
8254	0.00753081	0.313785	116.997	101.565	-18.836	-0.0264014	199.7	210.784	0.947414
8255	0.00753171	0.313785	116.997	101.565	-18.8326	-0.0264013	199.703	210.784	0.947429
8256	0.00753261	0.313785	116.997	101.565	-18.8257	-0.0264013	199.71	210.784	0.947462
8257	0.00753351	0.313785	116.997	101.565	-18.8142	-0.0264014	199.721	210.784	0.947517
8258	0.0075344	0.313785	116.997	101.565	-18.802	-0.0264015	199.734	210.784	0.947575
8259	0.0075353	0.313785	116.997	101.565	-18.7898	-0.0264015	199.746	210.784	0.947633
8260	0.0075362	0.313785	116.997	101.565	-18.7778	-0.0264016	199.758	210.784	0.947689
8261	0.0075371	0.313785	116.997	101.565	-18.7664	-0.0264017	199.769	210.784	0.947744
8262	0.007538	0.313785	116.997	101.565	-18.7556	-0.0264018	199.78	210.784	0.947795
8263	0.00753889	0.313785	116.997	101.565	-18.7457	-0.026402	199.79	210.784	0.947842
8264	0.00753979	0.313785	116.997	101.565	-18.7368	-0.0264021	199.799	210.784	0.947884
8265	0.00754069	0.313785	116.997	101.565	-18.7292	-0.0264024	199.806	210.784	0.94792
8266	0.00754159	0.313785	116.997	101.565	-18.723	-0.0264026	199.813	210.784	0.94795
8267	0.00754248	0.313785	116.997	101.565	-18.7181	-0.0264029	199.817	210.784	0.947973
8268	0.00754338	0.313785	116.997	101.565	-18.7148	-0.0264032	199.821	210.784	0.947989
8269	0.00754428	0.313785	116.997	101.565	-18.7129	-0.0264036	199.823	210.784	0.947997
8270	0.00754518	0.313785	116.997	101.565	-18.7127	-0.0264039	199.823	210.784	0.947999
8271	0.00754608	0.313785	116.997	101.565	-18.7141	-0.0264042	199.822	210.784	0.947992
8272	0.00754697	0.313785	116.997	101.565	-18.7171	-0.0264045	199.819	210.784	0.947978
8273	0.00754787	0.313785	116.997	101.565	-18.7218	-0.0264048	199.814	210.784	0.947956
8274	0.00754877	0.313785	116.997	101.565	-18.7283	-0.0264051	199.807	210.784	0.947925
8275	0.00754967	0.313785	116.997	101.565	-18.7377	-0.0264052	199.798	210.784	0.94788
8276	0.00755056	0.313785	116.997	101.565	-18.7554	-0.0264052	199.78	210.784	0.947796
8277	0.00755146	0.313785	116.997	101.565	-18.7704	-0.0264051	199.765	210.784	0.947725
8278	0.00755236	0.313785	116.997	101.565	-18.7831	-0.0264049	199.752	210.784	0.947664
8279	0.00755326	0.313785	116.997	101.565	-18.7938	-0.0264047	199.742	210.784	0.947614
8280	0.00755416	0.313785	116.997	101.565	-18.8024	-0.0264045	199.733	210.784	0.947573
8281	0.00755505	0.313785	116.997	101.565	-18.8096	-0.0264043	199.726	210.784	0.947539
8282	0.00755595	0.313785	116.997	101.565	-18.8152	-0.026404	199.72	210.784	0.947512
8283	0.00755685	0.313785	116.997	101.565	-18.8195	-0.0264038	199.716	210.784	0.947492
8284	0.00755775	0.313785	116.997	101.565	-18.8224	-0.0264035	199.713	210.784	0.947478
8285	0.00755865	0.313785	116.997	101.565	-18.824	-0.0264033	199.712	210.784	0.947471
8286	0.00755954	0.313785	116.997	101.565	-18.8243	-0.0264031	199.711	210.784	0.947469
8287	0.00756044	0.313785	116.997	101.565	-18.8234	-0.0264029	199.712	210.784	0.947473
8288	0.00756134	0.313785	116.997	101.565	-18.8214	-0.0264027	199.714	210.784	0.947483
8289	0.00756224	0.313785	116.997	101.565	-18.8183	-0.0264026	199.717	210.784	0.947497
8290	0.00756313	0.313785	116.998	101.565	-18.813	-0.0264026	199.723	210.784	0.947523
8291	0.00756403	0.313785	116.998	101.565	-18.8021	-0.0264027	199.734	210.784	0.947574
8292	0.00756493	0.313785	116.998	101.564	-18.7901	-0.0264028	199.746	210.784	0.947631
8293	0.00756583	0.313785	116.998	101.564	-18.7781	-0.0264029	199.758	210.784	0.947688
8294	0.00756673	0.313785	116.998	101.564	-18.7663	-0.026403	199.77	210.784	0.947744
8295	0.00756762	0.313786	116.998	101.564	-18.7549	-0.026403	199.781	210.784	0.947798
8296	0.00756852	0.313786	116.998	101.564	-18.7442	-0.0264032	199.792	210.784	0.947848
8297	0.00756942	0.313786	116.998	101.564	-18.7344	-0.0264033	199.801	210.784	0.947895
8298	0.00757032	0.313786	116.998	101.564	-18.7257	-0.0264035	199.81	210.784	0.947936
8299	0.00757122	0.313786	116.998	101.564	-18.7181	-0.0264037	199.818	210.785	0.947972
8300	0.00757211	0.313786	116.998	101.564	-18.7119	-0.026404	199.824	210.785	0.948001
8301	0.00757301	0.313786	116.998	101.564	-18.7071	-0.0264043	199.829	210.785	0.948024
8302	0.00757391	0.313786	116.999	101.564	-18.7038	-0.0264046	199.832	210.785	0.948039
8303	0.00757481	0.313786	116.999	101.564	-18.7019	-0.026405	199.834	210.785	0.948048
8304	0.0075757	0.313786	116.999	101.564	-18.7017	-0.0264053	199.834	210.785	0.948049
8305	0.0075766	0.313787	116.999	101.564	-18.703	-0.0264056	199.833	210.785	0.948042
8306	0.0075775	0.313787	116.999	101.564	-18.706	-0.0264059	199.83	210.785	0.948028
8307	0.0075784	0.313787	116.999	101.563	-18.7107	-0.0264062	199.826	210.785	0.948006
8308	0.0075793	0.313787	116.999	101.563	-18.7172	-0.0264065	199.819	210.785	0.947975
8309	0.00758019	0.313787	117	101.563	-18.7265	-0.0264067	199.81	210.785	0.94793
8310	0.00758109	0.313787	117	101.563	-18.7445	-0.0264067	199.792	210.785	0.947845
8311	0.00758199	0.313787	117	101.563	-18.7598	-0.0264066	199.777	210.786	0.947772
8312	0.00758289	0.313788	117	101.563	-18.7728	-0.0264064	199.764	210.786	0.94771
8313	0.00758378	0.313788	117	101.563	-18.7837	-0.0264062	199.753	210.786	0.947658
8314	0.00758468	0.313788	117	101.563	-18.7927	-0.026406	199.744	210.786	0.947616
8315	0.00758558	0.313788	117.001	101.563	-18.8001	-0.0264058	199.737	210.786	0.94758
8316	0.00758648	0.313788	117.001	101.562	-18.8061	-0.0264056	199.731	210.786	0.947552
8317	0.00758738	0.313788	117.001	101.562	-18.8106	-0.0264053	199.726	210.786	0.94753
8318	0.00758827	0.313789	117.001	101.562	-18.8138	-0.0264051	199.723	210.786	0.947514
8319	0.00758917	0.313789	117.001	101.562	-18.8158	-0.0264048	199.721	210.786	0.947505
8320	0.00759007	0.313789	117.002	101.562	-18.8164	-0.0264046	199.721	210.787	0.947501
8321	0.00759097	0.313789	117.002	101.562	-18.8159	-0.0264044	199.721	210.787	0.947504
8322	0.00759187	0.313789	117.002	101.562	-18.8142	-0.0264043	199.723	210.787	0.947512
8323	0.00759276	0.31379	117.002	101.562	-18.8114	-0.0264042	199.726	210.787	0.947525
8324	0.00759366	0.31379	117.002	101.561	-18.8076	-0.0264041	199.73	210.787	0.947542
8325	0.00759456	0.31379	117.003	101.561	-18.7981	-0.0264042	199.739	210.787	0.947587
8326	0.00759546	0.31379	117.003	101.561	-18.7863	-0.0264043	199.751	210.787	0.947643
8327	0.00759636	0.31379	117.003	101.561	-18.7745	-0.0264044	199.763	210.788	0.947699
8328	0.00759725	0.313791	117.003	101.561	-18.7628	-0.0264045	199.775	210.788	0.947754
8329	0.00759815	0.313791	117.004	101.561	-18.7515	-0.0264046	199.786	210.788	0.947807
8330	0.00759905	0.313791	117.004	101.56	-18.7409	-0.0264047	199.797	210.788	0.947857
8331	0.00759995	0.313791	117.004	101.56	-18.7311	-0.0264049	199.807	210.788	0.947903
8332	0.00760084	0.313792	117.004	101.56	-18.7223	-0.026405	199.816	210.788	0.947945
8333	0.00760174	0.313792	117.005	101.56	-18.7147	-0.0264053	199.823	210.789	0.94798
8334	0.00760264	0.313792	117.005	101.56	-18.7084	-0.0264055	199.83	210.789	0.94801
8335	0.00760354	0.313792	117.005	101.56	-18.7035	-0.0264058	199.835	210.789	0.948033
8336	0.00760444	0.313793	117.005	101.559	-18.7001	-0.0264061	199.838	210.789	0.948049
8337	0.00760533	0.313793	117.006	101.559	-18.6981	-0.0264064	199.84	210.789	0.948058
8338	0.00760623	0.313793	117.006	101.559	-18.6976	-0.0264068	199.841	210.789	0.94806
8339	0.00760713	0.313793	117.006	101.559	-18.6988	-0.0264071	199.84	210.79	0.948054
8340	0.00760803	0.313794	117.006	101.559	-18.7016	-0.0264074	199.837	210.79	0.94804
8341	0.00760892	0.313794	117.007	101.559	-18.7061	-0.0264077	199.833	210.79	0.948019
8342	0.00760982	0.313794	117.007	101.558	-18.7124	-0.026408	199.827	210.79	0.947989
8343	0.00761072	0.313794	117.007	101.558	-18.721	-0.0264082	199.818	210.79	0.947947
8344	0.00761162	0.313795	117.008	101.558	-18.7378	-0.0264082	199.801	210.79	0.947867
8345	0.00761252	0.313795	117.008	101.558	-18.7538	-0.0264081	199.785	210.791	0.947791
8346	0.00761341	0.313795	117.008	101.558	-18.7675	-0.026408	199.772	210.791	0.947726
8347	0.00761431	0.313795	117.008	101.557	-18.779	-0.0264078	199.76	210.791	0.947671
8348	0.00761521	0.313796	117.009	101.557	-18.7886	-0.0264076	199.751	210.791	0.947625
8349	0.00761611	0.313796	117.009	101.557	-18.7965	-0.0264074	199.743	210.791	0.947587
8350	0.007617	0.313796	117.009	101.557	-18.803	-0.0264071	199.737	210.792	0.947556
8351	0.0076179	0.313797	117.01	101.557	-18.808	-0.0264069	199.732	210.792	0.947532
8352	0.0076188	0.313797	117.01	101.556	-18.8117	-0.0264066	199.728	210.792	0.947514
8353	0.0076197	0.313797	117.01	101.556	-18.8141	-0.0264064	199.726	210.792	0.947502
8354	0.0076206	0.313798	117.011	101.556	-18.8152	-0.0264062	199.725	210.792	0.947497
8355	0.00762149	0.313798	117.011	101.556	-18.8151	-0.026406	199.725	210.793	0.947497
8356	0.00762239	0.313798	117.011	101.556	-18.8138	-0.0264058	199.727	210.793	0.947502
8357	0.00762329	0.313799	117.012	101.555	-18.8115	-0.0264057	199.729	210.793	0.947513
8358	0.00762419	0.313799	117.012	101.555	-18.8081	-0.0264056	199.733	210.793	0.947529
8359	0.00762509	0.313799	117.012	101.555	-18.7997	-0.0264057	199.741	210.793	0.947568
8360	0.00762598	0.313799	117.013	101.555	-18.7883	-0.0264058	199.753	210.794	0.947622
8361	0.00762688	0.3138	117.013	101.554	-18.7767	-0.0264059	199.764	210.794	0.947676
8362	0.00762778	0.3138	117.013	101.554	-18.7652	-0.026406	199.776	210.794	0.94773
8363	0.00762868	0.3138	117.014	101.554	-18.7542	-0.026406	199.787	210.794	0.947782
8364	0.00762957	0.313801	117.014	101.554	-18.7437	-0.0264061	199.798	210.795	0.947832
8365	0.00763047	0.313801	117.014	101.554	-18.734	-0.0264063	199.808	210.795	0.947877
8366	0.00763137	0.313801	117.015	101.553	-18.7253	-0.0264064	199.816	210.795	0.947918
8367	0.00763227	0.313802	117.015	101.553	-18.7177	-0.0264067	199.824	210.795	0.947954
8368	0.00763317	0.313802	117.015	101.553	-18.7114	-0.0264069	199.831	210.795	0.947983
8369	0.00763406	0.313802	117.016	101.553	-18.7065	-0.0264072	199.836	210.796	0.948006
8370	0.00763496	0.313803	117.016	101.552	-18.703	-0.0264075	199.839	210.796	0.948022
8371	0.00763586	0.313803	117.016	101.552	-18.701	-0.0264078	199.841	210.796	0.948031
8372	0.00763676	0.313803	117.017	101.552	-18.7005	-0.0264081	199.842	210.796	0.948033
8373	0.00763765	0.313804	117.017	101.552	-18.7016	-0.0264084	199.841	210.797	0.948028
8374	0.00763855	0.313804	117.018	101.552	-18.7044	-0.0264088	199.838	210.797	0.948014
8375	0.00763945	0.313804	117.018	101.551	-18.7088	-0.026409	199.834	210.797	0.947993
8376	0.00764035	0.313805	117.018	101.551	-18.715	-0.0264093	199.828	210.797	0.947963
8377	0.00764125	0.313805	117.019	101.551	-18.7235	-0.0264095	199.82	210.797	0.947922
8378	0.00764214	0.313805	117.019	101.551	-18.7388	-0.0264095	199.804	210.798	0.947849
8379	0.00764304	0.313806	117.019	101.55	-18.7554	-0.0264094	199.788	210.798	0.94777
8380	0.00764394	0.313806	117.02	101.55	-18.7696	-0.0264093	199.774	210.798	0.947702
8381	0.00764484	0.313806	117.02	101.55	-18.7816	-0.0264091	199.762	210.798	0.947645
8382	0.00764573	0.313807	117.02	101.55	-18.7916	-0.0264089	199.752	210.799	0.947597
8383	0.00764663	0.313807	117.021	101.549	-18.8	-0.0264087	199.744	210.799	0.947557
8384	0.00764753	0.313808	117.021	101.549	-18.8068	-0.0264084	199.737	210.799	0.947524
8385	0.00764843	0.313808	117.022	101.549	-18.8123	-0.0264082	199.732	210.799	0.947497
8386	0.00764933	0.313808	117.022	101.549	-18.8164	-0.0264079	199.728	210.8	0.947478
8387	0.00765022	0.313809	117.022	101.549	-18.8191	-0.0264077	199.725	210.8	0.947464
8388	0.00765112	0.313809	117.023	101.548	-18.8207	-0.0264074	199.724	210.8	0.947456
8389	0.00765202	0.313809	117.023	101.548	-18.821	-0.0264072	199.724	210.8	0.947455
8390	0.00765292	0.31381	117.023	101.548	-18.8201	-0.026407	199.725	210.8	0.947458
8391	0.00765382	0.31381	117.024	101.548	-18.8182	-0.0264069	199.727	210.801	0.947467
8392	0.00765471	0.31381	117.024	101.547	-18.8152	-0.0264068	199.73	210.801	0.947481
8393	0.00765561	0.313811	117.025	101.547	-18.8078	-0.0264068	199.737	210.801	0.947515
8394	0.00765651	0.313811	117.025	101.547	-18.7969	-0.026407	199.748	210.801	0.947567
8395	0.00765741	0.313811	117.025	101.547	-18.7856	-0.0264071	199.76	210.802	0.94762
8396	0.00765831	0.313812	117.026	101.546	-18.7743	-0.0264071	199.771	210.802	0.947673
8397	0.0076592	0.313812	117.026	101.546	-18.7635	-0.0264072	199.782	210.802	0.947724
8398	0.0076601	0.313812	117.026	101.546	-18.7531	-0.0264073	199.793	210.802	0.947772
8399	0.007661	0.313813	117.027	101.546	-18.7436	-0.0264074	199.802	210.803	0.947817
8400	0.0076619	0.313813	117.027	101.545	-18.7349	-0.0264076	199.811	210.803	0.947858
8401	0.00766279	0.313814	117.028	101.545	-18.7274	-0.0264078	199.819	210.803	0.947893
8402	0.00766369	0.313814	117.028	101.545	-18.7211	-0.026408	199.825	210.803	0.947922
8403	0.00766459	0.313814	117.028	101.545	-18.7162	-0.0264082	199.83	210.804	0.947945
8404	0.00766549	0.313815	117.029	101.544	-18.7127	-0.0264085	199.834	210.804	0.947961
8405	0.00766638	0.313815	117.029	101.544	-18.7107	-0.0264088	199.836	210.804	0.94797
8406	0.00766728	0.313815	117.029	101.544	-18.7102	-0.0264091	199.837	210.804	0.947972
8407	0.00766818	0.313816	117.03	101.544	-18.7113	-0.0264095	199.836	210.805	0.947967
8408	0.00766908	0.313816	117.03	101.543	-18.714	-0.0264098	199.833	210.805	0.947954
8409	0.00766998	0.313817	117.031	101.543	-18.7183	-0.02641	199.829	210.805	0.947932
8410	0.00767087	0.313817	117.031	101.543	-18.7244	-0.0264103	199.823	210.805	0.947903
8411	0.00767177	0.313817	117.031	101.543	-18.7327	-0.0264105	199.815	210.806	0.947863
8412	0.00767267	0.313818	117.032	101.542	-18.7463	-0.0264106	199.801	210.806	0.947798
8413	0.00767357	0.313818	117.032	101.542	-18.7635	-0.0264105	199.784	210.806	0.947716
8414	0.00767446	0.313818	117.033	101.542	-18.7783	-0.0264103	199.77	210.806	0.947646
8415	0.00767536	0.313819	117.033	101.542	-18.7909	-0.0264101	199.757	210.807	0.947585
8416	0.00767626	0.313819	117.033	101.541	-18.8014	-0.0264099	199.747	210.807	0.947535
8417	0.00767716	0.313819	117.034	101.541	-18.8102	-0.0264096	199.738	210.807	0.947493
8418	0.00767806	0.31382	117.034	101.541	-18.8174	-0.0264094	199.731	210.807	0.947458
8419	0.00767895	0.31382	117.035	101.541	-18.8233	-0.0264091	199.725	210.808	0.94743
8420	0.00767985	0.313821	117.035	101.54	-18.8277	-0.0264088	199.721	210.808	0.947408
8421	0.00768075	0.313821	117.035	101.54	-18.8309	-0.0264086	199.718	210.808	0.947393
8422	0.00768165	0.313821	117.036	101.54	-18.8328	-0.0264083	199.716	210.808	0.947383
8423	0.00768254	0.313822	117.036	101.54	-18.8335	-0.0264081	199.716	210.809	0.94738
8424	0.00768344	0.313822	117.036	101.539	-18.833	-0.0264079	199.716	210.809	0.947382
8425	0.00768434	0.313822	117.037	101.539	-18.8314	-0.0264077	199.718	210.809	0.947389
8426	0.00768524	0.313823	117.037	101.539	-18.8287	-0.0264076	199.721	210.809	0.947401
8427	0.00768614	0.313823	117.038	101.539	-18.8225	-0.0264076	199.727	210.81	0.94743
8428	0.00768703	0.313824	117.038	101.538	-18.8119	-0.0264077	199.738	210.81	0.94748
8429	0.00768793	0.313824	117.038	101.538	-18.8008	-0.0264078	199.749	210.81	0.947532
8430	0.00768883	0.313824	117.039	101.538	-18.7897	-0.0264079	199.761	210.81	0.947584
8431	0.00768973	0.313825	117.039	101.538	-18.7789	-0.0264079	199.771	210.811	0.947635
8432	0.00769063	0.313825	117.04	101.537	-18.7687	-0.026408	199.782	210.811	0.947683
8433	0.00769152	0.313825	117.04	101.537	-18.7592	-0.0264081	199.791	210.811	0.947728
8434	0.00769242	0.313826	117.04	101.537	-18.7505	-0.0264082	199.8	210.811	0.947768
8435	0.00769332	0.313826	117.041	101.537	-18.743	-0.0264084	199.808	210.812	0.947803
8436	0.00769422	0.313827	117.041	101.536	-18.7367	-0.0264086	199.814	210.812	0.947833
8437	0.00769511	0.313827	117.042	101.536	-18.7317	-0.0264088	199.82	210.812	0.947856
8438	0.00769601	0.313827	117.042	101.536	-18.7281	-0.0264091	199.823	210.812	0.947873
8439	0.00769691	0.313828	117.042	101.536	-18.726	-0.0264094	199.825	210.813	0.947882
8440	0.00769781	0.313828	117.043	101.535	-18.7253	-0.0264097	199.826	210.813	0.947885
8441	0.0076987	0.313828	117.043	101.535	-18.7263	-0.02641	199.825	210.813	0.94788
8442	0.0076996	0.313829	117.043	101.535	-18.7289	-0.0264102	199.823	210.813	0.947867
8443	0.0077005	0.313829	117.044	101.535	-18.7331	-0.0264105	199.819	210.814	0.947847
8444	0.0077014	0.313829	117.044	101.534	-18.739	-0.0264107	199.813	210.814	0.947818
8445	0.00770229	0.31383	117.045	101.534	-18.7468	-0.0264109	199.805	210.814	0.947781
8446	0.00770319	0.31383	117.045	101.534	-18.7586	-0.026411	199.794	210.814	0.947724
8447	0.00770409	0.31383	117.045	101.534	-18.7766	-0.0264109	199.776	210.815	0.947639
8448	0.00770499	0.313831	117.046	101.533	-18.7919	-0.0264108	199.761	210.815	0.947565
8449	0.00770589	0.313831	117.046	101.533	-18.805	-0.0264105	199.748	210.815	0.947503
8450	0.00770678	0.313832	117.046	101.533	-18.8161	-0.0264103	199.737	210.815	0.94745
8451	0.00770768	0.313832	117.047	101.533	-18.8252	-0.0264101	199.728	210.815	0.947406
8452	0.00770858	0.313832	117.047	101.532	-18.8329	-0.0264098	199.72	210.816	0.947369
8453	0.00770948	0.313833	117.048	101.532	-18.8391	-0.0264095	199.714	210.816	0.947339
8454	0.00771038	0.313833	117.048	101.532	-18.844	-0.0264092	199.709	210.816	0.947316
8455	0.00771127	0.313833	117.048	101.532	-18.8475	-0.026409	199.706	210.816	0.947299
8456	0.00771217	0.313834	117.049	101.532	-18.8497	-0.0264087	199.704	210.817	0.947288
8457	0.00771307	0.313834	117.049	101.531	-18.8507	-0.0264084	199.703	210.817	0.947283
8458	0.00771397	0.313834	117.049	101.531	-18.8505	-0.0264082	199.703	210.817	0.947283
8459	0.00771486	0.313835	117.05	101.531	-18.8492	-0.026408	199.705	210.817	0.947289
8460	0.00771576	0.313835	117.05	101.531	-18.8468	-0.0264079	199.707	210.817	0.9473
8461	0.00771666	0.313835	117.05	101.53	-18.8415	-0.0264079	199.713	210.818	0.947325
8462	0.00771756	0.313835	117.051	101.53	-18.8313	-0.026408	199.723	210.818	0.947373
8463	0.00771846	0.313836	117.051	101.53	-18.8202	-0.026408	199.734	210.818	0.947425
8464	0.00771935	0.313836	117.051	101.53	-18.8092	-0.0264081	199.745	210.818	0.947477
8465	0.00772025	0.313836	117.052	101.53	-18.7985	-0.0264081	199.756	210.818	0.947527
8466	0.00772115	0.313837	117.052	101.529	-18.7882	-0.0264081	199.767	210.819	0.947576
8467	0.00772205	0.313837	117.052	101.529	-18.7786	-0.0264082	199.776	210.819	0.947621
8468	0.00772294	0.313837	117.052	101.529	-18.7699	-0.0264083	199.785	210.819	0.947662
8469	0.00772384	0.313838	117.053	101.529	-18.7622	-0.0264085	199.793	210.819	0.947698
8470	0.00772474	0.313838	117.053	101.529	-18.7558	-0.0264087	199.8	210.819	0.947728
8471	0.00772564	0.313838	117.053	101.528	-18.7506	-0.0264089	199.805	210.82	0.947752
8472	0.00772653	0.313838	117.054	101.528	-18.7468	-0.0264091	199.809	210.82	0.94777
8473	0.00772743	0.313839	117.054	101.528	-18.7445	-0.0264094	199.811	210.82	0.94778
8474	0.00772833	0.313839	117.054	101.528	-18.7437	-0.0264097	199.812	210.82	0.947784
8475	0.00772923	0.313839	117.055	101.528	-18.7444	-0.0264099	199.811	210.82	0.94778
8476	0.00773012	0.31384	117.055	101.528	-18.7467	-0.0264102	199.809	210.821	0.947769
8477	0.00773102	0.31384	117.055	101.527	-18.7507	-0.0264105	199.805	210.821	0.94775
8478	0.00773192	0.31384	117.055	101.527	-18.7562	-0.0264107	199.8	210.821	0.947723
8479	0.00773282	0.31384	117.056	101.527	-18.7636	-0.0264109	199.793	210.821	0.947688
8480	0.00773372	0.31384	117.056	101.527	-18.774	-0.026411	199.782	210.821	0.947638
8481	0.00773461	0.313841	117.056	101.527	-18.7924	-0.0264109	199.764	210.821	0.947551
8482	0.00773551	0.313841	117.056	101.527	-18.8082	-0.0264107	199.748	210.822	0.947475
8483	0.00773641	0.313841	117.057	101.526	-18.8217	-0.0264105	199.735	210.822	0.947411
8484	0.00773731	0.313841	117.057	101.526	-18.8331	-0.0264102	199.723	210.822	0.947357
8485	0.0077382	0.313842	117.057	101.526	-18.8426	-0.02641	199.714	210.822	0.947311
8486	0.0077391	0.313842	117.057	101.526	-18.8505	-0.0264097	199.706	210.822	0.947274
8487	0.00774	0.313842	117.057	101.526	-18.857	-0.0264094	199.7	210.822	0.947243
8488	0.0077409	0.313842	117.058	101.526	-18.862	-0.0264091	199.695	210.822	0.947219
8489	0.0077418	0.313842	117.058	101.526	-18.8657	-0.0264088	199.691	210.823	0.947201
8490	0.00774269	0.313843	117.058	101.525	-18.8682	-0.0264085	199.689	210.823	0.947189
8491	0.00774359	0.313843	117.058	101.525	-18.8694	-0.0264083	199.688	210.823	0.947183
8492	0.00774449	0.313843	117.058	101.525	-18.8693	-0.026408	199.688	210.823	0.947183
8493	0.00774539	0.313843	117.059	101.525	-18.8682	-0.0264078	199.689	210.823	0.947188
8494	0.00774628	0.313843	117.059	101.525	-18.866	-0.0264077	199.691	210.823	0.947199
8495	0.00774718	0.313843	117.059	101.525	-18.8609	-0.0264076	199.696	210.823	0.947222
8496	0.00774808	0.313844	117.059	101.525	-18.8507	-0.0264077	199.707	210.823	0.94727
8497	0.00774898	0.313844	117.059	101.525	-18.8397	-0.0264077	199.718	210.823	0.947323
8498	0.00774988	0.313844	117.059	101.525	-18.8287	-0.0264078	199.729	210.823	0.947375
8499	0.00775077	0.313844	117.059	101.525	-18.8179	-0.0264078	199.74	210.824	0.947426
8500	0.00775167	0.313844	117.06	101.524	-18.8075	-0.0264078	199.75	210.824	0.947475
8501	0.00775257	0.313844	117.06	101.524	-18.7978	-0.0264079	199.76	210.824	0.947521
8502	0.00775347	0.313844	117.06	101.524	-18.7889	-0.026408	199.769	210.824	0.947563
8503	0.00775436	0.313845	117.06	101.524	-18.7811	-0.0264081	199.777	210.824	0.9476
8504	0.00775526	0.313845	117.06	101.524	-18.7744	-0.0264083	199.783	210.824	0.947631
8505	0.00775616	0.313845	117.06	101.524	-18.7691	-0.0264085	199.789	210.824	0.947656
8506	0.00775706	0.313845	117.06	101.524	-18.7651	-0.0264087	199.793	210.824	0.947675
8507	0.00775795	0.313845	117.06	101.524	-18.7626	-0.0264089	199.795	210.824	0.947687
8508	0.00775885	0.313845	117.061	101.524	-18.7616	-0.0264092	199.796	210.824	0.947692
8509	0.00775975	0.313845	117.061	101.524	-18.7621	-0.0264095	199.796	210.824	0.947689
8510	0.00776065	0.313845	117.061	101.524	-18.7642	-0.0264097	199.794	210.824	0.947679
8511	0.00776154	0.313845	117.061	101.524	-18.7679	-0.02641	199.79	210.824	0.947661
8512	0.00776244	0.313845	117.061	101.524	-18.7732	-0.0264102	199.785	210.825	0.947636
8513	0.00776334	0.313845	117.061	101.524	-18.7803	-0.0264104	199.778	210.825	0.947602
8514	0.00776424	0.313846	117.061	101.524	-18.7898	-0.0264105	199.768	210.825	0.947557
8515	0.00776513	0.313846	117.061	101.524	-18.8085	-0.0264104	199.75	210.825	0.947468
8516	0.00776603	0.313846	117.061	101.523	-18.8245	-0.0264102	199.734	210.825	0.947392
8517	0.00776693	0.313846	117.061	101.523	-18.8381	-0.02641	199.72	210.825	0.947328
8518	0.00776783	0.313846	117.061	101.523	-18.8496	-0.0264097	199.709	210.825	0.947273
8519	0.00776873	0.313846	117.061	101.523	-18.8592	-0.0264094	199.699	210.825	0.947227
8520	0.00776962	0.313846	117.061	101.523	-18.8672	-0.0264092	199.691	210.825	0.94719
8521	0.00777052	0.313846	117.061	101.523	-18.8737	-0.0264089	199.685	210.825	0.947159
8522	0.00777142	0.313846	117.061	101.523	-18.8788	-0.0264085	199.68	210.825	0.947134
8523	0.00777232	0.313846	117.061	101.523	-18.8825	-0.0264082	199.676	210.825	0.947117
8524	0.00777321	0.313846	117.061	101.523	-18.885	-0.026408	199.673	210.825	0.947105
8525	0.00777411	0.313846	117.061	101.523	-18.8862	-0.0264077	199.672	210.825	0.947099
8526	0.00777501	0.313846	117.062	101.523	-18.8861	-0.0264074	199.672	210.825	0.947099
8527	0.00777591	0.313846	117.062	101.523	-18.885	-0.0264072	199.673	210.825	0.947105
8528	0.00777681	0.313846	117.062	101.523	-18.8827	-0.0264071	199.676	210.825	0.947116
8529	0.0077777	0.313846	117.062	101.523	-18.8771	-0.026407	199.681	210.825	0.947142
8530	0.0077786	0.313846	117.062	101.523	-18.8667	-0.026407	199.692	210.825	0.947192
8531	0.0077795	0.313846	117.061	101.523	-18.8556	-0.0264071	199.703	210.825	0.947244
8532	0.0077804	0.313846	117.061	101.523	-18.8444	-0.0264071	199.714	210.825	0.947297
8533	0.00778129	0.313846	117.061	101.523	-18.8335	-0.0264071	199.725	210.825	0.947349
8534	0.00778219	0.313846	117.061	101.523	-18.823	-0.0264071	199.735	210.825	0.947399
8535	0.00778309	0.313846	117.061	101.523	-18.8131	-0.0264072	199.745	210.825	0.947446
8536	0.00778399	0.313846	117.061	101.523	-18.8041	-0.0264073	199.754	210.825	0.947489
8537	0.00778488	0.313846	117.061	101.523	-18.7961	-0.0264074	199.762	210.825	0.947527
8538	0.00778578	0.313846	117.061	101.523	-18.7893	-0.0264076	199.769	210.825	0.947559
8539	0.00778668	0.313846	117.061	101.523	-18.7838	-0.0264077	199.774	210.825	0.947585
8540	0.00778758	0.313846	117.061	101.523	-18.7797	-0.026408	199.779	210.825	0.947605
8541	0.00778847	0.313846	117.061	101.523	-18.777	-0.0264082	199.781	210.825	0.947617
8542	0.00778937	0.313846	117.061	101.523	-18.7758	-0.0264085	199.782	210.825	0.947623
8543	0.00779027	0.313846	117.061	101.523	-18.7762	-0.0264087	199.782	210.825	0.947621
8544	0.00779117	0.313846	117.061	101.524	-18.7782	-0.026409	199.78	210.825	0.947612
8545	0.00779207	0.313846	117.061	101.524	-18.7818	-0.0264092	199.776	210.825	0.947595
8546	0.00779296	0.313846	117.061	101.524	-18.7869	-0.0264094	199.771	210.825	0.947571
8547	0.00779386	0.313846	117.061	101.524	-18.7938	-0.0264096	199.764	210.825	0.947538
8548	0.00779476	0.313846	117.061	101.524	-18.803	-0.0264097	199.755	210.825	0.947494
8549	0.00779566	0.313845	117.061	101.524	-18.8207	-0.0264096	199.737	210.825	0.94741
8550	0.00779655	0.313845	117.061	101.524	-18.8368	-0.0264094	199.721	210.825	0.947334
8551	0.00779745	0.313845	117.061	101.524	-18.8505	-0.0264092	199.708	210.825	0.947269
8552	0.00779835	0.313845	117.061	101.524	-18.8621	-0.0264089	199.696	210.824	0.947215
8553	0.00779925	0.313845	117.061	101.524	-18.8716	-0.0264087	199.686	210.824	0.947169
8554	0.00780014	0.313845	117.061	101.524	-18.8795	-0.0264084	199.679	210.824	0.947132
8555	0.00780104	0.313845	117.061	101.524	-18.886	-0.0264081	199.672	210.824	0.947101
8556	0.00780194	0.313845	117.06	101.524	-18.891	-0.0264078	199.667	210.824	0.947078
8557	0.00780284	0.313845	117.06	101.524	-18.8946	-0.0264075	199.663	210.824	0.947061
8558	0.00780374	0.313845	117.06	101.524	-18.8969	-0.0264072	199.661	210.824	0.94705
8559	0.00780463	0.313845	117.06	101.524	-18.898	-0.0264069	199.66	210.824	0.947045
8560	0.00780553	0.313845	117.06	101.524	-18.8978	-0.0264066	199.66	210.824	0.947046
8561	0.00780643	0.313845	117.06	101.524	-18.8965	-0.0264064	199.661	210.824	0.947052
8562	0.00780733	0.313845	117.06	101.524	-18.8941	-0.0264062	199.664	210.824	0.947063
8563	0.00780822	0.313845	117.06	101.524	-18.8879	-0.0264062	199.67	210.824	0.947093
8564	0.00780912	0.313845	117.06	101.524	-18.8772	-0.0264062	199.681	210.824	0.947143
8565	0.00781002	0.313845	117.06	101.524	-18.8659	-0.0264063	199.692	210.824	0.947197
8566	0.00781092	0.313845	117.06	101.524	-18.8545	-0.0264063	199.703	210.824	0.947251
8567	0.00781181	0.313844	117.06	101.524	-18.8434	-0.0264063	199.714	210.824	0.947304
8568	0.00781271	0.313844	117.06	101.524	-18.8326	-0.0264063	199.725	210.824	0.947355
8569	0.00781361	0.313844	117.06	101.524	-18.8226	-0.0264063	199.735	210.824	0.947403
8570	0.00781451	0.313844	117.06	101.524	-18.8133	-0.0264064	199.744	210.824	0.947447
8571	0.00781541	0.313844	117.06	101.525	-18.8051	-0.0264065	199.753	210.824	0.947486
8572	0.0078163	0.313844	117.059	101.525	-18.7981	-0.0264067	199.76	210.824	0.947519
8573	0.0078172	0.313844	117.059	101.525	-18.7924	-0.0264069	199.765	210.824	0.947546
8574	0.0078181	0.313844	117.059	101.525	-18.7881	-0.0264071	199.769	210.824	0.947567
8575	0.007819	0.313844	117.059	101.525	-18.7853	-0.0264073	199.772	210.824	0.947581
8576	0.00781989	0.313844	117.059	101.525	-18.7839	-0.0264076	199.774	210.823	0.947587
8577	0.00782079	0.313844	117.059	101.525	-18.7841	-0.0264079	199.773	210.823	0.947586
8578	0.00782169	0.313844	117.059	101.525	-18.7859	-0.0264081	199.772	210.823	0.947578
8579	0.00782259	0.313844	117.059	101.525	-18.7892	-0.0264083	199.768	210.823	0.947562
8580	0.00782348	0.313843	117.059	101.525	-18.7942	-0.0264085	199.763	210.823	0.947539
8581	0.00782438	0.313843	117.059	101.525	-18.8008	-0.0264087	199.757	210.823	0.947508
8582	0.00782528	0.313843	117.058	101.525	-18.8097	-0.0264088	199.748	210.823	0.947466
8583	0.00782618	0.313843	117.058	101.525	-18.8253	-0.0264088	199.732	210.823	0.947392
8584	0.00782707	0.313843	117.058	101.525	-18.8418	-0.0264086	199.715	210.823	0.947314
8585	0.00782797	0.313843	117.058	101.525	-18.8557	-0.0264084	199.701	210.823	0.947248
8586	0.00782887	0.313843	117.058	101.526	-18.8674	-0.0264081	199.69	210.823	0.947192
8587	0.00782977	0.313843	117.058	101.526	-18.8771	-0.0264079	199.68	210.823	0.947147
8588	0.00783066	0.313843	117.058	101.526	-18.885	-0.0264076	199.672	210.823	0.947109
8589	0.00783156	0.313842	117.058	101.526	-18.8914	-0.0264073	199.666	210.823	0.947079
8590	0.00783246	0.313842	117.057	101.526	-18.8964	-0.026407	199.661	210.822	0.947056
8591	0.00783336	0.313842	117.057	101.526	-18.8999	-0.0264067	199.657	210.822	0.947039
8592	0.00783426	0.313842	117.057	101.526	-18.9021	-0.0264064	199.655	210.822	0.947029
8593	0.00783515	0.313842	117.057	101.526	-18.9031	-0.0264061	199.654	210.822	0.947024
8594	0.00783605	0.313842	117.057	101.526	-18.9028	-0.0264059	199.654	210.822	0.947026
8595	0.00783695	0.313842	117.057	101.526	-18.9013	-0.0264056	199.655	210.822	0.947033
8596	0.00783785	0.313841	117.056	101.527	-18.8987	-0.0264055	199.658	210.822	0.947046
8597	0.00783874	0.313841	117.056	101.527	-18.8927	-0.0264054	199.664	210.822	0.947074
8598	0.00783964	0.313841	117.056	101.527	-18.882	-0.0264054	199.675	210.822	0.947126
8599	0.00784054	0.313841	117.056	101.527	-18.8703	-0.0264055	199.686	210.821	0.947181
8600	0.00784144	0.313841	117.056	101.527	-18.8587	-0.0264055	199.698	210.821	0.947236
8601	0.00784234	0.313841	117.056	101.527	-18.8472	-0.0264055	199.709	210.821	0.947291
8602	0.00784323	0.31384	117.055	101.527	-18.8362	-0.0264055	199.72	210.821	0.947343
8603	0.00784413	0.31384	117.055	101.527	-18.8258	-0.0264055	199.73	210.821	0.947393
8604	0.00784503	0.31384	117.055	101.528	-18.8163	-0.0264056	199.74	210.821	0.947438
8605	0.00784593	0.31384	117.055	101.528	-18.8077	-0.0264057	199.748	210.821	0.947479
8606	0.00784682	0.31384	117.055	101.528	-18.8004	-0.0264059	199.756	210.821	0.947514
8607	0.00784772	0.313839	117.054	101.528	-18.7943	-0.0264061	199.762	210.82	0.947543
8608	0.00784862	0.313839	117.054	101.528	-18.7897	-0.0264063	199.766	210.82	0.947566
8609	0.00784952	0.313839	117.054	101.528	-18.7865	-0.0264066	199.769	210.82	0.947581
8610	0.00785041	0.313839	117.054	101.528	-18.7848	-0.0264068	199.771	210.82	0.947589
8611	0.00785131	0.313839	117.053	101.529	-18.7846	-0.0264071	199.771	210.82	0.94759
8612	0.00785221	0.313838	117.053	101.529	-18.7861	-0.0264074	199.769	210.82	0.947584
8613	0.00785311	0.313838	117.053	101.529	-18.7891	-0.0264076	199.766	210.82	0.94757
8614	0.007854	0.313838	117.053	101.529	-18.7936	-0.0264078	199.762	210.819	0.947548
8615	0.0078549	0.313838	117.052	101.529	-18.7998	-0.026408	199.755	210.819	0.947519
8616	0.0078558	0.313837	117.052	101.529	-18.808	-0.0264082	199.747	210.819	0.947481
8617	0.0078567	0.313837	117.052	101.529	-18.8209	-0.0264082	199.734	210.819	0.94742
8618	0.00785759	0.313837	117.052	101.53	-18.8379	-0.026408	199.717	210.819	0.94734
8619	0.00785849	0.313837	117.051	101.53	-18.8523	-0.0264078	199.703	210.819	0.947272
8620	0.00785939	0.313836	117.051	101.53	-18.8644	-0.0264076	199.69	210.819	0.947215
8621	0.00786029	0.313836	117.051	101.53	-18.8743	-0.0264073	199.68	210.818	0.947168
8622	0.00786119	0.313836	117.051	101.53	-18.8824	-0.0264071	199.672	210.818	0.94713
8623	0.00786208	0.313836	117.05	101.53	-18.8889	-0.0264068	199.666	210.818	0.947099
8624	0.00786298	0.313835	117.05	101.531	-18.894	-0.0264065	199.66	210.818	0.947076
8625	0.00786388	0.313835	117.05	101.531	-18.8976	-0.0264062	199.657	210.818	0.947059
8626	0.00786478	0.313835	117.05	101.531	-18.8998	-0.0264059	199.654	210.817	0.947048
8627	0.00786567	0.313835	117.049	101.531	-18.9008	-0.0264057	199.653	210.817	0.947044
8628	0.00786657	0.313834	117.049	101.531	-18.9005	-0.0264054	199.654	210.817	0.947046
8629	0.00786747	0.313834	117.049	101.532	-18.899	-0.0264052	199.655	210.817	0.947053
8630	0.00786837	0.313834	117.048	101.532	-18.8964	-0.026405	199.657	210.817	0.947066
8631	0.00786927	0.313834	117.048	101.532	-18.8921	-0.0264049	199.662	210.817	0.947087
8632	0.00787016	0.313833	117.048	101.532	-18.8818	-0.0264049	199.672	210.816	0.947136
8633	0.00787106	0.313833	117.048	101.532	-18.87	-0.026405	199.684	210.816	0.947192
8634	0.00787196	0.313833	117.047	101.532	-18.858	-0.026405	199.695	210.816	0.947249
8635	0.00787286	0.313833	117.047	101.533	-18.8462	-0.026405	199.707	210.816	0.947306
8636	0.00787375	0.313832	117.047	101.533	-18.8348	-0.026405	199.718	210.816	0.94736
8637	0.00787465	0.313832	117.046	101.533	-18.8239	-0.0264051	199.729	210.815	0.947412
8638	0.00787555	0.313832	117.046	101.533	-18.8139	-0.0264052	199.739	210.815	0.94746
8639	0.00787645	0.313831	117.046	101.533	-18.8048	-0.0264053	199.748	210.815	0.947504
8640	0.00787734	0.313831	117.046	101.534	-18.7969	-0.0264054	199.756	210.815	0.947541
8641	0.00787824	0.313831	117.045	101.534	-18.7903	-0.0264056	199.762	210.815	0.947573
8642	0.00787914	0.31383	117.045	101.534	-18.7851	-0.0264059	199.767	210.814	0.947598
8643	0.00788004	0.31383	117.045	101.534	-18.7813	-0.0264061	199.771	210.814	0.947617
8644	0.00788093	0.31383	117.044	101.534	-18.779	-0.0264064	199.773	210.814	0.947628
8645	0.00788183	0.31383	117.044	101.535	-18.7782	-0.0264067	199.774	210.814	0.947632
8646	0.00788273	0.313829	117.044	101.535	-18.779	-0.0264069	199.773	210.814	0.947629
8647	0.00788363	0.313829	117.043	101.535	-18.7814	-0.0264072	199.771	210.813	0.947618
8648	0.00788452	0.313829	117.043	101.535	-18.7853	-0.0264074	199.767	210.813	0.947599
8649	0.00788542	0.313828	117.043	101.536	-18.7908	-0.0264077	199.761	210.813	0.947574
8650	0.00788632	0.313828	117.042	101.536	-18.798	-0.0264079	199.754	210.813	0.94754
8651	0.00788722	0.313828	117.042	101.536	-18.808	-0.026408	199.743	210.813	0.947493
8652	0.00788812	0.313827	117.042	101.536	-18.8258	-0.0264079	199.726	210.812	0.947409
8653	0.00788901	0.313827	117.041	101.536	-18.8409	-0.0264077	199.71	210.812	0.947338
8654	0.00788991	0.313827	117.041	101.537	-18.8536	-0.0264075	199.697	210.812	0.947278
8655	0.00789081	0.313826	117.04	101.537	-18.8641	-0.0264072	199.687	210.812	0.947229
8656	0.00789171	0.313826	117.04	101.537	-18.8725	-0.026407	199.678	210.811	0.947189
8657	0.0078926	0.313826	117.04	101.537	-18.8794	-0.0264067	199.671	210.811	0.947157
8658	0.0078935	0.313825	117.039	101.538	-18.8847	-0.0264065	199.666	210.811	0.947132
8659	0.0078944	0.313825	117.039	101.538	-18.8885	-0.0264062	199.662	210.811	0.947114
8660	0.0078953	0.313825	117.039	101.538	-18.891	-0.0264059	199.659	210.811	0.947103
8661	0.0078962	0.313824	117.038	101.538	-18.8922	-0.0264056	199.658	210.81	0.947098
8662	0.00789709	0.313824	117.038	101.539	-18.8921	-0.0264054	199.658	210.81	0.947099
8663	0.00789799	0.313824	117.038	101.539	-18.8908	-0.0264052	199.659	210.81	0.947105
8664	0.00789889	0.313823	117.037	101.539	-18.8884	-0.026405	199.661	210.81	0.947118
8665	0.00789979	0.313823	117.037	101.539	-18.8849	-0.0264048	199.665	210.809	0.947135
8666	0.00790068	0.313822	117.036	101.54	-18.8757	-0.0264048	199.674	210.809	0.947179
8667	0.00790158	0.313822	117.036	101.54	-18.8639	-0.0264049	199.686	210.809	0.947235
8668	0.00790248	0.313822	117.036	101.54	-18.8517	-0.0264049	199.698	210.809	0.947293
8669	0.00790338	0.313821	117.035	101.54	-18.8396	-0.0264049	199.709	210.808	0.947351
8670	0.00790427	0.313821	117.035	101.541	-18.8279	-0.026405	199.721	210.808	0.947407
8671	0.00790517	0.313821	117.034	101.541	-18.8167	-0.026405	199.732	210.808	0.947461
8672	0.00790607	0.31382	117.034	101.541	-18.8062	-0.0264051	199.742	210.808	0.947511
8673	0.00790697	0.31382	117.034	101.541	-18.7967	-0.0264052	199.752	210.807	0.947556
8674	0.00790787	0.313819	117.033	101.542	-18.7883	-0.0264053	199.76	210.807	0.947597
8675	0.00790876	0.313819	117.033	101.542	-18.7812	-0.0264055	199.767	210.807	0.947631
8676	0.00790966	0.313819	117.032	101.542	-18.7754	-0.0264058	199.773	210.807	0.947659
8677	0.00791056	0.313818	117.032	101.542	-18.7711	-0.026406	199.777	210.806	0.94768
8678	0.00791146	0.313818	117.032	101.543	-18.7682	-0.0264063	199.78	210.806	0.947694
8679	0.00791235	0.313818	117.031	101.543	-18.7669	-0.0264066	199.781	210.806	0.947701
8680	0.00791325	0.313817	117.031	101.543	-18.7671	-0.0264068	199.78	210.806	0.9477
8681	0.00791415	0.313817	117.03	101.543	-18.7689	-0.0264071	199.779	210.805	0.947692
8682	0.00791505	0.313816	117.03	101.544	-18.7723	-0.0264074	199.775	210.805	0.947677
8683	0.00791594	0.313816	117.03	101.544	-18.7772	-0.0264076	199.77	210.805	0.947654
8684	0.00791684	0.313816	117.029	101.544	-18.7837	-0.0264078	199.763	210.804	0.947623
8685	0.00791774	0.313815	117.029	101.545	-18.7926	-0.026408	199.754	210.804	0.947582
8686	0.00791864	0.313815	117.028	101.545	-18.8099	-0.0264079	199.737	210.804	0.9475
8687	0.00791954	0.313814	117.028	101.545	-18.8253	-0.0264077	199.721	210.804	0.947427
8688	0.00792043	0.313814	117.027	101.545	-18.8383	-0.0264075	199.708	210.803	0.947366
8689	0.00792133	0.313814	117.027	101.546	-18.8491	-0.0264073	199.697	210.803	0.947316
8690	0.00792223	0.313813	117.027	101.546	-18.8578	-0.0264071	199.688	210.803	0.947275
8691	0.00792313	0.313813	117.026	101.546	-18.8649	-0.0264068	199.681	210.803	0.947242
8692	0.00792402	0.313812	117.026	101.546	-18.8705	-0.0264065	199.675	210.802	0.947216
8693	0.00792492	0.313812	117.025	101.547	-18.8745	-0.0264063	199.671	210.802	0.947197
8694	0.00792582	0.313812	117.025	101.547	-18.8772	-0.026406	199.668	210.802	0.947185
8695	0.00792672	0.313811	117.024	101.547	-18.8786	-0.0264057	199.667	210.802	0.947179
8696	0.00792762	0.313811	117.024	101.548	-18.8787	-0.0264055	199.666	210.801	0.947179
8697	0.00792851	0.31381	117.024	101.548	-18.8775	-0.0264052	199.667	210.801	0.947185
8698	0.00792941	0.31381	117.023	101.548	-18.8752	-0.0264051	199.67	210.801	0.947196
8699	0.00793031	0.31381	117.023	101.548	-18.8719	-0.0264049	199.673	210.8	0.947213
8700	0.00793121	0.313809	117.022	101.549	-18.8635	-0.0264049	199.681	210.8	0.947253
8701	0.0079321	0.313809	117.022	101.549	-18.8519	-0.026405	199.693	210.8	0.947309
8702	0.007933	0.313808	117.021	101.549	-18.8397	-0.026405	199.705	210.8	0.947367
8703	0.0079339	0.313808	117.021	101.549	-18.8275	-0.026405	199.717	210.799	0.947425
8704	0.0079348	0.313808	117.021	101.55	-18.8157	-0.026405	199.728	210.799	0.947482
8705	0.0079357	0.313807	117.02	101.55	-18.8043	-0.0264051	199.74	210.799	0.947536
8706	0.00793659	0.313807	117.02	101.55	-18.7937	-0.0264052	199.75	210.799	0.947587
8707	0.00793749	0.313806	117.019	101.551	-18.7839	-0.0264053	199.76	210.798	0.947634
8708	0.00793839	0.313806	117.019	101.551	-18.7753	-0.0264054	199.768	210.798	0.947676
8709	0.00793929	0.313806	117.019	101.551	-18.7679	-0.0264056	199.775	210.798	0.947711
8710	0.00794018	0.313805	117.018	101.551	-18.7618	-0.0264058	199.781	210.797	0.94774
8711	0.00794108	0.313805	117.018	101.552	-18.7572	-0.0264061	199.786	210.797	0.947763
8712	0.00794198	0.313804	117.017	101.552	-18.754	-0.0264064	199.789	210.797	0.947778
8713	0.00794288	0.313804	117.017	101.552	-18.7524	-0.0264066	199.79	210.797	0.947787
8714	0.00794377	0.313804	117.016	101.552	-18.7523	-0.0264069	199.79	210.796	0.947788
8715	0.00794467	0.313803	117.016	101.553	-18.7538	-0.0264072	199.789	210.796	0.947781
8716	0.00794557	0.313803	117.016	101.553	-18.7569	-0.0264075	199.785	210.796	0.947767
8717	0.00794647	0.313802	117.015	101.553	-18.7615	-0.0264077	199.781	210.796	0.947745
8718	0.00794736	0.313802	117.015	101.554	-18.7678	-0.0264079	199.774	210.795	0.947716
8719	0.00794826	0.313802	117.014	101.554	-18.7765	-0.0264081	199.765	210.795	0.947675
8720	0.00794916	0.313801	117.014	101.554	-18.7931	-0.026408	199.749	210.795	0.947597
8721	0.00795006	0.313801	117.014	101.554	-18.8087	-0.0264079	199.733	210.795	0.947523
8722	0.00795096	0.3138	117.013	101.555	-18.8218	-0.0264077	199.72	210.794	0.947462
8723	0.00795185	0.3138	117.013	101.555	-18.8326	-0.0264075	199.709	210.794	0.947411
8724	0.00795275	0.3138	117.012	101.555	-18.8415	-0.0264073	199.7	210.794	0.947369
8725	0.00795365	0.313799	117.012	101.555	-18.8486	-0.026407	199.692	210.794	0.947336
8726	0.00795455	0.313799	117.012	101.556	-18.8543	-0.0264067	199.686	210.793	0.947309
8727	0.00795545	0.313799	117.011	101.556	-18.8585	-0.0264065	199.682	210.793	0.94729
8728	0.00795634	0.313798	117.011	101.556	-18.8613	-0.0264062	199.679	210.793	0.947277
8729	0.00795724	0.313798	117.011	101.556	-18.8628	-0.0264059	199.678	210.793	0.94727
8730	0.00795814	0.313798	117.01	101.557	-18.863	-0.0264057	199.677	210.792	0.94727
8731	0.00795904	0.313797	117.01	101.557	-18.862	-0.0264055	199.678	210.792	0.947275
8732	0.00795993	0.313797	117.009	101.557	-18.8598	-0.0264053	199.68	210.792	0.947286
8733	0.00796083	0.313796	117.009	101.557	-18.8565	-0.0264052	199.683	210.792	0.947302
8734	0.00796173	0.313796	117.009	101.557	-18.8491	-0.0264051	199.691	210.791	0.947338
8735	0.00796263	0.313796	117.008	101.558	-18.8376	-0.0264052	199.702	210.791	0.947393
8736	0.00796353	0.313795	117.008	101.558	-18.8254	-0.0264053	199.714	210.791	0.947451
8737	0.00796442	0.313795	117.008	101.558	-18.8133	-0.0264053	199.726	210.791	0.947509
8738	0.00796532	0.313795	117.007	101.558	-18.8014	-0.0264053	199.738	210.791	0.947566
8739	0.00796622	0.313794	117.007	101.559	-18.7899	-0.0264054	199.749	210.79	0.94762
8740	0.00796712	0.313794	117.007	101.559	-18.7792	-0.0264055	199.76	210.79	0.947672
8741	0.00796801	0.313794	117.006	101.559	-18.7693	-0.0264056	199.77	210.79	0.947719
8742	0.00796891	0.313793	117.006	101.559	-18.7605	-0.0264057	199.778	210.79	0.947761
8743	0.00796981	0.313793	117.006	101.559	-18.7529	-0.0264059	199.786	210.789	0.947797
8744	0.00797071	0.313793	117.005	101.56	-18.7467	-0.0264062	199.792	210.789	0.947827
8745	0.00797161	0.313793	117.005	101.56	-18.7419	-0.0264064	199.797	210.789	0.947851
8746	0.0079725	0.313792	117.005	101.56	-18.7386	-0.0264067	199.8	210.789	0.947867
8747	0.0079734	0.313792	117.004	101.56	-18.7367	-0.026407	199.801	210.789	0.947876
8748	0.0079743	0.313792	117.004	101.56	-18.7364	-0.0264073	199.802	210.788	0.947878
8749	0.0079752	0.313791	117.004	101.561	-18.7377	-0.0264076	199.8	210.788	0.947872
8750	0.00797609	0.313791	117.004	101.561	-18.7407	-0.0264079	199.797	210.788	0.947858
8751	0.00797699	0.313791	117.003	101.561	-18.7452	-0.0264081	199.793	210.788	0.947837
8752	0.00797789	0.313791	117.003	101.561	-18.7514	-0.0264084	199.786	210.788	0.947808
8753	0.00797879	0.31379	117.003	101.561	-18.76	-0.0264085	199.778	210.788	0.947767
8754	0.00797968	0.31379	117.003	101.561	-18.777	-0.0264085	199.761	210.787	0.947687
8755	0.00798058	0.31379	117.002	101.562	-18.7924	-0.0264084	199.745	210.787	0.947614
8756	0.00798148	0.31379	117.002	101.562	-18.8054	-0.0264082	199.732	210.787	0.947553
8757	0.00798238	0.31379	117.002	101.562	-18.8163	-0.026408	199.721	210.787	0.947502
8758	0.00798328	0.313789	117.002	101.562	-18.8251	-0.0264078	199.712	210.787	0.94746
8759	0.00798417	0.313789	117.001	101.562	-18.8322	-0.0264075	199.705	210.787	0.947426
8760	0.00798507	0.313789	117.001	101.562	-18.8379	-0.0264073	199.699	210.787	0.9474
8761	0.00798597	0.313789	117.001	101.562	-18.8421	-0.026407	199.695	210.786	0.94738
8762	0.00798687	0.313788	117.001	101.563	-18.845	-0.0264068	199.692	210.786	0.947367
8763	0.00798777	0.313788	117	101.563	-18.8466	-0.0264065	199.69	210.786	0.947359
8764	0.00798866	0.313788	117	101.563	-18.8468	-0.0264063	199.69	210.786	0.947358
8765	0.00798956	0.313788	117	101.563	-18.8459	-0.0264061	199.691	210.786	0.947363
8766	0.00799046	0.313788	117	101.563	-18.8438	-0.0264059	199.693	210.786	0.947373
8767	0.00799136	0.313787	117	101.563	-18.8406	-0.0264058	199.696	210.786	0.947389
8768	0.00799225	0.313787	117	101.563	-18.8341	-0.0264057	199.702	210.786	0.94742
8769	0.00799315	0.313787	116.999	101.563	-18.8228	-0.0264058	199.714	210.785	0.947474
8770	0.00799405	0.313787	116.999	101.564	-18.8107	-0.0264059	199.726	210.785	0.947531
8771	0.00799495	0.313787	116.999	101.564	-18.7986	-0.0264059	199.738	210.785	0.947589
8772	0.00799585	0.313787	116.999	101.564	-18.7867	-0.026406	199.75	210.785	0.947645
8773	0.00799674	0.313787	116.999	101.564	-18.7753	-0.0264061	199.761	210.785	0.9477
8774	0.00799764	0.313786	116.999	101.564	-18.7645	-0.0264062	199.772	210.785	0.947751
8775	0.00799854	0.313786	116.998	101.564	-18.7547	-0.0264063	199.781	210.785	0.947798
8776	0.00799944	0.313786	116.998	101.564	-18.7459	-0.0264065	199.79	210.785	0.94784
8777	0.00800033	0.313786	116.998	101.564	-18.7383	-0.0264067	199.798	210.785	0.947876
8778	0.00800123	0.313786	116.998	101.564	-18.732	-0.0264069	199.804	210.785	0.947906
8779	0.00800213	0.313786	116.998	101.564	-18.7272	-0.0264072	199.809	210.784	0.947929
8780	0.00800303	0.313786	116.998	101.564	-18.7238	-0.0264075	199.812	210.784	0.947945
8781	0.00800393	0.313786	116.998	101.564	-18.7219	-0.0264078	199.814	210.784	0.947954
8782	0.00800482	0.313785	116.998	101.565	-18.7215	-0.0264081	199.814	210.784	0.947956
8783	0.00800572	0.313785	116.997	101.565	-18.7228	-0.0264084	199.813	210.784	0.94795
8784	0.00800662	0.313785	116.997	101.565	-18.7257	-0.0264087	199.81	210.784	0.947937
8785	0.00800752	0.313785	116.997	101.565	-18.7302	-0.0264089	199.805	210.784	0.947916
8786	0.00800841	0.313785	116.997	101.565	-18.7364	-0.0264092	199.799	210.784	0.947886
8787	0.00800931	0.313785	116.997	101.565	-18.7451	-0.0264094	199.79	210.784	0.947845
8788	0.00801021	0.313785	116.997	101.565	-18.763	-0.0264093	199.773	210.784	0.94776
8789	0.00801111	0.313785	116.997	101.565	-18.7782	-0.0264092	199.757	210.784	0.947688
8790	0.00801201	0.313785	116.997	101.565	-18.7911	-0.026409	199.744	210.784	0.947627
8791	0.0080129	0.313785	116.997	101.565	-18.8018	-0.0264088	199.734	210.784	0.947576
8792	0.0080138	0.313785	116.997	101.565	-18.8105	-0.0264086	199.725	210.784	0.947535
8793	0.0080147	0.313785	116.997	101.565	-18.8177	-0.0264084	199.718	210.784	0.947501
8794	0.0080156	0.313785	116.997	101.565	-18.8234	-0.0264082	199.712	210.784	0.947474
8795	0.0080165	0.313784	116.997	101.565	-18.8276	-0.0264079	199.708	210.784	0.947454
8796	0.00801739	0.313784	116.997	101.565	-18.8306	-0.0264077	199.705	210.784	0.94744
8797	0.00801829	0.313784	116.997	101.565	-18.8322	-0.0264074	199.703	210.784	0.947432
8798	0.00801919	0.313784	116.997	101.565	-18.8325	-0.0264072	199.703	210.784	0.947431
8799	0.00802009	0.313784	116.997	101.565	-18.8317	-0.026407	199.704	210.784	0.947435
8800	0.00802098	0.313784	116.997	101.565	-18.8297	-0.0264069	199.706	210.784	0.947444
8801	0.00802188	0.313784	116.997	101.565	-18.8266	-0.0264067	199.709	210.784	0.947459
8802	0.00802278	0.313784	116.997	101.565	-18.8208	-0.0264067	199.715	210.784	0.947487
8803	0.00802368	0.313784	116.996	101.565	-18.8098	-0.0264068	199.726	210.783	0.947539
8804	0.00802458	0.313784	116.996	101.565	-18.7978	-0.0264069	199.738	210.783	0.947596
8805	0.00802547	0.313784	116.996	101.565	-18.7857	-0.026407	199.75	210.783	0.947653
8806	0.00802637	0.313784	116.996	101.565	-18.7739	-0.026407	199.761	210.783	0.947709
8807	0.00802727	0.313784	116.996	101.565	-18.7626	-0.0264071	199.773	210.783	0.947763
8808	0.00802817	0.313784	116.996	101.565	-18.7519	-0.0264072	199.783	210.783	0.947814
8809	0.00802907	0.313784	116.996	101.565	-18.7421	-0.0264074	199.793	210.783	0.94786
8810	0.00802996	0.313784	116.996	101.565	-18.7333	-0.0264075	199.802	210.783	0.947902
8811	0.00803086	0.313784	116.996	101.565	-18.7257	-0.0264078	199.81	210.783	0.947938
8812	0.00803176	0.313784	116.996	101.565	-18.7195	-0.026408	199.816	210.783	0.947967
8813	0.00803266	0.313784	116.996	101.565	-18.7147	-0.0264083	199.821	210.783	0.94799
8814	0.00803355	0.313784	116.996	101.565	-18.7113	-0.0264086	199.824	210.783	0.948006
8815	0.00803445	0.313784	116.996	101.565	-18.7094	-0.0264089	199.826	210.783	0.948015
8816	0.00803535	0.313784	116.996	101.565	-18.7091	-0.0264092	199.826	210.783	0.948017
8817	0.00803625	0.313784	116.996	101.565	-18.7103	-0.0264095	199.825	210.783	0.948011
8818	0.00803715	0.313784	116.996	101.565	-18.7132	-0.0264099	199.822	210.783	0.947997
8819	0.00803804	0.313784	116.996	101.565	-18.7178	-0.0264101	199.817	210.783	0.947975
8820	0.00803894	0.313784	116.996	101.565	-18.7241	-0.0264104	199.811	210.783	0.947945
8821	0.00803984	0.313784	116.996	101.565	-18.7331	-0.0264106	199.802	210.783	0.947903
8822	0.00804074	0.313784	116.996	101.565	-18.751	-0.0264105	199.784	210.783	0.947818
8823	0.00804163	0.313784	116.996	101.565	-18.7662	-0.0264104	199.769	210.783	0.947746
8824	0.00804253	0.313784	116.996	101.565	-18.7791	-0.0264103	199.756	210.783	0.947685
8825	0.00804343	0.313784	116.996	101.565	-18.7898	-0.0264101	199.745	210.783	0.947634
8826	0.00804433	0.313784	116.996	101.565	-18.7987	-0.0264099	199.737	210.783	0.947592
8827	0.00804523	0.313784	116.996	101.565	-18.8059	-0.0264097	199.729	210.783	0.947557
8828	0.00804612	0.313784	116.996	101.565	-18.8117	-0.0264095	199.723	210.783	0.94753
8829	0.00804702	0.313784	116.996	101.565	-18.8161	-0.0264092	199.719	210.783	0.947509
8830	0.00804792	0.313784	116.996	101.565	-18.8192	-0.026409	199.716	210.783	0.947494
8831	0.00804882	0.313784	116.996	101.565	-18.821	-0.0264088	199.714	210.783	0.947486
8832	0.00804972	0.313784	116.996	101.565	-18.8215	-0.0264086	199.714	210.783	0.947483
8833	0.00805061	0.313784	116.996	101.565	-18.8208	-0.0264084	199.714	210.783	0.947487
8834	0.00805151	0.313784	116.996	101.565	-18.819	-0.0264082	199.716	210.783	0.947495
8835	0.00805241	0.313784	116.996	101.565	-18.8161	-0.0264081	199.719	210.783	0.947509
8836	0.00805331	0.313784	116.996	101.565	-18.812	-0.026408	199.723	210.783	0.947528
8837	0.00805421	0.313784	116.996	101.565	-18.802	-0.0264082	199.733	210.783	0.947576
8838	0.0080551	0.313784	116.996	101.565	-18.7902	-0.0264083	199.745	210.783	0.947632
8839	0.008056	0.313784	116.997	101.565	-18.7782	-0.0264084	199.757	210.783	0.947688
8840	0.0080569	0.313784	116.997	101.565	-18.7665	-0.0264084	199.769	210.784	0.947744
8841	0.0080578	0.313784	116.997	101.565	-18.7553	-0.0264085	199.78	210.784	0.947797
8842	0.00805869	0.313784	116.997	101.565	-18.7447	-0.0264086	199.791	210.784	0.947848
8843	0.00805959	0.313785	116.997	101.565	-18.7349	-0.0264087	199.801	210.784	0.947894
8844	0.00806049	0.313785	116.997	101.565	-18.7261	-0.0264089	199.809	210.784	0.947935
8845	0.00806139	0.313785	116.997	101.565	-18.7185	-0.0264091	199.817	210.784	0.947971
8846	0.00806229	0.313785	116.997	101.565	-18.7123	-0.0264094	199.823	210.784	0.948001
8847	0.00806318	0.313785	116.997	101.565	-18.7074	-0.0264096	199.828	210.784	0.948024
8848	0.00806408	0.313785	116.997	101.565	-18.7039	-0.0264099	199.832	210.784	0.94804
8849	0.00806498	0.313785	116.997	101.565	-18.702	-0.0264103	199.834	210.784	0.948049
8850	0.00806588	0.313785	116.997	101.565	-18.7015	-0.0264106	199.834	210.784	0.948052
8851	0.00806677	0.313785	116.997	101.565	-18.7027	-0.0264109	199.833	210.784	0.948046
8852	0.00806767	0.313785	116.998	101.564	-18.7055	-0.0264112	199.83	210.784	0.948032
8853	0.00806857	0.313785	116.998	101.564	-18.7099	-0.0264115	199.826	210.784	0.948011
8854	0.00806947	0.313786	116.998	101.564	-18.7161	-0.0264118	199.82	210.784	0.947982
8855	0.00807037	0.313786	116.998	101.564	-18.7247	-0.026412	199.811	210.784	0.947941
8856	0.00807126	0.313786	116.998	101.564	-18.7412	-0.026412	199.795	210.784	0.947862
8857	0.00807216	0.313786	116.998	101.564	-18.7571	-0.0264119	199.779	210.785	0.947787
8858	0.00807306	0.313786	116.998	101.564	-18.7707	-0.0264118	199.765	210.785	0.947722
8859	0.00807396	0.313786	116.999	101.564	-18.7821	-0.0264116	199.754	210.785	0.947668
8860	0.00807485	0.313786	116.999	101.564	-18.7915	-0.0264114	199.745	210.785	0.947623
8861	0.00807575	0.313786	116.999	101.564	-18.7993	-0.0264112	199.737	210.785	0.947586
8862	0.00807665	0.313787	116.999	101.564	-18.8056	-0.026411	199.731	210.785	0.947556
8863	0.00807755	0.313787	116.999	101.563	-18.8105	-0.0264108	199.726	210.785	0.947532
8864	0.00807845	0.313787	116.999	101.563	-18.8141	-0.0264105	199.722	210.785	0.947515
8865	0.00807934	0.313787	117	101.563	-18.8163	-0.0264103	199.72	210.785	0.947504
8866	0.00808024	0.313787	117	101.563	-18.8173	-0.0264101	199.719	210.785	0.9475
8867	0.00808114	0.313787	117	101.563	-18.8171	-0.0264099	199.719	210.786	0.9475
8868	0.00808204	0.313788	117	101.563	-18.8157	-0.0264097	199.721	210.786	0.947507
8869	0.00808294	0.313788	117	101.563	-18.8132	-0.0264096	199.723	210.786	0.947518
8870	0.00808383	0.313788	117	101.563	-18.8098	-0.0264095	199.727	210.786	0.947534
8871	0.00808473	0.313788	117.001	101.562	-18.801	-0.0264096	199.736	210.786	0.947576
8872	0.00808563	0.313788	117.001	101.562	-18.7896	-0.0264097	199.747	210.786	0.94763
8873	0.00808653	0.313789	117.001	101.562	-18.7779	-0.0264098	199.759	210.786	0.947685
8874	0.00808743	0.313789	117.001	101.562	-18.7664	-0.0264098	199.771	210.786	0.947739
8875	0.00808832	0.313789	117.002	101.562	-18.7552	-0.0264099	199.782	210.787	0.947792
8876	0.00808922	0.313789	117.002	101.562	-18.7447	-0.02641	199.792	210.787	0.947841
8877	0.00809012	0.313789	117.002	101.562	-18.735	-0.0264101	199.802	210.787	0.947887
8878	0.00809102	0.31379	117.002	101.562	-18.7262	-0.0264103	199.811	210.787	0.947929
8879	0.00809191	0.31379	117.002	101.561	-18.7186	-0.0264105	199.819	210.787	0.947964
8880	0.00809281	0.31379	117.003	101.561	-18.7123	-0.0264107	199.825	210.787	0.947994
8881	0.00809371	0.31379	117.003	101.561	-18.7073	-0.026411	199.83	210.787	0.948018
8882	0.00809461	0.31379	117.003	101.561	-18.7038	-0.0264113	199.834	210.788	0.948034
8883	0.00809551	0.313791	117.003	101.561	-18.7017	-0.0264116	199.836	210.788	0.948044
8884	0.0080964	0.313791	117.004	101.561	-18.7011	-0.0264119	199.837	210.788	0.948046
8885	0.0080973	0.313791	117.004	101.56	-18.7021	-0.0264123	199.836	210.788	0.948041
8886	0.0080982	0.313791	117.004	101.56	-18.7048	-0.0264126	199.833	210.788	0.948028
8887	0.0080991	0.313792	117.004	101.56	-18.7091	-0.0264129	199.829	210.788	0.948007
8888	0.00809999	0.313792	117.005	101.56	-18.7151	-0.0264131	199.823	210.789	0.947978
8889	0.00810089	0.313792	117.005	101.56	-18.7234	-0.0264134	199.815	210.789	0.947939
8890	0.00810179	0.313793	117.005	101.559	-18.738	-0.0264134	199.8	210.789	0.947869
8891	0.00810269	0.313793	117.006	101.559	-18.7546	-0.0264133	199.784	210.789	0.94779
8892	0.00810359	0.313793	117.006	101.559	-18.7687	-0.0264132	199.77	210.789	0.947723
8893	0.00810448	0.313793	117.006	101.559	-18.7806	-0.026413	199.758	210.79	0.947666
8894	0.00810538	0.313794	117.006	101.559	-18.7905	-0.0264128	199.748	210.79	0.947618
8895	0.00810628	0.313794	117.007	101.559	-18.7987	-0.0264126	199.74	210.79	0.947579
8896	0.00810718	0.313794	117.007	101.558	-18.8055	-0.0264124	199.734	210.79	0.947547
8897	0.00810808	0.313794	117.007	101.558	-18.8108	-0.0264121	199.728	210.79	0.947521
8898	0.00810897	0.313795	117.008	101.558	-18.8147	-0.0264119	199.725	210.791	0.947503
8899	0.00810987	0.313795	117.008	101.558	-18.8173	-0.0264117	199.722	210.791	0.94749
8900	0.00811077	0.313795	117.008	101.558	-18.8187	-0.0264114	199.721	210.791	0.947483
8901	0.00811167	0.313796	117.009	101.557	-18.8189	-0.0264112	199.721	210.791	0.947482
8902	0.00811257	0.313796	117.009	101.557	-18.8179	-0.026411	199.722	210.791	0.947486
8903	0.00811346	0.313796	117.009	101.557	-18.8158	-0.0264109	199.724	210.792	0.947495
8904	0.00811436	0.313797	117.01	101.557	-18.8127	-0.0264108	199.727	210.792	0.947509
8905	0.00811526	0.313797	117.01	101.556	-18.8053	-0.0264108	199.735	210.792	0.947544
8906	0.00811616	0.313797	117.01	101.556	-18.7942	-0.026411	199.746	210.792	0.947597
8907	0.00811705	0.313797	117.011	101.556	-18.7827	-0.026411	199.757	210.792	0.947651
8908	0.00811795	0.313798	117.011	101.556	-18.7714	-0.0264111	199.769	210.793	0.947704
8909	0.00811885	0.313798	117.011	101.556	-18.7604	-0.0264112	199.78	210.793	0.947756
8910	0.00811975	0.313798	117.012	101.555	-18.75	-0.0264112	199.791	210.793	0.947805
8911	0.00812065	0.313799	117.012	101.555	-18.7403	-0.0264114	199.8	210.793	0.94785
8912	0.00812154	0.313799	117.012	101.555	-18.7315	-0.0264115	199.809	210.793	0.947892
8913	0.00812244	0.313799	117.013	101.555	-18.7239	-0.0264117	199.817	210.794	0.947927
8914	0.00812334	0.3138	117.013	101.555	-18.7175	-0.0264119	199.824	210.794	0.947957
8915	0.00812424	0.3138	117.013	101.554	-18.7124	-0.0264122	199.829	210.794	0.947981
8916	0.00812513	0.3138	117.014	101.554	-18.7088	-0.0264124	199.833	210.794	0.947998
8917	0.00812603	0.313801	117.014	101.554	-18.7066	-0.0264127	199.835	210.795	0.948008
8918	0.00812693	0.313801	117.014	101.554	-18.7059	-0.0264131	199.836	210.795	0.948011
8919	0.00812783	0.313801	117.015	101.553	-18.7068	-0.0264134	199.835	210.795	0.948006
8920	0.00812873	0.313802	117.015	101.553	-18.7093	-0.0264137	199.832	210.795	0.947994
8921	0.00812962	0.313802	117.015	101.553	-18.7135	-0.026414	199.828	210.795	0.947973
8922	0.00813052	0.313802	117.016	101.553	-18.7194	-0.0264142	199.823	210.796	0.947945
8923	0.00813142	0.313803	117.016	101.552	-18.7274	-0.0264144	199.815	210.796	0.947906
8924	0.00813232	0.313803	117.016	101.552	-18.7406	-0.0264145	199.802	210.796	0.947844
8925	0.00813321	0.313803	117.017	101.552	-18.7577	-0.0264144	199.785	210.796	0.947762
8926	0.00813411	0.313804	117.017	101.552	-18.7723	-0.0264143	199.77	210.797	0.947692
8927	0.00813501	0.313804	117.018	101.552	-18.7848	-0.0264141	199.758	210.797	0.947633
8928	0.00813591	0.313804	117.018	101.551	-18.7952	-0.0264139	199.748	210.797	0.947583
8929	0.00813681	0.313805	117.018	101.551	-18.8037	-0.0264137	199.739	210.797	0.947542
8930	0.0081377	0.313805	117.019	101.551	-18.8109	-0.0264135	199.732	210.798	0.947508
8931	0.0081386	0.313806	117.019	101.551	-18.8166	-0.0264132	199.727	210.798	0.94748
8932	0.0081395	0.313806	117.019	101.55	-18.8209	-0.026413	199.722	210.798	0.947459
8933	0.0081404	0.313806	117.02	101.55	-18.8239	-0.0264127	199.72	210.798	0.947444
8934	0.0081413	0.313807	117.02	101.55	-18.8257	-0.0264125	199.718	210.798	0.947435
8935	0.00814219	0.313807	117.021	101.55	-18.8263	-0.0264122	199.717	210.799	0.947432
8936	0.00814309	0.313807	117.021	101.549	-18.8257	-0.026412	199.718	210.799	0.947435
8937	0.00814399	0.313808	117.021	101.549	-18.824	-0.0264119	199.72	210.799	0.947442
8938	0.00814489	0.313808	117.022	101.549	-18.8213	-0.0264118	199.723	210.799	0.947455
8939	0.00814579	0.313808	117.022	101.549	-18.8151	-0.0264118	199.729	210.8	0.947483
8940	0.00814668	0.313809	117.023	101.548	-18.8045	-0.0264119	199.74	210.8	0.947533
8941	0.00814758	0.313809	117.023	101.548	-18.7933	-0.026412	199.751	210.8	0.947586
8942	0.00814848	0.31381	117.023	101.548	-18.7821	-0.026412	199.763	210.8	0.947639
8943	0.00814938	0.31381	117.024	101.548	-18.7712	-0.0264121	199.774	210.801	0.94769
8944	0.00815027	0.31381	117.024	101.547	-18.7609	-0.0264121	199.784	210.801	0.947738
8945	0.00815117	0.313811	117.024	101.547	-18.7512	-0.0264122	199.794	210.801	0.947784
8946	0.00815207	0.313811	117.025	101.547	-18.7425	-0.0264123	199.803	210.801	0.947825
8947	0.00815297	0.313811	117.025	101.547	-18.7348	-0.0264125	199.811	210.802	0.947861
8948	0.00815386	0.313812	117.026	101.546	-18.7283	-0.0264127	199.817	210.802	0.947891
8949	0.00815476	0.313812	117.026	101.546	-18.7232	-0.0264129	199.823	210.802	0.947915
8950	0.00815566	0.313813	117.026	101.546	-18.7194	-0.0264132	199.826	210.802	0.947932
8951	0.00815656	0.313813	117.027	101.546	-18.7171	-0.0264135	199.829	210.803	0.947943
8952	0.00815746	0.313813	117.027	101.545	-18.7163	-0.0264138	199.83	210.803	0.947946
8953	0.00815835	0.313814	117.028	101.545	-18.717	-0.0264141	199.829	210.803	0.947942
8954	0.00815925	0.313814	117.028	101.545	-18.7194	-0.0264144	199.827	210.804	0.947931
8955	0.00816015	0.313814	117.029	101.544	-18.7233	-0.0264147	199.823	210.804	0.947911
8956	0.00816105	0.313815	117.029	101.544	-18.729	-0.0264149	199.818	210.804	0.947884
8957	0.00816194	0.313815	117.029	101.544	-18.7367	-0.0264151	199.81	210.804	0.947847
8958	0.00816284	0.313816	117.03	101.544	-18.7483	-0.0264153	199.799	210.805	0.947791
8959	0.00816374	0.313816	117.03	101.543	-18.766	-0.0264152	199.781	210.805	0.947707
8960	0.00816464	0.313816	117.031	101.543	-18.7812	-0.026415	199.766	210.805	0.947634
8961	0.00816554	0.313817	117.031	101.543	-18.7941	-0.0264149	199.753	210.805	0.947573
8962	0.00816643	0.313817	117.031	101.543	-18.8049	-0.0264146	199.743	210.806	0.947521
8963	0.00816733	0.313818	117.032	101.542	-18.8139	-0.0264144	199.734	210.806	0.947478
8964	0.00816823	0.313818	117.032	101.542	-18.8214	-0.0264142	199.726	210.806	0.947441
8965	0.00816913	0.313818	117.033	101.542	-18.8275	-0.0264139	199.721	210.806	0.947412
8966	0.00817003	0.313819	117.033	101.541	-18.8322	-0.0264136	199.716	210.807	0.947389
8967	0.00817092	0.313819	117.034	101.541	-18.8355	-0.0264134	199.713	210.807	0.947373
8968	0.00817182	0.31382	117.034	101.541	-18.8377	-0.0264131	199.711	210.807	0.947362
8969	0.00817272	0.31382	117.034	101.541	-18.8386	-0.0264129	199.71	210.808	0.947358
8970	0.00817362	0.31382	117.035	101.54	-18.8383	-0.0264127	199.71	210.808	0.947358
8971	0.00817451	0.313821	117.035	101.54	-18.8369	-0.0264125	199.712	210.808	0.947364
8972	0.00817541	0.313821	117.036	101.54	-18.8345	-0.0264124	199.715	210.808	0.947375
8973	0.00817631	0.313822	117.036	101.54	-18.8297	-0.0264123	199.72	210.809	0.947397
8974	0.00817721	0.313822	117.037	101.539	-18.8196	-0.0264124	199.73	210.809	0.947445
8975	0.00817811	0.313823	117.037	101.539	-18.8085	-0.0264125	199.741	210.809	0.947497
8976	0.008179	0.313823	117.037	101.539	-18.7974	-0.0264125	199.752	210.809	0.947549
8977	0.0081799	0.313823	117.038	101.538	-18.7866	-0.0264125	199.763	210.81	0.9476
8978	0.0081808	0.313824	117.038	101.538	-18.7762	-0.0264126	199.774	210.81	0.947649
8979	0.0081817	0.313824	117.039	101.538	-18.7665	-0.0264127	199.784	210.81	0.947694
8980	0.00818259	0.313825	117.039	101.538	-18.7576	-0.0264128	199.793	210.811	0.947736
8981	0.00818349	0.313825	117.04	101.537	-18.7498	-0.0264129	199.801	210.811	0.947773
8982	0.00818439	0.313825	117.04	101.537	-18.7432	-0.0264131	199.807	210.811	0.947804
8983	0.00818529	0.313826	117.04	101.537	-18.7378	-0.0264133	199.813	210.811	0.947828
8984	0.00818619	0.313826	117.041	101.536	-18.7339	-0.0264136	199.817	210.812	0.947847
8985	0.00818708	0.313827	117.041	101.536	-18.7313	-0.0264138	199.82	210.812	0.947858
8986	0.00818798	0.313827	117.042	101.536	-18.7303	-0.0264141	199.821	210.812	0.947863
8987	0.00818888	0.313827	117.042	101.536	-18.7308	-0.0264144	199.821	210.812	0.94786
8988	0.00818978	0.313828	117.043	101.535	-18.7329	-0.0264147	199.819	210.813	0.947849
8989	0.00819067	0.313828	117.043	101.535	-18.7366	-0.026415	199.815	210.813	0.947831
8990	0.00819157	0.313829	117.043	101.535	-18.7419	-0.0264152	199.81	210.813	0.947805
8991	0.00819247	0.313829	117.044	101.535	-18.7491	-0.0264154	199.803	210.814	0.947771
8992	0.00819337	0.313829	117.044	101.534	-18.7593	-0.0264156	199.793	210.814	0.947722
8993	0.00819427	0.31383	117.045	101.534	-18.7776	-0.0264155	199.775	210.814	0.947635
8994	0.00819516	0.31383	117.045	101.534	-18.7932	-0.0264153	199.759	210.814	0.94756
8995	0.00819606	0.313831	117.046	101.533	-18.8066	-0.0264151	199.746	210.815	0.947496
8996	0.00819696	0.313831	117.046	101.533	-18.8179	-0.0264149	199.735	210.815	0.947442
8997	0.00819786	0.313832	117.046	101.533	-18.8273	-0.0264147	199.726	210.815	0.947396
8998	0.00819875	0.313832	117.047	101.533	-18.8352	-0.0264144	199.718	210.815	0.947359
8999	0.00819965	0.313832	117.047	101.532	-18.8416	-0.0264141	199.712	210.816	0.947328
9000	0.00820055	0.313833	117.048	101.532	-18.8466	-0.0264139	199.707	210.816	0.947303
9001	0.00820145	0.313833	117.048	101.532	-18.8503	-0.0264136	199.703	210.816	0.947285
9002	0.00820235	0.313834	117.049	101.531	-18.8528	-0.0264133	199.701	210.817	0.947273
9003	0.00820324	0.313834	117.049	101.531	-18.854	-0.026413	199.7	210.817	0.947267
9004	0.00820414	0.313834	117.049	101.531	-18.854	-0.0264128	199.7	210.817	0.947267
9005	0.00820504	0.313835	117.05	101.531	-18.8529	-0.0264126	199.701	210.817	0.947271
9006	0.00820594	0.313835	117.05	101.53	-18.8507	-0.0264125	199.704	210.818	0.947281
9007	0.00820684	0.313836	117.051	101.53	-18.8471	-0.0264124	199.707	210.818	0.947298
9008	0.00820773	0.313836	117.051	101.53	-18.8376	-0.0264124	199.717	210.818	0.947342
9009	0.00820863	0.313836	117.051	101.53	-18.8265	-0.0264125	199.728	210.818	0.947394
9010	0.00820953	0.313837	117.052	101.529	-18.8154	-0.0264125	199.739	210.819	0.947447
9011	0.00821043	0.313837	117.052	101.529	-18.8045	-0.0264125	199.75	210.819	0.947498
9012	0.00821132	0.313837	117.053	101.529	-18.794	-0.0264126	199.761	210.819	0.947547
9013	0.00821222	0.313838	117.053	101.529	-18.7841	-0.0264126	199.771	210.819	0.947594
9014	0.00821312	0.313838	117.053	101.528	-18.7751	-0.0264127	199.78	210.82	0.947636
9015	0.00821402	0.313839	117.054	101.528	-18.767	-0.0264128	199.788	210.82	0.947674
9016	0.00821491	0.313839	117.054	101.528	-18.7601	-0.026413	199.796	210.82	0.947706
9017	0.00821581	0.313839	117.055	101.528	-18.7545	-0.0264132	199.801	210.82	0.947732
9018	0.00821671	0.31384	117.055	101.527	-18.7503	-0.0264134	199.806	210.821	0.947752
9019	0.00821761	0.31384	117.055	101.527	-18.7474	-0.0264137	199.809	210.821	0.947765
9020	0.00821851	0.31384	117.056	101.527	-18.7461	-0.0264139	199.81	210.821	0.947771
9021	0.0082194	0.313841	117.056	101.527	-18.7462	-0.0264142	199.81	210.821	0.94777
9022	0.0082203	0.313841	117.056	101.526	-18.7479	-0.0264145	199.809	210.822	0.947761
9023	0.0082212	0.313841	117.057	101.526	-18.7513	-0.0264148	199.805	210.822	0.947745
9024	0.0082221	0.313842	117.057	101.526	-18.7562	-0.026415	199.801	210.822	0.947721
9025	0.00822299	0.313842	117.058	101.526	-18.7628	-0.0264152	199.794	210.822	0.947689
9026	0.00822389	0.313842	117.058	101.526	-18.7718	-0.0264154	199.785	210.822	0.947646
9027	0.00822479	0.313843	117.058	101.525	-18.7881	-0.0264154	199.769	210.823	0.947569
9028	0.00822569	0.313843	117.059	101.525	-18.8047	-0.0264152	199.753	210.823	0.94749
9029	0.00822659	0.313843	117.059	101.525	-18.8188	-0.026415	199.739	210.823	0.947422
9030	0.00822748	0.313844	117.059	101.525	-18.8308	-0.0264148	199.727	210.823	0.947365
9031	0.00822838	0.313844	117.059	101.524	-18.8408	-0.0264146	199.717	210.824	0.947317
9032	0.00822928	0.313844	117.06	101.524	-18.8491	-0.0264143	199.709	210.824	0.947277
9033	0.00823018	0.313845	117.06	101.524	-18.856	-0.026414	199.702	210.824	0.947244
9034	0.00823107	0.313845	117.06	101.524	-18.8614	-0.0264137	199.696	210.824	0.947218
9035	0.00823197	0.313845	117.061	101.524	-18.8654	-0.0264134	199.693	210.824	0.947199
9036	0.00823287	0.313845	117.061	101.524	-18.8682	-0.0264131	199.69	210.825	0.947185
9037	0.00823377	0.313846	117.061	101.523	-18.8697	-0.0264129	199.688	210.825	0.947178
9038	0.00823467	0.313846	117.062	101.523	-18.87	-0.0264126	199.688	210.825	0.947176
9039	0.00823556	0.313846	117.062	101.523	-18.8692	-0.0264124	199.689	210.825	0.94718
9040	0.00823646	0.313846	117.062	101.523	-18.8672	-0.0264122	199.691	210.825	0.947189
9041	0.00823736	0.313847	117.062	101.523	-18.8643	-0.0264121	199.694	210.825	0.947202
9042	0.00823826	0.313847	117.063	101.523	-18.8556	-0.0264121	199.703	210.826	0.947243
9043	0.00823915	0.313847	117.063	101.522	-18.8446	-0.0264122	199.714	210.826	0.947295
9044	0.00824005	0.313847	117.063	101.522	-18.8334	-0.0264122	199.725	210.826	0.947348
9045	0.00824095	0.313848	117.063	101.522	-18.8224	-0.0264122	199.737	210.826	0.9474
9046	0.00824185	0.313848	117.063	101.522	-18.8117	-0.0264122	199.747	210.826	0.94745
9047	0.00824275	0.313848	117.064	101.522	-18.8016	-0.0264122	199.757	210.826	0.947498
9048	0.00824364	0.313848	117.064	101.522	-18.7922	-0.0264123	199.767	210.826	0.947542
9049	0.00824454	0.313848	117.064	101.522	-18.7838	-0.0264124	199.775	210.827	0.947582
9050	0.00824544	0.313849	117.064	101.521	-18.7766	-0.0264126	199.783	210.827	0.947616
9051	0.00824634	0.313849	117.065	101.521	-18.7706	-0.0264127	199.789	210.827	0.947644
9052	0.00824723	0.313849	117.065	101.521	-18.7659	-0.026413	199.794	210.827	0.947666
9053	0.00824813	0.313849	117.065	101.521	-18.7627	-0.0264132	199.797	210.827	0.947681
9054	0.00824903	0.313849	117.065	101.521	-18.7609	-0.0264135	199.799	210.827	0.94769
9055	0.00824993	0.31385	117.065	101.521	-18.7606	-0.0264137	199.799	210.827	0.947691
9056	0.00825082	0.31385	117.065	101.521	-18.7618	-0.026414	199.798	210.827	0.947684
9057	0.00825172	0.31385	117.066	101.521	-18.7647	-0.0264143	199.795	210.828	0.947671
9058	0.00825262	0.31385	117.066	101.52	-18.7692	-0.0264145	199.791	210.828	0.947649
9059	0.00825352	0.31385	117.066	101.52	-18.7753	-0.0264147	199.785	210.828	0.94762
9060	0.00825442	0.31385	117.066	101.52	-18.7834	-0.0264149	199.777	210.828	0.947581
9061	0.00825531	0.31385	117.066	101.52	-18.7956	-0.026415	199.764	210.828	0.947523
9062	0.00825621	0.313851	117.066	101.52	-18.8133	-0.0264148	199.747	210.828	0.947439
9063	0.00825711	0.313851	117.066	101.52	-18.8284	-0.0264146	199.732	210.828	0.947367
9064	0.00825801	0.313851	117.067	101.52	-18.8412	-0.0264144	199.719	210.828	0.947307
9065	0.0082589	0.313851	117.067	101.52	-18.8519	-0.0264142	199.708	210.828	0.947256
9066	0.0082598	0.313851	117.067	101.52	-18.8607	-0.0264139	199.699	210.828	0.947214
9067	0.0082607	0.313851	117.067	101.52	-18.868	-0.0264136	199.692	210.828	0.947179
9068	0.0082616	0.313851	117.067	101.52	-18.8739	-0.0264133	199.686	210.828	0.947151
9069	0.0082625	0.313851	117.067	101.52	-18.8783	-0.026413	199.682	210.829	0.94713
9070	0.00826339	0.313851	117.067	101.52	-18.8814	-0.0264127	199.679	210.829	0.947115
9071	0.00826429	0.313852	117.067	101.519	-18.8832	-0.0264124	199.677	210.829	0.947106
9072	0.00826519	0.313852	117.067	101.519	-18.8838	-0.0264122	199.677	210.829	0.947103
9073	0.00826609	0.313852	117.067	101.519	-18.8833	-0.0264119	199.677	210.829	0.947106
9074	0.00826698	0.313852	117.068	101.519	-18.8816	-0.0264117	199.679	210.829	0.947114
9075	0.00826788	0.313852	117.068	101.519	-18.8788	-0.0264115	199.682	210.829	0.947127
9076	0.00826878	0.313852	117.068	101.519	-18.871	-0.0264115	199.689	210.829	0.947164
9077	0.00826968	0.313852	117.068	101.519	-18.8601	-0.0264116	199.7	210.829	0.947216
9078	0.00827058	0.313852	117.068	101.519	-18.8488	-0.0264116	199.712	210.829	0.947269
9079	0.00827147	0.313852	117.068	101.519	-18.8376	-0.0264116	199.723	210.829	0.947322
9080	0.00827237	0.313852	117.068	101.519	-18.8267	-0.0264116	199.734	210.829	0.947374
9081	0.00827327	0.313852	117.068	101.519	-18.8163	-0.0264116	199.744	210.829	0.947423
9082	0.00827417	0.313852	117.068	101.519	-18.8066	-0.0264116	199.754	210.829	0.947469
9083	0.00827506	0.313852	117.068	101.519	-18.7978	-0.0264117	199.763	210.829	0.947511
9084	0.00827596	0.313852	117.068	101.519	-18.7901	-0.0264119	199.771	210.829	0.947547
9085	0.00827686	0.313852	117.068	101.519	-18.7836	-0.026412	199.777	210.829	0.947578
9086	0.00827776	0.313852	117.068	101.519	-18.7785	-0.0264122	199.782	210.829	0.947602
9087	0.00827865	0.313852	117.068	101.519	-18.7748	-0.0264125	199.786	210.829	0.94762
9088	0.00827955	0.313852	117.068	101.519	-18.7725	-0.0264127	199.788	210.829	0.947631
9089	0.00828045	0.313852	117.068	101.519	-18.7717	-0.026413	199.789	210.829	0.947635
9090	0.00828135	0.313852	117.068	101.519	-18.7725	-0.0264133	199.788	210.829	0.947631
9091	0.00828225	0.313852	117.068	101.519	-18.7749	-0.0264135	199.786	210.829	0.94762
9092	0.00828314	0.313852	117.068	101.519	-18.7788	-0.0264138	199.782	210.829	0.947601
9093	0.00828404	0.313852	117.068	101.519	-18.7844	-0.026414	199.776	210.829	0.947574
9094	0.00828494	0.313852	117.068	101.519	-18.7918	-0.0264142	199.769	210.829	0.947539
9095	0.00828584	0.313852	117.068	101.519	-18.8022	-0.0264143	199.758	210.829	0.94749
9096	0.00828673	0.313852	117.068	101.519	-18.8203	-0.0264142	199.74	210.829	0.947404
9097	0.00828763	0.313852	117.068	101.519	-18.8357	-0.026414	199.725	210.829	0.947331
9098	0.00828853	0.313852	117.068	101.519	-18.8488	-0.0264138	199.712	210.829	0.947269
9099	0.00828943	0.313852	117.068	101.519	-18.8598	-0.0264135	199.701	210.829	0.947217
9100	0.00829032	0.313852	117.068	101.519	-18.8688	-0.0264132	199.692	210.829	0.947174
9101	0.00829122	0.313852	117.068	101.519	-18.8763	-0.026413	199.684	210.829	0.947139
9102	0.00829212	0.313852	117.068	101.519	-18.8823	-0.0264126	199.678	210.829	0.94711
9103	0.00829302	0.313852	117.068	101.519	-18.8868	-0.0264123	199.674	210.829	0.947089
9104	0.00829392	0.313852	117.068	101.519	-18.89	-0.026412	199.671	210.829	0.947073
9105	0.00829481	0.313852	117.068	101.519	-18.892	-0.0264117	199.669	210.829	0.947064
9106	0.00829571	0.313852	117.068	101.519	-18.8927	-0.0264115	199.668	210.829	0.947061
9107	0.00829661	0.313852	117.068	101.519	-18.8921	-0.0264112	199.668	210.829	0.947063
9108	0.00829751	0.313852	117.068	101.519	-18.8905	-0.026411	199.67	210.829	0.947071
9109	0.00829841	0.313852	117.068	101.519	-18.8878	-0.0264108	199.673	210.829	0.947084
9110	0.0082993	0.313852	117.068	101.519	-18.8802	-0.0264108	199.68	210.829	0.94712
9111	0.0083002	0.313852	117.068	101.519	-18.8692	-0.0264108	199.691	210.829	0.947172
9112	0.0083011	0.313852	117.068	101.519	-18.8577	-0.0264108	199.703	210.829	0.947227
9113	0.008302	0.313852	117.068	101.519	-18.8463	-0.0264108	199.714	210.829	0.947281
9114	0.00830289	0.313852	117.068	101.519	-18.8352	-0.0264108	199.725	210.829	0.947334
9115	0.00830379	0.313852	117.068	101.519	-18.8245	-0.0264108	199.736	210.829	0.947384
9116	0.00830469	0.313852	117.068	101.519	-18.8145	-0.0264109	199.746	210.829	0.947432
9117	0.00830559	0.313852	117.068	101.519	-18.8054	-0.026411	199.755	210.829	0.947475
9118	0.00830648	0.313852	117.068	101.519	-18.7974	-0.0264111	199.763	210.829	0.947513
9119	0.00830738	0.313852	117.068	101.519	-18.7906	-0.0264113	199.77	210.829	0.947545
9120	0.00830828	0.313852	117.068	101.519	-18.785	-0.0264115	199.775	210.829	0.947572
9121	0.00830918	0.313852	117.068	101.519	-18.7809	-0.0264117	199.78	210.829	0.947591
9122	0.00831008	0.313852	117.068	101.519	-18.7783	-0.026412	199.782	210.829	0.947604
9123	0.00831097	0.313852	117.068	101.519	-18.7771	-0.0264123	199.783	210.829	0.947609
9124	0.00831187	0.313852	117.068	101.519	-18.7775	-0.0264125	199.783	210.829	0.947607
9125	0.00831277	0.313852	117.068	101.519	-18.7795	-0.0264128	199.781	210.829	0.947598
9126	0.00831367	0.313852	117.068	101.519	-18.7831	-0.026413	199.777	210.829	0.947581
9127	0.00831456	0.313852	117.068	101.519	-18.7883	-0.0264133	199.772	210.829	0.947556
9128	0.00831546	0.313852	117.068	101.519	-18.7952	-0.0264135	199.765	210.829	0.947523
9129	0.00831636	0.313852	117.068	101.519	-18.8047	-0.0264136	199.756	210.829	0.947479
9130	0.00831726	0.313852	117.067	101.519	-18.8229	-0.0264135	199.738	210.829	0.947392
9131	0.00831815	0.313852	117.067	101.519	-18.8385	-0.0264133	199.722	210.829	0.947318
9132	0.00831905	0.313852	117.067	101.519	-18.8516	-0.0264131	199.709	210.829	0.947256
9133	0.00831995	0.313852	117.067	101.519	-18.8627	-0.0264128	199.698	210.829	0.947204
9134	0.00832085	0.313852	117.067	101.52	-18.8717	-0.0264126	199.689	210.829	0.947161
9135	0.00832175	0.313852	117.067	101.52	-18.8791	-0.0264123	199.681	210.829	0.947126
9136	0.00832264	0.313851	117.067	101.52	-18.8851	-0.026412	199.675	210.829	0.947097
9137	0.00832354	0.313851	117.067	101.52	-18.8897	-0.0264117	199.671	210.829	0.947076
9138	0.00832444	0.313851	117.067	101.52	-18.8929	-0.0264114	199.667	210.829	0.947061
9139	0.00832534	0.313851	117.067	101.52	-18.8948	-0.0264111	199.666	210.828	0.947052
9140	0.00832623	0.313851	117.067	101.52	-18.8954	-0.0264108	199.665	210.828	0.947049
9141	0.00832713	0.313851	117.067	101.52	-18.8948	-0.0264106	199.665	210.828	0.947052
9142	0.00832803	0.313851	117.067	101.52	-18.8931	-0.0264104	199.667	210.828	0.94706
9143	0.00832893	0.313851	117.067	101.52	-18.8903	-0.0264102	199.67	210.828	0.947074
9144	0.00832983	0.313851	117.067	101.52	-18.8825	-0.0264102	199.678	210.828	0.947111
9145	0.00833072	0.313851	117.066	101.52	-18.8713	-0.0264102	199.689	210.828	0.947164
9146	0.00833162	0.313851	117.066	101.52	-18.8597	-0.0264102	199.7	210.828	0.947219
9147	0.00833252	0.313851	117.066	101.52	-18.8481	-0.0264102	199.712	210.828	0.947274
9148	0.00833342	0.31385	117.066	101.52	-18.8367	-0.0264102	199.723	210.828	0.947328
9149	0.00833431	0.31385	117.066	101.52	-18.8258	-0.0264102	199.734	210.828	0.94738
9150	0.00833521	0.31385	117.066	101.52	-18.8156	-0.0264103	199.744	210.828	0.947429
9151	0.00833611	0.31385	117.066	101.521	-18.8062	-0.0264104	199.754	210.828	0.947473
9152	0.00833701	0.31385	117.066	101.521	-18.7979	-0.0264105	199.762	210.828	0.947513
9153	0.00833791	0.31385	117.065	101.521	-18.7908	-0.0264107	199.769	210.828	0.947547
9154	0.0083388	0.31385	117.065	101.521	-18.7851	-0.0264109	199.775	210.827	0.947574
9155	0.0083397	0.31385	117.065	101.521	-18.7807	-0.0264112	199.779	210.827	0.947595
9156	0.0083406	0.31385	117.065	101.521	-18.7778	-0.0264115	199.782	210.827	0.947609
9157	0.0083415	0.313849	117.065	101.521	-18.7764	-0.0264117	199.783	210.827	0.947616
9158	0.00834239	0.313849	117.065	101.521	-18.7766	-0.026412	199.783	210.827	0.947615
9159	0.00834329	0.313849	117.065	101.521	-18.7784	-0.0264123	199.781	210.827	0.947607
9160	0.00834419	0.313849	117.064	101.521	-18.7817	-0.0264125	199.778	210.827	0.947591
9161	0.00834509	0.313849	117.064	101.521	-18.7867	-0.0264128	199.773	210.827	0.947568
9162	0.00834598	0.313849	117.064	101.522	-18.7932	-0.026413	199.766	210.827	0.947537
9163	0.00834688	0.313849	117.064	101.522	-18.8022	-0.0264131	199.757	210.827	0.947494
9164	0.00834778	0.313848	117.064	101.522	-18.8195	-0.0264131	199.74	210.827	0.947413
9165	0.00834868	0.313848	117.064	101.522	-18.8352	-0.0264129	199.724	210.826	0.947338
9166	0.00834958	0.313848	117.064	101.522	-18.8485	-0.0264127	199.711	210.826	0.947275
9167	0.00835047	0.313848	117.063	101.522	-18.8596	-0.0264125	199.699	210.826	0.947223
9168	0.00835137	0.313848	117.063	101.522	-18.8688	-0.0264122	199.69	210.826	0.94718
9169	0.00835227	0.313848	117.063	101.522	-18.8762	-0.0264119	199.683	210.826	0.947145
9170	0.00835317	0.313847	117.063	101.522	-18.8822	-0.0264117	199.677	210.826	0.947116
9171	0.00835406	0.313847	117.063	101.523	-18.8867	-0.0264114	199.672	210.826	0.947095
9172	0.00835496	0.313847	117.062	101.523	-18.8899	-0.0264111	199.669	210.826	0.94708
9173	0.00835586	0.313847	117.062	101.523	-18.8917	-0.0264108	199.667	210.826	0.947072
9174	0.00835676	0.313847	117.062	101.523	-18.8923	-0.0264105	199.666	210.825	0.947069
9175	0.00835766	0.313846	117.062	101.523	-18.8916	-0.0264103	199.667	210.825	0.947073
9176	0.00835855	0.313846	117.062	101.523	-18.8898	-0.0264101	199.669	210.825	0.947082
9177	0.00835945	0.313846	117.061	101.523	-18.8869	-0.0264099	199.671	210.825	0.947096
9178	0.00836035	0.313846	117.061	101.523	-18.8792	-0.0264099	199.679	210.825	0.947133
9179	0.00836125	0.313846	117.061	101.524	-18.8679	-0.0264099	199.69	210.825	0.947186
9180	0.00836214	0.313846	117.061	101.524	-18.8561	-0.02641	199.702	210.825	0.947243
9181	0.00836304	0.313845	117.061	101.524	-18.8443	-0.02641	199.714	210.824	0.947299
9182	0.00836394	0.313845	117.06	101.524	-18.8327	-0.02641	199.725	210.824	0.947354
9183	0.00836484	0.313845	117.06	101.524	-18.8216	-0.02641	199.736	210.824	0.947407
9184	0.00836574	0.313845	117.06	101.524	-18.8111	-0.0264101	199.747	210.824	0.947457
9185	0.00836663	0.313844	117.06	101.524	-18.8015	-0.0264102	199.756	210.824	0.947503
9186	0.00836753	0.313844	117.059	101.525	-18.793	-0.0264104	199.765	210.824	0.947543
9187	0.00836843	0.313844	117.059	101.525	-18.7857	-0.0264105	199.772	210.824	0.947578
9188	0.00836933	0.313844	117.059	101.525	-18.7797	-0.0264108	199.778	210.823	0.947607
9189	0.00837022	0.313844	117.059	101.525	-18.7751	-0.026411	199.782	210.823	0.947629
9190	0.00837112	0.313843	117.058	101.525	-18.772	-0.0264113	199.785	210.823	0.947644
9191	0.00837202	0.313843	117.058	101.525	-18.7704	-0.0264116	199.787	210.823	0.947652
9192	0.00837292	0.313843	117.058	101.526	-18.7703	-0.0264119	199.787	210.823	0.947653
9193	0.00837381	0.313843	117.058	101.526	-18.7718	-0.0264122	199.785	210.823	0.947646
9194	0.00837471	0.313842	117.057	101.526	-18.775	-0.0264125	199.782	210.823	0.947631
9195	0.00837561	0.313842	117.057	101.526	-18.7797	-0.0264127	199.777	210.822	0.947609
9196	0.00837651	0.313842	117.057	101.526	-18.786	-0.0264129	199.771	210.822	0.94758
9197	0.00837741	0.313842	117.057	101.526	-18.7946	-0.0264131	199.762	210.822	0.947539
9198	0.0083783	0.313841	117.056	101.527	-18.8099	-0.0264131	199.747	210.822	0.947467
9199	0.0083792	0.313841	117.056	101.527	-18.826	-0.026413	199.73	210.822	0.947391
9200	0.0083801	0.313841	117.056	101.527	-18.8396	-0.0264128	199.717	210.821	0.947326
9201	0.008381	0.313841	117.056	101.527	-18.851	-0.0264125	199.705	210.821	0.947273
9202	0.00838189	0.31384	117.055	101.527	-18.8604	-0.0264123	199.696	210.821	0.947229
9203	0.00838279	0.31384	117.055	101.528	-18.8679	-0.026412	199.688	210.821	0.947193
9204	0.00838369	0.31384	117.055	101.528	-18.874	-0.0264118	199.682	210.821	0.947165
9205	0.00838459	0.31384	117.054	101.528	-18.8786	-0.0264115	199.677	210.821	0.947143
9206	0.00838549	0.313839	117.054	101.528	-18.8818	-0.0264112	199.674	210.82	0.947128
9207	0.00838638	0.313839	117.054	101.528	-18.8837	-0.0264109	199.672	210.82	0.94712
9208	0.00838728	0.313839	117.054	101.528	-18.8843	-0.0264107	199.671	210.82	0.947117
9209	0.00838818	0.313838	117.053	101.529	-18.8836	-0.0264104	199.672	210.82	0.947121
9210	0.00838908	0.313838	117.053	101.529	-18.8818	-0.0264102	199.674	210.82	0.94713
9211	0.00838998	0.313838	117.053	101.529	-18.8789	-0.0264101	199.676	210.819	0.947144
9212	0.00839087	0.313838	117.052	101.529	-18.872	-0.02641	199.683	210.819	0.947177
9213	0.00839177	0.313837	117.052	101.529	-18.8608	-0.0264101	199.694	210.819	0.947231
9214	0.00839267	0.313837	117.052	101.53	-18.8488	-0.0264101	199.706	210.819	0.947288
9215	0.00839357	0.313837	117.051	101.53	-18.8368	-0.0264101	199.718	210.819	0.947345
9216	0.00839446	0.313836	117.051	101.53	-18.8251	-0.0264101	199.73	210.818	0.947401
9217	0.00839536	0.313836	117.051	101.53	-18.8137	-0.0264102	199.741	210.818	0.947455
9218	0.00839626	0.313836	117.05	101.53	-18.803	-0.0264103	199.752	210.818	0.947507
9219	0.00839716	0.313835	117.05	101.531	-18.7931	-0.0264104	199.761	210.818	0.947554
9220	0.00839806	0.313835	117.05	101.531	-18.7843	-0.0264105	199.77	210.818	0.947596
9221	0.00839895	0.313835	117.05	101.531	-18.7767	-0.0264107	199.777	210.817	0.947632
9222	0.00839985	0.313835	117.049	101.531	-18.7704	-0.0264109	199.784	210.817	0.947663
9223	0.00840075	0.313834	117.049	101.531	-18.7655	-0.0264112	199.788	210.817	0.947686
9224	0.00840165	0.313834	117.049	101.532	-18.7621	-0.0264115	199.792	210.817	0.947703
9225	0.00840254	0.313834	117.048	101.532	-18.7602	-0.0264118	199.794	210.817	0.947713
9226	0.00840344	0.313833	117.048	101.532	-18.7598	-0.0264121	199.794	210.816	0.947715
9227	0.00840434	0.313833	117.048	101.532	-18.761	-0.0264124	199.792	210.816	0.947709
9228	0.00840524	0.313833	117.047	101.533	-18.7638	-0.0264126	199.79	210.816	0.947696
9229	0.00840613	0.313832	117.047	101.533	-18.7682	-0.0264129	199.785	210.816	0.947676
9230	0.00840703	0.313832	117.047	101.533	-18.7742	-0.0264131	199.779	210.816	0.947648
9231	0.00840793	0.313832	117.046	101.533	-18.7824	-0.0264133	199.771	210.815	0.94761
9232	0.00840883	0.313831	117.046	101.533	-18.7957	-0.0264133	199.757	210.815	0.947547
9233	0.00840973	0.313831	117.046	101.534	-18.8123	-0.0264132	199.74	210.815	0.947468
9234	0.00841062	0.313831	117.045	101.534	-18.8264	-0.026413	199.726	210.815	0.947402
9235	0.00841152	0.31383	117.045	101.534	-18.8381	-0.0264128	199.714	210.814	0.947347
9236	0.00841242	0.31383	117.045	101.534	-18.8477	-0.0264126	199.705	210.814	0.947302
9237	0.00841332	0.31383	117.044	101.534	-18.8555	-0.0264123	199.697	210.814	0.947265
9238	0.00841422	0.31383	117.044	101.535	-18.8618	-0.0264121	199.69	210.814	0.947236
9239	0.00841511	0.313829	117.044	101.535	-18.8665	-0.0264118	199.686	210.814	0.947213
9240	0.00841601	0.313829	117.043	101.535	-18.8699	-0.0264115	199.682	210.813	0.947198
9241	0.00841691	0.313829	117.043	101.535	-18.8719	-0.0264112	199.68	210.813	0.947189
9242	0.00841781	0.313828	117.043	101.536	-18.8726	-0.026411	199.679	210.813	0.947186
9243	0.0084187	0.313828	117.042	101.536	-18.8721	-0.0264107	199.68	210.813	0.947189
9244	0.0084196	0.313828	117.042	101.536	-18.8704	-0.0264105	199.681	210.813	0.947197
9245	0.0084205	0.313827	117.042	101.536	-18.8675	-0.0264103	199.684	210.812	0.947211
9246	0.0084214	0.313827	117.041	101.536	-18.8631	-0.0264102	199.688	210.812	0.947232
9247	0.0084223	0.313827	117.041	101.537	-18.8527	-0.0264103	199.699	210.812	0.947282
9248	0.00842319	0.313827	117.041	101.537	-18.8406	-0.0264103	199.71	210.812	0.94734
9249	0.00842409	0.313826	117.04	101.537	-18.8284	-0.0264104	199.723	210.812	0.947398
9250	0.00842499	0.313826	117.04	101.537	-18.8164	-0.0264104	199.734	210.811	0.947456
9251	0.00842589	0.313826	117.04	101.537	-18.8047	-0.0264104	199.746	210.811	0.947511
9252	0.00842679	0.313825	117.039	101.538	-18.7937	-0.0264105	199.757	210.811	0.947564
9253	0.00842768	0.313825	117.039	101.538	-18.7834	-0.0264106	199.767	210.811	0.947613
9254	0.00842858	0.313825	117.039	101.538	-18.7742	-0.0264107	199.776	210.811	0.947657
9255	0.00842948	0.313824	117.039	101.538	-18.7661	-0.0264109	199.784	210.81	0.947696
9256	0.00843038	0.313824	117.038	101.538	-18.7593	-0.0264111	199.791	210.81	0.947728
9257	0.00843127	0.313824	117.038	101.538	-18.7539	-0.0264114	199.796	210.81	0.947754
9258	0.00843217	0.313824	117.038	101.539	-18.7499	-0.0264116	199.8	210.81	0.947773
9259	0.00843307	0.313823	117.037	101.539	-18.7475	-0.0264119	199.802	210.81	0.947785
9260	0.00843397	0.313823	117.037	101.539	-18.7465	-0.0264122	199.803	210.81	0.94779
9261	0.00843486	0.313823	117.037	101.539	-18.7472	-0.0264125	199.802	210.809	0.947787
9262	0.00843576	0.313823	117.037	101.539	-18.7495	-0.0264128	199.8	210.809	0.947777
9263	0.00843666	0.313822	117.036	101.54	-18.7533	-0.0264131	199.796	210.809	0.947759
9264	0.00843756	0.313822	117.036	101.54	-18.7588	-0.0264134	199.791	210.809	0.947733
9265	0.00843846	0.313822	117.036	101.54	-18.7661	-0.0264136	199.783	210.809	0.947699
9266	0.00843935	0.313822	117.036	101.54	-18.7767	-0.0264137	199.773	210.809	0.947649
9267	0.00844025	0.313821	117.035	101.54	-18.7942	-0.0264136	199.755	210.808	0.947566
9268	0.00844115	0.313821	117.035	101.54	-18.809	-0.0264134	199.74	210.808	0.947497
9269	0.00844205	0.313821	117.035	101.54	-18.8214	-0.0264132	199.728	210.808	0.947438
9270	0.00844294	0.313821	117.035	101.541	-18.8317	-0.026413	199.717	210.808	0.947389
9271	0.00844384	0.31382	117.034	101.541	-18.84	-0.0264128	199.709	210.808	0.94735
9272	0.00844474	0.31382	117.034	101.541	-18.8467	-0.0264125	199.702	210.808	0.947319
9273	0.00844564	0.31382	117.034	101.541	-18.8519	-0.0264122	199.697	210.808	0.947294
9274	0.00844654	0.31382	117.034	101.541	-18.8557	-0.026412	199.693	210.807	0.947276
9275	0.00844743	0.31382	117.034	101.541	-18.8581	-0.0264117	199.69	210.807	0.947265
9276	0.00844833	0.313819	117.033	101.541	-18.8592	-0.0264114	199.689	210.807	0.94726
9277	0.00844923	0.313819	117.033	101.542	-18.8591	-0.0264112	199.689	210.807	0.947261
9278	0.00845013	0.313819	117.033	101.542	-18.8577	-0.026411	199.691	210.807	0.947268
9279	0.00845103	0.313819	117.033	101.542	-18.8552	-0.0264108	199.693	210.807	0.94728
9280	0.00845192	0.313819	117.033	101.542	-18.8516	-0.0264106	199.697	210.807	0.947297
9281	0.00845282	0.313819	117.033	101.542	-18.8429	-0.0264107	199.705	210.807	0.947339
9282	0.00845372	0.313818	117.032	101.542	-18.831	-0.0264107	199.717	210.806	0.947395
9283	0.00845462	0.313818	117.032	101.542	-18.8188	-0.0264108	199.729	210.806	0.947453
9284	0.00845552	0.313818	117.032	101.542	-18.8067	-0.0264108	199.741	210.806	0.947511
9285	0.00845641	0.313818	117.032	101.542	-18.7949	-0.0264108	199.753	210.806	0.947567
9286	0.00845731	0.313818	117.032	101.542	-18.7837	-0.0264109	199.764	210.806	0.947621
9287	0.00845821	0.313818	117.032	101.543	-18.7731	-0.026411	199.775	210.806	0.947671
9288	0.00845911	0.313818	117.032	101.543	-18.7636	-0.0264111	199.784	210.806	0.947716
9289	0.00846	0.313818	117.031	101.543	-18.7551	-0.0264113	199.793	210.806	0.947756
9290	0.0084609	0.313817	117.031	101.543	-18.7479	-0.0264115	199.8	210.806	0.947791
9291	0.0084618	0.313817	117.031	101.543	-18.7421	-0.0264118	199.806	210.806	0.947818
9292	0.0084627	0.313817	117.031	101.543	-18.7377	-0.0264121	199.81	210.806	0.947839
9293	0.0084636	0.313817	117.031	101.543	-18.7348	-0.0264124	199.813	210.806	0.947853
9294	0.00846449	0.313817	117.031	101.543	-18.7334	-0.0264127	199.814	210.805	0.94786
9295	0.00846539	0.313817	117.031	101.543	-18.7337	-0.026413	199.814	210.805	0.947859
9296	0.00846629	0.313817	117.031	101.543	-18.7355	-0.0264133	199.812	210.805	0.947851
9297	0.00846719	0.313817	117.031	101.543	-18.7389	-0.0264136	199.809	210.805	0.947834
9298	0.00846808	0.313817	117.031	101.543	-18.7439	-0.0264139	199.803	210.805	0.947811
9299	0.00846898	0.313817	117.031	101.543	-18.7508	-0.0264141	199.797	210.805	0.947778
9300	0.00846988	0.313817	117.03	101.543	-18.7605	-0.0264142	199.787	210.805	0.947732
9301	0.00847078	0.313817	117.03	101.543	-18.7782	-0.0264142	199.769	210.805	0.947648
9302	0.00847168	0.313816	117.03	101.543	-18.7933	-0.026414	199.754	210.805	0.947577
9303	0.00847257	0.313816	117.03	101.543	-18.806	-0.0264138	199.741	210.805	0.947517
9304	0.00847347	0.313816	117.03	101.543	-18.8165	-0.0264136	199.731	210.805	0.947467
9305	0.00847437	0.313816	117.03	101.543	-18.8251	-0.0264134	199.722	210.805	0.947426
9306	0.00847527	0.313816	117.03	101.544	-18.8321	-0.0264132	199.715	210.805	0.947393
9307	0.00847617	0.313816	117.03	101.544	-18.8376	-0.0264129	199.71	210.805	0.947367
9308	0.00847706	0.313816	117.03	101.544	-18.8417	-0.0264126	199.706	210.805	0.947348
9309	0.00847796	0.313816	117.03	101.544	-18.8444	-0.0264124	199.703	210.805	0.947335
9310	0.00847886	0.313816	117.03	101.544	-18.8458	-0.0264121	199.701	210.805	0.947328
9311	0.00847976	0.313816	117.03	101.544	-18.8459	-0.0264119	199.701	210.805	0.947328
9312	0.00848065	0.313816	117.03	101.544	-18.8448	-0.0264117	199.702	210.805	0.947333
9313	0.00848155	0.313816	117.03	101.544	-18.8426	-0.0264115	199.705	210.805	0.947343
9314	0.00848245	0.313816	117.03	101.544	-18.8393	-0.0264113	199.708	210.805	0.947359
9315	0.00848335	0.313816	117.03	101.544	-18.8318	-0.0264113	199.715	210.805	0.947395
9316	0.00848425	0.313816	117.03	101.544	-18.8203	-0.0264114	199.727	210.805	0.947449
9317	0.00848514	0.313816	117.03	101.544	-18.8082	-0.0264115	199.739	210.805	0.947506
9318	0.00848604	0.313816	117.03	101.544	-18.7961	-0.0264116	199.751	210.805	0.947564
9319	0.00848694	0.313816	117.03	101.544	-18.7844	-0.0264116	199.763	210.805	0.94762
9320	0.00848784	0.313816	117.03	101.544	-18.7731	-0.0264117	199.774	210.805	0.947673
9321	0.00848874	0.313816	117.03	101.544	-18.7625	-0.0264118	199.785	210.805	0.947723
9322	0.00848963	0.313816	117.03	101.544	-18.7528	-0.0264119	199.794	210.805	0.947769
9323	0.00849053	0.313816	117.03	101.543	-18.7443	-0.0264121	199.803	210.805	0.94781
9324	0.00849143	0.313816	117.03	101.543	-18.7369	-0.0264123	199.81	210.805	0.947845
9325	0.00849233	0.313816	117.03	101.543	-18.7309	-0.0264126	199.816	210.805	0.947873
9326	0.00849322	0.313816	117.03	101.543	-18.7263	-0.0264129	199.821	210.805	0.947895
9327	0.00849412	0.313816	117.03	101.543	-18.7233	-0.0264132	199.824	210.805	0.947909
9328	0.00849502	0.313816	117.03	101.543	-18.7217	-0.0264135	199.826	210.805	0.947917
9329	0.00849592	0.313816	117.03	101.543	-18.7217	-0.0264138	199.826	210.805	0.947917
9330	0.00849682	0.313816	117.03	101.543	-18.7233	-0.0264142	199.824	210.805	0.947909
9331	0.00849771	0.313816	117.03	101.543	-18.7266	-0.0264145	199.821	210.805	0.947893
9332	0.00849861	0.313817	117.03	101.543	-18.7315	-0.0264147	199.816	210.805	0.94787
9333	0.00849951	0.313817	117.03	101.543	-18.7382	-0.026415	199.809	210.805	0.947838
9334	0.00850041	0.313817	117.031	101.543	-18.7479	-0.0264151	199.799	210.805	0.947792
9335	0.0085013	0.313817	117.031	101.543	-18.7657	-0.0264151	199.782	210.805	0.947708
9336	0.0085022	0.313817	117.031	101.543	-18.7808	-0.0264149	199.767	210.805	0.947636
9337	0.0085031	0.313817	117.031	101.543	-18.7936	-0.0264148	199.754	210.805	0.947575
9338	0.008504	0.313817	117.031	101.543	-18.8042	-0.0264146	199.743	210.805	0.947525
9339	0.0085049	0.313817	117.031	101.543	-18.8129	-0.0264143	199.734	210.805	0.947483
9340	0.00850579	0.313817	117.031	101.543	-18.8201	-0.0264141	199.727	210.805	0.947449
9341	0.00850669	0.313817	117.031	101.543	-18.8257	-0.0264139	199.722	210.805	0.947422
9342	0.00850759	0.313817	117.031	101.543	-18.83	-0.0264136	199.717	210.805	0.947402
9343	0.00850849	0.313817	117.031	101.543	-18.8329	-0.0264133	199.715	210.805	0.947389
9344	0.00850939	0.313817	117.031	101.543	-18.8345	-0.0264131	199.713	210.805	0.947381
9345	0.00851028	0.313817	117.031	101.543	-18.8348	-0.0264129	199.713	210.805	0.947379
9346	0.00851118	0.313817	117.031	101.543	-18.8339	-0.0264127	199.714	210.805	0.947384
9347	0.00851208	0.313817	117.031	101.543	-18.8319	-0.0264125	199.716	210.805	0.947393
9348	0.00851298	0.313817	117.031	101.543	-18.8288	-0.0264124	199.719	210.805	0.947408
9349	0.00851388	0.313817	117.031	101.543	-18.8224	-0.0264124	199.725	210.805	0.947438
9350	0.00851477	0.313817	117.031	101.543	-18.8113	-0.0264125	199.736	210.805	0.947491
9351	0.00851567	0.313817	117.031	101.543	-18.7993	-0.0264126	199.748	210.805	0.947548
9352	0.00851657	0.313817	117.031	101.543	-18.7873	-0.0264126	199.76	210.805	0.947604
9353	0.00851747	0.313817	117.031	101.543	-18.7756	-0.0264127	199.772	210.806	0.94766
9354	0.00851837	0.313817	117.031	101.543	-18.7643	-0.0264128	199.783	210.806	0.947713
9355	0.00851926	0.313817	117.031	101.543	-18.7538	-0.0264129	199.794	210.806	0.947763
9356	0.00852016	0.313817	117.031	101.543	-18.7441	-0.026413	199.804	210.806	0.947809
9357	0.00852106	0.313817	117.031	101.543	-18.7354	-0.0264132	199.812	210.806	0.94785
9358	0.00852196	0.313817	117.031	101.543	-18.728	-0.0264134	199.82	210.806	0.947885
9359	0.00852285	0.313817	117.031	101.543	-18.722	-0.0264137	199.826	210.806	0.947914
9360	0.00852375	0.313817	117.031	101.543	-18.7173	-0.026414	199.83	210.806	0.947936
9361	0.00852465	0.313817	117.031	101.543	-18.7141	-0.0264143	199.834	210.806	0.947951
9362	0.00852555	0.313817	117.031	101.543	-18.7125	-0.0264146	199.835	210.806	0.947959
9363	0.00852645	0.313818	117.032	101.543	-18.7124	-0.026415	199.835	210.806	0.947959
9364	0.00852734	0.313818	117.032	101.543	-18.7139	-0.0264153	199.834	210.806	0.947952
9365	0.00852824	0.313818	117.032	101.542	-18.7171	-0.0264156	199.831	210.806	0.947937
9366	0.00852914	0.313818	117.032	101.542	-18.7219	-0.0264159	199.826	210.806	0.947914
9367	0.00853004	0.313818	117.032	101.542	-18.7286	-0.0264161	199.819	210.806	0.947882
9368	0.00853093	0.313818	117.032	101.542	-18.7382	-0.0264163	199.81	210.806	0.947836
9369	0.00853183	0.313818	117.032	101.542	-18.7561	-0.0264162	199.792	210.806	0.947751
9370	0.00853273	0.313818	117.032	101.542	-18.7713	-0.0264161	199.777	210.806	0.947679
9371	0.00853363	0.313818	117.032	101.542	-18.7842	-0.026416	199.764	210.806	0.947618
9372	0.00853453	0.313818	117.033	101.542	-18.795	-0.0264158	199.753	210.806	0.947566
9373	0.00853542	0.313819	117.033	101.542	-18.8039	-0.0264155	199.744	210.807	0.947524
9374	0.00853632	0.313819	117.033	101.542	-18.8112	-0.0264153	199.737	210.807	0.947489
9375	0.00853722	0.313819	117.033	101.542	-18.8171	-0.0264151	199.731	210.807	0.947461
9376	0.00853812	0.313819	117.033	101.542	-18.8215	-0.0264148	199.727	210.807	0.94744
9377	0.00853902	0.313819	117.033	101.541	-18.8246	-0.0264146	199.724	210.807	0.947425
9378	0.00853991	0.313819	117.034	101.541	-18.8264	-0.0264143	199.722	210.807	0.947416
9379	0.00854081	0.31382	117.034	101.541	-18.827	-0.0264141	199.722	210.807	0.947413
9380	0.00854171	0.31382	117.034	101.541	-18.8263	-0.0264139	199.722	210.807	0.947416
9381	0.00854261	0.31382	117.034	101.541	-18.8245	-0.0264137	199.724	210.807	0.947425
9382	0.00854351	0.31382	117.034	101.541	-18.8216	-0.0264136	199.727	210.808	0.947438
9383	0.0085444	0.31382	117.035	101.541	-18.8169	-0.0264136	199.732	210.808	0.94746
9384	0.0085453	0.313821	117.035	101.54	-18.8064	-0.0264137	199.742	210.808	0.947509
9385	0.0085462	0.313821	117.035	101.54	-18.7946	-0.0264138	199.754	210.808	0.947565
9386	0.0085471	0.313821	117.035	101.54	-18.7828	-0.0264139	199.766	210.808	0.947621
9387	0.008548	0.313821	117.035	101.54	-18.7711	-0.0264139	199.778	210.808	0.947676
9388	0.00854889	0.313821	117.036	101.54	-18.7599	-0.026414	199.789	210.808	0.947729
9389	0.00854979	0.313822	117.036	101.54	-18.7494	-0.0264141	199.8	210.809	0.947779
9390	0.00855069	0.313822	117.036	101.54	-18.7397	-0.0264143	199.81	210.809	0.947824
9391	0.00855159	0.313822	117.037	101.539	-18.7311	-0.0264145	199.818	210.809	0.947865
9392	0.00855248	0.313822	117.037	101.539	-18.7236	-0.0264147	199.826	210.809	0.9479
9393	0.00855338	0.313823	117.037	101.539	-18.7175	-0.0264149	199.832	210.809	0.947929
9394	0.00855428	0.313823	117.037	101.539	-18.7128	-0.0264152	199.837	210.809	0.947951
9395	0.00855518	0.313823	117.038	101.539	-18.7095	-0.0264155	199.84	210.81	0.947966
9396	0.00855608	0.313823	117.038	101.538	-18.7078	-0.0264159	199.842	210.81	0.947974
9397	0.00855697	0.313824	117.038	101.538	-18.7076	-0.0264162	199.842	210.81	0.947974
9398	0.00855787	0.313824	117.038	101.538	-18.709	-0.0264165	199.841	210.81	0.947967
9399	0.00855877	0.313824	117.039	101.538	-18.7121	-0.0264168	199.838	210.81	0.947952
9400	0.00855967	0.313825	117.039	101.538	-18.7168	-0.0264171	199.834	210.811	0.94793
9401	0.00856056	0.313825	117.039	101.537	-18.7233	-0.0264174	199.827	210.811	0.947898
9402	0.00856146	0.313825	117.04	101.537	-18.7324	-0.0264176	199.818	210.811	0.947855
9403	0.00856236	0.313825	117.04	101.537	-18.7507	-0.0264175	199.8	210.811	0.947768
9404	0.00856326	0.313826	117.04	101.537	-18.7662	-0.0264174	199.785	210.811	0.947694
9405	0.00856416	0.313826	117.041	101.537	-18.7794	-0.0264172	199.771	210.812	0.94763
9406	0.00856505	0.313826	117.041	101.536	-18.7906	-0.026417	199.76	210.812	0.947577
9407	0.00856595	0.313827	117.041	101.536	-18.7998	-0.0264168	199.751	210.812	0.947533
9408	0.00856685	0.313827	117.042	101.536	-18.8075	-0.0264166	199.744	210.812	0.947496
9409	0.00856775	0.313827	117.042	101.536	-18.8137	-0.0264164	199.738	210.812	0.947467
9410	0.00856865	0.313828	117.042	101.535	-18.8184	-0.0264161	199.733	210.813	0.947443
9411	0.00856954	0.313828	117.043	101.535	-18.8219	-0.0264158	199.73	210.813	0.947427
9412	0.00857044	0.313828	117.043	101.535	-18.824	-0.0264156	199.728	210.813	0.947416
9413	0.00857134	0.313829	117.044	101.535	-18.8249	-0.0264154	199.727	210.813	0.947412
9414	0.00857224	0.313829	117.044	101.535	-18.8245	-0.0264152	199.728	210.814	0.947413
9415	0.00857314	0.313829	117.044	101.534	-18.823	-0.026415	199.729	210.814	0.94742
9416	0.00857403	0.31383	117.045	101.534	-18.8204	-0.0264149	199.732	210.814	0.947431
9417	0.00857493	0.31383	117.045	101.534	-18.8169	-0.0264148	199.736	210.814	0.947448
9418	0.00857583	0.313831	117.045	101.534	-18.8075	-0.0264149	199.745	210.815	0.947492
9419	0.00857673	0.313831	117.046	101.533	-18.7959	-0.026415	199.757	210.815	0.947546
9420	0.00857763	0.313831	117.046	101.533	-18.7842	-0.0264151	199.769	210.815	0.947602
9421	0.00857852	0.313832	117.047	101.533	-18.7727	-0.0264151	199.78	210.815	0.947656
9422	0.00857942	0.313832	117.047	101.533	-18.7615	-0.0264152	199.792	210.816	0.947708
9423	0.00858032	0.313832	117.047	101.532	-18.751	-0.0264153	199.802	210.816	0.947757
9424	0.00858122	0.313833	117.048	101.532	-18.7414	-0.0264155	199.812	210.816	0.947803
9425	0.00858211	0.313833	117.048	101.532	-18.7327	-0.0264156	199.821	210.816	0.947843
9426	0.00858301	0.313834	117.049	101.531	-18.7252	-0.0264158	199.828	210.817	0.947878
9427	0.00858391	0.313834	117.049	101.531	-18.719	-0.0264161	199.835	210.817	0.947907
9428	0.00858481	0.313834	117.049	101.531	-18.7142	-0.0264163	199.84	210.817	0.94793
9429	0.00858571	0.313835	117.05	101.531	-18.7108	-0.0264166	199.843	210.817	0.947945
9430	0.0085866	0.313835	117.05	101.53	-18.7089	-0.026417	199.845	210.818	0.947954
9431	0.0085875	0.313836	117.051	101.53	-18.7085	-0.0264173	199.846	210.818	0.947955
9432	0.0085884	0.313836	117.051	101.53	-18.7098	-0.0264176	199.845	210.818	0.947948
9433	0.0085893	0.313836	117.052	101.53	-18.7127	-0.0264179	199.842	210.818	0.947934
9434	0.00859019	0.313837	117.052	101.529	-18.7172	-0.0264182	199.838	210.819	0.947912
9435	0.00859109	0.313837	117.053	101.529	-18.7235	-0.0264184	199.832	210.819	0.947882
9436	0.00859199	0.313838	117.053	101.529	-18.7321	-0.0264186	199.823	210.819	0.947841
9437	0.00859289	0.313838	117.053	101.528	-18.7478	-0.0264187	199.808	210.82	0.947765
9438	0.00859379	0.313839	117.054	101.528	-18.7643	-0.0264186	199.791	210.82	0.947687
9439	0.00859468	0.313839	117.054	101.528	-18.7783	-0.0264184	199.777	210.82	0.94762
9440	0.00859558	0.313839	117.055	101.527	-18.7901	-0.0264182	199.766	210.821	0.947563
9441	0.00859648	0.31384	117.055	101.527	-18.8	-0.026418	199.756	210.821	0.947516
9442	0.00859738	0.31384	117.056	101.527	-18.8081	-0.0264178	199.748	210.821	0.947477
9443	0.00859828	0.313841	117.056	101.527	-18.8148	-0.0264175	199.742	210.821	0.947445
9444	0.00859917	0.313841	117.057	101.526	-18.82	-0.0264172	199.737	210.822	0.947419
9445	0.00860007	0.313842	117.057	101.526	-18.8239	-0.026417	199.733	210.822	0.9474
9446	0.00860097	0.313842	117.058	101.526	-18.8264	-0.0264167	199.73	210.822	0.947388
9447	0.00860187	0.313843	117.058	101.525	-18.8277	-0.0264165	199.729	210.823	0.947381
9448	0.00860276	0.313843	117.059	101.525	-18.8278	-0.0264163	199.729	210.823	0.94738
9449	0.00860366	0.313843	117.059	101.525	-18.8266	-0.0264161	199.731	210.823	0.947385
9450	0.00860456	0.313844	117.06	101.524	-18.8244	-0.0264159	199.733	210.824	0.947395
9451	0.00860546	0.313844	117.06	101.524	-18.8212	-0.0264159	199.737	210.824	0.947409
9452	0.00860636	0.313845	117.061	101.524	-18.813	-0.0264159	199.745	210.824	0.947448
9453	0.00860725	0.313845	117.061	101.523	-18.8017	-0.026416	199.756	210.824	0.947501
9454	0.00860815	0.313846	117.062	101.523	-18.7902	-0.0264161	199.768	210.825	0.947555
9455	0.00860905	0.313846	117.062	101.523	-18.7788	-0.0264162	199.78	210.825	0.947608
9456	0.00860995	0.313847	117.063	101.522	-18.7678	-0.0264162	199.791	210.825	0.94766
9457	0.00861085	0.313847	117.063	101.522	-18.7573	-0.0264163	199.801	210.826	0.947709
9458	0.00861174	0.313848	117.064	101.522	-18.7476	-0.0264164	199.811	210.826	0.947754
9459	0.00861264	0.313848	117.064	101.521	-18.7389	-0.0264166	199.82	210.826	0.947795
9460	0.00861354	0.313849	117.065	101.521	-18.7313	-0.0264168	199.828	210.827	0.947831
9461	0.00861444	0.313849	117.065	101.521	-18.725	-0.026417	199.835	210.827	0.94786
9462	0.00861533	0.31385	117.066	101.52	-18.72	-0.0264173	199.84	210.827	0.947883
9463	0.00861623	0.31385	117.066	101.52	-18.7165	-0.0264175	199.843	210.828	0.947899
9464	0.00861713	0.313851	117.067	101.52	-18.7145	-0.0264179	199.846	210.828	0.947908
9465	0.00861803	0.313851	117.067	101.519	-18.714	-0.0264182	199.846	210.828	0.94791
9466	0.00861893	0.313852	117.068	101.519	-18.715	-0.0264185	199.845	210.829	0.947904
9467	0.00861982	0.313852	117.068	101.519	-18.7178	-0.0264188	199.843	210.829	0.947891
9468	0.00862072	0.313853	117.069	101.518	-18.7221	-0.026419	199.839	210.829	0.947869
9469	0.00862162	0.313853	117.069	101.518	-18.7282	-0.0264193	199.833	210.83	0.94784
9470	0.00862252	0.313854	117.07	101.518	-18.7365	-0.0264195	199.825	210.83	0.9478
9471	0.00862341	0.313854	117.07	101.517	-18.7503	-0.0264196	199.811	210.83	0.947734
9472	0.00862431	0.313855	117.071	101.517	-18.7674	-0.0264195	199.794	210.831	0.947652
9473	0.00862521	0.313855	117.071	101.517	-18.782	-0.0264193	199.78	210.831	0.947582
9474	0.00862611	0.313856	117.072	101.516	-18.7943	-0.0264191	199.768	210.831	0.947523
9475	0.00862701	0.313856	117.072	101.516	-18.8047	-0.0264189	199.757	210.832	0.947473
9476	0.0086279	0.313857	117.073	101.516	-18.8132	-0.0264186	199.749	210.832	0.947432
9477	0.0086288	0.313857	117.074	101.515	-18.8203	-0.0264184	199.742	210.832	0.947398
9478	0.0086297	0.313858	117.074	101.515	-18.8259	-0.0264181	199.737	210.833	0.94737
9479	0.0086306	0.313858	117.075	101.515	-18.8302	-0.0264178	199.733	210.833	0.94735
9480	0.0086315	0.313859	117.075	101.514	-18.8331	-0.0264176	199.73	210.833	0.947335
9481	0.00863239	0.313859	117.076	101.514	-18.8347	-0.0264173	199.729	210.834	0.947327
9482	0.00863329	0.31386	117.076	101.514	-18.8352	-0.0264171	199.728	210.834	0.947324
9483	0.00863419	0.31386	117.077	101.513	-18.8344	-0.0264169	199.729	210.834	0.947327
9484	0.00863509	0.313861	117.077	101.513	-18.8326	-0.0264167	199.731	210.835	0.947335
9485	0.00863599	0.313861	117.078	101.513	-18.8297	-0.0264166	199.734	210.835	0.947348
9486	0.00863688	0.313862	117.078	101.512	-18.8227	-0.0264166	199.742	210.836	0.947381
9487	0.00863778	0.313862	117.079	101.512	-18.8117	-0.0264167	199.753	210.836	0.947432
9488	0.00863868	0.313863	117.08	101.511	-18.8004	-0.0264168	199.764	210.836	0.947485
9489	0.00863958	0.313863	117.08	101.511	-18.7891	-0.0264169	199.776	210.837	0.947538
9490	0.00864047	0.313864	117.081	101.511	-18.7782	-0.0264169	199.787	210.837	0.947589
9491	0.00864137	0.313864	117.081	101.51	-18.7677	-0.026417	199.797	210.837	0.947638
9492	0.00864227	0.313865	117.082	101.51	-18.7581	-0.0264171	199.807	210.838	0.947683
9493	0.00864317	0.313866	117.082	101.51	-18.7493	-0.0264172	199.816	210.838	0.947724
9494	0.00864407	0.313866	117.083	101.509	-18.7416	-0.0264174	199.824	210.838	0.94776
9495	0.00864496	0.313867	117.084	101.509	-18.7352	-0.0264176	199.831	210.839	0.94779
9496	0.00864586	0.313867	117.084	101.509	-18.7302	-0.0264179	199.836	210.839	0.947813
9497	0.00864676	0.313868	117.085	101.508	-18.7265	-0.0264181	199.84	210.84	0.94783
9498	0.00864766	0.313868	117.085	101.508	-18.7243	-0.0264184	199.842	210.84	0.947839
9499	0.00864855	0.313869	117.086	101.507	-18.7236	-0.0264187	199.843	210.84	0.947842
9500	0.00864945	0.313869	117.086	101.507	-18.7245	-0.026419	199.842	210.841	0.947837
9501	0.00865035	0.31387	117.087	101.507	-18.7271	-0.0264193	199.84	210.841	0.947824
9502	0.00865125	0.31387	117.088	101.506	-18.7312	-0.0264196	199.836	210.841	0.947804
9503	0.00865215	0.313871	117.088	101.506	-18.7371	-0.0264198	199.831	210.842	0.947775
9504	0.00865304	0.313871	117.089	101.506	-18.745	-0.02642	199.823	210.842	0.947737
9505	0.00865394	0.313872	117.089	101.505	-18.7573	-0.0264201	199.811	210.842	0.947678
9506	0.00865484	0.313873	117.09	101.505	-18.7749	-0.02642	199.793	210.843	0.947594
9507	0.00865574	0.313873	117.09	101.504	-18.79	-0.0264198	199.778	210.843	0.947522
9508	0.00865663	0.313874	117.091	101.504	-18.8028	-0.0264196	199.766	210.844	0.94746
9509	0.00865753	0.313874	117.092	101.504	-18.8136	-0.0264194	199.755	210.844	0.947408
9510	0.00865843	0.313875	117.092	101.503	-18.8224	-0.0264192	199.747	210.844	0.947366
9511	0.00865933	0.313875	117.093	101.503	-18.8298	-0.0264189	199.739	210.845	0.94733
9512	0.00866023	0.313876	117.093	101.503	-18.8358	-0.0264186	199.734	210.845	0.947301
9513	0.00866112	0.313876	117.094	101.502	-18.8403	-0.0264183	199.729	210.845	0.947279
9514	0.00866202	0.313877	117.094	101.502	-18.8436	-0.0264181	199.726	210.846	0.947263
9515	0.00866292	0.313878	117.095	101.501	-18.8455	-0.0264178	199.725	210.846	0.947253
9516	0.00866382	0.313878	117.096	101.501	-18.8463	-0.0264176	199.724	210.846	0.947249
9517	0.00866472	0.313879	117.096	101.501	-18.8458	-0.0264173	199.725	210.847	0.94725
9518	0.00866561	0.313879	117.097	101.5	-18.8442	-0.0264172	199.726	210.847	0.947257
9519	0.00866651	0.31388	117.097	101.5	-18.8416	-0.026417	199.729	210.848	0.947269
9520	0.00866741	0.31388	117.098	101.5	-18.8356	-0.026417	199.735	210.848	0.947296
9521	0.00866831	0.313881	117.099	101.499	-18.8251	-0.0264171	199.746	210.848	0.947346
9522	0.0086692	0.313881	117.099	101.499	-18.8138	-0.0264172	199.758	210.849	0.947398
9523	0.0086701	0.313882	117.1	101.498	-18.8026	-0.0264172	199.769	210.849	0.947451
9524	0.008671	0.313882	117.1	101.498	-18.7917	-0.0264173	199.78	210.849	0.947502
9525	0.0086719	0.313883	117.101	101.498	-18.7812	-0.0264173	199.791	210.85	0.947551
9526	0.0086728	0.313884	117.101	101.497	-18.7715	-0.0264174	199.801	210.85	0.947596
9527	0.00867369	0.313884	117.102	101.497	-18.7626	-0.0264175	199.81	210.851	0.947638
9528	0.00867459	0.313885	117.103	101.497	-18.7549	-0.0264177	199.818	210.851	0.947674
9529	0.00867549	0.313885	117.103	101.496	-18.7483	-0.0264179	199.825	210.851	0.947704
9530	0.00867639	0.313886	117.104	101.496	-18.7431	-0.0264181	199.83	210.852	0.947728
9531	0.00867728	0.313886	117.104	101.495	-18.7392	-0.0264184	199.834	210.852	0.947746
9532	0.00867818	0.313887	117.105	101.495	-18.7369	-0.0264186	199.837	210.852	0.947756
9533	0.00867908	0.313887	117.105	101.495	-18.736	-0.0264189	199.838	210.853	0.94776
9534	0.00867998	0.313888	117.106	101.494	-18.7367	-0.0264192	199.837	210.853	0.947756
9535	0.00868088	0.313888	117.107	101.494	-18.739	-0.0264195	199.835	210.853	0.947744
9536	0.00868177	0.313889	117.107	101.494	-18.7429	-0.0264197	199.831	210.854	0.947725
9537	0.00868267	0.31389	117.108	101.493	-18.7486	-0.02642	199.826	210.854	0.947698
9538	0.00868357	0.31389	117.108	101.493	-18.7561	-0.0264202	199.819	210.855	0.947661
9539	0.00868447	0.313891	117.109	101.493	-18.767	-0.0264203	199.808	210.855	0.947609
9540	0.00868536	0.313891	117.109	101.492	-18.7851	-0.0264202	199.79	210.855	0.947522
9541	0.00868626	0.313892	117.11	101.492	-18.8006	-0.02642	199.775	210.856	0.947448
9542	0.00868716	0.313892	117.11	101.491	-18.8138	-0.0264198	199.762	210.856	0.947385
9543	0.00868806	0.313893	117.111	101.491	-18.8249	-0.0264195	199.751	210.856	0.947332
9544	0.00868895	0.313893	117.112	101.491	-18.8341	-0.0264193	199.742	210.857	0.947287
9545	0.00868985	0.313894	117.112	101.49	-18.8417	-0.026419	199.734	210.857	0.947251
9546	0.00869075	0.313894	117.113	101.49	-18.8479	-0.0264187	199.728	210.857	0.94722
9547	0.00869165	0.313895	117.113	101.49	-18.8527	-0.0264185	199.724	210.858	0.947197
9548	0.00869255	0.313895	117.114	101.489	-18.8562	-0.0264182	199.721	210.858	0.94718
9549	0.00869344	0.313896	117.114	101.489	-18.8584	-0.0264179	199.719	210.858	0.947169
9550	0.00869434	0.313896	117.115	101.489	-18.8593	-0.0264176	199.718	210.859	0.947164
9551	0.00869524	0.313897	117.115	101.488	-18.8591	-0.0264174	199.718	210.859	0.947164
9552	0.00869614	0.313897	117.116	101.488	-18.8577	-0.0264172	199.72	210.859	0.94717
9553	0.00869704	0.313898	117.116	101.488	-18.8553	-0.0264171	199.722	210.86	0.947181
9554	0.00869793	0.313898	117.117	101.487	-18.8501	-0.026417	199.728	210.86	0.947205
9555	0.00869883	0.313899	117.117	101.487	-18.8397	-0.0264171	199.738	210.86	0.947254
9556	0.00869973	0.313899	117.118	101.487	-18.8285	-0.0264172	199.75	210.861	0.947306
9557	0.00870063	0.3139	117.118	101.486	-18.8173	-0.0264172	199.761	210.861	0.947359
9558	0.00870152	0.3139	117.119	101.486	-18.8063	-0.0264172	199.772	210.861	0.94741
9559	0.00870242	0.313901	117.119	101.486	-18.7958	-0.0264173	199.783	210.862	0.94746
9560	0.00870332	0.313901	117.12	101.485	-18.786	-0.0264173	199.793	210.862	0.947506
9561	0.00870422	0.313902	117.12	101.485	-18.777	-0.0264174	199.802	210.862	0.947548
9562	0.00870512	0.313902	117.121	101.485	-18.7691	-0.0264176	199.81	210.863	0.947585
9563	0.00870601	0.313902	117.121	101.485	-18.7624	-0.0264178	199.817	210.863	0.947616
9564	0.00870691	0.313903	117.122	101.484	-18.7569	-0.026418	199.823	210.863	0.947641
9565	0.00870781	0.313903	117.122	101.484	-18.7529	-0.0264182	199.827	210.863	0.94766
9566	0.00870871	0.313904	117.123	101.484	-18.7504	-0.0264185	199.83	210.864	0.947671
9567	0.0087096	0.313904	117.123	101.483	-18.7493	-0.0264187	199.831	210.864	0.947676
9568	0.0087105	0.313905	117.123	101.483	-18.7497	-0.026419	199.83	210.864	0.947673
9569	0.0087114	0.313905	117.124	101.483	-18.7518	-0.0264193	199.829	210.865	0.947663
9570	0.0087123	0.313905	117.124	101.483	-18.7555	-0.0264195	199.825	210.865	0.947645
9571	0.00871319	0.313906	117.125	101.482	-18.7608	-0.0264198	199.82	210.865	0.947619
9572	0.00871409	0.313906	117.125	101.482	-18.768	-0.0264199	199.813	210.865	0.947585
9573	0.00871499	0.313907	117.126	101.482	-18.7779	-0.0264201	199.803	210.866	0.947537
9574	0.00871589	0.313907	117.126	101.482	-18.7963	-0.02642	199.785	210.866	0.947449
9575	0.00871679	0.313907	117.126	101.481	-18.8121	-0.0264198	199.769	210.866	0.947374
9576	0.00871768	0.313908	117.127	101.481	-18.8255	-0.0264196	199.756	210.866	0.94731
9577	0.00871858	0.313908	117.127	101.481	-18.8368	-0.0264193	199.745	210.867	0.947256
9578	0.00871948	0.313908	117.127	101.481	-18.8462	-0.0264191	199.735	210.867	0.947211
9579	0.00872038	0.313909	117.128	101.48	-18.854	-0.0264188	199.728	210.867	0.947173
9580	0.00872127	0.313909	117.128	101.48	-18.8604	-0.0264185	199.721	210.867	0.947143
9581	0.00872217	0.313909	117.128	101.48	-18.8654	-0.0264182	199.717	210.867	0.947119
9582	0.00872307	0.31391	117.129	101.48	-18.869	-0.0264179	199.713	210.868	0.947102
9583	0.00872397	0.31391	117.129	101.48	-18.8713	-0.0264176	199.711	210.868	0.94709
9584	0.00872487	0.31391	117.129	101.479	-18.8723	-0.0264174	199.71	210.868	0.947085
9585	0.00872576	0.313911	117.13	101.479	-18.8722	-0.0264171	199.71	210.868	0.947085
9586	0.00872666	0.313911	117.13	101.479	-18.8709	-0.0264169	199.712	210.868	0.947091
9587	0.00872756	0.313911	117.13	101.479	-18.8685	-0.0264168	199.714	210.869	0.947102
9588	0.00872846	0.313911	117.131	101.479	-18.8634	-0.0264167	199.719	210.869	0.947126
9589	0.00872936	0.313912	117.131	101.478	-18.8531	-0.0264168	199.73	210.869	0.947174
9590	0.00873025	0.313912	117.131	101.478	-18.8419	-0.0264168	199.741	210.869	0.947227
9591	0.00873115	0.313912	117.131	101.478	-18.8306	-0.0264169	199.752	210.869	0.94728
9592	0.00873205	0.313912	117.132	101.478	-18.8196	-0.0264169	199.764	210.87	0.947332
9593	0.00873295	0.313913	117.132	101.478	-18.809	-0.0264169	199.774	210.87	0.947382
9594	0.00873384	0.313913	117.132	101.478	-18.799	-0.026417	199.784	210.87	0.947429
9595	0.00873474	0.313913	117.132	101.477	-18.7899	-0.0264171	199.793	210.87	0.947472
9596	0.00873564	0.313913	117.133	101.477	-18.7819	-0.0264172	199.802	210.87	0.94751
9597	0.00873654	0.313914	117.133	101.477	-18.775	-0.0264174	199.809	210.87	0.947542
9598	0.00873743	0.313914	117.133	101.477	-18.7694	-0.0264176	199.814	210.87	0.947568
9599	0.00873833	0.313914	117.133	101.477	-18.7652	-0.0264178	199.818	210.871	0.947588
9600	0.00873923	0.313914	117.133	101.477	-18.7625	-0.026418	199.821	210.871	0.947601
9601	0.00874013	0.313914	117.134	101.477	-18.7613	-0.0264183	199.823	210.871	0.947606
9602	0.00874103	0.313915	117.134	101.476	-18.7616	-0.0264186	199.822	210.871	0.947605
9603	0.00874192	0.313915	117.134	101.476	-18.7635	-0.0264188	199.82	210.871	0.947595
9604	0.00874282	0.313915	117.134	101.476	-18.767	-0.0264191	199.817	210.871	0.947578
9605	0.00874372	0.313915	117.134	101.476	-18.7721	-0.0264193	199.812	210.871	0.947554
9606	0.00874462	0.313915	117.135	101.476	-18.779	-0.0264195	199.805	210.871	0.947521
9607	0.00874551	0.313915	117.135	101.476	-18.7884	-0.0264196	199.796	210.872	0.947476
9608	0.00874641	0.313916	117.135	101.476	-18.8069	-0.0264195	199.777	210.872	0.947388
9609	0.00874731	0.313916	117.135	101.476	-18.8228	-0.0264193	199.762	210.872	0.947313
9610	0.00874821	0.313916	117.135	101.476	-18.8363	-0.0264191	199.748	210.872	0.947249
9611	0.0087491	0.313916	117.135	101.475	-18.8477	-0.0264189	199.737	210.872	0.947195
9612	0.00875	0.313916	117.136	101.475	-18.8571	-0.0264186	199.727	210.872	0.94715
9613	0.0087509	0.313916	117.136	101.475	-18.8649	-0.0264183	199.72	210.872	0.947112
9614	0.0087518	0.313916	117.136	101.475	-18.8713	-0.026418	199.713	210.872	0.947082
9615	0.0087527	0.313917	117.136	101.475	-18.8763	-0.0264177	199.708	210.872	0.947058
9616	0.00875359	0.313917	117.136	101.475	-18.8799	-0.0264174	199.705	210.872	0.947041
9617	0.00875449	0.313917	117.136	101.475	-18.8822	-0.0264171	199.703	210.872	0.94703
9618	0.00875539	0.313917	117.136	101.475	-18.8832	-0.0264168	199.702	210.873	0.947025
9619	0.00875629	0.313917	117.136	101.475	-18.883	-0.0264166	199.702	210.873	0.947026
9620	0.00875718	0.313917	117.136	101.475	-18.8817	-0.0264164	199.703	210.873	0.947032
9621	0.00875808	0.313917	117.136	101.475	-18.8793	-0.0264162	199.706	210.873	0.947043
9622	0.00875898	0.313917	117.137	101.475	-18.8735	-0.0264162	199.711	210.873	0.94707
9623	0.00875988	0.313917	117.137	101.475	-18.863	-0.0264162	199.722	210.873	0.94712
9624	0.00876078	0.313917	117.137	101.475	-18.8517	-0.0264163	199.733	210.873	0.947174
9625	0.00876167	0.313917	117.137	101.475	-18.8403	-0.0264163	199.745	210.873	0.947228
9626	0.00876257	0.313917	117.137	101.475	-18.8292	-0.0264163	199.756	210.873	0.94728
9627	0.00876347	0.313918	117.137	101.475	-18.8185	-0.0264163	199.766	210.873	0.947331
9628	0.00876437	0.313918	117.137	101.474	-18.8085	-0.0264164	199.777	210.873	0.947378
9629	0.00876526	0.313918	117.137	101.474	-18.7993	-0.0264165	199.786	210.873	0.947422
9630	0.00876616	0.313918	117.137	101.474	-18.7911	-0.0264166	199.794	210.873	0.947461
9631	0.00876706	0.313918	117.137	101.474	-18.7842	-0.0264168	199.801	210.873	0.947494
9632	0.00876796	0.313918	117.137	101.474	-18.7785	-0.026417	199.807	210.873	0.94752
9633	0.00876885	0.313918	117.137	101.474	-18.7742	-0.0264172	199.811	210.873	0.947541
9634	0.00876975	0.313918	117.137	101.474	-18.7714	-0.0264174	199.814	210.873	0.947554
9635	0.00877065	0.313918	117.137	101.474	-18.7701	-0.0264177	199.815	210.873	0.94756
9636	0.00877155	0.313918	117.137	101.474	-18.7703	-0.026418	199.815	210.873	0.947559
9637	0.00877245	0.313918	117.137	101.474	-18.7721	-0.0264182	199.813	210.873	0.947551
9638	0.00877334	0.313918	117.137	101.474	-18.7755	-0.0264184	199.81	210.873	0.947534
9639	0.00877424	0.313918	117.137	101.474	-18.7805	-0.0264187	199.805	210.873	0.94751
9640	0.00877514	0.313918	117.137	101.474	-18.7872	-0.0264188	199.798	210.873	0.947479
9641	0.00877604	0.313918	117.137	101.474	-18.7964	-0.026419	199.789	210.873	0.947435
9642	0.00877693	0.313918	117.137	101.474	-18.8141	-0.0264189	199.771	210.873	0.947351
9643	0.00877783	0.313918	117.137	101.474	-18.83	-0.0264187	199.755	210.873	0.947276
9644	0.00877873	0.313918	117.138	101.474	-18.8436	-0.0264185	199.742	210.873	0.947211
9645	0.00877963	0.313918	117.138	101.474	-18.855	-0.0264182	199.73	210.873	0.947157
9646	0.00878052	0.313918	117.138	101.474	-18.8644	-0.026418	199.721	210.873	0.947113
9647	0.00878142	0.313918	117.138	101.474	-18.8721	-0.0264177	199.713	210.873	0.947076
9648	0.00878232	0.313918	117.138	101.474	-18.8784	-0.0264174	199.707	210.873	0.947046
9649	0.00878322	0.313918	117.138	101.474	-18.8833	-0.0264171	199.702	210.873	0.947023
9650	0.00878412	0.313918	117.138	101.474	-18.8868	-0.0264168	199.698	210.873	0.947006
9651	0.00878501	0.313918	117.138	101.474	-18.889	-0.0264165	199.696	210.874	0.946996
9652	0.00878591	0.313918	117.138	101.474	-18.8899	-0.0264162	199.695	210.874	0.946991
9653	0.00878681	0.313918	117.138	101.474	-18.8896	-0.026416	199.696	210.874	0.946993
9654	0.00878771	0.313918	117.138	101.474	-18.8881	-0.0264158	199.697	210.874	0.947
9655	0.00878861	0.313918	117.138	101.474	-18.8855	-0.0264156	199.7	210.874	0.947012
9656	0.0087895	0.313918	117.138	101.474	-18.8792	-0.0264156	199.706	210.874	0.947042
9657	0.0087904	0.313918	117.138	101.474	-18.8685	-0.0264156	199.717	210.874	0.947093
9658	0.0087913	0.313919	117.138	101.474	-18.857	-0.0264157	199.728	210.874	0.947147
9659	0.0087922	0.313919	117.138	101.474	-18.8455	-0.0264157	199.74	210.874	0.947202
9660	0.00879309	0.313919	117.138	101.474	-18.8342	-0.0264157	199.751	210.874	0.947255
9661	0.00879399	0.313919	117.138	101.474	-18.8233	-0.0264157	199.762	210.874	0.947307
9662	0.00879489	0.313919	117.138	101.474	-18.8131	-0.0264158	199.772	210.874	0.947355
9663	0.00879579	0.313919	117.138	101.474	-18.8038	-0.0264159	199.782	210.874	0.947399
9664	0.00879668	0.313919	117.138	101.474	-18.7955	-0.026416	199.79	210.874	0.947439
9665	0.00879758	0.313919	117.138	101.474	-18.7884	-0.0264162	199.797	210.874	0.947473
9666	0.00879848	0.313919	117.138	101.474	-18.7826	-0.0264164	199.803	210.874	0.9475
9667	0.00879938	0.313919	117.138	101.474	-18.7781	-0.0264166	199.807	210.874	0.947521
9668	0.00880028	0.313919	117.138	101.474	-18.7752	-0.0264168	199.81	210.874	0.947535
9669	0.00880117	0.313919	117.138	101.474	-18.7737	-0.0264171	199.812	210.874	0.947542
9670	0.00880207	0.313919	117.138	101.474	-18.7738	-0.0264174	199.812	210.874	0.947541
9671	0.00880297	0.313919	117.138	101.474	-18.7755	-0.0264176	199.81	210.874	0.947533
9672	0.00880387	0.313919	117.138	101.474	-18.7788	-0.0264179	199.807	210.874	0.947518
9673	0.00880476	0.313919	117.138	101.474	-18.7837	-0.0264181	199.802	210.874	0.947495
9674	0.00880566	0.313919	117.138	101.474	-18.7902	-0.0264183	199.795	210.874	0.947464
9675	0.00880656	0.313919	117.138	101.474	-18.799	-0.0264184	199.786	210.874	0.947422
9676	0.00880746	0.313919	117.138	101.474	-18.8149	-0.0264184	199.771	210.874	0.947347
9677	0.00880835	0.313919	117.138	101.474	-18.8312	-0.0264182	199.754	210.874	0.94727
9678	0.00880925	0.313919	117.138	101.474	-18.845	-0.026418	199.74	210.874	0.947204
9679	0.00881015	0.313918	117.138	101.474	-18.8565	-0.0264177	199.729	210.874	0.947149
9680	0.00881105	0.313918	117.138	101.474	-18.8661	-0.0264175	199.719	210.874	0.947104
9681	0.00881195	0.313918	117.138	101.474	-18.8739	-0.0264172	199.711	210.874	0.947067
9682	0.00881284	0.313918	117.138	101.474	-18.8802	-0.0264169	199.705	210.874	0.947038
9683	0.00881374	0.313918	117.138	101.474	-18.885	-0.0264166	199.7	210.873	0.947015
9684	0.00881464	0.313918	117.138	101.474	-18.8885	-0.0264163	199.697	210.873	0.946998
9685	0.00881554	0.313918	117.137	101.474	-18.8906	-0.026416	199.695	210.873	0.946988
9686	0.00881643	0.313918	117.137	101.474	-18.8914	-0.0264158	199.694	210.873	0.946984
9687	0.00881733	0.313918	117.137	101.474	-18.891	-0.0264155	199.694	210.873	0.946986
9688	0.00881823	0.313918	117.137	101.474	-18.8895	-0.0264153	199.696	210.873	0.946994
9689	0.00881913	0.313918	117.137	101.474	-18.8868	-0.0264152	199.698	210.873	0.947007
9690	0.00882003	0.313918	117.137	101.474	-18.8808	-0.0264151	199.704	210.873	0.947035
9691	0.00882092	0.313918	117.137	101.475	-18.8699	-0.0264151	199.715	210.873	0.947087
9692	0.00882182	0.313918	117.137	101.475	-18.8583	-0.0264152	199.727	210.873	0.947142
9693	0.00882272	0.313918	117.137	101.475	-18.8466	-0.0264152	199.738	210.873	0.947198
9694	0.00882362	0.313917	117.137	101.475	-18.8351	-0.0264152	199.75	210.873	0.947253
9695	0.00882451	0.313917	117.137	101.475	-18.824	-0.0264152	199.761	210.873	0.947305
9696	0.00882541	0.313917	117.136	101.475	-18.8135	-0.0264153	199.771	210.873	0.947355
9697	0.00882631	0.313917	117.136	101.475	-18.8039	-0.0264154	199.781	210.873	0.947401
9698	0.00882721	0.313917	117.136	101.475	-18.7954	-0.0264155	199.789	210.873	0.947441
9699	0.0088281	0.313917	117.136	101.475	-18.788	-0.0264157	199.797	210.873	0.947476
9700	0.008829	0.313917	117.136	101.475	-18.7819	-0.0264159	199.803	210.872	0.947505
9701	0.0088299	0.313917	117.136	101.475	-18.7773	-0.0264161	199.807	210.872	0.947528
9702	0.0088308	0.313917	117.136	101.475	-18.774	-0.0264164	199.811	210.872	0.947543
9703	0.0088317	0.313916	117.136	101.475	-18.7723	-0.0264167	199.812	210.872	0.947551
9704	0.00883259	0.313916	117.135	101.476	-18.7721	-0.0264169	199.812	210.872	0.947552
9705	0.00883349	0.313916	117.135	101.476	-18.7735	-0.0264172	199.811	210.872	0.947546
9706	0.00883439	0.313916	117.135	101.476	-18.7765	-0.0264175	199.808	210.872	0.947532
9707	0.00883529	0.313916	117.135	101.476	-18.7811	-0.0264177	199.803	210.872	0.94751
9708	0.00883618	0.313916	117.135	101.476	-18.7873	-0.0264179	199.797	210.872	0.947481
9709	0.00883708	0.313916	117.135	101.476	-18.7955	-0.026418	199.789	210.872	0.947442
9710	0.00883798	0.313915	117.135	101.476	-18.8088	-0.0264181	199.775	210.872	0.94738
9711	0.00883888	0.313915	117.134	101.476	-18.8257	-0.0264179	199.759	210.871	0.9473
9712	0.00883977	0.313915	117.134	101.476	-18.8399	-0.0264178	199.744	210.871	0.947232
9713	0.00884067	0.313915	117.134	101.476	-18.8519	-0.0264175	199.732	210.871	0.947176
9714	0.00884157	0.313915	117.134	101.477	-18.8618	-0.0264173	199.722	210.871	0.947129
9715	0.00884247	0.313915	117.134	101.477	-18.8698	-0.026417	199.714	210.871	0.947091
9716	0.00884337	0.313914	117.134	101.477	-18.8762	-0.0264168	199.708	210.871	0.947061
9717	0.00884426	0.313914	117.133	101.477	-18.8812	-0.0264165	199.703	210.871	0.947038
9718	0.00884516	0.313914	117.133	101.477	-18.8848	-0.0264162	199.699	210.871	0.947021
9719	0.00884606	0.313914	117.133	101.477	-18.887	-0.0264159	199.697	210.871	0.947011
9720	0.00884696	0.313914	117.133	101.477	-18.8879	-0.0264157	199.696	210.87	0.947007
9721	0.00884786	0.313914	117.133	101.477	-18.8875	-0.0264154	199.696	210.87	0.947008
9722	0.00884875	0.313913	117.132	101.478	-18.886	-0.0264152	199.697	210.87	0.947016
9723	0.00884965	0.313913	117.132	101.478	-18.8834	-0.026415	199.7	210.87	0.947029
9724	0.00885055	0.313913	117.132	101.478	-18.8794	-0.0264149	199.704	210.87	0.947048
9725	0.00885145	0.313913	117.132	101.478	-18.8693	-0.026415	199.714	210.87	0.947096
9726	0.00885234	0.313913	117.132	101.478	-18.8575	-0.026415	199.726	210.87	0.947152
9727	0.00885324	0.313912	117.131	101.478	-18.8455	-0.0264151	199.738	210.87	0.947209
9728	0.00885414	0.313912	117.131	101.478	-18.8337	-0.0264151	199.749	210.869	0.947266
9729	0.00885504	0.313912	117.131	101.479	-18.8222	-0.0264151	199.761	210.869	0.94732
9730	0.00885593	0.313912	117.131	101.479	-18.8114	-0.0264152	199.771	210.869	0.947372
9731	0.00885683	0.313912	117.13	101.479	-18.8013	-0.0264153	199.781	210.869	0.94742
9732	0.00885773	0.313911	117.13	101.479	-18.7923	-0.0264154	199.79	210.869	0.947463
9733	0.00885863	0.313911	117.13	101.479	-18.7844	-0.0264156	199.798	210.869	0.947501
9734	0.00885953	0.313911	117.13	101.479	-18.7778	-0.0264158	199.805	210.869	0.947532
9735	0.00886042	0.313911	117.129	101.479	-18.7725	-0.026416	199.81	210.868	0.947558
9736	0.00886132	0.31391	117.129	101.48	-18.7687	-0.0264162	199.814	210.868	0.947576
9737	0.00886222	0.31391	117.129	101.48	-18.7664	-0.0264165	199.816	210.868	0.947587
9738	0.00886312	0.31391	117.129	101.48	-18.7656	-0.0264168	199.817	210.868	0.947591
9739	0.00886401	0.31391	117.128	101.48	-18.7664	-0.0264171	199.816	210.868	0.947588
9740	0.00886491	0.313909	117.128	101.48	-18.7688	-0.0264174	199.813	210.868	0.947577
9741	0.00886581	0.313909	117.128	101.48	-18.7727	-0.0264176	199.809	210.867	0.947558
9742	0.00886671	0.313909	117.128	101.481	-18.7782	-0.0264179	199.804	210.867	0.947533
9743	0.0088676	0.313909	117.127	101.481	-18.7854	-0.0264181	199.796	210.867	0.947499
9744	0.0088685	0.313908	117.127	101.481	-18.7955	-0.0264182	199.786	210.867	0.947451
9745	0.0088694	0.313908	117.127	101.481	-18.8134	-0.0264181	199.768	210.867	0.947367
9746	0.0088703	0.313908	117.127	101.481	-18.8285	-0.0264179	199.753	210.867	0.947295
9747	0.0088712	0.313908	117.126	101.481	-18.8412	-0.0264177	199.74	210.866	0.947236
9748	0.00887209	0.313907	117.126	101.482	-18.8517	-0.0264175	199.729	210.866	0.947186
9749	0.00887299	0.313907	117.126	101.482	-18.8602	-0.0264173	199.721	210.866	0.947146
9750	0.00887389	0.313907	117.125	101.482	-18.8671	-0.026417	199.714	210.866	0.947114
9751	0.00887479	0.313907	117.125	101.482	-18.8725	-0.0264167	199.708	210.866	0.947088
9752	0.00887568	0.313906	117.125	101.482	-18.8765	-0.0264165	199.704	210.865	0.94707
9753	0.00887658	0.313906	117.125	101.483	-18.879	-0.0264162	199.702	210.865	0.947058
9754	0.00887748	0.313906	117.124	101.483	-18.8803	-0.0264159	199.7	210.865	0.947053
9755	0.00887838	0.313906	117.124	101.483	-18.8803	-0.0264157	199.7	210.865	0.947053
9756	0.00887928	0.313905	117.124	101.483	-18.8791	-0.0264155	199.701	210.865	0.947059
9757	0.00888017	0.313905	117.123	101.483	-18.8767	-0.0264153	199.704	210.865	0.947071
9758	0.00888107	0.313905	117.123	101.484	-18.8733	-0.0264151	199.707	210.864	0.947087
9759	0.00888197	0.313904	117.123	101.484	-18.8645	-0.0264152	199.716	210.864	0.947129
9760	0.00888287	0.313904	117.122	101.484	-18.8528	-0.0264152	199.727	210.864	0.947185
9761	0.00888377	0.313904	117.122	101.484	-18.8407	-0.0264153	199.739	210.864	0.947243
9762	0.00888466	0.313904	117.122	101.484	-18.8288	-0.0264153	199.751	210.864	0.9473
9763	0.00888556	0.313903	117.122	101.485	-18.8171	-0.0264153	199.763	210.863	0.947355
9764	0.00888646	0.313903	117.121	101.485	-18.806	-0.0264154	199.774	210.863	0.947408
9765	0.00888736	0.313903	117.121	101.485	-18.7956	-0.0264154	199.784	210.863	0.947458
9766	0.00888825	0.313902	117.121	101.485	-18.7862	-0.0264156	199.793	210.863	0.947503
9767	0.00888915	0.313902	117.12	101.485	-18.7779	-0.0264157	199.801	210.863	0.947543
9768	0.00889005	0.313902	117.12	101.486	-18.7708	-0.0264159	199.808	210.862	0.947577
9769	0.00889095	0.313901	117.12	101.486	-18.7651	-0.0264162	199.814	210.862	0.947604
9770	0.00889184	0.313901	117.119	101.486	-18.7609	-0.0264164	199.818	210.862	0.947625
9771	0.00889274	0.313901	117.119	101.486	-18.7581	-0.0264167	199.821	210.862	0.947638
9772	0.00889364	0.313901	117.119	101.486	-18.7568	-0.026417	199.822	210.862	0.947645
9773	0.00889454	0.3139	117.118	101.487	-18.7571	-0.0264173	199.822	210.861	0.947644
9774	0.00889544	0.3139	117.118	101.487	-18.7589	-0.0264176	199.82	210.861	0.947635
9775	0.00889633	0.3139	117.118	101.487	-18.7624	-0.0264178	199.816	210.861	0.947619
9776	0.00889723	0.313899	117.118	101.487	-18.7674	-0.0264181	199.811	210.861	0.947596
9777	0.00889813	0.313899	117.117	101.487	-18.7741	-0.0264183	199.804	210.861	0.947565
9778	0.00889903	0.313899	117.117	101.488	-18.7832	-0.0264184	199.795	210.86	0.947521
9779	0.00889992	0.313899	117.117	101.488	-18.8013	-0.0264183	199.777	210.86	0.947436
9780	0.00890082	0.313898	117.116	101.488	-18.8166	-0.0264182	199.761	210.86	0.947364
9781	0.00890172	0.313898	117.116	101.488	-18.8295	-0.026418	199.748	210.86	0.947303
9782	0.00890262	0.313898	117.116	101.488	-18.8402	-0.0264178	199.737	210.86	0.947253
9783	0.00890352	0.313897	117.115	101.488	-18.8489	-0.0264175	199.729	210.859	0.947212
9784	0.00890441	0.313897	117.115	101.489	-18.8559	-0.0264173	199.721	210.859	0.947179
9785	0.00890531	0.313897	117.115	101.489	-18.8615	-0.026417	199.716	210.859	0.947153
9786	0.00890621	0.313897	117.115	101.489	-18.8656	-0.0264167	199.712	210.859	0.947134
9787	0.00890711	0.313896	117.114	101.489	-18.8684	-0.0264165	199.709	210.859	0.947121
9788	0.008908	0.313896	117.114	101.489	-18.8698	-0.0264162	199.707	210.859	0.947114
9789	0.0089089	0.313896	117.114	101.49	-18.87	-0.026416	199.707	210.858	0.947114
9790	0.0089098	0.313896	117.113	101.49	-18.869	-0.0264158	199.708	210.858	0.947119
9791	0.0089107	0.313895	117.113	101.49	-18.8668	-0.0264156	199.71	210.858	0.94713
9792	0.0089116	0.313895	117.113	101.49	-18.8635	-0.0264154	199.713	210.858	0.947146
9793	0.00891249	0.313895	117.113	101.49	-18.8554	-0.0264154	199.721	210.858	0.947184
9794	0.00891339	0.313894	117.112	101.49	-18.8439	-0.0264155	199.733	210.857	0.947239
9795	0.00891429	0.313894	117.112	101.491	-18.8318	-0.0264155	199.744	210.857	0.947297
9796	0.00891519	0.313894	117.112	101.491	-18.8198	-0.0264156	199.756	210.857	0.947354
9797	0.00891608	0.313894	117.112	101.491	-18.8081	-0.0264156	199.768	210.857	0.94741
9798	0.00891698	0.313893	117.111	101.491	-18.7969	-0.0264157	199.779	210.857	0.947463
9799	0.00891788	0.313893	117.111	101.491	-18.7864	-0.0264157	199.789	210.857	0.947513
9800	0.00891878	0.313893	117.111	101.491	-18.7769	-0.0264159	199.799	210.856	0.947559
9801	0.00891968	0.313893	117.111	101.492	-18.7684	-0.026416	199.807	210.856	0.9476
9802	0.00892057	0.313892	117.11	101.492	-18.7611	-0.0264162	199.815	210.856	0.947634
9803	0.00892147	0.313892	117.11	101.492	-18.7552	-0.0264165	199.82	210.856	0.947663
9804	0.00892237	0.313892	117.11	101.492	-18.7507	-0.0264167	199.825	210.856	0.947684
9805	0.00892327	0.313892	117.11	101.492	-18.7477	-0.026417	199.828	210.856	0.947699
9806	0.00892416	0.313892	117.109	101.492	-18.7462	-0.0264173	199.829	210.856	0.947706
9807	0.00892506	0.313891	117.109	101.493	-18.7463	-0.0264176	199.829	210.855	0.947706
9808	0.00892596	0.313891	117.109	101.493	-18.748	-0.0264179	199.827	210.855	0.947698
9809	0.00892686	0.313891	117.109	101.493	-18.7512	-0.0264181	199.824	210.855	0.947683
9810	0.00892776	0.313891	117.109	101.493	-18.7561	-0.0264184	199.819	210.855	0.94766
9811	0.00892865	0.313891	117.108	101.493	-18.7626	-0.0264186	199.812	210.855	0.94763
9812	0.00892955	0.31389	117.108	101.493	-18.7717	-0.0264187	199.803	210.855	0.947587
9813	0.00893045	0.31389	117.108	101.493	-18.7897	-0.0264187	199.785	210.855	0.947502
9814	0.00893135	0.31389	117.108	101.493	-18.805	-0.0264185	199.77	210.855	0.947429
9815	0.00893224	0.31389	117.108	101.493	-18.8178	-0.0264183	199.757	210.854	0.947369
9816	0.00893314	0.31389	117.107	101.494	-18.8285	-0.0264181	199.746	210.854	0.947318
9817	0.00893404	0.31389	117.107	101.494	-18.8373	-0.0264179	199.737	210.854	0.947277
9818	0.00893494	0.313889	117.107	101.494	-18.8444	-0.0264176	199.73	210.854	0.947243
9819	0.00893584	0.313889	117.107	101.494	-18.85	-0.0264174	199.724	210.854	0.947217
9820	0.00893673	0.313889	117.107	101.494	-18.8542	-0.0264171	199.72	210.854	0.947197
9821	0.00893763	0.313889	117.107	101.494	-18.857	-0.0264168	199.717	210.854	0.947184
9822	0.00893853	0.313889	117.107	101.494	-18.8585	-0.0264166	199.716	210.854	0.947177
9823	0.00893943	0.313889	117.106	101.494	-18.8588	-0.0264163	199.715	210.854	0.947176
9824	0.00894033	0.313889	117.106	101.494	-18.8578	-0.0264161	199.716	210.854	0.947181
9825	0.00894122	0.313889	117.106	101.494	-18.8557	-0.026416	199.718	210.853	0.947191
9826	0.00894212	0.313888	117.106	101.494	-18.8525	-0.0264158	199.722	210.853	0.947206
9827	0.00894302	0.313888	117.106	101.495	-18.845	-0.0264158	199.729	210.853	0.947242
9828	0.00894392	0.313888	117.106	101.495	-18.8336	-0.0264159	199.74	210.853	0.947296
9829	0.00894481	0.313888	117.106	101.495	-18.8216	-0.026416	199.752	210.853	0.947353
9830	0.00894571	0.313888	117.106	101.495	-18.8096	-0.026416	199.764	210.853	0.94741
9831	0.00894661	0.313888	117.106	101.495	-18.7979	-0.026416	199.776	210.853	0.947466
9832	0.00894751	0.313888	117.105	101.495	-18.7867	-0.0264161	199.787	210.853	0.947519
9833	0.00894841	0.313888	117.105	101.495	-18.7761	-0.0264162	199.798	210.853	0.947569
9834	0.0089493	0.313888	117.105	101.495	-18.7665	-0.0264163	199.807	210.853	0.947615
9835	0.0089502	0.313888	117.105	101.495	-18.758	-0.0264165	199.816	210.853	0.947655
9836	0.0089511	0.313887	117.105	101.495	-18.7507	-0.0264167	199.823	210.853	0.94769
9837	0.008952	0.313887	117.105	101.495	-18.7447	-0.0264169	199.829	210.853	0.947719
9838	0.00895289	0.313887	117.105	101.495	-18.7401	-0.0264172	199.834	210.853	0.94774
9839	0.00895379	0.313887	117.105	101.495	-18.737	-0.0264174	199.837	210.853	0.947755
9840	0.00895469	0.313887	117.105	101.495	-18.7354	-0.0264177	199.838	210.853	0.947763
9841	0.00895559	0.313887	117.105	101.495	-18.7354	-0.0264181	199.838	210.853	0.947763
9842	0.00895648	0.313887	117.105	101.495	-18.737	-0.0264183	199.837	210.853	0.947755
9843	0.00895738	0.313887	117.105	101.495	-18.7402	-0.0264186	199.833	210.853	0.94774
9844	0.00895828	0.313887	117.105	101.495	-18.745	-0.0264189	199.829	210.852	0.947718
9845	0.00895918	0.313887	117.105	101.495	-18.7516	-0.0264191	199.822	210.852	0.947687
9846	0.00896008	0.313887	117.105	101.495	-18.7608	-0.0264193	199.813	210.852	0.947643
9847	0.00896097	0.313887	117.105	101.495	-18.7787	-0.0264192	199.795	210.852	0.947558
9848	0.00896187	0.313887	117.105	101.495	-18.7939	-0.0264191	199.78	210.852	0.947486
9849	0.00896277	0.313887	117.105	101.495	-18.8067	-0.0264189	199.767	210.852	0.947425
9850	0.00896367	0.313887	117.105	101.495	-18.8174	-0.0264187	199.756	210.852	0.947374
9851	0.00896456	0.313887	117.105	101.495	-18.8261	-0.0264184	199.747	210.852	0.947333
9852	0.00896546	0.313887	117.105	101.495	-18.8333	-0.0264182	199.74	210.852	0.947299
9853	0.00896636	0.313887	117.105	101.495	-18.839	-0.026418	199.735	210.852	0.947272
9854	0.00896726	0.313887	117.105	101.495	-18.8432	-0.0264177	199.73	210.852	0.947252
9855	0.00896816	0.313887	117.105	101.495	-18.8461	-0.0264174	199.727	210.852	0.947239
9856	0.00896905	0.313887	117.105	101.495	-18.8477	-0.0264172	199.726	210.852	0.947231
9857	0.00896995	0.313887	117.105	101.495	-18.848	-0.026417	199.726	210.852	0.947229
9858	0.00897085	0.313887	117.105	101.495	-18.8471	-0.0264167	199.726	210.852	0.947234
9859	0.00897175	0.313887	117.105	101.495	-18.8451	-0.0264166	199.729	210.852	0.947243
9860	0.00897265	0.313887	117.105	101.495	-18.842	-0.0264165	199.732	210.852	0.947258
9861	0.00897354	0.313887	117.105	101.495	-18.8352	-0.0264164	199.738	210.852	0.94729
9862	0.00897444	0.313887	117.105	101.495	-18.824	-0.0264165	199.75	210.852	0.947343
9863	0.00897534	0.313887	117.105	101.495	-18.812	-0.0264166	199.762	210.852	0.9474
9864	0.00897624	0.313887	117.105	101.495	-18.8001	-0.0264166	199.774	210.852	0.947456
9865	0.00897714	0.313887	117.105	101.495	-18.7884	-0.0264167	199.785	210.852	0.947512
9866	0.00897803	0.313887	117.105	101.495	-18.7773	-0.0264168	199.796	210.852	0.947565
9867	0.00897893	0.313887	117.105	101.495	-18.7668	-0.0264169	199.807	210.853	0.947614
9868	0.00897983	0.313887	117.105	101.495	-18.7572	-0.026417	199.816	210.853	0.94766
9869	0.00898073	0.313887	117.105	101.495	-18.7486	-0.0264171	199.825	210.853	0.9477
9870	0.00898162	0.313887	117.105	101.495	-18.7413	-0.0264174	199.832	210.853	0.947735
9871	0.00898252	0.313887	117.105	101.495	-18.7353	-0.0264176	199.838	210.853	0.947764
9872	0.00898342	0.313887	117.105	101.495	-18.7307	-0.0264179	199.843	210.853	0.947785
9873	0.00898432	0.313887	117.105	101.495	-18.7276	-0.0264181	199.846	210.853	0.9478
9874	0.00898521	0.313887	117.105	101.495	-18.726	-0.0264185	199.848	210.853	0.947808
9875	0.00898611	0.313887	117.105	101.495	-18.7259	-0.0264188	199.848	210.853	0.947808
9876	0.00898701	0.313887	117.105	101.495	-18.7275	-0.0264191	199.846	210.853	0.9478
9877	0.00898791	0.313887	117.105	101.495	-18.7307	-0.0264194	199.843	210.853	0.947785
9878	0.00898881	0.313887	117.105	101.495	-18.7355	-0.0264196	199.838	210.853	0.947763
9879	0.0089897	0.313887	117.105	101.495	-18.7421	-0.0264198	199.832	210.853	0.947731
9880	0.0089906	0.313887	117.105	101.495	-18.7515	-0.02642	199.822	210.853	0.947687
9881	0.0089915	0.313887	117.105	101.495	-18.7693	-0.0264199	199.804	210.853	0.947602
9882	0.0089924	0.313887	117.105	101.495	-18.7845	-0.0264198	199.789	210.853	0.94753
9883	0.00899329	0.313887	117.105	101.495	-18.7974	-0.0264196	199.776	210.853	0.947469
9884	0.00899419	0.313887	117.105	101.495	-18.8081	-0.0264194	199.766	210.853	0.947418
9885	0.00899509	0.313887	117.105	101.495	-18.8169	-0.0264192	199.757	210.853	0.947376
9886	0.00899599	0.313887	117.105	101.495	-18.8241	-0.026419	199.75	210.853	0.947342
9887	0.00899689	0.313887	117.105	101.495	-18.8298	-0.0264187	199.744	210.853	0.947315
9888	0.00899778	0.313887	117.105	101.495	-18.8341	-0.0264185	199.74	210.853	0.947295
9889	0.00899868	0.313887	117.105	101.495	-18.8371	-0.0264182	199.737	210.853	0.94728
9890	0.00899958	0.313887	117.105	101.495	-18.8388	-0.026418	199.735	210.853	0.947272
9891	0.00900048	0.313887	117.105	101.495	-18.8392	-0.0264178	199.735	210.853	0.94727
9892	0.00900138	0.313887	117.105	101.495	-18.8384	-0.0264176	199.735	210.853	0.947274
9893	0.00900227	0.313887	117.105	101.495	-18.8365	-0.0264174	199.737	210.853	0.947283
9894	0.00900317	0.313887	117.105	101.495	-18.8335	-0.0264173	199.74	210.853	0.947297
9895	0.00900407	0.313888	117.105	101.495	-18.8277	-0.0264172	199.746	210.853	0.947325
9896	0.00900497	0.313888	117.105	101.495	-18.8168	-0.0264173	199.757	210.853	0.947377
9897	0.00900587	0.313888	117.105	101.495	-18.8049	-0.0264174	199.769	210.853	0.947433
9898	0.00900676	0.313888	117.105	101.495	-18.7931	-0.0264175	199.781	210.853	0.947489
9899	0.00900766	0.313888	117.105	101.495	-18.7814	-0.0264175	199.792	210.853	0.947544
9900	0.00900856	0.313888	117.106	101.495	-18.7703	-0.0264176	199.804	210.853	0.947597
9901	0.00900946	0.313888	117.106	101.495	-18.7598	-0.0264177	199.814	210.853	0.947646
9902	0.00901035	0.313888	117.106	101.495	-18.7502	-0.0264178	199.824	210.853	0.947692
9903	0.00901125	0.313888	117.106	101.495	-18.7416	-0.026418	199.832	210.853	0.947732
9904	0.00901215	0.313888	117.106	101.495	-18.7343	-0.0264182	199.84	210.853	0.947767
9905	0.00901305	0.313888	117.106	101.494	-18.7283	-0.0264185	199.846	210.853	0.947796
9906	0.00901395	0.313888	117.106	101.494	-18.7236	-0.0264187	199.85	210.853	0.947817
9907	0.00901484	0.313888	117.106	101.494	-18.7205	-0.026419	199.854	210.853	0.947832
9908	0.00901574	0.313889	117.106	101.494	-18.7188	-0.0264193	199.855	210.854	0.94784
9909	0.00901664	0.313889	117.107	101.494	-18.7187	-0.0264196	199.856	210.854	0.94784
9910	0.00901754	0.313889	117.107	101.494	-18.7202	-0.0264199	199.854	210.854	0.947833
9911	0.00901843	0.313889	117.107	101.494	-18.7233	-0.0264202	199.851	210.854	0.947818
9912	0.00901933	0.313889	117.107	101.494	-18.728	-0.0264205	199.846	210.854	0.947795
9913	0.00902023	0.313889	117.107	101.494	-18.7346	-0.0264207	199.84	210.854	0.947764
9914	0.00902113	0.313889	117.107	101.494	-18.744	-0.0264209	199.831	210.854	0.94772
9915	0.00902203	0.31389	117.107	101.494	-18.7619	-0.0264209	199.813	210.854	0.947634
9916	0.00902292	0.31389	117.108	101.493	-18.7772	-0.0264208	199.797	210.854	0.947562
9917	0.00902382	0.31389	117.108	101.493	-18.7901	-0.0264206	199.785	210.854	0.9475
9918	0.00902472	0.31389	117.108	101.493	-18.801	-0.0264204	199.774	210.855	0.947448
9919	0.00902562	0.31389	117.108	101.493	-18.8099	-0.0264202	199.765	210.855	0.947406
9920	0.00902651	0.31389	117.108	101.493	-18.8172	-0.02642	199.758	210.855	0.947371
9921	0.00902741	0.313891	117.109	101.493	-18.8231	-0.0264197	199.752	210.855	0.947343
9922	0.00902831	0.313891	117.109	101.493	-18.8276	-0.0264195	199.747	210.855	0.947321
9923	0.00902921	0.313891	117.109	101.493	-18.8307	-0.0264192	199.744	210.855	0.947306
9924	0.00903011	0.313891	117.109	101.492	-18.8326	-0.026419	199.743	210.855	0.947297
9925	0.009031	0.313891	117.109	101.492	-18.8332	-0.0264187	199.742	210.855	0.947294
9926	0.0090319	0.313892	117.11	101.492	-18.8326	-0.0264185	199.743	210.856	0.947296
9927	0.0090328	0.313892	117.11	101.492	-18.8309	-0.0264184	199.745	210.856	0.947304
9928	0.0090337	0.313892	117.11	101.492	-18.8281	-0.0264182	199.747	210.856	0.947317
9929	0.0090346	0.313892	117.11	101.492	-18.8237	-0.0264182	199.752	210.856	0.947338
9930	0.00903549	0.313892	117.111	101.491	-18.8135	-0.0264183	199.762	210.856	0.947386
9931	0.00903639	0.313893	117.111	101.491	-18.8018	-0.0264184	199.774	210.856	0.947441
9932	0.00903729	0.313893	117.111	101.491	-18.79	-0.0264184	199.786	210.856	0.947497
9933	0.00903819	0.313893	117.111	101.491	-18.7785	-0.0264185	199.797	210.857	0.947551
9934	0.00903908	0.313893	117.112	101.491	-18.7673	-0.0264186	199.809	210.857	0.947604
9935	0.00903998	0.313894	117.112	101.491	-18.7569	-0.0264187	199.819	210.857	0.947653
9936	0.00904088	0.313894	117.112	101.49	-18.7473	-0.0264188	199.829	210.857	0.947698
9937	0.00904178	0.313894	117.112	101.49	-18.7387	-0.0264189	199.838	210.857	0.947739
9938	0.00904268	0.313894	117.113	101.49	-18.7313	-0.0264191	199.845	210.857	0.947773
9939	0.00904357	0.313895	117.113	101.49	-18.7252	-0.0264194	199.851	210.858	0.947802
9940	0.00904447	0.313895	117.113	101.49	-18.7205	-0.0264196	199.856	210.858	0.947824
9941	0.00904537	0.313895	117.114	101.49	-18.7172	-0.0264199	199.859	210.858	0.947839
9942	0.00904627	0.313896	117.114	101.489	-18.7155	-0.0264202	199.861	210.858	0.947847
9943	0.00904716	0.313896	117.114	101.489	-18.7152	-0.0264205	199.862	210.858	0.947848
9944	0.00904806	0.313896	117.114	101.489	-18.7166	-0.0264208	199.86	210.859	0.947841
9945	0.00904896	0.313896	117.115	101.489	-18.7195	-0.0264211	199.858	210.859	0.947827
9946	0.00904986	0.313897	117.115	101.489	-18.7242	-0.0264214	199.853	210.859	0.947804
9947	0.00905076	0.313897	117.115	101.488	-18.7305	-0.0264217	199.847	210.859	0.947774
9948	0.00905165	0.313897	117.116	101.488	-18.7394	-0.0264218	199.838	210.859	0.947731
9949	0.00905255	0.313898	117.116	101.488	-18.7577	-0.0264218	199.82	210.86	0.947644
9950	0.00905345	0.313898	117.116	101.488	-18.7733	-0.0264217	199.804	210.86	0.94757
9951	0.00905435	0.313898	117.117	101.488	-18.7865	-0.0264215	199.791	210.86	0.947507
9952	0.00905524	0.313898	117.117	101.487	-18.7977	-0.0264213	199.78	210.86	0.947454
9953	0.00905614	0.313899	117.117	101.487	-18.8069	-0.0264211	199.771	210.86	0.947409
9954	0.00905704	0.313899	117.118	101.487	-18.8145	-0.0264209	199.764	210.861	0.947373
9955	0.00905794	0.313899	117.118	101.487	-18.8207	-0.0264206	199.758	210.861	0.947343
9956	0.00905884	0.3139	117.118	101.486	-18.8255	-0.0264204	199.753	210.861	0.94732
9957	0.00905973	0.3139	117.119	101.486	-18.8289	-0.0264201	199.75	210.861	0.947303
9958	0.00906063	0.3139	117.119	101.486	-18.8311	-0.0264199	199.748	210.861	0.947293
9959	0.00906153	0.313901	117.119	101.486	-18.832	-0.0264197	199.747	210.862	0.947288
9960	0.00906243	0.313901	117.12	101.486	-18.8317	-0.0264194	199.747	210.862	0.947289
9961	0.00906333	0.313901	117.12	101.485	-18.8302	-0.0264193	199.749	210.862	0.947296
9962	0.00906422	0.313902	117.12	101.485	-18.8277	-0.0264191	199.751	210.862	0.947307
9963	0.00906512	0.313902	117.121	101.485	-18.8242	-0.0264191	199.755	210.863	0.947323
9964	0.00906602	0.313902	117.121	101.485	-18.8149	-0.0264191	199.764	210.863	0.947367
9965	0.00906692	0.313903	117.122	101.484	-18.8034	-0.0264192	199.776	210.863	0.947421
9966	0.00906782	0.313903	117.122	101.484	-18.7917	-0.0264193	199.788	210.863	0.947476
9967	0.00906871	0.313904	117.122	101.484	-18.7803	-0.0264194	199.799	210.864	0.94753
9968	0.00906961	0.313904	117.123	101.484	-18.7693	-0.0264194	199.811	210.864	0.947581
9969	0.00907051	0.313904	117.123	101.483	-18.7588	-0.0264195	199.821	210.864	0.94763
9970	0.00907141	0.313905	117.124	101.483	-18.7492	-0.0264196	199.831	210.864	0.947676
9971	0.0090723	0.313905	117.124	101.483	-18.7406	-0.0264198	199.84	210.865	0.947716
9972	0.0090732	0.313905	117.124	101.483	-18.7331	-0.0264199	199.847	210.865	0.947751
9973	0.0090741	0.313906	117.125	101.482	-18.727	-0.0264202	199.854	210.865	0.94778
9974	0.009075	0.313906	117.125	101.482	-18.7222	-0.0264204	199.859	210.865	0.947802
9975	0.00907589	0.313907	117.126	101.482	-18.7188	-0.0264207	199.862	210.866	0.947818
9976	0.00907679	0.313907	117.126	101.482	-18.7169	-0.026421	199.864	210.866	0.947826
9977	0.00907769	0.313907	117.126	101.481	-18.7165	-0.0264213	199.865	210.866	0.947828
9978	0.00907859	0.313908	117.127	101.481	-18.7177	-0.0264216	199.864	210.866	0.947821
9979	0.00907949	0.313908	117.127	101.481	-18.7205	-0.0264219	199.861	210.867	0.947807
9980	0.00908038	0.313908	117.128	101.48	-18.725	-0.0264222	199.857	210.867	0.947786
9981	0.00908128	0.313909	117.128	101.48	-18.7312	-0.0264224	199.851	210.867	0.947756
9982	0.00908218	0.313909	117.128	101.48	-18.7397	-0.0264226	199.842	210.867	0.947715
9983	0.00908308	0.31391	117.129	101.48	-18.7549	-0.0264226	199.827	210.868	0.947643
9984	0.00908397	0.31391	117.129	101.479	-18.7714	-0.0264225	199.811	210.868	0.947564
9985	0.00908487	0.31391	117.13	101.479	-18.7854	-0.0264224	199.797	210.868	0.947497
9986	0.00908577	0.313911	117.13	101.479	-18.7973	-0.0264222	199.785	210.868	0.94744
9987	0.00908667	0.313911	117.13	101.479	-18.8072	-0.026422	199.775	210.869	0.947393
9988	0.00908757	0.313912	117.131	101.478	-18.8153	-0.0264217	199.768	210.869	0.947354
9989	0.00908846	0.313912	117.131	101.478	-18.822	-0.0264215	199.761	210.869	0.947321
9990	0.00908936	0.313912	117.132	101.478	-18.8272	-0.0264212	199.756	210.87	0.947296
9991	0.00909026	0.313913	117.132	101.478	-18.8311	-0.026421	199.752	210.87	0.947277
9992	0.00909116	0.313913	117.133	101.477	-18.8336	-0.0264207	199.75	210.87	0.947265
9993	0.00909206	0.313914	117.133	101.477	-18.8349	-0.0264205	199.749	210.87	0.947258
9994	0.00909295	0.313914	117.133	101.477	-18.835	-0.0264203	199.749	210.871	0.947257
9995	0.00909385	0.313914	117.134	101.476	-18.834	-0.0264201	199.75	210.871	0.947261
9996	0.00909475	0.313915	117.134	101.476	-18.8318	-0.0264199	199.752	210.871	0.947271
9997	0.00909565	0.313915	117.135	101.476	-18.8287	-0.0264198	199.755	210.871	0.947285
9998	0.00909654	0.313916	117.135	101.476	-18.8206	-0.0264198	199.764	210.872	0.947323
9999	0.00909744	0.313916	117.136	101.475	-18.8094	-0.0264199	199.775	210.872	0.947376
10000	0.00909834	0.313917	117.136	101.475	-18.7979	-0.02642	199.787	210.872	0.94743
10001	0.00909924	0.313917	117.137	101.475	-18.7866	-0.02642	199.798	210.873	0.947483
10002	0.00910014	0.313917	117.137	101.474	-18.7756	-0.0264201	199.809	210.873	0.947535
10003	0.00910103	0.313918	117.137	101.474	-18.7652	-0.0264202	199.82	210.873	0.947583
10004	0.00910193	0.313918	117.138	101.474	-18.7555	-0.0264202	199.83	210.873	0.947629
10005	0.00910283	0.313919	117.138	101.473	-18.7468	-0.0264204	199.839	210.874	0.947669
10006	0.00910373	0.313919	117.139	101.473	-18.7393	-0.0264206	199.846	210.874	0.947705
10007	0.00910462	0.31392	117.139	101.473	-18.7329	-0.0264208	199.853	210.874	0.947734
10008	0.00910552	0.31392	117.14	101.473	-18.728	-0.026421	199.858	210.875	0.947757
10009	0.00910642	0.31392	117.14	101.472	-18.7244	-0.0264213	199.862	210.875	0.947773
10010	0.00910732	0.313921	117.141	101.472	-18.7223	-0.0264216	199.864	210.875	0.947783
10011	0.00910822	0.313921	117.141	101.472	-18.7217	-0.0264219	199.865	210.876	0.947785
10012	0.00910911	0.313922	117.142	101.471	-18.7228	-0.0264222	199.864	210.876	0.94778
10013	0.00911001	0.313922	117.142	101.471	-18.7254	-0.0264224	199.861	210.876	0.947767
10014	0.00911091	0.313923	117.143	101.471	-18.7296	-0.0264227	199.857	210.876	0.947746
10015	0.00911181	0.313923	117.143	101.471	-18.7356	-0.0264229	199.851	210.877	0.947717
10016	0.0091127	0.313924	117.143	101.47	-18.7437	-0.0264231	199.843	210.877	0.947678
10017	0.0091136	0.313924	117.144	101.47	-18.757	-0.0264232	199.83	210.877	0.947614
10018	0.0091145	0.313924	117.144	101.47	-18.7741	-0.0264231	199.813	210.878	0.947533
10019	0.0091154	0.313925	117.145	101.469	-18.7888	-0.026423	199.799	210.878	0.947463
10020	0.0091163	0.313925	117.145	101.469	-18.8011	-0.0264228	199.787	210.878	0.947404
10021	0.00911719	0.313926	117.146	101.469	-18.8115	-0.0264225	199.777	210.879	0.947354
10022	0.00911809	0.313926	117.146	101.468	-18.82	-0.0264223	199.768	210.879	0.947313
10023	0.00911899	0.313927	117.147	101.468	-18.827	-0.026422	199.761	210.879	0.947279
10024	0.00911989	0.313927	117.147	101.468	-18.8327	-0.0264218	199.756	210.879	0.947252
10025	0.00912078	0.313928	117.148	101.467	-18.8369	-0.0264215	199.752	210.88	0.947231
10026	0.00912168	0.313928	117.148	101.467	-18.8398	-0.0264212	199.749	210.88	0.947217
10027	0.00912258	0.313928	117.149	101.467	-18.8415	-0.026421	199.748	210.88	0.947208
10028	0.00912348	0.313929	117.149	101.466	-18.8419	-0.0264208	199.747	210.881	0.947206
10029	0.00912438	0.313929	117.15	101.466	-18.8412	-0.0264205	199.748	210.881	0.947208
10030	0.00912527	0.31393	117.15	101.466	-18.8394	-0.0264204	199.75	210.881	0.947216
10031	0.00912617	0.31393	117.151	101.466	-18.8366	-0.0264203	199.753	210.882	0.947229
10032	0.00912707	0.313931	117.151	101.465	-18.8297	-0.0264203	199.76	210.882	0.947261
10033	0.00912797	0.313931	117.152	101.465	-18.8188	-0.0264203	199.771	210.882	0.947312
10034	0.00912886	0.313932	117.152	101.465	-18.8075	-0.0264204	199.783	210.882	0.947365
10035	0.00912976	0.313932	117.153	101.464	-18.7963	-0.0264204	199.794	210.883	0.947418
10036	0.00913066	0.313933	117.153	101.464	-18.7853	-0.0264205	199.805	210.883	0.947469
10037	0.00913156	0.313933	117.154	101.464	-18.7749	-0.0264205	199.816	210.883	0.947518
10038	0.00913246	0.313934	117.154	101.463	-18.7653	-0.0264206	199.826	210.884	0.947563
10039	0.00913335	0.313934	117.155	101.463	-18.7565	-0.0264207	199.835	210.884	0.947604
10040	0.00913425	0.313934	117.155	101.463	-18.7488	-0.0264209	199.843	210.884	0.94764
10041	0.00913515	0.313935	117.156	101.462	-18.7423	-0.0264211	199.849	210.885	0.94767
10042	0.00913605	0.313935	117.156	101.462	-18.7372	-0.0264213	199.854	210.885	0.947694
10043	0.00913694	0.313936	117.156	101.462	-18.7335	-0.0264216	199.858	210.885	0.947711
10044	0.00913784	0.313936	117.157	101.461	-18.7312	-0.0264218	199.861	210.886	0.947721
10045	0.00913874	0.313937	117.157	101.461	-18.7304	-0.0264221	199.862	210.886	0.947724
10046	0.00913964	0.313937	117.158	101.461	-18.7313	-0.0264224	199.861	210.886	0.94772
10047	0.00914054	0.313938	117.158	101.461	-18.7337	-0.0264227	199.859	210.887	0.947708
10048	0.00914143	0.313938	117.159	101.46	-18.7377	-0.0264229	199.855	210.887	0.947688
10049	0.00914233	0.313939	117.159	101.46	-18.7434	-0.0264232	199.849	210.887	0.947661
10050	0.00914323	0.313939	117.16	101.46	-18.7512	-0.0264234	199.842	210.887	0.947623
10051	0.00914413	0.31394	117.16	101.459	-18.7631	-0.0264235	199.83	210.888	0.947566
10052	0.00914502	0.31394	117.161	101.459	-18.7807	-0.0264234	199.813	210.888	0.947482
10053	0.00914592	0.31394	117.161	101.459	-18.7957	-0.0264232	199.798	210.888	0.94741
10054	0.00914682	0.313941	117.162	101.458	-18.8085	-0.026423	199.785	210.889	0.947349
10055	0.00914772	0.313941	117.162	101.458	-18.8192	-0.0264228	199.775	210.889	0.947298
10056	0.00914861	0.313942	117.163	101.458	-18.8281	-0.0264225	199.766	210.889	0.947255
10057	0.00914951	0.313942	117.163	101.457	-18.8354	-0.0264223	199.759	210.89	0.94722
10058	0.00915041	0.313943	117.164	101.457	-18.8414	-0.026422	199.753	210.89	0.947191
10059	0.00915131	0.313943	117.164	101.457	-18.8459	-0.0264217	199.749	210.89	0.947169
10060	0.00915221	0.313944	117.165	101.457	-18.8491	-0.0264215	199.746	210.89	0.947153
10061	0.0091531	0.313944	117.165	101.456	-18.8511	-0.0264212	199.744	210.891	0.947143
10062	0.009154	0.313944	117.166	101.456	-18.8518	-0.0264209	199.743	210.891	0.947139
10063	0.0091549	0.313945	117.166	101.456	-18.8514	-0.0264207	199.744	210.891	0.947141
10064	0.0091558	0.313945	117.166	101.455	-18.8498	-0.0264205	199.746	210.892	0.947148
10065	0.0091567	0.313946	117.167	101.455	-18.8473	-0.0264204	199.748	210.892	0.947159
10066	0.00915759	0.313946	117.167	101.455	-18.8414	-0.0264204	199.754	210.892	0.947187
10067	0.00915849	0.313947	117.168	101.454	-18.8308	-0.0264204	199.765	210.893	0.947236
10068	0.00915939	0.313947	117.168	101.454	-18.8196	-0.0264205	199.776	210.893	0.947289
10069	0.00916029	0.313948	117.169	101.454	-18.8084	-0.0264205	199.788	210.893	0.947341
10070	0.00916118	0.313948	117.169	101.454	-18.7975	-0.0264205	199.799	210.893	0.947393
10071	0.00916208	0.313948	117.17	101.453	-18.7871	-0.0264206	199.809	210.894	0.947442
10072	0.00916298	0.313949	117.17	101.453	-18.7773	-0.0264206	199.819	210.894	0.947487
10073	0.00916388	0.313949	117.171	101.453	-18.7684	-0.0264207	199.828	210.894	0.947529
10074	0.00916477	0.31395	117.171	101.452	-18.7606	-0.0264209	199.836	210.895	0.947565
10075	0.00916567	0.31395	117.171	101.452	-18.754	-0.0264211	199.843	210.895	0.947596
10076	0.00916657	0.31395	117.172	101.452	-18.7487	-0.0264213	199.849	210.895	0.947621
10077	0.00916747	0.313951	117.172	101.452	-18.7448	-0.0264215	199.853	210.895	0.947639
10078	0.00916837	0.313951	117.173	101.451	-18.7423	-0.0264218	199.855	210.896	0.94765
10079	0.00916926	0.313952	117.173	101.451	-18.7413	-0.026422	199.856	210.896	0.947654
10080	0.00917016	0.313952	117.173	101.451	-18.7419	-0.0264223	199.856	210.896	0.947651
10081	0.00917106	0.313952	117.174	101.451	-18.7441	-0.0264226	199.854	210.896	0.94764
10082	0.00917196	0.313953	117.174	101.45	-18.7479	-0.0264228	199.85	210.897	0.947622
10083	0.00917285	0.313953	117.175	101.45	-18.7534	-0.0264231	199.845	210.897	0.947595
10084	0.00917375	0.313953	117.175	101.45	-18.7607	-0.0264233	199.838	210.897	0.94756
10085	0.00917465	0.313954	117.175	101.45	-18.7714	-0.0264234	199.827	210.897	0.947509
10086	0.00917555	0.313954	117.176	101.449	-18.7894	-0.0264233	199.809	210.898	0.947423
10087	0.00917644	0.313955	117.176	101.449	-18.8048	-0.0264231	199.794	210.898	0.947349
10088	0.00917734	0.313955	117.177	101.449	-18.818	-0.0264229	199.781	210.898	0.947287
10089	0.00917824	0.313955	117.177	101.449	-18.829	-0.0264227	199.77	210.898	0.947234
10090	0.00917914	0.313956	117.177	101.448	-18.8381	-0.0264224	199.761	210.899	0.94719
10091	0.00918004	0.313956	117.178	101.448	-18.8457	-0.0264222	199.754	210.899	0.947154
10092	0.00918093	0.313956	117.178	101.448	-18.8519	-0.0264219	199.748	210.899	0.947124
10093	0.00918183	0.313957	117.178	101.448	-18.8566	-0.0264216	199.743	210.899	0.947101
10094	0.00918273	0.313957	117.179	101.447	-18.8601	-0.0264213	199.74	210.899	0.947085
10095	0.00918363	0.313957	117.179	101.447	-18.8623	-0.026421	199.738	210.9	0.947074
10096	0.00918452	0.313958	117.179	101.447	-18.8632	-0.0264208	199.737	210.9	0.947069
10097	0.00918542	0.313958	117.18	101.447	-18.863	-0.0264205	199.737	210.9	0.94707
10098	0.00918632	0.313958	117.18	101.447	-18.8616	-0.0264203	199.739	210.9	0.947076
10099	0.00918722	0.313959	117.18	101.446	-18.8592	-0.0264202	199.741	210.901	0.947087
10100	0.00918812	0.313959	117.181	101.446	-18.854	-0.0264201	199.746	210.901	0.947111
10101	0.00918901	0.313959	117.181	101.446	-18.8437	-0.0264202	199.757	210.901	0.94716
10102	0.00918991	0.313959	117.181	101.446	-18.8325	-0.0264202	199.768	210.901	0.947213
10103	0.00919081	0.31396	117.181	101.446	-18.8212	-0.0264202	199.779	210.901	0.947265
10104	0.00919171	0.31396	117.182	101.446	-18.8103	-0.0264203	199.791	210.901	0.947317
10105	0.0091926	0.31396	117.182	101.445	-18.7998	-0.0264203	199.801	210.902	0.947367
10106	0.0091935	0.31396	117.182	101.445	-18.7899	-0.0264203	199.811	210.902	0.947413
10107	0.0091944	0.313961	117.182	101.445	-18.7809	-0.0264204	199.82	210.902	0.947455
10108	0.0091953	0.313961	117.183	101.445	-18.7729	-0.0264206	199.828	210.902	0.947493
10109	0.00919619	0.313961	117.183	101.445	-18.7661	-0.0264207	199.835	210.902	0.947525
10110	0.00919709	0.313961	117.183	101.445	-18.7606	-0.0264209	199.841	210.902	0.947551
10111	0.00919799	0.313962	117.183	101.444	-18.7565	-0.0264212	199.845	210.903	0.94757
10112	0.00919889	0.313962	117.184	101.444	-18.7539	-0.0264214	199.848	210.903	0.947582
10113	0.00919979	0.313962	117.184	101.444	-18.7527	-0.0264217	199.849	210.903	0.947588
10114	0.00920068	0.313962	117.184	101.444	-18.753	-0.026422	199.849	210.903	0.947586
10115	0.00920158	0.313962	117.184	101.444	-18.755	-0.0264222	199.847	210.903	0.947576
10116	0.00920248	0.313963	117.185	101.444	-18.7585	-0.0264225	199.843	210.903	0.947559
10117	0.00920338	0.313963	117.185	101.444	-18.7637	-0.0264227	199.838	210.903	0.947534
10118	0.00920427	0.313963	117.185	101.443	-18.7707	-0.0264229	199.831	210.904	0.947501
10119	0.00920517	0.313963	117.185	101.443	-18.7805	-0.026423	199.821	210.904	0.947454
10120	0.00920607	0.313963	117.185	101.443	-18.7988	-0.0264229	199.803	210.904	0.947367
10121	0.00920697	0.313963	117.185	101.443	-18.8145	-0.0264228	199.788	210.904	0.947293
10122	0.00920786	0.313964	117.186	101.443	-18.8278	-0.0264226	199.774	210.904	0.947229
10123	0.00920876	0.313964	117.186	101.443	-18.8391	-0.0264223	199.763	210.904	0.947176
10124	0.00920966	0.313964	117.186	101.443	-18.8484	-0.0264221	199.754	210.904	0.947131
10125	0.00921056	0.313964	117.186	101.443	-18.8561	-0.0264218	199.746	210.904	0.947094
10126	0.00921146	0.313964	117.186	101.443	-18.8624	-0.0264215	199.74	210.904	0.947064
10127	0.00921235	0.313964	117.186	101.443	-18.8673	-0.0264212	199.735	210.904	0.947041
10128	0.00921325	0.313965	117.187	101.442	-18.8709	-0.0264209	199.732	210.905	0.947024
10129	0.00921415	0.313965	117.187	101.442	-18.8732	-0.0264206	199.729	210.905	0.947013
10130	0.00921505	0.313965	117.187	101.442	-18.8742	-0.0264204	199.728	210.905	0.947008
10131	0.00921594	0.313965	117.187	101.442	-18.8741	-0.0264201	199.729	210.905	0.947008
10132	0.00921684	0.313965	117.187	101.442	-18.8728	-0.0264199	199.73	210.905	0.947014
10133	0.00921774	0.313965	117.187	101.442	-18.8705	-0.0264197	199.732	210.905	0.947025
10134	0.00921864	0.313965	117.187	101.442	-18.8654	-0.0264197	199.737	210.905	0.947049
10135	0.00921954	0.313965	117.187	101.442	-18.8551	-0.0264197	199.748	210.905	0.947098
10136	0.00922043	0.313965	117.187	101.442	-18.8438	-0.0264197	199.759	210.905	0.947151
10137	0.00922133	0.313965	117.187	101.442	-18.8326	-0.0264197	199.77	210.905	0.947204
10138	0.00922223	0.313966	117.188	101.442	-18.8216	-0.0264197	199.781	210.905	0.947257
10139	0.00922313	0.313966	117.188	101.442	-18.811	-0.0264198	199.792	210.905	0.947307
10140	0.00922402	0.313966	117.188	101.442	-18.801	-0.0264198	199.802	210.905	0.947354
10141	0.00922492	0.313966	117.188	101.442	-18.7919	-0.0264199	199.811	210.905	0.947397
10142	0.00922582	0.313966	117.188	101.442	-18.7838	-0.02642	199.819	210.905	0.947435
10143	0.00922672	0.313966	117.188	101.442	-18.7768	-0.0264202	199.826	210.905	0.947468
10144	0.00922761	0.313966	117.188	101.442	-18.7712	-0.0264204	199.832	210.905	0.947495
10145	0.00922851	0.313966	117.188	101.442	-18.7669	-0.0264206	199.836	210.905	0.947515
10146	0.00922941	0.313966	117.188	101.442	-18.7641	-0.0264208	199.839	210.906	0.947529
10147	0.00923031	0.313966	117.188	101.442	-18.7627	-0.0264211	199.84	210.906	0.947535
10148	0.0092312	0.313966	117.188	101.442	-18.7629	-0.0264214	199.84	210.906	0.947534
10149	0.0092321	0.313966	117.188	101.442	-18.7647	-0.0264216	199.838	210.906	0.947525
10150	0.009233	0.313966	117.188	101.442	-18.7681	-0.0264219	199.835	210.906	0.947509
10151	0.0092339	0.313966	117.188	101.442	-18.7731	-0.0264221	199.83	210.906	0.947486
10152	0.0092348	0.313966	117.188	101.442	-18.7799	-0.0264223	199.823	210.906	0.947454
10153	0.00923569	0.313966	117.188	101.442	-18.7891	-0.0264224	199.814	210.906	0.94741
10154	0.00923659	0.313966	117.188	101.442	-18.8075	-0.0264223	199.796	210.906	0.947322
10155	0.00923749	0.313966	117.188	101.442	-18.8233	-0.0264222	199.78	210.906	0.947248
10156	0.00923839	0.313966	117.188	101.442	-18.8367	-0.0264219	199.766	210.906	0.947184
10157	0.00923928	0.313966	117.188	101.442	-18.848	-0.0264217	199.755	210.906	0.947131
10158	0.00924018	0.313966	117.188	101.442	-18.8573	-0.0264214	199.746	210.906	0.947086
10159	0.00924108	0.313966	117.188	101.442	-18.8651	-0.0264212	199.738	210.906	0.94705
10160	0.00924198	0.313966	117.188	101.442	-18.8714	-0.0264209	199.732	210.906	0.94702
10161	0.00924287	0.313966	117.188	101.442	-18.8763	-0.0264206	199.727	210.905	0.946996
10162	0.00924377	0.313966	117.188	101.442	-18.8799	-0.0264203	199.723	210.905	0.94698
10163	0.00924467	0.313966	117.188	101.442	-18.8822	-0.02642	199.721	210.905	0.946969
10164	0.00924557	0.313966	117.188	101.442	-18.8832	-0.0264197	199.72	210.905	0.946964
10165	0.00924647	0.313966	117.188	101.442	-18.883	-0.0264195	199.72	210.905	0.946965
10166	0.00924736	0.313966	117.188	101.442	-18.8817	-0.0264192	199.721	210.905	0.946971
10167	0.00924826	0.313966	117.188	101.442	-18.8793	-0.0264191	199.724	210.905	0.946982
10168	0.00924916	0.313966	117.188	101.442	-18.8736	-0.026419	199.729	210.905	0.94701
10169	0.00925006	0.313966	117.188	101.442	-18.8631	-0.026419	199.74	210.905	0.947059
10170	0.00925095	0.313966	117.188	101.442	-18.8517	-0.0264191	199.751	210.905	0.947113
10171	0.00925185	0.313966	117.188	101.442	-18.8404	-0.0264191	199.763	210.905	0.947167
10172	0.00925275	0.313966	117.188	101.442	-18.8293	-0.0264191	199.774	210.905	0.94722
10173	0.00925365	0.313966	117.188	101.442	-18.8186	-0.0264191	199.784	210.905	0.947271
10174	0.00925454	0.313966	117.188	101.442	-18.8085	-0.0264191	199.794	210.905	0.947318
10175	0.00925544	0.313966	117.188	101.442	-18.7993	-0.0264192	199.804	210.905	0.947362
10176	0.00925634	0.313966	117.188	101.442	-18.791	-0.0264193	199.812	210.905	0.947401
10177	0.00925724	0.313966	117.188	101.442	-18.784	-0.0264195	199.819	210.905	0.947435
10178	0.00925814	0.313966	117.187	101.442	-18.7783	-0.0264197	199.825	210.905	0.947462
10179	0.00925903	0.313966	117.187	101.442	-18.7739	-0.0264199	199.829	210.905	0.947482
10180	0.00925993	0.313965	117.187	101.442	-18.771	-0.0264202	199.832	210.905	0.947496
10181	0.00926083	0.313965	117.187	101.442	-18.7695	-0.0264204	199.833	210.905	0.947503
10182	0.00926173	0.313965	117.187	101.442	-18.7697	-0.0264207	199.833	210.905	0.947503
10183	0.00926262	0.313965	117.187	101.442	-18.7714	-0.026421	199.831	210.905	0.947495
10184	0.00926352	0.313965	117.187	101.442	-18.7747	-0.0264212	199.828	210.905	0.947479
10185	0.00926442	0.313965	117.187	101.442	-18.7796	-0.0264214	199.823	210.905	0.947456
10186	0.00926532	0.313965	117.187	101.442	-18.7862	-0.0264216	199.817	210.905	0.947424
10187	0.00926621	0.313965	117.187	101.442	-18.7953	-0.0264218	199.808	210.905	0.947382
10188	0.00926711	0.313965	117.187	101.442	-18.8131	-0.0264217	199.79	210.905	0.947297
10189	0.00926801	0.313965	117.187	101.442	-18.8289	-0.0264215	199.774	210.905	0.947222
10190	0.00926891	0.313965	117.187	101.442	-18.8423	-0.0264213	199.76	210.905	0.947159
10191	0.0092698	0.313965	117.187	101.442	-18.8536	-0.026421	199.749	210.905	0.947105
10192	0.0092707	0.313965	117.187	101.442	-18.8629	-0.0264208	199.74	210.905	0.947061
10193	0.0092716	0.313965	117.187	101.442	-18.8706	-0.0264205	199.732	210.905	0.947025
10194	0.0092725	0.313965	117.187	101.442	-18.8768	-0.0264202	199.726	210.905	0.946995
10195	0.0092734	0.313965	117.187	101.442	-18.8817	-0.0264199	199.721	210.905	0.946972
10196	0.00927429	0.313965	117.187	101.442	-18.8851	-0.0264196	199.718	210.905	0.946956
10197	0.00927519	0.313965	117.187	101.442	-18.8873	-0.0264193	199.715	210.905	0.946946
10198	0.00927609	0.313965	117.187	101.442	-18.8882	-0.0264191	199.714	210.905	0.946941
10199	0.00927699	0.313965	117.187	101.442	-18.8879	-0.0264188	199.715	210.905	0.946943
10200	0.00927788	0.313965	117.186	101.443	-18.8865	-0.0264186	199.716	210.905	0.94695
10201	0.00927878	0.313965	117.186	101.443	-18.884	-0.0264184	199.719	210.905	0.946962
10202	0.00927968	0.313964	117.186	101.443	-18.8776	-0.0264183	199.725	210.904	0.946992
10203	0.00928058	0.313964	117.186	101.443	-18.8669	-0.0264184	199.736	210.904	0.947043
10204	0.00928147	0.313964	117.186	101.443	-18.8554	-0.0264184	199.747	210.904	0.947098
10205	0.00928237	0.313964	117.186	101.443	-18.8439	-0.0264184	199.758	210.904	0.947152
10206	0.00928327	0.313964	117.186	101.443	-18.8327	-0.0264184	199.77	210.904	0.947206
10207	0.00928417	0.313964	117.186	101.443	-18.8218	-0.0264184	199.78	210.904	0.947257
10208	0.00928507	0.313964	117.186	101.443	-18.8116	-0.0264185	199.791	210.904	0.947306
10209	0.00928596	0.313964	117.185	101.443	-18.8023	-0.0264186	199.8	210.904	0.94735
10210	0.00928686	0.313964	117.185	101.443	-18.794	-0.0264187	199.808	210.904	0.94739
10211	0.00928776	0.313963	117.185	101.443	-18.7868	-0.0264189	199.815	210.904	0.947424
10212	0.00928866	0.313963	117.185	101.443	-18.781	-0.0264191	199.821	210.904	0.947452
10213	0.00928955	0.313963	117.185	101.444	-18.7765	-0.0264193	199.826	210.904	0.947473
10214	0.00929045	0.313963	117.185	101.444	-18.7735	-0.0264195	199.828	210.904	0.947487
10215	0.00929135	0.313963	117.185	101.444	-18.772	-0.0264198	199.83	210.903	0.947495
10216	0.00929225	0.313963	117.185	101.444	-18.772	-0.0264201	199.83	210.903	0.947495
10217	0.00929314	0.313963	117.184	101.444	-18.7737	-0.0264203	199.828	210.903	0.947487
10218	0.00929404	0.313963	117.184	101.444	-18.7769	-0.0264206	199.825	210.903	0.947472
10219	0.00929494	0.313962	117.184	101.444	-18.7817	-0.0264208	199.82	210.903	0.94745
10220	0.00929584	0.313962	117.184	101.444	-18.7882	-0.026421	199.813	210.903	0.947419
10221	0.00929673	0.313962	117.184	101.444	-18.797	-0.0264212	199.805	210.903	0.947377
10222	0.00929763	0.313962	117.184	101.444	-18.8135	-0.0264211	199.788	210.903	0.947299
10223	0.00929853	0.313962	117.183	101.445	-18.8295	-0.026421	199.772	210.903	0.947224
10224	0.00929943	0.313962	117.183	101.445	-18.8431	-0.0264208	199.758	210.903	0.947159
10225	0.00930032	0.313961	117.183	101.445	-18.8545	-0.0264205	199.747	210.902	0.947105
10226	0.00930122	0.313961	117.183	101.445	-18.8639	-0.0264203	199.737	210.902	0.947061
10227	0.00930212	0.313961	117.183	101.445	-18.8716	-0.02642	199.73	210.902	0.947025
10228	0.00930302	0.313961	117.182	101.445	-18.8778	-0.0264197	199.723	210.902	0.946996
10229	0.00930392	0.313961	117.182	101.445	-18.8826	-0.0264194	199.718	210.902	0.946973
10230	0.00930481	0.31396	117.182	101.445	-18.886	-0.0264191	199.715	210.902	0.946957
10231	0.00930571	0.31396	117.182	101.446	-18.8882	-0.0264188	199.713	210.902	0.946947
10232	0.00930661	0.31396	117.182	101.446	-18.889	-0.0264186	199.712	210.902	0.946944
10233	0.00930751	0.31396	117.181	101.446	-18.8886	-0.0264183	199.712	210.901	0.946946
10234	0.0093084	0.31396	117.181	101.446	-18.8871	-0.0264181	199.714	210.901	0.946953
10235	0.0093093	0.313959	117.181	101.446	-18.8844	-0.0264179	199.716	210.901	0.946966
10236	0.0093102	0.313959	117.181	101.446	-18.8781	-0.0264179	199.722	210.901	0.946996
10237	0.0093111	0.313959	117.181	101.446	-18.8673	-0.0264179	199.733	210.901	0.947048
10238	0.009312	0.313959	117.18	101.447	-18.8556	-0.0264179	199.745	210.901	0.947103
10239	0.00931289	0.313959	117.18	101.447	-18.844	-0.0264179	199.756	210.901	0.947159
10240	0.00931379	0.313958	117.18	101.447	-18.8325	-0.0264179	199.768	210.9	0.947213
10241	0.00931469	0.313958	117.18	101.447	-18.8215	-0.0264179	199.779	210.9	0.947266
10242	0.00931559	0.313958	117.179	101.447	-18.8111	-0.026418	199.789	210.9	0.947316
10243	0.00931648	0.313958	117.179	101.447	-18.8016	-0.0264181	199.798	210.9	0.947361
10244	0.00931738	0.313957	117.179	101.447	-18.793	-0.0264182	199.807	210.9	0.947402
10245	0.00931828	0.313957	117.179	101.448	-18.7857	-0.0264184	199.814	210.9	0.947437
10246	0.00931918	0.313957	117.178	101.448	-18.7797	-0.0264186	199.82	210.9	0.947466
10247	0.00932007	0.313957	117.178	101.448	-18.775	-0.0264188	199.825	210.899	0.947488
10248	0.00932097	0.313957	117.178	101.448	-18.7718	-0.0264191	199.828	210.899	0.947504
10249	0.00932187	0.313956	117.178	101.448	-18.7701	-0.0264194	199.829	210.899	0.947512
10250	0.00932277	0.313956	117.177	101.448	-18.7699	-0.0264197	199.829	210.899	0.947513
10251	0.00932366	0.313956	117.177	101.449	-18.7714	-0.02642	199.828	210.899	0.947507
10252	0.00932456	0.313956	117.177	101.449	-18.7744	-0.0264202	199.825	210.899	0.947493
10253	0.00932546	0.313955	117.176	101.449	-18.779	-0.0264205	199.82	210.898	0.947471
10254	0.00932636	0.313955	117.176	101.449	-18.7852	-0.0264207	199.814	210.898	0.947442
10255	0.00932725	0.313955	117.176	101.449	-18.7936	-0.0264208	199.805	210.898	0.947402
10256	0.00932815	0.313955	117.176	101.45	-18.808	-0.0264208	199.791	210.898	0.947335
10257	0.00932905	0.313954	117.175	101.45	-18.8245	-0.0264207	199.774	210.898	0.947257
10258	0.00932995	0.313954	117.175	101.45	-18.8385	-0.0264205	199.76	210.897	0.947191
10259	0.00933085	0.313954	117.175	101.45	-18.8502	-0.0264203	199.748	210.897	0.947136
10260	0.00933174	0.313953	117.174	101.45	-18.8598	-0.0264201	199.739	210.897	0.94709
10261	0.00933264	0.313953	117.174	101.451	-18.8677	-0.0264198	199.731	210.897	0.947053
10262	0.00933354	0.313953	117.174	101.451	-18.8741	-0.0264195	199.724	210.897	0.947023
10263	0.00933444	0.313953	117.174	101.451	-18.879	-0.0264192	199.719	210.897	0.947
10264	0.00933533	0.313952	117.173	101.451	-18.8825	-0.026419	199.715	210.896	0.946984
10265	0.00933623	0.313952	117.173	101.451	-18.8847	-0.0264187	199.713	210.896	0.946974
10266	0.00933713	0.313952	117.173	101.452	-18.8856	-0.0264184	199.712	210.896	0.94697
10267	0.00933803	0.313951	117.172	101.452	-18.8852	-0.0264182	199.712	210.896	0.946972
10268	0.00933892	0.313951	117.172	101.452	-18.8837	-0.026418	199.714	210.896	0.94698
10269	0.00933982	0.313951	117.172	101.452	-18.8811	-0.0264178	199.716	210.895	0.946993
10270	0.00934072	0.31395	117.171	101.452	-18.8761	-0.0264177	199.721	210.895	0.947017
10271	0.00934162	0.31395	117.171	101.453	-18.8656	-0.0264177	199.732	210.895	0.947067
10272	0.00934252	0.31395	117.171	101.453	-18.8538	-0.0264178	199.743	210.895	0.947123
10273	0.00934341	0.31395	117.17	101.453	-18.8419	-0.0264178	199.755	210.894	0.94718
10274	0.00934431	0.313949	117.17	101.453	-18.8302	-0.0264178	199.767	210.894	0.947236
10275	0.00934521	0.313949	117.17	101.453	-18.819	-0.0264178	199.778	210.894	0.94729
10276	0.00934611	0.313949	117.169	101.454	-18.8083	-0.0264179	199.788	210.894	0.947341
10277	0.009347	0.313948	117.169	101.454	-18.7984	-0.026418	199.798	210.894	0.947388
10278	0.0093479	0.313948	117.169	101.454	-18.7895	-0.0264181	199.807	210.893	0.94743
10279	0.0093488	0.313948	117.168	101.454	-18.7818	-0.0264183	199.814	210.893	0.947467
10280	0.0093497	0.313947	117.168	101.455	-18.7754	-0.0264185	199.821	210.893	0.947498
10281	0.00935059	0.313947	117.168	101.455	-18.7704	-0.0264187	199.826	210.893	0.947522
10282	0.00935149	0.313947	117.167	101.455	-18.7668	-0.026419	199.829	210.893	0.94754
10283	0.00935239	0.313946	117.167	101.455	-18.7647	-0.0264193	199.831	210.892	0.94755
10284	0.00935329	0.313946	117.167	101.455	-18.7641	-0.0264196	199.831	210.892	0.947553
10285	0.00935418	0.313946	117.166	101.456	-18.7651	-0.0264199	199.83	210.892	0.947549
10286	0.00935508	0.313945	117.166	101.456	-18.7677	-0.0264202	199.828	210.892	0.947537
10287	0.00935598	0.313945	117.165	101.456	-18.7719	-0.0264204	199.823	210.891	0.947518
10288	0.00935688	0.313945	117.165	101.456	-18.7777	-0.0264206	199.817	210.891	0.947491
10289	0.00935778	0.313944	117.165	101.457	-18.7854	-0.0264208	199.81	210.891	0.947455
10290	0.00935867	0.313944	117.164	101.457	-18.7969	-0.0264209	199.798	210.891	0.947401
10291	0.00935957	0.313944	117.164	101.457	-18.8142	-0.0264208	199.78	210.89	0.947319
10292	0.00936047	0.313943	117.164	101.457	-18.8289	-0.0264207	199.766	210.89	0.94725
10293	0.00936137	0.313943	117.163	101.458	-18.8412	-0.0264204	199.753	210.89	0.947192
10294	0.00936226	0.313942	117.163	101.458	-18.8513	-0.0264202	199.743	210.89	0.947144
10295	0.00936316	0.313942	117.163	101.458	-18.8596	-0.02642	199.735	210.889	0.947105
10296	0.00936406	0.313942	117.162	101.458	-18.8663	-0.0264197	199.728	210.889	0.947074
10297	0.00936496	0.313941	117.162	101.459	-18.8715	-0.0264194	199.722	210.889	0.94705
10298	0.00936585	0.313941	117.161	101.459	-18.8753	-0.0264191	199.719	210.889	0.947032
10299	0.00936675	0.313941	117.161	101.459	-18.8777	-0.0264189	199.716	210.889	0.947021
10300	0.00936765	0.31394	117.161	101.459	-18.8788	-0.0264186	199.715	210.888	0.947016
10301	0.00936855	0.31394	117.16	101.46	-18.8787	-0.0264183	199.715	210.888	0.947017
10302	0.00936945	0.31394	117.16	101.46	-18.8774	-0.0264181	199.716	210.888	0.947024
10303	0.00937034	0.313939	117.159	101.46	-18.875	-0.0264179	199.718	210.888	0.947036
10304	0.00937124	0.313939	117.159	101.46	-18.8715	-0.0264178	199.721	210.887	0.947053
10305	0.00937214	0.313939	117.159	101.461	-18.8623	-0.0264178	199.731	210.887	0.947097
10306	0.00937304	0.313938	117.158	101.461	-18.8505	-0.0264179	199.742	210.887	0.947153
10307	0.00937393	0.313938	117.158	101.461	-18.8385	-0.0264179	199.754	210.887	0.947211
10308	0.00937483	0.313937	117.158	101.461	-18.8266	-0.0264179	199.766	210.886	0.947268
10309	0.00937573	0.313937	117.157	101.461	-18.815	-0.0264179	199.777	210.886	0.947323
10310	0.00937663	0.313937	117.157	101.462	-18.804	-0.026418	199.788	210.886	0.947376
10311	0.00937753	0.313936	117.157	101.462	-18.7937	-0.0264181	199.798	210.886	0.947425
10312	0.00937842	0.313936	117.156	101.462	-18.7844	-0.0264182	199.808	210.885	0.94747
10313	0.00937932	0.313936	117.156	101.462	-18.7762	-0.0264184	199.816	210.885	0.947509
10314	0.00938022	0.313935	117.155	101.463	-18.7693	-0.0264186	199.822	210.885	0.947542
10315	0.00938112	0.313935	117.155	101.463	-18.7637	-0.0264188	199.828	210.885	0.947569
10316	0.00938201	0.313935	117.155	101.463	-18.7596	-0.026419	199.832	210.884	0.947589
10317	0.00938291	0.313934	117.154	101.463	-18.7569	-0.0264193	199.834	210.884	0.947602
10318	0.00938381	0.313934	117.154	101.464	-18.7557	-0.0264196	199.835	210.884	0.947608
10319	0.00938471	0.313934	117.154	101.464	-18.7561	-0.0264199	199.835	210.884	0.947607
10320	0.0093856	0.313933	117.153	101.464	-18.7582	-0.0264202	199.833	210.884	0.947597
10321	0.0093865	0.313933	117.153	101.464	-18.7617	-0.0264205	199.829	210.883	0.947581
10322	0.0093874	0.313933	117.153	101.465	-18.7669	-0.0264207	199.824	210.883	0.947557
10323	0.0093883	0.313932	117.152	101.465	-18.7738	-0.0264209	199.817	210.883	0.947524
10324	0.00938919	0.313932	117.152	101.465	-18.7835	-0.0264211	199.807	210.883	0.947479
10325	0.00939009	0.313932	117.151	101.465	-18.8014	-0.026421	199.789	210.882	0.947395
10326	0.00939099	0.313931	117.151	101.465	-18.8166	-0.0264209	199.774	210.882	0.947323
10327	0.00939189	0.313931	117.151	101.466	-18.8293	-0.0264207	199.761	210.882	0.947263
10328	0.00939279	0.313931	117.15	101.466	-18.84	-0.0264204	199.75	210.882	0.947213
10329	0.00939368	0.31393	117.15	101.466	-18.8486	-0.0264202	199.741	210.882	0.947172
10330	0.00939458	0.31393	117.15	101.466	-18.8557	-0.0264199	199.734	210.881	0.947139
10331	0.00939548	0.31393	117.149	101.467	-18.8612	-0.0264197	199.728	210.881	0.947113
10332	0.00939638	0.313929	117.149	101.467	-18.8653	-0.0264194	199.724	210.881	0.947094
10333	0.00939727	0.313929	117.149	101.467	-18.8681	-0.0264191	199.721	210.881	0.947081
10334	0.00939817	0.313929	117.148	101.467	-18.8696	-0.0264188	199.72	210.881	0.947075
10335	0.00939907	0.313928	117.148	101.467	-18.8697	-0.0264186	199.719	210.88	0.947074
10336	0.00939997	0.313928	117.148	101.468	-18.8687	-0.0264183	199.72	210.88	0.94708
10337	0.00940087	0.313928	117.148	101.468	-18.8665	-0.0264181	199.722	210.88	0.94709
10338	0.00940176	0.313928	117.147	101.468	-18.8633	-0.026418	199.725	210.88	0.947106
10339	0.00940266	0.313927	117.147	101.468	-18.8552	-0.026418	199.733	210.88	0.947145
10340	0.00940356	0.313927	117.147	101.468	-18.8437	-0.026418	199.745	210.879	0.9472
10341	0.00940446	0.313927	117.146	101.469	-18.8317	-0.0264181	199.757	210.879	0.947257
10342	0.00940535	0.313926	117.146	101.469	-18.8197	-0.0264181	199.769	210.879	0.947314
10343	0.00940625	0.313926	117.146	101.469	-18.8081	-0.0264181	199.78	210.879	0.94737
10344	0.00940715	0.313926	117.145	101.469	-18.7969	-0.0264182	199.791	210.879	0.947423
10345	0.00940805	0.313926	117.145	101.469	-18.7864	-0.0264182	199.802	210.878	0.947473
10346	0.00940894	0.313925	117.145	101.469	-18.7769	-0.0264184	199.811	210.878	0.947519
10347	0.00940984	0.313925	117.145	101.47	-18.7684	-0.0264185	199.819	210.878	0.947559
10348	0.00941074	0.313925	117.144	101.47	-18.7612	-0.0264187	199.827	210.878	0.947593
10349	0.00941164	0.313925	117.144	101.47	-18.7553	-0.0264189	199.832	210.878	0.947622
10350	0.00941253	0.313924	117.144	101.47	-18.7509	-0.0264192	199.837	210.878	0.947643
10351	0.00941343	0.313924	117.144	101.47	-18.7479	-0.0264195	199.84	210.877	0.947657
10352	0.00941433	0.313924	117.143	101.47	-18.7464	-0.0264198	199.841	210.877	0.947665
10353	0.00941523	0.313924	117.143	101.471	-18.7465	-0.0264201	199.841	210.877	0.947665
10354	0.00941613	0.313923	117.143	101.471	-18.7482	-0.0264204	199.839	210.877	0.947657
10355	0.00941702	0.313923	117.143	101.471	-18.7515	-0.0264207	199.836	210.877	0.947641
10356	0.00941792	0.313923	117.143	101.471	-18.7564	-0.0264209	199.831	210.877	0.947619
10357	0.00941882	0.313923	117.142	101.471	-18.7631	-0.0264211	199.824	210.877	0.947587
10358	0.00941972	0.313923	117.142	101.471	-18.7724	-0.0264213	199.815	210.876	0.947543
10359	0.00942061	0.313922	117.142	101.471	-18.7903	-0.0264212	199.797	210.876	0.947459
10360	0.00942151	0.313922	117.142	101.471	-18.8055	-0.0264211	199.781	210.876	0.947387
10361	0.00942241	0.313922	117.142	101.472	-18.8184	-0.0264209	199.768	210.876	0.947326
10362	0.00942331	0.313922	117.141	101.472	-18.8291	-0.0264206	199.757	210.876	0.947275
10363	0.0094242	0.313922	117.141	101.472	-18.8379	-0.0264204	199.749	210.876	0.947234
10364	0.0094251	0.313922	117.141	101.472	-18.845	-0.0264202	199.741	210.876	0.9472
10365	0.009426	0.313921	117.141	101.472	-18.8507	-0.0264199	199.736	210.876	0.947173
10366	0.0094269	0.313921	117.141	101.472	-18.855	-0.0264196	199.731	210.875	0.947153
10367	0.0094278	0.313921	117.14	101.472	-18.8579	-0.0264193	199.728	210.875	0.94714
10368	0.00942869	0.313921	117.14	101.472	-18.8595	-0.0264191	199.727	210.875	0.947132
10369	0.00942959	0.313921	117.14	101.472	-18.8598	-0.0264188	199.726	210.875	0.947131
10370	0.00943049	0.313921	117.14	101.473	-18.8589	-0.0264186	199.727	210.875	0.947136
10371	0.00943139	0.31392	117.14	101.473	-18.8569	-0.0264184	199.729	210.875	0.947145
10372	0.00943228	0.31392	117.14	101.473	-18.8538	-0.0264182	199.732	210.875	0.94716
10373	0.00943318	0.31392	117.14	101.473	-18.8464	-0.0264182	199.74	210.875	0.947195
10374	0.00943408	0.31392	117.139	101.473	-18.8351	-0.0264183	199.751	210.875	0.947249
10375	0.00943498	0.31392	117.139	101.473	-18.8231	-0.0264183	199.763	210.875	0.947306
10376	0.00943588	0.31392	117.139	101.473	-18.8111	-0.0264184	199.775	210.874	0.947363
10377	0.00943677	0.31392	117.139	101.473	-18.7995	-0.0264184	199.786	210.874	0.947419
10378	0.00943767	0.31392	117.139	101.473	-18.7883	-0.0264184	199.798	210.874	0.947472
10379	0.00943857	0.313919	117.139	101.473	-18.7777	-0.0264185	199.808	210.874	0.947522
10380	0.00943947	0.313919	117.139	101.473	-18.7681	-0.0264187	199.818	210.874	0.947568
10381	0.00944036	0.313919	117.139	101.473	-18.7595	-0.0264188	199.826	210.874	0.947608
10382	0.00944126	0.313919	117.139	101.474	-18.7522	-0.026419	199.833	210.874	0.947643
10383	0.00944216	0.313919	117.138	101.474	-18.7462	-0.0264193	199.839	210.874	0.947672
10384	0.00944306	0.313919	117.138	101.474	-18.7416	-0.0264195	199.844	210.874	0.947694
10385	0.00944395	0.313919	117.138	101.474	-18.7384	-0.0264198	199.847	210.874	0.947709
10386	0.00944485	0.313919	117.138	101.474	-18.7368	-0.0264201	199.849	210.874	0.947717
10387	0.00944575	0.313919	117.138	101.474	-18.7368	-0.0264204	199.849	210.874	0.947717
10388	0.00944665	0.313919	117.138	101.474	-18.7383	-0.0264207	199.847	210.874	0.94771
10389	0.00944755	0.313919	117.138	101.474	-18.7415	-0.026421	199.844	210.874	0.947695
10390	0.00944844	0.313919	117.138	101.474	-18.7463	-0.0264213	199.839	210.874	0.947672
10391	0.00944934	0.313918	117.138	101.474	-18.7529	-0.0264215	199.832	210.874	0.947641
10392	0.00945024	0.313918	117.138	101.474	-18.7623	-0.0264217	199.823	210.874	0.947596
10393	0.00945114	0.313918	117.138	101.474	-18.7802	-0.0264216	199.805	210.874	0.947512
10394	0.00945203	0.313918	117.138	101.474	-18.7954	-0.0264215	199.79	210.874	0.94744
10395	0.00945293	0.313918	117.138	101.474	-18.8083	-0.0264213	199.777	210.874	0.947379
10396	0.00945383	0.313918	117.138	101.474	-18.819	-0.0264211	199.766	210.873	0.947328
10397	0.00945473	0.313918	117.138	101.474	-18.8278	-0.0264208	199.757	210.873	0.947286
10398	0.00945562	0.313918	117.138	101.474	-18.835	-0.0264206	199.75	210.873	0.947252
10399	0.00945652	0.313918	117.138	101.474	-18.8408	-0.0264203	199.744	210.873	0.947224
10400	0.00945742	0.313918	117.138	101.474	-18.8451	-0.02642	199.74	210.873	0.947204
10401	0.00945832	0.313918	117.138	101.474	-18.8481	-0.0264198	199.737	210.873	0.94719
10402	0.00945922	0.313918	117.138	101.474	-18.8498	-0.0264195	199.735	210.873	0.947182
10403	0.00946011	0.313918	117.137	101.474	-18.8502	-0.0264193	199.735	210.873	0.94718
10404	0.00946101	0.313918	117.137	101.474	-18.8495	-0.026419	199.736	210.873	0.947183
10405	0.00946191	0.313918	117.137	101.474	-18.8475	-0.0264188	199.738	210.873	0.947193
10406	0.00946281	0.313918	117.137	101.474	-18.8445	-0.0264187	199.741	210.873	0.947207
10407	0.00946371	0.313918	117.137	101.474	-18.8379	-0.0264187	199.747	210.873	0.947238
10408	0.0094646	0.313918	117.137	101.474	-18.8267	-0.0264188	199.758	210.873	0.947291
10409	0.0094655	0.313918	117.137	101.474	-18.8148	-0.0264188	199.77	210.873	0.947348
10410	0.0094664	0.313918	117.137	101.474	-18.8029	-0.0264189	199.782	210.873	0.947404
10411	0.0094673	0.313918	117.137	101.474	-18.7913	-0.0264189	199.794	210.873	0.947459
10412	0.00946819	0.313918	117.137	101.474	-18.7801	-0.026419	199.805	210.873	0.947512
10413	0.00946909	0.313918	117.137	101.474	-18.7696	-0.026419	199.816	210.873	0.947562
10414	0.00946999	0.313918	117.137	101.474	-18.7599	-0.0264192	199.825	210.873	0.947608
10415	0.00947089	0.313918	117.137	101.474	-18.7513	-0.0264193	199.834	210.873	0.947649
10416	0.00947178	0.313918	117.137	101.474	-18.744	-0.0264195	199.841	210.873	0.947684
10417	0.00947268	0.313918	117.137	101.474	-18.7379	-0.0264198	199.847	210.873	0.947713
10418	0.00947358	0.313918	117.137	101.474	-18.7333	-0.0264201	199.852	210.873	0.947735
10419	0.00947448	0.313918	117.137	101.474	-18.7301	-0.0264203	199.855	210.873	0.94775
10420	0.00947538	0.313918	117.137	101.474	-18.7284	-0.0264207	199.857	210.873	0.947757
10421	0.00947627	0.313918	117.137	101.474	-18.7283	-0.026421	199.857	210.873	0.947758
10422	0.00947717	0.313918	117.137	101.474	-18.7299	-0.0264213	199.855	210.873	0.947751
10423	0.00947807	0.313918	117.137	101.474	-18.733	-0.0264216	199.852	210.873	0.947736
10424	0.00947897	0.313918	117.137	101.474	-18.7378	-0.0264218	199.847	210.873	0.947713
10425	0.00947986	0.313918	117.137	101.474	-18.7444	-0.0264221	199.841	210.873	0.947682
10426	0.00948076	0.313918	117.137	101.474	-18.7538	-0.0264222	199.831	210.873	0.947637
10427	0.00948166	0.313918	117.137	101.474	-18.7717	-0.0264222	199.813	210.873	0.947552
10428	0.00948256	0.313918	117.137	101.474	-18.787	-0.026422	199.798	210.873	0.94748
10429	0.00948345	0.313918	117.137	101.474	-18.7999	-0.0264218	199.785	210.873	0.947419
10430	0.00948435	0.313918	117.137	101.474	-18.8107	-0.0264216	199.774	210.873	0.947367
10431	0.00948525	0.313918	117.137	101.474	-18.8196	-0.0264214	199.766	210.873	0.947325
10432	0.00948615	0.313918	117.137	101.474	-18.8269	-0.0264212	199.758	210.873	0.947291
10433	0.00948705	0.313918	117.137	101.474	-18.8327	-0.0264209	199.752	210.873	0.947263
10434	0.00948794	0.313918	117.137	101.474	-18.8372	-0.0264206	199.748	210.873	0.947242
10435	0.00948884	0.313918	117.137	101.474	-18.8403	-0.0264204	199.745	210.873	0.947227
10436	0.00948974	0.313918	117.137	101.474	-18.842	-0.0264201	199.743	210.873	0.947219
10437	0.00949064	0.313918	117.137	101.474	-18.8426	-0.0264198	199.743	210.873	0.947216
10438	0.00949153	0.313918	117.137	101.474	-18.8419	-0.0264196	199.743	210.873	0.947219
10439	0.00949243	0.313918	117.138	101.474	-18.8401	-0.0264195	199.745	210.873	0.947228
10440	0.00949333	0.313918	117.138	101.474	-18.8372	-0.0264193	199.748	210.873	0.947242
10441	0.00949423	0.313918	117.138	101.474	-18.8315	-0.0264193	199.754	210.873	0.947268
10442	0.00949513	0.313918	117.138	101.474	-18.8207	-0.0264194	199.765	210.873	0.94732
10443	0.00949602	0.313918	117.138	101.474	-18.8088	-0.0264194	199.776	210.874	0.947376
10444	0.00949692	0.313918	117.138	101.474	-18.797	-0.0264195	199.788	210.874	0.947432
10445	0.00949782	0.313918	117.138	101.474	-18.7853	-0.0264195	199.8	210.874	0.947487
10446	0.00949872	0.313919	117.138	101.474	-18.7742	-0.0264196	199.811	210.874	0.94754
10447	0.00949961	0.313919	117.138	101.474	-18.7636	-0.0264197	199.822	210.874	0.94759
10448	0.00950051	0.313919	117.138	101.474	-18.754	-0.0264198	199.831	210.874	0.947635
10449	0.00950141	0.313919	117.138	101.474	-18.7454	-0.02642	199.84	210.874	0.947676
10450	0.00950231	0.313919	117.138	101.474	-18.7379	-0.0264202	199.848	210.874	0.947711
10451	0.00950321	0.313919	117.138	101.474	-18.7318	-0.0264204	199.854	210.874	0.94774
10452	0.0095041	0.313919	117.139	101.473	-18.7271	-0.0264207	199.858	210.874	0.947762
10453	0.009505	0.313919	117.139	101.473	-18.7239	-0.026421	199.862	210.874	0.947777
10454	0.0095059	0.313919	117.139	101.473	-18.7222	-0.0264213	199.863	210.874	0.947786
10455	0.0095068	0.313919	117.139	101.473	-18.722	-0.0264216	199.864	210.874	0.947786
10456	0.00950769	0.31392	117.139	101.473	-18.7234	-0.0264219	199.862	210.874	0.947779
10457	0.00950859	0.31392	117.139	101.473	-18.7265	-0.0264222	199.859	210.874	0.947765
10458	0.00950949	0.31392	117.139	101.473	-18.7312	-0.0264225	199.855	210.874	0.947742
10459	0.00951039	0.31392	117.139	101.473	-18.7378	-0.0264227	199.848	210.875	0.947711
10460	0.00951128	0.31392	117.14	101.473	-18.7471	-0.0264229	199.839	210.875	0.947666
10461	0.00951218	0.31392	117.14	101.473	-18.7651	-0.0264228	199.821	210.875	0.947581
10462	0.00951308	0.31392	117.14	101.473	-18.7805	-0.0264227	199.806	210.875	0.947508
10463	0.00951398	0.31392	117.14	101.472	-18.7935	-0.0264225	199.793	210.875	0.947446
10464	0.00951488	0.313921	117.14	101.472	-18.8045	-0.0264223	199.782	210.875	0.947394
10465	0.00951577	0.313921	117.14	101.472	-18.8135	-0.0264221	199.773	210.875	0.947351
10466	0.00951667	0.313921	117.141	101.472	-18.8209	-0.0264219	199.765	210.875	0.947315
10467	0.00951757	0.313921	117.141	101.472	-18.8269	-0.0264216	199.759	210.875	0.947286
10468	0.00951847	0.313921	117.141	101.472	-18.8315	-0.0264213	199.755	210.875	0.947264
10469	0.00951936	0.313921	117.141	101.472	-18.8348	-0.0264211	199.752	210.876	0.947249
10470	0.00952026	0.313922	117.141	101.472	-18.8368	-0.0264208	199.75	210.876	0.947239
10471	0.00952116	0.313922	117.141	101.472	-18.8375	-0.0264206	199.749	210.876	0.947236
10472	0.00952206	0.313922	117.142	101.471	-18.8369	-0.0264203	199.75	210.876	0.947238
10473	0.00952296	0.313922	117.142	101.471	-18.8353	-0.0264202	199.751	210.876	0.947246
10474	0.00952385	0.313922	117.142	101.471	-18.8326	-0.02642	199.754	210.876	0.947258
10475	0.00952475	0.313923	117.142	101.471	-18.8283	-0.0264199	199.759	210.876	0.947278
10476	0.00952565	0.313923	117.142	101.471	-18.8182	-0.02642	199.769	210.876	0.947326
10477	0.00952655	0.313923	117.143	101.471	-18.8065	-0.0264201	199.781	210.877	0.947381
10478	0.00952744	0.313923	117.143	101.471	-18.7947	-0.0264202	199.792	210.877	0.947437
10479	0.00952834	0.313923	117.143	101.47	-18.7831	-0.0264202	199.804	210.877	0.947492
10480	0.00952924	0.313924	117.143	101.47	-18.7719	-0.0264203	199.815	210.877	0.947544
10481	0.00953014	0.313924	117.144	101.47	-18.7614	-0.0264204	199.826	210.877	0.947594
10482	0.00953104	0.313924	117.144	101.47	-18.7517	-0.0264205	199.836	210.877	0.94764
10483	0.00953193	0.313924	117.144	101.47	-18.743	-0.0264206	199.844	210.877	0.947681
10484	0.00953283	0.313924	117.144	101.47	-18.7355	-0.0264208	199.852	210.878	0.947716
10485	0.00953373	0.313925	117.145	101.47	-18.7294	-0.0264211	199.858	210.878	0.947745
10486	0.00953463	0.313925	117.145	101.469	-18.7246	-0.0264213	199.863	210.878	0.947767
10487	0.00953552	0.313925	117.145	101.469	-18.7212	-0.0264216	199.867	210.878	0.947783
10488	0.00953642	0.313925	117.145	101.469	-18.7194	-0.0264219	199.869	210.878	0.947791
10489	0.00953732	0.313926	117.146	101.469	-18.719	-0.0264222	199.869	210.878	0.947793
10490	0.00953822	0.313926	117.146	101.469	-18.7204	-0.0264225	199.868	210.879	0.947786
10491	0.00953911	0.313926	117.146	101.469	-18.7233	-0.0264228	199.865	210.879	0.947772
10492	0.00954001	0.313926	117.146	101.468	-18.7279	-0.0264231	199.86	210.879	0.94775
10493	0.00954091	0.313927	117.147	101.468	-18.7343	-0.0264234	199.854	210.879	0.947719
10494	0.00954181	0.313927	117.147	101.468	-18.7431	-0.0264235	199.845	210.879	0.947677
10495	0.00954271	0.313927	117.147	101.468	-18.7608	-0.0264235	199.828	210.879	0.947593
10496	0.0095436	0.313927	117.147	101.468	-18.7766	-0.0264234	199.812	210.88	0.947517
10497	0.0095445	0.313928	117.148	101.467	-18.79	-0.0264232	199.799	210.88	0.947453
10498	0.0095454	0.313928	117.148	101.467	-18.8014	-0.026423	199.787	210.88	0.947399
10499	0.0095463	0.313928	117.148	101.467	-18.8108	-0.0264228	199.778	210.88	0.947354
10500	0.00954719	0.313929	117.149	101.467	-18.8186	-0.0264225	199.77	210.88	0.947317
10501	0.00954809	0.313929	117.149	101.467	-18.825	-0.0264223	199.764	210.881	0.947286
10502	0.00954899	0.313929	117.149	101.467	-18.8299	-0.026422	199.759	210.881	0.947262
10503	0.00954989	0.313929	117.15	101.466	-18.8335	-0.0264217	199.756	210.881	0.947245
10504	0.00955079	0.31393	117.15	101.466	-18.8358	-0.0264215	199.754	210.881	0.947234
10505	0.00955168	0.31393	117.15	101.466	-18.8368	-0.0264212	199.753	210.881	0.947229
10506	0.00955258	0.31393	117.15	101.466	-18.8366	-0.026421	199.753	210.882	0.947229
10507	0.00955348	0.313931	117.151	101.466	-18.8352	-0.0264208	199.755	210.882	0.947235
10508	0.00955438	0.313931	117.151	101.465	-18.8328	-0.0264206	199.757	210.882	0.947247
10509	0.00955527	0.313931	117.151	101.465	-18.8293	-0.0264205	199.761	210.882	0.947263
10510	0.00955617	0.313931	117.152	101.465	-18.8201	-0.0264206	199.77	210.882	0.947306
10511	0.00955707	0.313932	117.152	101.465	-18.8086	-0.0264207	199.782	210.883	0.94736
10512	0.00955797	0.313932	117.152	101.464	-18.797	-0.0264208	199.793	210.883	0.947415
10513	0.00955887	0.313932	117.153	101.464	-18.7855	-0.0264208	199.805	210.883	0.947469
10514	0.00955976	0.313933	117.153	101.464	-18.7744	-0.0264209	199.816	210.883	0.947521
10515	0.00956066	0.313933	117.153	101.464	-18.7638	-0.0264209	199.827	210.883	0.947571
10516	0.00956156	0.313933	117.154	101.464	-18.7541	-0.026421	199.837	210.884	0.947617
10517	0.00956246	0.313934	117.154	101.463	-18.7454	-0.0264212	199.846	210.884	0.947658
10518	0.00956335	0.313934	117.154	101.463	-18.7378	-0.0264214	199.853	210.884	0.947693
10519	0.00956425	0.313934	117.155	101.463	-18.7315	-0.0264216	199.86	210.884	0.947722
10520	0.00956515	0.313935	117.155	101.463	-18.7266	-0.0264219	199.865	210.884	0.947745
10521	0.00956605	0.313935	117.155	101.463	-18.7232	-0.0264221	199.868	210.885	0.947761
10522	0.00956694	0.313935	117.156	101.462	-18.7212	-0.0264224	199.87	210.885	0.94777
10523	0.00956784	0.313935	117.156	101.462	-18.7207	-0.0264227	199.871	210.885	0.947772
10524	0.00956874	0.313936	117.156	101.462	-18.7218	-0.0264231	199.87	210.885	0.947767
10525	0.00956964	0.313936	117.157	101.462	-18.7246	-0.0264233	199.867	210.885	0.947753
10526	0.00957054	0.313936	117.157	101.461	-18.729	-0.0264236	199.863	210.886	0.947732
10527	0.00957143	0.313937	117.157	101.461	-18.7352	-0.0264239	199.857	210.886	0.947702
10528	0.00957233	0.313937	117.158	101.461	-18.7436	-0.026424	199.849	210.886	0.947662
10529	0.00957323	0.313937	117.158	101.461	-18.7584	-0.0264241	199.834	210.886	0.947591
10530	0.00957413	0.313938	117.158	101.461	-18.7751	-0.026424	199.817	210.887	0.947512
10531	0.00957502	0.313938	117.159	101.46	-18.7893	-0.0264238	199.803	210.887	0.947444
10532	0.00957592	0.313938	117.159	101.46	-18.8014	-0.0264236	199.791	210.887	0.947386
10533	0.00957682	0.313939	117.16	101.46	-18.8114	-0.0264234	199.782	210.887	0.947338
10534	0.00957772	0.313939	117.16	101.46	-18.8197	-0.0264231	199.773	210.887	0.947298
10535	0.00957861	0.313939	117.16	101.459	-18.8265	-0.0264229	199.767	210.888	0.947266
10536	0.00957951	0.31394	117.161	101.459	-18.8319	-0.0264226	199.761	210.888	0.94724
10537	0.00958041	0.31394	117.161	101.459	-18.8358	-0.0264223	199.758	210.888	0.947221
10538	0.00958131	0.313941	117.161	101.459	-18.8385	-0.026422	199.755	210.888	0.947207
10539	0.00958221	0.313941	117.162	101.458	-18.8399	-0.0264218	199.754	210.889	0.9472
10540	0.0095831	0.313941	117.162	101.458	-18.8401	-0.0264215	199.754	210.889	0.947199
10541	0.009584	0.313942	117.162	101.458	-18.8391	-0.0264213	199.755	210.889	0.947203
10542	0.0095849	0.313942	117.163	101.458	-18.837	-0.0264212	199.757	210.889	0.947213
10543	0.0095858	0.313942	117.163	101.457	-18.8338	-0.026421	199.76	210.89	0.947227
10544	0.00958669	0.313943	117.164	101.457	-18.8259	-0.0264211	199.768	210.89	0.947265
10545	0.00958759	0.313943	117.164	101.457	-18.8147	-0.0264211	199.78	210.89	0.947317
10546	0.00958849	0.313943	117.164	101.457	-18.8031	-0.0264212	199.792	210.89	0.947372
10547	0.00958939	0.313944	117.165	101.456	-18.7917	-0.0264212	199.803	210.891	0.947425
10548	0.00959029	0.313944	117.165	101.456	-18.7806	-0.0264213	199.814	210.891	0.947477
10549	0.00959118	0.313944	117.165	101.456	-18.7701	-0.0264213	199.825	210.891	0.947527
10550	0.00959208	0.313945	117.166	101.456	-18.7603	-0.0264214	199.835	210.891	0.947573
10551	0.00959298	0.313945	117.166	101.455	-18.7515	-0.0264216	199.844	210.892	0.947614
10552	0.00959388	0.313946	117.167	101.455	-18.7438	-0.0264218	199.852	210.892	0.94765
10553	0.00959477	0.313946	117.167	101.455	-18.7373	-0.026422	199.858	210.892	0.94768
10554	0.00959567	0.313946	117.167	101.455	-18.7323	-0.0264222	199.863	210.892	0.947704
10555	0.00959657	0.313947	117.168	101.454	-18.7286	-0.0264225	199.867	210.893	0.947721
10556	0.00959747	0.313947	117.168	101.454	-18.7264	-0.0264228	199.87	210.893	0.947731
10557	0.00959836	0.313947	117.169	101.454	-18.7257	-0.0264231	199.87	210.893	0.947734
10558	0.00959926	0.313948	117.169	101.454	-18.7267	-0.0264234	199.87	210.893	0.947729
10559	0.00960016	0.313948	117.169	101.453	-18.7292	-0.0264236	199.867	210.894	0.947716
10560	0.00960106	0.313948	117.17	101.453	-18.7334	-0.0264239	199.863	210.894	0.947696
10561	0.00960196	0.313949	117.17	101.453	-18.7394	-0.0264241	199.857	210.894	0.947667
10562	0.00960285	0.313949	117.171	101.453	-18.7475	-0.0264243	199.849	210.894	0.947628
10563	0.00960375	0.31395	117.171	101.452	-18.7605	-0.0264244	199.837	210.895	0.947566
10564	0.00960465	0.31395	117.171	101.452	-18.7777	-0.0264243	199.819	210.895	0.947484
10565	0.00960555	0.31395	117.172	101.452	-18.7925	-0.0264241	199.805	210.895	0.947413
10566	0.00960644	0.313951	117.172	101.452	-18.805	-0.0264239	199.792	210.895	0.947353
10567	0.00960734	0.313951	117.173	101.451	-18.8155	-0.0264237	199.782	210.896	0.947303
10568	0.00960824	0.313951	117.173	101.451	-18.8241	-0.0264234	199.774	210.896	0.947262
10569	0.00960914	0.313952	117.173	101.451	-18.8313	-0.0264231	199.767	210.896	0.947228
10570	0.00961003	0.313952	117.174	101.451	-18.837	-0.0264229	199.761	210.896	0.9472
10571	0.00961093	0.313953	117.174	101.45	-18.8413	-0.0264226	199.757	210.897	0.947179
10572	0.00961183	0.313953	117.175	101.45	-18.8443	-0.0264223	199.754	210.897	0.947164
10573	0.00961273	0.313953	117.175	101.45	-18.846	-0.026422	199.752	210.897	0.947156
10574	0.00961363	0.313954	117.175	101.45	-18.8465	-0.0264218	199.752	210.897	0.947153
10575	0.00961452	0.313954	117.176	101.449	-18.8459	-0.0264216	199.753	210.898	0.947156
10576	0.00961542	0.313955	117.176	101.449	-18.8441	-0.0264214	199.755	210.898	0.947164
10577	0.00961632	0.313955	117.177	101.449	-18.8412	-0.0264212	199.758	210.898	0.947177
10578	0.00961722	0.313955	117.177	101.449	-18.8344	-0.0264212	199.765	210.898	0.947208
10579	0.00961811	0.313956	117.177	101.448	-18.8235	-0.0264213	199.776	210.899	0.94726
10580	0.00961901	0.313956	117.178	101.448	-18.8121	-0.0264214	199.787	210.899	0.947313
10581	0.00961991	0.313956	117.178	101.448	-18.8008	-0.0264214	199.799	210.899	0.947367
10582	0.00962081	0.313957	117.179	101.448	-18.7897	-0.0264214	199.81	210.899	0.947418
10583	0.00962171	0.313957	117.179	101.447	-18.7792	-0.0264215	199.821	210.9	0.947468
10584	0.0096226	0.313958	117.179	101.447	-18.7694	-0.0264216	199.831	210.9	0.947514
10585	0.0096235	0.313958	117.18	101.447	-18.7605	-0.0264217	199.84	210.9	0.947556
10586	0.0096244	0.313958	117.18	101.447	-18.7527	-0.0264219	199.848	210.9	0.947592
10587	0.0096253	0.313959	117.181	101.446	-18.7461	-0.026422	199.854	210.901	0.947623
10588	0.00962619	0.313959	117.181	101.446	-18.7408	-0.0264223	199.86	210.901	0.947647
10589	0.00962709	0.313959	117.181	101.446	-18.737	-0.0264225	199.864	210.901	0.947665
10590	0.00962799	0.31396	117.182	101.446	-18.7346	-0.0264228	199.866	210.901	0.947676
10591	0.00962889	0.31396	117.182	101.445	-18.7337	-0.0264231	199.867	210.902	0.94768
10592	0.00962978	0.313961	117.182	101.445	-18.7345	-0.0264234	199.867	210.902	0.947676
10593	0.00963068	0.313961	117.183	101.445	-18.7368	-0.0264237	199.864	210.902	0.947664
10594	0.00963158	0.313961	117.183	101.445	-18.7408	-0.0264239	199.86	210.902	0.947645
10595	0.00963248	0.313962	117.184	101.444	-18.7465	-0.0264242	199.855	210.903	0.947617
10596	0.00963337	0.313962	117.184	101.444	-18.7543	-0.0264243	199.847	210.903	0.94758
10597	0.00963427	0.313962	117.184	101.444	-18.7659	-0.0264244	199.836	210.903	0.947524
10598	0.00963517	0.313963	117.185	101.444	-18.7837	-0.0264243	199.818	210.903	0.94744
10599	0.00963607	0.313963	117.185	101.443	-18.7988	-0.0264241	199.803	210.904	0.947367
10600	0.00963697	0.313963	117.185	101.443	-18.8117	-0.0264239	199.79	210.904	0.947306
10601	0.00963786	0.313964	117.186	101.443	-18.8225	-0.0264237	199.78	210.904	0.947254
10602	0.00963876	0.313964	117.186	101.443	-18.8315	-0.0264234	199.771	210.904	0.947211
10603	0.00963966	0.313964	117.187	101.442	-18.8389	-0.0264232	199.764	210.904	0.947176
10604	0.00964056	0.313965	117.187	101.442	-18.8449	-0.0264229	199.758	210.905	0.947147
10605	0.00964145	0.313965	117.187	101.442	-18.8495	-0.0264226	199.753	210.905	0.947125
10606	0.00964235	0.313965	117.188	101.442	-18.8527	-0.0264223	199.75	210.905	0.947109
10607	0.00964325	0.313966	117.188	101.441	-18.8547	-0.026422	199.748	210.905	0.947099
10608	0.00964415	0.313966	117.188	101.441	-18.8555	-0.0264217	199.748	210.906	0.947095
10609	0.00964505	0.313966	117.189	101.441	-18.855	-0.0264215	199.748	210.906	0.947097
10610	0.00964594	0.313967	117.189	101.441	-18.8534	-0.0264213	199.75	210.906	0.947104
10611	0.00964684	0.313967	117.189	101.441	-18.8508	-0.0264212	199.753	210.906	0.947116
10612	0.00964774	0.313967	117.19	101.44	-18.845	-0.0264211	199.759	210.906	0.947143
10613	0.00964864	0.313968	117.19	101.44	-18.8343	-0.0264212	199.769	210.907	0.947193
10614	0.00964953	0.313968	117.19	101.44	-18.823	-0.0264213	199.781	210.907	0.947247
10615	0.00965043	0.313968	117.191	101.44	-18.8117	-0.0264213	199.792	210.907	0.9473
10616	0.00965133	0.313969	117.191	101.44	-18.8006	-0.0264213	199.803	210.907	0.947352
10617	0.00965223	0.313969	117.191	101.439	-18.7901	-0.0264213	199.814	210.907	0.947402
10618	0.00965312	0.313969	117.191	101.439	-18.7802	-0.0264214	199.824	210.908	0.947448
10619	0.00965402	0.313969	117.192	101.439	-18.7712	-0.0264215	199.833	210.908	0.947491
10620	0.00965492	0.31397	117.192	101.439	-18.7632	-0.0264217	199.841	210.908	0.947528
10621	0.00965582	0.31397	117.192	101.439	-18.7565	-0.0264219	199.848	210.908	0.947559
10622	0.00965672	0.31397	117.193	101.438	-18.7511	-0.0264221	199.854	210.908	0.947585
10623	0.00965761	0.313971	117.193	101.438	-18.7471	-0.0264223	199.858	210.909	0.947603
10624	0.00965851	0.313971	117.193	101.438	-18.7445	-0.0264226	199.86	210.909	0.947615
10625	0.00965941	0.313971	117.193	101.438	-18.7435	-0.0264229	199.862	210.909	0.94762
10626	0.00966031	0.313971	117.194	101.438	-18.744	-0.0264231	199.861	210.909	0.947617
10627	0.0096612	0.313972	117.194	101.438	-18.7461	-0.0264234	199.859	210.909	0.947607
10628	0.0096621	0.313972	117.194	101.437	-18.7499	-0.0264237	199.855	210.909	0.947588
10629	0.009663	0.313972	117.195	101.437	-18.7554	-0.0264239	199.85	210.91	0.947562
10630	0.0096639	0.313972	117.195	101.437	-18.7627	-0.0264241	199.843	210.91	0.947527
10631	0.00966479	0.313972	117.195	101.437	-18.7733	-0.0264242	199.832	210.91	0.947477
10632	0.00966569	0.313973	117.195	101.437	-18.7914	-0.0264241	199.814	210.91	0.94739
10633	0.00966659	0.313973	117.195	101.437	-18.8069	-0.0264239	199.799	210.91	0.947317
10634	0.00966749	0.313973	117.196	101.437	-18.8202	-0.0264237	199.786	210.91	0.947254
10635	0.00966838	0.313973	117.196	101.436	-18.8313	-0.0264234	199.775	210.91	0.947201
10636	0.00966928	0.313974	117.196	101.436	-18.8405	-0.0264232	199.765	210.911	0.947157
10637	0.00967018	0.313974	117.196	101.436	-18.8481	-0.0264229	199.758	210.911	0.94712
10638	0.00967108	0.313974	117.196	101.436	-18.8543	-0.0264226	199.752	210.911	0.947091
10639	0.00967198	0.313974	117.197	101.436	-18.8591	-0.0264223	199.747	210.911	0.947068
10640	0.00967287	0.313974	117.197	101.436	-18.8626	-0.026422	199.744	210.911	0.947051
10641	0.00967377	0.313974	117.197	101.436	-18.8648	-0.0264217	199.741	210.911	0.947041
10642	0.00967467	0.313975	117.197	101.436	-18.8657	-0.0264214	199.741	210.911	0.947036
10643	0.00967557	0.313975	117.197	101.435	-18.8654	-0.0264212	199.741	210.911	0.947037
10644	0.00967646	0.313975	117.198	101.435	-18.864	-0.026421	199.742	210.912	0.947044
10645	0.00967736	0.313975	117.198	101.435	-18.8615	-0.0264208	199.745	210.912	0.947055
10646	0.00967826	0.313975	117.198	101.435	-18.8563	-0.0264208	199.75	210.912	0.94708
10647	0.00967916	0.313975	117.198	101.435	-18.8459	-0.0264208	199.761	210.912	0.947129
10648	0.00968005	0.313976	117.198	101.435	-18.8346	-0.0264209	199.772	210.912	0.947182
10649	0.00968095	0.313976	117.198	101.435	-18.8232	-0.0264209	199.783	210.912	0.947236
10650	0.00968185	0.313976	117.198	101.435	-18.8121	-0.0264209	199.795	210.912	0.947288
10651	0.00968275	0.313976	117.199	101.435	-18.8015	-0.026421	199.805	210.912	0.947339
10652	0.00968365	0.313976	117.199	101.435	-18.7915	-0.026421	199.815	210.912	0.947386
10653	0.00968454	0.313976	117.199	101.435	-18.7824	-0.0264211	199.824	210.912	0.947429
10654	0.00968544	0.313976	117.199	101.434	-18.7743	-0.0264213	199.833	210.912	0.947467
10655	0.00968634	0.313976	117.199	101.434	-18.7674	-0.0264214	199.84	210.913	0.9475
10656	0.00968724	0.313976	117.199	101.434	-18.7618	-0.0264216	199.845	210.913	0.947526
10657	0.00968813	0.313977	117.199	101.434	-18.7576	-0.0264219	199.849	210.913	0.947546
10658	0.00968903	0.313977	117.199	101.434	-18.7549	-0.0264221	199.852	210.913	0.947559
10659	0.00968993	0.313977	117.199	101.434	-18.7537	-0.0264224	199.853	210.913	0.947564
10660	0.00969083	0.313977	117.199	101.434	-18.754	-0.0264227	199.853	210.913	0.947563
10661	0.00969172	0.313977	117.2	101.434	-18.7559	-0.0264229	199.851	210.913	0.947553
10662	0.00969262	0.313977	117.2	101.434	-18.7595	-0.0264232	199.848	210.913	0.947536
10663	0.00969352	0.313977	117.2	101.434	-18.7647	-0.0264234	199.843	210.913	0.947512
10664	0.00969442	0.313977	117.2	101.434	-18.7717	-0.0264236	199.836	210.913	0.947478
10665	0.00969531	0.313977	117.2	101.434	-18.7815	-0.0264237	199.826	210.913	0.947432
10666	0.00969621	0.313977	117.2	101.434	-18.7999	-0.0264236	199.807	210.913	0.947345
10667	0.00969711	0.313977	117.2	101.434	-18.8156	-0.0264234	199.792	210.913	0.94727
10668	0.00969801	0.313977	117.2	101.434	-18.829	-0.0264232	199.778	210.913	0.947206
10669	0.0096989	0.313977	117.2	101.434	-18.8403	-0.0264229	199.767	210.913	0.947153
10670	0.0096998	0.313977	117.2	101.434	-18.8497	-0.0264227	199.758	210.913	0.947108
10671	0.0097007	0.313978	117.2	101.434	-18.8574	-0.0264224	199.75	210.913	0.947071
10672	0.0097016	0.313978	117.2	101.434	-18.8638	-0.0264221	199.744	210.913	0.947041
10673	0.0097025	0.313978	117.2	101.434	-18.8687	-0.0264218	199.739	210.913	0.947018
10674	0.00970339	0.313978	117.2	101.434	-18.8722	-0.0264215	199.735	210.913	0.947001
10675	0.00970429	0.313978	117.2	101.434	-18.8745	-0.0264212	199.733	210.913	0.94699
10676	0.00970519	0.313978	117.2	101.434	-18.8755	-0.0264209	199.732	210.913	0.946986
10677	0.00970609	0.313978	117.2	101.434	-18.8753	-0.0264207	199.732	210.913	0.946987
10678	0.00970698	0.313978	117.2	101.434	-18.8739	-0.0264204	199.733	210.913	0.946993
10679	0.00970788	0.313978	117.2	101.434	-18.8715	-0.0264203	199.736	210.913	0.947005
10680	0.00970878	0.313978	117.2	101.434	-18.8663	-0.0264202	199.741	210.913	0.947029
10681	0.00970968	0.313978	117.2	101.434	-18.8559	-0.0264203	199.752	210.913	0.947079
10682	0.00971058	0.313978	117.2	101.434	-18.8445	-0.0264203	199.763	210.913	0.947133
10683	0.00971147	0.313978	117.2	101.434	-18.8331	-0.0264203	199.774	210.913	0.947187
10684	0.00971237	0.313978	117.2	101.434	-18.822	-0.0264203	199.785	210.913	0.94724
10685	0.00971327	0.313978	117.2	101.434	-18.8112	-0.0264204	199.796	210.913	0.94729
10686	0.00971417	0.313978	117.2	101.434	-18.8012	-0.0264204	199.806	210.913	0.947338
10687	0.00971506	0.313978	117.2	101.434	-18.7919	-0.0264205	199.815	210.913	0.947382
10688	0.00971596	0.313978	117.2	101.434	-18.7837	-0.0264206	199.824	210.913	0.947421
10689	0.00971686	0.313977	117.2	101.434	-18.7767	-0.0264208	199.831	210.913	0.947454
10690	0.00971776	0.313977	117.2	101.434	-18.771	-0.026421	199.836	210.913	0.947481
10691	0.00971865	0.313977	117.2	101.434	-18.7667	-0.0264212	199.841	210.913	0.947502
10692	0.00971955	0.313977	117.2	101.434	-18.7638	-0.0264215	199.844	210.913	0.947516
10693	0.00972045	0.313977	117.2	101.434	-18.7624	-0.0264217	199.845	210.913	0.947522
10694	0.00972135	0.313977	117.2	101.434	-18.7626	-0.026422	199.845	210.913	0.947521
10695	0.00972224	0.313977	117.2	101.434	-18.7644	-0.0264223	199.843	210.913	0.947513
10696	0.00972314	0.313977	117.2	101.434	-18.7678	-0.0264225	199.839	210.913	0.947497
10697	0.00972404	0.313977	117.2	101.434	-18.7729	-0.0264227	199.834	210.913	0.947473
10698	0.00972494	0.313977	117.2	101.434	-18.7797	-0.0264229	199.828	210.913	0.947441
10699	0.00972583	0.313977	117.2	101.434	-18.789	-0.026423	199.818	210.913	0.947397
10700	0.00972673	0.313977	117.2	101.434	-18.8075	-0.0264229	199.8	210.913	0.947309
10701	0.00972763	0.313977	117.2	101.434	-18.8232	-0.0264228	199.784	210.913	0.947234
10702	0.00972853	0.313977	117.2	101.434	-18.8367	-0.0264225	199.77	210.913	0.94717
10703	0.00972942	0.313977	117.2	101.434	-18.848	-0.0264223	199.759	210.913	0.947117
10704	0.00973032	0.313977	117.199	101.434	-18.8574	-0.026422	199.75	210.913	0.947072
10705	0.00973122	0.313977	117.199	101.434	-18.8652	-0.0264217	199.742	210.913	0.947036
10706	0.00973212	0.313977	117.199	101.434	-18.8715	-0.0264214	199.736	210.913	0.947006
10707	0.00973302	0.313977	117.199	101.434	-18.8764	-0.0264211	199.731	210.913	0.946982
10708	0.00973391	0.313977	117.199	101.434	-18.8799	-0.0264208	199.727	210.913	0.946966
10709	0.00973481	0.313977	117.199	101.434	-18.8822	-0.0264205	199.725	210.913	0.946955
10710	0.00973571	0.313977	117.199	101.434	-18.8831	-0.0264202	199.724	210.913	0.946951
10711	0.00973661	0.313977	117.199	101.434	-18.8829	-0.02642	199.724	210.913	0.946952
10712	0.0097375	0.313977	117.199	101.434	-18.8815	-0.0264198	199.726	210.913	0.946959
10713	0.0097384	0.313977	117.199	101.434	-18.879	-0.0264196	199.728	210.913	0.946971
10714	0.0097393	0.313976	117.199	101.434	-18.8732	-0.0264195	199.734	210.913	0.946998
10715	0.0097402	0.313976	117.199	101.434	-18.8625	-0.0264196	199.744	210.913	0.947049
10716	0.00974109	0.313976	117.199	101.435	-18.8511	-0.0264196	199.756	210.913	0.947103
10717	0.00974199	0.313976	117.199	101.435	-18.8396	-0.0264196	199.767	210.912	0.947157
10718	0.00974289	0.313976	117.199	101.435	-18.8284	-0.0264196	199.779	210.912	0.947211
10719	0.00974379	0.313976	117.199	101.435	-18.8176	-0.0264196	199.789	210.912	0.947262
10720	0.00974469	0.313976	117.199	101.435	-18.8074	-0.0264197	199.799	210.912	0.94731
10721	0.00974558	0.313976	117.199	101.435	-18.7981	-0.0264198	199.809	210.912	0.947355
10722	0.00974648	0.313976	117.198	101.435	-18.7898	-0.0264199	199.817	210.912	0.947394
10723	0.00974738	0.313976	117.198	101.435	-18.7827	-0.0264201	199.824	210.912	0.947428
10724	0.00974828	0.313976	117.198	101.435	-18.7769	-0.0264203	199.83	210.912	0.947455
10725	0.00974917	0.313976	117.198	101.435	-18.7725	-0.0264205	199.834	210.912	0.947476
10726	0.00975007	0.313976	117.198	101.435	-18.7696	-0.0264208	199.837	210.912	0.94749
10727	0.00975097	0.313976	117.198	101.435	-18.7682	-0.026421	199.839	210.912	0.947497
10728	0.00975187	0.313976	117.198	101.435	-18.7683	-0.0264213	199.838	210.912	0.947497
10729	0.00975276	0.313975	117.198	101.435	-18.77	-0.0264216	199.837	210.912	0.947488
10730	0.00975366	0.313975	117.198	101.435	-18.7734	-0.0264218	199.833	210.912	0.947473
10731	0.00975456	0.313975	117.198	101.435	-18.7784	-0.026422	199.828	210.912	0.947449
10732	0.00975546	0.313975	117.198	101.435	-18.7851	-0.0264222	199.821	210.912	0.947418
10733	0.00975635	0.313975	117.197	101.435	-18.7942	-0.0264223	199.812	210.912	0.947374
10734	0.00975725	0.313975	117.197	101.435	-18.8124	-0.0264222	199.794	210.912	0.947288
10735	0.00975815	0.313975	117.197	101.436	-18.8282	-0.0264221	199.778	210.911	0.947214
10736	0.00975905	0.313975	117.197	101.436	-18.8416	-0.0264218	199.765	210.911	0.94715
10737	0.00975994	0.313975	117.197	101.436	-18.8528	-0.0264216	199.753	210.911	0.947097
10738	0.00976084	0.313975	117.197	101.436	-18.8621	-0.0264213	199.744	210.911	0.947053
10739	0.00976174	0.313974	117.197	101.436	-18.8698	-0.026421	199.736	210.911	0.947017
10740	0.00976264	0.313974	117.197	101.436	-18.876	-0.0264207	199.73	210.911	0.946987
10741	0.00976353	0.313974	117.196	101.436	-18.8808	-0.0264204	199.725	210.911	0.946965
10742	0.00976443	0.313974	117.196	101.436	-18.8842	-0.0264201	199.722	210.911	0.946949
10743	0.00976533	0.313974	117.196	101.436	-18.8863	-0.0264198	199.72	210.911	0.946939
10744	0.00976623	0.313974	117.196	101.436	-18.8872	-0.0264196	199.719	210.911	0.946935
10745	0.00976713	0.313974	117.196	101.436	-18.8868	-0.0264193	199.719	210.911	0.946937
10746	0.00976802	0.313973	117.196	101.437	-18.8853	-0.0264191	199.721	210.911	0.946945
10747	0.00976892	0.313973	117.196	101.437	-18.8826	-0.0264189	199.723	210.91	0.946957
10748	0.00976982	0.313973	117.195	101.437	-18.8761	-0.0264189	199.73	210.91	0.946989
10749	0.00977072	0.313973	117.195	101.437	-18.8652	-0.0264189	199.74	210.91	0.94704
10750	0.00977161	0.313973	117.195	101.437	-18.8536	-0.026419	199.752	210.91	0.947096
10751	0.00977251	0.313973	117.195	101.437	-18.842	-0.026419	199.764	210.91	0.947151
10752	0.00977341	0.313972	117.195	101.437	-18.8307	-0.026419	199.775	210.91	0.947205
10753	0.00977431	0.313972	117.194	101.437	-18.8197	-0.026419	199.786	210.91	0.947257
10754	0.0097752	0.313972	117.194	101.438	-18.8095	-0.0264191	199.796	210.91	0.947306
10755	0.0097761	0.313972	117.194	101.438	-18.8001	-0.0264192	199.805	210.909	0.94735
10756	0.009777	0.313972	117.194	101.438	-18.7917	-0.0264193	199.813	210.909	0.94739
10757	0.0097779	0.313972	117.194	101.438	-18.7846	-0.0264195	199.821	210.909	0.947424
10758	0.0097788	0.313971	117.193	101.438	-18.7787	-0.0264197	199.826	210.909	0.947452
10759	0.00977969	0.313971	117.193	101.438	-18.7743	-0.0264199	199.831	210.909	0.947474
10760	0.00978059	0.313971	117.193	101.438	-18.7713	-0.0264202	199.834	210.909	0.947488
10761	0.00978149	0.313971	117.193	101.438	-18.7699	-0.0264205	199.835	210.909	0.947495
10762	0.00978239	0.313971	117.193	101.439	-18.77	-0.0264207	199.835	210.909	0.947495
10763	0.00978328	0.31397	117.192	101.439	-18.7717	-0.026421	199.833	210.908	0.947487
10764	0.00978418	0.31397	117.192	101.439	-18.775	-0.0264212	199.83	210.908	0.947472
10765	0.00978508	0.31397	117.192	101.439	-18.7799	-0.0264215	199.825	210.908	0.947449
10766	0.00978598	0.31397	117.192	101.439	-18.7865	-0.0264216	199.818	210.908	0.947418
10767	0.00978687	0.313969	117.191	101.439	-18.7955	-0.0264218	199.809	210.908	0.947375
10768	0.00978777	0.313969	117.191	101.439	-18.813	-0.0264217	199.791	210.908	0.947293
10769	0.00978867	0.313969	117.191	101.44	-18.8288	-0.0264215	199.775	210.908	0.947218
10770	0.00978957	0.313969	117.191	101.44	-18.8423	-0.0264213	199.762	210.907	0.947154
10771	0.00979046	0.313969	117.191	101.44	-18.8535	-0.0264211	199.751	210.907	0.947101
10772	0.00979136	0.313968	117.19	101.44	-18.8628	-0.0264208	199.741	210.907	0.947058
10773	0.00979226	0.313968	117.19	101.44	-18.8704	-0.0264205	199.733	210.907	0.947022
10774	0.00979316	0.313968	117.19	101.44	-18.8766	-0.0264202	199.727	210.907	0.946993
10775	0.00979405	0.313968	117.19	101.441	-18.8813	-0.0264199	199.722	210.907	0.946971
10776	0.00979495	0.313967	117.189	101.441	-18.8846	-0.0264196	199.719	210.906	0.946955
10777	0.00979585	0.313967	117.189	101.441	-18.8866	-0.0264193	199.717	210.906	0.946946
10778	0.00979675	0.313967	117.189	101.441	-18.8873	-0.0264191	199.716	210.906	0.946943
10779	0.00979765	0.313967	117.188	101.441	-18.8868	-0.0264188	199.717	210.906	0.946946
10780	0.00979854	0.313966	117.188	101.441	-18.8851	-0.0264186	199.718	210.906	0.946954
10781	0.00979944	0.313966	117.188	101.442	-18.8824	-0.0264185	199.721	210.906	0.946967
10782	0.00980034	0.313966	117.188	101.442	-18.8755	-0.0264184	199.728	210.905	0.947
10783	0.00980124	0.313966	117.187	101.442	-18.8645	-0.0264185	199.738	210.905	0.947053
10784	0.00980213	0.313965	117.187	101.442	-18.8528	-0.0264185	199.75	210.905	0.947109
10785	0.00980303	0.313965	117.187	101.442	-18.8411	-0.0264185	199.762	210.905	0.947165
10786	0.00980393	0.313965	117.187	101.443	-18.8296	-0.0264186	199.773	210.905	0.947219
10787	0.00980483	0.313965	117.186	101.443	-18.8185	-0.0264186	199.784	210.905	0.947272
10788	0.00980572	0.313964	117.186	101.443	-18.8081	-0.0264187	199.794	210.904	0.947322
10789	0.00980662	0.313964	117.186	101.443	-18.7986	-0.0264188	199.804	210.904	0.947367
10790	0.00980752	0.313964	117.185	101.443	-18.7902	-0.0264189	199.812	210.904	0.947408
10791	0.00980842	0.313963	117.185	101.443	-18.7829	-0.0264191	199.819	210.904	0.947442
10792	0.00980931	0.313963	117.185	101.444	-18.777	-0.0264193	199.825	210.904	0.947471
10793	0.00981021	0.313963	117.184	101.444	-18.7724	-0.0264196	199.829	210.903	0.947493
10794	0.00981111	0.313963	117.184	101.444	-18.7694	-0.0264198	199.832	210.903	0.947508
10795	0.00981201	0.313962	117.184	101.444	-18.7678	-0.0264201	199.834	210.903	0.947515
10796	0.00981291	0.313962	117.184	101.444	-18.7678	-0.0264204	199.834	210.903	0.947516
10797	0.0098138	0.313962	117.183	101.445	-18.7695	-0.0264207	199.832	210.903	0.947508
10798	0.0098147	0.313961	117.183	101.445	-18.7727	-0.0264209	199.829	210.902	0.947493
10799	0.0098156	0.313961	117.183	101.445	-18.7775	-0.0264211	199.824	210.902	0.947471
10800	0.0098165	0.313961	117.182	101.445	-18.7839	-0.0264213	199.817	210.902	0.947441
10801	0.00981739	0.313961	117.182	101.445	-18.7927	-0.0264215	199.808	210.902	0.9474
10802	0.00981829	0.31396	117.182	101.446	-18.8088	-0.0264215	199.792	210.902	0.947324
10803	0.00981919	0.31396	117.181	101.446	-18.8249	-0.0264213	199.776	210.901	0.947248
10804	0.00982009	0.31396	117.181	101.446	-18.8385	-0.0264211	199.762	210.901	0.947183
10805	0.00982098	0.313959	117.181	101.446	-18.85	-0.0264209	199.751	210.901	0.94713
10806	0.00982188	0.313959	117.18	101.447	-18.8593	-0.0264206	199.741	210.901	0.947086
10807	0.00982278	0.313959	117.18	101.447	-18.867	-0.0264204	199.733	210.901	0.94705
10808	0.00982368	0.313958	117.18	101.447	-18.8732	-0.0264201	199.727	210.9	0.947021
10809	0.00982457	0.313958	117.179	101.447	-18.8778	-0.0264198	199.722	210.9	0.946999
10810	0.00982547	0.313958	117.179	101.447	-18.8811	-0.0264195	199.719	210.9	0.946984
10811	0.00982637	0.313957	117.179	101.448	-18.8831	-0.0264192	199.717	210.9	0.946975
10812	0.00982727	0.313957	117.178	101.448	-18.8838	-0.026419	199.716	210.9	0.946972
10813	0.00982817	0.313957	117.178	101.448	-18.8833	-0.0264187	199.716	210.899	0.946975
10814	0.00982906	0.313956	117.178	101.448	-18.8816	-0.0264185	199.718	210.899	0.946984
10815	0.00982996	0.313956	117.177	101.449	-18.8787	-0.0264184	199.721	210.899	0.946997
10816	0.00983086	0.313956	117.177	101.449	-18.8723	-0.0264183	199.727	210.899	0.947028
10817	0.00983176	0.313955	117.176	101.449	-18.8613	-0.0264184	199.738	210.898	0.947081
10818	0.00983265	0.313955	117.176	101.449	-18.8495	-0.0264185	199.749	210.898	0.947137
10819	0.00983355	0.313955	117.176	101.449	-18.8376	-0.0264185	199.761	210.898	0.947194
10820	0.00983445	0.313954	117.175	101.45	-18.826	-0.0264185	199.773	210.898	0.947249
10821	0.00983535	0.313954	117.175	101.45	-18.8148	-0.0264185	199.784	210.897	0.947303
10822	0.00983624	0.313954	117.175	101.45	-18.8042	-0.0264186	199.794	210.897	0.947354
10823	0.00983714	0.313953	117.174	101.45	-18.7945	-0.0264187	199.804	210.897	0.9474
10824	0.00983804	0.313953	117.174	101.451	-18.7859	-0.0264189	199.812	210.897	0.947441
10825	0.00983894	0.313953	117.174	101.451	-18.7784	-0.0264191	199.82	210.897	0.947477
10826	0.00983984	0.313952	117.173	101.451	-18.7723	-0.0264193	199.826	210.896	0.947507
10827	0.00984073	0.313952	117.173	101.451	-18.7676	-0.0264195	199.83	210.896	0.947529
10828	0.00984163	0.313952	117.172	101.452	-18.7643	-0.0264198	199.833	210.896	0.947545
10829	0.00984253	0.313951	117.172	101.452	-18.7626	-0.0264201	199.835	210.896	0.947554
10830	0.00984343	0.313951	117.172	101.452	-18.7624	-0.0264204	199.835	210.895	0.947555
10831	0.00984432	0.31395	117.171	101.452	-18.7638	-0.0264207	199.833	210.895	0.947549
10832	0.00984522	0.31395	117.171	101.453	-18.7668	-0.0264209	199.83	210.895	0.947535
10833	0.00984612	0.31395	117.171	101.453	-18.7714	-0.0264212	199.826	210.895	0.947514
10834	0.00984702	0.313949	117.17	101.453	-18.7776	-0.0264214	199.819	210.894	0.947485
10835	0.00984791	0.313949	117.17	101.453	-18.786	-0.0264215	199.811	210.894	0.947445
10836	0.00984881	0.313949	117.169	101.454	-18.8003	-0.0264216	199.796	210.894	0.947378
10837	0.00984971	0.313948	117.169	101.454	-18.8168	-0.0264214	199.78	210.894	0.9473
10838	0.00985061	0.313948	117.169	101.454	-18.8308	-0.0264212	199.766	210.893	0.947234
10839	0.0098515	0.313948	117.168	101.454	-18.8425	-0.026421	199.754	210.893	0.947179
10840	0.0098524	0.313947	117.168	101.455	-18.8522	-0.0264208	199.744	210.893	0.947134
10841	0.0098533	0.313947	117.168	101.455	-18.86	-0.0264205	199.736	210.893	0.947097
10842	0.0098542	0.313947	117.167	101.455	-18.8663	-0.0264202	199.73	210.893	0.947068
10843	0.0098551	0.313946	117.167	101.455	-18.8712	-0.0264199	199.725	210.892	0.947045
10844	0.00985599	0.313946	117.167	101.455	-18.8746	-0.0264197	199.721	210.892	0.94703
10845	0.00985689	0.313946	117.166	101.456	-18.8767	-0.0264194	199.719	210.892	0.94702
10846	0.00985779	0.313945	117.166	101.456	-18.8774	-0.0264191	199.718	210.892	0.947017
10847	0.00985869	0.313945	117.165	101.456	-18.877	-0.0264189	199.718	210.891	0.94702
10848	0.00985958	0.313945	117.165	101.456	-18.8753	-0.0264187	199.72	210.891	0.947028
10849	0.00986048	0.313944	117.165	101.457	-18.8726	-0.0264185	199.722	210.891	0.947041
10850	0.00986138	0.313944	117.164	101.457	-18.8682	-0.0264184	199.727	210.891	0.947063
10851	0.00986228	0.313943	117.164	101.457	-18.8578	-0.0264185	199.737	210.89	0.947112
10852	0.00986318	0.313943	117.164	101.457	-18.8459	-0.0264185	199.749	210.89	0.947169
10853	0.00986407	0.313943	117.163	101.458	-18.8339	-0.0264186	199.761	210.89	0.947227
10854	0.00986497	0.313942	117.163	101.458	-18.822	-0.0264186	199.772	210.89	0.947283
10855	0.00986587	0.313942	117.162	101.458	-18.8105	-0.0264186	199.784	210.889	0.947338
10856	0.00986677	0.313942	117.162	101.458	-18.7997	-0.0264187	199.794	210.889	0.94739
10857	0.00986766	0.313941	117.162	101.459	-18.7896	-0.0264188	199.804	210.889	0.947438
10858	0.00986856	0.313941	117.161	101.459	-18.7806	-0.0264189	199.813	210.889	0.947481
10859	0.00986946	0.313941	117.161	101.459	-18.7727	-0.0264191	199.821	210.889	0.947519
10860	0.00987036	0.31394	117.161	101.459	-18.7662	-0.0264193	199.827	210.888	0.94755
10861	0.00987125	0.31394	117.16	101.459	-18.761	-0.0264195	199.832	210.888	0.947575
10862	0.00987215	0.31394	117.16	101.46	-18.7573	-0.0264198	199.836	210.888	0.947593
10863	0.00987305	0.313939	117.16	101.46	-18.7551	-0.0264201	199.838	210.888	0.947604
10864	0.00987395	0.313939	117.159	101.46	-18.7544	-0.0264204	199.839	210.887	0.947608
10865	0.00987484	0.313939	117.159	101.46	-18.7553	-0.0264206	199.838	210.887	0.947604
10866	0.00987574	0.313938	117.159	101.461	-18.7578	-0.0264209	199.835	210.887	0.947593
10867	0.00987664	0.313938	117.158	101.461	-18.7619	-0.0264212	199.831	210.887	0.947574
10868	0.00987754	0.313938	117.158	101.461	-18.7676	-0.0264214	199.825	210.887	0.947547
10869	0.00987843	0.313937	117.158	101.461	-18.7751	-0.0264216	199.817	210.886	0.947512
10870	0.00987933	0.313937	117.157	101.461	-18.7863	-0.0264217	199.806	210.886	0.947459
10871	0.00988023	0.313937	117.157	101.462	-18.8038	-0.0264216	199.788	210.886	0.947377
10872	0.00988113	0.313937	117.157	101.462	-18.8186	-0.0264214	199.774	210.886	0.947307
10873	0.00988203	0.313936	117.156	101.462	-18.831	-0.0264212	199.761	210.886	0.947248
10874	0.00988292	0.313936	117.156	101.462	-18.8413	-0.0264209	199.751	210.885	0.9472
10875	0.00988382	0.313936	117.156	101.462	-18.8496	-0.0264207	199.742	210.885	0.947161
10876	0.00988472	0.313935	117.155	101.463	-18.8563	-0.0264204	199.735	210.885	0.947129
10877	0.00988562	0.313935	117.155	101.463	-18.8616	-0.0264202	199.73	210.885	0.947105
10878	0.00988651	0.313935	117.155	101.463	-18.8654	-0.0264199	199.726	210.885	0.947087
10879	0.00988741	0.313934	117.154	101.463	-18.8678	-0.0264196	199.723	210.884	0.947076
10880	0.00988831	0.313934	117.154	101.463	-18.869	-0.0264193	199.722	210.884	0.947071
10881	0.00988921	0.313934	117.154	101.464	-18.8688	-0.0264191	199.722	210.884	0.947072
10882	0.00989011	0.313934	117.154	101.464	-18.8675	-0.0264189	199.724	210.884	0.947079
10883	0.009891	0.313933	117.153	101.464	-18.865	-0.0264187	199.726	210.884	0.947091
10884	0.0098919	0.313933	117.153	101.464	-18.8615	-0.0264186	199.729	210.883	0.947108
10885	0.0098928	0.313933	117.153	101.464	-18.8527	-0.0264186	199.738	210.883	0.94715
10886	0.0098937	0.313933	117.153	101.464	-18.841	-0.0264186	199.75	210.883	0.947206
10887	0.00989459	0.313932	117.152	101.465	-18.8289	-0.0264187	199.762	210.883	0.947263
10888	0.00989549	0.313932	117.152	101.465	-18.8169	-0.0264187	199.774	210.883	0.94732
10889	0.00989639	0.313932	117.152	101.465	-18.8053	-0.0264187	199.785	210.883	0.947376
10890	0.00989729	0.313932	117.152	101.465	-18.7942	-0.0264188	199.796	210.882	0.947429
10891	0.00989818	0.313931	117.151	101.465	-18.7839	-0.0264189	199.806	210.882	0.947478
10892	0.00989908	0.313931	117.151	101.465	-18.7745	-0.026419	199.816	210.882	0.947523
10893	0.00989998	0.313931	117.151	101.466	-18.7663	-0.0264192	199.824	210.882	0.947562
10894	0.00990088	0.313931	117.151	101.466	-18.7593	-0.0264194	199.831	210.882	0.947595
10895	0.00990178	0.31393	117.15	101.466	-18.7537	-0.0264196	199.836	210.882	0.947622
10896	0.00990267	0.31393	117.15	101.466	-18.7495	-0.0264198	199.84	210.882	0.947642
10897	0.00990357	0.31393	117.15	101.466	-18.7469	-0.0264201	199.843	210.881	0.947655
10898	0.00990447	0.31393	117.15	101.466	-18.7457	-0.0264204	199.844	210.881	0.947661
10899	0.00990537	0.31393	117.15	101.466	-18.7461	-0.0264207	199.843	210.881	0.947659
10900	0.00990626	0.313929	117.149	101.467	-18.7481	-0.026421	199.841	210.881	0.94765
10901	0.00990716	0.313929	117.149	101.467	-18.7517	-0.0264212	199.838	210.881	0.947633
10902	0.00990806	0.313929	117.149	101.467	-18.7569	-0.0264215	199.832	210.881	0.947608
10903	0.00990896	0.313929	117.149	101.467	-18.764	-0.0264217	199.825	210.881	0.947575
10904	0.00990985	0.313929	117.149	101.467	-18.7739	-0.0264218	199.815	210.881	0.947528
10905	0.00991075	0.313929	117.148	101.467	-18.7917	-0.0264217	199.797	210.88	0.947444
10906	0.00991165	0.313928	117.148	101.467	-18.8068	-0.0264216	199.782	210.88	0.947373
10907	0.00991255	0.313928	117.148	101.467	-18.8196	-0.0264214	199.769	210.88	0.947312
10908	0.00991344	0.313928	117.148	101.467	-18.8302	-0.0264211	199.759	210.88	0.947262
10909	0.00991434	0.313928	117.148	101.468	-18.8388	-0.0264209	199.75	210.88	0.947222
10910	0.00991524	0.313928	117.148	101.468	-18.8458	-0.0264206	199.743	210.88	0.947189
10911	0.00991614	0.313928	117.147	101.468	-18.8513	-0.0264204	199.737	210.88	0.947163
10912	0.00991704	0.313927	117.147	101.468	-18.8554	-0.0264201	199.733	210.88	0.947144
10913	0.00991793	0.313927	117.147	101.468	-18.8581	-0.0264198	199.731	210.88	0.947131
10914	0.00991883	0.313927	117.147	101.468	-18.8595	-0.0264196	199.729	210.879	0.947124
10915	0.00991973	0.313927	117.147	101.468	-18.8597	-0.0264193	199.729	210.879	0.947124
10916	0.00992063	0.313927	117.147	101.468	-18.8586	-0.0264191	199.73	210.879	0.947129
10917	0.00992153	0.313927	117.147	101.468	-18.8564	-0.0264189	199.732	210.879	0.94714
10918	0.00992242	0.313927	117.146	101.468	-18.8531	-0.0264188	199.735	210.879	0.947155
10919	0.00992332	0.313927	117.146	101.468	-18.8455	-0.0264188	199.743	210.879	0.947191
10920	0.00992422	0.313927	117.146	101.469	-18.8341	-0.0264188	199.754	210.879	0.947246
10921	0.00992512	0.313926	117.146	101.469	-18.8221	-0.0264189	199.766	210.879	0.947303
10922	0.00992601	0.313926	117.146	101.469	-18.8101	-0.0264189	199.778	210.879	0.94736
10923	0.00992691	0.313926	117.146	101.469	-18.7985	-0.026419	199.79	210.879	0.947415
10924	0.00992781	0.313926	117.146	101.469	-18.7873	-0.026419	199.801	210.879	0.947468
10925	0.00992871	0.313926	117.146	101.469	-18.7769	-0.0264191	199.811	210.879	0.947518
10926	0.0099296	0.313926	117.146	101.469	-18.7674	-0.0264192	199.821	210.879	0.947563
10927	0.0099305	0.313926	117.146	101.469	-18.7589	-0.0264194	199.829	210.879	0.947603
10928	0.0099314	0.313926	117.146	101.469	-18.7518	-0.0264196	199.836	210.879	0.947637
10929	0.0099323	0.313926	117.145	101.469	-18.7459	-0.0264198	199.842	210.878	0.947665
10930	0.00993319	0.313926	117.145	101.469	-18.7415	-0.0264201	199.847	210.878	0.947686
10931	0.00993409	0.313926	117.145	101.469	-18.7386	-0.0264204	199.849	210.878	0.9477
10932	0.00993499	0.313926	117.145	101.469	-18.7372	-0.0264207	199.851	210.878	0.947707
10933	0.00993589	0.313925	117.145	101.469	-18.7373	-0.026421	199.851	210.878	0.947706
10934	0.00993679	0.313925	117.145	101.469	-18.7391	-0.0264212	199.849	210.878	0.947698
10935	0.00993768	0.313925	117.145	101.469	-18.7425	-0.0264215	199.845	210.878	0.947682
10936	0.00993858	0.313925	117.145	101.469	-18.7475	-0.0264218	199.84	210.878	0.947658
10937	0.00993948	0.313925	117.145	101.469	-18.7543	-0.026422	199.834	210.878	0.947626
10938	0.00994038	0.313925	117.145	101.469	-18.764	-0.0264221	199.824	210.878	0.94758
10939	0.00994127	0.313925	117.145	101.469	-18.7819	-0.026422	199.806	210.878	0.947495
10940	0.00994217	0.313925	117.145	101.469	-18.7971	-0.0264219	199.791	210.878	0.947423
10941	0.00994307	0.313925	117.145	101.469	-18.8099	-0.0264217	199.778	210.878	0.947362
10942	0.00994397	0.313925	117.145	101.469	-18.8206	-0.0264215	199.767	210.878	0.947312
10943	0.00994487	0.313925	117.145	101.469	-18.8293	-0.0264212	199.759	210.878	0.94727
10944	0.00994576	0.313925	117.145	101.469	-18.8364	-0.026421	199.751	210.878	0.947236
10945	0.00994666	0.313925	117.145	101.469	-18.8421	-0.0264207	199.746	210.878	0.94721
10946	0.00994756	0.313925	117.145	101.469	-18.8463	-0.0264204	199.742	210.878	0.94719
10947	0.00994846	0.313925	117.145	101.469	-18.8492	-0.0264202	199.739	210.878	0.947176
10948	0.00994935	0.313925	117.145	101.469	-18.8508	-0.0264199	199.737	210.878	0.947168
10949	0.00995025	0.313925	117.145	101.469	-18.8511	-0.0264197	199.737	210.878	0.947167
10950	0.00995115	0.313925	117.145	101.469	-18.8502	-0.0264195	199.738	210.878	0.947171
10951	0.00995205	0.313925	117.145	101.469	-18.8482	-0.0264193	199.74	210.878	0.947181
10952	0.00995295	0.313925	117.145	101.469	-18.8451	-0.0264192	199.743	210.878	0.947196
10953	0.00995384	0.313925	117.145	101.469	-18.8384	-0.0264191	199.749	210.878	0.947227
10954	0.00995474	0.313925	117.145	101.47	-18.8272	-0.0264192	199.761	210.878	0.94728
10955	0.00995564	0.313925	117.145	101.47	-18.8153	-0.0264193	199.772	210.878	0.947337
10956	0.00995654	0.313925	117.145	101.47	-18.8034	-0.0264193	199.784	210.878	0.947393
10957	0.00995743	0.313925	117.145	101.47	-18.7918	-0.0264194	199.796	210.878	0.947448
10958	0.00995833	0.313925	117.145	101.47	-18.7806	-0.0264194	199.807	210.878	0.947501
10959	0.00995923	0.313925	117.145	101.47	-18.7702	-0.0264195	199.818	210.878	0.947551
10960	0.00996013	0.313925	117.145	101.47	-18.7606	-0.0264197	199.827	210.878	0.947596
10961	0.00996103	0.313925	117.145	101.47	-18.7521	-0.0264198	199.836	210.878	0.947636
10962	0.00996192	0.313925	117.145	101.47	-18.7449	-0.02642	199.843	210.878	0.947671
10963	0.00996282	0.313925	117.145	101.47	-18.739	-0.0264202	199.849	210.878	0.947699
10964	0.00996372	0.313925	117.145	101.47	-18.7345	-0.0264205	199.853	210.878	0.94772
10965	0.00996462	0.313925	117.145	101.47	-18.7314	-0.0264208	199.856	210.878	0.947735
10966	0.00996551	0.313925	117.145	101.47	-18.7299	-0.0264211	199.858	210.878	0.947742
10967	0.00996641	0.313925	117.145	101.47	-18.7299	-0.0264214	199.858	210.878	0.947742
10968	0.00996731	0.313925	117.145	101.47	-18.7316	-0.0264217	199.856	210.878	0.947734
10969	0.00996821	0.313925	117.145	101.47	-18.7349	-0.026422	199.853	210.878	0.947718
10970	0.0099691	0.313925	117.145	101.47	-18.7398	-0.0264222	199.848	210.878	0.947695
10971	0.00997	0.313925	117.145	101.47	-18.7465	-0.0264224	199.841	210.878	0.947663
10972	0.0099709	0.313925	117.145	101.47	-18.7562	-0.0264226	199.832	210.878	0.947617
10973	0.0099718	0.313925	117.145	101.47	-18.7741	-0.0264225	199.814	210.878	0.947533
10974	0.00997269	0.313925	117.145	101.47	-18.7893	-0.0264224	199.798	210.878	0.94746
10975	0.00997359	0.313925	117.145	101.47	-18.8022	-0.0264222	199.786	210.878	0.947399
10976	0.00997449	0.313925	117.145	101.47	-18.8129	-0.026422	199.775	210.878	0.947348
10977	0.00997539	0.313925	117.145	101.47	-18.8217	-0.0264217	199.766	210.878	0.947306
10978	0.00997629	0.313925	117.145	101.47	-18.829	-0.0264215	199.759	210.878	0.947272
10979	0.00997718	0.313925	117.145	101.47	-18.8348	-0.0264212	199.753	210.878	0.947245
10980	0.00997808	0.313925	117.145	101.47	-18.8391	-0.026421	199.749	210.878	0.947224
10981	0.00997898	0.313925	117.145	101.469	-18.8421	-0.0264207	199.746	210.878	0.94721
10982	0.00997988	0.313925	117.145	101.469	-18.8439	-0.0264204	199.744	210.878	0.947201
10983	0.00998078	0.313925	117.145	101.469	-18.8443	-0.0264202	199.743	210.878	0.947199
10984	0.00998167	0.313925	117.145	101.469	-18.8436	-0.02642	199.744	210.878	0.947203
10985	0.00998257	0.313925	117.145	101.469	-18.8417	-0.0264198	199.746	210.878	0.947212
10986	0.00998347	0.313925	117.145	101.469	-18.8387	-0.0264197	199.749	210.878	0.947226
10987	0.00998437	0.313925	117.145	101.469	-18.8331	-0.0264197	199.755	210.878	0.947252
10988	0.00998526	0.313925	117.145	101.469	-18.8222	-0.0264197	199.766	210.878	0.947304
10989	0.00998616	0.313925	117.145	101.469	-18.8104	-0.0264198	199.778	210.878	0.94736
10990	0.00998706	0.313925	117.145	101.469	-18.7985	-0.0264199	199.789	210.878	0.947416
10991	0.00998796	0.313925	117.145	101.469	-18.7869	-0.0264199	199.801	210.878	0.947471
10992	0.00998886	0.313926	117.145	101.469	-18.7758	-0.02642	199.812	210.878	0.947523
10993	0.00998975	0.313926	117.145	101.469	-18.7654	-0.0264201	199.823	210.878	0.947573
10994	0.00999065	0.313926	117.146	101.469	-18.7558	-0.0264202	199.832	210.878	0.947618
10995	0.00999155	0.313926	117.146	101.469	-18.7473	-0.0264203	199.841	210.879	0.947658
10996	0.00999245	0.313926	117.146	101.469	-18.74	-0.0264205	199.848	210.879	0.947693
10997	0.00999334	0.313926	117.146	101.469	-18.734	-0.0264208	199.854	210.879	0.947721
10998	0.00999424	0.313926	117.146	101.469	-18.7294	-0.026421	199.859	210.879	0.947743
10999	0.00999514	0.313926	117.146	101.469	-18.7263	-0.0264213	199.862	210.879	0.947757
11000	0.00999604	0.313926	117.146	101.469	-18.7247	-0.0264216	199.864	210.879	0.947765
11001	0.00999693	0.313926	117.146	101.468	-18.7246	-0.0264219	199.864	210.879	0.947765
11002	0.00999783	0.313927	117.146	101.468	-18.7261	-0.0264222	199.862	210.879	0.947758
11003	0.00999873	0.313927	117.147	101.468	-18.7293	-0.0264225	199.859	210.879	0.947742
11004	0.00999963	0.313927	117.147	101.468	-18.7341	-0.0264227	199.854	210.879	0.947719
