#step	time	mdot360	FmomInletX360	FpInletGaugeX360	FpWallX360	FshearWallX360	T_CFD360	T_ideal360	Cfg
0	0	-0	-0	0	0	-0.00121302	-0.00121302	-0	0
1	1.2e-06	-0	-0	83.4848	-0.0422454	-0.00121301	83.4413	-0	0
2	2.64e-06	0.0118485	0.358058	83.167	-0.088227	-0.0012405	83.4356	6.49984	12.8366
3	4.368e-06	0.0210175	0.958319	82.7619	-0.137111	-0.00127324	83.5819	11.5297	7.24925
4	6.14647e-06	0.0316568	1.9258	82.1997	-0.18021	-0.00130677	83.9439	17.3662	4.83376
5	7.92449e-06	0.0421338	3.17868	81.5113	-0.216416	-0.00134021	84.4722	23.1137	3.65464
6	9.70231e-06	0.0520965	4.65855	80.7169	-0.246068	-0.00137367	85.128	28.579	2.97869
7	1.14801e-05	0.0615372	6.32499	79.8349	-0.269469	-0.00140721	85.8891	33.7579	2.54427
8	1.32581e-05	0.0704604	8.14148	78.8818	-0.286957	-0.00144089	86.7349	38.653	2.24394
9	1.50363e-05	0.0788795	10.0758	77.8718	-0.298936	-0.00147475	87.6472	43.2715	2.02552
10	1.68148e-05	0.0868127	12.0997	76.8178	-0.305879	-0.00150882	88.61	47.6235	1.86064
11	1.85934e-05	0.094281	14.1885	75.7308	-0.307977	-0.00154314	89.6097	51.7204	1.73258
12	2.03723e-05	0.101305	16.3202	74.621	-0.306185	-0.00157769	90.6335	55.5738	1.63087
13	2.21514e-05	0.107905	18.4751	73.498	-0.301183	-0.00161248	91.6704	59.1945	1.54863
14	2.39307e-05	0.114099	20.6346	72.3709	-0.29367	-0.00164748	92.7103	62.5919	1.48119
15	2.56988e-05	0.119899	22.7736	71.2565	-0.28422	-0.00168245	93.7441	65.7738	1.42525
16	2.74385e-05	0.125282	24.8568	70.1748	-0.273604	-0.00171702	94.7562	68.7267	1.37874
17	2.91507e-05	0.130212	26.8581	69.134	-0.262664	-0.00175114	95.7277	71.4314	1.34013
18	3.08367e-05	0.134713	28.7636	68.142	-0.251896	-0.00178479	96.6519	73.9003	1.30787
19	3.24975e-05	0.138802	30.5601	67.2063	-0.241487	-0.00181795	97.5231	76.1436	1.28078
20	3.41343e-05	0.142495	32.2348	66.3346	-0.232296	-0.00185056	98.3353	78.1694	1.25798
21	3.57484e-05	0.145803	33.7755	65.5343	-0.224482	-0.00188259	99.0834	79.9842	1.23879
22	3.73407e-05	0.148736	35.1707	64.8122	-0.218056	-0.001914	99.7629	81.593	1.22269
23	3.89124e-05	0.1513	36.4097	64.175	-0.213138	-0.00194474	100.37	82.9999	1.20927
24	4.04647e-05	0.153503	37.4829	63.6285	-0.209901	-0.00197479	100.899	84.2083	1.19821
25	4.19988e-05	0.155349	38.3823	63.1775	-0.208314	-0.00200411	101.35	85.2209	1.18926
26	4.35156e-05	0.156843	39.1015	62.8261	-0.208229	-0.00203273	101.717	86.0405	1.1822
27	4.50165e-05	0.15799	39.6357	62.577	-0.209116	-0.00206062	102.001	86.6695	1.1769
28	4.65023e-05	0.158794	39.9825	62.4315	-0.210689	-0.0020878	102.201	87.1106	1.17324
29	4.79744e-05	0.15926	40.1415	62.3897	-0.212681	-0.00211427	102.316	87.3664	1.17112
30	4.94336e-05	0.159394	40.1145	62.4503	-0.214915	-0.00214005	102.348	87.4398	1.17049
31	5.08811e-05	0.159201	39.9052	62.6107	-0.216927	-0.00216521	102.297	87.3341	1.17133
32	5.23178e-05	0.158688	39.519	62.8674	-0.218731	-0.00218976	102.165	87.0524	1.17361
33	5.37447e-05	0.157859	38.957	63.2216	-0.220079	-0.00221377	101.956	86.598	1.17735
34	5.51621e-05	0.156702	38.2103	63.6805	-0.220858	-0.00223723	101.668	85.9634	1.18269
35	5.65694e-05	0.15518	37.2858	64.2304	-0.221031	-0.00226018	101.293	85.1283	1.18988
36	5.79678e-05	0.15332	36.2111	64.8536	-0.220632	-0.00228269	100.842	84.1078	1.19896
37	5.93588e-05	0.151162	35.0564	65.4938	-0.219713	-0.00230495	100.328	82.9239	1.20988
38	6.07431e-05	0.148888	33.8828	66.1351	-0.218327	-0.00232698	99.7972	81.6766	1.22186
39	6.21215e-05	0.14655	32.7169	66.7638	-0.216533	-0.00234881	99.2618	80.3939	1.23469
40	6.34949e-05	0.144196	31.5829	67.3675	-0.21433	-0.00237049	98.7337	79.1026	1.24817
41	6.4864e-05	0.141875	30.5016	67.936	-0.21165	-0.0023921	98.2236	77.8296	1.26203
42	6.62295e-05	0.139633	29.4898	68.4619	-0.208722	-0.00241368	97.7405	76.5997	1.27599
43	6.75917e-05	0.137509	28.5595	68.94	-0.205669	-0.00243528	97.2914	75.4342	1.28975
44	6.89512e-05	0.135532	27.7187	69.3675	-0.202599	-0.00245694	96.8811	74.3498	1.30305
45	7.03081e-05	0.133727	26.9725	69.7423	-0.199628	-0.0024787	96.5127	73.3596	1.31561
46	7.16621e-05	0.132114	26.3224	70.0653	-0.196867	-0.00250059	96.1883	72.4747	1.3272
47	7.30136e-05	0.1307	25.7659	70.3389	-0.194333	-0.00252261	95.9079	71.6991	1.33764
48	7.43626e-05	0.129485	25.2979	70.5665	-0.192038	-0.00254476	95.6698	71.0326	1.34684
49	7.57094e-05	0.128461	24.9114	70.7524	-0.190018	-0.00256705	95.4712	70.471	1.35476
50	7.7054e-05	0.127616	24.5979	70.9016	-0.18832	-0.00258944	95.3086	70.0074	1.36141
51	7.83966e-05	0.126933	24.34	71.0275	-0.186958	-0.00261187	95.1779	69.6323	1.36686
52	7.97374e-05	0.126351	24.1043	71.1515	-0.185939	-0.00263415	95.0672	69.3135	1.37155
53	8.10768e-05	0.125775	23.871	71.2745	-0.18525	-0.00265628	94.9577	68.9975	1.37625
54	8.2415e-05	0.1252	23.639	71.3971	-0.184862	-0.00267825	94.8485	68.6818	1.38098
55	8.3752e-05	0.124623	23.4078	71.5191	-0.184737	-0.00270007	94.7394	68.3654	1.38578
56	8.50878e-05	0.124045	23.1779	71.6401	-0.184775	-0.00272174	94.6306	68.0484	1.39064
57	8.64226e-05	0.123468	22.9503	71.7596	-0.184897	-0.00274329	94.5223	67.7318	1.39554
58	8.77563e-05	0.122895	22.7264	71.8767	-0.185053	-0.00276474	94.4153	67.4172	1.40046
59	8.90889e-05	0.122329	22.5093	71.989	-0.185175	-0.00278613	94.3103	67.1071	1.40537
60	9.04204e-05	0.121783	22.3029	72.0947	-0.185153	-0.00280749	94.2097	66.8076	1.41016
61	9.17507e-05	0.121267	22.1102	72.1926	-0.184963	-0.00282886	94.115	66.5241	1.41475
62	9.30798e-05	0.120785	21.9329	72.282	-0.184575	-0.00285026	94.0274	66.26	1.41907
63	9.44075e-05	0.120343	21.7721	72.3624	-0.183978	-0.00287172	93.9476	66.0176	1.42307
64	9.57341e-05	0.119944	21.6284	72.4337	-0.183183	-0.00289326	93.876	65.7985	1.42672
65	9.70593e-05	0.119588	21.502	72.4959	-0.182224	-0.00291491	93.8128	65.6034	1.43
66	9.83834e-05	0.119277	21.3928	72.549	-0.181134	-0.00293666	93.7578	65.4326	1.43289
67	9.97063e-05	0.11901	21.3005	72.5934	-0.179901	-0.00295851	93.7111	65.2862	1.43539
68	0.000101028	0.118786	21.2245	72.6294	-0.178524	-0.00298048	93.6724	65.1635	1.4375
69	0.000102349	0.118605	21.164	72.6574	-0.177002	-0.00300254	93.6414	65.0638	1.43922
70	0.000103668	0.118463	21.1182	72.6779	-0.175343	-0.0030246	93.6178	64.9861	1.44058
71	0.000104986	0.118359	21.0856	72.692	-0.173561	-0.00304664	93.601	64.9291	1.44159
72	0.000106304	0.118287	21.0639	72.701	-0.171676	-0.00306862	93.5901	64.8898	1.44229
73	0.00010762	0.118242	21.0511	72.7058	-0.169715	-0.00309056	93.584	64.865	1.44275
74	0.000108935	0.118218	21.0451	72.7074	-0.167719	-0.00311243	93.5817	64.8517	1.44301
75	0.000110249	0.11821	21.0443	72.7067	-0.165724	-0.00313426	93.5822	64.8471	1.44312
76	0.000111562	0.118213	21.047	72.7046	-0.163761	-0.00315604	93.5847	64.8489	1.44312
77	0.000112875	0.118224	21.0519	72.7016	-0.161857	-0.00317779	93.5885	64.8549	1.44304
78	0.000114186	0.118239	21.0577	72.6985	-0.160021	-0.00319952	93.593	64.8631	1.44293
79	0.000115496	0.118255	21.0633	72.6958	-0.158267	-0.00322124	93.5975	64.8718	1.44281
80	0.000116806	0.118269	21.0677	72.6938	-0.156612	-0.00324297	93.6017	64.8795	1.4427
81	0.000118114	0.118278	21.0702	72.6931	-0.155063	-0.00326472	93.6049	64.8848	1.44263
82	0.000119422	0.118282	21.0702	72.6937	-0.153616	-0.00328649	93.607	64.8869	1.44262
83	0.000120729	0.118279	21.0675	72.6958	-0.15227	-0.00330828	93.6078	64.8852	1.44267
84	0.000122036	0.118268	21.0619	72.6996	-0.151024	-0.00333009	93.6071	64.8793	1.44279
85	0.000123341	0.118249	21.0531	72.7049	-0.149877	-0.00335193	93.6048	64.8688	1.44299
86	0.000124646	0.118222	21.0414	72.7118	-0.148822	-0.00337379	93.601	64.8539	1.44326
87	0.00012595	0.118187	21.0268	72.7202	-0.147852	-0.00339568	93.5957	64.8347	1.44361
88	0.000127254	0.118145	21.0095	72.7299	-0.146961	-0.0034176	93.589	64.8114	1.44402
89	0.000128557	0.118095	20.9899	72.7408	-0.146141	-0.00343951	93.5811	64.7844	1.4445
90	0.00012986	0.11804	20.9683	72.7526	-0.145383	-0.00346141	93.572	64.7541	1.44504
91	0.000131162	0.11798	20.945	72.7651	-0.144673	-0.00348331	93.562	64.7211	1.44562
92	0.000132463	0.117916	20.9206	72.7782	-0.144003	-0.0035052	93.5513	64.6861	1.44624
93	0.000133764	0.117849	20.8954	72.7916	-0.143358	-0.0035271	93.5401	64.6495	1.44688
94	0.000135064	0.117781	20.8696	72.8052	-0.142718	-0.003549	93.5286	64.612	1.44754
95	0.000136364	0.117711	20.8436	72.8189	-0.142078	-0.00357091	93.5169	64.5739	1.44822
96	0.000137664	0.117642	20.8177	72.8324	-0.141433	-0.00359283	93.5052	64.5356	1.44889
97	0.000138963	0.117572	20.7921	72.8458	-0.140784	-0.00361475	93.4935	64.4976	1.44957
98	0.000140262	0.117504	20.767	72.8589	-0.14013	-0.00363667	93.4821	64.4601	1.45023
99	0.00014156	0.117437	20.7424	72.8716	-0.139457	-0.00365859	93.4709	64.4234	1.45088
100	0.000142858	0.117372	20.7186	72.8839	-0.138751	-0.00368049	93.4601	64.3877	1.45152
101	0.000144156	0.117309	20.6956	72.8957	-0.138005	-0.00370239	93.4497	64.3531	1.45214
102	0.000145454	0.117248	20.6735	72.9071	-0.137213	-0.00372429	93.4397	64.3197	1.45274
103	0.000146751	0.11719	20.6522	72.9181	-0.136374	-0.00374618	93.4302	64.2876	1.45332
104	0.000148047	0.117133	20.6317	72.9286	-0.135493	-0.00376809	93.4211	64.2567	1.45387
105	0.000149344	0.117079	20.6122	72.9387	-0.134572	-0.00379001	93.4125	64.227	1.45441
106	0.00015064	0.117027	20.5934	72.9483	-0.133618	-0.00381197	93.4043	64.1986	1.45493
107	0.000151936	0.116978	20.5754	72.9576	-0.132637	-0.00383396	93.3965	64.1714	1.45542
108	0.000153232	0.11693	20.5582	72.9664	-0.131635	-0.00385598	93.3891	64.1453	1.4559
109	0.000154527	0.116885	20.5417	72.9749	-0.130618	-0.00387803	93.3821	64.1203	1.45636
110	0.000155822	0.116841	20.5259	72.983	-0.129591	-0.00390011	93.3754	64.0963	1.4568
111	0.000157117	0.116799	20.5108	72.9908	-0.12856	-0.00392222	93.3691	64.0733	1.45722
112	0.000158412	0.116759	20.4963	72.9982	-0.127533	-0.00394435	93.363	64.0513	1.45763
113	0.000159706	0.116721	20.4825	73.0053	-0.126509	-0.00396648	93.3573	64.0303	1.45802
114	0.000161	0.116684	20.4693	73.012	-0.125489	-0.00398862	93.3519	64.0102	1.45839
115	0.000162294	0.116649	20.4568	73.0185	-0.124473	-0.00401075	93.3468	63.9911	1.45875
116	0.000163588	0.116616	20.4449	73.0245	-0.123459	-0.00403288	93.3419	63.9729	1.45909
117	0.000164882	0.116585	20.4336	73.0303	-0.12245	-0.00405499	93.3374	63.9556	1.45941
118	0.000166175	0.116555	20.4231	73.0356	-0.121448	-0.0040771	93.3332	63.9394	1.45971
119	0.000167469	0.116527	20.4132	73.0407	-0.120455	-0.0040992	93.3293	63.9241	1.46
120	0.000168762	0.116501	20.4039	73.0454	-0.119474	-0.00412131	93.3257	63.9098	1.46027
121	0.000170055	0.116477	20.3954	73.0497	-0.11851	-0.00414344	93.3224	63.8965	1.46052
122	0.000171348	0.116454	20.3875	73.0536	-0.117569	-0.00416558	93.3194	63.8843	1.46076
123	0.00017264	0.116434	20.3803	73.0572	-0.116657	-0.00418776	93.3167	63.873	1.46097
124	0.000173933	0.116415	20.3738	73.0605	-0.115776	-0.00420997	93.3143	63.8628	1.46117
125	0.000175225	0.116399	20.368	73.0633	-0.114927	-0.00423221	93.3122	63.8536	1.46134
126	0.000176518	0.116384	20.3629	73.0658	-0.114111	-0.00425448	93.3104	63.8455	1.4615
127	0.00017781	0.116371	20.3585	73.068	-0.113328	-0.00427676	93.3089	63.8383	1.46164
128	0.000179102	0.11636	20.3547	73.0698	-0.112577	-0.00429905	93.3076	63.8322	1.46176
129	0.000180394	0.11635	20.3516	73.0713	-0.111857	-0.00432135	93.3067	63.827	1.46187
130	0.000181685	0.116343	20.3491	73.0724	-0.111167	-0.00434364	93.306	63.8229	1.46195
131	0.000182977	0.116337	20.3473	73.0732	-0.110508	-0.00436592	93.3056	63.8196	1.46202
132	0.000184269	0.116332	20.346	73.0737	-0.109878	-0.0043882	93.3055	63.8173	1.46207
133	0.00018556	0.11633	20.3454	73.0739	-0.109274	-0.00441047	93.3056	63.8159	1.46211
134	0.000186851	0.116329	20.3453	73.0738	-0.108696	-0.00443274	93.306	63.8154	1.46212
135	0.000188143	0.116329	20.3458	73.0734	-0.108142	-0.00445502	93.3066	63.8156	1.46213
136	0.000189434	0.116331	20.3468	73.0728	-0.107611	-0.00447732	93.3075	63.8167	1.46212
137	0.000190725	0.116335	20.3483	73.0718	-0.107101	-0.00449963	93.3086	63.8186	1.46209
138	0.000192016	0.11634	20.3504	73.0707	-0.10661	-0.00452197	93.3099	63.8213	1.46205
139	0.000193306	0.116346	20.3529	73.0692	-0.106138	-0.00454434	93.3114	63.8246	1.462
140	0.000194597	0.116353	20.3558	73.0676	-0.105682	-0.00456672	93.3131	63.8287	1.46193
141	0.000195888	0.116362	20.3592	73.0657	-0.105241	-0.00458913	93.3151	63.8334	1.46185
142	0.000197178	0.116372	20.3631	73.0635	-0.104814	-0.00461154	93.3172	63.8388	1.46176
143	0.000198469	0.116383	20.3673	73.0612	-0.104399	-0.00463396	93.3195	63.8448	1.46166
144	0.000199759	0.116395	20.372	73.0587	-0.103995	-0.00465638	93.322	63.8514	1.46155
145	0.00020105	0.116408	20.377	73.056	-0.1036	-0.00467879	93.3247	63.8586	1.46143
146	0.00020234	0.116422	20.3824	73.053	-0.103212	-0.00470119	93.3275	63.8664	1.46129
147	0.00020363	0.116437	20.3881	73.0499	-0.102829	-0.00472358	93.3305	63.8747	1.46115
148	0.00020492	0.116453	20.3942	73.0467	-0.10245	-0.00474596	93.3337	63.8835	1.461
149	0.00020621	0.11647	20.4006	73.0432	-0.102072	-0.00476835	93.337	63.8928	1.46084
150	0.0002075	0.116488	20.4073	73.0396	-0.101694	-0.00479074	93.3405	63.9026	1.46067
151	0.00020879	0.116506	20.4143	73.0359	-0.101316	-0.00481315	93.3441	63.9128	1.46049
152	0.00021008	0.116526	20.4216	73.032	-0.100935	-0.00483558	93.3479	63.9234	1.46031
153	0.00021137	0.116546	20.4292	73.0279	-0.100552	-0.00485803	93.3518	63.9345	1.46012
154	0.000212659	0.116567	20.437	73.0238	-0.100165	-0.0048805	93.3558	63.946	1.45992
155	0.000213949	0.116588	20.4451	73.0195	-0.0997741	-0.00490299	93.3599	63.9578	1.45971
156	0.000215239	0.116611	20.4534	73.0151	-0.0993786	-0.00492549	93.3642	63.9699	1.4595
157	0.000216528	0.116633	20.4619	73.0106	-0.0989784	-0.004948	93.3685	63.9824	1.45928
158	0.000217818	0.116657	20.4706	73.006	-0.0985736	-0.0049705	93.373	63.9952	1.45906
159	0.000219107	0.11668	20.4795	73.0013	-0.0981644	-0.004993	93.3776	64.0083	1.45884
160	0.000220396	0.116705	20.4885	72.9965	-0.0977513	-0.00501548	93.3822	64.0216	1.45861
161	0.000221686	0.116729	20.4977	72.9916	-0.0973348	-0.00503795	93.387	64.0352	1.45837
162	0.000222975	0.116755	20.5071	72.9867	-0.0969154	-0.0050604	93.3918	64.0489	1.45813
163	0.000224264	0.11678	20.5166	72.9817	-0.096494	-0.00508285	93.3967	64.0629	1.45789
164	0.000225553	0.116806	20.5262	72.9766	-0.0960714	-0.0051053	93.4016	64.0771	1.45764
165	0.000226842	0.116832	20.5359	72.9715	-0.0956483	-0.00512775	93.4066	64.0914	1.4574
166	0.000228131	0.116858	20.5457	72.9663	-0.0952256	-0.00515022	93.4116	64.1059	1.45715
167	0.00022942	0.116885	20.5555	72.9611	-0.0948041	-0.00517271	93.4167	64.1205	1.45689
168	0.000230709	0.116912	20.5655	72.9559	-0.0943841	-0.00519522	93.4218	64.1352	1.45664
169	0.000231998	0.116939	20.5755	72.9506	-0.093966	-0.00521775	93.4269	64.15	1.45638
170	0.000233287	0.116966	20.5855	72.9454	-0.0935503	-0.00524029	93.4321	64.1648	1.45613
171	0.000234576	0.116993	20.5956	72.9401	-0.0931373	-0.00526283	93.4373	64.1797	1.45587
172	0.000235865	0.11702	20.6057	72.9348	-0.0927276	-0.00528538	93.4425	64.1947	1.45561
173	0.000237154	0.117048	20.6158	72.9295	-0.0923215	-0.00530792	93.4476	64.2097	1.45535
174	0.000238442	0.117075	20.6259	72.9241	-0.0919198	-0.00533044	93.4528	64.2246	1.45509
175	0.000239731	0.117102	20.6361	72.9188	-0.0915233	-0.00535295	93.458	64.2396	1.45483
176	0.00024102	0.117129	20.6462	72.9135	-0.0911324	-0.00537544	93.4632	64.2546	1.45458
177	0.000242308	0.117157	20.6562	72.9083	-0.0907473	-0.00539791	93.4683	64.2695	1.45432
178	0.000243597	0.117184	20.6663	72.903	-0.0903683	-0.00542038	93.4735	64.2844	1.45406
179	0.000244885	0.117211	20.6763	72.8978	-0.0899958	-0.00544286	93.4786	64.2992	1.45381
180	0.000246174	0.117238	20.6862	72.8926	-0.0896299	-0.00546534	93.4837	64.3139	1.45355
181	0.000247462	0.117264	20.6961	72.8874	-0.0892707	-0.00548783	93.4887	64.3286	1.4533
182	0.000248751	0.117291	20.7059	72.8823	-0.0889181	-0.00551034	93.4937	64.3431	1.45305
183	0.000250039	0.117317	20.7156	72.8772	-0.088572	-0.00553287	93.4987	64.3576	1.4528
184	0.000251328	0.117343	20.7253	72.8721	-0.0882321	-0.00555541	93.5036	64.3719	1.45255
185	0.000252616	0.117369	20.7348	72.8671	-0.0878982	-0.00557796	93.5085	64.3861	1.45231
186	0.000253904	0.117395	20.7443	72.8622	-0.0875702	-0.00560052	93.5133	64.4001	1.45207
187	0.000255192	0.11742	20.7537	72.8573	-0.0872476	-0.00562306	93.5181	64.414	1.45183
188	0.000256481	0.117445	20.7629	72.8525	-0.0869303	-0.0056456	93.5228	64.4277	1.45159
189	0.000257769	0.11747	20.772	72.8478	-0.0866178	-0.00566812	93.5275	64.4412	1.45136
190	0.000259057	0.117494	20.781	72.8431	-0.0863101	-0.00569062	93.5321	64.4546	1.45113
191	0.000260345	0.117518	20.7898	72.8385	-0.0860067	-0.00571311	93.5366	64.4677	1.45091
192	0.000261633	0.117542	20.7985	72.8339	-0.0857075	-0.00573558	93.541	64.4807	1.45068
193	0.000262922	0.117565	20.8071	72.8295	-0.0854121	-0.00575805	93.5454	64.4934	1.45046
194	0.00026421	0.117588	20.8155	72.8251	-0.0851206	-0.00578052	93.5497	64.5059	1.45025
195	0.000265498	0.11761	20.8238	72.8208	-0.0848327	-0.005803	93.5539	64.5182	1.45004
196	0.000266786	0.117632	20.8319	72.8166	-0.0845484	-0.00582549	93.5581	64.5302	1.44983
197	0.000268074	0.117653	20.8398	72.8125	-0.0842676	-0.00584799	93.5622	64.542	1.44963
198	0.000269362	0.117675	20.8476	72.8084	-0.0839905	-0.00587051	93.5661	64.5536	1.44943
199	0.00027065	0.117695	20.8551	72.8045	-0.083717	-0.00589305	93.57	64.5649	1.44924
200	0.000271938	0.117715	20.8625	72.8007	-0.0834471	-0.00591558	93.5738	64.5759	1.44905
201	0.000273226	0.117735	20.8698	72.7969	-0.0831808	-0.00593812	93.5776	64.5866	1.44887
202	0.000274513	0.117754	20.8768	72.7933	-0.0829182	-0.00596064	93.5812	64.5971	1.44869
203	0.000275801	0.117773	20.8836	72.7897	-0.0826595	-0.00598315	93.5847	64.6073	1.44852
204	0.000277089	0.117791	20.8903	72.7863	-0.0824047	-0.00600564	93.5882	64.6172	1.44835
205	0.000278377	0.117808	20.8967	72.783	-0.0821541	-0.00602812	93.5915	64.6269	1.44818
206	0.000279665	0.117825	20.903	72.7797	-0.0819073	-0.00605057	93.5947	64.6362	1.44802
207	0.000280953	0.117842	20.909	72.7766	-0.0816641	-0.00607302	93.5979	64.6452	1.44787
208	0.000282241	0.117858	20.9149	72.7736	-0.081424	-0.00609546	93.6009	64.654	1.44772
209	0.000283528	0.117873	20.9205	72.7707	-0.0811867	-0.0061179	93.6039	64.6624	1.44758
210	0.000284816	0.117888	20.9259	72.7679	-0.0809519	-0.00614035	93.6067	64.6705	1.44744
211	0.000286104	0.117902	20.9311	72.7652	-0.0807193	-0.00616282	93.6094	64.6783	1.44731
212	0.000287392	0.117916	20.9361	72.7626	-0.0804886	-0.0061853	93.6121	64.6858	1.44718
213	0.000288679	0.117929	20.9409	72.7602	-0.0802597	-0.00620779	93.6146	64.693	1.44706
214	0.000289967	0.117941	20.9455	72.7578	-0.0800323	-0.00623029	93.617	64.6999	1.44694
215	0.000291255	0.117953	20.9499	72.7556	-0.0798061	-0.0062528	93.6194	64.7065	1.44683
216	0.000292542	0.117965	20.954	72.7535	-0.0795809	-0.00627529	93.6216	64.7127	1.44673
217	0.00029383	0.117975	20.9579	72.7514	-0.0793563	-0.00629778	93.6237	64.7186	1.44663
218	0.000295118	0.117986	20.9616	72.7495	-0.0791321	-0.00632025	93.6257	64.7243	1.44653
219	0.000296405	0.117995	20.9651	72.7478	-0.078908	-0.0063427	93.6277	64.7296	1.44644
220	0.000297693	0.118004	20.9684	72.7461	-0.0786838	-0.00636513	93.6295	64.7346	1.44636
221	0.000298981	0.118013	20.9715	72.7445	-0.0784592	-0.00638755	93.6312	64.7392	1.44628
222	0.000300268	0.118021	20.9744	72.7431	-0.0782341	-0.00640996	93.6328	64.7436	1.44621
223	0.000301556	0.118028	20.9771	72.7417	-0.0780086	-0.00643237	93.6343	64.7477	1.44614
224	0.000302844	0.118035	20.9795	72.7405	-0.0777829	-0.00645478	93.6357	64.7514	1.44608
225	0.000304131	0.118041	20.9818	72.7393	-0.0775566	-0.00647721	93.6371	64.7549	1.44602
226	0.000305419	0.118047	20.9838	72.7383	-0.0773295	-0.00649965	93.6383	64.758	1.44597
227	0.000306706	0.118052	20.9857	72.7374	-0.0771015	-0.0065221	93.6394	64.7609	1.44593
228	0.000307994	0.118057	20.9874	72.7365	-0.0768724	-0.00654456	93.6405	64.7635	1.44588
229	0.000309282	0.118061	20.9888	72.7358	-0.0766422	-0.00656704	93.6414	64.7658	1.44585
230	0.000310569	0.118065	20.9901	72.7352	-0.0764108	-0.00658951	93.6423	64.7679	1.44581
231	0.000311857	0.118068	20.9912	72.7346	-0.0761784	-0.00661197	93.6431	64.7696	1.44579
232	0.000313144	0.118071	20.9922	72.7342	-0.075945	-0.00663442	93.6438	64.7712	1.44576
233	0.000314432	0.118073	20.993	72.7338	-0.0757108	-0.00665685	93.6444	64.7724	1.44575
234	0.000315719	0.118075	20.9936	72.7335	-0.0754759	-0.00667926	93.645	64.7735	1.44573
235	0.000317007	0.118077	20.9941	72.7333	-0.0752407	-0.00670166	93.6454	64.7742	1.44572
236	0.000318294	0.118078	20.9944	72.7332	-0.0750056	-0.00672404	93.6458	64.7748	1.44571
237	0.000319582	0.118078	20.9945	72.7331	-0.0747701	-0.00674641	93.6462	64.7752	1.44571
238	0.000320869	0.118079	20.9946	72.7332	-0.0745339	-0.00676878	93.6464	64.7753	1.44571
239	0.000322157	0.118079	20.9945	72.7333	-0.0742972	-0.00679116	93.6466	64.7753	1.44572
240	0.000323444	0.118078	20.9942	72.7334	-0.0740605	-0.00681354	93.6468	64.775	1.44572
241	0.000324732	0.118077	20.9939	72.7336	-0.0738241	-0.00683594	93.6468	64.7746	1.44573
242	0.00032602	0.118076	20.9934	72.7339	-0.0735883	-0.00685835	93.6469	64.774	1.44575
243	0.000327307	0.118075	20.9928	72.7342	-0.0733535	-0.00688077	93.6468	64.7732	1.44576
244	0.000328595	0.118073	20.9922	72.7346	-0.0731199	-0.0069032	93.6467	64.7723	1.44578
245	0.000329882	0.118071	20.9914	72.735	-0.072888	-0.00692563	93.6466	64.7713	1.4458
246	0.00033117	0.118069	20.9906	72.7355	-0.072658	-0.00694804	93.6464	64.7701	1.44583
247	0.000332457	0.118067	20.9896	72.736	-0.0724301	-0.00697045	93.6462	64.7688	1.44585
248	0.000333745	0.118064	20.9886	72.7365	-0.0722046	-0.00699284	93.646	64.7674	1.44588
249	0.000335032	0.118061	20.9875	72.7371	-0.0719814	-0.00701521	93.6457	64.7659	1.44591
250	0.00033632	0.118059	20.9864	72.7377	-0.0717606	-0.00703756	93.6453	64.7642	1.44594
251	0.000337607	0.118055	20.9852	72.7384	-0.0715423	-0.0070599	93.645	64.7625	1.44598
252	0.000338895	0.118052	20.984	72.739	-0.0713263	-0.00708224	93.6446	64.7607	1.44601
253	0.000340182	0.118049	20.9827	72.7397	-0.0711127	-0.00710458	93.6442	64.7589	1.44604
254	0.00034147	0.118045	20.9813	72.7405	-0.0709013	-0.00712693	93.6438	64.757	1.44608
255	0.000342757	0.118042	20.9799	72.7413	-0.0706921	-0.00714929	93.6433	64.7549	1.44612
256	0.000344045	0.118038	20.9783	72.7421	-0.070485	-0.00717166	93.6427	64.7527	1.44616
257	0.000345332	0.118033	20.9766	72.743	-0.07028	-0.00719405	93.6422	64.7503	1.4462
258	0.00034662	0.118029	20.9749	72.7439	-0.070077	-0.00721645	93.6415	64.7478	1.44625
259	0.000347907	0.118024	20.9731	72.7449	-0.0698759	-0.00723885	93.6409	64.7452	1.4463
260	0.000349195	0.118019	20.9712	72.7459	-0.0696767	-0.00726124	93.6402	64.7426	1.44635
261	0.000350482	0.118014	20.9693	72.7469	-0.0694793	-0.00728363	93.6395	64.7398	1.4464
262	0.00035177	0.118009	20.9674	72.7479	-0.0692838	-0.007306	93.6387	64.737	1.44645
263	0.000353057	0.118004	20.9655	72.7489	-0.06909	-0.00732835	93.638	64.7342	1.4465
264	0.000354345	0.117999	20.9636	72.7499	-0.0688978	-0.00735069	93.6373	64.7314	1.44655
265	0.000355632	0.117994	20.9618	72.7508	-0.0687074	-0.00737301	93.6365	64.7287	1.4466
266	0.00035692	0.117989	20.9599	72.7518	-0.0685186	-0.00739532	93.6358	64.7259	1.44665
267	0.000358207	0.117984	20.9581	72.7527	-0.0683313	-0.00741763	93.6351	64.7233	1.4467
268	0.000359495	0.117979	20.9564	72.7537	-0.0681456	-0.00743994	93.6344	64.7207	1.44675
269	0.000360782	0.117974	20.9546	72.7546	-0.0679613	-0.00746227	93.6338	64.7181	1.44679
270	0.00036207	0.11797	20.9528	72.7555	-0.0677785	-0.0074846	93.6331	64.7154	1.44684
271	0.000363357	0.117965	20.9511	72.7564	-0.067597	-0.00750695	93.6324	64.7129	1.44689
272	0.000364645	0.11796	20.9494	72.7573	-0.0674168	-0.00752932	93.6317	64.7104	1.44694
273	0.000365933	0.117956	20.9478	72.7581	-0.0672378	-0.00755169	93.6311	64.708	1.44698
274	0.00036722	0.117952	20.9463	72.7589	-0.06706	-0.00757407	93.6305	64.7057	1.44702
275	0.000368508	0.117948	20.9449	72.7596	-0.0668831	-0.00759644	93.63	64.7036	1.44706
276	0.000369795	0.117944	20.9437	72.7602	-0.0667071	-0.00761881	93.6295	64.7016	1.4471
277	0.000371083	0.117941	20.9425	72.7608	-0.0665319	-0.00764116	93.6291	64.6998	1.44713
278	0.00037237	0.117938	20.9415	72.7613	-0.0663574	-0.00766349	93.6287	64.6982	1.44716
279	0.000373658	0.117936	20.9406	72.7617	-0.0661834	-0.00768581	93.6284	64.6969	1.44719
280	0.000374945	0.117934	20.9399	72.762	-0.0660099	-0.00770812	93.6282	64.6957	1.44721
281	0.000376233	0.117932	20.9394	72.7622	-0.0658366	-0.00773043	93.6281	64.6948	1.44723
282	0.000377521	0.117931	20.939	72.7624	-0.0656635	-0.00775273	93.628	64.6941	1.44724
283	0.000378808	0.11793	20.9388	72.7625	-0.0654905	-0.00777505	93.628	64.6936	1.44725
284	0.000380096	0.117929	20.9387	72.7625	-0.0653174	-0.00779737	93.6281	64.6934	1.44726
285	0.000381383	0.117929	20.9387	72.7624	-0.0651442	-0.00781971	93.6282	64.6934	1.44726
286	0.000382671	0.11793	20.939	72.7623	-0.0649708	-0.00784207	93.6284	64.6936	1.44726
287	0.000383958	0.11793	20.9393	72.762	-0.064797	-0.00786444	93.6287	64.694	1.44726
288	0.000385246	0.117932	20.9399	72.7616	-0.0646227	-0.00788681	93.6291	64.6946	1.44725
289	0.000386533	0.117934	20.9409	72.7611	-0.064448	-0.00790919	93.6296	64.6958	1.44723
290	0.000387821	0.117937	20.9421	72.7604	-0.0642726	-0.00793156	93.6303	64.6973	1.4472
291	0.000389109	0.11794	20.9436	72.7595	-0.0640966	-0.00795393	93.6311	64.6993	1.44717
292	0.000390396	0.117945	20.9455	72.7584	-0.0639198	-0.00797627	93.632	64.7018	1.44713
293	0.000391684	0.11795	20.9477	72.7572	-0.0637422	-0.0079986	93.6331	64.7048	1.44708
294	0.000392971	0.117956	20.9502	72.7558	-0.0635637	-0.00802092	93.6344	64.7082	1.44703
295	0.000394259	0.117963	20.953	72.7543	-0.0633842	-0.00804323	93.6358	64.7121	1.44696
296	0.000395546	0.117971	20.9561	72.7526	-0.0632039	-0.00806553	93.6374	64.7164	1.44689
297	0.000396834	0.11798	20.9595	72.7507	-0.0630227	-0.00808784	93.6391	64.7212	1.44681
298	0.000398121	0.117989	20.9631	72.7487	-0.0628405	-0.00811015	93.6409	64.7263	1.44672
299	0.000399409	0.117999	20.967	72.7466	-0.0626572	-0.00813248	93.6429	64.7318	1.44663
300	0.000400696	0.11801	20.9712	72.7444	-0.0624728	-0.00815482	93.6449	64.7377	1.44653
301	0.000401984	0.118022	20.9755	72.7421	-0.0622872	-0.00817718	93.6471	64.744	1.44642
302	0.000403271	0.118033	20.9801	72.7396	-0.0621003	-0.00819955	93.6494	64.7505	1.44631
303	0.000404559	0.118046	20.9848	72.7371	-0.061912	-0.00822193	93.6517	64.7572	1.4462
304	0.000405846	0.118059	20.9896	72.7345	-0.061722	-0.00824431	93.6542	64.7643	1.44608
305	0.000407134	0.118072	20.9946	72.7319	-0.0615305	-0.00826668	93.6567	64.7715	1.44596
306	0.000408421	0.118085	20.9998	72.7291	-0.0613371	-0.00828904	93.6593	64.7789	1.44583
307	0.000409709	0.118099	21.0051	72.7263	-0.061142	-0.00831138	93.6619	64.7865	1.4457
308	0.000410996	0.118114	21.0104	72.7235	-0.0609449	-0.00833371	93.6646	64.7944	1.44557
309	0.000412284	0.118128	21.0156	72.7209	-0.060746	-0.00835603	93.6673	64.8021	1.44544
310	0.000413571	0.118141	21.0206	72.7183	-0.060545	-0.00837834	93.6699	64.8096	1.44531
311	0.000414859	0.118154	21.0254	72.7158	-0.0603423	-0.00840065	93.6724	64.8168	1.44519
312	0.000416146	0.118167	21.0299	72.7135	-0.0601377	-0.00842296	93.6748	64.8237	1.44507
313	0.000417434	0.118179	21.0342	72.7113	-0.0599315	-0.00844527	93.6771	64.8302	1.44496
314	0.000418721	0.11819	21.0383	72.7092	-0.0597237	-0.00846761	93.6793	64.8363	1.44486
315	0.000420008	0.1182	21.042	72.7074	-0.0595145	-0.00848996	93.6813	64.842	1.44476
316	0.000421296	0.11821	21.0453	72.7057	-0.0593042	-0.00851232	93.6832	64.8472	1.44468
317	0.000422583	0.118218	21.0484	72.7042	-0.0590929	-0.00853469	93.6849	64.8519	1.4446
318	0.000423871	0.118226	21.0511	72.7029	-0.0588809	-0.00855707	93.6865	64.8561	1.44453
319	0.000425158	0.118233	21.0534	72.7017	-0.0586684	-0.00857944	93.6879	64.8597	1.44447
320	0.000426446	0.118238	21.0554	72.7007	-0.0584558	-0.00860181	93.6891	64.8629	1.44442
321	0.000427733	0.118243	21.0572	72.6998	-0.0582433	-0.00862417	93.6902	64.8657	1.44437
322	0.00042902	0.118248	21.0587	72.6992	-0.0580317	-0.00864651	93.6911	64.8681	1.44433
323	0.000430308	0.118251	21.0599	72.6986	-0.0578221	-0.00866883	93.6919	64.87	1.4443
324	0.000431595	0.118254	21.0609	72.698	-0.0576149	-0.00869114	93.6927	64.8717	1.44428
325	0.000432883	0.118257	21.0618	72.6976	-0.0574106	-0.00871345	93.6933	64.8731	1.44425
326	0.00043417	0.118259	21.0626	72.6973	-0.0572097	-0.00873575	93.6939	64.8743	1.44424
327	0.000435457	0.118261	21.0631	72.697	-0.0570128	-0.00875806	93.6944	64.8753	1.44422
328	0.000436745	0.118262	21.0634	72.6969	-0.0568206	-0.00878038	93.6948	64.8759	1.44421
329	0.000438032	0.118263	21.0635	72.697	-0.0566336	-0.00880271	93.695	64.8762	1.44421
330	0.000439319	0.118262	21.0632	72.6972	-0.0564522	-0.00882506	93.6951	64.8761	1.44422
331	0.000440607	0.118261	21.0626	72.6976	-0.0562765	-0.00884742	93.6951	64.8754	1.44423
332	0.000441894	0.118259	21.0617	72.6982	-0.0561071	-0.00886979	93.6949	64.8743	1.44425
333	0.000443181	0.118256	21.0603	72.699	-0.0559446	-0.00889216	93.6945	64.8727	1.44428
334	0.000444469	0.118252	21.0586	72.7	-0.0557893	-0.00891452	93.6939	64.8705	1.44432
335	0.000445756	0.118247	21.0565	72.7012	-0.0556415	-0.00893688	93.6931	64.8677	1.44437
336	0.000447043	0.118241	21.054	72.7026	-0.0555015	-0.00895923	93.6921	64.8643	1.44443
337	0.000448331	0.118234	21.051	72.7043	-0.0553694	-0.00898156	93.6909	64.8603	1.4445
338	0.000449618	0.118225	21.0476	72.7062	-0.0552454	-0.00900387	93.6895	64.8557	1.44458
339	0.000450905	0.118216	21.0437	72.7084	-0.0551293	-0.00902618	93.6879	64.8504	1.44468
340	0.000452193	0.118205	21.0394	72.7107	-0.0550213	-0.00904847	93.6861	64.8444	1.44478
341	0.00045348	0.118193	21.0347	72.7133	-0.0549211	-0.00907077	93.684	64.8378	1.4449
342	0.000454767	0.11818	21.0295	72.7161	-0.0548287	-0.00909307	93.6817	64.8306	1.44502
343	0.000456055	0.118165	21.024	72.7191	-0.0547436	-0.00911538	93.6793	64.8228	1.44516
344	0.000457342	0.11815	21.018	72.7224	-0.0546654	-0.0091377	93.6766	64.8144	1.44531
345	0.000458629	0.118134	21.0117	72.7258	-0.0545934	-0.00916004	93.6737	64.8054	1.44546
346	0.000459916	0.118116	21.005	72.7294	-0.0545271	-0.00918239	93.6707	64.7958	1.44563
347	0.000461204	0.118098	20.9979	72.7332	-0.0544661	-0.00920474	93.6674	64.7858	1.4458
348	0.000462491	0.118079	20.9906	72.7371	-0.05441	-0.0092271	93.6641	64.7752	1.44599
349	0.000463778	0.118058	20.9829	72.7412	-0.0543588	-0.00924945	93.6605	64.7642	1.44618
350	0.000465066	0.118038	20.9749	72.7455	-0.0543122	-0.00927179	93.6568	64.7528	1.44638
351	0.000466353	0.118016	20.9667	72.7499	-0.0542705	-0.00929412	93.653	64.7409	1.44658
352	0.00046764	0.117994	20.9582	72.7544	-0.0542341	-0.00931643	93.649	64.7286	1.4468
353	0.000468927	0.11797	20.9495	72.759	-0.0542035	-0.00933872	93.6449	64.7159	1.44702
354	0.000470215	0.117947	20.9407	72.7636	-0.0541789	-0.009361	93.6408	64.7031	1.44724
355	0.000471502	0.117924	20.932	72.7682	-0.0541606	-0.00938328	93.6366	64.6903	1.44746
356	0.000472789	0.1179	20.9233	72.7728	-0.0541494	-0.00940555	93.6325	64.6775	1.44768
357	0.000474077	0.117877	20.9146	72.7773	-0.0541468	-0.00942783	93.6283	64.6647	1.4479
358	0.000475364	0.117854	20.906	72.7818	-0.0541552	-0.00945012	93.6242	64.6521	1.44812
359	0.000476651	0.117831	20.8975	72.7862	-0.0541771	-0.00947242	93.6201	64.6395	1.44834
360	0.000477939	0.117808	20.8891	72.7906	-0.0542152	-0.00949473	93.616	64.627	1.44856
361	0.000479226	0.117786	20.8808	72.7949	-0.0542727	-0.00951706	93.6119	64.6147	1.44877
362	0.000480514	0.117764	20.8729	72.799	-0.0543527	-0.00953939	93.608	64.6027	1.44898
363	0.000481801	0.117743	20.8653	72.8029	-0.0544592	-0.00956172	93.6041	64.5913	1.44918
364	0.000483088	0.117723	20.8581	72.8066	-0.0545966	-0.00958405	93.6005	64.5804	1.44936
365	0.000484376	0.117705	20.8511	72.8102	-0.0547703	-0.00960636	93.5969	64.57	1.44954
366	0.000485663	0.117686	20.8444	72.8137	-0.0549871	-0.00962866	93.5934	64.56	1.44971
367	0.000486951	0.117668	20.8379	72.817	-0.0552544	-0.00965094	93.59	64.5502	1.44988
368	0.000488238	0.117651	20.8318	72.8201	-0.0555807	-0.00967321	93.5866	64.5409	1.45004
369	0.000489526	0.117635	20.826	72.823	-0.0559676	-0.00969546	93.5834	64.5321	1.45018
370	0.000490813	0.117621	20.8208	72.8257	-0.0564126	-0.00971771	93.5803	64.524	1.45032
371	0.000492101	0.117607	20.816	72.8281	-0.0569091	-0.00973995	93.5774	64.5166	1.45044
372	0.000493389	0.117595	20.8117	72.8302	-0.0574678	-0.0097622	93.5746	64.5098	1.45055
373	0.000494676	0.117584	20.8079	72.8321	-0.0581009	-0.00978445	93.5721	64.5038	1.45064
374	0.000495964	0.117574	20.8046	72.8336	-0.0588312	-0.00980672	93.5696	64.4986	1.45072
375	0.000497251	0.117566	20.8019	72.8349	-0.0596887	-0.009829	93.5673	64.4942	1.45079
376	0.000498539	0.11756	20.7997	72.836	-0.0605775	-0.00985129	93.5652	64.4905	1.45084
377	0.000499827	0.117554	20.7981	72.8367	-0.0614085	-0.00987359	93.5635	64.4877	1.45087
378	0.000501114	0.117551	20.797	72.8371	-0.0621989	-0.00989589	93.562	64.4857	1.45089
379	0.000502402	0.117548	20.7962	72.8374	-0.0629531	-0.00991819	93.5608	64.4844	1.45091
380	0.000503689	0.117547	20.7957	72.8377	-0.0636698	-0.00994047	93.5598	64.4835	1.45091
381	0.000504977	0.117546	20.7954	72.8378	-0.0643488	-0.00996275	93.5589	64.4829	1.45091
382	0.000506265	0.117545	20.7954	72.8377	-0.064994	-0.00998501	93.5581	64.4827	1.4509
383	0.000507552	0.117545	20.7956	72.8375	-0.0656195	-0.0100073	93.5575	64.4828	1.45089
384	0.00050884	0.117546	20.7961	72.8372	-0.0662533	-0.0100295	93.557	64.4833	1.45087
385	0.000510128	0.117548	20.7969	72.8367	-0.0669535	-0.0100517	93.5566	64.4842	1.45084
386	0.000511416	0.117551	20.7981	72.836	-0.0678201	-0.010074	93.5562	64.4857	1.45081
387	0.000512703	0.117554	20.7997	72.835	-0.0689981	-0.0100962	93.5556	64.4877	1.45075
388	0.000513991	0.117559	20.8016	72.8339	-0.0706818	-0.0101184	93.5548	64.4903	1.45068
389	0.000515279	0.117565	20.804	72.8326	-0.0731235	-0.0101407	93.5533	64.4934	1.45059
390	0.000516566	0.117572	20.8068	72.831	-0.076639	-0.0101629	93.551	64.4972	1.45047
391	0.000517854	0.11758	20.8101	72.8292	-0.0816124	-0.0101852	93.5474	64.5016	1.45031
392	0.000519142	0.117589	20.8138	72.8271	-0.0884948	-0.0102074	93.5422	64.5068	1.45011
393	0.00052043	0.1176	20.818	72.8248	-0.097801	-0.0102297	93.5347	64.5126	1.44987
394	0.000521717	0.117612	20.8226	72.8223	-0.110102	-0.010252	93.5245	64.5191	1.44956
395	0.000523005	0.117625	20.8276	72.8195	-0.125969	-0.0102744	93.5109	64.5261	1.44919
396	0.000524293	0.117638	20.833	72.8166	-0.146039	-0.0102968	93.4933	64.5338	1.44875
397	0.00052558	0.117653	20.8387	72.8136	-0.170971	-0.0103192	93.4709	64.5419	1.44822
398	0.000526868	0.117669	20.8447	72.8104	-0.201412	-0.0103417	93.4433	64.5505	1.4476
399	0.000528156	0.117685	20.8508	72.8071	-0.238008	-0.0103642	93.4095	64.5595	1.44688
400	0.000529444	0.117702	20.857	72.8038	-0.281418	-0.0103869	93.369	64.5686	1.44604
401	0.000530731	0.117719	20.8632	72.8006	-0.332229	-0.0104095	93.3212	64.5777	1.4451
402	0.000532019	0.117735	20.8695	72.7973	-0.390921	-0.0104322	93.2654	64.5869	1.44403
403	0.000533307	0.117752	20.8757	72.794	-0.457911	-0.0104548	93.2014	64.5961	1.44283
404	0.000534594	0.117769	20.8819	72.7907	-0.533534	-0.0104775	93.1287	64.6053	1.4415
405	0.000535882	0.117785	20.8881	72.7875	-0.618064	-0.0105001	93.0471	64.6144	1.44004
406	0.00053717	0.117802	20.8942	72.7844	-0.712024	-0.0105227	92.956	64.6234	1.43843
407	0.000538457	0.117818	20.9	72.7814	-0.81265	-0.0105451	92.8582	64.6322	1.43672
408	0.000539745	0.117833	20.9056	72.7785	-0.919213	-0.0105674	92.7543	64.6406	1.43492
409	0.000541033	0.117848	20.911	72.7757	-1.03187	-0.0105895	92.6443	64.6487	1.43304
410	0.00054232	0.117862	20.9162	72.7731	-1.15072	-0.0106116	92.5279	64.6564	1.43107
411	0.000543608	0.117875	20.9212	72.7705	-1.27581	-0.0106337	92.4052	64.6638	1.42901
412	0.000544895	0.117889	20.926	72.7679	-1.40692	-0.0106558	92.2764	64.6711	1.42686
413	0.000546183	0.117902	20.9307	72.7655	-1.54447	-0.010678	92.1411	64.6782	1.42461
414	0.000547471	0.117914	20.9352	72.7632	-1.68841	-0.0107001	91.9993	64.6849	1.42227
415	0.000548758	0.117926	20.9394	72.7611	-1.83855	-0.0107221	91.8512	64.6913	1.41984
416	0.000550046	0.117937	20.9433	72.7591	-1.99473	-0.0107442	91.697	64.6973	1.41732
417	0.000551333	0.117947	20.947	72.7573	-2.15676	-0.0107662	91.5367	64.7029	1.41472
418	0.000552621	0.117956	20.9503	72.7556	-2.32442	-0.0107883	91.3707	64.7079	1.41205
419	0.000553909	0.117964	20.9532	72.7542	-2.49749	-0.0108103	91.1991	64.7125	1.4093
420	0.000555196	0.117972	20.9558	72.7529	-2.67574	-0.0108324	91.0221	64.7166	1.40647
421	0.000556484	0.117978	20.9581	72.7518	-2.85895	-0.0108544	90.8401	64.7202	1.40358
422	0.000557771	0.117984	20.9599	72.7509	-3.04687	-0.0108765	90.6531	64.7232	1.40063
423	0.000559059	0.117988	20.9614	72.7502	-3.23764	-0.0108984	90.4631	64.7257	1.39764
424	0.000560346	0.117992	20.9625	72.7498	-3.4313	-0.0109203	90.2701	64.7276	1.39461
425	0.000561634	0.117994	20.9632	72.7495	-3.62769	-0.0109421	90.0741	64.729	1.39156
426	0.000562921	0.117996	20.9637	72.7493	-3.82665	-0.0109638	89.8754	64.7298	1.38847
427	0.000564209	0.117997	20.964	72.7491	-4.02804	-0.0109856	89.6741	64.7303	1.38535
428	0.000565496	0.117997	20.9641	72.7491	-4.2316	-0.0110074	89.4707	64.7307	1.3822
429	0.000566784	0.117997	20.964	72.7492	-4.43704	-0.0110292	89.2652	64.7307	1.37902
430	0.000568071	0.117997	20.9637	72.7495	-4.64438	-0.0110511	89.0577	64.7304	1.37583
431	0.000569359	0.117996	20.9631	72.7499	-4.8534	-0.0110729	88.8485	64.7297	1.37261
432	0.000570646	0.117994	20.9621	72.7504	-5.06408	-0.0110948	88.6374	64.7286	1.36937
433	0.000571934	0.117991	20.9609	72.7511	-5.27633	-0.0111165	88.4246	64.7271	1.36612
434	0.000573221	0.117987	20.9594	72.752	-5.49004	-0.0111382	88.2103	64.7251	1.36285
435	0.000574509	0.117983	20.9577	72.753	-5.70506	-0.0111598	87.9945	64.7227	1.35956
436	0.000575796	0.117978	20.9556	72.7542	-5.92123	-0.0111814	87.7774	64.7199	1.35627
437	0.000577084	0.117972	20.9533	72.7554	-6.13829	-0.0112029	87.5592	64.7167	1.35296
438	0.000578371	0.117965	20.9508	72.7568	-6.35605	-0.0112244	87.3403	64.7131	1.34965
439	0.000579659	0.117958	20.9481	72.7583	-6.57432	-0.0112459	87.1208	64.7093	1.34634
440	0.000580946	0.117951	20.9452	72.7598	-6.79298	-0.0112673	86.9008	64.7052	1.34303
441	0.000582234	0.117943	20.9423	72.7613	-7.01192	-0.0112886	86.6804	64.7009	1.33971
442	0.000583521	0.117935	20.9393	72.7629	-7.23122	-0.0113099	86.4597	64.6966	1.33639
443	0.000584809	0.117927	20.9363	72.7645	-7.45118	-0.0113311	86.2383	64.6922	1.33306
444	0.000586096	0.117919	20.9332	72.7661	-7.67123	-0.0113523	86.0168	64.6877	1.32972
445	0.000587384	0.117911	20.9302	72.7677	-7.89114	-0.0113736	85.7954	64.6833	1.32639
446	0.000588671	0.117903	20.9271	72.7693	-8.11077	-0.0113948	85.5743	64.6788	1.32307
447	0.000589959	0.117895	20.9241	72.7709	-8.32992	-0.0114161	85.3537	64.6743	1.31975
448	0.000591246	0.117886	20.9211	72.7725	-8.54838	-0.0114375	85.1338	64.6698	1.31644
449	0.000592534	0.117879	20.9182	72.7739	-8.76597	-0.0114589	84.9147	64.6655	1.31314
450	0.000593821	0.117871	20.9155	72.7753	-8.98264	-0.0114803	84.6967	64.6614	1.30985
451	0.000595109	0.117864	20.9129	72.7767	-9.19831	-0.0115017	84.4798	64.6575	1.30657
452	0.000596396	0.117857	20.9104	72.778	-9.4139	-0.0115231	84.2629	64.6537	1.3033
453	0.000597684	0.117851	20.908	72.7792	-9.62868	-0.0115446	84.047	64.6501	1.30003
454	0.000598971	0.117844	20.9056	72.7804	-9.84286	-0.0115661	83.8316	64.6466	1.29677
455	0.000600259	0.117838	20.9034	72.7815	-10.0563	-0.0115877	83.6171	64.6433	1.29351
456	0.000601546	0.117832	20.9014	72.7826	-10.2687	-0.0116093	83.4037	64.6401	1.29028
457	0.000602834	0.117827	20.8995	72.7835	-10.4803	-0.011631	83.1911	64.6372	1.28705
458	0.000604121	0.117822	20.8978	72.7844	-10.691	-0.0116527	82.9795	64.6346	1.28383
459	0.000605409	0.117818	20.8963	72.7851	-10.9009	-0.0116744	82.7688	64.6322	1.28061
460	0.000606696	0.117814	20.895	72.7857	-11.1103	-0.0116961	82.5587	64.6302	1.2774
461	0.000607984	0.117811	20.894	72.7862	-11.3203	-0.0117179	82.3481	64.6284	1.27418
462	0.000609271	0.117808	20.8932	72.7866	-11.5299	-0.0117397	82.1381	64.6271	1.27095
463	0.000610559	0.117807	20.8926	72.7868	-11.7392	-0.0117615	81.9284	64.626	1.26773
464	0.000611847	0.117805	20.8922	72.787	-11.9481	-0.0117834	81.7193	64.6254	1.26451
465	0.000613134	0.117805	20.8919	72.7871	-12.1565	-0.0118053	81.5107	64.6249	1.26129
466	0.000614422	0.117804	20.8918	72.7872	-12.3643	-0.0118271	81.3028	64.6246	1.25808
467	0.000615709	0.117804	20.8917	72.7872	-12.5714	-0.0118489	81.0956	64.6244	1.25488
468	0.000616997	0.117804	20.8918	72.7871	-12.778	-0.0118707	80.889	64.6244	1.25168
469	0.000618285	0.117804	20.892	72.787	-12.9844	-0.0118926	80.6827	64.6246	1.24848
470	0.000619572	0.117805	20.8923	72.7867	-13.1907	-0.0119144	80.4764	64.625	1.24528
471	0.00062086	0.117806	20.8929	72.7864	-13.3966	-0.0119362	80.2708	64.6256	1.24209
472	0.000622147	0.117808	20.8937	72.7859	-13.6017	-0.0119581	80.066	64.6266	1.2389
473	0.000623435	0.11781	20.8946	72.7854	-13.8059	-0.01198	79.8622	64.6279	1.23572
474	0.000624722	0.117813	20.8958	72.7847	-14.009	-0.0120018	79.6595	64.6294	1.23256
475	0.00062601	0.117816	20.8972	72.7839	-14.2123	-0.0120234	79.4568	64.6314	1.22939
476	0.000627298	0.11782	20.8989	72.7829	-14.4148	-0.0120447	79.255	64.6336	1.22622
477	0.000628585	0.117825	20.9008	72.7819	-14.6155	-0.0120657	79.0552	64.6362	1.22308
478	0.000629873	0.117831	20.903	72.7807	-14.8139	-0.0120863	78.8577	64.6392	1.21997
479	0.00063116	0.117837	20.9053	72.7794	-15.0094	-0.0121066	78.6633	64.6425	1.2169
480	0.000632448	0.117843	20.9079	72.778	-15.2011	-0.0121265	78.4727	64.6462	1.21388
481	0.000633735	0.117851	20.9108	72.7764	-15.3885	-0.0121458	78.2866	64.6501	1.21093
482	0.000635023	0.117858	20.9138	72.7748	-15.5701	-0.0121644	78.1063	64.6544	1.20806
483	0.000636311	0.117867	20.917	72.7731	-15.7447	-0.0121821	77.9331	64.659	1.20529
484	0.000637598	0.117875	20.9203	72.7713	-15.911	-0.0121987	77.7684	64.6638	1.20266
485	0.000638886	0.117885	20.9238	72.7694	-16.0698	-0.0122142	77.6112	64.6688	1.20013
486	0.000640173	0.117894	20.9274	72.7675	-16.2173	-0.0122283	77.4653	64.674	1.19778
487	0.000641461	0.117904	20.9311	72.7656	-16.3567	-0.012241	77.3277	64.6793	1.19556
488	0.000642748	0.117914	20.9348	72.7636	-16.4835	-0.0122522	77.2027	64.6848	1.19352
489	0.000644036	0.117924	20.9386	72.7616	-16.5999	-0.0122619	77.088	64.6903	1.19165
490	0.000645324	0.117934	20.9425	72.7596	-16.7058	-0.0122701	76.9839	64.696	1.18993
491	0.000646611	0.117944	20.9463	72.7575	-16.8013	-0.012277	76.8902	64.7016	1.18838
492	0.000647899	0.117955	20.9502	72.7555	-16.8867	-0.0122826	76.8067	64.7072	1.18699
493	0.000649186	0.117965	20.9539	72.7536	-16.9626	-0.0122869	76.7326	64.7129	1.18574
494	0.000650474	0.117975	20.9576	72.7517	-17.0296	-0.0122903	76.6674	64.7183	1.18463
495	0.000651761	0.117985	20.9612	72.7498	-17.0876	-0.0122927	76.6111	64.7237	1.18366
496	0.000653049	0.117994	20.9646	72.748	-17.1385	-0.0122942	76.5619	64.7288	1.18281
497	0.000654337	0.118003	20.9679	72.7464	-17.1827	-0.012295	76.5193	64.7337	1.18206
498	0.000655624	0.118012	20.971	72.7447	-17.2208	-0.0122951	76.4826	64.7385	1.18141
499	0.000656912	0.11802	20.9741	72.7432	-17.2536	-0.0122946	76.4513	64.743	1.18084
500	0.000658199	0.118028	20.9771	72.7416	-17.2815	-0.0122935	76.4248	64.7474	1.18035
501	0.000659487	0.118036	20.9799	72.7401	-17.305	-0.0122921	76.4028	64.7517	1.17993
502	0.000660774	0.118043	20.9827	72.7387	-17.3245	-0.0122902	76.3846	64.7558	1.17958
503	0.000662062	0.11805	20.9853	72.7374	-17.3403	-0.0122881	76.3701	64.7597	1.17928
504	0.000663349	0.118057	20.9877	72.7362	-17.3531	-0.0122856	76.3585	64.7635	1.17904
505	0.000664637	0.118063	20.99	72.735	-17.3633	-0.012283	76.3495	64.7669	1.17883
506	0.000665924	0.118069	20.9921	72.734	-17.3711	-0.0122803	76.3427	64.7701	1.17867
507	0.000667212	0.118075	20.994	72.733	-17.3768	-0.0122773	76.3379	64.7731	1.17854
508	0.000668499	0.118079	20.9957	72.7322	-17.3805	-0.0122743	76.335	64.7757	1.17845
509	0.000669787	0.118084	20.9972	72.7314	-17.3823	-0.0122711	76.334	64.778	1.17839
510	0.000671074	0.118087	20.9984	72.7308	-17.3823	-0.0122678	76.3346	64.7801	1.17837
511	0.000672362	0.11809	20.9995	72.7303	-17.3809	-0.0122645	76.3367	64.7818	1.17837
512	0.000673649	0.118093	21.0003	72.73	-17.3781	-0.012261	76.3399	64.7831	1.17839
513	0.000674937	0.118095	21.0009	72.7297	-17.3745	-0.0122575	76.3438	64.7842	1.17843
514	0.000676224	0.118096	21.0012	72.7296	-17.3704	-0.012254	76.3482	64.7848	1.17849
515	0.000677512	0.118097	21.0015	72.7295	-17.3659	-0.0122505	76.3528	64.7853	1.17855
516	0.000678799	0.118097	21.0016	72.7294	-17.361	-0.012247	76.3578	64.7856	1.17862
517	0.000680087	0.118098	21.0017	72.7294	-17.3561	-0.0122435	76.3628	64.7857	1.1787
518	0.000681374	0.118098	21.0016	72.7295	-17.351	-0.01224	76.3679	64.7857	1.17878
519	0.000682661	0.118097	21.0014	72.7296	-17.3459	-0.0122366	76.3729	64.7855	1.17886
520	0.000683949	0.118097	21.0011	72.7298	-17.3408	-0.0122332	76.3779	64.7852	1.17894
521	0.000685236	0.118096	21.0006	72.7301	-17.3358	-0.0122298	76.3827	64.7846	1.17903
522	0.000686524	0.118094	21	72.7305	-17.3308	-0.0122265	76.3875	64.7838	1.17911
523	0.000687811	0.118092	20.9992	72.731	-17.3258	-0.0122232	76.3921	64.7827	1.1792
524	0.000689099	0.11809	20.9982	72.7315	-17.321	-0.01222	76.3965	64.7814	1.1793
525	0.000690386	0.118087	20.997	72.7322	-17.3163	-0.0122169	76.4007	64.7798	1.17939
526	0.000691674	0.118084	20.9957	72.7329	-17.3117	-0.0122138	76.4047	64.778	1.17949
527	0.000692961	0.11808	20.9942	72.7338	-17.3067	-0.0122108	76.409	64.7759	1.17959
528	0.000694249	0.118076	20.9925	72.7347	-17.3019	-0.0122078	76.413	64.7736	1.17969
529	0.000695536	0.118071	20.9906	72.7357	-17.2974	-0.0122049	76.4168	64.771	1.1798
530	0.000696823	0.118066	20.9886	72.7368	-17.2929	-0.012202	76.4203	64.7682	1.1799
531	0.000698111	0.11806	20.9865	72.738	-17.2886	-0.0121991	76.4236	64.7651	1.18001
532	0.000699398	0.118054	20.9842	72.7392	-17.2843	-0.0121963	76.4269	64.7619	1.18012
533	0.000700686	0.118048	20.9818	72.7405	-17.28	-0.0121935	76.43	64.7585	1.18023
534	0.000701973	0.118042	20.9793	72.7418	-17.2759	-0.0121908	76.4331	64.7549	1.18034
535	0.000703261	0.118035	20.9768	72.7431	-17.2718	-0.0121882	76.4359	64.7512	1.18046
536	0.000704548	0.118028	20.9742	72.7445	-17.2678	-0.0121855	76.4387	64.7474	1.18057
537	0.000705835	0.118021	20.9716	72.7459	-17.2641	-0.0121829	76.4412	64.7436	1.18068
538	0.000707123	0.118014	20.9689	72.7473	-17.26	-0.0121804	76.444	64.7398	1.18079
539	0.00070841	0.118007	20.9664	72.7486	-17.2572	-0.0121778	76.4456	64.7359	1.18088
540	0.000709698	0.118	20.9638	72.7499	-17.2542	-0.0121753	76.4474	64.7322	1.18098
541	0.000710985	0.117993	20.9613	72.7512	-17.2516	-0.0121728	76.4488	64.7284	1.18107
542	0.000712273	0.117987	20.9589	72.7525	-17.2494	-0.0121704	76.4498	64.7248	1.18115
543	0.00071356	0.11798	20.9566	72.7537	-17.2475	-0.012168	76.4506	64.7214	1.18123
544	0.000714848	0.117974	20.9543	72.7548	-17.2458	-0.0121656	76.4512	64.718	1.1813
545	0.000716135	0.117968	20.9522	72.7559	-17.2442	-0.0121632	76.4517	64.7148	1.18136
546	0.000717422	0.117963	20.9501	72.757	-17.2427	-0.0121609	76.4523	64.7118	1.18143
547	0.00071871	0.117957	20.9481	72.758	-17.2412	-0.0121585	76.4528	64.7088	1.18149
548	0.000719997	0.117952	20.9462	72.759	-17.2398	-0.0121562	76.4533	64.7058	1.18155
549	0.000721285	0.117947	20.9443	72.76	-17.2384	-0.012154	76.4538	64.703	1.18161
550	0.000722572	0.117942	20.9426	72.7609	-17.2369	-0.0121517	76.4544	64.7004	1.18167
551	0.00072386	0.117938	20.9409	72.7617	-17.2353	-0.0121495	76.4552	64.6979	1.18173
552	0.000725147	0.117933	20.9394	72.7625	-17.2336	-0.0121473	76.4561	64.6955	1.18178
553	0.000726435	0.117929	20.938	72.7632	-17.2319	-0.0121451	76.4572	64.6934	1.18184
554	0.000727722	0.117926	20.9368	72.7638	-17.23	-0.0121429	76.4585	64.6915	1.18189
555	0.00072901	0.117923	20.9357	72.7643	-17.228	-0.0121408	76.4599	64.6898	1.18195
556	0.000730297	0.11792	20.9347	72.7648	-17.2258	-0.0121386	76.4616	64.6883	1.182
557	0.000731585	0.117918	20.9339	72.7652	-17.2236	-0.0121365	76.4634	64.687	1.18205
558	0.000732872	0.117916	20.9333	72.7655	-17.2213	-0.0121344	76.4653	64.6859	1.1821
559	0.00073416	0.117914	20.9328	72.7657	-17.2188	-0.0121323	76.4675	64.685	1.18215
560	0.000735447	0.117913	20.9324	72.7659	-17.2163	-0.0121302	76.4699	64.6844	1.1822
561	0.000736735	0.117912	20.9322	72.766	-17.2136	-0.0121281	76.4724	64.684	1.18225
562	0.000738022	0.117912	20.932	72.766	-17.2107	-0.012126	76.4752	64.6837	1.1823
563	0.00073931	0.117911	20.9319	72.7661	-17.2077	-0.0121239	76.4782	64.6835	1.18234
564	0.000740597	0.117911	20.9319	72.766	-17.2045	-0.0121219	76.4814	64.6834	1.1824
565	0.000741885	0.117911	20.932	72.766	-17.2011	-0.0121198	76.4848	64.6835	1.18245
566	0.000743172	0.117912	20.9322	72.7659	-17.1975	-0.0121178	76.4884	64.6836	1.1825
567	0.00074446	0.117912	20.9324	72.7657	-17.1937	-0.0121157	76.4923	64.6839	1.18255
568	0.000745747	0.117913	20.9328	72.7655	-17.1898	-0.0121137	76.4964	64.6844	1.18261
569	0.000747035	0.117914	20.9332	72.7652	-17.1857	-0.0121117	76.5007	64.685	1.18267
570	0.000748322	0.117915	20.9338	72.7649	-17.1814	-0.0121097	76.5052	64.6857	1.18272
571	0.00074961	0.117917	20.9345	72.7645	-17.1769	-0.0121077	76.51	64.6867	1.18278
572	0.000750897	0.117919	20.9353	72.7641	-17.1722	-0.0121056	76.515	64.6877	1.18284
573	0.000752185	0.117921	20.9362	72.7636	-17.1675	-0.0121036	76.5202	64.689	1.18289
574	0.000753472	0.117924	20.9372	72.763	-17.1625	-0.0121016	76.5256	64.6903	1.18295
575	0.00075476	0.117927	20.9382	72.7625	-17.1574	-0.0120996	76.5312	64.6918	1.18301
576	0.000756047	0.11793	20.9393	72.7619	-17.1521	-0.0120977	76.537	64.6935	1.18307
577	0.000757335	0.117933	20.9405	72.7612	-17.1466	-0.0120957	76.5431	64.6951	1.18313
578	0.000758622	0.117936	20.9417	72.7606	-17.1409	-0.0120937	76.5494	64.6969	1.1832
579	0.00075991	0.117939	20.943	72.7599	-17.135	-0.0120917	76.5559	64.6987	1.18327
580	0.000761198	0.117943	20.9443	72.7592	-17.1289	-0.0120897	76.5626	64.7006	1.18334
581	0.000762485	0.117946	20.9456	72.7585	-17.1225	-0.0120878	76.5695	64.7025	1.18341
582	0.000763773	0.117949	20.9469	72.7579	-17.1157	-0.0120858	76.577	64.7044	1.18349
583	0.00076506	0.117953	20.9482	72.7572	-17.1085	-0.0120839	76.5848	64.7063	1.18357
584	0.000766348	0.117956	20.9495	72.7565	-17.1012	-0.0120819	76.5928	64.7082	1.18366
585	0.000767635	0.11796	20.9507	72.7559	-17.0935	-0.01208	76.601	64.7101	1.18376
586	0.000768923	0.117963	20.9519	72.7553	-17.0856	-0.0120781	76.6095	64.7119	1.18386
587	0.00077021	0.117966	20.9531	72.7547	-17.0774	-0.0120761	76.6183	64.7136	1.18396
588	0.000771498	0.117969	20.9542	72.7541	-17.0688	-0.0120742	76.6274	64.7152	1.18407
589	0.000772786	0.117972	20.9552	72.7536	-17.0601	-0.0120723	76.6366	64.7168	1.18418
590	0.000774073	0.117975	20.9562	72.753	-17.0511	-0.0120704	76.6461	64.7184	1.1843
591	0.000775361	0.117978	20.9572	72.7525	-17.0419	-0.0120686	76.6557	64.7198	1.18442
592	0.000776648	0.11798	20.9581	72.7521	-17.0321	-0.0120667	76.666	64.7212	1.18456
593	0.000777936	0.117983	20.959	72.7516	-17.0236	-0.0120648	76.675	64.7225	1.18467
594	0.000779223	0.117985	20.9598	72.7512	-17.0137	-0.012063	76.6853	64.7238	1.18481
595	0.000780511	0.117987	20.9606	72.7508	-17.0039	-0.0120611	76.6954	64.7249	1.18494
596	0.000781798	0.117989	20.9612	72.7505	-16.9944	-0.0120593	76.7053	64.7259	1.18508
597	0.000783086	0.11799	20.9618	72.7502	-16.9851	-0.0120575	76.7149	64.7268	1.18521
598	0.000784373	0.117992	20.9623	72.75	-16.9759	-0.0120556	76.7243	64.7276	1.18534
599	0.000785661	0.117993	20.9627	72.7498	-16.9669	-0.0120538	76.7335	64.7283	1.18547
600	0.000786949	0.117994	20.9631	72.7496	-16.958	-0.012052	76.7427	64.7289	1.1856
601	0.000788236	0.117995	20.9634	72.7495	-16.949	-0.0120502	76.7518	64.7294	1.18573
602	0.000789524	0.117996	20.9636	72.7494	-16.94	-0.0120484	76.7609	64.7298	1.18587
603	0.000790811	0.117996	20.9638	72.7493	-16.931	-0.0120466	76.77	64.7301	1.186
604	0.000792099	0.117997	20.9638	72.7493	-16.9218	-0.0120449	76.7792	64.7302	1.18614
605	0.000793386	0.117997	20.9638	72.7493	-16.9126	-0.0120431	76.7885	64.7303	1.18628
606	0.000794674	0.117997	20.9637	72.7494	-16.9032	-0.0120413	76.7979	64.7302	1.18643
607	0.000795961	0.117996	20.9636	72.7495	-16.8937	-0.0120396	76.8073	64.73	1.18658
608	0.000797249	0.117996	20.9633	72.7497	-16.8841	-0.0120379	76.8168	64.7297	1.18673
609	0.000798536	0.117995	20.9629	72.7499	-16.8745	-0.0120362	76.8263	64.7292	1.18689
610	0.000799824	0.117993	20.9624	72.7502	-16.8648	-0.0120345	76.8358	64.7285	1.18705
611	0.000801111	0.117992	20.9617	72.7506	-16.855	-0.0120328	76.8453	64.7277	1.18721
612	0.000802399	0.11799	20.9609	72.751	-16.8452	-0.0120311	76.8547	64.7267	1.18737
613	0.000803686	0.117988	20.96	72.7516	-16.8354	-0.0120294	76.8641	64.7254	1.18754
614	0.000804974	0.117985	20.9589	72.7522	-16.8255	-0.0120278	76.8735	64.7239	1.18771
615	0.000806261	0.117982	20.9576	72.7529	-16.8157	-0.0120261	76.8828	64.7222	1.18789
616	0.000807549	0.117978	20.9562	72.7537	-16.8058	-0.0120245	76.892	64.7202	1.18807
617	0.000808836	0.117974	20.9546	72.7546	-16.796	-0.0120228	76.9011	64.718	1.18825
618	0.000810124	0.11797	20.9527	72.7556	-16.7861	-0.0120212	76.9102	64.7155	1.18844
619	0.000811411	0.117965	20.9508	72.7567	-16.7763	-0.0120196	76.9191	64.7127	1.18862
620	0.000812699	0.117959	20.9486	72.7579	-16.7666	-0.012018	76.9279	64.7096	1.18882
621	0.000813986	0.117953	20.9463	72.7591	-16.7568	-0.0120164	76.9365	64.7063	1.18901
622	0.000815274	0.117947	20.9437	72.7605	-16.7472	-0.0120148	76.9451	64.7028	1.18921
623	0.000816561	0.11794	20.941	72.762	-16.7376	-0.0120133	76.9534	64.699	1.18941
624	0.000817849	0.117932	20.9382	72.7635	-16.7281	-0.0120117	76.9616	64.6949	1.18961
625	0.000819136	0.117924	20.9352	72.7651	-16.7186	-0.0120102	76.9696	64.6906	1.18981
626	0.000820424	0.117916	20.932	72.7668	-16.7093	-0.0120086	76.9775	64.686	1.19002
627	0.000821711	0.117907	20.9287	72.7686	-16.7001	-0.0120071	76.9851	64.6813	1.19022
628	0.000822999	0.117898	20.9253	72.7704	-16.691	-0.0120056	76.9926	64.6764	1.19043
629	0.000824286	0.117889	20.9217	72.7723	-16.6821	-0.0120041	77	64.6712	1.19064
630	0.000825574	0.117879	20.9181	72.7742	-16.6732	-0.0120026	77.0071	64.666	1.19084
631	0.000826861	0.117869	20.9143	72.7762	-16.6645	-0.0120011	77.0141	64.6605	1.19105
632	0.000828149	0.117859	20.9105	72.7783	-16.6559	-0.0119997	77.0209	64.655	1.19126
633	0.000829436	0.117849	20.9066	72.7803	-16.6474	-0.0119982	77.0275	64.6493	1.19147
634	0.000830724	0.117838	20.9026	72.7824	-16.639	-0.0119968	77.0341	64.6435	1.19167
635	0.000832011	0.117828	20.8986	72.7845	-16.6308	-0.0119953	77.0404	64.6377	1.19188
636	0.000833299	0.117817	20.8946	72.7867	-16.6226	-0.0119939	77.0467	64.6318	1.19209
637	0.000834587	0.117806	20.8905	72.7888	-16.6145	-0.0119925	77.0528	64.6258	1.19229
638	0.000835874	0.117795	20.8865	72.7909	-16.6066	-0.0119911	77.0588	64.6198	1.19249
639	0.000837162	0.117784	20.8824	72.7931	-16.5987	-0.0119897	77.0648	64.6139	1.1927
640	0.000838449	0.117774	20.8784	72.7952	-16.5909	-0.0119883	77.0706	64.6079	1.1929
641	0.000839737	0.117763	20.8743	72.7973	-16.5832	-0.011987	77.0764	64.602	1.1931
642	0.000841024	0.117752	20.8704	72.7994	-16.5756	-0.0119856	77.0821	64.5961	1.19329
643	0.000842312	0.117741	20.8664	72.8014	-16.568	-0.0119843	77.0878	64.5902	1.19349
644	0.0008436	0.117731	20.8625	72.8035	-16.5606	-0.011983	77.0934	64.5845	1.19368
645	0.000844887	0.11772	20.8587	72.8055	-16.5531	-0.0119816	77.099	64.5788	1.19388
646	0.000846175	0.11771	20.8549	72.8074	-16.5457	-0.0119803	77.1046	64.5732	1.19407
647	0.000847462	0.1177	20.8512	72.8094	-16.5384	-0.011979	77.1101	64.5677	1.19425
648	0.00084875	0.11769	20.8475	72.8113	-16.5312	-0.0119778	77.1156	64.5622	1.19444
649	0.000850038	0.117681	20.8439	72.8131	-16.524	-0.0119765	77.1211	64.5569	1.19462
650	0.000851325	0.117671	20.8404	72.815	-16.5169	-0.0119752	77.1265	64.5517	1.1948
651	0.000852613	0.117662	20.837	72.8167	-16.5098	-0.011974	77.132	64.5466	1.19498
652	0.000853901	0.117653	20.8336	72.8185	-16.5028	-0.0119728	77.1373	64.5416	1.19516
653	0.000855188	0.117644	20.8303	72.8202	-16.4959	-0.0119716	77.1427	64.5366	1.19533
654	0.000856476	0.117635	20.8271	72.8219	-16.489	-0.0119703	77.148	64.5318	1.1955
655	0.000857764	0.117626	20.8239	72.8235	-16.4822	-0.0119692	77.1533	64.5272	1.19567
656	0.000859051	0.117618	20.8209	72.8251	-16.4754	-0.011968	77.1586	64.5226	1.19584
657	0.000860339	0.11761	20.8179	72.8267	-16.4687	-0.0119668	77.1638	64.5181	1.196
658	0.000861627	0.117602	20.8149	72.8282	-16.4621	-0.0119656	77.169	64.5137	1.19616
659	0.000862914	0.117594	20.812	72.8297	-16.4556	-0.0119645	77.1742	64.5094	1.19632
660	0.000864202	0.117586	20.8092	72.8312	-16.4491	-0.0119634	77.1793	64.5052	1.19648
661	0.00086549	0.117579	20.8065	72.8326	-16.4427	-0.0119622	77.1844	64.5011	1.19664
662	0.000866777	0.117572	20.8038	72.834	-16.4364	-0.0119611	77.1895	64.4971	1.19679
663	0.000868065	0.117565	20.8012	72.8354	-16.4301	-0.01196	77.1945	64.4932	1.19694
664	0.000869353	0.117558	20.7986	72.8367	-16.4239	-0.0119589	77.1995	64.4894	1.19709
665	0.00087064	0.117551	20.796	72.838	-16.4177	-0.0119579	77.2044	64.4856	1.19723
666	0.000871928	0.117544	20.7935	72.8393	-16.4116	-0.0119568	77.2093	64.4819	1.19738
667	0.000873216	0.117537	20.7911	72.8406	-16.4056	-0.0119557	77.2142	64.4783	1.19752
668	0.000874503	0.117531	20.7887	72.8419	-16.3996	-0.0119547	77.219	64.4747	1.19766
669	0.000875791	0.117524	20.7863	72.8431	-16.3936	-0.0119536	77.2238	64.4711	1.19781
670	0.000877079	0.117518	20.7839	72.8444	-16.3877	-0.0119526	77.2286	64.4676	1.19794
671	0.000878367	0.117511	20.7816	72.8456	-16.3818	-0.0119516	77.2334	64.4641	1.19808
672	0.000879654	0.117505	20.7792	72.8468	-16.3759	-0.0119506	77.2381	64.4607	1.19822
673	0.000880942	0.117499	20.7769	72.848	-16.3701	-0.0119496	77.2429	64.4573	1.19836
674	0.00088223	0.117493	20.7746	72.8492	-16.3643	-0.0119485	77.2476	64.4539	1.19849
675	0.000883517	0.117487	20.7723	72.8504	-16.3585	-0.0119476	77.2523	64.4505	1.19863
676	0.000884805	0.11748	20.77	72.8516	-16.3527	-0.0119466	77.257	64.4471	1.19877
677	0.000886093	0.117474	20.7677	72.8528	-16.3469	-0.0119456	77.2617	64.4437	1.1989
678	0.00088738	0.117468	20.7654	72.8541	-16.3411	-0.0119446	77.2664	64.4403	1.19904
679	0.000888668	0.117462	20.7631	72.8553	-16.3353	-0.0119436	77.2712	64.4369	1.19918
680	0.000889956	0.117456	20.7607	72.8565	-16.3294	-0.0119427	77.2759	64.4334	1.19931
681	0.000891244	0.117449	20.7583	72.8578	-16.3236	-0.0119417	77.2806	64.43	1.19945
682	0.000892531	0.117443	20.7559	72.859	-16.3177	-0.0119407	77.2853	64.4264	1.19959
683	0.000893819	0.117436	20.7535	72.8603	-16.3119	-0.0119398	77.29	64.4229	1.19973
684	0.000895107	0.11743	20.751	72.8616	-16.306	-0.0119388	77.2948	64.4192	1.19987
685	0.000896394	0.117423	20.7485	72.863	-16.3	-0.0119379	77.2995	64.4156	1.20001
686	0.000897682	0.117416	20.7459	72.8643	-16.2941	-0.0119369	77.3043	64.4118	1.20016
687	0.00089897	0.117409	20.7433	72.8657	-16.2881	-0.011936	77.309	64.408	1.2003
688	0.000900258	0.117402	20.7406	72.8671	-16.282	-0.011935	77.3138	64.4041	1.20045
689	0.000901545	0.117395	20.7379	72.8686	-16.276	-0.0119341	77.3186	64.4001	1.2006
690	0.000902833	0.117387	20.7351	72.8701	-16.2698	-0.0119331	77.3234	64.396	1.20075
691	0.000904121	0.11738	20.7323	72.8716	-16.2637	-0.0119322	77.3282	64.3919	1.2009
692	0.000905408	0.117372	20.7293	72.8731	-16.2574	-0.0119313	77.3331	64.3876	1.20106
693	0.000906696	0.117364	20.7263	72.8747	-16.2512	-0.0119303	77.338	64.3832	1.20121
694	0.000907984	0.117356	20.7233	72.8764	-16.2448	-0.0119294	77.3429	64.3788	1.20137
695	0.000909272	0.117347	20.7201	72.878	-16.2385	-0.0119285	77.3478	64.3742	1.20153
696	0.000910559	0.117339	20.7169	72.8797	-16.232	-0.0119275	77.3527	64.3695	1.2017
697	0.000911847	0.11733	20.7136	72.8815	-16.2255	-0.0119266	77.3576	64.3647	1.20186
698	0.000913135	0.117321	20.7103	72.8833	-16.219	-0.0119257	77.3626	64.3598	1.20203
699	0.000914423	0.117312	20.7068	72.8851	-16.2124	-0.0119247	77.3676	64.3548	1.2022
700	0.00091571	0.117303	20.7033	72.8869	-16.2058	-0.0119238	77.3726	64.3496	1.20238
701	0.000916998	0.117293	20.6998	72.8888	-16.1991	-0.0119228	77.3776	64.3444	1.20255
702	0.000918286	0.117284	20.6961	72.8908	-16.1923	-0.0119219	77.3826	64.3391	1.20273
703	0.000919574	0.117274	20.6924	72.8927	-16.1855	-0.011921	77.3877	64.3336	1.20291
704	0.000920861	0.117263	20.6886	72.8947	-16.1787	-0.01192	77.3927	64.3281	1.20309
705	0.000922149	0.117253	20.6847	72.8968	-16.1718	-0.0119191	77.3978	64.3224	1.20328
706	0.000923437	0.117243	20.6808	72.8988	-16.1648	-0.0119181	77.4029	64.3167	1.20347
707	0.000924725	0.117232	20.6769	72.9009	-16.1578	-0.0119171	77.408	64.3109	1.20365
708	0.000926013	0.117221	20.6729	72.9031	-16.1508	-0.0119162	77.4132	64.305	1.20384
709	0.0009273	0.117211	20.6688	72.9052	-16.1437	-0.0119152	77.4184	64.299	1.20404
710	0.000928588	0.117199	20.6647	72.9074	-16.1366	-0.0119142	77.4236	64.293	1.20423
711	0.000929876	0.117188	20.6606	72.9095	-16.1294	-0.0119133	77.4288	64.2869	1.20443
712	0.000931164	0.117177	20.6564	72.9117	-16.1221	-0.0119123	77.4341	64.2807	1.20462
713	0.000932451	0.117166	20.6522	72.9139	-16.1149	-0.0119113	77.4393	64.2745	1.20482
714	0.000933739	0.117155	20.648	72.9162	-16.1076	-0.0119103	77.4447	64.2683	1.20502
715	0.000935027	0.117143	20.6437	72.9184	-16.1002	-0.0119093	77.45	64.2621	1.20522
716	0.000936315	0.117132	20.6395	72.9206	-16.0928	-0.0119083	77.4554	64.2558	1.20542
717	0.000937603	0.11712	20.6352	72.9228	-16.0853	-0.0119073	77.4608	64.2495	1.20563
718	0.00093889	0.117109	20.631	72.9251	-16.0778	-0.0119063	77.4663	64.2432	1.20583
719	0.000940178	0.117097	20.6268	72.9273	-16.0703	-0.0119053	77.4718	64.237	1.20603
720	0.000941466	0.117086	20.6226	72.9295	-16.0627	-0.0119043	77.4774	64.2307	1.20624
721	0.000942754	0.117075	20.6184	72.9317	-16.0551	-0.0119033	77.4831	64.2245	1.20644
722	0.000944042	0.117063	20.6142	72.9339	-16.0473	-0.0119023	77.4888	64.2183	1.20665
723	0.00094533	0.117052	20.61	72.9361	-16.0396	-0.0119012	77.4946	64.2121	1.20685
724	0.000946617	0.117041	20.6059	72.9382	-16.0318	-0.0119002	77.5004	64.2059	1.20706
725	0.000947905	0.11703	20.6018	72.9404	-16.0239	-0.0118992	77.5063	64.1998	1.20727
726	0.000949193	0.117019	20.5977	72.9425	-16.016	-0.0118981	77.5123	64.1938	1.20747
727	0.000950481	0.117008	20.5936	72.9446	-16.008	-0.0118971	77.5184	64.1878	1.20768
728	0.000951769	0.116997	20.5897	72.9467	-16	-0.011896	77.5244	64.1818	1.20789
729	0.000953056	0.116986	20.5857	72.9488	-15.992	-0.011895	77.5306	64.1759	1.20809
730	0.000954344	0.116976	20.5818	72.9508	-15.9839	-0.011894	77.5368	64.1701	1.2083
731	0.000955632	0.116965	20.578	72.9528	-15.9758	-0.0118929	77.5431	64.1644	1.20851
732	0.00095692	0.116955	20.5742	72.9547	-15.9676	-0.0118918	77.5494	64.1588	1.20871
733	0.000958208	0.116945	20.5705	72.9566	-15.9595	-0.0118908	77.5558	64.1532	1.20891
734	0.000959496	0.116935	20.5669	72.9585	-15.9513	-0.0118897	77.5623	64.1478	1.20912
735	0.000960784	0.116925	20.5634	72.9603	-15.9431	-0.0118886	77.5688	64.1425	1.20932
736	0.000962071	0.116916	20.56	72.9621	-15.9349	-0.0118876	77.5753	64.1374	1.20952
737	0.000963359	0.116907	20.5566	72.9639	-15.9266	-0.0118865	77.582	64.1323	1.20972
738	0.000964647	0.116898	20.5533	72.9656	-15.9184	-0.0118854	77.5886	64.1274	1.20991
739	0.000965935	0.116889	20.5502	72.9672	-15.9101	-0.0118843	77.5954	64.1226	1.21011
740	0.000967223	0.11688	20.5471	72.9688	-15.9018	-0.0118832	77.6022	64.118	1.2103
741	0.000968511	0.116872	20.5441	72.9703	-15.8935	-0.0118821	77.6091	64.1135	1.2105
742	0.000969798	0.116864	20.5412	72.9718	-15.8852	-0.011881	77.616	64.1091	1.21069
743	0.000971086	0.116857	20.5384	72.9733	-15.8769	-0.0118799	77.6229	64.1049	1.21087
744	0.000972374	0.116849	20.5357	72.9746	-15.8686	-0.0118788	77.63	64.1009	1.21106
745	0.000973662	0.116842	20.5331	72.976	-15.8602	-0.0118777	77.637	64.0969	1.21124
746	0.00097495	0.116835	20.5306	72.9773	-15.8519	-0.0118766	77.6441	64.0932	1.21143
747	0.000976238	0.116829	20.5282	72.9785	-15.8436	-0.0118755	77.6512	64.0895	1.21161
748	0.000977526	0.116822	20.5259	72.9797	-15.8354	-0.0118744	77.6584	64.086	1.21178
749	0.000978814	0.116816	20.5237	72.9809	-15.8271	-0.0118732	77.6656	64.0826	1.21196
750	0.000980101	0.11681	20.5215	72.982	-15.8189	-0.0118721	77.6727	64.0794	1.21213
751	0.000981389	0.116804	20.5194	72.9831	-15.8107	-0.011871	77.6799	64.0762	1.2123
752	0.000982677	0.116799	20.5174	72.9841	-15.8026	-0.0118698	77.687	64.0732	1.21247
753	0.000983965	0.116793	20.5155	72.9851	-15.7945	-0.0118687	77.6942	64.0702	1.21264
754	0.000985253	0.116788	20.5136	72.986	-15.7866	-0.0118676	77.7013	64.0674	1.2128
755	0.000986541	0.116783	20.5118	72.987	-15.7786	-0.0118664	77.7083	64.0647	1.21297
756	0.000987829	0.116779	20.5101	72.9878	-15.7708	-0.0118653	77.7153	64.0621	1.21312
757	0.000989117	0.116774	20.5085	72.9887	-15.7631	-0.0118641	77.7222	64.0596	1.21328
758	0.000990405	0.11677	20.5069	72.9895	-15.7555	-0.0118629	77.729	64.0572	1.21343
759	0.000991693	0.116765	20.5053	72.9903	-15.748	-0.0118618	77.7358	64.0549	1.21358
760	0.000992981	0.116761	20.5038	72.9911	-15.7406	-0.0118606	77.7424	64.0526	1.21373
761	0.000994268	0.116757	20.5024	72.9918	-15.7334	-0.0118594	77.749	64.0504	1.21387
762	0.000995556	0.116754	20.501	72.9925	-15.7263	-0.0118582	77.7554	64.0483	1.21401
763	0.000996844	0.11675	20.4997	72.9932	-15.7194	-0.011857	77.7616	64.0463	1.21415
764	0.000998132	0.116746	20.4984	72.9939	-15.7126	-0.0118559	77.7678	64.0443	1.21428
765	0.00099942	0.116743	20.4971	72.9946	-15.706	-0.0118547	77.7738	64.0424	1.21441
766	0.00100071	0.116739	20.4959	72.9952	-15.6996	-0.0118535	77.7796	64.0406	1.21454
767	0.001002	0.116736	20.4947	72.9958	-15.6934	-0.0118522	77.7853	64.0388	1.21466
768	0.00100328	0.116733	20.4935	72.9964	-15.6873	-0.011851	77.7907	64.037	1.21478
769	0.00100457	0.11673	20.4924	72.997	-15.6815	-0.0118498	77.796	64.0353	1.21489
770	0.00100586	0.116727	20.4912	72.9976	-15.6758	-0.0118486	77.8012	64.0336	1.215
771	0.00100715	0.116724	20.4901	72.9982	-15.6704	-0.0118474	77.8061	64.032	1.21511
772	0.00100844	0.116721	20.4891	72.9987	-15.6651	-0.0118461	77.8108	64.0304	1.21522
773	0.00100972	0.116718	20.488	72.9993	-15.6601	-0.0118449	77.8154	64.0288	1.21532
774	0.00101101	0.116715	20.487	72.9998	-15.6553	-0.0118436	77.8197	64.0272	1.21542
775	0.0010123	0.116712	20.4859	73.0004	-15.6507	-0.0118424	77.8238	64.0257	1.21551
776	0.00101359	0.116709	20.4849	73.0009	-15.6463	-0.0118411	77.8277	64.0241	1.2156
777	0.00101488	0.116707	20.4839	73.0014	-15.6421	-0.0118399	77.8314	64.0226	1.21569
778	0.00101616	0.116704	20.4829	73.0019	-15.6382	-0.0118386	77.8348	64.0211	1.21577
779	0.00101745	0.116701	20.4819	73.0025	-15.6345	-0.0118373	77.8381	64.0197	1.21585
780	0.00101874	0.116699	20.481	73.003	-15.631	-0.011836	77.8411	64.0182	1.21592
781	0.00102003	0.116696	20.48	73.0035	-15.6278	-0.0118347	77.8438	64.0168	1.21599
782	0.00102132	0.116693	20.479	73.004	-15.6248	-0.0118334	77.8463	64.0153	1.21606
783	0.0010226	0.116691	20.4781	73.0045	-15.6221	-0.0118321	77.8486	64.0139	1.21612
784	0.00102389	0.116688	20.4771	73.005	-15.6197	-0.0118308	77.8506	64.0125	1.21618
785	0.00102518	0.116686	20.4762	73.0055	-15.6175	-0.0118294	77.8523	64.0111	1.21623
786	0.00102647	0.116683	20.4752	73.006	-15.6156	-0.0118281	77.8538	64.0097	1.21628
787	0.00102776	0.11668	20.4743	73.0065	-15.6139	-0.0118268	77.855	64.0083	1.21633
788	0.00102905	0.116678	20.4733	73.007	-15.6125	-0.0118254	77.8559	64.0068	1.21637
789	0.00103033	0.116675	20.4723	73.0075	-15.6114	-0.011824	77.8566	64.0054	1.21641
790	0.00103162	0.116673	20.4714	73.008	-15.6105	-0.0118227	77.857	64.0039	1.21644
791	0.00103291	0.11667	20.4704	73.0085	-15.61	-0.0118213	77.8571	64.0025	1.21647
792	0.0010342	0.116667	20.4694	73.009	-15.6096	-0.0118199	77.857	64.001	1.2165
793	0.00103549	0.116665	20.4684	73.0095	-15.6095	-0.0118185	77.8567	63.9996	1.21652
794	0.00103677	0.116662	20.4674	73.0101	-15.6096	-0.011817	77.856	63.9981	1.21654
795	0.00103806	0.116659	20.4665	73.0106	-15.61	-0.0118156	77.8552	63.9966	1.21655
796	0.00103935	0.116657	20.4655	73.0111	-15.6106	-0.0118142	77.8541	63.9952	1.21656
797	0.00104064	0.116654	20.4645	73.0116	-15.6115	-0.0118127	77.8527	63.9937	1.21657
798	0.00104193	0.116651	20.4635	73.0121	-15.6127	-0.0118112	77.8511	63.9923	1.21657
799	0.00104322	0.116649	20.4626	73.0126	-15.6142	-0.0118098	77.8492	63.9909	1.21657
800	0.0010445	0.116646	20.4617	73.0131	-15.6159	-0.0118083	77.847	63.9895	1.21656
801	0.00104579	0.116644	20.4608	73.0135	-15.6179	-0.0118068	77.8446	63.9881	1.21655
802	0.00104708	0.116641	20.4599	73.014	-15.6202	-0.0118053	77.8419	63.9867	1.21653
803	0.00104837	0.116639	20.459	73.0145	-15.6227	-0.0118037	77.839	63.9854	1.21651
804	0.00104966	0.116637	20.4582	73.0149	-15.6254	-0.0118022	77.8358	63.9842	1.21649
805	0.00105094	0.116634	20.4574	73.0153	-15.6284	-0.0118007	77.8324	63.983	1.21646
806	0.00105223	0.116632	20.4566	73.0157	-15.6317	-0.0117991	77.8288	63.9818	1.21642
807	0.00105352	0.11663	20.4559	73.0161	-15.6352	-0.0117975	77.825	63.9807	1.21638
808	0.00105481	0.116628	20.4551	73.0164	-15.6388	-0.011796	77.8209	63.9796	1.21634
809	0.0010561	0.116626	20.4545	73.0168	-15.6428	-0.0117944	77.8167	63.9786	1.21629
810	0.00105739	0.116625	20.4539	73.0171	-15.6469	-0.0117928	77.8123	63.9776	1.21624
811	0.00105867	0.116623	20.4533	73.0174	-15.6512	-0.0117911	77.8077	63.9767	1.21619
812	0.00105996	0.116621	20.4527	73.0177	-15.6557	-0.0117895	77.8029	63.9758	1.21613
813	0.00106125	0.11662	20.4522	73.0179	-15.6604	-0.0117879	77.7979	63.9751	1.21607
814	0.00106254	0.116619	20.4518	73.0181	-15.6653	-0.0117862	77.7928	63.9743	1.216
815	0.00106383	0.116617	20.4514	73.0183	-15.6704	-0.0117846	77.7875	63.9737	1.21593
816	0.00106512	0.116616	20.451	73.0185	-15.6757	-0.0117829	77.782	63.9731	1.21585
817	0.0010664	0.116616	20.4507	73.0187	-15.6812	-0.0117812	77.7764	63.9726	1.21578
818	0.00106769	0.116615	20.4505	73.0188	-15.6868	-0.0117795	77.7706	63.9722	1.21569
819	0.00106898	0.116614	20.4503	73.0189	-15.6927	-0.0117778	77.7646	63.9719	1.21561
820	0.00107027	0.116614	20.4501	73.019	-15.6987	-0.011776	77.7585	63.9716	1.21552
821	0.00107156	0.116613	20.45	73.019	-15.7049	-0.0117743	77.7522	63.9714	1.21542
822	0.00107285	0.116613	20.4499	73.0191	-15.7113	-0.0117725	77.7458	63.9712	1.21532
823	0.00107413	0.116613	20.4498	73.0191	-15.7179	-0.0117708	77.7392	63.9711	1.21522
824	0.00107542	0.116613	20.4498	73.0191	-15.7246	-0.011769	77.7325	63.971	1.21512
825	0.00107671	0.116613	20.4498	73.0191	-15.7314	-0.0117672	77.7256	63.971	1.21501
826	0.001078	0.116613	20.4498	73.019	-15.7385	-0.0117654	77.7186	63.9711	1.2149
827	0.00107929	0.116613	20.4499	73.019	-15.7457	-0.0117636	77.7115	63.9712	1.21479
828	0.00108058	0.116613	20.45	73.0189	-15.753	-0.0117618	77.7042	63.9713	1.21467
829	0.00108186	0.116613	20.4502	73.0188	-15.7605	-0.0117599	77.6968	63.9715	1.21455
830	0.00108315	0.116614	20.4504	73.0187	-15.768	-0.0117581	77.6893	63.9718	1.21443
831	0.00108444	0.116615	20.4506	73.0186	-15.7757	-0.0117562	77.6817	63.9721	1.21431
832	0.00108573	0.116615	20.4509	73.0184	-15.7835	-0.0117544	77.674	63.9725	1.21418
833	0.00108702	0.116616	20.4513	73.0182	-15.7914	-0.0117525	77.6663	63.973	1.21405
834	0.00108831	0.116617	20.4517	73.018	-15.7994	-0.0117506	77.6585	63.9736	1.21392
835	0.00108959	0.116618	20.4521	73.0177	-15.8075	-0.0117487	77.6506	63.9742	1.21378
836	0.00109088	0.11662	20.4526	73.0175	-15.8157	-0.0117468	77.6426	63.9749	1.21364
837	0.00109217	0.116621	20.4532	73.0172	-15.824	-0.0117449	77.6346	63.9757	1.2135
838	0.00109346	0.116623	20.4538	73.0168	-15.8323	-0.011743	77.6266	63.9765	1.21336
839	0.00109475	0.116624	20.4544	73.0165	-15.8407	-0.0117411	77.6184	63.9775	1.21322
840	0.00109604	0.116626	20.4551	73.0161	-15.8492	-0.0117391	77.6103	63.9785	1.21307
841	0.00109732	0.116628	20.4559	73.0157	-15.8577	-0.0117372	77.6021	63.9796	1.21292
842	0.00109861	0.11663	20.4567	73.0152	-15.8663	-0.0117353	77.594	63.9808	1.21277
843	0.0010999	0.116633	20.4576	73.0147	-15.8749	-0.0117334	77.5858	63.982	1.21262
844	0.00110119	0.116635	20.4586	73.0142	-15.8835	-0.0117314	77.5776	63.9834	1.21246
845	0.00110248	0.116638	20.4595	73.0137	-15.8921	-0.0117295	77.5694	63.9848	1.21231
846	0.00110377	0.11664	20.4606	73.0131	-15.9008	-0.0117276	77.5612	63.9863	1.21215
847	0.00110505	0.116643	20.4617	73.0126	-15.9095	-0.0117257	77.5531	63.9879	1.212
848	0.00110634	0.116646	20.4628	73.012	-15.9181	-0.0117238	77.5449	63.9896	1.21184
849	0.00110763	0.11665	20.464	73.0113	-15.9268	-0.0117219	77.5368	63.9913	1.21168
850	0.00110892	0.116653	20.4652	73.0107	-15.9354	-0.01172	77.5288	63.9931	1.21152
851	0.00111021	0.116656	20.4665	73.01	-15.944	-0.0117181	77.5208	63.9949	1.21136
852	0.0011115	0.11666	20.4678	73.0093	-15.9525	-0.0117162	77.5129	63.9969	1.2112
853	0.00111278	0.116663	20.4692	73.0086	-15.9609	-0.0117143	77.5051	63.9988	1.21104
854	0.00111407	0.116667	20.4705	73.0078	-15.9693	-0.0117125	77.4974	64.0009	1.21088
855	0.00111536	0.116671	20.4719	73.0071	-15.9776	-0.0117106	77.4898	64.0029	1.21072
856	0.00111665	0.116675	20.4734	73.0063	-15.9857	-0.0117088	77.4823	64.005	1.21057
857	0.00111794	0.116679	20.4748	73.0056	-15.9938	-0.011707	77.4749	64.0072	1.21041
858	0.00111923	0.116683	20.4763	73.0048	-16.0016	-0.0117052	77.4678	64.0094	1.21026
859	0.00112051	0.116687	20.4778	73.004	-16.0094	-0.0117034	77.4608	64.0116	1.21011
860	0.0011218	0.116691	20.4793	73.0032	-16.0169	-0.0117016	77.4539	64.0138	1.20996
861	0.00112309	0.116695	20.4808	73.0024	-16.0243	-0.0116999	77.4472	64.0161	1.20981
862	0.00112438	0.116699	20.4824	73.0016	-16.0315	-0.0116981	77.4408	64.0183	1.20967
863	0.00112567	0.116703	20.4839	73.0008	-16.0385	-0.0116964	77.4345	64.0206	1.20952
864	0.00112696	0.116707	20.4854	73	-16.0453	-0.0116947	77.4284	64.0229	1.20939
865	0.00112824	0.116711	20.4869	72.9992	-16.0519	-0.011693	77.4225	64.0252	1.20925
866	0.00112953	0.116715	20.4885	72.9984	-16.0583	-0.0116913	77.4169	64.0274	1.20912
867	0.00113082	0.11672	20.49	72.9976	-16.0643	-0.0116896	77.4116	64.0297	1.209
868	0.00113211	0.116724	20.4915	72.9968	-16.0701	-0.011688	77.4065	64.0319	1.20887
869	0.0011334	0.116728	20.4929	72.9961	-16.0756	-0.0116863	77.4017	64.0341	1.20876
870	0.00113469	0.116732	20.4944	72.9953	-16.0809	-0.0116847	77.3972	64.0363	1.20864
871	0.00113597	0.116736	20.4959	72.9945	-16.0858	-0.0116831	77.393	64.0385	1.20854
872	0.00113726	0.116739	20.4973	72.9938	-16.0904	-0.0116815	77.389	64.0406	1.20844
873	0.00113855	0.116743	20.4987	72.9931	-16.0947	-0.0116799	77.3854	64.0427	1.20834
874	0.00113984	0.116747	20.5001	72.9924	-16.0993	-0.0116784	77.3815	64.0448	1.20824
875	0.00114113	0.116751	20.5014	72.9917	-16.1033	-0.0116768	77.378	64.0468	1.20815
876	0.00114242	0.116754	20.5027	72.991	-16.1069	-0.0116753	77.3751	64.0488	1.20807
877	0.0011437	0.116758	20.504	72.9903	-16.1101	-0.0116738	77.3725	64.0507	1.20799
878	0.00114499	0.116761	20.5052	72.9897	-16.1129	-0.0116723	77.3704	64.0525	1.20792
879	0.00114628	0.116764	20.5064	72.9891	-16.1152	-0.0116708	77.3686	64.0543	1.20786
880	0.00114757	0.116768	20.5076	72.9885	-16.1172	-0.0116694	77.3671	64.0561	1.2078
881	0.00114886	0.116771	20.5087	72.9879	-16.1188	-0.011668	77.3661	64.0578	1.20775
882	0.00115014	0.116774	20.5098	72.9873	-16.1201	-0.0116666	77.3654	64.0594	1.20771
883	0.00115143	0.116777	20.5108	72.9868	-16.1211	-0.0116652	77.3649	64.061	1.20767
884	0.00115272	0.116779	20.5118	72.9863	-16.1217	-0.0116638	77.3647	64.0626	1.20764
885	0.00115401	0.116782	20.5128	72.9858	-16.1221	-0.0116625	77.3648	64.064	1.20762
886	0.0011553	0.116785	20.5138	72.9853	-16.1222	-0.0116612	77.3652	64.0655	1.2076
887	0.00115659	0.116787	20.5147	72.9848	-16.122	-0.0116599	77.3659	64.0669	1.20758
888	0.00115787	0.11679	20.5156	72.9844	-16.1214	-0.0116586	77.3668	64.0682	1.20757
889	0.00115916	0.116792	20.5164	72.9839	-16.1206	-0.0116574	77.368	64.0695	1.20756
890	0.00116045	0.116794	20.5173	72.9835	-16.1195	-0.0116562	77.3696	64.0708	1.20756
891	0.00116174	0.116797	20.5181	72.9831	-16.1181	-0.011655	77.3714	64.072	1.20757
892	0.00116303	0.116799	20.5189	72.9826	-16.1164	-0.0116538	77.3735	64.0732	1.20758
893	0.00116431	0.116801	20.5196	72.9822	-16.1144	-0.0116527	77.3759	64.0743	1.2076
894	0.0011656	0.116803	20.5204	72.9819	-16.112	-0.0116516	77.3786	64.0755	1.20762
895	0.00116689	0.116805	20.5211	72.9815	-16.1094	-0.0116504	77.3816	64.0766	1.20764
896	0.00116818	0.116807	20.5219	72.9811	-16.1065	-0.0116494	77.3849	64.0777	1.20767
897	0.00116947	0.116809	20.5226	72.9807	-16.1033	-0.0116483	77.3884	64.0788	1.20771
898	0.00117076	0.116811	20.5233	72.9803	-16.1008	-0.0116472	77.3912	64.0798	1.20773
899	0.00117204	0.116813	20.524	72.98	-16.0989	-0.0116461	77.3934	64.0809	1.20775
900	0.00117333	0.116815	20.5247	72.9796	-16.0961	-0.011645	77.3966	64.0819	1.20778
901	0.00117462	0.116817	20.5254	72.9792	-16.0924	-0.0116439	77.4006	64.083	1.20782
902	0.00117591	0.116819	20.5261	72.9789	-16.088	-0.0116429	77.4054	64.084	1.20787
903	0.0011772	0.11682	20.5268	72.9785	-16.0827	-0.0116419	77.4109	64.0851	1.20794
904	0.00117848	0.116822	20.5276	72.9781	-16.0767	-0.0116409	77.4173	64.0861	1.20802
905	0.00117977	0.116824	20.5283	72.9777	-16.07	-0.0116399	77.4244	64.0872	1.20811
906	0.00118106	0.116826	20.529	72.9773	-16.0625	-0.0116389	77.4322	64.0883	1.20821
907	0.00118235	0.116828	20.5298	72.9769	-16.0543	-0.0116379	77.4408	64.0894	1.20833
908	0.00118364	0.11683	20.5306	72.9765	-16.0453	-0.0116369	77.4502	64.0905	1.20845
909	0.00118493	0.116833	20.5314	72.9761	-16.0355	-0.0116359	77.4603	64.0917	1.20859
910	0.00118621	0.116835	20.5322	72.9756	-16.025	-0.011635	77.4712	64.0929	1.20873
911	0.0011875	0.116837	20.5331	72.9752	-16.0138	-0.011634	77.4828	64.0942	1.20889
912	0.00118879	0.116839	20.534	72.9747	-16.0019	-0.0116331	77.4951	64.0954	1.20906
913	0.00119008	0.116842	20.5349	72.9742	-15.9893	-0.0116321	77.5082	64.0968	1.20924
914	0.00119137	0.116844	20.5359	72.9737	-15.976	-0.0116312	77.5219	64.0982	1.20942
915	0.00119265	0.116847	20.5369	72.9731	-15.962	-0.0116303	77.5363	64.0997	1.20962
916	0.00119394	0.11685	20.5379	72.9726	-15.9475	-0.0116294	77.5514	64.1012	1.20983
917	0.00119523	0.116853	20.539	72.972	-15.9324	-0.0116285	77.567	64.1028	1.21004
918	0.00119652	0.116856	20.5402	72.9714	-15.9168	-0.0116276	77.5831	64.1044	1.21026
919	0.00119781	0.116859	20.5413	72.9707	-15.9008	-0.0116267	77.5997	64.1062	1.21049
920	0.00119909	0.116862	20.5426	72.9701	-15.8843	-0.0116258	77.6167	64.108	1.21072
921	0.00120038	0.116866	20.5439	72.9694	-15.8675	-0.011625	77.6341	64.1098	1.21096
922	0.00120167	0.116869	20.5452	72.9687	-15.8503	-0.0116242	77.6519	64.1118	1.2112
923	0.00120296	0.116873	20.5466	72.968	-15.8329	-0.0116233	77.67	64.1138	1.21144
924	0.00120425	0.116877	20.548	72.9672	-15.8152	-0.0116225	77.6884	64.1159	1.21169
925	0.00120553	0.116881	20.5495	72.9664	-15.7973	-0.0116216	77.707	64.118	1.21194
926	0.00120682	0.116885	20.551	72.9656	-15.7792	-0.0116208	77.7258	64.1202	1.21219
927	0.00120811	0.116889	20.5525	72.9648	-15.7609	-0.0116199	77.7448	64.1225	1.21244
928	0.0012094	0.116893	20.5541	72.9639	-15.7424	-0.0116191	77.764	64.1248	1.2127
929	0.00121069	0.116897	20.5558	72.9631	-15.7244	-0.0116182	77.7828	64.1272	1.21295
930	0.00121198	0.116902	20.5574	72.9622	-15.7054	-0.0116173	77.8026	64.1297	1.21321
931	0.00121326	0.116906	20.5592	72.9613	-15.6863	-0.0116164	77.8225	64.1322	1.21347
932	0.00121455	0.116911	20.5609	72.9603	-15.6678	-0.0116156	77.8418	64.1347	1.21372
933	0.00121584	0.116916	20.5627	72.9594	-15.6482	-0.0116147	77.8623	64.1374	1.21399
934	0.00121713	0.116921	20.5645	72.9584	-15.6285	-0.0116138	77.8828	64.14	1.21426
935	0.00121842	0.116926	20.5664	72.9574	-15.6095	-0.0116129	77.9027	64.1428	1.21452
936	0.0012197	0.116931	20.5683	72.9564	-15.5893	-0.011612	77.9238	64.1456	1.2148
937	0.00122099	0.116936	20.5702	72.9554	-15.5697	-0.0116111	77.9443	64.1484	1.21506
938	0.00122228	0.116941	20.5722	72.9544	-15.5492	-0.0116102	77.9657	64.1512	1.21534
939	0.00122357	0.116946	20.5741	72.9534	-15.5294	-0.0116092	77.9864	64.1542	1.21561
940	0.00122486	0.116952	20.5761	72.9523	-15.5088	-0.0116083	78.008	64.1571	1.21589
941	0.00122614	0.116957	20.5781	72.9512	-15.4884	-0.0116074	78.0294	64.1601	1.21617
942	0.00122743	0.116963	20.5802	72.9502	-15.469	-0.0116065	78.0497	64.163	1.21643
943	0.00122872	0.116968	20.5822	72.9491	-15.4501	-0.0116056	78.0696	64.166	1.21668
944	0.00123001	0.116974	20.5842	72.948	-15.4332	-0.0116047	78.0875	64.1691	1.2169
945	0.0012313	0.116979	20.5863	72.947	-15.4148	-0.0116037	78.1068	64.1721	1.21715
946	0.00123258	0.116985	20.5883	72.9459	-15.3954	-0.0116028	78.1272	64.1751	1.21741
947	0.00123387	0.11699	20.5904	72.9448	-15.3754	-0.0116018	78.1482	64.1781	1.21768
948	0.00123516	0.116996	20.5924	72.9438	-15.3549	-0.0116008	78.1696	64.1812	1.21795
949	0.00123645	0.117001	20.5944	72.9427	-15.334	-0.0115997	78.1915	64.1842	1.21824
950	0.00123774	0.117007	20.5965	72.9416	-15.3128	-0.0115987	78.2137	64.1872	1.21853
951	0.00123902	0.117012	20.5985	72.9405	-15.2912	-0.0115977	78.2363	64.1902	1.21882
952	0.00124031	0.117018	20.6006	72.9395	-15.2694	-0.0115967	78.259	64.1933	1.21912
953	0.0012416	0.117023	20.6026	72.9384	-15.2473	-0.0115957	78.2821	64.1963	1.21942
954	0.00124289	0.117029	20.6046	72.9374	-15.225	-0.0115946	78.3053	64.1993	1.21972
955	0.00124418	0.117034	20.6066	72.9363	-15.2025	-0.0115936	78.3288	64.2022	1.22003
956	0.00124546	0.117039	20.6086	72.9353	-15.1799	-0.0115926	78.3524	64.2052	1.22034
957	0.00124675	0.117045	20.6105	72.9343	-15.1571	-0.0115916	78.3761	64.2081	1.22066
958	0.00124804	0.11705	20.6124	72.9333	-15.1341	-0.0115906	78.4	64.211	1.22098
959	0.00124933	0.117055	20.6144	72.9323	-15.1109	-0.0115895	78.4241	64.2138	1.2213
960	0.00125062	0.11706	20.6163	72.9313	-15.0874	-0.0115885	78.4486	64.2166	1.22162
961	0.0012519	0.117065	20.6181	72.9303	-15.0636	-0.0115875	78.4733	64.2194	1.22195
962	0.00125319	0.117071	20.62	72.9293	-15.0395	-0.0115865	78.4983	64.2222	1.22229
963	0.00125448	0.117075	20.6218	72.9284	-15.015	-0.0115855	78.5236	64.225	1.22263
964	0.00125577	0.11708	20.6237	72.9274	-14.9903	-0.0115845	78.5492	64.2277	1.22298
965	0.00125705	0.117085	20.6254	72.9265	-14.9652	-0.0115835	78.5752	64.2303	1.22333
966	0.00125834	0.11709	20.6272	72.9256	-14.9398	-0.0115825	78.6014	64.233	1.22369
967	0.00125963	0.117095	20.6289	72.9247	-14.9142	-0.0115815	78.6279	64.2355	1.22406
968	0.00126092	0.117099	20.6306	72.9238	-14.8883	-0.0115806	78.6546	64.2381	1.22442
969	0.00126221	0.117104	20.6323	72.9229	-14.8621	-0.0115796	78.6815	64.2406	1.22479
970	0.00126349	0.117109	20.634	72.922	-14.8358	-0.0115787	78.7086	64.2431	1.22517
971	0.00126478	0.117113	20.6356	72.9212	-14.8092	-0.0115777	78.736	64.2455	1.22555
972	0.00126607	0.117117	20.6372	72.9204	-14.7825	-0.0115768	78.7635	64.2479	1.22593
973	0.00126736	0.117122	20.6387	72.9196	-14.7556	-0.0115758	78.7911	64.2502	1.22632
974	0.00126865	0.117126	20.6402	72.9188	-14.7286	-0.0115749	78.8188	64.2525	1.2267
975	0.00126993	0.11713	20.6417	72.918	-14.7015	-0.011574	78.8467	64.2547	1.2271
976	0.00127122	0.117134	20.6432	72.9173	-14.6743	-0.011573	78.8746	64.2569	1.22749
977	0.00127251	0.117138	20.6446	72.9165	-14.6473	-0.0115721	78.9023	64.259	1.22788
978	0.0012738	0.117141	20.646	72.9158	-14.6214	-0.0115711	78.9288	64.2611	1.22825
979	0.00127509	0.117145	20.6473	72.9151	-14.5949	-0.0115701	78.956	64.2631	1.22864
980	0.00127637	0.117149	20.6486	72.9144	-14.5677	-0.0115691	78.9838	64.2651	1.22903
981	0.00127766	0.117152	20.6499	72.9138	-14.5401	-0.0115681	79.012	64.267	1.22943
982	0.00127895	0.117155	20.6511	72.9132	-14.512	-0.0115671	79.0407	64.2688	1.22985
983	0.00128024	0.117159	20.6523	72.9125	-14.4834	-0.0115661	79.0698	64.2706	1.23026
984	0.00128153	0.117162	20.6534	72.912	-14.4546	-0.0115651	79.0992	64.2723	1.23069
985	0.00128281	0.117165	20.6545	72.9114	-14.4254	-0.0115642	79.1289	64.274	1.23112
986	0.0012841	0.117168	20.6556	72.9108	-14.3961	-0.0115632	79.1588	64.2756	1.23155
987	0.00128539	0.117171	20.6566	72.9103	-14.3665	-0.0115623	79.1888	64.2771	1.23199
988	0.00128668	0.117173	20.6576	72.9098	-14.3368	-0.0115613	79.219	64.2785	1.23243
989	0.00128797	0.117176	20.6585	72.9094	-14.3071	-0.0115604	79.2492	64.2799	1.23288
990	0.00128925	0.117178	20.6593	72.909	-14.2772	-0.0115595	79.2795	64.2812	1.23332
991	0.00129054	0.11718	20.6601	72.9085	-14.2473	-0.0115587	79.3098	64.2824	1.23377
992	0.00129183	0.117182	20.6608	72.9082	-14.2173	-0.0115578	79.3401	64.2836	1.23422
993	0.00129312	0.117184	20.6615	72.9078	-14.1874	-0.0115569	79.3704	64.2846	1.23467
994	0.0012944	0.117186	20.6621	72.9075	-14.1575	-0.0115561	79.4006	64.2856	1.23512
995	0.00129569	0.117188	20.6627	72.9073	-14.1276	-0.0115553	79.4308	64.2864	1.23558
996	0.00129698	0.117189	20.6632	72.907	-14.0978	-0.0115545	79.4609	64.2872	1.23603
997	0.00129827	0.11719	20.6636	72.9068	-14.068	-0.0115537	79.4908	64.2879	1.23648
998	0.00129956	0.117191	20.6639	72.9067	-14.0383	-0.0115529	79.5207	64.2885	1.23694
999	0.00130084	0.117192	20.6642	72.9065	-14.0088	-0.0115521	79.5504	64.2889	1.23739
1000	0.00130213	0.117193	20.6644	72.9065	-13.9793	-0.0115514	79.58	64.2893	1.23784
1001	0.00130342	0.117193	20.6645	72.9064	-13.95	-0.0115506	79.6094	64.2895	1.2383
1002	0.00130471	0.117193	20.6645	72.9064	-13.9208	-0.0115499	79.6386	64.2896	1.23875
1003	0.001306	0.117193	20.6644	72.9065	-13.8917	-0.0115492	79.6676	64.2895	1.2392
1004	0.00130728	0.117193	20.6642	72.9066	-13.8629	-0.0115485	79.6965	64.2893	1.23965
1005	0.00130857	0.117192	20.6639	72.9068	-13.8341	-0.0115478	79.7251	64.289	1.2401
1006	0.00130986	0.117191	20.6635	72.9071	-13.8056	-0.0115472	79.7534	64.2884	1.24056
1007	0.00131115	0.11719	20.6629	72.9074	-13.7772	-0.0115466	79.7816	64.2877	1.24101
1008	0.00131244	0.117188	20.6622	72.9078	-13.7489	-0.011546	79.8095	64.2867	1.24146
1009	0.00131372	0.117186	20.6613	72.9083	-13.7208	-0.0115455	79.8373	64.2856	1.24192
1010	0.00131501	0.117183	20.6603	72.9089	-13.6929	-0.0115449	79.8648	64.2842	1.24237
1011	0.0013163	0.11718	20.6591	72.9096	-13.6651	-0.0115444	79.892	64.2825	1.24283
1012	0.00131759	0.117177	20.6577	72.9104	-13.6374	-0.011544	79.9191	64.2806	1.24328
1013	0.00131887	0.117173	20.6561	72.9113	-13.6099	-0.0115435	79.9459	64.2784	1.24374
1014	0.00132016	0.117168	20.6543	72.9123	-13.5824	-0.0115431	79.9726	64.2759	1.24421
1015	0.00132145	0.117163	20.6523	72.9134	-13.555	-0.0115427	79.9991	64.2731	1.24467
1016	0.00132274	0.117158	20.65	72.9146	-13.5277	-0.0115423	80.0254	64.2699	1.24515
1017	0.00132403	0.117151	20.6475	72.916	-13.5003	-0.011542	80.0516	64.2664	1.24562
1018	0.00132531	0.117144	20.6447	72.9175	-13.473	-0.0115417	80.0777	64.2625	1.2461
1019	0.0013266	0.117136	20.6417	72.9192	-13.4457	-0.0115414	80.1036	64.2582	1.24659
1020	0.00132789	0.117128	20.6383	72.921	-13.4185	-0.0115411	80.1294	64.2535	1.24708
1021	0.00132918	0.117118	20.6347	72.923	-13.3912	-0.0115408	80.155	64.2483	1.24758
1022	0.00133047	0.117108	20.6307	72.9252	-13.364	-0.0115405	80.1804	64.2427	1.24809
1023	0.00133175	0.117097	20.6263	72.9276	-13.3367	-0.0115403	80.2056	64.2365	1.2486
1024	0.00133304	0.117084	20.6216	72.9302	-13.3095	-0.0115401	80.2307	64.2298	1.24912
1025	0.00133433	0.117071	20.6165	72.9329	-13.2822	-0.0115399	80.2557	64.2226	1.24965
1026	0.00133562	0.117057	20.611	72.9359	-13.2549	-0.0115397	80.2805	64.2148	1.25019
1027	0.00133691	0.117042	20.6051	72.9391	-13.2276	-0.0115396	80.3051	64.2063	1.25073
1028	0.00133819	0.117025	20.5988	72.9425	-13.2003	-0.0115394	80.3295	64.1973	1.25129
1029	0.00133948	0.117007	20.592	72.9462	-13.1729	-0.0115393	80.3538	64.1876	1.25186
1030	0.00134077	0.116988	20.5848	72.9501	-13.1455	-0.0115393	80.3779	64.1772	1.25244
1031	0.00134206	0.116968	20.577	72.9543	-13.1181	-0.0115392	80.4017	64.1661	1.25302
1032	0.00134334	0.116947	20.5688	72.9587	-13.0907	-0.0115392	80.4253	64.1543	1.25362
1033	0.00134463	0.116924	20.5601	72.9634	-13.0635	-0.0115393	80.4485	64.1418	1.25423
1034	0.00134592	0.1169	20.5509	72.9684	-13.0363	-0.0115393	80.4714	64.1285	1.25485
1035	0.00134721	0.116874	20.5412	72.9736	-13.0093	-0.0115394	80.494	64.1145	1.25547
1036	0.0013485	0.116847	20.531	72.9791	-12.9824	-0.0115395	80.5161	64.0997	1.25611
1037	0.00134978	0.116819	20.5202	72.9849	-12.9556	-0.0115397	80.5379	64.0841	1.25675
1038	0.00135107	0.116789	20.5088	72.991	-12.9291	-0.0115398	80.5592	64.0676	1.25741
1039	0.00135236	0.116757	20.4969	72.9974	-12.9027	-0.01154	80.5801	64.0504	1.25807
1040	0.00135365	0.116724	20.4845	73.004	-12.8765	-0.0115403	80.6005	64.0323	1.25875
1041	0.00135494	0.11669	20.4715	73.011	-12.8506	-0.0115405	80.6204	64.0134	1.25943
1042	0.00135622	0.116654	20.458	73.0182	-12.8249	-0.0115408	80.6398	63.9937	1.26012
1043	0.00135751	0.116616	20.4439	73.0258	-12.7994	-0.0115412	80.6587	63.9731	1.26082
1044	0.0013588	0.116577	20.4292	73.0336	-12.7741	-0.0115415	80.6771	63.9517	1.26153
1045	0.00136009	0.116537	20.4139	73.0417	-12.749	-0.0115419	80.6951	63.9294	1.26225
1046	0.00136138	0.116495	20.3981	73.0501	-12.7241	-0.0115424	80.7127	63.9063	1.26298
1047	0.00136266	0.116451	20.3818	73.0589	-12.6993	-0.0115429	80.7298	63.8823	1.26373
1048	0.00136395	0.116406	20.3649	73.0679	-12.6746	-0.0115435	80.7466	63.8575	1.26448
1049	0.00136524	0.116359	20.3474	73.0772	-12.65	-0.0115441	80.763	63.8319	1.26525
1050	0.00136653	0.116311	20.3294	73.0867	-12.6256	-0.0115447	80.779	63.8054	1.26602
1051	0.00136782	0.116261	20.3109	73.0966	-12.6013	-0.0115454	80.7947	63.7782	1.26681
1052	0.0013691	0.11621	20.2918	73.1067	-12.5772	-0.0115462	80.8098	63.7501	1.2676
1053	0.00137039	0.116157	20.2722	73.1171	-12.5533	-0.0115469	80.8245	63.7212	1.26841
1054	0.00137168	0.116103	20.2521	73.1278	-12.5295	-0.0115478	80.8388	63.6915	1.26923
1055	0.00137297	0.116047	20.2315	73.1387	-12.5059	-0.0115486	80.8528	63.661	1.27005
1056	0.00137426	0.115991	20.2104	73.1499	-12.4824	-0.0115496	80.8663	63.6298	1.27089
1057	0.00137555	0.115932	20.1889	73.1613	-12.459	-0.0115505	80.8796	63.5978	1.27174
1058	0.00137683	0.115873	20.1668	73.173	-12.4357	-0.0115515	80.8926	63.5651	1.27259
1059	0.00137812	0.115812	20.1443	73.1849	-12.4124	-0.0115526	80.9052	63.5317	1.27346
1060	0.00137941	0.11575	20.1214	73.197	-12.3892	-0.0115537	80.9176	63.4976	1.27434
1061	0.0013807	0.115686	20.0979	73.2094	-12.3656	-0.0115549	80.9301	63.4628	1.27524
1062	0.00138199	0.115621	20.0741	73.222	-12.3422	-0.0115561	80.9424	63.4273	1.27614
1063	0.00138328	0.115555	20.0498	73.2348	-12.3188	-0.0115573	80.9543	63.3911	1.27706
1064	0.00138456	0.115488	20.0251	73.2478	-12.2954	-0.0115587	80.966	63.3543	1.27799
1065	0.00138585	0.11542	20.0001	73.2611	-12.2722	-0.01156	80.9774	63.3168	1.27892
1066	0.00138714	0.115351	19.9746	73.2745	-12.249	-0.0115614	80.9886	63.2787	1.27987
1067	0.00138843	0.11528	19.9487	73.2882	-12.2259	-0.0115629	80.9994	63.24	1.28083
1068	0.00138972	0.115208	19.9224	73.302	-12.203	-0.0115643	81.0099	63.2007	1.28179
1069	0.00139101	0.115136	19.8958	73.3161	-12.1802	-0.0115659	81.0201	63.1608	1.28276
1070	0.0013923	0.115062	19.8688	73.3303	-12.1576	-0.0115674	81.03	63.1202	1.28374
1071	0.00139358	0.114987	19.8414	73.3447	-12.1351	-0.011569	81.0395	63.0792	1.28473
1072	0.00139487	0.114911	19.8137	73.3593	-12.1129	-0.0115707	81.0486	63.0376	1.28572
1073	0.00139616	0.114834	19.7857	73.3741	-12.0909	-0.0115723	81.0573	62.9954	1.28672
1074	0.00139745	0.114756	19.7574	73.389	-12.0691	-0.0115741	81.0657	62.9527	1.28772
1075	0.00139874	0.114677	19.7287	73.4041	-12.0475	-0.0115758	81.0737	62.9095	1.28874
1076	0.00140003	0.114598	19.6997	73.4193	-12.0262	-0.0115777	81.0813	62.8657	1.28975
1077	0.00140132	0.114517	19.6704	73.4347	-12.0051	-0.0115795	81.0885	62.8215	1.29078
1078	0.00140261	0.114436	19.6408	73.4503	-11.9843	-0.0115814	81.0953	62.7767	1.2918
1079	0.00140389	0.114353	19.6109	73.466	-11.9637	-0.0115833	81.1017	62.7315	1.29284
1080	0.00140518	0.11427	19.5808	73.4819	-11.9433	-0.0115853	81.1078	62.6858	1.29388
1081	0.00140647	0.114186	19.5503	73.4979	-11.9232	-0.0115873	81.1135	62.6396	1.29492
1082	0.00140776	0.114101	19.5196	73.514	-11.9032	-0.0115894	81.1188	62.593	1.29597
1083	0.00140905	0.114015	19.4886	73.5303	-11.8837	-0.0115915	81.1236	62.5459	1.29703
1084	0.00141034	0.113928	19.4574	73.5467	-11.866	-0.0115936	81.1265	62.4983	1.29806
1085	0.00141163	0.113841	19.4259	73.5633	-11.8481	-0.0115957	81.1295	62.4503	1.2991
1086	0.00141291	0.113752	19.3941	73.58	-11.8299	-0.0115979	81.1326	62.4019	1.30016
1087	0.0014142	0.113663	19.362	73.5968	-11.8115	-0.0116001	81.1357	62.353	1.30123
1088	0.00141549	0.113573	19.3298	73.6137	-11.7931	-0.0116024	81.1388	62.3037	1.30231
1089	0.00141678	0.113482	19.2972	73.6308	-11.7748	-0.0116046	81.1417	62.2539	1.3034
1090	0.00141807	0.113391	19.2644	73.648	-11.7565	-0.011607	81.1444	62.2037	1.30449
1091	0.00141936	0.113299	19.2314	73.6654	-11.7383	-0.0116094	81.1468	62.153	1.3056
1092	0.00142065	0.113205	19.1981	73.6828	-11.7203	-0.0116118	81.1491	62.102	1.30671
1093	0.00142193	0.113112	19.1646	73.7004	-11.7024	-0.0116143	81.151	62.0504	1.30782
1094	0.00142322	0.113017	19.1308	73.7181	-11.6847	-0.0116168	81.1526	61.9985	1.30894
1095	0.00142451	0.112921	19.0968	73.736	-11.6673	-0.0116193	81.1539	61.9461	1.31007
1096	0.0014258	0.112825	19.0625	73.754	-11.65	-0.0116219	81.1549	61.8932	1.31121
1097	0.00142709	0.112728	19.028	73.7721	-11.6329	-0.0116246	81.1555	61.84	1.31235
1098	0.00142838	0.11263	18.9932	73.7903	-11.616	-0.0116272	81.1559	61.7862	1.31349
1099	0.00142967	0.112531	18.9582	73.8086	-11.5993	-0.01163	81.156	61.7321	1.31465
1100	0.00143096	0.112432	18.9229	73.8271	-11.5827	-0.0116327	81.1558	61.6774	1.31581
1101	0.00143224	0.112331	18.8874	73.8457	-11.5662	-0.0116356	81.1553	61.6224	1.31698
1102	0.00143353	0.11223	18.8517	73.8645	-11.5499	-0.0116384	81.1546	61.5669	1.31815
1103	0.00143482	0.112128	18.8157	73.8833	-11.5337	-0.0116414	81.1537	61.5109	1.31934
1104	0.00143611	0.112025	18.7794	73.9023	-11.5176	-0.0116444	81.1525	61.4545	1.32053
1105	0.0014374	0.111921	18.743	73.9215	-11.5017	-0.0116474	81.151	61.3976	1.32173
1106	0.00143869	0.111817	18.7062	73.9407	-11.4861	-0.0116505	81.1492	61.3402	1.32294
1107	0.00143998	0.111712	18.6692	73.9601	-11.4706	-0.0116536	81.147	61.2824	1.32415
1108	0.00144127	0.111605	18.632	73.9796	-11.4554	-0.0116568	81.1445	61.2241	1.32537
1109	0.00144255	0.111498	18.5945	73.9992	-11.4405	-0.0116601	81.1416	61.1654	1.32659
1110	0.00144384	0.11139	18.5567	74.019	-11.4258	-0.0116634	81.1383	61.1062	1.32782
1111	0.00144513	0.111282	18.5187	74.0389	-11.4114	-0.0116668	81.1345	61.0465	1.32906
1112	0.00144642	0.111172	18.4805	74.0589	-11.3973	-0.0116702	81.1304	60.9864	1.3303
1113	0.00144771	0.111062	18.442	74.079	-11.3836	-0.0116737	81.1258	60.9258	1.33155
1114	0.001449	0.11095	18.4033	74.0993	-11.3702	-0.0116772	81.1207	60.8648	1.3328
1115	0.00145029	0.110838	18.3644	74.1196	-11.3571	-0.0116807	81.1152	60.8033	1.33406
1116	0.00145158	0.110725	18.3252	74.1401	-11.3444	-0.0116843	81.1092	60.7413	1.33532
1117	0.00145286	0.110611	18.2858	74.1608	-11.332	-0.0116879	81.1028	60.6789	1.33659
1118	0.00145415	0.110497	18.2461	74.1815	-11.3199	-0.0116916	81.096	60.616	1.33786
1119	0.00145544	0.110381	18.2062	74.2024	-11.3082	-0.0116953	81.0887	60.5527	1.33914
1120	0.00145673	0.110265	18.1661	74.2233	-11.2967	-0.011699	81.0811	60.489	1.34043
1121	0.00145802	0.110148	18.1258	74.2444	-11.2854	-0.0117028	81.073	60.4248	1.34172
1122	0.00145931	0.11003	18.0852	74.2656	-11.2744	-0.0117066	81.0647	60.3602	1.34302
1123	0.0014606	0.109912	18.0445	74.2869	-11.2636	-0.0117104	81.056	60.2952	1.34432
1124	0.00146189	0.109793	18.0036	74.3083	-11.253	-0.0117143	81.0471	60.2298	1.34563
1125	0.00146317	0.109673	17.9625	74.3297	-11.2425	-0.0117182	81.038	60.164	1.34695
1126	0.00146446	0.109552	17.9212	74.3513	-11.2321	-0.0117221	81.0287	60.0979	1.34828
1127	0.00146575	0.109431	17.8797	74.3729	-11.2217	-0.011726	81.0192	60.0314	1.34961
1128	0.00146704	0.109309	17.8381	74.3947	-11.2115	-0.01173	81.0096	59.9645	1.35096
1129	0.00146833	0.109187	17.7963	74.4165	-11.2012	-0.0117341	80.9998	59.8973	1.35231
1130	0.00146962	0.109063	17.7543	74.4384	-11.191	-0.0117381	80.9899	59.8297	1.35367
1131	0.00147091	0.10894	17.7122	74.4604	-11.1808	-0.0117422	80.98	59.7618	1.35505
1132	0.0014722	0.108815	17.6699	74.4824	-11.1706	-0.0117464	80.97	59.6935	1.35643
1133	0.00147348	0.10869	17.6275	74.5046	-11.1603	-0.0117506	80.96	59.6249	1.35782
1134	0.00147477	0.108564	17.5849	74.5268	-11.15	-0.0117548	80.9499	59.556	1.35922
1135	0.00147606	0.108438	17.5421	74.5491	-11.1397	-0.0117591	80.9397	59.4867	1.36064
1136	0.00147735	0.108311	17.4992	74.5714	-11.1294	-0.0117634	80.9295	59.4171	1.36206
1137	0.00147864	0.108184	17.4562	74.5939	-11.119	-0.0117677	80.9193	59.3471	1.36349
1138	0.00147993	0.108056	17.413	74.6164	-11.1087	-0.0117721	80.9089	59.2769	1.36493
1139	0.00148122	0.107927	17.3697	74.639	-11.0984	-0.0117766	80.8985	59.2063	1.36638
1140	0.00148251	0.107798	17.3262	74.6616	-11.0881	-0.011781	80.8879	59.1355	1.36784
1141	0.0014838	0.107668	17.2827	74.6843	-11.078	-0.0117855	80.8772	59.0643	1.36931
1142	0.00148508	0.107538	17.239	74.7071	-11.0679	-0.0117901	80.8664	58.9928	1.37078
1143	0.00148637	0.107407	17.1952	74.7299	-11.0579	-0.0117947	80.8553	58.9211	1.37226
1144	0.00148766	0.107276	17.1512	74.7528	-11.0481	-0.0117993	80.8441	58.849	1.37375
1145	0.00148895	0.107144	17.1072	74.7757	-11.0384	-0.0118039	80.8327	58.7767	1.37525
1146	0.00149024	0.107012	17.0631	74.7987	-11.0289	-0.0118086	80.821	58.7041	1.37675
1147	0.00149153	0.106879	17.0188	74.8217	-11.0195	-0.0118133	80.8092	58.6313	1.37826
1148	0.00149282	0.106745	16.9745	74.8448	-11.0103	-0.0118181	80.7972	58.5581	1.37978
1149	0.00149411	0.106612	16.9301	74.8679	-11.0018	-0.0118228	80.7843	58.4848	1.38129
1150	0.0014954	0.106478	16.8856	74.891	-10.9932	-0.0118276	80.7716	58.4112	1.38281
1151	0.00149668	0.106343	16.841	74.9142	-10.9845	-0.0118324	80.759	58.3374	1.38434
1152	0.00149797	0.106208	16.7964	74.9374	-10.9756	-0.0118372	80.7465	58.2633	1.38589
1153	0.00149926	0.106073	16.7518	74.9607	-10.9665	-0.011842	80.734	58.1891	1.38744
1154	0.00150055	0.105937	16.707	74.9839	-10.9574	-0.0118469	80.7217	58.1147	1.38901
1155	0.00150184	0.105801	16.6623	75.0072	-10.9481	-0.0118518	80.7095	58.0401	1.39058
1156	0.00150313	0.105665	16.6175	75.0304	-10.9387	-0.0118568	80.6974	57.9653	1.39217
1157	0.00150442	0.105528	16.5727	75.0537	-10.9291	-0.0118618	80.6855	57.8905	1.39376
1158	0.00150571	0.105392	16.528	75.077	-10.9194	-0.0118668	80.6736	57.8154	1.39536
1159	0.001507	0.105255	16.4832	75.1002	-10.9096	-0.0118718	80.6619	57.7403	1.39698
1160	0.00150829	0.105117	16.4384	75.1235	-10.8998	-0.0118769	80.6502	57.6651	1.3986
1161	0.00150957	0.10498	16.3937	75.1467	-10.8898	-0.0118821	80.6386	57.5897	1.40023
1162	0.00151086	0.104843	16.349	75.1699	-10.8798	-0.0118872	80.6271	57.5144	1.40186
1163	0.00151215	0.104705	16.3043	75.193	-10.8698	-0.0118924	80.6157	57.439	1.4035
1164	0.00151344	0.104568	16.2597	75.2162	-10.8597	-0.0118977	80.6043	57.3635	1.40515
1165	0.00151473	0.10443	16.2152	75.2392	-10.8496	-0.011903	80.5929	57.2881	1.4068
1166	0.00151602	0.104293	16.1709	75.2622	-10.8395	-0.0119083	80.5817	57.2127	1.40846
1167	0.00151731	0.104156	16.1266	75.2852	-10.8294	-0.0119136	80.5704	57.1374	1.41012
1168	0.0015186	0.104018	16.0824	75.3081	-10.8193	-0.011919	80.5592	57.0622	1.41178
1169	0.00151989	0.103882	16.0384	75.3308	-10.8093	-0.0119244	80.5481	56.987	1.41345
1170	0.00152118	0.103745	15.9946	75.3535	-10.7992	-0.0119299	80.537	56.9121	1.41511
1171	0.00152247	0.103608	15.951	75.3761	-10.7891	-0.0119354	80.526	56.8373	1.41678
1172	0.00152375	0.103473	15.9076	75.3985	-10.7791	-0.0119409	80.5151	56.7627	1.41845
1173	0.00152504	0.103337	15.8645	75.4208	-10.769	-0.0119464	80.5043	56.6886	1.42012
1174	0.00152632	0.103203	15.8218	75.4429	-10.759	-0.011952	80.4937	56.6149	1.42178
1175	0.0015276	0.10307	15.7794	75.4647	-10.7491	-0.0119575	80.4831	56.5416	1.42343
1176	0.00152887	0.102937	15.7374	75.4864	-10.7391	-0.0119631	80.4727	56.4689	1.42508
1177	0.00153015	0.102805	15.6959	75.5078	-10.7293	-0.0119687	80.4624	56.3967	1.42672
1178	0.00153142	0.102675	15.6548	75.529	-10.7195	-0.0119743	80.4523	56.3253	1.42835
1179	0.00153269	0.102546	15.6141	75.55	-10.7097	-0.0119799	80.4424	56.2545	1.42997
1180	0.00153395	0.102418	15.574	75.5706	-10.7	-0.0119855	80.4326	56.1844	1.43158
1181	0.00153522	0.102292	15.5343	75.5911	-10.6904	-0.0119912	80.423	56.115	1.43318
1182	0.00153648	0.102167	15.4951	75.6113	-10.6808	-0.0119969	80.4136	56.0464	1.43477
1183	0.00153774	0.102043	15.4564	75.6312	-10.6713	-0.0120027	80.4043	55.9785	1.43634
1184	0.001539	0.101921	15.4182	75.6509	-10.6619	-0.0120084	80.3951	55.9114	1.4379
1185	0.00154026	0.1018	15.3805	75.6703	-10.6525	-0.0120142	80.3862	55.845	1.43945
1186	0.00154151	0.10168	15.3432	75.6894	-10.643	-0.0120201	80.3776	55.7794	1.44099
1187	0.00154276	0.101562	15.3065	75.7083	-10.6336	-0.0120259	80.3692	55.7146	1.44252
1188	0.00154401	0.101445	15.2703	75.7269	-10.6242	-0.0120318	80.361	55.6506	1.44403
1189	0.00154526	0.10133	15.2346	75.7453	-10.615	-0.0120378	80.3528	55.5873	1.44552
1190	0.0015465	0.101216	15.1994	75.7634	-10.6059	-0.0120437	80.3448	55.5249	1.447
1191	0.00154775	0.101104	15.1647	75.7812	-10.5969	-0.0120497	80.3369	55.4633	1.44847
1192	0.00154899	0.100993	15.1306	75.7988	-10.5881	-0.0120557	80.3292	55.4026	1.44992
1193	0.00155023	0.100884	15.0969	75.816	-10.5794	-0.0120617	80.3215	55.3426	1.45135
1194	0.00155146	0.100776	15.0638	75.833	-10.5709	-0.0120677	80.3139	55.2835	1.45276
1195	0.0015527	0.10067	15.0312	75.8498	-10.5626	-0.0120738	80.3063	55.2253	1.45416
1196	0.00155393	0.100565	14.9991	75.8662	-10.5545	-0.0120798	80.2988	55.1679	1.45553
1197	0.00155516	0.100462	14.9676	75.8824	-10.5467	-0.0120859	80.2912	55.1114	1.45689
1198	0.00155639	0.100361	14.9366	75.8983	-10.5391	-0.0120921	80.2837	55.0558	1.45823
1199	0.00155762	0.100261	14.9061	75.914	-10.5319	-0.0120982	80.2761	55.001	1.45954
1200	0.00155884	0.100163	14.8762	75.9293	-10.5249	-0.0121043	80.2685	54.9471	1.46083
1201	0.00156006	0.100066	14.8468	75.9444	-10.5182	-0.0121105	80.2608	54.8942	1.4621
1202	0.00156128	0.0999715	14.8179	75.9592	-10.5118	-0.0121167	80.2532	54.8421	1.46335
1203	0.0015625	0.0998783	14.7896	75.9737	-10.5057	-0.0121229	80.2455	54.791	1.46458
1204	0.00156372	0.0997868	14.7619	75.9879	-10.4998	-0.0121291	80.2378	54.7408	1.46578
1205	0.00156493	0.099697	14.7347	76.0017	-10.4942	-0.0121353	80.2302	54.6915	1.46696
1206	0.00156614	0.0996092	14.7082	76.0153	-10.4889	-0.0121415	80.2225	54.6433	1.46811
1207	0.00156736	0.0995232	14.6823	76.0286	-10.4838	-0.0121478	80.2148	54.5962	1.46924
1208	0.00156856	0.0994392	14.6569	76.0415	-10.4791	-0.0121541	80.2072	54.5501	1.47034
1209	0.00156977	0.0993571	14.6322	76.0541	-10.4747	-0.0121604	80.1995	54.505	1.47141
1210	0.00157098	0.0992768	14.6081	76.0665	-10.4707	-0.0121667	80.1917	54.461	1.47246
1211	0.00157218	0.0991984	14.5845	76.0785	-10.4671	-0.0121731	80.1838	54.418	1.47348
1212	0.00157338	0.0991218	14.5615	76.0902	-10.4638	-0.0121795	80.1758	54.376	1.47447
1213	0.00157458	0.099047	14.5391	76.1017	-10.4608	-0.0121859	80.1678	54.3349	1.47544
1214	0.00157578	0.0989739	14.5172	76.1128	-10.4582	-0.0121923	80.1597	54.2949	1.47638
1215	0.00157697	0.0989027	14.4959	76.1237	-10.456	-0.0121987	80.1514	54.2558	1.47729
1216	0.00157817	0.0988331	14.4751	76.1343	-10.4542	-0.0122051	80.1431	54.2176	1.47817
1217	0.00157936	0.0987653	14.4549	76.1447	-10.4528	-0.0122115	80.1346	54.1804	1.47903
1218	0.00158055	0.0986992	14.4352	76.1547	-10.4517	-0.012218	80.1259	54.1441	1.47986
1219	0.00158174	0.0986347	14.4159	76.1645	-10.4511	-0.0122244	80.1171	54.1088	1.48067
1220	0.00158292	0.0985719	14.3972	76.1741	-10.4509	-0.0122309	80.1081	54.0743	1.48145
1221	0.00158411	0.0985107	14.379	76.1834	-10.4511	-0.0122374	80.099	54.0407	1.4822
1222	0.00158529	0.0984511	14.3613	76.1924	-10.4518	-0.0122439	80.0896	54.0081	1.48292
1223	0.00158647	0.0983931	14.344	76.2012	-10.4529	-0.0122504	80.0801	53.9762	1.48362
1224	0.00158765	0.0983365	14.3272	76.2098	-10.4543	-0.0122569	80.0704	53.9452	1.48429
1225	0.00158883	0.0982814	14.3108	76.2181	-10.4562	-0.0122634	80.0605	53.915	1.48494
1226	0.00159001	0.0982278	14.2949	76.2262	-10.4585	-0.01227	80.0504	53.8855	1.48556
1227	0.00159118	0.0981754	14.2794	76.2342	-10.4611	-0.0122765	80.0401	53.8568	1.48617
1228	0.00159236	0.0981243	14.2642	76.2419	-10.4642	-0.012283	80.0297	53.8288	1.48674
1229	0.00159353	0.0980747	14.2495	76.2494	-10.4675	-0.0122895	80.0191	53.8015	1.4873
1230	0.0015947	0.0980264	14.2353	76.2566	-10.4713	-0.012296	80.0083	53.7751	1.48783
1231	0.00159587	0.0979797	14.2215	76.2636	-10.4753	-0.0123026	79.9975	53.7494	1.48834
1232	0.00159703	0.0979345	14.2082	76.2704	-10.4796	-0.0123091	79.9866	53.7246	1.48883
1233	0.0015982	0.0978909	14.1954	76.2769	-10.4842	-0.0123156	79.9757	53.7007	1.48928
1234	0.00159936	0.097849	14.1831	76.2831	-10.4891	-0.0123221	79.9647	53.6777	1.48972
1235	0.00160053	0.0978089	14.1714	76.289	-10.4942	-0.0123285	79.9538	53.6557	1.49013
1236	0.00160169	0.0977708	14.1603	76.2945	-10.4995	-0.012335	79.943	53.6348	1.49051
1237	0.00160285	0.0977347	14.1498	76.2998	-10.5049	-0.0123415	79.9323	53.6151	1.49086
1238	0.001604	0.0977009	14.14	76.3047	-10.5105	-0.0123479	79.9218	53.5965	1.49118
1239	0.00160516	0.0976693	14.1309	76.3092	-10.5163	-0.0123543	79.9115	53.5792	1.49147
1240	0.00160631	0.09764	14.1225	76.3134	-10.5221	-0.0123607	79.9014	53.5631	1.49172
1241	0.00160747	0.0976129	14.1147	76.3172	-10.5281	-0.0123671	79.8914	53.5482	1.49195
1242	0.00160862	0.097588	14.1076	76.3208	-10.5342	-0.0123735	79.8818	53.5346	1.49215
1243	0.00160977	0.0975653	14.1011	76.3239	-10.5404	-0.0123799	79.8723	53.5221	1.49232
1244	0.00161092	0.0975447	14.0953	76.3268	-10.5466	-0.0123862	79.8631	53.5108	1.49247
1245	0.00161207	0.0975262	14.09	76.3293	-10.5529	-0.0123925	79.8541	53.5007	1.49258
1246	0.00161321	0.0975099	14.0854	76.3316	-10.5592	-0.0123988	79.8454	53.4917	1.49267
1247	0.00161436	0.0974955	14.0814	76.3335	-10.5656	-0.012405	79.8369	53.4838	1.49273
1248	0.0016155	0.0974831	14.078	76.3351	-10.5719	-0.0124113	79.8288	53.477	1.49277
1249	0.00161664	0.0974727	14.0752	76.3364	-10.5783	-0.0124175	79.8209	53.4713	1.49278
1250	0.00161778	0.0974641	14.0728	76.3375	-10.5846	-0.0124236	79.8133	53.4666	1.49277
1251	0.00161892	0.0974572	14.071	76.3384	-10.5909	-0.0124298	79.806	53.4628	1.49274
1252	0.00162006	0.0974518	14.0695	76.339	-10.5972	-0.0124359	79.799	53.4599	1.49269
1253	0.0016212	0.0974476	14.0684	76.3395	-10.6033	-0.012442	79.7922	53.4576	1.49263
1254	0.00162233	0.0974446	14.0677	76.3398	-10.6094	-0.0124481	79.7856	53.4559	1.49255
1255	0.00162347	0.0974426	14.0672	76.34	-10.6154	-0.0124541	79.7793	53.4548	1.49246
1256	0.0016246	0.0974418	14.0671	76.3399	-10.6213	-0.0124601	79.7733	53.4543	1.49236
1257	0.00162573	0.097442	14.0673	76.3397	-10.627	-0.0124661	79.7676	53.4545	1.49225
1258	0.00162686	0.0974434	14.0679	76.3394	-10.6327	-0.0124721	79.7621	53.4552	1.49213
1259	0.00162799	0.0974457	14.0687	76.3389	-10.6381	-0.012478	79.757	53.4565	1.492
1260	0.00162912	0.0974491	14.0698	76.3382	-10.6435	-0.0124839	79.7521	53.4584	1.49185
1261	0.00163025	0.0974534	14.0712	76.3374	-10.6486	-0.0124898	79.7476	53.4607	1.4917
1262	0.00163137	0.0974587	14.0729	76.3365	-10.6536	-0.0124957	79.7433	53.4636	1.49154
1263	0.0016325	0.0974648	14.0749	76.3354	-10.6584	-0.0125016	79.7394	53.467	1.49138
1264	0.00163362	0.0974719	14.0771	76.3342	-10.6629	-0.0125074	79.7359	53.4709	1.4912
1265	0.00163475	0.0974798	14.0796	76.3329	-10.6672	-0.0125132	79.7327	53.4752	1.49102
1266	0.00163587	0.0974886	14.0823	76.3314	-10.6712	-0.012519	79.7299	53.48	1.49084
1267	0.00163699	0.0974982	14.0852	76.3298	-10.675	-0.0125248	79.7275	53.4853	1.49064
1268	0.00163811	0.0975086	14.0885	76.3281	-10.6785	-0.0125306	79.7255	53.491	1.49045
1269	0.00163922	0.0975198	14.0919	76.3263	-10.6817	-0.0125363	79.724	53.4972	1.49025
1270	0.00164034	0.0975319	14.0956	76.3243	-10.6845	-0.0125421	79.7228	53.5038	1.49004
1271	0.00164146	0.0975447	14.0996	76.3222	-10.687	-0.0125478	79.7222	53.5108	1.48983
1272	0.00164257	0.0975584	14.1037	76.32	-10.6892	-0.0125535	79.722	53.5183	1.48962
1273	0.00164369	0.0975729	14.1082	76.3176	-10.6909	-0.0125592	79.7223	53.5263	1.48941
1274	0.0016448	0.0975882	14.1128	76.3152	-10.6923	-0.0125649	79.7231	53.5346	1.48919
1275	0.00164591	0.0976042	14.1177	76.3126	-10.6933	-0.0125705	79.7244	53.5435	1.48897
1276	0.00164702	0.0976211	14.1229	76.3099	-10.6939	-0.0125762	79.7263	53.5527	1.48874
1277	0.00164813	0.0976387	14.1283	76.307	-10.694	-0.0125818	79.7287	53.5624	1.48852
1278	0.00164924	0.0976571	14.1339	76.3041	-10.6937	-0.0125874	79.7317	53.5725	1.4883
1279	0.00165035	0.0976764	14.1397	76.301	-10.6929	-0.0125931	79.7352	53.583	1.48807
1280	0.00165146	0.0976964	14.1458	76.2978	-10.6917	-0.0125987	79.7393	53.594	1.48784
1281	0.00165256	0.0977172	14.1521	76.2945	-10.69	-0.0126043	79.744	53.6054	1.48761
1282	0.00165367	0.0977387	14.1587	76.291	-10.6878	-0.0126099	79.7493	53.6173	1.48738
1283	0.00165477	0.0977611	14.1655	76.2875	-10.6851	-0.0126154	79.7552	53.6295	1.48715
1284	0.00165588	0.0977841	14.1725	76.2838	-10.682	-0.012621	79.7616	53.6422	1.48692
1285	0.00165698	0.0978079	14.1797	76.28	-10.6784	-0.0126266	79.7687	53.6552	1.48669
1286	0.00165808	0.0978324	14.1871	76.2761	-10.6743	-0.0126322	79.7763	53.6686	1.48646
1287	0.00165918	0.0978576	14.1947	76.2721	-10.6697	-0.0126378	79.7846	53.6824	1.48623
1288	0.00166028	0.0978834	14.2026	76.268	-10.6646	-0.0126433	79.7933	53.6966	1.486
1289	0.00166138	0.0979099	14.2106	76.2638	-10.6591	-0.0126489	79.8027	53.7112	1.48578
1290	0.00166248	0.0979371	14.2189	76.2595	-10.6531	-0.0126545	79.8127	53.7261	1.48555
1291	0.00166358	0.097965	14.2273	76.2551	-10.6466	-0.0126601	79.8232	53.7414	1.48532
1292	0.00166468	0.0979934	14.2359	76.2506	-10.6397	-0.0126658	79.8342	53.757	1.4851
1293	0.00166578	0.0980225	14.2447	76.246	-10.6323	-0.0126714	79.8458	53.7729	1.48487
1294	0.00166687	0.0980522	14.2537	76.2414	-10.6245	-0.012677	79.8579	53.7892	1.48465
1295	0.00166797	0.0980824	14.2629	76.2366	-10.6162	-0.0126827	79.8706	53.8058	1.48442
1296	0.00166906	0.0981132	14.2722	76.2317	-10.6075	-0.0126883	79.8838	53.8227	1.4842
1297	0.00167016	0.0981445	14.2817	76.2268	-10.5983	-0.012694	79.8975	53.8398	1.48398
1298	0.00167125	0.0981763	14.2913	76.2218	-10.5887	-0.0126997	79.9117	53.8573	1.48377
1299	0.00167234	0.0982086	14.3011	76.2167	-10.5787	-0.0127054	79.9264	53.875	1.48355
1300	0.00167343	0.0982413	14.311	76.2115	-10.5682	-0.0127111	79.9417	53.893	1.48334
1301	0.00167452	0.0982745	14.3211	76.2063	-10.5573	-0.0127168	79.9574	53.9112	1.48313
1302	0.00167561	0.0983081	14.3312	76.201	-10.5459	-0.0127226	79.9737	53.9296	1.48293
1303	0.0016767	0.098342	14.3415	76.1957	-10.5341	-0.0127283	79.9904	53.9482	1.48273
1304	0.00167779	0.0983764	14.3519	76.1903	-10.5218	-0.0127341	80.0077	53.967	1.48253
1305	0.00167888	0.0984111	14.3625	76.1848	-10.5091	-0.0127399	80.0254	53.9861	1.48233
1306	0.00167997	0.0984463	14.3731	76.1793	-10.496	-0.0127457	80.0436	54.0054	1.48214
1307	0.00168106	0.0984818	14.3839	76.1737	-10.4825	-0.0127516	80.0624	54.0249	1.48195
1308	0.00168214	0.0985178	14.3949	76.168	-10.4684	-0.0127575	80.0816	54.0446	1.48177
1309	0.00168323	0.0985542	14.4059	76.1622	-10.454	-0.0127634	80.1014	54.0646	1.48159
1310	0.00168432	0.098591	14.4171	76.1564	-10.4391	-0.0127693	80.1217	54.0848	1.48141
1311	0.0016854	0.0986282	14.4284	76.1505	-10.4238	-0.0127753	80.1424	54.1052	1.48123
1312	0.00168648	0.0986659	14.4399	76.1446	-10.408	-0.0127813	80.1637	54.1258	1.48106
1313	0.00168757	0.0987039	14.4515	76.1386	-10.3918	-0.0127873	80.1855	54.1467	1.48089
1314	0.00168865	0.0987424	14.4632	76.1325	-10.3752	-0.0127934	80.2077	54.1678	1.48073
1315	0.00168973	0.0987812	14.475	76.1263	-10.3581	-0.0127995	80.2304	54.1891	1.48056
1316	0.00169082	0.0988205	14.487	76.1201	-10.3407	-0.0128056	80.2536	54.2107	1.4804
1317	0.0016919	0.0988601	14.4991	76.1138	-10.3228	-0.0128118	80.2773	54.2324	1.48025
1318	0.00169298	0.0989002	14.5113	76.1075	-10.3045	-0.012818	80.3015	54.2544	1.48009
1319	0.00169406	0.0989406	14.5237	76.1011	-10.2858	-0.0128243	80.3262	54.2766	1.47994
1320	0.00169514	0.0989814	14.5361	76.0946	-10.2666	-0.0128306	80.3513	54.299	1.47979
1321	0.00169622	0.0990226	14.5487	76.0881	-10.2471	-0.012837	80.3768	54.3216	1.47965
1322	0.0016973	0.0990642	14.5614	76.0815	-10.2272	-0.0128434	80.4028	54.3444	1.47951
1323	0.00169837	0.0991061	14.5742	76.0748	-10.207	-0.0128499	80.4292	54.3673	1.47937
1324	0.00169945	0.0991484	14.5872	76.0681	-10.1864	-0.0128564	80.456	54.3905	1.47923
1325	0.00170053	0.099191	14.6002	76.0613	-10.1651	-0.012863	80.4835	54.4139	1.4791
1326	0.0017016	0.0992339	14.6134	76.0545	-10.1433	-0.0128698	80.5117	54.4375	1.47898
1327	0.00170268	0.0992772	14.6266	76.0476	-10.1208	-0.0128766	80.5405	54.4612	1.47886
1328	0.00170375	0.0993208	14.64	76.0407	-10.0979	-0.0128836	80.5699	54.4852	1.47875
1329	0.00170483	0.0993648	14.6535	76.0337	-10.0745	-0.0128906	80.5998	54.5093	1.47864
1330	0.0017059	0.099409	14.667	76.0267	-10.0507	-0.0128978	80.6301	54.5335	1.47854
1331	0.00170698	0.0994536	14.6807	76.0196	-10.0266	-0.012905	80.6608	54.558	1.47844
1332	0.00170805	0.0994984	14.6945	76.0124	-10.0022	-0.0129123	80.6918	54.5826	1.47834
1333	0.00170912	0.0995436	14.7084	76.0052	-9.97765	-0.0129197	80.723	54.6074	1.47824
1334	0.00171019	0.099589	14.7223	75.998	-9.95293	-0.0129271	80.7544	54.6323	1.47815
1335	0.00171126	0.0996347	14.7364	75.9907	-9.92809	-0.0129346	80.786	54.6573	1.47805
1336	0.00171233	0.0996807	14.7505	75.9834	-9.90317	-0.0129422	80.8177	54.6825	1.47794
1337	0.00171341	0.0997269	14.7647	75.976	-9.87821	-0.0129499	80.8495	54.7079	1.47784
1338	0.00171447	0.0997733	14.779	75.9686	-9.85323	-0.0129576	80.8814	54.7334	1.47773
1339	0.00171554	0.09982	14.7934	75.9611	-9.82824	-0.0129654	80.9133	54.759	1.47763
1340	0.00171661	0.0998669	14.8078	75.9536	-9.80327	-0.0129732	80.9452	54.7847	1.47752
1341	0.00171768	0.099914	14.8224	75.9461	-9.77833	-0.0129811	80.9771	54.8105	1.4774
1342	0.00171875	0.0999612	14.8369	75.9385	-9.75342	-0.012989	81.0091	54.8365	1.47728
1343	0.00171982	0.100009	14.8516	75.931	-9.72856	-0.012997	81.041	54.8625	1.47717
1344	0.00172088	0.100056	14.8663	75.9233	-9.70375	-0.013005	81.0729	54.8886	1.47704
1345	0.00172195	0.100104	14.881	75.9157	-9.67899	-0.0130131	81.1047	54.9148	1.47692
1346	0.00172302	0.100152	14.8958	75.908	-9.65426	-0.0130212	81.1366	54.9411	1.47679
1347	0.00172408	0.1002	14.9107	75.9003	-9.62955	-0.0130293	81.1684	54.9674	1.47666
1348	0.00172515	0.100248	14.9256	75.8926	-9.60485	-0.0130375	81.2003	54.9938	1.47653
1349	0.00172621	0.100296	14.9405	75.8849	-9.58016	-0.0130457	81.2322	55.0203	1.4764
1350	0.00172728	0.100345	14.9555	75.8771	-9.55547	-0.013054	81.2641	55.0468	1.47627
1351	0.00172834	0.100393	14.9704	75.8694	-9.53077	-0.0130623	81.296	55.0734	1.47614
1352	0.0017294	0.100442	14.9855	75.8616	-9.50606	-0.0130706	81.3279	55.1	1.47601
1353	0.00173047	0.10049	15.0005	75.8538	-9.48133	-0.013079	81.3599	55.1266	1.47587
1354	0.00173153	0.100539	15.0156	75.846	-9.45659	-0.0130874	81.3919	55.1532	1.47574
1355	0.00173259	0.100587	15.0306	75.8382	-9.43182	-0.0130958	81.4239	55.1799	1.47561
1356	0.00173365	0.100636	15.0457	75.8304	-9.40702	-0.0131043	81.456	55.2066	1.47548
1357	0.00173471	0.100685	15.0608	75.8226	-9.3822	-0.0131127	81.4881	55.2332	1.47535
1358	0.00173577	0.100733	15.0759	75.8148	-9.35735	-0.0131213	81.5202	55.2599	1.47521
1359	0.00173683	0.100782	15.091	75.807	-9.33247	-0.0131298	81.5524	55.2866	1.47508
1360	0.00173789	0.10083	15.1061	75.7992	-9.30756	-0.0131384	81.5846	55.3132	1.47496
1361	0.00173895	0.100879	15.1212	75.7913	-9.28263	-0.013147	81.6168	55.3398	1.47483
1362	0.00174001	0.100927	15.1362	75.7836	-9.25768	-0.0131557	81.649	55.3664	1.4747
1363	0.00174106	0.100976	15.1513	75.7758	-9.23271	-0.0131644	81.6812	55.3929	1.47458
1364	0.00174212	0.101024	15.1663	75.768	-9.20774	-0.0131731	81.7134	55.4194	1.47445
1365	0.00174318	0.101072	15.1813	75.7603	-9.18277	-0.0131819	81.7456	55.4458	1.47433
1366	0.00174423	0.10112	15.1963	75.7525	-9.15781	-0.0131907	81.7778	55.4722	1.47421
1367	0.00174529	0.101168	15.2112	75.7448	-9.13283	-0.0131995	81.81	55.4985	1.47409
1368	0.00174634	0.101216	15.2261	75.7371	-9.10773	-0.0132083	81.8422	55.5247	1.47398
1369	0.0017474	0.101263	15.2409	75.7294	-9.08254	-0.0132172	81.8746	55.5508	1.47387
1370	0.00174845	0.101311	15.2557	75.7218	-9.05727	-0.0132262	81.907	55.5768	1.47376
1371	0.00174951	0.101358	15.2704	75.7142	-9.03194	-0.0132351	81.9394	55.6027	1.47366
1372	0.00175056	0.101405	15.2851	75.7066	-9.00656	-0.0132441	81.9719	55.6285	1.47356
1373	0.00175161	0.101452	15.2997	75.699	-8.98116	-0.0132531	82.0043	55.6542	1.47346
1374	0.00175266	0.101498	15.3143	75.6915	-8.95575	-0.0132622	82.0368	55.6797	1.47337
1375	0.00175372	0.101545	15.3287	75.6841	-8.93033	-0.0132713	82.0692	55.7052	1.47328
1376	0.00175477	0.101591	15.3431	75.6766	-8.90493	-0.0132804	82.1015	55.7304	1.47319
1377	0.00175582	0.101637	15.3574	75.6692	-8.87954	-0.0132896	82.1338	55.7556	1.47311
1378	0.00175687	0.101682	15.3717	75.6619	-8.85417	-0.0132988	82.1661	55.7805	1.47302
1379	0.00175792	0.101727	15.3858	75.6546	-8.82879	-0.0133081	82.1983	55.8054	1.47295
1380	0.00175897	0.101772	15.3999	75.6473	-8.80342	-0.0133174	82.2304	55.83	1.47287
1381	0.00176002	0.101817	15.4139	75.6401	-8.77805	-0.0133267	82.2626	55.8546	1.4728
1382	0.00176107	0.101862	15.4278	75.6329	-8.75267	-0.013336	82.2947	55.8789	1.47273
1383	0.00176212	0.101906	15.4416	75.6258	-8.72729	-0.0133454	82.3267	55.9031	1.47267
1384	0.00176317	0.101949	15.4553	75.6187	-8.70191	-0.0133549	82.3587	55.9271	1.47261
1385	0.00176421	0.101993	15.4689	75.6117	-8.67653	-0.0133643	82.3907	55.951	1.47255
1386	0.00176526	0.102036	15.4824	75.6047	-8.65115	-0.0133739	82.4226	55.9747	1.4725
1387	0.00176631	0.102079	15.4959	75.5978	-8.62578	-0.0133834	82.4545	55.9982	1.47245
1388	0.00176735	0.102122	15.5092	75.5909	-8.60042	-0.013393	82.4863	56.0215	1.4724
1389	0.0017684	0.102164	15.5225	75.584	-8.57509	-0.0134026	82.518	56.0447	1.47236
1390	0.00176944	0.102206	15.5356	75.5772	-8.54978	-0.0134122	82.5496	56.0677	1.47232
1391	0.00177049	0.102247	15.5486	75.5705	-8.52451	-0.0134219	82.5812	56.0905	1.47229
1392	0.00177153	0.102288	15.5616	75.5638	-8.49927	-0.0134316	82.6127	56.1131	1.47225
1393	0.00177258	0.102329	15.5744	75.5572	-8.47408	-0.0134414	82.6441	56.1356	1.47222
1394	0.00177362	0.10237	15.5872	75.5506	-8.44893	-0.0134511	82.6754	56.1578	1.4722
1395	0.00177467	0.10241	15.5998	75.5441	-8.42382	-0.013461	82.7066	56.1799	1.47218
1396	0.00177571	0.10245	15.6123	75.5376	-8.39875	-0.0134708	82.7378	56.2017	1.47216
1397	0.00177675	0.10249	15.6248	75.5312	-8.37372	-0.0134807	82.7688	56.2234	1.47214
1398	0.00177779	0.102529	15.6371	75.5249	-8.34873	-0.0134906	82.7997	56.2449	1.47213
1399	0.00177883	0.102567	15.6493	75.5186	-8.32379	-0.0135006	82.8306	56.2662	1.47212
1400	0.00177987	0.102606	15.6614	75.5123	-8.29889	-0.0135106	82.8613	56.2873	1.47211
1401	0.00178091	0.102644	15.6733	75.5062	-8.27403	-0.0135206	82.892	56.3082	1.47211
1402	0.00178195	0.102682	15.6852	75.5	-8.24921	-0.0135306	82.9225	56.3288	1.47211
1403	0.00178299	0.102719	15.697	75.494	-8.22442	-0.0135406	82.953	56.3493	1.47212
1404	0.00178403	0.102756	15.7086	75.488	-8.19966	-0.0135507	82.9834	56.3696	1.47213
1405	0.00178507	0.102792	15.7201	75.4821	-8.17491	-0.0135608	83.0137	56.3896	1.47214
1406	0.00178611	0.102829	15.7315	75.4762	-8.15019	-0.013571	83.0439	56.4095	1.47216
1407	0.00178715	0.102864	15.7428	75.4704	-8.12548	-0.0135811	83.0741	56.4291	1.47219
1408	0.00178818	0.1029	15.7539	75.4646	-8.10079	-0.0135913	83.1042	56.4485	1.47221
1409	0.00178922	0.102935	15.765	75.4589	-8.07611	-0.0136015	83.1342	56.4677	1.47224
1410	0.00179025	0.102969	15.7759	75.4533	-8.05145	-0.0136118	83.1641	56.4867	1.47228
1411	0.00179129	0.103004	15.7866	75.4478	-8.02683	-0.013622	83.1939	56.5054	1.47232
1412	0.00179232	0.103037	15.7973	75.4423	-8.00222	-0.0136323	83.2237	56.5239	1.47236
1413	0.00179336	0.103071	15.8078	75.4368	-7.97765	-0.0136426	83.2534	56.5422	1.47241
1414	0.00179439	0.103104	15.8182	75.4315	-7.9531	-0.013653	83.283	56.5603	1.47246
1415	0.00179542	0.103136	15.8285	75.4262	-7.92857	-0.0136633	83.3124	56.5782	1.47252
1416	0.00179645	0.103168	15.8387	75.4209	-7.90409	-0.0136737	83.3418	56.5958	1.47258
1417	0.00179749	0.1032	15.8487	75.4158	-7.87965	-0.0136841	83.3711	56.6132	1.47264
1418	0.00179852	0.103231	15.8586	75.4107	-7.85525	-0.0136946	83.4003	56.6304	1.47271
1419	0.00179955	0.103262	15.8683	75.4057	-7.8309	-0.013705	83.4294	56.6474	1.47279
1420	0.00180058	0.103293	15.878	75.4007	-7.8066	-0.0137155	83.4584	56.6641	1.47286
1421	0.00180161	0.103323	15.8875	75.3958	-7.78236	-0.0137261	83.4872	56.6806	1.47294
1422	0.00180264	0.103353	15.8969	75.391	-7.75821	-0.0137366	83.5159	56.6969	1.47302
1423	0.00180366	0.103382	15.9061	75.3862	-7.73413	-0.0137472	83.5444	56.7129	1.47311
1424	0.00180469	0.103411	15.9152	75.3815	-7.71015	-0.0137577	83.5728	56.7287	1.4732
1425	0.00180572	0.103439	15.9242	75.3769	-7.68627	-0.0137683	83.6011	56.7443	1.47329
1426	0.00180674	0.103467	15.9331	75.3723	-7.6625	-0.013779	83.6291	56.7597	1.47339
1427	0.00180777	0.103495	15.9419	75.3678	-7.63887	-0.0137896	83.657	56.7749	1.47349
1428	0.0018088	0.103522	15.9506	75.3633	-7.61539	-0.0138003	83.6847	56.7899	1.47358
1429	0.00180982	0.103549	15.9591	75.3589	-7.59207	-0.013811	83.7121	56.8047	1.47368
1430	0.00181084	0.103576	15.9676	75.3545	-7.56891	-0.0138217	83.7394	56.8193	1.47378
1431	0.00181187	0.103602	15.9759	75.3502	-7.54592	-0.0138324	83.7664	56.8338	1.47388
1432	0.00181289	0.103628	15.9842	75.346	-7.52312	-0.0138432	83.7932	56.848	1.47399
1433	0.00181391	0.103654	15.9924	75.3417	-7.5005	-0.0138539	83.8198	56.8621	1.47409
1434	0.00181493	0.103679	16.0005	75.3376	-7.47806	-0.0138647	83.8461	56.8761	1.47419
1435	0.00181595	0.103704	16.0084	75.3335	-7.4558	-0.0138755	83.8722	56.8899	1.47429
1436	0.00181697	0.103729	16.0164	75.3294	-7.43373	-0.0138862	83.8981	56.9035	1.47439
1437	0.00181799	0.103754	16.0242	75.3253	-7.41183	-0.013897	83.9238	56.917	1.47449
1438	0.00181901	0.103778	16.0319	75.3213	-7.39011	-0.0139079	83.9492	56.9304	1.4746
1439	0.00182002	0.103802	16.0396	75.3174	-7.36857	-0.0139187	83.9745	56.9435	1.4747
1440	0.00182104	0.103826	16.0471	75.3135	-7.3472	-0.0139295	83.9995	56.9566	1.4748
1441	0.00182206	0.103849	16.0546	75.3096	-7.326	-0.0139403	84.0243	56.9695	1.4749
1442	0.00182307	0.103873	16.062	75.3058	-7.30495	-0.0139512	84.0489	56.9822	1.475
1443	0.00182409	0.103896	16.0694	75.302	-7.28407	-0.013962	84.0734	56.9949	1.4751
1444	0.0018251	0.103919	16.0767	75.2983	-7.26332	-0.0139729	84.0976	57.0074	1.47521
1445	0.00182612	0.103941	16.0839	75.2945	-7.24273	-0.0139838	84.1217	57.0197	1.47531
1446	0.00182713	0.103963	16.091	75.2908	-7.22229	-0.0139947	84.1456	57.032	1.47541
1447	0.00182814	0.103986	16.0981	75.2872	-7.20201	-0.0140057	84.1693	57.0442	1.47551
1448	0.00182916	0.104008	16.1051	75.2836	-7.18191	-0.0140166	84.1927	57.0562	1.47561
1449	0.00183017	0.104029	16.1121	75.2799	-7.16197	-0.0140276	84.216	57.0682	1.47571
1450	0.00183118	0.104051	16.119	75.2764	-7.1422	-0.0140386	84.2391	57.08	1.47581
1451	0.00183219	0.104072	16.1259	75.2728	-7.12261	-0.0140496	84.262	57.0918	1.47591
1452	0.0018332	0.104094	16.1327	75.2693	-7.10319	-0.0140606	84.2847	57.1034	1.476
1453	0.00183421	0.104115	16.1395	75.2658	-7.08396	-0.0140717	84.3072	57.115	1.47609
1454	0.00183522	0.104136	16.1462	75.2623	-7.06493	-0.0140828	84.3295	57.1266	1.47619
1455	0.00183623	0.104157	16.1529	75.2588	-7.04609	-0.0140938	84.3516	57.138	1.47628
1456	0.00183724	0.104178	16.1596	75.2554	-7.02744	-0.0141049	84.3734	57.1494	1.47637
1457	0.00183824	0.104198	16.1662	75.2519	-7.00898	-0.014116	84.3951	57.1608	1.47645
1458	0.00183925	0.104219	16.1729	75.2485	-6.9907	-0.0141272	84.4165	57.1721	1.47653
1459	0.00184026	0.104239	16.1794	75.2451	-6.9726	-0.0141383	84.4378	57.1833	1.47662
1460	0.00184127	0.10426	16.186	75.2417	-6.95468	-0.0141494	84.4589	57.1945	1.4767
1461	0.00184227	0.10428	16.1926	75.2383	-6.93689	-0.0141606	84.4798	57.2057	1.47677
1462	0.00184328	0.1043	16.1991	75.2349	-6.91922	-0.0141717	84.5006	57.2168	1.47685
1463	0.00184428	0.104321	16.2057	75.2315	-6.90164	-0.0141828	84.5213	57.2279	1.47692
1464	0.00184529	0.104341	16.2122	75.2281	-6.88414	-0.014194	84.542	57.239	1.477
1465	0.00184629	0.104361	16.2187	75.2247	-6.86671	-0.0142052	84.5625	57.2501	1.47707
1466	0.0018473	0.104381	16.2253	75.2213	-6.84934	-0.0142164	84.583	57.2612	1.47714
1467	0.0018483	0.104402	16.2318	75.2179	-6.83203	-0.0142276	84.6035	57.2723	1.47721
1468	0.0018493	0.104422	16.2383	75.2146	-6.81479	-0.0142388	84.6238	57.2834	1.47728
1469	0.00185031	0.104442	16.2449	75.2111	-6.79763	-0.01425	84.6441	57.2945	1.47735
1470	0.00185131	0.104462	16.2514	75.2077	-6.78056	-0.0142613	84.6644	57.3056	1.47742
1471	0.00185231	0.104483	16.258	75.2043	-6.76359	-0.0142726	84.6845	57.3168	1.47748
1472	0.00185331	0.104503	16.2646	75.2009	-6.74673	-0.0142839	84.7045	57.3279	1.47754
1473	0.00185431	0.104523	16.2713	75.1974	-6.73	-0.0142952	84.7244	57.3391	1.4776
1474	0.00185532	0.104544	16.2779	75.194	-6.7134	-0.0143065	84.7442	57.3504	1.47766
1475	0.00185632	0.104564	16.2846	75.1905	-6.69696	-0.0143179	84.7638	57.3617	1.47771
1476	0.00185732	0.104585	16.2913	75.187	-6.68066	-0.0143292	84.7833	57.373	1.47776
1477	0.00185832	0.104606	16.2981	75.1835	-6.66453	-0.0143406	84.8027	57.3845	1.4778
1478	0.00185932	0.104627	16.3049	75.1799	-6.64856	-0.014352	84.8219	57.3959	1.47784
1479	0.00186032	0.104648	16.3118	75.1764	-6.63275	-0.0143634	84.841	57.4075	1.47787
1480	0.00186132	0.104669	16.3187	75.1728	-6.61709	-0.0143749	84.8599	57.4191	1.4779
1481	0.00186232	0.104691	16.3256	75.1691	-6.6016	-0.0143863	84.8788	57.4309	1.47793
1482	0.00186332	0.104712	16.3326	75.1655	-6.58627	-0.0143978	84.8974	57.4427	1.47795
1483	0.00186431	0.104734	16.3397	75.1618	-6.5711	-0.0144093	84.916	57.4546	1.47797
1484	0.00186531	0.104756	16.3469	75.158	-6.55609	-0.0144208	84.9344	57.4666	1.47798
1485	0.00186631	0.104778	16.3541	75.1543	-6.54123	-0.0144323	84.9527	57.4787	1.47799
1486	0.00186731	0.1048	16.3614	75.1505	-6.52651	-0.0144438	84.9709	57.491	1.47799
1487	0.00186831	0.104823	16.3688	75.1466	-6.51193	-0.0144554	84.989	57.5033	1.47798
1488	0.0018693	0.104845	16.3762	75.1427	-6.49748	-0.014467	85.007	57.5158	1.47798
1489	0.0018703	0.104869	16.3838	75.1388	-6.48316	-0.0144785	85.0249	57.5285	1.47796
1490	0.0018713	0.104892	16.3914	75.1348	-6.46897	-0.0144902	85.0427	57.5413	1.47794
1491	0.00187229	0.104915	16.3991	75.1308	-6.45492	-0.0145018	85.0605	57.5542	1.47792
1492	0.00187329	0.104939	16.407	75.1267	-6.44099	-0.0145134	85.0781	57.5673	1.47789
1493	0.00187428	0.104964	16.4149	75.1225	-6.42721	-0.0145251	85.0957	57.5806	1.47785
1494	0.00187528	0.104988	16.4229	75.1183	-6.41357	-0.0145368	85.1132	57.5941	1.47781
1495	0.00187627	0.105013	16.4311	75.1141	-6.40008	-0.0145485	85.1305	57.6077	1.47776
1496	0.00187726	0.105038	16.4394	75.1097	-6.38675	-0.0145603	85.1478	57.6216	1.47771
1497	0.00187826	0.105064	16.4478	75.1053	-6.37358	-0.014572	85.165	57.6356	1.47765
1498	0.00187925	0.10509	16.4563	75.1009	-6.36058	-0.0145838	85.182	57.6498	1.47758
1499	0.00188024	0.105116	16.465	75.0963	-6.34775	-0.0145956	85.199	57.6643	1.4775
1500	0.00188124	0.105143	16.4738	75.0917	-6.3351	-0.0146074	85.2158	57.679	1.47742
1501	0.00188223	0.10517	16.4827	75.087	-6.32262	-0.0146192	85.2325	57.6939	1.47732
1502	0.00188322	0.105198	16.4918	75.0823	-6.31033	-0.0146311	85.2492	57.709	1.47722
1503	0.00188421	0.105226	16.5011	75.0774	-6.29821	-0.0146429	85.2657	57.7244	1.47712
1504	0.0018852	0.105254	16.5105	75.0725	-6.28625	-0.0146548	85.2821	57.7401	1.477
1505	0.00188619	0.105283	16.52	75.0675	-6.27445	-0.0146667	85.2984	57.756	1.47688
1506	0.00188718	0.105313	16.5298	75.0624	-6.26281	-0.0146787	85.3147	57.7722	1.47674
1507	0.00188818	0.105343	16.5397	75.0572	-6.25131	-0.0146906	85.3309	57.7886	1.4766
1508	0.00188916	0.105373	16.5498	75.0519	-6.23995	-0.0147025	85.3471	57.8054	1.47645
1509	0.00189015	0.105404	16.56	75.0466	-6.22871	-0.0147145	85.3632	57.8225	1.4763
1510	0.00189114	0.105436	16.5705	75.0411	-6.2176	-0.0147265	85.3792	57.8398	1.47613
1511	0.00189213	0.105468	16.5811	75.0355	-6.20662	-0.0147385	85.3953	57.8575	1.47596
1512	0.00189312	0.105501	16.592	75.0298	-6.19574	-0.0147505	85.4113	57.8755	1.47578
1513	0.00189411	0.105534	16.603	75.024	-6.18499	-0.0147626	85.4273	57.8938	1.47559
1514	0.0018951	0.105568	16.6143	75.0181	-6.17435	-0.0147746	85.4433	57.9125	1.47539
1515	0.00189608	0.105603	16.6258	75.0121	-6.16382	-0.0147867	85.4593	57.9315	1.47518
1516	0.00189707	0.105638	16.6374	75.006	-6.1534	-0.0147988	85.4752	57.9508	1.47496
1517	0.00189806	0.105674	16.6493	74.9998	-6.14309	-0.0148109	85.4912	57.9705	1.47473
1518	0.00189905	0.105711	16.6615	74.9934	-6.13289	-0.014823	85.5072	57.9906	1.4745
1519	0.00190003	0.105748	16.6739	74.9869	-6.12278	-0.0148352	85.5231	58.0111	1.47425
1520	0.00190102	0.105786	16.6865	74.9803	-6.11278	-0.0148473	85.5391	58.0319	1.474
1521	0.00190201	0.105825	16.6993	74.9736	-6.10287	-0.0148595	85.5551	58.0532	1.47374
1522	0.00190299	0.105864	16.7124	74.9667	-6.09306	-0.0148717	85.5712	58.0748	1.47346
1523	0.00190398	0.105905	16.7257	74.9597	-6.08334	-0.0148839	85.5872	58.0969	1.47318
1524	0.00190496	0.105946	16.7393	74.9526	-6.07371	-0.0148961	85.6033	58.1193	1.47289
1525	0.00190595	0.105987	16.7532	74.9453	-6.06417	-0.0149084	85.6194	58.1422	1.47259
1526	0.00190693	0.10603	16.7673	74.9379	-6.05472	-0.0149206	85.6356	58.1655	1.47228
1527	0.00190792	0.106073	16.7817	74.9304	-6.04536	-0.0149329	85.6518	58.1892	1.47195
1528	0.0019089	0.106117	16.7963	74.9227	-6.03608	-0.0149452	85.668	58.2133	1.47162
1529	0.00190988	0.106162	16.8112	74.9149	-6.02689	-0.0149575	85.6843	58.2379	1.47128
1530	0.00191087	0.106207	16.8264	74.9069	-6.01777	-0.0149698	85.7006	58.263	1.47093
1531	0.00191185	0.106254	16.8419	74.8988	-6.00874	-0.0149822	85.717	58.2885	1.47056
1532	0.00191283	0.106301	16.8577	74.8905	-5.99979	-0.0149945	85.7334	58.3144	1.47019
1533	0.00191382	0.106349	16.8737	74.8821	-5.99092	-0.0150069	85.7499	58.3408	1.46981
1534	0.0019148	0.106398	16.8901	74.8735	-5.98214	-0.0150192	85.7665	58.3677	1.46942
1535	0.00191578	0.106448	16.9067	74.8648	-5.97344	-0.0150316	85.7831	58.3951	1.46901
1536	0.00191676	0.106499	16.9237	74.8559	-5.96481	-0.015044	85.7997	58.4229	1.4686
1537	0.00191775	0.10655	16.9409	74.8469	-5.95627	-0.0150564	85.8165	58.4512	1.46817
1538	0.00191873	0.106603	16.9584	74.8377	-5.9478	-0.0150689	85.8333	58.48	1.46774
1539	0.00191971	0.106656	16.9762	74.8284	-5.9394	-0.0150813	85.8501	58.5092	1.46729
1540	0.00192069	0.10671	16.9944	74.8189	-5.93108	-0.0150937	85.8671	58.539	1.46684
1541	0.00192167	0.106766	17.0128	74.8092	-5.92284	-0.0151062	85.8841	58.5692	1.46637
1542	0.00192265	0.106822	17.0316	74.7994	-5.91467	-0.0151186	85.9012	58.5999	1.46589
1543	0.00192363	0.106879	17.0506	74.7894	-5.90657	-0.0151311	85.9183	58.6311	1.4654
1544	0.00192461	0.106936	17.07	74.7792	-5.89855	-0.0151436	85.9355	58.6628	1.46491
1545	0.00192559	0.106995	17.0897	74.7689	-5.8906	-0.0151561	85.9528	58.695	1.4644
1546	0.00192657	0.107055	17.1097	74.7584	-5.88272	-0.0151685	85.9702	58.7277	1.46388
1547	0.00192755	0.107115	17.13	74.7478	-5.87491	-0.015181	85.9877	58.7609	1.46335
1548	0.00192853	0.107177	17.1506	74.737	-5.86717	-0.0151935	86.0052	58.7946	1.46281
1549	0.00192951	0.107239	17.1716	74.726	-5.85949	-0.015206	86.0229	58.8288	1.46226
1550	0.00193049	0.107302	17.1928	74.7149	-5.85188	-0.0152185	86.0406	58.8635	1.4617
1551	0.00193147	0.107366	17.2144	74.7036	-5.84433	-0.015231	86.0584	58.8987	1.46113
1552	0.00193245	0.107431	17.2363	74.6921	-5.83684	-0.0152435	86.0763	58.9344	1.46054
1553	0.00193343	0.107497	17.2585	74.6804	-5.82942	-0.015256	86.0943	58.9706	1.45995
1554	0.0019344	0.107564	17.2811	74.6686	-5.82205	-0.0152686	86.1124	59.0073	1.45935
1555	0.00193538	0.107632	17.3039	74.6567	-5.81475	-0.0152811	86.1306	59.0445	1.45874
1556	0.00193636	0.107701	17.3271	74.6445	-5.80752	-0.0152936	86.1488	59.0821	1.45812
1557	0.00193734	0.10777	17.3506	74.6322	-5.80037	-0.0153061	86.1671	59.1203	1.45749
1558	0.00193831	0.107841	17.3744	74.6198	-5.79332	-0.0153187	86.1855	59.1589	1.45685
1559	0.00193929	0.107912	17.3985	74.6071	-5.78642	-0.0153312	86.2039	59.1981	1.45619
1560	0.00194027	0.107984	17.423	74.5943	-5.77992	-0.0153437	86.222	59.2377	1.45553
1561	0.00194125	0.108057	17.4477	74.5814	-5.77532	-0.0153561	86.2384	59.2778	1.45482
1562	0.00194222	0.108131	17.4728	74.5682	-5.77011	-0.0153684	86.2555	59.3184	1.45411
1563	0.0019432	0.108206	17.4982	74.5549	-5.7644	-0.0153808	86.2733	59.3595	1.4534
1564	0.00194418	0.108282	17.5239	74.5415	-5.75829	-0.0153932	86.2917	59.4011	1.4527
1565	0.00194516	0.108359	17.5499	74.5278	-5.75186	-0.0154057	86.3105	59.4431	1.45198
1566	0.00194613	0.108436	17.5762	74.5141	-5.74516	-0.0154181	86.3297	59.4856	1.45127
1567	0.00194711	0.108514	17.6029	74.5001	-5.73824	-0.0154305	86.3493	59.5286	1.45055
1568	0.00194809	0.108594	17.6298	74.486	-5.73113	-0.0154429	86.3693	59.572	1.44983
1569	0.00194906	0.108674	17.657	74.4718	-5.72389	-0.0154554	86.3895	59.6159	1.4491
1570	0.00195004	0.108754	17.6846	74.4573	-5.71657	-0.0154679	86.4099	59.6602	1.44837
1571	0.00195102	0.108836	17.7124	74.4428	-5.7092	-0.0154804	86.4305	59.705	1.44763
1572	0.00195199	0.108918	17.7405	74.428	-5.70183	-0.0154929	86.4513	59.7502	1.44688
1573	0.00195297	0.109002	17.769	74.4132	-5.69447	-0.0155055	86.4722	59.7958	1.44612
1574	0.00195394	0.109086	17.7977	74.3981	-5.68716	-0.015518	86.4931	59.8419	1.44536
1575	0.00195492	0.10917	17.8267	74.383	-5.6799	-0.0155306	86.5142	59.8884	1.44459
1576	0.00195589	0.109256	17.856	74.3676	-5.67269	-0.0155431	86.5354	59.9354	1.44381
1577	0.00195687	0.109342	17.8856	74.3521	-5.66554	-0.0155557	86.5566	59.9827	1.44303
1578	0.00195784	0.109429	17.9154	74.3365	-5.65844	-0.0155683	86.5779	60.0305	1.44223
1579	0.00195882	0.109517	17.9456	74.3207	-5.65138	-0.0155809	86.5993	60.0786	1.44143
1580	0.00195979	0.109606	17.976	74.3048	-5.64436	-0.0155935	86.6208	60.1272	1.44063
1581	0.00196076	0.109695	18.0067	74.2887	-5.63737	-0.0156061	86.6425	60.1762	1.43981
1582	0.00196174	0.109785	18.0377	74.2725	-5.6304	-0.0156187	86.6642	60.2255	1.43899
1583	0.00196271	0.109876	18.0689	74.2562	-5.62346	-0.0156312	86.686	60.2753	1.43817
1584	0.00196369	0.109967	18.1004	74.2397	-5.61653	-0.0156438	86.7079	60.3254	1.43734
1585	0.00196466	0.110059	18.1322	74.223	-5.60961	-0.0156564	86.73	60.3759	1.4365
1586	0.00196563	0.110152	18.1643	74.2063	-5.60269	-0.015669	86.7522	60.4268	1.43566
1587	0.00196661	0.110245	18.1966	74.1893	-5.59576	-0.0156816	86.7745	60.478	1.43481
1588	0.00196758	0.110339	18.2291	74.1723	-5.58884	-0.0156942	86.7969	60.5296	1.43396
1589	0.00196855	0.110434	18.2619	74.1551	-5.5819	-0.0157068	86.8194	60.5816	1.4331
1590	0.00196952	0.110529	18.295	74.1378	-5.57495	-0.0157193	86.8421	60.6339	1.43224
1591	0.0019705	0.110625	18.3283	74.1204	-5.56799	-0.0157319	86.865	60.6866	1.43137
1592	0.00197147	0.110722	18.3619	74.1028	-5.56102	-0.0157445	86.8879	60.7396	1.4305
1593	0.00197244	0.110819	18.3957	74.0851	-5.55402	-0.0157571	86.911	60.7929	1.42962
1594	0.00197341	0.110917	18.4297	74.0673	-5.54701	-0.0157696	86.9342	60.8465	1.42875
1595	0.00197439	0.111015	18.464	74.0493	-5.53996	-0.0157822	86.9576	60.9005	1.42786
1596	0.00197536	0.111114	18.4985	74.0313	-5.53289	-0.0157948	86.9811	60.9548	1.42698
1597	0.00197633	0.111214	18.5332	74.0131	-5.52579	-0.0158074	87.0047	61.0094	1.42609
1598	0.0019773	0.111314	18.5682	73.9948	-5.51865	-0.0158199	87.0285	61.0642	1.4252
1599	0.00197827	0.111414	18.6034	73.9763	-5.51148	-0.0158325	87.0525	61.1194	1.4243
1600	0.00197925	0.111516	18.6388	73.9578	-5.50427	-0.0158451	87.0765	61.1749	1.4234
1601	0.00198022	0.111617	18.6745	73.9391	-5.49702	-0.0158577	87.1007	61.2307	1.4225
1602	0.00198119	0.111719	18.7103	73.9204	-5.48974	-0.0158703	87.1251	61.2868	1.4216
1603	0.00198216	0.111822	18.7464	73.9015	-5.48242	-0.0158829	87.1496	61.3431	1.42069
1604	0.00198313	0.111925	18.7827	73.8825	-5.47506	-0.0158955	87.1742	61.3997	1.41978
1605	0.0019841	0.112029	18.8192	73.8634	-5.46767	-0.0159081	87.199	61.4566	1.41887
1606	0.00198507	0.112133	18.8559	73.8441	-5.46023	-0.0159207	87.2239	61.5137	1.41796
1607	0.00198604	0.112238	18.8928	73.8248	-5.45276	-0.0159333	87.2489	61.5711	1.41704
1608	0.00198701	0.112343	18.9299	73.8054	-5.44525	-0.0159459	87.2741	61.6287	1.41613
1609	0.00198798	0.112448	18.9672	73.7858	-5.4377	-0.0159585	87.2994	61.6866	1.41521
1610	0.00198895	0.112554	19.0047	73.7662	-5.43012	-0.0159712	87.3248	61.7447	1.41429
1611	0.00198992	0.112661	19.0424	73.7465	-5.42249	-0.0159838	87.3504	61.803	1.41337
1612	0.00199089	0.112767	19.0803	73.7266	-5.41483	-0.0159964	87.376	61.8616	1.41244
1613	0.00199186	0.112875	19.1183	73.7067	-5.40712	-0.016009	87.4019	61.9204	1.41152
1614	0.00199283	0.112982	19.1566	73.6866	-5.39937	-0.0160217	87.4278	61.9794	1.41059
1615	0.0019938	0.11309	19.195	73.6665	-5.39158	-0.0160343	87.4539	62.0386	1.40967
1616	0.00199477	0.113198	19.2336	73.6463	-5.38374	-0.0160469	87.4801	62.0981	1.40874
1617	0.00199574	0.113307	19.2724	73.626	-5.37585	-0.0160596	87.5064	62.1577	1.40781
1618	0.00199671	0.113416	19.3113	73.6056	-5.36791	-0.0160722	87.5329	62.2176	1.40688
1619	0.00199768	0.113526	19.3504	73.5851	-5.35992	-0.0160848	87.5595	62.2776	1.40595
1620	0.00199865	0.113635	19.3897	73.5645	-5.35188	-0.0160975	87.5862	62.3378	1.40503
1621	0.00199962	0.113746	19.4292	73.5438	-5.3438	-0.0161101	87.6131	62.3982	1.4041
1622	0.00200059	0.113856	19.4688	73.523	-5.33566	-0.0161228	87.64	62.4588	1.40317
1623	0.00200156	0.113967	19.5086	73.5022	-5.32747	-0.0161355	87.6671	62.5196	1.40223
1624	0.00200253	0.114078	19.5485	73.4812	-5.31923	-0.0161481	87.6944	62.5805	1.4013
1625	0.0020035	0.114189	19.5886	73.4602	-5.31093	-0.0161608	87.7217	62.6416	1.40037
1626	0.00200447	0.114301	19.6288	73.4391	-5.30259	-0.0161734	87.7492	62.7029	1.39944
1627	0.00200543	0.114413	19.6692	73.418	-5.29419	-0.0161861	87.7768	62.7643	1.39851
1628	0.0020064	0.114525	19.7097	73.3967	-5.28576	-0.0161988	87.8045	62.8259	1.39758
1629	0.00200737	0.114638	19.7504	73.3754	-5.27728	-0.0162114	87.8323	62.8876	1.39666
1630	0.00200834	0.11475	19.7913	73.354	-5.26877	-0.0162241	87.8602	62.9495	1.39573
1631	0.00200931	0.114863	19.8322	73.3325	-5.26022	-0.0162368	87.8882	63.0115	1.3948
1632	0.00201028	0.114977	19.8733	73.3109	-5.25164	-0.0162494	87.9163	63.0736	1.39387
1633	0.00201124	0.11509	19.9146	73.2893	-5.24302	-0.0162621	87.9446	63.1359	1.39294
1634	0.00201221	0.115204	19.9559	73.2676	-5.23436	-0.0162748	87.9729	63.1983	1.39201
1635	0.00201318	0.115318	19.9974	73.2458	-5.22567	-0.0162874	88.0013	63.2608	1.39109
1636	0.00201415	0.115432	20.0391	73.224	-5.21694	-0.0163001	88.0298	63.3235	1.39016
1637	0.00201511	0.115547	20.0808	73.202	-5.20817	-0.0163127	88.0584	63.3863	1.38923
1638	0.00201608	0.115661	20.1227	73.1801	-5.19936	-0.0163254	88.0871	63.4491	1.38831
1639	0.00201705	0.115776	20.1647	73.158	-5.19052	-0.016338	88.1159	63.5121	1.38739
1640	0.00201802	0.115891	20.2069	73.1359	-5.18164	-0.0163506	88.1448	63.5752	1.38646
1641	0.00201898	0.116006	20.2491	73.1137	-5.17273	-0.0163633	88.1738	63.6384	1.38554
1642	0.00201995	0.116122	20.2915	73.0915	-5.16379	-0.0163759	88.2028	63.7018	1.38462
1643	0.00202092	0.116237	20.334	73.0692	-5.15482	-0.0163885	88.232	63.7652	1.3837
1644	0.00202188	0.116353	20.3766	73.0468	-5.14583	-0.0164011	88.2612	63.8286	1.38278
1645	0.00202285	0.116469	20.4193	73.0244	-5.13682	-0.0164138	88.2904	63.8922	1.38187
1646	0.00202382	0.116585	20.4621	73.0019	-5.12778	-0.0164264	88.3198	63.9559	1.38095
1647	0.00202478	0.116701	20.505	72.9794	-5.11871	-0.016439	88.3492	64.0197	1.38003
1648	0.00202575	0.116818	20.548	72.9568	-5.10963	-0.0164516	88.3787	64.0835	1.37912
1649	0.00202672	0.116934	20.5912	72.9341	-5.10052	-0.0164642	88.4083	64.1474	1.37821
1650	0.00202768	0.117051	20.6344	72.9114	-5.09139	-0.0164768	88.438	64.2114	1.37729
1651	0.00202865	0.117168	20.6778	72.8887	-5.08224	-0.0164893	88.4677	64.2754	1.37638
1652	0.00202962	0.117284	20.7212	72.8658	-5.07306	-0.0165019	88.4975	64.3396	1.37548
1653	0.00203058	0.117401	20.7647	72.843	-5.06386	-0.0165145	88.5273	64.4038	1.37457
1654	0.00203155	0.117519	20.8084	72.82	-5.05463	-0.016527	88.5572	64.468	1.37366
1655	0.00203251	0.117636	20.8521	72.7971	-5.04538	-0.0165396	88.5872	64.5323	1.37276
1656	0.00203348	0.117753	20.8959	72.774	-5.0361	-0.0165521	88.6173	64.5967	1.37185
1657	0.00203444	0.117871	20.9398	72.7509	-5.0268	-0.0165647	88.6474	64.6611	1.37095
1658	0.00203541	0.117988	20.9838	72.7278	-5.01747	-0.0165772	88.6776	64.7256	1.37005
1659	0.00203638	0.118106	21.0279	72.7046	-5.00812	-0.0165897	88.7078	64.7901	1.36916
1660	0.00203734	0.118223	21.0721	72.6814	-4.99874	-0.0166023	88.7381	64.8547	1.36826
1661	0.00203831	0.118341	21.1163	72.6581	-4.98934	-0.0166148	88.7685	64.9194	1.36737
1662	0.00203927	0.118459	21.1607	72.6348	-4.97992	-0.0166273	88.7989	64.984	1.36647
1663	0.00204024	0.118577	21.2051	72.6115	-4.97047	-0.0166398	88.8294	65.0488	1.36558
1664	0.0020412	0.118695	21.2496	72.588	-4.961	-0.0166524	88.86	65.1135	1.36469
1665	0.00204217	0.118813	21.2942	72.5646	-4.95152	-0.0166649	88.8906	65.1783	1.36381
1666	0.00204313	0.118932	21.3389	72.5411	-4.94201	-0.0166774	88.9213	65.2431	1.36292
1667	0.0020441	0.11905	21.3836	72.5175	-4.93249	-0.0166899	88.952	65.308	1.36204
1668	0.00204506	0.119168	21.4284	72.494	-4.92295	-0.0167024	88.9827	65.3729	1.36116
1669	0.00204602	0.119286	21.4733	72.4703	-4.91339	-0.0167149	89.0136	65.4378	1.36028
1670	0.00204699	0.119405	21.5183	72.4467	-4.90381	-0.0167274	89.0444	65.5028	1.3594
1671	0.00204795	0.119523	21.5633	72.423	-4.89422	-0.01674	89.0753	65.5677	1.35852
1672	0.00204892	0.119642	21.6085	72.3992	-4.88461	-0.0167525	89.1063	65.6327	1.35765
1673	0.00204988	0.11976	21.6536	72.3754	-4.87498	-0.016765	89.1373	65.6978	1.35678
1674	0.00205085	0.119879	21.6989	72.3516	-4.86535	-0.0167775	89.1684	65.7628	1.35591
1675	0.00205181	0.119997	21.7442	72.3277	-4.85569	-0.0167901	89.1995	65.8279	1.35504
1676	0.00205277	0.120116	21.7896	72.3038	-4.84602	-0.0168026	89.2306	65.8929	1.35418
1677	0.00205374	0.120235	21.8351	72.2799	-4.83634	-0.0168152	89.2618	65.958	1.35331
1678	0.0020547	0.120353	21.8806	72.2559	-4.82665	-0.0168277	89.293	66.0231	1.35245
1679	0.00205567	0.120472	21.9261	72.2319	-4.81694	-0.0168403	89.3243	66.0882	1.35159
1680	0.00205663	0.120591	21.9718	72.2079	-4.80722	-0.0168528	89.3556	66.1533	1.35073
1681	0.00205759	0.120709	22.0175	72.1838	-4.79748	-0.0168654	89.3869	66.2185	1.34988
1682	0.00205856	0.120828	22.0632	72.1597	-4.78773	-0.016878	89.4183	66.2836	1.34903
1683	0.00205952	0.120947	22.1091	72.1355	-4.77797	-0.0168906	89.4497	66.3487	1.34818
1684	0.00206048	0.121066	22.1549	72.1114	-4.7682	-0.0169032	89.4812	66.4138	1.34733
1685	0.00206145	0.121184	22.2008	72.0872	-4.75842	-0.0169159	89.5127	66.479	1.34648
1686	0.00206241	0.121303	22.2468	72.0629	-4.74863	-0.0169285	89.5442	66.5441	1.34564
1687	0.00206337	0.121422	22.2928	72.0386	-4.73882	-0.0169412	89.5757	66.6092	1.3448
1688	0.00206433	0.12154	22.3389	72.0144	-4.72901	-0.0169538	89.6073	66.6743	1.34396
1689	0.0020653	0.121659	22.3851	71.99	-4.71917	-0.0169665	89.6389	66.7394	1.34312
1690	0.00206626	0.121778	22.4312	71.9657	-4.7093	-0.0169792	89.6706	66.8045	1.34228
1691	0.00206722	0.121896	22.4774	71.9413	-4.6994	-0.0169918	89.7024	66.8696	1.34145
1692	0.00206819	0.122015	22.5237	71.9169	-4.68947	-0.0170045	89.7341	66.9346	1.34062
1693	0.00206915	0.122133	22.57	71.8925	-4.67952	-0.0170173	89.7659	66.9997	1.3398
1694	0.00207011	0.122252	22.6164	71.868	-4.66954	-0.01703	89.7978	67.0647	1.33897
1695	0.00207107	0.12237	22.6628	71.8435	-4.65954	-0.0170427	89.8297	67.1297	1.33815
1696	0.00207204	0.122489	22.7092	71.819	-4.64953	-0.0170555	89.8616	67.1946	1.33733
1697	0.002073	0.122607	22.7557	71.7945	-4.6395	-0.0170682	89.8936	67.2596	1.33652
1698	0.00207396	0.122726	22.8022	71.77	-4.62946	-0.017081	89.9256	67.3245	1.3357
1699	0.00207492	0.122844	22.8487	71.7454	-4.61941	-0.0170938	89.9576	67.3894	1.33489
1700	0.00207588	0.122962	22.8953	71.7208	-4.60936	-0.0171066	89.9896	67.4543	1.33408
1701	0.00207685	0.12308	22.9419	71.6962	-4.5993	-0.0171194	90.0216	67.5191	1.33328
1702	0.00207781	0.123198	22.9885	71.6716	-4.58924	-0.0171323	90.0537	67.5839	1.33247
1703	0.00207877	0.123316	23.0351	71.6469	-4.57918	-0.0171451	90.0858	67.6486	1.33167
1704	0.00207973	0.123434	23.0818	71.6223	-4.56911	-0.017158	90.1178	67.7133	1.33087
1705	0.00208069	0.123552	23.1285	71.5976	-4.55905	-0.0171708	90.1499	67.778	1.33008
1706	0.00208166	0.12367	23.1753	71.5729	-4.549	-0.0171837	90.182	67.8426	1.32928
1707	0.00208262	0.123788	23.222	71.5482	-4.53895	-0.0171966	90.2141	67.9072	1.32849
1708	0.00208358	0.123905	23.2688	71.5235	-4.5289	-0.0172095	90.2462	67.9717	1.3277
1709	0.00208454	0.124023	23.3156	71.4988	-4.51886	-0.0172225	90.2783	68.0362	1.32692
1710	0.0020855	0.12414	23.3624	71.474	-4.50883	-0.0172354	90.3104	68.1006	1.32613
1711	0.00208646	0.124258	23.4092	71.4493	-4.49881	-0.0172484	90.3424	68.1649	1.32535
1712	0.00208742	0.124375	23.456	71.4245	-4.48881	-0.0172613	90.3745	68.2292	1.32457
1713	0.00208839	0.124492	23.5029	71.3998	-4.47881	-0.0172743	90.4066	68.2935	1.32379
1714	0.00208935	0.124609	23.5497	71.375	-4.46883	-0.0172873	90.4386	68.3577	1.32302
1715	0.00209031	0.124726	23.5966	71.3502	-4.45886	-0.0173003	90.4707	68.4218	1.32225
1716	0.00209127	0.124843	23.6435	71.3254	-4.4489	-0.0173133	90.5027	68.4858	1.32148
1717	0.00209223	0.124959	23.6903	71.3006	-4.43897	-0.0173264	90.5347	68.5498	1.32071
1718	0.00209319	0.125076	23.7372	71.2758	-4.42905	-0.0173394	90.5667	68.6138	1.31995
1719	0.00209415	0.125192	23.7841	71.251	-4.41915	-0.0173525	90.5986	68.6776	1.31919
1720	0.00209511	0.125308	23.831	71.2262	-4.40927	-0.0173656	90.6306	68.7414	1.31843
1721	0.00209607	0.125425	23.8779	71.2014	-4.39941	-0.0173787	90.6625	68.8051	1.31767
1722	0.00209703	0.125541	23.9248	71.1766	-4.38957	-0.0173918	90.6944	68.8687	1.31692
1723	0.00209799	0.125656	23.9717	71.1518	-4.37976	-0.0174049	90.7263	68.9323	1.31617
1724	0.00209896	0.125772	24.0185	71.127	-4.36997	-0.0174181	90.7581	68.9957	1.31542
1725	0.00209992	0.125888	24.0654	71.1022	-4.36021	-0.0174313	90.7899	69.0591	1.31467
1726	0.00210088	0.126003	24.1123	71.0773	-4.35048	-0.0174444	90.8217	69.1224	1.31393
1727	0.00210184	0.126118	24.1591	71.0525	-4.34077	-0.0174576	90.8534	69.1857	1.31318
1728	0.0021028	0.126233	24.206	71.0277	-4.3311	-0.0174708	90.8851	69.2488	1.31244
1729	0.00210376	0.126348	24.2528	71.0029	-4.32146	-0.017484	90.9168	69.3119	1.31171
1730	0.00210472	0.126463	24.2996	70.9781	-4.31185	-0.0174972	90.9484	69.3748	1.31097
1731	0.00210568	0.126578	24.3465	70.9533	-4.30227	-0.0175105	90.98	69.4377	1.31024
1732	0.00210664	0.126692	24.3933	70.9285	-4.29273	-0.0175237	91.0115	69.5005	1.30951
1733	0.0021076	0.126807	24.4401	70.9037	-4.28321	-0.0175369	91.043	69.5632	1.30878
1734	0.00210856	0.126921	24.4868	70.8789	-4.27373	-0.0175502	91.0745	69.6258	1.30806
1735	0.00210952	0.127035	24.5336	70.8542	-4.26427	-0.0175635	91.1059	69.6883	1.30733
1736	0.00211048	0.127148	24.5803	70.8294	-4.25485	-0.0175767	91.1373	69.7507	1.30661
1737	0.00211144	0.127262	24.6271	70.8046	-4.24546	-0.01759	91.1686	69.8131	1.3059
1738	0.0021124	0.127375	24.6738	70.7799	-4.23609	-0.0176033	91.1999	69.8753	1.30518
1739	0.00211336	0.127489	24.7205	70.7551	-4.22676	-0.0176167	91.2312	69.9374	1.30447
1740	0.00211432	0.127602	24.7671	70.7304	-4.21746	-0.01763	91.2624	69.9995	1.30376
1741	0.00211528	0.127715	24.8138	70.7056	-4.20819	-0.0176433	91.2935	70.0614	1.30305
1742	0.00211624	0.127828	24.8604	70.6809	-4.19896	-0.0176567	91.3247	70.1233	1.30234
1743	0.0021172	0.12794	24.907	70.6562	-4.18975	-0.01767	91.3557	70.185	1.30164
1744	0.00211815	0.128052	24.9536	70.6315	-4.18058	-0.0176834	91.3868	70.2467	1.30094
1745	0.00211911	0.128165	25.0001	70.6067	-4.17145	-0.0176968	91.4177	70.3082	1.30024
1746	0.00212007	0.128277	25.0467	70.5821	-4.16235	-0.0177102	91.4487	70.3697	1.29955
1747	0.00212103	0.128389	25.0932	70.5574	-4.15328	-0.0177236	91.4795	70.431	1.29885
1748	0.00212199	0.1285	25.1397	70.5327	-4.14425	-0.017737	91.5104	70.4923	1.29816
1749	0.00212295	0.128612	25.1861	70.508	-4.13525	-0.0177504	91.5412	70.5534	1.29747
1750	0.00212391	0.128723	25.2326	70.4834	-4.12629	-0.0177638	91.5719	70.6145	1.29679
1751	0.00212487	0.128834	25.279	70.4587	-4.11736	-0.0177772	91.6026	70.6754	1.2961
1752	0.00212583	0.128945	25.3253	70.4341	-4.10846	-0.0177906	91.6332	70.7363	1.29542
1753	0.00212679	0.129056	25.3717	70.4095	-4.0996	-0.0178041	91.6638	70.797	1.29474
1754	0.00212775	0.129166	25.418	70.3849	-4.09076	-0.0178175	91.6943	70.8576	1.29406
1755	0.0021287	0.129277	25.4643	70.3603	-4.08197	-0.0178309	91.7248	70.9182	1.29339
1756	0.00212966	0.129387	25.5105	70.3357	-4.0732	-0.0178444	91.7552	70.9786	1.29272
1757	0.00213062	0.129497	25.5568	70.3112	-4.06447	-0.0178578	91.7856	71.0389	1.29205
1758	0.00213158	0.129606	25.603	70.2866	-4.05576	-0.0178712	91.816	71.0991	1.29138
1759	0.00213254	0.129716	25.6491	70.2621	-4.0471	-0.0178847	91.8462	71.1592	1.29072
1760	0.0021335	0.129825	25.6953	70.2376	-4.03846	-0.0178981	91.8765	71.2192	1.29005
1761	0.00213445	0.129934	25.7414	70.2131	-4.02985	-0.0179115	91.9067	71.2791	1.28939
1762	0.00213541	0.130043	25.7874	70.1886	-4.02128	-0.017925	91.9368	71.3388	1.28873
1763	0.00213637	0.130152	25.8335	70.1641	-4.01273	-0.0179384	91.9669	71.3985	1.28808
1764	0.00213733	0.130261	25.8795	70.1396	-4.00421	-0.0179518	91.9969	71.4581	1.28743
1765	0.00213828	0.130369	25.9255	70.1152	-3.99572	-0.0179652	92.0269	71.5176	1.28677
1766	0.00213924	0.130477	25.9714	70.0907	-3.98726	-0.0179786	92.0569	71.5769	1.28613
1767	0.0021402	0.130585	26.0173	70.0663	-3.97882	-0.017992	92.0868	71.6362	1.28548
1768	0.00214116	0.130693	26.0632	70.0419	-3.97041	-0.0180054	92.1167	71.6953	1.28484
1769	0.00214211	0.130801	26.109	70.0175	-3.96202	-0.0180188	92.1465	71.7544	1.28419
1770	0.00214307	0.130908	26.1549	69.9931	-3.95366	-0.0180322	92.1763	71.8133	1.28355
1771	0.00214403	0.131016	26.2006	69.9687	-3.94532	-0.0180455	92.206	71.8722	1.28292
1772	0.00214498	0.131123	26.2464	69.9444	-3.937	-0.0180589	92.2357	71.9309	1.28228
1773	0.00214594	0.13123	26.2921	69.92	-3.9287	-0.0180723	92.2654	71.9895	1.28165
1774	0.0021469	0.131336	26.3378	69.8957	-3.92042	-0.0180856	92.295	72.0481	1.28102
1775	0.00214785	0.131443	26.3835	69.8714	-3.91216	-0.018099	92.3246	72.1065	1.28039
1776	0.00214881	0.131549	26.4291	69.8471	-3.90392	-0.0181123	92.3542	72.1648	1.27977
1777	0.00214976	0.131655	26.4747	69.8228	-3.8957	-0.0181256	92.3837	72.2231	1.27914
1778	0.00215072	0.131761	26.5203	69.7985	-3.8875	-0.0181389	92.4132	72.2812	1.27852
1779	0.00215168	0.131867	26.5658	69.7743	-3.87931	-0.0181522	92.4426	72.3392	1.2779
1780	0.00215263	0.131973	26.6114	69.75	-3.87114	-0.0181655	92.4721	72.3972	1.27729
1781	0.00215359	0.132078	26.6568	69.7258	-3.86298	-0.0181788	92.5015	72.455	1.27667
1782	0.00215454	0.132183	26.7023	69.7015	-3.85484	-0.0181921	92.5308	72.5127	1.27606
1783	0.0021555	0.132288	26.7477	69.6773	-3.84671	-0.0182053	92.5601	72.5704	1.27545
1784	0.00215646	0.132393	26.7931	69.6531	-3.8386	-0.0182186	92.5894	72.6279	1.27485
1785	0.00215741	0.132498	26.8385	69.6289	-3.8305	-0.0182318	92.6187	72.6854	1.27424
1786	0.00215837	0.132602	26.8838	69.6048	-3.82241	-0.0182451	92.6479	72.7427	1.27364
1787	0.00215932	0.132707	26.9292	69.5806	-3.81434	-0.0182583	92.6771	72.8	1.27304
1788	0.00216028	0.132811	26.9744	69.5564	-3.80627	-0.0182715	92.7063	72.8571	1.27244
1789	0.00216123	0.132915	27.0197	69.5323	-3.79822	-0.0182847	92.7355	72.9142	1.27184
1790	0.00216219	0.133019	27.0649	69.5082	-3.79017	-0.0182979	92.7646	72.9712	1.27125
1791	0.00216314	0.133123	27.1101	69.484	-3.78214	-0.0183111	92.7937	73.0281	1.27066
1792	0.0021641	0.133226	27.1553	69.4599	-3.77411	-0.0183242	92.8228	73.0849	1.27007
1793	0.00216505	0.13333	27.2005	69.4358	-3.76609	-0.0183374	92.8519	73.1416	1.26948
1794	0.00216601	0.133433	27.2456	69.4117	-3.75808	-0.0183505	92.8809	73.1982	1.2689
1795	0.00216696	0.133536	27.2907	69.3877	-3.75007	-0.0183636	92.9099	73.2547	1.26831
1796	0.00216791	0.133639	27.3358	69.3636	-3.74207	-0.0183767	92.9389	73.3111	1.26773
1797	0.00216887	0.133741	27.3808	69.3395	-3.73408	-0.0183898	92.9679	73.3675	1.26715
1798	0.00216982	0.133844	27.4259	69.3155	-3.72608	-0.0184029	92.9969	73.4237	1.26658
1799	0.00217078	0.133946	27.4709	69.2914	-3.71809	-0.018416	93.0258	73.4799	1.266
1800	0.00217173	0.134049	27.5159	69.2674	-3.71011	-0.018429	93.0547	73.536	1.26543
1801	0.00217268	0.134151	27.5608	69.2434	-3.70213	-0.0184421	93.0836	73.592	1.26486
1802	0.00217364	0.134253	27.6057	69.2194	-3.69415	-0.0184551	93.1125	73.6479	1.26429
1803	0.00217459	0.134354	27.6507	69.1954	-3.68617	-0.0184681	93.1414	73.7037	1.26373
1804	0.00217555	0.134456	27.6955	69.1714	-3.6782	-0.0184812	93.1703	73.7594	1.26316
1805	0.0021765	0.134557	27.7404	69.1474	-3.67023	-0.0184942	93.1991	73.8151	1.2626
1806	0.00217745	0.134659	27.7853	69.1234	-3.66227	-0.0185072	93.2279	73.8707	1.26204
1807	0.00217841	0.13476	27.8301	69.0995	-3.65431	-0.0185202	93.2567	73.9262	1.26148
1808	0.00217936	0.134861	27.8749	69.0755	-3.64634	-0.0185332	93.2855	73.9816	1.26093
1809	0.00218031	0.134962	27.9197	69.0516	-3.63838	-0.0185461	93.3143	74.0369	1.26038
1810	0.00218127	0.135062	27.9644	69.0276	-3.63041	-0.0185591	93.3431	74.0921	1.25982
1811	0.00218222	0.135163	28.0092	69.0037	-3.62245	-0.0185721	93.3718	74.1473	1.25928
1812	0.00218317	0.135263	28.0539	68.9798	-3.61448	-0.018585	93.4006	74.2024	1.25873
1813	0.00218413	0.135364	28.0986	68.9559	-3.6065	-0.018598	93.4293	74.2574	1.25818
1814	0.00218508	0.135464	28.1433	68.9319	-3.59853	-0.0186109	93.4581	74.3123	1.25764
1815	0.00218603	0.135564	28.1879	68.908	-3.59055	-0.0186239	93.4868	74.3671	1.2571
1816	0.00218698	0.135663	28.2325	68.8841	-3.58257	-0.0186368	93.5155	74.4219	1.25656
1817	0.00218794	0.135763	28.2772	68.8603	-3.57458	-0.0186497	93.5442	74.4766	1.25602
1818	0.00218889	0.135863	28.3218	68.8364	-3.56659	-0.0186626	93.5729	74.5312	1.25549
1819	0.00218984	0.135962	28.3664	68.8125	-3.5586	-0.0186755	93.6016	74.5857	1.25495
1820	0.00219079	0.136061	28.4109	68.7886	-3.5506	-0.0186884	93.6303	74.6402	1.25442
1821	0.00219175	0.13616	28.4555	68.7648	-3.5426	-0.0187013	93.6589	74.6945	1.25389
1822	0.0021927	0.136259	28.5	68.7409	-3.53459	-0.0187142	93.6876	74.7489	1.25337
1823	0.00219365	0.136358	28.5445	68.7171	-3.52659	-0.0187271	93.7163	74.8031	1.25284
1824	0.0021946	0.136457	28.589	68.6932	-3.51857	-0.01874	93.7449	74.8572	1.25232
1825	0.00219556	0.136556	28.6335	68.6694	-3.51056	-0.0187529	93.7736	74.9113	1.25179
1826	0.00219651	0.136654	28.678	68.6456	-3.50254	-0.0187658	93.8022	74.9653	1.25127
1827	0.00219746	0.136752	28.7224	68.6217	-3.49452	-0.0187787	93.8308	75.0193	1.25076
1828	0.00219841	0.136851	28.7669	68.5979	-3.48651	-0.0187916	93.8595	75.0732	1.25024
1829	0.00219936	0.136949	28.8113	68.5741	-3.47849	-0.0188044	93.8881	75.127	1.24973
1830	0.00220032	0.137047	28.8557	68.5503	-3.47047	-0.0188173	93.9167	75.1807	1.24921
1831	0.00220127	0.137144	28.9001	68.5265	-3.46246	-0.0188302	93.9453	75.2344	1.2487
1832	0.00220222	0.137242	28.9445	68.5027	-3.45445	-0.0188431	93.9738	75.2879	1.24819
1833	0.00220317	0.13734	28.9888	68.4789	-3.44645	-0.0188559	94.0024	75.3415	1.24768
1834	0.00220412	0.137437	29.0332	68.4551	-3.43845	-0.0188688	94.0309	75.3949	1.24718
1835	0.00220507	0.137535	29.0775	68.4313	-3.43046	-0.0188817	94.0595	75.4483	1.24667
1836	0.00220602	0.137632	29.1219	68.4075	-3.42248	-0.0188945	94.088	75.5016	1.24617
1837	0.00220698	0.137729	29.1662	68.3837	-3.41451	-0.0189074	94.1165	75.5549	1.24567
1838	0.00220793	0.137826	29.2105	68.3599	-3.40655	-0.0189203	94.1449	75.6081	1.24517
1839	0.00220888	0.137923	29.2548	68.3361	-3.3986	-0.0189331	94.1734	75.6612	1.24467
1840	0.00220983	0.138019	29.2991	68.3124	-3.39067	-0.018946	94.2018	75.7143	1.24417
1841	0.00221078	0.138116	29.3434	68.2886	-3.38275	-0.0189588	94.2302	75.7673	1.24368
1842	0.00221173	0.138213	29.3876	68.2648	-3.37485	-0.0189717	94.2586	75.8203	1.24318
1843	0.00221268	0.138309	29.4319	68.241	-3.36697	-0.0189846	94.287	75.8731	1.24269
1844	0.00221363	0.138405	29.4762	68.2172	-3.35911	-0.0189974	94.3153	75.926	1.2422
1845	0.00221458	0.138501	29.5204	68.1935	-3.35128	-0.0190103	94.3436	75.9787	1.24171
1846	0.00221553	0.138597	29.5646	68.1697	-3.34347	-0.0190232	94.3719	76.0314	1.24122
1847	0.00221648	0.138693	29.6089	68.1459	-3.33569	-0.0190361	94.4001	76.0841	1.24073
1848	0.00221743	0.138789	29.6531	68.1222	-3.32794	-0.0190489	94.4283	76.1367	1.24025
1849	0.00221839	0.138885	29.6973	68.0984	-3.32022	-0.0190618	94.4564	76.1892	1.23976
1850	0.00221934	0.138981	29.7416	68.0746	-3.31254	-0.0190747	94.4846	76.2417	1.23928
1851	0.00222029	0.139076	29.7858	68.0508	-3.3049	-0.0190876	94.5126	76.2941	1.23879
1852	0.00222124	0.139172	29.83	68.0271	-3.2973	-0.0191005	94.5406	76.3465	1.23831
1853	0.00222219	0.139267	29.8742	68.0033	-3.28974	-0.0191133	94.5686	76.3988	1.23783
1854	0.00222314	0.139362	29.9184	67.9795	-3.28224	-0.0191262	94.5965	76.4511	1.23735
1855	0.00222409	0.139458	29.9626	67.9557	-3.27477	-0.0191391	94.6244	76.5033	1.23687
1856	0.00222504	0.139553	30.0068	67.9319	-3.26736	-0.019152	94.6522	76.5554	1.23639
1857	0.00222599	0.139648	30.051	67.9082	-3.26	-0.0191649	94.68	76.6075	1.23591
1858	0.00222694	0.139743	30.0952	67.8844	-3.25268	-0.0191778	94.7077	76.6596	1.23543
1859	0.00222789	0.139837	30.1394	67.8606	-3.24542	-0.0191907	94.7354	76.7116	1.23495
1860	0.00222884	0.139932	30.1836	67.8368	-3.23821	-0.0192036	94.763	76.7636	1.23448
1861	0.00222979	0.140027	30.2278	67.813	-3.23106	-0.0192165	94.7905	76.8155	1.234
1862	0.00223074	0.140121	30.272	67.7892	-3.22396	-0.0192294	94.818	76.8674	1.23353
1863	0.00223169	0.140216	30.3163	67.7654	-3.21692	-0.0192423	94.8455	76.9192	1.23305
1864	0.00223264	0.14031	30.3605	67.7415	-3.20994	-0.0192552	94.8728	76.971	1.23258
1865	0.00223359	0.140404	30.4047	67.7177	-3.20302	-0.0192681	94.9001	77.0227	1.23211
1866	0.00223454	0.140499	30.4489	67.6939	-3.19617	-0.019281	94.9274	77.0744	1.23163
1867	0.00223549	0.140593	30.4932	67.6701	-3.18938	-0.019294	94.9545	77.1261	1.23116
1868	0.00223644	0.140687	30.5374	67.6462	-3.18265	-0.0193069	94.9817	77.1777	1.23069
1869	0.00223739	0.140781	30.5816	67.6224	-3.17599	-0.0193198	95.0087	77.2293	1.23022
1870	0.00223834	0.140875	30.6259	67.5985	-3.16941	-0.0193328	95.0357	77.2808	1.22975
1871	0.00223929	0.140969	30.6702	67.5747	-3.16289	-0.0193457	95.0626	77.3323	1.22927
1872	0.00224023	0.141063	30.7144	67.5508	-3.15645	-0.0193586	95.0894	77.3837	1.2288
1873	0.00224118	0.141156	30.7587	67.5269	-3.15008	-0.0193716	95.1162	77.4352	1.22833
1874	0.00224213	0.14125	30.803	67.503	-3.14379	-0.0193845	95.1429	77.4865	1.22786
1875	0.00224308	0.141344	30.8473	67.4791	-3.13758	-0.0193975	95.1695	77.5379	1.22739
1876	0.00224403	0.141437	30.8916	67.4552	-3.13145	-0.0194105	95.196	77.5892	1.22692
1877	0.00224498	0.141531	30.9359	67.4313	-3.1254	-0.0194234	95.2224	77.6405	1.22645
1878	0.00224593	0.141624	30.9803	67.4074	-3.11944	-0.0194364	95.2488	77.6917	1.22598
1879	0.00224688	0.141717	31.0246	67.3835	-3.11356	-0.0194494	95.2751	77.7429	1.22551
1880	0.00224783	0.141811	31.069	67.3595	-3.10778	-0.0194623	95.3013	77.7941	1.22504
1881	0.00224878	0.141904	31.1134	67.3356	-3.10208	-0.0194753	95.3274	77.8453	1.22458
1882	0.00224973	0.141997	31.1577	67.3116	-3.09647	-0.0194883	95.3534	77.8964	1.22411
1883	0.00225068	0.14209	31.2021	67.2876	-3.09096	-0.0195013	95.3793	77.9475	1.22364
1884	0.00225163	0.142183	31.2466	67.2636	-3.08554	-0.0195143	95.4051	77.9985	1.22317
1885	0.00225258	0.142276	31.291	67.2396	-3.08022	-0.0195273	95.4309	78.0495	1.2227
1886	0.00225352	0.142369	31.3354	67.2156	-3.07499	-0.0195403	95.4565	78.1005	1.22223
1887	0.00225447	0.142462	31.3799	67.1916	-3.06985	-0.0195533	95.4821	78.1515	1.22176
1888	0.00225542	0.142555	31.4244	67.1676	-3.06482	-0.0195663	95.5076	78.2024	1.22129
1889	0.00225637	0.142648	31.4689	67.1435	-3.05988	-0.0195793	95.533	78.2534	1.22082
1890	0.00225732	0.142741	31.5134	67.1195	-3.05505	-0.0195923	95.5582	78.3043	1.22035
1891	0.00225827	0.142833	31.558	67.0954	-3.05031	-0.0196053	95.5834	78.3551	1.21987
1892	0.00225922	0.142926	31.6025	67.0713	-3.04568	-0.0196183	95.6085	78.406	1.2194
1893	0.00226017	0.143019	31.6471	67.0472	-3.04115	-0.0196314	95.6335	78.4568	1.21893
1894	0.00226112	0.143111	31.6917	67.0231	-3.03672	-0.0196444	95.6584	78.5076	1.21846
1895	0.00226206	0.143204	31.7363	66.9989	-3.0324	-0.0196574	95.6832	78.5583	1.21799
1896	0.00226301	0.143296	31.7809	66.9748	-3.02818	-0.0196704	95.7079	78.6091	1.21752
1897	0.00226396	0.143389	31.8256	66.9506	-3.02407	-0.0196835	95.7325	78.6598	1.21704
1898	0.00226491	0.143481	31.8703	66.9265	-3.02006	-0.0196965	95.757	78.7105	1.21657
1899	0.00226586	0.143573	31.915	66.9023	-3.01616	-0.0197095	95.7814	78.7612	1.2161
1900	0.00226681	0.143666	31.9597	66.8781	-3.01237	-0.0197226	95.8057	78.8118	1.21563
1901	0.00226776	0.143758	32.0044	66.8539	-3.00869	-0.0197356	95.8299	78.8624	1.21515
1902	0.0022687	0.14385	32.0492	66.8296	-3.00512	-0.0197486	95.854	78.9131	1.21468
1903	0.00226965	0.143943	32.094	66.8054	-3.00166	-0.0197617	95.878	78.9636	1.2142
1904	0.0022706	0.144035	32.1388	66.7811	-2.9983	-0.0197747	95.9019	79.0142	1.21373
1905	0.00227155	0.144127	32.1836	66.7569	-2.99506	-0.0197877	95.9256	79.0648	1.21325
1906	0.0022725	0.144219	32.2285	66.7326	-2.99193	-0.0198008	95.9493	79.1153	1.21278
1907	0.00227345	0.144311	32.2734	66.7083	-2.98891	-0.0198138	95.9729	79.1658	1.2123
1908	0.00227439	0.144403	32.3183	66.6839	-2.986	-0.0198268	95.9964	79.2163	1.21183
1909	0.00227534	0.144495	32.3632	66.6596	-2.9832	-0.0198398	96.0197	79.2667	1.21135
1910	0.00227629	0.144587	32.4081	66.6352	-2.98052	-0.0198529	96.043	79.3172	1.21087
1911	0.00227724	0.144679	32.4531	66.6109	-2.97795	-0.0198659	96.0661	79.3676	1.21039
1912	0.00227819	0.144771	32.4981	66.5865	-2.9755	-0.0198789	96.0892	79.418	1.20992
1913	0.00227914	0.144863	32.5431	66.5621	-2.97316	-0.019892	96.1121	79.4684	1.20944
1914	0.00228008	0.144955	32.5881	66.5377	-2.97093	-0.019905	96.135	79.5188	1.20896
1915	0.00228103	0.145046	32.6332	66.5132	-2.96882	-0.019918	96.1577	79.5691	1.20848
1916	0.00228198	0.145138	32.6783	66.4888	-2.96682	-0.019931	96.1803	79.6194	1.208
1917	0.00228293	0.14523	32.7234	66.4643	-2.96495	-0.0199441	96.2028	79.6698	1.20752
1918	0.00228387	0.145321	32.7685	66.4398	-2.96318	-0.0199571	96.2252	79.7201	1.20704
1919	0.00228482	0.145413	32.8137	66.4153	-2.96154	-0.0199701	96.2475	79.7703	1.20656
1920	0.00228577	0.145505	32.8589	66.3908	-2.96002	-0.0199831	96.2697	79.8206	1.20608
1921	0.00228672	0.145596	32.9041	66.3663	-2.95861	-0.0199961	96.2918	79.8708	1.20559
1922	0.00228767	0.145688	32.9493	66.3417	-2.95732	-0.0200091	96.3137	79.9211	1.20511
1923	0.00228861	0.145779	32.9946	66.3172	-2.95615	-0.0200221	96.3356	79.9713	1.20463
1924	0.00228956	0.145871	33.0399	66.2926	-2.9551	-0.0200351	96.3573	80.0215	1.20414
1925	0.00229051	0.145962	33.0852	66.268	-2.95416	-0.0200481	96.379	80.0716	1.20366
1926	0.00229146	0.146054	33.1305	66.2434	-2.95335	-0.0200611	96.4005	80.1218	1.20317
1927	0.0022924	0.146145	33.1759	66.2187	-2.95266	-0.0200741	96.4219	80.1719	1.20269
1928	0.00229335	0.146237	33.2213	66.1941	-2.95208	-0.0200871	96.4432	80.2221	1.2022
1929	0.0022943	0.146328	33.2667	66.1694	-2.95163	-0.0201001	96.4644	80.2722	1.20172
1930	0.00229525	0.146419	33.3121	66.1447	-2.95129	-0.0201131	96.4854	80.3223	1.20123
1931	0.00229619	0.14651	33.3576	66.12	-2.95107	-0.020126	96.5064	80.3723	1.20074
1932	0.00229714	0.146602	33.4031	66.0953	-2.95097	-0.020139	96.5273	80.4224	1.20025
1933	0.00229809	0.146693	33.4486	66.0705	-2.95099	-0.020152	96.548	80.4724	1.19977
1934	0.00229903	0.146784	33.4942	66.0458	-2.95112	-0.0201649	96.5687	80.5225	1.19928
1935	0.00229998	0.146875	33.5398	66.021	-2.95137	-0.0201779	96.5892	80.5725	1.19879
1936	0.00230093	0.146967	33.5854	65.9962	-2.95173	-0.0201908	96.6096	80.6225	1.1983
1937	0.00230188	0.147058	33.631	65.9714	-2.95221	-0.0202037	96.63	80.6725	1.19781
1938	0.00230282	0.147149	33.6767	65.9465	-2.9528	-0.0202166	96.6502	80.7225	1.19731
1939	0.00230377	0.14724	33.7224	65.9217	-2.9535	-0.0202295	96.6703	80.7724	1.19682
1940	0.00230472	0.147331	33.7681	65.8968	-2.95432	-0.0202424	96.6903	80.8224	1.19633
1941	0.00230566	0.147422	33.8138	65.8719	-2.95525	-0.0202553	96.7102	80.8723	1.19584
1942	0.00230661	0.147513	33.8596	65.847	-2.95629	-0.0202682	96.7301	80.9223	1.19535
1943	0.00230756	0.147604	33.9054	65.8221	-2.95744	-0.0202811	96.7498	80.9722	1.19485
1944	0.0023085	0.147695	33.9513	65.7971	-2.9587	-0.0202939	96.7694	81.0221	1.19436
1945	0.00230945	0.147786	33.9971	65.7721	-2.96006	-0.0203068	96.7889	81.072	1.19386
1946	0.0023104	0.147877	34.043	65.7472	-2.96154	-0.0203196	96.8083	81.1219	1.19337
1947	0.00231134	0.147968	34.089	65.7221	-2.96313	-0.0203324	96.8277	81.1717	1.19287
1948	0.00231229	0.148059	34.1349	65.6971	-2.96482	-0.0203453	96.8469	81.2216	1.19238
1949	0.00231323	0.148149	34.1809	65.672	-2.96662	-0.0203581	96.866	81.2714	1.19188
1950	0.00231418	0.14824	34.227	65.647	-2.96853	-0.0203709	96.885	81.3213	1.19139
1951	0.00231513	0.148331	34.273	65.6219	-2.97055	-0.0203836	96.904	81.3711	1.19089
1952	0.00231607	0.148422	34.3191	65.5968	-2.97268	-0.0203964	96.9228	81.4209	1.19039
1953	0.00231702	0.148513	34.3653	65.5716	-2.97492	-0.0204092	96.9416	81.4707	1.18989
1954	0.00231797	0.148604	34.4114	65.5465	-2.97727	-0.0204219	96.9602	81.5205	1.1894
1955	0.00231891	0.148694	34.4576	65.5213	-2.97974	-0.0204346	96.9787	81.5703	1.1889
1956	0.00231986	0.148785	34.5039	65.4961	-2.98232	-0.0204474	96.9972	81.6201	1.1884
1957	0.0023208	0.148876	34.5501	65.4708	-2.98501	-0.0204601	97.0155	81.6699	1.1879
1958	0.00232175	0.148967	34.5964	65.4456	-2.98783	-0.0204728	97.0337	81.7197	1.1874
1959	0.00232269	0.149057	34.6428	65.4203	-2.99075	-0.0204855	97.0518	81.7695	1.1869
1960	0.00232364	0.149148	34.6891	65.395	-2.9938	-0.0204981	97.0698	81.8192	1.18639
1961	0.00232459	0.149239	34.7355	65.3697	-2.99696	-0.0205108	97.0878	81.869	1.18589
1962	0.00232553	0.149329	34.782	65.3444	-3.00023	-0.0205234	97.1056	81.9187	1.18539
1963	0.00232648	0.14942	34.8284	65.319	-3.00362	-0.020536	97.1233	81.9685	1.18489
1964	0.00232742	0.149511	34.875	65.2936	-3.00712	-0.0205486	97.1409	82.0182	1.18438
1965	0.00232837	0.149601	34.9215	65.2682	-3.01073	-0.0205612	97.1584	82.0679	1.18388
1966	0.00232931	0.149692	34.9681	65.2428	-3.01446	-0.0205738	97.1758	82.1176	1.18337
1967	0.00233026	0.149783	35.0147	65.2173	-3.01829	-0.0205864	97.1931	82.1674	1.18287
1968	0.0023312	0.149873	35.0614	65.1918	-3.02224	-0.0205989	97.2103	82.2171	1.18236
1969	0.00233215	0.149964	35.108	65.1663	-3.02629	-0.0206114	97.2275	82.2668	1.18186
1970	0.00233309	0.150054	35.1548	65.1408	-3.03045	-0.0206239	97.2445	82.3165	1.18135
1971	0.00233404	0.150145	35.2015	65.1152	-3.03471	-0.0206364	97.2614	82.3662	1.18084
1972	0.00233498	0.150236	35.2483	65.0897	-3.03907	-0.0206489	97.2783	82.4159	1.18033
1973	0.00233593	0.150326	35.2952	65.0641	-3.04353	-0.0206614	97.2951	82.4656	1.17983
1974	0.00233687	0.150417	35.3421	65.0384	-3.04809	-0.0206738	97.3118	82.5152	1.17932
1975	0.00233782	0.150507	35.389	65.0128	-3.05275	-0.0206862	97.3284	82.5649	1.17881
1976	0.00233876	0.150598	35.4359	64.9871	-3.0575	-0.0206986	97.3449	82.6146	1.1783
1977	0.00233971	0.150688	35.4829	64.9614	-3.06234	-0.020711	97.3613	82.6643	1.17779
1978	0.00234065	0.150779	35.53	64.9357	-3.06727	-0.0207233	97.3777	82.7139	1.17728
1979	0.0023416	0.15087	35.577	64.91	-3.07229	-0.0207356	97.394	82.7636	1.17677
1980	0.00234254	0.15096	35.6241	64.8842	-3.07739	-0.0207479	97.4102	82.8133	1.17626
1981	0.00234348	0.151051	35.6713	64.8584	-3.08258	-0.0207602	97.4263	82.8629	1.17575
1982	0.00234443	0.151141	35.7184	64.8326	-3.08785	-0.0207725	97.4424	82.9125	1.17524
1983	0.00234537	0.151232	35.7657	64.8068	-3.09319	-0.0207847	97.4584	82.9622	1.17473
1984	0.00234632	0.151322	35.8129	64.7809	-3.09861	-0.0207969	97.4744	83.0118	1.17422
1985	0.00234726	0.151412	35.8602	64.755	-3.10411	-0.0208091	97.4903	83.0615	1.17371
1986	0.0023482	0.151503	35.9075	64.7291	-3.10967	-0.0208212	97.5061	83.1111	1.1732
1987	0.00234915	0.151593	35.9549	64.7032	-3.11531	-0.0208333	97.5219	83.1607	1.17269
1988	0.00235009	0.151684	36.0023	64.6772	-3.12102	-0.0208454	97.5376	83.2103	1.17218
1989	0.00235104	0.151774	36.0497	64.6512	-3.12679	-0.0208575	97.5533	83.2599	1.17167
1990	0.00235198	0.151865	36.0972	64.6252	-3.13262	-0.0208695	97.5689	83.3095	1.17116
1991	0.00235292	0.151955	36.1447	64.5992	-3.13852	-0.0208815	97.5845	83.3591	1.17065
1992	0.00235387	0.152045	36.1922	64.5732	-3.14448	-0.0208935	97.6	83.4087	1.17014
1993	0.00235481	0.152136	36.2398	64.5471	-3.1505	-0.0209054	97.6155	83.4583	1.16963
1994	0.00235575	0.152226	36.2874	64.521	-3.15659	-0.0209174	97.6309	83.5078	1.16912
1995	0.0023567	0.152317	36.3351	64.4949	-3.16274	-0.0209293	97.6463	83.5574	1.16861
1996	0.00235764	0.152407	36.3827	64.4687	-3.16897	-0.0209412	97.6616	83.607	1.1681
1997	0.00235858	0.152497	36.4305	64.4426	-3.17526	-0.020953	97.6768	83.6565	1.16759
1998	0.00235953	0.152588	36.4782	64.4164	-3.18162	-0.0209648	97.692	83.7061	1.16708
1999	0.00236047	0.152678	36.526	64.3902	-3.18804	-0.0209767	97.7071	83.7556	1.16657
2000	0.00236141	0.152768	36.5738	64.3639	-3.19454	-0.0209884	97.7222	83.8051	1.16607
2001	0.00236236	0.152858	36.6217	64.3377	-3.2011	-0.0210002	97.7372	83.8546	1.16556
2002	0.0023633	0.152949	36.6696	64.3114	-3.20773	-0.0210119	97.7522	83.9041	1.16505
2003	0.00236424	0.153039	36.7175	64.2851	-3.21444	-0.0210236	97.7671	83.9536	1.16454
2004	0.00236519	0.153129	36.7654	64.2588	-3.22121	-0.0210353	97.782	84.0031	1.16403
2005	0.00236613	0.153219	36.8134	64.2325	-3.22805	-0.021047	97.7967	84.0526	1.16352
2006	0.00236707	0.153309	36.8614	64.2061	-3.23495	-0.0210587	97.8115	84.102	1.16301
2007	0.00236801	0.153399	36.9094	64.1797	-3.24192	-0.0210703	97.8262	84.1515	1.1625
2008	0.00236896	0.15349	36.9575	64.1533	-3.24896	-0.0210819	97.8408	84.2009	1.16199
2009	0.0023699	0.15358	37.0056	64.1269	-3.25607	-0.0210935	97.8553	84.2503	1.16148
2010	0.00237084	0.15367	37.0537	64.1005	-3.26324	-0.021105	97.8698	84.2997	1.16098
2011	0.00237178	0.15376	37.1019	64.074	-3.27047	-0.0211166	97.8843	84.3491	1.16047
2012	0.00237273	0.15385	37.15	64.0476	-3.27776	-0.0211281	97.8987	84.3984	1.15996
2013	0.00237367	0.15394	37.1982	64.0211	-3.28512	-0.0211396	97.913	84.4478	1.15945
2014	0.00237461	0.15403	37.2464	63.9946	-3.29254	-0.021151	97.9273	84.4971	1.15894
2015	0.00237555	0.154119	37.2947	63.968	-3.30002	-0.0211625	97.9416	84.5464	1.15844
2016	0.00237649	0.154209	37.343	63.9415	-3.30756	-0.0211739	97.9557	84.5957	1.15793
2017	0.00237744	0.154299	37.3913	63.9149	-3.31517	-0.0211853	97.9699	84.645	1.15742
2018	0.00237838	0.154389	37.4396	63.8884	-3.32284	-0.0211966	97.9839	84.6942	1.15691
2019	0.00237932	0.154479	37.4879	63.8618	-3.33057	-0.021208	97.9979	84.7435	1.15641
2020	0.00238026	0.154568	37.5363	63.8352	-3.33838	-0.0212193	98.0119	84.7927	1.1559
2021	0.0023812	0.154658	37.5847	63.8086	-3.34625	-0.0212305	98.0257	84.8418	1.15539
2022	0.00238214	0.154748	37.633	63.7819	-3.35419	-0.0212418	98.0396	84.891	1.15489
2023	0.00238309	0.154837	37.6815	63.7553	-3.36219	-0.021253	98.0533	84.9401	1.15438
2024	0.00238403	0.154927	37.7299	63.7286	-3.37026	-0.0212641	98.067	84.9892	1.15388
2025	0.00238497	0.155016	37.7783	63.702	-3.37839	-0.0212753	98.0806	85.0383	1.15337
2026	0.00238591	0.155106	37.8268	63.6753	-3.38658	-0.0212863	98.0942	85.0874	1.15286
2027	0.00238685	0.155195	37.8753	63.6486	-3.39484	-0.0212974	98.1077	85.1364	1.15236
2028	0.00238779	0.155284	37.9238	63.6219	-3.40315	-0.0213084	98.1212	85.1854	1.15185
2029	0.00238873	0.155373	37.9723	63.5952	-3.41152	-0.0213194	98.1346	85.2344	1.15135
2030	0.00238967	0.155463	38.0208	63.5684	-3.41995	-0.0213304	98.148	85.2833	1.15085
2031	0.00239061	0.155552	38.0694	63.5417	-3.42843	-0.0213413	98.1613	85.3322	1.15034
2032	0.00239156	0.155641	38.1179	63.5149	-3.43695	-0.0213522	98.1745	85.3811	1.14984
2033	0.0023925	0.15573	38.1665	63.4882	-3.44553	-0.0213631	98.1877	85.4299	1.14934
2034	0.00239344	0.155819	38.215	63.4614	-3.45415	-0.0213739	98.2009	85.4787	1.14883
2035	0.00239438	0.155908	38.2636	63.4346	-3.46281	-0.0213847	98.214	85.5275	1.14833
2036	0.00239532	0.155997	38.3122	63.4079	-3.47151	-0.0213955	98.2271	85.5763	1.14783
2037	0.00239626	0.156085	38.3607	63.3811	-3.48025	-0.0214062	98.2402	85.625	1.14733
2038	0.0023972	0.156174	38.4093	63.3543	-3.48902	-0.0214169	98.2532	85.6736	1.14683
2039	0.00239814	0.156263	38.4579	63.3275	-3.49783	-0.0214276	98.2661	85.7222	1.14633
2040	0.00239908	0.156351	38.5065	63.3007	-3.50666	-0.0214383	98.2791	85.7708	1.14583
2041	0.00240002	0.15644	38.5551	63.2739	-3.51551	-0.0214489	98.292	85.8194	1.14534
2042	0.00240096	0.156528	38.6037	63.2471	-3.52439	-0.0214595	98.3049	85.8679	1.14484
2043	0.0024019	0.156617	38.6523	63.2202	-3.53329	-0.02147	98.3178	85.9163	1.14434
2044	0.00240284	0.156705	38.7009	63.1934	-3.5422	-0.0214805	98.3306	85.9647	1.14385
2045	0.00240378	0.156793	38.7495	63.1666	-3.55113	-0.021491	98.3434	86.0131	1.14335
2046	0.00240472	0.156881	38.7981	63.1398	-3.56007	-0.0215014	98.3563	86.0614	1.14286
2047	0.00240566	0.156969	38.8466	63.1129	-3.56902	-0.0215118	98.3691	86.1097	1.14237
2048	0.0024066	0.157057	38.8952	63.0861	-3.57798	-0.0215222	98.3818	86.1579	1.14188
2049	0.00240754	0.157145	38.9438	63.0593	-3.58694	-0.0215325	98.3946	86.2061	1.14139
2050	0.00240848	0.157233	38.9923	63.0325	-3.5959	-0.0215428	98.4074	86.2542	1.1409
2051	0.00240942	0.15732	39.0409	63.0056	-3.60486	-0.021553	98.4201	86.3023	1.14041
2052	0.00241036	0.157408	39.0894	62.9788	-3.61382	-0.0215633	98.4329	86.3504	1.13992
2053	0.0024113	0.157495	39.138	62.952	-3.62277	-0.0215734	98.4456	86.3983	1.13944
2054	0.00241224	0.157583	39.1865	62.9252	-3.63172	-0.0215836	98.4584	86.4462	1.13895
2055	0.00241318	0.15767	39.235	62.8984	-3.64065	-0.0215937	98.4711	86.4941	1.13847
2056	0.00241412	0.157757	39.2835	62.8716	-3.64957	-0.0216037	98.4839	86.5419	1.13799
2057	0.00241505	0.157844	39.3319	62.8448	-3.65846	-0.0216138	98.4966	86.5897	1.13751
2058	0.00241599	0.157931	39.3804	62.818	-3.66734	-0.0216238	98.5094	86.6374	1.13703
2059	0.00241693	0.158018	39.4288	62.7912	-3.67619	-0.0216337	98.5222	86.685	1.13655
2060	0.00241787	0.158105	39.4772	62.7644	-3.68501	-0.0216436	98.535	86.7326	1.13608
2061	0.00241881	0.158191	39.5256	62.7376	-3.6938	-0.0216535	98.5478	86.7801	1.1356
2062	0.00241975	0.158278	39.574	62.7109	-3.70255	-0.0216633	98.5606	86.8275	1.13513
2063	0.00242069	0.158364	39.6223	62.6841	-3.71128	-0.0216731	98.5735	86.8749	1.13466
2064	0.00242163	0.15845	39.6706	62.6574	-3.71997	-0.0216829	98.5864	86.9222	1.13419
2065	0.00242257	0.158536	39.7189	62.6307	-3.72863	-0.0216926	98.5992	86.9695	1.13372
2066	0.0024235	0.158622	39.7672	62.6039	-3.73727	-0.0217023	98.6121	87.0167	1.13326
2067	0.00242444	0.158708	39.8154	62.5772	-3.7459	-0.021712	98.625	87.0638	1.13279
2068	0.00242538	0.158794	39.8636	62.5505	-3.75451	-0.0217216	98.6379	87.1108	1.13233
2069	0.00242632	0.15888	39.9118	62.5238	-3.76312	-0.0217312	98.6508	87.1578	1.13186
2070	0.00242726	0.158965	39.9599	62.4972	-3.77173	-0.0217407	98.6636	87.2047	1.1314
2071	0.0024282	0.159051	40.0081	62.4705	-3.78036	-0.0217503	98.6765	87.2516	1.13094
2072	0.00242913	0.159136	40.0561	62.4439	-3.789	-0.0217597	98.6892	87.2983	1.13048
2073	0.00243007	0.159221	40.1042	62.4173	-3.79766	-0.0217692	98.702	87.345	1.13002
2074	0.00243101	0.159306	40.1522	62.3907	-3.80635	-0.0217786	98.7147	87.3916	1.12957
2075	0.00243195	0.159391	40.2001	62.3641	-3.81508	-0.021788	98.7273	87.4382	1.12911
2076	0.00243289	0.159475	40.2481	62.3375	-3.82383	-0.0217973	98.7399	87.4846	1.12865
2077	0.00243382	0.15956	40.2959	62.3109	-3.83263	-0.0218066	98.7525	87.531	1.1282
2078	0.00243476	0.159644	40.3438	62.2844	-3.84145	-0.0218159	98.7649	87.5773	1.12775
2079	0.0024357	0.159729	40.3916	62.2579	-3.85032	-0.0218252	98.7773	87.6235	1.12729
2080	0.00243664	0.159813	40.4393	62.2314	-3.85921	-0.0218344	98.7897	87.6697	1.12684
2081	0.00243758	0.159897	40.487	62.2049	-3.86814	-0.0218436	98.802	87.7158	1.12639
2082	0.00243851	0.159981	40.5347	62.1785	-3.87709	-0.0218527	98.8143	87.7617	1.12594
2083	0.00243945	0.160064	40.5823	62.1521	-3.88605	-0.0218619	98.8265	87.8076	1.12549
2084	0.00244039	0.160148	40.6299	62.1257	-3.89504	-0.0218709	98.8387	87.8534	1.12504
2085	0.00244133	0.160231	40.6774	62.0993	-3.90402	-0.02188	98.8508	87.8992	1.12459
2086	0.00244226	0.160314	40.7249	62.0729	-3.913	-0.021889	98.8629	87.9448	1.12415
2087	0.0024432	0.160397	40.7723	62.0466	-3.92196	-0.021898	98.875	87.9903	1.1237
2088	0.00244414	0.16048	40.8197	62.0203	-3.9309	-0.0219069	98.8872	88.0358	1.12326
2089	0.00244507	0.160563	40.867	61.994	-3.93979	-0.0219158	98.8993	88.0812	1.12282
2090	0.00244601	0.160645	40.9142	61.9678	-3.94862	-0.0219247	98.9114	88.1265	1.12238
2091	0.00244695	0.160728	40.9614	61.9416	-3.95738	-0.0219336	98.9236	88.1716	1.12194
2092	0.00244789	0.16081	41.0085	61.9154	-3.96604	-0.0219424	98.9359	88.2167	1.12151
2093	0.00244882	0.160892	41.0556	61.8892	-3.97457	-0.0219512	98.9483	88.2617	1.12108
2094	0.00244976	0.160974	41.1026	61.8631	-3.98297	-0.0219599	98.9608	88.3066	1.12065
2095	0.0024507	0.161056	41.1495	61.837	-3.99122	-0.0219686	98.9733	88.3514	1.12022
2096	0.00245163	0.161137	41.1964	61.811	-3.99931	-0.0219773	98.9861	88.3961	1.1198
2097	0.00245257	0.161218	41.2432	61.7849	-4.00725	-0.021986	98.9989	88.4407	1.11938
2098	0.00245351	0.161299	41.2899	61.759	-4.01506	-0.0219946	99.0118	88.4852	1.11896
2099	0.00245444	0.16138	41.3366	61.733	-4.02274	-0.0220032	99.0248	88.5296	1.11855
2100	0.00245538	0.161461	41.3832	61.7071	-4.03033	-0.0220118	99.0379	88.5739	1.11814
2101	0.00245632	0.161542	41.4297	61.6812	-4.03786	-0.0220204	99.051	88.6181	1.11773
2102	0.00245725	0.161622	41.4761	61.6554	-4.04535	-0.0220289	99.0641	88.6622	1.11732
2103	0.00245819	0.161702	41.5225	61.6296	-4.05282	-0.0220374	99.0772	88.7061	1.11691
2104	0.00245912	0.161782	41.5688	61.6038	-4.06029	-0.0220459	99.0903	88.75	1.11651
2105	0.00246006	0.161862	41.615	61.5781	-4.06779	-0.0220543	99.1033	88.7938	1.11611
2106	0.002461	0.161941	41.6612	61.5524	-4.07533	-0.0220627	99.1162	88.8374	1.1157
2107	0.00246193	0.162021	41.7072	61.5268	-4.08293	-0.0220712	99.129	88.881	1.1153
2108	0.00246287	0.1621	41.7532	61.5012	-4.09061	-0.0220795	99.1416	88.9244	1.1149
2109	0.0024638	0.162179	41.7991	61.4756	-4.09837	-0.0220879	99.1542	88.9677	1.1145
2110	0.00246474	0.162258	41.8449	61.4501	-4.10623	-0.0220962	99.1666	89.0109	1.1141
2111	0.00246568	0.162336	41.8906	61.4246	-4.11419	-0.0221045	99.1789	89.054	1.11369
2112	0.00246661	0.162415	41.9362	61.3992	-4.12225	-0.0221128	99.191	89.0969	1.11329
2113	0.00246755	0.162493	41.9817	61.3738	-4.13041	-0.022121	99.203	89.1398	1.11289
2114	0.00246848	0.162571	42.0272	61.3485	-4.13866	-0.0221292	99.2149	89.1825	1.11249
2115	0.00246942	0.162648	42.0725	61.3232	-4.14699	-0.0221374	99.2267	89.2251	1.11209
2116	0.00247035	0.162726	42.1178	61.298	-4.15538	-0.0221456	99.2383	89.2676	1.11169
2117	0.00247129	0.162803	42.163	61.2728	-4.16383	-0.0221537	99.2498	89.31	1.1113
2118	0.00247222	0.16288	42.2081	61.2477	-4.17231	-0.0221617	99.2613	89.3523	1.1109
2119	0.00247316	0.162957	42.253	61.2226	-4.1808	-0.0221697	99.2727	89.3944	1.1105
2120	0.00247409	0.163033	42.2979	61.1976	-4.18929	-0.0221777	99.284	89.4364	1.11011
2121	0.00247503	0.16311	42.3427	61.1726	-4.19775	-0.0221857	99.2954	89.4783	1.10971
2122	0.00247596	0.163186	42.3874	61.1476	-4.20616	-0.0221936	99.3067	89.5201	1.10932
2123	0.0024769	0.163262	42.432	61.1228	-4.21451	-0.0222015	99.3181	89.5617	1.10893
2124	0.00247783	0.163337	42.4765	61.0979	-4.22275	-0.0222093	99.3295	89.6032	1.10855
2125	0.00247877	0.163413	42.5209	61.0732	-4.23089	-0.0222171	99.3409	89.6446	1.10816
2126	0.0024797	0.163488	42.5652	61.0485	-4.2389	-0.0222249	99.3525	89.6859	1.10778
2127	0.00248064	0.163563	42.6093	61.0238	-4.24678	-0.0222326	99.3641	89.727	1.1074
2128	0.00248157	0.163638	42.6534	60.9992	-4.25453	-0.0222403	99.3758	89.768	1.10703
2129	0.00248251	0.163712	42.6974	60.9746	-4.26214	-0.022248	99.3876	89.8089	1.10666
2130	0.00248344	0.163787	42.7412	60.9501	-4.26964	-0.0222556	99.3995	89.8496	1.10629
2131	0.00248438	0.163861	42.785	60.9257	-4.27704	-0.0222633	99.4114	89.8903	1.10592
2132	0.00248531	0.163935	42.8287	60.9013	-4.28437	-0.0222708	99.4233	89.9308	1.10555
2133	0.00248624	0.164008	42.8722	60.877	-4.29165	-0.0222784	99.4353	89.9711	1.10519
2134	0.00248718	0.164081	42.9156	60.8527	-4.29891	-0.0222859	99.4472	90.0113	1.10483
2135	0.00248811	0.164155	42.959	60.8285	-4.30617	-0.0222934	99.459	90.0514	1.10447
2136	0.00248905	0.164227	43.0022	60.8044	-4.31344	-0.0223009	99.4708	90.0914	1.10411
2137	0.00248998	0.1643	43.0453	60.7803	-4.32076	-0.0223083	99.4825	90.1313	1.10375
2138	0.00249092	0.164372	43.0883	60.7562	-4.32816	-0.0223157	99.494	90.171	1.10339
2139	0.00249185	0.164445	43.1312	60.7322	-4.33567	-0.022323	99.5054	90.2105	1.10304
2140	0.00249278	0.164516	43.174	60.7083	-4.3433	-0.0223304	99.5166	90.25	1.10268
2141	0.00249372	0.164588	43.2166	60.6845	-4.35109	-0.0223376	99.5277	90.2893	1.10232
2142	0.00249465	0.16466	43.2592	60.6607	-4.35903	-0.0223449	99.5385	90.3285	1.10196
2143	0.00249559	0.164731	43.3016	60.6369	-4.36714	-0.0223521	99.549	90.3676	1.1016
2144	0.00249652	0.164802	43.344	60.6132	-4.37541	-0.0223593	99.5594	90.4065	1.10124
2145	0.00249746	0.164872	43.3862	60.5896	-4.38383	-0.0223664	99.5696	90.4453	1.10088
2146	0.00249839	0.164943	43.4283	60.566	-4.39241	-0.0223735	99.5795	90.484	1.10052
2147	0.00249932	0.165013	43.4703	60.5425	-4.40111	-0.0223805	99.5893	90.5225	1.10016
2148	0.00250026	0.165083	43.5122	60.519	-4.40992	-0.0223875	99.599	90.5609	1.0998
2149	0.00250119	0.165153	43.554	60.4956	-4.41878	-0.0223945	99.6085	90.5992	1.09944
2150	0.00250213	0.165223	43.5957	60.4723	-4.42767	-0.0224015	99.6179	90.6374	1.09908
2151	0.00250306	0.165292	43.6373	60.449	-4.43656	-0.0224084	99.6273	90.6754	1.09872
2152	0.002504	0.165361	43.6788	60.4258	-4.44543	-0.0224153	99.6367	90.7134	1.09837
2153	0.00250493	0.16543	43.7202	60.4026	-4.45425	-0.0224222	99.6461	90.7512	1.09801
2154	0.00250587	0.165499	43.7614	60.3795	-4.46301	-0.022429	99.6555	90.7889	1.09766
2155	0.0025068	0.165567	43.8026	60.3564	-4.4717	-0.0224358	99.6649	90.8264	1.09731
2156	0.00250774	0.165635	43.8437	60.3334	-4.48031	-0.0224426	99.6743	90.8639	1.09696
2157	0.00250867	0.165704	43.8846	60.3104	-4.48881	-0.0224495	99.6838	90.9012	1.09662
2158	0.00250961	0.165771	43.9255	60.2875	-4.49716	-0.0224563	99.6934	90.9384	1.09627
2159	0.00251055	0.165839	43.9663	60.2647	-4.50521	-0.0224631	99.7033	90.9755	1.09594
2160	0.00251148	0.165906	44.0069	60.2419	-4.51306	-0.02247	99.7133	91.0125	1.0956
2161	0.00251242	0.165974	44.0475	60.2191	-4.52074	-0.0224768	99.7234	91.0493	1.09527
2162	0.00251336	0.16604	44.088	60.1964	-4.52829	-0.0224836	99.7336	91.086	1.09494
2163	0.00251429	0.166107	44.1283	60.1738	-4.53565	-0.0224904	99.744	91.1227	1.09461
2164	0.00251523	0.166174	44.1686	60.1512	-4.54283	-0.0224972	99.7544	91.1592	1.09429
2165	0.00251617	0.16624	44.2088	60.1286	-4.54984	-0.022504	99.7651	91.1956	1.09397
2166	0.00251711	0.166306	44.2488	60.1062	-4.55669	-0.0225108	99.7758	91.2318	1.09365
2167	0.00251804	0.166372	44.2888	60.0837	-4.5634	-0.0225177	99.7866	91.268	1.09334
2168	0.00251898	0.166438	44.3287	60.0613	-4.57	-0.0225245	99.7975	91.3041	1.09302
2169	0.00251992	0.166503	44.3684	60.039	-4.57651	-0.0225313	99.8084	91.34	1.09271
2170	0.00252086	0.166569	44.4081	60.0167	-4.58295	-0.0225381	99.8194	91.3758	1.0924
2171	0.0025218	0.166634	44.4477	59.9945	-4.58935	-0.022545	99.8303	91.4116	1.0921
2172	0.00252274	0.166699	44.4872	59.9723	-4.59571	-0.0225518	99.8413	91.4472	1.09179
2173	0.00252368	0.166763	44.5266	59.9502	-4.60207	-0.0225586	99.8522	91.4827	1.09149
2174	0.00252462	0.166828	44.5659	59.9281	-4.60842	-0.0225655	99.863	91.5181	1.09118
2175	0.00252556	0.166892	44.6051	59.9061	-4.6148	-0.0225723	99.8738	91.5533	1.09088
2176	0.0025265	0.166956	44.6442	59.8841	-4.6212	-0.0225792	99.8845	91.5885	1.09058
2177	0.00252744	0.16702	44.6832	59.8622	-4.62762	-0.022586	99.8952	91.6236	1.09028
2178	0.00252838	0.167084	44.7221	59.8403	-4.63408	-0.0225929	99.9058	91.6586	1.08998
2179	0.00252932	0.167148	44.761	59.8185	-4.64057	-0.0225997	99.9163	91.6934	1.08968
2180	0.00253026	0.167211	44.7997	59.7967	-4.64708	-0.0226066	99.9267	91.7282	1.08938
2181	0.0025312	0.167274	44.8384	59.775	-4.65361	-0.0226135	99.9371	91.7628	1.08908
2182	0.00253214	0.167337	44.8769	59.7533	-4.66014	-0.0226203	99.9474	91.7974	1.08878
2183	0.00253308	0.1674	44.9154	59.7316	-4.66668	-0.0226272	99.9577	91.8318	1.08849
2184	0.00253402	0.167463	44.9538	59.7101	-4.6732	-0.022634	99.968	91.8661	1.08819
2185	0.00253496	0.167525	44.9921	59.6885	-4.67969	-0.0226409	99.9783	91.9004	1.0879
2186	0.0025359	0.167587	45.0303	59.667	-4.68614	-0.0226478	99.9885	91.9345	1.08761
2187	0.00253685	0.167649	45.0684	59.6456	-4.69254	-0.0226546	99.9988	91.9686	1.08731
2188	0.00253779	0.167711	45.1064	59.6242	-4.69887	-0.0226615	100.009	92.0025	1.08703
2189	0.00253873	0.167773	45.1444	59.6028	-4.70513	-0.0226684	100.019	92.0363	1.08674
2190	0.00253967	0.167834	45.1822	59.5815	-4.71131	-0.0226753	100.03	92.0701	1.08645
2191	0.00254061	0.167896	45.22	59.5602	-4.7174	-0.0226821	100.04	92.1038	1.08617
2192	0.00254156	0.167957	45.2577	59.539	-4.72339	-0.022689	100.051	92.1373	1.08589
2193	0.0025425	0.168018	45.2954	59.5178	-4.72928	-0.0226959	100.061	92.1708	1.08561
2194	0.00254344	0.168079	45.3329	59.4966	-4.73505	-0.0227028	100.072	92.2041	1.08533
2195	0.00254438	0.168139	45.3704	59.4755	-4.74072	-0.0227097	100.082	92.2374	1.08505
2196	0.00254533	0.1682	45.4077	59.4545	-4.74628	-0.0227166	100.093	92.2706	1.08478
2197	0.00254627	0.16826	45.445	59.4335	-4.75174	-0.0227235	100.104	92.3037	1.08451
2198	0.00254721	0.16832	45.4823	59.4125	-4.75709	-0.0227304	100.115	92.3367	1.08424
2199	0.00254816	0.16838	45.5194	59.3915	-4.76236	-0.0227373	100.126	92.3697	1.08397
2200	0.0025491	0.16844	45.5565	59.3706	-4.76755	-0.0227443	100.137	92.4025	1.0837
2201	0.00255004	0.1685	45.5935	59.3498	-4.77267	-0.0227512	100.148	92.4352	1.08344
2202	0.00255099	0.168559	45.6304	59.3289	-4.77773	-0.0227582	100.159	92.4679	1.08317
2203	0.00255193	0.168619	45.6673	59.3081	-4.78275	-0.0227651	100.17	92.5005	1.08291
2204	0.00255288	0.168678	45.7041	59.2874	-4.78773	-0.0227721	100.181	92.533	1.08265
2205	0.00255382	0.168737	45.7408	59.2667	-4.7927	-0.0227791	100.192	92.5654	1.08239
2206	0.00255476	0.168796	45.7775	59.246	-4.79768	-0.0227861	100.203	92.5978	1.08213
2207	0.00255571	0.168855	45.8141	59.2254	-4.80266	-0.0227931	100.214	92.63	1.08187
2208	0.00255665	0.168914	45.8506	59.2047	-4.80765	-0.0228001	100.225	92.6622	1.08162
2209	0.0025576	0.168972	45.8871	59.1842	-4.81269	-0.0228071	100.236	92.6943	1.08136
2210	0.00255854	0.169031	45.9235	59.1636	-4.81776	-0.0228141	100.247	92.7264	1.0811
2211	0.00255948	0.169089	45.9598	59.1431	-4.82288	-0.0228211	100.257	92.7583	1.08084
2212	0.00256043	0.169147	45.9961	59.1226	-4.828	-0.0228281	100.268	92.7902	1.08059
2213	0.00256137	0.169205	46.0323	59.1022	-4.8331	-0.0228352	100.279	92.822	1.08033
2214	0.00256232	0.169263	46.0685	59.0817	-4.83821	-0.0228423	100.289	92.8538	1.08008
2215	0.00256326	0.169321	46.1046	59.0613	-4.84332	-0.0228494	100.3	92.8854	1.07982
2216	0.00256421	0.169378	46.1406	59.041	-4.84847	-0.0228565	100.31	92.917	1.07957
2217	0.00256515	0.169436	46.1766	59.0206	-4.85367	-0.0228636	100.321	92.9486	1.07931
2218	0.0025661	0.169493	46.2126	59.0003	-4.85893	-0.0228707	100.331	92.9801	1.07906
2219	0.00256704	0.16955	46.2485	58.98	-4.86426	-0.0228779	100.341	93.0115	1.07881
2220	0.00256799	0.169608	46.2843	58.9598	-4.86969	-0.022885	100.352	93.0428	1.07855
2221	0.00256893	0.169665	46.3201	58.9395	-4.87533	-0.0228921	100.361	93.0741	1.0783
2222	0.00256988	0.169722	46.3559	58.9193	-4.88143	-0.0228993	100.371	93.1054	1.07804
2223	0.00257082	0.169778	46.3916	58.8991	-4.88921	-0.0229063	100.379	93.1365	1.07776
2224	0.00257177	0.169835	46.4273	58.8789	-4.89816	-0.0229133	100.385	93.1677	1.07747
2225	0.00257271	0.169892	46.4629	58.8588	-4.90573	-0.0229202	100.393	93.1987	1.07719
2226	0.00257366	0.169948	46.4985	58.8387	-4.91228	-0.0229272	100.402	93.2297	1.07693
2227	0.0025746	0.170005	46.534	58.8186	-4.91808	-0.0229341	100.412	93.2607	1.07668
2228	0.00257555	0.170061	46.5695	58.7985	-4.92327	-0.0229411	100.422	93.2916	1.07643
2229	0.00257649	0.170117	46.605	58.7784	-4.92797	-0.022948	100.432	93.3224	1.07619
2230	0.00257744	0.170173	46.6404	58.7584	-4.93222	-0.022955	100.444	93.3532	1.07595
2231	0.00257838	0.170229	46.6758	58.7383	-4.93606	-0.022962	100.455	93.384	1.07572
2232	0.00257933	0.170285	46.7111	58.7183	-4.9395	-0.0229689	100.467	93.4147	1.07549
2233	0.00258027	0.170341	46.7465	58.6983	-4.94259	-0.0229759	100.479	93.4453	1.07527
2234	0.00258121	0.170397	46.7818	58.6783	-4.94422	-0.022983	100.493	93.4759	1.07507
2235	0.00258216	0.170453	46.817	58.6583	-4.94298	-0.0229902	100.509	93.5065	1.07489
2236	0.0025831	0.170508	46.8523	58.6384	-4.94127	-0.0229974	100.526	93.537	1.07472
2237	0.00258405	0.170564	46.8875	58.6184	-4.93956	-0.0230046	100.543	93.5675	1.07455
2238	0.00258499	0.170619	46.9227	58.5985	-4.93802	-0.0230118	100.56	93.598	1.07438
2239	0.00258594	0.170675	46.9579	58.5785	-4.93675	-0.023019	100.577	93.6284	1.07421
2240	0.00258688	0.17073	46.993	58.5586	-4.93585	-0.0230263	100.593	93.6587	1.07403
2241	0.00258783	0.170786	47.0282	58.5387	-4.9354	-0.0230336	100.608	93.6891	1.07385
2242	0.00258877	0.170841	47.0633	58.5188	-4.93548	-0.023041	100.624	93.7194	1.07367
2243	0.00258972	0.170896	47.0984	58.4989	-4.93613	-0.0230484	100.638	93.7497	1.07348
2244	0.00259066	0.170951	47.1335	58.479	-4.9374	-0.0230559	100.652	93.7799	1.07328
2245	0.00259161	0.171006	47.1686	58.4591	-4.93933	-0.0230634	100.665	93.8101	1.07307
2246	0.00259255	0.171061	47.2036	58.4392	-4.94194	-0.023071	100.678	93.8403	1.07286
2247	0.0025935	0.171116	47.2387	58.4193	-4.94522	-0.0230785	100.69	93.8705	1.07264
2248	0.00259444	0.171171	47.2737	58.3994	-4.94918	-0.0230861	100.701	93.9006	1.07242
2249	0.00259538	0.171226	47.3088	58.3795	-4.95379	-0.0230937	100.711	93.9307	1.07219
2250	0.00259633	0.171281	47.3438	58.3596	-4.95903	-0.0231013	100.721	93.9608	1.07195
2251	0.00259727	0.171336	47.3788	58.3397	-4.96485	-0.0231089	100.731	93.9909	1.07171
2252	0.00259822	0.17139	47.4139	58.3199	-4.97118	-0.0231164	100.739	94.0209	1.07146
2253	0.00259916	0.171445	47.4489	58.3	-4.97798	-0.023124	100.748	94.0509	1.0712
2254	0.00260011	0.1715	47.4839	58.2801	-4.98519	-0.0231314	100.756	94.0809	1.07095
2255	0.00260105	0.171555	47.519	58.2602	-4.99278	-0.0231389	100.763	94.1109	1.07069
2256	0.00260199	0.171609	47.554	58.2403	-5.00078	-0.0231463	100.77	94.1409	1.07042
2257	0.00260294	0.171664	47.5891	58.2204	-5.00942	-0.0231536	100.777	94.1709	1.07015
2258	0.00260388	0.171718	47.6241	58.2004	-5.02005	-0.0231609	100.781	94.2009	1.06986
2259	0.00260483	0.171773	47.6592	58.1805	-5.03236	-0.023168	100.784	94.2308	1.06955
2260	0.00260577	0.171828	47.6943	58.1606	-5.04273	-0.0231751	100.789	94.2607	1.06926
2261	0.00260671	0.171882	47.7293	58.1406	-5.05154	-0.0231821	100.795	94.2907	1.06898
2262	0.00260766	0.171937	47.7644	58.1207	-5.05908	-0.0231892	100.803	94.3206	1.06873
2263	0.0026086	0.171991	47.7996	58.1007	-5.0656	-0.0231962	100.811	94.3505	1.06848
2264	0.00260955	0.172046	47.8347	58.0807	-5.07121	-0.0232033	100.821	94.3804	1.06824
2265	0.00261049	0.1721	47.8699	58.0607	-5.076	-0.0232103	100.831	94.4104	1.06801
2266	0.00261143	0.172155	47.905	58.0407	-5.08005	-0.0232174	100.842	94.4403	1.06779
2267	0.00261238	0.172209	47.9402	58.0207	-5.08342	-0.0232244	100.854	94.4702	1.06758
2268	0.00261332	0.172264	47.9754	58.0007	-5.08615	-0.0232315	100.867	94.5001	1.06737
2269	0.00261427	0.172319	48.0107	57.9806	-5.08693	-0.0232387	100.881	94.53	1.06719
2270	0.00261521	0.172373	48.0459	57.9605	-5.08471	-0.023246	100.899	94.5599	1.06703
2271	0.00261615	0.172428	48.0812	57.9404	-5.08199	-0.0232533	100.916	94.5899	1.06688
2272	0.0026171	0.172482	48.1166	57.9203	-5.07916	-0.0232606	100.934	94.6198	1.06674
2273	0.00261804	0.172537	48.1519	57.9002	-5.07644	-0.0232679	100.952	94.6497	1.06659
2274	0.00261898	0.172591	48.1873	57.8801	-5.07396	-0.0232752	100.97	94.6797	1.06644
2275	0.00261993	0.172646	48.2227	57.8599	-5.07186	-0.0232826	100.987	94.7096	1.06628
2276	0.00262087	0.172701	48.2581	57.8397	-5.07027	-0.02329	101.004	94.7396	1.06613
2277	0.00262181	0.172755	48.2936	57.8195	-5.06928	-0.0232975	101.021	94.7696	1.06596
2278	0.00262276	0.17281	48.3291	57.7993	-5.069	-0.023305	101.036	94.7996	1.06579
2279	0.0026237	0.172865	48.3647	57.779	-5.06948	-0.0233126	101.051	94.8296	1.06561
2280	0.00262464	0.172919	48.4002	57.7587	-5.07078	-0.0233202	101.065	94.8596	1.06542
2281	0.00262559	0.172974	48.4359	57.7384	-5.07292	-0.0233279	101.078	94.8896	1.06522
2282	0.00262653	0.173029	48.4715	57.7181	-5.0759	-0.0233356	101.09	94.9196	1.06501
2283	0.00262747	0.173084	48.5072	57.6977	-5.07972	-0.0233432	101.102	94.9497	1.06479
2284	0.00262842	0.173138	48.543	57.6773	-5.08443	-0.0233509	101.113	94.9798	1.06457
2285	0.00262936	0.173193	48.5788	57.6569	-5.08997	-0.0233585	101.122	95.0099	1.06434
2286	0.0026303	0.173248	48.6146	57.6365	-5.09631	-0.0233661	101.131	95.04	1.06409
2287	0.00263124	0.173303	48.6505	57.616	-5.10337	-0.0233737	101.14	95.0701	1.06384
2288	0.00263219	0.173358	48.6864	57.5955	-5.1111	-0.0233812	101.147	95.1002	1.06359
2289	0.00263313	0.173413	48.7224	57.575	-5.11955	-0.0233887	101.154	95.1304	1.06332
2290	0.00263407	0.173468	48.7584	57.5544	-5.12895	-0.0233961	101.16	95.1606	1.06305
2291	0.00263501	0.173523	48.7945	57.5339	-5.14104	-0.0234033	101.164	95.1908	1.06275
2292	0.00263596	0.173578	48.8306	57.5132	-5.15483	-0.0234104	101.166	95.2211	1.06243
2293	0.0026369	0.173633	48.8667	57.4926	-5.16684	-0.0234174	101.169	95.2513	1.06213
2294	0.00263784	0.173689	48.903	57.4719	-5.17729	-0.0234244	101.174	95.2816	1.06184
2295	0.00263878	0.173744	48.9392	57.4512	-5.18633	-0.0234314	101.181	95.3119	1.06157
2296	0.00263973	0.173799	48.9756	57.4304	-5.19428	-0.0234383	101.188	95.3423	1.06132
2297	0.00264067	0.173855	49.0119	57.4097	-5.20124	-0.0234452	101.197	95.3727	1.06107
2298	0.00264161	0.17391	49.0484	57.3888	-5.20723	-0.0234521	101.207	95.4031	1.06083
2299	0.00264255	0.173965	49.0849	57.368	-5.21235	-0.023459	101.217	95.4335	1.0606
2300	0.0026435	0.174021	49.1214	57.3471	-5.21667	-0.0234659	101.228	95.4639	1.06038
2301	0.00264444	0.174077	49.158	57.3262	-5.22024	-0.0234729	101.24	95.4944	1.06017
2302	0.00264538	0.174132	49.1947	57.3052	-5.22314	-0.0234799	101.253	95.5249	1.05997
2303	0.00264632	0.174188	49.2314	57.2842	-5.22545	-0.0234869	101.267	95.5555	1.05977
2304	0.00264726	0.174244	49.2682	57.2632	-5.22607	-0.0234941	101.282	95.5861	1.05959
2305	0.00264821	0.174299	49.3051	57.2421	-5.22366	-0.0235014	101.3	95.6167	1.05944
2306	0.00264915	0.174355	49.342	57.221	-5.22088	-0.0235087	101.319	95.6473	1.05929
2307	0.00265009	0.174411	49.3789	57.1998	-5.21816	-0.023516	101.337	95.678	1.05915
2308	0.00265103	0.174467	49.416	57.1787	-5.21568	-0.0235233	101.355	95.7087	1.059
2309	0.00265197	0.174523	49.4531	57.1574	-5.21355	-0.0235306	101.373	95.7395	1.05885
2310	0.00265291	0.174579	49.4902	57.1362	-5.21192	-0.023538	101.391	95.7702	1.05869
2311	0.00265386	0.174635	49.5275	57.1149	-5.21089	-0.0235454	101.408	95.801	1.05853
2312	0.0026548	0.174692	49.5647	57.0935	-5.21058	-0.0235528	101.424	95.8319	1.05835
2313	0.00265574	0.174748	49.6021	57.0721	-5.21107	-0.0235603	101.44	95.8628	1.05818
2314	0.00265668	0.174804	49.6395	57.0507	-5.2124	-0.0235678	101.454	95.8937	1.05799
2315	0.00265762	0.174861	49.677	57.0292	-5.21462	-0.0235754	101.468	95.9246	1.05779
2316	0.00265856	0.174917	49.7146	57.0077	-5.21775	-0.023583	101.481	95.9556	1.05758
2317	0.0026595	0.174974	49.7522	56.9862	-5.2218	-0.0235906	101.493	95.9866	1.05737
2318	0.00266044	0.17503	49.7899	56.9646	-5.22683	-0.0235981	101.504	96.0177	1.05714
2319	0.00266138	0.175087	49.8276	56.943	-5.2328	-0.0236057	101.514	96.0488	1.0569
2320	0.00266233	0.175144	49.8654	56.9213	-5.23966	-0.0236132	101.523	96.0799	1.05666
2321	0.00266327	0.175201	49.9033	56.8996	-5.2474	-0.0236207	101.532	96.1111	1.0564
2322	0.00266421	0.175258	49.9413	56.8778	-5.2561	-0.0236282	101.539	96.1423	1.05614
2323	0.00266515	0.175315	49.9793	56.856	-5.26612	-0.0236356	101.546	96.1736	1.05586
2324	0.00266609	0.175372	50.0174	56.8342	-5.28012	-0.0236428	101.548	96.2049	1.05554
2325	0.00266703	0.175429	50.0556	56.8123	-5.29481	-0.0236499	101.549	96.2362	1.05521
2326	0.00266797	0.175486	50.0939	56.7903	-5.30791	-0.0236569	101.553	96.2676	1.0549
2327	0.00266891	0.175543	50.1322	56.7683	-5.31958	-0.0236638	101.557	96.299	1.0546
2328	0.00266985	0.1756	50.1706	56.7463	-5.32996	-0.0236707	101.563	96.3304	1.05432
2329	0.00267079	0.175658	50.2091	56.7242	-5.33922	-0.0236776	101.57	96.3619	1.05405
2330	0.00267173	0.175715	50.2476	56.7021	-5.34752	-0.0236845	101.579	96.3935	1.05379
2331	0.00267267	0.175773	50.2862	56.68	-5.35488	-0.0236913	101.588	96.425	1.05354
2332	0.00267361	0.175831	50.3249	56.6578	-5.36132	-0.0236981	101.598	96.4566	1.0533
2333	0.00267455	0.175888	50.3637	56.6355	-5.36692	-0.023705	101.609	96.4883	1.05307
2334	0.00267549	0.175946	50.4025	56.6132	-5.37176	-0.0237119	101.62	96.52	1.05284
2335	0.00267643	0.176004	50.4414	56.5909	-5.3759	-0.0237188	101.633	96.5517	1.05262
2336	0.00267737	0.176062	50.4804	56.5685	-5.37947	-0.0237258	101.646	96.5835	1.05241
2337	0.00267831	0.17612	50.5195	56.546	-5.3825	-0.0237328	101.659	96.6153	1.05221
2338	0.00267925	0.176178	50.5586	56.5236	-5.38211	-0.02374	101.676	96.6472	1.05204
2339	0.00268019	0.176236	50.5978	56.501	-5.3804	-0.0237472	101.695	96.6791	1.05188
2340	0.00268113	0.176294	50.6371	56.4785	-5.3786	-0.0237544	101.713	96.711	1.05172
2341	0.00268207	0.176352	50.6765	56.4558	-5.37694	-0.0237616	101.732	96.743	1.05157
2342	0.00268301	0.176411	50.7159	56.4332	-5.37554	-0.0237688	101.75	96.775	1.05141
2343	0.00268395	0.176469	50.7554	56.4104	-5.37454	-0.023776	101.768	96.8071	1.05124
2344	0.00268489	0.176528	50.795	56.3877	-5.37407	-0.0237832	101.785	96.8392	1.05107
2345	0.00268583	0.176586	50.8347	56.3649	-5.37422	-0.0237905	101.802	96.8713	1.05089
2346	0.00268677	0.176645	50.8744	56.342	-5.3751	-0.0237978	101.818	96.9035	1.05071
2347	0.00268771	0.176704	50.9142	56.3191	-5.37677	-0.0238051	101.833	96.9357	1.05052
2348	0.00268865	0.176763	50.9541	56.2962	-5.37928	-0.0238125	101.847	96.968	1.05032
2349	0.00268958	0.176822	50.9941	56.2732	-5.38264	-0.0238198	101.861	97.0003	1.05011
2350	0.00269052	0.17688	51.0341	56.2502	-5.38693	-0.0238272	101.874	97.0326	1.04989
2351	0.00269146	0.17694	51.0742	56.2271	-5.39219	-0.0238345	101.885	97.065	1.04966
2352	0.0026924	0.176999	51.1144	56.204	-5.39838	-0.0238419	101.896	97.0974	1.04942
2353	0.00269334	0.177058	51.1547	56.1808	-5.40549	-0.0238492	101.906	97.1299	1.04917
2354	0.00269428	0.177117	51.195	56.1576	-5.41348	-0.0238565	101.915	97.1624	1.04892
2355	0.00269522	0.177176	51.2354	56.1343	-5.4224	-0.0238637	101.923	97.1949	1.04865
2356	0.00269616	0.177236	51.2759	56.111	-5.43244	-0.0238709	101.931	97.2275	1.04837
2357	0.00269709	0.177295	51.3164	56.0876	-5.44481	-0.0238779	101.935	97.2601	1.04807
2358	0.00269803	0.177355	51.3571	56.0642	-5.46091	-0.0238848	101.936	97.2928	1.04773
2359	0.00269897	0.177414	51.3978	56.0408	-5.4754	-0.0238915	101.939	97.3254	1.04741
2360	0.00269991	0.177474	51.4385	56.0173	-5.48848	-0.0238982	101.943	97.3582	1.0471
2361	0.00270085	0.177534	51.4794	55.9937	-5.50031	-0.0239048	101.949	97.3909	1.0468
2362	0.00270179	0.177593	51.5203	55.9701	-5.51096	-0.0239114	101.956	97.4238	1.04652
2363	0.00270272	0.177653	51.5613	55.9465	-5.52063	-0.023918	101.963	97.4566	1.04624
2364	0.00270366	0.177713	51.6024	55.9228	-5.52941	-0.0239246	101.972	97.4895	1.04598
2365	0.0027046	0.177773	51.6435	55.8991	-5.53733	-0.0239312	101.981	97.5224	1.04572
2366	0.00270554	0.177833	51.6847	55.8753	-5.54443	-0.0239377	101.992	97.5553	1.04548
2367	0.00270648	0.177893	51.726	55.8515	-5.55075	-0.0239443	102.003	97.5883	1.04524
2368	0.00270741	0.177954	51.7674	55.8277	-5.55638	-0.0239509	102.015	97.6213	1.045
2369	0.00270835	0.178014	51.8088	55.8038	-5.56142	-0.0239575	102.027	97.6544	1.04478
2370	0.00270929	0.178074	51.8503	55.7798	-5.56591	-0.0239642	102.04	97.6875	1.04456
2371	0.00271023	0.178135	51.8919	55.7558	-5.56699	-0.023971	102.057	97.7206	1.04437
2372	0.00271116	0.178195	51.9335	55.7318	-5.56679	-0.0239779	102.075	97.7538	1.0442
2373	0.0027121	0.178256	51.9752	55.7077	-5.56644	-0.0239847	102.093	97.787	1.04403
2374	0.00271304	0.178316	52.017	55.6836	-5.56616	-0.0239915	102.11	97.8202	1.04386
2375	0.00271398	0.178377	52.0588	55.6595	-5.56608	-0.0239984	102.128	97.8534	1.04369
2376	0.00271491	0.178437	52.1007	55.6353	-5.56632	-0.0240052	102.146	97.8867	1.04351
2377	0.00271585	0.178498	52.1427	55.611	-5.56702	-0.024012	102.163	97.92	1.04333
2378	0.00271679	0.178559	52.1847	55.5867	-5.56828	-0.0240189	102.179	97.9534	1.04314
2379	0.00271772	0.17862	52.2268	55.5624	-5.57021	-0.0240257	102.195	97.9868	1.04295
2380	0.00271866	0.178681	52.269	55.5381	-5.57289	-0.0240326	102.21	98.0202	1.04275
2381	0.0027196	0.178742	52.3112	55.5137	-5.57637	-0.0240396	102.224	98.0536	1.04254
2382	0.00272054	0.178803	52.3535	55.4892	-5.58073	-0.0240465	102.238	98.0871	1.04232
2383	0.00272147	0.178864	52.3958	55.4647	-5.58607	-0.0240534	102.25	98.1205	1.04209
2384	0.00272241	0.178925	52.4383	55.4402	-5.59236	-0.0240603	102.262	98.1541	1.04185
2385	0.00272335	0.178986	52.4807	55.4156	-5.59956	-0.0240671	102.273	98.1876	1.04161
2386	0.00272428	0.179047	52.5233	55.391	-5.60763	-0.024074	102.283	98.2211	1.04135
2387	0.00272522	0.179108	52.5659	55.3664	-5.61653	-0.0240808	102.292	98.2547	1.04109
2388	0.00272615	0.17917	52.6085	55.3417	-5.62622	-0.0240876	102.3	98.2883	1.04081
2389	0.00272709	0.179231	52.6512	55.317	-5.63674	-0.0240943	102.307	98.322	1.04053
2390	0.00272803	0.179292	52.694	55.2923	-5.64864	-0.024101	102.314	98.3556	1.04024
2391	0.00272896	0.179354	52.7368	55.2675	-5.66243	-0.0241075	102.318	98.3893	1.03993
2392	0.0027299	0.179415	52.7797	55.2427	-5.67995	-0.0241138	102.318	98.423	1.03958
2393	0.00273083	0.179476	52.8226	55.2178	-5.69573	-0.02412	102.321	98.4567	1.03924
2394	0.00273177	0.179538	52.8656	55.1929	-5.71002	-0.0241262	102.324	98.4905	1.03893
2395	0.00273271	0.1796	52.9087	55.168	-5.72296	-0.0241323	102.33	98.5242	1.03862
2396	0.00273364	0.179661	52.9518	55.143	-5.73467	-0.0241384	102.336	98.558	1.03833
2397	0.00273458	0.179723	52.9949	55.118	-5.74533	-0.0241445	102.343	98.5918	1.03805
2398	0.00273551	0.179784	53.0381	55.093	-5.75509	-0.0241506	102.352	98.6256	1.03778
2399	0.00273645	0.179846	53.0814	55.0679	-5.76401	-0.0241567	102.361	98.6595	1.03752
2400	0.00273739	0.179908	53.1247	55.0428	-5.77214	-0.0241628	102.371	98.6933	1.03727
2401	0.00273832	0.17997	53.168	55.0177	-5.77953	-0.0241688	102.382	98.7272	1.03702
2402	0.00273926	0.180031	53.2114	54.9925	-5.78624	-0.0241749	102.394	98.7611	1.03678
2403	0.00274019	0.180093	53.2549	54.9673	-5.79238	-0.0241811	102.406	98.795	1.03655
2404	0.00274113	0.180155	53.2984	54.9421	-5.79574	-0.0241874	102.421	98.8289	1.03634
2405	0.00274206	0.180217	53.3419	54.9168	-5.79729	-0.0241937	102.437	98.8628	1.03616
2406	0.002743	0.180279	53.3855	54.8916	-5.79866	-0.0241999	102.454	98.8967	1.03597
2407	0.00274393	0.18034	53.4292	54.8662	-5.80003	-0.0242062	102.471	98.9307	1.03579
2408	0.00274487	0.180402	53.4728	54.8409	-5.80153	-0.0242124	102.488	98.9646	1.0356
2409	0.0027458	0.180464	53.5166	54.8155	-5.80326	-0.0242187	102.505	98.9986	1.03541
2410	0.00274674	0.180526	53.5603	54.7901	-5.80536	-0.024225	102.521	99.0326	1.03522
2411	0.00274767	0.180588	53.6041	54.7647	-5.80794	-0.0242313	102.537	99.0666	1.03503
2412	0.00274861	0.18065	53.648	54.7393	-5.8111	-0.0242376	102.552	99.1006	1.03483
2413	0.00274954	0.180712	53.6918	54.7138	-5.81492	-0.0242439	102.566	99.1345	1.03462
2414	0.00275048	0.180774	53.7358	54.6883	-5.81948	-0.0242502	102.58	99.1685	1.0344
2415	0.00275141	0.180836	53.7797	54.6627	-5.82492	-0.0242565	102.593	99.2026	1.03418
2416	0.00275234	0.180898	53.8237	54.6372	-5.83131	-0.0242629	102.605	99.2366	1.03395
2417	0.00275328	0.18096	53.8677	54.6116	-5.83861	-0.0242691	102.616	99.2706	1.0337
2418	0.00275421	0.181022	53.9118	54.586	-5.84677	-0.0242754	102.627	99.3046	1.03345
2419	0.00275515	0.181084	53.9558	54.5604	-5.85575	-0.0242817	102.636	99.3386	1.0332
2420	0.00275608	0.181146	54	54.5347	-5.86548	-0.0242879	102.645	99.3726	1.03293
2421	0.00275701	0.181208	54.0441	54.5091	-5.87591	-0.0242941	102.653	99.4066	1.03266
2422	0.00275795	0.18127	54.0883	54.4834	-5.88697	-0.0243002	102.66	99.4406	1.03238
2423	0.00275888	0.181332	54.1325	54.4577	-5.89863	-0.0243063	102.667	99.4747	1.03209
2424	0.00275982	0.181394	54.1767	54.432	-5.91086	-0.0243124	102.674	99.5087	1.0318
2425	0.00276075	0.181456	54.221	54.4062	-5.92377	-0.0243184	102.679	99.5427	1.03151
2426	0.00276168	0.181518	54.2653	54.3804	-5.93791	-0.0243244	102.683	99.5767	1.0312
2427	0.00276262	0.18158	54.3096	54.3546	-5.95638	-0.0243301	102.684	99.6107	1.03085
2428	0.00276355	0.181642	54.3539	54.3288	-5.97309	-0.0243357	102.685	99.6447	1.03051
2429	0.00276448	0.181704	54.3983	54.303	-5.98826	-0.0243413	102.689	99.6787	1.0302
2430	0.00276542	0.181766	54.4427	54.2772	-6.00208	-0.0243469	102.693	99.7127	1.02989
2431	0.00276635	0.181828	54.4871	54.2513	-6.01464	-0.0243524	102.699	99.7467	1.0296
2432	0.00276728	0.18189	54.5315	54.2254	-6.0261	-0.0243579	102.706	99.7806	1.02932
2433	0.00276822	0.181952	54.576	54.1995	-6.03664	-0.0243635	102.715	99.8146	1.02905
2434	0.00276915	0.182014	54.6205	54.1736	-6.04633	-0.0243689	102.723	99.8486	1.02879
2435	0.00277008	0.182076	54.6649	54.1477	-6.0552	-0.0243744	102.733	99.8825	1.02854
2436	0.00277101	0.182137	54.7095	54.1218	-6.06332	-0.0243799	102.744	99.9165	1.02829
2437	0.00277195	0.182199	54.754	54.0958	-6.07072	-0.0243854	102.755	99.9504	1.02806
2438	0.00277288	0.182261	54.7985	54.0699	-6.07547	-0.024391	102.768	99.9843	1.02785
2439	0.00277381	0.182323	54.8431	54.0439	-6.07815	-0.0243967	102.784	100.018	1.02766
2440	0.00277474	0.182385	54.8876	54.0179	-6.08052	-0.0244023	102.801	100.052	1.02747
2441	0.00277568	0.182446	54.9322	53.9919	-6.08276	-0.0244079	102.817	100.086	1.02729
2442	0.00277661	0.182508	54.9768	53.9659	-6.08499	-0.0244135	102.833	100.12	1.0271
2443	0.00277754	0.18257	55.0214	53.9399	-6.08733	-0.024419	102.85	100.154	1.02692
2444	0.00277847	0.182632	55.066	53.9138	-6.08989	-0.0244246	102.866	100.187	1.02673
2445	0.00277941	0.182693	55.1106	53.8878	-6.0928	-0.0244303	102.881	100.221	1.02654
2446	0.00278034	0.182755	55.1552	53.8618	-6.09617	-0.0244359	102.896	100.255	1.02635
2447	0.00278127	0.182816	55.1998	53.8357	-6.10011	-0.0244416	102.911	100.289	1.02615
2448	0.0027822	0.182878	55.2445	53.8097	-6.10468	-0.0244473	102.925	100.323	1.02594
2449	0.00278313	0.182939	55.2891	53.7836	-6.11006	-0.0244529	102.938	100.356	1.02573
2450	0.00278407	0.183001	55.3337	53.7575	-6.11631	-0.0244586	102.95	100.39	1.0255
2451	0.002785	0.183062	55.3784	53.7315	-6.12343	-0.0244643	102.962	100.424	1.02527
2452	0.00278593	0.183124	55.423	53.7054	-6.13138	-0.0244699	102.973	100.457	1.02504
2453	0.00278686	0.183185	55.4677	53.6793	-6.14007	-0.0244755	102.982	100.491	1.02479
2454	0.00278779	0.183246	55.5123	53.6532	-6.14947	-0.0244811	102.992	100.525	1.02454
2455	0.00278872	0.183307	55.5569	53.6271	-6.15948	-0.0244866	103	100.558	1.02428
2456	0.00278965	0.183369	55.6016	53.601	-6.17004	-0.0244922	103.008	100.592	1.02402
2457	0.00279059	0.18343	55.6462	53.5749	-6.18105	-0.0244977	103.016	100.625	1.02375
2458	0.00279152	0.183491	55.6909	53.5488	-6.19242	-0.0245031	103.023	100.659	1.02348
2459	0.00279245	0.183552	55.7355	53.5227	-6.20406	-0.0245085	103.03	100.692	1.02321
2460	0.00279338	0.183613	55.7801	53.4966	-6.21589	-0.0245139	103.036	100.726	1.02294
2461	0.00279431	0.183674	55.8247	53.4705	-6.22783	-0.0245192	103.043	100.759	1.02266
2462	0.00279524	0.183735	55.8694	53.4444	-6.23981	-0.0245245	103.049	100.793	1.02239
2463	0.00279617	0.183796	55.914	53.4183	-6.25183	-0.0245297	103.056	100.826	1.02211
2464	0.0027971	0.183856	55.9586	53.3922	-6.26394	-0.0245349	103.062	100.859	1.02184
2465	0.00279803	0.183917	56.0032	53.366	-6.27652	-0.02454	103.068	100.893	1.02156
2466	0.00279896	0.183978	56.0477	53.3399	-6.29241	-0.024545	103.071	100.926	1.02125
2467	0.00279989	0.184039	56.0923	53.3138	-6.30637	-0.0245499	103.075	100.959	1.02096
2468	0.00280082	0.184099	56.1369	53.2877	-6.31866	-0.0245547	103.081	100.993	1.02068
2469	0.00280175	0.18416	56.1814	53.2616	-6.32948	-0.0245596	103.089	101.026	1.02042
2470	0.00280268	0.18422	56.226	53.2355	-6.33899	-0.0245644	103.098	101.059	1.02018
2471	0.00280362	0.18428	56.2705	53.2094	-6.34744	-0.0245693	103.108	101.092	1.01994
2472	0.00280455	0.184341	56.315	53.1834	-6.355	-0.0245741	103.119	101.125	1.01971
2473	0.00280548	0.184401	56.3595	53.1573	-6.36177	-0.0245789	103.13	101.158	1.0195
2474	0.00280641	0.184461	56.404	53.1312	-6.36785	-0.0245837	103.143	101.191	1.01928
2475	0.00280734	0.184521	56.4484	53.1051	-6.37229	-0.0245885	103.157	101.224	1.01909
2476	0.00280827	0.184582	56.4929	53.0791	-6.37371	-0.0245935	103.174	101.257	1.01893
2477	0.0028092	0.184642	56.5373	53.053	-6.37468	-0.0245984	103.191	101.29	1.01877
2478	0.00281013	0.184702	56.5817	53.027	-6.37554	-0.0246032	103.209	101.323	1.01861
2479	0.00281106	0.184761	56.6261	53.0009	-6.37638	-0.0246081	103.226	101.356	1.01845
2480	0.00281198	0.184821	56.6704	52.9749	-6.37731	-0.024613	103.243	101.389	1.01829
2481	0.00281291	0.184881	56.7148	52.9489	-6.37843	-0.0246179	103.261	101.421	1.01813
2482	0.00281384	0.184941	56.7591	52.9228	-6.37985	-0.0246228	103.277	101.454	1.01797
2483	0.00281477	0.185	56.8034	52.8968	-6.38167	-0.0246278	103.294	101.487	1.01781
2484	0.0028157	0.18506	56.8477	52.8708	-6.38398	-0.0246327	103.31	101.52	1.01764
2485	0.00281663	0.185119	56.8919	52.8448	-6.38687	-0.0246378	103.325	101.552	1.01746
2486	0.00281756	0.185179	56.9361	52.8189	-6.39039	-0.0246428	103.34	101.585	1.01728
2487	0.00281849	0.185238	56.9803	52.7929	-6.39473	-0.0246478	103.354	101.617	1.01709
2488	0.00281942	0.185297	57.0245	52.7669	-6.39987	-0.0246528	103.367	101.65	1.01689
2489	0.00282035	0.185356	57.0686	52.741	-6.4058	-0.0246579	103.379	101.682	1.01669
2490	0.00282128	0.185415	57.1127	52.7151	-6.41243	-0.0246629	103.391	101.715	1.01648
2491	0.00282221	0.185474	57.1568	52.6891	-6.41969	-0.0246679	103.402	101.747	1.01626
2492	0.00282314	0.185533	57.2009	52.6632	-6.42752	-0.0246728	103.412	101.779	1.01604
2493	0.00282406	0.185592	57.2449	52.6373	-6.43583	-0.0246778	103.422	101.812	1.01582
2494	0.00282499	0.185651	57.2889	52.6114	-6.44452	-0.0246827	103.431	101.844	1.01559
2495	0.00282592	0.185709	57.3329	52.5856	-6.4535	-0.0246876	103.44	101.876	1.01536
2496	0.00282685	0.185768	57.3768	52.5597	-6.46266	-0.0246925	103.449	101.908	1.01512
2497	0.00282778	0.185827	57.4208	52.5339	-6.47188	-0.0246973	103.458	101.94	1.01489
2498	0.00282871	0.185885	57.4646	52.508	-6.48107	-0.0247021	103.467	101.972	1.01466
2499	0.00282964	0.185943	57.5085	52.4822	-6.49013	-0.0247068	103.476	102.004	1.01443
2500	0.00283057	0.186002	57.5523	52.4564	-6.499	-0.0247115	103.485	102.036	1.0142
2501	0.00283149	0.18606	57.5961	52.4306	-6.50761	-0.0247162	103.494	102.068	1.01397
2502	0.00283242	0.186118	57.6398	52.4049	-6.5159	-0.0247208	103.504	102.1	1.01375
2503	0.00283335	0.186176	57.6836	52.3791	-6.52378	-0.0247255	103.514	102.132	1.01353
2504	0.00283428	0.186234	57.7272	52.3534	-6.53121	-0.0247301	103.525	102.164	1.01332
2505	0.00283521	0.186292	57.7709	52.3277	-6.53814	-0.0247347	103.536	102.195	1.01312
2506	0.00283614	0.186349	57.8145	52.302	-6.54454	-0.0247392	103.547	102.227	1.01291
2507	0.00283707	0.186407	57.8581	52.2763	-6.55039	-0.0247438	103.559	102.259	1.01272
2508	0.00283799	0.186465	57.9016	52.2506	-6.55573	-0.0247483	103.572	102.29	1.01253
2509	0.00283892	0.186522	57.9451	52.225	-6.56056	-0.0247529	103.585	102.322	1.01234
2510	0.00283985	0.18658	57.9885	52.1993	-6.56494	-0.0247574	103.598	102.353	1.01216
2511	0.00284078	0.186637	58.032	52.1737	-6.56893	-0.0247619	103.612	102.385	1.01199
2512	0.00284171	0.186694	58.0753	52.1481	-6.57258	-0.0247664	103.626	102.416	1.01181
2513	0.00284263	0.186751	58.1187	52.1226	-6.57595	-0.0247709	103.641	102.447	1.01165
2514	0.00284356	0.186808	58.162	52.097	-6.57911	-0.0247754	103.655	102.479	1.01148
2515	0.00284449	0.186865	58.2052	52.0715	-6.58211	-0.0247799	103.67	102.51	1.01131
2516	0.00284542	0.186922	58.2484	52.046	-6.58503	-0.0247844	103.685	102.541	1.01115
2517	0.00284635	0.186979	58.2916	52.0205	-6.5879	-0.0247888	103.699	102.572	1.01099
2518	0.00284727	0.187035	58.3347	51.995	-6.59079	-0.0247933	103.714	102.603	1.01083
2519	0.0028482	0.187092	58.3778	51.9696	-6.59374	-0.0247978	103.729	102.634	1.01066
2520	0.00284913	0.187148	58.4209	51.9441	-6.59679	-0.0248022	103.743	102.665	1.0105
2521	0.00285006	0.187205	58.4639	51.9187	-6.59996	-0.0248066	103.758	102.696	1.01034
2522	0.00285098	0.187261	58.5068	51.8934	-6.60329	-0.0248111	103.772	102.727	1.01017
2523	0.00285191	0.187317	58.5497	51.868	-6.60679	-0.0248155	103.786	102.758	1.01001
2524	0.00285284	0.187373	58.5926	51.8427	-6.61047	-0.0248199	103.8	102.789	1.00984
2525	0.00285377	0.187429	58.6354	51.8173	-6.61433	-0.0248243	103.814	102.819	1.00967
2526	0.00285469	0.187485	58.6782	51.792	-6.61836	-0.0248287	103.827	102.85	1.0095
2527	0.00285562	0.187541	58.7209	51.7668	-6.62256	-0.0248331	103.84	102.881	1.00933
2528	0.00285655	0.187597	58.7636	51.7415	-6.62691	-0.0248374	103.853	102.911	1.00915
2529	0.00285748	0.187652	58.8062	51.7163	-6.63137	-0.0248418	103.866	102.942	1.00898
2530	0.0028584	0.187708	58.8488	51.6911	-6.63592	-0.0248461	103.879	102.972	1.00881
2531	0.00285933	0.187763	58.8914	51.6659	-6.64053	-0.0248505	103.892	103.003	1.00863
2532	0.00286026	0.187819	58.9339	51.6407	-6.64515	-0.0248548	103.905	103.033	1.00846
2533	0.00286118	0.187874	58.9764	51.6156	-6.64975	-0.0248591	103.917	103.063	1.00829
2534	0.00286211	0.187929	59.0188	51.5905	-6.65429	-0.0248634	103.93	103.094	1.00811
2535	0.00286304	0.187984	59.0611	51.5654	-6.65873	-0.0248677	103.943	103.124	1.00794
2536	0.00286397	0.188039	59.1035	51.5403	-6.66303	-0.0248719	103.956	103.154	1.00778
2537	0.00286489	0.188094	59.1457	51.5153	-6.66716	-0.0248762	103.969	103.184	1.00761
2538	0.00286582	0.188148	59.188	51.4903	-6.67109	-0.0248804	103.982	103.214	1.00744
2539	0.00286675	0.188203	59.2301	51.4653	-6.67482	-0.0248847	103.996	103.244	1.00728
2540	0.00286767	0.188258	59.2723	51.4403	-6.67832	-0.0248889	104.009	103.274	1.00712
2541	0.0028686	0.188312	59.3143	51.4154	-6.68161	-0.0248931	104.023	103.304	1.00697
2542	0.00286953	0.188366	59.3564	51.3904	-6.68467	-0.0248973	104.037	103.333	1.00681
2543	0.00287045	0.188421	59.3983	51.3656	-6.68752	-0.0249015	104.051	103.363	1.00666
2544	0.00287138	0.188475	59.4403	51.3407	-6.69019	-0.0249057	104.066	103.393	1.00651
2545	0.00287231	0.188529	59.4822	51.3158	-6.69269	-0.0249099	104.08	103.423	1.00636
2546	0.00287323	0.188583	59.524	51.291	-6.69505	-0.0249141	104.095	103.452	1.00621
2547	0.00287416	0.188636	59.5658	51.2662	-6.6973	-0.0249182	104.11	103.482	1.00607
2548	0.00287509	0.18869	59.6075	51.2415	-6.69947	-0.0249224	104.125	103.511	1.00593
2549	0.00287601	0.188744	59.6492	51.2168	-6.70159	-0.0249265	104.139	103.541	1.00578
2550	0.00287694	0.188797	59.6908	51.192	-6.70368	-0.0249307	104.154	103.57	1.00564
2551	0.00287787	0.188851	59.7323	51.1674	-6.70578	-0.0249348	104.169	103.599	1.0055
2552	0.00287879	0.188904	59.7739	51.1427	-6.70791	-0.0249389	104.184	103.629	1.00536
2553	0.00287972	0.188957	59.8153	51.1181	-6.71007	-0.024943	104.198	103.658	1.00522
2554	0.00288065	0.18901	59.8567	51.0935	-6.7123	-0.0249472	104.213	103.687	1.00507
2555	0.00288157	0.189063	59.8981	51.0689	-6.7146	-0.0249513	104.227	103.716	1.00493
2556	0.0028825	0.189116	59.9394	51.0444	-6.71697	-0.0249554	104.242	103.745	1.00479
2557	0.00288342	0.189169	59.9807	51.0198	-6.71942	-0.0249594	104.256	103.774	1.00465
2558	0.00288435	0.189222	60.0219	50.9953	-6.72195	-0.0249635	104.27	103.803	1.0045
2559	0.00288528	0.189275	60.063	50.9709	-6.72454	-0.0249676	104.284	103.832	1.00436
2560	0.0028862	0.189327	60.1041	50.9464	-6.72719	-0.0249716	104.298	103.861	1.00422
2561	0.00288713	0.189379	60.1452	50.922	-6.72988	-0.0249757	104.312	103.889	1.00407
2562	0.00288805	0.189432	60.1861	50.8976	-6.73261	-0.0249797	104.326	103.918	1.00393
2563	0.00288898	0.189484	60.2271	50.8733	-6.73537	-0.0249838	104.34	103.947	1.00378
2564	0.00288991	0.189536	60.268	50.849	-6.73813	-0.0249878	104.354	103.975	1.00364
2565	0.00289083	0.189588	60.3088	50.8247	-6.74088	-0.0249918	104.368	104.004	1.0035
2566	0.00289176	0.18964	60.3496	50.8004	-6.74361	-0.0249958	104.381	104.032	1.00336
2567	0.00289268	0.189692	60.3903	50.7761	-6.7463	-0.0249998	104.395	104.061	1.00322
2568	0.00289361	0.189743	60.431	50.7519	-6.74893	-0.0250038	104.409	104.089	1.00307
2569	0.00289454	0.189795	60.4716	50.7277	-6.7515	-0.0250078	104.423	104.117	1.00293
2570	0.00289546	0.189847	60.5122	50.7036	-6.75399	-0.0250117	104.437	104.146	1.0028
2571	0.00289639	0.189898	60.5527	50.6794	-6.75639	-0.0250157	104.451	104.174	1.00266
2572	0.00289731	0.189949	60.5932	50.6553	-6.7587	-0.0250197	104.465	104.202	1.00252
2573	0.00289824	0.19	60.6336	50.6312	-6.76091	-0.0250236	104.479	104.23	1.00239
2574	0.00289916	0.190052	60.6739	50.6072	-6.76303	-0.0250276	104.493	104.258	1.00225
2575	0.00290009	0.190103	60.7142	50.5832	-6.76505	-0.0250315	104.507	104.286	1.00212
2576	0.00290101	0.190154	60.7545	50.5592	-6.76697	-0.0250354	104.522	104.314	1.00199
2577	0.00290194	0.190204	60.7947	50.5352	-6.76881	-0.0250393	104.536	104.342	1.00186
2578	0.00290287	0.190255	60.8348	50.5113	-6.77057	-0.0250432	104.55	104.37	1.00173
2579	0.00290379	0.190306	60.8749	50.4874	-6.77225	-0.0250471	104.565	104.397	1.00161
2580	0.00290472	0.190356	60.9149	50.4635	-6.77387	-0.025051	104.58	104.425	1.00148
2581	0.00290564	0.190407	60.9549	50.4396	-6.77544	-0.0250549	104.594	104.453	1.00135
2582	0.00290657	0.190457	60.9949	50.4158	-6.77696	-0.0250588	104.609	104.48	1.00123
2583	0.00290749	0.190507	61.0347	50.392	-6.77845	-0.0250627	104.623	104.508	1.0011
2584	0.00290842	0.190557	61.0745	50.3682	-6.77991	-0.0250665	104.638	104.535	1.00098
2585	0.00290934	0.190607	61.1143	50.3445	-6.78136	-0.0250704	104.652	104.563	1.00086
2586	0.00291027	0.190657	61.154	50.3208	-6.78279	-0.0250743	104.667	104.59	1.00073
2587	0.00291119	0.190707	61.1937	50.2971	-6.78423	-0.0250781	104.681	104.617	1.00061
2588	0.00291212	0.190757	61.2333	50.2734	-6.78567	-0.0250819	104.696	104.645	1.00049
2589	0.00291304	0.190806	61.2728	50.2498	-6.78712	-0.0250858	104.71	104.672	1.00037
2590	0.00291397	0.190856	61.3123	50.2262	-6.78858	-0.0250896	104.725	104.699	1.00025
2591	0.00291489	0.190905	61.3518	50.2026	-6.79005	-0.0250934	104.739	104.726	1.00012
2592	0.00291582	0.190954	61.3912	50.1791	-6.79155	-0.0250972	104.754	104.753	1
2593	0.00291674	0.191004	61.4305	50.1556	-6.79306	-0.0251011	104.768	104.78	0.999882
2594	0.00291767	0.191053	61.4698	50.1321	-6.79459	-0.0251049	104.782	104.807	0.999761
2595	0.00291859	0.191102	61.509	50.1086	-6.79613	-0.0251087	104.796	104.834	0.99964
2596	0.00291952	0.191151	61.5482	50.0852	-6.7977	-0.0251125	104.811	104.861	0.99952
2597	0.00292044	0.1912	61.5873	50.0618	-6.79927	-0.0251163	104.825	104.888	0.999399
2598	0.00292137	0.191248	61.6264	50.0384	-6.80086	-0.0251201	104.839	104.914	0.999279
2599	0.00292229	0.191297	61.6654	50.0151	-6.80245	-0.0251239	104.853	104.941	0.999159
2600	0.00292322	0.191345	61.7044	49.9918	-6.80406	-0.0251277	104.867	104.968	0.999039
2601	0.00292414	0.191394	61.7433	49.9685	-6.80567	-0.0251314	104.881	104.994	0.99892
2602	0.00292507	0.191442	61.7821	49.9452	-6.80728	-0.0251352	104.895	105.021	0.998801
2603	0.00292599	0.191491	61.821	49.922	-6.80889	-0.025139	104.909	105.047	0.998682
2604	0.00292692	0.191539	61.8597	49.8987	-6.8105	-0.0251428	104.923	105.074	0.998563
2605	0.00292784	0.191587	61.8984	49.8756	-6.81211	-0.0251466	104.937	105.1	0.998445
2606	0.00292877	0.191635	61.9371	49.8524	-6.81371	-0.0251503	104.951	105.126	0.998327
2607	0.00292969	0.191683	61.9757	49.8293	-6.81531	-0.0251541	104.964	105.153	0.99821
2608	0.00293062	0.19173	62.0142	49.8062	-6.8169	-0.0251579	104.978	105.179	0.998093
2609	0.00293154	0.191778	62.0527	49.7831	-6.81848	-0.0251616	104.992	105.205	0.997976
2610	0.00293246	0.191826	62.0911	49.7601	-6.82006	-0.0251654	105.006	105.231	0.99786
2611	0.00293339	0.191873	62.1295	49.7371	-6.82162	-0.0251691	105.02	105.257	0.997744
2612	0.00293431	0.191921	62.1679	49.7141	-6.82318	-0.0251729	105.034	105.283	0.997628
2613	0.00293524	0.191968	62.2062	49.6911	-6.82473	-0.0251766	105.047	105.309	0.997513
2614	0.00293616	0.192015	62.2444	49.6682	-6.82626	-0.0251804	105.061	105.335	0.997398
2615	0.00293709	0.192062	62.2826	49.6453	-6.82779	-0.0251841	105.075	105.361	0.997284
2616	0.00293801	0.192109	62.3207	49.6224	-6.8293	-0.0251878	105.089	105.387	0.99717
2617	0.00293894	0.192156	62.3588	49.5996	-6.8308	-0.0251915	105.102	105.413	0.997057
2618	0.00293986	0.192203	62.3968	49.5767	-6.83229	-0.0251953	105.116	105.438	0.996944
2619	0.00294079	0.19225	62.4348	49.5539	-6.83376	-0.025199	105.13	105.464	0.996831
2620	0.00294171	0.192297	62.4727	49.5312	-6.83521	-0.0252027	105.143	105.49	0.996719
2621	0.00294263	0.192343	62.5105	49.5084	-6.83665	-0.0252064	105.157	105.515	0.996607
2622	0.00294356	0.19239	62.5484	49.4857	-6.83806	-0.02521	105.171	105.541	0.996496
2623	0.00294448	0.192436	62.5861	49.463	-6.83945	-0.0252137	105.185	105.566	0.996386
2624	0.00294541	0.192482	62.6238	49.4404	-6.84081	-0.0252174	105.198	105.591	0.996276
2625	0.00294633	0.192529	62.6615	49.4178	-6.84215	-0.0252211	105.212	105.617	0.996166
2626	0.00294725	0.192575	62.6991	49.3952	-6.84345	-0.0252247	105.226	105.642	0.996057
2627	0.00294818	0.192621	62.7367	49.3726	-6.84473	-0.0252284	105.239	105.667	0.995949
2628	0.0029491	0.192667	62.7742	49.35	-6.84598	-0.025232	105.253	105.693	0.995841
2629	0.00295003	0.192713	62.8116	49.3275	-6.84719	-0.0252357	105.267	105.718	0.995734
2630	0.00295095	0.192758	62.849	49.305	-6.84836	-0.0252393	105.28	105.743	0.995627
2631	0.00295187	0.192804	62.8864	49.2826	-6.8495	-0.025243	105.294	105.768	0.995522
2632	0.0029528	0.19285	62.9237	49.2601	-6.8506	-0.0252466	105.308	105.793	0.995416
2633	0.00295372	0.192895	62.961	49.2377	-6.85167	-0.0252502	105.322	105.818	0.995312
2634	0.00295465	0.19294	62.9982	49.2153	-6.8527	-0.0252538	105.336	105.843	0.995208
2635	0.00295557	0.192986	63.0353	49.193	-6.85369	-0.0252574	105.349	105.868	0.995104
2636	0.00295649	0.193031	63.0724	49.1706	-6.85465	-0.025261	105.363	105.892	0.995002
2637	0.00295742	0.193076	63.1095	49.1483	-6.85557	-0.0252646	105.377	105.917	0.994899
2638	0.00295834	0.193121	63.1465	49.1261	-6.85646	-0.0252683	105.391	105.942	0.994798
2639	0.00295927	0.193166	63.1834	49.1038	-6.85731	-0.0252718	105.405	105.967	0.994697
2640	0.00296019	0.193211	63.2203	49.0816	-6.85814	-0.0252754	105.418	105.991	0.994596
2641	0.00296111	0.193256	63.2572	49.0594	-6.85893	-0.025279	105.432	106.016	0.994497
2642	0.00296204	0.193301	63.294	49.0372	-6.85969	-0.0252826	105.446	106.04	0.994397
2643	0.00296296	0.193345	63.3308	49.0151	-6.86042	-0.0252862	105.46	106.065	0.994299
2644	0.00296388	0.19339	63.3675	48.9929	-6.86112	-0.0252898	105.474	106.089	0.994201
2645	0.00296481	0.193434	63.4041	48.9708	-6.8618	-0.0252934	105.488	106.114	0.994103
2646	0.00296573	0.193479	63.4407	48.9488	-6.86246	-0.025297	105.502	106.138	0.994006
2647	0.00296665	0.193523	63.4773	48.9267	-6.8631	-0.0253005	105.516	106.162	0.993909
2648	0.00296758	0.193567	63.5138	48.9047	-6.86372	-0.0253041	105.529	106.187	0.993812
2649	0.0029685	0.193611	63.5503	48.8827	-6.86433	-0.0253077	105.543	106.211	0.993717
2650	0.00296943	0.193655	63.5867	48.8607	-6.86492	-0.0253113	105.557	106.235	0.993621
2651	0.00297035	0.193699	63.6231	48.8388	-6.86551	-0.0253149	105.571	106.259	0.993526
2652	0.00297127	0.193743	63.6594	48.8169	-6.86608	-0.0253184	105.585	106.283	0.993431
2653	0.0029722	0.193787	63.6957	48.795	-6.86665	-0.025322	105.599	106.307	0.993336
2654	0.00297312	0.193831	63.7319	48.7731	-6.86722	-0.0253256	105.612	106.331	0.993242
2655	0.00297404	0.193874	63.7681	48.7513	-6.86779	-0.0253292	105.626	106.355	0.993148
2656	0.00297497	0.193918	63.8042	48.7295	-6.86835	-0.0253327	105.64	106.379	0.993054
2657	0.00297589	0.193961	63.8403	48.7077	-6.86892	-0.0253363	105.654	106.403	0.992961
2658	0.00297681	0.194005	63.8764	48.6859	-6.86948	-0.0253399	105.667	106.427	0.992868
2659	0.00297774	0.194048	63.9124	48.6642	-6.87005	-0.0253435	105.681	106.45	0.992775
2660	0.00297866	0.194091	63.9483	48.6425	-6.87061	-0.0253471	105.695	106.474	0.992682
2661	0.00297958	0.194134	63.9842	48.6208	-6.87118	-0.0253506	105.708	106.498	0.992589
2662	0.00298051	0.194177	64.0201	48.5991	-6.87174	-0.0253542	105.722	106.521	0.992497
2663	0.00298143	0.19422	64.0559	48.5775	-6.8723	-0.0253578	105.736	106.545	0.992405
2664	0.00298235	0.194263	64.0916	48.5558	-6.87286	-0.0253614	105.749	106.568	0.992314
2665	0.00298328	0.194306	64.1273	48.5342	-6.87341	-0.0253649	105.763	106.592	0.992222
2666	0.0029842	0.194349	64.163	48.5127	-6.87394	-0.0253685	105.776	106.615	0.992131
2667	0.00298512	0.194391	64.1986	48.4911	-6.87447	-0.0253721	105.79	106.639	0.992041
2668	0.00298605	0.194434	64.2342	48.4696	-6.87498	-0.0253757	105.803	106.662	0.99195
2669	0.00298697	0.194476	64.2697	48.4481	-6.87547	-0.0253792	105.817	106.685	0.991861
2670	0.00298789	0.194519	64.3052	48.4267	-6.87594	-0.0253828	105.831	106.709	0.991771
2671	0.00298882	0.194561	64.3407	48.4052	-6.87638	-0.0253864	105.844	106.732	0.991682
2672	0.00298974	0.194603	64.3761	48.3838	-6.8768	-0.0253899	105.858	106.755	0.991594
2673	0.00299066	0.194646	64.4114	48.3624	-6.87718	-0.0253935	105.871	106.778	0.991506
2674	0.00299158	0.194688	64.4467	48.341	-6.87753	-0.025397	105.885	106.801	0.991419
2675	0.00299251	0.19473	64.482	48.3197	-6.87784	-0.0254006	105.898	106.824	0.991332
2676	0.00299343	0.194772	64.5172	48.2983	-6.87812	-0.0254042	105.912	106.847	0.991246
2677	0.00299435	0.194814	64.5523	48.277	-6.87835	-0.0254077	105.926	106.87	0.99116
2678	0.00299528	0.194855	64.5875	48.2558	-6.87854	-0.0254113	105.939	106.893	0.991076
2679	0.0029962	0.194897	64.6226	48.2345	-6.87869	-0.0254148	105.953	106.916	0.990991
2680	0.00299712	0.194939	64.6576	48.2133	-6.87878	-0.0254183	105.967	106.939	0.990908
2681	0.00299805	0.19498	64.6926	48.1921	-6.87883	-0.0254219	105.98	106.962	0.990825
2682	0.00299897	0.195022	64.7275	48.1709	-6.87883	-0.0254254	105.994	106.985	0.990743
2683	0.00299989	0.195063	64.7624	48.1497	-6.87878	-0.025429	106.008	107.007	0.990661
2684	0.00300081	0.195105	64.7973	48.1286	-6.87868	-0.0254325	106.022	107.03	0.99058
2685	0.00300174	0.195146	64.8321	48.1075	-6.87853	-0.025436	106.036	107.053	0.9905
2686	0.00300266	0.195187	64.8669	48.0864	-6.87833	-0.0254396	106.05	107.075	0.990421
2687	0.00300358	0.195228	64.9016	48.0653	-6.87807	-0.0254431	106.063	107.098	0.990342
2688	0.00300451	0.195269	64.9363	48.0443	-6.87777	-0.0254466	106.077	107.12	0.990264
2689	0.00300543	0.19531	64.9709	48.0233	-6.87741	-0.0254502	106.091	107.143	0.990187
2690	0.00300635	0.195351	65.0055	48.0023	-6.87701	-0.0254537	106.105	107.165	0.99011
2691	0.00300727	0.195392	65.0401	47.9813	-6.87656	-0.0254572	106.119	107.188	0.990034
2692	0.0030082	0.195433	65.0746	47.9604	-6.87606	-0.0254607	106.133	107.21	0.989959
2693	0.00300912	0.195473	65.1091	47.9394	-6.87553	-0.0254643	106.148	107.232	0.989884
2694	0.00301004	0.195514	65.1435	47.9185	-6.87494	-0.0254678	106.162	107.255	0.98981
2695	0.00301096	0.195555	65.1779	47.8976	-6.87433	-0.0254713	106.176	107.277	0.989736
2696	0.00301189	0.195595	65.2123	47.8768	-6.87367	-0.0254748	106.19	107.299	0.989663
2697	0.00301281	0.195635	65.2466	47.8559	-6.87298	-0.0254783	106.204	107.321	0.989591
2698	0.00301373	0.195676	65.2808	47.8351	-6.87226	-0.0254819	106.218	107.343	0.989519
2699	0.00301465	0.195716	65.315	47.8143	-6.87151	-0.0254854	106.232	107.365	0.989448
2700	0.00301558	0.195756	65.3492	47.7935	-6.87074	-0.0254889	106.247	107.387	0.989376
2701	0.0030165	0.195796	65.3834	47.7728	-6.86994	-0.0254924	106.261	107.409	0.989306
2702	0.00301742	0.195836	65.4175	47.7521	-6.86912	-0.0254959	106.275	107.431	0.989236
2703	0.00301834	0.195876	65.4515	47.7314	-6.86829	-0.0254995	106.289	107.453	0.989166
2704	0.00301927	0.195916	65.4855	47.7107	-6.86744	-0.025503	106.303	107.475	0.989096
2705	0.00302019	0.195956	65.5195	47.69	-6.86657	-0.0255065	106.317	107.497	0.989027
2706	0.00302111	0.195996	65.5534	47.6694	-6.8657	-0.02551	106.332	107.519	0.988958
2707	0.00302203	0.196035	65.5873	47.6488	-6.86481	-0.0255136	106.346	107.541	0.988889
2708	0.00302296	0.196075	65.6212	47.6282	-6.86392	-0.0255171	106.36	107.562	0.988821
2709	0.00302388	0.196115	65.655	47.6076	-6.86301	-0.0255206	106.374	107.584	0.988753
2710	0.0030248	0.196154	65.6888	47.587	-6.8621	-0.0255241	106.388	107.606	0.988685
2711	0.00302572	0.196193	65.7225	47.5665	-6.86118	-0.0255277	106.402	107.627	0.988618
2712	0.00302665	0.196233	65.7562	47.546	-6.86025	-0.0255312	106.416	107.649	0.988551
2713	0.00302757	0.196272	65.7898	47.5255	-6.85931	-0.0255347	106.43	107.67	0.988484
2714	0.00302849	0.196311	65.8234	47.505	-6.85837	-0.0255383	106.445	107.692	0.988417
2715	0.00302941	0.19635	65.857	47.4846	-6.85741	-0.0255418	106.459	107.713	0.988351
2716	0.00303033	0.19639	65.8905	47.4642	-6.85644	-0.0255453	106.473	107.735	0.988285
2717	0.00303126	0.196429	65.924	47.4438	-6.85545	-0.0255488	106.487	107.756	0.988219
2718	0.00303218	0.196467	65.9575	47.4234	-6.85445	-0.0255524	106.501	107.778	0.988154
2719	0.0030331	0.196506	65.9909	47.403	-6.85343	-0.0255559	106.515	107.799	0.988089
2720	0.00303402	0.196545	66.0242	47.3827	-6.85238	-0.0255594	106.529	107.82	0.988024
2721	0.00303495	0.196584	66.0576	47.3624	-6.85131	-0.0255629	106.543	107.841	0.98796
2722	0.00303587	0.196623	66.0908	47.3421	-6.85021	-0.0255664	106.557	107.863	0.987896
2723	0.00303679	0.196661	66.1241	47.3218	-6.84908	-0.0255699	106.571	107.884	0.987833
2724	0.00303771	0.1967	66.1573	47.3015	-6.84791	-0.0255735	106.585	107.905	0.98777
2725	0.00303863	0.196738	66.1905	47.2813	-6.84671	-0.025577	106.599	107.926	0.987708
2726	0.00303956	0.196777	66.2236	47.2611	-6.84547	-0.0255805	106.614	107.947	0.987647
2727	0.00304048	0.196815	66.2567	47.2409	-6.84419	-0.0255839	106.628	107.968	0.987586
2728	0.0030414	0.196853	66.2897	47.2207	-6.84286	-0.0255874	106.642	107.989	0.987525
2729	0.00304232	0.196891	66.3228	47.2006	-6.8415	-0.0255909	106.656	108.01	0.987465
2730	0.00304324	0.19693	66.3557	47.1805	-6.84009	-0.0255944	106.671	108.031	0.987406
2731	0.00304417	0.196968	66.3887	47.1603	-6.83864	-0.0255979	106.685	108.052	0.987347
2732	0.00304509	0.197006	66.4216	47.1403	-6.83714	-0.0256013	106.699	108.073	0.987289
2733	0.00304601	0.197044	66.4544	47.1202	-6.83561	-0.0256048	106.713	108.094	0.987231
2734	0.00304693	0.197081	66.4872	47.1002	-6.83403	-0.0256082	106.728	108.114	0.987174
2735	0.00304785	0.197119	66.52	47.0801	-6.83241	-0.0256117	106.742	108.135	0.987118
2736	0.00304877	0.197157	66.5527	47.0601	-6.83076	-0.0256151	106.757	108.156	0.987062
2737	0.0030497	0.197195	66.5854	47.0402	-6.82907	-0.0256186	106.771	108.177	0.987006
2738	0.00305062	0.197232	66.6181	47.0202	-6.82735	-0.025622	106.785	108.197	0.986951
2739	0.00305154	0.19727	66.6507	47.0003	-6.82559	-0.0256255	106.8	108.218	0.986897
2740	0.00305246	0.197307	66.6833	46.9803	-6.82381	-0.0256289	106.814	108.238	0.986843
2741	0.00305338	0.197345	66.7159	46.9604	-6.82201	-0.0256323	106.829	108.259	0.986789
2742	0.0030543	0.197382	66.7484	46.9406	-6.82018	-0.0256358	106.843	108.279	0.986736
2743	0.00305523	0.197419	66.7808	46.9207	-6.81832	-0.0256392	106.858	108.3	0.986683
2744	0.00305615	0.197457	66.8133	46.9009	-6.81645	-0.0256426	106.872	108.32	0.98663
2745	0.00305707	0.197494	66.8457	46.881	-6.81456	-0.0256461	106.887	108.341	0.986578
2746	0.00305799	0.197531	66.878	46.8612	-6.81265	-0.0256495	106.901	108.361	0.986526
2747	0.00305891	0.197568	66.9103	46.8415	-6.81073	-0.0256529	106.915	108.381	0.986475
2748	0.00305983	0.197605	66.9426	46.8217	-6.80879	-0.0256563	106.93	108.402	0.986423
2749	0.00306075	0.197642	66.9749	46.802	-6.80684	-0.0256597	106.944	108.422	0.986372
2750	0.00306168	0.197679	67.0071	46.7823	-6.80488	-0.0256631	106.959	108.442	0.986322
2751	0.0030626	0.197716	67.0392	46.7626	-6.80291	-0.0256666	106.973	108.462	0.986271
2752	0.00306352	0.197752	67.0714	46.7429	-6.80092	-0.02567	106.988	108.482	0.986221
2753	0.00306444	0.197789	67.1035	46.7232	-6.79894	-0.0256734	107.002	108.503	0.986171
2754	0.00306536	0.197826	67.1355	46.7036	-6.79694	-0.0256768	107.016	108.523	0.986121
2755	0.00306628	0.197862	67.1675	46.684	-6.79494	-0.0256802	107.031	108.543	0.986072
2756	0.0030672	0.197899	67.1995	46.6644	-6.79294	-0.0256836	107.045	108.563	0.986022
2757	0.00306813	0.197935	67.2314	46.6448	-6.79095	-0.0256869	107.06	108.583	0.985973
2758	0.00306905	0.197971	67.2633	46.6253	-6.78895	-0.0256903	107.074	108.603	0.985924
2759	0.00306997	0.198008	67.2952	46.6057	-6.78697	-0.0256937	107.088	108.623	0.985875
2760	0.00307089	0.198044	67.327	46.5862	-6.78499	-0.0256971	107.103	108.642	0.985826
2761	0.00307181	0.19808	67.3588	46.5667	-6.78302	-0.0257005	107.117	108.662	0.985778
2762	0.00307273	0.198116	67.3906	46.5473	-6.78108	-0.0257038	107.131	108.682	0.985729
2763	0.00307365	0.198152	67.4223	46.5278	-6.77915	-0.0257072	107.145	108.702	0.98568
2764	0.00307457	0.198188	67.454	46.5084	-6.77725	-0.0257105	107.159	108.722	0.985631
2765	0.0030755	0.198224	67.4856	46.489	-6.77537	-0.0257139	107.174	108.741	0.985582
2766	0.00307642	0.19826	67.5172	46.4696	-6.77353	-0.0257172	107.188	108.761	0.985533
2767	0.00307734	0.198296	67.5488	46.4502	-6.77172	-0.0257206	107.202	108.781	0.985483
2768	0.00307826	0.198332	67.5803	46.4309	-6.76995	-0.0257239	107.216	108.8	0.985434
2769	0.00307918	0.198367	67.6118	46.4115	-6.76821	-0.0257273	107.229	108.82	0.985384
2770	0.0030801	0.198403	67.6433	46.3922	-6.76652	-0.0257306	107.243	108.839	0.985334
2771	0.00308102	0.198439	67.6747	46.3729	-6.76488	-0.0257339	107.257	108.859	0.985284
2772	0.00308194	0.198474	67.7061	46.3536	-6.76328	-0.0257373	107.271	108.878	0.985234
2773	0.00308286	0.19851	67.7374	46.3344	-6.76173	-0.0257406	107.284	108.898	0.985183
2774	0.00308378	0.198545	67.7687	46.3152	-6.76022	-0.0257439	107.298	108.917	0.985132
2775	0.00308471	0.19858	67.8	46.2959	-6.75876	-0.0257472	107.311	108.937	0.985081
2776	0.00308563	0.198616	67.8313	46.2768	-6.75735	-0.0257505	107.325	108.956	0.985029
2777	0.00308655	0.198651	67.8625	46.2576	-6.75598	-0.0257538	107.338	108.975	0.984978
2778	0.00308747	0.198686	67.8936	46.2384	-6.75466	-0.0257571	107.352	108.995	0.984926
2779	0.00308839	0.198721	67.9247	46.2193	-6.75338	-0.0257604	107.365	109.014	0.984873
2780	0.00308931	0.198756	67.9558	46.2002	-6.75213	-0.0257637	107.378	109.033	0.984821
2781	0.00309023	0.198791	67.9869	46.1811	-6.75092	-0.025767	107.391	109.052	0.984768
2782	0.00309115	0.198826	68.0179	46.162	-6.74973	-0.0257703	107.404	109.071	0.984716
2783	0.00309207	0.198861	68.0489	46.143	-6.74858	-0.0257735	107.417	109.091	0.984663
2784	0.00309299	0.198896	68.0798	46.1239	-6.74744	-0.0257768	107.431	109.11	0.98461
2785	0.00309391	0.198931	68.1107	46.1049	-6.74632	-0.02578	107.444	109.129	0.984557
2786	0.00309483	0.198965	68.1416	46.0859	-6.74521	-0.0257832	107.457	109.148	0.984505
2787	0.00309575	0.199	68.1724	46.067	-6.74411	-0.0257864	107.469	109.167	0.984452
2788	0.00309668	0.199034	68.2032	46.048	-6.74302	-0.0257897	107.482	109.186	0.984399
2789	0.0030976	0.199069	68.234	46.0291	-6.74192	-0.0257928	107.495	109.205	0.984347
2790	0.00309852	0.199103	68.2647	46.0102	-6.74083	-0.025796	107.508	109.224	0.984295
2791	0.00309944	0.199138	68.2954	45.9913	-6.73972	-0.0257992	107.521	109.242	0.984243
2792	0.00310036	0.199172	68.326	45.9724	-6.73861	-0.0258024	107.534	109.261	0.984191
2793	0.00310128	0.199206	68.3567	45.9535	-6.73749	-0.0258055	107.547	109.28	0.98414
2794	0.0031022	0.199241	68.3872	45.9347	-6.73636	-0.0258086	107.56	109.299	0.984088
2795	0.00310312	0.199275	68.4178	45.9159	-6.73521	-0.0258118	107.573	109.318	0.984037
2796	0.00310404	0.199309	68.4483	45.8971	-6.73405	-0.0258149	107.585	109.336	0.983986
2797	0.00310496	0.199343	68.4787	45.8783	-6.73288	-0.025818	107.598	109.355	0.983936
2798	0.00310588	0.199377	68.5092	45.8596	-6.7317	-0.0258211	107.611	109.374	0.983886
2799	0.0031068	0.199411	68.5396	45.8408	-6.73051	-0.0258242	107.624	109.392	0.983836
2800	0.00310772	0.199445	68.5699	45.8221	-6.72931	-0.0258273	107.637	109.411	0.983786
2801	0.00310864	0.199479	68.6002	45.8034	-6.72811	-0.0258303	107.65	109.429	0.983736
2802	0.00310956	0.199512	68.6305	45.7847	-6.72691	-0.0258334	107.663	109.448	0.983687
2803	0.00311048	0.199546	68.6608	45.7661	-6.72572	-0.0258364	107.675	109.466	0.983637
2804	0.0031114	0.19958	68.691	45.7474	-6.72453	-0.0258395	107.688	109.485	0.983588
2805	0.00311232	0.199613	68.7212	45.7288	-6.72335	-0.0258425	107.701	109.503	0.983539
2806	0.00311324	0.199647	68.7513	45.7102	-6.72218	-0.0258455	107.714	109.522	0.98349
2807	0.00311416	0.19968	68.7814	45.6917	-6.72103	-0.0258485	107.726	109.54	0.983441
2808	0.00311508	0.199714	68.8115	45.6731	-6.7199	-0.0258515	107.739	109.558	0.983391
2809	0.003116	0.199747	68.8415	45.6546	-6.71878	-0.0258545	107.751	109.577	0.983342
2810	0.00311692	0.199781	68.8715	45.636	-6.7177	-0.0258575	107.764	109.595	0.983293
2811	0.00311784	0.199814	68.9015	45.6175	-6.71664	-0.0258605	107.777	109.613	0.983243
2812	0.00311876	0.199847	68.9314	45.5991	-6.71561	-0.0258635	107.789	109.632	0.983194
2813	0.00311968	0.19988	68.9613	45.5806	-6.71461	-0.0258664	107.801	109.65	0.983144
2814	0.0031206	0.199913	68.9912	45.5621	-6.71365	-0.0258694	107.814	109.668	0.983094
2815	0.00312152	0.199946	69.021	45.5437	-6.71272	-0.0258723	107.826	109.686	0.983044
2816	0.00312244	0.199979	69.0508	45.5253	-6.71184	-0.0258753	107.838	109.704	0.982994
2817	0.00312336	0.200012	69.0806	45.5069	-6.71099	-0.0258782	107.851	109.722	0.982943
2818	0.00312428	0.200045	69.1103	45.4886	-6.71019	-0.0258812	107.863	109.74	0.982892
2819	0.0031252	0.200078	69.14	45.4702	-6.70943	-0.0258841	107.875	109.758	0.982841
2820	0.00312611	0.200111	69.1696	45.4519	-6.70871	-0.025887	107.887	109.776	0.98279
2821	0.00312703	0.200143	69.1992	45.4336	-6.70803	-0.0258899	107.899	109.794	0.982739
2822	0.00312795	0.200176	69.2288	45.4153	-6.7074	-0.0258929	107.911	109.812	0.982687
2823	0.00312887	0.200209	69.2583	45.397	-6.70681	-0.0258958	107.923	109.83	0.982635
2824	0.00312979	0.200241	69.2879	45.3788	-6.70626	-0.0258987	107.934	109.848	0.982582
2825	0.00313071	0.200274	69.3173	45.3606	-6.70576	-0.0259016	107.946	109.866	0.98253
2826	0.00313163	0.200306	69.3468	45.3423	-6.7053	-0.0259045	107.958	109.883	0.982477
2827	0.00313255	0.200338	69.3762	45.3241	-6.70489	-0.0259074	107.97	109.901	0.982424
2828	0.00313347	0.200371	69.4055	45.306	-6.70452	-0.0259103	107.981	109.919	0.982371
2829	0.00313439	0.200403	69.4349	45.2878	-6.7042	-0.0259132	107.993	109.937	0.982317
2830	0.00313531	0.200435	69.4642	45.2697	-6.70393	-0.025916	108.004	109.954	0.982263
2831	0.00313623	0.200467	69.4934	45.2516	-6.70371	-0.0259189	108.015	109.972	0.982209
2832	0.00313714	0.2005	69.5227	45.2335	-6.70355	-0.0259218	108.027	109.99	0.982154
2833	0.00313806	0.200532	69.5519	45.2154	-6.70343	-0.0259247	108.038	110.007	0.982099
2834	0.00313898	0.200564	69.581	45.1973	-6.70337	-0.0259275	108.049	110.025	0.982044
2835	0.0031399	0.200596	69.6102	45.1793	-6.70337	-0.0259304	108.06	110.042	0.981988
2836	0.00314082	0.200628	69.6393	45.1613	-6.70343	-0.0259332	108.071	110.06	0.981932
2837	0.00314174	0.200659	69.6683	45.1433	-6.70355	-0.0259361	108.082	110.077	0.981875
2838	0.00314266	0.200691	69.6973	45.1253	-6.70373	-0.0259389	108.093	110.095	0.981818
2839	0.00314358	0.200723	69.7263	45.1073	-6.70397	-0.0259417	108.104	110.112	0.981761
2840	0.0031445	0.200755	69.7553	45.0893	-6.70428	-0.0259445	108.114	110.129	0.981703
2841	0.00314541	0.200786	69.7842	45.0714	-6.70465	-0.0259474	108.125	110.147	0.981645
2842	0.00314633	0.200818	69.8131	45.0535	-6.70508	-0.0259502	108.136	110.164	0.981586
2843	0.00314725	0.200849	69.842	45.0356	-6.70558	-0.0259529	108.146	110.181	0.981527
2844	0.00314817	0.200881	69.8708	45.0177	-6.70614	-0.0259557	108.156	110.199	0.981467
2845	0.00314909	0.200912	69.8996	44.9999	-6.70676	-0.0259585	108.167	110.216	0.981407
2846	0.00315001	0.200944	69.9283	44.982	-6.70743	-0.0259613	108.177	110.233	0.981347
2847	0.00315093	0.200975	69.957	44.9642	-6.70816	-0.025964	108.187	110.25	0.981286
2848	0.00315184	0.201006	69.9857	44.9464	-6.70893	-0.0259668	108.197	110.268	0.981225
2849	0.00315276	0.201038	70.0144	44.9287	-6.70976	-0.0259695	108.207	110.285	0.981164
2850	0.00315368	0.201069	70.043	44.9109	-6.71062	-0.0259722	108.217	110.302	0.981102
2851	0.0031546	0.2011	70.0716	44.8931	-6.71152	-0.025975	108.227	110.319	0.98104
2852	0.00315552	0.201131	70.1001	44.8754	-6.71246	-0.0259777	108.237	110.336	0.980978
2853	0.00315644	0.201162	70.1287	44.8577	-6.71342	-0.0259804	108.247	110.353	0.980916
2854	0.00315735	0.201193	70.1571	44.84	-6.7144	-0.0259831	108.257	110.37	0.980854
2855	0.00315827	0.201224	70.1856	44.8224	-6.7154	-0.0259858	108.267	110.387	0.980792
2856	0.00315919	0.201255	70.214	44.8047	-6.71641	-0.0259885	108.276	110.404	0.98073
2857	0.00316011	0.201286	70.2424	44.7871	-6.71743	-0.0259911	108.286	110.421	0.980668
2858	0.00316103	0.201316	70.2707	44.7695	-6.71846	-0.0259938	108.296	110.438	0.980606
2859	0.00316194	0.201347	70.2991	44.7519	-6.71948	-0.0259965	108.305	110.454	0.980544
2860	0.00316286	0.201378	70.3273	44.7343	-6.72051	-0.0259991	108.315	110.471	0.980482
2861	0.00316378	0.201408	70.3556	44.7167	-6.72152	-0.0260018	108.325	110.488	0.980421
2862	0.0031647	0.201439	70.3838	44.6992	-6.72253	-0.0260044	108.334	110.505	0.98036
2863	0.00316562	0.201469	70.412	44.6817	-6.72353	-0.026007	108.344	110.522	0.980298
2864	0.00316653	0.2015	70.4401	44.6642	-6.72452	-0.0260096	108.354	110.538	0.980238
2865	0.00316745	0.20153	70.4682	44.6467	-6.72549	-0.0260122	108.363	110.555	0.980177
2866	0.00316837	0.201561	70.4963	44.6292	-6.72645	-0.0260148	108.373	110.572	0.980117
2867	0.00316929	0.201591	70.5244	44.6118	-6.7274	-0.0260174	108.383	110.588	0.980057
2868	0.0031702	0.201621	70.5524	44.5944	-6.72834	-0.02602	108.392	110.605	0.979997
2869	0.00317112	0.201651	70.5804	44.577	-6.72926	-0.0260225	108.402	110.621	0.979937
2870	0.00317204	0.201682	70.6083	44.5596	-6.73017	-0.026025	108.412	110.638	0.979878
2871	0.00317296	0.201712	70.6362	44.5422	-6.73107	-0.0260276	108.421	110.654	0.979818
2872	0.00317387	0.201742	70.6641	44.5248	-6.73195	-0.0260301	108.431	110.671	0.97976
2873	0.00317479	0.201772	70.6919	44.5075	-6.73283	-0.0260326	108.441	110.687	0.979701
2874	0.00317571	0.201802	70.7198	44.4902	-6.7337	-0.0260351	108.45	110.704	0.979642
2875	0.00317663	0.201832	70.7475	44.4729	-6.73457	-0.0260375	108.46	110.72	0.979584
2876	0.00317754	0.201862	70.7753	44.4556	-6.73543	-0.02604	108.469	110.737	0.979526
2877	0.00317846	0.201891	70.803	44.4383	-6.73629	-0.0260424	108.479	110.753	0.979468
2878	0.00317938	0.201921	70.8307	44.4211	-6.73715	-0.0260449	108.489	110.769	0.97941
2879	0.0031803	0.201951	70.8583	44.4039	-6.738	-0.0260473	108.498	110.786	0.979352
2880	0.00318121	0.201981	70.886	44.3867	-6.73887	-0.0260497	108.508	110.802	0.979294
2881	0.00318213	0.20201	70.9135	44.3695	-6.73973	-0.0260521	108.517	110.818	0.979237
2882	0.00318305	0.20204	70.9411	44.3523	-6.7406	-0.0260545	108.527	110.834	0.979179
2883	0.00318396	0.202069	70.9686	44.3352	-6.74149	-0.0260569	108.536	110.851	0.979121
2884	0.00318488	0.202099	70.9961	44.318	-6.74238	-0.0260592	108.546	110.867	0.979064
2885	0.0031858	0.202128	71.0235	44.3009	-6.74328	-0.0260616	108.555	110.883	0.979006
2886	0.00318672	0.202158	71.051	44.2838	-6.74419	-0.0260639	108.565	110.899	0.978949
2887	0.00318763	0.202187	71.0783	44.2667	-6.74513	-0.0260663	108.574	110.915	0.978891
2888	0.00318855	0.202216	71.1057	44.2497	-6.74607	-0.0260686	108.583	110.931	0.978834
2889	0.00318947	0.202245	71.133	44.2326	-6.74704	-0.0260709	108.593	110.947	0.978776
2890	0.00319038	0.202275	71.1603	44.2156	-6.74802	-0.0260732	108.602	110.963	0.978719
2891	0.0031913	0.202304	71.1875	44.1986	-6.74903	-0.0260755	108.611	110.979	0.978661
2892	0.00319222	0.202333	71.2148	44.1816	-6.75006	-0.0260778	108.62	110.995	0.978603
2893	0.00319313	0.202362	71.2419	44.1647	-6.75111	-0.0260801	108.629	111.011	0.978545
2894	0.00319405	0.202391	71.2691	44.1477	-6.75219	-0.0260824	108.639	111.027	0.978487
2895	0.00319497	0.20242	71.2962	44.1308	-6.75329	-0.0260846	108.648	111.043	0.978429
2896	0.00319589	0.202449	71.3233	44.1139	-6.75441	-0.0260869	108.657	111.059	0.978371
2897	0.0031968	0.202477	71.3503	44.097	-6.75557	-0.0260891	108.666	111.075	0.978313
2898	0.00319772	0.202506	71.3774	44.0801	-6.75675	-0.0260913	108.675	111.09	0.978255
2899	0.00319864	0.202535	71.4044	44.0632	-6.75795	-0.0260936	108.684	111.106	0.978196
2900	0.00319955	0.202564	71.4313	44.0464	-6.75918	-0.0260958	108.692	111.122	0.978137
2901	0.00320047	0.202592	71.4582	44.0296	-6.76044	-0.026098	108.701	111.138	0.978079
2902	0.00320139	0.202621	71.4851	44.0128	-6.76173	-0.0261002	108.71	111.153	0.97802
2903	0.0032023	0.20265	71.512	43.996	-6.76304	-0.0261024	108.719	111.169	0.977961
2904	0.00320322	0.202678	71.5388	43.9793	-6.76437	-0.0261045	108.728	111.185	0.977902
2905	0.00320414	0.202706	71.5656	43.9625	-6.76573	-0.0261067	108.736	111.2	0.977842
2906	0.00320505	0.202735	71.5923	43.9458	-6.76711	-0.0261089	108.745	111.216	0.977783
2907	0.00320597	0.202763	71.619	43.9291	-6.76852	-0.026111	108.753	111.231	0.977724
2908	0.00320688	0.202792	71.6457	43.9124	-6.76994	-0.0261132	108.762	111.247	0.977664
2909	0.0032078	0.20282	71.6724	43.8957	-6.77139	-0.0261153	108.771	111.262	0.977605
2910	0.00320872	0.202848	71.699	43.8791	-6.77285	-0.0261174	108.779	111.278	0.977545
2911	0.00320963	0.202876	71.7256	43.8625	-6.77433	-0.0261195	108.788	111.293	0.977486
2912	0.00321055	0.202904	71.7521	43.8459	-6.77583	-0.0261217	108.796	111.309	0.977426
2913	0.00321147	0.202932	71.7786	43.8293	-6.77733	-0.0261238	108.804	111.324	0.977366
2914	0.00321238	0.20296	71.8051	43.8127	-6.77885	-0.0261259	108.813	111.339	0.977307
2915	0.0032133	0.202988	71.8315	43.7961	-6.78038	-0.0261279	108.821	111.355	0.977247
2916	0.00321422	0.203016	71.858	43.7796	-6.78191	-0.02613	108.83	111.37	0.977188
2917	0.00321513	0.203044	71.8843	43.7631	-6.78345	-0.0261321	108.838	111.385	0.977128
2918	0.00321605	0.203072	71.9107	43.7466	-6.78499	-0.0261342	108.846	111.401	0.977069
2919	0.00321696	0.2031	71.937	43.7301	-6.78653	-0.0261362	108.854	111.416	0.97701
2920	0.00321788	0.203127	71.9633	43.7137	-6.78807	-0.0261383	108.863	111.431	0.976951
2921	0.0032188	0.203155	71.9895	43.6972	-6.7896	-0.0261403	108.871	111.446	0.976892
2922	0.00321971	0.203183	72.0157	43.6808	-6.79113	-0.0261423	108.879	111.461	0.976833
2923	0.00322063	0.20321	72.0419	43.6644	-6.79265	-0.0261443	108.888	111.477	0.976775
2924	0.00322154	0.203238	72.068	43.648	-6.79416	-0.0261464	108.896	111.492	0.976716
2925	0.00322246	0.203265	72.0941	43.6317	-6.79565	-0.0261484	108.904	111.507	0.976658
2926	0.00322338	0.203293	72.1202	43.6153	-6.79713	-0.0261504	108.912	111.522	0.9766
2927	0.00322429	0.20332	72.1462	43.599	-6.7986	-0.0261523	108.921	111.537	0.976543
2928	0.00322521	0.203348	72.1723	43.5827	-6.80005	-0.0261543	108.929	111.552	0.976485
2929	0.00322612	0.203375	72.1982	43.5664	-6.80148	-0.0261563	108.937	111.567	0.976428
2930	0.00322704	0.203402	72.2242	43.5502	-6.8029	-0.0261582	108.945	111.582	0.976371
2931	0.00322795	0.203429	72.2501	43.5339	-6.8043	-0.0261602	108.954	111.597	0.976315
2932	0.00322887	0.203457	72.2759	43.5177	-6.80568	-0.0261621	108.962	111.612	0.976258
2933	0.00322979	0.203484	72.3018	43.5015	-6.80704	-0.0261641	108.97	111.627	0.976202
2934	0.0032307	0.203511	72.3276	43.4853	-6.80838	-0.026166	108.978	111.641	0.976147
2935	0.00323162	0.203538	72.3533	43.4692	-6.80971	-0.0261679	108.987	111.656	0.976091
2936	0.00323253	0.203565	72.3791	43.453	-6.81102	-0.0261698	108.995	111.671	0.976036
2937	0.00323345	0.203592	72.4048	43.4369	-6.81231	-0.0261717	109.003	111.686	0.975981
2938	0.00323436	0.203618	72.4304	43.4208	-6.81358	-0.0261736	109.011	111.7	0.975926
2939	0.00323528	0.203645	72.4561	43.4047	-6.81485	-0.0261755	109.02	111.715	0.975872
2940	0.00323619	0.203672	72.4816	43.3886	-6.81609	-0.0261774	109.028	111.73	0.975818
2941	0.00323711	0.203699	72.5072	43.3726	-6.81732	-0.0261793	109.036	111.745	0.975764
2942	0.00323803	0.203726	72.5327	43.3565	-6.81855	-0.0261812	109.045	111.759	0.97571
2943	0.00323894	0.203752	72.5582	43.3405	-6.81975	-0.026183	109.053	111.774	0.975656
2944	0.00323986	0.203779	72.5837	43.3245	-6.82095	-0.0261849	109.061	111.788	0.975603
2945	0.00324077	0.203805	72.6091	43.3086	-6.82214	-0.0261867	109.069	111.803	0.97555
2946	0.00324169	0.203832	72.6345	43.2926	-6.82332	-0.0261886	109.078	111.817	0.975497
2947	0.0032426	0.203858	72.6599	43.2767	-6.8245	-0.0261904	109.086	111.832	0.975444
2948	0.00324352	0.203885	72.6852	43.2608	-6.82567	-0.0261923	109.094	111.846	0.975391
2949	0.00324443	0.203911	72.7105	43.2449	-6.82683	-0.0261941	109.102	111.861	0.975339
2950	0.00324535	0.203937	72.7358	43.229	-6.82799	-0.0261959	109.111	111.875	0.975286
2951	0.00324626	0.203964	72.761	43.2131	-6.82914	-0.0261977	109.119	111.89	0.975234
2952	0.00324718	0.20399	72.7862	43.1973	-6.8303	-0.0261995	109.127	111.904	0.975182
2953	0.00324809	0.204016	72.8113	43.1815	-6.83145	-0.0262013	109.135	111.919	0.97513
2954	0.00324901	0.204042	72.8365	43.1657	-6.8326	-0.0262031	109.143	111.933	0.975078
2955	0.00324992	0.204068	72.8616	43.1499	-6.83376	-0.0262049	109.151	111.947	0.975026
2956	0.00325084	0.204094	72.8866	43.1341	-6.83492	-0.0262067	109.16	111.961	0.974975
2957	0.00325175	0.20412	72.9116	43.1184	-6.83608	-0.0262084	109.168	111.976	0.974923
2958	0.00325267	0.204146	72.9366	43.1027	-6.83724	-0.0262102	109.176	111.99	0.974871
2959	0.00325358	0.204172	72.9616	43.0869	-6.83842	-0.026212	109.184	112.004	0.97482
2960	0.0032545	0.204198	72.9865	43.0713	-6.8396	-0.0262137	109.192	112.018	0.974768
2961	0.00325541	0.204224	73.0114	43.0556	-6.84079	-0.0262155	109.2	112.033	0.974717
2962	0.00325633	0.20425	73.0363	43.0399	-6.84199	-0.0262172	109.208	112.047	0.974665
2963	0.00325724	0.204275	73.0611	43.0243	-6.84319	-0.026219	109.216	112.061	0.974614
2964	0.00325816	0.204301	73.0859	43.0087	-6.84441	-0.0262207	109.224	112.075	0.974562
2965	0.00325907	0.204327	73.1107	42.9931	-6.84564	-0.0262224	109.232	112.089	0.974511
2966	0.00325999	0.204352	73.1354	42.9775	-6.84689	-0.0262241	109.24	112.103	0.97446
2967	0.0032609	0.204378	73.1601	42.962	-6.84814	-0.0262259	109.248	112.117	0.974408
2968	0.00326182	0.204403	73.1848	42.9464	-6.84941	-0.0262276	109.256	112.131	0.974357
2969	0.00326273	0.204429	73.2094	42.9309	-6.85069	-0.0262293	109.263	112.145	0.974305
2970	0.00326364	0.204454	73.234	42.9154	-6.85198	-0.026231	109.271	112.159	0.974254
2971	0.00326456	0.204479	73.2586	42.8999	-6.85328	-0.0262327	109.279	112.173	0.974202
2972	0.00326547	0.204505	73.2831	42.8845	-6.85459	-0.0262344	109.287	112.187	0.974151
2973	0.00326639	0.20453	73.3076	42.869	-6.85591	-0.026236	109.294	112.201	0.974099
2974	0.0032673	0.204555	73.3321	42.8536	-6.85724	-0.0262377	109.302	112.214	0.974048
2975	0.00326822	0.204581	73.3565	42.8382	-6.85858	-0.0262394	109.31	112.228	0.973996
2976	0.00326913	0.204606	73.381	42.8228	-6.85992	-0.0262411	109.318	112.242	0.973945
2977	0.00327005	0.204631	73.4053	42.8074	-6.86126	-0.0262427	109.325	112.256	0.973894
2978	0.00327096	0.204656	73.4297	42.792	-6.86261	-0.0262444	109.333	112.27	0.973842
2979	0.00327188	0.204681	73.454	42.7767	-6.86395	-0.026246	109.341	112.283	0.973791
2980	0.00327279	0.204706	73.4783	42.7614	-6.86529	-0.0262477	109.348	112.297	0.97374
2981	0.0032737	0.204731	73.5025	42.7461	-6.86663	-0.0262493	109.356	112.311	0.97369
2982	0.00327462	0.204756	73.5268	42.7308	-6.86796	-0.0262509	109.363	112.324	0.973639
2983	0.00327553	0.204781	73.5509	42.7155	-6.86928	-0.0262525	109.371	112.338	0.973588
2984	0.00327645	0.204805	73.5751	42.7003	-6.87059	-0.0262541	109.379	112.352	0.973538
2985	0.00327736	0.20483	73.5992	42.6851	-6.87188	-0.0262557	109.386	112.365	0.973488
2986	0.00327828	0.204855	73.6233	42.6698	-6.87316	-0.0262573	109.394	112.379	0.973438
2987	0.00327919	0.20488	73.6474	42.6547	-6.87442	-0.0262589	109.401	112.392	0.973389
2988	0.0032801	0.204904	73.6714	42.6395	-6.87567	-0.0262605	109.409	112.406	0.973339
2989	0.00328102	0.204929	73.6954	42.6243	-6.8769	-0.0262621	109.417	112.419	0.97329
2990	0.00328193	0.204953	73.7194	42.6092	-6.8781	-0.0262636	109.424	112.433	0.973241
2991	0.00328285	0.204978	73.7434	42.5941	-6.87929	-0.0262652	109.432	112.446	0.973193
2992	0.00328376	0.205002	73.7673	42.5789	-6.88045	-0.0262668	109.439	112.46	0.973144
2993	0.00328467	0.205027	73.7912	42.5639	-6.8816	-0.0262683	109.447	112.473	0.973096
2994	0.00328559	0.205051	73.815	42.5488	-6.88272	-0.0262698	109.455	112.486	0.973049
2995	0.0032865	0.205076	73.8388	42.5337	-6.88382	-0.0262714	109.462	112.5	0.973001
2996	0.00328742	0.2051	73.8626	42.5187	-6.88491	-0.0262729	109.47	112.513	0.972954
2997	0.00328833	0.205124	73.8864	42.5037	-6.88597	-0.0262744	109.478	112.526	0.972907
2998	0.00328924	0.205148	73.9101	42.4887	-6.88701	-0.0262759	109.485	112.54	0.97286
2999	0.00329016	0.205173	73.9338	42.4737	-6.88804	-0.0262775	109.493	112.553	0.972814
3000	0.00329107	0.205197	73.9575	42.4587	-6.88905	-0.026279	109.501	112.566	0.972768
3001	0.00329199	0.205221	73.9811	42.4438	-6.89005	-0.0262805	109.509	112.58	0.972722
3002	0.0032929	0.205245	74.0047	42.4288	-6.89103	-0.0262819	109.516	112.593	0.972676
3003	0.00329381	0.205269	74.0283	42.4139	-6.89201	-0.0262834	109.524	112.606	0.97263
3004	0.00329473	0.205293	74.0519	42.399	-6.893	-0.0262849	109.532	112.619	0.972585
3005	0.00329564	0.205317	74.0754	42.3841	-6.89399	-0.0262864	109.539	112.632	0.972539
3006	0.00329655	0.205341	74.0989	42.3693	-6.89498	-0.0262878	109.547	112.645	0.972494
3007	0.00329747	0.205365	74.1224	42.3544	-6.89596	-0.0262893	109.555	112.658	0.972448
3008	0.00329838	0.205389	74.1458	42.3396	-6.89694	-0.0262907	109.562	112.672	0.972403
3009	0.00329929	0.205412	74.1692	42.3248	-6.89792	-0.0262922	109.57	112.685	0.972358
3010	0.00330021	0.205436	74.1926	42.31	-6.89889	-0.0262936	109.577	112.698	0.972313
3011	0.00330112	0.20546	74.2159	42.2952	-6.89986	-0.026295	109.585	112.711	0.972268
3012	0.00330203	0.205484	74.2392	42.2804	-6.90082	-0.0262965	109.593	112.724	0.972224
3013	0.00330295	0.205507	74.2625	42.2657	-6.90177	-0.0262979	109.6	112.737	0.972179
3014	0.00330386	0.205531	74.2858	42.2509	-6.90272	-0.0262993	109.608	112.75	0.972135
3015	0.00330477	0.205554	74.309	42.2362	-6.90365	-0.0263007	109.615	112.762	0.97209
3016	0.00330569	0.205578	74.3322	42.2215	-6.90458	-0.0263022	109.623	112.775	0.972046
3017	0.0033066	0.205601	74.3554	42.2068	-6.9055	-0.0263036	109.63	112.788	0.972002
3018	0.00330751	0.205625	74.3786	42.1922	-6.90641	-0.026305	109.638	112.801	0.971959
3019	0.00330843	0.205648	74.4017	42.1775	-6.9073	-0.0263064	109.646	112.814	0.971915
3020	0.00330934	0.205672	74.4248	42.1629	-6.90818	-0.0263078	109.653	112.827	0.971872
3021	0.00331025	0.205695	74.4479	42.1482	-6.90904	-0.0263092	109.661	112.84	0.971829
3022	0.00331117	0.205718	74.4709	42.1336	-6.90989	-0.0263106	109.668	112.852	0.971786
3023	0.00331208	0.205742	74.4939	42.119	-6.91071	-0.026312	109.676	112.865	0.971743
3024	0.00331299	0.205765	74.5169	42.1045	-6.91151	-0.0263133	109.684	112.878	0.971701
3025	0.0033139	0.205788	74.5399	42.0899	-6.91228	-0.0263147	109.691	112.891	0.971659
3026	0.00331482	0.205811	74.5628	42.0753	-6.91302	-0.0263161	109.699	112.903	0.971617
3027	0.00331573	0.205834	74.5857	42.0608	-6.91372	-0.0263175	109.706	112.916	0.971576
3028	0.00331664	0.205857	74.6086	42.0463	-6.91439	-0.0263189	109.714	112.929	0.971535
3029	0.00331756	0.20588	74.6315	42.0318	-6.91502	-0.0263202	109.722	112.941	0.971495
3030	0.00331847	0.205903	74.6543	42.0173	-6.91561	-0.0263216	109.73	112.954	0.971455
3031	0.00331938	0.205926	74.6771	42.0028	-6.91615	-0.026323	109.737	112.967	0.971415
3032	0.00332029	0.205949	74.6999	41.9884	-6.91665	-0.0263244	109.745	112.979	0.971376
3033	0.00332121	0.205972	74.7226	41.9739	-6.91711	-0.0263257	109.753	112.992	0.971338
3034	0.00332212	0.205995	74.7453	41.9595	-6.91752	-0.0263271	109.761	113.004	0.9713
3035	0.00332303	0.206018	74.768	41.9451	-6.9179	-0.0263285	109.769	113.017	0.971262
3036	0.00332394	0.206041	74.7907	41.9307	-6.91824	-0.0263298	109.777	113.029	0.971225
3037	0.00332486	0.206064	74.8134	41.9163	-6.91855	-0.0263312	109.785	113.042	0.971188
3038	0.00332577	0.206086	74.836	41.902	-6.91885	-0.0263325	109.793	113.054	0.971151
3039	0.00332668	0.206109	74.8586	41.8876	-6.91914	-0.0263339	109.801	113.067	0.971114
3040	0.0033276	0.206132	74.8811	41.8733	-6.91944	-0.0263353	109.809	113.079	0.971078
3041	0.00332851	0.206154	74.9037	41.8589	-6.91975	-0.0263366	109.817	113.092	0.971041
3042	0.00332942	0.206177	74.9262	41.8446	-6.9201	-0.026338	109.824	113.104	0.971004
3043	0.00333033	0.206199	74.9487	41.8303	-6.92048	-0.0263394	109.832	113.116	0.970967
3044	0.00333125	0.206222	74.9712	41.8161	-6.92092	-0.0263407	109.84	113.129	0.970929
3045	0.00333216	0.206244	74.9936	41.8018	-6.92143	-0.0263421	109.848	113.141	0.970891
3046	0.00333307	0.206267	75.016	41.7875	-6.92201	-0.0263434	109.855	113.153	0.970852
3047	0.00333398	0.206289	75.0384	41.7733	-6.92269	-0.0263448	109.863	113.166	0.970813
3048	0.00333489	0.206312	75.0608	41.7591	-6.92346	-0.0263461	109.87	113.178	0.970773
3049	0.00333581	0.206334	75.0831	41.7449	-6.92433	-0.0263475	109.877	113.19	0.970732
3050	0.00333672	0.206356	75.1055	41.7307	-6.92532	-0.0263488	109.884	113.202	0.97069
3051	0.00333763	0.206379	75.1278	41.7165	-6.92644	-0.0263501	109.891	113.215	0.970647
3052	0.00333854	0.206401	75.15	41.7023	-6.9277	-0.0263514	109.898	113.227	0.970602
3053	0.00333946	0.206423	75.1723	41.6882	-6.92914	-0.0263527	109.905	113.239	0.970556
3054	0.00334037	0.206445	75.1945	41.674	-6.93083	-0.026354	109.911	113.251	0.970509
3055	0.00334128	0.206468	75.2167	41.6599	-6.9329	-0.0263553	109.917	113.263	0.970457
3056	0.00334219	0.20649	75.2389	41.6458	-6.93585	-0.0263565	109.922	113.276	0.970398
3057	0.0033431	0.206512	75.261	41.6317	-6.94244	-0.0263576	109.924	113.288	0.970307
3058	0.00334402	0.206534	75.2832	41.6176	-6.94741	-0.0263587	109.927	113.3	0.970231
3059	0.00334493	0.206556	75.3053	41.6035	-6.95126	-0.0263597	109.931	113.312	0.970164
3060	0.00334584	0.206578	75.3274	41.5895	-6.95418	-0.0263608	109.936	113.324	0.970106
3061	0.00334675	0.2066	75.3494	41.5754	-6.95642	-0.0263618	109.942	113.336	0.970054
3062	0.00334766	0.206622	75.3715	41.5614	-6.95814	-0.0263628	109.948	113.348	0.970006
3063	0.00334858	0.206644	75.3935	41.5474	-6.95943	-0.0263638	109.955	113.36	0.969962
3064	0.00334949	0.206666	75.4155	41.5333	-6.96031	-0.0263649	109.962	113.372	0.969922
3065	0.0033504	0.206688	75.4374	41.5194	-6.96083	-0.0263659	109.97	113.384	0.969885
3066	0.00335131	0.206709	75.4594	41.5054	-6.961	-0.0263669	109.977	113.396	0.969852
3067	0.00335222	0.206731	75.4813	41.4914	-6.96086	-0.0263679	109.985	113.408	0.969821
3068	0.00335313	0.206753	75.5032	41.4774	-6.9585	-0.026369	109.996	113.42	0.96981
3069	0.00335405	0.206775	75.5251	41.4635	-6.95378	-0.0263702	110.008	113.432	0.969819
3070	0.00335496	0.206796	75.5469	41.4496	-6.94881	-0.0263714	110.021	113.444	0.969831
3071	0.00335587	0.206818	75.5688	41.4357	-6.94391	-0.0263726	110.034	113.456	0.969843
3072	0.00335678	0.20684	75.5906	41.4218	-6.93918	-0.0263737	110.047	113.468	0.969852
3073	0.00335769	0.206861	75.6124	41.4079	-6.93472	-0.0263749	110.059	113.479	0.96986
3074	0.0033586	0.206883	75.6341	41.394	-6.93061	-0.0263761	110.071	113.491	0.969865
3075	0.00335952	0.206904	75.6559	41.3801	-6.92692	-0.0263774	110.083	113.503	0.969865
3076	0.00336043	0.206926	75.6776	41.3663	-6.92372	-0.0263787	110.094	113.515	0.969862
3077	0.00336134	0.206947	75.6993	41.3524	-6.92109	-0.0263801	110.104	113.527	0.969854
3078	0.00336225	0.206969	75.721	41.3386	-6.91906	-0.0263815	110.114	113.538	0.96984
3079	0.00336316	0.20699	75.7426	41.3248	-6.91767	-0.0263829	110.123	113.55	0.969821
3080	0.00336407	0.207012	75.7643	41.311	-6.91695	-0.0263843	110.132	113.562	0.969796
3081	0.00336498	0.207033	75.7859	41.2972	-6.91691	-0.0263858	110.14	113.574	0.969765
3082	0.00336589	0.207054	75.8075	41.2834	-6.91755	-0.0263872	110.147	113.585	0.969728
3083	0.00336681	0.207076	75.829	41.2696	-6.91893	-0.0263886	110.153	113.597	0.969685
3084	0.00336772	0.207097	75.8506	41.2559	-6.92101	-0.0263901	110.159	113.609	0.969636
3085	0.00336863	0.207118	75.8721	41.2421	-6.92372	-0.0263914	110.164	113.62	0.969581
3086	0.00336954	0.207139	75.8936	41.2284	-6.92701	-0.0263928	110.169	113.632	0.969521
3087	0.00337045	0.207161	75.9151	41.2146	-6.93082	-0.0263941	110.173	113.644	0.969457
3088	0.00337136	0.207182	75.9366	41.2009	-6.93512	-0.0263954	110.176	113.655	0.969388
3089	0.00337227	0.207203	75.958	41.1872	-6.93995	-0.0263966	110.179	113.667	0.969315
3090	0.00337318	0.207224	75.9795	41.1735	-6.94542	-0.0263978	110.181	113.678	0.969236
3091	0.0033741	0.207245	76.0009	41.1599	-6.95217	-0.0263989	110.182	113.69	0.969146
3092	0.00337501	0.207266	76.0223	41.1462	-6.96322	-0.0263998	110.179	113.702	0.969018
3093	0.00337592	0.207287	76.0436	41.1325	-6.97221	-0.0264006	110.178	113.713	0.968909
3094	0.00337683	0.207308	76.065	41.1189	-6.9795	-0.0264015	110.178	113.725	0.968814
3095	0.00337774	0.207329	76.0863	41.1053	-6.98531	-0.0264023	110.18	113.736	0.968733
3096	0.00337865	0.20735	76.1076	41.0917	-6.98993	-0.026403	110.183	113.748	0.968662
3097	0.00337956	0.207371	76.1289	41.078	-6.99358	-0.0264038	110.187	113.759	0.968599
3098	0.00338047	0.207392	76.1502	41.0644	-6.99634	-0.0264046	110.192	113.771	0.968545
3099	0.00338138	0.207413	76.1714	41.0509	-6.99828	-0.0264053	110.198	113.782	0.968498
3100	0.00338229	0.207434	76.1926	41.0373	-6.99949	-0.0264061	110.204	113.793	0.968457
3101	0.0033832	0.207454	76.2138	41.0237	-7.00003	-0.0264069	110.211	113.805	0.968422
3102	0.00338412	0.207475	76.235	41.0102	-6.99994	-0.0264077	110.219	113.816	0.968393
3103	0.00338503	0.207496	76.2562	40.9966	-6.99928	-0.0264086	110.227	113.828	0.968369
3104	0.00338594	0.207517	76.2773	40.9831	-6.99455	-0.0264096	110.239	113.839	0.968381
3105	0.00338685	0.207537	76.2985	40.9696	-6.9887	-0.0264106	110.253	113.85	0.968402
3106	0.00338776	0.207558	76.3196	40.9561	-6.98276	-0.0264116	110.266	113.862	0.968425
3107	0.00338867	0.207579	76.3407	40.9426	-6.97692	-0.0264126	110.28	113.873	0.968446
3108	0.00338958	0.207599	76.3617	40.9291	-6.9713	-0.0264136	110.293	113.884	0.968466
3109	0.00339049	0.20762	76.3828	40.9156	-6.96604	-0.0264147	110.306	113.896	0.968483
3110	0.0033914	0.207641	76.4038	40.9021	-6.96125	-0.0264157	110.318	113.907	0.968495
3111	0.00339231	0.207661	76.4249	40.8887	-6.95706	-0.0264168	110.33	113.918	0.968503
3112	0.00339322	0.207682	76.4459	40.8752	-6.95356	-0.026418	110.341	113.929	0.968504
3113	0.00339413	0.207702	76.4668	40.8618	-6.95084	-0.0264192	110.351	113.941	0.968498
3114	0.00339504	0.207723	76.4878	40.8484	-6.94896	-0.0264204	110.361	113.952	0.968486
3115	0.00339595	0.207743	76.5087	40.8349	-6.94796	-0.0264217	110.369	113.963	0.968465
3116	0.00339686	0.207763	76.5297	40.8215	-6.94787	-0.0264229	110.377	113.974	0.968437
3117	0.00339777	0.207784	76.5506	40.8081	-6.9487	-0.0264242	110.384	113.986	0.9684
3118	0.00339869	0.207804	76.5715	40.7948	-6.95052	-0.0264255	110.389	113.997	0.968355
3119	0.0033996	0.207825	76.5923	40.7814	-6.95328	-0.0264267	110.394	114.008	0.968302
3120	0.00340051	0.207845	76.6132	40.768	-6.95691	-0.0264279	110.398	114.019	0.968241
3121	0.00340142	0.207865	76.634	40.7547	-6.96134	-0.0264291	110.401	114.03	0.968173
3122	0.00340233	0.207885	76.6548	40.7413	-6.96649	-0.0264303	110.403	114.041	0.968099
3123	0.00340324	0.207906	76.6756	40.728	-6.97231	-0.0264314	110.405	114.052	0.968019
3124	0.00340415	0.207926	76.6964	40.7146	-6.97882	-0.0264325	110.406	114.063	0.967934
3125	0.00340506	0.207946	76.7172	40.7013	-6.9863	-0.0264335	110.406	114.075	0.967839
3126	0.00340597	0.207966	76.738	40.688	-6.99654	-0.0264344	110.403	114.086	0.967721
3127	0.00340688	0.207986	76.7587	40.6747	-7.00862	-0.0264352	110.398	114.097	0.967586
3128	0.00340779	0.208007	76.7794	40.6614	-7.0188	-0.0264359	110.396	114.108	0.967469
3129	0.0034087	0.208027	76.8001	40.6481	-7.02733	-0.0264365	110.394	114.119	0.967365
3130	0.00340961	0.208047	76.8208	40.6349	-7.03435	-0.0264372	110.395	114.13	0.967275
3131	0.00341052	0.208067	76.8415	40.6216	-7.0402	-0.0264378	110.396	114.141	0.967196
3132	0.00341143	0.208087	76.8621	40.6084	-7.04499	-0.0264384	110.399	114.152	0.967126
3133	0.00341234	0.208107	76.8827	40.5951	-7.04878	-0.026439	110.403	114.163	0.967064
3134	0.00341325	0.208127	76.9034	40.5819	-7.05166	-0.0264396	110.407	114.174	0.967011
3135	0.00341416	0.208147	76.924	40.5687	-7.0537	-0.0264402	110.412	114.185	0.966965
3136	0.00341507	0.208167	76.9445	40.5554	-7.05495	-0.0264408	110.419	114.196	0.966926
3137	0.00341598	0.208187	76.9651	40.5422	-7.05547	-0.0264415	110.425	114.206	0.966893
3138	0.00341689	0.208207	76.9857	40.529	-7.05534	-0.0264422	110.433	114.217	0.966866
3139	0.0034178	0.208226	77.0062	40.5158	-7.05156	-0.026443	110.444	114.228	0.966871
3140	0.00341871	0.208246	77.0267	40.5027	-7.04616	-0.0264439	110.457	114.239	0.966891
3141	0.00341962	0.208266	77.0472	40.4895	-7.04059	-0.0264447	110.47	114.25	0.966912
3142	0.00342053	0.208286	77.0677	40.4763	-7.03508	-0.0264455	110.482	114.261	0.966932
3143	0.00342144	0.208306	77.0882	40.4632	-7.0298	-0.0264463	110.495	114.272	0.96695
3144	0.00342235	0.208325	77.1086	40.45	-7.02486	-0.0264472	110.507	114.283	0.966966
3145	0.00342326	0.208345	77.129	40.4369	-7.02042	-0.026448	110.519	114.293	0.966977
3146	0.00342417	0.208365	77.1495	40.4238	-7.01658	-0.026449	110.53	114.304	0.966983
3147	0.00342508	0.208385	77.1699	40.4107	-7.01346	-0.0264499	110.541	114.315	0.966983
3148	0.00342599	0.208404	77.1902	40.3976	-7.01114	-0.0264509	110.55	114.326	0.966975
3149	0.0034269	0.208424	77.2106	40.3845	-7.00968	-0.0264519	110.559	114.337	0.966961
3150	0.00342781	0.208443	77.231	40.3714	-7.00913	-0.0264529	110.567	114.347	0.966938
3151	0.00342872	0.208463	77.2513	40.3583	-7.00951	-0.026454	110.574	114.358	0.966907
3152	0.00342963	0.208483	77.2716	40.3452	-7.01083	-0.026455	110.58	114.369	0.966868
3153	0.00343054	0.208502	77.2919	40.3322	-7.01314	-0.0264561	110.585	114.38	0.966821
3154	0.00343145	0.208522	77.3122	40.3191	-7.01642	-0.0264571	110.588	114.39	0.966765
3155	0.00343236	0.208541	77.3325	40.3061	-7.02058	-0.0264581	110.592	114.401	0.966701
3156	0.00343327	0.208561	77.3528	40.293	-7.02557	-0.0264591	110.594	114.412	0.96663
3157	0.00343418	0.20858	77.373	40.28	-7.0313	-0.0264601	110.595	114.422	0.966553
3158	0.00343509	0.2086	77.3933	40.267	-7.03777	-0.026461	110.596	114.433	0.96647
3159	0.003436	0.208619	77.4135	40.254	-7.04511	-0.0264619	110.596	114.444	0.966378
3160	0.00343691	0.208638	77.4337	40.2409	-7.05411	-0.0264627	110.594	114.454	0.966273
3161	0.00343782	0.208658	77.4539	40.2279	-7.06737	-0.0264633	110.588	114.465	0.96613
3162	0.00343873	0.208677	77.4741	40.215	-7.07869	-0.0264638	110.584	114.476	0.966004
3163	0.00343964	0.208697	77.4942	40.202	-7.08831	-0.0264643	110.581	114.486	0.965893
3164	0.00344055	0.208716	77.5144	40.189	-7.0964	-0.0264648	110.581	114.497	0.965796
3165	0.00344146	0.208735	77.5345	40.176	-7.10315	-0.0264652	110.581	114.507	0.96571
3166	0.00344237	0.208754	77.5547	40.1631	-7.10882	-0.0264656	110.582	114.518	0.965634
3167	0.00344328	0.208774	77.5748	40.1501	-7.11346	-0.0264661	110.585	114.529	0.965567
3168	0.00344419	0.208793	77.5949	40.1372	-7.11711	-0.0264665	110.588	114.539	0.965509
3169	0.0034451	0.208812	77.615	40.1242	-7.11989	-0.0264669	110.593	114.55	0.965458
3170	0.00344601	0.208831	77.635	40.1113	-7.12183	-0.0264674	110.598	114.56	0.965414
3171	0.00344692	0.208851	77.6551	40.0984	-7.12299	-0.0264679	110.604	114.571	0.965378
3172	0.00344783	0.20887	77.6751	40.0854	-7.12344	-0.0264684	110.611	114.581	0.965348
3173	0.00344874	0.208889	77.6952	40.0725	-7.12324	-0.0264689	110.618	114.592	0.965323
3174	0.00344965	0.208908	77.7152	40.0596	-7.11917	-0.0264696	110.629	114.602	0.965332
3175	0.00345056	0.208927	77.7352	40.0467	-7.11378	-0.0264704	110.642	114.613	0.965353
3176	0.00345147	0.208946	77.7552	40.0338	-7.10828	-0.0264711	110.654	114.623	0.965375
3177	0.00345238	0.208965	77.7751	40.021	-7.1029	-0.0264718	110.667	114.634	0.965395
3178	0.00345329	0.208984	77.7951	40.0081	-7.09776	-0.0264725	110.679	114.644	0.965414
3179	0.0034542	0.209003	77.815	39.9952	-7.09299	-0.0264732	110.691	114.654	0.96543
3180	0.00345511	0.209022	77.835	39.9824	-7.08873	-0.0264739	110.702	114.665	0.965441
3181	0.00345602	0.209041	77.8549	39.9695	-7.0851	-0.0264747	110.713	114.675	0.965446
3182	0.00345693	0.20906	77.8748	39.9567	-7.0822	-0.0264756	110.723	114.686	0.965445
3183	0.00345784	0.209079	77.8947	39.9438	-7.08012	-0.0264764	110.732	114.696	0.965438
3184	0.00345875	0.209098	77.9146	39.931	-7.07892	-0.0264773	110.74	114.706	0.965422
3185	0.00345966	0.209117	77.9345	39.9182	-7.07863	-0.0264783	110.748	114.717	0.965399
3186	0.00346057	0.209136	77.9543	39.9054	-7.07927	-0.0264792	110.754	114.727	0.965367
3187	0.00346148	0.209155	77.9741	39.8925	-7.08088	-0.0264802	110.759	114.738	0.965328
3188	0.00346239	0.209174	77.994	39.8797	-7.0835	-0.0264811	110.764	114.748	0.965279
3189	0.0034633	0.209192	78.0138	39.8669	-7.08707	-0.0264821	110.767	114.758	0.965222
3190	0.00346421	0.209211	78.0336	39.8542	-7.09155	-0.026483	110.77	114.769	0.965157
3191	0.00346512	0.20923	78.0534	39.8414	-7.09685	-0.0264839	110.771	114.779	0.965086
3192	0.00346604	0.209249	78.0732	39.8286	-7.10295	-0.0264848	110.772	114.789	0.965007
3193	0.00346695	0.209268	78.0929	39.8158	-7.10986	-0.0264856	110.772	114.799	0.964921
3194	0.00346786	0.209286	78.1127	39.8031	-7.11783	-0.0264864	110.771	114.81	0.964826
3195	0.00346877	0.209305	78.1324	39.7903	-7.12875	-0.0264871	110.768	114.82	0.964706
3196	0.00346968	0.209324	78.1522	39.7776	-7.14165	-0.0264876	110.762	114.83	0.964568
3197	0.00347059	0.209342	78.1719	39.7648	-7.15272	-0.026488	110.757	114.841	0.964446
3198	0.0034715	0.209361	78.1916	39.7521	-7.16219	-0.0264884	110.755	114.851	0.964338
3199	0.00347241	0.20938	78.2113	39.7394	-7.17018	-0.0264889	110.754	114.861	0.964244
3200	0.00347332	0.209398	78.231	39.7266	-7.17696	-0.0264892	110.754	114.871	0.964159
3201	0.00347423	0.209417	78.2506	39.7139	-7.1827	-0.0264896	110.755	114.881	0.964084
3202	0.00347514	0.209436	78.2703	39.7012	-7.18744	-0.02649	110.758	114.892	0.964018
3203	0.00347605	0.209454	78.2899	39.6885	-7.19123	-0.0264904	110.761	114.902	0.96396
3204	0.00347696	0.209473	78.3096	39.6758	-7.19416	-0.0264907	110.765	114.912	0.963909
3205	0.00347787	0.209491	78.3292	39.6631	-7.19628	-0.0264911	110.77	114.922	0.963866
3206	0.00347878	0.20951	78.3488	39.6504	-7.19765	-0.0264915	110.775	114.932	0.963829
3207	0.00347969	0.209528	78.3684	39.6377	-7.1983	-0.026492	110.781	114.942	0.963798
3208	0.0034806	0.209547	78.388	39.6251	-7.19717	-0.0264925	110.789	114.953	0.963783
3209	0.00348151	0.209565	78.4076	39.6124	-7.19266	-0.0264932	110.801	114.963	0.963798
3210	0.00348242	0.209584	78.4271	39.5998	-7.18761	-0.0264938	110.813	114.973	0.963817
3211	0.00348333	0.209602	78.4467	39.5871	-7.18253	-0.0264944	110.825	114.983	0.963836
3212	0.00348424	0.209621	78.4662	39.5745	-7.17759	-0.026495	110.837	114.993	0.963854
3213	0.00348515	0.209639	78.4857	39.5618	-7.1729	-0.0264957	110.848	115.003	0.96387
3214	0.00348606	0.209657	78.5053	39.5492	-7.16861	-0.0264963	110.859	115.013	0.963883
3215	0.00348697	0.209676	78.5248	39.5366	-7.16484	-0.026497	110.87	115.023	0.963891
3216	0.00348789	0.209694	78.5442	39.5239	-7.16171	-0.0264977	110.88	115.033	0.963894
3217	0.0034888	0.209712	78.5637	39.5113	-7.15931	-0.0264984	110.889	115.043	0.96389
3218	0.00348971	0.209731	78.5832	39.4987	-7.15772	-0.0264992	110.898	115.054	0.963879
3219	0.00349062	0.209749	78.6026	39.4861	-7.157	-0.0265	110.905	115.064	0.963861
3220	0.00349153	0.209767	78.6221	39.4735	-7.15718	-0.0265009	110.912	115.074	0.963835
3221	0.00349244	0.209786	78.6415	39.461	-7.15827	-0.0265017	110.918	115.084	0.963801
3222	0.00349335	0.209804	78.6609	39.4484	-7.16035	-0.0265026	110.922	115.094	0.963759
3223	0.00349426	0.209822	78.6803	39.4358	-7.16339	-0.0265034	110.926	115.104	0.963708
3224	0.00349517	0.20984	78.6997	39.4232	-7.16734	-0.0265042	110.929	115.114	0.963649
3225	0.00349608	0.209858	78.7191	39.4107	-7.17215	-0.026505	110.931	115.124	0.963583
3226	0.00349699	0.209877	78.7385	39.3981	-7.17776	-0.0265058	110.932	115.134	0.96351
3227	0.0034979	0.209895	78.7578	39.3856	-7.18411	-0.0265065	110.933	115.143	0.963431
3228	0.00349881	0.209913	78.7772	39.373	-7.19126	-0.0265072	110.932	115.153	0.963345
3229	0.00349972	0.209931	78.7965	39.3605	-7.19956	-0.0265079	110.931	115.163	0.963248
3230	0.00350063	0.209949	78.8158	39.348	-7.21212	-0.0265083	110.925	115.173	0.963115
3231	0.00350154	0.209967	78.8351	39.3354	-7.22445	-0.0265087	110.92	115.183	0.962984
3232	0.00350245	0.209985	78.8544	39.3229	-7.235	-0.026509	110.916	115.193	0.962869
3233	0.00350336	0.210003	78.8737	39.3104	-7.24397	-0.0265093	110.914	115.203	0.962767
3234	0.00350427	0.210021	78.893	39.2979	-7.25149	-0.0265095	110.913	115.213	0.962678
3235	0.00350518	0.210039	78.9123	39.2854	-7.25787	-0.0265098	110.913	115.223	0.962599
3236	0.0035061	0.210057	78.9315	39.2729	-7.26321	-0.02651	110.915	115.233	0.962528
3237	0.00350701	0.210075	78.9508	39.2604	-7.26755	-0.0265103	110.917	115.243	0.962467
3238	0.00350792	0.210093	78.97	39.2479	-7.27099	-0.0265105	110.92	115.252	0.962413
3239	0.00350883	0.210111	78.9892	39.2355	-7.27358	-0.0265108	110.925	115.262	0.962367
3240	0.00350974	0.210129	79.0084	39.223	-7.27537	-0.026511	110.93	115.272	0.962328
3241	0.00351065	0.210147	79.0276	39.2105	-7.27642	-0.0265113	110.935	115.282	0.962295
3242	0.00351156	0.210165	79.0468	39.1981	-7.27679	-0.0265117	110.942	115.292	0.962269
3243	0.00351247	0.210183	79.066	39.1856	-7.27357	-0.0265122	110.952	115.302	0.962273
3244	0.00351338	0.210201	79.0852	39.1732	-7.26862	-0.0265127	110.963	115.311	0.962292
3245	0.00351429	0.210219	79.1043	39.1607	-7.26348	-0.0265132	110.975	115.321	0.962313
3246	0.0035152	0.210236	79.1235	39.1483	-7.25837	-0.0265136	110.987	115.331	0.962334
3247	0.00351611	0.210254	79.1426	39.1359	-7.25344	-0.0265141	110.999	115.341	0.962354
3248	0.00351702	0.210272	79.1617	39.1235	-7.24882	-0.0265146	111.01	115.35	0.96237
3249	0.00351793	0.21029	79.1808	39.111	-7.24464	-0.0265152	111.021	115.36	0.962383
3250	0.00351885	0.210307	79.1999	39.0986	-7.24104	-0.0265157	111.031	115.37	0.962391
3251	0.00351976	0.210325	79.219	39.0862	-7.23811	-0.0265164	111.041	115.38	0.962393
3252	0.00352067	0.210343	79.2381	39.0738	-7.23596	-0.026517	111.049	115.389	0.962389
3253	0.00352158	0.210361	79.2571	39.0615	-7.23465	-0.0265177	111.057	115.399	0.962377
3254	0.00352249	0.210378	79.2762	39.0491	-7.23424	-0.0265184	111.064	115.409	0.962357
3255	0.0035234	0.210396	79.2952	39.0367	-7.23474	-0.0265191	111.071	115.418	0.96233
3256	0.00352431	0.210414	79.3142	39.0243	-7.2362	-0.0265199	111.076	115.428	0.962294
3257	0.00352522	0.210431	79.3332	39.012	-7.23866	-0.0265206	111.08	115.438	0.962249
3258	0.00352613	0.210449	79.3522	38.9996	-7.24208	-0.0265213	111.083	115.448	0.962197
3259	0.00352704	0.210467	79.3712	38.9873	-7.24641	-0.026522	111.086	115.457	0.962136
3260	0.00352795	0.210484	79.3902	38.9749	-7.25157	-0.0265227	111.087	115.467	0.962069
3261	0.00352886	0.210502	79.4091	38.9626	-7.25749	-0.0265234	111.088	115.476	0.961994
3262	0.00352977	0.210519	79.4281	38.9503	-7.26415	-0.026524	111.088	115.486	0.961914
3263	0.00353068	0.210537	79.447	38.9379	-7.27161	-0.0265246	111.087	115.496	0.961826
3264	0.00353159	0.210554	79.466	38.9256	-7.28035	-0.0265251	111.085	115.505	0.961728
3265	0.0035325	0.210572	79.4849	38.9133	-7.29428	-0.0265254	111.077	115.515	0.961585
3266	0.00353342	0.210589	79.5038	38.901	-7.30625	-0.0265256	111.072	115.525	0.961458
3267	0.00353433	0.210607	79.5227	38.8887	-7.3165	-0.0265258	111.068	115.534	0.961347
3268	0.00353524	0.210624	79.5416	38.8764	-7.32518	-0.0265259	111.066	115.544	0.961249
3269	0.00353615	0.210642	79.5605	38.8641	-7.33248	-0.0265261	111.066	115.553	0.961163
3270	0.00353706	0.210659	79.5793	38.8518	-7.33867	-0.0265262	111.066	115.563	0.961087
3271	0.00353797	0.210677	79.5982	38.8396	-7.34382	-0.0265263	111.067	115.572	0.96102
3272	0.00353888	0.210694	79.617	38.8273	-7.34798	-0.0265264	111.07	115.582	0.960962
3273	0.00353979	0.210711	79.6358	38.815	-7.35124	-0.0265265	111.073	115.591	0.960911
3274	0.0035407	0.210729	79.6546	38.8028	-7.35365	-0.0265266	111.077	115.601	0.960868
3275	0.00354161	0.210746	79.6734	38.7905	-7.35525	-0.0265268	111.082	115.61	0.960832
3276	0.00354252	0.210763	79.6922	38.7783	-7.35611	-0.026527	111.088	115.62	0.960802
3277	0.00354344	0.210781	79.711	38.7661	-7.35505	-0.0265272	111.095	115.629	0.960789
3278	0.00354435	0.210798	79.7298	38.7538	-7.35056	-0.0265276	111.107	115.639	0.960805
3279	0.00354526	0.210815	79.7485	38.7416	-7.34544	-0.0265279	111.118	115.648	0.960827
3280	0.00354617	0.210832	79.7673	38.7294	-7.34023	-0.0265282	111.13	115.658	0.96085
3281	0.00354708	0.21085	79.786	38.7172	-7.33509	-0.0265286	111.142	115.667	0.960872
3282	0.00354799	0.210867	79.8047	38.705	-7.33016	-0.0265289	111.153	115.677	0.960893
3283	0.0035489	0.210884	79.8234	38.6928	-7.32558	-0.0265293	111.164	115.686	0.96091
3284	0.00354981	0.210901	79.8421	38.6806	-7.32149	-0.0265297	111.175	115.696	0.960924
3285	0.00355072	0.210918	79.8608	38.6684	-7.318	-0.0265301	111.185	115.705	0.960932
3286	0.00355163	0.210936	79.8794	38.6563	-7.31523	-0.0265306	111.194	115.714	0.960934
3287	0.00355254	0.210953	79.8981	38.6441	-7.31326	-0.0265311	111.202	115.724	0.960929
3288	0.00355345	0.21097	79.9167	38.6319	-7.31214	-0.0265316	111.21	115.733	0.960916
3289	0.00355437	0.210987	79.9353	38.6198	-7.31193	-0.0265322	111.217	115.743	0.960896
3290	0.00355528	0.211004	79.9539	38.6077	-7.31264	-0.0265328	111.222	115.752	0.960868
3291	0.00355619	0.211021	79.9725	38.5955	-7.31436	-0.0265334	111.227	115.761	0.960832
3292	0.0035571	0.211038	79.9911	38.5834	-7.31707	-0.026534	111.231	115.771	0.960786
3293	0.00355801	0.211055	80.0097	38.5713	-7.32071	-0.0265345	111.234	115.78	0.960733
3294	0.00355892	0.211072	80.0283	38.5592	-7.32521	-0.026535	111.236	115.789	0.960673
3295	0.00355983	0.211089	80.0468	38.547	-7.33049	-0.0265356	111.237	115.799	0.960605
3296	0.00356074	0.211106	80.0653	38.5349	-7.33649	-0.026536	111.237	115.808	0.960532
3297	0.00356165	0.211123	80.0839	38.5229	-7.34314	-0.0265365	111.237	115.817	0.960453
3298	0.00356256	0.21114	80.1024	38.5108	-7.35052	-0.0265369	111.236	115.827	0.960367
3299	0.00356347	0.211157	80.1209	38.4987	-7.35905	-0.0265372	111.234	115.836	0.960272
3300	0.00356438	0.211174	80.1394	38.4866	-7.37278	-0.0265373	111.227	115.845	0.960132
3301	0.0035653	0.211191	80.1578	38.4745	-7.38456	-0.0265374	111.221	115.854	0.960009
3302	0.00356621	0.211208	80.1763	38.4625	-7.39457	-0.0265374	111.218	115.864	0.959901
3303	0.00356712	0.211224	80.1947	38.4504	-7.40297	-0.0265374	111.216	115.873	0.959807
3304	0.00356803	0.211241	80.2132	38.4384	-7.40997	-0.0265374	111.215	115.882	0.959726
3305	0.00356894	0.211258	80.2316	38.4264	-7.41583	-0.0265373	111.216	115.891	0.959654
3306	0.00356985	0.211275	80.25	38.4143	-7.42064	-0.0265373	111.217	115.901	0.959591
3307	0.00357076	0.211292	80.2684	38.4023	-7.42444	-0.0265372	111.22	115.91	0.959537
3308	0.00357167	0.211308	80.2868	38.3903	-7.42735	-0.0265371	111.223	115.919	0.959491
3309	0.00357258	0.211325	80.3052	38.3783	-7.4294	-0.0265371	111.228	115.928	0.959452
3310	0.0035735	0.211342	80.3235	38.3663	-7.43065	-0.0265371	111.233	115.937	0.95942
3311	0.00357441	0.211359	80.3419	38.3543	-7.43116	-0.0265371	111.238	115.947	0.959395
3312	0.00357532	0.211375	80.3602	38.3423	-7.42818	-0.0265372	111.248	115.956	0.959399
3313	0.00357623	0.211392	80.3785	38.3303	-7.42315	-0.0265374	111.259	115.965	0.959422
3314	0.00357714	0.211409	80.3968	38.3184	-7.41776	-0.0265375	111.271	115.974	0.959447
3315	0.00357805	0.211425	80.4151	38.3064	-7.41232	-0.0265377	111.283	115.983	0.959473
3316	0.00357896	0.211442	80.4334	38.2944	-7.407	-0.0265378	111.294	115.992	0.959498
3317	0.00357987	0.211458	80.4516	38.2825	-7.40194	-0.026538	111.306	116.001	0.959521
3318	0.00358078	0.211475	80.4699	38.2706	-7.39727	-0.0265382	111.317	116.01	0.95954
3319	0.0035817	0.211492	80.4881	38.2586	-7.39315	-0.0265385	111.327	116.019	0.959555
3320	0.00358261	0.211508	80.5063	38.2467	-7.38968	-0.0265388	111.337	116.029	0.959564
3321	0.00358352	0.211525	80.5245	38.2348	-7.38696	-0.0265391	111.346	116.038	0.959566
3322	0.00358443	0.211541	80.5427	38.2229	-7.38509	-0.0265395	111.354	116.047	0.959562
3323	0.00358534	0.211558	80.5609	38.211	-7.38411	-0.0265399	111.361	116.056	0.95955
3324	0.00358625	0.211574	80.5791	38.1991	-7.38405	-0.0265403	111.368	116.065	0.959529
3325	0.00358716	0.211591	80.5972	38.1872	-7.38496	-0.0265408	111.373	116.074	0.959501
3326	0.00358807	0.211607	80.6154	38.1753	-7.38689	-0.0265412	111.377	116.083	0.959464
3327	0.00358898	0.211623	80.6335	38.1635	-7.38981	-0.0265416	111.381	116.092	0.959418
3328	0.0035899	0.21164	80.6516	38.1516	-7.39364	-0.026542	111.383	116.101	0.959365
3329	0.00359081	0.211656	80.6697	38.1398	-7.3983	-0.0265424	111.385	116.11	0.959304
3330	0.00359172	0.211673	80.6878	38.1279	-7.40371	-0.0265428	111.385	116.119	0.959237
3331	0.00359263	0.211689	80.7058	38.1161	-7.40978	-0.0265431	111.386	116.128	0.959164
3332	0.00359354	0.211705	80.7239	38.1042	-7.41646	-0.0265434	111.385	116.137	0.959086
3333	0.00359445	0.211722	80.7419	38.0924	-7.42377	-0.0265437	111.384	116.146	0.959003
3334	0.00359536	0.211738	80.76	38.0806	-7.43207	-0.0265439	111.382	116.155	0.958911
3335	0.00359627	0.211754	80.778	38.0688	-7.44382	-0.0265439	111.376	116.164	0.95879
3336	0.00359719	0.21177	80.796	38.057	-7.456	-0.0265438	111.37	116.172	0.958665
3337	0.0035981	0.211787	80.814	38.0452	-7.46623	-0.0265437	111.366	116.181	0.958556
3338	0.00359901	0.211803	80.832	38.0334	-7.47475	-0.0265436	111.364	116.19	0.958463
3339	0.00359992	0.211819	80.8499	38.0216	-7.48174	-0.0265434	111.363	116.199	0.958383
3340	0.00360083	0.211835	80.8679	38.0099	-7.48751	-0.0265432	111.364	116.208	0.958313
3341	0.00360174	0.211852	80.8858	37.9981	-7.49217	-0.0265431	111.365	116.217	0.958253
3342	0.00360266	0.211868	80.9037	37.9863	-7.49579	-0.0265429	111.368	116.226	0.958202
3343	0.00360357	0.211884	80.9216	37.9746	-7.49847	-0.0265427	111.371	116.235	0.958159
3344	0.00360448	0.2119	80.9395	37.9629	-7.50027	-0.0265425	111.376	116.243	0.958123
3345	0.00360539	0.211916	80.9574	37.9511	-7.50126	-0.0265424	111.381	116.252	0.958095
3346	0.0036063	0.211932	80.9753	37.9394	-7.5015	-0.0265422	111.387	116.261	0.958073
3347	0.00360721	0.211948	80.9931	37.9277	-7.49781	-0.0265423	111.396	116.27	0.958085
3348	0.00360812	0.211964	81.011	37.916	-7.4924	-0.0265423	111.408	116.279	0.958111
3349	0.00360904	0.21198	81.0288	37.9043	-7.48667	-0.0265423	111.42	116.288	0.958141
3350	0.00360995	0.211996	81.0466	37.8926	-7.48089	-0.0265423	111.432	116.296	0.958171
3351	0.00361086	0.212012	81.0644	37.8809	-7.47523	-0.0265424	111.444	116.305	0.9582
3352	0.00361177	0.212028	81.0822	37.8693	-7.46984	-0.0265424	111.455	116.314	0.958227
3353	0.00361268	0.212044	81.1	37.8576	-7.46486	-0.0265425	111.466	116.323	0.95825
3354	0.00361359	0.21206	81.1177	37.8459	-7.46044	-0.0265427	111.477	116.331	0.958268
3355	0.00361451	0.212076	81.1354	37.8343	-7.45668	-0.0265429	111.487	116.34	0.958281
3356	0.00361542	0.212092	81.1532	37.8226	-7.4537	-0.0265431	111.496	116.349	0.958287
3357	0.00361633	0.212108	81.1709	37.811	-7.45157	-0.0265434	111.504	116.358	0.958286
3358	0.00361724	0.212124	81.1886	37.7994	-7.45034	-0.0265437	111.511	116.366	0.958277
3359	0.00361815	0.21214	81.2063	37.7878	-7.45006	-0.026544	111.517	116.375	0.95826
3360	0.00361906	0.212155	81.2239	37.7762	-7.45075	-0.0265443	111.523	116.384	0.958234
3361	0.00361997	0.212171	81.2416	37.7646	-7.45247	-0.0265447	111.527	116.392	0.9582
3362	0.00362089	0.212187	81.2592	37.753	-7.45517	-0.026545	111.53	116.401	0.958157
3363	0.0036218	0.212203	81.2768	37.7414	-7.45879	-0.0265453	111.533	116.41	0.958107
3364	0.00362271	0.212219	81.2945	37.7298	-7.46322	-0.0265456	111.535	116.418	0.95805
3365	0.00362362	0.212234	81.312	37.7183	-7.46838	-0.0265459	111.535	116.427	0.957986
3366	0.00362453	0.21225	81.3296	37.7067	-7.47416	-0.0265461	111.536	116.436	0.957917
3367	0.00362544	0.212266	81.3472	37.6951	-7.48047	-0.0265463	111.535	116.444	0.957844
3368	0.00362636	0.212281	81.3648	37.6836	-7.48731	-0.0265465	111.534	116.453	0.957766
3369	0.00362727	0.212297	81.3823	37.6721	-7.49475	-0.0265466	111.533	116.461	0.957683
3370	0.00362818	0.212313	81.3998	37.6605	-7.50332	-0.0265466	111.53	116.47	0.95759
3371	0.00362909	0.212328	81.4173	37.649	-7.51652	-0.0265465	111.523	116.479	0.957458
3372	0.00363	0.212344	81.4348	37.6375	-7.52748	-0.0265463	111.518	116.487	0.957345
3373	0.00363092	0.21236	81.4523	37.626	-7.53655	-0.0265461	111.515	116.496	0.957248
3374	0.00363183	0.212375	81.4698	37.6145	-7.54391	-0.0265458	111.514	116.504	0.957166
3375	0.00363274	0.212391	81.4872	37.603	-7.54988	-0.0265455	111.514	116.513	0.957096
3376	0.00363365	0.212406	81.5047	37.5916	-7.55466	-0.0265453	111.515	116.521	0.957036
3377	0.00363456	0.212422	81.5221	37.5801	-7.55835	-0.026545	111.517	116.53	0.956985
3378	0.00363547	0.212437	81.5395	37.5686	-7.56104	-0.0265447	111.521	116.538	0.956943
3379	0.00363639	0.212453	81.5569	37.5572	-7.56281	-0.0265444	111.525	116.547	0.956909
3380	0.0036373	0.212468	81.5743	37.5458	-7.56374	-0.0265442	111.53	116.555	0.956883
3381	0.00363821	0.212484	81.5916	37.5343	-7.56389	-0.026544	111.536	116.564	0.956863
3382	0.00363912	0.212499	81.609	37.5229	-7.56093	-0.0265438	111.544	116.572	0.956869
3383	0.00364003	0.212515	81.6263	37.5115	-7.55538	-0.0265438	111.556	116.581	0.956898
3384	0.00364095	0.21253	81.6436	37.5001	-7.54937	-0.0265437	111.568	116.589	0.956931
3385	0.00364186	0.212545	81.6609	37.4887	-7.54325	-0.0265436	111.58	116.598	0.956965
3386	0.00364277	0.212561	81.6782	37.4773	-7.53721	-0.0265436	111.592	116.606	0.956999
3387	0.00364368	0.212576	81.6955	37.4659	-7.53141	-0.0265435	111.603	116.614	0.95703
3388	0.00364459	0.212591	81.7127	37.4546	-7.52599	-0.0265435	111.615	116.623	0.957058
3389	0.00364551	0.212607	81.73	37.4432	-7.52108	-0.0265436	111.626	116.631	0.957081
3390	0.00364642	0.212622	81.7472	37.4319	-7.51683	-0.0265437	111.636	116.64	0.957099
3391	0.00364733	0.212637	81.7644	37.4205	-7.51333	-0.0265438	111.645	116.648	0.957111
3392	0.00364824	0.212652	81.7816	37.4092	-7.51066	-0.026544	111.654	116.656	0.957116
3393	0.00364915	0.212668	81.7988	37.3979	-7.50888	-0.0265442	111.661	116.665	0.957112
3394	0.00365007	0.212683	81.8159	37.3866	-7.50803	-0.0265445	111.668	116.673	0.957101
3395	0.00365098	0.212698	81.8331	37.3753	-7.50813	-0.0265447	111.674	116.681	0.957082
3396	0.00365189	0.212713	81.8502	37.364	-7.50926	-0.026545	111.678	116.69	0.957054
3397	0.0036528	0.212728	81.8673	37.3527	-7.51139	-0.0265453	111.682	116.698	0.957018
3398	0.00365371	0.212744	81.8844	37.3414	-7.51444	-0.0265455	111.685	116.706	0.956974
3399	0.00365463	0.212759	81.9014	37.3302	-7.51833	-0.0265458	111.687	116.715	0.956922
3400	0.00365554	0.212774	81.9185	37.3189	-7.52296	-0.026546	111.688	116.723	0.956864
3401	0.00365645	0.212789	81.9356	37.3077	-7.52821	-0.0265462	111.688	116.731	0.956801
3402	0.00365736	0.212804	81.9526	37.2965	-7.534	-0.0265463	111.688	116.739	0.956734
3403	0.00365828	0.212819	81.9696	37.2852	-7.54027	-0.0265464	111.688	116.748	0.956662
3404	0.00365919	0.212834	81.9866	37.274	-7.54703	-0.0265465	111.687	116.756	0.956586
3405	0.0036601	0.212849	82.0036	37.2628	-7.55451	-0.0265465	111.685	116.764	0.956504
3406	0.00366101	0.212864	82.0205	37.2516	-7.56398	-0.0265465	111.682	116.772	0.956405
3407	0.00366192	0.212879	82.0375	37.2405	-7.57588	-0.0265462	111.675	116.78	0.956285
3408	0.00366284	0.212894	82.0544	37.2293	-7.58563	-0.026546	111.671	116.789	0.956184
3409	0.00366375	0.212909	82.0713	37.2181	-7.59352	-0.0265457	111.669	116.797	0.956099
3410	0.00366466	0.212924	82.0882	37.207	-7.59976	-0.0265454	111.669	116.805	0.956028
3411	0.00366557	0.212938	82.1051	37.1958	-7.6047	-0.026545	111.67	116.813	0.955968
3412	0.00366649	0.212953	82.1219	37.1847	-7.60849	-0.0265447	111.672	116.821	0.955918
3413	0.0036674	0.212968	82.1388	37.1736	-7.61122	-0.0265444	111.675	116.829	0.955877
3414	0.00366831	0.212983	82.1556	37.1625	-7.61299	-0.026544	111.679	116.838	0.955844
3415	0.00366922	0.212998	82.1724	37.1514	-7.61389	-0.0265437	111.683	116.846	0.955819
3416	0.00367014	0.213013	82.1892	37.1403	-7.614	-0.0265434	111.689	116.854	0.9558
3417	0.00367105	0.213027	82.206	37.1292	-7.61338	-0.0265432	111.695	116.862	0.955788
3418	0.00367196	0.213042	82.2227	37.1181	-7.60862	-0.0265431	111.706	116.87	0.955811
3419	0.00367287	0.213057	82.2395	37.1071	-7.60236	-0.026543	111.718	116.878	0.955847
3420	0.00367379	0.213071	82.2562	37.096	-7.59587	-0.0265429	111.73	116.886	0.955885
3421	0.0036747	0.213086	82.2729	37.085	-7.5894	-0.0265427	111.742	116.894	0.955923
3422	0.00367561	0.213101	82.2896	37.0739	-7.58311	-0.0265426	111.754	116.902	0.95596
3423	0.00367652	0.213115	82.3062	37.0629	-7.57713	-0.0265425	111.766	116.91	0.955994
3424	0.00367744	0.21313	82.3229	37.0519	-7.57162	-0.0265425	111.777	116.918	0.956024
3425	0.00367835	0.213145	82.3395	37.0409	-7.56672	-0.0265425	111.787	116.926	0.956048
3426	0.00367926	0.213159	82.3561	37.0299	-7.56252	-0.0265426	111.797	116.934	0.956067
3427	0.00368017	0.213174	82.3727	37.019	-7.55913	-0.0265427	111.806	116.942	0.956079
3428	0.00368109	0.213188	82.3893	37.008	-7.55662	-0.0265429	111.814	116.95	0.956083
3429	0.003682	0.213203	82.4059	36.9971	-7.55504	-0.0265431	111.821	116.958	0.956079
3430	0.00368291	0.213217	82.4224	36.9861	-7.5544	-0.0265433	111.828	116.966	0.956068
3431	0.00368382	0.213232	82.439	36.9752	-7.55476	-0.0265435	111.833	116.974	0.956048
3432	0.00368474	0.213246	82.4555	36.9643	-7.55615	-0.0265438	111.837	116.982	0.956019
3433	0.00368565	0.213261	82.4719	36.9533	-7.55852	-0.026544	111.84	116.99	0.955981
3434	0.00368656	0.213275	82.4884	36.9424	-7.56179	-0.0265442	111.843	116.998	0.955937
3435	0.00368747	0.213289	82.5049	36.9316	-7.56587	-0.0265444	111.844	117.006	0.955885
3436	0.00368839	0.213304	82.5213	36.9207	-7.57066	-0.0265446	111.845	117.014	0.955827
3437	0.0036893	0.213318	82.5377	36.9098	-7.57604	-0.0265447	111.845	117.022	0.955764
3438	0.00369021	0.213333	82.5541	36.899	-7.58193	-0.0265448	111.845	117.029	0.955697
3439	0.00369112	0.213347	82.5705	36.8881	-7.58831	-0.0265449	111.844	117.037	0.955626
3440	0.00369204	0.213361	82.5869	36.8773	-7.59527	-0.0265449	111.842	117.045	0.955549
3441	0.00369295	0.213375	82.6033	36.8664	-7.60328	-0.0265448	111.84	117.053	0.955464
3442	0.00369386	0.21339	82.6196	36.8556	-7.61608	-0.0265446	111.833	117.061	0.955338
3443	0.00369478	0.213404	82.6359	36.8448	-7.62657	-0.0265443	111.828	117.069	0.955232
3444	0.00369569	0.213418	82.6522	36.834	-7.63513	-0.026544	111.825	117.076	0.955142
3445	0.0036966	0.213432	82.6685	36.8232	-7.64196	-0.0265436	111.823	117.084	0.955067
3446	0.00369751	0.213447	82.6848	36.8125	-7.64738	-0.0265432	111.823	117.092	0.955004
3447	0.00369843	0.213461	82.701	36.8017	-7.6516	-0.0265429	111.825	117.1	0.954952
3448	0.00369934	0.213475	82.7172	36.791	-7.65473	-0.0265425	111.827	117.107	0.954909
3449	0.00370025	0.213489	82.7334	36.7802	-7.65684	-0.0265421	111.83	117.115	0.954874
3450	0.00370117	0.213503	82.7496	36.7695	-7.65806	-0.0265417	111.835	117.123	0.954847
3451	0.00370208	0.213517	82.7658	36.7588	-7.65845	-0.0265414	111.84	117.131	0.954828
3452	0.00370299	0.213531	82.782	36.7481	-7.65809	-0.0265411	111.845	117.138	0.954814
3453	0.00370391	0.213545	82.7981	36.7374	-7.65493	-0.0265409	111.854	117.146	0.954825
3454	0.00370482	0.213559	82.8142	36.7267	-7.64895	-0.0265407	111.865	117.154	0.95486
3455	0.00370573	0.213573	82.8303	36.716	-7.64251	-0.0265406	111.877	117.161	0.954899
3456	0.00370664	0.213587	82.8464	36.7053	-7.63601	-0.0265404	111.889	117.169	0.954938
3457	0.00370756	0.213601	82.8625	36.6947	-7.62962	-0.0265403	111.901	117.177	0.954976
3458	0.00370847	0.213615	82.8786	36.684	-7.62349	-0.0265401	111.913	117.184	0.955012
3459	0.00370938	0.213629	82.8946	36.6734	-7.61778	-0.02654	111.924	117.192	0.955045
3460	0.0037103	0.213643	82.9106	36.6628	-7.61261	-0.02654	111.934	117.2	0.955073
3461	0.00371121	0.213657	82.9266	36.6522	-7.60812	-0.02654	111.944	117.207	0.955095
3462	0.00371212	0.213671	82.9426	36.6416	-7.6044	-0.0265401	111.953	117.215	0.955111
3463	0.00371304	0.213685	82.9585	36.631	-7.60153	-0.0265402	111.961	117.222	0.955119
3464	0.00371395	0.213698	82.9745	36.6204	-7.59957	-0.0265403	111.969	117.23	0.95512
3465	0.00371486	0.213712	82.9904	36.6098	-7.59856	-0.0265404	111.975	117.238	0.955113
3466	0.00371577	0.213726	83.0063	36.5993	-7.5985	-0.0265406	111.981	117.245	0.955097
3467	0.00371669	0.21374	83.0222	36.5887	-7.59948	-0.0265408	111.985	117.253	0.955073
3468	0.0037176	0.213753	83.0381	36.5782	-7.60147	-0.026541	111.988	117.26	0.95504
3469	0.00371851	0.213767	83.054	36.5676	-7.6044	-0.0265411	111.991	117.268	0.954999
3470	0.00371943	0.213781	83.0698	36.5571	-7.60819	-0.0265412	111.992	117.275	0.954951
3471	0.00372034	0.213795	83.0856	36.5466	-7.61272	-0.0265413	111.993	117.283	0.954896
3472	0.00372125	0.213808	83.1014	36.5361	-7.61792	-0.0265414	111.993	117.29	0.954836
3473	0.00372217	0.213822	83.1172	36.5256	-7.62368	-0.0265414	111.993	117.298	0.954772
3474	0.00372308	0.213836	83.133	36.5152	-7.62999	-0.0265414	111.992	117.305	0.954702
3475	0.00372399	0.213849	83.1487	36.5047	-7.63697	-0.0265414	111.99	117.313	0.954627
3476	0.00372491	0.213863	83.1645	36.4943	-7.64524	-0.0265413	111.987	117.32	0.954541
3477	0.00372582	0.213876	83.1802	36.4838	-7.65795	-0.0265409	111.98	117.328	0.954417
3478	0.00372673	0.21389	83.1959	36.4734	-7.66845	-0.0265406	111.974	117.335	0.954312
3479	0.00372765	0.213903	83.2116	36.463	-7.67705	-0.0265402	111.971	117.343	0.954223
3480	0.00372856	0.213917	83.2273	36.4526	-7.68396	-0.0265397	111.969	117.35	0.954149
3481	0.00372947	0.21393	83.2429	36.4422	-7.68947	-0.0265393	111.969	117.357	0.954086
3482	0.00373039	0.213944	83.2585	36.4318	-7.6938	-0.0265388	111.97	117.365	0.954034
3483	0.0037313	0.213957	83.2742	36.4214	-7.69703	-0.0265384	111.972	117.372	0.953991
3484	0.00373221	0.213971	83.2898	36.411	-7.69926	-0.0265379	111.975	117.38	0.953957
3485	0.00373313	0.213984	83.3053	36.4007	-7.70058	-0.0265375	111.979	117.387	0.95393
3486	0.00373404	0.213998	83.3209	36.3903	-7.70106	-0.026537	111.984	117.394	0.953911
3487	0.00373496	0.214011	83.3365	36.38	-7.70076	-0.0265366	111.989	117.402	0.953898
3488	0.00373587	0.214024	83.352	36.3697	-7.69968	-0.0265363	111.995	117.409	0.953892
3489	0.00373678	0.214038	83.3675	36.3593	-7.69426	-0.0265361	112.006	117.416	0.953923
3490	0.0037377	0.214051	83.383	36.349	-7.68773	-0.0265359	112.018	117.424	0.953963
3491	0.00373861	0.214064	83.3985	36.3387	-7.68106	-0.0265356	112.03	117.431	0.954005
3492	0.00373952	0.214078	83.4139	36.3285	-7.67446	-0.0265354	112.041	117.438	0.954046
3493	0.00374044	0.214091	83.4294	36.3182	-7.66808	-0.0265352	112.053	117.445	0.954085
3494	0.00374135	0.214104	83.4448	36.3079	-7.66206	-0.026535	112.064	117.453	0.954121
3495	0.00374226	0.214117	83.4602	36.2977	-7.65655	-0.0265349	112.075	117.46	0.954153
3496	0.00374318	0.214131	83.4756	36.2874	-7.65167	-0.0265348	112.085	117.467	0.95418
3497	0.00374409	0.214144	83.4909	36.2772	-7.64753	-0.0265348	112.094	117.474	0.9542
3498	0.003745	0.214157	83.5063	36.267	-7.64422	-0.0265348	112.103	117.482	0.954213
3499	0.00374592	0.21417	83.5216	36.2568	-7.64181	-0.0265348	112.11	117.489	0.954219
3500	0.00374683	0.214183	83.5369	36.2466	-7.64033	-0.0265349	112.117	117.496	0.954217
3501	0.00374775	0.214196	83.5522	36.2364	-7.6398	-0.0265349	112.122	117.503	0.954206
3502	0.00374866	0.214209	83.5675	36.2262	-7.64027	-0.026535	112.127	117.51	0.954187
3503	0.00374957	0.214223	83.5828	36.2161	-7.64177	-0.0265351	112.131	117.518	0.95416
3504	0.00375049	0.214236	83.598	36.2059	-7.64423	-0.0265352	112.133	117.525	0.954124
3505	0.0037514	0.214249	83.6133	36.1958	-7.64758	-0.0265353	112.135	117.532	0.954081
3506	0.00375231	0.214262	83.6285	36.1857	-7.65173	-0.0265353	112.136	117.539	0.954031
3507	0.00375323	0.214275	83.6437	36.1755	-7.6566	-0.0265353	112.136	117.546	0.953974
3508	0.00375414	0.214288	83.6588	36.1654	-7.66209	-0.0265353	112.136	117.553	0.953913
3509	0.00375506	0.214301	83.674	36.1553	-7.6682	-0.0265352	112.135	117.56	0.953846
3510	0.00375597	0.214314	83.6892	36.1452	-7.67506	-0.0265351	112.133	117.568	0.953773
3511	0.00375688	0.214326	83.7043	36.1352	-7.68357	-0.0265349	112.129	117.575	0.953686
3512	0.0037578	0.214339	83.7194	36.1251	-7.69598	-0.0265345	112.122	117.582	0.953566
3513	0.00375871	0.214352	83.7345	36.115	-7.70628	-0.0265341	112.117	117.589	0.953464
3514	0.00375963	0.214365	83.7496	36.105	-7.71472	-0.0265336	112.113	117.596	0.953378
3515	0.00376054	0.214378	83.7646	36.0949	-7.7215	-0.0265331	112.112	117.603	0.953306
3516	0.00376145	0.214391	83.7797	36.0849	-7.72689	-0.0265326	112.111	117.61	0.953246
3517	0.00376237	0.214404	83.7947	36.0749	-7.73112	-0.026532	112.112	117.617	0.953195
3518	0.00376328	0.214416	83.8097	36.0649	-7.73425	-0.0265315	112.114	117.624	0.953154
3519	0.0037642	0.214429	83.8247	36.0549	-7.73638	-0.026531	112.117	117.631	0.953122
3520	0.00376511	0.214442	83.8397	36.0449	-7.73759	-0.0265304	112.12	117.638	0.953097
3521	0.00376602	0.214455	83.8547	36.0349	-7.73796	-0.0265299	112.125	117.645	0.95308
3522	0.00376694	0.214467	83.8696	36.0249	-7.73755	-0.0265295	112.13	117.652	0.953069
3523	0.00376785	0.21448	83.8845	36.015	-7.73642	-0.026529	112.137	117.659	0.953064
3524	0.00376877	0.214493	83.8994	36.005	-7.73131	-0.0265288	112.147	117.666	0.953094
3525	0.00376968	0.214506	83.9143	35.9951	-7.72466	-0.0265285	112.158	117.673	0.953136
3526	0.0037706	0.214518	83.9292	35.9852	-7.71781	-0.0265282	112.17	117.68	0.95318
3527	0.00377151	0.214531	83.9441	35.9753	-7.71102	-0.0265279	112.182	117.687	0.953223
3528	0.00377242	0.214544	83.9589	35.9654	-7.70443	-0.0265277	112.193	117.694	0.953265
3529	0.00377334	0.214556	83.9738	35.9555	-7.69819	-0.0265274	112.204	117.701	0.953304
3530	0.00377425	0.214569	83.9886	35.9456	-7.69245	-0.0265272	112.215	117.708	0.953339
3531	0.00377517	0.214581	84.0034	35.9357	-7.68733	-0.0265271	112.225	117.714	0.953368
3532	0.00377608	0.214594	84.0182	35.9258	-7.68295	-0.026527	112.234	117.721	0.953391
3533	0.00377699	0.214606	84.0329	35.916	-7.67941	-0.0265269	112.243	117.728	0.953408
3534	0.00377791	0.214619	84.0477	35.9061	-7.67677	-0.0265269	112.25	117.735	0.953416
3535	0.00377882	0.214631	84.0624	35.8963	-7.67507	-0.0265269	112.257	117.742	0.953416
3536	0.00377974	0.214644	84.0771	35.8864	-7.67434	-0.026527	112.263	117.749	0.953409
3537	0.00378065	0.214656	84.0918	35.8766	-7.67462	-0.026527	112.267	117.756	0.953392
3538	0.00378157	0.214669	84.1065	35.8668	-7.67594	-0.0265271	112.271	117.762	0.953367
3539	0.00378248	0.214681	84.1212	35.857	-7.67825	-0.0265271	112.273	117.769	0.953334
3540	0.00378339	0.214694	84.1359	35.8472	-7.6815	-0.0265271	112.275	117.776	0.953292
3541	0.00378431	0.214706	84.1505	35.8374	-7.68558	-0.0265271	112.276	117.783	0.953244
3542	0.00378522	0.214718	84.1652	35.8276	-7.69044	-0.0265271	112.276	117.79	0.953189
3543	0.00378614	0.214731	84.1798	35.8179	-7.69601	-0.026527	112.275	117.796	0.953128
3544	0.00378705	0.214743	84.1944	35.8081	-7.70233	-0.0265269	112.274	117.803	0.95306
3545	0.00378797	0.214756	84.209	35.7984	-7.70977	-0.0265267	112.271	117.81	0.952984
3546	0.00378888	0.214768	84.2235	35.7886	-7.72134	-0.0265263	112.264	117.817	0.952872
3547	0.0037898	0.21478	84.2381	35.7789	-7.73281	-0.0265259	112.258	117.824	0.952761
3548	0.00379071	0.214793	84.2527	35.7692	-7.74236	-0.0265254	112.253	117.83	0.952666
3549	0.00379162	0.214805	84.2672	35.7595	-7.75022	-0.0265248	112.25	117.837	0.952586
3550	0.00379254	0.214817	84.2817	35.7497	-7.75655	-0.0265243	112.248	117.844	0.952519
3551	0.00379345	0.214829	84.2962	35.74	-7.76168	-0.0265237	112.248	117.85	0.952461
3552	0.00379437	0.214842	84.3107	35.7304	-7.76571	-0.0265231	112.249	117.857	0.952414
3553	0.00379528	0.214854	84.3252	35.7207	-7.76869	-0.0265225	112.251	117.864	0.952375
3554	0.0037962	0.214866	84.3396	35.711	-7.77072	-0.0265219	112.253	117.871	0.952344
3555	0.00379711	0.214878	84.3541	35.7013	-7.77187	-0.0265214	112.257	117.877	0.952321
3556	0.00379803	0.21489	84.3685	35.6917	-7.77219	-0.0265208	112.261	117.884	0.952305
3557	0.00379894	0.214903	84.3829	35.682	-7.77174	-0.0265203	112.267	117.891	0.952295
3558	0.00379986	0.214915	84.3974	35.6724	-7.7706	-0.0265198	112.273	117.897	0.952292
3559	0.00380077	0.214927	84.4117	35.6628	-7.76527	-0.0265195	112.283	117.904	0.952324
3560	0.00380169	0.214939	84.4261	35.6531	-7.75861	-0.0265192	112.294	117.911	0.952367
3561	0.0038026	0.214951	84.4405	35.6435	-7.75181	-0.0265189	112.306	117.917	0.952411
3562	0.00380352	0.214963	84.4548	35.6339	-7.74509	-0.0265185	112.317	117.924	0.952455
3563	0.00380443	0.214975	84.4692	35.6243	-7.73859	-0.0265182	112.328	117.93	0.952497
3564	0.00380535	0.214987	84.4835	35.6148	-7.73247	-0.0265179	112.339	117.937	0.952535
3565	0.00380626	0.214999	84.4978	35.6052	-7.72686	-0.0265177	112.35	117.944	0.95257
3566	0.00380717	0.215011	84.5121	35.5956	-7.7219	-0.0265175	112.359	117.95	0.952599
3567	0.00380809	0.215023	84.5264	35.5861	-7.71769	-0.0265173	112.368	117.957	0.952621
3568	0.003809	0.215035	84.5406	35.5765	-7.71433	-0.0265172	112.376	117.963	0.952636
3569	0.00380992	0.215047	84.5549	35.567	-7.71188	-0.0265172	112.383	117.97	0.952644
3570	0.00381083	0.215059	84.5691	35.5574	-7.71039	-0.0265171	112.39	117.977	0.952644
3571	0.00381175	0.215071	84.5833	35.5479	-7.70987	-0.0265171	112.395	117.983	0.952635
3572	0.00381266	0.215083	84.5975	35.5384	-7.71036	-0.0265171	112.399	117.99	0.952618
3573	0.00381358	0.215095	84.6117	35.5289	-7.71189	-0.026517	112.402	117.996	0.952592
3574	0.00381449	0.215107	84.6259	35.5194	-7.71442	-0.026517	112.404	118.003	0.952557
3575	0.00381541	0.215119	84.64	35.5099	-7.71787	-0.0265169	112.406	118.009	0.952515
3576	0.00381632	0.215131	84.6542	35.5004	-7.72218	-0.0265169	112.406	118.016	0.952465
3577	0.00381724	0.215142	84.6683	35.491	-7.72727	-0.0265167	112.405	118.022	0.952409
3578	0.00381815	0.215154	84.6824	35.4815	-7.73311	-0.0265166	112.404	118.029	0.952347
3579	0.00381907	0.215166	84.6965	35.4721	-7.73985	-0.0265164	112.402	118.035	0.952277
3580	0.00381998	0.215178	84.7106	35.4626	-7.74832	-0.0265161	112.398	118.042	0.952192
3581	0.0038209	0.21519	84.7247	35.4532	-7.7611	-0.0265156	112.39	118.048	0.952071
3582	0.00382181	0.215201	84.7387	35.4438	-7.77185	-0.0265151	112.384	118.055	0.951967
3583	0.00382273	0.215213	84.7528	35.4343	-7.7808	-0.0265145	112.38	118.061	0.951879
3584	0.00382364	0.215225	84.7668	35.4249	-7.78813	-0.0265139	112.377	118.067	0.951804
3585	0.00382456	0.215237	84.7808	35.4156	-7.79407	-0.0265132	112.376	118.074	0.951741
3586	0.00382547	0.215248	84.7948	35.4062	-7.79887	-0.0265126	112.376	118.08	0.951688
3587	0.00382639	0.21526	84.8088	35.3968	-7.80259	-0.0265119	112.376	118.087	0.951643
3588	0.0038273	0.215272	84.8227	35.3874	-7.80529	-0.0265113	112.378	118.093	0.951608
3589	0.00382822	0.215283	84.8367	35.3781	-7.80707	-0.0265106	112.381	118.1	0.95158
3590	0.00382913	0.215295	84.8506	35.3687	-7.80798	-0.02651	112.385	118.106	0.95156
3591	0.00383005	0.215307	84.8645	35.3594	-7.80807	-0.0265094	112.389	118.112	0.951547
3592	0.00383097	0.215318	84.8784	35.3501	-7.8074	-0.0265088	112.395	118.119	0.95154
3593	0.00383188	0.21533	84.8923	35.3408	-7.80397	-0.0265083	112.403	118.125	0.951556
3594	0.0038328	0.215341	84.9062	35.3315	-7.79774	-0.026508	112.413	118.131	0.951596
3595	0.00383371	0.215353	84.92	35.3222	-7.79105	-0.0265076	112.425	118.138	0.95164
3596	0.00383463	0.215364	84.9338	35.3129	-7.78433	-0.0265072	112.436	118.144	0.951685
3597	0.00383554	0.215376	84.9476	35.3036	-7.77775	-0.0265068	112.447	118.15	0.951728
3598	0.00383646	0.215387	84.9614	35.2944	-7.77146	-0.0265064	112.458	118.157	0.951769
3599	0.00383737	0.215399	84.9752	35.2851	-7.7656	-0.0265061	112.468	118.163	0.951806
3600	0.00383829	0.21541	84.989	35.2759	-7.76033	-0.0265058	112.478	118.169	0.951838
3601	0.0038392	0.215422	85.0027	35.2667	-7.75576	-0.0265055	112.487	118.176	0.951865
3602	0.00384012	0.215433	85.0164	35.2575	-7.75199	-0.0265053	112.495	118.182	0.951884
3603	0.00384103	0.215445	85.0301	35.2483	-7.74912	-0.0265052	112.503	118.188	0.951896
3604	0.00384195	0.215456	85.0438	35.2391	-7.74718	-0.026505	112.509	118.194	0.9519
3605	0.00384286	0.215467	85.0574	35.2299	-7.74622	-0.0265049	112.515	118.201	0.951896
3606	0.00384378	0.215479	85.0711	35.2208	-7.74624	-0.0265048	112.519	118.207	0.951884
3607	0.00384469	0.21549	85.0847	35.2116	-7.74733	-0.0265047	112.522	118.213	0.951862
3608	0.00384561	0.215501	85.0983	35.2025	-7.74946	-0.0265046	112.525	118.219	0.951832
3609	0.00384652	0.215513	85.1118	35.1934	-7.75256	-0.0265045	112.526	118.225	0.951794
3610	0.00384744	0.215524	85.1254	35.1843	-7.75656	-0.0265044	112.527	118.232	0.951748
3611	0.00384836	0.215535	85.1389	35.1752	-7.76139	-0.0265042	112.526	118.238	0.951695
3612	0.00384927	0.215546	85.1524	35.1661	-7.76701	-0.026504	112.525	118.244	0.951635
3613	0.00385019	0.215558	85.1659	35.157	-7.77348	-0.0265037	112.523	118.25	0.951569
3614	0.0038511	0.215569	85.1794	35.148	-7.78126	-0.0265034	112.52	118.256	0.951491
3615	0.00385202	0.21558	85.1929	35.1389	-7.79457	-0.0265029	112.511	118.262	0.951366
3616	0.00385293	0.215591	85.2063	35.1299	-7.80581	-0.0265023	112.504	118.268	0.951259
3617	0.00385385	0.215602	85.2197	35.1209	-7.81525	-0.0265016	112.499	118.274	0.951168
3618	0.00385476	0.215613	85.2331	35.1119	-7.82305	-0.026501	112.495	118.281	0.95109
3619	0.00385568	0.215624	85.2464	35.1029	-7.82942	-0.0265003	112.493	118.287	0.951024
3620	0.0038566	0.215635	85.2598	35.094	-7.83463	-0.0264996	112.493	118.293	0.950968
3621	0.00385751	0.215646	85.2731	35.085	-7.83876	-0.0264989	112.493	118.299	0.950922
3622	0.00385843	0.215657	85.2864	35.0761	-7.84186	-0.0264981	112.494	118.305	0.950884
3623	0.00385934	0.215668	85.2996	35.0672	-7.84402	-0.0264974	112.496	118.311	0.950854
3624	0.00386026	0.215679	85.3129	35.0583	-7.84529	-0.0264967	112.499	118.317	0.950831
3625	0.00386117	0.21569	85.3261	35.0494	-7.84573	-0.026496	112.503	118.323	0.950816
3626	0.00386209	0.215701	85.3393	35.0405	-7.84538	-0.0264954	112.508	118.329	0.950807
3627	0.00386301	0.215712	85.3524	35.0316	-7.84331	-0.0264948	112.514	118.335	0.950813
3628	0.00386392	0.215723	85.3656	35.0228	-7.83748	-0.0264944	112.524	118.341	0.950851
3629	0.00386484	0.215734	85.3787	35.014	-7.83092	-0.0264939	112.535	118.347	0.950895
3630	0.00386575	0.215745	85.3918	35.0052	-7.82425	-0.0264935	112.546	118.353	0.95094
3631	0.00386667	0.215755	85.4048	34.9964	-7.81768	-0.026493	112.557	118.359	0.950984
3632	0.00386758	0.215766	85.4179	34.9876	-7.81136	-0.0264926	112.568	118.364	0.951026
3633	0.0038685	0.215777	85.4309	34.9788	-7.80544	-0.0264922	112.578	118.37	0.951064
3634	0.00386942	0.215788	85.4439	34.9701	-7.80007	-0.0264918	112.587	118.376	0.951098
3635	0.00387033	0.215798	85.4568	34.9614	-7.79537	-0.0264915	112.596	118.382	0.951126
3636	0.00387125	0.215809	85.4698	34.9527	-7.79147	-0.0264912	112.604	118.388	0.951148
3637	0.00387216	0.21582	85.4827	34.944	-7.78845	-0.026491	112.612	118.394	0.951162
3638	0.00387308	0.21583	85.4955	34.9353	-7.78636	-0.0264908	112.618	118.4	0.951169
3639	0.003874	0.215841	85.5084	34.9267	-7.78525	-0.0264906	112.623	118.405	0.951167
3640	0.00387491	0.215852	85.5212	34.918	-7.78514	-0.0264904	112.628	118.411	0.951156
3641	0.00387583	0.215862	85.534	34.9094	-7.7861	-0.0264903	112.631	118.417	0.951137
3642	0.00387674	0.215873	85.5468	34.9008	-7.78812	-0.0264901	112.633	118.423	0.951109
3643	0.00387766	0.215883	85.5595	34.8923	-7.79114	-0.02649	112.634	118.429	0.951072
3644	0.00387857	0.215894	85.5722	34.8837	-7.79509	-0.0264898	112.634	118.434	0.951028
3645	0.00387949	0.215904	85.5849	34.8752	-7.7999	-0.0264895	112.634	118.44	0.950976
3646	0.00388041	0.215914	85.5975	34.8666	-7.8055	-0.0264893	112.632	118.446	0.950918
3647	0.00388132	0.215925	85.6102	34.8581	-7.8119	-0.026489	112.63	118.451	0.950853
3648	0.00388224	0.215935	85.6228	34.8497	-7.81937	-0.0264886	112.627	118.457	0.950779
3649	0.00388315	0.215946	85.6353	34.8412	-7.82973	-0.0264881	112.62	118.463	0.95068
3650	0.00388407	0.215956	85.6478	34.8328	-7.84225	-0.0264875	112.612	118.468	0.950564
3651	0.00388499	0.215966	85.6603	34.8243	-7.85279	-0.0264868	112.605	118.474	0.950464
3652	0.0038859	0.215976	85.6728	34.8159	-7.86158	-0.0264861	112.601	118.48	0.950379
3653	0.00388682	0.215987	85.6852	34.8075	-7.86878	-0.0264853	112.598	118.485	0.950308
3654	0.00388774	0.215997	85.6976	34.7992	-7.87469	-0.0264846	112.596	118.491	0.950247
3655	0.00388865	0.216007	85.71	34.7909	-7.87947	-0.0264838	112.595	118.497	0.950196
3656	0.00388957	0.216017	85.7224	34.7825	-7.88318	-0.026483	112.595	118.502	0.950154
3657	0.00389048	0.216027	85.7347	34.7742	-7.88589	-0.0264822	112.597	118.508	0.950121
3658	0.0038914	0.216037	85.7469	34.766	-7.88769	-0.0264814	112.599	118.513	0.950095
3659	0.00389232	0.216047	85.7592	34.7577	-7.88862	-0.0264807	112.602	118.519	0.950076
3660	0.00389323	0.216057	85.7714	34.7495	-7.88873	-0.0264799	112.606	118.524	0.950065
3661	0.00389415	0.216067	85.7835	34.7413	-7.88811	-0.0264793	112.61	118.53	0.95006
3662	0.00389507	0.216077	85.7957	34.7331	-7.88356	-0.0264787	112.619	118.535	0.950088
3663	0.00389598	0.216087	85.8078	34.7249	-7.87728	-0.0264782	112.629	118.541	0.95013
3664	0.0038969	0.216097	85.8199	34.7168	-7.87075	-0.0264777	112.639	118.546	0.950175
3665	0.00389781	0.216107	85.8319	34.7087	-7.86425	-0.0264771	112.65	118.551	0.95022
3666	0.00389873	0.216117	85.8439	34.7006	-7.85794	-0.0264766	112.66	118.557	0.950262
3667	0.00389965	0.216127	85.8559	34.6925	-7.85197	-0.0264761	112.67	118.562	0.950303
3668	0.00390056	0.216136	85.8678	34.6845	-7.84649	-0.0264757	112.679	118.568	0.950339
3669	0.00390148	0.216146	85.8797	34.6765	-7.84164	-0.0264753	112.688	118.573	0.950369
3670	0.0039024	0.216156	85.8915	34.6685	-7.83754	-0.0264749	112.696	118.578	0.950394
3671	0.00390331	0.216166	85.9034	34.6605	-7.83428	-0.0264746	112.703	118.584	0.950411
3672	0.00390423	0.216175	85.9151	34.6525	-7.83195	-0.0264743	112.709	118.589	0.950421
3673	0.00390514	0.216185	85.9269	34.6446	-7.83058	-0.026474	112.714	118.594	0.950422
3674	0.00390606	0.216194	85.9386	34.6367	-7.83021	-0.0264738	112.719	118.599	0.950415
3675	0.00390698	0.216204	85.9503	34.6288	-7.8309	-0.0264735	112.722	118.605	0.950399
3676	0.00390789	0.216213	85.9619	34.621	-7.83266	-0.0264733	112.724	118.61	0.950375
3677	0.00390881	0.216223	85.9735	34.6131	-7.83546	-0.026473	112.725	118.615	0.950341
3678	0.00390973	0.216232	85.9851	34.6053	-7.83921	-0.0264728	112.725	118.62	0.9503
3679	0.00391064	0.216242	85.9966	34.5976	-7.84386	-0.0264725	112.724	118.625	0.950251
3680	0.00391156	0.216251	86.0081	34.5898	-7.84931	-0.0264722	112.722	118.63	0.950195
3681	0.00391248	0.216261	86.0195	34.5821	-7.85554	-0.0264718	112.72	118.636	0.950133
3682	0.00391339	0.21627	86.0309	34.5744	-7.86263	-0.0264714	112.716	118.641	0.950063
3683	0.00391431	0.216279	86.0423	34.5667	-7.87123	-0.0264709	112.711	118.646	0.949981
3684	0.00391523	0.216288	86.0536	34.5591	-7.88481	-0.0264702	112.701	118.651	0.949857
3685	0.00391614	0.216298	86.0649	34.5515	-7.8963	-0.0264694	112.694	118.656	0.949751
3686	0.00391706	0.216307	86.0761	34.5439	-7.90596	-0.0264686	112.688	118.661	0.94966
3687	0.00391798	0.216316	86.0873	34.5363	-7.91398	-0.0264678	112.683	118.666	0.949583
3688	0.00391889	0.216325	86.0984	34.5288	-7.92056	-0.0264669	112.68	118.671	0.949518
3689	0.00391981	0.216334	86.1095	34.5213	-7.92598	-0.0264661	112.678	118.676	0.949463
3690	0.00392073	0.216343	86.1206	34.5138	-7.9303	-0.0264652	112.678	118.681	0.949417
3691	0.00392164	0.216352	86.1316	34.5064	-7.93358	-0.0264643	112.678	118.686	0.94938
3692	0.00392256	0.216361	86.1426	34.499	-7.93593	-0.0264634	112.679	118.691	0.949351
3693	0.00392348	0.21637	86.1535	34.4916	-7.93738	-0.0264626	112.681	118.696	0.94933
3694	0.00392439	0.216379	86.1644	34.4842	-7.938	-0.0264617	112.684	118.7	0.949315
3695	0.00392531	0.216388	86.1753	34.4769	-7.93786	-0.0264609	112.688	118.705	0.949307
3696	0.00392623	0.216396	86.1861	34.4696	-7.93466	-0.0264603	112.695	118.71	0.949325
3697	0.00392714	0.216405	86.1968	34.4623	-7.92883	-0.0264597	112.704	118.715	0.949365
3698	0.00392806	0.216414	86.2075	34.4551	-7.92258	-0.0264591	112.714	118.72	0.949409
3699	0.00392898	0.216423	86.2181	34.448	-7.91629	-0.0264584	112.723	118.725	0.949453
3700	0.00392989	0.216431	86.2287	34.4408	-7.91014	-0.0264578	112.733	118.729	0.949496
3701	0.00393081	0.21644	86.2392	34.4337	-7.90427	-0.0264572	112.742	118.734	0.949536
3702	0.00393173	0.216448	86.2497	34.4267	-7.89885	-0.0264567	112.751	118.739	0.949573
3703	0.00393264	0.216457	86.2601	34.4196	-7.89402	-0.0264562	112.759	118.743	0.949605
3704	0.00393356	0.216465	86.2704	34.4126	-7.8899	-0.0264557	112.767	118.748	0.949631
3705	0.00393448	0.216473	86.2807	34.4057	-7.88659	-0.0264553	112.773	118.752	0.949651
3706	0.00393539	0.216482	86.2909	34.3988	-7.88418	-0.0264549	112.779	118.757	0.949662
3707	0.00393631	0.21649	86.3011	34.3919	-7.88271	-0.0264546	112.784	118.762	0.949666
3708	0.00393723	0.216498	86.3113	34.385	-7.88224	-0.0264543	112.788	118.766	0.949662
3709	0.00393814	0.216507	86.3213	34.3782	-7.8828	-0.026454	112.79	118.771	0.949648
3710	0.00393906	0.216515	86.3314	34.3714	-7.88444	-0.0264536	112.792	118.775	0.949626
3711	0.00393998	0.216523	86.3414	34.3647	-7.88713	-0.0264533	112.792	118.78	0.949595
3712	0.00394089	0.216531	86.3513	34.358	-7.8908	-0.026453	112.792	118.784	0.949556
3713	0.00394181	0.216539	86.3612	34.3513	-7.89537	-0.0264526	112.791	118.788	0.949509
3714	0.00394273	0.216547	86.371	34.3446	-7.90076	-0.0264522	112.788	118.793	0.949456
3715	0.00394365	0.216555	86.3808	34.338	-7.90694	-0.0264518	112.785	118.797	0.949396
3716	0.00394456	0.216563	86.3905	34.3314	-7.91393	-0.0264513	112.782	118.801	0.949329
3717	0.00394548	0.216571	86.4002	34.3249	-7.92214	-0.0264508	112.776	118.806	0.949251
3718	0.0039464	0.216578	86.4098	34.3184	-7.93519	-0.0264501	112.767	118.81	0.949134
3719	0.00394731	0.216586	86.4194	34.3119	-7.94727	-0.0264493	112.758	118.814	0.949024
3720	0.00394823	0.216594	86.4289	34.3055	-7.95746	-0.0264484	112.75	118.819	0.94893
3721	0.00394915	0.216602	86.4384	34.2991	-7.96596	-0.0264475	112.745	118.823	0.948851
3722	0.00395006	0.216609	86.4478	34.2927	-7.97294	-0.0264466	112.741	118.827	0.948784
3723	0.00395098	0.216617	86.4571	34.2864	-7.97871	-0.0264457	112.738	118.831	0.948728
3724	0.0039519	0.216624	86.4664	34.2801	-7.98338	-0.0264447	112.737	118.835	0.948681
3725	0.00395282	0.216632	86.4757	34.2739	-7.98698	-0.0264438	112.736	118.839	0.948643
3726	0.00395373	0.216639	86.4848	34.2677	-7.98962	-0.0264429	112.736	118.843	0.948613
3727	0.00395465	0.216647	86.4939	34.2615	-7.99136	-0.0264419	112.738	118.847	0.948591
3728	0.00395557	0.216654	86.503	34.2554	-7.99224	-0.026441	112.74	118.851	0.948576
3729	0.00395649	0.216661	86.5119	34.2493	-7.99234	-0.0264402	112.742	118.855	0.948568
3730	0.0039574	0.216668	86.5209	34.2433	-7.99024	-0.0264394	112.747	118.859	0.948578
3731	0.00395832	0.216676	86.5297	34.2373	-7.98472	-0.0264387	112.756	118.863	0.948618
3732	0.00395924	0.216683	86.5385	34.2314	-7.97858	-0.0264381	112.765	118.867	0.948662
3733	0.00396015	0.21669	86.5472	34.2255	-7.97236	-0.0264374	112.774	118.871	0.948707
3734	0.00396107	0.216697	86.5559	34.2196	-7.96624	-0.0264367	112.783	118.875	0.948751
3735	0.00396199	0.216704	86.5644	34.2138	-7.96037	-0.0264361	112.791	118.879	0.948794
3736	0.00396291	0.216711	86.5729	34.2081	-7.95491	-0.0264354	112.8	118.883	0.948833
3737	0.00396382	0.216718	86.5814	34.2023	-7.95	-0.0264349	112.807	118.886	0.948867
3738	0.00396474	0.216724	86.5898	34.1967	-7.94577	-0.0264343	112.814	118.89	0.948896
3739	0.00396566	0.216731	86.5981	34.1911	-7.94234	-0.0264338	112.82	118.894	0.948918
3740	0.00396658	0.216738	86.6063	34.1855	-7.93978	-0.0264334	112.826	118.897	0.948932
3741	0.00396749	0.216744	86.6145	34.18	-7.93816	-0.026433	112.83	118.901	0.948939
3742	0.00396841	0.216751	86.6226	34.1745	-7.93753	-0.0264326	112.833	118.905	0.948938
3743	0.00396933	0.216757	86.6306	34.1691	-7.93792	-0.0264322	112.835	118.908	0.948928
3744	0.00397024	0.216764	86.6386	34.1637	-7.93942	-0.0264318	112.836	118.912	0.948909
3745	0.00397116	0.21677	86.6465	34.1583	-7.94196	-0.0264314	112.836	118.915	0.948881
3746	0.00397208	0.216777	86.6543	34.1531	-7.94551	-0.026431	112.835	118.919	0.948845
3747	0.003973	0.216783	86.662	34.1478	-7.94997	-0.0264306	112.833	118.922	0.948801
3748	0.00397391	0.216789	86.6697	34.1426	-7.95528	-0.0264301	112.831	118.926	0.94875
3749	0.00397483	0.216795	86.6773	34.1375	-7.96137	-0.0264296	112.827	118.929	0.948692
3750	0.00397575	0.216801	86.6849	34.1324	-7.96825	-0.0264291	112.823	118.932	0.948628
3751	0.00397667	0.216807	86.6923	34.1273	-7.97616	-0.0264285	112.817	118.936	0.948556
3752	0.00397758	0.216813	86.6997	34.1223	-7.98681	-0.0264278	112.809	118.939	0.94846
3753	0.0039785	0.216819	86.7071	34.1173	-7.99985	-0.0264269	112.798	118.942	0.948344
3754	0.00397942	0.216825	86.7143	34.1124	-8.01089	-0.026426	112.789	118.945	0.948246
3755	0.00398034	0.216831	86.7216	34.1075	-8.02016	-0.0264251	112.782	118.949	0.948162
3756	0.00398125	0.216837	86.7287	34.1027	-8.02782	-0.0264241	112.777	118.952	0.948092
3757	0.00398217	0.216842	86.7358	34.0979	-8.03416	-0.0264231	112.773	118.955	0.948033
3758	0.00398309	0.216848	86.7428	34.0932	-8.03936	-0.0264221	112.77	118.958	0.947983
3759	0.00398401	0.216854	86.7497	34.0885	-8.04348	-0.026421	112.768	118.961	0.947943
3760	0.00398492	0.216859	86.7566	34.0838	-8.04659	-0.02642	112.767	118.964	0.947911
3761	0.00398584	0.216865	86.7634	34.0792	-8.04878	-0.026419	112.767	118.967	0.947887
3762	0.00398676	0.21687	86.7702	34.0746	-8.05011	-0.026418	112.768	118.97	0.94787
3763	0.00398768	0.216876	86.7769	34.0701	-8.05064	-0.0264171	112.77	118.973	0.947861
3764	0.00398859	0.216881	86.7835	34.0656	-8.05043	-0.0264161	112.772	118.976	0.947857
3765	0.00398951	0.216886	86.7901	34.0611	-8.0461	-0.0264154	112.779	118.979	0.947888
3766	0.00399043	0.216892	86.7966	34.0567	-8.04024	-0.0264146	112.787	118.982	0.947932
3767	0.00399135	0.216897	86.8031	34.0523	-8.03418	-0.0264139	112.795	118.985	0.947978
3768	0.00399227	0.216902	86.8094	34.0481	-8.02816	-0.0264131	112.803	118.988	0.948023
3769	0.00399318	0.216907	86.8157	34.0438	-8.02235	-0.0264123	112.811	118.99	0.948067
3770	0.0039941	0.216912	86.8218	34.0397	-8.01688	-0.0264116	112.818	118.993	0.948108
3771	0.00399502	0.216917	86.8279	34.0356	-8.01189	-0.0264109	112.825	118.996	0.948145
3772	0.00399594	0.216922	86.8338	34.0316	-8.00753	-0.0264102	112.831	118.998	0.948177
3773	0.00399685	0.216927	86.8397	34.0276	-8.00391	-0.0264096	112.837	119.001	0.948202
3774	0.00399777	0.216931	86.8455	34.0237	-8.00113	-0.0264091	112.842	119.004	0.948221
3775	0.00399869	0.216936	86.8512	34.0198	-7.99925	-0.0264085	112.845	119.006	0.948232
3776	0.00399961	0.21694	86.8568	34.016	-7.99833	-0.026408	112.848	119.009	0.948235
3777	0.00400052	0.216945	86.8623	34.0123	-7.99838	-0.0264076	112.85	119.011	0.94823
3778	0.00400144	0.216949	86.8677	34.0086	-7.99951	-0.0264071	112.85	119.013	0.948216
3779	0.00400236	0.216954	86.8731	34.005	-8.0017	-0.0264066	112.85	119.016	0.948193
3780	0.00400328	0.216958	86.8784	34.0015	-8.00489	-0.0264061	112.849	119.018	0.948162
3781	0.0040042	0.216962	86.8835	33.998	-8.00902	-0.0264056	112.846	119.02	0.948123
3782	0.00400511	0.216966	86.8886	33.9945	-8.014	-0.0264051	112.843	119.023	0.948077
3783	0.00400603	0.21697	86.8937	33.9911	-8.01976	-0.0264045	112.839	119.025	0.948025
3784	0.00400695	0.216974	86.8986	33.9878	-8.02624	-0.0264039	112.834	119.027	0.947967
3785	0.00400787	0.216978	86.9035	33.9845	-8.0335	-0.0264033	112.828	119.029	0.947902
3786	0.00400879	0.216982	86.9083	33.9812	-8.04203	-0.0264026	112.821	119.031	0.947826
3787	0.0040097	0.216986	86.913	33.9781	-8.05598	-0.0264017	112.809	119.034	0.947705
3788	0.00401062	0.21699	86.9176	33.9749	-8.06779	-0.0264007	112.798	119.036	0.947602
3789	0.00401154	0.216993	86.9222	33.9718	-8.07773	-0.0263996	112.79	119.038	0.947515
3790	0.00401246	0.216997	86.9267	33.9688	-8.08598	-0.0263986	112.783	119.04	0.947442
3791	0.00401338	0.217	86.9311	33.9658	-8.09274	-0.0263975	112.778	119.042	0.947382
3792	0.00401429	0.217004	86.9354	33.9629	-8.09831	-0.0263964	112.774	119.043	0.947331
3793	0.00401521	0.217007	86.9397	33.96	-8.10276	-0.0263953	112.771	119.045	0.94729
3794	0.00401613	0.217011	86.9439	33.9572	-8.10615	-0.0263942	112.769	119.047	0.947259
3795	0.00401705	0.217014	86.948	33.9544	-8.10857	-0.0263931	112.767	119.049	0.947235
3796	0.00401797	0.217017	86.9521	33.9516	-8.1101	-0.026392	112.767	119.051	0.947219
3797	0.00401888	0.217021	86.9561	33.9489	-8.11078	-0.026391	112.768	119.053	0.94721
3798	0.0040198	0.217024	86.96	33.9463	-8.11069	-0.0263899	112.769	119.054	0.947207
3799	0.00402072	0.217027	86.9638	33.9437	-8.10696	-0.026389	112.774	119.056	0.947236
3800	0.00402164	0.21703	86.9676	33.9411	-8.10114	-0.0263882	112.781	119.058	0.947282
3801	0.00402256	0.217033	86.9713	33.9386	-8.09496	-0.0263873	112.789	119.059	0.94733
3802	0.00402347	0.217036	86.975	33.9361	-8.08876	-0.0263865	112.796	119.061	0.94738
3803	0.00402439	0.217039	86.9786	33.9337	-8.0827	-0.0263856	112.803	119.063	0.947428
3804	0.00402531	0.217042	86.9821	33.9313	-8.07691	-0.0263848	112.81	119.064	0.947473
3805	0.00402623	0.217045	86.9855	33.929	-8.07157	-0.026384	112.817	119.066	0.947515
3806	0.00402714	0.217047	86.9889	33.9267	-8.06679	-0.0263833	112.822	119.067	0.947553
3807	0.00402806	0.21705	86.9922	33.9245	-8.06272	-0.0263826	112.828	119.069	0.947584
3808	0.00402898	0.217053	86.9955	33.9223	-8.05945	-0.0263819	112.832	119.07	0.947609
3809	0.0040299	0.217055	86.9987	33.9201	-8.05707	-0.0263813	112.835	119.072	0.947627
3810	0.00403082	0.217058	87.0018	33.918	-8.05562	-0.0263808	112.838	119.073	0.947636
3811	0.00403173	0.21706	87.0048	33.916	-8.05514	-0.0263802	112.839	119.074	0.947638
3812	0.00403265	0.217063	87.0078	33.914	-8.05571	-0.0263797	112.84	119.076	0.947631
3813	0.00403357	0.217065	87.0107	33.912	-8.05735	-0.0263791	112.839	119.077	0.947614
3814	0.00403449	0.217067	87.0136	33.9101	-8.06	-0.0263785	112.837	119.078	0.94759
3815	0.00403541	0.21707	87.0163	33.9082	-8.0636	-0.026378	112.835	119.079	0.947557
3816	0.00403632	0.217072	87.019	33.9064	-8.06806	-0.0263773	112.831	119.081	0.947518
3817	0.00403724	0.217074	87.0217	33.9046	-8.0733	-0.0263767	112.827	119.082	0.947472
3818	0.00403816	0.217076	87.0243	33.9029	-8.07924	-0.026376	112.822	119.083	0.94742
3819	0.00403908	0.217078	87.0268	33.9012	-8.08589	-0.0263753	112.816	119.084	0.947362
3820	0.00404	0.21708	87.0292	33.8996	-8.09342	-0.0263746	112.809	119.085	0.947297
3821	0.00404091	0.217082	87.0315	33.898	-8.10307	-0.0263737	112.8	119.086	0.947214
3822	0.00404183	0.217084	87.0338	33.8964	-8.11596	-0.0263727	112.788	119.087	0.947104
3823	0.00404275	0.217086	87.036	33.895	-8.12676	-0.0263716	112.778	119.088	0.947011
3824	0.00404367	0.217087	87.0381	33.8935	-8.13572	-0.0263705	112.77	119.089	0.946934
3825	0.00404459	0.217089	87.0402	33.8922	-8.14303	-0.0263694	112.763	119.09	0.946871
3826	0.0040455	0.217091	87.0421	33.8909	-8.14896	-0.0263682	112.758	119.091	0.94682
3827	0.00404642	0.217092	87.044	33.8896	-8.15372	-0.026367	112.754	119.092	0.946778
3828	0.00404734	0.217094	87.0458	33.8884	-8.15739	-0.0263659	112.75	119.093	0.946746
3829	0.00404826	0.217095	87.0475	33.8873	-8.16003	-0.0263647	112.748	119.093	0.946722
3830	0.00404918	0.217096	87.0491	33.8862	-8.16174	-0.0263635	112.747	119.094	0.946707
3831	0.00405009	0.217098	87.0506	33.8852	-8.16258	-0.0263624	112.747	119.095	0.946698
3832	0.00405101	0.217099	87.052	33.8843	-8.16261	-0.0263613	112.747	119.095	0.946697
3833	0.00405193	0.2171	87.0533	33.8834	-8.16162	-0.0263602	112.749	119.096	0.946704
3834	0.00405285	0.217101	87.0545	33.8826	-8.15629	-0.0263593	112.754	119.097	0.946748
3835	0.00405377	0.217102	87.0556	33.8819	-8.14992	-0.0263584	112.761	119.097	0.9468
3836	0.00405468	0.217103	87.0566	33.8812	-8.1434	-0.0263575	112.768	119.098	0.946854
3837	0.0040556	0.217103	87.0575	33.8807	-8.13693	-0.0263565	112.775	119.098	0.946908
3838	0.00405652	0.217104	87.0582	33.8802	-8.13066	-0.0263556	112.781	119.098	0.94696
3839	0.00405744	0.217105	87.0589	33.8798	-8.12475	-0.0263547	112.788	119.099	0.947009
3840	0.00405835	0.217105	87.0594	33.8794	-8.11933	-0.0263539	112.793	119.099	0.947054
3841	0.00405927	0.217106	87.0599	33.8791	-8.11456	-0.0263531	112.798	119.099	0.947094
3842	0.00406019	0.217106	87.0602	33.8789	-8.11053	-0.0263524	112.802	119.099	0.947127
3843	0.00406111	0.217106	87.0605	33.8787	-8.10734	-0.0263517	112.806	119.1	0.947154
3844	0.00406203	0.217106	87.0607	33.8786	-8.10507	-0.026351	112.808	119.1	0.947173
3845	0.00406294	0.217107	87.0609	33.8785	-8.10375	-0.0263504	112.809	119.1	0.947183
3846	0.00406386	0.217107	87.061	33.8784	-8.10341	-0.0263497	112.81	119.1	0.947186
3847	0.00406478	0.217107	87.061	33.8784	-8.10417	-0.0263491	112.809	119.1	0.94718
3848	0.0040657	0.217107	87.0611	33.8784	-8.10596	-0.0263485	112.807	119.1	0.947165
3849	0.00406662	0.217107	87.0611	33.8784	-8.10875	-0.0263479	112.804	119.1	0.947141
3850	0.00406753	0.217107	87.0611	33.8784	-8.11245	-0.0263472	112.801	119.1	0.94711
3851	0.00406845	0.217107	87.0611	33.8784	-8.11697	-0.0263466	112.796	119.1	0.947072
3852	0.00406937	0.217107	87.061	33.8784	-8.1222	-0.0263459	112.791	119.1	0.947028
3853	0.00407029	0.217107	87.0609	33.8785	-8.12807	-0.0263452	112.785	119.1	0.946979
3854	0.0040712	0.217107	87.0608	33.8786	-8.13454	-0.0263444	112.779	119.1	0.946925
3855	0.00407212	0.217107	87.0607	33.8787	-8.14175	-0.0263436	112.771	119.1	0.946864
3856	0.00407304	0.217106	87.0605	33.8788	-8.15052	-0.0263427	112.762	119.1	0.946791
3857	0.00407396	0.217106	87.0604	33.8789	-8.16341	-0.0263416	112.75	119.1	0.946683
3858	0.00407488	0.217106	87.0602	33.8791	-8.17414	-0.0263405	112.739	119.1	0.946593
3859	0.00407579	0.217106	87.0599	33.8792	-8.18297	-0.0263393	112.73	119.099	0.946519
3860	0.00407671	0.217106	87.0596	33.8794	-8.1901	-0.0263381	112.723	119.099	0.946459
3861	0.00407763	0.217106	87.0593	33.8797	-8.19581	-0.0263369	112.717	119.099	0.946412
3862	0.00407855	0.217105	87.0589	33.8799	-8.20032	-0.0263357	112.712	119.099	0.946374
3863	0.00407947	0.217105	87.0585	33.8802	-8.20373	-0.0263345	112.709	119.099	0.946346
3864	0.00408038	0.217105	87.0581	33.8805	-8.2061	-0.0263332	112.706	119.099	0.946326
3865	0.0040813	0.217104	87.0576	33.8809	-8.20754	-0.026332	112.705	119.098	0.946314
3866	0.00408222	0.217104	87.057	33.8813	-8.20812	-0.0263308	112.704	119.098	0.94631
3867	0.00408314	0.217103	87.0563	33.8818	-8.20789	-0.0263297	112.704	119.098	0.946312
3868	0.00408406	0.217103	87.0556	33.8823	-8.2053	-0.0263286	112.706	119.098	0.946335
3869	0.00408497	0.217102	87.0548	33.8828	-8.19936	-0.0263276	112.712	119.097	0.946385
3870	0.00408589	0.217102	87.054	33.8834	-8.19284	-0.0263266	112.718	119.097	0.94644
3871	0.00408681	0.217101	87.053	33.8841	-8.18621	-0.0263256	112.725	119.097	0.946497
3872	0.00408773	0.2171	87.052	33.8848	-8.17966	-0.0263246	112.731	119.096	0.946553
3873	0.00408864	0.217099	87.0508	33.8856	-8.17334	-0.0263237	112.737	119.096	0.946606
3874	0.00408956	0.217098	87.0495	33.8865	-8.16741	-0.0263227	112.742	119.095	0.946657
3875	0.00409048	0.217097	87.0482	33.8875	-8.16201	-0.0263219	112.747	119.095	0.946704
3876	0.0040914	0.217096	87.0467	33.8885	-8.15727	-0.026321	112.752	119.094	0.946745
3877	0.00409232	0.217095	87.045	33.8897	-8.1533	-0.0263202	112.755	119.093	0.946779
3878	0.00409323	0.217094	87.0433	33.8909	-8.15019	-0.0263195	112.758	119.093	0.946806
3879	0.00409415	0.217092	87.0413	33.8922	-8.14801	-0.0263188	112.759	119.092	0.946826
3880	0.00409507	0.217091	87.0393	33.8937	-8.14679	-0.0263181	112.76	119.091	0.946838
3881	0.00409599	0.217089	87.037	33.8952	-8.14657	-0.0263175	112.759	119.09	0.946842
3882	0.0040969	0.217087	87.0346	33.8969	-8.14743	-0.0263168	112.758	119.089	0.946836
3883	0.00409782	0.217085	87.032	33.8987	-8.14933	-0.0263161	112.755	119.088	0.946822
3884	0.00409874	0.217083	87.0292	33.9007	-8.15218	-0.0263155	112.751	119.087	0.9468
3885	0.00409966	0.217081	87.0262	33.9027	-8.15592	-0.0263148	112.747	119.086	0.946771
3886	0.00410058	0.217078	87.023	33.905	-8.16043	-0.026314	112.741	119.084	0.946736
3887	0.00410149	0.217076	87.0196	33.9073	-8.16561	-0.0263133	112.735	119.083	0.946695
3888	0.00410241	0.217073	87.016	33.9099	-8.17137	-0.0263125	112.728	119.081	0.946649
3889	0.00410333	0.21707	87.0121	33.9126	-8.17767	-0.0263117	112.721	119.08	0.946599
3890	0.00410425	0.217067	87.0079	33.9155	-8.18464	-0.0263108	112.712	119.078	0.946544
3891	0.00410517	0.217063	87.0035	33.9185	-8.19284	-0.0263099	112.703	119.076	0.946478
3892	0.00410608	0.21706	86.9988	33.9218	-8.20569	-0.0263087	112.689	119.074	0.946374
3893	0.004107	0.217056	86.9938	33.9253	-8.21628	-0.0263075	112.676	119.072	0.946289
3894	0.00410792	0.217052	86.9885	33.9289	-8.22492	-0.0263063	112.666	119.07	0.94622
3895	0.00410884	0.217048	86.9829	33.9328	-8.23182	-0.026305	112.658	119.067	0.946167
3896	0.00410975	0.217043	86.9769	33.9369	-8.23728	-0.0263038	112.65	119.065	0.946125
3897	0.00411067	0.217038	86.9706	33.9413	-8.24152	-0.0263025	112.644	119.062	0.946094
3898	0.00411159	0.217033	86.964	33.9459	-8.24465	-0.0263012	112.639	119.059	0.946073
3899	0.00411251	0.217028	86.957	33.9507	-8.24673	-0.0263	112.635	119.056	0.946061
3900	0.00411343	0.217022	86.9496	33.9558	-8.24788	-0.0262987	112.631	119.053	0.946057
3901	0.00411434	0.217016	86.9418	33.9612	-8.24817	-0.0262974	112.629	119.05	0.946061
3902	0.00411526	0.21701	86.9336	33.9669	-8.24765	-0.0262962	112.627	119.047	0.946071
3903	0.00411618	0.217003	86.925	33.9728	-8.24386	-0.0262951	112.628	119.043	0.94611
3904	0.0041171	0.216996	86.9159	33.9791	-8.23754	-0.0262941	112.631	119.039	0.94617
3905	0.00411802	0.216989	86.9064	33.9856	-8.23077	-0.026293	112.635	119.035	0.946234
3906	0.00411893	0.216981	86.8965	33.9925	-8.22393	-0.026292	112.639	119.031	0.946299
3907	0.00411985	0.216973	86.886	33.9997	-8.21718	-0.0262909	112.642	119.026	0.946364
3908	0.00412077	0.216964	86.8751	34.0072	-8.21068	-0.0262899	112.645	119.022	0.946427
3909	0.00412169	0.216955	86.8636	34.0151	-8.20459	-0.0262889	112.648	119.017	0.946487
3910	0.0041226	0.216946	86.8517	34.0234	-8.19905	-0.026288	112.65	119.012	0.946543
3911	0.00412352	0.216936	86.8392	34.032	-8.19419	-0.0262871	112.651	119.006	0.946593
3912	0.00412444	0.216926	86.8261	34.041	-8.19012	-0.0262863	112.651	119.001	0.946638
3913	0.00412536	0.216916	86.8125	34.0503	-8.18692	-0.0262855	112.65	118.995	0.946675
3914	0.00412627	0.216905	86.7983	34.0601	-8.18465	-0.0262847	112.647	118.989	0.946705
3915	0.00412719	0.216893	86.7835	34.0703	-8.18334	-0.026284	112.644	118.983	0.946728
3916	0.00412811	0.216881	86.7682	34.0808	-8.18306	-0.0262833	112.64	118.976	0.946742
3917	0.00412903	0.216869	86.7521	34.0919	-8.18386	-0.0262826	112.634	118.969	0.946748
3918	0.00412995	0.216856	86.7355	34.1033	-8.18567	-0.0262819	112.627	118.962	0.946745
3919	0.00413086	0.216842	86.7182	34.1152	-8.18844	-0.0262812	112.619	118.955	0.946736
3920	0.00413178	0.216828	86.7003	34.1275	-8.19206	-0.0262804	112.609	118.947	0.946719
3921	0.0041327	0.216814	86.6816	34.1403	-8.19644	-0.0262796	112.599	118.939	0.946697
3922	0.00413362	0.216798	86.6623	34.1535	-8.20145	-0.0262788	112.588	118.931	0.94667
3923	0.00413453	0.216783	86.6423	34.1673	-8.20701	-0.026278	112.576	118.922	0.946639
3924	0.00413545	0.216766	86.6216	34.1815	-8.21308	-0.0262771	112.564	118.913	0.946605
3925	0.00413637	0.21675	86.6001	34.1962	-8.21971	-0.0262762	112.55	118.904	0.946566
3926	0.00413729	0.216732	86.578	34.2114	-8.2273	-0.0262752	112.536	118.894	0.946519
3927	0.00413821	0.216714	86.555	34.2271	-8.23902	-0.0262741	112.517	118.884	0.946439
3928	0.00413912	0.216695	86.5313	34.2433	-8.24977	-0.0262728	112.499	118.874	0.946367
3929	0.00414004	0.216676	86.5069	34.2601	-8.25847	-0.0262716	112.482	118.864	0.946313
3930	0.00414096	0.216656	86.4817	34.2774	-8.26538	-0.0262703	112.467	118.853	0.946275
3931	0.00414188	0.216636	86.4556	34.2952	-8.27076	-0.026269	112.454	118.841	0.946251
3932	0.00414279	0.216614	86.4288	34.3135	-8.27488	-0.0262677	112.441	118.83	0.946238
3933	0.00414371	0.216593	86.4012	34.3324	-8.27787	-0.0262664	112.429	118.818	0.946234
3934	0.00414463	0.21657	86.3727	34.3519	-8.27979	-0.0262651	112.419	118.805	0.946241
3935	0.00414555	0.216547	86.3435	34.3719	-8.28078	-0.0262638	112.408	118.793	0.946256
3936	0.00414647	0.216523	86.3134	34.3924	-8.2809	-0.0262625	112.399	118.78	0.946279
3937	0.00414738	0.216498	86.2824	34.4136	-8.28022	-0.0262612	112.39	118.766	0.94631
3938	0.0041483	0.216473	86.2507	34.4353	-8.27657	-0.0262601	112.383	118.752	0.946366
3939	0.00414922	0.216447	86.218	34.4575	-8.2701	-0.026259	112.379	118.738	0.946447
3940	0.00415014	0.21642	86.1846	34.4804	-8.26315	-0.0262579	112.376	118.723	0.946533
3941	0.00415105	0.216393	86.1502	34.5038	-8.25613	-0.0262568	112.372	118.708	0.94662
3942	0.00415197	0.216365	86.115	34.5278	-8.24919	-0.0262557	112.367	118.693	0.946707
3943	0.00415289	0.216336	86.0789	34.5524	-8.24251	-0.0262547	112.363	118.677	0.946793
3944	0.00415381	0.216306	86.042	34.5775	-8.23622	-0.0262536	112.357	118.661	0.946876
3945	0.00415473	0.216276	86.0042	34.6033	-8.23049	-0.0262527	112.351	118.644	0.946955
3946	0.00415564	0.216245	85.9655	34.6296	-8.22544	-0.0262518	112.343	118.627	0.94703
3947	0.00415656	0.216213	85.926	34.6565	-8.22116	-0.0262509	112.335	118.61	0.947098
3948	0.00415748	0.216181	85.8855	34.684	-8.21776	-0.0262501	112.326	118.592	0.94716
3949	0.0041584	0.216148	85.8442	34.7121	-8.21529	-0.0262493	112.315	118.574	0.947216
3950	0.00415931	0.216114	85.802	34.7408	-8.21378	-0.0262485	112.303	118.555	0.947263
3951	0.00416023	0.216079	85.759	34.77	-8.21328	-0.0262478	112.289	118.536	0.947303
3952	0.00416115	0.216043	85.715	34.7999	-8.21386	-0.026247	112.275	118.516	0.947335
3953	0.00416207	0.216007	85.6703	34.8303	-8.21546	-0.0262463	112.259	118.497	0.947359
3954	0.00416298	0.21597	85.6246	34.8613	-8.21802	-0.0262455	112.242	118.476	0.947376
3955	0.0041639	0.215932	85.5781	34.8928	-8.22143	-0.0262447	112.223	118.456	0.947387
3956	0.00416482	0.215894	85.5307	34.9249	-8.2256	-0.0262439	112.204	118.434	0.947391
3957	0.00416574	0.215855	85.4825	34.9576	-8.23041	-0.0262431	112.183	118.413	0.947392
3958	0.00416666	0.215815	85.4334	34.9909	-8.23575	-0.0262422	112.162	118.391	0.947388
3959	0.00416757	0.215774	85.3835	35.0247	-8.24158	-0.0262413	112.14	118.369	0.947381
3960	0.00416849	0.215733	85.3327	35.059	-8.24792	-0.0262403	112.118	118.346	0.947371
3961	0.00416941	0.21569	85.2812	35.0939	-8.25503	-0.0262393	112.094	118.323	0.947355
3962	0.00417033	0.215648	85.2288	35.1293	-8.26454	-0.0262382	112.067	118.299	0.94732
3963	0.00417124	0.215604	85.1756	35.1653	-8.27583	-0.026237	112.039	118.275	0.94727
3964	0.00417216	0.21556	85.1216	35.2017	-8.28496	-0.0262357	112.012	118.251	0.94724
3965	0.00417308	0.215515	85.0669	35.2387	-8.2922	-0.0262343	111.987	118.226	0.947226
3966	0.004174	0.215469	85.0113	35.2762	-8.29778	-0.026233	111.963	118.201	0.947227
3967	0.00417492	0.215422	84.955	35.3142	-8.30204	-0.0262316	111.941	118.176	0.94724
3968	0.00417583	0.215375	84.898	35.3526	-8.30513	-0.0262303	111.919	118.15	0.947264
3969	0.00417675	0.215328	84.8402	35.3916	-8.30715	-0.0262289	111.898	118.124	0.947297
3970	0.00417767	0.215279	84.7817	35.431	-8.3082	-0.0262276	111.878	118.097	0.94734
3971	0.00417859	0.21523	84.7225	35.4709	-8.30836	-0.0262262	111.859	118.07	0.947391
3972	0.0041795	0.21518	84.6625	35.5112	-8.30773	-0.0262249	111.84	118.043	0.947449
3973	0.00418042	0.21513	84.6019	35.552	-8.30637	-0.0262236	111.821	118.015	0.947514
3974	0.00418134	0.215079	84.5407	35.5932	-8.30053	-0.0262225	111.807	117.987	0.947619
3975	0.00418226	0.215027	84.4788	35.6348	-8.29347	-0.0262214	111.794	117.959	0.947734
3976	0.00418318	0.214975	84.4162	35.6768	-8.28626	-0.0262203	111.781	117.931	0.947851
3977	0.00418409	0.214922	84.3531	35.7192	-8.2791	-0.0262191	111.767	117.902	0.947969
3978	0.00418501	0.214869	84.2893	35.762	-8.27215	-0.026218	111.753	117.872	0.948086
3979	0.00418593	0.214815	84.2249	35.8052	-8.26557	-0.0262169	111.738	117.843	0.9482
3980	0.00418685	0.21476	84.16	35.8487	-8.25948	-0.0262159	111.723	117.813	0.948311
3981	0.00418776	0.214705	84.0946	35.8926	-8.25404	-0.0262149	111.707	117.782	0.948417
3982	0.00418868	0.21465	84.0285	35.9368	-8.24935	-0.0262139	111.69	117.752	0.948517
3983	0.0041896	0.214594	83.962	35.9814	-8.24551	-0.0262131	111.672	117.721	0.948611
3984	0.00419052	0.214537	83.895	36.0262	-8.24259	-0.0262122	111.652	117.69	0.948698
3985	0.00419143	0.21448	83.8275	36.0713	-8.24062	-0.0262114	111.632	117.659	0.948778
3986	0.00419235	0.214422	83.7596	36.1168	-8.23964	-0.0262106	111.61	117.627	0.94885
3987	0.00419327	0.214364	83.6912	36.1625	-8.23972	-0.0262098	111.588	117.595	0.948913
3988	0.00419419	0.214306	83.6224	36.2084	-8.24086	-0.026209	111.564	117.563	0.948968
3989	0.0041951	0.214247	83.5532	36.2546	-8.24299	-0.0262083	111.539	117.531	0.949015
3990	0.00419602	0.214187	83.4836	36.301	-8.24603	-0.0262075	111.512	117.498	0.949055
3991	0.00419694	0.214127	83.4136	36.3477	-8.24988	-0.0262066	111.485	117.465	0.949089
3992	0.00419786	0.214067	83.3433	36.3945	-8.25442	-0.0262058	111.457	117.432	0.949118
3993	0.00419878	0.214007	83.2727	36.4416	-8.25955	-0.0262049	111.429	117.399	0.949142
3994	0.00419969	0.213946	83.2018	36.4888	-8.26516	-0.026204	111.399	117.366	0.949162
3995	0.00420061	0.213885	83.1306	36.5361	-8.27128	-0.026203	111.369	117.332	0.949178
3996	0.00420153	0.213823	83.0592	36.5837	-8.27798	-0.026202	111.339	117.299	0.949191
3997	0.00420245	0.213761	82.9875	36.6313	-8.28588	-0.026201	111.307	117.265	0.949193
3998	0.00420336	0.213699	82.9157	36.679	-8.29823	-0.0261997	111.27	117.231	0.949158
3999	0.00420428	0.213637	82.8436	36.7269	-8.30824	-0.0261984	111.236	117.196	0.949143
4000	0.0042052	0.213574	82.7714	36.7748	-8.31627	-0.026197	111.204	117.162	0.949145
4001	0.00420612	0.213511	82.699	36.8229	-8.32254	-0.0261957	111.173	117.128	0.949163
4002	0.00420704	0.213448	82.6265	36.8709	-8.32739	-0.0261943	111.144	117.093	0.949193
4003	0.00420795	0.213385	82.5539	36.9191	-8.33103	-0.0261929	111.116	117.058	0.949234
4004	0.00420887	0.213322	82.4811	36.9672	-8.33357	-0.0261915	111.089	117.023	0.949285
4005	0.00420979	0.213258	82.4084	37.0154	-8.33508	-0.0261901	111.062	116.989	0.949345
4006	0.00421071	0.213194	82.3355	37.0636	-8.33569	-0.0261888	111.037	116.954	0.949413
4007	0.00421162	0.21313	82.2626	37.1118	-8.33547	-0.0261874	111.013	116.919	0.949489
4008	0.00421254	0.213066	82.1897	37.16	-8.3345	-0.0261861	110.989	116.883	0.949571
4009	0.00421346	0.213002	82.1168	37.2082	-8.32996	-0.0261849	110.969	116.848	0.949684
4010	0.00421438	0.212938	82.0439	37.2563	-8.32328	-0.0261838	110.951	116.813	0.949815
4011	0.0042153	0.212874	81.971	37.3044	-8.31627	-0.0261826	110.933	116.778	0.94995
4012	0.00421621	0.21281	81.8982	37.3525	-8.30927	-0.0261814	110.915	116.742	0.950085
4013	0.00421713	0.212745	81.8254	37.4005	-8.30241	-0.0261803	110.897	116.707	0.950219
4014	0.00421805	0.212681	81.7527	37.4484	-8.29586	-0.0261792	110.879	116.672	0.95035
4015	0.00421897	0.212616	81.6801	37.4962	-8.28976	-0.0261781	110.86	116.636	0.950478
4016	0.00421988	0.212552	81.6076	37.544	-8.28426	-0.0261771	110.841	116.601	0.950601
4017	0.0042208	0.212487	81.5352	37.5917	-8.27947	-0.0261761	110.821	116.566	0.950718
4018	0.00422172	0.212423	81.4629	37.6392	-8.27549	-0.0261751	110.8	116.53	0.950829
4019	0.00422264	0.212359	81.3908	37.6866	-8.27241	-0.0261743	110.779	116.495	0.950931
4020	0.00422355	0.212294	81.3188	37.734	-8.27026	-0.0261734	110.756	116.46	0.951026
4021	0.00422447	0.21223	81.247	37.7812	-8.26909	-0.0261726	110.733	116.425	0.951113
4022	0.00422539	0.212166	81.1753	37.8282	-8.26894	-0.0261718	110.708	116.389	0.951191
4023	0.00422631	0.212102	81.1038	37.8752	-8.26985	-0.026171	110.683	116.354	0.95126
4024	0.00422722	0.212037	81.0325	37.9219	-8.27177	-0.0261702	110.657	116.319	0.95132
4025	0.00422814	0.211973	80.9616	37.9684	-8.27462	-0.0261693	110.629	116.284	0.951372
4026	0.00422906	0.21191	80.8909	38.0147	-8.27831	-0.0261685	110.601	116.249	0.951417
4027	0.00422998	0.211846	80.8206	38.0608	-8.28273	-0.0261676	110.572	116.214	0.951456
4028	0.0042309	0.211783	80.7506	38.1066	-8.28779	-0.0261667	110.543	116.179	0.951489
4029	0.00423181	0.21172	80.681	38.1521	-8.29339	-0.0261657	110.514	116.145	0.951517
4030	0.00423273	0.211657	80.6119	38.1973	-8.29953	-0.0261647	110.483	116.11	0.95154
4031	0.00423365	0.211594	80.543	38.2423	-8.3064	-0.0261637	110.453	116.076	0.951557
4032	0.00423457	0.211532	80.4746	38.287	-8.31496	-0.0261626	110.421	116.042	0.951559
4033	0.00423548	0.21147	80.4066	38.3315	-8.32702	-0.0261613	110.385	116.008	0.951531
4034	0.0042364	0.211408	80.3389	38.3756	-8.33687	-0.0261599	110.352	115.974	0.951522
4035	0.00423732	0.211347	80.2716	38.4195	-8.34479	-0.0261586	110.32	115.94	0.951529
4036	0.00423824	0.211286	80.2048	38.4632	-8.35099	-0.0261572	110.291	115.906	0.95155
4037	0.00423916	0.211225	80.1383	38.5065	-8.35579	-0.0261557	110.263	115.873	0.951584
4038	0.00424007	0.211164	80.0722	38.5496	-8.3594	-0.0261543	110.236	115.84	0.951627
4039	0.00424099	0.211104	80.0065	38.5924	-8.36191	-0.0261529	110.211	115.807	0.95168
4040	0.00424191	0.211044	79.9413	38.6349	-8.3634	-0.0261515	110.187	115.774	0.951741
4041	0.00424283	0.210984	79.8764	38.6771	-8.36398	-0.0261501	110.163	115.741	0.95181
4042	0.00424374	0.210924	79.812	38.7191	-8.36372	-0.0261487	110.141	115.708	0.951886
4043	0.00424466	0.210865	79.748	38.7607	-8.3627	-0.0261473	110.12	115.676	0.951968
4044	0.00424558	0.210807	79.6844	38.802	-8.35826	-0.0261461	110.102	115.644	0.95208
4045	0.0042465	0.210748	79.6213	38.8431	-8.35151	-0.0261449	110.087	115.612	0.952211
4046	0.00424741	0.21069	79.5586	38.8838	-8.34441	-0.0261437	110.072	115.58	0.952345
4047	0.00424833	0.210632	79.4964	38.9242	-8.33728	-0.0261425	110.057	115.548	0.952479
4048	0.00424925	0.210575	79.4346	38.9643	-8.33028	-0.0261413	110.043	115.517	0.952612
4049	0.00425017	0.210518	79.3733	39.0041	-8.32356	-0.0261401	110.028	115.485	0.952742
4050	0.00425109	0.210461	79.3124	39.0436	-8.31728	-0.026139	110.013	115.454	0.952868
4051	0.004252	0.210405	79.252	39.0828	-8.31159	-0.0261379	109.997	115.423	0.952988
4052	0.00425292	0.210349	79.1921	39.1216	-8.30659	-0.0261369	109.981	115.393	0.953102
4053	0.00425384	0.210293	79.1326	39.1602	-8.3024	-0.0261359	109.964	115.362	0.953209
4054	0.00425476	0.210238	79.0737	39.1984	-8.29909	-0.026135	109.947	115.332	0.953308
4055	0.00425567	0.210183	79.0151	39.2363	-8.29672	-0.0261341	109.929	115.302	0.953398
4056	0.00425659	0.210129	78.9571	39.2739	-8.29532	-0.0261332	109.91	115.272	0.95348
4057	0.00425751	0.210075	78.8996	39.3111	-8.29495	-0.0261323	109.89	115.242	0.953552
4058	0.00425843	0.210021	78.8425	39.348	-8.29566	-0.0261315	109.869	115.213	0.953615
4059	0.00425934	0.209968	78.7859	39.3846	-8.29737	-0.0261306	109.847	115.184	0.953668
4060	0.00426026	0.209915	78.7299	39.4208	-8.30004	-0.0261297	109.825	115.155	0.953713
4061	0.00426118	0.209863	78.6743	39.4568	-8.30355	-0.0261288	109.801	115.126	0.95375
4062	0.0042621	0.209811	78.6192	39.4924	-8.30782	-0.0261278	109.778	115.097	0.95378
4063	0.00426301	0.209759	78.5646	39.5276	-8.31275	-0.0261268	109.753	115.069	0.953804
4064	0.00426393	0.209708	78.5105	39.5625	-8.31825	-0.0261258	109.729	115.041	0.953822
4065	0.00426485	0.209657	78.4569	39.5971	-8.32432	-0.0261247	109.704	115.013	0.953835
4066	0.00426577	0.209607	78.4038	39.6314	-8.33118	-0.0261236	109.678	114.986	0.95384
4067	0.00426669	0.209557	78.3512	39.6653	-8.34005	-0.0261224	109.65	114.958	0.953828
4068	0.0042676	0.209507	78.2991	39.6989	-8.35191	-0.026121	109.62	114.931	0.953789
4069	0.00426852	0.209458	78.2475	39.7322	-8.36162	-0.0261196	109.592	114.904	0.953768
4070	0.00426944	0.20941	78.1964	39.7651	-8.36945	-0.0261182	109.566	114.877	0.953764
4071	0.00427036	0.209362	78.1458	39.7977	-8.37559	-0.0261167	109.542	114.851	0.953773
4072	0.00427127	0.209314	78.0958	39.8299	-8.38038	-0.0261152	109.519	114.825	0.953794
4073	0.00427219	0.209267	78.0462	39.8618	-8.384	-0.0261137	109.498	114.799	0.953824
4074	0.00427311	0.20922	77.9971	39.8934	-8.38653	-0.0261122	109.478	114.773	0.953863
4075	0.00427403	0.209173	77.9486	39.9246	-8.38807	-0.0261107	109.459	114.748	0.953911
4076	0.00427495	0.209127	77.9006	39.9555	-8.3887	-0.0261092	109.441	114.722	0.953966
4077	0.00427586	0.209082	77.853	39.9861	-8.3885	-0.0261077	109.425	114.697	0.954027
4078	0.00427678	0.209037	77.806	40.0163	-8.38754	-0.0261063	109.409	114.673	0.954095
4079	0.0042777	0.208992	77.7595	40.0462	-8.3832	-0.0261049	109.396	114.648	0.954192
4080	0.00427862	0.208948	77.7135	40.0757	-8.37655	-0.0261037	109.387	114.624	0.954308
4081	0.00427953	0.208904	77.668	40.105	-8.36953	-0.0261024	109.377	114.6	0.954428
4082	0.00428045	0.208861	77.6231	40.1338	-8.36249	-0.0261011	109.368	114.576	0.954546
4083	0.00428137	0.208818	77.5786	40.1624	-8.3556	-0.0260999	109.359	114.553	0.954663
4084	0.00428229	0.208775	77.5347	40.1905	-8.34899	-0.0260986	109.35	114.529	0.954777
4085	0.0042832	0.208734	77.4913	40.2184	-8.34284	-0.0260974	109.341	114.506	0.954887
4086	0.00428412	0.208692	77.4484	40.2459	-8.33726	-0.0260963	109.331	114.484	0.954991
4087	0.00428504	0.208651	77.406	40.2731	-8.3324	-0.0260952	109.321	114.461	0.955088
4088	0.00428596	0.208611	77.3641	40.3	-8.32836	-0.0260941	109.31	114.439	0.955178
4089	0.00428687	0.20857	77.3227	40.3265	-8.3252	-0.0260931	109.298	114.417	0.955259
4090	0.00428779	0.208531	77.2818	40.3526	-8.32299	-0.0260921	109.285	114.395	0.955331
4091	0.00428871	0.208492	77.2415	40.3785	-8.32176	-0.0260912	109.272	114.374	0.955394
4092	0.00428963	0.208453	77.2017	40.404	-8.32157	-0.0260903	109.258	114.353	0.955448
4093	0.00429054	0.208415	77.1623	40.4292	-8.32246	-0.0260893	109.243	114.332	0.955492
4094	0.00429146	0.208377	77.1235	40.454	-8.32437	-0.0260884	109.227	114.311	0.955526
4095	0.00429238	0.20834	77.0852	40.4785	-8.32723	-0.0260874	109.21	114.291	0.955551
4096	0.0042933	0.208303	77.0474	40.5027	-8.33095	-0.0260864	109.193	114.27	0.955568
4097	0.00429422	0.208267	77.0101	40.5266	-8.33543	-0.0260854	109.175	114.25	0.955578
4098	0.00429513	0.208231	76.9733	40.5501	-8.34056	-0.0260844	109.157	114.231	0.955582
4099	0.00429605	0.208195	76.937	40.5733	-8.34629	-0.0260833	109.138	114.211	0.95558
4100	0.00429697	0.20816	76.9012	40.5962	-8.35262	-0.0260822	109.119	114.192	0.955572
4101	0.00429789	0.208126	76.8659	40.6187	-8.35982	-0.026081	109.099	114.173	0.955555
4102	0.0042988	0.208092	76.8311	40.6409	-8.36949	-0.0260798	109.076	114.154	0.955517
4103	0.00429972	0.208058	76.7968	40.6628	-8.38131	-0.0260783	109.052	114.136	0.955459
4104	0.00430064	0.208025	76.763	40.6844	-8.39101	-0.0260768	109.03	114.118	0.955419
4105	0.00430156	0.207992	76.7297	40.7057	-8.39886	-0.0260753	109.01	114.1	0.955394
4106	0.00430248	0.20796	76.6968	40.7267	-8.40504	-0.0260738	108.992	114.082	0.955384
4107	0.00430339	0.207928	76.6644	40.7473	-8.40991	-0.0260723	108.976	114.065	0.955385
4108	0.00430431	0.207897	76.6325	40.7677	-8.41361	-0.0260707	108.961	114.048	0.955395
4109	0.00430523	0.207866	76.6011	40.7877	-8.41623	-0.0260692	108.947	114.031	0.955414
4110	0.00430615	0.207836	76.5702	40.8075	-8.41785	-0.0260676	108.934	114.014	0.955441
4111	0.00430707	0.207806	76.5397	40.8269	-8.41858	-0.0260661	108.922	113.998	0.955476
4112	0.00430798	0.207776	76.5097	40.846	-8.41846	-0.0260646	108.911	113.981	0.955518
4113	0.0043089	0.207747	76.4801	40.8648	-8.41758	-0.0260631	108.901	113.965	0.955565
4114	0.00430982	0.207718	76.451	40.8834	-8.41296	-0.0260617	108.895	113.95	0.955645
4115	0.00431074	0.20769	76.4224	40.9016	-8.40635	-0.0260604	108.892	113.934	0.955742
4116	0.00431165	0.207662	76.3942	40.9196	-8.39941	-0.0260591	108.888	113.919	0.955841
4117	0.00431257	0.207635	76.3665	40.9372	-8.39247	-0.0260578	108.885	113.904	0.955939
4118	0.00431349	0.207608	76.3393	40.9546	-8.38566	-0.0260565	108.882	113.889	0.956036
4119	0.00431441	0.207582	76.3124	40.9716	-8.37915	-0.0260552	108.879	113.875	0.95613
4120	0.00431533	0.207555	76.2861	40.9884	-8.37308	-0.0260539	108.875	113.86	0.956219
4121	0.00431624	0.20753	76.2602	41.0049	-8.3676	-0.0260527	108.871	113.846	0.956303
4122	0.00431716	0.207505	76.2347	41.0211	-8.36284	-0.0260516	108.867	113.832	0.956379
4123	0.00431808	0.20748	76.2096	41.037	-8.35889	-0.0260505	108.862	113.819	0.956448
4124	0.004319	0.207455	76.185	41.0527	-8.35583	-0.0260495	108.856	113.805	0.956509
4125	0.00431991	0.207431	76.1609	41.068	-8.35371	-0.0260484	108.849	113.792	0.956561
4126	0.00432083	0.207408	76.1371	41.0831	-8.35258	-0.0260474	108.842	113.779	0.956604
4127	0.00432175	0.207385	76.1138	41.0979	-8.35249	-0.0260465	108.833	113.767	0.956636
4128	0.00432267	0.207362	76.0909	41.1125	-8.35347	-0.0260455	108.824	113.754	0.956659
4129	0.00432359	0.20734	76.0685	41.1267	-8.35547	-0.0260445	108.814	113.742	0.956673
4130	0.0043245	0.207318	76.0464	41.1407	-8.3584	-0.0260435	108.803	113.73	0.956678
4131	0.00432542	0.207296	76.0248	41.1544	-8.36218	-0.0260424	108.791	113.718	0.956674
4132	0.00432634	0.207275	76.0036	41.1679	-8.3667	-0.0260414	108.779	113.706	0.956664
4133	0.00432726	0.207254	75.9828	41.1811	-8.37186	-0.0260403	108.766	113.695	0.956647
4134	0.00432818	0.207234	75.9624	41.194	-8.37758	-0.0260392	108.753	113.684	0.956625
4135	0.00432909	0.207214	75.9424	41.2067	-8.38386	-0.026038	108.739	113.673	0.956598
4136	0.00433001	0.207194	75.9228	41.2192	-8.39091	-0.0260368	108.725	113.662	0.956563
4137	0.00433093	0.207175	75.9036	41.2314	-8.39989	-0.0260355	108.709	113.652	0.956511
4138	0.00433185	0.207156	75.8847	41.2433	-8.41192	-0.026034	108.69	113.641	0.956431
4139	0.00433276	0.207138	75.8662	41.2551	-8.42178	-0.0260325	108.673	113.631	0.95637
4140	0.00433368	0.20712	75.8481	41.2666	-8.42975	-0.0260309	108.659	113.621	0.956325
4141	0.0043346	0.207102	75.8303	41.2778	-8.43603	-0.0260293	108.646	113.611	0.956295
4142	0.00433552	0.207085	75.8129	41.2889	-8.44094	-0.0260277	108.635	113.602	0.956276
4143	0.00433644	0.207068	75.7958	41.2997	-8.44467	-0.0260261	108.625	113.593	0.956267
4144	0.00433735	0.207051	75.7791	41.3103	-8.4473	-0.0260245	108.616	113.583	0.956267
4145	0.00433827	0.207034	75.7627	41.3207	-8.44893	-0.0260229	108.608	113.574	0.956276
4146	0.00433919	0.207018	75.7467	41.3308	-8.44964	-0.0260213	108.602	113.566	0.956292
4147	0.00434011	0.207003	75.731	41.3408	-8.44952	-0.0260198	108.596	113.557	0.956315
4148	0.00434103	0.206987	75.7156	41.3506	-8.44862	-0.0260182	108.591	113.548	0.956345
4149	0.00434194	0.206972	75.7005	41.3601	-8.44392	-0.0260168	108.591	113.54	0.956407
4150	0.00434286	0.206957	75.6857	41.3695	-8.43728	-0.0260154	108.592	113.532	0.956486
4151	0.00434378	0.206943	75.6713	41.3786	-8.43033	-0.0260141	108.594	113.524	0.956568
4152	0.0043447	0.206929	75.6571	41.3876	-8.42336	-0.0260127	108.595	113.516	0.956649
4153	0.00434562	0.206915	75.6432	41.3964	-8.41652	-0.0260113	108.597	113.509	0.956729
4154	0.00434653	0.206901	75.6297	41.4049	-8.40998	-0.0260099	108.599	113.501	0.956806
4155	0.00434745	0.206888	75.6164	41.4133	-8.40388	-0.0260086	108.6	113.494	0.956878
4156	0.00434837	0.206875	75.6034	41.4216	-8.39837	-0.0260074	108.601	113.487	0.956945
4157	0.00434929	0.206862	75.5907	41.4296	-8.39357	-0.0260062	108.601	113.48	0.957005
4158	0.0043502	0.206849	75.5783	41.4375	-8.38957	-0.026005	108.6	113.473	0.957058
4159	0.00435112	0.206837	75.5661	41.4452	-8.38646	-0.0260039	108.599	113.466	0.957103
4160	0.00435204	0.206825	75.5542	41.4527	-8.38429	-0.0260028	108.597	113.46	0.957139
4161	0.00435296	0.206814	75.5426	41.4601	-8.38309	-0.0260018	108.594	113.453	0.957166
4162	0.00435388	0.206802	75.5312	41.4673	-8.38295	-0.0260007	108.59	113.447	0.957183
4163	0.00435479	0.206791	75.5201	41.4743	-8.38388	-0.0259997	108.584	113.441	0.957191
4164	0.00435571	0.20678	75.5092	41.4811	-8.38582	-0.0259986	108.579	113.435	0.957189
4165	0.00435663	0.206769	75.4986	41.4879	-8.38869	-0.0259976	108.572	113.429	0.957179
4166	0.00435755	0.206759	75.4882	41.4944	-8.39239	-0.0259965	108.564	113.423	0.957161
4167	0.00435847	0.206749	75.4781	41.5008	-8.39683	-0.0259953	108.556	113.418	0.957136
4168	0.00435938	0.206739	75.4682	41.5071	-8.4019	-0.0259942	108.547	113.412	0.957106
4169	0.0043603	0.206729	75.4586	41.5131	-8.40751	-0.025993	108.538	113.407	0.95707
4170	0.00436122	0.206719	75.4492	41.5191	-8.41364	-0.0259918	108.529	113.402	0.957029
4171	0.00436214	0.20671	75.44	41.5249	-8.42043	-0.0259905	108.518	113.396	0.956983
4172	0.00436306	0.206701	75.431	41.5305	-8.42859	-0.0259892	108.507	113.392	0.956923
4173	0.00436397	0.206692	75.4223	41.5361	-8.44092	-0.0259877	108.491	113.387	0.956827
4174	0.00436489	0.206684	75.4138	41.5414	-8.451	-0.0259861	108.478	113.382	0.95675
4175	0.00436581	0.206675	75.4055	41.5467	-8.45914	-0.0259845	108.467	113.377	0.95669
4176	0.00436673	0.206667	75.3975	41.5517	-8.46556	-0.0259829	108.458	113.373	0.956645
4177	0.00436765	0.206659	75.3896	41.5567	-8.47056	-0.0259812	108.45	113.369	0.956613
4178	0.00436856	0.206651	75.382	41.5615	-8.47436	-0.0259796	108.443	113.364	0.95659
4179	0.00436948	0.206644	75.3746	41.5662	-8.47706	-0.0259779	108.438	113.36	0.956577
4180	0.0043704	0.206637	75.3673	41.5707	-8.47874	-0.0259763	108.433	113.356	0.956572
4181	0.00437132	0.20663	75.3603	41.5752	-8.4795	-0.0259747	108.43	113.352	0.956576
4182	0.00437224	0.206623	75.3535	41.5794	-8.47943	-0.0259731	108.428	113.348	0.956586
4183	0.00437316	0.206616	75.347	41.5836	-8.4786	-0.0259715	108.426	113.345	0.956603
4184	0.00437407	0.206609	75.3406	41.5876	-8.47403	-0.02597	108.428	113.341	0.956652
4185	0.00437499	0.206603	75.3344	41.5915	-8.46745	-0.0259686	108.432	113.338	0.956719
4186	0.00437591	0.206597	75.3284	41.5953	-8.46056	-0.0259672	108.437	113.334	0.956789
4187	0.00437683	0.206591	75.3226	41.5989	-8.45366	-0.0259658	108.442	113.331	0.956858
4188	0.00437775	0.206586	75.317	41.6024	-8.44689	-0.0259644	108.447	113.328	0.956926
4189	0.00437866	0.20658	75.3116	41.6058	-8.44043	-0.025963	108.451	113.325	0.95699
4190	0.00437958	0.206575	75.3064	41.6091	-8.43441	-0.0259617	108.455	113.322	0.957051
4191	0.0043805	0.20657	75.3014	41.6122	-8.42898	-0.0259604	108.459	113.319	0.957106
4192	0.00438142	0.206565	75.2966	41.6153	-8.42426	-0.0259592	108.462	113.317	0.957155
4193	0.00438234	0.20656	75.2919	41.6182	-8.42036	-0.025958	108.464	113.314	0.957196
4194	0.00438325	0.206555	75.2875	41.621	-8.41735	-0.0259569	108.465	113.312	0.957229
4195	0.00438417	0.206551	75.2832	41.6237	-8.41528	-0.0259558	108.466	113.309	0.957254
4196	0.00438509	0.206547	75.2791	41.6262	-8.41419	-0.0259547	108.465	113.307	0.957269
4197	0.00438601	0.206543	75.2752	41.6287	-8.41418	-0.0259537	108.464	113.305	0.957275
4198	0.00438693	0.206539	75.2715	41.631	-8.41524	-0.0259526	108.461	113.303	0.957271
4199	0.00438784	0.206535	75.2679	41.6333	-8.41731	-0.0259515	108.458	113.301	0.957258
4200	0.00438876	0.206532	75.2645	41.6354	-8.42032	-0.0259504	108.454	113.299	0.957236
4201	0.00438968	0.206528	75.2612	41.6374	-8.42418	-0.0259493	108.449	113.297	0.957207
4202	0.0043906	0.206525	75.2581	41.6394	-8.42878	-0.0259482	108.443	113.295	0.957171
4203	0.00439152	0.206522	75.2552	41.6412	-8.434	-0.0259471	108.436	113.293	0.957129
4204	0.00439244	0.206519	75.2525	41.6429	-8.43975	-0.0259459	108.43	113.292	0.957083
4205	0.00439335	0.206517	75.2499	41.6445	-8.44601	-0.0259446	108.422	113.29	0.957031
4206	0.00439427	0.206514	75.2475	41.646	-8.45287	-0.0259434	108.415	113.289	0.956974
4207	0.00439519	0.206512	75.2452	41.6474	-8.46086	-0.025942	108.406	113.288	0.956907
4208	0.00439611	0.20651	75.2431	41.6487	-8.47358	-0.0259405	108.392	113.287	0.956798
4209	0.00439703	0.206508	75.2412	41.6499	-8.48401	-0.0259389	108.381	113.285	0.956709
4210	0.00439795	0.206506	75.2394	41.651	-8.49246	-0.0259373	108.372	113.284	0.956637
4211	0.00439886	0.206504	75.2377	41.6521	-8.49917	-0.0259357	108.365	113.283	0.95658
4212	0.00439978	0.206502	75.2361	41.653	-8.50441	-0.025934	108.359	113.283	0.956536
4213	0.0044007	0.206501	75.2347	41.6539	-8.50843	-0.0259324	108.354	113.282	0.956503
4214	0.00440162	0.206499	75.2334	41.6547	-8.51133	-0.0259307	108.351	113.281	0.956479
4215	0.00440254	0.206498	75.2322	41.6554	-8.51319	-0.025929	108.349	113.28	0.956465
4216	0.00440346	0.206497	75.2311	41.6561	-8.51411	-0.0259274	108.347	113.28	0.956458
4217	0.00440437	0.206496	75.2301	41.6567	-8.51418	-0.0259257	108.347	113.279	0.956459
4218	0.00440529	0.206495	75.2293	41.6572	-8.51347	-0.0259241	108.347	113.279	0.956467
4219	0.00440621	0.206494	75.2285	41.6577	-8.50898	-0.0259227	108.351	113.278	0.956507
4220	0.00440713	0.206494	75.2279	41.6581	-8.50248	-0.0259212	108.358	113.278	0.956566
4221	0.00440805	0.206493	75.2273	41.6584	-8.49566	-0.0259198	108.364	113.277	0.956627
4222	0.00440896	0.206492	75.2269	41.6587	-8.4888	-0.0259183	108.371	113.277	0.956688
4223	0.00440988	0.206492	75.2265	41.6589	-8.48206	-0.0259169	108.377	113.277	0.956748
4224	0.0044108	0.206492	75.2263	41.659	-8.47558	-0.0259155	108.384	113.277	0.956806
4225	0.00441172	0.206491	75.2261	41.6591	-8.46952	-0.0259141	108.39	113.277	0.95686
4226	0.00441264	0.206491	75.226	41.6591	-8.46402	-0.0259128	108.395	113.276	0.956909
4227	0.00441356	0.206491	75.2261	41.6591	-8.45921	-0.0259115	108.4	113.276	0.956951
4228	0.00441447	0.206491	75.2262	41.659	-8.45518	-0.0259103	108.404	113.276	0.956987
4229	0.00441539	0.206491	75.2263	41.6589	-8.45201	-0.0259091	108.407	113.277	0.957014
4230	0.00441631	0.206492	75.2265	41.6587	-8.44976	-0.025908	108.41	113.277	0.957034
4231	0.00441723	0.206492	75.2268	41.6585	-8.44846	-0.0259069	108.411	113.277	0.957045
4232	0.00441815	0.206492	75.2271	41.6583	-8.44822	-0.0259057	108.411	113.277	0.957047
4233	0.00441907	0.206493	75.2275	41.6581	-8.44902	-0.0259046	108.411	113.277	0.957039
4234	0.00441998	0.206493	75.228	41.6578	-8.45082	-0.0259035	108.409	113.277	0.957023
4235	0.0044209	0.206493	75.2285	41.6574	-8.45352	-0.0259024	108.406	113.278	0.956998
4236	0.00442182	0.206494	75.2291	41.657	-8.45705	-0.0259012	108.403	113.278	0.956967
4237	0.00442274	0.206495	75.2297	41.6566	-8.46129	-0.0259	108.399	113.278	0.956928
4238	0.00442366	0.206495	75.2304	41.6561	-8.46613	-0.0258988	108.395	113.279	0.956885
4239	0.00442458	0.206496	75.2312	41.6556	-8.47147	-0.0258976	108.389	113.279	0.956836
4240	0.00442549	0.206497	75.2321	41.655	-8.47726	-0.0258963	108.384	113.279	0.956784
4241	0.00442641	0.206498	75.2331	41.6544	-8.48358	-0.025895	108.378	113.28	0.956727
4242	0.00442733	0.206499	75.2342	41.6537	-8.49075	-0.0258936	108.371	113.281	0.956662
4243	0.00442825	0.2065	75.2354	41.6529	-8.50154	-0.0258921	108.361	113.281	0.956566
4244	0.00442917	0.206501	75.2366	41.6521	-8.51206	-0.0258905	108.351	113.282	0.956471
4245	0.00443009	0.206502	75.238	41.6512	-8.5205	-0.0258888	108.343	113.282	0.956395
4246	0.00443101	0.206504	75.2395	41.6502	-8.52711	-0.0258871	108.337	113.283	0.956334
4247	0.00443192	0.206505	75.2411	41.6492	-8.53212	-0.0258854	108.332	113.284	0.956288
4248	0.00443284	0.206507	75.2428	41.6481	-8.53585	-0.0258837	108.329	113.285	0.956253
4249	0.00443376	0.206509	75.2446	41.6469	-8.53843	-0.025882	108.327	113.286	0.956228
4250	0.00443468	0.20651	75.2465	41.6456	-8.53994	-0.0258803	108.326	113.287	0.956212
4251	0.0044356	0.206512	75.2485	41.6443	-8.54046	-0.0258786	108.326	113.288	0.956204
4252	0.00443652	0.206514	75.2507	41.6429	-8.54011	-0.0258769	108.328	113.289	0.956205
4253	0.00443743	0.206517	75.253	41.6414	-8.53895	-0.0258753	108.33	113.29	0.956212
4254	0.00443835	0.206519	75.2554	41.6398	-8.53466	-0.0258737	108.335	113.292	0.956246
4255	0.00443927	0.206521	75.258	41.6382	-8.52775	-0.0258723	108.343	113.293	0.956304
4256	0.00444019	0.206524	75.2607	41.6364	-8.52044	-0.0258708	108.351	113.294	0.956365
4257	0.00444111	0.206527	75.2635	41.6346	-8.51306	-0.0258693	108.359	113.296	0.956426
4258	0.00444203	0.20653	75.2664	41.6327	-8.50575	-0.0258678	108.367	113.297	0.956486
4259	0.00444294	0.206533	75.2695	41.6307	-8.49868	-0.0258663	108.376	113.299	0.956545
4260	0.00444386	0.206536	75.2727	41.6286	-8.49199	-0.0258649	108.383	113.301	0.956599
4261	0.00444478	0.206539	75.276	41.6265	-8.48582	-0.0258636	108.391	113.303	0.956649
4262	0.0044457	0.206542	75.2795	41.6242	-8.48031	-0.0258623	108.398	113.304	0.956693
4263	0.00444662	0.206546	75.2831	41.6219	-8.47555	-0.025861	108.404	113.306	0.95673
4264	0.00444754	0.206549	75.2869	41.6195	-8.47163	-0.0258598	108.409	113.308	0.95676
4265	0.00444846	0.206553	75.2908	41.6169	-8.4686	-0.0258586	108.413	113.31	0.956781
4266	0.00444937	0.206557	75.2949	41.6143	-8.4665	-0.0258575	108.417	113.313	0.956794
4267	0.00445029	0.206561	75.299	41.6116	-8.46543	-0.0258564	108.419	113.315	0.956798
4268	0.00445121	0.206566	75.3034	41.6088	-8.4654	-0.0258552	108.421	113.317	0.956792
4269	0.00445213	0.20657	75.3079	41.6059	-8.46635	-0.0258541	108.422	113.32	0.956777
4270	0.00445305	0.206574	75.3125	41.603	-8.46821	-0.025853	108.421	113.322	0.956755
4271	0.00445397	0.206579	75.3173	41.5999	-8.47088	-0.0258518	108.42	113.325	0.956724
4272	0.00445489	0.206584	75.3222	41.5967	-8.47427	-0.0258506	108.419	113.327	0.956688
4273	0.0044558	0.206589	75.3272	41.5935	-8.47826	-0.0258494	108.417	113.33	0.956646
4274	0.00445672	0.206594	75.3324	41.5901	-8.48274	-0.0258482	108.414	113.333	0.956599
4275	0.00445764	0.206599	75.3378	41.5867	-8.48764	-0.025847	108.411	113.336	0.956548
4276	0.00445856	0.206604	75.3433	41.5831	-8.49295	-0.0258457	108.408	113.339	0.956494
4277	0.00445948	0.20661	75.3489	41.5795	-8.49884	-0.0258443	108.404	113.342	0.956434
4278	0.0044604	0.206616	75.3547	41.5758	-8.50616	-0.0258429	108.398	113.345	0.956362
4279	0.00446132	0.206621	75.3606	41.572	-8.51693	-0.0258413	108.39	113.348	0.956259
4280	0.00446224	0.206627	75.3667	41.5681	-8.52544	-0.0258397	108.383	113.351	0.956175
4281	0.00446315	0.206633	75.3729	41.5641	-8.532	-0.025838	108.379	113.354	0.956109
4282	0.00446407	0.20664	75.3792	41.56	-8.53681	-0.0258363	108.377	113.358	0.956057
4283	0.00446499	0.206646	75.3857	41.5559	-8.5402	-0.0258346	108.376	113.361	0.956019
4284	0.00446591	0.206653	75.3923	41.5516	-8.54238	-0.025833	108.376	113.365	0.95599
4285	0.00446683	0.206659	75.3991	41.5473	-8.54345	-0.0258313	108.377	113.369	0.955972
4286	0.00446775	0.206666	75.406	41.5428	-8.54349	-0.0258296	108.38	113.372	0.955962
4287	0.00446867	0.206673	75.413	41.5383	-8.5426	-0.0258279	108.383	113.376	0.95596
4288	0.00446959	0.20668	75.4202	41.5337	-8.54087	-0.0258263	108.387	113.38	0.955965
4289	0.00447051	0.206687	75.4275	41.5291	-8.5384	-0.0258247	108.392	113.384	0.955977
4290	0.00447142	0.206694	75.4349	41.5243	-8.5314	-0.0258233	108.402	113.388	0.956028
4291	0.00447234	0.206702	75.4425	41.5194	-8.52332	-0.0258218	108.413	113.392	0.956089
4292	0.00447326	0.206709	75.4502	41.5145	-8.51507	-0.0258203	108.424	113.396	0.956151
4293	0.00447418	0.206717	75.458	41.5095	-8.50683	-0.0258189	108.435	113.4	0.956213
4294	0.0044751	0.206725	75.4659	41.5044	-8.49874	-0.0258174	108.446	113.405	0.956274
4295	0.00447602	0.206733	75.4739	41.4993	-8.49095	-0.025816	108.456	113.409	0.956331
4296	0.00447694	0.206741	75.4821	41.494	-8.48359	-0.0258147	108.467	113.413	0.956385
4297	0.00447786	0.206749	75.4904	41.4887	-8.4768	-0.0258134	108.477	113.418	0.956433
4298	0.00447877	0.206757	75.4988	41.4833	-8.47071	-0.0258121	108.486	113.422	0.956475
4299	0.00447969	0.206766	75.5073	41.4779	-8.46539	-0.0258109	108.494	113.427	0.956511
4300	0.00448061	0.206774	75.5159	41.4724	-8.46092	-0.0258097	108.502	113.432	0.956538
4301	0.00448153	0.206783	75.5247	41.4668	-8.45734	-0.0258086	108.508	113.436	0.956558
4302	0.00448245	0.206791	75.5335	41.4611	-8.45471	-0.0258075	108.514	113.441	0.956569
4303	0.00448337	0.2068	75.5425	41.4554	-8.45311	-0.0258065	108.519	113.446	0.95657
4304	0.00448429	0.206809	75.5516	41.4496	-8.45251	-0.0258054	108.523	113.451	0.956563
4305	0.00448521	0.206818	75.5607	41.4437	-8.45283	-0.0258043	108.526	113.456	0.956548
4306	0.00448613	0.206827	75.57	41.4378	-8.45399	-0.0258032	108.528	113.461	0.956525
4307	0.00448705	0.206836	75.5793	41.4318	-8.45589	-0.0258021	108.529	113.466	0.956495
4308	0.00448796	0.206846	75.5888	41.4257	-8.45842	-0.025801	108.53	113.471	0.956459
4309	0.00448888	0.206855	75.5983	41.4196	-8.46147	-0.0257998	108.531	113.476	0.956419
4310	0.0044898	0.206865	75.608	41.4134	-8.46491	-0.0257986	108.531	113.481	0.956376
4311	0.00449072	0.206874	75.6177	41.4072	-8.46866	-0.0257974	108.53	113.486	0.956329
4312	0.00449164	0.206884	75.6275	41.4009	-8.4727	-0.0257962	108.53	113.492	0.95628
4313	0.00449256	0.206894	75.6374	41.3946	-8.47706	-0.0257949	108.529	113.497	0.956228
4314	0.00449348	0.206903	75.6474	41.3882	-8.48203	-0.0257936	108.528	113.503	0.956171
4315	0.0044944	0.206913	75.6575	41.3818	-8.48968	-0.0257922	108.524	113.508	0.956089
4316	0.00449532	0.206923	75.6676	41.3753	-8.49782	-0.0257906	108.519	113.513	0.956004
4317	0.00449624	0.206933	75.6778	41.3687	-8.50384	-0.0257891	108.517	113.519	0.955937
4318	0.00449716	0.206943	75.6881	41.3622	-8.508	-0.0257875	108.516	113.524	0.955886
4319	0.00449808	0.206954	75.6985	41.3555	-8.51055	-0.0257859	108.518	113.53	0.955849
4320	0.004499	0.206964	75.7089	41.3488	-8.51181	-0.0257843	108.52	113.536	0.955824
4321	0.00449992	0.206974	75.7194	41.3421	-8.51196	-0.0257827	108.524	113.541	0.955808
4322	0.00450084	0.206985	75.73	41.3354	-8.51109	-0.0257812	108.528	113.547	0.955801
4323	0.00450176	0.206995	75.7406	41.3286	-8.5093	-0.0257796	108.534	113.553	0.955802
4324	0.00450267	0.207006	75.7513	41.3217	-8.50668	-0.0257781	108.541	113.559	0.955811
4325	0.00450359	0.207016	75.762	41.3149	-8.50333	-0.0257766	108.548	113.564	0.955826
4326	0.00450451	0.207027	75.7728	41.308	-8.49561	-0.0257753	108.559	113.57	0.955879
4327	0.00450543	0.207038	75.7837	41.301	-8.48676	-0.0257739	108.572	113.576	0.955942
4328	0.00450635	0.207048	75.7946	41.294	-8.47775	-0.0257725	108.585	113.582	0.956006
4329	0.00450727	0.207059	75.8055	41.287	-8.46876	-0.0257712	108.598	113.588	0.95607
4330	0.00450819	0.20707	75.8165	41.28	-8.45993	-0.0257698	108.611	113.594	0.956133
4331	0.00450911	0.207081	75.8276	41.2729	-8.45139	-0.0257686	108.623	113.6	0.956193
4332	0.00451003	0.207092	75.8387	41.2658	-8.44328	-0.0257673	108.635	113.606	0.956249
4333	0.00451095	0.207103	75.8498	41.2587	-8.43574	-0.0257662	108.647	113.612	0.9563
4334	0.00451187	0.207114	75.861	41.2516	-8.42887	-0.025765	108.658	113.618	0.956345
4335	0.00451279	0.207125	75.8722	41.2444	-8.42278	-0.025764	108.668	113.624	0.956383
4336	0.00451371	0.207136	75.8835	41.2372	-8.41754	-0.025763	108.677	113.63	0.956414
4337	0.00451463	0.207147	75.8948	41.23	-8.41317	-0.025762	108.686	113.636	0.956437
4338	0.00451555	0.207158	75.9061	41.2227	-8.40976	-0.0257611	108.693	113.642	0.956452
4339	0.00451647	0.207169	75.9175	41.2154	-8.40738	-0.0257602	108.7	113.648	0.956457
4340	0.00451739	0.20718	75.9289	41.2082	-8.40599	-0.0257593	108.705	113.654	0.956454
4341	0.00451831	0.207192	75.9403	41.2009	-8.40553	-0.0257583	108.71	113.661	0.956442
4342	0.00451923	0.207203	75.9517	41.1936	-8.40591	-0.0257574	108.714	113.667	0.956423
4343	0.00452015	0.207214	75.9632	41.1862	-8.40704	-0.0257565	108.717	113.673	0.956398
4344	0.00452107	0.207226	75.9747	41.1789	-8.40879	-0.0257556	108.719	113.679	0.956366
4345	0.00452199	0.207237	75.9862	41.1715	-8.41104	-0.0257546	108.721	113.685	0.956331
4346	0.00452291	0.207248	75.9977	41.1641	-8.41368	-0.0257536	108.722	113.692	0.956292
4347	0.00452383	0.207259	76.0092	41.1568	-8.41658	-0.0257526	108.724	113.698	0.956251
4348	0.00452475	0.207271	76.0208	41.1494	-8.41968	-0.0257516	108.725	113.704	0.956208
4349	0.00452567	0.207282	76.0324	41.142	-8.42291	-0.0257505	108.726	113.71	0.956163
4350	0.00452659	0.207294	76.0439	41.1346	-8.42623	-0.0257494	108.727	113.717	0.956119
4351	0.00452751	0.207305	76.0555	41.1272	-8.42965	-0.0257483	108.727	113.723	0.956073
4352	0.00452843	0.207316	76.0671	41.1197	-8.43343	-0.0257472	108.728	113.729	0.956024
4353	0.00452935	0.207328	76.0787	41.1123	-8.43915	-0.025746	108.726	113.735	0.955958
4354	0.00453027	0.207339	76.0904	41.1049	-8.44579	-0.0257446	108.724	113.742	0.955883
4355	0.00453119	0.207351	76.102	41.0975	-8.45025	-0.0257433	108.723	113.748	0.955828
4356	0.00453211	0.207362	76.1136	41.09	-8.45292	-0.025742	108.725	113.754	0.955789
4357	0.00453303	0.207373	76.1252	41.0826	-8.4541	-0.0257406	108.728	113.76	0.955763
4358	0.00453395	0.207385	76.1368	41.0751	-8.4541	-0.0257393	108.732	113.767	0.955747
4359	0.00453487	0.207396	76.1485	41.0677	-8.45309	-0.025738	108.737	113.773	0.95574
4360	0.00453579	0.207408	76.1601	41.0603	-8.4512	-0.0257367	108.743	113.779	0.955741
4361	0.00453671	0.207419	76.1717	41.0528	-8.44854	-0.0257354	108.75	113.785	0.955749
4362	0.00453763	0.207431	76.1833	41.0454	-8.44519	-0.0257341	108.758	113.792	0.955763
4363	0.00453856	0.207442	76.1949	41.038	-8.43793	-0.025733	108.769	113.798	0.955811
4364	0.00453948	0.207453	76.2065	41.0306	-8.42919	-0.0257319	108.782	113.804	0.955872
4365	0.0045404	0.207465	76.2181	41.0232	-8.42025	-0.0257307	108.795	113.81	0.955935
4366	0.00454132	0.207476	76.2297	41.0157	-8.41134	-0.0257296	108.808	113.817	0.955997
4367	0.00454224	0.207487	76.2413	41.0083	-8.40261	-0.0257285	108.821	113.823	0.956058
4368	0.00454316	0.207499	76.2529	41.0009	-8.39417	-0.0257274	108.834	113.829	0.956117
4369	0.00454408	0.20751	76.2644	40.9936	-8.38616	-0.0257264	108.846	113.835	0.956171
4370	0.004545	0.207521	76.2759	40.9862	-8.3787	-0.0257254	108.858	113.842	0.956221
4371	0.00454592	0.207533	76.2875	40.9788	-8.3719	-0.0257246	108.869	113.848	0.956266
4372	0.00454684	0.207544	76.299	40.9714	-8.36585	-0.0257237	108.879	113.854	0.956303
4373	0.00454776	0.207555	76.3105	40.9641	-8.36062	-0.025723	108.888	113.86	0.956334
4374	0.00454868	0.207566	76.3219	40.9568	-8.35625	-0.0257222	108.897	113.866	0.956356
4375	0.0045496	0.207578	76.3334	40.9494	-8.35276	-0.0257216	108.904	113.872	0.956372
4376	0.00455052	0.207589	76.3448	40.9421	-8.35029	-0.0257209	108.911	113.879	0.956378
4377	0.00455145	0.2076	76.3562	40.9348	-8.3488	-0.0257203	108.917	113.885	0.956376
4378	0.00455237	0.207611	76.3676	40.9275	-8.34823	-0.0257196	108.921	113.891	0.956365
4379	0.00455329	0.207622	76.379	40.9202	-8.34849	-0.025719	108.925	113.897	0.956348
4380	0.00455421	0.207633	76.3903	40.913	-8.34949	-0.0257183	108.928	113.903	0.956324
4381	0.00455513	0.207645	76.4017	40.9057	-8.35111	-0.0257177	108.931	113.909	0.956294
4382	0.00455605	0.207656	76.413	40.8985	-8.35322	-0.025717	108.933	113.915	0.95626
4383	0.00455697	0.207667	76.4243	40.8913	-8.35569	-0.0257163	108.934	113.921	0.956223
4384	0.00455789	0.207678	76.4355	40.8841	-8.35842	-0.0257156	108.935	113.927	0.956184
4385	0.00455882	0.207689	76.4468	40.8769	-8.36131	-0.0257148	108.937	113.933	0.956144
4386	0.00455974	0.2077	76.458	40.8697	-8.36427	-0.0257141	108.938	113.939	0.956103
4387	0.00456066	0.207711	76.4692	40.8625	-8.36719	-0.0257133	108.939	113.945	0.956062
4388	0.00456158	0.207721	76.4803	40.8554	-8.36998	-0.0257125	108.94	113.951	0.956023
4389	0.0045625	0.207732	76.4914	40.8483	-8.37254	-0.0257116	108.941	113.957	0.955985
4390	0.00456342	0.207743	76.5025	40.8412	-8.37481	-0.0257108	108.943	113.963	0.955951
4391	0.00456434	0.207754	76.5136	40.8341	-8.37675	-0.02571	108.945	113.969	0.955919
4392	0.00456527	0.207765	76.5247	40.827	-8.3783	-0.0257091	108.948	113.975	0.95589
4393	0.00456619	0.207776	76.5357	40.8199	-8.37943	-0.0257083	108.95	113.981	0.955866
4394	0.00456711	0.207786	76.5467	40.8129	-8.38012	-0.0257074	108.954	113.987	0.955845
4395	0.00456803	0.207797	76.5576	40.8059	-8.3803	-0.0257066	108.958	113.993	0.955829
4396	0.00456895	0.207808	76.5686	40.7989	-8.3799	-0.0257057	108.962	113.999	0.955818
4397	0.00456987	0.207818	76.5795	40.7919	-8.37877	-0.0257049	108.967	114.004	0.955813
4398	0.00457079	0.207829	76.5903	40.7849	-8.37675	-0.0257041	108.973	114.01	0.955816
4399	0.00457172	0.20784	76.6012	40.778	-8.3738	-0.0257033	108.98	114.016	0.955828
4400	0.00457264	0.20785	76.612	40.7711	-8.37007	-0.0257025	108.987	114.022	0.955846
4401	0.00457356	0.207861	76.6228	40.7642	-8.36579	-0.0257017	108.995	114.028	0.955869
4402	0.00457448	0.207871	76.6335	40.7573	-8.36119	-0.0257009	109.004	114.033	0.955895
4403	0.0045754	0.207881	76.6442	40.7504	-8.35644	-0.0257001	109.013	114.039	0.955923
4404	0.00457632	0.207892	76.6549	40.7436	-8.3517	-0.0256994	109.021	114.045	0.95595
4405	0.00457725	0.207902	76.6655	40.7368	-8.34707	-0.0256986	109.03	114.05	0.955976
4406	0.00457817	0.207913	76.6761	40.73	-8.34266	-0.0256979	109.038	114.056	0.956001
4407	0.00457909	0.207923	76.6867	40.7232	-8.33854	-0.0256972	109.046	114.062	0.956023
4408	0.00458001	0.207933	76.6972	40.7165	-8.33479	-0.0256965	109.053	114.067	0.956042
4409	0.00458093	0.207943	76.7077	40.7098	-8.33145	-0.0256959	109.06	114.073	0.956057
4410	0.00458186	0.207954	76.7181	40.7031	-8.32858	-0.0256952	109.067	114.079	0.956068
4411	0.00458278	0.207964	76.7285	40.6964	-8.3262	-0.0256947	109.073	114.084	0.956076
4412	0.0045837	0.207974	76.7389	40.6898	-8.32434	-0.0256941	109.079	114.09	0.956078
4413	0.00458462	0.207984	76.7492	40.6832	-8.323	-0.0256936	109.084	114.095	0.956076
4414	0.00458554	0.207994	76.7595	40.6766	-8.32218	-0.0256931	109.088	114.101	0.95607
4415	0.00458647	0.208004	76.7698	40.67	-8.32187	-0.0256926	109.092	114.106	0.956059
4416	0.00458739	0.208014	76.7799	40.6635	-8.32204	-0.0256921	109.096	114.112	0.956044
4417	0.00458831	0.208024	76.7901	40.657	-8.32265	-0.0256916	109.099	114.117	0.956025
4418	0.00458923	0.208033	76.8002	40.6505	-8.32365	-0.0256911	109.101	114.122	0.956003
4419	0.00459015	0.208043	76.8103	40.6441	-8.325	-0.0256906	109.104	114.128	0.955978
4420	0.00459108	0.208053	76.8203	40.6376	-8.32661	-0.0256901	109.106	114.133	0.95595
4421	0.004592	0.208063	76.8303	40.6313	-8.32841	-0.0256896	109.107	114.138	0.955921
4422	0.00459292	0.208072	76.8402	40.6249	-8.33032	-0.0256891	109.109	114.144	0.955891
4423	0.00459384	0.208082	76.8501	40.6186	-8.33227	-0.0256885	109.111	114.149	0.955861
4424	0.00459477	0.208092	76.8599	40.6123	-8.33418	-0.025688	109.112	114.154	0.955832
4425	0.00459569	0.208101	76.8697	40.606	-8.33598	-0.0256874	109.114	114.16	0.955803
4426	0.00459661	0.208111	76.8794	40.5998	-8.3376	-0.0256868	109.116	114.165	0.955776
4427	0.00459753	0.20812	76.8891	40.5936	-8.33899	-0.0256862	109.118	114.17	0.955751
4428	0.00459846	0.208129	76.8987	40.5874	-8.34008	-0.0256856	109.12	114.175	0.955729
4429	0.00459938	0.208139	76.9083	40.5812	-8.34081	-0.025685	109.123	114.18	0.95571
4430	0.0046003	0.208148	76.9178	40.5751	-8.34115	-0.0256844	109.126	114.185	0.955694
4431	0.00460122	0.208157	76.9273	40.569	-8.34102	-0.0256838	109.13	114.19	0.955683
4432	0.00460214	0.208166	76.9368	40.563	-8.34042	-0.0256832	109.134	114.195	0.955676
4433	0.00460307	0.208175	76.9462	40.557	-8.33932	-0.0256826	109.138	114.2	0.955673
4434	0.00460399	0.208184	76.9555	40.551	-8.33776	-0.025682	109.143	114.205	0.955674
4435	0.00460491	0.208193	76.9648	40.545	-8.33579	-0.0256815	109.148	114.21	0.955679
4436	0.00460583	0.208202	76.974	40.5391	-8.3335	-0.0256809	109.154	114.215	0.955687
4437	0.00460676	0.208211	76.9832	40.5332	-8.33099	-0.0256804	109.16	114.22	0.955697
4438	0.00460768	0.20822	76.9923	40.5274	-8.32836	-0.0256798	109.166	114.225	0.955708
4439	0.0046086	0.208229	77.0014	40.5215	-8.3257	-0.0256793	109.172	114.23	0.95572
4440	0.00460952	0.208238	77.0105	40.5157	-8.32309	-0.0256788	109.177	114.235	0.95573
4441	0.00461045	0.208247	77.0194	40.51	-8.32061	-0.0256783	109.183	114.239	0.95574
4442	0.00461137	0.208255	77.0284	40.5043	-8.3183	-0.0256778	109.189	114.244	0.955749
4443	0.00461229	0.208264	77.0373	40.4986	-8.31623	-0.0256773	109.194	114.249	0.955755
4444	0.00461321	0.208272	77.0461	40.4929	-8.31442	-0.0256769	109.199	114.254	0.95576
4445	0.00461414	0.208281	77.0549	40.4873	-8.31293	-0.0256764	109.204	114.258	0.955761
4446	0.00461506	0.208289	77.0636	40.4817	-8.31175	-0.025676	109.208	114.263	0.95576
4447	0.00461598	0.208298	77.0723	40.4761	-8.31091	-0.0256756	109.212	114.267	0.955756
4448	0.00461691	0.208306	77.0809	40.4706	-8.31041	-0.0256752	109.215	114.272	0.955749
4449	0.00461783	0.208314	77.0895	40.4651	-8.31025	-0.0256748	109.219	114.277	0.955739
4450	0.00461875	0.208323	77.098	40.4596	-8.31041	-0.0256744	109.222	114.281	0.955727
4451	0.00461967	0.208331	77.1065	40.4542	-8.31088	-0.0256741	109.224	114.286	0.955712
4452	0.0046206	0.208339	77.1149	40.4488	-8.31163	-0.0256737	109.226	114.29	0.955694
4453	0.00462152	0.208347	77.1233	40.4434	-8.31262	-0.0256733	109.228	114.295	0.955674
4454	0.00462244	0.208355	77.1316	40.438	-8.31383	-0.0256729	109.23	114.299	0.955653
4455	0.00462336	0.208363	77.1399	40.4327	-8.31519	-0.0256725	109.232	114.303	0.95563
4456	0.00462429	0.208371	77.1481	40.4275	-8.31667	-0.0256721	109.233	114.308	0.955607
4457	0.00462521	0.208379	77.1563	40.4222	-8.3182	-0.0256717	109.235	114.312	0.955583
4458	0.00462613	0.208387	77.1644	40.417	-8.31974	-0.0256713	109.236	114.316	0.955559
4459	0.00462706	0.208395	77.1725	40.4118	-8.32124	-0.0256709	109.237	114.321	0.955535
4460	0.00462798	0.208403	77.1805	40.4067	-8.32264	-0.0256705	109.239	114.325	0.955512
4461	0.0046289	0.20841	77.1884	40.4016	-8.32391	-0.02567	109.24	114.329	0.955491
4462	0.00462983	0.208418	77.1964	40.3965	-8.32499	-0.0256696	109.242	114.333	0.955471
4463	0.00463075	0.208426	77.2042	40.3915	-8.32586	-0.0256692	109.244	114.338	0.955453
4464	0.00463167	0.208433	77.212	40.3865	-8.32648	-0.0256688	109.246	114.342	0.955438
4465	0.00463259	0.208441	77.2198	40.3815	-8.32683	-0.0256683	109.249	114.346	0.955424
4466	0.00463352	0.208448	77.2275	40.3765	-8.32691	-0.0256679	109.251	114.35	0.955414
4467	0.00463444	0.208455	77.2351	40.3716	-8.3267	-0.0256675	109.254	114.354	0.955406
4468	0.00463536	0.208463	77.2427	40.3668	-8.32623	-0.0256671	109.258	114.358	0.9554
4469	0.00463629	0.20847	77.2502	40.3619	-8.32551	-0.0256667	109.261	114.362	0.955396
4470	0.00463721	0.208477	77.2577	40.3571	-8.3246	-0.0256663	109.265	114.366	0.955395
4471	0.00463813	0.208484	77.2651	40.3524	-8.32353	-0.0256659	109.268	114.37	0.955394
4472	0.00463906	0.208492	77.2725	40.3476	-8.32237	-0.0256655	109.272	114.374	0.955395
4473	0.00463998	0.208499	77.2798	40.343	-8.32115	-0.0256651	109.276	114.378	0.955396
4474	0.0046409	0.208506	77.2871	40.3383	-8.31994	-0.0256647	109.28	114.381	0.955397
4475	0.00464183	0.208513	77.2943	40.3337	-8.31877	-0.0256644	109.284	114.385	0.955398
4476	0.00464275	0.20852	77.3014	40.3291	-8.31768	-0.025664	109.287	114.389	0.955399
4477	0.00464367	0.208526	77.3085	40.3246	-8.31672	-0.0256637	109.291	114.393	0.955398
4478	0.00464459	0.208533	77.3155	40.3201	-8.31592	-0.0256633	109.294	114.397	0.955396
4479	0.00464552	0.20854	77.3225	40.3156	-8.3153	-0.025663	109.297	114.4	0.955392
4480	0.00464644	0.208547	77.3294	40.3112	-8.31487	-0.0256627	109.3	114.404	0.955387
4481	0.00464736	0.208553	77.3362	40.3068	-8.31466	-0.0256624	109.303	114.408	0.95538
4482	0.00464829	0.20856	77.343	40.3024	-8.31466	-0.0256621	109.305	114.411	0.955371
4483	0.00464921	0.208566	77.3497	40.2981	-8.31488	-0.0256618	109.307	114.415	0.95536
4484	0.00465013	0.208573	77.3564	40.2938	-8.31531	-0.0256615	109.309	114.418	0.955348
4485	0.00465106	0.208579	77.363	40.2896	-8.31594	-0.0256612	109.311	114.422	0.955334
4486	0.00465198	0.208585	77.3695	40.2854	-8.31675	-0.0256609	109.313	114.425	0.955319
4487	0.0046529	0.208592	77.376	40.2812	-8.31772	-0.0256606	109.314	114.429	0.955302
4488	0.00465383	0.208598	77.3824	40.2771	-8.31883	-0.0256603	109.315	114.432	0.955284
4489	0.00465475	0.208604	77.3887	40.2731	-8.32004	-0.0256599	109.316	114.435	0.955265
4490	0.00465567	0.20861	77.395	40.269	-8.32132	-0.0256596	109.317	114.439	0.955246
4491	0.0046566	0.208616	77.4012	40.265	-8.32264	-0.0256593	109.318	114.442	0.955226
4492	0.00465752	0.208622	77.4074	40.2611	-8.32397	-0.025659	109.319	114.445	0.955207
4493	0.00465844	0.208628	77.4135	40.2572	-8.32525	-0.0256587	109.32	114.449	0.955187
4494	0.00465937	0.208634	77.4195	40.2533	-8.32647	-0.0256583	109.321	114.452	0.955169
4495	0.00466029	0.208639	77.4255	40.2495	-8.3276	-0.025658	109.322	114.455	0.955151
4496	0.00466121	0.208645	77.4314	40.2457	-8.3286	-0.0256576	109.323	114.458	0.955135
4497	0.00466214	0.208651	77.4372	40.242	-8.32946	-0.0256573	109.324	114.461	0.95512
4498	0.00466306	0.208656	77.443	40.2383	-8.33016	-0.025657	109.325	114.464	0.955106
4499	0.00466398	0.208662	77.4487	40.2346	-8.33069	-0.0256566	109.327	114.467	0.955095
4500	0.00466491	0.208667	77.4544	40.231	-8.33103	-0.0256563	109.329	114.47	0.955084
4501	0.00466583	0.208673	77.4599	40.2274	-8.3312	-0.0256559	109.33	114.473	0.955076
4502	0.00466675	0.208678	77.4655	40.2238	-8.33121	-0.0256556	109.332	114.476	0.955068
4503	0.00466768	0.208683	77.4709	40.2203	-8.33107	-0.0256553	109.335	114.479	0.955062
4504	0.0046686	0.208689	77.4763	40.2169	-8.33082	-0.0256549	109.337	114.482	0.955058
4505	0.00466952	0.208694	77.4817	40.2134	-8.33047	-0.0256546	109.339	114.485	0.955054
4506	0.00467045	0.208699	77.487	40.2101	-8.33006	-0.0256543	109.341	114.487	0.955051
4507	0.00467137	0.208704	77.4922	40.2067	-8.32962	-0.025654	109.344	114.49	0.955048
4508	0.00467229	0.208709	77.4973	40.2034	-8.32919	-0.0256536	109.346	114.493	0.955045
4509	0.00467322	0.208714	77.5024	40.2001	-8.32879	-0.0256533	109.348	114.496	0.955042
4510	0.00467414	0.208719	77.5075	40.1969	-8.32844	-0.025653	109.35	114.498	0.955038
4511	0.00467507	0.208723	77.5125	40.1937	-8.32818	-0.0256527	109.352	114.501	0.955034
4512	0.00467599	0.208728	77.5174	40.1905	-8.32802	-0.0256524	109.354	114.504	0.955029
4513	0.00467691	0.208733	77.5223	40.1874	-8.32799	-0.0256522	109.356	114.506	0.955023
4514	0.00467784	0.208738	77.5271	40.1843	-8.32808	-0.0256519	109.358	114.509	0.955016
4515	0.00467876	0.208742	77.5318	40.1813	-8.32832	-0.0256516	109.359	114.511	0.955008
4516	0.00467968	0.208747	77.5365	40.1783	-8.32871	-0.0256513	109.36	114.514	0.954999
4517	0.00468061	0.208751	77.5411	40.1753	-8.32924	-0.025651	109.362	114.516	0.954988
4518	0.00468153	0.208755	77.5457	40.1724	-8.32991	-0.0256508	109.363	114.519	0.954977
4519	0.00468245	0.20876	77.5502	40.1695	-8.33071	-0.0256505	109.363	114.521	0.954964
4520	0.00468338	0.208764	77.5546	40.1667	-8.33164	-0.0256502	109.364	114.523	0.95495
4521	0.0046843	0.208768	77.559	40.1638	-8.33266	-0.0256499	109.365	114.526	0.954935
4522	0.00468522	0.208773	77.5633	40.1611	-8.33378	-0.0256496	109.365	114.528	0.95492
4523	0.00468615	0.208777	77.5676	40.1583	-8.33496	-0.0256494	109.365	114.53	0.954904
4524	0.00468707	0.208781	77.5718	40.1556	-8.33618	-0.0256491	109.366	114.532	0.954888
4525	0.00468799	0.208785	77.576	40.153	-8.33743	-0.0256488	109.366	114.535	0.954872
4526	0.00468892	0.208789	77.5801	40.1503	-8.33867	-0.0256485	109.366	114.537	0.954856
4527	0.00468984	0.208793	77.5841	40.1477	-8.33988	-0.0256482	109.366	114.539	0.95484
4528	0.00469077	0.208796	77.5881	40.1452	-8.34105	-0.0256478	109.367	114.541	0.954825
4529	0.00469169	0.2088	77.5921	40.1427	-8.34214	-0.0256475	109.367	114.543	0.95481
4530	0.00469261	0.208804	77.5959	40.1402	-8.34314	-0.0256472	109.367	114.545	0.954796
4531	0.00469354	0.208808	77.5997	40.1377	-8.34403	-0.0256469	109.368	114.547	0.954784
4532	0.00469446	0.208811	77.6035	40.1353	-8.34481	-0.0256466	109.368	114.549	0.954772
4533	0.00469538	0.208815	77.6072	40.1329	-8.34547	-0.0256462	109.369	114.551	0.954762
4534	0.00469631	0.208818	77.6109	40.1306	-8.346	-0.0256459	109.37	114.553	0.954752
4535	0.00469723	0.208822	77.6144	40.1283	-8.34642	-0.0256456	109.371	114.555	0.954744
4536	0.00469816	0.208825	77.618	40.126	-8.34672	-0.0256453	109.372	114.557	0.954737
4537	0.00469908	0.208829	77.6214	40.1238	-8.34694	-0.0256449	109.373	114.559	0.954731
4538	0.0047	0.208832	77.6249	40.1216	-8.34708	-0.0256446	109.374	114.56	0.954725
4539	0.00470093	0.208835	77.6282	40.1195	-8.34716	-0.0256443	109.375	114.562	0.95472
4540	0.00470185	0.208838	77.6315	40.1173	-8.34721	-0.025644	109.376	114.564	0.954715
4541	0.00470277	0.208842	77.6348	40.1153	-8.34725	-0.0256437	109.377	114.566	0.954711
4542	0.0047037	0.208845	77.638	40.1132	-8.3473	-0.0256434	109.378	114.567	0.954706
4543	0.00470462	0.208848	77.6412	40.1112	-8.34738	-0.0256431	109.379	114.569	0.954701
4544	0.00470554	0.208851	77.6443	40.1092	-8.34751	-0.0256428	109.38	114.571	0.954696
4545	0.00470647	0.208854	77.6473	40.1072	-8.34771	-0.0256425	109.381	114.572	0.954691
4546	0.00470739	0.208857	77.6503	40.1053	-8.34799	-0.0256422	109.382	114.574	0.954684
4547	0.00470832	0.208859	77.6533	40.1034	-8.34836	-0.0256419	109.383	114.576	0.954677
4548	0.00470924	0.208862	77.6562	40.1015	-8.34883	-0.0256416	109.383	114.577	0.95467
4549	0.00471016	0.208865	77.6591	40.0997	-8.3494	-0.0256413	109.384	114.579	0.954661
4550	0.00471109	0.208868	77.6619	40.0979	-8.35008	-0.025641	109.384	114.58	0.954651
4551	0.00471201	0.20887	77.6647	40.0961	-8.35087	-0.0256408	109.384	114.582	0.954641
4552	0.00471293	0.208873	77.6674	40.0944	-8.35176	-0.0256405	109.384	114.583	0.95463
4553	0.00471386	0.208876	77.6701	40.0926	-8.35273	-0.0256402	109.384	114.584	0.954618
4554	0.00471478	0.208878	77.6727	40.0909	-8.35379	-0.0256399	109.384	114.586	0.954605
4555	0.00471571	0.208881	77.6753	40.0893	-8.35492	-0.0256396	109.384	114.587	0.954592
4556	0.00471663	0.208883	77.6779	40.0876	-8.35611	-0.0256393	109.384	114.589	0.954578
4557	0.00471755	0.208886	77.6804	40.086	-8.35733	-0.025639	109.383	114.59	0.954564
4558	0.00471848	0.208888	77.6829	40.0844	-8.35857	-0.0256387	109.383	114.591	0.95455
4559	0.0047194	0.20889	77.6854	40.0828	-8.35982	-0.0256384	109.383	114.593	0.954536
4560	0.00472033	0.208893	77.6878	40.0813	-8.36106	-0.0256381	109.382	114.594	0.954522
4561	0.00472125	0.208895	77.6902	40.0798	-8.36226	-0.0256378	109.382	114.595	0.954509
4562	0.00472217	0.208897	77.6925	40.0783	-8.36342	-0.0256374	109.382	114.596	0.954496
4563	0.0047231	0.2089	77.6948	40.0768	-8.36451	-0.0256371	109.381	114.598	0.954483
4564	0.00472402	0.208902	77.6971	40.0753	-8.36553	-0.0256368	109.381	114.599	0.954471
4565	0.00472494	0.208904	77.6993	40.0739	-8.36647	-0.0256365	109.381	114.6	0.95446
4566	0.00472587	0.208906	77.7015	40.0725	-8.36732	-0.0256361	109.381	114.601	0.95445
4567	0.00472679	0.208908	77.7037	40.0711	-8.36807	-0.0256358	109.381	114.602	0.954441
4568	0.00472772	0.20891	77.7058	40.0697	-8.36874	-0.0256355	109.381	114.603	0.954432
4569	0.00472864	0.208912	77.7079	40.0684	-8.36932	-0.0256352	109.381	114.605	0.954425
4570	0.00472956	0.208914	77.71	40.0671	-8.36983	-0.0256348	109.382	114.606	0.954417
4571	0.00473049	0.208916	77.712	40.0658	-8.37027	-0.0256345	109.382	114.607	0.954411
4572	0.00473141	0.208918	77.714	40.0645	-8.37066	-0.0256342	109.382	114.608	0.954405
4573	0.00473234	0.20892	77.716	40.0632	-8.37102	-0.0256339	109.383	114.609	0.954399
4574	0.00473326	0.208922	77.718	40.0619	-8.37135	-0.0256335	109.383	114.61	0.954394
4575	0.00473418	0.208924	77.7199	40.0607	-8.37169	-0.0256332	109.383	114.611	0.954389
4576	0.00473511	0.208926	77.7218	40.0595	-8.37204	-0.0256329	109.384	114.612	0.954383
4577	0.00473603	0.208927	77.7237	40.0583	-8.37242	-0.0256326	109.384	114.613	0.954377
4578	0.00473696	0.208929	77.7255	40.0571	-8.37284	-0.0256323	109.384	114.614	0.954371
4579	0.00473788	0.208931	77.7273	40.056	-8.37332	-0.025632	109.384	114.615	0.954365
4580	0.0047388	0.208933	77.7291	40.0548	-8.37387	-0.0256316	109.384	114.616	0.954358
4581	0.00473973	0.208934	77.7308	40.0537	-8.37448	-0.0256313	109.384	114.617	0.95435
4582	0.00474065	0.208936	77.7326	40.0526	-8.37517	-0.025631	109.384	114.618	0.954342
4583	0.00474158	0.208938	77.7343	40.0515	-8.37595	-0.0256307	109.384	114.618	0.954333
4584	0.0047425	0.208939	77.736	40.0504	-8.3768	-0.0256304	109.384	114.619	0.954323
4585	0.00474342	0.208941	77.7376	40.0493	-8.37774	-0.0256301	109.384	114.62	0.954313
4586	0.00474435	0.208942	77.7392	40.0483	-8.37874	-0.0256298	109.383	114.621	0.954302
4587	0.00474527	0.208944	77.7409	40.0473	-8.37982	-0.0256295	109.383	114.622	0.954291
4588	0.0047462	0.208946	77.7424	40.0463	-8.38095	-0.0256291	109.382	114.623	0.954279
4589	0.00474712	0.208947	77.744	40.0453	-8.38213	-0.0256288	109.381	114.624	0.954267
4590	0.00474804	0.208948	77.7455	40.0443	-8.38335	-0.0256285	109.381	114.624	0.954254
4591	0.00474897	0.20895	77.747	40.0433	-8.3846	-0.0256282	109.38	114.625	0.954241
4592	0.00474989	0.208951	77.7485	40.0423	-8.38585	-0.0256278	109.379	114.626	0.954229
4593	0.00475082	0.208953	77.75	40.0414	-8.38711	-0.0256275	109.379	114.627	0.954216
4594	0.00475174	0.208954	77.7514	40.0405	-8.38834	-0.0256272	109.378	114.628	0.954203
4595	0.00475266	0.208956	77.7529	40.0396	-8.38955	-0.0256268	109.377	114.628	0.954191
4596	0.00475359	0.208957	77.7543	40.0387	-8.39073	-0.0256265	109.377	114.629	0.954179
4597	0.00475451	0.208958	77.7557	40.0378	-8.39185	-0.0256262	109.376	114.63	0.954167
4598	0.00475544	0.20896	77.757	40.0369	-8.39291	-0.0256258	109.375	114.63	0.954156
4599	0.00475636	0.208961	77.7583	40.036	-8.39392	-0.0256255	109.375	114.631	0.954146
4600	0.00475728	0.208962	77.7597	40.0352	-8.39486	-0.0256251	109.374	114.632	0.954136
4601	0.00475821	0.208963	77.7609	40.0344	-8.39573	-0.0256248	109.374	114.633	0.954127
4602	0.00475913	0.208965	77.7622	40.0336	-8.39654	-0.0256244	109.374	114.633	0.954118
4603	0.00476006	0.208966	77.7635	40.0328	-8.3973	-0.0256241	109.373	114.634	0.95411
4604	0.00476098	0.208967	77.7647	40.032	-8.39801	-0.0256237	109.373	114.635	0.954102
4605	0.0047619	0.208968	77.7659	40.0312	-8.39868	-0.0256234	109.373	114.635	0.954095
4606	0.00476283	0.208969	77.7671	40.0305	-8.39932	-0.025623	109.373	114.636	0.954087
4607	0.00476375	0.20897	77.7682	40.0297	-8.39995	-0.0256227	109.372	114.636	0.95408
4608	0.00476468	0.208972	77.7694	40.029	-8.40057	-0.0256223	109.372	114.637	0.954074
4609	0.0047656	0.208973	77.7705	40.0282	-8.40121	-0.025622	109.372	114.638	0.954067
4610	0.00476653	0.208974	77.7716	40.0275	-8.40187	-0.0256217	109.372	114.638	0.954059
4611	0.00476745	0.208975	77.7727	40.0268	-8.40256	-0.0256213	109.371	114.639	0.954052
4612	0.00476837	0.208976	77.7738	40.0262	-8.4033	-0.025621	109.371	114.639	0.954044
4613	0.0047693	0.208977	77.7748	40.0255	-8.4041	-0.0256206	109.371	114.64	0.954036
4614	0.00477022	0.208978	77.7758	40.0248	-8.40495	-0.0256203	109.37	114.64	0.954027
4615	0.00477115	0.208979	77.7768	40.0242	-8.40587	-0.02562	109.37	114.641	0.954018
4616	0.00477207	0.20898	77.7778	40.0236	-8.40686	-0.0256196	109.369	114.642	0.954008
4617	0.00477299	0.208981	77.7788	40.0229	-8.40792	-0.0256193	109.368	114.642	0.953997
4618	0.00477392	0.208982	77.7797	40.0223	-8.40905	-0.025619	109.367	114.643	0.953986
4619	0.00477484	0.208982	77.7807	40.0217	-8.41025	-0.0256186	109.367	114.643	0.953975
4620	0.00477577	0.208983	77.7816	40.0211	-8.41151	-0.0256183	109.366	114.644	0.953963
4621	0.00477669	0.208984	77.7826	40.0205	-8.41282	-0.0256179	109.365	114.644	0.95395
4622	0.00477762	0.208985	77.7835	40.0199	-8.41419	-0.0256176	109.364	114.644	0.953937
4623	0.00477854	0.208986	77.7844	40.0194	-8.41559	-0.0256172	109.363	114.645	0.953923
4624	0.00477946	0.208987	77.7853	40.0188	-8.41702	-0.0256169	109.361	114.645	0.95391
4625	0.00478039	0.208988	77.7862	40.0182	-8.41848	-0.0256165	109.36	114.646	0.953896
4626	0.00478131	0.208989	77.787	40.0176	-8.41994	-0.0256162	109.359	114.646	0.953882
4627	0.00478224	0.208989	77.7879	40.0171	-8.4214	-0.0256158	109.358	114.647	0.953868
4628	0.00478316	0.20899	77.7888	40.0165	-8.42284	-0.0256155	109.357	114.647	0.953855
4629	0.00478409	0.208991	77.7896	40.016	-8.42426	-0.0256151	109.356	114.648	0.953841
4630	0.00478501	0.208992	77.7905	40.0155	-8.42565	-0.0256147	109.355	114.648	0.953828
4631	0.00478593	0.208993	77.7913	40.0149	-8.42699	-0.0256144	109.354	114.649	0.953815
4632	0.00478686	0.208993	77.7921	40.0144	-8.42829	-0.025614	109.353	114.649	0.953803
4633	0.00478778	0.208994	77.7929	40.0138	-8.42954	-0.0256136	109.352	114.649	0.953791
4634	0.00478871	0.208995	77.7938	40.0133	-8.43075	-0.0256133	109.351	114.65	0.953779
4635	0.00478963	0.208996	77.7946	40.0128	-8.43189	-0.0256129	109.35	114.65	0.953768
4636	0.00479056	0.208997	77.7954	40.0123	-8.433	-0.0256125	109.349	114.651	0.953758
4637	0.00479148	0.208997	77.7961	40.0118	-8.43406	-0.0256122	109.348	114.651	0.953748
4638	0.0047924	0.208998	77.7969	40.0113	-8.43508	-0.0256118	109.348	114.652	0.953738
4639	0.00479333	0.208999	77.7977	40.0108	-8.43607	-0.0256114	109.347	114.652	0.953728
4640	0.00479425	0.208999	77.7984	40.0104	-8.43704	-0.0256111	109.346	114.652	0.953719
4641	0.00479518	0.209	77.7991	40.0099	-8.43801	-0.0256107	109.345	114.653	0.953709
4642	0.0047961	0.209001	77.7998	40.0095	-8.43897	-0.0256103	109.345	114.653	0.9537
4643	0.00479703	0.209001	77.8004	40.009	-8.43994	-0.02561	109.344	114.653	0.953691
4644	0.00479795	0.209002	77.8011	40.0086	-8.44093	-0.0256096	109.343	114.654	0.953681
4645	0.00479887	0.209003	77.8018	40.0082	-8.44195	-0.0256092	109.342	114.654	0.953672
4646	0.0047998	0.209003	77.8024	40.0078	-8.44301	-0.0256089	109.342	114.654	0.953662
4647	0.00480072	0.209004	77.803	40.0074	-8.4441	-0.0256085	109.341	114.655	0.953651
4648	0.00480165	0.209005	77.8036	40.007	-8.44525	-0.0256081	109.34	114.655	0.95364
4649	0.00480257	0.209005	77.8042	40.0067	-8.44644	-0.0256078	109.339	114.655	0.953629
4650	0.0048035	0.209006	77.8048	40.0063	-8.44768	-0.0256074	109.338	114.656	0.953618
4651	0.00480442	0.209006	77.8053	40.0059	-8.44898	-0.025607	109.337	114.656	0.953606
4652	0.00480534	0.209007	77.8059	40.0056	-8.45032	-0.0256067	109.336	114.656	0.953593
4653	0.00480627	0.209007	77.8064	40.0052	-8.45171	-0.0256063	109.334	114.657	0.95358
4654	0.00480719	0.209008	77.8069	40.0049	-8.45315	-0.0256059	109.333	114.657	0.953567
4655	0.00480812	0.209008	77.8074	40.0046	-8.45463	-0.0256055	109.332	114.657	0.953554
4656	0.00480904	0.209009	77.8079	40.0043	-8.45613	-0.0256051	109.33	114.657	0.95354
4657	0.00480997	0.209009	77.8084	40.0039	-8.45766	-0.0256048	109.329	114.658	0.953526
4658	0.00481089	0.20901	77.8089	40.0036	-8.45921	-0.0256044	109.328	114.658	0.953512
4659	0.00481181	0.20901	77.8093	40.0034	-8.46076	-0.025604	109.326	114.658	0.953498
4660	0.00481274	0.209011	77.8098	40.0031	-8.46231	-0.0256036	109.325	114.658	0.953484
4661	0.00481366	0.209011	77.8102	40.0028	-8.46384	-0.0256032	109.324	114.659	0.95347
4662	0.00481459	0.209011	77.8106	40.0025	-8.46536	-0.0256028	109.322	114.659	0.953456
4663	0.00481551	0.209012	77.811	40.0023	-8.46684	-0.0256024	109.321	114.659	0.953443
4664	0.00481644	0.209012	77.8114	40.0021	-8.46829	-0.025602	109.32	114.659	0.95343
4665	0.00481736	0.209012	77.8118	40.0018	-8.4697	-0.0256016	109.318	114.659	0.953417
4666	0.00481829	0.209013	77.8121	40.0016	-8.47107	-0.0256012	109.317	114.66	0.953404
4667	0.00481921	0.209013	77.8124	40.0014	-8.4724	-0.0256007	109.316	114.66	0.953392
4668	0.00482013	0.209013	77.8128	40.0012	-8.47367	-0.0256003	109.315	114.66	0.953381
4669	0.00482106	0.209014	77.8131	40.001	-8.47491	-0.0255999	109.314	114.66	0.95337
4670	0.00482198	0.209014	77.8134	40.0008	-8.4761	-0.0255995	109.312	114.66	0.953359
4671	0.00482291	0.209014	77.8136	40.0006	-8.47726	-0.0255991	109.311	114.66	0.953348
4672	0.00482383	0.209015	77.8139	40.0005	-8.47839	-0.0255986	109.31	114.661	0.953338
4673	0.00482476	0.209015	77.8141	40.0003	-8.4795	-0.0255982	109.309	114.661	0.953328
4674	0.00482568	0.209015	77.8143	40.0002	-8.4806	-0.0255978	109.308	114.661	0.953318
4675	0.00482661	0.209015	77.8146	40.0001	-8.48169	-0.0255973	109.307	114.661	0.953309
4676	0.00482753	0.209015	77.8147	39.9999	-8.48279	-0.0255969	109.306	114.661	0.953299
4677	0.00482845	0.209016	77.8149	39.9998	-8.4839	-0.0255965	109.305	114.661	0.953289
4678	0.00482938	0.209016	77.815	39.9998	-8.48504	-0.0255961	109.304	114.661	0.953279
4679	0.0048303	0.209016	77.8152	39.9997	-8.4862	-0.0255956	109.303	114.661	0.953269
4680	0.00483123	0.209016	77.8153	39.9996	-8.48739	-0.0255952	109.302	114.661	0.953258
4681	0.00483215	0.209016	77.8153	39.9996	-8.48862	-0.0255948	109.301	114.661	0.953247
4682	0.00483308	0.209016	77.8154	39.9995	-8.48989	-0.0255943	109.299	114.661	0.953236
4683	0.004834	0.209016	77.8154	39.9995	-8.4912	-0.0255939	109.298	114.662	0.953224
4684	0.00483493	0.209016	77.8154	39.9995	-8.49256	-0.0255934	109.297	114.662	0.953213
4685	0.00483585	0.209016	77.8154	39.9995	-8.49396	-0.025593	109.295	114.662	0.9532
4686	0.00483677	0.209016	77.8154	39.9996	-8.4954	-0.0255926	109.294	114.662	0.953188
4687	0.0048377	0.209016	77.8154	39.9996	-8.49688	-0.0255921	109.292	114.662	0.953175
4688	0.00483862	0.209016	77.8153	39.9996	-8.49839	-0.0255917	109.291	114.661	0.953162
4689	0.00483955	0.209016	77.8152	39.9997	-8.49992	-0.0255912	109.289	114.661	0.953149
4690	0.00484047	0.209016	77.8152	39.9997	-8.50148	-0.0255907	109.288	114.661	0.953135
4691	0.0048414	0.209016	77.815	39.9998	-8.50306	-0.0255903	109.286	114.661	0.953121
4692	0.00484232	0.209016	77.8149	39.9999	-8.50464	-0.0255898	109.285	114.661	0.953108
4693	0.00484325	0.209016	77.8148	40	-8.50622	-0.0255893	109.283	114.661	0.953094
4694	0.00484417	0.209015	77.8146	40.0001	-8.5078	-0.0255889	109.281	114.661	0.953081
4695	0.00484509	0.209015	77.8145	40.0002	-8.50936	-0.0255884	109.28	114.661	0.953067
4696	0.00484602	0.209015	77.8143	40.0003	-8.5109	-0.0255879	109.278	114.661	0.953054
4697	0.00484694	0.209015	77.8141	40.0005	-8.51242	-0.0255874	109.277	114.661	0.953041
4698	0.00484787	0.209015	77.8138	40.0006	-8.51391	-0.025587	109.275	114.661	0.953028
4699	0.00484879	0.209015	77.8136	40.0008	-8.51536	-0.0255865	109.273	114.661	0.953016
4700	0.00484972	0.209014	77.8133	40.001	-8.51678	-0.025586	109.272	114.661	0.953004
4701	0.00485064	0.209014	77.813	40.0011	-8.51816	-0.0255855	109.27	114.66	0.952992
4702	0.00485157	0.209014	77.8127	40.0013	-8.5195	-0.025585	109.269	114.66	0.952981
4703	0.00485249	0.209013	77.8124	40.0015	-8.52082	-0.0255845	109.268	114.66	0.95297
4704	0.00485342	0.209013	77.8121	40.0018	-8.5221	-0.025584	109.266	114.66	0.952959
4705	0.00485434	0.209013	77.8117	40.002	-8.52336	-0.0255835	109.265	114.66	0.952948
4706	0.00485526	0.209012	77.8114	40.0022	-8.5246	-0.025583	109.263	114.66	0.952938
4707	0.00485619	0.209012	77.811	40.0025	-8.52582	-0.0255825	109.262	114.659	0.952928
4708	0.00485711	0.209012	77.8106	40.0028	-8.52704	-0.025582	109.261	114.659	0.952918
4709	0.00485804	0.209011	77.8101	40.003	-8.52826	-0.0255815	109.259	114.659	0.952908
4710	0.00485896	0.209011	77.8097	40.0033	-8.52948	-0.025581	109.258	114.659	0.952898
4711	0.00485989	0.209011	77.8092	40.0036	-8.53072	-0.0255805	109.257	114.658	0.952887
4712	0.00486081	0.20901	77.8088	40.0039	-8.53198	-0.02558	109.255	114.658	0.952877
4713	0.00486174	0.20901	77.8083	40.0043	-8.53326	-0.0255795	109.254	114.658	0.952866
4714	0.00486266	0.209009	77.8078	40.0046	-8.53457	-0.025579	109.252	114.658	0.952856
4715	0.00486359	0.209009	77.8072	40.0049	-8.53591	-0.0255785	109.251	114.657	0.952844
4716	0.00486451	0.209008	77.8067	40.0053	-8.53729	-0.025578	109.249	114.657	0.952833
4717	0.00486544	0.209008	77.8062	40.0056	-8.5387	-0.0255775	109.248	114.657	0.952822
4718	0.00486636	0.209007	77.8056	40.006	-8.54015	-0.025577	109.246	114.657	0.95281
4719	0.00486728	0.209007	77.805	40.0064	-8.54163	-0.0255765	109.244	114.656	0.952797
4720	0.00486821	0.209006	77.8044	40.0068	-8.54315	-0.025576	109.242	114.656	0.952785
4721	0.00486913	0.209005	77.8038	40.0071	-8.54469	-0.0255754	109.241	114.656	0.952772
4722	0.00487006	0.209005	77.8032	40.0075	-8.54626	-0.0255749	109.239	114.655	0.952759
4723	0.00487098	0.209004	77.8026	40.008	-8.54785	-0.0255744	109.237	114.655	0.952746
4724	0.00487191	0.209004	77.8019	40.0084	-8.54946	-0.0255739	109.235	114.655	0.952733
4725	0.00487283	0.209003	77.8013	40.0088	-8.55107	-0.0255733	109.233	114.654	0.95272
4726	0.00487376	0.209002	77.8006	40.0092	-8.55269	-0.0255728	109.232	114.654	0.952706
4727	0.00487468	0.209002	77.7999	40.0097	-8.55431	-0.0255723	109.23	114.654	0.952693
4728	0.00487561	0.209001	77.7992	40.0101	-8.55592	-0.0255717	109.228	114.653	0.95268
4729	0.00487653	0.209	77.7985	40.0106	-8.55752	-0.0255712	109.226	114.653	0.952667
4730	0.00487746	0.209	77.7978	40.0111	-8.5591	-0.0255707	109.224	114.653	0.952654
4731	0.00487838	0.208999	77.7971	40.0115	-8.56065	-0.0255701	109.222	114.652	0.952641
4732	0.0048793	0.208998	77.7963	40.012	-8.56218	-0.0255696	109.221	114.652	0.952629
4733	0.00488023	0.208998	77.7956	40.0125	-8.56368	-0.025569	109.219	114.651	0.952617
4734	0.00488115	0.208997	77.7948	40.013	-8.56516	-0.0255685	109.217	114.651	0.952605
4735	0.00488208	0.208996	77.7941	40.0135	-8.5666	-0.0255679	109.215	114.651	0.952593
4736	0.004883	0.208996	77.7933	40.014	-8.56802	-0.0255674	109.214	114.65	0.952582
4737	0.00488393	0.208995	77.7925	40.0145	-8.56941	-0.0255668	109.212	114.65	0.952571
4738	0.00488485	0.208994	77.7917	40.015	-8.57078	-0.0255663	109.21	114.649	0.95256
4739	0.00488578	0.208993	77.7909	40.0155	-8.57213	-0.0255657	109.209	114.649	0.952549
4740	0.0048867	0.208992	77.7901	40.016	-8.57346	-0.0255652	109.207	114.649	0.952538
4741	0.00488763	0.208992	77.7893	40.0166	-8.57479	-0.0255646	109.206	114.648	0.952528
4742	0.00488855	0.208991	77.7885	40.0171	-8.57611	-0.0255641	109.204	114.648	0.952517
4743	0.00488948	0.20899	77.7877	40.0176	-8.57744	-0.0255635	109.202	114.647	0.952507
4744	0.0048904	0.208989	77.7869	40.0181	-8.57877	-0.0255629	109.201	114.647	0.952496
4745	0.00489133	0.208989	77.786	40.0187	-8.58011	-0.0255624	109.199	114.646	0.952485
4746	0.00489225	0.208988	77.7852	40.0192	-8.58147	-0.0255618	109.197	114.646	0.952475
4747	0.00489318	0.208987	77.7843	40.0198	-8.58285	-0.0255613	109.196	114.646	0.952464
4748	0.0048941	0.208986	77.7835	40.0203	-8.58426	-0.0255607	109.194	114.645	0.952453
4749	0.00489503	0.208985	77.7826	40.0209	-8.58568	-0.0255601	109.192	114.645	0.952441
4750	0.00489595	0.208985	77.7818	40.0214	-8.58714	-0.0255596	109.191	114.644	0.95243
4751	0.00489688	0.208984	77.7809	40.022	-8.58862	-0.025559	109.189	114.644	0.952418
4752	0.0048978	0.208983	77.78	40.0225	-8.59013	-0.0255584	109.187	114.643	0.952406
4753	0.00489872	0.208982	77.7792	40.0231	-8.59166	-0.0255579	109.185	114.643	0.952393
4754	0.00489965	0.208981	77.7783	40.0237	-8.59322	-0.0255573	109.183	114.642	0.952381
4755	0.00490057	0.20898	77.7774	40.0242	-8.5948	-0.0255567	109.181	114.642	0.952368
4756	0.0049015	0.20898	77.7766	40.0248	-8.59639	-0.0255562	109.179	114.641	0.952355
4757	0.00490242	0.208979	77.7757	40.0254	-8.598	-0.0255556	109.177	114.641	0.952342
4758	0.00490335	0.208978	77.7748	40.0259	-8.59962	-0.025555	109.176	114.641	0.952329
4759	0.00490427	0.208977	77.7739	40.0265	-8.60124	-0.0255544	109.174	114.64	0.952316
4760	0.0049052	0.208976	77.7731	40.0271	-8.60286	-0.0255538	109.172	114.64	0.952303
4761	0.00490612	0.208975	77.7722	40.0276	-8.60448	-0.0255532	109.17	114.639	0.95229
4762	0.00490705	0.208975	77.7713	40.0282	-8.60609	-0.0255527	109.168	114.639	0.952277
4763	0.00490797	0.208974	77.7704	40.0288	-8.60769	-0.0255521	109.166	114.638	0.952265
4764	0.0049089	0.208973	77.7695	40.0293	-8.60927	-0.0255515	109.164	114.638	0.952252
4765	0.00490982	0.208972	77.7686	40.0299	-8.61083	-0.0255509	109.162	114.637	0.952239
4766	0.00491075	0.208971	77.7678	40.0305	-8.61237	-0.0255503	109.16	114.637	0.952227
4767	0.00491167	0.20897	77.7669	40.031	-8.61389	-0.0255497	109.158	114.636	0.952215
4768	0.0049126	0.208969	77.766	40.0316	-8.61539	-0.0255491	109.157	114.636	0.952203
4769	0.00491352	0.208969	77.7651	40.0322	-8.61688	-0.0255485	109.155	114.635	0.952191
4770	0.00491445	0.208968	77.7642	40.0327	-8.61834	-0.0255479	109.153	114.635	0.952179
4771	0.00491537	0.208967	77.7633	40.0333	-8.61978	-0.0255473	109.151	114.635	0.952168
4772	0.0049163	0.208966	77.7625	40.0339	-8.62121	-0.0255466	109.15	114.634	0.952157
4773	0.00491722	0.208965	77.7616	40.0345	-8.62264	-0.025546	109.148	114.634	0.952145
4774	0.00491815	0.208964	77.7607	40.035	-8.62405	-0.0255454	109.146	114.633	0.952134
4775	0.00491907	0.208964	77.7598	40.0356	-8.62547	-0.0255448	109.144	114.633	0.952123
4776	0.00492	0.208963	77.7589	40.0362	-8.62688	-0.0255442	109.143	114.632	0.952112
4777	0.00492092	0.208962	77.758	40.0367	-8.6283	-0.0255436	109.141	114.632	0.9521
4778	0.00492185	0.208961	77.7572	40.0373	-8.62973	-0.025543	109.139	114.631	0.952089
4779	0.00492277	0.20896	77.7563	40.0379	-8.63118	-0.0255423	109.137	114.631	0.952077
4780	0.0049237	0.208959	77.7554	40.0384	-8.63264	-0.0255417	109.136	114.63	0.952066
4781	0.00492462	0.208959	77.7545	40.039	-8.63412	-0.0255411	109.134	114.63	0.952054
4782	0.00492555	0.208958	77.7536	40.0396	-8.63562	-0.0255405	109.132	114.629	0.952042
4783	0.00492647	0.208957	77.7527	40.0402	-8.63714	-0.0255399	109.13	114.629	0.95203
4784	0.0049274	0.208956	77.7518	40.0407	-8.63868	-0.0255392	109.128	114.629	0.952018
4785	0.00492832	0.208955	77.7509	40.0413	-8.64024	-0.0255386	109.126	114.628	0.952005
4786	0.00492925	0.208954	77.7501	40.0419	-8.64183	-0.025538	109.125	114.628	0.951992
4787	0.00493017	0.208953	77.7492	40.0425	-8.64343	-0.0255374	109.123	114.627	0.95198
4788	0.0049311	0.208953	77.7483	40.043	-8.64505	-0.0255367	109.121	114.627	0.951967
4789	0.00493202	0.208952	77.7474	40.0436	-8.64668	-0.0255361	109.119	114.626	0.951953
4790	0.00493295	0.208951	77.7465	40.0442	-8.64832	-0.0255355	109.117	114.626	0.95194
4791	0.00493387	0.20895	77.7456	40.0448	-8.64997	-0.0255348	109.115	114.625	0.951927
4792	0.0049348	0.208949	77.7447	40.0454	-8.65162	-0.0255342	109.113	114.625	0.951914
4793	0.00493572	0.208948	77.7438	40.0459	-8.65327	-0.0255336	109.111	114.624	0.9519
4794	0.00493665	0.208947	77.7429	40.0465	-8.65492	-0.0255329	109.109	114.624	0.951887
4795	0.00493757	0.208947	77.742	40.0471	-8.65656	-0.0255323	109.107	114.623	0.951874
4796	0.0049385	0.208946	77.7411	40.0477	-8.65818	-0.0255317	109.105	114.623	0.951861
4797	0.00493942	0.208945	77.7402	40.0483	-8.6598	-0.025531	109.103	114.622	0.951848
4798	0.00494035	0.208944	77.7393	40.0488	-8.6614	-0.0255304	109.101	114.622	0.951835
4799	0.00494127	0.208943	77.7384	40.0494	-8.66298	-0.0255297	109.099	114.621	0.951822
4800	0.0049422	0.208942	77.7375	40.05	-8.66454	-0.0255291	109.097	114.621	0.95181
4801	0.00494312	0.208941	77.7366	40.0506	-8.66609	-0.0255285	109.096	114.621	0.951798
4802	0.00494405	0.208941	77.7357	40.0512	-8.66762	-0.0255278	109.094	114.62	0.951785
4803	0.00494498	0.20894	77.7348	40.0518	-8.66914	-0.0255272	109.092	114.62	0.951773
4804	0.0049459	0.208939	77.7339	40.0523	-8.67064	-0.0255265	109.09	114.619	0.951761
4805	0.00494683	0.208938	77.733	40.0529	-8.67212	-0.0255259	109.088	114.619	0.951749
4806	0.00494775	0.208937	77.732	40.0535	-8.6736	-0.0255252	109.086	114.618	0.951738
4807	0.00494868	0.208936	77.7311	40.0541	-8.67507	-0.0255246	109.085	114.618	0.951726
4808	0.0049496	0.208935	77.7302	40.0547	-8.67654	-0.0255239	109.083	114.617	0.951714
4809	0.00495053	0.208935	77.7293	40.0553	-8.67801	-0.0255233	109.081	114.617	0.951703
4810	0.00495145	0.208934	77.7284	40.0559	-8.67948	-0.0255226	109.079	114.616	0.951691
4811	0.00495238	0.208933	77.7275	40.0565	-8.68095	-0.025522	109.077	114.616	0.951679
4812	0.0049533	0.208932	77.7266	40.057	-8.68243	-0.0255213	109.076	114.615	0.951668
4813	0.00495423	0.208931	77.7256	40.0576	-8.68393	-0.0255207	109.074	114.615	0.951656
4814	0.00495515	0.20893	77.7247	40.0582	-8.68543	-0.02552	109.072	114.614	0.951644
4815	0.00495608	0.208929	77.7238	40.0588	-8.68695	-0.0255194	109.07	114.614	0.951632
4816	0.004957	0.208928	77.7229	40.0594	-8.68848	-0.0255187	109.068	114.613	0.951619
4817	0.00495793	0.208927	77.722	40.06	-8.69003	-0.0255181	109.066	114.613	0.951607
4818	0.00495885	0.208927	77.721	40.0606	-8.6916	-0.0255174	109.065	114.612	0.951595
4819	0.00495978	0.208926	77.7201	40.0612	-8.69318	-0.0255168	109.063	114.612	0.951582
4820	0.0049607	0.208925	77.7192	40.0618	-8.69477	-0.0255161	109.061	114.611	0.951569
4821	0.00496163	0.208924	77.7182	40.0624	-8.69637	-0.0255154	109.059	114.611	0.951556
4822	0.00496255	0.208923	77.7173	40.063	-8.69799	-0.0255148	109.057	114.61	0.951543
4823	0.00496348	0.208922	77.7164	40.0636	-8.69961	-0.0255141	109.055	114.61	0.95153
4824	0.00496441	0.208921	77.7154	40.0642	-8.70124	-0.0255134	109.053	114.609	0.951517
4825	0.00496533	0.20892	77.7145	40.0648	-8.70287	-0.0255128	109.051	114.609	0.951504
4826	0.00496626	0.208919	77.7135	40.0655	-8.70451	-0.0255121	109.049	114.608	0.951491
4827	0.00496718	0.208919	77.7126	40.0661	-8.70614	-0.0255114	109.047	114.608	0.951478
4828	0.00496811	0.208918	77.7117	40.0667	-8.70776	-0.0255108	109.045	114.608	0.951465
4829	0.00496903	0.208917	77.7107	40.0673	-8.70938	-0.0255101	109.043	114.607	0.951452
4830	0.00496996	0.208916	77.7097	40.0679	-8.71099	-0.0255094	109.041	114.607	0.951439
4831	0.00497088	0.208915	77.7088	40.0685	-8.7126	-0.0255087	109.039	114.606	0.951427
4832	0.00497181	0.208914	77.7078	40.0691	-8.71418	-0.025508	109.037	114.606	0.951414
4833	0.00497273	0.208913	77.7069	40.0698	-8.71576	-0.0255074	109.035	114.605	0.951401
4834	0.00497366	0.208912	77.7059	40.0704	-8.71732	-0.0255067	109.033	114.604	0.951389
4835	0.00497458	0.208911	77.7049	40.071	-8.71888	-0.025506	109.032	114.604	0.951377
4836	0.00497551	0.20891	77.7039	40.0717	-8.72041	-0.0255053	109.03	114.603	0.951364
4837	0.00497643	0.208909	77.703	40.0723	-8.72194	-0.0255046	109.028	114.603	0.951352
4838	0.00497736	0.208908	77.702	40.0729	-8.72346	-0.0255039	109.026	114.602	0.95134
4839	0.00497829	0.208908	77.701	40.0736	-8.72496	-0.0255032	109.024	114.602	0.951328
4840	0.00497921	0.208907	77.7	40.0742	-8.72646	-0.0255025	109.022	114.601	0.951317
4841	0.00498014	0.208906	77.699	40.0749	-8.72796	-0.0255018	109.02	114.601	0.951305
4842	0.00498106	0.208905	77.698	40.0755	-8.72945	-0.0255011	109.019	114.6	0.951293
4843	0.00498199	0.208904	77.6969	40.0762	-8.73093	-0.0255005	109.017	114.6	0.951281
4844	0.00498291	0.208903	77.6959	40.0768	-8.73242	-0.0254998	109.015	114.599	0.95127
4845	0.00498384	0.208902	77.6949	40.0775	-8.73391	-0.0254991	109.013	114.599	0.951258
4846	0.00498476	0.208901	77.6938	40.0782	-8.7354	-0.0254984	109.011	114.598	0.951246
4847	0.00498569	0.2089	77.6928	40.0789	-8.73689	-0.0254977	109.009	114.598	0.951235
4848	0.00498661	0.208899	77.6917	40.0795	-8.73839	-0.025497	109.007	114.597	0.951223
4849	0.00498754	0.208898	77.6907	40.0802	-8.73989	-0.0254963	109.006	114.597	0.951211
4850	0.00498847	0.208897	77.6896	40.0809	-8.7414	-0.0254956	109.004	114.596	0.951199
4851	0.00498939	0.208896	77.6885	40.0816	-8.74291	-0.0254949	109.002	114.595	0.951187
4852	0.00499032	0.208895	77.6874	40.0823	-8.74442	-0.0254942	109	114.595	0.951175
4853	0.00499124	0.208894	77.6863	40.083	-8.74595	-0.0254935	108.998	114.594	0.951164
4854	0.00499217	0.208893	77.6852	40.0837	-8.74747	-0.0254928	108.996	114.594	0.951152
4855	0.00499309	0.208892	77.6841	40.0845	-8.74899	-0.0254921	108.994	114.593	0.95114
4856	0.00499402	0.20889	77.683	40.0852	-8.75052	-0.0254913	108.992	114.593	0.951128
4857	0.00499494	0.208889	77.6819	40.0859	-8.75204	-0.0254906	108.99	114.592	0.951116
4858	0.00499587	0.208888	77.6808	40.0866	-8.75357	-0.0254899	108.988	114.591	0.951104
4859	0.0049968	0.208887	77.6797	40.0873	-8.75508	-0.0254892	108.986	114.591	0.951092
4860	0.00499772	0.208886	77.6786	40.0881	-8.7566	-0.0254885	108.985	114.59	0.95108
4861	0.00499865	0.208885	77.6774	40.0888	-8.7581	-0.0254878	108.983	114.59	0.951069
4862	0.00499957	0.208884	77.6763	40.0895	-8.7596	-0.0254871	108.981	114.589	0.951057
4863	0.0050005	0.208883	77.6752	40.0902	-8.76109	-0.0254864	108.979	114.588	0.951045
4864	0.00500142	0.208882	77.6741	40.0909	-8.76257	-0.0254856	108.977	114.588	0.951034
4865	0.00500235	0.208881	77.673	40.0917	-8.76404	-0.0254849	108.975	114.587	0.951022
4866	0.00500327	0.20888	77.6719	40.0924	-8.7655	-0.0254842	108.973	114.587	0.951011
4867	0.0050042	0.208879	77.6707	40.0931	-8.76695	-0.0254835	108.971	114.586	0.951
4868	0.00500513	0.208878	77.6696	40.0938	-8.76839	-0.0254827	108.97	114.586	0.950989
4869	0.00500605	0.208877	77.6685	40.0946	-8.76982	-0.025482	108.968	114.585	0.950978
4870	0.00500698	0.208876	77.6674	40.0953	-8.77124	-0.0254813	108.966	114.584	0.950967
4871	0.0050079	0.208874	77.6662	40.096	-8.77265	-0.0254806	108.964	114.584	0.950956
4872	0.00500883	0.208873	77.6651	40.0968	-8.77406	-0.0254798	108.962	114.583	0.950945
4873	0.00500975	0.208872	77.6639	40.0975	-8.77545	-0.0254791	108.961	114.583	0.950934
4874	0.00501068	0.208871	77.6628	40.0982	-8.77684	-0.0254784	108.959	114.582	0.950923
4875	0.00501161	0.20887	77.6616	40.099	-8.77823	-0.0254776	108.957	114.581	0.950913
4876	0.00501253	0.208869	77.6604	40.0998	-8.77962	-0.0254769	108.955	114.581	0.950902
4877	0.00501346	0.208868	77.6593	40.1005	-8.781	-0.0254762	108.953	114.58	0.950891
4878	0.00501438	0.208867	77.6581	40.1013	-8.78238	-0.0254754	108.952	114.58	0.950881
4879	0.00501531	0.208866	77.6569	40.1021	-8.78377	-0.0254747	108.95	114.579	0.95087
4880	0.00501623	0.208864	77.6557	40.1028	-8.78515	-0.025474	108.948	114.578	0.95086
4881	0.00501716	0.208863	77.6545	40.1036	-8.78654	-0.0254732	108.946	114.578	0.950849
4882	0.00501809	0.208862	77.6532	40.1044	-8.78793	-0.0254725	108.944	114.577	0.950838
4883	0.00501901	0.208861	77.652	40.1052	-8.78932	-0.0254717	108.942	114.576	0.950828
4884	0.00501994	0.20886	77.6508	40.106	-8.79072	-0.025471	108.941	114.576	0.950817
4885	0.00502086	0.208859	77.6495	40.1068	-8.79212	-0.0254703	108.939	114.575	0.950807
4886	0.00502179	0.208857	77.6483	40.1076	-8.79352	-0.0254695	108.937	114.574	0.950796
4887	0.00502271	0.208856	77.647	40.1085	-8.79493	-0.0254688	108.935	114.574	0.950785
4888	0.00502364	0.208855	77.6457	40.1093	-8.79634	-0.025468	108.933	114.573	0.950775
4889	0.00502457	0.208854	77.6444	40.1101	-8.79774	-0.0254673	108.931	114.572	0.950764
4890	0.00502549	0.208853	77.6431	40.111	-8.79915	-0.0254665	108.929	114.572	0.950753
4891	0.00502642	0.208851	77.6418	40.1118	-8.80056	-0.0254658	108.928	114.571	0.950743
4892	0.00502734	0.20885	77.6405	40.1127	-8.80196	-0.025465	108.926	114.57	0.950732
4893	0.00502827	0.208849	77.6391	40.1136	-8.80336	-0.0254643	108.924	114.57	0.950721
4894	0.00502919	0.208847	77.6378	40.1144	-8.80476	-0.0254635	108.922	114.569	0.950711
4895	0.00503012	0.208846	77.6364	40.1153	-8.80615	-0.0254628	108.92	114.568	0.9507
4896	0.00503105	0.208845	77.635	40.1162	-8.80753	-0.025462	108.918	114.568	0.95069
4897	0.00503197	0.208843	77.6336	40.1171	-8.80891	-0.0254612	108.916	114.567	0.95068
4898	0.0050329	0.208842	77.6322	40.118	-8.81028	-0.0254605	108.914	114.566	0.95067
4899	0.00503382	0.208841	77.6308	40.1189	-8.81163	-0.0254597	108.913	114.565	0.95066
4900	0.00503475	0.208839	77.6293	40.1199	-8.81299	-0.025459	108.911	114.565	0.95065
4901	0.00503568	0.208838	77.6279	40.1208	-8.81433	-0.0254582	108.909	114.564	0.95064
4902	0.0050366	0.208837	77.6264	40.1218	-8.81566	-0.0254575	108.907	114.563	0.95063
4903	0.00503753	0.208835	77.6249	40.1227	-8.81699	-0.0254567	108.905	114.562	0.95062
4904	0.00503845	0.208834	77.6234	40.1237	-8.8183	-0.0254559	108.903	114.562	0.950611
4905	0.00503938	0.208832	77.6219	40.1247	-8.81961	-0.0254552	108.902	114.561	0.950601
4906	0.00504031	0.208831	77.6204	40.1257	-8.82091	-0.0254544	108.9	114.56	0.950592
4907	0.00504123	0.208829	77.6189	40.1266	-8.82221	-0.0254536	108.898	114.559	0.950582
4908	0.00504216	0.208828	77.6173	40.1277	-8.82349	-0.0254529	108.896	114.558	0.950573
4909	0.00504308	0.208827	77.6157	40.1287	-8.82478	-0.0254521	108.894	114.557	0.950564
4910	0.00504401	0.208825	77.6141	40.1297	-8.82606	-0.0254513	108.892	114.557	0.950554
4911	0.00504494	0.208823	77.6125	40.1307	-8.82733	-0.0254506	108.89	114.556	0.950545
4912	0.00504586	0.208822	77.6109	40.1318	-8.8286	-0.0254498	108.889	114.555	0.950536
4913	0.00504679	0.20882	77.6093	40.1329	-8.82987	-0.025449	108.887	114.554	0.950527
4914	0.00504771	0.208819	77.6076	40.1339	-8.83114	-0.0254483	108.885	114.553	0.950518
4915	0.00504864	0.208817	77.6059	40.135	-8.8324	-0.0254475	108.883	114.552	0.950509
4916	0.00504957	0.208816	77.6043	40.1361	-8.83366	-0.0254467	108.881	114.552	0.9505
4917	0.00505049	0.208814	77.6026	40.1372	-8.83492	-0.025446	108.879	114.551	0.950491
4918	0.00505142	0.208812	77.6008	40.1383	-8.83618	-0.0254452	108.878	114.55	0.950483
4919	0.00505234	0.208811	77.5991	40.1394	-8.83744	-0.0254444	108.876	114.549	0.950474
4920	0.00505327	0.208809	77.5973	40.1406	-8.83869	-0.0254436	108.874	114.548	0.950465
4921	0.0050542	0.208807	77.5956	40.1417	-8.83994	-0.0254429	108.872	114.547	0.950456
4922	0.00505512	0.208806	77.5938	40.1429	-8.84119	-0.0254421	108.87	114.546	0.950448
4923	0.00505605	0.208804	77.592	40.1441	-8.84243	-0.0254413	108.868	114.545	0.950439
4924	0.00505697	0.208802	77.5901	40.1452	-8.84367	-0.0254405	108.866	114.544	0.950431
4925	0.0050579	0.2088	77.5883	40.1464	-8.8449	-0.0254397	108.864	114.543	0.950422
4926	0.00505883	0.208799	77.5864	40.1476	-8.84613	-0.025439	108.862	114.542	0.950414
4927	0.00505975	0.208797	77.5845	40.1489	-8.84735	-0.0254382	108.861	114.541	0.950405
4928	0.00506068	0.208795	77.5826	40.1501	-8.84857	-0.0254374	108.859	114.54	0.950397
4929	0.0050616	0.208793	77.5807	40.1513	-8.84978	-0.0254366	108.857	114.539	0.950389
4930	0.00506253	0.208791	77.5788	40.1526	-8.85098	-0.0254358	108.855	114.538	0.950381
4931	0.00506346	0.20879	77.5768	40.1538	-8.85218	-0.0254351	108.853	114.537	0.950373
4932	0.00506438	0.208788	77.5748	40.1551	-8.85337	-0.0254343	108.851	114.536	0.950365
4933	0.00506531	0.208786	77.5728	40.1564	-8.85455	-0.0254335	108.849	114.535	0.950357
4934	0.00506624	0.208784	77.5708	40.1577	-8.85572	-0.0254327	108.847	114.534	0.950349
4935	0.00506716	0.208782	77.5688	40.159	-8.85689	-0.0254319	108.845	114.533	0.950342
4936	0.00506809	0.20878	77.5668	40.1603	-8.85806	-0.0254311	108.844	114.532	0.950334
4937	0.00506901	0.208778	77.5647	40.1617	-8.85921	-0.0254303	108.842	114.531	0.950327
4938	0.00506994	0.208776	77.5626	40.163	-8.86036	-0.0254295	108.84	114.53	0.950319
4939	0.00507087	0.208774	77.5605	40.1644	-8.86151	-0.0254288	108.838	114.529	0.950312
4940	0.00507179	0.208772	77.5584	40.1658	-8.86265	-0.025428	108.836	114.528	0.950304
4941	0.00507272	0.20877	77.5562	40.1671	-8.86379	-0.0254272	108.834	114.526	0.950297
4942	0.00507365	0.208768	77.5541	40.1685	-8.86493	-0.0254264	108.832	114.525	0.95029
4943	0.00507457	0.208766	77.5519	40.1699	-8.86606	-0.0254256	108.83	114.524	0.950283
4944	0.0050755	0.208764	77.5497	40.1713	-8.86719	-0.0254248	108.828	114.523	0.950276
4945	0.00507642	0.208762	77.5475	40.1728	-8.86832	-0.025424	108.827	114.522	0.950269
4946	0.00507735	0.208759	77.5453	40.1742	-8.86944	-0.0254232	108.825	114.521	0.950262
4947	0.00507828	0.208757	77.5431	40.1757	-8.87057	-0.0254224	108.823	114.52	0.950255
4948	0.0050792	0.208755	77.5408	40.1771	-8.87169	-0.0254216	108.821	114.518	0.950248
4949	0.00508013	0.208753	77.5385	40.1786	-8.87281	-0.0254209	108.819	114.517	0.950241
4950	0.00508106	0.208751	77.5362	40.1801	-8.87393	-0.0254201	108.817	114.516	0.950234
4951	0.00508198	0.208749	77.5339	40.1816	-8.87504	-0.0254193	108.815	114.515	0.950227
4952	0.00508291	0.208746	77.5316	40.1831	-8.87616	-0.0254185	108.813	114.514	0.95022
4953	0.00508383	0.208744	77.5292	40.1846	-8.87727	-0.0254177	108.811	114.512	0.950213
4954	0.00508476	0.208742	77.5269	40.1861	-8.87838	-0.0254169	108.809	114.511	0.950207
4955	0.00508569	0.20874	77.5245	40.1877	-8.87949	-0.0254161	108.807	114.51	0.9502
4956	0.00508661	0.208737	77.5221	40.1892	-8.88059	-0.0254153	108.805	114.509	0.950193
4957	0.00508754	0.208735	77.5196	40.1908	-8.88169	-0.0254145	108.803	114.507	0.950187
4958	0.00508847	0.208733	77.5172	40.1924	-8.88279	-0.0254137	108.801	114.506	0.95018
4959	0.00508939	0.20873	77.5147	40.194	-8.88388	-0.0254129	108.799	114.505	0.950174
4960	0.00509032	0.208728	77.5122	40.1956	-8.88497	-0.0254121	108.797	114.503	0.950167
4961	0.00509125	0.208726	77.5097	40.1972	-8.88606	-0.0254113	108.795	114.502	0.950161
4962	0.00509217	0.208723	77.5072	40.1988	-8.88714	-0.0254105	108.793	114.501	0.950155
4963	0.0050931	0.208721	77.5046	40.2005	-8.88821	-0.0254097	108.791	114.499	0.950149
4964	0.00509402	0.208718	77.502	40.2022	-8.88928	-0.0254089	108.789	114.498	0.950142
4965	0.00509495	0.208716	77.4994	40.2039	-8.89035	-0.0254081	108.788	114.497	0.950136
4966	0.00509588	0.208713	77.4968	40.2056	-8.89141	-0.0254073	108.786	114.495	0.95013
4967	0.0050968	0.208711	77.4941	40.2073	-8.89247	-0.0254065	108.784	114.494	0.950125
4968	0.00509773	0.208708	77.4915	40.209	-8.89352	-0.0254057	108.782	114.493	0.950119
4969	0.00509866	0.208706	77.4888	40.2107	-8.89457	-0.0254049	108.78	114.491	0.950113
4970	0.00509958	0.208703	77.486	40.2125	-8.89562	-0.0254041	108.778	114.49	0.950107
4971	0.00510051	0.2087	77.4833	40.2143	-8.89666	-0.0254033	108.775	114.488	0.950101
4972	0.00510144	0.208698	77.4805	40.216	-8.8977	-0.0254025	108.773	114.487	0.950096
4973	0.00510236	0.208695	77.4778	40.2178	-8.89873	-0.0254017	108.771	114.485	0.95009
4974	0.00510329	0.208692	77.4749	40.2197	-8.89976	-0.0254009	108.769	114.484	0.950085
4975	0.00510422	0.20869	77.4721	40.2215	-8.90079	-0.0254001	108.767	114.482	0.950079
4976	0.00510514	0.208687	77.4693	40.2233	-8.90181	-0.0253993	108.765	114.481	0.950074
4977	0.00510607	0.208684	77.4664	40.2252	-8.90283	-0.0253985	108.763	114.479	0.950069
4978	0.005107	0.208681	77.4635	40.2271	-8.90385	-0.0253977	108.761	114.478	0.950063
4979	0.00510792	0.208679	77.4606	40.2289	-8.90487	-0.0253969	108.759	114.476	0.950058
4980	0.00510885	0.208676	77.4576	40.2308	-8.90588	-0.0253961	108.757	114.475	0.950053
4981	0.00510978	0.208673	77.4546	40.2328	-8.90689	-0.0253952	108.755	114.473	0.950048
4982	0.0051107	0.20867	77.4516	40.2347	-8.90789	-0.0253944	108.753	114.472	0.950043
4983	0.00511163	0.208667	77.4486	40.2366	-8.9089	-0.0253936	108.751	114.47	0.950038
4984	0.00511256	0.208664	77.4456	40.2386	-8.9099	-0.0253928	108.749	114.469	0.950033
4985	0.00511348	0.208661	77.4425	40.2406	-8.91089	-0.025392	108.747	114.467	0.950028
4986	0.00511441	0.208659	77.4394	40.2426	-8.91189	-0.0253912	108.745	114.465	0.950023
4987	0.00511533	0.208656	77.4363	40.2446	-8.91287	-0.0253904	108.743	114.464	0.950019
4988	0.00511626	0.208653	77.4332	40.2466	-8.91386	-0.0253896	108.741	114.462	0.950014
4989	0.00511719	0.20865	77.43	40.2487	-8.91484	-0.0253888	108.738	114.46	0.950009
4990	0.00511811	0.208646	77.4268	40.2507	-8.91582	-0.025388	108.736	114.459	0.950005
4991	0.00511904	0.208643	77.4236	40.2528	-8.91679	-0.0253872	108.734	114.457	0.95
4992	0.00511997	0.20864	77.4204	40.2549	-8.91776	-0.0253864	108.732	114.455	0.949996
4993	0.00512089	0.208637	77.4172	40.257	-8.91873	-0.0253856	108.73	114.454	0.949992
4994	0.00512182	0.208634	77.4139	40.2591	-8.9197	-0.0253848	108.728	114.452	0.949987
4995	0.00512275	0.208631	77.4106	40.2612	-8.92066	-0.025384	108.726	114.45	0.949983
4996	0.00512368	0.208628	77.4072	40.2634	-8.92162	-0.0253832	108.724	114.448	0.949979
4997	0.0051246	0.208625	77.4039	40.2655	-8.92257	-0.0253824	108.721	114.447	0.949975
4998	0.00512553	0.208621	77.4005	40.2677	-8.92352	-0.0253816	108.719	114.445	0.949971
4999	0.00512646	0.208618	77.3971	40.2699	-8.92447	-0.0253808	108.717	114.443	0.949967
5000	0.00512738	0.208615	77.3937	40.2721	-8.92542	-0.02538	108.715	114.441	0.949963
5001	0.00512831	0.208612	77.3903	40.2743	-8.92637	-0.0253792	108.713	114.44	0.949959
5002	0.00512924	0.208608	77.3868	40.2766	-8.92731	-0.0253784	108.711	114.438	0.949955
5003	0.00513016	0.208605	77.3833	40.2788	-8.92825	-0.0253776	108.708	114.436	0.949951
5004	0.00513109	0.208602	77.3798	40.2811	-8.92919	-0.0253768	108.706	114.434	0.949947
5005	0.00513202	0.208598	77.3763	40.2834	-8.93013	-0.025376	108.704	114.432	0.949943
5006	0.00513294	0.208595	77.3727	40.2857	-8.93107	-0.0253752	108.702	114.43	0.94994
5007	0.00513387	0.208591	77.3691	40.288	-8.932	-0.0253744	108.7	114.428	0.949936
5008	0.0051348	0.208588	77.3655	40.2903	-8.93294	-0.0253736	108.697	114.427	0.949932
5009	0.00513572	0.208584	77.3619	40.2926	-8.93387	-0.0253728	108.695	114.425	0.949929
5010	0.00513665	0.208581	77.3582	40.295	-8.93481	-0.025372	108.693	114.423	0.949925
5011	0.00513758	0.208577	77.3546	40.2974	-8.93574	-0.0253712	108.691	114.421	0.949922
5012	0.0051385	0.208574	77.3509	40.2997	-8.93667	-0.0253704	108.689	114.419	0.949918
5013	0.00513943	0.20857	77.3471	40.3021	-8.93761	-0.0253696	108.686	114.417	0.949915
5014	0.00514036	0.208567	77.3434	40.3046	-8.93854	-0.0253688	108.684	114.415	0.949911
5015	0.00514128	0.208563	77.3396	40.307	-8.93947	-0.025368	108.682	114.413	0.949908
5016	0.00514221	0.208559	77.3358	40.3094	-8.94041	-0.0253672	108.679	114.411	0.949904
5017	0.00514314	0.208556	77.332	40.3119	-8.94134	-0.0253664	108.677	114.409	0.949901
5018	0.00514407	0.208552	77.3282	40.3143	-8.94228	-0.0253656	108.675	114.407	0.949898
5019	0.00514499	0.208548	77.3244	40.3168	-8.94321	-0.0253648	108.673	114.405	0.949894
5020	0.00514592	0.208545	77.3205	40.3193	-8.94415	-0.025364	108.67	114.403	0.949891
5021	0.00514685	0.208541	77.3166	40.3218	-8.94509	-0.0253632	108.668	114.401	0.949888
5022	0.00514777	0.208537	77.3127	40.3244	-8.94603	-0.0253624	108.666	114.399	0.949884
5023	0.0051487	0.208533	77.3087	40.3269	-8.94696	-0.0253616	108.663	114.397	0.949881
5024	0.00514963	0.20853	77.3048	40.3295	-8.9479	-0.0253608	108.661	114.395	0.949878
5025	0.00515055	0.208526	77.3008	40.332	-8.94884	-0.02536	108.659	114.393	0.949875
5026	0.00515148	0.208522	77.2968	40.3346	-8.94978	-0.0253592	108.656	114.39	0.949872
5027	0.00515241	0.208518	77.2928	40.3372	-8.95072	-0.0253584	108.654	114.388	0.949869
5028	0.00515333	0.208514	77.2888	40.3398	-8.95166	-0.0253576	108.652	114.386	0.949865
5029	0.00515426	0.20851	77.2847	40.3424	-8.9526	-0.0253568	108.649	114.384	0.949862
5030	0.00515519	0.208507	77.2806	40.345	-8.95353	-0.025356	108.647	114.382	0.949859
5031	0.00515612	0.208503	77.2766	40.3477	-8.95447	-0.0253552	108.644	114.38	0.949856
5032	0.00515704	0.208499	77.2724	40.3503	-8.9554	-0.0253544	108.642	114.378	0.949853
5033	0.00515797	0.208495	77.2683	40.353	-8.95633	-0.0253536	108.64	114.375	0.94985
5034	0.0051589	0.208491	77.2642	40.3556	-8.95726	-0.0253527	108.637	114.373	0.949847
5035	0.00515982	0.208487	77.26	40.3583	-8.95819	-0.0253519	108.635	114.371	0.949845
5036	0.00516075	0.208483	77.2558	40.361	-8.95911	-0.0253511	108.632	114.369	0.949842
5037	0.00516168	0.208479	77.2516	40.3637	-8.96004	-0.0253503	108.63	114.367	0.949839
5038	0.0051626	0.208475	77.2474	40.3664	-8.96095	-0.0253495	108.628	114.364	0.949836
5039	0.00516353	0.208471	77.2432	40.3692	-8.96187	-0.0253487	108.625	114.362	0.949834
5040	0.00516446	0.208467	77.2389	40.3719	-8.96278	-0.0253479	108.623	114.36	0.949831
5041	0.00516539	0.208462	77.2346	40.3747	-8.96369	-0.0253471	108.62	114.358	0.949829
5042	0.00516631	0.208458	77.2304	40.3774	-8.9646	-0.0253463	108.618	114.355	0.949826
5043	0.00516724	0.208454	77.2261	40.3802	-8.9655	-0.0253455	108.615	114.353	0.949824
5044	0.00516817	0.20845	77.2217	40.383	-8.9664	-0.0253447	108.613	114.351	0.949821
5045	0.00516909	0.208446	77.2174	40.3858	-8.9673	-0.0253439	108.611	114.349	0.949819
5046	0.00517002	0.208442	77.2131	40.3886	-8.9682	-0.0253431	108.608	114.346	0.949816
5047	0.00517095	0.208437	77.2087	40.3914	-8.96909	-0.0253423	108.606	114.344	0.949814
5048	0.00517188	0.208433	77.2043	40.3942	-8.96999	-0.0253415	108.603	114.342	0.949812
5049	0.0051728	0.208429	77.1999	40.397	-8.97088	-0.0253407	108.601	114.339	0.94981
5050	0.00517373	0.208425	77.1955	40.3999	-8.97177	-0.0253399	108.598	114.337	0.949807
5051	0.00517466	0.208421	77.1911	40.4027	-8.97266	-0.0253391	108.596	114.335	0.949805
5052	0.00517558	0.208416	77.1867	40.4056	-8.97355	-0.0253383	108.593	114.332	0.949803
5053	0.00517651	0.208412	77.1822	40.4084	-8.97444	-0.0253375	108.591	114.33	0.949801
5054	0.00517744	0.208408	77.1777	40.4113	-8.97533	-0.0253367	108.588	114.328	0.949799
5055	0.00517837	0.208403	77.1733	40.4142	-8.97622	-0.0253359	108.586	114.325	0.949797
5056	0.00517929	0.208399	77.1688	40.4171	-8.97711	-0.0253352	108.583	114.323	0.949795
5057	0.00518022	0.208395	77.1643	40.42	-8.978	-0.0253344	108.581	114.321	0.949793
5058	0.00518115	0.20839	77.1597	40.4229	-8.97889	-0.0253336	108.578	114.318	0.949791
5059	0.00518208	0.208386	77.1552	40.4258	-8.97978	-0.0253328	108.576	114.316	0.949789
5060	0.005183	0.208382	77.1507	40.4287	-8.98067	-0.025332	108.573	114.313	0.949786
5061	0.00518393	0.208377	77.1461	40.4317	-8.98157	-0.0253312	108.571	114.311	0.949784
5062	0.00518486	0.208373	77.1415	40.4346	-8.98247	-0.0253304	108.568	114.309	0.949782
5063	0.00518578	0.208369	77.137	40.4376	-8.98337	-0.0253296	108.566	114.306	0.94978
5064	0.00518671	0.208364	77.1324	40.4405	-8.98427	-0.0253288	108.563	114.304	0.949778
5065	0.00518764	0.20836	77.1277	40.4435	-8.98517	-0.025328	108.561	114.301	0.949776
5066	0.00518857	0.208355	77.1231	40.4465	-8.98608	-0.0253272	108.558	114.299	0.949774
5067	0.00518949	0.208351	77.1185	40.4494	-8.98699	-0.0253264	108.556	114.296	0.949772
5068	0.00519042	0.208346	77.1138	40.4524	-8.9879	-0.0253257	108.553	114.294	0.94977
5069	0.00519135	0.208342	77.1092	40.4554	-8.98881	-0.0253249	108.55	114.292	0.949768
5070	0.00519228	0.208337	77.1045	40.4584	-8.98973	-0.0253241	108.548	114.289	0.949766
5071	0.0051932	0.208333	77.0998	40.4615	-8.99065	-0.0253233	108.545	114.287	0.949764
5072	0.00519413	0.208328	77.0951	40.4645	-8.99158	-0.0253225	108.543	114.284	0.949762
5073	0.00519506	0.208324	77.0904	40.4675	-8.9925	-0.0253217	108.54	114.282	0.94976
5074	0.00519598	0.208319	77.0857	40.4705	-8.99343	-0.0253209	108.537	114.279	0.949757
5075	0.00519691	0.208315	77.081	40.4736	-8.99437	-0.0253201	108.535	114.277	0.949755
5076	0.00519784	0.20831	77.0762	40.4766	-8.9953	-0.0253193	108.532	114.274	0.949753
5077	0.00519877	0.208305	77.0715	40.4797	-8.99624	-0.0253185	108.53	114.272	0.949751
5078	0.00519969	0.208301	77.0667	40.4828	-8.99718	-0.0253177	108.527	114.269	0.949749
5079	0.00520062	0.208296	77.0619	40.4858	-8.99813	-0.025317	108.524	114.267	0.949747
5080	0.00520155	0.208292	77.0571	40.4889	-8.99907	-0.0253162	108.522	114.264	0.949744
5081	0.00520248	0.208287	77.0523	40.492	-9.00002	-0.0253154	108.519	114.262	0.949742
5082	0.0052034	0.208282	77.0475	40.4951	-9.00097	-0.0253146	108.516	114.259	0.94974
5083	0.00520433	0.208278	77.0427	40.4982	-9.00192	-0.0253138	108.514	114.256	0.949738
5084	0.00520526	0.208273	77.0379	40.5013	-9.00288	-0.025313	108.511	114.254	0.949736
5085	0.00520619	0.208268	77.0331	40.5044	-9.00383	-0.0253122	108.508	114.251	0.949734
5086	0.00520711	0.208264	77.0282	40.5075	-9.00478	-0.0253114	108.506	114.249	0.949731
5087	0.00520804	0.208259	77.0234	40.5106	-9.00574	-0.0253106	108.503	114.246	0.949729
5088	0.00520897	0.208254	77.0185	40.5138	-9.00669	-0.0253098	108.5	114.244	0.949727
5089	0.0052099	0.20825	77.0136	40.5169	-9.00764	-0.0253091	108.498	114.241	0.949725
5090	0.00521082	0.208245	77.0088	40.52	-9.00859	-0.0253083	108.495	114.238	0.949723
5091	0.00521175	0.20824	77.0039	40.5232	-9.00954	-0.0253075	108.492	114.236	0.949721
5092	0.00521268	0.208236	76.999	40.5263	-9.01048	-0.0253067	108.49	114.233	0.949719
5093	0.00521361	0.208231	76.9941	40.5295	-9.01143	-0.0253059	108.487	114.231	0.949717
5094	0.00521453	0.208226	76.9892	40.5326	-9.01237	-0.0253051	108.484	114.228	0.949715
5095	0.00521546	0.208221	76.9843	40.5358	-9.01331	-0.0253044	108.481	114.225	0.949713
5096	0.00521639	0.208217	76.9794	40.5389	-9.01425	-0.0253036	108.479	114.223	0.949711
5097	0.00521732	0.208212	76.9744	40.5421	-9.01519	-0.0253028	108.476	114.22	0.949709
5098	0.00521824	0.208207	76.9695	40.5452	-9.01613	-0.025302	108.473	114.218	0.949707
5099	0.00521917	0.208202	76.9646	40.5484	-9.01707	-0.0253013	108.471	114.215	0.949705
5100	0.0052201	0.208198	76.9597	40.5516	-9.018	-0.0253005	108.468	114.212	0.949703
5101	0.00522103	0.208193	76.9547	40.5548	-9.01894	-0.0252997	108.465	114.21	0.949702
5102	0.00522195	0.208188	76.9498	40.5579	-9.01987	-0.025299	108.463	114.207	0.9497
5103	0.00522288	0.208183	76.9448	40.5611	-9.02081	-0.0252982	108.46	114.205	0.949698
5104	0.00522381	0.208178	76.9399	40.5643	-9.02175	-0.0252974	108.457	114.202	0.949696
5105	0.00522474	0.208174	76.9349	40.5675	-9.02268	-0.0252966	108.454	114.199	0.949694
5106	0.00522566	0.208169	76.93	40.5706	-9.02362	-0.0252959	108.452	114.197	0.949692
5107	0.00522659	0.208164	76.925	40.5738	-9.02456	-0.0252951	108.449	114.194	0.94969
5108	0.00522752	0.208159	76.9201	40.577	-9.0255	-0.0252944	108.446	114.191	0.949689
5109	0.00522845	0.208154	76.9151	40.5802	-9.02644	-0.0252936	108.444	114.189	0.949687
5110	0.00522937	0.20815	76.9102	40.5834	-9.02739	-0.0252928	108.441	114.186	0.949685
5111	0.0052303	0.208145	76.9052	40.5866	-9.02834	-0.0252921	108.438	114.184	0.949683
5112	0.00523123	0.20814	76.9003	40.5897	-9.02929	-0.0252913	108.435	114.181	0.949681
5113	0.00523216	0.208135	76.8953	40.5929	-9.03024	-0.0252906	108.433	114.178	0.949679
5114	0.00523308	0.20813	76.8903	40.5961	-9.03119	-0.0252898	108.43	114.176	0.949677
5115	0.00523401	0.208126	76.8854	40.5993	-9.03215	-0.025289	108.427	114.173	0.949675
5116	0.00523494	0.208121	76.8804	40.6025	-9.03311	-0.0252883	108.425	114.17	0.949673
5117	0.00523587	0.208116	76.8755	40.6057	-9.03408	-0.0252875	108.422	114.168	0.949671
5118	0.00523679	0.208111	76.8705	40.6088	-9.03504	-0.0252868	108.419	114.165	0.949669
5119	0.00523772	0.208106	76.8656	40.612	-9.03601	-0.025286	108.416	114.162	0.949667
5120	0.00523865	0.208102	76.8606	40.6152	-9.03699	-0.0252852	108.414	114.16	0.949664
5121	0.00523958	0.208097	76.8557	40.6184	-9.03796	-0.0252845	108.411	114.157	0.949662
5122	0.00524051	0.208092	76.8507	40.6215	-9.03894	-0.0252837	108.408	114.155	0.94966
5123	0.00524143	0.208087	76.8458	40.6247	-9.03993	-0.025283	108.405	114.152	0.949658
5124	0.00524236	0.208082	76.8409	40.6279	-9.04091	-0.0252822	108.403	114.149	0.949656
5125	0.00524329	0.208078	76.8359	40.631	-9.0419	-0.0252814	108.4	114.147	0.949653
5126	0.00524422	0.208073	76.831	40.6342	-9.04289	-0.0252807	108.397	114.144	0.949651
5127	0.00524514	0.208068	76.8261	40.6374	-9.04388	-0.0252799	108.394	114.141	0.949649
5128	0.00524607	0.208063	76.8211	40.6405	-9.04488	-0.0252792	108.392	114.139	0.949646
5129	0.005247	0.208059	76.8162	40.6437	-9.04588	-0.0252784	108.389	114.136	0.949644
5130	0.00524793	0.208054	76.8113	40.6468	-9.04688	-0.0252776	108.386	114.134	0.949641
5131	0.00524885	0.208049	76.8064	40.65	-9.04788	-0.0252769	108.383	114.131	0.949639
5132	0.00524978	0.208044	76.8015	40.6531	-9.04888	-0.0252761	108.38	114.128	0.949637
5133	0.00525071	0.20804	76.7966	40.6563	-9.04988	-0.0252754	108.378	114.126	0.949634
5134	0.00525164	0.208035	76.7917	40.6594	-9.05088	-0.0252746	108.375	114.123	0.949632
5135	0.00525257	0.20803	76.7868	40.6625	-9.05188	-0.0252738	108.372	114.121	0.949629
5136	0.00525349	0.208025	76.7819	40.6657	-9.05288	-0.0252731	108.369	114.118	0.949627
5137	0.00525442	0.208021	76.7771	40.6688	-9.05388	-0.0252723	108.367	114.115	0.949624
5138	0.00525535	0.208016	76.7722	40.6719	-9.05488	-0.0252715	108.364	114.113	0.949622
5139	0.00525628	0.208011	76.7674	40.675	-9.05588	-0.0252708	108.361	114.11	0.949619
5140	0.0052572	0.208006	76.7625	40.6781	-9.05687	-0.02527	108.359	114.108	0.949617
5141	0.00525813	0.208002	76.7577	40.6812	-9.05786	-0.0252692	108.356	114.105	0.949615
5142	0.00525906	0.207997	76.7528	40.6843	-9.05885	-0.0252685	108.353	114.102	0.949612
5143	0.00525999	0.207992	76.748	40.6874	-9.05983	-0.0252677	108.35	114.1	0.94961
5144	0.00526091	0.207988	76.7432	40.6905	-9.06081	-0.025267	108.348	114.097	0.949608
5145	0.00526184	0.207983	76.7384	40.6936	-9.06178	-0.0252662	108.345	114.095	0.949605
5146	0.00526277	0.207978	76.7336	40.6967	-9.06275	-0.0252654	108.342	114.092	0.949603
5147	0.0052637	0.207974	76.7288	40.6997	-9.06372	-0.0252647	108.34	114.09	0.949601
5148	0.00526463	0.207969	76.724	40.7028	-9.06468	-0.0252639	108.337	114.087	0.949599
5149	0.00526555	0.207964	76.7193	40.7059	-9.06564	-0.0252631	108.334	114.085	0.949596
5150	0.00526648	0.20796	76.7145	40.7089	-9.06659	-0.0252624	108.332	114.082	0.949594
5151	0.00526741	0.207955	76.7098	40.712	-9.06754	-0.0252616	108.329	114.079	0.949592
5152	0.00526834	0.20795	76.705	40.715	-9.06849	-0.0252609	108.326	114.077	0.94959
5153	0.00526926	0.207946	76.7003	40.718	-9.06943	-0.0252601	108.324	114.074	0.949588
5154	0.00527019	0.207941	76.6956	40.721	-9.07038	-0.0252593	108.321	114.072	0.949586
5155	0.00527112	0.207937	76.6909	40.724	-9.07131	-0.0252586	108.318	114.069	0.949583
5156	0.00527205	0.207932	76.6862	40.7271	-9.07225	-0.0252578	108.316	114.067	0.949581
5157	0.00527298	0.207928	76.6815	40.7301	-9.07318	-0.0252571	108.313	114.064	0.949579
5158	0.0052739	0.207923	76.6769	40.733	-9.07412	-0.0252563	108.311	114.062	0.949577
5159	0.00527483	0.207918	76.6722	40.736	-9.07505	-0.0252555	108.308	114.059	0.949575
5160	0.00527576	0.207914	76.6676	40.739	-9.07598	-0.0252548	108.305	114.057	0.949573
5161	0.00527669	0.207909	76.6629	40.742	-9.07691	-0.025254	108.303	114.054	0.949571
5162	0.00527761	0.207905	76.6583	40.7449	-9.07784	-0.0252533	108.3	114.052	0.949569
5163	0.00527854	0.2079	76.6537	40.7479	-9.07877	-0.0252525	108.298	114.049	0.949566
5164	0.00527947	0.207896	76.6491	40.7508	-9.0797	-0.0252518	108.295	114.047	0.949564
5165	0.0052804	0.207892	76.6446	40.7537	-9.08063	-0.025251	108.292	114.045	0.949562
5166	0.00528133	0.207887	76.64	40.7567	-9.08156	-0.0252502	108.29	114.042	0.94956
5167	0.00528225	0.207883	76.6354	40.7596	-9.0825	-0.0252495	108.287	114.04	0.949558
5168	0.00528318	0.207878	76.6309	40.7625	-9.08343	-0.0252487	108.285	114.037	0.949555
5169	0.00528411	0.207874	76.6264	40.7654	-9.08436	-0.025248	108.282	114.035	0.949553
5170	0.00528504	0.207869	76.6219	40.7682	-9.0853	-0.0252472	108.28	114.032	0.949551
5171	0.00528597	0.207865	76.6174	40.7711	-9.08623	-0.0252464	108.277	114.03	0.949548
5172	0.00528689	0.207861	76.613	40.774	-9.08717	-0.0252457	108.275	114.028	0.949546
5173	0.00528782	0.207856	76.6085	40.7768	-9.08811	-0.0252449	108.272	114.025	0.949544
5174	0.00528875	0.207852	76.6041	40.7797	-9.08905	-0.0252441	108.269	114.023	0.949541
5175	0.00528968	0.207848	76.5997	40.7825	-9.08999	-0.0252434	108.267	114.021	0.949539
5176	0.0052906	0.207843	76.5953	40.7853	-9.09093	-0.0252426	108.264	114.018	0.949536
5177	0.00529153	0.207839	76.5909	40.7881	-9.09187	-0.0252418	108.262	114.016	0.949534
5178	0.00529246	0.207835	76.5865	40.7909	-9.09281	-0.0252411	108.259	114.014	0.949531
5179	0.00529339	0.207831	76.5822	40.7937	-9.09375	-0.0252403	108.257	114.011	0.949529
5180	0.00529432	0.207826	76.5778	40.7965	-9.09468	-0.0252395	108.254	114.009	0.949526
5181	0.00529524	0.207822	76.5735	40.7992	-9.09562	-0.0252387	108.252	114.007	0.949523
5182	0.00529617	0.207818	76.5692	40.802	-9.09656	-0.025238	108.249	114.004	0.949521
5183	0.0052971	0.207814	76.5649	40.8047	-9.0975	-0.0252372	108.247	114.002	0.949518
5184	0.00529803	0.20781	76.5606	40.8075	-9.09843	-0.0252364	108.244	114	0.949516
5185	0.00529896	0.207805	76.5564	40.8102	-9.09936	-0.0252356	108.242	113.997	0.949513
5186	0.00529988	0.207801	76.5522	40.8129	-9.10029	-0.0252348	108.24	113.995	0.94951
5187	0.00530081	0.207797	76.5479	40.8156	-9.10122	-0.0252341	108.237	113.993	0.949508
5188	0.00530174	0.207793	76.5437	40.8183	-9.10214	-0.0252333	108.235	113.991	0.949505
5189	0.00530267	0.207789	76.5395	40.821	-9.10306	-0.0252325	108.232	113.988	0.949503
5190	0.0053036	0.207785	76.5354	40.8236	-9.10397	-0.0252317	108.23	113.986	0.9495
5191	0.00530452	0.207781	76.5312	40.8263	-9.10488	-0.0252309	108.227	113.984	0.949498
5192	0.00530545	0.207777	76.5271	40.8289	-9.10579	-0.0252301	108.225	113.982	0.949495
5193	0.00530638	0.207773	76.523	40.8316	-9.10668	-0.0252294	108.223	113.979	0.949493
5194	0.00530731	0.207769	76.5188	40.8342	-9.10757	-0.0252286	108.22	113.977	0.94949
5195	0.00530824	0.207765	76.5148	40.8368	-9.10846	-0.0252278	108.218	113.975	0.949488
5196	0.00530916	0.207761	76.5107	40.8394	-9.10934	-0.025227	108.216	113.973	0.949485
5197	0.00531009	0.207757	76.5066	40.842	-9.11021	-0.0252262	108.213	113.971	0.949483
5198	0.00531102	0.207753	76.5026	40.8446	-9.11107	-0.0252254	108.211	113.969	0.949481
5199	0.00531195	0.207749	76.4986	40.8472	-9.11193	-0.0252247	108.209	113.966	0.949479
5200	0.00531288	0.207745	76.4946	40.8497	-9.11278	-0.0252239	108.206	113.964	0.949476
5201	0.0053138	0.207741	76.4906	40.8523	-9.11362	-0.0252231	108.204	113.962	0.949474
5202	0.00531473	0.207737	76.4866	40.8548	-9.11446	-0.0252223	108.202	113.96	0.949472
5203	0.00531566	0.207733	76.4826	40.8574	-9.11529	-0.0252215	108.2	113.958	0.94947
5204	0.00531659	0.207729	76.4787	40.8599	-9.11612	-0.0252208	108.197	113.956	0.949468
5205	0.00531752	0.207726	76.4748	40.8624	-9.11693	-0.02522	108.195	113.954	0.949466
5206	0.00531844	0.207722	76.4709	40.8649	-9.11775	-0.0252192	108.193	113.951	0.949464
5207	0.00531937	0.207718	76.467	40.8674	-9.11856	-0.0252184	108.191	113.949	0.949462
5208	0.0053203	0.207714	76.4631	40.8699	-9.11936	-0.0252176	108.188	113.947	0.94946
5209	0.00532123	0.20771	76.4593	40.8723	-9.12016	-0.0252169	108.186	113.945	0.949458
5210	0.00532215	0.207707	76.4554	40.8748	-9.12096	-0.0252161	108.184	113.943	0.949456
5211	0.00532308	0.207703	76.4516	40.8772	-9.12175	-0.0252153	108.182	113.941	0.949454
5212	0.00532401	0.207699	76.4478	40.8797	-9.12254	-0.0252145	108.18	113.939	0.949452
5213	0.00532494	0.207696	76.444	40.8821	-9.12333	-0.0252138	108.178	113.937	0.94945
5214	0.00532587	0.207692	76.4402	40.8845	-9.12411	-0.025213	108.175	113.935	0.949448
5215	0.0053268	0.207688	76.4365	40.8869	-9.12489	-0.0252122	108.173	113.933	0.949446
5216	0.00532772	0.207684	76.4327	40.8893	-9.12567	-0.0252114	108.171	113.931	0.949444
5217	0.00532865	0.207681	76.429	40.8917	-9.12645	-0.0252107	108.169	113.929	0.949443
5218	0.00532958	0.207677	76.4253	40.894	-9.12722	-0.0252099	108.167	113.927	0.949441
5219	0.00533051	0.207674	76.4216	40.8964	-9.128	-0.0252091	108.165	113.925	0.949439
5220	0.00533144	0.20767	76.4179	40.8988	-9.12877	-0.0252083	108.163	113.923	0.949437
5221	0.00533236	0.207666	76.4143	40.9011	-9.12954	-0.0252076	108.161	113.921	0.949435
5222	0.00533329	0.207663	76.4106	40.9034	-9.13031	-0.0252068	108.159	113.919	0.949433
5223	0.00533422	0.207659	76.407	40.9057	-9.13108	-0.025206	108.156	113.917	0.949431
5224	0.00533515	0.207656	76.4034	40.9081	-9.13185	-0.0252052	108.154	113.915	0.949429
5225	0.00533608	0.207652	76.3998	40.9104	-9.13262	-0.0252044	108.152	113.913	0.949427
5226	0.005337	0.207649	76.3962	40.9126	-9.13338	-0.0252037	108.15	113.911	0.949425
5227	0.00533793	0.207645	76.3927	40.9149	-9.13415	-0.0252029	108.148	113.909	0.949423
5228	0.00533886	0.207642	76.3891	40.9172	-9.13491	-0.0252021	108.146	113.908	0.949421
5229	0.00533979	0.207638	76.3856	40.9194	-9.13567	-0.0252013	108.144	113.906	0.949419
5230	0.00534072	0.207635	76.3821	40.9217	-9.13643	-0.0252005	108.142	113.904	0.949417
5231	0.00534164	0.207631	76.3786	40.9239	-9.13719	-0.0251997	108.14	113.902	0.949415
5232	0.00534257	0.207628	76.3751	40.9262	-9.13794	-0.025199	108.138	113.9	0.949413
5233	0.0053435	0.207625	76.3716	40.9284	-9.1387	-0.0251982	108.136	113.898	0.949411
5234	0.00534443	0.207621	76.3682	40.9306	-9.13945	-0.0251974	108.134	113.896	0.949409
5235	0.00534536	0.207618	76.3647	40.9328	-9.14019	-0.0251966	108.132	113.894	0.949407
5236	0.00534628	0.207614	76.3613	40.935	-9.14094	-0.0251958	108.13	113.893	0.949405
5237	0.00534721	0.207611	76.3579	40.9372	-9.14167	-0.025195	108.128	113.891	0.949403
5238	0.00534814	0.207608	76.3545	40.9393	-9.14241	-0.0251943	108.126	113.889	0.949401
5239	0.00534907	0.207604	76.3511	40.9415	-9.14314	-0.0251935	108.124	113.887	0.949399
5240	0.00535	0.207601	76.3478	40.9436	-9.14386	-0.0251927	108.122	113.885	0.949397
5241	0.00535092	0.207598	76.3444	40.9458	-9.14458	-0.0251919	108.12	113.883	0.949395
5242	0.00535185	0.207595	76.3411	40.9479	-9.14529	-0.0251911	108.118	113.882	0.949393
5243	0.00535278	0.207591	76.3377	40.95	-9.14599	-0.0251903	108.117	113.88	0.949391
5244	0.00535371	0.207588	76.3344	40.9522	-9.14669	-0.0251895	108.115	113.878	0.94939
5245	0.00535464	0.207585	76.3311	40.9543	-9.14738	-0.0251888	108.113	113.876	0.949388
5246	0.00535556	0.207582	76.3279	40.9564	-9.14806	-0.025188	108.111	113.875	0.949386
5247	0.00535649	0.207578	76.3246	40.9584	-9.14873	-0.0251872	108.109	113.873	0.949385
5248	0.00535742	0.207575	76.3213	40.9605	-9.14939	-0.0251864	108.107	113.871	0.949383
5249	0.00535835	0.207572	76.3181	40.9626	-9.15004	-0.0251856	108.105	113.869	0.949382
5250	0.00535928	0.207569	76.3149	40.9646	-9.15068	-0.0251849	108.104	113.868	0.94938
5251	0.00536021	0.207566	76.3117	40.9667	-9.15132	-0.0251841	108.102	113.866	0.949379
5252	0.00536113	0.207563	76.3085	40.9687	-9.15194	-0.0251833	108.1	113.864	0.949378
5253	0.00536206	0.20756	76.3053	40.9708	-9.15256	-0.0251825	108.098	113.862	0.949376
5254	0.00536299	0.207556	76.3021	40.9728	-9.15317	-0.0251817	108.097	113.861	0.949375
5255	0.00536392	0.207553	76.299	40.9748	-9.15377	-0.025181	108.095	113.859	0.949374
5256	0.00536485	0.20755	76.2958	40.9768	-9.15436	-0.0251802	108.093	113.857	0.949373
5257	0.00536577	0.207547	76.2927	40.9788	-9.15494	-0.0251794	108.091	113.856	0.949372
5258	0.0053667	0.207544	76.2896	40.9808	-9.15552	-0.0251786	108.09	113.854	0.949371
5259	0.00536763	0.207541	76.2865	40.9828	-9.15609	-0.0251779	108.088	113.852	0.94937
5260	0.00536856	0.207538	76.2834	40.9848	-9.15665	-0.0251771	108.086	113.851	0.949369
5261	0.00536949	0.207535	76.2803	40.9867	-9.15721	-0.0251763	108.085	113.849	0.949369
5262	0.00537041	0.207532	76.2773	40.9887	-9.15776	-0.0251756	108.083	113.847	0.949368
5263	0.00537134	0.207529	76.2742	40.9906	-9.15831	-0.0251748	108.081	113.846	0.949367
5264	0.00537227	0.207526	76.2712	40.9926	-9.15886	-0.025174	108.08	113.844	0.949366
5265	0.0053732	0.207523	76.2682	40.9945	-9.1594	-0.0251733	108.078	113.842	0.949366
5266	0.00537413	0.20752	76.2651	40.9964	-9.15993	-0.0251725	108.076	113.841	0.949365
5267	0.00537505	0.207517	76.2621	40.9984	-9.16047	-0.0251717	108.075	113.839	0.949364
5268	0.00537598	0.207514	76.2592	41.0003	-9.161	-0.025171	108.073	113.838	0.949363
5269	0.00537691	0.207511	76.2562	41.0022	-9.16152	-0.0251702	108.072	113.836	0.949363
5270	0.00537784	0.207508	76.2532	41.0041	-9.16205	-0.0251694	108.07	113.834	0.949362
5271	0.00537877	0.207506	76.2503	41.006	-9.16257	-0.0251687	108.068	113.833	0.949361
5272	0.0053797	0.207503	76.2473	41.0078	-9.16309	-0.0251679	108.067	113.831	0.949361
5273	0.00538062	0.2075	76.2444	41.0097	-9.1636	-0.0251671	108.065	113.83	0.94936
5274	0.00538155	0.207497	76.2415	41.0116	-9.16412	-0.0251664	108.064	113.828	0.949359
5275	0.00538248	0.207494	76.2386	41.0134	-9.16463	-0.0251656	108.062	113.827	0.949359
5276	0.00538341	0.207491	76.2357	41.0153	-9.16513	-0.0251648	108.061	113.825	0.949358
5277	0.00538434	0.207488	76.2328	41.0171	-9.16564	-0.0251641	108.059	113.823	0.949358
5278	0.00538526	0.207486	76.2299	41.019	-9.16613	-0.0251633	108.058	113.822	0.949357
5279	0.00538619	0.207483	76.2271	41.0208	-9.16663	-0.0251625	108.056	113.82	0.949356
5280	0.00538712	0.20748	76.2242	41.0226	-9.16712	-0.0251618	108.055	113.819	0.949356
5281	0.00538805	0.207477	76.2214	41.0244	-9.16761	-0.025161	108.053	113.817	0.949355
5282	0.00538898	0.207474	76.2185	41.0262	-9.16809	-0.0251602	108.052	113.816	0.949355
5283	0.0053899	0.207472	76.2157	41.028	-9.16857	-0.0251595	108.05	113.814	0.949354
5284	0.00539083	0.207469	76.2129	41.0298	-9.16905	-0.0251587	108.049	113.813	0.949354
5285	0.00539176	0.207466	76.2101	41.0316	-9.16952	-0.0251579	108.047	113.811	0.949354
5286	0.00539269	0.207463	76.2074	41.0334	-9.16998	-0.0251572	108.046	113.81	0.949353
5287	0.00539362	0.207461	76.2046	41.0352	-9.17044	-0.0251564	108.044	113.808	0.949353
5288	0.00539455	0.207458	76.2018	41.0369	-9.17089	-0.0251556	108.043	113.807	0.949352
5289	0.00539547	0.207455	76.1991	41.0387	-9.17134	-0.0251549	108.041	113.805	0.949352
5290	0.0053964	0.207453	76.1963	41.0404	-9.17178	-0.0251541	108.04	113.804	0.949352
5291	0.00539733	0.20745	76.1936	41.0422	-9.17221	-0.0251533	108.038	113.802	0.949352
5292	0.00539826	0.207447	76.1908	41.0439	-9.17263	-0.0251526	108.037	113.801	0.949352
5293	0.00539919	0.207444	76.1881	41.0457	-9.17305	-0.0251518	108.036	113.799	0.949352
5294	0.00540011	0.207442	76.1854	41.0474	-9.17345	-0.025151	108.034	113.798	0.949352
5295	0.00540104	0.207439	76.1827	41.0492	-9.17385	-0.0251503	108.033	113.796	0.949352
5296	0.00540197	0.207436	76.1799	41.0509	-9.17424	-0.0251495	108.031	113.795	0.949352
5297	0.0054029	0.207434	76.1772	41.0526	-9.17461	-0.0251488	108.03	113.793	0.949352
5298	0.00540383	0.207431	76.1745	41.0544	-9.17498	-0.025148	108.029	113.792	0.949353
5299	0.00540476	0.207429	76.1718	41.0561	-9.17533	-0.0251472	108.027	113.791	0.949353
5300	0.00540568	0.207426	76.1692	41.0578	-9.17568	-0.0251465	108.026	113.789	0.949354
5301	0.00540661	0.207423	76.1665	41.0595	-9.17601	-0.0251457	108.025	113.788	0.949354
5302	0.00540754	0.207421	76.1638	41.0612	-9.17633	-0.0251449	108.024	113.786	0.949355
5303	0.00540847	0.207418	76.1611	41.0629	-9.17665	-0.0251442	108.022	113.785	0.949356
5304	0.0054094	0.207415	76.1584	41.0647	-9.17696	-0.0251434	108.021	113.783	0.949357
5305	0.00541032	0.207413	76.1558	41.0664	-9.17725	-0.0251427	108.02	113.782	0.949358
5306	0.00541125	0.20741	76.1531	41.0681	-9.17754	-0.0251419	108.018	113.78	0.949359
5307	0.00541218	0.207407	76.1504	41.0698	-9.17782	-0.0251412	108.017	113.779	0.94936
5308	0.00541311	0.207405	76.1478	41.0715	-9.17809	-0.0251404	108.016	113.778	0.949361
5309	0.00541404	0.207402	76.1451	41.0732	-9.17836	-0.0251397	108.015	113.776	0.949362
5310	0.00541497	0.2074	76.1424	41.0749	-9.17862	-0.0251389	108.014	113.775	0.949363
5311	0.00541589	0.207397	76.1398	41.0766	-9.17887	-0.0251382	108.012	113.773	0.949365
5312	0.00541682	0.207394	76.1371	41.0783	-9.17912	-0.0251374	108.011	113.772	0.949366
5313	0.00541775	0.207392	76.1345	41.08	-9.17936	-0.0251367	108.01	113.77	0.949367
5314	0.00541868	0.207389	76.1318	41.0817	-9.17959	-0.0251359	108.009	113.769	0.949369
5315	0.00541961	0.207387	76.1291	41.0834	-9.17983	-0.0251352	108.008	113.768	0.94937
5316	0.00542053	0.207384	76.1265	41.0851	-9.18006	-0.0251345	108.006	113.766	0.949372
5317	0.00542146	0.207381	76.1238	41.0868	-9.18028	-0.0251337	108.005	113.765	0.949373
5318	0.00542239	0.207379	76.1211	41.0885	-9.1805	-0.025133	108.004	113.763	0.949375
5319	0.00542332	0.207376	76.1185	41.0902	-9.18073	-0.0251322	108.003	113.762	0.949377
5320	0.00542425	0.207374	76.1158	41.0919	-9.18094	-0.0251315	108.002	113.76	0.949378
5321	0.00542517	0.207371	76.1131	41.0936	-9.18116	-0.0251308	108	113.759	0.94938
5322	0.0054261	0.207368	76.1105	41.0953	-9.18138	-0.02513	107.999	113.758	0.949382
5323	0.00542703	0.207366	76.1078	41.0971	-9.18159	-0.0251293	107.998	113.756	0.949383
5324	0.00542796	0.207363	76.1051	41.0988	-9.1818	-0.0251286	107.997	113.755	0.949385
5325	0.00542889	0.20736	76.1024	41.1005	-9.18201	-0.0251278	107.996	113.753	0.949387
5326	0.00542982	0.207358	76.0998	41.1022	-9.18222	-0.0251271	107.995	113.752	0.949388
5327	0.00543074	0.207355	76.0971	41.1039	-9.18242	-0.0251263	107.993	113.75	0.94939
5328	0.00543167	0.207352	76.0944	41.1056	-9.18263	-0.0251256	107.992	113.749	0.949392
5329	0.0054326	0.20735	76.0917	41.1074	-9.18283	-0.0251249	107.991	113.747	0.949394
5330	0.00543353	0.207347	76.089	41.1091	-9.18303	-0.0251241	107.99	113.746	0.949396
5331	0.00543446	0.207345	76.0863	41.1108	-9.18322	-0.0251234	107.989	113.745	0.949397
5332	0.00543538	0.207342	76.0836	41.1126	-9.18342	-0.0251227	107.988	113.743	0.949399
5333	0.00543631	0.207339	76.0808	41.1143	-9.18361	-0.0251219	107.986	113.742	0.949401
5334	0.00543724	0.207337	76.0781	41.116	-9.18379	-0.0251212	107.985	113.74	0.949403
5335	0.00543817	0.207334	76.0754	41.1178	-9.18398	-0.0251205	107.984	113.739	0.949405
5336	0.0054391	0.207331	76.0726	41.1195	-9.18416	-0.0251197	107.983	113.737	0.949407
5337	0.00544003	0.207328	76.0699	41.1213	-9.18434	-0.025119	107.982	113.736	0.949409
5338	0.00544095	0.207326	76.0672	41.1231	-9.18451	-0.0251183	107.981	113.734	0.949412
5339	0.00544188	0.207323	76.0644	41.1248	-9.18468	-0.0251175	107.979	113.733	0.949414
5340	0.00544281	0.20732	76.0616	41.1266	-9.18485	-0.0251168	107.978	113.731	0.949416
5341	0.00544374	0.207318	76.0589	41.1284	-9.18502	-0.0251161	107.977	113.73	0.949418
5342	0.00544467	0.207315	76.0561	41.1301	-9.18518	-0.0251153	107.976	113.728	0.94942
5343	0.00544559	0.207312	76.0533	41.1319	-9.18533	-0.0251146	107.975	113.727	0.949423
5344	0.00544652	0.207309	76.0505	41.1337	-9.18548	-0.0251139	107.974	113.725	0.949425
5345	0.00544745	0.207307	76.0477	41.1355	-9.18563	-0.0251131	107.972	113.724	0.949428
5346	0.00544838	0.207304	76.0449	41.1373	-9.18577	-0.0251124	107.971	113.722	0.94943
5347	0.00544931	0.207301	76.0421	41.1391	-9.1859	-0.0251117	107.97	113.721	0.949433
5348	0.00545024	0.207298	76.0393	41.1409	-9.18602	-0.0251109	107.969	113.719	0.949435
5349	0.00545116	0.207296	76.0364	41.1427	-9.18613	-0.0251102	107.968	113.718	0.949438
5350	0.00545209	0.207293	76.0336	41.1445	-9.18624	-0.0251095	107.967	113.716	0.949441
5351	0.00545302	0.20729	76.0307	41.1464	-9.18633	-0.0251087	107.966	113.715	0.949444
5352	0.00545395	0.207287	76.0279	41.1482	-9.18641	-0.025108	107.965	113.713	0.949447
5353	0.00545488	0.207284	76.025	41.15	-9.18648	-0.0251073	107.963	113.712	0.94945
5354	0.0054558	0.207282	76.0221	41.1519	-9.18655	-0.0251066	107.962	113.71	0.949454
5355	0.00545673	0.207279	76.0192	41.1537	-9.1866	-0.0251059	107.961	113.708	0.949457
5356	0.00545766	0.207276	76.0163	41.1556	-9.18664	-0.0251051	107.96	113.707	0.94946
5357	0.00545859	0.207273	76.0134	41.1575	-9.18667	-0.0251044	107.959	113.705	0.949464
5358	0.00545952	0.20727	76.0105	41.1593	-9.18669	-0.0251037	107.958	113.704	0.949468
5359	0.00546044	0.207267	76.0075	41.1612	-9.1867	-0.025103	107.957	113.702	0.949472
5360	0.00546137	0.207264	76.0046	41.1631	-9.1867	-0.0251023	107.956	113.701	0.949476
5361	0.0054623	0.207261	76.0016	41.165	-9.1867	-0.0251016	107.955	113.699	0.949479
5362	0.00546323	0.207259	75.9986	41.1669	-9.1867	-0.0251009	107.954	113.697	0.949483
5363	0.00546416	0.207256	75.9957	41.1688	-9.18669	-0.0251001	107.953	113.696	0.949488
5364	0.00546509	0.207253	75.9927	41.1707	-9.18668	-0.0250994	107.952	113.694	0.949492
5365	0.00546601	0.20725	75.9896	41.1727	-9.18666	-0.0250987	107.951	113.693	0.949496
5366	0.00546694	0.207247	75.9866	41.1746	-9.18665	-0.025098	107.949	113.691	0.9495
5367	0.00546787	0.207244	75.9836	41.1766	-9.18663	-0.0250973	107.948	113.689	0.949504
5368	0.0054688	0.207241	75.9805	41.1785	-9.18661	-0.0250966	107.947	113.688	0.949508
5369	0.00546973	0.207238	75.9775	41.1805	-9.1866	-0.0250959	107.946	113.686	0.949513
5370	0.00547065	0.207235	75.9744	41.1824	-9.18658	-0.0250952	107.945	113.684	0.949517
5371	0.00547158	0.207232	75.9713	41.1844	-9.18656	-0.0250945	107.944	113.683	0.949521
5372	0.00547251	0.207229	75.9682	41.1864	-9.18655	-0.0250938	107.943	113.681	0.949525
5373	0.00547344	0.207226	75.9651	41.1884	-9.18653	-0.0250931	107.942	113.679	0.94953
5374	0.00547437	0.207223	75.9619	41.1904	-9.18651	-0.0250924	107.941	113.678	0.949534
5375	0.0054753	0.207219	75.9588	41.1924	-9.18649	-0.0250917	107.94	113.676	0.949538
5376	0.00547622	0.207216	75.9556	41.1945	-9.18647	-0.025091	107.939	113.674	0.949543
5377	0.00547715	0.207213	75.9524	41.1965	-9.18645	-0.0250903	107.937	113.672	0.949547
5378	0.00547808	0.20721	75.9492	41.1985	-9.18642	-0.0250896	107.936	113.671	0.949552
5379	0.00547901	0.207207	75.946	41.2006	-9.18639	-0.025089	107.935	113.669	0.949556
5380	0.00547994	0.207204	75.9428	41.2027	-9.18635	-0.0250883	107.934	113.667	0.949561
5381	0.00548086	0.207201	75.9396	41.2047	-9.1863	-0.0250876	107.933	113.666	0.949566
5382	0.00548179	0.207197	75.9363	41.2068	-9.18625	-0.0250869	107.932	113.664	0.949571
5383	0.00548272	0.207194	75.933	41.2089	-9.18619	-0.0250862	107.931	113.662	0.949575
5384	0.00548365	0.207191	75.9297	41.211	-9.18613	-0.0250855	107.93	113.66	0.94958
5385	0.00548458	0.207188	75.9264	41.2131	-9.18605	-0.0250848	107.928	113.658	0.949586
5386	0.0054855	0.207184	75.9231	41.2153	-9.18597	-0.0250841	107.927	113.657	0.949591
5387	0.00548643	0.207181	75.9198	41.2174	-9.18588	-0.0250834	107.926	113.655	0.949596
5388	0.00548736	0.207178	75.9164	41.2196	-9.18579	-0.0250827	107.925	113.653	0.949601
5389	0.00548829	0.207175	75.913	41.2217	-9.18569	-0.025082	107.924	113.651	0.949607
5390	0.00548922	0.207171	75.9096	41.2239	-9.18558	-0.0250813	107.923	113.649	0.949612
5391	0.00549015	0.207168	75.9062	41.2261	-9.18546	-0.0250806	107.922	113.648	0.949618
5392	0.00549107	0.207164	75.9028	41.2283	-9.18534	-0.0250799	107.921	113.646	0.949623
5393	0.005492	0.207161	75.8994	41.2305	-9.18521	-0.0250792	107.92	113.644	0.949629
5394	0.00549293	0.207158	75.8959	41.2327	-9.18508	-0.0250785	107.918	113.642	0.949635
5395	0.00549386	0.207154	75.8924	41.2349	-9.18494	-0.0250779	107.917	113.64	0.949641
5396	0.00549479	0.207151	75.8889	41.2372	-9.1848	-0.0250772	107.916	113.638	0.949647
5397	0.00549571	0.207147	75.8854	41.2394	-9.18465	-0.0250765	107.915	113.636	0.949653
5398	0.00549664	0.207144	75.8819	41.2417	-9.18449	-0.0250758	107.914	113.634	0.949659
5399	0.00549757	0.20714	75.8783	41.2439	-9.18433	-0.0250751	107.913	113.633	0.949665
5400	0.0054985	0.207137	75.8747	41.2462	-9.18415	-0.0250744	107.912	113.631	0.949671
5401	0.00549943	0.207133	75.8711	41.2485	-9.18397	-0.0250737	107.911	113.629	0.949678
5402	0.00550035	0.20713	75.8675	41.2508	-9.18378	-0.025073	107.91	113.627	0.949684
5403	0.00550128	0.207126	75.8639	41.2532	-9.18358	-0.0250724	107.908	113.625	0.949691
5404	0.00550221	0.207123	75.8603	41.2555	-9.18338	-0.0250717	107.907	113.623	0.949698
5405	0.00550314	0.207119	75.8566	41.2578	-9.18316	-0.025071	107.906	113.621	0.949704
5406	0.00550407	0.207115	75.8529	41.2602	-9.18294	-0.0250703	107.905	113.619	0.949711
5407	0.00550499	0.207112	75.8492	41.2626	-9.18271	-0.0250696	107.904	113.617	0.949718
5408	0.00550592	0.207108	75.8455	41.265	-9.18247	-0.025069	107.903	113.615	0.949725
5409	0.00550685	0.207104	75.8417	41.2674	-9.18223	-0.0250683	107.902	113.613	0.949733
5410	0.00550778	0.207101	75.838	41.2698	-9.18198	-0.0250676	107.901	113.611	0.94974
5411	0.00550871	0.207097	75.8342	41.2722	-9.18173	-0.0250669	107.9	113.609	0.949747
5412	0.00550964	0.207093	75.8304	41.2746	-9.18148	-0.0250663	107.898	113.607	0.949754
5413	0.00551056	0.207089	75.8265	41.2771	-9.18123	-0.0250656	107.897	113.605	0.949762
5414	0.00551149	0.207086	75.8227	41.2795	-9.18098	-0.0250649	107.896	113.603	0.949769
5415	0.00551242	0.207082	75.8188	41.282	-9.18073	-0.0250643	107.895	113.6	0.949777
5416	0.00551335	0.207078	75.8149	41.2845	-9.18049	-0.0250636	107.894	113.598	0.949784
5417	0.00551428	0.207074	75.811	41.287	-9.18024	-0.0250629	107.893	113.596	0.949791
5418	0.0055152	0.20707	75.8071	41.2895	-9.18001	-0.0250623	107.892	113.594	0.949799
5419	0.00551613	0.207066	75.8032	41.292	-9.17977	-0.0250616	107.89	113.592	0.949806
5420	0.00551706	0.207063	75.7992	41.2946	-9.17954	-0.0250609	107.889	113.59	0.949813
5421	0.00551799	0.207059	75.7952	41.2971	-9.17932	-0.0250603	107.888	113.588	0.949821
5422	0.00551892	0.207055	75.7912	41.2997	-9.17909	-0.0250596	107.887	113.586	0.949828
5423	0.00551984	0.207051	75.7872	41.3023	-9.17887	-0.0250589	107.885	113.583	0.949836
5424	0.00552077	0.207047	75.7831	41.3048	-9.17864	-0.0250583	107.884	113.581	0.949843
5425	0.0055217	0.207043	75.779	41.3074	-9.17842	-0.0250576	107.883	113.579	0.94985
5426	0.00552263	0.207039	75.775	41.3101	-9.17819	-0.0250569	107.882	113.577	0.949858
5427	0.00552356	0.207035	75.7708	41.3127	-9.17795	-0.0250563	107.881	113.575	0.949866
5428	0.00552448	0.207031	75.7667	41.3153	-9.1777	-0.0250556	107.879	113.572	0.949873
5429	0.00552541	0.207026	75.7625	41.318	-9.17745	-0.0250549	107.878	113.57	0.949881
5430	0.00552634	0.207022	75.7584	41.3207	-9.17719	-0.0250543	107.877	113.568	0.949889
5431	0.00552727	0.207018	75.7542	41.3233	-9.17692	-0.0250536	107.876	113.566	0.949897
5432	0.0055282	0.207014	75.75	41.326	-9.17663	-0.025053	107.874	113.563	0.949905
5433	0.00552912	0.20701	75.7457	41.3288	-9.17634	-0.0250523	107.873	113.561	0.949914
5434	0.00553005	0.207006	75.7415	41.3315	-9.17603	-0.0250516	107.872	113.559	0.949922
5435	0.00553098	0.207001	75.7372	41.3342	-9.17571	-0.025051	107.871	113.556	0.949931
5436	0.00553191	0.206997	75.7329	41.337	-9.17539	-0.0250503	107.869	113.554	0.949939
5437	0.00553284	0.206993	75.7286	41.3397	-9.17505	-0.0250497	107.868	113.552	0.949948
5438	0.00553376	0.206989	75.7242	41.3425	-9.17471	-0.025049	107.867	113.549	0.949957
5439	0.00553469	0.206984	75.7198	41.3453	-9.17436	-0.0250484	107.866	113.547	0.949966
5440	0.00553562	0.20698	75.7155	41.3481	-9.17401	-0.0250477	107.865	113.545	0.949975
5441	0.00553655	0.206976	75.7111	41.3509	-9.17365	-0.0250471	107.863	113.542	0.949984
5442	0.00553748	0.206971	75.7066	41.3538	-9.17328	-0.0250464	107.862	113.54	0.949993
5443	0.0055384	0.206967	75.7022	41.3566	-9.17291	-0.0250458	107.861	113.537	0.950003
5444	0.00553933	0.206963	75.6977	41.3595	-9.17254	-0.0250452	107.86	113.535	0.950012
5445	0.00554026	0.206958	75.6932	41.3623	-9.17216	-0.0250445	107.858	113.533	0.950021
5446	0.00554119	0.206954	75.6887	41.3652	-9.17179	-0.0250439	107.857	113.53	0.950031
5447	0.00554212	0.206949	75.6842	41.3681	-9.17141	-0.0250432	107.856	113.528	0.95004
5448	0.00554304	0.206945	75.6796	41.371	-9.17103	-0.0250426	107.855	113.525	0.95005
5449	0.00554397	0.20694	75.675	41.3739	-9.17065	-0.0250419	107.853	113.523	0.950059
5450	0.0055449	0.206936	75.6705	41.3769	-9.17027	-0.0250413	107.852	113.52	0.950069
5451	0.00554583	0.206931	75.6658	41.3798	-9.16989	-0.0250407	107.851	113.518	0.950078
5452	0.00554676	0.206927	75.6612	41.3828	-9.16951	-0.02504	107.849	113.515	0.950088
5453	0.00554768	0.206922	75.6566	41.3858	-9.16913	-0.0250394	107.848	113.513	0.950098
5454	0.00554861	0.206917	75.6519	41.3887	-9.16874	-0.0250387	107.847	113.51	0.950107
5455	0.00554954	0.206913	75.6472	41.3917	-9.16836	-0.0250381	107.846	113.508	0.950117
5456	0.00555047	0.206908	75.6425	41.3948	-9.16797	-0.0250375	107.844	113.505	0.950127
5457	0.0055514	0.206903	75.6377	41.3978	-9.16758	-0.0250368	107.843	113.503	0.950137
5458	0.00555232	0.206899	75.633	41.4008	-9.16719	-0.0250362	107.842	113.5	0.950147
5459	0.00555325	0.206894	75.6282	41.4039	-9.16679	-0.0250355	107.84	113.497	0.950157
5460	0.00555418	0.206889	75.6234	41.4069	-9.1664	-0.0250349	107.839	113.495	0.950167
5461	0.00555511	0.206884	75.6186	41.41	-9.166	-0.0250343	107.838	113.492	0.950177
5462	0.00555604	0.20688	75.6138	41.4131	-9.1656	-0.0250336	107.836	113.49	0.950187
5463	0.00555696	0.206875	75.6089	41.4162	-9.1652	-0.025033	107.835	113.487	0.950197
5464	0.00555789	0.20687	75.6041	41.4193	-9.1648	-0.0250324	107.834	113.484	0.950207
5465	0.00555882	0.206865	75.5992	41.4224	-9.1644	-0.0250317	107.832	113.482	0.950217
5466	0.00555975	0.20686	75.5943	41.4256	-9.164	-0.0250311	107.831	113.479	0.950227
5467	0.00556068	0.206856	75.5893	41.4287	-9.1636	-0.0250304	107.829	113.476	0.950237
5468	0.0055616	0.206851	75.5844	41.4319	-9.16321	-0.0250298	107.828	113.474	0.950248
5469	0.00556253	0.206846	75.5794	41.435	-9.16282	-0.0250292	107.827	113.471	0.950258
5470	0.00556346	0.206841	75.5744	41.4382	-9.16243	-0.0250285	107.825	113.468	0.950268
5471	0.00556439	0.206836	75.5694	41.4414	-9.16203	-0.0250279	107.824	113.465	0.950278
5472	0.00556532	0.206831	75.5644	41.4446	-9.16164	-0.0250273	107.822	113.463	0.950289
5473	0.00556624	0.206826	75.5594	41.4478	-9.16125	-0.0250267	107.821	113.46	0.950299
5474	0.00556717	0.206821	75.5543	41.4511	-9.16085	-0.025026	107.82	113.457	0.950309
5475	0.0055681	0.206816	75.5493	41.4543	-9.16045	-0.0250254	107.818	113.455	0.95032
5476	0.00556903	0.206811	75.5442	41.4575	-9.16005	-0.0250248	107.817	113.452	0.95033
5477	0.00556995	0.206806	75.5391	41.4608	-9.15963	-0.0250241	107.815	113.449	0.950341
5478	0.00557088	0.206801	75.5339	41.4641	-9.15921	-0.0250235	107.814	113.446	0.950351
5479	0.00557181	0.206796	75.5288	41.4674	-9.15879	-0.0250229	107.812	113.443	0.950362
5480	0.00557274	0.206791	75.5237	41.4706	-9.15836	-0.0250223	107.811	113.441	0.950373
5481	0.00557367	0.206785	75.5185	41.4739	-9.15792	-0.0250216	107.809	113.438	0.950384
5482	0.00557459	0.20678	75.5133	41.4773	-9.15747	-0.025021	107.808	113.435	0.950395
5483	0.00557552	0.206775	75.5081	41.4806	-9.15701	-0.0250204	107.807	113.432	0.950406
5484	0.00557645	0.20677	75.5029	41.4839	-9.15653	-0.0250198	107.805	113.429	0.950417
5485	0.00557738	0.206765	75.4976	41.4872	-9.15605	-0.0250192	107.804	113.426	0.950429
5486	0.00557831	0.20676	75.4924	41.4906	-9.15556	-0.0250186	107.802	113.424	0.95044
5487	0.00557923	0.206754	75.4871	41.4939	-9.15506	-0.025018	107.801	113.421	0.950452
5488	0.00558016	0.206749	75.4819	41.4973	-9.15456	-0.0250173	107.8	113.418	0.950464
5489	0.00558109	0.206744	75.4766	41.5007	-9.15405	-0.0250167	107.798	113.415	0.950475
5490	0.00558202	0.206739	75.4713	41.5041	-9.15353	-0.0250161	107.797	113.412	0.950487
5491	0.00558294	0.206733	75.466	41.5075	-9.15302	-0.0250155	107.795	113.409	0.950499
5492	0.00558387	0.206728	75.4606	41.5109	-9.1525	-0.0250149	107.794	113.406	0.950511
5493	0.0055848	0.206723	75.4553	41.5143	-9.15199	-0.0250143	107.793	113.403	0.950523
5494	0.00558573	0.206718	75.4499	41.5177	-9.15148	-0.0250137	107.791	113.401	0.950534
5495	0.00558666	0.206712	75.4446	41.5211	-9.15097	-0.0250131	107.79	113.398	0.950546
5496	0.00558758	0.206707	75.4392	41.5246	-9.15047	-0.0250126	107.788	113.395	0.950558
5497	0.00558851	0.206702	75.4338	41.528	-9.14997	-0.025012	107.787	113.392	0.95057
5498	0.00558944	0.206696	75.4284	41.5314	-9.14947	-0.0250114	107.785	113.389	0.950582
5499	0.00559037	0.206691	75.423	41.5349	-9.14898	-0.0250108	107.784	113.386	0.950593
5500	0.0055913	0.206685	75.4175	41.5384	-9.14849	-0.0250102	107.782	113.383	0.950605
5501	0.00559222	0.20668	75.4121	41.5418	-9.14801	-0.0250096	107.781	113.38	0.950617
5502	0.00559315	0.206675	75.4066	41.5453	-9.14753	-0.025009	107.779	113.377	0.950629
5503	0.00559408	0.206669	75.4012	41.5488	-9.14705	-0.0250084	107.778	113.374	0.95064
5504	0.00559501	0.206664	75.3957	41.5523	-9.14657	-0.0250078	107.776	113.371	0.950652
5505	0.00559593	0.206658	75.3902	41.5558	-9.14608	-0.0250072	107.775	113.368	0.950664
5506	0.00559686	0.206653	75.3847	41.5593	-9.1456	-0.0250066	107.773	113.365	0.950676
5507	0.00559779	0.206647	75.3793	41.5628	-9.14511	-0.025006	107.772	113.362	0.950688
5508	0.00559872	0.206642	75.3737	41.5663	-9.14462	-0.0250055	107.77	113.359	0.950699
5509	0.00559965	0.206636	75.3682	41.5698	-9.14413	-0.0250049	107.769	113.356	0.950711
5510	0.00560057	0.206631	75.3627	41.5733	-9.14364	-0.0250043	107.767	113.353	0.950723
5511	0.0056015	0.206625	75.3572	41.5768	-9.14316	-0.0250037	107.766	113.35	0.950735
5512	0.00560243	0.20662	75.3516	41.5804	-9.14267	-0.0250031	107.764	113.347	0.950747
5513	0.00560336	0.206614	75.3461	41.5839	-9.14218	-0.0250026	107.763	113.344	0.950759
5514	0.00560428	0.206609	75.3406	41.5874	-9.1417	-0.025002	107.761	113.341	0.950771
5515	0.00560521	0.206603	75.335	41.591	-9.14122	-0.0250014	107.76	113.338	0.950783
5516	0.00560614	0.206598	75.3294	41.5945	-9.14074	-0.0250008	107.758	113.335	0.950795
5517	0.00560707	0.206592	75.3239	41.5981	-9.14027	-0.0250003	107.757	113.332	0.950806
5518	0.005608	0.206587	75.3183	41.6016	-9.1398	-0.0249997	107.755	113.329	0.950818
5519	0.00560892	0.206581	75.3127	41.6052	-9.13934	-0.0249991	107.754	113.326	0.95083
5520	0.00560985	0.206576	75.3071	41.6087	-9.13889	-0.0249986	107.752	113.323	0.950842
5521	0.00561078	0.20657	75.3015	41.6123	-9.13844	-0.024998	107.75	113.32	0.950853
5522	0.00561171	0.206565	75.2959	41.6159	-9.138	-0.0249974	107.749	113.317	0.950865
5523	0.00561263	0.206559	75.2904	41.6194	-9.13758	-0.0249969	107.747	113.314	0.950876
5524	0.00561356	0.206553	75.2847	41.623	-9.13716	-0.0249963	107.746	113.311	0.950888
5525	0.00561449	0.206548	75.2791	41.6266	-9.13675	-0.0249957	107.744	113.307	0.950899
5526	0.00561542	0.206542	75.2735	41.6301	-9.13634	-0.0249951	107.742	113.304	0.950911
5527	0.00561634	0.206537	75.2679	41.6337	-9.13594	-0.0249946	107.741	113.301	0.950922
5528	0.00561727	0.206531	75.2623	41.6373	-9.13554	-0.024994	107.739	113.298	0.950933
5529	0.0056182	0.206525	75.2567	41.6409	-9.13513	-0.0249934	107.737	113.295	0.950945
5530	0.00561913	0.20652	75.2511	41.6444	-9.13471	-0.0249929	107.736	113.292	0.950956
5531	0.00562006	0.206514	75.2455	41.648	-9.13428	-0.0249923	107.734	113.289	0.950968
5532	0.00562098	0.206509	75.2398	41.6516	-9.13384	-0.0249917	107.733	113.286	0.950979
5533	0.00562191	0.206503	75.2342	41.6552	-9.13338	-0.0249912	107.731	113.283	0.950991
5534	0.00562284	0.206497	75.2286	41.6588	-9.13292	-0.0249906	107.729	113.28	0.951003
5535	0.00562377	0.206492	75.223	41.6624	-9.13244	-0.02499	107.728	113.277	0.951015
5536	0.00562469	0.206486	75.2173	41.6659	-9.13195	-0.0249895	107.726	113.274	0.951027
5537	0.00562562	0.206481	75.2117	41.6695	-9.13145	-0.0249889	107.725	113.271	0.951039
5538	0.00562655	0.206475	75.2061	41.6731	-9.13094	-0.0249884	107.723	113.268	0.951052
5539	0.00562748	0.206469	75.2004	41.6767	-9.13043	-0.0249878	107.722	113.264	0.951064
5540	0.0056284	0.206464	75.1948	41.6803	-9.12992	-0.0249873	107.72	113.261	0.951076
5541	0.00562933	0.206458	75.1892	41.6839	-9.12941	-0.0249868	107.719	113.258	0.951089
5542	0.00563026	0.206453	75.1836	41.6874	-9.12889	-0.0249862	107.717	113.255	0.951101
5543	0.00563119	0.206447	75.1779	41.691	-9.12839	-0.0249857	107.716	113.252	0.951113
5544	0.00563212	0.206441	75.1723	41.6946	-9.12788	-0.0249852	107.714	113.249	0.951126
5545	0.00563304	0.206436	75.1667	41.6982	-9.12738	-0.0249846	107.712	113.246	0.951138
5546	0.00563397	0.20643	75.1611	41.7018	-9.12688	-0.0249841	107.711	113.243	0.95115
5547	0.0056349	0.206424	75.1554	41.7053	-9.1264	-0.0249836	107.709	113.24	0.951162
5548	0.00563583	0.206419	75.1498	41.7089	-9.12591	-0.024983	107.708	113.237	0.951174
5549	0.00563675	0.206413	75.1442	41.7125	-9.12544	-0.0249825	107.706	113.234	0.951186
5550	0.00563768	0.206408	75.1386	41.7161	-9.12497	-0.024982	107.705	113.231	0.951198
5551	0.00563861	0.206402	75.133	41.7196	-9.1245	-0.0249815	107.703	113.227	0.95121
5552	0.00563954	0.206396	75.1274	41.7232	-9.12404	-0.0249809	107.702	113.224	0.951222
5553	0.00564046	0.206391	75.1218	41.7268	-9.12358	-0.0249804	107.7	113.221	0.951234
5554	0.00564139	0.206385	75.1162	41.7303	-9.12312	-0.0249799	107.698	113.218	0.951246
5555	0.00564232	0.20638	75.1106	41.7339	-9.12267	-0.0249793	107.697	113.215	0.951258
5556	0.00564325	0.206374	75.105	41.7374	-9.12221	-0.0249788	107.695	113.212	0.951269
5557	0.00564417	0.206368	75.0994	41.741	-9.12175	-0.0249783	107.694	113.209	0.951281
5558	0.0056451	0.206363	75.0938	41.7445	-9.12129	-0.0249778	107.692	113.206	0.951293
5559	0.00564603	0.206357	75.0883	41.7481	-9.12083	-0.0249772	107.691	113.203	0.951305
5560	0.00564696	0.206352	75.0827	41.7516	-9.12036	-0.0249767	107.689	113.2	0.951317
5561	0.00564788	0.206346	75.0772	41.7551	-9.11989	-0.0249762	107.687	113.197	0.951329
5562	0.00564881	0.206341	75.0716	41.7587	-9.11942	-0.0249757	107.686	113.194	0.951341
5563	0.00564974	0.206335	75.0661	41.7622	-9.11895	-0.0249751	107.684	113.191	0.951353
5564	0.00565067	0.20633	75.0605	41.7657	-9.11847	-0.0249746	107.683	113.188	0.951364
5565	0.00565159	0.206324	75.055	41.7692	-9.118	-0.0249741	107.681	113.185	0.951376
5566	0.00565252	0.206319	75.0495	41.7727	-9.11754	-0.0249736	107.68	113.182	0.951388
5567	0.00565345	0.206313	75.044	41.7762	-9.11708	-0.0249731	107.678	113.179	0.9514
5568	0.00565438	0.206308	75.0385	41.7797	-9.11663	-0.0249726	107.677	113.176	0.951412
5569	0.0056553	0.206302	75.033	41.7832	-9.11618	-0.0249721	107.675	113.173	0.951423
5570	0.00565623	0.206297	75.0275	41.7867	-9.11575	-0.0249716	107.673	113.17	0.951435
5571	0.00565716	0.206291	75.0221	41.7901	-9.11533	-0.0249711	107.672	113.167	0.951446
5572	0.00565809	0.206286	75.0166	41.7936	-9.11492	-0.0249706	107.67	113.164	0.951457
5573	0.00565901	0.20628	75.0112	41.7971	-9.11452	-0.02497	107.669	113.161	0.951469
5574	0.00565994	0.206275	75.0058	41.8005	-9.11412	-0.0249695	107.667	113.158	0.95148
5575	0.00566087	0.206269	75.0004	41.804	-9.11373	-0.024969	107.666	113.155	0.951491
5576	0.0056618	0.206264	74.995	41.8074	-9.11334	-0.0249685	107.664	113.152	0.951502
5577	0.00566272	0.206258	74.9896	41.8108	-9.11294	-0.024968	107.662	113.149	0.951513
5578	0.00566365	0.206253	74.9842	41.8142	-9.11254	-0.0249675	107.661	113.146	0.951524
5579	0.00566458	0.206248	74.9788	41.8176	-9.11212	-0.024967	107.659	113.143	0.951535
5580	0.00566551	0.206242	74.9735	41.821	-9.11171	-0.0249665	107.658	113.14	0.951546
5581	0.00566643	0.206237	74.9682	41.8244	-9.11129	-0.024966	107.656	113.137	0.951558
5582	0.00566736	0.206232	74.9628	41.8278	-9.11088	-0.0249655	107.655	113.134	0.951569
5583	0.00566829	0.206226	74.9575	41.8312	-9.11046	-0.0249651	107.653	113.131	0.95158
5584	0.00566922	0.206221	74.9523	41.8345	-9.11004	-0.0249646	107.652	113.128	0.951591
5585	0.00567014	0.206216	74.947	41.8379	-9.10961	-0.0249641	107.65	113.125	0.951602
5586	0.00567107	0.20621	74.9417	41.8412	-9.10919	-0.0249636	107.649	113.122	0.951613
5587	0.005672	0.206205	74.9365	41.8445	-9.10875	-0.0249631	107.647	113.12	0.951625
5588	0.00567292	0.2062	74.9313	41.8478	-9.10832	-0.0249626	107.646	113.117	0.951636
5589	0.00567385	0.206195	74.926	41.8512	-9.10788	-0.0249621	107.644	113.114	0.951647
5590	0.00567478	0.20619	74.9209	41.8545	-9.10743	-0.0249617	107.643	113.111	0.951658
5591	0.00567571	0.206184	74.9157	41.8577	-9.10699	-0.0249612	107.641	113.108	0.95167
5592	0.00567663	0.206179	74.9105	41.861	-9.10654	-0.0249607	107.64	113.105	0.951681
5593	0.00567756	0.206174	74.9054	41.8643	-9.10609	-0.0249602	107.639	113.102	0.951692
5594	0.00567849	0.206169	74.9003	41.8675	-9.10564	-0.0249597	107.637	113.1	0.951703
5595	0.00567942	0.206164	74.8951	41.8708	-9.10519	-0.0249593	107.636	113.097	0.951714
5596	0.00568034	0.206159	74.8901	41.874	-9.10475	-0.0249588	107.634	113.094	0.951726
5597	0.00568127	0.206153	74.885	41.8772	-9.1043	-0.0249583	107.633	113.091	0.951737
5598	0.0056822	0.206148	74.8799	41.8804	-9.10386	-0.0249579	107.632	113.088	0.951748
5599	0.00568313	0.206143	74.8749	41.8836	-9.10342	-0.0249574	107.63	113.086	0.951759
5600	0.00568405	0.206138	74.8699	41.8868	-9.10299	-0.0249569	107.629	113.083	0.95177
5601	0.00568498	0.206133	74.8649	41.89	-9.10255	-0.0249565	107.627	113.08	0.951781
5602	0.00568591	0.206128	74.8599	41.8932	-9.10211	-0.024956	107.626	113.077	0.951792
5603	0.00568684	0.206123	74.8549	41.8963	-9.10167	-0.0249555	107.625	113.075	0.951802
5604	0.00568776	0.206118	74.85	41.8994	-9.10122	-0.024955	107.623	113.072	0.951813
5605	0.00568869	0.206113	74.8451	41.9026	-9.10077	-0.0249546	107.622	113.069	0.951824
5606	0.00568962	0.206108	74.8401	41.9057	-9.10031	-0.0249541	107.621	113.066	0.951835
5607	0.00569054	0.206103	74.8353	41.9088	-9.09984	-0.0249536	107.619	113.064	0.951846
5608	0.00569147	0.206099	74.8304	41.9119	-9.09937	-0.0249532	107.618	113.061	0.951858
5609	0.0056924	0.206094	74.8255	41.9149	-9.09888	-0.0249527	107.617	113.058	0.951869
5610	0.00569333	0.206089	74.8207	41.918	-9.0984	-0.0249523	107.615	113.056	0.95188
5611	0.00569425	0.206084	74.8159	41.9211	-9.0979	-0.0249518	107.614	113.053	0.951891
5612	0.00569518	0.206079	74.8111	41.9241	-9.0974	-0.0249513	107.613	113.05	0.951902
5613	0.00569611	0.206074	74.8064	41.9271	-9.0969	-0.0249509	107.612	113.048	0.951914
5614	0.00569704	0.20607	74.8016	41.9301	-9.09639	-0.0249504	107.61	113.045	0.951925
5615	0.00569796	0.206065	74.7969	41.9331	-9.09588	-0.02495	107.609	113.042	0.951936
5616	0.00569889	0.20606	74.7922	41.9361	-9.09538	-0.0249495	107.608	113.04	0.951947
5617	0.00569982	0.206055	74.7875	41.9391	-9.09488	-0.0249491	107.607	113.037	0.951958
5618	0.00570074	0.206051	74.7828	41.942	-9.09439	-0.0249486	107.606	113.035	0.951969
5619	0.00570167	0.206046	74.7782	41.945	-9.0939	-0.0249482	107.604	113.032	0.95198
5620	0.0057026	0.206041	74.7736	41.9479	-9.09343	-0.0249477	107.603	113.03	0.951991
5621	0.00570353	0.206037	74.769	41.9508	-9.09296	-0.0249473	107.602	113.027	0.952001
5622	0.00570445	0.206032	74.7644	41.9537	-9.09249	-0.0249468	107.601	113.025	0.952012
5623	0.00570538	0.206027	74.7599	41.9566	-9.09204	-0.0249463	107.599	113.022	0.952023
5624	0.00570631	0.206023	74.7553	41.9595	-9.0916	-0.0249459	107.598	113.019	0.952033
5625	0.00570723	0.206018	74.7508	41.9623	-9.09116	-0.0249454	107.597	113.017	0.952043
5626	0.00570816	0.206014	74.7464	41.9652	-9.09073	-0.024945	107.596	113.015	0.952053
5627	0.00570909	0.206009	74.7419	41.968	-9.0903	-0.0249445	107.595	113.012	0.952064
5628	0.00571002	0.206005	74.7375	41.9708	-9.08987	-0.0249441	107.593	113.01	0.952074
5629	0.00571094	0.206	74.7331	41.9736	-9.08945	-0.0249436	107.592	113.007	0.952084
5630	0.00571187	0.205996	74.7287	41.9764	-9.08902	-0.0249432	107.591	113.005	0.952094
5631	0.0057128	0.205992	74.7243	41.9791	-9.08859	-0.0249427	107.59	113.002	0.952104
5632	0.00571372	0.205987	74.72	41.9819	-9.08815	-0.0249422	107.589	113	0.952114
5633	0.00571465	0.205983	74.7156	41.9846	-9.08771	-0.0249418	107.588	112.998	0.952124
5634	0.00571558	0.205978	74.7114	41.9874	-9.08725	-0.0249413	107.587	112.995	0.952134
5635	0.00571651	0.205974	74.7071	41.9901	-9.08679	-0.0249409	107.585	112.993	0.952144
5636	0.00571743	0.20597	74.7028	41.9927	-9.08632	-0.0249404	107.584	112.99	0.952155
5637	0.00571836	0.205966	74.6986	41.9954	-9.08584	-0.02494	107.583	112.988	0.952165
5638	0.00571929	0.205961	74.6944	41.9981	-9.08535	-0.0249395	107.582	112.986	0.952175
5639	0.00572021	0.205957	74.6903	42.0007	-9.08485	-0.024939	107.581	112.983	0.952186
5640	0.00572114	0.205953	74.6861	42.0033	-9.08434	-0.0249386	107.58	112.981	0.952196
5641	0.00572207	0.205949	74.682	42.0059	-9.08382	-0.0249381	107.579	112.979	0.952206
5642	0.005723	0.205945	74.678	42.0085	-9.0833	-0.0249377	107.578	112.977	0.952217
5643	0.00572392	0.205941	74.6739	42.0111	-9.08277	-0.0249372	107.577	112.974	0.952227
5644	0.00572485	0.205937	74.6699	42.0136	-9.08223	-0.0249368	107.576	112.972	0.952238
5645	0.00572578	0.205932	74.6659	42.0162	-9.0817	-0.0249363	107.575	112.97	0.952248
5646	0.0057267	0.205928	74.6619	42.0187	-9.08116	-0.0249359	107.574	112.968	0.952259
5647	0.00572763	0.205924	74.6579	42.0212	-9.08063	-0.0249354	107.574	112.965	0.952269
5648	0.00572856	0.205921	74.654	42.0237	-9.08009	-0.024935	107.573	112.963	0.95228
5649	0.00572948	0.205917	74.6501	42.0261	-9.07955	-0.0249346	107.572	112.961	0.95229
5650	0.00573041	0.205913	74.6462	42.0286	-9.07901	-0.0249341	107.571	112.959	0.9523
5651	0.00573134	0.205909	74.6424	42.031	-9.07847	-0.0249337	107.57	112.957	0.952311
5652	0.00573227	0.205905	74.6386	42.0335	-9.07793	-0.0249332	107.569	112.955	0.952321
5653	0.00573319	0.205901	74.6348	42.0359	-9.07738	-0.0249328	107.568	112.953	0.952331
5654	0.00573412	0.205897	74.631	42.0382	-9.07683	-0.0249323	107.567	112.951	0.952341
5655	0.00573505	0.205893	74.6273	42.0406	-9.07627	-0.0249319	107.567	112.948	0.952352
5656	0.00573597	0.20589	74.6236	42.043	-9.0757	-0.0249314	107.566	112.946	0.952362
5657	0.0057369	0.205886	74.6199	42.0453	-9.07512	-0.024931	107.565	112.944	0.952373
5658	0.00573783	0.205882	74.6162	42.0476	-9.07454	-0.0249305	107.564	112.942	0.952383
5659	0.00573875	0.205879	74.6126	42.0499	-9.07394	-0.0249301	107.564	112.94	0.952393
5660	0.00573968	0.205875	74.6089	42.0522	-9.07333	-0.0249297	107.563	112.938	0.952404
5661	0.00574061	0.205871	74.6054	42.0545	-9.07272	-0.0249292	107.562	112.936	0.952415
5662	0.00574154	0.205868	74.6018	42.0567	-9.07209	-0.0249288	107.562	112.934	0.952425
5663	0.00574246	0.205864	74.5983	42.059	-9.07147	-0.0249283	107.561	112.932	0.952436
5664	0.00574339	0.205861	74.5948	42.0612	-9.07083	-0.0249279	107.56	112.93	0.952447
5665	0.00574432	0.205857	74.5913	42.0634	-9.07019	-0.0249275	107.56	112.928	0.952457
5666	0.00574524	0.205854	74.5878	42.0656	-9.06956	-0.024927	107.559	112.927	0.952468
5667	0.00574617	0.20585	74.5844	42.0677	-9.06892	-0.0249266	107.558	112.925	0.952478
5668	0.0057471	0.205847	74.581	42.0699	-9.06829	-0.0249262	107.558	112.923	0.952489
5669	0.00574802	0.205843	74.5776	42.072	-9.06766	-0.0249258	107.557	112.921	0.952499
5670	0.00574895	0.20584	74.5743	42.0741	-9.06703	-0.0249253	107.556	112.919	0.95251
5671	0.00574988	0.205836	74.571	42.0762	-9.06642	-0.0249249	107.556	112.917	0.95252
5672	0.0057508	0.205833	74.5677	42.0783	-9.0658	-0.0249245	107.555	112.915	0.95253
5673	0.00575173	0.20583	74.5644	42.0804	-9.0652	-0.024924	107.555	112.914	0.95254
5674	0.00575266	0.205826	74.5612	42.0824	-9.06461	-0.0249236	107.554	112.912	0.95255
5675	0.00575358	0.205823	74.558	42.0845	-9.06402	-0.0249232	107.553	112.91	0.95256
5676	0.00575451	0.20582	74.5548	42.0865	-9.06343	-0.0249228	107.553	112.908	0.95257
5677	0.00575544	0.205817	74.5516	42.0885	-9.06286	-0.0249223	107.552	112.906	0.952579
5678	0.00575637	0.205814	74.5485	42.0905	-9.06228	-0.0249219	107.552	112.905	0.952589
5679	0.00575729	0.20581	74.5454	42.0924	-9.06171	-0.0249215	107.551	112.903	0.952599
5680	0.00575822	0.205807	74.5423	42.0944	-9.06113	-0.024921	107.551	112.901	0.952608
5681	0.00575915	0.205804	74.5393	42.0963	-9.06055	-0.0249206	107.55	112.9	0.952618
5682	0.00576007	0.205801	74.5363	42.0982	-9.05997	-0.0249201	107.55	112.898	0.952627
5683	0.005761	0.205798	74.5333	42.1001	-9.05939	-0.0249197	107.549	112.896	0.952637
5684	0.00576193	0.205795	74.5303	42.102	-9.05879	-0.0249193	107.549	112.895	0.952646
5685	0.00576285	0.205792	74.5274	42.1038	-9.05819	-0.0249188	107.548	112.893	0.952656
5686	0.00576378	0.205789	74.5245	42.1056	-9.05757	-0.0249184	107.548	112.891	0.952665
5687	0.00576471	0.205786	74.5216	42.1075	-9.05695	-0.0249179	107.547	112.89	0.952675
5688	0.00576563	0.205783	74.5188	42.1093	-9.05631	-0.0249175	107.547	112.888	0.952685
5689	0.00576656	0.205781	74.5159	42.1111	-9.05566	-0.0249171	107.546	112.887	0.952695
5690	0.00576749	0.205778	74.5131	42.1128	-9.055	-0.0249166	107.546	112.885	0.952705
5691	0.00576841	0.205775	74.5104	42.1146	-9.05433	-0.0249162	107.546	112.883	0.952714
5692	0.00576934	0.205772	74.5076	42.1163	-9.05365	-0.0249158	107.545	112.882	0.952724
5693	0.00577027	0.205769	74.5049	42.118	-9.05297	-0.0249153	107.545	112.88	0.952734
5694	0.00577119	0.205767	74.5022	42.1197	-9.05227	-0.0249149	107.545	112.879	0.952744
5695	0.00577212	0.205764	74.4996	42.1214	-9.05157	-0.0249145	107.544	112.877	0.952755
5696	0.00577305	0.205761	74.4969	42.1231	-9.05087	-0.024914	107.544	112.876	0.952765
5697	0.00577397	0.205759	74.4943	42.1247	-9.05017	-0.0249136	107.544	112.874	0.952775
5698	0.0057749	0.205756	74.4917	42.1263	-9.04946	-0.0249132	107.544	112.873	0.952785
5699	0.00577583	0.205753	74.4892	42.1279	-9.04874	-0.0249128	107.543	112.872	0.952795
5700	0.00577675	0.205751	74.4867	42.1295	-9.04803	-0.0249123	107.543	112.87	0.952805
5701	0.00577768	0.205748	74.4842	42.1311	-9.04731	-0.0249119	107.543	112.869	0.952815
5702	0.00577861	0.205746	74.4817	42.1327	-9.04659	-0.0249115	107.543	112.867	0.952825
5703	0.00577953	0.205743	74.4793	42.1342	-9.04586	-0.0249111	107.543	112.866	0.952835
5704	0.00578046	0.205741	74.4768	42.1357	-9.04513	-0.0249106	107.543	112.865	0.952845
5705	0.00578139	0.205738	74.4745	42.1373	-9.04439	-0.0249102	107.542	112.863	0.952855
5706	0.00578231	0.205736	74.4721	42.1387	-9.04363	-0.0249098	107.542	112.862	0.952865
5707	0.00578324	0.205734	74.4698	42.1402	-9.04287	-0.0249094	107.542	112.861	0.952875
5708	0.00578417	0.205731	74.4675	42.1417	-9.0421	-0.024909	107.542	112.86	0.952885
5709	0.00578509	0.205729	74.4652	42.1431	-9.04131	-0.0249085	107.542	112.858	0.952895
5710	0.00578602	0.205727	74.4629	42.1445	-9.04052	-0.0249081	107.542	112.857	0.952906
5711	0.00578695	0.205724	74.4607	42.1459	-9.03971	-0.0249077	107.542	112.856	0.952916
5712	0.00578787	0.205722	74.4585	42.1473	-9.03889	-0.0249073	107.542	112.855	0.952926
5713	0.0057888	0.20572	74.4563	42.1487	-9.03807	-0.0249069	107.542	112.853	0.952937
5714	0.00578973	0.205718	74.4542	42.1501	-9.03724	-0.0249065	107.542	112.852	0.952947
5715	0.00579065	0.205716	74.4521	42.1514	-9.0364	-0.0249061	107.542	112.851	0.952958
5716	0.00579158	0.205713	74.45	42.1527	-9.03557	-0.0249057	107.542	112.85	0.952968
5717	0.00579251	0.205711	74.4479	42.154	-9.03474	-0.0249053	107.542	112.849	0.952979
5718	0.00579343	0.205709	74.4459	42.1553	-9.03391	-0.0249049	107.542	112.847	0.952989
5719	0.00579436	0.205707	74.4439	42.1566	-9.03309	-0.0249045	107.542	112.846	0.952999
5720	0.00579529	0.205705	74.4419	42.1578	-9.03228	-0.0249041	107.543	112.845	0.953009
5721	0.00579621	0.205703	74.4399	42.1591	-9.03147	-0.0249037	107.543	112.844	0.953019
5722	0.00579714	0.205701	74.4379	42.1603	-9.03067	-0.0249033	107.543	112.843	0.953029
5723	0.00579807	0.205699	74.436	42.1615	-9.02988	-0.0249029	107.543	112.842	0.953039
5724	0.00579899	0.205697	74.4341	42.1627	-9.02909	-0.0249025	107.543	112.841	0.953049
5725	0.00579992	0.205695	74.4322	42.1639	-9.02831	-0.0249021	107.543	112.84	0.953058
5726	0.00580085	0.205694	74.4304	42.1651	-9.02753	-0.0249017	107.543	112.839	0.953068
5727	0.00580177	0.205692	74.4286	42.1662	-9.02675	-0.0249012	107.543	112.838	0.953078
5728	0.0058027	0.20569	74.4267	42.1674	-9.02598	-0.0249008	107.543	112.837	0.953087
5729	0.00580363	0.205688	74.425	42.1685	-9.0252	-0.0249004	107.543	112.836	0.953097
5730	0.00580455	0.205686	74.4232	42.1696	-9.02442	-0.0249	107.543	112.835	0.953106
5731	0.00580548	0.205684	74.4214	42.1707	-9.02364	-0.0248996	107.544	112.834	0.953116
5732	0.0058064	0.205683	74.4197	42.1718	-9.02284	-0.0248992	107.544	112.833	0.953125
5733	0.00580733	0.205681	74.418	42.1729	-9.02204	-0.0248988	107.544	112.832	0.953135
5734	0.00580826	0.205679	74.4163	42.174	-9.02122	-0.0248984	107.544	112.831	0.953144
5735	0.00580918	0.205678	74.4147	42.175	-9.0204	-0.024898	107.544	112.83	0.953154
5736	0.00581011	0.205676	74.413	42.176	-9.01957	-0.0248976	107.545	112.829	0.953164
5737	0.00581104	0.205674	74.4114	42.1771	-9.01873	-0.0248971	107.545	112.828	0.953174
5738	0.00581196	0.205673	74.4098	42.1781	-9.01788	-0.0248967	107.545	112.827	0.953184
5739	0.00581289	0.205671	74.4082	42.1791	-9.01702	-0.0248963	107.545	112.826	0.953193
5740	0.00581382	0.205669	74.4066	42.1801	-9.01616	-0.0248959	107.546	112.826	0.953203
5741	0.00581474	0.205668	74.4051	42.1811	-9.01529	-0.0248955	107.546	112.825	0.953213
5742	0.00581567	0.205666	74.4036	42.182	-9.01441	-0.0248951	107.546	112.824	0.953223
5743	0.0058166	0.205665	74.4021	42.183	-9.01353	-0.0248947	107.547	112.823	0.953233
5744	0.00581752	0.205663	74.4006	42.1839	-9.01264	-0.0248943	107.547	112.822	0.953243
5745	0.00581845	0.205662	74.3991	42.1849	-9.01174	-0.0248939	107.547	112.821	0.953253
5746	0.00581938	0.20566	74.3976	42.1858	-9.01084	-0.0248935	107.548	112.82	0.953264
5747	0.0058203	0.205659	74.3962	42.1867	-9.00994	-0.0248931	107.548	112.82	0.953274
5748	0.00582123	0.205657	74.3948	42.1876	-9.00903	-0.0248927	107.548	112.819	0.953284
5749	0.00582215	0.205656	74.3934	42.1885	-9.00812	-0.0248923	107.549	112.818	0.953294
5750	0.00582308	0.205654	74.392	42.1893	-9.0072	-0.024892	107.549	112.817	0.953304
5751	0.00582401	0.205653	74.3906	42.1902	-9.00628	-0.0248916	107.55	112.817	0.953314
5752	0.00582493	0.205652	74.3892	42.1911	-9.00535	-0.0248912	107.55	112.816	0.953325
5753	0.00582586	0.20565	74.3879	42.1919	-9.00441	-0.0248908	107.551	112.815	0.953335
5754	0.00582679	0.205649	74.3866	42.1928	-9.00347	-0.0248904	107.551	112.814	0.953345
5755	0.00582771	0.205648	74.3853	42.1936	-9.00252	-0.02489	107.551	112.814	0.953355
5756	0.00582864	0.205646	74.384	42.1944	-9.00156	-0.0248896	107.552	112.813	0.953366
5757	0.00582956	0.205645	74.3827	42.1952	-9.0006	-0.0248893	107.552	112.812	0.953376
5758	0.00583049	0.205644	74.3814	42.196	-8.99962	-0.0248889	107.553	112.811	0.953387
5759	0.00583142	0.205642	74.3802	42.1968	-8.99864	-0.0248885	107.553	112.811	0.953397
5760	0.00583234	0.205641	74.379	42.1976	-8.99766	-0.0248881	107.554	112.81	0.953408
5761	0.00583327	0.20564	74.3777	42.1983	-8.99667	-0.0248877	107.555	112.809	0.953418
5762	0.0058342	0.205639	74.3765	42.1991	-8.99568	-0.0248874	107.555	112.809	0.953429
5763	0.00583512	0.205637	74.3754	42.1998	-8.99469	-0.024887	107.556	112.808	0.953439
5764	0.00583605	0.205636	74.3742	42.2006	-8.99371	-0.0248866	107.556	112.807	0.95345
5765	0.00583698	0.205635	74.373	42.2013	-8.99272	-0.0248862	107.557	112.807	0.95346
5766	0.0058379	0.205634	74.3719	42.202	-8.99173	-0.0248859	107.557	112.806	0.953471
5767	0.00583883	0.205633	74.3707	42.2028	-8.99075	-0.0248855	107.558	112.805	0.953481
5768	0.00583975	0.205632	74.3696	42.2035	-8.98977	-0.0248851	107.558	112.805	0.953491
5769	0.00584068	0.20563	74.3685	42.2042	-8.98879	-0.0248848	107.559	112.804	0.953502
5770	0.00584161	0.205629	74.3674	42.2049	-8.98782	-0.0248844	107.56	112.804	0.953512
5771	0.00584253	0.205628	74.3663	42.2055	-8.98685	-0.024884	107.56	112.803	0.953522
5772	0.00584346	0.205627	74.3652	42.2062	-8.98589	-0.0248836	107.561	112.802	0.953532
5773	0.00584439	0.205626	74.3642	42.2069	-8.98493	-0.0248833	107.561	112.802	0.953542
5774	0.00584531	0.205625	74.3631	42.2075	-8.98398	-0.0248829	107.562	112.801	0.953552
5775	0.00584624	0.205624	74.3621	42.2082	-8.98303	-0.0248825	107.562	112.801	0.953562
5776	0.00584716	0.205623	74.3611	42.2088	-8.9821	-0.0248822	107.563	112.8	0.953572
5777	0.00584809	0.205622	74.3601	42.2095	-8.98116	-0.0248818	107.564	112.8	0.953581
5778	0.00584902	0.205621	74.3591	42.2101	-8.98024	-0.0248814	107.564	112.799	0.953591
5779	0.00584994	0.20562	74.3581	42.2107	-8.97931	-0.024881	107.565	112.798	0.953601
5780	0.00585087	0.205619	74.3571	42.2113	-8.97839	-0.0248807	107.565	112.798	0.95361
5781	0.0058518	0.205618	74.3562	42.2119	-8.97747	-0.0248803	107.566	112.797	0.95362
5782	0.00585272	0.205617	74.3552	42.2125	-8.97655	-0.0248799	107.566	112.797	0.953629
5783	0.00585365	0.205616	74.3543	42.2131	-8.97563	-0.0248795	107.567	112.796	0.953639
5784	0.00585457	0.205615	74.3534	42.2137	-8.97471	-0.0248791	107.567	112.796	0.953649
5785	0.0058555	0.205614	74.3524	42.2143	-8.97378	-0.0248787	107.568	112.795	0.953658
5786	0.00585643	0.205613	74.3515	42.2149	-8.97284	-0.0248783	107.569	112.795	0.953668
5787	0.00585735	0.205612	74.3506	42.2154	-8.9719	-0.024878	107.569	112.794	0.953677
5788	0.00585828	0.205611	74.3497	42.216	-8.97094	-0.0248776	107.57	112.794	0.953687
5789	0.0058592	0.20561	74.3489	42.2166	-8.96998	-0.0248772	107.571	112.793	0.953697
5790	0.00586013	0.20561	74.348	42.2171	-8.96901	-0.0248768	107.571	112.793	0.953707
5791	0.00586106	0.205609	74.3471	42.2177	-8.96802	-0.0248764	107.572	112.792	0.953717
5792	0.00586198	0.205608	74.3462	42.2182	-8.96703	-0.024876	107.573	112.792	0.953727
5793	0.00586291	0.205607	74.3454	42.2188	-8.96603	-0.0248757	107.573	112.791	0.953737
5794	0.00586384	0.205606	74.3445	42.2193	-8.96501	-0.0248753	107.574	112.791	0.953747
5795	0.00586476	0.205605	74.3437	42.2198	-8.96399	-0.0248749	107.575	112.79	0.953758
5796	0.00586569	0.205604	74.3429	42.2204	-8.96297	-0.0248745	107.575	112.79	0.953768
5797	0.00586661	0.205604	74.342	42.2209	-8.96194	-0.0248742	107.576	112.789	0.953778
5798	0.00586754	0.205603	74.3412	42.2214	-8.9609	-0.0248738	107.577	112.789	0.953789
5799	0.00586847	0.205602	74.3404	42.2219	-8.95987	-0.0248734	107.578	112.789	0.953799
5800	0.00586939	0.205601	74.3396	42.2224	-8.95883	-0.024873	107.578	112.788	0.953809
5801	0.00587032	0.2056	74.3388	42.2229	-8.95779	-0.0248727	107.579	112.788	0.95382
5802	0.00587124	0.205599	74.338	42.2234	-8.95675	-0.0248723	107.58	112.787	0.95383
5803	0.00587217	0.205599	74.3372	42.2239	-8.95572	-0.024872	107.581	112.787	0.953841
5804	0.0058731	0.205598	74.3364	42.2244	-8.95468	-0.0248716	107.581	112.786	0.953851
5805	0.00587402	0.205597	74.3356	42.2249	-8.95365	-0.0248712	107.582	112.786	0.953861
5806	0.00587495	0.205596	74.3348	42.2254	-8.95262	-0.0248709	107.583	112.785	0.953871
5807	0.00587587	0.205595	74.334	42.2259	-8.9516	-0.0248705	107.584	112.785	0.953882
5808	0.0058768	0.205595	74.3333	42.2264	-8.95057	-0.0248702	107.584	112.785	0.953892
5809	0.00587773	0.205594	74.3325	42.2269	-8.94954	-0.0248698	107.585	112.784	0.953902
5810	0.00587865	0.205593	74.3317	42.2274	-8.94852	-0.0248695	107.586	112.784	0.953912
5811	0.00587958	0.205592	74.331	42.2279	-8.94749	-0.0248691	107.586	112.783	0.953923
5812	0.00588051	0.205591	74.3302	42.2283	-8.94647	-0.0248687	107.587	112.783	0.953933
5813	0.00588143	0.205591	74.3295	42.2288	-8.94544	-0.0248684	107.588	112.782	0.953943
5814	0.00588236	0.20559	74.3287	42.2293	-8.94442	-0.024868	107.589	112.782	0.953953
5815	0.00588328	0.205589	74.328	42.2298	-8.94339	-0.0248677	107.589	112.782	0.953963
5816	0.00588421	0.205588	74.3273	42.2302	-8.94236	-0.0248673	107.59	112.781	0.953973
5817	0.00588514	0.205588	74.3265	42.2307	-8.94134	-0.024867	107.591	112.781	0.953984
5818	0.00588606	0.205587	74.3258	42.2311	-8.94032	-0.0248666	107.592	112.78	0.953994
5819	0.00588699	0.205586	74.3251	42.2316	-8.9393	-0.0248663	107.593	112.78	0.954004
5820	0.00588791	0.205586	74.3244	42.232	-8.93829	-0.024866	107.593	112.78	0.954014
5821	0.00588884	0.205585	74.3237	42.2325	-8.93728	-0.0248656	107.594	112.779	0.954024
5822	0.00588977	0.205584	74.323	42.2329	-8.93628	-0.0248653	107.595	112.779	0.954034
5823	0.00589069	0.205583	74.3222	42.2334	-8.93529	-0.0248649	107.595	112.778	0.954044
5824	0.00589162	0.205583	74.3215	42.2338	-8.9343	-0.0248646	107.596	112.778	0.954053
5825	0.00589254	0.205582	74.3208	42.2343	-8.93333	-0.0248642	107.597	112.778	0.954063
5826	0.00589347	0.205581	74.3201	42.2347	-8.93236	-0.0248639	107.598	112.777	0.954073
5827	0.0058944	0.205581	74.3194	42.2352	-8.9314	-0.0248635	107.598	112.777	0.954082
5828	0.00589532	0.20558	74.3187	42.2356	-8.93045	-0.0248632	107.599	112.776	0.954092
5829	0.00589625	0.205579	74.318	42.2361	-8.9295	-0.0248628	107.6	112.776	0.954101
5830	0.00589717	0.205578	74.3173	42.2365	-8.92856	-0.0248624	107.6	112.776	0.95411
5831	0.0058981	0.205578	74.3166	42.237	-8.92763	-0.0248621	107.601	112.775	0.95412
5832	0.00589903	0.205577	74.3159	42.2374	-8.92669	-0.0248617	107.602	112.775	0.954129
5833	0.00589995	0.205576	74.3152	42.2378	-8.92576	-0.0248614	107.602	112.774	0.954138
5834	0.00590088	0.205576	74.3145	42.2383	-8.92483	-0.024861	107.603	112.774	0.954148
5835	0.0059018	0.205575	74.3138	42.2387	-8.92389	-0.0248606	107.604	112.774	0.954157
5836	0.00590273	0.205574	74.3132	42.2392	-8.92296	-0.0248603	107.604	112.773	0.954166
5837	0.00590366	0.205573	74.3125	42.2396	-8.92201	-0.0248599	107.605	112.773	0.954176
5838	0.00590458	0.205573	74.3118	42.24	-8.92107	-0.0248595	107.606	112.773	0.954185
5839	0.00590551	0.205572	74.3111	42.2405	-8.92011	-0.0248592	107.607	112.772	0.954194
5840	0.00590643	0.205571	74.3104	42.2409	-8.91915	-0.0248588	107.607	112.772	0.954204
5841	0.00590736	0.205571	74.3097	42.2413	-8.91819	-0.0248584	107.608	112.771	0.954214
5842	0.00590829	0.20557	74.309	42.2418	-8.91721	-0.0248581	107.609	112.771	0.954223
5843	0.00590921	0.205569	74.3083	42.2422	-8.91623	-0.0248577	107.609	112.771	0.954233
5844	0.00591014	0.205569	74.3076	42.2427	-8.91525	-0.0248574	107.61	112.77	0.954243
5845	0.00591107	0.205568	74.3069	42.2431	-8.91426	-0.024857	107.611	112.77	0.954252
5846	0.00591199	0.205567	74.3062	42.2435	-8.91326	-0.0248566	107.612	112.769	0.954262
5847	0.00591292	0.205566	74.3055	42.244	-8.91226	-0.0248563	107.612	112.769	0.954272
5848	0.00591384	0.205566	74.3049	42.2444	-8.91126	-0.0248559	107.613	112.769	0.954282
5849	0.00591477	0.205565	74.3042	42.2448	-8.91026	-0.0248556	107.614	112.768	0.954292
5850	0.0059157	0.205564	74.3035	42.2453	-8.90925	-0.0248552	107.615	112.768	0.954302
5851	0.00591662	0.205564	74.3028	42.2457	-8.90824	-0.0248549	107.615	112.768	0.954312
5852	0.00591755	0.205563	74.3021	42.2462	-8.90722	-0.0248545	107.616	112.767	0.954322
5853	0.00591847	0.205562	74.3014	42.2466	-8.9062	-0.0248542	107.617	112.767	0.954332
5854	0.0059194	0.205562	74.3007	42.247	-8.90518	-0.0248538	107.618	112.766	0.954342
5855	0.00592033	0.205561	74.3001	42.2475	-8.90415	-0.0248535	107.619	112.766	0.954352
5856	0.00592125	0.20556	74.2994	42.2479	-8.90312	-0.0248532	107.619	112.766	0.954362
5857	0.00592218	0.20556	74.2987	42.2483	-8.90208	-0.0248528	107.62	112.765	0.954372
5858	0.0059231	0.205559	74.298	42.2488	-8.90103	-0.0248525	107.621	112.765	0.954383
5859	0.00592403	0.205558	74.2973	42.2492	-8.89997	-0.0248521	107.622	112.765	0.954393
5860	0.00592496	0.205557	74.2966	42.2496	-8.8989	-0.0248518	107.622	112.764	0.954404
5861	0.00592588	0.205557	74.2959	42.2501	-8.89782	-0.0248515	107.623	112.764	0.954414
5862	0.00592681	0.205556	74.2952	42.2505	-8.89674	-0.0248512	107.624	112.763	0.954425
5863	0.00592773	0.205555	74.2946	42.2509	-8.89565	-0.0248508	107.625	112.763	0.954435
5864	0.00592866	0.205555	74.2939	42.2514	-8.89455	-0.0248505	107.626	112.763	0.954446
5865	0.00592959	0.205554	74.2932	42.2518	-8.89345	-0.0248502	107.627	112.762	0.954457
5866	0.00593051	0.205553	74.2925	42.2523	-8.89235	-0.0248499	107.628	112.762	0.954468
5867	0.00593144	0.205553	74.2918	42.2527	-8.89126	-0.0248495	107.628	112.761	0.954479
5868	0.00593236	0.205552	74.2911	42.2531	-8.89016	-0.0248492	107.629	112.761	0.954489
5869	0.00593329	0.205551	74.2904	42.2536	-8.88908	-0.0248489	107.63	112.761	0.9545
5870	0.00593422	0.20555	74.2897	42.254	-8.888	-0.0248486	107.631	112.76	0.95451
5871	0.00593514	0.20555	74.289	42.2545	-8.88693	-0.0248483	107.632	112.76	0.954521
5872	0.00593607	0.205549	74.2883	42.2549	-8.88588	-0.024848	107.632	112.759	0.954531
5873	0.00593699	0.205548	74.2876	42.2554	-8.88483	-0.0248477	107.633	112.759	0.954542
5874	0.00593792	0.205548	74.2869	42.2558	-8.8838	-0.0248473	107.634	112.759	0.954552
5875	0.00593884	0.205547	74.2861	42.2563	-8.88279	-0.024847	107.635	112.758	0.954562
5876	0.00593977	0.205546	74.2854	42.2567	-8.88179	-0.0248467	107.636	112.758	0.954572
5877	0.0059407	0.205545	74.2847	42.2572	-8.8808	-0.0248464	107.636	112.758	0.954582
5878	0.00594162	0.205545	74.284	42.2576	-8.87982	-0.0248461	107.637	112.757	0.954591
5879	0.00594255	0.205544	74.2833	42.2581	-8.87885	-0.0248457	107.638	112.757	0.954601
5880	0.00594347	0.205543	74.2826	42.2585	-8.8779	-0.0248454	107.638	112.756	0.95461
5881	0.0059444	0.205542	74.2818	42.259	-8.87695	-0.0248451	107.639	112.756	0.95462
5882	0.00594533	0.205542	74.2811	42.2595	-8.87601	-0.0248448	107.64	112.756	0.954629
5883	0.00594625	0.205541	74.2804	42.2599	-8.87507	-0.0248444	107.64	112.755	0.954639
5884	0.00594718	0.20554	74.2797	42.2604	-8.87414	-0.0248441	107.641	112.755	0.954648
5885	0.0059481	0.20554	74.2789	42.2608	-8.87322	-0.0248438	107.642	112.754	0.954657
5886	0.00594903	0.205539	74.2782	42.2613	-8.87229	-0.0248434	107.642	112.754	0.954667
5887	0.00594996	0.205538	74.2775	42.2618	-8.87137	-0.0248431	107.643	112.754	0.954676
5888	0.00595088	0.205537	74.2768	42.2622	-8.87045	-0.0248428	107.644	112.753	0.954685
5889	0.00595181	0.205537	74.276	42.2627	-8.86953	-0.0248424	107.644	112.753	0.954694
5890	0.00595273	0.205536	74.2753	42.2632	-8.86861	-0.0248421	107.645	112.752	0.954703
5891	0.00595366	0.205535	74.2746	42.2636	-8.86769	-0.0248418	107.646	112.752	0.954713
5892	0.00595459	0.205534	74.2738	42.2641	-8.86677	-0.0248414	107.646	112.751	0.954722
5893	0.00595551	0.205534	74.2731	42.2646	-8.86586	-0.0248411	107.647	112.751	0.954731
5894	0.00595644	0.205533	74.2723	42.265	-8.86494	-0.0248408	107.648	112.751	0.95474
5895	0.00595736	0.205532	74.2716	42.2655	-8.86403	-0.0248405	107.648	112.75	0.954749
5896	0.00595829	0.205531	74.2708	42.266	-8.86312	-0.0248401	107.649	112.75	0.954759
5897	0.00595922	0.205531	74.2701	42.2664	-8.86221	-0.0248398	107.649	112.749	0.954768
5898	0.00596014	0.20553	74.2693	42.2669	-8.8613	-0.0248395	107.65	112.749	0.954777
5899	0.00596107	0.205529	74.2686	42.2674	-8.86038	-0.0248392	107.651	112.749	0.954786
5900	0.00596199	0.205528	74.2678	42.2679	-8.85947	-0.0248388	107.651	112.748	0.954795
5901	0.00596292	0.205527	74.2671	42.2684	-8.85855	-0.0248385	107.652	112.748	0.954805
5902	0.00596385	0.205527	74.2663	42.2688	-8.85762	-0.0248382	107.653	112.747	0.954814
5903	0.00596477	0.205526	74.2656	42.2693	-8.85668	-0.0248379	107.653	112.747	0.954823
5904	0.0059657	0.205525	74.2648	42.2698	-8.85573	-0.0248376	107.654	112.746	0.954833
5905	0.00596662	0.205524	74.264	42.2703	-8.85477	-0.0248372	107.655	112.746	0.954843
5906	0.00596755	0.205524	74.2633	42.2708	-8.8538	-0.0248369	107.655	112.746	0.954852
5907	0.00596848	0.205523	74.2625	42.2713	-8.8528	-0.0248366	107.656	112.745	0.954862
5908	0.0059694	0.205522	74.2617	42.2718	-8.8518	-0.0248363	107.657	112.745	0.954872
5909	0.00597033	0.205521	74.2609	42.2723	-8.85077	-0.024836	107.658	112.744	0.954883
5910	0.00597125	0.20552	74.2602	42.2728	-8.84974	-0.0248357	107.658	112.744	0.954893
5911	0.00597218	0.20552	74.2594	42.2733	-8.84869	-0.0248354	107.659	112.743	0.954903
5912	0.00597311	0.205519	74.2586	42.2738	-8.84763	-0.0248351	107.66	112.743	0.954914
5913	0.00597403	0.205518	74.2578	42.2743	-8.84656	-0.0248348	107.661	112.743	0.954925
5914	0.00597496	0.205517	74.257	42.2748	-8.8455	-0.0248346	107.661	112.742	0.954935
5915	0.00597588	0.205516	74.2562	42.2753	-8.84443	-0.0248343	107.662	112.742	0.954946
5916	0.00597681	0.205516	74.2554	42.2758	-8.84338	-0.024834	107.663	112.741	0.954956
5917	0.00597774	0.205515	74.2546	42.2763	-8.84234	-0.0248337	107.664	112.741	0.954967
5918	0.00597866	0.205514	74.2538	42.2768	-8.84131	-0.0248335	107.664	112.74	0.954977
5919	0.00597959	0.205513	74.253	42.2773	-8.84029	-0.0248332	107.665	112.74	0.954987
5920	0.00598051	0.205512	74.2522	42.2778	-8.8393	-0.0248329	107.666	112.739	0.954997
5921	0.00598144	0.205512	74.2514	42.2783	-8.83832	-0.0248326	107.667	112.739	0.955007
5922	0.00598237	0.205511	74.2505	42.2789	-8.83735	-0.0248324	107.667	112.739	0.955017
5923	0.00598329	0.20551	74.2497	42.2794	-8.83641	-0.0248321	107.668	112.738	0.955026
5924	0.00598422	0.205509	74.2489	42.2799	-8.83548	-0.0248318	107.668	112.738	0.955036
5925	0.00598514	0.205508	74.248	42.2804	-8.83457	-0.0248316	107.669	112.737	0.955045
5926	0.00598607	0.205507	74.2472	42.281	-8.83367	-0.0248313	107.67	112.737	0.955054
5927	0.00598699	0.205507	74.2464	42.2815	-8.83278	-0.024831	107.67	112.736	0.955064
5928	0.00598792	0.205506	74.2455	42.282	-8.83191	-0.0248307	107.671	112.736	0.955073
5929	0.00598885	0.205505	74.2447	42.2826	-8.83105	-0.0248304	107.671	112.735	0.955081
5930	0.00598977	0.205504	74.2438	42.2831	-8.83019	-0.0248302	107.672	112.735	0.95509
5931	0.0059907	0.205503	74.2429	42.2837	-8.82935	-0.0248299	107.672	112.734	0.955099
5932	0.00599162	0.205502	74.2421	42.2842	-8.82852	-0.0248296	107.673	112.734	0.955108
5933	0.00599255	0.205501	74.2412	42.2848	-8.82769	-0.0248293	107.673	112.733	0.955116
5934	0.00599348	0.2055	74.2403	42.2853	-8.82687	-0.024829	107.674	112.733	0.955125
5935	0.0059944	0.2055	74.2394	42.2859	-8.82605	-0.0248287	107.674	112.732	0.955133
5936	0.00599533	0.205499	74.2386	42.2865	-8.82524	-0.0248284	107.675	112.732	0.955142
5937	0.00599625	0.205498	74.2377	42.287	-8.82443	-0.0248282	107.675	112.731	0.95515
5938	0.00599718	0.205497	74.2368	42.2876	-8.82364	-0.0248279	107.676	112.731	0.955159
5939	0.00599811	0.205496	74.2359	42.2882	-8.82285	-0.0248276	107.676	112.73	0.955167
5940	0.00599903	0.205495	74.235	42.2888	-8.82206	-0.0248273	107.677	112.73	0.955175
5941	0.00599996	0.205494	74.234	42.2893	-8.82128	-0.024827	107.677	112.729	0.955184
5942	0.00600088	0.205493	74.2331	42.2899	-8.82051	-0.0248267	107.678	112.729	0.955192
5943	0.00600181	0.205492	74.2322	42.2905	-8.81974	-0.0248264	107.678	112.728	0.9552
5944	0.00600274	0.205491	74.2313	42.2911	-8.81898	-0.0248262	107.679	112.728	0.955208
5945	0.00600366	0.20549	74.2303	42.2917	-8.81822	-0.0248259	107.679	112.727	0.955216
5946	0.00600459	0.205489	74.2294	42.2923	-8.81747	-0.0248256	107.679	112.727	0.955224
5947	0.00600551	0.205488	74.2284	42.2929	-8.81672	-0.0248253	107.68	112.726	0.955232
5948	0.00600644	0.205487	74.2275	42.2935	-8.81596	-0.024825	107.68	112.726	0.95524
5949	0.00600736	0.205486	74.2265	42.2941	-8.81521	-0.0248247	107.681	112.725	0.955248
5950	0.00600829	0.205485	74.2255	42.2947	-8.81446	-0.0248245	107.681	112.725	0.955257
5951	0.00600922	0.205484	74.2245	42.2954	-8.81369	-0.0248242	107.681	112.724	0.955265
5952	0.00601014	0.205483	74.2236	42.296	-8.81293	-0.0248239	107.682	112.724	0.955273
5953	0.00601107	0.205482	74.2226	42.2966	-8.81216	-0.0248236	107.682	112.723	0.955281
5954	0.00601199	0.205481	74.2216	42.2973	-8.81137	-0.0248234	107.683	112.722	0.95529
5955	0.00601292	0.20548	74.2206	42.2979	-8.81059	-0.0248231	107.683	112.722	0.955298
5956	0.00601385	0.205479	74.2195	42.2985	-8.80979	-0.0248228	107.683	112.721	0.955307
5957	0.00601477	0.205478	74.2185	42.2992	-8.80899	-0.0248226	107.684	112.721	0.955315
5958	0.0060157	0.205477	74.2175	42.2998	-8.80818	-0.0248223	107.684	112.72	0.955324
5959	0.00601662	0.205476	74.2165	42.3005	-8.80736	-0.024822	107.685	112.72	0.955333
5960	0.00601755	0.205475	74.2154	42.3012	-8.80655	-0.0248218	107.685	112.719	0.955341
5961	0.00601847	0.205474	74.2144	42.3018	-8.80574	-0.0248215	107.686	112.719	0.95535
5962	0.0060194	0.205473	74.2133	42.3025	-8.80493	-0.0248213	107.686	112.718	0.955359
5963	0.00602033	0.205472	74.2123	42.3032	-8.80412	-0.024821	107.686	112.717	0.955368
5964	0.00602125	0.205471	74.2112	42.3038	-8.80333	-0.0248208	107.687	112.717	0.955376
5965	0.00602218	0.20547	74.2101	42.3045	-8.80254	-0.0248205	107.687	112.716	0.955385
5966	0.0060231	0.205469	74.2091	42.3052	-8.80177	-0.0248203	107.688	112.716	0.955393
5967	0.00602403	0.205468	74.208	42.3059	-8.80102	-0.02482	107.688	112.715	0.955401
5968	0.00602496	0.205467	74.2069	42.3066	-8.80028	-0.0248198	107.688	112.714	0.95541
5969	0.00602588	0.205466	74.2058	42.3073	-8.79956	-0.0248196	107.689	112.714	0.955418
5970	0.00602681	0.205464	74.2047	42.308	-8.79885	-0.0248193	107.689	112.713	0.955425
5971	0.00602773	0.205463	74.2035	42.3087	-8.79816	-0.0248191	107.689	112.712	0.955433
5972	0.00602866	0.205462	74.2024	42.3094	-8.79748	-0.0248188	107.69	112.712	0.955441
5973	0.00602958	0.205461	74.2013	42.3101	-8.79682	-0.0248186	107.69	112.711	0.955448
5974	0.00603051	0.20546	74.2002	42.3108	-8.79617	-0.0248183	107.69	112.711	0.955456
5975	0.00603144	0.205459	74.199	42.3116	-8.79553	-0.0248181	107.69	112.71	0.955463
5976	0.00603236	0.205458	74.1979	42.3123	-8.7949	-0.0248178	107.69	112.709	0.95547
5977	0.00603329	0.205456	74.1967	42.313	-8.79428	-0.0248176	107.691	112.709	0.955478
5978	0.00603421	0.205455	74.1955	42.3138	-8.79366	-0.0248173	107.691	112.708	0.955485
5979	0.00603514	0.205454	74.1944	42.3145	-8.79306	-0.0248171	107.691	112.707	0.955492
5980	0.00603607	0.205453	74.1932	42.3153	-8.79246	-0.0248168	107.691	112.707	0.955499
5981	0.00603699	0.205452	74.192	42.316	-8.79186	-0.0248166	107.691	112.706	0.955506
5982	0.00603792	0.20545	74.1908	42.3168	-8.79127	-0.0248163	107.692	112.705	0.955513
5983	0.00603884	0.205449	74.1896	42.3175	-8.79069	-0.0248161	107.692	112.705	0.95552
5984	0.00603977	0.205448	74.1884	42.3183	-8.79011	-0.0248158	107.692	112.704	0.955527
5985	0.00604069	0.205447	74.1872	42.3191	-8.78954	-0.0248156	107.692	112.703	0.955534
5986	0.00604162	0.205446	74.186	42.3198	-8.78898	-0.0248153	107.692	112.703	0.95554
5987	0.00604255	0.205444	74.1848	42.3206	-8.78842	-0.0248151	107.692	112.702	0.955547
5988	0.00604347	0.205443	74.1835	42.3214	-8.78787	-0.0248148	107.692	112.701	0.955554
5989	0.0060444	0.205442	74.1823	42.3222	-8.78733	-0.0248146	107.692	112.701	0.95556
5990	0.00604532	0.205441	74.1811	42.323	-8.78679	-0.0248143	107.692	112.7	0.955567
5991	0.00604625	0.205439	74.1798	42.3238	-8.78627	-0.0248141	107.692	112.699	0.955574
5992	0.00604718	0.205438	74.1786	42.3246	-8.78574	-0.0248138	107.693	112.699	0.95558
5993	0.0060481	0.205437	74.1773	42.3254	-8.78523	-0.0248136	107.693	112.698	0.955586
5994	0.00604903	0.205435	74.176	42.3262	-8.78472	-0.0248133	107.693	112.697	0.955593
5995	0.00604995	0.205434	74.1748	42.327	-8.7842	-0.0248131	107.693	112.697	0.955599
5996	0.00605088	0.205433	74.1735	42.3278	-8.78369	-0.0248128	107.693	112.696	0.955606
5997	0.0060518	0.205432	74.1722	42.3286	-8.78318	-0.0248126	107.693	112.695	0.955612
5998	0.00605273	0.20543	74.1709	42.3294	-8.78267	-0.0248123	107.693	112.694	0.955619
5999	0.00605366	0.205429	74.1696	42.3302	-8.78215	-0.0248121	107.693	112.694	0.955625
6000	0.00605458	0.205428	74.1683	42.3311	-8.78162	-0.0248118	107.693	112.693	0.955632
6001	0.00605551	0.205426	74.167	42.3319	-8.78108	-0.0248116	107.693	112.692	0.955638
6002	0.00605643	0.205425	74.1657	42.3327	-8.78054	-0.0248113	107.693	112.691	0.955645
6003	0.00605736	0.205424	74.1643	42.3336	-8.77999	-0.0248111	107.693	112.691	0.955652
6004	0.00605829	0.205422	74.163	42.3344	-8.77943	-0.0248109	107.693	112.69	0.955659
6005	0.00605921	0.205421	74.1617	42.3353	-8.77886	-0.0248106	107.693	112.689	0.955666
6006	0.00606014	0.20542	74.1603	42.3361	-8.77829	-0.0248104	107.693	112.689	0.955673
6007	0.00606106	0.205418	74.159	42.337	-8.77771	-0.0248102	107.693	112.688	0.95568
6008	0.00606199	0.205417	74.1576	42.3379	-8.77713	-0.0248099	107.694	112.687	0.955687
6009	0.00606291	0.205415	74.1562	42.3387	-8.77655	-0.0248097	107.694	112.686	0.955694
6010	0.00606384	0.205414	74.1549	42.3396	-8.77597	-0.0248095	107.694	112.685	0.955701
6011	0.00606477	0.205413	74.1535	42.3405	-8.77539	-0.0248093	107.694	112.685	0.955709
6012	0.00606569	0.205411	74.1521	42.3413	-8.77483	-0.0248091	107.694	112.684	0.955716
6013	0.00606662	0.20541	74.1507	42.3422	-8.77427	-0.0248089	107.694	112.683	0.955723
6014	0.00606754	0.205408	74.1493	42.3431	-8.77372	-0.0248086	107.694	112.682	0.95573
6015	0.00606847	0.205407	74.1479	42.344	-8.77318	-0.0248084	107.694	112.682	0.955736
6016	0.00606939	0.205406	74.1465	42.3449	-8.77266	-0.0248082	107.694	112.681	0.955743
6017	0.00607032	0.205404	74.1451	42.3458	-8.77215	-0.024808	107.694	112.68	0.95575
6018	0.00607125	0.205403	74.1437	42.3467	-8.77165	-0.0248078	107.694	112.679	0.955756
6019	0.00607217	0.205401	74.1423	42.3476	-8.77117	-0.0248076	107.694	112.678	0.955763
6020	0.0060731	0.2054	74.1408	42.3485	-8.77069	-0.0248074	107.694	112.678	0.955769
6021	0.00607402	0.205398	74.1394	42.3494	-8.77023	-0.0248072	107.694	112.677	0.955775
6022	0.00607495	0.205397	74.1379	42.3503	-8.76978	-0.024807	107.694	112.676	0.955781
6023	0.00607587	0.205395	74.1365	42.3513	-8.76933	-0.0248067	107.694	112.675	0.955787
6024	0.0060768	0.205394	74.135	42.3522	-8.7689	-0.0248065	107.694	112.674	0.955793
6025	0.00607773	0.205392	74.1336	42.3531	-8.76846	-0.0248063	107.693	112.674	0.955799
6026	0.00607865	0.205391	74.1321	42.354	-8.76804	-0.0248061	107.693	112.673	0.955805
6027	0.00607958	0.205389	74.1306	42.355	-8.76762	-0.0248059	107.693	112.672	0.955811
6028	0.0060805	0.205388	74.1291	42.3559	-8.7672	-0.0248057	107.693	112.671	0.955817
6029	0.00608143	0.205386	74.1276	42.3569	-8.76679	-0.0248054	107.693	112.67	0.955823
6030	0.00608235	0.205385	74.1261	42.3578	-8.76638	-0.0248052	107.693	112.67	0.955829
6031	0.00608328	0.205383	74.1246	42.3588	-8.76597	-0.024805	107.693	112.669	0.955835
6032	0.00608421	0.205382	74.1231	42.3597	-8.76557	-0.0248048	107.692	112.668	0.95584
6033	0.00608513	0.20538	74.1216	42.3607	-8.76518	-0.0248046	107.692	112.667	0.955846
6034	0.00608606	0.205379	74.1201	42.3617	-8.76478	-0.0248044	107.692	112.666	0.955852
6035	0.00608698	0.205377	74.1186	42.3626	-8.76439	-0.0248041	107.692	112.665	0.955858
6036	0.00608791	0.205376	74.117	42.3636	-8.76401	-0.0248039	107.692	112.664	0.955863
6037	0.00608883	0.205374	74.1155	42.3646	-8.76363	-0.0248037	107.692	112.664	0.955869
6038	0.00608976	0.205373	74.1139	42.3656	-8.76326	-0.0248035	107.691	112.663	0.955874
6039	0.00609069	0.205371	74.1124	42.3666	-8.7629	-0.0248033	107.691	112.662	0.95588
6040	0.00609161	0.205369	74.1108	42.3675	-8.76253	-0.0248031	107.691	112.661	0.955885
6041	0.00609254	0.205368	74.1092	42.3685	-8.76218	-0.0248028	107.691	112.66	0.955891
6042	0.00609346	0.205366	74.1076	42.3695	-8.76182	-0.0248026	107.691	112.659	0.955896
6043	0.00609439	0.205365	74.1061	42.3706	-8.76147	-0.0248024	107.69	112.658	0.955902
6044	0.00609531	0.205363	74.1045	42.3716	-8.76111	-0.0248022	107.69	112.657	0.955907
6045	0.00609624	0.205361	74.1029	42.3726	-8.76075	-0.024802	107.69	112.657	0.955913
6046	0.00609717	0.20536	74.1012	42.3736	-8.76039	-0.0248017	107.69	112.656	0.955919
6047	0.00609809	0.205358	74.0996	42.3746	-8.76002	-0.0248015	107.689	112.655	0.955924
6048	0.00609902	0.205356	74.098	42.3757	-8.75965	-0.0248013	107.689	112.654	0.95593
6049	0.00609994	0.205355	74.0964	42.3767	-8.75926	-0.0248011	107.689	112.653	0.955936
6050	0.00610087	0.205353	74.0947	42.3777	-8.75887	-0.0248009	107.689	112.652	0.955942
6051	0.00610179	0.205351	74.0931	42.3788	-8.75847	-0.0248007	107.689	112.651	0.955948
6052	0.00610272	0.20535	74.0914	42.3798	-8.75805	-0.0248005	107.688	112.65	0.955954
6053	0.00610365	0.205348	74.0898	42.3809	-8.75763	-0.0248003	107.688	112.649	0.95596
6054	0.00610457	0.205346	74.0881	42.3819	-8.7572	-0.0248001	107.688	112.648	0.955966
6055	0.0061055	0.205345	74.0864	42.383	-8.75677	-0.0247999	107.688	112.647	0.955973
6056	0.00610642	0.205343	74.0847	42.3841	-8.75633	-0.0247997	107.688	112.647	0.955979
6057	0.00610735	0.205341	74.0831	42.3851	-8.75588	-0.0247995	107.688	112.646	0.955985
6058	0.00610827	0.20534	74.0814	42.3862	-8.75544	-0.0247993	107.687	112.645	0.955992
6059	0.0061092	0.205338	74.0796	42.3873	-8.75499	-0.0247991	107.687	112.644	0.955998
6060	0.00611013	0.205336	74.0779	42.3884	-8.75455	-0.0247989	107.687	112.643	0.956005
6061	0.00611105	0.205334	74.0762	42.3895	-8.75412	-0.0247987	107.687	112.642	0.956011
6062	0.00611198	0.205333	74.0745	42.3906	-8.75369	-0.0247985	107.687	112.641	0.956018
6063	0.0061129	0.205331	74.0728	42.3917	-8.75327	-0.0247984	107.686	112.64	0.956024
6064	0.00611383	0.205329	74.071	42.3928	-8.75286	-0.0247982	107.686	112.639	0.95603
6065	0.00611475	0.205327	74.0693	42.3939	-8.75246	-0.024798	107.686	112.638	0.956036
6066	0.00611568	0.205325	74.0675	42.395	-8.75207	-0.0247978	107.686	112.637	0.956042
6067	0.0061166	0.205324	74.0657	42.3961	-8.75169	-0.0247976	107.685	112.636	0.956048
6068	0.00611753	0.205322	74.064	42.3972	-8.75131	-0.0247975	107.685	112.635	0.956054
6069	0.00611846	0.20532	74.0622	42.3984	-8.75095	-0.0247973	107.685	112.634	0.95606
6070	0.00611938	0.205318	74.0604	42.3995	-8.75059	-0.0247971	107.685	112.633	0.956066
6071	0.00612031	0.205316	74.0586	42.4006	-8.75024	-0.0247969	107.684	112.632	0.956072
6072	0.00612123	0.205315	74.0568	42.4018	-8.74989	-0.0247967	107.684	112.631	0.956077
6073	0.00612216	0.205313	74.055	42.4029	-8.74954	-0.0247965	107.684	112.63	0.956083
6074	0.00612308	0.205311	74.0532	42.4041	-8.7492	-0.0247964	107.683	112.629	0.956089
6075	0.00612401	0.205309	74.0514	42.4052	-8.74887	-0.0247962	107.683	112.628	0.956094
6076	0.00612494	0.205307	74.0495	42.4064	-8.74853	-0.024796	107.683	112.627	0.9561
6077	0.00612586	0.205305	74.0477	42.4076	-8.7482	-0.0247958	107.682	112.626	0.956106
6078	0.00612679	0.205304	74.0459	42.4087	-8.74787	-0.0247956	107.682	112.625	0.956111
6079	0.00612771	0.205302	74.044	42.4099	-8.74754	-0.0247954	107.682	112.624	0.956117
6080	0.00612864	0.2053	74.0422	42.4111	-8.74721	-0.0247952	107.681	112.623	0.956123
6081	0.00612956	0.205298	74.0403	42.4123	-8.74689	-0.024795	107.681	112.622	0.956128
6082	0.00613049	0.205296	74.0384	42.4134	-8.74657	-0.0247949	107.68	112.621	0.956134
6083	0.00613141	0.205294	74.0365	42.4146	-8.74625	-0.0247947	107.68	112.62	0.95614
6084	0.00613234	0.205292	74.0346	42.4158	-8.74594	-0.0247945	107.68	112.619	0.956145
6085	0.00613327	0.20529	74.0328	42.417	-8.74563	-0.0247943	107.679	112.618	0.956151
6086	0.00613419	0.205288	74.0309	42.4182	-8.74533	-0.0247941	107.679	112.616	0.956156
6087	0.00613512	0.205286	74.0289	42.4194	-8.74503	-0.0247939	107.679	112.615	0.956162
6088	0.00613604	0.205284	74.027	42.4207	-8.74473	-0.0247937	107.678	112.614	0.956167
6089	0.00613697	0.205282	74.0251	42.4219	-8.74444	-0.0247935	107.678	112.613	0.956173
6090	0.00613789	0.20528	74.0232	42.4231	-8.74415	-0.0247933	107.677	112.612	0.956178
6091	0.00613882	0.205279	74.0212	42.4243	-8.74385	-0.0247932	107.677	112.611	0.956184
6092	0.00613975	0.205277	74.0193	42.4256	-8.74356	-0.024793	107.676	112.61	0.956189
6093	0.00614067	0.205275	74.0173	42.4268	-8.74326	-0.0247928	107.676	112.609	0.956195
6094	0.0061416	0.205273	74.0154	42.428	-8.74295	-0.0247926	107.676	112.608	0.9562
6095	0.00614252	0.205271	74.0134	42.4293	-8.74264	-0.0247924	107.675	112.607	0.956206
6096	0.00614345	0.205269	74.0114	42.4305	-8.74232	-0.0247922	107.675	112.606	0.956212
6097	0.00614437	0.205267	74.0095	42.4318	-8.74199	-0.024792	107.674	112.605	0.956217
6098	0.0061453	0.205265	74.0075	42.433	-8.74165	-0.0247918	107.674	112.603	0.956223
6099	0.00614622	0.205263	74.0055	42.4343	-8.7413	-0.0247916	107.674	112.602	0.95623
6100	0.00614715	0.20526	74.0035	42.4356	-8.74093	-0.0247914	107.673	112.601	0.956236
6101	0.00614808	0.205258	74.0015	42.4368	-8.74056	-0.0247913	107.673	112.6	0.956242
6102	0.006149	0.205256	73.9995	42.4381	-8.74017	-0.0247911	107.673	112.599	0.956248
6103	0.00614993	0.205254	73.9974	42.4394	-8.73978	-0.0247909	107.672	112.598	0.956255
6104	0.00615085	0.205252	73.9954	42.4407	-8.73938	-0.0247907	107.672	112.597	0.956262
6105	0.00615178	0.20525	73.9934	42.442	-8.73897	-0.0247905	107.672	112.596	0.956268
6106	0.0061527	0.205248	73.9913	42.4433	-8.73856	-0.0247904	107.671	112.594	0.956275
6107	0.00615363	0.205246	73.9893	42.4446	-8.73814	-0.0247902	107.671	112.593	0.956282
6108	0.00615455	0.205244	73.9872	42.4459	-8.73772	-0.02479	107.671	112.592	0.956288
6109	0.00615548	0.205242	73.9852	42.4472	-8.73731	-0.0247898	107.67	112.591	0.956295
6110	0.00615641	0.20524	73.9831	42.4485	-8.7369	-0.0247897	107.67	112.59	0.956302
6111	0.00615733	0.205238	73.981	42.4498	-8.73649	-0.0247895	107.67	112.589	0.956308
6112	0.00615826	0.205236	73.979	42.4511	-8.73609	-0.0247893	107.669	112.588	0.956315
6113	0.00615918	0.205233	73.9769	42.4524	-8.73569	-0.0247892	107.669	112.586	0.956322
6114	0.00616011	0.205231	73.9748	42.4538	-8.73531	-0.024789	107.668	112.585	0.956328
6115	0.00616103	0.205229	73.9727	42.4551	-8.73492	-0.0247888	107.668	112.584	0.956335
6116	0.00616196	0.205227	73.9706	42.4564	-8.73454	-0.0247887	107.668	112.583	0.956341
6117	0.00616288	0.205225	73.9685	42.4578	-8.73417	-0.0247885	107.667	112.582	0.956348
6118	0.00616381	0.205223	73.9663	42.4591	-8.7338	-0.0247883	107.667	112.581	0.956354
6119	0.00616473	0.205221	73.9642	42.4605	-8.73344	-0.0247881	107.666	112.579	0.956361
6120	0.00616566	0.205218	73.9621	42.4618	-8.73307	-0.024788	107.666	112.578	0.956367
6121	0.00616659	0.205216	73.9599	42.4632	-8.73272	-0.0247878	107.666	112.577	0.956373
6122	0.00616751	0.205214	73.9578	42.4645	-8.73236	-0.0247876	107.665	112.576	0.95638
6123	0.00616844	0.205212	73.9556	42.4659	-8.732	-0.0247874	107.665	112.575	0.956386
6124	0.00616936	0.20521	73.9534	42.4673	-8.73165	-0.0247872	107.664	112.573	0.956392
6125	0.00617029	0.205207	73.9513	42.4686	-8.73129	-0.024787	107.664	112.572	0.956399
6126	0.00617121	0.205205	73.9491	42.47	-8.73094	-0.0247869	107.663	112.571	0.956405
6127	0.00617214	0.205203	73.9469	42.4714	-8.73059	-0.0247867	107.663	112.57	0.956412
6128	0.00617306	0.205201	73.9447	42.4728	-8.73024	-0.0247865	107.662	112.568	0.956418
6129	0.00617399	0.205198	73.9425	42.4742	-8.7299	-0.0247863	107.662	112.567	0.956424
6130	0.00617492	0.205196	73.9403	42.4756	-8.72955	-0.0247861	107.662	112.566	0.956431
6131	0.00617584	0.205194	73.9381	42.477	-8.72921	-0.0247859	107.661	112.565	0.956437
6132	0.00617677	0.205192	73.9358	42.4784	-8.72888	-0.0247857	107.661	112.563	0.956443
6133	0.00617769	0.205189	73.9336	42.4799	-8.72854	-0.0247855	107.66	112.562	0.95645
6134	0.00617862	0.205187	73.9313	42.4813	-8.72821	-0.0247854	107.66	112.561	0.956456
6135	0.00617954	0.205185	73.9291	42.4827	-8.72789	-0.0247852	107.659	112.56	0.956462
6136	0.00618047	0.205183	73.9268	42.4841	-8.72756	-0.024785	107.659	112.558	0.956468
6137	0.00618139	0.20518	73.9246	42.4856	-8.72724	-0.0247848	107.658	112.557	0.956475
6138	0.00618232	0.205178	73.9223	42.487	-8.72692	-0.0247846	107.658	112.556	0.956481
6139	0.00618324	0.205176	73.92	42.4885	-8.7266	-0.0247844	107.657	112.555	0.956487
6140	0.00618417	0.205173	73.9177	42.4899	-8.72627	-0.0247842	107.657	112.553	0.956493
6141	0.0061851	0.205171	73.9154	42.4914	-8.72594	-0.024784	107.656	112.552	0.9565
6142	0.00618602	0.205169	73.9131	42.4928	-8.72561	-0.0247838	107.656	112.551	0.956506
6143	0.00618695	0.205166	73.9107	42.4943	-8.72527	-0.0247836	107.655	112.55	0.956513
6144	0.00618787	0.205164	73.9084	42.4958	-8.72492	-0.0247834	107.655	112.548	0.956519
6145	0.0061888	0.205161	73.9061	42.4973	-8.72457	-0.0247832	107.654	112.547	0.956526
6146	0.00618972	0.205159	73.9037	42.4988	-8.72421	-0.024783	107.654	112.546	0.956532
6147	0.00619065	0.205157	73.9014	42.5003	-8.72384	-0.0247828	107.653	112.544	0.956539
6148	0.00619157	0.205154	73.899	42.5018	-8.72345	-0.0247826	107.653	112.543	0.956546
6149	0.0061925	0.205152	73.8966	42.5033	-8.72305	-0.0247824	107.652	112.542	0.956553
6150	0.00619342	0.205149	73.8943	42.5048	-8.72264	-0.0247822	107.652	112.54	0.95656
6151	0.00619435	0.205147	73.8919	42.5063	-8.72222	-0.024782	107.651	112.539	0.956568
6152	0.00619528	0.205144	73.8895	42.5078	-8.72179	-0.0247818	107.651	112.538	0.956575
6153	0.0061962	0.205142	73.887	42.5093	-8.72134	-0.0247816	107.65	112.536	0.956583
6154	0.00619713	0.20514	73.8846	42.5109	-8.72089	-0.0247814	107.65	112.535	0.95659
6155	0.00619805	0.205137	73.8822	42.5124	-8.72043	-0.0247812	107.649	112.534	0.956598
6156	0.00619898	0.205135	73.8798	42.5139	-8.71997	-0.024781	107.649	112.532	0.956606
6157	0.0061999	0.205132	73.8773	42.5155	-8.7195	-0.0247808	107.649	112.531	0.956614
6158	0.00620083	0.20513	73.8749	42.517	-8.71903	-0.0247806	107.648	112.529	0.956621
6159	0.00620175	0.205127	73.8724	42.5186	-8.71856	-0.0247804	107.648	112.528	0.956629
6160	0.00620268	0.205125	73.8699	42.5202	-8.7181	-0.0247803	107.647	112.527	0.956637
6161	0.0062036	0.205122	73.8674	42.5217	-8.71763	-0.0247801	107.647	112.525	0.956645
6162	0.00620453	0.20512	73.8649	42.5233	-8.71717	-0.0247799	107.646	112.524	0.956653
6163	0.00620545	0.205117	73.8624	42.5249	-8.71672	-0.0247797	107.646	112.523	0.956661
6164	0.00620638	0.205114	73.8599	42.5265	-8.71626	-0.0247795	107.645	112.521	0.956668
6165	0.00620731	0.205112	73.8574	42.5281	-8.71581	-0.0247793	107.645	112.52	0.956676
6166	0.00620823	0.205109	73.8549	42.5297	-8.71536	-0.0247791	107.644	112.518	0.956684
6167	0.00620916	0.205107	73.8523	42.5313	-8.71492	-0.024779	107.644	112.517	0.956692
6168	0.00621008	0.205104	73.8498	42.5329	-8.71447	-0.0247788	107.643	112.515	0.956699
6169	0.00621101	0.205101	73.8472	42.5345	-8.71403	-0.0247786	107.643	112.514	0.956707
6170	0.00621193	0.205099	73.8446	42.5362	-8.71359	-0.0247784	107.642	112.513	0.956715
6171	0.00621286	0.205096	73.8421	42.5378	-8.71314	-0.0247782	107.642	112.511	0.956723
6172	0.00621378	0.205094	73.8395	42.5395	-8.7127	-0.024778	107.641	112.51	0.95673
6173	0.00621471	0.205091	73.8369	42.5411	-8.71226	-0.0247778	107.641	112.508	0.956738
6174	0.00621563	0.205088	73.8343	42.5428	-8.71182	-0.0247776	107.64	112.507	0.956746
6175	0.00621656	0.205086	73.8316	42.5444	-8.71139	-0.0247774	107.64	112.505	0.956754
6176	0.00621748	0.205083	73.829	42.5461	-8.71095	-0.0247772	107.639	112.504	0.956762
6177	0.00621841	0.20508	73.8264	42.5478	-8.71052	-0.024777	107.639	112.502	0.956769
6178	0.00621933	0.205078	73.8237	42.5494	-8.71009	-0.0247768	107.638	112.501	0.956777
6179	0.00622026	0.205075	73.8211	42.5511	-8.70966	-0.0247766	107.638	112.499	0.956785
6180	0.00622119	0.205072	73.8184	42.5528	-8.70924	-0.0247764	107.637	112.498	0.956793
6181	0.00622211	0.205069	73.8157	42.5545	-8.70881	-0.0247762	107.637	112.496	0.956801
6182	0.00622304	0.205067	73.813	42.5562	-8.7084	-0.024776	107.636	112.495	0.956808
6183	0.00622396	0.205064	73.8103	42.5579	-8.70798	-0.0247758	107.635	112.493	0.956816
6184	0.00622489	0.205061	73.8076	42.5596	-8.70757	-0.0247756	107.635	112.492	0.956824
6185	0.00622581	0.205058	73.8049	42.5614	-8.70717	-0.0247754	107.634	112.49	0.956831
6186	0.00622674	0.205056	73.8021	42.5631	-8.70676	-0.0247752	107.634	112.489	0.956839
6187	0.00622766	0.205053	73.7994	42.5648	-8.70635	-0.024775	107.633	112.487	0.956847
6188	0.00622859	0.20505	73.7966	42.5666	-8.70593	-0.0247748	107.632	112.486	0.956855
6189	0.00622951	0.205047	73.7938	42.5684	-8.70552	-0.0247746	107.632	112.484	0.956863
6190	0.00623044	0.205044	73.7911	42.5701	-8.70509	-0.0247744	107.631	112.483	0.956871
6191	0.00623136	0.205041	73.7883	42.5719	-8.70466	-0.0247742	107.631	112.481	0.956879
6192	0.00623229	0.205039	73.7855	42.5737	-8.70421	-0.024774	107.63	112.479	0.956887
6193	0.00623321	0.205036	73.7826	42.5754	-8.70376	-0.0247738	107.63	112.478	0.956895
6194	0.00623414	0.205033	73.7798	42.5772	-8.70329	-0.0247735	107.629	112.476	0.956903
6195	0.00623507	0.20503	73.777	42.579	-8.70281	-0.0247733	107.628	112.475	0.956912
6196	0.00623599	0.205027	73.7741	42.5808	-8.70231	-0.0247731	107.628	112.473	0.956921
6197	0.00623692	0.205024	73.7713	42.5826	-8.7018	-0.0247729	107.627	112.472	0.956929
6198	0.00623784	0.205021	73.7684	42.5845	-8.70127	-0.0247727	107.627	112.47	0.956938
6199	0.00623877	0.205018	73.7655	42.5863	-8.70074	-0.0247725	107.626	112.468	0.956948
6200	0.00623969	0.205015	73.7626	42.5881	-8.70018	-0.0247723	107.626	112.467	0.956957
6201	0.00624062	0.205012	73.7597	42.59	-8.69962	-0.0247722	107.625	112.465	0.956966
6202	0.00624154	0.205009	73.7568	42.5918	-8.69904	-0.024772	107.625	112.463	0.956976
6203	0.00624247	0.205006	73.7538	42.5937	-8.69846	-0.0247718	107.624	112.462	0.956985
6204	0.00624339	0.205003	73.7509	42.5955	-8.69787	-0.0247716	107.624	112.46	0.956995
6205	0.00624432	0.205	73.748	42.5974	-8.69727	-0.0247714	107.623	112.459	0.957005
6206	0.00624524	0.204997	73.745	42.5993	-8.69667	-0.0247712	107.623	112.457	0.957014
6207	0.00624617	0.204994	73.742	42.6012	-8.69607	-0.0247711	107.622	112.455	0.957024
6208	0.00624709	0.204991	73.739	42.603	-8.69547	-0.0247709	107.622	112.454	0.957034
6209	0.00624802	0.204988	73.736	42.6049	-8.69487	-0.0247707	107.621	112.452	0.957044
6210	0.00624894	0.204985	73.733	42.6069	-8.69428	-0.0247705	107.621	112.45	0.957054
6211	0.00624987	0.204982	73.73	42.6088	-8.69368	-0.0247703	107.62	112.448	0.957064
6212	0.00625079	0.204979	73.7269	42.6107	-8.69308	-0.0247702	107.62	112.447	0.957073
6213	0.00625172	0.204976	73.7239	42.6126	-8.69249	-0.02477	107.619	112.445	0.957083
6214	0.00625265	0.204973	73.7208	42.6146	-8.6919	-0.0247698	107.619	112.443	0.957093
6215	0.00625357	0.204969	73.7177	42.6165	-8.6913	-0.0247696	107.618	112.442	0.957103
6216	0.0062545	0.204966	73.7146	42.6185	-8.69071	-0.0247695	107.618	112.44	0.957113
6217	0.00625542	0.204963	73.7115	42.6205	-8.69012	-0.0247693	107.617	112.438	0.957123
6218	0.00625635	0.20496	73.7084	42.6224	-8.68953	-0.0247691	107.617	112.436	0.957133
6219	0.00625727	0.204957	73.7053	42.6244	-8.68895	-0.0247689	107.616	112.435	0.957143
6220	0.0062582	0.204954	73.7021	42.6264	-8.68836	-0.0247688	107.615	112.433	0.957153
6221	0.00625912	0.20495	73.6989	42.6284	-8.68777	-0.0247686	107.615	112.431	0.957163
6222	0.00626005	0.204947	73.6958	42.6304	-8.68719	-0.0247684	107.614	112.429	0.957173
6223	0.00626097	0.204944	73.6926	42.6324	-8.6866	-0.0247682	107.614	112.428	0.957183
6224	0.0062619	0.204941	73.6894	42.6345	-8.68602	-0.024768	107.613	112.426	0.957193
6225	0.00626282	0.204937	73.6861	42.6365	-8.68544	-0.0247679	107.612	112.424	0.957203
6226	0.00626375	0.204934	73.6829	42.6386	-8.68487	-0.0247677	107.612	112.422	0.957213
6227	0.00626467	0.204931	73.6796	42.6406	-8.68429	-0.0247675	107.611	112.42	0.957223
6228	0.0062656	0.204927	73.6764	42.6427	-8.68373	-0.0247673	107.611	112.418	0.957233
6229	0.00626652	0.204924	73.6731	42.6448	-8.68316	-0.0247671	107.61	112.417	0.957242
6230	0.00626745	0.204921	73.6698	42.6469	-8.6826	-0.024767	107.609	112.415	0.957252
6231	0.00626837	0.204917	73.6665	42.649	-8.68205	-0.0247668	107.609	112.413	0.957262
6232	0.0062693	0.204914	73.6631	42.6511	-8.68149	-0.0247666	107.608	112.411	0.957272
6233	0.00627023	0.20491	73.6598	42.6532	-8.68094	-0.0247664	107.607	112.409	0.957282
6234	0.00627115	0.204907	73.6564	42.6553	-8.68039	-0.0247662	107.607	112.407	0.957292
6235	0.00627208	0.204903	73.6531	42.6575	-8.67984	-0.024766	107.606	112.405	0.957302
6236	0.006273	0.2049	73.6497	42.6596	-8.67928	-0.0247658	107.605	112.403	0.957312
6237	0.00627393	0.204896	73.6462	42.6618	-8.67872	-0.0247656	107.605	112.402	0.957322
6238	0.00627485	0.204893	73.6428	42.6639	-8.67816	-0.0247655	107.604	112.4	0.957333
6239	0.00627578	0.204889	73.6394	42.6661	-8.67759	-0.0247653	107.603	112.398	0.957343
6240	0.0062767	0.204886	73.6359	42.6683	-8.677	-0.0247651	107.602	112.396	0.957353
6241	0.00627763	0.204882	73.6324	42.6705	-8.67641	-0.0247649	107.602	112.394	0.957364
6242	0.00627855	0.204879	73.6289	42.6727	-8.67581	-0.0247647	107.601	112.392	0.957374
6243	0.00627948	0.204875	73.6254	42.6749	-8.67519	-0.0247645	107.6	112.39	0.957385
6244	0.0062804	0.204872	73.6219	42.6772	-8.67456	-0.0247643	107.6	112.388	0.957396
6245	0.00628133	0.204868	73.6184	42.6794	-8.67392	-0.0247642	107.599	112.386	0.957407
6246	0.00628225	0.204864	73.6148	42.6817	-8.67326	-0.024764	107.598	112.384	0.957418
6247	0.00628318	0.204861	73.6112	42.6839	-8.67259	-0.0247638	107.598	112.382	0.95743
6248	0.0062841	0.204857	73.6076	42.6862	-8.6719	-0.0247636	107.597	112.38	0.957441
6249	0.00628503	0.204853	73.604	42.6885	-8.67121	-0.0247635	107.597	112.378	0.957453
6250	0.00628595	0.20485	73.6004	42.6908	-8.6705	-0.0247633	107.596	112.376	0.957465
6251	0.00628688	0.204846	73.5967	42.6931	-8.66979	-0.0247631	107.595	112.374	0.957477
6252	0.0062878	0.204842	73.593	42.6954	-8.66907	-0.024763	107.595	112.372	0.957489
6253	0.00628873	0.204838	73.5893	42.6978	-8.66834	-0.0247628	107.594	112.37	0.957501
6254	0.00628965	0.204835	73.5856	42.7001	-8.66761	-0.0247626	107.593	112.368	0.957513
6255	0.00629058	0.204831	73.5819	42.7025	-8.66688	-0.0247625	107.593	112.365	0.957525
6256	0.0062915	0.204827	73.5782	42.7048	-8.66615	-0.0247623	107.592	112.363	0.957537
6257	0.00629243	0.204823	73.5744	42.7072	-8.66542	-0.0247622	107.591	112.361	0.957549
6258	0.00629335	0.204819	73.5706	42.7096	-8.66468	-0.024762	107.591	112.359	0.957561
6259	0.00629428	0.204815	73.5668	42.712	-8.66395	-0.0247619	107.59	112.357	0.957574
6260	0.00629521	0.204811	73.563	42.7144	-8.66322	-0.0247617	107.589	112.355	0.957586
6261	0.00629613	0.204807	73.5592	42.7169	-8.66249	-0.0247616	107.589	112.353	0.957598
6262	0.00629706	0.204804	73.5553	42.7193	-8.66177	-0.0247614	107.588	112.351	0.95761
6263	0.00629798	0.2048	73.5514	42.7218	-8.66104	-0.0247613	107.587	112.348	0.957623
6264	0.00629891	0.204796	73.5475	42.7242	-8.66032	-0.0247611	107.587	112.346	0.957635
6265	0.00629983	0.204792	73.5436	42.7267	-8.6596	-0.024761	107.586	112.344	0.957647
6266	0.00630076	0.204788	73.5397	42.7292	-8.65889	-0.0247608	107.585	112.342	0.95766
6267	0.00630168	0.204784	73.5357	42.7317	-8.65817	-0.0247607	107.584	112.34	0.957672
6268	0.00630261	0.204779	73.5317	42.7342	-8.65746	-0.0247605	107.584	112.337	0.957684
6269	0.00630353	0.204775	73.5278	42.7367	-8.65676	-0.0247604	107.583	112.335	0.957697
6270	0.00630446	0.204771	73.5237	42.7393	-8.65605	-0.0247602	107.582	112.333	0.957709
6271	0.00630538	0.204767	73.5197	42.7418	-8.65536	-0.0247601	107.581	112.331	0.957721
6272	0.00630631	0.204763	73.5156	42.7444	-8.65466	-0.0247599	107.581	112.328	0.957734
6273	0.00630723	0.204759	73.5116	42.747	-8.65398	-0.0247598	107.58	112.326	0.957746
6274	0.00630816	0.204755	73.5075	42.7496	-8.6533	-0.0247596	107.579	112.324	0.957758
6275	0.00630908	0.20475	73.5033	42.7522	-8.65263	-0.0247595	107.578	112.321	0.957771
6276	0.00631001	0.204746	73.4992	42.7548	-8.65196	-0.0247593	107.577	112.319	0.957783
6277	0.00631093	0.204742	73.495	42.7574	-8.65131	-0.0247592	107.576	112.317	0.957795
6278	0.00631186	0.204738	73.4909	42.7601	-8.65066	-0.024759	107.576	112.314	0.957807
6279	0.00631278	0.204733	73.4867	42.7627	-8.65001	-0.0247589	107.575	112.312	0.957819
6280	0.00631371	0.204729	73.4824	42.7654	-8.64938	-0.0247587	107.574	112.31	0.957831
6281	0.00631463	0.204725	73.4782	42.7681	-8.64875	-0.0247586	107.573	112.307	0.957843
6282	0.00631556	0.20472	73.4739	42.7708	-8.64812	-0.0247584	107.572	112.305	0.957855
6283	0.00631648	0.204716	73.4696	42.7735	-8.6475	-0.0247582	107.571	112.302	0.957867
6284	0.00631741	0.204711	73.4653	42.7762	-8.64687	-0.0247581	107.57	112.3	0.957879
6285	0.00631833	0.204707	73.461	42.779	-8.64625	-0.0247579	107.569	112.298	0.957892
6286	0.00631926	0.204703	73.4567	42.7817	-8.64563	-0.0247577	107.568	112.295	0.957904
6287	0.00632018	0.204698	73.4523	42.7845	-8.645	-0.0247576	107.567	112.293	0.957916
6288	0.00632111	0.204694	73.4479	42.7873	-8.64437	-0.0247574	107.566	112.29	0.957928
6289	0.00632203	0.204689	73.4435	42.79	-8.64373	-0.0247573	107.565	112.288	0.957941
6290	0.00632296	0.204684	73.439	42.7929	-8.64308	-0.0247571	107.564	112.285	0.957953
6291	0.00632389	0.20468	73.4346	42.7957	-8.64243	-0.024757	107.563	112.283	0.957966
6292	0.00632481	0.204675	73.4301	42.7985	-8.64177	-0.0247568	107.562	112.28	0.957979
6293	0.00632574	0.204671	73.4256	42.8014	-8.6411	-0.0247566	107.561	112.278	0.957991
6294	0.00632666	0.204666	73.4211	42.8042	-8.64042	-0.0247565	107.56	112.275	0.958004
6295	0.00632759	0.204661	73.4165	42.8071	-8.63973	-0.0247563	107.559	112.273	0.958017
6296	0.00632851	0.204657	73.4119	42.81	-8.63904	-0.0247562	107.558	112.27	0.958031
6297	0.00632944	0.204652	73.4073	42.8129	-8.63834	-0.0247561	107.557	112.267	0.958044
6298	0.00633036	0.204647	73.4027	42.8158	-8.63763	-0.0247559	107.556	112.265	0.958057
6299	0.00633129	0.204643	73.3981	42.8187	-8.63692	-0.0247558	107.555	112.262	0.95807
6300	0.00633221	0.204638	73.3934	42.8217	-8.63621	-0.0247556	107.554	112.26	0.958084
6301	0.00633314	0.204633	73.3887	42.8246	-8.6355	-0.0247555	107.553	112.257	0.958097
6302	0.00633406	0.204628	73.384	42.8276	-8.63478	-0.0247554	107.552	112.254	0.958111
6303	0.00633499	0.204623	73.3793	42.8306	-8.63407	-0.0247552	107.551	112.252	0.958125
6304	0.00633591	0.204618	73.3746	42.8336	-8.63336	-0.0247551	107.55	112.249	0.958138
6305	0.00633684	0.204613	73.3698	42.8366	-8.63265	-0.024755	107.549	112.246	0.958152
6306	0.00633776	0.204609	73.365	42.8397	-8.63195	-0.0247549	107.548	112.244	0.958165
6307	0.00633869	0.204604	73.3602	42.8427	-8.63125	-0.0247547	107.547	112.241	0.958179
6308	0.00633961	0.204599	73.3553	42.8458	-8.63056	-0.0247546	107.546	112.238	0.958192
6309	0.00634054	0.204594	73.3504	42.8488	-8.62987	-0.0247545	107.545	112.235	0.958206
6310	0.00634146	0.204589	73.3456	42.8519	-8.62919	-0.0247544	107.544	112.233	0.95822
6311	0.00634239	0.204584	73.3406	42.855	-8.62851	-0.0247542	107.542	112.23	0.958233
6312	0.00634331	0.204578	73.3357	42.8582	-8.62784	-0.0247541	107.541	112.227	0.958247
6313	0.00634424	0.204573	73.3307	42.8613	-8.62718	-0.024754	107.54	112.224	0.95826
6314	0.00634516	0.204568	73.3258	42.8644	-8.62652	-0.0247539	107.539	112.222	0.958274
6315	0.00634609	0.204563	73.3208	42.8676	-8.62587	-0.0247538	107.538	112.219	0.958287
6316	0.00634701	0.204558	73.3157	42.8708	-8.62522	-0.0247536	107.537	112.216	0.958301
6317	0.00634794	0.204553	73.3107	42.874	-8.62458	-0.0247535	107.535	112.213	0.958314
6318	0.00634886	0.204548	73.3056	42.8772	-8.62395	-0.0247534	107.534	112.21	0.958327
6319	0.00634979	0.204542	73.3005	42.8804	-8.62333	-0.0247533	107.533	112.207	0.958341
6320	0.00635071	0.204537	73.2954	42.8836	-8.62272	-0.0247531	107.532	112.204	0.958354
6321	0.00635164	0.204532	73.2902	42.8869	-8.62211	-0.024753	107.53	112.201	0.958367
6322	0.00635256	0.204526	73.2851	42.8901	-8.62151	-0.0247529	107.529	112.199	0.958381
6323	0.00635349	0.204521	73.2799	42.8934	-8.62092	-0.0247527	107.528	112.196	0.958394
6324	0.00635441	0.204516	73.2747	42.8967	-8.62035	-0.0247526	107.526	112.193	0.958407
6325	0.00635534	0.20451	73.2694	42.9	-8.61978	-0.0247525	107.525	112.19	0.95842
6326	0.00635626	0.204505	73.2642	42.9034	-8.61922	-0.0247524	107.524	112.187	0.958433
6327	0.00635719	0.2045	73.2589	42.9067	-8.61866	-0.0247522	107.522	112.184	0.958446
6328	0.00635811	0.204494	73.2536	42.91	-8.61812	-0.0247521	107.521	112.181	0.958459
6329	0.00635904	0.204489	73.2482	42.9134	-8.61758	-0.024752	107.519	112.178	0.958472
6330	0.00635997	0.204483	73.2429	42.9168	-8.61705	-0.0247518	107.518	112.175	0.958485
6331	0.00636089	0.204478	73.2375	42.9202	-8.61652	-0.0247517	107.516	112.172	0.958498
6332	0.00636182	0.204472	73.2321	42.9236	-8.61599	-0.0247515	107.515	112.169	0.958511
6333	0.00636274	0.204466	73.2267	42.927	-8.61546	-0.0247514	107.513	112.166	0.958524
6334	0.00636367	0.204461	73.2212	42.9305	-8.61494	-0.0247513	107.512	112.163	0.958537
6335	0.00636459	0.204455	73.2158	42.9339	-8.61441	-0.0247511	107.511	112.159	0.95855
6336	0.00636552	0.20445	73.2103	42.9374	-8.61387	-0.024751	107.509	112.156	0.958564
6337	0.00636644	0.204444	73.2048	42.9409	-8.61334	-0.0247508	107.508	112.153	0.958577
6338	0.00636737	0.204438	73.1992	42.9444	-8.61279	-0.0247507	107.506	112.15	0.95859
6339	0.00636829	0.204432	73.1937	42.9479	-8.61225	-0.0247506	107.505	112.147	0.958604
6340	0.00636922	0.204427	73.1881	42.9514	-8.61169	-0.0247504	107.503	112.144	0.958617
6341	0.00637014	0.204421	73.1825	42.9549	-8.61113	-0.0247503	107.502	112.141	0.958631
6342	0.00637107	0.204415	73.1768	42.9585	-8.61057	-0.0247502	107.5	112.137	0.958645
6343	0.00637199	0.204409	73.1712	42.9621	-8.61	-0.02475	107.498	112.134	0.958658
6344	0.00637292	0.204403	73.1655	42.9656	-8.60943	-0.0247499	107.497	112.131	0.958672
6345	0.00637384	0.204398	73.1598	42.9692	-8.60886	-0.0247498	107.495	112.128	0.958686
6346	0.00637477	0.204392	73.1541	42.9728	-8.60828	-0.0247497	107.494	112.125	0.9587
6347	0.00637569	0.204386	73.1483	42.9765	-8.6077	-0.0247496	107.492	112.121	0.958714
6348	0.00637662	0.20438	73.1426	42.9801	-8.60712	-0.0247494	107.491	112.118	0.958728
6349	0.00637754	0.204374	73.1368	42.9838	-8.60653	-0.0247493	107.489	112.115	0.958743
6350	0.00637847	0.204368	73.131	42.9874	-8.60595	-0.0247492	107.488	112.112	0.958757
6351	0.00637939	0.204362	73.1251	42.9911	-8.60536	-0.0247491	107.486	112.108	0.958771
6352	0.00638032	0.204356	73.1193	42.9948	-8.60477	-0.024749	107.485	112.105	0.958785
6353	0.00638124	0.20435	73.1134	42.9985	-8.60418	-0.0247489	107.483	112.102	0.9588
6354	0.00638217	0.204344	73.1075	43.0022	-8.6036	-0.0247488	107.481	112.098	0.958814
6355	0.00638309	0.204338	73.1016	43.006	-8.60302	-0.0247487	107.48	112.095	0.958828
6356	0.00638402	0.204331	73.0956	43.0097	-8.60244	-0.0247485	107.478	112.092	0.958843
6357	0.00638494	0.204325	73.0897	43.0135	-8.60187	-0.0247484	107.477	112.088	0.958857
6358	0.00638587	0.204319	73.0837	43.0173	-8.6013	-0.0247483	107.475	112.085	0.958871
6359	0.00638679	0.204313	73.0777	43.0211	-8.60074	-0.0247482	107.473	112.081	0.958886
6360	0.00638772	0.204307	73.0716	43.0249	-8.60018	-0.0247481	107.472	112.078	0.9589
6361	0.00638864	0.2043	73.0656	43.0287	-8.59964	-0.024748	107.47	112.075	0.958914
6362	0.00638957	0.204294	73.0595	43.0325	-8.5991	-0.0247479	107.468	112.071	0.958929
6363	0.00639049	0.204288	73.0534	43.0364	-8.59857	-0.0247478	107.466	112.068	0.958943
6364	0.00639142	0.204281	73.0473	43.0402	-8.59805	-0.0247477	107.465	112.064	0.958957
6365	0.00639234	0.204275	73.0412	43.0441	-8.59755	-0.0247476	107.463	112.061	0.958971
6366	0.00639327	0.204269	73.035	43.048	-8.59705	-0.0247475	107.461	112.057	0.958985
6367	0.00639419	0.204262	73.0288	43.0519	-8.59657	-0.0247474	107.459	112.054	0.958999
6368	0.00639512	0.204256	73.0226	43.0558	-8.59609	-0.0247473	107.458	112.05	0.959013
6369	0.00639604	0.20425	73.0164	43.0597	-8.59563	-0.0247472	107.456	112.047	0.959026
6370	0.00639697	0.204243	73.0101	43.0636	-8.59518	-0.0247471	107.454	112.043	0.95904
6371	0.00639789	0.204237	73.0039	43.0676	-8.59475	-0.0247469	107.452	112.04	0.959054
6372	0.00639882	0.20423	72.9976	43.0716	-8.59432	-0.0247468	107.45	112.036	0.959067
6373	0.00639974	0.204224	72.9913	43.0755	-8.5939	-0.0247467	107.448	112.032	0.959081
6374	0.00640067	0.204217	72.985	43.0795	-8.5935	-0.0247466	107.446	112.029	0.959094
6375	0.00640159	0.20421	72.9786	43.0835	-8.5931	-0.0247465	107.444	112.025	0.959108
6376	0.00640252	0.204204	72.9722	43.0875	-8.59271	-0.0247464	107.442	112.022	0.959121
6377	0.00640344	0.204197	72.9659	43.0916	-8.59233	-0.0247462	107.44	112.018	0.959135
6378	0.00640437	0.204191	72.9594	43.0956	-8.59196	-0.0247461	107.438	112.014	0.959148
6379	0.00640529	0.204184	72.953	43.0997	-8.5916	-0.024746	107.436	112.011	0.959161
6380	0.00640622	0.204177	72.9466	43.1037	-8.59124	-0.0247459	107.434	112.007	0.959174
6381	0.00640715	0.204171	72.9401	43.1078	-8.59089	-0.0247458	107.432	112.003	0.959188
6382	0.00640807	0.204164	72.9336	43.1119	-8.59054	-0.0247456	107.43	112	0.959201
6383	0.006409	0.204157	72.9271	43.116	-8.5902	-0.0247455	107.428	111.996	0.959214
6384	0.00640992	0.20415	72.9206	43.1201	-8.58985	-0.0247454	107.426	111.992	0.959227
6385	0.00641085	0.204144	72.914	43.1242	-8.58951	-0.0247453	107.424	111.989	0.959241
6386	0.00641177	0.204137	72.9075	43.1284	-8.58916	-0.0247452	107.422	111.985	0.959254
6387	0.0064127	0.20413	72.9009	43.1325	-8.58881	-0.024745	107.42	111.981	0.959268
6388	0.00641362	0.204123	72.8943	43.1367	-8.58845	-0.0247449	107.418	111.977	0.959281
6389	0.00641455	0.204116	72.8877	43.1408	-8.58809	-0.0247448	107.416	111.974	0.959295
6390	0.00641547	0.204109	72.881	43.145	-8.58773	-0.0247447	107.414	111.97	0.959308
6391	0.0064164	0.204103	72.8744	43.1492	-8.58736	-0.0247446	107.411	111.966	0.959322
6392	0.00641732	0.204096	72.8677	43.1534	-8.58699	-0.0247445	107.409	111.962	0.959336
6393	0.00641825	0.204089	72.861	43.1576	-8.58661	-0.0247444	107.407	111.958	0.95935
6394	0.00641917	0.204082	72.8543	43.1619	-8.58622	-0.0247442	107.405	111.955	0.959364
6395	0.0064201	0.204075	72.8476	43.1661	-8.58584	-0.0247441	107.403	111.951	0.959378
6396	0.00642102	0.204068	72.8408	43.1704	-8.58545	-0.024744	107.401	111.947	0.959392
6397	0.00642195	0.204061	72.8341	43.1746	-8.58505	-0.0247439	107.399	111.943	0.959406
6398	0.00642287	0.204054	72.8273	43.1789	-8.58466	-0.0247438	107.397	111.939	0.95942
6399	0.0064238	0.204047	72.8205	43.1832	-8.58427	-0.0247437	107.395	111.935	0.959434
6400	0.00642472	0.20404	72.8137	43.1875	-8.58387	-0.0247436	107.393	111.932	0.959448
6401	0.00642565	0.204033	72.8068	43.1918	-8.58348	-0.0247435	107.39	111.928	0.959463
6402	0.00642657	0.204025	72.8	43.1961	-8.58309	-0.0247435	107.388	111.924	0.959477
6403	0.0064275	0.204018	72.7931	43.2004	-8.58271	-0.0247434	107.386	111.92	0.959491
6404	0.00642842	0.204011	72.7862	43.2047	-8.58233	-0.0247433	107.384	111.916	0.959505
6405	0.00642935	0.204004	72.7793	43.2091	-8.58195	-0.0247432	107.382	111.912	0.959519
6406	0.00643027	0.203997	72.7724	43.2134	-8.58158	-0.0247431	107.38	111.908	0.959534
6407	0.0064312	0.20399	72.7655	43.2178	-8.58121	-0.024743	107.377	111.904	0.959548
6408	0.00643212	0.203982	72.7586	43.2222	-8.58085	-0.0247429	107.375	111.9	0.959562
6409	0.00643305	0.203975	72.7516	43.2265	-8.5805	-0.0247428	107.373	111.896	0.959576
6410	0.00643397	0.203968	72.7446	43.2309	-8.58015	-0.0247427	107.371	111.892	0.95959
6411	0.0064349	0.203961	72.7376	43.2353	-8.57982	-0.0247426	107.368	111.888	0.959604
6412	0.00643582	0.203953	72.7306	43.2397	-8.57949	-0.0247426	107.366	111.884	0.959618
6413	0.00643675	0.203946	72.7236	43.2441	-8.57918	-0.0247425	107.364	111.88	0.959632
6414	0.00643767	0.203939	72.7166	43.2486	-8.57887	-0.0247424	107.362	111.876	0.959646
6415	0.0064386	0.203931	72.7095	43.253	-8.57858	-0.0247423	107.359	111.872	0.95966
6416	0.00643952	0.203924	72.7025	43.2574	-8.57829	-0.0247422	107.357	111.868	0.959673
6417	0.00644045	0.203917	72.6954	43.2619	-8.57802	-0.0247421	107.355	111.864	0.959687
6418	0.00644137	0.203909	72.6883	43.2664	-8.57776	-0.024742	107.352	111.86	0.9597
6419	0.0064423	0.203902	72.6812	43.2708	-8.57751	-0.0247419	107.35	111.856	0.959714
6420	0.00644322	0.203895	72.6741	43.2753	-8.57727	-0.0247418	107.347	111.852	0.959727
6421	0.00644415	0.203887	72.667	43.2798	-8.57705	-0.0247417	107.345	111.848	0.959741
6422	0.00644507	0.20388	72.6598	43.2843	-8.57684	-0.0247416	107.343	111.844	0.959754
6423	0.006446	0.203872	72.6527	43.2888	-8.57663	-0.0247415	107.34	111.84	0.959767
6424	0.00644692	0.203865	72.6455	43.2933	-8.57644	-0.0247414	107.338	111.836	0.95978
6425	0.00644785	0.203857	72.6384	43.2978	-8.57625	-0.0247413	107.335	111.832	0.959793
6426	0.00644877	0.20385	72.6312	43.3023	-8.57608	-0.0247412	107.333	111.827	0.959806
6427	0.0064497	0.203842	72.624	43.3068	-8.5759	-0.0247411	107.33	111.823	0.959819
6428	0.00645062	0.203835	72.6168	43.3114	-8.57574	-0.024741	107.328	111.819	0.959832
6429	0.00645155	0.203827	72.6095	43.3159	-8.57557	-0.0247409	107.325	111.815	0.959845
6430	0.00645247	0.20382	72.6023	43.3205	-8.57541	-0.0247408	107.323	111.811	0.959858
6431	0.0064534	0.203812	72.5951	43.325	-8.57525	-0.0247407	107.32	111.807	0.959871
6432	0.00645432	0.203805	72.5878	43.3296	-8.57509	-0.0247406	107.318	111.803	0.959884
6433	0.00645525	0.203797	72.5805	43.3341	-8.57493	-0.0247405	107.315	111.799	0.959897
6434	0.00645617	0.20379	72.5733	43.3387	-8.57476	-0.0247404	107.312	111.794	0.95991
6435	0.0064571	0.203782	72.566	43.3433	-8.57459	-0.0247403	107.31	111.79	0.959923
6436	0.00645802	0.203774	72.5587	43.3479	-8.57442	-0.0247402	107.307	111.786	0.959936
6437	0.00645895	0.203767	72.5514	43.3525	-8.57425	-0.0247401	107.305	111.782	0.959949
6438	0.00645987	0.203759	72.5441	43.3571	-8.57406	-0.02474	107.302	111.778	0.959962
6439	0.0064608	0.203752	72.5368	43.3617	-8.57388	-0.0247399	107.3	111.773	0.959976
6440	0.00646172	0.203744	72.5294	43.3663	-8.57369	-0.0247398	107.297	111.769	0.959989
6441	0.00646265	0.203736	72.5221	43.3709	-8.57349	-0.0247397	107.295	111.765	0.960002
6442	0.00646357	0.203729	72.5148	43.3755	-8.57329	-0.0247396	107.292	111.761	0.960016
6443	0.0064645	0.203721	72.5074	43.3801	-8.57309	-0.0247395	107.29	111.757	0.960029
6444	0.00646542	0.203713	72.5	43.3848	-8.57288	-0.0247394	107.287	111.752	0.960043
6445	0.00646635	0.203706	72.4927	43.3894	-8.57267	-0.0247393	107.285	111.748	0.960057
6446	0.00646727	0.203698	72.4853	43.394	-8.57246	-0.0247392	107.282	111.744	0.96007
6447	0.0064682	0.20369	72.4779	43.3987	-8.57225	-0.0247391	107.28	111.74	0.960084
6448	0.00646912	0.203682	72.4705	43.4033	-8.57203	-0.0247391	107.277	111.736	0.960098
6449	0.00647005	0.203675	72.4631	43.408	-8.57182	-0.024739	107.275	111.731	0.960111
6450	0.00647097	0.203667	72.4557	43.4126	-8.57161	-0.0247389	107.272	111.727	0.960125
6451	0.0064719	0.203659	72.4483	43.4173	-8.5714	-0.0247388	107.269	111.723	0.960139
6452	0.00647282	0.203651	72.4409	43.4219	-8.57119	-0.0247387	107.267	111.719	0.960153
6453	0.00647375	0.203644	72.4335	43.4266	-8.57099	-0.0247387	107.264	111.714	0.960166
6454	0.00647467	0.203636	72.4261	43.4312	-8.57078	-0.0247386	107.262	111.71	0.96018
6455	0.0064756	0.203628	72.4186	43.4359	-8.57059	-0.0247385	107.259	111.706	0.960194
6456	0.00647652	0.20362	72.4112	43.4406	-8.57039	-0.0247384	107.257	111.702	0.960207
6457	0.00647745	0.203613	72.4037	43.4453	-8.57021	-0.0247383	107.254	111.697	0.960221
6458	0.00647837	0.203605	72.3963	43.4499	-8.57002	-0.0247383	107.251	111.693	0.960234
6459	0.0064793	0.203597	72.3888	43.4546	-8.56985	-0.0247382	107.249	111.689	0.960248
6460	0.00648022	0.203589	72.3814	43.4593	-8.56968	-0.0247381	107.246	111.684	0.960261
6461	0.00648115	0.203581	72.3739	43.464	-8.56951	-0.024738	107.244	111.68	0.960275
6462	0.00648207	0.203574	72.3665	43.4687	-8.56936	-0.024738	107.241	111.676	0.960288
6463	0.006483	0.203566	72.359	43.4734	-8.56921	-0.0247379	107.238	111.672	0.960302
6464	0.00648392	0.203558	72.3515	43.478	-8.56907	-0.0247378	107.236	111.667	0.960315
6465	0.00648485	0.20355	72.3441	43.4827	-8.56894	-0.0247377	107.233	111.663	0.960328
6466	0.00648577	0.203542	72.3366	43.4874	-8.56882	-0.0247376	107.23	111.659	0.960341
6467	0.0064867	0.203535	72.3291	43.4921	-8.56871	-0.0247375	107.228	111.654	0.960354
6468	0.00648762	0.203527	72.3216	43.4968	-8.56861	-0.0247375	107.225	111.65	0.960367
6469	0.00648855	0.203519	72.3142	43.5015	-8.56851	-0.0247374	107.222	111.646	0.96038
6470	0.00648947	0.203511	72.3067	43.5062	-8.56842	-0.0247373	107.22	111.642	0.960393
6471	0.0064904	0.203503	72.2992	43.5109	-8.56834	-0.0247372	107.217	111.637	0.960406
6472	0.00649132	0.203495	72.2917	43.5156	-8.56826	-0.0247371	107.214	111.633	0.960418
6473	0.00649225	0.203488	72.2842	43.5203	-8.56819	-0.024737	107.212	111.629	0.960431
6474	0.00649317	0.20348	72.2767	43.525	-8.56812	-0.0247369	107.209	111.624	0.960444
6475	0.0064941	0.203472	72.2692	43.5297	-8.56805	-0.0247369	107.206	111.62	0.960456
6476	0.00649502	0.203464	72.2618	43.5344	-8.56799	-0.0247368	107.203	111.616	0.960469
6477	0.00649595	0.203456	72.2543	43.5391	-8.56793	-0.0247367	107.201	111.611	0.960482
6478	0.00649687	0.203448	72.2468	43.5438	-8.56786	-0.0247366	107.198	111.607	0.960494
6479	0.0064978	0.20344	72.2393	43.5485	-8.5678	-0.0247365	107.195	111.603	0.960507
6480	0.00649872	0.203433	72.2318	43.5532	-8.56773	-0.0247364	107.193	111.598	0.96052
6481	0.00649965	0.203425	72.2243	43.5579	-8.56766	-0.0247363	107.19	111.594	0.960532
6482	0.00650057	0.203417	72.2168	43.5626	-8.56758	-0.0247362	107.187	111.59	0.960545
6483	0.0065015	0.203409	72.2093	43.5673	-8.5675	-0.0247361	107.184	111.586	0.960558
6484	0.00650242	0.203401	72.2018	43.572	-8.56742	-0.0247361	107.182	111.581	0.960571
6485	0.00650335	0.203393	72.1944	43.5767	-8.56732	-0.024736	107.179	111.577	0.960584
6486	0.00650427	0.203385	72.1869	43.5814	-8.56723	-0.0247359	107.176	111.573	0.960597
6487	0.0065052	0.203378	72.1794	43.5861	-8.56712	-0.0247358	107.174	111.568	0.96061
6488	0.00650612	0.20337	72.1719	43.5908	-8.56701	-0.0247357	107.171	111.564	0.960623
6489	0.00650705	0.203362	72.1644	43.5955	-8.56689	-0.0247357	107.168	111.56	0.960636
6490	0.00650797	0.203354	72.157	43.6001	-8.56677	-0.0247356	107.166	111.555	0.960649
6491	0.0065089	0.203346	72.1495	43.6048	-8.56664	-0.0247355	107.163	111.551	0.960663
6492	0.00650982	0.203338	72.142	43.6095	-8.56651	-0.0247354	107.16	111.547	0.960676
6493	0.00651075	0.20333	72.1346	43.6142	-8.56638	-0.0247354	107.158	111.542	0.960689
6494	0.00651167	0.203323	72.1271	43.6189	-8.56624	-0.0247353	107.155	111.538	0.960703
6495	0.0065126	0.203315	72.1196	43.6236	-8.56609	-0.0247352	107.152	111.534	0.960716
6496	0.00651352	0.203307	72.1122	43.6282	-8.56595	-0.0247352	107.15	111.53	0.960729
6497	0.00651445	0.203299	72.1047	43.6329	-8.5658	-0.0247351	107.147	111.525	0.960743
6498	0.00651537	0.203291	72.0973	43.6376	-8.56566	-0.024735	107.144	111.521	0.960756
6499	0.0065163	0.203283	72.0898	43.6422	-8.56551	-0.024735	107.142	111.517	0.96077
6500	0.00651722	0.203276	72.0824	43.6469	-8.56537	-0.0247349	107.139	111.512	0.960783
6501	0.00651815	0.203268	72.0749	43.6516	-8.56522	-0.0247348	107.137	111.508	0.960797
6502	0.00651907	0.20326	72.0675	43.6562	-8.56508	-0.0247348	107.134	111.504	0.96081
6503	0.00652	0.203252	72.0601	43.6609	-8.56493	-0.0247347	107.131	111.499	0.960823
6504	0.00652092	0.203244	72.0527	43.6655	-8.5648	-0.0247347	107.129	111.495	0.960837
6505	0.00652185	0.203236	72.0453	43.6702	-8.56466	-0.0247346	107.126	111.491	0.96085
6506	0.00652277	0.203229	72.0378	43.6748	-8.56452	-0.0247345	107.123	111.487	0.960863
6507	0.0065237	0.203221	72.0304	43.6795	-8.5644	-0.0247345	107.121	111.482	0.960876
6508	0.00652462	0.203213	72.023	43.6841	-8.56427	-0.0247344	107.118	111.478	0.96089
6509	0.00652555	0.203205	72.0157	43.6887	-8.56415	-0.0247344	107.115	111.474	0.960903
6510	0.00652647	0.203197	72.0083	43.6933	-8.56403	-0.0247343	107.113	111.47	0.960916
6511	0.0065274	0.20319	72.0009	43.698	-8.56393	-0.0247342	107.11	111.465	0.960929
6512	0.00652832	0.203182	71.9935	43.7026	-8.56382	-0.0247342	107.108	111.461	0.960942
6513	0.00652925	0.203174	71.9862	43.7072	-8.56372	-0.0247341	107.105	111.457	0.960955
6514	0.00653017	0.203166	71.9788	43.7118	-8.56363	-0.0247341	107.102	111.452	0.960968
6515	0.0065311	0.203159	71.9715	43.7164	-8.56354	-0.024734	107.1	111.448	0.96098
6516	0.00653202	0.203151	71.9641	43.721	-8.56346	-0.0247339	107.097	111.444	0.960993
6517	0.00653295	0.203143	71.9568	43.7256	-8.56339	-0.0247339	107.094	111.44	0.961006
6518	0.00653387	0.203136	71.9495	43.7302	-8.56331	-0.0247338	107.092	111.436	0.961018
6519	0.0065348	0.203128	71.9422	43.7347	-8.56324	-0.0247337	107.089	111.431	0.961031
6520	0.00653572	0.20312	71.9349	43.7393	-8.56318	-0.0247337	107.086	111.427	0.961044
6521	0.00653665	0.203112	71.9276	43.7439	-8.56311	-0.0247336	107.084	111.423	0.961056
6522	0.00653757	0.203105	71.9203	43.7484	-8.56305	-0.0247335	107.081	111.419	0.961069
6523	0.0065385	0.203097	71.9131	43.753	-8.56298	-0.0247335	107.078	111.414	0.961081
6524	0.00653942	0.203089	71.9058	43.7575	-8.56292	-0.0247334	107.076	111.41	0.961094
6525	0.00654035	0.203082	71.8986	43.762	-8.56285	-0.0247333	107.073	111.406	0.961106
6526	0.00654127	0.203074	71.8913	43.7666	-8.56278	-0.0247333	107.07	111.402	0.961119
6527	0.0065422	0.203066	71.8841	43.7711	-8.5627	-0.0247332	107.068	111.398	0.961131
6528	0.00654312	0.203059	71.8769	43.7756	-8.56262	-0.0247331	107.065	111.393	0.961144
6529	0.00654405	0.203051	71.8697	43.7801	-8.56254	-0.024733	107.063	111.389	0.961156
6530	0.00654497	0.203044	71.8625	43.7846	-8.56244	-0.024733	107.06	111.385	0.961169
6531	0.0065459	0.203036	71.8554	43.7891	-8.56234	-0.0247329	107.057	111.381	0.961182
6532	0.00654682	0.203029	71.8482	43.7936	-8.56223	-0.0247329	107.055	111.377	0.961194
6533	0.00654775	0.203021	71.8411	43.798	-8.56211	-0.0247328	107.052	111.373	0.961207
6534	0.00654867	0.203013	71.834	43.8025	-8.56199	-0.0247327	107.05	111.369	0.96122
6535	0.0065496	0.203006	71.8268	43.8069	-8.56185	-0.0247327	107.047	111.364	0.961233
6536	0.00655052	0.202998	71.8198	43.8114	-8.56171	-0.0247326	107.045	111.36	0.961246
6537	0.00655145	0.202991	71.8127	43.8158	-8.56155	-0.0247326	107.042	111.356	0.961259
6538	0.00655237	0.202983	71.8056	43.8202	-8.56139	-0.0247325	107.04	111.352	0.961272
6539	0.00655329	0.202976	71.7986	43.8246	-8.56122	-0.0247325	107.037	111.348	0.961285
6540	0.00655422	0.202969	71.7915	43.829	-8.56105	-0.0247324	107.035	111.344	0.961299
6541	0.00655514	0.202961	71.7845	43.8334	-8.56086	-0.0247324	107.032	111.34	0.961312
6542	0.00655607	0.202954	71.7775	43.8378	-8.56067	-0.0247323	107.03	111.336	0.961325
6543	0.00655699	0.202946	71.7705	43.8422	-8.56048	-0.0247323	107.027	111.332	0.961338
6544	0.00655792	0.202939	71.7636	43.8465	-8.56028	-0.0247322	107.025	111.328	0.961352
6545	0.00655884	0.202932	71.7566	43.8509	-8.56007	-0.0247322	107.023	111.324	0.961365
6546	0.00655977	0.202924	71.7497	43.8552	-8.55986	-0.0247321	107.02	111.32	0.961378
6547	0.00656069	0.202917	71.7428	43.8595	-8.55965	-0.0247321	107.018	111.316	0.961392
6548	0.00656162	0.20291	71.7359	43.8638	-8.55944	-0.0247321	107.016	111.312	0.961405
6549	0.00656254	0.202902	71.729	43.8681	-8.55922	-0.024732	107.013	111.308	0.961418
6550	0.00656347	0.202895	71.7221	43.8724	-8.559	-0.024732	107.011	111.304	0.961432
6551	0.00656439	0.202888	71.7153	43.8767	-8.55878	-0.024732	107.008	111.3	0.961445
6552	0.00656532	0.202881	71.7084	43.881	-8.55856	-0.0247319	107.006	111.296	0.961458
6553	0.00656624	0.202873	71.7016	43.8852	-8.55834	-0.0247319	107.004	111.292	0.961472
6554	0.00656717	0.202866	71.6949	43.8895	-8.55811	-0.0247319	107.001	111.288	0.961485
6555	0.00656809	0.202859	71.6881	43.8937	-8.55789	-0.0247318	106.999	111.284	0.961498
6556	0.00656902	0.202852	71.6813	43.8979	-8.55767	-0.0247318	106.997	111.28	0.961511
6557	0.00656994	0.202845	71.6746	43.9021	-8.55745	-0.0247318	106.995	111.276	0.961524
6558	0.00657087	0.202838	71.6679	43.9063	-8.55724	-0.0247317	106.992	111.272	0.961538
6559	0.00657179	0.20283	71.6612	43.9105	-8.55703	-0.0247317	106.99	111.268	0.961551
6560	0.00657272	0.202823	71.6545	43.9147	-8.55682	-0.0247317	106.988	111.264	0.961564
6561	0.00657364	0.202816	71.6479	43.9188	-8.55661	-0.0247316	106.985	111.26	0.961576
6562	0.00657457	0.202809	71.6412	43.923	-8.55641	-0.0247316	106.983	111.257	0.961589
6563	0.00657549	0.202802	71.6346	43.9271	-8.55621	-0.0247316	106.981	111.253	0.961602
6564	0.00657642	0.202795	71.628	43.9312	-8.55601	-0.0247315	106.979	111.249	0.961615
6565	0.00657734	0.202788	71.6215	43.9354	-8.55582	-0.0247315	106.976	111.245	0.961628
6566	0.00657827	0.202781	71.6149	43.9394	-8.55563	-0.0247314	106.974	111.241	0.96164
6567	0.00657919	0.202774	71.6084	43.9435	-8.55544	-0.0247314	106.972	111.237	0.961653
6568	0.00658012	0.202767	71.6019	43.9476	-8.55525	-0.0247314	106.969	111.234	0.961665
6569	0.00658104	0.202761	71.5954	43.9516	-8.55506	-0.0247313	106.967	111.23	0.961678
6570	0.00658197	0.202754	71.5889	43.9557	-8.55486	-0.0247313	106.965	111.226	0.96169
6571	0.00658289	0.202747	71.5825	43.9597	-8.55467	-0.0247312	106.963	111.222	0.961703
6572	0.00658382	0.20274	71.576	43.9637	-8.55447	-0.0247312	106.961	111.219	0.961715
6573	0.00658474	0.202733	71.5696	43.9677	-8.55426	-0.0247312	106.958	111.215	0.961728
6574	0.00658567	0.202726	71.5633	43.9717	-8.55406	-0.0247311	106.956	111.211	0.96174
6575	0.00658659	0.20272	71.5569	43.9757	-8.55384	-0.0247311	106.954	111.207	0.961753
6576	0.00658752	0.202713	71.5506	43.9797	-8.55362	-0.024731	106.952	111.204	0.961766
6577	0.00658844	0.202706	71.5442	43.9836	-8.55339	-0.024731	106.95	111.2	0.961778
6578	0.00658936	0.202699	71.5379	43.9875	-8.55315	-0.024731	106.948	111.196	0.961791
6579	0.00659029	0.202693	71.5317	43.9915	-8.5529	-0.0247309	106.945	111.193	0.961804
6580	0.00659121	0.202686	71.5254	43.9954	-8.55265	-0.0247309	106.943	111.189	0.961816
6581	0.00659214	0.202679	71.5192	43.9993	-8.55238	-0.0247309	106.941	111.185	0.961829
6582	0.00659306	0.202673	71.513	44.0031	-8.5521	-0.0247308	106.939	111.182	0.961842
6583	0.00659399	0.202666	71.5068	44.007	-8.55182	-0.0247308	106.937	111.178	0.961855
6584	0.00659491	0.20266	71.5006	44.0108	-8.55152	-0.0247308	106.935	111.175	0.961868
6585	0.00659584	0.202653	71.4945	44.0147	-8.55122	-0.0247307	106.933	111.171	0.961881
6586	0.00659676	0.202647	71.4883	44.0185	-8.5509	-0.0247307	106.931	111.167	0.961894
6587	0.00659769	0.20264	71.4822	44.0223	-8.55058	-0.0247307	106.929	111.164	0.961907
6588	0.00659861	0.202634	71.4762	44.0261	-8.55024	-0.0247306	106.927	111.16	0.96192
6589	0.00659954	0.202627	71.4701	44.0299	-8.5499	-0.0247306	106.925	111.157	0.961934
6590	0.00660046	0.202621	71.4641	44.0337	-8.54955	-0.0247306	106.923	111.153	0.961947
6591	0.00660139	0.202614	71.4581	44.0374	-8.5492	-0.0247306	106.922	111.15	0.96196
6592	0.00660231	0.202608	71.4521	44.0411	-8.54884	-0.0247305	106.92	111.146	0.961973
6593	0.00660324	0.202602	71.4461	44.0449	-8.54847	-0.0247305	106.918	111.143	0.961987
6594	0.00660416	0.202595	71.4402	44.0486	-8.54809	-0.0247305	106.916	111.139	0.962
6595	0.00660509	0.202589	71.4343	44.0523	-8.54771	-0.0247305	106.914	111.136	0.962014
6596	0.00660601	0.202583	71.4284	44.0559	-8.54733	-0.0247305	106.912	111.132	0.962027
6597	0.00660694	0.202576	71.4225	44.0596	-8.54694	-0.0247304	106.91	111.129	0.96204
6598	0.00660786	0.20257	71.4166	44.0633	-8.54655	-0.0247304	106.909	111.125	0.962054
6599	0.00660879	0.202564	71.4108	44.0669	-8.54615	-0.0247304	106.907	111.122	0.962067
6600	0.00660971	0.202558	71.405	44.0705	-8.54575	-0.0247304	106.905	111.119	0.96208
6601	0.00661064	0.202552	71.3992	44.0741	-8.54535	-0.0247304	106.903	111.115	0.962094
6602	0.00661156	0.202546	71.3935	44.0777	-8.54495	-0.0247303	106.902	111.112	0.962107
6603	0.00661249	0.202539	71.3877	44.0813	-8.54455	-0.0247303	106.9	111.109	0.96212
6604	0.00661341	0.202533	71.382	44.0849	-8.54414	-0.0247303	106.898	111.105	0.962134
6605	0.00661433	0.202527	71.3763	44.0884	-8.54374	-0.0247303	106.896	111.102	0.962147
6606	0.00661526	0.202521	71.3707	44.0919	-8.54333	-0.0247303	106.895	111.099	0.96216
6607	0.00661618	0.202515	71.365	44.0954	-8.54293	-0.0247303	106.893	111.095	0.962173
6608	0.00661711	0.202509	71.3594	44.0989	-8.54253	-0.0247302	106.891	111.092	0.962186
6609	0.00661803	0.202503	71.3538	44.1024	-8.54212	-0.0247302	106.889	111.089	0.962199
6610	0.00661896	0.202497	71.3483	44.1059	-8.54172	-0.0247302	106.888	111.085	0.962212
6611	0.00661988	0.202491	71.3427	44.1094	-8.54132	-0.0247302	106.886	111.082	0.962225
6612	0.00662081	0.202485	71.3372	44.1128	-8.54093	-0.0247302	106.884	111.079	0.962238
6613	0.00662173	0.20248	71.3317	44.1162	-8.54053	-0.0247301	106.883	111.076	0.962251
6614	0.00662266	0.202474	71.3262	44.1197	-8.54013	-0.0247301	106.881	111.072	0.962264
6615	0.00662358	0.202468	71.3208	44.123	-8.53973	-0.0247301	106.879	111.069	0.962277
6616	0.00662451	0.202462	71.3154	44.1264	-8.53933	-0.0247301	106.878	111.066	0.962289
6617	0.00662543	0.202456	71.31	44.1298	-8.53893	-0.0247301	106.876	111.063	0.962302
6618	0.00662636	0.202451	71.3046	44.1332	-8.53853	-0.02473	106.874	111.06	0.962315
6619	0.00662728	0.202445	71.2992	44.1365	-8.53812	-0.02473	106.873	111.057	0.962327
6620	0.00662821	0.202439	71.2939	44.1398	-8.53771	-0.02473	106.871	111.054	0.96234
6621	0.00662913	0.202434	71.2886	44.1431	-8.5373	-0.02473	106.87	111.05	0.962353
6622	0.00663006	0.202428	71.2833	44.1464	-8.53688	-0.0247299	106.868	111.047	0.962366
6623	0.00663098	0.202422	71.2781	44.1497	-8.53645	-0.0247299	106.867	111.044	0.962378
6624	0.00663191	0.202417	71.2728	44.153	-8.53602	-0.0247299	106.865	111.041	0.962391
6625	0.00663283	0.202411	71.2676	44.1562	-8.53558	-0.0247299	106.864	111.038	0.962404
6626	0.00663376	0.202406	71.2624	44.1594	-8.53513	-0.0247298	106.862	111.035	0.962417
6627	0.00663468	0.2024	71.2573	44.1627	-8.53468	-0.0247298	106.861	111.032	0.96243
6628	0.00663561	0.202394	71.2521	44.1659	-8.53421	-0.0247298	106.859	111.029	0.962442
6629	0.00663653	0.202389	71.247	44.1691	-8.53374	-0.0247298	106.858	111.026	0.962455
6630	0.00663746	0.202384	71.2419	44.1722	-8.53326	-0.0247298	106.856	111.023	0.962468
6631	0.00663838	0.202378	71.2368	44.1754	-8.53277	-0.0247297	106.855	111.02	0.962481
6632	0.0066393	0.202373	71.2318	44.1785	-8.53227	-0.0247297	106.853	111.017	0.962494
6633	0.00664023	0.202367	71.2268	44.1817	-8.53176	-0.0247297	106.852	111.014	0.962507
6634	0.00664115	0.202362	71.2218	44.1848	-8.53125	-0.0247297	106.851	111.011	0.962521
6635	0.00664208	0.202357	71.2168	44.1879	-8.53072	-0.0247297	106.849	111.008	0.962534
6636	0.006643	0.202351	71.2118	44.191	-8.53019	-0.0247297	106.848	111.005	0.962547
6637	0.00664393	0.202346	71.2069	44.194	-8.52965	-0.0247296	106.847	111.002	0.96256
6638	0.00664485	0.202341	71.202	44.1971	-8.52911	-0.0247296	106.845	111	0.962573
6639	0.00664578	0.202336	71.1971	44.2001	-8.52856	-0.0247296	106.844	110.997	0.962587
6640	0.0066467	0.20233	71.1923	44.2032	-8.528	-0.0247296	106.843	110.994	0.9626
6641	0.00664763	0.202325	71.1874	44.2062	-8.52744	-0.0247296	106.841	110.991	0.962613
6642	0.00664855	0.20232	71.1826	44.2092	-8.52688	-0.0247296	106.84	110.988	0.962626
6643	0.00664948	0.202315	71.1778	44.2122	-8.52631	-0.0247296	106.839	110.985	0.96264
6644	0.0066504	0.20231	71.1731	44.2151	-8.52574	-0.0247296	106.838	110.983	0.962653
6645	0.00665133	0.202305	71.1683	44.2181	-8.52516	-0.0247296	106.837	110.98	0.962666
6646	0.00665225	0.2023	71.1636	44.221	-8.52458	-0.0247296	106.835	110.977	0.96268
6647	0.00665318	0.202295	71.1589	44.224	-8.524	-0.0247296	106.834	110.974	0.962693
6648	0.0066541	0.20229	71.1543	44.2269	-8.52341	-0.0247296	106.833	110.972	0.962706
6649	0.00665503	0.202285	71.1496	44.2298	-8.52282	-0.0247296	106.832	110.969	0.962719
6650	0.00665595	0.20228	71.145	44.2326	-8.52223	-0.0247296	106.831	110.966	0.962732
6651	0.00665688	0.202275	71.1404	44.2355	-8.52164	-0.0247296	106.83	110.963	0.962746
6652	0.0066578	0.20227	71.1358	44.2383	-8.52105	-0.0247296	106.828	110.961	0.962759
6653	0.00665873	0.202265	71.1313	44.2412	-8.52046	-0.0247296	106.827	110.958	0.962772
6654	0.00665965	0.20226	71.1267	44.244	-8.51986	-0.0247296	106.826	110.955	0.962785
6655	0.00666058	0.202255	71.1222	44.2468	-8.51927	-0.0247296	106.825	110.953	0.962798
6656	0.0066615	0.202251	71.1178	44.2496	-8.51867	-0.0247296	106.824	110.95	0.962811
6657	0.00666243	0.202246	71.1133	44.2524	-8.51808	-0.0247296	106.823	110.947	0.962824
6658	0.00666335	0.202241	71.1089	44.2551	-8.51748	-0.0247296	106.822	110.945	0.962837
6659	0.00666427	0.202236	71.1045	44.2579	-8.51689	-0.0247296	106.821	110.942	0.96285
6660	0.0066652	0.202232	71.1001	44.2606	-8.51629	-0.0247296	106.82	110.94	0.962863
6661	0.00666612	0.202227	71.0957	44.2633	-8.5157	-0.0247296	106.819	110.937	0.962875
6662	0.00666705	0.202222	71.0914	44.266	-8.5151	-0.0247296	106.818	110.935	0.962888
6663	0.00666797	0.202218	71.0871	44.2687	-8.5145	-0.0247296	106.817	110.932	0.962901
6664	0.0066689	0.202213	71.0828	44.2714	-8.5139	-0.0247296	106.816	110.929	0.962914
6665	0.00666982	0.202208	71.0785	44.274	-8.5133	-0.0247296	106.815	110.927	0.962926
6666	0.00667075	0.202204	71.0743	44.2767	-8.5127	-0.0247296	106.814	110.924	0.962939
6667	0.00667167	0.202199	71.07	44.2793	-8.51209	-0.0247296	106.813	110.922	0.962952
6668	0.0066726	0.202195	71.0658	44.2819	-8.51148	-0.0247296	106.812	110.92	0.962965
6669	0.00667352	0.20219	71.0617	44.2845	-8.51086	-0.0247296	106.811	110.917	0.962977
6670	0.00667445	0.202186	71.0575	44.2871	-8.51024	-0.0247296	106.81	110.915	0.96299
6671	0.00667537	0.202182	71.0534	44.2897	-8.50962	-0.0247296	106.809	110.912	0.963003
6672	0.0066763	0.202177	71.0493	44.2922	-8.50899	-0.0247296	106.808	110.91	0.963015
6673	0.00667722	0.202173	71.0452	44.2948	-8.50835	-0.0247296	106.807	110.907	0.963028
6674	0.00667815	0.202168	71.0412	44.2973	-8.50771	-0.0247296	106.806	110.905	0.963041
6675	0.00667907	0.202164	71.0371	44.2998	-8.50706	-0.0247296	106.805	110.903	0.963054
6676	0.00668	0.20216	71.0331	44.3023	-8.5064	-0.0247296	106.804	110.9	0.963066
6677	0.00668092	0.202155	71.0291	44.3048	-8.50574	-0.0247296	106.803	110.898	0.963079
6678	0.00668185	0.202151	71.0252	44.3073	-8.50507	-0.0247296	106.803	110.896	0.963092
6679	0.00668277	0.202147	71.0212	44.3097	-8.50439	-0.0247296	106.802	110.893	0.963105
6680	0.0066837	0.202143	71.0173	44.3121	-8.50371	-0.0247296	106.801	110.891	0.963118
6681	0.00668462	0.202139	71.0134	44.3146	-8.50301	-0.0247296	106.8	110.889	0.963131
6682	0.00668555	0.202134	71.0095	44.317	-8.50232	-0.0247296	106.799	110.886	0.963144
6683	0.00668647	0.20213	71.0057	44.3194	-8.50161	-0.0247296	106.799	110.884	0.963157
6684	0.0066874	0.202126	71.0019	44.3218	-8.5009	-0.0247297	106.798	110.882	0.96317
6685	0.00668832	0.202122	70.9981	44.3241	-8.50019	-0.0247297	106.797	110.88	0.963183
6686	0.00668925	0.202118	70.9943	44.3265	-8.49947	-0.0247297	106.797	110.877	0.963195
6687	0.00669017	0.202114	70.9905	44.3288	-8.49874	-0.0247297	106.796	110.875	0.963208
6688	0.00669109	0.20211	70.9868	44.3311	-8.49801	-0.0247297	106.795	110.873	0.963221
6689	0.00669202	0.202106	70.9831	44.3334	-8.49728	-0.0247298	106.795	110.871	0.963234
6690	0.00669294	0.202102	70.9794	44.3357	-8.49655	-0.0247298	106.794	110.869	0.963247
6691	0.00669387	0.202098	70.9757	44.338	-8.49581	-0.0247298	106.793	110.866	0.96326
6692	0.00669479	0.202094	70.9721	44.3403	-8.49507	-0.0247299	106.793	110.864	0.963273
6693	0.00669572	0.20209	70.9685	44.3425	-8.49432	-0.0247299	106.792	110.862	0.963286
6694	0.00669664	0.202086	70.9649	44.3448	-8.49358	-0.0247299	106.791	110.86	0.963299
6695	0.00669757	0.202083	70.9613	44.347	-8.49283	-0.0247299	106.791	110.858	0.963312
6696	0.00669849	0.202079	70.9577	44.3492	-8.49208	-0.02473	106.79	110.856	0.963325
6697	0.00669942	0.202075	70.9542	44.3514	-8.49133	-0.02473	106.79	110.854	0.963338
6698	0.00670034	0.202071	70.9507	44.3536	-8.49058	-0.0247301	106.789	110.852	0.963351
6699	0.00670127	0.202067	70.9472	44.3558	-8.48983	-0.0247301	106.788	110.85	0.963363
6700	0.00670219	0.202064	70.9437	44.3579	-8.48908	-0.0247301	106.788	110.848	0.963376
6701	0.00670312	0.20206	70.9403	44.3601	-8.48833	-0.0247302	106.787	110.845	0.963389
6702	0.00670404	0.202056	70.9369	44.3622	-8.48758	-0.0247302	106.787	110.843	0.963402
6703	0.00670497	0.202053	70.9335	44.3643	-8.48683	-0.0247302	106.786	110.841	0.963414
6704	0.00670589	0.202049	70.9301	44.3664	-8.48608	-0.0247303	106.786	110.839	0.963427
6705	0.00670682	0.202045	70.9267	44.3685	-8.48533	-0.0247303	106.785	110.837	0.963439
6706	0.00670774	0.202042	70.9234	44.3706	-8.48459	-0.0247304	106.785	110.835	0.963452
6707	0.00670867	0.202038	70.92	44.3727	-8.48384	-0.0247304	106.784	110.834	0.963464
6708	0.00670959	0.202035	70.9167	44.3747	-8.4831	-0.0247304	106.784	110.832	0.963477
6709	0.00671052	0.202031	70.9135	44.3768	-8.48235	-0.0247305	106.783	110.83	0.963489
6710	0.00671144	0.202028	70.9102	44.3788	-8.48161	-0.0247305	106.783	110.828	0.963501
6711	0.00671237	0.202024	70.9069	44.3808	-8.48087	-0.0247306	106.782	110.826	0.963514
6712	0.00671329	0.202021	70.9037	44.3828	-8.48012	-0.0247306	106.782	110.824	0.963526
6713	0.00671422	0.202017	70.9005	44.3848	-8.47938	-0.0247307	106.781	110.822	0.963538
6714	0.00671514	0.202014	70.8973	44.3868	-8.47863	-0.0247307	106.781	110.82	0.96355
6715	0.00671607	0.20201	70.8942	44.3888	-8.47788	-0.0247308	106.78	110.818	0.963563
6716	0.00671699	0.202007	70.891	44.3907	-8.47713	-0.0247308	106.78	110.816	0.963575
6717	0.00671792	0.202003	70.8879	44.3927	-8.47637	-0.0247309	106.779	110.815	0.963587
6718	0.00671884	0.202	70.8848	44.3946	-8.47562	-0.0247309	106.779	110.813	0.963599
6719	0.00671977	0.201997	70.8817	44.3965	-8.47485	-0.024731	106.779	110.811	0.963612
6720	0.00672069	0.201993	70.8786	44.3985	-8.47409	-0.024731	106.778	110.809	0.963624
6721	0.00672162	0.20199	70.8755	44.4004	-8.47332	-0.0247311	106.778	110.807	0.963636
6722	0.00672254	0.201987	70.8725	44.4023	-8.47254	-0.0247311	106.777	110.805	0.963648
6723	0.00672347	0.201984	70.8694	44.4041	-8.47177	-0.0247312	106.777	110.804	0.96366
6724	0.00672439	0.20198	70.8664	44.406	-8.47098	-0.0247312	106.777	110.802	0.963673
6725	0.00672532	0.201977	70.8634	44.4079	-8.47019	-0.0247313	106.776	110.8	0.963685
6726	0.00672624	0.201974	70.8605	44.4097	-8.4694	-0.0247314	106.776	110.798	0.963697
6727	0.00672717	0.201971	70.8575	44.4116	-8.4686	-0.0247314	106.776	110.797	0.96371
6728	0.00672809	0.201968	70.8546	44.4134	-8.46779	-0.0247315	106.775	110.795	0.963722
6729	0.00672902	0.201964	70.8516	44.4152	-8.46699	-0.0247316	106.775	110.793	0.963734
6730	0.00672994	0.201961	70.8487	44.417	-8.46617	-0.0247316	106.775	110.791	0.963747
6731	0.00673087	0.201958	70.8458	44.4188	-8.46536	-0.0247317	106.775	110.79	0.963759
6732	0.00673179	0.201955	70.8429	44.4206	-8.46454	-0.0247318	106.774	110.788	0.963772
6733	0.00673272	0.201952	70.8401	44.4224	-8.46371	-0.0247318	106.774	110.786	0.963784
6734	0.00673364	0.201949	70.8372	44.4242	-8.46289	-0.0247319	106.774	110.785	0.963796
6735	0.00673456	0.201946	70.8344	44.4259	-8.46206	-0.024732	106.774	110.783	0.963809
6736	0.00673549	0.201943	70.8316	44.4277	-8.46123	-0.0247321	106.773	110.781	0.963821
6737	0.00673641	0.20194	70.8288	44.4294	-8.4604	-0.0247322	106.773	110.78	0.963833
6738	0.00673734	0.201937	70.826	44.4312	-8.45957	-0.0247322	106.773	110.778	0.963846
6739	0.00673826	0.201934	70.8233	44.4329	-8.45874	-0.0247323	106.773	110.776	0.963858
6740	0.00673919	0.201931	70.8205	44.4346	-8.4579	-0.0247324	106.772	110.775	0.96387
6741	0.00674011	0.201928	70.8178	44.4363	-8.45707	-0.0247325	106.772	110.773	0.963883
6742	0.00674104	0.201925	70.8151	44.438	-8.45624	-0.0247326	106.772	110.771	0.963895
6743	0.00674196	0.201922	70.8124	44.4397	-8.45541	-0.0247327	106.772	110.77	0.963907
6744	0.00674289	0.201919	70.8097	44.4413	-8.45458	-0.0247328	106.772	110.768	0.963919
6745	0.00674381	0.201916	70.807	44.443	-8.45375	-0.0247329	106.771	110.767	0.963931
6746	0.00674474	0.201913	70.8043	44.4446	-8.45292	-0.0247329	106.771	110.765	0.963943
6747	0.00674566	0.201911	70.8017	44.4463	-8.4521	-0.024733	106.771	110.764	0.963955
6748	0.00674659	0.201908	70.7991	44.4479	-8.45127	-0.0247331	106.771	110.762	0.963967
6749	0.00674751	0.201905	70.7964	44.4496	-8.45045	-0.0247332	106.771	110.76	0.963979
6750	0.00674844	0.201902	70.7938	44.4512	-8.44963	-0.0247333	106.771	110.759	0.963991
6751	0.00674936	0.201899	70.7912	44.4528	-8.44882	-0.0247334	106.77	110.757	0.964003
6752	0.00675029	0.201897	70.7887	44.4544	-8.44801	-0.0247335	106.77	110.756	0.964015
6753	0.00675121	0.201894	70.7861	44.456	-8.4472	-0.0247336	106.77	110.754	0.964026
6754	0.00675214	0.201891	70.7836	44.4576	-8.4464	-0.0247337	106.77	110.753	0.964038
6755	0.00675306	0.201888	70.781	44.4591	-8.4456	-0.0247338	106.77	110.751	0.96405
6756	0.00675399	0.201886	70.7785	44.4607	-8.44481	-0.0247339	106.77	110.75	0.964061
6757	0.00675491	0.201883	70.776	44.4623	-8.44401	-0.024734	106.77	110.748	0.964073
6758	0.00675584	0.20188	70.7735	44.4638	-8.44323	-0.0247341	106.769	110.747	0.964084
6759	0.00675676	0.201878	70.771	44.4654	-8.44244	-0.0247342	106.769	110.745	0.964096
6760	0.00675769	0.201875	70.7685	44.4669	-8.44165	-0.0247343	106.769	110.744	0.964107
6761	0.00675861	0.201872	70.7661	44.4684	-8.44087	-0.0247344	106.769	110.743	0.964118
6762	0.00675954	0.20187	70.7636	44.47	-8.44009	-0.0247345	106.769	110.741	0.96413
6763	0.00676046	0.201867	70.7612	44.4715	-8.43931	-0.0247346	106.769	110.74	0.964141
6764	0.00676139	0.201864	70.7588	44.473	-8.43853	-0.0247347	106.768	110.738	0.964152
6765	0.00676231	0.201862	70.7563	44.4745	-8.43775	-0.0247349	106.768	110.737	0.964164
6766	0.00676324	0.201859	70.7539	44.476	-8.43697	-0.024735	106.768	110.735	0.964175
6767	0.00676416	0.201857	70.7516	44.4775	-8.43619	-0.0247351	106.768	110.734	0.964186
6768	0.00676509	0.201854	70.7492	44.479	-8.43541	-0.0247352	106.768	110.733	0.964197
6769	0.00676601	0.201851	70.7468	44.4804	-8.43464	-0.0247353	106.768	110.731	0.964208
6770	0.00676694	0.201849	70.7444	44.4819	-8.43385	-0.0247354	106.768	110.73	0.964219
6771	0.00676786	0.201846	70.7421	44.4834	-8.43307	-0.0247355	106.768	110.728	0.964231
6772	0.00676879	0.201844	70.7397	44.4848	-8.43229	-0.0247356	106.768	110.727	0.964242
6773	0.00676971	0.201841	70.7374	44.4863	-8.43151	-0.0247357	106.767	110.726	0.964253
6774	0.00677064	0.201839	70.7351	44.4877	-8.43073	-0.0247359	106.767	110.724	0.964264
6775	0.00677156	0.201836	70.7328	44.4891	-8.42995	-0.024736	106.767	110.723	0.964275
6776	0.00677249	0.201834	70.7305	44.4906	-8.42916	-0.0247361	106.767	110.721	0.964286
6777	0.00677341	0.201831	70.7282	44.492	-8.42838	-0.0247362	106.767	110.72	0.964297
6778	0.00677434	0.201829	70.7259	44.4934	-8.4276	-0.0247364	106.767	110.719	0.964308
6779	0.00677527	0.201826	70.7236	44.4948	-8.42682	-0.0247365	106.767	110.717	0.964319
6780	0.00677619	0.201824	70.7214	44.4962	-8.42604	-0.0247366	106.767	110.716	0.96433
6781	0.00677712	0.201822	70.7191	44.4976	-8.42526	-0.0247367	106.767	110.715	0.964341
6782	0.00677804	0.201819	70.7169	44.499	-8.42448	-0.0247369	106.767	110.713	0.964352
6783	0.00677897	0.201817	70.7147	44.5004	-8.42371	-0.024737	106.767	110.712	0.964363
6784	0.00677989	0.201814	70.7124	44.5018	-8.42294	-0.0247371	106.767	110.711	0.964374
6785	0.00678082	0.201812	70.7102	44.5032	-8.42217	-0.0247373	106.766	110.709	0.964384
6786	0.00678174	0.20181	70.708	44.5045	-8.4214	-0.0247374	106.766	110.708	0.964395
6787	0.00678267	0.201807	70.7058	44.5059	-8.42064	-0.0247376	106.766	110.707	0.964406
6788	0.00678359	0.201805	70.7036	44.5073	-8.41989	-0.0247377	106.766	110.706	0.964417
6789	0.00678452	0.201803	70.7015	44.5086	-8.41914	-0.0247378	106.766	110.704	0.964427
6790	0.00678544	0.2018	70.6993	44.51	-8.41839	-0.024738	106.766	110.703	0.964438
6791	0.00678637	0.201798	70.6971	44.5113	-8.41765	-0.0247381	106.766	110.702	0.964448
6792	0.00678729	0.201796	70.695	44.5126	-8.41691	-0.0247383	106.766	110.7	0.964459
6793	0.00678822	0.201793	70.6929	44.514	-8.41618	-0.0247384	106.766	110.699	0.964469
6794	0.00678914	0.201791	70.6907	44.5153	-8.41546	-0.0247385	106.766	110.698	0.964479
6795	0.00679007	0.201789	70.6886	44.5166	-8.41474	-0.0247387	106.766	110.697	0.964489
6796	0.00679099	0.201786	70.6865	44.5179	-8.41403	-0.0247388	106.766	110.695	0.964499
6797	0.00679192	0.201784	70.6844	44.5192	-8.41333	-0.024739	106.766	110.694	0.964509
6798	0.00679284	0.201782	70.6823	44.5205	-8.41263	-0.0247391	106.765	110.693	0.964519
6799	0.00679377	0.20178	70.6802	44.5218	-8.41195	-0.0247393	106.765	110.692	0.964529
6800	0.00679469	0.201777	70.6781	44.5231	-8.41126	-0.0247394	106.765	110.69	0.964539
6801	0.00679562	0.201775	70.6761	44.5244	-8.41059	-0.0247396	106.765	110.689	0.964549
6802	0.00679654	0.201773	70.674	44.5257	-8.40992	-0.0247397	106.765	110.688	0.964558
6803	0.00679747	0.201771	70.672	44.527	-8.40926	-0.0247399	106.765	110.687	0.964568
6804	0.00679839	0.201768	70.6699	44.5282	-8.40861	-0.02474	106.765	110.686	0.964577
6805	0.00679932	0.201766	70.6679	44.5295	-8.40796	-0.0247401	106.765	110.684	0.964587
6806	0.00680024	0.201764	70.6659	44.5307	-8.40732	-0.0247403	106.765	110.683	0.964596
6807	0.00680117	0.201762	70.6639	44.532	-8.40668	-0.0247404	106.764	110.682	0.964605
6808	0.00680209	0.20176	70.6619	44.5332	-8.40605	-0.0247406	106.764	110.681	0.964614
6809	0.00680302	0.201758	70.6599	44.5345	-8.40542	-0.0247407	106.764	110.68	0.964624
6810	0.00680394	0.201755	70.6579	44.5357	-8.40479	-0.0247409	106.764	110.678	0.964633
6811	0.00680487	0.201753	70.656	44.5369	-8.40417	-0.024741	106.764	110.677	0.964642
6812	0.00680579	0.201751	70.654	44.5381	-8.40355	-0.0247412	106.764	110.676	0.964651
6813	0.00680672	0.201749	70.6521	44.5393	-8.40292	-0.0247413	106.764	110.675	0.96466
6814	0.00680764	0.201747	70.6502	44.5405	-8.4023	-0.0247415	106.764	110.674	0.964669
6815	0.00680857	0.201745	70.6483	44.5417	-8.40168	-0.0247416	106.764	110.673	0.964678
6816	0.00680949	0.201743	70.6464	44.5429	-8.40107	-0.0247418	106.763	110.672	0.964687
6817	0.00681042	0.201741	70.6445	44.544	-8.40045	-0.0247419	106.763	110.671	0.964695
6818	0.00681134	0.201739	70.6426	44.5452	-8.39983	-0.0247421	106.763	110.669	0.964704
6819	0.00681227	0.201737	70.6407	44.5464	-8.39921	-0.0247423	106.763	110.668	0.964713
6820	0.00681319	0.201735	70.6389	44.5475	-8.39859	-0.0247424	106.763	110.667	0.964722
6821	0.00681412	0.201733	70.637	44.5487	-8.39797	-0.0247426	106.763	110.666	0.964731
6822	0.00681505	0.201731	70.6352	44.5498	-8.39736	-0.0247427	106.763	110.665	0.96474
6823	0.00681597	0.201729	70.6333	44.551	-8.39674	-0.0247429	106.763	110.664	0.964748
6824	0.0068169	0.201727	70.6315	44.5521	-8.39612	-0.0247431	106.763	110.663	0.964757
6825	0.00681782	0.201725	70.6297	44.5532	-8.3955	-0.0247432	106.763	110.662	0.964766
6826	0.00681875	0.201723	70.6279	44.5543	-8.39489	-0.0247434	106.763	110.661	0.964775
6827	0.00681967	0.201721	70.6261	44.5555	-8.39427	-0.0247436	106.763	110.66	0.964783
6828	0.0068206	0.201719	70.6243	44.5566	-8.39366	-0.0247437	106.762	110.659	0.964792
6829	0.00682152	0.201717	70.6225	44.5577	-8.39305	-0.0247439	106.762	110.657	0.964801
6830	0.00682245	0.201715	70.6208	44.5588	-8.39244	-0.0247441	106.762	110.656	0.964809
6831	0.00682337	0.201713	70.619	44.5599	-8.39183	-0.0247442	106.762	110.655	0.964818
6832	0.0068243	0.201712	70.6173	44.5609	-8.39123	-0.0247444	106.762	110.654	0.964826
6833	0.00682522	0.20171	70.6155	44.562	-8.39063	-0.0247446	106.762	110.653	0.964835
6834	0.00682615	0.201708	70.6138	44.5631	-8.39003	-0.0247448	106.762	110.652	0.964843
6835	0.00682707	0.201706	70.6121	44.5642	-8.38944	-0.0247449	106.762	110.651	0.964852
6836	0.006828	0.201704	70.6104	44.5652	-8.38885	-0.0247451	106.762	110.65	0.96486
6837	0.00682892	0.201702	70.6087	44.5663	-8.38827	-0.0247453	106.762	110.649	0.964868
6838	0.00682985	0.2017	70.607	44.5673	-8.3877	-0.0247455	106.762	110.648	0.964876
6839	0.00683077	0.201699	70.6053	44.5684	-8.38713	-0.0247456	106.762	110.647	0.964884
6840	0.0068317	0.201697	70.6037	44.5694	-8.38656	-0.0247458	106.762	110.646	0.964892
6841	0.00683262	0.201695	70.602	44.5704	-8.38601	-0.024746	106.762	110.645	0.9649
6842	0.00683355	0.201693	70.6004	44.5714	-8.38546	-0.0247462	106.762	110.644	0.964908
6843	0.00683447	0.201691	70.5987	44.5725	-8.38492	-0.0247463	106.762	110.643	0.964916
6844	0.0068354	0.20169	70.5971	44.5735	-8.38438	-0.0247465	106.761	110.642	0.964924
6845	0.00683633	0.201688	70.5955	44.5745	-8.38386	-0.0247467	106.761	110.641	0.964931
6846	0.00683725	0.201686	70.5939	44.5755	-8.38334	-0.0247469	106.761	110.64	0.964939
6847	0.00683818	0.201684	70.5923	44.5765	-8.38283	-0.0247471	106.761	110.64	0.964946
6848	0.0068391	0.201683	70.5907	44.5775	-8.38233	-0.0247472	106.761	110.639	0.964953
6849	0.00684003	0.201681	70.5891	44.5784	-8.38184	-0.0247474	106.761	110.638	0.964961
6850	0.00684095	0.201679	70.5876	44.5794	-8.38136	-0.0247476	106.761	110.637	0.964968
6851	0.00684188	0.201678	70.586	44.5804	-8.38088	-0.0247478	106.761	110.636	0.964975
6852	0.0068428	0.201676	70.5845	44.5813	-8.38041	-0.024748	106.761	110.635	0.964982
6853	0.00684373	0.201674	70.5829	44.5823	-8.37994	-0.0247481	106.761	110.634	0.964989
6854	0.00684465	0.201673	70.5814	44.5832	-8.37949	-0.0247483	106.76	110.633	0.964995
6855	0.00684558	0.201671	70.5799	44.5842	-8.37903	-0.0247485	106.76	110.632	0.965002
6856	0.0068465	0.201669	70.5784	44.5851	-8.37859	-0.0247487	106.76	110.631	0.965009
6857	0.00684743	0.201668	70.5769	44.586	-8.37814	-0.0247489	106.76	110.63	0.965015
6858	0.00684835	0.201666	70.5754	44.5869	-8.3777	-0.024749	106.76	110.63	0.965022
6859	0.00684928	0.201665	70.5739	44.5879	-8.37726	-0.0247492	106.76	110.629	0.965029
6860	0.0068502	0.201663	70.5725	44.5888	-8.37683	-0.0247494	106.76	110.628	0.965035
6861	0.00685113	0.201661	70.571	44.5897	-8.3764	-0.0247496	106.76	110.627	0.965042
6862	0.00685205	0.20166	70.5696	44.5906	-8.37597	-0.0247498	106.759	110.626	0.965048
6863	0.00685298	0.201658	70.5682	44.5915	-8.37554	-0.0247499	106.759	110.625	0.965054
6864	0.00685391	0.201657	70.5667	44.5923	-8.37512	-0.0247501	106.759	110.624	0.965061
6865	0.00685483	0.201655	70.5653	44.5932	-8.37469	-0.0247503	106.759	110.624	0.965067
6866	0.00685576	0.201654	70.5639	44.5941	-8.37427	-0.0247505	106.759	110.623	0.965073
6867	0.00685668	0.201652	70.5625	44.5949	-8.37385	-0.0247507	106.759	110.622	0.965079
6868	0.00685761	0.201651	70.5612	44.5958	-8.37343	-0.0247509	106.759	110.621	0.965086
6869	0.00685853	0.201649	70.5598	44.5966	-8.37302	-0.0247511	106.759	110.62	0.965092
6870	0.00685946	0.201648	70.5584	44.5975	-8.3726	-0.0247513	106.759	110.619	0.965098
6871	0.00686038	0.201646	70.5571	44.5983	-8.37219	-0.0247515	106.758	110.619	0.965104
6872	0.00686131	0.201645	70.5558	44.5992	-8.37178	-0.0247517	106.758	110.618	0.96511
6873	0.00686223	0.201643	70.5544	44.6	-8.37137	-0.0247519	106.758	110.617	0.965116
6874	0.00686316	0.201642	70.5531	44.6008	-8.37096	-0.0247521	106.758	110.616	0.965122
6875	0.00686408	0.201641	70.5518	44.6016	-8.37056	-0.0247523	106.758	110.615	0.965128
6876	0.00686501	0.201639	70.5505	44.6024	-8.37016	-0.0247525	106.758	110.615	0.965134
6877	0.00686593	0.201638	70.5492	44.6032	-8.36977	-0.0247527	106.758	110.614	0.96514
6878	0.00686686	0.201636	70.5479	44.604	-8.36938	-0.0247529	106.758	110.613	0.965146
6879	0.00686778	0.201635	70.5467	44.6048	-8.36899	-0.0247531	106.758	110.612	0.965151
6880	0.00686871	0.201634	70.5454	44.6056	-8.36861	-0.0247533	106.758	110.612	0.965157
6881	0.00686964	0.201632	70.5442	44.6064	-8.36823	-0.0247535	106.758	110.611	0.965163
6882	0.00687056	0.201631	70.5429	44.6071	-8.36786	-0.0247537	106.757	110.61	0.965168
6883	0.00687149	0.20163	70.5417	44.6079	-8.3675	-0.0247539	106.757	110.609	0.965174
6884	0.00687241	0.201628	70.5405	44.6086	-8.36714	-0.0247541	106.757	110.609	0.965179
6885	0.00687334	0.201627	70.5393	44.6094	-8.36678	-0.0247543	106.757	110.608	0.965184
6886	0.00687426	0.201626	70.5381	44.6101	-8.36644	-0.0247545	106.757	110.607	0.96519
6887	0.00687519	0.201624	70.5369	44.6109	-8.3661	-0.0247547	106.757	110.607	0.965195
6888	0.00687611	0.201623	70.5357	44.6116	-8.36577	-0.0247549	106.757	110.606	0.9652
6889	0.00687704	0.201622	70.5345	44.6123	-8.36545	-0.0247551	106.757	110.605	0.965205
6890	0.00687796	0.201621	70.5334	44.613	-8.36513	-0.0247554	106.757	110.605	0.96521
6891	0.00687889	0.201619	70.5322	44.6138	-8.36483	-0.0247556	106.756	110.604	0.965214
6892	0.00687981	0.201618	70.5311	44.6145	-8.36453	-0.0247558	106.756	110.603	0.965219
6893	0.00688074	0.201617	70.53	44.6152	-8.36424	-0.024756	106.756	110.602	0.965224
6894	0.00688166	0.201616	70.5288	44.6158	-8.36396	-0.0247562	106.756	110.602	0.965228
6895	0.00688259	0.201615	70.5277	44.6165	-8.36368	-0.0247564	106.756	110.601	0.965233
6896	0.00688352	0.201613	70.5266	44.6172	-8.36341	-0.0247566	106.756	110.6	0.965237
6897	0.00688444	0.201612	70.5256	44.6179	-8.36315	-0.0247568	106.756	110.6	0.965241
6898	0.00688537	0.201611	70.5245	44.6186	-8.3629	-0.024757	106.755	110.599	0.965245
6899	0.00688629	0.20161	70.5234	44.6192	-8.36265	-0.0247572	106.755	110.599	0.96525
6900	0.00688722	0.201609	70.5224	44.6199	-8.36241	-0.0247574	106.755	110.598	0.965254
6901	0.00688814	0.201608	70.5213	44.6205	-8.36217	-0.0247577	106.755	110.597	0.965258
6902	0.00688907	0.201606	70.5203	44.6212	-8.36194	-0.0247579	106.755	110.597	0.965262
6903	0.00688999	0.201605	70.5193	44.6218	-8.36171	-0.0247581	106.755	110.596	0.965265
6904	0.00689092	0.201604	70.5182	44.6224	-8.36149	-0.0247583	106.754	110.595	0.965269
6905	0.00689184	0.201603	70.5172	44.623	-8.36126	-0.0247585	106.754	110.595	0.965273
6906	0.00689277	0.201602	70.5162	44.6237	-8.36104	-0.0247587	106.754	110.594	0.965277
6907	0.00689369	0.201601	70.5153	44.6243	-8.36082	-0.0247589	106.754	110.594	0.96528
6908	0.00689462	0.2016	70.5143	44.6249	-8.3606	-0.0247591	106.754	110.593	0.965284
6909	0.00689555	0.201599	70.5133	44.6255	-8.36039	-0.0247594	106.754	110.593	0.965288
6910	0.00689647	0.201598	70.5124	44.6261	-8.36017	-0.0247596	106.754	110.592	0.965291
6911	0.0068974	0.201597	70.5114	44.6266	-8.35995	-0.0247598	106.753	110.591	0.965295
6912	0.00689832	0.201596	70.5105	44.6272	-8.35974	-0.02476	106.753	110.591	0.965299
6913	0.00689925	0.201595	70.5096	44.6278	-8.35952	-0.0247602	106.753	110.59	0.965302
6914	0.00690017	0.201594	70.5087	44.6283	-8.3593	-0.0247604	106.753	110.59	0.965306
6915	0.0069011	0.201593	70.5078	44.6289	-8.35909	-0.0247607	106.753	110.589	0.965309
6916	0.00690202	0.201592	70.5069	44.6294	-8.35888	-0.0247609	106.753	110.589	0.965313
6917	0.00690295	0.201591	70.506	44.63	-8.35866	-0.0247611	106.753	110.588	0.965316
6918	0.00690387	0.20159	70.5052	44.6305	-8.35845	-0.0247613	106.752	110.588	0.96532
6919	0.0069048	0.201589	70.5043	44.631	-8.35824	-0.0247616	106.752	110.587	0.965323
6920	0.00690573	0.201588	70.5035	44.6316	-8.35803	-0.0247618	106.752	110.587	0.965326
6921	0.00690665	0.201587	70.5027	44.6321	-8.35783	-0.024762	106.752	110.586	0.96533
6922	0.00690758	0.201586	70.5019	44.6326	-8.35763	-0.0247623	106.752	110.586	0.965333
6923	0.0069085	0.201585	70.501	44.6331	-8.35742	-0.0247625	106.752	110.585	0.965336
6924	0.00690943	0.201585	70.5003	44.6336	-8.35723	-0.0247627	106.752	110.585	0.965339
6925	0.00691035	0.201584	70.4995	44.634	-8.35703	-0.024763	106.752	110.584	0.965343
6926	0.00691128	0.201583	70.4987	44.6345	-8.35684	-0.0247632	106.752	110.584	0.965346
6927	0.0069122	0.201582	70.4979	44.635	-8.35666	-0.0247634	106.752	110.583	0.965349
6928	0.00691313	0.201581	70.4972	44.6355	-8.35648	-0.0247637	106.751	110.583	0.965352
6929	0.00691405	0.20158	70.4965	44.6359	-8.3563	-0.0247639	106.751	110.582	0.965355
6930	0.00691498	0.20158	70.4957	44.6364	-8.35613	-0.0247642	106.751	110.582	0.965357
6931	0.0069159	0.201579	70.495	44.6368	-8.35596	-0.0247644	106.751	110.582	0.96536
6932	0.00691683	0.201578	70.4943	44.6372	-8.3558	-0.0247646	106.751	110.581	0.965363
6933	0.00691776	0.201577	70.4936	44.6377	-8.35565	-0.0247649	106.751	110.581	0.965365
6934	0.00691868	0.201577	70.493	44.6381	-8.35551	-0.0247651	106.751	110.58	0.965368
6935	0.00691961	0.201576	70.4923	44.6385	-8.35537	-0.0247654	106.751	110.58	0.96537
6936	0.00692053	0.201575	70.4917	44.6389	-8.35524	-0.0247656	106.751	110.58	0.965373
6937	0.00692146	0.201575	70.491	44.6393	-8.35512	-0.0247658	106.75	110.579	0.965375
6938	0.00692238	0.201574	70.4904	44.6397	-8.35501	-0.0247661	106.75	110.579	0.965377
6939	0.00692331	0.201573	70.4898	44.64	-8.3549	-0.0247663	106.75	110.578	0.965379
6940	0.00692423	0.201573	70.4892	44.6404	-8.3548	-0.0247666	106.75	110.578	0.965381
6941	0.00692516	0.201572	70.4886	44.6408	-8.35471	-0.0247668	106.75	110.578	0.965383
6942	0.00692608	0.201571	70.4881	44.6411	-8.35463	-0.024767	106.75	110.577	0.965385
6943	0.00692701	0.201571	70.4875	44.6414	-8.35455	-0.0247673	106.75	110.577	0.965386
6944	0.00692794	0.20157	70.487	44.6418	-8.35448	-0.0247675	106.749	110.577	0.965388
6945	0.00692886	0.20157	70.4864	44.6421	-8.35441	-0.0247678	106.749	110.576	0.965389
6946	0.00692979	0.201569	70.4859	44.6424	-8.35435	-0.024768	106.749	110.576	0.965391
6947	0.00693071	0.201568	70.4854	44.6427	-8.35429	-0.0247683	106.749	110.576	0.965392
6948	0.00693164	0.201568	70.4849	44.643	-8.35424	-0.0247685	106.749	110.576	0.965394
6949	0.00693256	0.201567	70.4844	44.6433	-8.35419	-0.0247687	106.749	110.575	0.965395
6950	0.00693349	0.201567	70.484	44.6436	-8.35414	-0.024769	106.749	110.575	0.965396
6951	0.00693441	0.201566	70.4835	44.6439	-8.35409	-0.0247692	106.749	110.575	0.965398
6952	0.00693534	0.201566	70.4831	44.6442	-8.35405	-0.0247695	106.748	110.574	0.965399
6953	0.00693626	0.201565	70.4826	44.6445	-8.354	-0.0247697	106.748	110.574	0.9654
6954	0.00693719	0.201565	70.4822	44.6447	-8.35395	-0.02477	106.748	110.574	0.965401
6955	0.00693812	0.201564	70.4818	44.645	-8.35391	-0.0247702	106.748	110.574	0.965402
6956	0.00693904	0.201564	70.4814	44.6452	-8.35386	-0.0247705	106.748	110.573	0.965403
6957	0.00693997	0.201564	70.481	44.6454	-8.35381	-0.0247707	106.748	110.573	0.965405
6958	0.00694089	0.201563	70.4806	44.6457	-8.35375	-0.024771	106.748	110.573	0.965406
6959	0.00694182	0.201563	70.4803	44.6459	-8.3537	-0.0247712	106.748	110.573	0.965407
6960	0.00694274	0.201562	70.4799	44.6461	-8.35365	-0.0247715	106.748	110.573	0.965408
6961	0.00694367	0.201562	70.4796	44.6463	-8.35359	-0.0247717	106.748	110.572	0.965409
6962	0.00694459	0.201562	70.4793	44.6465	-8.35353	-0.024772	106.747	110.572	0.96541
6963	0.00694552	0.201561	70.4789	44.6467	-8.35347	-0.0247722	106.747	110.572	0.965411
6964	0.00694644	0.201561	70.4786	44.6469	-8.35341	-0.0247725	106.747	110.572	0.965412
6965	0.00694737	0.201561	70.4783	44.6471	-8.35335	-0.0247728	106.747	110.572	0.965414
6966	0.0069483	0.20156	70.4781	44.6473	-8.35329	-0.024773	106.747	110.571	0.965415
6967	0.00694922	0.20156	70.4778	44.6474	-8.35323	-0.0247733	106.747	110.571	0.965416
6968	0.00695015	0.20156	70.4775	44.6476	-8.35317	-0.0247736	106.747	110.571	0.965417
6969	0.00695107	0.201559	70.4773	44.6477	-8.3531	-0.0247738	106.747	110.571	0.965418
6970	0.006952	0.201559	70.477	44.6479	-8.35304	-0.0247741	106.747	110.571	0.965419
6971	0.00695292	0.201559	70.4768	44.648	-8.35298	-0.0247744	106.747	110.571	0.96542
6972	0.00695385	0.201559	70.4766	44.6482	-8.35292	-0.0247746	106.747	110.571	0.965421
6973	0.00695477	0.201558	70.4764	44.6483	-8.35287	-0.0247749	106.747	110.57	0.965421
6974	0.0069557	0.201558	70.4762	44.6484	-8.35281	-0.0247752	106.747	110.57	0.965422
6975	0.00695663	0.201558	70.476	44.6485	-8.35276	-0.0247754	106.747	110.57	0.965423
6976	0.00695755	0.201558	70.4758	44.6486	-8.35271	-0.0247757	106.747	110.57	0.965424
6977	0.00695848	0.201558	70.4757	44.6487	-8.35267	-0.024776	106.747	110.57	0.965425
6978	0.0069594	0.201557	70.4755	44.6488	-8.35263	-0.0247763	106.747	110.57	0.965425
6979	0.00696033	0.201557	70.4754	44.6489	-8.3526	-0.0247766	106.747	110.57	0.965426
6980	0.00696125	0.201557	70.4752	44.649	-8.35257	-0.0247768	106.747	110.57	0.965426
6981	0.00696218	0.201557	70.4751	44.6491	-8.35255	-0.0247771	106.747	110.57	0.965427
6982	0.0069631	0.201557	70.475	44.6491	-8.35253	-0.0247774	106.747	110.57	0.965427
6983	0.00696403	0.201557	70.4749	44.6492	-8.35252	-0.0247777	106.747	110.569	0.965427
6984	0.00696495	0.201557	70.4748	44.6492	-8.35252	-0.0247779	106.747	110.569	0.965427
6985	0.00696588	0.201557	70.4747	44.6493	-8.35253	-0.0247782	106.747	110.569	0.965428
6986	0.00696681	0.201556	70.4746	44.6493	-8.35254	-0.0247785	106.747	110.569	0.965428
6987	0.00696773	0.201556	70.4746	44.6494	-8.35255	-0.0247788	106.747	110.569	0.965428
6988	0.00696866	0.201556	70.4745	44.6494	-8.35257	-0.024779	106.747	110.569	0.965427
6989	0.00696958	0.201556	70.4745	44.6494	-8.3526	-0.0247793	106.747	110.569	0.965427
6990	0.00697051	0.201556	70.4745	44.6494	-8.35263	-0.0247796	106.746	110.569	0.965427
6991	0.00697143	0.201556	70.4745	44.6494	-8.35267	-0.0247799	106.746	110.569	0.965427
6992	0.00697236	0.201556	70.4745	44.6494	-8.35271	-0.0247801	106.746	110.569	0.965426
6993	0.00697328	0.201556	70.4745	44.6494	-8.35275	-0.0247804	106.746	110.569	0.965426
6994	0.00697421	0.201556	70.4745	44.6494	-8.35279	-0.0247807	106.746	110.569	0.965426
6995	0.00697514	0.201556	70.4745	44.6494	-8.35283	-0.024781	106.746	110.569	0.965425
6996	0.00697606	0.201556	70.4745	44.6494	-8.35287	-0.0247813	106.746	110.569	0.965425
6997	0.00697699	0.201556	70.4746	44.6493	-8.35292	-0.0247815	106.746	110.569	0.965424
6998	0.00697791	0.201556	70.4746	44.6493	-8.35296	-0.0247818	106.746	110.569	0.965424
6999	0.00697884	0.201556	70.4747	44.6493	-8.35299	-0.0247821	106.746	110.569	0.965423
7000	0.00697976	0.201557	70.4748	44.6492	-8.35303	-0.0247824	106.746	110.569	0.965423
7001	0.00698069	0.201557	70.4749	44.6491	-8.35306	-0.0247826	106.746	110.569	0.965423
7002	0.00698161	0.201557	70.475	44.6491	-8.35309	-0.0247829	106.746	110.569	0.965422
7003	0.00698254	0.201557	70.4751	44.649	-8.35311	-0.0247832	106.746	110.57	0.965422
7004	0.00698347	0.201557	70.4752	44.6489	-8.35312	-0.0247835	106.746	110.57	0.965421
7005	0.00698439	0.201557	70.4753	44.6489	-8.35314	-0.0247838	106.746	110.57	0.965421
7006	0.00698532	0.201557	70.4755	44.6488	-8.35314	-0.0247841	106.746	110.57	0.965421
7007	0.00698624	0.201557	70.4756	44.6487	-8.35315	-0.0247844	106.746	110.57	0.965421
7008	0.00698717	0.201558	70.4758	44.6486	-8.35315	-0.0247846	106.746	110.57	0.96542
7009	0.00698809	0.201558	70.4759	44.6485	-8.35314	-0.0247849	106.746	110.57	0.96542
7010	0.00698902	0.201558	70.4761	44.6484	-8.35313	-0.0247852	106.747	110.57	0.96542
7011	0.00698994	0.201558	70.4763	44.6483	-8.35312	-0.0247855	106.747	110.57	0.96542
7012	0.00699087	0.201558	70.4765	44.6481	-8.3531	-0.0247858	106.747	110.57	0.96542
7013	0.0069918	0.201558	70.4766	44.648	-8.35308	-0.0247861	106.747	110.57	0.965419
7014	0.00699272	0.201559	70.4768	44.6479	-8.35306	-0.0247864	106.747	110.571	0.965419
7015	0.00699365	0.201559	70.4771	44.6478	-8.35303	-0.0247867	106.747	110.571	0.965419
7016	0.00699457	0.201559	70.4773	44.6476	-8.35301	-0.024787	106.747	110.571	0.965419
7017	0.0069955	0.201559	70.4775	44.6475	-8.35298	-0.0247873	106.747	110.571	0.965419
7018	0.00699642	0.20156	70.4777	44.6473	-8.35295	-0.0247876	106.747	110.571	0.965419
7019	0.00699735	0.20156	70.478	44.6472	-8.35292	-0.0247879	106.747	110.571	0.965419
7020	0.00699827	0.20156	70.4782	44.647	-8.3529	-0.0247882	106.748	110.571	0.965418
7021	0.0069992	0.20156	70.4785	44.6469	-8.35287	-0.0247885	106.748	110.571	0.965418
7022	0.00700012	0.201561	70.4788	44.6467	-8.35284	-0.0247888	106.748	110.572	0.965418
7023	0.00700105	0.201561	70.4791	44.6465	-8.35281	-0.0247891	106.748	110.572	0.965418
7024	0.00700198	0.201561	70.4794	44.6463	-8.35278	-0.0247894	106.748	110.572	0.965417
7025	0.0070029	0.201562	70.4797	44.6461	-8.35275	-0.0247897	106.748	110.572	0.965417
7026	0.00700383	0.201562	70.48	44.6459	-8.35273	-0.02479	106.748	110.572	0.965417
7027	0.00700475	0.201562	70.4804	44.6457	-8.35271	-0.0247903	106.749	110.573	0.965416
7028	0.00700568	0.201563	70.4807	44.6455	-8.35269	-0.0247906	106.749	110.573	0.965416
7029	0.0070066	0.201563	70.4811	44.6452	-8.35268	-0.0247909	106.749	110.573	0.965415
7030	0.00700753	0.201564	70.4815	44.645	-8.35267	-0.0247912	106.749	110.573	0.965415
7031	0.00700845	0.201564	70.4819	44.6447	-8.35266	-0.0247915	106.749	110.573	0.965414
7032	0.00700938	0.201564	70.4823	44.6445	-8.35265	-0.0247918	106.749	110.574	0.965414
7033	0.00701031	0.201565	70.4827	44.6442	-8.35265	-0.0247921	106.749	110.574	0.965413
7034	0.00701123	0.201565	70.4832	44.6439	-8.35266	-0.0247924	106.75	110.574	0.965412
7035	0.00701216	0.201566	70.4836	44.6436	-8.35266	-0.0247928	106.75	110.574	0.965411
7036	0.00701308	0.201566	70.4841	44.6433	-8.35267	-0.0247931	106.75	110.575	0.96541
7037	0.00701401	0.201567	70.4846	44.643	-8.35268	-0.0247934	106.75	110.575	0.965409
7038	0.00701493	0.201567	70.4851	44.6427	-8.35269	-0.0247937	106.75	110.575	0.965408
7039	0.00701586	0.201568	70.4857	44.6423	-8.3527	-0.024794	106.751	110.576	0.965407
7040	0.00701678	0.201569	70.4862	44.642	-8.35271	-0.0247943	106.751	110.576	0.965406
7041	0.00701771	0.201569	70.4868	44.6416	-8.35272	-0.0247946	106.751	110.576	0.965405
7042	0.00701864	0.20157	70.4874	44.6413	-8.35272	-0.0247949	106.751	110.577	0.965404
7043	0.00701956	0.20157	70.488	44.6409	-8.35273	-0.0247952	106.751	110.577	0.965403
7044	0.00702049	0.201571	70.4886	44.6405	-8.35273	-0.0247955	106.752	110.577	0.965402
7045	0.00702141	0.201572	70.4892	44.6401	-8.35273	-0.0247958	106.752	110.578	0.965401
7046	0.00702234	0.201572	70.4899	44.6397	-8.35272	-0.0247961	106.752	110.578	0.9654
7047	0.00702326	0.201573	70.4906	44.6393	-8.35271	-0.0247964	106.752	110.578	0.965399
7048	0.00702419	0.201574	70.4913	44.6388	-8.35269	-0.0247967	106.753	110.579	0.965398
7049	0.00702511	0.201575	70.492	44.6384	-8.35266	-0.024797	106.753	110.579	0.965397
7050	0.00702604	0.201575	70.4927	44.6379	-8.35263	-0.0247973	106.753	110.58	0.965396
7051	0.00702697	0.201576	70.4935	44.6374	-8.35259	-0.0247976	106.754	110.58	0.965395
7052	0.00702789	0.201577	70.4943	44.6369	-8.35255	-0.0247979	106.754	110.581	0.965394
7053	0.00702882	0.201578	70.4951	44.6364	-8.3525	-0.0247982	106.754	110.581	0.965393
7054	0.00702974	0.201579	70.4959	44.6359	-8.35244	-0.0247985	106.755	110.582	0.965392
7055	0.00703067	0.20158	70.4967	44.6354	-8.35238	-0.0247988	106.755	110.582	0.965391
7056	0.00703159	0.201581	70.4976	44.6348	-8.35232	-0.0247991	106.755	110.583	0.96539
7057	0.00703252	0.201582	70.4985	44.6343	-8.35225	-0.0247995	106.756	110.583	0.965389
7058	0.00703344	0.201583	70.4994	44.6337	-8.35217	-0.0247998	106.756	110.584	0.965388
7059	0.00703437	0.201584	70.5003	44.6331	-8.35209	-0.0248001	106.757	110.584	0.965387
7060	0.0070353	0.201585	70.5013	44.6325	-8.35201	-0.0248004	106.757	110.585	0.965387
7061	0.00703622	0.201586	70.5022	44.6319	-8.35193	-0.0248007	106.757	110.585	0.965386
7062	0.00703715	0.201587	70.5032	44.6313	-8.35184	-0.024801	106.758	110.586	0.965385
7063	0.00703807	0.201588	70.5042	44.6307	-8.35175	-0.0248013	106.758	110.586	0.965384
7064	0.007039	0.201589	70.5053	44.63	-8.35166	-0.0248017	106.759	110.587	0.965383
7065	0.00703992	0.20159	70.5064	44.6293	-8.35157	-0.024802	106.759	110.588	0.965382
7066	0.00704085	0.201591	70.5074	44.6286	-8.35148	-0.0248023	106.76	110.588	0.965381
7067	0.00704177	0.201592	70.5086	44.628	-8.35138	-0.0248026	106.76	110.589	0.96538
7068	0.0070427	0.201593	70.5097	44.6272	-8.35129	-0.0248029	106.761	110.59	0.965379
7069	0.00704363	0.201595	70.5109	44.6265	-8.35119	-0.0248033	106.761	110.59	0.965377
7070	0.00704455	0.201596	70.512	44.6258	-8.3511	-0.0248036	106.762	110.591	0.965376
7071	0.00704548	0.201597	70.5132	44.625	-8.35101	-0.0248039	106.762	110.592	0.965375
7072	0.0070464	0.201599	70.5145	44.6242	-8.35091	-0.0248042	106.763	110.592	0.965374
7073	0.00704733	0.2016	70.5157	44.6234	-8.35083	-0.0248045	106.764	110.593	0.965372
7074	0.00704825	0.201601	70.517	44.6226	-8.35074	-0.0248049	106.764	110.594	0.965371
7075	0.00704918	0.201603	70.5183	44.6218	-8.35066	-0.0248052	106.765	110.595	0.965369
7076	0.0070501	0.201604	70.5197	44.621	-8.35057	-0.0248055	106.765	110.595	0.965368
7077	0.00705103	0.201606	70.521	44.6201	-8.3505	-0.0248058	106.766	110.596	0.965366
7078	0.00705196	0.201607	70.5224	44.6193	-8.35042	-0.0248061	106.766	110.597	0.965364
7079	0.00705288	0.201609	70.5238	44.6184	-8.35035	-0.0248064	106.767	110.598	0.965362
7080	0.00705381	0.20161	70.5252	44.6175	-8.35028	-0.0248068	106.768	110.599	0.965361
7081	0.00705473	0.201612	70.5267	44.6166	-8.35021	-0.0248071	106.768	110.6	0.965359
7082	0.00705566	0.201613	70.5282	44.6157	-8.35015	-0.0248074	106.769	110.6	0.965357
7083	0.00705658	0.201615	70.5297	44.6147	-8.35009	-0.0248077	106.769	110.601	0.965355
7084	0.00705751	0.201616	70.5312	44.6138	-8.35002	-0.024808	106.77	110.602	0.965353
7085	0.00705843	0.201618	70.5327	44.6128	-8.34996	-0.0248083	106.771	110.603	0.96535
7086	0.00705936	0.20162	70.5343	44.6118	-8.3499	-0.0248086	106.771	110.604	0.965348
7087	0.00706029	0.201621	70.5359	44.6108	-8.34983	-0.0248089	106.772	110.605	0.965346
7088	0.00706121	0.201623	70.5375	44.6098	-8.34977	-0.0248092	106.773	110.606	0.965344
7089	0.00706214	0.201625	70.5392	44.6088	-8.3497	-0.0248095	106.773	110.607	0.965342
7090	0.00706306	0.201627	70.5408	44.6077	-8.34962	-0.0248099	106.774	110.608	0.965339
7091	0.00706399	0.201629	70.5425	44.6067	-8.34954	-0.0248102	106.775	110.609	0.965337
7092	0.00706491	0.20163	70.5443	44.6056	-8.34946	-0.0248105	106.776	110.61	0.965335
7093	0.00706584	0.201632	70.546	44.6045	-8.34936	-0.0248108	106.776	110.611	0.965333
7094	0.00706676	0.201634	70.5478	44.6034	-8.34926	-0.0248111	106.777	110.612	0.965331
7095	0.00706769	0.201636	70.5495	44.6023	-8.34915	-0.0248114	106.778	110.613	0.965329
7096	0.00706862	0.201638	70.5514	44.6011	-8.34903	-0.0248117	106.779	110.614	0.965326
7097	0.00706954	0.20164	70.5532	44.6	-8.34891	-0.024812	106.779	110.615	0.965324
7098	0.00707047	0.201642	70.555	44.5988	-8.34877	-0.0248123	106.78	110.616	0.965322
7099	0.00707139	0.201644	70.5569	44.5977	-8.34863	-0.0248126	106.781	110.617	0.96532
7100	0.00707232	0.201646	70.5588	44.5965	-8.34847	-0.0248129	106.782	110.618	0.965319
7101	0.00707324	0.201648	70.5608	44.5953	-8.34831	-0.0248133	106.783	110.62	0.965317
7102	0.00707417	0.20165	70.5627	44.5941	-8.34815	-0.0248136	106.784	110.621	0.965315
7103	0.00707509	0.201652	70.5647	44.5928	-8.34797	-0.0248139	106.785	110.622	0.965313
7104	0.00707602	0.201654	70.5667	44.5916	-8.34779	-0.0248142	106.786	110.623	0.965311
7105	0.00707695	0.201657	70.5687	44.5903	-8.3476	-0.0248145	106.787	110.624	0.965309
7106	0.00707787	0.201659	70.5707	44.589	-8.34741	-0.0248148	106.788	110.625	0.965307
7107	0.0070788	0.201661	70.5728	44.5878	-8.34721	-0.0248151	106.789	110.627	0.965306
7108	0.00707972	0.201663	70.5748	44.5865	-8.34701	-0.0248155	106.789	110.628	0.965304
7109	0.00708065	0.201665	70.5769	44.5852	-8.34681	-0.0248158	106.79	110.629	0.965302
7110	0.00708157	0.201668	70.5791	44.5838	-8.3466	-0.0248161	106.791	110.63	0.9653
7111	0.0070825	0.20167	70.5812	44.5825	-8.34639	-0.0248164	106.792	110.632	0.965298
7112	0.00708342	0.201672	70.5834	44.5811	-8.34618	-0.0248167	106.794	110.633	0.965297
7113	0.00708435	0.201675	70.5856	44.5798	-8.34596	-0.0248171	106.795	110.634	0.965295
7114	0.00708528	0.201677	70.5878	44.5784	-8.34575	-0.0248174	106.796	110.635	0.965293
7115	0.0070862	0.201679	70.59	44.577	-8.34553	-0.0248177	106.797	110.637	0.965291
7116	0.00708713	0.201682	70.5922	44.5756	-8.34532	-0.024818	106.798	110.638	0.965289
7117	0.00708805	0.201684	70.5945	44.5742	-8.3451	-0.0248183	106.799	110.639	0.965287
7118	0.00708898	0.201687	70.5968	44.5727	-8.34489	-0.0248187	106.8	110.641	0.965285
7119	0.0070899	0.201689	70.5991	44.5713	-8.34468	-0.024819	106.801	110.642	0.965283
7120	0.00709083	0.201692	70.6014	44.5698	-8.34447	-0.0248193	106.802	110.643	0.965281
7121	0.00709175	0.201694	70.6038	44.5684	-8.34426	-0.0248196	106.803	110.645	0.965278
7122	0.00709268	0.201697	70.6062	44.5669	-8.34406	-0.0248199	106.804	110.646	0.965276
7123	0.00709361	0.201699	70.6086	44.5654	-8.34386	-0.0248203	106.805	110.648	0.965274
7124	0.00709453	0.201702	70.611	44.5639	-8.34366	-0.0248206	106.806	110.649	0.965271
7125	0.00709546	0.201705	70.6134	44.5624	-8.34347	-0.0248209	106.807	110.651	0.965269
7126	0.00709638	0.201707	70.6159	44.5608	-8.34328	-0.0248212	106.809	110.652	0.965266
7127	0.00709731	0.20171	70.6183	44.5593	-8.3431	-0.0248215	106.81	110.653	0.965264
7128	0.00709823	0.201712	70.6208	44.5577	-8.34292	-0.0248218	106.811	110.655	0.965261
7129	0.00709916	0.201715	70.6233	44.5562	-8.34274	-0.0248221	106.812	110.656	0.965258
7130	0.00710009	0.201718	70.6259	44.5546	-8.34256	-0.0248224	106.813	110.658	0.965255
7131	0.00710101	0.201721	70.6284	44.553	-8.34239	-0.0248228	106.814	110.659	0.965252
7132	0.00710194	0.201723	70.631	44.5514	-8.34221	-0.0248231	106.815	110.661	0.96525
7133	0.00710286	0.201726	70.6336	44.5498	-8.34204	-0.0248234	106.816	110.662	0.965247
7134	0.00710379	0.201729	70.6362	44.5482	-8.34186	-0.0248237	106.818	110.664	0.965244
7135	0.00710471	0.201732	70.6388	44.5465	-8.34168	-0.024824	106.819	110.665	0.965241
7136	0.00710564	0.201735	70.6414	44.5449	-8.3415	-0.0248243	106.82	110.667	0.965238
7137	0.00710656	0.201737	70.6441	44.5432	-8.34132	-0.0248246	106.821	110.669	0.965235
7138	0.00710749	0.20174	70.6468	44.5415	-8.34112	-0.0248249	106.822	110.67	0.965232
7139	0.00710842	0.201743	70.6495	44.5399	-8.34093	-0.0248252	106.824	110.672	0.965229
7140	0.00710934	0.201746	70.6522	44.5382	-8.34072	-0.0248255	106.825	110.673	0.965226
7141	0.00711027	0.201749	70.6549	44.5365	-8.34051	-0.0248258	106.826	110.675	0.965223
7142	0.00711119	0.201752	70.6577	44.5347	-8.34028	-0.0248261	106.827	110.677	0.965221
7143	0.00711212	0.201755	70.6604	44.533	-8.34005	-0.0248264	106.829	110.678	0.965218
7144	0.00711304	0.201758	70.6632	44.5313	-8.33981	-0.0248267	106.83	110.68	0.965215
7145	0.00711397	0.201761	70.666	44.5295	-8.33956	-0.0248271	106.831	110.681	0.965213
7146	0.00711489	0.201764	70.6688	44.5278	-8.3393	-0.0248274	106.832	110.683	0.96521
7147	0.00711582	0.201767	70.6716	44.526	-8.33903	-0.0248277	106.834	110.685	0.965208
7148	0.00711675	0.20177	70.6745	44.5242	-8.33876	-0.024828	106.835	110.686	0.965205
7149	0.00711767	0.201773	70.6773	44.5225	-8.33848	-0.0248283	106.836	110.688	0.965203
7150	0.0071186	0.201776	70.6802	44.5207	-8.33819	-0.0248286	106.838	110.69	0.9652
7151	0.00711952	0.201779	70.6831	44.5189	-8.33789	-0.024829	106.839	110.692	0.965198
7152	0.00712045	0.201782	70.686	44.517	-8.33759	-0.0248293	106.841	110.693	0.965196
7153	0.00712137	0.201786	70.6889	44.5152	-8.33729	-0.0248296	106.842	110.695	0.965193
7154	0.0071223	0.201789	70.6919	44.5134	-8.33698	-0.0248299	106.843	110.697	0.965191
7155	0.00712323	0.201792	70.6948	44.5115	-8.33667	-0.0248303	106.845	110.698	0.965189
7156	0.00712415	0.201795	70.6978	44.5097	-8.33636	-0.0248306	106.846	110.7	0.965186
7157	0.00712508	0.201798	70.7008	44.5078	-8.33604	-0.0248309	106.848	110.702	0.965184
7158	0.007126	0.201801	70.7038	44.506	-8.33572	-0.0248312	106.849	110.704	0.965182
7159	0.00712693	0.201805	70.7068	44.5041	-8.3354	-0.0248316	106.851	110.705	0.965179
7160	0.00712785	0.201808	70.7098	44.5022	-8.33508	-0.0248319	106.852	110.707	0.965177
7161	0.00712878	0.201811	70.7128	44.5003	-8.33476	-0.0248322	106.854	110.709	0.965175
7162	0.0071297	0.201814	70.7159	44.4984	-8.33444	-0.0248326	106.855	110.711	0.965172
7163	0.00713063	0.201818	70.719	44.4965	-8.33412	-0.0248329	106.856	110.713	0.96517
7164	0.00713156	0.201821	70.722	44.4946	-8.3338	-0.0248332	106.858	110.714	0.965167
7165	0.00713248	0.201824	70.7251	44.4926	-8.33349	-0.0248335	106.859	110.716	0.965165
7166	0.00713341	0.201828	70.7282	44.4907	-8.33318	-0.0248339	106.861	110.718	0.965162
7167	0.00713433	0.201831	70.7313	44.4888	-8.33287	-0.0248342	106.862	110.72	0.96516
7168	0.00713526	0.201834	70.7345	44.4868	-8.33256	-0.0248345	106.864	110.722	0.965157
7169	0.00713618	0.201838	70.7376	44.4849	-8.33226	-0.0248349	106.865	110.724	0.965154
7170	0.00713711	0.201841	70.7408	44.4829	-8.33197	-0.0248352	106.867	110.725	0.965151
7171	0.00713804	0.201845	70.7439	44.4809	-8.33168	-0.0248355	106.868	110.727	0.965148
7172	0.00713896	0.201848	70.7471	44.4789	-8.33139	-0.0248359	106.87	110.729	0.965146
7173	0.00713989	0.201851	70.7503	44.4769	-8.33111	-0.0248362	106.871	110.731	0.965143
7174	0.00714081	0.201855	70.7535	44.4749	-8.33083	-0.0248365	106.873	110.733	0.965139
7175	0.00714174	0.201858	70.7567	44.4729	-8.33056	-0.0248368	106.874	110.735	0.965136
7176	0.00714266	0.201862	70.7599	44.4709	-8.3303	-0.0248372	106.876	110.737	0.965133
7177	0.00714359	0.201865	70.7632	44.4689	-8.33003	-0.0248375	106.877	110.739	0.96513
7178	0.00714451	0.201869	70.7664	44.4669	-8.32977	-0.0248378	106.879	110.741	0.965127
7179	0.00714544	0.201872	70.7697	44.4649	-8.32951	-0.0248381	106.88	110.743	0.965123
7180	0.00714637	0.201876	70.7729	44.4628	-8.32925	-0.0248384	106.882	110.744	0.96512
7181	0.00714729	0.201879	70.7762	44.4608	-8.329	-0.0248388	106.883	110.746	0.965117
7182	0.00714822	0.201883	70.7795	44.4587	-8.32874	-0.0248391	106.885	110.748	0.965113
7183	0.00714914	0.201886	70.7828	44.4567	-8.32847	-0.0248394	106.886	110.75	0.96511
7184	0.00715007	0.20189	70.7861	44.4546	-8.32821	-0.0248397	106.888	110.752	0.965107
7185	0.00715099	0.201893	70.7894	44.4525	-8.32793	-0.02484	106.889	110.754	0.965103
7186	0.00715192	0.201897	70.7928	44.4504	-8.32766	-0.0248404	106.891	110.756	0.9651
7187	0.00715285	0.201901	70.7961	44.4484	-8.32737	-0.0248407	106.892	110.758	0.965097
7188	0.00715377	0.201904	70.7994	44.4463	-8.32708	-0.024841	106.894	110.76	0.965094
7189	0.0071547	0.201908	70.8028	44.4442	-8.32677	-0.0248413	106.895	110.762	0.965091
7190	0.00715562	0.201911	70.8062	44.4421	-8.32646	-0.0248416	106.897	110.764	0.965088
7191	0.00715655	0.201915	70.8095	44.44	-8.32614	-0.024842	106.899	110.766	0.965085
7192	0.00715747	0.201919	70.8129	44.4379	-8.32582	-0.0248423	106.9	110.768	0.965082
7193	0.0071584	0.201922	70.8163	44.4357	-8.32548	-0.0248426	106.902	110.77	0.965079
7194	0.00715932	0.201926	70.8197	44.4336	-8.32513	-0.024843	106.903	110.772	0.965076
7195	0.00716025	0.20193	70.8231	44.4315	-8.32478	-0.0248433	106.905	110.774	0.965073
7196	0.00716118	0.201933	70.8266	44.4294	-8.32442	-0.0248436	106.907	110.776	0.965071
7197	0.0071621	0.201937	70.83	44.4272	-8.32405	-0.0248439	106.908	110.778	0.965068
7198	0.00716303	0.201941	70.8334	44.4251	-8.32368	-0.0248443	106.91	110.78	0.965066
7199	0.00716395	0.201944	70.8369	44.4229	-8.3233	-0.0248446	106.912	110.782	0.965063
7200	0.00716488	0.201948	70.8403	44.4208	-8.32292	-0.024845	106.913	110.784	0.96506
7201	0.0071658	0.201952	70.8438	44.4186	-8.32254	-0.0248453	106.915	110.786	0.965058
7202	0.00716673	0.201955	70.8473	44.4164	-8.32215	-0.0248456	106.917	110.788	0.965055
7203	0.00716766	0.201959	70.8507	44.4143	-8.32176	-0.024846	106.918	110.79	0.965053
7204	0.00716858	0.201963	70.8542	44.4121	-8.32137	-0.0248463	106.92	110.792	0.96505
7205	0.00716951	0.201967	70.8577	44.4099	-8.32098	-0.0248467	106.922	110.794	0.965048
7206	0.00717043	0.20197	70.8612	44.4077	-8.32059	-0.024847	106.924	110.796	0.965045
7207	0.00717136	0.201974	70.8647	44.4055	-8.32019	-0.0248474	106.925	110.798	0.965043
7208	0.00717228	0.201978	70.8683	44.4034	-8.3198	-0.0248477	106.927	110.801	0.96504
7209	0.00717321	0.201982	70.8718	44.4012	-8.31941	-0.024848	106.929	110.803	0.965038
7210	0.00717413	0.201985	70.8753	44.399	-8.31902	-0.0248484	106.93	110.805	0.965035
7211	0.00717506	0.201989	70.8788	44.3967	-8.31864	-0.0248487	106.932	110.807	0.965033
7212	0.00717599	0.201993	70.8824	44.3945	-8.31826	-0.0248491	106.934	110.809	0.96503
7213	0.00717691	0.201997	70.8859	44.3923	-8.31788	-0.0248494	106.936	110.811	0.965027
7214	0.00717784	0.202001	70.8895	44.3901	-8.31751	-0.0248498	106.937	110.813	0.965024
7215	0.00717876	0.202005	70.8931	44.3879	-8.31714	-0.0248501	106.939	110.815	0.965022
7216	0.00717969	0.202008	70.8966	44.3857	-8.31678	-0.0248505	106.941	110.817	0.965019
7217	0.00718061	0.202012	70.9002	44.3834	-8.31642	-0.0248508	106.942	110.819	0.965016
7218	0.00718154	0.202016	70.9038	44.3812	-8.31607	-0.0248512	106.944	110.821	0.965013
7219	0.00718247	0.20202	70.9074	44.379	-8.31573	-0.0248515	106.946	110.824	0.965009
7220	0.00718339	0.202024	70.911	44.3767	-8.3154	-0.0248519	106.947	110.826	0.965006
7221	0.00718432	0.202028	70.9146	44.3745	-8.31507	-0.0248522	106.949	110.828	0.965003
7222	0.00718524	0.202031	70.9182	44.3722	-8.31475	-0.0248526	106.951	110.83	0.965
7223	0.00718617	0.202035	70.9218	44.37	-8.31443	-0.0248529	106.952	110.832	0.964996
7224	0.00718709	0.202039	70.9254	44.3677	-8.31412	-0.0248532	106.954	110.834	0.964993
7225	0.00718802	0.202043	70.929	44.3655	-8.31382	-0.0248536	106.956	110.836	0.964989
7226	0.00718895	0.202047	70.9326	44.3632	-8.31351	-0.0248539	106.957	110.838	0.964986
7227	0.00718987	0.202051	70.9363	44.3609	-8.31321	-0.0248543	106.959	110.84	0.964982
7228	0.0071908	0.202055	70.9399	44.3587	-8.31292	-0.0248546	106.961	110.843	0.964979
7229	0.00719172	0.202059	70.9435	44.3564	-8.31262	-0.0248549	106.962	110.845	0.964975
7230	0.00719265	0.202063	70.9472	44.3541	-8.31232	-0.0248553	106.964	110.847	0.964972
7231	0.00719357	0.202066	70.9508	44.3518	-8.31202	-0.0248556	106.966	110.849	0.964968
7232	0.0071945	0.20207	70.9545	44.3496	-8.31172	-0.024856	106.967	110.851	0.964964
7233	0.00719543	0.202074	70.9582	44.3473	-8.31141	-0.0248563	106.969	110.853	0.964961
7234	0.00719635	0.202078	70.9618	44.345	-8.31109	-0.0248566	106.971	110.856	0.964957
7235	0.00719728	0.202082	70.9655	44.3427	-8.31077	-0.024857	106.973	110.858	0.964954
7236	0.0071982	0.202086	70.9692	44.3404	-8.31044	-0.0248573	106.974	110.86	0.964951
7237	0.00719913	0.20209	70.9728	44.3381	-8.3101	-0.0248577	106.976	110.862	0.964947
7238	0.00720005	0.202094	70.9765	44.3358	-8.30976	-0.024858	106.978	110.864	0.964944
7239	0.00720098	0.202098	70.9802	44.3335	-8.30941	-0.0248583	106.979	110.866	0.964941
7240	0.00720191	0.202102	70.9839	44.3312	-8.30905	-0.0248587	106.981	110.868	0.964938
7241	0.00720283	0.202106	70.9876	44.3289	-8.30868	-0.024859	106.983	110.871	0.964935
7242	0.00720376	0.20211	70.9913	44.3266	-8.30831	-0.0248594	106.985	110.873	0.964932
7243	0.00720468	0.202114	70.995	44.3243	-8.30793	-0.0248597	106.986	110.875	0.964929
7244	0.00720561	0.202118	70.9987	44.322	-8.30754	-0.0248601	106.988	110.877	0.964926
7245	0.00720653	0.202122	71.0024	44.3197	-8.30716	-0.0248605	106.99	110.879	0.964923
7246	0.00720746	0.202126	71.0061	44.3174	-8.30677	-0.0248608	106.992	110.882	0.96492
7247	0.00720838	0.20213	71.0098	44.3151	-8.30638	-0.0248612	106.994	110.884	0.964917
7248	0.00720931	0.202134	71.0135	44.3127	-8.30598	-0.0248615	106.995	110.886	0.964915
7249	0.00721024	0.202137	71.0172	44.3104	-8.30559	-0.0248619	106.997	110.888	0.964912
7250	0.00721116	0.202141	71.0209	44.3081	-8.3052	-0.0248623	106.999	110.89	0.964909
7251	0.00721209	0.202145	71.0246	44.3058	-8.30481	-0.0248626	107.001	110.892	0.964906
7252	0.00721301	0.202149	71.0284	44.3035	-8.30442	-0.024863	107.003	110.895	0.964903
7253	0.00721394	0.202153	71.0321	44.3011	-8.30403	-0.0248633	107.004	110.897	0.9649
7254	0.00721486	0.202157	71.0358	44.2988	-8.30365	-0.0248637	107.006	110.899	0.964897
7255	0.00721579	0.202161	71.0395	44.2965	-8.30327	-0.0248641	107.008	110.901	0.964894
7256	0.00721672	0.202165	71.0433	44.2942	-8.3029	-0.0248644	107.01	110.903	0.964891
7257	0.00721764	0.202169	71.047	44.2918	-8.30253	-0.0248648	107.011	110.906	0.964888
7258	0.00721857	0.202173	71.0507	44.2895	-8.30216	-0.0248652	107.013	110.908	0.964885
7259	0.00721949	0.202177	71.0545	44.2872	-8.30181	-0.0248656	107.015	110.91	0.964882
7260	0.00722042	0.202181	71.0582	44.2848	-8.30146	-0.0248659	107.017	110.912	0.964879
7261	0.00722134	0.202185	71.0619	44.2825	-8.30111	-0.0248663	107.018	110.914	0.964875
7262	0.00722227	0.202189	71.0657	44.2802	-8.30078	-0.0248667	107.02	110.916	0.964872
7263	0.0072232	0.202193	71.0694	44.2778	-8.30045	-0.024867	107.022	110.919	0.964868
7264	0.00722412	0.202197	71.0732	44.2755	-8.30013	-0.0248674	107.024	110.921	0.964865
7265	0.00722505	0.202201	71.0769	44.2732	-8.29983	-0.0248678	107.025	110.923	0.964861
7266	0.00722597	0.202205	71.0807	44.2708	-8.29953	-0.0248681	107.027	110.925	0.964857
7267	0.0072269	0.202209	71.0844	44.2685	-8.29925	-0.0248685	107.029	110.927	0.964854
7268	0.00722782	0.202213	71.0881	44.2662	-8.29897	-0.0248689	107.03	110.93	0.96485
7269	0.00722875	0.202217	71.0919	44.2638	-8.2987	-0.0248692	107.032	110.932	0.964846
7270	0.00722968	0.202221	71.0956	44.2615	-8.29845	-0.0248696	107.034	110.934	0.964842
7271	0.0072306	0.202225	71.0994	44.2591	-8.2982	-0.0248699	107.035	110.936	0.964837
7272	0.00723153	0.202229	71.1031	44.2568	-8.29796	-0.0248703	107.037	110.938	0.964833
7273	0.00723245	0.202233	71.1069	44.2545	-8.29773	-0.0248707	107.039	110.941	0.964829
7274	0.00723338	0.202237	71.1106	44.2521	-8.29751	-0.024871	107.04	110.943	0.964824
7275	0.00723431	0.202241	71.1144	44.2498	-8.2973	-0.0248714	107.042	110.945	0.96482
7276	0.00723523	0.202245	71.1181	44.2474	-8.29708	-0.0248717	107.044	110.947	0.964815
7277	0.00723616	0.202249	71.1219	44.2451	-8.29688	-0.0248721	107.045	110.949	0.964811
7278	0.00723708	0.202253	71.1256	44.2428	-8.29667	-0.0248724	107.047	110.952	0.964806
7279	0.00723801	0.202257	71.1294	44.2404	-8.29646	-0.0248728	107.048	110.954	0.964802
7280	0.00723893	0.202261	71.1331	44.2381	-8.29625	-0.0248731	107.05	110.956	0.964797
7281	0.00723986	0.202265	71.1369	44.2357	-8.29604	-0.0248735	107.052	110.958	0.964793
7282	0.00724079	0.202269	71.1406	44.2334	-8.29582	-0.0248738	107.053	110.96	0.964788
7283	0.00724171	0.202273	71.1444	44.2311	-8.2956	-0.0248742	107.055	110.963	0.964784
7284	0.00724264	0.202277	71.1481	44.2287	-8.29537	-0.0248746	107.057	110.965	0.964779
7285	0.00724356	0.202282	71.1519	44.2264	-8.29514	-0.0248749	107.058	110.967	0.964775
7286	0.00724449	0.202286	71.1556	44.2241	-8.2949	-0.0248753	107.06	110.969	0.964771
7287	0.00724541	0.20229	71.1594	44.2217	-8.29466	-0.0248756	107.062	110.971	0.964767
7288	0.00724634	0.202294	71.1631	44.2194	-8.29441	-0.024876	107.063	110.974	0.964762
7289	0.00724727	0.202298	71.1668	44.217	-8.29415	-0.0248763	107.065	110.976	0.964758
7290	0.00724819	0.202301	71.1706	44.2147	-8.29389	-0.0248767	107.067	110.978	0.964754
7291	0.00724912	0.202305	71.1743	44.2124	-8.29363	-0.0248771	107.068	110.98	0.96475
7292	0.00725004	0.202309	71.1781	44.21	-8.29336	-0.0248774	107.07	110.982	0.964746
7293	0.00725097	0.202313	71.1818	44.2077	-8.29309	-0.0248778	107.072	110.985	0.964742
7294	0.00725189	0.202317	71.1855	44.2054	-8.29282	-0.0248782	107.073	110.987	0.964738
7295	0.00725282	0.202321	71.1893	44.203	-8.29255	-0.0248786	107.075	110.989	0.964734
7296	0.00725375	0.202325	71.193	44.2007	-8.29229	-0.0248789	107.077	110.991	0.964731
7297	0.00725467	0.202329	71.1967	44.1984	-8.29202	-0.0248793	107.078	110.993	0.964727
7298	0.0072556	0.202333	71.2005	44.1961	-8.29176	-0.0248797	107.08	110.996	0.964723
7299	0.00725652	0.202337	71.2042	44.1937	-8.29151	-0.0248801	107.082	110.998	0.964718
7300	0.00725745	0.202341	71.2079	44.1914	-8.29125	-0.0248804	107.083	111	0.964714
7301	0.00725837	0.202345	71.2116	44.1891	-8.29101	-0.0248808	107.085	111.002	0.96471
7302	0.0072593	0.202349	71.2153	44.1868	-8.29077	-0.0248812	107.086	111.004	0.964706
7303	0.00726023	0.202353	71.2191	44.1844	-8.29053	-0.0248816	107.088	111.006	0.964702
7304	0.00726115	0.202357	71.2228	44.1821	-8.2903	-0.0248819	107.09	111.009	0.964698
7305	0.00726208	0.202361	71.2265	44.1798	-8.29008	-0.0248823	107.091	111.011	0.964693
7306	0.007263	0.202365	71.2302	44.1775	-8.28986	-0.0248827	107.093	111.013	0.964689
7307	0.00726393	0.202369	71.2339	44.1752	-8.28966	-0.0248831	107.095	111.015	0.964684
7308	0.00726485	0.202373	71.2376	44.1729	-8.28946	-0.0248834	107.096	111.017	0.96468
7309	0.00726578	0.202377	71.2413	44.1705	-8.28927	-0.0248838	107.098	111.019	0.964675
7310	0.00726671	0.202381	71.245	44.1682	-8.28909	-0.0248842	107.099	111.022	0.964671
7311	0.00726763	0.202385	71.2487	44.1659	-8.28892	-0.0248846	107.101	111.024	0.964666
7312	0.00726856	0.202389	71.2524	44.1636	-8.28876	-0.0248849	107.102	111.026	0.964661
7313	0.00726948	0.202393	71.2561	44.1613	-8.28861	-0.0248853	107.104	111.028	0.964656
7314	0.00727041	0.202397	71.2598	44.159	-8.28847	-0.0248857	107.105	111.03	0.964651
7315	0.00727134	0.202401	71.2635	44.1567	-8.28834	-0.024886	107.107	111.032	0.964646
7316	0.00727226	0.202405	71.2672	44.1544	-8.28823	-0.0248864	107.108	111.035	0.964641
7317	0.00727319	0.202409	71.2708	44.1521	-8.28812	-0.0248868	107.11	111.037	0.964635
7318	0.00727411	0.202412	71.2745	44.1498	-8.28803	-0.0248871	107.111	111.039	0.96463
7319	0.00727504	0.202416	71.2782	44.1475	-8.28795	-0.0248875	107.113	111.041	0.964624
7320	0.00727596	0.20242	71.2819	44.1452	-8.28788	-0.0248879	107.114	111.043	0.964619
7321	0.00727689	0.202424	71.2855	44.1429	-8.28781	-0.0248882	107.116	111.045	0.964613
7322	0.00727782	0.202428	71.2892	44.1407	-8.28776	-0.0248886	107.117	111.047	0.964607
7323	0.00727874	0.202432	71.2929	44.1384	-8.28771	-0.024889	107.119	111.05	0.964602
7324	0.00727967	0.202436	71.2965	44.1361	-8.28767	-0.0248893	107.12	111.052	0.964596
7325	0.00728059	0.20244	71.3002	44.1338	-8.28764	-0.0248897	107.121	111.054	0.96459
7326	0.00728152	0.202444	71.3038	44.1315	-8.2876	-0.02489	107.123	111.056	0.964584
7327	0.00728244	0.202448	71.3074	44.1293	-8.28757	-0.0248904	107.124	111.058	0.964578
7328	0.00728337	0.202451	71.3111	44.127	-8.28754	-0.0248907	107.126	111.06	0.964572
7329	0.0072843	0.202455	71.3147	44.1247	-8.2875	-0.0248911	107.127	111.062	0.964566
7330	0.00728522	0.202459	71.3184	44.1224	-8.28746	-0.0248915	107.128	111.065	0.96456
7331	0.00728615	0.202463	71.322	44.1202	-8.28742	-0.0248918	107.13	111.067	0.964555
7332	0.00728707	0.202467	71.3256	44.1179	-8.28738	-0.0248922	107.131	111.069	0.964549
7333	0.007288	0.202471	71.3292	44.1157	-8.28732	-0.0248925	107.133	111.071	0.964543
7334	0.00728893	0.202475	71.3328	44.1134	-8.28727	-0.0248929	107.134	111.073	0.964538
7335	0.00728985	0.202479	71.3365	44.1111	-8.28721	-0.0248932	107.136	111.075	0.964532
7336	0.00729078	0.202482	71.3401	44.1089	-8.28715	-0.0248936	107.137	111.077	0.964526
7337	0.0072917	0.202486	71.3437	44.1066	-8.28708	-0.024894	107.138	111.079	0.964521
7338	0.00729263	0.20249	71.3473	44.1044	-8.28701	-0.0248943	107.14	111.081	0.964515
7339	0.00729355	0.202494	71.3509	44.1022	-8.28693	-0.0248947	107.141	111.084	0.96451
7340	0.00729448	0.202498	71.3544	44.0999	-8.28686	-0.0248951	107.143	111.086	0.964505
7341	0.00729541	0.202502	71.358	44.0977	-8.28679	-0.0248955	107.144	111.088	0.964499
7342	0.00729633	0.202505	71.3616	44.0954	-8.28671	-0.0248958	107.145	111.09	0.964494
7343	0.00729726	0.202509	71.3652	44.0932	-8.28665	-0.0248962	107.147	111.092	0.964488
7344	0.00729818	0.202513	71.3688	44.091	-8.28658	-0.0248966	107.148	111.094	0.964483
7345	0.00729911	0.202517	71.3723	44.0888	-8.28653	-0.024897	107.15	111.096	0.964477
7346	0.00730004	0.202521	71.3759	44.0865	-8.28648	-0.0248973	107.151	111.098	0.964472
7347	0.00730096	0.202524	71.3794	44.0843	-8.28643	-0.0248977	107.152	111.1	0.964466
7348	0.00730189	0.202528	71.383	44.0821	-8.2864	-0.0248981	107.154	111.102	0.96446
7349	0.00730281	0.202532	71.3865	44.0799	-8.28637	-0.0248985	107.155	111.104	0.964455
7350	0.00730374	0.202536	71.3901	44.0777	-8.28636	-0.0248989	107.156	111.106	0.964449
7351	0.00730466	0.202539	71.3936	44.0755	-8.28635	-0.0248993	107.158	111.109	0.964443
7352	0.00730559	0.202543	71.3971	44.0733	-8.28635	-0.0248996	107.159	111.111	0.964437
7353	0.00730652	0.202547	71.4007	44.0711	-8.28637	-0.0249	107.16	111.113	0.964431
7354	0.00730744	0.202551	71.4042	44.0689	-8.28639	-0.0249004	107.162	111.115	0.964425
7355	0.00730837	0.202554	71.4077	44.0667	-8.28643	-0.0249008	107.163	111.117	0.964418
7356	0.00730929	0.202558	71.4112	44.0645	-8.28647	-0.0249012	107.164	111.119	0.964412
7357	0.00731022	0.202562	71.4147	44.0623	-8.28653	-0.0249015	107.166	111.121	0.964405
7358	0.00731114	0.202566	71.4182	44.0601	-8.2866	-0.0249019	107.167	111.123	0.964399
7359	0.00731207	0.202569	71.4217	44.0579	-8.28668	-0.0249023	107.168	111.125	0.964392
7360	0.007313	0.202573	71.4252	44.0557	-8.28677	-0.0249027	107.169	111.127	0.964386
7361	0.00731392	0.202577	71.4287	44.0536	-8.28688	-0.0249031	107.17	111.129	0.964379
7362	0.00731485	0.20258	71.4321	44.0514	-8.287	-0.0249034	107.172	111.131	0.964372
7363	0.00731577	0.202584	71.4356	44.0492	-8.28713	-0.0249038	107.173	111.133	0.964365
7364	0.0073167	0.202588	71.4391	44.0471	-8.28728	-0.0249042	107.174	111.135	0.964357
7365	0.00731763	0.202592	71.4425	44.0449	-8.28744	-0.0249046	107.175	111.137	0.96435
7366	0.00731855	0.202595	71.446	44.0427	-8.28762	-0.0249049	107.176	111.139	0.964343
7367	0.00731948	0.202599	71.4494	44.0406	-8.28781	-0.0249053	107.177	111.141	0.964335
7368	0.0073204	0.202603	71.4529	44.0384	-8.28801	-0.0249057	107.178	111.143	0.964328
7369	0.00732133	0.202606	71.4563	44.0363	-8.28822	-0.024906	107.179	111.145	0.96432
7370	0.00732226	0.20261	71.4598	44.0341	-8.28844	-0.0249064	107.181	111.147	0.964312
7371	0.00732318	0.202613	71.4632	44.032	-8.28867	-0.0249068	107.182	111.149	0.964304
7372	0.00732411	0.202617	71.4666	44.0299	-8.28891	-0.0249071	107.183	111.151	0.964296
7373	0.00732503	0.202621	71.47	44.0277	-8.28916	-0.0249075	107.184	111.153	0.964288
7374	0.00732596	0.202624	71.4734	44.0256	-8.28941	-0.0249079	107.185	111.155	0.96428
7375	0.00732688	0.202628	71.4768	44.0235	-8.28966	-0.0249082	107.186	111.157	0.964272
7376	0.00732781	0.202632	71.4802	44.0213	-8.28992	-0.0249086	107.187	111.159	0.964264
7377	0.00732874	0.202635	71.4836	44.0192	-8.29017	-0.0249089	107.188	111.161	0.964256
7378	0.00732966	0.202639	71.487	44.0171	-8.29042	-0.0249093	107.189	111.163	0.964248
7379	0.00733059	0.202642	71.4904	44.015	-8.29067	-0.0249097	107.19	111.165	0.96424
7380	0.00733151	0.202646	71.4938	44.0129	-8.29091	-0.02491	107.191	111.167	0.964232
7381	0.00733244	0.20265	71.4971	44.0108	-8.29115	-0.0249104	107.192	111.169	0.964225
7382	0.00733337	0.202653	71.5005	44.0087	-8.29138	-0.0249107	107.193	111.171	0.964217
7383	0.00733429	0.202657	71.5039	44.0066	-8.29161	-0.0249111	107.194	111.173	0.964209
7384	0.00733522	0.20266	71.5072	44.0045	-8.29183	-0.0249115	107.195	111.175	0.964201
7385	0.00733614	0.202664	71.5106	44.0024	-8.29205	-0.0249118	107.196	111.177	0.964194
7386	0.00733707	0.202667	71.5139	44.0003	-8.29226	-0.0249122	107.197	111.179	0.964186
7387	0.00733799	0.202671	71.5172	43.9982	-8.29247	-0.0249126	107.198	111.181	0.964179
7388	0.00733892	0.202675	71.5206	43.9961	-8.29268	-0.024913	107.199	111.183	0.964171
7389	0.00733985	0.202678	71.5239	43.9941	-8.29288	-0.0249133	107.2	111.185	0.964164
7390	0.00734077	0.202682	71.5272	43.992	-8.29309	-0.0249137	107.201	111.187	0.964157
7391	0.0073417	0.202685	71.5305	43.9899	-8.2933	-0.0249141	107.202	111.188	0.964149
7392	0.00734262	0.202689	71.5338	43.9879	-8.29351	-0.0249145	107.203	111.19	0.964142
7393	0.00734355	0.202692	71.5371	43.9858	-8.29372	-0.0249148	107.204	111.192	0.964134
7394	0.00734447	0.202696	71.5404	43.9837	-8.29395	-0.0249152	107.205	111.194	0.964127
7395	0.0073454	0.202699	71.5437	43.9817	-8.29418	-0.0249156	107.206	111.196	0.964119
7396	0.00734633	0.202703	71.547	43.9796	-8.29441	-0.024916	107.207	111.198	0.964111
7397	0.00734725	0.202706	71.5503	43.9776	-8.29466	-0.0249164	107.208	111.2	0.964104
7398	0.00734818	0.20271	71.5535	43.9755	-8.29491	-0.0249168	107.209	111.202	0.964096
7399	0.0073491	0.202713	71.5568	43.9735	-8.29517	-0.0249171	107.21	111.204	0.964088
7400	0.00735003	0.202716	71.5601	43.9715	-8.29544	-0.0249175	107.211	111.206	0.96408
7401	0.00735096	0.20272	71.5633	43.9694	-8.29572	-0.0249179	107.212	111.208	0.964072
7402	0.00735188	0.202723	71.5666	43.9674	-8.296	-0.0249183	107.213	111.209	0.964064
7403	0.00735281	0.202727	71.5698	43.9654	-8.2963	-0.0249187	107.214	111.211	0.964056
7404	0.00735373	0.20273	71.573	43.9634	-8.2966	-0.0249191	107.215	111.213	0.964048
7405	0.00735466	0.202734	71.5763	43.9613	-8.29691	-0.0249194	107.216	111.215	0.96404
7406	0.00735558	0.202737	71.5795	43.9593	-8.29723	-0.0249198	107.217	111.217	0.964031
7407	0.00735651	0.202741	71.5827	43.9573	-8.29756	-0.0249202	107.218	111.219	0.964023
7408	0.00735744	0.202744	71.5859	43.9553	-8.2979	-0.0249206	107.218	111.221	0.964014
7409	0.00735836	0.202747	71.5891	43.9533	-8.29825	-0.0249209	107.219	111.223	0.964006
7410	0.00735929	0.202751	71.5923	43.9513	-8.29861	-0.0249213	107.22	111.224	0.963997
7411	0.00736021	0.202754	71.5955	43.9493	-8.29898	-0.0249217	107.221	111.226	0.963989
7412	0.00736114	0.202758	71.5987	43.9473	-8.29936	-0.0249221	107.222	111.228	0.96398
7413	0.00736207	0.202761	71.6019	43.9453	-8.29976	-0.0249224	107.223	111.23	0.963971
7414	0.00736299	0.202764	71.6051	43.9433	-8.30016	-0.0249228	107.223	111.232	0.963962
7415	0.00736392	0.202768	71.6083	43.9413	-8.30058	-0.0249232	107.224	111.234	0.963953
7416	0.00736484	0.202771	71.6114	43.9393	-8.301	-0.0249236	107.225	111.236	0.963944
7417	0.00736577	0.202774	71.6146	43.9374	-8.30144	-0.0249239	107.226	111.237	0.963935
7418	0.00736669	0.202778	71.6178	43.9354	-8.30189	-0.0249243	107.226	111.239	0.963925
7419	0.00736762	0.202781	71.6209	43.9334	-8.30234	-0.0249246	107.227	111.241	0.963916
7420	0.00736855	0.202784	71.6241	43.9315	-8.30281	-0.024925	107.228	111.243	0.963906
7421	0.00736947	0.202788	71.6272	43.9295	-8.30328	-0.0249254	107.228	111.245	0.963897
7422	0.0073704	0.202791	71.6303	43.9275	-8.30375	-0.0249257	107.229	111.247	0.963887
7423	0.00737132	0.202794	71.6335	43.9256	-8.30422	-0.0249261	107.23	111.248	0.963878
7424	0.00737225	0.202798	71.6366	43.9236	-8.3047	-0.0249264	107.231	111.25	0.963868
7425	0.00737318	0.202801	71.6397	43.9217	-8.30517	-0.0249268	107.231	111.252	0.963859
7426	0.0073741	0.202804	71.6428	43.9197	-8.30564	-0.0249271	107.232	111.254	0.963849
7427	0.00737503	0.202808	71.646	43.9178	-8.30611	-0.0249275	107.233	111.256	0.96384
7428	0.00737595	0.202811	71.6491	43.9158	-8.30657	-0.0249278	107.233	111.257	0.963831
7429	0.00737688	0.202814	71.6522	43.9139	-8.30702	-0.0249282	107.234	111.259	0.963822
7430	0.0073778	0.202818	71.6553	43.912	-8.30746	-0.0249285	107.235	111.261	0.963812
7431	0.00737873	0.202821	71.6583	43.91	-8.30789	-0.0249289	107.236	111.263	0.963803
7432	0.00737966	0.202824	71.6614	43.9081	-8.30831	-0.0249292	107.236	111.265	0.963794
7433	0.00738058	0.202827	71.6645	43.9062	-8.30872	-0.0249296	107.237	111.266	0.963786
7434	0.00738151	0.202831	71.6676	43.9042	-8.30911	-0.0249299	107.238	111.268	0.963777
7435	0.00738243	0.202834	71.6707	43.9023	-8.3095	-0.0249303	107.239	111.27	0.963768
7436	0.00738336	0.202837	71.6737	43.9004	-8.30988	-0.0249307	107.239	111.272	0.96376
7437	0.00738429	0.20284	71.6768	43.8985	-8.31025	-0.024931	107.24	111.274	0.963751
7438	0.00738521	0.202844	71.6799	43.8966	-8.31061	-0.0249314	107.241	111.275	0.963743
7439	0.00738614	0.202847	71.6829	43.8947	-8.31098	-0.0249318	107.242	111.277	0.963734
7440	0.00738706	0.20285	71.686	43.8928	-8.31134	-0.0249321	107.242	111.279	0.963726
7441	0.00738799	0.202853	71.689	43.8908	-8.3117	-0.0249325	107.243	111.281	0.963718
7442	0.00738891	0.202857	71.692	43.8889	-8.31207	-0.0249329	107.244	111.282	0.963709
7443	0.00738984	0.20286	71.6951	43.887	-8.31245	-0.0249332	107.245	111.284	0.963701
7444	0.00739077	0.202863	71.6981	43.8851	-8.31283	-0.0249336	107.246	111.286	0.963692
7445	0.00739169	0.202866	71.7011	43.8833	-8.31322	-0.024934	107.246	111.288	0.963684
7446	0.00739262	0.202869	71.7042	43.8814	-8.31361	-0.0249344	107.247	111.29	0.963675
7447	0.00739354	0.202873	71.7072	43.8795	-8.31402	-0.0249347	107.248	111.291	0.963667
7448	0.00739447	0.202876	71.7102	43.8776	-8.31443	-0.0249351	107.248	111.293	0.963658
7449	0.00739539	0.202879	71.7132	43.8757	-8.31485	-0.0249355	107.249	111.295	0.963649
7450	0.00739632	0.202882	71.7162	43.8738	-8.31527	-0.0249358	107.25	111.297	0.96364
7451	0.00739725	0.202885	71.7192	43.8719	-8.3157	-0.0249362	107.251	111.298	0.963631
7452	0.00739817	0.202889	71.7222	43.8701	-8.31614	-0.0249366	107.251	111.3	0.963622
7453	0.0073991	0.202892	71.7252	43.8682	-8.31658	-0.0249369	107.252	111.302	0.963614
7454	0.00740002	0.202895	71.7282	43.8663	-8.31702	-0.0249373	107.253	111.304	0.963605
7455	0.00740095	0.202898	71.7312	43.8645	-8.31747	-0.0249377	107.253	111.305	0.963596
7456	0.00740187	0.202901	71.7342	43.8626	-8.31792	-0.024938	107.254	111.307	0.963587
7457	0.0074028	0.202904	71.7372	43.8607	-8.31837	-0.0249384	107.255	111.309	0.963577
7458	0.00740373	0.202907	71.7401	43.8589	-8.31883	-0.0249387	107.255	111.31	0.963568
7459	0.00740465	0.202911	71.7431	43.857	-8.31929	-0.0249391	107.256	111.312	0.963559
7460	0.00740558	0.202914	71.7461	43.8551	-8.31976	-0.0249394	107.257	111.314	0.96355
7461	0.0074065	0.202917	71.749	43.8533	-8.32024	-0.0249398	107.257	111.316	0.963541
7462	0.00740743	0.20292	71.752	43.8514	-8.32072	-0.0249402	107.258	111.317	0.963532
7463	0.00740836	0.202923	71.755	43.8496	-8.3212	-0.0249405	107.258	111.319	0.963522
7464	0.00740928	0.202926	71.7579	43.8477	-8.3217	-0.0249409	107.259	111.321	0.963513
7465	0.00741021	0.202929	71.7609	43.8459	-8.3222	-0.0249412	107.26	111.322	0.963504
7466	0.00741113	0.202933	71.7638	43.844	-8.32271	-0.0249416	107.26	111.324	0.963494
7467	0.00741206	0.202936	71.7668	43.8422	-8.32323	-0.0249419	107.261	111.326	0.963485
7468	0.00741298	0.202939	71.7697	43.8404	-8.32375	-0.0249422	107.261	111.328	0.963475
7469	0.00741391	0.202942	71.7726	43.8385	-8.32428	-0.0249426	107.262	111.329	0.963465
7470	0.00741484	0.202945	71.7756	43.8367	-8.32482	-0.0249429	107.262	111.331	0.963456
7471	0.00741576	0.202948	71.7785	43.8349	-8.32536	-0.0249433	107.263	111.333	0.963446
7472	0.00741669	0.202951	71.7814	43.833	-8.32589	-0.0249436	107.264	111.334	0.963436
7473	0.00741761	0.202954	71.7843	43.8312	-8.32643	-0.0249439	107.264	111.336	0.963427
7474	0.00741854	0.202957	71.7873	43.8294	-8.32696	-0.0249443	107.265	111.338	0.963417
7475	0.00741946	0.20296	71.7902	43.8276	-8.32749	-0.0249446	107.265	111.339	0.963407
7476	0.00742039	0.202964	71.7931	43.8257	-8.328	-0.0249449	107.266	111.341	0.963398
7477	0.00742132	0.202967	71.796	43.8239	-8.32851	-0.0249452	107.266	111.343	0.963389
7478	0.00742224	0.20297	71.7989	43.8221	-8.329	-0.0249456	107.267	111.345	0.963379
7479	0.00742317	0.202973	71.8018	43.8203	-8.32947	-0.0249459	107.268	111.346	0.96337
7480	0.00742409	0.202976	71.8047	43.8185	-8.32993	-0.0249462	107.268	111.348	0.963361
7481	0.00742502	0.202979	71.8076	43.8166	-8.33036	-0.0249465	107.269	111.35	0.963353
7482	0.00742594	0.202982	71.8105	43.8148	-8.33078	-0.0249469	107.27	111.351	0.963344
7483	0.00742687	0.202985	71.8134	43.813	-8.33118	-0.0249472	107.27	111.353	0.963336
7484	0.0074278	0.202988	71.8163	43.8112	-8.33156	-0.0249476	107.271	111.355	0.963327
7485	0.00742872	0.202991	71.8191	43.8094	-8.33193	-0.0249479	107.272	111.356	0.963319
7486	0.00742965	0.202994	71.822	43.8076	-8.33229	-0.0249482	107.272	111.358	0.963311
7487	0.00743057	0.202997	71.8249	43.8058	-8.33264	-0.0249486	107.273	111.36	0.963303
7488	0.0074315	0.203	71.8278	43.804	-8.33299	-0.0249489	107.274	111.361	0.963296
7489	0.00743242	0.203003	71.8307	43.8022	-8.33334	-0.0249493	107.275	111.363	0.963288
7490	0.00743335	0.203006	71.8335	43.8004	-8.33369	-0.0249497	107.275	111.365	0.96328
7491	0.00743428	0.203009	71.8364	43.7986	-8.33405	-0.02495	107.276	111.366	0.963272
7492	0.0074352	0.203012	71.8392	43.7968	-8.33441	-0.0249504	107.277	111.368	0.963264
7493	0.00743613	0.203015	71.8421	43.795	-8.3348	-0.0249507	107.277	111.37	0.963256
7494	0.00743705	0.203018	71.845	43.7933	-8.33519	-0.0249511	107.278	111.371	0.963247
7495	0.00743798	0.203021	71.8478	43.7915	-8.33559	-0.0249514	107.279	111.373	0.963239
7496	0.0074389	0.203024	71.8507	43.7897	-8.33601	-0.0249518	107.279	111.375	0.96323
7497	0.00743983	0.203027	71.8535	43.7879	-8.33644	-0.0249521	107.28	111.376	0.963222
7498	0.00744075	0.20303	71.8564	43.7861	-8.33687	-0.0249525	107.281	111.378	0.963213
7499	0.00744168	0.203033	71.8592	43.7843	-8.3373	-0.0249528	107.281	111.38	0.963205
7500	0.00744261	0.203036	71.8621	43.7826	-8.33774	-0.0249532	107.282	111.381	0.963196
7501	0.00744353	0.203039	71.8649	43.7808	-8.33818	-0.0249535	107.283	111.383	0.963187
7502	0.00744446	0.203042	71.8677	43.779	-8.33862	-0.0249538	107.283	111.384	0.963179
7503	0.00744538	0.203045	71.8706	43.7772	-8.33905	-0.0249542	107.284	111.386	0.96317
7504	0.00744631	0.203048	71.8734	43.7755	-8.33948	-0.0249545	107.284	111.388	0.963162
7505	0.00744723	0.203051	71.8762	43.7737	-8.3399	-0.0249548	107.285	111.389	0.963153
7506	0.00744816	0.203054	71.8791	43.7719	-8.34032	-0.0249552	107.286	111.391	0.963145
7507	0.00744909	0.203057	71.8819	43.7701	-8.34074	-0.0249555	107.286	111.393	0.963136
7508	0.00745001	0.20306	71.8847	43.7684	-8.34115	-0.0249559	107.287	111.394	0.963128
7509	0.00745094	0.203063	71.8875	43.7666	-8.34155	-0.0249562	107.288	111.396	0.96312
7510	0.00745186	0.203066	71.8904	43.7648	-8.34195	-0.0249565	107.288	111.398	0.963111
7511	0.00745279	0.203069	71.8932	43.7631	-8.34236	-0.0249569	107.289	111.399	0.963103
7512	0.00745371	0.203072	71.896	43.7613	-8.34276	-0.0249572	107.29	111.401	0.963095
7513	0.00745464	0.203075	71.8988	43.7595	-8.34317	-0.0249575	107.29	111.402	0.963087
7514	0.00745557	0.203078	71.9016	43.7578	-8.34358	-0.0249579	107.291	111.404	0.963078
7515	0.00745649	0.203081	71.9044	43.756	-8.344	-0.0249582	107.291	111.406	0.96307
7516	0.00745742	0.203084	71.9072	43.7543	-8.34442	-0.0249585	107.292	111.407	0.963061
7517	0.00745834	0.203087	71.9101	43.7525	-8.34485	-0.0249589	107.293	111.409	0.963053
7518	0.00745927	0.20309	71.9129	43.7507	-8.34529	-0.0249592	107.293	111.411	0.963044
7519	0.00746019	0.203093	71.9157	43.749	-8.34573	-0.0249595	107.294	111.412	0.963036
7520	0.00746112	0.203096	71.9185	43.7472	-8.34617	-0.0249598	107.295	111.414	0.963027
7521	0.00746204	0.203099	71.9213	43.7455	-8.34662	-0.0249601	107.295	111.415	0.963019
7522	0.00746297	0.203102	71.9241	43.7437	-8.34706	-0.0249604	107.296	111.417	0.96301
7523	0.0074639	0.203105	71.9269	43.742	-8.3475	-0.0249608	107.296	111.419	0.963001
7524	0.00746482	0.203108	71.9297	43.7402	-8.34793	-0.0249611	107.297	111.42	0.962993
7525	0.00746575	0.203111	71.9325	43.7385	-8.34835	-0.0249614	107.298	111.422	0.962984
7526	0.00746667	0.203114	71.9353	43.7367	-8.34876	-0.0249617	107.298	111.424	0.962976
7527	0.0074676	0.203117	71.938	43.735	-8.34914	-0.024962	107.299	111.425	0.962968
7528	0.00746852	0.20312	71.9408	43.7332	-8.34951	-0.0249623	107.3	111.427	0.96296
7529	0.00746945	0.203123	71.9436	43.7315	-8.34985	-0.0249626	107.3	111.428	0.962953
7530	0.00747038	0.203125	71.9464	43.7297	-8.35017	-0.0249629	107.301	111.43	0.962945
7531	0.0074713	0.203128	71.9492	43.728	-8.35047	-0.0249632	107.302	111.432	0.962938
7532	0.00747223	0.203131	71.952	43.7262	-8.35074	-0.0249636	107.303	111.433	0.962931
7533	0.00747315	0.203134	71.9548	43.7245	-8.351	-0.0249639	107.303	111.435	0.962924
7534	0.00747408	0.203137	71.9576	43.7227	-8.35124	-0.0249642	107.304	111.436	0.962917
7535	0.007475	0.20314	71.9603	43.721	-8.35147	-0.0249645	107.305	111.438	0.96291
7536	0.00747593	0.203143	71.9631	43.7193	-8.3517	-0.0249649	107.306	111.44	0.962904
7537	0.00747685	0.203146	71.9659	43.7175	-8.35192	-0.0249652	107.307	111.441	0.962897
7538	0.00747778	0.203149	71.9687	43.7158	-8.35214	-0.0249655	107.307	111.443	0.962891
7539	0.00747871	0.203152	71.9715	43.714	-8.35237	-0.0249659	107.308	111.445	0.962884
7540	0.00747963	0.203155	71.9743	43.7123	-8.35261	-0.0249662	107.309	111.446	0.962877
7541	0.00748056	0.203158	71.977	43.7105	-8.35287	-0.0249666	107.31	111.448	0.96287
7542	0.00748148	0.203161	71.9798	43.7088	-8.35314	-0.0249669	107.311	111.449	0.962863
7543	0.00748241	0.203164	71.9826	43.7071	-8.35343	-0.0249672	107.311	111.451	0.962856
7544	0.00748333	0.203167	71.9854	43.7053	-8.35374	-0.0249676	107.312	111.453	0.962849
7545	0.00748426	0.203169	71.9881	43.7036	-8.35406	-0.0249679	107.313	111.454	0.962842
7546	0.00748518	0.203172	71.9909	43.7018	-8.35439	-0.0249682	107.313	111.456	0.962834
7547	0.00748611	0.203175	71.9937	43.7001	-8.35473	-0.0249685	107.314	111.457	0.962826
7548	0.00748704	0.203178	71.9965	43.6984	-8.35507	-0.0249689	107.315	111.459	0.962819
7549	0.00748796	0.203181	71.9992	43.6966	-8.35541	-0.0249692	107.315	111.461	0.962811
7550	0.00748889	0.203184	72.002	43.6949	-8.35575	-0.0249695	107.316	111.462	0.962804
7551	0.00748981	0.203187	72.0048	43.6932	-8.35608	-0.0249698	107.317	111.464	0.962796
7552	0.00749074	0.20319	72.0075	43.6914	-8.35639	-0.0249701	107.318	111.465	0.962789
7553	0.00749166	0.203193	72.0103	43.6897	-8.3567	-0.0249704	107.318	111.467	0.962781
7554	0.00749259	0.203196	72.0131	43.688	-8.35699	-0.0249708	107.319	111.469	0.962774
7555	0.00749351	0.203199	72.0159	43.6862	-8.35727	-0.0249711	107.32	111.47	0.962767
7556	0.00749444	0.203202	72.0186	43.6845	-8.35754	-0.0249714	107.321	111.472	0.96276
7557	0.00749537	0.203204	72.0214	43.6827	-8.35779	-0.0249717	107.321	111.473	0.962753
7558	0.00749629	0.203207	72.0242	43.681	-8.35803	-0.024972	107.322	111.475	0.962747
7559	0.00749722	0.20321	72.0269	43.6793	-8.35827	-0.0249723	107.323	111.477	0.96274
7560	0.00749814	0.203213	72.0297	43.6775	-8.3585	-0.0249727	107.324	111.478	0.962733
7561	0.00749907	0.203216	72.0325	43.6758	-8.35872	-0.024973	107.325	111.48	0.962727
7562	0.00749999	0.203219	72.0352	43.6741	-8.35895	-0.0249733	107.325	111.481	0.96272
7563	0.00750092	0.203222	72.038	43.6723	-8.35918	-0.0249736	107.326	111.483	0.962714
7564	0.00750184	0.203225	72.0407	43.6706	-8.35942	-0.0249739	107.327	111.485	0.962707
7565	0.00750277	0.203228	72.0435	43.6689	-8.35967	-0.0249742	107.328	111.486	0.9627
7566	0.0075037	0.203231	72.0463	43.6671	-8.35992	-0.0249746	107.329	111.488	0.962693
7567	0.00750462	0.203234	72.049	43.6654	-8.36018	-0.0249749	107.329	111.489	0.962687
7568	0.00750555	0.203237	72.0518	43.6637	-8.36045	-0.0249752	107.33	111.491	0.96268
7569	0.00750647	0.203239	72.0546	43.662	-8.36073	-0.0249755	107.331	111.493	0.962673
7570	0.0075074	0.203242	72.0573	43.6602	-8.36101	-0.0249758	107.332	111.494	0.962666
7571	0.00750832	0.203245	72.0601	43.6585	-8.36129	-0.0249761	107.332	111.496	0.962659
7572	0.00750925	0.203248	72.0629	43.6568	-8.36157	-0.0249763	107.333	111.497	0.962651
7573	0.00751017	0.203251	72.0656	43.655	-8.36185	-0.0249766	107.334	111.499	0.962645
7574	0.0075111	0.203254	72.0684	43.6533	-8.36211	-0.0249769	107.335	111.501	0.962638
7575	0.00751202	0.203257	72.0711	43.6516	-8.36235	-0.0249772	107.335	111.502	0.962631
7576	0.00751295	0.20326	72.0739	43.6498	-8.36258	-0.0249775	107.336	111.504	0.962624
7577	0.00751388	0.203263	72.0767	43.6481	-8.36278	-0.0249778	107.337	111.505	0.962618
7578	0.0075148	0.203266	72.0794	43.6464	-8.36297	-0.024978	107.338	111.507	0.962612
7579	0.00751573	0.203268	72.0822	43.6446	-8.36312	-0.0249783	107.339	111.508	0.962606
7580	0.00751665	0.203271	72.0849	43.6429	-8.36326	-0.0249786	107.34	111.51	0.9626
7581	0.00751758	0.203274	72.0877	43.6412	-8.36337	-0.0249789	107.341	111.512	0.962595
7582	0.0075185	0.203277	72.0904	43.6395	-8.36347	-0.0249792	107.341	111.513	0.962589
7583	0.00751943	0.20328	72.0932	43.6377	-8.36356	-0.0249795	107.342	111.515	0.962584
7584	0.00752035	0.203283	72.096	43.636	-8.36363	-0.0249798	107.343	111.516	0.962579
7585	0.00752128	0.203286	72.0987	43.6343	-8.3637	-0.0249801	107.344	111.518	0.962574
7586	0.00752221	0.203289	72.1015	43.6325	-8.36378	-0.0249804	107.345	111.52	0.962568
7587	0.00752313	0.203292	72.1042	43.6308	-8.36385	-0.0249807	107.346	111.521	0.962563
7588	0.00752406	0.203295	72.107	43.6291	-8.36394	-0.024981	107.347	111.523	0.962558
7589	0.00752498	0.203297	72.1097	43.6274	-8.36404	-0.0249813	107.348	111.524	0.962553
7590	0.00752591	0.2033	72.1125	43.6256	-8.36415	-0.0249816	107.349	111.526	0.962547
7591	0.00752683	0.203303	72.1152	43.6239	-8.36429	-0.0249819	107.35	111.528	0.962541
7592	0.00752776	0.203306	72.118	43.6222	-8.36445	-0.0249822	107.351	111.529	0.962535
7593	0.00752868	0.203309	72.1208	43.6205	-8.36462	-0.0249825	107.352	111.531	0.962529
7594	0.00752961	0.203312	72.1235	43.6187	-8.36481	-0.0249828	107.352	111.532	0.962523
7595	0.00753053	0.203315	72.1263	43.617	-8.36501	-0.0249831	107.353	111.534	0.962517
7596	0.00753146	0.203318	72.129	43.6153	-8.36521	-0.0249834	107.354	111.535	0.962511
7597	0.00753239	0.203321	72.1318	43.6136	-8.36542	-0.0249837	107.355	111.537	0.962504
7598	0.00753331	0.203324	72.1345	43.6118	-8.36562	-0.0249839	107.356	111.539	0.962498
7599	0.00753424	0.203326	72.1373	43.6101	-8.36581	-0.0249842	107.357	111.54	0.962492
7600	0.00753516	0.203329	72.14	43.6084	-8.36599	-0.0249845	107.357	111.542	0.962486
7601	0.00753609	0.203332	72.1428	43.6067	-8.36616	-0.0249848	107.358	111.543	0.96248
7602	0.00753701	0.203335	72.1455	43.6049	-8.3663	-0.0249851	107.359	111.545	0.962474
7603	0.00753794	0.203338	72.1483	43.6032	-8.36643	-0.0249853	107.36	111.547	0.962468
7604	0.00753886	0.203341	72.151	43.6015	-8.36654	-0.0249856	107.361	111.548	0.962463
7605	0.00753979	0.203344	72.1538	43.5998	-8.36664	-0.0249859	107.362	111.55	0.962457
7606	0.00754071	0.203347	72.1565	43.598	-8.36671	-0.0249862	107.363	111.551	0.962452
7607	0.00754164	0.20335	72.1592	43.5963	-8.36677	-0.0249865	107.364	111.553	0.962447
7608	0.00754257	0.203352	72.162	43.5946	-8.36682	-0.0249867	107.365	111.555	0.962442
7609	0.00754349	0.203355	72.1647	43.5929	-8.36687	-0.024987	107.366	111.556	0.962437
7610	0.00754442	0.203358	72.1675	43.5912	-8.36691	-0.0249873	107.367	111.558	0.962433
7611	0.00754534	0.203361	72.1702	43.5894	-8.36696	-0.0249876	107.368	111.559	0.962428
7612	0.00754627	0.203364	72.173	43.5877	-8.36701	-0.0249879	107.369	111.561	0.962423
7613	0.00754719	0.203367	72.1757	43.586	-8.36707	-0.0249882	107.37	111.562	0.962418
7614	0.00754812	0.20337	72.1784	43.5843	-8.36714	-0.0249885	107.371	111.564	0.962413
7615	0.00754904	0.203373	72.1812	43.5826	-8.36722	-0.0249887	107.372	111.566	0.962407
7616	0.00754997	0.203375	72.1839	43.5808	-8.36731	-0.024989	107.372	111.567	0.962402
7617	0.00755089	0.203378	72.1867	43.5791	-8.36741	-0.0249893	107.373	111.569	0.962397
7618	0.00755182	0.203381	72.1894	43.5774	-8.36752	-0.0249896	107.374	111.57	0.962391
7619	0.00755274	0.203384	72.1921	43.5757	-8.36764	-0.0249898	107.375	111.572	0.962386
7620	0.00755367	0.203387	72.1949	43.574	-8.36776	-0.0249901	107.376	111.573	0.96238
7621	0.0075546	0.20339	72.1976	43.5723	-8.36788	-0.0249903	107.377	111.575	0.962375
7622	0.00755552	0.203393	72.2003	43.5705	-8.36799	-0.0249906	107.378	111.577	0.962369
7623	0.00755645	0.203396	72.2031	43.5688	-8.36808	-0.0249908	107.379	111.578	0.962364
7624	0.00755737	0.203398	72.2058	43.5671	-8.36817	-0.0249911	107.38	111.58	0.962359
7625	0.0075583	0.203401	72.2085	43.5654	-8.36823	-0.0249913	107.381	111.581	0.962354
7626	0.00755922	0.203404	72.2113	43.5637	-8.36827	-0.0249916	107.382	111.583	0.962349
7627	0.00756015	0.203407	72.214	43.562	-8.36828	-0.0249918	107.383	111.584	0.962344
7628	0.00756107	0.20341	72.2167	43.5603	-8.36828	-0.0249921	107.384	111.586	0.96234
7629	0.007562	0.203413	72.2194	43.5586	-8.36825	-0.0249923	107.385	111.588	0.962336
7630	0.00756292	0.203416	72.2222	43.5569	-8.3682	-0.0249926	107.386	111.589	0.962332
7631	0.00756385	0.203418	72.2249	43.5551	-8.36815	-0.0249928	107.387	111.591	0.962328
7632	0.00756477	0.203421	72.2276	43.5534	-8.36808	-0.0249931	107.388	111.592	0.962324
7633	0.0075657	0.203424	72.2303	43.5517	-8.368	-0.0249934	107.389	111.594	0.96232
7634	0.00756663	0.203427	72.2331	43.55	-8.36793	-0.0249936	107.39	111.595	0.962317
7635	0.00756755	0.20343	72.2358	43.5483	-8.36786	-0.0249939	107.391	111.597	0.962313
7636	0.00756848	0.203433	72.2385	43.5466	-8.3678	-0.0249942	107.392	111.599	0.962309
7637	0.0075694	0.203436	72.2412	43.5449	-8.36775	-0.0249945	107.393	111.6	0.962305
7638	0.00757033	0.203438	72.2439	43.5432	-8.36772	-0.0249947	107.394	111.602	0.962301
7639	0.00757125	0.203441	72.2466	43.5415	-8.36771	-0.024995	107.395	111.603	0.962296
7640	0.00757218	0.203444	72.2493	43.5398	-8.36772	-0.0249953	107.396	111.605	0.962292
7641	0.0075731	0.203447	72.2521	43.5381	-8.36775	-0.0249955	107.397	111.606	0.962287
7642	0.00757403	0.20345	72.2548	43.5364	-8.36779	-0.0249958	107.398	111.608	0.962283
7643	0.00757495	0.203453	72.2575	43.5347	-8.36785	-0.024996	107.399	111.61	0.962278
7644	0.00757588	0.203455	72.2602	43.533	-8.36792	-0.0249963	107.4	111.611	0.962273
7645	0.0075768	0.203458	72.2629	43.5313	-8.36799	-0.0249965	107.401	111.613	0.962268
7646	0.00757773	0.203461	72.2656	43.5296	-8.36806	-0.0249968	107.402	111.614	0.962263
7647	0.00757866	0.203464	72.2683	43.5279	-8.36812	-0.024997	107.403	111.616	0.962258
7648	0.00757958	0.203467	72.271	43.5262	-8.36817	-0.0249973	107.404	111.617	0.962253
7649	0.00758051	0.20347	72.2737	43.5245	-8.36821	-0.0249975	107.405	111.619	0.962248
7650	0.00758143	0.203472	72.2764	43.5228	-8.36822	-0.0249978	107.406	111.62	0.962244
7651	0.00758236	0.203475	72.2791	43.5212	-8.36822	-0.024998	107.407	111.622	0.962239
7652	0.00758328	0.203478	72.2818	43.5195	-8.3682	-0.0249983	107.408	111.623	0.962235
7653	0.00758421	0.203481	72.2844	43.5178	-8.36816	-0.0249985	107.409	111.625	0.962231
7654	0.00758513	0.203484	72.2871	43.5161	-8.3681	-0.0249988	107.41	111.627	0.962227
7655	0.00758606	0.203487	72.2898	43.5144	-8.36802	-0.024999	107.411	111.628	0.962224
7656	0.00758698	0.203489	72.2925	43.5127	-8.36793	-0.0249993	107.412	111.63	0.96222
7657	0.00758791	0.203492	72.2952	43.511	-8.36783	-0.0249996	107.413	111.631	0.962217
7658	0.00758883	0.203495	72.2979	43.5094	-8.36773	-0.0249998	107.414	111.633	0.962213
7659	0.00758976	0.203498	72.3005	43.5077	-8.36763	-0.0250001	107.416	111.634	0.96221
7660	0.00759069	0.203501	72.3032	43.506	-8.36754	-0.0250003	107.417	111.636	0.962206
7661	0.00759161	0.203503	72.3059	43.5043	-8.36746	-0.0250006	107.418	111.637	0.962202
7662	0.00759254	0.203506	72.3086	43.5026	-8.36739	-0.0250009	107.419	111.639	0.962199
7663	0.00759346	0.203509	72.3112	43.501	-8.36734	-0.0250011	107.42	111.64	0.962195
7664	0.00759439	0.203512	72.3139	43.4993	-8.36729	-0.0250014	107.421	111.642	0.962191
7665	0.00759531	0.203515	72.3166	43.4976	-8.36727	-0.0250016	107.422	111.644	0.962187
7666	0.00759624	0.203517	72.3192	43.496	-8.36725	-0.0250019	107.423	111.645	0.962183
7667	0.00759716	0.20352	72.3219	43.4943	-8.36725	-0.0250021	107.424	111.647	0.962178
7668	0.00759809	0.203523	72.3246	43.4926	-8.36725	-0.0250023	107.425	111.648	0.962174
7669	0.00759901	0.203526	72.3272	43.4909	-8.36726	-0.0250026	107.426	111.65	0.96217
7670	0.00759994	0.203529	72.3299	43.4893	-8.36725	-0.0250028	107.427	111.651	0.962165
7671	0.00760086	0.203531	72.3325	43.4876	-8.36724	-0.025003	107.428	111.653	0.962161
7672	0.00760179	0.203534	72.3352	43.4859	-8.36722	-0.0250032	107.429	111.654	0.962157
7673	0.00760271	0.203537	72.3378	43.4843	-8.36718	-0.0250035	107.43	111.656	0.962153
7674	0.00760364	0.20354	72.3405	43.4826	-8.36711	-0.0250037	107.431	111.657	0.96215
7675	0.00760457	0.203542	72.3431	43.481	-8.36703	-0.0250039	107.432	111.659	0.962146
7676	0.00760549	0.203545	72.3458	43.4793	-8.36692	-0.0250041	107.433	111.66	0.962143
7677	0.00760642	0.203548	72.3484	43.4776	-8.3668	-0.0250044	107.434	111.662	0.96214
7678	0.00760734	0.203551	72.351	43.476	-8.36666	-0.0250046	107.435	111.663	0.962136
7679	0.00760827	0.203554	72.3537	43.4743	-8.36651	-0.0250048	107.437	111.665	0.962134
7680	0.00760919	0.203556	72.3563	43.4727	-8.36636	-0.0250051	107.438	111.666	0.962131
7681	0.00761012	0.203559	72.3589	43.471	-8.3662	-0.0250053	107.439	111.668	0.962128
7682	0.00761104	0.203562	72.3616	43.4694	-8.36604	-0.0250056	107.44	111.669	0.962125
7683	0.00761197	0.203565	72.3642	43.4677	-8.36589	-0.0250058	107.441	111.671	0.962122
7684	0.00761289	0.203567	72.3668	43.4661	-8.36575	-0.0250061	107.442	111.672	0.962119
7685	0.00761382	0.20357	72.3694	43.4644	-8.36563	-0.0250063	107.443	111.674	0.962116
7686	0.00761474	0.203573	72.3721	43.4628	-8.36553	-0.0250066	107.444	111.675	0.962113
7687	0.00761567	0.203576	72.3747	43.4612	-8.36545	-0.0250068	107.445	111.677	0.962109
7688	0.00761659	0.203578	72.3773	43.4595	-8.36539	-0.0250071	107.446	111.678	0.962105
7689	0.00761752	0.203581	72.3799	43.4579	-8.36536	-0.0250073	107.447	111.68	0.962101
7690	0.00761845	0.203584	72.3825	43.4562	-8.36535	-0.0250076	107.448	111.681	0.962097
7691	0.00761937	0.203586	72.3851	43.4546	-8.36535	-0.0250078	107.449	111.683	0.962093
7692	0.0076203	0.203589	72.3877	43.453	-8.36537	-0.025008	107.45	111.684	0.962089
7693	0.00762122	0.203592	72.3903	43.4513	-8.3654	-0.0250083	107.451	111.686	0.962084
7694	0.00762215	0.203595	72.3929	43.4497	-8.36542	-0.0250085	107.452	111.687	0.96208
7695	0.00762307	0.203597	72.3955	43.4481	-8.36545	-0.0250087	107.453	111.689	0.962075
7696	0.007624	0.2036	72.3981	43.4465	-8.36546	-0.025009	107.454	111.69	0.962071
7697	0.00762492	0.203603	72.4007	43.4448	-8.36546	-0.0250092	107.455	111.692	0.962067
7698	0.00762585	0.203605	72.4033	43.4432	-8.36544	-0.0250094	107.456	111.693	0.962063
7699	0.00762677	0.203608	72.4059	43.4416	-8.36541	-0.0250096	107.457	111.695	0.962059
7700	0.0076277	0.203611	72.4084	43.44	-8.36535	-0.0250099	107.458	111.696	0.962055
7701	0.00762862	0.203614	72.411	43.4384	-8.36528	-0.0250101	107.459	111.698	0.962052
7702	0.00762955	0.203616	72.4136	43.4367	-8.36519	-0.0250104	107.46	111.699	0.962049
7703	0.00763047	0.203619	72.4162	43.4351	-8.36508	-0.0250106	107.461	111.701	0.962045
7704	0.0076314	0.203622	72.4187	43.4335	-8.36496	-0.0250108	107.462	111.702	0.962042
7705	0.00763233	0.203624	72.4213	43.4319	-8.36483	-0.0250111	107.463	111.704	0.962039
7706	0.00763325	0.203627	72.4238	43.4303	-8.3647	-0.0250113	107.464	111.705	0.962036
7707	0.00763418	0.20363	72.4264	43.4287	-8.36458	-0.0250116	107.466	111.707	0.962033
7708	0.0076351	0.203632	72.429	43.4271	-8.36446	-0.0250118	107.467	111.708	0.96203
7709	0.00763603	0.203635	72.4315	43.4255	-8.36436	-0.0250121	107.468	111.71	0.962027
7710	0.00763695	0.203638	72.4341	43.4239	-8.36427	-0.0250123	107.469	111.711	0.962024
7711	0.00763788	0.20364	72.4366	43.4223	-8.3642	-0.0250126	107.47	111.712	0.96202
7712	0.0076388	0.203643	72.4391	43.4207	-8.36415	-0.0250128	107.471	111.714	0.962017
7713	0.00763973	0.203646	72.4417	43.4191	-8.36412	-0.025013	107.472	111.715	0.962013
7714	0.00764065	0.203648	72.4442	43.4175	-8.3641	-0.0250133	107.473	111.717	0.962009
7715	0.00764158	0.203651	72.4467	43.4159	-8.3641	-0.0250135	107.474	111.718	0.962005
7716	0.0076425	0.203654	72.4493	43.4144	-8.36411	-0.0250137	107.474	111.72	0.962001
7717	0.00764343	0.203656	72.4518	43.4128	-8.36412	-0.025014	107.475	111.721	0.961997
7718	0.00764435	0.203659	72.4543	43.4112	-8.36413	-0.0250142	107.476	111.723	0.961992
7719	0.00764528	0.203662	72.4568	43.4096	-8.36413	-0.0250144	107.477	111.724	0.961988
7720	0.00764621	0.203664	72.4593	43.408	-8.36413	-0.0250146	107.478	111.726	0.961984
7721	0.00764713	0.203667	72.4618	43.4065	-8.3641	-0.0250148	107.479	111.727	0.961981
7722	0.00764806	0.203669	72.4643	43.4049	-8.36406	-0.025015	107.48	111.728	0.961977
7723	0.00764898	0.203672	72.4668	43.4033	-8.364	-0.0250153	107.481	111.73	0.961973
7724	0.00764991	0.203675	72.4693	43.4018	-8.36392	-0.0250155	107.482	111.731	0.96197
7725	0.00765083	0.203677	72.4718	43.4002	-8.36382	-0.0250157	107.483	111.733	0.961967
7726	0.00765176	0.20368	72.4743	43.3987	-8.36371	-0.0250159	107.484	111.734	0.961964
7727	0.00765268	0.203682	72.4767	43.3971	-8.3636	-0.0250161	107.485	111.736	0.961961
7728	0.00765361	0.203685	72.4792	43.3956	-8.36347	-0.0250164	107.486	111.737	0.961958
7729	0.00765453	0.203688	72.4817	43.394	-8.36335	-0.0250166	107.487	111.738	0.961955
7730	0.00765546	0.20369	72.4841	43.3925	-8.36324	-0.0250168	107.488	111.74	0.961952
7731	0.00765638	0.203693	72.4866	43.3909	-8.36313	-0.0250171	107.489	111.741	0.961949
7732	0.00765731	0.203695	72.489	43.3894	-8.36304	-0.0250173	107.49	111.743	0.961946
7733	0.00765823	0.203698	72.4915	43.3878	-8.36297	-0.0250176	107.491	111.744	0.961943
7734	0.00765916	0.2037	72.4939	43.3863	-8.36292	-0.0250178	107.492	111.745	0.961939
7735	0.00766009	0.203703	72.4964	43.3848	-8.36289	-0.0250181	107.493	111.747	0.961936
7736	0.00766101	0.203705	72.4988	43.3833	-8.36289	-0.0250183	107.494	111.748	0.961932
7737	0.00766194	0.203708	72.5012	43.3817	-8.36292	-0.0250185	107.495	111.75	0.961928
7738	0.00766286	0.203711	72.5036	43.3802	-8.36298	-0.0250188	107.496	111.751	0.961923
7739	0.00766379	0.203713	72.5061	43.3787	-8.36305	-0.025019	107.497	111.752	0.961919
7740	0.00766471	0.203716	72.5085	43.3772	-8.36314	-0.0250192	107.497	111.754	0.961914
7741	0.00766564	0.203718	72.5109	43.3757	-8.36324	-0.0250194	107.498	111.755	0.961909
7742	0.00766656	0.203721	72.5133	43.3742	-8.36334	-0.0250197	107.499	111.757	0.961904
7743	0.00766749	0.203723	72.5157	43.3727	-8.36344	-0.0250199	107.5	111.758	0.9619
7744	0.00766841	0.203726	72.5181	43.3712	-8.36354	-0.0250201	107.501	111.759	0.961895
7745	0.00766934	0.203728	72.5205	43.3697	-8.36362	-0.0250203	107.501	111.761	0.96189
7746	0.00767026	0.203731	72.5228	43.3682	-8.36369	-0.0250205	107.502	111.762	0.961886
7747	0.00767119	0.203733	72.5252	43.3667	-8.36375	-0.0250208	107.503	111.763	0.961882
7748	0.00767211	0.203736	72.5276	43.3652	-8.36378	-0.025021	107.504	111.765	0.961878
7749	0.00767304	0.203738	72.5299	43.3637	-8.3638	-0.0250212	107.505	111.766	0.961874
7750	0.00767397	0.20374	72.5323	43.3622	-8.36379	-0.0250214	107.506	111.767	0.96187
7751	0.00767489	0.203743	72.5347	43.3607	-8.36378	-0.0250217	107.507	111.769	0.961866
7752	0.00767582	0.203745	72.537	43.3593	-8.36375	-0.0250219	107.508	111.77	0.961863
7753	0.00767674	0.203748	72.5393	43.3578	-8.36372	-0.0250222	107.508	111.771	0.961859
7754	0.00767767	0.20375	72.5417	43.3563	-8.36369	-0.0250224	107.509	111.773	0.961856
7755	0.00767859	0.203753	72.544	43.3549	-8.36366	-0.0250226	107.51	111.774	0.961852
7756	0.00767952	0.203755	72.5463	43.3534	-8.36364	-0.0250229	107.511	111.775	0.961849
7757	0.00768044	0.203758	72.5487	43.352	-8.36364	-0.0250231	107.512	111.777	0.961845
7758	0.00768137	0.20376	72.551	43.3505	-8.36366	-0.0250234	107.513	111.778	0.961841
7759	0.00768229	0.203762	72.5533	43.3491	-8.3637	-0.0250236	107.514	111.779	0.961837
7760	0.00768322	0.203765	72.5556	43.3476	-8.36376	-0.0250238	107.514	111.781	0.961833
7761	0.00768414	0.203767	72.5579	43.3462	-8.36384	-0.0250241	107.515	111.782	0.961828
7762	0.00768507	0.20377	72.5602	43.3447	-8.36395	-0.0250243	107.516	111.783	0.961824
7763	0.00768599	0.203772	72.5624	43.3433	-8.36407	-0.0250245	107.517	111.785	0.961819
7764	0.00768692	0.203774	72.5647	43.3419	-8.3642	-0.0250247	107.517	111.786	0.961814
7765	0.00768785	0.203777	72.567	43.3404	-8.36434	-0.0250249	107.518	111.787	0.961809
7766	0.00768877	0.203779	72.5693	43.339	-8.36447	-0.0250251	107.519	111.789	0.961804
7767	0.0076897	0.203782	72.5715	43.3376	-8.36461	-0.0250253	107.519	111.79	0.9618
7768	0.00769062	0.203784	72.5738	43.3362	-8.36473	-0.0250255	107.52	111.791	0.961795
7769	0.00769155	0.203786	72.576	43.3348	-8.36484	-0.0250258	107.521	111.792	0.96179
7770	0.00769247	0.203789	72.5783	43.3334	-8.36493	-0.025026	107.522	111.794	0.961786
7771	0.0076934	0.203791	72.5805	43.332	-8.365	-0.0250262	107.522	111.795	0.961782
7772	0.00769432	0.203793	72.5828	43.3306	-8.36506	-0.0250264	107.523	111.796	0.961778
7773	0.00769525	0.203796	72.585	43.3292	-8.3651	-0.0250266	107.524	111.798	0.961774
7774	0.00769617	0.203798	72.5872	43.3278	-8.36513	-0.0250268	107.525	111.799	0.96177
7775	0.0076971	0.2038	72.5894	43.3264	-8.36516	-0.025027	107.526	111.8	0.961766
7776	0.00769802	0.203803	72.5916	43.325	-8.36518	-0.0250272	107.526	111.801	0.961762
7777	0.00769895	0.203805	72.5938	43.3236	-8.3652	-0.0250275	107.527	111.803	0.961759
7778	0.00769987	0.203807	72.596	43.3222	-8.36524	-0.0250277	107.528	111.804	0.961755
7779	0.0077008	0.203809	72.5982	43.3208	-8.36528	-0.0250279	107.529	111.805	0.961751
7780	0.00770172	0.203812	72.6004	43.3195	-8.36535	-0.0250281	107.529	111.806	0.961747
7781	0.00770265	0.203814	72.6026	43.3181	-8.36543	-0.0250284	107.53	111.808	0.961742
7782	0.00770358	0.203816	72.6047	43.3167	-8.36555	-0.0250286	107.531	111.809	0.961738
7783	0.0077045	0.203818	72.6069	43.3154	-8.36568	-0.0250288	107.532	111.81	0.961733
7784	0.00770543	0.203821	72.6091	43.314	-8.36585	-0.025029	107.532	111.811	0.961728
7785	0.00770635	0.203823	72.6112	43.3127	-8.36605	-0.0250293	107.533	111.813	0.961723
7786	0.00770728	0.203825	72.6134	43.3113	-8.36627	-0.0250295	107.533	111.814	0.961718
7787	0.0077082	0.203827	72.6155	43.31	-8.36652	-0.0250297	107.534	111.815	0.961712
7788	0.00770913	0.20383	72.6177	43.3086	-8.36678	-0.0250299	107.534	111.816	0.961706
7789	0.00771005	0.203832	72.6198	43.3073	-8.36706	-0.0250301	107.535	111.818	0.9617
7790	0.00771098	0.203834	72.6219	43.306	-8.36734	-0.0250303	107.536	111.819	0.961694
7791	0.0077119	0.203836	72.624	43.3046	-8.36762	-0.0250305	107.536	111.82	0.961689
7792	0.00771283	0.203839	72.6261	43.3033	-8.3679	-0.0250307	107.537	111.821	0.961683
7793	0.00771375	0.203841	72.6283	43.302	-8.36817	-0.0250309	107.537	111.822	0.961677
7794	0.00771468	0.203843	72.6304	43.3007	-8.36843	-0.0250311	107.538	111.824	0.961671
7795	0.0077156	0.203845	72.6325	43.2993	-8.36866	-0.0250314	107.538	111.825	0.961666
7796	0.00771653	0.203847	72.6345	43.298	-8.36888	-0.0250316	107.539	111.826	0.96166
7797	0.00771746	0.20385	72.6366	43.2967	-8.36909	-0.0250318	107.539	111.827	0.961655
7798	0.00771838	0.203852	72.6387	43.2954	-8.36927	-0.025032	107.54	111.828	0.96165
7799	0.00771931	0.203854	72.6408	43.2941	-8.36944	-0.0250322	107.54	111.83	0.961645
7800	0.00772023	0.203856	72.6428	43.2928	-8.3696	-0.0250324	107.541	111.831	0.961641
7801	0.00772116	0.203858	72.6449	43.2915	-8.36975	-0.0250326	107.542	111.832	0.961636
7802	0.00772208	0.20386	72.647	43.2902	-8.3699	-0.0250328	107.542	111.833	0.961631
7803	0.00772301	0.203862	72.649	43.289	-8.37006	-0.0250331	107.543	111.834	0.961627
7804	0.00772393	0.203865	72.651	43.2877	-8.37023	-0.0250333	107.543	111.835	0.961622
7805	0.00772486	0.203867	72.6531	43.2864	-8.37041	-0.0250335	107.544	111.837	0.961617
7806	0.00772578	0.203869	72.6551	43.2851	-8.3706	-0.0250337	107.545	111.838	0.961612
7807	0.00772671	0.203871	72.6571	43.2838	-8.37082	-0.0250339	107.545	111.839	0.961607
7808	0.00772763	0.203873	72.6592	43.2826	-8.37106	-0.0250341	107.546	111.84	0.961602
7809	0.00772856	0.203875	72.6612	43.2813	-8.37132	-0.0250344	107.546	111.841	0.961596
7810	0.00772948	0.203877	72.6632	43.2801	-8.37161	-0.0250346	107.547	111.842	0.96159
7811	0.00773041	0.203879	72.6652	43.2788	-8.37191	-0.0250348	107.547	111.844	0.961584
7812	0.00773134	0.203881	72.6672	43.2775	-8.37222	-0.0250349	107.547	111.845	0.961578
7813	0.00773226	0.203883	72.6692	43.2763	-8.37253	-0.0250351	107.548	111.846	0.961572
7814	0.00773319	0.203886	72.6711	43.275	-8.37285	-0.0250353	107.548	111.847	0.961566
7815	0.00773411	0.203888	72.6731	43.2738	-8.37317	-0.0250355	107.549	111.848	0.96156
7816	0.00773504	0.20389	72.6751	43.2726	-8.37347	-0.0250357	107.549	111.849	0.961555
7817	0.00773596	0.203892	72.6771	43.2713	-8.37376	-0.0250359	107.55	111.85	0.961549
7818	0.00773689	0.203894	72.679	43.2701	-8.37403	-0.025036	107.55	111.851	0.961543
7819	0.00773781	0.203896	72.681	43.2689	-8.37429	-0.0250362	107.551	111.853	0.961538
7820	0.00773874	0.203898	72.6829	43.2676	-8.37452	-0.0250364	107.551	111.854	0.961533
7821	0.00773966	0.2039	72.6849	43.2664	-8.37474	-0.0250366	107.552	111.855	0.961528
7822	0.00774059	0.203902	72.6868	43.2652	-8.37495	-0.0250368	107.552	111.856	0.961523
7823	0.00774151	0.203904	72.6887	43.264	-8.37515	-0.025037	107.553	111.857	0.961518
7824	0.00774244	0.203906	72.6907	43.2628	-8.37535	-0.0250372	107.553	111.858	0.961513
7825	0.00774336	0.203908	72.6926	43.2616	-8.37554	-0.0250374	107.554	111.859	0.961508
7826	0.00774429	0.20391	72.6945	43.2604	-8.37575	-0.0250376	107.554	111.86	0.961503
7827	0.00774521	0.203912	72.6964	43.2592	-8.37596	-0.0250378	107.555	111.861	0.961498
7828	0.00774614	0.203914	72.6983	43.258	-8.3762	-0.025038	107.555	111.863	0.961493
7829	0.00774707	0.203916	72.7002	43.2568	-8.37645	-0.0250382	107.556	111.864	0.961488
7830	0.00774799	0.203918	72.7021	43.2556	-8.37673	-0.0250384	107.556	111.865	0.961482
7831	0.00774892	0.20392	72.704	43.2544	-8.37704	-0.0250386	107.556	111.866	0.961477
7832	0.00774984	0.203922	72.7059	43.2532	-8.37737	-0.0250388	107.557	111.867	0.961471
7833	0.00775077	0.203924	72.7078	43.252	-8.37773	-0.025039	107.557	111.868	0.961464
7834	0.00775169	0.203926	72.7096	43.2509	-8.37812	-0.0250392	107.557	111.869	0.961458
7835	0.00775262	0.203928	72.7115	43.2497	-8.37853	-0.0250393	107.558	111.87	0.961451
7836	0.00775354	0.20393	72.7134	43.2485	-8.37896	-0.0250395	107.558	111.871	0.961444
7837	0.00775447	0.203932	72.7152	43.2474	-8.3794	-0.0250397	107.558	111.872	0.961438
7838	0.00775539	0.203933	72.7171	43.2462	-8.37985	-0.0250399	107.558	111.873	0.961431
7839	0.00775632	0.203935	72.7189	43.245	-8.38031	-0.0250401	107.559	111.874	0.961424
7840	0.00775724	0.203937	72.7208	43.2439	-8.38076	-0.0250402	107.559	111.875	0.961417
7841	0.00775817	0.203939	72.7226	43.2427	-8.3812	-0.0250404	107.559	111.876	0.96141
7842	0.00775909	0.203941	72.7244	43.2416	-8.38163	-0.0250406	107.559	111.877	0.961403
7843	0.00776002	0.203943	72.7263	43.2404	-8.38204	-0.0250408	107.56	111.879	0.961396
7844	0.00776094	0.203945	72.7281	43.2393	-8.38244	-0.0250409	107.56	111.88	0.96139
7845	0.00776187	0.203947	72.7299	43.2381	-8.38282	-0.0250411	107.56	111.881	0.961384
7846	0.0077628	0.203949	72.7317	43.237	-8.38318	-0.0250413	107.56	111.882	0.961378
7847	0.00776372	0.203951	72.7335	43.2359	-8.38352	-0.0250415	107.561	111.883	0.961372
7848	0.00776465	0.203952	72.7353	43.2347	-8.38386	-0.0250417	107.561	111.884	0.961366
7849	0.00776557	0.203954	72.7371	43.2336	-8.38419	-0.0250419	107.561	111.885	0.96136
7850	0.0077665	0.203956	72.7389	43.2325	-8.38452	-0.0250421	107.562	111.886	0.961354
7851	0.00776742	0.203958	72.7407	43.2314	-8.38486	-0.0250422	107.562	111.887	0.961348
7852	0.00776835	0.20396	72.7425	43.2302	-8.3852	-0.0250424	107.562	111.888	0.961342
7853	0.00776927	0.203962	72.7443	43.2291	-8.38556	-0.0250426	107.563	111.889	0.961336
7854	0.0077702	0.203964	72.746	43.228	-8.38593	-0.0250428	107.563	111.89	0.96133
7855	0.00777112	0.203965	72.7478	43.2269	-8.38633	-0.025043	107.563	111.891	0.961324
7856	0.00777205	0.203967	72.7496	43.2258	-8.38675	-0.0250432	107.564	111.892	0.961317
7857	0.00777297	0.203969	72.7513	43.2247	-8.38718	-0.0250434	107.564	111.893	0.961311
7858	0.0077739	0.203971	72.7531	43.2236	-8.38764	-0.0250435	107.564	111.894	0.961304
7859	0.00777482	0.203973	72.7548	43.2225	-8.3881	-0.0250437	107.564	111.895	0.961297
7860	0.00777575	0.203975	72.7566	43.2214	-8.38858	-0.0250439	107.564	111.896	0.96129
7861	0.00777667	0.203976	72.7583	43.2203	-8.38906	-0.025044	107.564	111.897	0.961283
7862	0.0077776	0.203978	72.76	43.2192	-8.38954	-0.0250442	107.565	111.898	0.961276
7863	0.00777853	0.20398	72.7618	43.2181	-8.39001	-0.0250444	107.565	111.899	0.961269
7864	0.00777945	0.203982	72.7635	43.217	-8.39047	-0.0250445	107.565	111.9	0.961262
7865	0.00778038	0.203984	72.7652	43.216	-8.39092	-0.0250447	107.565	111.901	0.961255
7866	0.0077813	0.203985	72.7669	43.2149	-8.39135	-0.0250448	107.565	111.902	0.961248
7867	0.00778223	0.203987	72.7686	43.2138	-8.39176	-0.025045	107.566	111.903	0.961242
7868	0.00778315	0.203989	72.7703	43.2127	-8.39215	-0.0250451	107.566	111.904	0.961236
7869	0.00778408	0.203991	72.772	43.2117	-8.39253	-0.0250453	107.566	111.905	0.96123
7870	0.007785	0.203993	72.7737	43.2106	-8.3929	-0.0250455	107.566	111.906	0.961224
7871	0.00778593	0.203994	72.7754	43.2095	-8.39326	-0.0250456	107.567	111.907	0.961218
7872	0.00778685	0.203996	72.7771	43.2085	-8.39361	-0.0250458	107.567	111.908	0.961212
7873	0.00778778	0.203998	72.7788	43.2074	-8.39397	-0.025046	107.567	111.909	0.961206
7874	0.0077887	0.204	72.7805	43.2063	-8.39434	-0.0250461	107.567	111.91	0.9612
7875	0.00778963	0.204001	72.7822	43.2053	-8.39471	-0.0250463	107.568	111.91	0.961194
7876	0.00779055	0.204003	72.7838	43.2042	-8.39511	-0.0250465	107.568	111.911	0.961188
7877	0.00779148	0.204005	72.7855	43.2032	-8.39552	-0.0250467	107.568	111.912	0.961182
7878	0.0077924	0.204007	72.7872	43.2021	-8.39596	-0.0250469	107.568	111.913	0.961175
7879	0.00779333	0.204008	72.7888	43.2011	-8.39643	-0.025047	107.568	111.914	0.961168
7880	0.00779426	0.20401	72.7905	43.2001	-8.39692	-0.0250472	107.569	111.915	0.961161
7881	0.00779518	0.204012	72.7922	43.199	-8.39745	-0.0250474	107.569	111.916	0.961154
7882	0.00779611	0.204013	72.7938	43.198	-8.398	-0.0250475	107.569	111.917	0.961146
7883	0.00779703	0.204015	72.7955	43.1969	-8.39857	-0.0250477	107.569	111.918	0.961139
7884	0.00779796	0.204017	72.7971	43.1959	-8.39916	-0.0250479	107.569	111.919	0.961131
7885	0.00779888	0.204019	72.7987	43.1949	-8.39977	-0.025048	107.569	111.92	0.961123
7886	0.00779981	0.20402	72.8004	43.1939	-8.40038	-0.0250482	107.569	111.921	0.961115
7887	0.00780073	0.204022	72.802	43.1928	-8.40099	-0.0250483	107.569	111.922	0.961107
7888	0.00780166	0.204024	72.8036	43.1918	-8.4016	-0.0250485	107.569	111.923	0.961099
7889	0.00780258	0.204025	72.8053	43.1908	-8.40219	-0.0250486	107.569	111.924	0.961091
7890	0.00780351	0.204027	72.8069	43.1898	-8.40278	-0.0250488	107.569	111.925	0.961083
7891	0.00780443	0.204029	72.8085	43.1887	-8.40334	-0.0250489	107.569	111.926	0.961075
7892	0.00780536	0.20403	72.8101	43.1877	-8.40388	-0.0250491	107.569	111.926	0.961068
7893	0.00780628	0.204032	72.8117	43.1867	-8.40441	-0.0250492	107.569	111.927	0.961061
7894	0.00780721	0.204034	72.8133	43.1857	-8.40491	-0.0250494	107.569	111.928	0.961054
7895	0.00780813	0.204035	72.8149	43.1847	-8.4054	-0.0250496	107.569	111.929	0.961047
7896	0.00780906	0.204037	72.8165	43.1837	-8.40587	-0.0250497	107.569	111.93	0.96104
7897	0.00780998	0.204039	72.8181	43.1827	-8.40634	-0.0250499	107.569	111.931	0.961033
7898	0.00781091	0.20404	72.8197	43.1817	-8.40681	-0.02505	107.57	111.932	0.961027
7899	0.00781184	0.204042	72.8213	43.1807	-8.40728	-0.0250502	107.57	111.933	0.96102
7900	0.00781276	0.204044	72.8229	43.1797	-8.40776	-0.0250504	107.57	111.934	0.961013
7901	0.00781369	0.204045	72.8245	43.1787	-8.40826	-0.0250505	107.57	111.935	0.961006
7902	0.00781461	0.204047	72.8261	43.1777	-8.40877	-0.0250507	107.57	111.936	0.960999
7903	0.00781554	0.204049	72.8277	43.1767	-8.4093	-0.0250509	107.57	111.936	0.960992
7904	0.00781646	0.20405	72.8292	43.1757	-8.40985	-0.025051	107.57	111.937	0.960984
7905	0.00781739	0.204052	72.8308	43.1747	-8.41041	-0.0250512	107.57	111.938	0.960977
7906	0.00781831	0.204054	72.8324	43.1737	-8.41099	-0.0250513	107.57	111.939	0.960969
7907	0.00781924	0.204055	72.834	43.1727	-8.41157	-0.0250515	107.57	111.94	0.960961
7908	0.00782016	0.204057	72.8355	43.1718	-8.41216	-0.0250516	107.57	111.941	0.960954
7909	0.00782109	0.204058	72.8371	43.1708	-8.41274	-0.0250517	107.57	111.942	0.960946
7910	0.00782201	0.20406	72.8387	43.1698	-8.41332	-0.0250519	107.57	111.943	0.960938
7911	0.00782294	0.204062	72.8402	43.1688	-8.41388	-0.025052	107.57	111.944	0.960931
7912	0.00782386	0.204063	72.8418	43.1678	-8.41442	-0.0250521	107.57	111.944	0.960924
7913	0.00782479	0.204065	72.8433	43.1668	-8.41494	-0.0250523	107.57	111.945	0.960917
7914	0.00782571	0.204067	72.8449	43.1659	-8.41543	-0.0250524	107.57	111.946	0.96091
7915	0.00782664	0.204068	72.8464	43.1649	-8.41591	-0.0250525	107.57	111.947	0.960903
7916	0.00782756	0.20407	72.848	43.1639	-8.41636	-0.0250527	107.57	111.948	0.960897
7917	0.00782849	0.204071	72.8495	43.1629	-8.41679	-0.0250528	107.571	111.949	0.96089
7918	0.00782942	0.204073	72.8511	43.162	-8.41721	-0.025053	107.571	111.95	0.960884
7919	0.00783034	0.204075	72.8526	43.161	-8.41762	-0.0250531	107.571	111.951	0.960878
7920	0.00783127	0.204076	72.8542	43.16	-8.41803	-0.0250533	107.571	111.952	0.960872
7921	0.00783219	0.204078	72.8557	43.1591	-8.41844	-0.0250534	107.571	111.952	0.960866
7922	0.00783312	0.204079	72.8572	43.1581	-8.41887	-0.0250536	107.571	111.953	0.96086
7923	0.00783404	0.204081	72.8588	43.1571	-8.4193	-0.0250538	107.572	111.954	0.960853
7924	0.00783497	0.204083	72.8603	43.1562	-8.41975	-0.0250539	107.572	111.955	0.960847
7925	0.00783589	0.204084	72.8618	43.1552	-8.42023	-0.0250541	107.572	111.956	0.96084
7926	0.00783682	0.204086	72.8634	43.1542	-8.42073	-0.0250542	107.572	111.957	0.960833
7927	0.00783774	0.204087	72.8649	43.1533	-8.42126	-0.0250544	107.572	111.958	0.960826
7928	0.00783867	0.204089	72.8664	43.1523	-8.42182	-0.0250546	107.572	111.959	0.960819
7929	0.00783959	0.204091	72.868	43.1513	-8.42241	-0.0250547	107.572	111.959	0.960811
7930	0.00784052	0.204092	72.8695	43.1504	-8.42303	-0.0250549	107.572	111.96	0.960803
7931	0.00784144	0.204094	72.871	43.1494	-8.42366	-0.025055	107.572	111.961	0.960795
7932	0.00784237	0.204095	72.8725	43.1485	-8.42432	-0.0250551	107.572	111.962	0.960787
7933	0.00784329	0.204097	72.8741	43.1475	-8.42498	-0.0250553	107.572	111.963	0.960778
7934	0.00784422	0.204098	72.8756	43.1466	-8.42565	-0.0250554	107.571	111.964	0.96077
7935	0.00784514	0.2041	72.8771	43.1456	-8.42632	-0.0250555	107.571	111.965	0.960762
7936	0.00784607	0.204102	72.8786	43.1446	-8.42699	-0.0250557	107.571	111.966	0.960753
7937	0.00784699	0.204103	72.8801	43.1437	-8.42764	-0.0250558	107.571	111.966	0.960745
7938	0.00784792	0.204105	72.8817	43.1427	-8.42827	-0.0250559	107.571	111.967	0.960737
7939	0.00784885	0.204106	72.8832	43.1418	-8.42888	-0.025056	107.571	111.968	0.960729
7940	0.00784977	0.204108	72.8847	43.1408	-8.42947	-0.0250562	107.571	111.969	0.960721
7941	0.0078507	0.204109	72.8862	43.1399	-8.43004	-0.0250563	107.571	111.97	0.960714
7942	0.00785162	0.204111	72.8877	43.1389	-8.43059	-0.0250564	107.571	111.971	0.960707
7943	0.00785255	0.204113	72.8892	43.138	-8.43111	-0.0250566	107.571	111.972	0.9607
7944	0.00785347	0.204114	72.8907	43.137	-8.43163	-0.0250567	107.571	111.972	0.960693
7945	0.0078544	0.204116	72.8922	43.1361	-8.43213	-0.0250569	107.571	111.973	0.960686
7946	0.00785532	0.204117	72.8937	43.1351	-8.43262	-0.025057	107.571	111.974	0.960679
7947	0.00785625	0.204119	72.8952	43.1342	-8.43312	-0.0250571	107.571	111.975	0.960672
7948	0.00785717	0.20412	72.8968	43.1332	-8.43363	-0.0250573	107.571	111.976	0.960665
7949	0.0078581	0.204122	72.8983	43.1323	-8.43414	-0.0250574	107.571	111.977	0.960658
7950	0.00785902	0.204124	72.8998	43.1313	-8.43467	-0.0250576	107.571	111.978	0.960651
7951	0.00785995	0.204125	72.9013	43.1304	-8.43522	-0.0250577	107.571	111.978	0.960644
7952	0.00786087	0.204127	72.9028	43.1294	-8.43578	-0.0250578	107.571	111.979	0.960637
7953	0.0078618	0.204128	72.9043	43.1285	-8.43636	-0.025058	107.571	111.98	0.960629
7954	0.00786272	0.20413	72.9058	43.1276	-8.43696	-0.0250581	107.571	111.981	0.960621
7955	0.00786365	0.204131	72.9073	43.1266	-8.43756	-0.0250582	107.571	111.982	0.960614
7956	0.00786457	0.204133	72.9088	43.1257	-8.43816	-0.0250583	107.571	111.983	0.960606
7957	0.0078655	0.204134	72.9103	43.1247	-8.43877	-0.0250584	107.571	111.984	0.960598
7958	0.00786642	0.204136	72.9118	43.1238	-8.43936	-0.0250586	107.571	111.984	0.960591
7959	0.00786735	0.204138	72.9133	43.1228	-8.43994	-0.0250587	107.571	111.985	0.960583
7960	0.00786827	0.204139	72.9148	43.1219	-8.44049	-0.0250588	107.571	111.986	0.960576
7961	0.0078692	0.204141	72.9163	43.121	-8.44102	-0.0250589	107.571	111.987	0.960569
7962	0.00787012	0.204142	72.9178	43.12	-8.44153	-0.025059	107.571	111.988	0.960562
7963	0.00787105	0.204144	72.9193	43.1191	-8.44201	-0.0250591	107.571	111.989	0.960555
7964	0.00787198	0.204145	72.9208	43.1181	-8.44246	-0.0250592	107.571	111.989	0.960549
7965	0.0078729	0.204147	72.9222	43.1172	-8.44289	-0.0250593	107.571	111.99	0.960542
7966	0.00787383	0.204148	72.9237	43.1162	-8.4433	-0.0250594	107.572	111.991	0.960536
7967	0.00787475	0.20415	72.9252	43.1153	-8.4437	-0.0250595	107.572	111.992	0.960531
7968	0.00787568	0.204152	72.9267	43.1144	-8.44409	-0.0250597	107.572	111.993	0.960525
7969	0.0078766	0.204153	72.9282	43.1134	-8.44447	-0.0250598	107.572	111.994	0.960519
7970	0.00787753	0.204155	72.9297	43.1125	-8.44486	-0.0250599	107.572	111.995	0.960513
7971	0.00787845	0.204156	72.9312	43.1115	-8.44526	-0.0250601	107.572	111.995	0.960507
7972	0.00787938	0.204158	72.9327	43.1106	-8.44568	-0.0250602	107.573	111.996	0.960501
7973	0.0078803	0.204159	72.9342	43.1097	-8.44612	-0.0250603	107.573	111.997	0.960495
7974	0.00788123	0.204161	72.9357	43.1087	-8.44657	-0.0250605	107.573	111.998	0.960488
7975	0.00788215	0.204162	72.9372	43.1078	-8.44706	-0.0250606	107.573	111.999	0.960482
7976	0.00788308	0.204164	72.9387	43.1068	-8.44756	-0.0250607	107.573	112	0.960475
7977	0.007884	0.204165	72.9402	43.1059	-8.44809	-0.0250609	107.573	112.001	0.960468
7978	0.00788493	0.204167	72.9417	43.1049	-8.44864	-0.025061	107.573	112.001	0.960461
7979	0.00788585	0.204169	72.9432	43.104	-8.4492	-0.0250611	107.573	112.002	0.960453
7980	0.00788678	0.20417	72.9447	43.1031	-8.44978	-0.0250612	107.573	112.003	0.960446
7981	0.0078877	0.204172	72.9462	43.1021	-8.45036	-0.0250614	107.573	112.004	0.960438
7982	0.00788863	0.204173	72.9477	43.1012	-8.45095	-0.0250615	107.573	112.005	0.960431
7983	0.00788955	0.204175	72.9492	43.1002	-8.45154	-0.0250616	107.573	112.006	0.960423
7984	0.00789048	0.204176	72.9507	43.0993	-8.45211	-0.0250617	107.573	112.007	0.960415
7985	0.0078914	0.204178	72.9522	43.0984	-8.45268	-0.0250618	107.573	112.007	0.960408
7986	0.00789233	0.204179	72.9537	43.0974	-8.45323	-0.0250619	107.573	112.008	0.960401
7987	0.00789325	0.204181	72.9552	43.0965	-8.45375	-0.025062	107.573	112.009	0.960394
7988	0.00789418	0.204183	72.9567	43.0955	-8.45426	-0.0250621	107.573	112.01	0.960387
7989	0.0078951	0.204184	72.9582	43.0946	-8.45474	-0.0250622	107.573	112.011	0.96038
7990	0.00789603	0.204186	72.9597	43.0936	-8.45521	-0.0250624	107.573	112.012	0.960374
7991	0.00789695	0.204187	72.9612	43.0927	-8.45565	-0.0250625	107.573	112.012	0.960367
7992	0.00789788	0.204189	72.9627	43.0917	-8.45608	-0.0250626	107.573	112.013	0.960361
7993	0.0078988	0.20419	72.9642	43.0908	-8.45649	-0.0250627	107.573	112.014	0.960355
7994	0.00789973	0.204192	72.9657	43.0898	-8.4569	-0.0250628	107.574	112.015	0.960349
7995	0.00790065	0.204193	72.9672	43.0889	-8.45731	-0.025063	107.574	112.016	0.960343
7996	0.00790158	0.204195	72.9687	43.088	-8.45772	-0.0250631	107.574	112.017	0.960337
7997	0.00790251	0.204197	72.9702	43.087	-8.45814	-0.0250632	107.574	112.018	0.960331
7998	0.00790343	0.204198	72.9717	43.0861	-8.45858	-0.0250633	107.574	112.018	0.960325
7999	0.00790436	0.2042	72.9732	43.0851	-8.45902	-0.0250635	107.574	112.019	0.960318
8000	0.00790528	0.204201	72.9747	43.0842	-8.45948	-0.0250636	107.574	112.02	0.960312
8001	0.00790621	0.204203	72.9762	43.0832	-8.45996	-0.0250637	107.574	112.021	0.960305
8002	0.00790713	0.204204	72.9777	43.0823	-8.46045	-0.0250638	107.574	112.022	0.960299
8003	0.00790806	0.204206	72.9792	43.0813	-8.46095	-0.0250639	107.575	112.023	0.960292
8004	0.00790898	0.204208	72.9807	43.0804	-8.46145	-0.025064	107.575	112.024	0.960285
8005	0.00790991	0.204209	72.9823	43.0794	-8.46195	-0.0250641	107.575	112.024	0.960278
8006	0.00791083	0.204211	72.9838	43.0785	-8.46244	-0.0250642	107.575	112.025	0.960271
8007	0.00791176	0.204212	72.9853	43.0775	-8.46292	-0.0250642	107.575	112.026	0.960265
8008	0.00791268	0.204214	72.9868	43.0765	-8.46339	-0.0250643	107.575	112.027	0.960258
8009	0.00791361	0.204215	72.9883	43.0756	-8.46383	-0.0250644	107.575	112.028	0.960252
8010	0.00791453	0.204217	72.9898	43.0746	-8.46425	-0.0250645	107.575	112.029	0.960246
8011	0.00791546	0.204218	72.9913	43.0737	-8.46464	-0.0250646	107.575	112.03	0.96024
8012	0.00791638	0.20422	72.9929	43.0727	-8.465	-0.0250647	107.576	112.03	0.960234
8013	0.00791731	0.204222	72.9944	43.0718	-8.46535	-0.0250648	107.576	112.031	0.960229
8014	0.00791823	0.204223	72.9959	43.0708	-8.46567	-0.0250648	107.576	112.032	0.960224
8015	0.00791916	0.204225	72.9974	43.0698	-8.46598	-0.0250649	107.576	112.033	0.960218
8016	0.00792008	0.204226	72.999	43.0689	-8.46627	-0.025065	107.577	112.034	0.960213
8017	0.00792101	0.204228	73.0005	43.0679	-8.46656	-0.0250651	107.577	112.035	0.960208
8018	0.00792193	0.20423	73.002	43.067	-8.46685	-0.0250653	107.577	112.036	0.960203
8019	0.00792286	0.204231	73.0035	43.066	-8.46714	-0.0250654	107.577	112.037	0.960198
8020	0.00792378	0.204233	73.0051	43.065	-8.46744	-0.0250655	107.578	112.037	0.960193
8021	0.00792471	0.204234	73.0066	43.0641	-8.46775	-0.0250656	107.578	112.038	0.960188
8022	0.00792563	0.204236	73.0081	43.0631	-8.46808	-0.0250657	107.578	112.039	0.960183
8023	0.00792656	0.204237	73.0097	43.0621	-8.46843	-0.0250658	107.578	112.04	0.960177
8024	0.00792748	0.204239	73.0112	43.0612	-8.4688	-0.0250659	107.579	112.041	0.960172
8025	0.00792841	0.204241	73.0127	43.0602	-8.46918	-0.025066	107.579	112.042	0.960166
8026	0.00792933	0.204242	73.0143	43.0592	-8.46959	-0.0250661	107.579	112.043	0.96016
8027	0.00793026	0.204244	73.0158	43.0583	-8.47001	-0.0250662	107.579	112.044	0.960154
8028	0.00793118	0.204245	73.0174	43.0573	-8.47044	-0.0250663	107.579	112.044	0.960147
8029	0.00793211	0.204247	73.0189	43.0563	-8.47088	-0.0250664	107.579	112.045	0.960141
8030	0.00793303	0.204249	73.0204	43.0554	-8.47131	-0.0250665	107.579	112.046	0.960135
8031	0.00793396	0.20425	73.022	43.0544	-8.47175	-0.0250666	107.58	112.047	0.960129
8032	0.00793488	0.204252	73.0235	43.0534	-8.47217	-0.0250667	107.58	112.048	0.960122
8033	0.00793581	0.204253	73.0251	43.0524	-8.47258	-0.0250668	107.58	112.049	0.960116
8034	0.00793673	0.204255	73.0266	43.0515	-8.47297	-0.0250669	107.58	112.05	0.96011
8035	0.00793766	0.204257	73.0282	43.0505	-8.47334	-0.025067	107.58	112.051	0.960105
8036	0.00793858	0.204258	73.0297	43.0495	-8.47369	-0.0250671	107.58	112.051	0.960099
8037	0.00793951	0.20426	73.0313	43.0485	-8.47401	-0.0250672	107.581	112.052	0.960094
8038	0.00794043	0.204261	73.0328	43.0475	-8.47431	-0.0250673	107.581	112.053	0.960089
8039	0.00794136	0.204263	73.0344	43.0466	-8.47458	-0.0250674	107.581	112.054	0.960084
8040	0.00794228	0.204265	73.036	43.0456	-8.47485	-0.0250675	107.582	112.055	0.960079
8041	0.00794321	0.204266	73.0375	43.0446	-8.4751	-0.0250676	107.582	112.056	0.960074
8042	0.00794413	0.204268	73.0391	43.0436	-8.47534	-0.0250677	107.582	112.057	0.96007
8043	0.00794506	0.20427	73.0406	43.0426	-8.47558	-0.0250678	107.583	112.058	0.960065
8044	0.00794598	0.204271	73.0422	43.0416	-8.47583	-0.0250679	107.583	112.059	0.96006
8045	0.00794691	0.204273	73.0438	43.0407	-8.47608	-0.025068	107.583	112.059	0.960056
8046	0.00794784	0.204274	73.0453	43.0397	-8.47635	-0.0250681	107.584	112.06	0.960051
8047	0.00794876	0.204276	73.0469	43.0387	-8.47662	-0.0250682	107.584	112.061	0.960046
8048	0.00794969	0.204278	73.0485	43.0377	-8.47691	-0.0250683	107.584	112.062	0.960041
8049	0.00795061	0.204279	73.05	43.0367	-8.4772	-0.0250684	107.584	112.063	0.960036
8050	0.00795154	0.204281	73.0516	43.0357	-8.47749	-0.0250685	107.585	112.064	0.960031
8051	0.00795246	0.204282	73.0532	43.0347	-8.47779	-0.0250686	107.585	112.065	0.960026
8052	0.00795339	0.204284	73.0548	43.0337	-8.47809	-0.0250686	107.585	112.066	0.960021
8053	0.00795431	0.204286	73.0563	43.0327	-8.47837	-0.0250687	107.586	112.067	0.960016
8054	0.00795524	0.204287	73.0579	43.0317	-8.47864	-0.0250688	107.586	112.067	0.960011
8055	0.00795616	0.204289	73.0595	43.0307	-8.4789	-0.0250689	107.586	112.068	0.960006
8056	0.00795709	0.204291	73.0611	43.0297	-8.47913	-0.0250689	107.587	112.069	0.960002
8057	0.00795801	0.204292	73.0627	43.0287	-8.47934	-0.025069	107.587	112.07	0.959997
8058	0.00795894	0.204294	73.0643	43.0277	-8.47953	-0.0250691	107.587	112.071	0.959993
8059	0.00795986	0.204296	73.0659	43.0267	-8.4797	-0.0250692	107.588	112.072	0.959989
8060	0.00796079	0.204297	73.0674	43.0257	-8.47984	-0.0250693	107.588	112.073	0.959985
8061	0.00796171	0.204299	73.069	43.0247	-8.47996	-0.0250693	107.589	112.074	0.959982
8062	0.00796264	0.204301	73.0706	43.0237	-8.48007	-0.0250694	107.589	112.075	0.959978
8063	0.00796356	0.204302	73.0722	43.0227	-8.48016	-0.0250695	107.59	112.076	0.959975
8064	0.00796449	0.204304	73.0738	43.0217	-8.48025	-0.0250696	107.59	112.076	0.959972
8065	0.00796541	0.204305	73.0754	43.0207	-8.48034	-0.0250697	107.591	112.077	0.959968
8066	0.00796634	0.204307	73.077	43.0197	-8.48043	-0.0250698	107.591	112.078	0.959965
8067	0.00796726	0.204309	73.0786	43.0187	-8.48053	-0.0250699	107.592	112.079	0.959962
8068	0.00796819	0.20431	73.0802	43.0177	-8.48064	-0.02507	107.592	112.08	0.959958
8069	0.00796911	0.204312	73.0818	43.0167	-8.48076	-0.0250701	107.593	112.081	0.959955
8070	0.00797004	0.204314	73.0834	43.0157	-8.48091	-0.0250702	107.593	112.082	0.959951
8071	0.00797096	0.204315	73.085	43.0147	-8.48108	-0.0250703	107.594	112.083	0.959947
8072	0.00797189	0.204317	73.0866	43.0136	-8.48128	-0.0250704	107.594	112.084	0.959943
8073	0.00797281	0.204319	73.0882	43.0126	-8.4815	-0.0250705	107.594	112.085	0.959938
8074	0.00797374	0.20432	73.0899	43.0116	-8.48174	-0.0250706	107.595	112.086	0.959933
8075	0.00797466	0.204322	73.0915	43.0106	-8.48199	-0.0250706	107.595	112.086	0.959929
8076	0.00797559	0.204324	73.0931	43.0096	-8.48226	-0.0250707	107.595	112.087	0.959924
8077	0.00797651	0.204325	73.0947	43.0086	-8.48254	-0.0250708	107.596	112.088	0.959919
8078	0.00797744	0.204327	73.0963	43.0075	-8.48281	-0.0250709	107.596	112.089	0.959914
8079	0.00797836	0.204329	73.0979	43.0065	-8.48308	-0.0250709	107.596	112.09	0.959909
8080	0.00797929	0.20433	73.0996	43.0055	-8.48334	-0.025071	107.597	112.091	0.959904
8081	0.00798021	0.204332	73.1012	43.0045	-8.48357	-0.0250711	107.597	112.092	0.959899
8082	0.00798114	0.204334	73.1028	43.0035	-8.48379	-0.0250711	107.597	112.093	0.959895
8083	0.00798206	0.204335	73.1044	43.0024	-8.48398	-0.0250712	107.598	112.094	0.959891
8084	0.00798299	0.204337	73.106	43.0014	-8.48415	-0.0250713	107.598	112.095	0.959887
8085	0.00798391	0.204339	73.1077	43.0004	-8.48429	-0.0250714	107.599	112.096	0.959883
8086	0.00798484	0.20434	73.1093	42.9994	-8.4844	-0.0250714	107.599	112.097	0.959879
8087	0.00798576	0.204342	73.1109	42.9983	-8.4845	-0.0250715	107.6	112.097	0.959876
8088	0.00798669	0.204344	73.1126	42.9973	-8.48457	-0.0250716	107.6	112.098	0.959873
8089	0.00798761	0.204346	73.1142	42.9963	-8.48464	-0.0250717	107.601	112.099	0.95987
8090	0.00798854	0.204347	73.1158	42.9952	-8.4847	-0.0250718	107.601	112.1	0.959867
8091	0.00798946	0.204349	73.1175	42.9942	-8.48476	-0.0250719	107.602	112.101	0.959863
8092	0.00799039	0.204351	73.1191	42.9932	-8.48483	-0.0250719	107.602	112.102	0.95986
8093	0.00799131	0.204352	73.1207	42.9922	-8.48491	-0.025072	107.603	112.103	0.959857
8094	0.00799224	0.204354	73.1224	42.9911	-8.485	-0.0250721	107.603	112.104	0.959854
8095	0.00799316	0.204356	73.124	42.9901	-8.48511	-0.0250722	107.604	112.105	0.95985
8096	0.00799409	0.204357	73.1256	42.9891	-8.48523	-0.0250723	107.604	112.106	0.959847
8097	0.00799501	0.204359	73.1273	42.988	-8.48537	-0.0250723	107.605	112.107	0.959843
8098	0.00799594	0.204361	73.1289	42.987	-8.48551	-0.0250724	107.605	112.108	0.959839
8099	0.00799686	0.204362	73.1306	42.9859	-8.48565	-0.0250725	107.606	112.109	0.959835
8100	0.00799779	0.204364	73.1322	42.9849	-8.48578	-0.0250725	107.606	112.11	0.959831
8101	0.00799871	0.204366	73.1339	42.9839	-8.48591	-0.0250726	107.607	112.11	0.959828
8102	0.00799964	0.204368	73.1355	42.9828	-8.48602	-0.0250726	107.607	112.111	0.959824
8103	0.00800056	0.204369	73.1372	42.9818	-8.48611	-0.0250727	107.608	112.112	0.959821
8104	0.00800149	0.204371	73.1388	42.9808	-8.48618	-0.0250727	107.608	112.113	0.959818
8105	0.00800241	0.204373	73.1405	42.9797	-8.48621	-0.0250728	107.609	112.114	0.959815
8106	0.00800334	0.204374	73.1421	42.9787	-8.48622	-0.0250729	107.609	112.115	0.959812
8107	0.00800426	0.204376	73.1438	42.9776	-8.4862	-0.0250729	107.61	112.116	0.95981
8108	0.00800519	0.204378	73.1454	42.9766	-8.48615	-0.025073	107.611	112.117	0.959808
8109	0.00800611	0.20438	73.1471	42.9755	-8.48608	-0.025073	107.611	112.118	0.959806
8110	0.00800704	0.204381	73.1487	42.9745	-8.486	-0.0250731	107.612	112.119	0.959804
8111	0.00800796	0.204383	73.1504	42.9735	-8.4859	-0.0250732	107.613	112.12	0.959802
8112	0.00800889	0.204385	73.152	42.9724	-8.4858	-0.0250733	107.614	112.121	0.9598
8113	0.00800981	0.204386	73.1537	42.9714	-8.4857	-0.0250733	107.614	112.122	0.959799
8114	0.00801074	0.204388	73.1554	42.9703	-8.4856	-0.0250734	107.615	112.123	0.959797
8115	0.00801166	0.20439	73.157	42.9693	-8.48552	-0.0250735	107.616	112.124	0.959795
8116	0.00801259	0.204392	73.1587	42.9682	-8.48545	-0.0250736	107.616	112.125	0.959793
8117	0.00801351	0.204393	73.1603	42.9672	-8.48541	-0.0250737	107.617	112.125	0.959791
8118	0.00801444	0.204395	73.162	42.9661	-8.48538	-0.0250738	107.618	112.126	0.959789
8119	0.00801536	0.204397	73.1637	42.9651	-8.48539	-0.0250739	107.618	112.127	0.959786
8120	0.00801629	0.204398	73.1653	42.964	-8.48542	-0.0250739	107.619	112.128	0.959783
8121	0.00801721	0.2044	73.167	42.963	-8.48548	-0.025074	107.619	112.129	0.95978
8122	0.00801814	0.204402	73.1687	42.9619	-8.48557	-0.0250741	107.62	112.13	0.959777
8123	0.00801906	0.204404	73.1703	42.9609	-8.48567	-0.0250742	107.62	112.131	0.959773
8124	0.00801999	0.204405	73.172	42.9598	-8.48579	-0.0250742	107.621	112.132	0.95977
8125	0.00802091	0.204407	73.1737	42.9588	-8.48592	-0.0250743	107.621	112.133	0.959766
8126	0.00802184	0.204409	73.1753	42.9577	-8.48605	-0.0250744	107.622	112.134	0.959762
8127	0.00802276	0.20441	73.177	42.9567	-8.48618	-0.0250744	107.622	112.135	0.959758
8128	0.00802369	0.204412	73.1787	42.9556	-8.4863	-0.0250745	107.623	112.136	0.959755
8129	0.00802461	0.204414	73.1803	42.9546	-8.48641	-0.0250745	107.623	112.137	0.959751
8130	0.00802554	0.204416	73.182	42.9535	-8.48649	-0.0250746	107.624	112.138	0.959748
8131	0.00802647	0.204417	73.1837	42.9525	-8.48656	-0.0250746	107.625	112.139	0.959745
8132	0.00802739	0.204419	73.1854	42.9514	-8.4866	-0.0250747	107.625	112.14	0.959742
8133	0.00802832	0.204421	73.187	42.9504	-8.48662	-0.0250748	107.626	112.141	0.959739
8134	0.00802924	0.204423	73.1887	42.9493	-8.48661	-0.0250748	107.626	112.142	0.959736
8135	0.00803017	0.204424	73.1904	42.9483	-8.48659	-0.0250749	107.627	112.143	0.959734
8136	0.00803109	0.204426	73.192	42.9472	-8.48655	-0.025075	107.628	112.143	0.959732
8137	0.00803202	0.204428	73.1937	42.9461	-8.4865	-0.025075	107.628	112.144	0.95973
8138	0.00803294	0.204429	73.1954	42.9451	-8.48644	-0.0250751	107.629	112.145	0.959727
8139	0.00803387	0.204431	73.1971	42.944	-8.48639	-0.0250752	107.63	112.146	0.959725
8140	0.00803479	0.204433	73.1987	42.943	-8.48633	-0.0250752	107.63	112.147	0.959723
8141	0.00803572	0.204435	73.2004	42.9419	-8.48629	-0.0250753	107.631	112.148	0.959721
8142	0.00803664	0.204436	73.2021	42.9409	-8.48626	-0.0250754	107.632	112.149	0.959719
8143	0.00803757	0.204438	73.2038	42.9398	-8.48625	-0.0250755	107.632	112.15	0.959716
8144	0.00803849	0.20444	73.2054	42.9388	-8.48626	-0.0250755	107.633	112.151	0.959714
8145	0.00803942	0.204442	73.2071	42.9377	-8.48628	-0.0250756	107.633	112.152	0.959711
8146	0.00804034	0.204443	73.2088	42.9366	-8.48632	-0.0250756	107.634	112.153	0.959708
8147	0.00804127	0.204445	73.2105	42.9356	-8.48637	-0.0250757	107.635	112.154	0.959705
8148	0.00804219	0.204447	73.2121	42.9345	-8.48642	-0.0250757	107.635	112.155	0.959702
8149	0.00804312	0.204448	73.2138	42.9335	-8.48648	-0.0250758	107.636	112.156	0.959699
8150	0.00804404	0.20445	73.2155	42.9324	-8.48653	-0.0250758	107.636	112.157	0.959696
8151	0.00804497	0.204452	73.2172	42.9314	-8.48656	-0.0250759	107.637	112.158	0.959693
8152	0.00804589	0.204454	73.2189	42.9303	-8.48658	-0.0250759	107.638	112.159	0.95969
8153	0.00804682	0.204455	73.2205	42.9292	-8.48657	-0.0250759	107.638	112.16	0.959687
8154	0.00804774	0.204457	73.2222	42.9282	-8.48655	-0.025076	107.639	112.161	0.959685
8155	0.00804867	0.204459	73.2239	42.9271	-8.48649	-0.025076	107.639	112.161	0.959683
8156	0.00804959	0.204461	73.2256	42.9261	-8.48641	-0.0250761	107.64	112.162	0.959681
8157	0.00805052	0.204462	73.2272	42.925	-8.48632	-0.0250761	107.641	112.163	0.959679
8158	0.00805144	0.204464	73.2289	42.924	-8.4862	-0.0250762	107.642	112.164	0.959678
8159	0.00805237	0.204466	73.2306	42.9229	-8.48607	-0.0250762	107.642	112.165	0.959676
8160	0.00805329	0.204467	73.2323	42.9218	-8.48593	-0.0250763	107.643	112.166	0.959675
8161	0.00805422	0.204469	73.2339	42.9208	-8.48579	-0.0250763	107.644	112.167	0.959674
8162	0.00805514	0.204471	73.2356	42.9197	-8.48565	-0.0250764	107.645	112.168	0.959672
8163	0.00805607	0.204473	73.2373	42.9187	-8.48552	-0.0250765	107.645	112.169	0.959671
8164	0.00805699	0.204474	73.239	42.9176	-8.48541	-0.0250765	107.646	112.17	0.959669
8165	0.00805792	0.204476	73.2407	42.9166	-8.48531	-0.0250766	107.647	112.171	0.959667
8166	0.00805884	0.204478	73.2423	42.9155	-8.48524	-0.0250767	107.648	112.172	0.959665
8167	0.00805977	0.20448	73.244	42.9144	-8.48519	-0.0250768	107.648	112.173	0.959663
8168	0.00806069	0.204481	73.2457	42.9134	-8.48516	-0.0250768	107.649	112.174	0.959661
8169	0.00806162	0.204483	73.2474	42.9123	-8.48516	-0.0250769	107.649	112.175	0.959658
8170	0.00806254	0.204485	73.249	42.9113	-8.48518	-0.025077	107.65	112.176	0.959656
8171	0.00806347	0.204487	73.2507	42.9102	-8.48521	-0.025077	107.651	112.177	0.959653
8172	0.00806439	0.204488	73.2524	42.9092	-8.48526	-0.0250771	107.651	112.178	0.95965
8173	0.00806532	0.20449	73.2541	42.9081	-8.48531	-0.0250771	107.652	112.179	0.959647
8174	0.00806624	0.204492	73.2557	42.9071	-8.48536	-0.0250772	107.652	112.18	0.959644
8175	0.00806717	0.204493	73.2574	42.906	-8.48542	-0.0250772	107.653	112.18	0.959641
8176	0.00806809	0.204495	73.2591	42.9049	-8.48546	-0.0250773	107.653	112.181	0.959638
8177	0.00806902	0.204497	73.2607	42.9039	-8.4855	-0.0250773	107.654	112.182	0.959635
8178	0.00806994	0.204499	73.2624	42.9028	-8.48552	-0.0250774	107.655	112.183	0.959632
8179	0.00807087	0.2045	73.2641	42.9018	-8.48553	-0.0250774	107.655	112.184	0.959629
8180	0.00807179	0.204502	73.2658	42.9007	-8.48552	-0.0250775	107.656	112.185	0.959627
8181	0.00807272	0.204504	73.2674	42.8997	-8.48549	-0.0250775	107.657	112.186	0.959624
8182	0.00807364	0.204505	73.2691	42.8986	-8.48545	-0.0250776	107.657	112.187	0.959622
8183	0.00807457	0.204507	73.2708	42.8976	-8.48539	-0.0250777	107.658	112.188	0.95962
8184	0.00807549	0.204509	73.2724	42.8965	-8.48531	-0.0250777	107.659	112.189	0.959618
8185	0.00807642	0.204511	73.2741	42.8955	-8.48524	-0.0250778	107.659	112.19	0.959616
8186	0.00807734	0.204512	73.2758	42.8944	-8.48516	-0.0250779	107.66	112.191	0.959614
8187	0.00807827	0.204514	73.2774	42.8934	-8.48508	-0.0250779	107.661	112.192	0.959613
8188	0.00807919	0.204516	73.2791	42.8923	-8.48501	-0.025078	107.661	112.193	0.959611
8189	0.00808012	0.204518	73.2808	42.8913	-8.48495	-0.0250781	107.662	112.194	0.959609
8190	0.00808104	0.204519	73.2824	42.8902	-8.48491	-0.0250781	107.663	112.195	0.959606
8191	0.00808197	0.204521	73.2841	42.8892	-8.48488	-0.0250782	107.663	112.196	0.959604
8192	0.00808289	0.204523	73.2857	42.8881	-8.48488	-0.0250783	107.664	112.196	0.959602
8193	0.00808382	0.204524	73.2874	42.8871	-8.48489	-0.0250783	107.665	112.197	0.959599
8194	0.00808474	0.204526	73.2891	42.886	-8.48492	-0.0250784	107.665	112.198	0.959596
8195	0.00808567	0.204528	73.2907	42.885	-8.48496	-0.0250784	107.666	112.199	0.959593
8196	0.00808659	0.204529	73.2924	42.8839	-8.48501	-0.0250785	107.666	112.2	0.95959
8197	0.00808752	0.204531	73.294	42.8829	-8.48507	-0.0250785	107.667	112.201	0.959587
8198	0.00808844	0.204533	73.2957	42.8819	-8.48512	-0.0250785	107.667	112.202	0.959584
8199	0.00808937	0.204535	73.2973	42.8808	-8.48517	-0.0250786	107.668	112.203	0.959581
8200	0.00809029	0.204536	73.299	42.8798	-8.48521	-0.0250786	107.668	112.204	0.959578
8201	0.00809122	0.204538	73.3006	42.8787	-8.48523	-0.0250786	107.669	112.205	0.959575
8202	0.00809214	0.20454	73.3023	42.8777	-8.48524	-0.0250787	107.67	112.206	0.959573
8203	0.00809307	0.204541	73.3039	42.8767	-8.48522	-0.0250787	107.67	112.207	0.95957
8204	0.00809399	0.204543	73.3056	42.8756	-8.48519	-0.0250787	107.671	112.208	0.959568
8205	0.00809492	0.204545	73.3072	42.8746	-8.48514	-0.0250788	107.672	112.209	0.959566
8206	0.00809584	0.204547	73.3089	42.8735	-8.48507	-0.0250788	107.672	112.21	0.959564
8207	0.00809677	0.204548	73.3105	42.8725	-8.48499	-0.0250789	107.673	112.211	0.959562
8208	0.00809769	0.20455	73.3122	42.8715	-8.48491	-0.0250789	107.674	112.211	0.95956
8209	0.00809862	0.204552	73.3138	42.8704	-8.48482	-0.025079	107.674	112.212	0.959559
8210	0.00809954	0.204553	73.3154	42.8694	-8.48473	-0.025079	107.675	112.213	0.959557
8211	0.00810047	0.204555	73.3171	42.8684	-8.48465	-0.0250791	107.676	112.214	0.959555
8212	0.00810139	0.204557	73.3187	42.8673	-8.48459	-0.0250791	107.676	112.215	0.959553
8213	0.00810232	0.204558	73.3203	42.8663	-8.48454	-0.0250792	107.677	112.216	0.959551
8214	0.00810324	0.20456	73.322	42.8653	-8.48451	-0.0250793	107.678	112.217	0.959549
8215	0.00810417	0.204562	73.3236	42.8643	-8.4845	-0.0250793	107.678	112.218	0.959546
8216	0.00810509	0.204563	73.3252	42.8632	-8.48452	-0.0250794	107.679	112.219	0.959544
8217	0.00810602	0.204565	73.3269	42.8622	-8.48456	-0.0250794	107.679	112.22	0.959541
8218	0.00810695	0.204567	73.3285	42.8612	-8.48462	-0.0250795	107.68	112.221	0.959538
8219	0.00810787	0.204568	73.3301	42.8602	-8.48471	-0.0250795	107.68	112.222	0.959534
8220	0.0081088	0.20457	73.3317	42.8591	-8.48482	-0.0250796	107.681	112.222	0.959531
8221	0.00810972	0.204572	73.3333	42.8581	-8.48493	-0.0250796	107.681	112.223	0.959528
8222	0.00811065	0.204573	73.335	42.8571	-8.48506	-0.0250797	107.682	112.224	0.959524
8223	0.00811157	0.204575	73.3366	42.8561	-8.48518	-0.0250797	107.682	112.225	0.95952
8224	0.0081125	0.204577	73.3382	42.8551	-8.48531	-0.0250798	107.683	112.226	0.959517
8225	0.00811342	0.204578	73.3398	42.8541	-8.48542	-0.0250798	107.683	112.227	0.959513
8226	0.00811435	0.20458	73.3414	42.853	-8.48552	-0.0250799	107.684	112.228	0.95951
8227	0.00811527	0.204582	73.343	42.852	-8.48561	-0.0250799	107.684	112.229	0.959507
8228	0.0081162	0.204583	73.3446	42.851	-8.48568	-0.0250799	107.685	112.23	0.959504
8229	0.00811712	0.204585	73.3462	42.85	-8.48573	-0.02508	107.685	112.231	0.959501
8230	0.00811805	0.204587	73.3478	42.849	-8.48576	-0.02508	107.686	112.232	0.959498
8231	0.00811897	0.204588	73.3494	42.848	-8.48578	-0.0250801	107.687	112.232	0.959495
8232	0.0081199	0.20459	73.351	42.847	-8.48579	-0.0250801	107.687	112.233	0.959493
8233	0.00812082	0.204592	73.3526	42.846	-8.48579	-0.0250802	107.688	112.234	0.95949
8234	0.00812175	0.204593	73.3542	42.845	-8.4858	-0.0250803	107.688	112.235	0.959488
8235	0.00812267	0.204595	73.3558	42.844	-8.4858	-0.0250803	107.689	112.236	0.959485
8236	0.0081236	0.204596	73.3573	42.843	-8.48582	-0.0250804	107.689	112.237	0.959483
8237	0.00812452	0.204598	73.3589	42.842	-8.48585	-0.0250804	107.69	112.238	0.95948
8238	0.00812545	0.2046	73.3605	42.841	-8.48589	-0.0250805	107.691	112.239	0.959477
8239	0.00812637	0.204601	73.3621	42.84	-8.48595	-0.0250805	107.691	112.24	0.959474
8240	0.0081273	0.204603	73.3636	42.839	-8.48602	-0.0250806	107.692	112.241	0.959471
8241	0.00812822	0.204605	73.3652	42.838	-8.4861	-0.0250806	107.692	112.241	0.959468
8242	0.00812915	0.204606	73.3668	42.837	-8.4862	-0.0250807	107.693	112.242	0.959465
8243	0.00813007	0.204608	73.3684	42.836	-8.4863	-0.0250807	107.693	112.243	0.959461
8244	0.008131	0.204609	73.3699	42.8351	-8.48641	-0.0250808	107.693	112.244	0.959458
8245	0.00813192	0.204611	73.3715	42.8341	-8.48651	-0.0250808	107.694	112.245	0.959455
8246	0.00813285	0.204613	73.373	42.8331	-8.4866	-0.0250808	107.694	112.246	0.959451
8247	0.00813377	0.204614	73.3746	42.8321	-8.48669	-0.0250809	107.695	112.247	0.959448
8248	0.0081347	0.204616	73.3761	42.8311	-8.48676	-0.0250809	107.695	112.248	0.959445
8249	0.00813562	0.204617	73.3777	42.8302	-8.48681	-0.025081	107.696	112.248	0.959442
8250	0.00813655	0.204619	73.3792	42.8292	-8.48685	-0.025081	107.696	112.249	0.95944
8251	0.00813747	0.204621	73.3808	42.8282	-8.48687	-0.025081	107.697	112.25	0.959437
8252	0.0081384	0.204622	73.3823	42.8272	-8.48687	-0.0250811	107.698	112.251	0.959435
8253	0.00813932	0.204624	73.3838	42.8263	-8.48685	-0.0250811	107.698	112.252	0.959433
8254	0.00814025	0.204625	73.3854	42.8253	-8.48683	-0.0250812	107.699	112.253	0.95943
8255	0.00814117	0.204627	73.3869	42.8243	-8.4868	-0.0250812	107.699	112.254	0.959428
8256	0.0081421	0.204629	73.3884	42.8234	-8.48677	-0.0250813	107.7	112.255	0.959426
8257	0.00814302	0.20463	73.39	42.8224	-8.48674	-0.0250813	107.701	112.255	0.959424
8258	0.00814395	0.204632	73.3915	42.8215	-8.48671	-0.0250814	107.701	112.256	0.959422
8259	0.00814487	0.204633	73.393	42.8205	-8.4867	-0.0250815	107.702	112.257	0.95942
8260	0.0081458	0.204635	73.3945	42.8195	-8.48671	-0.0250815	107.702	112.258	0.959417
8261	0.00814672	0.204636	73.396	42.8186	-8.48674	-0.0250816	107.703	112.259	0.959415
8262	0.00814765	0.204638	73.3975	42.8176	-8.48679	-0.0250816	107.703	112.26	0.959412
8263	0.00814857	0.204639	73.399	42.8167	-8.48687	-0.0250817	107.704	112.261	0.959409
8264	0.0081495	0.204641	73.4006	42.8157	-8.48698	-0.0250818	107.704	112.261	0.959406
8265	0.00815042	0.204643	73.4021	42.8148	-8.48713	-0.0250818	107.705	112.262	0.959402
8266	0.00815135	0.204644	73.4035	42.8139	-8.4873	-0.0250819	107.705	112.263	0.959398
8267	0.00815227	0.204646	73.405	42.8129	-8.48749	-0.0250819	107.705	112.264	0.959394
8268	0.0081532	0.204647	73.4065	42.812	-8.48771	-0.025082	107.706	112.265	0.95939
8269	0.00815412	0.204649	73.408	42.811	-8.48793	-0.025082	107.706	112.266	0.959386
8270	0.00815505	0.20465	73.4095	42.8101	-8.48816	-0.0250821	107.706	112.266	0.959381
8271	0.00815597	0.204652	73.411	42.8092	-8.4884	-0.0250821	107.707	112.267	0.959377
8272	0.0081569	0.204653	73.4125	42.8082	-8.48862	-0.0250822	107.707	112.268	0.959373
8273	0.00815782	0.204655	73.4139	42.8073	-8.48884	-0.0250822	107.707	112.269	0.959369
8274	0.00815875	0.204656	73.4154	42.8064	-8.48904	-0.0250822	107.708	112.27	0.959365
8275	0.00815968	0.204658	73.4169	42.8055	-8.48922	-0.0250823	107.708	112.271	0.959361
8276	0.0081606	0.204659	73.4183	42.8045	-8.48938	-0.0250823	107.708	112.271	0.959357
8277	0.00816153	0.204661	73.4198	42.8036	-8.48952	-0.0250824	107.709	112.272	0.959354
8278	0.00816245	0.204662	73.4212	42.8027	-8.48964	-0.0250824	107.709	112.273	0.95935
8279	0.00816338	0.204664	73.4227	42.8018	-8.48975	-0.0250825	107.71	112.274	0.959347
8280	0.0081643	0.204665	73.4241	42.8009	-8.48985	-0.0250825	107.71	112.275	0.959344
8281	0.00816523	0.204667	73.4256	42.8	-8.48994	-0.0250826	107.711	112.276	0.959341
8282	0.00816615	0.204668	73.427	42.7991	-8.49004	-0.0250826	107.711	112.276	0.959338
8283	0.00816708	0.20467	73.4285	42.7981	-8.49014	-0.0250827	107.711	112.277	0.959335
8284	0.008168	0.204671	73.4299	42.7972	-8.49024	-0.0250827	107.712	112.278	0.959332
8285	0.00816893	0.204673	73.4313	42.7963	-8.49037	-0.0250828	107.712	112.279	0.959328
8286	0.00816985	0.204674	73.4328	42.7954	-8.49052	-0.0250829	107.713	112.28	0.959325
8287	0.00817078	0.204676	73.4342	42.7945	-8.49068	-0.0250829	107.713	112.28	0.959321
8288	0.0081717	0.204677	73.4356	42.7936	-8.49087	-0.025083	107.713	112.281	0.959317
8289	0.00817263	0.204679	73.437	42.7928	-8.49108	-0.025083	107.714	112.282	0.959313
8290	0.00817355	0.20468	73.4384	42.7919	-8.4913	-0.0250831	107.714	112.283	0.959309
8291	0.00817448	0.204681	73.4398	42.791	-8.49153	-0.0250831	107.714	112.284	0.959305
8292	0.0081754	0.204683	73.4412	42.7901	-8.49176	-0.0250831	107.714	112.284	0.959301
8293	0.00817633	0.204684	73.4426	42.7892	-8.492	-0.0250832	107.715	112.285	0.959296
8294	0.00817725	0.204686	73.444	42.7883	-8.49222	-0.0250832	107.715	112.286	0.959292
8295	0.00817818	0.204687	73.4454	42.7874	-8.49243	-0.0250832	107.715	112.287	0.959288
8296	0.0081791	0.204689	73.4468	42.7866	-8.49263	-0.0250832	107.716	112.288	0.959284
8297	0.00818003	0.20469	73.4482	42.7857	-8.4928	-0.0250833	107.716	112.288	0.959281
8298	0.00818095	0.204692	73.4496	42.7848	-8.49295	-0.0250833	107.716	112.289	0.959277
8299	0.00818188	0.204693	73.451	42.784	-8.49308	-0.0250833	107.717	112.29	0.959274
8300	0.0081828	0.204694	73.4524	42.7831	-8.49318	-0.0250834	107.717	112.291	0.959271
8301	0.00818373	0.204696	73.4537	42.7822	-8.49327	-0.0250834	107.718	112.291	0.959268
8302	0.00818465	0.204697	73.4551	42.7814	-8.49335	-0.0250835	107.718	112.292	0.959265
8303	0.00818558	0.204699	73.4565	42.7805	-8.49342	-0.0250835	107.718	112.293	0.959262
8304	0.0081865	0.2047	73.4578	42.7796	-8.49349	-0.0250836	107.719	112.294	0.95926
8305	0.00818743	0.204701	73.4592	42.7788	-8.49356	-0.0250836	107.719	112.295	0.959257
8306	0.00818835	0.204703	73.4605	42.7779	-8.49365	-0.0250837	107.72	112.295	0.959254
8307	0.00818928	0.204704	73.4619	42.7771	-8.49375	-0.0250837	107.72	112.296	0.959251
8308	0.0081902	0.204706	73.4632	42.7762	-8.49387	-0.0250838	107.721	112.297	0.959248
8309	0.00819113	0.204707	73.4646	42.7754	-8.49401	-0.0250839	107.721	112.298	0.959245
8310	0.00819205	0.204708	73.4659	42.7745	-8.49419	-0.0250839	107.721	112.298	0.959241
8311	0.00819298	0.20471	73.4672	42.7737	-8.49439	-0.025084	107.721	112.299	0.959237
8312	0.0081939	0.204711	73.4686	42.7729	-8.49463	-0.025084	107.722	112.3	0.959233
8313	0.00819483	0.204712	73.4699	42.772	-8.4949	-0.0250841	107.722	112.301	0.959229
8314	0.00819575	0.204714	73.4712	42.7712	-8.4952	-0.0250841	107.722	112.301	0.959224
8315	0.00819668	0.204715	73.4725	42.7704	-8.49553	-0.0250842	107.722	112.302	0.959219
8316	0.0081976	0.204717	73.4739	42.7695	-8.49587	-0.0250842	107.722	112.303	0.959214
8317	0.00819853	0.204718	73.4752	42.7687	-8.49623	-0.0250843	107.723	112.304	0.959209
8318	0.00819945	0.204719	73.4765	42.7679	-8.4966	-0.0250843	107.723	112.304	0.959203
8319	0.00820038	0.204721	73.4778	42.7671	-8.49698	-0.0250843	107.723	112.305	0.959198
8320	0.0082013	0.204722	73.4791	42.7662	-8.49734	-0.0250844	107.723	112.306	0.959193
8321	0.00820223	0.204723	73.4804	42.7654	-8.4977	-0.0250844	107.723	112.307	0.959188
8322	0.00820316	0.204725	73.4817	42.7646	-8.49804	-0.0250844	107.723	112.307	0.959183
8323	0.00820408	0.204726	73.483	42.7638	-8.49836	-0.0250845	107.723	112.308	0.959178
8324	0.00820501	0.204727	73.4843	42.763	-8.49866	-0.0250845	107.723	112.309	0.959173
8325	0.00820593	0.204729	73.4855	42.7622	-8.49894	-0.0250845	107.724	112.309	0.959169
8326	0.00820686	0.20473	73.4868	42.7614	-8.4992	-0.0250846	107.724	112.31	0.959164
8327	0.00820778	0.204731	73.4881	42.7606	-8.49944	-0.0250846	107.724	112.311	0.95916
8328	0.00820871	0.204732	73.4894	42.7598	-8.49967	-0.0250847	107.724	112.312	0.959156
8329	0.00820963	0.204734	73.4906	42.759	-8.49989	-0.0250847	107.725	112.312	0.959152
8330	0.00821056	0.204735	73.4919	42.7582	-8.50011	-0.0250848	107.725	112.313	0.959149
8331	0.00821148	0.204736	73.4931	42.7574	-8.50033	-0.0250848	107.725	112.314	0.959145
8332	0.00821241	0.204738	73.4944	42.7566	-8.50056	-0.0250849	107.725	112.314	0.959141
8333	0.00821333	0.204739	73.4956	42.7558	-8.5008	-0.0250849	107.726	112.315	0.959137
8334	0.00821426	0.20474	73.4969	42.755	-8.50106	-0.025085	107.726	112.316	0.959132
8335	0.00821518	0.204741	73.4981	42.7542	-8.50134	-0.025085	107.726	112.317	0.959128
8336	0.00821611	0.204743	73.4994	42.7534	-8.50164	-0.0250851	107.726	112.317	0.959123
8337	0.00821703	0.204744	73.5006	42.7527	-8.50197	-0.0250851	107.726	112.318	0.959119
8338	0.00821796	0.204745	73.5018	42.7519	-8.50232	-0.0250851	107.726	112.319	0.959114
8339	0.00821888	0.204747	73.5031	42.7511	-8.50268	-0.0250852	107.726	112.319	0.959109
8340	0.00821981	0.204748	73.5043	42.7503	-8.50305	-0.0250852	107.726	112.32	0.959103
8341	0.00822073	0.204749	73.5055	42.7496	-8.50343	-0.0250852	107.727	112.321	0.959098
8342	0.00822166	0.20475	73.5067	42.7488	-8.5038	-0.0250852	107.727	112.321	0.959093
8343	0.00822258	0.204752	73.5079	42.748	-8.50417	-0.0250853	107.727	112.322	0.959088
8344	0.00822351	0.204753	73.5092	42.7473	-8.50452	-0.0250853	107.727	112.323	0.959083
8345	0.00822443	0.204754	73.5104	42.7465	-8.50485	-0.0250853	107.727	112.323	0.959078
8346	0.00822536	0.204755	73.5116	42.7458	-8.50516	-0.0250853	107.727	112.324	0.959073
8347	0.00822628	0.204757	73.5128	42.745	-8.50545	-0.0250853	107.727	112.325	0.959069
8348	0.00822721	0.204758	73.514	42.7442	-8.50572	-0.0250853	107.727	112.325	0.959065
8349	0.00822813	0.204759	73.5151	42.7435	-8.50597	-0.0250853	107.728	112.326	0.959061
8350	0.00822906	0.20476	73.5163	42.7427	-8.5062	-0.0250854	107.728	112.327	0.959057
8351	0.00822998	0.204761	73.5175	42.742	-8.50642	-0.0250854	107.728	112.327	0.959053
8352	0.00823091	0.204763	73.5187	42.7413	-8.50663	-0.0250854	107.728	112.328	0.959049
8353	0.00823183	0.204764	73.5199	42.7405	-8.50684	-0.0250855	107.728	112.329	0.959046
8354	0.00823276	0.204765	73.5211	42.7398	-8.50706	-0.0250855	107.729	112.329	0.959042
8355	0.00823368	0.204766	73.5222	42.739	-8.50729	-0.0250856	107.729	112.33	0.959038
8356	0.00823461	0.204767	73.5234	42.7383	-8.50754	-0.0250856	107.729	112.331	0.959034
8357	0.00823553	0.204769	73.5246	42.7376	-8.50781	-0.0250856	107.729	112.331	0.95903
8358	0.00823646	0.20477	73.5257	42.7368	-8.50811	-0.0250857	107.729	112.332	0.959025
8359	0.00823738	0.204771	73.5269	42.7361	-8.50844	-0.0250857	107.729	112.333	0.959021
8360	0.00823831	0.204772	73.528	42.7354	-8.50879	-0.0250858	107.73	112.333	0.959016
8361	0.00823923	0.204773	73.5292	42.7347	-8.50918	-0.0250858	107.73	112.334	0.959011
8362	0.00824016	0.204775	73.5303	42.7339	-8.50958	-0.0250858	107.73	112.335	0.959005
8363	0.00824108	0.204776	73.5314	42.7332	-8.51001	-0.0250859	107.73	112.335	0.959
8364	0.00824201	0.204777	73.5326	42.7325	-8.51046	-0.0250859	107.73	112.336	0.958994
8365	0.00824293	0.204778	73.5337	42.7318	-8.51092	-0.0250859	107.73	112.337	0.958988
8366	0.00824386	0.204779	73.5348	42.7311	-8.51138	-0.0250859	107.729	112.337	0.958982
8367	0.00824478	0.20478	73.536	42.7304	-8.51185	-0.025086	107.729	112.338	0.958977
8368	0.00824571	0.204782	73.5371	42.7297	-8.51231	-0.025086	107.729	112.339	0.958971
8369	0.00824663	0.204783	73.5382	42.7289	-8.51276	-0.025086	107.729	112.339	0.958965
8370	0.00824756	0.204784	73.5393	42.7282	-8.51319	-0.025086	107.729	112.34	0.958959
8371	0.00824848	0.204785	73.5404	42.7275	-8.51362	-0.025086	107.729	112.34	0.958954
8372	0.00824941	0.204786	73.5416	42.7268	-8.51402	-0.0250861	107.729	112.341	0.958949
8373	0.00825033	0.204787	73.5427	42.7261	-8.5144	-0.0250861	107.729	112.342	0.958944
8374	0.00825126	0.204788	73.5438	42.7255	-8.51476	-0.0250861	107.729	112.342	0.958939
8375	0.00825218	0.20479	73.5449	42.7248	-8.51511	-0.0250861	107.729	112.343	0.958934
8376	0.00825311	0.204791	73.5459	42.7241	-8.51544	-0.0250862	107.729	112.344	0.958929
8377	0.00825403	0.204792	73.547	42.7234	-8.51576	-0.0250862	107.73	112.344	0.958925
8378	0.00825496	0.204793	73.5481	42.7227	-8.51608	-0.0250863	107.73	112.345	0.95892
8379	0.00825589	0.204794	73.5492	42.722	-8.5164	-0.0250863	107.73	112.345	0.958916
8380	0.00825681	0.204795	73.5503	42.7213	-8.51672	-0.0250863	107.73	112.346	0.958911
8381	0.00825774	0.204796	73.5514	42.7207	-8.51706	-0.0250864	107.73	112.347	0.958907
8382	0.00825866	0.204797	73.5524	42.72	-8.51741	-0.0250864	107.73	112.347	0.958902
8383	0.00825959	0.204798	73.5535	42.7193	-8.51778	-0.0250864	107.73	112.348	0.958897
8384	0.00826051	0.2048	73.5546	42.7186	-8.51816	-0.0250865	107.73	112.348	0.958892
8385	0.00826144	0.204801	73.5556	42.718	-8.51857	-0.0250865	107.73	112.349	0.958887
8386	0.00826236	0.204802	73.5567	42.7173	-8.51899	-0.0250865	107.73	112.35	0.958881
8387	0.00826329	0.204803	73.5578	42.7166	-8.51944	-0.0250865	107.73	112.35	0.958876
8388	0.00826421	0.204804	73.5588	42.716	-8.51989	-0.0250865	107.73	112.351	0.95887
8389	0.00826514	0.204805	73.5599	42.7153	-8.52035	-0.0250865	107.73	112.351	0.958864
8390	0.00826606	0.204806	73.5609	42.7146	-8.52082	-0.0250866	107.73	112.352	0.958859
8391	0.00826699	0.204807	73.5619	42.714	-8.52128	-0.0250866	107.73	112.353	0.958853
8392	0.00826791	0.204808	73.563	42.7133	-8.52173	-0.0250866	107.729	112.353	0.958847
8393	0.00826884	0.204809	73.564	42.7127	-8.52217	-0.0250865	107.729	112.354	0.958842
8394	0.00826976	0.20481	73.5651	42.712	-8.5226	-0.0250865	107.729	112.354	0.958836
8395	0.00827069	0.204811	73.5661	42.7114	-8.523	-0.0250865	107.729	112.355	0.958831
8396	0.00827161	0.204812	73.5671	42.7107	-8.52339	-0.0250865	107.729	112.355	0.958826
8397	0.00827254	0.204813	73.5681	42.7101	-8.52376	-0.0250865	107.729	112.356	0.958821
8398	0.00827346	0.204815	73.5692	42.7094	-8.52411	-0.0250865	107.729	112.357	0.958817
8399	0.00827439	0.204816	73.5702	42.7088	-8.52444	-0.0250866	107.729	112.357	0.958812
8400	0.00827531	0.204817	73.5712	42.7081	-8.52477	-0.0250866	107.729	112.358	0.958808
8401	0.00827624	0.204818	73.5722	42.7075	-8.52509	-0.0250866	107.73	112.358	0.958803
8402	0.00827716	0.204819	73.5732	42.7069	-8.52541	-0.0250866	107.73	112.359	0.958799
8403	0.00827809	0.20482	73.5742	42.7062	-8.52574	-0.0250866	107.73	112.359	0.958794
8404	0.00827901	0.204821	73.5752	42.7056	-8.52608	-0.0250866	107.73	112.36	0.95879
8405	0.00827994	0.204822	73.5762	42.705	-8.52643	-0.0250867	107.73	112.361	0.958785
8406	0.00828086	0.204823	73.5772	42.7043	-8.5268	-0.0250867	107.73	112.361	0.95878
8407	0.00828179	0.204824	73.5782	42.7037	-8.5272	-0.0250867	107.73	112.362	0.958775
8408	0.00828271	0.204825	73.5792	42.7031	-8.52762	-0.0250867	107.73	112.362	0.95877
8409	0.00828364	0.204826	73.5802	42.7025	-8.52806	-0.0250867	107.73	112.363	0.958765
8410	0.00828456	0.204827	73.5812	42.7018	-8.52853	-0.0250867	107.729	112.363	0.958759
8411	0.00828549	0.204828	73.5822	42.7012	-8.52902	-0.0250868	107.729	112.364	0.958753
8412	0.00828641	0.204829	73.5832	42.7006	-8.52952	-0.0250868	107.729	112.365	0.958747
8413	0.00828734	0.20483	73.5841	42.7	-8.53003	-0.0250868	107.729	112.365	0.958741
8414	0.00828826	0.204831	73.5851	42.6994	-8.53055	-0.0250868	107.729	112.366	0.958735
8415	0.00828919	0.204832	73.5861	42.6988	-8.53107	-0.0250868	107.729	112.366	0.958729
8416	0.00829011	0.204833	73.5871	42.6981	-8.53159	-0.0250868	107.729	112.367	0.958723
8417	0.00829104	0.204834	73.588	42.6975	-8.53209	-0.0250868	107.728	112.367	0.958717
8418	0.00829196	0.204835	73.589	42.6969	-8.53257	-0.0250868	107.728	112.368	0.958711
8419	0.00829289	0.204836	73.59	42.6963	-8.53304	-0.0250868	107.728	112.368	0.958705
8420	0.00829381	0.204837	73.5909	42.6957	-8.53348	-0.0250868	107.728	112.369	0.9587
8421	0.00829474	0.204838	73.5919	42.6951	-8.5339	-0.0250868	107.728	112.369	0.958695
8422	0.00829566	0.204839	73.5928	42.6945	-8.5343	-0.0250868	107.728	112.37	0.95869
8423	0.00829659	0.20484	73.5938	42.6939	-8.53469	-0.0250868	107.728	112.37	0.958685
8424	0.00829751	0.204841	73.5947	42.6933	-8.53505	-0.0250868	107.728	112.371	0.95868
8425	0.00829844	0.204842	73.5957	42.6927	-8.53541	-0.0250868	107.728	112.372	0.958676
8426	0.00829936	0.204843	73.5966	42.6921	-8.53575	-0.0250868	107.728	112.372	0.958671
8427	0.00830029	0.204844	73.5976	42.6915	-8.5361	-0.0250868	107.728	112.373	0.958667
8428	0.00830121	0.204845	73.5985	42.6909	-8.53645	-0.0250869	107.728	112.373	0.958662
8429	0.00830214	0.204846	73.5994	42.6903	-8.53681	-0.0250869	107.728	112.374	0.958658
8430	0.00830306	0.204847	73.6004	42.6897	-8.53718	-0.0250869	107.728	112.374	0.958653
8431	0.00830399	0.204848	73.6013	42.6892	-8.53756	-0.0250869	107.728	112.375	0.958648
8432	0.00830491	0.204849	73.6022	42.6886	-8.53796	-0.0250869	107.728	112.375	0.958643
8433	0.00830584	0.204849	73.6031	42.688	-8.53837	-0.0250869	107.728	112.376	0.958638
8434	0.00830676	0.20485	73.6041	42.6874	-8.53879	-0.0250869	107.728	112.376	0.958633
8435	0.00830769	0.204851	73.605	42.6868	-8.53921	-0.0250869	107.728	112.377	0.958628
8436	0.00830861	0.204852	73.6059	42.6863	-8.53965	-0.0250869	107.727	112.377	0.958622
8437	0.00830954	0.204853	73.6068	42.6857	-8.54008	-0.0250869	107.727	112.378	0.958617
8438	0.00831046	0.204854	73.6077	42.6851	-8.5405	-0.0250869	107.727	112.378	0.958612
8439	0.00831139	0.204855	73.6086	42.6845	-8.54091	-0.0250869	107.727	112.379	0.958607
8440	0.00831231	0.204856	73.6095	42.684	-8.54131	-0.0250869	107.727	112.379	0.958602
8441	0.00831324	0.204857	73.6104	42.6834	-8.54169	-0.0250869	107.727	112.38	0.958597
8442	0.00831416	0.204858	73.6113	42.6828	-8.54205	-0.0250869	107.727	112.38	0.958593
8443	0.00831509	0.204859	73.6122	42.6822	-8.54239	-0.0250868	107.727	112.381	0.958588
8444	0.00831601	0.20486	73.6131	42.6817	-8.5427	-0.0250868	107.727	112.381	0.958584
8445	0.00831694	0.204861	73.614	42.6811	-8.543	-0.0250868	107.727	112.382	0.95858
8446	0.00831786	0.204862	73.6149	42.6806	-8.54328	-0.0250868	107.727	112.382	0.958576
8447	0.00831879	0.204862	73.6158	42.68	-8.54355	-0.0250868	107.727	112.383	0.958573
8448	0.00831971	0.204863	73.6167	42.6794	-8.54382	-0.0250868	107.727	112.383	0.958569
8449	0.00832064	0.204864	73.6176	42.6789	-8.54408	-0.0250868	107.727	112.384	0.958565
8450	0.00832156	0.204865	73.6185	42.6783	-8.54434	-0.0250869	107.727	112.384	0.958561
8451	0.00832249	0.204866	73.6194	42.6778	-8.54461	-0.0250869	107.727	112.385	0.958558
8452	0.00832341	0.204867	73.6202	42.6772	-8.54488	-0.0250869	107.727	112.385	0.958554
8453	0.00832434	0.204868	73.6211	42.6766	-8.54518	-0.0250869	107.728	112.386	0.95855
8454	0.00832526	0.204869	73.622	42.6761	-8.54549	-0.0250869	107.728	112.386	0.958546
8455	0.00832619	0.20487	73.6229	42.6755	-8.54583	-0.0250869	107.728	112.387	0.958542
8456	0.00832711	0.204871	73.6237	42.675	-8.54619	-0.0250869	107.727	112.387	0.958537
8457	0.00832804	0.204872	73.6246	42.6744	-8.54657	-0.0250869	107.727	112.388	0.958532
8458	0.00832896	0.204872	73.6255	42.6739	-8.54698	-0.0250869	107.727	112.388	0.958527
8459	0.00832989	0.204873	73.6263	42.6733	-8.54741	-0.0250869	107.727	112.389	0.958522
8460	0.00833081	0.204874	73.6272	42.6728	-8.54785	-0.0250869	107.727	112.389	0.958517
8461	0.00833174	0.204875	73.6281	42.6723	-8.54829	-0.0250869	107.727	112.39	0.958512
8462	0.00833266	0.204876	73.6289	42.6717	-8.54874	-0.0250869	107.727	112.39	0.958506
8463	0.00833359	0.204877	73.6298	42.6712	-8.54918	-0.0250869	107.727	112.391	0.958501
8464	0.00833451	0.204878	73.6306	42.6706	-8.54961	-0.0250869	107.727	112.391	0.958496
8465	0.00833543	0.204879	73.6315	42.6701	-8.55002	-0.0250869	107.726	112.392	0.958491
8466	0.00833636	0.204879	73.6324	42.6696	-8.55041	-0.0250869	107.726	112.392	0.958486
8467	0.00833728	0.20488	73.6332	42.669	-8.55077	-0.0250869	107.726	112.393	0.958482
8468	0.00833821	0.204881	73.6341	42.6685	-8.55111	-0.0250869	107.726	112.393	0.958478
8469	0.00833913	0.204882	73.6349	42.6679	-8.55142	-0.0250869	107.726	112.394	0.958474
8470	0.00834006	0.204883	73.6357	42.6674	-8.5517	-0.0250869	107.726	112.394	0.95847
8471	0.00834098	0.204884	73.6366	42.6669	-8.55197	-0.0250869	107.726	112.395	0.958466
8472	0.00834191	0.204885	73.6374	42.6664	-8.55221	-0.0250869	107.726	112.395	0.958463
8473	0.00834283	0.204886	73.6383	42.6658	-8.55244	-0.0250869	107.727	112.396	0.958459
8474	0.00834376	0.204886	73.6391	42.6653	-8.55267	-0.0250869	107.727	112.396	0.958456
8475	0.00834468	0.204887	73.64	42.6648	-8.55289	-0.0250869	107.727	112.397	0.958453
8476	0.00834561	0.204888	73.6408	42.6642	-8.55312	-0.0250869	107.727	112.397	0.958449
8477	0.00834653	0.204889	73.6416	42.6637	-8.55336	-0.0250869	107.727	112.397	0.958446
8478	0.00834746	0.20489	73.6425	42.6632	-8.5536	-0.025087	107.727	112.398	0.958443
8479	0.00834838	0.204891	73.6433	42.6627	-8.55387	-0.025087	107.727	112.398	0.958439
8480	0.00834931	0.204892	73.6441	42.6621	-8.55415	-0.025087	107.727	112.399	0.958435
8481	0.00835023	0.204892	73.6449	42.6616	-8.55445	-0.025087	107.727	112.399	0.958431
8482	0.00835116	0.204893	73.6458	42.6611	-8.55476	-0.025087	107.727	112.4	0.958427
8483	0.00835208	0.204894	73.6466	42.6606	-8.55507	-0.025087	107.727	112.4	0.958423
8484	0.00835301	0.204895	73.6474	42.66	-8.55539	-0.025087	107.727	112.401	0.958419
8485	0.00835393	0.204896	73.6482	42.6595	-8.5557	-0.025087	107.727	112.401	0.958415
8486	0.00835486	0.204897	73.6491	42.659	-8.556	-0.0250869	107.727	112.402	0.958411
8487	0.00835578	0.204897	73.6499	42.6585	-8.55629	-0.0250869	107.727	112.402	0.958407
8488	0.00835671	0.204898	73.6507	42.658	-8.55655	-0.0250869	107.727	112.403	0.958404
8489	0.00835763	0.204899	73.6515	42.6575	-8.55679	-0.0250869	107.727	112.403	0.958401
8490	0.00835856	0.2049	73.6523	42.6569	-8.557	-0.0250869	107.727	112.403	0.958397
8491	0.00835948	0.204901	73.6531	42.6564	-8.55719	-0.0250869	107.727	112.404	0.958395
8492	0.00836041	0.204902	73.654	42.6559	-8.55735	-0.0250868	107.727	112.404	0.958392
8493	0.00836133	0.204902	73.6548	42.6554	-8.55748	-0.0250868	107.728	112.405	0.958389
8494	0.00836226	0.204903	73.6556	42.6549	-8.5576	-0.0250868	107.728	112.405	0.958387
8495	0.00836318	0.204904	73.6564	42.6544	-8.55771	-0.0250868	107.728	112.406	0.958385
8496	0.00836411	0.204905	73.6572	42.6539	-8.5578	-0.0250868	107.728	112.406	0.958383
8497	0.00836503	0.204906	73.658	42.6534	-8.5579	-0.0250868	107.728	112.407	0.958381
8498	0.00836596	0.204907	73.6588	42.6529	-8.55799	-0.0250868	107.729	112.407	0.958379
8499	0.00836688	0.204907	73.6596	42.6523	-8.5581	-0.0250869	107.729	112.408	0.958377
8500	0.00836781	0.204908	73.6604	42.6518	-8.55823	-0.0250869	107.729	112.408	0.958374
8501	0.00836873	0.204909	73.6612	42.6513	-8.55837	-0.0250869	107.729	112.408	0.958372
8502	0.00836966	0.20491	73.662	42.6508	-8.55853	-0.0250869	107.729	112.409	0.958369
8503	0.00837058	0.204911	73.6628	42.6503	-8.55872	-0.0250869	107.729	112.409	0.958366
8504	0.00837151	0.204912	73.6636	42.6498	-8.55893	-0.0250869	107.729	112.41	0.958363
8505	0.00837243	0.204912	73.6644	42.6493	-8.55917	-0.0250869	107.729	112.41	0.95836
8506	0.00837336	0.204913	73.6652	42.6488	-8.55943	-0.0250869	107.73	112.411	0.958356
8507	0.00837428	0.204914	73.666	42.6483	-8.55972	-0.0250869	107.73	112.411	0.958352
8508	0.00837521	0.204915	73.6668	42.6478	-8.56001	-0.0250869	107.73	112.412	0.958349
8509	0.00837613	0.204916	73.6676	42.6473	-8.56032	-0.0250869	107.73	112.412	0.958345
8510	0.00837706	0.204916	73.6684	42.6468	-8.56062	-0.0250869	107.729	112.412	0.958341
8511	0.00837798	0.204917	73.6692	42.6463	-8.56092	-0.0250869	107.729	112.413	0.958337
8512	0.0083789	0.204918	73.67	42.6458	-8.56121	-0.0250869	107.729	112.413	0.958333
8513	0.00837983	0.204919	73.6708	42.6453	-8.56147	-0.0250869	107.73	112.414	0.95833
8514	0.00838075	0.20492	73.6716	42.6448	-8.56171	-0.0250869	107.73	112.414	0.958326
8515	0.00838168	0.20492	73.6723	42.6443	-8.56193	-0.0250869	107.73	112.415	0.958323
8516	0.0083826	0.204921	73.6731	42.6438	-8.56211	-0.0250869	107.73	112.415	0.95832
8517	0.00838353	0.204922	73.6739	42.6433	-8.56227	-0.0250869	107.73	112.416	0.958318
8518	0.00838445	0.204923	73.6747	42.6428	-8.5624	-0.0250868	107.73	112.416	0.958316
8519	0.00838538	0.204924	73.6755	42.6423	-8.5625	-0.0250869	107.73	112.416	0.958313
8520	0.0083863	0.204924	73.6763	42.6418	-8.56257	-0.0250869	107.73	112.417	0.958312
8521	0.00838723	0.204925	73.677	42.6413	-8.56264	-0.0250869	107.731	112.417	0.95831
8522	0.00838815	0.204926	73.6778	42.6408	-8.56269	-0.0250869	107.731	112.418	0.958308
8523	0.00838908	0.204927	73.6786	42.6404	-8.56274	-0.0250869	107.731	112.418	0.958307
8524	0.00839	0.204928	73.6794	42.6399	-8.5628	-0.0250869	107.731	112.419	0.958305
8525	0.00839093	0.204928	73.6802	42.6394	-8.56286	-0.0250869	107.732	112.419	0.958303
8526	0.00839185	0.204929	73.6809	42.6389	-8.56293	-0.0250869	107.732	112.42	0.958301
8527	0.00839278	0.20493	73.6817	42.6384	-8.56302	-0.0250869	107.732	112.42	0.958299
8528	0.0083937	0.204931	73.6825	42.6379	-8.56313	-0.0250869	107.732	112.42	0.958297
8529	0.00839463	0.204932	73.6833	42.6374	-8.56326	-0.0250869	107.732	112.421	0.958295
8530	0.00839555	0.204932	73.684	42.6369	-8.5634	-0.0250869	107.732	112.421	0.958292
8531	0.00839648	0.204933	73.6848	42.6364	-8.56356	-0.0250869	107.733	112.422	0.95829
8532	0.0083974	0.204934	73.6856	42.6359	-8.56372	-0.0250869	107.733	112.422	0.958287
8533	0.00839833	0.204935	73.6864	42.6355	-8.56388	-0.0250869	107.733	112.423	0.958285
8534	0.00839925	0.204936	73.6871	42.635	-8.56403	-0.0250869	107.733	112.423	0.958282
8535	0.00840018	0.204936	73.6879	42.6345	-8.56417	-0.0250869	107.733	112.423	0.95828
8536	0.0084011	0.204937	73.6887	42.634	-8.5643	-0.0250868	107.733	112.424	0.958277
8537	0.00840203	0.204938	73.6895	42.6335	-8.5644	-0.0250868	107.733	112.424	0.958275
8538	0.00840295	0.204939	73.6902	42.633	-8.56448	-0.0250868	107.734	112.425	0.958273
8539	0.00840388	0.20494	73.691	42.6325	-8.56453	-0.0250868	107.734	112.425	0.958272
8540	0.0084048	0.20494	73.6918	42.6321	-8.56455	-0.0250868	107.734	112.426	0.958271
8541	0.00840572	0.204941	73.6925	42.6316	-8.56455	-0.0250867	107.734	112.426	0.958269
8542	0.00840665	0.204942	73.6933	42.6311	-8.56453	-0.0250867	107.735	112.426	0.958268
8543	0.00840757	0.204943	73.6941	42.6306	-8.56449	-0.0250867	107.735	112.427	0.958268
8544	0.0084085	0.204943	73.6948	42.6301	-8.56444	-0.0250867	107.735	112.427	0.958267
8545	0.00840942	0.204944	73.6956	42.6296	-8.56439	-0.0250867	107.736	112.428	0.958266
8546	0.00841035	0.204945	73.6963	42.6292	-8.56434	-0.0250867	107.736	112.428	0.958265
8547	0.00841127	0.204946	73.6971	42.6287	-8.5643	-0.0250867	107.736	112.429	0.958265
8548	0.0084122	0.204947	73.6979	42.6282	-8.56427	-0.0250867	107.737	112.429	0.958264
8549	0.00841312	0.204947	73.6986	42.6277	-8.56427	-0.0250867	107.737	112.429	0.958263
8550	0.00841405	0.204948	73.6994	42.6272	-8.56428	-0.0250867	107.737	112.43	0.958261
8551	0.00841497	0.204949	73.7002	42.6267	-8.56432	-0.0250867	107.737	112.43	0.95826
8552	0.0084159	0.20495	73.7009	42.6263	-8.56438	-0.0250867	107.738	112.431	0.958258
8553	0.00841682	0.204951	73.7017	42.6258	-8.56446	-0.0250867	107.738	112.431	0.958256
8554	0.00841775	0.204951	73.7024	42.6253	-8.56457	-0.0250867	107.738	112.432	0.958254
8555	0.00841867	0.204952	73.7032	42.6248	-8.56469	-0.0250867	107.738	112.432	0.958252
8556	0.0084196	0.204953	73.7039	42.6244	-8.56483	-0.0250867	107.738	112.432	0.95825
8557	0.00842052	0.204954	73.7047	42.6239	-8.56497	-0.0250867	107.739	112.433	0.958247
8558	0.00842145	0.204954	73.7055	42.6234	-8.56512	-0.0250866	107.739	112.433	0.958245
8559	0.00842237	0.204955	73.7062	42.6229	-8.56525	-0.0250866	107.739	112.434	0.958242
8560	0.0084233	0.204956	73.707	42.6224	-8.56538	-0.0250866	107.739	112.434	0.95824
8561	0.00842422	0.204957	73.7077	42.622	-8.56548	-0.0250866	107.739	112.435	0.958238
8562	0.00842514	0.204957	73.7085	42.6215	-8.56556	-0.0250865	107.739	112.435	0.958236
8563	0.00842607	0.204958	73.7092	42.621	-8.56561	-0.0250865	107.74	112.435	0.958235
8564	0.00842699	0.204959	73.71	42.6205	-8.56563	-0.0250865	107.74	112.436	0.958233
8565	0.00842792	0.20496	73.7107	42.6201	-8.56563	-0.0250865	107.74	112.436	0.958232
8566	0.00842884	0.204961	73.7115	42.6196	-8.56559	-0.0250865	107.74	112.437	0.958231
8567	0.00842977	0.204961	73.7122	42.6191	-8.56554	-0.0250865	107.741	112.437	0.958231
8568	0.00843069	0.204962	73.713	42.6186	-8.56546	-0.0250864	107.741	112.438	0.95823
8569	0.00843162	0.204963	73.7137	42.6182	-8.56536	-0.0250864	107.741	112.438	0.95823
8570	0.00843254	0.204964	73.7145	42.6177	-8.56526	-0.0250864	107.742	112.438	0.95823
8571	0.00843347	0.204964	73.7152	42.6172	-8.56516	-0.0250864	107.742	112.439	0.95823
8572	0.00843439	0.204965	73.716	42.6167	-8.56506	-0.0250864	107.743	112.439	0.958229
8573	0.00843532	0.204966	73.7167	42.6163	-8.56497	-0.0250864	107.743	112.44	0.958229
8574	0.00843624	0.204967	73.7175	42.6158	-8.56489	-0.0250864	107.743	112.44	0.958229
8575	0.00843717	0.204967	73.7182	42.6153	-8.56483	-0.0250864	107.744	112.44	0.958228
8576	0.00843809	0.204968	73.719	42.6149	-8.56479	-0.0250864	107.744	112.441	0.958227
8577	0.00843902	0.204969	73.7197	42.6144	-8.56476	-0.0250864	107.744	112.441	0.958226
8578	0.00843994	0.20497	73.7205	42.6139	-8.56475	-0.0250864	107.745	112.442	0.958225
8579	0.00844087	0.204971	73.7212	42.6135	-8.56476	-0.0250864	107.745	112.442	0.958224
8580	0.00844179	0.204971	73.7219	42.613	-8.56477	-0.0250863	107.745	112.443	0.958223
8581	0.00844272	0.204972	73.7227	42.6125	-8.56479	-0.0250863	107.745	112.443	0.958222
8582	0.00844364	0.204973	73.7234	42.612	-8.56481	-0.0250863	107.746	112.443	0.95822
8583	0.00844456	0.204974	73.7242	42.6116	-8.56482	-0.0250862	107.746	112.444	0.958219
8584	0.00844549	0.204974	73.7249	42.6111	-8.56482	-0.0250862	107.746	112.444	0.958218
8585	0.00844641	0.204975	73.7257	42.6106	-8.5648	-0.0250861	107.746	112.445	0.958217
8586	0.00844734	0.204976	73.7264	42.6102	-8.56476	-0.0250861	107.747	112.445	0.958216
8587	0.00844826	0.204977	73.7271	42.6097	-8.5647	-0.0250861	107.747	112.446	0.958216
8588	0.00844919	0.204977	73.7279	42.6092	-8.56463	-0.025086	107.747	112.446	0.958215
8589	0.00845011	0.204978	73.7286	42.6088	-8.56452	-0.025086	107.748	112.446	0.958215
8590	0.00845104	0.204979	73.7294	42.6083	-8.56441	-0.0250859	107.748	112.447	0.958215
8591	0.00845196	0.20498	73.7301	42.6078	-8.56427	-0.0250859	107.749	112.447	0.958215
8592	0.00845289	0.20498	73.7308	42.6074	-8.56413	-0.0250859	107.749	112.448	0.958215
8593	0.00845381	0.204981	73.7316	42.6069	-8.56398	-0.0250859	107.749	112.448	0.958215
8594	0.00845474	0.204982	73.7323	42.6064	-8.56383	-0.0250858	107.75	112.448	0.958216
8595	0.00845566	0.204983	73.733	42.606	-8.56368	-0.0250858	107.75	112.449	0.958216
8596	0.00845659	0.204983	73.7338	42.6055	-8.56355	-0.0250858	107.751	112.449	0.958216
8597	0.00845751	0.204984	73.7345	42.605	-8.56343	-0.0250858	107.751	112.45	0.958216
8598	0.00845844	0.204985	73.7352	42.6046	-8.56333	-0.0250858	107.751	112.45	0.958216
8599	0.00845936	0.204986	73.736	42.6041	-8.56325	-0.0250857	107.752	112.45	0.958215
8600	0.00846028	0.204986	73.7367	42.6037	-8.56319	-0.0250857	107.752	112.451	0.958215
8601	0.00846121	0.204987	73.7374	42.6032	-8.56316	-0.0250857	107.752	112.451	0.958214
8602	0.00846213	0.204988	73.7382	42.6027	-8.56314	-0.0250857	107.753	112.452	0.958213
8603	0.00846306	0.204989	73.7389	42.6023	-8.56315	-0.0250856	107.753	112.452	0.958212
8604	0.00846398	0.204989	73.7396	42.6018	-8.56317	-0.0250856	107.753	112.453	0.95821
8605	0.00846491	0.20499	73.7404	42.6013	-8.56319	-0.0250856	107.753	112.453	0.958209
8606	0.00846583	0.204991	73.7411	42.6009	-8.56321	-0.0250855	107.754	112.453	0.958208
8607	0.00846676	0.204992	73.7418	42.6004	-8.56322	-0.0250855	107.754	112.454	0.958207
8608	0.00846768	0.204992	73.7426	42.6	-8.56322	-0.0250855	107.754	112.454	0.958206
8609	0.00846861	0.204993	73.7433	42.5995	-8.5632	-0.0250854	107.754	112.455	0.958205
8610	0.00846953	0.204994	73.744	42.599	-8.56316	-0.0250854	107.755	112.455	0.958204
8611	0.00847046	0.204995	73.7447	42.5986	-8.56309	-0.0250854	107.755	112.455	0.958203
8612	0.00847138	0.204995	73.7455	42.5981	-8.56299	-0.0250853	107.756	112.456	0.958203
8613	0.00847231	0.204996	73.7462	42.5977	-8.56286	-0.0250853	107.756	112.456	0.958203
8614	0.00847323	0.204997	73.7469	42.5972	-8.56271	-0.0250853	107.756	112.457	0.958204
8615	0.00847416	0.204998	73.7476	42.5967	-8.56254	-0.0250853	107.757	112.457	0.958204
8616	0.00847508	0.204998	73.7484	42.5963	-8.56234	-0.0250852	107.757	112.457	0.958205
8617	0.008476	0.204999	73.7491	42.5958	-8.56214	-0.0250852	107.758	112.458	0.958205
8618	0.00847693	0.205	73.7498	42.5954	-8.56193	-0.0250852	107.758	112.458	0.958206
8619	0.00847785	0.205001	73.7505	42.5949	-8.56173	-0.0250852	107.759	112.459	0.958207
8620	0.00847878	0.205001	73.7513	42.5945	-8.56153	-0.0250852	107.759	112.459	0.958207
8621	0.0084797	0.205002	73.752	42.594	-8.56133	-0.0250852	107.76	112.459	0.958208
8622	0.00848063	0.205003	73.7527	42.5935	-8.56116	-0.0250852	107.76	112.46	0.958209
8623	0.00848155	0.205004	73.7534	42.5931	-8.561	-0.0250852	107.76	112.46	0.958209
8624	0.00848248	0.205004	73.7542	42.5926	-8.56086	-0.0250851	107.761	112.461	0.958209
8625	0.0084834	0.205005	73.7549	42.5922	-8.56073	-0.0250851	107.761	112.461	0.958209
8626	0.00848433	0.205006	73.7556	42.5917	-8.56062	-0.0250851	107.762	112.461	0.958209
8627	0.00848525	0.205006	73.7563	42.5913	-8.56052	-0.0250851	107.762	112.462	0.958209
8628	0.00848618	0.205007	73.757	42.5908	-8.56043	-0.025085	107.762	112.462	0.958209
8629	0.0084871	0.205008	73.7577	42.5904	-8.56033	-0.025085	107.763	112.463	0.958208
8630	0.00848803	0.205009	73.7585	42.5899	-8.56023	-0.025085	107.763	112.463	0.958208
8631	0.00848895	0.205009	73.7592	42.5895	-8.56012	-0.0250849	107.763	112.463	0.958208
8632	0.00848987	0.20501	73.7599	42.589	-8.55999	-0.0250849	107.764	112.464	0.958208
8633	0.0084908	0.205011	73.7606	42.5886	-8.55984	-0.0250848	107.764	112.464	0.958208
8634	0.00849172	0.205012	73.7613	42.5881	-8.55967	-0.0250848	107.765	112.465	0.958209
8635	0.00849265	0.205012	73.762	42.5877	-8.55948	-0.0250847	107.765	112.465	0.958209
8636	0.00849357	0.205013	73.7627	42.5872	-8.55927	-0.0250847	107.766	112.465	0.95821
8637	0.0084945	0.205014	73.7635	42.5868	-8.55905	-0.0250847	107.766	112.466	0.958211
8638	0.00849542	0.205014	73.7642	42.5863	-8.55881	-0.0250846	107.767	112.466	0.958212
8639	0.00849635	0.205015	73.7649	42.5859	-8.55856	-0.0250846	107.767	112.467	0.958213
8640	0.00849727	0.205016	73.7656	42.5854	-8.55831	-0.0250846	107.768	112.467	0.958214
8641	0.0084982	0.205017	73.7663	42.585	-8.55807	-0.0250846	107.768	112.467	0.958216
8642	0.00849912	0.205017	73.767	42.5845	-8.55783	-0.0250846	107.769	112.468	0.958217
8643	0.00850005	0.205018	73.7677	42.5841	-8.5576	-0.0250845	107.769	112.468	0.958218
8644	0.00850097	0.205019	73.7684	42.5836	-8.55739	-0.0250845	107.77	112.469	0.958218
8645	0.0085019	0.20502	73.7691	42.5832	-8.5572	-0.0250845	107.77	112.469	0.958219
8646	0.00850282	0.20502	73.7698	42.5827	-8.55704	-0.0250845	107.77	112.469	0.958219
8647	0.00850374	0.205021	73.7705	42.5823	-8.5569	-0.0250845	107.771	112.47	0.95822
8648	0.00850467	0.205022	73.7712	42.5818	-8.55679	-0.0250844	107.771	112.47	0.958219
8649	0.00850559	0.205022	73.7719	42.5814	-8.5567	-0.0250844	107.772	112.471	0.958219
8650	0.00850652	0.205023	73.7726	42.581	-8.55664	-0.0250844	107.772	112.471	0.958219
8651	0.00850744	0.205024	73.7733	42.5805	-8.5566	-0.0250844	107.772	112.471	0.958218
8652	0.00850837	0.205025	73.774	42.5801	-8.55656	-0.0250843	107.772	112.472	0.958217
8653	0.00850929	0.205025	73.7747	42.5796	-8.55653	-0.0250843	107.773	112.472	0.958217
8654	0.00851022	0.205026	73.7754	42.5792	-8.55649	-0.0250843	107.773	112.473	0.958216
8655	0.00851114	0.205027	73.7761	42.5788	-8.55645	-0.0250842	107.773	112.473	0.958215
8656	0.00851207	0.205027	73.7768	42.5783	-8.55639	-0.0250842	107.774	112.473	0.958215
8657	0.00851299	0.205028	73.7775	42.5779	-8.5563	-0.0250841	107.774	112.474	0.958214
8658	0.00851392	0.205029	73.7782	42.5775	-8.55619	-0.0250841	107.774	112.474	0.958214
8659	0.00851484	0.20503	73.7789	42.577	-8.55606	-0.0250841	107.775	112.475	0.958214
8660	0.00851577	0.20503	73.7795	42.5766	-8.55589	-0.0250841	107.775	112.475	0.958215
8661	0.00851669	0.205031	73.7802	42.5762	-8.55569	-0.025084	107.776	112.475	0.958216
8662	0.00851761	0.205032	73.7809	42.5757	-8.55547	-0.025084	107.776	112.476	0.958217
8663	0.00851854	0.205032	73.7816	42.5753	-8.55523	-0.025084	107.777	112.476	0.958218
8664	0.00851946	0.205033	73.7823	42.5749	-8.55497	-0.025084	107.777	112.476	0.958219
8665	0.00852039	0.205034	73.783	42.5744	-8.5547	-0.025084	107.778	112.477	0.95822
8666	0.00852131	0.205034	73.7836	42.574	-8.55441	-0.025084	107.778	112.477	0.958222
8667	0.00852224	0.205035	73.7843	42.5736	-8.55413	-0.025084	107.779	112.478	0.958223
8668	0.00852316	0.205036	73.785	42.5731	-8.55385	-0.025084	107.779	112.478	0.958225
8669	0.00852409	0.205037	73.7857	42.5727	-8.55357	-0.025084	107.78	112.478	0.958226
8670	0.00852501	0.205037	73.7864	42.5723	-8.55332	-0.025084	107.78	112.479	0.958228
8671	0.00852594	0.205038	73.787	42.5719	-8.55308	-0.025084	107.781	112.479	0.958229
8672	0.00852686	0.205039	73.7877	42.5714	-8.55287	-0.025084	107.781	112.48	0.958229
8673	0.00852779	0.205039	73.7884	42.571	-8.55269	-0.025084	107.782	112.48	0.95823
8674	0.00852871	0.20504	73.789	42.5706	-8.55253	-0.0250839	107.782	112.48	0.95823
8675	0.00852964	0.205041	73.7897	42.5702	-8.55239	-0.0250839	107.782	112.481	0.958231
8676	0.00853056	0.205041	73.7904	42.5698	-8.55227	-0.0250839	107.783	112.481	0.958231
8677	0.00853148	0.205042	73.791	42.5693	-8.55216	-0.0250839	107.783	112.481	0.958231
8678	0.00853241	0.205043	73.7917	42.5689	-8.55205	-0.0250838	107.783	112.482	0.958231
8679	0.00853333	0.205043	73.7923	42.5685	-8.55193	-0.0250838	107.784	112.482	0.958231
8680	0.00853426	0.205044	73.793	42.5681	-8.55181	-0.0250838	107.784	112.482	0.958231
8681	0.00853518	0.205045	73.7937	42.5677	-8.55166	-0.0250837	107.785	112.483	0.958231
8682	0.00853611	0.205045	73.7943	42.5673	-8.5515	-0.0250837	107.785	112.483	0.958232
8683	0.00853703	0.205046	73.795	42.5668	-8.55131	-0.0250836	107.785	112.484	0.958232
8684	0.00853796	0.205047	73.7956	42.5664	-8.55111	-0.0250836	107.786	112.484	0.958233
8685	0.00853888	0.205047	73.7963	42.566	-8.55089	-0.0250836	107.786	112.484	0.958234
8686	0.00853981	0.205048	73.7969	42.5656	-8.55065	-0.0250835	107.787	112.485	0.958235
8687	0.00854073	0.205049	73.7976	42.5652	-8.55041	-0.0250835	107.787	112.485	0.958236
8688	0.00854166	0.205049	73.7982	42.5648	-8.55016	-0.0250835	107.788	112.485	0.958238
8689	0.00854258	0.20505	73.7988	42.5644	-8.54992	-0.0250835	107.788	112.486	0.958239
8690	0.00854351	0.205051	73.7995	42.564	-8.54969	-0.0250835	107.789	112.486	0.95824
8691	0.00854443	0.205051	73.8001	42.5636	-8.54947	-0.0250834	107.789	112.486	0.958241
8692	0.00854535	0.205052	73.8007	42.5632	-8.54927	-0.0250834	107.79	112.487	0.958242
8693	0.00854628	0.205053	73.8014	42.5628	-8.5491	-0.0250834	107.79	112.487	0.958242
8694	0.0085472	0.205053	73.802	42.5624	-8.54895	-0.0250834	107.79	112.488	0.958243
8695	0.00854813	0.205054	73.8026	42.562	-8.54883	-0.0250834	107.791	112.488	0.958243
8696	0.00854905	0.205055	73.8033	42.5616	-8.54874	-0.0250834	107.791	112.488	0.958243
8697	0.00854998	0.205055	73.8039	42.5612	-8.54867	-0.0250833	107.791	112.489	0.958242
8698	0.0085509	0.205056	73.8045	42.5608	-8.54862	-0.0250833	107.792	112.489	0.958242
8699	0.00855183	0.205056	73.8051	42.5604	-8.5486	-0.0250833	107.792	112.489	0.958241
8700	0.00855275	0.205057	73.8057	42.5601	-8.54858	-0.0250833	107.792	112.49	0.95824
8701	0.00855368	0.205058	73.8063	42.5597	-8.54857	-0.0250832	107.792	112.49	0.95824
8702	0.0085546	0.205058	73.8069	42.5593	-8.54856	-0.0250832	107.793	112.49	0.958239
8703	0.00855553	0.205059	73.8076	42.5589	-8.54854	-0.0250832	107.793	112.491	0.958238
8704	0.00855645	0.20506	73.8082	42.5585	-8.5485	-0.0250831	107.793	112.491	0.958237
8705	0.00855737	0.20506	73.8088	42.5581	-8.54844	-0.0250831	107.793	112.491	0.958237
8706	0.0085583	0.205061	73.8094	42.5578	-8.54835	-0.0250831	107.794	112.492	0.958237
8707	0.00855922	0.205061	73.8099	42.5574	-8.54824	-0.025083	107.794	112.492	0.958237
8708	0.00856015	0.205062	73.8105	42.557	-8.5481	-0.025083	107.794	112.492	0.958237
8709	0.00856107	0.205063	73.8111	42.5566	-8.54792	-0.025083	107.795	112.493	0.958238
8710	0.008562	0.205063	73.8117	42.5563	-8.54771	-0.025083	107.795	112.493	0.958239
8711	0.00856292	0.205064	73.8123	42.5559	-8.54748	-0.025083	107.796	112.493	0.95824
8712	0.00856385	0.205064	73.8129	42.5555	-8.54721	-0.025083	107.796	112.494	0.958242
8713	0.00856477	0.205065	73.8134	42.5552	-8.54693	-0.025083	107.797	112.494	0.958243
8714	0.0085657	0.205066	73.814	42.5548	-8.54663	-0.025083	107.797	112.494	0.958245
8715	0.00856662	0.205066	73.8146	42.5545	-8.54634	-0.025083	107.798	112.495	0.958247
8716	0.00856755	0.205067	73.8152	42.5541	-8.54605	-0.025083	107.798	112.495	0.958249
8717	0.00856847	0.205067	73.8157	42.5538	-8.54577	-0.025083	107.799	112.495	0.95825
8718	0.00856939	0.205068	73.8163	42.5534	-8.54552	-0.0250831	107.799	112.496	0.958252
8719	0.00857032	0.205068	73.8168	42.553	-8.54529	-0.0250831	107.8	112.496	0.958253
8720	0.00857124	0.205069	73.8174	42.5527	-8.54509	-0.0250831	107.8	112.496	0.958254
8721	0.00857217	0.20507	73.8179	42.5524	-8.54492	-0.0250831	107.8	112.497	0.958254
8722	0.00857309	0.20507	73.8185	42.552	-8.54478	-0.0250831	107.801	112.497	0.958255
8723	0.00857402	0.205071	73.819	42.5517	-8.54467	-0.0250831	107.801	112.497	0.958255
8724	0.00857494	0.205071	73.8196	42.5513	-8.54457	-0.025083	107.801	112.497	0.958255
8725	0.00857587	0.205072	73.8201	42.551	-8.54449	-0.025083	107.802	112.498	0.958255
8726	0.00857679	0.205072	73.8206	42.5507	-8.54442	-0.025083	107.802	112.498	0.958255
8727	0.00857772	0.205073	73.8211	42.5503	-8.54435	-0.025083	107.802	112.498	0.958255
8728	0.00857864	0.205073	73.8217	42.55	-8.54427	-0.0250829	107.802	112.499	0.958255
8729	0.00857957	0.205074	73.8222	42.5497	-8.54419	-0.0250829	107.803	112.499	0.958255
8730	0.00858049	0.205074	73.8227	42.5493	-8.5441	-0.0250829	107.803	112.499	0.958255
8731	0.00858141	0.205075	73.8232	42.549	-8.544	-0.0250828	107.803	112.499	0.958255
8732	0.00858234	0.205075	73.8237	42.5487	-8.54389	-0.0250828	107.803	112.5	0.958255
8733	0.00858326	0.205076	73.8242	42.5484	-8.54377	-0.0250827	107.804	112.5	0.958255
8734	0.00858419	0.205077	73.8247	42.5481	-8.54364	-0.0250827	107.804	112.5	0.958256
8735	0.00858511	0.205077	73.8252	42.5478	-8.54352	-0.0250827	107.804	112.501	0.958256
8736	0.00858604	0.205078	73.8257	42.5475	-8.54339	-0.0250827	107.805	112.501	0.958256
8737	0.00858696	0.205078	73.8262	42.5471	-8.54327	-0.0250826	107.805	112.501	0.958257
8738	0.00858789	0.205079	73.8267	42.5468	-8.54316	-0.0250826	107.805	112.501	0.958257
8739	0.00858881	0.205079	73.8271	42.5465	-8.54307	-0.0250826	107.806	112.502	0.958257
8740	0.00858974	0.205079	73.8276	42.5462	-8.54299	-0.0250826	107.806	112.502	0.958257
8741	0.00859066	0.20508	73.8281	42.5459	-8.54293	-0.0250826	107.806	112.502	0.958257
8742	0.00859159	0.20508	73.8286	42.5457	-8.5429	-0.0250825	107.806	112.502	0.958256
8743	0.00859251	0.205081	73.829	42.5454	-8.54289	-0.0250825	107.806	112.503	0.958256
8744	0.00859343	0.205081	73.8295	42.5451	-8.54291	-0.0250825	107.807	112.503	0.958255
8745	0.00859436	0.205082	73.8299	42.5448	-8.54295	-0.0250825	107.807	112.503	0.958254
8746	0.00859528	0.205082	73.8304	42.5445	-8.54301	-0.0250824	107.807	112.504	0.958253
8747	0.00859621	0.205083	73.8308	42.5442	-8.54309	-0.0250824	107.807	112.504	0.958251
8748	0.00859713	0.205083	73.8312	42.544	-8.54317	-0.0250824	107.807	112.504	0.95825
8749	0.00859806	0.205084	73.8317	42.5437	-8.54326	-0.0250823	107.807	112.504	0.958248
8750	0.00859898	0.205084	73.8321	42.5434	-8.54333	-0.0250823	107.807	112.504	0.958247
8751	0.00859991	0.205085	73.8325	42.5431	-8.5434	-0.0250822	107.807	112.505	0.958246
8752	0.00860083	0.205085	73.833	42.5429	-8.54345	-0.0250822	107.807	112.505	0.958245
8753	0.00860176	0.205085	73.8334	42.5426	-8.54347	-0.0250822	107.807	112.505	0.958244
8754	0.00860268	0.205086	73.8338	42.5424	-8.54346	-0.0250821	107.808	112.505	0.958244
8755	0.0086036	0.205086	73.8342	42.5421	-8.54341	-0.0250821	107.808	112.506	0.958243
8756	0.00860453	0.205087	73.8346	42.5419	-8.54331	-0.0250821	107.808	112.506	0.958244
8757	0.00860545	0.205087	73.835	42.5416	-8.54318	-0.0250821	107.808	112.506	0.958244
8758	0.00860638	0.205087	73.8354	42.5414	-8.54301	-0.0250821	107.809	112.506	0.958245
8759	0.0086073	0.205088	73.8358	42.5411	-8.54281	-0.0250821	107.809	112.507	0.958246
8760	0.00860823	0.205088	73.8362	42.5409	-8.54258	-0.0250821	107.809	112.507	0.958248
8761	0.00860915	0.205089	73.8365	42.5406	-8.54234	-0.0250821	107.81	112.507	0.958249
8762	0.00861008	0.205089	73.8369	42.5404	-8.54209	-0.0250821	107.81	112.507	0.958251
8763	0.008611	0.205089	73.8373	42.5402	-8.54184	-0.0250821	107.811	112.507	0.958253
8764	0.00861193	0.20509	73.8376	42.5399	-8.5416	-0.0250821	107.811	112.508	0.958254
8765	0.00861285	0.20509	73.838	42.5397	-8.54138	-0.0250821	107.811	112.508	0.958256
8766	0.00861377	0.205091	73.8384	42.5395	-8.54118	-0.0250822	107.812	112.508	0.958257
8767	0.0086147	0.205091	73.8387	42.5393	-8.54101	-0.0250822	107.812	112.508	0.958258
8768	0.00861562	0.205091	73.8391	42.539	-8.54087	-0.0250822	107.812	112.508	0.958258
8769	0.00861655	0.205092	73.8394	42.5388	-8.54076	-0.0250822	107.812	112.509	0.958259
8770	0.00861747	0.205092	73.8397	42.5386	-8.54068	-0.0250822	107.813	112.509	0.958259
8771	0.0086184	0.205092	73.8401	42.5384	-8.54062	-0.0250822	107.813	112.509	0.958259
8772	0.00861932	0.205093	73.8404	42.5382	-8.54058	-0.0250822	107.813	112.509	0.958259
8773	0.00862025	0.205093	73.8407	42.538	-8.54055	-0.0250822	107.813	112.509	0.958259
8774	0.00862117	0.205093	73.841	42.5378	-8.54052	-0.0250821	107.813	112.51	0.958259
8775	0.0086221	0.205094	73.8413	42.5376	-8.5405	-0.0250821	107.813	112.51	0.958258
8776	0.00862302	0.205094	73.8417	42.5374	-8.54046	-0.0250821	107.814	112.51	0.958258
8777	0.00862395	0.205094	73.842	42.5372	-8.54043	-0.0250821	107.814	112.51	0.958258
8778	0.00862487	0.205095	73.8423	42.537	-8.54038	-0.025082	107.814	112.51	0.958258
8779	0.00862579	0.205095	73.8426	42.5368	-8.54032	-0.025082	107.814	112.51	0.958258
8780	0.00862672	0.205095	73.8428	42.5367	-8.54026	-0.025082	107.814	112.511	0.958258
8781	0.00862764	0.205095	73.8431	42.5365	-8.5402	-0.0250819	107.814	112.511	0.958258
8782	0.00862857	0.205096	73.8434	42.5363	-8.54013	-0.0250819	107.815	112.511	0.958258
8783	0.00862949	0.205096	73.8437	42.5361	-8.54007	-0.0250819	107.815	112.511	0.958259
8784	0.00863042	0.205096	73.844	42.536	-8.54002	-0.0250819	107.815	112.511	0.958259
8785	0.00863134	0.205097	73.8442	42.5358	-8.53999	-0.0250819	107.815	112.511	0.958259
8786	0.00863227	0.205097	73.8445	42.5356	-8.53997	-0.0250818	107.815	112.511	0.958258
8787	0.00863319	0.205097	73.8447	42.5355	-8.53999	-0.0250818	107.815	112.512	0.958258
8788	0.00863412	0.205097	73.845	42.5353	-8.54003	-0.0250818	107.815	112.512	0.958257
8789	0.00863504	0.205098	73.8452	42.5351	-8.5401	-0.0250818	107.815	112.512	0.958256
8790	0.00863596	0.205098	73.8455	42.535	-8.5402	-0.0250818	107.815	112.512	0.958255
8791	0.00863689	0.205098	73.8457	42.5348	-8.54034	-0.0250817	107.815	112.512	0.958253
8792	0.00863781	0.205098	73.846	42.5347	-8.5405	-0.0250817	107.815	112.512	0.958251
8793	0.00863874	0.205099	73.8462	42.5345	-8.54069	-0.0250817	107.815	112.512	0.958249
8794	0.00863966	0.205099	73.8464	42.5344	-8.54089	-0.0250816	107.815	112.513	0.958247
8795	0.00864059	0.205099	73.8467	42.5343	-8.5411	-0.0250816	107.815	112.513	0.958245
8796	0.00864151	0.205099	73.8469	42.5341	-8.54131	-0.0250815	107.815	112.513	0.958243
8797	0.00864244	0.2051	73.8471	42.534	-8.54151	-0.0250815	107.814	112.513	0.958241
8798	0.00864336	0.2051	73.8473	42.5339	-8.54169	-0.0250814	107.814	112.513	0.958239
8799	0.00864428	0.2051	73.8475	42.5337	-8.54184	-0.0250814	107.814	112.513	0.958237
8800	0.00864521	0.2051	73.8477	42.5336	-8.54196	-0.0250814	107.814	112.513	0.958236
8801	0.00864613	0.2051	73.8479	42.5335	-8.54203	-0.0250813	107.814	112.513	0.958235
8802	0.00864706	0.205101	73.8481	42.5334	-8.54206	-0.0250813	107.814	112.514	0.958234
8803	0.00864798	0.205101	73.8483	42.5332	-8.54204	-0.0250813	107.814	112.514	0.958234
8804	0.00864891	0.205101	73.8485	42.5331	-8.54197	-0.0250812	107.815	112.514	0.958234
8805	0.00864983	0.205101	73.8486	42.533	-8.54186	-0.0250812	107.815	112.514	0.958235
8806	0.00865076	0.205101	73.8488	42.5329	-8.54172	-0.0250812	107.815	112.514	0.958236
8807	0.00865168	0.205102	73.849	42.5328	-8.54155	-0.0250812	107.815	112.514	0.958237
8808	0.00865261	0.205102	73.8492	42.5327	-8.54136	-0.0250813	107.815	112.514	0.958239
8809	0.00865353	0.205102	73.8493	42.5326	-8.54116	-0.0250813	107.816	112.514	0.95824
8810	0.00865445	0.205102	73.8495	42.5325	-8.54097	-0.0250813	107.816	112.514	0.958242
8811	0.00865538	0.205102	73.8496	42.5324	-8.54078	-0.0250813	107.816	112.514	0.958243
8812	0.0086563	0.205102	73.8498	42.5323	-8.54061	-0.0250813	107.816	112.515	0.958244
8813	0.00865723	0.205103	73.8499	42.5322	-8.54047	-0.0250814	107.817	112.515	0.958246
8814	0.00865815	0.205103	73.8501	42.5321	-8.54035	-0.0250814	107.817	112.515	0.958246
8815	0.00865908	0.205103	73.8502	42.532	-8.54027	-0.0250814	107.817	112.515	0.958247
8816	0.00866	0.205103	73.8504	42.5319	-8.54022	-0.0250814	107.817	112.515	0.958247
8817	0.00866093	0.205103	73.8505	42.5318	-8.54021	-0.0250814	107.817	112.515	0.958247
8818	0.00866185	0.205103	73.8506	42.5318	-8.54022	-0.0250814	107.817	112.515	0.958247
8819	0.00866278	0.205103	73.8508	42.5317	-8.54026	-0.0250814	107.817	112.515	0.958246
8820	0.0086637	0.205103	73.8509	42.5316	-8.54032	-0.0250814	107.817	112.515	0.958245
8821	0.00866462	0.205104	73.851	42.5315	-8.54039	-0.0250814	107.817	112.515	0.958245
8822	0.00866555	0.205104	73.8511	42.5315	-8.54046	-0.0250813	107.817	112.515	0.958244
8823	0.00866647	0.205104	73.8513	42.5314	-8.54053	-0.0250813	107.817	112.515	0.958243
8824	0.0086674	0.205104	73.8514	42.5313	-8.5406	-0.0250813	107.817	112.515	0.958242
8825	0.00866832	0.205104	73.8515	42.5312	-8.54065	-0.0250812	107.817	112.515	0.958242
8826	0.00866925	0.205104	73.8516	42.5312	-8.54069	-0.0250812	107.817	112.516	0.958241
8827	0.00867017	0.205104	73.8517	42.5311	-8.54073	-0.0250812	107.817	112.516	0.958241
8828	0.0086711	0.205104	73.8518	42.531	-8.54075	-0.0250812	107.817	112.516	0.95824
8829	0.00867202	0.205105	73.8519	42.531	-8.54077	-0.0250811	107.817	112.516	0.95824
8830	0.00867294	0.205105	73.852	42.5309	-8.54079	-0.0250811	107.817	112.516	0.95824
8831	0.00867387	0.205105	73.8521	42.5309	-8.5408	-0.0250811	107.817	112.516	0.958239
8832	0.00867479	0.205105	73.8522	42.5308	-8.54081	-0.0250811	107.817	112.516	0.958239
8833	0.00867572	0.205105	73.8522	42.5308	-8.54082	-0.0250811	107.817	112.516	0.958239
8834	0.00867664	0.205105	73.8523	42.5307	-8.54083	-0.025081	107.817	112.516	0.958239
8835	0.00867757	0.205105	73.8524	42.5307	-8.54086	-0.025081	107.817	112.516	0.958238
8836	0.00867849	0.205105	73.8525	42.5306	-8.54092	-0.025081	107.817	112.516	0.958238
8837	0.00867942	0.205105	73.8526	42.5306	-8.541	-0.025081	107.817	112.516	0.958237
8838	0.00868034	0.205105	73.8526	42.5305	-8.54112	-0.025081	107.817	112.516	0.958236
8839	0.00868126	0.205105	73.8527	42.5305	-8.54126	-0.025081	107.817	112.516	0.958234
8840	0.00868219	0.205105	73.8528	42.5304	-8.54144	-0.025081	107.817	112.516	0.958233
8841	0.00868311	0.205106	73.8528	42.5304	-8.54165	-0.025081	107.816	112.516	0.958231
8842	0.00868404	0.205106	73.8529	42.5303	-8.54188	-0.025081	107.816	112.516	0.958228
8843	0.00868496	0.205106	73.853	42.5303	-8.54213	-0.0250809	107.816	112.516	0.958226
8844	0.00868589	0.205106	73.853	42.5303	-8.54237	-0.0250809	107.816	112.516	0.958224
8845	0.00868681	0.205106	73.8531	42.5302	-8.54261	-0.0250809	107.816	112.516	0.958222
8846	0.00868774	0.205106	73.8531	42.5302	-8.54284	-0.0250808	107.815	112.516	0.95822
8847	0.00868866	0.205106	73.8532	42.5302	-8.54304	-0.0250808	107.815	112.516	0.958218
8848	0.00868958	0.205106	73.8532	42.5301	-8.5432	-0.0250807	107.815	112.516	0.958216
8849	0.00869051	0.205106	73.8533	42.5301	-8.54332	-0.0250807	107.815	112.516	0.958215
8850	0.00869143	0.205106	73.8533	42.5301	-8.54339	-0.0250807	107.815	112.517	0.958214
8851	0.00869236	0.205106	73.8534	42.5301	-8.54342	-0.0250807	107.815	112.517	0.958214
8852	0.00869328	0.205106	73.8534	42.53	-8.5434	-0.0250807	107.815	112.517	0.958214
8853	0.00869421	0.205106	73.8535	42.53	-8.54334	-0.0250807	107.815	112.517	0.958215
8854	0.00869513	0.205106	73.8535	42.53	-8.54324	-0.0250807	107.815	112.517	0.958215
8855	0.00869606	0.205106	73.8535	42.53	-8.54311	-0.0250807	107.815	112.517	0.958217
8856	0.00869698	0.205106	73.8536	42.5299	-8.54297	-0.0250807	107.815	112.517	0.958218
8857	0.0086979	0.205106	73.8536	42.5299	-8.54282	-0.0250807	107.816	112.517	0.958219
8858	0.00869883	0.205106	73.8536	42.5299	-8.54267	-0.0250808	107.816	112.517	0.95822
8859	0.00869975	0.205106	73.8536	42.5299	-8.54254	-0.0250808	107.816	112.517	0.958221
8860	0.00870068	0.205106	73.8537	42.5299	-8.54243	-0.0250808	107.816	112.517	0.958222
8861	0.0087016	0.205106	73.8537	42.5299	-8.54236	-0.0250808	107.816	112.517	0.958223
8862	0.00870253	0.205106	73.8537	42.5299	-8.54231	-0.0250808	107.816	112.517	0.958223
8863	0.00870345	0.205106	73.8537	42.5298	-8.54231	-0.0250808	107.816	112.517	0.958223
8864	0.00870438	0.205106	73.8537	42.5298	-8.54235	-0.0250808	107.816	112.517	0.958223
8865	0.0087053	0.205106	73.8538	42.5298	-8.54243	-0.0250808	107.816	112.517	0.958222
8866	0.00870622	0.205107	73.8538	42.5298	-8.54253	-0.0250808	107.816	112.517	0.958221
8867	0.00870715	0.205107	73.8538	42.5298	-8.54267	-0.0250808	107.816	112.517	0.95822
8868	0.00870807	0.205107	73.8538	42.5298	-8.54282	-0.0250808	107.816	112.517	0.958219
8869	0.008709	0.205107	73.8538	42.5298	-8.54299	-0.0250807	107.816	112.517	0.958217
8870	0.00870992	0.205107	73.8538	42.5298	-8.54315	-0.0250807	107.815	112.517	0.958216
8871	0.00871085	0.205107	73.8538	42.5298	-8.5433	-0.0250806	107.815	112.517	0.958214
8872	0.00871177	0.205107	73.8538	42.5298	-8.54344	-0.0250806	107.815	112.517	0.958213
8873	0.0087127	0.205107	73.8538	42.5298	-8.54355	-0.0250806	107.815	112.517	0.958212
8874	0.00871362	0.205107	73.8538	42.5298	-8.54365	-0.0250805	107.815	112.517	0.958211
8875	0.00871454	0.205107	73.8538	42.5298	-8.54371	-0.0250805	107.815	112.517	0.958211
8876	0.00871547	0.205107	73.8538	42.5298	-8.54376	-0.0250804	107.815	112.517	0.95821
8877	0.00871639	0.205107	73.8538	42.5298	-8.54378	-0.0250804	107.815	112.517	0.95821
8878	0.00871732	0.205107	73.8538	42.5298	-8.5438	-0.0250804	107.815	112.517	0.95821
8879	0.00871824	0.205107	73.8538	42.5298	-8.5438	-0.0250804	107.815	112.517	0.95821
8880	0.00871917	0.205107	73.8538	42.5298	-8.5438	-0.0250804	107.815	112.517	0.95821
8881	0.00872009	0.205107	73.8538	42.5298	-8.54381	-0.0250804	107.815	112.517	0.95821
8882	0.00872101	0.205107	73.8538	42.5298	-8.54384	-0.0250804	107.815	112.517	0.95821
8883	0.00872194	0.205107	73.8538	42.5298	-8.54388	-0.0250804	107.815	112.517	0.958209
8884	0.00872286	0.205107	73.8538	42.5298	-8.54395	-0.0250804	107.815	112.517	0.958209
8885	0.00872379	0.205107	73.8538	42.5298	-8.54406	-0.0250804	107.814	112.517	0.958208
8886	0.00872471	0.205107	73.8538	42.5298	-8.5442	-0.0250803	107.814	112.517	0.958206
8887	0.00872564	0.205107	73.8538	42.5298	-8.54438	-0.0250803	107.814	112.517	0.958205
8888	0.00872656	0.205106	73.8537	42.5298	-8.54459	-0.0250803	107.814	112.517	0.958203
8889	0.00872749	0.205106	73.8537	42.5298	-8.54483	-0.0250803	107.814	112.517	0.958201
8890	0.00872841	0.205106	73.8537	42.5299	-8.54509	-0.0250803	107.813	112.517	0.958199
8891	0.00872933	0.205106	73.8537	42.5299	-8.54536	-0.0250802	107.813	112.517	0.958196
8892	0.00873026	0.205106	73.8537	42.5299	-8.54563	-0.0250802	107.813	112.517	0.958194
8893	0.00873118	0.205106	73.8537	42.5299	-8.5459	-0.0250801	107.813	112.517	0.958192
8894	0.00873211	0.205106	73.8536	42.5299	-8.54614	-0.0250801	107.812	112.517	0.958189
8895	0.00873303	0.205106	73.8536	42.5299	-8.54636	-0.02508	107.812	112.517	0.958187
8896	0.00873396	0.205106	73.8536	42.5299	-8.54654	-0.02508	107.812	112.517	0.958186
8897	0.00873488	0.205106	73.8536	42.53	-8.54667	-0.02508	107.812	112.517	0.958185
8898	0.0087358	0.205106	73.8535	42.53	-8.54675	-0.0250799	107.812	112.517	0.958184
8899	0.00873673	0.205106	73.8535	42.53	-8.54679	-0.0250799	107.812	112.517	0.958184
8900	0.00873765	0.205106	73.8535	42.53	-8.54677	-0.0250799	107.812	112.517	0.958184
8901	0.00873858	0.205106	73.8534	42.53	-8.54671	-0.0250799	107.812	112.517	0.958185
8902	0.0087395	0.205106	73.8534	42.5301	-8.54661	-0.0250799	107.812	112.517	0.958186
8903	0.00874043	0.205106	73.8534	42.5301	-8.54649	-0.0250799	107.812	112.517	0.958187
8904	0.00874135	0.205106	73.8533	42.5301	-8.54634	-0.0250799	107.812	112.517	0.958188
8905	0.00874227	0.205106	73.8533	42.5301	-8.54619	-0.0250799	107.812	112.517	0.958189
8906	0.0087432	0.205106	73.8533	42.5301	-8.54604	-0.0250799	107.812	112.517	0.958191
8907	0.00874412	0.205106	73.8532	42.5302	-8.5459	-0.02508	107.812	112.516	0.958192
8908	0.00874505	0.205106	73.8532	42.5302	-8.54578	-0.02508	107.813	112.516	0.958193
8909	0.00874597	0.205106	73.8531	42.5302	-8.54569	-0.02508	107.813	112.516	0.958194
8910	0.0087469	0.205106	73.8531	42.5303	-8.54563	-0.02508	107.813	112.516	0.958195
8911	0.00874782	0.205106	73.853	42.5303	-8.5456	-0.02508	107.813	112.516	0.958195
8912	0.00874874	0.205106	73.853	42.5303	-8.54561	-0.02508	107.813	112.516	0.958195
8913	0.00874967	0.205106	73.8529	42.5304	-8.54564	-0.02508	107.813	112.516	0.958195
8914	0.00875059	0.205106	73.8529	42.5304	-8.5457	-0.02508	107.812	112.516	0.958194
8915	0.00875152	0.205106	73.8528	42.5304	-8.54578	-0.02508	107.812	112.516	0.958194
8916	0.00875244	0.205106	73.8528	42.5305	-8.54587	-0.02508	107.812	112.516	0.958193
8917	0.00875337	0.205105	73.8527	42.5305	-8.54596	-0.0250799	107.812	112.516	0.958192
8918	0.00875429	0.205105	73.8527	42.5305	-8.54605	-0.0250799	107.812	112.516	0.958192
8919	0.00875522	0.205105	73.8526	42.5306	-8.54612	-0.0250799	107.812	112.516	0.958191
8920	0.00875614	0.205105	73.8526	42.5306	-8.54618	-0.0250798	107.812	112.516	0.958191
8921	0.00875706	0.205105	73.8525	42.5306	-8.54622	-0.0250798	107.812	112.516	0.95819
8922	0.00875799	0.205105	73.8524	42.5307	-8.54624	-0.0250798	107.812	112.516	0.95819
8923	0.00875891	0.205105	73.8524	42.5307	-8.54623	-0.0250797	107.812	112.516	0.95819
8924	0.00875984	0.205105	73.8523	42.5308	-8.54621	-0.0250797	107.812	112.516	0.958191
8925	0.00876076	0.205105	73.8522	42.5308	-8.54618	-0.0250797	107.812	112.516	0.958191
8926	0.00876169	0.205105	73.8522	42.5309	-8.54614	-0.0250797	107.812	112.516	0.958192
8927	0.00876261	0.205105	73.8521	42.5309	-8.5461	-0.0250797	107.812	112.516	0.958192
8928	0.00876353	0.205105	73.852	42.5309	-8.54606	-0.0250797	107.812	112.516	0.958193
8929	0.00876446	0.205105	73.8519	42.531	-8.54604	-0.0250797	107.812	112.516	0.958193
8930	0.00876538	0.205105	73.8519	42.531	-8.54603	-0.0250797	107.812	112.516	0.958193
8931	0.00876631	0.205105	73.8518	42.5311	-8.54605	-0.0250796	107.812	112.516	0.958193
8932	0.00876723	0.205104	73.8517	42.5311	-8.5461	-0.0250796	107.812	112.516	0.958193
8933	0.00876815	0.205104	73.8516	42.5312	-8.54618	-0.0250796	107.812	112.516	0.958192
8934	0.00876908	0.205104	73.8515	42.5313	-8.5463	-0.0250796	107.811	112.516	0.958191
8935	0.00877	0.205104	73.8514	42.5313	-8.54645	-0.0250796	107.811	112.516	0.95819
8936	0.00877093	0.205104	73.8514	42.5314	-8.54663	-0.0250796	107.811	112.515	0.958188
8937	0.00877185	0.205104	73.8513	42.5314	-8.54684	-0.0250795	107.811	112.515	0.958187
8938	0.00877278	0.205104	73.8512	42.5315	-8.54705	-0.0250795	107.811	112.515	0.958185
8939	0.0087737	0.205104	73.8511	42.5315	-8.54727	-0.0250795	107.81	112.515	0.958183
8940	0.00877462	0.205104	73.851	42.5316	-8.54749	-0.0250794	107.81	112.515	0.958181
8941	0.00877555	0.205104	73.8509	42.5317	-8.54769	-0.0250794	107.81	112.515	0.95818
8942	0.00877647	0.205104	73.8508	42.5317	-8.54786	-0.0250793	107.81	112.515	0.958178
8943	0.0087774	0.205103	73.8507	42.5318	-8.548	-0.0250793	107.809	112.515	0.958177
8944	0.00877832	0.205103	73.8506	42.5319	-8.54809	-0.0250792	107.809	112.515	0.958177
8945	0.00877925	0.205103	73.8505	42.5319	-8.54814	-0.0250792	107.809	112.515	0.958176
8946	0.00878017	0.205103	73.8503	42.532	-8.54813	-0.0250791	107.809	112.515	0.958177
8947	0.00878109	0.205103	73.8502	42.5321	-8.54808	-0.0250791	107.809	112.515	0.958177
8948	0.00878202	0.205103	73.8501	42.5322	-8.54798	-0.0250791	107.809	112.515	0.958178
8949	0.00878294	0.205103	73.85	42.5322	-8.54784	-0.0250791	107.809	112.515	0.95818
8950	0.00878387	0.205103	73.8499	42.5323	-8.54766	-0.0250791	107.809	112.515	0.958181
8951	0.00878479	0.205102	73.8498	42.5324	-8.54746	-0.0250791	107.81	112.515	0.958183
8952	0.00878572	0.205102	73.8496	42.5325	-8.54725	-0.0250791	107.81	112.515	0.958185
8953	0.00878664	0.205102	73.8495	42.5325	-8.54704	-0.0250791	107.81	112.514	0.958188
8954	0.00878756	0.205102	73.8494	42.5326	-8.54683	-0.0250792	107.81	112.514	0.95819
8955	0.00878849	0.205102	73.8492	42.5327	-8.54664	-0.0250792	107.81	112.514	0.958191
8956	0.00878941	0.205102	73.8491	42.5328	-8.54648	-0.0250792	107.81	112.514	0.958193
8957	0.00879034	0.205102	73.849	42.5329	-8.54634	-0.0250792	107.81	112.514	0.958195
8958	0.00879126	0.205102	73.8488	42.533	-8.54624	-0.0250792	107.81	112.514	0.958196
8959	0.00879218	0.205101	73.8487	42.5331	-8.54617	-0.0250792	107.811	112.514	0.958196
8960	0.00879311	0.205101	73.8486	42.5332	-8.54614	-0.0250792	107.81	112.514	0.958197
8961	0.00879403	0.205101	73.8484	42.5332	-8.54614	-0.0250792	107.81	112.514	0.958197
8962	0.00879496	0.205101	73.8483	42.5333	-8.54616	-0.0250791	107.81	112.514	0.958197
8963	0.00879588	0.205101	73.8481	42.5334	-8.54619	-0.0250791	107.81	112.514	0.958197
8964	0.00879681	0.205101	73.848	42.5335	-8.54623	-0.0250791	107.81	112.514	0.958197
8965	0.00879773	0.205101	73.8478	42.5336	-8.54627	-0.025079	107.81	112.513	0.958197
8966	0.00879865	0.2051	73.8476	42.5337	-8.54629	-0.025079	107.81	112.513	0.958197
8967	0.00879958	0.2051	73.8475	42.5338	-8.54629	-0.0250789	107.81	112.513	0.958197
8968	0.0088005	0.2051	73.8473	42.5339	-8.54627	-0.0250789	107.81	112.513	0.958198
8969	0.00880143	0.2051	73.8472	42.534	-8.54623	-0.0250788	107.81	112.513	0.958198
8970	0.00880235	0.2051	73.847	42.5341	-8.54616	-0.0250788	107.81	112.513	0.958199
8971	0.00880328	0.2051	73.8468	42.5342	-8.54606	-0.0250788	107.81	112.513	0.9582
8972	0.0088042	0.205099	73.8467	42.5344	-8.54594	-0.0250788	107.81	112.513	0.958202
8973	0.00880512	0.205099	73.8465	42.5345	-8.5458	-0.0250787	107.81	112.513	0.958203
8974	0.00880605	0.205099	73.8463	42.5346	-8.54566	-0.0250787	107.81	112.513	0.958205
8975	0.00880697	0.205099	73.8461	42.5347	-8.54551	-0.0250787	107.81	112.513	0.958206
8976	0.0088079	0.205099	73.8459	42.5348	-8.54536	-0.0250787	107.81	112.512	0.958208
8977	0.00880882	0.205098	73.8458	42.5349	-8.54522	-0.0250787	107.81	112.512	0.958209
8978	0.00880974	0.205098	73.8456	42.535	-8.5451	-0.0250787	107.81	112.512	0.958211
8979	0.00881067	0.205098	73.8454	42.5352	-8.54501	-0.0250787	107.81	112.512	0.958212
8980	0.00881159	0.205098	73.8452	42.5353	-8.54494	-0.0250787	107.81	112.512	0.958213
8981	0.00881252	0.205098	73.845	42.5354	-8.5449	-0.0250787	107.81	112.512	0.958213
8982	0.00881344	0.205098	73.8448	42.5355	-8.5449	-0.0250787	107.81	112.512	0.958214
8983	0.00881436	0.205097	73.8446	42.5356	-8.54492	-0.0250787	107.81	112.512	0.958214
8984	0.00881529	0.205097	73.8444	42.5358	-8.54497	-0.0250787	107.81	112.512	0.958213
8985	0.00881621	0.205097	73.8442	42.5359	-8.54505	-0.0250786	107.81	112.512	0.958213
8986	0.00881714	0.205097	73.8441	42.536	-8.54513	-0.0250786	107.81	112.511	0.958213
8987	0.00881806	0.205097	73.8438	42.5361	-8.54522	-0.0250786	107.81	112.511	0.958212
8988	0.00881899	0.205096	73.8436	42.5363	-8.5453	-0.0250785	107.81	112.511	0.958212
8989	0.00881991	0.205096	73.8434	42.5364	-8.54536	-0.0250785	107.809	112.511	0.958212
8990	0.00882083	0.205096	73.8432	42.5365	-8.54539	-0.0250784	107.809	112.511	0.958212
8991	0.00882176	0.205096	73.843	42.5367	-8.54539	-0.0250784	107.809	112.511	0.958212
8992	0.00882268	0.205095	73.8428	42.5368	-8.54535	-0.0250784	107.809	112.511	0.958213
8993	0.00882361	0.205095	73.8426	42.5369	-8.54526	-0.0250783	107.809	112.511	0.958214
8994	0.00882453	0.205095	73.8424	42.5371	-8.54513	-0.0250783	107.809	112.51	0.958215
8995	0.00882545	0.205095	73.8422	42.5372	-8.54495	-0.0250783	107.809	112.51	0.958217
8996	0.00882638	0.205095	73.842	42.5373	-8.54474	-0.0250783	107.809	112.51	0.958219
8997	0.0088273	0.205094	73.8417	42.5375	-8.54448	-0.0250783	107.81	112.51	0.958222
8998	0.00882823	0.205094	73.8415	42.5376	-8.54421	-0.0250783	107.81	112.51	0.958225
8999	0.00882915	0.205094	73.8413	42.5378	-8.54391	-0.0250783	107.81	112.51	0.958228
9000	0.00883007	0.205094	73.8411	42.5379	-8.54361	-0.0250783	107.81	112.51	0.958231
9001	0.008831	0.205093	73.8409	42.538	-8.54331	-0.0250783	107.811	112.51	0.958234
9002	0.00883192	0.205093	73.8406	42.5382	-8.54303	-0.0250783	107.811	112.51	0.958236
9003	0.00883285	0.205093	73.8404	42.5383	-8.54277	-0.0250783	107.811	112.509	0.958239
9004	0.00883377	0.205093	73.8402	42.5385	-8.54253	-0.0250783	107.811	112.509	0.958242
9005	0.0088347	0.205093	73.8399	42.5386	-8.54233	-0.0250783	107.811	112.509	0.958244
9006	0.00883562	0.205092	73.8397	42.5388	-8.54215	-0.0250783	107.811	112.509	0.958246
9007	0.00883654	0.205092	73.8395	42.5389	-8.54201	-0.0250783	107.811	112.509	0.958247
9008	0.00883747	0.205092	73.8392	42.5391	-8.54191	-0.0250783	107.811	112.509	0.958248
9009	0.00883839	0.205092	73.839	42.5392	-8.54183	-0.0250783	107.811	112.509	0.95825
9010	0.00883932	0.205091	73.8388	42.5394	-8.54177	-0.0250782	107.811	112.508	0.95825
9011	0.00884024	0.205091	73.8385	42.5395	-8.54172	-0.0250782	107.811	112.508	0.958251
9012	0.00884116	0.205091	73.8383	42.5397	-8.54168	-0.0250782	107.811	112.508	0.958252
9013	0.00884209	0.205091	73.8381	42.5398	-8.54163	-0.0250781	107.811	112.508	0.958253
9014	0.00884301	0.20509	73.8378	42.54	-8.54156	-0.025078	107.811	112.508	0.958254
9015	0.00884394	0.20509	73.8376	42.5401	-8.54148	-0.025078	107.811	112.508	0.958255
9016	0.00884486	0.20509	73.8373	42.5403	-8.54137	-0.0250779	107.811	112.508	0.958256
9017	0.00884578	0.20509	73.8371	42.5404	-8.54123	-0.0250779	107.811	112.508	0.958258
9018	0.00884671	0.205089	73.8368	42.5406	-8.54107	-0.0250778	107.811	112.507	0.95826
9019	0.00884763	0.205089	73.8366	42.5407	-8.54087	-0.0250778	107.811	112.507	0.958262
9020	0.00884856	0.205089	73.8363	42.5409	-8.54066	-0.0250778	107.811	112.507	0.958264
9021	0.00884948	0.205089	73.8361	42.5411	-8.54043	-0.0250778	107.812	112.507	0.958266
9022	0.0088504	0.205088	73.8358	42.5412	-8.54019	-0.0250777	107.812	112.507	0.958269
9023	0.00885133	0.205088	73.8356	42.5414	-8.53995	-0.0250777	107.812	112.507	0.958271
9024	0.00885225	0.205088	73.8353	42.5415	-8.53971	-0.0250777	107.812	112.507	0.958274
9025	0.00885318	0.205088	73.8351	42.5417	-8.53949	-0.0250777	107.812	112.506	0.958276
9026	0.0088541	0.205087	73.8348	42.5419	-8.53928	-0.0250777	107.812	112.506	0.958278
9027	0.00885502	0.205087	73.8346	42.542	-8.5391	-0.0250777	107.812	112.506	0.95828
9028	0.00885595	0.205087	73.8343	42.5422	-8.53895	-0.0250777	107.812	112.506	0.958282
9029	0.00885687	0.205087	73.8341	42.5423	-8.53883	-0.0250776	107.812	112.506	0.958284
9030	0.0088578	0.205086	73.8338	42.5425	-8.53874	-0.0250776	107.812	112.506	0.958285
9031	0.00885872	0.205086	73.8335	42.5427	-8.53868	-0.0250776	107.812	112.506	0.958286
9032	0.00885964	0.205086	73.8333	42.5428	-8.53865	-0.0250776	107.812	112.505	0.958286
9033	0.00886057	0.205085	73.833	42.543	-8.53863	-0.0250775	107.812	112.505	0.958287
9034	0.00886149	0.205085	73.8328	42.5432	-8.53863	-0.0250775	107.812	112.505	0.958287
9035	0.00886242	0.205085	73.8325	42.5433	-8.53862	-0.0250775	107.812	112.505	0.958288
9036	0.00886334	0.205085	73.8322	42.5435	-8.53861	-0.0250774	107.812	112.505	0.958288
9037	0.00886426	0.205084	73.832	42.5437	-8.53857	-0.0250774	107.812	112.505	0.958289
9038	0.00886519	0.205084	73.8317	42.5438	-8.5385	-0.0250773	107.812	112.505	0.95829
9039	0.00886611	0.205084	73.8315	42.544	-8.53839	-0.0250773	107.812	112.504	0.958291
9040	0.00886704	0.205084	73.8312	42.5442	-8.53824	-0.0250772	107.812	112.504	0.958293
9041	0.00886796	0.205083	73.8309	42.5443	-8.53803	-0.0250772	107.812	112.504	0.958295
9042	0.00886888	0.205083	73.8307	42.5445	-8.53778	-0.0250772	107.812	112.504	0.958298
9043	0.00886981	0.205083	73.8304	42.5447	-8.53749	-0.0250772	107.812	112.504	0.958301
9044	0.00887073	0.205083	73.8301	42.5448	-8.53715	-0.0250771	107.813	112.504	0.958304
9045	0.00887166	0.205082	73.8299	42.545	-8.53678	-0.0250771	107.813	112.503	0.958308
9046	0.00887258	0.205082	73.8296	42.5452	-8.53639	-0.0250771	107.813	112.503	0.958312
9047	0.0088735	0.205082	73.8293	42.5453	-8.53598	-0.0250772	107.814	112.503	0.958316
9048	0.00887443	0.205081	73.8291	42.5455	-8.53556	-0.0250772	107.814	112.503	0.95832
9049	0.00887535	0.205081	73.8288	42.5457	-8.53515	-0.0250772	107.814	112.503	0.958324
9050	0.00887628	0.205081	73.8285	42.5458	-8.53474	-0.0250772	107.815	112.503	0.958328
9051	0.0088772	0.205081	73.8282	42.546	-8.53436	-0.0250772	107.815	112.503	0.958332
9052	0.00887812	0.20508	73.828	42.5462	-8.534	-0.0250772	107.815	112.502	0.958336
9053	0.00887905	0.20508	73.8277	42.5464	-8.53367	-0.0250772	107.815	112.502	0.958339
9054	0.00887997	0.20508	73.8274	42.5465	-8.53337	-0.0250772	107.816	112.502	0.958342
9055	0.0088809	0.20508	73.8272	42.5467	-8.53311	-0.0250772	107.816	112.502	0.958345
9056	0.00888182	0.205079	73.8269	42.5469	-8.53287	-0.0250772	107.816	112.502	0.958347
9057	0.00888274	0.205079	73.8266	42.547	-8.53265	-0.0250772	107.816	112.502	0.95835
9058	0.00888367	0.205079	73.8264	42.5472	-8.53246	-0.0250772	107.816	112.502	0.958352
9059	0.00888459	0.205078	73.8261	42.5474	-8.53227	-0.0250771	107.816	112.501	0.958354
9060	0.00888552	0.205078	73.8258	42.5476	-8.53208	-0.0250771	107.816	112.501	0.958356
9061	0.00888644	0.205078	73.8255	42.5477	-8.53188	-0.025077	107.816	112.501	0.958358
9062	0.00888736	0.205078	73.8253	42.5479	-8.53167	-0.025077	107.816	112.501	0.95836
9063	0.00888829	0.205077	73.825	42.5481	-8.53144	-0.0250769	107.817	112.501	0.958363
9064	0.00888921	0.205077	73.8247	42.5482	-8.53119	-0.0250769	107.817	112.501	0.958366
9065	0.00889014	0.205077	73.8245	42.5484	-8.53092	-0.0250769	107.817	112.5	0.958368
9066	0.00889106	0.205076	73.8242	42.5486	-8.53062	-0.0250768	107.817	112.5	0.958371
9067	0.00889198	0.205076	73.8239	42.5488	-8.53031	-0.0250768	107.817	112.5	0.958375
9068	0.00889291	0.205076	73.8236	42.5489	-8.52998	-0.0250768	107.818	112.5	0.958378
9069	0.00889383	0.205076	73.8234	42.5491	-8.52965	-0.0250768	107.818	112.5	0.958381
9070	0.00889476	0.205075	73.8231	42.5493	-8.52931	-0.0250767	107.818	112.5	0.958385
9071	0.00889568	0.205075	73.8228	42.5495	-8.52898	-0.0250767	107.818	112.5	0.958388
9072	0.0088966	0.205075	73.8225	42.5496	-8.52866	-0.0250767	107.818	112.499	0.958391
9073	0.00889753	0.205075	73.8223	42.5498	-8.52835	-0.0250767	107.819	112.499	0.958394
9074	0.00889845	0.205074	73.822	42.55	-8.52807	-0.0250767	107.819	112.499	0.958397
9075	0.00889938	0.205074	73.8217	42.5502	-8.52781	-0.0250767	107.819	112.499	0.9584
9076	0.0089003	0.205074	73.8214	42.5503	-8.52758	-0.0250767	107.819	112.499	0.958403
9077	0.00890122	0.205073	73.8212	42.5505	-8.52739	-0.0250767	107.819	112.499	0.958405
9078	0.00890215	0.205073	73.8209	42.5507	-8.52723	-0.0250766	107.819	112.498	0.958407
9079	0.00890307	0.205073	73.8206	42.5508	-8.52709	-0.0250766	107.819	112.498	0.958408
9080	0.008904	0.205073	73.8203	42.551	-8.52698	-0.0250766	107.819	112.498	0.95841
9081	0.00890492	0.205072	73.8201	42.5512	-8.52688	-0.0250765	107.819	112.498	0.958411
9082	0.00890584	0.205072	73.8198	42.5514	-8.52678	-0.0250765	107.819	112.498	0.958412
9083	0.00890677	0.205072	73.8195	42.5515	-8.52668	-0.0250764	107.819	112.498	0.958413
9084	0.00890769	0.205071	73.8192	42.5517	-8.52656	-0.0250764	107.819	112.498	0.958415
9085	0.00890862	0.205071	73.819	42.5519	-8.52641	-0.0250763	107.819	112.497	0.958417
9086	0.00890954	0.205071	73.8187	42.5521	-8.52623	-0.0250763	107.819	112.497	0.958419
9087	0.00891046	0.205071	73.8184	42.5522	-8.52602	-0.0250763	107.82	112.497	0.958421
9088	0.00891139	0.20507	73.8181	42.5524	-8.52575	-0.0250762	107.82	112.497	0.958424
9089	0.00891231	0.20507	73.8179	42.5526	-8.52545	-0.0250762	107.82	112.497	0.958427
9090	0.00891324	0.20507	73.8176	42.5528	-8.52509	-0.0250762	107.82	112.497	0.95843
9091	0.00891416	0.205069	73.8173	42.5529	-8.5247	-0.0250761	107.82	112.496	0.958434
9092	0.00891508	0.205069	73.817	42.5531	-8.52427	-0.0250761	107.821	112.496	0.958439
9093	0.00891601	0.205069	73.8168	42.5533	-8.52382	-0.0250761	107.821	112.496	0.958443
9094	0.00891693	0.205069	73.8165	42.5535	-8.52334	-0.0250761	107.822	112.496	0.958448
9095	0.00891785	0.205068	73.8162	42.5536	-8.52286	-0.0250761	107.822	112.496	0.958452
9096	0.00891878	0.205068	73.8159	42.5538	-8.52238	-0.0250762	107.822	112.496	0.958457
9097	0.0089197	0.205068	73.8156	42.554	-8.52191	-0.0250762	107.823	112.496	0.958462
9098	0.00892063	0.205067	73.8154	42.5542	-8.52146	-0.0250762	107.823	112.495	0.958466
9099	0.00892155	0.205067	73.8151	42.5543	-8.52103	-0.0250762	107.823	112.495	0.95847
9100	0.00892247	0.205067	73.8148	42.5545	-8.52063	-0.0250762	107.824	112.495	0.958474
9101	0.0089234	0.205067	73.8145	42.5547	-8.52026	-0.0250762	107.824	112.495	0.958478
9102	0.00892432	0.205066	73.8143	42.5549	-8.51993	-0.0250762	107.824	112.495	0.958481
9103	0.00892525	0.205066	73.814	42.555	-8.51962	-0.0250762	107.824	112.495	0.958485
9104	0.00892617	0.205066	73.8137	42.5552	-8.51935	-0.0250762	107.824	112.494	0.958487
9105	0.00892709	0.205065	73.8134	42.5554	-8.51909	-0.0250761	107.825	112.494	0.95849
9106	0.00892802	0.205065	73.8131	42.5556	-8.51884	-0.0250761	107.825	112.494	0.958493
9107	0.00892894	0.205065	73.8129	42.5557	-8.5186	-0.025076	107.825	112.494	0.958495
9108	0.00892987	0.205065	73.8126	42.5559	-8.51835	-0.025076	107.825	112.494	0.958498
9109	0.00893079	0.205064	73.8123	42.5561	-8.51809	-0.025076	107.825	112.494	0.958501
9110	0.00893171	0.205064	73.812	42.5563	-8.5178	-0.0250759	107.825	112.493	0.958504
9111	0.00893264	0.205064	73.8117	42.5565	-8.5175	-0.0250759	107.826	112.493	0.958507
9112	0.00893356	0.205063	73.8115	42.5566	-8.51716	-0.0250758	107.826	112.493	0.95851
9113	0.00893449	0.205063	73.8112	42.5568	-8.5168	-0.0250758	107.826	112.493	0.958514
9114	0.00893541	0.205063	73.8109	42.557	-8.51642	-0.0250758	107.826	112.493	0.958518
9115	0.00893633	0.205063	73.8106	42.5572	-8.51602	-0.0250757	107.827	112.493	0.958522
9116	0.00893726	0.205062	73.8103	42.5573	-8.5156	-0.0250757	107.827	112.493	0.958526
9117	0.00893818	0.205062	73.8101	42.5575	-8.51518	-0.0250757	107.827	112.492	0.95853
9118	0.00893911	0.205062	73.8098	42.5577	-8.51475	-0.0250757	107.828	112.492	0.958534
9119	0.00894003	0.205061	73.8095	42.5579	-8.51433	-0.0250757	107.828	112.492	0.958538
9120	0.00894095	0.205061	73.8092	42.5581	-8.51392	-0.0250757	107.828	112.492	0.958542
9121	0.00894188	0.205061	73.8089	42.5582	-8.51354	-0.0250757	107.829	112.492	0.958546
9122	0.0089428	0.205061	73.8086	42.5584	-8.51318	-0.0250757	107.829	112.492	0.95855
9123	0.00894372	0.20506	73.8084	42.5586	-8.51285	-0.0250757	107.829	112.491	0.958553
9124	0.00894465	0.20506	73.8081	42.5588	-8.51255	-0.0250757	107.829	112.491	0.958556
9125	0.00894557	0.20506	73.8078	42.559	-8.5123	-0.0250757	107.829	112.491	0.958559
9126	0.0089465	0.205059	73.8075	42.5591	-8.51207	-0.0250757	107.829	112.491	0.958561
9127	0.00894742	0.205059	73.8072	42.5593	-8.51188	-0.0250757	107.83	112.491	0.958564
9128	0.00894834	0.205059	73.8069	42.5595	-8.51172	-0.0250757	107.83	112.491	0.958565
9129	0.00894927	0.205059	73.8066	42.5597	-8.51156	-0.0250756	107.83	112.49	0.958567
9130	0.00895019	0.205058	73.8064	42.5599	-8.51142	-0.0250756	107.83	112.49	0.958569
9131	0.00895112	0.205058	73.8061	42.56	-8.51127	-0.0250756	107.83	112.49	0.958571
9132	0.00895204	0.205058	73.8058	42.5602	-8.51111	-0.0250755	107.83	112.49	0.958573
9133	0.00895296	0.205057	73.8055	42.5604	-8.51092	-0.0250755	107.83	112.49	0.958575
9134	0.00895389	0.205057	73.8052	42.5606	-8.5107	-0.0250754	107.83	112.49	0.958577
9135	0.00895481	0.205057	73.8049	42.5608	-8.51045	-0.0250754	107.83	112.49	0.95858
9136	0.00895574	0.205057	73.8046	42.561	-8.51015	-0.0250754	107.83	112.489	0.958583
9137	0.00895666	0.205056	73.8043	42.5611	-8.50981	-0.0250753	107.831	112.489	0.958586
9138	0.00895758	0.205056	73.804	42.5613	-8.50943	-0.0250753	107.831	112.489	0.95859
9139	0.00895851	0.205056	73.8038	42.5615	-8.50902	-0.0250753	107.831	112.489	0.958594
9140	0.00895943	0.205055	73.8035	42.5617	-8.50857	-0.0250753	107.832	112.489	0.958599
9141	0.00896035	0.205055	73.8032	42.5619	-8.50811	-0.0250753	107.832	112.489	0.958603
9142	0.00896128	0.205055	73.8029	42.5621	-8.50763	-0.0250753	107.832	112.488	0.958608
9143	0.0089622	0.205054	73.8026	42.5622	-8.50715	-0.0250753	107.833	112.488	0.958613
9144	0.00896313	0.205054	73.8023	42.5624	-8.50667	-0.0250754	107.833	112.488	0.958617
9145	0.00896405	0.205054	73.802	42.5626	-8.50621	-0.0250754	107.833	112.488	0.958622
9146	0.00896497	0.205054	73.8017	42.5628	-8.50578	-0.0250754	107.834	112.488	0.958626
9147	0.0089659	0.205053	73.8014	42.563	-8.50537	-0.0250754	107.834	112.488	0.95863
9148	0.00896682	0.205053	73.8011	42.5632	-8.50499	-0.0250754	107.834	112.487	0.958634
9149	0.00896775	0.205053	73.8008	42.5634	-8.50465	-0.0250754	107.834	112.487	0.958638
9150	0.00896867	0.205052	73.8005	42.5636	-8.50434	-0.0250754	107.835	112.487	0.958641
9151	0.00896959	0.205052	73.8002	42.5638	-8.50406	-0.0250753	107.835	112.487	0.958644
9152	0.00897052	0.205052	73.7999	42.5639	-8.50381	-0.0250753	107.835	112.487	0.958646
9153	0.00897144	0.205051	73.7996	42.5641	-8.50359	-0.0250753	107.835	112.487	0.958649
9154	0.00897237	0.205051	73.7993	42.5643	-8.50337	-0.0250752	107.835	112.486	0.958651
9155	0.00897329	0.205051	73.799	42.5645	-8.50316	-0.0250752	107.835	112.486	0.958653
9156	0.00897421	0.20505	73.7987	42.5647	-8.50294	-0.0250751	107.835	112.486	0.958656
9157	0.00897514	0.20505	73.7984	42.5649	-8.50271	-0.0250751	107.836	112.486	0.958658
9158	0.00897606	0.20505	73.7981	42.5651	-8.50247	-0.025075	107.836	112.486	0.958661
9159	0.00897698	0.20505	73.7978	42.5653	-8.5022	-0.025075	107.836	112.486	0.958664
9160	0.00897791	0.205049	73.7975	42.5655	-8.5019	-0.025075	107.836	112.485	0.958667
9161	0.00897883	0.205049	73.7972	42.5657	-8.50158	-0.0250749	107.836	112.485	0.95867
9162	0.00897976	0.205049	73.7969	42.5659	-8.50125	-0.0250749	107.836	112.485	0.958674
9163	0.00898068	0.205048	73.7965	42.5661	-8.50089	-0.0250749	107.837	112.485	0.958677
9164	0.0089816	0.205048	73.7962	42.5663	-8.50052	-0.0250748	107.837	112.485	0.958681
9165	0.00898253	0.205048	73.7959	42.5665	-8.50015	-0.0250748	107.837	112.484	0.958685
9166	0.00898345	0.205047	73.7956	42.5667	-8.49977	-0.0250748	107.837	112.484	0.958689
9167	0.00898438	0.205047	73.7953	42.5669	-8.49941	-0.0250748	107.838	112.484	0.958692
9168	0.0089853	0.205047	73.795	42.5671	-8.49906	-0.0250748	107.838	112.484	0.958696
9169	0.00898622	0.205046	73.7947	42.5673	-8.49873	-0.0250748	107.838	112.484	0.958699
9170	0.00898715	0.205046	73.7943	42.5675	-8.49843	-0.0250748	107.838	112.484	0.958702
9171	0.00898807	0.205046	73.794	42.5677	-8.49817	-0.0250748	107.838	112.483	0.958705
9172	0.00898899	0.205045	73.7937	42.5679	-8.49794	-0.0250748	107.839	112.483	0.958708
9173	0.00898992	0.205045	73.7934	42.5681	-8.49774	-0.0250747	107.839	112.483	0.95871
9174	0.00899084	0.205045	73.7931	42.5683	-8.49758	-0.0250747	107.839	112.483	0.958712
9175	0.00899177	0.205044	73.7927	42.5685	-8.49744	-0.0250747	107.839	112.483	0.958714
9176	0.00899269	0.205044	73.7924	42.5687	-8.49733	-0.0250747	107.839	112.483	0.958715
9177	0.00899361	0.205044	73.7921	42.5689	-8.49723	-0.0250746	107.839	112.482	0.958717
9178	0.00899454	0.205043	73.7918	42.5691	-8.49713	-0.0250746	107.839	112.482	0.958718
9179	0.00899546	0.205043	73.7914	42.5693	-8.49703	-0.0250745	107.839	112.482	0.958719
9180	0.00899639	0.205043	73.7911	42.5695	-8.4969	-0.0250745	107.839	112.482	0.958721
9181	0.00899731	0.205042	73.7908	42.5697	-8.49675	-0.0250745	107.839	112.482	0.958723
9182	0.00899823	0.205042	73.7904	42.5699	-8.49657	-0.0250744	107.839	112.481	0.958725
9183	0.00899916	0.205042	73.7901	42.5701	-8.49634	-0.0250744	107.839	112.481	0.958727
9184	0.00900008	0.205041	73.7898	42.5704	-8.49607	-0.0250744	107.839	112.481	0.95873
9185	0.009001	0.205041	73.7894	42.5706	-8.49576	-0.0250743	107.839	112.481	0.958734
9186	0.00900193	0.205041	73.7891	42.5708	-8.49541	-0.0250743	107.839	112.481	0.958737
9187	0.00900285	0.20504	73.7888	42.571	-8.49502	-0.0250743	107.84	112.48	0.958741
9188	0.00900378	0.20504	73.7884	42.5712	-8.4946	-0.0250743	107.84	112.48	0.958745
9189	0.0090047	0.20504	73.7881	42.5714	-8.49416	-0.0250743	107.84	112.48	0.95875
9190	0.00900562	0.205039	73.7877	42.5716	-8.49372	-0.0250743	107.841	112.48	0.958754
9191	0.00900655	0.205039	73.7874	42.5719	-8.49327	-0.0250744	107.841	112.48	0.958759
9192	0.00900747	0.205039	73.787	42.5721	-8.49283	-0.0250744	107.841	112.48	0.958763
9193	0.0090084	0.205038	73.7867	42.5723	-8.49241	-0.0250744	107.842	112.479	0.958768
9194	0.00900932	0.205038	73.7863	42.5725	-8.49201	-0.0250744	107.842	112.479	0.958772
9195	0.00901024	0.205038	73.786	42.5727	-8.49164	-0.0250744	107.842	112.479	0.958775
9196	0.00901117	0.205037	73.7856	42.573	-8.4913	-0.0250744	107.842	112.479	0.958779
9197	0.00901209	0.205037	73.7853	42.5732	-8.491	-0.0250744	107.842	112.479	0.958782
9198	0.00901301	0.205036	73.7849	42.5734	-8.49073	-0.0250744	107.843	112.478	0.958785
9199	0.00901394	0.205036	73.7846	42.5736	-8.4905	-0.0250744	107.843	112.478	0.958788
9200	0.00901486	0.205036	73.7842	42.5739	-8.49028	-0.0250744	107.843	112.478	0.95879
9201	0.00901579	0.205035	73.7839	42.5741	-8.49009	-0.0250743	107.843	112.478	0.958792
9202	0.00901671	0.205035	73.7835	42.5743	-8.48991	-0.0250743	107.843	112.478	0.958795
9203	0.00901763	0.205035	73.7831	42.5746	-8.48973	-0.0250743	107.843	112.477	0.958797
9204	0.00901856	0.205034	73.7828	42.5748	-8.48955	-0.0250742	107.843	112.477	0.958799
9205	0.00901948	0.205034	73.7824	42.575	-8.48936	-0.0250742	107.843	112.477	0.958801
9206	0.00902041	0.205033	73.782	42.5753	-8.48915	-0.0250741	107.843	112.477	0.958804
9207	0.00902133	0.205033	73.7817	42.5755	-8.48892	-0.0250741	107.843	112.477	0.958806
9208	0.00902225	0.205033	73.7813	42.5757	-8.48868	-0.0250741	107.843	112.476	0.958809
9209	0.00902318	0.205032	73.7809	42.576	-8.48841	-0.025074	107.843	112.476	0.958812
9210	0.0090241	0.205032	73.7805	42.5762	-8.48813	-0.025074	107.844	112.476	0.958815
9211	0.00902502	0.205032	73.7802	42.5764	-8.48784	-0.025074	107.844	112.476	0.958818
9212	0.00902595	0.205031	73.7798	42.5767	-8.48754	-0.025074	107.844	112.475	0.958821
9213	0.00902687	0.205031	73.7794	42.5769	-8.48724	-0.0250739	107.844	112.475	0.958824
9214	0.0090278	0.20503	73.779	42.5772	-8.48695	-0.0250739	107.844	112.475	0.958828
9215	0.00902872	0.20503	73.7786	42.5774	-8.48667	-0.0250739	107.844	112.475	0.958831
9216	0.00902964	0.20503	73.7782	42.5777	-8.48641	-0.0250739	107.844	112.475	0.958834
9217	0.00903057	0.205029	73.7779	42.5779	-8.48618	-0.0250739	107.845	112.474	0.958836
9218	0.00903149	0.205029	73.7775	42.5781	-8.48597	-0.0250739	107.845	112.474	0.958839
9219	0.00903242	0.205028	73.7771	42.5784	-8.4858	-0.0250739	107.845	112.474	0.958841
9220	0.00903334	0.205028	73.7767	42.5786	-8.48566	-0.0250739	107.845	112.474	0.958843
9221	0.00903426	0.205028	73.7763	42.5789	-8.48556	-0.0250739	107.845	112.473	0.958844
9222	0.00903519	0.205027	73.7759	42.5792	-8.48549	-0.0250738	107.844	112.473	0.958845
9223	0.00903611	0.205027	73.7755	42.5794	-8.48545	-0.0250738	107.844	112.473	0.958846
9224	0.00903703	0.205026	73.7751	42.5797	-8.48543	-0.0250738	107.844	112.473	0.958847
9225	0.00903796	0.205026	73.7747	42.5799	-8.48541	-0.0250737	107.844	112.473	0.958848
9226	0.00903888	0.205026	73.7743	42.5802	-8.48539	-0.0250737	107.844	112.472	0.958849
9227	0.00903981	0.205025	73.7739	42.5804	-8.48536	-0.0250736	107.844	112.472	0.95885
9228	0.00904073	0.205025	73.7735	42.5807	-8.48531	-0.0250736	107.844	112.472	0.958851
9229	0.00904165	0.205024	73.773	42.581	-8.48523	-0.0250735	107.844	112.472	0.958852
9230	0.00904258	0.205024	73.7726	42.5812	-8.48511	-0.0250735	107.844	112.471	0.958854
9231	0.0090435	0.205023	73.7722	42.5815	-8.48496	-0.0250734	107.844	112.471	0.958856
9232	0.00904443	0.205023	73.7718	42.5817	-8.48476	-0.0250734	107.844	112.471	0.958858
9233	0.00904535	0.205023	73.7714	42.582	-8.48453	-0.0250734	107.844	112.471	0.958861
9234	0.00904627	0.205022	73.7709	42.5823	-8.48425	-0.0250734	107.844	112.471	0.958864
9235	0.0090472	0.205022	73.7705	42.5825	-8.48395	-0.0250734	107.844	112.47	0.958867
9236	0.00904812	0.205021	73.7701	42.5828	-8.48363	-0.0250734	107.844	112.47	0.958871
9237	0.00904904	0.205021	73.7697	42.5831	-8.48329	-0.0250734	107.844	112.47	0.958874
9238	0.00904997	0.20502	73.7692	42.5834	-8.48295	-0.0250734	107.845	112.47	0.958878
9239	0.00905089	0.20502	73.7688	42.5836	-8.48261	-0.0250734	107.845	112.469	0.958882
9240	0.00905182	0.20502	73.7684	42.5839	-8.48228	-0.0250734	107.845	112.469	0.958885
9241	0.00905274	0.205019	73.7679	42.5842	-8.48198	-0.0250734	107.845	112.469	0.958889
9242	0.00905366	0.205019	73.7675	42.5845	-8.4817	-0.0250734	107.845	112.469	0.958892
9243	0.00905459	0.205018	73.767	42.5848	-8.48145	-0.0250734	107.845	112.468	0.958895
9244	0.00905551	0.205018	73.7666	42.585	-8.48124	-0.0250734	107.845	112.468	0.958897
9245	0.00905643	0.205017	73.7662	42.5853	-8.48105	-0.0250734	107.845	112.468	0.958899
9246	0.00905736	0.205017	73.7657	42.5856	-8.4809	-0.0250734	107.845	112.468	0.958901
9247	0.00905828	0.205016	73.7653	42.5859	-8.48078	-0.0250734	107.845	112.467	0.958903
9248	0.00905921	0.205016	73.7648	42.5862	-8.48067	-0.0250733	107.845	112.467	0.958905
9249	0.00906013	0.205015	73.7643	42.5865	-8.48057	-0.0250733	107.845	112.467	0.958906
9250	0.00906105	0.205015	73.7639	42.5868	-8.48047	-0.0250733	107.845	112.467	0.958908
9251	0.00906198	0.205014	73.7634	42.587	-8.48037	-0.0250732	107.845	112.466	0.95891
9252	0.0090629	0.205014	73.763	42.5873	-8.48026	-0.0250732	107.845	112.466	0.958911
9253	0.00906383	0.205014	73.7625	42.5876	-8.48012	-0.0250731	107.845	112.466	0.958913
9254	0.00906475	0.205013	73.762	42.5879	-8.47997	-0.0250731	107.845	112.466	0.958915
9255	0.00906567	0.205013	73.7616	42.5882	-8.47979	-0.0250731	107.845	112.465	0.958918
9256	0.0090666	0.205012	73.7611	42.5885	-8.47958	-0.025073	107.845	112.465	0.95892
9257	0.00906752	0.205012	73.7606	42.5888	-8.47936	-0.025073	107.845	112.465	0.958923
9258	0.00906844	0.205011	73.7601	42.5891	-8.47912	-0.025073	107.845	112.464	0.958926
9259	0.00906937	0.205011	73.7597	42.5894	-8.47886	-0.025073	107.845	112.464	0.958929
9260	0.00907029	0.20501	73.7592	42.5897	-8.4786	-0.025073	107.845	112.464	0.958932
9261	0.00907122	0.20501	73.7587	42.59	-8.47835	-0.025073	107.845	112.464	0.958935
9262	0.00907214	0.205009	73.7582	42.5904	-8.4781	-0.025073	107.845	112.463	0.958938
9263	0.00907306	0.205009	73.7577	42.5907	-8.47787	-0.025073	107.845	112.463	0.95894
9264	0.00907399	0.205008	73.7572	42.591	-8.47767	-0.025073	107.845	112.463	0.958943
9265	0.00907491	0.205008	73.7567	42.5913	-8.4775	-0.025073	107.845	112.463	0.958945
9266	0.00907584	0.205007	73.7562	42.5916	-8.47736	-0.025073	107.845	112.462	0.958947
9267	0.00907676	0.205007	73.7557	42.5919	-8.47726	-0.025073	107.845	112.462	0.958949
9268	0.00907768	0.205006	73.7552	42.5922	-8.47719	-0.025073	107.845	112.462	0.95895
9269	0.00907861	0.205006	73.7547	42.5926	-8.47717	-0.025073	107.845	112.461	0.958951
9270	0.00907953	0.205005	73.7542	42.5929	-8.47718	-0.025073	107.845	112.461	0.958952
9271	0.00908045	0.205005	73.7537	42.5932	-8.47722	-0.0250729	107.845	112.461	0.958952
9272	0.00908138	0.205004	73.7532	42.5935	-8.47727	-0.0250729	107.844	112.461	0.958953
9273	0.0090823	0.205004	73.7527	42.5938	-8.47733	-0.0250729	107.844	112.46	0.958953
9274	0.00908323	0.205003	73.7522	42.5942	-8.4774	-0.0250728	107.844	112.46	0.958953
9275	0.00908415	0.205003	73.7517	42.5945	-8.47745	-0.0250728	107.844	112.46	0.958953
9276	0.00908507	0.205002	73.7511	42.5948	-8.47747	-0.0250727	107.843	112.459	0.958954
9277	0.009086	0.205001	73.7506	42.5952	-8.47748	-0.0250727	107.843	112.459	0.958955
9278	0.00908692	0.205001	73.7501	42.5955	-8.47744	-0.0250727	107.843	112.459	0.958956
9279	0.00908784	0.205	73.7496	42.5958	-8.47737	-0.0250726	107.843	112.459	0.958957
9280	0.00908877	0.205	73.749	42.5962	-8.47726	-0.0250726	107.843	112.458	0.958959
9281	0.00908969	0.204999	73.7485	42.5965	-8.47712	-0.0250726	107.843	112.458	0.958961
9282	0.00909062	0.204999	73.748	42.5968	-8.47694	-0.0250726	107.843	112.458	0.958963
9283	0.00909154	0.204998	73.7474	42.5972	-8.47673	-0.0250725	107.843	112.457	0.958966
9284	0.00909246	0.204998	73.7469	42.5975	-8.47651	-0.0250725	107.843	112.457	0.958969
9285	0.00909339	0.204997	73.7463	42.5979	-8.47627	-0.0250725	107.843	112.457	0.958972
9286	0.00909431	0.204997	73.7458	42.5982	-8.47604	-0.0250725	107.843	112.456	0.958975
9287	0.00909523	0.204996	73.7453	42.5985	-8.47581	-0.0250726	107.843	112.456	0.958978
9288	0.00909616	0.204995	73.7447	42.5989	-8.4756	-0.0250726	107.843	112.456	0.95898
9289	0.00909708	0.204995	73.7442	42.5992	-8.47541	-0.0250726	107.843	112.456	0.958983
9290	0.00909801	0.204994	73.7436	42.5996	-8.47524	-0.0250726	107.843	112.455	0.958985
9291	0.00909893	0.204994	73.743	42.5999	-8.47511	-0.0250726	107.843	112.455	0.958987
9292	0.00909985	0.204993	73.7425	42.6003	-8.47501	-0.0250726	107.843	112.455	0.958989
9293	0.00910078	0.204993	73.7419	42.6007	-8.47495	-0.0250725	107.843	112.454	0.95899
9294	0.0091017	0.204992	73.7414	42.601	-8.47491	-0.0250725	107.842	112.454	0.958991
9295	0.00910263	0.204991	73.7408	42.6014	-8.4749	-0.0250725	107.842	112.454	0.958992
9296	0.00910355	0.204991	73.7402	42.6017	-8.47492	-0.0250724	107.842	112.453	0.958993
9297	0.00910447	0.20499	73.7397	42.6021	-8.47494	-0.0250724	107.842	112.453	0.958994
9298	0.0091054	0.20499	73.7391	42.6025	-8.47497	-0.0250724	107.841	112.453	0.958994
9299	0.00910632	0.204989	73.7385	42.6028	-8.47498	-0.0250723	107.841	112.452	0.958995
9300	0.00910724	0.204988	73.7379	42.6032	-8.47499	-0.0250722	107.841	112.452	0.958996
9301	0.00910817	0.204988	73.7373	42.6036	-8.47498	-0.0250722	107.841	112.452	0.958997
9302	0.00910909	0.204987	73.7368	42.6039	-8.47494	-0.0250721	107.841	112.451	0.958998
9303	0.00911002	0.204987	73.7362	42.6043	-8.47488	-0.0250721	107.841	112.451	0.959
9304	0.00911094	0.204986	73.7356	42.6047	-8.4748	-0.0250721	107.84	112.451	0.959001
9305	0.00911186	0.204986	73.735	42.605	-8.4747	-0.025072	107.84	112.45	0.959003
9306	0.00911279	0.204985	73.7344	42.6054	-8.47458	-0.025072	107.84	112.45	0.959005
9307	0.00911371	0.204984	73.7338	42.6058	-8.47445	-0.025072	107.84	112.45	0.959007
9308	0.00911463	0.204984	73.7332	42.6062	-8.47432	-0.025072	107.84	112.449	0.959009
9309	0.00911556	0.204983	73.7326	42.6066	-8.47419	-0.0250719	107.84	112.449	0.959011
9310	0.00911648	0.204982	73.732	42.6069	-8.47406	-0.0250719	107.84	112.449	0.959013
9311	0.00911741	0.204982	73.7314	42.6073	-8.47396	-0.0250719	107.84	112.448	0.959015
9312	0.00911833	0.204981	73.7308	42.6077	-8.47388	-0.0250719	107.84	112.448	0.959017
9313	0.00911925	0.204981	73.7302	42.6081	-8.47382	-0.0250719	107.839	112.448	0.959018
9314	0.00912018	0.20498	73.7296	42.6085	-8.47381	-0.0250719	107.839	112.447	0.959019
9315	0.0091211	0.204979	73.729	42.6089	-8.47382	-0.0250719	107.839	112.447	0.95902
9316	0.00912202	0.204979	73.7283	42.6093	-8.47387	-0.0250719	107.839	112.447	0.95902
9317	0.00912295	0.204978	73.7277	42.6096	-8.47395	-0.0250718	107.838	112.446	0.959021
9318	0.00912387	0.204977	73.7271	42.61	-8.47406	-0.0250718	107.838	112.446	0.959021
9319	0.0091248	0.204977	73.7265	42.6104	-8.4742	-0.0250718	107.838	112.446	0.95902
9320	0.00912572	0.204976	73.7259	42.6108	-8.47434	-0.0250717	107.837	112.445	0.95902
9321	0.00912664	0.204976	73.7252	42.6112	-8.47449	-0.0250717	107.837	112.445	0.95902
9322	0.00912757	0.204975	73.7246	42.6116	-8.47463	-0.0250717	107.837	112.445	0.959019
9323	0.00912849	0.204974	73.724	42.612	-8.47475	-0.0250716	107.836	112.444	0.959019
9324	0.00912941	0.204974	73.7233	42.6124	-8.47485	-0.0250716	107.836	112.444	0.959019
9325	0.00913034	0.204973	73.7227	42.6128	-8.47491	-0.0250715	107.836	112.444	0.95902
9326	0.00913126	0.204972	73.7221	42.6132	-8.47494	-0.0250715	107.835	112.443	0.95902
9327	0.00913219	0.204972	73.7214	42.6136	-8.47493	-0.0250715	107.835	112.443	0.959021
9328	0.00913311	0.204971	73.7208	42.614	-8.47487	-0.0250714	107.835	112.442	0.959023
9329	0.00913403	0.20497	73.7201	42.6144	-8.47478	-0.0250714	107.835	112.442	0.959025
9330	0.00913496	0.20497	73.7195	42.6149	-8.47466	-0.0250714	107.835	112.442	0.959027
9331	0.00913588	0.204969	73.7188	42.6153	-8.47451	-0.0250714	107.835	112.441	0.959029
9332	0.0091368	0.204968	73.7182	42.6157	-8.47434	-0.0250714	107.834	112.441	0.959032
9333	0.00913773	0.204968	73.7175	42.6161	-8.47417	-0.0250714	107.834	112.441	0.959034
9334	0.00913865	0.204967	73.7169	42.6165	-8.474	-0.0250714	107.834	112.44	0.959037
9335	0.00913958	0.204966	73.7162	42.6169	-8.47384	-0.0250714	107.834	112.44	0.959039
9336	0.0091405	0.204966	73.7156	42.6173	-8.47369	-0.0250714	107.834	112.44	0.959041
9337	0.00914142	0.204965	73.7149	42.6178	-8.47356	-0.0250715	107.834	112.439	0.959043
9338	0.00914235	0.204964	73.7142	42.6182	-8.47347	-0.0250715	107.834	112.439	0.959045
9339	0.00914327	0.204964	73.7136	42.6186	-8.4734	-0.0250714	107.834	112.438	0.959047
9340	0.0091442	0.204963	73.7129	42.619	-8.47337	-0.0250714	107.833	112.438	0.959048
9341	0.00914512	0.204962	73.7122	42.6195	-8.47337	-0.0250714	107.833	112.438	0.959049
9342	0.00914604	0.204962	73.7115	42.6199	-8.47341	-0.0250714	107.833	112.437	0.95905
9343	0.00914697	0.204961	73.7109	42.6203	-8.47346	-0.0250714	107.833	112.437	0.95905
9344	0.00914789	0.20496	73.7102	42.6207	-8.47353	-0.0250713	107.832	112.437	0.959051
9345	0.00914881	0.204959	73.7095	42.6212	-8.47362	-0.0250713	107.832	112.436	0.959051
9346	0.00914974	0.204959	73.7088	42.6216	-8.4737	-0.0250712	107.832	112.436	0.959051
9347	0.00915066	0.204958	73.7082	42.622	-8.47378	-0.0250712	107.831	112.435	0.959052
9348	0.00915159	0.204957	73.7075	42.6225	-8.47384	-0.0250711	107.831	112.435	0.959052
9349	0.00915251	0.204957	73.7068	42.6229	-8.47389	-0.0250711	107.831	112.435	0.959053
9350	0.00915343	0.204956	73.7061	42.6233	-8.47391	-0.025071	107.83	112.434	0.959054
9351	0.00915436	0.204955	73.7054	42.6238	-8.47391	-0.025071	107.83	112.434	0.959055
9352	0.00915528	0.204955	73.7047	42.6242	-8.47389	-0.0250709	107.83	112.433	0.959056
9353	0.0091562	0.204954	73.704	42.6246	-8.47386	-0.0250709	107.83	112.433	0.959057
9354	0.00915713	0.204953	73.7033	42.6251	-8.47381	-0.0250708	107.83	112.433	0.959059
9355	0.00915805	0.204952	73.7026	42.6255	-8.47375	-0.0250708	107.829	112.432	0.95906
9356	0.00915898	0.204952	73.7019	42.626	-8.47368	-0.0250708	107.829	112.432	0.959062
9357	0.0091599	0.204951	73.7012	42.6264	-8.47363	-0.0250708	107.829	112.431	0.959064
9358	0.00916082	0.20495	73.7005	42.6269	-8.47358	-0.0250708	107.829	112.431	0.959065
9359	0.00916175	0.20495	73.6998	42.6273	-8.47355	-0.0250707	107.828	112.431	0.959066
9360	0.00916267	0.204949	73.6991	42.6277	-8.47355	-0.0250707	107.828	112.43	0.959067
9361	0.00916359	0.204948	73.6984	42.6282	-8.47357	-0.0250707	107.828	112.43	0.959068
9362	0.00916452	0.204947	73.6977	42.6286	-8.47362	-0.0250707	107.828	112.429	0.959069
9363	0.00916544	0.204947	73.697	42.6291	-8.47371	-0.0250707	107.827	112.429	0.959069
9364	0.00916636	0.204946	73.6963	42.6295	-8.47384	-0.0250706	107.827	112.429	0.959069
9365	0.00916729	0.204945	73.6955	42.63	-8.47399	-0.0250706	107.826	112.428	0.959069
9366	0.00916821	0.204944	73.6948	42.6305	-8.47417	-0.0250706	107.826	112.428	0.959068
9367	0.00916914	0.204944	73.6941	42.6309	-8.47436	-0.0250705	107.826	112.427	0.959068
9368	0.00917006	0.204943	73.6934	42.6314	-8.47457	-0.0250705	107.825	112.427	0.959067
9369	0.00917098	0.204942	73.6927	42.6318	-8.47477	-0.0250704	107.825	112.427	0.959066
9370	0.00917191	0.204942	73.6919	42.6323	-8.47496	-0.0250704	107.824	112.426	0.959066
9371	0.00917283	0.204941	73.6912	42.6327	-8.47513	-0.0250703	107.824	112.426	0.959065
9372	0.00917375	0.20494	73.6905	42.6332	-8.47527	-0.0250703	107.823	112.425	0.959065
9373	0.00917468	0.204939	73.6898	42.6337	-8.47538	-0.0250702	107.823	112.425	0.959065
9374	0.0091756	0.204939	73.689	42.6341	-8.47545	-0.0250702	107.823	112.425	0.959066
9375	0.00917653	0.204938	73.6883	42.6346	-8.47548	-0.0250701	107.822	112.424	0.959067
9376	0.00917745	0.204937	73.6876	42.6351	-8.47546	-0.0250701	107.822	112.424	0.959068
9377	0.00917837	0.204936	73.6868	42.6355	-8.47542	-0.0250701	107.822	112.423	0.959069
9378	0.0091793	0.204936	73.6861	42.636	-8.47534	-0.02507	107.822	112.423	0.959071
9379	0.00918022	0.204935	73.6853	42.6365	-8.47524	-0.02507	107.821	112.423	0.959073
9380	0.00918114	0.204934	73.6846	42.6369	-8.47513	-0.02507	107.821	112.422	0.959075
9381	0.00918207	0.204933	73.6839	42.6374	-8.47501	-0.02507	107.821	112.422	0.959078
9382	0.00918299	0.204933	73.6831	42.6379	-8.47489	-0.02507	107.821	112.421	0.95908
9383	0.00918392	0.204932	73.6824	42.6383	-8.47478	-0.02507	107.821	112.421	0.959082
9384	0.00918484	0.204931	73.6816	42.6388	-8.47469	-0.02507	107.821	112.42	0.959084
9385	0.00918576	0.20493	73.6809	42.6393	-8.47463	-0.02507	107.82	112.42	0.959085
9386	0.00918669	0.204929	73.6801	42.6397	-8.47459	-0.02507	107.82	112.42	0.959087
9387	0.00918761	0.204929	73.6794	42.6402	-8.47457	-0.02507	107.82	112.419	0.959088
9388	0.00918853	0.204928	73.6786	42.6407	-8.47459	-0.02507	107.82	112.419	0.959089
9389	0.00918946	0.204927	73.6779	42.6412	-8.47462	-0.0250699	107.819	112.418	0.95909
9390	0.00919038	0.204926	73.6771	42.6417	-8.47468	-0.0250699	107.819	112.418	0.959091
9391	0.00919131	0.204926	73.6764	42.6421	-8.47475	-0.0250699	107.819	112.418	0.959091
9392	0.00919223	0.204925	73.6756	42.6426	-8.47482	-0.0250698	107.818	112.417	0.959092
9393	0.00919315	0.204924	73.6748	42.6431	-8.4749	-0.0250698	107.818	112.417	0.959092
9394	0.00919408	0.204923	73.6741	42.6436	-8.47496	-0.0250697	107.818	112.416	0.959093
9395	0.009195	0.204922	73.6733	42.6441	-8.475	-0.0250697	107.817	112.416	0.959094
9396	0.00919592	0.204922	73.6726	42.6445	-8.47502	-0.0250696	107.817	112.415	0.959095
9397	0.00919685	0.204921	73.6718	42.645	-8.47502	-0.0250696	107.817	112.415	0.959096
9398	0.00919777	0.20492	73.671	42.6455	-8.47498	-0.0250695	107.816	112.415	0.959097
9399	0.0091987	0.204919	73.6703	42.646	-8.47493	-0.0250695	107.816	112.414	0.959099
9400	0.00919962	0.204919	73.6695	42.6465	-8.47484	-0.0250694	107.816	112.414	0.959101
9401	0.00920054	0.204918	73.6687	42.647	-8.47474	-0.0250694	107.816	112.413	0.959103
9402	0.00920147	0.204917	73.668	42.6474	-8.47463	-0.0250694	107.816	112.413	0.959105
9403	0.00920239	0.204916	73.6672	42.6479	-8.47451	-0.0250694	107.816	112.412	0.959107
9404	0.00920331	0.204915	73.6664	42.6484	-8.4744	-0.0250694	107.815	112.412	0.959109
9405	0.00920424	0.204915	73.6656	42.6489	-8.47429	-0.0250694	107.815	112.412	0.959112
9406	0.00920516	0.204914	73.6649	42.6494	-8.4742	-0.0250694	107.815	112.411	0.959114
9407	0.00920608	0.204913	73.6641	42.6499	-8.47413	-0.0250694	107.815	112.411	0.959115
9408	0.00920701	0.204912	73.6633	42.6504	-8.4741	-0.0250694	107.815	112.41	0.959117
9409	0.00920793	0.204911	73.6625	42.6509	-8.47409	-0.0250694	107.814	112.41	0.959118
9410	0.00920886	0.204911	73.6618	42.6514	-8.47412	-0.0250694	107.814	112.409	0.959119
9411	0.00920978	0.20491	73.661	42.6519	-8.47419	-0.0250693	107.814	112.409	0.95912
9412	0.0092107	0.204909	73.6602	42.6524	-8.4743	-0.0250693	107.813	112.408	0.95912
9413	0.00921163	0.204908	73.6594	42.6528	-8.47444	-0.0250693	107.813	112.408	0.95912
9414	0.00921255	0.204907	73.6586	42.6533	-8.4746	-0.0250693	107.812	112.408	0.959119
9415	0.00921347	0.204907	73.6578	42.6538	-8.47478	-0.0250692	107.812	112.407	0.959119
9416	0.0092144	0.204906	73.6571	42.6543	-8.47497	-0.0250692	107.811	112.407	0.959119
9417	0.00921532	0.204905	73.6563	42.6548	-8.47516	-0.0250691	107.811	112.406	0.959118
9418	0.00921625	0.204904	73.6555	42.6553	-8.47533	-0.0250691	107.81	112.406	0.959118
9419	0.00921717	0.204903	73.6547	42.6558	-8.47548	-0.025069	107.81	112.405	0.959118
9420	0.00921809	0.204903	73.6539	42.6563	-8.4756	-0.025069	107.81	112.405	0.959118
9421	0.00921902	0.204902	73.6531	42.6568	-8.47569	-0.0250689	107.809	112.404	0.959118
9422	0.00921994	0.204901	73.6523	42.6573	-8.47573	-0.0250689	107.809	112.404	0.959119
9423	0.00922086	0.2049	73.6515	42.6578	-8.47574	-0.0250688	107.809	112.404	0.95912
9424	0.00922179	0.204899	73.6507	42.6583	-8.47571	-0.0250688	107.808	112.403	0.959122
9425	0.00922271	0.204899	73.6499	42.6588	-8.47564	-0.0250688	107.808	112.403	0.959123
9426	0.00922363	0.204898	73.6491	42.6593	-8.47555	-0.0250687	107.808	112.402	0.959125
9427	0.00922456	0.204897	73.6483	42.6598	-8.47543	-0.0250687	107.808	112.402	0.959128
9428	0.00922548	0.204896	73.6475	42.6603	-8.4753	-0.0250687	107.808	112.401	0.95913
9429	0.00922641	0.204895	73.6468	42.6608	-8.47517	-0.0250687	107.807	112.401	0.959132
9430	0.00922733	0.204894	73.646	42.6614	-8.47505	-0.0250687	107.807	112.4	0.959135
9431	0.00922825	0.204894	73.6452	42.6619	-8.47493	-0.0250687	107.807	112.4	0.959137
9432	0.00922918	0.204893	73.6444	42.6624	-8.47483	-0.0250687	107.807	112.4	0.959139
9433	0.0092301	0.204892	73.6436	42.6629	-8.47475	-0.0250687	107.807	112.399	0.959141
9434	0.00923102	0.204891	73.6427	42.6634	-8.47471	-0.0250687	107.806	112.399	0.959143
9435	0.00923195	0.20489	73.6419	42.6639	-8.47468	-0.0250686	107.806	112.398	0.959144
9436	0.00923287	0.20489	73.6411	42.6644	-8.47469	-0.0250686	107.806	112.398	0.959145
9437	0.0092338	0.204889	73.6403	42.6649	-8.47472	-0.0250686	107.805	112.397	0.959146
9438	0.00923472	0.204888	73.6395	42.6654	-8.47478	-0.0250685	107.805	112.397	0.959147
9439	0.00923564	0.204887	73.6387	42.6659	-8.47484	-0.0250685	107.805	112.396	0.959148
9440	0.00923657	0.204886	73.6379	42.6664	-8.47492	-0.0250684	107.804	112.396	0.959148
9441	0.00923749	0.204885	73.6371	42.6669	-8.47498	-0.0250684	107.804	112.395	0.959149
9442	0.00923841	0.204885	73.6363	42.6674	-8.47504	-0.0250683	107.804	112.395	0.959149
9443	0.00923934	0.204884	73.6355	42.668	-8.47508	-0.0250682	107.803	112.395	0.95915
9444	0.00924026	0.204883	73.6347	42.6685	-8.47509	-0.0250682	107.803	112.394	0.959151
9445	0.00924118	0.204882	73.6339	42.669	-8.47508	-0.0250681	107.803	112.394	0.959153
9446	0.00924211	0.204881	73.6331	42.6695	-8.47504	-0.0250681	107.802	112.393	0.959154
9447	0.00924303	0.20488	73.6323	42.67	-8.47497	-0.025068	107.802	112.393	0.959156
9448	0.00924396	0.20488	73.6314	42.6705	-8.47488	-0.025068	107.802	112.392	0.959158
9449	0.00924488	0.204879	73.6306	42.671	-8.47477	-0.025068	107.802	112.392	0.959161
9450	0.0092458	0.204878	73.6298	42.6716	-8.47464	-0.0250679	107.802	112.391	0.959163
9451	0.00924673	0.204877	73.629	42.6721	-8.4745	-0.0250679	107.801	112.391	0.959165
9452	0.00924765	0.204876	73.6282	42.6726	-8.47437	-0.0250679	107.801	112.39	0.959168
9453	0.00924857	0.204875	73.6274	42.6731	-8.47424	-0.0250679	107.801	112.39	0.95917
9454	0.0092495	0.204875	73.6266	42.6736	-8.47412	-0.0250679	107.801	112.39	0.959172
9455	0.00925042	0.204874	73.6257	42.6741	-8.47403	-0.0250679	107.801	112.389	0.959175
9456	0.00925134	0.204873	73.6249	42.6746	-8.47396	-0.0250679	107.801	112.389	0.959176
9457	0.00925227	0.204872	73.6241	42.6752	-8.47392	-0.0250679	107.8	112.388	0.959178
9458	0.00925319	0.204871	73.6233	42.6757	-8.47391	-0.0250678	107.8	112.388	0.959179
9459	0.00925412	0.20487	73.6225	42.6762	-8.47394	-0.0250678	107.8	112.387	0.95918
9460	0.00925504	0.20487	73.6216	42.6767	-8.47399	-0.0250678	107.799	112.387	0.959181
9461	0.00925596	0.204869	73.6208	42.6772	-8.47407	-0.0250678	107.799	112.386	0.959182
9462	0.00925689	0.204868	73.62	42.6777	-8.47417	-0.0250677	107.799	112.386	0.959182
9463	0.00925781	0.204867	73.6192	42.6783	-8.47427	-0.0250677	107.798	112.385	0.959182
9464	0.00925873	0.204866	73.6184	42.6788	-8.47439	-0.0250677	107.798	112.385	0.959183
9465	0.00925966	0.204865	73.6175	42.6793	-8.47449	-0.0250676	107.797	112.384	0.959183
9466	0.00926058	0.204865	73.6167	42.6798	-8.47458	-0.0250676	107.797	112.384	0.959183
9467	0.00926151	0.204864	73.6159	42.6803	-8.47464	-0.0250675	107.797	112.384	0.959184
9468	0.00926243	0.204863	73.6151	42.6809	-8.47467	-0.0250675	107.796	112.383	0.959185
9469	0.00926335	0.204862	73.6142	42.6814	-8.47466	-0.0250674	107.796	112.383	0.959186
9470	0.00926428	0.204861	73.6134	42.6819	-8.47462	-0.0250674	107.796	112.382	0.959188
9471	0.0092652	0.20486	73.6126	42.6824	-8.47453	-0.0250674	107.795	112.382	0.95919
9472	0.00926612	0.204859	73.6118	42.6829	-8.47441	-0.0250674	107.795	112.381	0.959192
9473	0.00926705	0.204859	73.6109	42.6835	-8.47426	-0.0250673	107.795	112.381	0.959195
9474	0.00926797	0.204858	73.6101	42.684	-8.47408	-0.0250673	107.795	112.38	0.959198
9475	0.00926889	0.204857	73.6093	42.6845	-8.47388	-0.0250673	107.795	112.38	0.959201
9476	0.00926982	0.204856	73.6085	42.685	-8.47368	-0.0250673	107.795	112.379	0.959204
9477	0.00927074	0.204855	73.6076	42.6856	-8.47348	-0.0250673	107.795	112.379	0.959207
9478	0.00927167	0.204854	73.6068	42.6861	-8.47328	-0.0250673	107.795	112.378	0.95921
9479	0.00927259	0.204854	73.606	42.6866	-8.4731	-0.0250673	107.794	112.378	0.959213
9480	0.00927351	0.204853	73.6052	42.6871	-8.47295	-0.0250673	107.794	112.378	0.959215
9481	0.00927444	0.204852	73.6043	42.6877	-8.47281	-0.0250673	107.794	112.377	0.959218
9482	0.00927536	0.204851	73.6035	42.6882	-8.47271	-0.0250673	107.794	112.377	0.95922
9483	0.00927628	0.20485	73.6027	42.6887	-8.47264	-0.0250673	107.794	112.376	0.959222
9484	0.00927721	0.204849	73.6018	42.6892	-8.47259	-0.0250673	107.793	112.376	0.959224
9485	0.00927813	0.204848	73.601	42.6898	-8.47257	-0.0250672	107.793	112.375	0.959225
9486	0.00927905	0.204848	73.6002	42.6903	-8.47257	-0.0250672	107.793	112.375	0.959226
9487	0.00927998	0.204847	73.5993	42.6908	-8.47259	-0.0250671	107.792	112.374	0.959228
9488	0.0092809	0.204846	73.5985	42.6913	-8.4726	-0.0250671	107.792	112.374	0.959229
9489	0.00928183	0.204845	73.5977	42.6919	-8.47262	-0.025067	107.792	112.373	0.95923
9490	0.00928275	0.204844	73.5968	42.6924	-8.47262	-0.025067	107.792	112.373	0.959231
9491	0.00928367	0.204843	73.596	42.6929	-8.47261	-0.0250669	107.791	112.372	0.959232
9492	0.0092846	0.204842	73.5952	42.6934	-8.47257	-0.0250668	107.791	112.372	0.959234
9493	0.00928552	0.204842	73.5943	42.694	-8.47251	-0.0250668	107.791	112.371	0.959236
9494	0.00928644	0.204841	73.5935	42.6945	-8.47242	-0.0250667	107.791	112.371	0.959238
9495	0.00928737	0.20484	73.5927	42.695	-8.4723	-0.0250667	107.79	112.371	0.95924
9496	0.00928829	0.204839	73.5918	42.6955	-8.47216	-0.0250667	107.79	112.37	0.959243
9497	0.00928921	0.204838	73.591	42.6961	-8.472	-0.0250666	107.79	112.37	0.959245
9498	0.00929014	0.204837	73.5902	42.6966	-8.47182	-0.0250666	107.79	112.369	0.959248
9499	0.00929106	0.204836	73.5893	42.6971	-8.47164	-0.0250666	107.79	112.369	0.959251
9500	0.00929198	0.204836	73.5885	42.6976	-8.47146	-0.0250666	107.79	112.368	0.959254
9501	0.00929291	0.204835	73.5877	42.6982	-8.47129	-0.0250665	107.789	112.368	0.959257
9502	0.00929383	0.204834	73.5868	42.6987	-8.47113	-0.0250665	107.789	112.367	0.95926
9503	0.00929476	0.204833	73.586	42.6992	-8.47099	-0.0250665	107.789	112.367	0.959262
9504	0.00929568	0.204832	73.5852	42.6998	-8.47088	-0.0250665	107.789	112.366	0.959264
9505	0.0092966	0.204831	73.5843	42.7003	-8.4708	-0.0250665	107.789	112.366	0.959266
9506	0.00929753	0.20483	73.5835	42.7008	-8.47075	-0.0250665	107.788	112.365	0.959268
9507	0.00929845	0.20483	73.5826	42.7013	-8.47073	-0.0250665	107.788	112.365	0.959269
9508	0.00929937	0.204829	73.5818	42.7019	-8.47074	-0.0250664	107.788	112.364	0.959271
9509	0.0093003	0.204828	73.581	42.7024	-8.47077	-0.0250664	107.788	112.364	0.959272
9510	0.00930122	0.204827	73.5801	42.7029	-8.47082	-0.0250664	107.787	112.363	0.959272
9511	0.00930214	0.204826	73.5793	42.7035	-8.47088	-0.0250663	107.787	112.363	0.959273
9512	0.00930307	0.204825	73.5785	42.704	-8.47095	-0.0250663	107.786	112.363	0.959274
9513	0.00930399	0.204824	73.5776	42.7045	-8.471	-0.0250662	107.786	112.362	0.959275
9514	0.00930492	0.204824	73.5768	42.7051	-8.47103	-0.0250662	107.786	112.362	0.959276
9515	0.00930584	0.204823	73.5759	42.7056	-8.47103	-0.0250661	107.785	112.361	0.959277
9516	0.00930676	0.204822	73.5751	42.7061	-8.47101	-0.0250661	107.785	112.361	0.959279
9517	0.00930769	0.204821	73.5743	42.7066	-8.47094	-0.025066	107.785	112.36	0.95928
9518	0.00930861	0.20482	73.5734	42.7072	-8.47083	-0.025066	107.785	112.36	0.959283
9519	0.00930953	0.204819	73.5726	42.7077	-8.47069	-0.025066	107.785	112.359	0.959285
9520	0.00931046	0.204818	73.5717	42.7082	-8.47051	-0.0250659	107.784	112.359	0.959288
9521	0.00931138	0.204818	73.5709	42.7088	-8.47029	-0.0250659	107.784	112.358	0.959291
9522	0.0093123	0.204817	73.5701	42.7093	-8.47006	-0.0250659	107.784	112.358	0.959295
9523	0.00931323	0.204816	73.5692	42.7098	-8.46981	-0.0250659	107.784	112.357	0.959298
9524	0.00931415	0.204815	73.5684	42.7104	-8.46955	-0.0250659	107.784	112.357	0.959302
9525	0.00931507	0.204814	73.5675	42.7109	-8.46929	-0.0250659	107.784	112.356	0.959305
9526	0.009316	0.204813	73.5667	42.7114	-8.46904	-0.0250659	107.784	112.356	0.959309
9527	0.00931692	0.204812	73.5658	42.712	-8.46881	-0.0250659	107.784	112.355	0.959312
9528	0.00931785	0.204812	73.565	42.7125	-8.46859	-0.0250659	107.784	112.355	0.959315
9529	0.00931877	0.204811	73.5642	42.713	-8.46839	-0.0250659	107.784	112.354	0.959318
9530	0.00931969	0.20481	73.5633	42.7136	-8.46822	-0.0250659	107.784	112.354	0.959321
9531	0.00932062	0.204809	73.5625	42.7141	-8.46807	-0.0250659	107.783	112.354	0.959324
9532	0.00932154	0.204808	73.5616	42.7146	-8.46794	-0.0250659	107.783	112.353	0.959326
9533	0.00932246	0.204807	73.5608	42.7152	-8.46782	-0.0250659	107.783	112.353	0.959329
9534	0.00932339	0.204806	73.5599	42.7157	-8.46771	-0.0250658	107.783	112.352	0.959331
9535	0.00932431	0.204805	73.5591	42.7162	-8.4676	-0.0250658	107.783	112.352	0.959333
9536	0.00932523	0.204805	73.5583	42.7167	-8.46749	-0.0250657	107.782	112.351	0.959336
9537	0.00932616	0.204804	73.5574	42.7173	-8.46736	-0.0250657	107.782	112.351	0.959338
9538	0.00932708	0.204803	73.5566	42.7178	-8.46722	-0.0250657	107.782	112.35	0.959341
9539	0.00932801	0.204802	73.5557	42.7183	-8.46705	-0.0250656	107.782	112.35	0.959343
9540	0.00932893	0.204801	73.5549	42.7189	-8.46686	-0.0250656	107.782	112.349	0.959346
9541	0.00932985	0.2048	73.554	42.7194	-8.46664	-0.0250656	107.782	112.349	0.95935
9542	0.00933078	0.204799	73.5532	42.7199	-8.46639	-0.0250655	107.782	112.348	0.959353
9543	0.0093317	0.204799	73.5523	42.7205	-8.46612	-0.0250655	107.782	112.348	0.959357
9544	0.00933262	0.204798	73.5515	42.721	-8.46584	-0.0250655	107.782	112.347	0.959361
9545	0.00933355	0.204797	73.5507	42.7216	-8.46554	-0.0250655	107.782	112.347	0.959364
9546	0.00933447	0.204796	73.5498	42.7221	-8.46524	-0.0250655	107.782	112.346	0.959368
9547	0.00933539	0.204795	73.549	42.7226	-8.46494	-0.0250655	107.782	112.346	0.959372
9548	0.00933632	0.204794	73.5481	42.7232	-8.46464	-0.0250655	107.782	112.345	0.959376
9549	0.00933724	0.204793	73.5473	42.7237	-8.46437	-0.0250655	107.782	112.345	0.95938
9550	0.00933817	0.204792	73.5464	42.7242	-8.46412	-0.0250655	107.781	112.344	0.959384
9551	0.00933909	0.204792	73.5456	42.7248	-8.46389	-0.0250656	107.781	112.344	0.959387
9552	0.00934001	0.204791	73.5447	42.7253	-8.4637	-0.0250656	107.781	112.344	0.95939
9553	0.00934094	0.20479	73.5439	42.7258	-8.46355	-0.0250656	107.781	112.343	0.959393
9554	0.00934186	0.204789	73.543	42.7264	-8.46343	-0.0250656	107.781	112.343	0.959395
9555	0.00934278	0.204788	73.5422	42.7269	-8.46334	-0.0250655	107.781	112.342	0.959397
9556	0.00934371	0.204787	73.5413	42.7274	-8.46329	-0.0250655	107.78	112.342	0.959399
9557	0.00934463	0.204786	73.5405	42.728	-8.46327	-0.0250655	107.78	112.341	0.9594
9558	0.00934555	0.204785	73.5396	42.7285	-8.46327	-0.0250655	107.78	112.341	0.959402
9559	0.00934648	0.204785	73.5388	42.729	-8.46327	-0.0250654	107.78	112.34	0.959403
9560	0.0093474	0.204784	73.538	42.7296	-8.46327	-0.0250654	107.779	112.34	0.959404
9561	0.00934832	0.204783	73.5371	42.7301	-8.46326	-0.0250654	107.779	112.339	0.959405
9562	0.00934925	0.204782	73.5363	42.7306	-8.46323	-0.0250653	107.779	112.339	0.959407
9563	0.00935017	0.204781	73.5354	42.7312	-8.46317	-0.0250653	107.778	112.338	0.959409
9564	0.0093511	0.20478	73.5346	42.7317	-8.46307	-0.0250653	107.778	112.338	0.959411
9565	0.00935202	0.204779	73.5337	42.7322	-8.46294	-0.0250652	107.778	112.337	0.959414
9566	0.00935294	0.204779	73.5329	42.7328	-8.46276	-0.0250652	107.778	112.337	0.959416
9567	0.00935387	0.204778	73.532	42.7333	-8.46255	-0.0250652	107.778	112.336	0.95942
9568	0.00935479	0.204777	73.5312	42.7339	-8.4623	-0.0250652	107.778	112.336	0.959423
9569	0.00935571	0.204776	73.5303	42.7344	-8.46203	-0.0250652	107.778	112.335	0.959427
9570	0.00935664	0.204775	73.5295	42.7349	-8.46173	-0.0250652	107.778	112.335	0.959431
9571	0.00935756	0.204774	73.5286	42.7355	-8.46143	-0.0250652	107.778	112.334	0.959435
9572	0.00935848	0.204773	73.5278	42.736	-8.46112	-0.0250652	107.778	112.334	0.959439
9573	0.00935941	0.204772	73.5269	42.7365	-8.46081	-0.0250652	107.778	112.334	0.959443
9574	0.00936033	0.204772	73.5261	42.7371	-8.46052	-0.0250652	107.778	112.333	0.959447
9575	0.00936126	0.204771	73.5252	42.7376	-8.46025	-0.0250652	107.778	112.333	0.95945
9576	0.00936218	0.20477	73.5244	42.7381	-8.46	-0.0250652	107.777	112.332	0.959454
9577	0.0093631	0.204769	73.5235	42.7387	-8.45978	-0.0250652	107.777	112.332	0.959457
9578	0.00936403	0.204768	73.5227	42.7392	-8.45958	-0.0250652	107.777	112.331	0.95946
9579	0.00936495	0.204767	73.5218	42.7398	-8.4594	-0.0250652	107.777	112.331	0.959463
9580	0.00936587	0.204766	73.521	42.7403	-8.45925	-0.0250652	107.777	112.33	0.959466
9581	0.0093668	0.204765	73.5201	42.7408	-8.45912	-0.0250651	107.777	112.33	0.959468
9582	0.00936772	0.204765	73.5193	42.7414	-8.459	-0.0250651	107.777	112.329	0.959471
9583	0.00936864	0.204764	73.5184	42.7419	-8.45888	-0.0250651	107.776	112.329	0.959473
9584	0.00936957	0.204763	73.5176	42.7424	-8.45875	-0.025065	107.776	112.328	0.959476
9585	0.00937049	0.204762	73.5167	42.743	-8.4586	-0.025065	107.776	112.328	0.959478
9586	0.00937141	0.204761	73.5159	42.7435	-8.45844	-0.0250649	107.776	112.327	0.959481
9587	0.00937234	0.20476	73.515	42.7441	-8.45825	-0.0250649	107.776	112.327	0.959484
9588	0.00937326	0.204759	73.5142	42.7446	-8.45802	-0.0250649	107.776	112.326	0.959487
9589	0.00937419	0.204758	73.5133	42.7451	-8.45777	-0.0250649	107.776	112.326	0.959491
9590	0.00937511	0.204758	73.5125	42.7457	-8.45749	-0.0250648	107.776	112.325	0.959495
9591	0.00937603	0.204757	73.5116	42.7462	-8.45718	-0.0250648	107.776	112.325	0.959499
9592	0.00937696	0.204756	73.5107	42.7467	-8.45686	-0.0250648	107.776	112.324	0.959503
9593	0.00937788	0.204755	73.5099	42.7473	-8.45651	-0.0250648	107.776	112.324	0.959507
9594	0.0093788	0.204754	73.509	42.7478	-8.45616	-0.0250648	107.776	112.323	0.959512
9595	0.00937973	0.204753	73.5082	42.7484	-8.45581	-0.0250648	107.776	112.323	0.959516
9596	0.00938065	0.204752	73.5073	42.7489	-8.45547	-0.0250649	107.776	112.322	0.95952
9597	0.00938157	0.204751	73.5065	42.7494	-8.45514	-0.0250649	107.776	112.322	0.959525
9598	0.0093825	0.204751	73.5056	42.75	-8.45483	-0.0250649	107.776	112.322	0.959529
9599	0.00938342	0.20475	73.5048	42.7505	-8.45455	-0.0250649	107.776	112.321	0.959532
9600	0.00938434	0.204749	73.5039	42.7511	-8.45431	-0.0250649	107.776	112.321	0.959536
9601	0.00938527	0.204748	73.5031	42.7516	-8.45409	-0.025065	107.776	112.32	0.959539
9602	0.00938619	0.204747	73.5022	42.7521	-8.45391	-0.025065	107.775	112.32	0.959542
9603	0.00938712	0.204746	73.5014	42.7527	-8.45377	-0.025065	107.775	112.319	0.959545
9604	0.00938804	0.204745	73.5005	42.7532	-8.45365	-0.025065	107.775	112.319	0.959547
9605	0.00938896	0.204744	73.4997	42.7537	-8.45356	-0.025065	107.775	112.318	0.959549
9606	0.00938989	0.204744	73.4988	42.7543	-8.45348	-0.025065	107.775	112.318	0.959551
9607	0.00939081	0.204743	73.4979	42.7548	-8.45341	-0.0250649	107.774	112.317	0.959553
9608	0.00939173	0.204742	73.4971	42.7554	-8.45335	-0.0250649	107.774	112.317	0.959555
9609	0.00939266	0.204741	73.4962	42.7559	-8.45327	-0.0250649	107.774	112.316	0.959557
9610	0.00939358	0.20474	73.4954	42.7564	-8.45317	-0.0250649	107.774	112.316	0.959559
9611	0.0093945	0.204739	73.4945	42.757	-8.45305	-0.0250649	107.773	112.315	0.959561
9612	0.00939543	0.204738	73.4937	42.7575	-8.4529	-0.0250648	107.773	112.315	0.959564
9613	0.00939635	0.204737	73.4928	42.7581	-8.45271	-0.0250648	107.773	112.314	0.959567
9614	0.00939728	0.204737	73.492	42.7586	-8.45248	-0.0250648	107.773	112.314	0.95957
9615	0.0093982	0.204736	73.4911	42.7591	-8.45223	-0.0250648	107.773	112.313	0.959574
9616	0.00939912	0.204735	73.4903	42.7597	-8.45194	-0.0250648	107.773	112.313	0.959578
9617	0.00940005	0.204734	73.4894	42.7602	-8.45163	-0.0250648	107.773	112.312	0.959582
9618	0.00940097	0.204733	73.4885	42.7608	-8.45131	-0.0250648	107.773	112.312	0.959586
9619	0.00940189	0.204732	73.4877	42.7613	-8.45099	-0.0250649	107.773	112.311	0.95959
9620	0.00940282	0.204731	73.4868	42.7618	-8.45066	-0.0250649	107.773	112.311	0.959595
9621	0.00940374	0.20473	73.486	42.7624	-8.45035	-0.0250649	107.773	112.31	0.959599
9622	0.00940466	0.20473	73.4851	42.7629	-8.45005	-0.0250649	107.773	112.31	0.959603
9623	0.00940559	0.204729	73.4843	42.7635	-8.44978	-0.0250649	107.773	112.309	0.959606
9624	0.00940651	0.204728	73.4834	42.764	-8.44954	-0.0250649	107.773	112.309	0.95961
9625	0.00940744	0.204727	73.4826	42.7645	-8.44932	-0.0250649	107.773	112.309	0.959613
9626	0.00940836	0.204726	73.4817	42.7651	-8.44914	-0.0250649	107.773	112.308	0.959616
9627	0.00940928	0.204725	73.4808	42.7656	-8.44898	-0.0250649	107.772	112.308	0.959619
9628	0.00941021	0.204724	73.48	42.7662	-8.44885	-0.0250649	107.772	112.307	0.959621
9629	0.00941113	0.204723	73.4791	42.7667	-8.44875	-0.0250648	107.772	112.307	0.959623
9630	0.00941205	0.204722	73.4783	42.7672	-8.44865	-0.0250648	107.772	112.306	0.959626
9631	0.00941298	0.204722	73.4774	42.7678	-8.44856	-0.0250648	107.772	112.306	0.959628
9632	0.0094139	0.204721	73.4766	42.7683	-8.44846	-0.0250647	107.771	112.305	0.95963
9633	0.00941482	0.20472	73.4757	42.7689	-8.44835	-0.0250647	107.771	112.305	0.959632
9634	0.00941575	0.204719	73.4748	42.7694	-8.44822	-0.0250646	107.771	112.304	0.959635
9635	0.00941667	0.204718	73.474	42.77	-8.44806	-0.0250646	107.771	112.304	0.959637
9636	0.00941759	0.204717	73.4731	42.7705	-8.44788	-0.0250645	107.771	112.303	0.95964
9637	0.00941852	0.204716	73.4723	42.771	-8.44767	-0.0250645	107.771	112.303	0.959644
9638	0.00941944	0.204715	73.4714	42.7716	-8.44743	-0.0250645	107.77	112.302	0.959647
9639	0.00942037	0.204715	73.4706	42.7721	-8.44717	-0.0250645	107.77	112.302	0.959651
9640	0.00942129	0.204714	73.4697	42.7727	-8.44689	-0.0250644	107.77	112.301	0.959654
9641	0.00942221	0.204713	73.4688	42.7732	-8.44659	-0.0250644	107.77	112.301	0.959658
9642	0.00942314	0.204712	73.468	42.7737	-8.44629	-0.0250644	107.77	112.3	0.959662
9643	0.00942406	0.204711	73.4671	42.7743	-8.44599	-0.0250644	107.77	112.3	0.959666
9644	0.00942498	0.20471	73.4663	42.7748	-8.4457	-0.0250645	107.77	112.299	0.95967
9645	0.00942591	0.204709	73.4654	42.7754	-8.44543	-0.0250645	107.77	112.299	0.959674
9646	0.00942683	0.204708	73.4646	42.7759	-8.44518	-0.0250645	107.77	112.298	0.959678
9647	0.00942775	0.204707	73.4637	42.7765	-8.44495	-0.0250645	107.77	112.298	0.959681
9648	0.00942868	0.204707	73.4628	42.777	-8.44476	-0.0250645	107.77	112.297	0.959684
9649	0.0094296	0.204706	73.462	42.7775	-8.4446	-0.0250645	107.77	112.297	0.959687
9650	0.00943053	0.204705	73.4611	42.7781	-8.44448	-0.0250645	107.77	112.296	0.959689
9651	0.00943145	0.204704	73.4603	42.7786	-8.44438	-0.0250645	107.769	112.296	0.959691
9652	0.00943237	0.204703	73.4594	42.7792	-8.44432	-0.0250645	107.769	112.295	0.959693
9653	0.0094333	0.204702	73.4585	42.7797	-8.44427	-0.0250645	107.769	112.295	0.959695
9654	0.00943422	0.204701	73.4577	42.7802	-8.44424	-0.0250645	107.769	112.294	0.959696
9655	0.00943514	0.2047	73.4568	42.7808	-8.44421	-0.0250644	107.768	112.294	0.959698
9656	0.00943607	0.2047	73.456	42.7813	-8.44418	-0.0250644	107.768	112.294	0.9597
9657	0.00943699	0.204699	73.4551	42.7819	-8.44414	-0.0250644	107.768	112.293	0.959701
9658	0.00943791	0.204698	73.4542	42.7824	-8.44407	-0.0250644	107.768	112.293	0.959703
9659	0.00943884	0.204697	73.4534	42.783	-8.44398	-0.0250643	107.767	112.292	0.959705
9660	0.00943976	0.204696	73.4525	42.7835	-8.44385	-0.0250643	107.767	112.292	0.959708
9661	0.00944068	0.204695	73.4517	42.784	-8.44369	-0.0250643	107.767	112.291	0.959711
9662	0.00944161	0.204694	73.4508	42.7846	-8.44349	-0.0250643	107.767	112.291	0.959714
9663	0.00944253	0.204693	73.4499	42.7851	-8.44326	-0.0250643	107.767	112.29	0.959717
9664	0.00944346	0.204692	73.4491	42.7857	-8.443	-0.0250643	107.767	112.29	0.959721
9665	0.00944438	0.204692	73.4482	42.7862	-8.44272	-0.0250643	107.767	112.289	0.959724
9666	0.0094453	0.204691	73.4474	42.7868	-8.44243	-0.0250643	107.767	112.289	0.959728
9667	0.00944623	0.20469	73.4465	42.7873	-8.44213	-0.0250643	107.767	112.288	0.959732
9668	0.00944715	0.204689	73.4456	42.7878	-8.44183	-0.0250643	107.767	112.288	0.959736
9669	0.00944807	0.204688	73.4448	42.7884	-8.44154	-0.0250644	107.767	112.287	0.95974
9670	0.009449	0.204687	73.4439	42.7889	-8.44127	-0.0250644	107.767	112.287	0.959744
9671	0.00944992	0.204686	73.4431	42.7895	-8.44102	-0.0250644	107.766	112.286	0.959747
9672	0.00945084	0.204685	73.4422	42.79	-8.4408	-0.0250644	107.766	112.286	0.959751
9673	0.00945177	0.204685	73.4413	42.7906	-8.4406	-0.0250644	107.766	112.285	0.959754
9674	0.00945269	0.204684	73.4405	42.7911	-8.44043	-0.0250644	107.766	112.285	0.959757
9675	0.00945362	0.204683	73.4396	42.7916	-8.44029	-0.0250644	107.766	112.284	0.959759
9676	0.00945454	0.204682	73.4388	42.7922	-8.44016	-0.0250644	107.766	112.284	0.959762
9677	0.00945546	0.204681	73.4379	42.7927	-8.44005	-0.0250644	107.766	112.283	0.959764
9678	0.00945639	0.20468	73.437	42.7933	-8.43995	-0.0250644	107.765	112.283	0.959766
9679	0.00945731	0.204679	73.4362	42.7938	-8.43985	-0.0250643	107.765	112.282	0.959769
9680	0.00945823	0.204678	73.4353	42.7944	-8.43974	-0.0250643	107.765	112.282	0.959771
9681	0.00945916	0.204677	73.4345	42.7949	-8.43962	-0.0250643	107.765	112.281	0.959773
9682	0.00946008	0.204677	73.4336	42.7954	-8.43948	-0.0250642	107.765	112.281	0.959776
9683	0.009461	0.204676	73.4327	42.796	-8.43931	-0.0250642	107.764	112.28	0.959779
9684	0.00946193	0.204675	73.4319	42.7965	-8.43913	-0.0250642	107.764	112.28	0.959782
9685	0.00946285	0.204674	73.431	42.7971	-8.43892	-0.0250642	107.764	112.279	0.959785
9686	0.00946378	0.204673	73.4302	42.7976	-8.43869	-0.0250642	107.764	112.279	0.959788
9687	0.0094647	0.204672	73.4293	42.7982	-8.43845	-0.0250642	107.764	112.278	0.959792
9688	0.00946562	0.204671	73.4284	42.7987	-8.43819	-0.0250642	107.764	112.278	0.959795
9689	0.00946655	0.20467	73.4276	42.7992	-8.43793	-0.0250642	107.764	112.278	0.959799
9690	0.00946747	0.204669	73.4267	42.7998	-8.43766	-0.0250642	107.764	112.277	0.959803
9691	0.00946839	0.204669	73.4258	42.8003	-8.43741	-0.0250642	107.764	112.277	0.959806
9692	0.00946932	0.204668	73.425	42.8009	-8.43717	-0.0250642	107.764	112.276	0.95981
9693	0.00947024	0.204667	73.4241	42.8014	-8.43695	-0.0250642	107.764	112.276	0.959813
9694	0.00947116	0.204666	73.4233	42.802	-8.43675	-0.0250642	107.763	112.275	0.959816
9695	0.00947209	0.204665	73.4224	42.8025	-8.43659	-0.0250643	107.763	112.275	0.959819
9696	0.00947301	0.204664	73.4215	42.8031	-8.43646	-0.0250643	107.763	112.274	0.959821
9697	0.00947394	0.204663	73.4207	42.8036	-8.43637	-0.0250643	107.763	112.274	0.959823
9698	0.00947486	0.204662	73.4198	42.8041	-8.43631	-0.0250643	107.763	112.273	0.959825
9699	0.00947578	0.204661	73.419	42.8047	-8.43629	-0.0250643	107.762	112.273	0.959827
9700	0.00947671	0.204661	73.4181	42.8052	-8.4363	-0.0250643	107.762	112.272	0.959828
9701	0.00947763	0.20466	73.4172	42.8058	-8.43633	-0.0250642	107.762	112.272	0.959829
9702	0.00947855	0.204659	73.4164	42.8063	-8.43637	-0.0250642	107.761	112.271	0.95983
9703	0.00947948	0.204658	73.4155	42.8069	-8.43641	-0.0250642	107.761	112.271	0.959831
9704	0.0094804	0.204657	73.4146	42.8074	-8.43644	-0.0250642	107.761	112.27	0.959832
9705	0.00948132	0.204656	73.4138	42.8079	-8.43646	-0.0250641	107.76	112.27	0.959833
9706	0.00948225	0.204655	73.4129	42.8085	-8.43645	-0.0250641	107.76	112.269	0.959835
9707	0.00948317	0.204654	73.4121	42.809	-8.43641	-0.0250641	107.76	112.269	0.959836
9708	0.0094841	0.204654	73.4112	42.8096	-8.43634	-0.0250641	107.759	112.268	0.959838
9709	0.00948502	0.204653	73.4103	42.8101	-8.43622	-0.0250641	107.759	112.268	0.959841
9710	0.00948594	0.204652	73.4095	42.8107	-8.43608	-0.0250641	107.759	112.267	0.959843
9711	0.00948687	0.204651	73.4086	42.8112	-8.4359	-0.0250641	107.759	112.267	0.959846
9712	0.00948779	0.20465	73.4077	42.8118	-8.43569	-0.0250641	107.759	112.266	0.959849
9713	0.00948871	0.204649	73.4069	42.8123	-8.43547	-0.0250641	107.759	112.266	0.959853
9714	0.00948964	0.204648	73.406	42.8128	-8.43524	-0.0250641	107.759	112.265	0.959856
9715	0.00949056	0.204647	73.4052	42.8134	-8.435	-0.0250641	107.758	112.265	0.959859
9716	0.00949148	0.204646	73.4043	42.8139	-8.43478	-0.0250641	107.758	112.264	0.959863
9717	0.00949241	0.204646	73.4034	42.8145	-8.43457	-0.0250642	107.758	112.264	0.959866
9718	0.00949333	0.204645	73.4026	42.815	-8.43437	-0.0250642	107.758	112.263	0.959869
9719	0.00949425	0.204644	73.4017	42.8156	-8.43421	-0.0250642	107.758	112.263	0.959872
9720	0.00949518	0.204643	73.4009	42.8161	-8.43407	-0.0250642	107.758	112.262	0.959874
9721	0.0094961	0.204642	73.4	42.8167	-8.43395	-0.0250642	107.758	112.262	0.959877
9722	0.00949703	0.204641	73.3991	42.8172	-8.43387	-0.0250642	107.757	112.261	0.959879
9723	0.00949795	0.20464	73.3983	42.8177	-8.4338	-0.0250642	107.757	112.261	0.959881
9724	0.00949887	0.204639	73.3974	42.8183	-8.43375	-0.0250642	107.757	112.26	0.959882
9725	0.0094998	0.204638	73.3965	42.8188	-8.43371	-0.0250642	107.757	112.26	0.959884
9726	0.00950072	0.204638	73.3957	42.8194	-8.43367	-0.0250641	107.756	112.26	0.959886
9727	0.00950164	0.204637	73.3948	42.8199	-8.43363	-0.0250641	107.756	112.259	0.959888
9728	0.00950257	0.204636	73.394	42.8205	-8.43357	-0.0250641	107.756	112.259	0.959889
9729	0.00950349	0.204635	73.3931	42.821	-8.43349	-0.025064	107.756	112.258	0.959891
9730	0.00950441	0.204634	73.3922	42.8215	-8.43338	-0.025064	107.755	112.258	0.959894
9731	0.00950534	0.204633	73.3914	42.8221	-8.43325	-0.025064	107.755	112.257	0.959896
9732	0.00950626	0.204632	73.3905	42.8226	-8.43308	-0.025064	107.755	112.257	0.959899
9733	0.00950719	0.204631	73.3897	42.8232	-8.43288	-0.025064	107.755	112.256	0.959902
9734	0.00950811	0.20463	73.3888	42.8237	-8.43266	-0.025064	107.755	112.256	0.959905
9735	0.00950903	0.20463	73.3879	42.8243	-8.43242	-0.025064	107.755	112.255	0.959909
9736	0.00950996	0.204629	73.3871	42.8248	-8.43216	-0.025064	107.755	112.255	0.959913
9737	0.00951088	0.204628	73.3862	42.8253	-8.4319	-0.025064	107.755	112.254	0.959916
9738	0.0095118	0.204627	73.3854	42.8259	-8.43164	-0.0250641	107.755	112.254	0.95992
9739	0.00951273	0.204626	73.3845	42.8264	-8.43138	-0.0250641	107.754	112.253	0.959923
9740	0.00951365	0.204625	73.3836	42.827	-8.43115	-0.0250641	107.754	112.253	0.959927
9741	0.00951457	0.204624	73.3828	42.8275	-8.43093	-0.0250642	107.754	112.252	0.95993
9742	0.0095155	0.204623	73.3819	42.8281	-8.43075	-0.0250642	107.754	112.252	0.959933
9743	0.00951642	0.204622	73.381	42.8286	-8.43061	-0.0250643	107.754	112.251	0.959936
9744	0.00951735	0.204622	73.3802	42.8291	-8.4305	-0.0250643	107.754	112.251	0.959938
9745	0.00951827	0.204621	73.3793	42.8297	-8.43043	-0.0250643	107.754	112.25	0.95994
9746	0.00951919	0.20462	73.3785	42.8302	-8.43041	-0.0250643	107.753	112.25	0.959941
9747	0.00952012	0.204619	73.3776	42.8308	-8.43042	-0.0250644	107.753	112.249	0.959943
9748	0.00952104	0.204618	73.3767	42.8313	-8.43047	-0.0250644	107.753	112.249	0.959944
9749	0.00952196	0.204617	73.3759	42.8319	-8.43053	-0.0250644	107.752	112.248	0.959944
9750	0.00952289	0.204616	73.375	42.8324	-8.43062	-0.0250644	107.752	112.248	0.959945
9751	0.00952381	0.204615	73.3742	42.8329	-8.43071	-0.0250643	107.751	112.247	0.959945
9752	0.00952474	0.204615	73.3733	42.8335	-8.43079	-0.0250643	107.751	112.247	0.959946
9753	0.00952566	0.204614	73.3725	42.834	-8.43086	-0.0250643	107.751	112.246	0.959947
9754	0.00952658	0.204613	73.3716	42.8346	-8.43091	-0.0250643	107.75	112.246	0.959948
9755	0.00952751	0.204612	73.3707	42.8351	-8.43093	-0.0250643	107.75	112.245	0.959949
9756	0.00952843	0.204611	73.3699	42.8356	-8.43092	-0.0250643	107.75	112.245	0.95995
9757	0.00952935	0.20461	73.369	42.8362	-8.43087	-0.0250643	107.749	112.244	0.959952
9758	0.00953028	0.204609	73.3682	42.8367	-8.43079	-0.0250643	107.749	112.244	0.959954
9759	0.0095312	0.204608	73.3673	42.8373	-8.43069	-0.0250643	107.749	112.243	0.959956
9760	0.00953212	0.204607	73.3664	42.8378	-8.43056	-0.0250643	107.749	112.243	0.959959
9761	0.00953305	0.204607	73.3656	42.8384	-8.43042	-0.0250643	107.748	112.243	0.959961
9762	0.00953397	0.204606	73.3647	42.8389	-8.43026	-0.0250643	107.748	112.242	0.959964
9763	0.0095349	0.204605	73.3639	42.8394	-8.4301	-0.0250643	107.748	112.242	0.959967
9764	0.00953582	0.204604	73.363	42.84	-8.42995	-0.0250643	107.748	112.241	0.959969
9765	0.00953674	0.204603	73.3622	42.8405	-8.42981	-0.0250644	107.748	112.241	0.959972
9766	0.00953767	0.204602	73.3613	42.8411	-8.42969	-0.0250644	107.748	112.24	0.959974
9767	0.00953859	0.204601	73.3605	42.8416	-8.4296	-0.0250644	107.747	112.24	0.959976
9768	0.00953951	0.2046	73.3596	42.8421	-8.42955	-0.0250644	107.747	112.239	0.959978
9769	0.00954044	0.2046	73.3587	42.8427	-8.42953	-0.0250644	107.747	112.239	0.95998
9770	0.00954136	0.204599	73.3579	42.8432	-8.42954	-0.0250644	107.746	112.238	0.959981
9771	0.00954228	0.204598	73.357	42.8438	-8.42958	-0.0250644	107.746	112.238	0.959982
9772	0.00954321	0.204597	73.3562	42.8443	-8.42964	-0.0250644	107.746	112.237	0.959983
9773	0.00954413	0.204596	73.3553	42.8448	-8.42971	-0.0250643	107.745	112.237	0.959983
9774	0.00954506	0.204595	73.3545	42.8454	-8.42979	-0.0250643	107.745	112.236	0.959984
9775	0.00954598	0.204594	73.3536	42.8459	-8.42987	-0.0250643	107.745	112.236	0.959985
9776	0.0095469	0.204593	73.3528	42.8464	-8.42993	-0.0250642	107.744	112.235	0.959985
9777	0.00954783	0.204592	73.3519	42.847	-8.42997	-0.0250642	107.744	112.235	0.959986
9778	0.00954875	0.204592	73.3511	42.8475	-8.42998	-0.0250642	107.744	112.234	0.959987
9779	0.00954967	0.204591	73.3502	42.8481	-8.42996	-0.0250641	107.743	112.234	0.959989
9780	0.0095506	0.20459	73.3494	42.8486	-8.42992	-0.0250641	107.743	112.233	0.959991
9781	0.00955152	0.204589	73.3485	42.8491	-8.42984	-0.0250641	107.743	112.233	0.959993
9782	0.00955244	0.204588	73.3477	42.8497	-8.42973	-0.0250641	107.743	112.232	0.959995
9783	0.00955337	0.204587	73.3468	42.8502	-8.4296	-0.0250641	107.742	112.232	0.959997
9784	0.00955429	0.204586	73.346	42.8507	-8.42946	-0.0250641	107.742	112.231	0.96
9785	0.00955522	0.204585	73.3451	42.8513	-8.4293	-0.0250641	107.742	112.231	0.960003
9786	0.00955614	0.204585	73.3443	42.8518	-8.42915	-0.0250641	107.742	112.23	0.960005
9787	0.00955706	0.204584	73.3434	42.8523	-8.429	-0.0250641	107.742	112.23	0.960008
9788	0.00955799	0.204583	73.3426	42.8529	-8.42886	-0.0250642	107.742	112.23	0.960011
9789	0.00955891	0.204582	73.3417	42.8534	-8.42875	-0.0250642	107.741	112.229	0.960013
9790	0.00955983	0.204581	73.3409	42.8539	-8.42866	-0.0250642	107.741	112.229	0.960015
9791	0.00956076	0.20458	73.34	42.8545	-8.42861	-0.0250643	107.741	112.228	0.960017
9792	0.00956168	0.204579	73.3392	42.855	-8.42859	-0.0250643	107.741	112.228	0.960018
9793	0.00956261	0.204578	73.3383	42.8555	-8.42861	-0.0250643	107.74	112.227	0.960019
9794	0.00956353	0.204578	73.3375	42.8561	-8.42866	-0.0250643	107.74	112.227	0.96002
9795	0.00956445	0.204577	73.3366	42.8566	-8.42875	-0.0250643	107.739	112.226	0.960021
9796	0.00956538	0.204576	73.3358	42.8571	-8.42886	-0.0250643	107.739	112.226	0.960021
9797	0.0095663	0.204575	73.335	42.8577	-8.42898	-0.0250643	107.739	112.225	0.960021
9798	0.00956722	0.204574	73.3341	42.8582	-8.42912	-0.0250643	107.738	112.225	0.960021
9799	0.00956815	0.204573	73.3333	42.8587	-8.42925	-0.0250643	107.738	112.224	0.960021
9800	0.00956907	0.204572	73.3324	42.8593	-8.42938	-0.0250643	107.737	112.224	0.960022
9801	0.00956999	0.204572	73.3316	42.8598	-8.42949	-0.0250643	107.737	112.223	0.960022
9802	0.00957092	0.204571	73.3307	42.8603	-8.42958	-0.0250643	107.736	112.223	0.960022
9803	0.00957184	0.20457	73.3299	42.8609	-8.42964	-0.0250643	107.736	112.222	0.960023
9804	0.00957277	0.204569	73.3291	42.8614	-8.42966	-0.0250643	107.736	112.222	0.960024
9805	0.00957369	0.204568	73.3282	42.8619	-8.42965	-0.0250643	107.735	112.221	0.960026
9806	0.00957461	0.204567	73.3274	42.8624	-8.42961	-0.0250643	107.735	112.221	0.960027
9807	0.00957554	0.204566	73.3266	42.863	-8.42954	-0.0250643	107.735	112.22	0.960029
9808	0.00957646	0.204566	73.3257	42.8635	-8.42944	-0.0250643	107.735	112.22	0.960031
9809	0.00957738	0.204565	73.3249	42.864	-8.42934	-0.0250644	107.735	112.22	0.960034
9810	0.00957831	0.204564	73.3241	42.8645	-8.42923	-0.0250644	107.734	112.219	0.960036
9811	0.00957923	0.204563	73.3232	42.8651	-8.42912	-0.0250644	107.734	112.219	0.960038
9812	0.00958015	0.204562	73.3224	42.8656	-8.42903	-0.0250644	107.734	112.218	0.96004
9813	0.00958108	0.204561	73.3216	42.8661	-8.42895	-0.0250645	107.734	112.218	0.960042
9814	0.009582	0.20456	73.3207	42.8666	-8.4289	-0.0250645	107.733	112.217	0.960044
9815	0.00958293	0.204559	73.3199	42.8672	-8.42887	-0.0250645	107.733	112.217	0.960045
9816	0.00958385	0.204559	73.3191	42.8677	-8.42888	-0.0250645	107.733	112.216	0.960047
9817	0.00958477	0.204558	73.3182	42.8682	-8.42891	-0.0250645	107.732	112.216	0.960048
9818	0.0095857	0.204557	73.3174	42.8687	-8.42898	-0.0250645	107.732	112.215	0.960048
9819	0.00958662	0.204556	73.3166	42.8693	-8.42907	-0.0250645	107.732	112.215	0.960049
9820	0.00958754	0.204555	73.3158	42.8698	-8.42919	-0.0250645	107.731	112.214	0.960049
9821	0.00958847	0.204554	73.3149	42.8703	-8.42932	-0.0250645	107.731	112.214	0.960049
9822	0.00958939	0.204554	73.3141	42.8708	-8.42945	-0.0250644	107.73	112.213	0.960049
9823	0.00959032	0.204553	73.3133	42.8713	-8.42958	-0.0250644	107.73	112.213	0.960049
9824	0.00959124	0.204552	73.3125	42.8719	-8.4297	-0.0250644	107.73	112.212	0.96005
9825	0.00959216	0.204551	73.3116	42.8724	-8.42981	-0.0250643	107.729	112.212	0.96005
9826	0.00959309	0.20455	73.3108	42.8729	-8.42989	-0.0250643	107.729	112.212	0.96005
9827	0.00959401	0.204549	73.31	42.8734	-8.42995	-0.0250642	107.728	112.211	0.960051
9828	0.00959493	0.204548	73.3092	42.8739	-8.42998	-0.0250642	107.728	112.211	0.960052
9829	0.00959586	0.204548	73.3084	42.8744	-8.42998	-0.0250642	107.728	112.21	0.960053
9830	0.00959678	0.204547	73.3076	42.8749	-8.42996	-0.0250642	107.727	112.21	0.960055
9831	0.0095977	0.204546	73.3067	42.8755	-8.42992	-0.0250642	107.727	112.209	0.960056
9832	0.00959863	0.204545	73.3059	42.876	-8.42987	-0.0250642	107.727	112.209	0.960058
9833	0.00959955	0.204544	73.3051	42.8765	-8.42981	-0.0250642	107.727	112.208	0.96006
9834	0.00960048	0.204543	73.3043	42.877	-8.42975	-0.0250642	107.726	112.208	0.960062
9835	0.0096014	0.204543	73.3035	42.8775	-8.42969	-0.0250642	107.726	112.207	0.960064
9836	0.00960232	0.204542	73.3027	42.878	-8.42965	-0.0250642	107.726	112.207	0.960065
9837	0.00960325	0.204541	73.3019	42.8785	-8.42962	-0.0250642	107.726	112.207	0.960067
9838	0.00960417	0.20454	73.3011	42.879	-8.42963	-0.0250643	107.725	112.206	0.960068
9839	0.00960509	0.204539	73.3003	42.8795	-8.42966	-0.0250643	107.725	112.206	0.960069
9840	0.00960602	0.204538	73.2995	42.88	-8.42973	-0.0250643	107.725	112.205	0.960069
9841	0.00960694	0.204538	73.2987	42.8806	-8.42983	-0.0250643	107.724	112.205	0.96007
9842	0.00960786	0.204537	73.2979	42.8811	-8.42996	-0.0250643	107.724	112.204	0.96007
9843	0.00960879	0.204536	73.2971	42.8816	-8.43012	-0.0250643	107.723	112.204	0.96007
9844	0.00960971	0.204535	73.2963	42.8821	-8.43031	-0.0250643	107.723	112.203	0.960069
9845	0.00961064	0.204534	73.2955	42.8826	-8.43051	-0.0250643	107.722	112.203	0.960069
9846	0.00961156	0.204533	73.2947	42.8831	-8.43071	-0.0250643	107.722	112.202	0.960068
9847	0.00961248	0.204533	73.2939	42.8836	-8.43092	-0.0250643	107.721	112.202	0.960067
9848	0.00961341	0.204532	73.2931	42.8841	-8.43111	-0.0250642	107.721	112.202	0.960067
9849	0.00961433	0.204531	73.2923	42.8846	-8.43128	-0.0250642	107.721	112.201	0.960067
9850	0.00961525	0.20453	73.2915	42.8851	-8.43142	-0.0250642	107.72	112.201	0.960067
9851	0.00961618	0.204529	73.2907	42.8856	-8.43153	-0.0250642	107.72	112.2	0.960067
9852	0.0096171	0.204529	73.2899	42.8861	-8.43161	-0.0250642	107.719	112.2	0.960067
9853	0.00961802	0.204528	73.2891	42.8866	-8.43165	-0.0250642	107.719	112.199	0.960068
9854	0.00961895	0.204527	73.2884	42.887	-8.43166	-0.0250642	107.719	112.199	0.960069
9855	0.00961987	0.204526	73.2876	42.8875	-8.43165	-0.0250642	107.718	112.198	0.960071
9856	0.0096208	0.204525	73.2868	42.888	-8.43161	-0.0250642	107.718	112.198	0.960072
9857	0.00962172	0.204525	73.286	42.8885	-8.43155	-0.0250642	107.718	112.198	0.960074
9858	0.00962264	0.204524	73.2852	42.889	-8.43149	-0.0250642	107.718	112.197	0.960076
9859	0.00962357	0.204523	73.2845	42.8895	-8.43144	-0.0250642	107.717	112.197	0.960077
9860	0.00962449	0.204522	73.2837	42.89	-8.43139	-0.0250643	107.717	112.196	0.960079
9861	0.00962541	0.204521	73.2829	42.8905	-8.43136	-0.0250643	107.717	112.196	0.960081
9862	0.00962634	0.204521	73.2821	42.891	-8.43134	-0.0250643	107.717	112.195	0.960082
9863	0.00962726	0.20452	73.2814	42.8915	-8.43135	-0.0250643	107.716	112.195	0.960083
9864	0.00962818	0.204519	73.2806	42.8919	-8.43138	-0.0250643	107.716	112.194	0.960084
9865	0.00962911	0.204518	73.2798	42.8924	-8.43142	-0.0250643	107.716	112.194	0.960085
9866	0.00963003	0.204517	73.2791	42.8929	-8.43149	-0.0250643	107.715	112.194	0.960085
9867	0.00963096	0.204517	73.2783	42.8934	-8.43157	-0.0250643	107.715	112.193	0.960086
9868	0.00963188	0.204516	73.2775	42.8939	-8.43166	-0.0250643	107.715	112.193	0.960086
9869	0.0096328	0.204515	73.2768	42.8943	-8.43175	-0.0250643	107.714	112.192	0.960087
9870	0.00963373	0.204514	73.276	42.8948	-8.43183	-0.0250643	107.714	112.192	0.960087
9871	0.00963465	0.204513	73.2753	42.8953	-8.43191	-0.0250643	107.714	112.191	0.960087
9872	0.00963557	0.204513	73.2745	42.8958	-8.43196	-0.0250642	107.713	112.191	0.960088
9873	0.0096365	0.204512	73.2738	42.8963	-8.43199	-0.0250642	107.713	112.191	0.960089
9874	0.00963742	0.204511	73.273	42.8967	-8.432	-0.0250642	107.713	112.19	0.96009
9875	0.00963835	0.20451	73.2723	42.8972	-8.43198	-0.0250642	107.712	112.19	0.960092
9876	0.00963927	0.20451	73.2715	42.8977	-8.43193	-0.0250642	107.712	112.189	0.960093
9877	0.00964019	0.204509	73.2708	42.8981	-8.43185	-0.0250642	107.712	112.189	0.960095
9878	0.00964112	0.204508	73.27	42.8986	-8.43176	-0.0250642	107.712	112.188	0.960097
9879	0.00964204	0.204507	73.2693	42.8991	-8.43165	-0.0250642	107.712	112.188	0.960099
9880	0.00964296	0.204506	73.2685	42.8995	-8.43154	-0.0250643	107.711	112.188	0.960101
9881	0.00964389	0.204506	73.2678	42.9	-8.43142	-0.0250643	107.711	112.187	0.960103
9882	0.00964481	0.204505	73.267	42.9005	-8.43132	-0.0250643	107.711	112.187	0.960105
9883	0.00964573	0.204504	73.2663	42.9009	-8.43123	-0.0250644	107.711	112.186	0.960107
9884	0.00964666	0.204503	73.2656	42.9014	-8.43116	-0.0250644	107.711	112.186	0.960109
9885	0.00964758	0.204503	73.2648	42.9019	-8.43112	-0.0250644	107.711	112.186	0.960111
9886	0.00964851	0.204502	73.2641	42.9023	-8.43112	-0.0250645	107.71	112.185	0.960112
9887	0.00964943	0.204501	73.2634	42.9028	-8.43116	-0.0250645	107.71	112.185	0.960113
9888	0.00965035	0.2045	73.2627	42.9032	-8.43123	-0.0250645	107.71	112.184	0.960113
9889	0.00965128	0.2045	73.2619	42.9037	-8.43135	-0.0250646	107.709	112.184	0.960113
9890	0.0096522	0.204499	73.2612	42.9042	-8.43151	-0.0250646	107.709	112.183	0.960113
9891	0.00965312	0.204498	73.2605	42.9046	-8.4317	-0.0250646	107.708	112.183	0.960112
9892	0.00965405	0.204497	73.2598	42.9051	-8.43191	-0.0250646	107.708	112.183	0.960111
9893	0.00965497	0.204497	73.259	42.9055	-8.43214	-0.0250645	107.707	112.182	0.960111
9894	0.0096559	0.204496	73.2583	42.906	-8.43237	-0.0250645	107.707	112.182	0.96011
9895	0.00965682	0.204495	73.2576	42.9064	-8.4326	-0.0250645	107.706	112.181	0.960109
9896	0.00965774	0.204494	73.2569	42.9069	-8.43282	-0.0250645	107.706	112.181	0.960108
9897	0.00965867	0.204494	73.2562	42.9073	-8.433	-0.0250645	107.705	112.181	0.960107
9898	0.00965959	0.204493	73.2555	42.9078	-8.43316	-0.0250644	107.705	112.18	0.960107
9899	0.00966051	0.204492	73.2548	42.9082	-8.43328	-0.0250644	107.705	112.18	0.960107
9900	0.00966144	0.204492	73.2541	42.9087	-8.43336	-0.0250644	107.704	112.179	0.960107
9901	0.00966236	0.204491	73.2534	42.9091	-8.4334	-0.0250644	107.704	112.179	0.960108
9902	0.00966328	0.20449	73.2527	42.9095	-8.43341	-0.0250644	107.704	112.179	0.960109
9903	0.00966421	0.204489	73.252	42.91	-8.43339	-0.0250644	107.703	112.178	0.96011
9904	0.00966513	0.204489	73.2513	42.9104	-8.43334	-0.0250644	107.703	112.178	0.960112
9905	0.00966606	0.204488	73.2506	42.9109	-8.43328	-0.0250644	107.703	112.177	0.960114
9906	0.00966698	0.204487	73.2499	42.9113	-8.4332	-0.0250645	107.703	112.177	0.960115
9907	0.0096679	0.204486	73.2492	42.9117	-8.43313	-0.0250645	107.703	112.177	0.960117
9908	0.00966883	0.204486	73.2485	42.9122	-8.43307	-0.0250645	107.703	112.176	0.960119
9909	0.00966975	0.204485	73.2478	42.9126	-8.43302	-0.0250645	107.702	112.176	0.96012
9910	0.00967067	0.204484	73.2471	42.913	-8.433	-0.0250645	107.702	112.175	0.960121
9911	0.0096716	0.204484	73.2464	42.9135	-8.43301	-0.0250646	107.702	112.175	0.960122
9912	0.00967252	0.204483	73.2457	42.9139	-8.43305	-0.0250646	107.702	112.175	0.960123
9913	0.00967344	0.204482	73.2451	42.9143	-8.43312	-0.0250646	107.701	112.174	0.960123
9914	0.00967437	0.204482	73.2444	42.9148	-8.43322	-0.0250646	107.701	112.174	0.960124
9915	0.00967529	0.204481	73.2437	42.9152	-8.43333	-0.0250645	107.7	112.174	0.960124
9916	0.00967622	0.20448	73.243	42.9156	-8.43345	-0.0250645	107.7	112.173	0.960124
9917	0.00967714	0.204479	73.2424	42.916	-8.43358	-0.0250645	107.7	112.173	0.960124
9918	0.00967806	0.204479	73.2417	42.9165	-8.43369	-0.0250645	107.699	112.172	0.960124
9919	0.00967899	0.204478	73.241	42.9169	-8.4338	-0.0250644	107.699	112.172	0.960124
9920	0.00967991	0.204477	73.2403	42.9173	-8.43387	-0.0250644	107.699	112.172	0.960124
9921	0.00968083	0.204477	73.2397	42.9177	-8.43392	-0.0250644	107.698	112.171	0.960125
9922	0.00968176	0.204476	73.239	42.9181	-8.43394	-0.0250644	107.698	112.171	0.960126
9923	0.00968268	0.204475	73.2384	42.9185	-8.43391	-0.0250644	107.698	112.171	0.960127
9924	0.0096836	0.204475	73.2377	42.919	-8.43386	-0.0250644	107.698	112.17	0.960128
9925	0.00968453	0.204474	73.237	42.9194	-8.43377	-0.0250644	107.698	112.17	0.96013
9926	0.00968545	0.204473	73.2364	42.9198	-8.43365	-0.0250644	107.697	112.169	0.960132
9927	0.00968638	0.204473	73.2357	42.9202	-8.43351	-0.0250644	107.697	112.169	0.960134
9928	0.0096873	0.204472	73.2351	42.9206	-8.43336	-0.0250644	107.697	112.169	0.960137
9929	0.00968822	0.204471	73.2344	42.921	-8.43321	-0.0250645	107.697	112.168	0.960139
9930	0.00968915	0.204471	73.2338	42.9214	-8.43305	-0.0250645	107.697	112.168	0.960142
9931	0.00969007	0.20447	73.2331	42.9218	-8.43291	-0.0250645	107.697	112.168	0.960144
9932	0.00969099	0.204469	73.2325	42.9222	-8.43279	-0.0250646	107.697	112.167	0.960146
9933	0.00969192	0.204469	73.2319	42.9226	-8.43269	-0.0250646	107.697	112.167	0.960148
9934	0.00969284	0.204468	73.2312	42.923	-8.43262	-0.0250647	107.697	112.166	0.960149
9935	0.00969376	0.204467	73.2306	42.9234	-8.4326	-0.0250647	107.696	112.166	0.960151
9936	0.00969469	0.204467	73.2299	42.9238	-8.43261	-0.0250648	107.696	112.166	0.960152
9937	0.00969561	0.204466	73.2293	42.9242	-8.43265	-0.0250648	107.696	112.165	0.960152
9938	0.00969654	0.204465	73.2287	42.9246	-8.43274	-0.0250648	107.696	112.165	0.960152
9939	0.00969746	0.204465	73.2281	42.925	-8.43285	-0.0250648	107.695	112.165	0.960152
9940	0.00969838	0.204464	73.2274	42.9254	-8.43299	-0.0250648	107.695	112.164	0.960152
9941	0.00969931	0.204463	73.2268	42.9258	-8.43314	-0.0250649	107.694	112.164	0.960152
9942	0.00970023	0.204463	73.2262	42.9262	-8.43329	-0.0250649	107.694	112.164	0.960151
9943	0.00970115	0.204462	73.2256	42.9266	-8.43345	-0.0250649	107.694	112.163	0.960151
9944	0.00970208	0.204461	73.2249	42.927	-8.43359	-0.0250648	107.693	112.163	0.960151
9945	0.009703	0.204461	73.2243	42.9274	-8.4337	-0.0250648	107.693	112.163	0.960151
9946	0.00970393	0.20446	73.2237	42.9278	-8.43379	-0.0250648	107.693	112.162	0.960151
9947	0.00970485	0.20446	73.2231	42.9282	-8.43385	-0.0250648	107.692	112.162	0.960151
9948	0.00970577	0.204459	73.2225	42.9285	-8.43387	-0.0250648	107.692	112.162	0.960152
9949	0.0097067	0.204458	73.2219	42.9289	-8.43385	-0.0250648	107.692	112.161	0.960153
9950	0.00970762	0.204458	73.2213	42.9293	-8.43381	-0.0250649	107.692	112.161	0.960154
9951	0.00970854	0.204457	73.2207	42.9297	-8.43375	-0.0250649	107.692	112.16	0.960156
9952	0.00970947	0.204456	73.2201	42.9301	-8.43366	-0.0250649	107.691	112.16	0.960158
9953	0.00971039	0.204456	73.2195	42.9304	-8.43357	-0.0250649	107.691	112.16	0.960159
9954	0.00971131	0.204455	73.2189	42.9308	-8.43346	-0.025065	107.691	112.159	0.960161
9955	0.00971224	0.204455	73.2183	42.9312	-8.43337	-0.025065	107.691	112.159	0.960163
9956	0.00971316	0.204454	73.2177	42.9316	-8.43328	-0.025065	107.691	112.159	0.960165
9957	0.00971409	0.204453	73.2171	42.9319	-8.43321	-0.025065	107.691	112.158	0.960166
9958	0.00971501	0.204453	73.2165	42.9323	-8.43316	-0.025065	107.691	112.158	0.960168
9959	0.00971593	0.204452	73.2159	42.9327	-8.43315	-0.0250651	107.69	112.158	0.960169
9960	0.00971686	0.204451	73.2153	42.9331	-8.43317	-0.0250651	107.69	112.157	0.960169
9961	0.00971778	0.204451	73.2147	42.9334	-8.43323	-0.0250651	107.69	112.157	0.96017
9962	0.0097187	0.20445	73.2142	42.9338	-8.43331	-0.0250651	107.69	112.157	0.96017
9963	0.00971963	0.20445	73.2136	42.9341	-8.43342	-0.025065	107.689	112.156	0.96017
9964	0.00972055	0.204449	73.213	42.9345	-8.43354	-0.025065	107.689	112.156	0.96017
9965	0.00972147	0.204449	73.2124	42.9349	-8.43367	-0.025065	107.689	112.156	0.960169
9966	0.0097224	0.204448	73.2119	42.9352	-8.43379	-0.025065	107.688	112.155	0.960169
9967	0.00972332	0.204447	73.2113	42.9356	-8.4339	-0.0250649	107.688	112.155	0.960169
9968	0.00972425	0.204447	73.2107	42.936	-8.43398	-0.0250649	107.688	112.155	0.960169
9969	0.00972517	0.204446	73.2102	42.9363	-8.43404	-0.0250649	107.687	112.155	0.96017
9970	0.00972609	0.204446	73.2096	42.9367	-8.43406	-0.0250648	107.687	112.154	0.96017
9971	0.00972702	0.204445	73.209	42.937	-8.43405	-0.0250648	107.687	112.154	0.960171
9972	0.00972794	0.204444	73.2085	42.9374	-8.434	-0.0250648	107.687	112.154	0.960173
9973	0.00972886	0.204444	73.2079	42.9377	-8.43392	-0.0250648	107.687	112.153	0.960174
9974	0.00972979	0.204443	73.2074	42.9381	-8.43382	-0.0250648	107.687	112.153	0.960176
9975	0.00973071	0.204443	73.2068	42.9384	-8.43369	-0.0250648	107.686	112.153	0.960178
9976	0.00973163	0.204442	73.2063	42.9388	-8.43354	-0.0250648	107.686	112.152	0.96018
9977	0.00973256	0.204442	73.2057	42.9391	-8.43339	-0.0250649	107.686	112.152	0.960182
9978	0.00973348	0.204441	73.2052	42.9395	-8.43324	-0.0250649	107.686	112.152	0.960184
9979	0.00973441	0.20444	73.2046	42.9398	-8.4331	-0.0250649	107.686	112.151	0.960187
9980	0.00973533	0.20444	73.2041	42.9401	-8.43298	-0.025065	107.686	112.151	0.960189
9981	0.00973625	0.204439	73.2035	42.9405	-8.43288	-0.025065	107.686	112.151	0.96019
9982	0.00973718	0.204439	73.203	42.9408	-8.43281	-0.025065	107.686	112.15	0.960192
9983	0.0097381	0.204438	73.2025	42.9412	-8.43278	-0.0250651	107.686	112.15	0.960193
9984	0.00973902	0.204438	73.2019	42.9415	-8.43278	-0.0250651	107.686	112.15	0.960194
9985	0.00973995	0.204437	73.2014	42.9418	-8.43282	-0.0250651	107.685	112.15	0.960194
9986	0.00974087	0.204437	73.2009	42.9422	-8.43289	-0.0250651	107.685	112.149	0.960194
9987	0.00974179	0.204436	73.2003	42.9425	-8.43298	-0.0250651	107.685	112.149	0.960194
9988	0.00974272	0.204435	73.1998	42.9428	-8.43309	-0.0250652	107.684	112.149	0.960194
9989	0.00974364	0.204435	73.1993	42.9432	-8.4332	-0.0250652	107.684	112.148	0.960194
9990	0.00974457	0.204434	73.1987	42.9435	-8.43331	-0.0250652	107.684	112.148	0.960194
9991	0.00974549	0.204434	73.1982	42.9438	-8.43341	-0.0250651	107.684	112.148	0.960194
9992	0.00974641	0.204433	73.1977	42.9441	-8.4335	-0.0250651	107.683	112.147	0.960194
9993	0.00974734	0.204433	73.1972	42.9445	-8.43355	-0.0250651	107.683	112.147	0.960194
9994	0.00974826	0.204432	73.1967	42.9448	-8.43358	-0.0250651	107.683	112.147	0.960195
9995	0.00974918	0.204432	73.1962	42.9451	-8.43356	-0.0250652	107.683	112.147	0.960196
9996	0.00975011	0.204431	73.1956	42.9454	-8.43351	-0.0250652	107.683	112.146	0.960197
9997	0.00975103	0.204431	73.1951	42.9458	-8.43343	-0.0250652	107.682	112.146	0.960198
9998	0.00975195	0.20443	73.1946	42.9461	-8.43331	-0.0250652	107.682	112.146	0.9602
9999	0.00975288	0.20443	73.1941	42.9464	-8.43317	-0.0250652	107.682	112.145	0.960202
10000	0.0097538	0.204429	73.1936	42.9467	-8.43301	-0.0250653	107.682	112.145	0.960204
10001	0.00975473	0.204429	73.1931	42.947	-8.43285	-0.0250653	107.682	112.145	0.960207
10002	0.00975565	0.204428	73.1926	42.9473	-8.43268	-0.0250653	107.682	112.145	0.960209
10003	0.00975657	0.204427	73.1921	42.9477	-8.43252	-0.0250654	107.682	112.144	0.960211
10004	0.0097575	0.204427	73.1916	42.948	-8.43237	-0.0250654	107.682	112.144	0.960213
10005	0.00975842	0.204426	73.1911	42.9483	-8.43224	-0.0250655	107.682	112.144	0.960215
10006	0.00975934	0.204426	73.1906	42.9486	-8.43213	-0.0250655	107.682	112.143	0.960217
10007	0.00976027	0.204425	73.1901	42.9489	-8.43205	-0.0250655	107.682	112.143	0.960218
10008	0.00976119	0.204425	73.1897	42.9492	-8.432	-0.0250655	107.682	112.143	0.96022
10009	0.00976211	0.204424	73.1892	42.9495	-8.43197	-0.0250656	107.682	112.143	0.960221
10010	0.00976304	0.204424	73.1887	42.9498	-8.43196	-0.0250656	107.681	112.142	0.960222
10011	0.00976396	0.204423	73.1882	42.9501	-8.43197	-0.0250656	107.681	112.142	0.960222
10012	0.00976489	0.204423	73.1877	42.9504	-8.43199	-0.0250656	107.681	112.142	0.960223
10013	0.00976581	0.204422	73.1872	42.9507	-8.43201	-0.0250656	107.681	112.142	0.960223
10014	0.00976673	0.204422	73.1868	42.951	-8.43203	-0.0250655	107.681	112.141	0.960224
10015	0.00976766	0.204421	73.1863	42.9513	-8.43204	-0.0250655	107.681	112.141	0.960225
10016	0.00976858	0.204421	73.1858	42.9516	-8.43203	-0.0250655	107.68	112.141	0.960225
10017	0.0097695	0.20442	73.1854	42.9519	-8.432	-0.0250655	107.68	112.14	0.960226
10018	0.00977043	0.20442	73.1849	42.9522	-8.43194	-0.0250655	107.68	112.14	0.960228
10019	0.00977135	0.20442	73.1844	42.9525	-8.43186	-0.0250655	107.68	112.14	0.960229
10020	0.00977227	0.204419	73.184	42.9528	-8.43175	-0.0250655	107.68	112.14	0.960231
10021	0.0097732	0.204419	73.1835	42.9531	-8.43161	-0.0250655	107.68	112.139	0.960233
10022	0.00977412	0.204418	73.183	42.9534	-8.43146	-0.0250655	107.68	112.139	0.960235
10023	0.00977505	0.204418	73.1826	42.9537	-8.43129	-0.0250655	107.68	112.139	0.960237
10024	0.00977597	0.204417	73.1821	42.954	-8.43112	-0.0250655	107.68	112.139	0.960239
10025	0.00977689	0.204417	73.1817	42.9542	-8.43094	-0.0250656	107.68	112.138	0.960242
10026	0.00977782	0.204416	73.1812	42.9545	-8.43077	-0.0250656	107.68	112.138	0.960244
10027	0.00977874	0.204416	73.1807	42.9548	-8.43061	-0.0250656	107.68	112.138	0.960246
10028	0.00977966	0.204415	73.1803	42.9551	-8.43047	-0.0250657	107.68	112.138	0.960248
10029	0.00978059	0.204415	73.1799	42.9554	-8.43036	-0.0250657	107.68	112.137	0.96025
10030	0.00978151	0.204414	73.1794	42.9557	-8.43028	-0.0250657	107.68	112.137	0.960251
10031	0.00978243	0.204414	73.179	42.9559	-8.43023	-0.0250658	107.68	112.137	0.960252
10032	0.00978336	0.204413	73.1785	42.9562	-8.43021	-0.0250658	107.679	112.137	0.960253
10033	0.00978428	0.204413	73.1781	42.9565	-8.43023	-0.0250658	107.679	112.136	0.960253
10034	0.00978521	0.204412	73.1776	42.9568	-8.43028	-0.0250658	107.679	112.136	0.960254
10035	0.00978613	0.204412	73.1772	42.957	-8.43035	-0.0250658	107.679	112.136	0.960254
10036	0.00978705	0.204412	73.1768	42.9573	-8.43044	-0.0250659	107.679	112.136	0.960254
10037	0.00978798	0.204411	73.1763	42.9576	-8.43053	-0.0250659	107.678	112.135	0.960253
10038	0.0097889	0.204411	73.1759	42.9579	-8.43062	-0.0250659	107.678	112.135	0.960253
10039	0.00978982	0.20441	73.1755	42.9581	-8.4307	-0.0250658	107.678	112.135	0.960253
10040	0.00979075	0.20441	73.175	42.9584	-8.43075	-0.0250658	107.678	112.135	0.960254
10041	0.00979167	0.204409	73.1746	42.9587	-8.43077	-0.0250658	107.677	112.134	0.960254
10042	0.00979259	0.204409	73.1742	42.9589	-8.43076	-0.0250658	107.677	112.134	0.960255
10043	0.00979352	0.204408	73.1738	42.9592	-8.43071	-0.0250659	107.677	112.134	0.960256
10044	0.00979444	0.204408	73.1734	42.9595	-8.43062	-0.0250659	107.677	112.134	0.960257
10045	0.00979537	0.204408	73.1729	42.9597	-8.4305	-0.0250659	107.677	112.133	0.960259
10046	0.00979629	0.204407	73.1725	42.96	-8.43035	-0.0250659	107.677	112.133	0.960261
10047	0.00979721	0.204407	73.1721	42.9602	-8.43017	-0.0250659	107.677	112.133	0.960263
10048	0.00979814	0.204406	73.1717	42.9605	-8.42998	-0.025066	107.677	112.133	0.960266
10049	0.00979906	0.204406	73.1713	42.9608	-8.42978	-0.025066	107.677	112.132	0.960268
10050	0.00979998	0.204405	73.1709	42.961	-8.42959	-0.0250661	107.677	112.132	0.96027
10051	0.00980091	0.204405	73.1705	42.9613	-8.4294	-0.0250661	107.677	112.132	0.960273
10052	0.00980183	0.204405	73.1701	42.9615	-8.42922	-0.0250661	107.677	112.132	0.960275
10053	0.00980275	0.204404	73.1697	42.9618	-8.42907	-0.0250662	107.677	112.132	0.960277
10054	0.00980368	0.204404	73.1693	42.962	-8.42893	-0.0250662	107.677	112.131	0.960279
10055	0.0098046	0.204403	73.1689	42.9623	-8.42881	-0.0250662	107.677	112.131	0.960281
10056	0.00980553	0.204403	73.1685	42.9625	-8.42871	-0.0250663	107.677	112.131	0.960282
10057	0.00980645	0.204403	73.1681	42.9628	-8.42862	-0.0250663	107.677	112.131	0.960283
10058	0.00980737	0.204402	73.1677	42.963	-8.42855	-0.0250663	107.677	112.13	0.960285
10059	0.0098083	0.204402	73.1673	42.9633	-8.42849	-0.0250663	107.677	112.13	0.960286
10060	0.00980922	0.204401	73.1669	42.9635	-8.42842	-0.0250663	107.677	112.13	0.960287
10061	0.00981014	0.204401	73.1665	42.9638	-8.42835	-0.0250663	107.677	112.13	0.960288
10062	0.00981107	0.204401	73.1662	42.964	-8.42826	-0.0250663	107.677	112.13	0.96029
10063	0.00981199	0.2044	73.1658	42.9642	-8.42815	-0.0250663	107.677	112.129	0.960291
10064	0.00981291	0.2044	73.1654	42.9645	-8.42801	-0.0250663	107.677	112.129	0.960293
10065	0.00981384	0.204399	73.165	42.9647	-8.42785	-0.0250664	107.677	112.129	0.960295
10066	0.00981476	0.204399	73.1646	42.9649	-8.42764	-0.0250664	107.677	112.129	0.960297
10067	0.00981569	0.204399	73.1643	42.9652	-8.42741	-0.0250664	107.677	112.128	0.9603
10068	0.00981661	0.204398	73.1639	42.9654	-8.42715	-0.0250664	107.677	112.128	0.960303
10069	0.00981753	0.204398	73.1635	42.9656	-8.42687	-0.0250665	107.677	112.128	0.960306
10070	0.00981846	0.204397	73.1632	42.9659	-8.42657	-0.0250665	107.677	112.128	0.960309
10071	0.00981938	0.204397	73.1628	42.9661	-8.42626	-0.0250666	107.678	112.128	0.960313
10072	0.0098203	0.204397	73.1624	42.9663	-8.42595	-0.0250667	107.678	112.127	0.960316
10073	0.00982123	0.204396	73.1621	42.9666	-8.42565	-0.0250667	107.678	112.127	0.960319
10074	0.00982215	0.204396	73.1617	42.9668	-8.42536	-0.0250668	107.678	112.127	0.960322
10075	0.00982308	0.204396	73.1614	42.967	-8.4251	-0.0250669	107.678	112.127	0.960325
10076	0.009824	0.204395	73.161	42.9672	-8.42487	-0.025067	107.678	112.127	0.960328
10077	0.00982492	0.204395	73.1607	42.9675	-8.42467	-0.025067	107.678	112.126	0.96033
10078	0.00982585	0.204395	73.1603	42.9677	-8.42452	-0.0250671	107.678	112.126	0.960332
10079	0.00982677	0.204394	73.1599	42.9679	-8.42441	-0.0250672	107.678	112.126	0.960334
10080	0.00982769	0.204394	73.1596	42.9681	-8.42435	-0.0250672	107.678	112.126	0.960335
10081	0.00982862	0.204393	73.1593	42.9683	-8.42433	-0.0250672	107.678	112.126	0.960335
10082	0.00982954	0.204393	73.1589	42.9686	-8.42435	-0.0250673	107.678	112.125	0.960336
10083	0.00983046	0.204393	73.1586	42.9688	-8.4244	-0.0250673	107.678	112.125	0.960336
10084	0.00983139	0.204392	73.1582	42.969	-8.42447	-0.0250673	107.678	112.125	0.960336
10085	0.00983231	0.204392	73.1579	42.9692	-8.42455	-0.0250673	107.677	112.125	0.960336
10086	0.00983324	0.204392	73.1575	42.9694	-8.42462	-0.0250673	107.677	112.125	0.960336
10087	0.00983416	0.204391	73.1572	42.9696	-8.42469	-0.0250674	107.677	112.124	0.960335
10088	0.00983508	0.204391	73.1569	42.9698	-8.42472	-0.0250674	107.677	112.124	0.960336
10089	0.00983601	0.204391	73.1565	42.97	-8.42473	-0.0250674	107.677	112.124	0.960336
10090	0.00983693	0.20439	73.1562	42.9703	-8.4247	-0.0250674	107.677	112.124	0.960337
10091	0.00983785	0.20439	73.1559	42.9705	-8.42463	-0.0250674	107.677	112.124	0.960338
10092	0.00983878	0.20439	73.1556	42.9707	-8.42452	-0.0250674	107.677	112.123	0.96034
10093	0.0098397	0.204389	73.1552	42.9709	-8.42438	-0.0250674	107.677	112.123	0.960341
10094	0.00984062	0.204389	73.1549	42.9711	-8.42421	-0.0250675	107.677	112.123	0.960343
10095	0.00984155	0.204389	73.1546	42.9713	-8.424	-0.0250675	107.677	112.123	0.960346
10096	0.00984247	0.204388	73.1543	42.9715	-8.42377	-0.0250676	107.677	112.123	0.960348
10097	0.0098434	0.204388	73.1539	42.9717	-8.42353	-0.0250676	107.677	112.123	0.960351
10098	0.00984432	0.204388	73.1536	42.9719	-8.42329	-0.0250677	107.677	112.122	0.960354
10099	0.00984524	0.204387	73.1533	42.9721	-8.42305	-0.0250677	107.677	112.122	0.960356
10100	0.00984617	0.204387	73.153	42.9723	-8.42283	-0.0250678	107.677	112.122	0.960359
10101	0.00984709	0.204387	73.1527	42.9725	-8.42263	-0.0250678	107.677	112.122	0.960361
10102	0.00984801	0.204386	73.1524	42.9727	-8.42247	-0.0250678	107.678	112.122	0.960363
10103	0.00984894	0.204386	73.1521	42.9729	-8.42234	-0.0250679	107.678	112.122	0.960364
10104	0.00984986	0.204386	73.1517	42.9731	-8.42224	-0.0250679	107.677	112.121	0.960366
10105	0.00985079	0.204385	73.1514	42.9733	-8.42218	-0.0250679	107.677	112.121	0.960367
10106	0.00985171	0.204385	73.1511	42.9734	-8.42214	-0.025068	107.677	112.121	0.960368
10107	0.00985263	0.204385	73.1508	42.9736	-8.42212	-0.025068	107.677	112.121	0.960368
10108	0.00985356	0.204384	73.1505	42.9738	-8.42211	-0.025068	107.677	112.121	0.960369
10109	0.00985448	0.204384	73.1502	42.974	-8.42209	-0.025068	107.677	112.12	0.96037
10110	0.0098554	0.204384	73.1499	42.9742	-8.42206	-0.025068	107.677	112.12	0.96037
10111	0.00985633	0.204383	73.1496	42.9744	-8.422	-0.025068	107.677	112.12	0.960371
10112	0.00985725	0.204383	73.1493	42.9746	-8.42192	-0.025068	107.677	112.12	0.960372
10113	0.00985817	0.204383	73.1491	42.9748	-8.4218	-0.025068	107.677	112.12	0.960374
10114	0.0098591	0.204383	73.1488	42.9749	-8.42164	-0.025068	107.677	112.12	0.960376
10115	0.00986002	0.204382	73.1485	42.9751	-8.42145	-0.025068	107.677	112.119	0.960378
10116	0.00986095	0.204382	73.1482	42.9753	-8.42122	-0.0250681	107.677	112.119	0.96038
10117	0.00986187	0.204382	73.1479	42.9755	-8.42097	-0.0250681	107.677	112.119	0.960383
10118	0.00986279	0.204381	73.1476	42.9757	-8.42069	-0.0250682	107.678	112.119	0.960386
10119	0.00986372	0.204381	73.1473	42.9758	-8.42039	-0.0250682	107.678	112.119	0.960389
10120	0.00986464	0.204381	73.1471	42.976	-8.42009	-0.0250683	107.678	112.119	0.960392
10121	0.00986556	0.204381	73.1468	42.9762	-8.41979	-0.0250684	107.678	112.119	0.960395
10122	0.00986649	0.20438	73.1465	42.9764	-8.41949	-0.0250684	107.678	112.118	0.960398
10123	0.00986741	0.20438	73.1462	42.9765	-8.41922	-0.0250685	107.678	112.118	0.960401
10124	0.00986833	0.20438	73.146	42.9767	-8.41898	-0.0250686	107.679	112.118	0.960404
10125	0.00986926	0.204379	73.1457	42.9769	-8.41877	-0.0250687	107.679	112.118	0.960406
10126	0.00987018	0.204379	73.1454	42.977	-8.41859	-0.0250687	107.679	112.118	0.960408
10127	0.00987111	0.204379	73.1452	42.9772	-8.41846	-0.0250688	107.679	112.118	0.96041
10128	0.00987203	0.204379	73.1449	42.9774	-8.41837	-0.0250689	107.679	112.117	0.960411
10129	0.00987295	0.204378	73.1446	42.9775	-8.41831	-0.0250689	107.679	112.117	0.960412
10130	0.00987388	0.204378	73.1444	42.9777	-8.41829	-0.025069	107.679	112.117	0.960413
10131	0.0098748	0.204378	73.1441	42.9779	-8.41829	-0.025069	107.679	112.117	0.960413
10132	0.00987572	0.204377	73.1439	42.978	-8.4183	-0.0250691	107.679	112.117	0.960413
10133	0.00987665	0.204377	73.1436	42.9782	-8.41833	-0.0250691	107.678	112.117	0.960413
10134	0.00987757	0.204377	73.1433	42.9783	-8.41835	-0.0250691	107.678	112.117	0.960414
10135	0.0098785	0.204377	73.1431	42.9785	-8.41836	-0.0250692	107.678	112.116	0.960414
10136	0.00987942	0.204376	73.1428	42.9787	-8.41835	-0.0250692	107.678	112.116	0.960414
10137	0.00988034	0.204376	73.1426	42.9788	-8.41831	-0.0250692	107.678	112.116	0.960415
10138	0.00988127	0.204376	73.1424	42.979	-8.41824	-0.0250692	107.678	112.116	0.960416
10139	0.00988219	0.204376	73.1421	42.9791	-8.41813	-0.0250693	107.678	112.116	0.960418
10140	0.00988311	0.204375	73.1419	42.9793	-8.41799	-0.0250693	107.678	112.116	0.960419
10141	0.00988404	0.204375	73.1416	42.9794	-8.41782	-0.0250694	107.678	112.116	0.960421
10142	0.00988496	0.204375	73.1414	42.9796	-8.41763	-0.0250694	107.678	112.115	0.960423
10143	0.00988588	0.204375	73.1411	42.9797	-8.41743	-0.0250695	107.678	112.115	0.960425
10144	0.00988681	0.204374	73.1409	42.9799	-8.4172	-0.0250695	107.679	112.115	0.960428
10145	0.00988773	0.204374	73.1407	42.98	-8.41698	-0.0250696	107.679	112.115	0.96043
10146	0.00988866	0.204374	73.1404	42.9802	-8.41676	-0.0250696	107.679	112.115	0.960432
10147	0.00988958	0.204374	73.1402	42.9803	-8.41655	-0.0250697	107.679	112.115	0.960435
10148	0.0098905	0.204373	73.14	42.9805	-8.41636	-0.0250698	107.679	112.115	0.960437
10149	0.00989143	0.204373	73.1398	42.9806	-8.41619	-0.0250698	107.679	112.115	0.960439
10150	0.00989235	0.204373	73.1395	42.9807	-8.41606	-0.0250699	107.679	112.114	0.96044
10151	0.00989327	0.204373	73.1393	42.9809	-8.41597	-0.0250699	107.679	112.114	0.960441
10152	0.0098942	0.204373	73.1391	42.981	-8.41591	-0.0250699	107.679	112.114	0.960442
10153	0.00989512	0.204372	73.1389	42.9812	-8.41589	-0.0250699	107.679	112.114	0.960443
10154	0.00989605	0.204372	73.1387	42.9813	-8.4159	-0.02507	107.679	112.114	0.960443
10155	0.00989697	0.204372	73.1384	42.9814	-8.41593	-0.02507	107.679	112.114	0.960443
10156	0.00989789	0.204372	73.1382	42.9816	-8.41598	-0.02507	107.679	112.114	0.960443
10157	0.00989882	0.204371	73.138	42.9817	-8.41602	-0.02507	107.679	112.114	0.960443
10158	0.00989974	0.204371	73.1378	42.9818	-8.41606	-0.0250699	107.679	112.113	0.960443
10159	0.00990066	0.204371	73.1376	42.982	-8.41607	-0.0250699	107.678	112.113	0.960443
10160	0.00990159	0.204371	73.1374	42.9821	-8.41606	-0.0250699	107.678	112.113	0.960443
10161	0.00990251	0.204371	73.1372	42.9822	-8.41603	-0.0250699	107.678	112.113	0.960444
10162	0.00990344	0.20437	73.137	42.9823	-8.41595	-0.0250699	107.678	112.113	0.960445
10163	0.00990436	0.20437	73.1368	42.9825	-8.41585	-0.0250699	107.678	112.113	0.960446
10164	0.00990528	0.20437	73.1366	42.9826	-8.41571	-0.0250699	107.678	112.113	0.960448
10165	0.00990621	0.20437	73.1364	42.9827	-8.41554	-0.02507	107.678	112.113	0.96045
10166	0.00990713	0.20437	73.1362	42.9828	-8.41535	-0.02507	107.679	112.112	0.960452
10167	0.00990805	0.204369	73.136	42.9829	-8.41515	-0.02507	107.679	112.112	0.960454
10168	0.00990898	0.204369	73.1358	42.9831	-8.41494	-0.0250701	107.679	112.112	0.960456
10169	0.0099099	0.204369	73.1356	42.9832	-8.41473	-0.0250701	107.679	112.112	0.960458
10170	0.00991082	0.204369	73.1355	42.9833	-8.41454	-0.0250702	107.679	112.112	0.96046
10171	0.00991175	0.204369	73.1353	42.9834	-8.41436	-0.0250703	107.679	112.112	0.960462
10172	0.00991267	0.204368	73.1351	42.9835	-8.41421	-0.0250703	107.679	112.112	0.960463
10173	0.0099136	0.204368	73.1349	42.9836	-8.4141	-0.0250704	107.679	112.112	0.960465
10174	0.00991452	0.204368	73.1347	42.9837	-8.41402	-0.0250704	107.679	112.112	0.960466
10175	0.00991544	0.204368	73.1346	42.9839	-8.41398	-0.0250705	107.679	112.112	0.960466
10176	0.00991637	0.204368	73.1344	42.984	-8.41398	-0.0250705	107.679	112.111	0.960467
10177	0.00991729	0.204367	73.1342	42.9841	-8.41401	-0.0250706	107.679	112.111	0.960467
10178	0.00991821	0.204367	73.134	42.9842	-8.41407	-0.0250706	107.679	112.111	0.960466
10179	0.00991914	0.204367	73.1339	42.9843	-8.41415	-0.0250706	107.679	112.111	0.960466
10180	0.00992006	0.204367	73.1337	42.9844	-8.41424	-0.0250706	107.679	112.111	0.960465
10181	0.00992099	0.204367	73.1335	42.9845	-8.41433	-0.0250707	107.679	112.111	0.960465
10182	0.00992191	0.204367	73.1334	42.9846	-8.41441	-0.0250707	107.679	112.111	0.960464
10183	0.00992283	0.204366	73.1332	42.9847	-8.41447	-0.0250707	107.678	112.111	0.960464
10184	0.00992376	0.204366	73.1331	42.9848	-8.4145	-0.0250707	107.678	112.111	0.960464
10185	0.00992468	0.204366	73.1329	42.9849	-8.4145	-0.0250707	107.678	112.111	0.960464
10186	0.0099256	0.204366	73.1328	42.985	-8.41447	-0.0250708	107.678	112.111	0.960465
10187	0.00992653	0.204366	73.1326	42.9851	-8.41439	-0.0250708	107.678	112.11	0.960466
10188	0.00992745	0.204366	73.1325	42.9852	-8.41428	-0.0250708	107.678	112.11	0.960467
10189	0.00992837	0.204365	73.1323	42.9853	-8.41414	-0.0250709	107.678	112.11	0.960469
10190	0.0099293	0.204365	73.1322	42.9854	-8.41396	-0.0250709	107.678	112.11	0.96047
10191	0.00993022	0.204365	73.132	42.9854	-8.41378	-0.025071	107.679	112.11	0.960472
10192	0.00993115	0.204365	73.1319	42.9855	-8.41358	-0.025071	107.679	112.11	0.960474
10193	0.00993207	0.204365	73.1318	42.9856	-8.41338	-0.0250711	107.679	112.11	0.960476
10194	0.00993299	0.204365	73.1316	42.9857	-8.41319	-0.0250712	107.679	112.11	0.960478
10195	0.00993392	0.204365	73.1315	42.9858	-8.41301	-0.0250712	107.679	112.11	0.96048
10196	0.00993484	0.204364	73.1314	42.9859	-8.41286	-0.0250713	107.679	112.11	0.960481
10197	0.00993576	0.204364	73.1312	42.9859	-8.41273	-0.0250714	107.679	112.11	0.960483
10198	0.00993669	0.204364	73.1311	42.986	-8.41262	-0.0250714	107.679	112.11	0.960484
10199	0.00993761	0.204364	73.131	42.9861	-8.41254	-0.0250715	107.679	112.109	0.960485
10200	0.00993854	0.204364	73.1309	42.9862	-8.41249	-0.0250715	107.679	112.109	0.960486
10201	0.00993946	0.204364	73.1307	42.9863	-8.41246	-0.0250715	107.679	112.109	0.960486
10202	0.00994038	0.204364	73.1306	42.9863	-8.41245	-0.0250716	107.679	112.109	0.960486
10203	0.00994131	0.204364	73.1305	42.9864	-8.41245	-0.0250716	107.679	112.109	0.960486
10204	0.00994223	0.204363	73.1304	42.9865	-8.41247	-0.0250716	107.679	112.109	0.960486
10205	0.00994315	0.204363	73.1303	42.9865	-8.41248	-0.0250716	107.679	112.109	0.960486
10206	0.00994408	0.204363	73.1302	42.9866	-8.41249	-0.0250716	107.679	112.109	0.960487
10207	0.009945	0.204363	73.1301	42.9867	-8.41249	-0.0250716	107.679	112.109	0.960487
10208	0.00994593	0.204363	73.13	42.9867	-8.41247	-0.0250716	107.679	112.109	0.960487
10209	0.00994685	0.204363	73.1298	42.9868	-8.41243	-0.0250717	107.679	112.109	0.960488
10210	0.00994777	0.204363	73.1297	42.9869	-8.41236	-0.0250717	107.679	112.109	0.960488
10211	0.0099487	0.204363	73.1296	42.9869	-8.41228	-0.0250717	107.679	112.109	0.960489
10212	0.00994962	0.204363	73.1295	42.987	-8.41218	-0.0250717	107.679	112.109	0.96049
10213	0.00995054	0.204362	73.1295	42.9871	-8.41206	-0.0250717	107.679	112.109	0.960492
10214	0.00995147	0.204362	73.1294	42.9871	-8.41193	-0.0250718	107.679	112.109	0.960493
10215	0.00995239	0.204362	73.1293	42.9872	-8.41179	-0.0250718	107.68	112.109	0.960494
10216	0.00995332	0.204362	73.1292	42.9872	-8.41166	-0.0250719	107.68	112.108	0.960496
10217	0.00995424	0.204362	73.1291	42.9873	-8.41154	-0.0250719	107.68	112.108	0.960497
10218	0.00995516	0.204362	73.129	42.9873	-8.41143	-0.025072	107.68	112.108	0.960498
10219	0.00995609	0.204362	73.1289	42.9874	-8.41135	-0.025072	107.68	112.108	0.960499
10220	0.00995701	0.204362	73.1288	42.9874	-8.4113	-0.0250721	107.68	112.108	0.960499
10221	0.00995793	0.204362	73.1288	42.9875	-8.41129	-0.0250721	107.68	112.108	0.9605
10222	0.00995886	0.204362	73.1287	42.9875	-8.41131	-0.0250722	107.68	112.108	0.960499
10223	0.00995978	0.204362	73.1286	42.9876	-8.41137	-0.0250722	107.68	112.108	0.960499
10224	0.00996071	0.204362	73.1285	42.9876	-8.41147	-0.0250723	107.68	112.108	0.960498
10225	0.00996163	0.204361	73.1285	42.9877	-8.4116	-0.0250723	107.679	112.108	0.960497
10226	0.00996255	0.204361	73.1284	42.9877	-8.41175	-0.0250723	107.679	112.108	0.960496
10227	0.00996348	0.204361	73.1283	42.9878	-8.41192	-0.0250723	107.679	112.108	0.960495
10228	0.0099644	0.204361	73.1283	42.9878	-8.4121	-0.0250723	107.679	112.108	0.960493
10229	0.00996532	0.204361	73.1282	42.9878	-8.41228	-0.0250723	107.679	112.108	0.960492
10230	0.00996625	0.204361	73.1281	42.9879	-8.41244	-0.0250724	107.679	112.108	0.96049
10231	0.00996717	0.204361	73.1281	42.9879	-8.41257	-0.0250724	107.678	112.108	0.960489
10232	0.0099681	0.204361	73.128	42.988	-8.41267	-0.0250724	107.678	112.108	0.960488
10233	0.00996902	0.204361	73.1279	42.988	-8.41273	-0.0250724	107.678	112.108	0.960488
10234	0.00996994	0.204361	73.1279	42.988	-8.41275	-0.0250724	107.678	112.108	0.960488
10235	0.00997087	0.204361	73.1278	42.9881	-8.41274	-0.0250724	107.678	112.108	0.960488
10236	0.00997179	0.204361	73.1278	42.9881	-8.41268	-0.0250725	107.678	112.108	0.960489
10237	0.00997271	0.204361	73.1277	42.9881	-8.4126	-0.0250725	107.678	112.108	0.960489
10238	0.00997364	0.204361	73.1277	42.9882	-8.41249	-0.0250725	107.678	112.108	0.960491
10239	0.00997456	0.204361	73.1276	42.9882	-8.41236	-0.0250726	107.678	112.108	0.960492
10240	0.00997548	0.204361	73.1276	42.9882	-8.41223	-0.0250727	107.679	112.108	0.960493
10241	0.00997641	0.20436	73.1275	42.9883	-8.4121	-0.0250727	107.679	112.108	0.960494
10242	0.00997733	0.20436	73.1275	42.9883	-8.41198	-0.0250728	107.679	112.107	0.960495
10243	0.00997826	0.20436	73.1274	42.9883	-8.41188	-0.0250728	107.679	112.107	0.960496
10244	0.00997918	0.20436	73.1274	42.9883	-8.4118	-0.0250729	107.679	112.107	0.960497
10245	0.0099801	0.20436	73.1274	42.9884	-8.41174	-0.0250729	107.679	112.107	0.960498
10246	0.00998103	0.20436	73.1273	42.9884	-8.41171	-0.025073	107.679	112.107	0.960498
10247	0.00998195	0.20436	73.1273	42.9884	-8.4117	-0.025073	107.679	112.107	0.960498
10248	0.00998287	0.20436	73.1272	42.9884	-8.41171	-0.0250731	107.679	112.107	0.960498
10249	0.0099838	0.20436	73.1272	42.9885	-8.41173	-0.0250731	107.679	112.107	0.960498
10250	0.00998472	0.20436	73.1272	42.9885	-8.41177	-0.0250731	107.679	112.107	0.960498
10251	0.00998565	0.20436	73.1271	42.9885	-8.41181	-0.0250731	107.679	112.107	0.960497
10252	0.00998657	0.20436	73.1271	42.9885	-8.41184	-0.0250732	107.679	112.107	0.960497
10253	0.00998749	0.20436	73.1271	42.9886	-8.41186	-0.0250732	107.679	112.107	0.960497
10254	0.00998842	0.20436	73.127	42.9886	-8.41186	-0.0250732	107.679	112.107	0.960497
10255	0.00998934	0.20436	73.127	42.9886	-8.41183	-0.0250732	107.679	112.107	0.960497
10256	0.00999026	0.20436	73.127	42.9886	-8.41177	-0.0250732	107.679	112.107	0.960498
10257	0.00999119	0.20436	73.1269	42.9886	-8.41168	-0.0250733	107.679	112.107	0.960499
10258	0.00999211	0.20436	73.1269	42.9886	-8.41156	-0.0250733	107.679	112.107	0.9605
10259	0.00999304	0.20436	73.1269	42.9887	-8.41142	-0.0250734	107.679	112.107	0.960501
10260	0.00999396	0.20436	73.1269	42.9887	-8.41124	-0.0250734	107.679	112.107	0.960503
10261	0.00999488	0.20436	73.1268	42.9887	-8.41106	-0.0250735	107.679	112.107	0.960505
10262	0.00999581	0.20436	73.1268	42.9887	-8.41086	-0.0250735	107.68	112.107	0.960506
10263	0.00999673	0.20436	73.1268	42.9887	-8.41067	-0.0250736	107.68	112.107	0.960508
10264	0.00999765	0.20436	73.1267	42.9887	-8.41048	-0.0250737	107.68	112.107	0.96051
10265	0.00999858	0.20436	73.1267	42.9888	-8.41032	-0.0250738	107.68	112.107	0.960511
10266	0.0099995	0.20436	73.1267	42.9888	-8.41018	-0.0250739	107.68	112.107	0.960513
10267	0.0100004	0.20436	73.1267	42.9888	-8.41008	-0.025074	107.68	112.107	0.960514
