#step	time	mdot360	FmomInletX360	FpInletGaugeX360	FpWallX360	FshearWallX360	T_CFD360	T_ideal360	Cfg
0	0	-0	-0	0	0	-0.00121302	-0.00121302	-0	0
1	1.2e-06	-0	-0	100.182	-0.0422454	-0.00121301	100.138	-0	0
2	2.64e-06	0.0130334	0.428234	99.7686	-0.088227	-0.00124605	100.107	7.57563	13.2144
3	4.368e-06	0.0251305	1.28888	99.1762	-0.137111	-0.00128541	100.327	14.6071	6.86836
4	6.14647e-06	0.0391367	2.72041	98.3377	-0.18021	-0.00132574	100.877	22.7482	4.43449
5	7.92449e-06	0.0528682	4.59555	97.3038	-0.216416	-0.00136596	101.682	30.7295	3.30892
6	9.70231e-06	0.0658442	6.8165	96.1092	-0.246068	-0.00140618	102.678	38.2718	2.68287
7	1.14801e-05	0.0780476	9.31303	94.7855	-0.269469	-0.00144647	103.828	45.3651	2.28871
8	1.32581e-05	0.0894848	12.0225	93.3602	-0.286957	-0.0014869	105.094	52.0129	2.02054
9	1.50363e-05	0.100178	14.8905	91.8573	-0.298936	-0.00152751	106.447	58.2281	1.82811
10	1.68148e-05	0.110158	17.8706	90.2974	-0.305879	-0.00156832	107.861	64.0289	1.68456
11	1.85934e-05	0.11946	20.9224	88.6986	-0.307977	-0.00160937	109.311	69.4359	1.57428
12	2.03723e-05	0.12812	24.0112	87.0772	-0.306185	-0.00165063	110.781	74.4697	1.48759
13	2.21487e-05	0.136171	27.1027	85.4511	-0.301191	-0.00169203	112.251	79.1492	1.41822
14	2.38921e-05	0.143629	30.1376	83.8639	-0.293833	-0.00173283	113.706	83.4841	1.36201
15	2.56036e-05	0.150401	33.0633	82.3285	-0.284745	-0.00177301	115.105	87.4203	1.31669
16	2.7285e-05	0.156537	35.8587	80.8564	-0.274543	-0.00181256	116.439	90.9869	1.27973
17	2.89378e-05	0.16208	38.5048	79.4589	-0.264027	-0.00185146	117.698	94.209	1.24933
18	3.05637e-05	0.167066	40.9838	78.147	-0.253649	-0.00188967	118.875	97.1068	1.22417
19	3.21641e-05	0.171522	43.2786	76.9315	-0.243539	-0.00192719	119.965	99.6968	1.20329
20	3.37405e-05	0.175472	45.3731	75.8226	-0.234464	-0.00196397	120.959	101.993	1.18596
21	3.52943e-05	0.178935	47.2526	74.8303	-0.22675	-0.00199998	121.854	104.006	1.17161
22	3.68269e-05	0.181927	48.9037	73.9632	-0.220215	-0.00203519	122.645	105.745	1.15982
23	3.83397e-05	0.184463	50.3151	73.2291	-0.215038	-0.00206956	123.327	107.219	1.15024
24	3.9834e-05	0.186556	51.4778	72.6343	-0.211337	-0.00210307	123.899	108.435	1.14261
25	4.13111e-05	0.188216	52.3852	72.1832	-0.209146	-0.00213571	124.357	109.4	1.13672
26	4.27722e-05	0.189454	53.0338	71.8783	-0.208397	-0.00216749	124.702	110.12	1.13242
27	4.42187e-05	0.190282	53.4232	71.7201	-0.208783	-0.00219845	124.932	110.601	1.12958
28	4.56517e-05	0.190709	53.556	71.7068	-0.209897	-0.0022286	125.051	110.849	1.12812
29	4.70724e-05	0.190746	53.4381	71.8346	-0.211558	-0.00225799	125.059	110.871	1.12797
30	4.8482e-05	0.190403	53.078	72.098	-0.213551	-0.00228667	124.96	110.672	1.12911
31	4.98814e-05	0.189692	52.4865	72.4898	-0.215585	-0.00231471	124.758	110.258	1.13151
32	5.12716e-05	0.188622	51.6562	73.0216	-0.21741	-0.00234214	124.458	109.636	1.13519
33	5.26522e-05	0.187148	50.5827	73.6878	-0.218987	-0.00236898	124.049	108.779	1.14037
34	5.40236e-05	0.185265	49.2928	74.464	-0.220122	-0.00239529	123.534	107.685	1.14718
35	5.53871e-05	0.183019	47.8362	75.3171	-0.220725	-0.00242121	122.93	106.38	1.15558
36	5.67442e-05	0.180484	46.3176	76.1669	-0.220774	-0.00244693	122.261	104.906	1.16544
37	5.80964e-05	0.177886	44.8127	76.999	-0.220314	-0.00247246	121.589	103.396	1.17596
38	5.94437e-05	0.175269	43.3521	77.7945	-0.21938	-0.00249786	120.925	101.875	1.18699
39	6.0787e-05	0.172696	41.9661	78.5389	-0.218018	-0.00252319	120.285	100.379	1.1983
40	6.21269e-05	0.170223	40.6779	79.2216	-0.216279	-0.00254851	119.681	98.9421	1.2096
41	6.3464e-05	0.167898	39.5037	79.8362	-0.21413	-0.00257387	119.123	97.5902	1.22065
42	6.47987e-05	0.165755	38.453	80.3796	-0.211573	-0.00259932	118.619	96.3446	1.23119
43	6.61312e-05	0.163819	37.5314	80.8499	-0.208777	-0.00262489	118.17	95.2197	1.24102
44	6.74611e-05	0.162113	36.7393	81.2493	-0.205855	-0.00265059	117.78	94.2277	1.24995
45	6.87888e-05	0.16064	36.0715	81.582	-0.202906	-0.00267643	117.448	93.3715	1.25786
46	7.01143e-05	0.159395	35.5192	81.854	-0.200034	-0.00270241	117.17	92.6481	1.26468
47	7.14378e-05	0.158365	35.0711	82.0722	-0.197345	-0.00272853	116.943	92.0496	1.27044
48	7.27594e-05	0.157532	34.7145	82.2439	-0.194866	-0.00275476	116.761	91.5652	1.27517
49	7.40791e-05	0.156871	34.4134	82.3991	-0.192601	-0.00278091	116.617	91.181	1.27896
50	7.53975e-05	0.15627	34.1269	82.5533	-0.190581	-0.00280688	116.487	90.8315	1.28245
51	7.67147e-05	0.155668	33.8405	82.7082	-0.18885	-0.00283265	116.357	90.482	1.28597
52	7.8031e-05	0.155061	33.5523	82.8641	-0.18743	-0.00285823	116.226	90.1291	1.28955
53	7.93462e-05	0.154446	33.2622	83.0207	-0.186331	-0.00288362	116.094	89.7716	1.29321
54	8.06605e-05	0.153824	32.9713	83.1774	-0.185548	-0.00290884	115.96	89.41	1.29695
55	8.19739e-05	0.153198	32.6808	83.3333	-0.185059	-0.00293394	115.826	89.0461	1.30074
56	8.32863e-05	0.152571	32.3934	83.4866	-0.18483	-0.00295893	115.692	88.6816	1.30458
57	8.45978e-05	0.15195	32.1136	83.6344	-0.184802	-0.00298385	115.56	88.3209	1.30841
58	8.59082e-05	0.151349	31.8459	83.7747	-0.184875	-0.00300875	115.433	87.9712	1.31216
59	8.72174e-05	0.150774	31.5928	83.9065	-0.184998	-0.00303366	115.311	87.6369	1.31578
60	8.85256e-05	0.150231	31.3566	84.0288	-0.185123	-0.00305862	115.197	87.3213	1.31923
61	8.98327e-05	0.149724	31.1383	84.1412	-0.185151	-0.00308366	115.091	87.0269	1.32248
62	9.11387e-05	0.149256	30.9388	84.2433	-0.185025	-0.00310881	114.994	86.7551	1.3255
63	9.24438e-05	0.148829	30.7583	84.3351	-0.184726	-0.00313408	114.906	86.5069	1.32828
64	9.37479e-05	0.148444	30.5967	84.4169	-0.184232	-0.00315948	114.826	86.2827	1.33082
65	9.50511e-05	0.148099	30.4537	84.4889	-0.183544	-0.003185	114.756	86.0823	1.33309
66	9.63534e-05	0.147795	30.3284	84.5515	-0.182682	-0.00321065	114.694	85.9054	1.33512
67	9.76548e-05	0.147529	30.2203	84.6051	-0.181684	-0.0032363	114.64	85.7512	1.3369
68	9.89553e-05	0.147301	30.1275	84.6512	-0.180557	-0.0032619	114.595	85.6185	1.33843
69	0.000100255	0.147105	30.0476	84.691	-0.179291	-0.00328743	114.556	85.5045	1.33976
70	0.000101554	0.146935	29.9782	84.7257	-0.177886	-0.00331287	114.523	85.4058	1.34092
71	0.000102852	0.146787	29.9171	84.7564	-0.176343	-0.00333822	114.494	85.3196	1.34194
72	0.000104149	0.146655	29.8625	84.7842	-0.174673	-0.00336346	114.469	85.2431	1.34285
73	0.000105446	0.146536	29.8126	84.8099	-0.172891	-0.00338863	114.446	85.1739	1.34368
74	0.000106742	0.146426	29.7658	84.8342	-0.171018	-0.00341374	114.426	85.1098	1.34445
75	0.000108037	0.146321	29.7209	84.8579	-0.169085	-0.00343881	114.406	85.0491	1.34518
76	0.000109332	0.14622	29.6766	84.8815	-0.167125	-0.00346387	114.387	84.9899	1.3459
77	0.000110626	0.146118	29.6319	84.9055	-0.165174	-0.00348895	114.369	84.9308	1.34661
78	0.000111919	0.146014	29.5861	84.9303	-0.163264	-0.00351406	114.35	84.8706	1.34734
79	0.000113212	0.145907	29.5387	84.956	-0.161413	-0.00353923	114.33	84.8084	1.34809
80	0.000114504	0.145796	29.4893	84.9829	-0.159627	-0.00356445	114.309	84.7438	1.34888
81	0.000115796	0.14568	29.4378	85.0109	-0.157922	-0.00358972	114.287	84.6763	1.34969
82	0.000117087	0.145559	29.3842	85.04	-0.156312	-0.00361505	114.264	84.6059	1.35055
83	0.000118378	0.145433	29.3285	85.0703	-0.154804	-0.00364043	114.24	84.5325	1.35144
84	0.000119669	0.145301	29.2708	85.1014	-0.153393	-0.00366585	114.215	84.4562	1.35236
85	0.000120959	0.145166	29.2115	85.1334	-0.152079	-0.00369127	114.189	84.3775	1.35331
86	0.000122248	0.145027	29.1509	85.166	-0.150861	-0.00371667	114.162	84.2966	1.35429
87	0.000123538	0.144885	29.0894	85.199	-0.149737	-0.00374205	114.135	84.214	1.3553
88	0.000124827	0.144741	29.0273	85.2321	-0.148701	-0.00376739	114.107	84.1304	1.35631
89	0.000126115	0.144596	28.9652	85.2652	-0.147747	-0.00379273	114.079	84.0462	1.35733
90	0.000127403	0.144451	28.9033	85.2981	-0.146869	-0.00381806	114.051	83.962	1.35836
91	0.000128692	0.144307	28.8419	85.3306	-0.14606	-0.00384339	114.023	83.8782	1.35938
92	0.000129979	0.144164	28.7814	85.3626	-0.14531	-0.00386873	113.995	83.7953	1.3604
93	0.000131267	0.144024	28.7219	85.3939	-0.144607	-0.0038941	113.967	83.7135	1.3614
94	0.000132554	0.143886	28.6638	85.4245	-0.143943	-0.00391947	113.94	83.6333	1.36238
95	0.000133841	0.143751	28.6071	85.4543	-0.143304	-0.00394486	113.914	83.5549	1.36335
96	0.000135128	0.143619	28.552	85.4832	-0.142672	-0.00397025	113.889	83.4785	1.36429
97	0.000136415	0.143491	28.4986	85.5112	-0.142039	-0.00399565	113.864	83.4041	1.36521
98	0.000137701	0.143367	28.4468	85.5384	-0.141402	-0.00402104	113.84	83.332	1.3661
99	0.000138987	0.143247	28.3968	85.5645	-0.14076	-0.00404643	113.817	83.2622	1.36696
100	0.000140273	0.143131	28.3485	85.5898	-0.140113	-0.00407183	113.794	83.1947	1.3678
101	0.000141559	0.143019	28.3019	85.6141	-0.139447	-0.00409725	113.773	83.1295	1.36862
102	0.000142845	0.142911	28.257	85.6376	-0.13875	-0.00412269	113.752	83.0665	1.36941
103	0.000144131	0.142806	28.2138	85.6602	-0.138015	-0.00414816	113.732	83.0058	1.37017
104	0.000145416	0.142705	28.1721	85.6819	-0.137234	-0.00417366	113.713	82.9473	1.3709
105	0.000146702	0.142608	28.1321	85.7029	-0.136408	-0.00419919	113.694	82.8909	1.37161
106	0.000147987	0.142515	28.0935	85.723	-0.13554	-0.00422477	113.677	82.8366	1.3723
107	0.000149272	0.142425	28.0565	85.7423	-0.134633	-0.00425039	113.66	82.7844	1.37296
108	0.000150557	0.142339	28.0209	85.7608	-0.133692	-0.00427605	113.644	82.7342	1.3736
109	0.000151842	0.142256	27.9868	85.7786	-0.132724	-0.00430174	113.628	82.6859	1.37422
110	0.000153127	0.142176	27.9541	85.7956	-0.131735	-0.00432745	113.614	82.6397	1.37481
111	0.000154411	0.1421	27.9229	85.8118	-0.130731	-0.00435316	113.6	82.5953	1.37538
112	0.000155696	0.142027	27.8931	85.8273	-0.129715	-0.00437887	113.586	82.553	1.37592
113	0.00015698	0.141957	27.8647	85.842	-0.128694	-0.00440456	113.574	82.5126	1.37644
114	0.000158265	0.141891	27.8377	85.856	-0.127675	-0.00443023	113.562	82.4741	1.37694
115	0.000159549	0.141828	27.8121	85.8693	-0.12666	-0.00445588	113.55	82.4375	1.37741
116	0.000160833	0.141769	27.788	85.8817	-0.125647	-0.00448153	113.54	82.4029	1.37786
117	0.000162117	0.141713	27.7652	85.8935	-0.124636	-0.00450719	113.53	82.3702	1.37828
118	0.000163401	0.14166	27.7438	85.9045	-0.123629	-0.00453287	113.52	82.3394	1.37869
119	0.000164685	0.14161	27.7238	85.9148	-0.122625	-0.00455859	113.511	82.3105	1.37906
120	0.000165969	0.141563	27.7051	85.9244	-0.121627	-0.00458436	113.503	82.2835	1.37942
121	0.000167253	0.14152	27.6878	85.9332	-0.120638	-0.00461018	113.496	82.2585	1.37975
122	0.000168537	0.14148	27.6718	85.9414	-0.119659	-0.00463604	113.489	82.2352	1.38005
123	0.00016982	0.141444	27.6572	85.9488	-0.118697	-0.00466195	113.483	82.2138	1.38034
124	0.000171104	0.14141	27.6438	85.9556	-0.117757	-0.00468788	113.477	82.1943	1.38059
125	0.000172388	0.141379	27.6317	85.9617	-0.116843	-0.00471383	113.472	82.1765	1.38083
126	0.000173671	0.141352	27.6209	85.9672	-0.11596	-0.00473978	113.467	82.1604	1.38105
127	0.000174955	0.141327	27.6112	85.972	-0.115108	-0.00476571	113.463	82.1461	1.38124
128	0.000176238	0.141305	27.6028	85.9762	-0.11429	-0.00479163	113.46	82.1334	1.38141
129	0.000177521	0.141286	27.5955	85.9798	-0.113504	-0.00481754	113.457	82.1224	1.38156
130	0.000178805	0.14127	27.5893	85.9828	-0.11275	-0.00484343	113.454	82.1129	1.38169
131	0.000180088	0.141256	27.5842	85.9852	-0.112027	-0.00486932	113.453	82.105	1.3818
132	0.000181371	0.141245	27.5802	85.9871	-0.111334	-0.00489522	113.451	82.0986	1.38189
133	0.000182654	0.141237	27.5772	85.9884	-0.11067	-0.00492114	113.45	82.0937	1.38196
134	0.000183937	0.141231	27.5752	85.9892	-0.110035	-0.00494709	113.449	82.0902	1.38201
135	0.000185221	0.141227	27.5742	85.9895	-0.109428	-0.00497309	113.449	82.088	1.38204
136	0.000186504	0.141226	27.5741	85.9894	-0.108846	-0.00499913	113.45	82.0872	1.38206
137	0.000187787	0.141227	27.5749	85.9887	-0.108288	-0.0050252	113.45	82.0877	1.38206
138	0.00018907	0.14123	27.5767	85.9876	-0.107753	-0.00505131	113.451	82.0895	1.38205
139	0.000190352	0.141235	27.5792	85.986	-0.10724	-0.00507743	113.453	82.0925	1.38201
140	0.000191635	0.141242	27.5827	85.984	-0.106746	-0.00510356	113.455	82.0966	1.38197
141	0.000192918	0.141251	27.5869	85.9815	-0.106271	-0.00512967	113.457	82.1019	1.3819
142	0.000194201	0.141262	27.5919	85.9787	-0.105814	-0.00515577	113.46	82.1083	1.38183
143	0.000195484	0.141275	27.5976	85.9754	-0.105371	-0.00518186	113.463	82.1158	1.38174
144	0.000196766	0.141289	27.6041	85.9718	-0.104942	-0.00520792	113.466	82.1243	1.38163
145	0.000198049	0.141306	27.6112	85.9679	-0.104525	-0.00523398	113.469	82.1338	1.38152
146	0.000199332	0.141324	27.6191	85.9635	-0.104119	-0.00526005	113.473	82.1443	1.38139
147	0.000200614	0.141343	27.6276	85.9589	-0.103724	-0.00528613	113.477	82.1556	1.38125
148	0.000201897	0.141364	27.6367	85.9539	-0.103338	-0.00531224	113.482	82.1679	1.3811
149	0.000203179	0.141387	27.6464	85.9486	-0.102957	-0.00533839	113.487	82.181	1.38094
150	0.000204462	0.141411	27.6567	85.943	-0.10258	-0.00536458	113.492	82.1949	1.38076
151	0.000205744	0.141436	27.6675	85.9371	-0.102205	-0.00539079	113.497	82.2096	1.38058
152	0.000207027	0.141463	27.6789	85.9309	-0.101831	-0.00541704	113.503	82.2251	1.38039
153	0.000208309	0.141491	27.6908	85.9245	-0.101457	-0.00544329	113.508	82.2413	1.38019
154	0.000209591	0.14152	27.7031	85.9178	-0.101081	-0.00546955	113.514	82.2581	1.37998
155	0.000210874	0.14155	27.7159	85.9109	-0.100702	-0.0054958	113.521	82.2756	1.37976
156	0.000212156	0.141581	27.7291	85.9038	-0.100319	-0.00552203	113.527	82.2937	1.37954
157	0.000213438	0.141613	27.7427	85.8965	-0.0999331	-0.00554823	113.534	82.3124	1.3793
158	0.00021472	0.141646	27.7567	85.8889	-0.0995422	-0.00557442	113.541	82.3316	1.37906
159	0.000216002	0.14168	27.7711	85.8812	-0.0991467	-0.00560059	113.548	82.3513	1.37882
160	0.000217284	0.141715	27.7858	85.8733	-0.0987466	-0.00562676	113.555	82.3715	1.37857
161	0.000218567	0.14175	27.8009	85.8652	-0.0983419	-0.00565295	113.562	82.3922	1.37831
162	0.000219849	0.141787	27.8162	85.857	-0.0979332	-0.00567915	113.57	82.4134	1.37805
163	0.000221131	0.141824	27.8319	85.8486	-0.0975208	-0.00570539	113.577	82.4349	1.37778
164	0.000222413	0.141861	27.8478	85.8401	-0.0971053	-0.00573166	113.585	82.4568	1.37751
165	0.000223695	0.1419	27.8639	85.8315	-0.0966875	-0.00575797	113.593	82.479	1.37723
166	0.000224976	0.141939	27.8803	85.8227	-0.096268	-0.00578429	113.601	82.5016	1.37696
167	0.000226258	0.141978	27.8969	85.8138	-0.0958477	-0.00581064	113.609	82.5245	1.37667
168	0.00022754	0.142018	27.9138	85.8049	-0.0954275	-0.00583698	113.617	82.5477	1.37639
169	0.000228822	0.142058	27.9308	85.7958	-0.095008	-0.00586331	113.626	82.5711	1.3761
170	0.000230104	0.142099	27.9479	85.7866	-0.0945898	-0.00588962	113.634	82.5948	1.3758
171	0.000231386	0.14214	27.9653	85.7773	-0.0941732	-0.0059159	113.643	82.6187	1.37551
172	0.000232667	0.142182	27.9828	85.768	-0.0937585	-0.00594216	113.651	82.6428	1.37521
173	0.000233949	0.142223	28.0005	85.7586	-0.0933462	-0.0059684	113.66	82.6672	1.37491
174	0.000235231	0.142266	28.0183	85.7491	-0.0929368	-0.00599463	113.668	82.6917	1.37461
175	0.000236512	0.142308	28.0362	85.7395	-0.0925305	-0.00602086	113.677	82.7164	1.3743
176	0.000237794	0.142351	28.0543	85.7299	-0.0921282	-0.00604712	113.686	82.7413	1.37399
177	0.000239075	0.142394	28.0725	85.7202	-0.0917304	-0.0060734	113.695	82.7663	1.37368
178	0.000240357	0.142437	28.0908	85.7104	-0.0913379	-0.00609972	113.704	82.7915	1.37337
179	0.000241639	0.142481	28.1092	85.7006	-0.0909509	-0.00612606	113.713	82.8169	1.37306
180	0.00024292	0.142525	28.1278	85.6907	-0.0905696	-0.00615243	113.722	82.8425	1.37275
181	0.000244202	0.142569	28.1465	85.6807	-0.0901945	-0.00617882	113.731	82.8682	1.37243
182	0.000245483	0.142614	28.1653	85.6707	-0.0898258	-0.0062052	113.74	82.894	1.37211
183	0.000246764	0.142659	28.1842	85.6606	-0.0894638	-0.00623158	113.749	82.9201	1.37179
184	0.000248046	0.142704	28.2035	85.6502	-0.0891084	-0.00625793	113.758	82.9462	1.37147
185	0.000249327	0.14275	28.2232	85.6396	-0.0887594	-0.00628425	113.768	82.9731	1.37114
186	0.000250608	0.142797	28.2434	85.6288	-0.0884167	-0.00631054	113.777	83.0005	1.3708
187	0.00025189	0.142845	28.2639	85.6178	-0.0880802	-0.00633681	113.787	83.0285	1.37046
188	0.000253171	0.142894	28.2847	85.6067	-0.0877496	-0.00636307	113.797	83.0569	1.37011
189	0.000254452	0.142944	28.3057	85.5954	-0.0874248	-0.00638933	113.807	83.0858	1.36976
190	0.000255733	0.142994	28.327	85.5841	-0.0871053	-0.0064156	113.818	83.1148	1.3694
191	0.000257015	0.143044	28.3483	85.5728	-0.0867911	-0.0064419	113.828	83.1441	1.36904
192	0.000258296	0.143094	28.3696	85.5614	-0.0864817	-0.00646822	113.838	83.1734	1.36868
193	0.000259577	0.143145	28.3909	85.5501	-0.0861768	-0.00649458	113.848	83.2027	1.36833
194	0.000260858	0.143195	28.4121	85.5389	-0.0858764	-0.00652095	113.859	83.2318	1.36797
195	0.000262139	0.143245	28.4332	85.5277	-0.08558	-0.00654734	113.869	83.2608	1.36761
196	0.00026342	0.143294	28.454	85.5167	-0.0852876	-0.00657374	113.879	83.2896	1.36726
197	0.000264701	0.143343	28.4745	85.5059	-0.0849989	-0.00660012	113.889	83.3179	1.36692
198	0.000265982	0.143391	28.4947	85.4952	-0.084714	-0.00662648	113.899	83.3458	1.36658
199	0.000267263	0.143438	28.5146	85.4847	-0.0844327	-0.00665281	113.908	83.3734	1.36624
200	0.000268544	0.143485	28.5339	85.4746	-0.084155	-0.00667911	113.918	83.4002	1.36592
201	0.000269825	0.143529	28.5526	85.4648	-0.083881	-0.00670538	113.927	83.4263	1.3656
202	0.000271106	0.143573	28.5705	85.4555	-0.0836106	-0.00673164	113.936	83.4514	1.36529
203	0.000272387	0.143614	28.5877	85.4466	-0.0833439	-0.00675789	113.944	83.4754	1.365
204	0.000273667	0.143653	28.6039	85.4381	-0.0830808	-0.00678415	113.952	83.4982	1.36473
205	0.000274948	0.143691	28.6193	85.4302	-0.0828215	-0.00681043	113.96	83.5199	1.36446
206	0.000276229	0.143726	28.6336	85.4228	-0.0825659	-0.00683673	113.967	83.5402	1.36422
207	0.00027751	0.143758	28.647	85.416	-0.0823145	-0.00686306	113.974	83.5592	1.36399
208	0.000278791	0.143788	28.6593	85.4097	-0.0820671	-0.00688941	113.98	83.5768	1.36378
209	0.000280071	0.143816	28.6706	85.4039	-0.0818236	-0.00691578	113.986	83.5929	1.36358
210	0.000281352	0.143841	28.6807	85.3988	-0.0815834	-0.00694216	113.991	83.6076	1.36341
211	0.000282633	0.143864	28.6898	85.3943	-0.0813462	-0.00696852	113.996	83.6207	1.36325
212	0.000283913	0.143884	28.6977	85.3903	-0.0811118	-0.00699486	114	83.6324	1.36311
213	0.000285194	0.143901	28.7046	85.3869	-0.0808796	-0.00702117	114.004	83.6425	1.36299
214	0.000286475	0.143916	28.7103	85.3842	-0.0806495	-0.00704746	114.007	83.6511	1.36288
215	0.000287756	0.143929	28.7149	85.382	-0.0804212	-0.00707371	114.009	83.6582	1.3628
216	0.000289036	0.143938	28.7185	85.3803	-0.0801945	-0.00709995	114.012	83.6638	1.36273
217	0.000290317	0.143945	28.7214	85.3789	-0.0799692	-0.00712617	114.013	83.668	1.36269
218	0.000291598	0.143952	28.7236	85.3779	-0.079745	-0.0071524	114.015	83.6717	1.36264
219	0.000292878	0.143956	28.7247	85.3777	-0.0795216	-0.00717864	114.016	83.6741	1.36262
220	0.000294159	0.143957	28.7245	85.3781	-0.0792987	-0.0072049	114.016	83.6749	1.36261
221	0.000295439	0.143955	28.7231	85.3791	-0.079076	-0.00723119	114.016	83.6738	1.36262
222	0.00029672	0.143951	28.7206	85.3807	-0.0788534	-0.0072575	114.015	83.6711	1.36266
223	0.000298001	0.143944	28.717	85.3829	-0.0786306	-0.00728383	114.014	83.667	1.36271
224	0.000299281	0.143934	28.7124	85.3856	-0.0784072	-0.00731017	114.012	83.6615	1.36278
225	0.000300562	0.143922	28.7069	85.3888	-0.0781834	-0.00733649	114.01	83.6546	1.36287
226	0.000301842	0.143908	28.7005	85.3924	-0.0779594	-0.00736279	114.008	83.6465	1.36297
227	0.000303123	0.143892	28.6932	85.3965	-0.077735	-0.00738907	114.005	83.6372	1.36308
228	0.000304403	0.143874	28.6852	85.4009	-0.0775099	-0.00741532	114.001	83.6268	1.36321
229	0.000305684	0.143855	28.6766	85.4057	-0.0772841	-0.00744153	113.997	83.6154	1.36335
230	0.000306964	0.143834	28.6673	85.4107	-0.0770572	-0.00746772	113.993	83.6032	1.36351
231	0.000308245	0.143811	28.6574	85.4162	-0.0768292	-0.00749389	113.989	83.5901	1.36367
232	0.000309525	0.143788	28.6469	85.4218	-0.0766001	-0.00752007	113.985	83.5763	1.36384
233	0.000310806	0.143762	28.6359	85.4279	-0.0763699	-0.00754625	113.98	83.5617	1.36402
234	0.000312086	0.143736	28.6243	85.4342	-0.0761386	-0.00757246	113.975	83.5463	1.36421
235	0.000313367	0.143708	28.612	85.4409	-0.0759063	-0.00759869	113.969	83.5299	1.36441
236	0.000314648	0.143678	28.5992	85.4478	-0.0756732	-0.00762494	113.964	83.5128	1.36463
237	0.000315928	0.143648	28.586	85.455	-0.0754395	-0.00765122	113.958	83.495	1.36485
238	0.000317209	0.143616	28.5723	85.4623	-0.0752055	-0.0076775	113.952	83.4767	1.36507
239	0.000318489	0.143584	28.5583	85.4699	-0.0749717	-0.00770378	113.946	83.4578	1.36531
240	0.00031977	0.14355	28.5441	85.4775	-0.0747373	-0.00773004	113.939	83.4385	1.36555
241	0.000321051	0.143517	28.5296	85.4853	-0.0745022	-0.00775628	113.933	83.4188	1.36579
242	0.000322331	0.143482	28.5149	85.4931	-0.0742667	-0.00778249	113.926	83.3988	1.36604
243	0.000323612	0.143447	28.5	85.5011	-0.0740311	-0.00780866	113.919	83.3786	1.36629
244	0.000324893	0.143412	28.485	85.5091	-0.0737959	-0.00783481	113.912	83.3582	1.36654
245	0.000326173	0.143377	28.4699	85.5171	-0.0735614	-0.00786094	113.906	83.3376	1.3668
246	0.000327454	0.143341	28.4547	85.5253	-0.0733278	-0.00788707	113.899	83.3168	1.36706
247	0.000328735	0.143305	28.4394	85.5335	-0.0730955	-0.0079132	113.892	83.2959	1.36732
248	0.000330016	0.143269	28.4238	85.5418	-0.0728648	-0.00793935	113.885	83.2747	1.36758
249	0.000331297	0.143232	28.4084	85.5499	-0.072636	-0.00796552	113.878	83.2532	1.36785
250	0.000332577	0.143196	28.3938	85.5574	-0.0724094	-0.00799172	113.871	83.2325	1.36811
251	0.000333858	0.143163	28.3801	85.5645	-0.072185	-0.00801793	113.864	83.213	1.36835
252	0.000335139	0.143131	28.3674	85.5709	-0.0719629	-0.00804416	113.858	83.1948	1.36857
253	0.00033642	0.143103	28.3558	85.5768	-0.0717432	-0.00807039	113.853	83.1781	1.36878
254	0.000337701	0.143076	28.3449	85.5826	-0.0715259	-0.0080966	113.848	83.1629	1.36897
255	0.000338982	0.143051	28.3344	85.588	-0.0713108	-0.0081228	113.843	83.1481	1.36916
256	0.000340263	0.143027	28.3245	85.5931	-0.0710981	-0.00814897	113.838	83.134	1.36934
257	0.000341544	0.143004	28.3153	85.5978	-0.0708876	-0.0081751	113.834	83.1208	1.3695
258	0.000342825	0.142983	28.3072	85.6019	-0.0706792	-0.00820122	113.83	83.1088	1.36965
259	0.000344106	0.142965	28.3	85.6054	-0.070473	-0.00822731	113.827	83.0982	1.36979
260	0.000345387	0.142949	28.294	85.6083	-0.0702687	-0.0082534	113.824	83.0891	1.3699
261	0.000346668	0.142937	28.2893	85.6105	-0.0700664	-0.00827949	113.821	83.0816	1.36999
262	0.000347949	0.142927	28.2858	85.612	-0.069866	-0.0083056	113.82	83.0759	1.37007
263	0.00034923	0.14292	28.2835	85.613	-0.0696676	-0.00833173	113.819	83.0721	1.37012
264	0.000350511	0.142916	28.282	85.6137	-0.069471	-0.00835788	113.818	83.0695	1.37015
265	0.000351792	0.142913	28.2811	85.614	-0.0692762	-0.00838406	113.817	83.0678	1.37018
266	0.000353073	0.142911	28.2809	85.6139	-0.0690831	-0.00841026	113.817	83.0669	1.37019
267	0.000354354	0.142912	28.2816	85.6133	-0.0688918	-0.00843646	113.818	83.0672	1.37019
268	0.000355636	0.142914	28.2831	85.6122	-0.0687021	-0.00846265	113.818	83.0687	1.37017
269	0.000356917	0.142919	28.2857	85.6106	-0.0685141	-0.00848883	113.819	83.0714	1.37014
270	0.000358198	0.142926	28.2892	85.6085	-0.0683278	-0.00851498	113.821	83.0755	1.37009
271	0.000359479	0.142936	28.2939	85.6057	-0.068143	-0.00854109	113.823	83.0812	1.37002
272	0.00036076	0.142948	28.2998	85.6023	-0.0679598	-0.00856719	113.826	83.0883	1.36993
273	0.000362041	0.142963	28.3069	85.5982	-0.0677781	-0.00859325	113.829	83.0971	1.36983
274	0.000363322	0.142981	28.3152	85.5934	-0.0675979	-0.00861931	113.832	83.1077	1.3697
275	0.000364603	0.143003	28.3249	85.5879	-0.067419	-0.00864537	113.837	83.12	1.36955
276	0.000365884	0.143027	28.336	85.5817	-0.0672414	-0.00867145	113.842	83.1342	1.36937
277	0.000367165	0.143055	28.3484	85.5748	-0.0670651	-0.00869754	113.847	83.1503	1.36918
278	0.000368446	0.143086	28.3622	85.5671	-0.0668898	-0.00872366	113.854	83.1682	1.36896
279	0.000369727	0.143119	28.3772	85.5588	-0.0667155	-0.00874981	113.861	83.188	1.36871
280	0.000371008	0.143156	28.3933	85.5501	-0.0665421	-0.00877597	113.868	83.2095	1.36845
281	0.000372289	0.143195	28.4099	85.5411	-0.0663695	-0.00880215	113.876	83.2319	1.36818
282	0.00037357	0.143235	28.4271	85.5318	-0.0661974	-0.00882832	113.884	83.2551	1.36789
283	0.000374851	0.143276	28.4447	85.5223	-0.0660259	-0.00885448	113.892	83.279	1.3676
284	0.000376132	0.143318	28.4627	85.5127	-0.0658547	-0.00888062	113.901	83.3034	1.3673
285	0.000377413	0.143361	28.481	85.5029	-0.0656838	-0.00890673	113.909	83.3283	1.36699
286	0.000378694	0.143404	28.4996	85.493	-0.065513	-0.00893281	113.918	83.3535	1.36669
287	0.000379975	0.143448	28.5182	85.483	-0.0653422	-0.00895887	113.927	83.379	1.36637
288	0.000381256	0.143492	28.537	85.473	-0.0651714	-0.00898492	113.936	83.4046	1.36606
289	0.000382536	0.143536	28.5558	85.463	-0.0650003	-0.00901097	113.945	83.4303	1.36575
290	0.000383817	0.143581	28.5745	85.4531	-0.0648289	-0.00903703	113.954	83.456	1.36544
291	0.000385098	0.143624	28.5931	85.4432	-0.0646571	-0.00906311	113.963	83.4815	1.36512
292	0.000386379	0.143668	28.6117	85.4333	-0.0644848	-0.00908921	113.971	83.5069	1.36481
293	0.000387659	0.143712	28.63	85.4237	-0.064312	-0.00911534	113.98	83.5323	1.36451
294	0.00038894	0.143754	28.6478	85.4144	-0.0641384	-0.0091415	113.989	83.557	1.36421
295	0.000390221	0.143795	28.665	85.4054	-0.0639642	-0.00916767	113.997	83.5809	1.36392
296	0.000391502	0.143835	28.6816	85.3967	-0.0637891	-0.00919384	114.005	83.6039	1.36364
297	0.000392782	0.143873	28.6975	85.3884	-0.0636132	-0.00922	114.013	83.6261	1.36337
298	0.000394063	0.14391	28.7127	85.3804	-0.0634363	-0.00924614	114.02	83.6474	1.36311
299	0.000395344	0.143945	28.7273	85.3729	-0.0632586	-0.00927225	114.028	83.6677	1.36286
300	0.000396624	0.143978	28.7412	85.3656	-0.06308	-0.00929834	114.034	83.6872	1.36263
301	0.000397905	0.14401	28.7547	85.3585	-0.0629004	-0.0093244	114.041	83.7057	1.3624
302	0.000399185	0.144042	28.7679	85.3516	-0.0627197	-0.00935045	114.047	83.7239	1.36218
303	0.000400466	0.144072	28.7805	85.345	-0.0625379	-0.00937649	114.054	83.7416	1.36197
304	0.000401747	0.144101	28.7924	85.3389	-0.0623548	-0.00940254	114.06	83.7583	1.36177
305	0.000403027	0.144128	28.8036	85.3331	-0.0621703	-0.0094286	114.065	83.7741	1.36158
306	0.000404308	0.144153	28.8138	85.3279	-0.0619842	-0.00945469	114.07	83.7887	1.3614
307	0.000405588	0.144176	28.823	85.3233	-0.0617964	-0.00948081	114.075	83.802	1.36125
308	0.000406869	0.144196	28.8312	85.3192	-0.0616069	-0.00950696	114.079	83.8139	1.3611
309	0.000408149	0.144214	28.8384	85.3156	-0.0614154	-0.00953312	114.083	83.8244	1.36098
310	0.00040943	0.14423	28.8445	85.3126	-0.0612218	-0.00955929	114.086	83.8334	1.36087
311	0.00041071	0.144243	28.8494	85.3103	-0.061026	-0.00958545	114.089	83.841	1.36078
312	0.000411991	0.144253	28.8532	85.3086	-0.0608279	-0.0096116	114.091	83.847	1.36071
313	0.000413271	0.144261	28.8558	85.3075	-0.0606275	-0.00963772	114.093	83.8514	1.36066
314	0.000414552	0.144266	28.8575	85.3068	-0.0604246	-0.00966382	114.094	83.8541	1.36063
315	0.000415832	0.144269	28.8586	85.3062	-0.0602194	-0.0096899	114.095	83.856	1.36061
316	0.000417112	0.144271	28.8594	85.3059	-0.0600117	-0.00971595	114.096	83.8574	1.36059
317	0.000418393	0.144272	28.8597	85.3059	-0.0598017	-0.009742	114.096	83.8581	1.36058
318	0.000419673	0.144272	28.8594	85.3062	-0.0595894	-0.00976805	114.096	83.8582	1.36059
319	0.000420954	0.144271	28.8584	85.3069	-0.0593749	-0.00979412	114.096	83.8574	1.3606
320	0.000422234	0.144268	28.8568	85.308	-0.0591583	-0.00982021	114.096	83.8556	1.36062
321	0.000423514	0.144263	28.8543	85.3095	-0.0589398	-0.00984632	114.095	83.8529	1.36066
322	0.000424795	0.144257	28.851	85.3115	-0.0587195	-0.00987246	114.094	83.849	1.36071
323	0.000426075	0.144248	28.8469	85.3139	-0.0584975	-0.00989862	114.092	83.844	1.36077
324	0.000427355	0.144238	28.8419	85.3168	-0.058274	-0.0099248	114.09	83.8379	1.36085
325	0.000428635	0.144225	28.836	85.3201	-0.0580492	-0.00995097	114.088	83.8305	1.36094
326	0.000429916	0.14421	28.8293	85.3239	-0.0578237	-0.00997713	114.085	83.822	1.36104
327	0.000431196	0.144194	28.8216	85.3282	-0.0575978	-0.0100033	114.082	83.8123	1.36116
328	0.000432476	0.144175	28.8131	85.3329	-0.0573716	-0.0100294	114.079	83.8013	1.3613
329	0.000433756	0.144154	28.8038	85.3381	-0.0571452	-0.0100555	114.075	83.7892	1.36145
330	0.000435037	0.144131	28.7936	85.3437	-0.0569189	-0.0100815	114.07	83.776	1.36161
331	0.000436317	0.144106	28.7827	85.3497	-0.0566928	-0.0101076	114.066	83.7617	1.36179
332	0.000437597	0.14408	28.7713	85.3559	-0.0564672	-0.0101336	114.061	83.7464	1.36198
333	0.000438877	0.144053	28.7592	85.3625	-0.0562424	-0.0101597	114.055	83.7304	1.36217
334	0.000440158	0.144024	28.7467	85.3693	-0.0560181	-0.0101858	114.05	83.7137	1.36238
335	0.000441438	0.143994	28.7338	85.3762	-0.0557946	-0.0102119	114.044	83.6964	1.36259
336	0.000442718	0.143963	28.7205	85.3834	-0.0555721	-0.010238	114.038	83.6785	1.36281
337	0.000443998	0.143932	28.7069	85.3907	-0.0553511	-0.0102642	114.032	83.6602	1.36304
338	0.000445279	0.1439	28.6932	85.398	-0.0551317	-0.0102904	114.026	83.6416	1.36327
339	0.000446559	0.143868	28.6793	85.4054	-0.0549141	-0.0103165	114.019	83.6228	1.3635
340	0.000447839	0.143835	28.6653	85.4129	-0.0546987	-0.0103427	114.013	83.6038	1.36373
341	0.00044912	0.143802	28.6514	85.4202	-0.0544857	-0.0103689	114.007	83.5847	1.36397
342	0.0004504	0.14377	28.6377	85.4275	-0.0542754	-0.010395	114.001	83.5658	1.3642
343	0.00045168	0.143737	28.6242	85.4346	-0.0540682	-0.0104211	113.994	83.5472	1.36443
344	0.000452961	0.143706	28.6113	85.4413	-0.0538644	-0.0104472	113.988	83.5291	1.36465
345	0.000454241	0.143676	28.5988	85.4479	-0.0536643	-0.0104732	113.983	83.5117	1.36487
346	0.000455521	0.143648	28.5868	85.4541	-0.0534681	-0.0104993	113.977	83.4949	1.36508
347	0.000456802	0.14362	28.5753	85.4601	-0.0532757	-0.0105253	113.972	83.4789	1.36527
348	0.000458082	0.143594	28.5644	85.4658	-0.0530871	-0.0105514	113.967	83.4636	1.36546
349	0.000459363	0.143568	28.5538	85.4714	-0.052902	-0.0105775	113.962	83.4489	1.36565
350	0.000460643	0.143544	28.5435	85.4768	-0.052721	-0.0106036	113.957	83.4346	1.36582
351	0.000461924	0.14352	28.5335	85.482	-0.0525446	-0.0106298	113.952	83.4207	1.366
352	0.000463204	0.143497	28.524	85.4869	-0.0523741	-0.0106559	113.948	83.4074	1.36616
353	0.000464485	0.143475	28.515	85.4916	-0.052211	-0.0106821	113.944	83.3946	1.36632
354	0.000465765	0.143454	28.5066	85.4959	-0.0520581	-0.0107083	113.94	83.3827	1.36647
355	0.000467046	0.143435	28.4987	85.5	-0.0519191	-0.0107344	113.936	83.3714	1.36661
356	0.000468327	0.143417	28.4915	85.5037	-0.051799	-0.0107605	113.933	83.3611	1.36674
357	0.000469607	0.143401	28.4849	85.507	-0.0517054	-0.0107866	113.929	83.3515	1.36685
358	0.000470888	0.143386	28.4789	85.51	-0.0516476	-0.0108127	113.926	83.3429	1.36696
359	0.000472168	0.143373	28.4737	85.5126	-0.0516302	-0.0108387	113.924	83.3352	1.36705
360	0.000473449	0.143361	28.4691	85.5149	-0.0516551	-0.0108648	113.921	83.3284	1.36714
361	0.000474729	0.143351	28.4652	85.5168	-0.051715	-0.0108908	113.919	83.3226	1.36721
362	0.00047601	0.143343	28.4621	85.5182	-0.0518101	-0.0109168	113.918	83.3178	1.36727
363	0.000477291	0.143336	28.4597	85.5194	-0.0519588	-0.0109428	113.916	83.314	1.36731
364	0.000478571	0.143331	28.458	85.5201	-0.0521837	-0.0109689	113.915	83.3111	1.36734
365	0.000479852	0.143328	28.4569	85.5206	-0.0525209	-0.010995	113.914	83.3093	1.36736
366	0.000481132	0.143326	28.4561	85.5209	-0.0528918	-0.0110211	113.913	83.308	1.36737
367	0.000482413	0.143325	28.4557	85.521	-0.0531879	-0.0110472	113.912	83.3073	1.36738
368	0.000483694	0.143324	28.4556	85.521	-0.053428	-0.0110733	113.912	83.3069	1.36738
369	0.000484974	0.143324	28.4558	85.5208	-0.0536178	-0.0110994	113.912	83.3069	1.36738
370	0.000486255	0.143325	28.4563	85.5205	-0.053755	-0.0111255	113.912	83.3073	1.36737
371	0.000487535	0.143326	28.4571	85.5199	-0.0538347	-0.0111516	113.912	83.3082	1.36736
372	0.000488816	0.143329	28.4584	85.5191	-0.0538579	-0.0111777	113.913	83.3097	1.36734
373	0.000490097	0.143332	28.4601	85.5181	-0.0538365	-0.0112037	113.913	83.3117	1.36731
374	0.000491377	0.143337	28.4622	85.5169	-0.0538001	-0.0112297	113.914	83.3143	1.36728
375	0.000492658	0.143342	28.4648	85.5154	-0.0538252	-0.0112557	113.915	83.3175	1.36724
376	0.000493939	0.143349	28.4679	85.5136	-0.0540329	-0.0112817	113.916	83.3213	1.36719
377	0.00049522	0.143357	28.4714	85.5116	-0.0546016	-0.0113077	113.917	83.3258	1.36713
378	0.0004965	0.143366	28.4755	85.5093	-0.0557772	-0.0113337	113.918	83.331	1.36705
379	0.000497781	0.143376	28.4801	85.5068	-0.0578834	-0.0113597	113.918	83.3369	1.36695
380	0.000499062	0.143387	28.4851	85.504	-0.0613296	-0.0113857	113.916	83.3435	1.36683
381	0.000500343	0.143399	28.4905	85.501	-0.0666244	-0.0114117	113.914	83.3506	1.36668
382	0.000501623	0.143413	28.4963	85.4978	-0.0743719	-0.0114377	113.908	83.3583	1.36649
383	0.000502904	0.143427	28.5025	85.4945	-0.0852693	-0.0114638	113.9	83.3665	1.36626
384	0.000504185	0.143442	28.509	85.491	-0.100081	-0.0114899	113.888	83.3752	1.36597
385	0.000505466	0.143457	28.5156	85.4874	-0.119623	-0.011516	113.872	83.3841	1.36563
386	0.000506746	0.143473	28.5224	85.4837	-0.144756	-0.0115422	113.85	83.3934	1.36521
387	0.000508027	0.143489	28.5293	85.4801	-0.176388	-0.0115684	113.821	83.4028	1.36472
388	0.000509308	0.143505	28.5362	85.4764	-0.215421	-0.0115947	113.786	83.4122	1.36414
389	0.000510589	0.143521	28.543	85.4728	-0.262836	-0.0116212	113.741	83.4215	1.36345
390	0.000511869	0.143537	28.5497	85.4693	-0.31941	-0.0116476	113.688	83.4308	1.36266
391	0.00051315	0.143553	28.5562	85.4659	-0.385899	-0.011674	113.625	83.4399	1.36175
392	0.000514431	0.143568	28.5625	85.4626	-0.462957	-0.0117005	113.55	83.4487	1.36072
393	0.000515712	0.143583	28.5686	85.4594	-0.551121	-0.0117269	113.465	83.4571	1.35956
394	0.000516992	0.143597	28.5744	85.4564	-0.650845	-0.0117534	113.368	83.4653	1.35827
395	0.000518273	0.14361	28.5799	85.4535	-0.762752	-0.0117798	113.259	83.473	1.35683
396	0.000519554	0.143623	28.5852	85.4508	-0.884476	-0.011806	113.14	83.4804	1.35528
397	0.000520835	0.143635	28.5903	85.4481	-1.01375	-0.011832	113.013	83.4875	1.35365
398	0.000522116	0.143646	28.5952	85.4455	-1.15081	-0.0118579	112.878	83.4943	1.35192
399	0.000523396	0.143658	28.5999	85.4431	-1.29578	-0.0118837	112.735	83.5009	1.35011
400	0.000524677	0.143669	28.6044	85.4408	-1.44871	-0.0119094	112.585	83.5072	1.3482
401	0.000525958	0.143679	28.6085	85.4386	-1.60939	-0.0119352	112.426	83.5132	1.3462
402	0.000527239	0.143688	28.6124	85.4367	-1.77832	-0.0119609	112.259	83.5187	1.34412
403	0.000528519	0.143697	28.6159	85.4349	-1.95539	-0.0119866	112.083	83.5237	1.34194
404	0.0005298	0.143705	28.6189	85.4334	-2.14042	-0.0120123	111.9	83.5282	1.33967
405	0.000531081	0.143712	28.6216	85.4321	-2.33322	-0.012038	111.708	83.5321	1.33731
406	0.000532362	0.143717	28.6238	85.431	-2.53352	-0.0120637	111.509	83.5354	1.33487
407	0.000533642	0.143722	28.6255	85.4302	-2.74107	-0.0120894	111.303	83.5381	1.33236
408	0.000534923	0.143725	28.6267	85.4297	-2.95558	-0.0121151	111.089	83.5402	1.32976
409	0.000536204	0.143728	28.6275	85.4294	-3.17678	-0.0121409	110.868	83.5415	1.3271
410	0.000537484	0.143729	28.628	85.4291	-3.40436	-0.0121666	110.641	83.5424	1.32437
411	0.000538765	0.14373	28.6284	85.429	-3.63652	-0.0121923	110.409	83.543	1.32158
412	0.000540046	0.143731	28.6286	85.429	-3.87251	-0.0122179	110.173	83.5434	1.31875
413	0.000541326	0.143731	28.6285	85.429	-4.11213	-0.0122434	109.933	83.5435	1.31588
414	0.000542607	0.143731	28.6282	85.4293	-4.35453	-0.0122689	109.691	83.5432	1.31298
415	0.000543888	0.14373	28.6275	85.4297	-4.60023	-0.0122943	109.445	83.5426	1.31005
416	0.000545168	0.143728	28.6265	85.4304	-4.84883	-0.0123198	109.196	83.5415	1.30708
417	0.000546449	0.143725	28.6251	85.4312	-5.09996	-0.0123452	108.944	83.5399	1.3041
418	0.00054773	0.143721	28.6233	85.4322	-5.3537	-0.0123708	108.69	83.5377	1.30108
419	0.00054901	0.143717	28.6211	85.4335	-5.60967	-0.0123964	108.433	83.535	1.29805
420	0.000550291	0.143711	28.6185	85.435	-5.86748	-0.012422	108.174	83.5318	1.295
421	0.000551572	0.143704	28.6155	85.4368	-6.12721	-0.0124475	107.913	83.5279	1.29193
422	0.000552852	0.143697	28.612	85.4387	-6.38875	-0.012473	107.649	83.5235	1.28885
423	0.000554133	0.143688	28.6081	85.4409	-6.65192	-0.0124983	107.385	83.5184	1.28576
424	0.000555413	0.143678	28.6038	85.4433	-6.91655	-0.0125236	107.118	83.5128	1.28265
425	0.000556694	0.143668	28.5991	85.4458	-7.18243	-0.0125488	106.85	83.5067	1.27954
426	0.000557975	0.143656	28.5941	85.4486	-7.44919	-0.0125739	106.581	83.5001	1.27642
427	0.000559255	0.143644	28.5888	85.4515	-7.71672	-0.012599	106.311	83.4931	1.27329
428	0.000560536	0.143631	28.5831	85.4546	-7.98478	-0.0126241	106.04	83.4856	1.27016
429	0.000561816	0.143618	28.5773	85.4578	-8.25307	-0.012649	105.769	83.4777	1.26704
430	0.000563097	0.143604	28.5712	85.4611	-8.5214	-0.0126739	105.498	83.4695	1.26391
431	0.000564378	0.143589	28.5649	85.4645	-8.79023	-0.0126988	105.226	83.461	1.26078
432	0.000565658	0.143574	28.5584	85.4679	-9.05935	-0.0127236	104.954	83.4523	1.25766
433	0.000566939	0.143559	28.5518	85.4714	-9.32832	-0.0127484	104.682	83.4434	1.25453
434	0.00056822	0.143543	28.5453	85.4749	-9.59687	-0.0127733	104.411	83.4344	1.25141
435	0.0005695	0.143528	28.5388	85.4784	-9.86474	-0.0127982	104.14	83.4255	1.24829
436	0.000570781	0.143513	28.5323	85.4818	-10.1317	-0.0128233	103.87	83.4166	1.24519
437	0.000572061	0.143498	28.5261	85.4851	-10.3975	-0.0128483	103.601	83.4079	1.2421
438	0.000573342	0.143483	28.52	85.4882	-10.6621	-0.0128734	103.333	83.3994	1.23902
439	0.000574623	0.143469	28.5141	85.4913	-10.9253	-0.0128985	103.067	83.3912	1.23595
440	0.000575903	0.143456	28.5085	85.4942	-11.188	-0.0129235	102.802	83.3834	1.23288
441	0.000577184	0.143443	28.5031	85.497	-11.4497	-0.0129486	102.538	83.3758	1.22982
442	0.000578465	0.14343	28.498	85.4997	-11.7104	-0.0129738	102.274	83.3686	1.22677
443	0.000579746	0.143418	28.4931	85.5022	-11.9703	-0.0129992	102.012	83.3618	1.22373
444	0.000581026	0.143407	28.4884	85.5047	-12.2292	-0.0130246	101.751	83.3552	1.22069
445	0.000582307	0.143396	28.4838	85.5071	-12.4869	-0.01305	101.491	83.3488	1.21766
446	0.000583588	0.143386	28.4795	85.5094	-12.7435	-0.0130755	101.232	83.3427	1.21465
447	0.000584869	0.143376	28.4753	85.5115	-12.999	-0.013101	100.975	83.3368	1.21165
448	0.000586149	0.143366	28.4714	85.5135	-13.2539	-0.0131265	100.718	83.3313	1.20865
449	0.00058743	0.143357	28.4679	85.5153	-13.5088	-0.0131521	100.461	83.3262	1.20564
450	0.000588711	0.143349	28.4646	85.517	-13.7636	-0.0131777	100.205	83.3215	1.20263
451	0.000589991	0.143342	28.4617	85.5185	-14.0182	-0.0132033	99.9488	83.3172	1.19962
452	0.000591272	0.143335	28.4591	85.5197	-14.2723	-0.0132291	99.6933	83.3135	1.19661
453	0.000592553	0.14333	28.4569	85.5208	-14.5259	-0.0132549	99.4386	83.3102	1.19359
454	0.000593834	0.143325	28.4551	85.5216	-14.7787	-0.0132806	99.1848	83.3074	1.19059
455	0.000595114	0.143321	28.4537	85.5223	-15.0306	-0.0133062	98.9321	83.3052	1.18759
456	0.000596395	0.143318	28.4528	85.5227	-15.2818	-0.0133318	98.6803	83.3036	1.18459
457	0.000597676	0.143317	28.4522	85.5229	-15.5331	-0.0133574	98.4286	83.3025	1.18158
458	0.000598956	0.143315	28.4518	85.5231	-15.784	-0.0133831	98.1775	83.3019	1.17858
459	0.000600237	0.143315	28.4515	85.5233	-16.0342	-0.0134088	97.9272	83.3014	1.17558
460	0.000601518	0.143314	28.4513	85.5233	-16.2835	-0.0134346	97.6777	83.3011	1.17259
461	0.000602799	0.143314	28.4514	85.5232	-16.5317	-0.0134603	97.4294	83.301	1.16961
462	0.000604079	0.143314	28.4517	85.523	-16.7788	-0.0134858	97.1823	83.3012	1.16664
463	0.00060536	0.143315	28.4522	85.5226	-17.0243	-0.013511	96.9371	83.3018	1.16369
464	0.000606641	0.143317	28.453	85.5222	-17.2713	-0.0135358	96.6904	83.3026	1.16071
465	0.000607921	0.143319	28.4541	85.5215	-17.5144	-0.0135601	96.4477	83.3039	1.15778
466	0.000609202	0.143322	28.4554	85.5207	-17.7559	-0.0135841	96.2067	83.3056	1.15486
467	0.000610483	0.143325	28.4571	85.5197	-17.9924	-0.0136076	95.9708	83.3076	1.15201
468	0.000611764	0.14333	28.4592	85.5186	-18.2213	-0.0136306	95.7428	83.3102	1.14923
469	0.000613044	0.143335	28.4615	85.5172	-18.4454	-0.0136527	95.5197	83.3131	1.14651
470	0.000614325	0.143341	28.4642	85.5157	-18.6593	-0.0136737	95.3069	83.3166	1.14391
471	0.000615606	0.143347	28.4672	85.514	-18.8634	-0.0136934	95.1042	83.3205	1.14143
472	0.000616886	0.143355	28.4705	85.5122	-19.0564	-0.0137115	94.9126	83.3248	1.13907
473	0.000618167	0.143363	28.4742	85.5102	-19.2373	-0.0137279	94.7333	83.3295	1.13685
474	0.000619448	0.143372	28.4781	85.508	-19.405	-0.0137425	94.5674	83.3347	1.13479
475	0.000620729	0.143382	28.4823	85.5057	-19.5588	-0.0137551	94.4155	83.3403	1.13289
476	0.000622009	0.143392	28.4869	85.5032	-19.6985	-0.0137659	94.2778	83.3463	1.13116
477	0.00062329	0.143403	28.4916	85.5006	-19.8241	-0.0137748	94.1544	83.3527	1.12959
478	0.000624571	0.143414	28.4967	85.4979	-19.9352	-0.0137821	94.0455	83.3594	1.12819
479	0.000625852	0.143426	28.5019	85.4951	-20.0327	-0.0137878	93.9504	83.3664	1.12696
480	0.000627133	0.143439	28.5073	85.4922	-20.1181	-0.0137921	93.8675	83.3736	1.12587
481	0.000628414	0.143452	28.5128	85.4892	-20.1923	-0.0137953	93.7959	83.3811	1.12491
482	0.000629694	0.143465	28.5184	85.4861	-20.2555	-0.0137973	93.7353	83.3888	1.12408
483	0.000630975	0.143478	28.5242	85.4831	-20.3098	-0.0137984	93.6836	83.3966	1.12335
484	0.000632256	0.143492	28.53	85.4799	-20.3559	-0.0137986	93.6402	83.4045	1.12272
485	0.000633537	0.143506	28.5359	85.4768	-20.3948	-0.0137981	93.6041	83.4125	1.12218
486	0.000634818	0.14352	28.5417	85.4737	-20.4274	-0.0137969	93.5743	83.4206	1.12172
487	0.000636099	0.143533	28.5475	85.4707	-20.4542	-0.0137952	93.5502	83.4285	1.12132
488	0.000637379	0.143547	28.5532	85.4677	-20.4759	-0.0137931	93.5312	83.4364	1.12099
489	0.00063866	0.14356	28.5588	85.4647	-20.4932	-0.0137905	93.5165	83.4441	1.12071
490	0.000639941	0.143573	28.5643	85.4618	-20.507	-0.0137877	93.5053	83.4517	1.12047
491	0.000641222	0.143586	28.5696	85.4591	-20.5179	-0.0137847	93.497	83.4591	1.12027
492	0.000642503	0.143598	28.5747	85.4564	-20.526	-0.0137814	93.4913	83.4662	1.12011
493	0.000643783	0.14361	28.5795	85.4539	-20.5317	-0.013778	93.4879	83.473	1.11998
494	0.000645064	0.143621	28.5842	85.4514	-20.5352	-0.0137745	93.4867	83.4795	1.11988
495	0.000646345	0.143632	28.5887	85.4491	-20.5366	-0.0137708	93.4874	83.4858	1.1198
496	0.000647626	0.143642	28.5929	85.4469	-20.5362	-0.013767	93.4898	83.4917	1.11975
497	0.000648906	0.143652	28.5971	85.4447	-20.5342	-0.0137631	93.4939	83.4975	1.11972
498	0.000650187	0.143662	28.6011	85.4426	-20.5307	-0.0137592	93.4992	83.5031	1.11971
499	0.000651468	0.143671	28.6049	85.4406	-20.5265	-0.0137552	93.5053	83.5084	1.11971
500	0.000652749	0.14368	28.6086	85.4387	-20.5219	-0.0137512	93.5117	83.5136	1.11972
501	0.000654029	0.143688	28.612	85.437	-20.5169	-0.0137472	93.5183	83.5184	1.11973
502	0.00065531	0.143696	28.6151	85.4354	-20.5117	-0.0137432	93.5251	83.5229	1.11975
503	0.000656591	0.143703	28.6181	85.4339	-20.5061	-0.0137393	93.5321	83.527	1.11978
504	0.000657872	0.143709	28.6207	85.4325	-20.5001	-0.0137354	93.5394	83.5309	1.11982
505	0.000659152	0.143715	28.6231	85.4313	-20.494	-0.0137316	93.5467	83.5343	1.11986
506	0.000660433	0.143721	28.6252	85.4303	-20.4882	-0.0137278	93.5535	83.5374	1.1199
507	0.000661714	0.143725	28.627	85.4294	-20.4822	-0.0137241	93.5604	83.5401	1.11995
508	0.000662995	0.143729	28.6286	85.4286	-20.4773	-0.0137204	93.5662	83.5424	1.11998
509	0.000664275	0.143733	28.6299	85.428	-20.4707	-0.0137168	93.5735	83.5444	1.12004
510	0.000665556	0.143735	28.6309	85.4275	-20.4675	-0.0137133	93.5772	83.546	1.12007
511	0.000666837	0.143738	28.6317	85.4271	-20.4622	-0.0137099	93.5829	83.5473	1.12012
512	0.000668117	0.143739	28.6322	85.4269	-20.4577	-0.0137065	93.5877	83.5481	1.12017
513	0.000669398	0.14374	28.6325	85.4268	-20.454	-0.0137032	93.5916	83.5487	1.1202
514	0.000670679	0.143741	28.6327	85.4267	-20.451	-0.0136999	93.5947	83.549	1.12024
515	0.000671959	0.143741	28.6328	85.4267	-20.4486	-0.0136967	93.5972	83.5492	1.12026
516	0.00067324	0.143741	28.6328	85.4267	-20.4461	-0.0136935	93.5997	83.5493	1.12029
517	0.000674521	0.143741	28.6327	85.4268	-20.444	-0.0136904	93.6018	83.5492	1.12032
518	0.000675802	0.143741	28.6325	85.4269	-20.4422	-0.0136874	93.6036	83.549	1.12034
519	0.000677082	0.14374	28.6322	85.4272	-20.4406	-0.0136843	93.605	83.5486	1.12037
520	0.000678363	0.143739	28.6317	85.4275	-20.4393	-0.0136814	93.6062	83.5481	1.12039
521	0.000679644	0.143738	28.631	85.4278	-20.438	-0.0136784	93.6072	83.5473	1.12041
522	0.000680924	0.143736	28.6302	85.4283	-20.4369	-0.0136755	93.608	83.5463	1.12043
523	0.000682205	0.143734	28.6293	85.4289	-20.4358	-0.0136726	93.6086	83.5451	1.12046
524	0.000683486	0.143731	28.6281	85.4295	-20.4348	-0.0136698	93.6091	83.5437	1.12048
525	0.000684766	0.143729	28.6268	85.4302	-20.4339	-0.013667	93.6095	83.5421	1.12051
526	0.000686047	0.143725	28.6254	85.431	-20.433	-0.0136643	93.6097	83.5402	1.12053
527	0.000687328	0.143722	28.6238	85.4319	-20.4322	-0.0136615	93.6098	83.5382	1.12056
528	0.000688608	0.143718	28.6221	85.4328	-20.4315	-0.0136589	93.6098	83.5359	1.12059
529	0.000689889	0.143714	28.6203	85.4338	-20.4309	-0.0136562	93.6096	83.5335	1.12062
530	0.00069117	0.143709	28.6184	85.4349	-20.4303	-0.0136536	93.6093	83.5309	1.12065
531	0.00069245	0.143705	28.6164	85.4359	-20.4298	-0.013651	93.6089	83.5282	1.12069
532	0.000693731	0.1437	28.6144	85.437	-20.4294	-0.0136485	93.6084	83.5255	1.12072
533	0.000695012	0.143695	28.6124	85.4381	-20.4289	-0.0136459	93.6079	83.5228	1.12075
534	0.000696292	0.143691	28.6104	85.4392	-20.4286	-0.0136435	93.6073	83.52	1.12078
535	0.000697573	0.143686	28.6084	85.4402	-20.4282	-0.013641	93.6067	83.5173	1.12081
536	0.000698854	0.143681	28.6064	85.4413	-20.4279	-0.0136386	93.6061	83.5146	1.12084
537	0.000700134	0.143677	28.6044	85.4423	-20.4276	-0.0136361	93.6055	83.5119	1.12086
538	0.000701415	0.143672	28.6025	85.4433	-20.4271	-0.0136338	93.605	83.5092	1.12089
539	0.000702696	0.143668	28.6007	85.4443	-20.4266	-0.0136314	93.6047	83.5066	1.12092
540	0.000703976	0.143663	28.5989	85.4452	-20.426	-0.013629	93.6045	83.5042	1.12096
541	0.000705257	0.143659	28.5972	85.4461	-20.4252	-0.0136267	93.6045	83.5018	1.12099
542	0.000706538	0.143656	28.5956	85.4469	-20.4242	-0.0136244	93.6047	83.4996	1.12102
543	0.000707818	0.143652	28.594	85.4477	-20.4231	-0.0136221	93.6051	83.4974	1.12105
544	0.000709099	0.143648	28.5925	85.4485	-20.4217	-0.0136198	93.6057	83.4953	1.12109
545	0.00071038	0.143645	28.5911	85.4493	-20.4201	-0.0136175	93.6066	83.4933	1.12113
546	0.000711661	0.143641	28.5897	85.45	-20.4183	-0.0136153	93.6078	83.4913	1.12117
547	0.000712941	0.143638	28.5884	85.4506	-20.4161	-0.0136131	93.6094	83.4895	1.12121
548	0.000714222	0.143635	28.5873	85.4512	-20.4134	-0.0136108	93.6115	83.4878	1.12126
549	0.000715503	0.143633	28.5862	85.4518	-20.4101	-0.0136086	93.6143	83.4863	1.12131
550	0.000716783	0.14363	28.5852	85.4523	-20.4066	-0.0136064	93.6173	83.4849	1.12137
551	0.000718064	0.143628	28.5844	85.4527	-20.4023	-0.0136043	93.6212	83.4837	1.12143
552	0.000719345	0.143626	28.5837	85.453	-20.399	-0.0136021	93.6241	83.4826	1.12148
553	0.000720626	0.143625	28.5831	85.4533	-20.3937	-0.0135999	93.6291	83.4817	1.12155
554	0.000721906	0.143624	28.5827	85.4535	-20.3888	-0.0135978	93.6338	83.481	1.12162
555	0.000723187	0.143623	28.5823	85.4536	-20.3843	-0.0135957	93.6381	83.4805	1.12168
556	0.000724468	0.143622	28.5821	85.4537	-20.38	-0.0135935	93.6423	83.4801	1.12173
557	0.000725748	0.143622	28.582	85.4538	-20.3758	-0.0135914	93.6464	83.4799	1.12178
558	0.000727029	0.143621	28.5819	85.4538	-20.3716	-0.0135892	93.6505	83.4797	1.12184
559	0.00072831	0.143621	28.5819	85.4538	-20.3674	-0.013587	93.6547	83.4796	1.12189
560	0.000729591	0.143621	28.5819	85.4538	-20.3631	-0.0135849	93.659	83.4796	1.12194
561	0.000730871	0.143621	28.582	85.4537	-20.3586	-0.0135827	93.6635	83.4797	1.12199
562	0.000732152	0.143622	28.5822	85.4536	-20.3538	-0.0135806	93.6684	83.4799	1.12205
563	0.000733433	0.143622	28.5825	85.4534	-20.3486	-0.0135784	93.6737	83.4802	1.12211
564	0.000734713	0.143623	28.5828	85.4532	-20.3431	-0.0135763	93.6793	83.4807	1.12217
565	0.000735994	0.143624	28.5833	85.4529	-20.3373	-0.0135741	93.6854	83.4812	1.12223
566	0.000737275	0.143625	28.5838	85.4526	-20.3311	-0.0135719	93.6918	83.4819	1.1223
567	0.000738556	0.143627	28.5845	85.4523	-20.3245	-0.0135698	93.6986	83.4827	1.12237
568	0.000739836	0.143628	28.5852	85.4518	-20.3176	-0.0135676	93.7058	83.4837	1.12245
569	0.000741117	0.14363	28.586	85.4514	-20.3104	-0.0135654	93.7135	83.4847	1.12252
570	0.000742398	0.143632	28.587	85.4509	-20.3028	-0.0135633	93.7214	83.4859	1.1226
571	0.000743679	0.143634	28.5879	85.4503	-20.2949	-0.0135612	93.7298	83.4872	1.12268
572	0.000744959	0.143637	28.589	85.4498	-20.2867	-0.013559	93.7385	83.4886	1.12277
573	0.00074624	0.143639	28.5901	85.4491	-20.2781	-0.0135569	93.7477	83.4901	1.12286
574	0.000747521	0.143642	28.5913	85.4485	-20.2691	-0.0135548	93.7571	83.4916	1.12295
575	0.000748801	0.143645	28.5925	85.4479	-20.2598	-0.0135526	93.767	83.4932	1.12305
576	0.000750082	0.143647	28.5937	85.4472	-20.2502	-0.0135505	93.7771	83.4949	1.12315
577	0.000751363	0.14365	28.5949	85.4466	-20.2403	-0.0135484	93.7876	83.4965	1.12325
578	0.000752644	0.143653	28.5961	85.4459	-20.23	-0.0135463	93.7984	83.4982	1.12336
579	0.000753924	0.143656	28.5973	85.4453	-20.2195	-0.0135443	93.8096	83.4999	1.12347
580	0.000755205	0.143659	28.5985	85.4447	-20.2087	-0.0135422	93.8209	83.5015	1.12358
581	0.000756486	0.143662	28.5997	85.444	-20.1976	-0.0135401	93.8325	83.5032	1.1237
582	0.000757767	0.143664	28.6008	85.4435	-20.1864	-0.0135381	93.8444	83.5047	1.12382
583	0.000759047	0.143667	28.6019	85.4429	-20.1749	-0.0135361	93.8564	83.5063	1.12394
584	0.000760328	0.14367	28.603	85.4423	-20.1632	-0.0135341	93.8685	83.5077	1.12407
585	0.000761609	0.143672	28.6039	85.4418	-20.1514	-0.0135321	93.8808	83.5091	1.1242
586	0.00076289	0.143674	28.6049	85.4413	-20.1395	-0.0135301	93.8932	83.5104	1.12433
587	0.00076417	0.143676	28.6058	85.4409	-20.1274	-0.0135282	93.9057	83.5117	1.12446
588	0.000765451	0.143678	28.6066	85.4404	-20.1153	-0.0135262	93.9182	83.5129	1.1246
589	0.000766732	0.14368	28.6074	85.44	-20.1031	-0.0135243	93.9308	83.514	1.12473
590	0.000768013	0.143682	28.6082	85.4396	-20.0907	-0.0135225	93.9436	83.5151	1.12487
591	0.000769293	0.143684	28.6089	85.4393	-20.0783	-0.0135206	93.9563	83.5161	1.12501
592	0.000770574	0.143686	28.6095	85.439	-20.0659	-0.0135187	93.969	83.517	1.12515
593	0.000771855	0.143687	28.6101	85.4387	-20.0538	-0.0135169	93.9814	83.5178	1.12529
594	0.000773135	0.143688	28.6106	85.4384	-20.0417	-0.013515	93.9938	83.5185	1.12543
595	0.000774416	0.143689	28.611	85.4383	-20.0295	-0.0135132	94.0062	83.5191	1.12556
596	0.000775697	0.14369	28.6113	85.4381	-20.0174	-0.0135114	94.0185	83.5196	1.12571
597	0.000776978	0.143691	28.6115	85.438	-20.0053	-0.0135095	94.0307	83.52	1.12585
598	0.000778258	0.143691	28.6118	85.4379	-19.9933	-0.0135077	94.0428	83.5203	1.12599
599	0.000779539	0.143692	28.6119	85.4378	-19.9813	-0.0135059	94.0549	83.5206	1.12613
600	0.00078082	0.143692	28.612	85.4378	-19.9694	-0.0135042	94.0669	83.5208	1.12627
601	0.0007821	0.143692	28.6121	85.4377	-19.9576	-0.0135024	94.0787	83.5209	1.12641
602	0.000783381	0.143692	28.612	85.4378	-19.9459	-0.0135006	94.0904	83.5209	1.12655
603	0.000784662	0.143692	28.612	85.4378	-19.9343	-0.0134989	94.102	83.5208	1.12669
604	0.000785943	0.143692	28.6118	85.4379	-19.9228	-0.0134972	94.1134	83.5207	1.12683
605	0.000787223	0.143691	28.6116	85.4381	-19.9115	-0.0134954	94.1247	83.5204	1.12697
606	0.000788504	0.143691	28.6113	85.4383	-19.9003	-0.0134937	94.1357	83.5201	1.1271
607	0.000789785	0.14369	28.6109	85.4385	-19.8893	-0.013492	94.1466	83.5196	1.12724
608	0.000791065	0.143689	28.6104	85.4388	-19.8784	-0.0134904	94.1572	83.519	1.12738
609	0.000792346	0.143688	28.6098	85.4391	-19.8677	-0.0134887	94.1677	83.5182	1.12751
610	0.000793627	0.143686	28.609	85.4395	-19.8572	-0.013487	94.1779	83.5173	1.12765
611	0.000794908	0.143684	28.6082	85.44	-19.8468	-0.0134854	94.188	83.5163	1.12778
612	0.000796188	0.143682	28.6072	85.4406	-19.8365	-0.0134838	94.1978	83.5151	1.12791
613	0.000797469	0.14368	28.6061	85.4412	-19.8263	-0.0134822	94.2075	83.5137	1.12805
614	0.00079875	0.143677	28.6049	85.4419	-19.8163	-0.0134806	94.217	83.5121	1.12818
615	0.00080003	0.143674	28.6035	85.4427	-19.8064	-0.013479	94.2263	83.5103	1.12832
616	0.000801311	0.143671	28.602	85.4435	-19.7963	-0.0134774	94.2357	83.5083	1.12846
617	0.000802592	0.143667	28.6004	85.4444	-19.7855	-0.0134759	94.2458	83.5062	1.12861
618	0.000803872	0.143663	28.5986	85.4454	-19.7748	-0.0134743	94.2557	83.5038	1.12876
619	0.000805153	0.143658	28.5966	85.4465	-19.7642	-0.0134728	94.2655	83.5013	1.12891
620	0.000806434	0.143654	28.5946	85.4476	-19.7537	-0.0134713	94.275	83.4985	1.12906
621	0.000807714	0.143649	28.5924	85.4488	-19.7433	-0.0134698	94.2844	83.4956	1.12921
622	0.000808995	0.143644	28.5901	85.4501	-19.7331	-0.0134684	94.2936	83.4926	1.12936
623	0.000810276	0.143638	28.5876	85.4514	-19.7231	-0.0134669	94.3025	83.4893	1.12952
624	0.000811557	0.143632	28.5851	85.4528	-19.7132	-0.0134655	94.3111	83.4859	1.12966
625	0.000812837	0.143626	28.5824	85.4542	-19.7036	-0.0134641	94.3195	83.4824	1.12981
626	0.000814118	0.14362	28.5797	85.4557	-19.6942	-0.0134627	94.3277	83.4787	1.12996
627	0.000815399	0.143613	28.5769	85.4572	-19.685	-0.0134613	94.3356	83.4749	1.13011
628	0.000816679	0.143606	28.574	85.4588	-19.6761	-0.01346	94.3432	83.471	1.13025
629	0.00081796	0.143599	28.571	85.4604	-19.6673	-0.0134586	94.3506	83.467	1.13039
630	0.000819241	0.143592	28.568	85.462	-19.6587	-0.0134573	94.3577	83.4629	1.13054
631	0.000820521	0.143585	28.5649	85.4636	-19.6504	-0.013456	94.3647	83.4587	1.13068
632	0.000821802	0.143578	28.5618	85.4653	-19.6422	-0.0134547	94.3714	83.4545	1.13081
633	0.000823083	0.143571	28.5586	85.467	-19.6342	-0.0134534	94.3779	83.4502	1.13095
634	0.000824364	0.143563	28.5554	85.4687	-19.6264	-0.0134521	94.3842	83.4458	1.13108
635	0.000825644	0.143556	28.5523	85.4704	-19.6188	-0.0134508	94.3904	83.4415	1.13122
636	0.000826925	0.143548	28.5491	85.4721	-19.6114	-0.0134496	94.3963	83.4371	1.13135
637	0.000828206	0.143541	28.5459	85.4738	-19.6041	-0.0134484	94.4021	83.4328	1.13148
638	0.000829486	0.143533	28.5427	85.4755	-19.597	-0.0134471	94.4077	83.4284	1.1316
639	0.000830767	0.143526	28.5395	85.4772	-19.5901	-0.0134459	94.4131	83.424	1.13173
640	0.000832048	0.143518	28.5363	85.4788	-19.5834	-0.0134447	94.4183	83.4197	1.13185
641	0.000833329	0.143511	28.5332	85.4805	-19.5769	-0.0134436	94.4233	83.4154	1.13197
642	0.000834609	0.143503	28.5301	85.4821	-19.5709	-0.0134424	94.4279	83.4111	1.13208
643	0.00083589	0.143496	28.527	85.4837	-19.566	-0.0134412	94.4314	83.4069	1.13218
644	0.000837171	0.143489	28.524	85.4853	-19.5627	-0.01344	94.4333	83.4027	1.13226
645	0.000838452	0.143482	28.5211	85.4869	-19.5587	-0.0134387	94.4359	83.3986	1.13234
646	0.000839732	0.143475	28.5181	85.4884	-19.5541	-0.0134375	94.4391	83.3946	1.13244
647	0.000841013	0.143468	28.5153	85.49	-19.5491	-0.0134363	94.4427	83.3907	1.13253
648	0.000842294	0.143461	28.5125	85.4914	-19.5436	-0.0134351	94.4469	83.3868	1.13264
649	0.000843575	0.143455	28.5097	85.4929	-19.5378	-0.013434	94.4513	83.3829	1.13274
650	0.000844856	0.143448	28.507	85.4943	-19.5317	-0.0134328	94.4562	83.3792	1.13285
651	0.000846136	0.143442	28.5044	85.4957	-19.5253	-0.0134316	94.4613	83.3755	1.13296
652	0.000847417	0.143436	28.5018	85.4971	-19.5187	-0.0134305	94.4667	83.372	1.13307
653	0.000848698	0.14343	28.4992	85.4984	-19.5119	-0.0134294	94.4723	83.3685	1.13319
654	0.000849979	0.143424	28.4968	85.4997	-19.5043	-0.0134283	94.4788	83.365	1.13331
655	0.00085126	0.143418	28.4943	85.501	-19.4957	-0.0134273	94.4862	83.3617	1.13345
656	0.00085254	0.143413	28.492	85.5022	-19.4872	-0.0134262	94.4936	83.3584	1.13358
657	0.000853821	0.143407	28.4897	85.5035	-19.4786	-0.0134252	94.5011	83.3552	1.13372
658	0.000855102	0.143402	28.4874	85.5046	-19.4701	-0.0134242	94.5086	83.3521	1.13385
659	0.000856383	0.143396	28.4852	85.5058	-19.4616	-0.0134232	94.516	83.349	1.13398
660	0.000857664	0.143391	28.483	85.507	-19.4532	-0.0134222	94.5234	83.346	1.13411
661	0.000858945	0.143386	28.4809	85.5081	-19.4449	-0.0134212	94.5306	83.343	1.13424
662	0.000860225	0.143381	28.4788	85.5092	-19.4368	-0.0134202	94.5378	83.3401	1.13436
663	0.000861506	0.143376	28.4767	85.5103	-19.4288	-0.0134193	94.5447	83.3373	1.13448
664	0.000862787	0.143372	28.4747	85.5113	-19.421	-0.0134183	94.5516	83.3345	1.1346
665	0.000864068	0.143367	28.4727	85.5124	-19.4134	-0.0134174	94.5583	83.3317	1.13472
666	0.000865349	0.143362	28.4707	85.5134	-19.406	-0.0134164	94.5648	83.329	1.13484
667	0.00086663	0.143358	28.4688	85.5145	-19.3987	-0.0134155	94.5711	83.3263	1.13495
668	0.000867911	0.143353	28.4669	85.5155	-19.3916	-0.0134145	94.5774	83.3237	1.13506
669	0.000869192	0.143348	28.4649	85.5165	-19.3846	-0.0134136	94.5835	83.3211	1.13517
670	0.000870472	0.143344	28.463	85.5175	-19.3777	-0.0134127	94.5894	83.3185	1.13528
671	0.000871753	0.143339	28.4611	85.5185	-19.371	-0.0134117	94.5953	83.3159	1.13538
672	0.000873034	0.143335	28.4592	85.5195	-19.3643	-0.0134107	94.6011	83.3133	1.13549
673	0.000874315	0.143331	28.4573	85.5206	-19.3577	-0.0134098	94.6068	83.3106	1.13559
674	0.000875596	0.143326	28.4554	85.5216	-19.3511	-0.0134088	94.6125	83.308	1.13569
675	0.000876877	0.143321	28.4535	85.5226	-19.3446	-0.0134078	94.6181	83.3054	1.1358
676	0.000878158	0.143317	28.4515	85.5237	-19.338	-0.0134068	94.6237	83.3027	1.1359
677	0.000879438	0.143312	28.4495	85.5247	-19.3315	-0.0134058	94.6294	83.3	1.13601
678	0.000880719	0.143307	28.4475	85.5258	-19.3249	-0.0134048	94.635	83.2972	1.13611
679	0.000882	0.143303	28.4454	85.527	-19.3182	-0.0134038	94.6407	83.2944	1.13622
680	0.000883281	0.143298	28.4433	85.5281	-19.3115	-0.0134028	94.6464	83.2915	1.13633
681	0.000884562	0.143293	28.4411	85.5293	-19.3041	-0.0134017	94.6529	83.2886	1.13644
682	0.000885843	0.143287	28.4389	85.5305	-19.2965	-0.0134007	94.6594	83.2856	1.13656
683	0.000887124	0.143282	28.4366	85.5317	-19.2888	-0.0133996	94.666	83.2825	1.13669
684	0.000888405	0.143277	28.4342	85.533	-19.2812	-0.0133985	94.6726	83.2793	1.13681
685	0.000889685	0.143271	28.4318	85.5343	-19.2737	-0.0133974	94.679	83.276	1.13693
686	0.000890966	0.143265	28.4293	85.5356	-19.2671	-0.0133962	94.6844	83.2726	1.13704
687	0.000892247	0.143259	28.4267	85.537	-19.2621	-0.013395	94.6882	83.2692	1.13713
688	0.000893528	0.143253	28.424	85.5385	-19.2562	-0.0133938	94.6929	83.2656	1.13724
689	0.000894809	0.143247	28.4212	85.54	-19.2495	-0.0133925	94.6983	83.2618	1.13736
690	0.00089609	0.14324	28.4184	85.5415	-19.2423	-0.0133913	94.7042	83.258	1.13748
691	0.000897371	0.143233	28.4154	85.5431	-19.2346	-0.01339	94.7106	83.254	1.13761
692	0.000898652	0.143226	28.4124	85.5448	-19.2263	-0.0133887	94.7174	83.2499	1.13775
693	0.000899933	0.143219	28.4093	85.5464	-19.2177	-0.0133874	94.7246	83.2457	1.13789
694	0.000901213	0.143211	28.406	85.5482	-19.2086	-0.0133861	94.7322	83.2413	1.13804
695	0.000902494	0.143203	28.4027	85.55	-19.1992	-0.0133848	94.7401	83.2368	1.1382
696	0.000903775	0.143195	28.3992	85.5519	-19.1895	-0.0133835	94.7482	83.2321	1.13836
697	0.000905056	0.143187	28.3957	85.5538	-19.1785	-0.0133822	94.7575	83.2274	1.13854
698	0.000906337	0.143179	28.392	85.5557	-19.167	-0.0133809	94.7674	83.2224	1.13872
699	0.000907618	0.14317	28.3883	85.5578	-19.1553	-0.0133796	94.7773	83.2174	1.13891
700	0.000908899	0.143161	28.3844	85.5598	-19.1436	-0.0133784	94.7873	83.2121	1.1391
701	0.00091018	0.143152	28.3805	85.562	-19.1318	-0.0133771	94.7972	83.2068	1.1393
702	0.000911461	0.143142	28.3764	85.5641	-19.1201	-0.0133758	94.8071	83.2013	1.13949
703	0.000912742	0.143133	28.3723	85.5663	-19.1085	-0.0133745	94.8168	83.1957	1.13968
704	0.000914023	0.143123	28.3681	85.5686	-19.097	-0.0133732	94.8263	83.19	1.13988
705	0.000915303	0.143113	28.3638	85.5709	-19.0857	-0.0133719	94.8357	83.1841	1.14007
706	0.000916584	0.143103	28.3594	85.5733	-19.0745	-0.0133706	94.8448	83.1782	1.14026
707	0.000917865	0.143092	28.3549	85.5757	-19.0635	-0.0133693	94.8537	83.1721	1.14045
708	0.000919146	0.143081	28.3504	85.5781	-19.0527	-0.013368	94.8624	83.1659	1.14064
709	0.000920427	0.143071	28.3458	85.5806	-19.0421	-0.0133666	94.8709	83.1596	1.14083
710	0.000921708	0.14306	28.3411	85.5831	-19.0317	-0.0133653	94.8791	83.1532	1.14102
711	0.000922989	0.143049	28.3364	85.5856	-19.0214	-0.0133639	94.8872	83.1468	1.1412
712	0.00092427	0.143037	28.3316	85.5882	-19.0112	-0.0133626	94.8951	83.1402	1.14139
713	0.000925551	0.143026	28.3268	85.5907	-19.0012	-0.0133612	94.903	83.1336	1.14157
714	0.000926832	0.143015	28.3219	85.5933	-18.9912	-0.0133598	94.9107	83.127	1.14176
715	0.000928113	0.143003	28.317	85.5959	-18.9813	-0.0133584	94.9183	83.1203	1.14194
716	0.000929394	0.142991	28.3121	85.5986	-18.9713	-0.0133569	94.926	83.1135	1.14212
717	0.000930675	0.14298	28.3072	85.6012	-18.9614	-0.0133555	94.9336	83.1068	1.14231
718	0.000931956	0.142968	28.3022	85.6038	-18.9515	-0.0133541	94.9412	83.1	1.14249
719	0.000933237	0.142956	28.2973	85.6064	-18.9415	-0.0133526	94.9489	83.0932	1.14268
720	0.000934517	0.142945	28.2924	85.609	-18.9315	-0.0133511	94.9566	83.0864	1.14287
721	0.000935798	0.142933	28.2874	85.6117	-18.9214	-0.0133496	94.9643	83.0796	1.14305
722	0.000937079	0.142921	28.2825	85.6143	-18.9114	-0.0133481	94.9721	83.0729	1.14324
723	0.00093836	0.14291	28.2776	85.6169	-18.9014	-0.0133466	94.9798	83.0661	1.14342
724	0.000939641	0.142898	28.2728	85.6194	-18.8918	-0.013345	94.9871	83.0594	1.1436
725	0.000940922	0.142887	28.2679	85.622	-18.8848	-0.0133434	94.9918	83.0527	1.14375
726	0.000942203	0.142875	28.2631	85.6246	-18.8768	-0.0133418	94.9975	83.0461	1.14391
727	0.000943484	0.142864	28.2584	85.6271	-18.8681	-0.0133401	95.004	83.0395	1.14408
728	0.000944765	0.142853	28.2536	85.6296	-18.8586	-0.0133384	95.0113	83.033	1.14426
729	0.000946046	0.142842	28.249	85.632	-18.8486	-0.0133367	95.0191	83.0265	1.14444
730	0.000947327	0.142831	28.2444	85.6345	-18.838	-0.013335	95.0275	83.0201	1.14463
731	0.000948608	0.14282	28.2398	85.6369	-18.827	-0.0133333	95.0364	83.0138	1.14483
732	0.000949889	0.142809	28.2353	85.6393	-18.8155	-0.0133317	95.0457	83.0076	1.14502
733	0.00095117	0.142799	28.2309	85.6416	-18.8038	-0.01333	95.0554	83.0014	1.14523
734	0.000952451	0.142788	28.2265	85.6439	-18.7917	-0.0133283	95.0654	82.9953	1.14543
735	0.000953732	0.142778	28.2222	85.6462	-18.7795	-0.0133266	95.0756	82.9894	1.14564
736	0.000955013	0.142768	28.2179	85.6485	-18.7671	-0.0133249	95.086	82.9834	1.14584
737	0.000956294	0.142758	28.2137	85.6507	-18.7535	-0.0133233	95.0976	82.9776	1.14606
738	0.000957575	0.142748	28.2096	85.6529	-18.7395	-0.0133217	95.1096	82.9719	1.14629
739	0.000958856	0.142738	28.2055	85.655	-18.7256	-0.01332	95.1216	82.9662	1.14651
740	0.000960137	0.142728	28.2015	85.6571	-18.7119	-0.0133184	95.1335	82.9606	1.14673
741	0.000961418	0.142719	28.1975	85.6592	-18.6982	-0.0133168	95.1452	82.9552	1.14695
742	0.000962699	0.14271	28.1936	85.6613	-18.6849	-0.0133152	95.1567	82.9498	1.14716
743	0.00096398	0.1427	28.1898	85.6633	-18.6718	-0.0133136	95.168	82.9444	1.14737
744	0.000965261	0.142691	28.186	85.6653	-18.659	-0.013312	95.179	82.9392	1.14758
745	0.000966542	0.142683	28.1823	85.6673	-18.6466	-0.0133104	95.1897	82.934	1.14778
746	0.000967823	0.142674	28.1787	85.6692	-18.6346	-0.0133088	95.2	82.9289	1.14797
747	0.000969104	0.142665	28.175	85.6711	-18.623	-0.0133072	95.2099	82.9239	1.14816
748	0.000970385	0.142657	28.1715	85.673	-18.6118	-0.0133056	95.2193	82.919	1.14834
749	0.000971666	0.142648	28.168	85.6748	-18.6011	-0.013304	95.2284	82.9141	1.14852
750	0.000972947	0.14264	28.1645	85.6767	-18.5909	-0.0133024	95.2369	82.9093	1.14869
751	0.000974228	0.142632	28.1611	85.6785	-18.5812	-0.0133008	95.245	82.9045	1.14885
752	0.000975509	0.142624	28.1578	85.6802	-18.572	-0.0132992	95.2527	82.8999	1.14901
753	0.00097679	0.142616	28.1544	85.682	-18.5632	-0.0132976	95.26	82.8953	1.14916
754	0.000978071	0.142608	28.1512	85.6837	-18.5548	-0.0132959	95.2668	82.8908	1.14931
755	0.000979352	0.1426	28.148	85.6854	-18.5469	-0.0132943	95.2732	82.8863	1.14944
756	0.000980633	0.142593	28.1448	85.687	-18.5394	-0.0132927	95.2792	82.8819	1.14958
757	0.000981914	0.142586	28.1417	85.6887	-18.5324	-0.013291	95.2847	82.8776	1.1497
758	0.000983195	0.142578	28.1387	85.6903	-18.526	-0.0132893	95.2897	82.8734	1.14982
759	0.000984476	0.142571	28.1357	85.6919	-18.5207	-0.0132876	95.2936	82.8692	1.14993
760	0.000985757	0.142564	28.1327	85.6935	-18.518	-0.0132859	95.2949	82.865	1.15
761	0.000987039	0.142557	28.1297	85.695	-18.5147	-0.0132841	95.2967	82.861	1.15008
762	0.00098832	0.14255	28.1269	85.6965	-18.511	-0.0132823	95.2991	82.8569	1.15016
763	0.000989601	0.142543	28.124	85.6981	-18.5069	-0.0132804	95.3019	82.853	1.15025
764	0.000990882	0.142536	28.1212	85.6996	-18.5024	-0.0132786	95.305	82.849	1.15035
765	0.000992163	0.14253	28.1184	85.701	-18.4977	-0.0132767	95.3084	82.8451	1.15044
766	0.000993444	0.142523	28.1156	85.7025	-18.4928	-0.0132749	95.312	82.8413	1.15054
767	0.000994725	0.142516	28.1128	85.704	-18.4877	-0.013273	95.3158	82.8375	1.15064
768	0.000996006	0.14251	28.1101	85.7054	-18.4824	-0.0132711	95.3198	82.8337	1.15074
769	0.000997287	0.142503	28.1073	85.7069	-18.477	-0.0132693	95.3239	82.8299	1.15084
770	0.000998568	0.142497	28.1046	85.7083	-18.4716	-0.0132674	95.328	82.8261	1.15094
771	0.000999849	0.14249	28.1019	85.7098	-18.4662	-0.0132655	95.3322	82.8224	1.15104
772	0.00100113	0.142484	28.0992	85.7112	-18.4607	-0.0132636	95.3364	82.8187	1.15115
773	0.00100241	0.142478	28.0965	85.7126	-18.4554	-0.0132617	95.3405	82.8149	1.15125
774	0.00100369	0.142471	28.0938	85.7141	-18.45	-0.0132599	95.3446	82.8112	1.15135
775	0.00100497	0.142465	28.0911	85.7155	-18.4448	-0.013258	95.3485	82.8075	1.15145
776	0.00100625	0.142458	28.0884	85.7169	-18.4398	-0.0132561	95.3523	82.8037	1.15155
777	0.00100754	0.142452	28.0857	85.7184	-18.4348	-0.0132542	95.356	82.8	1.15164
778	0.00100882	0.142446	28.083	85.7198	-18.4301	-0.0132523	95.3594	82.7962	1.15174
779	0.0010101	0.142439	28.0802	85.7213	-18.4256	-0.0132504	95.3627	82.7925	1.15183
780	0.00101138	0.142433	28.0775	85.7227	-18.4213	-0.0132484	95.3657	82.7887	1.15192
781	0.00101266	0.142426	28.0748	85.7242	-18.4173	-0.0132465	95.3684	82.7849	1.152
782	0.00101394	0.14242	28.072	85.7256	-18.4136	-0.0132446	95.3709	82.7812	1.15208
783	0.00101522	0.142413	28.0693	85.7271	-18.4102	-0.0132426	95.373	82.7774	1.15216
784	0.0010165	0.142406	28.0665	85.7286	-18.4071	-0.0132407	95.3748	82.7735	1.15224
785	0.00101779	0.1424	28.0637	85.7301	-18.4043	-0.0132387	95.3762	82.7697	1.15231
786	0.00101907	0.142393	28.061	85.7315	-18.4019	-0.0132367	95.3773	82.7659	1.15238
787	0.00102035	0.142387	28.0582	85.733	-18.3998	-0.0132347	95.3781	82.7621	1.15244
788	0.00102163	0.14238	28.0554	85.7345	-18.3981	-0.0132327	95.3786	82.7582	1.1525
789	0.00102291	0.142373	28.0526	85.736	-18.3966	-0.0132306	95.3788	82.7544	1.15255
790	0.00102419	0.142367	28.0498	85.7375	-18.3955	-0.0132286	95.3786	82.7505	1.1526
791	0.00102547	0.14236	28.047	85.7389	-18.3946	-0.0132265	95.3781	82.7467	1.15265
792	0.00102675	0.142354	28.0443	85.7404	-18.3941	-0.0132245	95.3773	82.7428	1.1527
793	0.00102803	0.142347	28.0415	85.7419	-18.3939	-0.0132224	95.3763	82.739	1.15274
794	0.00102932	0.14234	28.0388	85.7433	-18.3939	-0.0132203	95.3749	82.7352	1.15277
795	0.0010306	0.142334	28.036	85.7448	-18.3942	-0.0132181	95.3733	82.7314	1.15281
796	0.00103188	0.142327	28.0333	85.7462	-18.3948	-0.013216	95.3715	82.7276	1.15284
797	0.00103316	0.142321	28.0306	85.7477	-18.3956	-0.0132139	95.3694	82.7238	1.15287
798	0.00103444	0.142315	28.0279	85.7491	-18.3966	-0.0132117	95.3672	82.7201	1.15289
799	0.00103572	0.142308	28.0252	85.7505	-18.3978	-0.0132095	95.3647	82.7164	1.15291
800	0.001037	0.142302	28.0226	85.7519	-18.3993	-0.0132074	95.362	82.7127	1.15293
801	0.00103828	0.142296	28.02	85.7533	-18.4009	-0.0132052	95.3592	82.7091	1.15295
802	0.00103957	0.142289	28.0174	85.7546	-18.4027	-0.013203	95.3562	82.7055	1.15296
803	0.00104085	0.142283	28.0149	85.7559	-18.4046	-0.0132008	95.353	82.702	1.15297
804	0.00104213	0.142277	28.0124	85.7572	-18.4068	-0.0131986	95.3497	82.6985	1.15298
805	0.00104341	0.142272	28.0101	85.7585	-18.4091	-0.0131964	95.3462	82.6952	1.15298
806	0.00104469	0.142266	28.0078	85.7597	-18.4117	-0.0131941	95.3426	82.692	1.15298
807	0.00104597	0.142261	28.0055	85.7608	-18.4144	-0.0131919	95.3388	82.6888	1.15298
808	0.00104725	0.142255	28.0034	85.762	-18.4174	-0.0131897	95.3348	82.6858	1.15298
809	0.00104853	0.14225	28.0013	85.7631	-18.4206	-0.0131874	95.3305	82.6828	1.15297
810	0.00104981	0.142245	27.9992	85.7641	-18.4241	-0.0131852	95.3261	82.68	1.15295
811	0.0010511	0.142241	27.9973	85.7652	-18.4279	-0.0131829	95.3213	82.6772	1.15293
812	0.00105238	0.142236	27.9954	85.7661	-18.432	-0.0131807	95.3164	82.6745	1.15291
813	0.00105366	0.142232	27.9936	85.7671	-18.4363	-0.0131784	95.3112	82.672	1.15288
814	0.00105494	0.142228	27.9919	85.768	-18.4409	-0.0131761	95.3058	82.6695	1.15285
815	0.00105622	0.142223	27.9902	85.7688	-18.4457	-0.0131738	95.3002	82.6672	1.15282
816	0.0010575	0.14222	27.9887	85.7696	-18.4508	-0.0131715	95.2944	82.665	1.15278
817	0.00105878	0.142216	27.9872	85.7704	-18.4561	-0.0131692	95.2884	82.6629	1.15273
818	0.00106006	0.142213	27.9858	85.7711	-18.4616	-0.0131669	95.2821	82.6609	1.15269
819	0.00106135	0.142209	27.9845	85.7718	-18.4675	-0.0131645	95.2757	82.659	1.15263
820	0.00106263	0.142207	27.9833	85.7724	-18.4735	-0.0131621	95.269	82.6573	1.15258
821	0.00106391	0.142204	27.9822	85.7729	-18.4799	-0.0131598	95.2621	82.6557	1.15252
822	0.00106519	0.142201	27.9813	85.7734	-18.4864	-0.0131574	95.2551	82.6543	1.15245
823	0.00106647	0.142199	27.9804	85.7739	-18.4932	-0.013155	95.2479	82.653	1.15238
824	0.00106775	0.142197	27.9796	85.7743	-18.5001	-0.0131525	95.2406	82.6518	1.15231
825	0.00106903	0.142195	27.9789	85.7746	-18.5072	-0.0131501	95.2331	82.6508	1.15224
826	0.00107031	0.142194	27.9783	85.7749	-18.5145	-0.0131477	95.2255	82.6499	1.15216
827	0.0010716	0.142192	27.9778	85.7751	-18.5219	-0.0131452	95.2179	82.6491	1.15207
828	0.00107288	0.142191	27.9774	85.7753	-18.5294	-0.0131428	95.2102	82.6485	1.15199
829	0.00107416	0.142191	27.9771	85.7755	-18.537	-0.0131403	95.2025	82.648	1.1519
830	0.00107544	0.14219	27.9769	85.7755	-18.5446	-0.0131379	95.1947	82.6477	1.15181
831	0.00107672	0.14219	27.9768	85.7756	-18.5522	-0.0131354	95.187	82.6475	1.15172
832	0.001078	0.142189	27.9768	85.7756	-18.5598	-0.013133	95.1794	82.6474	1.15163
833	0.00107928	0.142189	27.9768	85.7755	-18.5674	-0.0131305	95.1718	82.6474	1.15154
834	0.00108056	0.14219	27.9769	85.7755	-18.575	-0.0131281	95.1643	82.6475	1.15145
835	0.00108185	0.14219	27.9771	85.7754	-18.5825	-0.0131256	95.1568	82.6477	1.15135
836	0.00108313	0.14219	27.9773	85.7753	-18.59	-0.0131232	95.1494	82.6479	1.15126
837	0.00108441	0.142191	27.9775	85.7751	-18.5975	-0.0131208	95.1421	82.6482	1.15117
838	0.00108569	0.142191	27.9778	85.7749	-18.6049	-0.0131184	95.1348	82.6486	1.15108
839	0.00108697	0.142192	27.9782	85.7748	-18.6122	-0.013116	95.1276	82.649	1.15098
840	0.00108825	0.142193	27.9786	85.7745	-18.6196	-0.0131137	95.1204	82.6495	1.15089
841	0.00108953	0.142194	27.979	85.7743	-18.6268	-0.0131113	95.1133	82.6501	1.1508
842	0.00109082	0.142195	27.9795	85.774	-18.6341	-0.013109	95.1063	82.6507	1.1507
843	0.0010921	0.142196	27.98	85.7737	-18.6412	-0.0131067	95.0994	82.6514	1.15061
844	0.00109338	0.142198	27.9806	85.7734	-18.6483	-0.0131045	95.0926	82.6522	1.15051
845	0.00109466	0.142199	27.9813	85.773	-18.6553	-0.0131022	95.0859	82.6531	1.15042
846	0.00109594	0.142201	27.982	85.7726	-18.6619	-0.0131001	95.0796	82.654	1.15033
847	0.00109722	0.142203	27.9827	85.7722	-18.6672	-0.0130979	95.0747	82.655	1.15026
848	0.0010985	0.142204	27.9835	85.7718	-18.6743	-0.0130958	95.0679	82.6561	1.15016
849	0.00109979	0.142206	27.9844	85.7713	-18.6801	-0.0130937	95.0625	82.6572	1.15008
850	0.00110107	0.142208	27.9853	85.7708	-18.6873	-0.0130916	95.0557	82.6585	1.14998
851	0.00110235	0.142211	27.9862	85.7703	-18.6939	-0.0130896	95.0496	82.6598	1.14989
852	0.00110363	0.142213	27.9873	85.7697	-18.704	-0.0130876	95.0399	82.6611	1.14975
853	0.00110491	0.142216	27.9883	85.7692	-18.7127	-0.0130856	95.0317	82.6626	1.14963
854	0.00110619	0.142218	27.9895	85.7686	-18.7203	-0.0130836	95.0246	82.6641	1.14953
855	0.00110747	0.142221	27.9906	85.7679	-18.7272	-0.0130816	95.0183	82.6657	1.14943
856	0.00110876	0.142224	27.9918	85.7673	-18.7334	-0.0130796	95.0126	82.6673	1.14934
857	0.00111004	0.142227	27.9931	85.7666	-18.7391	-0.0130777	95.0075	82.669	1.14925
858	0.00111132	0.14223	27.9944	85.7659	-18.7443	-0.0130758	95.0029	82.6708	1.14917
859	0.0011126	0.142233	27.9958	85.7651	-18.749	-0.0130739	94.9989	82.6727	1.1491
860	0.00111388	0.142236	27.9972	85.7644	-18.7532	-0.013072	94.9953	82.6746	1.14903
861	0.00111516	0.14224	27.9986	85.7636	-18.7568	-0.0130702	94.9924	82.6765	1.14896
862	0.00111644	0.142243	28.0001	85.7628	-18.7599	-0.0130684	94.99	82.6785	1.14891
863	0.00111773	0.142247	28.0016	85.762	-18.7624	-0.0130666	94.9882	82.6806	1.14886
864	0.00111901	0.14225	28.0031	85.7612	-18.7643	-0.0130649	94.987	82.6827	1.14881
865	0.00112029	0.142254	28.0047	85.7604	-18.7657	-0.0130632	94.9863	82.6848	1.14878
866	0.00112157	0.142258	28.0063	85.7595	-18.7666	-0.0130615	94.9861	82.687	1.14874
867	0.00112285	0.142261	28.0079	85.7587	-18.767	-0.0130599	94.9865	82.6892	1.14872
868	0.00112413	0.142265	28.0095	85.7578	-18.767	-0.0130582	94.9872	82.6915	1.14869
869	0.00112542	0.142269	28.0111	85.7569	-18.7666	-0.0130566	94.9884	82.6937	1.14868
870	0.0011267	0.142273	28.0128	85.756	-18.7657	-0.013055	94.9901	82.696	1.14867
871	0.00112798	0.142277	28.0145	85.7551	-18.7642	-0.0130534	94.9924	82.6983	1.14866
872	0.00112926	0.142281	28.0161	85.7542	-18.7621	-0.0130518	94.9952	82.7006	1.14866
873	0.00113054	0.142285	28.0178	85.7534	-18.7594	-0.0130502	94.9987	82.7029	1.14867
874	0.00113182	0.142289	28.0195	85.7525	-18.7561	-0.0130486	95.0028	82.7053	1.14869
875	0.0011331	0.142293	28.0212	85.7516	-18.7522	-0.013047	95.0075	82.7076	1.14872
876	0.00113439	0.142297	28.0228	85.7507	-18.7476	-0.0130455	95.0129	82.7099	1.14875
877	0.00113567	0.142301	28.0245	85.7498	-18.7425	-0.013044	95.0188	82.7122	1.14879
878	0.00113695	0.142305	28.0261	85.7489	-18.7367	-0.0130425	95.0253	82.7145	1.14884
879	0.00113823	0.142309	28.0278	85.7481	-18.7305	-0.013041	95.0324	82.7168	1.14889
880	0.00113951	0.142313	28.0294	85.7472	-18.7237	-0.0130396	95.0399	82.719	1.14895
881	0.00114079	0.142317	28.031	85.7464	-18.7164	-0.0130382	95.048	82.7212	1.14901
882	0.00114207	0.14232	28.0326	85.7455	-18.7086	-0.0130368	95.0564	82.7235	1.14909
883	0.00114336	0.142324	28.0341	85.7447	-18.7005	-0.0130353	95.0653	82.7256	1.14916
884	0.00114464	0.142328	28.0357	85.7439	-18.6918	-0.0130339	95.0747	82.7278	1.14925
885	0.00114592	0.142331	28.0372	85.7431	-18.6826	-0.0130325	95.0847	82.7299	1.14934
886	0.0011472	0.142335	28.0386	85.7423	-18.6728	-0.013031	95.0951	82.7319	1.14944
887	0.00114848	0.142338	28.0401	85.7416	-18.6626	-0.0130296	95.1061	82.7339	1.14954
888	0.00114976	0.142342	28.0415	85.7408	-18.6518	-0.0130282	95.1175	82.7359	1.14965
889	0.00115104	0.142345	28.0429	85.7401	-18.6407	-0.0130267	95.1293	82.7379	1.14977
890	0.00115233	0.142348	28.0442	85.7394	-18.6292	-0.0130253	95.1414	82.7397	1.14989
891	0.00115361	0.142351	28.0455	85.7387	-18.6174	-0.0130239	95.1538	82.7416	1.15001
892	0.00115489	0.142355	28.0468	85.7381	-18.6054	-0.0130225	95.1665	82.7434	1.15014
893	0.00115617	0.142358	28.048	85.7374	-18.5931	-0.0130212	95.1793	82.7451	1.15027
894	0.00115745	0.14236	28.0492	85.7368	-18.5807	-0.0130198	95.1923	82.7468	1.1504
895	0.00115873	0.142363	28.0504	85.7362	-18.5682	-0.0130185	95.2053	82.7484	1.15054
896	0.00116001	0.142366	28.0516	85.7356	-18.5557	-0.0130172	95.2184	82.75	1.15068
897	0.0011613	0.142369	28.0527	85.735	-18.5432	-0.0130159	95.2314	82.7516	1.15081
898	0.00116258	0.142371	28.0537	85.7344	-18.5308	-0.0130147	95.2443	82.7531	1.15095
899	0.00116386	0.142374	28.0548	85.7339	-18.5185	-0.0130134	95.2571	82.7545	1.15108
900	0.00116514	0.142376	28.0558	85.7333	-18.5065	-0.0130122	95.2697	82.756	1.15121
901	0.00116642	0.142379	28.0568	85.7328	-18.4946	-0.013011	95.282	82.7574	1.15134
902	0.0011677	0.142381	28.0578	85.7323	-18.4831	-0.0130099	95.2939	82.7587	1.15147
903	0.00116898	0.142383	28.0587	85.7318	-18.472	-0.0130087	95.3055	82.7601	1.15159
904	0.00117027	0.142386	28.0597	85.7313	-18.4613	-0.0130076	95.3167	82.7614	1.1517
905	0.00117155	0.142388	28.0606	85.7308	-18.451	-0.0130064	95.3274	82.7627	1.15182
906	0.00117283	0.14239	28.0615	85.7303	-18.4412	-0.0130053	95.3377	82.764	1.15192
907	0.00117411	0.142392	28.0624	85.7298	-18.4318	-0.0130041	95.3474	82.7652	1.15202
908	0.00117539	0.142394	28.0634	85.7293	-18.4229	-0.0130029	95.3568	82.7665	1.15212
909	0.00117667	0.142397	28.0643	85.7289	-18.4144	-0.0130017	95.3657	82.7678	1.15221
910	0.00117795	0.142399	28.0652	85.7284	-18.4062	-0.0130005	95.3743	82.769	1.15229
911	0.00117923	0.142401	28.0661	85.7279	-18.3984	-0.0129993	95.3826	82.7703	1.15238
912	0.00118052	0.142403	28.0671	85.7274	-18.3908	-0.012998	95.3906	82.7716	1.15246
913	0.0011818	0.142405	28.0681	85.7268	-18.3835	-0.0129967	95.3984	82.7729	1.15253
914	0.00118308	0.142408	28.069	85.7263	-18.3764	-0.0129955	95.406	82.7743	1.1526
915	0.00118436	0.14241	28.0701	85.7258	-18.3694	-0.0129941	95.4134	82.7757	1.15267
916	0.00118564	0.142413	28.0711	85.7252	-18.3625	-0.0129928	95.4208	82.7771	1.15274
917	0.00118692	0.142415	28.0722	85.7246	-18.3557	-0.0129915	95.4281	82.7785	1.15281
918	0.0011882	0.142418	28.0733	85.724	-18.349	-0.0129901	95.4353	82.78	1.15288
919	0.00118949	0.14242	28.0744	85.7234	-18.3422	-0.0129887	95.4426	82.7816	1.15295
920	0.00119077	0.142423	28.0756	85.7228	-18.3354	-0.0129873	95.45	82.7832	1.15301
921	0.00119205	0.142426	28.0768	85.7221	-18.3284	-0.0129859	95.4576	82.7848	1.15308
922	0.00119333	0.142429	28.0781	85.7214	-18.3212	-0.0129845	95.4654	82.7865	1.15315
923	0.00119461	0.142432	28.0794	85.7207	-18.3137	-0.012983	95.4735	82.7883	1.15322
924	0.00119589	0.142435	28.0807	85.72	-18.3058	-0.0129815	95.4819	82.7901	1.1533
925	0.00119717	0.142438	28.0821	85.7192	-18.2975	-0.0129801	95.4909	82.792	1.15338
926	0.00119845	0.142442	28.0836	85.7185	-18.2887	-0.0129786	95.5004	82.794	1.15347
927	0.00119974	0.142445	28.0851	85.7176	-18.2793	-0.0129771	95.5105	82.796	1.15356
928	0.00120102	0.142449	28.0866	85.7168	-18.2693	-0.0129755	95.5212	82.7982	1.15366
929	0.0012023	0.142453	28.0883	85.7159	-18.2587	-0.0129739	95.5326	82.8004	1.15377
930	0.00120358	0.142457	28.09	85.715	-18.2473	-0.0129723	95.5447	82.8026	1.15388
931	0.00120486	0.142461	28.0917	85.714	-18.2352	-0.0129706	95.5576	82.805	1.15401
932	0.00120614	0.142465	28.0935	85.7131	-18.2223	-0.0129689	95.5713	82.8075	1.15414
933	0.00120742	0.142469	28.0954	85.7121	-18.2087	-0.0129672	95.5858	82.81	1.15428
934	0.0012087	0.142474	28.0974	85.711	-18.1943	-0.0129654	95.6011	82.8127	1.15443
935	0.00120999	0.142478	28.0994	85.7099	-18.1792	-0.0129636	95.6172	82.8154	1.15458
936	0.00121127	0.142483	28.1015	85.7088	-18.1632	-0.0129618	95.6341	82.8182	1.15475
937	0.00121255	0.142488	28.1036	85.7076	-18.1465	-0.0129601	95.6518	82.8211	1.15492
938	0.00121383	0.142493	28.1058	85.7065	-18.1291	-0.0129583	95.6702	82.8241	1.1551
939	0.00121511	0.142499	28.1081	85.7052	-18.1112	-0.0129565	95.6892	82.8272	1.15529
940	0.00121639	0.142504	28.1104	85.704	-18.0926	-0.0129548	95.7089	82.8303	1.15548
941	0.00121767	0.14251	28.1127	85.7027	-18.0734	-0.012953	95.7291	82.8336	1.15568
942	0.00121895	0.142515	28.1152	85.7014	-18.0538	-0.0129513	95.7499	82.8369	1.15588
943	0.00122024	0.142521	28.1177	85.7001	-18.0335	-0.0129496	95.7713	82.8403	1.1561
944	0.00122152	0.142527	28.1202	85.6987	-18.0127	-0.0129479	95.7932	82.8437	1.15631
945	0.0012228	0.142533	28.1228	85.6973	-17.9914	-0.0129462	95.8157	82.8472	1.15653
946	0.00122408	0.142539	28.1254	85.6959	-17.9698	-0.0129445	95.8386	82.8508	1.15676
947	0.00122536	0.142546	28.1281	85.6945	-17.9477	-0.0129429	95.8619	82.8545	1.15699
948	0.00122664	0.142552	28.1308	85.6931	-17.9253	-0.0129412	95.8856	82.8582	1.15723
949	0.00122792	0.142559	28.1335	85.6916	-17.9026	-0.0129395	95.9096	82.862	1.15746
950	0.0012292	0.142565	28.1363	85.6901	-17.8794	-0.0129378	95.934	82.8658	1.1577
951	0.00123049	0.142572	28.1391	85.6886	-17.8559	-0.0129362	95.9588	82.8696	1.15795
952	0.00123177	0.142579	28.142	85.6871	-17.8321	-0.0129345	95.9841	82.8736	1.1582
953	0.00123305	0.142585	28.1449	85.6855	-17.8078	-0.0129328	96.0097	82.8775	1.15845
954	0.00123433	0.142592	28.1478	85.684	-17.783	-0.0129311	96.0359	82.8815	1.15871
955	0.00123561	0.142599	28.1507	85.6824	-17.7576	-0.0129294	96.0626	82.8855	1.15898
956	0.00123689	0.142606	28.1536	85.6809	-17.7317	-0.0129277	96.0898	82.8895	1.15925
957	0.00123817	0.142613	28.1565	85.6793	-17.7052	-0.012926	96.1177	82.8936	1.15953
958	0.00123945	0.14262	28.1595	85.6777	-17.6781	-0.0129243	96.1462	82.8976	1.15982
959	0.00124074	0.142627	28.1624	85.6762	-17.6504	-0.0129225	96.1752	82.9017	1.16011
960	0.00124202	0.142634	28.1653	85.6746	-17.6222	-0.0129208	96.2049	82.9057	1.16041
961	0.0012433	0.142641	28.1683	85.6731	-17.5934	-0.0129191	96.235	82.9097	1.16072
962	0.00124458	0.142648	28.1712	85.6715	-17.5642	-0.0129174	96.2656	82.9138	1.16103
963	0.00124586	0.142655	28.1741	85.67	-17.5345	-0.0129157	96.2967	82.9178	1.16135
964	0.00124714	0.142661	28.177	85.6684	-17.5044	-0.0129141	96.3281	82.9218	1.16167
965	0.00124842	0.142668	28.1799	85.6669	-17.474	-0.0129125	96.3599	82.9258	1.162
966	0.0012497	0.142675	28.1827	85.6654	-17.4433	-0.0129108	96.3919	82.9297	1.16233
967	0.00125098	0.142682	28.1856	85.6639	-17.4125	-0.0129092	96.4241	82.9337	1.16266
968	0.00125227	0.142689	28.1885	85.6624	-17.3816	-0.0129076	96.4563	82.9376	1.163
969	0.00125355	0.142696	28.1913	85.6609	-17.3506	-0.0129061	96.4887	82.9416	1.16333
970	0.00125483	0.142702	28.1941	85.6594	-17.3194	-0.0129045	96.5212	82.9454	1.16367
971	0.00125611	0.142709	28.1969	85.6579	-17.288	-0.012903	96.5539	82.9493	1.16401
972	0.00125739	0.142715	28.1996	85.6565	-17.2565	-0.0129015	96.5866	82.9531	1.16435
973	0.00125867	0.142722	28.2023	85.655	-17.225	-0.0129	96.6195	82.9568	1.1647
974	0.00125995	0.142728	28.205	85.6536	-17.1933	-0.0128985	96.6524	82.9606	1.16504
975	0.00126123	0.142735	28.2076	85.6522	-17.1616	-0.012897	96.6853	82.9642	1.16539
976	0.00126251	0.142741	28.2102	85.6508	-17.1298	-0.0128956	96.7184	82.9678	1.16573
977	0.0012638	0.142747	28.2128	85.6495	-17.0979	-0.0128942	96.7515	82.9714	1.16608
978	0.00126508	0.142753	28.2153	85.6482	-17.0658	-0.0128928	96.7847	82.9749	1.16643
979	0.00126636	0.142759	28.2178	85.6468	-17.0336	-0.0128914	96.8181	82.9784	1.16679
980	0.00126764	0.142765	28.2203	85.6455	-17.0013	-0.0128901	96.8516	82.9818	1.16714
981	0.00126892	0.142771	28.2227	85.6443	-16.9688	-0.0128888	96.8852	82.9852	1.1675
982	0.0012702	0.142776	28.2251	85.643	-16.9362	-0.0128875	96.919	82.9885	1.16786
983	0.00127148	0.142782	28.2274	85.6418	-16.9035	-0.0128863	96.9528	82.9917	1.16822
984	0.00127276	0.142787	28.2296	85.6406	-16.8707	-0.0128851	96.9867	82.9948	1.16859
985	0.00127404	0.142792	28.2318	85.6395	-16.8376	-0.0128838	97.0208	82.9979	1.16895
986	0.00127533	0.142798	28.234	85.6383	-16.8044	-0.0128827	97.055	83.0009	1.16932
987	0.00127661	0.142803	28.2361	85.6373	-16.771	-0.0128815	97.0894	83.0038	1.1697
988	0.00127789	0.142808	28.2381	85.6362	-16.7374	-0.0128804	97.124	83.0066	1.17007
989	0.00127917	0.142812	28.24	85.6352	-16.7036	-0.0128793	97.1587	83.0094	1.17045
990	0.00128045	0.142817	28.2419	85.6342	-16.6696	-0.0128782	97.1937	83.0121	1.17084
991	0.00128173	0.142821	28.2438	85.6332	-16.6353	-0.0128771	97.2288	83.0146	1.17122
992	0.00128301	0.142825	28.2455	85.6323	-16.601	-0.0128761	97.264	83.0171	1.17161
993	0.00128429	0.14283	28.2472	85.6314	-16.5664	-0.0128751	97.2993	83.0195	1.17201
994	0.00128557	0.142834	28.2489	85.6305	-16.5318	-0.0128741	97.3348	83.0218	1.1724
995	0.00128686	0.142837	28.2505	85.6297	-16.497	-0.0128732	97.3703	83.024	1.1728
996	0.00128814	0.142841	28.252	85.6289	-16.4622	-0.0128722	97.4058	83.0262	1.17319
997	0.00128942	0.142845	28.2535	85.6281	-16.4273	-0.0128713	97.4414	83.0283	1.17359
998	0.0012907	0.142848	28.2549	85.6274	-16.3925	-0.0128705	97.477	83.0303	1.17399
999	0.00129198	0.142851	28.2563	85.6267	-16.3576	-0.0128696	97.5125	83.0322	1.17439
1000	0.00129326	0.142855	28.2576	85.626	-16.3228	-0.0128688	97.548	83.0341	1.17479
1001	0.00129454	0.142858	28.2589	85.6253	-16.288	-0.0128681	97.5834	83.0358	1.1752
1002	0.00129582	0.142861	28.2601	85.6247	-16.2532	-0.0128673	97.6187	83.0376	1.1756
1003	0.0012971	0.142863	28.2612	85.6241	-16.2185	-0.0128666	97.6539	83.0392	1.176
1004	0.00129838	0.142866	28.2623	85.6235	-16.1839	-0.0128659	97.6891	83.0407	1.1764
1005	0.00129967	0.142869	28.2633	85.623	-16.1493	-0.0128653	97.7242	83.0422	1.1768
1006	0.00130095	0.142871	28.2643	85.6225	-16.1147	-0.0128647	97.7592	83.0435	1.1772
1007	0.00130223	0.142873	28.2651	85.6221	-16.0802	-0.0128641	97.7942	83.0448	1.17761
1008	0.00130351	0.142875	28.2659	85.6217	-16.0457	-0.0128636	97.829	83.0459	1.17801
1009	0.00130479	0.142877	28.2666	85.6214	-16.0113	-0.0128631	97.8638	83.0469	1.17842
1010	0.00130607	0.142878	28.2672	85.6211	-15.9769	-0.0128626	97.8985	83.0478	1.17882
1011	0.00130735	0.14288	28.2677	85.6208	-15.9425	-0.0128622	97.9332	83.0486	1.17923
1012	0.00130863	0.142881	28.2682	85.6206	-15.908	-0.0128618	97.9679	83.0493	1.17964
1013	0.00130991	0.142882	28.2685	85.6204	-15.8736	-0.0128615	98.0025	83.0498	1.18004
1014	0.0013112	0.142883	28.2688	85.6203	-15.8392	-0.0128612	98.037	83.0503	1.18045
1015	0.00131248	0.142883	28.269	85.6202	-15.805	-0.012861	98.0713	83.0506	1.18086
1016	0.00131376	0.142883	28.269	85.6202	-15.772	-0.0128607	98.1044	83.0507	1.18126
1017	0.00131504	0.142883	28.269	85.6203	-15.7387	-0.0128605	98.1377	83.0508	1.18166
1018	0.00131632	0.142883	28.2688	85.6204	-15.7053	-0.0128604	98.1711	83.0506	1.18206
1019	0.0013176	0.142883	28.2685	85.6206	-15.6716	-0.0128602	98.2046	83.0503	1.18247
1020	0.00131888	0.142882	28.268	85.6209	-15.6379	-0.0128602	98.2382	83.0497	1.18288
1021	0.00132016	0.14288	28.2674	85.6213	-15.6041	-0.0128601	98.2717	83.049	1.1833
1022	0.00132144	0.142879	28.2666	85.6218	-15.5703	-0.0128602	98.3052	83.048	1.18372
1023	0.00132272	0.142877	28.2656	85.6223	-15.5365	-0.0128602	98.3385	83.0468	1.18413
1024	0.00132401	0.142874	28.2644	85.623	-15.5028	-0.0128604	98.3718	83.0453	1.18456
1025	0.00132529	0.142871	28.2629	85.6239	-15.4692	-0.0128606	98.4048	83.0435	1.18498
1026	0.00132657	0.142867	28.2613	85.6248	-15.4357	-0.0128609	98.4375	83.0413	1.1854
1027	0.00132785	0.142863	28.2593	85.6259	-15.4024	-0.0128612	98.4699	83.0389	1.18583
1028	0.00132913	0.142858	28.2571	85.6272	-15.3694	-0.0128615	98.502	83.036	1.18626
1029	0.00133041	0.142853	28.2546	85.6286	-15.3367	-0.012862	98.5336	83.0328	1.18668
1030	0.00133169	0.142846	28.2518	85.6302	-15.3042	-0.0128625	98.5649	83.0292	1.18711
1031	0.00133297	0.142839	28.2486	85.632	-15.272	-0.012863	98.5957	83.025	1.18754
1032	0.00133425	0.142831	28.245	85.6339	-15.24	-0.0128637	98.626	83.0204	1.18797
1033	0.00133553	0.142822	28.241	85.6362	-15.2084	-0.0128643	98.6559	83.0152	1.18841
1034	0.00133682	0.142812	28.2366	85.6386	-15.1771	-0.012865	98.6853	83.0095	1.18884
1035	0.0013381	0.142802	28.2318	85.6413	-15.146	-0.0128658	98.7142	83.0032	1.18928
1036	0.00133938	0.14279	28.2265	85.6442	-15.1152	-0.0128665	98.7426	82.9962	1.18972
1037	0.00134066	0.142776	28.2206	85.6475	-15.0847	-0.0128673	98.7705	82.9885	1.19017
1038	0.00134194	0.142762	28.2143	85.651	-15.0544	-0.0128681	98.798	82.9802	1.19062
1039	0.00134322	0.142746	28.2073	85.6548	-15.0244	-0.012869	98.8249	82.971	1.19108
1040	0.0013445	0.142729	28.1998	85.659	-14.9946	-0.0128699	98.8513	82.9611	1.19154
1041	0.00134578	0.142711	28.1917	85.6635	-14.9651	-0.0128709	98.8772	82.9503	1.192
1042	0.00134706	0.142691	28.1829	85.6683	-14.9357	-0.0128719	98.9026	82.9387	1.19248
1043	0.00134834	0.142669	28.1734	85.6735	-14.9067	-0.012873	98.9274	82.9262	1.19296
1044	0.00134963	0.142646	28.1633	85.679	-14.8779	-0.0128742	98.9516	82.9127	1.19344
1045	0.00135091	0.142621	28.1524	85.685	-14.8494	-0.0128755	98.9752	82.8982	1.19394
1046	0.00135219	0.142594	28.1409	85.6913	-14.8213	-0.0128768	98.9981	82.8828	1.19443
1047	0.00135347	0.142566	28.1285	85.6981	-14.7935	-0.0128782	99.0203	82.8663	1.19494
1048	0.00135475	0.142536	28.1155	85.7052	-14.766	-0.0128796	99.0418	82.8488	1.19545
1049	0.00135603	0.142504	28.1016	85.7128	-14.7389	-0.0128811	99.0626	82.8302	1.19597
1050	0.00135731	0.14247	28.0869	85.7208	-14.7122	-0.0128827	99.0826	82.8105	1.1965
1051	0.00135859	0.142434	28.0714	85.7292	-14.6858	-0.0128844	99.102	82.7897	1.19703
1052	0.00135987	0.142397	28.0551	85.7381	-14.6597	-0.0128861	99.1206	82.7678	1.19757
1053	0.00136115	0.142357	28.038	85.7474	-14.6341	-0.0128879	99.1385	82.7447	1.19812
1054	0.00136243	0.142315	28.0201	85.7571	-14.6087	-0.0128898	99.1556	82.7204	1.19868
1055	0.00136371	0.142271	28.0013	85.7673	-14.5837	-0.0128917	99.172	82.695	1.19925
1056	0.00136499	0.142226	27.9817	85.7779	-14.5591	-0.0128937	99.1876	82.6685	1.19982
1057	0.00136626	0.142178	27.9613	85.7889	-14.5348	-0.0128958	99.2025	82.6408	1.20041
1058	0.00136753	0.142129	27.9401	85.8004	-14.5109	-0.0128979	99.2168	82.612	1.201
1059	0.0013688	0.142077	27.9182	85.8123	-14.4872	-0.0129001	99.2303	82.5821	1.2016
1060	0.00137007	0.142024	27.8954	85.8246	-14.4639	-0.0129023	99.2431	82.5511	1.2022
1061	0.00137133	0.141968	27.8718	85.8373	-14.4409	-0.0129046	99.2553	82.519	1.20282
1062	0.0013726	0.141911	27.8475	85.8504	-14.4182	-0.0129069	99.2668	82.4857	1.20344
1063	0.00137386	0.141852	27.8225	85.8639	-14.3959	-0.0129093	99.2776	82.4514	1.20407
1064	0.00137511	0.141791	27.7966	85.8778	-14.3739	-0.0129118	99.2876	82.4161	1.20471
1065	0.00137637	0.141729	27.7701	85.892	-14.3523	-0.0129144	99.2969	82.3797	1.20536
1066	0.00137762	0.141664	27.7428	85.9067	-14.3311	-0.0129169	99.3055	82.3422	1.20601
1067	0.00137887	0.141598	27.7148	85.9217	-14.3102	-0.0129196	99.3134	82.3038	1.20667
1068	0.00138012	0.14153	27.6862	85.9371	-14.2898	-0.0129223	99.3206	82.2643	1.20734
1069	0.00138137	0.141461	27.6568	85.9529	-14.2697	-0.0129251	99.3271	82.2239	1.20801
1070	0.00138261	0.14139	27.6268	85.969	-14.25	-0.0129279	99.3329	82.1825	1.20869
1071	0.00138385	0.141317	27.5962	85.9854	-14.2306	-0.0129307	99.338	82.1402	1.20937
1072	0.00138509	0.141242	27.5648	86.0022	-14.2116	-0.0129337	99.3425	82.0969	1.21006
1073	0.00138633	0.141166	27.5329	86.0193	-14.1929	-0.0129366	99.3464	82.0527	1.21076
1074	0.00138756	0.141089	27.5004	86.0367	-14.1744	-0.0129397	99.3497	82.0076	1.21147
1075	0.0013888	0.14101	27.4672	86.0544	-14.1562	-0.0129428	99.3525	81.9617	1.21218
1076	0.00139003	0.140929	27.4335	86.0725	-14.1383	-0.0129459	99.3547	81.9149	1.2129
1077	0.00139126	0.140847	27.3992	86.0908	-14.1206	-0.0129491	99.3564	81.8672	1.21363
1078	0.00139248	0.140764	27.3643	86.1095	-14.1032	-0.0129523	99.3577	81.8188	1.21436
1079	0.00139371	0.140679	27.329	86.1284	-14.086	-0.0129556	99.3584	81.7695	1.2151
1080	0.00139493	0.140593	27.293	86.1476	-14.069	-0.012959	99.3586	81.7195	1.21585
1081	0.00139615	0.140506	27.2566	86.167	-14.0523	-0.0129624	99.3583	81.6686	1.2166
1082	0.00139737	0.140417	27.2197	86.1867	-14.0359	-0.0129658	99.3575	81.6171	1.21736
1083	0.00139859	0.140327	27.1822	86.2067	-14.0197	-0.0129693	99.3563	81.5648	1.21813
1084	0.0013998	0.140236	27.1443	86.2269	-14.0037	-0.0129728	99.3545	81.5117	1.2189
1085	0.00140102	0.140143	27.1059	86.2474	-13.988	-0.0129764	99.3523	81.458	1.21968
1086	0.00140223	0.14005	27.0671	86.2681	-13.9725	-0.0129801	99.3497	81.4036	1.22046
1087	0.00140344	0.139955	27.0279	86.289	-13.9573	-0.0129837	99.3466	81.3485	1.22125
1088	0.00140464	0.139859	26.9882	86.3102	-13.9422	-0.0129875	99.3431	81.2928	1.22204
1089	0.00140585	0.139762	26.9481	86.3315	-13.9274	-0.0129912	99.3392	81.2364	1.22284
1090	0.00140705	0.139664	26.9076	86.3531	-13.9128	-0.012995	99.3349	81.1793	1.22365
1091	0.00140825	0.139565	26.8666	86.3749	-13.8983	-0.0129989	99.3302	81.1217	1.22446
1092	0.00140945	0.139464	26.8253	86.3969	-13.884	-0.0130027	99.3251	81.0634	1.22528
1093	0.00141065	0.139363	26.7837	86.419	-13.87	-0.0130067	99.3197	81.0046	1.2261
1094	0.00141184	0.139261	26.7416	86.4414	-13.8561	-0.0130106	99.3139	80.9452	1.22693
1095	0.00141304	0.139158	26.6992	86.464	-13.8424	-0.0130146	99.3077	80.8852	1.22776
1096	0.00141423	0.139053	26.6564	86.4867	-13.8289	-0.0130187	99.3012	80.8246	1.2286
1097	0.00141542	0.138948	26.6133	86.5096	-13.8155	-0.0130227	99.2944	80.7635	1.22945
1098	0.00141661	0.138842	26.5699	86.5327	-13.8024	-0.0130269	99.2872	80.7018	1.2303
1099	0.0014178	0.138735	26.5261	86.556	-13.7895	-0.013031	99.2796	80.6396	1.23115
1100	0.00141898	0.138627	26.482	86.5794	-13.7767	-0.0130352	99.2717	80.5768	1.23201
1101	0.00142017	0.138518	26.4376	86.603	-13.7641	-0.0130395	99.2635	80.5136	1.23288
1102	0.00142135	0.138409	26.3929	86.6268	-13.7515	-0.0130438	99.2551	80.4498	1.23375
1103	0.00142253	0.138298	26.3479	86.6507	-13.739	-0.0130481	99.2465	80.3855	1.23463
1104	0.0014237	0.138186	26.3025	86.6747	-13.7265	-0.0130524	99.2377	80.3207	1.23552
1105	0.00142488	0.138074	26.2569	86.699	-13.7141	-0.0130568	99.2287	80.2554	1.23641
1106	0.00142606	0.137961	26.211	86.7233	-13.7017	-0.0130611	99.2196	80.1896	1.23731
1107	0.00142723	0.137847	26.1648	86.7478	-13.6892	-0.0130656	99.2104	80.1233	1.23822
1108	0.0014284	0.137732	26.1183	86.7725	-13.6767	-0.01307	99.201	80.0565	1.23914
1109	0.00142957	0.137616	26.0715	86.7973	-13.6641	-0.0130745	99.1917	79.9892	1.24006
1110	0.00143074	0.1375	26.0245	86.8223	-13.6515	-0.013079	99.1822	79.9214	1.241
1111	0.00143191	0.137382	25.9772	86.8474	-13.6388	-0.0130836	99.1727	79.8532	1.24194
1112	0.00143307	0.137264	25.9296	86.8726	-13.626	-0.0130881	99.163	79.7845	1.24289
1113	0.00143424	0.137145	25.8817	86.8979	-13.6132	-0.0130928	99.1534	79.7153	1.24384
1114	0.0014354	0.137025	25.8336	86.9234	-13.6003	-0.0130974	99.1436	79.6457	1.24481
1115	0.00143656	0.136905	25.7852	86.9491	-13.5874	-0.0131021	99.1339	79.5756	1.24578
1116	0.00143772	0.136783	25.7366	86.9748	-13.5744	-0.0131068	99.124	79.505	1.24676
1117	0.00143888	0.136661	25.6877	87.0007	-13.5613	-0.0131116	99.114	79.434	1.24775
1118	0.00144003	0.136538	25.6386	87.0268	-13.5482	-0.0131164	99.104	79.3625	1.24875
1119	0.00144119	0.136414	25.5892	87.0529	-13.5351	-0.0131212	99.0939	79.2905	1.24976
1120	0.00144234	0.13629	25.5396	87.0792	-13.5219	-0.013126	99.0838	79.2181	1.25077
1121	0.00144349	0.136164	25.4897	87.1056	-13.5086	-0.0131309	99.0736	79.1452	1.25179
1122	0.00144464	0.136038	25.4396	87.1321	-13.4953	-0.0131359	99.0633	79.0719	1.25283
1123	0.00144579	0.135911	25.3892	87.1588	-13.4819	-0.0131409	99.0529	78.9981	1.25386
1124	0.00144694	0.135783	25.3386	87.1855	-13.4685	-0.0131459	99.0425	78.9239	1.25491
1125	0.00144809	0.135655	25.2878	87.2124	-13.455	-0.0131509	99.0321	78.8493	1.25597
1126	0.00144923	0.135526	25.2367	87.2394	-13.4414	-0.013156	99.0216	78.7742	1.25703
1127	0.00145038	0.135396	25.1854	87.2666	-13.4278	-0.0131611	99.0111	78.6986	1.2581
1128	0.00145152	0.135265	25.1339	87.2938	-13.414	-0.0131662	99.0005	78.6227	1.25919
1129	0.00145266	0.135134	25.0821	87.3212	-13.4002	-0.0131714	98.9899	78.5463	1.26028
1130	0.0014538	0.135002	25.0302	87.3487	-13.3864	-0.0131767	98.9793	78.4694	1.26137
1131	0.00145494	0.134869	24.978	87.3762	-13.3725	-0.0131819	98.9686	78.3921	1.26248
1132	0.00145608	0.134735	24.9255	87.4039	-13.3585	-0.0131873	98.9578	78.3145	1.2636
1133	0.00145721	0.134601	24.8729	87.4318	-13.3444	-0.0131926	98.9471	78.2363	1.26472
1134	0.00145835	0.134465	24.8201	87.4597	-13.3303	-0.013198	98.9362	78.1578	1.26585
1135	0.00145948	0.13433	24.767	87.4877	-13.3161	-0.0132034	98.9254	78.0789	1.26699
1136	0.00146061	0.134193	24.7138	87.5158	-13.302	-0.0132089	98.9144	77.9995	1.26814
1137	0.00146174	0.134056	24.6604	87.544	-13.2877	-0.0132144	98.9034	77.9198	1.2693
1138	0.00146287	0.133918	24.6068	87.5723	-13.2735	-0.0132199	98.8924	77.8398	1.27046
1139	0.001464	0.13378	24.5531	87.6006	-13.2592	-0.0132255	98.8813	77.7594	1.27163
1140	0.00146513	0.133641	24.4992	87.629	-13.2449	-0.0132311	98.8701	77.6786	1.27281
1141	0.00146626	0.133502	24.4451	87.6575	-13.2306	-0.0132368	98.8589	77.5976	1.27399
1142	0.00146738	0.133362	24.391	87.6861	-13.2162	-0.0132425	98.8476	77.5162	1.27519
1143	0.00146851	0.133221	24.3366	87.7148	-13.2019	-0.0132482	98.8363	77.4345	1.27639
1144	0.00146963	0.13308	24.2821	87.7435	-13.1875	-0.013254	98.8249	77.3524	1.27759
1145	0.00147075	0.132938	24.2275	87.7723	-13.1731	-0.0132598	98.8134	77.27	1.27881
1146	0.00147187	0.132796	24.1727	87.8012	-13.1587	-0.0132656	98.8019	77.1873	1.28003
1147	0.00147299	0.132653	24.1178	87.8302	-13.1443	-0.0132715	98.7903	77.1043	1.28126
1148	0.00147411	0.13251	24.0627	87.8592	-13.1299	-0.0132774	98.7787	77.021	1.28249
1149	0.00147523	0.132366	24.0075	87.8883	-13.1154	-0.0132833	98.7671	76.9374	1.28373
1150	0.00147634	0.132221	23.9521	87.9174	-13.1009	-0.0132893	98.7554	76.8534	1.28498
1151	0.00147746	0.132076	23.8967	87.9467	-13.0864	-0.0132954	98.7437	76.7692	1.28624
1152	0.00147857	0.131931	23.841	87.976	-13.0718	-0.0133014	98.7319	76.6846	1.28751
1153	0.00147969	0.131785	23.7853	88.0053	-13.0572	-0.0133075	98.7201	76.5997	1.28878
1154	0.0014808	0.131638	23.7294	88.0348	-13.0426	-0.0133137	98.7082	76.5145	1.29006
1155	0.00148191	0.131491	23.6734	88.0643	-13.028	-0.0133199	98.6963	76.429	1.29135
1156	0.00148302	0.131344	23.6172	88.0938	-13.0134	-0.0133261	98.6843	76.3432	1.29264
1157	0.00148413	0.131195	23.5609	88.1235	-12.9988	-0.0133324	98.6723	76.2571	1.29394
1158	0.00148524	0.131047	23.5045	88.1531	-12.9841	-0.0133387	98.6602	76.1707	1.29525
1159	0.00148635	0.130898	23.448	88.1829	-12.9695	-0.013345	98.648	76.084	1.29657
1160	0.00148745	0.130748	23.3914	88.2127	-12.955	-0.0133514	98.6357	75.997	1.29789
1161	0.00148856	0.130598	23.3346	88.2425	-12.9405	-0.0133579	98.6234	75.9097	1.29922
1162	0.00148966	0.130447	23.2778	88.2724	-12.926	-0.0133643	98.6109	75.8222	1.30055
1163	0.00149077	0.130296	23.2208	88.3024	-12.9116	-0.0133708	98.5982	75.7343	1.3019
1164	0.00149187	0.130144	23.1637	88.3324	-12.8973	-0.0133774	98.5854	75.6462	1.30324
1165	0.00149297	0.129992	23.1066	88.3625	-12.8832	-0.013384	98.5725	75.5578	1.3046
1166	0.00149407	0.12984	23.0493	88.3925	-12.8691	-0.0133906	98.5594	75.4692	1.30596
1167	0.00149518	0.129687	22.992	88.4227	-12.8552	-0.0133973	98.5461	75.3803	1.30732
1168	0.00149627	0.129533	22.9346	88.4528	-12.8415	-0.013404	98.5326	75.2911	1.30869
1169	0.00149737	0.12938	22.8772	88.483	-12.8276	-0.0134108	98.5192	75.2018	1.31006
1170	0.00149847	0.129226	22.8196	88.5132	-12.8138	-0.0134176	98.5057	75.1122	1.31145
1171	0.00149957	0.129071	22.7621	88.5435	-12.8002	-0.0134244	98.4919	75.0224	1.31283
1172	0.00150066	0.128916	22.7045	88.5737	-12.7869	-0.0134313	98.4778	74.9324	1.31422
1173	0.00150176	0.128761	22.6468	88.604	-12.7739	-0.0134382	98.4634	74.8422	1.31561
1174	0.00150285	0.128606	22.5892	88.6342	-12.7612	-0.0134451	98.4488	74.7519	1.31701
1175	0.00150395	0.12845	22.5315	88.6645	-12.7488	-0.0134521	98.4338	74.6614	1.3184
1176	0.00150504	0.128294	22.4738	88.6947	-12.7367	-0.0134592	98.4184	74.5708	1.3198
1177	0.00150613	0.128138	22.4162	88.725	-12.725	-0.0134662	98.4027	74.48	1.3212
1178	0.00150722	0.127982	22.3586	88.7552	-12.7136	-0.0134733	98.3867	74.3892	1.32259
1179	0.00150831	0.127825	22.301	88.7854	-12.7026	-0.0134804	98.3703	74.2982	1.32399
1180	0.0015094	0.127669	22.2434	88.8155	-12.6919	-0.0134875	98.3535	74.2072	1.32539
1181	0.00151049	0.127512	22.186	88.8456	-12.6816	-0.0134947	98.3364	74.1161	1.32679
1182	0.00151158	0.127355	22.1286	88.8757	-12.6717	-0.0135019	98.3191	74.0251	1.32819
1183	0.00151267	0.127199	22.0713	88.9057	-12.6621	-0.0135091	98.3013	73.934	1.32958
1184	0.00151376	0.127042	22.0142	88.9356	-12.6529	-0.0135164	98.2834	73.843	1.33098
1185	0.00151484	0.126885	21.9571	88.9654	-12.6439	-0.0135237	98.2651	73.752	1.33237
1186	0.00151593	0.126729	21.9003	88.9952	-12.6354	-0.013531	98.2465	73.6611	1.33376
1187	0.00151701	0.126573	21.8435	89.0248	-12.6271	-0.0135383	98.2278	73.5703	1.33515
1188	0.0015181	0.126417	21.787	89.0544	-12.6191	-0.0135456	98.2087	73.4797	1.33654
1189	0.00151918	0.126261	21.7307	89.0838	-12.6115	-0.0135529	98.1895	73.3892	1.33793
1190	0.00152026	0.126106	21.6746	89.1132	-12.6041	-0.0135603	98.1701	73.2989	1.33931
1191	0.00152134	0.125951	21.6187	89.1423	-12.597	-0.0135677	98.1504	73.2088	1.34069
1192	0.00152242	0.125796	21.5631	89.1714	-12.5903	-0.0135751	98.1307	73.119	1.34207
1193	0.0015235	0.125642	21.5078	89.2002	-12.5838	-0.0135825	98.1107	73.0295	1.34344
1194	0.00152458	0.125489	21.4528	89.229	-12.5776	-0.0135899	98.0906	72.9403	1.34481
1195	0.00152566	0.125336	21.3981	89.2575	-12.5717	-0.0135973	98.0703	72.8515	1.34617
1196	0.00152674	0.125184	21.3438	89.2858	-12.5661	-0.0136047	98.0499	72.7632	1.34752
1197	0.00152782	0.125033	21.2899	89.3139	-12.5608	-0.0136121	98.0294	72.6753	1.34887
1198	0.0015289	0.124883	21.2365	89.3417	-12.5557	-0.0136195	98.0089	72.588	1.35021
1199	0.00152997	0.124734	21.1836	89.3692	-12.5508	-0.013627	97.9884	72.5014	1.35154
1200	0.00153105	0.124586	21.1312	89.3965	-12.546	-0.0136344	97.968	72.4154	1.35286
1201	0.00153212	0.124439	21.0793	89.4235	-12.5414	-0.0136418	97.9477	72.3301	1.35418
1202	0.0015332	0.124294	21.0279	89.4503	-12.537	-0.0136493	97.9275	72.2456	1.35548
1203	0.00153427	0.12415	20.977	89.4767	-12.5326	-0.0136567	97.9074	72.1618	1.35678
1204	0.00153534	0.124007	20.9267	89.5029	-12.5284	-0.0136642	97.8874	72.0787	1.35806
1205	0.00153641	0.123865	20.8768	89.5288	-12.5244	-0.0136716	97.8676	71.9963	1.35934
1206	0.00153749	0.123725	20.8276	89.5544	-12.5203	-0.0136791	97.848	71.9147	1.36061
1207	0.00153856	0.123586	20.7788	89.5797	-12.5163	-0.0136865	97.8286	71.8339	1.36187
1208	0.00153963	0.123448	20.7307	89.6047	-12.5123	-0.013694	97.8094	71.7539	1.36312
1209	0.0015407	0.123312	20.683	89.6295	-12.5083	-0.0137015	97.7905	71.6747	1.36437
1210	0.00154176	0.123177	20.636	89.6539	-12.5044	-0.013709	97.7718	71.5963	1.3656
1211	0.00154283	0.123043	20.5895	89.6781	-12.5004	-0.0137166	97.7534	71.5187	1.36682
1212	0.0015439	0.122911	20.5435	89.7019	-12.4965	-0.0137241	97.7352	71.4419	1.36804
1213	0.00154497	0.122781	20.4982	89.7254	-12.4927	-0.0137317	97.7172	71.366	1.36924
1214	0.00154603	0.122651	20.4534	89.7487	-12.489	-0.0137393	97.6994	71.291	1.37043
1215	0.0015471	0.122524	20.4092	89.7716	-12.4853	-0.0137469	97.6817	71.2168	1.37161
1216	0.00154816	0.122398	20.3656	89.7942	-12.4818	-0.0137545	97.6643	71.1435	1.37278
1217	0.00154923	0.122273	20.3226	89.8165	-12.4782	-0.0137621	97.6471	71.0711	1.37394
1218	0.00155029	0.12215	20.2802	89.8385	-12.4745	-0.0137698	97.6304	70.9995	1.37509
1219	0.00155135	0.122029	20.2383	89.8601	-12.4705	-0.0137776	97.6142	70.9289	1.37623
1220	0.00155242	0.121909	20.1971	89.8815	-12.4664	-0.0137854	97.5985	70.8592	1.37736
1221	0.00155348	0.12179	20.1565	89.9025	-12.4621	-0.0137933	97.5832	70.7905	1.37848
1222	0.00155454	0.121674	20.1165	89.9232	-12.4577	-0.0138012	97.5682	70.7227	1.37959
1223	0.0015556	0.121559	20.0771	89.9436	-12.4533	-0.0138092	97.5537	70.6558	1.38069
1224	0.00155666	0.121445	20.0384	89.9637	-12.4488	-0.0138172	97.5394	70.5899	1.38178
1225	0.00155772	0.121334	20.0002	89.9834	-12.4443	-0.0138252	97.5255	70.525	1.38285
1226	0.00155878	0.121224	19.9627	90.0028	-12.4398	-0.0138332	97.5119	70.461	1.38391
1227	0.00155984	0.121115	19.9258	90.0219	-12.4353	-0.0138412	97.4986	70.3981	1.38496
1228	0.00156089	0.121009	19.8895	90.0407	-12.4308	-0.0138492	97.4856	70.3361	1.386
1229	0.00156195	0.120904	19.854	90.059	-12.4262	-0.0138573	97.4729	70.2752	1.38702
1230	0.001563	0.120801	19.8191	90.077	-12.4216	-0.0138653	97.4606	70.2154	1.38802
1231	0.00156406	0.1207	19.7849	90.0947	-12.4169	-0.0138733	97.4487	70.1567	1.38902
1232	0.00156511	0.120601	19.7514	90.1119	-12.4122	-0.0138813	97.4372	70.0991	1.38999
1233	0.00156617	0.120504	19.7187	90.1288	-12.4075	-0.0138893	97.4261	70.0428	1.39095
1234	0.00156722	0.120409	19.6866	90.1454	-12.4026	-0.0138972	97.4155	69.9875	1.3919
1235	0.00156827	0.120316	19.6552	90.1616	-12.3976	-0.0139052	97.4052	69.9334	1.39283
1236	0.00156933	0.120225	19.6245	90.1774	-12.3926	-0.0139131	97.3954	69.8804	1.39374
1237	0.00157038	0.120135	19.5945	90.1928	-12.3874	-0.013921	97.386	69.8285	1.39465
1238	0.00157143	0.120048	19.5651	90.208	-12.3822	-0.0139288	97.377	69.7777	1.39553
1239	0.00157248	0.119963	19.5364	90.2228	-12.3768	-0.0139367	97.3685	69.728	1.3964
1240	0.00157353	0.119879	19.5084	90.2372	-12.3713	-0.0139445	97.3603	69.6794	1.39726
1241	0.00157457	0.119797	19.481	90.2513	-12.3656	-0.0139523	97.3527	69.6319	1.39811
1242	0.00157562	0.119717	19.4542	90.2651	-12.3597	-0.01396	97.3457	69.5854	1.39894
1243	0.00157667	0.119639	19.428	90.2786	-12.3534	-0.0139677	97.3392	69.5399	1.39976
1244	0.00157772	0.119562	19.4024	90.2918	-12.347	-0.0139754	97.3333	69.4955	1.40057
1245	0.00157876	0.119488	19.3774	90.3046	-12.3403	-0.0139831	97.3278	69.452	1.40137
1246	0.00157981	0.119415	19.3531	90.3172	-12.3334	-0.0139907	97.3229	69.4096	1.40215
1247	0.00158085	0.119343	19.3292	90.3294	-12.3263	-0.0139983	97.3184	69.3681	1.40293
1248	0.0015819	0.119274	19.306	90.3414	-12.319	-0.0140059	97.3144	69.3276	1.40369
1249	0.00158294	0.119205	19.2833	90.3531	-12.3115	-0.0140134	97.3108	69.2879	1.40444
1250	0.00158398	0.119139	19.2611	90.3645	-12.3038	-0.014021	97.3078	69.2493	1.40518
1251	0.00158503	0.119074	19.2394	90.3757	-12.2959	-0.0140285	97.3051	69.2114	1.40591
1252	0.00158607	0.11901	19.2182	90.3866	-12.2878	-0.0140359	97.3029	69.1744	1.40663
1253	0.00158711	0.118948	19.1974	90.3973	-12.2795	-0.0140434	97.3012	69.1382	1.40734
1254	0.00158815	0.118887	19.1771	90.4078	-12.271	-0.0140508	97.2998	69.1027	1.40805
1255	0.00158919	0.118827	19.1572	90.418	-12.2623	-0.0140583	97.2989	69.0679	1.40874
1256	0.00159023	0.118768	19.1378	90.428	-12.2534	-0.0140657	97.2984	69.0339	1.40943
1257	0.00159127	0.118711	19.1189	90.4377	-12.2441	-0.0140731	97.2984	69.0007	1.41011
1258	0.00159231	0.118656	19.1005	90.4472	-12.2347	-0.0140805	97.2989	68.9684	1.41078
1259	0.00159335	0.118601	19.0826	90.4563	-12.2249	-0.0140879	97.3	68.9369	1.41143
1260	0.00159439	0.118549	19.0653	90.4652	-12.2149	-0.0140953	97.3016	68.9064	1.41208
1261	0.00159542	0.118498	19.0487	90.4737	-12.2045	-0.0141027	97.3038	68.877	1.41272
1262	0.00159646	0.11845	19.0328	90.4818	-12.1938	-0.01411	97.3066	68.8487	1.41334
1263	0.0015975	0.118403	19.0176	90.4895	-12.1828	-0.0141174	97.3102	68.8217	1.41395
1264	0.00159853	0.118359	19.0031	90.4968	-12.1714	-0.0141248	97.3145	68.796	1.41454
1265	0.00159957	0.118317	18.9894	90.5038	-12.1596	-0.0141322	97.3194	68.7716	1.41511
1266	0.0016006	0.118277	18.9765	90.5103	-12.1475	-0.0141395	97.3252	68.7484	1.41567
1267	0.00160163	0.11824	18.9643	90.5164	-12.135	-0.0141469	97.3316	68.7266	1.41621
1268	0.00160267	0.118204	18.9529	90.5222	-12.1222	-0.0141543	97.3388	68.7061	1.41674
1269	0.0016037	0.118171	18.9422	90.5276	-12.109	-0.0141617	97.3467	68.687	1.41725
1270	0.00160473	0.118141	18.9323	90.5326	-12.0954	-0.0141691	97.3553	68.669	1.41775
1271	0.00160577	0.118112	18.9231	90.5372	-12.0815	-0.0141765	97.3645	68.6524	1.41822
1272	0.0016068	0.118086	18.9146	90.5414	-12.0674	-0.0141839	97.3744	68.637	1.41869
1273	0.00160783	0.118061	18.9068	90.5453	-12.0531	-0.0141913	97.3848	68.6229	1.41913
1274	0.00160886	0.118039	18.8997	90.5488	-12.0405	-0.0141986	97.3938	68.61	1.41953
1275	0.00160989	0.118019	18.8932	90.552	-12.0276	-0.0142058	97.4035	68.5982	1.41991
1276	0.00161092	0.118001	18.8875	90.5549	-12.0135	-0.0142131	97.4146	68.5877	1.42029
1277	0.00161195	0.117984	18.8824	90.5573	-11.9985	-0.0142204	97.427	68.5783	1.42067
1278	0.00161298	0.11797	18.8779	90.5595	-11.9827	-0.0142277	97.4405	68.57	1.42104
1279	0.001614	0.117958	18.874	90.5614	-11.9661	-0.014235	97.4551	68.5628	1.4214
1280	0.00161503	0.117947	18.8707	90.563	-11.9488	-0.0142423	97.4707	68.5566	1.42175
1281	0.00161606	0.117938	18.8679	90.5643	-11.9309	-0.0142497	97.4871	68.5514	1.4221
1282	0.00161709	0.117931	18.8655	90.5655	-11.9126	-0.0142571	97.5042	68.547	1.42244
1283	0.00161811	0.117924	18.8635	90.5664	-11.8938	-0.0142645	97.5219	68.5432	1.42278
1284	0.00161914	0.117919	18.8619	90.5671	-11.8746	-0.014272	97.5402	68.5401	1.42311
1285	0.00162016	0.117915	18.8607	90.5677	-11.8551	-0.0142794	97.5591	68.5378	1.42344
1286	0.00162119	0.117912	18.8599	90.568	-11.8353	-0.0142869	97.5784	68.536	1.42375
1287	0.00162221	0.11791	18.8594	90.5682	-11.8152	-0.0142945	97.5981	68.5349	1.42406
1288	0.00162323	0.117909	18.8593	90.5682	-11.795	-0.014302	97.6182	68.5344	1.42437
1289	0.00162425	0.117909	18.8595	90.568	-11.7745	-0.0143096	97.6386	68.5346	1.42466
1290	0.00162528	0.11791	18.86	90.5676	-11.7539	-0.0143172	97.6595	68.5353	1.42495
1291	0.0016263	0.117913	18.8608	90.5671	-11.733	-0.0143248	97.6806	68.5365	1.42523
1292	0.00162732	0.117916	18.862	90.5664	-11.712	-0.0143325	97.7021	68.5383	1.42551
1293	0.00162834	0.11792	18.8635	90.5656	-11.6909	-0.0143401	97.7238	68.5407	1.42578
1294	0.00162936	0.117925	18.8652	90.5646	-11.6696	-0.0143478	97.7459	68.5435	1.42604
1295	0.00163038	0.11793	18.8673	90.5635	-11.6481	-0.0143555	97.7683	68.5469	1.4263
1296	0.00163139	0.117937	18.8696	90.5622	-11.6265	-0.0143633	97.791	68.5508	1.42655
1297	0.00163241	0.117945	18.8722	90.5608	-11.6047	-0.014371	97.8139	68.5551	1.42679
1298	0.00163343	0.117953	18.8751	90.5592	-11.5828	-0.0143788	97.8371	68.5599	1.42703
1299	0.00163444	0.117962	18.8782	90.5575	-11.5608	-0.0143865	97.8606	68.5652	1.42726
1300	0.00163546	0.117972	18.8816	90.5557	-11.5386	-0.0143943	97.8843	68.571	1.42749
1301	0.00163648	0.117983	18.8853	90.5537	-11.5164	-0.0144022	97.9082	68.5773	1.42771
1302	0.00163749	0.117994	18.8893	90.5515	-11.4941	-0.01441	97.9324	68.584	1.42792
1303	0.0016385	0.118007	18.8936	90.5493	-11.4717	-0.0144178	97.9568	68.5912	1.42812
1304	0.00163952	0.11802	18.8981	90.5468	-11.4492	-0.0144256	97.9813	68.5989	1.42832
1305	0.00164053	0.118034	18.9029	90.5443	-11.4266	-0.0144335	98.0061	68.6071	1.42851
1306	0.00164154	0.118049	18.908	90.5416	-11.404	-0.0144413	98.0311	68.6157	1.4287
1307	0.00164255	0.118065	18.9133	90.5387	-11.3813	-0.0144492	98.0564	68.6249	1.42888
1308	0.00164356	0.118081	18.919	90.5357	-11.3584	-0.014457	98.0818	68.6345	1.42905
1309	0.00164457	0.118098	18.9249	90.5326	-11.3354	-0.0144649	98.1076	68.6445	1.42921
1310	0.00164558	0.118117	18.931	90.5293	-11.3124	-0.0144728	98.1335	68.6551	1.42937
1311	0.00164659	0.118136	18.9375	90.5259	-11.2892	-0.0144807	98.1597	68.6661	1.42952
1312	0.00164759	0.118155	18.9442	90.5223	-11.2658	-0.0144886	98.1862	68.6776	1.42967
1313	0.0016486	0.118176	18.9512	90.5186	-11.2424	-0.0144965	98.2129	68.6896	1.42981
1314	0.00164961	0.118197	18.9585	90.5148	-11.219	-0.0145045	98.2398	68.702	1.42994
1315	0.00165061	0.11822	18.966	90.5108	-11.1954	-0.0145125	98.2669	68.7149	1.43007
1316	0.00165161	0.118242	18.9738	90.5067	-11.1718	-0.0145205	98.2941	68.7283	1.43019
1317	0.00165262	0.118266	18.9819	90.5024	-11.1482	-0.0145285	98.3215	68.7421	1.4303
1318	0.00165362	0.118291	18.9901	90.498	-11.1246	-0.0145366	98.3491	68.7563	1.4304
1319	0.00165462	0.118316	18.9987	90.4935	-11.101	-0.0145447	98.3767	68.7709	1.4305
1320	0.00165562	0.118342	19.0075	90.4889	-11.0774	-0.0145528	98.4044	68.786	1.43059
1321	0.00165662	0.118368	19.0165	90.4841	-11.0539	-0.014561	98.4322	68.8015	1.43067
1322	0.00165762	0.118396	19.0258	90.4793	-11.0305	-0.0145692	98.46	68.8174	1.43074
1323	0.00165862	0.118424	19.0352	90.4743	-11.0071	-0.0145774	98.4878	68.8337	1.43081
1324	0.00165962	0.118453	19.0449	90.4692	-10.9838	-0.0145856	98.5157	68.8504	1.43087
1325	0.00166062	0.118482	19.0549	90.464	-10.9606	-0.0145938	98.5436	68.8674	1.43092
1326	0.00166162	0.118512	19.065	90.4586	-10.9374	-0.0146021	98.5716	68.8848	1.43096
1327	0.00166262	0.118542	19.0753	90.4532	-10.9143	-0.0146104	98.5996	68.9026	1.431
1328	0.00166361	0.118574	19.0859	90.4477	-10.8912	-0.0146186	98.6277	68.9207	1.43103
1329	0.00166461	0.118605	19.0966	90.4421	-10.8681	-0.0146269	98.6559	68.9391	1.43106
1330	0.0016656	0.118637	19.1075	90.4364	-10.845	-0.0146352	98.6842	68.9578	1.43108
1331	0.0016666	0.11867	19.1185	90.4306	-10.8219	-0.0146435	98.7125	68.9769	1.4311
1332	0.00166759	0.118703	19.1297	90.4247	-10.7988	-0.0146519	98.7409	68.9961	1.43111
1333	0.00166858	0.118737	19.1411	90.4187	-10.7757	-0.0146602	98.7695	69.0157	1.43112
1334	0.00166958	0.118771	19.1526	90.4127	-10.7526	-0.0146685	98.7981	69.0355	1.43112
1335	0.00167057	0.118805	19.1642	90.4066	-10.7295	-0.0146769	98.8267	69.0555	1.43112
1336	0.00167156	0.11884	19.176	90.4004	-10.7063	-0.0146853	98.8555	69.0758	1.43112
1337	0.00167255	0.118876	19.188	90.3942	-10.6831	-0.0146936	98.8843	69.0963	1.43111
1338	0.00167354	0.118911	19.2001	90.3879	-10.66	-0.014702	98.9133	69.1171	1.4311
1339	0.00167453	0.118948	19.2123	90.3815	-10.6368	-0.0147104	98.9422	69.1381	1.43108
1340	0.00167552	0.118984	19.2247	90.375	-10.6137	-0.0147188	98.9713	69.1593	1.43106
1341	0.00167651	0.119021	19.2373	90.3684	-10.5906	-0.0147272	99.0003	69.1809	1.43104
1342	0.0016775	0.119059	19.2499	90.3618	-10.5675	-0.0147356	99.0295	69.2026	1.43101
1343	0.00167849	0.119096	19.2628	90.355	-10.5445	-0.0147441	99.0586	69.2246	1.43097
1344	0.00167947	0.119135	19.2758	90.3482	-10.5215	-0.0147525	99.0878	69.2469	1.43094
1345	0.00168046	0.119173	19.2889	90.3414	-10.4986	-0.0147609	99.1169	69.2693	1.43089
1346	0.00168145	0.119213	19.3022	90.3344	-10.4757	-0.0147693	99.1461	69.2921	1.43084
1347	0.00168243	0.119252	19.3156	90.3274	-10.4529	-0.0147778	99.1753	69.3151	1.43079
1348	0.00168342	0.119292	19.3292	90.3203	-10.4302	-0.0147862	99.2045	69.3383	1.43073
1349	0.0016844	0.119332	19.3429	90.3131	-10.4074	-0.0147946	99.2338	69.3618	1.43067
1350	0.00168539	0.119373	19.3568	90.3059	-10.3848	-0.014803	99.263	69.3855	1.4306
1351	0.00168637	0.119414	19.3708	90.2985	-10.3622	-0.0148115	99.2923	69.4094	1.43053
1352	0.00168735	0.119456	19.3849	90.2911	-10.3396	-0.0148199	99.3216	69.4335	1.43046
1353	0.00168834	0.119498	19.3992	90.2837	-10.317	-0.0148283	99.351	69.4579	1.43038
1354	0.00168932	0.11954	19.4136	90.2761	-10.2945	-0.0148367	99.3804	69.4825	1.43029
1355	0.0016903	0.119583	19.4281	90.2685	-10.2719	-0.0148451	99.4098	69.5073	1.43021
1356	0.00169128	0.119626	19.4428	90.2609	-10.2494	-0.0148536	99.4393	69.5323	1.43012
1357	0.00169226	0.119669	19.4576	90.2531	-10.227	-0.014862	99.4689	69.5575	1.43002
1358	0.00169324	0.119713	19.4725	90.2453	-10.2045	-0.0148704	99.4984	69.583	1.42992
1359	0.00169422	0.119757	19.4875	90.2375	-10.1821	-0.0148788	99.528	69.6086	1.42982
1360	0.0016952	0.119801	19.5027	90.2295	-10.1597	-0.0148873	99.5576	69.6344	1.42972
1361	0.00169618	0.119846	19.5179	90.2216	-10.1373	-0.0148957	99.5873	69.6604	1.42961
1362	0.00169716	0.119891	19.5333	90.2135	-10.115	-0.0149041	99.6169	69.6866	1.4295
1363	0.00169814	0.119937	19.5488	90.2054	-10.0927	-0.0149125	99.6466	69.7129	1.42939
1364	0.00169911	0.119982	19.5644	90.1973	-10.0704	-0.0149209	99.6764	69.7394	1.42927
1365	0.00170009	0.120028	19.5801	90.1891	-10.0481	-0.0149294	99.7061	69.7661	1.42915
1366	0.00170107	0.120074	19.5959	90.1808	-10.0258	-0.0149378	99.7359	69.793	1.42902
1367	0.00170204	0.120121	19.6118	90.1725	-10.0036	-0.0149462	99.7657	69.82	1.4289
1368	0.00170302	0.120168	19.6278	90.1641	-9.9814	-0.0149546	99.7956	69.8472	1.42877
1369	0.001704	0.120215	19.6439	90.1557	-9.95921	-0.0149631	99.8255	69.8745	1.42864
1370	0.00170497	0.120262	19.6601	90.1473	-9.93705	-0.0149715	99.8553	69.902	1.42851
1371	0.00170595	0.120309	19.6764	90.1387	-9.91493	-0.0149799	99.8852	69.9296	1.42837
1372	0.00170692	0.120357	19.6928	90.1302	-9.89285	-0.0149884	99.9151	69.9573	1.42823
1373	0.00170789	0.120405	19.7092	90.1216	-9.87081	-0.0149968	99.945	69.9852	1.42809
1374	0.00170887	0.120453	19.7257	90.113	-9.84883	-0.0150053	99.9749	70.0132	1.42794
1375	0.00170984	0.120501	19.7423	90.1043	-9.82689	-0.0150138	100.005	70.0413	1.4278
1376	0.00171081	0.12055	19.759	90.0956	-9.80501	-0.0150223	100.035	70.0695	1.42765
1377	0.00171179	0.120599	19.7758	90.0868	-9.78319	-0.0150308	100.064	70.0978	1.4275
1378	0.00171276	0.120648	19.7926	90.0781	-9.76141	-0.0150393	100.094	70.1262	1.42734
1379	0.00171373	0.120697	19.8094	90.0693	-9.73969	-0.0150478	100.124	70.1547	1.42719
1380	0.0017147	0.120746	19.8264	90.0604	-9.71803	-0.0150563	100.154	70.1833	1.42703
1381	0.00171567	0.120795	19.8433	90.0515	-9.69641	-0.0150649	100.183	70.212	1.42687
1382	0.00171664	0.120845	19.8604	90.0427	-9.67485	-0.0150734	100.213	70.2408	1.42671
1383	0.00171761	0.120894	19.8775	90.0337	-9.65334	-0.015082	100.243	70.2696	1.42655
1384	0.00171858	0.120944	19.8946	90.0248	-9.63186	-0.0150905	100.272	70.2985	1.42638
1385	0.00171955	0.120994	19.9117	90.0158	-9.61042	-0.0150991	100.302	70.3274	1.42622
1386	0.00172052	0.121044	19.929	90.0069	-9.58901	-0.0151077	100.332	70.3564	1.42605
1387	0.00172149	0.121094	19.9462	89.9979	-9.56763	-0.0151163	100.361	70.3854	1.42588
1388	0.00172246	0.121144	19.9635	89.9888	-9.54629	-0.0151249	100.391	70.4145	1.42571
1389	0.00172343	0.121194	19.9808	89.9798	-9.52499	-0.0151336	100.42	70.4436	1.42554
1390	0.0017244	0.121244	19.9981	89.9708	-9.50373	-0.0151422	100.45	70.4728	1.42537
1391	0.00172537	0.121294	20.0154	89.9617	-9.48251	-0.0151508	100.479	70.5019	1.4252
1392	0.00172633	0.121344	20.0328	89.9527	-9.46132	-0.0151595	100.509	70.5311	1.42503
1393	0.0017273	0.121394	20.0502	89.9436	-9.44018	-0.0151682	100.538	70.5603	1.42486
1394	0.00172827	0.121445	20.0676	89.9345	-9.41909	-0.0151769	100.568	70.5895	1.42468
1395	0.00172924	0.121495	20.0849	89.9254	-9.39803	-0.0151856	100.597	70.6187	1.42451
1396	0.0017302	0.121545	20.1023	89.9164	-9.37702	-0.0151943	100.627	70.6479	1.42434
1397	0.00173117	0.121595	20.1198	89.9073	-9.35606	-0.015203	100.656	70.6771	1.42416
1398	0.00173213	0.121646	20.1372	89.8982	-9.33514	-0.0152118	100.685	70.7063	1.42399
1399	0.0017331	0.121696	20.1545	89.8891	-9.31426	-0.0152206	100.714	70.7354	1.42382
1400	0.00173407	0.121746	20.1719	89.8801	-9.29344	-0.0152293	100.743	70.7646	1.42364
1401	0.00173503	0.121796	20.1893	89.871	-9.27267	-0.0152381	100.772	70.7937	1.42347
1402	0.001736	0.121846	20.2066	89.862	-9.25194	-0.015247	100.801	70.8227	1.42329
1403	0.00173696	0.121896	20.2239	89.853	-9.23127	-0.0152558	100.83	70.8517	1.42312
1404	0.00173793	0.121945	20.2412	89.8439	-9.21066	-0.0152646	100.859	70.8806	1.42295
1405	0.00173889	0.121995	20.2585	89.8349	-9.19009	-0.0152735	100.888	70.9095	1.42277
1406	0.00173986	0.122045	20.2757	89.826	-9.16958	-0.0152824	100.917	70.9383	1.4226
1407	0.00174082	0.122094	20.2929	89.817	-9.14913	-0.0152913	100.945	70.967	1.42243
1408	0.00174178	0.122143	20.31	89.8081	-9.12874	-0.0153002	100.974	70.9956	1.42226
1409	0.00174275	0.122192	20.3271	89.7992	-9.1084	-0.0153092	101.003	71.0242	1.42209
1410	0.00174371	0.122241	20.3441	89.7903	-9.08812	-0.0153181	101.031	71.0526	1.42192
1411	0.00174467	0.12229	20.3611	89.7815	-9.0679	-0.0153271	101.059	71.0809	1.42175
1412	0.00174564	0.122339	20.378	89.7727	-9.04774	-0.0153361	101.088	71.1092	1.42158
1413	0.0017466	0.122387	20.3948	89.7639	-9.02762	-0.0153451	101.116	71.1373	1.42142
1414	0.00174756	0.122435	20.4116	89.7552	-9.00756	-0.0153541	101.144	71.1653	1.42125
1415	0.00174852	0.122483	20.4282	89.7465	-8.98755	-0.0153632	101.172	71.1931	1.42109
1416	0.00174949	0.122531	20.4448	89.7378	-8.96759	-0.0153722	101.2	71.2208	1.42093
1417	0.00175045	0.122578	20.4613	89.7292	-8.94767	-0.0153813	101.228	71.2483	1.42077
1418	0.00175141	0.122625	20.4778	89.7207	-8.9278	-0.0153905	101.255	71.2757	1.42061
1419	0.00175237	0.122672	20.4941	89.7122	-8.90798	-0.0153996	101.283	71.3029	1.42046
1420	0.00175333	0.122719	20.5103	89.7037	-8.88821	-0.0154088	101.31	71.33	1.42031
1421	0.0017543	0.122765	20.5265	89.6953	-8.8685	-0.0154179	101.338	71.3569	1.42016
1422	0.00175526	0.122811	20.5425	89.687	-8.84884	-0.0154271	101.365	71.3836	1.42001
1423	0.00175622	0.122856	20.5585	89.6787	-8.82923	-0.0154364	101.392	71.4101	1.41986
1424	0.00175718	0.122902	20.5743	89.6704	-8.80967	-0.0154456	101.42	71.4365	1.41972
1425	0.00175814	0.122947	20.5901	89.6622	-8.79015	-0.0154549	101.447	71.4628	1.41957
1426	0.0017591	0.122992	20.6057	89.6541	-8.77066	-0.0154641	101.474	71.4888	1.41943
1427	0.00176006	0.123036	20.6213	89.646	-8.7512	-0.0154734	101.501	71.5147	1.4193
1428	0.00176102	0.123081	20.6368	89.6379	-8.73176	-0.0154827	101.527	71.5404	1.41916
1429	0.00176198	0.123125	20.6521	89.6299	-8.71235	-0.0154921	101.554	71.5659	1.41903
1430	0.00176294	0.123168	20.6674	89.622	-8.69296	-0.0155014	101.581	71.5913	1.4189
1431	0.0017639	0.123211	20.6825	89.6141	-8.67359	-0.0155108	101.607	71.6164	1.41877
1432	0.00176486	0.123254	20.6975	89.6063	-8.65425	-0.0155202	101.634	71.6414	1.41865
1433	0.00176582	0.123297	20.7125	89.5985	-8.63492	-0.0155296	101.661	71.6662	1.41853
1434	0.00176678	0.123339	20.7273	89.5908	-8.61561	-0.0155391	101.687	71.6908	1.41841
1435	0.00176774	0.123381	20.742	89.5831	-8.59633	-0.0155485	101.713	71.7153	1.41829
1436	0.0017687	0.123423	20.7566	89.5755	-8.57706	-0.015558	101.74	71.7395	1.41818
1437	0.00176966	0.123464	20.7711	89.568	-8.55782	-0.0155675	101.766	71.7635	1.41807
1438	0.00177062	0.123506	20.7855	89.5605	-8.5386	-0.015577	101.792	71.7874	1.41796
1439	0.00177158	0.123546	20.7997	89.5531	-8.5194	-0.0155866	101.818	71.8111	1.41786
1440	0.00177254	0.123587	20.8139	89.5457	-8.50023	-0.0155961	101.844	71.8345	1.41776
1441	0.0017735	0.123627	20.8279	89.5384	-8.48108	-0.0156057	101.87	71.8578	1.41766
1442	0.00177445	0.123666	20.8418	89.5312	-8.46196	-0.0156153	101.895	71.8809	1.41756
1443	0.00177541	0.123706	20.8556	89.524	-8.44287	-0.0156249	101.921	71.9037	1.41747
1444	0.00177637	0.123745	20.8693	89.5169	-8.4238	-0.0156346	101.947	71.9264	1.41738
1445	0.00177733	0.123783	20.8828	89.5098	-8.40474	-0.0156442	101.972	71.9489	1.41729
1446	0.00177829	0.123822	20.8963	89.5029	-8.3857	-0.0156539	101.998	71.9711	1.4172
1447	0.00177925	0.12386	20.9096	89.4959	-8.36667	-0.0156636	102.023	71.9932	1.41712
1448	0.0017802	0.123897	20.9228	89.4891	-8.34764	-0.0156733	102.049	72.015	1.41705
1449	0.00178116	0.123934	20.9358	89.4823	-8.32862	-0.0156831	102.074	72.0366	1.41697
1450	0.00178212	0.123971	20.9488	89.4756	-8.30959	-0.0156928	102.099	72.058	1.4169
1451	0.00178308	0.124008	20.9616	89.4689	-8.29056	-0.0157026	102.124	72.0793	1.41683
1452	0.00178404	0.124044	20.9743	89.4623	-8.27152	-0.0157124	102.149	72.1002	1.41677
1453	0.00178499	0.12408	20.9868	89.4558	-8.25247	-0.0157222	102.174	72.121	1.41671
1454	0.00178595	0.124115	20.9993	89.4493	-8.23342	-0.015732	102.199	72.1416	1.41665
1455	0.00178691	0.12415	21.0116	89.4429	-8.21436	-0.0157419	102.224	72.162	1.4166
1456	0.00178787	0.124185	21.0238	89.4365	-8.1953	-0.0157517	102.249	72.1822	1.41655
1457	0.00178882	0.124219	21.0358	89.4303	-8.17622	-0.0157616	102.274	72.2021	1.4165
1458	0.00178978	0.124253	21.0478	89.4241	-8.15712	-0.0157715	102.299	72.2218	1.41645
1459	0.00179074	0.124287	21.0596	89.4179	-8.138	-0.0157814	102.324	72.2413	1.41642
1460	0.00179169	0.12432	21.0713	89.4119	-8.11887	-0.0157914	102.348	72.2607	1.41638
1461	0.00179265	0.124353	21.0828	89.4059	-8.09971	-0.0158013	102.373	72.2797	1.41635
1462	0.00179361	0.124385	21.0942	89.3999	-8.08054	-0.0158113	102.398	72.2986	1.41632
1463	0.00179456	0.124417	21.1055	89.3941	-8.06134	-0.0158213	102.422	72.3173	1.41629
1464	0.00179552	0.124449	21.1167	89.3883	-8.04213	-0.0158313	102.447	72.3357	1.41627
1465	0.00179648	0.12448	21.1276	89.3826	-8.02289	-0.0158413	102.471	72.3538	1.41626
1466	0.00179743	0.124511	21.1384	89.377	-8.00365	-0.0158513	102.496	72.3717	1.41624
1467	0.00179839	0.124541	21.1491	89.3715	-7.98439	-0.0158614	102.52	72.3893	1.41624
1468	0.00179935	0.124571	21.1595	89.366	-7.96513	-0.0158715	102.545	72.4066	1.41623
1469	0.0018003	0.1246	21.1699	89.3607	-7.94585	-0.0158816	102.569	72.4236	1.41623
1470	0.00180126	0.124629	21.18	89.3554	-7.92657	-0.0158917	102.593	72.4404	1.41624
1471	0.00180222	0.124657	21.19	89.3502	-7.90729	-0.0159018	102.617	72.457	1.41625
1472	0.00180317	0.124686	21.1999	89.3451	-7.88799	-0.015912	102.641	72.4733	1.41626
1473	0.00180413	0.124713	21.2097	89.34	-7.8687	-0.0159221	102.665	72.4893	1.41628
1474	0.00180508	0.12474	21.2193	89.335	-7.8494	-0.0159323	102.689	72.5052	1.4163
1475	0.00180604	0.124767	21.2288	89.3301	-7.83009	-0.0159426	102.713	72.5208	1.41632
1476	0.001807	0.124794	21.2381	89.3252	-7.81079	-0.0159528	102.737	72.5362	1.41635
1477	0.00180795	0.12482	21.2474	89.3204	-7.79149	-0.0159631	102.76	72.5515	1.41638
1478	0.00180891	0.124846	21.2565	89.3157	-7.7722	-0.0159733	102.784	72.5665	1.41641
1479	0.00180986	0.124872	21.2655	89.311	-7.75291	-0.0159836	102.808	72.5814	1.41645
1480	0.00181082	0.124897	21.2745	89.3063	-7.73365	-0.015994	102.831	72.5961	1.41648
1481	0.00181178	0.124922	21.2833	89.3017	-7.7144	-0.0160043	102.855	72.6106	1.41652
1482	0.00181273	0.124946	21.292	89.2972	-7.69518	-0.0160147	102.878	72.6249	1.41657
1483	0.00181369	0.124971	21.3006	89.2927	-7.67598	-0.0160251	102.901	72.639	1.41661
1484	0.00181464	0.124995	21.3092	89.2883	-7.65682	-0.0160355	102.925	72.653	1.41666
1485	0.0018156	0.125019	21.3176	89.2839	-7.63769	-0.016046	102.948	72.6669	1.41671
1486	0.00181655	0.125042	21.3259	89.2796	-7.6186	-0.0160564	102.971	72.6806	1.41676
1487	0.00181751	0.125066	21.3342	89.2753	-7.59955	-0.0160669	102.994	72.6941	1.41681
1488	0.00181846	0.125089	21.3424	89.271	-7.58055	-0.0160774	103.017	72.7076	1.41686
1489	0.00181942	0.125111	21.3505	89.2668	-7.5616	-0.016088	103.04	72.7209	1.41692
1490	0.00182038	0.125134	21.3586	89.2626	-7.54269	-0.0160985	103.062	72.734	1.41698
1491	0.00182133	0.125157	21.3665	89.2584	-7.52384	-0.0161091	103.085	72.7471	1.41703
1492	0.00182229	0.125179	21.3744	89.2543	-7.50505	-0.0161197	103.108	72.76	1.41709
1493	0.00182324	0.125201	21.3823	89.2502	-7.48633	-0.0161304	103.13	72.7729	1.41715
1494	0.0018242	0.125223	21.3901	89.2461	-7.46766	-0.016141	103.152	72.7856	1.41721
1495	0.00182515	0.125245	21.3978	89.2421	-7.44906	-0.0161517	103.175	72.7982	1.41727
1496	0.0018261	0.125266	21.4055	89.2381	-7.43053	-0.0161624	103.197	72.8108	1.41733
1497	0.00182706	0.125288	21.4132	89.2341	-7.41207	-0.0161731	103.219	72.8232	1.41739
1498	0.00182801	0.125309	21.4208	89.2302	-7.39368	-0.0161838	103.241	72.8356	1.41745
1499	0.00182897	0.12533	21.4283	89.2262	-7.37537	-0.0161946	103.263	72.8479	1.41751
1500	0.00182992	0.125351	21.4358	89.2223	-7.35713	-0.0162054	103.285	72.8602	1.41758
1501	0.00183088	0.125372	21.4433	89.2184	-7.33898	-0.0162162	103.307	72.8724	1.41764
1502	0.00183183	0.125393	21.4508	89.2145	-7.32091	-0.016227	103.328	72.8845	1.4177
1503	0.00183278	0.125414	21.4582	89.2106	-7.30292	-0.0162379	103.35	72.8966	1.41776
1504	0.00183374	0.125435	21.4657	89.2067	-7.28502	-0.0162488	103.371	72.9087	1.41782
1505	0.00183469	0.125455	21.4731	89.2028	-7.26722	-0.0162597	103.392	72.9207	1.41788
1506	0.00183565	0.125476	21.4804	89.199	-7.24951	-0.0162706	103.414	72.9326	1.41793
1507	0.0018366	0.125496	21.4878	89.1951	-7.23191	-0.0162815	103.435	72.9446	1.41799
1508	0.00183755	0.125517	21.4952	89.1913	-7.2144	-0.0162925	103.456	72.9565	1.41805
1509	0.00183851	0.125537	21.5025	89.1874	-7.197	-0.0163035	103.477	72.9685	1.4181
1510	0.00183946	0.125558	21.5099	89.1836	-7.17971	-0.0163145	103.497	72.9804	1.41815
1511	0.00184041	0.125578	21.5173	89.1797	-7.16253	-0.0163256	103.518	72.9923	1.41821
1512	0.00184137	0.125599	21.5246	89.1759	-7.14547	-0.0163366	103.539	73.0042	1.41826
1513	0.00184232	0.125619	21.532	89.172	-7.12853	-0.0163477	103.559	73.0161	1.41831
1514	0.00184327	0.12564	21.5394	89.1681	-7.11171	-0.0163588	103.579	73.0281	1.41835
1515	0.00184423	0.125661	21.5468	89.1642	-7.09501	-0.01637	103.6	73.04	1.4184
1516	0.00184518	0.125681	21.5543	89.1603	-7.07845	-0.0163811	103.62	73.052	1.41844
1517	0.00184613	0.125702	21.5617	89.1564	-7.06201	-0.0163923	103.64	73.064	1.41848
1518	0.00184708	0.125723	21.5692	89.1525	-7.04571	-0.0164035	103.66	73.0761	1.41852
1519	0.00184804	0.125743	21.5767	89.1486	-7.02956	-0.0164147	103.679	73.0882	1.41855
1520	0.00184899	0.125764	21.5843	89.1446	-7.01354	-0.016426	103.699	73.1003	1.41858
1521	0.00184994	0.125785	21.5919	89.1406	-6.99766	-0.0164372	103.718	73.1126	1.41861
1522	0.00185089	0.125806	21.5995	89.1366	-6.98194	-0.0164485	103.738	73.1248	1.41864
1523	0.00185184	0.125828	21.6072	89.1326	-6.96636	-0.0164598	103.757	73.1372	1.41866
1524	0.0018528	0.125849	21.6149	89.1285	-6.95094	-0.0164712	103.776	73.1496	1.41868
1525	0.00185375	0.125871	21.6227	89.1244	-6.93566	-0.0164825	103.795	73.1621	1.4187
1526	0.0018547	0.125892	21.6306	89.1203	-6.92055	-0.0164939	103.814	73.1747	1.41871
1527	0.00185565	0.125914	21.6385	89.1161	-6.90559	-0.0165053	103.833	73.1874	1.41872
1528	0.0018566	0.125936	21.6465	89.1119	-6.89078	-0.0165168	103.851	73.2001	1.41873
1529	0.00185756	0.125958	21.6545	89.1077	-6.87613	-0.0165282	103.87	73.213	1.41873
1530	0.00185851	0.125981	21.6627	89.1034	-6.86164	-0.0165397	103.888	73.226	1.41873
1531	0.00185946	0.126003	21.6709	89.0991	-6.84731	-0.0165512	103.906	73.2392	1.41872
1532	0.00186041	0.126026	21.6792	89.0947	-6.83313	-0.0165627	103.924	73.2524	1.41871
1533	0.00186136	0.126049	21.6875	89.0903	-6.81911	-0.0165743	103.942	73.2658	1.4187
1534	0.00186231	0.126072	21.696	89.0859	-6.80525	-0.0165858	103.96	73.2793	1.41868
1535	0.00186326	0.126096	21.7046	89.0813	-6.79154	-0.0165974	103.978	73.293	1.41866
1536	0.00186421	0.12612	21.7133	89.0768	-6.77799	-0.016609	103.995	73.3069	1.41863
1537	0.00186516	0.126144	21.7221	89.0721	-6.7646	-0.0166206	104.013	73.3209	1.4186
1538	0.00186612	0.126168	21.731	89.0675	-6.75136	-0.0166323	104.03	73.3351	1.41856
1539	0.00186707	0.126193	21.74	89.0627	-6.73828	-0.0166439	104.048	73.3494	1.41852
1540	0.00186802	0.126218	21.7491	89.0579	-6.72536	-0.0166556	104.065	73.364	1.41847
1541	0.00186897	0.126243	21.7584	89.053	-6.71259	-0.0166673	104.082	73.3788	1.41842
1542	0.00186992	0.126269	21.7678	89.048	-6.69998	-0.016679	104.099	73.3937	1.41837
1543	0.00187087	0.126295	21.7774	89.043	-6.68752	-0.0166908	104.116	73.4089	1.4183
1544	0.00187182	0.126322	21.7871	89.0379	-6.67523	-0.0167025	104.133	73.4243	1.41824
1545	0.00187277	0.126349	21.7969	89.0327	-6.66309	-0.0167143	104.15	73.44	1.41816
1546	0.00187372	0.126376	21.8069	89.0274	-6.6511	-0.0167261	104.166	73.4559	1.41808
1547	0.00187467	0.126404	21.8171	89.022	-6.63928	-0.0167379	104.183	73.472	1.418
1548	0.00187562	0.126432	21.8275	89.0165	-6.62762	-0.0167497	104.2	73.4884	1.41791
1549	0.00187657	0.126461	21.838	89.011	-6.61612	-0.0167616	104.216	73.5051	1.41781
1550	0.00187752	0.12649	21.8487	89.0053	-6.60478	-0.0167734	104.232	73.522	1.4177
1551	0.00187847	0.12652	21.8596	88.9996	-6.5936	-0.0167853	104.249	73.5393	1.41759
1552	0.00187942	0.12655	21.8706	88.9937	-6.5826	-0.0167972	104.265	73.5568	1.41748
1553	0.00188037	0.12658	21.8819	88.9878	-6.57176	-0.0168091	104.281	73.5747	1.41735
1554	0.00188132	0.126612	21.8934	88.9817	-6.56111	-0.016821	104.297	73.5928	1.41722
1555	0.00188226	0.126643	21.9051	88.9755	-6.55062	-0.016833	104.313	73.6113	1.41708
1556	0.00188321	0.126676	21.917	88.9692	-6.54032	-0.0168449	104.329	73.6301	1.41693
1557	0.00188416	0.126709	21.9291	88.9628	-6.53018	-0.0168569	104.345	73.6493	1.41678
1558	0.00188511	0.126742	21.9415	88.9563	-6.52022	-0.0168688	104.361	73.6689	1.41662
1559	0.00188606	0.126777	21.9541	88.9496	-6.51043	-0.0168808	104.376	73.6888	1.41645
1560	0.00188701	0.126812	21.967	88.9428	-6.50082	-0.0168928	104.392	73.7091	1.41627
1561	0.00188796	0.126847	21.9801	88.9359	-6.49137	-0.0169048	104.408	73.7298	1.41609
1562	0.00188891	0.126884	21.9935	88.9288	-6.48209	-0.0169169	104.423	73.7509	1.41589
1563	0.00188986	0.126921	22.0071	88.9216	-6.47298	-0.0169289	104.439	73.7724	1.41569
1564	0.0018908	0.126958	22.021	88.9142	-6.46404	-0.0169409	104.454	73.7943	1.41548
1565	0.00189175	0.126997	22.0352	88.9067	-6.45526	-0.016953	104.47	73.8167	1.41526
1566	0.0018927	0.127036	22.0497	88.899	-6.44664	-0.0169651	104.485	73.8395	1.41503
1567	0.00189365	0.127076	22.0645	88.8912	-6.43819	-0.0169772	104.501	73.8628	1.41479
1568	0.0018946	0.127117	22.0796	88.8832	-6.4299	-0.0169893	104.516	73.8866	1.41455
1569	0.00189554	0.127159	22.095	88.8751	-6.42176	-0.0170014	104.531	73.9108	1.41429
1570	0.00189649	0.127201	22.1108	88.8668	-6.41378	-0.0170135	104.547	73.9356	1.41402
1571	0.00189744	0.127245	22.1268	88.8583	-6.40595	-0.0170256	104.562	73.9608	1.41375
1572	0.00189839	0.127289	22.1432	88.8496	-6.39826	-0.0170378	104.577	73.9865	1.41347
1573	0.00189934	0.127334	22.1599	88.8408	-6.39073	-0.0170499	104.593	74.0128	1.41317
1574	0.00190028	0.12738	22.1769	88.8317	-6.38333	-0.0170621	104.608	74.0395	1.41287
1575	0.00190123	0.127427	22.1943	88.8225	-6.37607	-0.0170742	104.624	74.0668	1.41256
1576	0.00190218	0.127475	22.212	88.8132	-6.36894	-0.0170864	104.639	74.0947	1.41224
1577	0.00190313	0.127524	22.2301	88.8036	-6.36195	-0.0170986	104.655	74.1231	1.4119
1578	0.00190407	0.127574	22.2486	88.7938	-6.35508	-0.0171107	104.67	74.1521	1.41156
1579	0.00190502	0.127625	22.2675	88.7838	-6.34833	-0.0171229	104.686	74.1816	1.41121
1580	0.00190597	0.127676	22.2867	88.7737	-6.3417	-0.0171351	104.701	74.2117	1.41085
1581	0.00190691	0.127729	22.3063	88.7633	-6.33519	-0.0171473	104.717	74.2424	1.41048
1582	0.00190786	0.127783	22.3262	88.7527	-6.32878	-0.0171595	104.733	74.2737	1.4101
1583	0.00190881	0.127838	22.3466	88.7419	-6.32249	-0.0171717	104.749	74.3056	1.4097
1584	0.00190975	0.127894	22.3674	88.731	-6.31629	-0.0171839	104.765	74.3381	1.4093
1585	0.0019107	0.127951	22.3885	88.7198	-6.31019	-0.0171961	104.781	74.3712	1.40889
1586	0.00191165	0.128009	22.4101	88.7083	-6.30418	-0.0172083	104.797	74.405	1.40847
1587	0.00191259	0.128068	22.4321	88.6967	-6.29826	-0.0172205	104.813	74.4394	1.40804
1588	0.00191354	0.128128	22.4545	88.6849	-6.29243	-0.0172327	104.83	74.4744	1.40759
1589	0.00191449	0.12819	22.4773	88.6728	-6.28667	-0.0172448	104.846	74.51	1.40714
1590	0.00191543	0.128252	22.5006	88.6605	-6.28099	-0.017257	104.863	74.5463	1.40668
1591	0.00191638	0.128316	22.5242	88.648	-6.27538	-0.0172692	104.88	74.5832	1.40621
1592	0.00191732	0.12838	22.5483	88.6352	-6.26984	-0.0172814	104.896	74.6208	1.40573
1593	0.00191827	0.128446	22.5728	88.6223	-6.26435	-0.0172936	104.913	74.659	1.40524
1594	0.00191922	0.128513	22.5978	88.6091	-6.25892	-0.0173058	104.931	74.6979	1.40473
1595	0.00192016	0.128581	22.6232	88.5956	-6.25355	-0.0173179	104.948	74.7374	1.40422
1596	0.00192111	0.12865	22.649	88.582	-6.24822	-0.0173301	104.965	74.7776	1.4037
1597	0.00192205	0.12872	22.6753	88.5681	-6.24294	-0.0173423	104.983	74.8185	1.40317
1598	0.001923	0.128792	22.702	88.554	-6.2377	-0.0173544	105.001	74.86	1.40263
1599	0.00192394	0.128864	22.7291	88.5396	-6.23249	-0.0173666	105.019	74.9022	1.40208
1600	0.00192489	0.128938	22.7567	88.525	-6.22732	-0.0173788	105.037	74.9451	1.40152
1601	0.00192583	0.129013	22.7847	88.5102	-6.22217	-0.0173909	105.055	74.9887	1.40095
1602	0.00192678	0.129089	22.8132	88.4951	-6.21704	-0.017403	105.074	75.0329	1.40037
1603	0.00192772	0.129166	22.8421	88.4798	-6.21194	-0.0174152	105.093	75.0777	1.39978
1604	0.00192867	0.129245	22.8715	88.4643	-6.20685	-0.0174273	105.112	75.1233	1.39919
1605	0.00192961	0.129324	22.9013	88.4486	-6.20177	-0.0174394	105.131	75.1695	1.39858
1606	0.00193056	0.129405	22.9316	88.4326	-6.19671	-0.0174515	105.15	75.2163	1.39797
1607	0.0019315	0.129487	22.9623	88.4163	-6.19164	-0.0174637	105.17	75.2638	1.39734
1608	0.00193245	0.129569	22.9935	88.3998	-6.18658	-0.0174758	105.189	75.312	1.39671
1609	0.00193339	0.129653	23.0251	88.3831	-6.18151	-0.0174879	105.209	75.3608	1.39607
1610	0.00193433	0.129739	23.0571	88.3662	-6.17644	-0.0175	105.229	75.4103	1.39542
1611	0.00193528	0.129825	23.0896	88.349	-6.17136	-0.017512	105.25	75.4605	1.39477
1612	0.00193622	0.129912	23.1225	88.3316	-6.16626	-0.0175241	105.27	75.5112	1.3941
1613	0.00193717	0.130001	23.1559	88.314	-6.16115	-0.0175362	105.291	75.5626	1.39343
1614	0.00193811	0.13009	23.1897	88.2962	-6.15602	-0.0175482	105.312	75.6147	1.39275
1615	0.00193905	0.130181	23.2239	88.2781	-6.15086	-0.0175603	105.334	75.6674	1.39206
1616	0.00194	0.130272	23.2585	88.2598	-6.14568	-0.0175723	105.355	75.7206	1.39136
1617	0.00194094	0.130365	23.2936	88.2412	-6.14048	-0.0175844	105.377	75.7746	1.39066
1618	0.00194188	0.130459	23.3291	88.2224	-6.13525	-0.0175964	105.399	75.8291	1.38995
1619	0.00194283	0.130554	23.3651	88.2035	-6.12999	-0.0176084	105.421	75.8842	1.38923
1620	0.00194377	0.13065	23.4014	88.1843	-6.1247	-0.0176204	105.443	75.94	1.38851
1621	0.00194471	0.130747	23.4382	88.1648	-6.11938	-0.0176325	105.466	75.9963	1.38778
1622	0.00194566	0.130845	23.4754	88.1452	-6.11402	-0.0176445	105.489	76.0532	1.38704
1623	0.0019466	0.130943	23.513	88.1253	-6.10862	-0.0176565	105.512	76.1107	1.3863
1624	0.00194754	0.131043	23.551	88.1052	-6.10317	-0.0176685	105.535	76.1688	1.38555
1625	0.00194848	0.131144	23.5894	88.085	-6.09768	-0.0176805	105.559	76.2274	1.38479
1626	0.00194943	0.131246	23.6282	88.0645	-6.09214	-0.0176924	105.583	76.2866	1.38403
1627	0.00195037	0.131349	23.6673	88.0438	-6.08654	-0.0177044	105.607	76.3463	1.38326
1628	0.00195131	0.131453	23.7069	88.0228	-6.08089	-0.0177164	105.631	76.4066	1.38249
1629	0.00195225	0.131557	23.7469	88.0017	-6.07518	-0.0177284	105.656	76.4674	1.38171
1630	0.00195319	0.131663	23.7872	87.9804	-6.06941	-0.0177403	105.68	76.5288	1.38092
1631	0.00195414	0.131769	23.828	87.9589	-6.06357	-0.0177523	105.706	76.5906	1.38014
1632	0.00195508	0.131877	23.8691	87.9372	-6.05768	-0.0177642	105.731	76.653	1.37934
1633	0.00195602	0.131985	23.9105	87.9153	-6.05173	-0.0177762	105.756	76.7159	1.37854
1634	0.00195696	0.132094	23.9524	87.8932	-6.04571	-0.0177881	105.782	76.7793	1.37774
1635	0.0019579	0.132204	23.9945	87.8709	-6.03963	-0.0178001	105.808	76.8431	1.37694
1636	0.00195885	0.132314	24.0371	87.8484	-6.03348	-0.017812	105.834	76.9074	1.37612
1637	0.00195979	0.132426	24.08	87.8257	-6.02728	-0.0178239	105.861	76.9722	1.37531
1638	0.00196073	0.132538	24.1232	87.8029	-6.02101	-0.0178359	105.887	77.0375	1.37449
1639	0.00196167	0.132651	24.1668	87.7799	-6.01468	-0.0178478	105.914	77.1032	1.37367
1640	0.00196261	0.132765	24.2107	87.7566	-6.00828	-0.0178597	105.941	77.1693	1.37284
1641	0.00196355	0.132879	24.255	87.7333	-6.00183	-0.0178717	105.969	77.2359	1.37201
1642	0.00196449	0.132995	24.2995	87.7097	-5.99531	-0.0178836	105.996	77.3029	1.37118
1643	0.00196543	0.133111	24.3444	87.686	-5.98874	-0.0178955	106.024	77.3703	1.37034
1644	0.00196638	0.133227	24.3896	87.6621	-5.9821	-0.0179074	106.052	77.4381	1.3695
1645	0.00196732	0.133345	24.4351	87.638	-5.97541	-0.0179193	106.08	77.5063	1.36866
1646	0.00196826	0.133463	24.481	87.6138	-5.96866	-0.0179312	106.108	77.5749	1.36782
1647	0.0019692	0.133581	24.5271	87.5895	-5.96186	-0.0179431	106.137	77.6439	1.36697
1648	0.00197014	0.133701	24.5735	87.5649	-5.95499	-0.017955	106.165	77.7132	1.36612
1649	0.00197108	0.13382	24.6202	87.5402	-5.94808	-0.0179669	106.194	77.7829	1.36527
1650	0.00197202	0.133941	24.6672	87.5154	-5.94111	-0.0179788	106.223	77.853	1.36441
1651	0.00197296	0.134062	24.7144	87.4904	-5.93408	-0.0179907	106.253	77.9234	1.36355
1652	0.0019739	0.134184	24.762	87.4653	-5.92701	-0.0180025	106.282	77.9941	1.3627
1653	0.00197484	0.134306	24.8098	87.44	-5.91988	-0.0180144	106.312	78.0651	1.36184
1654	0.00197578	0.134429	24.8579	87.4146	-5.9127	-0.0180263	106.342	78.1365	1.36097
1655	0.00197672	0.134552	24.9062	87.389	-5.90546	-0.0180381	106.372	78.2082	1.36011
1656	0.00197766	0.134676	24.9548	87.3633	-5.89818	-0.01805	106.402	78.2801	1.35925
1657	0.0019786	0.1348	25.0036	87.3375	-5.89085	-0.0180619	106.432	78.3524	1.35838
1658	0.00197955	0.134925	25.0527	87.3116	-5.88347	-0.0180737	106.463	78.4249	1.35751
1659	0.00198049	0.13505	25.102	87.2855	-5.87605	-0.0180855	106.493	78.4978	1.35664
1660	0.00198143	0.135176	25.1516	87.2593	-5.86857	-0.0180974	106.524	78.5708	1.35577
1661	0.00198237	0.135302	25.2014	87.2329	-5.86105	-0.0181092	106.555	78.6442	1.3549
1662	0.00198331	0.135429	25.2514	87.2065	-5.85348	-0.018121	106.586	78.7178	1.35403
1663	0.00198425	0.135556	25.3016	87.1799	-5.84587	-0.0181329	106.618	78.7916	1.35316
1664	0.00198519	0.135683	25.3521	87.1532	-5.83822	-0.0181447	106.649	78.8656	1.35229
1665	0.00198613	0.135811	25.4027	87.1264	-5.83052	-0.0181565	106.68	78.9399	1.35141
1666	0.00198707	0.135939	25.4536	87.0995	-5.82278	-0.0181683	106.712	79.0144	1.35054
1667	0.00198801	0.136068	25.5047	87.0725	-5.81499	-0.0181801	106.744	79.0891	1.34967
1668	0.00198895	0.136197	25.5559	87.0454	-5.80718	-0.0181919	106.776	79.164	1.34879
1669	0.00198989	0.136326	25.6074	87.0181	-5.79932	-0.0182037	106.808	79.2391	1.34792
1670	0.00199083	0.136455	25.659	86.9908	-5.79143	-0.0182156	106.84	79.3144	1.34705
1671	0.00199177	0.136585	25.7109	86.9634	-5.7835	-0.0182274	106.872	79.3899	1.34617
1672	0.00199271	0.136715	25.7629	86.9358	-5.77554	-0.0182392	106.905	79.4655	1.3453
1673	0.00199365	0.136846	25.8151	86.9082	-5.76755	-0.018251	106.937	79.5413	1.34443
1674	0.00199459	0.136976	25.8674	86.8805	-5.75954	-0.0182628	106.97	79.6173	1.34355
1675	0.00199553	0.137107	25.9199	86.8527	-5.7515	-0.0182746	107.003	79.6934	1.34268
1676	0.00199647	0.137239	25.9726	86.8248	-5.74343	-0.0182864	107.036	79.7697	1.34181
1677	0.00199741	0.13737	26.0255	86.7968	-5.73534	-0.0182982	107.069	79.8461	1.34094
1678	0.00199835	0.137502	26.0785	86.7687	-5.72724	-0.01831	107.102	79.9226	1.34007
1679	0.00199929	0.137634	26.1316	86.7406	-5.71911	-0.0183218	107.135	79.9993	1.3392
1680	0.00200023	0.137766	26.1849	86.7124	-5.71096	-0.0183336	107.168	80.0761	1.33833
1681	0.00200117	0.137898	26.2383	86.684	-5.7028	-0.0183454	107.201	80.153	1.33746
1682	0.0020021	0.13803	26.2919	86.6557	-5.69463	-0.0183572	107.235	80.23	1.33659
1683	0.00200304	0.138163	26.3456	86.6272	-5.68644	-0.0183689	107.268	80.3071	1.33572
1684	0.00200398	0.138296	26.3995	86.5987	-5.67824	-0.0183807	107.302	80.3843	1.33486
1685	0.00200492	0.138429	26.4535	86.57	-5.67003	-0.0183925	107.335	80.4616	1.33399
1686	0.00200586	0.138562	26.5076	86.5414	-5.66181	-0.0184043	107.369	80.539	1.33313
1687	0.0020068	0.138695	26.5618	86.5126	-5.65357	-0.0184161	107.402	80.6165	1.33226
1688	0.00200774	0.138829	26.6162	86.4838	-5.64533	-0.0184279	107.436	80.6941	1.3314
1689	0.00200868	0.138962	26.6706	86.4549	-5.63709	-0.0184397	107.47	80.7717	1.33054
1690	0.00200962	0.139096	26.7252	86.426	-5.62883	-0.0184515	107.504	80.8494	1.32968
1691	0.00201056	0.13923	26.7799	86.397	-5.62058	-0.0184633	107.538	80.9271	1.32882
1692	0.0020115	0.139364	26.8347	86.368	-5.61231	-0.0184751	107.572	81.0049	1.32797
1693	0.00201244	0.139498	26.8896	86.3388	-5.60405	-0.0184868	107.606	81.0828	1.32711
1694	0.00201338	0.139632	26.9446	86.3097	-5.59579	-0.0184986	107.64	81.1607	1.32626
1695	0.00201432	0.139766	26.9997	86.2804	-5.58752	-0.0185104	107.674	81.2387	1.3254
1696	0.00201526	0.1399	27.0548	86.2512	-5.57926	-0.0185222	107.708	81.3167	1.32455
1697	0.0020162	0.140034	27.1101	86.2218	-5.571	-0.018534	107.742	81.3947	1.3237
1698	0.00201714	0.140169	27.1655	86.1924	-5.56276	-0.0185458	107.777	81.4728	1.32285
1699	0.00201808	0.140303	27.221	86.163	-5.55451	-0.0185575	107.811	81.5509	1.32201
1700	0.00201902	0.140437	27.2765	86.1335	-5.54629	-0.0185693	107.845	81.629	1.32116
1701	0.00201996	0.140572	27.3321	86.104	-5.53807	-0.0185811	107.879	81.7071	1.32032
1702	0.0020209	0.140706	27.3878	86.0744	-5.52987	-0.0185929	107.914	81.7853	1.31948
1703	0.00202184	0.140841	27.4436	86.0448	-5.52168	-0.0186047	107.948	81.8635	1.31864
1704	0.00202278	0.140975	27.4995	86.0151	-5.51352	-0.0186164	107.982	81.9416	1.3178
1705	0.00202372	0.14111	27.5554	85.9854	-5.50537	-0.0186282	108.017	82.0198	1.31696
1706	0.00202465	0.141244	27.6114	85.9557	-5.49724	-0.01864	108.051	82.098	1.31612
1707	0.00202559	0.141379	27.6675	85.9259	-5.48914	-0.0186517	108.086	82.1762	1.31529
1708	0.00202653	0.141513	27.7236	85.8961	-5.48106	-0.0186635	108.12	82.2544	1.31446
1709	0.00202747	0.141648	27.7798	85.8662	-5.47301	-0.0186753	108.154	82.3326	1.31363
1710	0.00202841	0.141782	27.8361	85.8363	-5.46499	-0.018687	108.189	82.4107	1.3128
1711	0.00202935	0.141917	27.8924	85.8064	-5.45699	-0.0186988	108.223	82.4889	1.31197
1712	0.00203029	0.142051	27.9488	85.7764	-5.44902	-0.0187106	108.257	82.567	1.31115
1713	0.00203123	0.142186	28.0052	85.7464	-5.44108	-0.0187223	108.292	82.6452	1.31032
1714	0.00203217	0.14232	28.0617	85.7164	-5.43317	-0.0187341	108.326	82.7232	1.3095
1715	0.00203311	0.142454	28.1182	85.6863	-5.4253	-0.0187459	108.36	82.8013	1.30868
1716	0.00203405	0.142589	28.1748	85.6562	-5.41746	-0.0187576	108.395	82.8794	1.30786
1717	0.00203499	0.142723	28.2314	85.6261	-5.40965	-0.0187694	108.429	82.9574	1.30705
1718	0.00203593	0.142857	28.2881	85.596	-5.40187	-0.0187812	108.463	83.0353	1.30623
1719	0.00203687	0.142991	28.3448	85.5658	-5.39414	-0.018793	108.498	83.1133	1.30542
1720	0.00203781	0.143125	28.4016	85.5356	-5.38644	-0.0188048	108.532	83.1912	1.30461
1721	0.00203875	0.143259	28.4583	85.5054	-5.37877	-0.0188166	108.566	83.269	1.3038
1722	0.00203968	0.143393	28.5152	85.4751	-5.37115	-0.0188284	108.6	83.3468	1.30299
1723	0.00204062	0.143527	28.572	85.4449	-5.36358	-0.0188402	108.634	83.4246	1.30219
1724	0.00204156	0.14366	28.6289	85.4146	-5.35604	-0.018852	108.669	83.5023	1.30138
1725	0.0020425	0.143794	28.6858	85.3843	-5.34855	-0.0188638	108.703	83.58	1.30058
1726	0.00204344	0.143927	28.7428	85.354	-5.3411	-0.0188757	108.737	83.6576	1.29978
1727	0.00204438	0.144061	28.7997	85.3236	-5.3337	-0.0188875	108.771	83.7351	1.29899
1728	0.00204532	0.144194	28.8567	85.2933	-5.32635	-0.0188994	108.805	83.8126	1.29819
1729	0.00204626	0.144327	28.9137	85.2629	-5.31905	-0.0189113	108.839	83.89	1.2974
1730	0.0020472	0.14446	28.9708	85.2325	-5.3118	-0.0189232	108.873	83.9674	1.29661
1731	0.00204814	0.144593	29.0278	85.2021	-5.30461	-0.0189351	108.906	84.0447	1.29582
1732	0.00204908	0.144726	29.0849	85.1717	-5.29746	-0.018947	108.94	84.1219	1.29503
1733	0.00205002	0.144859	29.142	85.1413	-5.29037	-0.0189589	108.974	84.199	1.29424
1734	0.00205096	0.144992	29.1991	85.1109	-5.28333	-0.0189709	109.008	84.2761	1.29346
1735	0.00205189	0.145124	29.2562	85.0804	-5.27635	-0.0189828	109.041	84.3531	1.29268
1736	0.00205283	0.145256	29.3133	85.05	-5.26943	-0.0189948	109.075	84.43	1.2919
1737	0.00205377	0.145389	29.3705	85.0195	-5.26256	-0.0190068	109.108	84.5069	1.29112
1738	0.00205471	0.145521	29.4276	84.989	-5.25574	-0.0190188	109.142	84.5836	1.29034
1739	0.00205565	0.145653	29.4848	84.9586	-5.24899	-0.0190308	109.175	84.6603	1.28957
1740	0.00205659	0.145784	29.5419	84.9281	-5.24228	-0.0190428	109.209	84.7369	1.2888
1741	0.00205753	0.145916	29.599	84.8976	-5.23564	-0.0190548	109.242	84.8134	1.28803
1742	0.00205847	0.146047	29.6562	84.8671	-5.22905	-0.0190668	109.275	84.8898	1.28726
1743	0.00205941	0.146179	29.7134	84.8366	-5.22251	-0.0190789	109.308	84.9661	1.28649
1744	0.00206035	0.14631	29.7705	84.8061	-5.21603	-0.0190909	109.341	85.0424	1.28573
1745	0.00206129	0.146441	29.8276	84.7756	-5.2096	-0.019103	109.375	85.1185	1.28497
1746	0.00206222	0.146572	29.8848	84.7451	-5.20323	-0.019115	109.408	85.1945	1.28421
1747	0.00206316	0.146702	29.9419	84.7146	-5.19691	-0.0191271	109.44	85.2705	1.28345
1748	0.0020641	0.146833	29.999	84.6841	-5.19065	-0.0191392	109.473	85.3463	1.2827
1749	0.00206504	0.146963	30.0562	84.6536	-5.18444	-0.0191513	109.506	85.4221	1.28194
1750	0.00206598	0.147093	30.1133	84.6231	-5.17829	-0.0191634	109.539	85.4977	1.28119
1751	0.00206692	0.147223	30.1704	84.5926	-5.17219	-0.0191755	109.572	85.5732	1.28044
1752	0.00206786	0.147353	30.2274	84.5621	-5.16614	-0.0191877	109.604	85.6487	1.2797
1753	0.0020688	0.147483	30.2845	84.5316	-5.16015	-0.0191998	109.637	85.724	1.27895
1754	0.00206974	0.147612	30.3416	84.5011	-5.15421	-0.0192119	109.669	85.7992	1.27821
1755	0.00207067	0.147741	30.3986	84.4706	-5.14832	-0.0192241	109.702	85.8743	1.27747
1756	0.00207161	0.14787	30.4556	84.4402	-5.14249	-0.0192363	109.734	85.9494	1.27673
1757	0.00207255	0.147999	30.5126	84.4097	-5.13672	-0.0192484	109.766	86.0242	1.27599
1758	0.00207349	0.148128	30.5696	84.3792	-5.131	-0.0192606	109.799	86.099	1.27526
1759	0.00207443	0.148256	30.6266	84.3488	-5.12533	-0.0192728	109.831	86.1737	1.27453
1760	0.00207537	0.148384	30.6835	84.3183	-5.11972	-0.019285	109.863	86.2483	1.2738
1761	0.00207631	0.148513	30.7404	84.2879	-5.11415	-0.0192972	109.895	86.3227	1.27307
1762	0.00207724	0.14864	30.7973	84.2574	-5.10865	-0.0193094	109.927	86.397	1.27234
1763	0.00207818	0.148768	30.8542	84.227	-5.10319	-0.0193217	109.959	86.4712	1.27162
1764	0.00207912	0.148896	30.9111	84.1966	-5.0978	-0.0193339	109.99	86.5453	1.2709
1765	0.00208006	0.149023	30.9679	84.1662	-5.09245	-0.0193461	110.022	86.6193	1.27018
1766	0.002081	0.14915	31.0247	84.1358	-5.08716	-0.0193584	110.054	86.6932	1.26946
1767	0.00208194	0.149277	31.0815	84.1054	-5.08192	-0.0193706	110.086	86.7669	1.26875
1768	0.00208288	0.149404	31.1382	84.075	-5.07673	-0.0193829	110.117	86.8406	1.26804
1769	0.00208382	0.14953	31.1949	84.0446	-5.0716	-0.0193952	110.149	86.9141	1.26733
1770	0.00208475	0.149656	31.2516	84.0142	-5.06652	-0.0194075	110.18	86.9875	1.26662
1771	0.00208569	0.149782	31.3083	83.9839	-5.0615	-0.0194197	110.211	87.0608	1.26591
1772	0.00208663	0.149908	31.3649	83.9536	-5.05652	-0.019432	110.243	87.1339	1.26521
1773	0.00208757	0.150034	31.4215	83.9232	-5.0516	-0.0194443	110.274	87.2069	1.26451
1774	0.00208851	0.150159	31.4781	83.8929	-5.04673	-0.0194566	110.305	87.2799	1.26381
1775	0.00208945	0.150285	31.5347	83.8626	-5.04191	-0.0194689	110.336	87.3527	1.26311
1776	0.00209038	0.15041	31.5912	83.8323	-5.03715	-0.0194813	110.367	87.4253	1.26241
1777	0.00209132	0.150534	31.6477	83.802	-5.03243	-0.0194936	110.398	87.4979	1.26172
1778	0.00209226	0.150659	31.7041	83.7718	-5.02776	-0.0195059	110.429	87.5703	1.26103
1779	0.0020932	0.150783	31.7606	83.7415	-5.02315	-0.0195182	110.459	87.6426	1.26034
1780	0.00209414	0.150908	31.817	83.7113	-5.01858	-0.0195305	110.49	87.7148	1.25965
1781	0.00209508	0.151032	31.8733	83.681	-5.01407	-0.0195429	110.521	87.7869	1.25897
1782	0.00209602	0.151155	31.9297	83.6508	-5.00961	-0.0195552	110.551	87.8589	1.25828
1783	0.00209695	0.151279	31.986	83.6206	-5.00519	-0.0195675	110.582	87.9307	1.2576
1784	0.00209789	0.151402	32.0422	83.5904	-5.00083	-0.0195799	110.612	88.0024	1.25692
1785	0.00209883	0.151526	32.0985	83.5602	-4.99652	-0.0195922	110.643	88.074	1.25625
1786	0.00209977	0.151649	32.1547	83.53	-4.99225	-0.0196045	110.673	88.1455	1.25557
1787	0.00210071	0.151771	32.2109	83.4999	-4.98804	-0.0196169	110.703	88.2169	1.2549
1788	0.00210165	0.151894	32.267	83.4697	-4.98387	-0.0196292	110.733	88.2881	1.25423
1789	0.00210258	0.152016	32.3231	83.4396	-4.97976	-0.0196415	110.763	88.3593	1.25356
1790	0.00210352	0.152138	32.3792	83.4095	-4.9757	-0.0196538	110.793	88.4303	1.25289
1791	0.00210446	0.15226	32.4353	83.3794	-4.9717	-0.0196662	110.823	88.5012	1.25222
1792	0.0021054	0.152382	32.4913	83.3493	-4.96776	-0.0196785	110.853	88.5719	1.25156
1793	0.00210634	0.152504	32.5473	83.3192	-4.96386	-0.0196908	110.883	88.6426	1.2509
1794	0.00210728	0.152625	32.6032	83.2891	-4.96002	-0.0197031	110.913	88.7131	1.25024
1795	0.00210821	0.152746	32.6592	83.2591	-4.95623	-0.0197154	110.942	88.7836	1.24958
1796	0.00210915	0.152867	32.7151	83.229	-4.95248	-0.0197277	110.972	88.8539	1.24893
1797	0.00211009	0.152988	32.7709	83.199	-4.94879	-0.0197399	111.001	88.9241	1.24827
1798	0.00211103	0.153109	32.8267	83.169	-4.94514	-0.0197522	111.031	88.9942	1.24762
1799	0.00211197	0.153229	32.8826	83.139	-4.94155	-0.0197645	111.06	89.0641	1.24697
1800	0.0021129	0.153349	32.9383	83.109	-4.93799	-0.0197767	111.09	89.134	1.24632
1801	0.00211384	0.153469	32.9941	83.079	-4.93448	-0.019789	111.119	89.2037	1.24567
1802	0.00211478	0.153589	33.0498	83.049	-4.93102	-0.0198012	111.148	89.2734	1.24503
1803	0.00211572	0.153709	33.1054	83.0191	-4.9276	-0.0198134	111.177	89.3429	1.24439
1804	0.00211666	0.153828	33.1611	82.9891	-4.92422	-0.0198256	111.206	89.4123	1.24375
1805	0.0021176	0.153947	33.2167	82.9592	-4.92088	-0.0198378	111.235	89.4816	1.24311
1806	0.00211853	0.154066	33.2723	82.9293	-4.91758	-0.01985	111.264	89.5508	1.24247
1807	0.00211947	0.154185	33.3279	82.8994	-4.91433	-0.0198621	111.293	89.6198	1.24184
1808	0.00212041	0.154304	33.3834	82.8695	-4.91111	-0.0198743	111.322	89.6888	1.2412
1809	0.00212135	0.154422	33.4389	82.8396	-4.90793	-0.0198864	111.351	89.7576	1.24057
1810	0.00212229	0.15454	33.4944	82.8097	-4.90479	-0.0198986	111.379	89.8264	1.23994
1811	0.00212322	0.154659	33.5498	82.7799	-4.90168	-0.0199107	111.408	89.895	1.23931
1812	0.00212416	0.154776	33.6052	82.75	-4.89862	-0.0199228	111.437	89.9636	1.23869
1813	0.0021251	0.154894	33.6606	82.7202	-4.89559	-0.0199349	111.465	90.032	1.23806
1814	0.00212604	0.155012	33.716	82.6903	-4.89259	-0.019947	111.494	90.1003	1.23744
1815	0.00212698	0.155129	33.7713	82.6605	-4.88964	-0.019959	111.522	90.1685	1.23682
1816	0.00212791	0.155246	33.8266	82.6307	-4.88672	-0.0199711	111.551	90.2366	1.2362
1817	0.00212885	0.155363	33.8819	82.6009	-4.88384	-0.0199831	111.579	90.3047	1.23558
1818	0.00212979	0.15548	33.9372	82.5711	-4.88101	-0.0199951	111.607	90.3726	1.23497
1819	0.00213073	0.155597	33.9924	82.5413	-4.87823	-0.0200071	111.635	90.4404	1.23435
1820	0.00213167	0.155713	34.0476	82.5115	-4.87549	-0.0200191	111.664	90.5081	1.23374
1821	0.0021326	0.15583	34.1028	82.4817	-4.87279	-0.0200311	111.692	90.5757	1.23313
1822	0.00213354	0.155946	34.158	82.452	-4.87013	-0.0200431	111.72	90.6432	1.23252
1823	0.00213448	0.156062	34.2131	82.4222	-4.86751	-0.020055	111.748	90.7106	1.23192
1824	0.00213542	0.156178	34.2683	82.3925	-4.86493	-0.020067	111.776	90.7779	1.23131
1825	0.00213635	0.156293	34.3234	82.3627	-4.86239	-0.0200789	111.804	90.8452	1.23071
1826	0.00213729	0.156409	34.3784	82.333	-4.85989	-0.0200908	111.831	90.9123	1.2301
1827	0.00213823	0.156524	34.4335	82.3033	-4.85743	-0.0201027	111.859	90.9793	1.2295
1828	0.00213917	0.156639	34.4885	82.2735	-4.855	-0.0201146	111.887	91.0463	1.2289
1829	0.00214011	0.156754	34.5436	82.2438	-4.85261	-0.0201264	111.915	91.1131	1.2283
1830	0.00214104	0.156869	34.5986	82.2141	-4.85027	-0.0201383	111.942	91.1799	1.22771
1831	0.00214198	0.156984	34.6536	82.1844	-4.84796	-0.0201501	111.97	91.2465	1.22711
1832	0.00214292	0.157098	34.7085	82.1547	-4.84569	-0.0201619	111.997	91.3131	1.22652
1833	0.00214386	0.157213	34.7635	82.125	-4.84347	-0.0201737	112.025	91.3796	1.22593
1834	0.0021448	0.157327	34.8184	82.0953	-4.84128	-0.0201854	112.052	91.446	1.22534
1835	0.00214573	0.157441	34.8734	82.0656	-4.83914	-0.0201972	112.08	91.5124	1.22475
1836	0.00214667	0.157555	34.9283	82.0359	-4.83704	-0.0202089	112.107	91.5786	1.22416
1837	0.00214761	0.157669	34.9832	82.0062	-4.83497	-0.0202207	112.134	91.6447	1.22358
1838	0.00214855	0.157782	35.0381	81.9766	-4.83295	-0.0202324	112.161	91.7108	1.22299
1839	0.00214949	0.157896	35.093	81.9469	-4.83096	-0.020244	112.189	91.7768	1.22241
1840	0.00215042	0.158009	35.1478	81.9172	-4.82901	-0.0202557	112.216	91.8427	1.22183
1841	0.00215136	0.158123	35.2027	81.8875	-4.82709	-0.0202673	112.243	91.9085	1.22124
1842	0.0021523	0.158236	35.2575	81.8578	-4.8252	-0.020279	112.27	91.9743	1.22067
1843	0.00215324	0.158349	35.3124	81.8282	-4.82334	-0.0202906	112.297	92.04	1.22009
1844	0.00215418	0.158462	35.3672	81.7985	-4.82151	-0.0203022	112.324	92.1056	1.21951
1845	0.00215511	0.158574	35.422	81.7688	-4.81971	-0.0203137	112.351	92.1711	1.21894
1846	0.00215605	0.158687	35.4768	81.7391	-4.81794	-0.0203253	112.378	92.2365	1.21836
1847	0.00215699	0.158799	35.5316	81.7095	-4.81619	-0.0203368	112.405	92.3019	1.21779
1848	0.00215793	0.158912	35.5864	81.6798	-4.81446	-0.0203483	112.431	92.3672	1.21722
1849	0.00215887	0.159024	35.6412	81.6501	-4.81276	-0.0203598	112.458	92.4324	1.21665
1850	0.0021598	0.159136	35.696	81.6204	-4.81108	-0.0203713	112.485	92.4975	1.21609
1851	0.00216074	0.159248	35.7508	81.5907	-4.80942	-0.0203828	112.512	92.5626	1.21552
1852	0.00216168	0.15936	35.8056	81.5611	-4.80779	-0.0203942	112.538	92.6276	1.21496
1853	0.00216262	0.159472	35.8603	81.5314	-4.80618	-0.0204057	112.565	92.6926	1.21439
1854	0.00216356	0.159583	35.9151	81.5017	-4.80459	-0.0204171	112.592	92.7574	1.21383
1855	0.00216449	0.159695	35.9699	81.472	-4.80303	-0.0204285	112.618	92.8223	1.21327
1856	0.00216543	0.159806	36.0247	81.4423	-4.80149	-0.0204399	112.645	92.887	1.21271
1857	0.00216637	0.159917	36.0794	81.4126	-4.79998	-0.0204513	112.672	92.9517	1.21215
1858	0.00216731	0.160028	36.1342	81.3828	-4.79849	-0.0204626	112.698	93.0163	1.2116
1859	0.00216825	0.16014	36.189	81.3531	-4.79702	-0.020474	112.725	93.0808	1.21104
1860	0.00216918	0.16025	36.2438	81.3234	-4.79557	-0.0204853	112.751	93.1453	1.21049
1861	0.00217012	0.160361	36.2986	81.2937	-4.79414	-0.0204966	112.778	93.2098	1.20993
1862	0.00217106	0.160472	36.3534	81.2639	-4.79273	-0.0205079	112.804	93.2741	1.20938
1863	0.002172	0.160583	36.4081	81.2342	-4.79134	-0.0205192	112.83	93.3384	1.20883
1864	0.00217294	0.160693	36.4629	81.2045	-4.78997	-0.0205305	112.857	93.4027	1.20828
1865	0.00217388	0.160804	36.5177	81.1747	-4.78861	-0.0205417	112.883	93.4669	1.20774
1866	0.00217481	0.160914	36.5726	81.1449	-4.78727	-0.020553	112.91	93.531	1.20719
1867	0.00217575	0.161024	36.6274	81.1152	-4.78594	-0.0205642	112.936	93.5951	1.20664
1868	0.00217669	0.161134	36.6822	81.0854	-4.78463	-0.0205754	112.962	93.6591	1.2061
1869	0.00217763	0.161244	36.737	81.0556	-4.78333	-0.0205866	112.989	93.7231	1.20556
1870	0.00217857	0.161354	36.7919	81.0258	-4.78205	-0.0205978	113.015	93.787	1.20502
1871	0.00217951	0.161464	36.8467	80.996	-4.78077	-0.020609	113.041	93.8509	1.20448
1872	0.00218045	0.161574	36.9016	80.9662	-4.77951	-0.0206202	113.068	93.9147	1.20394
1873	0.00218138	0.161684	36.9564	80.9363	-4.77825	-0.0206313	113.094	93.9784	1.2034
1874	0.00218232	0.161793	37.0113	80.9065	-4.77701	-0.0206425	113.12	94.0422	1.20287
1875	0.00218326	0.161903	37.0662	80.8766	-4.77577	-0.0206536	113.146	94.1058	1.20233
1876	0.0021842	0.162012	37.1211	80.8468	-4.77454	-0.0206647	113.173	94.1694	1.2018
1877	0.00218514	0.162122	37.176	80.8169	-4.77332	-0.0206758	113.199	94.233	1.20127
1878	0.00218608	0.162231	37.231	80.787	-4.7721	-0.0206869	113.225	94.2965	1.20074
1879	0.00218702	0.16234	37.2859	80.7571	-4.77088	-0.020698	113.251	94.36	1.20021
1880	0.00218795	0.162449	37.3409	80.7272	-4.76967	-0.0207091	113.278	94.4234	1.19968
1881	0.00218889	0.162558	37.3959	80.6973	-4.76846	-0.0207202	113.304	94.4868	1.19915
1882	0.00218983	0.162667	37.4509	80.6674	-4.76726	-0.0207312	113.33	94.5502	1.19863
1883	0.00219077	0.162776	37.5059	80.6374	-4.76607	-0.0207423	113.356	94.6135	1.1981
1884	0.00219171	0.162885	37.5609	80.6074	-4.7649	-0.0207533	113.383	94.6767	1.19758
1885	0.00219265	0.162994	37.6159	80.5775	-4.76373	-0.0207644	113.409	94.7399	1.19706
1886	0.00219359	0.163103	37.671	80.5475	-4.76259	-0.0207754	113.435	94.8031	1.19653
1887	0.00219453	0.163211	37.7261	80.5175	-4.76146	-0.0207864	113.461	94.8662	1.19601
1888	0.00219547	0.16332	37.7812	80.4874	-4.76035	-0.0207974	113.487	94.9293	1.19549
1889	0.0021964	0.163428	37.8363	80.4574	-4.75927	-0.0208084	113.514	94.9923	1.19498
1890	0.00219734	0.163537	37.8914	80.4274	-4.75822	-0.0208194	113.54	95.0554	1.19446
1891	0.00219828	0.163645	37.9466	80.3973	-4.75721	-0.0208304	113.566	95.1183	1.19394
1892	0.00219922	0.163753	38.0017	80.3672	-4.75624	-0.0208413	113.592	95.1812	1.19343
1893	0.00220016	0.163861	38.0569	80.3371	-4.75532	-0.0208523	113.618	95.2441	1.19291
1894	0.0022011	0.163969	38.1121	80.307	-4.75445	-0.0208633	113.644	95.307	1.1924
1895	0.00220204	0.164077	38.1674	80.2769	-4.75364	-0.0208742	113.67	95.3698	1.19188
1896	0.00220298	0.164185	38.2226	80.2467	-4.75288	-0.0208851	113.696	95.4326	1.19137
1897	0.00220392	0.164293	38.2779	80.2166	-4.75219	-0.0208961	113.721	95.4953	1.19086
1898	0.00220486	0.164401	38.3332	80.1864	-4.75156	-0.020907	113.747	95.558	1.19035
1899	0.00220579	0.164509	38.3885	80.1562	-4.751	-0.0209179	113.773	95.6207	1.18984
1900	0.00220673	0.164617	38.4439	80.126	-4.7505	-0.0209288	113.798	95.6833	1.18932
1901	0.00220767	0.164725	38.4992	80.0958	-4.75008	-0.0209397	113.824	95.7459	1.18881
1902	0.00220861	0.164832	38.5546	80.0655	-4.74972	-0.0209505	113.85	95.8085	1.1883
1903	0.00220955	0.16494	38.6101	80.0353	-4.74943	-0.0209614	113.875	95.871	1.18779
1904	0.00221049	0.165047	38.6655	80.005	-4.74922	-0.0209722	113.9	95.9335	1.18728
1905	0.00221143	0.165155	38.721	79.9747	-4.74907	-0.0209831	113.926	95.996	1.18677
1906	0.00221237	0.165262	38.7764	79.9444	-4.74899	-0.0209939	113.951	96.0584	1.18627
1907	0.00221331	0.16537	38.832	79.914	-4.74899	-0.0210047	113.976	96.1208	1.18576
1908	0.00221425	0.165477	38.8875	79.8837	-4.74905	-0.0210155	114.001	96.1832	1.18525
1909	0.00221519	0.165584	38.9431	79.8533	-4.74918	-0.0210263	114.026	96.2455	1.18474
1910	0.00221612	0.165691	38.9987	79.8229	-4.74938	-0.0210371	114.051	96.3078	1.18424
1911	0.00221706	0.165798	39.0543	79.7925	-4.74963	-0.0210478	114.076	96.3701	1.18373
1912	0.002218	0.165906	39.1099	79.7621	-4.74995	-0.0210586	114.101	96.4323	1.18322
1913	0.00221894	0.166013	39.1656	79.7316	-4.75034	-0.0210693	114.126	96.4945	1.18272
1914	0.00221988	0.16612	39.2213	79.7012	-4.7508	-0.02108	114.151	96.5567	1.18221
1915	0.00222082	0.166226	39.277	79.6707	-4.75132	-0.0210907	114.175	96.6189	1.18171
1916	0.00222176	0.166333	39.3328	79.6402	-4.75191	-0.0211014	114.2	96.681	1.1812
1917	0.0022227	0.16644	39.3886	79.6096	-4.75257	-0.021112	114.225	96.7431	1.1807
1918	0.00222364	0.166547	39.4444	79.5791	-4.75331	-0.0211227	114.249	96.8052	1.1802
1919	0.00222458	0.166654	39.5003	79.5485	-4.75413	-0.0211333	114.274	96.8673	1.17969
1920	0.00222552	0.166761	39.5562	79.5179	-4.75502	-0.0211439	114.298	96.9293	1.17919
1921	0.00222646	0.166867	39.6121	79.4873	-4.75602	-0.0211545	114.322	96.9913	1.17868
1922	0.0022274	0.166974	39.668	79.4566	-4.75711	-0.0211651	114.346	97.0533	1.17818
1923	0.00222834	0.16708	39.724	79.426	-4.75833	-0.0211756	114.37	97.1152	1.17768
1924	0.00222927	0.167187	39.78	79.3953	-4.75967	-0.0211862	114.394	97.1771	1.17717
1925	0.00223021	0.167293	39.836	79.3646	-4.76116	-0.0211967	114.418	97.239	1.17667
1926	0.00223115	0.1674	39.892	79.3339	-4.76282	-0.0212072	114.442	97.3009	1.17617
1927	0.00223209	0.167506	39.9481	79.3032	-4.76464	-0.0212176	114.465	97.3627	1.17566
1928	0.00223303	0.167613	40.0042	79.2724	-4.76664	-0.0212281	114.489	97.4245	1.17515
1929	0.00223397	0.167719	40.0604	79.2416	-4.76882	-0.0212385	114.512	97.4863	1.17465
1930	0.00223491	0.167825	40.1165	79.2108	-4.77116	-0.0212489	114.535	97.548	1.17414
1931	0.00223585	0.167931	40.1727	79.18	-4.77366	-0.0212593	114.558	97.6097	1.17363
1932	0.00223679	0.168037	40.2289	79.1492	-4.77633	-0.0212697	114.58	97.6714	1.17312
1933	0.00223773	0.168143	40.2852	79.1183	-4.77916	-0.02128	114.603	97.7331	1.17261
1934	0.00223867	0.168249	40.3414	79.0874	-4.78214	-0.0212903	114.625	97.7947	1.1721
1935	0.00223961	0.168355	40.3977	79.0565	-4.78528	-0.0213006	114.648	97.8563	1.17159
1936	0.00224054	0.168461	40.4541	79.0256	-4.78857	-0.0213109	114.67	97.9179	1.17108
1937	0.00224148	0.168567	40.5104	78.9947	-4.79199	-0.0213212	114.692	97.9795	1.17057
1938	0.00224242	0.168673	40.5668	78.9637	-4.79551	-0.0213314	114.714	98.041	1.17006
1939	0.00224336	0.168779	40.6232	78.9327	-4.79911	-0.0213417	114.736	98.1025	1.16955
1940	0.0022443	0.168885	40.6797	78.9017	-4.80279	-0.021352	114.757	98.1639	1.16904
1941	0.00224524	0.16899	40.7362	78.8707	-4.80652	-0.0213623	114.779	98.2254	1.16853
1942	0.00224618	0.169096	40.7927	78.8397	-4.81033	-0.0213726	114.801	98.2868	1.16802
1943	0.00224712	0.169202	40.8492	78.8086	-4.81419	-0.0213829	114.822	98.3482	1.16751
1944	0.00224806	0.169307	40.9057	78.7775	-4.81812	-0.0213932	114.844	98.4095	1.167
1945	0.002249	0.169413	40.9623	78.7464	-4.82212	-0.0214035	114.865	98.4709	1.16649
1946	0.00224994	0.169518	41.0189	78.7153	-4.82623	-0.0214138	114.887	98.5322	1.16598
1947	0.00225088	0.169624	41.0756	78.6842	-4.83048	-0.0214241	114.908	98.5934	1.16547
1948	0.00225182	0.169729	41.1322	78.653	-4.83496	-0.0214344	114.929	98.6547	1.16496
1949	0.00225276	0.169834	41.1889	78.6218	-4.83995	-0.0214447	114.949	98.7159	1.16445
1950	0.0022537	0.169939	41.2456	78.5907	-4.84669	-0.0214549	114.968	98.7771	1.16392
1951	0.00225464	0.170045	41.3024	78.5594	-4.85413	-0.0214651	114.986	98.8382	1.16338
1952	0.00225557	0.17015	41.3592	78.5282	-4.8605	-0.0214753	115.005	98.8993	1.16285
1953	0.00225651	0.170255	41.4159	78.4969	-4.86611	-0.0214855	115.025	98.9604	1.16234
1954	0.00225745	0.17036	41.4728	78.4657	-4.87116	-0.0214957	115.046	99.0215	1.16183
1955	0.00225839	0.170465	41.5296	78.4344	-4.87581	-0.0215059	115.067	99.0825	1.16132
1956	0.00225933	0.17057	41.5865	78.4031	-4.88016	-0.0215161	115.088	99.1435	1.16082
1957	0.00226027	0.170675	41.6433	78.3718	-4.88425	-0.0215263	115.109	99.2044	1.16032
1958	0.00226121	0.17078	41.7002	78.3404	-4.88811	-0.0215365	115.131	99.2654	1.15983
1959	0.00226215	0.170884	41.7572	78.3091	-4.89179	-0.0215468	115.153	99.3262	1.15934
1960	0.00226309	0.170989	41.8141	78.2777	-4.89494	-0.021557	115.175	99.3871	1.15886
1961	0.00226403	0.171094	41.8711	78.2463	-4.89506	-0.0215674	115.201	99.4479	1.1584
1962	0.00226497	0.171198	41.9281	78.2149	-4.89452	-0.0215778	115.227	99.5087	1.15796
1963	0.00226591	0.171303	41.9851	78.1835	-4.89406	-0.0215882	115.253	99.5694	1.15751
1964	0.00226685	0.171407	42.0421	78.1521	-4.89382	-0.0215986	115.279	99.6301	1.15707
1965	0.00226779	0.171511	42.0991	78.1206	-4.89389	-0.021609	115.304	99.6908	1.15662
1966	0.00226873	0.171616	42.1562	78.0892	-4.89437	-0.0216195	115.329	99.7514	1.15617
1967	0.00226967	0.17172	42.2132	78.0577	-4.89527	-0.02163	115.354	99.812	1.15571
1968	0.00227061	0.171824	42.2703	78.0262	-4.89659	-0.0216406	115.378	99.8725	1.15526
1969	0.00227155	0.171928	42.3274	77.9947	-4.89842	-0.0216513	115.402	99.933	1.15479
1970	0.00227249	0.172032	42.3846	77.9632	-4.90079	-0.021662	115.425	99.9935	1.15433
1971	0.00227344	0.172136	42.4417	77.9316	-4.90375	-0.0216728	115.448	100.054	1.15386
1972	0.00227438	0.17224	42.4989	77.9001	-4.90733	-0.0216837	115.47	100.114	1.15338
1973	0.00227532	0.172344	42.5561	77.8685	-4.91155	-0.0216946	115.491	100.175	1.1529
1974	0.00227626	0.172448	42.6133	77.8369	-4.91643	-0.0217055	115.512	100.235	1.15241
1975	0.0022772	0.172552	42.6705	77.8053	-4.92198	-0.0217165	115.532	100.295	1.15192
1976	0.00227814	0.172655	42.7278	77.7737	-4.92822	-0.0217274	115.552	100.356	1.15142
1977	0.00227908	0.172759	42.7851	77.7421	-4.93509	-0.0217383	115.57	100.416	1.15092
1978	0.00228003	0.172863	42.8423	77.7104	-4.94252	-0.0217493	115.588	100.476	1.15041
1979	0.00228097	0.172966	42.8996	77.6787	-4.95046	-0.0217602	115.606	100.536	1.1499
1980	0.00228191	0.173069	42.9569	77.6471	-4.95889	-0.0217711	115.623	100.596	1.14938
1981	0.00228285	0.173173	43.0143	77.6154	-4.96776	-0.021782	115.64	100.656	1.14886
1982	0.0022838	0.173276	43.0716	77.5837	-4.97704	-0.0217929	115.656	100.716	1.14834
1983	0.00228474	0.173379	43.1289	77.552	-4.98672	-0.0218037	115.672	100.776	1.14781
1984	0.00228568	0.173482	43.1863	77.5203	-4.99692	-0.0218145	115.688	100.836	1.14728
1985	0.00228662	0.173585	43.2436	77.4886	-5.00813	-0.0218252	115.702	100.896	1.14675
1986	0.00228757	0.173688	43.301	77.4568	-5.0231	-0.0218358	115.713	100.956	1.14617
1987	0.00228851	0.173791	43.3584	77.4251	-5.03613	-0.0218464	115.726	101.016	1.14562
1988	0.00228945	0.173894	43.4157	77.3934	-5.04764	-0.0218569	115.74	101.076	1.14508
1989	0.0022904	0.173996	43.4731	77.3616	-5.05786	-0.0218675	115.755	101.135	1.14456
1990	0.00229134	0.174099	43.5305	77.3299	-5.06709	-0.021878	115.771	101.195	1.14404
1991	0.00229228	0.174202	43.5878	77.2981	-5.07551	-0.0218886	115.789	101.254	1.14354
1992	0.00229323	0.174304	43.6452	77.2664	-5.0832	-0.0218991	115.806	101.314	1.14305
1993	0.00229417	0.174406	43.7026	77.2346	-5.09023	-0.0219097	115.825	101.373	1.14256
1994	0.00229511	0.174508	43.7599	77.2028	-5.09662	-0.0219202	115.844	101.433	1.14208
1995	0.00229606	0.17461	43.8173	77.171	-5.10248	-0.0219308	115.864	101.492	1.14161
1996	0.002297	0.174712	43.8747	77.1393	-5.10736	-0.0219415	115.885	101.551	1.14114
1997	0.00229795	0.174814	43.932	77.1075	-5.10877	-0.0219523	115.909	101.611	1.14072
1998	0.00229889	0.174916	43.9894	77.0757	-5.10953	-0.0219631	115.934	101.67	1.1403
1999	0.00229983	0.175018	44.0467	77.044	-5.11025	-0.0219738	115.958	101.729	1.13988
2000	0.00230078	0.175119	44.104	77.0122	-5.1111	-0.0219846	115.983	101.788	1.13946
2001	0.00230172	0.175221	44.1613	76.9804	-5.11221	-0.0219954	116.008	101.847	1.13904
2002	0.00230267	0.175322	44.2186	76.9486	-5.11373	-0.0220062	116.032	101.906	1.13862
2003	0.00230361	0.175423	44.2759	76.9169	-5.11573	-0.0220171	116.055	101.965	1.13819
2004	0.00230455	0.175524	44.3332	76.8851	-5.11832	-0.022028	116.078	102.023	1.13776
2005	0.0023055	0.175625	44.3905	76.8533	-5.12158	-0.0220389	116.1	102.082	1.13732
2006	0.00230644	0.175726	44.4477	76.8216	-5.12558	-0.0220499	116.122	102.141	1.13688
2007	0.00230739	0.175827	44.505	76.7898	-5.13039	-0.022061	116.142	102.199	1.13643
2008	0.00230833	0.175928	44.5622	76.758	-5.13602	-0.022072	116.162	102.258	1.13597
2009	0.00230927	0.176028	44.6194	76.7263	-5.14251	-0.0220831	116.181	102.316	1.13551
2010	0.00231022	0.176129	44.6766	76.6945	-5.14992	-0.0220941	116.199	102.374	1.13504
2011	0.00231116	0.176229	44.7337	76.6628	-5.15825	-0.0221052	116.216	102.433	1.13456
2012	0.00231211	0.176329	44.7909	76.6311	-5.16746	-0.0221162	116.232	102.491	1.13407
2013	0.00231305	0.176429	44.848	76.5993	-5.17747	-0.0221272	116.248	102.549	1.13358
2014	0.00231399	0.176529	44.9051	76.5676	-5.18821	-0.0221382	116.262	102.607	1.13308
2015	0.00231494	0.176629	44.9622	76.5359	-5.19959	-0.0221492	116.276	102.665	1.13258
2016	0.00231588	0.176728	45.0193	76.5042	-5.21155	-0.0221601	116.29	102.723	1.13207
2017	0.00231683	0.176828	45.0763	76.4725	-5.22405	-0.0221709	116.303	102.781	1.13156
2018	0.00231777	0.176927	45.1333	76.4408	-5.23711	-0.0221817	116.315	102.839	1.13104
2019	0.00231872	0.177026	45.1903	76.4091	-5.25092	-0.0221925	116.326	102.896	1.13052
2020	0.00231966	0.177125	45.2472	76.3774	-5.26656	-0.0222031	116.336	102.954	1.12998
2021	0.0023206	0.177224	45.3042	76.3458	-5.28463	-0.0222136	116.343	103.011	1.12942
2022	0.00232155	0.177323	45.3611	76.3141	-5.30092	-0.022224	116.352	103.069	1.12888
2023	0.00232249	0.177422	45.418	76.2825	-5.31567	-0.0222344	116.363	103.126	1.12835
2024	0.00232344	0.17752	45.4748	76.2508	-5.32907	-0.0222447	116.374	103.183	1.12784
2025	0.00232438	0.177619	45.5316	76.2192	-5.34143	-0.022255	116.387	103.241	1.12734
2026	0.00232533	0.177717	45.5884	76.1876	-5.35288	-0.0222653	116.401	103.298	1.12685
2027	0.00232627	0.177815	45.6452	76.156	-5.36351	-0.0222756	116.415	103.355	1.12637
2028	0.00232722	0.177913	45.7019	76.1244	-5.37338	-0.0222859	116.431	103.412	1.12589
2029	0.00232816	0.178011	45.7586	76.0929	-5.38254	-0.0222962	116.447	103.469	1.12543
2030	0.0023291	0.178109	45.8152	76.0613	-5.39105	-0.0223065	116.463	103.525	1.12497
2031	0.00233005	0.178206	45.8719	76.0298	-5.39895	-0.0223168	116.48	103.582	1.12452
2032	0.00233099	0.178304	45.9284	75.9983	-5.4036	-0.0223272	116.501	103.639	1.1241
2033	0.00233194	0.178401	45.985	75.9668	-5.40662	-0.0223377	116.523	103.695	1.1237
2034	0.00233288	0.178498	46.0415	75.9353	-5.40942	-0.0223481	116.545	103.752	1.12331
2035	0.00233383	0.178595	46.0979	75.9038	-5.41226	-0.0223585	116.567	103.808	1.12291
2036	0.00233477	0.178692	46.1544	75.8724	-5.41529	-0.0223689	116.589	103.864	1.12251
2037	0.00233571	0.178788	46.2107	75.8409	-5.41864	-0.0223794	116.611	103.92	1.12211
2038	0.00233666	0.178885	46.2671	75.8095	-5.42244	-0.0223898	116.632	103.977	1.12171
2039	0.0023376	0.178981	46.3234	75.7781	-5.42681	-0.0224004	116.652	104.033	1.12131
2040	0.00233855	0.179077	46.3796	75.7467	-5.43186	-0.0224109	116.672	104.088	1.12089
2041	0.00233949	0.179173	46.4359	75.7154	-5.43767	-0.0224215	116.691	104.144	1.12048
2042	0.00234043	0.179269	46.492	75.684	-5.44429	-0.0224321	116.709	104.2	1.12005
2043	0.00234138	0.179365	46.5481	75.6527	-5.45178	-0.0224428	116.727	104.256	1.11962
2044	0.00234232	0.17946	46.6042	75.6214	-5.46015	-0.0224534	116.743	104.311	1.11918
2045	0.00234327	0.179556	46.6602	75.5901	-5.46946	-0.0224641	116.758	104.366	1.11874
2046	0.00234421	0.179651	46.7162	75.5589	-5.47973	-0.0224747	116.773	104.422	1.11828
2047	0.00234515	0.179746	46.7721	75.5277	-5.49094	-0.0224853	116.786	104.477	1.11782
2048	0.0023461	0.179841	46.828	75.4965	-5.503	-0.0224959	116.799	104.532	1.11735
2049	0.00234704	0.179935	46.8838	75.4653	-5.51587	-0.0225064	116.811	104.587	1.11687
2050	0.00234799	0.18003	46.9396	75.4341	-5.52946	-0.0225169	116.822	104.642	1.11639
2051	0.00234893	0.180124	46.9953	75.403	-5.54376	-0.0225274	116.832	104.697	1.11591
2052	0.00234987	0.180218	47.0509	75.3719	-5.55884	-0.0225377	116.841	104.752	1.11541
2053	0.00235082	0.180312	47.1065	75.3408	-5.57517	-0.022548	116.85	104.806	1.11491
2054	0.00235176	0.180406	47.1621	75.3098	-5.59635	-0.0225581	116.853	104.861	1.11436
2055	0.0023527	0.1805	47.2176	75.2788	-5.61571	-0.0225681	116.858	104.915	1.11383
2056	0.00235365	0.180593	47.273	75.2478	-5.63348	-0.022578	116.865	104.969	1.11332
2057	0.00235459	0.180686	47.3283	75.2168	-5.64984	-0.0225879	116.873	105.024	1.11282
2058	0.00235553	0.180779	47.3837	75.1859	-5.66497	-0.0225977	116.882	105.078	1.11234
2059	0.00235648	0.180872	47.4389	75.155	-5.67912	-0.0226075	116.892	105.132	1.11186
2060	0.00235742	0.180965	47.4941	75.1241	-5.69238	-0.0226173	116.903	105.186	1.1114
2061	0.00235836	0.181058	47.5492	75.0932	-5.70477	-0.0226271	116.915	105.239	1.11094
2062	0.00235931	0.18115	47.6043	75.0624	-5.71634	-0.0226368	116.928	105.293	1.1105
2063	0.00236025	0.181242	47.6593	75.0316	-5.72716	-0.0226466	116.941	105.347	1.11006
2064	0.00236119	0.181334	47.7142	75.0009	-5.73729	-0.0226564	116.955	105.4	1.10963
2065	0.00236213	0.181426	47.7691	74.9702	-5.74676	-0.0226662	116.97	105.454	1.10921
2066	0.00236308	0.181517	47.8239	74.9395	-5.75564	-0.022676	116.985	105.507	1.10879
2067	0.00236402	0.181609	47.8786	74.9088	-5.76085	-0.022686	117.004	105.56	1.10841
2068	0.00236496	0.1817	47.9333	74.8782	-5.7649	-0.0226959	117.024	105.613	1.10804
2069	0.00236591	0.181791	47.9879	74.8476	-5.76886	-0.0227059	117.044	105.666	1.10768
2070	0.00236685	0.181882	48.0424	74.817	-5.77292	-0.0227158	117.064	105.719	1.10731
2071	0.00236779	0.181973	48.0969	74.7865	-5.77723	-0.0227257	117.083	105.771	1.10695
2072	0.00236873	0.182063	48.1513	74.756	-5.78193	-0.0227356	117.103	105.824	1.10658
2073	0.00236967	0.182153	48.2056	74.7255	-5.78713	-0.0227456	117.121	105.876	1.10621
2074	0.00237062	0.182244	48.2599	74.6951	-5.79295	-0.0227555	117.139	105.929	1.10583
2075	0.00237156	0.182333	48.3141	74.6647	-5.7995	-0.0227655	117.157	105.981	1.10545
2076	0.0023725	0.182423	48.3682	74.6343	-5.80685	-0.0227755	117.173	106.033	1.10506
2077	0.00237344	0.182513	48.4223	74.604	-5.81505	-0.0227855	117.188	106.085	1.10466
2078	0.00237438	0.182602	48.4762	74.5737	-5.82414	-0.0227956	117.203	106.137	1.10426
2079	0.00237532	0.182691	48.5302	74.5435	-5.83414	-0.0228056	117.217	106.189	1.10385
2080	0.00237627	0.18278	48.584	74.5133	-5.84511	-0.0228156	117.229	106.241	1.10343
2081	0.00237721	0.182869	48.6377	74.4831	-5.85704	-0.0228256	117.241	106.292	1.10301
2082	0.00237815	0.182957	48.6914	74.4529	-5.86991	-0.0228355	117.252	106.344	1.10257
2083	0.00237909	0.183046	48.7451	74.4228	-5.88369	-0.0228454	117.261	106.395	1.10213
2084	0.00238003	0.183134	48.7986	74.3928	-5.8983	-0.0228553	117.27	106.446	1.10168
2085	0.00238097	0.183222	48.8521	74.3627	-5.91374	-0.022865	117.278	106.497	1.10123
2086	0.00238191	0.18331	48.9055	74.3327	-5.93028	-0.0228747	117.285	106.548	1.10077
2087	0.00238285	0.183397	48.9588	74.3028	-5.94964	-0.0228843	117.289	106.599	1.10028
2088	0.0023838	0.183485	49.012	74.2728	-5.97118	-0.0228937	117.291	106.65	1.09977
2089	0.00238474	0.183572	49.0652	74.243	-5.99103	-0.022903	117.294	106.701	1.09928
2090	0.00238568	0.183659	49.1183	74.2131	-6.0094	-0.0229122	117.299	106.751	1.09881
2091	0.00238662	0.183746	49.1713	74.1833	-6.02643	-0.0229214	117.305	106.802	1.09834
2092	0.00238756	0.183832	49.2242	74.1535	-6.04233	-0.0229305	117.313	106.852	1.09789
2093	0.0023885	0.183919	49.2771	74.1238	-6.05728	-0.0229396	117.321	106.903	1.09746
2094	0.00238944	0.184005	49.3299	74.0941	-6.07131	-0.0229487	117.33	106.953	1.09703
2095	0.00239038	0.184091	49.3826	74.0644	-6.08445	-0.0229577	117.34	107.003	1.09661
2096	0.00239132	0.184177	49.4352	74.0348	-6.09675	-0.0229668	117.35	107.053	1.09619
2097	0.00239226	0.184263	49.4878	74.0053	-6.10826	-0.0229758	117.362	107.102	1.09579
2098	0.0023932	0.184348	49.5403	73.9757	-6.119	-0.0229848	117.374	107.152	1.0954
2099	0.00239414	0.184433	49.5927	73.9462	-6.12902	-0.0229939	117.387	107.202	1.09501
2100	0.00239508	0.184518	49.645	73.9168	-6.13836	-0.0230029	117.4	107.251	1.09463
2101	0.00239602	0.184603	49.6972	73.8873	-6.14407	-0.0230122	117.417	107.3	1.09429
2102	0.00239696	0.184688	49.7494	73.858	-6.14839	-0.0230214	117.436	107.349	1.09396
2103	0.0023979	0.184772	49.8015	73.8286	-6.15255	-0.0230305	117.455	107.399	1.09363
2104	0.00239884	0.184857	49.8535	73.7993	-6.15676	-0.0230397	117.473	107.448	1.09331
2105	0.00239978	0.184941	49.9054	73.7701	-6.16115	-0.0230488	117.491	107.496	1.09298
2106	0.00240072	0.185024	49.9573	73.7409	-6.16585	-0.0230579	117.509	107.545	1.09265
2107	0.00240166	0.185108	50.009	73.7117	-6.17096	-0.023067	117.527	107.594	1.09232
2108	0.00240259	0.185192	50.0607	73.6825	-6.17661	-0.0230762	117.544	107.642	1.09198
2109	0.00240353	0.185275	50.1123	73.6534	-6.18289	-0.0230853	117.56	107.691	1.09164
2110	0.00240447	0.185358	50.1638	73.6244	-6.18987	-0.0230945	117.575	107.739	1.0913
2111	0.00240541	0.185441	50.2153	73.5954	-6.1976	-0.0231037	117.59	107.787	1.09094
2112	0.00240635	0.185524	50.2666	73.5664	-6.20614	-0.0231128	117.604	107.835	1.09059
2113	0.00240729	0.185606	50.3179	73.5375	-6.21548	-0.023122	117.617	107.883	1.09022
2114	0.00240823	0.185688	50.3691	73.5086	-6.22566	-0.0231312	117.629	107.931	1.08985
2115	0.00240916	0.185771	50.4202	73.4797	-6.23671	-0.0231403	117.64	107.979	1.08947
2116	0.0024101	0.185853	50.4713	73.4509	-6.24859	-0.0231494	117.65	108.027	1.08909
2117	0.00241104	0.185934	50.5223	73.4221	-6.26127	-0.0231585	117.66	108.074	1.0887
2118	0.00241198	0.186016	50.5731	73.3934	-6.27468	-0.0231675	117.669	108.121	1.0883
2119	0.00241292	0.186097	50.624	73.3647	-6.28879	-0.0231765	117.677	108.169	1.0879
2120	0.00241385	0.186178	50.6747	73.3361	-6.30359	-0.0231854	117.684	108.216	1.08749
2121	0.00241479	0.186259	50.7253	73.3075	-6.3193	-0.0231942	117.69	108.263	1.08708
2122	0.00241573	0.18634	50.7759	73.2789	-6.33723	-0.023203	117.694	108.31	1.08664
2123	0.00241666	0.186421	50.8264	73.2503	-6.35783	-0.0232115	117.696	108.357	1.08619
2124	0.0024176	0.186501	50.8769	73.2218	-6.3766	-0.02322	117.699	108.404	1.08575
2125	0.00241854	0.186582	50.9272	73.1934	-6.39376	-0.0232284	117.704	108.45	1.08532
2126	0.00241948	0.186662	50.9775	73.165	-6.40943	-0.0232368	117.71	108.497	1.08491
2127	0.00242041	0.186742	51.0277	73.1366	-6.4239	-0.0232451	117.717	108.543	1.08452
2128	0.00242135	0.186821	51.0778	73.1082	-6.43731	-0.0232534	117.725	108.59	1.08413
2129	0.00242229	0.186901	51.1279	73.0799	-6.4497	-0.0232617	117.735	108.636	1.08376
2130	0.00242322	0.18698	51.1778	73.0517	-6.46109	-0.02327	117.745	108.682	1.08339
2131	0.00242416	0.187059	51.2277	73.0234	-6.47157	-0.0232782	117.756	108.728	1.08304
2132	0.0024251	0.187138	51.2776	72.9952	-6.48118	-0.0232865	117.768	108.774	1.08269
2133	0.00242603	0.187217	51.3273	72.9671	-6.48995	-0.0232947	117.781	108.82	1.08235
2134	0.00242697	0.187296	51.377	72.939	-6.49793	-0.023303	117.795	108.865	1.08202
2135	0.00242791	0.187374	51.4266	72.9109	-6.50212	-0.0233115	117.812	108.911	1.08173
2136	0.00242884	0.187453	51.4761	72.8828	-6.50456	-0.0233199	117.831	108.957	1.08145
2137	0.00242978	0.187531	51.5256	72.8548	-6.50666	-0.0233283	117.85	109.002	1.08118
2138	0.00243071	0.187609	51.5749	72.8269	-6.50865	-0.0233367	117.87	109.047	1.08091
2139	0.00243165	0.187687	51.6243	72.7989	-6.51066	-0.0233451	117.889	109.093	1.08063
2140	0.00243259	0.187764	51.6735	72.771	-6.51284	-0.0233535	117.908	109.138	1.08036
2141	0.00243352	0.187842	51.7227	72.7432	-6.5153	-0.0233619	117.927	109.183	1.08009
2142	0.00243446	0.187919	51.7718	72.7154	-6.51819	-0.0233704	117.946	109.228	1.07981
2143	0.00243539	0.187996	51.8208	72.6876	-6.52161	-0.0233788	117.963	109.272	1.07953
2144	0.00243633	0.188073	51.8697	72.6598	-6.52566	-0.0233873	117.981	109.317	1.07925
2145	0.00243726	0.18815	51.9186	72.6321	-6.53037	-0.0233958	117.997	109.362	1.07896
2146	0.0024382	0.188226	51.9674	72.6044	-6.53581	-0.0234043	118.013	109.406	1.07866
2147	0.00243913	0.188303	52.0162	72.5768	-6.542	-0.0234129	118.028	109.451	1.07836
2148	0.00244007	0.188379	52.0648	72.5492	-6.54893	-0.0234214	118.042	109.495	1.07805
2149	0.002441	0.188455	52.1134	72.5216	-6.55664	-0.0234299	118.055	109.539	1.07774
2150	0.00244194	0.188531	52.162	72.4941	-6.56512	-0.0234384	118.067	109.583	1.07742
2151	0.00244287	0.188607	52.2105	72.4665	-6.57431	-0.0234469	118.079	109.627	1.0771
2152	0.00244381	0.188683	52.2589	72.4391	-6.58415	-0.0234553	118.09	109.671	1.07676
2153	0.00244474	0.188758	52.3072	72.4116	-6.59457	-0.0234637	118.101	109.715	1.07643
2154	0.00244567	0.188833	52.3555	72.3842	-6.60548	-0.023472	118.111	109.759	1.07609
2155	0.00244661	0.188908	52.4037	72.3568	-6.61685	-0.0234803	118.12	109.803	1.07575
2156	0.00244754	0.188983	52.4518	72.3295	-6.62869	-0.0234886	118.129	109.846	1.0754
2157	0.00244848	0.189058	52.4999	72.3022	-6.64122	-0.0234967	118.137	109.89	1.07505
2158	0.00244941	0.189133	52.5479	72.2749	-6.65568	-0.0235048	118.144	109.933	1.07469
2159	0.00245034	0.189208	52.5959	72.2476	-6.67239	-0.0235127	118.148	109.977	1.0743
2160	0.00245128	0.189282	52.6438	72.2204	-6.68701	-0.0235206	118.154	110.02	1.07393
2161	0.00245221	0.189356	52.6916	72.1932	-6.69979	-0.0235284	118.162	110.063	1.07358
2162	0.00245315	0.18943	52.7394	72.1661	-6.71097	-0.0235362	118.171	110.106	1.07325
2163	0.00245408	0.189504	52.7871	72.139	-6.72083	-0.023544	118.182	110.149	1.07292
2164	0.00245501	0.189578	52.8348	72.1119	-6.72951	-0.0235517	118.194	110.192	1.07261
2165	0.00245595	0.189652	52.8824	72.0848	-6.73708	-0.0235595	118.207	110.235	1.07232
2166	0.00245688	0.189725	52.9299	72.0578	-6.74363	-0.0235672	118.22	110.278	1.07203
2167	0.00245782	0.189799	52.9774	72.0307	-6.74924	-0.023575	118.235	110.32	1.07175
2168	0.00245875	0.189872	53.0248	72.0038	-6.75396	-0.0235828	118.251	110.363	1.07148
2169	0.00245968	0.189945	53.0721	71.9768	-6.75786	-0.0235905	118.268	110.405	1.07121
2170	0.00246062	0.190018	53.1194	71.9499	-6.75798	-0.0235985	118.288	110.448	1.07099
2171	0.00246155	0.190091	53.1667	71.923	-6.75612	-0.0236064	118.31	110.49	1.07078
2172	0.00246248	0.190163	53.2139	71.8961	-6.75385	-0.0236144	118.333	110.532	1.07057
2173	0.00246341	0.190236	53.261	71.8693	-6.75144	-0.0236223	118.355	110.574	1.07037
2174	0.00246435	0.190308	53.3081	71.8425	-6.74907	-0.0236302	118.378	110.616	1.07017
2175	0.00246528	0.190381	53.3551	71.8157	-6.74687	-0.0236382	118.4	110.658	1.06996
2176	0.00246621	0.190453	53.402	71.789	-6.745	-0.0236462	118.422	110.7	1.06976
2177	0.00246715	0.190525	53.4489	71.7622	-6.7436	-0.0236542	118.444	110.742	1.06955
2178	0.00246808	0.190597	53.4958	71.7356	-6.74279	-0.0236623	118.465	110.784	1.06933
2179	0.00246901	0.190668	53.5426	71.7089	-6.74266	-0.0236704	118.485	110.826	1.06911
2180	0.00246994	0.19074	53.5893	71.6822	-6.74329	-0.0236785	118.505	110.867	1.06889
2181	0.00247088	0.190811	53.636	71.6556	-6.74472	-0.0236867	118.523	110.909	1.06865
2182	0.00247181	0.190883	53.6827	71.629	-6.74698	-0.0236949	118.541	110.95	1.06842
2183	0.00247274	0.190954	53.7293	71.6024	-6.75008	-0.0237031	118.558	110.992	1.06817
2184	0.00247367	0.191025	53.7758	71.5759	-6.75409	-0.0237113	118.574	111.033	1.06792
2185	0.0024746	0.191096	53.8223	71.5494	-6.75897	-0.0237195	118.589	111.074	1.06766
2186	0.00247554	0.191167	53.8688	71.5229	-6.76465	-0.0237276	118.603	111.115	1.06739
2187	0.00247647	0.191237	53.9152	71.4964	-6.77106	-0.0237358	118.617	111.156	1.06711
2188	0.0024774	0.191308	53.9615	71.4699	-6.77809	-0.0237439	118.63	111.198	1.06684
2189	0.00247833	0.191379	54.0078	71.4435	-6.78564	-0.023752	118.642	111.239	1.06655
2190	0.00247926	0.191449	54.0541	71.4171	-6.79359	-0.02376	118.654	111.279	1.06627
2191	0.0024802	0.191519	54.1003	71.3907	-6.8019	-0.023768	118.665	111.32	1.06598
2192	0.00248113	0.191589	54.1465	71.3643	-6.81048	-0.023776	118.677	111.361	1.06569
2193	0.00248206	0.191659	54.1927	71.3379	-6.81931	-0.0237839	118.688	111.402	1.0654
2194	0.00248299	0.191729	54.2388	71.3116	-6.82847	-0.0237917	118.698	111.442	1.06511
2195	0.00248392	0.191799	54.2849	71.2853	-6.83856	-0.0237995	118.708	111.483	1.06481
2196	0.00248485	0.191869	54.3309	71.259	-6.8522	-0.0238071	118.714	111.523	1.06447
2197	0.00248579	0.191938	54.3769	71.2327	-6.86341	-0.0238147	118.722	111.564	1.06416
2198	0.00248672	0.192008	54.4228	71.2064	-6.87268	-0.0238223	118.733	111.604	1.06387
2199	0.00248765	0.192077	54.4687	71.1802	-6.88031	-0.0238298	118.745	111.645	1.0636
2200	0.00248858	0.192147	54.5146	71.154	-6.8866	-0.0238373	118.758	111.685	1.06333
2201	0.00248951	0.192216	54.5604	71.1278	-6.89174	-0.0238448	118.773	111.725	1.06308
2202	0.00249044	0.192285	54.6062	71.1016	-6.89583	-0.0238523	118.788	111.765	1.06284
2203	0.00249137	0.192354	54.652	71.0754	-6.89896	-0.0238598	118.805	111.805	1.0626
2204	0.0024923	0.192423	54.6977	71.0492	-6.90123	-0.0238673	118.822	111.845	1.06238
2205	0.00249323	0.192492	54.7434	71.0231	-6.90274	-0.0238748	118.84	111.885	1.06216
2206	0.00249417	0.19256	54.7891	70.9969	-6.90134	-0.0238825	118.861	111.925	1.06196
2207	0.0024951	0.192629	54.8347	70.9708	-6.89715	-0.0238901	118.884	111.965	1.0618
2208	0.00249603	0.192697	54.8803	70.9447	-6.89244	-0.0238978	118.909	112.005	1.06164
2209	0.00249696	0.192766	54.9259	70.9186	-6.88762	-0.0239054	118.933	112.045	1.06148
2210	0.00249789	0.192834	54.9714	70.8925	-6.88284	-0.023913	118.957	112.085	1.06132
2211	0.00249882	0.192902	55.0169	70.8665	-6.87827	-0.0239206	118.981	112.124	1.06116
2212	0.00249975	0.19297	55.0624	70.8404	-6.87402	-0.0239282	119.005	112.164	1.06099
2213	0.00250068	0.193039	55.1079	70.8144	-6.87025	-0.0239359	119.028	112.203	1.06082
2214	0.00250161	0.193106	55.1533	70.7884	-6.86706	-0.0239437	119.051	112.243	1.06065
2215	0.00250254	0.193174	55.1987	70.7623	-6.86455	-0.0239514	119.073	112.282	1.06047
2216	0.00250347	0.193242	55.2441	70.7363	-6.86278	-0.0239593	119.094	112.322	1.06029
2217	0.0025044	0.19331	55.2895	70.7103	-6.86182	-0.0239671	119.114	112.361	1.0601
2218	0.00250533	0.193378	55.3348	70.6843	-6.86169	-0.023975	119.133	112.4	1.0599
2219	0.00250626	0.193445	55.3801	70.6583	-6.8624	-0.0239828	119.152	112.44	1.0597
2220	0.00250719	0.193513	55.4254	70.6324	-6.864	-0.0239907	119.17	112.479	1.05949
2221	0.00250812	0.19358	55.4707	70.6064	-6.86648	-0.0239986	119.187	112.518	1.05927
2222	0.00250905	0.193647	55.516	70.5804	-6.86977	-0.0240065	119.203	112.557	1.05904
2223	0.00250998	0.193715	55.5612	70.5545	-6.87379	-0.0240143	119.218	112.596	1.05881
2224	0.00251091	0.193782	55.6064	70.5285	-6.87844	-0.0240221	119.232	112.635	1.05857
2225	0.00251184	0.193849	55.6517	70.5025	-6.88359	-0.0240298	119.247	112.674	1.05833
2226	0.00251277	0.193916	55.6969	70.4766	-6.88913	-0.0240376	119.26	112.713	1.05808
2227	0.0025137	0.193983	55.742	70.4506	-6.89499	-0.0240452	119.274	112.752	1.05784
2228	0.00251463	0.19405	55.7872	70.4247	-6.90107	-0.0240529	119.287	112.791	1.05759
2229	0.00251556	0.194117	55.8324	70.3988	-6.90733	-0.0240605	119.3	112.83	1.05734
2230	0.00251649	0.194184	55.8775	70.3728	-6.91374	-0.024068	119.313	112.869	1.05709
2231	0.00251742	0.194251	55.9227	70.3469	-6.92048	-0.0240755	119.325	112.908	1.05684
2232	0.00251834	0.194317	55.9678	70.321	-6.92855	-0.0240828	119.336	112.947	1.05657
2233	0.00251927	0.194384	56.013	70.295	-6.93907	-0.02409	119.345	112.985	1.05629
2234	0.0025202	0.194451	56.0581	70.2691	-6.9471	-0.0240972	119.356	113.024	1.05602
2235	0.00252113	0.194517	56.1032	70.2432	-6.95317	-0.0241044	119.369	113.063	1.05578
2236	0.00252206	0.194584	56.1483	70.2172	-6.95763	-0.0241115	119.384	113.101	1.05555
2237	0.00252299	0.19465	56.1934	70.1913	-6.96075	-0.0241186	119.4	113.14	1.05533
2238	0.00252392	0.194716	56.2385	70.1654	-6.96272	-0.0241257	119.417	113.179	1.05512
2239	0.00252485	0.194783	56.2836	70.1394	-6.96365	-0.0241328	119.435	113.217	1.05492
2240	0.00252578	0.194849	56.3287	70.1135	-6.96366	-0.0241399	119.454	113.256	1.05473
2241	0.00252671	0.194915	56.3737	70.0876	-6.96285	-0.024147	119.474	113.294	1.05455
2242	0.00252764	0.194982	56.4188	70.0616	-6.9613	-0.0241541	119.495	113.333	1.05437
2243	0.00252856	0.195048	56.4639	70.0357	-6.95584	-0.0241613	119.52	113.371	1.05423
2244	0.00252949	0.195114	56.509	70.0097	-6.9485	-0.0241685	119.546	113.41	1.05411
2245	0.00253042	0.19518	56.5541	69.9838	-6.94085	-0.0241757	119.573	113.448	1.05399
2246	0.00253135	0.195246	56.5991	69.9578	-6.93316	-0.0241829	119.6	113.486	1.05387
2247	0.00253228	0.195312	56.6442	69.9318	-6.92561	-0.0241901	119.626	113.525	1.05375
2248	0.00253321	0.195378	56.6893	69.9059	-6.91833	-0.0241973	119.653	113.563	1.05362
2249	0.00253414	0.195444	56.7344	69.8799	-6.91147	-0.0242046	119.679	113.601	1.0535
2250	0.00253506	0.195509	56.7795	69.8539	-6.90517	-0.0242119	119.704	113.64	1.05337
2251	0.00253599	0.195575	56.8246	69.8279	-6.89952	-0.0242192	119.729	113.678	1.05323
2252	0.00253692	0.195641	56.8697	69.8019	-6.89463	-0.0242266	119.753	113.716	1.05309
2253	0.00253785	0.195707	56.9148	69.7759	-6.89055	-0.0242341	119.776	113.754	1.05294
2254	0.00253878	0.195773	56.9599	69.7499	-6.88733	-0.0242415	119.798	113.792	1.05278
2255	0.0025397	0.195838	57.005	69.7239	-6.88499	-0.024249	119.82	113.831	1.05261
2256	0.00254063	0.195904	57.0502	69.6979	-6.88356	-0.0242565	119.84	113.869	1.05244
2257	0.00254156	0.19597	57.0953	69.6718	-6.88311	-0.024264	119.86	113.907	1.05226
2258	0.00254249	0.196035	57.1405	69.6458	-6.88359	-0.0242715	119.878	113.945	1.05207
2259	0.00254342	0.196101	57.1857	69.6197	-6.88492	-0.024279	119.896	113.983	1.05188
2260	0.00254434	0.196166	57.2308	69.5936	-6.88701	-0.0242864	119.913	114.021	1.05167
2261	0.00254527	0.196232	57.276	69.5676	-6.88974	-0.0242939	119.93	114.059	1.05147
2262	0.0025462	0.196297	57.3213	69.5415	-6.89299	-0.0243013	119.945	114.097	1.05125
2263	0.00254713	0.196363	57.3665	69.5154	-6.89666	-0.0243086	119.961	114.136	1.05104
2264	0.00254806	0.196428	57.4117	69.4892	-6.90068	-0.024316	119.976	114.174	1.05082
2265	0.00254898	0.196494	57.457	69.4631	-6.90501	-0.0243233	119.991	114.212	1.0506
2266	0.00254991	0.196559	57.5022	69.4369	-6.90964	-0.0243305	120.005	114.25	1.05038
2267	0.00255084	0.196624	57.5475	69.4108	-6.91476	-0.0243377	120.019	114.288	1.05015
2268	0.00255177	0.19669	57.5928	69.3846	-6.92151	-0.0243448	120.032	114.326	1.04991
2269	0.0025527	0.196755	57.6382	69.3584	-6.93073	-0.0243517	120.042	114.364	1.04965
2270	0.00255362	0.196821	57.6835	69.3322	-6.9376	-0.0243586	120.054	114.402	1.04941
2271	0.00255455	0.196886	57.7289	69.306	-6.94257	-0.0243654	120.068	114.44	1.04918
2272	0.00255548	0.196951	57.7742	69.2798	-6.94592	-0.0243723	120.084	114.478	1.04897
2273	0.00255641	0.197016	57.8196	69.2535	-6.94797	-0.0243791	120.101	114.515	1.04877
2274	0.00255733	0.197082	57.865	69.2273	-6.9489	-0.0243859	120.119	114.553	1.04858
2275	0.00255826	0.197147	57.9105	69.201	-6.94882	-0.0243927	120.138	114.591	1.04841
2276	0.00255919	0.197212	57.9559	69.1747	-6.94785	-0.0243995	120.158	114.629	1.04823
2277	0.00256012	0.197277	58.0014	69.1484	-6.94608	-0.0244063	120.179	114.667	1.04807
2278	0.00256104	0.197343	58.0469	69.1221	-6.94361	-0.0244132	120.201	114.705	1.04791
2279	0.00256197	0.197408	58.0924	69.0957	-6.93903	-0.0244201	120.225	114.743	1.04777
2280	0.0025629	0.197473	58.138	69.0694	-6.93101	-0.0244271	120.252	114.781	1.04766
2281	0.00256383	0.197538	58.1835	69.043	-6.92244	-0.0244341	120.28	114.819	1.04756
2282	0.00256475	0.197603	58.2291	69.0166	-6.91379	-0.0244411	120.307	114.857	1.04746
2283	0.00256568	0.197669	58.2747	68.9902	-6.90529	-0.024448	120.335	114.895	1.04735
2284	0.00256661	0.197734	58.3203	68.9638	-6.89709	-0.024455	120.363	114.932	1.04725
2285	0.00256753	0.197799	58.366	68.9373	-6.88932	-0.0244621	120.389	114.97	1.04714
2286	0.00256846	0.197864	58.4116	68.9109	-6.88213	-0.0244691	120.416	115.008	1.04702
2287	0.00256939	0.197929	58.4573	68.8844	-6.87562	-0.0244763	120.442	115.046	1.0469
2288	0.00257032	0.197994	58.503	68.8579	-6.8699	-0.0244834	120.467	115.084	1.04677
2289	0.00257124	0.198059	58.5488	68.8314	-6.86505	-0.0244906	120.491	115.122	1.04664
2290	0.00257217	0.198124	58.5946	68.8048	-6.86111	-0.0244979	120.514	115.159	1.04649
2291	0.0025731	0.198189	58.6403	68.7783	-6.85812	-0.0245051	120.536	115.197	1.04634
2292	0.00257402	0.198254	58.6862	68.7517	-6.85609	-0.0245124	120.557	115.235	1.04619
2293	0.00257495	0.19832	58.732	68.7251	-6.85512	-0.0245197	120.577	115.273	1.04602
2294	0.00257588	0.198385	58.7779	68.6985	-6.85516	-0.024527	120.597	115.311	1.04584
2295	0.0025768	0.19845	58.8238	68.6719	-6.85616	-0.0245343	120.615	115.349	1.04566
2296	0.00257773	0.198515	58.8697	68.6452	-6.85801	-0.0245415	120.632	115.386	1.04546
2297	0.00257866	0.19858	58.9157	68.6186	-6.86062	-0.0245487	120.649	115.424	1.04527
2298	0.00257958	0.198645	58.9617	68.5919	-6.86386	-0.0245559	120.665	115.462	1.04506
2299	0.00258051	0.19871	59.0077	68.5652	-6.86765	-0.0245631	120.681	115.5	1.04486
2300	0.00258144	0.198775	59.0537	68.5384	-6.87192	-0.0245702	120.696	115.538	1.04464
2301	0.00258236	0.19884	59.0998	68.5117	-6.8767	-0.0245773	120.71	115.575	1.04443
2302	0.00258329	0.198905	59.1459	68.4849	-6.8822	-0.0245843	120.724	115.613	1.04421
2303	0.00258422	0.19897	59.192	68.4581	-6.88967	-0.0245912	120.736	115.651	1.04397
2304	0.00258514	0.199035	59.2382	68.4313	-6.89972	-0.0245979	120.745	115.689	1.04371
2305	0.00258607	0.1991	59.2843	68.4045	-6.90762	-0.0246046	120.757	115.727	1.04346
2306	0.002587	0.199165	59.3305	68.3776	-6.91365	-0.0246112	120.77	115.764	1.04324
2307	0.00258792	0.19923	59.3768	68.3507	-6.91803	-0.0246179	120.785	115.802	1.04303
2308	0.00258885	0.199295	59.423	68.3238	-6.92113	-0.0246245	120.801	115.84	1.04283
2309	0.00258977	0.19936	59.4693	68.2969	-6.92308	-0.0246311	120.819	115.878	1.04264
2310	0.0025907	0.199425	59.5157	68.27	-6.92399	-0.0246376	120.837	115.915	1.04246
2311	0.00259163	0.19949	59.562	68.243	-6.92399	-0.0246442	120.856	115.953	1.04229
2312	0.00259255	0.199555	59.6084	68.2161	-6.92314	-0.0246508	120.877	115.991	1.04212
2313	0.00259348	0.19962	59.6548	68.1891	-6.92154	-0.0246574	120.898	116.029	1.04196
2314	0.00259441	0.199685	59.7012	68.162	-6.91925	-0.0246641	120.919	116.067	1.04181
2315	0.00259533	0.19975	59.7477	68.135	-6.91355	-0.0246708	120.944	116.104	1.04169
2316	0.00259626	0.199815	59.7942	68.1079	-6.9057	-0.0246777	120.972	116.142	1.04158
2317	0.00259718	0.19988	59.8407	68.0809	-6.89753	-0.0246845	120.999	116.18	1.04148
2318	0.00259811	0.199945	59.8872	68.0538	-6.88938	-0.0246913	121.027	116.218	1.04138
2319	0.00259904	0.20001	59.9338	68.0267	-6.88142	-0.0246981	121.054	116.255	1.04128
2320	0.00259996	0.200075	59.9803	67.9995	-6.87382	-0.0247049	121.081	116.293	1.04117
2321	0.00260089	0.20014	60.027	67.9724	-6.86671	-0.0247117	121.108	116.331	1.04106
2322	0.00260181	0.200205	60.0736	67.9452	-6.86023	-0.0247186	121.134	116.369	1.04095
2323	0.00260274	0.200269	60.1203	67.918	-6.85451	-0.0247256	121.159	116.406	1.04083
2324	0.00260367	0.200334	60.167	67.8908	-6.84964	-0.0247325	121.183	116.444	1.0407
2325	0.00260459	0.200399	60.2137	67.8636	-6.84569	-0.0247396	121.207	116.482	1.04056
2326	0.00260552	0.200464	60.2604	67.8363	-6.84271	-0.0247466	121.229	116.519	1.04042
2327	0.00260644	0.200529	60.3072	67.8091	-6.84072	-0.0247537	121.251	116.557	1.04027
2328	0.00260737	0.200594	60.354	67.7818	-6.83978	-0.0247608	121.271	116.595	1.04011
2329	0.00260829	0.200659	60.4008	67.7544	-6.83992	-0.0247678	121.291	116.633	1.03994
2330	0.00260922	0.200724	60.4477	67.7271	-6.8411	-0.0247749	121.309	116.67	1.03976
2331	0.00261014	0.200789	60.4945	67.6998	-6.84324	-0.0247819	121.326	116.708	1.03957
2332	0.00261107	0.200853	60.5414	67.6724	-6.84627	-0.024789	121.343	116.746	1.03938
2333	0.00261199	0.200918	60.5884	67.645	-6.85009	-0.024796	121.359	116.783	1.03918
2334	0.00261292	0.200983	60.6353	67.6176	-6.85461	-0.0248029	121.374	116.821	1.03897
2335	0.00261385	0.201048	60.6823	67.5902	-6.85982	-0.0248098	121.388	116.859	1.03876
2336	0.00261477	0.201113	60.7293	67.5627	-6.86583	-0.0248167	121.401	116.896	1.03854
2337	0.0026157	0.201178	60.7763	67.5353	-6.87338	-0.0248235	121.413	116.934	1.03831
2338	0.00261662	0.201242	60.8234	67.5078	-6.8854	-0.0248301	121.421	116.972	1.03804
2339	0.00261755	0.201307	60.8705	67.4803	-6.89534	-0.0248366	121.431	117.009	1.03778
2340	0.00261847	0.201372	60.9176	67.4528	-6.90345	-0.024843	121.442	117.047	1.03755
2341	0.0026194	0.201437	60.9647	67.4252	-6.90993	-0.0248494	121.455	117.085	1.03733
2342	0.00262032	0.201501	61.0119	67.3977	-6.91503	-0.0248558	121.47	117.122	1.03712
2343	0.00262125	0.201566	61.059	67.3701	-6.91898	-0.0248622	121.485	117.16	1.03692
2344	0.00262217	0.201631	61.1062	67.3425	-6.92187	-0.0248685	121.502	117.198	1.03673
2345	0.0026231	0.201696	61.1535	67.3149	-6.92378	-0.0248749	121.52	117.235	1.03655
2346	0.00262402	0.20176	61.2007	67.2873	-6.92479	-0.0248812	121.538	117.273	1.03637
2347	0.00262495	0.201825	61.248	67.2596	-6.92498	-0.0248876	121.558	117.31	1.03621
2348	0.00262587	0.20189	61.2952	67.232	-6.9244	-0.024894	121.578	117.348	1.03605
2349	0.0026268	0.201954	61.3425	67.2043	-6.92313	-0.0249004	121.599	117.386	1.03589
2350	0.00262772	0.202019	61.3899	67.1766	-6.91843	-0.0249069	121.623	117.423	1.03577
2351	0.00262865	0.202084	61.4372	67.1489	-6.91162	-0.0249135	121.65	117.461	1.03566
2352	0.00262957	0.202148	61.4846	67.1212	-6.90449	-0.0249201	121.676	117.498	1.03556
2353	0.0026305	0.202213	61.5319	67.0934	-6.89741	-0.0249267	121.703	117.536	1.03545
2354	0.00263142	0.202277	61.5793	67.0657	-6.89056	-0.0249333	121.73	117.573	1.03535
2355	0.00263235	0.202342	61.6267	67.0379	-6.88407	-0.0249399	121.756	117.611	1.03524
2356	0.00263327	0.202406	61.6742	67.0101	-6.87811	-0.0249465	121.781	117.648	1.03513
2357	0.0026342	0.202471	61.7216	66.9823	-6.87281	-0.0249532	121.806	117.686	1.03501
2358	0.00263512	0.202535	61.7691	66.9545	-6.8683	-0.0249599	121.83	117.723	1.03489
2359	0.00263605	0.2026	61.8165	66.9267	-6.86467	-0.0249666	121.854	117.761	1.03475
2360	0.00263697	0.202664	61.864	66.8989	-6.86199	-0.0249734	121.876	117.798	1.03462
2361	0.0026379	0.202729	61.9115	66.871	-6.86032	-0.0249802	121.897	117.836	1.03447
2362	0.00263882	0.202793	61.959	66.8432	-6.85967	-0.024987	121.918	117.873	1.03431
2363	0.00263975	0.202857	62.0066	66.8153	-6.86013	-0.0249939	121.937	117.911	1.03415
2364	0.00264067	0.202922	62.0541	66.7874	-6.86172	-0.0250007	121.955	117.948	1.03397
2365	0.00264159	0.202986	62.1017	66.7595	-6.86438	-0.0250075	121.972	117.985	1.03379
2366	0.00264252	0.20305	62.1493	66.7316	-6.86806	-0.0250143	121.988	118.023	1.0336
2367	0.00264344	0.203115	62.1969	66.7037	-6.87267	-0.025021	122.003	118.06	1.0334
2368	0.00264437	0.203179	62.2445	66.6757	-6.87816	-0.0250277	122.017	118.097	1.03319
2369	0.00264529	0.203243	62.2921	66.6478	-6.88449	-0.0250344	122.03	118.135	1.03298
2370	0.00264622	0.203307	62.3397	66.6198	-6.89181	-0.025041	122.043	118.172	1.03275
2371	0.00264714	0.203371	62.3874	66.5918	-6.90094	-0.0250476	122.053	118.209	1.03252
2372	0.00264806	0.203436	62.435	66.5638	-6.9146	-0.0250539	122.059	118.247	1.03224
2373	0.00264899	0.2035	62.4827	66.5358	-6.92628	-0.0250601	122.067	118.284	1.03199
2374	0.00264991	0.203564	62.5304	66.5078	-6.93623	-0.0250663	122.077	118.321	1.03174
2375	0.00265084	0.203628	62.5781	66.4798	-6.94461	-0.0250725	122.088	118.358	1.03151
2376	0.00265176	0.203692	62.6258	66.4518	-6.95162	-0.0250786	122.101	118.396	1.0313
2377	0.00265269	0.203756	62.6735	66.4237	-6.95751	-0.0250847	122.115	118.433	1.03109
2378	0.00265361	0.20382	62.7212	66.3957	-6.96235	-0.0250907	122.129	118.47	1.03089
2379	0.00265453	0.203884	62.7689	66.3676	-6.96621	-0.0250968	122.145	118.507	1.0307
2380	0.00265546	0.203948	62.8167	66.3396	-6.96916	-0.0251028	122.162	118.544	1.03052
2381	0.00265638	0.204011	62.8644	66.3115	-6.97126	-0.0251089	122.18	118.581	1.03034
2382	0.00265731	0.204075	62.9122	66.2834	-6.97257	-0.0251149	122.198	118.618	1.03018
2383	0.00265823	0.204139	62.9599	66.2553	-6.97314	-0.025121	122.217	118.656	1.03001
2384	0.00265915	0.204203	63.0077	66.2272	-6.97306	-0.0251272	122.237	118.693	1.02986
2385	0.00266008	0.204267	63.0554	66.1991	-6.96883	-0.0251335	122.261	118.73	1.02974
2386	0.002661	0.20433	63.1032	66.171	-6.96327	-0.0251398	122.286	118.767	1.02963
2387	0.00266192	0.204394	63.151	66.1429	-6.9576	-0.025146	122.311	118.804	1.02952
2388	0.00266285	0.204457	63.1987	66.1147	-6.95208	-0.0251523	122.336	118.841	1.02941
2389	0.00266377	0.204521	63.2465	66.0866	-6.94687	-0.0251585	122.361	118.878	1.0293
2390	0.0026647	0.204584	63.2943	66.0585	-6.94211	-0.0251648	122.385	118.914	1.02919
2391	0.00266562	0.204648	63.3421	66.0303	-6.93795	-0.0251711	122.409	118.951	1.02907
2392	0.00266654	0.204711	63.3898	66.0022	-6.93452	-0.0251775	122.432	118.988	1.02895
2393	0.00266747	0.204775	63.4376	65.974	-6.93194	-0.0251838	122.455	119.025	1.02881
2394	0.00266839	0.204838	63.4854	65.9459	-6.93028	-0.0251902	122.476	119.062	1.02867
2395	0.00266931	0.204901	63.5332	65.9177	-6.92962	-0.0251967	122.496	119.099	1.02853
2396	0.00267024	0.204965	63.581	65.8895	-6.92999	-0.0252031	122.515	119.135	1.02837
2397	0.00267116	0.205028	63.6287	65.8614	-6.93141	-0.0252096	122.533	119.172	1.02821
2398	0.00267208	0.205091	63.6765	65.8332	-6.93398	-0.025216	122.55	119.209	1.02803
2399	0.00267301	0.205154	63.7243	65.805	-6.93768	-0.0252225	122.566	119.246	1.02785
2400	0.00267393	0.205217	63.772	65.7768	-6.94246	-0.0252289	122.581	119.282	1.02766
2401	0.00267485	0.20528	63.8198	65.7486	-6.94827	-0.0252353	122.595	119.319	1.02746
2402	0.00267577	0.205343	63.8676	65.7205	-6.95505	-0.0252416	122.608	119.355	1.02725
2403	0.0026767	0.205406	63.9153	65.6923	-6.96278	-0.0252479	122.62	119.392	1.02703
2404	0.00267762	0.205469	63.9631	65.6641	-6.97158	-0.0252542	122.63	119.429	1.02681
2405	0.00267854	0.205532	64.0108	65.6359	-6.9822	-0.0252603	122.639	119.465	1.02657
2406	0.00267947	0.205595	64.0586	65.6077	-6.99782	-0.0252662	122.643	119.502	1.02629
2407	0.00268039	0.205657	64.1063	65.5795	-7.01153	-0.0252721	122.649	119.538	1.02602
2408	0.00268131	0.20572	64.1541	65.5513	-7.02355	-0.0252779	122.657	119.575	1.02577
2409	0.00268224	0.205783	64.2018	65.5231	-7.03407	-0.0252836	122.666	119.611	1.02554
2410	0.00268316	0.205845	64.2495	65.4949	-7.04321	-0.0252894	122.676	119.647	1.02531
2411	0.00268408	0.205908	64.2972	65.4667	-7.05128	-0.025295	122.687	119.684	1.0251
2412	0.002685	0.20597	64.3449	65.4385	-7.05834	-0.0253007	122.7	119.72	1.02489
2413	0.00268593	0.206033	64.3926	65.4103	-7.06443	-0.0253063	122.713	119.756	1.02469
2414	0.00268685	0.206095	64.4403	65.3821	-7.06961	-0.0253119	122.727	119.793	1.0245
2415	0.00268777	0.206158	64.488	65.3539	-7.07396	-0.0253176	122.743	119.829	1.02432
2416	0.0026887	0.20622	64.5357	65.3257	-7.07752	-0.0253232	122.759	119.865	1.02414
2417	0.00268962	0.206282	64.5833	65.2975	-7.08036	-0.0253289	122.775	119.901	1.02397
2418	0.00269054	0.206344	64.631	65.2693	-7.08254	-0.0253346	122.792	119.937	1.02381
2419	0.00269146	0.206406	64.6786	65.2411	-7.08164	-0.0253404	122.813	119.973	1.02367
2420	0.00269239	0.206468	64.7262	65.2129	-7.07843	-0.0253463	122.835	120.009	1.02355
2421	0.00269331	0.20653	64.7738	65.1847	-7.075	-0.0253521	122.858	120.045	1.02343
2422	0.00269423	0.206592	64.8214	65.1566	-7.07171	-0.0253579	122.881	120.081	1.02331
2423	0.00269515	0.206654	64.869	65.1284	-7.06872	-0.0253638	122.903	120.117	1.02319
2424	0.00269607	0.206716	64.9166	65.1002	-7.06617	-0.0253696	122.925	120.153	1.02307
2425	0.002697	0.206778	64.9641	65.0721	-7.06421	-0.0253755	122.947	120.189	1.02294
2426	0.00269792	0.206839	65.0116	65.0439	-7.06299	-0.0253813	122.967	120.225	1.02281
2427	0.00269884	0.206901	65.0592	65.0157	-7.0626	-0.0253873	122.987	120.261	1.02267
2428	0.00269976	0.206962	65.1067	64.9876	-7.06315	-0.0253932	123.006	120.297	1.02252
2429	0.00270069	0.207024	65.1541	64.9594	-7.0647	-0.0253991	123.023	120.332	1.02236
2430	0.00270161	0.207085	65.2016	64.9313	-7.06728	-0.0254051	123.04	120.368	1.0222
2431	0.00270253	0.207147	65.249	64.9032	-7.07092	-0.0254111	123.056	120.404	1.02203
2432	0.00270345	0.207208	65.2965	64.875	-7.07573	-0.0254171	123.07	120.439	1.02185
2433	0.00270437	0.207269	65.3439	64.8469	-7.08169	-0.025423	123.084	120.475	1.02165
2434	0.00270529	0.20733	65.3912	64.8188	-7.08877	-0.0254289	123.096	120.51	1.02145
2435	0.00270622	0.207391	65.4386	64.7907	-7.09693	-0.0254348	123.107	120.546	1.02125
2436	0.00270714	0.207452	65.4859	64.7626	-7.10612	-0.0254406	123.117	120.581	1.02103
2437	0.00270806	0.207513	65.5333	64.7345	-7.11636	-0.0254464	123.126	120.617	1.0208
2438	0.00270898	0.207574	65.5806	64.7064	-7.12789	-0.0254521	123.134	120.652	1.02057
2439	0.0027099	0.207635	65.6279	64.6784	-7.14211	-0.0254577	123.139	120.687	1.02031
2440	0.00271082	0.207696	65.6751	64.6503	-7.15988	-0.0254631	123.14	120.723	1.02002
2441	0.00271175	0.207756	65.7224	64.6222	-7.17587	-0.0254684	123.143	120.758	1.01975
2442	0.00271267	0.207817	65.7696	64.5942	-7.19031	-0.0254736	123.148	120.793	1.01949
2443	0.00271359	0.207877	65.8168	64.5661	-7.20334	-0.0254788	123.154	120.828	1.01925
2444	0.00271451	0.207938	65.8639	64.5381	-7.21507	-0.025484	123.162	120.864	1.01901
2445	0.00271543	0.207998	65.9111	64.5101	-7.22581	-0.0254892	123.17	120.899	1.01879
2446	0.00271635	0.208059	65.9582	64.4821	-7.23561	-0.0254943	123.179	120.934	1.01857
2447	0.00271727	0.208119	66.0053	64.4541	-7.24449	-0.0254994	123.189	120.969	1.01836
2448	0.0027182	0.208179	66.0524	64.4261	-7.25248	-0.0255044	123.2	121.004	1.01815
2449	0.00271912	0.208239	66.0994	64.3981	-7.25965	-0.0255095	123.212	121.039	1.01796
2450	0.00272004	0.208299	66.1465	64.3701	-7.26607	-0.0255146	123.225	121.074	1.01777
2451	0.00272096	0.208359	66.1935	64.3422	-7.27179	-0.0255197	123.238	121.108	1.01759
2452	0.00272188	0.208419	66.2404	64.3142	-7.27689	-0.0255249	123.252	121.143	1.01741
2453	0.0027228	0.208479	66.2873	64.2863	-7.2807	-0.0255301	123.267	121.178	1.01724
2454	0.00272372	0.208538	66.3342	64.2584	-7.28101	-0.0255354	123.286	121.213	1.01711
2455	0.00272464	0.208598	66.3811	64.2305	-7.2807	-0.0255407	123.305	121.247	1.01697
2456	0.00272556	0.208658	66.428	64.2026	-7.28051	-0.025546	123.324	121.282	1.01684
2457	0.00272649	0.208717	66.4748	64.1747	-7.28063	-0.0255512	123.343	121.317	1.01671
2458	0.00272741	0.208777	66.5216	64.1468	-7.28119	-0.0255564	123.362	121.351	1.01657
2459	0.00272833	0.208836	66.5683	64.119	-7.2823	-0.0255617	123.379	121.386	1.01643
2460	0.00272925	0.208895	66.615	64.0911	-7.28411	-0.0255669	123.396	121.42	1.01628
2461	0.00273017	0.208954	66.6617	64.0633	-7.28671	-0.0255722	123.413	121.454	1.01612
2462	0.00273109	0.209013	66.7084	64.0355	-7.29019	-0.0255775	123.428	121.489	1.01596
2463	0.00273201	0.209072	66.755	64.0077	-7.29462	-0.0255829	123.442	121.523	1.0158
2464	0.00273293	0.209131	66.8016	63.98	-7.30004	-0.0255882	123.456	121.557	1.01562
2465	0.00273385	0.20919	66.8481	63.9522	-7.30652	-0.0255935	123.468	121.591	1.01543
2466	0.00273477	0.209249	66.8946	63.9244	-7.31415	-0.0255988	123.479	121.626	1.01524
2467	0.00273569	0.209308	66.9411	63.8967	-7.32292	-0.0256041	123.489	121.66	1.01504
2468	0.00273661	0.209366	66.9875	63.869	-7.33279	-0.0256094	123.498	121.694	1.01483
2469	0.00273753	0.209425	67.034	63.8413	-7.34374	-0.0256146	123.506	121.728	1.01461
2470	0.00273845	0.209483	67.0803	63.8136	-7.35573	-0.0256198	123.513	121.762	1.01438
2471	0.00273937	0.209541	67.1267	63.786	-7.3688	-0.025625	123.518	121.796	1.01414
2472	0.00274029	0.2096	67.173	63.7583	-7.38317	-0.02563	123.523	121.829	1.0139
2473	0.00274121	0.209658	67.2193	63.7307	-7.40023	-0.025635	123.524	121.863	1.01363
2474	0.00274213	0.209716	67.2655	63.7031	-7.42097	-0.0256397	123.522	121.897	1.01333
2475	0.00274305	0.209774	67.3117	63.6755	-7.43999	-0.0256444	123.522	121.931	1.01305
2476	0.00274397	0.209832	67.3578	63.6479	-7.45753	-0.025649	123.523	121.964	1.01278
2477	0.00274489	0.20989	67.404	63.6203	-7.47372	-0.0256535	123.525	121.998	1.01252
2478	0.00274581	0.209947	67.4501	63.5928	-7.48868	-0.025658	123.529	122.032	1.01227
2479	0.00274673	0.210005	67.4961	63.5653	-7.50259	-0.0256625	123.533	122.065	1.01203
2480	0.00274765	0.210063	67.5421	63.5378	-7.51561	-0.0256669	123.539	122.099	1.01179
2481	0.00274857	0.21012	67.5881	63.5103	-7.52775	-0.0256713	123.545	122.132	1.01157
2482	0.00274949	0.210178	67.634	63.4828	-7.53904	-0.0256758	123.552	122.165	1.01135
2483	0.0027504	0.210235	67.6799	63.4553	-7.5495	-0.0256802	123.56	122.199	1.01114
2484	0.00275132	0.210292	67.7258	63.4279	-7.55919	-0.0256846	123.569	122.232	1.01094
2485	0.00275224	0.210349	67.7716	63.4005	-7.56815	-0.025689	123.578	122.265	1.01074
2486	0.00275316	0.210406	67.8173	63.3731	-7.57646	-0.0256935	123.588	122.298	1.01055
2487	0.00275408	0.210463	67.8631	63.3457	-7.58423	-0.025698	123.599	122.331	1.01036
2488	0.002755	0.21052	67.9088	63.3184	-7.58885	-0.0257025	123.613	122.365	1.0102
2489	0.00275592	0.210577	67.9544	63.2911	-7.59175	-0.0257071	123.628	122.398	1.01005
2490	0.00275684	0.210634	68	63.2638	-7.59458	-0.0257117	123.643	122.43	1.00991
2491	0.00275776	0.21069	68.0456	63.2365	-7.5976	-0.0257162	123.659	122.463	1.00976
2492	0.00275868	0.210747	68.0911	63.2092	-7.60093	-0.0257207	123.674	122.496	1.00961
2493	0.00275959	0.210803	68.1366	63.182	-7.60469	-0.0257252	123.688	122.529	1.00946
2494	0.00276051	0.21086	68.182	63.1547	-7.60897	-0.0257297	123.702	122.562	1.0093
2495	0.00276143	0.210916	68.2274	63.1275	-7.61388	-0.0257342	123.715	122.594	1.00914
2496	0.00276235	0.210972	68.2727	63.1004	-7.61953	-0.0257388	123.728	122.627	1.00898
2497	0.00276327	0.211028	68.318	63.0732	-7.62598	-0.0257434	123.739	122.66	1.0088
2498	0.00276419	0.211084	68.3633	63.0461	-7.63329	-0.0257479	123.75	122.692	1.00862
2499	0.00276511	0.21114	68.4085	63.019	-7.64157	-0.0257525	123.76	122.725	1.00844
2500	0.00276602	0.211196	68.4536	62.9919	-7.6509	-0.0257571	123.769	122.757	1.00824
2501	0.00276694	0.211251	68.4987	62.9648	-7.66127	-0.0257616	123.777	122.79	1.00804
2502	0.00276786	0.211307	68.5438	62.9377	-7.67262	-0.0257661	123.783	122.822	1.00783
2503	0.00276878	0.211362	68.5888	62.9107	-7.68492	-0.0257706	123.789	122.854	1.00761
2504	0.0027697	0.211418	68.6338	62.8837	-7.69815	-0.0257751	123.794	122.886	1.00738
2505	0.00277061	0.211473	68.6788	62.8567	-7.71232	-0.0257795	123.797	122.918	1.00715
2506	0.00277153	0.211528	68.7237	62.8298	-7.72758	-0.0257839	123.8	122.951	1.00691
2507	0.00277245	0.211584	68.7685	62.8029	-7.74465	-0.0257881	123.801	122.983	1.00665
2508	0.00277337	0.211639	68.8133	62.7759	-7.76687	-0.0257922	123.797	123.015	1.00636
2509	0.00277429	0.211694	68.8581	62.7491	-7.7873	-0.0257961	123.794	123.047	1.00607
2510	0.00277521	0.211748	68.9028	62.7222	-7.80615	-0.0258001	123.793	123.078	1.00581
2511	0.00277612	0.211803	68.9474	62.6954	-7.82361	-0.0258039	123.793	123.11	1.00555
2512	0.00277704	0.211858	68.992	62.6685	-7.83978	-0.0258078	123.795	123.142	1.0053
2513	0.00277796	0.211913	69.0366	62.6417	-7.85476	-0.0258117	123.798	123.174	1.00507
2514	0.00277888	0.211967	69.0811	62.615	-7.86879	-0.0258155	123.802	123.206	1.00484
2515	0.00277979	0.212021	69.1256	62.5882	-7.88191	-0.0258193	123.806	123.237	1.00462
2516	0.00278071	0.212076	69.17	62.5615	-7.89416	-0.0258231	123.812	123.269	1.0044
2517	0.00278163	0.21213	69.2144	62.5348	-7.90556	-0.025827	123.818	123.3	1.0042
2518	0.00278255	0.212184	69.2587	62.5081	-7.9161	-0.0258308	123.825	123.332	1.004
2519	0.00278347	0.212238	69.303	62.4815	-7.92585	-0.0258347	123.833	123.363	1.00381
2520	0.00278438	0.212292	69.3473	62.4549	-7.93488	-0.0258386	123.841	123.394	1.00362
2521	0.0027853	0.212346	69.3914	62.4283	-7.94327	-0.0258426	123.851	123.426	1.00344
2522	0.00278622	0.2124	69.4356	62.4017	-7.94877	-0.0258466	123.863	123.457	1.00329
2523	0.00278714	0.212453	69.4797	62.3752	-7.95221	-0.0258507	123.877	123.488	1.00315
2524	0.00278805	0.212507	69.5237	62.3486	-7.95544	-0.0258547	123.891	123.519	1.00301
2525	0.00278897	0.21256	69.5677	62.3222	-7.9587	-0.0258587	123.905	123.55	1.00287
2526	0.00278989	0.212614	69.6116	62.2957	-7.96211	-0.0258627	123.919	123.581	1.00273
2527	0.0027908	0.212667	69.6555	62.2692	-7.96577	-0.0258667	123.933	123.612	1.00259
2528	0.00279172	0.21272	69.6993	62.2428	-7.96979	-0.0258707	123.946	123.643	1.00245
2529	0.00279264	0.212773	69.7431	62.2164	-7.97427	-0.0258747	123.959	123.674	1.00231
2530	0.00279356	0.212826	69.7868	62.1901	-7.97932	-0.0258787	123.972	123.705	1.00216
2531	0.00279447	0.212879	69.8305	62.1638	-7.98502	-0.0258828	123.983	123.736	1.002
2532	0.00279539	0.212932	69.8741	62.1374	-7.99143	-0.0258869	123.994	123.766	1.00184
2533	0.00279631	0.212985	69.9177	62.1112	-7.99872	-0.0258909	124.004	123.797	1.00167
2534	0.00279722	0.213037	69.9612	62.0849	-8.00693	-0.025895	124.013	123.828	1.0015
2535	0.00279814	0.21309	70.0047	62.0587	-8.01607	-0.025899	124.021	123.858	1.00132
2536	0.00279906	0.213142	70.0481	62.0325	-8.0261	-0.025903	124.029	123.889	1.00113
2537	0.00279997	0.213195	70.0915	62.0063	-8.03697	-0.025907	124.035	123.919	1.00093
2538	0.00280089	0.213247	70.1348	61.9801	-8.04863	-0.025911	124.04	123.949	1.00073
2539	0.00280181	0.213299	70.1781	61.954	-8.06109	-0.0259149	124.045	123.98	1.00053
2540	0.00280272	0.213351	70.2213	61.9279	-8.07442	-0.0259188	124.049	124.01	1.00031
2541	0.00280364	0.213403	70.2645	61.9019	-8.08891	-0.0259227	124.051	124.04	1.00009
2542	0.00280456	0.213455	70.3076	61.8758	-8.10668	-0.0259264	124.051	124.07	0.999843
2543	0.00280547	0.213507	70.3506	61.8498	-8.1264	-0.0259299	124.048	124.1	0.999579
2544	0.00280639	0.213558	70.3936	61.8238	-8.14437	-0.0259334	124.047	124.13	0.999329
2545	0.00280731	0.21361	70.4366	61.7978	-8.16078	-0.0259368	124.048	124.16	0.999092
2546	0.00280822	0.213661	70.4795	61.7719	-8.1758	-0.0259402	124.05	124.19	0.998867
2547	0.00280914	0.213713	70.5224	61.746	-8.18951	-0.0259436	124.053	124.22	0.998653
2548	0.00281006	0.213764	70.5652	61.7201	-8.20205	-0.025947	124.057	124.25	0.998449
2549	0.00281097	0.213815	70.6079	61.6943	-8.21362	-0.0259504	124.063	124.28	0.998253
2550	0.00281189	0.213866	70.6506	61.6684	-8.22425	-0.0259537	124.069	124.309	0.998064
2551	0.00281281	0.213917	70.6933	61.6426	-8.23397	-0.0259571	124.076	124.339	0.997884
2552	0.00281372	0.213968	70.7359	61.6169	-8.24278	-0.0259605	124.084	124.369	0.997711
2553	0.00281464	0.214019	70.7784	61.5911	-8.25073	-0.0259639	124.093	124.398	0.997545
2554	0.00281556	0.21407	70.8209	61.5654	-8.25788	-0.0259674	124.102	124.428	0.997386
2555	0.00281647	0.21412	70.8633	61.5397	-8.26432	-0.0259709	124.113	124.457	0.997233
2556	0.00281739	0.214171	70.9057	61.5141	-8.26797	-0.0259744	124.126	124.487	0.997102
2557	0.00281831	0.214221	70.948	61.4885	-8.26931	-0.0259781	124.141	124.516	0.996991
2558	0.00281922	0.214272	70.9903	61.4629	-8.27033	-0.0259817	124.157	124.545	0.996882
2559	0.00282014	0.214322	71.0325	61.4373	-8.27126	-0.0259852	124.173	124.574	0.996775
2560	0.00282105	0.214372	71.0746	61.4118	-8.27221	-0.0259888	124.188	124.603	0.996667
2561	0.00282197	0.214422	71.1167	61.3863	-8.27329	-0.0259923	124.204	124.633	0.996559
2562	0.00282289	0.214472	71.1588	61.3608	-8.2746	-0.0259959	124.219	124.662	0.996449
2563	0.0028238	0.214522	71.2008	61.3353	-8.27626	-0.0259994	124.234	124.691	0.996337
2564	0.00282472	0.214572	71.2427	61.3099	-8.27836	-0.0260031	124.248	124.72	0.996221
2565	0.00282563	0.214621	71.2846	61.2845	-8.28101	-0.0260067	124.262	124.748	0.996102
2566	0.00282655	0.214671	71.3264	61.2591	-8.28427	-0.0260103	124.275	124.777	0.995977
2567	0.00282747	0.214721	71.3682	61.2338	-8.28828	-0.026014	124.288	124.806	0.995847
2568	0.00282838	0.21477	71.4099	61.2085	-8.29313	-0.0260176	124.299	124.835	0.995711
2569	0.0028293	0.214819	71.4516	61.1832	-8.29882	-0.0260213	124.31	124.863	0.995568
2570	0.00283021	0.214868	71.4932	61.158	-8.30531	-0.0260249	124.32	124.892	0.995419
2571	0.00283113	0.214918	71.5347	61.1327	-8.31255	-0.0260285	124.329	124.92	0.995265
2572	0.00283205	0.214967	71.5763	61.1076	-8.32051	-0.0260321	124.337	124.949	0.995104
2573	0.00283296	0.215015	71.6177	61.0824	-8.32914	-0.0260357	124.345	124.977	0.994939
2574	0.00283388	0.215064	71.6591	61.0573	-8.33845	-0.0260393	124.352	125.006	0.994769
2575	0.00283479	0.215113	71.7004	61.0322	-8.34846	-0.0260428	124.358	125.034	0.994593
2576	0.00283571	0.215162	71.7417	61.0071	-8.35942	-0.0260462	124.363	125.062	0.99441
2577	0.00283662	0.21521	71.7829	60.982	-8.37273	-0.0260496	124.366	125.091	0.994209
2578	0.00283754	0.215259	71.8241	60.957	-8.38903	-0.0260528	124.366	125.119	0.993984
2579	0.00283846	0.215307	71.8652	60.932	-8.40344	-0.0260559	124.368	125.147	0.993775
2580	0.00283937	0.215355	71.9063	60.9071	-8.41617	-0.026059	124.371	125.175	0.993579
2581	0.00284029	0.215403	71.9473	60.8822	-8.42738	-0.0260621	124.376	125.203	0.993396
2582	0.0028412	0.215452	71.9883	60.8573	-8.43719	-0.0260652	124.382	125.231	0.993224
2583	0.00284212	0.215499	72.0292	60.8324	-8.4458	-0.0260682	124.39	125.259	0.993062
2584	0.00284304	0.215547	72.07	60.8075	-8.45337	-0.0260713	124.398	125.287	0.992908
2585	0.00284395	0.215595	72.1108	60.7827	-8.45994	-0.0260743	124.408	125.314	0.992763
2586	0.00284487	0.215643	72.1515	60.758	-8.46556	-0.0260774	124.418	125.342	0.992626
2587	0.00284578	0.21569	72.1922	60.7332	-8.47026	-0.0260805	124.429	125.37	0.992497
2588	0.0028467	0.215738	72.2328	60.7085	-8.4741	-0.0260836	124.441	125.397	0.992374
2589	0.00284761	0.215785	72.2734	60.6838	-8.47711	-0.0260867	124.454	125.425	0.992259
2590	0.00284853	0.215833	72.3139	60.6591	-8.47755	-0.02609	124.469	125.452	0.992164
2591	0.00284944	0.21588	72.3543	60.6345	-8.47521	-0.0260933	124.488	125.48	0.992091
2592	0.00285036	0.215927	72.3947	60.6099	-8.47243	-0.0260965	124.506	125.507	0.992023
2593	0.00285128	0.215974	72.4351	60.5854	-8.46947	-0.0260998	124.525	125.535	0.991956
2594	0.00285219	0.216021	72.4753	60.5608	-8.46645	-0.026103	124.544	125.562	0.99189
2595	0.00285311	0.216068	72.5156	60.5363	-8.46348	-0.0261063	124.562	125.589	0.991823
2596	0.00285402	0.216115	72.5557	60.5119	-8.46068	-0.0261095	124.581	125.616	0.991756
2597	0.00285494	0.216161	72.5958	60.4874	-8.45817	-0.0261128	124.599	125.643	0.991687
2598	0.00285585	0.216208	72.6359	60.463	-8.45606	-0.0261161	124.617	125.671	0.991614
2599	0.00285677	0.216254	72.6759	60.4386	-8.45446	-0.0261195	124.634	125.698	0.991538
2600	0.00285768	0.216301	72.7158	60.4143	-8.45345	-0.0261228	124.651	125.725	0.991457
2601	0.0028586	0.216347	72.7557	60.39	-8.45312	-0.0261262	124.666	125.751	0.991371
2602	0.00285951	0.216393	72.7955	60.3657	-8.45353	-0.0261296	124.682	125.778	0.99128
2603	0.00286043	0.216439	72.8353	60.3414	-8.45478	-0.026133	124.696	125.805	0.991182
2604	0.00286134	0.216485	72.875	60.3172	-8.45685	-0.0261364	124.709	125.832	0.991078
2605	0.00286226	0.216531	72.9146	60.293	-8.4597	-0.0261398	124.722	125.859	0.990968
2606	0.00286317	0.216577	72.9542	60.2688	-8.4633	-0.0261432	124.734	125.885	0.990852
2607	0.00286409	0.216623	72.9937	60.2447	-8.46758	-0.0261465	124.745	125.912	0.990731
2608	0.002865	0.216669	73.0332	60.2206	-8.47248	-0.0261499	124.755	125.938	0.990606
2609	0.00286592	0.216714	73.0727	60.1965	-8.47794	-0.0261532	124.765	125.965	0.990476
2610	0.00286683	0.21676	73.112	60.1725	-8.48391	-0.0261565	124.774	125.991	0.990343
2611	0.00286775	0.216805	73.1513	60.1485	-8.49038	-0.0261597	124.783	126.018	0.990205
2612	0.00286866	0.21685	73.1906	60.1245	-8.4975	-0.0261629	124.791	126.044	0.990063
2613	0.00286958	0.216895	73.2298	60.1006	-8.50615	-0.0261661	124.798	126.07	0.989909
2614	0.00287049	0.216941	73.2689	60.0766	-8.51854	-0.0261691	124.801	126.096	0.989726
2615	0.00287141	0.216986	73.308	60.0528	-8.52886	-0.026172	124.806	126.123	0.989559
2616	0.00287232	0.217031	73.347	60.0289	-8.53735	-0.0261749	124.812	126.149	0.989407
2617	0.00287324	0.217075	73.386	60.0051	-8.54418	-0.0261778	124.821	126.175	0.989269
2618	0.00287415	0.21712	73.4249	59.9813	-8.54956	-0.0261807	124.83	126.201	0.989142
2619	0.00287507	0.217165	73.4638	59.9575	-8.55375	-0.0261835	124.841	126.227	0.989025
2620	0.00287599	0.217209	73.5026	59.9338	-8.55685	-0.0261864	124.853	126.253	0.988917
2621	0.0028769	0.217254	73.5413	59.9101	-8.5589	-0.0261893	124.866	126.278	0.988818
2622	0.00287782	0.217298	73.58	59.8864	-8.56	-0.0261922	124.88	126.304	0.988726
2623	0.00287873	0.217342	73.6186	59.8628	-8.56021	-0.026195	124.895	126.33	0.988642
2624	0.00287965	0.217387	73.6572	59.8392	-8.55958	-0.0261979	124.911	126.356	0.988564
2625	0.00288056	0.217431	73.6957	59.8156	-8.55591	-0.0262009	124.929	126.381	0.988511
2626	0.00288148	0.217475	73.7342	59.7921	-8.54958	-0.026204	124.95	126.407	0.988479
2627	0.00288239	0.217519	73.7726	59.7686	-8.5427	-0.026207	124.972	126.432	0.988451
2628	0.0028833	0.217562	73.8109	59.7451	-8.53561	-0.02621	124.994	126.458	0.988426
2629	0.00288422	0.217606	73.8492	59.7217	-8.52843	-0.0262131	125.016	126.483	0.988401
2630	0.00288513	0.21765	73.8874	59.6982	-8.52132	-0.0262161	125.038	126.509	0.988376
2631	0.00288605	0.217693	73.9256	59.6749	-8.51441	-0.0262192	125.06	126.534	0.98835
2632	0.00288696	0.217737	73.9637	59.6515	-8.50785	-0.0262223	125.081	126.559	0.988321
2633	0.00288788	0.21778	74.0017	59.6282	-8.50176	-0.0262255	125.102	126.584	0.988288
2634	0.00288879	0.217824	74.0397	59.6049	-8.49628	-0.0262287	125.122	126.61	0.988252
2635	0.00288971	0.217867	74.0776	59.5817	-8.49147	-0.0262319	125.142	126.635	0.988209
2636	0.00289062	0.21791	74.1155	59.5585	-8.48743	-0.0262352	125.16	126.66	0.988162
2637	0.00289154	0.217953	74.1533	59.5353	-8.4842	-0.0262385	125.178	126.685	0.988108
2638	0.00289245	0.217996	74.1911	59.5121	-8.48186	-0.0262418	125.195	126.71	0.988047
2639	0.00289337	0.218039	74.2288	59.489	-8.48047	-0.0262451	125.211	126.735	0.987978
2640	0.00289428	0.218081	74.2664	59.4659	-8.48001	-0.0262484	125.226	126.759	0.987903
2641	0.0028952	0.218124	74.304	59.4428	-8.48041	-0.0262517	125.24	126.784	0.987821
2642	0.00289611	0.218167	74.3415	59.4198	-8.4816	-0.026255	125.253	126.809	0.987734
2643	0.00289703	0.218209	74.379	59.3968	-8.4835	-0.0262583	125.266	126.834	0.98764
2644	0.00289794	0.218251	74.4164	59.3738	-8.486	-0.0262616	125.278	126.858	0.987543
2645	0.00289886	0.218294	74.4538	59.3509	-8.48898	-0.0262648	125.289	126.883	0.987441
2646	0.00289977	0.218336	74.4911	59.328	-8.49234	-0.026268	125.3	126.907	0.987337
2647	0.00290068	0.218378	74.5284	59.3051	-8.49606	-0.0262712	125.311	126.932	0.987231
2648	0.0029016	0.21842	74.5655	59.2823	-8.50012	-0.0262744	125.321	126.956	0.987122
2649	0.00290251	0.218462	74.6027	59.2594	-8.50458	-0.0262775	125.331	126.981	0.98701
2650	0.00290343	0.218504	74.6398	59.2367	-8.50994	-0.0262806	125.34	127.005	0.986891
2651	0.00290434	0.218546	74.6768	59.2139	-8.51966	-0.0262834	125.345	127.029	0.986738
2652	0.00290526	0.218587	74.7137	59.1912	-8.52696	-0.0262863	125.352	127.054	0.986605
2653	0.00290617	0.218629	74.7506	59.1685	-8.53227	-0.0262891	125.361	127.078	0.986487
2654	0.00290709	0.218671	74.7875	59.1459	-8.53583	-0.026292	125.371	127.102	0.986383
2655	0.002908	0.218712	74.8243	59.1232	-8.53799	-0.0262948	125.383	127.126	0.986291
2656	0.00290892	0.218753	74.861	59.1007	-8.53894	-0.0262976	125.396	127.15	0.986208
2657	0.00290983	0.218795	74.8977	59.0781	-8.53879	-0.0263003	125.411	127.174	0.986134
2658	0.00291075	0.218836	74.9343	59.0556	-8.53767	-0.0263031	125.426	127.198	0.986068
2659	0.00291166	0.218877	74.9709	59.0331	-8.53565	-0.0263059	125.442	127.222	0.98601
2660	0.00291258	0.218918	75.0074	59.0106	-8.5328	-0.0263087	125.459	127.246	0.985958
2661	0.00291349	0.218959	75.0438	58.9882	-8.527	-0.0263115	125.479	127.27	0.985929
2662	0.00291441	0.219	75.0802	58.9658	-8.51827	-0.0263145	125.501	127.293	0.985924
2663	0.00291532	0.21904	75.1166	58.9434	-8.50899	-0.0263174	125.525	127.317	0.985923
2664	0.00291623	0.219081	75.1528	58.9211	-8.4995	-0.0263202	125.548	127.341	0.985924
2665	0.00291715	0.219122	75.189	58.8988	-8.48993	-0.0263231	125.572	127.364	0.985926
2666	0.00291806	0.219162	75.2252	58.8765	-8.48047	-0.026326	125.595	127.388	0.985927
2667	0.00291898	0.219203	75.2613	58.8543	-8.47129	-0.026329	125.618	127.411	0.985926
2668	0.00291989	0.219243	75.2973	58.8321	-8.46253	-0.026332	125.641	127.435	0.985922
2669	0.00292081	0.219283	75.3333	58.8099	-8.45434	-0.026335	125.663	127.458	0.985914
2670	0.00292172	0.219323	75.3693	58.7878	-8.44683	-0.0263381	125.684	127.481	0.9859
2671	0.00292264	0.219363	75.4051	58.7657	-8.4401	-0.0263413	125.704	127.505	0.985881
2672	0.00292355	0.219403	75.441	58.7436	-8.43421	-0.0263444	125.724	127.528	0.985855
2673	0.00292446	0.219443	75.4767	58.7215	-8.42923	-0.0263477	125.743	127.551	0.985823
2674	0.00292538	0.219483	75.5124	58.6995	-8.42519	-0.0263509	125.76	127.574	0.985783
2675	0.00292629	0.219523	75.5481	58.6775	-8.42214	-0.0263541	125.777	127.597	0.985735
2676	0.00292721	0.219562	75.5837	58.6556	-8.4201	-0.0263574	125.793	127.62	0.98568
2677	0.00292812	0.219602	75.6192	58.6337	-8.419	-0.0263606	125.807	127.643	0.985618
2678	0.00292904	0.219641	75.6547	58.6118	-8.41877	-0.0263638	125.821	127.666	0.985549
2679	0.00292995	0.219681	75.6901	58.5899	-8.41928	-0.026367	125.834	127.689	0.985474
2680	0.00293086	0.21972	75.7255	58.5681	-8.42041	-0.0263702	125.847	127.712	0.985395
2681	0.00293178	0.219759	75.7608	58.5463	-8.42204	-0.0263734	125.859	127.735	0.985312
2682	0.00293269	0.219798	75.7961	58.5245	-8.4241	-0.0263765	125.87	127.758	0.985226
2683	0.00293361	0.219838	75.8313	58.5028	-8.42647	-0.0263796	125.881	127.78	0.985138
2684	0.00293452	0.219877	75.8664	58.4811	-8.42905	-0.0263827	125.892	127.803	0.985048
2685	0.00293544	0.219915	75.9015	58.4594	-8.43176	-0.0263858	125.903	127.826	0.984958
2686	0.00293635	0.219954	75.9366	58.4377	-8.43452	-0.0263888	125.913	127.848	0.984867
2687	0.00293727	0.219993	75.9716	58.4161	-8.43737	-0.0263917	125.924	127.871	0.984776
2688	0.00293818	0.220032	76.0065	58.3945	-8.44051	-0.0263947	125.934	127.893	0.984683
2689	0.0029391	0.22007	76.0414	58.373	-8.44512	-0.0263975	125.943	127.916	0.984578
2690	0.00294001	0.220109	76.0762	58.3515	-8.45168	-0.0264003	125.95	127.938	0.984459
2691	0.00294092	0.220147	76.111	58.33	-8.45583	-0.026403	125.959	127.96	0.984358
2692	0.00294184	0.220186	76.1457	58.3085	-8.45807	-0.0264057	125.97	127.983	0.984273
2693	0.00294275	0.220224	76.1804	58.2871	-8.45877	-0.0264084	125.982	128.005	0.9842
2694	0.00294367	0.220262	76.215	58.2657	-8.45821	-0.0264111	125.996	128.027	0.984137
2695	0.00294458	0.2203	76.2495	58.2443	-8.45658	-0.0264138	126.011	128.049	0.984082
2696	0.0029455	0.220338	76.284	58.223	-8.45399	-0.0264165	126.027	128.071	0.984035
2697	0.00294641	0.220376	76.3184	58.2017	-8.45059	-0.0264191	126.043	128.093	0.983995
2698	0.00294732	0.220414	76.3528	58.1804	-8.44647	-0.0264218	126.06	128.115	0.98396
2699	0.00294824	0.220452	76.3871	58.1592	-8.43849	-0.0264246	126.081	128.137	0.983956
2700	0.00294915	0.220489	76.4214	58.1379	-8.4285	-0.0264274	126.104	128.159	0.983968
2701	0.00295007	0.220527	76.4556	58.1168	-8.4182	-0.0264302	126.128	128.181	0.983982
2702	0.00295098	0.220565	76.4898	58.0956	-8.40787	-0.026433	126.151	128.203	0.983997
2703	0.0029519	0.220602	76.5239	58.0745	-8.39766	-0.0264358	126.174	128.225	0.98401
2704	0.00295281	0.220639	76.5579	58.0534	-8.38774	-0.0264386	126.197	128.246	0.984022
2705	0.00295372	0.220677	76.5919	58.0324	-8.37827	-0.0264414	126.22	128.268	0.98403
2706	0.00295464	0.220714	76.6259	58.0113	-8.36938	-0.0264443	126.241	128.29	0.984034
2707	0.00295555	0.220751	76.6598	57.9904	-8.36119	-0.0264473	126.262	128.311	0.984033
2708	0.00295647	0.220788	76.6936	57.9694	-8.35378	-0.0264503	126.283	128.333	0.984026
2709	0.00295738	0.220825	76.7274	57.9485	-8.34724	-0.0264534	126.302	128.354	0.984012
2710	0.00295829	0.220862	76.7611	57.9276	-8.34163	-0.0264565	126.321	128.376	0.983991
2711	0.00295921	0.220899	76.7947	57.9067	-8.33696	-0.0264596	126.338	128.397	0.983963
2712	0.00296012	0.220936	76.8284	57.8859	-8.33327	-0.0264628	126.354	128.418	0.983928
2713	0.00296103	0.220972	76.8619	57.865	-8.33053	-0.026466	126.37	128.44	0.983885
2714	0.00296195	0.221009	76.8954	57.8443	-8.32878	-0.0264692	126.384	128.461	0.983835
2715	0.00296286	0.221045	76.9289	57.8235	-8.32797	-0.0264723	126.398	128.482	0.983778
2716	0.00296378	0.221082	76.9623	57.8028	-8.32797	-0.0264755	126.411	128.503	0.983714
2717	0.00296469	0.221118	76.9956	57.7821	-8.32868	-0.0264786	126.423	128.525	0.983645
2718	0.0029656	0.221154	77.0289	57.7614	-8.32998	-0.0264817	126.434	128.546	0.983572
2719	0.00296652	0.221191	77.0622	57.7408	-8.33178	-0.0264848	126.445	128.567	0.983495
2720	0.00296743	0.221227	77.0954	57.7202	-8.33394	-0.0264878	126.455	128.588	0.983415
2721	0.00296834	0.221263	77.1285	57.6996	-8.33636	-0.0264908	126.465	128.609	0.983334
2722	0.00296926	0.221299	77.1616	57.6791	-8.3389	-0.0264938	126.475	128.63	0.983252
2723	0.00297017	0.221335	77.1946	57.6586	-8.34146	-0.0264967	126.485	128.651	0.98317
2724	0.00297109	0.221371	77.2276	57.6381	-8.34395	-0.0264996	126.495	128.671	0.983088
2725	0.002972	0.221406	77.2605	57.6176	-8.34632	-0.0265024	126.505	128.692	0.983008
2726	0.00297291	0.221442	77.2934	57.5972	-8.34857	-0.0265053	126.516	128.713	0.982929
2727	0.00297383	0.221478	77.3263	57.5768	-8.35077	-0.026508	126.526	128.734	0.98285
2728	0.00297474	0.221513	77.359	57.5565	-8.3533	-0.0265108	126.536	128.754	0.982769
2729	0.00297565	0.221549	77.3918	57.5361	-8.35825	-0.0265134	126.543	128.775	0.982669
2730	0.00297657	0.221584	77.4244	57.5158	-8.36275	-0.026516	126.551	128.795	0.982573
2731	0.00297748	0.221619	77.457	57.4955	-8.36516	-0.0265186	126.561	128.816	0.982494
2732	0.00297839	0.221655	77.4896	57.4753	-8.36595	-0.0265212	126.572	128.836	0.982427
2733	0.00297931	0.22169	77.5221	57.4551	-8.36546	-0.0265238	126.585	128.857	0.98237
2734	0.00298022	0.221725	77.5546	57.4349	-8.36393	-0.0265263	126.599	128.877	0.982322
2735	0.00298113	0.22176	77.587	57.4147	-8.36152	-0.0265289	126.614	128.898	0.98228
2736	0.00298205	0.221795	77.6194	57.3946	-8.35837	-0.0265314	126.629	128.918	0.982245
2737	0.00298296	0.22183	77.6517	57.3745	-8.35458	-0.026534	126.645	128.938	0.982214
2738	0.00298387	0.221865	77.6839	57.3544	-8.34761	-0.0265366	126.664	128.959	0.982209
2739	0.00298478	0.221899	77.7161	57.3344	-8.338	-0.0265393	126.686	128.979	0.982224
2740	0.0029857	0.221934	77.7483	57.3144	-8.32809	-0.026542	126.708	128.999	0.982241
2741	0.00298661	0.221969	77.7804	57.2944	-8.31819	-0.0265446	126.73	129.019	0.982259
2742	0.00298752	0.222003	77.8125	57.2744	-8.3085	-0.0265472	126.752	129.039	0.982275
2743	0.00298844	0.222038	77.8445	57.2545	-8.29917	-0.0265499	126.773	129.059	0.982288
2744	0.00298935	0.222072	77.8764	57.2346	-8.29034	-0.0265526	126.794	129.079	0.982298
2745	0.00299026	0.222106	77.9083	57.2147	-8.28212	-0.0265553	126.814	129.099	0.982303
2746	0.00299117	0.222141	77.9402	57.1949	-8.27463	-0.0265582	126.834	129.119	0.982303
2747	0.00299209	0.222175	77.972	57.1751	-8.26796	-0.026561	126.853	129.139	0.982296
2748	0.002993	0.222209	78.0037	57.1553	-8.26216	-0.026564	126.87	129.159	0.982283
2749	0.00299391	0.222243	78.0355	57.1355	-8.25729	-0.026567	126.887	129.178	0.982262
2750	0.00299482	0.222277	78.0671	57.1158	-8.25336	-0.02657	126.903	129.198	0.982235
2751	0.00299574	0.222311	78.0987	57.0961	-8.2504	-0.0265731	126.918	129.218	0.9822
2752	0.00299665	0.222345	78.1303	57.0764	-8.24838	-0.0265761	126.932	129.238	0.982158
2753	0.00299756	0.222379	78.1618	57.0568	-8.24727	-0.0265792	126.945	129.257	0.982109
2754	0.00299847	0.222412	78.1933	57.0371	-8.24706	-0.0265823	126.957	129.277	0.982054
2755	0.00299939	0.222446	78.2247	57.0175	-8.24767	-0.0265853	126.968	129.296	0.981992
2756	0.0030003	0.222479	78.2561	56.998	-8.24899	-0.0265883	126.978	129.316	0.981925
2757	0.00300121	0.222513	78.2874	56.9784	-8.25092	-0.0265913	126.988	129.335	0.981853
2758	0.00300212	0.222546	78.3187	56.9589	-8.25334	-0.0265943	126.998	129.355	0.981778
2759	0.00300304	0.22258	78.3499	56.9394	-8.25614	-0.0265972	127.007	129.374	0.9817
2760	0.00300395	0.222613	78.3811	56.9199	-8.2592	-0.0266001	127.015	129.394	0.98162
2761	0.00300486	0.222646	78.4123	56.9005	-8.26242	-0.0266029	127.024	129.413	0.981539
2762	0.00300577	0.22268	78.4434	56.8811	-8.26571	-0.0266057	127.032	129.432	0.981457
2763	0.00300669	0.222713	78.4744	56.8617	-8.26903	-0.0266084	127.04	129.451	0.981376
2764	0.0030076	0.222746	78.5054	56.8423	-8.2724	-0.0266112	127.049	129.471	0.981294
2765	0.00300851	0.222779	78.5364	56.823	-8.27605	-0.0266138	127.057	129.49	0.98121
2766	0.00300942	0.222812	78.5673	56.8037	-8.28105	-0.0266164	127.063	129.509	0.981116
2767	0.00301034	0.222844	78.5982	56.7844	-8.28847	-0.0266189	127.067	129.528	0.981004
2768	0.00301125	0.222877	78.629	56.7652	-8.29345	-0.0266213	127.074	129.547	0.98091
2769	0.00301216	0.22291	78.6597	56.7459	-8.29651	-0.0266238	127.083	129.566	0.980832
2770	0.00301307	0.222943	78.6905	56.7267	-8.29808	-0.0266262	127.093	129.585	0.980765
2771	0.00301398	0.222975	78.7211	56.7076	-8.29844	-0.0266286	127.104	129.604	0.980707
2772	0.0030149	0.223008	78.7518	56.6884	-8.29779	-0.0266311	127.116	129.623	0.980658
2773	0.00301581	0.22304	78.7824	56.6693	-8.29627	-0.0266335	127.129	129.642	0.980615
2774	0.00301672	0.223073	78.8129	56.6502	-8.294	-0.0266359	127.142	129.661	0.980579
2775	0.00301763	0.223105	78.8434	56.6311	-8.2911	-0.0266384	127.157	129.679	0.980547
2776	0.00301854	0.223137	78.8738	56.6121	-8.28581	-0.0266409	127.173	129.698	0.980534
2777	0.00301946	0.22317	78.9042	56.5931	-8.27708	-0.0266434	127.194	129.717	0.980547
2778	0.00302037	0.223202	78.9346	56.5741	-8.26786	-0.026646	127.214	129.736	0.980565
2779	0.00302128	0.223234	78.9649	56.5551	-8.25862	-0.0266485	127.235	129.754	0.980582
2780	0.00302219	0.223266	78.9952	56.5362	-8.24957	-0.0266511	127.255	129.773	0.980599
2781	0.0030231	0.223298	79.0254	56.5173	-8.24087	-0.0266537	127.275	129.791	0.980613
2782	0.00302402	0.22333	79.0556	56.4984	-8.23267	-0.0266563	127.295	129.81	0.980623
2783	0.00302493	0.223362	79.0857	56.4795	-8.22511	-0.0266589	127.313	129.829	0.980628
2784	0.00302584	0.223393	79.1158	56.4607	-8.2183	-0.0266616	127.332	129.847	0.980627
2785	0.00302675	0.223425	79.1459	56.4418	-8.21234	-0.0266644	127.349	129.865	0.980621
2786	0.00302766	0.223457	79.1759	56.4231	-8.2073	-0.0266672	127.365	129.884	0.980607
2787	0.00302857	0.223488	79.2058	56.4043	-8.20323	-0.0266701	127.38	129.902	0.980585
2788	0.00302948	0.22352	79.2358	56.3855	-8.20019	-0.026673	127.394	129.921	0.980557
2789	0.0030304	0.223551	79.2656	56.3668	-8.19817	-0.0266759	127.408	129.939	0.98052
2790	0.00303131	0.223583	79.2955	56.3481	-8.19718	-0.0266789	127.42	129.957	0.980475
2791	0.00303222	0.223614	79.3253	56.3295	-8.19718	-0.0266818	127.431	129.975	0.980423
2792	0.00303313	0.223645	79.355	56.3108	-8.19815	-0.0266847	127.441	129.994	0.980364
2793	0.00303404	0.223677	79.3847	56.2922	-8.20004	-0.0266876	127.45	130.012	0.980298
2794	0.00303495	0.223708	79.4144	56.2736	-8.20273	-0.0266905	127.459	130.03	0.980226
2795	0.00303586	0.223739	79.444	56.255	-8.20613	-0.0266933	127.466	130.048	0.980148
2796	0.00303677	0.22377	79.4736	56.2365	-8.21015	-0.0266961	127.473	130.066	0.980066
2797	0.00303769	0.223801	79.5031	56.218	-8.2147	-0.0266988	127.48	130.084	0.97998
2798	0.0030386	0.223832	79.5326	56.1995	-8.21971	-0.0267015	127.486	130.102	0.97989
2799	0.00303951	0.223863	79.5621	56.181	-8.22522	-0.0267041	127.491	130.12	0.979797
2800	0.00304042	0.223894	79.5915	56.1625	-8.23151	-0.0267067	127.496	130.138	0.979698
2801	0.00304133	0.223924	79.6208	56.1441	-8.2404	-0.0267091	127.498	130.156	0.979579
2802	0.00304224	0.223955	79.6502	56.1257	-8.25083	-0.0267114	127.498	130.174	0.979448
2803	0.00304315	0.223986	79.6794	56.1073	-8.25882	-0.0267136	127.501	130.191	0.979336
2804	0.00304406	0.224016	79.7087	56.089	-8.26488	-0.0267159	127.506	130.209	0.97924
2805	0.00304497	0.224047	79.7379	56.0707	-8.26939	-0.026718	127.512	130.227	0.979155
2806	0.00304588	0.224078	79.767	56.0523	-8.27258	-0.0267202	127.52	130.245	0.979081
2807	0.00304679	0.224108	79.7962	56.0341	-8.27462	-0.0267224	127.529	130.262	0.979015
2808	0.0030477	0.224138	79.8252	56.0158	-8.27567	-0.0267245	127.539	130.28	0.978957
2809	0.00304861	0.224169	79.8543	55.9976	-8.27581	-0.0267267	127.549	130.298	0.978907
2810	0.00304952	0.224199	79.8833	55.9793	-8.27513	-0.0267288	127.561	130.315	0.978862
2811	0.00305043	0.224229	79.9122	55.9612	-8.2737	-0.026731	127.573	130.333	0.978824
2812	0.00305134	0.224259	79.9411	55.943	-8.27132	-0.0267332	127.586	130.35	0.978793
2813	0.00305225	0.224289	79.97	55.9248	-8.2643	-0.0267355	127.604	130.368	0.978798
2814	0.00305317	0.224319	79.9988	55.9067	-8.25609	-0.0267379	127.623	130.385	0.978812
2815	0.00305408	0.224349	80.0276	55.8886	-8.24769	-0.0267402	127.642	130.403	0.978828
2816	0.00305499	0.224379	80.0564	55.8705	-8.23934	-0.0267425	127.661	130.42	0.978843
2817	0.0030559	0.224409	80.0851	55.8525	-8.23126	-0.0267448	127.68	130.438	0.978856
2818	0.00305681	0.224439	80.1138	55.8344	-8.22364	-0.0267472	127.698	130.455	0.978866
2819	0.00305772	0.224469	80.1424	55.8164	-8.21662	-0.0267496	127.715	130.472	0.978871
2820	0.00305863	0.224499	80.171	55.7984	-8.21035	-0.0267521	127.732	130.489	0.978871
2821	0.00305954	0.224528	80.1996	55.7805	-8.20494	-0.0267546	127.748	130.507	0.978864
2822	0.00306045	0.224558	80.2281	55.7625	-8.2005	-0.0267571	127.763	130.524	0.97885
2823	0.00306136	0.224587	80.2566	55.7446	-8.19708	-0.0267597	127.777	130.541	0.978829
2824	0.00306226	0.224617	80.285	55.7267	-8.19473	-0.0267623	127.79	130.558	0.978799
2825	0.00306317	0.224646	80.3134	55.7088	-8.19347	-0.026765	127.802	130.575	0.978761
2826	0.00306408	0.224676	80.3418	55.691	-8.19331	-0.0267676	127.813	130.592	0.978714
2827	0.00306499	0.224705	80.3701	55.6731	-8.19423	-0.0267703	127.822	130.61	0.97866
2828	0.0030659	0.224734	80.3984	55.6553	-8.19625	-0.0267729	127.831	130.627	0.978597
2829	0.00306681	0.224764	80.4267	55.6375	-8.19931	-0.0267755	127.838	130.644	0.978526
2830	0.00306772	0.224793	80.4549	55.6198	-8.20332	-0.0267781	127.845	130.661	0.978448
2831	0.00306863	0.224822	80.4831	55.602	-8.20818	-0.0267807	127.85	130.677	0.978364
2832	0.00306954	0.224851	80.5113	55.5843	-8.21384	-0.0267832	127.855	130.694	0.978274
2833	0.00307045	0.22488	80.5394	55.5666	-8.22036	-0.0267857	127.859	130.711	0.978177
2834	0.00307136	0.224909	80.5674	55.5489	-8.22803	-0.0267881	127.861	130.728	0.978072
2835	0.00307227	0.224938	80.5955	55.5312	-8.23876	-0.0267904	127.861	130.745	0.977943
2836	0.00307318	0.224967	80.6235	55.5135	-8.25158	-0.0267925	127.859	130.762	0.977799
2837	0.00307409	0.224996	80.6515	55.4959	-8.26225	-0.0267945	127.858	130.779	0.977671
2838	0.003075	0.225025	80.6794	55.4783	-8.27103	-0.0267965	127.86	130.795	0.977557
2839	0.00307591	0.225053	80.7073	55.4607	-8.27818	-0.0267985	127.863	130.812	0.977456
2840	0.00307682	0.225082	80.7351	55.4432	-8.28401	-0.0268004	127.867	130.829	0.977366
2841	0.00307773	0.225111	80.763	55.4256	-8.28864	-0.0268024	127.873	130.845	0.977285
2842	0.00307864	0.225139	80.7907	55.4081	-8.2922	-0.0268043	127.88	130.862	0.977212
2843	0.00307955	0.225168	80.8185	55.3906	-8.29477	-0.0268062	127.887	130.879	0.977146
2844	0.00308046	0.225196	80.8462	55.3731	-8.29638	-0.0268081	127.896	130.895	0.977089
2845	0.00308137	0.225225	80.8739	55.3556	-8.2971	-0.02681	127.906	130.912	0.977038
2846	0.00308228	0.225253	80.9015	55.3382	-8.29698	-0.026812	127.916	130.928	0.976993
2847	0.00308319	0.225282	80.9292	55.3207	-8.2961	-0.0268139	127.927	130.945	0.976955
2848	0.0030841	0.22531	80.9567	55.3033	-8.29098	-0.0268161	127.942	130.961	0.976949
2849	0.00308501	0.225338	80.9843	55.286	-8.28391	-0.0268182	127.959	130.978	0.976958
2850	0.00308592	0.225367	81.0118	55.2686	-8.27652	-0.0268204	127.977	130.994	0.976969
2851	0.00308683	0.225395	81.0392	55.2512	-8.26913	-0.0268225	127.995	131.01	0.976981
2852	0.00308773	0.225423	81.0667	55.2339	-8.26201	-0.0268247	128.012	131.027	0.97699
2853	0.00308864	0.225451	81.0941	55.2166	-8.25532	-0.0268269	128.029	131.043	0.976997
2854	0.00308955	0.225479	81.1214	55.1993	-8.24924	-0.0268291	128.045	131.059	0.976999
2855	0.00309046	0.225507	81.1488	55.1821	-8.24392	-0.0268313	128.06	131.076	0.976995
2856	0.00309137	0.225535	81.1761	55.1648	-8.23948	-0.0268336	128.075	131.092	0.976984
2857	0.00309228	0.225563	81.2033	55.1476	-8.23602	-0.026836	128.088	131.108	0.976966
2858	0.00309319	0.225591	81.2306	55.1304	-8.23364	-0.0268383	128.1	131.124	0.97694
2859	0.0030941	0.225618	81.2578	55.1132	-8.23236	-0.0268407	128.112	131.14	0.976906
2860	0.00309501	0.225646	81.2849	55.096	-8.23224	-0.0268431	128.122	131.156	0.976863
2861	0.00309592	0.225674	81.312	55.0789	-8.23326	-0.0268456	128.131	131.173	0.976811
2862	0.00309683	0.225701	81.3391	55.0617	-8.23543	-0.026848	128.139	131.189	0.976751
2863	0.00309773	0.225729	81.3662	55.0446	-8.23882	-0.0268504	128.145	131.205	0.976682
2864	0.00309864	0.225757	81.3932	55.0275	-8.24335	-0.0268528	128.151	131.221	0.976603
2865	0.00309955	0.225784	81.4202	55.0104	-8.24896	-0.0268551	128.155	131.237	0.976517
2866	0.00310046	0.225812	81.4472	54.9934	-8.25562	-0.0268574	128.158	131.253	0.976423
2867	0.00310137	0.225839	81.4741	54.9763	-8.26346	-0.0268597	128.16	131.269	0.97632
2868	0.00310228	0.225866	81.501	54.9593	-8.27317	-0.0268619	128.16	131.284	0.976203
2869	0.00310319	0.225894	81.5279	54.9423	-8.28862	-0.0268638	128.155	131.3	0.976042
2870	0.0031041	0.225921	81.5547	54.9253	-8.30198	-0.0268657	128.151	131.316	0.975898
2871	0.00310501	0.225948	81.5816	54.9084	-8.31351	-0.0268676	128.15	131.332	0.975767
2872	0.00310592	0.225976	81.6083	54.8914	-8.32342	-0.0268693	128.149	131.348	0.975649
2873	0.00310682	0.226003	81.6351	54.8745	-8.3319	-0.0268711	128.151	131.364	0.975542
2874	0.00310773	0.22603	81.6618	54.8576	-8.33922	-0.0268728	128.153	131.379	0.975443
2875	0.00310864	0.226057	81.6885	54.8407	-8.34543	-0.0268745	128.157	131.395	0.975354
2876	0.00310955	0.226084	81.7151	54.8238	-8.35061	-0.0268762	128.161	131.411	0.975272
2877	0.00311046	0.226111	81.7418	54.8069	-8.35482	-0.0268779	128.167	131.427	0.975198
2878	0.00311137	0.226138	81.7683	54.7901	-8.35809	-0.0268796	128.173	131.442	0.975131
2879	0.00311228	0.226165	81.7949	54.7732	-8.36044	-0.0268813	128.181	131.458	0.975071
2880	0.00311319	0.226192	81.8214	54.7564	-8.36195	-0.026883	128.189	131.474	0.975017
2881	0.0031141	0.226219	81.8479	54.7396	-8.36267	-0.0268848	128.198	131.489	0.97497
2882	0.003115	0.226245	81.8744	54.7229	-8.36182	-0.0268866	128.209	131.505	0.974935
2883	0.00311591	0.226272	81.9008	54.7061	-8.35686	-0.0268886	128.223	131.52	0.974931
2884	0.00311682	0.226299	81.9272	54.6894	-8.35094	-0.0268906	128.239	131.536	0.974934
2885	0.00311773	0.226325	81.9536	54.6726	-8.34496	-0.0268925	128.254	131.551	0.974938
2886	0.00311864	0.226352	81.9799	54.6559	-8.33919	-0.0268945	128.27	131.567	0.974941
2887	0.00311955	0.226379	82.0063	54.6393	-8.3338	-0.0268964	128.285	131.582	0.97494
2888	0.00312046	0.226405	82.0325	54.6226	-8.32897	-0.0268984	128.299	131.598	0.974936
2889	0.00312137	0.226432	82.0588	54.6059	-8.32485	-0.0269004	128.313	131.613	0.974926
2890	0.00312227	0.226458	82.085	54.5893	-8.32157	-0.0269025	128.326	131.628	0.97491
2891	0.00312318	0.226485	82.1112	54.5727	-8.31925	-0.0269046	128.338	131.644	0.974886
2892	0.00312409	0.226511	82.1374	54.5561	-8.31798	-0.0269067	128.349	131.659	0.974855
2893	0.003125	0.226537	82.1635	54.5395	-8.3178	-0.0269088	128.358	131.674	0.974816
2894	0.00312591	0.226563	82.1896	54.5229	-8.31877	-0.026911	128.367	131.69	0.974768
2895	0.00312682	0.22659	82.2157	54.5064	-8.32089	-0.0269131	128.374	131.705	0.974711
2896	0.00312772	0.226616	82.2417	54.4898	-8.32418	-0.0269153	128.38	131.72	0.974645
2897	0.00312863	0.226642	82.2677	54.4733	-8.32869	-0.0269174	128.385	131.735	0.974571
2898	0.00312954	0.226668	82.2937	54.4568	-8.33444	-0.0269195	128.389	131.751	0.974487
2899	0.00313045	0.226694	82.3197	54.4403	-8.34139	-0.0269216	128.392	131.766	0.974394
2900	0.00313136	0.22672	82.3456	54.4238	-8.34963	-0.0269236	128.393	131.781	0.974291
2901	0.00313227	0.226746	82.3715	54.4074	-8.35958	-0.0269256	128.392	131.796	0.974175
2902	0.00313317	0.226772	82.3974	54.3909	-8.37476	-0.0269274	128.387	131.811	0.97402
2903	0.00313408	0.226798	82.4233	54.3745	-8.39025	-0.026929	128.381	131.826	0.973863
2904	0.00313499	0.226824	82.4491	54.3581	-8.40397	-0.0269306	128.376	131.841	0.973719
2905	0.0031359	0.22685	82.4749	54.3417	-8.41612	-0.0269321	128.374	131.856	0.973587
2906	0.00313681	0.226876	82.5007	54.3253	-8.4268	-0.0269336	128.372	131.871	0.973466
2907	0.00313772	0.226902	82.5264	54.3089	-8.43629	-0.0269351	128.372	131.886	0.973355
2908	0.00313863	0.226927	82.5521	54.2926	-8.44473	-0.0269365	128.373	131.901	0.973251
2909	0.00313953	0.226953	82.5778	54.2763	-8.45212	-0.026938	128.375	131.916	0.973156
2910	0.00314044	0.226979	82.6035	54.2599	-8.45852	-0.0269394	128.378	131.931	0.973068
2911	0.00314135	0.227005	82.6291	54.2436	-8.46398	-0.0269408	128.382	131.946	0.972987
2912	0.00314226	0.22703	82.6547	54.2273	-8.46851	-0.0269422	128.387	131.961	0.972914
2913	0.00314317	0.227056	82.6803	54.2111	-8.47216	-0.0269437	128.392	131.976	0.972847
2914	0.00314408	0.227081	82.7059	54.1948	-8.47497	-0.0269452	128.399	131.991	0.972787
2915	0.00314498	0.227107	82.7314	54.1785	-8.47701	-0.0269467	128.406	132.005	0.972733
2916	0.00314589	0.227132	82.7569	54.1623	-8.47835	-0.0269483	128.414	132.02	0.972684
2917	0.0031468	0.227158	82.7824	54.1461	-8.4765	-0.0269499	128.425	132.035	0.972659
2918	0.00314771	0.227183	82.8079	54.1299	-8.4722	-0.0269517	128.439	132.05	0.972653
2919	0.00314862	0.227208	82.8333	54.1137	-8.46767	-0.0269534	128.452	132.065	0.972649
2920	0.00314953	0.227234	82.8587	54.0975	-8.46332	-0.0269551	128.466	132.079	0.972643
2921	0.00315043	0.227259	82.8841	54.0814	-8.45932	-0.0269568	128.479	132.094	0.972635
2922	0.00315134	0.227284	82.9094	54.0652	-8.45584	-0.0269585	128.492	132.109	0.972623
2923	0.00315225	0.227309	82.9348	54.0491	-8.45301	-0.0269602	128.504	132.123	0.972606
2924	0.00315316	0.227335	82.9601	54.033	-8.45098	-0.026962	128.515	132.138	0.972583
2925	0.00315407	0.22736	82.9853	54.0169	-8.44985	-0.0269637	128.525	132.153	0.972554
2926	0.00315498	0.227385	83.0106	54.0008	-8.44973	-0.0269655	128.535	132.167	0.972516
2927	0.00315588	0.22741	83.0358	53.9847	-8.45066	-0.0269673	128.543	132.182	0.972471
2928	0.00315679	0.227435	83.061	53.9686	-8.4527	-0.0269692	128.55	132.196	0.972418
2929	0.0031577	0.22746	83.0862	53.9526	-8.45586	-0.026971	128.556	132.211	0.972356
2930	0.00315861	0.227485	83.1114	53.9366	-8.46016	-0.0269729	128.561	132.225	0.972286
2931	0.00315952	0.22751	83.1365	53.9205	-8.46566	-0.0269747	128.564	132.24	0.972207
2932	0.00316042	0.227535	83.1616	53.9045	-8.47242	-0.0269766	128.567	132.254	0.972118
2933	0.00316133	0.22756	83.1867	53.8885	-8.48048	-0.0269783	128.568	132.269	0.97202
2934	0.00316224	0.227584	83.2117	53.8726	-8.49004	-0.0269801	128.567	132.283	0.97191
2935	0.00316315	0.227609	83.2367	53.8566	-8.50222	-0.0269817	128.564	132.298	0.97178
2936	0.00316406	0.227634	83.2617	53.8406	-8.51967	-0.0269831	128.556	132.312	0.971611
2937	0.00316496	0.227659	83.2867	53.8247	-8.53531	-0.0269844	128.549	132.326	0.971456
2938	0.00316587	0.227683	83.3117	53.8088	-8.54939	-0.0269857	128.544	132.341	0.971312
2939	0.00316678	0.227708	83.3366	53.7929	-8.56205	-0.0269869	128.54	132.355	0.97118
2940	0.00316769	0.227733	83.3615	53.777	-8.57338	-0.0269881	128.538	132.369	0.971057
2941	0.0031686	0.227757	83.3864	53.7611	-8.58367	-0.0269893	128.537	132.384	0.970942
2942	0.0031695	0.227782	83.4113	53.7452	-8.59298	-0.0269904	128.537	132.398	0.970835
2943	0.00317041	0.227806	83.4361	53.7293	-8.60131	-0.0269916	128.537	132.412	0.970736
2944	0.00317132	0.227831	83.461	53.7135	-8.60867	-0.0269927	128.539	132.426	0.970643
2945	0.00317223	0.227855	83.4858	53.6976	-8.61515	-0.0269938	128.541	132.441	0.970558
2946	0.00317314	0.22788	83.5106	53.6818	-8.62074	-0.0269949	128.545	132.455	0.970479
2947	0.00317404	0.227904	83.5353	53.666	-8.62549	-0.0269961	128.549	132.469	0.970407
2948	0.00317495	0.227929	83.56	53.6502	-8.62944	-0.0269973	128.554	132.483	0.970341
2949	0.00317586	0.227953	83.5848	53.6344	-8.63264	-0.0269985	128.56	132.497	0.97028
2950	0.00317677	0.227977	83.6094	53.6186	-8.63516	-0.0269997	128.566	132.511	0.970225
2951	0.00317767	0.228002	83.6341	53.6029	-8.6371	-0.0270011	128.573	132.526	0.970174
2952	0.00317858	0.228026	83.6588	53.5871	-8.6357	-0.0270025	128.583	132.54	0.970149
2953	0.00317949	0.22805	83.6834	53.5714	-8.63258	-0.0270039	128.595	132.554	0.970136
2954	0.0031804	0.228074	83.708	53.5557	-8.62945	-0.0270053	128.607	132.568	0.970124
2955	0.00318131	0.228098	83.7326	53.54	-8.62662	-0.0270067	128.619	132.582	0.970109
2956	0.00318221	0.228122	83.7571	53.5243	-8.62425	-0.0270081	128.63	132.596	0.970091
2957	0.00318312	0.228147	83.7816	53.5086	-8.62247	-0.0270095	128.641	132.61	0.970069
2958	0.00318403	0.228171	83.8062	53.4929	-8.6214	-0.0270109	128.651	132.624	0.970042
2959	0.00318494	0.228195	83.8306	53.4772	-8.62116	-0.0270123	128.66	132.638	0.970008
2960	0.00318584	0.228219	83.8551	53.4616	-8.62184	-0.0270138	128.668	132.652	0.969967
2961	0.00318675	0.228243	83.8796	53.4459	-8.6235	-0.0270152	128.675	132.666	0.969919
2962	0.00318766	0.228267	83.904	53.4303	-8.6262	-0.0270167	128.681	132.68	0.969863
2963	0.00318857	0.22829	83.9284	53.4147	-8.62997	-0.0270183	128.686	132.694	0.9698
2964	0.00318947	0.228314	83.9528	53.3991	-8.6348	-0.0270198	128.69	132.707	0.969728
2965	0.00319038	0.228338	83.9771	53.3835	-8.64073	-0.0270213	128.693	132.721	0.969648
2966	0.00319129	0.228362	84.0015	53.3679	-8.64785	-0.0270228	128.695	132.735	0.969559
2967	0.0031922	0.228386	84.0258	53.3524	-8.65622	-0.0270243	128.695	132.749	0.969461
2968	0.0031931	0.22841	84.0501	53.3368	-8.66602	-0.0270258	128.694	132.763	0.969352
2969	0.00319401	0.228433	84.0744	53.3212	-8.67803	-0.0270271	128.691	132.777	0.969227
2970	0.00319492	0.228457	84.0986	53.3057	-8.69626	-0.0270283	128.681	132.79	0.969055
2971	0.00319582	0.228481	84.1229	53.2902	-8.71269	-0.0270293	128.673	132.804	0.968896
2972	0.00319673	0.228504	84.1471	53.2747	-8.72758	-0.0270303	128.667	132.818	0.968749
2973	0.00319764	0.228528	84.1713	53.2592	-8.74107	-0.0270312	128.662	132.832	0.968613
2974	0.00319855	0.228552	84.1955	53.2437	-8.75327	-0.0270322	128.659	132.845	0.968487
2975	0.00319945	0.228575	84.2196	53.2282	-8.76436	-0.027033	128.656	132.859	0.968369
2976	0.00320036	0.228599	84.2438	53.2127	-8.7745	-0.0270339	128.655	132.873	0.968258
2977	0.00320127	0.228622	84.2679	53.1972	-8.78368	-0.0270348	128.654	132.886	0.968154
2978	0.00320218	0.228646	84.292	53.1818	-8.7919	-0.0270356	128.655	132.9	0.968058
2979	0.00320308	0.228669	84.3161	53.1664	-8.7992	-0.0270364	128.656	132.914	0.967969
2980	0.00320399	0.228693	84.3402	53.1509	-8.80563	-0.0270373	128.658	132.927	0.967886
2981	0.0032049	0.228716	84.3642	53.1355	-8.81122	-0.0270381	128.661	132.941	0.96781
2982	0.00320581	0.228739	84.3883	53.1201	-8.816	-0.027039	128.665	132.954	0.96774
2983	0.00320671	0.228763	84.4123	53.1047	-8.82003	-0.02704	128.67	132.968	0.967676
2984	0.00320762	0.228786	84.4363	53.0893	-8.82336	-0.027041	128.675	132.982	0.967617
2985	0.00320853	0.228809	84.4602	53.0739	-8.8261	-0.027042	128.681	132.995	0.967562
2986	0.00320944	0.228833	84.4842	53.0585	-8.82701	-0.0270431	128.689	133.009	0.967522
2987	0.00321034	0.228856	84.5081	53.0432	-8.82496	-0.0270443	128.699	133.022	0.967504
2988	0.00321125	0.228879	84.5321	53.0278	-8.8225	-0.0270455	128.71	133.036	0.967488
2989	0.00321216	0.228902	84.556	53.0125	-8.82024	-0.0270466	128.721	133.049	0.967472
2990	0.00321307	0.228925	84.5798	52.9972	-8.81835	-0.0270477	128.732	133.062	0.967452
2991	0.00321397	0.228948	84.6037	52.9819	-8.81696	-0.0270488	128.742	133.076	0.967429
2992	0.00321488	0.228972	84.6275	52.9665	-8.81618	-0.02705	128.751	133.089	0.967402
2993	0.00321579	0.228995	84.6514	52.9512	-8.81614	-0.0270511	128.759	133.103	0.967368
2994	0.0032167	0.229018	84.6752	52.936	-8.81693	-0.0270523	128.767	133.116	0.967329
2995	0.0032176	0.229041	84.6989	52.9207	-8.81861	-0.0270535	128.774	133.13	0.967283
2996	0.00321851	0.229064	84.7227	52.9054	-8.82126	-0.0270547	128.78	133.143	0.96723
2997	0.00321942	0.229087	84.7465	52.8902	-8.8249	-0.027056	128.785	133.156	0.96717
2998	0.00322033	0.22911	84.7702	52.8749	-8.82954	-0.0270572	128.789	133.17	0.967102
2999	0.00322123	0.229132	84.7939	52.8597	-8.83521	-0.0270585	128.791	133.183	0.967026
3000	0.00322214	0.229155	84.8176	52.8445	-8.84198	-0.0270597	128.793	133.196	0.966942
3001	0.00322305	0.229178	84.8413	52.8292	-8.84991	-0.0270609	128.794	133.209	0.96685
3002	0.00322395	0.229201	84.8649	52.814	-8.85912	-0.0270621	128.793	133.223	0.966748
3003	0.00322486	0.229224	84.8886	52.7988	-8.87005	-0.0270632	128.79	133.236	0.966633
3004	0.00322577	0.229247	84.9122	52.7837	-8.886	-0.0270642	128.783	133.249	0.96648
3005	0.00322668	0.229269	84.9358	52.7685	-8.90299	-0.027065	128.774	133.262	0.96632
3006	0.00322758	0.229292	84.9594	52.7533	-8.91834	-0.0270657	128.767	133.276	0.966172
3007	0.00322849	0.229315	84.9829	52.7382	-8.93221	-0.0270664	128.762	133.289	0.966036
3008	0.0032294	0.229338	85.0065	52.723	-8.94475	-0.0270671	128.758	133.302	0.965909
3009	0.00323031	0.22936	85.03	52.7079	-8.95604	-0.0270677	128.755	133.315	0.965792
3010	0.00323121	0.229383	85.0536	52.6927	-8.96636	-0.0270683	128.753	133.328	0.965682
3011	0.00323212	0.229405	85.0771	52.6776	-8.97577	-0.0270689	128.752	133.342	0.965579
3012	0.00323303	0.229428	85.1005	52.6625	-8.98423	-0.0270695	128.752	133.355	0.965484
3013	0.00323394	0.229451	85.124	52.6474	-8.99177	-0.0270701	128.753	133.368	0.965395
3014	0.00323484	0.229473	85.1475	52.6323	-8.99845	-0.0270707	128.754	133.381	0.965313
3015	0.00323575	0.229496	85.1709	52.6172	-9.00431	-0.0270713	128.757	133.394	0.965237
3016	0.00323666	0.229518	85.1943	52.6021	-9.00937	-0.027072	128.76	133.407	0.965167
3017	0.00323757	0.229541	85.2177	52.5871	-9.01367	-0.0270727	128.764	133.42	0.965103
3018	0.00323847	0.229563	85.2411	52.572	-9.01725	-0.0270734	128.769	133.433	0.965044
3019	0.00323938	0.229585	85.2645	52.557	-9.02022	-0.0270742	128.774	133.446	0.96499
3020	0.00324029	0.229608	85.2878	52.5419	-9.02235	-0.027075	128.78	133.459	0.964942
3021	0.0032412	0.22963	85.3112	52.5269	-9.02095	-0.0270759	128.79	133.472	0.964921
3022	0.0032421	0.229652	85.3345	52.5119	-9.01853	-0.0270768	128.801	133.485	0.964907
3023	0.00324301	0.229675	85.3578	52.4969	-9.01619	-0.0270777	128.811	133.498	0.964893
3024	0.00324392	0.229697	85.381	52.4819	-9.01415	-0.0270785	128.822	133.511	0.964877
3025	0.00324483	0.229719	85.4043	52.4669	-9.01252	-0.0270794	128.832	133.524	0.964857
3026	0.00324573	0.229741	85.4276	52.4519	-9.01142	-0.0270803	128.841	133.537	0.964834
3027	0.00324664	0.229764	85.4508	52.4369	-9.01097	-0.0270812	128.85	133.55	0.964806
3028	0.00324755	0.229786	85.474	52.422	-9.01126	-0.0270821	128.858	133.563	0.964773
3029	0.00324845	0.229808	85.4972	52.407	-9.01239	-0.027083	128.865	133.576	0.964733
3030	0.00324936	0.22983	85.5204	52.3921	-9.01441	-0.027084	128.871	133.588	0.964686
3031	0.00325027	0.229852	85.5435	52.3771	-9.01737	-0.027085	128.876	133.601	0.964633
3032	0.00325118	0.229874	85.5667	52.3622	-9.02129	-0.027086	128.881	133.614	0.964573
3033	0.00325208	0.229896	85.5898	52.3473	-9.02619	-0.027087	128.884	133.627	0.964505
3034	0.00325299	0.229918	85.6129	52.3324	-9.03214	-0.027088	128.886	133.64	0.964429
3035	0.0032539	0.22994	85.636	52.3175	-9.03918	-0.027089	128.887	133.653	0.964345
3036	0.00325481	0.229962	85.6591	52.3026	-9.04733	-0.02709	128.887	133.665	0.964254
3037	0.00325571	0.229984	85.6821	52.2877	-9.05676	-0.0270909	128.886	133.678	0.964152
3038	0.00325662	0.230006	85.7052	52.2729	-9.06809	-0.0270918	128.883	133.691	0.964037
3039	0.00325753	0.230028	85.7282	52.258	-9.08595	-0.0270924	128.873	133.704	0.963872
3040	0.00325844	0.23005	85.7512	52.2432	-9.10195	-0.0270929	128.865	133.716	0.963722
3041	0.00325934	0.230072	85.7742	52.2283	-9.11634	-0.0270934	128.859	133.729	0.963584
3042	0.00326025	0.230094	85.7972	52.2135	-9.1293	-0.0270939	128.854	133.742	0.963456
3043	0.00326116	0.230116	85.8201	52.1986	-9.14092	-0.0270943	128.851	133.754	0.963339
3044	0.00326207	0.230137	85.8431	52.1838	-9.15138	-0.0270947	128.848	133.767	0.96323
3045	0.00326297	0.230159	85.866	52.169	-9.16088	-0.0270951	128.847	133.78	0.963128
3046	0.00326388	0.230181	85.8889	52.1542	-9.16944	-0.0270955	128.847	133.792	0.963034
3047	0.00326479	0.230203	85.9118	52.1394	-9.17704	-0.0270959	128.847	133.805	0.962947
3048	0.0032657	0.230224	85.9347	52.1246	-9.1837	-0.0270963	128.849	133.818	0.962867
3049	0.0032666	0.230246	85.9576	52.1099	-9.18952	-0.0270967	128.851	133.83	0.962793
3050	0.00326751	0.230268	85.9804	52.0951	-9.19451	-0.0270971	128.854	133.843	0.962726
3051	0.00326842	0.230289	86.0033	52.0803	-9.19871	-0.0270975	128.858	133.855	0.962664
3052	0.00326933	0.230311	86.0261	52.0656	-9.20216	-0.027098	128.862	133.868	0.962609
3053	0.00327023	0.230333	86.0489	52.0509	-9.20494	-0.0270985	128.868	133.88	0.962558
3054	0.00327114	0.230354	86.0717	52.0361	-9.20583	-0.0270992	128.875	133.893	0.962521
3055	0.00327205	0.230376	86.0945	52.0214	-9.20345	-0.0270999	128.885	133.906	0.962509
3056	0.00327296	0.230397	86.1172	52.0067	-9.20058	-0.0271006	128.896	133.918	0.962501
3057	0.00327386	0.230419	86.1399	51.992	-9.1978	-0.0271012	128.907	133.931	0.962492
3058	0.00327477	0.23044	86.1627	51.9773	-9.19527	-0.0271019	128.918	133.943	0.962481
3059	0.00327568	0.230462	86.1854	51.9626	-9.19311	-0.0271025	128.928	133.956	0.962467
3060	0.00327659	0.230483	86.2081	51.9479	-9.19144	-0.0271032	128.937	133.968	0.96245
3061	0.00327749	0.230505	86.2307	51.9333	-9.19037	-0.0271039	128.947	133.98	0.962428
3062	0.0032784	0.230526	86.2534	51.9186	-9.19001	-0.0271046	128.955	133.993	0.962401
3063	0.00327931	0.230547	86.276	51.904	-9.19046	-0.0271054	128.962	134.005	0.962368
3064	0.00328022	0.230569	86.2986	51.8893	-9.19178	-0.0271062	128.969	134.018	0.962329
3065	0.00328112	0.23059	86.3212	51.8747	-9.19401	-0.027107	128.975	134.03	0.962283
3066	0.00328203	0.230611	86.3438	51.8601	-9.19718	-0.0271078	128.98	134.042	0.96223
3067	0.00328294	0.230632	86.3664	51.8454	-9.20132	-0.0271086	128.983	134.055	0.96217
3068	0.00328385	0.230654	86.389	51.8308	-9.20652	-0.0271094	128.986	134.067	0.962102
3069	0.00328475	0.230675	86.4115	51.8162	-9.21276	-0.0271102	128.988	134.079	0.962026
3070	0.00328566	0.230696	86.434	51.8017	-9.22006	-0.027111	128.989	134.092	0.961942
3071	0.00328657	0.230717	86.4565	51.7871	-9.2285	-0.0271117	128.988	134.104	0.96185
3072	0.00328748	0.230738	86.479	51.7725	-9.23842	-0.0271124	128.986	134.116	0.961747
3073	0.00328838	0.23076	86.5015	51.7579	-9.25194	-0.027113	128.98	134.129	0.961617
3074	0.00328929	0.230781	86.524	51.7434	-9.26829	-0.0271133	128.972	134.141	0.961467
3075	0.0032902	0.230802	86.5464	51.7289	-9.28282	-0.0271137	128.965	134.153	0.961329
3076	0.00329111	0.230823	86.5689	51.7143	-9.29573	-0.0271139	128.96	134.165	0.961204
3077	0.00329202	0.230844	86.5913	51.6998	-9.30717	-0.0271142	128.957	134.178	0.96109
3078	0.00329292	0.230865	86.6137	51.6853	-9.31725	-0.0271144	128.955	134.19	0.960986
3079	0.00329383	0.230886	86.6361	51.6708	-9.32626	-0.0271147	128.953	134.202	0.960891
3080	0.00329474	0.230907	86.6584	51.6563	-9.33426	-0.0271149	128.953	134.214	0.960802
3081	0.00329565	0.230928	86.6808	51.6418	-9.34127	-0.0271151	128.954	134.226	0.960721
3082	0.00329655	0.230949	86.7031	51.6273	-9.34729	-0.0271153	128.956	134.239	0.960648
3083	0.00329746	0.23097	86.7255	51.6128	-9.35242	-0.0271155	128.959	134.251	0.960581
3084	0.00329837	0.23099	86.7478	51.5983	-9.3567	-0.0271157	128.962	134.263	0.960521
3085	0.00329928	0.231011	86.7701	51.5839	-9.36016	-0.027116	128.967	134.275	0.960467
3086	0.00330018	0.231032	86.7923	51.5694	-9.36284	-0.0271163	128.972	134.287	0.960419
3087	0.00330109	0.231053	86.8146	51.555	-9.3648	-0.0271167	128.978	134.299	0.960376
3088	0.003302	0.231074	86.8369	51.5405	-9.36379	-0.0271171	128.986	134.311	0.960355
3089	0.00330291	0.231095	86.8591	51.5261	-9.36019	-0.0271177	128.998	134.323	0.960354
3090	0.00330382	0.231115	86.8813	51.5117	-9.3563	-0.0271182	129.01	134.335	0.960354
3091	0.00330472	0.231136	86.9035	51.4973	-9.35247	-0.0271187	129.021	134.347	0.960355
3092	0.00330563	0.231157	86.9257	51.4829	-9.34885	-0.0271192	129.033	134.359	0.960354
3093	0.00330654	0.231177	86.9479	51.4685	-9.34556	-0.0271197	129.044	134.371	0.96035
3094	0.00330745	0.231198	86.97	51.4541	-9.34273	-0.0271202	129.054	134.383	0.960343
3095	0.00330836	0.231219	86.9921	51.4397	-9.3405	-0.0271207	129.064	134.395	0.960332
3096	0.00330926	0.231239	87.0143	51.4254	-9.33896	-0.0271213	129.074	134.407	0.960315
3097	0.00331017	0.23126	87.0364	51.411	-9.33822	-0.0271219	129.082	134.419	0.960293
3098	0.00331108	0.23128	87.0585	51.3967	-9.33834	-0.0271226	129.09	134.431	0.960264
3099	0.00331199	0.231301	87.0805	51.3823	-9.33938	-0.0271233	129.096	134.443	0.960229
3100	0.00331289	0.231321	87.1026	51.368	-9.34135	-0.0271239	129.102	134.455	0.960186
3101	0.0033138	0.231342	87.1246	51.3537	-9.34432	-0.0271246	129.107	134.467	0.960136
3102	0.00331471	0.231362	87.1467	51.3394	-9.34834	-0.0271253	129.111	134.479	0.960079
3103	0.00331562	0.231383	87.1687	51.325	-9.35339	-0.027126	129.113	134.491	0.960014
3104	0.00331652	0.231403	87.1907	51.3107	-9.35945	-0.0271266	129.115	134.503	0.959941
3105	0.00331743	0.231424	87.2126	51.2965	-9.36655	-0.0271272	129.115	134.515	0.959861
3106	0.00331834	0.231444	87.2346	51.2822	-9.37484	-0.0271278	129.115	134.527	0.959772
3107	0.00331925	0.231465	87.2566	51.2679	-9.38506	-0.0271283	129.112	134.538	0.959668
3108	0.00332016	0.231485	87.2785	51.2536	-9.40113	-0.0271286	129.104	134.55	0.959522
3109	0.00332106	0.231505	87.3004	51.2394	-9.4152	-0.0271288	129.097	134.562	0.95939
3110	0.00332197	0.231526	87.3223	51.2251	-9.42754	-0.027129	129.093	134.574	0.959271
3111	0.00332288	0.231546	87.3442	51.2109	-9.43831	-0.0271291	129.09	134.586	0.959164
3112	0.00332379	0.231566	87.3661	51.1967	-9.44763	-0.0271292	129.088	134.597	0.959067
3113	0.0033247	0.231586	87.3879	51.1824	-9.45576	-0.0271293	129.087	134.609	0.95898
3114	0.0033256	0.231607	87.4098	51.1682	-9.46285	-0.0271294	129.088	134.621	0.9589
3115	0.00332651	0.231627	87.4316	51.154	-9.4689	-0.0271295	129.09	134.633	0.958828
3116	0.00332742	0.231647	87.4534	51.1398	-9.47395	-0.0271296	129.092	134.644	0.958764
3117	0.00332833	0.231667	87.4752	51.1256	-9.47809	-0.0271297	129.096	134.656	0.958706
3118	0.00332924	0.231687	87.497	51.1115	-9.48135	-0.0271298	129.1	134.668	0.958655
3119	0.00333014	0.231707	87.5188	51.0973	-9.48378	-0.02713	129.105	134.68	0.95861
3120	0.00333105	0.231727	87.5405	51.0831	-9.48542	-0.0271302	129.111	134.691	0.958571
3121	0.00333196	0.231748	87.5623	51.069	-9.48632	-0.0271304	129.118	134.703	0.958538
3122	0.00333287	0.231768	87.584	51.0548	-9.48348	-0.0271308	129.128	134.715	0.958532
3123	0.00333378	0.231788	87.6057	51.0407	-9.47862	-0.0271312	129.141	134.726	0.958541
3124	0.00333468	0.231808	87.6274	51.0265	-9.47354	-0.0271316	129.153	134.738	0.958552
3125	0.00333559	0.231828	87.6491	51.0124	-9.46851	-0.027132	129.166	134.749	0.958563
3126	0.0033365	0.231848	87.6708	50.9983	-9.46369	-0.0271324	129.178	134.761	0.958572
3127	0.00333741	0.231868	87.6924	50.9842	-9.4592	-0.0271328	129.19	134.773	0.958579
3128	0.00333832	0.231887	87.714	50.9701	-9.45519	-0.0271332	129.202	134.784	0.958582
3129	0.00333922	0.231907	87.7356	50.956	-9.45179	-0.0271337	129.213	134.796	0.958581
3130	0.00334013	0.231927	87.7572	50.9419	-9.44911	-0.0271342	129.223	134.807	0.958575
3131	0.00334104	0.231947	87.7788	50.9279	-9.44724	-0.0271347	129.232	134.819	0.958562
3132	0.00334195	0.231967	87.8004	50.9138	-9.44626	-0.0271353	129.241	134.83	0.958543
3133	0.00334286	0.231987	87.8219	50.8998	-9.44621	-0.0271359	129.248	134.842	0.958517
3134	0.00334376	0.232007	87.8435	50.8857	-9.44713	-0.0271365	129.255	134.853	0.958484
3135	0.00334467	0.232026	87.865	50.8717	-9.44907	-0.0271371	129.26	134.865	0.958444
3136	0.00334558	0.232046	87.8865	50.8577	-9.45207	-0.0271377	129.265	134.876	0.958395
3137	0.00334649	0.232066	87.908	50.8436	-9.45611	-0.0271383	129.268	134.888	0.958339
3138	0.0033474	0.232086	87.9295	50.8296	-9.46116	-0.0271388	129.271	134.899	0.958276
3139	0.00334831	0.232105	87.9509	50.8156	-9.46721	-0.0271394	129.272	134.911	0.958205
3140	0.00334921	0.232125	87.9724	50.8016	-9.47436	-0.0271399	129.273	134.922	0.958126
3141	0.00335012	0.232145	87.9938	50.7876	-9.483	-0.0271403	129.271	134.934	0.958036
3142	0.00335103	0.232164	88.0152	50.7737	-9.49658	-0.0271406	129.265	134.945	0.95791
3143	0.00335194	0.232184	88.0366	50.7597	-9.51043	-0.0271407	129.259	134.956	0.957781
3144	0.00335285	0.232203	88.058	50.7457	-9.5224	-0.0271408	129.254	134.968	0.957667
3145	0.00335375	0.232223	88.0794	50.7318	-9.53269	-0.0271409	129.251	134.979	0.957565
3146	0.00335466	0.232242	88.1007	50.7178	-9.54144	-0.0271409	129.25	134.991	0.957474
3147	0.00335557	0.232262	88.1221	50.7039	-9.54891	-0.027141	129.25	135.002	0.957393
3148	0.00335648	0.232282	88.1434	50.69	-9.55527	-0.027141	129.251	135.013	0.957321
3149	0.00335739	0.232301	88.1647	50.6761	-9.56056	-0.027141	129.253	135.025	0.957256
3150	0.0033583	0.23232	88.186	50.6622	-9.56481	-0.027141	129.256	135.036	0.957199
3151	0.0033592	0.23234	88.2073	50.6483	-9.56812	-0.027141	129.26	135.047	0.957149
3152	0.00336011	0.232359	88.2286	50.6344	-9.57052	-0.0271411	129.265	135.059	0.957106
3153	0.00336102	0.232379	88.2498	50.6205	-9.57205	-0.0271411	129.271	135.07	0.957069
3154	0.00336193	0.232398	88.271	50.6066	-9.57275	-0.0271412	129.278	135.081	0.957039
3155	0.00336284	0.232417	88.2923	50.5927	-9.57269	-0.0271414	129.285	135.092	0.957014
3156	0.00336375	0.232437	88.3135	50.5789	-9.56862	-0.0271417	129.297	135.104	0.957019
3157	0.00336466	0.232456	88.3347	50.565	-9.56259	-0.027142	129.31	135.115	0.957038
3158	0.00336556	0.232475	88.3558	50.5512	-9.55633	-0.0271423	129.324	135.126	0.957059
3159	0.00336647	0.232495	88.377	50.5374	-9.55009	-0.0271426	129.337	135.137	0.95708
3160	0.00336738	0.232514	88.3981	50.5235	-9.54404	-0.0271429	129.35	135.148	0.9571
3161	0.00336829	0.232533	88.4192	50.5097	-9.53831	-0.0271432	129.364	135.16	0.957117
3162	0.0033692	0.232552	88.4404	50.4959	-9.53306	-0.0271436	129.376	135.171	0.957131
3163	0.00337011	0.232572	88.4614	50.4821	-9.52843	-0.027144	129.388	135.182	0.95714
3164	0.00337102	0.232591	88.4825	50.4683	-9.52453	-0.0271444	129.399	135.193	0.957144
3165	0.00337192	0.23261	88.5036	50.4546	-9.52146	-0.0271449	129.41	135.204	0.957142
3166	0.00337283	0.232629	88.5246	50.4408	-9.51929	-0.0271454	129.419	135.215	0.957133
3167	0.00337374	0.232648	88.5456	50.427	-9.51809	-0.0271459	129.427	135.226	0.957117
3168	0.00337465	0.232667	88.5667	50.4133	-9.51786	-0.0271464	129.435	135.237	0.957094
3169	0.00337556	0.232686	88.5877	50.3995	-9.51865	-0.0271469	129.441	135.249	0.957063
3170	0.00337647	0.232705	88.6086	50.3858	-9.52053	-0.0271475	129.447	135.26	0.957025
3171	0.00337737	0.232724	88.6296	50.3721	-9.52346	-0.027148	129.451	135.271	0.956978
3172	0.00337828	0.232743	88.6505	50.3584	-9.52741	-0.0271485	129.454	135.282	0.956925
3173	0.00337919	0.232762	88.6715	50.3447	-9.53234	-0.0271489	129.457	135.293	0.956864
3174	0.0033801	0.232781	88.6924	50.331	-9.53826	-0.0271494	129.458	135.304	0.956795
3175	0.00338101	0.2328	88.7133	50.3173	-9.5454	-0.0271498	129.458	135.315	0.956718
3176	0.00338192	0.232819	88.7342	50.3036	-9.55501	-0.0271501	129.456	135.326	0.956623
3177	0.00338283	0.232838	88.7551	50.2899	-9.56892	-0.0271502	129.449	135.337	0.956495
3178	0.00338373	0.232857	88.7759	50.2763	-9.58076	-0.0271502	129.444	135.348	0.956383
3179	0.00338464	0.232876	88.7967	50.2626	-9.59079	-0.0271502	129.441	135.359	0.956285
3180	0.00338555	0.232894	88.8176	50.249	-9.59917	-0.0271502	129.44	135.37	0.956199
3181	0.00338646	0.232913	88.8384	50.2353	-9.60609	-0.0271502	129.44	135.38	0.956123
3182	0.00338737	0.232932	88.8592	50.2217	-9.61185	-0.0271502	129.442	135.391	0.956057
3183	0.00338828	0.232951	88.8799	50.2081	-9.61648	-0.0271501	129.444	135.402	0.955998
3184	0.00338919	0.23297	88.9007	50.1945	-9.62005	-0.02715	129.448	135.413	0.955948
3185	0.0033901	0.232988	88.9215	50.1809	-9.62264	-0.02715	129.453	135.424	0.955905
3186	0.003391	0.233007	88.9422	50.1673	-9.62428	-0.0271499	129.458	135.435	0.955869
3187	0.00339191	0.233026	88.9629	50.1537	-9.62501	-0.0271499	129.464	135.446	0.955839
3188	0.00339282	0.233044	88.9836	50.1401	-9.62489	-0.0271499	129.472	135.457	0.955816
3189	0.00339373	0.233063	89.0043	50.1266	-9.62398	-0.02715	129.48	135.468	0.955799
3190	0.00339464	0.233082	89.0249	50.113	-9.61944	-0.0271502	129.491	135.478	0.955809
3191	0.00339555	0.2331	89.0456	50.0995	-9.61245	-0.0271504	129.505	135.489	0.955836
3192	0.00339646	0.233119	89.0662	50.0859	-9.60507	-0.0271507	129.52	135.5	0.955867
3193	0.00339737	0.233137	89.0868	50.0724	-9.5977	-0.0271509	129.534	135.511	0.955898
3194	0.00339828	0.233156	89.1074	50.0589	-9.59048	-0.0271511	129.549	135.522	0.955927
3195	0.00339919	0.233174	89.128	50.0454	-9.58359	-0.0271514	129.563	135.532	0.955954
3196	0.00340009	0.233193	89.1486	50.0319	-9.57718	-0.0271516	129.576	135.543	0.955978
3197	0.003401	0.233211	89.1691	50.0184	-9.5714	-0.027152	129.589	135.554	0.955997
3198	0.00340191	0.23323	89.1897	50.0049	-9.56638	-0.0271523	129.601	135.564	0.95601
3199	0.00340282	0.233248	89.2102	49.9914	-9.56221	-0.0271527	129.612	135.575	0.956018
3200	0.00340373	0.233267	89.2307	49.978	-9.55899	-0.0271532	129.623	135.586	0.956018
3201	0.00340464	0.233285	89.2512	49.9645	-9.55677	-0.0271536	129.632	135.597	0.956011
3202	0.00340555	0.233303	89.2716	49.9511	-9.55557	-0.0271541	129.64	135.607	0.955996
3203	0.00340646	0.233322	89.2921	49.9377	-9.55542	-0.0271546	129.647	135.618	0.955974
3204	0.00340737	0.23334	89.3125	49.9242	-9.55639	-0.0271551	129.653	135.629	0.955943
3205	0.00340828	0.233358	89.3329	49.9108	-9.55845	-0.0271556	129.658	135.639	0.955905
3206	0.00340918	0.233377	89.3533	49.8974	-9.56157	-0.027156	129.662	135.65	0.955858
3207	0.00341009	0.233395	89.3737	49.884	-9.56569	-0.0271565	129.665	135.66	0.955805
3208	0.003411	0.233413	89.3941	49.8706	-9.57079	-0.0271569	129.667	135.671	0.955744
3209	0.00341191	0.233431	89.4145	49.8573	-9.57696	-0.0271573	129.668	135.682	0.955675
3210	0.00341282	0.23345	89.4348	49.8439	-9.58476	-0.0271576	129.667	135.692	0.955595
3211	0.00341373	0.233468	89.4551	49.8305	-9.59876	-0.0271577	129.66	135.703	0.955468
3212	0.00341464	0.233486	89.4754	49.8172	-9.61061	-0.0271577	129.655	135.713	0.955358
3213	0.00341555	0.233504	89.4957	49.8039	-9.62058	-0.0271577	129.652	135.724	0.955262
3214	0.00341646	0.233522	89.516	49.7905	-9.62885	-0.0271576	129.65	135.734	0.955178
3215	0.00341737	0.23354	89.5362	49.7772	-9.6356	-0.0271576	129.651	135.745	0.955105
3216	0.00341828	0.233558	89.5565	49.7639	-9.64113	-0.0271575	129.652	135.755	0.955042
3217	0.00341919	0.233576	89.5767	49.7506	-9.64553	-0.0271574	129.655	135.766	0.954986
3218	0.0034201	0.233594	89.5969	49.7373	-9.64885	-0.0271573	129.658	135.776	0.954939
3219	0.00342101	0.233612	89.6171	49.724	-9.65116	-0.0271572	129.663	135.787	0.954899
3220	0.00342191	0.23363	89.6373	49.7107	-9.65251	-0.0271571	129.668	135.797	0.954867
3221	0.00342282	0.233648	89.6575	49.6975	-9.65293	-0.027157	129.675	135.808	0.954841
3222	0.00342373	0.233666	89.6776	49.6842	-9.65246	-0.027157	129.682	135.818	0.954822
3223	0.00342464	0.233684	89.6977	49.671	-9.65119	-0.027157	129.69	135.829	0.954808
3224	0.00342555	0.233702	89.7178	49.6577	-9.64626	-0.0271572	129.702	135.839	0.954822
3225	0.00342646	0.23372	89.7379	49.6445	-9.63879	-0.0271574	129.716	135.849	0.954855
3226	0.00342737	0.233738	89.758	49.6313	-9.63088	-0.0271576	129.731	135.86	0.95489
3227	0.00342828	0.233756	89.7781	49.6181	-9.62293	-0.0271578	129.746	135.87	0.954926
3228	0.00342919	0.233774	89.7981	49.6049	-9.61512	-0.027158	129.761	135.881	0.954961
3229	0.0034301	0.233791	89.8181	49.5917	-9.60764	-0.0271582	129.775	135.891	0.954994
3230	0.00343101	0.233809	89.8382	49.5785	-9.60064	-0.0271584	129.789	135.901	0.955023
3231	0.00343192	0.233827	89.8582	49.5653	-9.59428	-0.0271587	129.802	135.912	0.955048
3232	0.00343283	0.233845	89.8781	49.5522	-9.5887	-0.0271591	129.814	135.922	0.955066
3233	0.00343374	0.233862	89.8981	49.539	-9.584	-0.0271594	129.826	135.932	0.955079
3234	0.00343465	0.23388	89.918	49.5259	-9.58026	-0.0271599	129.836	135.942	0.955084
3235	0.00343556	0.233898	89.938	49.5127	-9.57755	-0.0271603	129.846	135.953	0.955082
3236	0.00343647	0.233915	89.9579	49.4996	-9.5759	-0.0271608	129.854	135.963	0.955072
3237	0.00343738	0.233933	89.9778	49.4865	-9.57532	-0.0271612	129.862	135.973	0.955054
3238	0.00343829	0.233951	89.9976	49.4734	-9.57586	-0.0271617	129.868	135.984	0.955028
3239	0.0034392	0.233968	90.0175	49.4603	-9.57753	-0.0271622	129.873	135.994	0.954993
3240	0.00344011	0.233986	90.0373	49.4472	-9.58028	-0.0271626	129.877	136.004	0.954951
3241	0.00344102	0.234003	90.0572	49.4342	-9.58404	-0.0271631	129.88	136.014	0.954902
3242	0.00344193	0.234021	90.077	49.4211	-9.58876	-0.0271635	129.882	136.024	0.954845
3243	0.00344284	0.234039	90.0968	49.408	-9.5945	-0.0271638	129.883	136.035	0.954781
3244	0.00344375	0.234056	90.1166	49.395	-9.60163	-0.0271641	129.883	136.045	0.954707
3245	0.00344466	0.234073	90.1363	49.382	-9.61312	-0.0271643	129.878	136.055	0.9546
3246	0.00344557	0.234091	90.1561	49.3689	-9.62546	-0.0271643	129.872	136.065	0.954488
3247	0.00344648	0.234108	90.1758	49.3559	-9.63577	-0.0271643	129.869	136.075	0.95439
3248	0.00344739	0.234126	90.1955	49.3429	-9.64429	-0.0271642	129.867	136.085	0.954306
3249	0.0034483	0.234143	90.2152	49.3299	-9.65114	-0.0271642	129.867	136.095	0.954234
3250	0.00344921	0.234161	90.2349	49.3169	-9.6567	-0.0271641	129.868	136.105	0.954172
3251	0.00345012	0.234178	90.2546	49.3039	-9.66107	-0.027164	129.87	136.116	0.954118
3252	0.00345103	0.234195	90.2742	49.291	-9.66431	-0.0271639	129.874	136.126	0.954072
3253	0.00345194	0.234213	90.2938	49.278	-9.66653	-0.0271638	129.878	136.136	0.954035
3254	0.00345285	0.23423	90.3135	49.265	-9.66774	-0.0271637	129.884	136.146	0.954004
3255	0.00345376	0.234247	90.3331	49.2521	-9.668	-0.0271636	129.89	136.156	0.953981
3256	0.00345467	0.234264	90.3527	49.2392	-9.66735	-0.0271635	129.897	136.166	0.953964
3257	0.00345558	0.234282	90.3722	49.2262	-9.66586	-0.0271635	129.905	136.176	0.953954
3258	0.00345649	0.234299	90.3918	49.2133	-9.66162	-0.0271636	129.916	136.186	0.953964
3259	0.0034574	0.234316	90.4113	49.2004	-9.65397	-0.0271638	129.931	136.196	0.953999
3260	0.00345831	0.234333	90.4308	49.1875	-9.64568	-0.027164	129.946	136.206	0.954038
3261	0.00345922	0.23435	90.4503	49.1746	-9.6373	-0.0271642	129.961	136.216	0.954079
3262	0.00346013	0.234367	90.4698	49.1618	-9.62904	-0.0271644	129.975	136.226	0.954118
3263	0.00346104	0.234385	90.4893	49.1489	-9.6211	-0.0271646	129.99	136.236	0.954155
3264	0.00346195	0.234402	90.5087	49.1361	-9.61364	-0.0271648	130.004	136.246	0.954189
3265	0.00346286	0.234419	90.5282	49.1232	-9.60682	-0.0271651	130.017	136.255	0.954218
3266	0.00346377	0.234436	90.5476	49.1104	-9.60079	-0.0271654	130.03	136.265	0.954241
3267	0.00346468	0.234453	90.567	49.0975	-9.59565	-0.0271658	130.042	136.275	0.954257
3268	0.00346559	0.23447	90.5864	49.0847	-9.59151	-0.0271662	130.052	136.285	0.954267
3269	0.0034665	0.234487	90.6057	49.0719	-9.58842	-0.0271666	130.062	136.295	0.954269
3270	0.00346741	0.234504	90.6251	49.0591	-9.58642	-0.0271671	130.071	136.305	0.954262
3271	0.00346832	0.234521	90.6444	49.0463	-9.58553	-0.0271676	130.078	136.315	0.954248
3272	0.00346923	0.234538	90.6637	49.0336	-9.58576	-0.0271681	130.084	136.325	0.954225
3273	0.00347014	0.234554	90.6831	49.0208	-9.58716	-0.0271685	130.09	136.334	0.954194
3274	0.00347105	0.234571	90.7023	49.008	-9.58969	-0.027169	130.094	136.344	0.954155
3275	0.00347196	0.234588	90.7216	48.9953	-9.59328	-0.0271695	130.096	136.354	0.954108
3276	0.00347287	0.234605	90.7409	48.9825	-9.59789	-0.0271699	130.098	136.364	0.954053
3277	0.00347378	0.234622	90.7601	48.9698	-9.60354	-0.0271702	130.099	136.374	0.953991
3278	0.00347469	0.234639	90.7793	48.9571	-9.61059	-0.0271706	130.099	136.383	0.953919
3279	0.0034756	0.234655	90.7985	48.9444	-9.62163	-0.0271708	130.094	136.393	0.953817
3280	0.00347652	0.234672	90.8177	48.9317	-9.63427	-0.0271708	130.088	136.403	0.953704
3281	0.00347743	0.234689	90.8369	48.919	-9.64486	-0.0271708	130.084	136.413	0.953606
3282	0.00347834	0.234706	90.8561	48.9063	-9.65364	-0.0271707	130.082	136.422	0.953521
3283	0.00347925	0.234722	90.8752	48.8936	-9.66075	-0.0271707	130.081	136.432	0.953448
3284	0.00348016	0.234739	90.8943	48.8809	-9.66653	-0.0271706	130.082	136.442	0.953385
3285	0.00348107	0.234756	90.9134	48.8683	-9.67111	-0.0271704	130.083	136.451	0.953331
3286	0.00348198	0.234772	90.9325	48.8556	-9.67453	-0.0271703	130.086	136.461	0.953286
3287	0.00348289	0.234789	90.9516	48.843	-9.67692	-0.0271702	130.091	136.471	0.953248
3288	0.0034838	0.234806	90.9707	48.8304	-9.6783	-0.0271701	130.096	136.48	0.953218
3289	0.00348471	0.234822	90.9897	48.8178	-9.6787	-0.02717	130.102	136.49	0.953195
3290	0.00348562	0.234839	91.0088	48.8051	-9.67818	-0.0271699	130.109	136.5	0.953178
3291	0.00348653	0.234855	91.0278	48.7925	-9.6768	-0.0271699	130.116	136.509	0.953168
3292	0.00348744	0.234872	91.0468	48.7799	-9.67465	-0.0271699	130.125	136.519	0.953164
3293	0.00348836	0.234888	91.0658	48.7674	-9.66791	-0.0271701	130.138	136.529	0.953193
3294	0.00348927	0.234905	91.0847	48.7548	-9.65958	-0.0271703	130.153	136.538	0.953234
3295	0.00349018	0.234921	91.1037	48.7422	-9.65104	-0.0271705	130.168	136.548	0.953276
3296	0.00349109	0.234938	91.1226	48.7297	-9.64261	-0.0271706	130.183	136.557	0.953318
3297	0.003492	0.234954	91.1415	48.7171	-9.63446	-0.0271708	130.197	136.567	0.953358
3298	0.00349291	0.234971	91.1604	48.7046	-9.62676	-0.0271711	130.211	136.576	0.953394
3299	0.00349382	0.234987	91.1793	48.6921	-9.61966	-0.0271713	130.225	136.586	0.953426
3300	0.00349473	0.235003	91.1982	48.6796	-9.61333	-0.0271716	130.237	136.595	0.953452
3301	0.00349564	0.23502	91.217	48.6671	-9.60788	-0.0271719	130.249	136.605	0.953472
3302	0.00349655	0.235036	91.2359	48.6546	-9.60341	-0.0271723	130.26	136.614	0.953485
3303	0.00349746	0.235052	91.2547	48.6421	-9.59999	-0.0271727	130.27	136.624	0.953491
3304	0.00349838	0.235069	91.2735	48.6296	-9.59766	-0.0271732	130.278	136.633	0.953488
3305	0.00349929	0.235085	91.2923	48.6171	-9.59646	-0.0271736	130.286	136.643	0.953477
3306	0.0035002	0.235101	91.311	48.6047	-9.59637	-0.0271741	130.292	136.652	0.953458
3307	0.00350111	0.235118	91.3298	48.5922	-9.59746	-0.0271746	130.297	136.662	0.95343
3308	0.00350202	0.235134	91.3485	48.5798	-9.5997	-0.0271751	130.301	136.671	0.953394
3309	0.00350293	0.23515	91.3673	48.5674	-9.60306	-0.0271755	130.304	136.681	0.95335
3310	0.00350384	0.235166	91.386	48.5549	-9.60748	-0.0271759	130.306	136.69	0.953298
3311	0.00350475	0.235182	91.4046	48.5425	-9.61299	-0.0271763	130.307	136.699	0.953238
3312	0.00350566	0.235198	91.4233	48.5301	-9.61991	-0.0271767	130.306	136.709	0.953168
3313	0.00350658	0.235215	91.442	48.5177	-9.63038	-0.0271769	130.302	136.718	0.953072
3314	0.00350749	0.235231	91.4606	48.5054	-9.64342	-0.0271769	130.295	136.727	0.952957
3315	0.0035084	0.235247	91.4793	48.493	-9.6544	-0.0271769	130.291	136.737	0.952857
3316	0.00350931	0.235263	91.4979	48.4806	-9.66356	-0.0271768	130.288	136.746	0.952771
3317	0.00351022	0.235279	91.5165	48.4683	-9.67106	-0.0271767	130.286	136.756	0.952697
3318	0.00351113	0.235295	91.535	48.4559	-9.67719	-0.0271766	130.287	136.765	0.952632
3319	0.00351204	0.235311	91.5536	48.4436	-9.68213	-0.0271765	130.288	136.774	0.952577
3320	0.00351295	0.235327	91.5722	48.4313	-9.68592	-0.0271763	130.29	136.783	0.95253
3321	0.00351387	0.235343	91.5907	48.4189	-9.68865	-0.0271762	130.294	136.793	0.952491
3322	0.00351478	0.235359	91.6092	48.4066	-9.69036	-0.027176	130.298	136.802	0.952459
3323	0.00351569	0.235375	91.6277	48.3943	-9.69111	-0.0271759	130.304	136.811	0.952435
3324	0.0035166	0.235391	91.6462	48.382	-9.69093	-0.0271758	130.31	136.821	0.952417
3325	0.00351751	0.235407	91.6647	48.3698	-9.68991	-0.0271757	130.317	136.83	0.952405
3326	0.00351842	0.235423	91.6831	48.3575	-9.6881	-0.0271757	130.325	136.839	0.952399
3327	0.00351933	0.235438	91.7016	48.3452	-9.6832	-0.0271758	130.336	136.848	0.952416
3328	0.00352025	0.235454	91.72	48.333	-9.67535	-0.027176	130.35	136.857	0.952454
3329	0.00352116	0.23547	91.7384	48.3207	-9.66709	-0.0271762	130.365	136.867	0.952496
3330	0.00352207	0.235486	91.7568	48.3085	-9.65889	-0.0271764	130.379	136.876	0.952537
3331	0.00352298	0.235502	91.7752	48.2963	-9.65095	-0.0271765	130.393	136.885	0.952576
3332	0.00352389	0.235517	91.7935	48.2841	-9.64344	-0.0271767	130.407	136.894	0.952612
3333	0.0035248	0.235533	91.8119	48.2719	-9.63651	-0.027177	130.42	136.903	0.952644
3334	0.00352571	0.235549	91.8302	48.2597	-9.63031	-0.0271772	130.432	136.912	0.95267
3335	0.00352663	0.235565	91.8485	48.2475	-9.62499	-0.0271775	130.444	136.922	0.95269
3336	0.00352754	0.23558	91.8668	48.2353	-9.62063	-0.0271779	130.454	136.931	0.952703
3337	0.00352845	0.235596	91.8851	48.2231	-9.61733	-0.0271783	130.464	136.94	0.952708
3338	0.00352936	0.235612	91.9033	48.211	-9.61512	-0.0271787	130.472	136.949	0.952706
3339	0.00353027	0.235627	91.9216	48.1988	-9.61404	-0.0271791	130.479	136.958	0.952695
3340	0.00353118	0.235643	91.9398	48.1867	-9.61411	-0.0271796	130.485	136.967	0.952676
3341	0.00353209	0.235658	91.958	48.1746	-9.61533	-0.02718	130.49	136.976	0.952648
3342	0.00353301	0.235674	91.9762	48.1624	-9.61777	-0.0271805	130.494	136.985	0.952612
3343	0.00353392	0.23569	91.9944	48.1503	-9.6214	-0.0271809	130.496	136.994	0.952567
3344	0.00353483	0.235705	92.0126	48.1382	-9.62622	-0.0271813	130.497	137.003	0.952513
3345	0.00353574	0.235721	92.0307	48.1261	-9.63239	-0.0271816	130.497	137.012	0.95245
3346	0.00353665	0.235736	92.0489	48.114	-9.64078	-0.0271819	130.495	137.021	0.95237
3347	0.00353756	0.235752	92.067	48.102	-9.65496	-0.0271819	130.487	137.03	0.952248
3348	0.00353848	0.235767	92.0851	48.0899	-9.66709	-0.0271819	130.481	137.039	0.952141
3349	0.00353939	0.235783	92.1032	48.0778	-9.67744	-0.0271818	130.476	137.048	0.952047
3350	0.0035403	0.235798	92.1213	48.0658	-9.68616	-0.0271817	130.474	137.057	0.951965
3351	0.00354121	0.235813	92.1393	48.0538	-9.69342	-0.0271816	130.472	137.066	0.951894
3352	0.00354212	0.235829	92.1574	48.0417	-9.69951	-0.0271814	130.472	137.075	0.951831
3353	0.00354303	0.235844	92.1754	48.0297	-9.70451	-0.0271812	130.473	137.084	0.951777
3354	0.00354395	0.23586	92.1934	48.0177	-9.70841	-0.0271811	130.476	137.093	0.95173
3355	0.00354486	0.235875	92.2114	48.0057	-9.71132	-0.0271809	130.479	137.102	0.951691
3356	0.00354577	0.23589	92.2294	47.9937	-9.71326	-0.0271807	130.483	137.111	0.951658
3357	0.00354668	0.235906	92.2474	47.9817	-9.71426	-0.0271806	130.488	137.12	0.951633
3358	0.00354759	0.235921	92.2653	47.9697	-9.71438	-0.0271804	130.493	137.129	0.951614
3359	0.00354851	0.235936	92.2833	47.9578	-9.71368	-0.0271804	130.5	137.137	0.951601
3360	0.00354942	0.235951	92.3012	47.9458	-9.71222	-0.0271803	130.508	137.146	0.951594
3361	0.00355033	0.235967	92.3191	47.9338	-9.70808	-0.0271804	130.518	137.155	0.951606
3362	0.00355124	0.235982	92.337	47.9219	-9.70074	-0.0271806	130.531	137.164	0.951641
3363	0.00355215	0.235997	92.3549	47.91	-9.69301	-0.0271808	130.545	137.173	0.95168
3364	0.00355307	0.236012	92.3728	47.8981	-9.68537	-0.027181	130.558	137.182	0.951717
3365	0.00355398	0.236027	92.3906	47.8861	-9.67801	-0.0271811	130.572	137.191	0.951753
3366	0.00355489	0.236043	92.4084	47.8742	-9.67107	-0.0271813	130.584	137.199	0.951786
3367	0.0035558	0.236058	92.4263	47.8623	-9.66474	-0.0271815	130.597	137.208	0.951814
3368	0.00355671	0.236073	92.4441	47.8505	-9.65914	-0.0271817	130.608	137.217	0.951837
3369	0.00355763	0.236088	92.4618	47.8386	-9.65441	-0.027182	130.619	137.226	0.951854
3370	0.00355854	0.236103	92.4796	47.8267	-9.65064	-0.0271823	130.629	137.234	0.951864
3371	0.00355945	0.236118	92.4974	47.8148	-9.64792	-0.0271827	130.637	137.243	0.951866
3372	0.00356036	0.236133	92.5151	47.803	-9.64629	-0.027183	130.645	137.252	0.95186
3373	0.00356127	0.236148	92.5328	47.7912	-9.64579	-0.0271834	130.651	137.261	0.951846
3374	0.00356219	0.236163	92.5506	47.7793	-9.64642	-0.0271838	130.656	137.269	0.951824
3375	0.0035631	0.236178	92.5683	47.7675	-9.64822	-0.0271842	130.66	137.278	0.951793
3376	0.00356401	0.236193	92.5859	47.7557	-9.65125	-0.0271846	130.663	137.287	0.951753
3377	0.00356492	0.236208	92.6036	47.7439	-9.65554	-0.027185	130.665	137.296	0.951704
3378	0.00356583	0.236223	92.6213	47.7321	-9.6612	-0.0271853	130.665	137.304	0.951646
3379	0.00356675	0.236238	92.6389	47.7203	-9.66876	-0.0271855	130.663	137.313	0.951573
3380	0.00356766	0.236253	92.6565	47.7085	-9.6834	-0.0271855	130.654	137.322	0.951449
3381	0.00356857	0.236268	92.6742	47.6967	-9.69607	-0.0271855	130.648	137.33	0.951339
3382	0.00356948	0.236283	92.6918	47.685	-9.70703	-0.0271853	130.642	137.339	0.951242
3383	0.00357039	0.236297	92.7093	47.6732	-9.71645	-0.0271852	130.639	137.347	0.951156
3384	0.00357131	0.236312	92.7269	47.6615	-9.72444	-0.027185	130.637	137.356	0.951081
3385	0.00357222	0.236327	92.7445	47.6497	-9.73128	-0.0271848	130.636	137.365	0.951013
3386	0.00357313	0.236342	92.762	47.638	-9.73708	-0.0271846	130.636	137.373	0.950954
3387	0.00357404	0.236357	92.7795	47.6263	-9.74183	-0.0271843	130.637	137.382	0.950902
3388	0.00357495	0.236371	92.7971	47.6145	-9.74558	-0.0271841	130.639	137.391	0.950858
3389	0.00357587	0.236386	92.8146	47.6028	-9.74838	-0.0271838	130.642	137.399	0.95082
3390	0.00357678	0.236401	92.832	47.5911	-9.75025	-0.0271836	130.646	137.408	0.950789
3391	0.00357769	0.236416	92.8495	47.5794	-9.75125	-0.0271834	130.651	137.416	0.950765
3392	0.0035786	0.23643	92.867	47.5678	-9.75141	-0.0271832	130.656	137.425	0.950747
3393	0.00357952	0.236445	92.8844	47.5561	-9.75079	-0.0271831	130.663	137.433	0.950734
3394	0.00358043	0.23646	92.9019	47.5444	-9.74949	-0.027183	130.67	137.442	0.950726
3395	0.00358134	0.236474	92.9193	47.5328	-9.7449	-0.0271831	130.68	137.45	0.950743
3396	0.00358225	0.236489	92.9367	47.5211	-9.7379	-0.0271832	130.693	137.459	0.950777
3397	0.00358317	0.236504	92.9541	47.5095	-9.7307	-0.0271833	130.706	137.467	0.950812
3398	0.00358408	0.236518	92.9714	47.4978	-9.72368	-0.0271834	130.718	137.476	0.950846
3399	0.00358499	0.236533	92.9888	47.4862	-9.717	-0.0271834	130.731	137.484	0.950878
3400	0.0035859	0.236547	93.0062	47.4746	-9.71081	-0.0271835	130.743	137.493	0.950906
3401	0.00358681	0.236562	93.0235	47.463	-9.70526	-0.0271836	130.754	137.501	0.950929
3402	0.00358773	0.236577	93.0408	47.4514	-9.70049	-0.0271838	130.765	137.51	0.950947
3403	0.00358864	0.236591	93.0581	47.4398	-9.69663	-0.027184	130.774	137.518	0.950958
3404	0.00358955	0.236606	93.0754	47.4282	-9.69375	-0.0271842	130.783	137.527	0.950963
3405	0.00359046	0.23662	93.0927	47.4166	-9.69192	-0.0271844	130.79	137.535	0.950959
3406	0.00359138	0.236635	93.11	47.405	-9.6912	-0.0271847	130.797	137.543	0.950947
3407	0.00359229	0.236649	93.1272	47.3935	-9.6916	-0.027185	130.802	137.552	0.950928
3408	0.0035932	0.236663	93.1445	47.3819	-9.69314	-0.0271853	130.806	137.56	0.9509
3409	0.00359411	0.236678	93.1617	47.3704	-9.6959	-0.0271856	130.809	137.569	0.950863
3410	0.00359503	0.236692	93.1789	47.3588	-9.69992	-0.0271858	130.811	137.577	0.950817
3411	0.00359594	0.236707	93.1961	47.3473	-9.70532	-0.0271861	130.811	137.585	0.950761
3412	0.00359685	0.236721	93.2133	47.3357	-9.71245	-0.0271862	130.809	137.594	0.950693
3413	0.00359776	0.236736	93.2305	47.3242	-9.72385	-0.0271863	130.804	137.602	0.950593
3414	0.00359867	0.23675	93.2477	47.3127	-9.73784	-0.0271861	130.795	137.611	0.950475
3415	0.00359959	0.236764	93.2648	47.3012	-9.75004	-0.0271859	130.789	137.619	0.95037
3416	0.0036005	0.236779	93.282	47.2897	-9.76066	-0.0271857	130.784	137.627	0.950276
3417	0.00360141	0.236793	93.2991	47.2782	-9.76985	-0.0271854	130.78	137.636	0.950193
3418	0.00360232	0.236807	93.3163	47.2667	-9.77773	-0.0271851	130.778	137.644	0.950119
3419	0.00360324	0.236821	93.3334	47.2552	-9.78458	-0.0271848	130.777	137.652	0.950053
3420	0.00360415	0.236836	93.3505	47.2438	-9.79042	-0.0271844	130.777	137.66	0.949994
3421	0.00360506	0.23685	93.3676	47.2323	-9.79524	-0.0271841	130.777	137.669	0.949943
3422	0.00360597	0.236864	93.3846	47.2208	-9.79911	-0.0271837	130.779	137.677	0.949898
3423	0.00360689	0.236879	93.4017	47.2094	-9.80207	-0.0271834	130.782	137.685	0.949861
3424	0.0036078	0.236893	93.4188	47.1979	-9.80414	-0.0271831	130.785	137.694	0.949829
3425	0.00360871	0.236907	93.4358	47.1865	-9.80536	-0.0271828	130.79	137.702	0.949804
3426	0.00360963	0.236921	93.4528	47.1751	-9.80578	-0.0271825	130.795	137.71	0.949785
3427	0.00361054	0.236935	93.4699	47.1636	-9.80546	-0.0271823	130.801	137.718	0.949771
3428	0.00361145	0.23695	93.4869	47.1522	-9.80449	-0.0271822	130.807	137.727	0.949762
3429	0.00361236	0.236964	93.5039	47.1408	-9.80024	-0.0271822	130.817	137.735	0.949777
3430	0.00361328	0.236978	93.5209	47.1294	-9.79379	-0.0271822	130.829	137.743	0.949807
3431	0.00361419	0.236992	93.5378	47.118	-9.7872	-0.0271822	130.841	137.751	0.949839
3432	0.0036151	0.237006	93.5548	47.1066	-9.78082	-0.0271822	130.853	137.759	0.949869
3433	0.00361601	0.23702	93.5718	47.0952	-9.77482	-0.0271821	130.865	137.768	0.949896
3434	0.00361693	0.237034	93.5887	47.0838	-9.76933	-0.0271821	130.876	137.776	0.94992
3435	0.00361784	0.237048	93.6057	47.0724	-9.76451	-0.0271821	130.886	137.784	0.949939
3436	0.00361875	0.237062	93.6226	47.061	-9.76046	-0.0271822	130.896	137.792	0.949952
3437	0.00361966	0.237076	93.6395	47.0497	-9.75731	-0.0271823	130.905	137.8	0.949959
3438	0.00362058	0.23709	93.6564	47.0383	-9.75514	-0.0271824	130.912	137.808	0.949959
3439	0.00362149	0.237104	93.6733	47.027	-9.75401	-0.0271825	130.919	137.817	0.949951
3440	0.0036224	0.237118	93.6902	47.0156	-9.75395	-0.0271827	130.925	137.825	0.949936
3441	0.00362332	0.237132	93.707	47.0043	-9.75498	-0.0271828	130.929	137.833	0.949912
3442	0.00362423	0.237146	93.7239	46.9929	-9.75713	-0.027183	130.933	137.841	0.949881
3443	0.00362514	0.23716	93.7408	46.9816	-9.76049	-0.0271832	130.935	137.849	0.949841
3444	0.00362605	0.237174	93.7576	46.9703	-9.7651	-0.0271833	130.936	137.857	0.949791
3445	0.00362697	0.237188	93.7744	46.959	-9.7711	-0.0271834	130.935	137.865	0.949732
3446	0.00362788	0.237202	93.7913	46.9476	-9.77902	-0.0271835	130.933	137.873	0.949658
3447	0.00362879	0.237216	93.8081	46.9363	-9.79366	-0.0271833	130.924	137.882	0.949536
3448	0.0036297	0.23723	93.8249	46.925	-9.80713	-0.0271831	130.916	137.89	0.949423
3449	0.00363062	0.237244	93.8417	46.9137	-9.81894	-0.0271827	130.909	137.898	0.949322
3450	0.00363153	0.237258	93.8585	46.9024	-9.82925	-0.0271824	130.904	137.906	0.949231
3451	0.00363244	0.237272	93.8752	46.8911	-9.83819	-0.027182	130.901	137.914	0.949151
3452	0.00363335	0.237286	93.892	46.8799	-9.84594	-0.0271816	130.899	137.922	0.949079
3453	0.00363427	0.237299	93.9088	46.8686	-9.85269	-0.0271811	130.897	137.93	0.949014
3454	0.00363518	0.237313	93.9255	46.8573	-9.85845	-0.0271807	130.897	137.938	0.948957
3455	0.00363609	0.237327	93.9423	46.846	-9.8632	-0.0271802	130.898	137.946	0.948907
3456	0.00363701	0.237341	93.959	46.8348	-9.86703	-0.0271798	130.9	137.954	0.948863
3457	0.00363792	0.237355	93.9757	46.8235	-9.86997	-0.0271793	130.902	137.962	0.948826
3458	0.00363883	0.237369	93.9924	46.8122	-9.87204	-0.0271789	130.905	137.97	0.948796
3459	0.00363975	0.237382	94.0091	46.801	-9.8733	-0.0271785	130.91	137.978	0.948771
3460	0.00364066	0.237396	94.0258	46.7898	-9.87378	-0.0271782	130.915	137.986	0.948752
3461	0.00364157	0.23741	94.0425	46.7785	-9.87355	-0.0271779	130.92	137.994	0.948738
3462	0.00364248	0.237424	94.0592	46.7673	-9.8727	-0.0271777	130.927	138.002	0.948729
3463	0.0036434	0.237437	94.0759	46.7561	-9.86807	-0.0271776	130.937	138.01	0.948747
3464	0.00364431	0.237451	94.0925	46.7448	-9.86186	-0.0271775	130.948	138.018	0.948777
3465	0.00364522	0.237465	94.1092	46.7336	-9.85564	-0.0271774	130.96	138.026	0.948806
3466	0.00364614	0.237478	94.1258	46.7224	-9.84968	-0.0271772	130.971	138.034	0.948834
3467	0.00364705	0.237492	94.1424	46.7112	-9.84413	-0.0271771	130.982	138.042	0.948859
3468	0.00364796	0.237506	94.1591	46.7	-9.83914	-0.027177	130.993	138.05	0.94888
3469	0.00364887	0.237519	94.1757	46.6888	-9.83483	-0.0271769	131.002	138.058	0.948896
3470	0.00364979	0.237533	94.1923	46.6776	-9.83132	-0.0271768	131.011	138.066	0.948906
3471	0.0036507	0.237547	94.2089	46.6664	-9.82872	-0.0271768	131.019	138.074	0.948909
3472	0.00365161	0.23756	94.2254	46.6552	-9.8271	-0.0271768	131.026	138.082	0.948906
3473	0.00365253	0.237574	94.242	46.6441	-9.82652	-0.0271768	131.032	138.089	0.948895
3474	0.00365344	0.237588	94.2586	46.6329	-9.82701	-0.0271769	131.037	138.097	0.948876
3475	0.00365435	0.237601	94.2751	46.6217	-9.82858	-0.0271769	131.041	138.105	0.948849
3476	0.00365527	0.237615	94.2917	46.6106	-9.83128	-0.027177	131.044	138.113	0.948815
3477	0.00365618	0.237628	94.3082	46.5994	-9.83519	-0.0271771	131.045	138.121	0.948771
3478	0.00365709	0.237642	94.3247	46.5883	-9.84034	-0.0271771	131.046	138.129	0.948719
3479	0.003658	0.237655	94.3412	46.5772	-9.84688	-0.0271771	131.044	138.137	0.948656
3480	0.00365892	0.237669	94.3577	46.566	-9.85542	-0.027177	131.041	138.145	0.948579
3481	0.00365983	0.237682	94.3742	46.5549	-9.87095	-0.0271767	131.031	138.153	0.948452
3482	0.00366074	0.237696	94.3907	46.5438	-9.88454	-0.0271763	131.023	138.16	0.948338
3483	0.00366166	0.237709	94.4072	46.5326	-9.89648	-0.0271758	131.016	138.168	0.948237
3484	0.00366257	0.237723	94.4237	46.5215	-9.90694	-0.0271754	131.011	138.176	0.948146
3485	0.00366348	0.237736	94.4401	46.5104	-9.91601	-0.0271748	131.007	138.184	0.948065
3486	0.0036644	0.23775	94.4566	46.4993	-9.92392	-0.0271743	131.005	138.192	0.947993
3487	0.00366531	0.237763	94.473	46.4882	-9.93083	-0.0271738	131.003	138.2	0.947928
3488	0.00366622	0.237777	94.4894	46.4771	-9.93674	-0.0271732	131.003	138.207	0.947871
3489	0.00366713	0.23779	94.5058	46.4661	-9.94164	-0.0271726	131.003	138.215	0.94782
3490	0.00366805	0.237803	94.5222	46.455	-9.94562	-0.0271721	131.004	138.223	0.947776
3491	0.00366896	0.237817	94.5386	46.4439	-9.94872	-0.0271715	131.007	138.231	0.947739
3492	0.00366987	0.23783	94.555	46.4328	-9.95095	-0.027171	131.01	138.238	0.947708
3493	0.00367079	0.237844	94.5714	46.4218	-9.95236	-0.0271705	131.014	138.246	0.947683
3494	0.0036717	0.237857	94.5877	46.4107	-9.95301	-0.0271701	131.018	138.254	0.947664
3495	0.00367261	0.23787	94.6041	46.3997	-9.95295	-0.0271697	131.024	138.262	0.947649
3496	0.00367353	0.237884	94.6204	46.3886	-9.95047	-0.0271694	131.031	138.269	0.947653
3497	0.00367444	0.237897	94.6368	46.3776	-9.9449	-0.0271692	131.042	138.277	0.947678
3498	0.00367535	0.23791	94.6531	46.3666	-9.93897	-0.027169	131.054	138.285	0.947706
3499	0.00367627	0.237924	94.6694	46.3556	-9.93317	-0.0271687	131.065	138.293	0.947734
3500	0.00367718	0.237937	94.6857	46.3446	-9.92767	-0.0271685	131.075	138.3	0.947759
3501	0.00367809	0.23795	94.702	46.3335	-9.92261	-0.0271682	131.086	138.308	0.947781
3502	0.00367901	0.237963	94.7182	46.3225	-9.91814	-0.027168	131.095	138.316	0.947798
3503	0.00367992	0.237977	94.7345	46.3116	-9.91438	-0.0271678	131.104	138.323	0.947811
3504	0.00368083	0.23799	94.7507	46.3006	-9.91145	-0.0271676	131.113	138.331	0.947817
3505	0.00368175	0.238003	94.767	46.2896	-9.90945	-0.0271675	131.12	138.339	0.947817
3506	0.00368266	0.238016	94.7832	46.2786	-9.90844	-0.0271674	131.126	138.347	0.94781
3507	0.00368357	0.238029	94.7994	46.2677	-9.90847	-0.0271673	131.131	138.354	0.947795
3508	0.00368449	0.238042	94.8156	46.2567	-9.90956	-0.0271673	131.136	138.362	0.947773
3509	0.0036854	0.238056	94.8318	46.2457	-9.91174	-0.0271672	131.139	138.369	0.947742
3510	0.00368631	0.238069	94.848	46.2348	-9.91512	-0.0271672	131.14	138.377	0.947704
3511	0.00368723	0.238082	94.8641	46.2239	-9.91968	-0.0271671	131.141	138.385	0.947656
3512	0.00368814	0.238095	94.8803	46.2129	-9.9255	-0.027167	131.141	138.392	0.9476
3513	0.00368905	0.238108	94.8964	46.202	-9.93277	-0.0271669	131.139	138.4	0.947533
3514	0.00368997	0.238121	94.9126	46.1911	-9.94249	-0.0271666	131.134	138.408	0.947448
3515	0.00369088	0.238134	94.9287	46.1802	-9.95792	-0.0271662	131.124	138.415	0.947322
3516	0.00369179	0.238147	94.9448	46.1693	-9.97141	-0.0271656	131.116	138.423	0.947211
3517	0.00369271	0.23816	94.9609	46.1584	-9.98322	-0.027165	131.109	138.43	0.947111
3518	0.00369362	0.238173	94.9769	46.1475	-9.99351	-0.0271644	131.104	138.438	0.947022
3519	0.00369453	0.238186	94.993	46.1366	-10.0024	-0.0271638	131.1	138.445	0.946944
3520	0.00369545	0.238199	95.0091	46.1258	-10.0101	-0.0271631	131.098	138.453	0.946874
3521	0.00369636	0.238212	95.0251	46.1149	-10.0169	-0.0271625	131.096	138.461	0.946811
3522	0.00369727	0.238225	95.0411	46.1041	-10.0225	-0.0271618	131.095	138.468	0.946756
3523	0.00369819	0.238238	95.0571	46.0932	-10.0272	-0.0271611	131.096	138.476	0.946708
3524	0.0036991	0.238251	95.0731	46.0824	-10.031	-0.0271604	131.097	138.483	0.946667
3525	0.00370001	0.238264	95.0891	46.0716	-10.0338	-0.0271598	131.1	138.491	0.946632
3526	0.00370093	0.238277	95.1051	46.0607	-10.0359	-0.0271591	131.103	138.498	0.946603
3527	0.00370184	0.23829	95.1211	46.0499	-10.037	-0.0271585	131.107	138.506	0.94658
3528	0.00370275	0.238303	95.137	46.0391	-10.0375	-0.027158	131.111	138.513	0.946563
3529	0.00370367	0.238316	95.1529	46.0283	-10.0372	-0.0271575	131.117	138.521	0.946551
3530	0.00370458	0.238329	95.1689	46.0175	-10.0329	-0.0271572	131.126	138.528	0.946568
3531	0.00370549	0.238341	95.1848	46.0068	-10.0271	-0.0271568	131.137	138.536	0.946597
3532	0.00370641	0.238354	95.2006	45.996	-10.0211	-0.0271565	131.148	138.543	0.946625
3533	0.00370732	0.238367	95.2165	45.9852	-10.0154	-0.0271561	131.159	138.55	0.946653
3534	0.00370823	0.23838	95.2324	45.9745	-10.01	-0.0271557	131.17	138.558	0.946678
3535	0.00370915	0.238393	95.2482	45.9637	-10.005	-0.0271553	131.18	138.565	0.9467
3536	0.00371006	0.238405	95.264	45.953	-10.0008	-0.027155	131.189	138.573	0.946717
3537	0.00371098	0.238418	95.2798	45.9423	-9.99721	-0.0271547	131.198	138.58	0.946729
3538	0.00371189	0.238431	95.2956	45.9316	-9.99452	-0.0271544	131.206	138.588	0.946734
3539	0.0037128	0.238443	95.3114	45.9209	-9.99278	-0.0271542	131.212	138.595	0.946733
3540	0.00371372	0.238456	95.3272	45.9102	-9.99205	-0.027154	131.218	138.602	0.946724
3541	0.00371463	0.238469	95.3429	45.8995	-9.99237	-0.0271538	131.223	138.61	0.946708
3542	0.00371554	0.238482	95.3587	45.8888	-9.99375	-0.0271536	131.227	138.617	0.946685
3543	0.00371646	0.238494	95.3744	45.8782	-9.99628	-0.0271534	131.229	138.624	0.946653
3544	0.00371737	0.238507	95.3901	45.8675	-9.99998	-0.0271533	131.23	138.632	0.946612
3545	0.00371828	0.238519	95.4057	45.8569	-10.0048	-0.0271531	131.231	138.639	0.946563
3546	0.0037192	0.238532	95.4214	45.8463	-10.0109	-0.0271528	131.23	138.646	0.946506
3547	0.00372011	0.238545	95.4371	45.8356	-10.0183	-0.0271525	131.227	138.654	0.946439
3548	0.00372102	0.238557	95.4527	45.825	-10.028	-0.0271522	131.223	138.661	0.946356
3549	0.00372194	0.23857	95.4683	45.8144	-10.0436	-0.0271516	131.212	138.668	0.94623
3550	0.00372285	0.238582	95.4839	45.8038	-10.0572	-0.027151	131.203	138.676	0.946118
3551	0.00372376	0.238595	95.4995	45.7933	-10.069	-0.0271503	131.197	138.683	0.946019
3552	0.00372468	0.238607	95.5151	45.7827	-10.0793	-0.0271495	131.191	138.69	0.945932
3553	0.00372559	0.23862	95.5306	45.7721	-10.0881	-0.0271488	131.187	138.697	0.945855
3554	0.0037265	0.238632	95.5461	45.7616	-10.0957	-0.027148	131.185	138.705	0.945786
3555	0.00372742	0.238644	95.5616	45.7511	-10.1023	-0.0271472	131.183	138.712	0.945726
3556	0.00372833	0.238657	95.5771	45.7405	-10.1078	-0.0271464	131.183	138.719	0.945673
3557	0.00372925	0.238669	95.5926	45.73	-10.1123	-0.0271456	131.183	138.726	0.945627
3558	0.00373016	0.238682	95.6081	45.7195	-10.1158	-0.0271449	131.185	138.733	0.945588
3559	0.00373107	0.238694	95.6235	45.709	-10.1184	-0.0271441	131.187	138.741	0.945556
3560	0.00373199	0.238706	95.6389	45.6986	-10.1202	-0.0271434	131.19	138.748	0.94553
3561	0.0037329	0.238719	95.6543	45.6881	-10.1211	-0.0271427	131.194	138.755	0.94551
3562	0.00373381	0.238731	95.6697	45.6776	-10.1213	-0.027142	131.199	138.762	0.945496
3563	0.00373473	0.238743	95.6851	45.6672	-10.1186	-0.0271415	131.207	138.769	0.945502
3564	0.00373564	0.238756	95.7004	45.6568	-10.1129	-0.0271411	131.217	138.776	0.94553
3565	0.00373656	0.238768	95.7158	45.6463	-10.1068	-0.0271406	131.228	138.783	0.945561
3566	0.00373747	0.23878	95.7311	45.6359	-10.1009	-0.0271401	131.239	138.791	0.94559
3567	0.00373838	0.238792	95.7464	45.6255	-10.0951	-0.0271396	131.25	138.798	0.945619
3568	0.0037393	0.238804	95.7616	45.6152	-10.0898	-0.0271391	131.26	138.805	0.945644
3569	0.00374021	0.238817	95.7769	45.6048	-10.085	-0.0271387	131.27	138.812	0.945666
3570	0.00374112	0.238829	95.7921	45.5945	-10.0808	-0.0271382	131.279	138.819	0.945682
3571	0.00374204	0.238841	95.8073	45.5841	-10.0775	-0.0271378	131.287	138.826	0.945693
3572	0.00374295	0.238853	95.8225	45.5738	-10.0751	-0.0271375	131.294	138.833	0.945698
3573	0.00374386	0.238865	95.8376	45.5635	-10.0737	-0.0271372	131.3	138.84	0.945695
3574	0.00374478	0.238877	95.8528	45.5532	-10.0732	-0.0271368	131.306	138.847	0.945685
3575	0.00374569	0.238889	95.8679	45.5429	-10.0739	-0.0271366	131.31	138.854	0.945668
3576	0.00374661	0.238901	95.883	45.5326	-10.0757	-0.0271363	131.313	138.861	0.945642
3577	0.00374752	0.238913	95.898	45.5224	-10.0786	-0.027136	131.315	138.868	0.945608
3578	0.00374843	0.238925	95.9131	45.5121	-10.0827	-0.0271357	131.315	138.875	0.945566
3579	0.00374935	0.238937	95.9281	45.5019	-10.088	-0.0271353	131.315	138.882	0.945515
3580	0.00375026	0.238949	95.9431	45.4917	-10.0944	-0.0271349	131.313	138.889	0.945457
3581	0.00375117	0.238961	95.9581	45.4815	-10.1021	-0.0271345	131.31	138.896	0.945388
3582	0.00375209	0.238973	95.973	45.4713	-10.1121	-0.027134	131.305	138.903	0.945303
3583	0.003753	0.238985	95.988	45.4612	-10.1276	-0.0271333	131.294	138.91	0.945179
3584	0.00375391	0.238997	96.0029	45.451	-10.1411	-0.0271325	131.286	138.916	0.945069
3585	0.00375483	0.239008	96.0178	45.4409	-10.1528	-0.0271316	131.279	138.923	0.944973
3586	0.00375574	0.23902	96.0326	45.4308	-10.1629	-0.0271308	131.273	138.93	0.944888
3587	0.00375666	0.239032	96.0474	45.4207	-10.1714	-0.0271299	131.27	138.937	0.944813
3588	0.00375757	0.239044	96.0622	45.4106	-10.1788	-0.027129	131.267	138.944	0.944748
3589	0.00375848	0.239056	96.077	45.4006	-10.1851	-0.027128	131.265	138.951	0.94469
3590	0.0037594	0.239067	96.0918	45.3905	-10.1904	-0.0271271	131.265	138.957	0.94464
3591	0.00376031	0.239079	96.1065	45.3805	-10.1946	-0.0271262	131.265	138.964	0.944597
3592	0.00376122	0.239091	96.1212	45.3705	-10.1978	-0.0271253	131.267	138.971	0.944562
3593	0.00376214	0.239102	96.1359	45.3605	-10.2002	-0.0271244	131.269	138.978	0.944532
3594	0.00376305	0.239114	96.1505	45.3505	-10.2017	-0.0271235	131.272	138.985	0.944509
3595	0.00376397	0.239125	96.1651	45.3405	-10.2023	-0.0271227	131.276	138.991	0.944492
3596	0.00376488	0.239137	96.1797	45.3306	-10.2022	-0.0271219	131.281	138.998	0.944481
3597	0.00376579	0.239149	96.1943	45.3207	-10.1977	-0.0271213	131.29	139.005	0.944501
3598	0.00376671	0.23916	96.2088	45.3108	-10.1916	-0.0271207	131.301	139.011	0.944533
3599	0.00376762	0.239172	96.2233	45.3009	-10.1854	-0.0271201	131.312	139.018	0.944565
3600	0.00376853	0.239183	96.2378	45.291	-10.1794	-0.0271194	131.322	139.025	0.944597
3601	0.00376945	0.239194	96.2522	45.2812	-10.1736	-0.0271188	131.333	139.031	0.944627
3602	0.00377036	0.239206	96.2667	45.2713	-10.1682	-0.0271182	131.343	139.038	0.944653
3603	0.00377128	0.239217	96.2811	45.2615	-10.1634	-0.0271176	131.352	139.045	0.944676
3604	0.00377219	0.239229	96.2954	45.2517	-10.1592	-0.027117	131.361	139.051	0.944694
3605	0.0037731	0.23924	96.3097	45.242	-10.156	-0.0271165	131.369	139.058	0.944705
3606	0.00377402	0.239251	96.324	45.2322	-10.1536	-0.027116	131.376	139.064	0.94471
3607	0.00377493	0.239262	96.3383	45.2225	-10.1522	-0.0271156	131.381	139.071	0.944708
3608	0.00377584	0.239274	96.3525	45.2128	-10.1519	-0.0271152	131.386	139.077	0.944699
3609	0.00377676	0.239285	96.3668	45.2031	-10.1526	-0.0271148	131.39	139.084	0.944682
3610	0.00377767	0.239296	96.3809	45.1934	-10.1545	-0.0271144	131.393	139.091	0.944656
3611	0.00377859	0.239307	96.3951	45.1838	-10.1576	-0.027114	131.394	139.097	0.944623
3612	0.0037795	0.239318	96.4092	45.1741	-10.1617	-0.0271135	131.395	139.103	0.944581
3613	0.00378041	0.23933	96.4233	45.1645	-10.167	-0.0271131	131.394	139.11	0.944532
3614	0.00378133	0.239341	96.4373	45.1549	-10.1733	-0.0271126	131.392	139.116	0.944474
3615	0.00378224	0.239352	96.4514	45.1454	-10.1808	-0.0271121	131.389	139.123	0.944409
3616	0.00378315	0.239363	96.4654	45.1358	-10.1901	-0.0271115	131.384	139.129	0.94433
3617	0.00378407	0.239374	96.4793	45.1263	-10.2058	-0.0271106	131.373	139.136	0.944206
3618	0.00378498	0.239385	96.4932	45.1168	-10.2193	-0.0271097	131.364	139.142	0.944098
3619	0.0037859	0.239396	96.5071	45.1073	-10.2309	-0.0271088	131.356	139.148	0.944003
3620	0.00378681	0.239407	96.521	45.0979	-10.2408	-0.0271078	131.351	139.155	0.94392
3621	0.00378772	0.239417	96.5348	45.0884	-10.2492	-0.0271068	131.347	139.161	0.943849
3622	0.00378864	0.239428	96.5486	45.079	-10.2563	-0.0271058	131.344	139.167	0.943786
3623	0.00378955	0.239439	96.5624	45.0696	-10.2622	-0.0271048	131.343	139.174	0.943732
3624	0.00379047	0.23945	96.5761	45.0603	-10.2671	-0.0271038	131.342	139.18	0.943686
3625	0.00379138	0.239461	96.5898	45.0509	-10.2709	-0.0271028	131.343	139.186	0.943647
3626	0.00379229	0.239471	96.6034	45.0416	-10.2738	-0.0271018	131.344	139.192	0.943616
3627	0.00379321	0.239482	96.617	45.0323	-10.2757	-0.0271008	131.347	139.199	0.943591
3628	0.00379412	0.239493	96.6306	45.023	-10.2767	-0.0270998	131.35	139.205	0.943572
3629	0.00379504	0.239503	96.6441	45.0138	-10.2769	-0.0270989	131.354	139.211	0.94356
3630	0.00379595	0.239514	96.6576	45.0046	-10.2747	-0.0270981	131.36	139.217	0.943565
3631	0.00379686	0.239525	96.6711	44.9954	-10.2687	-0.0270974	131.371	139.223	0.943597
3632	0.00379778	0.239535	96.6845	44.9862	-10.2622	-0.0270966	131.381	139.229	0.943632
3633	0.00379869	0.239546	96.6979	44.977	-10.2556	-0.0270959	131.392	139.236	0.943669
3634	0.00379961	0.239556	96.7113	44.9679	-10.2492	-0.0270951	131.403	139.242	0.943704
3635	0.00380052	0.239567	96.7246	44.9588	-10.2431	-0.0270944	131.413	139.248	0.943737
3636	0.00380143	0.239577	96.7378	44.9498	-10.2374	-0.0270937	131.423	139.254	0.943767
3637	0.00380235	0.239587	96.7511	44.9407	-10.2324	-0.0270931	131.432	139.26	0.943792
3638	0.00380326	0.239598	96.7643	44.9317	-10.2281	-0.0270924	131.441	139.266	0.943813
3639	0.00380418	0.239608	96.7774	44.9227	-10.2246	-0.0270919	131.448	139.272	0.943827
3640	0.00380509	0.239618	96.7905	44.9138	-10.2221	-0.0270913	131.455	139.278	0.943834
3641	0.003806	0.239628	96.8036	44.9048	-10.2206	-0.0270908	131.461	139.284	0.943834
3642	0.00380692	0.239639	96.8166	44.8959	-10.2202	-0.0270903	131.465	139.29	0.943826
3643	0.00380783	0.239649	96.8296	44.8871	-10.2209	-0.0270898	131.469	139.296	0.943811
3644	0.00380875	0.239659	96.8425	44.8782	-10.2228	-0.0270893	131.471	139.301	0.943787
3645	0.00380966	0.239669	96.8554	44.8694	-10.2258	-0.0270888	131.472	139.307	0.943755
3646	0.00381057	0.239679	96.8683	44.8606	-10.2299	-0.0270883	131.472	139.313	0.943715
3647	0.00381149	0.239689	96.8811	44.8519	-10.2351	-0.0270877	131.471	139.319	0.943667
3648	0.0038124	0.239699	96.8938	44.8431	-10.2413	-0.0270872	131.469	139.325	0.943612
3649	0.00381332	0.239709	96.9066	44.8344	-10.2487	-0.0270865	131.465	139.331	0.943549
3650	0.00381423	0.239719	96.9192	44.8257	-10.2578	-0.0270858	131.46	139.336	0.943473
3651	0.00381514	0.239729	96.9319	44.8171	-10.2731	-0.0270849	131.449	139.342	0.943353
3652	0.00381606	0.239739	96.9445	44.8085	-10.2862	-0.0270839	131.44	139.348	0.943249
3653	0.00381697	0.239749	96.957	44.7999	-10.2974	-0.0270829	131.432	139.353	0.943159
3654	0.00381789	0.239758	96.9695	44.7913	-10.3068	-0.0270819	131.427	139.359	0.943081
3655	0.0038188	0.239768	96.982	44.7828	-10.3147	-0.0270808	131.423	139.365	0.943014
3656	0.00381971	0.239778	96.9944	44.7743	-10.3213	-0.0270797	131.42	139.37	0.942957
3657	0.00382063	0.239787	97.0068	44.7658	-10.3268	-0.0270786	131.419	139.376	0.942908
3658	0.00382154	0.239797	97.0191	44.7574	-10.3311	-0.0270775	131.418	139.382	0.942867
3659	0.00382246	0.239807	97.0314	44.749	-10.3344	-0.0270764	131.419	139.387	0.942833
3660	0.00382337	0.239816	97.0437	44.7406	-10.3367	-0.0270753	131.421	139.393	0.942807
3661	0.00382428	0.239826	97.0559	44.7323	-10.3381	-0.0270743	131.423	139.398	0.942787
3662	0.0038252	0.239835	97.068	44.724	-10.3385	-0.0270732	131.426	139.404	0.942774
3663	0.00382611	0.239845	97.0801	44.7157	-10.3382	-0.0270723	131.431	139.409	0.942767
3664	0.00382703	0.239854	97.0922	44.7074	-10.3339	-0.0270714	131.439	139.415	0.942788
3665	0.00382794	0.239863	97.1042	44.6992	-10.3272	-0.0270706	131.449	139.42	0.942827
3666	0.00382886	0.239873	97.1161	44.691	-10.3202	-0.0270698	131.46	139.426	0.942867
3667	0.00382977	0.239882	97.128	44.6829	-10.3132	-0.027069	131.471	139.431	0.942908
3668	0.00383068	0.239891	97.1399	44.6747	-10.3063	-0.0270682	131.481	139.436	0.942948
3669	0.0038316	0.2399	97.1517	44.6667	-10.2998	-0.0270674	131.491	139.442	0.942985
3670	0.00383251	0.23991	97.1635	44.6586	-10.2938	-0.0270666	131.501	139.447	0.943019
3671	0.00383343	0.239919	97.1752	44.6506	-10.2884	-0.0270659	131.51	139.452	0.943048
3672	0.00383434	0.239928	97.1869	44.6426	-10.2838	-0.0270652	131.519	139.458	0.943072
3673	0.00383526	0.239937	97.1985	44.6346	-10.2801	-0.0270646	131.526	139.463	0.943089
3674	0.00383617	0.239946	97.2101	44.6267	-10.2774	-0.027064	131.532	139.468	0.943099
3675	0.00383708	0.239955	97.2216	44.6188	-10.2757	-0.0270634	131.538	139.473	0.943102
3676	0.003838	0.239964	97.2331	44.6109	-10.2751	-0.0270629	131.542	139.479	0.943097
3677	0.00383891	0.239973	97.2445	44.6031	-10.2756	-0.0270623	131.545	139.484	0.943084
3678	0.00383983	0.239981	97.2559	44.5953	-10.2773	-0.0270618	131.547	139.489	0.943063
3679	0.00384074	0.23999	97.2672	44.5876	-10.2802	-0.0270612	131.548	139.494	0.943034
3680	0.00384166	0.239999	97.2784	44.5799	-10.2841	-0.0270606	131.547	139.499	0.942997
3681	0.00384257	0.240008	97.2896	44.5722	-10.2891	-0.02706	131.546	139.504	0.942952
3682	0.00384348	0.240016	97.3008	44.5646	-10.295	-0.0270594	131.543	139.509	0.942901
3683	0.0038444	0.240025	97.3118	44.557	-10.302	-0.0270587	131.54	139.514	0.942842
3684	0.00384531	0.240033	97.3229	44.5494	-10.3106	-0.0270579	131.535	139.519	0.942771
3685	0.00384623	0.240042	97.3338	44.5419	-10.3256	-0.027057	131.523	139.524	0.942655
3686	0.00384714	0.24005	97.3447	44.5345	-10.3384	-0.0270559	131.514	139.529	0.942555
3687	0.00384806	0.240059	97.3555	44.527	-10.3491	-0.0270549	131.506	139.534	0.94247
3688	0.00384897	0.240067	97.3663	44.5197	-10.3581	-0.0270538	131.501	139.539	0.942397
3689	0.00384989	0.240076	97.377	44.5123	-10.3655	-0.0270526	131.497	139.544	0.942335
3690	0.0038508	0.240084	97.3877	44.505	-10.3716	-0.0270515	131.494	139.548	0.942283
3691	0.00385171	0.240092	97.3983	44.4978	-10.3765	-0.0270504	131.493	139.553	0.94224
3692	0.00385263	0.2401	97.4088	44.4905	-10.3802	-0.0270492	131.492	139.558	0.942205
3693	0.00385354	0.240108	97.4193	44.4834	-10.3829	-0.0270481	131.493	139.563	0.942177
3694	0.00385446	0.240116	97.4297	44.4762	-10.3846	-0.0270469	131.494	139.567	0.942157
3695	0.00385537	0.240124	97.4401	44.4691	-10.3853	-0.0270458	131.497	139.572	0.942143
3696	0.00385629	0.240132	97.4504	44.4621	-10.3852	-0.0270447	131.5	139.577	0.942136
3697	0.0038572	0.24014	97.4606	44.455	-10.3842	-0.0270437	131.504	139.581	0.942135
3698	0.00385812	0.240148	97.4708	44.4481	-10.3785	-0.0270428	131.513	139.586	0.942168
3699	0.00385903	0.240156	97.4809	44.4411	-10.3711	-0.027042	131.524	139.59	0.942213
3700	0.00385995	0.240164	97.491	44.4342	-10.3634	-0.0270411	131.535	139.595	0.94226
3701	0.00386086	0.240172	97.501	44.4273	-10.3558	-0.0270402	131.545	139.599	0.942307
3702	0.00386177	0.240179	97.5109	44.4205	-10.3484	-0.0270393	131.556	139.604	0.942352
3703	0.00386269	0.240187	97.5208	44.4137	-10.3413	-0.0270385	131.566	139.608	0.942395
3704	0.0038636	0.240195	97.5307	44.407	-10.3348	-0.0270377	131.576	139.613	0.942434
3705	0.00386452	0.240202	97.5404	44.4003	-10.3289	-0.0270369	131.585	139.617	0.942469
3706	0.00386543	0.24021	97.5502	44.3936	-10.3239	-0.0270362	131.593	139.622	0.942497
3707	0.00386635	0.240217	97.5598	44.387	-10.3197	-0.0270356	131.6	139.626	0.942519
3708	0.00386726	0.240225	97.5694	44.3804	-10.3166	-0.0270349	131.606	139.63	0.942534
3709	0.00386818	0.240232	97.579	44.3738	-10.3146	-0.0270343	131.611	139.634	0.942541
3710	0.00386909	0.240239	97.5885	44.3673	-10.3136	-0.0270337	131.615	139.639	0.94254
3711	0.00387001	0.240247	97.5979	44.3609	-10.3138	-0.0270331	131.618	139.643	0.942532
3712	0.00387092	0.240254	97.6072	44.3545	-10.3152	-0.0270325	131.619	139.647	0.942514
3713	0.00387184	0.240261	97.6166	44.3481	-10.3178	-0.0270319	131.62	139.651	0.942489
3714	0.00387275	0.240268	97.6258	44.3417	-10.3214	-0.0270313	131.619	139.656	0.942456
3715	0.00387366	0.240275	97.635	44.3354	-10.326	-0.0270307	131.617	139.66	0.942415
3716	0.00387458	0.240282	97.6441	44.3292	-10.3315	-0.02703	131.615	139.664	0.942369
3717	0.00387549	0.240289	97.6531	44.323	-10.338	-0.0270293	131.611	139.668	0.942315
3718	0.00387641	0.240296	97.6621	44.3168	-10.3457	-0.0270285	131.606	139.672	0.942253
3719	0.00387732	0.240303	97.671	44.3107	-10.3567	-0.0270276	131.598	139.676	0.942167
3720	0.00387824	0.24031	97.6799	44.3046	-10.3702	-0.0270266	131.587	139.68	0.942063
3721	0.00387915	0.240317	97.6887	44.2986	-10.3816	-0.0270255	131.579	139.684	0.941975
3722	0.00388007	0.240323	97.6974	44.2926	-10.391	-0.0270244	131.572	139.688	0.941901
3723	0.00388098	0.24033	97.7061	44.2867	-10.3986	-0.0270232	131.567	139.692	0.94184
3724	0.0038819	0.240337	97.7146	44.2808	-10.4048	-0.027022	131.564	139.695	0.941789
3725	0.00388281	0.240343	97.7232	44.2749	-10.4097	-0.0270209	131.561	139.699	0.941747
3726	0.00388373	0.24035	97.7316	44.2691	-10.4134	-0.0270197	131.56	139.703	0.941714
3727	0.00388464	0.240356	97.74	44.2634	-10.4161	-0.0270185	131.56	139.707	0.941689
3728	0.00388556	0.240363	97.7483	44.2577	-10.4176	-0.0270173	131.561	139.711	0.941671
3729	0.00388647	0.240369	97.7566	44.252	-10.4182	-0.0270161	131.563	139.714	0.94166
3730	0.00388739	0.240375	97.7647	44.2464	-10.4179	-0.027015	131.566	139.718	0.941656
3731	0.0038883	0.240382	97.7729	44.2408	-10.4167	-0.0270139	131.57	139.722	0.941658
3732	0.00388922	0.240388	97.7809	44.2353	-10.4112	-0.027013	131.578	139.725	0.941692
3733	0.00389013	0.240394	97.7889	44.2298	-10.4036	-0.0270121	131.588	139.729	0.94174
3734	0.00389105	0.2404	97.7968	44.2244	-10.3956	-0.0270111	131.599	139.732	0.941791
3735	0.00389196	0.240406	97.8046	44.219	-10.3876	-0.0270102	131.609	139.736	0.941843
3736	0.00389288	0.240412	97.8124	44.2137	-10.3797	-0.0270093	131.619	139.739	0.941893
3737	0.00389379	0.240418	97.8201	44.2084	-10.3722	-0.0270084	131.629	139.743	0.941941
3738	0.00389471	0.240424	97.8277	44.2032	-10.3652	-0.0270075	131.639	139.746	0.941985
3739	0.00389562	0.24043	97.8352	44.198	-10.3589	-0.0270067	131.647	139.749	0.942024
3740	0.00389654	0.240436	97.8427	44.1929	-10.3534	-0.027006	131.655	139.753	0.942058
3741	0.00389745	0.240441	97.8501	44.1878	-10.3488	-0.0270052	131.662	139.756	0.942085
3742	0.00389837	0.240447	97.8575	44.1827	-10.3452	-0.0270046	131.668	139.759	0.942105
3743	0.00389928	0.240453	97.8648	44.1777	-10.3427	-0.0270039	131.673	139.763	0.942117
3744	0.0039002	0.240458	97.872	44.1728	-10.3413	-0.0270033	131.676	139.766	0.942121
3745	0.00390111	0.240464	97.8791	44.1679	-10.3411	-0.0270027	131.679	139.769	0.942117
3746	0.00390203	0.240469	97.8862	44.163	-10.342	-0.027002	131.68	139.772	0.942105
3747	0.00390294	0.240475	97.8932	44.1582	-10.3441	-0.0270014	131.68	139.775	0.942085
3748	0.00390386	0.24048	97.9002	44.1534	-10.3473	-0.0270008	131.679	139.779	0.942056
3749	0.00390477	0.240485	97.907	44.1487	-10.3515	-0.0270001	131.677	139.782	0.942021
3750	0.00390569	0.24049	97.9138	44.144	-10.3566	-0.0269994	131.674	139.785	0.941979
3751	0.0039066	0.240496	97.9206	44.1394	-10.3626	-0.0269987	131.67	139.788	0.941932
3752	0.00390752	0.240501	97.9273	44.1348	-10.3695	-0.0269979	131.666	139.791	0.941877
3753	0.00390843	0.240506	97.9339	44.1303	-10.3782	-0.026997	131.659	139.794	0.941809
3754	0.00390935	0.240511	97.9404	44.1258	-10.3923	-0.026996	131.647	139.797	0.941703
3755	0.00391026	0.240516	97.9469	44.1213	-10.4041	-0.0269949	131.637	139.799	0.941614
3756	0.00391118	0.240521	97.9534	44.1169	-10.4139	-0.0269937	131.629	139.802	0.941539
3757	0.00391209	0.240526	97.9597	44.1125	-10.4218	-0.0269925	131.623	139.805	0.941478
3758	0.00391301	0.240531	97.966	44.1082	-10.4281	-0.0269913	131.619	139.808	0.941428
3759	0.00391392	0.240535	97.9723	44.1039	-10.4331	-0.0269901	131.616	139.811	0.941387
3760	0.00391484	0.24054	97.9785	44.0997	-10.4368	-0.0269889	131.614	139.814	0.941356
3761	0.00391575	0.240545	97.9846	44.0954	-10.4394	-0.0269876	131.614	139.816	0.941332
3762	0.00391667	0.24055	97.9907	44.0913	-10.441	-0.0269864	131.614	139.819	0.941317
3763	0.00391758	0.240554	97.9967	44.0872	-10.4415	-0.0269852	131.615	139.822	0.941308
3764	0.0039185	0.240559	98.0026	44.0831	-10.4411	-0.026984	131.618	139.824	0.941306
3765	0.00391942	0.240563	98.0085	44.0791	-10.4398	-0.0269829	131.621	139.827	0.941311
3766	0.00392033	0.240568	98.0142	44.0751	-10.4346	-0.0269819	131.628	139.83	0.941344
3767	0.00392125	0.240572	98.0199	44.0712	-10.4268	-0.0269809	131.637	139.832	0.941396
3768	0.00392216	0.240576	98.0255	44.0673	-10.4186	-0.02698	131.647	139.835	0.94145
3769	0.00392308	0.240581	98.0311	44.0635	-10.4102	-0.026979	131.657	139.837	0.941505
3770	0.00392399	0.240585	98.0365	44.0598	-10.4021	-0.026978	131.667	139.84	0.94156
3771	0.00392491	0.240589	98.0419	44.0561	-10.3942	-0.0269771	131.677	139.842	0.941612
3772	0.00392582	0.240593	98.0472	44.0525	-10.3868	-0.0269762	131.686	139.844	0.94166
3773	0.00392674	0.240597	98.0525	44.0489	-10.3801	-0.0269754	131.694	139.847	0.941704
3774	0.00392765	0.240601	98.0576	44.0454	-10.3742	-0.0269746	131.702	139.849	0.941743
3775	0.00392857	0.240605	98.0627	44.0419	-10.3693	-0.0269738	131.708	139.851	0.941774
3776	0.00392948	0.240609	98.0677	44.0384	-10.3653	-0.0269731	131.714	139.854	0.941799
3777	0.0039304	0.240613	98.0726	44.0351	-10.3624	-0.0269724	131.718	139.856	0.941815
3778	0.00393131	0.240616	98.0774	44.0317	-10.3607	-0.0269717	131.722	139.858	0.941824
3779	0.00393223	0.24062	98.0822	44.0285	-10.3601	-0.0269711	131.724	139.86	0.941825
3780	0.00393315	0.240624	98.0869	44.0252	-10.3607	-0.0269704	131.725	139.862	0.941817
3781	0.00393406	0.240627	98.0916	44.022	-10.3625	-0.0269698	131.724	139.864	0.9418
3782	0.00393498	0.240631	98.0961	44.0189	-10.3654	-0.0269691	131.723	139.866	0.941776
3783	0.00393589	0.240634	98.1006	44.0158	-10.3693	-0.0269684	131.72	139.868	0.941745
3784	0.00393681	0.240638	98.1051	44.0128	-10.3742	-0.0269677	131.717	139.87	0.941707
3785	0.00393772	0.240641	98.1094	44.0098	-10.3799	-0.0269669	131.712	139.872	0.941662
3786	0.00393864	0.240644	98.1137	44.0068	-10.3866	-0.0269661	131.707	139.874	0.941611
3787	0.00393955	0.240648	98.118	44.0039	-10.3947	-0.0269652	131.7	139.876	0.94155
3788	0.00394047	0.240651	98.1221	44.0011	-10.4091	-0.0269642	131.687	139.878	0.941444
3789	0.00394139	0.240654	98.1262	43.9983	-10.421	-0.026963	131.677	139.88	0.941355
3790	0.0039423	0.240657	98.1303	43.9955	-10.4309	-0.0269618	131.668	139.882	0.941281
3791	0.00394322	0.24066	98.1343	43.9928	-10.439	-0.0269606	131.661	139.883	0.941221
3792	0.00394413	0.240663	98.1382	43.9901	-10.4454	-0.0269594	131.656	139.885	0.941171
3793	0.00394505	0.240666	98.142	43.9874	-10.4506	-0.0269581	131.652	139.887	0.941132
3794	0.00394596	0.240669	98.1458	43.9848	-10.4545	-0.0269568	131.649	139.888	0.941101
3795	0.00394688	0.240672	98.1496	43.9822	-10.4572	-0.0269556	131.648	139.89	0.941079
3796	0.0039478	0.240675	98.1533	43.9797	-10.4589	-0.0269543	131.647	139.892	0.941064
3797	0.00394871	0.240678	98.1569	43.9772	-10.4595	-0.0269531	131.648	139.893	0.941057
3798	0.00394963	0.24068	98.1604	43.9748	-10.4592	-0.0269518	131.649	139.895	0.941056
3799	0.00395054	0.240683	98.1639	43.9724	-10.458	-0.0269506	131.651	139.897	0.941062
3800	0.00395146	0.240686	98.1674	43.97	-10.4534	-0.0269496	131.657	139.898	0.941092
3801	0.00395237	0.240688	98.1708	43.9677	-10.4457	-0.0269486	131.666	139.9	0.941144
3802	0.00395329	0.240691	98.1741	43.9654	-10.4375	-0.0269476	131.675	139.901	0.9412
3803	0.00395421	0.240693	98.1774	43.9632	-10.4292	-0.0269466	131.684	139.903	0.941257
3804	0.00395512	0.240696	98.1806	43.9609	-10.421	-0.0269456	131.694	139.904	0.941314
3805	0.00395604	0.240698	98.1838	43.9588	-10.4131	-0.0269446	131.702	139.905	0.941368
3806	0.00395695	0.240701	98.1869	43.9566	-10.4057	-0.0269437	131.711	139.907	0.941418
3807	0.00395787	0.240703	98.1899	43.9545	-10.399	-0.0269428	131.719	139.908	0.941464
3808	0.00395878	0.240705	98.1929	43.9525	-10.393	-0.026942	131.725	139.91	0.941504
3809	0.0039597	0.240708	98.1959	43.9505	-10.388	-0.0269412	131.731	139.911	0.941538
3810	0.00396062	0.24071	98.1988	43.9485	-10.384	-0.0269404	131.736	139.912	0.941564
3811	0.00396153	0.240712	98.2016	43.9465	-10.3811	-0.0269397	131.74	139.913	0.941583
3812	0.00396245	0.240714	98.2044	43.9446	-10.3794	-0.026939	131.743	139.915	0.941593
3813	0.00396336	0.240716	98.2071	43.9428	-10.3787	-0.0269383	131.744	139.916	0.941596
3814	0.00396428	0.240718	98.2098	43.9409	-10.3793	-0.0269377	131.745	139.917	0.941589
3815	0.0039652	0.24072	98.2124	43.9391	-10.3811	-0.026937	131.744	139.918	0.941575
3816	0.00396611	0.240722	98.215	43.9374	-10.384	-0.0269363	131.741	139.919	0.941552
3817	0.00396703	0.240724	98.2175	43.9356	-10.3879	-0.0269355	131.738	139.921	0.941522
3818	0.00396794	0.240726	98.22	43.9339	-10.3928	-0.0269348	131.734	139.922	0.941485
3819	0.00396886	0.240728	98.2224	43.9323	-10.3987	-0.026934	131.729	139.923	0.941441
3820	0.00396977	0.24073	98.2247	43.9307	-10.4055	-0.0269332	131.723	139.924	0.941391
3821	0.00397069	0.240732	98.227	43.9291	-10.414	-0.0269323	131.715	139.925	0.941328
3822	0.00397161	0.240733	98.2293	43.9276	-10.4283	-0.0269311	131.702	139.926	0.941224
3823	0.00397252	0.240735	98.2315	43.9261	-10.4403	-0.02693	131.69	139.927	0.941137
3824	0.00397344	0.240737	98.2336	43.9246	-10.4502	-0.0269287	131.681	139.928	0.941064
3825	0.00397435	0.240738	98.2357	43.9232	-10.4583	-0.0269275	131.674	139.929	0.941005
3826	0.00397527	0.24074	98.2377	43.9218	-10.4648	-0.0269262	131.668	139.93	0.940957
3827	0.00397619	0.240741	98.2396	43.9205	-10.47	-0.0269249	131.663	139.931	0.940919
3828	0.0039771	0.240743	98.2415	43.9192	-10.4739	-0.0269236	131.66	139.931	0.940889
3829	0.00397802	0.240744	98.2433	43.918	-10.4767	-0.0269223	131.658	139.932	0.940868
3830	0.00397893	0.240746	98.2451	43.9168	-10.4784	-0.026921	131.657	139.933	0.940854
3831	0.00397985	0.240747	98.2468	43.9156	-10.4791	-0.0269197	131.656	139.934	0.940848
3832	0.00398077	0.240748	98.2485	43.9145	-10.4789	-0.0269185	131.657	139.935	0.940848
3833	0.00398168	0.240749	98.25	43.9134	-10.4777	-0.0269173	131.659	139.935	0.940855
3834	0.0039826	0.240751	98.2515	43.9124	-10.474	-0.0269161	131.663	139.936	0.94088
3835	0.00398351	0.240752	98.253	43.9114	-10.4665	-0.0269151	131.671	139.937	0.940933
3836	0.00398443	0.240753	98.2543	43.9105	-10.4584	-0.0269141	131.68	139.937	0.94099
3837	0.00398535	0.240754	98.2556	43.9096	-10.4501	-0.0269131	131.688	139.938	0.941048
3838	0.00398626	0.240755	98.2569	43.9088	-10.4419	-0.0269121	131.697	139.938	0.941106
3839	0.00398718	0.240756	98.258	43.908	-10.434	-0.0269111	131.705	139.939	0.941161
3840	0.00398809	0.240757	98.2591	43.9073	-10.4266	-0.0269101	131.713	139.939	0.941213
3841	0.00398901	0.240757	98.2601	43.9066	-10.4199	-0.0269092	131.72	139.94	0.941261
3842	0.00398992	0.240758	98.261	43.906	-10.4139	-0.0269083	131.726	139.94	0.941302
3843	0.00399084	0.240759	98.2619	43.9054	-10.4089	-0.0269075	131.731	139.941	0.941338
3844	0.00399176	0.240759	98.2626	43.9049	-10.4049	-0.0269067	131.736	139.941	0.941365
3845	0.00399267	0.24076	98.2633	43.9045	-10.402	-0.0269059	131.739	139.941	0.941386
3846	0.00399359	0.24076	98.2639	43.9041	-10.4002	-0.0269052	131.741	139.942	0.941398
3847	0.0039945	0.240761	98.2644	43.9037	-10.3996	-0.0269045	131.742	139.942	0.941402
3848	0.00399542	0.240761	98.2648	43.9035	-10.4002	-0.0269038	131.741	139.942	0.941398
3849	0.00399633	0.240762	98.2652	43.9032	-10.402	-0.0269031	131.74	139.942	0.941384
3850	0.00399725	0.240762	98.2654	43.9031	-10.4049	-0.0269024	131.737	139.942	0.941363
3851	0.00399817	0.240762	98.2657	43.9029	-10.4089	-0.0269016	131.733	139.943	0.941334
3852	0.00399908	0.240762	98.2658	43.9028	-10.414	-0.0269008	131.728	139.943	0.941298
3853	0.004	0.240762	98.266	43.9027	-10.42	-0.0269	131.722	139.943	0.941255
3854	0.00400091	0.240762	98.266	43.9027	-10.4271	-0.0268991	131.715	139.943	0.941204
3855	0.00400183	0.240762	98.2661	43.9026	-10.4365	-0.0268982	131.705	139.943	0.941137
3856	0.00400275	0.240763	98.2661	43.9026	-10.4507	-0.026897	131.691	139.943	0.941036
3857	0.00400366	0.240763	98.2661	43.9026	-10.4626	-0.0268958	131.679	139.943	0.94095
3858	0.00400458	0.240763	98.2661	43.9026	-10.4725	-0.0268945	131.669	139.943	0.94088
3859	0.00400549	0.240763	98.2661	43.9027	-10.4806	-0.0268933	131.661	139.943	0.940822
3860	0.00400641	0.240762	98.2661	43.9027	-10.4872	-0.026892	131.655	139.943	0.940774
3861	0.00400733	0.240762	98.266	43.9027	-10.4925	-0.0268906	131.649	139.943	0.940736
3862	0.00400824	0.240762	98.2659	43.9028	-10.4966	-0.0268893	131.645	139.943	0.940707
3863	0.00400916	0.240762	98.2658	43.9028	-10.4996	-0.026888	131.642	139.943	0.940686
3864	0.00401007	0.240762	98.2657	43.9029	-10.5015	-0.0268866	131.64	139.943	0.940672
3865	0.00401099	0.240762	98.2656	43.903	-10.5025	-0.0268853	131.639	139.943	0.940666
3866	0.00401191	0.240762	98.2655	43.9031	-10.5024	-0.026884	131.639	139.943	0.940666
3867	0.00401282	0.240762	98.2653	43.9032	-10.5015	-0.0268828	131.64	139.943	0.940673
3868	0.00401374	0.240762	98.2651	43.9034	-10.4999	-0.0268815	131.642	139.942	0.940685
3869	0.00401465	0.240762	98.2649	43.9035	-10.4934	-0.0268805	131.648	139.942	0.940731
3870	0.00401557	0.240762	98.2647	43.9037	-10.4854	-0.0268795	131.656	139.942	0.940788
3871	0.00401649	0.240761	98.2644	43.9039	-10.4773	-0.0268784	131.664	139.942	0.940846
3872	0.0040174	0.240761	98.2641	43.9041	-10.4694	-0.0268774	131.672	139.942	0.940903
3873	0.00401832	0.240761	98.2638	43.9043	-10.4617	-0.0268763	131.68	139.942	0.940959
3874	0.00401923	0.240761	98.2634	43.9046	-10.4545	-0.0268753	131.687	139.942	0.94101
3875	0.00402015	0.24076	98.263	43.9049	-10.4479	-0.0268743	131.693	139.942	0.941058
3876	0.00402107	0.24076	98.2626	43.9052	-10.4421	-0.0268734	131.699	139.941	0.941099
3877	0.00402198	0.24076	98.2621	43.9055	-10.4372	-0.0268725	131.704	139.941	0.941135
3878	0.0040229	0.240759	98.2616	43.9059	-10.4333	-0.0268717	131.707	139.941	0.941163
3879	0.00402381	0.240759	98.261	43.9063	-10.4305	-0.0268709	131.71	139.941	0.941183
3880	0.00402473	0.240758	98.2603	43.9068	-10.4289	-0.0268701	131.711	139.94	0.941195
3881	0.00402564	0.240758	98.2596	43.9073	-10.4284	-0.0268693	131.712	139.94	0.9412
3882	0.00402656	0.240757	98.2589	43.9078	-10.429	-0.0268686	131.711	139.94	0.941195
3883	0.00402748	0.240757	98.258	43.9084	-10.4309	-0.0268678	131.709	139.94	0.941183
3884	0.00402839	0.240756	98.2571	43.909	-10.434	-0.026867	131.705	139.939	0.941161
3885	0.00402931	0.240755	98.2562	43.9097	-10.4382	-0.0268662	131.701	139.939	0.941132
3886	0.00403022	0.240755	98.2551	43.9105	-10.4434	-0.0268654	131.695	139.938	0.941095
3887	0.00403114	0.240754	98.254	43.9113	-10.4497	-0.0268645	131.689	139.938	0.941051
3888	0.00403206	0.240753	98.2528	43.9121	-10.4572	-0.0268636	131.681	139.937	0.940999
3889	0.00403297	0.240752	98.2515	43.913	-10.4672	-0.0268626	131.67	139.937	0.940928
3890	0.00403389	0.240751	98.2501	43.914	-10.4817	-0.0268614	131.656	139.936	0.940826
3891	0.0040348	0.24075	98.2486	43.9151	-10.4939	-0.0268601	131.643	139.936	0.940739
3892	0.00403572	0.240749	98.247	43.9162	-10.5042	-0.0268588	131.632	139.935	0.940667
3893	0.00403664	0.240748	98.2453	43.9174	-10.5127	-0.0268575	131.623	139.934	0.940607
3894	0.00403755	0.240746	98.2435	43.9187	-10.5197	-0.0268561	131.616	139.933	0.940558
3895	0.00403847	0.240745	98.2415	43.92	-10.5254	-0.0268547	131.609	139.933	0.940519
3896	0.00403938	0.240743	98.2394	43.9215	-10.53	-0.0268533	131.604	139.932	0.940488
3897	0.0040403	0.240742	98.2372	43.923	-10.5334	-0.0268519	131.6	139.931	0.940465
3898	0.00404122	0.24074	98.2349	43.9247	-10.5357	-0.0268505	131.597	139.93	0.94045
3899	0.00404213	0.240738	98.2324	43.9264	-10.537	-0.0268491	131.595	139.929	0.940443
3900	0.00404305	0.240736	98.2298	43.9282	-10.5374	-0.0268478	131.594	139.928	0.940442
3901	0.00404397	0.240734	98.2271	43.9302	-10.5369	-0.0268465	131.594	139.926	0.940448
3902	0.00404488	0.240732	98.2241	43.9322	-10.5355	-0.0268452	131.594	139.925	0.940459
3903	0.0040458	0.24073	98.2211	43.9344	-10.5299	-0.026844	131.599	139.924	0.940501
3904	0.00404671	0.240728	98.2178	43.9367	-10.5224	-0.026843	131.605	139.923	0.940558
3905	0.00404763	0.240725	98.2144	43.9391	-10.5146	-0.0268418	131.612	139.921	0.940616
3906	0.00404854	0.240722	98.2107	43.9416	-10.5069	-0.0268407	131.619	139.92	0.940674
3907	0.00404946	0.24072	98.2069	43.9443	-10.4995	-0.0268396	131.625	139.918	0.940729
3908	0.00405038	0.240717	98.2029	43.9471	-10.4925	-0.0268385	131.631	139.916	0.940782
3909	0.00405129	0.240714	98.1987	43.95	-10.4862	-0.0268375	131.636	139.914	0.940831
3910	0.00405221	0.24071	98.1943	43.9531	-10.4805	-0.0268365	131.64	139.913	0.940874
3911	0.00405312	0.240707	98.1897	43.9564	-10.4758	-0.0268355	131.643	139.911	0.940911
3912	0.00405404	0.240703	98.1849	43.9597	-10.4721	-0.0268346	131.646	139.909	0.940941
3913	0.00405496	0.2407	98.1798	43.9633	-10.4694	-0.0268337	131.647	139.906	0.940964
3914	0.00405587	0.240696	98.1745	43.967	-10.4678	-0.0268329	131.647	139.904	0.94098
3915	0.00405679	0.240692	98.169	43.9709	-10.4674	-0.026832	131.646	139.902	0.940987
3916	0.0040577	0.240687	98.1632	43.9749	-10.4681	-0.0268312	131.643	139.899	0.940986
3917	0.00405862	0.240683	98.1571	43.9791	-10.47	-0.0268304	131.639	139.897	0.940976
3918	0.00405954	0.240678	98.1508	43.9835	-10.4731	-0.0268295	131.634	139.894	0.940959
3919	0.00406045	0.240673	98.1443	43.9881	-10.4774	-0.0268287	131.628	139.891	0.940933
3920	0.00406137	0.240668	98.1374	43.9929	-10.4827	-0.0268278	131.621	139.888	0.9409
3921	0.00406228	0.240663	98.1303	43.9979	-10.4892	-0.0268268	131.612	139.885	0.940859
3922	0.0040632	0.240658	98.1229	44.003	-10.497	-0.0268258	131.602	139.882	0.940808
3923	0.00406412	0.240652	98.1152	44.0084	-10.5086	-0.0268247	131.588	139.879	0.940731
3924	0.00406503	0.240646	98.1072	44.014	-10.5226	-0.0268234	131.572	139.875	0.940637
3925	0.00406595	0.24064	98.0989	44.0198	-10.5346	-0.026822	131.557	139.872	0.940558
3926	0.00406686	0.240633	98.0902	44.0258	-10.5446	-0.0268206	131.545	139.868	0.940492
3927	0.00406778	0.240627	98.0813	44.032	-10.553	-0.0268192	131.534	139.864	0.940439
3928	0.0040687	0.24062	98.072	44.0385	-10.5599	-0.0268178	131.524	139.86	0.940397
3929	0.00406961	0.240613	98.0624	44.0452	-10.5656	-0.0268163	131.515	139.856	0.940363
3930	0.00407053	0.240605	98.0525	44.0521	-10.5701	-0.0268149	131.508	139.852	0.940338
3931	0.00407144	0.240598	98.0422	44.0593	-10.5735	-0.0268134	131.501	139.847	0.940321
3932	0.00407236	0.24059	98.0315	44.0667	-10.5759	-0.0268119	131.496	139.842	0.940312
3933	0.00407328	0.240582	98.0205	44.0744	-10.5773	-0.0268105	131.491	139.838	0.94031
3934	0.00407419	0.240573	98.0092	44.0823	-10.5778	-0.026809	131.487	139.833	0.940315
3935	0.00407511	0.240564	97.9975	44.0904	-10.5774	-0.0268076	131.484	139.828	0.940326
3936	0.00407602	0.240555	97.9854	44.0989	-10.5762	-0.0268063	131.481	139.822	0.940344
3937	0.00407694	0.240546	97.9729	44.1075	-10.5708	-0.0268051	131.483	139.817	0.940392
3938	0.00407786	0.240536	97.96	44.1165	-10.5635	-0.026804	131.486	139.811	0.940454
3939	0.00407877	0.240527	97.9467	44.1257	-10.556	-0.0268028	131.49	139.806	0.940518
3940	0.00407969	0.240516	97.9331	44.1352	-10.5486	-0.0268016	131.493	139.8	0.940581
3941	0.0040806	0.240506	97.919	44.145	-10.5414	-0.0268004	131.496	139.794	0.940642
3942	0.00408152	0.240495	97.9045	44.155	-10.5347	-0.0267993	131.498	139.787	0.940701
3943	0.00408244	0.240484	97.8897	44.1654	-10.5286	-0.0267982	131.5	139.781	0.940756
3944	0.00408335	0.240472	97.8744	44.176	-10.5233	-0.0267971	131.5	139.774	0.940805
3945	0.00408427	0.24046	97.8586	44.1869	-10.5189	-0.0267961	131.5	139.767	0.940849
3946	0.00408518	0.240448	97.8425	44.1981	-10.5154	-0.0267951	131.498	139.76	0.940886
3947	0.0040861	0.240436	97.8259	44.2096	-10.513	-0.0267942	131.496	139.753	0.940915
3948	0.00408702	0.240423	97.8089	44.2214	-10.5117	-0.0267932	131.492	139.746	0.940937
3949	0.00408793	0.24041	97.7915	44.2335	-10.5116	-0.0267923	131.487	139.738	0.940952
3950	0.00408885	0.240397	97.7736	44.2459	-10.5126	-0.0267914	131.48	139.73	0.940958
3951	0.00408976	0.240383	97.7552	44.2587	-10.5148	-0.0267905	131.472	139.722	0.940956
3952	0.00409068	0.240369	97.7364	44.2717	-10.5182	-0.0267896	131.463	139.714	0.940945
3953	0.00409159	0.240354	97.7172	44.285	-10.5228	-0.0267887	131.453	139.705	0.940927
3954	0.00409251	0.240339	97.6975	44.2987	-10.5285	-0.0267877	131.441	139.697	0.940902
3955	0.00409343	0.240324	97.6773	44.3126	-10.5353	-0.0267867	131.428	139.688	0.940868
3956	0.00409434	0.240308	97.6567	44.3269	-10.5439	-0.0267856	131.413	139.679	0.940822
3957	0.00409526	0.240292	97.6356	44.3415	-10.5591	-0.0267843	131.391	139.67	0.940729
3958	0.00409617	0.240276	97.6141	44.3564	-10.5724	-0.0267829	131.371	139.66	0.940651
3959	0.00409709	0.240259	97.5921	44.3716	-10.5837	-0.0267815	131.353	139.65	0.940586
3960	0.00409801	0.240242	97.5696	44.3872	-10.5932	-0.02678	131.337	139.64	0.940535
3961	0.00409892	0.240225	97.5467	44.4031	-10.6012	-0.0267785	131.322	139.63	0.940495
3962	0.00409984	0.240207	97.5232	44.4193	-10.608	-0.026777	131.308	139.62	0.940465
3963	0.00410076	0.240189	97.4994	44.4358	-10.6136	-0.0267755	131.295	139.609	0.940443
3964	0.00410167	0.24017	97.475	44.4526	-10.618	-0.026774	131.283	139.599	0.94043
3965	0.00410259	0.240152	97.4502	44.4698	-10.6214	-0.0267724	131.272	139.588	0.940425
3966	0.0041035	0.240132	97.4249	44.4873	-10.6237	-0.0267709	131.262	139.577	0.940427
3967	0.00410442	0.240113	97.3991	44.5051	-10.6252	-0.0267694	131.252	139.565	0.940437
3968	0.00410534	0.240093	97.3728	44.5232	-10.6257	-0.0267679	131.244	139.553	0.940454
3969	0.00410625	0.240072	97.3461	44.5416	-10.6253	-0.0267665	131.236	139.542	0.940477
3970	0.00410717	0.240051	97.3189	44.5604	-10.6242	-0.0267651	131.228	139.53	0.940506
3971	0.00410808	0.24003	97.2913	44.5795	-10.6182	-0.0267639	131.226	139.517	0.94057
3972	0.004109	0.240009	97.2631	44.5989	-10.611	-0.0267627	131.224	139.505	0.940643
3973	0.00410992	0.239987	97.2345	44.6186	-10.6037	-0.0267615	131.223	139.492	0.940718
3974	0.00411083	0.239965	97.2055	44.6386	-10.5966	-0.0267603	131.221	139.479	0.940792
3975	0.00411175	0.239942	97.176	44.659	-10.5898	-0.026759	131.218	139.466	0.940864
3976	0.00411266	0.239919	97.146	44.6796	-10.5834	-0.0267578	131.215	139.453	0.940933
3977	0.00411358	0.239896	97.1156	44.7006	-10.5777	-0.0267567	131.212	139.439	0.940997
3978	0.0041145	0.239872	97.0847	44.7218	-10.5727	-0.0267556	131.207	139.425	0.941057
3979	0.00411541	0.239848	97.0533	44.7434	-10.5686	-0.0267545	131.201	139.411	0.941111
3980	0.00411633	0.239823	97.0215	44.7653	-10.5656	-0.0267535	131.195	139.397	0.941158
3981	0.00411724	0.239798	96.9893	44.7875	-10.5635	-0.0267524	131.186	139.382	0.941198
3982	0.00411816	0.239773	96.9566	44.8099	-10.5626	-0.0267515	131.177	139.368	0.94123
3983	0.00411908	0.239748	96.9235	44.8327	-10.5628	-0.0267505	131.167	139.353	0.941255
3984	0.00411999	0.239722	96.89	44.8558	-10.5642	-0.0267495	131.155	139.338	0.941271
3985	0.00412091	0.239695	96.856	44.8791	-10.5669	-0.0267486	131.142	139.323	0.941279
3986	0.00412182	0.239669	96.8216	44.9028	-10.5706	-0.0267476	131.127	139.307	0.94128
3987	0.00412274	0.239642	96.7868	44.9267	-10.5755	-0.0267466	131.111	139.291	0.941272
3988	0.00412366	0.239615	96.7516	44.9509	-10.5815	-0.0267455	131.094	139.276	0.941257
3989	0.00412457	0.239587	96.7159	44.9754	-10.5888	-0.0267444	131.076	139.26	0.941234
3990	0.00412549	0.239559	96.6799	45.0001	-10.5979	-0.0267433	131.055	139.243	0.941197
3991	0.0041264	0.239531	96.6434	45.0251	-10.6132	-0.0267419	131.029	139.227	0.941116
3992	0.00412732	0.239502	96.6065	45.0504	-10.6264	-0.0267405	131.004	139.21	0.941051
3993	0.00412824	0.239473	96.5693	45.0759	-10.6376	-0.026739	130.981	139.193	0.941
3994	0.00412915	0.239444	96.5317	45.1017	-10.6472	-0.0267374	130.959	139.176	0.940962
3995	0.00413007	0.239414	96.4937	45.1278	-10.6551	-0.0267359	130.94	139.159	0.940935
3996	0.00413098	0.239384	96.4553	45.1541	-10.6618	-0.0267343	130.921	139.142	0.940918
3997	0.0041319	0.239354	96.4166	45.1806	-10.6674	-0.0267328	130.903	139.124	0.940909
3998	0.00413282	0.239323	96.3775	45.2074	-10.6718	-0.0267312	130.886	139.106	0.940909
3999	0.00413373	0.239292	96.338	45.2344	-10.6752	-0.0267296	130.87	139.088	0.940917
4000	0.00413465	0.239261	96.2982	45.2616	-10.6776	-0.026728	130.855	139.07	0.940932
4001	0.00413556	0.239229	96.2581	45.289	-10.679	-0.0267265	130.841	139.052	0.940955
4002	0.00413648	0.239198	96.2176	45.3167	-10.6795	-0.0267249	130.828	139.033	0.940984
4003	0.0041374	0.239166	96.1768	45.3446	-10.6792	-0.0267235	130.815	139.015	0.941019
4004	0.00413831	0.239133	96.1357	45.3727	-10.6769	-0.0267221	130.805	138.996	0.94107
4005	0.00413923	0.239101	96.0943	45.401	-10.6705	-0.0267208	130.798	138.977	0.94115
4006	0.00414015	0.239068	96.0526	45.4294	-10.6635	-0.0267196	130.792	138.958	0.941235
4007	0.00414106	0.239035	96.0106	45.4581	-10.6564	-0.0267183	130.786	138.938	0.94132
4008	0.00414198	0.239001	95.9684	45.487	-10.6496	-0.026717	130.779	138.919	0.941404
4009	0.00414289	0.238968	95.9258	45.516	-10.6431	-0.0267157	130.772	138.9	0.941487
4010	0.00414381	0.238934	95.883	45.5452	-10.6371	-0.0267145	130.764	138.88	0.941565
4011	0.00414472	0.2389	95.8399	45.5746	-10.6317	-0.0267133	130.756	138.86	0.94164
4012	0.00414564	0.238865	95.7966	45.6041	-10.6272	-0.0267121	130.747	138.84	0.941709
4013	0.00414656	0.238831	95.753	45.6338	-10.6236	-0.026711	130.737	138.82	0.941771
4014	0.00414747	0.238796	95.7092	45.6637	-10.6209	-0.0267099	130.725	138.8	0.941827
4015	0.00414839	0.238761	95.6652	45.6937	-10.6193	-0.0267089	130.713	138.779	0.941875
4016	0.0041493	0.238725	95.6209	45.7238	-10.6189	-0.0267078	130.699	138.759	0.941916
4017	0.00415022	0.23869	95.5765	45.754	-10.6195	-0.0267068	130.684	138.738	0.941949
4018	0.00415114	0.238654	95.5318	45.7844	-10.6214	-0.0267058	130.668	138.718	0.941973
4019	0.00415205	0.238619	95.487	45.8149	-10.6245	-0.0267048	130.651	138.697	0.941989
4020	0.00415297	0.238583	95.4419	45.8456	-10.6287	-0.0267037	130.632	138.676	0.941996
4021	0.00415388	0.238546	95.3967	45.8763	-10.6341	-0.0267026	130.612	138.655	0.941996
4022	0.0041548	0.23851	95.3514	45.9071	-10.6405	-0.0267015	130.591	138.634	0.941989
4023	0.00415572	0.238474	95.3059	45.938	-10.6482	-0.0267004	130.569	138.612	0.941972
4024	0.00415663	0.238437	95.2602	45.9691	-10.6583	-0.0266991	130.544	138.591	0.941938
4025	0.00415755	0.2384	95.2144	46.0002	-10.6734	-0.0266977	130.514	138.57	0.941868
4026	0.00415846	0.238363	95.1684	46.0313	-10.6864	-0.0266961	130.487	138.548	0.941814
4027	0.00415938	0.238326	95.1224	46.0626	-10.6974	-0.0266946	130.461	138.527	0.941774
4028	0.0041603	0.238289	95.0762	46.0939	-10.7068	-0.026693	130.437	138.505	0.941747
4029	0.00416121	0.238251	95.0299	46.1253	-10.7146	-0.0266914	130.414	138.483	0.94173
4030	0.00416213	0.238214	94.9835	46.1567	-10.7211	-0.0266897	130.392	138.462	0.941723
4031	0.00416305	0.238176	94.9371	46.1882	-10.7265	-0.0266881	130.372	138.44	0.941725
4032	0.00416396	0.238139	94.8905	46.2197	-10.7308	-0.0266864	130.353	138.418	0.941734
4033	0.00416488	0.238101	94.8439	46.2513	-10.734	-0.0266848	130.335	138.396	0.941752
4034	0.00416579	0.238063	94.7972	46.2829	-10.7362	-0.0266832	130.317	138.374	0.941776
4035	0.00416671	0.238025	94.7505	46.3145	-10.7375	-0.0266816	130.301	138.352	0.941808
4036	0.00416763	0.237987	94.7037	46.3461	-10.7379	-0.02668	130.285	138.33	0.941846
4037	0.00416854	0.237949	94.6569	46.3778	-10.7374	-0.0266785	130.271	138.308	0.941891
4038	0.00416946	0.237911	94.6101	46.4095	-10.7332	-0.0266771	130.26	138.285	0.941963
4039	0.00417037	0.237873	94.5633	46.4411	-10.7265	-0.0266758	130.251	138.263	0.942053
4040	0.00417129	0.237835	94.5164	46.4728	-10.7195	-0.0266744	130.243	138.241	0.942145
4041	0.00417221	0.237796	94.4695	46.5044	-10.7125	-0.026673	130.235	138.219	0.942236
4042	0.00417312	0.237758	94.4227	46.5361	-10.7058	-0.0266717	130.226	138.197	0.942327
4043	0.00417404	0.23772	94.3758	46.5677	-10.6994	-0.0266703	130.217	138.174	0.942415
4044	0.00417495	0.237681	94.329	46.5993	-10.6936	-0.026669	130.208	138.152	0.942499
4045	0.00417587	0.237643	94.2822	46.6309	-10.6884	-0.0266678	130.198	138.13	0.942578
4046	0.00417679	0.237605	94.2355	46.6624	-10.6841	-0.0266666	130.187	138.107	0.942652
4047	0.0041777	0.237566	94.1888	46.6939	-10.6806	-0.0266654	130.175	138.085	0.942718
4048	0.00417862	0.237528	94.1421	46.7253	-10.6782	-0.0266642	130.163	138.063	0.942778
4049	0.00417953	0.23749	94.0955	46.7567	-10.6769	-0.0266631	130.149	138.04	0.94283
4050	0.00418045	0.237451	94.049	46.7881	-10.6766	-0.026662	130.134	138.018	0.942874
4051	0.00418137	0.237413	94.0025	46.8194	-10.6776	-0.0266609	130.118	137.996	0.942909
4052	0.00418228	0.237375	93.9561	46.8506	-10.6797	-0.0266598	130.1	137.974	0.942936
4053	0.0041832	0.237336	93.9098	46.8818	-10.683	-0.0266587	130.082	137.951	0.942955
4054	0.00418411	0.237298	93.8635	46.9129	-10.6874	-0.0266575	130.062	137.929	0.942965
4055	0.00418503	0.23726	93.8174	46.9439	-10.6928	-0.0266564	130.042	137.907	0.942968
4056	0.00418595	0.237222	93.7714	46.9748	-10.6993	-0.0266552	130.02	137.885	0.942963
4057	0.00418686	0.237184	93.7255	47.0057	-10.7071	-0.0266539	129.997	137.863	0.942949
4058	0.00418778	0.237146	93.6797	47.0365	-10.7171	-0.0266526	129.972	137.841	0.942918
4059	0.00418869	0.237108	93.634	47.0672	-10.7321	-0.0266511	129.942	137.819	0.942852
4060	0.00418961	0.23707	93.5884	47.0978	-10.7448	-0.0266495	129.915	137.796	0.942801
4061	0.00419053	0.237032	93.543	47.1283	-10.7557	-0.0266478	129.889	137.774	0.942764
4062	0.00419144	0.236994	93.4976	47.1587	-10.7648	-0.0266461	129.865	137.753	0.94274
4063	0.00419236	0.236957	93.4525	47.189	-10.7724	-0.0266444	129.842	137.731	0.942727
4064	0.00419327	0.236919	93.4075	47.2192	-10.7787	-0.0266427	129.821	137.709	0.942723
4065	0.00419419	0.236882	93.3626	47.2493	-10.7838	-0.026641	129.801	137.687	0.942728
4066	0.00419511	0.236844	93.3179	47.2793	-10.7878	-0.0266393	129.783	137.665	0.942741
4067	0.00419602	0.236807	93.2733	47.3091	-10.7908	-0.0266376	129.765	137.644	0.942761
4068	0.00419694	0.23677	93.2289	47.3389	-10.7928	-0.0266359	129.748	137.622	0.942788
4069	0.00419785	0.236733	93.1847	47.3685	-10.7938	-0.0266342	129.733	137.6	0.942822
4070	0.00419877	0.236696	93.1407	47.398	-10.7939	-0.0266326	129.718	137.579	0.942863
4071	0.00419969	0.236659	93.0969	47.4273	-10.7933	-0.026631	129.704	137.558	0.942909
4072	0.0042006	0.236622	93.0532	47.4565	-10.7881	-0.0266295	129.695	137.536	0.942988
4073	0.00420152	0.236586	93.0098	47.4856	-10.7812	-0.0266281	129.688	137.515	0.943079
4074	0.00420243	0.236549	92.9666	47.5145	-10.7741	-0.0266267	129.68	137.494	0.943172
4075	0.00420335	0.236513	92.9235	47.5432	-10.7671	-0.0266253	129.673	137.473	0.943264
4076	0.00420427	0.236477	92.8807	47.5719	-10.7604	-0.0266238	129.666	137.452	0.943354
4077	0.00420518	0.236441	92.8381	47.6003	-10.754	-0.0266224	129.658	137.431	0.943441
4078	0.0042061	0.236405	92.7958	47.6286	-10.7482	-0.0266211	129.65	137.41	0.943523
4079	0.00420701	0.236369	92.7536	47.6568	-10.7431	-0.0266197	129.641	137.389	0.943601
4080	0.00420793	0.236334	92.7117	47.6848	-10.7389	-0.0266185	129.631	137.369	0.943672
4081	0.00420885	0.236299	92.67	47.7126	-10.7355	-0.0266172	129.62	137.348	0.943737
4082	0.00420976	0.236263	92.6286	47.7403	-10.7333	-0.026616	129.609	137.328	0.943793
4083	0.00421068	0.236228	92.5874	47.7677	-10.732	-0.0266148	129.596	137.307	0.943842
4084	0.00421159	0.236194	92.5464	47.7951	-10.7319	-0.0266137	129.583	137.287	0.943883
4085	0.00421251	0.236159	92.5057	47.8222	-10.733	-0.0266125	129.568	137.267	0.943914
4086	0.00421343	0.236125	92.4653	47.8491	-10.7353	-0.0266113	129.553	137.247	0.943937
4087	0.00421434	0.23609	92.4251	47.8759	-10.7387	-0.0266102	129.536	137.227	0.943951
4088	0.00421526	0.236056	92.3852	47.9026	-10.7432	-0.026609	129.518	137.207	0.943958
4089	0.00421617	0.236022	92.3455	47.929	-10.7487	-0.0266077	129.499	137.188	0.943956
4090	0.00421709	0.235989	92.3061	47.9553	-10.7551	-0.0266065	129.48	137.168	0.943948
4091	0.00421801	0.235955	92.2669	47.9814	-10.7626	-0.0266052	129.459	137.149	0.943932
4092	0.00421892	0.235922	92.228	48.0073	-10.7716	-0.0266038	129.437	137.129	0.943904
4093	0.00421984	0.235889	92.1893	48.033	-10.787	-0.0266023	129.409	137.11	0.94383
4094	0.00422075	0.235856	92.1509	48.0586	-10.8002	-0.0266006	129.383	137.091	0.943772
4095	0.00422167	0.235823	92.1127	48.084	-10.8113	-0.0265989	129.359	137.072	0.943728
4096	0.00422259	0.235791	92.0748	48.1092	-10.8206	-0.0265972	129.337	137.053	0.943698
4097	0.0042235	0.235759	92.0372	48.1342	-10.8283	-0.0265955	129.316	137.034	0.943679
4098	0.00422442	0.235727	91.9998	48.1591	-10.8347	-0.0265937	129.298	137.016	0.943669
4099	0.00422534	0.235695	91.9627	48.1837	-10.8399	-0.026592	129.28	136.997	0.943669
4100	0.00422625	0.235663	91.9258	48.2082	-10.8439	-0.0265902	129.264	136.979	0.943676
4101	0.00422717	0.235632	91.8892	48.2325	-10.8468	-0.0265884	129.248	136.96	0.943691
4102	0.00422808	0.2356	91.8529	48.2567	-10.8488	-0.0265867	129.234	136.942	0.943713
4103	0.004229	0.235569	91.8168	48.2806	-10.8498	-0.026585	129.221	136.924	0.943742
4104	0.00422992	0.235538	91.781	48.3044	-10.8499	-0.0265833	129.209	136.906	0.943777
4105	0.00423083	0.235508	91.7455	48.328	-10.8489	-0.0265816	129.198	136.888	0.94382
4106	0.00423175	0.235477	91.7102	48.3514	-10.843	-0.0265801	129.192	136.871	0.943897
4107	0.00423266	0.235447	91.6753	48.3746	-10.836	-0.0265787	129.187	136.853	0.943984
4108	0.00423358	0.235417	91.6405	48.3976	-10.8289	-0.0265772	129.183	136.836	0.944071
4109	0.0042345	0.235387	91.6061	48.4205	-10.8218	-0.0265757	129.178	136.818	0.944158
4110	0.00423541	0.235358	91.5719	48.4431	-10.8149	-0.0265742	129.174	136.801	0.944242
4111	0.00423633	0.235328	91.538	48.4656	-10.8085	-0.0265727	129.169	136.784	0.944324
4112	0.00423724	0.235299	91.5044	48.4879	-10.8026	-0.0265713	129.163	136.767	0.944401
4113	0.00423816	0.23527	91.471	48.51	-10.7974	-0.02657	129.157	136.75	0.944473
4114	0.00423908	0.235241	91.4379	48.532	-10.7931	-0.0265686	129.15	136.734	0.944538
4115	0.00423999	0.235213	91.4051	48.5537	-10.7897	-0.0265674	129.142	136.717	0.944596
4116	0.00424091	0.235185	91.3725	48.5753	-10.7874	-0.0265661	129.134	136.701	0.944647
4117	0.00424182	0.235157	91.3402	48.5966	-10.786	-0.0265649	129.124	136.684	0.944689
4118	0.00424274	0.235129	91.3082	48.6178	-10.7859	-0.0265637	129.114	136.668	0.944723
4119	0.00424366	0.235101	91.2765	48.6389	-10.7869	-0.0265625	129.102	136.652	0.944748
4120	0.00424457	0.235074	91.245	48.6597	-10.7891	-0.0265613	129.089	136.636	0.944765
4121	0.00424549	0.235047	91.2138	48.6803	-10.7924	-0.0265601	129.075	136.62	0.944772
4122	0.0042464	0.23502	91.1829	48.7008	-10.7967	-0.0265588	129.06	136.605	0.944772
4123	0.00424732	0.234993	91.1522	48.7211	-10.802	-0.0265576	129.045	136.589	0.944765
4124	0.00424824	0.234966	91.1219	48.7412	-10.8082	-0.0265563	129.028	136.574	0.944751
4125	0.00424915	0.23494	91.0917	48.7611	-10.8152	-0.026555	129.011	136.558	0.944731
4126	0.00425007	0.234914	91.0619	48.7808	-10.8233	-0.0265536	128.993	136.543	0.944703
4127	0.00425099	0.234888	91.0323	48.8003	-10.8336	-0.0265521	128.972	136.528	0.944658
4128	0.0042519	0.234862	91.003	48.8197	-10.8482	-0.0265505	128.948	136.513	0.944581
4129	0.00425282	0.234837	90.974	48.8389	-10.8604	-0.0265488	128.926	136.499	0.944522
4130	0.00425373	0.234812	90.9452	48.8579	-10.8706	-0.026547	128.906	136.484	0.944477
4131	0.00425465	0.234787	90.9167	48.8767	-10.879	-0.0265452	128.888	136.469	0.944445
4132	0.00425557	0.234762	90.8885	48.8954	-10.8858	-0.0265435	128.872	136.455	0.944425
4133	0.00425648	0.234737	90.8605	48.9139	-10.8913	-0.0265417	128.856	136.441	0.944413
4134	0.0042574	0.234713	90.8328	48.9321	-10.8956	-0.0265399	128.843	136.427	0.944411
4135	0.00425831	0.234689	90.8054	48.9502	-10.8988	-0.0265381	128.83	136.413	0.944416
4136	0.00425923	0.234665	90.7782	48.9682	-10.9008	-0.0265363	128.819	136.399	0.944429
4137	0.00426015	0.234641	90.7513	48.9859	-10.902	-0.0265345	128.809	136.385	0.944449
4138	0.00426106	0.234618	90.7246	49.0035	-10.9021	-0.0265328	128.799	136.371	0.944476
4139	0.00426198	0.234595	90.6983	49.0209	-10.9015	-0.0265311	128.791	136.358	0.944509
4140	0.0042629	0.234572	90.6721	49.0381	-10.8962	-0.0265295	128.788	136.345	0.944574
4141	0.00426381	0.234549	90.6463	49.0552	-10.8892	-0.026528	128.786	136.331	0.944653
4142	0.00426473	0.234526	90.6207	49.0721	-10.8818	-0.0265264	128.784	136.318	0.944734
4143	0.00426564	0.234504	90.5954	49.0888	-10.8745	-0.0265249	128.783	136.305	0.944814
4144	0.00426656	0.234482	90.5703	49.1053	-10.8674	-0.0265233	128.782	136.292	0.944893
4145	0.00426748	0.23446	90.5455	49.1217	-10.8606	-0.0265218	128.78	136.28	0.944969
4146	0.00426839	0.234438	90.5209	49.1378	-10.8543	-0.0265203	128.778	136.267	0.945041
4147	0.00426931	0.234417	90.4966	49.1539	-10.8487	-0.0265189	128.775	136.254	0.945108
4148	0.00427022	0.234396	90.4725	49.1697	-10.8439	-0.0265175	128.772	136.242	0.945169
4149	0.00427114	0.234375	90.4487	49.1854	-10.84	-0.0265162	128.768	136.23	0.945223
4150	0.00427206	0.234354	90.4252	49.2009	-10.8371	-0.0265149	128.762	136.218	0.94527
4151	0.00427297	0.234333	90.4019	49.2162	-10.8352	-0.0265136	128.756	136.206	0.945308
4152	0.00427389	0.234313	90.3788	49.2314	-10.8344	-0.0265124	128.749	136.194	0.945338
4153	0.0042748	0.234292	90.356	49.2464	-10.8349	-0.0265111	128.741	136.182	0.945359
4154	0.00427572	0.234272	90.3335	49.2613	-10.8365	-0.0265099	128.732	136.171	0.945372
4155	0.00427664	0.234253	90.3111	49.276	-10.8392	-0.0265086	128.721	136.159	0.945375
4156	0.00427755	0.234233	90.2891	49.2905	-10.843	-0.0265074	128.71	136.148	0.945371
4157	0.00427847	0.234214	90.2672	49.3048	-10.8477	-0.0265061	128.698	136.136	0.94536
4158	0.00427938	0.234195	90.2457	49.319	-10.8532	-0.0265048	128.685	136.125	0.945342
4159	0.0042803	0.234176	90.2243	49.3331	-10.8595	-0.0265034	128.671	136.114	0.945319
4160	0.00428122	0.234157	90.2032	49.347	-10.8666	-0.026502	128.657	136.103	0.94529
4161	0.00428213	0.234138	90.1823	49.3607	-10.8747	-0.0265006	128.642	136.093	0.945252
4162	0.00428305	0.23412	90.1617	49.3742	-10.8854	-0.0264991	128.624	136.082	0.945196
4163	0.00428397	0.234102	90.1413	49.3876	-10.8992	-0.0264974	128.603	136.071	0.945117
4164	0.00428488	0.234084	90.1212	49.4009	-10.9106	-0.0264956	128.585	136.061	0.945054
4165	0.0042858	0.234066	90.1012	49.414	-10.92	-0.0264938	128.569	136.051	0.945007
4166	0.00428671	0.234049	90.0815	49.4269	-10.9276	-0.026492	128.554	136.04	0.944972
4167	0.00428763	0.234031	90.0621	49.4397	-10.9336	-0.0264902	128.542	136.03	0.944949
4168	0.00428855	0.234014	90.0428	49.4524	-10.9384	-0.0264884	128.53	136.02	0.944935
4169	0.00428946	0.233997	90.0238	49.4648	-10.9419	-0.0264866	128.52	136.01	0.94493
4170	0.00429038	0.23398	90.0051	49.4772	-10.9442	-0.0264847	128.512	136.001	0.944933
4171	0.0042913	0.233964	89.9865	49.4893	-10.9456	-0.0264829	128.504	135.991	0.944943
4172	0.00429221	0.233947	89.9682	49.5014	-10.9459	-0.0264811	128.497	135.982	0.94496
4173	0.00429313	0.233931	89.9501	49.5133	-10.9454	-0.0264794	128.491	135.972	0.944983
4174	0.00429404	0.233915	89.9322	49.525	-10.9419	-0.0264777	128.489	135.963	0.945029
4175	0.00429496	0.2339	89.9146	49.5366	-10.9349	-0.0264762	128.49	135.954	0.945099
4176	0.00429588	0.233884	89.8971	49.548	-10.9274	-0.0264746	128.491	135.945	0.945173
4177	0.00429679	0.233869	89.8799	49.5593	-10.9198	-0.026473	128.493	135.936	0.945248
4178	0.00429771	0.233853	89.8629	49.5705	-10.9123	-0.0264714	128.495	135.927	0.945322
4179	0.00429862	0.233838	89.8461	49.5815	-10.905	-0.0264699	128.496	135.918	0.945394
4180	0.00429954	0.233823	89.8296	49.5924	-10.8981	-0.0264683	128.497	135.91	0.945462
4181	0.00430046	0.233809	89.8132	49.6031	-10.8919	-0.0264669	128.498	135.901	0.945526
4182	0.00430137	0.233794	89.7971	49.6137	-10.8863	-0.0264655	128.498	135.893	0.945584
4183	0.00430229	0.23378	89.7812	49.6241	-10.8817	-0.0264641	128.497	135.884	0.945636
4184	0.00430321	0.233766	89.7655	49.6344	-10.878	-0.0264628	128.495	135.876	0.945681
4185	0.00430412	0.233752	89.75	49.6446	-10.8753	-0.0264615	128.493	135.868	0.945717
4186	0.00430504	0.233738	89.7347	49.6546	-10.8737	-0.0264602	128.489	135.86	0.945746
4187	0.00430595	0.233725	89.7196	49.6645	-10.8732	-0.0264589	128.484	135.852	0.945766
4188	0.00430687	0.233711	89.7047	49.6742	-10.8739	-0.0264577	128.479	135.844	0.945777
4189	0.00430779	0.233698	89.69	49.6838	-10.8758	-0.0264564	128.472	135.837	0.945779
4190	0.0043087	0.233685	89.6756	49.6933	-10.8787	-0.0264552	128.464	135.829	0.945774
4191	0.00430962	0.233672	89.6613	49.7026	-10.8826	-0.0264539	128.455	135.822	0.94576
4192	0.00431053	0.23366	89.6473	49.7118	-10.8874	-0.0264526	128.445	135.814	0.945741
4193	0.00431145	0.233647	89.6334	49.7209	-10.893	-0.0264512	128.435	135.807	0.945715
4194	0.00431237	0.233635	89.6197	49.7299	-10.8992	-0.0264499	128.424	135.8	0.945684
4195	0.00431328	0.233623	89.6063	49.7387	-10.9061	-0.0264485	128.412	135.793	0.945648
4196	0.0043142	0.233611	89.593	49.7474	-10.914	-0.026447	128.4	135.786	0.945605
4197	0.00431512	0.233599	89.5799	49.7559	-10.9244	-0.0264454	128.385	135.779	0.945543
4198	0.00431603	0.233588	89.5671	49.7644	-10.9376	-0.0264437	128.367	135.772	0.945459
4199	0.00431695	0.233576	89.5544	49.7727	-10.9485	-0.026442	128.352	135.766	0.945393
4200	0.00431787	0.233565	89.5419	49.7809	-10.9573	-0.0264402	128.339	135.759	0.945342
4201	0.00431878	0.233554	89.5296	49.7889	-10.9643	-0.0264384	128.328	135.753	0.945304
4202	0.0043197	0.233543	89.5174	49.7968	-10.9698	-0.0264365	128.318	135.746	0.945277
4203	0.00432061	0.233532	89.5055	49.8047	-10.974	-0.0264347	128.31	135.74	0.94526
4204	0.00432153	0.233522	89.4937	49.8123	-10.977	-0.0264329	128.303	135.734	0.945251
4205	0.00432245	0.233511	89.4822	49.8199	-10.9789	-0.0264311	128.297	135.728	0.94525
4206	0.00432336	0.233501	89.4708	49.8274	-10.9797	-0.0264292	128.292	135.722	0.945256
4207	0.00432428	0.233491	89.4596	49.8347	-10.9796	-0.0264275	128.288	135.716	0.945269
4208	0.0043252	0.233481	89.4485	49.8419	-10.9787	-0.0264257	128.285	135.71	0.945288
4209	0.00432611	0.233471	89.4377	49.849	-10.9735	-0.0264241	128.287	135.705	0.945338
4210	0.00432703	0.233461	89.427	49.856	-10.9661	-0.0264225	128.29	135.699	0.945404
4211	0.00432794	0.233452	89.4165	49.8629	-10.9584	-0.0264209	128.295	135.693	0.945473
4212	0.00432886	0.233442	89.4061	49.8696	-10.9506	-0.0264193	128.299	135.688	0.945542
4213	0.00432978	0.233433	89.396	49.8763	-10.9429	-0.0264177	128.303	135.683	0.94561
4214	0.00433069	0.233424	89.386	49.8828	-10.9356	-0.0264161	128.307	135.677	0.945675
4215	0.00433161	0.233415	89.3761	49.8892	-10.9287	-0.0264146	128.31	135.672	0.945737
4216	0.00433253	0.233407	89.3665	49.8956	-10.9224	-0.0264131	128.313	135.667	0.945794
4217	0.00433344	0.233398	89.357	49.9018	-10.917	-0.0264117	128.315	135.662	0.945845
4218	0.00433436	0.233389	89.3476	49.9079	-10.9124	-0.0264103	128.317	135.657	0.945889
4219	0.00433527	0.233381	89.3384	49.9139	-10.9087	-0.026409	128.317	135.652	0.945926
4220	0.00433619	0.233373	89.3294	49.9197	-10.9061	-0.0264077	128.317	135.648	0.945955
4221	0.00433711	0.233365	89.3206	49.9255	-10.9046	-0.0264064	128.315	135.643	0.945976
4222	0.00433802	0.233357	89.3119	49.9312	-10.9043	-0.0264051	128.312	135.638	0.945989
4223	0.00433894	0.233349	89.3034	49.9368	-10.9051	-0.0264039	128.309	135.634	0.945992
4224	0.00433986	0.233342	89.295	49.9422	-10.9071	-0.0264026	128.304	135.63	0.945987
4225	0.00434077	0.233334	89.2868	49.9476	-10.9101	-0.0264013	128.298	135.625	0.945974
4226	0.00434169	0.233327	89.2787	49.9529	-10.914	-0.0264	128.291	135.621	0.945954
4227	0.00434261	0.23332	89.2708	49.958	-10.9187	-0.0263987	128.284	135.617	0.945928
4228	0.00434352	0.233313	89.263	49.9631	-10.9242	-0.0263973	128.276	135.613	0.945897
4229	0.00434444	0.233306	89.2554	49.9681	-10.9302	-0.0263959	128.267	135.609	0.945861
4230	0.00434535	0.233299	89.2479	49.973	-10.9368	-0.0263945	128.258	135.605	0.94582
4231	0.00434627	0.233292	89.2405	49.9778	-10.9443	-0.026393	128.248	135.601	0.945774
4232	0.00434719	0.233286	89.2333	49.9825	-10.9535	-0.0263915	128.236	135.597	0.945714
4233	0.0043481	0.233279	89.2263	49.9871	-10.9667	-0.0263897	128.22	135.593	0.945624
4234	0.00434902	0.233273	89.2193	49.9916	-10.9776	-0.0263879	128.207	135.59	0.945552
4235	0.00434994	0.233267	89.2125	49.9961	-10.9862	-0.0263861	128.196	135.586	0.945496
4236	0.00435085	0.233261	89.2058	50.0004	-10.993	-0.0263843	128.187	135.582	0.945453
4237	0.00435177	0.233255	89.1993	50.0047	-10.9982	-0.0263825	128.179	135.579	0.945422
4238	0.00435269	0.233249	89.1929	50.0089	-11.0021	-0.0263806	128.173	135.576	0.945401
4239	0.0043536	0.233243	89.1866	50.013	-11.0047	-0.0263788	128.168	135.572	0.945389
4240	0.00435452	0.233238	89.1804	50.017	-11.0062	-0.0263769	128.165	135.569	0.945385
4241	0.00435544	0.233232	89.1743	50.021	-11.0067	-0.0263751	128.162	135.566	0.945388
4242	0.00435635	0.233227	89.1684	50.0248	-11.0062	-0.0263733	128.161	135.563	0.945398
4243	0.00435727	0.233221	89.1626	50.0286	-11.0048	-0.0263715	128.16	135.56	0.945415
4244	0.00435819	0.233216	89.1569	50.0323	-10.999	-0.0263698	128.164	135.557	0.945464
4245	0.0043591	0.233211	89.1513	50.036	-10.9912	-0.0263682	128.17	135.554	0.945528
4246	0.00436002	0.233206	89.1458	50.0396	-10.983	-0.0263666	128.176	135.551	0.945595
4247	0.00436093	0.233201	89.1405	50.043	-10.9747	-0.026365	128.182	135.548	0.945662
4248	0.00436185	0.233196	89.1352	50.0465	-10.9666	-0.0263633	128.189	135.545	0.945727
4249	0.00436277	0.233192	89.1301	50.0498	-10.9588	-0.0263618	128.195	135.542	0.945791
4250	0.00436368	0.233187	89.125	50.0531	-10.9515	-0.0263602	128.2	135.54	0.945851
4251	0.0043646	0.233183	89.1201	50.0563	-10.9448	-0.0263587	128.205	135.537	0.945906
4252	0.00436552	0.233178	89.1153	50.0594	-10.9388	-0.0263573	128.21	135.535	0.945955
4253	0.00436643	0.233174	89.1106	50.0625	-10.9338	-0.0263559	128.213	135.532	0.945998
4254	0.00436735	0.23317	89.106	50.0655	-10.9296	-0.0263546	128.216	135.53	0.946033
4255	0.00436827	0.233166	89.1015	50.0684	-10.9266	-0.0263532	128.217	135.527	0.946061
4256	0.00436918	0.233162	89.0971	50.0713	-10.9246	-0.026352	128.217	135.525	0.946081
4257	0.0043701	0.233158	89.0928	50.0741	-10.9237	-0.0263507	128.217	135.523	0.946092
4258	0.00437101	0.233154	89.0886	50.0768	-10.924	-0.0263494	128.215	135.52	0.946095
4259	0.00437193	0.23315	89.0845	50.0795	-10.9254	-0.0263482	128.212	135.518	0.946089
4260	0.00437285	0.233147	89.0805	50.0821	-10.9278	-0.0263469	128.208	135.516	0.946076
4261	0.00437376	0.233143	89.0766	50.0847	-10.9312	-0.0263456	128.204	135.514	0.946055
4262	0.00437468	0.233139	89.0728	50.0871	-10.9353	-0.0263442	128.198	135.512	0.946029
4263	0.0043756	0.233136	89.069	50.0896	-10.9401	-0.0263429	128.192	135.51	0.945998
4264	0.00437651	0.233133	89.0654	50.0919	-10.9455	-0.0263415	128.186	135.508	0.945963
4265	0.00437743	0.233129	89.0618	50.0943	-10.9514	-0.02634	128.178	135.506	0.945923
4266	0.00437835	0.233126	89.0583	50.0965	-10.9578	-0.0263386	128.171	135.504	0.945879
4267	0.00437926	0.233123	89.0549	50.0987	-10.9654	-0.0263371	128.162	135.502	0.945828
4268	0.00438018	0.23312	89.0516	50.1009	-10.9778	-0.0263354	128.148	135.501	0.94574
4269	0.0043811	0.233117	89.0484	50.103	-10.9886	-0.0263336	128.136	135.499	0.945664
4270	0.00438201	0.233114	89.0452	50.1051	-10.9971	-0.0263318	128.127	135.497	0.945605
4271	0.00438293	0.233111	89.0421	50.1071	-11.0036	-0.02633	128.119	135.496	0.94556
4272	0.00438385	0.233109	89.0391	50.109	-11.0084	-0.0263281	128.113	135.494	0.945528
4273	0.00438476	0.233106	89.0362	50.111	-11.0119	-0.0263263	128.109	135.493	0.945506
4274	0.00438568	0.233103	89.0333	50.1128	-11.0141	-0.0263244	128.106	135.491	0.945493
4275	0.0043866	0.233101	89.0305	50.1146	-11.0151	-0.0263226	128.104	135.489	0.945489
4276	0.00438751	0.233098	89.0278	50.1164	-11.015	-0.0263208	128.103	135.488	0.945492
4277	0.00438843	0.233096	89.0251	50.1181	-11.014	-0.0263189	128.103	135.487	0.945502
4278	0.00438935	0.233094	89.0226	50.1198	-11.0122	-0.0263172	128.104	135.485	0.945519
4279	0.00439026	0.233091	89.02	50.1215	-11.0062	-0.0263155	128.109	135.484	0.945566
4280	0.00439118	0.233089	89.0176	50.1231	-10.9979	-0.0263139	128.116	135.483	0.94563
4281	0.0043921	0.233087	89.0152	50.1246	-10.9892	-0.0263123	128.124	135.481	0.945697
4282	0.00439301	0.233085	89.0129	50.1261	-10.9804	-0.0263107	128.132	135.48	0.945765
4283	0.00439393	0.233083	89.0106	50.1276	-10.9717	-0.026309	128.14	135.479	0.945832
4284	0.00439485	0.233081	89.0084	50.129	-10.9633	-0.0263075	128.148	135.478	0.945896
4285	0.00439576	0.233079	89.0063	50.1304	-10.9553	-0.0263059	128.155	135.477	0.945957
4286	0.00439668	0.233077	89.0042	50.1317	-10.948	-0.0263045	128.162	135.475	0.946014
4287	0.0043976	0.233075	89.0022	50.1331	-10.9414	-0.026303	128.168	135.474	0.946065
4288	0.00439851	0.233073	89.0002	50.1343	-10.9357	-0.0263017	128.173	135.473	0.946109
4289	0.00439943	0.233071	88.9983	50.1356	-10.9309	-0.0263003	128.177	135.472	0.946146
4290	0.00440035	0.23307	88.9965	50.1367	-10.9272	-0.026299	128.18	135.471	0.946176
4291	0.00440126	0.233068	88.9947	50.1379	-10.9245	-0.0262978	128.182	135.47	0.946198
4292	0.00440218	0.233066	88.993	50.139	-10.9229	-0.0262965	128.183	135.469	0.946212
4293	0.0044031	0.233065	88.9913	50.1401	-10.9225	-0.0262953	128.183	135.469	0.946216
4294	0.00440401	0.233063	88.9897	50.1411	-10.9232	-0.026294	128.181	135.468	0.946213
4295	0.00440493	0.233062	88.9882	50.1421	-10.925	-0.0262928	128.179	135.467	0.946202
4296	0.00440585	0.233061	88.9867	50.1431	-10.9276	-0.0262915	128.176	135.466	0.946184
4297	0.00440676	0.233059	88.9852	50.1441	-10.931	-0.0262902	128.172	135.465	0.946161
4298	0.00440768	0.233058	88.9838	50.145	-10.9351	-0.0262889	128.167	135.465	0.946132
4299	0.0044086	0.233057	88.9825	50.1458	-10.9398	-0.0262875	128.162	135.464	0.946099
4300	0.00440952	0.233055	88.9812	50.1466	-10.9449	-0.0262861	128.157	135.463	0.946063
4301	0.00441043	0.233054	88.98	50.1474	-10.9505	-0.0262847	128.151	135.462	0.946023
4302	0.00441135	0.233053	88.9788	50.1482	-10.9569	-0.0262832	128.144	135.462	0.945977
4303	0.00441227	0.233052	88.9777	50.1489	-10.9653	-0.0262817	128.135	135.461	0.945917
4304	0.00441318	0.233051	88.9766	50.1496	-10.9766	-0.02628	128.123	135.461	0.945834
4305	0.0044141	0.23305	88.9755	50.1503	-10.9855	-0.0262782	128.114	135.46	0.94577
4306	0.00441502	0.233049	88.9746	50.1509	-10.9923	-0.0262764	128.107	135.46	0.945721
4307	0.00441593	0.233048	88.9736	50.1515	-10.9971	-0.0262746	128.102	135.459	0.945687
4308	0.00441685	0.233048	88.9727	50.1521	-11.0004	-0.0262728	128.098	135.459	0.945663
4309	0.00441777	0.233047	88.9719	50.1527	-11.0025	-0.026271	128.096	135.458	0.945649
4310	0.00441869	0.233046	88.9711	50.1532	-11.0033	-0.0262693	128.095	135.458	0.945644
4311	0.0044196	0.233045	88.9703	50.1537	-11.003	-0.0262675	128.095	135.457	0.945647
4312	0.00442052	0.233045	88.9696	50.1541	-11.0018	-0.0262657	128.096	135.457	0.945657
4313	0.00442144	0.233044	88.969	50.1545	-10.9996	-0.0262639	128.098	135.457	0.945674
4314	0.00442235	0.233044	88.9684	50.1549	-10.9961	-0.0262622	128.101	135.456	0.9457
4315	0.00442327	0.233043	88.9678	50.1553	-10.9879	-0.0262607	128.109	135.456	0.945761
4316	0.00442419	0.233042	88.9673	50.1556	-10.9787	-0.0262591	128.118	135.456	0.94583
4317	0.0044251	0.233042	88.9668	50.1559	-10.9693	-0.0262576	128.127	135.455	0.9459
4318	0.00442602	0.233042	88.9663	50.1562	-10.9599	-0.026256	128.136	135.455	0.94597
4319	0.00442694	0.233041	88.9659	50.1565	-10.9508	-0.0262544	128.145	135.455	0.946038
4320	0.00442786	0.233041	88.9656	50.1567	-10.942	-0.0262529	128.154	135.455	0.946103
4321	0.00442877	0.233041	88.9652	50.1569	-10.9338	-0.0262515	128.162	135.454	0.946164
4322	0.00442969	0.23304	88.9649	50.1571	-10.9263	-0.0262501	128.169	135.454	0.946219
4323	0.00443061	0.23304	88.9647	50.1572	-10.9196	-0.0262487	128.176	135.454	0.946269
4324	0.00443152	0.23304	88.9645	50.1574	-10.9138	-0.0262475	128.182	135.454	0.946312
4325	0.00443244	0.23304	88.9643	50.1575	-10.909	-0.0262462	128.187	135.454	0.946348
4326	0.00443336	0.233039	88.9642	50.1575	-10.9052	-0.026245	128.19	135.454	0.946376
4327	0.00443428	0.233039	88.9641	50.1576	-10.9025	-0.0262438	128.193	135.454	0.946396
4328	0.00443519	0.233039	88.964	50.1577	-10.901	-0.0262427	128.194	135.454	0.946408
4329	0.00443611	0.233039	88.9639	50.1577	-10.9006	-0.0262415	128.195	135.454	0.946411
4330	0.00443703	0.233039	88.9638	50.1578	-10.9013	-0.0262403	128.194	135.454	0.946406
4331	0.00443794	0.233039	88.9637	50.1579	-10.9029	-0.0262391	128.192	135.454	0.946394
4332	0.00443886	0.233039	88.9636	50.1579	-10.9054	-0.0262379	128.19	135.454	0.946376
4333	0.00443978	0.233039	88.9636	50.158	-10.9086	-0.0262367	128.187	135.453	0.946352
4334	0.0044407	0.233039	88.9635	50.158	-10.9124	-0.0262355	128.183	135.453	0.946324
4335	0.00444161	0.233039	88.9634	50.158	-10.9167	-0.0262342	128.179	135.453	0.946292
4336	0.00444253	0.233039	88.9634	50.1581	-10.9215	-0.0262329	128.174	135.453	0.946257
4337	0.00444345	0.233039	88.9633	50.1581	-10.9267	-0.0262315	128.169	135.453	0.946219
4338	0.00444437	0.233039	88.9633	50.1581	-10.9326	-0.0262302	128.163	135.453	0.946175
4339	0.00444528	0.233039	88.9633	50.1581	-10.9411	-0.0262287	128.154	135.453	0.946112
4340	0.0044462	0.233039	88.9632	50.1582	-10.9514	-0.026227	128.144	135.453	0.946036
4341	0.00444712	0.233039	88.9633	50.1581	-10.9593	-0.0262254	128.136	135.453	0.945978
4342	0.00444804	0.233039	88.9633	50.1581	-10.9651	-0.0262237	128.13	135.453	0.945935
4343	0.00444895	0.233039	88.9633	50.1581	-10.9691	-0.026222	128.126	135.453	0.945906
4344	0.00444987	0.233039	88.9634	50.158	-10.9716	-0.0262203	128.124	135.453	0.945888
4345	0.00445079	0.233039	88.9635	50.1579	-10.9728	-0.0262186	128.122	135.453	0.945878
4346	0.00445171	0.233039	88.9636	50.1579	-10.9729	-0.0262169	128.122	135.453	0.945878
4347	0.00445262	0.233039	88.9638	50.1577	-10.9719	-0.0262153	128.123	135.454	0.945885
4348	0.00445354	0.233039	88.964	50.1576	-10.9699	-0.0262136	128.125	135.454	0.945899
4349	0.00445446	0.233039	88.9642	50.1575	-10.9671	-0.026212	128.128	135.454	0.94592
4350	0.00445538	0.233039	88.9644	50.1573	-10.9611	-0.0262105	128.134	135.454	0.945964
4351	0.00445629	0.23304	88.9647	50.1572	-10.952	-0.026209	128.144	135.454	0.946031
4352	0.00445721	0.23304	88.9649	50.157	-10.9424	-0.0262076	128.153	135.454	0.946101
4353	0.00445813	0.23304	88.9652	50.1568	-10.9328	-0.0262061	128.163	135.454	0.946172
4354	0.00445905	0.23304	88.9656	50.1565	-10.9233	-0.0262047	128.173	135.454	0.946242
4355	0.00445997	0.233041	88.9659	50.1563	-10.9141	-0.0262032	128.182	135.455	0.94631
4356	0.00446088	0.233041	88.9663	50.156	-10.9053	-0.0262019	128.191	135.455	0.946374
4357	0.0044618	0.233041	88.9667	50.1558	-10.8971	-0.0262006	128.199	135.455	0.946434
4358	0.00446272	0.233042	88.9672	50.1555	-10.8896	-0.0261993	128.207	135.455	0.946489
4359	0.00446364	0.233042	88.9677	50.1551	-10.883	-0.0261981	128.214	135.455	0.946537
4360	0.00446455	0.233043	88.9682	50.1548	-10.8774	-0.026197	128.219	135.456	0.946578
4361	0.00446547	0.233043	88.9687	50.1545	-10.8727	-0.0261958	128.224	135.456	0.946612
4362	0.00446639	0.233044	88.9692	50.1541	-10.8691	-0.0261948	128.228	135.456	0.946638
4363	0.00446731	0.233044	88.9698	50.1537	-10.8665	-0.0261937	128.231	135.457	0.946656
4364	0.00446822	0.233045	88.9704	50.1533	-10.8652	-0.0261927	128.232	135.457	0.946666
4365	0.00446914	0.233045	88.971	50.1529	-10.8649	-0.0261916	128.233	135.457	0.946667
4366	0.00447006	0.233046	88.9717	50.1525	-10.8657	-0.0261906	128.232	135.457	0.946661
4367	0.00447098	0.233046	88.9724	50.152	-10.8673	-0.0261895	128.231	135.458	0.946648
4368	0.0044719	0.233047	88.9731	50.1515	-10.8698	-0.0261884	128.229	135.458	0.946629
4369	0.00447281	0.233048	88.9738	50.151	-10.8729	-0.0261873	128.226	135.459	0.946605
4370	0.00447373	0.233048	88.9746	50.1505	-10.8766	-0.0261862	128.222	135.459	0.946577
4371	0.00447465	0.233049	88.9754	50.15	-10.8807	-0.026185	128.218	135.459	0.946546
4372	0.00447557	0.23305	88.9762	50.1495	-10.8853	-0.0261838	128.214	135.46	0.946511
4373	0.00447649	0.23305	88.977	50.1489	-10.8903	-0.0261826	128.209	135.46	0.946473
4374	0.0044774	0.233051	88.9779	50.1484	-10.8963	-0.0261813	128.204	135.461	0.946428
4375	0.00447832	0.233052	88.9787	50.1478	-10.9071	-0.0261798	128.193	135.461	0.946348
4376	0.00447924	0.233053	88.9796	50.1472	-10.916	-0.0261783	128.185	135.462	0.946281
4377	0.00448016	0.233054	88.9806	50.1466	-10.9226	-0.0261767	128.178	135.462	0.946231
4378	0.00448108	0.233054	88.9815	50.146	-10.9273	-0.0261752	128.174	135.463	0.946195
4379	0.004482	0.233055	88.9825	50.1453	-10.9304	-0.0261736	128.171	135.463	0.946172
4380	0.00448291	0.233056	88.9835	50.1447	-10.9321	-0.026172	128.17	135.464	0.946158
4381	0.00448383	0.233057	88.9845	50.144	-10.9326	-0.0261704	128.17	135.464	0.946153
4382	0.00448475	0.233058	88.9855	50.1433	-10.932	-0.0261689	128.171	135.465	0.946156
4383	0.00448567	0.233059	88.9865	50.1426	-10.9304	-0.0261674	128.173	135.465	0.946167
4384	0.00448659	0.23306	88.9876	50.1419	-10.9279	-0.0261658	128.175	135.466	0.946184
4385	0.0044875	0.233061	88.9887	50.1412	-10.9246	-0.0261644	128.179	135.466	0.946207
4386	0.00448842	0.233062	88.9898	50.1405	-10.9166	-0.026163	128.188	135.467	0.946265
4387	0.00448934	0.233063	88.9909	50.1398	-10.9071	-0.0261617	128.197	135.467	0.946334
4388	0.00449026	0.233064	88.992	50.139	-10.8973	-0.0261604	128.208	135.468	0.946405
4389	0.00449118	0.233065	88.9931	50.1383	-10.8876	-0.0261591	128.218	135.469	0.946475
4390	0.0044921	0.233066	88.9943	50.1375	-10.8781	-0.0261577	128.228	135.469	0.946544
4391	0.00449301	0.233067	88.9954	50.1368	-10.869	-0.0261565	128.237	135.47	0.94661
4392	0.00449393	0.233068	88.9966	50.136	-10.8603	-0.0261553	128.246	135.47	0.946673
4393	0.00449485	0.233069	88.9978	50.1352	-10.8524	-0.0261541	128.254	135.471	0.94673
4394	0.00449577	0.23307	88.999	50.1345	-10.8452	-0.026153	128.262	135.472	0.946782
4395	0.00449669	0.233071	89.0002	50.1337	-10.8389	-0.026152	128.269	135.472	0.946827
4396	0.00449761	0.233072	89.0013	50.1329	-10.8336	-0.026151	128.274	135.473	0.946865
4397	0.00449852	0.233073	89.0025	50.1321	-10.8294	-0.02615	128.279	135.473	0.946895
4398	0.00449944	0.233074	89.0037	50.1313	-10.8261	-0.0261491	128.283	135.474	0.946917
4399	0.00450036	0.233075	89.005	50.1305	-10.8241	-0.0261482	128.285	135.475	0.946931
4400	0.00450128	0.233076	89.0062	50.1297	-10.8232	-0.0261473	128.287	135.475	0.946936
4401	0.0045022	0.233078	89.0074	50.1289	-10.8234	-0.0261464	128.287	135.476	0.946933
4402	0.00450312	0.233079	89.0086	50.1281	-10.8246	-0.0261455	128.286	135.477	0.946923
4403	0.00450404	0.23308	89.0098	50.1273	-10.8267	-0.0261445	128.284	135.477	0.946906
4404	0.00450495	0.233081	89.011	50.1265	-10.8295	-0.0261436	128.282	135.478	0.946884
4405	0.00450587	0.233082	89.0122	50.1257	-10.833	-0.0261426	128.279	135.479	0.946857
4406	0.00450679	0.233083	89.0135	50.1249	-10.837	-0.0261416	128.275	135.479	0.946827
4407	0.00450771	0.233084	89.0147	50.1241	-10.8414	-0.0261406	128.271	135.48	0.946793
4408	0.00450863	0.233085	89.0159	50.1234	-10.8462	-0.0261395	128.267	135.48	0.946756
4409	0.00450955	0.233086	89.0171	50.1226	-10.8516	-0.0261384	128.262	135.481	0.946715
4410	0.00451047	0.233087	89.0183	50.1218	-10.858	-0.0261372	128.256	135.482	0.946666
4411	0.00451139	0.233088	89.0195	50.121	-10.8693	-0.0261359	128.245	135.482	0.946581
4412	0.0045123	0.23309	89.0207	50.1202	-10.8779	-0.0261345	128.237	135.483	0.946516
4413	0.00451322	0.233091	89.0219	50.1194	-10.8844	-0.0261331	128.231	135.484	0.946467
4414	0.00451414	0.233092	89.023	50.1187	-10.8889	-0.0261317	128.227	135.484	0.946433
4415	0.00451506	0.233093	89.0242	50.1179	-10.8919	-0.0261303	128.224	135.485	0.946409
4416	0.00451598	0.233094	89.0254	50.1171	-10.8936	-0.0261289	128.223	135.485	0.946395
4417	0.0045169	0.233095	89.0265	50.1164	-10.8942	-0.0261275	128.223	135.486	0.94639
4418	0.00451782	0.233096	89.0277	50.1156	-10.8937	-0.0261261	128.223	135.487	0.946392
4419	0.00451874	0.233097	89.0288	50.1149	-10.8922	-0.0261247	128.225	135.487	0.946402
4420	0.00451966	0.233098	89.03	50.1141	-10.8899	-0.0261234	128.228	135.488	0.946418
4421	0.00452057	0.233099	89.0311	50.1134	-10.8865	-0.0261221	128.232	135.488	0.946441
4422	0.00452149	0.2331	89.0322	50.1127	-10.8783	-0.0261209	128.24	135.489	0.9465
4423	0.00452241	0.233101	89.0333	50.112	-10.8692	-0.0261197	128.25	135.49	0.946567
4424	0.00452333	0.233102	89.0344	50.1112	-10.8599	-0.0261186	128.26	135.49	0.946634
4425	0.00452425	0.233103	89.0354	50.1105	-10.8506	-0.0261174	128.269	135.491	0.946701
4426	0.00452517	0.233104	89.0365	50.1098	-10.8417	-0.0261162	128.279	135.491	0.946766
4427	0.00452609	0.233105	89.0376	50.1092	-10.8331	-0.0261151	128.288	135.492	0.946828
4428	0.00452701	0.233106	89.0386	50.1085	-10.8251	-0.0261141	128.296	135.492	0.946886
4429	0.00452793	0.233107	89.0397	50.1078	-10.8178	-0.0261131	128.304	135.493	0.946939
4430	0.00452885	0.233108	89.0407	50.1071	-10.8113	-0.0261122	128.31	135.493	0.946986
4431	0.00452976	0.233109	89.0417	50.1065	-10.8057	-0.0261113	128.316	135.494	0.947026
4432	0.00453068	0.23311	89.0427	50.1058	-10.8012	-0.0261104	128.321	135.495	0.947058
4433	0.0045316	0.23311	89.0437	50.1052	-10.7976	-0.0261096	128.325	135.495	0.947083
4434	0.00453252	0.233111	89.0446	50.1045	-10.7952	-0.0261089	128.328	135.496	0.9471
4435	0.00453344	0.233112	89.0456	50.1039	-10.7939	-0.0261081	128.329	135.496	0.947109
4436	0.00453436	0.233113	89.0465	50.1033	-10.7938	-0.0261074	128.33	135.497	0.947108
4437	0.00453528	0.233114	89.0474	50.1027	-10.7947	-0.0261066	128.329	135.497	0.947101
4438	0.0045362	0.233115	89.0483	50.1021	-10.7966	-0.0261058	128.328	135.498	0.947086
4439	0.00453712	0.233115	89.0492	50.1015	-10.7994	-0.0261051	128.325	135.498	0.947064
4440	0.00453804	0.233116	89.0501	50.101	-10.8028	-0.0261043	128.322	135.498	0.947038
4441	0.00453896	0.233117	89.0509	50.1004	-10.8069	-0.0261034	128.318	135.499	0.947007
4442	0.00453988	0.233118	89.0518	50.0999	-10.8114	-0.0261026	128.314	135.499	0.946972
4443	0.0045408	0.233119	89.0526	50.0994	-10.8164	-0.0261017	128.309	135.5	0.946935
4444	0.00454172	0.233119	89.0534	50.0988	-10.8218	-0.0261008	128.304	135.5	0.946894
4445	0.00454264	0.23312	89.0541	50.0983	-10.8277	-0.0260998	128.299	135.501	0.94685
4446	0.00454355	0.233121	89.0549	50.0979	-10.8347	-0.0260988	128.292	135.501	0.946797
4447	0.00454447	0.233121	89.0556	50.0974	-10.8462	-0.0260976	128.281	135.501	0.946711
4448	0.00454539	0.233122	89.0563	50.0969	-10.8552	-0.0260963	128.272	135.502	0.946644
4449	0.00454631	0.233123	89.057	50.0965	-10.862	-0.0260951	128.265	135.502	0.946593
4450	0.00454723	0.233123	89.0577	50.096	-10.8669	-0.0260938	128.261	135.503	0.946556
4451	0.00454815	0.233124	89.0583	50.0956	-10.8703	-0.0260926	128.258	135.503	0.94653
4452	0.00454907	0.233124	89.059	50.0952	-10.8724	-0.0260913	128.256	135.503	0.946514
4453	0.00454999	0.233125	89.0596	50.0948	-10.8734	-0.02609	128.255	135.504	0.946506
4454	0.00455091	0.233125	89.0602	50.0944	-10.8733	-0.0260888	128.255	135.504	0.946506
4455	0.00455183	0.233126	89.0608	50.0941	-10.8723	-0.0260875	128.256	135.504	0.946513
4456	0.00455275	0.233127	89.0613	50.0937	-10.8705	-0.0260863	128.258	135.504	0.946526
4457	0.00455367	0.233127	89.0618	50.0934	-10.8664	-0.0260852	128.263	135.505	0.946555
4458	0.00455459	0.233127	89.0623	50.093	-10.8585	-0.0260842	128.271	135.505	0.946613
4459	0.00455551	0.233128	89.0628	50.0927	-10.85	-0.0260831	128.279	135.505	0.946675
4460	0.00455643	0.233128	89.0633	50.0924	-10.8414	-0.0260821	128.288	135.506	0.946738
4461	0.00455735	0.233129	89.0637	50.0921	-10.8329	-0.026081	128.297	135.506	0.946801
4462	0.00455827	0.233129	89.0642	50.0918	-10.8246	-0.02608	128.305	135.506	0.946861
4463	0.00455919	0.23313	89.0646	50.0916	-10.8168	-0.026079	128.313	135.506	0.946918
4464	0.00456011	0.23313	89.0649	50.0913	-10.8096	-0.0260781	128.321	135.506	0.946971
4465	0.00456103	0.23313	89.0653	50.0911	-10.8031	-0.0260773	128.327	135.507	0.947018
4466	0.00456195	0.233131	89.0656	50.0909	-10.7974	-0.0260765	128.333	135.507	0.94706
4467	0.00456287	0.233131	89.066	50.0907	-10.7927	-0.0260757	128.338	135.507	0.947095
4468	0.00456379	0.233131	89.0662	50.0905	-10.7889	-0.026075	128.342	135.507	0.947122
4469	0.00456471	0.233131	89.0665	50.0903	-10.7862	-0.0260743	128.345	135.507	0.947142
4470	0.00456563	0.233132	89.0668	50.0902	-10.7846	-0.0260737	128.346	135.507	0.947153
4471	0.00456654	0.233132	89.067	50.09	-10.7841	-0.026073	128.347	135.508	0.947157
4472	0.00456746	0.233132	89.0672	50.0899	-10.7848	-0.0260724	128.346	135.508	0.947152
4473	0.00456838	0.233132	89.0674	50.0898	-10.7864	-0.0260718	128.345	135.508	0.947139
4474	0.0045693	0.233132	89.0675	50.0897	-10.7891	-0.0260711	128.342	135.508	0.947119
4475	0.00457022	0.233132	89.0677	50.0896	-10.7925	-0.0260704	128.339	135.508	0.947094
4476	0.00457114	0.233133	89.0678	50.0896	-10.7966	-0.0260697	128.335	135.508	0.947063
4477	0.00457206	0.233133	89.0679	50.0895	-10.8013	-0.026069	128.33	135.508	0.947029
4478	0.00457298	0.233133	89.0679	50.0895	-10.8064	-0.0260682	128.325	135.508	0.946991
4479	0.0045739	0.233133	89.068	50.0894	-10.8119	-0.0260674	128.319	135.508	0.94695
4480	0.00457482	0.233133	89.068	50.0894	-10.8178	-0.0260666	128.314	135.508	0.946907
4481	0.00457574	0.233133	89.068	50.0894	-10.8242	-0.0260657	128.307	135.508	0.94686
4482	0.00457666	0.233133	89.068	50.0894	-10.8318	-0.0260648	128.3	135.508	0.946803
4483	0.00457758	0.233133	89.068	50.0895	-10.8436	-0.0260637	128.288	135.508	0.946717
4484	0.0045785	0.233133	89.0679	50.0895	-10.8527	-0.0260625	128.279	135.508	0.946649
4485	0.00457942	0.233133	89.0678	50.0896	-10.8598	-0.0260614	128.272	135.508	0.946597
4486	0.00458034	0.233133	89.0677	50.0896	-10.8649	-0.0260602	128.266	135.508	0.946559
4487	0.00458126	0.233133	89.0676	50.0897	-10.8686	-0.026059	128.263	135.508	0.946532
4488	0.00458218	0.233132	89.0674	50.0898	-10.871	-0.0260579	128.26	135.508	0.946515
4489	0.0045831	0.233132	89.0673	50.0899	-10.8723	-0.0260567	128.259	135.508	0.946505
4490	0.00458402	0.233132	89.0671	50.0901	-10.8725	-0.0260555	128.259	135.508	0.946504
4491	0.00458494	0.233132	89.0668	50.0902	-10.8718	-0.0260544	128.259	135.508	0.946509
4492	0.00458586	0.233132	89.0666	50.0904	-10.8703	-0.0260533	128.261	135.507	0.946521
4493	0.00458678	0.233132	89.0663	50.0906	-10.8656	-0.0260522	128.265	135.507	0.946556
4494	0.0045877	0.233131	89.0661	50.0908	-10.8579	-0.0260513	128.273	135.507	0.946613
4495	0.00458862	0.233131	89.0657	50.091	-10.8499	-0.0260503	128.281	135.507	0.946673
4496	0.00458954	0.233131	89.0654	50.0912	-10.8417	-0.0260493	128.289	135.507	0.946733
4497	0.00459046	0.23313	89.065	50.0914	-10.8337	-0.0260484	128.297	135.507	0.946792
4498	0.00459138	0.23313	89.0647	50.0917	-10.826	-0.0260475	128.304	135.507	0.94685
4499	0.0045923	0.23313	89.0643	50.092	-10.8187	-0.0260466	128.311	135.506	0.946904
4500	0.00459322	0.233129	89.0638	50.0923	-10.812	-0.0260457	128.318	135.506	0.946954
4501	0.00459414	0.233129	89.0634	50.0926	-10.8061	-0.026045	128.324	135.506	0.946998
4502	0.00459506	0.233129	89.0629	50.0929	-10.801	-0.0260442	128.329	135.506	0.947036
4503	0.00459598	0.233128	89.0624	50.0932	-10.7968	-0.0260436	128.333	135.505	0.947068
4504	0.0045969	0.233128	89.0619	50.0935	-10.7936	-0.0260429	128.336	135.505	0.947092
4505	0.00459782	0.233127	89.0614	50.0939	-10.7914	-0.0260423	128.338	135.505	0.947108
4506	0.00459874	0.233127	89.0608	50.0943	-10.7904	-0.0260417	128.339	135.505	0.947117
4507	0.00459966	0.233126	89.0602	50.0947	-10.7905	-0.0260412	128.338	135.504	0.947117
4508	0.00460059	0.233126	89.0596	50.095	-10.7916	-0.0260406	128.337	135.504	0.947109
4509	0.00460151	0.233125	89.059	50.0955	-10.7938	-0.02604	128.335	135.504	0.947093
4510	0.00460243	0.233125	89.0584	50.0959	-10.7969	-0.0260394	128.331	135.503	0.947071
4511	0.00460335	0.233124	89.0577	50.0963	-10.8007	-0.0260388	128.327	135.503	0.947044
4512	0.00460427	0.233123	89.057	50.0968	-10.8053	-0.0260381	128.323	135.503	0.947011
4513	0.00460519	0.233123	89.0563	50.0972	-10.8103	-0.0260374	128.317	135.502	0.946975
4514	0.00460611	0.233122	89.0556	50.0977	-10.8157	-0.0260367	128.312	135.502	0.946936
4515	0.00460703	0.233121	89.0548	50.0982	-10.8215	-0.026036	128.306	135.502	0.946894
4516	0.00460795	0.233121	89.0541	50.0987	-10.8277	-0.0260352	128.299	135.501	0.946849
4517	0.00460887	0.23312	89.0533	50.0993	-10.8343	-0.0260344	128.292	135.501	0.946801
4518	0.00460979	0.233119	89.0524	50.0998	-10.842	-0.0260335	128.284	135.5	0.946745
4519	0.00461071	0.233119	89.0516	50.1004	-10.854	-0.0260324	128.272	135.5	0.946658
4520	0.00461163	0.233118	89.0507	50.101	-10.8634	-0.0260313	128.262	135.499	0.946589
4521	0.00461255	0.233117	89.0498	50.1016	-10.8706	-0.0260302	128.255	135.499	0.946537
4522	0.00461347	0.233116	89.0489	50.1022	-10.876	-0.0260291	128.249	135.498	0.946498
4523	0.00461439	0.233115	89.0479	50.1028	-10.8799	-0.0260279	128.245	135.498	0.946471
4524	0.00461531	0.233114	89.0469	50.1035	-10.8825	-0.0260268	128.242	135.497	0.946452
4525	0.00461623	0.233114	89.0459	50.1042	-10.884	-0.0260257	128.24	135.497	0.946443
4526	0.00461715	0.233113	89.0448	50.1048	-10.8844	-0.0260246	128.239	135.496	0.94644
4527	0.00461807	0.233112	89.0438	50.1056	-10.884	-0.0260235	128.239	135.496	0.946445
4528	0.00461899	0.233111	89.0427	50.1063	-10.8827	-0.0260224	128.24	135.495	0.946455
4529	0.00461991	0.23311	89.0415	50.107	-10.8778	-0.0260214	128.245	135.495	0.946493
4530	0.00462083	0.233109	89.0404	50.1078	-10.8703	-0.0260205	128.252	135.494	0.946549
4531	0.00462175	0.233108	89.0392	50.1086	-10.8626	-0.0260196	128.259	135.493	0.946608
4532	0.00462267	0.233107	89.0379	50.1094	-10.8548	-0.0260186	128.267	135.493	0.946667
4533	0.00462359	0.233105	89.0367	50.1103	-10.8472	-0.0260177	128.274	135.492	0.946725
4534	0.00462451	0.233104	89.0354	50.1111	-10.8398	-0.0260168	128.281	135.492	0.94678
4535	0.00462543	0.233103	89.034	50.112	-10.8329	-0.026016	128.287	135.491	0.946833
4536	0.00462635	0.233102	89.0326	50.1129	-10.8266	-0.0260152	128.293	135.49	0.946881
4537	0.00462727	0.233101	89.0312	50.1139	-10.821	-0.0260145	128.298	135.489	0.946923
4538	0.0046282	0.233099	89.0298	50.1148	-10.8163	-0.0260138	128.302	135.489	0.94696
4539	0.00462912	0.233098	89.0283	50.1158	-10.8125	-0.0260131	128.306	135.488	0.946989
4540	0.00463004	0.233097	89.0268	50.1168	-10.8097	-0.0260125	128.308	135.487	0.947012
4541	0.00463096	0.233095	89.0252	50.1178	-10.8079	-0.026012	128.309	135.486	0.947027
4542	0.00463188	0.233094	89.0236	50.1189	-10.8073	-0.0260114	128.309	135.485	0.947033
4543	0.0046328	0.233092	89.022	50.12	-10.8077	-0.0260109	128.308	135.485	0.947032
4544	0.00463372	0.233091	89.0203	50.1211	-10.8093	-0.0260103	128.306	135.484	0.947022
4545	0.00463464	0.233089	89.0186	50.1222	-10.8118	-0.0260098	128.303	135.483	0.947005
4546	0.00463556	0.233088	89.0168	50.1234	-10.8152	-0.0260092	128.299	135.482	0.946982
4547	0.00463648	0.233086	89.015	50.1246	-10.8193	-0.0260086	128.294	135.481	0.946954
4548	0.0046374	0.233085	89.0132	50.1258	-10.8241	-0.026008	128.289	135.48	0.94692
4549	0.00463832	0.233083	89.0113	50.1271	-10.8294	-0.0260073	128.283	135.479	0.946884
4550	0.00463924	0.233081	89.0094	50.1283	-10.835	-0.0260066	128.277	135.478	0.946844
4551	0.00464016	0.233079	89.0074	50.1296	-10.841	-0.0260059	128.27	135.477	0.946802
4552	0.00464108	0.233078	89.0054	50.131	-10.8473	-0.0260052	128.263	135.476	0.946758
4553	0.004642	0.233076	89.0033	50.1324	-10.8538	-0.0260044	128.256	135.475	0.946712
4554	0.00464292	0.233074	89.0012	50.1338	-10.8609	-0.0260035	128.248	135.474	0.946662
4555	0.00464384	0.233072	88.999	50.1352	-10.8707	-0.0260026	128.238	135.473	0.946593
4556	0.00464476	0.23307	88.9968	50.1367	-10.8812	-0.0260015	128.226	135.472	0.946517
4557	0.00464569	0.233068	88.9945	50.1382	-10.8894	-0.0260004	128.217	135.47	0.946459
4558	0.00464661	0.233066	88.9922	50.1397	-10.8956	-0.0259993	128.21	135.469	0.946416
4559	0.00464753	0.233064	88.9898	50.1413	-10.9002	-0.0259982	128.205	135.468	0.946385
4560	0.00464845	0.233062	88.9874	50.1429	-10.9034	-0.0259971	128.201	135.467	0.946364
4561	0.00464937	0.23306	88.9849	50.1445	-10.9054	-0.025996	128.198	135.466	0.946352
4562	0.00465029	0.233057	88.9824	50.1462	-10.9063	-0.0259949	128.196	135.464	0.946348
4563	0.00465121	0.233055	88.9798	50.1479	-10.9063	-0.0259938	128.195	135.463	0.946351
4564	0.00465213	0.233053	88.9772	50.1496	-10.9055	-0.0259928	128.195	135.462	0.94636
4565	0.00465305	0.23305	88.9745	50.1514	-10.9029	-0.0259918	128.197	135.46	0.946381
4566	0.00465397	0.233048	88.9718	50.1532	-10.8961	-0.0259909	128.203	135.459	0.946435
4567	0.00465489	0.233045	88.969	50.155	-10.8887	-0.0259899	128.209	135.457	0.946493
4568	0.00465581	0.233043	88.9661	50.1569	-10.8811	-0.025989	128.216	135.456	0.946552
4569	0.00465673	0.23304	88.9632	50.1588	-10.8736	-0.0259881	128.222	135.454	0.946611
4570	0.00465765	0.233038	88.9603	50.1608	-10.8663	-0.0259872	128.229	135.453	0.946667
4571	0.00465857	0.233035	88.9573	50.1627	-10.8595	-0.0259863	128.235	135.451	0.946721
4572	0.00465949	0.233032	88.9542	50.1648	-10.8532	-0.0259855	128.24	135.45	0.946771
4573	0.00466041	0.233029	88.9511	50.1668	-10.8476	-0.0259847	128.244	135.448	0.946816
4574	0.00466134	0.233027	88.9479	50.1689	-10.8427	-0.025984	128.248	135.446	0.946855
4575	0.00466226	0.233024	88.9447	50.1711	-10.8388	-0.0259834	128.251	135.445	0.946888
4576	0.00466318	0.233021	88.9414	50.1732	-10.8358	-0.0259828	128.253	135.443	0.946913
4577	0.0046641	0.233018	88.938	50.1755	-10.8339	-0.0259822	128.254	135.441	0.946932
4578	0.00466502	0.233015	88.9346	50.1777	-10.8329	-0.0259816	128.253	135.439	0.946942
4579	0.00466594	0.233012	88.9311	50.18	-10.8331	-0.0259811	128.252	135.438	0.946945
4580	0.00466686	0.233009	88.9276	50.1823	-10.8344	-0.0259806	128.25	135.436	0.946939
4581	0.00466778	0.233005	88.924	50.1847	-10.8367	-0.02598	128.246	135.434	0.946926
4582	0.0046687	0.233002	88.9204	50.1871	-10.8399	-0.0259794	128.242	135.432	0.946907
4583	0.00466962	0.232999	88.9167	50.1895	-10.8439	-0.0259789	128.236	135.43	0.946882
4584	0.00467054	0.232995	88.9129	50.192	-10.8485	-0.0259783	128.23	135.428	0.946852
4585	0.00467146	0.232992	88.9091	50.1945	-10.8536	-0.0259776	128.224	135.426	0.946818
4586	0.00467238	0.232989	88.9052	50.1971	-10.8591	-0.025977	128.217	135.424	0.946782
4587	0.0046733	0.232985	88.9013	50.1997	-10.8649	-0.0259763	128.21	135.422	0.946743
4588	0.00467423	0.232981	88.8973	50.2023	-10.871	-0.0259755	128.203	135.42	0.946703
4589	0.00467515	0.232978	88.8932	50.205	-10.8771	-0.0259748	128.195	135.418	0.946662
4590	0.00467607	0.232974	88.8891	50.2077	-10.8835	-0.025974	128.187	135.416	0.94662
4591	0.00467699	0.23297	88.8849	50.2105	-10.8901	-0.0259731	128.179	135.414	0.946575
4592	0.00467791	0.232967	88.8807	50.2132	-10.8981	-0.0259722	128.17	135.411	0.946521
4593	0.00467883	0.232963	88.8764	50.2161	-10.909	-0.0259712	128.158	135.409	0.946446
4594	0.00467975	0.232959	88.872	50.2189	-10.9172	-0.0259701	128.148	135.407	0.94639
4595	0.00468067	0.232955	88.8676	50.2218	-10.9234	-0.025969	128.14	135.405	0.946349
4596	0.00468159	0.232951	88.8632	50.2248	-10.9279	-0.0259679	128.134	135.402	0.946321
4597	0.00468251	0.232947	88.8587	50.2278	-10.931	-0.0259668	128.129	135.4	0.946303
4598	0.00468343	0.232943	88.8541	50.2308	-10.9329	-0.0259657	128.126	135.398	0.946294
4599	0.00468435	0.232939	88.8494	50.2338	-10.9337	-0.0259646	128.124	135.395	0.946293
4600	0.00468527	0.232934	88.8448	50.2369	-10.9337	-0.0259636	128.122	135.393	0.946299
4601	0.0046862	0.23293	88.84	50.24	-10.9329	-0.0259625	128.121	135.39	0.94631
4602	0.00468712	0.232926	88.8352	50.2432	-10.9298	-0.0259615	128.123	135.388	0.946338
4603	0.00468804	0.232922	88.8304	50.2464	-10.9229	-0.0259606	128.128	135.385	0.946394
4604	0.00468896	0.232917	88.8254	50.2496	-10.9156	-0.0259597	128.134	135.383	0.946454
4605	0.00468988	0.232913	88.8205	50.2529	-10.9082	-0.0259588	128.139	135.38	0.946514
4606	0.0046908	0.232908	88.8154	50.2562	-10.9009	-0.0259578	128.145	135.378	0.946574
4607	0.00469172	0.232904	88.8104	50.2595	-10.8939	-0.0259569	128.15	135.375	0.946631
4608	0.00469264	0.232899	88.8052	50.2629	-10.8873	-0.025956	128.155	135.372	0.946686
4609	0.00469356	0.232894	88.8	50.2663	-10.8812	-0.0259552	128.159	135.369	0.946736
4610	0.00469448	0.23289	88.7948	50.2698	-10.8758	-0.0259545	128.163	135.367	0.946782
4611	0.0046954	0.232885	88.7895	50.2733	-10.8713	-0.0259538	128.166	135.364	0.946821
4612	0.00469632	0.23288	88.7841	50.2768	-10.8676	-0.0259531	128.167	135.361	0.946854
4613	0.00469724	0.232875	88.7787	50.2804	-10.8649	-0.0259525	128.168	135.358	0.946881
4614	0.00469816	0.23287	88.7732	50.284	-10.8632	-0.0259519	128.168	135.355	0.9469
4615	0.00469909	0.232865	88.7676	50.2876	-10.8625	-0.0259514	128.167	135.353	0.946911
4616	0.00470001	0.23286	88.7621	50.2913	-10.8629	-0.0259509	128.165	135.35	0.946914
4617	0.00470093	0.232855	88.7564	50.295	-10.8644	-0.0259503	128.161	135.347	0.94691
4618	0.00470185	0.23285	88.7507	50.2988	-10.8668	-0.0259498	128.157	135.344	0.946898
4619	0.00470277	0.232845	88.7449	50.3026	-10.8701	-0.0259492	128.151	135.341	0.94688
4620	0.00470369	0.23284	88.7391	50.3064	-10.8742	-0.0259486	128.145	135.338	0.946856
4621	0.00470461	0.232834	88.7333	50.3102	-10.8789	-0.025948	128.139	135.335	0.946828
4622	0.00470553	0.232829	88.7273	50.3141	-10.884	-0.0259474	128.132	135.332	0.946797
4623	0.00470645	0.232824	88.7214	50.3181	-10.8895	-0.0259467	128.124	135.328	0.946763
4624	0.00470737	0.232818	88.7153	50.322	-10.8953	-0.025946	128.116	135.325	0.946727
4625	0.00470829	0.232813	88.7093	50.326	-10.9012	-0.0259453	128.108	135.322	0.94669
4626	0.00470922	0.232807	88.7031	50.3301	-10.9072	-0.0259445	128.1	135.319	0.946653
4627	0.00471014	0.232802	88.6969	50.3341	-10.9132	-0.0259437	128.092	135.316	0.946615
4628	0.00471106	0.232796	88.6907	50.3382	-10.9193	-0.0259429	128.084	135.312	0.946578
4629	0.00471198	0.23279	88.6844	50.3423	-10.9255	-0.025942	128.075	135.309	0.946539
4630	0.0047129	0.232785	88.6781	50.3465	-10.933	-0.0259411	128.066	135.306	0.946491
4631	0.00471382	0.232779	88.6717	50.3507	-10.943	-0.02594	128.053	135.302	0.946424
4632	0.00471474	0.232773	88.6653	50.3549	-10.9505	-0.0259389	128.044	135.299	0.946376
4633	0.00471566	0.232767	88.6588	50.3592	-10.956	-0.0259378	128.036	135.296	0.946343
4634	0.00471658	0.232762	88.6523	50.3634	-10.9597	-0.0259368	128.03	135.292	0.946322
4635	0.0047175	0.232756	88.6457	50.3678	-10.9622	-0.0259357	128.025	135.289	0.946311
4636	0.00471842	0.23275	88.6391	50.3721	-10.9636	-0.0259346	128.022	135.285	0.946308
4637	0.00471935	0.232744	88.6324	50.3765	-10.964	-0.0259335	128.019	135.282	0.946313
4638	0.00472027	0.232738	88.6257	50.3809	-10.9637	-0.0259325	128.017	135.278	0.946323
4639	0.00472119	0.232731	88.619	50.3853	-10.9625	-0.0259314	128.016	135.275	0.946339
4640	0.00472211	0.232725	88.6122	50.3898	-10.9574	-0.0259305	128.019	135.271	0.946385
4641	0.00472303	0.232719	88.6053	50.3943	-10.9503	-0.0259296	128.023	135.268	0.946444
4642	0.00472395	0.232713	88.5985	50.3988	-10.943	-0.0259286	128.028	135.264	0.946506
4643	0.00472487	0.232707	88.5916	50.4033	-10.9358	-0.0259277	128.033	135.26	0.946568
4644	0.00472579	0.2327	88.5846	50.4079	-10.9288	-0.0259268	128.038	135.257	0.946628
4645	0.00472671	0.232694	88.5776	50.4125	-10.922	-0.0259259	128.042	135.253	0.946685
4646	0.00472763	0.232688	88.5706	50.4171	-10.9158	-0.025925	128.046	135.249	0.946739
4647	0.00472855	0.232681	88.5635	50.4217	-10.9102	-0.0259242	128.049	135.246	0.946789
4648	0.00472948	0.232675	88.5564	50.4264	-10.9053	-0.0259235	128.052	135.242	0.946833
4649	0.0047304	0.232668	88.5492	50.4311	-10.9012	-0.0259228	128.053	135.238	0.946871
4650	0.00473132	0.232662	88.542	50.4358	-10.8981	-0.0259222	128.054	135.234	0.946903
4651	0.00473224	0.232655	88.5348	50.4405	-10.8959	-0.0259216	128.054	135.231	0.946927
4652	0.00473316	0.232649	88.5276	50.4453	-10.8946	-0.0259211	128.052	135.227	0.946945
4653	0.00473408	0.232642	88.5203	50.45	-10.8944	-0.0259205	128.05	135.223	0.946954
4654	0.004735	0.232636	88.513	50.4548	-10.8953	-0.02592	128.047	135.219	0.946956
4655	0.00473592	0.232629	88.5056	50.4597	-10.8972	-0.0259195	128.042	135.215	0.94695
4656	0.00473684	0.232622	88.4982	50.4645	-10.9	-0.0259189	128.037	135.211	0.946938
4657	0.00473776	0.232616	88.4908	50.4693	-10.9037	-0.0259184	128.031	135.207	0.94692
4658	0.00473868	0.232609	88.4834	50.4742	-10.9079	-0.0259178	128.024	135.204	0.946896
4659	0.00473961	0.232602	88.4759	50.4791	-10.9128	-0.0259172	128.016	135.2	0.946869
4660	0.00474053	0.232595	88.4684	50.484	-10.918	-0.0259166	128.009	135.196	0.946839
4661	0.00474145	0.232588	88.4609	50.489	-10.9235	-0.0259159	128	135.192	0.946807
4662	0.00474237	0.232582	88.4533	50.4939	-10.9292	-0.0259152	127.992	135.188	0.946773
4663	0.00474329	0.232575	88.4458	50.4989	-10.935	-0.0259144	127.984	135.184	0.946739
4664	0.00474421	0.232568	88.4382	50.5038	-10.9407	-0.0259137	127.975	135.18	0.946705
4665	0.00474513	0.232561	88.4305	50.5088	-10.9464	-0.0259129	127.967	135.176	0.946672
4666	0.00474605	0.232554	88.4229	50.5138	-10.952	-0.025912	127.959	135.172	0.94664
4667	0.00474697	0.232547	88.4152	50.5189	-10.9574	-0.0259112	127.951	135.168	0.946608
4668	0.0047479	0.23254	88.4075	50.5239	-10.963	-0.0259103	127.943	135.164	0.946576
4669	0.00474882	0.232533	88.3998	50.5289	-10.9697	-0.0259093	127.933	135.159	0.946535
4670	0.00474974	0.232526	88.3921	50.534	-10.9786	-0.0259082	127.922	135.155	0.946478
4671	0.00475066	0.232519	88.3844	50.5391	-10.985	-0.0259072	127.913	135.151	0.94644
4672	0.00475158	0.232512	88.3766	50.5442	-10.9894	-0.0259061	127.905	135.147	0.946416
4673	0.0047525	0.232505	88.3688	50.5492	-10.9923	-0.025905	127.9	135.143	0.946403
4674	0.00475342	0.232498	88.361	50.5543	-10.9941	-0.025904	127.895	135.139	0.946399
4675	0.00475434	0.232491	88.3532	50.5595	-10.9948	-0.0259029	127.892	135.135	0.946402
4676	0.00475526	0.232484	88.3454	50.5646	-10.9947	-0.0259019	127.889	135.131	0.946412
4677	0.00475618	0.232476	88.3376	50.5697	-10.994	-0.0259008	127.887	135.127	0.946427
4678	0.00475711	0.232469	88.3297	50.5748	-10.9926	-0.0258998	127.886	135.122	0.946446
4679	0.00475803	0.232462	88.3218	50.58	-10.9865	-0.0258989	127.889	135.118	0.9465
4680	0.00475895	0.232455	88.314	50.5851	-10.9793	-0.0258979	127.894	135.114	0.946562
4681	0.00475987	0.232448	88.3061	50.5903	-10.9721	-0.025897	127.898	135.11	0.946625
4682	0.00476079	0.232441	88.2982	50.5955	-10.965	-0.025896	127.903	135.106	0.946686
4683	0.00476171	0.232433	88.2903	50.6006	-10.9582	-0.0258951	127.907	135.102	0.946746
4684	0.00476263	0.232426	88.2824	50.6058	-10.9517	-0.0258942	127.911	135.097	0.946803
4685	0.00476355	0.232419	88.2745	50.611	-10.9458	-0.0258934	127.914	135.093	0.946855
4686	0.00476447	0.232412	88.2665	50.6161	-10.9406	-0.0258926	127.916	135.089	0.946904
4687	0.00476539	0.232405	88.2586	50.6213	-10.9361	-0.0258919	127.918	135.085	0.946946
4688	0.00476631	0.232397	88.2507	50.6265	-10.9324	-0.0258912	127.919	135.081	0.946982
4689	0.00476724	0.23239	88.2427	50.6317	-10.9296	-0.0258906	127.919	135.076	0.947012
4690	0.00476816	0.232383	88.2348	50.6369	-10.9278	-0.02589	127.918	135.072	0.947035
4691	0.00476908	0.232376	88.2268	50.6421	-10.9269	-0.0258895	127.916	135.068	0.947051
4692	0.00477	0.232368	88.2189	50.6473	-10.927	-0.025889	127.913	135.064	0.947059
4693	0.00477092	0.232361	88.211	50.6525	-10.9282	-0.0258885	127.909	135.059	0.947059
4694	0.00477184	0.232354	88.203	50.6577	-10.9303	-0.025888	127.905	135.055	0.947053
4695	0.00477276	0.232347	88.1951	50.6629	-10.9332	-0.0258874	127.899	135.051	0.94704
4696	0.00477368	0.232339	88.1871	50.6681	-10.9369	-0.0258869	127.892	135.047	0.947022
4697	0.0047746	0.232332	88.1792	50.6732	-10.9412	-0.0258863	127.885	135.043	0.947
4698	0.00477553	0.232325	88.1712	50.6784	-10.9459	-0.0258857	127.878	135.038	0.946974
4699	0.00477645	0.232317	88.1633	50.6836	-10.951	-0.025885	127.87	135.034	0.946946
4700	0.00477737	0.23231	88.1553	50.6888	-10.9563	-0.0258844	127.862	135.03	0.946916
4701	0.00477829	0.232303	88.1474	50.694	-10.9617	-0.0258837	127.854	135.026	0.946885
4702	0.00477921	0.232296	88.1395	50.6992	-10.9671	-0.0258829	127.846	135.022	0.946854
4703	0.00478013	0.232288	88.1316	50.7043	-10.9725	-0.0258821	127.838	135.017	0.946823
4704	0.00478105	0.232281	88.1236	50.7095	-10.9777	-0.0258813	127.83	135.013	0.946794
4705	0.00478197	0.232274	88.1157	50.7147	-10.9826	-0.0258805	127.822	135.009	0.946767
4706	0.0047829	0.232267	88.1078	50.7198	-10.9872	-0.0258797	127.815	135.005	0.946741
4707	0.00478382	0.23226	88.0999	50.725	-10.9916	-0.0258788	127.807	135.001	0.946719
4708	0.00478474	0.232252	88.0921	50.7301	-10.9956	-0.0258779	127.801	134.996	0.946698
4709	0.00478566	0.232245	88.0842	50.7353	-10.9995	-0.025877	127.794	134.992	0.946678
4710	0.00478658	0.232238	88.0763	50.7404	-11.0038	-0.0258761	127.787	134.988	0.946655
4711	0.0047875	0.232231	88.0685	50.7455	-11.0112	-0.025875	127.777	134.984	0.94661
4712	0.00478842	0.232224	88.0606	50.7506	-11.0162	-0.025874	127.769	134.98	0.946582
4713	0.00478934	0.232216	88.0528	50.7557	-11.0194	-0.0258729	127.763	134.975	0.946567
4714	0.00479026	0.232209	88.045	50.7608	-11.0213	-0.0258719	127.759	134.971	0.946562
4715	0.00479118	0.232202	88.0372	50.7659	-11.0221	-0.0258709	127.755	134.967	0.946565
4716	0.00479211	0.232195	88.0294	50.771	-11.0222	-0.0258698	127.752	134.963	0.946574
4717	0.00479303	0.232188	88.0216	50.7761	-11.0215	-0.0258688	127.75	134.959	0.946587
4718	0.00479395	0.232181	88.0139	50.7811	-11.0204	-0.0258677	127.749	134.955	0.946605
4719	0.00479487	0.232174	88.0061	50.7862	-11.0158	-0.0258668	127.751	134.951	0.946648
4720	0.00479579	0.232166	87.9984	50.7912	-11.0091	-0.0258659	127.755	134.946	0.946707
4721	0.00479671	0.232159	87.9907	50.7963	-11.0022	-0.0258649	127.759	134.942	0.946767
4722	0.00479763	0.232152	87.983	50.8013	-10.9954	-0.025864	127.763	134.938	0.946826
4723	0.00479855	0.232145	87.9753	50.8063	-10.9889	-0.025863	127.767	134.934	0.946883
4724	0.00479947	0.232138	87.9677	50.8113	-10.9827	-0.0258621	127.77	134.93	0.946938
4725	0.0048004	0.232131	87.96	50.8163	-10.977	-0.0258612	127.773	134.926	0.946989
4726	0.00480132	0.232124	87.9524	50.8212	-10.972	-0.0258604	127.776	134.922	0.947036
4727	0.00480224	0.232117	87.9448	50.8262	-10.9675	-0.0258596	127.778	134.918	0.947077
4728	0.00480316	0.23211	87.9372	50.8311	-10.9639	-0.0258589	127.779	134.914	0.947113
4729	0.00480408	0.232103	87.9296	50.8361	-10.9611	-0.0258583	127.779	134.91	0.947143
4730	0.004805	0.232096	87.9221	50.841	-10.9592	-0.0258577	127.778	134.906	0.947166
4731	0.00480592	0.232089	87.9146	50.8459	-10.9581	-0.0258572	127.777	134.902	0.947183
4732	0.00480684	0.232083	87.9071	50.8508	-10.9579	-0.0258566	127.774	134.898	0.947193
4733	0.00480776	0.232076	87.8996	50.8557	-10.9587	-0.0258561	127.771	134.894	0.947196
4734	0.00480869	0.232069	87.8921	50.8605	-10.9604	-0.0258556	127.766	134.89	0.947192
4735	0.00480961	0.232062	87.8847	50.8654	-10.9629	-0.0258551	127.761	134.886	0.947182
4736	0.00481053	0.232055	87.8772	50.8702	-10.9661	-0.0258545	127.755	134.882	0.947167
4737	0.00481145	0.232048	87.8698	50.875	-10.9699	-0.0258539	127.749	134.878	0.947147
4738	0.00481237	0.232042	87.8625	50.8799	-10.9742	-0.0258533	127.742	134.874	0.947124
4739	0.00481329	0.232035	87.8551	50.8846	-10.9788	-0.0258527	127.735	134.87	0.947099
4740	0.00481421	0.232028	87.8478	50.8894	-10.9836	-0.025852	127.728	134.866	0.947072
4741	0.00481513	0.232021	87.8405	50.8942	-10.9885	-0.0258513	127.72	134.862	0.947044
4742	0.00481606	0.232015	87.8332	50.8989	-10.9934	-0.0258506	127.713	134.858	0.947016
4743	0.00481698	0.232008	87.8259	50.9037	-10.9983	-0.0258498	127.705	134.854	0.946989
4744	0.0048179	0.232001	87.8187	50.9084	-11.003	-0.025849	127.698	134.85	0.946962
4745	0.00481882	0.231995	87.8115	50.9131	-11.0074	-0.0258482	127.691	134.847	0.946938
4746	0.00481974	0.231988	87.8043	50.9177	-11.0115	-0.0258473	127.685	134.843	0.946916
4747	0.00482066	0.231981	87.7972	50.9224	-11.0152	-0.0258465	127.679	134.839	0.946897
4748	0.00482158	0.231975	87.79	50.9271	-11.0184	-0.0258456	127.673	134.835	0.946881
4749	0.0048225	0.231968	87.7829	50.9317	-11.0212	-0.0258447	127.668	134.831	0.946869
4750	0.00482342	0.231962	87.7758	50.9363	-11.0234	-0.0258439	127.663	134.827	0.946862
4751	0.00482435	0.231955	87.7688	50.9409	-11.0249	-0.025843	127.659	134.824	0.946858
4752	0.00482527	0.231949	87.7617	50.9455	-11.0257	-0.0258421	127.656	134.82	0.946861
4753	0.00482619	0.231942	87.7547	50.95	-11.0258	-0.0258413	127.653	134.816	0.946869
4754	0.00482711	0.231936	87.7477	50.9546	-11.025	-0.0258404	127.652	134.812	0.946883
4755	0.00482803	0.231929	87.7408	50.9591	-11.0235	-0.0258396	127.651	134.809	0.946902
4756	0.00482895	0.231923	87.7339	50.9636	-11.0214	-0.0258388	127.65	134.805	0.946926
4757	0.00482987	0.231917	87.7269	50.9681	-11.0189	-0.0258379	127.65	134.801	0.946952
4758	0.00483079	0.23191	87.7201	50.9726	-11.0162	-0.0258371	127.651	134.798	0.946981
4759	0.00483171	0.231904	87.7132	50.9771	-11.0134	-0.0258363	127.651	134.794	0.94701
4760	0.00483264	0.231898	87.7064	50.9815	-11.0106	-0.0258355	127.651	134.79	0.947038
4761	0.00483356	0.231891	87.6996	50.9859	-11.0079	-0.0258347	127.652	134.787	0.947066
4762	0.00483448	0.231885	87.6928	50.9904	-11.0054	-0.0258339	127.652	134.783	0.947093
4763	0.0048354	0.231879	87.686	50.9948	-11.0032	-0.0258331	127.652	134.779	0.947117
4764	0.00483632	0.231873	87.6793	50.9991	-11.0014	-0.0258323	127.651	134.776	0.947138
4765	0.00483724	0.231867	87.6726	51.0035	-11	-0.0258315	127.65	134.772	0.947157
4766	0.00483816	0.23186	87.6659	51.0078	-10.9989	-0.0258308	127.649	134.768	0.947172
4767	0.00483908	0.231854	87.6593	51.0122	-10.9984	-0.0258301	127.647	134.765	0.947185
4768	0.00484	0.231848	87.6526	51.0165	-10.9983	-0.0258294	127.645	134.761	0.947193
4769	0.00484093	0.231842	87.646	51.0208	-10.9987	-0.0258287	127.642	134.758	0.947198
4770	0.00484185	0.231836	87.6395	51.0251	-10.9995	-0.025828	127.639	134.754	0.947199
4771	0.00484277	0.23183	87.6329	51.0293	-11.0008	-0.0258273	127.636	134.751	0.947197
4772	0.00484369	0.231824	87.6264	51.0336	-11.0026	-0.0258266	127.632	134.747	0.947192
4773	0.00484461	0.231818	87.6199	51.0378	-11.0047	-0.0258259	127.627	134.744	0.947184
4774	0.00484553	0.231812	87.6134	51.042	-11.0072	-0.0258252	127.622	134.74	0.947173
4775	0.00484645	0.231806	87.6069	51.0462	-11.0099	-0.0258244	127.617	134.737	0.947161
4776	0.00484737	0.2318	87.6005	51.0504	-11.0129	-0.0258237	127.612	134.733	0.947146
4777	0.0048483	0.231794	87.5941	51.0546	-11.016	-0.025823	127.607	134.73	0.947131
4778	0.00484922	0.231788	87.5877	51.0588	-11.0192	-0.0258222	127.601	134.726	0.947115
4779	0.00485014	0.231782	87.5813	51.0629	-11.0224	-0.0258214	127.596	134.723	0.947098
4780	0.00485106	0.231776	87.575	51.067	-11.0256	-0.0258206	127.591	134.72	0.947082
4781	0.00485198	0.231771	87.5687	51.0711	-11.0287	-0.0258198	127.585	134.716	0.947067
4782	0.0048529	0.231765	87.5624	51.0752	-11.0317	-0.025819	127.58	134.713	0.947052
4783	0.00485382	0.231759	87.5561	51.0793	-11.0348	-0.0258181	127.575	134.71	0.947036
4784	0.00485474	0.231753	87.5498	51.0834	-11.0381	-0.0258172	127.569	134.706	0.947019
4785	0.00485567	0.231747	87.5436	51.0874	-11.0427	-0.0258163	127.563	134.703	0.946993
4786	0.00485659	0.231742	87.5374	51.0915	-11.0491	-0.0258152	127.554	134.699	0.946952
4787	0.00485751	0.231736	87.5312	51.0955	-11.0535	-0.0258142	127.547	134.696	0.946927
4788	0.00485843	0.23173	87.5251	51.0995	-11.0563	-0.0258131	127.542	134.693	0.946913
4789	0.00485935	0.231725	87.5189	51.1035	-11.058	-0.0258121	127.539	134.69	0.946908
4790	0.00486027	0.231719	87.5128	51.1075	-11.0587	-0.025811	127.536	134.686	0.94691
4791	0.00486119	0.231713	87.5067	51.1115	-11.0587	-0.02581	127.534	134.683	0.946917
4792	0.00486211	0.231708	87.5006	51.1154	-11.0581	-0.0258089	127.532	134.68	0.946929
4793	0.00486304	0.231702	87.4945	51.1194	-11.057	-0.0258079	127.531	134.676	0.946944
4794	0.00486396	0.231696	87.4885	51.1233	-11.0541	-0.0258069	127.532	134.673	0.946973
4795	0.00486488	0.231691	87.4824	51.1272	-11.0476	-0.0258061	127.536	134.67	0.947029
4796	0.0048658	0.231685	87.4764	51.1312	-11.0406	-0.0258051	127.541	134.667	0.947088
4797	0.00486672	0.23168	87.4704	51.1351	-11.0337	-0.0258042	127.546	134.663	0.947146
4798	0.00486764	0.231674	87.4644	51.139	-11.027	-0.0258033	127.551	134.66	0.947203
4799	0.00486856	0.231669	87.4585	51.1428	-11.0207	-0.0258024	127.555	134.657	0.947257
4800	0.00486948	0.231663	87.4525	51.1467	-11.0147	-0.0258016	127.559	134.654	0.947309
4801	0.0048704	0.231658	87.4466	51.1506	-11.0093	-0.0258008	127.562	134.651	0.947356
4802	0.00487133	0.231652	87.4407	51.1544	-11.0044	-0.0258001	127.565	134.647	0.947399
4803	0.00487225	0.231647	87.4347	51.1583	-11.0003	-0.0257994	127.567	134.644	0.947437
4804	0.00487317	0.231641	87.4289	51.1621	-10.9969	-0.0257988	127.568	134.641	0.947469
4805	0.00487409	0.231636	87.423	51.1659	-10.9943	-0.0257982	127.569	134.638	0.947495
4806	0.00487501	0.23163	87.4171	51.1698	-10.9926	-0.0257976	127.568	134.635	0.947515
4807	0.00487593	0.231625	87.4112	51.1736	-10.9916	-0.0257971	127.567	134.632	0.947529
4808	0.00487685	0.231619	87.4054	51.1774	-10.9916	-0.0257966	127.565	134.628	0.947537
4809	0.00487777	0.231614	87.3995	51.1812	-10.9924	-0.0257961	127.563	134.625	0.947537
4810	0.0048787	0.231609	87.3937	51.185	-10.994	-0.0257955	127.559	134.622	0.947532
4811	0.00487962	0.231603	87.3879	51.1888	-10.9964	-0.025795	127.554	134.619	0.947522
4812	0.00488054	0.231598	87.3821	51.1925	-10.9994	-0.0257944	127.549	134.616	0.947507
4813	0.00488146	0.231593	87.3763	51.1963	-11.0028	-0.0257938	127.544	134.613	0.947488
4814	0.00488238	0.231587	87.3705	51.2001	-11.0067	-0.0257932	127.538	134.61	0.947466
4815	0.0048833	0.231582	87.3647	51.2038	-11.0108	-0.0257925	127.532	134.607	0.947442
4816	0.00488422	0.231576	87.3589	51.2076	-11.0152	-0.0257918	127.526	134.603	0.947417
4817	0.00488515	0.231571	87.3531	51.2114	-11.0196	-0.0257911	127.519	134.6	0.947391
4818	0.00488607	0.231566	87.3474	51.2151	-11.024	-0.0257903	127.513	134.597	0.947365
4819	0.00488699	0.23156	87.3416	51.2189	-11.0283	-0.0257895	127.506	134.594	0.94734
4820	0.00488791	0.231555	87.3358	51.2226	-11.0323	-0.0257887	127.5	134.591	0.947317
4821	0.00488883	0.23155	87.3301	51.2264	-11.0361	-0.0257879	127.495	134.588	0.947296
4822	0.00488975	0.231544	87.3244	51.2301	-11.0395	-0.0257871	127.489	134.585	0.947277
4823	0.00489067	0.231539	87.3186	51.2338	-11.0424	-0.0257863	127.484	134.582	0.947262
4824	0.00489159	0.231534	87.3129	51.2376	-11.0448	-0.0257854	127.48	134.579	0.947252
4825	0.00489252	0.231528	87.3071	51.2413	-11.0466	-0.0257846	127.476	134.576	0.947245
4826	0.00489344	0.231523	87.3014	51.245	-11.0477	-0.0257838	127.473	134.572	0.947243
4827	0.00489436	0.231518	87.2957	51.2487	-11.0482	-0.025783	127.47	134.569	0.947247
4828	0.00489528	0.231513	87.29	51.2525	-11.0479	-0.0257821	127.469	134.566	0.947256
4829	0.0048962	0.231507	87.2842	51.2562	-11.0469	-0.0257813	127.468	134.563	0.94727
4830	0.00489712	0.231502	87.2785	51.2599	-11.0454	-0.0257805	127.467	134.56	0.947288
4831	0.00489804	0.231497	87.2728	51.2636	-11.0434	-0.0257797	127.467	134.557	0.94731
4832	0.00489896	0.231491	87.2671	51.2673	-11.041	-0.0257789	127.468	134.554	0.947335
4833	0.00489989	0.231486	87.2614	51.2711	-11.0384	-0.0257781	127.468	134.551	0.947361
4834	0.00490081	0.231481	87.2556	51.2748	-11.0357	-0.0257773	127.469	134.548	0.947388
4835	0.00490173	0.231475	87.2499	51.2785	-11.033	-0.0257766	127.47	134.545	0.947415
4836	0.00490265	0.23147	87.2442	51.2822	-11.0304	-0.0257758	127.47	134.542	0.947441
4837	0.00490357	0.231465	87.2385	51.2859	-11.0279	-0.025775	127.471	134.539	0.947466
4838	0.00490449	0.23146	87.2328	51.2896	-11.0257	-0.0257742	127.471	134.536	0.947489
4839	0.00490541	0.231454	87.2271	51.2934	-11.0238	-0.0257735	127.471	134.532	0.94751
4840	0.00490633	0.231449	87.2214	51.2971	-11.0222	-0.0257728	127.47	134.529	0.947529
4841	0.00490726	0.231444	87.2156	51.3008	-11.021	-0.025772	127.47	134.526	0.947545
4842	0.00490818	0.231438	87.2099	51.3045	-11.0202	-0.0257713	127.468	134.523	0.947558
4843	0.0049091	0.231433	87.2042	51.3082	-11.0198	-0.0257706	127.467	134.52	0.947567
4844	0.00491002	0.231428	87.1985	51.312	-11.0199	-0.0257699	127.465	134.517	0.947574
4845	0.00491094	0.231422	87.1928	51.3157	-11.0203	-0.0257692	127.462	134.514	0.947577
4846	0.00491186	0.231417	87.187	51.3194	-11.0212	-0.0257685	127.459	134.511	0.947578
4847	0.00491278	0.231412	87.1813	51.3231	-11.0224	-0.0257678	127.456	134.508	0.947576
4848	0.00491371	0.231406	87.1756	51.3269	-11.024	-0.0257672	127.453	134.505	0.947571
4849	0.00491463	0.231401	87.1698	51.3306	-11.0258	-0.0257665	127.449	134.502	0.947564
4850	0.00491555	0.231396	87.1641	51.3343	-11.0279	-0.0257658	127.445	134.498	0.947555
4851	0.00491647	0.23139	87.1583	51.3381	-11.0302	-0.025765	127.44	134.495	0.947545
4852	0.00491739	0.231385	87.1525	51.3418	-11.0326	-0.0257643	127.436	134.492	0.947534
4853	0.00491831	0.23138	87.1468	51.3456	-11.035	-0.0257636	127.432	134.489	0.947523
4854	0.00491923	0.231374	87.141	51.3493	-11.0375	-0.0257628	127.427	134.486	0.947512
4855	0.00492015	0.231369	87.1352	51.3531	-11.0398	-0.0257621	127.423	134.483	0.947501
4856	0.00492108	0.231364	87.1294	51.3569	-11.0421	-0.0257613	127.418	134.48	0.947491
4857	0.004922	0.231358	87.1237	51.3606	-11.0442	-0.0257605	127.414	134.477	0.947483
4858	0.00492292	0.231353	87.1178	51.3644	-11.0462	-0.0257597	127.41	134.474	0.947475
4859	0.00492384	0.231348	87.112	51.3682	-11.0481	-0.0257588	127.406	134.47	0.947468
4860	0.00492476	0.231342	87.1062	51.372	-11.05	-0.025758	127.402	134.467	0.947461
4861	0.00492568	0.231337	87.1004	51.3758	-11.0521	-0.0257571	127.398	134.464	0.947452
4862	0.0049266	0.231331	87.0946	51.3795	-11.0558	-0.0257562	127.393	134.461	0.947432
4863	0.00492753	0.231326	87.0887	51.3833	-11.0604	-0.0257551	127.386	134.458	0.947404
4864	0.00492845	0.23132	87.0829	51.3872	-11.0633	-0.0257541	127.381	134.455	0.94739
4865	0.00492937	0.231315	87.077	51.391	-11.0649	-0.0257531	127.377	134.451	0.947385
4866	0.00493029	0.231309	87.0711	51.3948	-11.0654	-0.0257521	127.375	134.448	0.947388
4867	0.00493121	0.231304	87.0652	51.3986	-11.0653	-0.0257511	127.373	134.445	0.947396
4868	0.00493213	0.231299	87.0593	51.4024	-11.0646	-0.0257501	127.371	134.442	0.947409
4869	0.00493305	0.231293	87.0534	51.4063	-11.0634	-0.025749	127.371	134.439	0.947425
4870	0.00493398	0.231288	87.0475	51.4101	-11.0618	-0.0257481	127.37	134.436	0.947444
4871	0.0049349	0.231282	87.0416	51.414	-11.0566	-0.0257472	127.373	134.432	0.947489
4872	0.00493582	0.231277	87.0356	51.4179	-11.0497	-0.0257463	127.378	134.429	0.947548
4873	0.00493674	0.231271	87.0297	51.4217	-11.0428	-0.0257454	127.383	134.426	0.947607
4874	0.00493766	0.231265	87.0237	51.4256	-11.036	-0.0257445	127.388	134.423	0.947664
4875	0.00493858	0.23126	87.0177	51.4295	-11.0295	-0.0257437	127.392	134.419	0.94772
4876	0.0049395	0.231254	87.0118	51.4334	-11.0233	-0.0257428	127.396	134.416	0.947773
4877	0.00494042	0.231249	87.0057	51.4373	-11.0177	-0.025742	127.4	134.413	0.947822
4878	0.00494135	0.231243	86.9997	51.4412	-11.0126	-0.0257413	127.403	134.41	0.947868
4879	0.00494227	0.231238	86.9937	51.4451	-11.0081	-0.0257406	127.405	134.406	0.947908
4880	0.00494319	0.231232	86.9877	51.449	-11.0043	-0.02574	127.407	134.403	0.947944
4881	0.00494411	0.231226	86.9816	51.453	-11.0012	-0.0257394	127.408	134.4	0.947974
4882	0.00494503	0.231221	86.9755	51.4569	-10.9989	-0.0257388	127.408	134.397	0.947998
4883	0.00494595	0.231215	86.9695	51.4609	-10.9974	-0.0257383	127.407	134.393	0.948017
4884	0.00494687	0.231209	86.9634	51.4648	-10.9967	-0.0257378	127.406	134.39	0.94803
4885	0.0049478	0.231204	86.9572	51.4688	-10.9968	-0.0257373	127.404	134.387	0.948036
4886	0.00494872	0.231198	86.9511	51.4728	-10.9977	-0.0257368	127.4	134.383	0.948037
4887	0.00494964	0.231192	86.945	51.4768	-10.9994	-0.0257363	127.397	134.38	0.948032
4888	0.00495056	0.231186	86.9388	51.4808	-11.0017	-0.0257357	127.392	134.377	0.948023
4889	0.00495148	0.231181	86.9327	51.4848	-11.0045	-0.0257352	127.387	134.373	0.948009
4890	0.0049524	0.231175	86.9265	51.4888	-11.0077	-0.0257346	127.382	134.37	0.947993
4891	0.00495332	0.231169	86.9203	51.4928	-11.0112	-0.0257339	127.376	134.367	0.947974
4892	0.00495425	0.231163	86.9141	51.4969	-11.015	-0.0257333	127.37	134.363	0.947953
4893	0.00495517	0.231158	86.9079	51.5009	-11.019	-0.0257326	127.364	134.36	0.947932
4894	0.00495609	0.231152	86.9016	51.505	-11.0229	-0.0257318	127.358	134.357	0.94791
4895	0.00495701	0.231146	86.8954	51.509	-11.0269	-0.0257311	127.352	134.353	0.947888
4896	0.00495793	0.23114	86.8891	51.5131	-11.0306	-0.0257303	127.346	134.35	0.947867
4897	0.00495885	0.231134	86.8828	51.5172	-11.0342	-0.0257295	127.34	134.346	0.947849
4898	0.00495977	0.231128	86.8765	51.5213	-11.0374	-0.0257287	127.335	134.343	0.947833
4899	0.0049607	0.231123	86.8702	51.5254	-11.0402	-0.0257279	127.33	134.34	0.947819
4900	0.00496162	0.231117	86.8639	51.5295	-11.0426	-0.0257271	127.325	134.336	0.947809
4901	0.00496254	0.231111	86.8576	51.5336	-11.0444	-0.0257263	127.321	134.333	0.947803
4902	0.00496346	0.231105	86.8512	51.5377	-11.0457	-0.0257255	127.317	134.329	0.947801
4903	0.00496438	0.231099	86.8449	51.5418	-11.0463	-0.0257247	127.315	134.326	0.947805
4904	0.0049653	0.231093	86.8385	51.546	-11.0462	-0.0257239	127.312	134.322	0.947813
4905	0.00496622	0.231087	86.8321	51.5501	-11.0455	-0.0257231	127.311	134.319	0.947826
4906	0.00496715	0.231081	86.8257	51.5543	-11.0441	-0.0257223	127.31	134.315	0.947845
4907	0.00496807	0.231075	86.8192	51.5585	-11.0422	-0.0257215	127.31	134.312	0.947867
4908	0.00496899	0.231069	86.8128	51.5627	-11.0398	-0.0257207	127.31	134.308	0.947892
4909	0.00496991	0.231063	86.8063	51.5669	-11.0371	-0.0257199	127.31	134.305	0.94792
4910	0.00497083	0.231057	86.7999	51.5711	-11.0343	-0.0257192	127.311	134.301	0.947949
4911	0.00497175	0.231051	86.7934	51.5753	-11.0314	-0.0257184	127.311	134.298	0.947978
4912	0.00497267	0.231045	86.7869	51.5795	-11.0286	-0.0257176	127.312	134.294	0.948007
4913	0.0049736	0.231039	86.7804	51.5837	-11.0259	-0.0257169	127.313	134.291	0.948036
4914	0.00497452	0.231033	86.7738	51.588	-11.0233	-0.0257161	127.313	134.287	0.948062
4915	0.00497544	0.231026	86.7673	51.5922	-11.021	-0.0257154	127.313	134.284	0.948087
4916	0.00497636	0.23102	86.7607	51.5965	-11.0191	-0.0257147	127.312	134.28	0.94811
4917	0.00497728	0.231014	86.7541	51.6007	-11.0175	-0.0257139	127.312	134.277	0.94813
4918	0.0049782	0.231008	86.7475	51.605	-11.0162	-0.0257132	127.311	134.273	0.948147
4919	0.00497912	0.231002	86.7409	51.6093	-11.0154	-0.0257125	127.309	134.269	0.948161
4920	0.00498005	0.230996	86.7343	51.6136	-11.015	-0.0257119	127.307	134.266	0.948173
4921	0.00498097	0.230989	86.7277	51.6179	-11.015	-0.0257112	127.305	134.262	0.948181
4922	0.00498189	0.230983	86.721	51.6223	-11.0155	-0.0257105	127.302	134.259	0.948185
4923	0.00498281	0.230977	86.7143	51.6266	-11.0163	-0.0257098	127.299	134.255	0.948187
4924	0.00498373	0.230971	86.7077	51.6309	-11.0175	-0.0257092	127.295	134.251	0.948187
4925	0.00498465	0.230964	86.701	51.6353	-11.019	-0.0257085	127.292	134.248	0.948184
4926	0.00498558	0.230958	86.6942	51.6396	-11.0208	-0.0257078	127.287	134.244	0.948178
4927	0.0049865	0.230952	86.6875	51.644	-11.0228	-0.0257071	127.283	134.24	0.948172
4928	0.00498742	0.230946	86.6807	51.6484	-11.025	-0.0257064	127.278	134.237	0.948163
4929	0.00498834	0.230939	86.674	51.6528	-11.0274	-0.0257057	127.274	134.233	0.948154
4930	0.00498926	0.230933	86.6672	51.6572	-11.0297	-0.025705	127.269	134.229	0.948145
4931	0.00499018	0.230927	86.6604	51.6616	-11.0321	-0.0257042	127.264	134.226	0.948136
4932	0.0049911	0.23092	86.6536	51.666	-11.0344	-0.0257035	127.26	134.222	0.948127
4933	0.00499203	0.230914	86.6468	51.6704	-11.0367	-0.0257027	127.255	134.218	0.948118
4934	0.00499295	0.230907	86.6399	51.6749	-11.0389	-0.0257019	127.25	134.215	0.94811
4935	0.00499387	0.230901	86.6331	51.6793	-11.0413	-0.0257011	127.245	134.211	0.948101
4936	0.00499479	0.230895	86.6262	51.6838	-11.0443	-0.0257003	127.24	134.207	0.948087
4937	0.00499571	0.230888	86.6193	51.6883	-11.0508	-0.0256993	127.231	134.203	0.948047
4938	0.00499663	0.230882	86.6124	51.6928	-11.0552	-0.0256983	127.224	134.2	0.948023
4939	0.00499756	0.230875	86.6055	51.6972	-11.058	-0.0256973	127.219	134.196	0.948011
4940	0.00499848	0.230869	86.5985	51.7017	-11.0595	-0.0256963	127.215	134.192	0.948008
4941	0.0049994	0.230862	86.5916	51.7062	-11.06	-0.0256953	127.212	134.188	0.948012
4942	0.00500032	0.230856	86.5846	51.7108	-11.0599	-0.0256943	127.21	134.184	0.948022
4943	0.00500124	0.230849	86.5776	51.7153	-11.0591	-0.0256933	127.208	134.181	0.948037
4944	0.00500216	0.230843	86.5707	51.7198	-11.0577	-0.0256923	127.207	134.177	0.948055
4945	0.00500308	0.230836	86.5636	51.7244	-11.056	-0.0256913	127.206	134.173	0.948077
4946	0.00500401	0.230829	86.5566	51.7289	-11.0504	-0.0256905	127.209	134.169	0.948127
4947	0.00500493	0.230823	86.5496	51.7335	-11.0432	-0.0256896	127.214	134.165	0.94819
4948	0.00500585	0.230816	86.5425	51.7381	-11.0359	-0.0256888	127.219	134.162	0.948252
4949	0.00500677	0.23081	86.5355	51.7426	-11.0288	-0.0256879	127.224	134.158	0.948314
4950	0.00500769	0.230803	86.5284	51.7472	-11.0219	-0.0256871	127.228	134.154	0.948374
4951	0.00500861	0.230796	86.5213	51.7518	-11.0155	-0.0256862	127.232	134.15	0.948431
4952	0.00500954	0.23079	86.5142	51.7564	-11.0095	-0.0256855	127.235	134.146	0.948484
4953	0.00501046	0.230783	86.5071	51.761	-11.0041	-0.0256848	127.238	134.142	0.948533
4954	0.00501138	0.230776	86.5	51.7657	-10.9993	-0.0256842	127.241	134.138	0.948578
4955	0.0050123	0.23077	86.4929	51.7703	-10.9952	-0.0256836	127.242	134.134	0.948617
4956	0.00501322	0.230763	86.4857	51.7749	-10.992	-0.025683	127.243	134.131	0.94865
4957	0.00501414	0.230756	86.4785	51.7796	-10.9895	-0.0256825	127.243	134.127	0.948677
4958	0.00501506	0.230749	86.4714	51.7842	-10.9878	-0.025682	127.242	134.123	0.948698
4959	0.00501599	0.230743	86.4642	51.7889	-10.9871	-0.0256816	127.24	134.119	0.948713
4960	0.00501691	0.230736	86.457	51.7935	-10.9872	-0.0256811	127.238	134.115	0.948721
4961	0.00501783	0.230729	86.4498	51.7982	-10.9881	-0.0256806	127.234	134.111	0.948723
4962	0.00501875	0.230722	86.4426	51.8029	-10.9898	-0.0256802	127.23	134.107	0.948719
4963	0.00501967	0.230716	86.4353	51.8076	-10.9922	-0.0256797	127.225	134.103	0.948711
4964	0.00502059	0.230709	86.4281	51.8123	-10.9951	-0.0256791	127.22	134.099	0.948698
4965	0.00502152	0.230702	86.4208	51.817	-10.9984	-0.0256786	127.214	134.095	0.948682
4966	0.00502244	0.230695	86.4136	51.8217	-11.0021	-0.025678	127.207	134.091	0.948664
4967	0.00502336	0.230688	86.4063	51.8264	-11.006	-0.0256773	127.201	134.087	0.948644
4968	0.00502428	0.230681	86.399	51.8311	-11.0101	-0.0256767	127.194	134.083	0.948622
4969	0.0050252	0.230675	86.3917	51.8358	-11.0142	-0.025676	127.188	134.079	0.9486
4970	0.00502612	0.230668	86.3844	51.8406	-11.0183	-0.0256753	127.181	134.075	0.948579
4971	0.00502705	0.230661	86.3771	51.8453	-11.0222	-0.0256745	127.174	134.071	0.948559
4972	0.00502797	0.230654	86.3698	51.8501	-11.026	-0.0256738	127.168	134.067	0.94854
4973	0.00502889	0.230647	86.3624	51.8548	-11.0294	-0.025673	127.162	134.063	0.948524
4974	0.00502981	0.23064	86.3551	51.8596	-11.0325	-0.0256722	127.157	134.059	0.94851
4975	0.00503073	0.230633	86.3477	51.8644	-11.0351	-0.0256715	127.151	134.055	0.948499
4976	0.00503165	0.230626	86.3403	51.8691	-11.0373	-0.0256707	127.146	134.051	0.948492
4977	0.00503258	0.230619	86.333	51.8739	-11.039	-0.0256699	127.142	134.047	0.948489
4978	0.0050335	0.230612	86.3256	51.8787	-11.0399	-0.0256691	127.139	134.043	0.948491
4979	0.00503442	0.230606	86.3182	51.8835	-11.0402	-0.0256684	127.136	134.039	0.948498
4980	0.00503534	0.230599	86.3108	51.8883	-11.0396	-0.0256676	127.134	134.035	0.948511
4981	0.00503626	0.230592	86.3034	51.8931	-11.0382	-0.0256669	127.133	134.031	0.948531
4982	0.00503718	0.230585	86.296	51.8979	-11.0362	-0.0256661	127.132	134.027	0.948556
4983	0.00503811	0.230578	86.2885	51.9027	-11.0335	-0.0256654	127.132	134.023	0.948584
4984	0.00503903	0.230571	86.2811	51.9075	-11.0305	-0.0256646	127.132	134.019	0.948616
4985	0.00503995	0.230564	86.2737	51.9123	-11.0273	-0.0256639	127.133	134.015	0.94865
4986	0.00504087	0.230557	86.2662	51.9172	-11.0239	-0.0256631	127.134	134.011	0.948684
4987	0.00504179	0.23055	86.2587	51.922	-11.0206	-0.0256624	127.134	134.007	0.948718
4988	0.00504271	0.230543	86.2513	51.9268	-11.0174	-0.0256616	127.135	134.002	0.948751
4989	0.00504364	0.230535	86.2438	51.9317	-11.0144	-0.0256609	127.135	133.998	0.948783
4990	0.00504456	0.230528	86.2363	51.9365	-11.0117	-0.0256602	127.135	133.994	0.948812
4991	0.00504548	0.230521	86.2288	51.9414	-11.0093	-0.0256595	127.135	133.99	0.94884
4992	0.0050464	0.230514	86.2213	51.9462	-11.0073	-0.0256589	127.135	133.986	0.948864
4993	0.00504732	0.230507	86.2138	51.9511	-11.0058	-0.0256582	127.133	133.982	0.948885
4994	0.00504824	0.2305	86.2063	51.9559	-11.0047	-0.0256576	127.132	133.978	0.948902
4995	0.00504917	0.230493	86.1988	51.9608	-11.0041	-0.025657	127.13	133.974	0.948916
4996	0.00505009	0.230486	86.1913	51.9657	-11.004	-0.0256564	127.127	133.97	0.948926
4997	0.00505101	0.230479	86.1837	51.9706	-11.0043	-0.0256558	127.124	133.965	0.948933
4998	0.00505193	0.230472	86.1762	51.9754	-11.0051	-0.0256552	127.121	133.961	0.948937
4999	0.00505285	0.230465	86.1686	51.9803	-11.0064	-0.0256546	127.117	133.957	0.948937
5000	0.00505377	0.230457	86.1611	51.9852	-11.008	-0.025654	127.113	133.953	0.948934
5001	0.0050547	0.23045	86.1535	51.9901	-11.0099	-0.0256534	127.108	133.949	0.948929
5002	0.00505562	0.230443	86.1459	51.995	-11.0122	-0.0256528	127.103	133.945	0.948922
5003	0.00505654	0.230436	86.1383	51.9999	-11.0146	-0.0256521	127.098	133.941	0.948913
5004	0.00505746	0.230429	86.1307	52.0048	-11.0172	-0.0256515	127.093	133.936	0.948903
5005	0.00505838	0.230422	86.1231	52.0098	-11.0198	-0.0256508	127.087	133.932	0.948893
5006	0.0050593	0.230415	86.1155	52.0147	-11.0225	-0.0256502	127.082	133.928	0.948883
5007	0.00506023	0.230407	86.1079	52.0196	-11.0252	-0.0256495	127.077	133.924	0.948872
5008	0.00506115	0.2304	86.1003	52.0245	-11.0278	-0.0256488	127.071	133.92	0.948862
5009	0.00506207	0.230393	86.0927	52.0295	-11.0305	-0.025648	127.066	133.916	0.948851
5010	0.00506299	0.230386	86.0851	52.0344	-11.0336	-0.0256473	127.06	133.911	0.948838
5011	0.00506391	0.230379	86.0774	52.0393	-11.0383	-0.0256464	127.053	133.907	0.948813
5012	0.00506483	0.230371	86.0698	52.0443	-11.0444	-0.0256455	127.044	133.903	0.948777
5013	0.00506576	0.230364	86.0621	52.0492	-11.0485	-0.0256446	127.037	133.899	0.948756
5014	0.00506668	0.230357	86.0545	52.0542	-11.051	-0.0256437	127.032	133.895	0.948747
5015	0.0050676	0.23035	86.0468	52.0591	-11.0523	-0.0256427	127.028	133.89	0.948746
5016	0.00506852	0.230342	86.0392	52.0641	-11.0527	-0.0256418	127.025	133.886	0.948753
5017	0.00506944	0.230335	86.0315	52.069	-11.0524	-0.0256409	127.023	133.882	0.948765
5018	0.00507037	0.230328	86.0239	52.074	-11.0514	-0.0256399	127.021	133.878	0.948782
5019	0.00507129	0.230321	86.0162	52.0789	-11.0499	-0.025639	127.02	133.874	0.948803
5020	0.00507221	0.230313	86.0086	52.0839	-11.048	-0.0256381	127.019	133.869	0.948827
5021	0.00507313	0.230306	86.0009	52.0888	-11.0416	-0.0256373	127.022	133.865	0.948884
5022	0.00507405	0.230299	85.9932	52.0938	-11.0342	-0.0256366	127.027	133.861	0.948949
5023	0.00507497	0.230292	85.9856	52.0988	-11.0268	-0.0256358	127.032	133.857	0.949014
5024	0.00507589	0.230284	85.9779	52.1037	-11.0196	-0.025635	127.036	133.852	0.949078
5025	0.00507682	0.230277	85.9702	52.1087	-11.0126	-0.0256342	127.041	133.848	0.949139
5026	0.00507774	0.23027	85.9626	52.1136	-11.0061	-0.0256334	127.044	133.844	0.949198
5027	0.00507866	0.230263	85.9549	52.1186	-11	-0.0256328	127.048	133.84	0.949253
5028	0.00507958	0.230255	85.9473	52.1235	-10.9946	-0.0256321	127.051	133.836	0.949303
5029	0.0050805	0.230248	85.9396	52.1285	-10.9898	-0.0256316	127.053	133.831	0.949349
5030	0.00508142	0.230241	85.9319	52.1334	-10.9858	-0.025631	127.054	133.827	0.949388
5031	0.00508235	0.230234	85.9243	52.1384	-10.9825	-0.0256306	127.054	133.823	0.949422
5032	0.00508327	0.230226	85.9166	52.1433	-10.9802	-0.0256301	127.054	133.819	0.94945
5033	0.00508419	0.230219	85.909	52.1483	-10.9786	-0.0256297	127.053	133.815	0.949471
5034	0.00508511	0.230212	85.9013	52.1532	-10.978	-0.0256293	127.051	133.81	0.949485
5035	0.00508603	0.230205	85.8937	52.1581	-10.9783	-0.0256289	127.048	133.806	0.949493
5036	0.00508696	0.230197	85.886	52.1631	-10.9794	-0.0256285	127.044	133.802	0.949494
5037	0.00508788	0.23019	85.8784	52.168	-10.9813	-0.025628	127.039	133.798	0.94949
5038	0.0050888	0.230183	85.8708	52.1729	-10.9838	-0.0256276	127.034	133.793	0.94948
5039	0.00508972	0.230176	85.8632	52.1779	-10.9869	-0.0256271	127.028	133.789	0.949467
5040	0.00509064	0.230168	85.8555	52.1828	-10.9904	-0.0256266	127.022	133.785	0.94945
5041	0.00509156	0.230161	85.8479	52.1877	-10.9943	-0.0256261	127.016	133.781	0.949431
5042	0.00509249	0.230154	85.8403	52.1926	-10.9983	-0.0256255	127.009	133.777	0.949411
5043	0.00509341	0.230147	85.8327	52.1975	-11.0025	-0.0256249	127.002	133.772	0.949389
5044	0.00509433	0.23014	85.8251	52.2024	-11.0067	-0.0256243	126.995	133.768	0.949367
5045	0.00509525	0.230132	85.8175	52.2073	-11.0108	-0.0256236	126.988	133.764	0.949346
5046	0.00509617	0.230125	85.8099	52.2122	-11.0148	-0.025623	126.982	133.76	0.949326
5047	0.0050971	0.230118	85.8023	52.2171	-11.0185	-0.0256223	126.975	133.756	0.949308
5048	0.00509802	0.230111	85.7948	52.222	-11.0218	-0.0256216	126.969	133.752	0.949293
5049	0.00509894	0.230104	85.7872	52.2269	-11.0248	-0.0256209	126.964	133.747	0.94928
5050	0.00509986	0.230096	85.7796	52.2318	-11.0273	-0.0256202	126.959	133.743	0.949271
5051	0.00510078	0.230089	85.7721	52.2367	-11.0292	-0.0256195	126.954	133.739	0.949267
5052	0.0051017	0.230082	85.7646	52.2415	-11.0304	-0.0256188	126.95	133.735	0.949267
5053	0.00510263	0.230075	85.757	52.2464	-11.031	-0.0256181	126.947	133.731	0.949272
5054	0.00510355	0.230068	85.7495	52.2512	-11.0308	-0.0256174	126.944	133.726	0.949284
5055	0.00510447	0.230061	85.742	52.2561	-11.0298	-0.0256167	126.943	133.722	0.949301
5056	0.00510539	0.230053	85.7345	52.2609	-11.0281	-0.0256161	126.942	133.718	0.949323
5057	0.00510631	0.230046	85.727	52.2658	-11.0259	-0.0256154	126.941	133.714	0.949349
5058	0.00510723	0.230039	85.7195	52.2706	-11.0231	-0.0256147	126.941	133.71	0.949379
5059	0.00510816	0.230032	85.7121	52.2754	-11.0201	-0.0256141	126.942	133.706	0.949411
5060	0.00510908	0.230025	85.7046	52.2802	-11.0169	-0.0256134	126.942	133.702	0.949444
5061	0.00511	0.230018	85.6971	52.285	-11.0137	-0.0256128	126.943	133.698	0.949478
5062	0.00511092	0.230011	85.6897	52.2898	-11.0106	-0.0256121	126.943	133.693	0.949511
5063	0.00511184	0.230004	85.6823	52.2946	-11.0075	-0.0256115	126.944	133.689	0.949543
5064	0.00511276	0.229997	85.6749	52.2994	-11.0047	-0.0256109	126.944	133.685	0.949574
5065	0.00511369	0.22999	85.6675	52.3042	-11.0022	-0.0256103	126.944	133.681	0.949602
5066	0.00511461	0.229983	85.6601	52.3089	-11.0001	-0.0256097	126.943	133.677	0.949627
5067	0.00511553	0.229975	85.6527	52.3137	-10.9984	-0.0256092	126.942	133.673	0.94965
5068	0.00511645	0.229968	85.6454	52.3184	-10.9971	-0.0256086	126.941	133.669	0.949669
5069	0.00511737	0.229961	85.638	52.3232	-10.9962	-0.0256081	126.939	133.665	0.949684
5070	0.00511829	0.229954	85.6307	52.3279	-10.9959	-0.0256075	126.937	133.661	0.949697
5071	0.00511922	0.229948	85.6234	52.3326	-10.996	-0.025607	126.934	133.657	0.949705
5072	0.00512014	0.229941	85.6161	52.3373	-10.9965	-0.0256065	126.931	133.653	0.949711
5073	0.00512106	0.229934	85.6088	52.342	-10.9975	-0.0256059	126.928	133.649	0.949713
5074	0.00512198	0.229927	85.6015	52.3467	-10.9988	-0.0256054	126.924	133.645	0.949712
5075	0.0051229	0.22992	85.5942	52.3514	-11.0005	-0.0256048	126.919	133.64	0.949708
5076	0.00512383	0.229913	85.587	52.356	-11.0025	-0.0256043	126.915	133.636	0.949703
5077	0.00512475	0.229906	85.5798	52.3607	-11.0047	-0.0256037	126.91	133.632	0.949696
5078	0.00512567	0.229899	85.5726	52.3654	-11.0071	-0.0256032	126.905	133.628	0.949687
5079	0.00512659	0.229892	85.5654	52.37	-11.0095	-0.0256026	126.9	133.624	0.949678
5080	0.00512751	0.229885	85.5582	52.3746	-11.012	-0.025602	126.895	133.62	0.949669
5081	0.00512843	0.229878	85.551	52.3792	-11.0144	-0.0256014	126.89	133.617	0.94966
5082	0.00512936	0.229872	85.5439	52.3838	-11.0167	-0.0256007	126.885	133.613	0.949652
5083	0.00513028	0.229865	85.5368	52.3884	-11.0189	-0.0256001	126.881	133.609	0.949645
5084	0.0051312	0.229858	85.5297	52.393	-11.0208	-0.0255994	126.876	133.605	0.94964
5085	0.00513212	0.229851	85.5226	52.3976	-11.0226	-0.0255987	126.872	133.601	0.949635
5086	0.00513304	0.229845	85.5155	52.4021	-11.0242	-0.025598	126.868	133.597	0.949633
5087	0.00513397	0.229838	85.5085	52.4066	-11.0255	-0.0255973	126.864	133.593	0.949632
5088	0.00513489	0.229831	85.5015	52.4112	-11.0268	-0.0255966	126.86	133.589	0.949631
5089	0.00513581	0.229824	85.4945	52.4157	-11.0281	-0.0255959	126.856	133.585	0.949631
5090	0.00513673	0.229818	85.4875	52.4202	-11.0301	-0.0255951	126.852	133.581	0.949625
5091	0.00513765	0.229811	85.4805	52.4247	-11.0342	-0.0255942	126.845	133.577	0.949603
5092	0.00513857	0.229804	85.4736	52.4291	-11.0366	-0.0255933	126.84	133.573	0.949594
5093	0.0051395	0.229798	85.4666	52.4336	-11.0378	-0.0255925	126.837	133.57	0.949594
5094	0.00514042	0.229791	85.4597	52.438	-11.038	-0.0255916	126.834	133.566	0.949601
5095	0.00514134	0.229785	85.4529	52.4425	-11.0375	-0.0255908	126.832	133.562	0.949614
5096	0.00514226	0.229778	85.446	52.4469	-11.0365	-0.0255899	126.831	133.558	0.94963
5097	0.00514318	0.229771	85.4392	52.4513	-11.0351	-0.0255891	126.83	133.554	0.949649
5098	0.0051441	0.229765	85.4323	52.4557	-11.0334	-0.0255882	126.829	133.55	0.949671
5099	0.00514503	0.229758	85.4255	52.4601	-11.0276	-0.0255875	126.832	133.547	0.949723
5100	0.00514595	0.229752	85.4188	52.4644	-11.0206	-0.0255868	126.837	133.543	0.949784
5101	0.00514687	0.229745	85.412	52.4688	-11.0137	-0.0255861	126.841	133.539	0.949845
5102	0.00514779	0.229739	85.4053	52.4731	-11.007	-0.0255854	126.846	133.535	0.949904
5103	0.00514871	0.229733	85.3986	52.4774	-11.0006	-0.0255847	126.85	133.532	0.949961
5104	0.00514963	0.229726	85.3919	52.4817	-10.9945	-0.025584	126.854	133.528	0.950015
5105	0.00515056	0.22972	85.3853	52.486	-10.9889	-0.0255834	126.857	133.524	0.950065
5106	0.00515148	0.229713	85.3787	52.4902	-10.9839	-0.0255828	126.859	133.521	0.950111
5107	0.0051524	0.229707	85.3721	52.4945	-10.9795	-0.0255823	126.862	133.517	0.950153
5108	0.00515332	0.229701	85.3655	52.4987	-10.9757	-0.0255819	126.863	133.513	0.95019
5109	0.00515424	0.229695	85.359	52.5029	-10.9727	-0.0255815	126.864	133.51	0.950221
5110	0.00515516	0.229688	85.3524	52.5071	-10.9704	-0.0255811	126.864	133.506	0.950247
5111	0.00515609	0.229682	85.346	52.5113	-10.9689	-0.0255808	126.863	133.502	0.950267
5112	0.00515701	0.229676	85.3395	52.5154	-10.9681	-0.0255805	126.861	133.499	0.950281
5113	0.00515793	0.22967	85.3331	52.5196	-10.9682	-0.0255802	126.859	133.495	0.950288
5114	0.00515885	0.229664	85.3267	52.5237	-10.9691	-0.0255799	126.856	133.492	0.95029
5115	0.00515977	0.229657	85.3203	52.5278	-10.9706	-0.0255795	126.852	133.488	0.950287
5116	0.00516069	0.229651	85.3139	52.5319	-10.9728	-0.0255792	126.847	133.484	0.950279
5117	0.00516162	0.229645	85.3076	52.536	-10.9755	-0.0255788	126.843	133.481	0.950267
5118	0.00516254	0.229639	85.3013	52.54	-10.9785	-0.0255783	126.837	133.477	0.950252
5119	0.00516346	0.229633	85.295	52.5441	-10.9818	-0.0255779	126.832	133.474	0.950236
5120	0.00516438	0.229627	85.2888	52.5481	-10.9854	-0.0255774	126.826	133.47	0.950217
5121	0.0051653	0.229621	85.2825	52.5521	-10.989	-0.0255769	126.82	133.467	0.950198
5122	0.00516623	0.229615	85.2763	52.5561	-10.9927	-0.0255763	126.814	133.463	0.950179
5123	0.00516715	0.229609	85.2702	52.5601	-10.9962	-0.0255758	126.808	133.46	0.95016
5124	0.00516807	0.229603	85.264	52.564	-10.9996	-0.0255752	126.803	133.457	0.950143
5125	0.00516899	0.229597	85.2579	52.5679	-11.0027	-0.0255746	126.798	133.453	0.950127
5126	0.00516991	0.229592	85.2518	52.5719	-11.0055	-0.025574	126.793	133.45	0.950115
5127	0.00517083	0.229586	85.2457	52.5758	-11.0078	-0.0255733	126.788	133.446	0.950105
5128	0.00517176	0.22958	85.2397	52.5796	-11.0097	-0.0255727	126.784	133.443	0.950099
5129	0.00517268	0.229574	85.2337	52.5835	-11.011	-0.0255721	126.781	133.44	0.950097
5130	0.0051736	0.229568	85.2277	52.5874	-11.0117	-0.0255715	126.778	133.436	0.9501
5131	0.00517452	0.229563	85.2217	52.5912	-11.0119	-0.0255709	126.775	133.433	0.950106
5132	0.00517544	0.229557	85.2158	52.595	-11.0114	-0.0255703	126.774	133.43	0.950117
5133	0.00517636	0.229551	85.2099	52.5988	-11.0105	-0.0255697	126.773	133.426	0.950132
5134	0.00517729	0.229546	85.204	52.6026	-11.0091	-0.0255691	126.772	133.423	0.95015
5135	0.00517821	0.22954	85.1982	52.6063	-11.0072	-0.0255685	126.772	133.42	0.950172
5136	0.00517913	0.229534	85.1924	52.6101	-11.0051	-0.025568	126.772	133.417	0.950195
5137	0.00518005	0.229529	85.1866	52.6138	-11.0029	-0.0255674	126.772	133.413	0.95022
5138	0.00518097	0.229523	85.1808	52.6175	-11.0005	-0.0255668	126.772	133.41	0.950245
5139	0.00518189	0.229518	85.1751	52.6212	-10.998	-0.0255663	126.773	133.407	0.950271
5140	0.00518282	0.229512	85.1693	52.6249	-10.9957	-0.0255657	126.773	133.404	0.950296
5141	0.00518374	0.229507	85.1636	52.6285	-10.9934	-0.0255652	126.773	133.4	0.950321
5142	0.00518466	0.229501	85.158	52.6322	-10.9913	-0.0255646	126.773	133.397	0.950344
5143	0.00518558	0.229496	85.1524	52.6358	-10.9894	-0.0255641	126.773	133.394	0.950365
5144	0.0051865	0.229491	85.1467	52.6394	-10.9878	-0.0255636	126.773	133.391	0.950384
5145	0.00518742	0.229485	85.1412	52.643	-10.9865	-0.025563	126.772	133.388	0.950401
5146	0.00518834	0.22948	85.1356	52.6465	-10.9856	-0.0255625	126.771	133.385	0.950416
5147	0.00518927	0.229474	85.1301	52.6501	-10.9849	-0.025562	126.77	133.382	0.950428
5148	0.00519019	0.229469	85.1246	52.6536	-10.9846	-0.0255615	126.768	133.379	0.950438
5149	0.00519111	0.229464	85.1191	52.6572	-10.9846	-0.025561	126.766	133.376	0.950445
5150	0.00519203	0.229459	85.1137	52.6607	-10.9849	-0.0255606	126.764	133.372	0.95045
5151	0.00519295	0.229453	85.1082	52.6641	-10.9856	-0.0255601	126.761	133.369	0.950452
5152	0.00519387	0.229448	85.1029	52.6676	-10.9865	-0.0255596	126.758	133.366	0.950452
5153	0.0051948	0.229443	85.0975	52.671	-10.9876	-0.0255591	126.755	133.363	0.950451
5154	0.00519572	0.229438	85.0922	52.6745	-10.9889	-0.0255586	126.752	133.36	0.950448
5155	0.00519664	0.229433	85.0868	52.6779	-10.9903	-0.0255581	126.749	133.357	0.950444
5156	0.00519756	0.229428	85.0816	52.6813	-10.9918	-0.0255577	126.745	133.354	0.95044
5157	0.00519848	0.229423	85.0763	52.6847	-10.9934	-0.0255572	126.742	133.352	0.950436
5158	0.0051994	0.229418	85.0711	52.688	-10.9948	-0.0255567	126.739	133.349	0.950431
5159	0.00520033	0.229413	85.0659	52.6914	-10.9962	-0.0255561	126.735	133.346	0.950428
5160	0.00520125	0.229408	85.0607	52.6947	-10.9975	-0.0255556	126.732	133.343	0.950425
5161	0.00520217	0.229403	85.0555	52.698	-10.9985	-0.0255551	126.729	133.34	0.950424
5162	0.00520309	0.229398	85.0504	52.7013	-10.9992	-0.0255546	126.727	133.337	0.950425
5163	0.00520401	0.229393	85.0453	52.7046	-10.9997	-0.025554	126.725	133.334	0.950429
5164	0.00520494	0.229388	85.0402	52.7078	-10.9999	-0.0255535	126.723	133.331	0.950434
5165	0.00520586	0.229383	85.0352	52.7111	-10.9997	-0.0255529	126.721	133.328	0.950442
5166	0.00520678	0.229378	85.0301	52.7143	-10.9991	-0.0255523	126.72	133.326	0.950453
5167	0.0052077	0.229373	85.0252	52.7175	-10.9982	-0.0255518	126.719	133.323	0.950467
5168	0.00520862	0.229368	85.0202	52.7207	-10.9969	-0.0255512	126.718	133.32	0.950483
5169	0.00520954	0.229364	85.0152	52.7239	-10.9953	-0.0255507	126.718	133.317	0.950501
5170	0.00521046	0.229359	85.0103	52.727	-10.9936	-0.0255501	126.718	133.315	0.950521
5171	0.00521139	0.229354	85.0054	52.7302	-10.9916	-0.0255495	126.718	133.312	0.950542
5172	0.00521231	0.22935	85.0006	52.7333	-10.9896	-0.025549	126.719	133.309	0.950563
5173	0.00521323	0.229345	84.9958	52.7364	-10.9876	-0.0255484	126.719	133.306	0.950585
5174	0.00521415	0.22934	84.9909	52.7395	-10.9856	-0.0255479	126.719	133.304	0.950606
5175	0.00521507	0.229336	84.9862	52.7426	-10.9837	-0.0255474	126.719	133.301	0.950627
5176	0.00521599	0.229331	84.9814	52.7456	-10.9819	-0.0255469	126.72	133.298	0.950646
5177	0.00521692	0.229326	84.9767	52.7486	-10.9803	-0.0255464	126.719	133.296	0.950664
5178	0.00521784	0.229322	84.972	52.7517	-10.979	-0.0255459	126.719	133.293	0.950681
5179	0.00521876	0.229317	84.9673	52.7547	-10.9778	-0.0255454	126.719	133.29	0.950696
5180	0.00521968	0.229313	84.9626	52.7577	-10.977	-0.0255449	126.718	133.288	0.950708
5181	0.0052206	0.229308	84.958	52.7606	-10.9764	-0.0255445	126.717	133.285	0.950719
5182	0.00522152	0.229304	84.9534	52.7636	-10.976	-0.025544	126.715	133.283	0.950727
5183	0.00522244	0.2293	84.9488	52.7665	-10.976	-0.0255435	126.714	133.28	0.950734
5184	0.00522337	0.229295	84.9443	52.7695	-10.9762	-0.0255431	126.712	133.277	0.950738
5185	0.00522429	0.229291	84.9397	52.7724	-10.9766	-0.0255426	126.71	133.275	0.950741
5186	0.00522521	0.229286	84.9352	52.7753	-10.9772	-0.0255422	126.708	133.272	0.950742
5187	0.00522613	0.229282	84.9307	52.7781	-10.9781	-0.0255417	126.705	133.27	0.950742
5188	0.00522705	0.229278	84.9263	52.781	-10.979	-0.0255412	126.703	133.267	0.950741
5189	0.00522797	0.229274	84.9219	52.7838	-10.9801	-0.0255407	126.7	133.265	0.950738
5190	0.0052289	0.229269	84.9175	52.7867	-10.9813	-0.0255402	126.697	133.262	0.950736
5191	0.00522982	0.229265	84.9131	52.7895	-10.9824	-0.0255397	126.695	133.26	0.950733
5192	0.00523074	0.229261	84.9087	52.7923	-10.9835	-0.0255392	126.692	133.258	0.95073
5193	0.00523166	0.229257	84.9044	52.7951	-10.9846	-0.0255387	126.689	133.255	0.950728
5194	0.00523258	0.229252	84.9001	52.7978	-10.9855	-0.0255381	126.687	133.253	0.950727
5195	0.0052335	0.229248	84.8958	52.8006	-10.9862	-0.0255376	126.685	133.25	0.950727
5196	0.00523443	0.229244	84.8915	52.8033	-10.9868	-0.0255371	126.683	133.248	0.950728
5197	0.00523535	0.22924	84.8873	52.806	-10.9871	-0.0255365	126.681	133.245	0.950732
5198	0.00523627	0.229236	84.8831	52.8087	-10.9871	-0.025536	126.679	133.243	0.950737
5199	0.00523719	0.229232	84.8789	52.8114	-10.9869	-0.0255355	126.678	133.241	0.950745
5200	0.00523811	0.229228	84.8748	52.8141	-10.9863	-0.0255349	126.677	133.238	0.950754
5201	0.00523903	0.229224	84.8706	52.8167	-10.9855	-0.0255344	126.676	133.236	0.950766
5202	0.00523995	0.22922	84.8665	52.8194	-10.9844	-0.0255339	126.676	133.234	0.95078
5203	0.00524088	0.229216	84.8624	52.822	-10.983	-0.0255334	126.676	133.231	0.950795
5204	0.0052418	0.229212	84.8583	52.8246	-10.9815	-0.0255329	126.676	133.229	0.950812
5205	0.00524272	0.229208	84.8543	52.8272	-10.9799	-0.0255324	126.676	133.227	0.95083
5206	0.00524364	0.229204	84.8503	52.8298	-10.9781	-0.0255319	126.676	133.225	0.950848
5207	0.00524456	0.2292	84.8463	52.8324	-10.9763	-0.0255314	126.677	133.222	0.950867
5208	0.00524548	0.229197	84.8423	52.8349	-10.9746	-0.0255309	126.677	133.22	0.950885
5209	0.0052464	0.229193	84.8383	52.8375	-10.9729	-0.0255304	126.677	133.218	0.950903
5210	0.00524733	0.229189	84.8344	52.84	-10.9713	-0.02553	126.678	133.216	0.95092
5211	0.00524825	0.229185	84.8304	52.8425	-10.9699	-0.0255295	126.678	133.213	0.950936
5212	0.00524917	0.229181	84.8265	52.845	-10.9686	-0.0255291	126.677	133.211	0.950951
5213	0.00525009	0.229178	84.8226	52.8475	-10.9675	-0.0255286	126.677	133.209	0.950965
5214	0.00525101	0.229174	84.8187	52.85	-10.9666	-0.0255282	126.677	133.207	0.950976
5215	0.00525193	0.22917	84.8149	52.8525	-10.966	-0.0255278	126.676	133.205	0.950986
5216	0.00525286	0.229166	84.811	52.855	-10.9655	-0.0255273	126.675	133.203	0.950995
5217	0.00525378	0.229163	84.8072	52.8574	-10.9653	-0.0255269	126.674	133.2	0.951002
5218	0.0052547	0.229159	84.8034	52.8599	-10.9652	-0.0255265	126.673	133.198	0.951007
5219	0.00525562	0.229155	84.7996	52.8623	-10.9654	-0.025526	126.671	133.196	0.951011
5220	0.00525654	0.229152	84.7958	52.8647	-10.9657	-0.0255256	126.669	133.194	0.951014
5221	0.00525746	0.229148	84.7921	52.8672	-10.9662	-0.0255251	126.668	133.192	0.951015
5222	0.00525838	0.229144	84.7883	52.8696	-10.9667	-0.0255247	126.666	133.19	0.951016
5223	0.00525931	0.229141	84.7846	52.872	-10.9674	-0.0255242	126.664	133.188	0.951016
5224	0.00526023	0.229137	84.7808	52.8744	-10.9681	-0.0255237	126.662	133.186	0.951016
5225	0.00526115	0.229134	84.7771	52.8768	-10.9687	-0.0255232	126.66	133.184	0.951016
5226	0.00526207	0.22913	84.7734	52.8792	-10.9694	-0.0255228	126.658	133.181	0.951016
5227	0.00526299	0.229126	84.7697	52.8815	-10.9699	-0.0255223	126.656	133.179	0.951016
5228	0.00526391	0.229123	84.766	52.8839	-10.9704	-0.0255218	126.654	133.177	0.951018
5229	0.00526483	0.229119	84.7623	52.8863	-10.9707	-0.0255213	126.652	133.175	0.95102
5230	0.00526576	0.229116	84.7586	52.8886	-10.9709	-0.0255208	126.651	133.173	0.951024
5231	0.00526668	0.229112	84.755	52.891	-10.9708	-0.0255203	126.65	133.171	0.951029
5232	0.0052676	0.229109	84.7513	52.8933	-10.9706	-0.0255199	126.649	133.169	0.951036
5233	0.00526852	0.229105	84.7476	52.8957	-10.9701	-0.0255194	126.648	133.167	0.951045
5234	0.00526944	0.229102	84.744	52.898	-10.9694	-0.0255189	126.647	133.165	0.951055
5235	0.00527036	0.229098	84.7404	52.9004	-10.9685	-0.0255184	126.647	133.163	0.951066
5236	0.00527128	0.229095	84.7367	52.9027	-10.9674	-0.0255179	126.646	133.161	0.951079
5237	0.00527221	0.229091	84.7331	52.905	-10.9661	-0.0255174	126.646	133.159	0.951093
5238	0.00527313	0.229088	84.7295	52.9073	-10.9648	-0.025517	126.647	133.157	0.951109
5239	0.00527405	0.229084	84.7259	52.9097	-10.9633	-0.0255165	126.647	133.155	0.951125
5240	0.00527497	0.229081	84.7223	52.912	-10.9617	-0.025516	126.647	133.153	0.951141
5241	0.00527589	0.229077	84.7187	52.9143	-10.9602	-0.0255155	126.647	133.151	0.951158
5242	0.00527681	0.229074	84.7151	52.9166	-10.9586	-0.0255151	126.648	133.149	0.951174
5243	0.00527773	0.22907	84.7115	52.9189	-10.9571	-0.0255146	126.648	133.147	0.95119
5244	0.00527866	0.229067	84.7079	52.9212	-10.9557	-0.0255142	126.648	133.145	0.951206
5245	0.00527958	0.229063	84.7043	52.9236	-10.9544	-0.0255137	126.648	133.143	0.95122
5246	0.0052805	0.22906	84.7007	52.9259	-10.9532	-0.0255133	126.648	133.141	0.951234
5247	0.00528142	0.229056	84.6971	52.9282	-10.9521	-0.0255129	126.648	133.139	0.951247
5248	0.00528234	0.229053	84.6935	52.9305	-10.9512	-0.0255125	126.647	133.137	0.951259
5249	0.00528326	0.229049	84.6899	52.9328	-10.9504	-0.025512	126.647	133.135	0.951269
5250	0.00528418	0.229046	84.6863	52.9351	-10.9498	-0.0255116	126.646	133.133	0.951278
5251	0.0052851	0.229042	84.6827	52.9374	-10.9493	-0.0255112	126.645	133.13	0.951287
5252	0.00528603	0.229039	84.6791	52.9397	-10.949	-0.0255108	126.644	133.128	0.951294
5253	0.00528695	0.229035	84.6755	52.942	-10.9489	-0.0255104	126.643	133.126	0.9513
5254	0.00528787	0.229032	84.672	52.9443	-10.9488	-0.02551	126.642	133.124	0.951305
5255	0.00528879	0.229028	84.6684	52.9466	-10.9489	-0.0255096	126.641	133.122	0.951309
5256	0.00528971	0.229025	84.6648	52.9489	-10.9491	-0.0255091	126.639	133.12	0.951313
5257	0.00529063	0.229021	84.6612	52.9512	-10.9493	-0.0255087	126.638	133.118	0.951316
5258	0.00529155	0.229018	84.6576	52.9535	-10.9495	-0.0255083	126.636	133.116	0.951319
5259	0.00529248	0.229015	84.654	52.9559	-10.9498	-0.0255079	126.635	133.114	0.951322
5260	0.0052934	0.229011	84.6504	52.9582	-10.95	-0.0255075	126.633	133.112	0.951325
5261	0.00529432	0.229008	84.6468	52.9605	-10.9502	-0.025507	126.632	133.11	0.951328
5262	0.00529524	0.229004	84.6432	52.9628	-10.9502	-0.0255066	126.63	133.108	0.951333
5263	0.00529616	0.229001	84.6396	52.9651	-10.9502	-0.0255061	126.629	133.106	0.951338
5264	0.00529708	0.228997	84.636	52.9674	-10.95	-0.0255057	126.628	133.104	0.951344
5265	0.005298	0.228994	84.6323	52.9698	-10.9497	-0.0255052	126.627	133.102	0.951351
5266	0.00529892	0.22899	84.6287	52.9721	-10.9492	-0.0255048	126.626	133.1	0.95136
5267	0.00529985	0.228987	84.6251	52.9744	-10.9485	-0.0255043	126.626	133.098	0.95137
5268	0.00530077	0.228983	84.6215	52.9768	-10.9477	-0.0255039	126.625	133.096	0.951381
5269	0.00530169	0.22898	84.6178	52.9791	-10.9466	-0.0255035	126.625	133.094	0.951394
5270	0.00530261	0.228976	84.6142	52.9814	-10.9454	-0.025503	126.625	133.092	0.951407
5271	0.00530353	0.228973	84.6105	52.9838	-10.9441	-0.0255026	126.625	133.09	0.951422
5272	0.00530445	0.228969	84.6069	52.9861	-10.9427	-0.0255021	126.625	133.088	0.951438
5273	0.00530537	0.228965	84.6032	52.9885	-10.9412	-0.0255017	126.625	133.086	0.951454
5274	0.0053063	0.228962	84.5995	52.9909	-10.9396	-0.0255013	126.625	133.084	0.95147
5275	0.00530722	0.228958	84.5958	52.9932	-10.9381	-0.0255008	126.625	133.082	0.951487
5276	0.00530814	0.228955	84.5922	52.9956	-10.9365	-0.0255004	126.626	133.08	0.951504
5277	0.00530906	0.228951	84.5885	52.998	-10.935	-0.0255	126.626	133.078	0.95152
5278	0.00530998	0.228948	84.5847	53.0004	-10.9335	-0.0254996	126.626	133.075	0.951536
5279	0.0053109	0.228944	84.581	53.0027	-10.9322	-0.0254992	126.626	133.073	0.951551
5280	0.00531182	0.22894	84.5773	53.0051	-10.9309	-0.0254988	126.626	133.071	0.951566
5281	0.00531274	0.228937	84.5736	53.0075	-10.9298	-0.0254984	126.626	133.069	0.951579
5282	0.00531366	0.228933	84.5698	53.0099	-10.9288	-0.025498	126.625	133.067	0.951592
5283	0.00531459	0.22893	84.5661	53.0124	-10.9279	-0.0254976	126.625	133.065	0.951603
5284	0.00531551	0.228926	84.5623	53.0148	-10.9272	-0.0254972	126.624	133.063	0.951613
5285	0.00531643	0.228922	84.5585	53.0172	-10.9267	-0.0254969	126.624	133.061	0.951623
5286	0.00531735	0.228919	84.5547	53.0196	-10.9262	-0.0254965	126.623	133.059	0.951631
5287	0.00531827	0.228915	84.5509	53.0221	-10.9259	-0.0254961	126.622	133.056	0.951638
5288	0.00531919	0.228911	84.5471	53.0245	-10.9257	-0.0254957	126.62	133.054	0.951645
5289	0.00532011	0.228907	84.5433	53.027	-10.9256	-0.0254953	126.619	133.052	0.951651
5290	0.00532103	0.228904	84.5394	53.0295	-10.9255	-0.0254949	126.618	133.05	0.951657
5291	0.00532196	0.2289	84.5356	53.0319	-10.9255	-0.0254945	126.617	133.048	0.951662
5292	0.00532288	0.228896	84.5317	53.0344	-10.9255	-0.025494	126.615	133.046	0.951667
5293	0.0053238	0.228893	84.5279	53.0369	-10.9255	-0.0254936	126.614	133.043	0.951673
5294	0.00532472	0.228889	84.524	53.0394	-10.9254	-0.0254932	126.613	133.041	0.951679
5295	0.00532564	0.228885	84.5201	53.0419	-10.9252	-0.0254928	126.611	133.039	0.951685
5296	0.00532656	0.228881	84.5162	53.0444	-10.925	-0.0254923	126.61	133.037	0.951692
5297	0.00532748	0.228877	84.5122	53.0469	-10.9246	-0.0254919	126.609	133.035	0.9517
5298	0.0053284	0.228874	84.5083	53.0495	-10.9241	-0.0254915	126.608	133.032	0.951709
5299	0.00532933	0.22887	84.5044	53.052	-10.9235	-0.0254911	126.607	133.03	0.951719
5300	0.00533025	0.228866	84.5004	53.0546	-10.9226	-0.0254906	126.607	133.028	0.951731
5301	0.00533117	0.228862	84.4964	53.0571	-10.9217	-0.0254902	126.606	133.026	0.951743
5302	0.00533209	0.228858	84.4924	53.0597	-10.9206	-0.0254898	126.606	133.023	0.951757
5303	0.00533301	0.228854	84.4884	53.0623	-10.9193	-0.0254894	126.606	133.021	0.951772
5304	0.00533393	0.22885	84.4844	53.0649	-10.9179	-0.025489	126.606	133.019	0.951788
5305	0.00533485	0.228847	84.4803	53.0674	-10.9164	-0.0254885	126.606	133.017	0.951804
5306	0.00533577	0.228843	84.4763	53.0701	-10.9149	-0.0254881	126.606	133.014	0.951821
5307	0.00533669	0.228839	84.4722	53.0727	-10.9133	-0.0254877	126.606	133.012	0.951839
5308	0.00533762	0.228835	84.4681	53.0753	-10.9117	-0.0254874	126.606	133.01	0.951857
5309	0.00533854	0.228831	84.464	53.0779	-10.91	-0.025487	126.606	133.008	0.951874
5310	0.00533946	0.228827	84.4599	53.0806	-10.9085	-0.0254866	126.607	133.005	0.951892
5311	0.00534038	0.228823	84.4558	53.0832	-10.9069	-0.0254862	126.607	133.003	0.951909
5312	0.0053413	0.228819	84.4516	53.0859	-10.9055	-0.0254858	126.607	133.001	0.951925
5313	0.00534222	0.228815	84.4475	53.0886	-10.9041	-0.0254854	126.606	132.998	0.951941
5314	0.00534314	0.228811	84.4433	53.0912	-10.9028	-0.0254851	126.606	132.996	0.951956
5315	0.00534406	0.228807	84.4391	53.0939	-10.9016	-0.0254847	126.606	132.993	0.951971
5316	0.00534498	0.228803	84.4349	53.0967	-10.9006	-0.0254843	126.605	132.991	0.951984
5317	0.00534591	0.228798	84.4307	53.0994	-10.8996	-0.0254839	126.605	132.989	0.951997
5318	0.00534683	0.228794	84.4264	53.1021	-10.8988	-0.0254836	126.604	132.986	0.952009
5319	0.00534775	0.22879	84.4222	53.1048	-10.8981	-0.0254832	126.603	132.984	0.952021
5320	0.00534867	0.228786	84.4179	53.1076	-10.8974	-0.0254828	126.603	132.982	0.952031
5321	0.00534959	0.228782	84.4136	53.1103	-10.8968	-0.0254824	126.602	132.979	0.952041
5322	0.00535051	0.228778	84.4093	53.1131	-10.8963	-0.0254821	126.601	132.977	0.952051
5323	0.00535143	0.228773	84.405	53.1159	-10.8959	-0.0254817	126.599	132.974	0.95206
5324	0.00535235	0.228769	84.4006	53.1187	-10.8954	-0.0254813	126.598	132.972	0.95207
5325	0.00535327	0.228765	84.3963	53.1215	-10.895	-0.0254809	126.597	132.969	0.952079
5326	0.0053542	0.228761	84.3919	53.1243	-10.8945	-0.0254805	126.596	132.967	0.952088
5327	0.00535512	0.228757	84.3875	53.1271	-10.894	-0.0254801	126.595	132.964	0.952098
5328	0.00535604	0.228752	84.3831	53.1299	-10.8935	-0.0254797	126.594	132.962	0.952108
5329	0.00535696	0.228748	84.3787	53.1327	-10.8928	-0.0254794	126.593	132.959	0.952118
5330	0.00535788	0.228744	84.3743	53.1356	-10.8921	-0.025479	126.592	132.957	0.95213
5331	0.0053588	0.228739	84.3698	53.1385	-10.8913	-0.0254786	126.591	132.954	0.952142
5332	0.00535972	0.228735	84.3653	53.1413	-10.8904	-0.0254782	126.591	132.952	0.952154
5333	0.00536064	0.228731	84.3608	53.1442	-10.8894	-0.0254778	126.59	132.949	0.952168
5334	0.00536156	0.228726	84.3563	53.1471	-10.8883	-0.0254774	126.59	132.947	0.952182
5335	0.00536248	0.228722	84.3518	53.15	-10.8871	-0.025477	126.589	132.944	0.952198
5336	0.00536341	0.228718	84.3473	53.1529	-10.8858	-0.0254766	126.589	132.942	0.952214
5337	0.00536433	0.228713	84.3427	53.1559	-10.8844	-0.0254762	126.589	132.939	0.95223
5338	0.00536525	0.228709	84.3381	53.1588	-10.8829	-0.0254758	126.589	132.937	0.952248
5339	0.00536617	0.228704	84.3335	53.1618	-10.8814	-0.0254755	126.588	132.934	0.952265
5340	0.00536709	0.2287	84.3289	53.1647	-10.8799	-0.0254751	126.588	132.931	0.952283
5341	0.00536801	0.228695	84.3243	53.1677	-10.8783	-0.0254747	126.588	132.929	0.952301
5342	0.00536893	0.228691	84.3196	53.1707	-10.8767	-0.0254743	126.588	132.926	0.95232
5343	0.00536985	0.228686	84.3149	53.1737	-10.8751	-0.0254739	126.588	132.923	0.952338
5344	0.00537077	0.228682	84.3102	53.1767	-10.8736	-0.0254735	126.588	132.921	0.952356
5345	0.00537169	0.228677	84.3055	53.1798	-10.8721	-0.0254731	126.588	132.918	0.952373
5346	0.00537262	0.228672	84.3008	53.1828	-10.8706	-0.0254728	126.587	132.915	0.952391
5347	0.00537354	0.228668	84.296	53.1859	-10.8692	-0.0254724	126.587	132.913	0.952408
5348	0.00537446	0.228663	84.2912	53.1889	-10.8679	-0.025472	126.587	132.91	0.952424
5349	0.00537538	0.228658	84.2864	53.192	-10.8666	-0.0254717	126.586	132.907	0.95244
5350	0.0053763	0.228654	84.2816	53.1951	-10.8655	-0.0254713	126.586	132.905	0.952455
5351	0.00537722	0.228649	84.2768	53.1982	-10.8644	-0.0254709	126.585	132.902	0.95247
5352	0.00537814	0.228644	84.2719	53.2013	-10.8634	-0.0254706	126.584	132.899	0.952484
5353	0.00537906	0.22864	84.267	53.2045	-10.8624	-0.0254702	126.584	132.896	0.952498
5354	0.00537998	0.228635	84.2621	53.2076	-10.8615	-0.0254698	126.583	132.894	0.952511
5355	0.0053809	0.22863	84.2572	53.2108	-10.8607	-0.0254695	126.582	132.891	0.952524
5356	0.00538183	0.228625	84.2523	53.2139	-10.8599	-0.0254691	126.581	132.888	0.952537
5357	0.00538275	0.22862	84.2473	53.2171	-10.8591	-0.0254688	126.58	132.885	0.95255
5358	0.00538367	0.228616	84.2423	53.2203	-10.8584	-0.0254684	126.579	132.882	0.952562
5359	0.00538459	0.228611	84.2373	53.2235	-10.8576	-0.025468	126.578	132.88	0.952574
5360	0.00538551	0.228606	84.2323	53.2268	-10.8568	-0.0254677	126.577	132.877	0.952587
5361	0.00538643	0.228601	84.2272	53.23	-10.856	-0.0254673	126.576	132.874	0.9526
5362	0.00538735	0.228596	84.2222	53.2333	-10.8552	-0.0254669	126.575	132.871	0.952613
5363	0.00538827	0.228591	84.2171	53.2365	-10.8543	-0.0254666	126.574	132.868	0.952627
5364	0.00538919	0.228586	84.212	53.2398	-10.8534	-0.0254662	126.573	132.865	0.952641
5365	0.00539011	0.228581	84.2069	53.2431	-10.8523	-0.0254658	126.572	132.862	0.952656
5366	0.00539103	0.228576	84.2017	53.2464	-10.8512	-0.0254654	126.571	132.86	0.952671
5367	0.00539196	0.228571	84.1965	53.2497	-10.85	-0.0254651	126.571	132.857	0.952687
5368	0.00539288	0.228566	84.1913	53.253	-10.8487	-0.0254647	126.57	132.854	0.952704
5369	0.0053938	0.228561	84.1861	53.2564	-10.8473	-0.0254643	126.57	132.851	0.952721
5370	0.00539472	0.228556	84.1809	53.2597	-10.8458	-0.025464	126.569	132.848	0.95274
5371	0.00539564	0.228551	84.1757	53.2631	-10.8443	-0.0254636	126.569	132.845	0.952758
5372	0.00539656	0.228546	84.1704	53.2665	-10.8427	-0.0254632	126.569	132.842	0.952778
5373	0.00539748	0.228541	84.1651	53.2699	-10.841	-0.0254629	126.568	132.839	0.952797
5374	0.0053984	0.228535	84.1598	53.2733	-10.8393	-0.0254625	126.568	132.836	0.952817
5375	0.00539932	0.22853	84.1545	53.2767	-10.8376	-0.0254621	126.568	132.833	0.952837
5376	0.00540024	0.228525	84.1491	53.2801	-10.8359	-0.0254618	126.568	132.83	0.952858
5377	0.00540116	0.22852	84.1437	53.2836	-10.8342	-0.0254614	126.568	132.827	0.952878
5378	0.00540209	0.228515	84.1384	53.287	-10.8325	-0.0254611	126.567	132.824	0.952898
5379	0.00540301	0.228509	84.1329	53.2905	-10.8308	-0.0254608	126.567	132.821	0.952918
5380	0.00540393	0.228504	84.1275	53.294	-10.8292	-0.0254604	126.567	132.818	0.952937
5381	0.00540485	0.228499	84.1221	53.2975	-10.8277	-0.0254601	126.566	132.815	0.952956
5382	0.00540577	0.228493	84.1166	53.301	-10.8262	-0.0254597	126.566	132.811	0.952975
5383	0.00540669	0.228488	84.1111	53.3045	-10.8248	-0.0254594	126.565	132.808	0.952993
5384	0.00540761	0.228483	84.1056	53.308	-10.8235	-0.0254591	126.565	132.805	0.95301
5385	0.00540853	0.228477	84.1001	53.3116	-10.8222	-0.0254587	126.564	132.802	0.953027
5386	0.00540945	0.228472	84.0946	53.3151	-10.821	-0.0254584	126.563	132.799	0.953044
5387	0.00541037	0.228466	84.089	53.3187	-10.8199	-0.0254581	126.562	132.796	0.95306
5388	0.00541129	0.228461	84.0834	53.3223	-10.8188	-0.0254577	126.561	132.793	0.953076
5389	0.00541222	0.228456	84.0778	53.3259	-10.8178	-0.0254574	126.56	132.789	0.953091
5390	0.00541314	0.22845	84.0722	53.3295	-10.8168	-0.0254571	126.559	132.786	0.953106
5391	0.00541406	0.228445	84.0666	53.3331	-10.8158	-0.0254567	126.558	132.783	0.953121
5392	0.00541498	0.228439	84.0609	53.3367	-10.8148	-0.0254564	126.557	132.78	0.953136
5393	0.0054159	0.228434	84.0553	53.3403	-10.8139	-0.025456	126.556	132.777	0.953151
5394	0.00541682	0.228428	84.0496	53.344	-10.8129	-0.0254557	126.555	132.773	0.953167
5395	0.00541774	0.228423	84.0439	53.3476	-10.8119	-0.0254553	126.554	132.77	0.953182
5396	0.00541866	0.228417	84.0382	53.3513	-10.8108	-0.0254549	126.553	132.767	0.953198
5397	0.00541958	0.228411	84.0325	53.355	-10.8097	-0.0254546	126.552	132.764	0.953214
5398	0.0054205	0.228406	84.0267	53.3587	-10.8085	-0.0254542	126.551	132.761	0.953231
5399	0.00542142	0.2284	84.0209	53.3623	-10.8072	-0.0254539	126.551	132.757	0.953248
5400	0.00542234	0.228395	84.0152	53.3661	-10.8059	-0.0254535	126.55	132.754	0.953266
5401	0.00542327	0.228389	84.0094	53.3698	-10.8045	-0.0254532	126.549	132.751	0.953285
5402	0.00542419	0.228383	84.0036	53.3735	-10.803	-0.0254528	126.549	132.747	0.953304
5403	0.00542511	0.228378	83.9977	53.3772	-10.8015	-0.0254525	126.548	132.744	0.953323
5404	0.00542603	0.228372	83.9919	53.381	-10.7999	-0.0254521	126.548	132.741	0.953344
5405	0.00542695	0.228366	83.986	53.3847	-10.7982	-0.0254518	126.547	132.737	0.953364
5406	0.00542787	0.22836	83.9802	53.3885	-10.7965	-0.0254514	126.547	132.734	0.953385
5407	0.00542879	0.228355	83.9743	53.3923	-10.7948	-0.0254511	126.546	132.731	0.953406
5408	0.00542971	0.228349	83.9684	53.396	-10.793	-0.0254508	126.546	132.727	0.953427
5409	0.00543063	0.228343	83.9625	53.3998	-10.7913	-0.0254505	126.546	132.724	0.953449
5410	0.00543155	0.228337	83.9565	53.4036	-10.7895	-0.0254501	126.545	132.721	0.95347
5411	0.00543247	0.228332	83.9506	53.4074	-10.7878	-0.0254498	126.545	132.717	0.953491
5412	0.00543339	0.228326	83.9447	53.4113	-10.7861	-0.0254495	126.544	132.714	0.953512
5413	0.00543432	0.22832	83.9387	53.4151	-10.7845	-0.0254492	126.544	132.711	0.953532
5414	0.00543524	0.228314	83.9327	53.4189	-10.7829	-0.0254489	126.543	132.707	0.953553
5415	0.00543616	0.228308	83.9267	53.4228	-10.7814	-0.0254486	126.543	132.704	0.953572
5416	0.00543708	0.228302	83.9207	53.4266	-10.7799	-0.0254483	126.542	132.7	0.953592
5417	0.005438	0.228296	83.9147	53.4305	-10.7785	-0.0254479	126.541	132.697	0.953611
5418	0.00543892	0.22829	83.9086	53.4343	-10.7771	-0.0254476	126.54	132.693	0.953629
5419	0.00543984	0.228285	83.9026	53.4382	-10.7758	-0.0254473	126.54	132.69	0.953647
5420	0.00544076	0.228279	83.8965	53.4421	-10.7746	-0.025447	126.539	132.687	0.953665
5421	0.00544168	0.228273	83.8904	53.446	-10.7734	-0.0254467	126.538	132.683	0.953683
5422	0.0054426	0.228267	83.8843	53.4499	-10.7722	-0.0254464	126.537	132.68	0.9537
5423	0.00544352	0.228261	83.8782	53.4538	-10.771	-0.0254461	126.536	132.676	0.953717
5424	0.00544444	0.228255	83.8721	53.4578	-10.7699	-0.0254458	126.534	132.673	0.953734
5425	0.00544537	0.228249	83.8659	53.4617	-10.7688	-0.0254455	126.533	132.669	0.953751
5426	0.00544629	0.228243	83.8598	53.4656	-10.7677	-0.0254452	126.532	132.666	0.953768
5427	0.00544721	0.228237	83.8536	53.4696	-10.7666	-0.0254449	126.531	132.662	0.953785
5428	0.00544813	0.228231	83.8474	53.4735	-10.7654	-0.0254446	126.53	132.659	0.953802
5429	0.00544905	0.228225	83.8412	53.4775	-10.7642	-0.0254443	126.529	132.655	0.953819
5430	0.00544997	0.228219	83.835	53.4815	-10.763	-0.025444	126.528	132.652	0.953837
5431	0.00545089	0.228212	83.8288	53.4855	-10.7618	-0.0254437	126.527	132.648	0.953855
5432	0.00545181	0.228206	83.8226	53.4894	-10.7605	-0.0254434	126.526	132.645	0.953873
5433	0.00545273	0.2282	83.8163	53.4934	-10.7591	-0.0254431	126.525	132.641	0.953892
5434	0.00545365	0.228194	83.8101	53.4975	-10.7577	-0.0254428	126.524	132.637	0.953911
5435	0.00545457	0.228188	83.8038	53.5015	-10.7563	-0.0254425	126.524	132.634	0.953931
5436	0.00545549	0.228182	83.7975	53.5055	-10.7548	-0.0254423	126.523	132.63	0.953951
5437	0.00545642	0.228176	83.7912	53.5095	-10.7532	-0.025442	126.522	132.627	0.953971
5438	0.00545734	0.228169	83.7849	53.5136	-10.7516	-0.0254417	126.521	132.623	0.953992
5439	0.00545826	0.228163	83.7786	53.5176	-10.75	-0.0254414	126.521	132.62	0.954013
5440	0.00545918	0.228157	83.7723	53.5217	-10.7484	-0.0254411	126.52	132.616	0.954034
5441	0.0054601	0.228151	83.7659	53.5257	-10.7467	-0.0254408	126.519	132.612	0.954055
5442	0.00546102	0.228145	83.7596	53.5298	-10.7451	-0.0254405	126.519	132.609	0.954076
5443	0.00546194	0.228138	83.7532	53.5339	-10.7435	-0.0254402	126.518	132.605	0.954097
5444	0.00546286	0.228132	83.7469	53.5379	-10.7418	-0.02544	126.518	132.601	0.954118
5445	0.00546378	0.228126	83.7405	53.542	-10.7402	-0.0254397	126.517	132.598	0.954139
5446	0.0054647	0.22812	83.7341	53.5461	-10.7387	-0.0254394	126.516	132.594	0.95416
5447	0.00546562	0.228113	83.7277	53.5502	-10.7372	-0.0254391	126.515	132.591	0.95418
5448	0.00546654	0.228107	83.7213	53.5543	-10.7357	-0.0254389	126.514	132.587	0.9542
5449	0.00546746	0.228101	83.7148	53.5584	-10.7342	-0.0254386	126.514	132.583	0.95422
5450	0.00546839	0.228094	83.7084	53.5625	-10.7329	-0.0254383	126.513	132.58	0.954239
5451	0.00546931	0.228088	83.702	53.5667	-10.7315	-0.0254381	126.512	132.576	0.954258
5452	0.00547023	0.228082	83.6955	53.5708	-10.7303	-0.0254378	126.511	132.572	0.954277
5453	0.00547115	0.228075	83.6891	53.5749	-10.729	-0.0254376	126.509	132.569	0.954295
5454	0.00547207	0.228069	83.6826	53.5791	-10.7279	-0.0254373	126.508	132.565	0.954313
5455	0.00547299	0.228063	83.6761	53.5832	-10.7267	-0.025437	126.507	132.561	0.95433
5456	0.00547391	0.228056	83.6696	53.5873	-10.7257	-0.0254368	126.506	132.557	0.954348
5457	0.00547483	0.22805	83.6632	53.5915	-10.7246	-0.0254365	126.505	132.554	0.954365
5458	0.00547575	0.228044	83.6567	53.5956	-10.7235	-0.0254363	126.503	132.55	0.954382
5459	0.00547667	0.228037	83.6502	53.5998	-10.7225	-0.025436	126.502	132.546	0.954398
5460	0.00547759	0.228031	83.6437	53.604	-10.7215	-0.0254358	126.501	132.543	0.954415
5461	0.00547851	0.228025	83.6372	53.6081	-10.7205	-0.0254355	126.499	132.539	0.954432
5462	0.00547943	0.228018	83.6307	53.6123	-10.7194	-0.0254353	126.498	132.535	0.954449
5463	0.00548036	0.228012	83.6241	53.6164	-10.7183	-0.025435	126.497	132.531	0.954466
5464	0.00548128	0.228005	83.6176	53.6206	-10.7172	-0.0254348	126.496	132.528	0.954484
5465	0.0054822	0.227999	83.6111	53.6248	-10.7161	-0.0254345	126.494	132.524	0.954501
5466	0.00548312	0.227992	83.6046	53.6289	-10.7149	-0.0254343	126.493	132.52	0.954519
5467	0.00548404	0.227986	83.5981	53.6331	-10.7137	-0.025434	126.492	132.517	0.954538
5468	0.00548496	0.22798	83.5915	53.6373	-10.7124	-0.0254338	126.491	132.513	0.954557
5469	0.00548588	0.227973	83.585	53.6415	-10.711	-0.0254335	126.49	132.509	0.954576
5470	0.0054868	0.227967	83.5785	53.6456	-10.7096	-0.0254333	126.489	132.505	0.954596
5471	0.00548772	0.22796	83.5719	53.6498	-10.7082	-0.0254331	126.488	132.502	0.954616
5472	0.00548864	0.227954	83.5654	53.654	-10.7067	-0.0254328	126.487	132.498	0.954636
5473	0.00548956	0.227948	83.5589	53.6582	-10.7052	-0.0254326	126.486	132.494	0.954657
5474	0.00549048	0.227941	83.5523	53.6623	-10.7036	-0.0254324	126.486	132.49	0.954678
5475	0.0054914	0.227935	83.5458	53.6665	-10.7021	-0.0254321	126.485	132.487	0.954699
5476	0.00549233	0.227928	83.5393	53.6707	-10.7005	-0.0254319	126.484	132.483	0.954719
5477	0.00549325	0.227922	83.5327	53.6749	-10.699	-0.0254317	126.483	132.479	0.95474
5478	0.00549417	0.227915	83.5262	53.679	-10.6974	-0.0254315	126.482	132.475	0.954761
5479	0.00549509	0.227909	83.5197	53.6832	-10.6959	-0.0254313	126.482	132.472	0.954781
5480	0.00549601	0.227902	83.5131	53.6874	-10.6945	-0.0254311	126.481	132.468	0.954802
5481	0.00549693	0.227896	83.5066	53.6916	-10.6931	-0.0254308	126.48	132.464	0.954821
5482	0.00549785	0.22789	83.5001	53.6957	-10.6917	-0.0254306	126.479	132.46	0.954841
5483	0.00549877	0.227883	83.4936	53.6999	-10.6905	-0.0254304	126.478	132.457	0.954859
5484	0.00549969	0.227877	83.487	53.7041	-10.6893	-0.0254302	126.476	132.453	0.954878
5485	0.00550061	0.22787	83.4805	53.7082	-10.6881	-0.02543	126.475	132.449	0.954895
5486	0.00550153	0.227864	83.474	53.7124	-10.687	-0.0254298	126.474	132.446	0.954913
5487	0.00550245	0.227857	83.4675	53.7165	-10.686	-0.0254296	126.473	132.442	0.954929
5488	0.00550337	0.227851	83.461	53.7207	-10.6851	-0.0254294	126.471	132.438	0.954946
5489	0.00550429	0.227845	83.4545	53.7248	-10.6842	-0.0254292	126.47	132.434	0.954961
5490	0.00550522	0.227838	83.448	53.729	-10.6834	-0.025429	126.468	132.431	0.954977
5491	0.00550614	0.227832	83.4415	53.7331	-10.6826	-0.0254288	126.467	132.427	0.954992
5492	0.00550706	0.227825	83.435	53.7373	-10.6818	-0.0254285	126.465	132.423	0.955007
5493	0.00550798	0.227819	83.4286	53.7414	-10.6811	-0.0254283	126.463	132.419	0.955022
5494	0.0055089	0.227813	83.4221	53.7455	-10.6803	-0.0254281	126.462	132.416	0.955037
5495	0.00550982	0.227806	83.4156	53.7497	-10.6796	-0.0254279	126.46	132.412	0.955051
5496	0.00551074	0.2278	83.4092	53.7538	-10.6788	-0.0254277	126.459	132.408	0.955066
5497	0.00551166	0.227793	83.4027	53.7579	-10.678	-0.0254275	126.457	132.405	0.955081
5498	0.00551258	0.227787	83.3963	53.762	-10.6772	-0.0254273	126.456	132.401	0.955097
5499	0.0055135	0.227781	83.3898	53.7661	-10.6763	-0.025427	126.454	132.397	0.955113
5500	0.00551442	0.227774	83.3834	53.7702	-10.6753	-0.0254268	126.453	132.394	0.955129
5501	0.00551534	0.227768	83.377	53.7743	-10.6743	-0.0254266	126.452	132.39	0.955145
5502	0.00551626	0.227762	83.3705	53.7784	-10.6733	-0.0254264	126.45	132.386	0.955163
5503	0.00551718	0.227755	83.3641	53.7825	-10.6721	-0.0254262	126.449	132.382	0.95518
5504	0.00551811	0.227749	83.3577	53.7866	-10.671	-0.025426	126.448	132.379	0.955198
5505	0.00551903	0.227743	83.3514	53.7907	-10.6697	-0.0254257	126.447	132.375	0.955216
5506	0.00551995	0.227736	83.345	53.7947	-10.6684	-0.0254255	126.446	132.371	0.955235
5507	0.00552087	0.22773	83.3386	53.7988	-10.6671	-0.0254253	126.445	132.368	0.955254
5508	0.00552179	0.227724	83.3323	53.8029	-10.6658	-0.0254251	126.444	132.364	0.955273
5509	0.00552271	0.227718	83.3259	53.8069	-10.6644	-0.0254249	126.443	132.36	0.955292
5510	0.00552363	0.227711	83.3196	53.8109	-10.6631	-0.0254247	126.442	132.357	0.955311
5511	0.00552455	0.227705	83.3133	53.815	-10.6618	-0.0254245	126.441	132.353	0.95533
5512	0.00552547	0.227699	83.307	53.819	-10.6605	-0.0254243	126.44	132.35	0.955349
5513	0.00552639	0.227693	83.3007	53.823	-10.6592	-0.0254241	126.439	132.346	0.955368
5514	0.00552731	0.227686	83.2944	53.827	-10.658	-0.0254239	126.438	132.342	0.955386
5515	0.00552823	0.22768	83.2881	53.831	-10.6568	-0.0254238	126.437	132.339	0.955403
5516	0.00552915	0.227674	83.2818	53.835	-10.6557	-0.0254236	126.436	132.335	0.95542
5517	0.00553007	0.227668	83.2756	53.839	-10.6547	-0.0254234	126.434	132.332	0.955437
5518	0.005531	0.227662	83.2694	53.843	-10.6538	-0.0254232	126.433	132.328	0.955453
5519	0.00553192	0.227655	83.2631	53.8469	-10.6529	-0.025423	126.432	132.324	0.955469
5520	0.00553284	0.227649	83.2569	53.8509	-10.6521	-0.0254228	126.43	132.321	0.955484
5521	0.00553376	0.227643	83.2508	53.8548	-10.6513	-0.0254227	126.429	132.317	0.955498
5522	0.00553468	0.227637	83.2446	53.8588	-10.6506	-0.0254225	126.427	132.314	0.955512
5523	0.0055356	0.227631	83.2384	53.8627	-10.65	-0.0254223	126.426	132.31	0.955526
5524	0.00553652	0.227625	83.2323	53.8666	-10.6494	-0.0254221	126.424	132.307	0.955539
5525	0.00553744	0.227619	83.2262	53.8705	-10.6489	-0.0254219	126.422	132.303	0.955552
5526	0.00553836	0.227613	83.22	53.8744	-10.6484	-0.0254218	126.421	132.3	0.955564
5527	0.00553928	0.227607	83.2139	53.8783	-10.6479	-0.0254216	126.419	132.296	0.955577
5528	0.0055402	0.227601	83.2079	53.8822	-10.6473	-0.0254214	126.417	132.293	0.955589
5529	0.00554112	0.227595	83.2018	53.886	-10.6468	-0.0254212	126.416	132.289	0.955602
5530	0.00554204	0.227589	83.1958	53.8899	-10.6463	-0.025421	126.414	132.286	0.955614
5531	0.00554296	0.227583	83.1897	53.8937	-10.6457	-0.0254208	126.412	132.282	0.955627
5532	0.00554389	0.227577	83.1837	53.8976	-10.6451	-0.0254206	126.411	132.279	0.955641
5533	0.00554481	0.227571	83.1778	53.9014	-10.6444	-0.0254204	126.409	132.275	0.955654
5534	0.00554573	0.227565	83.1718	53.9052	-10.6437	-0.0254202	126.408	132.272	0.955669
5535	0.00554665	0.227559	83.1659	53.9089	-10.6428	-0.02542	126.407	132.268	0.955683
5536	0.00554757	0.227553	83.1599	53.9127	-10.642	-0.0254198	126.405	132.265	0.955698
5537	0.00554849	0.227547	83.154	53.9165	-10.641	-0.0254196	126.404	132.261	0.955714
5538	0.00554941	0.227541	83.1482	53.9202	-10.64	-0.0254194	126.403	132.258	0.95573
5539	0.00555033	0.227535	83.1423	53.924	-10.6389	-0.0254192	126.402	132.255	0.955747
5540	0.00555125	0.22753	83.1365	53.9277	-10.6377	-0.025419	126.401	132.251	0.955764
5541	0.00555217	0.227524	83.1307	53.9314	-10.6365	-0.0254188	126.4	132.248	0.955781
5542	0.00555309	0.227518	83.1249	53.9351	-10.6353	-0.0254186	126.399	132.245	0.955799
5543	0.00555401	0.227512	83.1191	53.9387	-10.634	-0.0254184	126.398	132.241	0.955817
5544	0.00555493	0.227507	83.1133	53.9424	-10.6328	-0.0254182	126.398	132.238	0.955834
5545	0.00555585	0.227501	83.1076	53.9461	-10.6316	-0.0254181	126.397	132.235	0.955852
5546	0.00555677	0.227495	83.1019	53.9497	-10.6304	-0.0254179	126.396	132.231	0.955869
5547	0.0055577	0.22749	83.0962	53.9533	-10.6292	-0.0254177	126.395	132.228	0.955886
5548	0.00555862	0.227484	83.0905	53.9569	-10.6281	-0.0254175	126.394	132.225	0.955902
5549	0.00555954	0.227478	83.0849	53.9605	-10.6271	-0.0254173	126.393	132.221	0.955918
5550	0.00556046	0.227473	83.0792	53.9641	-10.6262	-0.0254172	126.392	132.218	0.955933
5551	0.00556138	0.227467	83.0736	53.9677	-10.6253	-0.025417	126.391	132.215	0.955948
5552	0.0055623	0.227462	83.068	53.9712	-10.6246	-0.0254168	126.389	132.212	0.955961
5553	0.00556322	0.227456	83.0625	53.9748	-10.6239	-0.0254167	126.388	132.209	0.955974
5554	0.00556414	0.227451	83.0569	53.9783	-10.6234	-0.0254165	126.386	132.205	0.955986
5555	0.00556506	0.227445	83.0514	53.9818	-10.6229	-0.0254163	126.385	132.202	0.955998
5556	0.00556598	0.22744	83.0459	53.9853	-10.6225	-0.0254162	126.383	132.199	0.956009
5557	0.0055669	0.227434	83.0405	53.9888	-10.6222	-0.025416	126.382	132.196	0.956019
5558	0.00556782	0.227429	83.035	53.9923	-10.622	-0.0254159	126.38	132.193	0.956028
5559	0.00556874	0.227423	83.0296	53.9957	-10.6218	-0.0254157	126.378	132.189	0.956038
5560	0.00556966	0.227418	83.0242	53.9992	-10.6216	-0.0254155	126.376	132.186	0.956046
5561	0.00557058	0.227413	83.0188	54.0026	-10.6215	-0.0254153	126.374	132.183	0.956055
5562	0.0055715	0.227407	83.0134	54.006	-10.6214	-0.0254152	126.373	132.18	0.956064
5563	0.00557243	0.227402	83.0081	54.0094	-10.6213	-0.025415	126.371	132.177	0.956072
5564	0.00557335	0.227397	83.0028	54.0128	-10.6211	-0.0254148	126.369	132.174	0.956081
5565	0.00557427	0.227391	82.9975	54.0161	-10.6209	-0.0254146	126.367	132.171	0.956091
5566	0.00557519	0.227386	82.9922	54.0195	-10.6206	-0.0254144	126.366	132.168	0.9561
5567	0.00557611	0.227381	82.987	54.0228	-10.6202	-0.0254143	126.364	132.165	0.956111
5568	0.00557703	0.227376	82.9818	54.0262	-10.6197	-0.0254141	126.363	132.162	0.956122
5569	0.00557795	0.227371	82.9766	54.0295	-10.6192	-0.0254139	126.361	132.159	0.956134
5570	0.00557887	0.227365	82.9714	54.0327	-10.6185	-0.0254137	126.36	132.156	0.956146
5571	0.00557979	0.22736	82.9663	54.036	-10.6177	-0.0254135	126.359	132.153	0.956159
5572	0.00558071	0.227355	82.9612	54.0393	-10.6169	-0.0254133	126.358	132.15	0.956173
5573	0.00558163	0.22735	82.9561	54.0425	-10.6159	-0.0254132	126.357	132.147	0.956188
5574	0.00558255	0.227345	82.951	54.0457	-10.6149	-0.025413	126.356	132.144	0.956203
5575	0.00558347	0.22734	82.9459	54.0489	-10.6137	-0.0254128	126.356	132.141	0.956219
5576	0.00558439	0.227335	82.9409	54.0521	-10.6126	-0.0254126	126.355	132.138	0.956235
5577	0.00558531	0.22733	82.9359	54.0553	-10.6114	-0.0254125	126.354	132.135	0.956251
5578	0.00558623	0.227325	82.931	54.0585	-10.6102	-0.0254123	126.354	132.132	0.956267
5579	0.00558716	0.22732	82.926	54.0616	-10.609	-0.0254122	126.353	132.129	0.956283
5580	0.00558808	0.227315	82.9211	54.0647	-10.6079	-0.025412	126.353	132.127	0.956299
5581	0.005589	0.22731	82.9162	54.0678	-10.6068	-0.0254118	126.352	132.124	0.956314
5582	0.00558992	0.227305	82.9114	54.0709	-10.6058	-0.0254117	126.351	132.121	0.956329
5583	0.00559084	0.227301	82.9065	54.074	-10.6049	-0.0254115	126.35	132.118	0.956343
5584	0.00559176	0.227296	82.9017	54.0771	-10.6041	-0.0254114	126.349	132.115	0.956356
5585	0.00559268	0.227291	82.897	54.0801	-10.6034	-0.0254113	126.348	132.113	0.956368
5586	0.0055936	0.227286	82.8922	54.0831	-10.6028	-0.0254111	126.347	132.11	0.956379
5587	0.00559452	0.227282	82.8875	54.0861	-10.6024	-0.025411	126.346	132.107	0.956389
5588	0.00559544	0.227277	82.8828	54.0891	-10.602	-0.0254108	126.344	132.104	0.956399
5589	0.00559636	0.227272	82.8781	54.0921	-10.6018	-0.0254107	126.343	132.102	0.956407
5590	0.00559728	0.227268	82.8735	54.095	-10.6017	-0.0254105	126.341	132.099	0.956415
5591	0.0055982	0.227263	82.8688	54.098	-10.6016	-0.0254104	126.34	132.096	0.956422
5592	0.00559912	0.227258	82.8643	54.1009	-10.6017	-0.0254102	126.338	132.094	0.956428
5593	0.00560004	0.227254	82.8597	54.1038	-10.6018	-0.0254101	126.336	132.091	0.956434
5594	0.00560096	0.227249	82.8552	54.1067	-10.602	-0.0254099	126.334	132.088	0.956439
5595	0.00560188	0.227245	82.8507	54.1095	-10.6022	-0.0254097	126.333	132.086	0.956444
5596	0.0056028	0.22724	82.8462	54.1124	-10.6024	-0.0254096	126.331	132.083	0.956449
5597	0.00560373	0.227236	82.8417	54.1152	-10.6026	-0.0254094	126.329	132.081	0.956454
5598	0.00560465	0.227231	82.8373	54.118	-10.6027	-0.0254092	126.327	132.078	0.956459
5599	0.00560557	0.227227	82.8329	54.1208	-10.6028	-0.025409	126.325	132.075	0.956465
5600	0.00560649	0.227223	82.8286	54.1236	-10.6028	-0.0254088	126.324	132.073	0.956471
5601	0.00560741	0.227218	82.8242	54.1263	-10.6028	-0.0254087	126.322	132.07	0.956478
5602	0.00560833	0.227214	82.8199	54.1291	-10.6026	-0.0254085	126.321	132.068	0.956486
5603	0.00560925	0.22721	82.8157	54.1318	-10.6023	-0.0254083	126.32	132.065	0.956494
5604	0.00561017	0.227206	82.8114	54.1345	-10.6018	-0.0254081	126.319	132.063	0.956504
5605	0.00561109	0.227201	82.8072	54.1371	-10.6013	-0.0254079	126.318	132.06	0.956514
5606	0.00561201	0.227197	82.803	54.1398	-10.6006	-0.0254077	126.317	132.058	0.956525
5607	0.00561293	0.227193	82.7988	54.1425	-10.5998	-0.0254075	126.316	132.056	0.956537
5608	0.00561385	0.227189	82.7947	54.1451	-10.5989	-0.0254073	126.315	132.053	0.95655
5609	0.00561477	0.227185	82.7906	54.1477	-10.5979	-0.0254071	126.315	132.051	0.956564
5610	0.00561569	0.227181	82.7865	54.1503	-10.5969	-0.0254069	126.315	132.048	0.956577
5611	0.00561661	0.227177	82.7825	54.1528	-10.5958	-0.0254068	126.314	132.046	0.956592
5612	0.00561753	0.227173	82.7785	54.1554	-10.5947	-0.0254066	126.314	132.044	0.956606
5613	0.00561845	0.227169	82.7745	54.1579	-10.5936	-0.0254064	126.313	132.041	0.95662
5614	0.00561937	0.227165	82.7705	54.1605	-10.5925	-0.0254062	126.313	132.039	0.956633
5615	0.0056203	0.227161	82.7666	54.163	-10.5915	-0.0254061	126.313	132.037	0.956647
5616	0.00562122	0.227157	82.7626	54.1654	-10.5906	-0.0254059	126.312	132.035	0.956659
5617	0.00562214	0.227153	82.7588	54.1679	-10.5898	-0.0254058	126.311	132.032	0.956671
5618	0.00562306	0.227149	82.7549	54.1704	-10.5891	-0.0254056	126.311	132.03	0.956682
5619	0.00562398	0.227145	82.7511	54.1728	-10.5886	-0.0254055	126.31	132.028	0.956692
5620	0.0056249	0.227141	82.7473	54.1752	-10.5881	-0.0254053	126.309	132.026	0.956701
5621	0.00562582	0.227138	82.7435	54.1776	-10.5878	-0.0254052	126.308	132.023	0.956709
5622	0.00562674	0.227134	82.7398	54.18	-10.5876	-0.0254051	126.307	132.021	0.956715
5623	0.00562766	0.22713	82.7361	54.1823	-10.5875	-0.0254049	126.305	132.019	0.956721
5624	0.00562858	0.227126	82.7324	54.1847	-10.5876	-0.0254048	126.304	132.017	0.956726
5625	0.0056295	0.227123	82.7287	54.187	-10.5878	-0.0254047	126.303	132.015	0.95673
5626	0.00563042	0.227119	82.7251	54.1893	-10.588	-0.0254045	126.301	132.013	0.956733
5627	0.00563134	0.227116	82.7215	54.1916	-10.5884	-0.0254044	126.299	132.011	0.956736
5628	0.00563226	0.227112	82.7179	54.1939	-10.5888	-0.0254042	126.298	132.008	0.956738
5629	0.00563318	0.227108	82.7144	54.1961	-10.5892	-0.025404	126.296	132.006	0.95674
5630	0.0056341	0.227105	82.7108	54.1983	-10.5896	-0.0254039	126.294	132.004	0.956742
5631	0.00563502	0.227101	82.7074	54.2006	-10.59	-0.0254037	126.293	132.002	0.956744
5632	0.00563594	0.227098	82.7039	54.2028	-10.5903	-0.0254035	126.291	132	0.956747
5633	0.00563686	0.227094	82.7005	54.2049	-10.5906	-0.0254034	126.289	131.998	0.95675
5634	0.00563778	0.227091	82.697	54.2071	-10.5908	-0.0254032	126.288	131.996	0.956754
5635	0.00563871	0.227088	82.6937	54.2092	-10.5908	-0.025403	126.287	131.994	0.956758
5636	0.00563963	0.227084	82.6903	54.2114	-10.5907	-0.0254028	126.286	131.992	0.956764
5637	0.00564055	0.227081	82.687	54.2135	-10.5905	-0.0254026	126.285	131.99	0.956771
5638	0.00564147	0.227078	82.6837	54.2156	-10.5901	-0.0254024	126.284	131.989	0.956778
5639	0.00564239	0.227074	82.6804	54.2177	-10.5895	-0.0254022	126.283	131.987	0.956788
5640	0.00564331	0.227071	82.6772	54.2197	-10.5888	-0.0254021	126.283	131.985	0.956798
5641	0.00564423	0.227068	82.674	54.2218	-10.5879	-0.0254019	126.282	131.983	0.956809
5642	0.00564515	0.227065	82.6708	54.2238	-10.5868	-0.0254017	126.282	131.981	0.956822
5643	0.00564607	0.227062	82.6676	54.2258	-10.5857	-0.0254015	126.282	131.979	0.956835
5644	0.00564699	0.227058	82.6644	54.2278	-10.5845	-0.0254013	126.282	131.977	0.956849
5645	0.00564791	0.227055	82.6613	54.2298	-10.5832	-0.0254011	126.282	131.976	0.956863
5646	0.00564883	0.227052	82.6582	54.2317	-10.5819	-0.025401	126.283	131.974	0.956877
5647	0.00564975	0.227049	82.6552	54.2337	-10.5807	-0.0254008	126.283	131.972	0.956891
5648	0.00565067	0.227046	82.6521	54.2356	-10.5795	-0.0254006	126.283	131.97	0.956905
5649	0.00565159	0.227043	82.6491	54.2375	-10.5784	-0.0254005	126.283	131.968	0.956917
5650	0.00565251	0.22704	82.6461	54.2394	-10.5774	-0.0254003	126.283	131.967	0.956929
5651	0.00565343	0.227037	82.6431	54.2413	-10.5766	-0.0254002	126.282	131.965	0.95694
5652	0.00565435	0.227034	82.6402	54.2432	-10.5759	-0.0254	126.282	131.963	0.95695
5653	0.00565527	0.227031	82.6372	54.2451	-10.5753	-0.0253999	126.282	131.961	0.956958
5654	0.00565619	0.227028	82.6343	54.2469	-10.5749	-0.0253997	126.281	131.96	0.956965
5655	0.00565711	0.227025	82.6314	54.2488	-10.5747	-0.0253996	126.28	131.958	0.956971
5656	0.00565803	0.227022	82.6285	54.2506	-10.5746	-0.0253995	126.279	131.956	0.956976
5657	0.00565895	0.227019	82.6257	54.2524	-10.5747	-0.0253993	126.278	131.955	0.95698
5658	0.00565988	0.227017	82.6228	54.2542	-10.5749	-0.0253992	126.277	131.953	0.956982
5659	0.0056608	0.227014	82.62	54.256	-10.5753	-0.025399	126.275	131.951	0.956983
5660	0.00566172	0.227011	82.6172	54.2578	-10.5758	-0.0253989	126.274	131.95	0.956984
5661	0.00566264	0.227008	82.6144	54.2596	-10.5764	-0.0253987	126.272	131.948	0.956983
5662	0.00566356	0.227005	82.6116	54.2613	-10.577	-0.0253985	126.271	131.947	0.956983
5663	0.00566448	0.227003	82.6089	54.2631	-10.5777	-0.0253984	126.269	131.945	0.956982
5664	0.0056654	0.227	82.6061	54.2648	-10.5783	-0.0253982	126.267	131.943	0.956981
5665	0.00566632	0.226997	82.6034	54.2665	-10.579	-0.025398	126.266	131.942	0.95698
5666	0.00566724	0.226994	82.6007	54.2683	-10.5795	-0.0253978	126.264	131.94	0.956979
5667	0.00566816	0.226992	82.598	54.27	-10.58	-0.0253976	126.263	131.939	0.95698
5668	0.00566908	0.226989	82.5953	54.2717	-10.5804	-0.0253975	126.261	131.937	0.956981
5669	0.00567	0.226986	82.5927	54.2733	-10.5806	-0.0253973	126.26	131.935	0.956983
5670	0.00567092	0.226984	82.5901	54.275	-10.5806	-0.0253971	126.259	131.934	0.956987
5671	0.00567184	0.226981	82.5874	54.2767	-10.5804	-0.0253969	126.258	131.932	0.956993
5672	0.00567276	0.226979	82.5848	54.2783	-10.58	-0.0253967	126.258	131.931	0.956999
5673	0.00567368	0.226976	82.5822	54.28	-10.5793	-0.0253965	126.258	131.929	0.957008
5674	0.0056746	0.226973	82.5796	54.2816	-10.5785	-0.0253963	126.257	131.928	0.957018
5675	0.00567552	0.226971	82.5771	54.2833	-10.5774	-0.0253961	126.258	131.926	0.95703
5676	0.00567644	0.226968	82.5745	54.2849	-10.5761	-0.025396	126.258	131.925	0.957044
5677	0.00567736	0.226966	82.572	54.2865	-10.5747	-0.0253958	126.258	131.923	0.957058
5678	0.00567828	0.226963	82.5695	54.2881	-10.5732	-0.0253956	126.259	131.922	0.957073
5679	0.0056792	0.226961	82.5669	54.2897	-10.5716	-0.0253954	126.26	131.92	0.957089
5680	0.00568012	0.226958	82.5644	54.2913	-10.57	-0.0253953	126.26	131.919	0.957105
5681	0.00568104	0.226956	82.562	54.2929	-10.5684	-0.0253951	126.261	131.918	0.957121
5682	0.00568197	0.226953	82.5595	54.2944	-10.5668	-0.025395	126.262	131.916	0.957136
5683	0.00568289	0.226951	82.557	54.296	-10.5654	-0.0253948	126.262	131.915	0.957151
5684	0.00568381	0.226948	82.5545	54.2976	-10.5641	-0.0253947	126.263	131.913	0.957164
5685	0.00568473	0.226946	82.5521	54.2991	-10.5629	-0.0253946	126.263	131.912	0.957176
5686	0.00568565	0.226943	82.5497	54.3007	-10.562	-0.0253945	126.263	131.91	0.957187
5687	0.00568657	0.226941	82.5472	54.3022	-10.5612	-0.0253943	126.263	131.909	0.957197
5688	0.00568749	0.226938	82.5448	54.3038	-10.5606	-0.0253942	126.263	131.908	0.957205
5689	0.00568841	0.226936	82.5424	54.3053	-10.5602	-0.0253941	126.262	131.906	0.957211
5690	0.00568933	0.226934	82.54	54.3068	-10.56	-0.025394	126.261	131.905	0.957216
5691	0.00569025	0.226931	82.5376	54.3083	-10.5601	-0.0253938	126.26	131.903	0.957219
5692	0.00569117	0.226929	82.5352	54.3099	-10.5603	-0.0253937	126.259	131.902	0.957221
5693	0.00569209	0.226926	82.5328	54.3114	-10.5607	-0.0253936	126.258	131.901	0.957221
5694	0.00569301	0.226924	82.5305	54.3129	-10.5613	-0.0253934	126.257	131.899	0.95722
5695	0.00569393	0.226922	82.5281	54.3144	-10.562	-0.0253933	126.255	131.898	0.957219
5696	0.00569485	0.226919	82.5257	54.3159	-10.5628	-0.0253931	126.253	131.896	0.957216
5697	0.00569577	0.226917	82.5234	54.3174	-10.5636	-0.025393	126.252	131.895	0.957213
5698	0.00569669	0.226915	82.521	54.3189	-10.5645	-0.0253928	126.25	131.894	0.95721
5699	0.00569761	0.226912	82.5187	54.3203	-10.5654	-0.0253926	126.248	131.892	0.957206
5700	0.00569853	0.22691	82.5164	54.3218	-10.5663	-0.0253924	126.247	131.891	0.957204
5701	0.00569945	0.226908	82.514	54.3233	-10.567	-0.0253922	126.245	131.89	0.957201
5702	0.00570037	0.226905	82.5117	54.3248	-10.5676	-0.025392	126.243	131.888	0.9572
5703	0.00570129	0.226903	82.5094	54.3263	-10.5681	-0.0253918	126.242	131.887	0.9572
5704	0.00570221	0.226901	82.5071	54.3277	-10.5684	-0.0253916	126.241	131.886	0.957201
5705	0.00570313	0.226898	82.5048	54.3292	-10.5684	-0.0253914	126.24	131.884	0.957204
5706	0.00570405	0.226896	82.5025	54.3307	-10.5682	-0.0253912	126.24	131.883	0.95721
5707	0.00570497	0.226894	82.5002	54.3321	-10.5676	-0.025391	126.239	131.882	0.957217
5708	0.00570589	0.226891	82.4978	54.3336	-10.5667	-0.0253908	126.239	131.88	0.957227
5709	0.00570681	0.226889	82.4955	54.3351	-10.5656	-0.0253906	126.24	131.879	0.957239
5710	0.00570773	0.226887	82.4933	54.3365	-10.5641	-0.0253904	126.24	131.878	0.957253
5711	0.00570866	0.226884	82.491	54.338	-10.5625	-0.0253902	126.241	131.876	0.95727
5712	0.00570958	0.226882	82.4887	54.3394	-10.5606	-0.02539	126.242	131.875	0.957287
5713	0.0057105	0.22688	82.4864	54.3409	-10.5586	-0.0253898	126.243	131.874	0.957305
5714	0.00571142	0.226878	82.4841	54.3424	-10.5566	-0.0253896	126.244	131.872	0.957324
5715	0.00571234	0.226875	82.4818	54.3438	-10.5545	-0.0253895	126.246	131.871	0.957343
5716	0.00571326	0.226873	82.4795	54.3453	-10.5526	-0.0253893	126.247	131.87	0.957361
5717	0.00571418	0.226871	82.4772	54.3467	-10.5507	-0.0253892	126.248	131.868	0.957379
5718	0.0057151	0.226868	82.4749	54.3482	-10.5489	-0.0253891	126.249	131.867	0.957396
5719	0.00571602	0.226866	82.4727	54.3496	-10.5473	-0.0253889	126.25	131.866	0.957411
5720	0.00571694	0.226864	82.4704	54.3511	-10.5459	-0.0253888	126.25	131.864	0.957425
5721	0.00571786	0.226862	82.4681	54.3525	-10.5448	-0.0253887	126.25	131.863	0.957437
5722	0.00571878	0.226859	82.4658	54.354	-10.5438	-0.0253886	126.251	131.862	0.957448
5723	0.0057197	0.226857	82.4635	54.3554	-10.5432	-0.0253885	126.25	131.86	0.957456
5724	0.00572062	0.226855	82.4612	54.3569	-10.5427	-0.0253884	126.25	131.859	0.957463
5725	0.00572154	0.226852	82.459	54.3583	-10.5426	-0.0253884	126.249	131.858	0.957467
5726	0.00572246	0.22685	82.4567	54.3598	-10.5426	-0.0253883	126.248	131.856	0.95747
5727	0.00572338	0.226848	82.4544	54.3612	-10.5429	-0.0253882	126.247	131.855	0.957472
5728	0.0057243	0.226846	82.4521	54.3627	-10.5434	-0.0253881	126.246	131.854	0.957471
5729	0.00572522	0.226843	82.4498	54.3641	-10.544	-0.0253879	126.245	131.852	0.95747
5730	0.00572614	0.226841	82.4476	54.3656	-10.5448	-0.0253878	126.243	131.851	0.957467
5731	0.00572706	0.226839	82.4453	54.367	-10.5457	-0.0253877	126.241	131.85	0.957463
5732	0.00572798	0.226836	82.443	54.3685	-10.5467	-0.0253875	126.239	131.848	0.957459
5733	0.0057289	0.226834	82.4407	54.3699	-10.5477	-0.0253874	126.238	131.847	0.957455
5734	0.00572982	0.226832	82.4384	54.3714	-10.5487	-0.0253872	126.236	131.846	0.957451
5735	0.00573074	0.226829	82.4362	54.3728	-10.5496	-0.025387	126.234	131.844	0.957447
5736	0.00573166	0.226827	82.4339	54.3743	-10.5505	-0.0253868	126.232	131.843	0.957444
5737	0.00573258	0.226825	82.4316	54.3757	-10.5512	-0.0253866	126.231	131.842	0.957442
5738	0.0057335	0.226823	82.4293	54.3772	-10.5518	-0.0253864	126.229	131.84	0.957441
5739	0.00573442	0.22682	82.427	54.3786	-10.5521	-0.0253862	126.228	131.839	0.957442
5740	0.00573534	0.226818	82.4247	54.3801	-10.5522	-0.025386	126.227	131.838	0.957444
5741	0.00573626	0.226816	82.4224	54.3815	-10.552	-0.0253858	126.227	131.836	0.95745
5742	0.00573718	0.226813	82.4202	54.383	-10.5513	-0.0253856	126.226	131.835	0.957458
5743	0.0057381	0.226811	82.4179	54.3844	-10.5501	-0.0253854	126.227	131.834	0.95747
5744	0.00573903	0.226809	82.4156	54.3859	-10.5486	-0.0253852	126.228	131.832	0.957486
5745	0.00573995	0.226807	82.4134	54.3873	-10.5466	-0.025385	126.229	131.831	0.957504
5746	0.00574087	0.226804	82.4111	54.3887	-10.5443	-0.0253848	126.23	131.83	0.957525
5747	0.00574179	0.226802	82.4088	54.3902	-10.5417	-0.0253846	126.232	131.828	0.957548
5748	0.00574271	0.2268	82.4066	54.3916	-10.539	-0.0253844	126.234	131.827	0.957572
5749	0.00574363	0.226798	82.4043	54.3931	-10.5362	-0.0253842	126.236	131.826	0.957596
5750	0.00574455	0.226795	82.402	54.3945	-10.5335	-0.0253841	126.238	131.824	0.95762
5751	0.00574547	0.226793	82.3998	54.3959	-10.5308	-0.0253839	126.24	131.823	0.957643
5752	0.00574639	0.226791	82.3975	54.3974	-10.5283	-0.0253838	126.241	131.822	0.957666
5753	0.00574731	0.226788	82.3953	54.3988	-10.526	-0.0253836	126.243	131.82	0.957687
5754	0.00574823	0.226786	82.393	54.4003	-10.5239	-0.0253835	126.244	131.819	0.957706
5755	0.00574915	0.226784	82.3907	54.4017	-10.5221	-0.0253834	126.245	131.818	0.957723
5756	0.00575007	0.226782	82.3884	54.4031	-10.5206	-0.0253834	126.246	131.816	0.957738
5757	0.00575099	0.226779	82.3862	54.4046	-10.5193	-0.0253833	126.246	131.815	0.957751
5758	0.00575191	0.226777	82.3839	54.406	-10.5184	-0.0253832	126.246	131.814	0.957761
5759	0.00575283	0.226775	82.3816	54.4075	-10.5178	-0.0253831	126.246	131.812	0.957769
5760	0.00575375	0.226773	82.3793	54.4089	-10.5176	-0.0253831	126.245	131.811	0.957774
5761	0.00575467	0.22677	82.3771	54.4104	-10.5176	-0.025383	126.244	131.81	0.957777
5762	0.00575559	0.226768	82.3748	54.4118	-10.5179	-0.0253829	126.243	131.809	0.957778
5763	0.00575651	0.226766	82.3725	54.4133	-10.5185	-0.0253829	126.242	131.807	0.957777
5764	0.00575743	0.226763	82.3702	54.4148	-10.5193	-0.0253828	126.24	131.806	0.957774
5765	0.00575835	0.226761	82.3679	54.4162	-10.5203	-0.0253827	126.238	131.804	0.95777
5766	0.00575927	0.226759	82.3656	54.4177	-10.5214	-0.0253826	126.236	131.803	0.957765
5767	0.00576019	0.226756	82.3633	54.4191	-10.5226	-0.0253824	126.234	131.802	0.95776
5768	0.00576111	0.226754	82.361	54.4206	-10.5239	-0.0253823	126.232	131.8	0.957753
5769	0.00576203	0.226752	82.3587	54.4221	-10.5251	-0.0253821	126.23	131.799	0.957747
5770	0.00576295	0.226749	82.3564	54.4235	-10.5264	-0.025382	126.228	131.798	0.957741
5771	0.00576387	0.226747	82.3541	54.425	-10.5277	-0.0253818	126.226	131.796	0.957734
5772	0.00576479	0.226745	82.3517	54.4265	-10.529	-0.0253816	126.224	131.795	0.957728
5773	0.00576571	0.226742	82.3494	54.428	-10.5304	-0.0253814	126.222	131.794	0.957721
5774	0.00576663	0.22674	82.3471	54.4294	-10.5322	-0.0253812	126.219	131.792	0.957711
5775	0.00576755	0.226738	82.3448	54.4309	-10.536	-0.0253809	126.214	131.791	0.957686
5776	0.00576847	0.226735	82.3424	54.4324	-10.5404	-0.0253805	126.209	131.79	0.957656
5777	0.00576939	0.226733	82.3401	54.4339	-10.543	-0.0253801	126.206	131.788	0.957639
5778	0.00577031	0.226731	82.3378	54.4354	-10.5444	-0.0253798	126.203	131.787	0.957632
5779	0.00577123	0.226728	82.3354	54.4369	-10.5448	-0.0253794	126.202	131.786	0.957632
5780	0.00577215	0.226726	82.3331	54.4383	-10.5444	-0.025379	126.202	131.784	0.957639
5781	0.00577308	0.226724	82.3307	54.4398	-10.5434	-0.0253786	126.202	131.783	0.95765
5782	0.005774	0.226721	82.3284	54.4413	-10.5419	-0.0253783	126.202	131.781	0.957665
5783	0.00577492	0.226719	82.326	54.4428	-10.5399	-0.0253779	126.204	131.78	0.957683
5784	0.00577584	0.226717	82.3237	54.4443	-10.5347	-0.0253777	126.208	131.779	0.957726
5785	0.00577676	0.226714	82.3213	54.4458	-10.5273	-0.0253774	126.214	131.777	0.957786
5786	0.00577768	0.226712	82.3189	54.4473	-10.5198	-0.0253772	126.221	131.776	0.957847
5787	0.0057786	0.22671	82.3166	54.4488	-10.5122	-0.0253769	126.228	131.775	0.957907
5788	0.00577952	0.226707	82.3142	54.4503	-10.5049	-0.0253767	126.234	131.773	0.957966
5789	0.00578044	0.226705	82.3118	54.4519	-10.4979	-0.0253765	126.24	131.772	0.958023
5790	0.00578136	0.226702	82.3095	54.4534	-10.4913	-0.0253763	126.246	131.77	0.958077
5791	0.00578228	0.2267	82.3071	54.4549	-10.4852	-0.0253762	126.251	131.769	0.958127
5792	0.0057832	0.226698	82.3047	54.4564	-10.4796	-0.0253761	126.256	131.768	0.958172
5793	0.00578412	0.226695	82.3023	54.4579	-10.4748	-0.0253761	126.26	131.766	0.958212
5794	0.00578504	0.226693	82.2999	54.4594	-10.4706	-0.0253761	126.263	131.765	0.958247
5795	0.00578596	0.22669	82.2975	54.461	-10.4672	-0.0253762	126.266	131.763	0.958277
5796	0.00578688	0.226688	82.2951	54.4625	-10.4646	-0.0253763	126.268	131.762	0.9583
5797	0.0057878	0.226686	82.2927	54.464	-10.4627	-0.0253764	126.269	131.761	0.958318
5798	0.00578872	0.226683	82.2903	54.4655	-10.4617	-0.0253766	126.269	131.759	0.958329
5799	0.00578964	0.226681	82.2879	54.4671	-10.4615	-0.0253767	126.268	131.758	0.958334
5800	0.00579056	0.226678	82.2855	54.4686	-10.4621	-0.0253768	126.267	131.756	0.958334
5801	0.00579148	0.226676	82.2831	54.4701	-10.4633	-0.0253769	126.265	131.755	0.958328
5802	0.0057924	0.226673	82.2807	54.4717	-10.4651	-0.025377	126.262	131.754	0.958318
5803	0.00579332	0.226671	82.2782	54.4732	-10.4674	-0.025377	126.259	131.752	0.958304
5804	0.00579424	0.226669	82.2758	54.4747	-10.47	-0.025377	126.255	131.751	0.958288
5805	0.00579516	0.226666	82.2734	54.4763	-10.4729	-0.025377	126.251	131.749	0.95827
5806	0.00579608	0.226664	82.271	54.4778	-10.476	-0.025377	126.247	131.748	0.95825
5807	0.005797	0.226661	82.2685	54.4794	-10.4791	-0.0253769	126.243	131.747	0.958229
5808	0.00579792	0.226659	82.2661	54.4809	-10.4823	-0.0253768	126.239	131.745	0.958209
5809	0.00579884	0.226656	82.2637	54.4825	-10.4853	-0.0253767	126.235	131.744	0.95819
5810	0.00579976	0.226654	82.2612	54.484	-10.4882	-0.0253765	126.232	131.742	0.958172
5811	0.00580068	0.226652	82.2588	54.4856	-10.4907	-0.0253763	126.228	131.741	0.958156
5812	0.0058016	0.226649	82.2563	54.4871	-10.493	-0.0253762	126.225	131.739	0.958142
5813	0.00580252	0.226647	82.2539	54.4887	-10.4948	-0.025376	126.222	131.738	0.958132
5814	0.00580344	0.226644	82.2514	54.4902	-10.4962	-0.0253758	126.22	131.737	0.958125
5815	0.00580436	0.226642	82.249	54.4918	-10.497	-0.0253756	126.218	131.735	0.958122
5816	0.00580528	0.226639	82.2465	54.4934	-10.4973	-0.0253755	126.217	131.734	0.958124
5817	0.0058062	0.226637	82.2441	54.4949	-10.4968	-0.0253753	126.217	131.732	0.958132
5818	0.00580713	0.226634	82.2416	54.4965	-10.4955	-0.0253751	126.217	131.731	0.958145
5819	0.00580805	0.226632	82.2391	54.4981	-10.4934	-0.025375	126.218	131.729	0.958165
5820	0.00580897	0.226629	82.2367	54.4996	-10.4906	-0.0253748	126.22	131.728	0.95819
5821	0.00580989	0.226627	82.2342	54.5012	-10.4872	-0.0253747	126.223	131.727	0.958219
5822	0.00581081	0.226624	82.2317	54.5028	-10.4833	-0.0253745	126.226	131.725	0.958252
5823	0.00581173	0.226622	82.2293	54.5043	-10.4792	-0.0253744	126.229	131.724	0.958287
5824	0.00581265	0.226619	82.2268	54.5059	-10.475	-0.0253743	126.232	131.722	0.958323
5825	0.00581357	0.226617	82.2243	54.5075	-10.4707	-0.0253741	126.236	131.721	0.958359
5826	0.00581449	0.226614	82.2218	54.5091	-10.4666	-0.025374	126.239	131.719	0.958394
5827	0.00581541	0.226612	82.2193	54.5106	-10.4626	-0.0253739	126.242	131.718	0.958428
5828	0.00581633	0.226609	82.2169	54.5122	-10.4589	-0.0253738	126.245	131.716	0.958459
5829	0.00581725	0.226607	82.2144	54.5138	-10.4556	-0.0253737	126.247	131.715	0.958488
5830	0.00581817	0.226604	82.2119	54.5154	-10.4526	-0.0253737	126.249	131.713	0.958515
5831	0.00581909	0.226602	82.2094	54.517	-10.4501	-0.0253736	126.251	131.712	0.958538
5832	0.00582001	0.226599	82.2069	54.5185	-10.448	-0.0253736	126.252	131.711	0.958557
5833	0.00582093	0.226597	82.2044	54.5201	-10.4464	-0.0253736	126.253	131.709	0.958573
5834	0.00582185	0.226594	82.2019	54.5217	-10.4452	-0.0253736	126.253	131.708	0.958585
5835	0.00582277	0.226592	82.1994	54.5233	-10.4446	-0.0253736	126.253	131.706	0.958594
5836	0.00582369	0.226589	82.1969	54.5249	-10.4444	-0.0253736	126.252	131.705	0.958599
5837	0.00582461	0.226587	82.1944	54.5265	-10.4447	-0.0253736	126.251	131.703	0.958601
5838	0.00582553	0.226584	82.1919	54.5281	-10.4453	-0.0253736	126.249	131.702	0.9586
5839	0.00582645	0.226582	82.1894	54.5297	-10.4463	-0.0253735	126.247	131.7	0.958596
5840	0.00582737	0.226579	82.1869	54.5313	-10.4476	-0.0253735	126.245	131.699	0.95859
5841	0.00582829	0.226577	82.1844	54.5328	-10.4491	-0.0253735	126.243	131.697	0.958582
5842	0.00582921	0.226574	82.1819	54.5344	-10.4508	-0.0253734	126.24	131.696	0.958573
5843	0.00583013	0.226572	82.1794	54.536	-10.4526	-0.0253734	126.237	131.694	0.958563
5844	0.00583105	0.226569	82.1768	54.5376	-10.4545	-0.0253733	126.235	131.693	0.958553
5845	0.00583197	0.226567	82.1743	54.5392	-10.4563	-0.0253732	126.232	131.692	0.958542
5846	0.00583289	0.226564	82.1718	54.5408	-10.4583	-0.025373	126.229	131.69	0.958531
5847	0.00583381	0.226562	82.1693	54.5424	-10.4605	-0.0253729	126.226	131.689	0.958518
5848	0.00583473	0.226559	82.1668	54.544	-10.4637	-0.0253727	126.222	131.687	0.958497
5849	0.00583565	0.226557	82.1643	54.5456	-10.4699	-0.0253723	126.215	131.686	0.958454
5850	0.00583657	0.226554	82.1618	54.5472	-10.4739	-0.025372	126.21	131.684	0.958427
5851	0.0058375	0.226551	82.1592	54.5488	-10.4762	-0.0253717	126.206	131.683	0.958414
5852	0.00583842	0.226549	82.1567	54.5504	-10.4772	-0.0253713	126.205	131.681	0.95841
5853	0.00583934	0.226546	82.1542	54.552	-10.4771	-0.025371	126.204	131.68	0.958414
5854	0.00584026	0.226544	82.1517	54.5536	-10.4763	-0.0253706	126.204	131.678	0.958424
5855	0.00584118	0.226541	82.1492	54.5552	-10.4747	-0.0253703	126.204	131.677	0.95844
5856	0.0058421	0.226539	82.1466	54.5568	-10.4726	-0.02537	126.206	131.675	0.95846
5857	0.00584302	0.226536	82.1441	54.5584	-10.4699	-0.0253696	126.207	131.674	0.958484
5858	0.00584394	0.226534	82.1416	54.56	-10.4636	-0.0253694	126.213	131.672	0.958536
5859	0.00584486	0.226531	82.1391	54.5616	-10.4553	-0.0253693	126.22	131.671	0.958602
5860	0.00584578	0.226529	82.1365	54.5632	-10.4469	-0.0253691	126.227	131.669	0.958669
5861	0.0058467	0.226526	82.134	54.5648	-10.4387	-0.0253689	126.235	131.668	0.958736
5862	0.00584762	0.226524	82.1315	54.5664	-10.4306	-0.0253687	126.242	131.666	0.958801
5863	0.00584854	0.226521	82.129	54.568	-10.4229	-0.0253686	126.249	131.665	0.958863
5864	0.00584946	0.226518	82.1264	54.5696	-10.4157	-0.0253685	126.255	131.664	0.958922
5865	0.00585038	0.226516	82.1239	54.5712	-10.4091	-0.0253685	126.261	131.662	0.958976
5866	0.0058513	0.226513	82.1214	54.5728	-10.4031	-0.0253685	126.266	131.661	0.959025
5867	0.00585222	0.226511	82.1189	54.5745	-10.3978	-0.0253686	126.27	131.659	0.959069
5868	0.00585314	0.226508	82.1163	54.5761	-10.3934	-0.0253688	126.274	131.658	0.959106
5869	0.00585406	0.226506	82.1138	54.5777	-10.3898	-0.0253689	126.276	131.656	0.959137
5870	0.00585498	0.226503	82.1113	54.5793	-10.387	-0.0253691	126.278	131.655	0.959162
5871	0.0058559	0.226501	82.1088	54.5809	-10.3851	-0.0253693	126.279	131.653	0.95918
5872	0.00585682	0.226498	82.1062	54.5825	-10.3842	-0.0253696	126.279	131.652	0.959191
5873	0.00585774	0.226496	82.1037	54.5841	-10.3841	-0.0253698	126.278	131.65	0.959196
5874	0.00585866	0.226493	82.1012	54.5857	-10.3848	-0.02537	126.277	131.649	0.959194
5875	0.00585958	0.226491	82.0986	54.5873	-10.3863	-0.0253701	126.274	131.647	0.959187
5876	0.0058605	0.226488	82.0961	54.5889	-10.3883	-0.0253703	126.271	131.646	0.959175
5877	0.00586142	0.226485	82.0936	54.5905	-10.3908	-0.0253704	126.268	131.644	0.95916
5878	0.00586234	0.226483	82.0911	54.5921	-10.3937	-0.0253705	126.264	131.643	0.959142
5879	0.00586326	0.22648	82.0885	54.5937	-10.3968	-0.0253706	126.26	131.641	0.959122
5880	0.00586419	0.226478	82.086	54.5953	-10.4002	-0.0253706	126.256	131.64	0.9591
5881	0.00586511	0.226475	82.0835	54.5969	-10.4036	-0.0253706	126.251	131.638	0.959078
5882	0.00586603	0.226473	82.0809	54.5985	-10.407	-0.0253705	126.247	131.637	0.959055
5883	0.00586695	0.22647	82.0784	54.6001	-10.4104	-0.0253705	126.243	131.635	0.959034
5884	0.00586787	0.226468	82.0759	54.6017	-10.4135	-0.0253704	126.239	131.634	0.959013
5885	0.00586879	0.226465	82.0734	54.6033	-10.4165	-0.0253703	126.235	131.632	0.958995
5886	0.00586971	0.226463	82.0709	54.6049	-10.4192	-0.0253702	126.231	131.631	0.958978
5887	0.00587063	0.22646	82.0683	54.6065	-10.4217	-0.0253701	126.228	131.63	0.958963
5888	0.00587155	0.226457	82.0658	54.6081	-10.4242	-0.0253699	126.224	131.628	0.958947
5889	0.00587247	0.226455	82.0633	54.6097	-10.4275	-0.0253698	126.22	131.627	0.958926
5890	0.00587339	0.226452	82.0608	54.6113	-10.4331	-0.0253695	126.214	131.625	0.958888
5891	0.00587431	0.22645	82.0583	54.6129	-10.4364	-0.0253692	126.209	131.624	0.958866
5892	0.00587523	0.226447	82.0558	54.6145	-10.438	-0.025369	126.207	131.622	0.958858
5893	0.00587615	0.226445	82.0533	54.6161	-10.4383	-0.0253687	126.206	131.621	0.958859
5894	0.00587707	0.226442	82.0508	54.6176	-10.4376	-0.0253685	126.205	131.619	0.958868
5895	0.00587799	0.22644	82.0484	54.6192	-10.4361	-0.0253683	126.206	131.618	0.958883
5896	0.00587891	0.226437	82.0459	54.6208	-10.4339	-0.025368	126.207	131.616	0.958904
5897	0.00587983	0.226435	82.0434	54.6224	-10.4311	-0.0253678	126.209	131.615	0.958929
5898	0.00588075	0.226432	82.0409	54.6239	-10.4248	-0.0253677	126.215	131.613	0.958981
5899	0.00588167	0.22643	82.0385	54.6255	-10.4164	-0.0253676	126.222	131.612	0.959048
5900	0.00588259	0.226427	82.036	54.6271	-10.4078	-0.0253675	126.23	131.611	0.959117
5901	0.00588351	0.226425	82.0335	54.6286	-10.3993	-0.0253673	126.237	131.609	0.959185
5902	0.00588443	0.226422	82.031	54.6302	-10.3911	-0.0253672	126.245	131.608	0.959251
5903	0.00588535	0.22642	82.0286	54.6318	-10.3833	-0.0253671	126.252	131.606	0.959314
5904	0.00588627	0.226417	82.0261	54.6333	-10.3759	-0.0253671	126.258	131.605	0.959374
5905	0.0058872	0.226415	82.0236	54.6349	-10.3692	-0.0253671	126.264	131.603	0.959429
5906	0.00588812	0.226412	82.0212	54.6365	-10.3631	-0.0253672	126.269	131.602	0.959479
5907	0.00588904	0.22641	82.0187	54.638	-10.3578	-0.0253673	126.274	131.6	0.959522
5908	0.00588996	0.226407	82.0163	54.6396	-10.3534	-0.0253675	126.277	131.599	0.95956
5909	0.00589088	0.226405	82.0138	54.6411	-10.3498	-0.0253678	126.28	131.598	0.95959
5910	0.0058918	0.226402	82.0113	54.6427	-10.3472	-0.025368	126.282	131.596	0.959614
5911	0.00589272	0.2264	82.0089	54.6442	-10.3454	-0.0253684	126.282	131.595	0.959632
5912	0.00589364	0.226398	82.0064	54.6458	-10.3446	-0.0253687	126.282	131.593	0.959641
5913	0.00589456	0.226395	82.004	54.6474	-10.3447	-0.025369	126.281	131.592	0.959644
5914	0.00589548	0.226393	82.0016	54.6489	-10.3456	-0.0253693	126.279	131.59	0.959641
5915	0.0058964	0.22639	81.9991	54.6504	-10.3473	-0.0253696	126.277	131.589	0.959632
5916	0.00589732	0.226388	81.9967	54.652	-10.3495	-0.0253699	126.274	131.587	0.959619
5917	0.00589824	0.226385	81.9942	54.6535	-10.3522	-0.0253701	126.27	131.586	0.959601
5918	0.00589916	0.226383	81.9918	54.6551	-10.3553	-0.0253703	126.266	131.585	0.959582
5919	0.00590008	0.22638	81.9894	54.6566	-10.3587	-0.0253705	126.262	131.583	0.95956
5920	0.005901	0.226378	81.987	54.6582	-10.3622	-0.0253706	126.258	131.582	0.959537
5921	0.00590192	0.226375	81.9845	54.6597	-10.3658	-0.0253707	126.253	131.58	0.959513
5922	0.00590284	0.226373	81.9821	54.6612	-10.3693	-0.0253708	126.249	131.579	0.95949
5923	0.00590376	0.226371	81.9797	54.6628	-10.3727	-0.0253708	126.244	131.578	0.959468
5924	0.00590469	0.226368	81.9773	54.6643	-10.3759	-0.0253708	126.24	131.576	0.959447
5925	0.00590561	0.226366	81.9749	54.6658	-10.3788	-0.0253708	126.236	131.575	0.959428
5926	0.00590653	0.226363	81.9725	54.6674	-10.3816	-0.0253707	126.233	131.573	0.959411
5927	0.00590745	0.226361	81.9701	54.6689	-10.3841	-0.0253707	126.229	131.572	0.959395
5928	0.00590837	0.226358	81.9677	54.6704	-10.3868	-0.0253706	126.226	131.57	0.959379
5929	0.00590929	0.226356	81.9653	54.6719	-10.3906	-0.0253705	126.221	131.569	0.959353
5930	0.00591021	0.226354	81.9629	54.6734	-10.3961	-0.0253703	126.215	131.568	0.959315
5931	0.00591113	0.226351	81.9605	54.675	-10.3994	-0.02537	126.211	131.566	0.959294
5932	0.00591205	0.226349	81.9581	54.6765	-10.401	-0.0253699	126.208	131.565	0.959285
5933	0.00591297	0.226346	81.9557	54.678	-10.4014	-0.0253697	126.207	131.563	0.959286
5934	0.00591389	0.226344	81.9533	54.6795	-10.4008	-0.0253695	126.207	131.562	0.959294
5935	0.00591481	0.226341	81.9509	54.681	-10.3994	-0.0253693	126.207	131.561	0.959308
5936	0.00591573	0.226339	81.9486	54.6825	-10.3974	-0.0253691	126.208	131.559	0.959327
5937	0.00591665	0.226337	81.9462	54.684	-10.3948	-0.025369	126.21	131.558	0.95935
5938	0.00591757	0.226334	81.9438	54.6855	-10.3888	-0.0253689	126.215	131.556	0.959399
5939	0.00591849	0.226332	81.9414	54.687	-10.3807	-0.0253689	126.222	131.555	0.959465
5940	0.00591941	0.226329	81.9391	54.6885	-10.3724	-0.0253689	126.23	131.554	0.959531
5941	0.00592033	0.226327	81.9367	54.69	-10.3642	-0.0253688	126.237	131.552	0.959597
5942	0.00592125	0.226325	81.9344	54.6915	-10.3563	-0.0253688	126.244	131.551	0.959661
5943	0.00592217	0.226322	81.932	54.693	-10.3487	-0.0253687	126.251	131.55	0.959722
5944	0.00592309	0.22632	81.9297	54.6945	-10.3416	-0.0253688	126.257	131.548	0.959779
5945	0.00592401	0.226318	81.9273	54.696	-10.3351	-0.0253689	126.263	131.547	0.959832
5946	0.00592493	0.226315	81.925	54.6975	-10.3293	-0.025369	126.268	131.545	0.95988
5947	0.00592585	0.226313	81.9227	54.6989	-10.3242	-0.0253692	126.272	131.544	0.959922
5948	0.00592678	0.226311	81.9203	54.7004	-10.32	-0.0253695	126.275	131.543	0.959958
5949	0.0059277	0.226308	81.918	54.7019	-10.3166	-0.0253698	126.278	131.541	0.959987
5950	0.00592862	0.226306	81.9157	54.7034	-10.3141	-0.0253701	126.28	131.54	0.960009
5951	0.00592954	0.226303	81.9134	54.7048	-10.3125	-0.0253705	126.28	131.539	0.960025
5952	0.00593046	0.226301	81.911	54.7063	-10.3119	-0.0253709	126.28	131.537	0.960033
5953	0.00593138	0.226299	81.9087	54.7078	-10.3121	-0.0253713	126.279	131.536	0.960035
5954	0.0059323	0.226296	81.9064	54.7092	-10.3132	-0.0253717	126.277	131.534	0.96003
5955	0.00593322	0.226294	81.9041	54.7107	-10.3151	-0.025372	126.274	131.533	0.96002
5956	0.00593414	0.226292	81.9018	54.7121	-10.3175	-0.0253723	126.271	131.532	0.960005
5957	0.00593506	0.226289	81.8995	54.7136	-10.3204	-0.0253726	126.267	131.53	0.959986
5958	0.00593598	0.226287	81.8973	54.715	-10.3236	-0.0253729	126.263	131.529	0.959965
5959	0.0059369	0.226285	81.895	54.7165	-10.3272	-0.0253731	126.259	131.528	0.959941
5960	0.00593782	0.226283	81.8927	54.7179	-10.3309	-0.0253733	126.254	131.526	0.959917
5961	0.00593874	0.22628	81.8905	54.7193	-10.3346	-0.0253735	126.25	131.525	0.959891
5962	0.00593966	0.226278	81.8882	54.7208	-10.3384	-0.0253736	126.245	131.524	0.959866
5963	0.00594058	0.226276	81.886	54.7222	-10.3421	-0.0253737	126.241	131.522	0.959842
5964	0.0059415	0.226273	81.8837	54.7236	-10.3456	-0.0253738	126.236	131.521	0.959818
5965	0.00594243	0.226271	81.8815	54.725	-10.349	-0.0253738	126.232	131.52	0.959796
5966	0.00594335	0.226269	81.8793	54.7264	-10.3524	-0.0253738	126.228	131.518	0.959773
5967	0.00594427	0.226267	81.8771	54.7278	-10.3561	-0.0253738	126.223	131.517	0.959748
5968	0.00594519	0.226265	81.8749	54.7292	-10.3627	-0.0253736	126.216	131.516	0.959702
5969	0.00594611	0.226262	81.8727	54.7306	-10.3683	-0.0253735	126.21	131.515	0.959662
5970	0.00594703	0.22626	81.8705	54.7319	-10.3718	-0.0253733	126.205	131.513	0.959639
5971	0.00594795	0.226258	81.8684	54.7333	-10.3737	-0.0253731	126.203	131.512	0.959628
5972	0.00594887	0.226256	81.8662	54.7347	-10.3744	-0.025373	126.201	131.511	0.959626
5973	0.00594979	0.226253	81.864	54.7361	-10.3741	-0.0253728	126.201	131.509	0.959631
5974	0.00595071	0.226251	81.8619	54.7374	-10.373	-0.0253727	126.201	131.508	0.959643
5975	0.00595163	0.226249	81.8597	54.7388	-10.3713	-0.0253725	126.202	131.507	0.959659
5976	0.00595255	0.226247	81.8576	54.7401	-10.3689	-0.0253724	126.203	131.506	0.95968
5977	0.00595347	0.226245	81.8555	54.7415	-10.3627	-0.0253724	126.209	131.504	0.959731
5978	0.00595439	0.226243	81.8533	54.7428	-10.3547	-0.0253724	126.216	131.503	0.959795
5979	0.00595531	0.22624	81.8512	54.7442	-10.3465	-0.0253723	126.223	131.502	0.95986
5980	0.00595623	0.226238	81.8491	54.7455	-10.3384	-0.0253723	126.231	131.501	0.959925
5981	0.00595715	0.226236	81.847	54.7469	-10.3306	-0.0253723	126.238	131.499	0.959988
5982	0.00595807	0.226234	81.8449	54.7482	-10.3231	-0.0253723	126.245	131.498	0.960048
5983	0.00595899	0.226232	81.8428	54.7495	-10.3161	-0.0253724	126.251	131.497	0.960105
5984	0.00595991	0.22623	81.8407	54.7508	-10.3097	-0.0253725	126.256	131.496	0.960157
5985	0.00596083	0.226228	81.8386	54.7522	-10.304	-0.0253726	126.261	131.495	0.960203
5986	0.00596175	0.226226	81.8365	54.7535	-10.299	-0.0253729	126.266	131.493	0.960244
5987	0.00596267	0.226224	81.8345	54.7548	-10.295	-0.0253731	126.269	131.492	0.960278
5988	0.00596359	0.226221	81.8324	54.7561	-10.2917	-0.0253735	126.271	131.491	0.960305
5989	0.00596452	0.226219	81.8303	54.7574	-10.2894	-0.0253738	126.273	131.49	0.960326
5990	0.00596544	0.226217	81.8283	54.7587	-10.2881	-0.0253742	126.274	131.488	0.96034
5991	0.00596636	0.226215	81.8263	54.76	-10.2877	-0.0253746	126.273	131.487	0.960346
5992	0.00596728	0.226213	81.8242	54.7613	-10.2882	-0.025375	126.272	131.486	0.960345
5993	0.0059682	0.226211	81.8222	54.7626	-10.2896	-0.0253754	126.27	131.485	0.960337
5994	0.00596912	0.226209	81.8202	54.7638	-10.2918	-0.0253757	126.267	131.484	0.960324
5995	0.00597004	0.226207	81.8182	54.7651	-10.2945	-0.0253761	126.263	131.482	0.960306
5996	0.00597096	0.226205	81.8162	54.7664	-10.2978	-0.0253764	126.259	131.481	0.960284
5997	0.00597188	0.226203	81.8142	54.7677	-10.3014	-0.0253767	126.255	131.48	0.96026
5998	0.0059728	0.226201	81.8122	54.7689	-10.3053	-0.0253769	126.25	131.479	0.960233
5999	0.00597372	0.226199	81.8102	54.7702	-10.3095	-0.0253771	126.246	131.478	0.960204
6000	0.00597464	0.226197	81.8082	54.7714	-10.3137	-0.0253773	126.241	131.477	0.960176
6001	0.00597556	0.226195	81.8062	54.7727	-10.3179	-0.0253774	126.236	131.475	0.960147
6002	0.00597648	0.226193	81.8043	54.7739	-10.322	-0.0253775	126.231	131.474	0.960118
6003	0.0059774	0.226191	81.8023	54.7751	-10.326	-0.0253776	126.226	131.473	0.96009
6004	0.00597832	0.226189	81.8004	54.7764	-10.3301	-0.0253776	126.221	131.472	0.960063
6005	0.00597924	0.226187	81.7984	54.7776	-10.3344	-0.0253777	126.216	131.471	0.960032
6006	0.00598017	0.226185	81.7965	54.7788	-10.341	-0.0253776	126.209	131.47	0.959985
6007	0.00598109	0.226183	81.7946	54.78	-10.3478	-0.0253774	126.201	131.469	0.959936
6008	0.00598201	0.226181	81.7927	54.7812	-10.3524	-0.0253772	126.196	131.467	0.959904
6009	0.00598293	0.226179	81.7908	54.7825	-10.3553	-0.0253771	126.193	131.466	0.959886
6010	0.00598385	0.226177	81.7889	54.7837	-10.3567	-0.0253769	126.19	131.465	0.959877
6011	0.00598477	0.226175	81.787	54.7849	-10.3571	-0.0253768	126.189	131.464	0.959877
6012	0.00598569	0.226173	81.7851	54.786	-10.3566	-0.0253766	126.189	131.463	0.959884
6013	0.00598661	0.226171	81.7832	54.7872	-10.3553	-0.0253765	126.19	131.462	0.959897
6014	0.00598753	0.22617	81.7814	54.7884	-10.3534	-0.0253763	126.191	131.461	0.959914
6015	0.00598845	0.226168	81.7795	54.7896	-10.3495	-0.0253763	126.194	131.46	0.959946
6016	0.00598937	0.226166	81.7776	54.7908	-10.3419	-0.0253763	126.201	131.459	0.960007
6017	0.00599029	0.226164	81.7758	54.7919	-10.3338	-0.0253763	126.209	131.457	0.960071
6018	0.00599121	0.226162	81.774	54.7931	-10.3258	-0.0253762	126.216	131.456	0.960135
6019	0.00599213	0.22616	81.7721	54.7942	-10.3179	-0.0253762	126.223	131.455	0.960198
6020	0.00599305	0.226158	81.7703	54.7954	-10.3103	-0.0253762	126.23	131.454	0.960259
6021	0.00599397	0.226157	81.7685	54.7965	-10.3032	-0.0253763	126.237	131.453	0.960316
6022	0.00599489	0.226155	81.7667	54.7977	-10.2966	-0.0253763	126.242	131.452	0.960368
6023	0.00599581	0.226153	81.7649	54.7988	-10.2907	-0.0253765	126.248	131.451	0.960416
6024	0.00599673	0.226151	81.7631	54.7999	-10.2855	-0.0253767	126.252	131.45	0.960458
6025	0.00599765	0.226149	81.7614	54.8011	-10.2812	-0.025377	126.256	131.449	0.960494
6026	0.00599857	0.226147	81.7596	54.8022	-10.2778	-0.0253773	126.259	131.448	0.960522
6027	0.00599949	0.226146	81.7578	54.8033	-10.2752	-0.0253776	126.261	131.447	0.960544
6028	0.00600041	0.226144	81.7561	54.8044	-10.2736	-0.025378	126.261	131.446	0.960559
6029	0.00600133	0.226142	81.7543	54.8055	-10.273	-0.0253784	126.261	131.445	0.960566
6030	0.00600226	0.22614	81.7526	54.8066	-10.2734	-0.0253788	126.26	131.444	0.960566
6031	0.00600318	0.226139	81.7509	54.8077	-10.2747	-0.0253791	126.258	131.443	0.960559
6032	0.0060041	0.226137	81.7492	54.8088	-10.2768	-0.0253795	126.256	131.442	0.960546
6033	0.00600502	0.226135	81.7475	54.8099	-10.2796	-0.0253799	126.252	131.441	0.960527
6034	0.00600594	0.226133	81.7458	54.8109	-10.2829	-0.0253802	126.248	131.44	0.960504
6035	0.00600686	0.226132	81.7441	54.812	-10.2867	-0.0253805	126.244	131.439	0.960478
6036	0.00600778	0.22613	81.7424	54.8131	-10.2908	-0.0253807	126.239	131.438	0.96045
6037	0.0060087	0.226128	81.7407	54.8141	-10.2951	-0.025381	126.234	131.437	0.960419
6038	0.00600962	0.226127	81.7391	54.8152	-10.2996	-0.0253812	126.229	131.436	0.960388
6039	0.00601054	0.226125	81.7374	54.8162	-10.3041	-0.0253813	126.224	131.435	0.960356
6040	0.00601146	0.226123	81.7358	54.8173	-10.3085	-0.0253814	126.219	131.434	0.960325
6041	0.00601238	0.226122	81.7341	54.8183	-10.3129	-0.0253815	126.214	131.433	0.960293
6042	0.0060133	0.22612	81.7325	54.8193	-10.3174	-0.0253816	126.209	131.432	0.960262
6043	0.00601422	0.226118	81.7309	54.8204	-10.3222	-0.0253816	126.204	131.431	0.960228
6044	0.00601514	0.226117	81.7292	54.8214	-10.3295	-0.0253815	126.196	131.43	0.960175
6045	0.00601606	0.226115	81.7276	54.8224	-10.3367	-0.0253814	126.188	131.429	0.960123
6046	0.00601698	0.226113	81.726	54.8234	-10.3416	-0.0253812	126.182	131.428	0.960088
6047	0.0060179	0.226112	81.7245	54.8244	-10.3447	-0.0253811	126.179	131.427	0.960066
6048	0.00601882	0.22611	81.7229	54.8254	-10.3465	-0.0253809	126.176	131.426	0.960056
6049	0.00601974	0.226109	81.7213	54.8264	-10.3471	-0.0253808	126.175	131.425	0.960053
6050	0.00602066	0.226107	81.7198	54.8274	-10.3468	-0.0253806	126.175	131.424	0.960058
6051	0.00602159	0.226105	81.7182	54.8284	-10.3457	-0.0253805	126.176	131.423	0.960069
6052	0.00602251	0.226104	81.7167	54.8293	-10.3439	-0.0253803	126.177	131.423	0.960085
6053	0.00602343	0.226102	81.7151	54.8303	-10.3408	-0.0253803	126.179	131.422	0.960111
6054	0.00602435	0.226101	81.7136	54.8313	-10.3334	-0.0253803	126.186	131.421	0.960169
6055	0.00602527	0.226099	81.7121	54.8322	-10.3254	-0.0253803	126.194	131.42	0.960232
6056	0.00602619	0.226098	81.7106	54.8332	-10.3173	-0.0253803	126.201	131.419	0.960296
6057	0.00602711	0.226096	81.7091	54.8342	-10.3094	-0.0253803	126.208	131.418	0.960359
6058	0.00602803	0.226095	81.7076	54.8351	-10.3018	-0.0253803	126.216	131.417	0.960419
6059	0.00602895	0.226093	81.7061	54.836	-10.2945	-0.0253803	126.222	131.416	0.960476
6060	0.00602987	0.226092	81.7046	54.837	-10.2879	-0.0253804	126.228	131.415	0.960529
6061	0.00603079	0.22609	81.7031	54.8379	-10.2819	-0.0253805	126.234	131.415	0.960577
6062	0.00603171	0.226089	81.7017	54.8388	-10.2767	-0.0253807	126.238	131.414	0.960619
6063	0.00603263	0.226087	81.7002	54.8398	-10.2723	-0.025381	126.242	131.413	0.960654
6064	0.00603355	0.226086	81.6987	54.8407	-10.2688	-0.0253813	126.245	131.412	0.960683
6065	0.00603447	0.226084	81.6973	54.8416	-10.2663	-0.0253816	126.247	131.411	0.960705
6066	0.00603539	0.226083	81.6959	54.8425	-10.2647	-0.025382	126.248	131.41	0.960719
6067	0.00603631	0.226081	81.6945	54.8434	-10.2641	-0.0253824	126.248	131.409	0.960726
6068	0.00603723	0.22608	81.693	54.8443	-10.2645	-0.0253828	126.247	131.409	0.960725
6069	0.00603815	0.226078	81.6916	54.8452	-10.2658	-0.0253832	126.246	131.408	0.960717
6070	0.00603907	0.226077	81.6902	54.8461	-10.2679	-0.0253835	126.243	131.407	0.960703
6071	0.00603999	0.226076	81.6888	54.8469	-10.2708	-0.0253839	126.24	131.406	0.960683
6072	0.00604091	0.226074	81.6875	54.8478	-10.2743	-0.0253842	126.236	131.405	0.960659
6073	0.00604183	0.226073	81.6861	54.8487	-10.2782	-0.0253845	126.231	131.404	0.960631
6074	0.00604275	0.226071	81.6847	54.8495	-10.2824	-0.0253848	126.226	131.404	0.960601
6075	0.00604367	0.22607	81.6834	54.8504	-10.2869	-0.025385	126.221	131.403	0.960569
6076	0.00604459	0.226069	81.682	54.8513	-10.2916	-0.0253852	126.216	131.402	0.960536
6077	0.00604551	0.226067	81.6806	54.8521	-10.2963	-0.0253853	126.211	131.401	0.960502
6078	0.00604643	0.226066	81.6793	54.853	-10.3009	-0.0253855	126.206	131.4	0.960468
6079	0.00604735	0.226064	81.678	54.8538	-10.3056	-0.0253856	126.201	131.4	0.960435
6080	0.00604827	0.226063	81.6766	54.8546	-10.3102	-0.0253856	126.196	131.399	0.960402
6081	0.00604919	0.226062	81.6753	54.8555	-10.3153	-0.0253857	126.19	131.398	0.960365
6082	0.00605011	0.22606	81.674	54.8563	-10.3234	-0.0253856	126.182	131.397	0.960305
6083	0.00605103	0.226059	81.6727	54.8571	-10.3306	-0.0253854	126.174	131.397	0.960252
6084	0.00605195	0.226058	81.6714	54.858	-10.3356	-0.0253853	126.168	131.396	0.960217
6085	0.00605287	0.226056	81.6701	54.8588	-10.3387	-0.0253851	126.165	131.395	0.960195
6086	0.00605379	0.226055	81.6688	54.8596	-10.3405	-0.025385	126.162	131.394	0.960183
6087	0.00605471	0.226054	81.6675	54.8604	-10.3412	-0.0253848	126.161	131.393	0.96018
6088	0.00605563	0.226053	81.6663	54.8612	-10.3409	-0.0253847	126.161	131.393	0.960184
6089	0.00605655	0.226051	81.665	54.862	-10.3398	-0.0253846	126.162	131.392	0.960194
6090	0.00605747	0.22605	81.6637	54.8628	-10.338	-0.0253844	126.163	131.391	0.96021
6091	0.00605839	0.226049	81.6625	54.8636	-10.3346	-0.0253844	126.166	131.39	0.960238
6092	0.00605931	0.226047	81.6612	54.8644	-10.3271	-0.0253844	126.173	131.39	0.960297
6093	0.00606023	0.226046	81.66	54.8652	-10.319	-0.0253844	126.181	131.389	0.96036
6094	0.00606115	0.226045	81.6588	54.866	-10.3109	-0.0253844	126.188	131.388	0.960424
6095	0.00606207	0.226044	81.6575	54.8667	-10.303	-0.0253844	126.196	131.388	0.960486
6096	0.00606299	0.226042	81.6563	54.8675	-10.2953	-0.0253844	126.203	131.387	0.960546
6097	0.00606391	0.226041	81.6551	54.8683	-10.2881	-0.0253845	126.21	131.386	0.960603
6098	0.00606483	0.22604	81.6539	54.8691	-10.2814	-0.0253846	126.216	131.385	0.960656
6099	0.00606575	0.226039	81.6527	54.8698	-10.2754	-0.0253848	126.222	131.385	0.960703
6100	0.00606667	0.226038	81.6515	54.8706	-10.2702	-0.025385	126.226	131.384	0.960745
6101	0.00606759	0.226036	81.6503	54.8713	-10.2659	-0.0253852	126.23	131.383	0.96078
6102	0.00606851	0.226035	81.6491	54.8721	-10.2624	-0.0253855	126.233	131.383	0.960808
6103	0.00606943	0.226034	81.6479	54.8728	-10.2599	-0.0253859	126.235	131.382	0.960829
6104	0.00607035	0.226033	81.6467	54.8736	-10.2583	-0.0253863	126.237	131.381	0.960842
6105	0.00607127	0.226031	81.6455	54.8743	-10.2578	-0.0253867	126.237	131.38	0.960848
6106	0.00607219	0.22603	81.6443	54.8751	-10.2583	-0.025387	126.236	131.38	0.960846
6107	0.00607311	0.226029	81.6432	54.8758	-10.2597	-0.0253874	126.234	131.379	0.960837
6108	0.00607403	0.226028	81.642	54.8765	-10.2619	-0.0253878	126.231	131.378	0.960822
6109	0.00607495	0.226027	81.6409	54.8773	-10.2649	-0.0253881	126.228	131.378	0.960801
6110	0.00607587	0.226026	81.6397	54.878	-10.2684	-0.0253884	126.224	131.377	0.960776
6111	0.00607679	0.226024	81.6386	54.8787	-10.2724	-0.0253887	126.22	131.376	0.960748
6112	0.00607771	0.226023	81.6374	54.8794	-10.2767	-0.025389	126.215	131.376	0.960716
6113	0.00607863	0.226022	81.6363	54.8802	-10.2813	-0.0253892	126.21	131.375	0.960683
6114	0.00607955	0.226021	81.6352	54.8809	-10.286	-0.0253894	126.205	131.374	0.960649
6115	0.00608047	0.22602	81.634	54.8816	-10.2908	-0.0253895	126.199	131.374	0.960615
6116	0.00608139	0.226019	81.6329	54.8823	-10.2955	-0.0253897	126.194	131.373	0.96058
6117	0.00608231	0.226018	81.6318	54.883	-10.3003	-0.0253897	126.189	131.372	0.960546
6118	0.00608323	0.226016	81.6307	54.8837	-10.3051	-0.0253898	126.184	131.372	0.960511
6119	0.00608415	0.226015	81.6296	54.8844	-10.3106	-0.0253898	126.178	131.371	0.96047
6120	0.00608507	0.226014	81.6285	54.8851	-10.3199	-0.0253897	126.168	131.37	0.960402
6121	0.00608599	0.226013	81.6274	54.8858	-10.3264	-0.0253895	126.161	131.37	0.960353
6122	0.00608691	0.226012	81.6263	54.8865	-10.3309	-0.0253894	126.157	131.369	0.960321
6123	0.00608783	0.226011	81.6252	54.8872	-10.3337	-0.0253892	126.153	131.368	0.960301
6124	0.00608875	0.22601	81.6241	54.8879	-10.3352	-0.0253891	126.151	131.368	0.960292
6125	0.00608967	0.226009	81.623	54.8886	-10.3356	-0.0253889	126.151	131.367	0.96029
6126	0.00609059	0.226008	81.6219	54.8893	-10.3351	-0.0253888	126.151	131.367	0.960296
6127	0.00609151	0.226006	81.6208	54.8899	-10.3337	-0.0253886	126.152	131.366	0.960308
6128	0.00609243	0.226005	81.6198	54.8906	-10.3317	-0.0253885	126.153	131.365	0.960325
6129	0.00609335	0.226004	81.6187	54.8913	-10.3263	-0.0253885	126.158	131.365	0.960367
6130	0.00609427	0.226003	81.6176	54.892	-10.3184	-0.0253886	126.166	131.364	0.960429
6131	0.00609519	0.226002	81.6166	54.8927	-10.3102	-0.0253886	126.174	131.363	0.960494
6132	0.00609611	0.226001	81.6155	54.8933	-10.302	-0.0253886	126.181	131.363	0.960558
6133	0.00609703	0.226	81.6144	54.894	-10.294	-0.0253886	126.189	131.362	0.96062
6134	0.00609795	0.225999	81.6134	54.8947	-10.2863	-0.0253886	126.196	131.361	0.96068
6135	0.00609887	0.225998	81.6123	54.8954	-10.279	-0.0253887	126.203	131.361	0.960737
6136	0.00609979	0.225997	81.6112	54.896	-10.2724	-0.0253888	126.209	131.36	0.960789
6137	0.00610071	0.225996	81.6102	54.8967	-10.2665	-0.025389	126.215	131.36	0.960836
6138	0.00610163	0.225995	81.6091	54.8974	-10.2613	-0.0253893	126.22	131.359	0.960877
6139	0.00610255	0.225993	81.6081	54.898	-10.2571	-0.0253896	126.224	131.358	0.960911
6140	0.00610347	0.225992	81.607	54.8987	-10.2538	-0.0253899	126.227	131.358	0.960938
6141	0.00610439	0.225991	81.606	54.8994	-10.2514	-0.0253903	126.229	131.357	0.960957
6142	0.00610531	0.22599	81.6049	54.9	-10.25	-0.0253907	126.23	131.356	0.96097
6143	0.00610623	0.225989	81.6039	54.9007	-10.2496	-0.025391	126.23	131.356	0.960974
6144	0.00610715	0.225988	81.6028	54.9014	-10.2502	-0.0253914	126.229	131.355	0.960971
6145	0.00610807	0.225987	81.6017	54.902	-10.2518	-0.0253918	126.227	131.355	0.960961
6146	0.00610899	0.225986	81.6007	54.9027	-10.2542	-0.0253922	126.224	131.354	0.960944
6147	0.00610991	0.225985	81.5996	54.9034	-10.2572	-0.0253925	126.22	131.353	0.960923
6148	0.00611083	0.225984	81.5986	54.9041	-10.2608	-0.0253928	126.216	131.353	0.960897
6149	0.00611175	0.225983	81.5975	54.9047	-10.2649	-0.0253931	126.212	131.352	0.960868
6150	0.00611266	0.225982	81.5964	54.9054	-10.2692	-0.0253934	126.207	131.351	0.960836
6151	0.00611358	0.225981	81.5953	54.9061	-10.2738	-0.0253936	126.202	131.351	0.960803
6152	0.0061145	0.225979	81.5943	54.9068	-10.2786	-0.0253937	126.197	131.35	0.960768
6153	0.00611542	0.225978	81.5932	54.9075	-10.2833	-0.0253939	126.192	131.35	0.960733
6154	0.00611634	0.225977	81.5921	54.9081	-10.2881	-0.025394	126.187	131.349	0.960699
6155	0.00611726	0.225976	81.591	54.9088	-10.293	-0.0253941	126.181	131.348	0.960663
6156	0.00611818	0.225975	81.5899	54.9095	-10.2982	-0.0253941	126.176	131.348	0.960625
6157	0.0061191	0.225974	81.5889	54.9102	-10.3059	-0.025394	126.168	131.347	0.960569
6158	0.00612002	0.225973	81.5878	54.9109	-10.3138	-0.0253938	126.16	131.346	0.96051
6159	0.00612094	0.225972	81.5867	54.9116	-10.3193	-0.0253937	126.154	131.346	0.96047
6160	0.00612186	0.225971	81.5856	54.9123	-10.3229	-0.0253935	126.15	131.345	0.960444
6161	0.00612278	0.22597	81.5845	54.913	-10.3251	-0.0253934	126.147	131.344	0.960429
6162	0.0061237	0.225968	81.5833	54.9137	-10.326	-0.0253932	126.146	131.344	0.960423
6163	0.00612462	0.225967	81.5822	54.9144	-10.326	-0.0253931	126.145	131.343	0.960426
6164	0.00612554	0.225966	81.5811	54.9151	-10.325	-0.0253929	126.146	131.342	0.960435
6165	0.00612646	0.225965	81.58	54.9158	-10.3232	-0.0253928	126.147	131.342	0.96045
6166	0.00612738	0.225964	81.5789	54.9166	-10.3208	-0.0253927	126.149	131.341	0.96047
6167	0.0061283	0.225963	81.5777	54.9173	-10.3139	-0.0253927	126.156	131.34	0.960524
6168	0.00612922	0.225962	81.5766	54.918	-10.3056	-0.0253928	126.164	131.34	0.960589
6169	0.00613014	0.22596	81.5754	54.9187	-10.2972	-0.0253928	126.172	131.339	0.960655
6170	0.00613106	0.225959	81.5743	54.9195	-10.2888	-0.0253928	126.18	131.338	0.96072
6171	0.00613198	0.225958	81.5731	54.9202	-10.2807	-0.0253928	126.187	131.338	0.960784
6172	0.0061329	0.225957	81.572	54.9209	-10.2729	-0.0253929	126.195	131.337	0.960845
6173	0.00613382	0.225956	81.5708	54.9217	-10.2657	-0.025393	126.201	131.336	0.960902
6174	0.00613474	0.225954	81.5696	54.9224	-10.2591	-0.0253931	126.208	131.336	0.960954
6175	0.00613566	0.225953	81.5684	54.9232	-10.2532	-0.0253933	126.213	131.335	0.961001
6176	0.00613657	0.225952	81.5672	54.9239	-10.2481	-0.0253936	126.218	131.334	0.961041
6177	0.00613749	0.225951	81.566	54.9247	-10.244	-0.0253939	126.221	131.334	0.961074
6178	0.00613841	0.22595	81.5648	54.9255	-10.2408	-0.0253943	126.224	131.333	0.9611
6179	0.00613933	0.225948	81.5636	54.9262	-10.2386	-0.0253947	126.226	131.332	0.961119
6180	0.00614025	0.225947	81.5624	54.927	-10.2373	-0.0253951	126.227	131.331	0.961131
6181	0.00614117	0.225946	81.5612	54.9278	-10.2371	-0.0253955	126.226	131.331	0.961134
6182	0.00614209	0.225945	81.5599	54.9286	-10.2379	-0.0253959	126.225	131.33	0.96113
6183	0.00614301	0.225943	81.5587	54.9294	-10.2396	-0.0253963	126.223	131.329	0.961119
6184	0.00614393	0.225942	81.5574	54.9302	-10.2421	-0.0253967	126.22	131.329	0.961102
6185	0.00614485	0.225941	81.5562	54.931	-10.2452	-0.025397	126.217	131.328	0.96108
6186	0.00614577	0.22594	81.5549	54.9318	-10.2488	-0.0253973	126.212	131.327	0.961054
6187	0.00614669	0.225938	81.5536	54.9326	-10.2529	-0.0253976	126.208	131.326	0.961026
6188	0.00614761	0.225937	81.5523	54.9334	-10.2572	-0.0253979	126.203	131.326	0.960995
6189	0.00614853	0.225936	81.551	54.9342	-10.2617	-0.0253981	126.198	131.325	0.960962
6190	0.00614945	0.225934	81.5497	54.9351	-10.2664	-0.0253983	126.193	131.324	0.960929
6191	0.00615037	0.225933	81.5484	54.9359	-10.2711	-0.0253984	126.188	131.323	0.960895
6192	0.00615129	0.225932	81.5471	54.9367	-10.2758	-0.0253985	126.183	131.322	0.960861
6193	0.00615221	0.22593	81.5457	54.9376	-10.2808	-0.0253986	126.177	131.322	0.960825
6194	0.00615313	0.225929	81.5444	54.9384	-10.2865	-0.0253986	126.171	131.321	0.960783
6195	0.00615404	0.225928	81.543	54.9393	-10.2958	-0.0253984	126.161	131.32	0.960715
6196	0.00615496	0.225926	81.5417	54.9402	-10.3024	-0.0253983	126.154	131.319	0.960667
6197	0.00615588	0.225925	81.5403	54.941	-10.307	-0.0253981	126.149	131.318	0.960634
6198	0.0061568	0.225923	81.5389	54.9419	-10.3098	-0.025398	126.146	131.318	0.960614
6199	0.00615772	0.225922	81.5375	54.9428	-10.3113	-0.0253978	126.144	131.317	0.960605
6200	0.00615864	0.225921	81.5361	54.9437	-10.3117	-0.0253977	126.143	131.316	0.960604
6201	0.00615956	0.225919	81.5347	54.9446	-10.3112	-0.0253975	126.143	131.315	0.960611
6202	0.00616048	0.225918	81.5332	54.9455	-10.3098	-0.0253974	126.144	131.314	0.960623
6203	0.0061614	0.225916	81.5318	54.9464	-10.3076	-0.0253972	126.145	131.313	0.960642
6204	0.00616232	0.225915	81.5304	54.9473	-10.3026	-0.0253972	126.15	131.313	0.960682
6205	0.00616324	0.225913	81.5289	54.9483	-10.2945	-0.0253973	126.157	131.312	0.960746
6206	0.00616416	0.225912	81.5274	54.9492	-10.2861	-0.0253973	126.165	131.311	0.960813
6207	0.00616508	0.22591	81.5259	54.9501	-10.2776	-0.0253973	126.173	131.31	0.96088
6208	0.006166	0.225909	81.5244	54.9511	-10.2692	-0.0253973	126.181	131.309	0.960946
6209	0.00616692	0.225907	81.5229	54.9521	-10.2611	-0.0253973	126.188	131.308	0.961009
6210	0.00616784	0.225906	81.5214	54.953	-10.2535	-0.0253974	126.196	131.307	0.96107
6211	0.00616876	0.225904	81.5199	54.954	-10.2465	-0.0253975	126.202	131.306	0.961126
6212	0.00616967	0.225903	81.5184	54.955	-10.2401	-0.0253977	126.208	131.306	0.961176
6213	0.00617059	0.225901	81.5168	54.9559	-10.2345	-0.025398	126.213	131.305	0.961221
6214	0.00617151	0.225899	81.5153	54.9569	-10.2298	-0.0253983	126.217	131.304	0.961259
6215	0.00617243	0.225898	81.5137	54.9579	-10.226	-0.0253986	126.22	131.303	0.961291
6216	0.00617335	0.225896	81.5121	54.9589	-10.2232	-0.025399	126.222	131.302	0.961315
6217	0.00617427	0.225895	81.5105	54.9599	-10.2213	-0.0253995	126.224	131.301	0.961332
6218	0.00617519	0.225893	81.509	54.9609	-10.2205	-0.0253999	126.224	131.3	0.96134
6219	0.00617611	0.225891	81.5074	54.9619	-10.2207	-0.0254003	126.223	131.299	0.961341
6220	0.00617703	0.22589	81.5058	54.963	-10.2218	-0.0254007	126.221	131.298	0.961335
6221	0.00617795	0.225888	81.5041	54.964	-10.2238	-0.0254011	126.219	131.297	0.961323
6222	0.00617887	0.225887	81.5025	54.965	-10.2265	-0.0254015	126.216	131.296	0.961305
6223	0.00617979	0.225885	81.5009	54.9661	-10.2297	-0.0254018	126.212	131.295	0.961282
6224	0.00618071	0.225883	81.4992	54.9671	-10.2334	-0.0254021	126.207	131.294	0.961257
6225	0.00618163	0.225882	81.4975	54.9682	-10.2375	-0.0254024	126.203	131.293	0.961228
6226	0.00618254	0.22588	81.4959	54.9692	-10.2418	-0.0254027	126.198	131.292	0.961198
6227	0.00618346	0.225878	81.4942	54.9703	-10.2463	-0.0254029	126.193	131.291	0.961166
6228	0.00618438	0.225876	81.4925	54.9714	-10.2509	-0.0254031	126.188	131.29	0.961134
6229	0.0061853	0.225875	81.4908	54.9725	-10.2555	-0.0254032	126.182	131.289	0.961101
6230	0.00618622	0.225873	81.4891	54.9736	-10.2604	-0.0254033	126.177	131.288	0.961067
6231	0.00618714	0.225871	81.4873	54.9747	-10.266	-0.0254033	126.171	131.287	0.961027
6232	0.00618806	0.225869	81.4856	54.9758	-10.2756	-0.0254032	126.16	131.286	0.960957
6233	0.00618898	0.225868	81.4838	54.9769	-10.2824	-0.0254031	126.153	131.285	0.960907
6234	0.0061899	0.225866	81.482	54.978	-10.2872	-0.0254029	126.147	131.284	0.960873
6235	0.00619082	0.225864	81.4803	54.9791	-10.2903	-0.0254028	126.144	131.283	0.960853
6236	0.00619174	0.225862	81.4785	54.9803	-10.292	-0.0254026	126.141	131.282	0.960843
6237	0.00619266	0.22586	81.4766	54.9814	-10.2925	-0.0254025	126.14	131.281	0.960841
6238	0.00619358	0.225859	81.4748	54.9826	-10.2921	-0.0254023	126.14	131.28	0.960847
6239	0.0061945	0.225857	81.473	54.9838	-10.2908	-0.0254022	126.141	131.279	0.96086
6240	0.00619542	0.225855	81.4711	54.9849	-10.2887	-0.0254021	126.142	131.278	0.960878
6241	0.00619633	0.225853	81.4693	54.9861	-10.2852	-0.025402	126.145	131.277	0.960908
6242	0.00619725	0.225851	81.4674	54.9873	-10.2773	-0.0254021	126.152	131.276	0.960971
6243	0.00619817	0.225849	81.4655	54.9885	-10.2688	-0.0254021	126.16	131.274	0.961039
6244	0.00619909	0.225847	81.4636	54.9897	-10.2602	-0.0254021	126.168	131.273	0.961107
6245	0.00620001	0.225845	81.4617	54.9909	-10.2516	-0.0254021	126.176	131.272	0.961175
6246	0.00620093	0.225843	81.4597	54.9922	-10.2434	-0.0254021	126.183	131.271	0.961241
6247	0.00620185	0.225841	81.4578	54.9934	-10.2355	-0.0254022	126.19	131.27	0.961304
6248	0.00620277	0.225839	81.4558	54.9947	-10.2282	-0.0254023	126.197	131.269	0.961362
6249	0.00620369	0.225837	81.4538	54.9959	-10.2216	-0.0254025	126.203	131.268	0.961416
6250	0.00620461	0.225835	81.4518	54.9972	-10.2157	-0.0254028	126.208	131.266	0.961464
6251	0.00620553	0.225833	81.4498	54.9984	-10.2107	-0.0254031	126.212	131.265	0.961505
6252	0.00620645	0.225831	81.4478	54.9997	-10.2066	-0.0254034	126.216	131.264	0.96154
6253	0.00620737	0.225829	81.4458	55.001	-10.2034	-0.0254038	126.218	131.263	0.961567
6254	0.00620828	0.225827	81.4437	55.0023	-10.2012	-0.0254042	126.219	131.262	0.961587
6255	0.0062092	0.225825	81.4417	55.0036	-10.2	-0.0254046	126.22	131.26	0.961599
6256	0.00621012	0.225823	81.4396	55.005	-10.1999	-0.025405	126.219	131.259	0.961603
6257	0.00621104	0.225821	81.4375	55.0063	-10.2008	-0.0254055	126.218	131.258	0.9616
6258	0.00621196	0.225819	81.4354	55.0076	-10.2025	-0.0254059	126.215	131.257	0.96159
6259	0.00621288	0.225816	81.4333	55.009	-10.205	-0.0254063	126.212	131.255	0.961574
6260	0.0062138	0.225814	81.4311	55.0103	-10.208	-0.0254066	126.208	131.254	0.961554
6261	0.00621472	0.225812	81.429	55.0117	-10.2116	-0.025407	126.204	131.253	0.96153
6262	0.00621564	0.22581	81.4268	55.0131	-10.2156	-0.0254073	126.199	131.252	0.961503
6263	0.00621656	0.225808	81.4246	55.0144	-10.2198	-0.0254076	126.194	131.25	0.961475
6264	0.00621748	0.225805	81.4224	55.0158	-10.2242	-0.0254078	126.189	131.249	0.961444
6265	0.0062184	0.225803	81.4202	55.0172	-10.2288	-0.025408	126.183	131.248	0.961413
6266	0.00621932	0.225801	81.418	55.0187	-10.2334	-0.0254082	126.178	131.246	0.961381
6267	0.00622023	0.225799	81.4157	55.0201	-10.2382	-0.0254083	126.172	131.245	0.961348
6268	0.00622115	0.225796	81.4135	55.0215	-10.2436	-0.0254084	126.166	131.244	0.96131
6269	0.00622207	0.225794	81.4112	55.023	-10.2528	-0.0254083	126.156	131.242	0.961243
6270	0.00622299	0.225792	81.4089	55.0244	-10.2602	-0.0254082	126.148	131.241	0.961191
6271	0.00622391	0.225789	81.4066	55.0259	-10.2653	-0.0254081	126.142	131.24	0.961155
6272	0.00622483	0.225787	81.4043	55.0273	-10.2686	-0.025408	126.138	131.238	0.961134
6273	0.00622575	0.225785	81.402	55.0288	-10.2705	-0.0254078	126.135	131.237	0.961123
6274	0.00622667	0.225782	81.3996	55.0303	-10.2713	-0.0254077	126.133	131.236	0.961121
6275	0.00622759	0.22578	81.3972	55.0318	-10.271	-0.0254076	126.133	131.234	0.961126
6276	0.00622851	0.225777	81.3949	55.0333	-10.2698	-0.0254075	126.133	131.233	0.961139
6277	0.00622943	0.225775	81.3925	55.0348	-10.2678	-0.0254074	126.134	131.231	0.961158
6278	0.00623035	0.225773	81.3901	55.0364	-10.2652	-0.0254073	126.136	131.23	0.961181
6279	0.00623127	0.22577	81.3876	55.0379	-10.2579	-0.0254073	126.142	131.229	0.961241
6280	0.00623218	0.225768	81.3852	55.0394	-10.2494	-0.0254074	126.15	131.227	0.961309
6281	0.0062331	0.225765	81.3827	55.041	-10.2407	-0.0254074	126.158	131.226	0.961379
6282	0.00623402	0.225763	81.3803	55.0426	-10.2321	-0.0254075	126.165	131.224	0.961448
6283	0.00623494	0.22576	81.3778	55.0441	-10.2238	-0.0254075	126.173	131.223	0.961516
6284	0.00623586	0.225758	81.3753	55.0457	-10.2158	-0.0254076	126.18	131.221	0.96158
6285	0.00623678	0.225755	81.3728	55.0473	-10.2084	-0.0254077	126.186	131.22	0.961641
6286	0.0062377	0.225752	81.3703	55.0489	-10.2016	-0.0254079	126.192	131.218	0.961696
6287	0.00623862	0.22575	81.3677	55.0505	-10.1956	-0.0254081	126.197	131.217	0.961746
6288	0.00623954	0.225747	81.3652	55.0521	-10.1904	-0.0254084	126.201	131.215	0.961789
6289	0.00624046	0.225745	81.3626	55.0538	-10.1862	-0.0254087	126.205	131.214	0.961826
6290	0.00624138	0.225742	81.36	55.0554	-10.1829	-0.0254091	126.207	131.212	0.961855
6291	0.0062423	0.225739	81.3574	55.0571	-10.1806	-0.0254095	126.208	131.211	0.961876
6292	0.00624321	0.225737	81.3548	55.0587	-10.1793	-0.0254099	126.209	131.209	0.96189
6293	0.00624413	0.225734	81.3522	55.0604	-10.1791	-0.0254104	126.208	131.208	0.961896
6294	0.00624505	0.225731	81.3495	55.0621	-10.1798	-0.0254108	126.206	131.206	0.961894
6295	0.00624597	0.225729	81.3469	55.0637	-10.1815	-0.0254112	126.204	131.204	0.961886
6296	0.00624689	0.225726	81.3442	55.0654	-10.1839	-0.0254116	126.2	131.203	0.961871
6297	0.00624781	0.225723	81.3415	55.0671	-10.187	-0.025412	126.196	131.201	0.961852
6298	0.00624873	0.225721	81.3388	55.0688	-10.1906	-0.0254123	126.192	131.2	0.961828
6299	0.00624965	0.225718	81.3361	55.0705	-10.1946	-0.0254126	126.187	131.198	0.961802
6300	0.00625057	0.225715	81.3334	55.0723	-10.199	-0.0254129	126.181	131.197	0.961773
6301	0.00625149	0.225712	81.3307	55.074	-10.2035	-0.0254132	126.176	131.195	0.961743
6302	0.00625241	0.22571	81.3279	55.0757	-10.2081	-0.0254134	126.17	131.193	0.961712
6303	0.00625333	0.225707	81.3252	55.0775	-10.2129	-0.0254136	126.164	131.192	0.96168
6304	0.00625425	0.225704	81.3224	55.0793	-10.2178	-0.0254137	126.158	131.19	0.961647
6305	0.00625516	0.225701	81.3196	55.081	-10.2231	-0.0254138	126.152	131.188	0.96161
6306	0.00625608	0.225698	81.3168	55.0828	-10.2312	-0.0254138	126.143	131.187	0.961553
6307	0.006257	0.225695	81.314	55.0846	-10.2393	-0.0254137	126.134	131.185	0.961496
6308	0.00625792	0.225692	81.3112	55.0864	-10.245	-0.0254136	126.127	131.183	0.961456
6309	0.00625884	0.22569	81.3084	55.0881	-10.2488	-0.0254135	126.122	131.182	0.961432
6310	0.00625976	0.225687	81.3055	55.0899	-10.2511	-0.0254134	126.119	131.18	0.961419
6311	0.00626068	0.225684	81.3027	55.0918	-10.2522	-0.0254133	126.117	131.178	0.961415
6312	0.0062616	0.225681	81.2998	55.0936	-10.2522	-0.0254132	126.116	131.177	0.961419
6313	0.00626252	0.225678	81.2969	55.0954	-10.2512	-0.0254131	126.116	131.175	0.961431
6314	0.00626344	0.225675	81.294	55.0972	-10.2495	-0.025413	126.116	131.173	0.961449
6315	0.00626436	0.225672	81.2912	55.0991	-10.247	-0.025413	126.118	131.172	0.961472
6316	0.00626528	0.225669	81.2882	55.1009	-10.2404	-0.0254131	126.123	131.17	0.961527
6317	0.0062662	0.225666	81.2853	55.1027	-10.232	-0.0254131	126.131	131.168	0.961595
6318	0.00626711	0.225663	81.2824	55.1046	-10.2234	-0.0254132	126.138	131.166	0.961665
6319	0.00626803	0.22566	81.2795	55.1065	-10.2149	-0.0254133	126.146	131.165	0.961735
6320	0.00626895	0.225657	81.2765	55.1083	-10.2066	-0.0254133	126.153	131.163	0.961803
6321	0.00626987	0.225654	81.2736	55.1102	-10.1986	-0.0254134	126.16	131.161	0.961868
6322	0.00627079	0.225651	81.2706	55.1121	-10.1912	-0.0254136	126.166	131.159	0.961929
6323	0.00627171	0.225648	81.2676	55.114	-10.1844	-0.0254138	126.172	131.158	0.961986
6324	0.00627263	0.225645	81.2646	55.1158	-10.1783	-0.025414	126.177	131.156	0.962037
6325	0.00627355	0.225642	81.2616	55.1177	-10.1731	-0.0254143	126.181	131.154	0.962081
6326	0.00627447	0.225639	81.2586	55.1196	-10.1688	-0.0254147	126.184	131.152	0.962119
6327	0.00627539	0.225636	81.2556	55.1215	-10.1655	-0.0254151	126.186	131.151	0.962149
6328	0.00627631	0.225633	81.2526	55.1235	-10.1631	-0.0254155	126.188	131.149	0.962171
6329	0.00627723	0.22563	81.2496	55.1254	-10.1618	-0.0254159	126.188	131.147	0.962186
6330	0.00627815	0.225627	81.2466	55.1273	-10.1615	-0.0254164	126.187	131.145	0.962193
6331	0.00627906	0.225624	81.2435	55.1292	-10.1623	-0.0254168	126.185	131.143	0.962191
6332	0.00627998	0.22562	81.2405	55.1311	-10.164	-0.0254173	126.182	131.142	0.962183
6333	0.0062809	0.225617	81.2374	55.1331	-10.1665	-0.0254177	126.179	131.14	0.962169
6334	0.00628182	0.225614	81.2343	55.135	-10.1697	-0.025418	126.174	131.138	0.962149
6335	0.00628274	0.225611	81.2313	55.137	-10.1734	-0.0254184	126.169	131.136	0.962125
6336	0.00628366	0.225608	81.2282	55.1389	-10.1776	-0.0254187	126.164	131.134	0.962098
6337	0.00628458	0.225605	81.2251	55.1409	-10.1821	-0.025419	126.158	131.132	0.962069
6338	0.0062855	0.225602	81.222	55.1428	-10.1868	-0.0254193	126.153	131.131	0.962038
6339	0.00628642	0.225598	81.2189	55.1448	-10.1917	-0.0254195	126.147	131.129	0.962005
6340	0.00628734	0.225595	81.2158	55.1468	-10.1967	-0.0254197	126.14	131.127	0.961972
6341	0.00628826	0.225592	81.2127	55.1487	-10.2018	-0.0254199	126.134	131.125	0.961938
6342	0.00628918	0.225589	81.2096	55.1507	-10.2075	-0.02542	126.127	131.123	0.961899
6343	0.0062901	0.225586	81.2064	55.1527	-10.2158	-0.02542	126.118	131.121	0.961841
6344	0.00629102	0.225583	81.2033	55.1547	-10.2242	-0.0254199	126.108	131.12	0.961782
6345	0.00629193	0.225579	81.2002	55.1567	-10.2302	-0.0254198	126.101	131.118	0.96174
6346	0.00629285	0.225576	81.197	55.1586	-10.2343	-0.0254197	126.096	131.116	0.961714
6347	0.00629377	0.225573	81.1939	55.1606	-10.2369	-0.0254196	126.092	131.114	0.961699
6348	0.00629469	0.22557	81.1907	55.1626	-10.2382	-0.0254195	126.09	131.112	0.961694
6349	0.00629561	0.225566	81.1875	55.1647	-10.2384	-0.0254194	126.088	131.11	0.961698
6350	0.00629653	0.225563	81.1843	55.1667	-10.2377	-0.0254193	126.088	131.108	0.961708
6351	0.00629745	0.22556	81.1812	55.1687	-10.2361	-0.0254193	126.088	131.106	0.961725
6352	0.00629837	0.225557	81.178	55.1707	-10.2338	-0.0254192	126.089	131.105	0.961748
6353	0.00629929	0.225553	81.1748	55.1727	-10.2275	-0.0254193	126.095	131.103	0.9618
6354	0.00630021	0.22555	81.1716	55.1747	-10.2193	-0.0254195	126.102	131.101	0.961868
6355	0.00630113	0.225547	81.1684	55.1768	-10.2108	-0.0254195	126.109	131.099	0.961938
6356	0.00630205	0.225544	81.1652	55.1788	-10.2023	-0.0254196	126.116	131.097	0.962008
6357	0.00630297	0.22554	81.1619	55.1808	-10.194	-0.0254197	126.123	131.095	0.962076
6358	0.00630389	0.225537	81.1587	55.1829	-10.1861	-0.0254199	126.13	131.093	0.962141
6359	0.0063048	0.225534	81.1555	55.1849	-10.1786	-0.02542	126.136	131.091	0.962203
6360	0.00630572	0.22553	81.1522	55.187	-10.1718	-0.0254203	126.142	131.089	0.96226
6361	0.00630664	0.225527	81.149	55.189	-10.1658	-0.0254206	126.147	131.087	0.962311
6362	0.00630756	0.225524	81.1457	55.1911	-10.1606	-0.0254209	126.151	131.085	0.962356
6363	0.00630848	0.225521	81.1425	55.1931	-10.1562	-0.0254213	126.154	131.083	0.962394
6364	0.0063094	0.225517	81.1392	55.1952	-10.1529	-0.0254217	126.156	131.082	0.962425
6365	0.00631032	0.225514	81.136	55.1973	-10.1505	-0.0254222	126.157	131.08	0.962448
6366	0.00631124	0.225511	81.1327	55.1993	-10.1492	-0.0254226	126.157	131.078	0.962463
6367	0.00631216	0.225507	81.1294	55.2014	-10.149	-0.0254231	126.156	131.076	0.96247
6368	0.00631308	0.225504	81.1261	55.2035	-10.1498	-0.0254236	126.154	131.074	0.962469
6369	0.006314	0.2255	81.1228	55.2056	-10.1515	-0.0254241	126.151	131.072	0.962461
6370	0.00631492	0.225497	81.1196	55.2076	-10.1541	-0.0254245	126.148	131.07	0.962446
6371	0.00631584	0.225494	81.1163	55.2097	-10.1574	-0.0254249	126.143	131.068	0.962426
6372	0.00631675	0.22549	81.113	55.2118	-10.1612	-0.0254253	126.138	131.066	0.962402
6373	0.00631767	0.225487	81.1097	55.2139	-10.1655	-0.0254257	126.133	131.064	0.962374
6374	0.00631859	0.225484	81.1064	55.216	-10.1702	-0.025426	126.127	131.062	0.962344
6375	0.00631951	0.22548	81.1031	55.2181	-10.1751	-0.0254263	126.121	131.06	0.962312
6376	0.00632043	0.225477	81.0998	55.2202	-10.1802	-0.0254265	126.114	131.058	0.962278
6377	0.00632135	0.225473	81.0964	55.2223	-10.1854	-0.0254267	126.108	131.056	0.962243
6378	0.00632227	0.22547	81.0931	55.2244	-10.1908	-0.0254269	126.101	131.054	0.962207
6379	0.00632319	0.225467	81.0898	55.2264	-10.1967	-0.025427	126.094	131.052	0.962167
6380	0.00632411	0.225463	81.0865	55.2285	-10.2055	-0.025427	126.084	131.05	0.962105
6381	0.00632503	0.22546	81.0832	55.2306	-10.2141	-0.0254269	126.074	131.048	0.962045
6382	0.00632595	0.225457	81.0799	55.2327	-10.2204	-0.0254268	126.067	131.046	0.962002
6383	0.00632687	0.225453	81.0765	55.2348	-10.2247	-0.0254268	126.061	131.044	0.961974
6384	0.00632779	0.22545	81.0732	55.2369	-10.2275	-0.0254267	126.057	131.042	0.961958
6385	0.00632871	0.225446	81.0699	55.239	-10.2291	-0.0254266	126.054	131.04	0.961951
6386	0.00632963	0.225443	81.0666	55.2411	-10.2295	-0.0254265	126.053	131.038	0.961953
6387	0.00633055	0.22544	81.0632	55.2432	-10.2291	-0.0254264	126.052	131.036	0.961962
6388	0.00633147	0.225436	81.0599	55.2453	-10.2277	-0.0254263	126.052	131.034	0.961977
6389	0.00633238	0.225433	81.0566	55.2475	-10.2256	-0.0254263	126.053	131.032	0.961998
6390	0.0063333	0.225429	81.0533	55.2496	-10.2195	-0.0254264	126.058	131.03	0.96205
6391	0.00633422	0.225426	81.0499	55.2517	-10.2115	-0.0254265	126.065	131.028	0.962117
6392	0.00633514	0.225422	81.0466	55.2538	-10.2031	-0.0254266	126.072	131.026	0.962186
6393	0.00633606	0.225419	81.0433	55.2559	-10.1948	-0.0254267	126.079	131.024	0.962254
6394	0.00633698	0.225416	81.0399	55.258	-10.1867	-0.0254268	126.086	131.022	0.962321
6395	0.0063379	0.225412	81.0366	55.2601	-10.1789	-0.025427	126.092	131.021	0.962386
6396	0.00633882	0.225409	81.0333	55.2622	-10.1717	-0.0254272	126.098	131.019	0.962447
6397	0.00633974	0.225405	81.03	55.2643	-10.165	-0.0254274	126.104	131.017	0.962503
6398	0.00634066	0.225402	81.0266	55.2664	-10.159	-0.0254277	126.109	131.015	0.962554
6399	0.00634158	0.225399	81.0233	55.2685	-10.1539	-0.0254281	126.112	131.013	0.962598
6400	0.0063425	0.225395	81.02	55.2706	-10.1497	-0.0254285	126.115	131.011	0.962635
6401	0.00634342	0.225392	81.0166	55.2727	-10.1465	-0.0254289	126.117	131.009	0.962665
6402	0.00634433	0.225388	81.0133	55.2748	-10.1442	-0.0254294	126.118	131.007	0.962687
6403	0.00634525	0.225385	81.01	55.2769	-10.143	-0.0254299	126.118	131.005	0.962702
6404	0.00634617	0.225382	81.0067	55.279	-10.1429	-0.0254304	126.117	131.003	0.962708
6405	0.00634709	0.225378	81.0034	55.2811	-10.1437	-0.0254309	126.115	131.001	0.962707
6406	0.00634801	0.225375	81.0001	55.2832	-10.1456	-0.0254314	126.112	130.999	0.962698
6407	0.00634893	0.225371	80.9967	55.2853	-10.1482	-0.0254319	126.108	130.997	0.962683
6408	0.00634985	0.225368	80.9934	55.2873	-10.1515	-0.0254324	126.104	130.995	0.962663
6409	0.00635077	0.225365	80.9901	55.2894	-10.1555	-0.0254328	126.099	130.993	0.962638
6410	0.00635169	0.225361	80.9868	55.2915	-10.1598	-0.0254332	126.093	130.991	0.96261
6411	0.00635261	0.225358	80.9835	55.2936	-10.1646	-0.0254335	126.087	130.989	0.962579
6412	0.00635353	0.225354	80.9802	55.2957	-10.1696	-0.0254338	126.081	130.987	0.962546
6413	0.00635445	0.225351	80.9769	55.2978	-10.1748	-0.0254341	126.074	130.985	0.962511
6414	0.00635537	0.225348	80.9736	55.2998	-10.1801	-0.0254344	126.068	130.983	0.962476
6415	0.00635629	0.225344	80.9704	55.3019	-10.1856	-0.0254346	126.061	130.981	0.962438
6416	0.00635721	0.225341	80.9671	55.304	-10.1918	-0.0254347	126.054	130.979	0.962396
6417	0.00635813	0.225338	80.9638	55.306	-10.2019	-0.0254347	126.042	130.977	0.962324
6418	0.00635905	0.225334	80.9605	55.3081	-10.2102	-0.0254346	126.033	130.975	0.962266
6419	0.00635996	0.225331	80.9573	55.3102	-10.2163	-0.0254346	126.026	130.973	0.962225
6420	0.00636088	0.225328	80.954	55.3122	-10.2205	-0.0254345	126.02	130.971	0.962198
6421	0.0063618	0.225324	80.9508	55.3143	-10.2233	-0.0254344	126.016	130.969	0.962181
6422	0.00636272	0.225321	80.9475	55.3163	-10.2249	-0.0254343	126.013	130.967	0.962174
6423	0.00636364	0.225318	80.9443	55.3184	-10.2254	-0.0254343	126.012	130.965	0.962176
6424	0.00636456	0.225314	80.941	55.3204	-10.225	-0.0254342	126.011	130.964	0.962184
6425	0.00636548	0.225311	80.9378	55.3224	-10.2238	-0.0254341	126.011	130.962	0.962198
6426	0.0063664	0.225308	80.9346	55.3245	-10.2218	-0.0254341	126.012	130.96	0.962218
6427	0.00636732	0.225304	80.9314	55.3265	-10.2155	-0.0254342	126.017	130.958	0.962272
6428	0.00636824	0.225301	80.9282	55.3285	-10.2075	-0.0254343	126.024	130.956	0.962338
6429	0.00636916	0.225298	80.925	55.3305	-10.1993	-0.0254344	126.031	130.954	0.962405
6430	0.00637008	0.225294	80.9218	55.3325	-10.1912	-0.0254345	126.038	130.952	0.962472
6431	0.006371	0.225291	80.9187	55.3345	-10.1833	-0.0254346	126.044	130.95	0.962538
6432	0.00637192	0.225288	80.9155	55.3365	-10.1757	-0.0254348	126.051	130.948	0.9626
6433	0.00637284	0.225285	80.9123	55.3385	-10.1687	-0.025435	126.057	130.946	0.962659
6434	0.00637376	0.225281	80.9092	55.3405	-10.1622	-0.0254352	126.062	130.945	0.962714
6435	0.00637468	0.225278	80.9061	55.3425	-10.1565	-0.0254355	126.067	130.943	0.962762
6436	0.00637559	0.225275	80.903	55.3444	-10.1516	-0.0254359	126.07	130.941	0.962804
6437	0.00637651	0.225272	80.8999	55.3464	-10.1476	-0.0254363	126.073	130.939	0.96284
6438	0.00637743	0.225269	80.8968	55.3483	-10.1446	-0.0254368	126.075	130.937	0.962868
6439	0.00637835	0.225266	80.8937	55.3502	-10.1425	-0.0254373	126.076	130.935	0.962888
6440	0.00637927	0.225262	80.8907	55.3522	-10.1415	-0.0254378	126.076	130.933	0.962901
6441	0.00638019	0.225259	80.8877	55.3541	-10.1416	-0.0254383	126.075	130.932	0.962905
6442	0.00638111	0.225256	80.8846	55.356	-10.1426	-0.0254388	126.073	130.93	0.962902
6443	0.00638203	0.225253	80.8816	55.3579	-10.1446	-0.0254393	126.069	130.928	0.962891
6444	0.00638295	0.22525	80.8786	55.3597	-10.1474	-0.0254398	126.066	130.926	0.962875
6445	0.00638387	0.225247	80.8757	55.3616	-10.1509	-0.0254402	126.061	130.924	0.962853
6446	0.00638479	0.225244	80.8727	55.3635	-10.1549	-0.0254407	126.056	130.923	0.962827
6447	0.00638571	0.225241	80.8698	55.3653	-10.1594	-0.0254411	126.05	130.921	0.962797
6448	0.00638663	0.225238	80.8669	55.3672	-10.1642	-0.0254414	126.044	130.919	0.962765
6449	0.00638755	0.225235	80.864	55.369	-10.1692	-0.0254418	126.038	130.917	0.962731
6450	0.00638847	0.225232	80.8611	55.3708	-10.1745	-0.025442	126.032	130.916	0.962696
6451	0.00638939	0.225229	80.8582	55.3726	-10.1798	-0.0254423	126.026	130.914	0.962659
6452	0.0063903	0.225226	80.8553	55.3744	-10.1855	-0.0254425	126.019	130.912	0.962621
6453	0.00639122	0.225223	80.8525	55.3762	-10.192	-0.0254426	126.011	130.911	0.962575
6454	0.00639214	0.22522	80.8497	55.378	-10.2026	-0.0254426	126	130.909	0.962499
6455	0.00639306	0.225217	80.8469	55.3798	-10.2105	-0.0254426	125.991	130.907	0.962443
6456	0.00639398	0.225214	80.8441	55.3815	-10.2162	-0.0254425	125.984	130.905	0.962404
6457	0.0063949	0.225211	80.8413	55.3833	-10.2202	-0.0254425	125.979	130.904	0.962378
6458	0.00639582	0.225209	80.8385	55.385	-10.2228	-0.0254424	125.975	130.902	0.962362
6459	0.00639674	0.225206	80.8358	55.3867	-10.2242	-0.0254423	125.973	130.901	0.962356
6460	0.00639766	0.225203	80.8331	55.3884	-10.2245	-0.0254423	125.972	130.899	0.962358
6461	0.00639858	0.2252	80.8304	55.3901	-10.224	-0.0254422	125.971	130.897	0.962366
6462	0.0063995	0.225197	80.8277	55.3918	-10.2226	-0.0254422	125.971	130.896	0.962381
6463	0.00640042	0.225195	80.8251	55.3935	-10.2206	-0.0254422	125.973	130.894	0.962401
6464	0.00640134	0.225192	80.8224	55.3952	-10.2139	-0.0254423	125.978	130.893	0.962456
6465	0.00640226	0.225189	80.8198	55.3968	-10.2059	-0.0254424	125.985	130.891	0.962521
6466	0.00640318	0.225187	80.8172	55.3984	-10.1978	-0.0254425	125.992	130.889	0.962587
6467	0.0064041	0.225184	80.8146	55.4001	-10.1897	-0.0254426	126	130.888	0.962653
6468	0.00640502	0.225181	80.8121	55.4017	-10.1818	-0.0254427	126.006	130.886	0.962717
6469	0.00640594	0.225179	80.8095	55.4033	-10.1744	-0.0254428	126.013	130.885	0.962778
6470	0.00640686	0.225176	80.807	55.4048	-10.1675	-0.025443	126.019	130.883	0.962835
6471	0.00640777	0.225174	80.8045	55.4064	-10.1612	-0.0254433	126.024	130.882	0.962887
6472	0.00640869	0.225171	80.8021	55.408	-10.1556	-0.0254436	126.029	130.88	0.962933
6473	0.00640961	0.225168	80.7996	55.4095	-10.151	-0.0254439	126.033	130.879	0.962973
6474	0.00641053	0.225166	80.7972	55.411	-10.1472	-0.0254443	126.036	130.877	0.963005
6475	0.00641145	0.225163	80.7948	55.4125	-10.1444	-0.0254447	126.037	130.876	0.96303
6476	0.00641237	0.225161	80.7924	55.414	-10.1426	-0.0254452	126.038	130.874	0.963048
6477	0.00641329	0.225159	80.7901	55.4155	-10.1419	-0.0254457	126.038	130.873	0.963057
6478	0.00641421	0.225156	80.7877	55.417	-10.1422	-0.0254462	126.037	130.872	0.963059
6479	0.00641513	0.225154	80.7854	55.4184	-10.1435	-0.0254467	126.035	130.87	0.963052
6480	0.00641605	0.225151	80.7831	55.4199	-10.1457	-0.0254471	126.032	130.869	0.963039
6481	0.00641697	0.225149	80.7809	55.4213	-10.1487	-0.0254476	126.028	130.868	0.96302
6482	0.00641789	0.225147	80.7786	55.4227	-10.1524	-0.025448	126.024	130.866	0.962995
6483	0.00641881	0.225144	80.7764	55.4241	-10.1566	-0.0254484	126.018	130.865	0.962967
6484	0.00641973	0.225142	80.7742	55.4255	-10.1612	-0.0254488	126.013	130.864	0.962935
6485	0.00642065	0.22514	80.772	55.4269	-10.1661	-0.0254491	126.007	130.862	0.962901
6486	0.00642157	0.225138	80.7699	55.4282	-10.1713	-0.0254494	126.001	130.861	0.962865
6487	0.00642249	0.225135	80.7677	55.4296	-10.1766	-0.0254497	125.995	130.86	0.962827
6488	0.00642341	0.225133	80.7656	55.4309	-10.1822	-0.0254499	125.989	130.858	0.962788
6489	0.00642433	0.225131	80.7635	55.4322	-10.188	-0.0254501	125.982	130.857	0.962747
6490	0.00642524	0.225129	80.7615	55.4335	-10.1951	-0.0254502	125.974	130.856	0.962696
6491	0.00642616	0.225127	80.7594	55.4348	-10.2053	-0.0254502	125.963	130.855	0.962621
6492	0.00642708	0.225125	80.7574	55.436	-10.2129	-0.0254501	125.955	130.853	0.962566
6493	0.006428	0.225123	80.7554	55.4373	-10.2185	-0.0254501	125.949	130.852	0.962527
6494	0.00642892	0.225121	80.7535	55.4385	-10.2222	-0.02545	125.944	130.851	0.962501
6495	0.00642984	0.225119	80.7515	55.4397	-10.2246	-0.0254499	125.941	130.85	0.962486
6496	0.00643076	0.225117	80.7496	55.4409	-10.2259	-0.0254498	125.939	130.849	0.96248
6497	0.00643168	0.225115	80.7477	55.4421	-10.2261	-0.0254498	125.938	130.848	0.962481
6498	0.0064326	0.225113	80.7458	55.4433	-10.2254	-0.0254497	125.938	130.846	0.96249
6499	0.00643352	0.225111	80.744	55.4445	-10.2239	-0.0254497	125.939	130.845	0.962504
6500	0.00643444	0.225109	80.7422	55.4456	-10.2216	-0.0254497	125.941	130.844	0.962524
6501	0.00643536	0.225107	80.7404	55.4467	-10.2147	-0.0254498	125.947	130.843	0.96258
6502	0.00643628	0.225105	80.7386	55.4478	-10.2066	-0.0254499	125.954	130.842	0.962644
6503	0.0064372	0.225103	80.7369	55.4489	-10.1983	-0.02545	125.962	130.841	0.96271
6504	0.00643812	0.225102	80.7352	55.45	-10.1902	-0.0254501	125.97	130.84	0.962776
6505	0.00643904	0.2251	80.7335	55.4511	-10.1823	-0.0254502	125.977	130.839	0.962839
6506	0.00643996	0.225098	80.7318	55.4521	-10.1747	-0.0254504	125.984	130.838	0.962899
6507	0.00644088	0.225096	80.7301	55.4532	-10.1678	-0.0254506	125.99	130.837	0.962955
6508	0.0064418	0.225095	80.7285	55.4542	-10.1615	-0.0254508	125.996	130.836	0.963006
6509	0.00644272	0.225093	80.7269	55.4552	-10.1559	-0.0254511	126.001	130.835	0.96305
6510	0.00644363	0.225091	80.7253	55.4562	-10.1513	-0.0254514	126.005	130.834	0.963088
6511	0.00644455	0.22509	80.7238	55.4572	-10.1476	-0.0254518	126.008	130.833	0.963119
6512	0.00644547	0.225088	80.7222	55.4581	-10.1449	-0.0254523	126.01	130.832	0.963142
6513	0.00644639	0.225087	80.7207	55.4591	-10.1431	-0.0254527	126.011	130.831	0.963158
6514	0.00644731	0.225085	80.7192	55.46	-10.1425	-0.0254532	126.011	130.83	0.963165
6515	0.00644823	0.225084	80.7178	55.4609	-10.1429	-0.0254537	126.01	130.829	0.963165
6516	0.00644915	0.225082	80.7163	55.4618	-10.1443	-0.0254541	126.008	130.829	0.963156
6517	0.00645007	0.225081	80.7149	55.4627	-10.1467	-0.0254546	126.005	130.828	0.96314
6518	0.00645099	0.225079	80.7135	55.4636	-10.1498	-0.025455	126.002	130.827	0.963119
6519	0.00645191	0.225078	80.7121	55.4645	-10.1536	-0.0254554	125.998	130.826	0.963092
6520	0.00645283	0.225076	80.7107	55.4653	-10.1579	-0.0254558	125.993	130.825	0.963061
6521	0.00645375	0.225075	80.7094	55.4662	-10.1627	-0.0254561	125.987	130.824	0.963027
6522	0.00645467	0.225074	80.7081	55.467	-10.1678	-0.0254564	125.982	130.824	0.96299
6523	0.00645559	0.225072	80.7068	55.4678	-10.1731	-0.0254567	125.976	130.823	0.962952
6524	0.00645651	0.225071	80.7055	55.4686	-10.1786	-0.0254569	125.97	130.822	0.962912
6525	0.00645743	0.225069	80.7042	55.4694	-10.1842	-0.0254571	125.964	130.821	0.96287
6526	0.00645835	0.225068	80.7029	55.4702	-10.1904	-0.0254573	125.957	130.821	0.962826
6527	0.00645927	0.225067	80.7017	55.471	-10.1983	-0.0254573	125.949	130.82	0.962767
6528	0.00646019	0.225066	80.7005	55.4718	-10.2082	-0.0254573	125.939	130.819	0.962693
6529	0.00646111	0.225064	80.6993	55.4725	-10.2155	-0.0254572	125.931	130.818	0.962639
6530	0.00646203	0.225063	80.6981	55.4732	-10.2208	-0.0254571	125.925	130.818	0.9626
6531	0.00646295	0.225062	80.697	55.474	-10.2245	-0.025457	125.921	130.817	0.962574
6532	0.00646387	0.225061	80.6958	55.4747	-10.2267	-0.0254569	125.918	130.816	0.962559
6533	0.00646479	0.22506	80.6947	55.4754	-10.2278	-0.0254568	125.917	130.816	0.962552
6534	0.0064657	0.225058	80.6936	55.4761	-10.2279	-0.0254568	125.916	130.815	0.962553
6535	0.00646662	0.225057	80.6925	55.4768	-10.2271	-0.0254567	125.917	130.814	0.962562
6536	0.00646754	0.225056	80.6914	55.4775	-10.2254	-0.0254566	125.918	130.814	0.962576
6537	0.00646846	0.225055	80.6904	55.4781	-10.2228	-0.0254566	125.92	130.813	0.962597
6538	0.00646938	0.225054	80.6893	55.4788	-10.2156	-0.0254568	125.927	130.812	0.962654
6539	0.0064703	0.225053	80.6883	55.4794	-10.2073	-0.0254569	125.935	130.812	0.962719
6540	0.00647122	0.225052	80.6873	55.4801	-10.199	-0.025457	125.943	130.811	0.962784
6541	0.00647214	0.225051	80.6863	55.4807	-10.1908	-0.0254571	125.951	130.81	0.962849
6542	0.00647306	0.22505	80.6853	55.4813	-10.1828	-0.0254572	125.958	130.81	0.962912
6543	0.00647398	0.225049	80.6843	55.4819	-10.1752	-0.0254573	125.966	130.809	0.962971
6544	0.0064749	0.225048	80.6834	55.4825	-10.1682	-0.0254575	125.972	130.809	0.963026
6545	0.00647582	0.225047	80.6824	55.4831	-10.1618	-0.0254578	125.978	130.808	0.963076
6546	0.00647674	0.225046	80.6815	55.4837	-10.1563	-0.0254581	125.983	130.808	0.96312
6547	0.00647766	0.225045	80.6806	55.4843	-10.1516	-0.0254585	125.988	130.807	0.963157
6548	0.00647858	0.225044	80.6797	55.4848	-10.1479	-0.0254589	125.991	130.806	0.963188
6549	0.0064795	0.225043	80.6788	55.4854	-10.1451	-0.0254593	125.994	130.806	0.96321
6550	0.00648042	0.225042	80.6779	55.4859	-10.1433	-0.0254598	125.995	130.805	0.963225
6551	0.00648134	0.225041	80.677	55.4865	-10.1427	-0.0254602	125.995	130.805	0.963232
6552	0.00648226	0.22504	80.6762	55.487	-10.1431	-0.0254607	125.995	130.804	0.96323
6553	0.00648318	0.22504	80.6753	55.4875	-10.1445	-0.0254612	125.993	130.804	0.96322
6554	0.0064841	0.225039	80.6745	55.4881	-10.1468	-0.0254617	125.99	130.803	0.963204
6555	0.00648501	0.225038	80.6737	55.4886	-10.1499	-0.0254621	125.987	130.803	0.963182
6556	0.00648593	0.225037	80.6729	55.4891	-10.1537	-0.0254625	125.983	130.802	0.963154
6557	0.00648685	0.225036	80.6721	55.4896	-10.158	-0.0254629	125.978	130.802	0.963122
6558	0.00648777	0.225035	80.6713	55.4901	-10.1627	-0.0254632	125.973	130.801	0.963087
6559	0.00648869	0.225035	80.6706	55.4905	-10.1678	-0.0254635	125.968	130.801	0.96305
6560	0.00648961	0.225034	80.6698	55.491	-10.1731	-0.0254638	125.962	130.801	0.96301
6561	0.00649053	0.225033	80.6691	55.4915	-10.1786	-0.025464	125.956	130.8	0.962969
6562	0.00649145	0.225032	80.6683	55.4919	-10.1844	-0.0254642	125.95	130.8	0.962926
6563	0.00649237	0.225032	80.6676	55.4924	-10.1909	-0.0254644	125.944	130.799	0.962878
6564	0.00649329	0.225031	80.6669	55.4928	-10.2008	-0.0254643	125.933	130.799	0.962803
6565	0.00649421	0.22503	80.6662	55.4933	-10.2098	-0.0254643	125.924	130.798	0.962735
6566	0.00649513	0.225029	80.6655	55.4937	-10.2166	-0.0254642	125.917	130.798	0.962685
6567	0.00649605	0.225029	80.6649	55.4941	-10.2214	-0.0254641	125.912	130.798	0.962649
6568	0.00649697	0.225028	80.6642	55.4945	-10.2247	-0.025464	125.909	130.797	0.962625
6569	0.00649789	0.225027	80.6636	55.4949	-10.2267	-0.0254639	125.906	130.797	0.962611
6570	0.00649881	0.225027	80.6629	55.4953	-10.2275	-0.0254637	125.905	130.796	0.962605
6571	0.00649973	0.225026	80.6623	55.4957	-10.2274	-0.0254637	125.905	130.796	0.962607
6572	0.00650065	0.225025	80.6617	55.4961	-10.2264	-0.0254636	125.906	130.796	0.962616
6573	0.00650157	0.225025	80.661	55.4965	-10.2246	-0.0254635	125.908	130.795	0.962631
6574	0.00650249	0.225024	80.6604	55.4969	-10.2193	-0.0254636	125.913	130.795	0.962672
6575	0.00650341	0.225023	80.6598	55.4973	-10.2115	-0.0254637	125.92	130.795	0.962733
6576	0.00650433	0.225023	80.6592	55.4977	-10.2032	-0.0254638	125.928	130.794	0.962797
6577	0.00650525	0.225022	80.6586	55.498	-10.1949	-0.0254639	125.936	130.794	0.962861
6578	0.00650617	0.225022	80.658	55.4984	-10.1868	-0.025464	125.944	130.793	0.962924
6579	0.00650709	0.225021	80.6575	55.4988	-10.1789	-0.0254641	125.952	130.793	0.962985
6580	0.00650801	0.22502	80.6569	55.4991	-10.1715	-0.0254643	125.959	130.793	0.963043
6581	0.00650893	0.22502	80.6563	55.4995	-10.1647	-0.0254645	125.966	130.792	0.963096
6582	0.00650985	0.225019	80.6558	55.4998	-10.1586	-0.0254648	125.972	130.792	0.963143
6583	0.00651077	0.225019	80.6552	55.5002	-10.1533	-0.0254652	125.977	130.792	0.963185
6584	0.00651168	0.225018	80.6546	55.5005	-10.149	-0.0254656	125.981	130.791	0.963219
6585	0.0065126	0.225017	80.6541	55.5009	-10.1455	-0.025466	125.984	130.791	0.963246
6586	0.00651352	0.225017	80.6536	55.5012	-10.1431	-0.0254665	125.986	130.791	0.963266
6587	0.00651444	0.225016	80.653	55.5016	-10.1416	-0.0254669	125.987	130.79	0.963278
6588	0.00651536	0.225016	80.6525	55.5019	-10.1413	-0.0254674	125.988	130.79	0.963281
6589	0.00651628	0.225015	80.652	55.5022	-10.142	-0.0254679	125.987	130.79	0.963276
6590	0.0065172	0.225015	80.6515	55.5025	-10.1437	-0.0254684	125.985	130.789	0.963264
6591	0.00651812	0.225014	80.651	55.5028	-10.1463	-0.0254689	125.982	130.789	0.963245
6592	0.00651904	0.225014	80.6505	55.5032	-10.1496	-0.0254693	125.979	130.789	0.963221
6593	0.00651996	0.225013	80.65	55.5035	-10.1534	-0.0254697	125.975	130.789	0.963192
6594	0.00652088	0.225013	80.6495	55.5038	-10.1578	-0.0254701	125.97	130.788	0.96316
6595	0.0065218	0.225012	80.649	55.5041	-10.1626	-0.0254704	125.965	130.788	0.963124
6596	0.00652272	0.225012	80.6486	55.5044	-10.1676	-0.0254707	125.96	130.788	0.963086
6597	0.00652364	0.225011	80.6481	55.5046	-10.173	-0.025471	125.954	130.787	0.963046
6598	0.00652456	0.225011	80.6476	55.5049	-10.1786	-0.0254712	125.949	130.787	0.963004
6599	0.00652548	0.22501	80.6472	55.5052	-10.1848	-0.0254714	125.942	130.787	0.962957
6600	0.0065264	0.22501	80.6468	55.5055	-10.1931	-0.0254715	125.934	130.787	0.962894
6601	0.00652732	0.225009	80.6464	55.5057	-10.203	-0.0254714	125.924	130.786	0.962819
6602	0.00652824	0.225009	80.6459	55.506	-10.2104	-0.0254714	125.916	130.786	0.962763
6603	0.00652916	0.225009	80.6455	55.5062	-10.2158	-0.0254713	125.91	130.786	0.962722
6604	0.00653008	0.225008	80.6452	55.5065	-10.2196	-0.0254712	125.907	130.786	0.962694
6605	0.006531	0.225008	80.6448	55.5067	-10.222	-0.0254711	125.904	130.785	0.962677
6606	0.00653192	0.225007	80.6444	55.507	-10.2232	-0.025471	125.903	130.785	0.962668
6607	0.00653284	0.225007	80.644	55.5072	-10.2234	-0.0254709	125.902	130.785	0.962667
6608	0.00653376	0.225007	80.6437	55.5074	-10.2226	-0.0254709	125.903	130.785	0.962673
6609	0.00653468	0.225006	80.6434	55.5076	-10.221	-0.0254708	125.904	130.785	0.962686
6610	0.0065356	0.225006	80.643	55.5078	-10.2187	-0.0254708	125.907	130.784	0.962704
6611	0.00653652	0.225006	80.6427	55.508	-10.2117	-0.0254709	125.914	130.784	0.962759
6612	0.00653744	0.225005	80.6424	55.5082	-10.2034	-0.025471	125.922	130.784	0.962822
6613	0.00653836	0.225005	80.6422	55.5084	-10.195	-0.0254711	125.93	130.784	0.962887
6614	0.00653928	0.225005	80.6419	55.5085	-10.1866	-0.0254712	125.938	130.784	0.962952
6615	0.0065402	0.225004	80.6416	55.5087	-10.1785	-0.0254713	125.946	130.783	0.963014
6616	0.00654112	0.225004	80.6414	55.5088	-10.1707	-0.0254715	125.954	130.783	0.963074
6617	0.00654204	0.225004	80.6411	55.509	-10.1635	-0.0254717	125.961	130.783	0.96313
6618	0.00654296	0.225004	80.6409	55.5091	-10.1569	-0.0254719	125.968	130.783	0.963181
6619	0.00654387	0.225003	80.6407	55.5093	-10.151	-0.0254722	125.973	130.783	0.963226
6620	0.00654479	0.225003	80.6405	55.5094	-10.1461	-0.0254726	125.978	130.783	0.963264
6621	0.00654571	0.225003	80.6403	55.5095	-10.142	-0.025473	125.982	130.783	0.963295
6622	0.00654663	0.225003	80.6401	55.5096	-10.139	-0.0254734	125.985	130.783	0.963319
6623	0.00654755	0.225003	80.6399	55.5097	-10.1369	-0.0254739	125.987	130.782	0.963335
6624	0.00654847	0.225002	80.6397	55.5098	-10.1359	-0.0254744	125.988	130.782	0.963343
6625	0.00654939	0.225002	80.6396	55.5099	-10.1359	-0.0254749	125.988	130.782	0.963343
6626	0.00655031	0.225002	80.6394	55.51	-10.137	-0.0254754	125.987	130.782	0.963335
6627	0.00655123	0.225002	80.6393	55.5101	-10.139	-0.0254759	125.985	130.782	0.96332
6628	0.00655215	0.225002	80.6392	55.5102	-10.1418	-0.0254764	125.982	130.782	0.963299
6629	0.00655307	0.225002	80.6391	55.5103	-10.1453	-0.0254768	125.979	130.782	0.963272
6630	0.00655399	0.225002	80.6389	55.5103	-10.1493	-0.0254772	125.975	130.782	0.963242
6631	0.00655491	0.225001	80.6388	55.5104	-10.1537	-0.0254776	125.97	130.782	0.963208
6632	0.00655583	0.225001	80.6388	55.5105	-10.1586	-0.025478	125.965	130.782	0.963171
6633	0.00655675	0.225001	80.6387	55.5105	-10.1636	-0.0254783	125.96	130.782	0.963133
6634	0.00655767	0.225001	80.6386	55.5105	-10.169	-0.0254785	125.955	130.782	0.963092
6635	0.00655859	0.225001	80.6385	55.5106	-10.1747	-0.0254788	125.949	130.782	0.963048
6636	0.00655951	0.225001	80.6385	55.5106	-10.1813	-0.0254789	125.942	130.782	0.962998
6637	0.00656043	0.225001	80.6385	55.5106	-10.1923	-0.0254789	125.931	130.782	0.962914
6638	0.00656135	0.225001	80.6384	55.5106	-10.2006	-0.0254789	125.923	130.781	0.96285
6639	0.00656227	0.225001	80.6384	55.5107	-10.2068	-0.0254788	125.917	130.781	0.962803
6640	0.00656319	0.225001	80.6384	55.5107	-10.2111	-0.0254788	125.913	130.781	0.96277
6641	0.00656411	0.225001	80.6384	55.5106	-10.2139	-0.0254787	125.91	130.781	0.962749
6642	0.00656503	0.225001	80.6384	55.5106	-10.2155	-0.0254787	125.908	130.781	0.962736
6643	0.00656595	0.225001	80.6385	55.5106	-10.2161	-0.0254786	125.908	130.781	0.962732
6644	0.00656687	0.225001	80.6385	55.5106	-10.2156	-0.0254785	125.908	130.781	0.962736
6645	0.00656779	0.225001	80.6385	55.5106	-10.2143	-0.0254785	125.909	130.782	0.962746
6646	0.00656871	0.225001	80.6386	55.5105	-10.2122	-0.0254785	125.911	130.782	0.962762
6647	0.00656963	0.225001	80.6387	55.5105	-10.2061	-0.0254786	125.918	130.782	0.962808
6648	0.00657055	0.225001	80.6388	55.5104	-10.1979	-0.0254787	125.926	130.782	0.962871
6649	0.00657147	0.225001	80.6388	55.5104	-10.1895	-0.0254788	125.934	130.782	0.962935
6650	0.00657239	0.225001	80.639	55.5103	-10.181	-0.025479	125.943	130.782	0.962999
6651	0.00657331	0.225002	80.6391	55.5102	-10.1728	-0.0254791	125.951	130.782	0.963062
6652	0.00657423	0.225002	80.6392	55.5101	-10.1649	-0.0254792	125.959	130.782	0.963122
6653	0.00657515	0.225002	80.6393	55.51	-10.1575	-0.0254794	125.966	130.782	0.963179
6654	0.00657607	0.225002	80.6395	55.5099	-10.1507	-0.0254797	125.973	130.782	0.96323
6655	0.00657699	0.225002	80.6397	55.5098	-10.1447	-0.02548	125.979	130.782	0.963276
6656	0.00657791	0.225002	80.6398	55.5097	-10.1395	-0.0254804	125.985	130.782	0.963316
6657	0.00657883	0.225002	80.64	55.5096	-10.1352	-0.0254808	125.989	130.782	0.963348
6658	0.00657975	0.225003	80.6402	55.5095	-10.1319	-0.0254812	125.992	130.782	0.963373
6659	0.00658067	0.225003	80.6404	55.5093	-10.1296	-0.0254817	125.995	130.783	0.96339
6660	0.00658159	0.225003	80.6406	55.5092	-10.1284	-0.0254822	125.996	130.783	0.963399
6661	0.00658251	0.225003	80.6409	55.5091	-10.1283	-0.0254827	125.996	130.783	0.9634
6662	0.00658343	0.225004	80.6411	55.5089	-10.1292	-0.0254831	125.995	130.783	0.963393
6663	0.00658435	0.225004	80.6414	55.5087	-10.131	-0.0254836	125.994	130.783	0.963378
6664	0.00658527	0.225004	80.6416	55.5086	-10.1337	-0.0254841	125.991	130.783	0.963357
6665	0.00658619	0.225004	80.6419	55.5084	-10.1371	-0.0254845	125.988	130.783	0.963331
6666	0.00658711	0.225005	80.6421	55.5082	-10.1411	-0.0254849	125.984	130.784	0.9633
6667	0.00658803	0.225005	80.6424	55.5081	-10.1456	-0.0254853	125.979	130.784	0.963265
6668	0.00658895	0.225005	80.6427	55.5079	-10.1504	-0.0254857	125.975	130.784	0.963228
6669	0.00658987	0.225005	80.643	55.5077	-10.1555	-0.025486	125.97	130.784	0.963188
6670	0.00659079	0.225006	80.6433	55.5075	-10.1609	-0.0254863	125.964	130.784	0.963146
6671	0.00659171	0.225006	80.6436	55.5073	-10.1667	-0.0254865	125.959	130.784	0.963102
6672	0.00659263	0.225006	80.644	55.5071	-10.1733	-0.0254867	125.952	130.785	0.963051
6673	0.00659355	0.225007	80.6443	55.5069	-10.1845	-0.0254867	125.941	130.785	0.962964
6674	0.00659447	0.225007	80.6446	55.5066	-10.193	-0.0254867	125.933	130.785	0.962899
6675	0.00659539	0.225007	80.645	55.5064	-10.1994	-0.0254866	125.927	130.785	0.96285
6676	0.00659631	0.225008	80.6453	55.5062	-10.2038	-0.0254866	125.922	130.785	0.962815
6677	0.00659723	0.225008	80.6457	55.506	-10.2068	-0.0254865	125.919	130.786	0.962792
6678	0.00659815	0.225009	80.6461	55.5057	-10.2086	-0.0254865	125.918	130.786	0.962778
6679	0.00659907	0.225009	80.6465	55.5055	-10.2092	-0.0254864	125.917	130.786	0.962772
6680	0.00659999	0.225009	80.6469	55.5052	-10.2088	-0.0254864	125.918	130.786	0.962775
6681	0.00660091	0.22501	80.6473	55.505	-10.2075	-0.0254864	125.919	130.787	0.962784
6682	0.00660183	0.22501	80.6477	55.5047	-10.2054	-0.0254864	125.921	130.787	0.962799
6683	0.00660275	0.225011	80.6481	55.5045	-10.1996	-0.0254865	125.927	130.787	0.962843
6684	0.00660367	0.225011	80.6485	55.5042	-10.1914	-0.0254866	125.936	130.787	0.962905
6685	0.00660459	0.225012	80.6489	55.5039	-10.1829	-0.0254868	125.944	130.788	0.962969
6686	0.00660551	0.225012	80.6494	55.5036	-10.1744	-0.0254869	125.953	130.788	0.963034
6687	0.00660643	0.225012	80.6498	55.5033	-10.166	-0.025487	125.962	130.788	0.963097
6688	0.00660734	0.225013	80.6503	55.5031	-10.158	-0.0254872	125.97	130.788	0.963158
6689	0.00660826	0.225013	80.6508	55.5028	-10.1504	-0.0254874	125.978	130.789	0.963215
6690	0.00660918	0.225014	80.6512	55.5025	-10.1435	-0.0254877	125.985	130.789	0.963267
6691	0.0066101	0.225014	80.6517	55.5021	-10.1372	-0.025488	125.991	130.789	0.963314
6692	0.00661102	0.225015	80.6522	55.5018	-10.1318	-0.0254884	125.997	130.79	0.963355
6693	0.00661194	0.225015	80.6527	55.5015	-10.1273	-0.0254888	126.001	130.79	0.963388
6694	0.00661286	0.225016	80.6532	55.5012	-10.1238	-0.0254893	126.005	130.79	0.963414
6695	0.00661378	0.225016	80.6537	55.5009	-10.1213	-0.0254897	126.008	130.79	0.963433
6696	0.0066147	0.225017	80.6542	55.5005	-10.1199	-0.0254902	126.009	130.791	0.963443
6697	0.00661562	0.225017	80.6548	55.5002	-10.1196	-0.0254908	126.01	130.791	0.963444
6698	0.00661654	0.225018	80.6553	55.4999	-10.1204	-0.0254913	126.009	130.791	0.963438
6699	0.00661746	0.225019	80.6559	55.4995	-10.1221	-0.0254918	126.008	130.792	0.963423
6700	0.00661838	0.225019	80.6564	55.4992	-10.1247	-0.0254922	126.005	130.792	0.963403
6701	0.0066193	0.22502	80.657	55.4988	-10.1281	-0.0254927	126.002	130.792	0.963376
6702	0.00662022	0.22502	80.6575	55.4984	-10.1321	-0.0254931	125.998	130.793	0.963345
6703	0.00662114	0.225021	80.6581	55.4981	-10.1365	-0.0254935	125.994	130.793	0.963309
6704	0.00662206	0.225021	80.6587	55.4977	-10.1414	-0.0254939	125.989	130.793	0.963271
6705	0.00662298	0.225022	80.6593	55.4973	-10.1467	-0.0254942	125.984	130.794	0.96323
6706	0.0066239	0.225023	80.6599	55.497	-10.1522	-0.0254945	125.979	130.794	0.963187
6707	0.00662482	0.225023	80.6605	55.4966	-10.1581	-0.0254947	125.973	130.794	0.963141
6708	0.00662574	0.225024	80.6611	55.4962	-10.1649	-0.0254949	125.967	130.795	0.963088
6709	0.00662666	0.225025	80.6617	55.4958	-10.1764	-0.0254949	125.956	130.795	0.962999
6710	0.00662758	0.225025	80.6623	55.4954	-10.1851	-0.0254948	125.947	130.796	0.962931
6711	0.00662851	0.225026	80.663	55.495	-10.1917	-0.0254948	125.941	130.796	0.96288
6712	0.00662943	0.225026	80.6636	55.4946	-10.1964	-0.0254947	125.936	130.796	0.962843
6713	0.00663035	0.225027	80.6643	55.4942	-10.1996	-0.0254946	125.933	130.797	0.962818
6714	0.00663127	0.225028	80.6649	55.4938	-10.2015	-0.0254946	125.932	130.797	0.962802
6715	0.00663219	0.225028	80.6656	55.4934	-10.2023	-0.0254945	125.931	130.797	0.962795
6716	0.00663311	0.225029	80.6662	55.4929	-10.202	-0.0254944	125.932	130.798	0.962796
6717	0.00663403	0.22503	80.6669	55.4925	-10.2008	-0.0254944	125.933	130.798	0.962804
6718	0.00663495	0.225031	80.6676	55.4921	-10.1988	-0.0254944	125.935	130.799	0.962818
6719	0.00663587	0.225031	80.6683	55.4916	-10.1931	-0.0254945	125.941	130.799	0.962861
6720	0.00663679	0.225032	80.669	55.4912	-10.1849	-0.0254947	125.95	130.799	0.962922
6721	0.00663771	0.225033	80.6697	55.4908	-10.1764	-0.0254949	125.959	130.8	0.962986
6722	0.00663863	0.225033	80.6704	55.4903	-10.1679	-0.025495	125.967	130.8	0.963051
6723	0.00663955	0.225034	80.6711	55.4898	-10.1595	-0.0254952	125.976	130.801	0.963114
6724	0.00664047	0.225035	80.6719	55.4894	-10.1513	-0.0254953	125.984	130.801	0.963175
6725	0.00664139	0.225036	80.6726	55.4889	-10.1437	-0.0254956	125.992	130.802	0.963232
6726	0.00664231	0.225036	80.6733	55.4884	-10.1366	-0.0254959	126	130.802	0.963285
6727	0.00664323	0.225037	80.6741	55.488	-10.1303	-0.0254962	126.006	130.803	0.963332
6728	0.00664415	0.225038	80.6749	55.4875	-10.1248	-0.0254966	126.012	130.803	0.963373
6729	0.00664507	0.225039	80.6756	55.487	-10.1203	-0.0254971	126.017	130.803	0.963406
6730	0.00664599	0.22504	80.6764	55.4865	-10.1167	-0.0254976	126.021	130.804	0.963432
6731	0.00664691	0.22504	80.6772	55.486	-10.1142	-0.0254981	126.024	130.804	0.96345
6732	0.00664783	0.225041	80.678	55.4855	-10.1127	-0.0254986	126.025	130.805	0.96346
6733	0.00664875	0.225042	80.6788	55.485	-10.1124	-0.0254991	126.026	130.805	0.963462
6734	0.00664967	0.225043	80.6796	55.4845	-10.1131	-0.0254997	126.025	130.806	0.963455
6735	0.00665059	0.225044	80.6804	55.484	-10.1149	-0.0255002	126.024	130.806	0.96344
6736	0.00665151	0.225045	80.6813	55.4834	-10.1175	-0.0255007	126.022	130.807	0.963419
6737	0.00665243	0.225045	80.6821	55.4829	-10.1208	-0.0255011	126.019	130.807	0.963392
6738	0.00665335	0.225046	80.6829	55.4824	-10.1248	-0.0255016	126.015	130.808	0.96336
6739	0.00665427	0.225047	80.6838	55.4818	-10.1293	-0.025502	126.011	130.808	0.963324
6740	0.00665519	0.225048	80.6847	55.4813	-10.1342	-0.0255023	126.006	130.809	0.963286
6741	0.00665611	0.225049	80.6855	55.4807	-10.1394	-0.0255027	126.001	130.809	0.963244
6742	0.00665703	0.22505	80.6864	55.4802	-10.145	-0.025503	125.996	130.81	0.963201
6743	0.00665795	0.225051	80.6873	55.4796	-10.1509	-0.0255032	125.991	130.81	0.963154
6744	0.00665887	0.225052	80.6882	55.479	-10.1576	-0.0255034	125.984	130.811	0.963101
6745	0.00665979	0.225053	80.6891	55.4785	-10.1691	-0.0255034	125.973	130.811	0.963012
6746	0.00666071	0.225053	80.69	55.4779	-10.1779	-0.0255034	125.965	130.812	0.962943
6747	0.00666163	0.225054	80.691	55.4773	-10.1845	-0.0255034	125.958	130.813	0.962891
6748	0.00666255	0.225055	80.6919	55.4767	-10.1893	-0.0255034	125.954	130.813	0.962853
6749	0.00666347	0.225056	80.6928	55.4761	-10.1925	-0.0255033	125.951	130.814	0.962827
6750	0.00666439	0.225057	80.6938	55.4755	-10.1946	-0.0255033	125.949	130.814	0.96281
6751	0.00666531	0.225058	80.6947	55.4749	-10.1955	-0.0255032	125.949	130.815	0.962801
6752	0.00666623	0.225059	80.6957	55.4743	-10.1954	-0.0255032	125.949	130.815	0.962801
6753	0.00666715	0.22506	80.6967	55.4737	-10.1944	-0.0255031	125.95	130.816	0.962807
6754	0.00666807	0.225061	80.6977	55.473	-10.1926	-0.0255031	125.953	130.817	0.962819
6755	0.00666899	0.225062	80.6987	55.4724	-10.1871	-0.0255032	125.958	130.817	0.962859
6756	0.00666991	0.225063	80.6997	55.4718	-10.1792	-0.0255034	125.967	130.818	0.962918
6757	0.00667083	0.225064	80.7007	55.4711	-10.1709	-0.0255035	125.975	130.818	0.962979
6758	0.00667175	0.225065	80.7017	55.4705	-10.1626	-0.0255037	125.984	130.819	0.963041
6759	0.00667267	0.225066	80.7027	55.4698	-10.1545	-0.0255038	125.993	130.82	0.963102
6760	0.00667359	0.225068	80.7038	55.4692	-10.1466	-0.025504	126.001	130.82	0.96316
6761	0.00667451	0.225069	80.7048	55.4685	-10.1392	-0.0255042	126.009	130.821	0.963215
6762	0.00667543	0.22507	80.7059	55.4679	-10.1324	-0.0255045	126.016	130.821	0.963266
6763	0.00667635	0.225071	80.7069	55.4672	-10.1263	-0.0255048	126.022	130.822	0.963311
6764	0.00667727	0.225072	80.708	55.4665	-10.1211	-0.0255052	126.028	130.823	0.963349
6765	0.00667819	0.225073	80.7091	55.4658	-10.1167	-0.0255056	126.033	130.823	0.963381
6766	0.00667911	0.225074	80.7102	55.4651	-10.1132	-0.0255061	126.037	130.824	0.963406
6767	0.00668003	0.225075	80.7113	55.4644	-10.1108	-0.0255066	126.039	130.825	0.963422
6768	0.00668095	0.225076	80.7124	55.4637	-10.1094	-0.0255072	126.041	130.825	0.963431
6769	0.00668187	0.225078	80.7135	55.463	-10.1091	-0.0255077	126.042	130.826	0.963432
6770	0.00668279	0.225079	80.7146	55.4623	-10.1099	-0.0255083	126.042	130.827	0.963424
6771	0.00668371	0.22508	80.7158	55.4616	-10.1117	-0.0255088	126.04	130.827	0.963409
6772	0.00668463	0.225081	80.7169	55.4609	-10.1143	-0.0255093	126.038	130.828	0.963387
6773	0.00668556	0.225082	80.7181	55.4601	-10.1176	-0.0255098	126.035	130.829	0.96336
6774	0.00668648	0.225083	80.7192	55.4594	-10.1216	-0.0255103	126.032	130.829	0.963327
6775	0.0066874	0.225085	80.7204	55.4586	-10.1261	-0.0255107	126.027	130.83	0.963291
6776	0.00668832	0.225086	80.7216	55.4579	-10.131	-0.0255111	126.023	130.831	0.963252
6777	0.00668924	0.225087	80.7228	55.4571	-10.1362	-0.0255115	126.018	130.832	0.96321
6778	0.00669016	0.225088	80.724	55.4564	-10.1417	-0.0255118	126.013	130.832	0.963166
6779	0.00669108	0.22509	80.7252	55.4556	-10.1476	-0.0255121	126.008	130.833	0.963119
6780	0.006692	0.225091	80.7264	55.4548	-10.1544	-0.0255123	126.001	130.834	0.963065
6781	0.00669292	0.225092	80.7277	55.4541	-10.166	-0.0255124	125.99	130.834	0.962975
6782	0.00669384	0.225093	80.7289	55.4533	-10.1748	-0.0255124	125.982	130.835	0.962905
6783	0.00669476	0.225095	80.7302	55.4525	-10.1816	-0.0255124	125.976	130.836	0.962852
6784	0.00669568	0.225096	80.7314	55.4517	-10.1864	-0.0255123	125.971	130.837	0.962812
6785	0.0066966	0.225097	80.7327	55.4509	-10.1898	-0.0255123	125.968	130.837	0.962785
6786	0.00669752	0.225098	80.734	55.4501	-10.1919	-0.0255122	125.967	130.838	0.962766
6787	0.00669844	0.2251	80.7352	55.4493	-10.1929	-0.0255122	125.966	130.839	0.962757
6788	0.00669936	0.225101	80.7365	55.4485	-10.1929	-0.0255122	125.967	130.84	0.962755
6789	0.00670028	0.225102	80.7378	55.4476	-10.192	-0.0255122	125.968	130.84	0.96276
6790	0.0067012	0.225104	80.7391	55.4468	-10.1902	-0.0255122	125.97	130.841	0.962771
6791	0.00670212	0.225105	80.7405	55.446	-10.1848	-0.0255123	125.976	130.842	0.962811
6792	0.00670304	0.225106	80.7418	55.4451	-10.1769	-0.0255125	125.984	130.843	0.962869
6793	0.00670396	0.225108	80.7431	55.4443	-10.1687	-0.0255126	125.993	130.844	0.96293
6794	0.00670488	0.225109	80.7445	55.4434	-10.1604	-0.0255128	126.002	130.844	0.962991
6795	0.0067058	0.225111	80.7458	55.4426	-10.1523	-0.025513	126.011	130.845	0.963051
6796	0.00670672	0.225112	80.7472	55.4417	-10.1445	-0.0255132	126.019	130.846	0.963108
6797	0.00670764	0.225113	80.7485	55.4409	-10.1371	-0.0255134	126.027	130.847	0.963162
6798	0.00670856	0.225115	80.7499	55.44	-10.1304	-0.0255137	126.034	130.848	0.963212
6799	0.00670948	0.225116	80.7513	55.4391	-10.1244	-0.0255141	126.041	130.848	0.963256
6800	0.0067104	0.225118	80.7527	55.4382	-10.1192	-0.0255145	126.046	130.849	0.963293
6801	0.00671132	0.225119	80.7541	55.4373	-10.1149	-0.0255149	126.051	130.85	0.963323
6802	0.00671224	0.225121	80.7555	55.4365	-10.1117	-0.0255154	126.055	130.851	0.963346
6803	0.00671317	0.225122	80.7569	55.4356	-10.1094	-0.0255159	126.058	130.852	0.963361
6804	0.00671409	0.225123	80.7583	55.4347	-10.1083	-0.0255165	126.059	130.853	0.963367
6805	0.00671501	0.225125	80.7598	55.4338	-10.1082	-0.025517	126.06	130.854	0.963365
6806	0.00671593	0.225126	80.7612	55.4329	-10.1093	-0.0255176	126.059	130.854	0.963355
6807	0.00671685	0.225128	80.7626	55.4319	-10.1113	-0.0255181	126.058	130.855	0.963338
6808	0.00671777	0.225129	80.7641	55.431	-10.1142	-0.0255186	126.055	130.856	0.963313
6809	0.00671869	0.225131	80.7656	55.4301	-10.1178	-0.0255191	126.052	130.857	0.963283
6810	0.00671961	0.225132	80.767	55.4292	-10.122	-0.0255195	126.049	130.858	0.963249
6811	0.00672053	0.225134	80.7685	55.4282	-10.1267	-0.0255199	126.044	130.859	0.96321
6812	0.00672145	0.225135	80.77	55.4273	-10.1318	-0.0255203	126.04	130.86	0.963169
6813	0.00672237	0.225137	80.7715	55.4264	-10.1373	-0.0255207	126.035	130.86	0.963125
6814	0.00672329	0.225138	80.7729	55.4254	-10.1429	-0.025521	126.03	130.861	0.96308
6815	0.00672421	0.22514	80.7744	55.4245	-10.1489	-0.0255213	126.024	130.862	0.963031
6816	0.00672513	0.225142	80.7759	55.4235	-10.1556	-0.0255216	126.018	130.863	0.962978
6817	0.00672605	0.225143	80.7775	55.4226	-10.1658	-0.0255216	126.009	130.864	0.962898
6818	0.00672697	0.225145	80.779	55.4216	-10.1752	-0.0255217	126	130.865	0.962824
6819	0.00672789	0.225146	80.7805	55.4207	-10.1823	-0.0255217	125.993	130.866	0.962767
6820	0.00672881	0.225148	80.782	55.4197	-10.1874	-0.0255217	125.989	130.867	0.962725
6821	0.00672973	0.225149	80.7836	55.4187	-10.191	-0.0255217	125.986	130.868	0.962695
6822	0.00673065	0.225151	80.7851	55.4178	-10.1933	-0.0255217	125.984	130.869	0.962676
6823	0.00673157	0.225153	80.7866	55.4168	-10.1944	-0.0255217	125.983	130.87	0.962665
6824	0.00673249	0.225154	80.7882	55.4158	-10.1945	-0.0255217	125.984	130.87	0.962661
6825	0.00673342	0.225156	80.7898	55.4148	-10.1937	-0.0255217	125.985	130.871	0.962665
6826	0.00673434	0.225157	80.7913	55.4138	-10.1921	-0.0255218	125.988	130.872	0.962675
6827	0.00673526	0.225159	80.7929	55.4128	-10.1877	-0.0255219	125.993	130.873	0.962706
6828	0.00673618	0.225161	80.7945	55.4118	-10.18	-0.0255221	126.001	130.874	0.962762
6829	0.0067371	0.225162	80.7961	55.4108	-10.1719	-0.0255223	126.009	130.875	0.962822
6830	0.00673802	0.225164	80.7977	55.4098	-10.1637	-0.0255225	126.018	130.876	0.962882
6831	0.00673894	0.225165	80.7993	55.4088	-10.1557	-0.0255227	126.027	130.877	0.962941
6832	0.00673986	0.225167	80.8009	55.4078	-10.1479	-0.0255229	126.035	130.878	0.962997
6833	0.00674078	0.225169	80.8025	55.4067	-10.1406	-0.0255231	126.043	130.879	0.963051
6834	0.0067417	0.22517	80.8041	55.4057	-10.1339	-0.0255234	126.05	130.88	0.963099
6835	0.00674262	0.225172	80.8058	55.4047	-10.1279	-0.0255238	126.057	130.881	0.963143
6836	0.00674354	0.225174	80.8074	55.4036	-10.1227	-0.0255242	126.063	130.882	0.96318
6837	0.00674446	0.225175	80.8091	55.4026	-10.1184	-0.0255246	126.068	130.883	0.96321
6838	0.00674538	0.225177	80.8107	55.4015	-10.115	-0.0255251	126.072	130.884	0.963233
6839	0.0067463	0.225179	80.8124	55.4005	-10.1126	-0.0255256	126.075	130.885	0.963249
6840	0.00674722	0.225181	80.8141	55.3994	-10.1113	-0.0255262	126.077	130.886	0.963257
6841	0.00674814	0.225182	80.8158	55.3984	-10.1111	-0.0255268	126.078	130.887	0.963256
6842	0.00674906	0.225184	80.8175	55.3973	-10.1119	-0.0255273	126.077	130.888	0.963247
6843	0.00674998	0.225186	80.8192	55.3962	-10.1137	-0.0255279	126.076	130.889	0.96323
6844	0.0067509	0.225188	80.8209	55.3951	-10.1164	-0.0255284	126.074	130.89	0.963207
6845	0.00675182	0.225189	80.8226	55.3941	-10.1199	-0.0255289	126.071	130.891	0.963178
6846	0.00675274	0.225191	80.8243	55.393	-10.1239	-0.0255294	126.068	130.892	0.963144
6847	0.00675366	0.225193	80.826	55.3919	-10.1285	-0.0255299	126.064	130.893	0.963106
6848	0.00675458	0.225195	80.8278	55.3908	-10.1336	-0.0255303	126.059	130.894	0.963065
6849	0.00675551	0.225196	80.8295	55.3897	-10.1389	-0.0255307	126.055	130.895	0.963021
6850	0.00675643	0.225198	80.8313	55.3885	-10.1445	-0.0255311	126.05	130.896	0.962976
6851	0.00675735	0.2252	80.8331	55.3874	-10.1504	-0.0255314	126.045	130.897	0.962928
6852	0.00675827	0.225202	80.8348	55.3863	-10.1567	-0.0255317	126.039	130.898	0.962877
6853	0.00675919	0.225204	80.8366	55.3852	-10.1647	-0.0255318	126.032	130.899	0.962813
6854	0.00676011	0.225206	80.8384	55.384	-10.1753	-0.0255319	126.022	130.9	0.962729
6855	0.00676103	0.225207	80.8402	55.3829	-10.1834	-0.0255319	126.014	130.901	0.962664
6856	0.00676195	0.225209	80.842	55.3818	-10.1895	-0.0255319	126.009	130.903	0.962615
6857	0.00676287	0.225211	80.8439	55.3806	-10.1938	-0.0255319	126.005	130.904	0.962579
6858	0.00676379	0.225213	80.8457	55.3794	-10.1967	-0.0255319	126.003	130.905	0.962554
6859	0.00676471	0.225215	80.8475	55.3783	-10.1984	-0.0255319	126.002	130.906	0.962539
6860	0.00676563	0.225217	80.8494	55.3771	-10.199	-0.0255319	126.002	130.907	0.962531
6861	0.00676655	0.225219	80.8512	55.3759	-10.1987	-0.0255319	126.003	130.908	0.96253
6862	0.00676747	0.225221	80.8531	55.3748	-10.1975	-0.0255319	126.005	130.909	0.962537
6863	0.00676839	0.225222	80.8549	55.3736	-10.1955	-0.025532	126.007	130.91	0.962549
6864	0.00676931	0.225224	80.8568	55.3724	-10.1889	-0.0255322	126.015	130.911	0.962596
6865	0.00677023	0.225226	80.8587	55.3712	-10.1809	-0.0255324	126.023	130.912	0.962654
6866	0.00677116	0.225228	80.8606	55.37	-10.1728	-0.0255326	126.032	130.914	0.962714
6867	0.00677208	0.22523	80.8625	55.3688	-10.1646	-0.0255328	126.041	130.915	0.962773
6868	0.006773	0.225232	80.8644	55.3676	-10.1567	-0.025533	126.05	130.916	0.962831
6869	0.00677392	0.225234	80.8663	55.3664	-10.1491	-0.0255333	126.058	130.917	0.962885
6870	0.00677484	0.225236	80.8683	55.3652	-10.1421	-0.0255336	126.066	130.918	0.962936
6871	0.00677576	0.225238	80.8702	55.3639	-10.1356	-0.0255339	126.073	130.919	0.962982
6872	0.00677668	0.22524	80.8721	55.3627	-10.13	-0.0255343	126.079	130.92	0.963022
6873	0.0067776	0.225242	80.8741	55.3615	-10.1252	-0.0255348	126.085	130.922	0.963056
6874	0.00677852	0.225244	80.8761	55.3602	-10.1214	-0.0255353	126.089	130.923	0.963082
6875	0.00677944	0.225246	80.878	55.359	-10.1186	-0.0255359	126.093	130.924	0.9631
6876	0.00678036	0.225248	80.88	55.3577	-10.1168	-0.0255364	126.095	130.925	0.963111
6877	0.00678128	0.22525	80.882	55.3565	-10.1161	-0.025537	126.097	130.926	0.963113
6878	0.0067822	0.225252	80.884	55.3552	-10.1165	-0.0255376	126.097	130.928	0.963107
6879	0.00678312	0.225254	80.886	55.3539	-10.1179	-0.0255382	126.097	130.929	0.963093
6880	0.00678404	0.225256	80.888	55.3527	-10.1203	-0.0255388	126.095	130.93	0.963072
6881	0.00678496	0.225258	80.89	55.3514	-10.1235	-0.0255393	126.092	130.931	0.963044
6882	0.00678588	0.225261	80.8921	55.3501	-10.1274	-0.0255398	126.089	130.932	0.963011
6883	0.0067868	0.225263	80.8941	55.3488	-10.1318	-0.0255403	126.086	130.934	0.962974
6884	0.00678772	0.225265	80.8962	55.3475	-10.1367	-0.0255407	126.081	130.935	0.962933
6885	0.00678864	0.225267	80.8982	55.3462	-10.142	-0.0255412	126.077	130.936	0.96289
6886	0.00678956	0.225269	80.9003	55.3449	-10.1475	-0.0255415	126.072	130.937	0.962845
6887	0.00679049	0.225271	80.9024	55.3436	-10.1532	-0.0255419	126.067	130.938	0.962798
6888	0.00679141	0.225273	80.9045	55.3423	-10.1591	-0.0255422	126.062	130.94	0.962749
6889	0.00679233	0.225275	80.9065	55.341	-10.1655	-0.0255424	126.056	130.941	0.962697
6890	0.00679325	0.225277	80.9086	55.3396	-10.1742	-0.0255426	126.049	130.942	0.962627
6891	0.00679417	0.22528	80.9108	55.3383	-10.1841	-0.0255426	126.039	130.943	0.962549
6892	0.00679509	0.225282	80.9129	55.337	-10.1915	-0.0255427	126.033	130.945	0.962489
6893	0.00679601	0.225284	80.915	55.3356	-10.1969	-0.0255427	126.028	130.946	0.962444
6894	0.00679693	0.225286	80.9171	55.3343	-10.2007	-0.0255427	126.025	130.947	0.962412
6895	0.00679785	0.225288	80.9193	55.3329	-10.2031	-0.0255427	126.024	130.949	0.96239
6896	0.00679877	0.225291	80.9214	55.3315	-10.2044	-0.0255427	126.023	130.95	0.962377
6897	0.00679969	0.225293	80.9236	55.3302	-10.2047	-0.0255428	126.024	130.951	0.962371
6898	0.00680061	0.225295	80.9258	55.3288	-10.204	-0.0255428	126.025	130.952	0.962373
6899	0.00680153	0.225297	80.928	55.3274	-10.2026	-0.0255429	126.027	130.954	0.96238
6900	0.00680245	0.225299	80.9301	55.326	-10.1992	-0.025543	126.031	130.955	0.962403
6901	0.00680337	0.225302	80.9323	55.3246	-10.1918	-0.0255432	126.04	130.956	0.962456
6902	0.00680429	0.225304	80.9346	55.3232	-10.1839	-0.0255434	126.048	130.958	0.962513
6903	0.00680522	0.225306	80.9368	55.3218	-10.176	-0.0255436	126.057	130.959	0.96257
6904	0.00680614	0.225309	80.939	55.3204	-10.1681	-0.0255438	126.066	130.96	0.962626
6905	0.00680706	0.225311	80.9412	55.319	-10.1605	-0.025544	126.074	130.962	0.962681
6906	0.00680798	0.225313	80.9435	55.3176	-10.1534	-0.0255443	126.082	130.963	0.962732
6907	0.0068089	0.225315	80.9457	55.3162	-10.1468	-0.0255446	126.09	130.964	0.962779
6908	0.00680982	0.225318	80.948	55.3147	-10.1409	-0.025545	126.096	130.966	0.96282
6909	0.00681074	0.22532	80.9503	55.3133	-10.1357	-0.0255454	126.102	130.967	0.962856
6910	0.00681166	0.225322	80.9525	55.3119	-10.1315	-0.0255459	126.107	130.968	0.962885
6911	0.00681258	0.225325	80.9548	55.3104	-10.1282	-0.0255464	126.112	130.97	0.962907
6912	0.0068135	0.225327	80.9571	55.309	-10.1258	-0.025547	126.115	130.971	0.962921
6913	0.00681442	0.225329	80.9594	55.3075	-10.1244	-0.0255476	126.117	130.972	0.962928
6914	0.00681534	0.225332	80.9618	55.306	-10.1241	-0.0255482	126.118	130.974	0.962927
6915	0.00681626	0.225334	80.9641	55.3046	-10.1248	-0.0255488	126.118	130.975	0.962917
6916	0.00681718	0.225337	80.9664	55.3031	-10.1266	-0.0255494	126.117	130.977	0.962901
6917	0.0068181	0.225339	80.9688	55.3016	-10.1291	-0.02555	126.116	130.978	0.962877
6918	0.00681902	0.225341	80.9711	55.3001	-10.1325	-0.0255505	126.113	130.979	0.962848
6919	0.00681994	0.225344	80.9735	55.2986	-10.1364	-0.0255511	126.11	130.981	0.962814
6920	0.00682086	0.225346	80.9759	55.2971	-10.1409	-0.0255516	126.107	130.982	0.962776
6921	0.00682179	0.225349	80.9782	55.2956	-10.1458	-0.0255521	126.103	130.984	0.962736
6922	0.00682271	0.225351	80.9806	55.2941	-10.1509	-0.0255525	126.098	130.985	0.962692
6923	0.00682363	0.225354	80.983	55.2926	-10.1564	-0.0255529	126.094	130.986	0.962647
6924	0.00682455	0.225356	80.9854	55.2911	-10.162	-0.0255533	126.089	130.988	0.9626
6925	0.00682547	0.225358	80.9879	55.2895	-10.1679	-0.0255536	126.084	130.989	0.962552
6926	0.00682639	0.225361	80.9903	55.288	-10.1745	-0.0255539	126.078	130.991	0.962498
6927	0.00682731	0.225363	80.9927	55.2865	-10.185	-0.025554	126.069	130.992	0.962413
6928	0.00682823	0.225366	80.9952	55.2849	-10.1938	-0.025554	126.061	130.994	0.962342
6929	0.00682915	0.225368	80.9976	55.2834	-10.2005	-0.025554	126.055	130.995	0.962287
6930	0.00683007	0.225371	81.0001	55.2818	-10.2053	-0.0255541	126.051	130.997	0.962247
6931	0.00683099	0.225374	81.0026	55.2802	-10.2086	-0.0255541	126.049	130.998	0.962218
6932	0.00683191	0.225376	81.0051	55.2787	-10.2107	-0.0255541	126.047	130.999	0.962198
6933	0.00683283	0.225379	81.0075	55.2771	-10.2117	-0.0255541	126.047	131.001	0.962187
6934	0.00683375	0.225381	81.0101	55.2755	-10.2117	-0.0255541	126.048	131.002	0.962183
6935	0.00683467	0.225384	81.0126	55.2739	-10.2108	-0.0255541	126.05	131.004	0.962186
6936	0.0068356	0.225386	81.0151	55.2723	-10.2091	-0.0255542	126.053	131.005	0.962194
6937	0.00683652	0.225389	81.0176	55.2707	-10.2034	-0.0255544	126.059	131.007	0.962234
6938	0.00683744	0.225392	81.0202	55.2691	-10.1957	-0.0255546	126.068	131.008	0.962289
6939	0.00683836	0.225394	81.0227	55.2675	-10.1877	-0.0255548	126.077	131.01	0.962346
6940	0.00683928	0.225397	81.0253	55.2659	-10.1797	-0.025555	126.086	131.012	0.962403
6941	0.0068402	0.225399	81.0278	55.2642	-10.1719	-0.0255552	126.095	131.013	0.962459
6942	0.00684112	0.225402	81.0304	55.2626	-10.1644	-0.0255554	126.103	131.015	0.962512
6943	0.00684204	0.225405	81.033	55.261	-10.1574	-0.0255557	126.111	131.016	0.962561
6944	0.00684296	0.225407	81.0356	55.2593	-10.151	-0.0255561	126.118	131.018	0.962606
6945	0.00684388	0.22541	81.0382	55.2577	-10.1454	-0.0255565	126.125	131.019	0.962645
6946	0.0068448	0.225413	81.0408	55.256	-10.1406	-0.0255569	126.131	131.021	0.962678
6947	0.00684572	0.225415	81.0435	55.2543	-10.1367	-0.0255574	126.136	131.022	0.962703
6948	0.00684664	0.225418	81.0461	55.2527	-10.1338	-0.0255579	126.139	131.024	0.962721
6949	0.00684756	0.225421	81.0488	55.251	-10.1319	-0.0255585	126.142	131.025	0.962732
6950	0.00684848	0.225423	81.0514	55.2493	-10.131	-0.0255591	126.144	131.027	0.962734
6951	0.0068494	0.225426	81.0541	55.2476	-10.1313	-0.0255597	126.145	131.029	0.962728
6952	0.00685032	0.225429	81.0568	55.2459	-10.1326	-0.0255602	126.145	131.03	0.962714
6953	0.00685124	0.225432	81.0595	55.2442	-10.1348	-0.0255608	126.143	131.032	0.962692
6954	0.00685216	0.225434	81.0622	55.2425	-10.1379	-0.0255613	126.141	131.033	0.962665
6955	0.00685309	0.225437	81.0649	55.2408	-10.1417	-0.0255619	126.138	131.035	0.962631
6956	0.00685401	0.22544	81.0676	55.2391	-10.146	-0.0255623	126.135	131.037	0.962594
6957	0.00685493	0.225443	81.0703	55.2374	-10.1508	-0.0255628	126.131	131.038	0.962553
6958	0.00685585	0.225446	81.073	55.2356	-10.1559	-0.0255632	126.127	131.04	0.96251
6959	0.00685677	0.225448	81.0758	55.2339	-10.1613	-0.0255636	126.123	131.041	0.962465
6960	0.00685769	0.225451	81.0785	55.2322	-10.1669	-0.025564	126.118	131.043	0.962418
6961	0.00685861	0.225454	81.0813	55.2304	-10.1726	-0.0255643	126.114	131.045	0.96237
6962	0.00685953	0.225457	81.0841	55.2286	-10.1786	-0.0255646	126.109	131.046	0.96232
6963	0.00686045	0.22546	81.0869	55.2269	-10.1858	-0.0255648	126.102	131.048	0.962261
6964	0.00686137	0.225463	81.0897	55.2251	-10.1963	-0.0255649	126.093	131.05	0.962176
6965	0.00686229	0.225465	81.0925	55.2233	-10.2042	-0.0255649	126.086	131.051	0.962111
6966	0.00686321	0.225468	81.0953	55.2216	-10.21	-0.0255649	126.081	131.053	0.962062
6967	0.00686413	0.225471	81.0981	55.2198	-10.2141	-0.025565	126.078	131.055	0.962027
6968	0.00686505	0.225474	81.1009	55.218	-10.2167	-0.025565	126.077	131.056	0.962003
6969	0.00686598	0.225477	81.1038	55.2162	-10.2181	-0.0255651	126.076	131.058	0.961988
6970	0.0068669	0.22548	81.1066	55.2144	-10.2185	-0.0255651	126.077	131.06	0.96198
6971	0.00686782	0.225483	81.1095	55.2126	-10.218	-0.0255651	126.079	131.062	0.96198
6972	0.00686874	0.225486	81.1124	55.2107	-10.2166	-0.0255652	126.081	131.063	0.961986
6973	0.00686966	0.225489	81.1153	55.2089	-10.2146	-0.0255653	126.084	131.065	0.961997
6974	0.00687058	0.225492	81.1182	55.2071	-10.2079	-0.0255655	126.092	131.067	0.962043
6975	0.0068715	0.225495	81.1211	55.2052	-10.2	-0.0255658	126.101	131.068	0.962099
6976	0.00687242	0.225498	81.124	55.2034	-10.1919	-0.0255659	126.11	131.07	0.962157
6977	0.00687334	0.225501	81.1269	55.2016	-10.1839	-0.0255661	126.119	131.072	0.962213
6978	0.00687426	0.225503	81.1298	55.1997	-10.1761	-0.0255663	126.128	131.074	0.962268
6979	0.00687518	0.225507	81.1328	55.1978	-10.1687	-0.0255666	126.136	131.075	0.962319
6980	0.0068761	0.22551	81.1357	55.196	-10.1619	-0.0255668	126.144	131.077	0.962367
6981	0.00687702	0.225513	81.1387	55.1941	-10.1557	-0.0255672	126.151	131.079	0.96241
6982	0.00687794	0.225516	81.1417	55.1922	-10.1503	-0.0255675	126.158	131.081	0.962446
6983	0.00687886	0.225519	81.1446	55.1903	-10.1457	-0.0255679	126.164	131.082	0.962476
6984	0.00687978	0.225522	81.1476	55.1884	-10.1421	-0.0255684	126.168	131.084	0.9625
6985	0.0068807	0.225525	81.1506	55.1865	-10.1394	-0.0255689	126.172	131.086	0.962515
6986	0.00688162	0.225528	81.1536	55.1846	-10.1377	-0.0255695	126.175	131.088	0.962524
6987	0.00688255	0.225531	81.1566	55.1827	-10.137	-0.02557	126.177	131.089	0.962524
6988	0.00688347	0.225534	81.1597	55.1808	-10.1374	-0.0255706	126.177	131.091	0.962516
6989	0.00688439	0.225537	81.1627	55.1789	-10.1388	-0.0255712	126.177	131.093	0.962501
6990	0.00688531	0.22554	81.1658	55.177	-10.1411	-0.0255717	126.176	131.095	0.962479
6991	0.00688623	0.225543	81.1688	55.175	-10.1442	-0.0255722	126.174	131.097	0.96245
6992	0.00688715	0.225546	81.1719	55.1731	-10.148	-0.0255727	126.171	131.099	0.962417
6993	0.00688807	0.22555	81.175	55.1711	-10.1523	-0.0255732	126.168	131.1	0.962379
6994	0.00688899	0.225553	81.178	55.1692	-10.157	-0.0255737	126.165	131.102	0.962338
6995	0.00688991	0.225556	81.1811	55.1672	-10.1621	-0.0255741	126.161	131.104	0.962295
6996	0.00689083	0.225559	81.1842	55.1653	-10.1675	-0.0255745	126.156	131.106	0.962249
6997	0.00689175	0.225562	81.1874	55.1633	-10.173	-0.0255748	126.152	131.108	0.962202
6998	0.00689267	0.225565	81.1905	55.1613	-10.1788	-0.0255751	126.147	131.11	0.962153
6999	0.00689359	0.225569	81.1936	55.1593	-10.1849	-0.0255754	126.142	131.111	0.962101
7000	0.00689451	0.225572	81.1968	55.1573	-10.1926	-0.0255755	126.136	131.113	0.962038
7001	0.00689543	0.225575	81.1999	55.1554	-10.2029	-0.0255756	126.127	131.115	0.961955
7002	0.00689635	0.225578	81.2031	55.1534	-10.2106	-0.0255756	126.12	131.117	0.961891
7003	0.00689728	0.225581	81.2062	55.1513	-10.2163	-0.0255756	126.116	131.119	0.961843
7004	0.0068982	0.225585	81.2094	55.1493	-10.2202	-0.0255756	126.113	131.121	0.961808
7005	0.00689912	0.225588	81.2126	55.1473	-10.2228	-0.0255755	126.112	131.123	0.961783
7006	0.00690004	0.225591	81.2158	55.1453	-10.2242	-0.0255755	126.111	131.125	0.961767
7007	0.00690096	0.225594	81.219	55.1433	-10.2246	-0.0255755	126.112	131.126	0.96176
7008	0.00690188	0.225598	81.2222	55.1412	-10.224	-0.0255755	126.114	131.128	0.961759
7009	0.0069028	0.225601	81.2254	55.1392	-10.2226	-0.0255755	126.116	131.13	0.961765
7010	0.00690372	0.225604	81.2287	55.1371	-10.2204	-0.0255756	126.12	131.132	0.961776
7011	0.00690464	0.225608	81.2319	55.1351	-10.2135	-0.0255758	126.128	131.134	0.961824
7012	0.00690556	0.225611	81.2352	55.133	-10.2053	-0.025576	126.137	131.136	0.961881
7013	0.00690648	0.225614	81.2384	55.131	-10.1971	-0.0255762	126.147	131.138	0.961939
7014	0.0069074	0.225618	81.2417	55.1289	-10.1889	-0.0255764	126.156	131.14	0.961997
7015	0.00690832	0.225621	81.245	55.1268	-10.1809	-0.0255766	126.165	131.142	0.962052
7016	0.00690924	0.225624	81.2482	55.1248	-10.1733	-0.0255768	126.174	131.144	0.962105
7017	0.00691016	0.225628	81.2515	55.1227	-10.1663	-0.0255771	126.182	131.146	0.962154
7018	0.00691108	0.225631	81.2548	55.1206	-10.1599	-0.0255775	126.19	131.148	0.962198
7019	0.00691201	0.225634	81.2582	55.1185	-10.1543	-0.0255779	126.197	131.15	0.962235
7020	0.00691293	0.225638	81.2615	55.1164	-10.1495	-0.0255783	126.203	131.152	0.962266
7021	0.00691385	0.225641	81.2648	55.1143	-10.1457	-0.0255789	126.208	131.154	0.96229
7022	0.00691477	0.225645	81.2681	55.1122	-10.1429	-0.0255794	126.212	131.156	0.962306
7023	0.00691569	0.225648	81.2715	55.11	-10.1411	-0.02558	126.215	131.158	0.962315
7024	0.00691661	0.225651	81.2748	55.1079	-10.1404	-0.0255805	126.217	131.16	0.962315
7025	0.00691753	0.225655	81.2782	55.1058	-10.1408	-0.0255811	126.218	131.161	0.962307
7026	0.00691845	0.225658	81.2816	55.1037	-10.1422	-0.0255817	126.217	131.163	0.962291
7027	0.00691937	0.225662	81.2849	55.1015	-10.1445	-0.0255822	126.216	131.165	0.962268
7028	0.00692029	0.225665	81.2883	55.0994	-10.1477	-0.0255828	126.214	131.168	0.962239
7029	0.00692121	0.225669	81.2917	55.0972	-10.1515	-0.0255832	126.212	131.17	0.962204
7030	0.00692213	0.225672	81.2951	55.0951	-10.1558	-0.0255837	126.209	131.172	0.962166
7031	0.00692305	0.225676	81.2985	55.0929	-10.1606	-0.0255841	126.205	131.174	0.962125
7032	0.00692397	0.225679	81.302	55.0908	-10.1656	-0.0255845	126.201	131.176	0.962081
7033	0.00692489	0.225682	81.3054	55.0886	-10.1709	-0.0255849	126.197	131.178	0.962035
7034	0.00692581	0.225686	81.3088	55.0864	-10.1764	-0.0255852	126.193	131.18	0.961988
7035	0.00692673	0.225689	81.3123	55.0842	-10.182	-0.0255855	126.189	131.182	0.96194
7036	0.00692765	0.225693	81.3157	55.082	-10.1881	-0.0255857	126.184	131.184	0.961888
7037	0.00692858	0.225697	81.3192	55.0799	-10.1961	-0.0255858	126.177	131.186	0.961822
7038	0.0069295	0.2257	81.3226	55.0777	-10.2059	-0.0255858	126.169	131.188	0.961742
7039	0.00693042	0.225704	81.3261	55.0755	-10.2131	-0.0255859	126.163	131.19	0.961681
7040	0.00693134	0.225707	81.3296	55.0733	-10.2183	-0.0255859	126.159	131.192	0.961636
7041	0.00693226	0.225711	81.3331	55.0711	-10.2219	-0.0255858	126.157	131.194	0.961604
7042	0.00693318	0.225714	81.3366	55.0688	-10.2241	-0.0255858	126.156	131.196	0.961582
7043	0.0069341	0.225718	81.3401	55.0666	-10.2252	-0.0255858	126.156	131.198	0.961568
7044	0.00693502	0.225721	81.3436	55.0644	-10.2252	-0.0255858	126.157	131.2	0.961562
7045	0.00693594	0.225725	81.3471	55.0622	-10.2244	-0.0255859	126.159	131.202	0.961563
7046	0.00693686	0.225729	81.3506	55.0599	-10.2228	-0.0255859	126.162	131.204	0.96157
7047	0.00693778	0.225732	81.3542	55.0577	-10.22	-0.025586	126.166	131.206	0.961586
7048	0.0069387	0.225736	81.3577	55.0555	-10.2126	-0.0255862	126.175	131.209	0.961636
7049	0.00693962	0.225739	81.3612	55.0532	-10.2045	-0.0255864	126.184	131.211	0.961693
7050	0.00694054	0.225743	81.3648	55.051	-10.1964	-0.0255865	126.194	131.213	0.96175
7051	0.00694146	0.225747	81.3683	55.0487	-10.1883	-0.0255867	126.203	131.215	0.961805
7052	0.00694238	0.22575	81.3719	55.0465	-10.1805	-0.0255869	126.212	131.217	0.961859
7053	0.00694331	0.225754	81.3755	55.0442	-10.1732	-0.0255871	126.221	131.219	0.96191
7054	0.00694423	0.225757	81.3791	55.0419	-10.1663	-0.0255873	126.229	131.221	0.961956
7055	0.00694515	0.225761	81.3826	55.0397	-10.1602	-0.0255877	126.237	131.223	0.961998
7056	0.00694607	0.225765	81.3862	55.0374	-10.1548	-0.025588	126.243	131.225	0.962033
7057	0.00694699	0.225768	81.3898	55.0351	-10.1502	-0.0255885	126.249	131.228	0.962063
7058	0.00694791	0.225772	81.3934	55.0328	-10.1466	-0.0255889	126.254	131.23	0.962085
7059	0.00694883	0.225776	81.3971	55.0305	-10.1439	-0.0255895	126.258	131.232	0.962099
7060	0.00694975	0.225779	81.4007	55.0283	-10.1422	-0.02559	126.261	131.234	0.962107
7061	0.00695067	0.225783	81.4043	55.026	-10.1416	-0.0255906	126.263	131.236	0.962106
7062	0.00695159	0.225787	81.4079	55.0237	-10.1419	-0.0255912	126.264	131.238	0.962098
7063	0.00695251	0.225791	81.4116	55.0214	-10.1433	-0.0255917	126.264	131.24	0.962082
7064	0.00695343	0.225794	81.4152	55.0191	-10.1455	-0.0255923	126.263	131.243	0.962059
7065	0.00695435	0.225798	81.4189	55.0167	-10.1485	-0.0255928	126.261	131.245	0.962031
7066	0.00695527	0.225802	81.4225	55.0144	-10.1521	-0.0255933	126.259	131.247	0.961998
7067	0.00695619	0.225805	81.4262	55.0121	-10.1563	-0.0255938	126.256	131.249	0.96196
7068	0.00695711	0.225809	81.4298	55.0098	-10.1608	-0.0255943	126.253	131.251	0.96192
7069	0.00695803	0.225813	81.4335	55.0075	-10.1657	-0.0255947	126.25	131.253	0.961877
7070	0.00695895	0.225817	81.4372	55.0051	-10.1709	-0.0255951	126.246	131.256	0.961832
7071	0.00695987	0.22582	81.4409	55.0028	-10.1762	-0.0255954	126.242	131.258	0.961786
7072	0.0069608	0.225824	81.4446	55.0005	-10.1819	-0.0255957	126.238	131.26	0.961737
7073	0.00696172	0.225828	81.4483	54.9981	-10.1883	-0.0255959	126.232	131.262	0.961683
7074	0.00696264	0.225832	81.452	54.9958	-10.1993	-0.025596	126.223	131.264	0.961593
7075	0.00696356	0.225835	81.4557	54.9934	-10.2077	-0.025596	126.216	131.266	0.961523
7076	0.00696448	0.225839	81.4594	54.9911	-10.214	-0.025596	126.211	131.269	0.96147
7077	0.0069654	0.225843	81.4631	54.9887	-10.2184	-0.025596	126.208	131.271	0.96143
7078	0.00696632	0.225847	81.4668	54.9864	-10.2214	-0.025596	126.206	131.273	0.961402
7079	0.00696724	0.225851	81.4705	54.984	-10.2231	-0.0255959	126.206	131.275	0.961383
7080	0.00696816	0.225854	81.4743	54.9817	-10.2238	-0.0255959	126.207	131.277	0.961372
7081	0.00696908	0.225858	81.478	54.9793	-10.2234	-0.0255959	126.208	131.28	0.961369
7082	0.00697	0.225862	81.4817	54.9769	-10.2222	-0.0255959	126.211	131.282	0.961373
7083	0.00697092	0.225866	81.4855	54.9745	-10.2202	-0.0255959	126.214	131.284	0.961382
7084	0.00697184	0.22587	81.4892	54.9722	-10.2141	-0.0255961	126.222	131.286	0.961423
7085	0.00697276	0.225873	81.493	54.9698	-10.206	-0.0255963	126.231	131.289	0.961479
7086	0.00697368	0.225877	81.4968	54.9674	-10.1976	-0.0255965	126.241	131.291	0.961537
7087	0.0069746	0.225881	81.5005	54.965	-10.1893	-0.0255966	126.251	131.293	0.961595
7088	0.00697552	0.225885	81.5043	54.9626	-10.1811	-0.0255968	126.26	131.295	0.961652
7089	0.00697645	0.225889	81.5081	54.9602	-10.1732	-0.0255971	126.27	131.297	0.961706
7090	0.00697737	0.225893	81.5118	54.9579	-10.1658	-0.0255973	126.278	131.3	0.961757
7091	0.00697829	0.225896	81.5156	54.9555	-10.159	-0.0255977	126.286	131.302	0.961802
7092	0.00697921	0.2259	81.5194	54.9531	-10.1529	-0.0255981	126.294	131.304	0.961843
7093	0.00698013	0.225904	81.5232	54.9507	-10.1478	-0.0255985	126.3	131.306	0.961876
7094	0.00698105	0.225908	81.527	54.9483	-10.1435	-0.025599	126.306	131.309	0.961903
7095	0.00698197	0.225912	81.5308	54.9458	-10.1402	-0.0255995	126.311	131.311	0.961922
7096	0.00698289	0.225916	81.5346	54.9434	-10.138	-0.0256001	126.314	131.313	0.961933
7097	0.00698381	0.22592	81.5384	54.941	-10.1368	-0.0256006	126.317	131.315	0.961937
7098	0.00698473	0.225923	81.5422	54.9386	-10.1367	-0.0256012	126.319	131.318	0.961931
7099	0.00698565	0.225927	81.546	54.9362	-10.1377	-0.0256018	126.319	131.32	0.961918
7100	0.00698657	0.225931	81.5499	54.9338	-10.1396	-0.0256023	126.318	131.322	0.961898
7101	0.00698749	0.225935	81.5537	54.9314	-10.1424	-0.0256028	126.317	131.324	0.96187
7102	0.00698841	0.225939	81.5575	54.9289	-10.1459	-0.0256033	126.315	131.327	0.961838
7103	0.00698933	0.225943	81.5613	54.9265	-10.15	-0.0256038	126.312	131.329	0.961801
7104	0.00699025	0.225947	81.5652	54.9241	-10.1545	-0.0256042	126.309	131.331	0.96176
7105	0.00699117	0.225951	81.569	54.9216	-10.1594	-0.0256046	126.306	131.333	0.961717
7106	0.00699209	0.225954	81.5728	54.9192	-10.1646	-0.025605	126.302	131.336	0.961672
7107	0.00699302	0.225958	81.5767	54.9168	-10.1701	-0.0256053	126.298	131.338	0.961624
7108	0.00699394	0.225962	81.5805	54.9143	-10.1758	-0.0256056	126.294	131.34	0.961575
7109	0.00699486	0.225966	81.5844	54.9119	-10.1821	-0.0256059	126.289	131.342	0.961521
7110	0.00699578	0.22597	81.5882	54.9095	-10.1918	-0.025606	126.28	131.345	0.961442
7111	0.0069967	0.225974	81.5921	54.907	-10.2009	-0.025606	126.273	131.347	0.961366
7112	0.00699762	0.225978	81.5959	54.9046	-10.2077	-0.025606	126.267	131.349	0.961308
7113	0.00699854	0.225982	81.5998	54.9021	-10.2126	-0.025606	126.264	131.352	0.961265
7114	0.00699946	0.225986	81.6037	54.8997	-10.2159	-0.0256061	126.262	131.354	0.961235
7115	0.00700038	0.22599	81.6075	54.8972	-10.2178	-0.0256061	126.261	131.356	0.961214
7116	0.0070013	0.225994	81.6114	54.8948	-10.2187	-0.0256061	126.262	131.358	0.961201
7117	0.00700222	0.225998	81.6153	54.8923	-10.2185	-0.0256061	126.264	131.361	0.961197
7118	0.00700314	0.226001	81.6191	54.8899	-10.2174	-0.0256061	126.266	131.363	0.961199
7119	0.00700406	0.226005	81.623	54.8874	-10.2155	-0.0256062	126.269	131.365	0.961208
7120	0.00700498	0.226009	81.6269	54.885	-10.2111	-0.0256063	126.275	131.368	0.961235
7121	0.0070059	0.226013	81.6307	54.8825	-10.2032	-0.0256066	126.284	131.37	0.961289
7122	0.00700682	0.226017	81.6346	54.8801	-10.1949	-0.0256068	126.294	131.372	0.961347
7123	0.00700775	0.226021	81.6385	54.8776	-10.1865	-0.025607	126.304	131.374	0.961405
7124	0.00700867	0.226025	81.6424	54.8752	-10.1782	-0.0256072	126.314	131.377	0.961462
7125	0.00700959	0.226029	81.6463	54.8727	-10.1703	-0.0256074	126.323	131.379	0.961517
7126	0.00701051	0.226033	81.6501	54.8702	-10.1627	-0.0256076	126.332	131.381	0.961568
7127	0.00701143	0.226037	81.654	54.8678	-10.1558	-0.0256079	126.34	131.384	0.961615
7128	0.00701235	0.226041	81.6579	54.8653	-10.1496	-0.0256083	126.348	131.386	0.961656
7129	0.00701327	0.226045	81.6618	54.8629	-10.1442	-0.0256087	126.355	131.388	0.961691
7130	0.00701419	0.226049	81.6657	54.8604	-10.1397	-0.0256091	126.361	131.39	0.96172
7131	0.00701511	0.226053	81.6696	54.8579	-10.1361	-0.0256096	126.366	131.393	0.961741
7132	0.00701603	0.226057	81.6734	54.8555	-10.1335	-0.0256102	126.37	131.395	0.961755
7133	0.00701695	0.22606	81.6773	54.853	-10.1319	-0.0256107	126.373	131.397	0.961761
7134	0.00701787	0.226064	81.6812	54.8506	-10.1314	-0.0256113	126.375	131.4	0.961759
7135	0.00701879	0.226068	81.6851	54.8481	-10.132	-0.0256118	126.376	131.402	0.961749
7136	0.00701971	0.226072	81.689	54.8456	-10.1335	-0.0256124	126.375	131.404	0.961731
7137	0.00702063	0.226076	81.6929	54.8432	-10.136	-0.0256129	126.374	131.406	0.961707
7138	0.00702155	0.22608	81.6967	54.8407	-10.1391	-0.0256135	126.373	131.409	0.961676
7139	0.00702247	0.226084	81.7006	54.8382	-10.143	-0.025614	126.37	131.411	0.961641
7140	0.00702339	0.226088	81.7045	54.8358	-10.1473	-0.0256144	126.367	131.413	0.961602
7141	0.00702431	0.226092	81.7084	54.8333	-10.1521	-0.0256149	126.364	131.416	0.96156
7142	0.00702523	0.226096	81.7123	54.8309	-10.1572	-0.0256153	126.36	131.418	0.961516
7143	0.00702616	0.2261	81.7162	54.8284	-10.1626	-0.0256157	126.356	131.42	0.961469
7144	0.00702708	0.226104	81.72	54.826	-10.1683	-0.025616	126.352	131.422	0.961419
7145	0.007028	0.226108	81.7239	54.8235	-10.1747	-0.0256163	126.347	131.425	0.961365
7146	0.00702892	0.226112	81.7278	54.821	-10.1836	-0.0256164	126.34	131.427	0.961291
7147	0.00702984	0.226116	81.7317	54.8186	-10.1935	-0.0256164	126.331	131.429	0.961209
7148	0.00703076	0.22612	81.7355	54.8161	-10.2011	-0.0256165	126.325	131.432	0.961146
7149	0.00703168	0.226123	81.7394	54.8137	-10.2066	-0.0256165	126.321	131.434	0.961098
7150	0.0070326	0.226127	81.7433	54.8112	-10.2105	-0.0256165	126.318	131.436	0.961062
7151	0.00703352	0.226131	81.7472	54.8088	-10.2131	-0.0256164	126.317	131.438	0.961037
7152	0.00703444	0.226135	81.751	54.8063	-10.2145	-0.0256164	126.317	131.441	0.961021
7153	0.00703536	0.226139	81.7549	54.8039	-10.2148	-0.0256164	126.318	131.443	0.961012
7154	0.00703628	0.226143	81.7588	54.8014	-10.2142	-0.0256164	126.32	131.445	0.961011
7155	0.0070372	0.226147	81.7626	54.799	-10.2127	-0.0256165	126.323	131.448	0.961016
7156	0.00703812	0.226151	81.7665	54.7965	-10.2105	-0.0256165	126.327	131.45	0.961027
7157	0.00703904	0.226155	81.7703	54.7941	-10.2035	-0.0256167	126.335	131.452	0.961075
7158	0.00703997	0.226159	81.7742	54.7916	-10.1952	-0.0256169	126.345	131.454	0.961132
7159	0.00704089	0.226163	81.778	54.7892	-10.1868	-0.0256171	126.355	131.457	0.96119
7160	0.00704181	0.226166	81.7819	54.7868	-10.1784	-0.0256173	126.365	131.459	0.961248
7161	0.00704273	0.22617	81.7857	54.7843	-10.1703	-0.0256175	126.374	131.461	0.961304
7162	0.00704365	0.226174	81.7896	54.7819	-10.1625	-0.0256178	126.383	131.463	0.961358
7163	0.00704457	0.226178	81.7934	54.7795	-10.1552	-0.0256181	126.392	131.466	0.961407
7164	0.00704549	0.226182	81.7972	54.777	-10.1486	-0.0256184	126.4	131.468	0.961451
7165	0.00704641	0.226186	81.8011	54.7746	-10.1428	-0.0256188	126.407	131.47	0.96149
7166	0.00704733	0.22619	81.8049	54.7722	-10.1378	-0.0256193	126.414	131.472	0.961522
7167	0.00704825	0.226194	81.8087	54.7698	-10.1338	-0.0256198	126.419	131.475	0.961546
7168	0.00704917	0.226198	81.8125	54.7673	-10.1308	-0.0256203	126.423	131.477	0.961563
7169	0.00705009	0.226201	81.8164	54.7649	-10.1289	-0.0256209	126.427	131.479	0.961572
7170	0.00705101	0.226205	81.8202	54.7625	-10.128	-0.0256215	126.429	131.481	0.961573
7171	0.00705193	0.226209	81.824	54.7601	-10.1283	-0.0256221	126.43	131.484	0.961565
7172	0.00705285	0.226213	81.8278	54.7577	-10.1296	-0.0256227	126.43	131.486	0.96155
7173	0.00705377	0.226217	81.8316	54.7553	-10.1318	-0.0256232	126.429	131.488	0.961527
7174	0.00705469	0.226221	81.8354	54.7528	-10.1349	-0.0256237	126.428	131.49	0.961497
7175	0.00705561	0.226224	81.8392	54.7504	-10.1387	-0.0256242	126.425	131.493	0.961463
7176	0.00705653	0.226228	81.843	54.748	-10.1431	-0.0256247	126.422	131.495	0.961424
7177	0.00705746	0.226232	81.8468	54.7456	-10.1479	-0.0256251	126.419	131.497	0.961381
7178	0.00705838	0.226236	81.8506	54.7432	-10.1531	-0.0256255	126.415	131.499	0.961336
7179	0.0070593	0.22624	81.8543	54.7408	-10.1586	-0.0256259	126.411	131.502	0.961289
7180	0.00706022	0.226244	81.8581	54.7384	-10.1644	-0.0256262	126.407	131.504	0.961239
7181	0.00706114	0.226247	81.8619	54.7361	-10.1706	-0.0256265	126.402	131.506	0.961186
7182	0.00706206	0.226251	81.8657	54.7337	-10.1782	-0.0256267	126.396	131.508	0.961123
7183	0.00706298	0.226255	81.8694	54.7313	-10.1891	-0.0256267	126.386	131.51	0.961034
7184	0.0070639	0.226259	81.8732	54.7289	-10.1975	-0.0256267	126.379	131.513	0.960965
7185	0.00706482	0.226263	81.8769	54.7265	-10.2037	-0.0256267	126.374	131.515	0.960912
7186	0.00706574	0.226266	81.8807	54.7241	-10.2081	-0.0256267	126.371	131.517	0.960872
7187	0.00706666	0.22627	81.8844	54.7218	-10.2111	-0.0256267	126.369	131.519	0.960844
7188	0.00706758	0.226274	81.8882	54.7194	-10.2129	-0.0256267	126.369	131.521	0.960825
7189	0.0070685	0.226278	81.8919	54.717	-10.2135	-0.0256267	126.37	131.524	0.960814
7190	0.00706942	0.226282	81.8956	54.7147	-10.2132	-0.0256267	126.371	131.526	0.960811
7191	0.00707034	0.226285	81.8993	54.7123	-10.2121	-0.0256267	126.374	131.528	0.960814
7192	0.00707126	0.226289	81.9031	54.71	-10.2101	-0.0256268	126.377	131.53	0.960823
7193	0.00707219	0.226293	81.9068	54.7076	-10.204	-0.0256269	126.385	131.532	0.960864
7194	0.00707311	0.226297	81.9105	54.7053	-10.1961	-0.0256271	126.394	131.535	0.960919
7195	0.00707403	0.2263	81.9142	54.7029	-10.1878	-0.0256273	126.404	131.537	0.960976
7196	0.00707495	0.226304	81.9179	54.7006	-10.1797	-0.0256275	126.413	131.539	0.961032
7197	0.00707587	0.226308	81.9216	54.6982	-10.1717	-0.0256277	126.422	131.541	0.961088
7198	0.00707679	0.226312	81.9253	54.6959	-10.164	-0.0256279	126.431	131.543	0.96114
7199	0.00707771	0.226315	81.9289	54.6935	-10.1569	-0.0256282	126.44	131.545	0.961189
7200	0.00707863	0.226319	81.9326	54.6912	-10.1504	-0.0256285	126.448	131.548	0.961232
7201	0.00707955	0.226323	81.9363	54.6889	-10.1447	-0.0256289	126.455	131.55	0.96127
7202	0.00708047	0.226326	81.9399	54.6866	-10.1398	-0.0256293	126.461	131.552	0.961302
7203	0.00708139	0.22633	81.9436	54.6843	-10.1358	-0.0256298	126.466	131.554	0.961327
7204	0.00708231	0.226334	81.9473	54.6819	-10.1329	-0.0256303	126.471	131.556	0.961344
7205	0.00708323	0.226337	81.9509	54.6796	-10.1309	-0.0256308	126.474	131.558	0.961353
7206	0.00708415	0.226341	81.9545	54.6773	-10.13	-0.0256314	126.476	131.56	0.961355
7207	0.00708507	0.226345	81.9582	54.675	-10.1301	-0.025632	126.477	131.563	0.961348
7208	0.00708599	0.226349	81.9618	54.6727	-10.1314	-0.0256325	126.478	131.565	0.961333
7209	0.00708691	0.226352	81.9654	54.6704	-10.1335	-0.0256331	126.477	131.567	0.961311
7210	0.00708783	0.226356	81.969	54.6681	-10.1365	-0.0256336	126.475	131.569	0.961283
7211	0.00708876	0.226359	81.9727	54.6658	-10.1402	-0.0256341	126.473	131.571	0.961249
7212	0.00708968	0.226363	81.9763	54.6635	-10.1445	-0.0256346	126.47	131.573	0.961211
7213	0.0070906	0.226367	81.9799	54.6613	-10.1493	-0.0256351	126.466	131.575	0.961169
7214	0.00709152	0.22637	81.9834	54.659	-10.1545	-0.0256355	126.462	131.577	0.961125
7215	0.00709244	0.226374	81.987	54.6567	-10.16	-0.0256359	126.458	131.58	0.961077
7216	0.00709336	0.226378	81.9906	54.6544	-10.1658	-0.0256362	126.454	131.582	0.961028
7217	0.00709428	0.226381	81.9942	54.6522	-10.1721	-0.0256365	126.449	131.584	0.960975
7218	0.0070952	0.226385	81.9977	54.6499	-10.1797	-0.0256367	126.442	131.586	0.960911
7219	0.00709612	0.226388	82.0013	54.6477	-10.191	-0.0256368	126.432	131.588	0.960821
7220	0.00709704	0.226392	82.0049	54.6454	-10.1996	-0.0256368	126.425	131.59	0.960749
7221	0.00709796	0.226396	82.0084	54.6432	-10.2062	-0.0256368	126.42	131.592	0.960694
7222	0.00709888	0.226399	82.0119	54.6409	-10.211	-0.0256368	126.416	131.594	0.960652
7223	0.0070998	0.226403	82.0155	54.6387	-10.2143	-0.0256367	126.414	131.596	0.960622
7224	0.00710072	0.226406	82.019	54.6364	-10.2164	-0.0256367	126.413	131.598	0.9606
7225	0.00710164	0.22641	82.0225	54.6342	-10.2174	-0.0256367	126.414	131.6	0.960587
7226	0.00710256	0.226413	82.026	54.632	-10.2175	-0.0256367	126.415	131.602	0.960582
7227	0.00710348	0.226417	82.0295	54.6298	-10.2166	-0.0256366	126.417	131.604	0.960583
7228	0.00710441	0.22642	82.033	54.6275	-10.2149	-0.0256367	126.42	131.607	0.960591
7229	0.00710533	0.226424	82.0365	54.6253	-10.2093	-0.0256368	126.427	131.609	0.960628
7230	0.00710625	0.226428	82.04	54.6231	-10.2015	-0.025637	126.436	131.611	0.960682
7231	0.00710717	0.226431	82.0435	54.6209	-10.1935	-0.0256372	126.445	131.613	0.960738
7232	0.00710809	0.226435	82.047	54.6187	-10.1854	-0.0256373	126.455	131.615	0.960794
7233	0.00710901	0.226438	82.0504	54.6165	-10.1775	-0.0256375	126.464	131.617	0.960849
7234	0.00710993	0.226442	82.0539	54.6143	-10.17	-0.0256377	126.473	131.619	0.960901
7235	0.00711085	0.226445	82.0573	54.6121	-10.1629	-0.025638	126.481	131.621	0.960949
7236	0.00711177	0.226448	82.0608	54.61	-10.1564	-0.0256383	126.489	131.623	0.960993
7237	0.00711269	0.226452	82.0642	54.6078	-10.1507	-0.0256387	126.496	131.625	0.961032
7238	0.00711361	0.226455	82.0676	54.6056	-10.1458	-0.0256391	126.502	131.627	0.961063
7239	0.00711453	0.226459	82.0711	54.6034	-10.1419	-0.0256396	126.507	131.629	0.961088
7240	0.00711545	0.226462	82.0745	54.6013	-10.139	-0.0256401	126.511	131.631	0.961105
7241	0.00711637	0.226466	82.0779	54.5991	-10.137	-0.0256406	126.514	131.633	0.961115
7242	0.00711729	0.226469	82.0813	54.597	-10.1362	-0.0256412	126.516	131.635	0.961116
7243	0.00711821	0.226473	82.0847	54.5948	-10.1365	-0.0256417	126.517	131.637	0.961109
7244	0.00711913	0.226476	82.0881	54.5927	-10.1378	-0.0256423	126.517	131.639	0.961093
7245	0.00712005	0.226479	82.0914	54.5905	-10.1402	-0.0256428	126.516	131.641	0.961071
7246	0.00712097	0.226483	82.0948	54.5884	-10.1434	-0.0256433	126.514	131.643	0.961041
7247	0.0071219	0.226486	82.0982	54.5862	-10.1473	-0.0256438	126.511	131.645	0.961006
7248	0.00712282	0.22649	82.1015	54.5841	-10.1518	-0.0256442	126.508	131.647	0.960967
7249	0.00712374	0.226493	82.1049	54.582	-10.1569	-0.0256447	126.504	131.649	0.960924
7250	0.00712466	0.226496	82.1082	54.5799	-10.1623	-0.0256451	126.5	131.651	0.960877
7251	0.00712558	0.2265	82.1116	54.5777	-10.168	-0.0256454	126.496	131.653	0.960829
7252	0.0071265	0.226503	82.1149	54.5756	-10.1741	-0.0256457	126.491	131.655	0.960778
7253	0.00712742	0.226506	82.1182	54.5735	-10.1806	-0.025646	126.485	131.657	0.960723
7254	0.00712834	0.22651	82.1215	54.5714	-10.1883	-0.0256462	126.479	131.658	0.96066
7255	0.00712926	0.226513	82.1248	54.5693	-10.1999	-0.0256462	126.469	131.66	0.960567
7256	0.00713018	0.226516	82.1281	54.5672	-10.2088	-0.0256462	126.461	131.662	0.960494
7257	0.0071311	0.22652	82.1314	54.5651	-10.2156	-0.0256462	126.455	131.664	0.960438
7258	0.00713202	0.226523	82.1347	54.5631	-10.2205	-0.0256462	126.452	131.666	0.960396
7259	0.00713294	0.226526	82.138	54.561	-10.224	-0.0256462	126.449	131.668	0.960364
7260	0.00713386	0.22653	82.1413	54.5589	-10.2262	-0.0256462	126.448	131.67	0.960342
7261	0.00713478	0.226533	82.1445	54.5568	-10.2273	-0.0256462	126.448	131.672	0.960329
7262	0.0071357	0.226536	82.1478	54.5548	-10.2274	-0.0256462	126.449	131.674	0.960323
7263	0.00713663	0.22654	82.151	54.5527	-10.2266	-0.0256462	126.451	131.676	0.960325
7264	0.00713755	0.226543	82.1543	54.5506	-10.2251	-0.0256462	126.454	131.678	0.960332
7265	0.00713847	0.226546	82.1575	54.5486	-10.2196	-0.0256464	126.461	131.68	0.960368
7266	0.00713939	0.226549	82.1607	54.5465	-10.2119	-0.0256466	126.47	131.681	0.960422
7267	0.00714031	0.226553	82.164	54.5445	-10.204	-0.0256468	126.479	131.683	0.960477
7268	0.00714123	0.226556	82.1672	54.5425	-10.196	-0.0256469	126.488	131.685	0.960533
7269	0.00714215	0.226559	82.1704	54.5404	-10.1882	-0.0256471	126.497	131.687	0.960587
7270	0.00714307	0.226562	82.1736	54.5384	-10.1808	-0.0256473	126.506	131.689	0.960639
7271	0.00714399	0.226565	82.1768	54.5364	-10.1738	-0.0256475	126.514	131.691	0.960687
7272	0.00714491	0.226569	82.1799	54.5344	-10.1675	-0.0256478	126.521	131.693	0.96073
7273	0.00714583	0.226572	82.1831	54.5323	-10.1619	-0.0256482	126.528	131.695	0.960768
7274	0.00714675	0.226575	82.1863	54.5303	-10.1572	-0.0256486	126.534	131.696	0.960799
7275	0.00714767	0.226578	82.1894	54.5283	-10.1534	-0.025649	126.539	131.698	0.960823
7276	0.00714859	0.226581	82.1926	54.5263	-10.1505	-0.0256495	126.543	131.7	0.96084
7277	0.00714951	0.226585	82.1957	54.5243	-10.1487	-0.02565	126.546	131.702	0.96085
7278	0.00715043	0.226588	82.1989	54.5223	-10.1479	-0.0256505	126.548	131.704	0.960851
7279	0.00715135	0.226591	82.202	54.5204	-10.1482	-0.0256511	126.548	131.706	0.960843
7280	0.00715227	0.226594	82.2051	54.5184	-10.1496	-0.0256516	126.548	131.707	0.960828
7281	0.00715319	0.226597	82.2083	54.5164	-10.152	-0.0256521	126.547	131.709	0.960806
7282	0.00715411	0.2266	82.2114	54.5144	-10.1552	-0.0256526	126.545	131.711	0.960777
7283	0.00715503	0.226603	82.2145	54.5124	-10.1591	-0.0256531	126.542	131.713	0.960742
7284	0.00715595	0.226607	82.2176	54.5105	-10.1637	-0.0256536	126.539	131.715	0.960703
7285	0.00715688	0.22661	82.2207	54.5085	-10.1688	-0.025654	126.535	131.717	0.96066
7286	0.0071578	0.226613	82.2237	54.5066	-10.1742	-0.0256544	126.53	131.718	0.960614
7287	0.00715872	0.226616	82.2268	54.5046	-10.18	-0.0256547	126.526	131.72	0.960565
7288	0.00715964	0.226619	82.2299	54.5027	-10.1861	-0.025655	126.521	131.722	0.960514
7289	0.00716056	0.226622	82.2329	54.5007	-10.1927	-0.0256553	126.515	131.724	0.96046
7290	0.00716148	0.226625	82.236	54.4988	-10.2003	-0.0256555	126.509	131.726	0.960398
7291	0.0071624	0.226628	82.239	54.4969	-10.2121	-0.0256555	126.498	131.727	0.960303
7292	0.00716332	0.226631	82.2421	54.4949	-10.2213	-0.0256555	126.49	131.729	0.960228
7293	0.00716424	0.226634	82.2451	54.493	-10.2284	-0.0256554	126.484	131.731	0.96017
7294	0.00716516	0.226637	82.2481	54.4911	-10.2337	-0.0256554	126.48	131.733	0.960126
7295	0.00716608	0.22664	82.2512	54.4892	-10.2374	-0.0256553	126.477	131.734	0.960093
7296	0.007167	0.226643	82.2542	54.4873	-10.24	-0.0256553	126.476	131.736	0.960069
7297	0.00716792	0.226646	82.2572	54.4853	-10.2414	-0.0256552	126.475	131.738	0.960054
7298	0.00716884	0.226649	82.2602	54.4834	-10.2418	-0.0256552	126.476	131.74	0.960046
7299	0.00716976	0.226652	82.2632	54.4815	-10.2413	-0.0256552	126.478	131.741	0.960046
7300	0.00717068	0.226655	82.2661	54.4797	-10.2399	-0.0256552	126.48	131.743	0.960051
7301	0.0071716	0.226658	82.2691	54.4778	-10.2347	-0.0256553	126.486	131.745	0.960087
7302	0.00717253	0.226661	82.2721	54.4759	-10.2273	-0.0256555	126.495	131.747	0.960139
7303	0.00717345	0.226664	82.275	54.474	-10.2194	-0.0256556	126.504	131.748	0.960194
7304	0.00717437	0.226667	82.278	54.4721	-10.2116	-0.0256557	126.513	131.75	0.960249
7305	0.00717529	0.22667	82.281	54.4703	-10.2039	-0.0256559	126.522	131.752	0.960303
7306	0.00717621	0.226673	82.2839	54.4684	-10.1964	-0.0256561	126.53	131.754	0.960355
7307	0.00717713	0.226676	82.2868	54.4665	-10.1895	-0.0256563	126.538	131.755	0.960404
7308	0.00717805	0.226679	82.2897	54.4647	-10.1831	-0.0256566	126.546	131.757	0.960448
7309	0.00717897	0.226682	82.2927	54.4628	-10.1774	-0.025657	126.552	131.759	0.960486
7310	0.00717989	0.226685	82.2956	54.461	-10.1726	-0.0256574	126.558	131.76	0.960519
7311	0.00718081	0.226688	82.2985	54.4591	-10.1687	-0.0256579	126.563	131.762	0.960544
7312	0.00718173	0.226691	82.3014	54.4573	-10.1658	-0.0256584	126.567	131.764	0.960562
7313	0.00718265	0.226694	82.3043	54.4554	-10.1639	-0.0256589	126.57	131.765	0.960572
7314	0.00718357	0.226697	82.3072	54.4536	-10.1631	-0.0256594	126.572	131.767	0.960574
7315	0.00718449	0.2267	82.31	54.4518	-10.1634	-0.02566	126.573	131.769	0.960567
7316	0.00718541	0.226703	82.3129	54.45	-10.1648	-0.0256605	126.572	131.771	0.960552
7317	0.00718633	0.226705	82.3158	54.4481	-10.1672	-0.025661	126.571	131.772	0.96053
7318	0.00718725	0.226708	82.3186	54.4463	-10.1704	-0.0256615	126.569	131.774	0.960501
7319	0.00718817	0.226711	82.3215	54.4445	-10.1744	-0.0256619	126.566	131.776	0.960466
7320	0.00718909	0.226714	82.3243	54.4427	-10.179	-0.0256624	126.562	131.777	0.960427
7321	0.00719001	0.226717	82.3272	54.4409	-10.1842	-0.0256628	126.558	131.779	0.960384
7322	0.00719093	0.22672	82.33	54.4391	-10.1897	-0.0256631	126.554	131.78	0.960338
7323	0.00719185	0.226723	82.3328	54.4373	-10.1955	-0.0256634	126.549	131.782	0.960289
7324	0.00719277	0.226725	82.3357	54.4355	-10.2016	-0.0256637	126.544	131.784	0.960239
7325	0.00719369	0.226728	82.3385	54.4337	-10.2081	-0.025664	126.538	131.785	0.960185
7326	0.00719461	0.226731	82.3413	54.4319	-10.2153	-0.0256641	126.532	131.787	0.960126
7327	0.00719554	0.226734	82.3441	54.4302	-10.2271	-0.0256641	126.522	131.789	0.960033
7328	0.00719646	0.226737	82.3469	54.4284	-10.2365	-0.0256641	126.513	131.79	0.959957
7329	0.00719738	0.226739	82.3497	54.4266	-10.2438	-0.0256641	126.507	131.792	0.959898
7330	0.0071983	0.226742	82.3525	54.4249	-10.2491	-0.025664	126.503	131.794	0.959853
7331	0.00719922	0.226745	82.3552	54.4231	-10.253	-0.025664	126.5	131.795	0.95982
7332	0.00720014	0.226748	82.358	54.4213	-10.2555	-0.0256639	126.498	131.797	0.959796
7333	0.00720106	0.226751	82.3608	54.4196	-10.257	-0.0256638	126.498	131.798	0.959781
7334	0.00720198	0.226753	82.3635	54.4178	-10.2574	-0.0256638	126.498	131.8	0.959774
7335	0.0072029	0.226756	82.3663	54.4161	-10.2569	-0.0256638	126.5	131.802	0.959773
7336	0.00720382	0.226759	82.3691	54.4143	-10.2557	-0.0256637	126.502	131.803	0.959779
7337	0.00720474	0.226762	82.3718	54.4126	-10.2508	-0.0256639	126.508	131.805	0.959812
7338	0.00720566	0.226764	82.3745	54.4108	-10.2434	-0.025664	126.516	131.807	0.959864
7339	0.00720658	0.226767	82.3773	54.4091	-10.2357	-0.0256641	126.525	131.808	0.959918
7340	0.0072075	0.22677	82.38	54.4074	-10.228	-0.0256643	126.534	131.81	0.959973
7341	0.00720842	0.226773	82.3827	54.4056	-10.2205	-0.0256644	126.542	131.811	0.960026
7342	0.00720934	0.226775	82.3855	54.4039	-10.2132	-0.0256646	126.55	131.813	0.960077
7343	0.00721026	0.226778	82.3882	54.4022	-10.2064	-0.0256648	126.558	131.814	0.960124
7344	0.00721118	0.226781	82.3909	54.4005	-10.2002	-0.025665	126.565	131.816	0.960168
7345	0.0072121	0.226784	82.3936	54.3987	-10.1947	-0.0256653	126.572	131.818	0.960205
7346	0.00721302	0.226786	82.3963	54.397	-10.19	-0.0256657	126.578	131.819	0.960237
7347	0.00721394	0.226789	82.399	54.3953	-10.1863	-0.0256661	126.582	131.821	0.960261
7348	0.00721486	0.226792	82.4017	54.3936	-10.1835	-0.0256665	126.586	131.822	0.960278
7349	0.00721578	0.226794	82.4044	54.3919	-10.1816	-0.025667	126.589	131.824	0.960288
7350	0.0072167	0.226797	82.407	54.3902	-10.1809	-0.0256675	126.591	131.825	0.96029
7351	0.00721763	0.2268	82.4097	54.3885	-10.1812	-0.025668	126.591	131.827	0.960284
7352	0.00721855	0.226802	82.4124	54.3868	-10.1825	-0.0256685	126.591	131.829	0.96027
7353	0.00721947	0.226805	82.4151	54.3851	-10.1848	-0.025669	126.59	131.83	0.960248
7354	0.00722039	0.226808	82.4177	54.3834	-10.1879	-0.0256695	126.588	131.832	0.960221
7355	0.00722131	0.22681	82.4204	54.3817	-10.1918	-0.02567	126.585	131.833	0.960188
7356	0.00722223	0.226813	82.423	54.38	-10.1962	-0.0256704	126.581	131.835	0.96015
7357	0.00722315	0.226816	82.4257	54.3783	-10.2012	-0.0256708	126.577	131.836	0.960109
7358	0.00722407	0.226818	82.4283	54.3767	-10.2065	-0.0256712	126.573	131.838	0.960064
7359	0.00722499	0.226821	82.431	54.375	-10.2121	-0.0256716	126.568	131.839	0.960018
7360	0.00722591	0.226824	82.4336	54.3733	-10.218	-0.0256719	126.563	131.841	0.959969
7361	0.00722683	0.226826	82.4362	54.3716	-10.2242	-0.0256721	126.558	131.843	0.959918
7362	0.00722775	0.226829	82.4389	54.37	-10.2309	-0.0256723	126.552	131.844	0.959863
7363	0.00722867	0.226832	82.4415	54.3683	-10.2399	-0.0256725	126.544	131.846	0.959792
7364	0.00722959	0.226834	82.4441	54.3666	-10.2503	-0.0256724	126.535	131.847	0.959709
7365	0.00723051	0.226837	82.4467	54.365	-10.2582	-0.0256724	126.528	131.849	0.959644
7366	0.00723143	0.22684	82.4493	54.3633	-10.2642	-0.0256724	126.523	131.85	0.959595
7367	0.00723235	0.226842	82.4519	54.3617	-10.2686	-0.0256723	126.519	131.852	0.959558
7368	0.00723327	0.226845	82.4546	54.36	-10.2715	-0.0256722	126.517	131.853	0.959532
7369	0.00723419	0.226847	82.4572	54.3583	-10.2734	-0.0256721	126.516	131.855	0.959514
7370	0.00723511	0.22685	82.4597	54.3567	-10.2741	-0.0256721	126.517	131.856	0.959505
7371	0.00723603	0.226853	82.4623	54.3551	-10.274	-0.025672	126.518	131.858	0.959502
7372	0.00723695	0.226855	82.4649	54.3534	-10.273	-0.0256719	126.52	131.859	0.959506
7373	0.00723787	0.226858	82.4675	54.3518	-10.2713	-0.0256719	126.522	131.861	0.959515
7374	0.00723879	0.22686	82.4701	54.3501	-10.2647	-0.025672	126.53	131.862	0.959561
7375	0.00723971	0.226863	82.4727	54.3485	-10.2569	-0.0256722	126.539	131.864	0.959616
7376	0.00724063	0.226866	82.4752	54.3469	-10.2491	-0.0256723	126.547	131.865	0.959672
7377	0.00724155	0.226868	82.4778	54.3452	-10.2412	-0.0256724	126.556	131.867	0.959727
7378	0.00724247	0.226871	82.4804	54.3436	-10.2337	-0.0256725	126.565	131.868	0.959781
7379	0.00724339	0.226873	82.4829	54.342	-10.2264	-0.0256726	126.573	131.87	0.959832
7380	0.00724431	0.226876	82.4855	54.3403	-10.2198	-0.0256728	126.58	131.871	0.959879
7381	0.00724524	0.226878	82.488	54.3387	-10.2137	-0.0256731	126.587	131.873	0.959921
7382	0.00724616	0.226881	82.4906	54.3371	-10.2085	-0.0256734	126.594	131.874	0.959957
7383	0.00724708	0.226883	82.4931	54.3355	-10.2041	-0.0256738	126.599	131.876	0.959986
7384	0.007248	0.226886	82.4957	54.3339	-10.2007	-0.0256742	126.603	131.877	0.960008
7385	0.00724892	0.226889	82.4982	54.3323	-10.1983	-0.0256747	126.606	131.879	0.960023
7386	0.00724984	0.226891	82.5007	54.3307	-10.1969	-0.0256752	126.609	131.88	0.96003
7387	0.00725076	0.226894	82.5033	54.329	-10.1966	-0.0256757	126.61	131.882	0.960028
7388	0.00725168	0.226896	82.5058	54.3274	-10.1974	-0.0256762	126.61	131.883	0.960018
7389	0.0072526	0.226899	82.5083	54.3258	-10.1993	-0.0256767	126.609	131.884	0.96
7390	0.00725352	0.226901	82.5108	54.3242	-10.2021	-0.0256771	126.607	131.886	0.959976
7391	0.00725444	0.226904	82.5133	54.3226	-10.2057	-0.0256776	126.605	131.887	0.959944
7392	0.00725536	0.226906	82.5159	54.321	-10.21	-0.025678	126.601	131.889	0.959908
7393	0.00725628	0.226909	82.5184	54.3194	-10.2148	-0.0256784	126.597	131.89	0.959868
7394	0.0072572	0.226911	82.5209	54.3178	-10.22	-0.0256788	126.593	131.892	0.959825
7395	0.00725812	0.226914	82.5234	54.3163	-10.2256	-0.0256791	126.588	131.893	0.959779
7396	0.00725904	0.226916	82.5259	54.3147	-10.2314	-0.0256794	126.583	131.895	0.959731
7397	0.00725996	0.226919	82.5284	54.3131	-10.2374	-0.0256796	126.578	131.896	0.959682
7398	0.00726088	0.226921	82.5309	54.3115	-10.2435	-0.0256798	126.573	131.898	0.959632
7399	0.0072618	0.226924	82.5334	54.3099	-10.2502	-0.02568	126.567	131.899	0.959578
7400	0.00726272	0.226926	82.5359	54.3083	-10.2589	-0.0256801	126.56	131.901	0.959507
7401	0.00726364	0.226929	82.5383	54.3067	-10.269	-0.02568	126.55	131.902	0.959427
7402	0.00726456	0.226931	82.5408	54.3052	-10.2766	-0.02568	126.544	131.903	0.959366
7403	0.00726548	0.226934	82.5433	54.3036	-10.2822	-0.0256799	126.539	131.905	0.95932
7404	0.0072664	0.226936	82.5458	54.302	-10.2861	-0.0256798	126.536	131.906	0.959287
7405	0.00726732	0.226939	82.5483	54.3004	-10.2886	-0.0256798	126.534	131.908	0.959264
7406	0.00726824	0.226941	82.5507	54.2989	-10.29	-0.0256797	126.534	131.909	0.95925
7407	0.00726916	0.226944	82.5532	54.2973	-10.2904	-0.0256797	126.534	131.911	0.959244
7408	0.00727008	0.226946	82.5557	54.2957	-10.2898	-0.0256796	126.536	131.912	0.959244
7409	0.007271	0.226949	82.5581	54.2941	-10.2885	-0.0256796	126.538	131.914	0.959251
7410	0.00727192	0.226951	82.5606	54.2926	-10.2851	-0.0256797	126.542	131.915	0.959273
7411	0.00727284	0.226953	82.5631	54.291	-10.2778	-0.0256798	126.551	131.916	0.959324
7412	0.00727376	0.226956	82.5655	54.2894	-10.27	-0.02568	126.559	131.918	0.95938
7413	0.00727468	0.226958	82.568	54.2879	-10.2621	-0.0256801	126.568	131.919	0.959436
7414	0.0072756	0.226961	82.5704	54.2863	-10.2544	-0.0256802	126.577	131.921	0.959491
7415	0.00727652	0.226963	82.5729	54.2848	-10.247	-0.0256803	126.585	131.922	0.959544
7416	0.00727744	0.226966	82.5754	54.2832	-10.24	-0.0256804	126.593	131.924	0.959593
7417	0.00727836	0.226968	82.5778	54.2816	-10.2335	-0.0256807	126.6	131.925	0.959638
7418	0.00727928	0.226971	82.5803	54.2801	-10.2278	-0.0256809	126.607	131.926	0.959678
7419	0.0072802	0.226973	82.5827	54.2785	-10.2229	-0.0256812	126.613	131.928	0.959712
7420	0.00728113	0.226976	82.5851	54.277	-10.2189	-0.0256816	126.618	131.929	0.959739
7421	0.00728205	0.226978	82.5876	54.2754	-10.2158	-0.025682	126.622	131.931	0.959758
7422	0.00728297	0.22698	82.59	54.2739	-10.2137	-0.0256824	126.625	131.932	0.959771
7423	0.00728389	0.226983	82.5925	54.2723	-10.2126	-0.0256829	126.627	131.933	0.959776
7424	0.00728481	0.226985	82.5949	54.2708	-10.2125	-0.0256833	126.627	131.935	0.959772
7425	0.00728573	0.226988	82.5974	54.2692	-10.2135	-0.0256838	126.627	131.936	0.959761
7426	0.00728665	0.22699	82.5998	54.2677	-10.2155	-0.0256843	126.626	131.938	0.959743
7427	0.00728757	0.226993	82.6022	54.2661	-10.2183	-0.0256847	126.624	131.939	0.959718
7428	0.00728849	0.226995	82.6047	54.2646	-10.2219	-0.0256851	126.622	131.941	0.959687
7429	0.00728941	0.226998	82.6071	54.263	-10.2261	-0.0256855	126.618	131.942	0.959651
7430	0.00729033	0.227	82.6095	54.2615	-10.2308	-0.0256859	126.614	131.943	0.959612
7431	0.00729125	0.227002	82.6119	54.2599	-10.2359	-0.0256863	126.61	131.945	0.95957
7432	0.00729217	0.227005	82.6144	54.2584	-10.2413	-0.0256866	126.606	131.946	0.959526
7433	0.00729309	0.227007	82.6168	54.2568	-10.2469	-0.0256869	126.601	131.948	0.959479
7434	0.00729401	0.22701	82.6192	54.2553	-10.2528	-0.0256871	126.596	131.949	0.959432
7435	0.00729493	0.227012	82.6217	54.2537	-10.2588	-0.0256873	126.591	131.95	0.959382
7436	0.00729585	0.227015	82.6241	54.2522	-10.2655	-0.0256874	126.585	131.952	0.959328
7437	0.00729677	0.227017	82.6265	54.2507	-10.2758	-0.0256874	126.576	131.953	0.959246
7438	0.00729769	0.227019	82.6289	54.2491	-10.285	-0.0256873	126.567	131.955	0.959173
7439	0.00729861	0.227022	82.6313	54.2476	-10.2919	-0.0256873	126.561	131.956	0.959117
7440	0.00729953	0.227024	82.6338	54.246	-10.297	-0.0256872	126.557	131.957	0.959075
7441	0.00730045	0.227027	82.6362	54.2445	-10.3005	-0.025687	126.554	131.959	0.959045
7442	0.00730137	0.227029	82.6386	54.243	-10.3028	-0.0256869	126.553	131.96	0.959024
7443	0.00730229	0.227031	82.641	54.2414	-10.304	-0.0256868	126.553	131.962	0.959011
7444	0.00730321	0.227034	82.6434	54.2399	-10.3042	-0.0256867	126.553	131.963	0.959006
7445	0.00730413	0.227036	82.6459	54.2384	-10.3035	-0.0256866	126.555	131.964	0.959008
7446	0.00730505	0.227039	82.6483	54.2368	-10.302	-0.0256866	126.557	131.966	0.959016
7447	0.00730597	0.227041	82.6507	54.2353	-10.2967	-0.0256866	126.564	131.967	0.959053
7448	0.00730689	0.227044	82.6531	54.2337	-10.2891	-0.0256867	126.572	131.969	0.959107
7449	0.00730781	0.227046	82.6555	54.2322	-10.2812	-0.0256868	126.581	131.97	0.959163
7450	0.00730873	0.227048	82.6579	54.2307	-10.2733	-0.0256869	126.59	131.971	0.959219
7451	0.00730965	0.227051	82.6603	54.2291	-10.2656	-0.025687	126.598	131.973	0.959274
7452	0.00731057	0.227053	82.6627	54.2276	-10.2581	-0.0256871	126.607	131.974	0.959327
7453	0.00731149	0.227056	82.6652	54.2261	-10.2511	-0.0256873	126.614	131.976	0.959377
7454	0.00731241	0.227058	82.6676	54.2245	-10.2447	-0.0256875	126.622	131.977	0.959422
7455	0.00731333	0.22706	82.67	54.223	-10.239	-0.0256878	126.628	131.978	0.959461
7456	0.00731425	0.227063	82.6724	54.2215	-10.2342	-0.0256881	126.634	131.98	0.959495
7457	0.00731517	0.227065	82.6748	54.2199	-10.2302	-0.0256885	126.639	131.981	0.959521
7458	0.00731609	0.227068	82.6772	54.2184	-10.2272	-0.0256889	126.643	131.983	0.95954
7459	0.00731701	0.22707	82.6796	54.2169	-10.2252	-0.0256894	126.646	131.984	0.959552
7460	0.00731793	0.227072	82.682	54.2153	-10.2243	-0.0256899	126.647	131.985	0.959555
7461	0.00731885	0.227075	82.6844	54.2138	-10.2245	-0.0256904	126.648	131.987	0.95955
7462	0.00731977	0.227077	82.6868	54.2123	-10.2257	-0.0256908	126.648	131.988	0.959538
7463	0.00732069	0.22708	82.6892	54.2107	-10.2279	-0.0256913	126.646	131.99	0.959518
7464	0.00732161	0.227082	82.6917	54.2092	-10.2309	-0.0256917	126.644	131.991	0.959491
7465	0.00732253	0.227084	82.6941	54.2077	-10.2347	-0.0256921	126.641	131.992	0.959459
7466	0.00732345	0.227087	82.6965	54.2061	-10.239	-0.0256925	126.638	131.994	0.959423
7467	0.00732437	0.227089	82.6989	54.2046	-10.2438	-0.0256928	126.634	131.995	0.959383
7468	0.00732529	0.227092	82.7013	54.2031	-10.249	-0.0256931	126.63	131.997	0.95934
7469	0.00732621	0.227094	82.7037	54.2015	-10.2545	-0.0256933	126.625	131.998	0.959295
7470	0.00732713	0.227096	82.7061	54.2	-10.2601	-0.0256935	126.62	131.999	0.959249
7471	0.00732805	0.227099	82.7085	54.1985	-10.266	-0.0256937	126.615	132.001	0.959201
7472	0.00732897	0.227101	82.7109	54.197	-10.2721	-0.0256939	126.61	132.002	0.959151
7473	0.00732989	0.227104	82.7133	54.1954	-10.2794	-0.0256939	126.604	132.004	0.959092
7474	0.00733081	0.227106	82.7157	54.1939	-10.2902	-0.0256938	126.594	132.005	0.959007
7475	0.00733173	0.227108	82.7181	54.1924	-10.2983	-0.0256937	126.586	132.006	0.958942
7476	0.00733265	0.227111	82.7205	54.1908	-10.3043	-0.0256936	126.581	132.008	0.958893
7477	0.00733357	0.227113	82.7229	54.1893	-10.3086	-0.0256935	126.578	132.009	0.958857
7478	0.00733449	0.227116	82.7253	54.1878	-10.3114	-0.0256933	126.576	132.011	0.958832
7479	0.00733541	0.227118	82.7277	54.1862	-10.313	-0.0256932	126.575	132.012	0.958817
7480	0.00733633	0.22712	82.7301	54.1847	-10.3136	-0.0256931	126.576	132.013	0.958809
7481	0.00733725	0.227123	82.7325	54.1832	-10.3132	-0.025693	126.577	132.015	0.958808
7482	0.00733817	0.227125	82.735	54.1816	-10.312	-0.0256929	126.579	132.016	0.958814
7483	0.00733909	0.227128	82.7374	54.1801	-10.3101	-0.0256928	126.582	132.018	0.958825
7484	0.00734001	0.22713	82.7398	54.1786	-10.3036	-0.0256929	126.589	132.019	0.958871
7485	0.00734093	0.227132	82.7422	54.177	-10.2957	-0.025693	126.598	132.02	0.958927
7486	0.00734185	0.227135	82.7446	54.1755	-10.2876	-0.025693	126.607	132.022	0.958984
7487	0.00734277	0.227137	82.747	54.174	-10.2797	-0.0256931	126.616	132.023	0.959041
7488	0.00734369	0.22714	82.7494	54.1725	-10.272	-0.0256931	126.624	132.025	0.959096
7489	0.00734461	0.227142	82.7518	54.1709	-10.2646	-0.0256932	126.632	132.026	0.959148
7490	0.00734553	0.227144	82.7542	54.1694	-10.2578	-0.0256934	126.64	132.027	0.959196
7491	0.00734645	0.227147	82.7566	54.1679	-10.2517	-0.0256936	126.647	132.029	0.959239
7492	0.00734737	0.227149	82.759	54.1663	-10.2462	-0.0256938	126.653	132.03	0.959276
7493	0.00734829	0.227152	82.7614	54.1648	-10.2417	-0.0256941	126.659	132.032	0.959307
7494	0.00734921	0.227154	82.7638	54.1633	-10.2381	-0.0256944	126.663	132.033	0.959331
7495	0.00735013	0.227156	82.7662	54.1617	-10.2354	-0.0256948	126.667	132.034	0.959348
7496	0.00735105	0.227159	82.7686	54.1602	-10.2336	-0.0256952	126.669	132.036	0.959358
7497	0.00735197	0.227161	82.771	54.1587	-10.233	-0.0256957	126.671	132.037	0.959359
7498	0.00735289	0.227164	82.7734	54.1571	-10.2334	-0.0256961	126.672	132.038	0.959353
7499	0.00735381	0.227166	82.7759	54.1556	-10.2347	-0.0256965	126.671	132.04	0.959339
7500	0.00735473	0.227168	82.7783	54.1541	-10.237	-0.0256969	126.67	132.041	0.959318
7501	0.00735565	0.227171	82.7807	54.1525	-10.24	-0.0256974	126.667	132.043	0.959292
7502	0.00735657	0.227173	82.7831	54.151	-10.2437	-0.0256977	126.665	132.044	0.95926
7503	0.00735749	0.227176	82.7855	54.1495	-10.248	-0.0256981	126.661	132.045	0.959225
7504	0.00735841	0.227178	82.7879	54.1479	-10.2526	-0.0256984	126.657	132.047	0.959186
7505	0.00735933	0.22718	82.7903	54.1464	-10.2576	-0.0256987	126.653	132.048	0.959145
7506	0.00736025	0.227183	82.7927	54.1449	-10.2629	-0.025699	126.649	132.05	0.959101
7507	0.00736117	0.227185	82.7951	54.1433	-10.2683	-0.0256992	126.644	132.051	0.959056
7508	0.00736209	0.227188	82.7975	54.1418	-10.274	-0.0256994	126.64	132.052	0.95901
7509	0.00736301	0.22719	82.7999	54.1403	-10.2801	-0.0256995	126.634	132.054	0.95896
7510	0.00736393	0.227192	82.8024	54.1387	-10.288	-0.0256996	126.627	132.055	0.958897
7511	0.00736485	0.227195	82.8048	54.1372	-10.2981	-0.0256995	126.618	132.057	0.958817
7512	0.00736577	0.227197	82.8072	54.1357	-10.3057	-0.0256994	126.611	132.058	0.958756
7513	0.00736669	0.2272	82.8096	54.1341	-10.3112	-0.0256992	126.607	132.059	0.958711
7514	0.00736761	0.227202	82.812	54.1326	-10.3151	-0.0256991	126.604	132.061	0.958678
7515	0.00736853	0.227204	82.8144	54.131	-10.3176	-0.0256989	126.602	132.062	0.958656
7516	0.00736945	0.227207	82.8168	54.1295	-10.3189	-0.0256988	126.602	132.064	0.958642
7517	0.00737037	0.227209	82.8192	54.128	-10.3193	-0.0256986	126.602	132.065	0.958636
7518	0.00737129	0.227212	82.8216	54.1264	-10.3187	-0.0256985	126.604	132.066	0.958637
7519	0.00737221	0.227214	82.8241	54.1249	-10.3173	-0.0256984	126.606	132.068	0.958644
7520	0.00737313	0.227216	82.8265	54.1234	-10.3151	-0.0256983	126.609	132.069	0.958656
7521	0.00737405	0.227219	82.8289	54.1218	-10.3082	-0.0256983	126.617	132.071	0.958706
7522	0.00737497	0.227221	82.8313	54.1203	-10.3001	-0.0256984	126.626	132.072	0.958763
7523	0.00737589	0.227224	82.8337	54.1188	-10.2919	-0.0256984	126.635	132.073	0.958822
7524	0.00737681	0.227226	82.8361	54.1172	-10.2837	-0.0256984	126.644	132.075	0.95888
7525	0.00737773	0.227228	82.8385	54.1157	-10.2758	-0.0256985	126.653	132.076	0.958937
7526	0.00737865	0.227231	82.8409	54.1141	-10.2683	-0.0256985	126.661	132.078	0.95899
7527	0.00737957	0.227233	82.8434	54.1126	-10.2613	-0.0256987	126.669	132.079	0.95904
7528	0.00738049	0.227236	82.8458	54.1111	-10.2549	-0.0256989	126.676	132.08	0.959084
7529	0.00738141	0.227238	82.8482	54.1095	-10.2494	-0.0256991	126.683	132.082	0.959123
7530	0.00738233	0.22724	82.8506	54.108	-10.2447	-0.0256994	126.688	132.083	0.959155
7531	0.00738325	0.227243	82.853	54.1065	-10.241	-0.0256998	126.693	132.085	0.959179
7532	0.00738417	0.227245	82.8554	54.1049	-10.2382	-0.0257001	126.696	132.086	0.959197
7533	0.00738509	0.227248	82.8578	54.1034	-10.2365	-0.0257006	126.699	132.087	0.959206
7534	0.00738601	0.22725	82.8603	54.1018	-10.2359	-0.025701	126.701	132.089	0.959207
7535	0.00738693	0.227252	82.8627	54.1003	-10.2363	-0.0257014	126.701	132.09	0.9592
7536	0.00738785	0.227255	82.8651	54.0988	-10.2378	-0.0257018	126.7	132.092	0.959186
7537	0.00738877	0.227257	82.8675	54.0972	-10.2402	-0.0257022	126.699	132.093	0.959164
7538	0.00738969	0.22726	82.8699	54.0957	-10.2434	-0.0257026	126.696	132.094	0.959136
7539	0.00739061	0.227262	82.8723	54.0941	-10.2473	-0.025703	126.693	132.096	0.959103
7540	0.00739153	0.227264	82.8747	54.0926	-10.2518	-0.0257033	126.69	132.097	0.959066
7541	0.00739245	0.227267	82.8772	54.0911	-10.2566	-0.0257036	126.686	132.099	0.959026
7542	0.00739337	0.227269	82.8796	54.0895	-10.2618	-0.0257038	126.682	132.1	0.958983
7543	0.00739429	0.227272	82.882	54.088	-10.2672	-0.025704	126.677	132.101	0.958939
7544	0.00739521	0.227274	82.8844	54.0865	-10.2728	-0.0257042	126.672	132.103	0.958893
7545	0.00739613	0.227277	82.8868	54.0849	-10.2786	-0.0257043	126.667	132.104	0.958845
7546	0.00739705	0.227279	82.8892	54.0834	-10.285	-0.0257044	126.662	132.106	0.958793
7547	0.00739797	0.227281	82.8917	54.0818	-10.2942	-0.0257044	126.654	132.107	0.958721
7548	0.00739889	0.227284	82.8941	54.0803	-10.3036	-0.0257043	126.645	132.108	0.958646
7549	0.00739981	0.227286	82.8965	54.0788	-10.3106	-0.0257041	126.639	132.11	0.958589
7550	0.00740073	0.227289	82.8989	54.0772	-10.3156	-0.025704	126.635	132.111	0.958548
7551	0.00740165	0.227291	82.9013	54.0757	-10.3189	-0.0257038	126.632	132.113	0.958519
7552	0.00740257	0.227293	82.9037	54.0741	-10.321	-0.0257037	126.631	132.114	0.9585
7553	0.00740349	0.227296	82.9062	54.0726	-10.3219	-0.0257036	126.631	132.115	0.95849
7554	0.00740441	0.227298	82.9086	54.0711	-10.3218	-0.0257034	126.632	132.117	0.958487
7555	0.00740533	0.227301	82.911	54.0695	-10.3207	-0.0257033	126.634	132.118	0.958491
7556	0.00740625	0.227303	82.9134	54.068	-10.3189	-0.0257032	126.637	132.12	0.958502
7557	0.00740717	0.227305	82.9158	54.0664	-10.3146	-0.0257032	126.642	132.121	0.958531
7558	0.00740809	0.227308	82.9182	54.0649	-10.3069	-0.0257033	126.651	132.122	0.958586
7559	0.00740901	0.22731	82.9207	54.0634	-10.2986	-0.0257033	126.66	132.124	0.958645
7560	0.00740993	0.227313	82.9231	54.0618	-10.2903	-0.0257034	126.669	132.125	0.958704
7561	0.00741085	0.227315	82.9255	54.0603	-10.2822	-0.0257034	126.678	132.126	0.958762
7562	0.00741177	0.227317	82.9279	54.0587	-10.2744	-0.0257035	126.687	132.128	0.958818
7563	0.00741269	0.22732	82.9303	54.0572	-10.2671	-0.0257036	126.695	132.129	0.95887
7564	0.00741361	0.227322	82.9327	54.0557	-10.2603	-0.0257037	126.702	132.131	0.958917
7565	0.00741453	0.227325	82.9351	54.0541	-10.2543	-0.0257039	126.709	132.132	0.958959
7566	0.00741545	0.227327	82.9376	54.0526	-10.2491	-0.0257042	126.715	132.133	0.958995
7567	0.00741637	0.227329	82.94	54.051	-10.2448	-0.0257045	126.721	132.135	0.959024
7568	0.00741729	0.227332	82.9424	54.0495	-10.2414	-0.0257048	126.725	132.136	0.959046
7569	0.00741821	0.227334	82.9448	54.048	-10.239	-0.0257052	126.728	132.138	0.959061
7570	0.00741913	0.227337	82.9472	54.0464	-10.2377	-0.0257056	126.73	132.139	0.959068
7571	0.00742005	0.227339	82.9496	54.0449	-10.2374	-0.025706	126.731	132.14	0.959066
7572	0.00742097	0.227341	82.9521	54.0434	-10.2381	-0.0257064	126.732	132.142	0.959057
7573	0.00742189	0.227344	82.9545	54.0418	-10.2399	-0.0257068	126.731	132.143	0.95904
7574	0.00742281	0.227346	82.9569	54.0403	-10.2424	-0.0257071	126.729	132.145	0.959017
7575	0.00742373	0.227349	82.9593	54.0387	-10.2458	-0.0257075	126.727	132.146	0.958989
7576	0.00742465	0.227351	82.9617	54.0372	-10.2497	-0.0257078	126.723	132.147	0.958955
7577	0.00742557	0.227353	82.9641	54.0357	-10.2541	-0.0257081	126.72	132.149	0.958918
7578	0.00742649	0.227356	82.9665	54.0341	-10.259	-0.0257084	126.716	132.15	0.958878
7579	0.00742741	0.227358	82.9689	54.0326	-10.2641	-0.0257086	126.712	132.152	0.958836
7580	0.00742833	0.227361	82.9714	54.0311	-10.2695	-0.0257088	126.707	132.153	0.958792
7581	0.00742925	0.227363	82.9738	54.0295	-10.2752	-0.025709	126.702	132.154	0.958745
7582	0.00743017	0.227365	82.9762	54.028	-10.2814	-0.0257091	126.697	132.156	0.958695
7583	0.00743109	0.227368	82.9786	54.0264	-10.2893	-0.0257091	126.69	132.157	0.958631
7584	0.00743201	0.22737	82.981	54.0249	-10.2997	-0.025709	126.68	132.159	0.958549
7585	0.00743293	0.227373	82.9834	54.0234	-10.3076	-0.0257089	126.673	132.16	0.958486
7586	0.00743385	0.227375	82.9858	54.0218	-10.3135	-0.0257087	126.668	132.161	0.958438
7587	0.00743477	0.227377	82.9882	54.0203	-10.3176	-0.0257085	126.665	132.163	0.958404
7588	0.00743569	0.22738	82.9907	54.0187	-10.3203	-0.0257084	126.663	132.164	0.95838
7589	0.00743661	0.227382	82.9931	54.0172	-10.3218	-0.0257082	126.663	132.166	0.958364
7590	0.00743753	0.227385	82.9955	54.0157	-10.3223	-0.025708	126.663	132.167	0.958357
7591	0.00743845	0.227387	82.9979	54.0141	-10.3218	-0.0257079	126.664	132.168	0.958357
7592	0.00743937	0.227389	83.0003	54.0126	-10.3205	-0.0257077	126.667	132.17	0.958364
7593	0.00744029	0.227392	83.0027	54.0111	-10.3185	-0.0257076	126.67	132.171	0.958376
7594	0.00744121	0.227394	83.0051	54.0095	-10.3118	-0.0257076	126.677	132.172	0.958423
7595	0.00744213	0.227397	83.0075	54.008	-10.3037	-0.0257077	126.686	132.174	0.95848
7596	0.00744305	0.227399	83.0099	54.0065	-10.2954	-0.0257077	126.695	132.175	0.95854
7597	0.00744397	0.227401	83.0124	54.0049	-10.2871	-0.0257077	126.704	132.177	0.958599
7598	0.00744489	0.227404	83.0148	54.0034	-10.2791	-0.0257078	126.713	132.178	0.958657
7599	0.00744581	0.227406	83.0172	54.0018	-10.2713	-0.0257078	126.722	132.179	0.958712
7600	0.00744673	0.227409	83.0196	54.0003	-10.2641	-0.025708	126.73	132.181	0.958763
7601	0.00744765	0.227411	83.022	53.9988	-10.2575	-0.0257082	126.738	132.182	0.958809
7602	0.00744857	0.227413	83.0244	53.9972	-10.2517	-0.0257084	126.744	132.184	0.95885
7603	0.00744949	0.227416	83.0268	53.9957	-10.2467	-0.0257087	126.75	132.185	0.958884
7604	0.00745041	0.227418	83.0292	53.9942	-10.2427	-0.025709	126.755	132.186	0.958911
7605	0.00745133	0.22742	83.0316	53.9926	-10.2396	-0.0257094	126.759	132.188	0.958931
7606	0.00745225	0.227423	83.034	53.9911	-10.2376	-0.0257098	126.762	132.189	0.958943
7607	0.00745317	0.227425	83.0364	53.9896	-10.2366	-0.0257103	126.764	132.191	0.958946
7608	0.00745409	0.227428	83.0388	53.988	-10.2368	-0.0257107	126.764	132.192	0.958942
7609	0.00745501	0.22743	83.0413	53.9865	-10.238	-0.0257111	126.764	132.193	0.958929
7610	0.00745593	0.227432	83.0437	53.985	-10.2402	-0.0257115	126.763	132.195	0.958909
7611	0.00745685	0.227435	83.0461	53.9834	-10.2432	-0.0257119	126.761	132.196	0.958883
7612	0.00745777	0.227437	83.0485	53.9819	-10.2469	-0.0257122	126.758	132.198	0.958851
7613	0.00745869	0.22744	83.0509	53.9804	-10.2512	-0.0257126	126.754	132.199	0.958815
7614	0.00745961	0.227442	83.0533	53.9788	-10.256	-0.0257128	126.75	132.2	0.958776
7615	0.00746053	0.227444	83.0557	53.9773	-10.2612	-0.0257131	126.746	132.202	0.958733
7616	0.00746145	0.227447	83.0581	53.9758	-10.2666	-0.0257133	126.742	132.203	0.958688
7617	0.00746237	0.227449	83.0605	53.9742	-10.2724	-0.0257134	126.737	132.204	0.958641
7618	0.00746329	0.227451	83.0629	53.9727	-10.2786	-0.0257136	126.731	132.206	0.958591
7619	0.00746421	0.227454	83.0653	53.9712	-10.2859	-0.0257136	126.725	132.207	0.958532
7620	0.00746513	0.227456	83.0677	53.9697	-10.2972	-0.0257135	126.714	132.209	0.958443
7621	0.00746605	0.227459	83.0701	53.9681	-10.3058	-0.0257133	126.707	132.21	0.958375
7622	0.00746697	0.227461	83.0725	53.9666	-10.3123	-0.0257131	126.701	132.211	0.958322
7623	0.00746789	0.227463	83.0749	53.9651	-10.3169	-0.025713	126.697	132.213	0.958284
7624	0.00746881	0.227466	83.0773	53.9635	-10.3201	-0.0257128	126.695	132.214	0.958256
7625	0.00746973	0.227468	83.0797	53.962	-10.322	-0.0257126	126.694	132.216	0.958238
7626	0.00747065	0.227471	83.0821	53.9605	-10.3228	-0.0257124	126.694	132.217	0.958229
7627	0.00747157	0.227473	83.0845	53.959	-10.3226	-0.0257122	126.695	132.218	0.958227
7628	0.00747249	0.227475	83.0868	53.9574	-10.3215	-0.0257121	126.697	132.22	0.958231
7629	0.00747341	0.227478	83.0892	53.9559	-10.3197	-0.025712	126.7	132.221	0.958242
7630	0.00747433	0.22748	83.0916	53.9544	-10.3139	-0.025712	126.706	132.222	0.958282
7631	0.00747525	0.227482	83.094	53.9529	-10.306	-0.025712	126.715	132.224	0.958339
7632	0.00747617	0.227485	83.0964	53.9514	-10.2978	-0.025712	126.724	132.225	0.958397
7633	0.00747709	0.227487	83.0988	53.9498	-10.2896	-0.025712	126.733	132.227	0.958456
7634	0.00747801	0.227489	83.1012	53.9483	-10.2816	-0.0257121	126.742	132.228	0.958513
7635	0.00747893	0.227492	83.1035	53.9468	-10.274	-0.0257121	126.751	132.229	0.958567
7636	0.00747985	0.227494	83.1059	53.9453	-10.2668	-0.0257122	126.759	132.231	0.958618
7637	0.00748077	0.227497	83.1083	53.9438	-10.2603	-0.0257124	126.766	132.232	0.958664
7638	0.00748169	0.227499	83.1107	53.9423	-10.2545	-0.0257126	126.773	132.233	0.958704
7639	0.00748261	0.227501	83.113	53.9407	-10.2496	-0.0257128	126.778	132.235	0.958738
7640	0.00748353	0.227504	83.1154	53.9392	-10.2456	-0.0257131	126.783	132.236	0.958765
7641	0.00748445	0.227506	83.1178	53.9377	-10.2425	-0.0257135	126.787	132.237	0.958784
7642	0.00748537	0.227508	83.1201	53.9362	-10.2405	-0.0257139	126.79	132.239	0.958796
7643	0.00748629	0.227511	83.1225	53.9347	-10.2395	-0.0257143	126.792	132.24	0.9588
7644	0.00748721	0.227513	83.1249	53.9332	-10.2397	-0.0257147	126.793	132.242	0.958796
7645	0.00748813	0.227515	83.1272	53.9317	-10.2408	-0.025715	126.792	132.243	0.958784
7646	0.00748905	0.227518	83.1296	53.9302	-10.243	-0.0257154	126.791	132.244	0.958764
7647	0.00748997	0.22752	83.1319	53.9287	-10.2459	-0.0257158	126.789	132.246	0.958738
7648	0.00749089	0.227522	83.1343	53.9272	-10.2496	-0.0257161	126.786	132.247	0.958707
7649	0.00749181	0.227525	83.1366	53.9257	-10.2539	-0.0257165	126.783	132.248	0.958671
7650	0.00749273	0.227527	83.139	53.9242	-10.2586	-0.0257167	126.779	132.25	0.958632
7651	0.00749365	0.227529	83.1413	53.9227	-10.2637	-0.025717	126.775	132.251	0.95859
7652	0.00749457	0.227532	83.1437	53.9212	-10.2692	-0.0257172	126.77	132.252	0.958545
7653	0.00749549	0.227534	83.146	53.9197	-10.275	-0.0257174	126.765	132.254	0.958498
7654	0.00749641	0.227536	83.1484	53.9182	-10.2813	-0.0257175	126.76	132.255	0.958448
7655	0.00749733	0.227539	83.1507	53.9167	-10.2888	-0.0257176	126.753	132.256	0.958387
7656	0.00749825	0.227541	83.153	53.9152	-10.3001	-0.0257175	126.742	132.258	0.958298
7657	0.00749917	0.227543	83.1554	53.9138	-10.3088	-0.0257173	126.735	132.259	0.958229
7658	0.00750009	0.227546	83.1577	53.9123	-10.3154	-0.0257172	126.729	132.261	0.958176
7659	0.00750101	0.227548	83.16	53.9108	-10.3201	-0.025717	126.725	132.262	0.958137
7660	0.00750193	0.22755	83.1623	53.9093	-10.3235	-0.0257168	126.722	132.263	0.958108
7661	0.00750285	0.227552	83.1646	53.9078	-10.3256	-0.0257167	126.721	132.265	0.958089
7662	0.00750377	0.227555	83.167	53.9064	-10.3266	-0.0257165	126.721	132.266	0.958078
7663	0.00750469	0.227557	83.1693	53.9049	-10.3266	-0.0257163	126.722	132.267	0.958075
7664	0.00750561	0.227559	83.1716	53.9034	-10.3257	-0.0257161	126.724	132.269	0.958078
7665	0.00750653	0.227562	83.1739	53.9019	-10.324	-0.025716	126.726	132.27	0.958087
7666	0.00750745	0.227564	83.1762	53.9005	-10.3185	-0.025716	126.732	132.271	0.958126
7667	0.00750837	0.227566	83.1785	53.899	-10.3108	-0.025716	126.741	132.272	0.958181
7668	0.00750929	0.227568	83.1808	53.8975	-10.3027	-0.025716	126.75	132.274	0.958239
7669	0.00751021	0.227571	83.1831	53.8961	-10.2946	-0.025716	126.759	132.275	0.958297
7670	0.00751113	0.227573	83.1854	53.8946	-10.2866	-0.025716	126.768	132.276	0.958354
7671	0.00751205	0.227575	83.1877	53.8932	-10.279	-0.025716	126.776	132.278	0.958408
7672	0.00751297	0.227578	83.1899	53.8917	-10.2718	-0.0257161	126.784	132.279	0.958459
7673	0.00751389	0.22758	83.1922	53.8903	-10.2653	-0.0257163	126.791	132.28	0.958505
7674	0.00751481	0.227582	83.1945	53.8888	-10.2594	-0.0257165	126.798	132.282	0.958546
7675	0.00751573	0.227584	83.1968	53.8874	-10.2545	-0.0257167	126.804	132.283	0.95858
7676	0.00751665	0.227587	83.199	53.8859	-10.2504	-0.025717	126.809	132.284	0.958608
7677	0.00751757	0.227589	83.2013	53.8845	-10.2474	-0.0257173	126.813	132.286	0.958628
7678	0.00751849	0.227591	83.2036	53.883	-10.2453	-0.0257177	126.816	132.287	0.95864
7679	0.00751941	0.227593	83.2058	53.8816	-10.2444	-0.0257181	126.817	132.288	0.958644
7680	0.00752033	0.227596	83.2081	53.8801	-10.2446	-0.0257185	126.818	132.29	0.958639
7681	0.00752125	0.227598	83.2103	53.8787	-10.2458	-0.0257189	126.817	132.291	0.958626
7682	0.00752217	0.2276	83.2126	53.8773	-10.2481	-0.0257192	126.816	132.292	0.958606
7683	0.00752309	0.227602	83.2148	53.8758	-10.2512	-0.0257196	126.814	132.293	0.958579
7684	0.00752401	0.227604	83.2171	53.8744	-10.2551	-0.0257199	126.811	132.295	0.958547
7685	0.00752493	0.227607	83.2193	53.873	-10.2596	-0.0257202	126.807	132.296	0.95851
7686	0.00752585	0.227609	83.2215	53.8716	-10.2645	-0.0257204	126.803	132.297	0.958469
7687	0.00752677	0.227611	83.2238	53.8701	-10.2699	-0.0257206	126.798	132.299	0.958425
7688	0.00752769	0.227613	83.226	53.8687	-10.2757	-0.0257208	126.793	132.3	0.958378
7689	0.00752861	0.227615	83.2282	53.8673	-10.2818	-0.025721	126.788	132.301	0.958329
7690	0.00752953	0.227618	83.2304	53.8659	-10.2884	-0.025721	126.782	132.302	0.958276
7691	0.00753045	0.22762	83.2326	53.8645	-10.2964	-0.0257211	126.775	132.304	0.958212
7692	0.00753137	0.227622	83.2348	53.8631	-10.3078	-0.0257209	126.764	132.305	0.958123
7693	0.00753229	0.227624	83.237	53.8617	-10.3166	-0.0257207	126.756	132.306	0.958053
7694	0.00753321	0.227626	83.2392	53.8603	-10.3233	-0.0257206	126.75	132.307	0.957999
7695	0.00753413	0.227629	83.2414	53.8589	-10.3282	-0.0257204	126.746	132.309	0.957959
7696	0.00753505	0.227631	83.2436	53.8575	-10.3316	-0.0257202	126.744	132.31	0.95793
7697	0.00753597	0.227633	83.2458	53.8561	-10.3337	-0.02572	126.742	132.311	0.957911
7698	0.00753689	0.227635	83.248	53.8547	-10.3348	-0.0257198	126.742	132.313	0.9579
7699	0.00753781	0.227637	83.2502	53.8533	-10.3348	-0.0257196	126.743	132.314	0.957897
7700	0.00753873	0.227639	83.2524	53.8519	-10.3338	-0.0257195	126.745	132.315	0.957901
7701	0.00753965	0.227642	83.2545	53.8505	-10.3322	-0.0257193	126.747	132.316	0.95791
7702	0.00754057	0.227644	83.2567	53.8491	-10.3266	-0.0257193	126.754	132.318	0.95795
7703	0.00754149	0.227646	83.2589	53.8477	-10.3188	-0.0257194	126.762	132.319	0.958006
7704	0.00754241	0.227648	83.261	53.8464	-10.3106	-0.0257194	126.771	132.32	0.958064
7705	0.00754333	0.22765	83.2632	53.845	-10.3025	-0.0257194	126.78	132.321	0.958122
7706	0.00754425	0.227652	83.2653	53.8436	-10.2946	-0.0257194	126.789	132.323	0.958179
7707	0.00754517	0.227654	83.2675	53.8423	-10.287	-0.0257194	126.797	132.324	0.958234
7708	0.00754609	0.227656	83.2696	53.8409	-10.2798	-0.0257195	126.805	132.325	0.958284
7709	0.00754701	0.227659	83.2718	53.8395	-10.2733	-0.0257197	126.812	132.326	0.95833
7710	0.00754793	0.227661	83.2739	53.8382	-10.2676	-0.0257199	126.819	132.327	0.958371
7711	0.00754885	0.227663	83.276	53.8368	-10.2627	-0.0257201	126.824	132.329	0.958405
7712	0.00754977	0.227665	83.2782	53.8355	-10.2588	-0.0257204	126.829	132.33	0.958431
7713	0.00755069	0.227667	83.2803	53.8341	-10.2558	-0.0257207	126.833	132.331	0.958451
7714	0.00755161	0.227669	83.2824	53.8327	-10.2539	-0.025721	126.836	132.332	0.958462
7715	0.00755253	0.227671	83.2845	53.8314	-10.253	-0.0257214	126.837	132.334	0.958466
7716	0.00755345	0.227673	83.2866	53.8301	-10.2533	-0.0257218	126.838	132.335	0.958461
7717	0.00755437	0.227675	83.2887	53.8287	-10.2546	-0.0257221	126.837	132.336	0.958448
7718	0.00755529	0.227677	83.2908	53.8274	-10.2568	-0.0257225	126.836	132.337	0.958428
7719	0.00755621	0.22768	83.2929	53.826	-10.26	-0.0257228	126.833	132.338	0.958401
7720	0.00755713	0.227682	83.295	53.8247	-10.2639	-0.0257231	126.83	132.34	0.958369
7721	0.00755805	0.227684	83.2971	53.8234	-10.2684	-0.0257234	126.826	132.341	0.958331
7722	0.00755897	0.227686	83.2992	53.8221	-10.2734	-0.0257237	126.822	132.342	0.958291
7723	0.00755989	0.227688	83.3012	53.8207	-10.2788	-0.0257239	126.817	132.343	0.958247
7724	0.00756081	0.22769	83.3033	53.8194	-10.2846	-0.0257241	126.812	132.344	0.9582
7725	0.00756173	0.227692	83.3054	53.8181	-10.2907	-0.0257242	126.807	132.346	0.958151
7726	0.00756265	0.227694	83.3074	53.8168	-10.2974	-0.0257243	126.801	132.347	0.958098
7727	0.00756357	0.227696	83.3095	53.8155	-10.3055	-0.0257243	126.794	132.348	0.958034
7728	0.00756449	0.227698	83.3116	53.8141	-10.317	-0.0257242	126.783	132.349	0.957944
7729	0.00756541	0.2277	83.3136	53.8128	-10.3259	-0.025724	126.775	132.35	0.957873
7730	0.00756633	0.227702	83.3157	53.8115	-10.3328	-0.0257238	126.769	132.351	0.957818
7731	0.00756725	0.227704	83.3177	53.8102	-10.3379	-0.0257236	126.764	132.353	0.957777
7732	0.00756817	0.227706	83.3197	53.8089	-10.3415	-0.0257233	126.761	132.354	0.957747
7733	0.00756909	0.227708	83.3218	53.8076	-10.3439	-0.0257231	126.76	132.355	0.957726
7734	0.00757001	0.22771	83.3238	53.8063	-10.3452	-0.0257229	126.759	132.356	0.957713
7735	0.00757093	0.227712	83.3258	53.8051	-10.3455	-0.0257227	126.76	132.357	0.957708
7736	0.00757185	0.227714	83.3278	53.8038	-10.3449	-0.0257225	126.761	132.358	0.95771
7737	0.00757277	0.227716	83.3298	53.8025	-10.3435	-0.0257223	126.763	132.36	0.957717
7738	0.00757369	0.227718	83.3318	53.8012	-10.3381	-0.0257223	126.769	132.361	0.957755
7739	0.00757461	0.22772	83.3339	53.7999	-10.3305	-0.0257223	126.778	132.362	0.957809
7740	0.00757553	0.227722	83.3359	53.7986	-10.3227	-0.0257223	126.786	132.363	0.957866
7741	0.00757645	0.227724	83.3378	53.7974	-10.3148	-0.0257222	126.795	132.364	0.957923
7742	0.00757737	0.227726	83.3398	53.7961	-10.307	-0.0257222	126.803	132.365	0.957979
7743	0.00757829	0.227728	83.3418	53.7948	-10.2995	-0.0257222	126.811	132.367	0.958032
7744	0.00757921	0.22773	83.3438	53.7936	-10.2925	-0.0257223	126.819	132.368	0.958083
7745	0.00758013	0.227732	83.3458	53.7923	-10.2861	-0.0257225	126.826	132.369	0.958128
7746	0.00758105	0.227734	83.3477	53.7911	-10.2804	-0.0257227	126.833	132.37	0.958169
7747	0.00758197	0.227736	83.3497	53.7898	-10.2755	-0.0257229	126.838	132.371	0.958203
7748	0.00758289	0.227738	83.3517	53.7886	-10.2715	-0.0257232	126.843	132.372	0.95823
7749	0.00758381	0.22774	83.3536	53.7873	-10.2686	-0.0257235	126.847	132.373	0.958249
7750	0.00758473	0.227742	83.3556	53.7861	-10.2666	-0.0257239	126.849	132.374	0.958261
7751	0.00758565	0.227744	83.3575	53.7848	-10.2658	-0.0257243	126.851	132.376	0.958265
7752	0.00758657	0.227745	83.3595	53.7836	-10.266	-0.0257247	126.851	132.377	0.95826
7753	0.00758749	0.227747	83.3614	53.7823	-10.2674	-0.025725	126.851	132.378	0.958247
7754	0.00758841	0.227749	83.3633	53.7811	-10.2697	-0.0257254	126.849	132.379	0.958227
7755	0.00758933	0.227751	83.3653	53.7799	-10.2729	-0.0257257	126.847	132.38	0.9582
7756	0.00759025	0.227753	83.3672	53.7787	-10.2769	-0.025726	126.843	132.381	0.958167
7757	0.00759117	0.227755	83.3691	53.7774	-10.2815	-0.0257263	126.839	132.382	0.95813
7758	0.00759209	0.227757	83.371	53.7762	-10.2866	-0.0257266	126.835	132.383	0.958088
7759	0.00759301	0.227759	83.3729	53.775	-10.2921	-0.0257268	126.83	132.384	0.958044
7760	0.00759393	0.227761	83.3748	53.7738	-10.298	-0.0257269	126.825	132.386	0.957997
7761	0.00759485	0.227763	83.3767	53.7726	-10.3042	-0.0257271	126.819	132.387	0.957947
7762	0.00759577	0.227764	83.3786	53.7714	-10.3109	-0.0257271	126.813	132.388	0.957894
7763	0.00759669	0.227766	83.3805	53.7702	-10.3188	-0.0257271	126.806	132.389	0.957831
7764	0.00759761	0.227768	83.3824	53.769	-10.3305	-0.0257269	126.795	132.39	0.95774
7765	0.00759853	0.22777	83.3843	53.7678	-10.3396	-0.0257268	126.787	132.391	0.957669
7766	0.00759945	0.227772	83.3862	53.7666	-10.3466	-0.0257265	126.78	132.392	0.957614
7767	0.00760037	0.227774	83.388	53.7654	-10.3517	-0.0257263	126.776	132.393	0.957572
7768	0.00760129	0.227776	83.3899	53.7642	-10.3554	-0.0257261	126.773	132.394	0.957542
7769	0.00760221	0.227777	83.3918	53.763	-10.3578	-0.0257259	126.771	132.395	0.957521
7770	0.00760313	0.227779	83.3936	53.7618	-10.3591	-0.0257256	126.771	132.396	0.957509
7771	0.00760405	0.227781	83.3955	53.7606	-10.3593	-0.0257254	126.771	132.397	0.957504
7772	0.00760497	0.227783	83.3973	53.7594	-10.3587	-0.0257252	126.772	132.398	0.957506
7773	0.00760589	0.227785	83.3992	53.7583	-10.3573	-0.0257251	126.774	132.399	0.957514
7774	0.00760681	0.227786	83.401	53.7571	-10.352	-0.025725	126.78	132.401	0.957552
7775	0.00760773	0.227788	83.4028	53.7559	-10.3445	-0.025725	126.788	132.402	0.957605
7776	0.00760865	0.22779	83.4046	53.7548	-10.3368	-0.025725	126.797	132.403	0.957662
7777	0.00760957	0.227792	83.4065	53.7536	-10.329	-0.025725	126.805	132.404	0.957718
7778	0.00761049	0.227794	83.4083	53.7524	-10.3214	-0.0257249	126.814	132.405	0.957773
7779	0.00761141	0.227795	83.4101	53.7513	-10.3141	-0.0257249	126.822	132.406	0.957825
7780	0.00761233	0.227797	83.4119	53.7501	-10.3073	-0.025725	126.829	132.407	0.957874
7781	0.00761325	0.227799	83.4137	53.749	-10.3011	-0.0257251	126.836	132.408	0.957918
7782	0.00761417	0.227801	83.4155	53.7478	-10.2957	-0.0257252	126.842	132.409	0.957956
7783	0.00761509	0.227803	83.4173	53.7467	-10.2911	-0.0257254	126.847	132.41	0.957988
7784	0.007616	0.227804	83.4191	53.7456	-10.2875	-0.0257257	126.851	132.411	0.958013
7785	0.00761692	0.227806	83.4208	53.7444	-10.2848	-0.025726	126.855	132.412	0.958031
7786	0.00761784	0.227808	83.4226	53.7433	-10.2831	-0.0257263	126.857	132.413	0.958041
7787	0.00761876	0.22781	83.4244	53.7422	-10.2825	-0.0257266	126.858	132.414	0.958043
7788	0.00761968	0.227811	83.4261	53.741	-10.283	-0.025727	126.859	132.415	0.958037
7789	0.0076206	0.227813	83.4279	53.7399	-10.2845	-0.0257273	126.858	132.416	0.958023
7790	0.00762152	0.227815	83.4297	53.7388	-10.2869	-0.0257276	126.856	132.417	0.958002
7791	0.00762244	0.227817	83.4314	53.7377	-10.2902	-0.0257279	126.853	132.418	0.957975
7792	0.00762336	0.227818	83.4331	53.7366	-10.2942	-0.0257282	126.85	132.419	0.957943
7793	0.00762428	0.22782	83.4349	53.7355	-10.2987	-0.0257285	126.846	132.42	0.957906
7794	0.0076252	0.227822	83.4366	53.7344	-10.3038	-0.0257287	126.841	132.421	0.957865
7795	0.00762612	0.227823	83.4383	53.7333	-10.3092	-0.0257289	126.837	132.422	0.957822
7796	0.00762704	0.227825	83.4401	53.7322	-10.315	-0.0257291	126.832	132.423	0.957776
7797	0.00762796	0.227827	83.4418	53.7311	-10.321	-0.0257293	126.826	132.424	0.957728
7798	0.00762888	0.227829	83.4435	53.73	-10.3274	-0.0257294	126.82	132.425	0.957677
7799	0.0076298	0.22783	83.4452	53.7289	-10.3349	-0.0257294	126.814	132.426	0.957618
7800	0.00763072	0.227832	83.4469	53.7278	-10.3467	-0.0257293	126.802	132.427	0.957526
7801	0.00763164	0.227834	83.4486	53.7267	-10.3559	-0.0257291	126.794	132.428	0.957455
7802	0.00763256	0.227835	83.4503	53.7257	-10.363	-0.0257289	126.787	132.429	0.957399
7803	0.00763348	0.227837	83.4519	53.7246	-10.3682	-0.0257287	126.783	132.43	0.957357
7804	0.0076344	0.227839	83.4536	53.7235	-10.3719	-0.0257284	126.779	132.431	0.957326
7805	0.00763532	0.22784	83.4553	53.7225	-10.3745	-0.0257282	126.778	132.432	0.957305
7806	0.00763624	0.227842	83.4569	53.7214	-10.3759	-0.025728	126.777	132.433	0.957291
7807	0.00763716	0.227843	83.4586	53.7203	-10.3764	-0.0257278	126.777	132.434	0.957286
7808	0.00763808	0.227845	83.4603	53.7193	-10.3759	-0.0257275	126.778	132.435	0.957287
7809	0.007639	0.227847	83.4619	53.7182	-10.3747	-0.0257273	126.78	132.436	0.957294
7810	0.00763992	0.227848	83.4635	53.7172	-10.3696	-0.0257273	126.785	132.436	0.95733
7811	0.00764084	0.22785	83.4652	53.7162	-10.3622	-0.0257272	126.793	132.437	0.957383
7812	0.00764176	0.227852	83.4668	53.7151	-10.3545	-0.0257272	126.802	132.438	0.957439
7813	0.00764268	0.227853	83.4684	53.7141	-10.3468	-0.0257271	126.81	132.439	0.957495
7814	0.0076436	0.227855	83.47	53.7131	-10.3392	-0.025727	126.818	132.44	0.95755
7815	0.00764452	0.227856	83.4716	53.712	-10.3319	-0.025727	126.826	132.441	0.957603
7816	0.00764544	0.227858	83.4732	53.711	-10.325	-0.025727	126.834	132.442	0.957653
7817	0.00764636	0.227859	83.4748	53.71	-10.3187	-0.0257271	126.84	132.443	0.957698
7818	0.00764728	0.227861	83.4764	53.709	-10.3132	-0.0257273	126.846	132.444	0.957738
7819	0.0076482	0.227863	83.478	53.708	-10.3085	-0.0257275	126.852	132.445	0.957771
7820	0.00764912	0.227864	83.4796	53.707	-10.3047	-0.0257277	126.856	132.446	0.957797
7821	0.00765004	0.227866	83.4812	53.706	-10.3018	-0.025728	126.86	132.447	0.957816
7822	0.00765096	0.227867	83.4827	53.705	-10.3	-0.0257283	126.862	132.448	0.957828
7823	0.00765188	0.227869	83.4843	53.704	-10.2993	-0.0257286	126.863	132.448	0.957831
7824	0.0076528	0.22787	83.4858	53.703	-10.2997	-0.025729	126.863	132.449	0.957826
7825	0.00765372	0.227872	83.4874	53.702	-10.3012	-0.0257293	126.862	132.45	0.957813
7826	0.00765464	0.227873	83.4889	53.701	-10.3036	-0.0257296	126.861	132.451	0.957792
7827	0.00765556	0.227875	83.4904	53.7	-10.307	-0.0257299	126.858	132.452	0.957764
7828	0.00765648	0.227876	83.492	53.6991	-10.3111	-0.0257302	126.854	132.453	0.957731
7829	0.0076574	0.227878	83.4935	53.6981	-10.3158	-0.0257304	126.85	132.454	0.957693
7830	0.00765832	0.227879	83.495	53.6971	-10.321	-0.0257306	126.845	132.455	0.957652
7831	0.00765924	0.227881	83.4965	53.6962	-10.3267	-0.0257308	126.84	132.455	0.957607
7832	0.00766016	0.227882	83.498	53.6952	-10.3326	-0.0257309	126.835	132.456	0.95756
7833	0.00766108	0.227884	83.4995	53.6942	-10.3388	-0.025731	126.829	132.457	0.957511
7834	0.007662	0.227885	83.501	53.6933	-10.3453	-0.0257311	126.823	132.458	0.95746
7835	0.00766292	0.227887	83.5025	53.6923	-10.3525	-0.025731	126.817	132.459	0.957404
7836	0.00766384	0.227888	83.504	53.6914	-10.3631	-0.0257309	126.807	132.46	0.957321
7837	0.00766476	0.22789	83.5054	53.6905	-10.3731	-0.0257307	126.797	132.461	0.957244
7838	0.00766568	0.227891	83.5069	53.6895	-10.3807	-0.0257304	126.79	132.461	0.957184
7839	0.0076666	0.227893	83.5084	53.6886	-10.3864	-0.0257302	126.785	132.462	0.957139
7840	0.00766752	0.227894	83.5098	53.6877	-10.3905	-0.02573	126.781	132.463	0.957107
7841	0.00766844	0.227895	83.5113	53.6867	-10.3932	-0.0257297	126.779	132.464	0.957084
7842	0.00766936	0.227897	83.5127	53.6858	-10.3947	-0.0257295	126.778	132.465	0.95707
7843	0.00767028	0.227898	83.5141	53.6849	-10.3952	-0.0257293	126.778	132.466	0.957065
7844	0.0076712	0.2279	83.5156	53.684	-10.3948	-0.0257291	126.779	132.466	0.957066
7845	0.00767212	0.227901	83.517	53.6831	-10.3935	-0.0257289	126.781	132.467	0.957074
7846	0.00767304	0.227903	83.5184	53.6822	-10.3894	-0.0257288	126.785	132.468	0.957102
7847	0.00767396	0.227904	83.5198	53.6813	-10.3821	-0.0257288	126.793	132.469	0.957156
7848	0.00767488	0.227905	83.5212	53.6804	-10.3742	-0.0257288	126.802	132.47	0.957213
7849	0.0076758	0.227907	83.5226	53.6795	-10.3663	-0.0257287	126.81	132.47	0.957271
7850	0.00767672	0.227908	83.524	53.6786	-10.3586	-0.0257287	126.818	132.471	0.957327
7851	0.00767764	0.22791	83.5254	53.6777	-10.3511	-0.0257287	126.826	132.472	0.957381
7852	0.00767855	0.227911	83.5268	53.6768	-10.3441	-0.0257287	126.834	132.473	0.957432
7853	0.00767947	0.227912	83.5282	53.6759	-10.3377	-0.0257288	126.841	132.474	0.957479
7854	0.00768039	0.227914	83.5296	53.6751	-10.332	-0.0257289	126.847	132.474	0.95752
7855	0.00768131	0.227915	83.531	53.6742	-10.3271	-0.0257291	126.852	132.475	0.957555
7856	0.00768223	0.227916	83.5323	53.6733	-10.3232	-0.0257293	126.857	132.476	0.957583
7857	0.00768315	0.227918	83.5337	53.6724	-10.3202	-0.0257295	126.86	132.477	0.957603
7858	0.00768407	0.227919	83.535	53.6716	-10.3182	-0.0257298	126.863	132.478	0.957617
7859	0.00768499	0.22792	83.5364	53.6707	-10.3172	-0.0257301	126.864	132.478	0.957622
7860	0.00768591	0.227922	83.5377	53.6699	-10.3174	-0.0257304	126.864	132.479	0.957619
7861	0.00768683	0.227923	83.5391	53.669	-10.3186	-0.0257307	126.864	132.48	0.957608
7862	0.00768775	0.227924	83.5404	53.6682	-10.3208	-0.025731	126.862	132.481	0.957589
7863	0.00768867	0.227926	83.5417	53.6673	-10.3238	-0.0257312	126.859	132.481	0.957564
7864	0.00768959	0.227927	83.5431	53.6665	-10.3276	-0.0257315	126.856	132.482	0.957534
7865	0.00769051	0.227928	83.5444	53.6656	-10.332	-0.0257317	126.852	132.483	0.957499
7866	0.00769143	0.22793	83.5457	53.6648	-10.3369	-0.0257319	126.848	132.484	0.95746
7867	0.00769235	0.227931	83.547	53.6639	-10.3422	-0.0257321	126.843	132.484	0.957418
7868	0.00769327	0.227932	83.5483	53.6631	-10.3478	-0.0257322	126.838	132.485	0.957374
7869	0.00769419	0.227933	83.5496	53.6623	-10.3536	-0.0257323	126.833	132.486	0.957328
7870	0.00769511	0.227935	83.5509	53.6615	-10.3597	-0.0257324	126.827	132.487	0.957281
7871	0.00769603	0.227936	83.5522	53.6606	-10.3661	-0.0257324	126.821	132.487	0.95723
7872	0.00769695	0.227937	83.5535	53.6598	-10.3737	-0.0257324	126.814	132.488	0.957171
7873	0.00769787	0.227938	83.5548	53.659	-10.3849	-0.0257322	126.803	132.489	0.957085
7874	0.00769879	0.22794	83.556	53.6582	-10.3935	-0.0257319	126.795	132.49	0.957018
7875	0.00769971	0.227941	83.5573	53.6574	-10.4	-0.0257317	126.789	132.49	0.956967
7876	0.00770063	0.227942	83.5586	53.6566	-10.4047	-0.0257314	126.785	132.491	0.95693
7877	0.00770155	0.227943	83.5598	53.6558	-10.408	-0.0257312	126.782	132.492	0.956903
7878	0.00770247	0.227945	83.5611	53.655	-10.4101	-0.0257309	126.78	132.492	0.956886
7879	0.00770339	0.227946	83.5623	53.6542	-10.4111	-0.0257306	126.78	132.493	0.956876
7880	0.00770431	0.227947	83.5636	53.6534	-10.4112	-0.0257304	126.78	132.494	0.956874
7881	0.00770523	0.227948	83.5648	53.6526	-10.4104	-0.0257301	126.781	132.495	0.956878
7882	0.00770615	0.22795	83.566	53.6518	-10.4089	-0.0257299	126.783	132.495	0.956888
7883	0.00770707	0.227951	83.5672	53.651	-10.4028	-0.0257299	126.79	132.496	0.956932
7884	0.00770799	0.227952	83.5685	53.6502	-10.3952	-0.0257298	126.798	132.497	0.956988
7885	0.00770891	0.227953	83.5697	53.6495	-10.3874	-0.0257297	126.806	132.497	0.957045
7886	0.00770983	0.227954	83.5709	53.6487	-10.3796	-0.0257296	126.814	132.498	0.957102
7887	0.00771074	0.227956	83.5721	53.6479	-10.372	-0.0257295	126.822	132.499	0.957158
7888	0.00771166	0.227957	83.5733	53.6472	-10.3647	-0.0257295	126.83	132.5	0.957211
7889	0.00771258	0.227958	83.5745	53.6464	-10.3579	-0.0257295	126.837	132.5	0.957261
7890	0.0077135	0.227959	83.5757	53.6456	-10.3516	-0.0257296	126.844	132.501	0.957307
7891	0.00771442	0.22796	83.5769	53.6449	-10.3461	-0.0257297	126.85	132.502	0.957346
7892	0.00771534	0.227961	83.5781	53.6441	-10.3415	-0.0257299	126.855	132.502	0.95738
7893	0.00771626	0.227963	83.5792	53.6434	-10.3377	-0.0257302	126.859	132.503	0.957407
7894	0.00771718	0.227964	83.5804	53.6426	-10.3349	-0.0257305	126.862	132.504	0.957426
7895	0.0077181	0.227965	83.5816	53.6419	-10.3331	-0.0257308	126.865	132.504	0.957438
7896	0.00771902	0.227966	83.5828	53.6411	-10.3324	-0.0257311	126.866	132.505	0.957442
7897	0.00771994	0.227967	83.5839	53.6404	-10.3328	-0.0257314	126.866	132.506	0.957437
7898	0.00772086	0.227968	83.5851	53.6396	-10.3342	-0.0257318	126.865	132.506	0.957425
7899	0.00772178	0.22797	83.5862	53.6389	-10.3366	-0.0257321	126.863	132.507	0.957405
7900	0.0077227	0.227971	83.5874	53.6382	-10.3398	-0.0257324	126.86	132.508	0.95738
7901	0.00772362	0.227972	83.5885	53.6374	-10.3437	-0.0257326	126.857	132.508	0.957348
7902	0.00772454	0.227973	83.5897	53.6367	-10.3482	-0.0257329	126.852	132.509	0.957313
7903	0.00772546	0.227974	83.5908	53.636	-10.3531	-0.0257331	126.848	132.51	0.957274
7904	0.00772638	0.227975	83.592	53.6353	-10.3585	-0.0257332	126.843	132.51	0.957232
7905	0.0077273	0.227976	83.5931	53.6345	-10.3641	-0.0257333	126.838	132.511	0.957188
7906	0.00772822	0.227977	83.5942	53.6338	-10.3699	-0.0257334	126.832	132.512	0.957143
7907	0.00772914	0.227979	83.5953	53.6331	-10.3759	-0.0257334	126.827	132.512	0.957096
7908	0.00773006	0.22798	83.5965	53.6324	-10.3822	-0.0257334	126.821	132.513	0.957047
7909	0.00773098	0.227981	83.5976	53.6317	-10.3897	-0.0257333	126.814	132.513	0.956988
7910	0.0077319	0.227982	83.5987	53.6309	-10.4004	-0.025733	126.803	132.514	0.956906
7911	0.00773281	0.227983	83.5998	53.6302	-10.4085	-0.0257328	126.796	132.515	0.956843
7912	0.00773373	0.227984	83.6009	53.6295	-10.4145	-0.0257325	126.79	132.515	0.956796
7913	0.00773465	0.227985	83.602	53.6288	-10.4187	-0.0257322	126.786	132.516	0.956763
7914	0.00773557	0.227986	83.6031	53.6281	-10.4215	-0.025732	126.784	132.517	0.95674
7915	0.00773649	0.227987	83.6042	53.6274	-10.4231	-0.0257317	126.783	132.517	0.956727
7916	0.00773741	0.227988	83.6053	53.6267	-10.4237	-0.0257314	126.783	132.518	0.956721
7917	0.00773833	0.227989	83.6064	53.626	-10.4233	-0.0257312	126.783	132.519	0.956723
7918	0.00773925	0.22799	83.6075	53.6253	-10.422	-0.025731	126.785	132.519	0.95673
7919	0.00774017	0.227992	83.6086	53.6246	-10.4201	-0.0257307	126.787	132.52	0.956744
7920	0.00774109	0.227993	83.6097	53.6239	-10.4134	-0.0257307	126.794	132.52	0.956793
7921	0.00774201	0.227994	83.6108	53.6232	-10.4055	-0.0257306	126.803	132.521	0.956851
7922	0.00774293	0.227995	83.6118	53.6226	-10.3975	-0.0257305	126.811	132.522	0.95691
7923	0.00774385	0.227996	83.6129	53.6219	-10.3895	-0.0257304	126.82	132.522	0.956968
7924	0.00774477	0.227997	83.614	53.6212	-10.3819	-0.0257304	126.828	132.523	0.957024
7925	0.00774569	0.227998	83.6151	53.6205	-10.3746	-0.0257303	126.835	132.523	0.957078
7926	0.00774661	0.227999	83.6161	53.6198	-10.3678	-0.0257303	126.842	132.524	0.957127
7927	0.00774753	0.228	83.6172	53.6191	-10.3617	-0.0257304	126.849	132.525	0.957172
7928	0.00774845	0.228001	83.6183	53.6185	-10.3564	-0.0257305	126.855	132.525	0.95721
7929	0.00774937	0.228002	83.6193	53.6178	-10.352	-0.0257307	126.859	132.526	0.957242
7930	0.00775029	0.228003	83.6204	53.6171	-10.3485	-0.0257309	126.863	132.526	0.957267
7931	0.00775121	0.228004	83.6214	53.6164	-10.346	-0.0257311	126.866	132.527	0.957284
7932	0.00775213	0.228005	83.6225	53.6158	-10.3445	-0.0257314	126.868	132.528	0.957295
7933	0.00775304	0.228006	83.6235	53.6151	-10.344	-0.0257317	126.869	132.528	0.957297
7934	0.00775396	0.228007	83.6246	53.6144	-10.3445	-0.025732	126.869	132.529	0.957291
7935	0.00775488	0.228008	83.6256	53.6138	-10.3461	-0.0257323	126.868	132.529	0.957278
7936	0.0077558	0.228009	83.6267	53.6131	-10.3485	-0.0257325	126.865	132.53	0.957258
7937	0.00775672	0.22801	83.6277	53.6124	-10.3517	-0.0257328	126.863	132.531	0.957232
7938	0.00775764	0.228011	83.6287	53.6118	-10.3556	-0.025733	126.859	132.531	0.957202
7939	0.00775856	0.228012	83.6298	53.6111	-10.3599	-0.0257333	126.855	132.532	0.957168
7940	0.00775948	0.228013	83.6308	53.6104	-10.3646	-0.0257335	126.851	132.532	0.957131
7941	0.0077604	0.228014	83.6318	53.6098	-10.3697	-0.0257336	126.846	132.533	0.957091
7942	0.00776132	0.228015	83.6329	53.6091	-10.3749	-0.0257338	126.841	132.534	0.95705
7943	0.00776224	0.228016	83.6339	53.6085	-10.3803	-0.0257338	126.836	132.534	0.957008
7944	0.00776316	0.228017	83.6349	53.6078	-10.3858	-0.0257339	126.831	132.535	0.956965
7945	0.00776408	0.228018	83.6359	53.6072	-10.3916	-0.0257339	126.826	132.535	0.95692
7946	0.007765	0.228019	83.6369	53.6065	-10.3982	-0.0257339	126.82	132.536	0.956869
7947	0.00776592	0.22802	83.638	53.6059	-10.4088	-0.0257337	126.809	132.537	0.956787
7948	0.00776684	0.228021	83.639	53.6052	-10.4167	-0.0257334	126.802	132.537	0.956726
7949	0.00776776	0.228022	83.64	53.6046	-10.4226	-0.0257332	126.796	132.538	0.956681
7950	0.00776868	0.228023	83.641	53.6039	-10.4266	-0.0257329	126.793	132.538	0.956649
7951	0.0077696	0.228024	83.642	53.6033	-10.4292	-0.0257327	126.79	132.539	0.956627
7952	0.00777052	0.228025	83.643	53.6027	-10.4307	-0.0257324	126.789	132.539	0.956615
7953	0.00777144	0.228026	83.644	53.602	-10.4312	-0.0257321	126.789	132.54	0.95661
7954	0.00777235	0.228027	83.645	53.6014	-10.4308	-0.0257319	126.79	132.541	0.956612
7955	0.00777327	0.228028	83.646	53.6007	-10.4295	-0.0257316	126.792	132.541	0.95662
7956	0.00777419	0.228029	83.647	53.6001	-10.4276	-0.0257314	126.794	132.542	0.956633
7957	0.00777511	0.22803	83.648	53.5995	-10.4209	-0.0257313	126.801	132.542	0.956682
7958	0.00777603	0.228031	83.649	53.5988	-10.413	-0.0257312	126.809	132.543	0.95674
7959	0.00777695	0.228032	83.65	53.5982	-10.405	-0.0257311	126.817	132.543	0.956799
7960	0.00777787	0.228033	83.651	53.5976	-10.3969	-0.025731	126.826	132.544	0.956858
7961	0.00777879	0.228034	83.652	53.5969	-10.3892	-0.0257308	126.834	132.545	0.956916
7962	0.00777971	0.228035	83.653	53.5963	-10.3817	-0.0257308	126.842	132.545	0.956971
7963	0.00778063	0.228036	83.6539	53.5957	-10.3748	-0.0257308	126.849	132.546	0.957022
7964	0.00778155	0.228037	83.6549	53.595	-10.3685	-0.0257308	126.856	132.546	0.957068
7965	0.00778247	0.228038	83.6559	53.5944	-10.3629	-0.0257309	126.862	132.547	0.957108
7966	0.00778339	0.228039	83.6569	53.5938	-10.3582	-0.0257311	126.867	132.547	0.957142
7967	0.00778431	0.22804	83.6579	53.5931	-10.3544	-0.0257313	126.871	132.548	0.957169
7968	0.00778523	0.228041	83.6589	53.5925	-10.3516	-0.0257315	126.874	132.549	0.957189
7969	0.00778614	0.228042	83.6598	53.5919	-10.3498	-0.0257318	126.876	132.549	0.957202
7970	0.00778706	0.228043	83.6608	53.5913	-10.3491	-0.0257321	126.877	132.55	0.957206
7971	0.00778798	0.228044	83.6618	53.5906	-10.3494	-0.0257324	126.877	132.55	0.957202
7972	0.0077889	0.228045	83.6628	53.59	-10.3508	-0.0257327	126.876	132.551	0.95719
7973	0.00778982	0.228046	83.6637	53.5894	-10.3531	-0.025733	126.874	132.551	0.957172
7974	0.00779074	0.228047	83.6647	53.5888	-10.3562	-0.0257332	126.872	132.552	0.957147
7975	0.00779166	0.228048	83.6657	53.5882	-10.36	-0.0257334	126.868	132.552	0.957117
7976	0.00779258	0.228049	83.6667	53.5875	-10.3643	-0.0257336	126.864	132.553	0.957082
7977	0.0077935	0.22805	83.6676	53.5869	-10.3691	-0.0257338	126.86	132.554	0.957045
7978	0.00779442	0.228051	83.6686	53.5863	-10.3742	-0.0257339	126.855	132.554	0.957005
7979	0.00779534	0.228052	83.6696	53.5857	-10.3795	-0.025734	126.85	132.555	0.956964
7980	0.00779626	0.228053	83.6705	53.5851	-10.385	-0.025734	126.845	132.555	0.956921
7981	0.00779718	0.228053	83.6715	53.5844	-10.3906	-0.025734	126.84	132.556	0.956877
7982	0.0077981	0.228054	83.6725	53.5838	-10.3964	-0.025734	126.834	132.556	0.956832
7983	0.00779902	0.228055	83.6734	53.5832	-10.403	-0.0257339	126.828	132.557	0.956781
7984	0.00779994	0.228056	83.6744	53.5826	-10.4137	-0.0257336	126.818	132.557	0.956699
7985	0.00780086	0.228057	83.6754	53.582	-10.4217	-0.0257334	126.81	132.558	0.956638
7986	0.00780178	0.228058	83.6763	53.5814	-10.4275	-0.0257331	126.804	132.558	0.956593
7987	0.0078027	0.228059	83.6773	53.5807	-10.4314	-0.0257328	126.801	132.559	0.956562
7988	0.00780361	0.22806	83.6782	53.5801	-10.4339	-0.0257326	126.799	132.56	0.956542
7989	0.00780453	0.228061	83.6792	53.5795	-10.4352	-0.0257323	126.798	132.56	0.956531
7990	0.00780545	0.228062	83.6802	53.5789	-10.4354	-0.025732	126.798	132.561	0.956528
7991	0.00780637	0.228063	83.6811	53.5783	-10.4347	-0.0257318	126.799	132.561	0.956532
7992	0.00780729	0.228064	83.6821	53.5777	-10.4331	-0.0257315	126.801	132.562	0.956542
7993	0.00780821	0.228065	83.683	53.5771	-10.4309	-0.0257313	126.804	132.562	0.956558
7994	0.00780913	0.228066	83.684	53.5765	-10.424	-0.0257313	126.811	132.563	0.956608
7995	0.00781005	0.228067	83.6849	53.5758	-10.4158	-0.0257312	126.819	132.563	0.956669
7996	0.00781097	0.228068	83.6859	53.5752	-10.4074	-0.0257311	126.828	132.564	0.95673
7997	0.00781189	0.228069	83.6869	53.5746	-10.3992	-0.025731	126.837	132.565	0.956791
7998	0.00781281	0.22807	83.6878	53.574	-10.3912	-0.0257309	126.845	132.565	0.95685
7999	0.00781373	0.22807	83.6888	53.5734	-10.3835	-0.0257309	126.853	132.566	0.956907
8000	0.00781465	0.228071	83.6897	53.5728	-10.3765	-0.0257309	126.86	132.566	0.956959
8001	0.00781557	0.228072	83.6907	53.5722	-10.3701	-0.0257309	126.867	132.567	0.957005
8002	0.00781648	0.228073	83.6916	53.5716	-10.3645	-0.025731	126.873	132.567	0.957046
8003	0.0078174	0.228074	83.6926	53.571	-10.3597	-0.0257312	126.878	132.568	0.957081
8004	0.00781832	0.228075	83.6935	53.5704	-10.3559	-0.0257313	126.882	132.568	0.957108
8005	0.00781924	0.228076	83.6945	53.5698	-10.3531	-0.0257316	126.885	132.569	0.957128
8006	0.00782016	0.228077	83.6954	53.5692	-10.3512	-0.0257318	126.888	132.569	0.957141
8007	0.00782108	0.228078	83.6964	53.5685	-10.3505	-0.0257321	126.889	132.57	0.957145
8008	0.007822	0.228079	83.6973	53.5679	-10.3508	-0.0257324	126.889	132.57	0.957142
8009	0.00782292	0.22808	83.6983	53.5673	-10.3521	-0.0257326	126.888	132.571	0.957131
8010	0.00782384	0.228081	83.6992	53.5667	-10.3542	-0.0257329	126.886	132.572	0.957113
8011	0.00782476	0.228082	83.7001	53.5661	-10.3572	-0.0257331	126.883	132.572	0.957089
8012	0.00782568	0.228083	83.7011	53.5655	-10.3608	-0.0257333	126.88	132.573	0.957061
8013	0.0078266	0.228084	83.702	53.5649	-10.365	-0.0257335	126.876	132.573	0.957028
8014	0.00782752	0.228084	83.703	53.5643	-10.3695	-0.0257336	126.872	132.574	0.956992
8015	0.00782843	0.228085	83.7039	53.5637	-10.3744	-0.0257337	126.868	132.574	0.956954
8016	0.00782935	0.228086	83.7049	53.5631	-10.3795	-0.0257338	126.863	132.575	0.956914
8017	0.00783027	0.228087	83.7058	53.5625	-10.3848	-0.0257339	126.858	132.575	0.956873
8018	0.00783119	0.228088	83.7067	53.5619	-10.3902	-0.0257339	126.853	132.576	0.956831
8019	0.00783211	0.228089	83.7077	53.5613	-10.3959	-0.0257338	126.847	132.576	0.956786
8020	0.00783303	0.22809	83.7086	53.5607	-10.4027	-0.0257337	126.841	132.577	0.956734
8021	0.00783395	0.228091	83.7096	53.5601	-10.4131	-0.0257335	126.831	132.577	0.956654
8022	0.00783487	0.228092	83.7105	53.5595	-10.4209	-0.0257332	126.823	132.578	0.956594
8023	0.00783579	0.228093	83.7114	53.5589	-10.4265	-0.0257329	126.818	132.579	0.95655
8024	0.00783671	0.228094	83.7124	53.5583	-10.4304	-0.0257326	126.815	132.579	0.95652
8025	0.00783763	0.228095	83.7133	53.5577	-10.4329	-0.0257323	126.812	132.58	0.956499
8026	0.00783855	0.228096	83.7142	53.5571	-10.4343	-0.025732	126.811	132.58	0.956488
8027	0.00783947	0.228096	83.7152	53.5565	-10.4346	-0.0257317	126.811	132.581	0.956484
8028	0.00784039	0.228097	83.7161	53.5559	-10.434	-0.0257315	126.812	132.581	0.956488
8029	0.00784131	0.228098	83.717	53.5553	-10.4326	-0.0257312	126.814	132.582	0.956497
8030	0.00784223	0.228099	83.718	53.5547	-10.4304	-0.0257309	126.817	132.582	0.956512
8031	0.00784314	0.2281	83.7189	53.5541	-10.4236	-0.0257308	126.824	132.583	0.956562
8032	0.00784406	0.228101	83.7198	53.5535	-10.4155	-0.0257307	126.832	132.583	0.956622
8033	0.00784498	0.228102	83.7208	53.553	-10.4072	-0.0257306	126.841	132.584	0.956683
8034	0.0078459	0.228103	83.7217	53.5524	-10.3989	-0.0257305	126.849	132.584	0.956744
8035	0.00784682	0.228104	83.7226	53.5518	-10.3909	-0.0257303	126.858	132.585	0.956804
8036	0.00784774	0.228105	83.7235	53.5512	-10.3832	-0.0257303	126.866	132.585	0.95686
8037	0.00784866	0.228106	83.7245	53.5506	-10.376	-0.0257303	126.873	132.586	0.956913
8038	0.00784958	0.228106	83.7254	53.55	-10.3694	-0.0257303	126.88	132.587	0.956962
8039	0.0078505	0.228107	83.7263	53.5494	-10.3636	-0.0257304	126.886	132.587	0.957004
8040	0.00785142	0.228108	83.7272	53.5488	-10.3586	-0.0257306	126.892	132.588	0.95704
8041	0.00785234	0.228109	83.7282	53.5482	-10.3546	-0.0257308	126.896	132.588	0.95707
8042	0.00785326	0.22811	83.7291	53.5476	-10.3515	-0.0257311	126.899	132.589	0.957092
8043	0.00785417	0.228111	83.73	53.547	-10.3494	-0.0257313	126.902	132.589	0.957106
8044	0.00785509	0.228112	83.7309	53.5464	-10.3484	-0.0257316	126.903	132.59	0.957112
8045	0.00785601	0.228113	83.7319	53.5459	-10.3485	-0.025732	126.904	132.59	0.957111
8046	0.00785693	0.228114	83.7328	53.5453	-10.3496	-0.0257322	126.903	132.591	0.957101
8047	0.00785785	0.228115	83.7337	53.5447	-10.3516	-0.0257325	126.901	132.591	0.957084
8048	0.00785877	0.228116	83.7346	53.5441	-10.3545	-0.0257328	126.899	132.592	0.957062
8049	0.00785969	0.228116	83.7355	53.5435	-10.358	-0.025733	126.895	132.592	0.957034
8050	0.00786061	0.228117	83.7364	53.5429	-10.3621	-0.0257332	126.892	132.593	0.957001
8051	0.00786153	0.228118	83.7373	53.5423	-10.3667	-0.0257334	126.887	132.593	0.956966
8052	0.00786245	0.228119	83.7383	53.5418	-10.3716	-0.0257335	126.883	132.594	0.956927
8053	0.00786337	0.22812	83.7392	53.5412	-10.3767	-0.0257336	126.878	132.594	0.956887
8054	0.00786429	0.228121	83.7401	53.5406	-10.3821	-0.0257336	126.873	132.595	0.956845
8055	0.0078652	0.228122	83.741	53.54	-10.3877	-0.0257336	126.868	132.595	0.956802
8056	0.00786612	0.228123	83.7419	53.5394	-10.3936	-0.0257335	126.862	132.596	0.956756
8057	0.00786704	0.228124	83.7428	53.5389	-10.4011	-0.0257334	126.855	132.596	0.956698
8058	0.00786796	0.228124	83.7437	53.5383	-10.4112	-0.0257331	126.845	132.597	0.956621
8059	0.00786888	0.228125	83.7446	53.5377	-10.4187	-0.0257328	126.838	132.598	0.956563
8060	0.0078698	0.228126	83.7455	53.5371	-10.4241	-0.0257325	126.833	132.598	0.956521
8061	0.00787072	0.228127	83.7464	53.5365	-10.4277	-0.0257322	126.829	132.599	0.956492
8062	0.00787164	0.228128	83.7473	53.536	-10.43	-0.0257319	126.828	132.599	0.956474
8063	0.00787256	0.228129	83.7482	53.5354	-10.4311	-0.0257316	126.827	132.6	0.956464
8064	0.00787348	0.22813	83.7491	53.5348	-10.4312	-0.0257313	126.827	132.6	0.956462
8065	0.0078744	0.228131	83.75	53.5342	-10.4304	-0.025731	126.828	132.601	0.956467
8066	0.00787532	0.228132	83.7509	53.5337	-10.4287	-0.0257308	126.83	132.601	0.956479
8067	0.00787623	0.228132	83.7518	53.5331	-10.4264	-0.0257305	126.833	132.602	0.956495
8068	0.00787715	0.228133	83.7527	53.5325	-10.4193	-0.0257304	126.84	132.602	0.956547
8069	0.00787807	0.228134	83.7536	53.532	-10.411	-0.0257303	126.849	132.603	0.956609
8070	0.00787899	0.228135	83.7545	53.5314	-10.4026	-0.0257302	126.858	132.603	0.956671
8071	0.00787991	0.228136	83.7554	53.5308	-10.3943	-0.0257301	126.866	132.604	0.956732
8072	0.00788083	0.228137	83.7562	53.5303	-10.3863	-0.02573	126.874	132.604	0.956791
8073	0.00788175	0.228138	83.7571	53.5297	-10.3787	-0.0257299	126.882	132.605	0.956847
8074	0.00788267	0.228139	83.758	53.5291	-10.3716	-0.0257299	126.89	132.605	0.956899
8075	0.00788359	0.228139	83.7589	53.5286	-10.3652	-0.0257299	126.896	132.606	0.956946
8076	0.00788451	0.22814	83.7598	53.528	-10.3596	-0.02573	126.902	132.606	0.956987
8077	0.00788543	0.228141	83.7606	53.5275	-10.3549	-0.0257301	126.907	132.607	0.957022
8078	0.00788635	0.228142	83.7615	53.5269	-10.3511	-0.0257303	126.912	132.607	0.957049
8079	0.00788726	0.228143	83.7624	53.5263	-10.3483	-0.0257305	126.915	132.608	0.957069
8080	0.00788818	0.228144	83.7633	53.5258	-10.3464	-0.0257308	126.917	132.608	0.957082
8081	0.0078891	0.228145	83.7641	53.5252	-10.3457	-0.025731	126.918	132.609	0.957086
8082	0.00789002	0.228145	83.765	53.5247	-10.346	-0.0257313	126.918	132.609	0.957083
8083	0.00789094	0.228146	83.7659	53.5241	-10.3472	-0.0257316	126.917	132.61	0.957072
8084	0.00789186	0.228147	83.7667	53.5236	-10.3494	-0.0257318	126.915	132.61	0.957055
8085	0.00789278	0.228148	83.7676	53.523	-10.3523	-0.0257321	126.913	132.611	0.957031
8086	0.0078937	0.228149	83.7684	53.5225	-10.3559	-0.0257323	126.909	132.611	0.957003
8087	0.00789462	0.22815	83.7693	53.5219	-10.36	-0.0257325	126.905	132.612	0.956971
8088	0.00789554	0.22815	83.7702	53.5214	-10.3645	-0.0257327	126.901	132.612	0.956936
8089	0.00789646	0.228151	83.771	53.5208	-10.3694	-0.0257328	126.897	132.613	0.956898
8090	0.00789737	0.228152	83.7719	53.5203	-10.3744	-0.0257329	126.892	132.613	0.956859
8091	0.00789829	0.228153	83.7727	53.5197	-10.3797	-0.025733	126.887	132.614	0.956818
8092	0.00789921	0.228154	83.7736	53.5192	-10.3852	-0.025733	126.882	132.614	0.956775
8093	0.00790013	0.228155	83.7744	53.5187	-10.3913	-0.0257329	126.876	132.615	0.956728
8094	0.00790105	0.228155	83.7752	53.5181	-10.3999	-0.0257328	126.868	132.615	0.956662
8095	0.00790197	0.228156	83.7761	53.5176	-10.4093	-0.0257326	126.859	132.615	0.95659
8096	0.00790289	0.228157	83.7769	53.5171	-10.4162	-0.0257323	126.852	132.616	0.956537
8097	0.00790381	0.228158	83.7777	53.5165	-10.4211	-0.025732	126.847	132.616	0.956498
8098	0.00790473	0.228159	83.7786	53.516	-10.4245	-0.0257317	126.844	132.617	0.956472
8099	0.00790565	0.22816	83.7794	53.5155	-10.4265	-0.0257315	126.843	132.617	0.956455
8100	0.00790657	0.22816	83.7802	53.5149	-10.4275	-0.0257312	126.842	132.618	0.956447
8101	0.00790748	0.228161	83.7811	53.5144	-10.4274	-0.0257309	126.842	132.618	0.956446
8102	0.0079084	0.228162	83.7819	53.5139	-10.4265	-0.0257306	126.844	132.619	0.956452
8103	0.00790932	0.228163	83.7827	53.5133	-10.4247	-0.0257303	126.846	132.619	0.956464
8104	0.00791024	0.228164	83.7835	53.5128	-10.4208	-0.0257302	126.85	132.62	0.956493
8105	0.00791116	0.228164	83.7844	53.5123	-10.4131	-0.0257301	126.858	132.62	0.956549
8106	0.00791208	0.228165	83.7852	53.5118	-10.4049	-0.0257299	126.866	132.621	0.95661
8107	0.007913	0.228166	83.786	53.5113	-10.3966	-0.0257298	126.875	132.621	0.956672
8108	0.00791392	0.228167	83.7868	53.5107	-10.3885	-0.0257297	126.883	132.622	0.956732
8109	0.00791484	0.228168	83.7876	53.5102	-10.3806	-0.0257296	126.892	132.622	0.95679
8110	0.00791576	0.228168	83.7884	53.5097	-10.3731	-0.0257295	126.899	132.623	0.956845
8111	0.00791667	0.228169	83.7892	53.5092	-10.3662	-0.0257295	126.906	132.623	0.956896
8112	0.00791759	0.22817	83.79	53.5087	-10.36	-0.0257296	126.913	132.623	0.956942
8113	0.00791851	0.228171	83.7908	53.5082	-10.3547	-0.0257297	126.919	132.624	0.956981
8114	0.00791943	0.228172	83.7916	53.5077	-10.3501	-0.0257298	126.923	132.624	0.957014
8115	0.00792035	0.228172	83.7924	53.5071	-10.3466	-0.02573	126.927	132.625	0.95704
8116	0.00792127	0.228173	83.7932	53.5066	-10.344	-0.0257303	126.93	132.625	0.957058
8117	0.00792219	0.228174	83.794	53.5061	-10.3425	-0.0257306	126.932	132.626	0.957069
8118	0.00792311	0.228175	83.7948	53.5056	-10.342	-0.0257308	126.933	132.626	0.957071
8119	0.00792403	0.228175	83.7956	53.5051	-10.3427	-0.0257311	126.932	132.627	0.957065
8120	0.00792495	0.228176	83.7964	53.5046	-10.3443	-0.0257314	126.931	132.627	0.957052
8121	0.00792586	0.228177	83.7972	53.5041	-10.3468	-0.0257316	126.929	132.628	0.957032
8122	0.00792678	0.228178	83.7979	53.5036	-10.3501	-0.0257318	126.926	132.628	0.957006
8123	0.0079277	0.228179	83.7987	53.5031	-10.354	-0.025732	126.922	132.628	0.956975
8124	0.00792862	0.228179	83.7995	53.5026	-10.3585	-0.0257322	126.918	132.629	0.95694
8125	0.00792954	0.22818	83.8003	53.5021	-10.3633	-0.0257323	126.913	132.629	0.956903
8126	0.00793046	0.228181	83.8011	53.5016	-10.3685	-0.0257324	126.908	132.63	0.956862
8127	0.00793138	0.228182	83.8018	53.5011	-10.374	-0.0257325	126.903	132.63	0.95682
8128	0.0079323	0.228182	83.8026	53.5006	-10.3796	-0.0257325	126.898	132.631	0.956777
8129	0.00793322	0.228183	83.8034	53.5002	-10.3857	-0.0257325	126.892	132.631	0.95673
8130	0.00793414	0.228184	83.8041	53.4997	-10.3931	-0.0257324	126.885	132.632	0.956672
8131	0.00793506	0.228185	83.8049	53.4992	-10.4038	-0.0257321	126.875	132.632	0.956591
8132	0.00793597	0.228185	83.8057	53.4987	-10.4118	-0.0257318	126.867	132.632	0.956529
8133	0.00793689	0.228186	83.8064	53.4982	-10.4178	-0.0257315	126.861	132.633	0.956484
8134	0.00793781	0.228187	83.8072	53.4977	-10.4219	-0.0257313	126.857	132.633	0.956452
8135	0.00793873	0.228188	83.8079	53.4972	-10.4245	-0.025731	126.855	132.634	0.956431
8136	0.00793965	0.228188	83.8087	53.4968	-10.426	-0.0257307	126.854	132.634	0.956419
8137	0.00794057	0.228189	83.8094	53.4963	-10.4263	-0.0257304	126.854	132.635	0.956415
8138	0.00794149	0.22819	83.8102	53.4958	-10.4257	-0.0257301	126.854	132.635	0.956418
8139	0.00794241	0.228191	83.8109	53.4953	-10.4243	-0.0257299	126.856	132.635	0.956428
8140	0.00794333	0.228191	83.8116	53.4949	-10.4221	-0.0257297	126.859	132.636	0.956444
8141	0.00794425	0.228192	83.8124	53.4944	-10.4154	-0.0257296	126.866	132.636	0.956493
8142	0.00794516	0.228193	83.8131	53.4939	-10.4072	-0.0257295	126.874	132.637	0.956554
8143	0.00794608	0.228193	83.8139	53.4934	-10.3988	-0.0257295	126.883	132.637	0.956616
8144	0.007947	0.228194	83.8146	53.493	-10.3905	-0.0257294	126.891	132.637	0.956678
8145	0.00794792	0.228195	83.8153	53.4925	-10.3823	-0.0257293	126.9	132.638	0.956738
8146	0.00794884	0.228196	83.816	53.492	-10.3746	-0.0257292	126.908	132.638	0.956796
8147	0.00794976	0.228196	83.8168	53.4916	-10.3673	-0.0257292	126.915	132.639	0.95685
8148	0.00795068	0.228197	83.8175	53.4911	-10.3607	-0.0257293	126.922	132.639	0.956898
8149	0.0079516	0.228198	83.8182	53.4907	-10.3549	-0.0257294	126.928	132.64	0.956941
8150	0.00795251	0.228198	83.8189	53.4902	-10.35	-0.0257295	126.933	132.64	0.956977
8151	0.00795343	0.228199	83.8196	53.4897	-10.346	-0.0257297	126.938	132.64	0.957006
8152	0.00795435	0.2282	83.8204	53.4893	-10.343	-0.02573	126.941	132.641	0.957028
8153	0.00795527	0.2282	83.8211	53.4888	-10.341	-0.0257302	126.943	132.641	0.957042
8154	0.00795619	0.228201	83.8218	53.4884	-10.3401	-0.0257305	126.944	132.642	0.957048
8155	0.00795711	0.228202	83.8225	53.4879	-10.3403	-0.0257308	126.944	132.642	0.957045
8156	0.00795803	0.228203	83.8232	53.4875	-10.3415	-0.025731	126.943	132.642	0.957035
8157	0.00795895	0.228203	83.8239	53.487	-10.3437	-0.0257313	126.941	132.643	0.957018
8158	0.00795987	0.228204	83.8246	53.4866	-10.3467	-0.0257315	126.939	132.643	0.956994
8159	0.00796078	0.228205	83.8253	53.4861	-10.3504	-0.0257317	126.935	132.644	0.956965
8160	0.0079617	0.228205	83.826	53.4857	-10.3547	-0.0257319	126.931	132.644	0.956932
8161	0.00796262	0.228206	83.8267	53.4853	-10.3594	-0.0257321	126.927	132.644	0.956895
8162	0.00796354	0.228207	83.8273	53.4848	-10.3646	-0.0257322	126.922	132.645	0.956856
8163	0.00796446	0.228207	83.828	53.4844	-10.37	-0.0257323	126.917	132.645	0.956814
8164	0.00796538	0.228208	83.8287	53.4839	-10.3757	-0.0257323	126.911	132.646	0.95677
8165	0.0079663	0.228209	83.8294	53.4835	-10.3818	-0.0257323	126.905	132.646	0.956723
8166	0.00796722	0.228209	83.8301	53.4831	-10.3887	-0.0257323	126.899	132.646	0.95667
8167	0.00796814	0.22821	83.8308	53.4826	-10.4003	-0.025732	126.887	132.647	0.956581
8168	0.00796905	0.228211	83.8314	53.4822	-10.4092	-0.0257317	126.879	132.647	0.956514
8169	0.00796997	0.228211	83.8321	53.4818	-10.4159	-0.0257314	126.872	132.647	0.956462
8170	0.00797089	0.228212	83.8328	53.4814	-10.4207	-0.0257311	126.868	132.648	0.956425
8171	0.00797181	0.228213	83.8334	53.4809	-10.4241	-0.0257308	126.865	132.648	0.956398
8172	0.00797273	0.228213	83.8341	53.4805	-10.4262	-0.0257305	126.863	132.649	0.956381
8173	0.00797365	0.228214	83.8348	53.4801	-10.4272	-0.0257302	126.862	132.649	0.956373
8174	0.00797457	0.228215	83.8354	53.4797	-10.4272	-0.0257299	126.862	132.649	0.956372
8175	0.00797549	0.228215	83.8361	53.4792	-10.4263	-0.0257296	126.863	132.65	0.956378
8176	0.00797641	0.228216	83.8367	53.4788	-10.4246	-0.0257294	126.865	132.65	0.956389
8177	0.00797733	0.228217	83.8374	53.4784	-10.4191	-0.0257292	126.871	132.651	0.95643
8178	0.00797824	0.228217	83.838	53.478	-10.4113	-0.0257291	126.879	132.651	0.956488
8179	0.00797916	0.228218	83.8387	53.4776	-10.4031	-0.025729	126.887	132.651	0.956549
8180	0.00798008	0.228218	83.8393	53.4772	-10.3949	-0.0257289	126.896	132.652	0.95661
8181	0.007981	0.228219	83.84	53.4768	-10.3869	-0.0257288	126.904	132.652	0.95667
8182	0.00798192	0.22822	83.8406	53.4764	-10.3791	-0.0257287	126.912	132.652	0.956727
8183	0.00798284	0.22822	83.8412	53.476	-10.3718	-0.0257287	126.92	132.653	0.956781
8184	0.00798376	0.228221	83.8419	53.4756	-10.3651	-0.0257288	126.927	132.653	0.956831
8185	0.00798468	0.228222	83.8425	53.4751	-10.3591	-0.0257289	126.933	132.653	0.956876
8186	0.00798559	0.228222	83.8431	53.4748	-10.3539	-0.025729	126.938	132.654	0.956914
8187	0.00798651	0.228223	83.8437	53.4744	-10.3496	-0.0257292	126.943	132.654	0.956945
8188	0.00798743	0.228223	83.8444	53.474	-10.3463	-0.0257295	126.946	132.654	0.956969
8189	0.00798835	0.228224	83.845	53.4736	-10.344	-0.0257298	126.949	132.655	0.956986
8190	0.00798927	0.228225	83.8456	53.4732	-10.3428	-0.0257301	126.95	132.655	0.956994
8191	0.00799019	0.228225	83.8462	53.4728	-10.3427	-0.0257304	126.951	132.656	0.956994
8192	0.00799111	0.228226	83.8468	53.4724	-10.3437	-0.0257307	126.95	132.656	0.956985
8193	0.00799202	0.228226	83.8474	53.472	-10.3457	-0.0257309	126.948	132.656	0.95697
8194	0.00799294	0.228227	83.848	53.4716	-10.3485	-0.0257312	126.945	132.657	0.956948
8195	0.00799386	0.228228	83.8486	53.4713	-10.3521	-0.0257314	126.942	132.657	0.95692
8196	0.00799478	0.228228	83.8492	53.4709	-10.3563	-0.0257316	126.938	132.657	0.956887
8197	0.0079957	0.228229	83.8498	53.4705	-10.3611	-0.0257318	126.933	132.658	0.956851
8198	0.00799662	0.228229	83.8503	53.4701	-10.3662	-0.0257319	126.929	132.658	0.956811
8199	0.00799754	0.22823	83.8509	53.4698	-10.3716	-0.025732	126.923	132.658	0.956769
8200	0.00799846	0.22823	83.8515	53.4694	-10.3774	-0.025732	126.918	132.659	0.956725
8201	0.00799937	0.228231	83.8521	53.469	-10.3835	-0.025732	126.912	132.659	0.956678
8202	0.00800029	0.228232	83.8526	53.4687	-10.3904	-0.025732	126.905	132.659	0.956626
8203	0.00800121	0.228232	83.8532	53.4683	-10.4016	-0.0257317	126.894	132.66	0.95654
8204	0.00800213	0.228233	83.8538	53.468	-10.4108	-0.0257315	126.885	132.66	0.95647
8205	0.00800305	0.228233	83.8543	53.4676	-10.4178	-0.0257312	126.878	132.66	0.956416
8206	0.00800397	0.228234	83.8549	53.4672	-10.4229	-0.0257309	126.873	132.661	0.956377
8207	0.00800489	0.228234	83.8554	53.4669	-10.4265	-0.0257306	126.87	132.661	0.956349
8208	0.00800581	0.228235	83.856	53.4665	-10.4288	-0.0257303	126.868	132.661	0.956331
8209	0.00800672	0.228235	83.8565	53.4662	-10.43	-0.02573	126.867	132.661	0.956321
8210	0.00800764	0.228236	83.857	53.4659	-10.4302	-0.0257297	126.867	132.662	0.95632
8211	0.00800856	0.228236	83.8576	53.4655	-10.4294	-0.0257294	126.868	132.662	0.956324
8212	0.00800948	0.228237	83.8581	53.4652	-10.4278	-0.0257291	126.87	132.662	0.956335
8213	0.0080104	0.228237	83.8586	53.4648	-10.423	-0.025729	126.875	132.663	0.956371
8214	0.00801132	0.228238	83.8591	53.4645	-10.4154	-0.0257289	126.883	132.663	0.956428
8215	0.00801224	0.228238	83.8597	53.4642	-10.4074	-0.0257288	126.891	132.663	0.956487
8216	0.00801316	0.228239	83.8602	53.4639	-10.3994	-0.0257286	126.899	132.664	0.956547
8217	0.00801407	0.228239	83.8607	53.4635	-10.3915	-0.0257285	126.907	132.664	0.956606
8218	0.00801499	0.22824	83.8612	53.4632	-10.3839	-0.0257284	126.915	132.664	0.956663
8219	0.00801591	0.22824	83.8617	53.4629	-10.3767	-0.0257284	126.922	132.664	0.956716
8220	0.00801683	0.228241	83.8622	53.4626	-10.3702	-0.0257284	126.929	132.665	0.956764
8221	0.00801775	0.228241	83.8627	53.4623	-10.3643	-0.0257284	126.935	132.665	0.956808
8222	0.00801867	0.228242	83.8631	53.462	-10.3593	-0.0257286	126.94	132.665	0.956845
8223	0.00801959	0.228242	83.8636	53.4617	-10.3552	-0.0257287	126.944	132.666	0.956875
8224	0.0080205	0.228243	83.8641	53.4614	-10.352	-0.0257289	126.948	132.666	0.956899
8225	0.00802142	0.228243	83.8646	53.4611	-10.3498	-0.0257291	126.95	132.666	0.956914
8226	0.00802234	0.228244	83.865	53.4608	-10.3487	-0.0257294	126.951	132.666	0.956922
8227	0.00802326	0.228244	83.8655	53.4605	-10.3487	-0.0257297	126.952	132.667	0.956922
8228	0.00802418	0.228245	83.8659	53.4602	-10.3496	-0.0257299	126.951	132.667	0.956914
8229	0.0080251	0.228245	83.8664	53.4599	-10.3516	-0.0257302	126.949	132.667	0.956899
8230	0.00802602	0.228246	83.8668	53.4596	-10.3544	-0.0257304	126.946	132.667	0.956877
8231	0.00802693	0.228246	83.8672	53.4593	-10.3579	-0.0257307	126.943	132.668	0.95685
8232	0.00802785	0.228246	83.8677	53.4591	-10.362	-0.0257309	126.939	132.668	0.956818
8233	0.00802877	0.228247	83.8681	53.4588	-10.3667	-0.025731	126.935	132.668	0.956783
8234	0.00802969	0.228247	83.8685	53.4585	-10.3717	-0.0257312	126.93	132.668	0.956744
8235	0.00803061	0.228248	83.8689	53.4583	-10.377	-0.0257313	126.925	132.669	0.956704
8236	0.00803153	0.228248	83.8693	53.458	-10.3826	-0.0257314	126.919	132.669	0.956661
8237	0.00803245	0.228248	83.8697	53.4578	-10.3885	-0.0257314	126.913	132.669	0.956616
8238	0.00803336	0.228249	83.8701	53.4575	-10.395	-0.0257314	126.907	132.669	0.956566
8239	0.00803428	0.228249	83.8705	53.4573	-10.4043	-0.0257313	126.898	132.669	0.956496
8240	0.0080352	0.22825	83.8709	53.457	-10.4142	-0.025731	126.888	132.67	0.95642
8241	0.00803612	0.22825	83.8713	53.4568	-10.4218	-0.0257308	126.881	132.67	0.956362
8242	0.00803704	0.22825	83.8717	53.4565	-10.4275	-0.0257305	126.875	132.67	0.956319
8243	0.00803796	0.228251	83.872	53.4563	-10.4315	-0.0257302	126.871	132.67	0.956289
8244	0.00803888	0.228251	83.8724	53.4561	-10.4342	-0.0257299	126.869	132.671	0.956268
8245	0.00803979	0.228251	83.8727	53.4559	-10.4357	-0.0257296	126.867	132.671	0.956256
8246	0.00804071	0.228252	83.8731	53.4556	-10.4362	-0.0257293	126.867	132.671	0.956251
8247	0.00804163	0.228252	83.8734	53.4554	-10.4358	-0.025729	126.867	132.671	0.956254
8248	0.00804255	0.228252	83.8738	53.4552	-10.4346	-0.0257287	126.869	132.671	0.956262
8249	0.00804347	0.228253	83.8741	53.455	-10.4327	-0.0257284	126.871	132.672	0.956277
8250	0.00804439	0.228253	83.8744	53.4548	-10.4259	-0.0257283	126.878	132.672	0.956327
8251	0.00804531	0.228253	83.8747	53.4546	-10.4179	-0.0257282	126.886	132.672	0.956387
8252	0.00804622	0.228254	83.875	53.4544	-10.4098	-0.0257281	126.894	132.672	0.956447
8253	0.00804714	0.228254	83.8753	53.4542	-10.4018	-0.0257279	126.902	132.672	0.956507
8254	0.00804806	0.228254	83.8756	53.454	-10.394	-0.0257278	126.91	132.672	0.956566
8255	0.00804898	0.228255	83.8759	53.4538	-10.3866	-0.0257278	126.917	132.673	0.956621
8256	0.0080499	0.228255	83.8762	53.4536	-10.3797	-0.0257277	126.924	132.673	0.956673
8257	0.00805082	0.228255	83.8765	53.4535	-10.3735	-0.0257278	126.931	132.673	0.956719
8258	0.00805173	0.228255	83.8768	53.4533	-10.368	-0.0257278	126.936	132.673	0.95676
8259	0.00805265	0.228256	83.877	53.4531	-10.3635	-0.025728	126.941	132.673	0.956794
8260	0.00805357	0.228256	83.8773	53.4529	-10.3599	-0.0257282	126.945	132.673	0.956821
8261	0.00805449	0.228256	83.8776	53.4528	-10.3572	-0.0257284	126.947	132.674	0.95684
8262	0.00805541	0.228256	83.8778	53.4526	-10.3556	-0.0257286	126.949	132.674	0.956852
8263	0.00805633	0.228257	83.8781	53.4525	-10.3552	-0.0257289	126.95	132.674	0.956855
8264	0.00805724	0.228257	83.8783	53.4523	-10.3558	-0.0257291	126.949	132.674	0.95685
8265	0.00805816	0.228257	83.8786	53.4522	-10.3575	-0.0257294	126.947	132.674	0.956837
8266	0.00805908	0.228257	83.8788	53.452	-10.3601	-0.0257296	126.945	132.674	0.956817
8267	0.00806	0.228258	83.879	53.4519	-10.3636	-0.0257298	126.942	132.674	0.95679
8268	0.00806092	0.228258	83.8792	53.4517	-10.3677	-0.02573	126.937	132.675	0.956759
8269	0.00806184	0.228258	83.8795	53.4516	-10.3724	-0.0257302	126.933	132.675	0.956723
8270	0.00806275	0.228258	83.8797	53.4515	-10.3775	-0.0257303	126.928	132.675	0.956684
8271	0.00806367	0.228258	83.8799	53.4513	-10.383	-0.0257304	126.922	132.675	0.956643
8272	0.00806459	0.228259	83.8801	53.4512	-10.3887	-0.0257304	126.917	132.675	0.956599
8273	0.00806551	0.228259	83.8803	53.4511	-10.3946	-0.0257304	126.911	132.675	0.956555
8274	0.00806643	0.228259	83.8805	53.4509	-10.4008	-0.0257304	126.905	132.675	0.956508
8275	0.00806735	0.228259	83.8807	53.4508	-10.4076	-0.0257303	126.898	132.675	0.956456
8276	0.00806827	0.228259	83.8808	53.4507	-10.4182	-0.0257301	126.888	132.675	0.956376
8277	0.00806918	0.22826	83.881	53.4506	-10.4274	-0.0257298	126.878	132.676	0.956306
8278	0.0080701	0.22826	83.8812	53.4505	-10.4345	-0.0257295	126.871	132.676	0.956253
8279	0.00807102	0.22826	83.8814	53.4504	-10.4395	-0.0257292	126.867	132.676	0.956215
8280	0.00807194	0.22826	83.8815	53.4503	-10.443	-0.025729	126.863	132.676	0.956188
8281	0.00807286	0.22826	83.8817	53.4502	-10.4452	-0.0257287	126.861	132.676	0.956172
8282	0.00807378	0.22826	83.8819	53.4501	-10.4462	-0.0257284	126.86	132.676	0.956164
8283	0.00807469	0.228261	83.882	53.45	-10.4462	-0.0257281	126.86	132.676	0.956163
8284	0.00807561	0.228261	83.8822	53.4499	-10.4453	-0.0257278	126.861	132.676	0.95617
8285	0.00807653	0.228261	83.8823	53.4498	-10.4437	-0.0257276	126.863	132.676	0.956182
8286	0.00807745	0.228261	83.8825	53.4497	-10.4385	-0.0257275	126.868	132.676	0.956221
8287	0.00807837	0.228261	83.8826	53.4496	-10.4308	-0.0257274	126.876	132.676	0.956279
8288	0.00807929	0.228261	83.8827	53.4495	-10.4228	-0.0257273	126.884	132.677	0.956339
8289	0.0080802	0.228261	83.8829	53.4494	-10.4147	-0.0257272	126.892	132.677	0.9564
8290	0.00808112	0.228262	83.883	53.4493	-10.4068	-0.0257271	126.9	132.677	0.956459
8291	0.00808204	0.228262	83.8831	53.4493	-10.3993	-0.025727	126.907	132.677	0.956516
8292	0.00808296	0.228262	83.8832	53.4492	-10.3922	-0.025727	126.914	132.677	0.956569
8293	0.00808388	0.228262	83.8833	53.4491	-10.3858	-0.025727	126.921	132.677	0.956617
8294	0.00808479	0.228262	83.8834	53.4491	-10.3801	-0.0257271	126.927	132.677	0.95666
8295	0.00808571	0.228262	83.8836	53.449	-10.3752	-0.0257272	126.932	132.677	0.956696
8296	0.00808663	0.228262	83.8837	53.4489	-10.3713	-0.0257273	126.936	132.677	0.956726
8297	0.00808755	0.228262	83.8838	53.4489	-10.3683	-0.0257275	126.939	132.677	0.956748
8298	0.00808847	0.228262	83.8838	53.4488	-10.3663	-0.0257277	126.941	132.677	0.956763
8299	0.00808939	0.228263	83.8839	53.4487	-10.3654	-0.0257279	126.942	132.677	0.95677
8300	0.0080903	0.228263	83.884	53.4487	-10.3656	-0.0257282	126.941	132.677	0.956768
8301	0.00809122	0.228263	83.8841	53.4486	-10.3668	-0.0257284	126.94	132.677	0.956759
8302	0.00809214	0.228263	83.8842	53.4486	-10.3689	-0.0257286	126.938	132.677	0.956743
8303	0.00809306	0.228263	83.8843	53.4485	-10.3719	-0.0257288	126.935	132.677	0.95672
8304	0.00809398	0.228263	83.8843	53.4485	-10.3756	-0.025729	126.932	132.677	0.956692
8305	0.00809489	0.228263	83.8844	53.4485	-10.3799	-0.0257292	126.927	132.678	0.95666
8306	0.00809581	0.228263	83.8845	53.4484	-10.3847	-0.0257293	126.922	132.678	0.956624
8307	0.00809673	0.228263	83.8845	53.4484	-10.3898	-0.0257294	126.917	132.678	0.956585
8308	0.00809765	0.228263	83.8846	53.4483	-10.3952	-0.0257295	126.912	132.678	0.956544
8309	0.00809857	0.228263	83.8846	53.4483	-10.4009	-0.0257295	126.906	132.678	0.956501
8310	0.00809948	0.228263	83.8847	53.4483	-10.4068	-0.0257295	126.9	132.678	0.956456
8311	0.0081004	0.228263	83.8847	53.4482	-10.4131	-0.0257295	126.894	132.678	0.956409
8312	0.00810132	0.228263	83.8848	53.4482	-10.4206	-0.0257293	126.887	132.678	0.956352
8313	0.00810224	0.228263	83.8848	53.4482	-10.4316	-0.0257291	126.876	132.678	0.95627
8314	0.00810316	0.228263	83.8849	53.4482	-10.4399	-0.0257288	126.867	132.678	0.956207
8315	0.00810408	0.228263	83.8849	53.4481	-10.4462	-0.0257284	126.861	132.678	0.956159
8316	0.00810499	0.228264	83.8849	53.4481	-10.4507	-0.0257281	126.857	132.678	0.956126
8317	0.00810591	0.228264	83.885	53.4481	-10.4538	-0.0257278	126.854	132.678	0.956102
8318	0.00810683	0.228264	83.885	53.4481	-10.4557	-0.0257275	126.852	132.678	0.956088
8319	0.00810775	0.228264	83.885	53.4481	-10.4565	-0.0257271	126.851	132.678	0.956082
8320	0.00810867	0.228264	83.885	53.4481	-10.4564	-0.0257268	126.851	132.678	0.956083
8321	0.00810959	0.228264	83.8851	53.448	-10.4554	-0.0257265	126.852	132.678	0.95609
8322	0.0081105	0.228264	83.8851	53.448	-10.4536	-0.0257262	126.854	132.678	0.956103
8323	0.00811142	0.228264	83.8851	53.448	-10.4473	-0.0257261	126.86	132.678	0.956151
8324	0.00811234	0.228264	83.8851	53.448	-10.4395	-0.025726	126.868	132.678	0.95621
8325	0.00811326	0.228264	83.8852	53.448	-10.4315	-0.0257258	126.876	132.678	0.95627
8326	0.00811418	0.228264	83.8852	53.448	-10.4235	-0.0257257	126.884	132.678	0.95633
8327	0.00811509	0.228264	83.8852	53.448	-10.4156	-0.0257256	126.892	132.678	0.956389
8328	0.00811601	0.228264	83.8852	53.448	-10.4081	-0.0257255	126.899	132.678	0.956446
8329	0.00811693	0.228264	83.8852	53.4479	-10.4011	-0.0257255	126.906	132.678	0.956499
8330	0.00811785	0.228264	83.8852	53.4479	-10.3947	-0.0257255	126.913	132.678	0.956547
8331	0.00811877	0.228264	83.8853	53.4479	-10.389	-0.0257256	126.918	132.678	0.95659
8332	0.00811968	0.228264	83.8853	53.4479	-10.3842	-0.0257258	126.923	132.678	0.956626
8333	0.0081206	0.228264	83.8853	53.4479	-10.3803	-0.025726	126.927	132.678	0.956655
8334	0.00812152	0.228264	83.8853	53.4479	-10.3774	-0.0257262	126.93	132.678	0.956677
8335	0.00812244	0.228264	83.8853	53.4479	-10.3755	-0.0257265	126.932	132.678	0.956692
8336	0.00812335	0.228264	83.8853	53.4479	-10.3746	-0.0257268	126.933	132.678	0.956698
8337	0.00812427	0.228264	83.8853	53.4479	-10.3749	-0.0257271	126.933	132.678	0.956696
8338	0.00812519	0.228264	83.8853	53.4479	-10.3762	-0.0257273	126.931	132.678	0.956686
8339	0.00812611	0.228264	83.8853	53.4479	-10.3785	-0.0257276	126.929	132.678	0.956669
8340	0.00812703	0.228264	83.8853	53.4479	-10.3816	-0.0257278	126.926	132.678	0.956645
8341	0.00812794	0.228264	83.8854	53.4479	-10.3855	-0.025728	126.922	132.678	0.956616
8342	0.00812886	0.228264	83.8854	53.4479	-10.3899	-0.0257282	126.918	132.678	0.956583
8343	0.00812978	0.228264	83.8854	53.4479	-10.3948	-0.0257283	126.913	132.678	0.956546
8344	0.0081307	0.228264	83.8854	53.4479	-10.4	-0.0257284	126.907	132.678	0.956507
8345	0.00813162	0.228264	83.8854	53.4479	-10.4055	-0.0257284	126.902	132.678	0.956465
8346	0.00813253	0.228264	83.8854	53.4479	-10.4112	-0.0257284	126.896	132.678	0.956422
8347	0.00813345	0.228264	83.8853	53.4479	-10.4171	-0.0257284	126.89	132.678	0.956378
8348	0.00813437	0.228264	83.8853	53.4479	-10.4233	-0.0257283	126.884	132.678	0.956331
8349	0.00813529	0.228264	83.8853	53.4479	-10.4306	-0.0257281	126.877	132.678	0.956276
8350	0.00813621	0.228264	83.8853	53.4479	-10.4413	-0.0257278	126.866	132.678	0.956195
8351	0.00813712	0.228264	83.8853	53.4479	-10.4494	-0.0257275	126.858	132.678	0.956135
8352	0.00813804	0.228264	83.8853	53.4479	-10.4553	-0.0257272	126.852	132.678	0.95609
8353	0.00813896	0.228264	83.8853	53.4479	-10.4595	-0.0257269	126.848	132.678	0.956059
8354	0.00813988	0.228264	83.8852	53.4479	-10.4622	-0.0257265	126.845	132.678	0.956038
8355	0.0081408	0.228264	83.8852	53.448	-10.4637	-0.0257262	126.844	132.678	0.956027
8356	0.00814171	0.228264	83.8852	53.448	-10.4642	-0.0257259	126.843	132.678	0.956023
8357	0.00814263	0.228264	83.8852	53.448	-10.4638	-0.0257256	126.844	132.678	0.956026
8358	0.00814355	0.228264	83.8851	53.448	-10.4625	-0.0257253	126.845	132.678	0.956036
8359	0.00814447	0.228264	83.8851	53.448	-10.4605	-0.025725	126.847	132.678	0.956051
8360	0.00814538	0.228264	83.885	53.4481	-10.4538	-0.0257249	126.854	132.678	0.956101
8361	0.0081463	0.228264	83.885	53.4481	-10.4459	-0.0257248	126.861	132.678	0.956161
8362	0.00814722	0.228264	83.885	53.4481	-10.4379	-0.0257246	126.869	132.678	0.956222
8363	0.00814814	0.228264	83.8849	53.4482	-10.4299	-0.0257245	126.877	132.678	0.956282
8364	0.00814906	0.228263	83.8849	53.4482	-10.4222	-0.0257243	126.885	132.678	0.95634
8365	0.00814997	0.228263	83.8848	53.4482	-10.4149	-0.0257242	126.892	132.678	0.956395
8366	0.00815089	0.228263	83.8847	53.4483	-10.4081	-0.0257242	126.899	132.678	0.956447
8367	0.00815181	0.228263	83.8847	53.4483	-10.402	-0.0257242	126.905	132.678	0.956493
8368	0.00815273	0.228263	83.8846	53.4484	-10.3966	-0.0257242	126.911	132.678	0.956534
8369	0.00815364	0.228263	83.8845	53.4484	-10.3921	-0.0257243	126.915	132.678	0.956568
8370	0.00815456	0.228263	83.8845	53.4485	-10.3884	-0.0257245	126.919	132.678	0.956595
8371	0.00815548	0.228263	83.8844	53.4485	-10.3858	-0.0257247	126.921	132.678	0.956615
8372	0.0081564	0.228263	83.8843	53.4486	-10.3841	-0.0257249	126.923	132.678	0.956628
8373	0.00815732	0.228263	83.8842	53.4486	-10.3834	-0.0257251	126.924	132.677	0.956633
8374	0.00815823	0.228263	83.8841	53.4487	-10.3838	-0.0257254	126.923	132.677	0.956631
8375	0.00815915	0.228263	83.884	53.4487	-10.3852	-0.0257256	126.922	132.677	0.956621
8376	0.00816007	0.228263	83.8839	53.4488	-10.3874	-0.0257258	126.92	132.677	0.956604
8377	0.00816099	0.228263	83.8839	53.4488	-10.3904	-0.0257261	126.917	132.677	0.956581
8378	0.0081619	0.228262	83.8838	53.4489	-10.394	-0.0257263	126.913	132.677	0.956554
8379	0.00816282	0.228262	83.8837	53.449	-10.3982	-0.0257264	126.909	132.677	0.956523
8380	0.00816374	0.228262	83.8836	53.449	-10.4027	-0.0257266	126.904	132.677	0.956489
8381	0.00816466	0.228262	83.8835	53.4491	-10.4076	-0.0257267	126.899	132.677	0.956452
8382	0.00816557	0.228262	83.8834	53.4492	-10.4127	-0.0257268	126.894	132.677	0.956414
8383	0.00816649	0.228262	83.8832	53.4492	-10.4179	-0.0257269	126.889	132.677	0.956375
8384	0.00816741	0.228262	83.8831	53.4493	-10.4233	-0.0257269	126.883	132.677	0.956334
8385	0.00816833	0.228262	83.883	53.4494	-10.4289	-0.0257268	126.878	132.677	0.956292
8386	0.00816925	0.228262	83.8829	53.4494	-10.4352	-0.0257268	126.871	132.677	0.956245
8387	0.00817016	0.228262	83.8828	53.4495	-10.4459	-0.0257265	126.861	132.677	0.956164
8388	0.00817108	0.228261	83.8827	53.4496	-10.4539	-0.0257262	126.853	132.677	0.956104
8389	0.008172	0.228261	83.8826	53.4497	-10.4598	-0.0257259	126.847	132.677	0.95606
8390	0.00817292	0.228261	83.8824	53.4498	-10.4639	-0.0257256	126.843	132.676	0.956029
8391	0.00817383	0.228261	83.8823	53.4498	-10.4666	-0.0257253	126.84	132.676	0.956009
8392	0.00817475	0.228261	83.8822	53.4499	-10.4681	-0.025725	126.838	132.676	0.955998
8393	0.00817567	0.228261	83.8821	53.45	-10.4686	-0.0257246	126.838	132.676	0.955994
8394	0.00817659	0.228261	83.8819	53.4501	-10.4682	-0.0257243	126.838	132.676	0.955997
8395	0.0081775	0.228261	83.8818	53.4502	-10.467	-0.025724	126.839	132.676	0.956007
8396	0.00817842	0.22826	83.8816	53.4503	-10.4651	-0.0257237	126.841	132.676	0.956021
8397	0.00817934	0.22826	83.8815	53.4504	-10.4585	-0.0257236	126.848	132.676	0.956071
8398	0.00818026	0.22826	83.8814	53.4504	-10.4506	-0.0257234	126.856	132.676	0.956131
8399	0.00818117	0.22826	83.8812	53.4505	-10.4425	-0.0257233	126.864	132.676	0.956193
8400	0.00818209	0.22826	83.8811	53.4506	-10.4344	-0.0257231	126.872	132.676	0.956254
8401	0.00818301	0.22826	83.8809	53.4507	-10.4265	-0.0257229	126.879	132.676	0.956313
8402	0.00818393	0.22826	83.8808	53.4508	-10.419	-0.0257228	126.887	132.676	0.95637
8403	0.00818484	0.228259	83.8806	53.4509	-10.412	-0.0257228	126.894	132.675	0.956423
8404	0.00818576	0.228259	83.8805	53.451	-10.4056	-0.0257228	126.9	132.675	0.956471
8405	0.00818668	0.228259	83.8803	53.4511	-10.4	-0.0257228	126.906	132.675	0.956514
8406	0.0081876	0.228259	83.8801	53.4512	-10.3952	-0.0257229	126.91	132.675	0.95655
8407	0.00818851	0.228259	83.88	53.4513	-10.3913	-0.0257231	126.914	132.675	0.95658
8408	0.00818943	0.228259	83.8798	53.4514	-10.3884	-0.0257233	126.917	132.675	0.956602
8409	0.00819035	0.228258	83.8796	53.4516	-10.3865	-0.0257235	126.919	132.675	0.956616
8410	0.00819127	0.228258	83.8795	53.4517	-10.3857	-0.0257237	126.92	132.675	0.956623
8411	0.00819218	0.228258	83.8793	53.4518	-10.3859	-0.025724	126.919	132.675	0.956621
8412	0.0081931	0.228258	83.8791	53.4519	-10.3872	-0.0257242	126.918	132.675	0.956612
8413	0.00819402	0.228258	83.879	53.452	-10.3894	-0.0257244	126.916	132.674	0.956596
8414	0.00819494	0.228258	83.8788	53.4521	-10.3924	-0.0257246	126.913	132.674	0.956573
8415	0.00819585	0.228257	83.8786	53.4522	-10.3961	-0.0257248	126.909	132.674	0.956546
8416	0.00819677	0.228257	83.8784	53.4523	-10.4003	-0.025725	126.905	132.674	0.956514
8417	0.00819769	0.228257	83.8782	53.4525	-10.405	-0.0257251	126.9	132.674	0.956479
8418	0.00819861	0.228257	83.878	53.4526	-10.4099	-0.0257251	126.895	132.674	0.956442
8419	0.00819952	0.228257	83.8779	53.4527	-10.4151	-0.0257252	126.89	132.674	0.956403
8420	0.00820044	0.228257	83.8777	53.4528	-10.4204	-0.0257252	126.884	132.674	0.956363
8421	0.00820136	0.228256	83.8775	53.4529	-10.4258	-0.0257252	126.879	132.674	0.956323
8422	0.00820228	0.228256	83.8773	53.4531	-10.4313	-0.0257251	126.873	132.674	0.956282
8423	0.00820319	0.228256	83.8771	53.4532	-10.4371	-0.025725	126.867	132.673	0.956238
8424	0.00820411	0.228256	83.8769	53.4533	-10.4452	-0.0257248	126.859	132.673	0.956178
8425	0.00820503	0.228256	83.8767	53.4534	-10.4541	-0.0257245	126.85	132.673	0.956111
8426	0.00820595	0.228255	83.8765	53.4536	-10.4605	-0.0257242	126.844	132.673	0.956063
8427	0.00820686	0.228255	83.8763	53.4537	-10.465	-0.0257239	126.839	132.673	0.95603
8428	0.00820778	0.228255	83.8761	53.4538	-10.4678	-0.0257236	126.836	132.673	0.956009
8429	0.0082087	0.228255	83.8759	53.454	-10.4693	-0.0257233	126.835	132.673	0.955997
8430	0.00820962	0.228255	83.8757	53.4541	-10.4698	-0.0257231	126.834	132.673	0.955994
8431	0.00821053	0.228254	83.8755	53.4542	-10.4693	-0.0257228	126.835	132.673	0.955998
8432	0.00821145	0.228254	83.8753	53.4544	-10.4679	-0.0257225	126.836	132.672	0.956009
8433	0.00821237	0.228254	83.8751	53.4545	-10.4658	-0.0257223	126.838	132.672	0.956025
8434	0.00821329	0.228254	83.8749	53.4546	-10.4599	-0.0257222	126.844	132.672	0.95607
8435	0.0082142	0.228254	83.8747	53.4548	-10.4519	-0.0257221	126.852	132.672	0.95613
8436	0.00821512	0.228253	83.8745	53.4549	-10.4436	-0.0257219	126.86	132.672	0.956193
8437	0.00821604	0.228253	83.8742	53.455	-10.4354	-0.0257218	126.868	132.672	0.956255
8438	0.00821695	0.228253	83.874	53.4552	-10.4274	-0.0257217	126.876	132.672	0.956316
8439	0.00821787	0.228253	83.8738	53.4553	-10.4197	-0.0257216	126.884	132.672	0.956374
8440	0.00821879	0.228253	83.8736	53.4554	-10.4125	-0.0257215	126.891	132.671	0.956429
8441	0.00821971	0.228252	83.8734	53.4556	-10.4059	-0.0257215	126.897	132.671	0.956479
8442	0.00822062	0.228252	83.8732	53.4557	-10.4001	-0.0257215	126.903	132.671	0.956523
8443	0.00822154	0.228252	83.8729	53.4559	-10.3951	-0.0257216	126.908	132.671	0.956561
8444	0.00822246	0.228252	83.8727	53.456	-10.391	-0.0257218	126.912	132.671	0.956592
8445	0.00822337	0.228251	83.8725	53.4561	-10.3879	-0.0257219	126.915	132.671	0.956616
8446	0.00822429	0.228251	83.8723	53.4563	-10.3857	-0.0257221	126.917	132.671	0.956633
8447	0.00822521	0.228251	83.872	53.4564	-10.3845	-0.0257224	126.918	132.671	0.956642
8448	0.00822613	0.228251	83.8718	53.4566	-10.3844	-0.0257226	126.918	132.67	0.956643
8449	0.00822704	0.228251	83.8716	53.4567	-10.3853	-0.0257228	126.917	132.67	0.956637
8450	0.00822796	0.22825	83.8714	53.4569	-10.387	-0.0257231	126.915	132.67	0.956624
8451	0.00822888	0.22825	83.8711	53.457	-10.3896	-0.0257233	126.913	132.67	0.956605
8452	0.00822979	0.22825	83.8709	53.4572	-10.3929	-0.0257235	126.909	132.67	0.95658
8453	0.00823071	0.22825	83.8707	53.4573	-10.3967	-0.0257236	126.906	132.67	0.956552
8454	0.00823163	0.228249	83.8704	53.4575	-10.4009	-0.0257238	126.901	132.67	0.95652
8455	0.00823255	0.228249	83.8702	53.4576	-10.4055	-0.0257239	126.897	132.67	0.956486
8456	0.00823346	0.228249	83.87	53.4578	-10.4104	-0.0257239	126.892	132.669	0.95645
8457	0.00823438	0.228249	83.8697	53.4579	-10.4154	-0.025724	126.887	132.669	0.956413
8458	0.0082353	0.228249	83.8695	53.4581	-10.4205	-0.025724	126.881	132.669	0.956374
8459	0.00823622	0.228248	83.8693	53.4582	-10.4257	-0.0257239	126.876	132.669	0.956335
8460	0.00823713	0.228248	83.869	53.4584	-10.4312	-0.0257238	126.87	132.669	0.956294
8461	0.00823805	0.228248	83.8688	53.4585	-10.4381	-0.0257237	126.864	132.669	0.956243
8462	0.00823897	0.228248	83.8685	53.4587	-10.4477	-0.0257234	126.854	132.669	0.956171
8463	0.00823988	0.228247	83.8683	53.4588	-10.4547	-0.025723	126.847	132.668	0.956118
8464	0.0082408	0.228247	83.868	53.459	-10.4597	-0.0257227	126.842	132.668	0.956081
8465	0.00824172	0.228247	83.8678	53.4591	-10.463	-0.0257224	126.838	132.668	0.956056
8466	0.00824264	0.228247	83.8676	53.4593	-10.465	-0.0257221	126.836	132.668	0.956042
8467	0.00824355	0.228246	83.8673	53.4595	-10.4658	-0.0257217	126.835	132.668	0.956036
8468	0.00824447	0.228246	83.8671	53.4596	-10.4657	-0.0257214	126.835	132.668	0.956037
8469	0.00824539	0.228246	83.8668	53.4598	-10.4647	-0.0257211	126.836	132.668	0.956045
8470	0.0082463	0.228246	83.8666	53.4599	-10.4629	-0.0257208	126.838	132.667	0.956059
8471	0.00824722	0.228245	83.8663	53.4601	-10.4584	-0.0257206	126.842	132.667	0.956093
8472	0.00824814	0.228245	83.8661	53.4602	-10.4506	-0.0257205	126.85	132.667	0.956152
8473	0.00824906	0.228245	83.8658	53.4604	-10.4424	-0.0257203	126.858	132.667	0.956215
8474	0.00824997	0.228245	83.8656	53.4606	-10.434	-0.0257202	126.866	132.667	0.956278
8475	0.00825089	0.228245	83.8654	53.4607	-10.4258	-0.0257201	126.875	132.667	0.95634
8476	0.00825181	0.228244	83.8651	53.4609	-10.4178	-0.02572	126.882	132.667	0.956401
8477	0.00825272	0.228244	83.8649	53.461	-10.4102	-0.0257199	126.89	132.666	0.956458
8478	0.00825364	0.228244	83.8646	53.4612	-10.4032	-0.0257199	126.897	132.666	0.956511
8479	0.00825456	0.228244	83.8644	53.4613	-10.3969	-0.0257199	126.903	132.666	0.956559
8480	0.00825548	0.228243	83.8641	53.4615	-10.3913	-0.0257201	126.909	132.666	0.956602
8481	0.00825639	0.228243	83.8639	53.4617	-10.3867	-0.0257202	126.913	132.666	0.956637
8482	0.00825731	0.228243	83.8636	53.4618	-10.383	-0.0257204	126.917	132.666	0.956665
8483	0.00825823	0.228243	83.8634	53.462	-10.3802	-0.0257207	126.919	132.666	0.956686
8484	0.00825914	0.228242	83.8631	53.4621	-10.3785	-0.0257209	126.921	132.666	0.9567
8485	0.00826006	0.228242	83.8629	53.4623	-10.3778	-0.0257212	126.922	132.665	0.956705
8486	0.00826098	0.228242	83.8627	53.4624	-10.3782	-0.0257215	126.921	132.665	0.956703
8487	0.00826189	0.228242	83.8624	53.4626	-10.3796	-0.0257217	126.92	132.665	0.956692
8488	0.00826281	0.228241	83.8622	53.4627	-10.3818	-0.0257219	126.917	132.665	0.956676
8489	0.00826373	0.228241	83.8619	53.4629	-10.3848	-0.0257221	126.914	132.665	0.956654
8490	0.00826464	0.228241	83.8617	53.463	-10.3885	-0.0257223	126.911	132.665	0.956627
8491	0.00826556	0.228241	83.8615	53.4632	-10.3926	-0.0257224	126.906	132.665	0.956596
8492	0.00826648	0.22824	83.8612	53.4633	-10.3971	-0.0257225	126.902	132.664	0.956562
8493	0.0082674	0.22824	83.861	53.4635	-10.4018	-0.0257226	126.897	132.664	0.956527
8494	0.00826831	0.22824	83.8608	53.4636	-10.4068	-0.0257226	126.892	132.664	0.95649
8495	0.00826923	0.22824	83.8606	53.4638	-10.4118	-0.0257226	126.887	132.664	0.956452
8496	0.00827015	0.22824	83.8603	53.4639	-10.417	-0.0257226	126.882	132.664	0.956414
8497	0.00827106	0.228239	83.8601	53.4641	-10.4224	-0.0257225	126.876	132.664	0.956373
8498	0.00827198	0.228239	83.8599	53.4642	-10.4287	-0.0257223	126.87	132.664	0.956326
8499	0.0082729	0.228239	83.8597	53.4644	-10.4386	-0.025722	126.86	132.664	0.956252
8500	0.00827381	0.228239	83.8594	53.4645	-10.4458	-0.0257217	126.852	132.663	0.956198
8501	0.00827473	0.228238	83.8592	53.4646	-10.4509	-0.0257214	126.847	132.663	0.95616
8502	0.00827565	0.228238	83.859	53.4648	-10.4542	-0.0257211	126.844	132.663	0.956135
8503	0.00827657	0.228238	83.8588	53.4649	-10.4562	-0.0257208	126.842	132.663	0.95612
8504	0.00827748	0.228238	83.8586	53.4651	-10.457	-0.0257204	126.841	132.663	0.956114
8505	0.0082784	0.228238	83.8584	53.4652	-10.4568	-0.0257201	126.841	132.663	0.956116
8506	0.00827932	0.228237	83.8581	53.4653	-10.4558	-0.0257198	126.842	132.663	0.956124
8507	0.00828023	0.228237	83.8579	53.4655	-10.454	-0.0257195	126.844	132.663	0.956138
8508	0.00828115	0.228237	83.8577	53.4656	-10.4513	-0.0257193	126.846	132.662	0.956158
8509	0.00828207	0.228237	83.8575	53.4657	-10.4439	-0.0257192	126.854	132.662	0.956214
8510	0.00828298	0.228237	83.8573	53.4658	-10.4356	-0.025719	126.862	132.662	0.956278
8511	0.0082839	0.228236	83.8571	53.466	-10.4271	-0.0257189	126.87	132.662	0.956341
8512	0.00828482	0.228236	83.8569	53.4661	-10.4188	-0.0257187	126.878	132.662	0.956404
8513	0.00828573	0.228236	83.8567	53.4662	-10.4108	-0.0257186	126.886	132.662	0.956465
8514	0.00828665	0.228236	83.8565	53.4663	-10.4032	-0.0257185	126.894	132.662	0.956523
8515	0.00828757	0.228236	83.8564	53.4665	-10.3961	-0.0257184	126.901	132.662	0.956577
8516	0.00828848	0.228235	83.8562	53.4666	-10.3896	-0.0257184	126.907	132.662	0.956626
8517	0.0082894	0.228235	83.856	53.4667	-10.384	-0.0257185	126.913	132.661	0.956669
8518	0.00829032	0.228235	83.8558	53.4668	-10.3791	-0.0257186	126.918	132.661	0.956705
8519	0.00829124	0.228235	83.8556	53.4669	-10.3752	-0.0257187	126.922	132.661	0.956735
8520	0.00829215	0.228235	83.8554	53.467	-10.3722	-0.0257189	126.925	132.661	0.956758
8521	0.00829307	0.228235	83.8553	53.4672	-10.3702	-0.0257191	126.926	132.661	0.956773
8522	0.00829399	0.228234	83.8551	53.4673	-10.3692	-0.0257194	126.927	132.661	0.956781
8523	0.0082949	0.228234	83.8549	53.4674	-10.3692	-0.0257196	126.927	132.661	0.956781
8524	0.00829582	0.228234	83.8547	53.4675	-10.3702	-0.0257199	126.926	132.661	0.956774
8525	0.00829674	0.228234	83.8546	53.4676	-10.3721	-0.0257201	126.924	132.661	0.95676
8526	0.00829765	0.228234	83.8544	53.4677	-10.3747	-0.0257204	126.922	132.661	0.956741
8527	0.00829857	0.228234	83.8543	53.4678	-10.3779	-0.0257206	126.918	132.66	0.956717
8528	0.00829949	0.228233	83.8541	53.4679	-10.3817	-0.0257207	126.915	132.66	0.956688
8529	0.0083004	0.228233	83.8539	53.468	-10.3858	-0.0257209	126.91	132.66	0.956657
8530	0.00830132	0.228233	83.8538	53.4681	-10.3903	-0.025721	126.906	132.66	0.956624
8531	0.00830224	0.228233	83.8536	53.4682	-10.395	-0.0257211	126.901	132.66	0.956589
8532	0.00830315	0.228233	83.8535	53.4683	-10.3998	-0.0257211	126.896	132.66	0.956553
8533	0.00830407	0.228233	83.8533	53.4684	-10.4048	-0.0257211	126.891	132.66	0.956515
8534	0.00830499	0.228233	83.8532	53.4685	-10.41	-0.0257211	126.886	132.66	0.956477
8535	0.0083059	0.228232	83.8531	53.4686	-10.4158	-0.025721	126.88	132.66	0.956433
8536	0.00830682	0.228232	83.8529	53.4687	-10.426	-0.0257207	126.87	132.66	0.956356
8537	0.00830774	0.228232	83.8528	53.4687	-10.4337	-0.0257204	126.862	132.66	0.956298
8538	0.00830865	0.228232	83.8526	53.4688	-10.4392	-0.0257201	126.857	132.659	0.956257
8539	0.00830957	0.228232	83.8525	53.4689	-10.4429	-0.0257198	126.853	132.659	0.956229
8540	0.00831049	0.228232	83.8524	53.469	-10.4452	-0.0257194	126.85	132.659	0.956212
8541	0.0083114	0.228232	83.8523	53.4691	-10.4464	-0.0257191	126.849	132.659	0.956203
8542	0.00831232	0.228231	83.8521	53.4692	-10.4464	-0.0257188	126.849	132.659	0.956203
8543	0.00831324	0.228231	83.852	53.4692	-10.4456	-0.0257185	126.85	132.659	0.956209
8544	0.00831415	0.228231	83.8519	53.4693	-10.444	-0.0257182	126.852	132.659	0.956222
8545	0.00831507	0.228231	83.8518	53.4694	-10.4416	-0.0257179	126.854	132.659	0.95624
8546	0.00831599	0.228231	83.8516	53.4695	-10.4347	-0.0257177	126.861	132.659	0.956293
8547	0.0083169	0.228231	83.8515	53.4695	-10.4263	-0.0257176	126.869	132.659	0.956356
8548	0.00831782	0.228231	83.8514	53.4696	-10.4178	-0.0257175	126.878	132.659	0.95642
8549	0.00831874	0.228231	83.8513	53.4697	-10.4093	-0.0257173	126.886	132.659	0.956484
8550	0.00831965	0.228231	83.8512	53.4698	-10.401	-0.0257172	126.894	132.659	0.956547
8551	0.00832057	0.22823	83.8511	53.4698	-10.3931	-0.0257171	126.902	132.659	0.956606
8552	0.00832149	0.22823	83.851	53.4699	-10.3857	-0.025717	126.909	132.659	0.956662
8553	0.0083224	0.22823	83.8509	53.47	-10.379	-0.025717	126.916	132.658	0.956713
8554	0.00832332	0.22823	83.8508	53.47	-10.373	-0.0257171	126.922	132.658	0.956759
8555	0.00832424	0.22823	83.8506	53.4701	-10.3679	-0.0257172	126.927	132.658	0.956798
8556	0.00832515	0.22823	83.8505	53.4702	-10.3636	-0.0257174	126.931	132.658	0.956829
8557	0.00832607	0.22823	83.8504	53.4702	-10.3604	-0.0257176	126.935	132.658	0.956854
8558	0.00832699	0.22823	83.8503	53.4703	-10.3582	-0.0257178	126.937	132.658	0.956871
8559	0.0083279	0.22823	83.8503	53.4703	-10.357	-0.0257181	126.938	132.658	0.95688
8560	0.00832882	0.22823	83.8502	53.4704	-10.3569	-0.0257183	126.938	132.658	0.956881
8561	0.00832974	0.228229	83.8501	53.4705	-10.3578	-0.0257186	126.937	132.658	0.956874
8562	0.00833065	0.228229	83.85	53.4705	-10.3597	-0.0257188	126.935	132.658	0.95686
8563	0.00833157	0.228229	83.8499	53.4706	-10.3624	-0.025719	126.932	132.658	0.95684
8564	0.00833249	0.228229	83.8498	53.4706	-10.3657	-0.0257192	126.929	132.658	0.956815
8565	0.0083334	0.228229	83.8497	53.4707	-10.3696	-0.0257193	126.925	132.658	0.956785
8566	0.00833432	0.228229	83.8496	53.4707	-10.374	-0.0257195	126.921	132.658	0.956753
8567	0.00833524	0.228229	83.8495	53.4708	-10.3786	-0.0257195	126.916	132.658	0.956718
8568	0.00833615	0.228229	83.8495	53.4709	-10.3835	-0.0257196	126.911	132.658	0.956681
8569	0.00833707	0.228229	83.8494	53.4709	-10.3885	-0.0257196	126.906	132.658	0.956643
8570	0.00833799	0.228229	83.8493	53.471	-10.3937	-0.0257196	126.901	132.658	0.956605
8571	0.0083389	0.228229	83.8492	53.471	-10.3991	-0.0257195	126.895	132.658	0.956564
8572	0.00833982	0.228229	83.8491	53.4711	-10.4053	-0.0257194	126.889	132.657	0.956517
8573	0.00834074	0.228228	83.849	53.4711	-10.4156	-0.0257191	126.879	132.657	0.95644
8574	0.00834165	0.228228	83.849	53.4712	-10.4232	-0.0257188	126.871	132.657	0.956383
8575	0.00834257	0.228228	83.8489	53.4712	-10.4286	-0.0257185	126.866	132.657	0.956342
8576	0.00834349	0.228228	83.8488	53.4713	-10.4322	-0.0257182	126.862	132.657	0.956315
8577	0.0083444	0.228228	83.8487	53.4713	-10.4344	-0.0257179	126.86	132.657	0.956299
8578	0.00834532	0.228228	83.8486	53.4714	-10.4354	-0.0257176	126.859	132.657	0.956291
8579	0.00834624	0.228228	83.8486	53.4714	-10.4354	-0.0257173	126.859	132.657	0.956291
8580	0.00834715	0.228228	83.8485	53.4715	-10.4344	-0.025717	126.86	132.657	0.956299
8581	0.00834807	0.228228	83.8484	53.4715	-10.4326	-0.0257168	126.862	132.657	0.956312
8582	0.00834899	0.228228	83.8483	53.4716	-10.4302	-0.0257165	126.864	132.657	0.956331
8583	0.0083499	0.228228	83.8482	53.4716	-10.4231	-0.0257164	126.871	132.657	0.956384
8584	0.00835082	0.228228	83.8482	53.4717	-10.4147	-0.0257163	126.879	132.657	0.956448
8585	0.00835173	0.228227	83.8481	53.4717	-10.4061	-0.0257162	126.888	132.657	0.956512
8586	0.00835265	0.228227	83.848	53.4718	-10.3977	-0.025716	126.896	132.657	0.956577
8587	0.00835357	0.228227	83.8479	53.4718	-10.3894	-0.0257159	126.905	132.657	0.956639
8588	0.00835448	0.228227	83.8479	53.4719	-10.3815	-0.0257158	126.912	132.657	0.956698
8589	0.0083554	0.228227	83.8478	53.4719	-10.3742	-0.0257158	126.92	132.657	0.956754
8590	0.00835632	0.228227	83.8477	53.472	-10.3675	-0.0257158	126.926	132.657	0.956804
8591	0.00835723	0.228227	83.8476	53.472	-10.3616	-0.0257158	126.932	132.657	0.956849
8592	0.00835815	0.228227	83.8475	53.4721	-10.3565	-0.0257159	126.937	132.657	0.956888
8593	0.00835907	0.228227	83.8475	53.4721	-10.3523	-0.0257161	126.942	132.657	0.956919
8594	0.00835998	0.228227	83.8474	53.4722	-10.3491	-0.0257163	126.945	132.656	0.956943
8595	0.0083609	0.228227	83.8473	53.4722	-10.3469	-0.0257165	126.947	132.656	0.95696
8596	0.00836181	0.228227	83.8472	53.4723	-10.3457	-0.0257168	126.948	132.656	0.956969
8597	0.00836273	0.228227	83.8472	53.4723	-10.3456	-0.025717	126.948	132.656	0.95697
8598	0.00836365	0.228227	83.8471	53.4724	-10.3465	-0.0257173	126.947	132.656	0.956963
8599	0.00836456	0.228226	83.847	53.4724	-10.3483	-0.0257175	126.945	132.656	0.95695
8600	0.00836548	0.228226	83.847	53.4725	-10.3509	-0.0257177	126.943	132.656	0.95693
8601	0.0083664	0.228226	83.8469	53.4725	-10.3542	-0.0257179	126.939	132.656	0.956905
8602	0.00836731	0.228226	83.8468	53.4725	-10.3581	-0.0257181	126.936	132.656	0.956876
8603	0.00836823	0.228226	83.8468	53.4726	-10.3624	-0.0257182	126.931	132.656	0.956844
8604	0.00836915	0.228226	83.8467	53.4726	-10.367	-0.0257183	126.927	132.656	0.95681
8605	0.00837006	0.228226	83.8466	53.4727	-10.3719	-0.0257184	126.922	132.656	0.956773
8606	0.00837098	0.228226	83.8466	53.4727	-10.377	-0.0257184	126.917	132.656	0.956734
8607	0.0083719	0.228226	83.8465	53.4727	-10.3823	-0.0257184	126.911	132.656	0.956694
8608	0.00837281	0.228226	83.8465	53.4728	-10.388	-0.0257183	126.905	132.656	0.956652
8609	0.00837373	0.228226	83.8464	53.4728	-10.3951	-0.0257182	126.898	132.656	0.956598
8610	0.00837464	0.228226	83.8463	53.4728	-10.4052	-0.0257179	126.888	132.656	0.956522
8611	0.00837556	0.228226	83.8463	53.4729	-10.4126	-0.0257176	126.881	132.656	0.956466
8612	0.00837648	0.228226	83.8462	53.4729	-10.418	-0.0257173	126.875	132.656	0.956426
8613	0.00837739	0.228226	83.8462	53.4729	-10.4217	-0.025717	126.872	132.656	0.956398
8614	0.00837831	0.228226	83.8461	53.473	-10.424	-0.0257167	126.869	132.656	0.956381
8615	0.00837923	0.228226	83.8461	53.473	-10.4251	-0.0257163	126.868	132.656	0.956373
8616	0.00838014	0.228225	83.8461	53.473	-10.4251	-0.025716	126.868	132.656	0.956372
8617	0.00838106	0.228225	83.846	53.473	-10.4243	-0.0257157	126.869	132.656	0.956379
8618	0.00838198	0.228225	83.846	53.4731	-10.4226	-0.0257154	126.871	132.656	0.956392
8619	0.00838289	0.228225	83.8459	53.4731	-10.4202	-0.0257152	126.873	132.656	0.95641
8620	0.00838381	0.228225	83.8459	53.4731	-10.413	-0.0257151	126.88	132.656	0.956464
8621	0.00838473	0.228225	83.8459	53.4731	-10.4046	-0.0257149	126.889	132.656	0.956527
8622	0.00838564	0.228225	83.8459	53.4731	-10.396	-0.0257148	126.897	132.656	0.956592
8623	0.00838656	0.228225	83.8458	53.4732	-10.3875	-0.0257147	126.906	132.656	0.956656
8624	0.00838747	0.228225	83.8458	53.4732	-10.3793	-0.0257146	126.914	132.656	0.956718
8625	0.00838839	0.228225	83.8458	53.4732	-10.3714	-0.0257145	126.922	132.656	0.956778
8626	0.00838931	0.228225	83.8458	53.4732	-10.364	-0.0257145	126.929	132.656	0.956834
8627	0.00839022	0.228225	83.8457	53.4732	-10.3573	-0.0257145	126.936	132.656	0.956884
8628	0.00839114	0.228225	83.8457	53.4732	-10.3513	-0.0257146	126.942	132.656	0.956929
8629	0.00839206	0.228225	83.8457	53.4732	-10.3462	-0.0257147	126.947	132.655	0.956968
8630	0.00839297	0.228225	83.8457	53.4733	-10.3421	-0.0257149	126.951	132.655	0.956999
8631	0.00839389	0.228225	83.8457	53.4733	-10.3389	-0.0257151	126.954	132.655	0.957023
8632	0.0083948	0.228225	83.8457	53.4733	-10.3368	-0.0257154	126.956	132.655	0.957039
8633	0.00839572	0.228225	83.8456	53.4733	-10.3357	-0.0257156	126.958	132.655	0.957047
8634	0.00839664	0.228225	83.8456	53.4733	-10.3357	-0.0257159	126.957	132.655	0.957047
8635	0.00839755	0.228225	83.8456	53.4733	-10.3367	-0.0257161	126.956	132.655	0.957039
8636	0.00839847	0.228225	83.8456	53.4733	-10.3387	-0.0257164	126.954	132.655	0.957024
8637	0.00839939	0.228225	83.8456	53.4733	-10.3415	-0.0257166	126.952	132.655	0.957003
8638	0.0084003	0.228225	83.8456	53.4733	-10.345	-0.0257168	126.948	132.655	0.956977
8639	0.00840122	0.228225	83.8456	53.4733	-10.349	-0.0257169	126.944	132.655	0.956946
8640	0.00840213	0.228225	83.8456	53.4733	-10.3535	-0.0257171	126.94	132.655	0.956913
8641	0.00840305	0.228225	83.8456	53.4733	-10.3583	-0.0257171	126.935	132.655	0.956877
8642	0.00840397	0.228225	83.8456	53.4733	-10.3634	-0.0257172	126.93	132.655	0.956838
8643	0.00840488	0.228225	83.8456	53.4733	-10.3687	-0.0257172	126.925	132.655	0.956799
8644	0.0084058	0.228225	83.8456	53.4733	-10.3742	-0.0257172	126.919	132.655	0.956757
8645	0.00840672	0.228225	83.8456	53.4733	-10.3802	-0.0257171	126.913	132.655	0.956712
8646	0.00840763	0.228225	83.8456	53.4733	-10.3884	-0.0257169	126.905	132.655	0.95665
8647	0.00840855	0.228225	83.8456	53.4733	-10.398	-0.0257166	126.895	132.655	0.956577
8648	0.00840946	0.228225	83.8457	53.4733	-10.4051	-0.0257163	126.888	132.655	0.956524
8649	0.00841038	0.228225	83.8457	53.4733	-10.4102	-0.025716	126.883	132.655	0.956486
8650	0.0084113	0.228225	83.8457	53.4733	-10.4136	-0.0257157	126.88	132.655	0.95646
8651	0.00841221	0.228225	83.8457	53.4732	-10.4157	-0.0257154	126.878	132.655	0.956444
8652	0.00841313	0.228225	83.8457	53.4732	-10.4167	-0.0257151	126.877	132.655	0.956437
8653	0.00841405	0.228225	83.8457	53.4732	-10.4166	-0.0257148	126.877	132.655	0.956437
8654	0.00841496	0.228225	83.8457	53.4732	-10.4156	-0.0257145	126.878	132.655	0.956444
8655	0.00841588	0.228225	83.8457	53.4732	-10.4139	-0.0257142	126.879	132.655	0.956458
8656	0.00841679	0.228225	83.8457	53.4732	-10.4112	-0.025714	126.882	132.656	0.956478
8657	0.00841771	0.228225	83.8457	53.4732	-10.4038	-0.0257139	126.889	132.656	0.956533
8658	0.00841863	0.228225	83.8457	53.4732	-10.3955	-0.0257138	126.898	132.656	0.956596
8659	0.00841954	0.228225	83.8458	53.4732	-10.387	-0.0257136	126.906	132.656	0.95666
8660	0.00842046	0.228225	83.8458	53.4732	-10.3787	-0.0257135	126.915	132.656	0.956723
8661	0.00842138	0.228225	83.8458	53.4732	-10.3706	-0.0257134	126.923	132.656	0.956784
8662	0.00842229	0.228225	83.8458	53.4732	-10.3629	-0.0257133	126.93	132.656	0.956842
8663	0.00842321	0.228225	83.8458	53.4732	-10.3558	-0.0257133	126.937	132.656	0.956896
8664	0.00842412	0.228225	83.8458	53.4732	-10.3493	-0.0257133	126.944	132.656	0.956944
8665	0.00842504	0.228225	83.8458	53.4732	-10.3436	-0.0257134	126.95	132.656	0.956987
8666	0.00842596	0.228225	83.8458	53.4732	-10.3388	-0.0257135	126.954	132.656	0.957023
8667	0.00842687	0.228225	83.8458	53.4732	-10.3349	-0.0257137	126.958	132.656	0.957053
8668	0.00842779	0.228225	83.8458	53.4732	-10.332	-0.0257139	126.961	132.656	0.957074
8669	0.0084287	0.228225	83.8458	53.4732	-10.3301	-0.0257142	126.963	132.656	0.957089
8670	0.00842962	0.228225	83.8458	53.4732	-10.3293	-0.0257144	126.964	132.656	0.957095
8671	0.00843054	0.228225	83.8458	53.4732	-10.3295	-0.0257147	126.964	132.656	0.957094
8672	0.00843145	0.228225	83.8458	53.4732	-10.3307	-0.0257149	126.963	132.656	0.957085
8673	0.00843237	0.228225	83.8458	53.4732	-10.3328	-0.0257152	126.96	132.656	0.957069
8674	0.00843328	0.228225	83.8458	53.4732	-10.3357	-0.0257154	126.958	132.656	0.957047
8675	0.0084342	0.228225	83.8457	53.4732	-10.3393	-0.0257156	126.954	132.656	0.95702
8676	0.00843512	0.228225	83.8457	53.4732	-10.3434	-0.0257158	126.95	132.656	0.956989
8677	0.00843603	0.228225	83.8457	53.4732	-10.3479	-0.0257159	126.945	132.656	0.956955
8678	0.00843695	0.228225	83.8457	53.4732	-10.3528	-0.025716	126.94	132.656	0.956918
8679	0.00843787	0.228225	83.8457	53.4732	-10.3579	-0.0257161	126.935	132.655	0.956879
8680	0.00843878	0.228225	83.8457	53.4733	-10.3633	-0.0257161	126.93	132.655	0.956839
8681	0.0084397	0.228225	83.8457	53.4733	-10.369	-0.0257161	126.924	132.655	0.956796
8682	0.00844061	0.228225	83.8456	53.4733	-10.3755	-0.0257161	126.918	132.655	0.956747
8683	0.00844153	0.228225	83.8456	53.4733	-10.386	-0.0257158	126.907	132.655	0.956668
8684	0.00844245	0.228225	83.8456	53.4733	-10.3948	-0.0257155	126.898	132.655	0.956602
8685	0.00844336	0.228225	83.8456	53.4733	-10.4014	-0.0257152	126.892	132.655	0.956552
8686	0.00844428	0.228225	83.8455	53.4733	-10.4061	-0.0257149	126.887	132.655	0.956517
8687	0.00844519	0.228225	83.8455	53.4734	-10.4093	-0.0257146	126.884	132.655	0.956493
8688	0.00844611	0.228225	83.8455	53.4734	-10.4112	-0.0257143	126.882	132.655	0.956478
8689	0.00844703	0.228225	83.8454	53.4734	-10.412	-0.0257139	126.881	132.655	0.956472
8690	0.00844794	0.228225	83.8454	53.4734	-10.4118	-0.0257136	126.881	132.655	0.956473
8691	0.00844886	0.228225	83.8454	53.4735	-10.4108	-0.0257133	126.882	132.655	0.956482
8692	0.00844977	0.228225	83.8453	53.4735	-10.4089	-0.025713	126.884	132.655	0.956496
8693	0.00845069	0.228225	83.8453	53.4735	-10.4035	-0.0257129	126.89	132.655	0.956536
8694	0.00845161	0.228225	83.8452	53.4735	-10.3956	-0.0257128	126.897	132.655	0.956596
8695	0.00845252	0.228225	83.8452	53.4736	-10.3873	-0.0257127	126.906	132.655	0.956658
8696	0.00845344	0.228225	83.8451	53.4736	-10.379	-0.0257125	126.914	132.655	0.956721
8697	0.00845435	0.228225	83.8451	53.4736	-10.3709	-0.0257124	126.922	132.655	0.956782
8698	0.00845527	0.228224	83.845	53.4737	-10.3631	-0.0257123	126.93	132.655	0.956842
8699	0.00845619	0.228224	83.845	53.4737	-10.3557	-0.0257123	126.937	132.655	0.956897
8700	0.0084571	0.228224	83.8449	53.4738	-10.3489	-0.0257123	126.944	132.655	0.956949
8701	0.00845802	0.228224	83.8448	53.4738	-10.3428	-0.0257124	126.95	132.655	0.956994
8702	0.00845893	0.228224	83.8448	53.4738	-10.3376	-0.0257125	126.955	132.655	0.957034
8703	0.00845985	0.228224	83.8447	53.4739	-10.3332	-0.0257126	126.96	132.655	0.957067
8704	0.00846077	0.228224	83.8446	53.4739	-10.3299	-0.0257129	126.963	132.655	0.957092
8705	0.00846168	0.228224	83.8446	53.474	-10.3275	-0.0257131	126.965	132.655	0.95711
8706	0.0084626	0.228224	83.8445	53.474	-10.3262	-0.0257133	126.967	132.655	0.95712
8707	0.00846351	0.228224	83.8444	53.4741	-10.326	-0.0257136	126.967	132.655	0.957122
8708	0.00846443	0.228224	83.8443	53.4741	-10.3269	-0.0257139	126.966	132.655	0.957115
8709	0.00846535	0.228224	83.8443	53.4742	-10.3287	-0.0257141	126.964	132.655	0.957101
8710	0.00846626	0.228224	83.8442	53.4742	-10.3314	-0.0257143	126.961	132.655	0.957081
8711	0.00846718	0.228224	83.8441	53.4743	-10.3349	-0.0257145	126.958	132.655	0.957055
8712	0.00846809	0.228223	83.844	53.4743	-10.339	-0.0257147	126.954	132.655	0.957025
8713	0.00846901	0.228223	83.8439	53.4744	-10.3435	-0.0257148	126.949	132.655	0.95699
8714	0.00846993	0.228223	83.8438	53.4745	-10.3485	-0.0257149	126.944	132.654	0.956953
8715	0.00847084	0.228223	83.8437	53.4745	-10.3537	-0.025715	126.939	132.654	0.956914
8716	0.00847176	0.228223	83.8436	53.4746	-10.3592	-0.025715	126.933	132.654	0.956873
8717	0.00847267	0.228223	83.8435	53.4746	-10.365	-0.025715	126.928	132.654	0.956829
8718	0.00847359	0.228223	83.8434	53.4747	-10.3713	-0.0257149	126.921	132.654	0.956782
8719	0.00847451	0.228223	83.8433	53.4748	-10.3797	-0.0257148	126.913	132.654	0.956718
8720	0.00847542	0.228223	83.8432	53.4748	-10.3897	-0.0257145	126.903	132.654	0.956643
8721	0.00847634	0.228223	83.8431	53.4749	-10.3973	-0.0257142	126.895	132.654	0.956586
8722	0.00847725	0.228223	83.843	53.475	-10.4028	-0.0257139	126.889	132.654	0.956544
8723	0.00847817	0.228222	83.8429	53.475	-10.4067	-0.0257136	126.886	132.654	0.956515
8724	0.00847909	0.228222	83.8428	53.4751	-10.4092	-0.0257133	126.883	132.654	0.956497
8725	0.00848	0.228222	83.8427	53.4752	-10.4105	-0.025713	126.882	132.654	0.956487
8726	0.00848092	0.228222	83.8426	53.4753	-10.4108	-0.0257127	126.881	132.654	0.956485
8727	0.00848183	0.228222	83.8425	53.4753	-10.4101	-0.0257124	126.882	132.654	0.95649
8728	0.00848275	0.228222	83.8423	53.4754	-10.4087	-0.0257121	126.883	132.654	0.956502
8729	0.00848367	0.228222	83.8422	53.4755	-10.4065	-0.0257119	126.886	132.654	0.956518
8730	0.00848458	0.228222	83.8421	53.4756	-10.3996	-0.0257118	126.892	132.653	0.95657
8731	0.0084855	0.228222	83.842	53.4757	-10.3914	-0.0257117	126.9	132.653	0.956632
8732	0.00848641	0.228221	83.8418	53.4757	-10.3831	-0.0257115	126.909	132.653	0.956695
8733	0.00848733	0.228221	83.8417	53.4758	-10.3749	-0.0257114	126.917	132.653	0.956757
8734	0.00848825	0.228221	83.8416	53.4759	-10.3669	-0.0257113	126.925	132.653	0.956817
8735	0.00848916	0.228221	83.8414	53.476	-10.3593	-0.0257112	126.932	132.653	0.956875
8736	0.00849008	0.228221	83.8413	53.4761	-10.3522	-0.0257112	126.939	132.653	0.956928
8737	0.00849099	0.228221	83.8412	53.4762	-10.3458	-0.0257112	126.946	132.653	0.956977
8738	0.00849191	0.228221	83.841	53.4763	-10.3401	-0.0257112	126.951	132.653	0.95702
8739	0.00849282	0.22822	83.8409	53.4764	-10.3353	-0.0257113	126.956	132.653	0.957056
8740	0.00849374	0.22822	83.8407	53.4765	-10.3314	-0.0257115	126.96	132.653	0.957086
8741	0.00849466	0.22822	83.8406	53.4766	-10.3285	-0.0257117	126.963	132.653	0.957108
8742	0.00849557	0.22822	83.8404	53.4767	-10.3265	-0.025712	126.965	132.653	0.957123
8743	0.00849649	0.22822	83.8403	53.4767	-10.3256	-0.0257122	126.966	132.652	0.95713
8744	0.0084974	0.22822	83.8401	53.4768	-10.3258	-0.0257125	126.965	132.652	0.957129
8745	0.00849832	0.22822	83.84	53.477	-10.327	-0.0257127	126.964	132.652	0.95712
8746	0.00849923	0.228219	83.8398	53.4771	-10.3291	-0.025713	126.962	132.652	0.957105
8747	0.00850015	0.228219	83.8396	53.4772	-10.3321	-0.0257132	126.959	132.652	0.957083
8748	0.00850107	0.228219	83.8395	53.4773	-10.3357	-0.0257134	126.955	132.652	0.957055
8749	0.00850198	0.228219	83.8393	53.4774	-10.3399	-0.0257136	126.951	132.652	0.957024
8750	0.0085029	0.228219	83.8391	53.4775	-10.3446	-0.0257138	126.946	132.652	0.956989
8751	0.00850381	0.228219	83.839	53.4776	-10.3496	-0.0257139	126.941	132.652	0.956951
8752	0.00850473	0.228218	83.8388	53.4777	-10.3549	-0.025714	126.936	132.652	0.956912
8753	0.00850565	0.228218	83.8386	53.4778	-10.3605	-0.025714	126.93	132.652	0.95687
8754	0.00850656	0.228218	83.8385	53.4779	-10.3664	-0.025714	126.924	132.651	0.956826
8755	0.00850748	0.228218	83.8383	53.478	-10.373	-0.025714	126.918	132.651	0.956776
8756	0.00850839	0.228218	83.8381	53.4781	-10.3832	-0.0257138	126.907	132.651	0.956699
8757	0.00850931	0.228218	83.8379	53.4783	-10.3925	-0.0257135	126.898	132.651	0.95663
8758	0.00851023	0.228217	83.8377	53.4784	-10.3995	-0.0257132	126.891	132.651	0.956577
8759	0.00851114	0.228217	83.8375	53.4785	-10.4046	-0.0257129	126.886	132.651	0.956539
8760	0.00851206	0.228217	83.8374	53.4786	-10.4081	-0.0257125	126.882	132.651	0.956513
8761	0.00851297	0.228217	83.8372	53.4787	-10.4104	-0.0257122	126.88	132.651	0.956496
8762	0.00851389	0.228217	83.837	53.4789	-10.4115	-0.0257119	126.879	132.651	0.956487
8763	0.0085148	0.228216	83.8368	53.479	-10.4116	-0.0257116	126.878	132.65	0.956487
8764	0.00851572	0.228216	83.8366	53.4791	-10.4108	-0.0257113	126.879	132.65	0.956493
8765	0.00851664	0.228216	83.8364	53.4793	-10.4092	-0.025711	126.881	132.65	0.956506
8766	0.00851755	0.228216	83.8362	53.4794	-10.4046	-0.0257108	126.885	132.65	0.956541
8767	0.00851847	0.228216	83.836	53.4795	-10.3969	-0.0257107	126.893	132.65	0.956599
8768	0.00851938	0.228215	83.8358	53.4796	-10.3887	-0.0257106	126.901	132.65	0.956661
8769	0.0085203	0.228215	83.8356	53.4798	-10.3806	-0.0257104	126.909	132.65	0.956723
8770	0.00852122	0.228215	83.8353	53.4799	-10.3725	-0.0257103	126.917	132.65	0.956784
8771	0.00852213	0.228215	83.8351	53.4801	-10.3647	-0.0257102	126.925	132.65	0.956843
8772	0.00852305	0.228215	83.8349	53.4802	-10.3574	-0.0257102	126.932	132.649	0.956899
8773	0.00852396	0.228214	83.8347	53.4803	-10.3506	-0.0257102	126.939	132.649	0.95695
8774	0.00852488	0.228214	83.8345	53.4805	-10.3445	-0.0257103	126.945	132.649	0.956996
8775	0.00852579	0.228214	83.8342	53.4806	-10.3392	-0.0257104	126.95	132.649	0.957036
8776	0.00852671	0.228214	83.834	53.4808	-10.3349	-0.0257105	126.954	132.649	0.957069
8777	0.00852762	0.228214	83.8338	53.4809	-10.3315	-0.0257107	126.957	132.649	0.957095
8778	0.00852854	0.228213	83.8336	53.4811	-10.3291	-0.0257109	126.96	132.649	0.957113
8779	0.00852946	0.228213	83.8333	53.4812	-10.3278	-0.0257112	126.961	132.649	0.957123
8780	0.00853037	0.228213	83.8331	53.4814	-10.3276	-0.0257114	126.961	132.648	0.957125
8781	0.00853129	0.228213	83.8329	53.4815	-10.3285	-0.0257117	126.96	132.648	0.957119
8782	0.0085322	0.228212	83.8326	53.4817	-10.3303	-0.0257119	126.958	132.648	0.957105
8783	0.00853312	0.228212	83.8324	53.4818	-10.3331	-0.0257121	126.955	132.648	0.957085
8784	0.00853403	0.228212	83.8321	53.482	-10.3366	-0.0257123	126.952	132.648	0.957059
8785	0.00853495	0.228212	83.8319	53.4821	-10.3407	-0.0257124	126.948	132.648	0.957028
8786	0.00853586	0.228211	83.8316	53.4823	-10.3453	-0.0257125	126.943	132.648	0.956994
8787	0.00853678	0.228211	83.8314	53.4825	-10.3502	-0.0257126	126.938	132.647	0.956957
8788	0.0085377	0.228211	83.8311	53.4826	-10.3555	-0.0257127	126.933	132.647	0.956918
8789	0.00853861	0.228211	83.8309	53.4828	-10.361	-0.0257127	126.927	132.647	0.956876
8790	0.00853953	0.22821	83.8306	53.483	-10.3667	-0.0257127	126.921	132.647	0.956834
8791	0.00854044	0.22821	83.8303	53.4831	-10.3729	-0.0257126	126.915	132.647	0.956788
8792	0.00854136	0.22821	83.8301	53.4833	-10.3803	-0.0257125	126.907	132.647	0.956732
8793	0.00854227	0.22821	83.8298	53.4835	-10.3909	-0.0257123	126.897	132.647	0.956653
8794	0.00854319	0.228209	83.8295	53.4837	-10.399	-0.025712	126.888	132.646	0.956592
8795	0.00854411	0.228209	83.8292	53.4838	-10.4049	-0.0257117	126.882	132.646	0.956548
8796	0.00854502	0.228209	83.829	53.484	-10.4091	-0.0257114	126.878	132.646	0.956517
8797	0.00854594	0.228209	83.8287	53.4842	-10.4119	-0.0257111	126.875	132.646	0.956496
8798	0.00854685	0.228208	83.8284	53.4844	-10.4135	-0.0257108	126.874	132.646	0.956485
8799	0.00854777	0.228208	83.8281	53.4846	-10.414	-0.0257105	126.873	132.646	0.956481
8800	0.00854868	0.228208	83.8278	53.4848	-10.4136	-0.0257103	126.873	132.645	0.956485
8801	0.0085496	0.228207	83.8275	53.485	-10.4123	-0.02571	126.874	132.645	0.956494
8802	0.00855052	0.228207	83.8272	53.4851	-10.4103	-0.0257098	126.876	132.645	0.95651
8803	0.00855143	0.228207	83.8269	53.4853	-10.4039	-0.0257097	126.883	132.645	0.956559
8804	0.00855235	0.228207	83.8266	53.4855	-10.396	-0.0257096	126.89	132.645	0.956619
8805	0.00855326	0.228206	83.8263	53.4857	-10.3878	-0.0257094	126.898	132.645	0.956681
8806	0.00855418	0.228206	83.826	53.4859	-10.3797	-0.0257093	126.906	132.644	0.956742
8807	0.00855509	0.228206	83.8256	53.4862	-10.3718	-0.0257092	126.914	132.644	0.956802
8808	0.00855601	0.228205	83.8253	53.4864	-10.3643	-0.0257091	126.922	132.644	0.95686
8809	0.00855693	0.228205	83.825	53.4866	-10.3573	-0.0257091	126.929	132.644	0.956913
8810	0.00855784	0.228205	83.8247	53.4868	-10.3509	-0.0257091	126.935	132.644	0.956962
8811	0.00855876	0.228204	83.8243	53.487	-10.3452	-0.0257091	126.94	132.643	0.957005
8812	0.00855967	0.228204	83.824	53.4872	-10.3404	-0.0257093	126.945	132.643	0.957042
8813	0.00856059	0.228204	83.8236	53.4874	-10.3365	-0.0257094	126.949	132.643	0.957071
8814	0.0085615	0.228203	83.8233	53.4877	-10.3335	-0.0257096	126.952	132.643	0.957094
8815	0.00856242	0.228203	83.8229	53.4879	-10.3316	-0.0257098	126.954	132.643	0.95711
8816	0.00856333	0.228203	83.8226	53.4881	-10.3306	-0.0257101	126.954	132.642	0.957117
8817	0.00856425	0.228202	83.8222	53.4883	-10.3308	-0.0257103	126.954	132.642	0.957116
8818	0.00856516	0.228202	83.8219	53.4886	-10.332	-0.0257106	126.953	132.642	0.957108
8819	0.00856608	0.228202	83.8215	53.4888	-10.3341	-0.0257108	126.951	132.642	0.957093
8820	0.008567	0.228201	83.8211	53.489	-10.337	-0.025711	126.948	132.642	0.957071
8821	0.00856791	0.228201	83.8208	53.4893	-10.3406	-0.0257112	126.944	132.641	0.957045
8822	0.00856883	0.228201	83.8204	53.4895	-10.3448	-0.0257114	126.939	132.641	0.957014
8823	0.00856974	0.2282	83.82	53.4898	-10.3494	-0.0257115	126.935	132.641	0.956979
8824	0.00857066	0.2282	83.8196	53.49	-10.3544	-0.0257116	126.93	132.641	0.956942
8825	0.00857157	0.228199	83.8192	53.4903	-10.3597	-0.0257117	126.924	132.641	0.956902
8826	0.00857249	0.228199	83.8189	53.4905	-10.3653	-0.0257117	126.918	132.64	0.956861
8827	0.0085734	0.228199	83.8185	53.4908	-10.3711	-0.0257117	126.912	132.64	0.956818
8828	0.00857432	0.228198	83.8181	53.491	-10.3773	-0.0257116	126.906	132.64	0.956771
8829	0.00857524	0.228198	83.8177	53.4913	-10.3853	-0.0257115	126.898	132.64	0.956712
8830	0.00857615	0.228197	83.8172	53.4915	-10.3956	-0.0257112	126.887	132.639	0.956635
8831	0.00857707	0.228197	83.8168	53.4918	-10.4034	-0.0257108	126.88	132.639	0.956576
8832	0.00857798	0.228197	83.8164	53.4921	-10.4092	-0.0257105	126.874	132.639	0.956533
8833	0.0085789	0.228196	83.816	53.4923	-10.4132	-0.0257101	126.869	132.639	0.956504
8834	0.00857981	0.228196	83.8156	53.4926	-10.4159	-0.0257098	126.867	132.638	0.956484
8835	0.00858073	0.228195	83.8151	53.4929	-10.4174	-0.0257094	126.865	132.638	0.956473
8836	0.00858164	0.228195	83.8147	53.4932	-10.4178	-0.0257091	126.864	132.638	0.956471
8837	0.00858256	0.228195	83.8143	53.4934	-10.4173	-0.0257088	126.865	132.638	0.956475
8838	0.00858347	0.228194	83.8138	53.4937	-10.4159	-0.0257085	126.866	132.637	0.956486
8839	0.00858439	0.228194	83.8134	53.494	-10.4138	-0.0257082	126.868	132.637	0.956503
8840	0.0085853	0.228193	83.813	53.4943	-10.4069	-0.0257081	126.875	132.637	0.956555
8841	0.00858622	0.228193	83.8125	53.4946	-10.3988	-0.025708	126.883	132.637	0.956617
8842	0.00858714	0.228192	83.8121	53.4949	-10.3904	-0.0257078	126.891	132.636	0.956681
8843	0.00858805	0.228192	83.8116	53.4952	-10.3822	-0.0257077	126.899	132.636	0.956744
8844	0.00858897	0.228192	83.8111	53.4955	-10.3741	-0.0257076	126.907	132.636	0.956805
8845	0.00858988	0.228191	83.8107	53.4958	-10.3665	-0.0257075	126.914	132.636	0.956864
8846	0.0085908	0.228191	83.8102	53.4961	-10.3593	-0.0257075	126.921	132.635	0.956918
8847	0.00859171	0.22819	83.8097	53.4964	-10.3528	-0.0257076	126.928	132.635	0.956968
8848	0.00859263	0.22819	83.8093	53.4967	-10.3471	-0.0257077	126.933	132.635	0.957012
8849	0.00859354	0.228189	83.8088	53.497	-10.3422	-0.0257078	126.938	132.635	0.957049
8850	0.00859446	0.228189	83.8083	53.4973	-10.3383	-0.025708	126.942	132.634	0.957079
8851	0.00859537	0.228188	83.8078	53.4976	-10.3354	-0.0257083	126.944	132.634	0.957102
8852	0.00859629	0.228188	83.8073	53.4979	-10.3334	-0.0257085	126.946	132.634	0.957117
8853	0.0085972	0.228187	83.8068	53.4982	-10.3326	-0.0257088	126.947	132.634	0.957124
8854	0.00859812	0.228187	83.8063	53.4985	-10.3329	-0.0257091	126.946	132.633	0.957122
8855	0.00859904	0.228186	83.8058	53.4989	-10.3342	-0.0257093	126.945	132.633	0.957113
8856	0.00859995	0.228186	83.8053	53.4992	-10.3365	-0.0257095	126.942	132.633	0.957097
8857	0.00860087	0.228185	83.8048	53.4995	-10.3395	-0.0257098	126.939	132.632	0.957075
8858	0.00860178	0.228185	83.8043	53.4998	-10.3432	-0.0257099	126.935	132.632	0.957047
8859	0.0086027	0.228184	83.8038	53.5002	-10.3475	-0.0257101	126.931	132.632	0.957016
8860	0.00860361	0.228184	83.8033	53.5005	-10.3522	-0.0257102	126.926	132.632	0.956981
8861	0.00860453	0.228183	83.8028	53.5008	-10.3572	-0.0257103	126.921	132.631	0.956944
8862	0.00860544	0.228183	83.8022	53.5012	-10.3625	-0.0257104	126.915	132.631	0.956905
8863	0.00860636	0.228182	83.8017	53.5015	-10.3679	-0.0257104	126.91	132.631	0.956865
8864	0.00860727	0.228182	83.8012	53.5018	-10.3736	-0.0257104	126.904	132.63	0.956823
8865	0.00860819	0.228181	83.8006	53.5022	-10.3795	-0.0257103	126.898	132.63	0.956779
8866	0.0086091	0.228181	83.8001	53.5025	-10.3867	-0.0257102	126.89	132.63	0.956726
8867	0.00861002	0.22818	83.7996	53.5029	-10.397	-0.0257099	126.88	132.629	0.956649
8868	0.00861094	0.22818	83.799	53.5032	-10.4047	-0.0257096	126.872	132.629	0.956591
8869	0.00861185	0.228179	83.7985	53.5036	-10.4103	-0.0257093	126.866	132.629	0.95655
8870	0.00861277	0.228179	83.7979	53.5039	-10.4142	-0.025709	126.862	132.628	0.956521
8871	0.00861368	0.228178	83.7974	53.5043	-10.4167	-0.0257087	126.859	132.628	0.956503
8872	0.0086146	0.228178	83.7968	53.5046	-10.4181	-0.0257084	126.858	132.628	0.956494
8873	0.00861551	0.228177	83.7963	53.505	-10.4184	-0.0257081	126.857	132.628	0.956492
8874	0.00861643	0.228176	83.7957	53.5054	-10.4178	-0.0257077	126.858	132.627	0.956497
8875	0.00861734	0.228176	83.7951	53.5057	-10.4164	-0.0257074	126.859	132.627	0.956509
8876	0.00861826	0.228175	83.7946	53.5061	-10.4143	-0.0257072	126.861	132.627	0.956525
8877	0.00861917	0.228175	83.794	53.5064	-10.4075	-0.025707	126.867	132.626	0.956577
8878	0.00862009	0.228174	83.7934	53.5068	-10.3995	-0.0257069	126.875	132.626	0.956638
8879	0.008621	0.228174	83.7929	53.5072	-10.3914	-0.0257067	126.883	132.626	0.956701
8880	0.00862192	0.228173	83.7923	53.5076	-10.3833	-0.0257065	126.891	132.625	0.956762
8881	0.00862283	0.228173	83.7917	53.5079	-10.3755	-0.0257064	126.898	132.625	0.956822
8882	0.00862375	0.228172	83.7911	53.5083	-10.368	-0.0257062	126.906	132.625	0.956879
8883	0.00862466	0.228171	83.7905	53.5087	-10.3611	-0.0257062	126.912	132.624	0.956932
8884	0.00862558	0.228171	83.7899	53.5091	-10.3547	-0.0257061	126.919	132.624	0.956981
8885	0.00862649	0.22817	83.7893	53.5094	-10.3492	-0.0257062	126.924	132.624	0.957024
8886	0.00862741	0.22817	83.7887	53.5098	-10.3444	-0.0257062	126.928	132.623	0.95706
8887	0.00862832	0.228169	83.7881	53.5102	-10.3405	-0.0257064	126.932	132.623	0.95709
8888	0.00862924	0.228168	83.7875	53.5106	-10.3376	-0.0257066	126.935	132.623	0.957113
8889	0.00863015	0.228168	83.7869	53.511	-10.3356	-0.0257068	126.937	132.622	0.957129
8890	0.00863107	0.228167	83.7863	53.5114	-10.3347	-0.025707	126.937	132.622	0.957137
8891	0.00863198	0.228167	83.7857	53.5118	-10.3348	-0.0257073	126.937	132.622	0.957137
8892	0.0086329	0.228166	83.7851	53.5122	-10.3358	-0.0257075	126.936	132.621	0.95713
8893	0.00863381	0.228165	83.7845	53.5126	-10.3378	-0.0257078	126.934	132.621	0.957116
8894	0.00863473	0.228165	83.7838	53.513	-10.3406	-0.025708	126.931	132.62	0.957096
8895	0.00863565	0.228164	83.7832	53.5134	-10.344	-0.0257082	126.927	132.62	0.957071
8896	0.00863656	0.228164	83.7826	53.5138	-10.348	-0.0257084	126.923	132.62	0.957042
8897	0.00863748	0.228163	83.782	53.5142	-10.3524	-0.0257086	126.918	132.619	0.95701
8898	0.00863839	0.228162	83.7813	53.5146	-10.3571	-0.0257087	126.913	132.619	0.956975
8899	0.00863931	0.228162	83.7807	53.515	-10.3621	-0.0257088	126.908	132.619	0.956938
8900	0.00864022	0.228161	83.7801	53.5154	-10.3673	-0.0257089	126.902	132.618	0.956899
8901	0.00864114	0.228161	83.7794	53.5158	-10.3727	-0.0257089	126.897	132.618	0.95686
8902	0.00864205	0.22816	83.7788	53.5162	-10.3784	-0.0257088	126.891	132.618	0.956818
8903	0.00864297	0.228159	83.7781	53.5166	-10.3849	-0.0257087	126.884	132.617	0.956769
8904	0.00864388	0.228159	83.7775	53.517	-10.3955	-0.0257085	126.873	132.617	0.956691
8905	0.0086448	0.228158	83.7768	53.5175	-10.4034	-0.0257082	126.865	132.616	0.956632
8906	0.00864571	0.228157	83.7762	53.5179	-10.4091	-0.0257079	126.859	132.616	0.95659
8907	0.00864663	0.228157	83.7755	53.5183	-10.4131	-0.0257076	126.855	132.616	0.956561
8908	0.00864754	0.228156	83.7749	53.5187	-10.4157	-0.0257073	126.852	132.615	0.956542
8909	0.00864846	0.228155	83.7742	53.5191	-10.4171	-0.0257069	126.851	132.615	0.956533
8910	0.00864937	0.228155	83.7735	53.5196	-10.4174	-0.0257066	126.85	132.615	0.956531
8911	0.00865029	0.228154	83.7729	53.52	-10.4168	-0.0257063	126.85	132.614	0.956536
8912	0.0086512	0.228153	83.7722	53.5204	-10.4154	-0.025706	126.852	132.614	0.956548
8913	0.00865212	0.228153	83.7715	53.5208	-10.4132	-0.0257058	126.853	132.613	0.956565
8914	0.00865304	0.228152	83.7709	53.5213	-10.4064	-0.0257057	126.86	132.613	0.956617
8915	0.00865395	0.228151	83.7702	53.5217	-10.3983	-0.0257055	126.868	132.613	0.95668
8916	0.00865487	0.228151	83.7695	53.5221	-10.39	-0.0257054	126.876	132.612	0.956744
8917	0.00865578	0.22815	83.7688	53.5226	-10.3817	-0.0257053	126.884	132.612	0.956807
8918	0.0086567	0.228149	83.7681	53.523	-10.3736	-0.0257051	126.892	132.612	0.956869
8919	0.00865761	0.228149	83.7675	53.5234	-10.3659	-0.0257051	126.899	132.611	0.956928
8920	0.00865853	0.228148	83.7668	53.5239	-10.3587	-0.025705	126.906	132.611	0.956983
8921	0.00865944	0.228147	83.7661	53.5243	-10.3522	-0.025705	126.913	132.61	0.957033
8922	0.00866036	0.228147	83.7654	53.5248	-10.3464	-0.0257051	126.918	132.61	0.957078
8923	0.00866127	0.228146	83.7647	53.5252	-10.3415	-0.0257052	126.923	132.61	0.957116
8924	0.00866219	0.228145	83.764	53.5257	-10.3375	-0.0257053	126.926	132.609	0.957147
8925	0.0086631	0.228145	83.7633	53.5261	-10.3345	-0.0257055	126.929	132.609	0.95717
8926	0.00866402	0.228144	83.7626	53.5265	-10.3325	-0.0257057	126.931	132.608	0.957186
8927	0.00866493	0.228143	83.7619	53.527	-10.3316	-0.025706	126.932	132.608	0.957194
8928	0.00866585	0.228143	83.7612	53.5274	-10.3317	-0.0257062	126.931	132.608	0.957194
8929	0.00866676	0.228142	83.7605	53.5279	-10.3329	-0.0257064	126.93	132.607	0.957186
8930	0.00866768	0.228141	83.7598	53.5283	-10.335	-0.0257066	126.927	132.607	0.957172
8931	0.00866859	0.228141	83.7591	53.5288	-10.3379	-0.0257068	126.924	132.606	0.957151
8932	0.0086695	0.22814	83.7584	53.5292	-10.3414	-0.0257069	126.921	132.606	0.957125
8933	0.00867042	0.228139	83.7577	53.5297	-10.3455	-0.025707	126.916	132.606	0.957095
8934	0.00867133	0.228139	83.757	53.5301	-10.35	-0.0257071	126.911	132.605	0.957062
8935	0.00867225	0.228138	83.7563	53.5306	-10.3548	-0.0257072	126.906	132.605	0.957027
8936	0.00867316	0.228137	83.7556	53.531	-10.3598	-0.0257072	126.901	132.604	0.95699
8937	0.00867408	0.228136	83.7549	53.5315	-10.365	-0.0257073	126.896	132.604	0.956953
8938	0.00867499	0.228136	83.7542	53.532	-10.3702	-0.0257072	126.89	132.604	0.956914
8939	0.00867591	0.228135	83.7535	53.5324	-10.3757	-0.0257072	126.885	132.603	0.956874
8940	0.00867683	0.228134	83.7528	53.5329	-10.3818	-0.0257071	126.878	132.603	0.956829
8941	0.00867774	0.228134	83.752	53.5333	-10.3923	-0.0257068	126.867	132.602	0.95675
8942	0.00867866	0.228133	83.7513	53.5338	-10.4001	-0.0257065	126.859	132.602	0.956693
8943	0.00867957	0.228132	83.7506	53.5342	-10.4057	-0.0257062	126.853	132.602	0.956651
8944	0.00868049	0.228132	83.7499	53.5347	-10.4095	-0.025706	126.849	132.601	0.956623
8945	0.0086814	0.228131	83.7492	53.5352	-10.4119	-0.0257057	126.847	132.601	0.956606
8946	0.00868232	0.22813	83.7485	53.5356	-10.4131	-0.0257054	126.845	132.6	0.956598
8947	0.00868323	0.228129	83.7477	53.5361	-10.4133	-0.0257051	126.845	132.6	0.956598
8948	0.00868415	0.228129	83.747	53.5365	-10.4125	-0.0257048	126.845	132.599	0.956605
8949	0.00868506	0.228128	83.7463	53.537	-10.4109	-0.0257046	126.847	132.599	0.956618
8950	0.00868598	0.228127	83.7456	53.5375	-10.4087	-0.0257043	126.849	132.599	0.956636
8951	0.00868689	0.228127	83.7448	53.5379	-10.4019	-0.0257042	126.855	132.598	0.956688
8952	0.00868781	0.228126	83.7441	53.5384	-10.3937	-0.0257041	126.863	132.598	0.956751
8953	0.00868872	0.228125	83.7434	53.5389	-10.3853	-0.025704	126.871	132.597	0.956816
8954	0.00868964	0.228124	83.7427	53.5393	-10.3769	-0.0257039	126.879	132.597	0.956879
8955	0.00869055	0.228124	83.7419	53.5398	-10.3688	-0.0257038	126.887	132.597	0.956941
8956	0.00869147	0.228123	83.7412	53.5402	-10.3611	-0.0257037	126.895	132.596	0.957001
8957	0.00869238	0.228122	83.7405	53.5407	-10.3539	-0.0257037	126.902	132.596	0.957056
8958	0.0086933	0.228122	83.7398	53.5412	-10.3473	-0.0257037	126.908	132.595	0.957107
8959	0.00869421	0.228121	83.739	53.5416	-10.3414	-0.0257037	126.914	132.595	0.957153
8960	0.00869513	0.22812	83.7383	53.5421	-10.3363	-0.0257039	126.918	132.595	0.957192
8961	0.00869604	0.22812	83.7376	53.5426	-10.3322	-0.025704	126.922	132.594	0.957224
8962	0.00869696	0.228119	83.7369	53.543	-10.329	-0.0257042	126.925	132.594	0.957249
8963	0.00869787	0.228118	83.7361	53.5435	-10.3268	-0.0257045	126.927	132.593	0.957267
8964	0.00869879	0.228117	83.7354	53.544	-10.3256	-0.0257047	126.928	132.593	0.957277
8965	0.0086997	0.228117	83.7347	53.5444	-10.3255	-0.025705	126.928	132.592	0.957279
8966	0.00870061	0.228116	83.734	53.5449	-10.3263	-0.0257053	126.927	132.592	0.957273
8967	0.00870153	0.228115	83.7332	53.5454	-10.3281	-0.0257055	126.925	132.592	0.957261
8968	0.00870244	0.228115	83.7325	53.5458	-10.3307	-0.0257057	126.922	132.591	0.957242
8969	0.00870336	0.228114	83.7318	53.5463	-10.334	-0.0257059	126.918	132.591	0.957218
8970	0.00870427	0.228113	83.731	53.5468	-10.3379	-0.0257061	126.914	132.59	0.95719
8971	0.00870519	0.228112	83.7303	53.5472	-10.3422	-0.0257063	126.91	132.59	0.957159
8972	0.0087061	0.228112	83.7296	53.5477	-10.3468	-0.0257064	126.905	132.59	0.957125
8973	0.00870702	0.228111	83.7289	53.5481	-10.3518	-0.0257064	126.9	132.589	0.957089
8974	0.00870793	0.22811	83.7281	53.5486	-10.3569	-0.0257065	126.894	132.589	0.957051
8975	0.00870885	0.22811	83.7274	53.5491	-10.3622	-0.0257064	126.889	132.588	0.957012
8976	0.00870976	0.228109	83.7267	53.5495	-10.3677	-0.0257064	126.883	132.588	0.956972
8977	0.00871068	0.228108	83.726	53.55	-10.3738	-0.0257062	126.876	132.587	0.956926
8978	0.00871159	0.228107	83.7253	53.5505	-10.3842	-0.0257059	126.866	132.587	0.956849
8979	0.00871251	0.228107	83.7245	53.5509	-10.3923	-0.0257056	126.857	132.587	0.956789
8980	0.00871342	0.228106	83.7238	53.5514	-10.3983	-0.0257053	126.851	132.586	0.956745
8981	0.00871434	0.228105	83.7231	53.5518	-10.4024	-0.0257049	126.847	132.586	0.956715
8982	0.00871525	0.228105	83.7224	53.5523	-10.405	-0.0257046	126.844	132.585	0.956696
8983	0.00871617	0.228104	83.7217	53.5527	-10.4065	-0.0257042	126.842	132.585	0.956686
8984	0.00871708	0.228103	83.721	53.5532	-10.4068	-0.0257039	126.842	132.585	0.956685
8985	0.008718	0.228102	83.7202	53.5537	-10.4062	-0.0257036	126.842	132.584	0.95669
8986	0.00871891	0.228102	83.7195	53.5541	-10.4047	-0.0257033	126.843	132.584	0.956703
8987	0.00871983	0.228101	83.7188	53.5546	-10.4024	-0.025703	126.845	132.583	0.956721
8988	0.00872074	0.2281	83.7181	53.555	-10.3957	-0.0257029	126.852	132.583	0.956772
8989	0.00872166	0.2281	83.7174	53.5555	-10.3874	-0.0257028	126.86	132.583	0.956836
8990	0.00872257	0.228099	83.7167	53.5559	-10.3789	-0.0257026	126.868	132.582	0.956901
8991	0.00872349	0.228098	83.716	53.5564	-10.3703	-0.0257025	126.876	132.582	0.956967
8992	0.0087244	0.228098	83.7153	53.5568	-10.362	-0.0257024	126.884	132.581	0.95703
8993	0.00872532	0.228097	83.7146	53.5573	-10.354	-0.0257023	126.892	132.581	0.957092
8994	0.00872623	0.228096	83.7138	53.5577	-10.3465	-0.0257023	126.899	132.581	0.957149
8995	0.00872715	0.228095	83.7131	53.5582	-10.3397	-0.0257023	126.906	132.58	0.957202
8996	0.00872806	0.228095	83.7124	53.5587	-10.3336	-0.0257024	126.912	132.58	0.957249
8997	0.00872898	0.228094	83.7117	53.5591	-10.3283	-0.0257026	126.917	132.579	0.95729
8998	0.00872989	0.228093	83.711	53.5596	-10.324	-0.0257028	126.921	132.579	0.957323
8999	0.00873081	0.228093	83.7103	53.56	-10.3206	-0.025703	126.924	132.579	0.95735
9000	0.00873172	0.228092	83.7096	53.5604	-10.3183	-0.0257032	126.926	132.578	0.957368
9001	0.00873264	0.228091	83.7089	53.5609	-10.317	-0.0257035	126.927	132.578	0.957379
9002	0.00873355	0.228091	83.7082	53.5613	-10.3168	-0.0257038	126.927	132.577	0.957382
9003	0.00873446	0.22809	83.7075	53.5618	-10.3176	-0.025704	126.926	132.577	0.957376
9004	0.00873538	0.228089	83.7068	53.5622	-10.3193	-0.0257043	126.924	132.577	0.957364
9005	0.00873629	0.228089	83.7061	53.5627	-10.3219	-0.0257045	126.921	132.576	0.957345
9006	0.00873721	0.228088	83.7054	53.5631	-10.3252	-0.0257047	126.918	132.576	0.957322
9007	0.00873812	0.228087	83.7048	53.5636	-10.3291	-0.0257049	126.914	132.575	0.957294
9008	0.00873904	0.228087	83.7041	53.564	-10.3333	-0.025705	126.909	132.575	0.957262
9009	0.00873995	0.228086	83.7034	53.5644	-10.3379	-0.0257051	126.904	132.575	0.957229
9010	0.00874087	0.228085	83.7027	53.5649	-10.3428	-0.0257052	126.899	132.574	0.957193
9011	0.00874178	0.228085	83.702	53.5653	-10.3478	-0.0257053	126.894	132.574	0.957156
9012	0.0087427	0.228084	83.7013	53.5658	-10.353	-0.0257053	126.888	132.573	0.957118
9013	0.00874361	0.228083	83.7006	53.5662	-10.3584	-0.0257052	126.883	132.573	0.957078
9014	0.00874453	0.228083	83.6999	53.5666	-10.3645	-0.0257051	126.876	132.573	0.957033
9015	0.00874544	0.228082	83.6993	53.5671	-10.375	-0.0257049	126.866	132.572	0.956955
9016	0.00874636	0.228081	83.6986	53.5675	-10.3827	-0.0257046	126.858	132.572	0.956897
9017	0.00874727	0.22808	83.6979	53.5679	-10.3883	-0.0257043	126.852	132.571	0.956856
9018	0.00874819	0.22808	83.6972	53.5684	-10.3921	-0.025704	126.848	132.571	0.956829
9019	0.0087491	0.228079	83.6966	53.5688	-10.3945	-0.0257037	126.845	132.571	0.956812
9020	0.00875002	0.228078	83.6959	53.5692	-10.3957	-0.0257034	126.844	132.57	0.956804
9021	0.00875093	0.228078	83.6952	53.5697	-10.3958	-0.0257031	126.843	132.57	0.956803
9022	0.00875185	0.228077	83.6945	53.5701	-10.3951	-0.0257028	126.844	132.57	0.95681
9023	0.00875276	0.228077	83.6939	53.5705	-10.3935	-0.0257025	126.845	132.569	0.956823
9024	0.00875368	0.228076	83.6932	53.5709	-10.3912	-0.0257023	126.847	132.569	0.956841
9025	0.00875459	0.228075	83.6925	53.5714	-10.3845	-0.0257021	126.854	132.568	0.956893
9026	0.00875551	0.228075	83.6919	53.5718	-10.3763	-0.025702	126.862	132.568	0.956956
9027	0.00875642	0.228074	83.6912	53.5722	-10.3678	-0.0257019	126.87	132.568	0.95702
9028	0.00875734	0.228073	83.6905	53.5726	-10.3595	-0.0257017	126.878	132.567	0.957084
9029	0.00875825	0.228073	83.6899	53.5731	-10.3513	-0.0257015	126.886	132.567	0.957147
9030	0.00875917	0.228072	83.6892	53.5735	-10.3436	-0.0257014	126.893	132.566	0.957206
9031	0.00876008	0.228071	83.6886	53.5739	-10.3363	-0.0257013	126.9	132.566	0.957262
9032	0.008761	0.228071	83.6879	53.5743	-10.3296	-0.0257013	126.907	132.566	0.957313
9033	0.00876191	0.22807	83.6872	53.5747	-10.3237	-0.0257013	126.913	132.565	0.957359
9034	0.00876282	0.228069	83.6866	53.5752	-10.3186	-0.0257014	126.917	132.565	0.957398
9035	0.00876374	0.228069	83.6859	53.5756	-10.3144	-0.0257016	126.921	132.565	0.957431
9036	0.00876465	0.228068	83.6853	53.576	-10.3111	-0.0257018	126.925	132.564	0.957457
9037	0.00876557	0.228067	83.6846	53.5764	-10.3087	-0.025702	126.927	132.564	0.957475
9038	0.00876648	0.228067	83.684	53.5768	-10.3074	-0.0257022	126.928	132.563	0.957486
9039	0.0087674	0.228066	83.6833	53.5772	-10.3071	-0.0257025	126.928	132.563	0.957489
9040	0.00876831	0.228066	83.6827	53.5776	-10.3079	-0.0257028	126.927	132.563	0.957484
9041	0.00876923	0.228065	83.6821	53.5781	-10.3095	-0.025703	126.925	132.562	0.957473
9042	0.00877014	0.228064	83.6814	53.5785	-10.312	-0.0257033	126.922	132.562	0.957455
9043	0.00877106	0.228064	83.6808	53.5789	-10.3151	-0.0257035	126.919	132.562	0.957433
9044	0.00877197	0.228063	83.6801	53.5793	-10.3188	-0.0257037	126.915	132.561	0.957405
9045	0.00877289	0.228062	83.6795	53.5797	-10.323	-0.0257038	126.911	132.561	0.957375
9046	0.0087738	0.228062	83.6789	53.5801	-10.3275	-0.025704	126.906	132.561	0.957342
9047	0.00877472	0.228061	83.6782	53.5805	-10.3323	-0.025704	126.901	132.56	0.957306
9048	0.00877563	0.228061	83.6776	53.5809	-10.3374	-0.0257041	126.895	132.56	0.957269
9049	0.00877655	0.22806	83.677	53.5813	-10.3426	-0.0257041	126.89	132.559	0.957231
9050	0.00877746	0.228059	83.6764	53.5817	-10.3482	-0.0257041	126.884	132.559	0.957189
9051	0.00877838	0.228059	83.6757	53.5821	-10.3551	-0.0257039	126.877	132.559	0.957138
9052	0.00877929	0.228058	83.6751	53.5825	-10.3653	-0.0257037	126.867	132.558	0.957062
9053	0.00878021	0.228057	83.6745	53.5829	-10.3729	-0.0257034	126.859	132.558	0.957006
9054	0.00878112	0.228057	83.6739	53.5833	-10.3784	-0.0257031	126.853	132.558	0.956965
9055	0.00878203	0.228056	83.6732	53.5837	-10.3821	-0.0257028	126.849	132.557	0.956938
9056	0.00878295	0.228056	83.6726	53.5841	-10.3845	-0.0257024	126.846	132.557	0.956921
9057	0.00878386	0.228055	83.672	53.5845	-10.3857	-0.0257021	126.845	132.557	0.956913
9058	0.00878478	0.228054	83.6714	53.5849	-10.3858	-0.0257018	126.845	132.556	0.956912
9059	0.00878569	0.228054	83.6708	53.5853	-10.385	-0.0257015	126.845	132.556	0.956919
9060	0.00878661	0.228053	83.6702	53.5857	-10.3833	-0.0257012	126.847	132.556	0.956933
9061	0.00878752	0.228053	83.6696	53.586	-10.3809	-0.025701	126.849	132.555	0.956952
9062	0.00878844	0.228052	83.6689	53.5864	-10.374	-0.0257009	126.856	132.555	0.957005
9063	0.00878935	0.228051	83.6683	53.5868	-10.3655	-0.0257008	126.864	132.555	0.95707
9064	0.00879027	0.228051	83.6677	53.5872	-10.3569	-0.0257006	126.872	132.554	0.957135
9065	0.00879118	0.22805	83.6671	53.5876	-10.3484	-0.0257005	126.881	132.554	0.957201
9066	0.0087921	0.22805	83.6665	53.588	-10.3401	-0.0257004	126.889	132.553	0.957265
9067	0.00879301	0.228049	83.6659	53.5884	-10.3321	-0.0257004	126.897	132.553	0.957326
9068	0.00879393	0.228048	83.6653	53.5887	-10.3246	-0.0257003	126.904	132.553	0.957383
9069	0.00879484	0.228048	83.6647	53.5891	-10.3178	-0.0257004	126.91	132.552	0.957435
9070	0.00879576	0.228047	83.6641	53.5895	-10.3118	-0.0257005	126.916	132.552	0.957481
9071	0.00879667	0.228047	83.6635	53.5899	-10.3066	-0.0257006	126.921	132.552	0.957521
9072	0.00879759	0.228046	83.663	53.5903	-10.3024	-0.0257008	126.925	132.551	0.957554
9073	0.0087985	0.228046	83.6624	53.5906	-10.2992	-0.025701	126.928	132.551	0.957579
9074	0.00879941	0.228045	83.6618	53.591	-10.2969	-0.0257012	126.93	132.551	0.957597
9075	0.00880033	0.228044	83.6612	53.5914	-10.2958	-0.0257015	126.931	132.55	0.957606
9076	0.00880124	0.228044	83.6606	53.5918	-10.2957	-0.0257017	126.931	132.55	0.957607
9077	0.00880216	0.228043	83.66	53.5921	-10.2967	-0.025702	126.93	132.55	0.957601
9078	0.00880307	0.228043	83.6594	53.5925	-10.2986	-0.0257022	126.928	132.549	0.957587
9079	0.00880399	0.228042	83.6588	53.5929	-10.3013	-0.0257024	126.925	132.549	0.957568
9080	0.0088049	0.228041	83.6583	53.5933	-10.3047	-0.0257026	126.921	132.549	0.957543
9081	0.00880582	0.228041	83.6577	53.5936	-10.3087	-0.0257027	126.917	132.548	0.957513
9082	0.00880673	0.22804	83.6571	53.594	-10.3131	-0.0257028	126.912	132.548	0.957481
9083	0.00880765	0.22804	83.6565	53.5944	-10.3179	-0.0257029	126.907	132.548	0.957446
9084	0.00880856	0.228039	83.656	53.5947	-10.3229	-0.025703	126.902	132.547	0.957409
9085	0.00880948	0.228039	83.6554	53.5951	-10.3281	-0.025703	126.897	132.547	0.95737
9086	0.00881039	0.228038	83.6548	53.5955	-10.3336	-0.025703	126.891	132.547	0.95733
9087	0.00881131	0.228038	83.6542	53.5958	-10.3395	-0.0257029	126.885	132.546	0.957286
9088	0.00881222	0.228037	83.6537	53.5962	-10.3477	-0.0257027	126.876	132.546	0.957225
9089	0.00881314	0.228036	83.6531	53.5966	-10.3572	-0.0257024	126.867	132.546	0.957154
9090	0.00881405	0.228036	83.6525	53.5969	-10.3642	-0.0257022	126.86	132.545	0.957102
9091	0.00881496	0.228035	83.652	53.5973	-10.3693	-0.0257019	126.854	132.545	0.957065
9092	0.00881588	0.228035	83.6514	53.5976	-10.3727	-0.0257016	126.851	132.545	0.95704
9093	0.00881679	0.228034	83.6508	53.598	-10.3747	-0.0257013	126.848	132.545	0.957025
9094	0.00881771	0.228034	83.6503	53.5984	-10.3756	-0.025701	126.847	132.544	0.957019
9095	0.00881862	0.228033	83.6497	53.5987	-10.3754	-0.0257007	126.847	132.544	0.957021
9096	0.00881954	0.228033	83.6492	53.5991	-10.3744	-0.0257004	126.848	132.544	0.95703
9097	0.00882045	0.228032	83.6486	53.5994	-10.3726	-0.0257002	126.85	132.543	0.957045
9098	0.00882137	0.228031	83.648	53.5998	-10.37	-0.0256999	126.852	132.543	0.957064
9099	0.00882228	0.228031	83.6475	53.6001	-10.3627	-0.0256998	126.859	132.543	0.95712
9100	0.0088232	0.22803	83.6469	53.6005	-10.3543	-0.0256997	126.867	132.542	0.957185
9101	0.00882411	0.22803	83.6464	53.6008	-10.3457	-0.0256996	126.876	132.542	0.95725
9102	0.00882503	0.228029	83.6458	53.6012	-10.3373	-0.0256995	126.884	132.542	0.957315
9103	0.00882594	0.228029	83.6453	53.6016	-10.3291	-0.0256994	126.892	132.541	0.957377
9104	0.00882686	0.228028	83.6447	53.6019	-10.3213	-0.0256993	126.9	132.541	0.957437
9105	0.00882777	0.228028	83.6442	53.6023	-10.314	-0.0256993	126.907	132.541	0.957492
9106	0.00882869	0.228027	83.6436	53.6026	-10.3075	-0.0256993	126.913	132.54	0.957543
9107	0.0088296	0.228027	83.6431	53.6029	-10.3017	-0.0256994	126.919	132.54	0.957587
9108	0.00883051	0.228026	83.6426	53.6033	-10.2967	-0.0256995	126.923	132.54	0.957625
9109	0.00883143	0.228025	83.642	53.6036	-10.2927	-0.0256997	126.927	132.539	0.957657
9110	0.00883234	0.228025	83.6415	53.604	-10.2896	-0.0256999	126.93	132.539	0.95768
9111	0.00883326	0.228024	83.6409	53.6043	-10.2875	-0.0257001	126.932	132.539	0.957697
9112	0.00883417	0.228024	83.6404	53.6047	-10.2865	-0.0257004	126.933	132.539	0.957705
9113	0.00883509	0.228023	83.6399	53.605	-10.2866	-0.0257006	126.933	132.538	0.957706
9114	0.008836	0.228023	83.6393	53.6054	-10.2876	-0.0257009	126.931	132.538	0.957699
9115	0.00883692	0.228022	83.6388	53.6057	-10.2895	-0.0257012	126.929	132.538	0.957685
9116	0.00883783	0.228022	83.6383	53.606	-10.2923	-0.0257014	126.926	132.537	0.957665
9117	0.00883875	0.228021	83.6377	53.6064	-10.2957	-0.0257016	126.923	132.537	0.95764
9118	0.00883966	0.228021	83.6372	53.6067	-10.2997	-0.0257018	126.919	132.537	0.957611
9119	0.00884058	0.22802	83.6367	53.6071	-10.3041	-0.0257019	126.914	132.536	0.957578
9120	0.00884149	0.22802	83.6361	53.6074	-10.3088	-0.0257021	126.909	132.536	0.957543
9121	0.00884241	0.228019	83.6356	53.6077	-10.3139	-0.0257021	126.904	132.536	0.957506
9122	0.00884332	0.228019	83.6351	53.6081	-10.3192	-0.0257022	126.898	132.535	0.957466
9123	0.00884424	0.228018	83.6346	53.6084	-10.3248	-0.0257022	126.892	132.535	0.957424
9124	0.00884515	0.228018	83.634	53.6087	-10.3313	-0.0257021	126.886	132.535	0.957377
9125	0.00884606	0.228017	83.6335	53.6091	-10.3423	-0.0257018	126.875	132.535	0.957294
9126	0.00884698	0.228017	83.633	53.6094	-10.3509	-0.0257016	126.866	132.534	0.95723
9127	0.00884789	0.228016	83.6325	53.6097	-10.3574	-0.0257013	126.859	132.534	0.957182
9128	0.00884881	0.228016	83.6319	53.6101	-10.3619	-0.0257009	126.854	132.534	0.957148
9129	0.00884972	0.228015	83.6314	53.6104	-10.365	-0.0257006	126.851	132.533	0.957126
9130	0.00885064	0.228015	83.6309	53.6107	-10.3669	-0.0257003	126.849	132.533	0.957113
9131	0.00885155	0.228014	83.6304	53.6111	-10.3676	-0.0257	126.848	132.533	0.957108
9132	0.00885247	0.228014	83.6299	53.6114	-10.3673	-0.0256996	126.848	132.533	0.95711
9133	0.00885338	0.228013	83.6294	53.6117	-10.3662	-0.0256993	126.849	132.532	0.95712
9134	0.0088543	0.228012	83.6288	53.6121	-10.3642	-0.0256991	126.851	132.532	0.957135
9135	0.00885521	0.228012	83.6283	53.6124	-10.3588	-0.0256989	126.856	132.532	0.957177
9136	0.00885613	0.228011	83.6278	53.6127	-10.3507	-0.0256988	126.864	132.531	0.957238
9137	0.00885704	0.228011	83.6273	53.6131	-10.3423	-0.0256987	126.872	132.531	0.957303
9138	0.00885796	0.22801	83.6268	53.6134	-10.3339	-0.0256985	126.881	132.531	0.957367
9139	0.00885887	0.22801	83.6263	53.6137	-10.3256	-0.0256984	126.889	132.53	0.95743
9140	0.00885978	0.228009	83.6257	53.614	-10.3177	-0.0256983	126.896	132.53	0.957491
9141	0.0088607	0.228009	83.6252	53.6144	-10.3101	-0.0256983	126.904	132.53	0.957548
9142	0.00886161	0.228008	83.6247	53.6147	-10.3032	-0.0256983	126.91	132.53	0.957601
9143	0.00886253	0.228008	83.6242	53.615	-10.297	-0.0256984	126.917	132.529	0.957649
9144	0.00886344	0.228007	83.6237	53.6154	-10.2916	-0.0256985	126.922	132.529	0.95769
9145	0.00886436	0.228007	83.6232	53.6157	-10.2872	-0.0256987	126.926	132.529	0.957725
9146	0.00886527	0.228006	83.6227	53.616	-10.2837	-0.0256989	126.929	132.528	0.957752
9147	0.00886619	0.228006	83.6221	53.6163	-10.2812	-0.0256991	126.932	132.528	0.957771
9148	0.0088671	0.228005	83.6216	53.6167	-10.2797	-0.0256994	126.933	132.528	0.957783
9149	0.00886802	0.228005	83.6211	53.617	-10.2794	-0.0256997	126.933	132.528	0.957786
9150	0.00886893	0.228004	83.6206	53.6173	-10.2801	-0.0256999	126.932	132.527	0.957781
9151	0.00886985	0.228004	83.6201	53.6177	-10.2818	-0.0257001	126.93	132.527	0.957769
9152	0.00887076	0.228003	83.6196	53.618	-10.2844	-0.0257004	126.927	132.527	0.957751
9153	0.00887168	0.228003	83.6191	53.6183	-10.2877	-0.0257006	126.924	132.526	0.957726
9154	0.00887259	0.228002	83.6186	53.6186	-10.2917	-0.0257007	126.92	132.526	0.957697
9155	0.0088735	0.228002	83.618	53.619	-10.2961	-0.0257009	126.915	132.526	0.957664
9156	0.00887442	0.228001	83.6175	53.6193	-10.301	-0.025701	126.91	132.525	0.957629
9157	0.00887533	0.228001	83.617	53.6196	-10.3061	-0.0257011	126.905	132.525	0.95759
9158	0.00887625	0.228	83.6165	53.62	-10.3116	-0.0257011	126.899	132.525	0.95755
9159	0.00887716	0.228	83.616	53.6203	-10.3174	-0.0257011	126.893	132.525	0.957507
9160	0.00887808	0.227999	83.6155	53.6206	-10.324	-0.025701	126.886	132.524	0.957458
9161	0.00887899	0.227999	83.6149	53.6209	-10.3345	-0.0257008	126.876	132.524	0.957379
9162	0.00887991	0.227998	83.6144	53.6213	-10.3436	-0.0257005	126.866	132.524	0.957311
9163	0.00888082	0.227998	83.6139	53.6216	-10.3506	-0.0257003	126.859	132.523	0.957259
9164	0.00888174	0.227997	83.6134	53.6219	-10.3556	-0.0257	126.854	132.523	0.957222
9165	0.00888265	0.227997	83.6129	53.6223	-10.3591	-0.0256997	126.85	132.523	0.957197
9166	0.00888357	0.227996	83.6123	53.6226	-10.3612	-0.0256994	126.848	132.522	0.957181
9167	0.00888448	0.227996	83.6118	53.6229	-10.3623	-0.0256991	126.847	132.522	0.957174
9168	0.0088854	0.227995	83.6113	53.6233	-10.3622	-0.0256988	126.847	132.522	0.957175
9169	0.00888631	0.227995	83.6108	53.6236	-10.3613	-0.0256985	126.847	132.522	0.957183
9170	0.00888723	0.227994	83.6103	53.6239	-10.3596	-0.0256982	126.849	132.521	0.957197
9171	0.00888814	0.227994	83.6097	53.6243	-10.356	-0.025698	126.852	132.521	0.957225
9172	0.00888905	0.227993	83.6092	53.6246	-10.3483	-0.025698	126.86	132.521	0.957283
9173	0.00888997	0.227993	83.6087	53.6249	-10.3399	-0.0256979	126.868	132.52	0.957347
9174	0.00889088	0.227992	83.6082	53.6253	-10.3314	-0.0256978	126.876	132.52	0.957412
9175	0.0088918	0.227992	83.6076	53.6256	-10.3231	-0.0256976	126.884	132.52	0.957476
9176	0.00889271	0.227991	83.6071	53.626	-10.315	-0.0256976	126.892	132.519	0.957537
9177	0.00889363	0.227991	83.6066	53.6263	-10.3073	-0.0256975	126.9	132.519	0.957596
9178	0.00889454	0.22799	83.606	53.6266	-10.3002	-0.0256975	126.907	132.519	0.957651
9179	0.00889546	0.22799	83.6055	53.627	-10.2938	-0.0256976	126.913	132.519	0.9577
9180	0.00889637	0.227989	83.605	53.6273	-10.2881	-0.0256977	126.918	132.518	0.957743
9181	0.00889729	0.227989	83.6044	53.6277	-10.2834	-0.0256978	126.923	132.518	0.95778
9182	0.0088982	0.227988	83.6039	53.628	-10.2796	-0.025698	126.927	132.518	0.957809
9183	0.00889912	0.227987	83.6034	53.6283	-10.2768	-0.0256983	126.929	132.517	0.957831
9184	0.00890003	0.227987	83.6028	53.6287	-10.275	-0.0256985	126.931	132.517	0.957845
9185	0.00890094	0.227986	83.6023	53.629	-10.2743	-0.0256988	126.931	132.517	0.957851
9186	0.00890186	0.227986	83.6018	53.6294	-10.2748	-0.0256991	126.931	132.516	0.957849
9187	0.00890277	0.227985	83.6012	53.6297	-10.2762	-0.0256993	126.929	132.516	0.957838
9188	0.00890369	0.227985	83.6007	53.6301	-10.2786	-0.0256995	126.926	132.516	0.957821
9189	0.0089046	0.227984	83.6001	53.6304	-10.2817	-0.0256998	126.923	132.516	0.957798
9190	0.00890552	0.227984	83.5996	53.6308	-10.2856	-0.0257	126.919	132.515	0.95777
9191	0.00890643	0.227983	83.599	53.6311	-10.29	-0.0257001	126.914	132.515	0.957737
9192	0.00890735	0.227983	83.5985	53.6315	-10.2948	-0.0257002	126.909	132.515	0.957702
9193	0.00890826	0.227982	83.5979	53.6318	-10.3001	-0.0257003	126.904	132.514	0.957663
9194	0.00890918	0.227982	83.5974	53.6322	-10.3056	-0.0257004	126.898	132.514	0.957622
9195	0.00891009	0.227981	83.5968	53.6325	-10.3116	-0.0257004	126.892	132.514	0.957578
9196	0.00891101	0.22798	83.5963	53.6329	-10.3181	-0.0257003	126.885	132.513	0.957529
9197	0.00891192	0.22798	83.5957	53.6332	-10.3272	-0.0257001	126.876	132.513	0.957461
9198	0.00891284	0.227979	83.5952	53.6336	-10.3375	-0.0256999	126.866	132.513	0.957384
9199	0.00891375	0.227979	83.5946	53.634	-10.3454	-0.0256996	126.858	132.512	0.957326
9200	0.00891467	0.227978	83.594	53.6343	-10.3512	-0.0256992	126.851	132.512	0.957282
9201	0.00891558	0.227978	83.5935	53.6347	-10.3554	-0.0256989	126.847	132.512	0.957252
9202	0.00891649	0.227977	83.5929	53.635	-10.3582	-0.0256986	126.844	132.511	0.957231
9203	0.00891741	0.227977	83.5924	53.6354	-10.3598	-0.0256982	126.842	132.511	0.95722
9204	0.00891832	0.227976	83.5918	53.6357	-10.3603	-0.0256979	126.842	132.511	0.957217
9205	0.00891924	0.227976	83.5912	53.6361	-10.3599	-0.0256976	126.842	132.51	0.957221
9206	0.00892015	0.227975	83.5907	53.6365	-10.3585	-0.0256973	126.843	132.51	0.957232
9207	0.00892107	0.227974	83.5901	53.6368	-10.3564	-0.0256971	126.845	132.51	0.957248
9208	0.00892198	0.227974	83.5895	53.6372	-10.3498	-0.025697	126.851	132.509	0.957299
9209	0.0089229	0.227973	83.5889	53.6376	-10.3416	-0.0256969	126.859	132.509	0.957362
9210	0.00892381	0.227973	83.5884	53.6379	-10.3333	-0.0256967	126.867	132.509	0.957426
9211	0.00892473	0.227972	83.5878	53.6383	-10.3249	-0.0256966	126.876	132.508	0.95749
9212	0.00892564	0.227972	83.5872	53.6387	-10.3167	-0.0256965	126.883	132.508	0.957552
9213	0.00892656	0.227971	83.5866	53.639	-10.3089	-0.0256965	126.891	132.508	0.957612
9214	0.00892747	0.22797	83.5861	53.6394	-10.3017	-0.0256964	126.898	132.507	0.957668
9215	0.00892838	0.22797	83.5855	53.6398	-10.295	-0.0256965	126.905	132.507	0.957719
9216	0.0089293	0.227969	83.5849	53.6402	-10.2891	-0.0256966	126.91	132.507	0.957764
9217	0.00893021	0.227969	83.5843	53.6405	-10.2841	-0.0256967	126.915	132.506	0.957803
9218	0.00893113	0.227968	83.5837	53.6409	-10.28	-0.0256969	126.919	132.506	0.957834
9219	0.00893204	0.227968	83.5831	53.6413	-10.2769	-0.0256971	126.922	132.506	0.957858
9220	0.00893296	0.227967	83.5825	53.6417	-10.2748	-0.0256974	126.924	132.505	0.957875
9221	0.00893387	0.227966	83.5819	53.6421	-10.2738	-0.0256977	126.924	132.505	0.957883
9222	0.00893479	0.227966	83.5813	53.6424	-10.2739	-0.0256979	126.924	132.505	0.957884
9223	0.0089357	0.227965	83.5808	53.6428	-10.2751	-0.0256982	126.923	132.504	0.957876
9224	0.00893662	0.227965	83.5802	53.6432	-10.2771	-0.0256984	126.921	132.504	0.957861
9225	0.00893753	0.227964	83.5796	53.6436	-10.2801	-0.0256987	126.917	132.504	0.95784
9226	0.00893844	0.227963	83.579	53.644	-10.2837	-0.0256989	126.914	132.503	0.957813
9227	0.00893936	0.227963	83.5783	53.6444	-10.2879	-0.0256991	126.909	132.503	0.957782
9228	0.00894027	0.227962	83.5777	53.6447	-10.2926	-0.0256992	126.904	132.503	0.957748
9229	0.00894119	0.227962	83.5771	53.6451	-10.2977	-0.0256994	126.899	132.502	0.95771
9230	0.0089421	0.227961	83.5765	53.6455	-10.3031	-0.0256994	126.893	132.502	0.95767
9231	0.00894302	0.22796	83.5759	53.6459	-10.3089	-0.0256995	126.887	132.502	0.957627
9232	0.00894393	0.22796	83.5753	53.6463	-10.3152	-0.0256995	126.881	132.501	0.957581
9233	0.00894485	0.227959	83.5747	53.6467	-10.323	-0.0256994	126.873	132.501	0.957522
9234	0.00894576	0.227959	83.5741	53.6471	-10.334	-0.0256992	126.861	132.501	0.95744
9235	0.00894668	0.227958	83.5734	53.6475	-10.3425	-0.0256989	126.853	132.5	0.957377
9236	0.00894759	0.227957	83.5728	53.6479	-10.3489	-0.0256986	126.846	132.5	0.95733
9237	0.00894851	0.227957	83.5722	53.6483	-10.3535	-0.0256983	126.841	132.5	0.957296
9238	0.00894942	0.227956	83.5716	53.6487	-10.3568	-0.025698	126.838	132.499	0.957272
9239	0.00895034	0.227956	83.5709	53.6491	-10.3588	-0.0256977	126.836	132.499	0.957258
9240	0.00895125	0.227955	83.5703	53.6495	-10.3597	-0.0256973	126.834	132.498	0.957252
9241	0.00895217	0.227954	83.5697	53.6499	-10.3597	-0.025697	126.834	132.498	0.957253
9242	0.00895308	0.227954	83.5691	53.6503	-10.3587	-0.0256967	126.835	132.498	0.957261
9243	0.008954	0.227953	83.5684	53.6507	-10.3571	-0.0256965	126.836	132.497	0.957274
9244	0.00895491	0.227952	83.5678	53.6511	-10.3515	-0.0256963	126.842	132.497	0.957317
9245	0.00895582	0.227952	83.5671	53.6515	-10.3438	-0.0256962	126.849	132.497	0.957377
9246	0.00895674	0.227951	83.5665	53.6519	-10.3357	-0.0256961	126.857	132.496	0.957439
9247	0.00895765	0.227951	83.5658	53.6524	-10.3275	-0.0256959	126.865	132.496	0.957501
9248	0.00895857	0.22795	83.5652	53.6528	-10.3195	-0.0256958	126.873	132.496	0.957562
9249	0.00895948	0.227949	83.5646	53.6532	-10.3119	-0.0256957	126.88	132.495	0.957621
9250	0.0089604	0.227949	83.5639	53.6536	-10.3047	-0.0256957	126.887	132.495	0.957676
9251	0.00896131	0.227948	83.5632	53.654	-10.298	-0.0256957	126.894	132.494	0.957727
9252	0.00896223	0.227947	83.5626	53.6544	-10.2921	-0.0256958	126.899	132.494	0.957773
9253	0.00896314	0.227947	83.5619	53.6549	-10.287	-0.0256959	126.904	132.494	0.957812
9254	0.00896406	0.227946	83.5613	53.6553	-10.2828	-0.025696	126.908	132.493	0.957845
9255	0.00896497	0.227945	83.5606	53.6557	-10.2796	-0.0256963	126.911	132.493	0.95787
9256	0.00896588	0.227945	83.56	53.6561	-10.2774	-0.0256965	126.913	132.493	0.957888
9257	0.0089668	0.227944	83.5593	53.6565	-10.2762	-0.0256968	126.914	132.492	0.957898
9258	0.00896771	0.227943	83.5586	53.657	-10.2761	-0.025697	126.914	132.492	0.957899
9259	0.00896863	0.227943	83.5579	53.6574	-10.2771	-0.0256973	126.913	132.491	0.957893
9260	0.00896954	0.227942	83.5573	53.6578	-10.279	-0.0256975	126.91	132.491	0.957879
9261	0.00897046	0.227942	83.5566	53.6583	-10.2818	-0.0256978	126.907	132.491	0.957859
9262	0.00897137	0.227941	83.5559	53.6587	-10.2853	-0.025698	126.904	132.49	0.957833
9263	0.00897229	0.22794	83.5552	53.6591	-10.2895	-0.0256982	126.899	132.49	0.957803
9264	0.0089732	0.22794	83.5546	53.6596	-10.2942	-0.0256983	126.894	132.489	0.957768
9265	0.00897412	0.227939	83.5539	53.66	-10.2993	-0.0256984	126.889	132.489	0.957731
9266	0.00897503	0.227938	83.5532	53.6604	-10.3047	-0.0256985	126.883	132.489	0.957691
9267	0.00897595	0.227937	83.5525	53.6609	-10.3105	-0.0256986	126.877	132.488	0.957648
9268	0.00897686	0.227937	83.5518	53.6613	-10.3168	-0.0256985	126.871	132.488	0.957601
9269	0.00897777	0.227936	83.5511	53.6618	-10.3244	-0.0256985	126.863	132.488	0.957545
9270	0.00897869	0.227935	83.5504	53.6622	-10.3358	-0.0256982	126.851	132.487	0.95746
9271	0.0089796	0.227935	83.5497	53.6627	-10.3446	-0.0256979	126.842	132.487	0.957395
9272	0.00898052	0.227934	83.549	53.6631	-10.3512	-0.0256976	126.835	132.486	0.957345
9273	0.00898143	0.227933	83.5483	53.6636	-10.3561	-0.0256973	126.83	132.486	0.95731
9274	0.00898235	0.227933	83.5476	53.664	-10.3595	-0.025697	126.826	132.486	0.957285
9275	0.00898326	0.227932	83.5469	53.6645	-10.3616	-0.0256967	126.824	132.485	0.95727
9276	0.00898418	0.227931	83.5462	53.6649	-10.3626	-0.0256964	126.823	132.485	0.957264
9277	0.00898509	0.227931	83.5455	53.6654	-10.3626	-0.0256961	126.823	132.484	0.957265
9278	0.00898601	0.22793	83.5448	53.6658	-10.3617	-0.0256958	126.823	132.484	0.957272
9279	0.00898692	0.227929	83.5441	53.6663	-10.3601	-0.0256955	126.825	132.484	0.957286
9280	0.00898784	0.227929	83.5434	53.6667	-10.3549	-0.0256954	126.83	132.483	0.957326
9281	0.00898875	0.227928	83.5427	53.6672	-10.3471	-0.0256953	126.837	132.483	0.957386
9282	0.00898967	0.227927	83.5419	53.6676	-10.3389	-0.0256952	126.845	132.482	0.957449
9283	0.00899058	0.227926	83.5412	53.6681	-10.3307	-0.0256951	126.853	132.482	0.957511
9284	0.00899149	0.227926	83.5405	53.6686	-10.3227	-0.025695	126.861	132.481	0.957573
9285	0.00899241	0.227925	83.5398	53.669	-10.315	-0.0256949	126.868	132.481	0.957632
9286	0.00899332	0.227924	83.539	53.6695	-10.3077	-0.0256949	126.875	132.481	0.957688
9287	0.00899424	0.227924	83.5383	53.67	-10.3011	-0.0256949	126.882	132.48	0.957739
9288	0.00899515	0.227923	83.5376	53.6704	-10.2952	-0.0256949	126.887	132.48	0.957785
9289	0.00899607	0.227922	83.5369	53.6709	-10.2901	-0.025695	126.892	132.479	0.957824
9290	0.00899698	0.227921	83.5361	53.6714	-10.2859	-0.0256952	126.896	132.479	0.957857
9291	0.0089979	0.227921	83.5354	53.6718	-10.2827	-0.0256954	126.899	132.479	0.957882
9292	0.00899881	0.22792	83.5346	53.6723	-10.2805	-0.0256956	126.901	132.478	0.957899
9293	0.00899973	0.227919	83.5339	53.6728	-10.2794	-0.0256958	126.902	132.478	0.957909
9294	0.00900064	0.227918	83.5332	53.6733	-10.2794	-0.0256961	126.901	132.477	0.95791
9295	0.00900155	0.227918	83.5324	53.6737	-10.2804	-0.0256963	126.9	132.477	0.957904
9296	0.00900247	0.227917	83.5317	53.6742	-10.2824	-0.0256966	126.898	132.476	0.95789
9297	0.00900338	0.227916	83.5309	53.6747	-10.2852	-0.0256968	126.895	132.476	0.957869
9298	0.0090043	0.227916	83.5302	53.6752	-10.2888	-0.025697	126.891	132.476	0.957843
9299	0.00900521	0.227915	83.5294	53.6757	-10.293	-0.0256971	126.886	132.475	0.957813
9300	0.00900613	0.227914	83.5287	53.6761	-10.2977	-0.0256973	126.881	132.475	0.957778
9301	0.00900704	0.227913	83.5279	53.6766	-10.3028	-0.0256974	126.876	132.474	0.957741
9302	0.00900796	0.227913	83.5271	53.6771	-10.3083	-0.0256975	126.87	132.474	0.957701
9303	0.00900887	0.227912	83.5264	53.6776	-10.3141	-0.0256975	126.864	132.473	0.957658
9304	0.00900979	0.227911	83.5256	53.6781	-10.3203	-0.0256975	126.858	132.473	0.957612
9305	0.0090107	0.22791	83.5248	53.6786	-10.3275	-0.0256975	126.85	132.473	0.957559
9306	0.00901162	0.22791	83.5241	53.6791	-10.3391	-0.0256972	126.838	132.472	0.957472
9307	0.00901253	0.227909	83.5233	53.6796	-10.3481	-0.0256969	126.829	132.472	0.957406
9308	0.00901345	0.227908	83.5225	53.6801	-10.3549	-0.0256967	126.822	132.471	0.957355
9309	0.00901436	0.227907	83.5218	53.6806	-10.3599	-0.0256964	126.817	132.471	0.957319
9310	0.00901527	0.227907	83.521	53.681	-10.3634	-0.0256961	126.813	132.47	0.957294
9311	0.00901619	0.227906	83.5202	53.6815	-10.3656	-0.0256957	126.81	132.47	0.957278
9312	0.0090171	0.227905	83.5194	53.682	-10.3668	-0.0256954	126.809	132.469	0.95727
9313	0.00901802	0.227904	83.5187	53.6825	-10.3669	-0.0256951	126.809	132.469	0.95727
9314	0.00901893	0.227903	83.5179	53.683	-10.3661	-0.0256949	126.809	132.469	0.957277
9315	0.00901985	0.227903	83.5171	53.6835	-10.3646	-0.0256946	126.81	132.468	0.95729
9316	0.00902076	0.227902	83.5163	53.684	-10.3598	-0.0256944	126.815	132.468	0.957327
9317	0.00902168	0.227901	83.5155	53.6845	-10.3521	-0.0256943	126.822	132.467	0.957387
9318	0.00902259	0.2279	83.5147	53.6851	-10.344	-0.0256942	126.83	132.467	0.957449
9319	0.00902351	0.2279	83.5139	53.6856	-10.3358	-0.0256941	126.838	132.466	0.957512
9320	0.00902442	0.227899	83.5131	53.6861	-10.3277	-0.025694	126.846	132.466	0.957574
9321	0.00902534	0.227898	83.5123	53.6866	-10.32	-0.0256939	126.853	132.465	0.957633
9322	0.00902625	0.227897	83.5115	53.6871	-10.3126	-0.0256938	126.86	132.465	0.95769
9323	0.00902716	0.227896	83.5108	53.6876	-10.3058	-0.0256938	126.867	132.464	0.957742
9324	0.00902808	0.227896	83.51	53.6881	-10.2998	-0.0256939	126.873	132.464	0.957789
9325	0.00902899	0.227895	83.5091	53.6886	-10.2945	-0.025694	126.878	132.464	0.95783
9326	0.00902991	0.227894	83.5083	53.6891	-10.2901	-0.0256942	126.882	132.463	0.957864
9327	0.00903082	0.227893	83.5075	53.6896	-10.2867	-0.0256944	126.885	132.463	0.957891
9328	0.00903174	0.227892	83.5067	53.6902	-10.2843	-0.0256946	126.887	132.462	0.95791
9329	0.00903265	0.227892	83.5059	53.6907	-10.283	-0.0256948	126.888	132.462	0.957922
9330	0.00903357	0.227891	83.5051	53.6912	-10.2828	-0.0256951	126.888	132.461	0.957924
9331	0.00903448	0.22789	83.5043	53.6917	-10.2836	-0.0256954	126.887	132.461	0.957919
9332	0.00903539	0.227889	83.5035	53.6922	-10.2855	-0.0256956	126.885	132.46	0.957906
9333	0.00903631	0.227888	83.5027	53.6928	-10.2882	-0.0256958	126.882	132.46	0.957887
9334	0.00903722	0.227888	83.5019	53.6933	-10.2917	-0.025696	126.878	132.459	0.957861
9335	0.00903814	0.227887	83.5011	53.6938	-10.2959	-0.0256962	126.873	132.459	0.957831
9336	0.00903905	0.227886	83.5002	53.6943	-10.3006	-0.0256963	126.868	132.458	0.957796
9337	0.00903997	0.227885	83.4994	53.6948	-10.3058	-0.0256964	126.863	132.458	0.957759
9338	0.00904088	0.227884	83.4986	53.6954	-10.3113	-0.0256965	126.857	132.457	0.957718
9339	0.0090418	0.227884	83.4978	53.6959	-10.3172	-0.0256966	126.851	132.457	0.957675
9340	0.00904271	0.227883	83.4969	53.6964	-10.3234	-0.0256965	126.844	132.457	0.957629
9341	0.00904363	0.227882	83.4961	53.6969	-10.3304	-0.0256965	126.837	132.456	0.957577
9342	0.00904454	0.227881	83.4953	53.6975	-10.342	-0.0256962	126.825	132.456	0.957491
9343	0.00904546	0.22788	83.4945	53.698	-10.3514	-0.0256959	126.815	132.455	0.957421
9344	0.00904637	0.22788	83.4936	53.6985	-10.3587	-0.0256956	126.808	132.455	0.957368
9345	0.00904729	0.227879	83.4928	53.6991	-10.364	-0.0256953	126.802	132.454	0.957329
9346	0.0090482	0.227878	83.492	53.6996	-10.3678	-0.025695	126.798	132.454	0.957301
9347	0.00904911	0.227877	83.4911	53.7001	-10.3703	-0.0256946	126.795	132.453	0.957284
9348	0.00905003	0.227876	83.4903	53.7007	-10.3716	-0.0256943	126.794	132.453	0.957275
9349	0.00905094	0.227875	83.4895	53.7012	-10.3718	-0.025694	126.793	132.452	0.957274
9350	0.00905186	0.227875	83.4886	53.7017	-10.3711	-0.0256937	126.794	132.452	0.957281
9351	0.00905277	0.227874	83.4878	53.7023	-10.3696	-0.0256935	126.795	132.451	0.957294
9352	0.00905369	0.227873	83.487	53.7028	-10.3653	-0.0256933	126.799	132.451	0.957327
9353	0.0090546	0.227872	83.4861	53.7033	-10.3576	-0.0256932	126.806	132.45	0.957386
9354	0.00905552	0.227871	83.4853	53.7039	-10.3494	-0.0256931	126.814	132.45	0.957449
9355	0.00905643	0.227871	83.4844	53.7044	-10.3412	-0.025693	126.822	132.449	0.957513
9356	0.00905735	0.22787	83.4836	53.7049	-10.333	-0.0256929	126.83	132.449	0.957576
9357	0.00905826	0.227869	83.4828	53.7055	-10.3251	-0.0256928	126.837	132.448	0.957637
9358	0.00905918	0.227868	83.4819	53.706	-10.3176	-0.0256928	126.845	132.448	0.957695
9359	0.00906009	0.227867	83.4811	53.7066	-10.3106	-0.0256928	126.851	132.447	0.957748
9360	0.009061	0.227866	83.4802	53.7071	-10.3044	-0.0256929	126.857	132.447	0.957796
9361	0.00906192	0.227866	83.4794	53.7076	-10.299	-0.025693	126.862	132.446	0.957838
9362	0.00906283	0.227865	83.4785	53.7082	-10.2945	-0.0256932	126.867	132.446	0.957874
9363	0.00906375	0.227864	83.4777	53.7087	-10.2909	-0.0256934	126.87	132.446	0.957902
9364	0.00906466	0.227863	83.4768	53.7093	-10.2884	-0.0256936	126.872	132.445	0.957922
9365	0.00906558	0.227862	83.476	53.7098	-10.2869	-0.0256939	126.873	132.445	0.957935
9366	0.00906649	0.227861	83.4751	53.7104	-10.2865	-0.0256941	126.873	132.444	0.957939
9367	0.00906741	0.227861	83.4743	53.7109	-10.2872	-0.0256944	126.872	132.444	0.957935
9368	0.00906832	0.22786	83.4734	53.7115	-10.2889	-0.0256946	126.87	132.443	0.957923
9369	0.00906923	0.227859	83.4726	53.712	-10.2914	-0.0256948	126.867	132.443	0.957905
9370	0.00907015	0.227858	83.4717	53.7125	-10.2948	-0.025695	126.864	132.442	0.957881
9371	0.00907106	0.227857	83.4709	53.7131	-10.2988	-0.0256952	126.859	132.442	0.957852
9372	0.00907198	0.227856	83.47	53.7136	-10.3033	-0.0256953	126.855	132.441	0.957819
9373	0.00907289	0.227855	83.4691	53.7142	-10.3083	-0.0256955	126.849	132.441	0.957783
9374	0.00907381	0.227855	83.4683	53.7147	-10.3136	-0.0256955	126.844	132.44	0.957744
9375	0.00907472	0.227854	83.4674	53.7153	-10.3192	-0.0256956	126.838	132.44	0.957703
9376	0.00907564	0.227853	83.4666	53.7158	-10.325	-0.0256956	126.832	132.439	0.95766
9377	0.00907655	0.227852	83.4657	53.7164	-10.3315	-0.0256956	126.825	132.439	0.957612
9378	0.00907747	0.227851	83.4649	53.7169	-10.3401	-0.0256954	126.816	132.438	0.957548
9379	0.00907838	0.22785	83.464	53.7175	-10.3505	-0.0256952	126.805	132.438	0.957472
9380	0.00907929	0.22785	83.4631	53.718	-10.3584	-0.0256949	126.797	132.437	0.957413
9381	0.00908021	0.227849	83.4623	53.7186	-10.3643	-0.0256946	126.791	132.437	0.95737
9382	0.00908112	0.227848	83.4614	53.7191	-10.3685	-0.0256943	126.786	132.436	0.957339
9383	0.00908204	0.227847	83.4605	53.7197	-10.3713	-0.025694	126.783	132.436	0.957319
9384	0.00908295	0.227846	83.4597	53.7202	-10.373	-0.0256936	126.781	132.435	0.957308
9385	0.00908387	0.227845	83.4588	53.7208	-10.3736	-0.0256933	126.78	132.435	0.957304
9386	0.00908478	0.227844	83.4579	53.7213	-10.3732	-0.025693	126.78	132.434	0.957308
9387	0.0090857	0.227844	83.4571	53.7219	-10.3721	-0.0256927	126.781	132.434	0.957318
9388	0.00908661	0.227843	83.4562	53.7224	-10.3701	-0.0256925	126.783	132.433	0.957334
9389	0.00908753	0.227842	83.4554	53.723	-10.3636	-0.0256924	126.789	132.433	0.957385
9390	0.00908844	0.227841	83.4545	53.7236	-10.3556	-0.0256923	126.797	132.432	0.957446
9391	0.00908936	0.22784	83.4536	53.7241	-10.3475	-0.0256921	126.805	132.432	0.957509
9392	0.00909027	0.227839	83.4527	53.7247	-10.3393	-0.025692	126.812	132.431	0.957572
9393	0.00909119	0.227838	83.4519	53.7252	-10.3314	-0.0256919	126.82	132.431	0.957633
9394	0.0090921	0.227838	83.451	53.7258	-10.3238	-0.0256918	126.827	132.43	0.957692
9395	0.00909301	0.227837	83.4501	53.7263	-10.3166	-0.0256918	126.834	132.43	0.957747
9396	0.00909393	0.227836	83.4493	53.7269	-10.3101	-0.0256918	126.84	132.429	0.957797
9397	0.00909484	0.227835	83.4484	53.7274	-10.3043	-0.0256919	126.846	132.429	0.957842
9398	0.00909576	0.227834	83.4475	53.728	-10.2994	-0.025692	126.85	132.428	0.95788
9399	0.00909667	0.227833	83.4467	53.7286	-10.2953	-0.0256922	126.854	132.428	0.957912
9400	0.00909759	0.227832	83.4458	53.7291	-10.2922	-0.0256924	126.857	132.427	0.957937
9401	0.0090985	0.227832	83.4449	53.7297	-10.2901	-0.0256927	126.859	132.427	0.957954
9402	0.00909942	0.227831	83.4441	53.7302	-10.2891	-0.0256929	126.86	132.426	0.957963
9403	0.00910033	0.22783	83.4432	53.7308	-10.2891	-0.0256932	126.859	132.426	0.957965
9404	0.00910124	0.227829	83.4423	53.7313	-10.2901	-0.0256935	126.858	132.425	0.957958
9405	0.00910216	0.227828	83.4414	53.7319	-10.2921	-0.0256938	126.856	132.425	0.957944
9406	0.00910307	0.227827	83.4406	53.7324	-10.2949	-0.025694	126.852	132.424	0.957924
9407	0.00910399	0.227826	83.4397	53.733	-10.2985	-0.0256942	126.849	132.424	0.957898
9408	0.0091049	0.227826	83.4388	53.7336	-10.3026	-0.0256944	126.844	132.423	0.957869
9409	0.00910582	0.227825	83.438	53.7341	-10.3072	-0.0256946	126.839	132.423	0.957835
9410	0.00910673	0.227824	83.4371	53.7347	-10.3122	-0.0256947	126.834	132.422	0.957799
9411	0.00910765	0.227823	83.4362	53.7352	-10.3175	-0.0256948	126.828	132.422	0.95776
9412	0.00910856	0.227822	83.4353	53.7358	-10.3231	-0.0256949	126.822	132.421	0.957719
9413	0.00910948	0.227821	83.4345	53.7363	-10.329	-0.0256948	126.816	132.421	0.957676
9414	0.00911039	0.22782	83.4336	53.7369	-10.3356	-0.0256948	126.809	132.42	0.957627
9415	0.00911131	0.22782	83.4327	53.7375	-10.3462	-0.0256946	126.798	132.42	0.957548
9416	0.00911222	0.227819	83.4319	53.738	-10.3553	-0.0256943	126.789	132.419	0.95748
9417	0.00911313	0.227818	83.431	53.7386	-10.3622	-0.025694	126.782	132.419	0.957429
9418	0.00911405	0.227817	83.4301	53.7391	-10.3672	-0.0256937	126.776	132.418	0.957393
9419	0.00911496	0.227816	83.4292	53.7397	-10.3707	-0.0256934	126.773	132.418	0.957368
9420	0.00911588	0.227815	83.4284	53.7402	-10.3729	-0.025693	126.77	132.417	0.957353
9421	0.00911679	0.227814	83.4275	53.7408	-10.3739	-0.0256927	126.769	132.417	0.957346
9422	0.00911771	0.227814	83.4266	53.7413	-10.374	-0.0256924	126.768	132.416	0.957347
9423	0.00911862	0.227813	83.4258	53.7419	-10.3731	-0.0256921	126.769	132.416	0.957355
9424	0.00911954	0.227812	83.4249	53.7424	-10.3713	-0.0256919	126.77	132.415	0.957369
9425	0.00912045	0.227811	83.424	53.743	-10.3666	-0.0256917	126.775	132.415	0.957407
9426	0.00912137	0.22781	83.4232	53.7436	-10.3588	-0.0256916	126.782	132.414	0.957467
9427	0.00912228	0.227809	83.4223	53.7441	-10.3505	-0.0256915	126.79	132.414	0.95753
9428	0.00912319	0.227808	83.4214	53.7447	-10.3423	-0.0256914	126.798	132.413	0.957594
9429	0.00912411	0.227808	83.4206	53.7452	-10.3341	-0.0256913	126.806	132.413	0.957657
9430	0.00912502	0.227807	83.4197	53.7458	-10.3262	-0.0256912	126.814	132.412	0.957717
9431	0.00912594	0.227806	83.4188	53.7463	-10.3188	-0.0256911	126.821	132.412	0.957775
9432	0.00912685	0.227805	83.418	53.7469	-10.312	-0.0256911	126.827	132.411	0.957827
9433	0.00912777	0.227804	83.4171	53.7474	-10.3058	-0.0256912	126.833	132.411	0.957875
9434	0.00912868	0.227803	83.4163	53.748	-10.3005	-0.0256913	126.838	132.41	0.957916
9435	0.0091296	0.227802	83.4154	53.7485	-10.2961	-0.0256915	126.842	132.41	0.957951
9436	0.00913051	0.227802	83.4145	53.7491	-10.2927	-0.0256917	126.845	132.409	0.957978
9437	0.00913142	0.227801	83.4137	53.7496	-10.2902	-0.0256919	126.847	132.409	0.957998
9438	0.00913234	0.2278	83.4128	53.7502	-10.2888	-0.0256922	126.848	132.408	0.95801
9439	0.00913325	0.227799	83.412	53.7507	-10.2885	-0.0256924	126.848	132.408	0.958013
9440	0.00913417	0.227798	83.4111	53.7512	-10.2893	-0.0256927	126.847	132.407	0.958009
9441	0.00913508	0.227797	83.4103	53.7518	-10.291	-0.0256929	126.845	132.407	0.957997
9442	0.009136	0.227797	83.4094	53.7523	-10.2936	-0.0256932	126.842	132.406	0.957979
9443	0.00913691	0.227796	83.4086	53.7529	-10.2969	-0.0256934	126.839	132.406	0.957955
9444	0.00913783	0.227795	83.4077	53.7534	-10.3009	-0.0256935	126.835	132.405	0.957926
9445	0.00913874	0.227794	83.4069	53.754	-10.3053	-0.0256937	126.83	132.405	0.957894
9446	0.00913966	0.227793	83.406	53.7545	-10.3101	-0.0256938	126.825	132.404	0.957859
9447	0.00914057	0.227792	83.4052	53.7551	-10.3152	-0.0256939	126.819	132.404	0.957821
9448	0.00914149	0.227792	83.4043	53.7556	-10.3205	-0.025694	126.814	132.403	0.957782
9449	0.0091424	0.227791	83.4035	53.7561	-10.3261	-0.025694	126.808	132.403	0.957741
9450	0.00914331	0.22779	83.4026	53.7567	-10.3321	-0.025694	126.801	132.402	0.957697
9451	0.00914423	0.227789	83.4018	53.7572	-10.3397	-0.0256939	126.794	132.402	0.957641
9452	0.00914514	0.227788	83.4009	53.7577	-10.35	-0.0256937	126.783	132.402	0.957564
9453	0.00914606	0.227787	83.4001	53.7583	-10.3578	-0.0256934	126.775	132.401	0.957506
9454	0.00914697	0.227787	83.3993	53.7588	-10.3636	-0.0256932	126.769	132.401	0.957464
9455	0.00914789	0.227786	83.3984	53.7594	-10.3676	-0.0256929	126.765	132.4	0.957435
9456	0.0091488	0.227785	83.3976	53.7599	-10.3701	-0.0256926	126.762	132.4	0.957417
9457	0.00914972	0.227784	83.3968	53.7604	-10.3715	-0.0256923	126.76	132.399	0.957408
9458	0.00915063	0.227783	83.3959	53.761	-10.3719	-0.0256921	126.759	132.399	0.957406
9459	0.00915155	0.227782	83.3951	53.7615	-10.3713	-0.0256918	126.76	132.398	0.957412
9460	0.00915246	0.227782	83.3943	53.762	-10.3699	-0.0256915	126.761	132.398	0.957424
9461	0.00915337	0.227781	83.3934	53.7625	-10.3677	-0.0256913	126.763	132.397	0.957442
9462	0.00915429	0.22778	83.3926	53.7631	-10.3611	-0.0256912	126.769	132.397	0.957493
9463	0.0091552	0.227779	83.3918	53.7636	-10.3529	-0.0256911	126.777	132.396	0.957556
9464	0.00915612	0.227778	83.3909	53.7641	-10.3445	-0.025691	126.785	132.396	0.95762
9465	0.00915703	0.227777	83.3901	53.7647	-10.3362	-0.0256909	126.793	132.395	0.957684
9466	0.00915795	0.227777	83.3893	53.7652	-10.3281	-0.0256908	126.801	132.395	0.957747
9467	0.00915886	0.227776	83.3885	53.7657	-10.3203	-0.0256907	126.808	132.394	0.957806
9468	0.00915978	0.227775	83.3877	53.7662	-10.3131	-0.0256907	126.815	132.394	0.957862
9469	0.00916069	0.227774	83.3868	53.7667	-10.3064	-0.0256907	126.821	132.393	0.957914
9470	0.00916161	0.227773	83.386	53.7673	-10.3005	-0.0256908	126.827	132.393	0.957959
9471	0.00916252	0.227773	83.3852	53.7678	-10.2955	-0.0256909	126.832	132.392	0.957999
9472	0.00916343	0.227772	83.3844	53.7683	-10.2913	-0.0256911	126.836	132.392	0.958031
9473	0.00916435	0.227771	83.3836	53.7688	-10.2881	-0.0256913	126.839	132.392	0.958057
9474	0.00916526	0.22777	83.3828	53.7693	-10.2859	-0.0256916	126.841	132.391	0.958074
9475	0.00916618	0.227769	83.382	53.7699	-10.2847	-0.0256919	126.841	132.391	0.958084
9476	0.00916709	0.227769	83.3812	53.7704	-10.2847	-0.0256921	126.841	132.39	0.958086
9477	0.00916801	0.227768	83.3803	53.7709	-10.2856	-0.0256924	126.84	132.39	0.95808
9478	0.00916892	0.227767	83.3795	53.7714	-10.2875	-0.0256927	126.838	132.389	0.958067
9479	0.00916983	0.227766	83.3787	53.7719	-10.2902	-0.0256929	126.835	132.389	0.958047
9480	0.00917075	0.227765	83.3779	53.7724	-10.2937	-0.0256931	126.831	132.388	0.958022
9481	0.00917166	0.227765	83.3771	53.7729	-10.2977	-0.0256933	126.827	132.388	0.957993
9482	0.00917258	0.227764	83.3763	53.7734	-10.3022	-0.0256935	126.822	132.387	0.95796
9483	0.00917349	0.227763	83.3756	53.7739	-10.3071	-0.0256936	126.817	132.387	0.957924
9484	0.00917441	0.227762	83.3748	53.7745	-10.3123	-0.0256937	126.811	132.386	0.957886
9485	0.00917532	0.227762	83.374	53.775	-10.3178	-0.0256937	126.805	132.386	0.957846
9486	0.00917624	0.227761	83.3732	53.7755	-10.3235	-0.0256937	126.799	132.386	0.957804
9487	0.00917715	0.22776	83.3724	53.776	-10.3299	-0.0256937	126.793	132.385	0.957757
9488	0.00917807	0.227759	83.3716	53.7765	-10.3388	-0.0256935	126.784	132.385	0.957691
9489	0.00917898	0.227758	83.3708	53.777	-10.3485	-0.0256933	126.774	132.384	0.957619
9490	0.0091799	0.227758	83.37	53.7775	-10.3557	-0.025693	126.766	132.384	0.957565
9491	0.00918081	0.227757	83.3693	53.778	-10.361	-0.0256927	126.76	132.383	0.957526
9492	0.00918173	0.227756	83.3685	53.7785	-10.3647	-0.0256924	126.757	132.383	0.9575
9493	0.00918264	0.227755	83.3677	53.779	-10.367	-0.0256921	126.754	132.382	0.957484
9494	0.00918355	0.227755	83.3669	53.7794	-10.3681	-0.0256918	126.753	132.382	0.957476
9495	0.00918447	0.227754	83.3662	53.7799	-10.3682	-0.0256915	126.752	132.382	0.957477
9496	0.00918538	0.227753	83.3654	53.7804	-10.3673	-0.0256912	126.753	132.381	0.957484
9497	0.0091863	0.227752	83.3646	53.7809	-10.3656	-0.025691	126.754	132.381	0.957499
9498	0.00918721	0.227752	83.3639	53.7814	-10.3629	-0.0256908	126.757	132.38	0.95752
9499	0.00918813	0.227751	83.3631	53.7819	-10.3555	-0.0256907	126.764	132.38	0.957577
9500	0.00918904	0.22775	83.3623	53.7824	-10.347	-0.0256906	126.772	132.379	0.957642
9501	0.00918996	0.227749	83.3616	53.7829	-10.3384	-0.0256906	126.78	132.379	0.957708
9502	0.00919087	0.227748	83.3608	53.7833	-10.3299	-0.0256905	126.789	132.378	0.957774
9503	0.00919179	0.227748	83.3601	53.7838	-10.3216	-0.0256904	126.797	132.378	0.957837
9504	0.0091927	0.227747	83.3593	53.7843	-10.3137	-0.0256904	126.804	132.378	0.957898
9505	0.00919361	0.227746	83.3586	53.7848	-10.3064	-0.0256904	126.811	132.377	0.957955
9506	0.00919453	0.227746	83.3578	53.7853	-10.2997	-0.0256905	126.818	132.377	0.958006
9507	0.00919544	0.227745	83.3571	53.7857	-10.2938	-0.0256906	126.823	132.376	0.958052
9508	0.00919636	0.227744	83.3563	53.7862	-10.2888	-0.0256908	126.828	132.376	0.95809
9509	0.00919727	0.227743	83.3556	53.7867	-10.2847	-0.025691	126.832	132.375	0.958122
9510	0.00919819	0.227743	83.3548	53.7872	-10.2817	-0.0256913	126.835	132.375	0.958146
9511	0.0091991	0.227742	83.3541	53.7876	-10.2796	-0.0256916	126.836	132.375	0.958163
9512	0.00920002	0.227741	83.3534	53.7881	-10.2787	-0.0256919	126.837	132.374	0.958171
9513	0.00920093	0.22774	83.3526	53.7886	-10.2788	-0.0256921	126.837	132.374	0.958171
9514	0.00920184	0.22774	83.3519	53.789	-10.28	-0.0256924	126.835	132.373	0.958163
9515	0.00920276	0.227739	83.3512	53.7895	-10.2821	-0.0256927	126.833	132.373	0.958148
9516	0.00920367	0.227738	83.3505	53.79	-10.285	-0.0256929	126.83	132.372	0.958127
9517	0.00920459	0.227738	83.3497	53.7904	-10.2886	-0.0256931	126.826	132.372	0.958101
9518	0.0092055	0.227737	83.349	53.7909	-10.2928	-0.0256933	126.821	132.372	0.958071
9519	0.00920642	0.227736	83.3483	53.7913	-10.2973	-0.0256934	126.817	132.371	0.958037
9520	0.00920733	0.227735	83.3476	53.7918	-10.3022	-0.0256936	126.811	132.371	0.958001
9521	0.00920825	0.227735	83.3469	53.7923	-10.3074	-0.0256936	126.806	132.37	0.957963
9522	0.00920916	0.227734	83.3461	53.7927	-10.3128	-0.0256937	126.8	132.37	0.957924
9523	0.00921008	0.227733	83.3454	53.7932	-10.3184	-0.0256937	126.795	132.37	0.957882
9524	0.00921099	0.227733	83.3447	53.7936	-10.3247	-0.0256936	126.788	132.369	0.957835
9525	0.0092119	0.227732	83.344	53.7941	-10.3348	-0.0256934	126.778	132.369	0.95776
9526	0.00921282	0.227731	83.3433	53.7945	-10.3436	-0.0256932	126.769	132.368	0.957695
9527	0.00921373	0.22773	83.3426	53.795	-10.3502	-0.0256929	126.762	132.368	0.957646
9528	0.00921465	0.22773	83.3419	53.7954	-10.3549	-0.0256926	126.757	132.368	0.957612
9529	0.00921556	0.227729	83.3412	53.7959	-10.358	-0.0256923	126.753	132.367	0.957589
9530	0.00921648	0.227728	83.3405	53.7963	-10.3599	-0.025692	126.751	132.367	0.957576
9531	0.00921739	0.227728	83.3398	53.7967	-10.3607	-0.0256918	126.75	132.366	0.957571
9532	0.00921831	0.227727	83.3391	53.7972	-10.3605	-0.0256915	126.75	132.366	0.957573
9533	0.00921922	0.227726	83.3384	53.7976	-10.3594	-0.0256912	126.751	132.366	0.957582
9534	0.00922014	0.227726	83.3377	53.7981	-10.3576	-0.025691	126.753	132.365	0.957597
9535	0.00922105	0.227725	83.3371	53.7985	-10.3527	-0.0256908	126.757	132.365	0.957635
9536	0.00922197	0.227724	83.3364	53.7989	-10.3448	-0.0256907	126.765	132.364	0.957696
9537	0.00922288	0.227724	83.3357	53.7994	-10.3365	-0.0256906	126.773	132.364	0.957759
9538	0.00922379	0.227723	83.335	53.7998	-10.3282	-0.0256905	126.781	132.364	0.957823
9539	0.00922471	0.227722	83.3343	53.8002	-10.3201	-0.0256904	126.789	132.363	0.957886
9540	0.00922562	0.227722	83.3337	53.8007	-10.3122	-0.0256903	126.796	132.363	0.957946
9541	0.00922654	0.227721	83.333	53.8011	-10.3047	-0.0256903	126.804	132.362	0.958003
9542	0.00922745	0.22772	83.3323	53.8015	-10.2978	-0.0256903	126.81	132.362	0.958056
9543	0.00922837	0.22772	83.3316	53.802	-10.2916	-0.0256904	126.816	132.362	0.958104
9544	0.00922928	0.227719	83.331	53.8024	-10.2862	-0.0256905	126.821	132.361	0.958146
9545	0.0092302	0.227718	83.3303	53.8028	-10.2817	-0.0256907	126.826	132.361	0.958181
9546	0.00923111	0.227718	83.3296	53.8032	-10.2781	-0.0256909	126.829	132.361	0.958209
9547	0.00923203	0.227717	83.329	53.8036	-10.2754	-0.0256911	126.831	132.36	0.95823
9548	0.00923294	0.227716	83.3283	53.8041	-10.2738	-0.0256914	126.833	132.36	0.958244
9549	0.00923385	0.227716	83.3277	53.8045	-10.2732	-0.0256917	126.833	132.359	0.958249
9550	0.00923477	0.227715	83.327	53.8049	-10.2736	-0.025692	126.833	132.359	0.958247
9551	0.00923568	0.227714	83.3264	53.8053	-10.275	-0.0256923	126.831	132.359	0.958237
9552	0.0092366	0.227714	83.3257	53.8057	-10.2773	-0.0256926	126.828	132.358	0.958221
9553	0.00923751	0.227713	83.3251	53.8062	-10.2803	-0.0256928	126.825	132.358	0.958199
9554	0.00923843	0.227712	83.3244	53.8066	-10.284	-0.0256931	126.821	132.358	0.958172
9555	0.00923934	0.227712	83.3238	53.807	-10.2881	-0.0256933	126.817	132.357	0.958142
9556	0.00924026	0.227711	83.3231	53.8074	-10.2927	-0.0256934	126.812	132.357	0.958108
9557	0.00924117	0.227711	83.3225	53.8078	-10.2976	-0.0256936	126.807	132.356	0.958072
9558	0.00924209	0.22771	83.3218	53.8082	-10.3028	-0.0256937	126.802	132.356	0.958034
9559	0.009243	0.227709	83.3212	53.8086	-10.3083	-0.0256937	126.796	132.356	0.957993
9560	0.00924392	0.227709	83.3206	53.809	-10.3144	-0.0256937	126.79	132.355	0.957948
9561	0.00924483	0.227708	83.3199	53.8094	-10.3224	-0.0256936	126.781	132.355	0.957889
9562	0.00924574	0.227707	83.3193	53.8098	-10.3325	-0.0256933	126.771	132.355	0.957813
9563	0.00924666	0.227707	83.3187	53.8102	-10.3401	-0.0256931	126.763	132.354	0.957756
9564	0.00924757	0.227706	83.318	53.8106	-10.3458	-0.0256928	126.757	132.354	0.957715
9565	0.00924849	0.227706	83.3174	53.811	-10.3497	-0.0256925	126.753	132.353	0.957686
9566	0.0092494	0.227705	83.3168	53.8114	-10.3522	-0.0256922	126.75	132.353	0.957668
9567	0.00925032	0.227704	83.3162	53.8118	-10.3536	-0.0256919	126.749	132.353	0.957658
9568	0.00925123	0.227704	83.3155	53.8122	-10.3539	-0.0256916	126.748	132.352	0.957657
9569	0.00925215	0.227703	83.3149	53.8126	-10.3532	-0.0256913	126.749	132.352	0.957663
9570	0.00925306	0.227702	83.3143	53.813	-10.3517	-0.0256911	126.75	132.352	0.957675
9571	0.00925398	0.227702	83.3137	53.8134	-10.3494	-0.0256908	126.752	132.351	0.957693
9572	0.00925489	0.227701	83.3131	53.8138	-10.3426	-0.0256907	126.759	132.351	0.957746
9573	0.0092558	0.227701	83.3125	53.8142	-10.3343	-0.0256907	126.767	132.351	0.957809
9574	0.00925672	0.2277	83.3119	53.8146	-10.3258	-0.0256906	126.775	132.35	0.957875
9575	0.00925763	0.227699	83.3113	53.815	-10.3173	-0.0256905	126.783	132.35	0.95794
9576	0.00925855	0.227699	83.3106	53.8153	-10.309	-0.0256904	126.791	132.35	0.958003
9577	0.00925946	0.227698	83.31	53.8157	-10.3011	-0.0256903	126.799	132.349	0.958064
9578	0.00926038	0.227698	83.3094	53.8161	-10.2937	-0.0256903	126.806	132.349	0.95812
9579	0.00926129	0.227697	83.3088	53.8165	-10.2869	-0.0256904	126.813	132.349	0.958172
9580	0.00926221	0.227696	83.3082	53.8169	-10.281	-0.0256905	126.818	132.348	0.958218
9581	0.00926312	0.227696	83.3076	53.8173	-10.2758	-0.0256906	126.823	132.348	0.958258
9582	0.00926404	0.227695	83.307	53.8176	-10.2717	-0.0256908	126.827	132.348	0.95829
9583	0.00926495	0.227695	83.3064	53.818	-10.2685	-0.0256911	126.83	132.347	0.958315
9584	0.00926586	0.227694	83.3059	53.8184	-10.2664	-0.0256913	126.832	132.347	0.958332
9585	0.00926678	0.227693	83.3053	53.8188	-10.2653	-0.0256916	126.833	132.346	0.958341
9586	0.00926769	0.227693	83.3047	53.8192	-10.2653	-0.0256919	126.833	132.346	0.958341
9587	0.00926861	0.227692	83.3041	53.8195	-10.2664	-0.0256922	126.832	132.346	0.958334
9588	0.00926952	0.227692	83.3035	53.8199	-10.2684	-0.0256924	126.829	132.345	0.95832
9589	0.00927044	0.227691	83.3029	53.8203	-10.2713	-0.0256926	126.826	132.345	0.958299
9590	0.00927135	0.227691	83.3023	53.8206	-10.2749	-0.0256929	126.822	132.345	0.958273
9591	0.00927227	0.22769	83.3017	53.821	-10.279	-0.025693	126.818	132.344	0.958242
9592	0.00927318	0.227689	83.3012	53.8214	-10.2836	-0.0256932	126.813	132.344	0.958209
9593	0.0092741	0.227689	83.3006	53.8218	-10.2885	-0.0256933	126.808	132.344	0.958172
9594	0.00927501	0.227688	83.3	53.8221	-10.2938	-0.0256934	126.803	132.343	0.958133
9595	0.00927593	0.227688	83.2994	53.8225	-10.2993	-0.0256934	126.797	132.343	0.958093
9596	0.00927684	0.227687	83.2989	53.8229	-10.3051	-0.0256935	126.791	132.343	0.958049
9597	0.00927776	0.227687	83.2983	53.8232	-10.3119	-0.0256934	126.784	132.342	0.957999
9598	0.00927867	0.227686	83.2977	53.8236	-10.3231	-0.0256932	126.773	132.342	0.957915
9599	0.00927958	0.227685	83.2971	53.824	-10.3316	-0.0256929	126.764	132.342	0.957852
9600	0.0092805	0.227685	83.2966	53.8243	-10.3379	-0.0256927	126.757	132.341	0.957805
9601	0.00928141	0.227684	83.296	53.8247	-10.3423	-0.0256924	126.753	132.341	0.957772
9602	0.00928233	0.227684	83.2954	53.825	-10.3453	-0.0256921	126.75	132.341	0.957751
9603	0.00928324	0.227683	83.2949	53.8254	-10.347	-0.0256919	126.748	132.341	0.957738
9604	0.00928416	0.227683	83.2943	53.8258	-10.3476	-0.0256916	126.747	132.34	0.957735
9605	0.00928507	0.227682	83.2938	53.8261	-10.3472	-0.0256913	126.747	132.34	0.957738
9606	0.00928599	0.227682	83.2932	53.8265	-10.346	-0.0256911	126.748	132.34	0.957749
9607	0.0092869	0.227681	83.2926	53.8268	-10.3439	-0.0256909	126.75	132.339	0.957765
9608	0.00928782	0.22768	83.2921	53.8272	-10.3384	-0.0256908	126.755	132.339	0.957807
9609	0.00928873	0.22768	83.2915	53.8275	-10.3303	-0.0256907	126.763	132.339	0.957869
9610	0.00928965	0.227679	83.291	53.8279	-10.3219	-0.0256906	126.771	132.338	0.957934
9611	0.00929056	0.227679	83.2904	53.8282	-10.3135	-0.0256905	126.78	132.338	0.957998
9612	0.00929148	0.227678	83.2899	53.8286	-10.3052	-0.0256904	126.788	132.338	0.958062
9613	0.00929239	0.227678	83.2893	53.8289	-10.2972	-0.0256904	126.795	132.337	0.958122
9614	0.0092933	0.227677	83.2888	53.8293	-10.2897	-0.0256904	126.803	132.337	0.95818
9615	0.00929422	0.227677	83.2882	53.8296	-10.2828	-0.0256904	126.809	132.337	0.958233
9616	0.00929513	0.227676	83.2877	53.83	-10.2767	-0.0256905	126.815	132.336	0.95828
9617	0.00929605	0.227676	83.2871	53.8303	-10.2713	-0.0256906	126.82	132.336	0.958321
9618	0.00929696	0.227675	83.2866	53.8307	-10.2669	-0.0256908	126.825	132.336	0.958355
9619	0.00929788	0.227674	83.2861	53.831	-10.2634	-0.025691	126.828	132.335	0.958382
9620	0.00929879	0.227674	83.2855	53.8314	-10.2609	-0.0256913	126.83	132.335	0.958402
9621	0.00929971	0.227673	83.285	53.8317	-10.2595	-0.0256916	126.832	132.335	0.958414
9622	0.00930062	0.227673	83.2844	53.8321	-10.2591	-0.0256918	126.832	132.335	0.958418
9623	0.00930153	0.227672	83.2839	53.8324	-10.2597	-0.0256921	126.831	132.334	0.958413
9624	0.00930245	0.227672	83.2834	53.8327	-10.2614	-0.0256924	126.829	132.334	0.958402
9625	0.00930336	0.227671	83.2828	53.8331	-10.2639	-0.0256926	126.826	132.334	0.958384
9626	0.00930428	0.227671	83.2823	53.8334	-10.2671	-0.0256929	126.823	132.333	0.95836
9627	0.00930519	0.22767	83.2818	53.8338	-10.271	-0.0256931	126.819	132.333	0.958331
9628	0.00930611	0.22767	83.2812	53.8341	-10.2754	-0.0256933	126.814	132.333	0.958299
9629	0.00930702	0.227669	83.2807	53.8344	-10.2803	-0.0256934	126.809	132.332	0.958263
9630	0.00930794	0.227669	83.2802	53.8348	-10.2854	-0.0256935	126.804	132.332	0.958225
9631	0.00930885	0.227668	83.2797	53.8351	-10.291	-0.0256936	126.798	132.332	0.958184
9632	0.00930977	0.227668	83.2791	53.8354	-10.2969	-0.0256936	126.792	132.331	0.958139
9633	0.00931068	0.227667	83.2786	53.8358	-10.3038	-0.0256936	126.785	132.331	0.958088
9634	0.0093116	0.227667	83.2781	53.8361	-10.3154	-0.0256933	126.773	132.331	0.958001
9635	0.00931251	0.227666	83.2776	53.8364	-10.3243	-0.0256931	126.764	132.331	0.957935
9636	0.00931343	0.227666	83.277	53.8368	-10.3311	-0.0256928	126.757	132.33	0.957884
9637	0.00931434	0.227665	83.2765	53.8371	-10.336	-0.0256925	126.752	132.33	0.957848
9638	0.00931526	0.227665	83.276	53.8374	-10.3394	-0.0256922	126.748	132.33	0.957823
9639	0.00931617	0.227664	83.2755	53.8378	-10.3416	-0.0256919	126.746	132.329	0.957807
9640	0.00931708	0.227663	83.275	53.8381	-10.3426	-0.0256916	126.745	132.329	0.9578
9641	0.009318	0.227663	83.2744	53.8384	-10.3426	-0.0256913	126.745	132.329	0.957801
9642	0.00931891	0.227662	83.2739	53.8388	-10.3417	-0.025691	126.745	132.328	0.957808
9643	0.00931983	0.227662	83.2734	53.8391	-10.34	-0.0256908	126.747	132.328	0.957822
9644	0.00932074	0.227661	83.2729	53.8394	-10.3353	-0.0256906	126.751	132.328	0.957858
9645	0.00932166	0.227661	83.2724	53.8397	-10.3274	-0.0256906	126.759	132.328	0.957919
9646	0.00932257	0.22766	83.2719	53.8401	-10.319	-0.0256905	126.767	132.327	0.957983
9647	0.00932349	0.22766	83.2714	53.8404	-10.3106	-0.0256904	126.775	132.327	0.958047
9648	0.0093244	0.227659	83.2709	53.8407	-10.3022	-0.0256903	126.784	132.327	0.958111
9649	0.00932532	0.227659	83.2704	53.841	-10.2942	-0.0256903	126.792	132.326	0.958173
9650	0.00932623	0.227658	83.2699	53.8414	-10.2865	-0.0256903	126.799	132.326	0.958231
9651	0.00932715	0.227658	83.2693	53.8417	-10.2794	-0.0256903	126.806	132.326	0.958286
9652	0.00932806	0.227657	83.2688	53.842	-10.273	-0.0256904	126.812	132.326	0.958335
9653	0.00932898	0.227657	83.2683	53.8423	-10.2674	-0.0256906	126.818	132.325	0.958378
9654	0.00932989	0.227656	83.2678	53.8426	-10.2627	-0.0256908	126.822	132.325	0.958414
9655	0.0093308	0.227656	83.2673	53.843	-10.259	-0.025691	126.826	132.325	0.958443
9656	0.00933172	0.227655	83.2668	53.8433	-10.2563	-0.0256913	126.828	132.324	0.958464
9657	0.00933263	0.227655	83.2663	53.8436	-10.2546	-0.0256916	126.83	132.324	0.958477
9658	0.00933355	0.227654	83.2658	53.8439	-10.2541	-0.0256919	126.83	132.324	0.958482
9659	0.00933446	0.227654	83.2653	53.8442	-10.2546	-0.0256922	126.829	132.324	0.958478
9660	0.00933538	0.227653	83.2648	53.8446	-10.2562	-0.0256925	126.827	132.323	0.958467
9661	0.00933629	0.227653	83.2643	53.8449	-10.2587	-0.0256928	126.825	132.323	0.958449
9662	0.00933721	0.227652	83.2638	53.8452	-10.262	-0.025693	126.821	132.323	0.958425
9663	0.00933812	0.227652	83.2633	53.8455	-10.266	-0.0256932	126.817	132.322	0.958395
9664	0.00933904	0.227651	83.2628	53.8458	-10.2705	-0.0256934	126.812	132.322	0.958362
9665	0.00933995	0.227651	83.2624	53.8461	-10.2755	-0.0256936	126.807	132.322	0.958325
9666	0.00934087	0.227651	83.2619	53.8465	-10.2808	-0.0256937	126.802	132.322	0.958286
9667	0.00934178	0.22765	83.2614	53.8468	-10.2865	-0.0256937	126.796	132.321	0.958244
9668	0.0093427	0.22765	83.2609	53.8471	-10.2926	-0.0256937	126.79	132.321	0.958198
9669	0.00934361	0.227649	83.2604	53.8474	-10.2997	-0.0256937	126.782	132.321	0.958145
9670	0.00934452	0.227649	83.2599	53.8477	-10.3114	-0.0256935	126.771	132.32	0.958058
9671	0.00934544	0.227648	83.2594	53.848	-10.3203	-0.0256932	126.761	132.32	0.95799
9672	0.00934635	0.227648	83.2589	53.8483	-10.3272	-0.0256929	126.754	132.32	0.95794
9673	0.00934727	0.227647	83.2584	53.8487	-10.3321	-0.0256926	126.749	132.32	0.957903
9674	0.00934818	0.227647	83.2579	53.849	-10.3356	-0.0256923	126.746	132.319	0.957877
9675	0.0093491	0.227646	83.2574	53.8493	-10.3378	-0.0256921	126.743	132.319	0.957861
9676	0.00935001	0.227646	83.2569	53.8496	-10.3388	-0.0256918	126.742	132.319	0.957854
9677	0.00935093	0.227645	83.2565	53.8499	-10.3389	-0.0256915	126.742	132.318	0.957855
9678	0.00935184	0.227645	83.256	53.8502	-10.338	-0.0256912	126.742	132.318	0.957862
9679	0.00935276	0.227644	83.2555	53.8505	-10.3363	-0.025691	126.744	132.318	0.957875
9680	0.00935367	0.227644	83.255	53.8508	-10.3319	-0.0256908	126.748	132.318	0.95791
9681	0.00935459	0.227643	83.2545	53.8511	-10.3241	-0.0256908	126.756	132.317	0.957969
9682	0.0093555	0.227643	83.254	53.8514	-10.3158	-0.0256907	126.764	132.317	0.958032
9683	0.00935642	0.227642	83.2535	53.8518	-10.3075	-0.0256906	126.772	132.317	0.958096
9684	0.00935733	0.227642	83.2531	53.8521	-10.2992	-0.0256905	126.78	132.316	0.958159
9685	0.00935825	0.227641	83.2526	53.8524	-10.2913	-0.0256905	126.788	132.316	0.95822
9686	0.00935916	0.227641	83.2521	53.8527	-10.2838	-0.0256904	126.795	132.316	0.958277
9687	0.00936007	0.22764	83.2516	53.853	-10.2769	-0.0256905	126.802	132.316	0.95833
9688	0.00936099	0.22764	83.2511	53.8533	-10.2706	-0.0256905	126.808	132.315	0.958378
9689	0.0093619	0.227639	83.2506	53.8536	-10.2652	-0.0256907	126.813	132.315	0.958419
9690	0.00936282	0.227639	83.2502	53.8539	-10.2607	-0.0256909	126.818	132.315	0.958454
9691	0.00936373	0.227638	83.2497	53.8542	-10.2572	-0.0256911	126.821	132.315	0.958482
9692	0.00936465	0.227638	83.2492	53.8545	-10.2546	-0.0256913	126.823	132.314	0.958502
9693	0.00936556	0.227638	83.2487	53.8548	-10.2531	-0.0256916	126.825	132.314	0.958514
9694	0.00936648	0.227637	83.2482	53.8551	-10.2526	-0.0256919	126.825	132.314	0.958518
9695	0.00936739	0.227637	83.2478	53.8554	-10.2533	-0.0256922	126.824	132.313	0.958514
9696	0.00936831	0.227636	83.2473	53.8558	-10.2549	-0.0256925	126.822	132.313	0.958503
9697	0.00936922	0.227636	83.2468	53.8561	-10.2574	-0.0256927	126.82	132.313	0.958484
9698	0.00937014	0.227635	83.2463	53.8564	-10.2606	-0.025693	126.816	132.313	0.95846
9699	0.00937105	0.227635	83.2459	53.8567	-10.2646	-0.0256932	126.812	132.312	0.958431
9700	0.00937197	0.227634	83.2454	53.857	-10.269	-0.0256934	126.808	132.312	0.958399
9701	0.00937288	0.227634	83.2449	53.8573	-10.2739	-0.0256936	126.803	132.312	0.958363
9702	0.0093738	0.227633	83.2444	53.8576	-10.2791	-0.0256937	126.797	132.311	0.958324
9703	0.00937471	0.227633	83.2439	53.8579	-10.2847	-0.0256938	126.791	132.311	0.958282
9704	0.00937562	0.227632	83.2435	53.8582	-10.2908	-0.0256939	126.785	132.311	0.958237
9705	0.00937654	0.227632	83.243	53.8585	-10.298	-0.0256939	126.778	132.311	0.958182
9706	0.00937745	0.227631	83.2425	53.8588	-10.3095	-0.0256937	126.766	132.31	0.958096
9707	0.00937837	0.227631	83.242	53.8591	-10.3185	-0.0256934	126.757	132.31	0.95803
9708	0.00937928	0.22763	83.2416	53.8594	-10.3253	-0.0256932	126.75	132.31	0.957979
9709	0.0093802	0.22763	83.2411	53.8597	-10.3302	-0.0256929	126.745	132.31	0.957942
9710	0.00938111	0.227629	83.2406	53.86	-10.3337	-0.0256927	126.741	132.309	0.957916
9711	0.00938203	0.227629	83.2401	53.8603	-10.336	-0.0256924	126.739	132.309	0.9579
9712	0.00938294	0.227629	83.2397	53.8606	-10.3371	-0.0256921	126.737	132.309	0.957892
9713	0.00938386	0.227628	83.2392	53.8609	-10.3373	-0.0256918	126.737	132.308	0.957891
9714	0.00938477	0.227628	83.2387	53.8612	-10.3365	-0.0256916	126.738	132.308	0.957898
9715	0.00938569	0.227627	83.2383	53.8615	-10.3349	-0.0256913	126.739	132.308	0.95791
9716	0.0093866	0.227627	83.2378	53.8618	-10.3307	-0.0256912	126.743	132.308	0.957943
9717	0.00938752	0.227626	83.2373	53.8621	-10.323	-0.0256911	126.751	132.307	0.958002
9718	0.00938843	0.227626	83.2368	53.8624	-10.3148	-0.025691	126.759	132.307	0.958065
9719	0.00938935	0.227625	83.2364	53.8627	-10.3066	-0.0256909	126.767	132.307	0.958128
9720	0.00939026	0.227625	83.2359	53.863	-10.2984	-0.0256908	126.775	132.307	0.95819
9721	0.00939118	0.227624	83.2354	53.8633	-10.2905	-0.0256908	126.783	132.306	0.95825
9722	0.00939209	0.227624	83.2349	53.8636	-10.2831	-0.0256907	126.79	132.306	0.958307
9723	0.00939301	0.227623	83.2345	53.8639	-10.2762	-0.0256908	126.797	132.306	0.95836
9724	0.00939392	0.227623	83.234	53.8642	-10.27	-0.0256909	126.803	132.305	0.958408
9725	0.00939483	0.227622	83.2335	53.8645	-10.2646	-0.025691	126.808	132.305	0.958449
9726	0.00939575	0.227622	83.2331	53.8648	-10.2601	-0.0256912	126.812	132.305	0.958484
9727	0.00939666	0.227622	83.2326	53.8651	-10.2565	-0.0256914	126.815	132.305	0.958511
9728	0.00939758	0.227621	83.2321	53.8654	-10.254	-0.0256917	126.818	132.304	0.958531
9729	0.00939849	0.227621	83.2316	53.8657	-10.2525	-0.0256919	126.819	132.304	0.958543
9730	0.00939941	0.22762	83.2312	53.866	-10.2522	-0.0256922	126.819	132.304	0.958546
9731	0.00940032	0.22762	83.2307	53.8663	-10.2529	-0.0256925	126.818	132.304	0.958541
9732	0.00940124	0.227619	83.2302	53.8666	-10.2547	-0.0256928	126.816	132.303	0.958528
9733	0.00940215	0.227619	83.2298	53.8669	-10.2573	-0.025693	126.814	132.303	0.958509
9734	0.00940307	0.227618	83.2293	53.8672	-10.2608	-0.0256933	126.81	132.303	0.958484
9735	0.00940398	0.227618	83.2288	53.8675	-10.2649	-0.0256935	126.806	132.303	0.958453
9736	0.0094049	0.227617	83.2284	53.8678	-10.2696	-0.0256937	126.801	132.302	0.958419
9737	0.00940581	0.227617	83.2279	53.8681	-10.2747	-0.0256938	126.796	132.302	0.958381
9738	0.00940673	0.227616	83.2274	53.8684	-10.2802	-0.0256939	126.79	132.302	0.95834
9739	0.00940764	0.227616	83.2269	53.8687	-10.286	-0.025694	126.784	132.301	0.958296
9740	0.00940856	0.227615	83.2265	53.869	-10.2924	-0.025694	126.777	132.301	0.958249
9741	0.00940947	0.227615	83.226	53.8693	-10.3	-0.025694	126.77	132.301	0.958192
9742	0.00941038	0.227615	83.2255	53.8696	-10.3116	-0.0256937	126.758	132.301	0.958105
9743	0.0094113	0.227614	83.2251	53.8699	-10.3206	-0.0256935	126.749	132.3	0.958038
9744	0.00941221	0.227614	83.2246	53.8702	-10.3275	-0.0256932	126.742	132.3	0.957986
9745	0.00941313	0.227613	83.2241	53.8705	-10.3325	-0.025693	126.737	132.3	0.957949
9746	0.00941404	0.227613	83.2237	53.8708	-10.336	-0.0256927	126.733	132.3	0.957923
9747	0.00941496	0.227612	83.2232	53.8711	-10.3382	-0.0256924	126.73	132.299	0.957907
9748	0.00941587	0.227612	83.2227	53.8714	-10.3394	-0.0256921	126.729	132.299	0.957899
9749	0.00941679	0.227611	83.2223	53.8717	-10.3394	-0.0256919	126.729	132.299	0.957899
9750	0.0094177	0.227611	83.2218	53.872	-10.3386	-0.0256917	126.73	132.298	0.957907
9751	0.00941862	0.22761	83.2213	53.8723	-10.3369	-0.0256914	126.731	132.298	0.95792
9752	0.00941953	0.22761	83.2209	53.8726	-10.3324	-0.0256913	126.735	132.298	0.957955
9753	0.00942045	0.227609	83.2204	53.8729	-10.3246	-0.0256913	126.743	132.298	0.958014
9754	0.00942136	0.227609	83.2199	53.8732	-10.3163	-0.0256912	126.751	132.297	0.958078
9755	0.00942228	0.227609	83.2195	53.8735	-10.3079	-0.0256912	126.759	132.297	0.958142
9756	0.00942319	0.227608	83.219	53.8738	-10.2997	-0.0256911	126.767	132.297	0.958204
9757	0.00942411	0.227608	83.2185	53.8741	-10.2917	-0.0256911	126.775	132.297	0.958265
9758	0.00942502	0.227607	83.2181	53.8744	-10.2842	-0.0256911	126.783	132.296	0.958323
9759	0.00942594	0.227607	83.2176	53.8747	-10.2773	-0.0256912	126.789	132.296	0.958376
9760	0.00942685	0.227606	83.2171	53.875	-10.2711	-0.0256913	126.795	132.296	0.958423
9761	0.00942777	0.227606	83.2167	53.8753	-10.2657	-0.0256914	126.801	132.295	0.958464
9762	0.00942868	0.227605	83.2162	53.8756	-10.2613	-0.0256916	126.805	132.295	0.958499
9763	0.00942959	0.227605	83.2157	53.8759	-10.2578	-0.0256919	126.808	132.295	0.958525
9764	0.00943051	0.227604	83.2153	53.8762	-10.2554	-0.0256922	126.81	132.295	0.958545
9765	0.00943142	0.227604	83.2148	53.8765	-10.254	-0.0256925	126.812	132.294	0.958556
9766	0.00943234	0.227603	83.2143	53.8768	-10.2537	-0.0256928	126.812	132.294	0.958559
9767	0.00943325	0.227603	83.2139	53.8771	-10.2545	-0.025693	126.811	132.294	0.958553
9768	0.00943417	0.227603	83.2134	53.8774	-10.2564	-0.0256933	126.809	132.294	0.95854
9769	0.00943508	0.227602	83.213	53.8777	-10.2591	-0.0256936	126.806	132.293	0.95852
9770	0.009436	0.227602	83.2125	53.8779	-10.2627	-0.0256938	126.802	132.293	0.958493
9771	0.00943691	0.227601	83.212	53.8782	-10.2669	-0.025694	126.798	132.293	0.958462
9772	0.00943783	0.227601	83.2116	53.8785	-10.2716	-0.0256942	126.793	132.293	0.958427
9773	0.00943874	0.2276	83.2111	53.8788	-10.2768	-0.0256943	126.787	132.292	0.958388
9774	0.00943966	0.2276	83.2107	53.8791	-10.2824	-0.0256944	126.782	132.292	0.958347
9775	0.00944057	0.227599	83.2102	53.8794	-10.2884	-0.0256945	126.775	132.292	0.958302
9776	0.00944149	0.227599	83.2097	53.8797	-10.2949	-0.0256945	126.769	132.292	0.958254
9777	0.0094424	0.227598	83.2093	53.88	-10.3028	-0.0256944	126.761	132.291	0.958194
9778	0.00944332	0.227598	83.2088	53.8803	-10.3144	-0.0256942	126.749	132.291	0.958107
9779	0.00944423	0.227598	83.2084	53.8806	-10.3235	-0.025694	126.74	132.291	0.958039
9780	0.00944515	0.227597	83.2079	53.8809	-10.3305	-0.0256937	126.733	132.29	0.957987
9781	0.00944606	0.227597	83.2075	53.8812	-10.3356	-0.0256934	126.727	132.29	0.957949
9782	0.00944698	0.227596	83.207	53.8814	-10.3393	-0.0256931	126.723	132.29	0.957922
9783	0.00944789	0.227596	83.2066	53.8817	-10.3417	-0.0256928	126.721	132.29	0.957905
9784	0.0094488	0.227595	83.2061	53.882	-10.343	-0.0256925	126.719	132.289	0.957895
9785	0.00944972	0.227595	83.2057	53.8823	-10.3433	-0.0256922	126.719	132.289	0.957894
9786	0.00945063	0.227594	83.2052	53.8826	-10.3426	-0.0256919	126.72	132.289	0.9579
9787	0.00945155	0.227594	83.2048	53.8829	-10.3411	-0.0256917	126.721	132.289	0.957912
9788	0.00945246	0.227594	83.2043	53.8832	-10.3365	-0.0256915	126.725	132.288	0.957947
9789	0.00945338	0.227593	83.2039	53.8835	-10.3289	-0.0256915	126.733	132.288	0.958005
9790	0.00945429	0.227593	83.2034	53.8837	-10.3208	-0.0256914	126.741	132.288	0.958067
9791	0.00945521	0.227592	83.203	53.884	-10.3126	-0.0256913	126.749	132.288	0.95813
9792	0.00945612	0.227592	83.2025	53.8843	-10.3045	-0.0256912	126.757	132.287	0.958192
9793	0.00945704	0.227591	83.2021	53.8846	-10.2967	-0.0256912	126.764	132.287	0.958252
9794	0.00945795	0.227591	83.2016	53.8849	-10.2892	-0.0256912	126.772	132.287	0.958308
9795	0.00945887	0.22759	83.2012	53.8852	-10.2824	-0.0256912	126.778	132.287	0.958361
9796	0.00945978	0.22759	83.2008	53.8854	-10.2762	-0.0256913	126.784	132.286	0.958408
9797	0.0094607	0.22759	83.2003	53.8857	-10.2708	-0.0256915	126.79	132.286	0.958449
9798	0.00946161	0.227589	83.1999	53.886	-10.2663	-0.0256917	126.794	132.286	0.958484
9799	0.00946253	0.227589	83.1994	53.8863	-10.2628	-0.025692	126.797	132.286	0.958511
9800	0.00946344	0.227588	83.199	53.8865	-10.2603	-0.0256923	126.8	132.285	0.958531
9801	0.00946435	0.227588	83.1986	53.8868	-10.2588	-0.0256926	126.801	132.285	0.958543
9802	0.00946527	0.227587	83.1981	53.8871	-10.2585	-0.0256929	126.801	132.285	0.958546
9803	0.00946618	0.227587	83.1977	53.8874	-10.2592	-0.0256932	126.8	132.285	0.958541
9804	0.0094671	0.227587	83.1973	53.8876	-10.2609	-0.0256935	126.798	132.284	0.958529
9805	0.00946801	0.227586	83.1968	53.8879	-10.2636	-0.0256938	126.796	132.284	0.958509
9806	0.00946893	0.227586	83.1964	53.8882	-10.267	-0.025694	126.792	132.284	0.958484
9807	0.00946984	0.227585	83.196	53.8885	-10.2711	-0.0256943	126.788	132.284	0.958454
9808	0.00947076	0.227585	83.1956	53.8887	-10.2757	-0.0256945	126.783	132.283	0.958419
9809	0.00947167	0.227584	83.1951	53.889	-10.2807	-0.0256946	126.778	132.283	0.958382
9810	0.00947259	0.227584	83.1947	53.8893	-10.2862	-0.0256948	126.772	132.283	0.958341
9811	0.0094735	0.227584	83.1943	53.8895	-10.2921	-0.0256949	126.766	132.283	0.958297
9812	0.00947442	0.227583	83.1939	53.8898	-10.2984	-0.0256949	126.76	132.282	0.95825
9813	0.00947533	0.227583	83.1935	53.8901	-10.3061	-0.0256949	126.752	132.282	0.958192
9814	0.00947625	0.227582	83.193	53.8904	-10.3177	-0.0256947	126.74	132.282	0.958106
9815	0.00947716	0.227582	83.1926	53.8906	-10.3267	-0.0256944	126.731	132.282	0.958038
9816	0.00947808	0.227582	83.1922	53.8909	-10.3336	-0.0256942	126.724	132.281	0.957987
9817	0.00947899	0.227581	83.1918	53.8911	-10.3387	-0.0256939	126.719	132.281	0.957949
9818	0.00947991	0.227581	83.1914	53.8914	-10.3423	-0.0256936	126.715	132.281	0.957922
9819	0.00948082	0.22758	83.191	53.8917	-10.3447	-0.0256933	126.712	132.281	0.957904
9820	0.00948174	0.22758	83.1906	53.8919	-10.346	-0.025693	126.711	132.28	0.957895
9821	0.00948265	0.227579	83.1901	53.8922	-10.3463	-0.0256928	126.71	132.28	0.957893
9822	0.00948356	0.227579	83.1897	53.8925	-10.3457	-0.0256925	126.711	132.28	0.957899
9823	0.00948448	0.227579	83.1893	53.8927	-10.3442	-0.0256923	126.712	132.28	0.95791
9824	0.00948539	0.227578	83.1889	53.893	-10.3396	-0.0256921	126.717	132.28	0.957945
9825	0.00948631	0.227578	83.1885	53.8932	-10.3321	-0.025692	126.724	132.279	0.958003
9826	0.00948722	0.227577	83.1881	53.8935	-10.3241	-0.0256919	126.732	132.279	0.958064
9827	0.00948814	0.227577	83.1877	53.8937	-10.3161	-0.0256918	126.74	132.279	0.958125
9828	0.00948905	0.227577	83.1873	53.894	-10.3082	-0.0256917	126.747	132.279	0.958186
9829	0.00948997	0.227576	83.1869	53.8942	-10.3005	-0.0256917	126.755	132.278	0.958244
9830	0.00949088	0.227576	83.1865	53.8945	-10.2933	-0.0256916	126.762	132.278	0.958299
9831	0.0094918	0.227575	83.1861	53.8947	-10.2866	-0.0256917	126.769	132.278	0.95835
9832	0.00949271	0.227575	83.1858	53.895	-10.2806	-0.0256918	126.774	132.278	0.958396
9833	0.00949363	0.227575	83.1854	53.8952	-10.2755	-0.0256919	126.779	132.277	0.958436
9834	0.00949454	0.227574	83.185	53.8955	-10.2712	-0.0256921	126.784	132.277	0.958468
9835	0.00949546	0.227574	83.1846	53.8957	-10.2679	-0.0256923	126.787	132.277	0.958494
9836	0.00949637	0.227574	83.1842	53.896	-10.2656	-0.0256925	126.789	132.277	0.958512
9837	0.00949729	0.227573	83.1838	53.8962	-10.2643	-0.0256928	126.79	132.277	0.958523
9838	0.0094982	0.227573	83.1834	53.8965	-10.2641	-0.0256931	126.79	132.276	0.958525
9839	0.00949911	0.227572	83.1831	53.8967	-10.2649	-0.0256934	126.789	132.276	0.958519
9840	0.00950003	0.227572	83.1827	53.8969	-10.2668	-0.0256937	126.787	132.276	0.958505
9841	0.00950094	0.227572	83.1823	53.8972	-10.2695	-0.0256939	126.784	132.276	0.958486
9842	0.00950186	0.227571	83.1819	53.8974	-10.2729	-0.0256942	126.781	132.275	0.95846
9843	0.00950277	0.227571	83.1816	53.8977	-10.277	-0.0256944	126.777	132.275	0.958429
9844	0.00950369	0.227571	83.1812	53.8979	-10.2816	-0.0256946	126.772	132.275	0.958395
9845	0.0095046	0.22757	83.1808	53.8981	-10.2867	-0.0256948	126.767	132.275	0.958358
9846	0.00950552	0.22757	83.1804	53.8984	-10.2921	-0.0256949	126.761	132.275	0.958317
9847	0.00950643	0.227569	83.1801	53.8986	-10.2978	-0.025695	126.755	132.274	0.958274
9848	0.00950735	0.227569	83.1797	53.8988	-10.304	-0.025695	126.749	132.274	0.958228
9849	0.00950826	0.227569	83.1794	53.8991	-10.3113	-0.025695	126.741	132.274	0.958174
9850	0.00950918	0.227568	83.179	53.8993	-10.3229	-0.0256948	126.73	132.274	0.958087
9851	0.00951009	0.227568	83.1786	53.8995	-10.3318	-0.0256946	126.721	132.274	0.958019
9852	0.00951101	0.227568	83.1783	53.8998	-10.3387	-0.0256943	126.714	132.273	0.957968
9853	0.00951192	0.227567	83.1779	53.9	-10.3437	-0.0256941	126.709	132.273	0.957931
9854	0.00951284	0.227567	83.1776	53.9002	-10.3472	-0.0256938	126.705	132.273	0.957905
9855	0.00951375	0.227567	83.1772	53.9004	-10.3495	-0.0256936	126.702	132.273	0.957888
9856	0.00951466	0.227566	83.1769	53.9007	-10.3506	-0.0256933	126.701	132.273	0.95788
9857	0.00951558	0.227566	83.1765	53.9009	-10.3507	-0.025693	126.701	132.272	0.957879
9858	0.00951649	0.227566	83.1762	53.9011	-10.3499	-0.0256928	126.702	132.272	0.957886
9859	0.00951741	0.227565	83.1758	53.9013	-10.3484	-0.0256926	126.703	132.272	0.957898
9860	0.00951832	0.227565	83.1755	53.9015	-10.3436	-0.0256925	126.708	132.272	0.957935
9861	0.00951924	0.227565	83.1751	53.9018	-10.3359	-0.0256924	126.715	132.272	0.957994
9862	0.00952015	0.227564	83.1748	53.902	-10.3278	-0.0256924	126.723	132.271	0.958056
9863	0.00952107	0.227564	83.1745	53.9022	-10.3196	-0.0256923	126.731	132.271	0.958118
9864	0.00952198	0.227564	83.1741	53.9024	-10.3115	-0.0256922	126.739	132.271	0.958179
9865	0.0095229	0.227563	83.1738	53.9026	-10.3038	-0.0256922	126.747	132.271	0.958239
9866	0.00952381	0.227563	83.1735	53.9028	-10.2964	-0.0256922	126.754	132.271	0.958294
9867	0.00952473	0.227563	83.1731	53.903	-10.2897	-0.0256922	126.761	132.27	0.958346
9868	0.00952564	0.227562	83.1728	53.9032	-10.2837	-0.0256923	126.767	132.27	0.958392
9869	0.00952656	0.227562	83.1725	53.9035	-10.2785	-0.0256925	126.772	132.27	0.958431
9870	0.00952747	0.227562	83.1721	53.9037	-10.2742	-0.0256927	126.776	132.27	0.958464
9871	0.00952838	0.227561	83.1718	53.9039	-10.2709	-0.0256929	126.779	132.27	0.95849
9872	0.0095293	0.227561	83.1715	53.9041	-10.2686	-0.0256931	126.781	132.269	0.958508
9873	0.00953021	0.227561	83.1712	53.9043	-10.2674	-0.0256934	126.782	132.269	0.958517
9874	0.00953113	0.22756	83.1709	53.9045	-10.2672	-0.0256937	126.782	132.269	0.958519
9875	0.00953204	0.22756	83.1705	53.9047	-10.2682	-0.025694	126.781	132.269	0.958512
9876	0.00953296	0.22756	83.1702	53.9049	-10.2701	-0.0256942	126.779	132.269	0.958498
9877	0.00953387	0.227559	83.1699	53.9051	-10.2729	-0.0256945	126.776	132.269	0.958477
9878	0.00953479	0.227559	83.1696	53.9053	-10.2765	-0.0256947	126.773	132.268	0.958451
9879	0.0095357	0.227559	83.1693	53.9055	-10.2807	-0.0256949	126.768	132.268	0.958419
9880	0.00953662	0.227558	83.169	53.9057	-10.2854	-0.0256951	126.764	132.268	0.958384
9881	0.00953753	0.227558	83.1687	53.9059	-10.2906	-0.0256952	126.758	132.268	0.958346
9882	0.00953845	0.227558	83.1684	53.9061	-10.296	-0.0256953	126.753	132.268	0.958305
9883	0.00953936	0.227558	83.1681	53.9063	-10.3018	-0.0256954	126.747	132.267	0.958261
9884	0.00954028	0.227557	83.1678	53.9064	-10.3079	-0.0256954	126.741	132.267	0.958216
9885	0.00954119	0.227557	83.1675	53.9066	-10.3149	-0.0256954	126.734	132.267	0.958163
9886	0.0095421	0.227557	83.1672	53.9068	-10.3266	-0.0256952	126.722	132.267	0.958075
9887	0.00954302	0.227556	83.1669	53.907	-10.3358	-0.0256949	126.712	132.267	0.958006
9888	0.00954393	0.227556	83.1666	53.9072	-10.3429	-0.0256947	126.705	132.267	0.957953
9889	0.00954485	0.227556	83.1663	53.9074	-10.348	-0.0256944	126.7	132.266	0.957915
9890	0.00954576	0.227555	83.166	53.9076	-10.3516	-0.0256942	126.696	132.266	0.957888
9891	0.00954668	0.227555	83.1657	53.9078	-10.3539	-0.0256939	126.694	132.266	0.957871
9892	0.00954759	0.227555	83.1654	53.9079	-10.3551	-0.0256936	126.693	132.266	0.957862
9893	0.00954851	0.227555	83.1651	53.9081	-10.3552	-0.0256934	126.692	132.266	0.957862
9894	0.00954942	0.227554	83.1649	53.9083	-10.3544	-0.0256931	126.693	132.266	0.957868
9895	0.00955034	0.227554	83.1646	53.9085	-10.3528	-0.0256929	126.695	132.265	0.957881
9896	0.00955125	0.227554	83.1643	53.9087	-10.3484	-0.0256928	126.699	132.265	0.957915
9897	0.00955217	0.227554	83.164	53.9088	-10.3406	-0.0256928	126.707	132.265	0.957974
9898	0.00955308	0.227553	83.1637	53.909	-10.3324	-0.0256927	126.715	132.265	0.958036
9899	0.009554	0.227553	83.1635	53.9092	-10.3242	-0.0256926	126.723	132.265	0.958099
9900	0.00955491	0.227553	83.1632	53.9094	-10.316	-0.0256925	126.731	132.265	0.958161
9901	0.00955582	0.227552	83.1629	53.9095	-10.3081	-0.0256925	126.739	132.264	0.958222
9902	0.00955674	0.227552	83.1627	53.9097	-10.3006	-0.0256925	126.746	132.264	0.958279
9903	0.00955765	0.227552	83.1624	53.9099	-10.2936	-0.0256926	126.753	132.264	0.958331
9904	0.00955857	0.227552	83.1621	53.91	-10.2874	-0.0256927	126.759	132.264	0.958379
9905	0.00955948	0.227551	83.1619	53.9102	-10.282	-0.0256928	126.764	132.264	0.95842
9906	0.0095604	0.227551	83.1616	53.9104	-10.2774	-0.025693	126.769	132.264	0.958455
9907	0.00956131	0.227551	83.1613	53.9105	-10.2738	-0.0256933	126.772	132.264	0.958483
9908	0.00956223	0.227551	83.1611	53.9107	-10.2712	-0.0256936	126.775	132.263	0.958503
9909	0.00956314	0.22755	83.1608	53.9109	-10.2697	-0.0256939	126.776	132.263	0.958515
9910	0.00956405	0.22755	83.1606	53.911	-10.2693	-0.0256942	126.777	132.263	0.958518
9911	0.00956497	0.22755	83.1603	53.9112	-10.2699	-0.0256945	126.776	132.263	0.958514
9912	0.00956588	0.22755	83.1601	53.9114	-10.2716	-0.0256948	126.774	132.263	0.958501
9913	0.0095668	0.227549	83.1598	53.9115	-10.2742	-0.0256951	126.771	132.263	0.958482
9914	0.00956771	0.227549	83.1596	53.9117	-10.2775	-0.0256953	126.768	132.263	0.958457
9915	0.00956863	0.227549	83.1593	53.9118	-10.2816	-0.0256955	126.764	132.262	0.958427
9916	0.00956954	0.227549	83.1591	53.912	-10.2861	-0.0256957	126.759	132.262	0.958393
9917	0.00957046	0.227548	83.1588	53.9121	-10.2911	-0.0256959	126.754	132.262	0.958355
9918	0.00957137	0.227548	83.1586	53.9123	-10.2965	-0.025696	126.749	132.262	0.958315
9919	0.00957229	0.227548	83.1584	53.9124	-10.3022	-0.0256961	126.743	132.262	0.958272
9920	0.0095732	0.227548	83.1581	53.9126	-10.3083	-0.0256961	126.737	132.262	0.958227
9921	0.00957412	0.227547	83.1579	53.9127	-10.3149	-0.0256961	126.73	132.262	0.958177
9922	0.00957503	0.227547	83.1576	53.9129	-10.3242	-0.025696	126.721	132.261	0.958108
9923	0.00957595	0.227547	83.1574	53.913	-10.3344	-0.0256957	126.71	132.261	0.958031
9924	0.00957686	0.227547	83.1572	53.9132	-10.3422	-0.0256955	126.702	132.261	0.957972
9925	0.00957777	0.227546	83.157	53.9133	-10.348	-0.0256952	126.697	132.261	0.957928
9926	0.00957869	0.227546	83.1567	53.9135	-10.3522	-0.0256949	126.692	132.261	0.957897
9927	0.0095796	0.227546	83.1565	53.9136	-10.355	-0.0256946	126.689	132.261	0.957876
9928	0.00958052	0.227546	83.1563	53.9137	-10.3566	-0.0256944	126.688	132.261	0.957864
9929	0.00958143	0.227546	83.1561	53.9139	-10.3571	-0.0256941	126.687	132.261	0.957861
9930	0.00958235	0.227545	83.1559	53.914	-10.3566	-0.0256938	126.688	132.26	0.957865
9931	0.00958326	0.227545	83.1556	53.9142	-10.3553	-0.0256936	126.689	132.26	0.957875
9932	0.00958418	0.227545	83.1554	53.9143	-10.3532	-0.0256934	126.691	132.26	0.957891
9933	0.00958509	0.227545	83.1552	53.9144	-10.3464	-0.0256933	126.698	132.26	0.957943
9934	0.00958601	0.227545	83.155	53.9146	-10.3382	-0.0256933	126.706	132.26	0.958005
9935	0.00958692	0.227544	83.1548	53.9147	-10.3298	-0.0256932	126.714	132.26	0.958069
9936	0.00958784	0.227544	83.1546	53.9148	-10.3214	-0.0256931	126.722	132.26	0.958133
9937	0.00958875	0.227544	83.1544	53.9149	-10.3132	-0.0256931	126.73	132.26	0.958195
9938	0.00958966	0.227544	83.1542	53.9151	-10.3054	-0.0256931	126.738	132.259	0.958254
9939	0.00959058	0.227544	83.154	53.9152	-10.2981	-0.0256931	126.745	132.259	0.95831
9940	0.00959149	0.227543	83.1538	53.9153	-10.2914	-0.0256932	126.752	132.259	0.95836
9941	0.00959241	0.227543	83.1536	53.9154	-10.2855	-0.0256934	126.758	132.259	0.958405
9942	0.00959332	0.227543	83.1534	53.9156	-10.2805	-0.0256935	126.763	132.259	0.958444
9943	0.00959424	0.227543	83.1532	53.9157	-10.2764	-0.0256938	126.767	132.259	0.958475
9944	0.00959515	0.227543	83.153	53.9158	-10.2733	-0.0256941	126.77	132.259	0.958499
9945	0.00959607	0.227542	83.1529	53.9159	-10.2712	-0.0256944	126.772	132.259	0.958515
9946	0.00959698	0.227542	83.1527	53.916	-10.2702	-0.0256947	126.773	132.259	0.958523
9947	0.00959789	0.227542	83.1525	53.9162	-10.2703	-0.025695	126.773	132.258	0.958522
9948	0.00959881	0.227542	83.1523	53.9163	-10.2715	-0.0256953	126.771	132.258	0.958514
9949	0.00959972	0.227542	83.1521	53.9164	-10.2735	-0.0256956	126.769	132.258	0.958498
9950	0.00960064	0.227541	83.152	53.9165	-10.2765	-0.0256959	126.766	132.258	0.958476
9951	0.00960155	0.227541	83.1518	53.9166	-10.2801	-0.0256961	126.763	132.258	0.958449
9952	0.00960247	0.227541	83.1516	53.9167	-10.2843	-0.0256963	126.758	132.258	0.958418
9953	0.00960338	0.227541	83.1514	53.9168	-10.2889	-0.0256965	126.754	132.258	0.958383
9954	0.0096043	0.227541	83.1513	53.9169	-10.2939	-0.0256967	126.749	132.258	0.958345
9955	0.00960521	0.227541	83.1511	53.917	-10.2992	-0.0256968	126.743	132.258	0.958305
9956	0.00960612	0.22754	83.1509	53.9171	-10.3048	-0.0256969	126.738	132.258	0.958264
9957	0.00960704	0.22754	83.1508	53.9172	-10.3107	-0.0256969	126.732	132.257	0.958219
9958	0.00960795	0.22754	83.1506	53.9174	-10.3174	-0.0256969	126.725	132.257	0.958169
9959	0.00960887	0.22754	83.1505	53.9175	-10.3288	-0.0256967	126.713	132.257	0.958083
9960	0.00960978	0.22754	83.1503	53.9176	-10.3376	-0.0256965	126.705	132.257	0.958017
9961	0.0096107	0.22754	83.1501	53.9177	-10.3442	-0.0256962	126.698	132.257	0.957967
9962	0.00961161	0.22754	83.15	53.9177	-10.3489	-0.025696	126.693	132.257	0.957931
9963	0.00961253	0.227539	83.1498	53.9178	-10.3522	-0.0256957	126.69	132.257	0.957907
9964	0.00961344	0.227539	83.1497	53.9179	-10.3542	-0.0256954	126.688	132.257	0.957892
9965	0.00961436	0.227539	83.1495	53.918	-10.3552	-0.0256952	126.687	132.257	0.957885
9966	0.00961527	0.227539	83.1494	53.9181	-10.3551	-0.0256949	126.687	132.257	0.957886
9967	0.00961619	0.227539	83.1493	53.9182	-10.3541	-0.0256947	126.688	132.257	0.957893
9968	0.0096171	0.227539	83.1491	53.9183	-10.3524	-0.0256944	126.689	132.256	0.957906
9969	0.00961801	0.227539	83.149	53.9184	-10.347	-0.0256943	126.695	132.256	0.957947
9970	0.00961893	0.227538	83.1488	53.9185	-10.3392	-0.0256943	126.702	132.256	0.958006
9971	0.00961984	0.227538	83.1487	53.9186	-10.331	-0.0256942	126.711	132.256	0.958068
9972	0.00962076	0.227538	83.1486	53.9186	-10.3228	-0.0256941	126.719	132.256	0.958131
9973	0.00962167	0.227538	83.1484	53.9187	-10.3148	-0.025694	126.727	132.256	0.958192
9974	0.00962259	0.227538	83.1483	53.9188	-10.307	-0.025694	126.734	132.256	0.958251
9975	0.0096235	0.227538	83.1482	53.9189	-10.2997	-0.025694	126.742	132.256	0.958306
9976	0.00962442	0.227538	83.1481	53.919	-10.2929	-0.025694	126.748	132.256	0.958357
9977	0.00962533	0.227537	83.1479	53.919	-10.2869	-0.0256941	126.754	132.256	0.958403
9978	0.00962625	0.227537	83.1478	53.9191	-10.2816	-0.0256943	126.76	132.256	0.958443
9979	0.00962716	0.227537	83.1477	53.9192	-10.2773	-0.0256945	126.764	132.256	0.958477
9980	0.00962807	0.227537	83.1476	53.9193	-10.2738	-0.0256948	126.767	132.256	0.958503
9981	0.00962899	0.227537	83.1475	53.9193	-10.2713	-0.0256951	126.77	132.256	0.958522
9982	0.0096299	0.227537	83.1474	53.9194	-10.2699	-0.0256954	126.771	132.255	0.958533
9983	0.00963082	0.227537	83.1473	53.9195	-10.2695	-0.0256957	126.772	132.255	0.958536
9984	0.00963173	0.227537	83.1472	53.9195	-10.2701	-0.025696	126.771	132.255	0.958531
9985	0.00963265	0.227537	83.147	53.9196	-10.2717	-0.0256964	126.769	132.255	0.95852
9986	0.00963356	0.227536	83.1469	53.9197	-10.2741	-0.0256967	126.767	132.255	0.958501
9987	0.00963448	0.227536	83.1468	53.9197	-10.2773	-0.0256969	126.764	132.255	0.958477
9988	0.00963539	0.227536	83.1467	53.9198	-10.2811	-0.0256972	126.76	132.255	0.958449
9989	0.0096363	0.227536	83.1467	53.9199	-10.2854	-0.0256974	126.755	132.255	0.958416
9990	0.00963722	0.227536	83.1466	53.9199	-10.2901	-0.0256976	126.751	132.255	0.958381
9991	0.00963813	0.227536	83.1465	53.92	-10.2952	-0.0256978	126.746	132.255	0.958343
9992	0.00963905	0.227536	83.1464	53.92	-10.3005	-0.0256979	126.74	132.255	0.958303
9993	0.00963996	0.227536	83.1463	53.9201	-10.3061	-0.025698	126.735	132.255	0.95826
9994	0.00964088	0.227536	83.1462	53.9202	-10.3123	-0.025698	126.728	132.255	0.958214
9995	0.00964179	0.227536	83.1461	53.9202	-10.3208	-0.0256979	126.72	132.255	0.958149
9996	0.00964271	0.227536	83.146	53.9203	-10.3308	-0.0256977	126.71	132.255	0.958074
9997	0.00964362	0.227535	83.146	53.9203	-10.3383	-0.0256975	126.702	132.255	0.958018
9998	0.00964453	0.227535	83.1459	53.9204	-10.3438	-0.0256972	126.697	132.255	0.957976
9999	0.00964545	0.227535	83.1458	53.9204	-10.3477	-0.025697	126.693	132.255	0.957947
10000	0.00964636	0.227535	83.1457	53.9205	-10.3502	-0.0256967	126.69	132.255	0.957928
10001	0.00964728	0.227535	83.1456	53.9205	-10.3515	-0.0256964	126.689	132.254	0.957918
10002	0.00964819	0.227535	83.1456	53.9205	-10.3518	-0.0256962	126.689	132.254	0.957916
10003	0.00964911	0.227535	83.1455	53.9206	-10.3511	-0.025696	126.689	132.254	0.957921
10004	0.00965002	0.227535	83.1454	53.9206	-10.3496	-0.0256957	126.691	132.254	0.957933
10005	0.00965094	0.227535	83.1454	53.9207	-10.3473	-0.0256955	126.693	132.254	0.95795
10006	0.00965185	0.227535	83.1453	53.9207	-10.3403	-0.0256955	126.7	132.254	0.958003
10007	0.00965277	0.227535	83.1453	53.9207	-10.3321	-0.0256954	126.708	132.254	0.958066
10008	0.00965368	0.227535	83.1452	53.9208	-10.3236	-0.0256954	126.717	132.254	0.95813
10009	0.00965459	0.227535	83.1451	53.9208	-10.3152	-0.0256953	126.725	132.254	0.958193
10010	0.00965551	0.227535	83.1451	53.9209	-10.307	-0.0256953	126.733	132.254	0.958255
10011	0.00965642	0.227535	83.145	53.9209	-10.2992	-0.0256953	126.741	132.254	0.958314
10012	0.00965734	0.227534	83.145	53.9209	-10.292	-0.0256953	126.748	132.254	0.958369
10013	0.00965825	0.227534	83.1449	53.921	-10.2853	-0.0256954	126.755	132.254	0.958419
10014	0.00965917	0.227534	83.1449	53.921	-10.2795	-0.0256955	126.761	132.254	0.958464
10015	0.00966008	0.227534	83.1448	53.921	-10.2745	-0.0256957	126.766	132.254	0.958501
10016	0.00966099	0.227534	83.1448	53.921	-10.2705	-0.0256959	126.77	132.254	0.958532
10017	0.00966191	0.227534	83.1447	53.9211	-10.2675	-0.0256962	126.773	132.254	0.958555
10018	0.00966282	0.227534	83.1447	53.9211	-10.2654	-0.0256965	126.775	132.254	0.95857
10019	0.00966374	0.227534	83.1447	53.9211	-10.2645	-0.0256968	126.776	132.254	0.958578
10020	0.00966465	0.227534	83.1446	53.9211	-10.2646	-0.0256971	126.775	132.254	0.958577
10021	0.00966557	0.227534	83.1446	53.9212	-10.2658	-0.0256974	126.774	132.254	0.958568
10022	0.00966648	0.227534	83.1446	53.9212	-10.2679	-0.0256977	126.772	132.254	0.958552
10023	0.0096674	0.227534	83.1445	53.9212	-10.2708	-0.025698	126.769	132.254	0.95853
10024	0.00966831	0.227534	83.1445	53.9212	-10.2744	-0.0256983	126.766	132.254	0.958503
10025	0.00966923	0.227534	83.1445	53.9212	-10.2785	-0.0256985	126.761	132.254	0.958472
10026	0.00967014	0.227534	83.1444	53.9213	-10.2831	-0.0256987	126.757	132.254	0.958437
10027	0.00967105	0.227534	83.1444	53.9213	-10.288	-0.0256988	126.752	132.254	0.9584
10028	0.00967197	0.227534	83.1444	53.9213	-10.2932	-0.025699	126.747	132.254	0.958361
10029	0.00967288	0.227534	83.1444	53.9213	-10.2986	-0.0256991	126.741	132.254	0.95832
10030	0.0096738	0.227534	83.1443	53.9213	-10.3043	-0.0256991	126.736	132.254	0.958277
10031	0.00967471	0.227534	83.1443	53.9213	-10.3107	-0.0256991	126.729	132.254	0.958229
10032	0.00967563	0.227534	83.1443	53.9213	-10.3208	-0.025699	126.719	132.254	0.958152
10033	0.00967654	0.227534	83.1443	53.9214	-10.3297	-0.0256988	126.71	132.254	0.958085
10034	0.00967746	0.227534	83.1443	53.9214	-10.3363	-0.0256986	126.704	132.254	0.958035
10035	0.00967837	0.227534	83.1442	53.9214	-10.341	-0.0256984	126.699	132.254	0.957999
10036	0.00967928	0.227534	83.1442	53.9214	-10.3442	-0.0256981	126.696	132.254	0.957976
10037	0.0096802	0.227534	83.1442	53.9214	-10.346	-0.0256979	126.694	132.254	0.957961
10038	0.00968111	0.227534	83.1442	53.9214	-10.3468	-0.0256977	126.693	132.254	0.957956
10039	0.00968203	0.227534	83.1442	53.9214	-10.3466	-0.0256975	126.693	132.254	0.957958
10040	0.00968294	0.227534	83.1442	53.9214	-10.3454	-0.0256973	126.694	132.254	0.957966
10041	0.00968386	0.227534	83.1442	53.9214	-10.3435	-0.0256971	126.696	132.254	0.957981
10042	0.00968477	0.227534	83.1441	53.9215	-10.3388	-0.025697	126.701	132.254	0.958017
10043	0.00968569	0.227534	83.1441	53.9215	-10.3308	-0.025697	126.709	132.254	0.958077
10044	0.0096866	0.227534	83.1441	53.9215	-10.3225	-0.0256969	126.717	132.254	0.95814
10045	0.00968751	0.227534	83.1441	53.9215	-10.3141	-0.0256968	126.726	132.254	0.958203
10046	0.00968843	0.227534	83.1441	53.9215	-10.3058	-0.0256968	126.734	132.254	0.958266
10047	0.00968934	0.227534	83.1441	53.9215	-10.2978	-0.0256967	126.742	132.254	0.958326
10048	0.00969026	0.227534	83.1441	53.9215	-10.2903	-0.0256967	126.75	132.254	0.958383
10049	0.00969117	0.227534	83.1441	53.9215	-10.2834	-0.0256968	126.756	132.254	0.958436
10050	0.00969209	0.227534	83.144	53.9215	-10.2771	-0.0256969	126.763	132.254	0.958483
10051	0.009693	0.227534	83.144	53.9215	-10.2716	-0.0256971	126.768	132.254	0.958524
10052	0.00969392	0.227534	83.144	53.9215	-10.2671	-0.0256973	126.773	132.254	0.958559
10053	0.00969483	0.227534	83.144	53.9215	-10.2634	-0.0256975	126.776	132.254	0.958586
10054	0.00969574	0.227534	83.144	53.9215	-10.2608	-0.0256978	126.779	132.254	0.958607
10055	0.00969666	0.227534	83.144	53.9215	-10.2591	-0.0256981	126.781	132.254	0.958619
10056	0.00969757	0.227533	83.144	53.9215	-10.2585	-0.0256984	126.781	132.253	0.958624
10057	0.00969849	0.227533	83.144	53.9215	-10.259	-0.0256987	126.781	132.253	0.95862
10058	0.0096994	0.227533	83.144	53.9215	-10.2604	-0.025699	126.779	132.253	0.958609
10059	0.00970032	0.227533	83.144	53.9215	-10.2628	-0.0256993	126.777	132.253	0.958591
10060	0.00970123	0.227533	83.144	53.9215	-10.2659	-0.0256996	126.774	132.253	0.958568
10061	0.00970214	0.227534	83.144	53.9215	-10.2696	-0.0256999	126.77	132.254	0.95854
10062	0.00970306	0.227534	83.144	53.9215	-10.2739	-0.0257001	126.766	132.254	0.958507
10063	0.00970397	0.227534	83.144	53.9215	-10.2786	-0.0257003	126.761	132.254	0.958472
10064	0.00970489	0.227534	83.144	53.9215	-10.2836	-0.0257004	126.756	132.254	0.958434
10065	0.0097058	0.227534	83.1441	53.9215	-10.2889	-0.0257005	126.751	132.254	0.958393
10066	0.00970672	0.227534	83.1441	53.9215	-10.2946	-0.0257006	126.745	132.254	0.958351
10067	0.00970763	0.227534	83.1441	53.9215	-10.3007	-0.0257006	126.739	132.254	0.958305
10068	0.00970855	0.227534	83.1441	53.9215	-10.3086	-0.0257005	126.731	132.254	0.958245
10069	0.00970946	0.227534	83.1441	53.9215	-10.319	-0.0257003	126.721	132.254	0.958166
10070	0.00971037	0.227534	83.1441	53.9214	-10.3268	-0.0257001	126.713	132.254	0.958107
10071	0.00971129	0.227534	83.1442	53.9214	-10.3326	-0.0256998	126.707	132.254	0.958063
10072	0.0097122	0.227534	83.1442	53.9214	-10.3367	-0.0256996	126.703	132.254	0.958033
10073	0.00971312	0.227534	83.1442	53.9214	-10.3393	-0.0256993	126.701	132.254	0.958012
10074	0.00971403	0.227534	83.1443	53.9214	-10.3408	-0.025699	126.699	132.254	0.958001
10075	0.00971495	0.227534	83.1443	53.9213	-10.3412	-0.0256988	126.699	132.254	0.957998
10076	0.00971586	0.227534	83.1443	53.9213	-10.3406	-0.0256985	126.699	132.254	0.958003
10077	0.00971678	0.227534	83.1444	53.9213	-10.3391	-0.0256983	126.701	132.254	0.958014
10078	0.00971769	0.227534	83.1444	53.9213	-10.3369	-0.0256981	126.703	132.254	0.958031
10079	0.00971861	0.227534	83.1445	53.9212	-10.3302	-0.0256981	126.71	132.254	0.958081
10080	0.00971952	0.227534	83.1445	53.9212	-10.3219	-0.0256981	126.718	132.254	0.958144
10081	0.00972043	0.227534	83.1445	53.9212	-10.3133	-0.025698	126.727	132.254	0.958208
10082	0.00972135	0.227534	83.1446	53.9211	-10.3048	-0.025698	126.735	132.254	0.958273
10083	0.00972226	0.227534	83.1447	53.9211	-10.2965	-0.0256979	126.744	132.254	0.958336
10084	0.00972318	0.227534	83.1447	53.9211	-10.2885	-0.0256979	126.752	132.254	0.958396
10085	0.00972409	0.227534	83.1448	53.921	-10.281	-0.025698	126.759	132.254	0.958453
10086	0.00972501	0.227534	83.1448	53.921	-10.2741	-0.0256981	126.766	132.254	0.958504
10087	0.00972592	0.227534	83.1449	53.921	-10.268	-0.0256983	126.772	132.254	0.958551
10088	0.00972683	0.227534	83.145	53.9209	-10.2628	-0.0256985	126.777	132.254	0.95859
10089	0.00972775	0.227534	83.145	53.9209	-10.2584	-0.0256987	126.782	132.254	0.958623
10090	0.00972866	0.227535	83.1451	53.9208	-10.2551	-0.025699	126.785	132.254	0.958648
10091	0.00972958	0.227535	83.1452	53.9208	-10.2528	-0.0256993	126.787	132.254	0.958665
10092	0.00973049	0.227535	83.1452	53.9207	-10.2516	-0.0256997	126.789	132.254	0.958674
10093	0.00973141	0.227535	83.1453	53.9207	-10.2514	-0.0257	126.789	132.254	0.958675
10094	0.00973232	0.227535	83.1454	53.9206	-10.2524	-0.0257003	126.788	132.254	0.958668
10095	0.00973324	0.227535	83.1455	53.9206	-10.2543	-0.0257006	126.786	132.254	0.958654
10096	0.00973415	0.227535	83.1456	53.9205	-10.257	-0.0257009	126.783	132.254	0.958633
10097	0.00973506	0.227535	83.1457	53.9205	-10.2604	-0.0257012	126.78	132.254	0.958607
10098	0.00973598	0.227535	83.1458	53.9204	-10.2645	-0.0257014	126.776	132.254	0.958576
10099	0.00973689	0.227535	83.1458	53.9203	-10.269	-0.0257016	126.771	132.255	0.958542
10100	0.00973781	0.227535	83.1459	53.9203	-10.2739	-0.0257018	126.767	132.255	0.958505
10101	0.00973872	0.227535	83.146	53.9202	-10.2791	-0.0257019	126.761	132.255	0.958465
10102	0.00973964	0.227536	83.1461	53.9201	-10.2845	-0.025702	126.756	132.255	0.958424
10103	0.00974055	0.227536	83.1462	53.9201	-10.2903	-0.025702	126.75	132.255	0.95838
10104	0.00974146	0.227536	83.1463	53.92	-10.2971	-0.025702	126.744	132.255	0.958329
10105	0.00974238	0.227536	83.1465	53.9199	-10.3083	-0.0257018	126.732	132.255	0.958244
10106	0.00974329	0.227536	83.1466	53.9199	-10.3169	-0.0257016	126.724	132.255	0.958178
10107	0.00974421	0.227536	83.1467	53.9198	-10.3234	-0.0257013	126.717	132.255	0.95813
10108	0.00974512	0.227536	83.1468	53.9197	-10.3279	-0.0257011	126.713	132.255	0.958095
10109	0.00974604	0.227536	83.1469	53.9196	-10.331	-0.0257009	126.71	132.255	0.958071
10110	0.00974695	0.227536	83.147	53.9196	-10.3329	-0.0257006	126.708	132.255	0.958057
10111	0.00974787	0.227537	83.1472	53.9195	-10.3336	-0.0257004	126.707	132.255	0.958051
10112	0.00974878	0.227537	83.1473	53.9194	-10.3334	-0.0257001	126.708	132.255	0.958053
10113	0.00974969	0.227537	83.1474	53.9193	-10.3323	-0.0256999	126.709	132.255	0.958061
10114	0.00975061	0.227537	83.1475	53.9192	-10.3304	-0.0256997	126.711	132.255	0.958075
10115	0.00975152	0.227537	83.1477	53.9192	-10.3251	-0.0256996	126.716	132.256	0.958115
10116	0.00975244	0.227537	83.1478	53.9191	-10.3171	-0.0256996	126.724	132.256	0.958175
10117	0.00975335	0.227537	83.148	53.919	-10.3088	-0.0256995	126.732	132.256	0.958238
10118	0.00975427	0.227537	83.1481	53.9189	-10.3005	-0.0256994	126.741	132.256	0.958301
10119	0.00975518	0.227538	83.1483	53.9188	-10.2923	-0.0256994	126.749	132.256	0.958362
10120	0.0097561	0.227538	83.1484	53.9187	-10.2844	-0.0256994	126.757	132.256	0.958422
10121	0.00975701	0.227538	83.1486	53.9186	-10.277	-0.0256994	126.764	132.256	0.958478
10122	0.00975792	0.227538	83.1487	53.9185	-10.2701	-0.0256994	126.771	132.256	0.958529
10123	0.00975884	0.227538	83.1489	53.9184	-10.2639	-0.0256996	126.778	132.256	0.958576
10124	0.00975975	0.227538	83.149	53.9183	-10.2586	-0.0256997	126.783	132.256	0.958616
10125	0.00976067	0.227539	83.1492	53.9182	-10.2541	-0.0257	126.788	132.256	0.958649
10126	0.00976158	0.227539	83.1493	53.9181	-10.2506	-0.0257002	126.791	132.257	0.958676
10127	0.0097625	0.227539	83.1495	53.918	-10.2481	-0.0257005	126.794	132.257	0.958695
10128	0.00976341	0.227539	83.1497	53.9179	-10.2465	-0.0257009	126.795	132.257	0.958706
10129	0.00976432	0.227539	83.1499	53.9178	-10.2461	-0.0257012	126.796	132.257	0.958709
10130	0.00976524	0.227539	83.15	53.9176	-10.2467	-0.0257015	126.795	132.257	0.958705
10131	0.00976615	0.22754	83.1502	53.9175	-10.2482	-0.0257018	126.794	132.257	0.958693
10132	0.00976707	0.22754	83.1504	53.9174	-10.2506	-0.0257022	126.791	132.257	0.958674
10133	0.00976798	0.22754	83.1506	53.9173	-10.2538	-0.0257024	126.788	132.257	0.95865
10134	0.0097689	0.22754	83.1508	53.9172	-10.2575	-0.0257027	126.785	132.257	0.958621
10135	0.00976981	0.22754	83.151	53.9171	-10.2618	-0.0257029	126.78	132.257	0.958589
10136	0.00977073	0.22754	83.1511	53.9169	-10.2665	-0.0257032	126.776	132.258	0.958553
10137	0.00977164	0.227541	83.1513	53.9168	-10.2715	-0.0257033	126.771	132.258	0.958515
10138	0.00977255	0.227541	83.1515	53.9167	-10.2769	-0.0257035	126.766	132.258	0.958474
10139	0.00977347	0.227541	83.1517	53.9166	-10.2827	-0.0257035	126.76	132.258	0.95843
10140	0.00977438	0.227541	83.1519	53.9164	-10.2893	-0.0257036	126.753	132.258	0.958379
10141	0.0097753	0.227541	83.1522	53.9163	-10.3009	-0.0257034	126.742	132.258	0.958292
10142	0.00977621	0.227542	83.1524	53.9162	-10.3097	-0.0257032	126.733	132.258	0.958225
10143	0.00977713	0.227542	83.1526	53.916	-10.3165	-0.025703	126.726	132.258	0.958173
10144	0.00977804	0.227542	83.1528	53.9159	-10.3213	-0.0257027	126.722	132.258	0.958136
10145	0.00977896	0.227542	83.153	53.9157	-10.3248	-0.0257025	126.718	132.259	0.95811
10146	0.00977987	0.227542	83.1532	53.9156	-10.3269	-0.0257022	126.716	132.259	0.958094
10147	0.00978078	0.227543	83.1534	53.9155	-10.3279	-0.025702	126.715	132.259	0.958085
10148	0.0097817	0.227543	83.1537	53.9153	-10.3279	-0.0257017	126.715	132.259	0.958085
10149	0.00978261	0.227543	83.1539	53.9152	-10.327	-0.0257015	126.716	132.259	0.958092
10150	0.00978353	0.227543	83.1541	53.915	-10.3253	-0.0257013	126.718	132.259	0.958104
10151	0.00978444	0.227544	83.1543	53.9149	-10.3208	-0.0257012	126.723	132.259	0.958138
10152	0.00978536	0.227544	83.1546	53.9147	-10.3129	-0.0257011	126.731	132.259	0.958197
10153	0.00978627	0.227544	83.1548	53.9146	-10.3046	-0.0257011	126.739	132.26	0.95826
10154	0.00978718	0.227544	83.1551	53.9144	-10.2961	-0.025701	126.748	132.26	0.958324
10155	0.0097881	0.227545	83.1553	53.9143	-10.2878	-0.0257009	126.756	132.26	0.958386
10156	0.00978901	0.227545	83.1555	53.9141	-10.2797	-0.0257009	126.764	132.26	0.958447
10157	0.00978993	0.227545	83.1558	53.914	-10.2721	-0.025701	126.772	132.26	0.958504
10158	0.00979084	0.227545	83.156	53.9138	-10.265	-0.025701	126.779	132.26	0.958558
10159	0.00979176	0.227545	83.1563	53.9136	-10.2586	-0.0257012	126.786	132.26	0.958605
10160	0.00979267	0.227546	83.1565	53.9135	-10.2531	-0.0257013	126.791	132.261	0.958647
10161	0.00979358	0.227546	83.1568	53.9133	-10.2484	-0.0257016	126.796	132.261	0.958682
10162	0.0097945	0.227546	83.157	53.9132	-10.2447	-0.0257018	126.8	132.261	0.958709
10163	0.00979541	0.227546	83.1573	53.913	-10.242	-0.0257021	126.803	132.261	0.958729
10164	0.00979633	0.227547	83.1576	53.9128	-10.2404	-0.0257025	126.804	132.261	0.958741
10165	0.00979724	0.227547	83.1578	53.9127	-10.2399	-0.0257028	126.805	132.261	0.958745
10166	0.00979816	0.227547	83.1581	53.9125	-10.2405	-0.0257031	126.804	132.262	0.95874
10167	0.00979907	0.227548	83.1583	53.9123	-10.2421	-0.0257034	126.803	132.262	0.958727
10168	0.00979999	0.227548	83.1586	53.9122	-10.2446	-0.0257037	126.8	132.262	0.958708
10169	0.0098009	0.227548	83.1589	53.912	-10.248	-0.025704	126.797	132.262	0.958682
10170	0.00980181	0.227548	83.1592	53.9118	-10.2519	-0.0257042	126.793	132.262	0.958652
10171	0.00980273	0.227549	83.1594	53.9116	-10.2564	-0.0257045	126.789	132.262	0.958617
10172	0.00980364	0.227549	83.1597	53.9115	-10.2614	-0.0257046	126.784	132.262	0.95858
10173	0.00980456	0.227549	83.16	53.9113	-10.2667	-0.0257048	126.779	132.263	0.958539
10174	0.00980547	0.227549	83.1603	53.9111	-10.2723	-0.0257049	126.773	132.263	0.958496
10175	0.00980639	0.22755	83.1605	53.9109	-10.2783	-0.0257049	126.767	132.263	0.95845
10176	0.0098073	0.22755	83.1608	53.9107	-10.2852	-0.025705	126.761	132.263	0.958398
10177	0.00980822	0.22755	83.1611	53.9106	-10.2969	-0.0257048	126.749	132.263	0.958309
10178	0.00980913	0.227551	83.1614	53.9104	-10.306	-0.0257046	126.74	132.263	0.95824
10179	0.00981004	0.227551	83.1617	53.9102	-10.3128	-0.0257044	126.733	132.264	0.958188
10180	0.00981096	0.227551	83.162	53.91	-10.3178	-0.0257041	126.728	132.264	0.95815
10181	0.00981187	0.227551	83.1623	53.9098	-10.3212	-0.0257039	126.725	132.264	0.958124
10182	0.00981279	0.227552	83.1626	53.9096	-10.3234	-0.0257037	126.723	132.264	0.958107
10183	0.0098137	0.227552	83.1629	53.9094	-10.3244	-0.0257034	126.722	132.264	0.958099
10184	0.00981462	0.227552	83.1631	53.9093	-10.3244	-0.0257032	126.722	132.264	0.958099
10185	0.00981553	0.227553	83.1634	53.9091	-10.3234	-0.025703	126.723	132.265	0.958105
10186	0.00981645	0.227553	83.1637	53.9089	-10.3216	-0.0257028	126.725	132.265	0.958118
10187	0.00981736	0.227553	83.164	53.9087	-10.3174	-0.0257027	126.73	132.265	0.95815
10188	0.00981827	0.227553	83.1643	53.9085	-10.3096	-0.0257027	126.738	132.265	0.958209
10189	0.00981919	0.227554	83.1647	53.9083	-10.3012	-0.0257027	126.746	132.265	0.958272
10190	0.0098201	0.227554	83.165	53.9081	-10.2927	-0.0257027	126.755	132.265	0.958335
10191	0.00982102	0.227554	83.1653	53.9079	-10.2844	-0.0257026	126.763	132.266	0.958398
10192	0.00982193	0.227555	83.1656	53.9077	-10.2764	-0.0257026	126.771	132.266	0.958458
10193	0.00982285	0.227555	83.1659	53.9075	-10.2688	-0.0257027	126.779	132.266	0.958515
10194	0.00982376	0.227555	83.1662	53.9073	-10.2617	-0.0257027	126.786	132.266	0.958568
10195	0.00982467	0.227556	83.1665	53.9071	-10.2554	-0.0257029	126.793	132.266	0.958615
10196	0.00982559	0.227556	83.1668	53.9069	-10.2499	-0.025703	126.798	132.267	0.958656
10197	0.0098265	0.227556	83.1671	53.9067	-10.2453	-0.0257032	126.803	132.267	0.958691
10198	0.00982742	0.227557	83.1675	53.9065	-10.2417	-0.0257035	126.807	132.267	0.958718
10199	0.00982833	0.227557	83.1678	53.9063	-10.239	-0.0257038	126.809	132.267	0.958737
10200	0.00982925	0.227557	83.1681	53.9061	-10.2374	-0.0257041	126.811	132.267	0.958749
10201	0.00983016	0.227557	83.1684	53.9059	-10.2368	-0.0257044	126.812	132.267	0.958753
10202	0.00983107	0.227558	83.1688	53.9057	-10.2374	-0.0257047	126.811	132.268	0.958748
10203	0.00983199	0.227558	83.1691	53.9055	-10.2389	-0.0257051	126.81	132.268	0.958736
10204	0.0098329	0.227558	83.1694	53.9053	-10.2414	-0.0257054	126.808	132.268	0.958717
10205	0.00983382	0.227559	83.1697	53.905	-10.2446	-0.0257056	126.804	132.268	0.958692
10206	0.00983473	0.227559	83.1701	53.9048	-10.2485	-0.0257059	126.801	132.268	0.958662
10207	0.00983565	0.227559	83.1704	53.9046	-10.2529	-0.0257061	126.796	132.269	0.958628
10208	0.00983656	0.22756	83.1707	53.9044	-10.2578	-0.0257063	126.792	132.269	0.958591
10209	0.00983747	0.22756	83.1711	53.9042	-10.263	-0.0257065	126.787	132.269	0.958551
10210	0.00983839	0.22756	83.1714	53.904	-10.2686	-0.0257066	126.781	132.269	0.958508
10211	0.0098393	0.227561	83.1717	53.9038	-10.2747	-0.0257067	126.775	132.269	0.958462
10212	0.00984022	0.227561	83.1721	53.9035	-10.2817	-0.0257067	126.768	132.27	0.958408
10213	0.00984113	0.227561	83.1724	53.9033	-10.2935	-0.0257065	126.757	132.27	0.958319
10214	0.00984205	0.227562	83.1728	53.9031	-10.3026	-0.0257063	126.748	132.27	0.958249
10215	0.00984296	0.227562	83.1731	53.9029	-10.3096	-0.0257061	126.741	132.27	0.958196
10216	0.00984388	0.227562	83.1735	53.9027	-10.3148	-0.0257058	126.736	132.27	0.958156
10217	0.00984479	0.227563	83.1738	53.9024	-10.3185	-0.0257056	126.732	132.271	0.958128
10218	0.0098457	0.227563	83.1742	53.9022	-10.3209	-0.0257053	126.73	132.271	0.958109
10219	0.00984662	0.227563	83.1745	53.902	-10.3222	-0.0257051	126.729	132.271	0.958099
10220	0.00984753	0.227564	83.1749	53.9018	-10.3225	-0.0257048	126.728	132.271	0.958096
10221	0.00984845	0.227564	83.1752	53.9015	-10.3218	-0.0257046	126.729	132.271	0.958101
10222	0.00984936	0.227565	83.1756	53.9013	-10.3203	-0.0257044	126.731	132.272	0.958111
10223	0.00985028	0.227565	83.1759	53.9011	-10.3165	-0.0257042	126.735	132.272	0.958139
10224	0.00985119	0.227565	83.1763	53.9009	-10.3089	-0.0257042	126.742	132.272	0.958196
10225	0.00985211	0.227566	83.1767	53.9006	-10.3008	-0.0257042	126.751	132.272	0.958258
10226	0.00985302	0.227566	83.177	53.9004	-10.2924	-0.0257041	126.759	132.272	0.95832
10227	0.00985393	0.227566	83.1774	53.9002	-10.2842	-0.0257041	126.768	132.273	0.958382
10228	0.00985485	0.227567	83.1777	53.8999	-10.2762	-0.0257041	126.776	132.273	0.958442
10229	0.00985576	0.227567	83.1781	53.8997	-10.2686	-0.0257041	126.784	132.273	0.958499
10230	0.00985668	0.227567	83.1785	53.8995	-10.2615	-0.0257042	126.791	132.273	0.958552
10231	0.00985759	0.227568	83.1788	53.8992	-10.2552	-0.0257043	126.797	132.273	0.958599
10232	0.00985851	0.227568	83.1792	53.899	-10.2496	-0.0257045	126.803	132.274	0.958641
10233	0.00985942	0.227569	83.1796	53.8988	-10.2449	-0.0257047	126.808	132.274	0.958676
10234	0.00986033	0.227569	83.18	53.8985	-10.2412	-0.025705	126.812	132.274	0.958703
10235	0.00986125	0.227569	83.1803	53.8983	-10.2384	-0.0257053	126.814	132.274	0.958724
10236	0.00986216	0.22757	83.1807	53.898	-10.2367	-0.0257056	126.816	132.274	0.958736
10237	0.00986308	0.22757	83.1811	53.8978	-10.2361	-0.025706	126.817	132.275	0.95874
10238	0.00986399	0.22757	83.1815	53.8976	-10.2366	-0.0257063	126.817	132.275	0.958736
10239	0.00986491	0.227571	83.1818	53.8973	-10.2381	-0.0257067	126.815	132.275	0.958724
10240	0.00986582	0.227571	83.1822	53.8971	-10.2406	-0.025707	126.813	132.275	0.958705
10241	0.00986673	0.227571	83.1826	53.8968	-10.2438	-0.0257073	126.81	132.276	0.95868
10242	0.00986765	0.227572	83.183	53.8966	-10.2478	-0.0257075	126.806	132.276	0.958649
10243	0.00986856	0.227572	83.1834	53.8963	-10.2523	-0.0257078	126.802	132.276	0.958615
10244	0.00986948	0.227573	83.1837	53.8961	-10.2572	-0.025708	126.797	132.276	0.958576
10245	0.00987039	0.227573	83.1841	53.8959	-10.2626	-0.0257081	126.792	132.276	0.958535
10246	0.00987131	0.227573	83.1845	53.8956	-10.2684	-0.0257082	126.786	132.277	0.958491
10247	0.00987222	0.227574	83.1849	53.8954	-10.2746	-0.0257083	126.78	132.277	0.958444
10248	0.00987313	0.227574	83.1853	53.8951	-10.2819	-0.0257083	126.773	132.277	0.958388
10249	0.00987405	0.227575	83.1857	53.8949	-10.2937	-0.0257081	126.761	132.277	0.958298
10250	0.00987496	0.227575	83.1861	53.8946	-10.3029	-0.0257079	126.752	132.278	0.958228
10251	0.00987588	0.227575	83.1865	53.8944	-10.31	-0.0257077	126.745	132.278	0.958174
10252	0.00987679	0.227576	83.1869	53.8941	-10.3151	-0.0257074	126.74	132.278	0.958134
10253	0.00987771	0.227576	83.1873	53.8939	-10.3188	-0.0257072	126.737	132.278	0.958106
10254	0.00987862	0.227576	83.1876	53.8936	-10.3212	-0.0257069	126.734	132.278	0.958087
10255	0.00987954	0.227577	83.188	53.8933	-10.3224	-0.0257067	126.733	132.279	0.958077
10256	0.00988045	0.227577	83.1884	53.8931	-10.3226	-0.0257064	126.733	132.279	0.958075
10257	0.00988136	0.227578	83.1888	53.8928	-10.3219	-0.0257062	126.734	132.279	0.95808
10258	0.00988228	0.227578	83.1892	53.8926	-10.3203	-0.025706	126.736	132.279	0.958092
10259	0.00988319	0.227578	83.1896	53.8923	-10.3165	-0.0257059	126.74	132.28	0.95812
10260	0.00988411	0.227579	83.19	53.8921	-10.3089	-0.0257059	126.748	132.28	0.958177
10261	0.00988502	0.227579	83.1905	53.8918	-10.3007	-0.0257059	126.756	132.28	0.958238
10262	0.00988594	0.22758	83.1909	53.8916	-10.2924	-0.0257058	126.764	132.28	0.958301
10263	0.00988685	0.22758	83.1913	53.8913	-10.2842	-0.0257058	126.773	132.281	0.958362
10264	0.00988776	0.22758	83.1917	53.891	-10.2763	-0.0257058	126.781	132.281	0.958421
10265	0.00988868	0.227581	83.1921	53.8908	-10.2688	-0.0257058	126.788	132.281	0.958477
10266	0.00988959	0.227581	83.1925	53.8905	-10.2619	-0.0257058	126.795	132.281	0.958529
10267	0.00989051	0.227582	83.1929	53.8903	-10.2557	-0.025706	126.802	132.281	0.958575
10268	0.00989142	0.227582	83.1933	53.89	-10.2503	-0.0257061	126.807	132.282	0.958616
10269	0.00989234	0.227582	83.1937	53.8897	-10.2458	-0.0257063	126.812	132.282	0.958649
10270	0.00989325	0.227583	83.1941	53.8895	-10.2423	-0.0257066	126.816	132.282	0.958675
10271	0.00989416	0.227583	83.1945	53.8892	-10.2397	-0.0257069	126.818	132.282	0.958693
10272	0.00989508	0.227584	83.195	53.8889	-10.2383	-0.0257072	126.82	132.283	0.958704
10273	0.00989599	0.227584	83.1954	53.8887	-10.2379	-0.0257075	126.82	132.283	0.958706
10274	0.00989691	0.227585	83.1958	53.8884	-10.2386	-0.0257078	126.82	132.283	0.9587
10275	0.00989782	0.227585	83.1962	53.8881	-10.2403	-0.0257081	126.818	132.283	0.958686
10276	0.00989874	0.227585	83.1966	53.8879	-10.243	-0.0257084	126.816	132.284	0.958666
10277	0.00989965	0.227586	83.197	53.8876	-10.2464	-0.0257087	126.813	132.284	0.95864
10278	0.00990056	0.227586	83.1975	53.8873	-10.2504	-0.0257089	126.809	132.284	0.958608
10279	0.00990148	0.227587	83.1979	53.8871	-10.255	-0.0257091	126.804	132.284	0.958573
10280	0.00990239	0.227587	83.1983	53.8868	-10.2601	-0.0257093	126.799	132.285	0.958534
10281	0.00990331	0.227587	83.1987	53.8865	-10.2655	-0.0257095	126.794	132.285	0.958493
10282	0.00990422	0.227588	83.1991	53.8863	-10.2712	-0.0257096	126.788	132.285	0.958449
10283	0.00990514	0.227588	83.1996	53.886	-10.2775	-0.0257097	126.782	132.285	0.958401
10284	0.00990605	0.227589	83.2	53.8857	-10.2848	-0.0257097	126.775	132.286	0.958345
10285	0.00990696	0.227589	83.2004	53.8855	-10.2965	-0.0257095	126.764	132.286	0.958256
10286	0.00990788	0.22759	83.2008	53.8852	-10.3057	-0.0257093	126.755	132.286	0.958186
10287	0.00990879	0.22759	83.2013	53.8849	-10.3127	-0.0257091	126.748	132.286	0.958132
10288	0.00990971	0.22759	83.2017	53.8846	-10.3178	-0.0257089	126.743	132.287	0.958093
10289	0.00991062	0.227591	83.2021	53.8844	-10.3215	-0.0257086	126.739	132.287	0.958064
10290	0.00991154	0.227591	83.2025	53.8841	-10.3239	-0.0257084	126.737	132.287	0.958045
10291	0.00991245	0.227592	83.203	53.8838	-10.3252	-0.0257081	126.736	132.287	0.958035
10292	0.00991337	0.227592	83.2034	53.8835	-10.3255	-0.0257079	126.736	132.288	0.958032
10293	0.00991428	0.227592	83.2038	53.8833	-10.3249	-0.0257077	126.737	132.288	0.958036
10294	0.00991519	0.227593	83.2043	53.883	-10.3234	-0.0257075	126.738	132.288	0.958047
10295	0.00991611	0.227593	83.2047	53.8827	-10.3196	-0.0257073	126.742	132.288	0.958075
10296	0.00991702	0.227594	83.2051	53.8824	-10.3121	-0.0257073	126.75	132.289	0.958131
10297	0.00991794	0.227594	83.2056	53.8822	-10.304	-0.0257073	126.758	132.289	0.958192
10298	0.00991885	0.227595	83.206	53.8819	-10.2958	-0.0257072	126.766	132.289	0.958253
10299	0.00991977	0.227595	83.2064	53.8816	-10.2877	-0.0257072	126.775	132.289	0.958314
10300	0.00992068	0.227595	83.2069	53.8813	-10.2798	-0.0257071	126.783	132.29	0.958373
10301	0.00992159	0.227596	83.2073	53.881	-10.2724	-0.0257071	126.79	132.29	0.958428
10302	0.00992251	0.227596	83.2077	53.8808	-10.2655	-0.0257072	126.797	132.29	0.95848
10303	0.00992342	0.227597	83.2082	53.8805	-10.2593	-0.0257073	126.804	132.29	0.958526
10304	0.00992434	0.227597	83.2086	53.8802	-10.2539	-0.0257075	126.809	132.291	0.958566
10305	0.00992525	0.227598	83.2091	53.8799	-10.2494	-0.0257077	126.814	132.291	0.958599
10306	0.00992616	0.227598	83.2095	53.8796	-10.2459	-0.0257079	126.818	132.291	0.958626
10307	0.00992708	0.227599	83.2099	53.8794	-10.2433	-0.0257082	126.82	132.291	0.958644
10308	0.00992799	0.227599	83.2104	53.8791	-10.2418	-0.0257085	126.822	132.292	0.958655
10309	0.00992891	0.227599	83.2108	53.8788	-10.2414	-0.0257089	126.823	132.292	0.958658
10310	0.00992982	0.2276	83.2113	53.8785	-10.2421	-0.0257092	126.822	132.292	0.958652
10311	0.00993074	0.2276	83.2117	53.8782	-10.2438	-0.0257095	126.82	132.292	0.958638
10312	0.00993165	0.227601	83.2122	53.878	-10.2464	-0.0257098	126.818	132.293	0.958618
10313	0.00993256	0.227601	83.2126	53.8777	-10.2498	-0.02571	126.815	132.293	0.958591
10314	0.00993348	0.227602	83.213	53.8774	-10.2539	-0.0257103	126.811	132.293	0.95856
10315	0.00993439	0.227602	83.2135	53.8771	-10.2586	-0.0257105	126.806	132.293	0.958524
10316	0.00993531	0.227602	83.2139	53.8768	-10.2637	-0.0257107	126.801	132.294	0.958484
10317	0.00993622	0.227603	83.2144	53.8765	-10.2692	-0.0257108	126.796	132.294	0.958442
10318	0.00993714	0.227603	83.2148	53.8762	-10.2751	-0.0257109	126.79	132.294	0.958397
10319	0.00993805	0.227604	83.2153	53.876	-10.2815	-0.025711	126.784	132.294	0.958348
10320	0.00993896	0.227604	83.2157	53.8757	-10.289	-0.025711	126.777	132.295	0.958291
10321	0.00993988	0.227605	83.2162	53.8754	-10.3009	-0.0257108	126.765	132.295	0.9582
10322	0.00994079	0.227605	83.2166	53.8751	-10.3102	-0.0257106	126.756	132.295	0.958129
10323	0.00994171	0.227606	83.2171	53.8748	-10.3174	-0.0257103	126.749	132.295	0.958074
10324	0.00994262	0.227606	83.2175	53.8745	-10.3227	-0.0257101	126.744	132.296	0.958033
10325	0.00994354	0.227606	83.218	53.8742	-10.3265	-0.0257098	126.74	132.296	0.958004
10326	0.00994445	0.227607	83.2184	53.8739	-10.329	-0.0257095	126.738	132.296	0.957984
10327	0.00994536	0.227607	83.2189	53.8737	-10.3304	-0.0257093	126.736	132.296	0.957973
10328	0.00994628	0.227608	83.2193	53.8734	-10.3308	-0.025709	126.736	132.297	0.95797
10329	0.00994719	0.227608	83.2198	53.8731	-10.3301	-0.0257088	126.737	132.297	0.957974
10330	0.00994811	0.227609	83.2203	53.8728	-10.3287	-0.0257085	126.739	132.297	0.957984
10331	0.00994902	0.227609	83.2207	53.8725	-10.3247	-0.0257084	126.743	132.297	0.958013
10332	0.00994994	0.22761	83.2212	53.8722	-10.3172	-0.0257084	126.751	132.298	0.95807
10333	0.00995085	0.22761	83.2216	53.8719	-10.309	-0.0257083	126.759	132.298	0.958131
10334	0.00995176	0.227611	83.2221	53.8716	-10.3008	-0.0257083	126.767	132.298	0.958192
10335	0.00995268	0.227611	83.2225	53.8713	-10.2927	-0.0257082	126.775	132.299	0.958253
10336	0.00995359	0.227611	83.223	53.871	-10.2848	-0.0257082	126.784	132.299	0.958312
10337	0.00995451	0.227612	83.2235	53.8707	-10.2773	-0.0257082	126.791	132.299	0.958368
10338	0.00995542	0.227612	83.2239	53.8704	-10.2704	-0.0257083	126.798	132.299	0.958419
10339	0.00995634	0.227613	83.2244	53.8702	-10.2642	-0.0257084	126.805	132.3	0.958466
10340	0.00995725	0.227613	83.2248	53.8699	-10.2588	-0.0257086	126.81	132.3	0.958506
10341	0.00995816	0.227614	83.2253	53.8696	-10.2543	-0.0257088	126.815	132.3	0.958539
10342	0.00995908	0.227614	83.2258	53.8693	-10.2508	-0.0257091	126.818	132.3	0.958565
10343	0.00995999	0.227615	83.2262	53.869	-10.2483	-0.0257094	126.821	132.301	0.958583
10344	0.00996091	0.227615	83.2267	53.8687	-10.2469	-0.0257097	126.823	132.301	0.958593
10345	0.00996182	0.227616	83.2271	53.8684	-10.2465	-0.02571	126.823	132.301	0.958595
10346	0.00996273	0.227616	83.2276	53.8681	-10.2473	-0.0257103	126.823	132.301	0.958589
10347	0.00996365	0.227616	83.2281	53.8678	-10.2491	-0.0257106	126.821	132.302	0.958575
10348	0.00996456	0.227617	83.2285	53.8675	-10.2517	-0.0257109	126.819	132.302	0.958554
10349	0.00996548	0.227617	83.229	53.8672	-10.2552	-0.0257111	126.815	132.302	0.958527
10350	0.00996639	0.227618	83.2295	53.8669	-10.2593	-0.0257114	126.811	132.303	0.958495
10351	0.00996731	0.227618	83.2299	53.8666	-10.264	-0.0257116	126.807	132.303	0.958459
10352	0.00996822	0.227619	83.2304	53.8663	-10.2691	-0.0257117	126.802	132.303	0.95842
10353	0.00996913	0.227619	83.2309	53.866	-10.2746	-0.0257119	126.797	132.303	0.958378
10354	0.00997005	0.22762	83.2313	53.8657	-10.2804	-0.025712	126.791	132.304	0.958333
10355	0.00997096	0.22762	83.2318	53.8654	-10.2867	-0.025712	126.785	132.304	0.958285
10356	0.00997188	0.227621	83.2323	53.8651	-10.2939	-0.025712	126.778	132.304	0.95823
10357	0.00997279	0.227621	83.2328	53.8648	-10.3058	-0.0257119	126.766	132.304	0.958139
10358	0.00997371	0.227622	83.2332	53.8645	-10.3151	-0.0257116	126.757	132.305	0.958068
10359	0.00997462	0.227622	83.2337	53.8642	-10.3222	-0.0257114	126.75	132.305	0.958014
10360	0.00997553	0.227622	83.2342	53.8639	-10.3275	-0.0257112	126.745	132.305	0.957973
10361	0.00997645	0.227623	83.2346	53.8636	-10.3313	-0.0257109	126.741	132.305	0.957944
10362	0.00997736	0.227623	83.2351	53.8633	-10.3338	-0.0257106	126.739	132.306	0.957924
10363	0.00997828	0.227624	83.2356	53.863	-10.3352	-0.0257104	126.738	132.306	0.957913
10364	0.00997919	0.227624	83.236	53.8627	-10.3356	-0.0257101	126.737	132.306	0.95791
10365	0.00998011	0.227625	83.2365	53.8624	-10.335	-0.0257099	126.738	132.307	0.957913
10366	0.00998102	0.227625	83.237	53.8621	-10.3336	-0.0257097	126.74	132.307	0.957923
10367	0.00998193	0.227626	83.2375	53.8618	-10.3296	-0.0257095	126.744	132.307	0.957952
10368	0.00998285	0.227626	83.2379	53.8615	-10.3222	-0.0257095	126.752	132.307	0.958008
10369	0.00998376	0.227627	83.2384	53.8612	-10.3141	-0.0257094	126.76	132.308	0.958068
10370	0.00998468	0.227627	83.2389	53.8609	-10.306	-0.0257093	126.768	132.308	0.958129
10371	0.00998559	0.227628	83.2394	53.8606	-10.298	-0.0257093	126.776	132.308	0.958189
10372	0.00998651	0.227628	83.2398	53.8603	-10.2903	-0.0257092	126.784	132.308	0.958247
10373	0.00998742	0.227629	83.2403	53.86	-10.2829	-0.0257092	126.792	132.309	0.958301
10374	0.00998833	0.227629	83.2408	53.8597	-10.2761	-0.0257093	126.799	132.309	0.958352
10375	0.00998925	0.22763	83.2413	53.8594	-10.27	-0.0257094	126.805	132.309	0.958398
10376	0.00999016	0.22763	83.2418	53.8591	-10.2646	-0.0257095	126.81	132.31	0.958438
10377	0.00999108	0.22763	83.2422	53.8588	-10.2602	-0.0257097	126.815	132.31	0.958471
10378	0.00999199	0.227631	83.2427	53.8584	-10.2566	-0.02571	126.819	132.31	0.958497
10379	0.0099929	0.227631	83.2432	53.8581	-10.2541	-0.0257103	126.822	132.31	0.958515
10380	0.00999382	0.227632	83.2437	53.8578	-10.2526	-0.0257106	126.823	132.311	0.958526
10381	0.00999473	0.227632	83.2441	53.8575	-10.2521	-0.0257109	126.824	132.311	0.958529
10382	0.00999565	0.227633	83.2446	53.8572	-10.2528	-0.0257112	126.823	132.311	0.958523
10383	0.00999656	0.227633	83.2451	53.8569	-10.2544	-0.0257116	126.822	132.312	0.95851
10384	0.00999748	0.227634	83.2456	53.8566	-10.2569	-0.0257119	126.82	132.312	0.958491
10385	0.00999839	0.227634	83.2461	53.8563	-10.2602	-0.0257121	126.816	132.312	0.958465
10386	0.0099993	0.227635	83.2466	53.856	-10.2642	-0.0257124	126.813	132.312	0.958434
10387	0.0100002	0.227635	83.247	53.8557	-10.2687	-0.0257126	126.808	132.313	0.958399
