/*--------------------------------*- C++ -*----------------------------------*\
  =========                 |
  \\      /  F ield         | OpenFOAM: The Open Source CFD Toolbox
   \\    /   O peration     | Website:  https://openfoam.org
    \\  /    A nd           | Version:  13
     \\/     M anipulation  |
\*---------------------------------------------------------------------------*/
FoamFile
{
    format      ascii;
    class       vectorField;
    location    "constant/polyMesh";
    object      points;
}
// * * * * * * * * * * * * * * * * * * * * * * * * * * * * * * * * * * * * * //


11842
(
(0 0 0)
(0.009071428571 0 0)
(0.01814285714 0 0)
(0.02721428571 0 0)
(0.03628571429 0 0)
(0.04535714286 0 0)
(0.05442857143 0 0)
(0.0635 0 0)
(0.07257142857 0 0)
(0.08164285714 0 0)
(0.09071428571 0 0)
(0.09978571429 0 0)
(0.1088571429 0 0)
(0.1179285714 0 0)
(0.127 0 0)
(0.1360714286 0 0)
(0.1451428571 0 0)
(0.1542142857 0 0)
(0.1632857143 0 0)
(0.1723571429 0 0)
(0.1814285714 0 0)
(0.1905 0 0)
(0.1995714286 0 0)
(0.2086428571 0 0)
(0.2177142857 0 0)
(0.2267857143 0 0)
(0.2358571429 0 0)
(0.2449285714 0 0)
(0.254 0 0)
(0 0.01260050187 0)
(0.009071428571 0.01260050187 0)
(0.01814285714 0.01260050187 0)
(0.02721428571 0.01260050187 0)
(0.03628571429 0.01260050187 0)
(0.04535714286 0.01260050187 0)
(0.05442857143 0.01260050187 0)
(0.0635 0.01260050187 0)
(0.07257142857 0.01260050187 0)
(0.08164285714 0.01260050187 0)
(0.09071428571 0.01260050187 0)
(0.09978571429 0.01260050187 0)
(0.1088571429 0.01260050187 0)
(0.1179285714 0.01260050187 0)
(0.127 0.01260050187 0)
(0.1360714286 0.01260050187 0)
(0.1451428571 0.01260050187 0)
(0.1542142857 0.01260050187 0)
(0.1632857143 0.01260050187 0)
(0.1723571429 0.01260050187 0)
(0.1814285714 0.01260050187 0)
(0.1905 0.01260050187 0)
(0.1995714286 0.01260050187 0)
(0.2086428571 0.01260050187 0)
(0.2177142857 0.01260050187 0)
(0.2267857143 0.01260050187 0)
(0.2358571429 0.01260050187 0)
(0.2449285714 0.01260050187 0)
(0.254 0.01260050187 0)
(0 0.02391902709 0)
(0.009071428571 0.02391902709 0)
(0.01814285714 0.02391902709 0)
(0.02721428571 0.02391902709 0)
(0.03628571429 0.02391902709 0)
(0.04535714286 0.02391902709 0)
(0.05442857143 0.02391902709 0)
(0.0635 0.02391902709 0)
(0.07257142857 0.02391902709 0)
(0.08164285714 0.02391902709 0)
(0.09071428571 0.02391902709 0)
(0.09978571429 0.02391902709 0)
(0.1088571429 0.02391902709 0)
(0.1179285714 0.02391902709 0)
(0.127 0.02391902709 0)
(0.1360714286 0.02391902709 0)
(0.1451428571 0.02391902709 0)
(0.1542142857 0.02391902709 0)
(0.1632857143 0.02391902709 0)
(0.1723571429 0.02391902709 0)
(0.1814285714 0.02391902709 0)
(0.1905 0.02391902709 0)
(0.1995714286 0.02391902709 0)
(0.2086428571 0.02391902709 0)
(0.2177142857 0.02391902709 0)
(0.2267857143 0.02391902709 0)
(0.2358571429 0.02391902709 0)
(0.2449285714 0.02391902709 0)
(0.254 0.02391902709 0)
(0 0.03408600412 0)
(0.009071428571 0.03408600412 0)
(0.01814285714 0.03408600412 0)
(0.02721428571 0.03408600412 0)
(0.03628571429 0.03408600412 0)
(0.04535714286 0.03408600412 0)
(0.05442857143 0.03408600412 0)
(0.0635 0.03408600412 0)
(0.07257142857 0.03408600412 0)
(0.08164285714 0.03408600412 0)
(0.09071428571 0.03408600412 0)
(0.09978571429 0.03408600412 0)
(0.1088571429 0.03408600412 0)
(0.1179285714 0.03408600412 0)
(0.127 0.03408600412 0)
(0.1360714286 0.03408600412 0)
(0.1451428571 0.03408600412 0)
(0.1542142857 0.03408600412 0)
(0.1632857143 0.03408600412 0)
(0.1723571429 0.03408600412 0)
(0.1814285714 0.03408600412 0)
(0.1905 0.03408600412 0)
(0.1995714286 0.03408600412 0)
(0.2086428571 0.03408600412 0)
(0.2177142857 0.03408600412 0)
(0.2267857143 0.03408600412 0)
(0.2358571429 0.03408600412 0)
(0.2449285714 0.03408600412 0)
(0.254 0.03408600412 0)
(0 0.04321859163 0)
(0.009071428571 0.04321859163 0)
(0.01814285714 0.04321859163 0)
(0.02721428571 0.04321859163 0)
(0.03628571429 0.04321859163 0)
(0.04535714286 0.04321859163 0)
(0.05442857143 0.04321859163 0)
(0.0635 0.04321859163 0)
(0.07257142857 0.04321859163 0)
(0.08164285714 0.04321859163 0)
(0.09071428571 0.04321859163 0)
(0.09978571429 0.04321859163 0)
(0.1088571429 0.04321859163 0)
(0.1179285714 0.04321859163 0)
(0.127 0.04321859163 0)
(0.1360714286 0.04321859163 0)
(0.1451428571 0.04321859163 0)
(0.1542142857 0.04321859163 0)
(0.1632857143 0.04321859163 0)
(0.1723571429 0.04321859163 0)
(0.1814285714 0.04321859163 0)
(0.1905 0.04321859163 0)
(0.1995714286 0.04321859163 0)
(0.2086428571 0.04321859163 0)
(0.2177142857 0.04321859163 0)
(0.2267857143 0.04321859163 0)
(0.2358571429 0.04321859163 0)
(0.2449285714 0.04321859163 0)
(0.254 0.04321859163 0)
(0 0.05142202853 0)
(0.009071428571 0.05142202853 0)
(0.01814285714 0.05142202853 0)
(0.02721428571 0.05142202853 0)
(0.03628571429 0.05142202853 0)
(0.04535714286 0.05142202853 0)
(0.05442857143 0.05142202853 0)
(0.0635 0.05142202853 0)
(0.07257142857 0.05142202853 0)
(0.08164285714 0.05142202853 0)
(0.09071428571 0.05142202853 0)
(0.09978571429 0.05142202853 0)
(0.1088571429 0.05142202853 0)
(0.1179285714 0.05142202853 0)
(0.127 0.05142202853 0)
(0.1360714286 0.05142202853 0)
(0.1451428571 0.05142202853 0)
(0.1542142857 0.05142202853 0)
(0.1632857143 0.05142202853 0)
(0.1723571429 0.05142202853 0)
(0.1814285714 0.05142202853 0)
(0.1905 0.05142202853 0)
(0.1995714286 0.05142202853 0)
(0.2086428571 0.05142202853 0)
(0.2177142857 0.05142202853 0)
(0.2267857143 0.05142202853 0)
(0.2358571429 0.05142202853 0)
(0.2449285714 0.05142202853 0)
(0.254 0.05142202853 0)
(0 0.05879084673 0)
(0.009071428571 0.05879084673 0)
(0.01814285714 0.05879084673 0)
(0.02721428571 0.05879084673 0)
(0.03628571429 0.05879084673 0)
(0.04535714286 0.05879084673 0)
(0.05442857143 0.05879084673 0)
(0.0635 0.05879084673 0)
(0.07257142857 0.05879084673 0)
(0.08164285714 0.05879084673 0)
(0.09071428571 0.05879084673 0)
(0.09978571429 0.05879084673 0)
(0.1088571429 0.05879084673 0)
(0.1179285714 0.05879084673 0)
(0.127 0.05879084673 0)
(0.1360714286 0.05879084673 0)
(0.1451428571 0.05879084673 0)
(0.1542142857 0.05879084673 0)
(0.1632857143 0.05879084673 0)
(0.1723571429 0.05879084673 0)
(0.1814285714 0.05879084673 0)
(0.1905 0.05879084673 0)
(0.1995714286 0.05879084673 0)
(0.2086428571 0.05879084673 0)
(0.2177142857 0.05879084673 0)
(0.2267857143 0.05879084673 0)
(0.2358571429 0.05879084673 0)
(0.2449285714 0.05879084673 0)
(0.254 0.05879084673 0)
(0 0.06540996043 0)
(0.009071428571 0.06540996043 0)
(0.01814285714 0.06540996043 0)
(0.02721428571 0.06540996043 0)
(0.03628571429 0.06540996043 0)
(0.04535714286 0.06540996043 0)
(0.05442857143 0.06540996043 0)
(0.0635 0.06540996043 0)
(0.07257142857 0.06540996043 0)
(0.08164285714 0.06540996043 0)
(0.09071428571 0.06540996043 0)
(0.09978571429 0.06540996043 0)
(0.1088571429 0.06540996043 0)
(0.1179285714 0.06540996043 0)
(0.127 0.06540996043 0)
(0.1360714286 0.06540996043 0)
(0.1451428571 0.06540996043 0)
(0.1542142857 0.06540996043 0)
(0.1632857143 0.06540996043 0)
(0.1723571429 0.06540996043 0)
(0.1814285714 0.06540996043 0)
(0.1905 0.06540996043 0)
(0.1995714286 0.06540996043 0)
(0.2086428571 0.06540996043 0)
(0.2177142857 0.06540996043 0)
(0.2267857143 0.06540996043 0)
(0.2358571429 0.06540996043 0)
(0.2449285714 0.06540996043 0)
(0.254 0.06540996043 0)
(0 0.07135564467 0)
(0.009071428571 0.07135564467 0)
(0.01814285714 0.07135564467 0)
(0.02721428571 0.07135564467 0)
(0.03628571429 0.07135564467 0)
(0.04535714286 0.07135564467 0)
(0.05442857143 0.07135564467 0)
(0.0635 0.07135564467 0)
(0.07257142857 0.07135564467 0)
(0.08164285714 0.07135564467 0)
(0.09071428571 0.07135564467 0)
(0.09978571429 0.07135564467 0)
(0.1088571429 0.07135564467 0)
(0.1179285714 0.07135564467 0)
(0.127 0.07135564467 0)
(0.1360714286 0.07135564467 0)
(0.1451428571 0.07135564467 0)
(0.1542142857 0.07135564467 0)
(0.1632857143 0.07135564467 0)
(0.1723571429 0.07135564467 0)
(0.1814285714 0.07135564467 0)
(0.1905 0.07135564467 0)
(0.1995714286 0.07135564467 0)
(0.2086428571 0.07135564467 0)
(0.2177142857 0.07135564467 0)
(0.2267857143 0.07135564467 0)
(0.2358571429 0.07135564467 0)
(0.2449285714 0.07135564467 0)
(0.254 0.07135564467 0)
(0 0.07669641424 0)
(0.009071428571 0.07669641424 0)
(0.01814285714 0.07669641424 0)
(0.02721428571 0.07669641424 0)
(0.03628571429 0.07669641424 0)
(0.04535714286 0.07669641424 0)
(0.05442857143 0.07669641424 0)
(0.0635 0.07669641424 0)
(0.07257142857 0.07669641424 0)
(0.08164285714 0.07669641424 0)
(0.09071428571 0.07669641424 0)
(0.09978571429 0.07669641424 0)
(0.1088571429 0.07669641424 0)
(0.1179285714 0.07669641424 0)
(0.127 0.07669641424 0)
(0.1360714286 0.07669641424 0)
(0.1451428571 0.07669641424 0)
(0.1542142857 0.07669641424 0)
(0.1632857143 0.07669641424 0)
(0.1723571429 0.07669641424 0)
(0.1814285714 0.07669641424 0)
(0.1905 0.07669641424 0)
(0.1995714286 0.07669641424 0)
(0.2086428571 0.07669641424 0)
(0.2177142857 0.07669641424 0)
(0.2267857143 0.07669641424 0)
(0.2358571429 0.07669641424 0)
(0.2449285714 0.07669641424 0)
(0.254 0.07669641424 0)
(0 0.08149381324 0)
(0.009071428571 0.08149381324 0)
(0.01814285714 0.08149381324 0)
(0.02721428571 0.08149381324 0)
(0.03628571429 0.08149381324 0)
(0.04535714286 0.08149381324 0)
(0.05442857143 0.08149381324 0)
(0.0635 0.08149381324 0)
(0.07257142857 0.08149381324 0)
(0.08164285714 0.08149381324 0)
(0.09071428571 0.08149381324 0)
(0.09978571429 0.08149381324 0)
(0.1088571429 0.08149381324 0)
(0.1179285714 0.08149381324 0)
(0.127 0.08149381324 0)
(0.1360714286 0.08149381324 0)
(0.1451428571 0.08149381324 0)
(0.1542142857 0.08149381324 0)
(0.1632857143 0.08149381324 0)
(0.1723571429 0.08149381324 0)
(0.1814285714 0.08149381324 0)
(0.1905 0.08149381324 0)
(0.1995714286 0.08149381324 0)
(0.2086428571 0.08149381324 0)
(0.2177142857 0.08149381324 0)
(0.2267857143 0.08149381324 0)
(0.2358571429 0.08149381324 0)
(0.2449285714 0.08149381324 0)
(0.254 0.08149381324 0)
(0 0.08580312427 0)
(0.009071428571 0.08580312427 0)
(0.01814285714 0.08580312427 0)
(0.02721428571 0.08580312427 0)
(0.03628571429 0.08580312427 0)
(0.04535714286 0.08580312427 0)
(0.05442857143 0.08580312427 0)
(0.0635 0.08580312427 0)
(0.07257142857 0.08580312427 0)
(0.08164285714 0.08580312427 0)
(0.09071428571 0.08580312427 0)
(0.09978571429 0.08580312427 0)
(0.1088571429 0.08580312427 0)
(0.1179285714 0.08580312427 0)
(0.127 0.08580312427 0)
(0.1360714286 0.08580312427 0)
(0.1451428571 0.08580312427 0)
(0.1542142857 0.08580312427 0)
(0.1632857143 0.08580312427 0)
(0.1723571429 0.08580312427 0)
(0.1814285714 0.08580312427 0)
(0.1905 0.08580312427 0)
(0.1995714286 0.08580312427 0)
(0.2086428571 0.08580312427 0)
(0.2177142857 0.08580312427 0)
(0.2267857143 0.08580312427 0)
(0.2358571429 0.08580312427 0)
(0.2449285714 0.08580312427 0)
(0.254 0.08580312427 0)
(0 0.08967400544 0)
(0.009071428571 0.08967400544 0)
(0.01814285714 0.08967400544 0)
(0.02721428571 0.08967400544 0)
(0.03628571429 0.08967400544 0)
(0.04535714286 0.08967400544 0)
(0.05442857143 0.08967400544 0)
(0.0635 0.08967400544 0)
(0.07257142857 0.08967400544 0)
(0.08164285714 0.08967400544 0)
(0.09071428571 0.08967400544 0)
(0.09978571429 0.08967400544 0)
(0.1088571429 0.08967400544 0)
(0.1179285714 0.08967400544 0)
(0.127 0.08967400544 0)
(0.1360714286 0.08967400544 0)
(0.1451428571 0.08967400544 0)
(0.1542142857 0.08967400544 0)
(0.1632857143 0.08967400544 0)
(0.1723571429 0.08967400544 0)
(0.1814285714 0.08967400544 0)
(0.1905 0.08967400544 0)
(0.1995714286 0.08967400544 0)
(0.2086428571 0.08967400544 0)
(0.2177142857 0.08967400544 0)
(0.2267857143 0.08967400544 0)
(0.2358571429 0.08967400544 0)
(0.2449285714 0.08967400544 0)
(0.254 0.08967400544 0)
(0 0.09315106268 0)
(0.009071428571 0.09315106268 0)
(0.01814285714 0.09315106268 0)
(0.02721428571 0.09315106268 0)
(0.03628571429 0.09315106268 0)
(0.04535714286 0.09315106268 0)
(0.05442857143 0.09315106268 0)
(0.0635 0.09315106268 0)
(0.07257142857 0.09315106268 0)
(0.08164285714 0.09315106268 0)
(0.09071428571 0.09315106268 0)
(0.09978571429 0.09315106268 0)
(0.1088571429 0.09315106268 0)
(0.1179285714 0.09315106268 0)
(0.127 0.09315106268 0)
(0.1360714286 0.09315106268 0)
(0.1451428571 0.09315106268 0)
(0.1542142857 0.09315106268 0)
(0.1632857143 0.09315106268 0)
(0.1723571429 0.09315106268 0)
(0.1814285714 0.09315106268 0)
(0.1905 0.09315106268 0)
(0.1995714286 0.09315106268 0)
(0.2086428571 0.09315106268 0)
(0.2177142857 0.09315106268 0)
(0.2267857143 0.09315106268 0)
(0.2358571429 0.09315106268 0)
(0.2449285714 0.09315106268 0)
(0.254 0.09315106268 0)
(0 0.09627436367 0)
(0.009071428571 0.09627436367 0)
(0.01814285714 0.09627436367 0)
(0.02721428571 0.09627436367 0)
(0.03628571429 0.09627436367 0)
(0.04535714286 0.09627436367 0)
(0.05442857143 0.09627436367 0)
(0.0635 0.09627436367 0)
(0.07257142857 0.09627436367 0)
(0.08164285714 0.09627436367 0)
(0.09071428571 0.09627436367 0)
(0.09978571429 0.09627436367 0)
(0.1088571429 0.09627436367 0)
(0.1179285714 0.09627436367 0)
(0.127 0.09627436367 0)
(0.1360714286 0.09627436367 0)
(0.1451428571 0.09627436367 0)
(0.1542142857 0.09627436367 0)
(0.1632857143 0.09627436367 0)
(0.1723571429 0.09627436367 0)
(0.1814285714 0.09627436367 0)
(0.1905 0.09627436367 0)
(0.1995714286 0.09627436367 0)
(0.2086428571 0.09627436367 0)
(0.2177142857 0.09627436367 0)
(0.2267857143 0.09627436367 0)
(0.2358571429 0.09627436367 0)
(0.2449285714 0.09627436367 0)
(0.254 0.09627436367 0)
(0 0.09907989963 0)
(0.009071428571 0.09907989963 0)
(0.01814285714 0.09907989963 0)
(0.02721428571 0.09907989963 0)
(0.03628571429 0.09907989963 0)
(0.04535714286 0.09907989963 0)
(0.05442857143 0.09907989963 0)
(0.0635 0.09907989963 0)
(0.07257142857 0.09907989963 0)
(0.08164285714 0.09907989963 0)
(0.09071428571 0.09907989963 0)
(0.09978571429 0.09907989963 0)
(0.1088571429 0.09907989963 0)
(0.1179285714 0.09907989963 0)
(0.127 0.09907989963 0)
(0.1360714286 0.09907989963 0)
(0.1451428571 0.09907989963 0)
(0.1542142857 0.09907989963 0)
(0.1632857143 0.09907989963 0)
(0.1723571429 0.09907989963 0)
(0.1814285714 0.09907989963 0)
(0.1905 0.09907989963 0)
(0.1995714286 0.09907989963 0)
(0.2086428571 0.09907989963 0)
(0.2177142857 0.09907989963 0)
(0.2267857143 0.09907989963 0)
(0.2358571429 0.09907989963 0)
(0.2449285714 0.09907989963 0)
(0.254 0.09907989963 0)
(0 0.1016 0)
(0.009071428571 0.1016 0)
(0.01814285714 0.1016 0)
(0.02721428571 0.1016 0)
(0.03628571429 0.1016 0)
(0.04535714286 0.1016 0)
(0.05442857143 0.1016 0)
(0.0635 0.1016 0)
(0.07257142857 0.1016 0)
(0.08164285714 0.1016 0)
(0.09071428571 0.1016 0)
(0.09978571429 0.1016 0)
(0.1088571429 0.1016 0)
(0.1179285714 0.1016 0)
(0.127 0.1016 0)
(0.1360714286 0.1016 0)
(0.1451428571 0.1016 0)
(0.1542142857 0.1016 0)
(0.1632857143 0.1016 0)
(0.1723571429 0.1016 0)
(0.1814285714 0.1016 0)
(0.1905 0.1016 0)
(0.1995714286 0.1016 0)
(0.2086428571 0.1016 0)
(0.2177142857 0.1016 0)
(0.2267857143 0.1016 0)
(0.2358571429 0.1016 0)
(0.2449285714 0.1016 0)
(0.254 0.1016 0)
(0 0 0.0254)
(0.009071428571 0 0.0254)
(0.01814285714 0 0.0254)
(0.02721428571 0 0.0254)
(0.03628571429 0 0.0254)
(0.04535714286 0 0.0254)
(0.05442857143 0 0.0254)
(0.0635 0 0.0254)
(0.07257142857 0 0.0254)
(0.08164285714 0 0.0254)
(0.09071428571 0 0.0254)
(0.09978571429 0 0.0254)
(0.1088571429 0 0.0254)
(0.1179285714 0 0.0254)
(0.127 0 0.0254)
(0.1360714286 0 0.0254)
(0.1451428571 0 0.0254)
(0.1542142857 0 0.0254)
(0.1632857143 0 0.0254)
(0.1723571429 0 0.0254)
(0.1814285714 0 0.0254)
(0.1905 0 0.0254)
(0.1995714286 0 0.0254)
(0.2086428571 0 0.0254)
(0.2177142857 0 0.0254)
(0.2267857143 0 0.0254)
(0.2358571429 0 0.0254)
(0.2449285714 0 0.0254)
(0.254 0 0.0254)
(0 0.01260050187 0.0254)
(0.009071428571 0.01260050187 0.0254)
(0.01814285714 0.01260050187 0.0254)
(0.02721428571 0.01260050187 0.0254)
(0.03628571429 0.01260050187 0.0254)
(0.04535714286 0.01260050187 0.0254)
(0.05442857143 0.01260050187 0.0254)
(0.0635 0.01260050187 0.0254)
(0.07257142857 0.01260050187 0.0254)
(0.08164285714 0.01260050187 0.0254)
(0.09071428571 0.01260050187 0.0254)
(0.09978571429 0.01260050187 0.0254)
(0.1088571429 0.01260050187 0.0254)
(0.1179285714 0.01260050187 0.0254)
(0.127 0.01260050187 0.0254)
(0.1360714286 0.01260050187 0.0254)
(0.1451428571 0.01260050187 0.0254)
(0.1542142857 0.01260050187 0.0254)
(0.1632857143 0.01260050187 0.0254)
(0.1723571429 0.01260050187 0.0254)
(0.1814285714 0.01260050187 0.0254)
(0.1905 0.01260050187 0.0254)
(0.1995714286 0.01260050187 0.0254)
(0.2086428571 0.01260050187 0.0254)
(0.2177142857 0.01260050187 0.0254)
(0.2267857143 0.01260050187 0.0254)
(0.2358571429 0.01260050187 0.0254)
(0.2449285714 0.01260050187 0.0254)
(0.254 0.01260050187 0.0254)
(0 0.02391902709 0.0254)
(0.009071428571 0.02391902709 0.0254)
(0.01814285714 0.02391902709 0.0254)
(0.02721428571 0.02391902709 0.0254)
(0.03628571429 0.02391902709 0.0254)
(0.04535714286 0.02391902709 0.0254)
(0.05442857143 0.02391902709 0.0254)
(0.0635 0.02391902709 0.0254)
(0.07257142857 0.02391902709 0.0254)
(0.08164285714 0.02391902709 0.0254)
(0.09071428571 0.02391902709 0.0254)
(0.09978571429 0.02391902709 0.0254)
(0.1088571429 0.02391902709 0.0254)
(0.1179285714 0.02391902709 0.0254)
(0.127 0.02391902709 0.0254)
(0.1360714286 0.02391902709 0.0254)
(0.1451428571 0.02391902709 0.0254)
(0.1542142857 0.02391902709 0.0254)
(0.1632857143 0.02391902709 0.0254)
(0.1723571429 0.02391902709 0.0254)
(0.1814285714 0.02391902709 0.0254)
(0.1905 0.02391902709 0.0254)
(0.1995714286 0.02391902709 0.0254)
(0.2086428571 0.02391902709 0.0254)
(0.2177142857 0.02391902709 0.0254)
(0.2267857143 0.02391902709 0.0254)
(0.2358571429 0.02391902709 0.0254)
(0.2449285714 0.02391902709 0.0254)
(0.254 0.02391902709 0.0254)
(0 0.03408600412 0.0254)
(0.009071428571 0.03408600412 0.0254)
(0.01814285714 0.03408600412 0.0254)
(0.02721428571 0.03408600412 0.0254)
(0.03628571429 0.03408600412 0.0254)
(0.04535714286 0.03408600412 0.0254)
(0.05442857143 0.03408600412 0.0254)
(0.0635 0.03408600412 0.0254)
(0.07257142857 0.03408600412 0.0254)
(0.08164285714 0.03408600412 0.0254)
(0.09071428571 0.03408600412 0.0254)
(0.09978571429 0.03408600412 0.0254)
(0.1088571429 0.03408600412 0.0254)
(0.1179285714 0.03408600412 0.0254)
(0.127 0.03408600412 0.0254)
(0.1360714286 0.03408600412 0.0254)
(0.1451428571 0.03408600412 0.0254)
(0.1542142857 0.03408600412 0.0254)
(0.1632857143 0.03408600412 0.0254)
(0.1723571429 0.03408600412 0.0254)
(0.1814285714 0.03408600412 0.0254)
(0.1905 0.03408600412 0.0254)
(0.1995714286 0.03408600412 0.0254)
(0.2086428571 0.03408600412 0.0254)
(0.2177142857 0.03408600412 0.0254)
(0.2267857143 0.03408600412 0.0254)
(0.2358571429 0.03408600412 0.0254)
(0.2449285714 0.03408600412 0.0254)
(0.254 0.03408600412 0.0254)
(0 0.04321859163 0.0254)
(0.009071428571 0.04321859163 0.0254)
(0.01814285714 0.04321859163 0.0254)
(0.02721428571 0.04321859163 0.0254)
(0.03628571429 0.04321859163 0.0254)
(0.04535714286 0.04321859163 0.0254)
(0.05442857143 0.04321859163 0.0254)
(0.0635 0.04321859163 0.0254)
(0.07257142857 0.04321859163 0.0254)
(0.08164285714 0.04321859163 0.0254)
(0.09071428571 0.04321859163 0.0254)
(0.09978571429 0.04321859163 0.0254)
(0.1088571429 0.04321859163 0.0254)
(0.1179285714 0.04321859163 0.0254)
(0.127 0.04321859163 0.0254)
(0.1360714286 0.04321859163 0.0254)
(0.1451428571 0.04321859163 0.0254)
(0.1542142857 0.04321859163 0.0254)
(0.1632857143 0.04321859163 0.0254)
(0.1723571429 0.04321859163 0.0254)
(0.1814285714 0.04321859163 0.0254)
(0.1905 0.04321859163 0.0254)
(0.1995714286 0.04321859163 0.0254)
(0.2086428571 0.04321859163 0.0254)
(0.2177142857 0.04321859163 0.0254)
(0.2267857143 0.04321859163 0.0254)
(0.2358571429 0.04321859163 0.0254)
(0.2449285714 0.04321859163 0.0254)
(0.254 0.04321859163 0.0254)
(0 0.05142202853 0.0254)
(0.009071428571 0.05142202853 0.0254)
(0.01814285714 0.05142202853 0.0254)
(0.02721428571 0.05142202853 0.0254)
(0.03628571429 0.05142202853 0.0254)
(0.04535714286 0.05142202853 0.0254)
(0.05442857143 0.05142202853 0.0254)
(0.0635 0.05142202853 0.0254)
(0.07257142857 0.05142202853 0.0254)
(0.08164285714 0.05142202853 0.0254)
(0.09071428571 0.05142202853 0.0254)
(0.09978571429 0.05142202853 0.0254)
(0.1088571429 0.05142202853 0.0254)
(0.1179285714 0.05142202853 0.0254)
(0.127 0.05142202853 0.0254)
(0.1360714286 0.05142202853 0.0254)
(0.1451428571 0.05142202853 0.0254)
(0.1542142857 0.05142202853 0.0254)
(0.1632857143 0.05142202853 0.0254)
(0.1723571429 0.05142202853 0.0254)
(0.1814285714 0.05142202853 0.0254)
(0.1905 0.05142202853 0.0254)
(0.1995714286 0.05142202853 0.0254)
(0.2086428571 0.05142202853 0.0254)
(0.2177142857 0.05142202853 0.0254)
(0.2267857143 0.05142202853 0.0254)
(0.2358571429 0.05142202853 0.0254)
(0.2449285714 0.05142202853 0.0254)
(0.254 0.05142202853 0.0254)
(0 0.05879084673 0.0254)
(0.009071428571 0.05879084673 0.0254)
(0.01814285714 0.05879084673 0.0254)
(0.02721428571 0.05879084673 0.0254)
(0.03628571429 0.05879084673 0.0254)
(0.04535714286 0.05879084673 0.0254)
(0.05442857143 0.05879084673 0.0254)
(0.0635 0.05879084673 0.0254)
(0.07257142857 0.05879084673 0.0254)
(0.08164285714 0.05879084673 0.0254)
(0.09071428571 0.05879084673 0.0254)
(0.09978571429 0.05879084673 0.0254)
(0.1088571429 0.05879084673 0.0254)
(0.1179285714 0.05879084673 0.0254)
(0.127 0.05879084673 0.0254)
(0.1360714286 0.05879084673 0.0254)
(0.1451428571 0.05879084673 0.0254)
(0.1542142857 0.05879084673 0.0254)
(0.1632857143 0.05879084673 0.0254)
(0.1723571429 0.05879084673 0.0254)
(0.1814285714 0.05879084673 0.0254)
(0.1905 0.05879084673 0.0254)
(0.1995714286 0.05879084673 0.0254)
(0.2086428571 0.05879084673 0.0254)
(0.2177142857 0.05879084673 0.0254)
(0.2267857143 0.05879084673 0.0254)
(0.2358571429 0.05879084673 0.0254)
(0.2449285714 0.05879084673 0.0254)
(0.254 0.05879084673 0.0254)
(0 0.06540996043 0.0254)
(0.009071428571 0.06540996043 0.0254)
(0.01814285714 0.06540996043 0.0254)
(0.02721428571 0.06540996043 0.0254)
(0.03628571429 0.06540996043 0.0254)
(0.04535714286 0.06540996043 0.0254)
(0.05442857143 0.06540996043 0.0254)
(0.0635 0.06540996043 0.0254)
(0.07257142857 0.06540996043 0.0254)
(0.08164285714 0.06540996043 0.0254)
(0.09071428571 0.06540996043 0.0254)
(0.09978571429 0.06540996043 0.0254)
(0.1088571429 0.06540996043 0.0254)
(0.1179285714 0.06540996043 0.0254)
(0.127 0.06540996043 0.0254)
(0.1360714286 0.06540996043 0.0254)
(0.1451428571 0.06540996043 0.0254)
(0.1542142857 0.06540996043 0.0254)
(0.1632857143 0.06540996043 0.0254)
(0.1723571429 0.06540996043 0.0254)
(0.1814285714 0.06540996043 0.0254)
(0.1905 0.06540996043 0.0254)
(0.1995714286 0.06540996043 0.0254)
(0.2086428571 0.06540996043 0.0254)
(0.2177142857 0.06540996043 0.0254)
(0.2267857143 0.06540996043 0.0254)
(0.2358571429 0.06540996043 0.0254)
(0.2449285714 0.06540996043 0.0254)
(0.254 0.06540996043 0.0254)
(0 0.07135564467 0.0254)
(0.009071428571 0.07135564467 0.0254)
(0.01814285714 0.07135564467 0.0254)
(0.02721428571 0.07135564467 0.0254)
(0.03628571429 0.07135564467 0.0254)
(0.04535714286 0.07135564467 0.0254)
(0.05442857143 0.07135564467 0.0254)
(0.0635 0.07135564467 0.0254)
(0.07257142857 0.07135564467 0.0254)
(0.08164285714 0.07135564467 0.0254)
(0.09071428571 0.07135564467 0.0254)
(0.09978571429 0.07135564467 0.0254)
(0.1088571429 0.07135564467 0.0254)
(0.1179285714 0.07135564467 0.0254)
(0.127 0.07135564467 0.0254)
(0.1360714286 0.07135564467 0.0254)
(0.1451428571 0.07135564467 0.0254)
(0.1542142857 0.07135564467 0.0254)
(0.1632857143 0.07135564467 0.0254)
(0.1723571429 0.07135564467 0.0254)
(0.1814285714 0.07135564467 0.0254)
(0.1905 0.07135564467 0.0254)
(0.1995714286 0.07135564467 0.0254)
(0.2086428571 0.07135564467 0.0254)
(0.2177142857 0.07135564467 0.0254)
(0.2267857143 0.07135564467 0.0254)
(0.2358571429 0.07135564467 0.0254)
(0.2449285714 0.07135564467 0.0254)
(0.254 0.07135564467 0.0254)
(0 0.07669641424 0.0254)
(0.009071428571 0.07669641424 0.0254)
(0.01814285714 0.07669641424 0.0254)
(0.02721428571 0.07669641424 0.0254)
(0.03628571429 0.07669641424 0.0254)
(0.04535714286 0.07669641424 0.0254)
(0.05442857143 0.07669641424 0.0254)
(0.0635 0.07669641424 0.0254)
(0.07257142857 0.07669641424 0.0254)
(0.08164285714 0.07669641424 0.0254)
(0.09071428571 0.07669641424 0.0254)
(0.09978571429 0.07669641424 0.0254)
(0.1088571429 0.07669641424 0.0254)
(0.1179285714 0.07669641424 0.0254)
(0.127 0.07669641424 0.0254)
(0.1360714286 0.07669641424 0.0254)
(0.1451428571 0.07669641424 0.0254)
(0.1542142857 0.07669641424 0.0254)
(0.1632857143 0.07669641424 0.0254)
(0.1723571429 0.07669641424 0.0254)
(0.1814285714 0.07669641424 0.0254)
(0.1905 0.07669641424 0.0254)
(0.1995714286 0.07669641424 0.0254)
(0.2086428571 0.07669641424 0.0254)
(0.2177142857 0.07669641424 0.0254)
(0.2267857143 0.07669641424 0.0254)
(0.2358571429 0.07669641424 0.0254)
(0.2449285714 0.07669641424 0.0254)
(0.254 0.07669641424 0.0254)
(0 0.08149381324 0.0254)
(0.009071428571 0.08149381324 0.0254)
(0.01814285714 0.08149381324 0.0254)
(0.02721428571 0.08149381324 0.0254)
(0.03628571429 0.08149381324 0.0254)
(0.04535714286 0.08149381324 0.0254)
(0.05442857143 0.08149381324 0.0254)
(0.0635 0.08149381324 0.0254)
(0.07257142857 0.08149381324 0.0254)
(0.08164285714 0.08149381324 0.0254)
(0.09071428571 0.08149381324 0.0254)
(0.09978571429 0.08149381324 0.0254)
(0.1088571429 0.08149381324 0.0254)
(0.1179285714 0.08149381324 0.0254)
(0.127 0.08149381324 0.0254)
(0.1360714286 0.08149381324 0.0254)
(0.1451428571 0.08149381324 0.0254)
(0.1542142857 0.08149381324 0.0254)
(0.1632857143 0.08149381324 0.0254)
(0.1723571429 0.08149381324 0.0254)
(0.1814285714 0.08149381324 0.0254)
(0.1905 0.08149381324 0.0254)
(0.1995714286 0.08149381324 0.0254)
(0.2086428571 0.08149381324 0.0254)
(0.2177142857 0.08149381324 0.0254)
(0.2267857143 0.08149381324 0.0254)
(0.2358571429 0.08149381324 0.0254)
(0.2449285714 0.08149381324 0.0254)
(0.254 0.08149381324 0.0254)
(0 0.08580312427 0.0254)
(0.009071428571 0.08580312427 0.0254)
(0.01814285714 0.08580312427 0.0254)
(0.02721428571 0.08580312427 0.0254)
(0.03628571429 0.08580312427 0.0254)
(0.04535714286 0.08580312427 0.0254)
(0.05442857143 0.08580312427 0.0254)
(0.0635 0.08580312427 0.0254)
(0.07257142857 0.08580312427 0.0254)
(0.08164285714 0.08580312427 0.0254)
(0.09071428571 0.08580312427 0.0254)
(0.09978571429 0.08580312427 0.0254)
(0.1088571429 0.08580312427 0.0254)
(0.1179285714 0.08580312427 0.0254)
(0.127 0.08580312427 0.0254)
(0.1360714286 0.08580312427 0.0254)
(0.1451428571 0.08580312427 0.0254)
(0.1542142857 0.08580312427 0.0254)
(0.1632857143 0.08580312427 0.0254)
(0.1723571429 0.08580312427 0.0254)
(0.1814285714 0.08580312427 0.0254)
(0.1905 0.08580312427 0.0254)
(0.1995714286 0.08580312427 0.0254)
(0.2086428571 0.08580312427 0.0254)
(0.2177142857 0.08580312427 0.0254)
(0.2267857143 0.08580312427 0.0254)
(0.2358571429 0.08580312427 0.0254)
(0.2449285714 0.08580312427 0.0254)
(0.254 0.08580312427 0.0254)
(0 0.08967400544 0.0254)
(0.009071428571 0.08967400544 0.0254)
(0.01814285714 0.08967400544 0.0254)
(0.02721428571 0.08967400544 0.0254)
(0.03628571429 0.08967400544 0.0254)
(0.04535714286 0.08967400544 0.0254)
(0.05442857143 0.08967400544 0.0254)
(0.0635 0.08967400544 0.0254)
(0.07257142857 0.08967400544 0.0254)
(0.08164285714 0.08967400544 0.0254)
(0.09071428571 0.08967400544 0.0254)
(0.09978571429 0.08967400544 0.0254)
(0.1088571429 0.08967400544 0.0254)
(0.1179285714 0.08967400544 0.0254)
(0.127 0.08967400544 0.0254)
(0.1360714286 0.08967400544 0.0254)
(0.1451428571 0.08967400544 0.0254)
(0.1542142857 0.08967400544 0.0254)
(0.1632857143 0.08967400544 0.0254)
(0.1723571429 0.08967400544 0.0254)
(0.1814285714 0.08967400544 0.0254)
(0.1905 0.08967400544 0.0254)
(0.1995714286 0.08967400544 0.0254)
(0.2086428571 0.08967400544 0.0254)
(0.2177142857 0.08967400544 0.0254)
(0.2267857143 0.08967400544 0.0254)
(0.2358571429 0.08967400544 0.0254)
(0.2449285714 0.08967400544 0.0254)
(0.254 0.08967400544 0.0254)
(0 0.09315106268 0.0254)
(0.009071428571 0.09315106268 0.0254)
(0.01814285714 0.09315106268 0.0254)
(0.02721428571 0.09315106268 0.0254)
(0.03628571429 0.09315106268 0.0254)
(0.04535714286 0.09315106268 0.0254)
(0.05442857143 0.09315106268 0.0254)
(0.0635 0.09315106268 0.0254)
(0.07257142857 0.09315106268 0.0254)
(0.08164285714 0.09315106268 0.0254)
(0.09071428571 0.09315106268 0.0254)
(0.09978571429 0.09315106268 0.0254)
(0.1088571429 0.09315106268 0.0254)
(0.1179285714 0.09315106268 0.0254)
(0.127 0.09315106268 0.0254)
(0.1360714286 0.09315106268 0.0254)
(0.1451428571 0.09315106268 0.0254)
(0.1542142857 0.09315106268 0.0254)
(0.1632857143 0.09315106268 0.0254)
(0.1723571429 0.09315106268 0.0254)
(0.1814285714 0.09315106268 0.0254)
(0.1905 0.09315106268 0.0254)
(0.1995714286 0.09315106268 0.0254)
(0.2086428571 0.09315106268 0.0254)
(0.2177142857 0.09315106268 0.0254)
(0.2267857143 0.09315106268 0.0254)
(0.2358571429 0.09315106268 0.0254)
(0.2449285714 0.09315106268 0.0254)
(0.254 0.09315106268 0.0254)
(0 0.09627436367 0.0254)
(0.009071428571 0.09627436367 0.0254)
(0.01814285714 0.09627436367 0.0254)
(0.02721428571 0.09627436367 0.0254)
(0.03628571429 0.09627436367 0.0254)
(0.04535714286 0.09627436367 0.0254)
(0.05442857143 0.09627436367 0.0254)
(0.0635 0.09627436367 0.0254)
(0.07257142857 0.09627436367 0.0254)
(0.08164285714 0.09627436367 0.0254)
(0.09071428571 0.09627436367 0.0254)
(0.09978571429 0.09627436367 0.0254)
(0.1088571429 0.09627436367 0.0254)
(0.1179285714 0.09627436367 0.0254)
(0.127 0.09627436367 0.0254)
(0.1360714286 0.09627436367 0.0254)
(0.1451428571 0.09627436367 0.0254)
(0.1542142857 0.09627436367 0.0254)
(0.1632857143 0.09627436367 0.0254)
(0.1723571429 0.09627436367 0.0254)
(0.1814285714 0.09627436367 0.0254)
(0.1905 0.09627436367 0.0254)
(0.1995714286 0.09627436367 0.0254)
(0.2086428571 0.09627436367 0.0254)
(0.2177142857 0.09627436367 0.0254)
(0.2267857143 0.09627436367 0.0254)
(0.2358571429 0.09627436367 0.0254)
(0.2449285714 0.09627436367 0.0254)
(0.254 0.09627436367 0.0254)
(0 0.09907989963 0.0254)
(0.009071428571 0.09907989963 0.0254)
(0.01814285714 0.09907989963 0.0254)
(0.02721428571 0.09907989963 0.0254)
(0.03628571429 0.09907989963 0.0254)
(0.04535714286 0.09907989963 0.0254)
(0.05442857143 0.09907989963 0.0254)
(0.0635 0.09907989963 0.0254)
(0.07257142857 0.09907989963 0.0254)
(0.08164285714 0.09907989963 0.0254)
(0.09071428571 0.09907989963 0.0254)
(0.09978571429 0.09907989963 0.0254)
(0.1088571429 0.09907989963 0.0254)
(0.1179285714 0.09907989963 0.0254)
(0.127 0.09907989963 0.0254)
(0.1360714286 0.09907989963 0.0254)
(0.1451428571 0.09907989963 0.0254)
(0.1542142857 0.09907989963 0.0254)
(0.1632857143 0.09907989963 0.0254)
(0.1723571429 0.09907989963 0.0254)
(0.1814285714 0.09907989963 0.0254)
(0.1905 0.09907989963 0.0254)
(0.1995714286 0.09907989963 0.0254)
(0.2086428571 0.09907989963 0.0254)
(0.2177142857 0.09907989963 0.0254)
(0.2267857143 0.09907989963 0.0254)
(0.2358571429 0.09907989963 0.0254)
(0.2449285714 0.09907989963 0.0254)
(0.254 0.09907989963 0.0254)
(0 0.1016 0.0254)
(0.009071428571 0.1016 0.0254)
(0.01814285714 0.1016 0.0254)
(0.02721428571 0.1016 0.0254)
(0.03628571429 0.1016 0.0254)
(0.04535714286 0.1016 0.0254)
(0.05442857143 0.1016 0.0254)
(0.0635 0.1016 0.0254)
(0.07257142857 0.1016 0.0254)
(0.08164285714 0.1016 0.0254)
(0.09071428571 0.1016 0.0254)
(0.09978571429 0.1016 0.0254)
(0.1088571429 0.1016 0.0254)
(0.1179285714 0.1016 0.0254)
(0.127 0.1016 0.0254)
(0.1360714286 0.1016 0.0254)
(0.1451428571 0.1016 0.0254)
(0.1542142857 0.1016 0.0254)
(0.1632857143 0.1016 0.0254)
(0.1723571429 0.1016 0.0254)
(0.1814285714 0.1016 0.0254)
(0.1905 0.1016 0.0254)
(0.1995714286 0.1016 0.0254)
(0.2086428571 0.1016 0.0254)
(0.2177142857 0.1016 0.0254)
(0.2267857143 0.1016 0.0254)
(0.2358571429 0.1016 0.0254)
(0.2449285714 0.1016 0.0254)
(0.254 0.1016 0.0254)
(0 0.1016 0)
(0.009071428571 0.1016 0)
(0.01814285714 0.1016 0)
(0.02721428571 0.1016 0)
(0.03628571429 0.1016 0)
(0.04535714286 0.1016 0)
(0.05442857143 0.1016 0)
(0.0635 0.1016 0)
(0.07257142857 0.1016 0)
(0.08164285714 0.1016 0)
(0.09071428571 0.1016 0)
(0.09978571429 0.1016 0)
(0.1088571429 0.1016 0)
(0.1179285714 0.1016 0)
(0.127 0.1016 0)
(0.1360714286 0.1016 0)
(0.1451428571 0.1016 0)
(0.1542142857 0.1016 0)
(0.1632857143 0.1016 0)
(0.1723571429 0.1016 0)
(0.1814285714 0.1016 0)
(0.1905 0.1016 0)
(0.1995714286 0.1016 0)
(0.2086428571 0.1016 0)
(0.2177142857 0.1016 0)
(0.2267857143 0.1016 0)
(0.2358571429 0.1016 0)
(0.2449285714 0.1016 0)
(0.254 0.1016 0)
(0 0.1456255815 0)
(0.009071428571 0.1456255815 0)
(0.01814285714 0.1456255815 0)
(0.02721428571 0.1456255815 0)
(0.03628571429 0.1456255815 0)
(0.04535714286 0.1456255815 0)
(0.05442857143 0.1456255815 0)
(0.0635 0.1456255815 0)
(0.07257142857 0.1456255815 0)
(0.08164285714 0.1456255815 0)
(0.09071428571 0.1456255815 0)
(0.09978571429 0.1456255815 0)
(0.1088571429 0.1456255815 0)
(0.1179285714 0.1456255815 0)
(0.127 0.1456255815 0)
(0.1360714286 0.1456255815 0)
(0.1451428571 0.1456255815 0)
(0.1542142857 0.1456255815 0)
(0.1632857143 0.1456255815 0)
(0.1723571429 0.1456255815 0)
(0.1814285714 0.1456255815 0)
(0.1905 0.1456255815 0)
(0.1995714286 0.1456255815 0)
(0.2086428571 0.1456255815 0)
(0.2177142857 0.1456255815 0)
(0.2267857143 0.1456255815 0)
(0.2358571429 0.1456255815 0)
(0.2449285714 0.1456255815 0)
(0.254 0.1456255815 0)
(0 0.1917229011 0)
(0.009071428571 0.1917229011 0)
(0.01814285714 0.1917229011 0)
(0.02721428571 0.1917229011 0)
(0.03628571429 0.1917229011 0)
(0.04535714286 0.1917229011 0)
(0.05442857143 0.1917229011 0)
(0.0635 0.1917229011 0)
(0.07257142857 0.1917229011 0)
(0.08164285714 0.1917229011 0)
(0.09071428571 0.1917229011 0)
(0.09978571429 0.1917229011 0)
(0.1088571429 0.1917229011 0)
(0.1179285714 0.1917229011 0)
(0.127 0.1917229011 0)
(0.1360714286 0.1917229011 0)
(0.1451428571 0.1917229011 0)
(0.1542142857 0.1917229011 0)
(0.1632857143 0.1917229011 0)
(0.1723571429 0.1917229011 0)
(0.1814285714 0.1917229011 0)
(0.1905 0.1917229011 0)
(0.1995714286 0.1917229011 0)
(0.2086428571 0.1917229011 0)
(0.2177142857 0.1917229011 0)
(0.2267857143 0.1917229011 0)
(0.2358571429 0.1917229011 0)
(0.2449285714 0.1917229011 0)
(0.254 0.1917229011 0)
(0 0.2399894497 0)
(0.009071428571 0.2399894497 0)
(0.01814285714 0.2399894497 0)
(0.02721428571 0.2399894497 0)
(0.03628571429 0.2399894497 0)
(0.04535714286 0.2399894497 0)
(0.05442857143 0.2399894497 0)
(0.0635 0.2399894497 0)
(0.07257142857 0.2399894497 0)
(0.08164285714 0.2399894497 0)
(0.09071428571 0.2399894497 0)
(0.09978571429 0.2399894497 0)
(0.1088571429 0.2399894497 0)
(0.1179285714 0.2399894497 0)
(0.127 0.2399894497 0)
(0.1360714286 0.2399894497 0)
(0.1451428571 0.2399894497 0)
(0.1542142857 0.2399894497 0)
(0.1632857143 0.2399894497 0)
(0.1723571429 0.2399894497 0)
(0.1814285714 0.2399894497 0)
(0.1905 0.2399894497 0)
(0.1995714286 0.2399894497 0)
(0.2086428571 0.2399894497 0)
(0.2177142857 0.2399894497 0)
(0.2267857143 0.2399894497 0)
(0.2358571429 0.2399894497 0)
(0.2449285714 0.2399894497 0)
(0.254 0.2399894497 0)
(0 0.2905273059 0)
(0.009071428571 0.2905273059 0)
(0.01814285714 0.2905273059 0)
(0.02721428571 0.2905273059 0)
(0.03628571429 0.2905273059 0)
(0.04535714286 0.2905273059 0)
(0.05442857143 0.2905273059 0)
(0.0635 0.2905273059 0)
(0.07257142857 0.2905273059 0)
(0.08164285714 0.2905273059 0)
(0.09071428571 0.2905273059 0)
(0.09978571429 0.2905273059 0)
(0.1088571429 0.2905273059 0)
(0.1179285714 0.2905273059 0)
(0.127 0.2905273059 0)
(0.1360714286 0.2905273059 0)
(0.1451428571 0.2905273059 0)
(0.1542142857 0.2905273059 0)
(0.1632857143 0.2905273059 0)
(0.1723571429 0.2905273059 0)
(0.1814285714 0.2905273059 0)
(0.1905 0.2905273059 0)
(0.1995714286 0.2905273059 0)
(0.2086428571 0.2905273059 0)
(0.2177142857 0.2905273059 0)
(0.2267857143 0.2905273059 0)
(0.2358571429 0.2905273059 0)
(0.2449285714 0.2905273059 0)
(0.254 0.2905273059 0)
(0 0.3434433522 0)
(0.009071428571 0.3434433522 0)
(0.01814285714 0.3434433522 0)
(0.02721428571 0.3434433522 0)
(0.03628571429 0.3434433522 0)
(0.04535714286 0.3434433522 0)
(0.05442857143 0.3434433522 0)
(0.0635 0.3434433522 0)
(0.07257142857 0.3434433522 0)
(0.08164285714 0.3434433522 0)
(0.09071428571 0.3434433522 0)
(0.09978571429 0.3434433522 0)
(0.1088571429 0.3434433522 0)
(0.1179285714 0.3434433522 0)
(0.127 0.3434433522 0)
(0.1360714286 0.3434433522 0)
(0.1451428571 0.3434433522 0)
(0.1542142857 0.3434433522 0)
(0.1632857143 0.3434433522 0)
(0.1723571429 0.3434433522 0)
(0.1814285714 0.3434433522 0)
(0.1905 0.3434433522 0)
(0.1995714286 0.3434433522 0)
(0.2086428571 0.3434433522 0)
(0.2177142857 0.3434433522 0)
(0.2267857143 0.3434433522 0)
(0.2358571429 0.3434433522 0)
(0.2449285714 0.3434433522 0)
(0.254 0.3434433522 0)
(0 0.3988495004 0)
(0.009071428571 0.3988495004 0)
(0.01814285714 0.3988495004 0)
(0.02721428571 0.3988495004 0)
(0.03628571429 0.3988495004 0)
(0.04535714286 0.3988495004 0)
(0.05442857143 0.3988495004 0)
(0.0635 0.3988495004 0)
(0.07257142857 0.3988495004 0)
(0.08164285714 0.3988495004 0)
(0.09071428571 0.3988495004 0)
(0.09978571429 0.3988495004 0)
(0.1088571429 0.3988495004 0)
(0.1179285714 0.3988495004 0)
(0.127 0.3988495004 0)
(0.1360714286 0.3988495004 0)
(0.1451428571 0.3988495004 0)
(0.1542142857 0.3988495004 0)
(0.1632857143 0.3988495004 0)
(0.1723571429 0.3988495004 0)
(0.1814285714 0.3988495004 0)
(0.1905 0.3988495004 0)
(0.1995714286 0.3988495004 0)
(0.2086428571 0.3988495004 0)
(0.2177142857 0.3988495004 0)
(0.2267857143 0.3988495004 0)
(0.2358571429 0.3988495004 0)
(0.2449285714 0.3988495004 0)
(0.254 0.3988495004 0)
(0 0.4568629287 0)
(0.009071428571 0.4568629287 0)
(0.01814285714 0.4568629287 0)
(0.02721428571 0.4568629287 0)
(0.03628571429 0.4568629287 0)
(0.04535714286 0.4568629287 0)
(0.05442857143 0.4568629287 0)
(0.0635 0.4568629287 0)
(0.07257142857 0.4568629287 0)
(0.08164285714 0.4568629287 0)
(0.09071428571 0.4568629287 0)
(0.09978571429 0.4568629287 0)
(0.1088571429 0.4568629287 0)
(0.1179285714 0.4568629287 0)
(0.127 0.4568629287 0)
(0.1360714286 0.4568629287 0)
(0.1451428571 0.4568629287 0)
(0.1542142857 0.4568629287 0)
(0.1632857143 0.4568629287 0)
(0.1723571429 0.4568629287 0)
(0.1814285714 0.4568629287 0)
(0.1905 0.4568629287 0)
(0.1995714286 0.4568629287 0)
(0.2086428571 0.4568629287 0)
(0.2177142857 0.4568629287 0)
(0.2267857143 0.4568629287 0)
(0.2358571429 0.4568629287 0)
(0.2449285714 0.4568629287 0)
(0.254 0.4568629287 0)
(0 0.5176063294 0)
(0.009071428571 0.5176063294 0)
(0.01814285714 0.5176063294 0)
(0.02721428571 0.5176063294 0)
(0.03628571429 0.5176063294 0)
(0.04535714286 0.5176063294 0)
(0.05442857143 0.5176063294 0)
(0.0635 0.5176063294 0)
(0.07257142857 0.5176063294 0)
(0.08164285714 0.5176063294 0)
(0.09071428571 0.5176063294 0)
(0.09978571429 0.5176063294 0)
(0.1088571429 0.5176063294 0)
(0.1179285714 0.5176063294 0)
(0.127 0.5176063294 0)
(0.1360714286 0.5176063294 0)
(0.1451428571 0.5176063294 0)
(0.1542142857 0.5176063294 0)
(0.1632857143 0.5176063294 0)
(0.1723571429 0.5176063294 0)
(0.1814285714 0.5176063294 0)
(0.1905 0.5176063294 0)
(0.1995714286 0.5176063294 0)
(0.2086428571 0.5176063294 0)
(0.2177142857 0.5176063294 0)
(0.2267857143 0.5176063294 0)
(0.2358571429 0.5176063294 0)
(0.2449285714 0.5176063294 0)
(0.254 0.5176063294 0)
(0 0.5812081685 0)
(0.009071428571 0.5812081685 0)
(0.01814285714 0.5812081685 0)
(0.02721428571 0.5812081685 0)
(0.03628571429 0.5812081685 0)
(0.04535714286 0.5812081685 0)
(0.05442857143 0.5812081685 0)
(0.0635 0.5812081685 0)
(0.07257142857 0.5812081685 0)
(0.08164285714 0.5812081685 0)
(0.09071428571 0.5812081685 0)
(0.09978571429 0.5812081685 0)
(0.1088571429 0.5812081685 0)
(0.1179285714 0.5812081685 0)
(0.127 0.5812081685 0)
(0.1360714286 0.5812081685 0)
(0.1451428571 0.5812081685 0)
(0.1542142857 0.5812081685 0)
(0.1632857143 0.5812081685 0)
(0.1723571429 0.5812081685 0)
(0.1814285714 0.5812081685 0)
(0.1905 0.5812081685 0)
(0.1995714286 0.5812081685 0)
(0.2086428571 0.5812081685 0)
(0.2177142857 0.5812081685 0)
(0.2267857143 0.5812081685 0)
(0.2358571429 0.5812081685 0)
(0.2449285714 0.5812081685 0)
(0.254 0.5812081685 0)
(0 0.6478029572 0)
(0.009071428571 0.6478029572 0)
(0.01814285714 0.6478029572 0)
(0.02721428571 0.6478029572 0)
(0.03628571429 0.6478029572 0)
(0.04535714286 0.6478029572 0)
(0.05442857143 0.6478029572 0)
(0.0635 0.6478029572 0)
(0.07257142857 0.6478029572 0)
(0.08164285714 0.6478029572 0)
(0.09071428571 0.6478029572 0)
(0.09978571429 0.6478029572 0)
(0.1088571429 0.6478029572 0)
(0.1179285714 0.6478029572 0)
(0.127 0.6478029572 0)
(0.1360714286 0.6478029572 0)
(0.1451428571 0.6478029572 0)
(0.1542142857 0.6478029572 0)
(0.1632857143 0.6478029572 0)
(0.1723571429 0.6478029572 0)
(0.1814285714 0.6478029572 0)
(0.1905 0.6478029572 0)
(0.1995714286 0.6478029572 0)
(0.2086428571 0.6478029572 0)
(0.2177142857 0.6478029572 0)
(0.2267857143 0.6478029572 0)
(0.2358571429 0.6478029572 0)
(0.2449285714 0.6478029572 0)
(0.254 0.6478029572 0)
(0 0.7175315365 0)
(0.009071428571 0.7175315365 0)
(0.01814285714 0.7175315365 0)
(0.02721428571 0.7175315365 0)
(0.03628571429 0.7175315365 0)
(0.04535714286 0.7175315365 0)
(0.05442857143 0.7175315365 0)
(0.0635 0.7175315365 0)
(0.07257142857 0.7175315365 0)
(0.08164285714 0.7175315365 0)
(0.09071428571 0.7175315365 0)
(0.09978571429 0.7175315365 0)
(0.1088571429 0.7175315365 0)
(0.1179285714 0.7175315365 0)
(0.127 0.7175315365 0)
(0.1360714286 0.7175315365 0)
(0.1451428571 0.7175315365 0)
(0.1542142857 0.7175315365 0)
(0.1632857143 0.7175315365 0)
(0.1723571429 0.7175315365 0)
(0.1814285714 0.7175315365 0)
(0.1905 0.7175315365 0)
(0.1995714286 0.7175315365 0)
(0.2086428571 0.7175315365 0)
(0.2177142857 0.7175315365 0)
(0.2267857143 0.7175315365 0)
(0.2358571429 0.7175315365 0)
(0.2449285714 0.7175315365 0)
(0.254 0.7175315365 0)
(0 0.7905413752 0)
(0.009071428571 0.7905413752 0)
(0.01814285714 0.7905413752 0)
(0.02721428571 0.7905413752 0)
(0.03628571429 0.7905413752 0)
(0.04535714286 0.7905413752 0)
(0.05442857143 0.7905413752 0)
(0.0635 0.7905413752 0)
(0.07257142857 0.7905413752 0)
(0.08164285714 0.7905413752 0)
(0.09071428571 0.7905413752 0)
(0.09978571429 0.7905413752 0)
(0.1088571429 0.7905413752 0)
(0.1179285714 0.7905413752 0)
(0.127 0.7905413752 0)
(0.1360714286 0.7905413752 0)
(0.1451428571 0.7905413752 0)
(0.1542142857 0.7905413752 0)
(0.1632857143 0.7905413752 0)
(0.1723571429 0.7905413752 0)
(0.1814285714 0.7905413752 0)
(0.1905 0.7905413752 0)
(0.1995714286 0.7905413752 0)
(0.2086428571 0.7905413752 0)
(0.2177142857 0.7905413752 0)
(0.2267857143 0.7905413752 0)
(0.2358571429 0.7905413752 0)
(0.2449285714 0.7905413752 0)
(0.254 0.7905413752 0)
(0 0.8669868812 0)
(0.009071428571 0.8669868812 0)
(0.01814285714 0.8669868812 0)
(0.02721428571 0.8669868812 0)
(0.03628571429 0.8669868812 0)
(0.04535714286 0.8669868812 0)
(0.05442857143 0.8669868812 0)
(0.0635 0.8669868812 0)
(0.07257142857 0.8669868812 0)
(0.08164285714 0.8669868812 0)
(0.09071428571 0.8669868812 0)
(0.09978571429 0.8669868812 0)
(0.1088571429 0.8669868812 0)
(0.1179285714 0.8669868812 0)
(0.127 0.8669868812 0)
(0.1360714286 0.8669868812 0)
(0.1451428571 0.8669868812 0)
(0.1542142857 0.8669868812 0)
(0.1632857143 0.8669868812 0)
(0.1723571429 0.8669868812 0)
(0.1814285714 0.8669868812 0)
(0.1905 0.8669868812 0)
(0.1995714286 0.8669868812 0)
(0.2086428571 0.8669868812 0)
(0.2177142857 0.8669868812 0)
(0.2267857143 0.8669868812 0)
(0.2358571429 0.8669868812 0)
(0.2449285714 0.8669868812 0)
(0.254 0.8669868812 0)
(0 0.947029729 0)
(0.009071428571 0.947029729 0)
(0.01814285714 0.947029729 0)
(0.02721428571 0.947029729 0)
(0.03628571429 0.947029729 0)
(0.04535714286 0.947029729 0)
(0.05442857143 0.947029729 0)
(0.0635 0.947029729 0)
(0.07257142857 0.947029729 0)
(0.08164285714 0.947029729 0)
(0.09071428571 0.947029729 0)
(0.09978571429 0.947029729 0)
(0.1088571429 0.947029729 0)
(0.1179285714 0.947029729 0)
(0.127 0.947029729 0)
(0.1360714286 0.947029729 0)
(0.1451428571 0.947029729 0)
(0.1542142857 0.947029729 0)
(0.1632857143 0.947029729 0)
(0.1723571429 0.947029729 0)
(0.1814285714 0.947029729 0)
(0.1905 0.947029729 0)
(0.1995714286 0.947029729 0)
(0.2086428571 0.947029729 0)
(0.2177142857 0.947029729 0)
(0.2267857143 0.947029729 0)
(0.2358571429 0.947029729 0)
(0.2449285714 0.947029729 0)
(0.254 0.947029729 0)
(0 1.030839201 0)
(0.009071428571 1.030839201 0)
(0.01814285714 1.030839201 0)
(0.02721428571 1.030839201 0)
(0.03628571429 1.030839201 0)
(0.04535714286 1.030839201 0)
(0.05442857143 1.030839201 0)
(0.0635 1.030839201 0)
(0.07257142857 1.030839201 0)
(0.08164285714 1.030839201 0)
(0.09071428571 1.030839201 0)
(0.09978571429 1.030839201 0)
(0.1088571429 1.030839201 0)
(0.1179285714 1.030839201 0)
(0.127 1.030839201 0)
(0.1360714286 1.030839201 0)
(0.1451428571 1.030839201 0)
(0.1542142857 1.030839201 0)
(0.1632857143 1.030839201 0)
(0.1723571429 1.030839201 0)
(0.1814285714 1.030839201 0)
(0.1905 1.030839201 0)
(0.1995714286 1.030839201 0)
(0.2086428571 1.030839201 0)
(0.2177142857 1.030839201 0)
(0.2267857143 1.030839201 0)
(0.2358571429 1.030839201 0)
(0.2449285714 1.030839201 0)
(0.254 1.030839201 0)
(0 1.118592545 0)
(0.009071428571 1.118592545 0)
(0.01814285714 1.118592545 0)
(0.02721428571 1.118592545 0)
(0.03628571429 1.118592545 0)
(0.04535714286 1.118592545 0)
(0.05442857143 1.118592545 0)
(0.0635 1.118592545 0)
(0.07257142857 1.118592545 0)
(0.08164285714 1.118592545 0)
(0.09071428571 1.118592545 0)
(0.09978571429 1.118592545 0)
(0.1088571429 1.118592545 0)
(0.1179285714 1.118592545 0)
(0.127 1.118592545 0)
(0.1360714286 1.118592545 0)
(0.1451428571 1.118592545 0)
(0.1542142857 1.118592545 0)
(0.1632857143 1.118592545 0)
(0.1723571429 1.118592545 0)
(0.1814285714 1.118592545 0)
(0.1905 1.118592545 0)
(0.1995714286 1.118592545 0)
(0.2086428571 1.118592545 0)
(0.2177142857 1.118592545 0)
(0.2267857143 1.118592545 0)
(0.2358571429 1.118592545 0)
(0.2449285714 1.118592545 0)
(0.254 1.118592545 0)
(0 1.21047535 0)
(0.009071428571 1.21047535 0)
(0.01814285714 1.21047535 0)
(0.02721428571 1.21047535 0)
(0.03628571429 1.21047535 0)
(0.04535714286 1.21047535 0)
(0.05442857143 1.21047535 0)
(0.0635 1.21047535 0)
(0.07257142857 1.21047535 0)
(0.08164285714 1.21047535 0)
(0.09071428571 1.21047535 0)
(0.09978571429 1.21047535 0)
(0.1088571429 1.21047535 0)
(0.1179285714 1.21047535 0)
(0.127 1.21047535 0)
(0.1360714286 1.21047535 0)
(0.1451428571 1.21047535 0)
(0.1542142857 1.21047535 0)
(0.1632857143 1.21047535 0)
(0.1723571429 1.21047535 0)
(0.1814285714 1.21047535 0)
(0.1905 1.21047535 0)
(0.1995714286 1.21047535 0)
(0.2086428571 1.21047535 0)
(0.2177142857 1.21047535 0)
(0.2267857143 1.21047535 0)
(0.2358571429 1.21047535 0)
(0.2449285714 1.21047535 0)
(0.254 1.21047535 0)
(0 1.306681939 0)
(0.009071428571 1.306681939 0)
(0.01814285714 1.306681939 0)
(0.02721428571 1.306681939 0)
(0.03628571429 1.306681939 0)
(0.04535714286 1.306681939 0)
(0.05442857143 1.306681939 0)
(0.0635 1.306681939 0)
(0.07257142857 1.306681939 0)
(0.08164285714 1.306681939 0)
(0.09071428571 1.306681939 0)
(0.09978571429 1.306681939 0)
(0.1088571429 1.306681939 0)
(0.1179285714 1.306681939 0)
(0.127 1.306681939 0)
(0.1360714286 1.306681939 0)
(0.1451428571 1.306681939 0)
(0.1542142857 1.306681939 0)
(0.1632857143 1.306681939 0)
(0.1723571429 1.306681939 0)
(0.1814285714 1.306681939 0)
(0.1905 1.306681939 0)
(0.1995714286 1.306681939 0)
(0.2086428571 1.306681939 0)
(0.2177142857 1.306681939 0)
(0.2267857143 1.306681939 0)
(0.2358571429 1.306681939 0)
(0.2449285714 1.306681939 0)
(0.254 1.306681939 0)
(0 1.407415779 0)
(0.009071428571 1.407415779 0)
(0.01814285714 1.407415779 0)
(0.02721428571 1.407415779 0)
(0.03628571429 1.407415779 0)
(0.04535714286 1.407415779 0)
(0.05442857143 1.407415779 0)
(0.0635 1.407415779 0)
(0.07257142857 1.407415779 0)
(0.08164285714 1.407415779 0)
(0.09071428571 1.407415779 0)
(0.09978571429 1.407415779 0)
(0.1088571429 1.407415779 0)
(0.1179285714 1.407415779 0)
(0.127 1.407415779 0)
(0.1360714286 1.407415779 0)
(0.1451428571 1.407415779 0)
(0.1542142857 1.407415779 0)
(0.1632857143 1.407415779 0)
(0.1723571429 1.407415779 0)
(0.1814285714 1.407415779 0)
(0.1905 1.407415779 0)
(0.1995714286 1.407415779 0)
(0.2086428571 1.407415779 0)
(0.2177142857 1.407415779 0)
(0.2267857143 1.407415779 0)
(0.2358571429 1.407415779 0)
(0.2449285714 1.407415779 0)
(0.254 1.407415779 0)
(0 1.512889911 0)
(0.009071428571 1.512889911 0)
(0.01814285714 1.512889911 0)
(0.02721428571 1.512889911 0)
(0.03628571429 1.512889911 0)
(0.04535714286 1.512889911 0)
(0.05442857143 1.512889911 0)
(0.0635 1.512889911 0)
(0.07257142857 1.512889911 0)
(0.08164285714 1.512889911 0)
(0.09071428571 1.512889911 0)
(0.09978571429 1.512889911 0)
(0.1088571429 1.512889911 0)
(0.1179285714 1.512889911 0)
(0.127 1.512889911 0)
(0.1360714286 1.512889911 0)
(0.1451428571 1.512889911 0)
(0.1542142857 1.512889911 0)
(0.1632857143 1.512889911 0)
(0.1723571429 1.512889911 0)
(0.1814285714 1.512889911 0)
(0.1905 1.512889911 0)
(0.1995714286 1.512889911 0)
(0.2086428571 1.512889911 0)
(0.2177142857 1.512889911 0)
(0.2267857143 1.512889911 0)
(0.2358571429 1.512889911 0)
(0.2449285714 1.512889911 0)
(0.254 1.512889911 0)
(0 1.623327402 0)
(0.009071428571 1.623327402 0)
(0.01814285714 1.623327402 0)
(0.02721428571 1.623327402 0)
(0.03628571429 1.623327402 0)
(0.04535714286 1.623327402 0)
(0.05442857143 1.623327402 0)
(0.0635 1.623327402 0)
(0.07257142857 1.623327402 0)
(0.08164285714 1.623327402 0)
(0.09071428571 1.623327402 0)
(0.09978571429 1.623327402 0)
(0.1088571429 1.623327402 0)
(0.1179285714 1.623327402 0)
(0.127 1.623327402 0)
(0.1360714286 1.623327402 0)
(0.1451428571 1.623327402 0)
(0.1542142857 1.623327402 0)
(0.1632857143 1.623327402 0)
(0.1723571429 1.623327402 0)
(0.1814285714 1.623327402 0)
(0.1905 1.623327402 0)
(0.1995714286 1.623327402 0)
(0.2086428571 1.623327402 0)
(0.2177142857 1.623327402 0)
(0.2267857143 1.623327402 0)
(0.2358571429 1.623327402 0)
(0.2449285714 1.623327402 0)
(0.254 1.623327402 0)
(0 1.738961816 0)
(0.009071428571 1.738961816 0)
(0.01814285714 1.738961816 0)
(0.02721428571 1.738961816 0)
(0.03628571429 1.738961816 0)
(0.04535714286 1.738961816 0)
(0.05442857143 1.738961816 0)
(0.0635 1.738961816 0)
(0.07257142857 1.738961816 0)
(0.08164285714 1.738961816 0)
(0.09071428571 1.738961816 0)
(0.09978571429 1.738961816 0)
(0.1088571429 1.738961816 0)
(0.1179285714 1.738961816 0)
(0.127 1.738961816 0)
(0.1360714286 1.738961816 0)
(0.1451428571 1.738961816 0)
(0.1542142857 1.738961816 0)
(0.1632857143 1.738961816 0)
(0.1723571429 1.738961816 0)
(0.1814285714 1.738961816 0)
(0.1905 1.738961816 0)
(0.1995714286 1.738961816 0)
(0.2086428571 1.738961816 0)
(0.2177142857 1.738961816 0)
(0.2267857143 1.738961816 0)
(0.2358571429 1.738961816 0)
(0.2449285714 1.738961816 0)
(0.254 1.738961816 0)
(0 1.860037708 0)
(0.009071428571 1.860037708 0)
(0.01814285714 1.860037708 0)
(0.02721428571 1.860037708 0)
(0.03628571429 1.860037708 0)
(0.04535714286 1.860037708 0)
(0.05442857143 1.860037708 0)
(0.0635 1.860037708 0)
(0.07257142857 1.860037708 0)
(0.08164285714 1.860037708 0)
(0.09071428571 1.860037708 0)
(0.09978571429 1.860037708 0)
(0.1088571429 1.860037708 0)
(0.1179285714 1.860037708 0)
(0.127 1.860037708 0)
(0.1360714286 1.860037708 0)
(0.1451428571 1.860037708 0)
(0.1542142857 1.860037708 0)
(0.1632857143 1.860037708 0)
(0.1723571429 1.860037708 0)
(0.1814285714 1.860037708 0)
(0.1905 1.860037708 0)
(0.1995714286 1.860037708 0)
(0.2086428571 1.860037708 0)
(0.2177142857 1.860037708 0)
(0.2267857143 1.860037708 0)
(0.2358571429 1.860037708 0)
(0.2449285714 1.860037708 0)
(0.254 1.860037708 0)
(0 1.98681114 0)
(0.009071428571 1.98681114 0)
(0.01814285714 1.98681114 0)
(0.02721428571 1.98681114 0)
(0.03628571429 1.98681114 0)
(0.04535714286 1.98681114 0)
(0.05442857143 1.98681114 0)
(0.0635 1.98681114 0)
(0.07257142857 1.98681114 0)
(0.08164285714 1.98681114 0)
(0.09071428571 1.98681114 0)
(0.09978571429 1.98681114 0)
(0.1088571429 1.98681114 0)
(0.1179285714 1.98681114 0)
(0.127 1.98681114 0)
(0.1360714286 1.98681114 0)
(0.1451428571 1.98681114 0)
(0.1542142857 1.98681114 0)
(0.1632857143 1.98681114 0)
(0.1723571429 1.98681114 0)
(0.1814285714 1.98681114 0)
(0.1905 1.98681114 0)
(0.1995714286 1.98681114 0)
(0.2086428571 1.98681114 0)
(0.2177142857 1.98681114 0)
(0.2267857143 1.98681114 0)
(0.2358571429 1.98681114 0)
(0.2449285714 1.98681114 0)
(0.254 1.98681114 0)
(0 2.119550224 0)
(0.009071428571 2.119550224 0)
(0.01814285714 2.119550224 0)
(0.02721428571 2.119550224 0)
(0.03628571429 2.119550224 0)
(0.04535714286 2.119550224 0)
(0.05442857143 2.119550224 0)
(0.0635 2.119550224 0)
(0.07257142857 2.119550224 0)
(0.08164285714 2.119550224 0)
(0.09071428571 2.119550224 0)
(0.09978571429 2.119550224 0)
(0.1088571429 2.119550224 0)
(0.1179285714 2.119550224 0)
(0.127 2.119550224 0)
(0.1360714286 2.119550224 0)
(0.1451428571 2.119550224 0)
(0.1542142857 2.119550224 0)
(0.1632857143 2.119550224 0)
(0.1723571429 2.119550224 0)
(0.1814285714 2.119550224 0)
(0.1905 2.119550224 0)
(0.1995714286 2.119550224 0)
(0.2086428571 2.119550224 0)
(0.2177142857 2.119550224 0)
(0.2267857143 2.119550224 0)
(0.2358571429 2.119550224 0)
(0.2449285714 2.119550224 0)
(0.254 2.119550224 0)
(0 2.258535691 0)
(0.009071428571 2.258535691 0)
(0.01814285714 2.258535691 0)
(0.02721428571 2.258535691 0)
(0.03628571429 2.258535691 0)
(0.04535714286 2.258535691 0)
(0.05442857143 2.258535691 0)
(0.0635 2.258535691 0)
(0.07257142857 2.258535691 0)
(0.08164285714 2.258535691 0)
(0.09071428571 2.258535691 0)
(0.09978571429 2.258535691 0)
(0.1088571429 2.258535691 0)
(0.1179285714 2.258535691 0)
(0.127 2.258535691 0)
(0.1360714286 2.258535691 0)
(0.1451428571 2.258535691 0)
(0.1542142857 2.258535691 0)
(0.1632857143 2.258535691 0)
(0.1723571429 2.258535691 0)
(0.1814285714 2.258535691 0)
(0.1905 2.258535691 0)
(0.1995714286 2.258535691 0)
(0.2086428571 2.258535691 0)
(0.2177142857 2.258535691 0)
(0.2267857143 2.258535691 0)
(0.2358571429 2.258535691 0)
(0.2449285714 2.258535691 0)
(0.254 2.258535691 0)
(0 2.40406148 0)
(0.009071428571 2.40406148 0)
(0.01814285714 2.40406148 0)
(0.02721428571 2.40406148 0)
(0.03628571429 2.40406148 0)
(0.04535714286 2.40406148 0)
(0.05442857143 2.40406148 0)
(0.0635 2.40406148 0)
(0.07257142857 2.40406148 0)
(0.08164285714 2.40406148 0)
(0.09071428571 2.40406148 0)
(0.09978571429 2.40406148 0)
(0.1088571429 2.40406148 0)
(0.1179285714 2.40406148 0)
(0.127 2.40406148 0)
(0.1360714286 2.40406148 0)
(0.1451428571 2.40406148 0)
(0.1542142857 2.40406148 0)
(0.1632857143 2.40406148 0)
(0.1723571429 2.40406148 0)
(0.1814285714 2.40406148 0)
(0.1905 2.40406148 0)
(0.1995714286 2.40406148 0)
(0.2086428571 2.40406148 0)
(0.2177142857 2.40406148 0)
(0.2267857143 2.40406148 0)
(0.2358571429 2.40406148 0)
(0.2449285714 2.40406148 0)
(0.254 2.40406148 0)
(0 2.556435362 0)
(0.009071428571 2.556435362 0)
(0.01814285714 2.556435362 0)
(0.02721428571 2.556435362 0)
(0.03628571429 2.556435362 0)
(0.04535714286 2.556435362 0)
(0.05442857143 2.556435362 0)
(0.0635 2.556435362 0)
(0.07257142857 2.556435362 0)
(0.08164285714 2.556435362 0)
(0.09071428571 2.556435362 0)
(0.09978571429 2.556435362 0)
(0.1088571429 2.556435362 0)
(0.1179285714 2.556435362 0)
(0.127 2.556435362 0)
(0.1360714286 2.556435362 0)
(0.1451428571 2.556435362 0)
(0.1542142857 2.556435362 0)
(0.1632857143 2.556435362 0)
(0.1723571429 2.556435362 0)
(0.1814285714 2.556435362 0)
(0.1905 2.556435362 0)
(0.1995714286 2.556435362 0)
(0.2086428571 2.556435362 0)
(0.2177142857 2.556435362 0)
(0.2267857143 2.556435362 0)
(0.2358571429 2.556435362 0)
(0.2449285714 2.556435362 0)
(0.254 2.556435362 0)
(0 2.715979593 0)
(0.009071428571 2.715979593 0)
(0.01814285714 2.715979593 0)
(0.02721428571 2.715979593 0)
(0.03628571429 2.715979593 0)
(0.04535714286 2.715979593 0)
(0.05442857143 2.715979593 0)
(0.0635 2.715979593 0)
(0.07257142857 2.715979593 0)
(0.08164285714 2.715979593 0)
(0.09071428571 2.715979593 0)
(0.09978571429 2.715979593 0)
(0.1088571429 2.715979593 0)
(0.1179285714 2.715979593 0)
(0.127 2.715979593 0)
(0.1360714286 2.715979593 0)
(0.1451428571 2.715979593 0)
(0.1542142857 2.715979593 0)
(0.1632857143 2.715979593 0)
(0.1723571429 2.715979593 0)
(0.1814285714 2.715979593 0)
(0.1905 2.715979593 0)
(0.1995714286 2.715979593 0)
(0.2086428571 2.715979593 0)
(0.2177142857 2.715979593 0)
(0.2267857143 2.715979593 0)
(0.2358571429 2.715979593 0)
(0.2449285714 2.715979593 0)
(0.254 2.715979593 0)
(0 2.883031592 0)
(0.009071428571 2.883031592 0)
(0.01814285714 2.883031592 0)
(0.02721428571 2.883031592 0)
(0.03628571429 2.883031592 0)
(0.04535714286 2.883031592 0)
(0.05442857143 2.883031592 0)
(0.0635 2.883031592 0)
(0.07257142857 2.883031592 0)
(0.08164285714 2.883031592 0)
(0.09071428571 2.883031592 0)
(0.09978571429 2.883031592 0)
(0.1088571429 2.883031592 0)
(0.1179285714 2.883031592 0)
(0.127 2.883031592 0)
(0.1360714286 2.883031592 0)
(0.1451428571 2.883031592 0)
(0.1542142857 2.883031592 0)
(0.1632857143 2.883031592 0)
(0.1723571429 2.883031592 0)
(0.1814285714 2.883031592 0)
(0.1905 2.883031592 0)
(0.1995714286 2.883031592 0)
(0.2086428571 2.883031592 0)
(0.2177142857 2.883031592 0)
(0.2267857143 2.883031592 0)
(0.2358571429 2.883031592 0)
(0.2449285714 2.883031592 0)
(0.254 2.883031592 0)
(0 3.057944656 0)
(0.009071428571 3.057944656 0)
(0.01814285714 3.057944656 0)
(0.02721428571 3.057944656 0)
(0.03628571429 3.057944656 0)
(0.04535714286 3.057944656 0)
(0.05442857143 3.057944656 0)
(0.0635 3.057944656 0)
(0.07257142857 3.057944656 0)
(0.08164285714 3.057944656 0)
(0.09071428571 3.057944656 0)
(0.09978571429 3.057944656 0)
(0.1088571429 3.057944656 0)
(0.1179285714 3.057944656 0)
(0.127 3.057944656 0)
(0.1360714286 3.057944656 0)
(0.1451428571 3.057944656 0)
(0.1542142857 3.057944656 0)
(0.1632857143 3.057944656 0)
(0.1723571429 3.057944656 0)
(0.1814285714 3.057944656 0)
(0.1905 3.057944656 0)
(0.1995714286 3.057944656 0)
(0.2086428571 3.057944656 0)
(0.2177142857 3.057944656 0)
(0.2267857143 3.057944656 0)
(0.2358571429 3.057944656 0)
(0.2449285714 3.057944656 0)
(0.254 3.057944656 0)
(0 3.241088709 0)
(0.009071428571 3.241088709 0)
(0.01814285714 3.241088709 0)
(0.02721428571 3.241088709 0)
(0.03628571429 3.241088709 0)
(0.04535714286 3.241088709 0)
(0.05442857143 3.241088709 0)
(0.0635 3.241088709 0)
(0.07257142857 3.241088709 0)
(0.08164285714 3.241088709 0)
(0.09071428571 3.241088709 0)
(0.09978571429 3.241088709 0)
(0.1088571429 3.241088709 0)
(0.1179285714 3.241088709 0)
(0.127 3.241088709 0)
(0.1360714286 3.241088709 0)
(0.1451428571 3.241088709 0)
(0.1542142857 3.241088709 0)
(0.1632857143 3.241088709 0)
(0.1723571429 3.241088709 0)
(0.1814285714 3.241088709 0)
(0.1905 3.241088709 0)
(0.1995714286 3.241088709 0)
(0.2086428571 3.241088709 0)
(0.2177142857 3.241088709 0)
(0.2267857143 3.241088709 0)
(0.2358571429 3.241088709 0)
(0.2449285714 3.241088709 0)
(0.254 3.241088709 0)
(0 3.43285108 0)
(0.009071428571 3.43285108 0)
(0.01814285714 3.43285108 0)
(0.02721428571 3.43285108 0)
(0.03628571429 3.43285108 0)
(0.04535714286 3.43285108 0)
(0.05442857143 3.43285108 0)
(0.0635 3.43285108 0)
(0.07257142857 3.43285108 0)
(0.08164285714 3.43285108 0)
(0.09071428571 3.43285108 0)
(0.09978571429 3.43285108 0)
(0.1088571429 3.43285108 0)
(0.1179285714 3.43285108 0)
(0.127 3.43285108 0)
(0.1360714286 3.43285108 0)
(0.1451428571 3.43285108 0)
(0.1542142857 3.43285108 0)
(0.1632857143 3.43285108 0)
(0.1723571429 3.43285108 0)
(0.1814285714 3.43285108 0)
(0.1905 3.43285108 0)
(0.1995714286 3.43285108 0)
(0.2086428571 3.43285108 0)
(0.2177142857 3.43285108 0)
(0.2267857143 3.43285108 0)
(0.2358571429 3.43285108 0)
(0.2449285714 3.43285108 0)
(0.254 3.43285108 0)
(0 3.633637327 0)
(0.009071428571 3.633637327 0)
(0.01814285714 3.633637327 0)
(0.02721428571 3.633637327 0)
(0.03628571429 3.633637327 0)
(0.04535714286 3.633637327 0)
(0.05442857143 3.633637327 0)
(0.0635 3.633637327 0)
(0.07257142857 3.633637327 0)
(0.08164285714 3.633637327 0)
(0.09071428571 3.633637327 0)
(0.09978571429 3.633637327 0)
(0.1088571429 3.633637327 0)
(0.1179285714 3.633637327 0)
(0.127 3.633637327 0)
(0.1360714286 3.633637327 0)
(0.1451428571 3.633637327 0)
(0.1542142857 3.633637327 0)
(0.1632857143 3.633637327 0)
(0.1723571429 3.633637327 0)
(0.1814285714 3.633637327 0)
(0.1905 3.633637327 0)
(0.1995714286 3.633637327 0)
(0.2086428571 3.633637327 0)
(0.2177142857 3.633637327 0)
(0.2267857143 3.633637327 0)
(0.2358571429 3.633637327 0)
(0.2449285714 3.633637327 0)
(0.254 3.633637327 0)
(0 3.843872092 0)
(0.009071428571 3.843872092 0)
(0.01814285714 3.843872092 0)
(0.02721428571 3.843872092 0)
(0.03628571429 3.843872092 0)
(0.04535714286 3.843872092 0)
(0.05442857143 3.843872092 0)
(0.0635 3.843872092 0)
(0.07257142857 3.843872092 0)
(0.08164285714 3.843872092 0)
(0.09071428571 3.843872092 0)
(0.09978571429 3.843872092 0)
(0.1088571429 3.843872092 0)
(0.1179285714 3.843872092 0)
(0.127 3.843872092 0)
(0.1360714286 3.843872092 0)
(0.1451428571 3.843872092 0)
(0.1542142857 3.843872092 0)
(0.1632857143 3.843872092 0)
(0.1723571429 3.843872092 0)
(0.1814285714 3.843872092 0)
(0.1905 3.843872092 0)
(0.1995714286 3.843872092 0)
(0.2086428571 3.843872092 0)
(0.2177142857 3.843872092 0)
(0.2267857143 3.843872092 0)
(0.2358571429 3.843872092 0)
(0.2449285714 3.843872092 0)
(0.254 3.843872092 0)
(0 4.064 0)
(0.009071428571 4.064 0)
(0.01814285714 4.064 0)
(0.02721428571 4.064 0)
(0.03628571429 4.064 0)
(0.04535714286 4.064 0)
(0.05442857143 4.064 0)
(0.0635 4.064 0)
(0.07257142857 4.064 0)
(0.08164285714 4.064 0)
(0.09071428571 4.064 0)
(0.09978571429 4.064 0)
(0.1088571429 4.064 0)
(0.1179285714 4.064 0)
(0.127 4.064 0)
(0.1360714286 4.064 0)
(0.1451428571 4.064 0)
(0.1542142857 4.064 0)
(0.1632857143 4.064 0)
(0.1723571429 4.064 0)
(0.1814285714 4.064 0)
(0.1905 4.064 0)
(0.1995714286 4.064 0)
(0.2086428571 4.064 0)
(0.2177142857 4.064 0)
(0.2267857143 4.064 0)
(0.2358571429 4.064 0)
(0.2449285714 4.064 0)
(0.254 4.064 0)
(0 0.1016 0.0254)
(0.009071428571 0.1016 0.0254)
(0.01814285714 0.1016 0.0254)
(0.02721428571 0.1016 0.0254)
(0.03628571429 0.1016 0.0254)
(0.04535714286 0.1016 0.0254)
(0.05442857143 0.1016 0.0254)
(0.0635 0.1016 0.0254)
(0.07257142857 0.1016 0.0254)
(0.08164285714 0.1016 0.0254)
(0.09071428571 0.1016 0.0254)
(0.09978571429 0.1016 0.0254)
(0.1088571429 0.1016 0.0254)
(0.1179285714 0.1016 0.0254)
(0.127 0.1016 0.0254)
(0.1360714286 0.1016 0.0254)
(0.1451428571 0.1016 0.0254)
(0.1542142857 0.1016 0.0254)
(0.1632857143 0.1016 0.0254)
(0.1723571429 0.1016 0.0254)
(0.1814285714 0.1016 0.0254)
(0.1905 0.1016 0.0254)
(0.1995714286 0.1016 0.0254)
(0.2086428571 0.1016 0.0254)
(0.2177142857 0.1016 0.0254)
(0.2267857143 0.1016 0.0254)
(0.2358571429 0.1016 0.0254)
(0.2449285714 0.1016 0.0254)
(0.254 0.1016 0.0254)
(0 0.1456255815 0.0254)
(0.009071428571 0.1456255815 0.0254)
(0.01814285714 0.1456255815 0.0254)
(0.02721428571 0.1456255815 0.0254)
(0.03628571429 0.1456255815 0.0254)
(0.04535714286 0.1456255815 0.0254)
(0.05442857143 0.1456255815 0.0254)
(0.0635 0.1456255815 0.0254)
(0.07257142857 0.1456255815 0.0254)
(0.08164285714 0.1456255815 0.0254)
(0.09071428571 0.1456255815 0.0254)
(0.09978571429 0.1456255815 0.0254)
(0.1088571429 0.1456255815 0.0254)
(0.1179285714 0.1456255815 0.0254)
(0.127 0.1456255815 0.0254)
(0.1360714286 0.1456255815 0.0254)
(0.1451428571 0.1456255815 0.0254)
(0.1542142857 0.1456255815 0.0254)
(0.1632857143 0.1456255815 0.0254)
(0.1723571429 0.1456255815 0.0254)
(0.1814285714 0.1456255815 0.0254)
(0.1905 0.1456255815 0.0254)
(0.1995714286 0.1456255815 0.0254)
(0.2086428571 0.1456255815 0.0254)
(0.2177142857 0.1456255815 0.0254)
(0.2267857143 0.1456255815 0.0254)
(0.2358571429 0.1456255815 0.0254)
(0.2449285714 0.1456255815 0.0254)
(0.254 0.1456255815 0.0254)
(0 0.1917229011 0.0254)
(0.009071428571 0.1917229011 0.0254)
(0.01814285714 0.1917229011 0.0254)
(0.02721428571 0.1917229011 0.0254)
(0.03628571429 0.1917229011 0.0254)
(0.04535714286 0.1917229011 0.0254)
(0.05442857143 0.1917229011 0.0254)
(0.0635 0.1917229011 0.0254)
(0.07257142857 0.1917229011 0.0254)
(0.08164285714 0.1917229011 0.0254)
(0.09071428571 0.1917229011 0.0254)
(0.09978571429 0.1917229011 0.0254)
(0.1088571429 0.1917229011 0.0254)
(0.1179285714 0.1917229011 0.0254)
(0.127 0.1917229011 0.0254)
(0.1360714286 0.1917229011 0.0254)
(0.1451428571 0.1917229011 0.0254)
(0.1542142857 0.1917229011 0.0254)
(0.1632857143 0.1917229011 0.0254)
(0.1723571429 0.1917229011 0.0254)
(0.1814285714 0.1917229011 0.0254)
(0.1905 0.1917229011 0.0254)
(0.1995714286 0.1917229011 0.0254)
(0.2086428571 0.1917229011 0.0254)
(0.2177142857 0.1917229011 0.0254)
(0.2267857143 0.1917229011 0.0254)
(0.2358571429 0.1917229011 0.0254)
(0.2449285714 0.1917229011 0.0254)
(0.254 0.1917229011 0.0254)
(0 0.2399894497 0.0254)
(0.009071428571 0.2399894497 0.0254)
(0.01814285714 0.2399894497 0.0254)
(0.02721428571 0.2399894497 0.0254)
(0.03628571429 0.2399894497 0.0254)
(0.04535714286 0.2399894497 0.0254)
(0.05442857143 0.2399894497 0.0254)
(0.0635 0.2399894497 0.0254)
(0.07257142857 0.2399894497 0.0254)
(0.08164285714 0.2399894497 0.0254)
(0.09071428571 0.2399894497 0.0254)
(0.09978571429 0.2399894497 0.0254)
(0.1088571429 0.2399894497 0.0254)
(0.1179285714 0.2399894497 0.0254)
(0.127 0.2399894497 0.0254)
(0.1360714286 0.2399894497 0.0254)
(0.1451428571 0.2399894497 0.0254)
(0.1542142857 0.2399894497 0.0254)
(0.1632857143 0.2399894497 0.0254)
(0.1723571429 0.2399894497 0.0254)
(0.1814285714 0.2399894497 0.0254)
(0.1905 0.2399894497 0.0254)
(0.1995714286 0.2399894497 0.0254)
(0.2086428571 0.2399894497 0.0254)
(0.2177142857 0.2399894497 0.0254)
(0.2267857143 0.2399894497 0.0254)
(0.2358571429 0.2399894497 0.0254)
(0.2449285714 0.2399894497 0.0254)
(0.254 0.2399894497 0.0254)
(0 0.2905273059 0.0254)
(0.009071428571 0.2905273059 0.0254)
(0.01814285714 0.2905273059 0.0254)
(0.02721428571 0.2905273059 0.0254)
(0.03628571429 0.2905273059 0.0254)
(0.04535714286 0.2905273059 0.0254)
(0.05442857143 0.2905273059 0.0254)
(0.0635 0.2905273059 0.0254)
(0.07257142857 0.2905273059 0.0254)
(0.08164285714 0.2905273059 0.0254)
(0.09071428571 0.2905273059 0.0254)
(0.09978571429 0.2905273059 0.0254)
(0.1088571429 0.2905273059 0.0254)
(0.1179285714 0.2905273059 0.0254)
(0.127 0.2905273059 0.0254)
(0.1360714286 0.2905273059 0.0254)
(0.1451428571 0.2905273059 0.0254)
(0.1542142857 0.2905273059 0.0254)
(0.1632857143 0.2905273059 0.0254)
(0.1723571429 0.2905273059 0.0254)
(0.1814285714 0.2905273059 0.0254)
(0.1905 0.2905273059 0.0254)
(0.1995714286 0.2905273059 0.0254)
(0.2086428571 0.2905273059 0.0254)
(0.2177142857 0.2905273059 0.0254)
(0.2267857143 0.2905273059 0.0254)
(0.2358571429 0.2905273059 0.0254)
(0.2449285714 0.2905273059 0.0254)
(0.254 0.2905273059 0.0254)
(0 0.3434433522 0.0254)
(0.009071428571 0.3434433522 0.0254)
(0.01814285714 0.3434433522 0.0254)
(0.02721428571 0.3434433522 0.0254)
(0.03628571429 0.3434433522 0.0254)
(0.04535714286 0.3434433522 0.0254)
(0.05442857143 0.3434433522 0.0254)
(0.0635 0.3434433522 0.0254)
(0.07257142857 0.3434433522 0.0254)
(0.08164285714 0.3434433522 0.0254)
(0.09071428571 0.3434433522 0.0254)
(0.09978571429 0.3434433522 0.0254)
(0.1088571429 0.3434433522 0.0254)
(0.1179285714 0.3434433522 0.0254)
(0.127 0.3434433522 0.0254)
(0.1360714286 0.3434433522 0.0254)
(0.1451428571 0.3434433522 0.0254)
(0.1542142857 0.3434433522 0.0254)
(0.1632857143 0.3434433522 0.0254)
(0.1723571429 0.3434433522 0.0254)
(0.1814285714 0.3434433522 0.0254)
(0.1905 0.3434433522 0.0254)
(0.1995714286 0.3434433522 0.0254)
(0.2086428571 0.3434433522 0.0254)
(0.2177142857 0.3434433522 0.0254)
(0.2267857143 0.3434433522 0.0254)
(0.2358571429 0.3434433522 0.0254)
(0.2449285714 0.3434433522 0.0254)
(0.254 0.3434433522 0.0254)
(0 0.3988495004 0.0254)
(0.009071428571 0.3988495004 0.0254)
(0.01814285714 0.3988495004 0.0254)
(0.02721428571 0.3988495004 0.0254)
(0.03628571429 0.3988495004 0.0254)
(0.04535714286 0.3988495004 0.0254)
(0.05442857143 0.3988495004 0.0254)
(0.0635 0.3988495004 0.0254)
(0.07257142857 0.3988495004 0.0254)
(0.08164285714 0.3988495004 0.0254)
(0.09071428571 0.3988495004 0.0254)
(0.09978571429 0.3988495004 0.0254)
(0.1088571429 0.3988495004 0.0254)
(0.1179285714 0.3988495004 0.0254)
(0.127 0.3988495004 0.0254)
(0.1360714286 0.3988495004 0.0254)
(0.1451428571 0.3988495004 0.0254)
(0.1542142857 0.3988495004 0.0254)
(0.1632857143 0.3988495004 0.0254)
(0.1723571429 0.3988495004 0.0254)
(0.1814285714 0.3988495004 0.0254)
(0.1905 0.3988495004 0.0254)
(0.1995714286 0.3988495004 0.0254)
(0.2086428571 0.3988495004 0.0254)
(0.2177142857 0.3988495004 0.0254)
(0.2267857143 0.3988495004 0.0254)
(0.2358571429 0.3988495004 0.0254)
(0.2449285714 0.3988495004 0.0254)
(0.254 0.3988495004 0.0254)
(0 0.4568629287 0.0254)
(0.009071428571 0.4568629287 0.0254)
(0.01814285714 0.4568629287 0.0254)
(0.02721428571 0.4568629287 0.0254)
(0.03628571429 0.4568629287 0.0254)
(0.04535714286 0.4568629287 0.0254)
(0.05442857143 0.4568629287 0.0254)
(0.0635 0.4568629287 0.0254)
(0.07257142857 0.4568629287 0.0254)
(0.08164285714 0.4568629287 0.0254)
(0.09071428571 0.4568629287 0.0254)
(0.09978571429 0.4568629287 0.0254)
(0.1088571429 0.4568629287 0.0254)
(0.1179285714 0.4568629287 0.0254)
(0.127 0.4568629287 0.0254)
(0.1360714286 0.4568629287 0.0254)
(0.1451428571 0.4568629287 0.0254)
(0.1542142857 0.4568629287 0.0254)
(0.1632857143 0.4568629287 0.0254)
(0.1723571429 0.4568629287 0.0254)
(0.1814285714 0.4568629287 0.0254)
(0.1905 0.4568629287 0.0254)
(0.1995714286 0.4568629287 0.0254)
(0.2086428571 0.4568629287 0.0254)
(0.2177142857 0.4568629287 0.0254)
(0.2267857143 0.4568629287 0.0254)
(0.2358571429 0.4568629287 0.0254)
(0.2449285714 0.4568629287 0.0254)
(0.254 0.4568629287 0.0254)
(0 0.5176063294 0.0254)
(0.009071428571 0.5176063294 0.0254)
(0.01814285714 0.5176063294 0.0254)
(0.02721428571 0.5176063294 0.0254)
(0.03628571429 0.5176063294 0.0254)
(0.04535714286 0.5176063294 0.0254)
(0.05442857143 0.5176063294 0.0254)
(0.0635 0.5176063294 0.0254)
(0.07257142857 0.5176063294 0.0254)
(0.08164285714 0.5176063294 0.0254)
(0.09071428571 0.5176063294 0.0254)
(0.09978571429 0.5176063294 0.0254)
(0.1088571429 0.5176063294 0.0254)
(0.1179285714 0.5176063294 0.0254)
(0.127 0.5176063294 0.0254)
(0.1360714286 0.5176063294 0.0254)
(0.1451428571 0.5176063294 0.0254)
(0.1542142857 0.5176063294 0.0254)
(0.1632857143 0.5176063294 0.0254)
(0.1723571429 0.5176063294 0.0254)
(0.1814285714 0.5176063294 0.0254)
(0.1905 0.5176063294 0.0254)
(0.1995714286 0.5176063294 0.0254)
(0.2086428571 0.5176063294 0.0254)
(0.2177142857 0.5176063294 0.0254)
(0.2267857143 0.5176063294 0.0254)
(0.2358571429 0.5176063294 0.0254)
(0.2449285714 0.5176063294 0.0254)
(0.254 0.5176063294 0.0254)
(0 0.5812081685 0.0254)
(0.009071428571 0.5812081685 0.0254)
(0.01814285714 0.5812081685 0.0254)
(0.02721428571 0.5812081685 0.0254)
(0.03628571429 0.5812081685 0.0254)
(0.04535714286 0.5812081685 0.0254)
(0.05442857143 0.5812081685 0.0254)
(0.0635 0.5812081685 0.0254)
(0.07257142857 0.5812081685 0.0254)
(0.08164285714 0.5812081685 0.0254)
(0.09071428571 0.5812081685 0.0254)
(0.09978571429 0.5812081685 0.0254)
(0.1088571429 0.5812081685 0.0254)
(0.1179285714 0.5812081685 0.0254)
(0.127 0.5812081685 0.0254)
(0.1360714286 0.5812081685 0.0254)
(0.1451428571 0.5812081685 0.0254)
(0.1542142857 0.5812081685 0.0254)
(0.1632857143 0.5812081685 0.0254)
(0.1723571429 0.5812081685 0.0254)
(0.1814285714 0.5812081685 0.0254)
(0.1905 0.5812081685 0.0254)
(0.1995714286 0.5812081685 0.0254)
(0.2086428571 0.5812081685 0.0254)
(0.2177142857 0.5812081685 0.0254)
(0.2267857143 0.5812081685 0.0254)
(0.2358571429 0.5812081685 0.0254)
(0.2449285714 0.5812081685 0.0254)
(0.254 0.5812081685 0.0254)
(0 0.6478029572 0.0254)
(0.009071428571 0.6478029572 0.0254)
(0.01814285714 0.6478029572 0.0254)
(0.02721428571 0.6478029572 0.0254)
(0.03628571429 0.6478029572 0.0254)
(0.04535714286 0.6478029572 0.0254)
(0.05442857143 0.6478029572 0.0254)
(0.0635 0.6478029572 0.0254)
(0.07257142857 0.6478029572 0.0254)
(0.08164285714 0.6478029572 0.0254)
(0.09071428571 0.6478029572 0.0254)
(0.09978571429 0.6478029572 0.0254)
(0.1088571429 0.6478029572 0.0254)
(0.1179285714 0.6478029572 0.0254)
(0.127 0.6478029572 0.0254)
(0.1360714286 0.6478029572 0.0254)
(0.1451428571 0.6478029572 0.0254)
(0.1542142857 0.6478029572 0.0254)
(0.1632857143 0.6478029572 0.0254)
(0.1723571429 0.6478029572 0.0254)
(0.1814285714 0.6478029572 0.0254)
(0.1905 0.6478029572 0.0254)
(0.1995714286 0.6478029572 0.0254)
(0.2086428571 0.6478029572 0.0254)
(0.2177142857 0.6478029572 0.0254)
(0.2267857143 0.6478029572 0.0254)
(0.2358571429 0.6478029572 0.0254)
(0.2449285714 0.6478029572 0.0254)
(0.254 0.6478029572 0.0254)
(0 0.7175315365 0.0254)
(0.009071428571 0.7175315365 0.0254)
(0.01814285714 0.7175315365 0.0254)
(0.02721428571 0.7175315365 0.0254)
(0.03628571429 0.7175315365 0.0254)
(0.04535714286 0.7175315365 0.0254)
(0.05442857143 0.7175315365 0.0254)
(0.0635 0.7175315365 0.0254)
(0.07257142857 0.7175315365 0.0254)
(0.08164285714 0.7175315365 0.0254)
(0.09071428571 0.7175315365 0.0254)
(0.09978571429 0.7175315365 0.0254)
(0.1088571429 0.7175315365 0.0254)
(0.1179285714 0.7175315365 0.0254)
(0.127 0.7175315365 0.0254)
(0.1360714286 0.7175315365 0.0254)
(0.1451428571 0.7175315365 0.0254)
(0.1542142857 0.7175315365 0.0254)
(0.1632857143 0.7175315365 0.0254)
(0.1723571429 0.7175315365 0.0254)
(0.1814285714 0.7175315365 0.0254)
(0.1905 0.7175315365 0.0254)
(0.1995714286 0.7175315365 0.0254)
(0.2086428571 0.7175315365 0.0254)
(0.2177142857 0.7175315365 0.0254)
(0.2267857143 0.7175315365 0.0254)
(0.2358571429 0.7175315365 0.0254)
(0.2449285714 0.7175315365 0.0254)
(0.254 0.7175315365 0.0254)
(0 0.7905413752 0.0254)
(0.009071428571 0.7905413752 0.0254)
(0.01814285714 0.7905413752 0.0254)
(0.02721428571 0.7905413752 0.0254)
(0.03628571429 0.7905413752 0.0254)
(0.04535714286 0.7905413752 0.0254)
(0.05442857143 0.7905413752 0.0254)
(0.0635 0.7905413752 0.0254)
(0.07257142857 0.7905413752 0.0254)
(0.08164285714 0.7905413752 0.0254)
(0.09071428571 0.7905413752 0.0254)
(0.09978571429 0.7905413752 0.0254)
(0.1088571429 0.7905413752 0.0254)
(0.1179285714 0.7905413752 0.0254)
(0.127 0.7905413752 0.0254)
(0.1360714286 0.7905413752 0.0254)
(0.1451428571 0.7905413752 0.0254)
(0.1542142857 0.7905413752 0.0254)
(0.1632857143 0.7905413752 0.0254)
(0.1723571429 0.7905413752 0.0254)
(0.1814285714 0.7905413752 0.0254)
(0.1905 0.7905413752 0.0254)
(0.1995714286 0.7905413752 0.0254)
(0.2086428571 0.7905413752 0.0254)
(0.2177142857 0.7905413752 0.0254)
(0.2267857143 0.7905413752 0.0254)
(0.2358571429 0.7905413752 0.0254)
(0.2449285714 0.7905413752 0.0254)
(0.254 0.7905413752 0.0254)
(0 0.8669868812 0.0254)
(0.009071428571 0.8669868812 0.0254)
(0.01814285714 0.8669868812 0.0254)
(0.02721428571 0.8669868812 0.0254)
(0.03628571429 0.8669868812 0.0254)
(0.04535714286 0.8669868812 0.0254)
(0.05442857143 0.8669868812 0.0254)
(0.0635 0.8669868812 0.0254)
(0.07257142857 0.8669868812 0.0254)
(0.08164285714 0.8669868812 0.0254)
(0.09071428571 0.8669868812 0.0254)
(0.09978571429 0.8669868812 0.0254)
(0.1088571429 0.8669868812 0.0254)
(0.1179285714 0.8669868812 0.0254)
(0.127 0.8669868812 0.0254)
(0.1360714286 0.8669868812 0.0254)
(0.1451428571 0.8669868812 0.0254)
(0.1542142857 0.8669868812 0.0254)
(0.1632857143 0.8669868812 0.0254)
(0.1723571429 0.8669868812 0.0254)
(0.1814285714 0.8669868812 0.0254)
(0.1905 0.8669868812 0.0254)
(0.1995714286 0.8669868812 0.0254)
(0.2086428571 0.8669868812 0.0254)
(0.2177142857 0.8669868812 0.0254)
(0.2267857143 0.8669868812 0.0254)
(0.2358571429 0.8669868812 0.0254)
(0.2449285714 0.8669868812 0.0254)
(0.254 0.8669868812 0.0254)
(0 0.947029729 0.0254)
(0.009071428571 0.947029729 0.0254)
(0.01814285714 0.947029729 0.0254)
(0.02721428571 0.947029729 0.0254)
(0.03628571429 0.947029729 0.0254)
(0.04535714286 0.947029729 0.0254)
(0.05442857143 0.947029729 0.0254)
(0.0635 0.947029729 0.0254)
(0.07257142857 0.947029729 0.0254)
(0.08164285714 0.947029729 0.0254)
(0.09071428571 0.947029729 0.0254)
(0.09978571429 0.947029729 0.0254)
(0.1088571429 0.947029729 0.0254)
(0.1179285714 0.947029729 0.0254)
(0.127 0.947029729 0.0254)
(0.1360714286 0.947029729 0.0254)
(0.1451428571 0.947029729 0.0254)
(0.1542142857 0.947029729 0.0254)
(0.1632857143 0.947029729 0.0254)
(0.1723571429 0.947029729 0.0254)
(0.1814285714 0.947029729 0.0254)
(0.1905 0.947029729 0.0254)
(0.1995714286 0.947029729 0.0254)
(0.2086428571 0.947029729 0.0254)
(0.2177142857 0.947029729 0.0254)
(0.2267857143 0.947029729 0.0254)
(0.2358571429 0.947029729 0.0254)
(0.2449285714 0.947029729 0.0254)
(0.254 0.947029729 0.0254)
(0 1.030839201 0.0254)
(0.009071428571 1.030839201 0.0254)
(0.01814285714 1.030839201 0.0254)
(0.02721428571 1.030839201 0.0254)
(0.03628571429 1.030839201 0.0254)
(0.04535714286 1.030839201 0.0254)
(0.05442857143 1.030839201 0.0254)
(0.0635 1.030839201 0.0254)
(0.07257142857 1.030839201 0.0254)
(0.08164285714 1.030839201 0.0254)
(0.09071428571 1.030839201 0.0254)
(0.09978571429 1.030839201 0.0254)
(0.1088571429 1.030839201 0.0254)
(0.1179285714 1.030839201 0.0254)
(0.127 1.030839201 0.0254)
(0.1360714286 1.030839201 0.0254)
(0.1451428571 1.030839201 0.0254)
(0.1542142857 1.030839201 0.0254)
(0.1632857143 1.030839201 0.0254)
(0.1723571429 1.030839201 0.0254)
(0.1814285714 1.030839201 0.0254)
(0.1905 1.030839201 0.0254)
(0.1995714286 1.030839201 0.0254)
(0.2086428571 1.030839201 0.0254)
(0.2177142857 1.030839201 0.0254)
(0.2267857143 1.030839201 0.0254)
(0.2358571429 1.030839201 0.0254)
(0.2449285714 1.030839201 0.0254)
(0.254 1.030839201 0.0254)
(0 1.118592545 0.0254)
(0.009071428571 1.118592545 0.0254)
(0.01814285714 1.118592545 0.0254)
(0.02721428571 1.118592545 0.0254)
(0.03628571429 1.118592545 0.0254)
(0.04535714286 1.118592545 0.0254)
(0.05442857143 1.118592545 0.0254)
(0.0635 1.118592545 0.0254)
(0.07257142857 1.118592545 0.0254)
(0.08164285714 1.118592545 0.0254)
(0.09071428571 1.118592545 0.0254)
(0.09978571429 1.118592545 0.0254)
(0.1088571429 1.118592545 0.0254)
(0.1179285714 1.118592545 0.0254)
(0.127 1.118592545 0.0254)
(0.1360714286 1.118592545 0.0254)
(0.1451428571 1.118592545 0.0254)
(0.1542142857 1.118592545 0.0254)
(0.1632857143 1.118592545 0.0254)
(0.1723571429 1.118592545 0.0254)
(0.1814285714 1.118592545 0.0254)
(0.1905 1.118592545 0.0254)
(0.1995714286 1.118592545 0.0254)
(0.2086428571 1.118592545 0.0254)
(0.2177142857 1.118592545 0.0254)
(0.2267857143 1.118592545 0.0254)
(0.2358571429 1.118592545 0.0254)
(0.2449285714 1.118592545 0.0254)
(0.254 1.118592545 0.0254)
(0 1.21047535 0.0254)
(0.009071428571 1.21047535 0.0254)
(0.01814285714 1.21047535 0.0254)
(0.02721428571 1.21047535 0.0254)
(0.03628571429 1.21047535 0.0254)
(0.04535714286 1.21047535 0.0254)
(0.05442857143 1.21047535 0.0254)
(0.0635 1.21047535 0.0254)
(0.07257142857 1.21047535 0.0254)
(0.08164285714 1.21047535 0.0254)
(0.09071428571 1.21047535 0.0254)
(0.09978571429 1.21047535 0.0254)
(0.1088571429 1.21047535 0.0254)
(0.1179285714 1.21047535 0.0254)
(0.127 1.21047535 0.0254)
(0.1360714286 1.21047535 0.0254)
(0.1451428571 1.21047535 0.0254)
(0.1542142857 1.21047535 0.0254)
(0.1632857143 1.21047535 0.0254)
(0.1723571429 1.21047535 0.0254)
(0.1814285714 1.21047535 0.0254)
(0.1905 1.21047535 0.0254)
(0.1995714286 1.21047535 0.0254)
(0.2086428571 1.21047535 0.0254)
(0.2177142857 1.21047535 0.0254)
(0.2267857143 1.21047535 0.0254)
(0.2358571429 1.21047535 0.0254)
(0.2449285714 1.21047535 0.0254)
(0.254 1.21047535 0.0254)
(0 1.306681939 0.0254)
(0.009071428571 1.306681939 0.0254)
(0.01814285714 1.306681939 0.0254)
(0.02721428571 1.306681939 0.0254)
(0.03628571429 1.306681939 0.0254)
(0.04535714286 1.306681939 0.0254)
(0.05442857143 1.306681939 0.0254)
(0.0635 1.306681939 0.0254)
(0.07257142857 1.306681939 0.0254)
(0.08164285714 1.306681939 0.0254)
(0.09071428571 1.306681939 0.0254)
(0.09978571429 1.306681939 0.0254)
(0.1088571429 1.306681939 0.0254)
(0.1179285714 1.306681939 0.0254)
(0.127 1.306681939 0.0254)
(0.1360714286 1.306681939 0.0254)
(0.1451428571 1.306681939 0.0254)
(0.1542142857 1.306681939 0.0254)
(0.1632857143 1.306681939 0.0254)
(0.1723571429 1.306681939 0.0254)
(0.1814285714 1.306681939 0.0254)
(0.1905 1.306681939 0.0254)
(0.1995714286 1.306681939 0.0254)
(0.2086428571 1.306681939 0.0254)
(0.2177142857 1.306681939 0.0254)
(0.2267857143 1.306681939 0.0254)
(0.2358571429 1.306681939 0.0254)
(0.2449285714 1.306681939 0.0254)
(0.254 1.306681939 0.0254)
(0 1.407415779 0.0254)
(0.009071428571 1.407415779 0.0254)
(0.01814285714 1.407415779 0.0254)
(0.02721428571 1.407415779 0.0254)
(0.03628571429 1.407415779 0.0254)
(0.04535714286 1.407415779 0.0254)
(0.05442857143 1.407415779 0.0254)
(0.0635 1.407415779 0.0254)
(0.07257142857 1.407415779 0.0254)
(0.08164285714 1.407415779 0.0254)
(0.09071428571 1.407415779 0.0254)
(0.09978571429 1.407415779 0.0254)
(0.1088571429 1.407415779 0.0254)
(0.1179285714 1.407415779 0.0254)
(0.127 1.407415779 0.0254)
(0.1360714286 1.407415779 0.0254)
(0.1451428571 1.407415779 0.0254)
(0.1542142857 1.407415779 0.0254)
(0.1632857143 1.407415779 0.0254)
(0.1723571429 1.407415779 0.0254)
(0.1814285714 1.407415779 0.0254)
(0.1905 1.407415779 0.0254)
(0.1995714286 1.407415779 0.0254)
(0.2086428571 1.407415779 0.0254)
(0.2177142857 1.407415779 0.0254)
(0.2267857143 1.407415779 0.0254)
(0.2358571429 1.407415779 0.0254)
(0.2449285714 1.407415779 0.0254)
(0.254 1.407415779 0.0254)
(0 1.512889911 0.0254)
(0.009071428571 1.512889911 0.0254)
(0.01814285714 1.512889911 0.0254)
(0.02721428571 1.512889911 0.0254)
(0.03628571429 1.512889911 0.0254)
(0.04535714286 1.512889911 0.0254)
(0.05442857143 1.512889911 0.0254)
(0.0635 1.512889911 0.0254)
(0.07257142857 1.512889911 0.0254)
(0.08164285714 1.512889911 0.0254)
(0.09071428571 1.512889911 0.0254)
(0.09978571429 1.512889911 0.0254)
(0.1088571429 1.512889911 0.0254)
(0.1179285714 1.512889911 0.0254)
(0.127 1.512889911 0.0254)
(0.1360714286 1.512889911 0.0254)
(0.1451428571 1.512889911 0.0254)
(0.1542142857 1.512889911 0.0254)
(0.1632857143 1.512889911 0.0254)
(0.1723571429 1.512889911 0.0254)
(0.1814285714 1.512889911 0.0254)
(0.1905 1.512889911 0.0254)
(0.1995714286 1.512889911 0.0254)
(0.2086428571 1.512889911 0.0254)
(0.2177142857 1.512889911 0.0254)
(0.2267857143 1.512889911 0.0254)
(0.2358571429 1.512889911 0.0254)
(0.2449285714 1.512889911 0.0254)
(0.254 1.512889911 0.0254)
(0 1.623327402 0.0254)
(0.009071428571 1.623327402 0.0254)
(0.01814285714 1.623327402 0.0254)
(0.02721428571 1.623327402 0.0254)
(0.03628571429 1.623327402 0.0254)
(0.04535714286 1.623327402 0.0254)
(0.05442857143 1.623327402 0.0254)
(0.0635 1.623327402 0.0254)
(0.07257142857 1.623327402 0.0254)
(0.08164285714 1.623327402 0.0254)
(0.09071428571 1.623327402 0.0254)
(0.09978571429 1.623327402 0.0254)
(0.1088571429 1.623327402 0.0254)
(0.1179285714 1.623327402 0.0254)
(0.127 1.623327402 0.0254)
(0.1360714286 1.623327402 0.0254)
(0.1451428571 1.623327402 0.0254)
(0.1542142857 1.623327402 0.0254)
(0.1632857143 1.623327402 0.0254)
(0.1723571429 1.623327402 0.0254)
(0.1814285714 1.623327402 0.0254)
(0.1905 1.623327402 0.0254)
(0.1995714286 1.623327402 0.0254)
(0.2086428571 1.623327402 0.0254)
(0.2177142857 1.623327402 0.0254)
(0.2267857143 1.623327402 0.0254)
(0.2358571429 1.623327402 0.0254)
(0.2449285714 1.623327402 0.0254)
(0.254 1.623327402 0.0254)
(0 1.738961816 0.0254)
(0.009071428571 1.738961816 0.0254)
(0.01814285714 1.738961816 0.0254)
(0.02721428571 1.738961816 0.0254)
(0.03628571429 1.738961816 0.0254)
(0.04535714286 1.738961816 0.0254)
(0.05442857143 1.738961816 0.0254)
(0.0635 1.738961816 0.0254)
(0.07257142857 1.738961816 0.0254)
(0.08164285714 1.738961816 0.0254)
(0.09071428571 1.738961816 0.0254)
(0.09978571429 1.738961816 0.0254)
(0.1088571429 1.738961816 0.0254)
(0.1179285714 1.738961816 0.0254)
(0.127 1.738961816 0.0254)
(0.1360714286 1.738961816 0.0254)
(0.1451428571 1.738961816 0.0254)
(0.1542142857 1.738961816 0.0254)
(0.1632857143 1.738961816 0.0254)
(0.1723571429 1.738961816 0.0254)
(0.1814285714 1.738961816 0.0254)
(0.1905 1.738961816 0.0254)
(0.1995714286 1.738961816 0.0254)
(0.2086428571 1.738961816 0.0254)
(0.2177142857 1.738961816 0.0254)
(0.2267857143 1.738961816 0.0254)
(0.2358571429 1.738961816 0.0254)
(0.2449285714 1.738961816 0.0254)
(0.254 1.738961816 0.0254)
(0 1.860037708 0.0254)
(0.009071428571 1.860037708 0.0254)
(0.01814285714 1.860037708 0.0254)
(0.02721428571 1.860037708 0.0254)
(0.03628571429 1.860037708 0.0254)
(0.04535714286 1.860037708 0.0254)
(0.05442857143 1.860037708 0.0254)
(0.0635 1.860037708 0.0254)
(0.07257142857 1.860037708 0.0254)
(0.08164285714 1.860037708 0.0254)
(0.09071428571 1.860037708 0.0254)
(0.09978571429 1.860037708 0.0254)
(0.1088571429 1.860037708 0.0254)
(0.1179285714 1.860037708 0.0254)
(0.127 1.860037708 0.0254)
(0.1360714286 1.860037708 0.0254)
(0.1451428571 1.860037708 0.0254)
(0.1542142857 1.860037708 0.0254)
(0.1632857143 1.860037708 0.0254)
(0.1723571429 1.860037708 0.0254)
(0.1814285714 1.860037708 0.0254)
(0.1905 1.860037708 0.0254)
(0.1995714286 1.860037708 0.0254)
(0.2086428571 1.860037708 0.0254)
(0.2177142857 1.860037708 0.0254)
(0.2267857143 1.860037708 0.0254)
(0.2358571429 1.860037708 0.0254)
(0.2449285714 1.860037708 0.0254)
(0.254 1.860037708 0.0254)
(0 1.98681114 0.0254)
(0.009071428571 1.98681114 0.0254)
(0.01814285714 1.98681114 0.0254)
(0.02721428571 1.98681114 0.0254)
(0.03628571429 1.98681114 0.0254)
(0.04535714286 1.98681114 0.0254)
(0.05442857143 1.98681114 0.0254)
(0.0635 1.98681114 0.0254)
(0.07257142857 1.98681114 0.0254)
(0.08164285714 1.98681114 0.0254)
(0.09071428571 1.98681114 0.0254)
(0.09978571429 1.98681114 0.0254)
(0.1088571429 1.98681114 0.0254)
(0.1179285714 1.98681114 0.0254)
(0.127 1.98681114 0.0254)
(0.1360714286 1.98681114 0.0254)
(0.1451428571 1.98681114 0.0254)
(0.1542142857 1.98681114 0.0254)
(0.1632857143 1.98681114 0.0254)
(0.1723571429 1.98681114 0.0254)
(0.1814285714 1.98681114 0.0254)
(0.1905 1.98681114 0.0254)
(0.1995714286 1.98681114 0.0254)
(0.2086428571 1.98681114 0.0254)
(0.2177142857 1.98681114 0.0254)
(0.2267857143 1.98681114 0.0254)
(0.2358571429 1.98681114 0.0254)
(0.2449285714 1.98681114 0.0254)
(0.254 1.98681114 0.0254)
(0 2.119550224 0.0254)
(0.009071428571 2.119550224 0.0254)
(0.01814285714 2.119550224 0.0254)
(0.02721428571 2.119550224 0.0254)
(0.03628571429 2.119550224 0.0254)
(0.04535714286 2.119550224 0.0254)
(0.05442857143 2.119550224 0.0254)
(0.0635 2.119550224 0.0254)
(0.07257142857 2.119550224 0.0254)
(0.08164285714 2.119550224 0.0254)
(0.09071428571 2.119550224 0.0254)
(0.09978571429 2.119550224 0.0254)
(0.1088571429 2.119550224 0.0254)
(0.1179285714 2.119550224 0.0254)
(0.127 2.119550224 0.0254)
(0.1360714286 2.119550224 0.0254)
(0.1451428571 2.119550224 0.0254)
(0.1542142857 2.119550224 0.0254)
(0.1632857143 2.119550224 0.0254)
(0.1723571429 2.119550224 0.0254)
(0.1814285714 2.119550224 0.0254)
(0.1905 2.119550224 0.0254)
(0.1995714286 2.119550224 0.0254)
(0.2086428571 2.119550224 0.0254)
(0.2177142857 2.119550224 0.0254)
(0.2267857143 2.119550224 0.0254)
(0.2358571429 2.119550224 0.0254)
(0.2449285714 2.119550224 0.0254)
(0.254 2.119550224 0.0254)
(0 2.258535691 0.0254)
(0.009071428571 2.258535691 0.0254)
(0.01814285714 2.258535691 0.0254)
(0.02721428571 2.258535691 0.0254)
(0.03628571429 2.258535691 0.0254)
(0.04535714286 2.258535691 0.0254)
(0.05442857143 2.258535691 0.0254)
(0.0635 2.258535691 0.0254)
(0.07257142857 2.258535691 0.0254)
(0.08164285714 2.258535691 0.0254)
(0.09071428571 2.258535691 0.0254)
(0.09978571429 2.258535691 0.0254)
(0.1088571429 2.258535691 0.0254)
(0.1179285714 2.258535691 0.0254)
(0.127 2.258535691 0.0254)
(0.1360714286 2.258535691 0.0254)
(0.1451428571 2.258535691 0.0254)
(0.1542142857 2.258535691 0.0254)
(0.1632857143 2.258535691 0.0254)
(0.1723571429 2.258535691 0.0254)
(0.1814285714 2.258535691 0.0254)
(0.1905 2.258535691 0.0254)
(0.1995714286 2.258535691 0.0254)
(0.2086428571 2.258535691 0.0254)
(0.2177142857 2.258535691 0.0254)
(0.2267857143 2.258535691 0.0254)
(0.2358571429 2.258535691 0.0254)
(0.2449285714 2.258535691 0.0254)
(0.254 2.258535691 0.0254)
(0 2.40406148 0.0254)
(0.009071428571 2.40406148 0.0254)
(0.01814285714 2.40406148 0.0254)
(0.02721428571 2.40406148 0.0254)
(0.03628571429 2.40406148 0.0254)
(0.04535714286 2.40406148 0.0254)
(0.05442857143 2.40406148 0.0254)
(0.0635 2.40406148 0.0254)
(0.07257142857 2.40406148 0.0254)
(0.08164285714 2.40406148 0.0254)
(0.09071428571 2.40406148 0.0254)
(0.09978571429 2.40406148 0.0254)
(0.1088571429 2.40406148 0.0254)
(0.1179285714 2.40406148 0.0254)
(0.127 2.40406148 0.0254)
(0.1360714286 2.40406148 0.0254)
(0.1451428571 2.40406148 0.0254)
(0.1542142857 2.40406148 0.0254)
(0.1632857143 2.40406148 0.0254)
(0.1723571429 2.40406148 0.0254)
(0.1814285714 2.40406148 0.0254)
(0.1905 2.40406148 0.0254)
(0.1995714286 2.40406148 0.0254)
(0.2086428571 2.40406148 0.0254)
(0.2177142857 2.40406148 0.0254)
(0.2267857143 2.40406148 0.0254)
(0.2358571429 2.40406148 0.0254)
(0.2449285714 2.40406148 0.0254)
(0.254 2.40406148 0.0254)
(0 2.556435362 0.0254)
(0.009071428571 2.556435362 0.0254)
(0.01814285714 2.556435362 0.0254)
(0.02721428571 2.556435362 0.0254)
(0.03628571429 2.556435362 0.0254)
(0.04535714286 2.556435362 0.0254)
(0.05442857143 2.556435362 0.0254)
(0.0635 2.556435362 0.0254)
(0.07257142857 2.556435362 0.0254)
(0.08164285714 2.556435362 0.0254)
(0.09071428571 2.556435362 0.0254)
(0.09978571429 2.556435362 0.0254)
(0.1088571429 2.556435362 0.0254)
(0.1179285714 2.556435362 0.0254)
(0.127 2.556435362 0.0254)
(0.1360714286 2.556435362 0.0254)
(0.1451428571 2.556435362 0.0254)
(0.1542142857 2.556435362 0.0254)
(0.1632857143 2.556435362 0.0254)
(0.1723571429 2.556435362 0.0254)
(0.1814285714 2.556435362 0.0254)
(0.1905 2.556435362 0.0254)
(0.1995714286 2.556435362 0.0254)
(0.2086428571 2.556435362 0.0254)
(0.2177142857 2.556435362 0.0254)
(0.2267857143 2.556435362 0.0254)
(0.2358571429 2.556435362 0.0254)
(0.2449285714 2.556435362 0.0254)
(0.254 2.556435362 0.0254)
(0 2.715979593 0.0254)
(0.009071428571 2.715979593 0.0254)
(0.01814285714 2.715979593 0.0254)
(0.02721428571 2.715979593 0.0254)
(0.03628571429 2.715979593 0.0254)
(0.04535714286 2.715979593 0.0254)
(0.05442857143 2.715979593 0.0254)
(0.0635 2.715979593 0.0254)
(0.07257142857 2.715979593 0.0254)
(0.08164285714 2.715979593 0.0254)
(0.09071428571 2.715979593 0.0254)
(0.09978571429 2.715979593 0.0254)
(0.1088571429 2.715979593 0.0254)
(0.1179285714 2.715979593 0.0254)
(0.127 2.715979593 0.0254)
(0.1360714286 2.715979593 0.0254)
(0.1451428571 2.715979593 0.0254)
(0.1542142857 2.715979593 0.0254)
(0.1632857143 2.715979593 0.0254)
(0.1723571429 2.715979593 0.0254)
(0.1814285714 2.715979593 0.0254)
(0.1905 2.715979593 0.0254)
(0.1995714286 2.715979593 0.0254)
(0.2086428571 2.715979593 0.0254)
(0.2177142857 2.715979593 0.0254)
(0.2267857143 2.715979593 0.0254)
(0.2358571429 2.715979593 0.0254)
(0.2449285714 2.715979593 0.0254)
(0.254 2.715979593 0.0254)
(0 2.883031592 0.0254)
(0.009071428571 2.883031592 0.0254)
(0.01814285714 2.883031592 0.0254)
(0.02721428571 2.883031592 0.0254)
(0.03628571429 2.883031592 0.0254)
(0.04535714286 2.883031592 0.0254)
(0.05442857143 2.883031592 0.0254)
(0.0635 2.883031592 0.0254)
(0.07257142857 2.883031592 0.0254)
(0.08164285714 2.883031592 0.0254)
(0.09071428571 2.883031592 0.0254)
(0.09978571429 2.883031592 0.0254)
(0.1088571429 2.883031592 0.0254)
(0.1179285714 2.883031592 0.0254)
(0.127 2.883031592 0.0254)
(0.1360714286 2.883031592 0.0254)
(0.1451428571 2.883031592 0.0254)
(0.1542142857 2.883031592 0.0254)
(0.1632857143 2.883031592 0.0254)
(0.1723571429 2.883031592 0.0254)
(0.1814285714 2.883031592 0.0254)
(0.1905 2.883031592 0.0254)
(0.1995714286 2.883031592 0.0254)
(0.2086428571 2.883031592 0.0254)
(0.2177142857 2.883031592 0.0254)
(0.2267857143 2.883031592 0.0254)
(0.2358571429 2.883031592 0.0254)
(0.2449285714 2.883031592 0.0254)
(0.254 2.883031592 0.0254)
(0 3.057944656 0.0254)
(0.009071428571 3.057944656 0.0254)
(0.01814285714 3.057944656 0.0254)
(0.02721428571 3.057944656 0.0254)
(0.03628571429 3.057944656 0.0254)
(0.04535714286 3.057944656 0.0254)
(0.05442857143 3.057944656 0.0254)
(0.0635 3.057944656 0.0254)
(0.07257142857 3.057944656 0.0254)
(0.08164285714 3.057944656 0.0254)
(0.09071428571 3.057944656 0.0254)
(0.09978571429 3.057944656 0.0254)
(0.1088571429 3.057944656 0.0254)
(0.1179285714 3.057944656 0.0254)
(0.127 3.057944656 0.0254)
(0.1360714286 3.057944656 0.0254)
(0.1451428571 3.057944656 0.0254)
(0.1542142857 3.057944656 0.0254)
(0.1632857143 3.057944656 0.0254)
(0.1723571429 3.057944656 0.0254)
(0.1814285714 3.057944656 0.0254)
(0.1905 3.057944656 0.0254)
(0.1995714286 3.057944656 0.0254)
(0.2086428571 3.057944656 0.0254)
(0.2177142857 3.057944656 0.0254)
(0.2267857143 3.057944656 0.0254)
(0.2358571429 3.057944656 0.0254)
(0.2449285714 3.057944656 0.0254)
(0.254 3.057944656 0.0254)
(0 3.241088709 0.0254)
(0.009071428571 3.241088709 0.0254)
(0.01814285714 3.241088709 0.0254)
(0.02721428571 3.241088709 0.0254)
(0.03628571429 3.241088709 0.0254)
(0.04535714286 3.241088709 0.0254)
(0.05442857143 3.241088709 0.0254)
(0.0635 3.241088709 0.0254)
(0.07257142857 3.241088709 0.0254)
(0.08164285714 3.241088709 0.0254)
(0.09071428571 3.241088709 0.0254)
(0.09978571429 3.241088709 0.0254)
(0.1088571429 3.241088709 0.0254)
(0.1179285714 3.241088709 0.0254)
(0.127 3.241088709 0.0254)
(0.1360714286 3.241088709 0.0254)
(0.1451428571 3.241088709 0.0254)
(0.1542142857 3.241088709 0.0254)
(0.1632857143 3.241088709 0.0254)
(0.1723571429 3.241088709 0.0254)
(0.1814285714 3.241088709 0.0254)
(0.1905 3.241088709 0.0254)
(0.1995714286 3.241088709 0.0254)
(0.2086428571 3.241088709 0.0254)
(0.2177142857 3.241088709 0.0254)
(0.2267857143 3.241088709 0.0254)
(0.2358571429 3.241088709 0.0254)
(0.2449285714 3.241088709 0.0254)
(0.254 3.241088709 0.0254)
(0 3.43285108 0.0254)
(0.009071428571 3.43285108 0.0254)
(0.01814285714 3.43285108 0.0254)
(0.02721428571 3.43285108 0.0254)
(0.03628571429 3.43285108 0.0254)
(0.04535714286 3.43285108 0.0254)
(0.05442857143 3.43285108 0.0254)
(0.0635 3.43285108 0.0254)
(0.07257142857 3.43285108 0.0254)
(0.08164285714 3.43285108 0.0254)
(0.09071428571 3.43285108 0.0254)
(0.09978571429 3.43285108 0.0254)
(0.1088571429 3.43285108 0.0254)
(0.1179285714 3.43285108 0.0254)
(0.127 3.43285108 0.0254)
(0.1360714286 3.43285108 0.0254)
(0.1451428571 3.43285108 0.0254)
(0.1542142857 3.43285108 0.0254)
(0.1632857143 3.43285108 0.0254)
(0.1723571429 3.43285108 0.0254)
(0.1814285714 3.43285108 0.0254)
(0.1905 3.43285108 0.0254)
(0.1995714286 3.43285108 0.0254)
(0.2086428571 3.43285108 0.0254)
(0.2177142857 3.43285108 0.0254)
(0.2267857143 3.43285108 0.0254)
(0.2358571429 3.43285108 0.0254)
(0.2449285714 3.43285108 0.0254)
(0.254 3.43285108 0.0254)
(0 3.633637327 0.0254)
(0.009071428571 3.633637327 0.0254)
(0.01814285714 3.633637327 0.0254)
(0.02721428571 3.633637327 0.0254)
(0.03628571429 3.633637327 0.0254)
(0.04535714286 3.633637327 0.0254)
(0.05442857143 3.633637327 0.0254)
(0.0635 3.633637327 0.0254)
(0.07257142857 3.633637327 0.0254)
(0.08164285714 3.633637327 0.0254)
(0.09071428571 3.633637327 0.0254)
(0.09978571429 3.633637327 0.0254)
(0.1088571429 3.633637327 0.0254)
(0.1179285714 3.633637327 0.0254)
(0.127 3.633637327 0.0254)
(0.1360714286 3.633637327 0.0254)
(0.1451428571 3.633637327 0.0254)
(0.1542142857 3.633637327 0.0254)
(0.1632857143 3.633637327 0.0254)
(0.1723571429 3.633637327 0.0254)
(0.1814285714 3.633637327 0.0254)
(0.1905 3.633637327 0.0254)
(0.1995714286 3.633637327 0.0254)
(0.2086428571 3.633637327 0.0254)
(0.2177142857 3.633637327 0.0254)
(0.2267857143 3.633637327 0.0254)
(0.2358571429 3.633637327 0.0254)
(0.2449285714 3.633637327 0.0254)
(0.254 3.633637327 0.0254)
(0 3.843872092 0.0254)
(0.009071428571 3.843872092 0.0254)
(0.01814285714 3.843872092 0.0254)
(0.02721428571 3.843872092 0.0254)
(0.03628571429 3.843872092 0.0254)
(0.04535714286 3.843872092 0.0254)
(0.05442857143 3.843872092 0.0254)
(0.0635 3.843872092 0.0254)
(0.07257142857 3.843872092 0.0254)
(0.08164285714 3.843872092 0.0254)
(0.09071428571 3.843872092 0.0254)
(0.09978571429 3.843872092 0.0254)
(0.1088571429 3.843872092 0.0254)
(0.1179285714 3.843872092 0.0254)
(0.127 3.843872092 0.0254)
(0.1360714286 3.843872092 0.0254)
(0.1451428571 3.843872092 0.0254)
(0.1542142857 3.843872092 0.0254)
(0.1632857143 3.843872092 0.0254)
(0.1723571429 3.843872092 0.0254)
(0.1814285714 3.843872092 0.0254)
(0.1905 3.843872092 0.0254)
(0.1995714286 3.843872092 0.0254)
(0.2086428571 3.843872092 0.0254)
(0.2177142857 3.843872092 0.0254)
(0.2267857143 3.843872092 0.0254)
(0.2358571429 3.843872092 0.0254)
(0.2449285714 3.843872092 0.0254)
(0.254 3.843872092 0.0254)
(0 4.064 0.0254)
(0.009071428571 4.064 0.0254)
(0.01814285714 4.064 0.0254)
(0.02721428571 4.064 0.0254)
(0.03628571429 4.064 0.0254)
(0.04535714286 4.064 0.0254)
(0.05442857143 4.064 0.0254)
(0.0635 4.064 0.0254)
(0.07257142857 4.064 0.0254)
(0.08164285714 4.064 0.0254)
(0.09071428571 4.064 0.0254)
(0.09978571429 4.064 0.0254)
(0.1088571429 4.064 0.0254)
(0.1179285714 4.064 0.0254)
(0.127 4.064 0.0254)
(0.1360714286 4.064 0.0254)
(0.1451428571 4.064 0.0254)
(0.1542142857 4.064 0.0254)
(0.1632857143 4.064 0.0254)
(0.1723571429 4.064 0.0254)
(0.1814285714 4.064 0.0254)
(0.1905 4.064 0.0254)
(0.1995714286 4.064 0.0254)
(0.2086428571 4.064 0.0254)
(0.2177142857 4.064 0.0254)
(0.2267857143 4.064 0.0254)
(0.2358571429 4.064 0.0254)
(0.2449285714 4.064 0.0254)
(0.254 4.064 0.0254)
(0.25908 0 0)
(0.26416 0 0)
(0.26924 0 0)
(0.27432 0 0)
(0.2794 0 0)
(0.28448 0 0)
(0.28956 0 0)
(0.29464 0 0)
(0.29972 0 0)
(0.3048 0 0)
(0.25908 0.01246747483 0)
(0.26416 0.01233444779 0)
(0.26924 0.01220142076 0)
(0.27432 0.01206839372 0)
(0.2794 0.01193536668 0)
(0.28448 0.01180233964 0)
(0.28956 0.01166931261 0)
(0.29464 0.01153628557 0)
(0.29972 0.01140325853 0)
(0.3048 0.01127023149 0)
(0.25908 0.0236665072 0)
(0.26416 0.02341398731 0)
(0.26924 0.02316146742 0)
(0.27432 0.02290894754 0)
(0.2794 0.02265642765 0)
(0.28448 0.02240390776 0)
(0.28956 0.02215138787 0)
(0.29464 0.02189886799 0)
(0.29972 0.0216463481 0)
(0.3048 0.02139382821 0)
(0.25908 0.0337261486 0)
(0.26416 0.03336629308 0)
(0.26924 0.03300643756 0)
(0.27432 0.03264658204 0)
(0.2794 0.03228672652 0)
(0.28448 0.031926871 0)
(0.28956 0.03156701548 0)
(0.29464 0.03120715996 0)
(0.29972 0.03084730444 0)
(0.3048 0.03048744892 0)
(0.25908 0.04276232082 0)
(0.26416 0.04230605001 0)
(0.26924 0.04184977919 0)
(0.27432 0.04139350838 0)
(0.2794 0.04093723757 0)
(0.28448 0.04048096676 0)
(0.28956 0.04002469595 0)
(0.29464 0.03956842513 0)
(0.29972 0.03911215432 0)
(0.3048 0.03865588351 0)
(0.25908 0.05087915173 0)
(0.26416 0.05033627493 0)
(0.26924 0.04979339813 0)
(0.27432 0.04925052133 0)
(0.2794 0.04870764453 0)
(0.28448 0.04816476773 0)
(0.28956 0.04762189093 0)
(0.29464 0.04707901413 0)
(0.29972 0.04653613733 0)
(0.3048 0.04599326053 0)
(0.25908 0.05817017524 0)
(0.26416 0.05754950376 0)
(0.26924 0.05692883228 0)
(0.27432 0.05630816079 0)
(0.2794 0.05568748931 0)
(0.28448 0.05506681783 0)
(0.28956 0.05444614634 0)
(0.29464 0.05382547486 0)
(0.29972 0.05320480338 0)
(0.3048 0.05258413189 0)
(0.25908 0.0647194091 0)
(0.26416 0.06402885778 0)
(0.26924 0.06333830645 0)
(0.27432 0.06264775512 0)
(0.2794 0.0619572038 0)
(0.28448 0.06126665247 0)
(0.28956 0.06057610115 0)
(0.29464 0.05988554982 0)
(0.29972 0.0591949985 0)
(0.3048 0.05850444717 0)
(0.25908 0.07060232308 0)
(0.26416 0.0698490015 0)
(0.26924 0.06909567991 0)
(0.27432 0.06834235833 0)
(0.2794 0.06758903674 0)
(0.28448 0.06683571516 0)
(0.28956 0.06608239357 0)
(0.29464 0.06532907199 0)
(0.29972 0.06457575041 0)
(0.3048 0.06382242882 0)
(0.25908 0.07588670865 0)
(0.26416 0.07507700306 0)
(0.26924 0.07426729747 0)
(0.27432 0.07345759188 0)
(0.2794 0.07264788629 0)
(0.28448 0.0718381807 0)
(0.28956 0.07102847512 0)
(0.29464 0.07021876953 0)
(0.29972 0.06940906394 0)
(0.3048 0.06859935835 0)
(0.25908 0.08063346016 0)
(0.26416 0.07977310709 0)
(0.26924 0.07891275401 0)
(0.27432 0.07805240093 0)
(0.2794 0.07719204785 0)
(0.28448 0.07633169477 0)
(0.28956 0.0754713417 0)
(0.29464 0.07461098862 0)
(0.29972 0.07375063554 0)
(0.3048 0.07289028246 0)
(0.25908 0.08489727658 0)
(0.26416 0.0839914289 0)
(0.26924 0.08308558121 0)
(0.27432 0.08217973353 0)
(0.2794 0.08127388584 0)
(0.28448 0.08036803816 0)
(0.28956 0.07946219047 0)
(0.29464 0.07855634279 0)
(0.29972 0.0776504951 0)
(0.3048 0.07674464742 0)
(0.25908 0.08872729178 0)
(0.26416 0.08778057811 0)
(0.26924 0.08683386445 0)
(0.27432 0.08588715078 0)
(0.2794 0.08494043712 0)
(0.28448 0.08399372345 0)
(0.28956 0.08304700979 0)
(0.29464 0.08210029612 0)
(0.29972 0.08115358246 0)
(0.3048 0.08020686879 0)
(0.25908 0.09216764074 0)
(0.26416 0.09118421881 0)
(0.26924 0.09020079687 0)
(0.27432 0.08921737494 0)
(0.2794 0.088233953 0)
(0.28448 0.08725053107 0)
(0.28956 0.08626710913 0)
(0.29464 0.0852836872 0)
(0.29972 0.08430026526 0)
(0.3048 0.08331684333 0)
(0.25908 0.09525796817 0)
(0.26416 0.09424157267 0)
(0.26924 0.09322517717 0)
(0.27432 0.09220878167 0)
(0.2794 0.09119238617 0)
(0.28448 0.09017599067 0)
(0.28956 0.08915959516 0)
(0.29464 0.08814319966 0)
(0.29972 0.08712680416 0)
(0.3048 0.08611040866 0)
(0.25908 0.09803388529 0)
(0.26416 0.09698787096 0)
(0.26924 0.09594185663 0)
(0.27432 0.0948958423 0)
(0.2794 0.09384982797 0)
(0.28448 0.09280381363 0)
(0.28956 0.0917577993 0)
(0.29464 0.09071178497 0)
(0.29972 0.08966577064 0)
(0.3048 0.08861975631 0)
(0.25908 0.1005273803 0)
(0.26416 0.09945476052 0)
(0.26924 0.09838214078 0)
(0.27432 0.09730952104 0)
(0.2794 0.0962369013 0)
(0.28448 0.09516428156 0)
(0.28956 0.09409166182 0)
(0.29464 0.09301904208 0)
(0.29972 0.09194642235 0)
(0.3048 0.09087380261 0)
(0.25908 0 0.0254)
(0.26416 0 0.0254)
(0.26924 0 0.0254)
(0.27432 0 0.0254)
(0.2794 0 0.0254)
(0.28448 0 0.0254)
(0.28956 0 0.0254)
(0.29464 0 0.0254)
(0.29972 0 0.0254)
(0.3048 0 0.0254)
(0.25908 0.01246747483 0.0254)
(0.26416 0.01233444779 0.0254)
(0.26924 0.01220142076 0.0254)
(0.27432 0.01206839372 0.0254)
(0.2794 0.01193536668 0.0254)
(0.28448 0.01180233964 0.0254)
(0.28956 0.01166931261 0.0254)
(0.29464 0.01153628557 0.0254)
(0.29972 0.01140325853 0.0254)
(0.3048 0.01127023149 0.0254)
(0.25908 0.0236665072 0.0254)
(0.26416 0.02341398731 0.0254)
(0.26924 0.02316146742 0.0254)
(0.27432 0.02290894754 0.0254)
(0.2794 0.02265642765 0.0254)
(0.28448 0.02240390776 0.0254)
(0.28956 0.02215138787 0.0254)
(0.29464 0.02189886799 0.0254)
(0.29972 0.0216463481 0.0254)
(0.3048 0.02139382821 0.0254)
(0.25908 0.0337261486 0.0254)
(0.26416 0.03336629308 0.0254)
(0.26924 0.03300643756 0.0254)
(0.27432 0.03264658204 0.0254)
(0.2794 0.03228672652 0.0254)
(0.28448 0.031926871 0.0254)
(0.28956 0.03156701548 0.0254)
(0.29464 0.03120715996 0.0254)
(0.29972 0.03084730444 0.0254)
(0.3048 0.03048744892 0.0254)
(0.25908 0.04276232082 0.0254)
(0.26416 0.04230605001 0.0254)
(0.26924 0.04184977919 0.0254)
(0.27432 0.04139350838 0.0254)
(0.2794 0.04093723757 0.0254)
(0.28448 0.04048096676 0.0254)
(0.28956 0.04002469595 0.0254)
(0.29464 0.03956842513 0.0254)
(0.29972 0.03911215432 0.0254)
(0.3048 0.03865588351 0.0254)
(0.25908 0.05087915173 0.0254)
(0.26416 0.05033627493 0.0254)
(0.26924 0.04979339813 0.0254)
(0.27432 0.04925052133 0.0254)
(0.2794 0.04870764453 0.0254)
(0.28448 0.04816476773 0.0254)
(0.28956 0.04762189093 0.0254)
(0.29464 0.04707901413 0.0254)
(0.29972 0.04653613733 0.0254)
(0.3048 0.04599326053 0.0254)
(0.25908 0.05817017524 0.0254)
(0.26416 0.05754950376 0.0254)
(0.26924 0.05692883228 0.0254)
(0.27432 0.05630816079 0.0254)
(0.2794 0.05568748931 0.0254)
(0.28448 0.05506681783 0.0254)
(0.28956 0.05444614634 0.0254)
(0.29464 0.05382547486 0.0254)
(0.29972 0.05320480338 0.0254)
(0.3048 0.05258413189 0.0254)
(0.25908 0.0647194091 0.0254)
(0.26416 0.06402885778 0.0254)
(0.26924 0.06333830645 0.0254)
(0.27432 0.06264775512 0.0254)
(0.2794 0.0619572038 0.0254)
(0.28448 0.06126665247 0.0254)
(0.28956 0.06057610115 0.0254)
(0.29464 0.05988554982 0.0254)
(0.29972 0.0591949985 0.0254)
(0.3048 0.05850444717 0.0254)
(0.25908 0.07060232308 0.0254)
(0.26416 0.0698490015 0.0254)
(0.26924 0.06909567991 0.0254)
(0.27432 0.06834235833 0.0254)
(0.2794 0.06758903674 0.0254)
(0.28448 0.06683571516 0.0254)
(0.28956 0.06608239357 0.0254)
(0.29464 0.06532907199 0.0254)
(0.29972 0.06457575041 0.0254)
(0.3048 0.06382242882 0.0254)
(0.25908 0.07588670865 0.0254)
(0.26416 0.07507700306 0.0254)
(0.26924 0.07426729747 0.0254)
(0.27432 0.07345759188 0.0254)
(0.2794 0.07264788629 0.0254)
(0.28448 0.0718381807 0.0254)
(0.28956 0.07102847512 0.0254)
(0.29464 0.07021876953 0.0254)
(0.29972 0.06940906394 0.0254)
(0.3048 0.06859935835 0.0254)
(0.25908 0.08063346016 0.0254)
(0.26416 0.07977310709 0.0254)
(0.26924 0.07891275401 0.0254)
(0.27432 0.07805240093 0.0254)
(0.2794 0.07719204785 0.0254)
(0.28448 0.07633169477 0.0254)
(0.28956 0.0754713417 0.0254)
(0.29464 0.07461098862 0.0254)
(0.29972 0.07375063554 0.0254)
(0.3048 0.07289028246 0.0254)
(0.25908 0.08489727658 0.0254)
(0.26416 0.0839914289 0.0254)
(0.26924 0.08308558121 0.0254)
(0.27432 0.08217973353 0.0254)
(0.2794 0.08127388584 0.0254)
(0.28448 0.08036803816 0.0254)
(0.28956 0.07946219047 0.0254)
(0.29464 0.07855634279 0.0254)
(0.29972 0.0776504951 0.0254)
(0.3048 0.07674464742 0.0254)
(0.25908 0.08872729178 0.0254)
(0.26416 0.08778057811 0.0254)
(0.26924 0.08683386445 0.0254)
(0.27432 0.08588715078 0.0254)
(0.2794 0.08494043712 0.0254)
(0.28448 0.08399372345 0.0254)
(0.28956 0.08304700979 0.0254)
(0.29464 0.08210029612 0.0254)
(0.29972 0.08115358246 0.0254)
(0.3048 0.08020686879 0.0254)
(0.25908 0.09216764074 0.0254)
(0.26416 0.09118421881 0.0254)
(0.26924 0.09020079687 0.0254)
(0.27432 0.08921737494 0.0254)
(0.2794 0.088233953 0.0254)
(0.28448 0.08725053107 0.0254)
(0.28956 0.08626710913 0.0254)
(0.29464 0.0852836872 0.0254)
(0.29972 0.08430026526 0.0254)
(0.3048 0.08331684333 0.0254)
(0.25908 0.09525796817 0.0254)
(0.26416 0.09424157267 0.0254)
(0.26924 0.09322517717 0.0254)
(0.27432 0.09220878167 0.0254)
(0.2794 0.09119238617 0.0254)
(0.28448 0.09017599067 0.0254)
(0.28956 0.08915959516 0.0254)
(0.29464 0.08814319966 0.0254)
(0.29972 0.08712680416 0.0254)
(0.3048 0.08611040866 0.0254)
(0.25908 0.09803388529 0.0254)
(0.26416 0.09698787096 0.0254)
(0.26924 0.09594185663 0.0254)
(0.27432 0.0948958423 0.0254)
(0.2794 0.09384982797 0.0254)
(0.28448 0.09280381363 0.0254)
(0.28956 0.0917577993 0.0254)
(0.29464 0.09071178497 0.0254)
(0.29972 0.08966577064 0.0254)
(0.3048 0.08861975631 0.0254)
(0.25908 0.1005273803 0.0254)
(0.26416 0.09945476052 0.0254)
(0.26924 0.09838214078 0.0254)
(0.27432 0.09730952104 0.0254)
(0.2794 0.0962369013 0.0254)
(0.28448 0.09516428156 0.0254)
(0.28956 0.09409166182 0.0254)
(0.29464 0.09301904208 0.0254)
(0.29972 0.09194642235 0.0254)
(0.3048 0.09087380261 0.0254)
(0.25908 0.1005273803 0)
(0.26416 0.09945476052 0)
(0.26924 0.09838214078 0)
(0.27432 0.09730952104 0)
(0.2794 0.0962369013 0)
(0.28448 0.09516428156 0)
(0.28956 0.09409166182 0)
(0.29464 0.09301904208 0)
(0.29972 0.09194642235 0)
(0.25908 0.1445648795 0)
(0.26416 0.1435041775 0)
(0.26924 0.1424434754 0)
(0.27432 0.1413827734 0)
(0.2794 0.1403220714 0)
(0.28448 0.1392613693 0)
(0.28956 0.1382006673 0)
(0.29464 0.1371399653 0)
(0.29972 0.1360792632 0)
(0.3048 0.1350185612 0)
(0.25908 0.1906746776 0)
(0.26416 0.1896264541 0)
(0.26924 0.1885782306 0)
(0.27432 0.187530007 0)
(0.2794 0.1864817835 0)
(0.28448 0.18543356 0)
(0.28956 0.1843853365 0)
(0.29464 0.183337113 0)
(0.29972 0.1822888895 0)
(0.3048 0.181240666 0)
(0.25908 0.2389542919 0)
(0.26416 0.2379191341 0)
(0.26924 0.2368839763 0)
(0.27432 0.2358488185 0)
(0.2794 0.2348136607 0)
(0.28448 0.233778503 0)
(0.28956 0.2327433452 0)
(0.29464 0.2317081874 0)
(0.29972 0.2306730296 0)
(0.3048 0.2296378718 0)
(0.25908 0.2895058287 0)
(0.26416 0.2884843515 0)
(0.26924 0.2874628743 0)
(0.27432 0.2864413971 0)
(0.2794 0.2854199199 0)
(0.28448 0.2843984427 0)
(0.28956 0.2833769655 0)
(0.29464 0.2823554883 0)
(0.29972 0.281334011 0)
(0.3048 0.2803125338 0)
(0.25908 0.3424361994 0)
(0.26416 0.3414290465 0)
(0.26924 0.3404218936 0)
(0.27432 0.3394147408 0)
(0.2794 0.3384075879 0)
(0.28448 0.337400435 0)
(0.28956 0.3363932822 0)
(0.29464 0.3353861293 0)
(0.29972 0.3343789765 0)
(0.3048 0.3333718236 0)
(0.25908 0.3978573459 0)
(0.26416 0.3968651915 0)
(0.26924 0.3958730371 0)
(0.27432 0.3948808826 0)
(0.2794 0.3938887282 0)
(0.28448 0.3928965737 0)
(0.28956 0.3919044193 0)
(0.29464 0.3909122648 0)
(0.29972 0.3899201104 0)
(0.3048 0.3889279559 0)
(0.25908 0.4558864784 0)
(0.26416 0.4549100282 0)
(0.26924 0.453933578 0)
(0.27432 0.4529571277 0)
(0.2794 0.4519806775 0)
(0.28448 0.4510042272 0)
(0.28956 0.450027777 0)
(0.29464 0.4490513268 0)
(0.29972 0.4480748765 0)
(0.3048 0.4470984263 0)
(0.25908 0.5166463224 0)
(0.26416 0.5156863153 0)
(0.26924 0.5147263083 0)
(0.27432 0.5137663013 0)
(0.2794 0.5128062942 0)
(0.28448 0.5118462872 0)
(0.28956 0.5108862802 0)
(0.29464 0.5099262732 0)
(0.29972 0.5089662661 0)
(0.3048 0.5080062591 0)
(0.25908 0.5802653784 0)
(0.26416 0.5793225884 0)
(0.26924 0.5783797984 0)
(0.27432 0.5774370083 0)
(0.2794 0.5764942183 0)
(0.28448 0.5755514282 0)
(0.28956 0.5746086382 0)
(0.29464 0.5736658481 0)
(0.29972 0.5727230581 0)
(0.3048 0.5717802681 0)
(0.25908 0.6468781943 0)
(0.26416 0.6459534315 0)
(0.26924 0.6450286686 0)
(0.27432 0.6441039057 0)
(0.2794 0.6431791429 0)
(0.28448 0.64225438 0)
(0.28956 0.6413296171 0)
(0.29464 0.6404048543 0)
(0.29972 0.6394800914 0)
(0.3048 0.6385553285 0)
(0.25908 0.7166256492 0)
(0.26416 0.7157197618 0)
(0.26924 0.7148138744 0)
(0.27432 0.713907987 0)
(0.2794 0.7130020997 0)
(0.28448 0.7120962123 0)
(0.28956 0.7111903249 0)
(0.29464 0.7102844375 0)
(0.29972 0.7093785502 0)
(0.3048 0.7084726628 0)
(0.25908 0.7896552515 0)
(0.26416 0.7887691279 0)
(0.26924 0.7878830042 0)
(0.27432 0.7869968806 0)
(0.2794 0.7861107569 0)
(0.28448 0.7852246333 0)
(0.28956 0.7843385096 0)
(0.29464 0.783452386 0)
(0.29972 0.7825662623 0)
(0.3048 0.7816801387 0)
(0.25908 0.8661214513 0)
(0.26416 0.8652560214 0)
(0.26924 0.8643905916 0)
(0.27432 0.8635251617 0)
(0.2794 0.8626597318 0)
(0.28448 0.8617943019 0)
(0.28956 0.860928872 0)
(0.29464 0.8600634421 0)
(0.29972 0.8591980123 0)
(0.3048 0.8583325824 0)
(0.25908 0.9461859667 0)
(0.26416 0.9453422043 0)
(0.26924 0.944498442 0)
(0.27432 0.9436546797 0)
(0.2794 0.9428109174 0)
(0.28448 0.941967155 0)
(0.28956 0.9411233927 0)
(0.29464 0.9402796304 0)
(0.29972 0.9394358681 0)
(0.3048 0.9385921057 0)
(0.25908 1.030018126 0)
(0.26416 1.02919705 0)
(0.26924 1.028375975 0)
(0.27432 1.0275549 0)
(0.2794 1.026733825 0)
(0.28448 1.02591275 0)
(0.28956 1.025091675 0)
(0.29464 1.0242706 0)
(0.29972 1.023449524 0)
(0.3048 1.022628449 0)
(0.25908 1.117795224 0)
(0.26416 1.116997904 0)
(0.26924 1.116200584 0)
(0.27432 1.115403263 0)
(0.2794 1.114605943 0)
(0.28448 1.113808622 0)
(0.28956 1.113011302 0)
(0.29464 1.112213982 0)
(0.29972 1.111416661 0)
(0.3048 1.110619341 0)
(0.25908 1.209702902 0)
(0.26416 1.208930454 0)
(0.26924 1.208158007 0)
(0.27432 1.207385559 0)
(0.2794 1.206613111 0)
(0.28448 1.205840664 0)
(0.28956 1.205068216 0)
(0.29464 1.204295768 0)
(0.29972 1.20352332 0)
(0.3048 1.202750873 0)
(0.25908 1.305935534 0)
(0.26416 1.30518913 0)
(0.26924 1.304442725 0)
(0.27432 1.30369632 0)
(0.2794 1.302949916 0)
(0.28448 1.302203511 0)
(0.28956 1.301457107 0)
(0.29464 1.300710702 0)
(0.29972 1.299964297 0)
(0.3048 1.299217893 0)
(0.25908 1.406696643 0)
(0.26416 1.405977507 0)
(0.26924 1.405258371 0)
(0.27432 1.404539235 0)
(0.2794 1.403820099 0)
(0.28448 1.403100963 0)
(0.28956 1.402381827 0)
(0.29464 1.401662691 0)
(0.29972 1.400943555 0)
(0.3048 1.400224419 0)
(0.25908 1.512199327 0)
(0.26416 1.511508743 0)
(0.26924 1.510818158 0)
(0.27432 1.510127574 0)
(0.2794 1.50943699 0)
(0.28448 1.508746406 0)
(0.28956 1.508055821 0)
(0.29464 1.507365237 0)
(0.29972 1.506674653 0)
(0.3048 1.505984069 0)
(0.25908 1.622666714 0)
(0.26416 1.622006025 0)
(0.26924 1.621345336 0)
(0.27432 1.620684647 0)
(0.2794 1.620023958 0)
(0.28448 1.619363269 0)
(0.28956 1.61870258 0)
(0.29464 1.618041891 0)
(0.29972 1.617381203 0)
(0.3048 1.616720514 0)
(0.25908 1.73833243 0)
(0.26416 1.737703043 0)
(0.26924 1.737073656 0)
(0.27432 1.73644427 0)
(0.2794 1.735814883 0)
(0.28448 1.735185496 0)
(0.28956 1.73455611 0)
(0.29464 1.733926723 0)
(0.29972 1.733297336 0)
(0.3048 1.732667949 0)
(0.25908 1.859441096 0)
(0.26416 1.858844485 0)
(0.26924 1.858247873 0)
(0.27432 1.857651262 0)
(0.2794 1.85705465 0)
(0.28448 1.856458039 0)
(0.28956 1.855861427 0)
(0.29464 1.855264816 0)
(0.29972 1.854668204 0)
(0.3048 1.854071593 0)
(0.25908 1.986248846 0)
(0.26416 1.985686552 0)
(0.26924 1.985124258 0)
(0.27432 1.984561964 0)
(0.2794 1.98399967 0)
(0.28448 1.983437376 0)
(0.28956 1.982875082 0)
(0.29464 1.982312788 0)
(0.29972 1.981750494 0)
(0.3048 1.9811882 0)
(0.25908 2.119023863 0)
(0.26416 2.118497501 0)
(0.26924 2.11797114 0)
(0.27432 2.117444778 0)
(0.2794 2.116918416 0)
(0.28448 2.116392055 0)
(0.28956 2.115865693 0)
(0.29464 2.115339332 0)
(0.29972 2.11481297 0)
(0.3048 2.114286608 0)
(0.25908 2.258046953 0)
(0.26416 2.257558215 0)
(0.26924 2.257069476 0)
(0.27432 2.256580738 0)
(0.2794 2.256092 0)
(0.28448 2.255603262 0)
(0.28956 2.255114523 0)
(0.29464 2.254625785 0)
(0.29972 2.254137047 0)
(0.3048 2.253648308 0)
(0.25908 2.403612136 0)
(0.26416 2.403162791 0)
(0.26924 2.402713446 0)
(0.27432 2.402264102 0)
(0.2794 2.401814757 0)
(0.28448 2.401365413 0)
(0.28956 2.400916068 0)
(0.29464 2.400466724 0)
(0.29972 2.400017379 0)
(0.3048 2.399568035 0)
(0.25908 2.556027265 0)
(0.26416 2.555619168 0)
(0.26924 2.555211071 0)
(0.27432 2.554802974 0)
(0.2794 2.554394877 0)
(0.28448 2.55398678 0)
(0.28956 2.553578683 0)
(0.29464 2.553170586 0)
(0.29972 2.552762489 0)
(0.3048 2.552354392 0)
(0.25908 2.715614685 0)
(0.26416 2.715249776 0)
(0.26924 2.714884868 0)
(0.27432 2.71451996 0)
(0.2794 2.714155051 0)
(0.28448 2.713790143 0)
(0.28956 2.713425234 0)
(0.29464 2.713060326 0)
(0.29972 2.712695417 0)
(0.3048 2.712330509 0)
(0.25908 2.882711905 0)
(0.26416 2.882392217 0)
(0.26924 2.882072529 0)
(0.27432 2.881752842 0)
(0.2794 2.881433154 0)
(0.28448 2.881113467 0)
(0.28956 2.880793779 0)
(0.29464 2.880474092 0)
(0.29972 2.880154404 0)
(0.3048 2.879834716 0)
(0.25908 3.057672318 0)
(0.26416 3.057399979 0)
(0.26924 3.05712764 0)
(0.27432 3.056855302 0)
(0.2794 3.056582963 0)
(0.28448 3.056310624 0)
(0.28956 3.056038286 0)
(0.29464 3.055765947 0)
(0.29972 3.055493608 0)
(0.3048 3.055221269 0)
(0.25908 3.240865947 0)
(0.26416 3.240643185 0)
(0.26924 3.240420424 0)
(0.27432 3.240197662 0)
(0.2794 3.2399749 0)
(0.28448 3.239752139 0)
(0.28956 3.239529377 0)
(0.29464 3.239306615 0)
(0.29972 3.239083854 0)
(0.3048 3.238861092 0)
(0.25908 3.432680228 0)
(0.26416 3.432509376 0)
(0.26924 3.432338525 0)
(0.27432 3.432167673 0)
(0.2794 3.431996821 0)
(0.28448 3.43182597 0)
(0.28956 3.431655118 0)
(0.29464 3.431484266 0)
(0.29972 3.431313415 0)
(0.3048 3.431142563 0)
(0.25908 3.633520828 0)
(0.26416 3.633404329 0)
(0.26924 3.63328783 0)
(0.27432 3.633171331 0)
(0.2794 3.633054832 0)
(0.28448 3.632938333 0)
(0.28956 3.632821834 0)
(0.29464 3.632705335 0)
(0.29972 3.632588836 0)
(0.3048 3.632472337 0)
(0.25908 3.843812504 0)
(0.26416 3.843752915 0)
(0.26924 3.843693327 0)
(0.27432 3.843633738 0)
(0.2794 3.84357415 0)
(0.28448 3.843514561 0)
(0.28956 3.843454973 0)
(0.29464 3.843395384 0)
(0.29972 3.843335796 0)
(0.3048 3.843276207 0)
(0.25908 4.064 0)
(0.26416 4.064 0)
(0.26924 4.064 0)
(0.27432 4.064 0)
(0.2794 4.064 0)
(0.28448 4.064 0)
(0.28956 4.064 0)
(0.29464 4.064 0)
(0.29972 4.064 0)
(0.3048 4.064 0)
(0.25908 0.1005273803 0.0254)
(0.26416 0.09945476052 0.0254)
(0.26924 0.09838214078 0.0254)
(0.27432 0.09730952104 0.0254)
(0.2794 0.0962369013 0.0254)
(0.28448 0.09516428156 0.0254)
(0.28956 0.09409166182 0.0254)
(0.29464 0.09301904208 0.0254)
(0.29972 0.09194642235 0.0254)
(0.25908 0.1445648795 0.0254)
(0.26416 0.1435041775 0.0254)
(0.26924 0.1424434754 0.0254)
(0.27432 0.1413827734 0.0254)
(0.2794 0.1403220714 0.0254)
(0.28448 0.1392613693 0.0254)
(0.28956 0.1382006673 0.0254)
(0.29464 0.1371399653 0.0254)
(0.29972 0.1360792632 0.0254)
(0.3048 0.1350185612 0.0254)
(0.25908 0.1906746776 0.0254)
(0.26416 0.1896264541 0.0254)
(0.26924 0.1885782306 0.0254)
(0.27432 0.187530007 0.0254)
(0.2794 0.1864817835 0.0254)
(0.28448 0.18543356 0.0254)
(0.28956 0.1843853365 0.0254)
(0.29464 0.183337113 0.0254)
(0.29972 0.1822888895 0.0254)
(0.3048 0.181240666 0.0254)
(0.25908 0.2389542919 0.0254)
(0.26416 0.2379191341 0.0254)
(0.26924 0.2368839763 0.0254)
(0.27432 0.2358488185 0.0254)
(0.2794 0.2348136607 0.0254)
(0.28448 0.233778503 0.0254)
(0.28956 0.2327433452 0.0254)
(0.29464 0.2317081874 0.0254)
(0.29972 0.2306730296 0.0254)
(0.3048 0.2296378718 0.0254)
(0.25908 0.2895058287 0.0254)
(0.26416 0.2884843515 0.0254)
(0.26924 0.2874628743 0.0254)
(0.27432 0.2864413971 0.0254)
(0.2794 0.2854199199 0.0254)
(0.28448 0.2843984427 0.0254)
(0.28956 0.2833769655 0.0254)
(0.29464 0.2823554883 0.0254)
(0.29972 0.281334011 0.0254)
(0.3048 0.2803125338 0.0254)
(0.25908 0.3424361994 0.0254)
(0.26416 0.3414290465 0.0254)
(0.26924 0.3404218936 0.0254)
(0.27432 0.3394147408 0.0254)
(0.2794 0.3384075879 0.0254)
(0.28448 0.337400435 0.0254)
(0.28956 0.3363932822 0.0254)
(0.29464 0.3353861293 0.0254)
(0.29972 0.3343789765 0.0254)
(0.3048 0.3333718236 0.0254)
(0.25908 0.3978573459 0.0254)
(0.26416 0.3968651915 0.0254)
(0.26924 0.3958730371 0.0254)
(0.27432 0.3948808826 0.0254)
(0.2794 0.3938887282 0.0254)
(0.28448 0.3928965737 0.0254)
(0.28956 0.3919044193 0.0254)
(0.29464 0.3909122648 0.0254)
(0.29972 0.3899201104 0.0254)
(0.3048 0.3889279559 0.0254)
(0.25908 0.4558864784 0.0254)
(0.26416 0.4549100282 0.0254)
(0.26924 0.453933578 0.0254)
(0.27432 0.4529571277 0.0254)
(0.2794 0.4519806775 0.0254)
(0.28448 0.4510042272 0.0254)
(0.28956 0.450027777 0.0254)
(0.29464 0.4490513268 0.0254)
(0.29972 0.4480748765 0.0254)
(0.3048 0.4470984263 0.0254)
(0.25908 0.5166463224 0.0254)
(0.26416 0.5156863153 0.0254)
(0.26924 0.5147263083 0.0254)
(0.27432 0.5137663013 0.0254)
(0.2794 0.5128062942 0.0254)
(0.28448 0.5118462872 0.0254)
(0.28956 0.5108862802 0.0254)
(0.29464 0.5099262732 0.0254)
(0.29972 0.5089662661 0.0254)
(0.3048 0.5080062591 0.0254)
(0.25908 0.5802653784 0.0254)
(0.26416 0.5793225884 0.0254)
(0.26924 0.5783797984 0.0254)
(0.27432 0.5774370083 0.0254)
(0.2794 0.5764942183 0.0254)
(0.28448 0.5755514282 0.0254)
(0.28956 0.5746086382 0.0254)
(0.29464 0.5736658481 0.0254)
(0.29972 0.5727230581 0.0254)
(0.3048 0.5717802681 0.0254)
(0.25908 0.6468781943 0.0254)
(0.26416 0.6459534315 0.0254)
(0.26924 0.6450286686 0.0254)
(0.27432 0.6441039057 0.0254)
(0.2794 0.6431791429 0.0254)
(0.28448 0.64225438 0.0254)
(0.28956 0.6413296171 0.0254)
(0.29464 0.6404048543 0.0254)
(0.29972 0.6394800914 0.0254)
(0.3048 0.6385553285 0.0254)
(0.25908 0.7166256492 0.0254)
(0.26416 0.7157197618 0.0254)
(0.26924 0.7148138744 0.0254)
(0.27432 0.713907987 0.0254)
(0.2794 0.7130020997 0.0254)
(0.28448 0.7120962123 0.0254)
(0.28956 0.7111903249 0.0254)
(0.29464 0.7102844375 0.0254)
(0.29972 0.7093785502 0.0254)
(0.3048 0.7084726628 0.0254)
(0.25908 0.7896552515 0.0254)
(0.26416 0.7887691279 0.0254)
(0.26924 0.7878830042 0.0254)
(0.27432 0.7869968806 0.0254)
(0.2794 0.7861107569 0.0254)
(0.28448 0.7852246333 0.0254)
(0.28956 0.7843385096 0.0254)
(0.29464 0.783452386 0.0254)
(0.29972 0.7825662623 0.0254)
(0.3048 0.7816801387 0.0254)
(0.25908 0.8661214513 0.0254)
(0.26416 0.8652560214 0.0254)
(0.26924 0.8643905916 0.0254)
(0.27432 0.8635251617 0.0254)
(0.2794 0.8626597318 0.0254)
(0.28448 0.8617943019 0.0254)
(0.28956 0.860928872 0.0254)
(0.29464 0.8600634421 0.0254)
(0.29972 0.8591980123 0.0254)
(0.3048 0.8583325824 0.0254)
(0.25908 0.9461859667 0.0254)
(0.26416 0.9453422043 0.0254)
(0.26924 0.944498442 0.0254)
(0.27432 0.9436546797 0.0254)
(0.2794 0.9428109174 0.0254)
(0.28448 0.941967155 0.0254)
(0.28956 0.9411233927 0.0254)
(0.29464 0.9402796304 0.0254)
(0.29972 0.9394358681 0.0254)
(0.3048 0.9385921057 0.0254)
(0.25908 1.030018126 0.0254)
(0.26416 1.02919705 0.0254)
(0.26924 1.028375975 0.0254)
(0.27432 1.0275549 0.0254)
(0.2794 1.026733825 0.0254)
(0.28448 1.02591275 0.0254)
(0.28956 1.025091675 0.0254)
(0.29464 1.0242706 0.0254)
(0.29972 1.023449524 0.0254)
(0.3048 1.022628449 0.0254)
(0.25908 1.117795224 0.0254)
(0.26416 1.116997904 0.0254)
(0.26924 1.116200584 0.0254)
(0.27432 1.115403263 0.0254)
(0.2794 1.114605943 0.0254)
(0.28448 1.113808622 0.0254)
(0.28956 1.113011302 0.0254)
(0.29464 1.112213982 0.0254)
(0.29972 1.111416661 0.0254)
(0.3048 1.110619341 0.0254)
(0.25908 1.209702902 0.0254)
(0.26416 1.208930454 0.0254)
(0.26924 1.208158007 0.0254)
(0.27432 1.207385559 0.0254)
(0.2794 1.206613111 0.0254)
(0.28448 1.205840664 0.0254)
(0.28956 1.205068216 0.0254)
(0.29464 1.204295768 0.0254)
(0.29972 1.20352332 0.0254)
(0.3048 1.202750873 0.0254)
(0.25908 1.305935534 0.0254)
(0.26416 1.30518913 0.0254)
(0.26924 1.304442725 0.0254)
(0.27432 1.30369632 0.0254)
(0.2794 1.302949916 0.0254)
(0.28448 1.302203511 0.0254)
(0.28956 1.301457107 0.0254)
(0.29464 1.300710702 0.0254)
(0.29972 1.299964297 0.0254)
(0.3048 1.299217893 0.0254)
(0.25908 1.406696643 0.0254)
(0.26416 1.405977507 0.0254)
(0.26924 1.405258371 0.0254)
(0.27432 1.404539235 0.0254)
(0.2794 1.403820099 0.0254)
(0.28448 1.403100963 0.0254)
(0.28956 1.402381827 0.0254)
(0.29464 1.401662691 0.0254)
(0.29972 1.400943555 0.0254)
(0.3048 1.400224419 0.0254)
(0.25908 1.512199327 0.0254)
(0.26416 1.511508743 0.0254)
(0.26924 1.510818158 0.0254)
(0.27432 1.510127574 0.0254)
(0.2794 1.50943699 0.0254)
(0.28448 1.508746406 0.0254)
(0.28956 1.508055821 0.0254)
(0.29464 1.507365237 0.0254)
(0.29972 1.506674653 0.0254)
(0.3048 1.505984069 0.0254)
(0.25908 1.622666714 0.0254)
(0.26416 1.622006025 0.0254)
(0.26924 1.621345336 0.0254)
(0.27432 1.620684647 0.0254)
(0.2794 1.620023958 0.0254)
(0.28448 1.619363269 0.0254)
(0.28956 1.61870258 0.0254)
(0.29464 1.618041891 0.0254)
(0.29972 1.617381203 0.0254)
(0.3048 1.616720514 0.0254)
(0.25908 1.73833243 0.0254)
(0.26416 1.737703043 0.0254)
(0.26924 1.737073656 0.0254)
(0.27432 1.73644427 0.0254)
(0.2794 1.735814883 0.0254)
(0.28448 1.735185496 0.0254)
(0.28956 1.73455611 0.0254)
(0.29464 1.733926723 0.0254)
(0.29972 1.733297336 0.0254)
(0.3048 1.732667949 0.0254)
(0.25908 1.859441096 0.0254)
(0.26416 1.858844485 0.0254)
(0.26924 1.858247873 0.0254)
(0.27432 1.857651262 0.0254)
(0.2794 1.85705465 0.0254)
(0.28448 1.856458039 0.0254)
(0.28956 1.855861427 0.0254)
(0.29464 1.855264816 0.0254)
(0.29972 1.854668204 0.0254)
(0.3048 1.854071593 0.0254)
(0.25908 1.986248846 0.0254)
(0.26416 1.985686552 0.0254)
(0.26924 1.985124258 0.0254)
(0.27432 1.984561964 0.0254)
(0.2794 1.98399967 0.0254)
(0.28448 1.983437376 0.0254)
(0.28956 1.982875082 0.0254)
(0.29464 1.982312788 0.0254)
(0.29972 1.981750494 0.0254)
(0.3048 1.9811882 0.0254)
(0.25908 2.119023863 0.0254)
(0.26416 2.118497501 0.0254)
(0.26924 2.11797114 0.0254)
(0.27432 2.117444778 0.0254)
(0.2794 2.116918416 0.0254)
(0.28448 2.116392055 0.0254)
(0.28956 2.115865693 0.0254)
(0.29464 2.115339332 0.0254)
(0.29972 2.11481297 0.0254)
(0.3048 2.114286608 0.0254)
(0.25908 2.258046953 0.0254)
(0.26416 2.257558215 0.0254)
(0.26924 2.257069476 0.0254)
(0.27432 2.256580738 0.0254)
(0.2794 2.256092 0.0254)
(0.28448 2.255603262 0.0254)
(0.28956 2.255114523 0.0254)
(0.29464 2.254625785 0.0254)
(0.29972 2.254137047 0.0254)
(0.3048 2.253648308 0.0254)
(0.25908 2.403612136 0.0254)
(0.26416 2.403162791 0.0254)
(0.26924 2.402713446 0.0254)
(0.27432 2.402264102 0.0254)
(0.2794 2.401814757 0.0254)
(0.28448 2.401365413 0.0254)
(0.28956 2.400916068 0.0254)
(0.29464 2.400466724 0.0254)
(0.29972 2.400017379 0.0254)
(0.3048 2.399568035 0.0254)
(0.25908 2.556027265 0.0254)
(0.26416 2.555619168 0.0254)
(0.26924 2.555211071 0.0254)
(0.27432 2.554802974 0.0254)
(0.2794 2.554394877 0.0254)
(0.28448 2.55398678 0.0254)
(0.28956 2.553578683 0.0254)
(0.29464 2.553170586 0.0254)
(0.29972 2.552762489 0.0254)
(0.3048 2.552354392 0.0254)
(0.25908 2.715614685 0.0254)
(0.26416 2.715249776 0.0254)
(0.26924 2.714884868 0.0254)
(0.27432 2.71451996 0.0254)
(0.2794 2.714155051 0.0254)
(0.28448 2.713790143 0.0254)
(0.28956 2.713425234 0.0254)
(0.29464 2.713060326 0.0254)
(0.29972 2.712695417 0.0254)
(0.3048 2.712330509 0.0254)
(0.25908 2.882711905 0.0254)
(0.26416 2.882392217 0.0254)
(0.26924 2.882072529 0.0254)
(0.27432 2.881752842 0.0254)
(0.2794 2.881433154 0.0254)
(0.28448 2.881113467 0.0254)
(0.28956 2.880793779 0.0254)
(0.29464 2.880474092 0.0254)
(0.29972 2.880154404 0.0254)
(0.3048 2.879834716 0.0254)
(0.25908 3.057672318 0.0254)
(0.26416 3.057399979 0.0254)
(0.26924 3.05712764 0.0254)
(0.27432 3.056855302 0.0254)
(0.2794 3.056582963 0.0254)
(0.28448 3.056310624 0.0254)
(0.28956 3.056038286 0.0254)
(0.29464 3.055765947 0.0254)
(0.29972 3.055493608 0.0254)
(0.3048 3.055221269 0.0254)
(0.25908 3.240865947 0.0254)
(0.26416 3.240643185 0.0254)
(0.26924 3.240420424 0.0254)
(0.27432 3.240197662 0.0254)
(0.2794 3.2399749 0.0254)
(0.28448 3.239752139 0.0254)
(0.28956 3.239529377 0.0254)
(0.29464 3.239306615 0.0254)
(0.29972 3.239083854 0.0254)
(0.3048 3.238861092 0.0254)
(0.25908 3.432680228 0.0254)
(0.26416 3.432509376 0.0254)
(0.26924 3.432338525 0.0254)
(0.27432 3.432167673 0.0254)
(0.2794 3.431996821 0.0254)
(0.28448 3.43182597 0.0254)
(0.28956 3.431655118 0.0254)
(0.29464 3.431484266 0.0254)
(0.29972 3.431313415 0.0254)
(0.3048 3.431142563 0.0254)
(0.25908 3.633520828 0.0254)
(0.26416 3.633404329 0.0254)
(0.26924 3.63328783 0.0254)
(0.27432 3.633171331 0.0254)
(0.2794 3.633054832 0.0254)
(0.28448 3.632938333 0.0254)
(0.28956 3.632821834 0.0254)
(0.29464 3.632705335 0.0254)
(0.29972 3.632588836 0.0254)
(0.3048 3.632472337 0.0254)
(0.25908 3.843812504 0.0254)
(0.26416 3.843752915 0.0254)
(0.26924 3.843693327 0.0254)
(0.27432 3.843633738 0.0254)
(0.2794 3.84357415 0.0254)
(0.28448 3.843514561 0.0254)
(0.28956 3.843454973 0.0254)
(0.29464 3.843395384 0.0254)
(0.29972 3.843335796 0.0254)
(0.3048 3.843276207 0.0254)
(0.25908 4.064 0.0254)
(0.26416 4.064 0.0254)
(0.26924 4.064 0.0254)
(0.27432 4.064 0.0254)
(0.2794 4.064 0.0254)
(0.28448 4.064 0.0254)
(0.28956 4.064 0.0254)
(0.29464 4.064 0.0254)
(0.29972 4.064 0.0254)
(0.3048 4.064 0.0254)
(0.4699 0 0)
(0.635 0 0)
(0.8001 0 0)
(0.9652 0 0)
(1.1303 0 0)
(1.2954 0 0)
(1.4605 0 0)
(1.6256 0 0)
(1.7907 0 0)
(1.9558 0 0)
(2.1209 0 0)
(2.286 0 0)
(2.4511 0 0)
(2.6162 0 0)
(2.7813 0 0)
(2.9464 0 0)
(3.1115 0 0)
(3.2766 0 0)
(3.4417 0 0)
(3.6068 0 0)
(3.7719 0 0)
(3.937 0 0)
(4.1021 0 0)
(4.2672 0 0)
(4.4323 0 0)
(4.5974 0 0)
(4.7625 0 0)
(4.9276 0 0)
(5.0927 0 0)
(5.2578 0 0)
(5.4229 0 0)
(5.588 0 0)
(5.7531 0 0)
(5.9182 0 0)
(6.0833 0 0)
(6.2484 0 0)
(6.4135 0 0)
(6.5786 0 0)
(6.7437 0 0)
(6.9088 0 0)
(7.0739 0 0)
(7.239 0 0)
(7.4041 0 0)
(7.5692 0 0)
(7.7343 0 0)
(7.8994 0 0)
(8.0645 0 0)
(8.2296 0 0)
(8.3947 0 0)
(8.5598 0 0)
(8.7249 0 0)
(8.89 0 0)
(9.0551 0 0)
(9.2202 0 0)
(9.3853 0 0)
(9.5504 0 0)
(9.7155 0 0)
(9.8806 0 0)
(10.0457 0 0)
(10.2108 0 0)
(10.3759 0 0)
(10.541 0 0)
(10.7061 0 0)
(10.8712 0 0)
(11.0363 0 0)
(11.2014 0 0)
(11.3665 0 0)
(11.5316 0 0)
(11.6967 0 0)
(11.8618 0 0)
(12.0269 0 0)
(12.192 0 0)
(0.4699 0.01127023149 0)
(0.635 0.01127023149 0)
(0.8001 0.01127023149 0)
(0.9652 0.01127023149 0)
(1.1303 0.01127023149 0)
(1.2954 0.01127023149 0)
(1.4605 0.01127023149 0)
(1.6256 0.01127023149 0)
(1.7907 0.01127023149 0)
(1.9558 0.01127023149 0)
(2.1209 0.01127023149 0)
(2.286 0.01127023149 0)
(2.4511 0.01127023149 0)
(2.6162 0.01127023149 0)
(2.7813 0.01127023149 0)
(2.9464 0.01127023149 0)
(3.1115 0.01127023149 0)
(3.2766 0.01127023149 0)
(3.4417 0.01127023149 0)
(3.6068 0.01127023149 0)
(3.7719 0.01127023149 0)
(3.937 0.01127023149 0)
(4.1021 0.01127023149 0)
(4.2672 0.01127023149 0)
(4.4323 0.01127023149 0)
(4.5974 0.01127023149 0)
(4.7625 0.01127023149 0)
(4.9276 0.01127023149 0)
(5.0927 0.01127023149 0)
(5.2578 0.01127023149 0)
(5.4229 0.01127023149 0)
(5.588 0.01127023149 0)
(5.7531 0.01127023149 0)
(5.9182 0.01127023149 0)
(6.0833 0.01127023149 0)
(6.2484 0.01127023149 0)
(6.4135 0.01127023149 0)
(6.5786 0.01127023149 0)
(6.7437 0.01127023149 0)
(6.9088 0.01127023149 0)
(7.0739 0.01127023149 0)
(7.239 0.01127023149 0)
(7.4041 0.01127023149 0)
(7.5692 0.01127023149 0)
(7.7343 0.01127023149 0)
(7.8994 0.01127023149 0)
(8.0645 0.01127023149 0)
(8.2296 0.01127023149 0)
(8.3947 0.01127023149 0)
(8.5598 0.01127023149 0)
(8.7249 0.01127023149 0)
(8.89 0.01127023149 0)
(9.0551 0.01127023149 0)
(9.2202 0.01127023149 0)
(9.3853 0.01127023149 0)
(9.5504 0.01127023149 0)
(9.7155 0.01127023149 0)
(9.8806 0.01127023149 0)
(10.0457 0.01127023149 0)
(10.2108 0.01127023149 0)
(10.3759 0.01127023149 0)
(10.541 0.01127023149 0)
(10.7061 0.01127023149 0)
(10.8712 0.01127023149 0)
(11.0363 0.01127023149 0)
(11.2014 0.01127023149 0)
(11.3665 0.01127023149 0)
(11.5316 0.01127023149 0)
(11.6967 0.01127023149 0)
(11.8618 0.01127023149 0)
(12.0269 0.01127023149 0)
(12.192 0.01127023149 0)
(0.4699 0.02139382821 0)
(0.635 0.02139382821 0)
(0.8001 0.02139382821 0)
(0.9652 0.02139382821 0)
(1.1303 0.02139382821 0)
(1.2954 0.02139382821 0)
(1.4605 0.02139382821 0)
(1.6256 0.02139382821 0)
(1.7907 0.02139382821 0)
(1.9558 0.02139382821 0)
(2.1209 0.02139382821 0)
(2.286 0.02139382821 0)
(2.4511 0.02139382821 0)
(2.6162 0.02139382821 0)
(2.7813 0.02139382821 0)
(2.9464 0.02139382821 0)
(3.1115 0.02139382821 0)
(3.2766 0.02139382821 0)
(3.4417 0.02139382821 0)
(3.6068 0.02139382821 0)
(3.7719 0.02139382821 0)
(3.937 0.02139382821 0)
(4.1021 0.02139382821 0)
(4.2672 0.02139382821 0)
(4.4323 0.02139382821 0)
(4.5974 0.02139382821 0)
(4.7625 0.02139382821 0)
(4.9276 0.02139382821 0)
(5.0927 0.02139382821 0)
(5.2578 0.02139382821 0)
(5.4229 0.02139382821 0)
(5.588 0.02139382821 0)
(5.7531 0.02139382821 0)
(5.9182 0.02139382821 0)
(6.0833 0.02139382821 0)
(6.2484 0.02139382821 0)
(6.4135 0.02139382821 0)
(6.5786 0.02139382821 0)
(6.7437 0.02139382821 0)
(6.9088 0.02139382821 0)
(7.0739 0.02139382821 0)
(7.239 0.02139382821 0)
(7.4041 0.02139382821 0)
(7.5692 0.02139382821 0)
(7.7343 0.02139382821 0)
(7.8994 0.02139382821 0)
(8.0645 0.02139382821 0)
(8.2296 0.02139382821 0)
(8.3947 0.02139382821 0)
(8.5598 0.02139382821 0)
(8.7249 0.02139382821 0)
(8.89 0.02139382821 0)
(9.0551 0.02139382821 0)
(9.2202 0.02139382821 0)
(9.3853 0.02139382821 0)
(9.5504 0.02139382821 0)
(9.7155 0.02139382821 0)
(9.8806 0.02139382821 0)
(10.0457 0.02139382821 0)
(10.2108 0.02139382821 0)
(10.3759 0.02139382821 0)
(10.541 0.02139382821 0)
(10.7061 0.02139382821 0)
(10.8712 0.02139382821 0)
(11.0363 0.02139382821 0)
(11.2014 0.02139382821 0)
(11.3665 0.02139382821 0)
(11.5316 0.02139382821 0)
(11.6967 0.02139382821 0)
(11.8618 0.02139382821 0)
(12.0269 0.02139382821 0)
(12.192 0.02139382821 0)
(0.4699 0.03048744892 0)
(0.635 0.03048744892 0)
(0.8001 0.03048744892 0)
(0.9652 0.03048744892 0)
(1.1303 0.03048744892 0)
(1.2954 0.03048744892 0)
(1.4605 0.03048744892 0)
(1.6256 0.03048744892 0)
(1.7907 0.03048744892 0)
(1.9558 0.03048744892 0)
(2.1209 0.03048744892 0)
(2.286 0.03048744892 0)
(2.4511 0.03048744892 0)
(2.6162 0.03048744892 0)
(2.7813 0.03048744892 0)
(2.9464 0.03048744892 0)
(3.1115 0.03048744892 0)
(3.2766 0.03048744892 0)
(3.4417 0.03048744892 0)
(3.6068 0.03048744892 0)
(3.7719 0.03048744892 0)
(3.937 0.03048744892 0)
(4.1021 0.03048744892 0)
(4.2672 0.03048744892 0)
(4.4323 0.03048744892 0)
(4.5974 0.03048744892 0)
(4.7625 0.03048744892 0)
(4.9276 0.03048744892 0)
(5.0927 0.03048744892 0)
(5.2578 0.03048744892 0)
(5.4229 0.03048744892 0)
(5.588 0.03048744892 0)
(5.7531 0.03048744892 0)
(5.9182 0.03048744892 0)
(6.0833 0.03048744892 0)
(6.2484 0.03048744892 0)
(6.4135 0.03048744892 0)
(6.5786 0.03048744892 0)
(6.7437 0.03048744892 0)
(6.9088 0.03048744892 0)
(7.0739 0.03048744892 0)
(7.239 0.03048744892 0)
(7.4041 0.03048744892 0)
(7.5692 0.03048744892 0)
(7.7343 0.03048744892 0)
(7.8994 0.03048744892 0)
(8.0645 0.03048744892 0)
(8.2296 0.03048744892 0)
(8.3947 0.03048744892 0)
(8.5598 0.03048744892 0)
(8.7249 0.03048744892 0)
(8.89 0.03048744892 0)
(9.0551 0.03048744892 0)
(9.2202 0.03048744892 0)
(9.3853 0.03048744892 0)
(9.5504 0.03048744892 0)
(9.7155 0.03048744892 0)
(9.8806 0.03048744892 0)
(10.0457 0.03048744892 0)
(10.2108 0.03048744892 0)
(10.3759 0.03048744892 0)
(10.541 0.03048744892 0)
(10.7061 0.03048744892 0)
(10.8712 0.03048744892 0)
(11.0363 0.03048744892 0)
(11.2014 0.03048744892 0)
(11.3665 0.03048744892 0)
(11.5316 0.03048744892 0)
(11.6967 0.03048744892 0)
(11.8618 0.03048744892 0)
(12.0269 0.03048744892 0)
(12.192 0.03048744892 0)
(0.4699 0.03865588351 0)
(0.635 0.03865588351 0)
(0.8001 0.03865588351 0)
(0.9652 0.03865588351 0)
(1.1303 0.03865588351 0)
(1.2954 0.03865588351 0)
(1.4605 0.03865588351 0)
(1.6256 0.03865588351 0)
(1.7907 0.03865588351 0)
(1.9558 0.03865588351 0)
(2.1209 0.03865588351 0)
(2.286 0.03865588351 0)
(2.4511 0.03865588351 0)
(2.6162 0.03865588351 0)
(2.7813 0.03865588351 0)
(2.9464 0.03865588351 0)
(3.1115 0.03865588351 0)
(3.2766 0.03865588351 0)
(3.4417 0.03865588351 0)
(3.6068 0.03865588351 0)
(3.7719 0.03865588351 0)
(3.937 0.03865588351 0)
(4.1021 0.03865588351 0)
(4.2672 0.03865588351 0)
(4.4323 0.03865588351 0)
(4.5974 0.03865588351 0)
(4.7625 0.03865588351 0)
(4.9276 0.03865588351 0)
(5.0927 0.03865588351 0)
(5.2578 0.03865588351 0)
(5.4229 0.03865588351 0)
(5.588 0.03865588351 0)
(5.7531 0.03865588351 0)
(5.9182 0.03865588351 0)
(6.0833 0.03865588351 0)
(6.2484 0.03865588351 0)
(6.4135 0.03865588351 0)
(6.5786 0.03865588351 0)
(6.7437 0.03865588351 0)
(6.9088 0.03865588351 0)
(7.0739 0.03865588351 0)
(7.239 0.03865588351 0)
(7.4041 0.03865588351 0)
(7.5692 0.03865588351 0)
(7.7343 0.03865588351 0)
(7.8994 0.03865588351 0)
(8.0645 0.03865588351 0)
(8.2296 0.03865588351 0)
(8.3947 0.03865588351 0)
(8.5598 0.03865588351 0)
(8.7249 0.03865588351 0)
(8.89 0.03865588351 0)
(9.0551 0.03865588351 0)
(9.2202 0.03865588351 0)
(9.3853 0.03865588351 0)
(9.5504 0.03865588351 0)
(9.7155 0.03865588351 0)
(9.8806 0.03865588351 0)
(10.0457 0.03865588351 0)
(10.2108 0.03865588351 0)
(10.3759 0.03865588351 0)
(10.541 0.03865588351 0)
(10.7061 0.03865588351 0)
(10.8712 0.03865588351 0)
(11.0363 0.03865588351 0)
(11.2014 0.03865588351 0)
(11.3665 0.03865588351 0)
(11.5316 0.03865588351 0)
(11.6967 0.03865588351 0)
(11.8618 0.03865588351 0)
(12.0269 0.03865588351 0)
(12.192 0.03865588351 0)
(0.4699 0.04599326053 0)
(0.635 0.04599326053 0)
(0.8001 0.04599326053 0)
(0.9652 0.04599326053 0)
(1.1303 0.04599326053 0)
(1.2954 0.04599326053 0)
(1.4605 0.04599326053 0)
(1.6256 0.04599326053 0)
(1.7907 0.04599326053 0)
(1.9558 0.04599326053 0)
(2.1209 0.04599326053 0)
(2.286 0.04599326053 0)
(2.4511 0.04599326053 0)
(2.6162 0.04599326053 0)
(2.7813 0.04599326053 0)
(2.9464 0.04599326053 0)
(3.1115 0.04599326053 0)
(3.2766 0.04599326053 0)
(3.4417 0.04599326053 0)
(3.6068 0.04599326053 0)
(3.7719 0.04599326053 0)
(3.937 0.04599326053 0)
(4.1021 0.04599326053 0)
(4.2672 0.04599326053 0)
(4.4323 0.04599326053 0)
(4.5974 0.04599326053 0)
(4.7625 0.04599326053 0)
(4.9276 0.04599326053 0)
(5.0927 0.04599326053 0)
(5.2578 0.04599326053 0)
(5.4229 0.04599326053 0)
(5.588 0.04599326053 0)
(5.7531 0.04599326053 0)
(5.9182 0.04599326053 0)
(6.0833 0.04599326053 0)
(6.2484 0.04599326053 0)
(6.4135 0.04599326053 0)
(6.5786 0.04599326053 0)
(6.7437 0.04599326053 0)
(6.9088 0.04599326053 0)
(7.0739 0.04599326053 0)
(7.239 0.04599326053 0)
(7.4041 0.04599326053 0)
(7.5692 0.04599326053 0)
(7.7343 0.04599326053 0)
(7.8994 0.04599326053 0)
(8.0645 0.04599326053 0)
(8.2296 0.04599326053 0)
(8.3947 0.04599326053 0)
(8.5598 0.04599326053 0)
(8.7249 0.04599326053 0)
(8.89 0.04599326053 0)
(9.0551 0.04599326053 0)
(9.2202 0.04599326053 0)
(9.3853 0.04599326053 0)
(9.5504 0.04599326053 0)
(9.7155 0.04599326053 0)
(9.8806 0.04599326053 0)
(10.0457 0.04599326053 0)
(10.2108 0.04599326053 0)
(10.3759 0.04599326053 0)
(10.541 0.04599326053 0)
(10.7061 0.04599326053 0)
(10.8712 0.04599326053 0)
(11.0363 0.04599326053 0)
(11.2014 0.04599326053 0)
(11.3665 0.04599326053 0)
(11.5316 0.04599326053 0)
(11.6967 0.04599326053 0)
(11.8618 0.04599326053 0)
(12.0269 0.04599326053 0)
(12.192 0.04599326053 0)
(0.4699 0.05258413189 0)
(0.635 0.05258413189 0)
(0.8001 0.05258413189 0)
(0.9652 0.05258413189 0)
(1.1303 0.05258413189 0)
(1.2954 0.05258413189 0)
(1.4605 0.05258413189 0)
(1.6256 0.05258413189 0)
(1.7907 0.05258413189 0)
(1.9558 0.05258413189 0)
(2.1209 0.05258413189 0)
(2.286 0.05258413189 0)
(2.4511 0.05258413189 0)
(2.6162 0.05258413189 0)
(2.7813 0.05258413189 0)
(2.9464 0.05258413189 0)
(3.1115 0.05258413189 0)
(3.2766 0.05258413189 0)
(3.4417 0.05258413189 0)
(3.6068 0.05258413189 0)
(3.7719 0.05258413189 0)
(3.937 0.05258413189 0)
(4.1021 0.05258413189 0)
(4.2672 0.05258413189 0)
(4.4323 0.05258413189 0)
(4.5974 0.05258413189 0)
(4.7625 0.05258413189 0)
(4.9276 0.05258413189 0)
(5.0927 0.05258413189 0)
(5.2578 0.05258413189 0)
(5.4229 0.05258413189 0)
(5.588 0.05258413189 0)
(5.7531 0.05258413189 0)
(5.9182 0.05258413189 0)
(6.0833 0.05258413189 0)
(6.2484 0.05258413189 0)
(6.4135 0.05258413189 0)
(6.5786 0.05258413189 0)
(6.7437 0.05258413189 0)
(6.9088 0.05258413189 0)
(7.0739 0.05258413189 0)
(7.239 0.05258413189 0)
(7.4041 0.05258413189 0)
(7.5692 0.05258413189 0)
(7.7343 0.05258413189 0)
(7.8994 0.05258413189 0)
(8.0645 0.05258413189 0)
(8.2296 0.05258413189 0)
(8.3947 0.05258413189 0)
(8.5598 0.05258413189 0)
(8.7249 0.05258413189 0)
(8.89 0.05258413189 0)
(9.0551 0.05258413189 0)
(9.2202 0.05258413189 0)
(9.3853 0.05258413189 0)
(9.5504 0.05258413189 0)
(9.7155 0.05258413189 0)
(9.8806 0.05258413189 0)
(10.0457 0.05258413189 0)
(10.2108 0.05258413189 0)
(10.3759 0.05258413189 0)
(10.541 0.05258413189 0)
(10.7061 0.05258413189 0)
(10.8712 0.05258413189 0)
(11.0363 0.05258413189 0)
(11.2014 0.05258413189 0)
(11.3665 0.05258413189 0)
(11.5316 0.05258413189 0)
(11.6967 0.05258413189 0)
(11.8618 0.05258413189 0)
(12.0269 0.05258413189 0)
(12.192 0.05258413189 0)
(0.4699 0.05850444717 0)
(0.635 0.05850444717 0)
(0.8001 0.05850444717 0)
(0.9652 0.05850444717 0)
(1.1303 0.05850444717 0)
(1.2954 0.05850444717 0)
(1.4605 0.05850444717 0)
(1.6256 0.05850444717 0)
(1.7907 0.05850444717 0)
(1.9558 0.05850444717 0)
(2.1209 0.05850444717 0)
(2.286 0.05850444717 0)
(2.4511 0.05850444717 0)
(2.6162 0.05850444717 0)
(2.7813 0.05850444717 0)
(2.9464 0.05850444717 0)
(3.1115 0.05850444717 0)
(3.2766 0.05850444717 0)
(3.4417 0.05850444717 0)
(3.6068 0.05850444717 0)
(3.7719 0.05850444717 0)
(3.937 0.05850444717 0)
(4.1021 0.05850444717 0)
(4.2672 0.05850444717 0)
(4.4323 0.05850444717 0)
(4.5974 0.05850444717 0)
(4.7625 0.05850444717 0)
(4.9276 0.05850444717 0)
(5.0927 0.05850444717 0)
(5.2578 0.05850444717 0)
(5.4229 0.05850444717 0)
(5.588 0.05850444717 0)
(5.7531 0.05850444717 0)
(5.9182 0.05850444717 0)
(6.0833 0.05850444717 0)
(6.2484 0.05850444717 0)
(6.4135 0.05850444717 0)
(6.5786 0.05850444717 0)
(6.7437 0.05850444717 0)
(6.9088 0.05850444717 0)
(7.0739 0.05850444717 0)
(7.239 0.05850444717 0)
(7.4041 0.05850444717 0)
(7.5692 0.05850444717 0)
(7.7343 0.05850444717 0)
(7.8994 0.05850444717 0)
(8.0645 0.05850444717 0)
(8.2296 0.05850444717 0)
(8.3947 0.05850444717 0)
(8.5598 0.05850444717 0)
(8.7249 0.05850444717 0)
(8.89 0.05850444717 0)
(9.0551 0.05850444717 0)
(9.2202 0.05850444717 0)
(9.3853 0.05850444717 0)
(9.5504 0.05850444717 0)
(9.7155 0.05850444717 0)
(9.8806 0.05850444717 0)
(10.0457 0.05850444717 0)
(10.2108 0.05850444717 0)
(10.3759 0.05850444717 0)
(10.541 0.05850444717 0)
(10.7061 0.05850444717 0)
(10.8712 0.05850444717 0)
(11.0363 0.05850444717 0)
(11.2014 0.05850444717 0)
(11.3665 0.05850444717 0)
(11.5316 0.05850444717 0)
(11.6967 0.05850444717 0)
(11.8618 0.05850444717 0)
(12.0269 0.05850444717 0)
(12.192 0.05850444717 0)
(0.4699 0.06382242882 0)
(0.635 0.06382242882 0)
(0.8001 0.06382242882 0)
(0.9652 0.06382242882 0)
(1.1303 0.06382242882 0)
(1.2954 0.06382242882 0)
(1.4605 0.06382242882 0)
(1.6256 0.06382242882 0)
(1.7907 0.06382242882 0)
(1.9558 0.06382242882 0)
(2.1209 0.06382242882 0)
(2.286 0.06382242882 0)
(2.4511 0.06382242882 0)
(2.6162 0.06382242882 0)
(2.7813 0.06382242882 0)
(2.9464 0.06382242882 0)
(3.1115 0.06382242882 0)
(3.2766 0.06382242882 0)
(3.4417 0.06382242882 0)
(3.6068 0.06382242882 0)
(3.7719 0.06382242882 0)
(3.937 0.06382242882 0)
(4.1021 0.06382242882 0)
(4.2672 0.06382242882 0)
(4.4323 0.06382242882 0)
(4.5974 0.06382242882 0)
(4.7625 0.06382242882 0)
(4.9276 0.06382242882 0)
(5.0927 0.06382242882 0)
(5.2578 0.06382242882 0)
(5.4229 0.06382242882 0)
(5.588 0.06382242882 0)
(5.7531 0.06382242882 0)
(5.9182 0.06382242882 0)
(6.0833 0.06382242882 0)
(6.2484 0.06382242882 0)
(6.4135 0.06382242882 0)
(6.5786 0.06382242882 0)
(6.7437 0.06382242882 0)
(6.9088 0.06382242882 0)
(7.0739 0.06382242882 0)
(7.239 0.06382242882 0)
(7.4041 0.06382242882 0)
(7.5692 0.06382242882 0)
(7.7343 0.06382242882 0)
(7.8994 0.06382242882 0)
(8.0645 0.06382242882 0)
(8.2296 0.06382242882 0)
(8.3947 0.06382242882 0)
(8.5598 0.06382242882 0)
(8.7249 0.06382242882 0)
(8.89 0.06382242882 0)
(9.0551 0.06382242882 0)
(9.2202 0.06382242882 0)
(9.3853 0.06382242882 0)
(9.5504 0.06382242882 0)
(9.7155 0.06382242882 0)
(9.8806 0.06382242882 0)
(10.0457 0.06382242882 0)
(10.2108 0.06382242882 0)
(10.3759 0.06382242882 0)
(10.541 0.06382242882 0)
(10.7061 0.06382242882 0)
(10.8712 0.06382242882 0)
(11.0363 0.06382242882 0)
(11.2014 0.06382242882 0)
(11.3665 0.06382242882 0)
(11.5316 0.06382242882 0)
(11.6967 0.06382242882 0)
(11.8618 0.06382242882 0)
(12.0269 0.06382242882 0)
(12.192 0.06382242882 0)
(0.4699 0.06859935835 0)
(0.635 0.06859935835 0)
(0.8001 0.06859935835 0)
(0.9652 0.06859935835 0)
(1.1303 0.06859935835 0)
(1.2954 0.06859935835 0)
(1.4605 0.06859935835 0)
(1.6256 0.06859935835 0)
(1.7907 0.06859935835 0)
(1.9558 0.06859935835 0)
(2.1209 0.06859935835 0)
(2.286 0.06859935835 0)
(2.4511 0.06859935835 0)
(2.6162 0.06859935835 0)
(2.7813 0.06859935835 0)
(2.9464 0.06859935835 0)
(3.1115 0.06859935835 0)
(3.2766 0.06859935835 0)
(3.4417 0.06859935835 0)
(3.6068 0.06859935835 0)
(3.7719 0.06859935835 0)
(3.937 0.06859935835 0)
(4.1021 0.06859935835 0)
(4.2672 0.06859935835 0)
(4.4323 0.06859935835 0)
(4.5974 0.06859935835 0)
(4.7625 0.06859935835 0)
(4.9276 0.06859935835 0)
(5.0927 0.06859935835 0)
(5.2578 0.06859935835 0)
(5.4229 0.06859935835 0)
(5.588 0.06859935835 0)
(5.7531 0.06859935835 0)
(5.9182 0.06859935835 0)
(6.0833 0.06859935835 0)
(6.2484 0.06859935835 0)
(6.4135 0.06859935835 0)
(6.5786 0.06859935835 0)
(6.7437 0.06859935835 0)
(6.9088 0.06859935835 0)
(7.0739 0.06859935835 0)
(7.239 0.06859935835 0)
(7.4041 0.06859935835 0)
(7.5692 0.06859935835 0)
(7.7343 0.06859935835 0)
(7.8994 0.06859935835 0)
(8.0645 0.06859935835 0)
(8.2296 0.06859935835 0)
(8.3947 0.06859935835 0)
(8.5598 0.06859935835 0)
(8.7249 0.06859935835 0)
(8.89 0.06859935835 0)
(9.0551 0.06859935835 0)
(9.2202 0.06859935835 0)
(9.3853 0.06859935835 0)
(9.5504 0.06859935835 0)
(9.7155 0.06859935835 0)
(9.8806 0.06859935835 0)
(10.0457 0.06859935835 0)
(10.2108 0.06859935835 0)
(10.3759 0.06859935835 0)
(10.541 0.06859935835 0)
(10.7061 0.06859935835 0)
(10.8712 0.06859935835 0)
(11.0363 0.06859935835 0)
(11.2014 0.06859935835 0)
(11.3665 0.06859935835 0)
(11.5316 0.06859935835 0)
(11.6967 0.06859935835 0)
(11.8618 0.06859935835 0)
(12.0269 0.06859935835 0)
(12.192 0.06859935835 0)
(0.4699 0.07289028246 0)
(0.635 0.07289028246 0)
(0.8001 0.07289028246 0)
(0.9652 0.07289028246 0)
(1.1303 0.07289028246 0)
(1.2954 0.07289028246 0)
(1.4605 0.07289028246 0)
(1.6256 0.07289028246 0)
(1.7907 0.07289028246 0)
(1.9558 0.07289028246 0)
(2.1209 0.07289028246 0)
(2.286 0.07289028246 0)
(2.4511 0.07289028246 0)
(2.6162 0.07289028246 0)
(2.7813 0.07289028246 0)
(2.9464 0.07289028246 0)
(3.1115 0.07289028246 0)
(3.2766 0.07289028246 0)
(3.4417 0.07289028246 0)
(3.6068 0.07289028246 0)
(3.7719 0.07289028246 0)
(3.937 0.07289028246 0)
(4.1021 0.07289028246 0)
(4.2672 0.07289028246 0)
(4.4323 0.07289028246 0)
(4.5974 0.07289028246 0)
(4.7625 0.07289028246 0)
(4.9276 0.07289028246 0)
(5.0927 0.07289028246 0)
(5.2578 0.07289028246 0)
(5.4229 0.07289028246 0)
(5.588 0.07289028246 0)
(5.7531 0.07289028246 0)
(5.9182 0.07289028246 0)
(6.0833 0.07289028246 0)
(6.2484 0.07289028246 0)
(6.4135 0.07289028246 0)
(6.5786 0.07289028246 0)
(6.7437 0.07289028246 0)
(6.9088 0.07289028246 0)
(7.0739 0.07289028246 0)
(7.239 0.07289028246 0)
(7.4041 0.07289028246 0)
(7.5692 0.07289028246 0)
(7.7343 0.07289028246 0)
(7.8994 0.07289028246 0)
(8.0645 0.07289028246 0)
(8.2296 0.07289028246 0)
(8.3947 0.07289028246 0)
(8.5598 0.07289028246 0)
(8.7249 0.07289028246 0)
(8.89 0.07289028246 0)
(9.0551 0.07289028246 0)
(9.2202 0.07289028246 0)
(9.3853 0.07289028246 0)
(9.5504 0.07289028246 0)
(9.7155 0.07289028246 0)
(9.8806 0.07289028246 0)
(10.0457 0.07289028246 0)
(10.2108 0.07289028246 0)
(10.3759 0.07289028246 0)
(10.541 0.07289028246 0)
(10.7061 0.07289028246 0)
(10.8712 0.07289028246 0)
(11.0363 0.07289028246 0)
(11.2014 0.07289028246 0)
(11.3665 0.07289028246 0)
(11.5316 0.07289028246 0)
(11.6967 0.07289028246 0)
(11.8618 0.07289028246 0)
(12.0269 0.07289028246 0)
(12.192 0.07289028246 0)
(0.4699 0.07674464742 0)
(0.635 0.07674464742 0)
(0.8001 0.07674464742 0)
(0.9652 0.07674464742 0)
(1.1303 0.07674464742 0)
(1.2954 0.07674464742 0)
(1.4605 0.07674464742 0)
(1.6256 0.07674464742 0)
(1.7907 0.07674464742 0)
(1.9558 0.07674464742 0)
(2.1209 0.07674464742 0)
(2.286 0.07674464742 0)
(2.4511 0.07674464742 0)
(2.6162 0.07674464742 0)
(2.7813 0.07674464742 0)
(2.9464 0.07674464742 0)
(3.1115 0.07674464742 0)
(3.2766 0.07674464742 0)
(3.4417 0.07674464742 0)
(3.6068 0.07674464742 0)
(3.7719 0.07674464742 0)
(3.937 0.07674464742 0)
(4.1021 0.07674464742 0)
(4.2672 0.07674464742 0)
(4.4323 0.07674464742 0)
(4.5974 0.07674464742 0)
(4.7625 0.07674464742 0)
(4.9276 0.07674464742 0)
(5.0927 0.07674464742 0)
(5.2578 0.07674464742 0)
(5.4229 0.07674464742 0)
(5.588 0.07674464742 0)
(5.7531 0.07674464742 0)
(5.9182 0.07674464742 0)
(6.0833 0.07674464742 0)
(6.2484 0.07674464742 0)
(6.4135 0.07674464742 0)
(6.5786 0.07674464742 0)
(6.7437 0.07674464742 0)
(6.9088 0.07674464742 0)
(7.0739 0.07674464742 0)
(7.239 0.07674464742 0)
(7.4041 0.07674464742 0)
(7.5692 0.07674464742 0)
(7.7343 0.07674464742 0)
(7.8994 0.07674464742 0)
(8.0645 0.07674464742 0)
(8.2296 0.07674464742 0)
(8.3947 0.07674464742 0)
(8.5598 0.07674464742 0)
(8.7249 0.07674464742 0)
(8.89 0.07674464742 0)
(9.0551 0.07674464742 0)
(9.2202 0.07674464742 0)
(9.3853 0.07674464742 0)
(9.5504 0.07674464742 0)
(9.7155 0.07674464742 0)
(9.8806 0.07674464742 0)
(10.0457 0.07674464742 0)
(10.2108 0.07674464742 0)
(10.3759 0.07674464742 0)
(10.541 0.07674464742 0)
(10.7061 0.07674464742 0)
(10.8712 0.07674464742 0)
(11.0363 0.07674464742 0)
(11.2014 0.07674464742 0)
(11.3665 0.07674464742 0)
(11.5316 0.07674464742 0)
(11.6967 0.07674464742 0)
(11.8618 0.07674464742 0)
(12.0269 0.07674464742 0)
(12.192 0.07674464742 0)
(0.4699 0.08020686879 0)
(0.635 0.08020686879 0)
(0.8001 0.08020686879 0)
(0.9652 0.08020686879 0)
(1.1303 0.08020686879 0)
(1.2954 0.08020686879 0)
(1.4605 0.08020686879 0)
(1.6256 0.08020686879 0)
(1.7907 0.08020686879 0)
(1.9558 0.08020686879 0)
(2.1209 0.08020686879 0)
(2.286 0.08020686879 0)
(2.4511 0.08020686879 0)
(2.6162 0.08020686879 0)
(2.7813 0.08020686879 0)
(2.9464 0.08020686879 0)
(3.1115 0.08020686879 0)
(3.2766 0.08020686879 0)
(3.4417 0.08020686879 0)
(3.6068 0.08020686879 0)
(3.7719 0.08020686879 0)
(3.937 0.08020686879 0)
(4.1021 0.08020686879 0)
(4.2672 0.08020686879 0)
(4.4323 0.08020686879 0)
(4.5974 0.08020686879 0)
(4.7625 0.08020686879 0)
(4.9276 0.08020686879 0)
(5.0927 0.08020686879 0)
(5.2578 0.08020686879 0)
(5.4229 0.08020686879 0)
(5.588 0.08020686879 0)
(5.7531 0.08020686879 0)
(5.9182 0.08020686879 0)
(6.0833 0.08020686879 0)
(6.2484 0.08020686879 0)
(6.4135 0.08020686879 0)
(6.5786 0.08020686879 0)
(6.7437 0.08020686879 0)
(6.9088 0.08020686879 0)
(7.0739 0.08020686879 0)
(7.239 0.08020686879 0)
(7.4041 0.08020686879 0)
(7.5692 0.08020686879 0)
(7.7343 0.08020686879 0)
(7.8994 0.08020686879 0)
(8.0645 0.08020686879 0)
(8.2296 0.08020686879 0)
(8.3947 0.08020686879 0)
(8.5598 0.08020686879 0)
(8.7249 0.08020686879 0)
(8.89 0.08020686879 0)
(9.0551 0.08020686879 0)
(9.2202 0.08020686879 0)
(9.3853 0.08020686879 0)
(9.5504 0.08020686879 0)
(9.7155 0.08020686879 0)
(9.8806 0.08020686879 0)
(10.0457 0.08020686879 0)
(10.2108 0.08020686879 0)
(10.3759 0.08020686879 0)
(10.541 0.08020686879 0)
(10.7061 0.08020686879 0)
(10.8712 0.08020686879 0)
(11.0363 0.08020686879 0)
(11.2014 0.08020686879 0)
(11.3665 0.08020686879 0)
(11.5316 0.08020686879 0)
(11.6967 0.08020686879 0)
(11.8618 0.08020686879 0)
(12.0269 0.08020686879 0)
(12.192 0.08020686879 0)
(0.4699 0.08331684333 0)
(0.635 0.08331684333 0)
(0.8001 0.08331684333 0)
(0.9652 0.08331684333 0)
(1.1303 0.08331684333 0)
(1.2954 0.08331684333 0)
(1.4605 0.08331684333 0)
(1.6256 0.08331684333 0)
(1.7907 0.08331684333 0)
(1.9558 0.08331684333 0)
(2.1209 0.08331684333 0)
(2.286 0.08331684333 0)
(2.4511 0.08331684333 0)
(2.6162 0.08331684333 0)
(2.7813 0.08331684333 0)
(2.9464 0.08331684333 0)
(3.1115 0.08331684333 0)
(3.2766 0.08331684333 0)
(3.4417 0.08331684333 0)
(3.6068 0.08331684333 0)
(3.7719 0.08331684333 0)
(3.937 0.08331684333 0)
(4.1021 0.08331684333 0)
(4.2672 0.08331684333 0)
(4.4323 0.08331684333 0)
(4.5974 0.08331684333 0)
(4.7625 0.08331684333 0)
(4.9276 0.08331684333 0)
(5.0927 0.08331684333 0)
(5.2578 0.08331684333 0)
(5.4229 0.08331684333 0)
(5.588 0.08331684333 0)
(5.7531 0.08331684333 0)
(5.9182 0.08331684333 0)
(6.0833 0.08331684333 0)
(6.2484 0.08331684333 0)
(6.4135 0.08331684333 0)
(6.5786 0.08331684333 0)
(6.7437 0.08331684333 0)
(6.9088 0.08331684333 0)
(7.0739 0.08331684333 0)
(7.239 0.08331684333 0)
(7.4041 0.08331684333 0)
(7.5692 0.08331684333 0)
(7.7343 0.08331684333 0)
(7.8994 0.08331684333 0)
(8.0645 0.08331684333 0)
(8.2296 0.08331684333 0)
(8.3947 0.08331684333 0)
(8.5598 0.08331684333 0)
(8.7249 0.08331684333 0)
(8.89 0.08331684333 0)
(9.0551 0.08331684333 0)
(9.2202 0.08331684333 0)
(9.3853 0.08331684333 0)
(9.5504 0.08331684333 0)
(9.7155 0.08331684333 0)
(9.8806 0.08331684333 0)
(10.0457 0.08331684333 0)
(10.2108 0.08331684333 0)
(10.3759 0.08331684333 0)
(10.541 0.08331684333 0)
(10.7061 0.08331684333 0)
(10.8712 0.08331684333 0)
(11.0363 0.08331684333 0)
(11.2014 0.08331684333 0)
(11.3665 0.08331684333 0)
(11.5316 0.08331684333 0)
(11.6967 0.08331684333 0)
(11.8618 0.08331684333 0)
(12.0269 0.08331684333 0)
(12.192 0.08331684333 0)
(0.4699 0.08611040866 0)
(0.635 0.08611040866 0)
(0.8001 0.08611040866 0)
(0.9652 0.08611040866 0)
(1.1303 0.08611040866 0)
(1.2954 0.08611040866 0)
(1.4605 0.08611040866 0)
(1.6256 0.08611040866 0)
(1.7907 0.08611040866 0)
(1.9558 0.08611040866 0)
(2.1209 0.08611040866 0)
(2.286 0.08611040866 0)
(2.4511 0.08611040866 0)
(2.6162 0.08611040866 0)
(2.7813 0.08611040866 0)
(2.9464 0.08611040866 0)
(3.1115 0.08611040866 0)
(3.2766 0.08611040866 0)
(3.4417 0.08611040866 0)
(3.6068 0.08611040866 0)
(3.7719 0.08611040866 0)
(3.937 0.08611040866 0)
(4.1021 0.08611040866 0)
(4.2672 0.08611040866 0)
(4.4323 0.08611040866 0)
(4.5974 0.08611040866 0)
(4.7625 0.08611040866 0)
(4.9276 0.08611040866 0)
(5.0927 0.08611040866 0)
(5.2578 0.08611040866 0)
(5.4229 0.08611040866 0)
(5.588 0.08611040866 0)
(5.7531 0.08611040866 0)
(5.9182 0.08611040866 0)
(6.0833 0.08611040866 0)
(6.2484 0.08611040866 0)
(6.4135 0.08611040866 0)
(6.5786 0.08611040866 0)
(6.7437 0.08611040866 0)
(6.9088 0.08611040866 0)
(7.0739 0.08611040866 0)
(7.239 0.08611040866 0)
(7.4041 0.08611040866 0)
(7.5692 0.08611040866 0)
(7.7343 0.08611040866 0)
(7.8994 0.08611040866 0)
(8.0645 0.08611040866 0)
(8.2296 0.08611040866 0)
(8.3947 0.08611040866 0)
(8.5598 0.08611040866 0)
(8.7249 0.08611040866 0)
(8.89 0.08611040866 0)
(9.0551 0.08611040866 0)
(9.2202 0.08611040866 0)
(9.3853 0.08611040866 0)
(9.5504 0.08611040866 0)
(9.7155 0.08611040866 0)
(9.8806 0.08611040866 0)
(10.0457 0.08611040866 0)
(10.2108 0.08611040866 0)
(10.3759 0.08611040866 0)
(10.541 0.08611040866 0)
(10.7061 0.08611040866 0)
(10.8712 0.08611040866 0)
(11.0363 0.08611040866 0)
(11.2014 0.08611040866 0)
(11.3665 0.08611040866 0)
(11.5316 0.08611040866 0)
(11.6967 0.08611040866 0)
(11.8618 0.08611040866 0)
(12.0269 0.08611040866 0)
(12.192 0.08611040866 0)
(0.4699 0.08861975631 0)
(0.635 0.08861975631 0)
(0.8001 0.08861975631 0)
(0.9652 0.08861975631 0)
(1.1303 0.08861975631 0)
(1.2954 0.08861975631 0)
(1.4605 0.08861975631 0)
(1.6256 0.08861975631 0)
(1.7907 0.08861975631 0)
(1.9558 0.08861975631 0)
(2.1209 0.08861975631 0)
(2.286 0.08861975631 0)
(2.4511 0.08861975631 0)
(2.6162 0.08861975631 0)
(2.7813 0.08861975631 0)
(2.9464 0.08861975631 0)
(3.1115 0.08861975631 0)
(3.2766 0.08861975631 0)
(3.4417 0.08861975631 0)
(3.6068 0.08861975631 0)
(3.7719 0.08861975631 0)
(3.937 0.08861975631 0)
(4.1021 0.08861975631 0)
(4.2672 0.08861975631 0)
(4.4323 0.08861975631 0)
(4.5974 0.08861975631 0)
(4.7625 0.08861975631 0)
(4.9276 0.08861975631 0)
(5.0927 0.08861975631 0)
(5.2578 0.08861975631 0)
(5.4229 0.08861975631 0)
(5.588 0.08861975631 0)
(5.7531 0.08861975631 0)
(5.9182 0.08861975631 0)
(6.0833 0.08861975631 0)
(6.2484 0.08861975631 0)
(6.4135 0.08861975631 0)
(6.5786 0.08861975631 0)
(6.7437 0.08861975631 0)
(6.9088 0.08861975631 0)
(7.0739 0.08861975631 0)
(7.239 0.08861975631 0)
(7.4041 0.08861975631 0)
(7.5692 0.08861975631 0)
(7.7343 0.08861975631 0)
(7.8994 0.08861975631 0)
(8.0645 0.08861975631 0)
(8.2296 0.08861975631 0)
(8.3947 0.08861975631 0)
(8.5598 0.08861975631 0)
(8.7249 0.08861975631 0)
(8.89 0.08861975631 0)
(9.0551 0.08861975631 0)
(9.2202 0.08861975631 0)
(9.3853 0.08861975631 0)
(9.5504 0.08861975631 0)
(9.7155 0.08861975631 0)
(9.8806 0.08861975631 0)
(10.0457 0.08861975631 0)
(10.2108 0.08861975631 0)
(10.3759 0.08861975631 0)
(10.541 0.08861975631 0)
(10.7061 0.08861975631 0)
(10.8712 0.08861975631 0)
(11.0363 0.08861975631 0)
(11.2014 0.08861975631 0)
(11.3665 0.08861975631 0)
(11.5316 0.08861975631 0)
(11.6967 0.08861975631 0)
(11.8618 0.08861975631 0)
(12.0269 0.08861975631 0)
(12.192 0.08861975631 0)
(0.4699 0.09087380261 0)
(0.635 0.09087380261 0)
(0.8001 0.09087380261 0)
(0.9652 0.09087380261 0)
(1.1303 0.09087380261 0)
(1.2954 0.09087380261 0)
(1.4605 0.09087380261 0)
(1.6256 0.09087380261 0)
(1.7907 0.09087380261 0)
(1.9558 0.09087380261 0)
(2.1209 0.09087380261 0)
(2.286 0.09087380261 0)
(2.4511 0.09087380261 0)
(2.6162 0.09087380261 0)
(2.7813 0.09087380261 0)
(2.9464 0.09087380261 0)
(3.1115 0.09087380261 0)
(3.2766 0.09087380261 0)
(3.4417 0.09087380261 0)
(3.6068 0.09087380261 0)
(3.7719 0.09087380261 0)
(3.937 0.09087380261 0)
(4.1021 0.09087380261 0)
(4.2672 0.09087380261 0)
(4.4323 0.09087380261 0)
(4.5974 0.09087380261 0)
(4.7625 0.09087380261 0)
(4.9276 0.09087380261 0)
(5.0927 0.09087380261 0)
(5.2578 0.09087380261 0)
(5.4229 0.09087380261 0)
(5.588 0.09087380261 0)
(5.7531 0.09087380261 0)
(5.9182 0.09087380261 0)
(6.0833 0.09087380261 0)
(6.2484 0.09087380261 0)
(6.4135 0.09087380261 0)
(6.5786 0.09087380261 0)
(6.7437 0.09087380261 0)
(6.9088 0.09087380261 0)
(7.0739 0.09087380261 0)
(7.239 0.09087380261 0)
(7.4041 0.09087380261 0)
(7.5692 0.09087380261 0)
(7.7343 0.09087380261 0)
(7.8994 0.09087380261 0)
(8.0645 0.09087380261 0)
(8.2296 0.09087380261 0)
(8.3947 0.09087380261 0)
(8.5598 0.09087380261 0)
(8.7249 0.09087380261 0)
(8.89 0.09087380261 0)
(9.0551 0.09087380261 0)
(9.2202 0.09087380261 0)
(9.3853 0.09087380261 0)
(9.5504 0.09087380261 0)
(9.7155 0.09087380261 0)
(9.8806 0.09087380261 0)
(10.0457 0.09087380261 0)
(10.2108 0.09087380261 0)
(10.3759 0.09087380261 0)
(10.541 0.09087380261 0)
(10.7061 0.09087380261 0)
(10.8712 0.09087380261 0)
(11.0363 0.09087380261 0)
(11.2014 0.09087380261 0)
(11.3665 0.09087380261 0)
(11.5316 0.09087380261 0)
(11.6967 0.09087380261 0)
(11.8618 0.09087380261 0)
(12.0269 0.09087380261 0)
(12.192 0.09087380261 0)
(0.4699 0 0.0254)
(0.635 0 0.0254)
(0.8001 0 0.0254)
(0.9652 0 0.0254)
(1.1303 0 0.0254)
(1.2954 0 0.0254)
(1.4605 0 0.0254)
(1.6256 0 0.0254)
(1.7907 0 0.0254)
(1.9558 0 0.0254)
(2.1209 0 0.0254)
(2.286 0 0.0254)
(2.4511 0 0.0254)
(2.6162 0 0.0254)
(2.7813 0 0.0254)
(2.9464 0 0.0254)
(3.1115 0 0.0254)
(3.2766 0 0.0254)
(3.4417 0 0.0254)
(3.6068 0 0.0254)
(3.7719 0 0.0254)
(3.937 0 0.0254)
(4.1021 0 0.0254)
(4.2672 0 0.0254)
(4.4323 0 0.0254)
(4.5974 0 0.0254)
(4.7625 0 0.0254)
(4.9276 0 0.0254)
(5.0927 0 0.0254)
(5.2578 0 0.0254)
(5.4229 0 0.0254)
(5.588 0 0.0254)
(5.7531 0 0.0254)
(5.9182 0 0.0254)
(6.0833 0 0.0254)
(6.2484 0 0.0254)
(6.4135 0 0.0254)
(6.5786 0 0.0254)
(6.7437 0 0.0254)
(6.9088 0 0.0254)
(7.0739 0 0.0254)
(7.239 0 0.0254)
(7.4041 0 0.0254)
(7.5692 0 0.0254)
(7.7343 0 0.0254)
(7.8994 0 0.0254)
(8.0645 0 0.0254)
(8.2296 0 0.0254)
(8.3947 0 0.0254)
(8.5598 0 0.0254)
(8.7249 0 0.0254)
(8.89 0 0.0254)
(9.0551 0 0.0254)
(9.2202 0 0.0254)
(9.3853 0 0.0254)
(9.5504 0 0.0254)
(9.7155 0 0.0254)
(9.8806 0 0.0254)
(10.0457 0 0.0254)
(10.2108 0 0.0254)
(10.3759 0 0.0254)
(10.541 0 0.0254)
(10.7061 0 0.0254)
(10.8712 0 0.0254)
(11.0363 0 0.0254)
(11.2014 0 0.0254)
(11.3665 0 0.0254)
(11.5316 0 0.0254)
(11.6967 0 0.0254)
(11.8618 0 0.0254)
(12.0269 0 0.0254)
(12.192 0 0.0254)
(0.4699 0.01127023149 0.0254)
(0.635 0.01127023149 0.0254)
(0.8001 0.01127023149 0.0254)
(0.9652 0.01127023149 0.0254)
(1.1303 0.01127023149 0.0254)
(1.2954 0.01127023149 0.0254)
(1.4605 0.01127023149 0.0254)
(1.6256 0.01127023149 0.0254)
(1.7907 0.01127023149 0.0254)
(1.9558 0.01127023149 0.0254)
(2.1209 0.01127023149 0.0254)
(2.286 0.01127023149 0.0254)
(2.4511 0.01127023149 0.0254)
(2.6162 0.01127023149 0.0254)
(2.7813 0.01127023149 0.0254)
(2.9464 0.01127023149 0.0254)
(3.1115 0.01127023149 0.0254)
(3.2766 0.01127023149 0.0254)
(3.4417 0.01127023149 0.0254)
(3.6068 0.01127023149 0.0254)
(3.7719 0.01127023149 0.0254)
(3.937 0.01127023149 0.0254)
(4.1021 0.01127023149 0.0254)
(4.2672 0.01127023149 0.0254)
(4.4323 0.01127023149 0.0254)
(4.5974 0.01127023149 0.0254)
(4.7625 0.01127023149 0.0254)
(4.9276 0.01127023149 0.0254)
(5.0927 0.01127023149 0.0254)
(5.2578 0.01127023149 0.0254)
(5.4229 0.01127023149 0.0254)
(5.588 0.01127023149 0.0254)
(5.7531 0.01127023149 0.0254)
(5.9182 0.01127023149 0.0254)
(6.0833 0.01127023149 0.0254)
(6.2484 0.01127023149 0.0254)
(6.4135 0.01127023149 0.0254)
(6.5786 0.01127023149 0.0254)
(6.7437 0.01127023149 0.0254)
(6.9088 0.01127023149 0.0254)
(7.0739 0.01127023149 0.0254)
(7.239 0.01127023149 0.0254)
(7.4041 0.01127023149 0.0254)
(7.5692 0.01127023149 0.0254)
(7.7343 0.01127023149 0.0254)
(7.8994 0.01127023149 0.0254)
(8.0645 0.01127023149 0.0254)
(8.2296 0.01127023149 0.0254)
(8.3947 0.01127023149 0.0254)
(8.5598 0.01127023149 0.0254)
(8.7249 0.01127023149 0.0254)
(8.89 0.01127023149 0.0254)
(9.0551 0.01127023149 0.0254)
(9.2202 0.01127023149 0.0254)
(9.3853 0.01127023149 0.0254)
(9.5504 0.01127023149 0.0254)
(9.7155 0.01127023149 0.0254)
(9.8806 0.01127023149 0.0254)
(10.0457 0.01127023149 0.0254)
(10.2108 0.01127023149 0.0254)
(10.3759 0.01127023149 0.0254)
(10.541 0.01127023149 0.0254)
(10.7061 0.01127023149 0.0254)
(10.8712 0.01127023149 0.0254)
(11.0363 0.01127023149 0.0254)
(11.2014 0.01127023149 0.0254)
(11.3665 0.01127023149 0.0254)
(11.5316 0.01127023149 0.0254)
(11.6967 0.01127023149 0.0254)
(11.8618 0.01127023149 0.0254)
(12.0269 0.01127023149 0.0254)
(12.192 0.01127023149 0.0254)
(0.4699 0.02139382821 0.0254)
(0.635 0.02139382821 0.0254)
(0.8001 0.02139382821 0.0254)
(0.9652 0.02139382821 0.0254)
(1.1303 0.02139382821 0.0254)
(1.2954 0.02139382821 0.0254)
(1.4605 0.02139382821 0.0254)
(1.6256 0.02139382821 0.0254)
(1.7907 0.02139382821 0.0254)
(1.9558 0.02139382821 0.0254)
(2.1209 0.02139382821 0.0254)
(2.286 0.02139382821 0.0254)
(2.4511 0.02139382821 0.0254)
(2.6162 0.02139382821 0.0254)
(2.7813 0.02139382821 0.0254)
(2.9464 0.02139382821 0.0254)
(3.1115 0.02139382821 0.0254)
(3.2766 0.02139382821 0.0254)
(3.4417 0.02139382821 0.0254)
(3.6068 0.02139382821 0.0254)
(3.7719 0.02139382821 0.0254)
(3.937 0.02139382821 0.0254)
(4.1021 0.02139382821 0.0254)
(4.2672 0.02139382821 0.0254)
(4.4323 0.02139382821 0.0254)
(4.5974 0.02139382821 0.0254)
(4.7625 0.02139382821 0.0254)
(4.9276 0.02139382821 0.0254)
(5.0927 0.02139382821 0.0254)
(5.2578 0.02139382821 0.0254)
(5.4229 0.02139382821 0.0254)
(5.588 0.02139382821 0.0254)
(5.7531 0.02139382821 0.0254)
(5.9182 0.02139382821 0.0254)
(6.0833 0.02139382821 0.0254)
(6.2484 0.02139382821 0.0254)
(6.4135 0.02139382821 0.0254)
(6.5786 0.02139382821 0.0254)
(6.7437 0.02139382821 0.0254)
(6.9088 0.02139382821 0.0254)
(7.0739 0.02139382821 0.0254)
(7.239 0.02139382821 0.0254)
(7.4041 0.02139382821 0.0254)
(7.5692 0.02139382821 0.0254)
(7.7343 0.02139382821 0.0254)
(7.8994 0.02139382821 0.0254)
(8.0645 0.02139382821 0.0254)
(8.2296 0.02139382821 0.0254)
(8.3947 0.02139382821 0.0254)
(8.5598 0.02139382821 0.0254)
(8.7249 0.02139382821 0.0254)
(8.89 0.02139382821 0.0254)
(9.0551 0.02139382821 0.0254)
(9.2202 0.02139382821 0.0254)
(9.3853 0.02139382821 0.0254)
(9.5504 0.02139382821 0.0254)
(9.7155 0.02139382821 0.0254)
(9.8806 0.02139382821 0.0254)
(10.0457 0.02139382821 0.0254)
(10.2108 0.02139382821 0.0254)
(10.3759 0.02139382821 0.0254)
(10.541 0.02139382821 0.0254)
(10.7061 0.02139382821 0.0254)
(10.8712 0.02139382821 0.0254)
(11.0363 0.02139382821 0.0254)
(11.2014 0.02139382821 0.0254)
(11.3665 0.02139382821 0.0254)
(11.5316 0.02139382821 0.0254)
(11.6967 0.02139382821 0.0254)
(11.8618 0.02139382821 0.0254)
(12.0269 0.02139382821 0.0254)
(12.192 0.02139382821 0.0254)
(0.4699 0.03048744892 0.0254)
(0.635 0.03048744892 0.0254)
(0.8001 0.03048744892 0.0254)
(0.9652 0.03048744892 0.0254)
(1.1303 0.03048744892 0.0254)
(1.2954 0.03048744892 0.0254)
(1.4605 0.03048744892 0.0254)
(1.6256 0.03048744892 0.0254)
(1.7907 0.03048744892 0.0254)
(1.9558 0.03048744892 0.0254)
(2.1209 0.03048744892 0.0254)
(2.286 0.03048744892 0.0254)
(2.4511 0.03048744892 0.0254)
(2.6162 0.03048744892 0.0254)
(2.7813 0.03048744892 0.0254)
(2.9464 0.03048744892 0.0254)
(3.1115 0.03048744892 0.0254)
(3.2766 0.03048744892 0.0254)
(3.4417 0.03048744892 0.0254)
(3.6068 0.03048744892 0.0254)
(3.7719 0.03048744892 0.0254)
(3.937 0.03048744892 0.0254)
(4.1021 0.03048744892 0.0254)
(4.2672 0.03048744892 0.0254)
(4.4323 0.03048744892 0.0254)
(4.5974 0.03048744892 0.0254)
(4.7625 0.03048744892 0.0254)
(4.9276 0.03048744892 0.0254)
(5.0927 0.03048744892 0.0254)
(5.2578 0.03048744892 0.0254)
(5.4229 0.03048744892 0.0254)
(5.588 0.03048744892 0.0254)
(5.7531 0.03048744892 0.0254)
(5.9182 0.03048744892 0.0254)
(6.0833 0.03048744892 0.0254)
(6.2484 0.03048744892 0.0254)
(6.4135 0.03048744892 0.0254)
(6.5786 0.03048744892 0.0254)
(6.7437 0.03048744892 0.0254)
(6.9088 0.03048744892 0.0254)
(7.0739 0.03048744892 0.0254)
(7.239 0.03048744892 0.0254)
(7.4041 0.03048744892 0.0254)
(7.5692 0.03048744892 0.0254)
(7.7343 0.03048744892 0.0254)
(7.8994 0.03048744892 0.0254)
(8.0645 0.03048744892 0.0254)
(8.2296 0.03048744892 0.0254)
(8.3947 0.03048744892 0.0254)
(8.5598 0.03048744892 0.0254)
(8.7249 0.03048744892 0.0254)
(8.89 0.03048744892 0.0254)
(9.0551 0.03048744892 0.0254)
(9.2202 0.03048744892 0.0254)
(9.3853 0.03048744892 0.0254)
(9.5504 0.03048744892 0.0254)
(9.7155 0.03048744892 0.0254)
(9.8806 0.03048744892 0.0254)
(10.0457 0.03048744892 0.0254)
(10.2108 0.03048744892 0.0254)
(10.3759 0.03048744892 0.0254)
(10.541 0.03048744892 0.0254)
(10.7061 0.03048744892 0.0254)
(10.8712 0.03048744892 0.0254)
(11.0363 0.03048744892 0.0254)
(11.2014 0.03048744892 0.0254)
(11.3665 0.03048744892 0.0254)
(11.5316 0.03048744892 0.0254)
(11.6967 0.03048744892 0.0254)
(11.8618 0.03048744892 0.0254)
(12.0269 0.03048744892 0.0254)
(12.192 0.03048744892 0.0254)
(0.4699 0.03865588351 0.0254)
(0.635 0.03865588351 0.0254)
(0.8001 0.03865588351 0.0254)
(0.9652 0.03865588351 0.0254)
(1.1303 0.03865588351 0.0254)
(1.2954 0.03865588351 0.0254)
(1.4605 0.03865588351 0.0254)
(1.6256 0.03865588351 0.0254)
(1.7907 0.03865588351 0.0254)
(1.9558 0.03865588351 0.0254)
(2.1209 0.03865588351 0.0254)
(2.286 0.03865588351 0.0254)
(2.4511 0.03865588351 0.0254)
(2.6162 0.03865588351 0.0254)
(2.7813 0.03865588351 0.0254)
(2.9464 0.03865588351 0.0254)
(3.1115 0.03865588351 0.0254)
(3.2766 0.03865588351 0.0254)
(3.4417 0.03865588351 0.0254)
(3.6068 0.03865588351 0.0254)
(3.7719 0.03865588351 0.0254)
(3.937 0.03865588351 0.0254)
(4.1021 0.03865588351 0.0254)
(4.2672 0.03865588351 0.0254)
(4.4323 0.03865588351 0.0254)
(4.5974 0.03865588351 0.0254)
(4.7625 0.03865588351 0.0254)
(4.9276 0.03865588351 0.0254)
(5.0927 0.03865588351 0.0254)
(5.2578 0.03865588351 0.0254)
(5.4229 0.03865588351 0.0254)
(5.588 0.03865588351 0.0254)
(5.7531 0.03865588351 0.0254)
(5.9182 0.03865588351 0.0254)
(6.0833 0.03865588351 0.0254)
(6.2484 0.03865588351 0.0254)
(6.4135 0.03865588351 0.0254)
(6.5786 0.03865588351 0.0254)
(6.7437 0.03865588351 0.0254)
(6.9088 0.03865588351 0.0254)
(7.0739 0.03865588351 0.0254)
(7.239 0.03865588351 0.0254)
(7.4041 0.03865588351 0.0254)
(7.5692 0.03865588351 0.0254)
(7.7343 0.03865588351 0.0254)
(7.8994 0.03865588351 0.0254)
(8.0645 0.03865588351 0.0254)
(8.2296 0.03865588351 0.0254)
(8.3947 0.03865588351 0.0254)
(8.5598 0.03865588351 0.0254)
(8.7249 0.03865588351 0.0254)
(8.89 0.03865588351 0.0254)
(9.0551 0.03865588351 0.0254)
(9.2202 0.03865588351 0.0254)
(9.3853 0.03865588351 0.0254)
(9.5504 0.03865588351 0.0254)
(9.7155 0.03865588351 0.0254)
(9.8806 0.03865588351 0.0254)
(10.0457 0.03865588351 0.0254)
(10.2108 0.03865588351 0.0254)
(10.3759 0.03865588351 0.0254)
(10.541 0.03865588351 0.0254)
(10.7061 0.03865588351 0.0254)
(10.8712 0.03865588351 0.0254)
(11.0363 0.03865588351 0.0254)
(11.2014 0.03865588351 0.0254)
(11.3665 0.03865588351 0.0254)
(11.5316 0.03865588351 0.0254)
(11.6967 0.03865588351 0.0254)
(11.8618 0.03865588351 0.0254)
(12.0269 0.03865588351 0.0254)
(12.192 0.03865588351 0.0254)
(0.4699 0.04599326053 0.0254)
(0.635 0.04599326053 0.0254)
(0.8001 0.04599326053 0.0254)
(0.9652 0.04599326053 0.0254)
(1.1303 0.04599326053 0.0254)
(1.2954 0.04599326053 0.0254)
(1.4605 0.04599326053 0.0254)
(1.6256 0.04599326053 0.0254)
(1.7907 0.04599326053 0.0254)
(1.9558 0.04599326053 0.0254)
(2.1209 0.04599326053 0.0254)
(2.286 0.04599326053 0.0254)
(2.4511 0.04599326053 0.0254)
(2.6162 0.04599326053 0.0254)
(2.7813 0.04599326053 0.0254)
(2.9464 0.04599326053 0.0254)
(3.1115 0.04599326053 0.0254)
(3.2766 0.04599326053 0.0254)
(3.4417 0.04599326053 0.0254)
(3.6068 0.04599326053 0.0254)
(3.7719 0.04599326053 0.0254)
(3.937 0.04599326053 0.0254)
(4.1021 0.04599326053 0.0254)
(4.2672 0.04599326053 0.0254)
(4.4323 0.04599326053 0.0254)
(4.5974 0.04599326053 0.0254)
(4.7625 0.04599326053 0.0254)
(4.9276 0.04599326053 0.0254)
(5.0927 0.04599326053 0.0254)
(5.2578 0.04599326053 0.0254)
(5.4229 0.04599326053 0.0254)
(5.588 0.04599326053 0.0254)
(5.7531 0.04599326053 0.0254)
(5.9182 0.04599326053 0.0254)
(6.0833 0.04599326053 0.0254)
(6.2484 0.04599326053 0.0254)
(6.4135 0.04599326053 0.0254)
(6.5786 0.04599326053 0.0254)
(6.7437 0.04599326053 0.0254)
(6.9088 0.04599326053 0.0254)
(7.0739 0.04599326053 0.0254)
(7.239 0.04599326053 0.0254)
(7.4041 0.04599326053 0.0254)
(7.5692 0.04599326053 0.0254)
(7.7343 0.04599326053 0.0254)
(7.8994 0.04599326053 0.0254)
(8.0645 0.04599326053 0.0254)
(8.2296 0.04599326053 0.0254)
(8.3947 0.04599326053 0.0254)
(8.5598 0.04599326053 0.0254)
(8.7249 0.04599326053 0.0254)
(8.89 0.04599326053 0.0254)
(9.0551 0.04599326053 0.0254)
(9.2202 0.04599326053 0.0254)
(9.3853 0.04599326053 0.0254)
(9.5504 0.04599326053 0.0254)
(9.7155 0.04599326053 0.0254)
(9.8806 0.04599326053 0.0254)
(10.0457 0.04599326053 0.0254)
(10.2108 0.04599326053 0.0254)
(10.3759 0.04599326053 0.0254)
(10.541 0.04599326053 0.0254)
(10.7061 0.04599326053 0.0254)
(10.8712 0.04599326053 0.0254)
(11.0363 0.04599326053 0.0254)
(11.2014 0.04599326053 0.0254)
(11.3665 0.04599326053 0.0254)
(11.5316 0.04599326053 0.0254)
(11.6967 0.04599326053 0.0254)
(11.8618 0.04599326053 0.0254)
(12.0269 0.04599326053 0.0254)
(12.192 0.04599326053 0.0254)
(0.4699 0.05258413189 0.0254)
(0.635 0.05258413189 0.0254)
(0.8001 0.05258413189 0.0254)
(0.9652 0.05258413189 0.0254)
(1.1303 0.05258413189 0.0254)
(1.2954 0.05258413189 0.0254)
(1.4605 0.05258413189 0.0254)
(1.6256 0.05258413189 0.0254)
(1.7907 0.05258413189 0.0254)
(1.9558 0.05258413189 0.0254)
(2.1209 0.05258413189 0.0254)
(2.286 0.05258413189 0.0254)
(2.4511 0.05258413189 0.0254)
(2.6162 0.05258413189 0.0254)
(2.7813 0.05258413189 0.0254)
(2.9464 0.05258413189 0.0254)
(3.1115 0.05258413189 0.0254)
(3.2766 0.05258413189 0.0254)
(3.4417 0.05258413189 0.0254)
(3.6068 0.05258413189 0.0254)
(3.7719 0.05258413189 0.0254)
(3.937 0.05258413189 0.0254)
(4.1021 0.05258413189 0.0254)
(4.2672 0.05258413189 0.0254)
(4.4323 0.05258413189 0.0254)
(4.5974 0.05258413189 0.0254)
(4.7625 0.05258413189 0.0254)
(4.9276 0.05258413189 0.0254)
(5.0927 0.05258413189 0.0254)
(5.2578 0.05258413189 0.0254)
(5.4229 0.05258413189 0.0254)
(5.588 0.05258413189 0.0254)
(5.7531 0.05258413189 0.0254)
(5.9182 0.05258413189 0.0254)
(6.0833 0.05258413189 0.0254)
(6.2484 0.05258413189 0.0254)
(6.4135 0.05258413189 0.0254)
(6.5786 0.05258413189 0.0254)
(6.7437 0.05258413189 0.0254)
(6.9088 0.05258413189 0.0254)
(7.0739 0.05258413189 0.0254)
(7.239 0.05258413189 0.0254)
(7.4041 0.05258413189 0.0254)
(7.5692 0.05258413189 0.0254)
(7.7343 0.05258413189 0.0254)
(7.8994 0.05258413189 0.0254)
(8.0645 0.05258413189 0.0254)
(8.2296 0.05258413189 0.0254)
(8.3947 0.05258413189 0.0254)
(8.5598 0.05258413189 0.0254)
(8.7249 0.05258413189 0.0254)
(8.89 0.05258413189 0.0254)
(9.0551 0.05258413189 0.0254)
(9.2202 0.05258413189 0.0254)
(9.3853 0.05258413189 0.0254)
(9.5504 0.05258413189 0.0254)
(9.7155 0.05258413189 0.0254)
(9.8806 0.05258413189 0.0254)
(10.0457 0.05258413189 0.0254)
(10.2108 0.05258413189 0.0254)
(10.3759 0.05258413189 0.0254)
(10.541 0.05258413189 0.0254)
(10.7061 0.05258413189 0.0254)
(10.8712 0.05258413189 0.0254)
(11.0363 0.05258413189 0.0254)
(11.2014 0.05258413189 0.0254)
(11.3665 0.05258413189 0.0254)
(11.5316 0.05258413189 0.0254)
(11.6967 0.05258413189 0.0254)
(11.8618 0.05258413189 0.0254)
(12.0269 0.05258413189 0.0254)
(12.192 0.05258413189 0.0254)
(0.4699 0.05850444717 0.0254)
(0.635 0.05850444717 0.0254)
(0.8001 0.05850444717 0.0254)
(0.9652 0.05850444717 0.0254)
(1.1303 0.05850444717 0.0254)
(1.2954 0.05850444717 0.0254)
(1.4605 0.05850444717 0.0254)
(1.6256 0.05850444717 0.0254)
(1.7907 0.05850444717 0.0254)
(1.9558 0.05850444717 0.0254)
(2.1209 0.05850444717 0.0254)
(2.286 0.05850444717 0.0254)
(2.4511 0.05850444717 0.0254)
(2.6162 0.05850444717 0.0254)
(2.7813 0.05850444717 0.0254)
(2.9464 0.05850444717 0.0254)
(3.1115 0.05850444717 0.0254)
(3.2766 0.05850444717 0.0254)
(3.4417 0.05850444717 0.0254)
(3.6068 0.05850444717 0.0254)
(3.7719 0.05850444717 0.0254)
(3.937 0.05850444717 0.0254)
(4.1021 0.05850444717 0.0254)
(4.2672 0.05850444717 0.0254)
(4.4323 0.05850444717 0.0254)
(4.5974 0.05850444717 0.0254)
(4.7625 0.05850444717 0.0254)
(4.9276 0.05850444717 0.0254)
(5.0927 0.05850444717 0.0254)
(5.2578 0.05850444717 0.0254)
(5.4229 0.05850444717 0.0254)
(5.588 0.05850444717 0.0254)
(5.7531 0.05850444717 0.0254)
(5.9182 0.05850444717 0.0254)
(6.0833 0.05850444717 0.0254)
(6.2484 0.05850444717 0.0254)
(6.4135 0.05850444717 0.0254)
(6.5786 0.05850444717 0.0254)
(6.7437 0.05850444717 0.0254)
(6.9088 0.05850444717 0.0254)
(7.0739 0.05850444717 0.0254)
(7.239 0.05850444717 0.0254)
(7.4041 0.05850444717 0.0254)
(7.5692 0.05850444717 0.0254)
(7.7343 0.05850444717 0.0254)
(7.8994 0.05850444717 0.0254)
(8.0645 0.05850444717 0.0254)
(8.2296 0.05850444717 0.0254)
(8.3947 0.05850444717 0.0254)
(8.5598 0.05850444717 0.0254)
(8.7249 0.05850444717 0.0254)
(8.89 0.05850444717 0.0254)
(9.0551 0.05850444717 0.0254)
(9.2202 0.05850444717 0.0254)
(9.3853 0.05850444717 0.0254)
(9.5504 0.05850444717 0.0254)
(9.7155 0.05850444717 0.0254)
(9.8806 0.05850444717 0.0254)
(10.0457 0.05850444717 0.0254)
(10.2108 0.05850444717 0.0254)
(10.3759 0.05850444717 0.0254)
(10.541 0.05850444717 0.0254)
(10.7061 0.05850444717 0.0254)
(10.8712 0.05850444717 0.0254)
(11.0363 0.05850444717 0.0254)
(11.2014 0.05850444717 0.0254)
(11.3665 0.05850444717 0.0254)
(11.5316 0.05850444717 0.0254)
(11.6967 0.05850444717 0.0254)
(11.8618 0.05850444717 0.0254)
(12.0269 0.05850444717 0.0254)
(12.192 0.05850444717 0.0254)
(0.4699 0.06382242882 0.0254)
(0.635 0.06382242882 0.0254)
(0.8001 0.06382242882 0.0254)
(0.9652 0.06382242882 0.0254)
(1.1303 0.06382242882 0.0254)
(1.2954 0.06382242882 0.0254)
(1.4605 0.06382242882 0.0254)
(1.6256 0.06382242882 0.0254)
(1.7907 0.06382242882 0.0254)
(1.9558 0.06382242882 0.0254)
(2.1209 0.06382242882 0.0254)
(2.286 0.06382242882 0.0254)
(2.4511 0.06382242882 0.0254)
(2.6162 0.06382242882 0.0254)
(2.7813 0.06382242882 0.0254)
(2.9464 0.06382242882 0.0254)
(3.1115 0.06382242882 0.0254)
(3.2766 0.06382242882 0.0254)
(3.4417 0.06382242882 0.0254)
(3.6068 0.06382242882 0.0254)
(3.7719 0.06382242882 0.0254)
(3.937 0.06382242882 0.0254)
(4.1021 0.06382242882 0.0254)
(4.2672 0.06382242882 0.0254)
(4.4323 0.06382242882 0.0254)
(4.5974 0.06382242882 0.0254)
(4.7625 0.06382242882 0.0254)
(4.9276 0.06382242882 0.0254)
(5.0927 0.06382242882 0.0254)
(5.2578 0.06382242882 0.0254)
(5.4229 0.06382242882 0.0254)
(5.588 0.06382242882 0.0254)
(5.7531 0.06382242882 0.0254)
(5.9182 0.06382242882 0.0254)
(6.0833 0.06382242882 0.0254)
(6.2484 0.06382242882 0.0254)
(6.4135 0.06382242882 0.0254)
(6.5786 0.06382242882 0.0254)
(6.7437 0.06382242882 0.0254)
(6.9088 0.06382242882 0.0254)
(7.0739 0.06382242882 0.0254)
(7.239 0.06382242882 0.0254)
(7.4041 0.06382242882 0.0254)
(7.5692 0.06382242882 0.0254)
(7.7343 0.06382242882 0.0254)
(7.8994 0.06382242882 0.0254)
(8.0645 0.06382242882 0.0254)
(8.2296 0.06382242882 0.0254)
(8.3947 0.06382242882 0.0254)
(8.5598 0.06382242882 0.0254)
(8.7249 0.06382242882 0.0254)
(8.89 0.06382242882 0.0254)
(9.0551 0.06382242882 0.0254)
(9.2202 0.06382242882 0.0254)
(9.3853 0.06382242882 0.0254)
(9.5504 0.06382242882 0.0254)
(9.7155 0.06382242882 0.0254)
(9.8806 0.06382242882 0.0254)
(10.0457 0.06382242882 0.0254)
(10.2108 0.06382242882 0.0254)
(10.3759 0.06382242882 0.0254)
(10.541 0.06382242882 0.0254)
(10.7061 0.06382242882 0.0254)
(10.8712 0.06382242882 0.0254)
(11.0363 0.06382242882 0.0254)
(11.2014 0.06382242882 0.0254)
(11.3665 0.06382242882 0.0254)
(11.5316 0.06382242882 0.0254)
(11.6967 0.06382242882 0.0254)
(11.8618 0.06382242882 0.0254)
(12.0269 0.06382242882 0.0254)
(12.192 0.06382242882 0.0254)
(0.4699 0.06859935835 0.0254)
(0.635 0.06859935835 0.0254)
(0.8001 0.06859935835 0.0254)
(0.9652 0.06859935835 0.0254)
(1.1303 0.06859935835 0.0254)
(1.2954 0.06859935835 0.0254)
(1.4605 0.06859935835 0.0254)
(1.6256 0.06859935835 0.0254)
(1.7907 0.06859935835 0.0254)
(1.9558 0.06859935835 0.0254)
(2.1209 0.06859935835 0.0254)
(2.286 0.06859935835 0.0254)
(2.4511 0.06859935835 0.0254)
(2.6162 0.06859935835 0.0254)
(2.7813 0.06859935835 0.0254)
(2.9464 0.06859935835 0.0254)
(3.1115 0.06859935835 0.0254)
(3.2766 0.06859935835 0.0254)
(3.4417 0.06859935835 0.0254)
(3.6068 0.06859935835 0.0254)
(3.7719 0.06859935835 0.0254)
(3.937 0.06859935835 0.0254)
(4.1021 0.06859935835 0.0254)
(4.2672 0.06859935835 0.0254)
(4.4323 0.06859935835 0.0254)
(4.5974 0.06859935835 0.0254)
(4.7625 0.06859935835 0.0254)
(4.9276 0.06859935835 0.0254)
(5.0927 0.06859935835 0.0254)
(5.2578 0.06859935835 0.0254)
(5.4229 0.06859935835 0.0254)
(5.588 0.06859935835 0.0254)
(5.7531 0.06859935835 0.0254)
(5.9182 0.06859935835 0.0254)
(6.0833 0.06859935835 0.0254)
(6.2484 0.06859935835 0.0254)
(6.4135 0.06859935835 0.0254)
(6.5786 0.06859935835 0.0254)
(6.7437 0.06859935835 0.0254)
(6.9088 0.06859935835 0.0254)
(7.0739 0.06859935835 0.0254)
(7.239 0.06859935835 0.0254)
(7.4041 0.06859935835 0.0254)
(7.5692 0.06859935835 0.0254)
(7.7343 0.06859935835 0.0254)
(7.8994 0.06859935835 0.0254)
(8.0645 0.06859935835 0.0254)
(8.2296 0.06859935835 0.0254)
(8.3947 0.06859935835 0.0254)
(8.5598 0.06859935835 0.0254)
(8.7249 0.06859935835 0.0254)
(8.89 0.06859935835 0.0254)
(9.0551 0.06859935835 0.0254)
(9.2202 0.06859935835 0.0254)
(9.3853 0.06859935835 0.0254)
(9.5504 0.06859935835 0.0254)
(9.7155 0.06859935835 0.0254)
(9.8806 0.06859935835 0.0254)
(10.0457 0.06859935835 0.0254)
(10.2108 0.06859935835 0.0254)
(10.3759 0.06859935835 0.0254)
(10.541 0.06859935835 0.0254)
(10.7061 0.06859935835 0.0254)
(10.8712 0.06859935835 0.0254)
(11.0363 0.06859935835 0.0254)
(11.2014 0.06859935835 0.0254)
(11.3665 0.06859935835 0.0254)
(11.5316 0.06859935835 0.0254)
(11.6967 0.06859935835 0.0254)
(11.8618 0.06859935835 0.0254)
(12.0269 0.06859935835 0.0254)
(12.192 0.06859935835 0.0254)
(0.4699 0.07289028246 0.0254)
(0.635 0.07289028246 0.0254)
(0.8001 0.07289028246 0.0254)
(0.9652 0.07289028246 0.0254)
(1.1303 0.07289028246 0.0254)
(1.2954 0.07289028246 0.0254)
(1.4605 0.07289028246 0.0254)
(1.6256 0.07289028246 0.0254)
(1.7907 0.07289028246 0.0254)
(1.9558 0.07289028246 0.0254)
(2.1209 0.07289028246 0.0254)
(2.286 0.07289028246 0.0254)
(2.4511 0.07289028246 0.0254)
(2.6162 0.07289028246 0.0254)
(2.7813 0.07289028246 0.0254)
(2.9464 0.07289028246 0.0254)
(3.1115 0.07289028246 0.0254)
(3.2766 0.07289028246 0.0254)
(3.4417 0.07289028246 0.0254)
(3.6068 0.07289028246 0.0254)
(3.7719 0.07289028246 0.0254)
(3.937 0.07289028246 0.0254)
(4.1021 0.07289028246 0.0254)
(4.2672 0.07289028246 0.0254)
(4.4323 0.07289028246 0.0254)
(4.5974 0.07289028246 0.0254)
(4.7625 0.07289028246 0.0254)
(4.9276 0.07289028246 0.0254)
(5.0927 0.07289028246 0.0254)
(5.2578 0.07289028246 0.0254)
(5.4229 0.07289028246 0.0254)
(5.588 0.07289028246 0.0254)
(5.7531 0.07289028246 0.0254)
(5.9182 0.07289028246 0.0254)
(6.0833 0.07289028246 0.0254)
(6.2484 0.07289028246 0.0254)
(6.4135 0.07289028246 0.0254)
(6.5786 0.07289028246 0.0254)
(6.7437 0.07289028246 0.0254)
(6.9088 0.07289028246 0.0254)
(7.0739 0.07289028246 0.0254)
(7.239 0.07289028246 0.0254)
(7.4041 0.07289028246 0.0254)
(7.5692 0.07289028246 0.0254)
(7.7343 0.07289028246 0.0254)
(7.8994 0.07289028246 0.0254)
(8.0645 0.07289028246 0.0254)
(8.2296 0.07289028246 0.0254)
(8.3947 0.07289028246 0.0254)
(8.5598 0.07289028246 0.0254)
(8.7249 0.07289028246 0.0254)
(8.89 0.07289028246 0.0254)
(9.0551 0.07289028246 0.0254)
(9.2202 0.07289028246 0.0254)
(9.3853 0.07289028246 0.0254)
(9.5504 0.07289028246 0.0254)
(9.7155 0.07289028246 0.0254)
(9.8806 0.07289028246 0.0254)
(10.0457 0.07289028246 0.0254)
(10.2108 0.07289028246 0.0254)
(10.3759 0.07289028246 0.0254)
(10.541 0.07289028246 0.0254)
(10.7061 0.07289028246 0.0254)
(10.8712 0.07289028246 0.0254)
(11.0363 0.07289028246 0.0254)
(11.2014 0.07289028246 0.0254)
(11.3665 0.07289028246 0.0254)
(11.5316 0.07289028246 0.0254)
(11.6967 0.07289028246 0.0254)
(11.8618 0.07289028246 0.0254)
(12.0269 0.07289028246 0.0254)
(12.192 0.07289028246 0.0254)
(0.4699 0.07674464742 0.0254)
(0.635 0.07674464742 0.0254)
(0.8001 0.07674464742 0.0254)
(0.9652 0.07674464742 0.0254)
(1.1303 0.07674464742 0.0254)
(1.2954 0.07674464742 0.0254)
(1.4605 0.07674464742 0.0254)
(1.6256 0.07674464742 0.0254)
(1.7907 0.07674464742 0.0254)
(1.9558 0.07674464742 0.0254)
(2.1209 0.07674464742 0.0254)
(2.286 0.07674464742 0.0254)
(2.4511 0.07674464742 0.0254)
(2.6162 0.07674464742 0.0254)
(2.7813 0.07674464742 0.0254)
(2.9464 0.07674464742 0.0254)
(3.1115 0.07674464742 0.0254)
(3.2766 0.07674464742 0.0254)
(3.4417 0.07674464742 0.0254)
(3.6068 0.07674464742 0.0254)
(3.7719 0.07674464742 0.0254)
(3.937 0.07674464742 0.0254)
(4.1021 0.07674464742 0.0254)
(4.2672 0.07674464742 0.0254)
(4.4323 0.07674464742 0.0254)
(4.5974 0.07674464742 0.0254)
(4.7625 0.07674464742 0.0254)
(4.9276 0.07674464742 0.0254)
(5.0927 0.07674464742 0.0254)
(5.2578 0.07674464742 0.0254)
(5.4229 0.07674464742 0.0254)
(5.588 0.07674464742 0.0254)
(5.7531 0.07674464742 0.0254)
(5.9182 0.07674464742 0.0254)
(6.0833 0.07674464742 0.0254)
(6.2484 0.07674464742 0.0254)
(6.4135 0.07674464742 0.0254)
(6.5786 0.07674464742 0.0254)
(6.7437 0.07674464742 0.0254)
(6.9088 0.07674464742 0.0254)
(7.0739 0.07674464742 0.0254)
(7.239 0.07674464742 0.0254)
(7.4041 0.07674464742 0.0254)
(7.5692 0.07674464742 0.0254)
(7.7343 0.07674464742 0.0254)
(7.8994 0.07674464742 0.0254)
(8.0645 0.07674464742 0.0254)
(8.2296 0.07674464742 0.0254)
(8.3947 0.07674464742 0.0254)
(8.5598 0.07674464742 0.0254)
(8.7249 0.07674464742 0.0254)
(8.89 0.07674464742 0.0254)
(9.0551 0.07674464742 0.0254)
(9.2202 0.07674464742 0.0254)
(9.3853 0.07674464742 0.0254)
(9.5504 0.07674464742 0.0254)
(9.7155 0.07674464742 0.0254)
(9.8806 0.07674464742 0.0254)
(10.0457 0.07674464742 0.0254)
(10.2108 0.07674464742 0.0254)
(10.3759 0.07674464742 0.0254)
(10.541 0.07674464742 0.0254)
(10.7061 0.07674464742 0.0254)
(10.8712 0.07674464742 0.0254)
(11.0363 0.07674464742 0.0254)
(11.2014 0.07674464742 0.0254)
(11.3665 0.07674464742 0.0254)
(11.5316 0.07674464742 0.0254)
(11.6967 0.07674464742 0.0254)
(11.8618 0.07674464742 0.0254)
(12.0269 0.07674464742 0.0254)
(12.192 0.07674464742 0.0254)
(0.4699 0.08020686879 0.0254)
(0.635 0.08020686879 0.0254)
(0.8001 0.08020686879 0.0254)
(0.9652 0.08020686879 0.0254)
(1.1303 0.08020686879 0.0254)
(1.2954 0.08020686879 0.0254)
(1.4605 0.08020686879 0.0254)
(1.6256 0.08020686879 0.0254)
(1.7907 0.08020686879 0.0254)
(1.9558 0.08020686879 0.0254)
(2.1209 0.08020686879 0.0254)
(2.286 0.08020686879 0.0254)
(2.4511 0.08020686879 0.0254)
(2.6162 0.08020686879 0.0254)
(2.7813 0.08020686879 0.0254)
(2.9464 0.08020686879 0.0254)
(3.1115 0.08020686879 0.0254)
(3.2766 0.08020686879 0.0254)
(3.4417 0.08020686879 0.0254)
(3.6068 0.08020686879 0.0254)
(3.7719 0.08020686879 0.0254)
(3.937 0.08020686879 0.0254)
(4.1021 0.08020686879 0.0254)
(4.2672 0.08020686879 0.0254)
(4.4323 0.08020686879 0.0254)
(4.5974 0.08020686879 0.0254)
(4.7625 0.08020686879 0.0254)
(4.9276 0.08020686879 0.0254)
(5.0927 0.08020686879 0.0254)
(5.2578 0.08020686879 0.0254)
(5.4229 0.08020686879 0.0254)
(5.588 0.08020686879 0.0254)
(5.7531 0.08020686879 0.0254)
(5.9182 0.08020686879 0.0254)
(6.0833 0.08020686879 0.0254)
(6.2484 0.08020686879 0.0254)
(6.4135 0.08020686879 0.0254)
(6.5786 0.08020686879 0.0254)
(6.7437 0.08020686879 0.0254)
(6.9088 0.08020686879 0.0254)
(7.0739 0.08020686879 0.0254)
(7.239 0.08020686879 0.0254)
(7.4041 0.08020686879 0.0254)
(7.5692 0.08020686879 0.0254)
(7.7343 0.08020686879 0.0254)
(7.8994 0.08020686879 0.0254)
(8.0645 0.08020686879 0.0254)
(8.2296 0.08020686879 0.0254)
(8.3947 0.08020686879 0.0254)
(8.5598 0.08020686879 0.0254)
(8.7249 0.08020686879 0.0254)
(8.89 0.08020686879 0.0254)
(9.0551 0.08020686879 0.0254)
(9.2202 0.08020686879 0.0254)
(9.3853 0.08020686879 0.0254)
(9.5504 0.08020686879 0.0254)
(9.7155 0.08020686879 0.0254)
(9.8806 0.08020686879 0.0254)
(10.0457 0.08020686879 0.0254)
(10.2108 0.08020686879 0.0254)
(10.3759 0.08020686879 0.0254)
(10.541 0.08020686879 0.0254)
(10.7061 0.08020686879 0.0254)
(10.8712 0.08020686879 0.0254)
(11.0363 0.08020686879 0.0254)
(11.2014 0.08020686879 0.0254)
(11.3665 0.08020686879 0.0254)
(11.5316 0.08020686879 0.0254)
(11.6967 0.08020686879 0.0254)
(11.8618 0.08020686879 0.0254)
(12.0269 0.08020686879 0.0254)
(12.192 0.08020686879 0.0254)
(0.4699 0.08331684333 0.0254)
(0.635 0.08331684333 0.0254)
(0.8001 0.08331684333 0.0254)
(0.9652 0.08331684333 0.0254)
(1.1303 0.08331684333 0.0254)
(1.2954 0.08331684333 0.0254)
(1.4605 0.08331684333 0.0254)
(1.6256 0.08331684333 0.0254)
(1.7907 0.08331684333 0.0254)
(1.9558 0.08331684333 0.0254)
(2.1209 0.08331684333 0.0254)
(2.286 0.08331684333 0.0254)
(2.4511 0.08331684333 0.0254)
(2.6162 0.08331684333 0.0254)
(2.7813 0.08331684333 0.0254)
(2.9464 0.08331684333 0.0254)
(3.1115 0.08331684333 0.0254)
(3.2766 0.08331684333 0.0254)
(3.4417 0.08331684333 0.0254)
(3.6068 0.08331684333 0.0254)
(3.7719 0.08331684333 0.0254)
(3.937 0.08331684333 0.0254)
(4.1021 0.08331684333 0.0254)
(4.2672 0.08331684333 0.0254)
(4.4323 0.08331684333 0.0254)
(4.5974 0.08331684333 0.0254)
(4.7625 0.08331684333 0.0254)
(4.9276 0.08331684333 0.0254)
(5.0927 0.08331684333 0.0254)
(5.2578 0.08331684333 0.0254)
(5.4229 0.08331684333 0.0254)
(5.588 0.08331684333 0.0254)
(5.7531 0.08331684333 0.0254)
(5.9182 0.08331684333 0.0254)
(6.0833 0.08331684333 0.0254)
(6.2484 0.08331684333 0.0254)
(6.4135 0.08331684333 0.0254)
(6.5786 0.08331684333 0.0254)
(6.7437 0.08331684333 0.0254)
(6.9088 0.08331684333 0.0254)
(7.0739 0.08331684333 0.0254)
(7.239 0.08331684333 0.0254)
(7.4041 0.08331684333 0.0254)
(7.5692 0.08331684333 0.0254)
(7.7343 0.08331684333 0.0254)
(7.8994 0.08331684333 0.0254)
(8.0645 0.08331684333 0.0254)
(8.2296 0.08331684333 0.0254)
(8.3947 0.08331684333 0.0254)
(8.5598 0.08331684333 0.0254)
(8.7249 0.08331684333 0.0254)
(8.89 0.08331684333 0.0254)
(9.0551 0.08331684333 0.0254)
(9.2202 0.08331684333 0.0254)
(9.3853 0.08331684333 0.0254)
(9.5504 0.08331684333 0.0254)
(9.7155 0.08331684333 0.0254)
(9.8806 0.08331684333 0.0254)
(10.0457 0.08331684333 0.0254)
(10.2108 0.08331684333 0.0254)
(10.3759 0.08331684333 0.0254)
(10.541 0.08331684333 0.0254)
(10.7061 0.08331684333 0.0254)
(10.8712 0.08331684333 0.0254)
(11.0363 0.08331684333 0.0254)
(11.2014 0.08331684333 0.0254)
(11.3665 0.08331684333 0.0254)
(11.5316 0.08331684333 0.0254)
(11.6967 0.08331684333 0.0254)
(11.8618 0.08331684333 0.0254)
(12.0269 0.08331684333 0.0254)
(12.192 0.08331684333 0.0254)
(0.4699 0.08611040866 0.0254)
(0.635 0.08611040866 0.0254)
(0.8001 0.08611040866 0.0254)
(0.9652 0.08611040866 0.0254)
(1.1303 0.08611040866 0.0254)
(1.2954 0.08611040866 0.0254)
(1.4605 0.08611040866 0.0254)
(1.6256 0.08611040866 0.0254)
(1.7907 0.08611040866 0.0254)
(1.9558 0.08611040866 0.0254)
(2.1209 0.08611040866 0.0254)
(2.286 0.08611040866 0.0254)
(2.4511 0.08611040866 0.0254)
(2.6162 0.08611040866 0.0254)
(2.7813 0.08611040866 0.0254)
(2.9464 0.08611040866 0.0254)
(3.1115 0.08611040866 0.0254)
(3.2766 0.08611040866 0.0254)
(3.4417 0.08611040866 0.0254)
(3.6068 0.08611040866 0.0254)
(3.7719 0.08611040866 0.0254)
(3.937 0.08611040866 0.0254)
(4.1021 0.08611040866 0.0254)
(4.2672 0.08611040866 0.0254)
(4.4323 0.08611040866 0.0254)
(4.5974 0.08611040866 0.0254)
(4.7625 0.08611040866 0.0254)
(4.9276 0.08611040866 0.0254)
(5.0927 0.08611040866 0.0254)
(5.2578 0.08611040866 0.0254)
(5.4229 0.08611040866 0.0254)
(5.588 0.08611040866 0.0254)
(5.7531 0.08611040866 0.0254)
(5.9182 0.08611040866 0.0254)
(6.0833 0.08611040866 0.0254)
(6.2484 0.08611040866 0.0254)
(6.4135 0.08611040866 0.0254)
(6.5786 0.08611040866 0.0254)
(6.7437 0.08611040866 0.0254)
(6.9088 0.08611040866 0.0254)
(7.0739 0.08611040866 0.0254)
(7.239 0.08611040866 0.0254)
(7.4041 0.08611040866 0.0254)
(7.5692 0.08611040866 0.0254)
(7.7343 0.08611040866 0.0254)
(7.8994 0.08611040866 0.0254)
(8.0645 0.08611040866 0.0254)
(8.2296 0.08611040866 0.0254)
(8.3947 0.08611040866 0.0254)
(8.5598 0.08611040866 0.0254)
(8.7249 0.08611040866 0.0254)
(8.89 0.08611040866 0.0254)
(9.0551 0.08611040866 0.0254)
(9.2202 0.08611040866 0.0254)
(9.3853 0.08611040866 0.0254)
(9.5504 0.08611040866 0.0254)
(9.7155 0.08611040866 0.0254)
(9.8806 0.08611040866 0.0254)
(10.0457 0.08611040866 0.0254)
(10.2108 0.08611040866 0.0254)
(10.3759 0.08611040866 0.0254)
(10.541 0.08611040866 0.0254)
(10.7061 0.08611040866 0.0254)
(10.8712 0.08611040866 0.0254)
(11.0363 0.08611040866 0.0254)
(11.2014 0.08611040866 0.0254)
(11.3665 0.08611040866 0.0254)
(11.5316 0.08611040866 0.0254)
(11.6967 0.08611040866 0.0254)
(11.8618 0.08611040866 0.0254)
(12.0269 0.08611040866 0.0254)
(12.192 0.08611040866 0.0254)
(0.4699 0.08861975631 0.0254)
(0.635 0.08861975631 0.0254)
(0.8001 0.08861975631 0.0254)
(0.9652 0.08861975631 0.0254)
(1.1303 0.08861975631 0.0254)
(1.2954 0.08861975631 0.0254)
(1.4605 0.08861975631 0.0254)
(1.6256 0.08861975631 0.0254)
(1.7907 0.08861975631 0.0254)
(1.9558 0.08861975631 0.0254)
(2.1209 0.08861975631 0.0254)
(2.286 0.08861975631 0.0254)
(2.4511 0.08861975631 0.0254)
(2.6162 0.08861975631 0.0254)
(2.7813 0.08861975631 0.0254)
(2.9464 0.08861975631 0.0254)
(3.1115 0.08861975631 0.0254)
(3.2766 0.08861975631 0.0254)
(3.4417 0.08861975631 0.0254)
(3.6068 0.08861975631 0.0254)
(3.7719 0.08861975631 0.0254)
(3.937 0.08861975631 0.0254)
(4.1021 0.08861975631 0.0254)
(4.2672 0.08861975631 0.0254)
(4.4323 0.08861975631 0.0254)
(4.5974 0.08861975631 0.0254)
(4.7625 0.08861975631 0.0254)
(4.9276 0.08861975631 0.0254)
(5.0927 0.08861975631 0.0254)
(5.2578 0.08861975631 0.0254)
(5.4229 0.08861975631 0.0254)
(5.588 0.08861975631 0.0254)
(5.7531 0.08861975631 0.0254)
(5.9182 0.08861975631 0.0254)
(6.0833 0.08861975631 0.0254)
(6.2484 0.08861975631 0.0254)
(6.4135 0.08861975631 0.0254)
(6.5786 0.08861975631 0.0254)
(6.7437 0.08861975631 0.0254)
(6.9088 0.08861975631 0.0254)
(7.0739 0.08861975631 0.0254)
(7.239 0.08861975631 0.0254)
(7.4041 0.08861975631 0.0254)
(7.5692 0.08861975631 0.0254)
(7.7343 0.08861975631 0.0254)
(7.8994 0.08861975631 0.0254)
(8.0645 0.08861975631 0.0254)
(8.2296 0.08861975631 0.0254)
(8.3947 0.08861975631 0.0254)
(8.5598 0.08861975631 0.0254)
(8.7249 0.08861975631 0.0254)
(8.89 0.08861975631 0.0254)
(9.0551 0.08861975631 0.0254)
(9.2202 0.08861975631 0.0254)
(9.3853 0.08861975631 0.0254)
(9.5504 0.08861975631 0.0254)
(9.7155 0.08861975631 0.0254)
(9.8806 0.08861975631 0.0254)
(10.0457 0.08861975631 0.0254)
(10.2108 0.08861975631 0.0254)
(10.3759 0.08861975631 0.0254)
(10.541 0.08861975631 0.0254)
(10.7061 0.08861975631 0.0254)
(10.8712 0.08861975631 0.0254)
(11.0363 0.08861975631 0.0254)
(11.2014 0.08861975631 0.0254)
(11.3665 0.08861975631 0.0254)
(11.5316 0.08861975631 0.0254)
(11.6967 0.08861975631 0.0254)
(11.8618 0.08861975631 0.0254)
(12.0269 0.08861975631 0.0254)
(12.192 0.08861975631 0.0254)
(0.4699 0.09087380261 0.0254)
(0.635 0.09087380261 0.0254)
(0.8001 0.09087380261 0.0254)
(0.9652 0.09087380261 0.0254)
(1.1303 0.09087380261 0.0254)
(1.2954 0.09087380261 0.0254)
(1.4605 0.09087380261 0.0254)
(1.6256 0.09087380261 0.0254)
(1.7907 0.09087380261 0.0254)
(1.9558 0.09087380261 0.0254)
(2.1209 0.09087380261 0.0254)
(2.286 0.09087380261 0.0254)
(2.4511 0.09087380261 0.0254)
(2.6162 0.09087380261 0.0254)
(2.7813 0.09087380261 0.0254)
(2.9464 0.09087380261 0.0254)
(3.1115 0.09087380261 0.0254)
(3.2766 0.09087380261 0.0254)
(3.4417 0.09087380261 0.0254)
(3.6068 0.09087380261 0.0254)
(3.7719 0.09087380261 0.0254)
(3.937 0.09087380261 0.0254)
(4.1021 0.09087380261 0.0254)
(4.2672 0.09087380261 0.0254)
(4.4323 0.09087380261 0.0254)
(4.5974 0.09087380261 0.0254)
(4.7625 0.09087380261 0.0254)
(4.9276 0.09087380261 0.0254)
(5.0927 0.09087380261 0.0254)
(5.2578 0.09087380261 0.0254)
(5.4229 0.09087380261 0.0254)
(5.588 0.09087380261 0.0254)
(5.7531 0.09087380261 0.0254)
(5.9182 0.09087380261 0.0254)
(6.0833 0.09087380261 0.0254)
(6.2484 0.09087380261 0.0254)
(6.4135 0.09087380261 0.0254)
(6.5786 0.09087380261 0.0254)
(6.7437 0.09087380261 0.0254)
(6.9088 0.09087380261 0.0254)
(7.0739 0.09087380261 0.0254)
(7.239 0.09087380261 0.0254)
(7.4041 0.09087380261 0.0254)
(7.5692 0.09087380261 0.0254)
(7.7343 0.09087380261 0.0254)
(7.8994 0.09087380261 0.0254)
(8.0645 0.09087380261 0.0254)
(8.2296 0.09087380261 0.0254)
(8.3947 0.09087380261 0.0254)
(8.5598 0.09087380261 0.0254)
(8.7249 0.09087380261 0.0254)
(8.89 0.09087380261 0.0254)
(9.0551 0.09087380261 0.0254)
(9.2202 0.09087380261 0.0254)
(9.3853 0.09087380261 0.0254)
(9.5504 0.09087380261 0.0254)
(9.7155 0.09087380261 0.0254)
(9.8806 0.09087380261 0.0254)
(10.0457 0.09087380261 0.0254)
(10.2108 0.09087380261 0.0254)
(10.3759 0.09087380261 0.0254)
(10.541 0.09087380261 0.0254)
(10.7061 0.09087380261 0.0254)
(10.8712 0.09087380261 0.0254)
(11.0363 0.09087380261 0.0254)
(11.2014 0.09087380261 0.0254)
(11.3665 0.09087380261 0.0254)
(11.5316 0.09087380261 0.0254)
(11.6967 0.09087380261 0.0254)
(11.8618 0.09087380261 0.0254)
(12.0269 0.09087380261 0.0254)
(12.192 0.09087380261 0.0254)
(0.4699 0.1350185612 0)
(0.635 0.1350185612 0)
(0.8001 0.1350185612 0)
(0.9652 0.1350185612 0)
(1.1303 0.1350185612 0)
(1.2954 0.1350185612 0)
(1.4605 0.1350185612 0)
(1.6256 0.1350185612 0)
(1.7907 0.1350185612 0)
(1.9558 0.1350185612 0)
(2.1209 0.1350185612 0)
(2.286 0.1350185612 0)
(2.4511 0.1350185612 0)
(2.6162 0.1350185612 0)
(2.7813 0.1350185612 0)
(2.9464 0.1350185612 0)
(3.1115 0.1350185612 0)
(3.2766 0.1350185612 0)
(3.4417 0.1350185612 0)
(3.6068 0.1350185612 0)
(3.7719 0.1350185612 0)
(3.937 0.1350185612 0)
(4.1021 0.1350185612 0)
(4.2672 0.1350185612 0)
(4.4323 0.1350185612 0)
(4.5974 0.1350185612 0)
(4.7625 0.1350185612 0)
(4.9276 0.1350185612 0)
(5.0927 0.1350185612 0)
(5.2578 0.1350185612 0)
(5.4229 0.1350185612 0)
(5.588 0.1350185612 0)
(5.7531 0.1350185612 0)
(5.9182 0.1350185612 0)
(6.0833 0.1350185612 0)
(6.2484 0.1350185612 0)
(6.4135 0.1350185612 0)
(6.5786 0.1350185612 0)
(6.7437 0.1350185612 0)
(6.9088 0.1350185612 0)
(7.0739 0.1350185612 0)
(7.239 0.1350185612 0)
(7.4041 0.1350185612 0)
(7.5692 0.1350185612 0)
(7.7343 0.1350185612 0)
(7.8994 0.1350185612 0)
(8.0645 0.1350185612 0)
(8.2296 0.1350185612 0)
(8.3947 0.1350185612 0)
(8.5598 0.1350185612 0)
(8.7249 0.1350185612 0)
(8.89 0.1350185612 0)
(9.0551 0.1350185612 0)
(9.2202 0.1350185612 0)
(9.3853 0.1350185612 0)
(9.5504 0.1350185612 0)
(9.7155 0.1350185612 0)
(9.8806 0.1350185612 0)
(10.0457 0.1350185612 0)
(10.2108 0.1350185612 0)
(10.3759 0.1350185612 0)
(10.541 0.1350185612 0)
(10.7061 0.1350185612 0)
(10.8712 0.1350185612 0)
(11.0363 0.1350185612 0)
(11.2014 0.1350185612 0)
(11.3665 0.1350185612 0)
(11.5316 0.1350185612 0)
(11.6967 0.1350185612 0)
(11.8618 0.1350185612 0)
(12.0269 0.1350185612 0)
(12.192 0.1350185612 0)
(0.4699 0.181240666 0)
(0.635 0.181240666 0)
(0.8001 0.181240666 0)
(0.9652 0.181240666 0)
(1.1303 0.181240666 0)
(1.2954 0.181240666 0)
(1.4605 0.181240666 0)
(1.6256 0.181240666 0)
(1.7907 0.181240666 0)
(1.9558 0.181240666 0)
(2.1209 0.181240666 0)
(2.286 0.181240666 0)
(2.4511 0.181240666 0)
(2.6162 0.181240666 0)
(2.7813 0.181240666 0)
(2.9464 0.181240666 0)
(3.1115 0.181240666 0)
(3.2766 0.181240666 0)
(3.4417 0.181240666 0)
(3.6068 0.181240666 0)
(3.7719 0.181240666 0)
(3.937 0.181240666 0)
(4.1021 0.181240666 0)
(4.2672 0.181240666 0)
(4.4323 0.181240666 0)
(4.5974 0.181240666 0)
(4.7625 0.181240666 0)
(4.9276 0.181240666 0)
(5.0927 0.181240666 0)
(5.2578 0.181240666 0)
(5.4229 0.181240666 0)
(5.588 0.181240666 0)
(5.7531 0.181240666 0)
(5.9182 0.181240666 0)
(6.0833 0.181240666 0)
(6.2484 0.181240666 0)
(6.4135 0.181240666 0)
(6.5786 0.181240666 0)
(6.7437 0.181240666 0)
(6.9088 0.181240666 0)
(7.0739 0.181240666 0)
(7.239 0.181240666 0)
(7.4041 0.181240666 0)
(7.5692 0.181240666 0)
(7.7343 0.181240666 0)
(7.8994 0.181240666 0)
(8.0645 0.181240666 0)
(8.2296 0.181240666 0)
(8.3947 0.181240666 0)
(8.5598 0.181240666 0)
(8.7249 0.181240666 0)
(8.89 0.181240666 0)
(9.0551 0.181240666 0)
(9.2202 0.181240666 0)
(9.3853 0.181240666 0)
(9.5504 0.181240666 0)
(9.7155 0.181240666 0)
(9.8806 0.181240666 0)
(10.0457 0.181240666 0)
(10.2108 0.181240666 0)
(10.3759 0.181240666 0)
(10.541 0.181240666 0)
(10.7061 0.181240666 0)
(10.8712 0.181240666 0)
(11.0363 0.181240666 0)
(11.2014 0.181240666 0)
(11.3665 0.181240666 0)
(11.5316 0.181240666 0)
(11.6967 0.181240666 0)
(11.8618 0.181240666 0)
(12.0269 0.181240666 0)
(12.192 0.181240666 0)
(0.4699 0.2296378718 0)
(0.635 0.2296378718 0)
(0.8001 0.2296378718 0)
(0.9652 0.2296378718 0)
(1.1303 0.2296378718 0)
(1.2954 0.2296378718 0)
(1.4605 0.2296378718 0)
(1.6256 0.2296378718 0)
(1.7907 0.2296378718 0)
(1.9558 0.2296378718 0)
(2.1209 0.2296378718 0)
(2.286 0.2296378718 0)
(2.4511 0.2296378718 0)
(2.6162 0.2296378718 0)
(2.7813 0.2296378718 0)
(2.9464 0.2296378718 0)
(3.1115 0.2296378718 0)
(3.2766 0.2296378718 0)
(3.4417 0.2296378718 0)
(3.6068 0.2296378718 0)
(3.7719 0.2296378718 0)
(3.937 0.2296378718 0)
(4.1021 0.2296378718 0)
(4.2672 0.2296378718 0)
(4.4323 0.2296378718 0)
(4.5974 0.2296378718 0)
(4.7625 0.2296378718 0)
(4.9276 0.2296378718 0)
(5.0927 0.2296378718 0)
(5.2578 0.2296378718 0)
(5.4229 0.2296378718 0)
(5.588 0.2296378718 0)
(5.7531 0.2296378718 0)
(5.9182 0.2296378718 0)
(6.0833 0.2296378718 0)
(6.2484 0.2296378718 0)
(6.4135 0.2296378718 0)
(6.5786 0.2296378718 0)
(6.7437 0.2296378718 0)
(6.9088 0.2296378718 0)
(7.0739 0.2296378718 0)
(7.239 0.2296378718 0)
(7.4041 0.2296378718 0)
(7.5692 0.2296378718 0)
(7.7343 0.2296378718 0)
(7.8994 0.2296378718 0)
(8.0645 0.2296378718 0)
(8.2296 0.2296378718 0)
(8.3947 0.2296378718 0)
(8.5598 0.2296378718 0)
(8.7249 0.2296378718 0)
(8.89 0.2296378718 0)
(9.0551 0.2296378718 0)
(9.2202 0.2296378718 0)
(9.3853 0.2296378718 0)
(9.5504 0.2296378718 0)
(9.7155 0.2296378718 0)
(9.8806 0.2296378718 0)
(10.0457 0.2296378718 0)
(10.2108 0.2296378718 0)
(10.3759 0.2296378718 0)
(10.541 0.2296378718 0)
(10.7061 0.2296378718 0)
(10.8712 0.2296378718 0)
(11.0363 0.2296378718 0)
(11.2014 0.2296378718 0)
(11.3665 0.2296378718 0)
(11.5316 0.2296378718 0)
(11.6967 0.2296378718 0)
(11.8618 0.2296378718 0)
(12.0269 0.2296378718 0)
(12.192 0.2296378718 0)
(0.4699 0.2803125338 0)
(0.635 0.2803125338 0)
(0.8001 0.2803125338 0)
(0.9652 0.2803125338 0)
(1.1303 0.2803125338 0)
(1.2954 0.2803125338 0)
(1.4605 0.2803125338 0)
(1.6256 0.2803125338 0)
(1.7907 0.2803125338 0)
(1.9558 0.2803125338 0)
(2.1209 0.2803125338 0)
(2.286 0.2803125338 0)
(2.4511 0.2803125338 0)
(2.6162 0.2803125338 0)
(2.7813 0.2803125338 0)
(2.9464 0.2803125338 0)
(3.1115 0.2803125338 0)
(3.2766 0.2803125338 0)
(3.4417 0.2803125338 0)
(3.6068 0.2803125338 0)
(3.7719 0.2803125338 0)
(3.937 0.2803125338 0)
(4.1021 0.2803125338 0)
(4.2672 0.2803125338 0)
(4.4323 0.2803125338 0)
(4.5974 0.2803125338 0)
(4.7625 0.2803125338 0)
(4.9276 0.2803125338 0)
(5.0927 0.2803125338 0)
(5.2578 0.2803125338 0)
(5.4229 0.2803125338 0)
(5.588 0.2803125338 0)
(5.7531 0.2803125338 0)
(5.9182 0.2803125338 0)
(6.0833 0.2803125338 0)
(6.2484 0.2803125338 0)
(6.4135 0.2803125338 0)
(6.5786 0.2803125338 0)
(6.7437 0.2803125338 0)
(6.9088 0.2803125338 0)
(7.0739 0.2803125338 0)
(7.239 0.2803125338 0)
(7.4041 0.2803125338 0)
(7.5692 0.2803125338 0)
(7.7343 0.2803125338 0)
(7.8994 0.2803125338 0)
(8.0645 0.2803125338 0)
(8.2296 0.2803125338 0)
(8.3947 0.2803125338 0)
(8.5598 0.2803125338 0)
(8.7249 0.2803125338 0)
(8.89 0.2803125338 0)
(9.0551 0.2803125338 0)
(9.2202 0.2803125338 0)
(9.3853 0.2803125338 0)
(9.5504 0.2803125338 0)
(9.7155 0.2803125338 0)
(9.8806 0.2803125338 0)
(10.0457 0.2803125338 0)
(10.2108 0.2803125338 0)
(10.3759 0.2803125338 0)
(10.541 0.2803125338 0)
(10.7061 0.2803125338 0)
(10.8712 0.2803125338 0)
(11.0363 0.2803125338 0)
(11.2014 0.2803125338 0)
(11.3665 0.2803125338 0)
(11.5316 0.2803125338 0)
(11.6967 0.2803125338 0)
(11.8618 0.2803125338 0)
(12.0269 0.2803125338 0)
(12.192 0.2803125338 0)
(0.4699 0.3333718236 0)
(0.635 0.3333718236 0)
(0.8001 0.3333718236 0)
(0.9652 0.3333718236 0)
(1.1303 0.3333718236 0)
(1.2954 0.3333718236 0)
(1.4605 0.3333718236 0)
(1.6256 0.3333718236 0)
(1.7907 0.3333718236 0)
(1.9558 0.3333718236 0)
(2.1209 0.3333718236 0)
(2.286 0.3333718236 0)
(2.4511 0.3333718236 0)
(2.6162 0.3333718236 0)
(2.7813 0.3333718236 0)
(2.9464 0.3333718236 0)
(3.1115 0.3333718236 0)
(3.2766 0.3333718236 0)
(3.4417 0.3333718236 0)
(3.6068 0.3333718236 0)
(3.7719 0.3333718236 0)
(3.937 0.3333718236 0)
(4.1021 0.3333718236 0)
(4.2672 0.3333718236 0)
(4.4323 0.3333718236 0)
(4.5974 0.3333718236 0)
(4.7625 0.3333718236 0)
(4.9276 0.3333718236 0)
(5.0927 0.3333718236 0)
(5.2578 0.3333718236 0)
(5.4229 0.3333718236 0)
(5.588 0.3333718236 0)
(5.7531 0.3333718236 0)
(5.9182 0.3333718236 0)
(6.0833 0.3333718236 0)
(6.2484 0.3333718236 0)
(6.4135 0.3333718236 0)
(6.5786 0.3333718236 0)
(6.7437 0.3333718236 0)
(6.9088 0.3333718236 0)
(7.0739 0.3333718236 0)
(7.239 0.3333718236 0)
(7.4041 0.3333718236 0)
(7.5692 0.3333718236 0)
(7.7343 0.3333718236 0)
(7.8994 0.3333718236 0)
(8.0645 0.3333718236 0)
(8.2296 0.3333718236 0)
(8.3947 0.3333718236 0)
(8.5598 0.3333718236 0)
(8.7249 0.3333718236 0)
(8.89 0.3333718236 0)
(9.0551 0.3333718236 0)
(9.2202 0.3333718236 0)
(9.3853 0.3333718236 0)
(9.5504 0.3333718236 0)
(9.7155 0.3333718236 0)
(9.8806 0.3333718236 0)
(10.0457 0.3333718236 0)
(10.2108 0.3333718236 0)
(10.3759 0.3333718236 0)
(10.541 0.3333718236 0)
(10.7061 0.3333718236 0)
(10.8712 0.3333718236 0)
(11.0363 0.3333718236 0)
(11.2014 0.3333718236 0)
(11.3665 0.3333718236 0)
(11.5316 0.3333718236 0)
(11.6967 0.3333718236 0)
(11.8618 0.3333718236 0)
(12.0269 0.3333718236 0)
(12.192 0.3333718236 0)
(0.4699 0.3889279559 0)
(0.635 0.3889279559 0)
(0.8001 0.3889279559 0)
(0.9652 0.3889279559 0)
(1.1303 0.3889279559 0)
(1.2954 0.3889279559 0)
(1.4605 0.3889279559 0)
(1.6256 0.3889279559 0)
(1.7907 0.3889279559 0)
(1.9558 0.3889279559 0)
(2.1209 0.3889279559 0)
(2.286 0.3889279559 0)
(2.4511 0.3889279559 0)
(2.6162 0.3889279559 0)
(2.7813 0.3889279559 0)
(2.9464 0.3889279559 0)
(3.1115 0.3889279559 0)
(3.2766 0.3889279559 0)
(3.4417 0.3889279559 0)
(3.6068 0.3889279559 0)
(3.7719 0.3889279559 0)
(3.937 0.3889279559 0)
(4.1021 0.3889279559 0)
(4.2672 0.3889279559 0)
(4.4323 0.3889279559 0)
(4.5974 0.3889279559 0)
(4.7625 0.3889279559 0)
(4.9276 0.3889279559 0)
(5.0927 0.3889279559 0)
(5.2578 0.3889279559 0)
(5.4229 0.3889279559 0)
(5.588 0.3889279559 0)
(5.7531 0.3889279559 0)
(5.9182 0.3889279559 0)
(6.0833 0.3889279559 0)
(6.2484 0.3889279559 0)
(6.4135 0.3889279559 0)
(6.5786 0.3889279559 0)
(6.7437 0.3889279559 0)
(6.9088 0.3889279559 0)
(7.0739 0.3889279559 0)
(7.239 0.3889279559 0)
(7.4041 0.3889279559 0)
(7.5692 0.3889279559 0)
(7.7343 0.3889279559 0)
(7.8994 0.3889279559 0)
(8.0645 0.3889279559 0)
(8.2296 0.3889279559 0)
(8.3947 0.3889279559 0)
(8.5598 0.3889279559 0)
(8.7249 0.3889279559 0)
(8.89 0.3889279559 0)
(9.0551 0.3889279559 0)
(9.2202 0.3889279559 0)
(9.3853 0.3889279559 0)
(9.5504 0.3889279559 0)
(9.7155 0.3889279559 0)
(9.8806 0.3889279559 0)
(10.0457 0.3889279559 0)
(10.2108 0.3889279559 0)
(10.3759 0.3889279559 0)
(10.541 0.3889279559 0)
(10.7061 0.3889279559 0)
(10.8712 0.3889279559 0)
(11.0363 0.3889279559 0)
(11.2014 0.3889279559 0)
(11.3665 0.3889279559 0)
(11.5316 0.3889279559 0)
(11.6967 0.3889279559 0)
(11.8618 0.3889279559 0)
(12.0269 0.3889279559 0)
(12.192 0.3889279559 0)
(0.4699 0.4470984263 0)
(0.635 0.4470984263 0)
(0.8001 0.4470984263 0)
(0.9652 0.4470984263 0)
(1.1303 0.4470984263 0)
(1.2954 0.4470984263 0)
(1.4605 0.4470984263 0)
(1.6256 0.4470984263 0)
(1.7907 0.4470984263 0)
(1.9558 0.4470984263 0)
(2.1209 0.4470984263 0)
(2.286 0.4470984263 0)
(2.4511 0.4470984263 0)
(2.6162 0.4470984263 0)
(2.7813 0.4470984263 0)
(2.9464 0.4470984263 0)
(3.1115 0.4470984263 0)
(3.2766 0.4470984263 0)
(3.4417 0.4470984263 0)
(3.6068 0.4470984263 0)
(3.7719 0.4470984263 0)
(3.937 0.4470984263 0)
(4.1021 0.4470984263 0)
(4.2672 0.4470984263 0)
(4.4323 0.4470984263 0)
(4.5974 0.4470984263 0)
(4.7625 0.4470984263 0)
(4.9276 0.4470984263 0)
(5.0927 0.4470984263 0)
(5.2578 0.4470984263 0)
(5.4229 0.4470984263 0)
(5.588 0.4470984263 0)
(5.7531 0.4470984263 0)
(5.9182 0.4470984263 0)
(6.0833 0.4470984263 0)
(6.2484 0.4470984263 0)
(6.4135 0.4470984263 0)
(6.5786 0.4470984263 0)
(6.7437 0.4470984263 0)
(6.9088 0.4470984263 0)
(7.0739 0.4470984263 0)
(7.239 0.4470984263 0)
(7.4041 0.4470984263 0)
(7.5692 0.4470984263 0)
(7.7343 0.4470984263 0)
(7.8994 0.4470984263 0)
(8.0645 0.4470984263 0)
(8.2296 0.4470984263 0)
(8.3947 0.4470984263 0)
(8.5598 0.4470984263 0)
(8.7249 0.4470984263 0)
(8.89 0.4470984263 0)
(9.0551 0.4470984263 0)
(9.2202 0.4470984263 0)
(9.3853 0.4470984263 0)
(9.5504 0.4470984263 0)
(9.7155 0.4470984263 0)
(9.8806 0.4470984263 0)
(10.0457 0.4470984263 0)
(10.2108 0.4470984263 0)
(10.3759 0.4470984263 0)
(10.541 0.4470984263 0)
(10.7061 0.4470984263 0)
(10.8712 0.4470984263 0)
(11.0363 0.4470984263 0)
(11.2014 0.4470984263 0)
(11.3665 0.4470984263 0)
(11.5316 0.4470984263 0)
(11.6967 0.4470984263 0)
(11.8618 0.4470984263 0)
(12.0269 0.4470984263 0)
(12.192 0.4470984263 0)
(0.4699 0.5080062591 0)
(0.635 0.5080062591 0)
(0.8001 0.5080062591 0)
(0.9652 0.5080062591 0)
(1.1303 0.5080062591 0)
(1.2954 0.5080062591 0)
(1.4605 0.5080062591 0)
(1.6256 0.5080062591 0)
(1.7907 0.5080062591 0)
(1.9558 0.5080062591 0)
(2.1209 0.5080062591 0)
(2.286 0.5080062591 0)
(2.4511 0.5080062591 0)
(2.6162 0.5080062591 0)
(2.7813 0.5080062591 0)
(2.9464 0.5080062591 0)
(3.1115 0.5080062591 0)
(3.2766 0.5080062591 0)
(3.4417 0.5080062591 0)
(3.6068 0.5080062591 0)
(3.7719 0.5080062591 0)
(3.937 0.5080062591 0)
(4.1021 0.5080062591 0)
(4.2672 0.5080062591 0)
(4.4323 0.5080062591 0)
(4.5974 0.5080062591 0)
(4.7625 0.5080062591 0)
(4.9276 0.5080062591 0)
(5.0927 0.5080062591 0)
(5.2578 0.5080062591 0)
(5.4229 0.5080062591 0)
(5.588 0.5080062591 0)
(5.7531 0.5080062591 0)
(5.9182 0.5080062591 0)
(6.0833 0.5080062591 0)
(6.2484 0.5080062591 0)
(6.4135 0.5080062591 0)
(6.5786 0.5080062591 0)
(6.7437 0.5080062591 0)
(6.9088 0.5080062591 0)
(7.0739 0.5080062591 0)
(7.239 0.5080062591 0)
(7.4041 0.5080062591 0)
(7.5692 0.5080062591 0)
(7.7343 0.5080062591 0)
(7.8994 0.5080062591 0)
(8.0645 0.5080062591 0)
(8.2296 0.5080062591 0)
(8.3947 0.5080062591 0)
(8.5598 0.5080062591 0)
(8.7249 0.5080062591 0)
(8.89 0.5080062591 0)
(9.0551 0.5080062591 0)
(9.2202 0.5080062591 0)
(9.3853 0.5080062591 0)
(9.5504 0.5080062591 0)
(9.7155 0.5080062591 0)
(9.8806 0.5080062591 0)
(10.0457 0.5080062591 0)
(10.2108 0.5080062591 0)
(10.3759 0.5080062591 0)
(10.541 0.5080062591 0)
(10.7061 0.5080062591 0)
(10.8712 0.5080062591 0)
(11.0363 0.5080062591 0)
(11.2014 0.5080062591 0)
(11.3665 0.5080062591 0)
(11.5316 0.5080062591 0)
(11.6967 0.5080062591 0)
(11.8618 0.5080062591 0)
(12.0269 0.5080062591 0)
(12.192 0.5080062591 0)
(0.4699 0.5717802681 0)
(0.635 0.5717802681 0)
(0.8001 0.5717802681 0)
(0.9652 0.5717802681 0)
(1.1303 0.5717802681 0)
(1.2954 0.5717802681 0)
(1.4605 0.5717802681 0)
(1.6256 0.5717802681 0)
(1.7907 0.5717802681 0)
(1.9558 0.5717802681 0)
(2.1209 0.5717802681 0)
(2.286 0.5717802681 0)
(2.4511 0.5717802681 0)
(2.6162 0.5717802681 0)
(2.7813 0.5717802681 0)
(2.9464 0.5717802681 0)
(3.1115 0.5717802681 0)
(3.2766 0.5717802681 0)
(3.4417 0.5717802681 0)
(3.6068 0.5717802681 0)
(3.7719 0.5717802681 0)
(3.937 0.5717802681 0)
(4.1021 0.5717802681 0)
(4.2672 0.5717802681 0)
(4.4323 0.5717802681 0)
(4.5974 0.5717802681 0)
(4.7625 0.5717802681 0)
(4.9276 0.5717802681 0)
(5.0927 0.5717802681 0)
(5.2578 0.5717802681 0)
(5.4229 0.5717802681 0)
(5.588 0.5717802681 0)
(5.7531 0.5717802681 0)
(5.9182 0.5717802681 0)
(6.0833 0.5717802681 0)
(6.2484 0.5717802681 0)
(6.4135 0.5717802681 0)
(6.5786 0.5717802681 0)
(6.7437 0.5717802681 0)
(6.9088 0.5717802681 0)
(7.0739 0.5717802681 0)
(7.239 0.5717802681 0)
(7.4041 0.5717802681 0)
(7.5692 0.5717802681 0)
(7.7343 0.5717802681 0)
(7.8994 0.5717802681 0)
(8.0645 0.5717802681 0)
(8.2296 0.5717802681 0)
(8.3947 0.5717802681 0)
(8.5598 0.5717802681 0)
(8.7249 0.5717802681 0)
(8.89 0.5717802681 0)
(9.0551 0.5717802681 0)
(9.2202 0.5717802681 0)
(9.3853 0.5717802681 0)
(9.5504 0.5717802681 0)
(9.7155 0.5717802681 0)
(9.8806 0.5717802681 0)
(10.0457 0.5717802681 0)
(10.2108 0.5717802681 0)
(10.3759 0.5717802681 0)
(10.541 0.5717802681 0)
(10.7061 0.5717802681 0)
(10.8712 0.5717802681 0)
(11.0363 0.5717802681 0)
(11.2014 0.5717802681 0)
(11.3665 0.5717802681 0)
(11.5316 0.5717802681 0)
(11.6967 0.5717802681 0)
(11.8618 0.5717802681 0)
(12.0269 0.5717802681 0)
(12.192 0.5717802681 0)
(0.4699 0.6385553285 0)
(0.635 0.6385553285 0)
(0.8001 0.6385553285 0)
(0.9652 0.6385553285 0)
(1.1303 0.6385553285 0)
(1.2954 0.6385553285 0)
(1.4605 0.6385553285 0)
(1.6256 0.6385553285 0)
(1.7907 0.6385553285 0)
(1.9558 0.6385553285 0)
(2.1209 0.6385553285 0)
(2.286 0.6385553285 0)
(2.4511 0.6385553285 0)
(2.6162 0.6385553285 0)
(2.7813 0.6385553285 0)
(2.9464 0.6385553285 0)
(3.1115 0.6385553285 0)
(3.2766 0.6385553285 0)
(3.4417 0.6385553285 0)
(3.6068 0.6385553285 0)
(3.7719 0.6385553285 0)
(3.937 0.6385553285 0)
(4.1021 0.6385553285 0)
(4.2672 0.6385553285 0)
(4.4323 0.6385553285 0)
(4.5974 0.6385553285 0)
(4.7625 0.6385553285 0)
(4.9276 0.6385553285 0)
(5.0927 0.6385553285 0)
(5.2578 0.6385553285 0)
(5.4229 0.6385553285 0)
(5.588 0.6385553285 0)
(5.7531 0.6385553285 0)
(5.9182 0.6385553285 0)
(6.0833 0.6385553285 0)
(6.2484 0.6385553285 0)
(6.4135 0.6385553285 0)
(6.5786 0.6385553285 0)
(6.7437 0.6385553285 0)
(6.9088 0.6385553285 0)
(7.0739 0.6385553285 0)
(7.239 0.6385553285 0)
(7.4041 0.6385553285 0)
(7.5692 0.6385553285 0)
(7.7343 0.6385553285 0)
(7.8994 0.6385553285 0)
(8.0645 0.6385553285 0)
(8.2296 0.6385553285 0)
(8.3947 0.6385553285 0)
(8.5598 0.6385553285 0)
(8.7249 0.6385553285 0)
(8.89 0.6385553285 0)
(9.0551 0.6385553285 0)
(9.2202 0.6385553285 0)
(9.3853 0.6385553285 0)
(9.5504 0.6385553285 0)
(9.7155 0.6385553285 0)
(9.8806 0.6385553285 0)
(10.0457 0.6385553285 0)
(10.2108 0.6385553285 0)
(10.3759 0.6385553285 0)
(10.541 0.6385553285 0)
(10.7061 0.6385553285 0)
(10.8712 0.6385553285 0)
(11.0363 0.6385553285 0)
(11.2014 0.6385553285 0)
(11.3665 0.6385553285 0)
(11.5316 0.6385553285 0)
(11.6967 0.6385553285 0)
(11.8618 0.6385553285 0)
(12.0269 0.6385553285 0)
(12.192 0.6385553285 0)
(0.4699 0.7084726628 0)
(0.635 0.7084726628 0)
(0.8001 0.7084726628 0)
(0.9652 0.7084726628 0)
(1.1303 0.7084726628 0)
(1.2954 0.7084726628 0)
(1.4605 0.7084726628 0)
(1.6256 0.7084726628 0)
(1.7907 0.7084726628 0)
(1.9558 0.7084726628 0)
(2.1209 0.7084726628 0)
(2.286 0.7084726628 0)
(2.4511 0.7084726628 0)
(2.6162 0.7084726628 0)
(2.7813 0.7084726628 0)
(2.9464 0.7084726628 0)
(3.1115 0.7084726628 0)
(3.2766 0.7084726628 0)
(3.4417 0.7084726628 0)
(3.6068 0.7084726628 0)
(3.7719 0.7084726628 0)
(3.937 0.7084726628 0)
(4.1021 0.7084726628 0)
(4.2672 0.7084726628 0)
(4.4323 0.7084726628 0)
(4.5974 0.7084726628 0)
(4.7625 0.7084726628 0)
(4.9276 0.7084726628 0)
(5.0927 0.7084726628 0)
(5.2578 0.7084726628 0)
(5.4229 0.7084726628 0)
(5.588 0.7084726628 0)
(5.7531 0.7084726628 0)
(5.9182 0.7084726628 0)
(6.0833 0.7084726628 0)
(6.2484 0.7084726628 0)
(6.4135 0.7084726628 0)
(6.5786 0.7084726628 0)
(6.7437 0.7084726628 0)
(6.9088 0.7084726628 0)
(7.0739 0.7084726628 0)
(7.239 0.7084726628 0)
(7.4041 0.7084726628 0)
(7.5692 0.7084726628 0)
(7.7343 0.7084726628 0)
(7.8994 0.7084726628 0)
(8.0645 0.7084726628 0)
(8.2296 0.7084726628 0)
(8.3947 0.7084726628 0)
(8.5598 0.7084726628 0)
(8.7249 0.7084726628 0)
(8.89 0.7084726628 0)
(9.0551 0.7084726628 0)
(9.2202 0.7084726628 0)
(9.3853 0.7084726628 0)
(9.5504 0.7084726628 0)
(9.7155 0.7084726628 0)
(9.8806 0.7084726628 0)
(10.0457 0.7084726628 0)
(10.2108 0.7084726628 0)
(10.3759 0.7084726628 0)
(10.541 0.7084726628 0)
(10.7061 0.7084726628 0)
(10.8712 0.7084726628 0)
(11.0363 0.7084726628 0)
(11.2014 0.7084726628 0)
(11.3665 0.7084726628 0)
(11.5316 0.7084726628 0)
(11.6967 0.7084726628 0)
(11.8618 0.7084726628 0)
(12.0269 0.7084726628 0)
(12.192 0.7084726628 0)
(0.4699 0.7816801387 0)
(0.635 0.7816801387 0)
(0.8001 0.7816801387 0)
(0.9652 0.7816801387 0)
(1.1303 0.7816801387 0)
(1.2954 0.7816801387 0)
(1.4605 0.7816801387 0)
(1.6256 0.7816801387 0)
(1.7907 0.7816801387 0)
(1.9558 0.7816801387 0)
(2.1209 0.7816801387 0)
(2.286 0.7816801387 0)
(2.4511 0.7816801387 0)
(2.6162 0.7816801387 0)
(2.7813 0.7816801387 0)
(2.9464 0.7816801387 0)
(3.1115 0.7816801387 0)
(3.2766 0.7816801387 0)
(3.4417 0.7816801387 0)
(3.6068 0.7816801387 0)
(3.7719 0.7816801387 0)
(3.937 0.7816801387 0)
(4.1021 0.7816801387 0)
(4.2672 0.7816801387 0)
(4.4323 0.7816801387 0)
(4.5974 0.7816801387 0)
(4.7625 0.7816801387 0)
(4.9276 0.7816801387 0)
(5.0927 0.7816801387 0)
(5.2578 0.7816801387 0)
(5.4229 0.7816801387 0)
(5.588 0.7816801387 0)
(5.7531 0.7816801387 0)
(5.9182 0.7816801387 0)
(6.0833 0.7816801387 0)
(6.2484 0.7816801387 0)
(6.4135 0.7816801387 0)
(6.5786 0.7816801387 0)
(6.7437 0.7816801387 0)
(6.9088 0.7816801387 0)
(7.0739 0.7816801387 0)
(7.239 0.7816801387 0)
(7.4041 0.7816801387 0)
(7.5692 0.7816801387 0)
(7.7343 0.7816801387 0)
(7.8994 0.7816801387 0)
(8.0645 0.7816801387 0)
(8.2296 0.7816801387 0)
(8.3947 0.7816801387 0)
(8.5598 0.7816801387 0)
(8.7249 0.7816801387 0)
(8.89 0.7816801387 0)
(9.0551 0.7816801387 0)
(9.2202 0.7816801387 0)
(9.3853 0.7816801387 0)
(9.5504 0.7816801387 0)
(9.7155 0.7816801387 0)
(9.8806 0.7816801387 0)
(10.0457 0.7816801387 0)
(10.2108 0.7816801387 0)
(10.3759 0.7816801387 0)
(10.541 0.7816801387 0)
(10.7061 0.7816801387 0)
(10.8712 0.7816801387 0)
(11.0363 0.7816801387 0)
(11.2014 0.7816801387 0)
(11.3665 0.7816801387 0)
(11.5316 0.7816801387 0)
(11.6967 0.7816801387 0)
(11.8618 0.7816801387 0)
(12.0269 0.7816801387 0)
(12.192 0.7816801387 0)
(0.4699 0.8583325824 0)
(0.635 0.8583325824 0)
(0.8001 0.8583325824 0)
(0.9652 0.8583325824 0)
(1.1303 0.8583325824 0)
(1.2954 0.8583325824 0)
(1.4605 0.8583325824 0)
(1.6256 0.8583325824 0)
(1.7907 0.8583325824 0)
(1.9558 0.8583325824 0)
(2.1209 0.8583325824 0)
(2.286 0.8583325824 0)
(2.4511 0.8583325824 0)
(2.6162 0.8583325824 0)
(2.7813 0.8583325824 0)
(2.9464 0.8583325824 0)
(3.1115 0.8583325824 0)
(3.2766 0.8583325824 0)
(3.4417 0.8583325824 0)
(3.6068 0.8583325824 0)
(3.7719 0.8583325824 0)
(3.937 0.8583325824 0)
(4.1021 0.8583325824 0)
(4.2672 0.8583325824 0)
(4.4323 0.8583325824 0)
(4.5974 0.8583325824 0)
(4.7625 0.8583325824 0)
(4.9276 0.8583325824 0)
(5.0927 0.8583325824 0)
(5.2578 0.8583325824 0)
(5.4229 0.8583325824 0)
(5.588 0.8583325824 0)
(5.7531 0.8583325824 0)
(5.9182 0.8583325824 0)
(6.0833 0.8583325824 0)
(6.2484 0.8583325824 0)
(6.4135 0.8583325824 0)
(6.5786 0.8583325824 0)
(6.7437 0.8583325824 0)
(6.9088 0.8583325824 0)
(7.0739 0.8583325824 0)
(7.239 0.8583325824 0)
(7.4041 0.8583325824 0)
(7.5692 0.8583325824 0)
(7.7343 0.8583325824 0)
(7.8994 0.8583325824 0)
(8.0645 0.8583325824 0)
(8.2296 0.8583325824 0)
(8.3947 0.8583325824 0)
(8.5598 0.8583325824 0)
(8.7249 0.8583325824 0)
(8.89 0.8583325824 0)
(9.0551 0.8583325824 0)
(9.2202 0.8583325824 0)
(9.3853 0.8583325824 0)
(9.5504 0.8583325824 0)
(9.7155 0.8583325824 0)
(9.8806 0.8583325824 0)
(10.0457 0.8583325824 0)
(10.2108 0.8583325824 0)
(10.3759 0.8583325824 0)
(10.541 0.8583325824 0)
(10.7061 0.8583325824 0)
(10.8712 0.8583325824 0)
(11.0363 0.8583325824 0)
(11.2014 0.8583325824 0)
(11.3665 0.8583325824 0)
(11.5316 0.8583325824 0)
(11.6967 0.8583325824 0)
(11.8618 0.8583325824 0)
(12.0269 0.8583325824 0)
(12.192 0.8583325824 0)
(0.4699 0.9385921057 0)
(0.635 0.9385921057 0)
(0.8001 0.9385921057 0)
(0.9652 0.9385921057 0)
(1.1303 0.9385921057 0)
(1.2954 0.9385921057 0)
(1.4605 0.9385921057 0)
(1.6256 0.9385921057 0)
(1.7907 0.9385921057 0)
(1.9558 0.9385921057 0)
(2.1209 0.9385921057 0)
(2.286 0.9385921057 0)
(2.4511 0.9385921057 0)
(2.6162 0.9385921057 0)
(2.7813 0.9385921057 0)
(2.9464 0.9385921057 0)
(3.1115 0.9385921057 0)
(3.2766 0.9385921057 0)
(3.4417 0.9385921057 0)
(3.6068 0.9385921057 0)
(3.7719 0.9385921057 0)
(3.937 0.9385921057 0)
(4.1021 0.9385921057 0)
(4.2672 0.9385921057 0)
(4.4323 0.9385921057 0)
(4.5974 0.9385921057 0)
(4.7625 0.9385921057 0)
(4.9276 0.9385921057 0)
(5.0927 0.9385921057 0)
(5.2578 0.9385921057 0)
(5.4229 0.9385921057 0)
(5.588 0.9385921057 0)
(5.7531 0.9385921057 0)
(5.9182 0.9385921057 0)
(6.0833 0.9385921057 0)
(6.2484 0.9385921057 0)
(6.4135 0.9385921057 0)
(6.5786 0.9385921057 0)
(6.7437 0.9385921057 0)
(6.9088 0.9385921057 0)
(7.0739 0.9385921057 0)
(7.239 0.9385921057 0)
(7.4041 0.9385921057 0)
(7.5692 0.9385921057 0)
(7.7343 0.9385921057 0)
(7.8994 0.9385921057 0)
(8.0645 0.9385921057 0)
(8.2296 0.9385921057 0)
(8.3947 0.9385921057 0)
(8.5598 0.9385921057 0)
(8.7249 0.9385921057 0)
(8.89 0.9385921057 0)
(9.0551 0.9385921057 0)
(9.2202 0.9385921057 0)
(9.3853 0.9385921057 0)
(9.5504 0.9385921057 0)
(9.7155 0.9385921057 0)
(9.8806 0.9385921057 0)
(10.0457 0.9385921057 0)
(10.2108 0.9385921057 0)
(10.3759 0.9385921057 0)
(10.541 0.9385921057 0)
(10.7061 0.9385921057 0)
(10.8712 0.9385921057 0)
(11.0363 0.9385921057 0)
(11.2014 0.9385921057 0)
(11.3665 0.9385921057 0)
(11.5316 0.9385921057 0)
(11.6967 0.9385921057 0)
(11.8618 0.9385921057 0)
(12.0269 0.9385921057 0)
(12.192 0.9385921057 0)
(0.4699 1.022628449 0)
(0.635 1.022628449 0)
(0.8001 1.022628449 0)
(0.9652 1.022628449 0)
(1.1303 1.022628449 0)
(1.2954 1.022628449 0)
(1.4605 1.022628449 0)
(1.6256 1.022628449 0)
(1.7907 1.022628449 0)
(1.9558 1.022628449 0)
(2.1209 1.022628449 0)
(2.286 1.022628449 0)
(2.4511 1.022628449 0)
(2.6162 1.022628449 0)
(2.7813 1.022628449 0)
(2.9464 1.022628449 0)
(3.1115 1.022628449 0)
(3.2766 1.022628449 0)
(3.4417 1.022628449 0)
(3.6068 1.022628449 0)
(3.7719 1.022628449 0)
(3.937 1.022628449 0)
(4.1021 1.022628449 0)
(4.2672 1.022628449 0)
(4.4323 1.022628449 0)
(4.5974 1.022628449 0)
(4.7625 1.022628449 0)
(4.9276 1.022628449 0)
(5.0927 1.022628449 0)
(5.2578 1.022628449 0)
(5.4229 1.022628449 0)
(5.588 1.022628449 0)
(5.7531 1.022628449 0)
(5.9182 1.022628449 0)
(6.0833 1.022628449 0)
(6.2484 1.022628449 0)
(6.4135 1.022628449 0)
(6.5786 1.022628449 0)
(6.7437 1.022628449 0)
(6.9088 1.022628449 0)
(7.0739 1.022628449 0)
(7.239 1.022628449 0)
(7.4041 1.022628449 0)
(7.5692 1.022628449 0)
(7.7343 1.022628449 0)
(7.8994 1.022628449 0)
(8.0645 1.022628449 0)
(8.2296 1.022628449 0)
(8.3947 1.022628449 0)
(8.5598 1.022628449 0)
(8.7249 1.022628449 0)
(8.89 1.022628449 0)
(9.0551 1.022628449 0)
(9.2202 1.022628449 0)
(9.3853 1.022628449 0)
(9.5504 1.022628449 0)
(9.7155 1.022628449 0)
(9.8806 1.022628449 0)
(10.0457 1.022628449 0)
(10.2108 1.022628449 0)
(10.3759 1.022628449 0)
(10.541 1.022628449 0)
(10.7061 1.022628449 0)
(10.8712 1.022628449 0)
(11.0363 1.022628449 0)
(11.2014 1.022628449 0)
(11.3665 1.022628449 0)
(11.5316 1.022628449 0)
(11.6967 1.022628449 0)
(11.8618 1.022628449 0)
(12.0269 1.022628449 0)
(12.192 1.022628449 0)
(0.4699 1.110619341 0)
(0.635 1.110619341 0)
(0.8001 1.110619341 0)
(0.9652 1.110619341 0)
(1.1303 1.110619341 0)
(1.2954 1.110619341 0)
(1.4605 1.110619341 0)
(1.6256 1.110619341 0)
(1.7907 1.110619341 0)
(1.9558 1.110619341 0)
(2.1209 1.110619341 0)
(2.286 1.110619341 0)
(2.4511 1.110619341 0)
(2.6162 1.110619341 0)
(2.7813 1.110619341 0)
(2.9464 1.110619341 0)
(3.1115 1.110619341 0)
(3.2766 1.110619341 0)
(3.4417 1.110619341 0)
(3.6068 1.110619341 0)
(3.7719 1.110619341 0)
(3.937 1.110619341 0)
(4.1021 1.110619341 0)
(4.2672 1.110619341 0)
(4.4323 1.110619341 0)
(4.5974 1.110619341 0)
(4.7625 1.110619341 0)
(4.9276 1.110619341 0)
(5.0927 1.110619341 0)
(5.2578 1.110619341 0)
(5.4229 1.110619341 0)
(5.588 1.110619341 0)
(5.7531 1.110619341 0)
(5.9182 1.110619341 0)
(6.0833 1.110619341 0)
(6.2484 1.110619341 0)
(6.4135 1.110619341 0)
(6.5786 1.110619341 0)
(6.7437 1.110619341 0)
(6.9088 1.110619341 0)
(7.0739 1.110619341 0)
(7.239 1.110619341 0)
(7.4041 1.110619341 0)
(7.5692 1.110619341 0)
(7.7343 1.110619341 0)
(7.8994 1.110619341 0)
(8.0645 1.110619341 0)
(8.2296 1.110619341 0)
(8.3947 1.110619341 0)
(8.5598 1.110619341 0)
(8.7249 1.110619341 0)
(8.89 1.110619341 0)
(9.0551 1.110619341 0)
(9.2202 1.110619341 0)
(9.3853 1.110619341 0)
(9.5504 1.110619341 0)
(9.7155 1.110619341 0)
(9.8806 1.110619341 0)
(10.0457 1.110619341 0)
(10.2108 1.110619341 0)
(10.3759 1.110619341 0)
(10.541 1.110619341 0)
(10.7061 1.110619341 0)
(10.8712 1.110619341 0)
(11.0363 1.110619341 0)
(11.2014 1.110619341 0)
(11.3665 1.110619341 0)
(11.5316 1.110619341 0)
(11.6967 1.110619341 0)
(11.8618 1.110619341 0)
(12.0269 1.110619341 0)
(12.192 1.110619341 0)
(0.4699 1.202750873 0)
(0.635 1.202750873 0)
(0.8001 1.202750873 0)
(0.9652 1.202750873 0)
(1.1303 1.202750873 0)
(1.2954 1.202750873 0)
(1.4605 1.202750873 0)
(1.6256 1.202750873 0)
(1.7907 1.202750873 0)
(1.9558 1.202750873 0)
(2.1209 1.202750873 0)
(2.286 1.202750873 0)
(2.4511 1.202750873 0)
(2.6162 1.202750873 0)
(2.7813 1.202750873 0)
(2.9464 1.202750873 0)
(3.1115 1.202750873 0)
(3.2766 1.202750873 0)
(3.4417 1.202750873 0)
(3.6068 1.202750873 0)
(3.7719 1.202750873 0)
(3.937 1.202750873 0)
(4.1021 1.202750873 0)
(4.2672 1.202750873 0)
(4.4323 1.202750873 0)
(4.5974 1.202750873 0)
(4.7625 1.202750873 0)
(4.9276 1.202750873 0)
(5.0927 1.202750873 0)
(5.2578 1.202750873 0)
(5.4229 1.202750873 0)
(5.588 1.202750873 0)
(5.7531 1.202750873 0)
(5.9182 1.202750873 0)
(6.0833 1.202750873 0)
(6.2484 1.202750873 0)
(6.4135 1.202750873 0)
(6.5786 1.202750873 0)
(6.7437 1.202750873 0)
(6.9088 1.202750873 0)
(7.0739 1.202750873 0)
(7.239 1.202750873 0)
(7.4041 1.202750873 0)
(7.5692 1.202750873 0)
(7.7343 1.202750873 0)
(7.8994 1.202750873 0)
(8.0645 1.202750873 0)
(8.2296 1.202750873 0)
(8.3947 1.202750873 0)
(8.5598 1.202750873 0)
(8.7249 1.202750873 0)
(8.89 1.202750873 0)
(9.0551 1.202750873 0)
(9.2202 1.202750873 0)
(9.3853 1.202750873 0)
(9.5504 1.202750873 0)
(9.7155 1.202750873 0)
(9.8806 1.202750873 0)
(10.0457 1.202750873 0)
(10.2108 1.202750873 0)
(10.3759 1.202750873 0)
(10.541 1.202750873 0)
(10.7061 1.202750873 0)
(10.8712 1.202750873 0)
(11.0363 1.202750873 0)
(11.2014 1.202750873 0)
(11.3665 1.202750873 0)
(11.5316 1.202750873 0)
(11.6967 1.202750873 0)
(11.8618 1.202750873 0)
(12.0269 1.202750873 0)
(12.192 1.202750873 0)
(0.4699 1.299217893 0)
(0.635 1.299217893 0)
(0.8001 1.299217893 0)
(0.9652 1.299217893 0)
(1.1303 1.299217893 0)
(1.2954 1.299217893 0)
(1.4605 1.299217893 0)
(1.6256 1.299217893 0)
(1.7907 1.299217893 0)
(1.9558 1.299217893 0)
(2.1209 1.299217893 0)
(2.286 1.299217893 0)
(2.4511 1.299217893 0)
(2.6162 1.299217893 0)
(2.7813 1.299217893 0)
(2.9464 1.299217893 0)
(3.1115 1.299217893 0)
(3.2766 1.299217893 0)
(3.4417 1.299217893 0)
(3.6068 1.299217893 0)
(3.7719 1.299217893 0)
(3.937 1.299217893 0)
(4.1021 1.299217893 0)
(4.2672 1.299217893 0)
(4.4323 1.299217893 0)
(4.5974 1.299217893 0)
(4.7625 1.299217893 0)
(4.9276 1.299217893 0)
(5.0927 1.299217893 0)
(5.2578 1.299217893 0)
(5.4229 1.299217893 0)
(5.588 1.299217893 0)
(5.7531 1.299217893 0)
(5.9182 1.299217893 0)
(6.0833 1.299217893 0)
(6.2484 1.299217893 0)
(6.4135 1.299217893 0)
(6.5786 1.299217893 0)
(6.7437 1.299217893 0)
(6.9088 1.299217893 0)
(7.0739 1.299217893 0)
(7.239 1.299217893 0)
(7.4041 1.299217893 0)
(7.5692 1.299217893 0)
(7.7343 1.299217893 0)
(7.8994 1.299217893 0)
(8.0645 1.299217893 0)
(8.2296 1.299217893 0)
(8.3947 1.299217893 0)
(8.5598 1.299217893 0)
(8.7249 1.299217893 0)
(8.89 1.299217893 0)
(9.0551 1.299217893 0)
(9.2202 1.299217893 0)
(9.3853 1.299217893 0)
(9.5504 1.299217893 0)
(9.7155 1.299217893 0)
(9.8806 1.299217893 0)
(10.0457 1.299217893 0)
(10.2108 1.299217893 0)
(10.3759 1.299217893 0)
(10.541 1.299217893 0)
(10.7061 1.299217893 0)
(10.8712 1.299217893 0)
(11.0363 1.299217893 0)
(11.2014 1.299217893 0)
(11.3665 1.299217893 0)
(11.5316 1.299217893 0)
(11.6967 1.299217893 0)
(11.8618 1.299217893 0)
(12.0269 1.299217893 0)
(12.192 1.299217893 0)
(0.4699 1.400224419 0)
(0.635 1.400224419 0)
(0.8001 1.400224419 0)
(0.9652 1.400224419 0)
(1.1303 1.400224419 0)
(1.2954 1.400224419 0)
(1.4605 1.400224419 0)
(1.6256 1.400224419 0)
(1.7907 1.400224419 0)
(1.9558 1.400224419 0)
(2.1209 1.400224419 0)
(2.286 1.400224419 0)
(2.4511 1.400224419 0)
(2.6162 1.400224419 0)
(2.7813 1.400224419 0)
(2.9464 1.400224419 0)
(3.1115 1.400224419 0)
(3.2766 1.400224419 0)
(3.4417 1.400224419 0)
(3.6068 1.400224419 0)
(3.7719 1.400224419 0)
(3.937 1.400224419 0)
(4.1021 1.400224419 0)
(4.2672 1.400224419 0)
(4.4323 1.400224419 0)
(4.5974 1.400224419 0)
(4.7625 1.400224419 0)
(4.9276 1.400224419 0)
(5.0927 1.400224419 0)
(5.2578 1.400224419 0)
(5.4229 1.400224419 0)
(5.588 1.400224419 0)
(5.7531 1.400224419 0)
(5.9182 1.400224419 0)
(6.0833 1.400224419 0)
(6.2484 1.400224419 0)
(6.4135 1.400224419 0)
(6.5786 1.400224419 0)
(6.7437 1.400224419 0)
(6.9088 1.400224419 0)
(7.0739 1.400224419 0)
(7.239 1.400224419 0)
(7.4041 1.400224419 0)
(7.5692 1.400224419 0)
(7.7343 1.400224419 0)
(7.8994 1.400224419 0)
(8.0645 1.400224419 0)
(8.2296 1.400224419 0)
(8.3947 1.400224419 0)
(8.5598 1.400224419 0)
(8.7249 1.400224419 0)
(8.89 1.400224419 0)
(9.0551 1.400224419 0)
(9.2202 1.400224419 0)
(9.3853 1.400224419 0)
(9.5504 1.400224419 0)
(9.7155 1.400224419 0)
(9.8806 1.400224419 0)
(10.0457 1.400224419 0)
(10.2108 1.400224419 0)
(10.3759 1.400224419 0)
(10.541 1.400224419 0)
(10.7061 1.400224419 0)
(10.8712 1.400224419 0)
(11.0363 1.400224419 0)
(11.2014 1.400224419 0)
(11.3665 1.400224419 0)
(11.5316 1.400224419 0)
(11.6967 1.400224419 0)
(11.8618 1.400224419 0)
(12.0269 1.400224419 0)
(12.192 1.400224419 0)
(0.4699 1.505984069 0)
(0.635 1.505984069 0)
(0.8001 1.505984069 0)
(0.9652 1.505984069 0)
(1.1303 1.505984069 0)
(1.2954 1.505984069 0)
(1.4605 1.505984069 0)
(1.6256 1.505984069 0)
(1.7907 1.505984069 0)
(1.9558 1.505984069 0)
(2.1209 1.505984069 0)
(2.286 1.505984069 0)
(2.4511 1.505984069 0)
(2.6162 1.505984069 0)
(2.7813 1.505984069 0)
(2.9464 1.505984069 0)
(3.1115 1.505984069 0)
(3.2766 1.505984069 0)
(3.4417 1.505984069 0)
(3.6068 1.505984069 0)
(3.7719 1.505984069 0)
(3.937 1.505984069 0)
(4.1021 1.505984069 0)
(4.2672 1.505984069 0)
(4.4323 1.505984069 0)
(4.5974 1.505984069 0)
(4.7625 1.505984069 0)
(4.9276 1.505984069 0)
(5.0927 1.505984069 0)
(5.2578 1.505984069 0)
(5.4229 1.505984069 0)
(5.588 1.505984069 0)
(5.7531 1.505984069 0)
(5.9182 1.505984069 0)
(6.0833 1.505984069 0)
(6.2484 1.505984069 0)
(6.4135 1.505984069 0)
(6.5786 1.505984069 0)
(6.7437 1.505984069 0)
(6.9088 1.505984069 0)
(7.0739 1.505984069 0)
(7.239 1.505984069 0)
(7.4041 1.505984069 0)
(7.5692 1.505984069 0)
(7.7343 1.505984069 0)
(7.8994 1.505984069 0)
(8.0645 1.505984069 0)
(8.2296 1.505984069 0)
(8.3947 1.505984069 0)
(8.5598 1.505984069 0)
(8.7249 1.505984069 0)
(8.89 1.505984069 0)
(9.0551 1.505984069 0)
(9.2202 1.505984069 0)
(9.3853 1.505984069 0)
(9.5504 1.505984069 0)
(9.7155 1.505984069 0)
(9.8806 1.505984069 0)
(10.0457 1.505984069 0)
(10.2108 1.505984069 0)
(10.3759 1.505984069 0)
(10.541 1.505984069 0)
(10.7061 1.505984069 0)
(10.8712 1.505984069 0)
(11.0363 1.505984069 0)
(11.2014 1.505984069 0)
(11.3665 1.505984069 0)
(11.5316 1.505984069 0)
(11.6967 1.505984069 0)
(11.8618 1.505984069 0)
(12.0269 1.505984069 0)
(12.192 1.505984069 0)
(0.4699 1.616720514 0)
(0.635 1.616720514 0)
(0.8001 1.616720514 0)
(0.9652 1.616720514 0)
(1.1303 1.616720514 0)
(1.2954 1.616720514 0)
(1.4605 1.616720514 0)
(1.6256 1.616720514 0)
(1.7907 1.616720514 0)
(1.9558 1.616720514 0)
(2.1209 1.616720514 0)
(2.286 1.616720514 0)
(2.4511 1.616720514 0)
(2.6162 1.616720514 0)
(2.7813 1.616720514 0)
(2.9464 1.616720514 0)
(3.1115 1.616720514 0)
(3.2766 1.616720514 0)
(3.4417 1.616720514 0)
(3.6068 1.616720514 0)
(3.7719 1.616720514 0)
(3.937 1.616720514 0)
(4.1021 1.616720514 0)
(4.2672 1.616720514 0)
(4.4323 1.616720514 0)
(4.5974 1.616720514 0)
(4.7625 1.616720514 0)
(4.9276 1.616720514 0)
(5.0927 1.616720514 0)
(5.2578 1.616720514 0)
(5.4229 1.616720514 0)
(5.588 1.616720514 0)
(5.7531 1.616720514 0)
(5.9182 1.616720514 0)
(6.0833 1.616720514 0)
(6.2484 1.616720514 0)
(6.4135 1.616720514 0)
(6.5786 1.616720514 0)
(6.7437 1.616720514 0)
(6.9088 1.616720514 0)
(7.0739 1.616720514 0)
(7.239 1.616720514 0)
(7.4041 1.616720514 0)
(7.5692 1.616720514 0)
(7.7343 1.616720514 0)
(7.8994 1.616720514 0)
(8.0645 1.616720514 0)
(8.2296 1.616720514 0)
(8.3947 1.616720514 0)
(8.5598 1.616720514 0)
(8.7249 1.616720514 0)
(8.89 1.616720514 0)
(9.0551 1.616720514 0)
(9.2202 1.616720514 0)
(9.3853 1.616720514 0)
(9.5504 1.616720514 0)
(9.7155 1.616720514 0)
(9.8806 1.616720514 0)
(10.0457 1.616720514 0)
(10.2108 1.616720514 0)
(10.3759 1.616720514 0)
(10.541 1.616720514 0)
(10.7061 1.616720514 0)
(10.8712 1.616720514 0)
(11.0363 1.616720514 0)
(11.2014 1.616720514 0)
(11.3665 1.616720514 0)
(11.5316 1.616720514 0)
(11.6967 1.616720514 0)
(11.8618 1.616720514 0)
(12.0269 1.616720514 0)
(12.192 1.616720514 0)
(0.4699 1.732667949 0)
(0.635 1.732667949 0)
(0.8001 1.732667949 0)
(0.9652 1.732667949 0)
(1.1303 1.732667949 0)
(1.2954 1.732667949 0)
(1.4605 1.732667949 0)
(1.6256 1.732667949 0)
(1.7907 1.732667949 0)
(1.9558 1.732667949 0)
(2.1209 1.732667949 0)
(2.286 1.732667949 0)
(2.4511 1.732667949 0)
(2.6162 1.732667949 0)
(2.7813 1.732667949 0)
(2.9464 1.732667949 0)
(3.1115 1.732667949 0)
(3.2766 1.732667949 0)
(3.4417 1.732667949 0)
(3.6068 1.732667949 0)
(3.7719 1.732667949 0)
(3.937 1.732667949 0)
(4.1021 1.732667949 0)
(4.2672 1.732667949 0)
(4.4323 1.732667949 0)
(4.5974 1.732667949 0)
(4.7625 1.732667949 0)
(4.9276 1.732667949 0)
(5.0927 1.732667949 0)
(5.2578 1.732667949 0)
(5.4229 1.732667949 0)
(5.588 1.732667949 0)
(5.7531 1.732667949 0)
(5.9182 1.732667949 0)
(6.0833 1.732667949 0)
(6.2484 1.732667949 0)
(6.4135 1.732667949 0)
(6.5786 1.732667949 0)
(6.7437 1.732667949 0)
(6.9088 1.732667949 0)
(7.0739 1.732667949 0)
(7.239 1.732667949 0)
(7.4041 1.732667949 0)
(7.5692 1.732667949 0)
(7.7343 1.732667949 0)
(7.8994 1.732667949 0)
(8.0645 1.732667949 0)
(8.2296 1.732667949 0)
(8.3947 1.732667949 0)
(8.5598 1.732667949 0)
(8.7249 1.732667949 0)
(8.89 1.732667949 0)
(9.0551 1.732667949 0)
(9.2202 1.732667949 0)
(9.3853 1.732667949 0)
(9.5504 1.732667949 0)
(9.7155 1.732667949 0)
(9.8806 1.732667949 0)
(10.0457 1.732667949 0)
(10.2108 1.732667949 0)
(10.3759 1.732667949 0)
(10.541 1.732667949 0)
(10.7061 1.732667949 0)
(10.8712 1.732667949 0)
(11.0363 1.732667949 0)
(11.2014 1.732667949 0)
(11.3665 1.732667949 0)
(11.5316 1.732667949 0)
(11.6967 1.732667949 0)
(11.8618 1.732667949 0)
(12.0269 1.732667949 0)
(12.192 1.732667949 0)
(0.4699 1.854071593 0)
(0.635 1.854071593 0)
(0.8001 1.854071593 0)
(0.9652 1.854071593 0)
(1.1303 1.854071593 0)
(1.2954 1.854071593 0)
(1.4605 1.854071593 0)
(1.6256 1.854071593 0)
(1.7907 1.854071593 0)
(1.9558 1.854071593 0)
(2.1209 1.854071593 0)
(2.286 1.854071593 0)
(2.4511 1.854071593 0)
(2.6162 1.854071593 0)
(2.7813 1.854071593 0)
(2.9464 1.854071593 0)
(3.1115 1.854071593 0)
(3.2766 1.854071593 0)
(3.4417 1.854071593 0)
(3.6068 1.854071593 0)
(3.7719 1.854071593 0)
(3.937 1.854071593 0)
(4.1021 1.854071593 0)
(4.2672 1.854071593 0)
(4.4323 1.854071593 0)
(4.5974 1.854071593 0)
(4.7625 1.854071593 0)
(4.9276 1.854071593 0)
(5.0927 1.854071593 0)
(5.2578 1.854071593 0)
(5.4229 1.854071593 0)
(5.588 1.854071593 0)
(5.7531 1.854071593 0)
(5.9182 1.854071593 0)
(6.0833 1.854071593 0)
(6.2484 1.854071593 0)
(6.4135 1.854071593 0)
(6.5786 1.854071593 0)
(6.7437 1.854071593 0)
(6.9088 1.854071593 0)
(7.0739 1.854071593 0)
(7.239 1.854071593 0)
(7.4041 1.854071593 0)
(7.5692 1.854071593 0)
(7.7343 1.854071593 0)
(7.8994 1.854071593 0)
(8.0645 1.854071593 0)
(8.2296 1.854071593 0)
(8.3947 1.854071593 0)
(8.5598 1.854071593 0)
(8.7249 1.854071593 0)
(8.89 1.854071593 0)
(9.0551 1.854071593 0)
(9.2202 1.854071593 0)
(9.3853 1.854071593 0)
(9.5504 1.854071593 0)
(9.7155 1.854071593 0)
(9.8806 1.854071593 0)
(10.0457 1.854071593 0)
(10.2108 1.854071593 0)
(10.3759 1.854071593 0)
(10.541 1.854071593 0)
(10.7061 1.854071593 0)
(10.8712 1.854071593 0)
(11.0363 1.854071593 0)
(11.2014 1.854071593 0)
(11.3665 1.854071593 0)
(11.5316 1.854071593 0)
(11.6967 1.854071593 0)
(11.8618 1.854071593 0)
(12.0269 1.854071593 0)
(12.192 1.854071593 0)
(0.4699 1.9811882 0)
(0.635 1.9811882 0)
(0.8001 1.9811882 0)
(0.9652 1.9811882 0)
(1.1303 1.9811882 0)
(1.2954 1.9811882 0)
(1.4605 1.9811882 0)
(1.6256 1.9811882 0)
(1.7907 1.9811882 0)
(1.9558 1.9811882 0)
(2.1209 1.9811882 0)
(2.286 1.9811882 0)
(2.4511 1.9811882 0)
(2.6162 1.9811882 0)
(2.7813 1.9811882 0)
(2.9464 1.9811882 0)
(3.1115 1.9811882 0)
(3.2766 1.9811882 0)
(3.4417 1.9811882 0)
(3.6068 1.9811882 0)
(3.7719 1.9811882 0)
(3.937 1.9811882 0)
(4.1021 1.9811882 0)
(4.2672 1.9811882 0)
(4.4323 1.9811882 0)
(4.5974 1.9811882 0)
(4.7625 1.9811882 0)
(4.9276 1.9811882 0)
(5.0927 1.9811882 0)
(5.2578 1.9811882 0)
(5.4229 1.9811882 0)
(5.588 1.9811882 0)
(5.7531 1.9811882 0)
(5.9182 1.9811882 0)
(6.0833 1.9811882 0)
(6.2484 1.9811882 0)
(6.4135 1.9811882 0)
(6.5786 1.9811882 0)
(6.7437 1.9811882 0)
(6.9088 1.9811882 0)
(7.0739 1.9811882 0)
(7.239 1.9811882 0)
(7.4041 1.9811882 0)
(7.5692 1.9811882 0)
(7.7343 1.9811882 0)
(7.8994 1.9811882 0)
(8.0645 1.9811882 0)
(8.2296 1.9811882 0)
(8.3947 1.9811882 0)
(8.5598 1.9811882 0)
(8.7249 1.9811882 0)
(8.89 1.9811882 0)
(9.0551 1.9811882 0)
(9.2202 1.9811882 0)
(9.3853 1.9811882 0)
(9.5504 1.9811882 0)
(9.7155 1.9811882 0)
(9.8806 1.9811882 0)
(10.0457 1.9811882 0)
(10.2108 1.9811882 0)
(10.3759 1.9811882 0)
(10.541 1.9811882 0)
(10.7061 1.9811882 0)
(10.8712 1.9811882 0)
(11.0363 1.9811882 0)
(11.2014 1.9811882 0)
(11.3665 1.9811882 0)
(11.5316 1.9811882 0)
(11.6967 1.9811882 0)
(11.8618 1.9811882 0)
(12.0269 1.9811882 0)
(12.192 1.9811882 0)
(0.4699 2.114286608 0)
(0.635 2.114286608 0)
(0.8001 2.114286608 0)
(0.9652 2.114286608 0)
(1.1303 2.114286608 0)
(1.2954 2.114286608 0)
(1.4605 2.114286608 0)
(1.6256 2.114286608 0)
(1.7907 2.114286608 0)
(1.9558 2.114286608 0)
(2.1209 2.114286608 0)
(2.286 2.114286608 0)
(2.4511 2.114286608 0)
(2.6162 2.114286608 0)
(2.7813 2.114286608 0)
(2.9464 2.114286608 0)
(3.1115 2.114286608 0)
(3.2766 2.114286608 0)
(3.4417 2.114286608 0)
(3.6068 2.114286608 0)
(3.7719 2.114286608 0)
(3.937 2.114286608 0)
(4.1021 2.114286608 0)
(4.2672 2.114286608 0)
(4.4323 2.114286608 0)
(4.5974 2.114286608 0)
(4.7625 2.114286608 0)
(4.9276 2.114286608 0)
(5.0927 2.114286608 0)
(5.2578 2.114286608 0)
(5.4229 2.114286608 0)
(5.588 2.114286608 0)
(5.7531 2.114286608 0)
(5.9182 2.114286608 0)
(6.0833 2.114286608 0)
(6.2484 2.114286608 0)
(6.4135 2.114286608 0)
(6.5786 2.114286608 0)
(6.7437 2.114286608 0)
(6.9088 2.114286608 0)
(7.0739 2.114286608 0)
(7.239 2.114286608 0)
(7.4041 2.114286608 0)
(7.5692 2.114286608 0)
(7.7343 2.114286608 0)
(7.8994 2.114286608 0)
(8.0645 2.114286608 0)
(8.2296 2.114286608 0)
(8.3947 2.114286608 0)
(8.5598 2.114286608 0)
(8.7249 2.114286608 0)
(8.89 2.114286608 0)
(9.0551 2.114286608 0)
(9.2202 2.114286608 0)
(9.3853 2.114286608 0)
(9.5504 2.114286608 0)
(9.7155 2.114286608 0)
(9.8806 2.114286608 0)
(10.0457 2.114286608 0)
(10.2108 2.114286608 0)
(10.3759 2.114286608 0)
(10.541 2.114286608 0)
(10.7061 2.114286608 0)
(10.8712 2.114286608 0)
(11.0363 2.114286608 0)
(11.2014 2.114286608 0)
(11.3665 2.114286608 0)
(11.5316 2.114286608 0)
(11.6967 2.114286608 0)
(11.8618 2.114286608 0)
(12.0269 2.114286608 0)
(12.192 2.114286608 0)
(0.4699 2.253648308 0)
(0.635 2.253648308 0)
(0.8001 2.253648308 0)
(0.9652 2.253648308 0)
(1.1303 2.253648308 0)
(1.2954 2.253648308 0)
(1.4605 2.253648308 0)
(1.6256 2.253648308 0)
(1.7907 2.253648308 0)
(1.9558 2.253648308 0)
(2.1209 2.253648308 0)
(2.286 2.253648308 0)
(2.4511 2.253648308 0)
(2.6162 2.253648308 0)
(2.7813 2.253648308 0)
(2.9464 2.253648308 0)
(3.1115 2.253648308 0)
(3.2766 2.253648308 0)
(3.4417 2.253648308 0)
(3.6068 2.253648308 0)
(3.7719 2.253648308 0)
(3.937 2.253648308 0)
(4.1021 2.253648308 0)
(4.2672 2.253648308 0)
(4.4323 2.253648308 0)
(4.5974 2.253648308 0)
(4.7625 2.253648308 0)
(4.9276 2.253648308 0)
(5.0927 2.253648308 0)
(5.2578 2.253648308 0)
(5.4229 2.253648308 0)
(5.588 2.253648308 0)
(5.7531 2.253648308 0)
(5.9182 2.253648308 0)
(6.0833 2.253648308 0)
(6.2484 2.253648308 0)
(6.4135 2.253648308 0)
(6.5786 2.253648308 0)
(6.7437 2.253648308 0)
(6.9088 2.253648308 0)
(7.0739 2.253648308 0)
(7.239 2.253648308 0)
(7.4041 2.253648308 0)
(7.5692 2.253648308 0)
(7.7343 2.253648308 0)
(7.8994 2.253648308 0)
(8.0645 2.253648308 0)
(8.2296 2.253648308 0)
(8.3947 2.253648308 0)
(8.5598 2.253648308 0)
(8.7249 2.253648308 0)
(8.89 2.253648308 0)
(9.0551 2.253648308 0)
(9.2202 2.253648308 0)
(9.3853 2.253648308 0)
(9.5504 2.253648308 0)
(9.7155 2.253648308 0)
(9.8806 2.253648308 0)
(10.0457 2.253648308 0)
(10.2108 2.253648308 0)
(10.3759 2.253648308 0)
(10.541 2.253648308 0)
(10.7061 2.253648308 0)
(10.8712 2.253648308 0)
(11.0363 2.253648308 0)
(11.2014 2.253648308 0)
(11.3665 2.253648308 0)
(11.5316 2.253648308 0)
(11.6967 2.253648308 0)
(11.8618 2.253648308 0)
(12.0269 2.253648308 0)
(12.192 2.253648308 0)
(0.4699 2.399568035 0)
(0.635 2.399568035 0)
(0.8001 2.399568035 0)
(0.9652 2.399568035 0)
(1.1303 2.399568035 0)
(1.2954 2.399568035 0)
(1.4605 2.399568035 0)
(1.6256 2.399568035 0)
(1.7907 2.399568035 0)
(1.9558 2.399568035 0)
(2.1209 2.399568035 0)
(2.286 2.399568035 0)
(2.4511 2.399568035 0)
(2.6162 2.399568035 0)
(2.7813 2.399568035 0)
(2.9464 2.399568035 0)
(3.1115 2.399568035 0)
(3.2766 2.399568035 0)
(3.4417 2.399568035 0)
(3.6068 2.399568035 0)
(3.7719 2.399568035 0)
(3.937 2.399568035 0)
(4.1021 2.399568035 0)
(4.2672 2.399568035 0)
(4.4323 2.399568035 0)
(4.5974 2.399568035 0)
(4.7625 2.399568035 0)
(4.9276 2.399568035 0)
(5.0927 2.399568035 0)
(5.2578 2.399568035 0)
(5.4229 2.399568035 0)
(5.588 2.399568035 0)
(5.7531 2.399568035 0)
(5.9182 2.399568035 0)
(6.0833 2.399568035 0)
(6.2484 2.399568035 0)
(6.4135 2.399568035 0)
(6.5786 2.399568035 0)
(6.7437 2.399568035 0)
(6.9088 2.399568035 0)
(7.0739 2.399568035 0)
(7.239 2.399568035 0)
(7.4041 2.399568035 0)
(7.5692 2.399568035 0)
(7.7343 2.399568035 0)
(7.8994 2.399568035 0)
(8.0645 2.399568035 0)
(8.2296 2.399568035 0)
(8.3947 2.399568035 0)
(8.5598 2.399568035 0)
(8.7249 2.399568035 0)
(8.89 2.399568035 0)
(9.0551 2.399568035 0)
(9.2202 2.399568035 0)
(9.3853 2.399568035 0)
(9.5504 2.399568035 0)
(9.7155 2.399568035 0)
(9.8806 2.399568035 0)
(10.0457 2.399568035 0)
(10.2108 2.399568035 0)
(10.3759 2.399568035 0)
(10.541 2.399568035 0)
(10.7061 2.399568035 0)
(10.8712 2.399568035 0)
(11.0363 2.399568035 0)
(11.2014 2.399568035 0)
(11.3665 2.399568035 0)
(11.5316 2.399568035 0)
(11.6967 2.399568035 0)
(11.8618 2.399568035 0)
(12.0269 2.399568035 0)
(12.192 2.399568035 0)
(0.4699 2.552354392 0)
(0.635 2.552354392 0)
(0.8001 2.552354392 0)
(0.9652 2.552354392 0)
(1.1303 2.552354392 0)
(1.2954 2.552354392 0)
(1.4605 2.552354392 0)
(1.6256 2.552354392 0)
(1.7907 2.552354392 0)
(1.9558 2.552354392 0)
(2.1209 2.552354392 0)
(2.286 2.552354392 0)
(2.4511 2.552354392 0)
(2.6162 2.552354392 0)
(2.7813 2.552354392 0)
(2.9464 2.552354392 0)
(3.1115 2.552354392 0)
(3.2766 2.552354392 0)
(3.4417 2.552354392 0)
(3.6068 2.552354392 0)
(3.7719 2.552354392 0)
(3.937 2.552354392 0)
(4.1021 2.552354392 0)
(4.2672 2.552354392 0)
(4.4323 2.552354392 0)
(4.5974 2.552354392 0)
(4.7625 2.552354392 0)
(4.9276 2.552354392 0)
(5.0927 2.552354392 0)
(5.2578 2.552354392 0)
(5.4229 2.552354392 0)
(5.588 2.552354392 0)
(5.7531 2.552354392 0)
(5.9182 2.552354392 0)
(6.0833 2.552354392 0)
(6.2484 2.552354392 0)
(6.4135 2.552354392 0)
(6.5786 2.552354392 0)
(6.7437 2.552354392 0)
(6.9088 2.552354392 0)
(7.0739 2.552354392 0)
(7.239 2.552354392 0)
(7.4041 2.552354392 0)
(7.5692 2.552354392 0)
(7.7343 2.552354392 0)
(7.8994 2.552354392 0)
(8.0645 2.552354392 0)
(8.2296 2.552354392 0)
(8.3947 2.552354392 0)
(8.5598 2.552354392 0)
(8.7249 2.552354392 0)
(8.89 2.552354392 0)
(9.0551 2.552354392 0)
(9.2202 2.552354392 0)
(9.3853 2.552354392 0)
(9.5504 2.552354392 0)
(9.7155 2.552354392 0)
(9.8806 2.552354392 0)
(10.0457 2.552354392 0)
(10.2108 2.552354392 0)
(10.3759 2.552354392 0)
(10.541 2.552354392 0)
(10.7061 2.552354392 0)
(10.8712 2.552354392 0)
(11.0363 2.552354392 0)
(11.2014 2.552354392 0)
(11.3665 2.552354392 0)
(11.5316 2.552354392 0)
(11.6967 2.552354392 0)
(11.8618 2.552354392 0)
(12.0269 2.552354392 0)
(12.192 2.552354392 0)
(0.4699 2.712330509 0)
(0.635 2.712330509 0)
(0.8001 2.712330509 0)
(0.9652 2.712330509 0)
(1.1303 2.712330509 0)
(1.2954 2.712330509 0)
(1.4605 2.712330509 0)
(1.6256 2.712330509 0)
(1.7907 2.712330509 0)
(1.9558 2.712330509 0)
(2.1209 2.712330509 0)
(2.286 2.712330509 0)
(2.4511 2.712330509 0)
(2.6162 2.712330509 0)
(2.7813 2.712330509 0)
(2.9464 2.712330509 0)
(3.1115 2.712330509 0)
(3.2766 2.712330509 0)
(3.4417 2.712330509 0)
(3.6068 2.712330509 0)
(3.7719 2.712330509 0)
(3.937 2.712330509 0)
(4.1021 2.712330509 0)
(4.2672 2.712330509 0)
(4.4323 2.712330509 0)
(4.5974 2.712330509 0)
(4.7625 2.712330509 0)
(4.9276 2.712330509 0)
(5.0927 2.712330509 0)
(5.2578 2.712330509 0)
(5.4229 2.712330509 0)
(5.588 2.712330509 0)
(5.7531 2.712330509 0)
(5.9182 2.712330509 0)
(6.0833 2.712330509 0)
(6.2484 2.712330509 0)
(6.4135 2.712330509 0)
(6.5786 2.712330509 0)
(6.7437 2.712330509 0)
(6.9088 2.712330509 0)
(7.0739 2.712330509 0)
(7.239 2.712330509 0)
(7.4041 2.712330509 0)
(7.5692 2.712330509 0)
(7.7343 2.712330509 0)
(7.8994 2.712330509 0)
(8.0645 2.712330509 0)
(8.2296 2.712330509 0)
(8.3947 2.712330509 0)
(8.5598 2.712330509 0)
(8.7249 2.712330509 0)
(8.89 2.712330509 0)
(9.0551 2.712330509 0)
(9.2202 2.712330509 0)
(9.3853 2.712330509 0)
(9.5504 2.712330509 0)
(9.7155 2.712330509 0)
(9.8806 2.712330509 0)
(10.0457 2.712330509 0)
(10.2108 2.712330509 0)
(10.3759 2.712330509 0)
(10.541 2.712330509 0)
(10.7061 2.712330509 0)
(10.8712 2.712330509 0)
(11.0363 2.712330509 0)
(11.2014 2.712330509 0)
(11.3665 2.712330509 0)
(11.5316 2.712330509 0)
(11.6967 2.712330509 0)
(11.8618 2.712330509 0)
(12.0269 2.712330509 0)
(12.192 2.712330509 0)
(0.4699 2.879834716 0)
(0.635 2.879834716 0)
(0.8001 2.879834716 0)
(0.9652 2.879834716 0)
(1.1303 2.879834716 0)
(1.2954 2.879834716 0)
(1.4605 2.879834716 0)
(1.6256 2.879834716 0)
(1.7907 2.879834716 0)
(1.9558 2.879834716 0)
(2.1209 2.879834716 0)
(2.286 2.879834716 0)
(2.4511 2.879834716 0)
(2.6162 2.879834716 0)
(2.7813 2.879834716 0)
(2.9464 2.879834716 0)
(3.1115 2.879834716 0)
(3.2766 2.879834716 0)
(3.4417 2.879834716 0)
(3.6068 2.879834716 0)
(3.7719 2.879834716 0)
(3.937 2.879834716 0)
(4.1021 2.879834716 0)
(4.2672 2.879834716 0)
(4.4323 2.879834716 0)
(4.5974 2.879834716 0)
(4.7625 2.879834716 0)
(4.9276 2.879834716 0)
(5.0927 2.879834716 0)
(5.2578 2.879834716 0)
(5.4229 2.879834716 0)
(5.588 2.879834716 0)
(5.7531 2.879834716 0)
(5.9182 2.879834716 0)
(6.0833 2.879834716 0)
(6.2484 2.879834716 0)
(6.4135 2.879834716 0)
(6.5786 2.879834716 0)
(6.7437 2.879834716 0)
(6.9088 2.879834716 0)
(7.0739 2.879834716 0)
(7.239 2.879834716 0)
(7.4041 2.879834716 0)
(7.5692 2.879834716 0)
(7.7343 2.879834716 0)
(7.8994 2.879834716 0)
(8.0645 2.879834716 0)
(8.2296 2.879834716 0)
(8.3947 2.879834716 0)
(8.5598 2.879834716 0)
(8.7249 2.879834716 0)
(8.89 2.879834716 0)
(9.0551 2.879834716 0)
(9.2202 2.879834716 0)
(9.3853 2.879834716 0)
(9.5504 2.879834716 0)
(9.7155 2.879834716 0)
(9.8806 2.879834716 0)
(10.0457 2.879834716 0)
(10.2108 2.879834716 0)
(10.3759 2.879834716 0)
(10.541 2.879834716 0)
(10.7061 2.879834716 0)
(10.8712 2.879834716 0)
(11.0363 2.879834716 0)
(11.2014 2.879834716 0)
(11.3665 2.879834716 0)
(11.5316 2.879834716 0)
(11.6967 2.879834716 0)
(11.8618 2.879834716 0)
(12.0269 2.879834716 0)
(12.192 2.879834716 0)
(0.4699 3.055221269 0)
(0.635 3.055221269 0)
(0.8001 3.055221269 0)
(0.9652 3.055221269 0)
(1.1303 3.055221269 0)
(1.2954 3.055221269 0)
(1.4605 3.055221269 0)
(1.6256 3.055221269 0)
(1.7907 3.055221269 0)
(1.9558 3.055221269 0)
(2.1209 3.055221269 0)
(2.286 3.055221269 0)
(2.4511 3.055221269 0)
(2.6162 3.055221269 0)
(2.7813 3.055221269 0)
(2.9464 3.055221269 0)
(3.1115 3.055221269 0)
(3.2766 3.055221269 0)
(3.4417 3.055221269 0)
(3.6068 3.055221269 0)
(3.7719 3.055221269 0)
(3.937 3.055221269 0)
(4.1021 3.055221269 0)
(4.2672 3.055221269 0)
(4.4323 3.055221269 0)
(4.5974 3.055221269 0)
(4.7625 3.055221269 0)
(4.9276 3.055221269 0)
(5.0927 3.055221269 0)
(5.2578 3.055221269 0)
(5.4229 3.055221269 0)
(5.588 3.055221269 0)
(5.7531 3.055221269 0)
(5.9182 3.055221269 0)
(6.0833 3.055221269 0)
(6.2484 3.055221269 0)
(6.4135 3.055221269 0)
(6.5786 3.055221269 0)
(6.7437 3.055221269 0)
(6.9088 3.055221269 0)
(7.0739 3.055221269 0)
(7.239 3.055221269 0)
(7.4041 3.055221269 0)
(7.5692 3.055221269 0)
(7.7343 3.055221269 0)
(7.8994 3.055221269 0)
(8.0645 3.055221269 0)
(8.2296 3.055221269 0)
(8.3947 3.055221269 0)
(8.5598 3.055221269 0)
(8.7249 3.055221269 0)
(8.89 3.055221269 0)
(9.0551 3.055221269 0)
(9.2202 3.055221269 0)
(9.3853 3.055221269 0)
(9.5504 3.055221269 0)
(9.7155 3.055221269 0)
(9.8806 3.055221269 0)
(10.0457 3.055221269 0)
(10.2108 3.055221269 0)
(10.3759 3.055221269 0)
(10.541 3.055221269 0)
(10.7061 3.055221269 0)
(10.8712 3.055221269 0)
(11.0363 3.055221269 0)
(11.2014 3.055221269 0)
(11.3665 3.055221269 0)
(11.5316 3.055221269 0)
(11.6967 3.055221269 0)
(11.8618 3.055221269 0)
(12.0269 3.055221269 0)
(12.192 3.055221269 0)
(0.4699 3.238861092 0)
(0.635 3.238861092 0)
(0.8001 3.238861092 0)
(0.9652 3.238861092 0)
(1.1303 3.238861092 0)
(1.2954 3.238861092 0)
(1.4605 3.238861092 0)
(1.6256 3.238861092 0)
(1.7907 3.238861092 0)
(1.9558 3.238861092 0)
(2.1209 3.238861092 0)
(2.286 3.238861092 0)
(2.4511 3.238861092 0)
(2.6162 3.238861092 0)
(2.7813 3.238861092 0)
(2.9464 3.238861092 0)
(3.1115 3.238861092 0)
(3.2766 3.238861092 0)
(3.4417 3.238861092 0)
(3.6068 3.238861092 0)
(3.7719 3.238861092 0)
(3.937 3.238861092 0)
(4.1021 3.238861092 0)
(4.2672 3.238861092 0)
(4.4323 3.238861092 0)
(4.5974 3.238861092 0)
(4.7625 3.238861092 0)
(4.9276 3.238861092 0)
(5.0927 3.238861092 0)
(5.2578 3.238861092 0)
(5.4229 3.238861092 0)
(5.588 3.238861092 0)
(5.7531 3.238861092 0)
(5.9182 3.238861092 0)
(6.0833 3.238861092 0)
(6.2484 3.238861092 0)
(6.4135 3.238861092 0)
(6.5786 3.238861092 0)
(6.7437 3.238861092 0)
(6.9088 3.238861092 0)
(7.0739 3.238861092 0)
(7.239 3.238861092 0)
(7.4041 3.238861092 0)
(7.5692 3.238861092 0)
(7.7343 3.238861092 0)
(7.8994 3.238861092 0)
(8.0645 3.238861092 0)
(8.2296 3.238861092 0)
(8.3947 3.238861092 0)
(8.5598 3.238861092 0)
(8.7249 3.238861092 0)
(8.89 3.238861092 0)
(9.0551 3.238861092 0)
(9.2202 3.238861092 0)
(9.3853 3.238861092 0)
(9.5504 3.238861092 0)
(9.7155 3.238861092 0)
(9.8806 3.238861092 0)
(10.0457 3.238861092 0)
(10.2108 3.238861092 0)
(10.3759 3.238861092 0)
(10.541 3.238861092 0)
(10.7061 3.238861092 0)
(10.8712 3.238861092 0)
(11.0363 3.238861092 0)
(11.2014 3.238861092 0)
(11.3665 3.238861092 0)
(11.5316 3.238861092 0)
(11.6967 3.238861092 0)
(11.8618 3.238861092 0)
(12.0269 3.238861092 0)
(12.192 3.238861092 0)
(0.4699 3.431142563 0)
(0.635 3.431142563 0)
(0.8001 3.431142563 0)
(0.9652 3.431142563 0)
(1.1303 3.431142563 0)
(1.2954 3.431142563 0)
(1.4605 3.431142563 0)
(1.6256 3.431142563 0)
(1.7907 3.431142563 0)
(1.9558 3.431142563 0)
(2.1209 3.431142563 0)
(2.286 3.431142563 0)
(2.4511 3.431142563 0)
(2.6162 3.431142563 0)
(2.7813 3.431142563 0)
(2.9464 3.431142563 0)
(3.1115 3.431142563 0)
(3.2766 3.431142563 0)
(3.4417 3.431142563 0)
(3.6068 3.431142563 0)
(3.7719 3.431142563 0)
(3.937 3.431142563 0)
(4.1021 3.431142563 0)
(4.2672 3.431142563 0)
(4.4323 3.431142563 0)
(4.5974 3.431142563 0)
(4.7625 3.431142563 0)
(4.9276 3.431142563 0)
(5.0927 3.431142563 0)
(5.2578 3.431142563 0)
(5.4229 3.431142563 0)
(5.588 3.431142563 0)
(5.7531 3.431142563 0)
(5.9182 3.431142563 0)
(6.0833 3.431142563 0)
(6.2484 3.431142563 0)
(6.4135 3.431142563 0)
(6.5786 3.431142563 0)
(6.7437 3.431142563 0)
(6.9088 3.431142563 0)
(7.0739 3.431142563 0)
(7.239 3.431142563 0)
(7.4041 3.431142563 0)
(7.5692 3.431142563 0)
(7.7343 3.431142563 0)
(7.8994 3.431142563 0)
(8.0645 3.431142563 0)
(8.2296 3.431142563 0)
(8.3947 3.431142563 0)
(8.5598 3.431142563 0)
(8.7249 3.431142563 0)
(8.89 3.431142563 0)
(9.0551 3.431142563 0)
(9.2202 3.431142563 0)
(9.3853 3.431142563 0)
(9.5504 3.431142563 0)
(9.7155 3.431142563 0)
(9.8806 3.431142563 0)
(10.0457 3.431142563 0)
(10.2108 3.431142563 0)
(10.3759 3.431142563 0)
(10.541 3.431142563 0)
(10.7061 3.431142563 0)
(10.8712 3.431142563 0)
(11.0363 3.431142563 0)
(11.2014 3.431142563 0)
(11.3665 3.431142563 0)
(11.5316 3.431142563 0)
(11.6967 3.431142563 0)
(11.8618 3.431142563 0)
(12.0269 3.431142563 0)
(12.192 3.431142563 0)
(0.4699 3.632472337 0)
(0.635 3.632472337 0)
(0.8001 3.632472337 0)
(0.9652 3.632472337 0)
(1.1303 3.632472337 0)
(1.2954 3.632472337 0)
(1.4605 3.632472337 0)
(1.6256 3.632472337 0)
(1.7907 3.632472337 0)
(1.9558 3.632472337 0)
(2.1209 3.632472337 0)
(2.286 3.632472337 0)
(2.4511 3.632472337 0)
(2.6162 3.632472337 0)
(2.7813 3.632472337 0)
(2.9464 3.632472337 0)
(3.1115 3.632472337 0)
(3.2766 3.632472337 0)
(3.4417 3.632472337 0)
(3.6068 3.632472337 0)
(3.7719 3.632472337 0)
(3.937 3.632472337 0)
(4.1021 3.632472337 0)
(4.2672 3.632472337 0)
(4.4323 3.632472337 0)
(4.5974 3.632472337 0)
(4.7625 3.632472337 0)
(4.9276 3.632472337 0)
(5.0927 3.632472337 0)
(5.2578 3.632472337 0)
(5.4229 3.632472337 0)
(5.588 3.632472337 0)
(5.7531 3.632472337 0)
(5.9182 3.632472337 0)
(6.0833 3.632472337 0)
(6.2484 3.632472337 0)
(6.4135 3.632472337 0)
(6.5786 3.632472337 0)
(6.7437 3.632472337 0)
(6.9088 3.632472337 0)
(7.0739 3.632472337 0)
(7.239 3.632472337 0)
(7.4041 3.632472337 0)
(7.5692 3.632472337 0)
(7.7343 3.632472337 0)
(7.8994 3.632472337 0)
(8.0645 3.632472337 0)
(8.2296 3.632472337 0)
(8.3947 3.632472337 0)
(8.5598 3.632472337 0)
(8.7249 3.632472337 0)
(8.89 3.632472337 0)
(9.0551 3.632472337 0)
(9.2202 3.632472337 0)
(9.3853 3.632472337 0)
(9.5504 3.632472337 0)
(9.7155 3.632472337 0)
(9.8806 3.632472337 0)
(10.0457 3.632472337 0)
(10.2108 3.632472337 0)
(10.3759 3.632472337 0)
(10.541 3.632472337 0)
(10.7061 3.632472337 0)
(10.8712 3.632472337 0)
(11.0363 3.632472337 0)
(11.2014 3.632472337 0)
(11.3665 3.632472337 0)
(11.5316 3.632472337 0)
(11.6967 3.632472337 0)
(11.8618 3.632472337 0)
(12.0269 3.632472337 0)
(12.192 3.632472337 0)
(0.4699 3.843276207 0)
(0.635 3.843276207 0)
(0.8001 3.843276207 0)
(0.9652 3.843276207 0)
(1.1303 3.843276207 0)
(1.2954 3.843276207 0)
(1.4605 3.843276207 0)
(1.6256 3.843276207 0)
(1.7907 3.843276207 0)
(1.9558 3.843276207 0)
(2.1209 3.843276207 0)
(2.286 3.843276207 0)
(2.4511 3.843276207 0)
(2.6162 3.843276207 0)
(2.7813 3.843276207 0)
(2.9464 3.843276207 0)
(3.1115 3.843276207 0)
(3.2766 3.843276207 0)
(3.4417 3.843276207 0)
(3.6068 3.843276207 0)
(3.7719 3.843276207 0)
(3.937 3.843276207 0)
(4.1021 3.843276207 0)
(4.2672 3.843276207 0)
(4.4323 3.843276207 0)
(4.5974 3.843276207 0)
(4.7625 3.843276207 0)
(4.9276 3.843276207 0)
(5.0927 3.843276207 0)
(5.2578 3.843276207 0)
(5.4229 3.843276207 0)
(5.588 3.843276207 0)
(5.7531 3.843276207 0)
(5.9182 3.843276207 0)
(6.0833 3.843276207 0)
(6.2484 3.843276207 0)
(6.4135 3.843276207 0)
(6.5786 3.843276207 0)
(6.7437 3.843276207 0)
(6.9088 3.843276207 0)
(7.0739 3.843276207 0)
(7.239 3.843276207 0)
(7.4041 3.843276207 0)
(7.5692 3.843276207 0)
(7.7343 3.843276207 0)
(7.8994 3.843276207 0)
(8.0645 3.843276207 0)
(8.2296 3.843276207 0)
(8.3947 3.843276207 0)
(8.5598 3.843276207 0)
(8.7249 3.843276207 0)
(8.89 3.843276207 0)
(9.0551 3.843276207 0)
(9.2202 3.843276207 0)
(9.3853 3.843276207 0)
(9.5504 3.843276207 0)
(9.7155 3.843276207 0)
(9.8806 3.843276207 0)
(10.0457 3.843276207 0)
(10.2108 3.843276207 0)
(10.3759 3.843276207 0)
(10.541 3.843276207 0)
(10.7061 3.843276207 0)
(10.8712 3.843276207 0)
(11.0363 3.843276207 0)
(11.2014 3.843276207 0)
(11.3665 3.843276207 0)
(11.5316 3.843276207 0)
(11.6967 3.843276207 0)
(11.8618 3.843276207 0)
(12.0269 3.843276207 0)
(12.192 3.843276207 0)
(0.4699 4.064 0)
(0.635 4.064 0)
(0.8001 4.064 0)
(0.9652 4.064 0)
(1.1303 4.064 0)
(1.2954 4.064 0)
(1.4605 4.064 0)
(1.6256 4.064 0)
(1.7907 4.064 0)
(1.9558 4.064 0)
(2.1209 4.064 0)
(2.286 4.064 0)
(2.4511 4.064 0)
(2.6162 4.064 0)
(2.7813 4.064 0)
(2.9464 4.064 0)
(3.1115 4.064 0)
(3.2766 4.064 0)
(3.4417 4.064 0)
(3.6068 4.064 0)
(3.7719 4.064 0)
(3.937 4.064 0)
(4.1021 4.064 0)
(4.2672 4.064 0)
(4.4323 4.064 0)
(4.5974 4.064 0)
(4.7625 4.064 0)
(4.9276 4.064 0)
(5.0927 4.064 0)
(5.2578 4.064 0)
(5.4229 4.064 0)
(5.588 4.064 0)
(5.7531 4.064 0)
(5.9182 4.064 0)
(6.0833 4.064 0)
(6.2484 4.064 0)
(6.4135 4.064 0)
(6.5786 4.064 0)
(6.7437 4.064 0)
(6.9088 4.064 0)
(7.0739 4.064 0)
(7.239 4.064 0)
(7.4041 4.064 0)
(7.5692 4.064 0)
(7.7343 4.064 0)
(7.8994 4.064 0)
(8.0645 4.064 0)
(8.2296 4.064 0)
(8.3947 4.064 0)
(8.5598 4.064 0)
(8.7249 4.064 0)
(8.89 4.064 0)
(9.0551 4.064 0)
(9.2202 4.064 0)
(9.3853 4.064 0)
(9.5504 4.064 0)
(9.7155 4.064 0)
(9.8806 4.064 0)
(10.0457 4.064 0)
(10.2108 4.064 0)
(10.3759 4.064 0)
(10.541 4.064 0)
(10.7061 4.064 0)
(10.8712 4.064 0)
(11.0363 4.064 0)
(11.2014 4.064 0)
(11.3665 4.064 0)
(11.5316 4.064 0)
(11.6967 4.064 0)
(11.8618 4.064 0)
(12.0269 4.064 0)
(12.192 4.064 0)
(0.4699 0.1350185612 0.0254)
(0.635 0.1350185612 0.0254)
(0.8001 0.1350185612 0.0254)
(0.9652 0.1350185612 0.0254)
(1.1303 0.1350185612 0.0254)
(1.2954 0.1350185612 0.0254)
(1.4605 0.1350185612 0.0254)
(1.6256 0.1350185612 0.0254)
(1.7907 0.1350185612 0.0254)
(1.9558 0.1350185612 0.0254)
(2.1209 0.1350185612 0.0254)
(2.286 0.1350185612 0.0254)
(2.4511 0.1350185612 0.0254)
(2.6162 0.1350185612 0.0254)
(2.7813 0.1350185612 0.0254)
(2.9464 0.1350185612 0.0254)
(3.1115 0.1350185612 0.0254)
(3.2766 0.1350185612 0.0254)
(3.4417 0.1350185612 0.0254)
(3.6068 0.1350185612 0.0254)
(3.7719 0.1350185612 0.0254)
(3.937 0.1350185612 0.0254)
(4.1021 0.1350185612 0.0254)
(4.2672 0.1350185612 0.0254)
(4.4323 0.1350185612 0.0254)
(4.5974 0.1350185612 0.0254)
(4.7625 0.1350185612 0.0254)
(4.9276 0.1350185612 0.0254)
(5.0927 0.1350185612 0.0254)
(5.2578 0.1350185612 0.0254)
(5.4229 0.1350185612 0.0254)
(5.588 0.1350185612 0.0254)
(5.7531 0.1350185612 0.0254)
(5.9182 0.1350185612 0.0254)
(6.0833 0.1350185612 0.0254)
(6.2484 0.1350185612 0.0254)
(6.4135 0.1350185612 0.0254)
(6.5786 0.1350185612 0.0254)
(6.7437 0.1350185612 0.0254)
(6.9088 0.1350185612 0.0254)
(7.0739 0.1350185612 0.0254)
(7.239 0.1350185612 0.0254)
(7.4041 0.1350185612 0.0254)
(7.5692 0.1350185612 0.0254)
(7.7343 0.1350185612 0.0254)
(7.8994 0.1350185612 0.0254)
(8.0645 0.1350185612 0.0254)
(8.2296 0.1350185612 0.0254)
(8.3947 0.1350185612 0.0254)
(8.5598 0.1350185612 0.0254)
(8.7249 0.1350185612 0.0254)
(8.89 0.1350185612 0.0254)
(9.0551 0.1350185612 0.0254)
(9.2202 0.1350185612 0.0254)
(9.3853 0.1350185612 0.0254)
(9.5504 0.1350185612 0.0254)
(9.7155 0.1350185612 0.0254)
(9.8806 0.1350185612 0.0254)
(10.0457 0.1350185612 0.0254)
(10.2108 0.1350185612 0.0254)
(10.3759 0.1350185612 0.0254)
(10.541 0.1350185612 0.0254)
(10.7061 0.1350185612 0.0254)
(10.8712 0.1350185612 0.0254)
(11.0363 0.1350185612 0.0254)
(11.2014 0.1350185612 0.0254)
(11.3665 0.1350185612 0.0254)
(11.5316 0.1350185612 0.0254)
(11.6967 0.1350185612 0.0254)
(11.8618 0.1350185612 0.0254)
(12.0269 0.1350185612 0.0254)
(12.192 0.1350185612 0.0254)
(0.4699 0.181240666 0.0254)
(0.635 0.181240666 0.0254)
(0.8001 0.181240666 0.0254)
(0.9652 0.181240666 0.0254)
(1.1303 0.181240666 0.0254)
(1.2954 0.181240666 0.0254)
(1.4605 0.181240666 0.0254)
(1.6256 0.181240666 0.0254)
(1.7907 0.181240666 0.0254)
(1.9558 0.181240666 0.0254)
(2.1209 0.181240666 0.0254)
(2.286 0.181240666 0.0254)
(2.4511 0.181240666 0.0254)
(2.6162 0.181240666 0.0254)
(2.7813 0.181240666 0.0254)
(2.9464 0.181240666 0.0254)
(3.1115 0.181240666 0.0254)
(3.2766 0.181240666 0.0254)
(3.4417 0.181240666 0.0254)
(3.6068 0.181240666 0.0254)
(3.7719 0.181240666 0.0254)
(3.937 0.181240666 0.0254)
(4.1021 0.181240666 0.0254)
(4.2672 0.181240666 0.0254)
(4.4323 0.181240666 0.0254)
(4.5974 0.181240666 0.0254)
(4.7625 0.181240666 0.0254)
(4.9276 0.181240666 0.0254)
(5.0927 0.181240666 0.0254)
(5.2578 0.181240666 0.0254)
(5.4229 0.181240666 0.0254)
(5.588 0.181240666 0.0254)
(5.7531 0.181240666 0.0254)
(5.9182 0.181240666 0.0254)
(6.0833 0.181240666 0.0254)
(6.2484 0.181240666 0.0254)
(6.4135 0.181240666 0.0254)
(6.5786 0.181240666 0.0254)
(6.7437 0.181240666 0.0254)
(6.9088 0.181240666 0.0254)
(7.0739 0.181240666 0.0254)
(7.239 0.181240666 0.0254)
(7.4041 0.181240666 0.0254)
(7.5692 0.181240666 0.0254)
(7.7343 0.181240666 0.0254)
(7.8994 0.181240666 0.0254)
(8.0645 0.181240666 0.0254)
(8.2296 0.181240666 0.0254)
(8.3947 0.181240666 0.0254)
(8.5598 0.181240666 0.0254)
(8.7249 0.181240666 0.0254)
(8.89 0.181240666 0.0254)
(9.0551 0.181240666 0.0254)
(9.2202 0.181240666 0.0254)
(9.3853 0.181240666 0.0254)
(9.5504 0.181240666 0.0254)
(9.7155 0.181240666 0.0254)
(9.8806 0.181240666 0.0254)
(10.0457 0.181240666 0.0254)
(10.2108 0.181240666 0.0254)
(10.3759 0.181240666 0.0254)
(10.541 0.181240666 0.0254)
(10.7061 0.181240666 0.0254)
(10.8712 0.181240666 0.0254)
(11.0363 0.181240666 0.0254)
(11.2014 0.181240666 0.0254)
(11.3665 0.181240666 0.0254)
(11.5316 0.181240666 0.0254)
(11.6967 0.181240666 0.0254)
(11.8618 0.181240666 0.0254)
(12.0269 0.181240666 0.0254)
(12.192 0.181240666 0.0254)
(0.4699 0.2296378718 0.0254)
(0.635 0.2296378718 0.0254)
(0.8001 0.2296378718 0.0254)
(0.9652 0.2296378718 0.0254)
(1.1303 0.2296378718 0.0254)
(1.2954 0.2296378718 0.0254)
(1.4605 0.2296378718 0.0254)
(1.6256 0.2296378718 0.0254)
(1.7907 0.2296378718 0.0254)
(1.9558 0.2296378718 0.0254)
(2.1209 0.2296378718 0.0254)
(2.286 0.2296378718 0.0254)
(2.4511 0.2296378718 0.0254)
(2.6162 0.2296378718 0.0254)
(2.7813 0.2296378718 0.0254)
(2.9464 0.2296378718 0.0254)
(3.1115 0.2296378718 0.0254)
(3.2766 0.2296378718 0.0254)
(3.4417 0.2296378718 0.0254)
(3.6068 0.2296378718 0.0254)
(3.7719 0.2296378718 0.0254)
(3.937 0.2296378718 0.0254)
(4.1021 0.2296378718 0.0254)
(4.2672 0.2296378718 0.0254)
(4.4323 0.2296378718 0.0254)
(4.5974 0.2296378718 0.0254)
(4.7625 0.2296378718 0.0254)
(4.9276 0.2296378718 0.0254)
(5.0927 0.2296378718 0.0254)
(5.2578 0.2296378718 0.0254)
(5.4229 0.2296378718 0.0254)
(5.588 0.2296378718 0.0254)
(5.7531 0.2296378718 0.0254)
(5.9182 0.2296378718 0.0254)
(6.0833 0.2296378718 0.0254)
(6.2484 0.2296378718 0.0254)
(6.4135 0.2296378718 0.0254)
(6.5786 0.2296378718 0.0254)
(6.7437 0.2296378718 0.0254)
(6.9088 0.2296378718 0.0254)
(7.0739 0.2296378718 0.0254)
(7.239 0.2296378718 0.0254)
(7.4041 0.2296378718 0.0254)
(7.5692 0.2296378718 0.0254)
(7.7343 0.2296378718 0.0254)
(7.8994 0.2296378718 0.0254)
(8.0645 0.2296378718 0.0254)
(8.2296 0.2296378718 0.0254)
(8.3947 0.2296378718 0.0254)
(8.5598 0.2296378718 0.0254)
(8.7249 0.2296378718 0.0254)
(8.89 0.2296378718 0.0254)
(9.0551 0.2296378718 0.0254)
(9.2202 0.2296378718 0.0254)
(9.3853 0.2296378718 0.0254)
(9.5504 0.2296378718 0.0254)
(9.7155 0.2296378718 0.0254)
(9.8806 0.2296378718 0.0254)
(10.0457 0.2296378718 0.0254)
(10.2108 0.2296378718 0.0254)
(10.3759 0.2296378718 0.0254)
(10.541 0.2296378718 0.0254)
(10.7061 0.2296378718 0.0254)
(10.8712 0.2296378718 0.0254)
(11.0363 0.2296378718 0.0254)
(11.2014 0.2296378718 0.0254)
(11.3665 0.2296378718 0.0254)
(11.5316 0.2296378718 0.0254)
(11.6967 0.2296378718 0.0254)
(11.8618 0.2296378718 0.0254)
(12.0269 0.2296378718 0.0254)
(12.192 0.2296378718 0.0254)
(0.4699 0.2803125338 0.0254)
(0.635 0.2803125338 0.0254)
(0.8001 0.2803125338 0.0254)
(0.9652 0.2803125338 0.0254)
(1.1303 0.2803125338 0.0254)
(1.2954 0.2803125338 0.0254)
(1.4605 0.2803125338 0.0254)
(1.6256 0.2803125338 0.0254)
(1.7907 0.2803125338 0.0254)
(1.9558 0.2803125338 0.0254)
(2.1209 0.2803125338 0.0254)
(2.286 0.2803125338 0.0254)
(2.4511 0.2803125338 0.0254)
(2.6162 0.2803125338 0.0254)
(2.7813 0.2803125338 0.0254)
(2.9464 0.2803125338 0.0254)
(3.1115 0.2803125338 0.0254)
(3.2766 0.2803125338 0.0254)
(3.4417 0.2803125338 0.0254)
(3.6068 0.2803125338 0.0254)
(3.7719 0.2803125338 0.0254)
(3.937 0.2803125338 0.0254)
(4.1021 0.2803125338 0.0254)
(4.2672 0.2803125338 0.0254)
(4.4323 0.2803125338 0.0254)
(4.5974 0.2803125338 0.0254)
(4.7625 0.2803125338 0.0254)
(4.9276 0.2803125338 0.0254)
(5.0927 0.2803125338 0.0254)
(5.2578 0.2803125338 0.0254)
(5.4229 0.2803125338 0.0254)
(5.588 0.2803125338 0.0254)
(5.7531 0.2803125338 0.0254)
(5.9182 0.2803125338 0.0254)
(6.0833 0.2803125338 0.0254)
(6.2484 0.2803125338 0.0254)
(6.4135 0.2803125338 0.0254)
(6.5786 0.2803125338 0.0254)
(6.7437 0.2803125338 0.0254)
(6.9088 0.2803125338 0.0254)
(7.0739 0.2803125338 0.0254)
(7.239 0.2803125338 0.0254)
(7.4041 0.2803125338 0.0254)
(7.5692 0.2803125338 0.0254)
(7.7343 0.2803125338 0.0254)
(7.8994 0.2803125338 0.0254)
(8.0645 0.2803125338 0.0254)
(8.2296 0.2803125338 0.0254)
(8.3947 0.2803125338 0.0254)
(8.5598 0.2803125338 0.0254)
(8.7249 0.2803125338 0.0254)
(8.89 0.2803125338 0.0254)
(9.0551 0.2803125338 0.0254)
(9.2202 0.2803125338 0.0254)
(9.3853 0.2803125338 0.0254)
(9.5504 0.2803125338 0.0254)
(9.7155 0.2803125338 0.0254)
(9.8806 0.2803125338 0.0254)
(10.0457 0.2803125338 0.0254)
(10.2108 0.2803125338 0.0254)
(10.3759 0.2803125338 0.0254)
(10.541 0.2803125338 0.0254)
(10.7061 0.2803125338 0.0254)
(10.8712 0.2803125338 0.0254)
(11.0363 0.2803125338 0.0254)
(11.2014 0.2803125338 0.0254)
(11.3665 0.2803125338 0.0254)
(11.5316 0.2803125338 0.0254)
(11.6967 0.2803125338 0.0254)
(11.8618 0.2803125338 0.0254)
(12.0269 0.2803125338 0.0254)
(12.192 0.2803125338 0.0254)
(0.4699 0.3333718236 0.0254)
(0.635 0.3333718236 0.0254)
(0.8001 0.3333718236 0.0254)
(0.9652 0.3333718236 0.0254)
(1.1303 0.3333718236 0.0254)
(1.2954 0.3333718236 0.0254)
(1.4605 0.3333718236 0.0254)
(1.6256 0.3333718236 0.0254)
(1.7907 0.3333718236 0.0254)
(1.9558 0.3333718236 0.0254)
(2.1209 0.3333718236 0.0254)
(2.286 0.3333718236 0.0254)
(2.4511 0.3333718236 0.0254)
(2.6162 0.3333718236 0.0254)
(2.7813 0.3333718236 0.0254)
(2.9464 0.3333718236 0.0254)
(3.1115 0.3333718236 0.0254)
(3.2766 0.3333718236 0.0254)
(3.4417 0.3333718236 0.0254)
(3.6068 0.3333718236 0.0254)
(3.7719 0.3333718236 0.0254)
(3.937 0.3333718236 0.0254)
(4.1021 0.3333718236 0.0254)
(4.2672 0.3333718236 0.0254)
(4.4323 0.3333718236 0.0254)
(4.5974 0.3333718236 0.0254)
(4.7625 0.3333718236 0.0254)
(4.9276 0.3333718236 0.0254)
(5.0927 0.3333718236 0.0254)
(5.2578 0.3333718236 0.0254)
(5.4229 0.3333718236 0.0254)
(5.588 0.3333718236 0.0254)
(5.7531 0.3333718236 0.0254)
(5.9182 0.3333718236 0.0254)
(6.0833 0.3333718236 0.0254)
(6.2484 0.3333718236 0.0254)
(6.4135 0.3333718236 0.0254)
(6.5786 0.3333718236 0.0254)
(6.7437 0.3333718236 0.0254)
(6.9088 0.3333718236 0.0254)
(7.0739 0.3333718236 0.0254)
(7.239 0.3333718236 0.0254)
(7.4041 0.3333718236 0.0254)
(7.5692 0.3333718236 0.0254)
(7.7343 0.3333718236 0.0254)
(7.8994 0.3333718236 0.0254)
(8.0645 0.3333718236 0.0254)
(8.2296 0.3333718236 0.0254)
(8.3947 0.3333718236 0.0254)
(8.5598 0.3333718236 0.0254)
(8.7249 0.3333718236 0.0254)
(8.89 0.3333718236 0.0254)
(9.0551 0.3333718236 0.0254)
(9.2202 0.3333718236 0.0254)
(9.3853 0.3333718236 0.0254)
(9.5504 0.3333718236 0.0254)
(9.7155 0.3333718236 0.0254)
(9.8806 0.3333718236 0.0254)
(10.0457 0.3333718236 0.0254)
(10.2108 0.3333718236 0.0254)
(10.3759 0.3333718236 0.0254)
(10.541 0.3333718236 0.0254)
(10.7061 0.3333718236 0.0254)
(10.8712 0.3333718236 0.0254)
(11.0363 0.3333718236 0.0254)
(11.2014 0.3333718236 0.0254)
(11.3665 0.3333718236 0.0254)
(11.5316 0.3333718236 0.0254)
(11.6967 0.3333718236 0.0254)
(11.8618 0.3333718236 0.0254)
(12.0269 0.3333718236 0.0254)
(12.192 0.3333718236 0.0254)
(0.4699 0.3889279559 0.0254)
(0.635 0.3889279559 0.0254)
(0.8001 0.3889279559 0.0254)
(0.9652 0.3889279559 0.0254)
(1.1303 0.3889279559 0.0254)
(1.2954 0.3889279559 0.0254)
(1.4605 0.3889279559 0.0254)
(1.6256 0.3889279559 0.0254)
(1.7907 0.3889279559 0.0254)
(1.9558 0.3889279559 0.0254)
(2.1209 0.3889279559 0.0254)
(2.286 0.3889279559 0.0254)
(2.4511 0.3889279559 0.0254)
(2.6162 0.3889279559 0.0254)
(2.7813 0.3889279559 0.0254)
(2.9464 0.3889279559 0.0254)
(3.1115 0.3889279559 0.0254)
(3.2766 0.3889279559 0.0254)
(3.4417 0.3889279559 0.0254)
(3.6068 0.3889279559 0.0254)
(3.7719 0.3889279559 0.0254)
(3.937 0.3889279559 0.0254)
(4.1021 0.3889279559 0.0254)
(4.2672 0.3889279559 0.0254)
(4.4323 0.3889279559 0.0254)
(4.5974 0.3889279559 0.0254)
(4.7625 0.3889279559 0.0254)
(4.9276 0.3889279559 0.0254)
(5.0927 0.3889279559 0.0254)
(5.2578 0.3889279559 0.0254)
(5.4229 0.3889279559 0.0254)
(5.588 0.3889279559 0.0254)
(5.7531 0.3889279559 0.0254)
(5.9182 0.3889279559 0.0254)
(6.0833 0.3889279559 0.0254)
(6.2484 0.3889279559 0.0254)
(6.4135 0.3889279559 0.0254)
(6.5786 0.3889279559 0.0254)
(6.7437 0.3889279559 0.0254)
(6.9088 0.3889279559 0.0254)
(7.0739 0.3889279559 0.0254)
(7.239 0.3889279559 0.0254)
(7.4041 0.3889279559 0.0254)
(7.5692 0.3889279559 0.0254)
(7.7343 0.3889279559 0.0254)
(7.8994 0.3889279559 0.0254)
(8.0645 0.3889279559 0.0254)
(8.2296 0.3889279559 0.0254)
(8.3947 0.3889279559 0.0254)
(8.5598 0.3889279559 0.0254)
(8.7249 0.3889279559 0.0254)
(8.89 0.3889279559 0.0254)
(9.0551 0.3889279559 0.0254)
(9.2202 0.3889279559 0.0254)
(9.3853 0.3889279559 0.0254)
(9.5504 0.3889279559 0.0254)
(9.7155 0.3889279559 0.0254)
(9.8806 0.3889279559 0.0254)
(10.0457 0.3889279559 0.0254)
(10.2108 0.3889279559 0.0254)
(10.3759 0.3889279559 0.0254)
(10.541 0.3889279559 0.0254)
(10.7061 0.3889279559 0.0254)
(10.8712 0.3889279559 0.0254)
(11.0363 0.3889279559 0.0254)
(11.2014 0.3889279559 0.0254)
(11.3665 0.3889279559 0.0254)
(11.5316 0.3889279559 0.0254)
(11.6967 0.3889279559 0.0254)
(11.8618 0.3889279559 0.0254)
(12.0269 0.3889279559 0.0254)
(12.192 0.3889279559 0.0254)
(0.4699 0.4470984263 0.0254)
(0.635 0.4470984263 0.0254)
(0.8001 0.4470984263 0.0254)
(0.9652 0.4470984263 0.0254)
(1.1303 0.4470984263 0.0254)
(1.2954 0.4470984263 0.0254)
(1.4605 0.4470984263 0.0254)
(1.6256 0.4470984263 0.0254)
(1.7907 0.4470984263 0.0254)
(1.9558 0.4470984263 0.0254)
(2.1209 0.4470984263 0.0254)
(2.286 0.4470984263 0.0254)
(2.4511 0.4470984263 0.0254)
(2.6162 0.4470984263 0.0254)
(2.7813 0.4470984263 0.0254)
(2.9464 0.4470984263 0.0254)
(3.1115 0.4470984263 0.0254)
(3.2766 0.4470984263 0.0254)
(3.4417 0.4470984263 0.0254)
(3.6068 0.4470984263 0.0254)
(3.7719 0.4470984263 0.0254)
(3.937 0.4470984263 0.0254)
(4.1021 0.4470984263 0.0254)
(4.2672 0.4470984263 0.0254)
(4.4323 0.4470984263 0.0254)
(4.5974 0.4470984263 0.0254)
(4.7625 0.4470984263 0.0254)
(4.9276 0.4470984263 0.0254)
(5.0927 0.4470984263 0.0254)
(5.2578 0.4470984263 0.0254)
(5.4229 0.4470984263 0.0254)
(5.588 0.4470984263 0.0254)
(5.7531 0.4470984263 0.0254)
(5.9182 0.4470984263 0.0254)
(6.0833 0.4470984263 0.0254)
(6.2484 0.4470984263 0.0254)
(6.4135 0.4470984263 0.0254)
(6.5786 0.4470984263 0.0254)
(6.7437 0.4470984263 0.0254)
(6.9088 0.4470984263 0.0254)
(7.0739 0.4470984263 0.0254)
(7.239 0.4470984263 0.0254)
(7.4041 0.4470984263 0.0254)
(7.5692 0.4470984263 0.0254)
(7.7343 0.4470984263 0.0254)
(7.8994 0.4470984263 0.0254)
(8.0645 0.4470984263 0.0254)
(8.2296 0.4470984263 0.0254)
(8.3947 0.4470984263 0.0254)
(8.5598 0.4470984263 0.0254)
(8.7249 0.4470984263 0.0254)
(8.89 0.4470984263 0.0254)
(9.0551 0.4470984263 0.0254)
(9.2202 0.4470984263 0.0254)
(9.3853 0.4470984263 0.0254)
(9.5504 0.4470984263 0.0254)
(9.7155 0.4470984263 0.0254)
(9.8806 0.4470984263 0.0254)
(10.0457 0.4470984263 0.0254)
(10.2108 0.4470984263 0.0254)
(10.3759 0.4470984263 0.0254)
(10.541 0.4470984263 0.0254)
(10.7061 0.4470984263 0.0254)
(10.8712 0.4470984263 0.0254)
(11.0363 0.4470984263 0.0254)
(11.2014 0.4470984263 0.0254)
(11.3665 0.4470984263 0.0254)
(11.5316 0.4470984263 0.0254)
(11.6967 0.4470984263 0.0254)
(11.8618 0.4470984263 0.0254)
(12.0269 0.4470984263 0.0254)
(12.192 0.4470984263 0.0254)
(0.4699 0.5080062591 0.0254)
(0.635 0.5080062591 0.0254)
(0.8001 0.5080062591 0.0254)
(0.9652 0.5080062591 0.0254)
(1.1303 0.5080062591 0.0254)
(1.2954 0.5080062591 0.0254)
(1.4605 0.5080062591 0.0254)
(1.6256 0.5080062591 0.0254)
(1.7907 0.5080062591 0.0254)
(1.9558 0.5080062591 0.0254)
(2.1209 0.5080062591 0.0254)
(2.286 0.5080062591 0.0254)
(2.4511 0.5080062591 0.0254)
(2.6162 0.5080062591 0.0254)
(2.7813 0.5080062591 0.0254)
(2.9464 0.5080062591 0.0254)
(3.1115 0.5080062591 0.0254)
(3.2766 0.5080062591 0.0254)
(3.4417 0.5080062591 0.0254)
(3.6068 0.5080062591 0.0254)
(3.7719 0.5080062591 0.0254)
(3.937 0.5080062591 0.0254)
(4.1021 0.5080062591 0.0254)
(4.2672 0.5080062591 0.0254)
(4.4323 0.5080062591 0.0254)
(4.5974 0.5080062591 0.0254)
(4.7625 0.5080062591 0.0254)
(4.9276 0.5080062591 0.0254)
(5.0927 0.5080062591 0.0254)
(5.2578 0.5080062591 0.0254)
(5.4229 0.5080062591 0.0254)
(5.588 0.5080062591 0.0254)
(5.7531 0.5080062591 0.0254)
(5.9182 0.5080062591 0.0254)
(6.0833 0.5080062591 0.0254)
(6.2484 0.5080062591 0.0254)
(6.4135 0.5080062591 0.0254)
(6.5786 0.5080062591 0.0254)
(6.7437 0.5080062591 0.0254)
(6.9088 0.5080062591 0.0254)
(7.0739 0.5080062591 0.0254)
(7.239 0.5080062591 0.0254)
(7.4041 0.5080062591 0.0254)
(7.5692 0.5080062591 0.0254)
(7.7343 0.5080062591 0.0254)
(7.8994 0.5080062591 0.0254)
(8.0645 0.5080062591 0.0254)
(8.2296 0.5080062591 0.0254)
(8.3947 0.5080062591 0.0254)
(8.5598 0.5080062591 0.0254)
(8.7249 0.5080062591 0.0254)
(8.89 0.5080062591 0.0254)
(9.0551 0.5080062591 0.0254)
(9.2202 0.5080062591 0.0254)
(9.3853 0.5080062591 0.0254)
(9.5504 0.5080062591 0.0254)
(9.7155 0.5080062591 0.0254)
(9.8806 0.5080062591 0.0254)
(10.0457 0.5080062591 0.0254)
(10.2108 0.5080062591 0.0254)
(10.3759 0.5080062591 0.0254)
(10.541 0.5080062591 0.0254)
(10.7061 0.5080062591 0.0254)
(10.8712 0.5080062591 0.0254)
(11.0363 0.5080062591 0.0254)
(11.2014 0.5080062591 0.0254)
(11.3665 0.5080062591 0.0254)
(11.5316 0.5080062591 0.0254)
(11.6967 0.5080062591 0.0254)
(11.8618 0.5080062591 0.0254)
(12.0269 0.5080062591 0.0254)
(12.192 0.5080062591 0.0254)
(0.4699 0.5717802681 0.0254)
(0.635 0.5717802681 0.0254)
(0.8001 0.5717802681 0.0254)
(0.9652 0.5717802681 0.0254)
(1.1303 0.5717802681 0.0254)
(1.2954 0.5717802681 0.0254)
(1.4605 0.5717802681 0.0254)
(1.6256 0.5717802681 0.0254)
(1.7907 0.5717802681 0.0254)
(1.9558 0.5717802681 0.0254)
(2.1209 0.5717802681 0.0254)
(2.286 0.5717802681 0.0254)
(2.4511 0.5717802681 0.0254)
(2.6162 0.5717802681 0.0254)
(2.7813 0.5717802681 0.0254)
(2.9464 0.5717802681 0.0254)
(3.1115 0.5717802681 0.0254)
(3.2766 0.5717802681 0.0254)
(3.4417 0.5717802681 0.0254)
(3.6068 0.5717802681 0.0254)
(3.7719 0.5717802681 0.0254)
(3.937 0.5717802681 0.0254)
(4.1021 0.5717802681 0.0254)
(4.2672 0.5717802681 0.0254)
(4.4323 0.5717802681 0.0254)
(4.5974 0.5717802681 0.0254)
(4.7625 0.5717802681 0.0254)
(4.9276 0.5717802681 0.0254)
(5.0927 0.5717802681 0.0254)
(5.2578 0.5717802681 0.0254)
(5.4229 0.5717802681 0.0254)
(5.588 0.5717802681 0.0254)
(5.7531 0.5717802681 0.0254)
(5.9182 0.5717802681 0.0254)
(6.0833 0.5717802681 0.0254)
(6.2484 0.5717802681 0.0254)
(6.4135 0.5717802681 0.0254)
(6.5786 0.5717802681 0.0254)
(6.7437 0.5717802681 0.0254)
(6.9088 0.5717802681 0.0254)
(7.0739 0.5717802681 0.0254)
(7.239 0.5717802681 0.0254)
(7.4041 0.5717802681 0.0254)
(7.5692 0.5717802681 0.0254)
(7.7343 0.5717802681 0.0254)
(7.8994 0.5717802681 0.0254)
(8.0645 0.5717802681 0.0254)
(8.2296 0.5717802681 0.0254)
(8.3947 0.5717802681 0.0254)
(8.5598 0.5717802681 0.0254)
(8.7249 0.5717802681 0.0254)
(8.89 0.5717802681 0.0254)
(9.0551 0.5717802681 0.0254)
(9.2202 0.5717802681 0.0254)
(9.3853 0.5717802681 0.0254)
(9.5504 0.5717802681 0.0254)
(9.7155 0.5717802681 0.0254)
(9.8806 0.5717802681 0.0254)
(10.0457 0.5717802681 0.0254)
(10.2108 0.5717802681 0.0254)
(10.3759 0.5717802681 0.0254)
(10.541 0.5717802681 0.0254)
(10.7061 0.5717802681 0.0254)
(10.8712 0.5717802681 0.0254)
(11.0363 0.5717802681 0.0254)
(11.2014 0.5717802681 0.0254)
(11.3665 0.5717802681 0.0254)
(11.5316 0.5717802681 0.0254)
(11.6967 0.5717802681 0.0254)
(11.8618 0.5717802681 0.0254)
(12.0269 0.5717802681 0.0254)
(12.192 0.5717802681 0.0254)
(0.4699 0.6385553285 0.0254)
(0.635 0.6385553285 0.0254)
(0.8001 0.6385553285 0.0254)
(0.9652 0.6385553285 0.0254)
(1.1303 0.6385553285 0.0254)
(1.2954 0.6385553285 0.0254)
(1.4605 0.6385553285 0.0254)
(1.6256 0.6385553285 0.0254)
(1.7907 0.6385553285 0.0254)
(1.9558 0.6385553285 0.0254)
(2.1209 0.6385553285 0.0254)
(2.286 0.6385553285 0.0254)
(2.4511 0.6385553285 0.0254)
(2.6162 0.6385553285 0.0254)
(2.7813 0.6385553285 0.0254)
(2.9464 0.6385553285 0.0254)
(3.1115 0.6385553285 0.0254)
(3.2766 0.6385553285 0.0254)
(3.4417 0.6385553285 0.0254)
(3.6068 0.6385553285 0.0254)
(3.7719 0.6385553285 0.0254)
(3.937 0.6385553285 0.0254)
(4.1021 0.6385553285 0.0254)
(4.2672 0.6385553285 0.0254)
(4.4323 0.6385553285 0.0254)
(4.5974 0.6385553285 0.0254)
(4.7625 0.6385553285 0.0254)
(4.9276 0.6385553285 0.0254)
(5.0927 0.6385553285 0.0254)
(5.2578 0.6385553285 0.0254)
(5.4229 0.6385553285 0.0254)
(5.588 0.6385553285 0.0254)
(5.7531 0.6385553285 0.0254)
(5.9182 0.6385553285 0.0254)
(6.0833 0.6385553285 0.0254)
(6.2484 0.6385553285 0.0254)
(6.4135 0.6385553285 0.0254)
(6.5786 0.6385553285 0.0254)
(6.7437 0.6385553285 0.0254)
(6.9088 0.6385553285 0.0254)
(7.0739 0.6385553285 0.0254)
(7.239 0.6385553285 0.0254)
(7.4041 0.6385553285 0.0254)
(7.5692 0.6385553285 0.0254)
(7.7343 0.6385553285 0.0254)
(7.8994 0.6385553285 0.0254)
(8.0645 0.6385553285 0.0254)
(8.2296 0.6385553285 0.0254)
(8.3947 0.6385553285 0.0254)
(8.5598 0.6385553285 0.0254)
(8.7249 0.6385553285 0.0254)
(8.89 0.6385553285 0.0254)
(9.0551 0.6385553285 0.0254)
(9.2202 0.6385553285 0.0254)
(9.3853 0.6385553285 0.0254)
(9.5504 0.6385553285 0.0254)
(9.7155 0.6385553285 0.0254)
(9.8806 0.6385553285 0.0254)
(10.0457 0.6385553285 0.0254)
(10.2108 0.6385553285 0.0254)
(10.3759 0.6385553285 0.0254)
(10.541 0.6385553285 0.0254)
(10.7061 0.6385553285 0.0254)
(10.8712 0.6385553285 0.0254)
(11.0363 0.6385553285 0.0254)
(11.2014 0.6385553285 0.0254)
(11.3665 0.6385553285 0.0254)
(11.5316 0.6385553285 0.0254)
(11.6967 0.6385553285 0.0254)
(11.8618 0.6385553285 0.0254)
(12.0269 0.6385553285 0.0254)
(12.192 0.6385553285 0.0254)
(0.4699 0.7084726628 0.0254)
(0.635 0.7084726628 0.0254)
(0.8001 0.7084726628 0.0254)
(0.9652 0.7084726628 0.0254)
(1.1303 0.7084726628 0.0254)
(1.2954 0.7084726628 0.0254)
(1.4605 0.7084726628 0.0254)
(1.6256 0.7084726628 0.0254)
(1.7907 0.7084726628 0.0254)
(1.9558 0.7084726628 0.0254)
(2.1209 0.7084726628 0.0254)
(2.286 0.7084726628 0.0254)
(2.4511 0.7084726628 0.0254)
(2.6162 0.7084726628 0.0254)
(2.7813 0.7084726628 0.0254)
(2.9464 0.7084726628 0.0254)
(3.1115 0.7084726628 0.0254)
(3.2766 0.7084726628 0.0254)
(3.4417 0.7084726628 0.0254)
(3.6068 0.7084726628 0.0254)
(3.7719 0.7084726628 0.0254)
(3.937 0.7084726628 0.0254)
(4.1021 0.7084726628 0.0254)
(4.2672 0.7084726628 0.0254)
(4.4323 0.7084726628 0.0254)
(4.5974 0.7084726628 0.0254)
(4.7625 0.7084726628 0.0254)
(4.9276 0.7084726628 0.0254)
(5.0927 0.7084726628 0.0254)
(5.2578 0.7084726628 0.0254)
(5.4229 0.7084726628 0.0254)
(5.588 0.7084726628 0.0254)
(5.7531 0.7084726628 0.0254)
(5.9182 0.7084726628 0.0254)
(6.0833 0.7084726628 0.0254)
(6.2484 0.7084726628 0.0254)
(6.4135 0.7084726628 0.0254)
(6.5786 0.7084726628 0.0254)
(6.7437 0.7084726628 0.0254)
(6.9088 0.7084726628 0.0254)
(7.0739 0.7084726628 0.0254)
(7.239 0.7084726628 0.0254)
(7.4041 0.7084726628 0.0254)
(7.5692 0.7084726628 0.0254)
(7.7343 0.7084726628 0.0254)
(7.8994 0.7084726628 0.0254)
(8.0645 0.7084726628 0.0254)
(8.2296 0.7084726628 0.0254)
(8.3947 0.7084726628 0.0254)
(8.5598 0.7084726628 0.0254)
(8.7249 0.7084726628 0.0254)
(8.89 0.7084726628 0.0254)
(9.0551 0.7084726628 0.0254)
(9.2202 0.7084726628 0.0254)
(9.3853 0.7084726628 0.0254)
(9.5504 0.7084726628 0.0254)
(9.7155 0.7084726628 0.0254)
(9.8806 0.7084726628 0.0254)
(10.0457 0.7084726628 0.0254)
(10.2108 0.7084726628 0.0254)
(10.3759 0.7084726628 0.0254)
(10.541 0.7084726628 0.0254)
(10.7061 0.7084726628 0.0254)
(10.8712 0.7084726628 0.0254)
(11.0363 0.7084726628 0.0254)
(11.2014 0.7084726628 0.0254)
(11.3665 0.7084726628 0.0254)
(11.5316 0.7084726628 0.0254)
(11.6967 0.7084726628 0.0254)
(11.8618 0.7084726628 0.0254)
(12.0269 0.7084726628 0.0254)
(12.192 0.7084726628 0.0254)
(0.4699 0.7816801387 0.0254)
(0.635 0.7816801387 0.0254)
(0.8001 0.7816801387 0.0254)
(0.9652 0.7816801387 0.0254)
(1.1303 0.7816801387 0.0254)
(1.2954 0.7816801387 0.0254)
(1.4605 0.7816801387 0.0254)
(1.6256 0.7816801387 0.0254)
(1.7907 0.7816801387 0.0254)
(1.9558 0.7816801387 0.0254)
(2.1209 0.7816801387 0.0254)
(2.286 0.7816801387 0.0254)
(2.4511 0.7816801387 0.0254)
(2.6162 0.7816801387 0.0254)
(2.7813 0.7816801387 0.0254)
(2.9464 0.7816801387 0.0254)
(3.1115 0.7816801387 0.0254)
(3.2766 0.7816801387 0.0254)
(3.4417 0.7816801387 0.0254)
(3.6068 0.7816801387 0.0254)
(3.7719 0.7816801387 0.0254)
(3.937 0.7816801387 0.0254)
(4.1021 0.7816801387 0.0254)
(4.2672 0.7816801387 0.0254)
(4.4323 0.7816801387 0.0254)
(4.5974 0.7816801387 0.0254)
(4.7625 0.7816801387 0.0254)
(4.9276 0.7816801387 0.0254)
(5.0927 0.7816801387 0.0254)
(5.2578 0.7816801387 0.0254)
(5.4229 0.7816801387 0.0254)
(5.588 0.7816801387 0.0254)
(5.7531 0.7816801387 0.0254)
(5.9182 0.7816801387 0.0254)
(6.0833 0.7816801387 0.0254)
(6.2484 0.7816801387 0.0254)
(6.4135 0.7816801387 0.0254)
(6.5786 0.7816801387 0.0254)
(6.7437 0.7816801387 0.0254)
(6.9088 0.7816801387 0.0254)
(7.0739 0.7816801387 0.0254)
(7.239 0.7816801387 0.0254)
(7.4041 0.7816801387 0.0254)
(7.5692 0.7816801387 0.0254)
(7.7343 0.7816801387 0.0254)
(7.8994 0.7816801387 0.0254)
(8.0645 0.7816801387 0.0254)
(8.2296 0.7816801387 0.0254)
(8.3947 0.7816801387 0.0254)
(8.5598 0.7816801387 0.0254)
(8.7249 0.7816801387 0.0254)
(8.89 0.7816801387 0.0254)
(9.0551 0.7816801387 0.0254)
(9.2202 0.7816801387 0.0254)
(9.3853 0.7816801387 0.0254)
(9.5504 0.7816801387 0.0254)
(9.7155 0.7816801387 0.0254)
(9.8806 0.7816801387 0.0254)
(10.0457 0.7816801387 0.0254)
(10.2108 0.7816801387 0.0254)
(10.3759 0.7816801387 0.0254)
(10.541 0.7816801387 0.0254)
(10.7061 0.7816801387 0.0254)
(10.8712 0.7816801387 0.0254)
(11.0363 0.7816801387 0.0254)
(11.2014 0.7816801387 0.0254)
(11.3665 0.7816801387 0.0254)
(11.5316 0.7816801387 0.0254)
(11.6967 0.7816801387 0.0254)
(11.8618 0.7816801387 0.0254)
(12.0269 0.7816801387 0.0254)
(12.192 0.7816801387 0.0254)
(0.4699 0.8583325824 0.0254)
(0.635 0.8583325824 0.0254)
(0.8001 0.8583325824 0.0254)
(0.9652 0.8583325824 0.0254)
(1.1303 0.8583325824 0.0254)
(1.2954 0.8583325824 0.0254)
(1.4605 0.8583325824 0.0254)
(1.6256 0.8583325824 0.0254)
(1.7907 0.8583325824 0.0254)
(1.9558 0.8583325824 0.0254)
(2.1209 0.8583325824 0.0254)
(2.286 0.8583325824 0.0254)
(2.4511 0.8583325824 0.0254)
(2.6162 0.8583325824 0.0254)
(2.7813 0.8583325824 0.0254)
(2.9464 0.8583325824 0.0254)
(3.1115 0.8583325824 0.0254)
(3.2766 0.8583325824 0.0254)
(3.4417 0.8583325824 0.0254)
(3.6068 0.8583325824 0.0254)
(3.7719 0.8583325824 0.0254)
(3.937 0.8583325824 0.0254)
(4.1021 0.8583325824 0.0254)
(4.2672 0.8583325824 0.0254)
(4.4323 0.8583325824 0.0254)
(4.5974 0.8583325824 0.0254)
(4.7625 0.8583325824 0.0254)
(4.9276 0.8583325824 0.0254)
(5.0927 0.8583325824 0.0254)
(5.2578 0.8583325824 0.0254)
(5.4229 0.8583325824 0.0254)
(5.588 0.8583325824 0.0254)
(5.7531 0.8583325824 0.0254)
(5.9182 0.8583325824 0.0254)
(6.0833 0.8583325824 0.0254)
(6.2484 0.8583325824 0.0254)
(6.4135 0.8583325824 0.0254)
(6.5786 0.8583325824 0.0254)
(6.7437 0.8583325824 0.0254)
(6.9088 0.8583325824 0.0254)
(7.0739 0.8583325824 0.0254)
(7.239 0.8583325824 0.0254)
(7.4041 0.8583325824 0.0254)
(7.5692 0.8583325824 0.0254)
(7.7343 0.8583325824 0.0254)
(7.8994 0.8583325824 0.0254)
(8.0645 0.8583325824 0.0254)
(8.2296 0.8583325824 0.0254)
(8.3947 0.8583325824 0.0254)
(8.5598 0.8583325824 0.0254)
(8.7249 0.8583325824 0.0254)
(8.89 0.8583325824 0.0254)
(9.0551 0.8583325824 0.0254)
(9.2202 0.8583325824 0.0254)
(9.3853 0.8583325824 0.0254)
(9.5504 0.8583325824 0.0254)
(9.7155 0.8583325824 0.0254)
(9.8806 0.8583325824 0.0254)
(10.0457 0.8583325824 0.0254)
(10.2108 0.8583325824 0.0254)
(10.3759 0.8583325824 0.0254)
(10.541 0.8583325824 0.0254)
(10.7061 0.8583325824 0.0254)
(10.8712 0.8583325824 0.0254)
(11.0363 0.8583325824 0.0254)
(11.2014 0.8583325824 0.0254)
(11.3665 0.8583325824 0.0254)
(11.5316 0.8583325824 0.0254)
(11.6967 0.8583325824 0.0254)
(11.8618 0.8583325824 0.0254)
(12.0269 0.8583325824 0.0254)
(12.192 0.8583325824 0.0254)
(0.4699 0.9385921057 0.0254)
(0.635 0.9385921057 0.0254)
(0.8001 0.9385921057 0.0254)
(0.9652 0.9385921057 0.0254)
(1.1303 0.9385921057 0.0254)
(1.2954 0.9385921057 0.0254)
(1.4605 0.9385921057 0.0254)
(1.6256 0.9385921057 0.0254)
(1.7907 0.9385921057 0.0254)
(1.9558 0.9385921057 0.0254)
(2.1209 0.9385921057 0.0254)
(2.286 0.9385921057 0.0254)
(2.4511 0.9385921057 0.0254)
(2.6162 0.9385921057 0.0254)
(2.7813 0.9385921057 0.0254)
(2.9464 0.9385921057 0.0254)
(3.1115 0.9385921057 0.0254)
(3.2766 0.9385921057 0.0254)
(3.4417 0.9385921057 0.0254)
(3.6068 0.9385921057 0.0254)
(3.7719 0.9385921057 0.0254)
(3.937 0.9385921057 0.0254)
(4.1021 0.9385921057 0.0254)
(4.2672 0.9385921057 0.0254)
(4.4323 0.9385921057 0.0254)
(4.5974 0.9385921057 0.0254)
(4.7625 0.9385921057 0.0254)
(4.9276 0.9385921057 0.0254)
(5.0927 0.9385921057 0.0254)
(5.2578 0.9385921057 0.0254)
(5.4229 0.9385921057 0.0254)
(5.588 0.9385921057 0.0254)
(5.7531 0.9385921057 0.0254)
(5.9182 0.9385921057 0.0254)
(6.0833 0.9385921057 0.0254)
(6.2484 0.9385921057 0.0254)
(6.4135 0.9385921057 0.0254)
(6.5786 0.9385921057 0.0254)
(6.7437 0.9385921057 0.0254)
(6.9088 0.9385921057 0.0254)
(7.0739 0.9385921057 0.0254)
(7.239 0.9385921057 0.0254)
(7.4041 0.9385921057 0.0254)
(7.5692 0.9385921057 0.0254)
(7.7343 0.9385921057 0.0254)
(7.8994 0.9385921057 0.0254)
(8.0645 0.9385921057 0.0254)
(8.2296 0.9385921057 0.0254)
(8.3947 0.9385921057 0.0254)
(8.5598 0.9385921057 0.0254)
(8.7249 0.9385921057 0.0254)
(8.89 0.9385921057 0.0254)
(9.0551 0.9385921057 0.0254)
(9.2202 0.9385921057 0.0254)
(9.3853 0.9385921057 0.0254)
(9.5504 0.9385921057 0.0254)
(9.7155 0.9385921057 0.0254)
(9.8806 0.9385921057 0.0254)
(10.0457 0.9385921057 0.0254)
(10.2108 0.9385921057 0.0254)
(10.3759 0.9385921057 0.0254)
(10.541 0.9385921057 0.0254)
(10.7061 0.9385921057 0.0254)
(10.8712 0.9385921057 0.0254)
(11.0363 0.9385921057 0.0254)
(11.2014 0.9385921057 0.0254)
(11.3665 0.9385921057 0.0254)
(11.5316 0.9385921057 0.0254)
(11.6967 0.9385921057 0.0254)
(11.8618 0.9385921057 0.0254)
(12.0269 0.9385921057 0.0254)
(12.192 0.9385921057 0.0254)
(0.4699 1.022628449 0.0254)
(0.635 1.022628449 0.0254)
(0.8001 1.022628449 0.0254)
(0.9652 1.022628449 0.0254)
(1.1303 1.022628449 0.0254)
(1.2954 1.022628449 0.0254)
(1.4605 1.022628449 0.0254)
(1.6256 1.022628449 0.0254)
(1.7907 1.022628449 0.0254)
(1.9558 1.022628449 0.0254)
(2.1209 1.022628449 0.0254)
(2.286 1.022628449 0.0254)
(2.4511 1.022628449 0.0254)
(2.6162 1.022628449 0.0254)
(2.7813 1.022628449 0.0254)
(2.9464 1.022628449 0.0254)
(3.1115 1.022628449 0.0254)
(3.2766 1.022628449 0.0254)
(3.4417 1.022628449 0.0254)
(3.6068 1.022628449 0.0254)
(3.7719 1.022628449 0.0254)
(3.937 1.022628449 0.0254)
(4.1021 1.022628449 0.0254)
(4.2672 1.022628449 0.0254)
(4.4323 1.022628449 0.0254)
(4.5974 1.022628449 0.0254)
(4.7625 1.022628449 0.0254)
(4.9276 1.022628449 0.0254)
(5.0927 1.022628449 0.0254)
(5.2578 1.022628449 0.0254)
(5.4229 1.022628449 0.0254)
(5.588 1.022628449 0.0254)
(5.7531 1.022628449 0.0254)
(5.9182 1.022628449 0.0254)
(6.0833 1.022628449 0.0254)
(6.2484 1.022628449 0.0254)
(6.4135 1.022628449 0.0254)
(6.5786 1.022628449 0.0254)
(6.7437 1.022628449 0.0254)
(6.9088 1.022628449 0.0254)
(7.0739 1.022628449 0.0254)
(7.239 1.022628449 0.0254)
(7.4041 1.022628449 0.0254)
(7.5692 1.022628449 0.0254)
(7.7343 1.022628449 0.0254)
(7.8994 1.022628449 0.0254)
(8.0645 1.022628449 0.0254)
(8.2296 1.022628449 0.0254)
(8.3947 1.022628449 0.0254)
(8.5598 1.022628449 0.0254)
(8.7249 1.022628449 0.0254)
(8.89 1.022628449 0.0254)
(9.0551 1.022628449 0.0254)
(9.2202 1.022628449 0.0254)
(9.3853 1.022628449 0.0254)
(9.5504 1.022628449 0.0254)
(9.7155 1.022628449 0.0254)
(9.8806 1.022628449 0.0254)
(10.0457 1.022628449 0.0254)
(10.2108 1.022628449 0.0254)
(10.3759 1.022628449 0.0254)
(10.541 1.022628449 0.0254)
(10.7061 1.022628449 0.0254)
(10.8712 1.022628449 0.0254)
(11.0363 1.022628449 0.0254)
(11.2014 1.022628449 0.0254)
(11.3665 1.022628449 0.0254)
(11.5316 1.022628449 0.0254)
(11.6967 1.022628449 0.0254)
(11.8618 1.022628449 0.0254)
(12.0269 1.022628449 0.0254)
(12.192 1.022628449 0.0254)
(0.4699 1.110619341 0.0254)
(0.635 1.110619341 0.0254)
(0.8001 1.110619341 0.0254)
(0.9652 1.110619341 0.0254)
(1.1303 1.110619341 0.0254)
(1.2954 1.110619341 0.0254)
(1.4605 1.110619341 0.0254)
(1.6256 1.110619341 0.0254)
(1.7907 1.110619341 0.0254)
(1.9558 1.110619341 0.0254)
(2.1209 1.110619341 0.0254)
(2.286 1.110619341 0.0254)
(2.4511 1.110619341 0.0254)
(2.6162 1.110619341 0.0254)
(2.7813 1.110619341 0.0254)
(2.9464 1.110619341 0.0254)
(3.1115 1.110619341 0.0254)
(3.2766 1.110619341 0.0254)
(3.4417 1.110619341 0.0254)
(3.6068 1.110619341 0.0254)
(3.7719 1.110619341 0.0254)
(3.937 1.110619341 0.0254)
(4.1021 1.110619341 0.0254)
(4.2672 1.110619341 0.0254)
(4.4323 1.110619341 0.0254)
(4.5974 1.110619341 0.0254)
(4.7625 1.110619341 0.0254)
(4.9276 1.110619341 0.0254)
(5.0927 1.110619341 0.0254)
(5.2578 1.110619341 0.0254)
(5.4229 1.110619341 0.0254)
(5.588 1.110619341 0.0254)
(5.7531 1.110619341 0.0254)
(5.9182 1.110619341 0.0254)
(6.0833 1.110619341 0.0254)
(6.2484 1.110619341 0.0254)
(6.4135 1.110619341 0.0254)
(6.5786 1.110619341 0.0254)
(6.7437 1.110619341 0.0254)
(6.9088 1.110619341 0.0254)
(7.0739 1.110619341 0.0254)
(7.239 1.110619341 0.0254)
(7.4041 1.110619341 0.0254)
(7.5692 1.110619341 0.0254)
(7.7343 1.110619341 0.0254)
(7.8994 1.110619341 0.0254)
(8.0645 1.110619341 0.0254)
(8.2296 1.110619341 0.0254)
(8.3947 1.110619341 0.0254)
(8.5598 1.110619341 0.0254)
(8.7249 1.110619341 0.0254)
(8.89 1.110619341 0.0254)
(9.0551 1.110619341 0.0254)
(9.2202 1.110619341 0.0254)
(9.3853 1.110619341 0.0254)
(9.5504 1.110619341 0.0254)
(9.7155 1.110619341 0.0254)
(9.8806 1.110619341 0.0254)
(10.0457 1.110619341 0.0254)
(10.2108 1.110619341 0.0254)
(10.3759 1.110619341 0.0254)
(10.541 1.110619341 0.0254)
(10.7061 1.110619341 0.0254)
(10.8712 1.110619341 0.0254)
(11.0363 1.110619341 0.0254)
(11.2014 1.110619341 0.0254)
(11.3665 1.110619341 0.0254)
(11.5316 1.110619341 0.0254)
(11.6967 1.110619341 0.0254)
(11.8618 1.110619341 0.0254)
(12.0269 1.110619341 0.0254)
(12.192 1.110619341 0.0254)
(0.4699 1.202750873 0.0254)
(0.635 1.202750873 0.0254)
(0.8001 1.202750873 0.0254)
(0.9652 1.202750873 0.0254)
(1.1303 1.202750873 0.0254)
(1.2954 1.202750873 0.0254)
(1.4605 1.202750873 0.0254)
(1.6256 1.202750873 0.0254)
(1.7907 1.202750873 0.0254)
(1.9558 1.202750873 0.0254)
(2.1209 1.202750873 0.0254)
(2.286 1.202750873 0.0254)
(2.4511 1.202750873 0.0254)
(2.6162 1.202750873 0.0254)
(2.7813 1.202750873 0.0254)
(2.9464 1.202750873 0.0254)
(3.1115 1.202750873 0.0254)
(3.2766 1.202750873 0.0254)
(3.4417 1.202750873 0.0254)
(3.6068 1.202750873 0.0254)
(3.7719 1.202750873 0.0254)
(3.937 1.202750873 0.0254)
(4.1021 1.202750873 0.0254)
(4.2672 1.202750873 0.0254)
(4.4323 1.202750873 0.0254)
(4.5974 1.202750873 0.0254)
(4.7625 1.202750873 0.0254)
(4.9276 1.202750873 0.0254)
(5.0927 1.202750873 0.0254)
(5.2578 1.202750873 0.0254)
(5.4229 1.202750873 0.0254)
(5.588 1.202750873 0.0254)
(5.7531 1.202750873 0.0254)
(5.9182 1.202750873 0.0254)
(6.0833 1.202750873 0.0254)
(6.2484 1.202750873 0.0254)
(6.4135 1.202750873 0.0254)
(6.5786 1.202750873 0.0254)
(6.7437 1.202750873 0.0254)
(6.9088 1.202750873 0.0254)
(7.0739 1.202750873 0.0254)
(7.239 1.202750873 0.0254)
(7.4041 1.202750873 0.0254)
(7.5692 1.202750873 0.0254)
(7.7343 1.202750873 0.0254)
(7.8994 1.202750873 0.0254)
(8.0645 1.202750873 0.0254)
(8.2296 1.202750873 0.0254)
(8.3947 1.202750873 0.0254)
(8.5598 1.202750873 0.0254)
(8.7249 1.202750873 0.0254)
(8.89 1.202750873 0.0254)
(9.0551 1.202750873 0.0254)
(9.2202 1.202750873 0.0254)
(9.3853 1.202750873 0.0254)
(9.5504 1.202750873 0.0254)
(9.7155 1.202750873 0.0254)
(9.8806 1.202750873 0.0254)
(10.0457 1.202750873 0.0254)
(10.2108 1.202750873 0.0254)
(10.3759 1.202750873 0.0254)
(10.541 1.202750873 0.0254)
(10.7061 1.202750873 0.0254)
(10.8712 1.202750873 0.0254)
(11.0363 1.202750873 0.0254)
(11.2014 1.202750873 0.0254)
(11.3665 1.202750873 0.0254)
(11.5316 1.202750873 0.0254)
(11.6967 1.202750873 0.0254)
(11.8618 1.202750873 0.0254)
(12.0269 1.202750873 0.0254)
(12.192 1.202750873 0.0254)
(0.4699 1.299217893 0.0254)
(0.635 1.299217893 0.0254)
(0.8001 1.299217893 0.0254)
(0.9652 1.299217893 0.0254)
(1.1303 1.299217893 0.0254)
(1.2954 1.299217893 0.0254)
(1.4605 1.299217893 0.0254)
(1.6256 1.299217893 0.0254)
(1.7907 1.299217893 0.0254)
(1.9558 1.299217893 0.0254)
(2.1209 1.299217893 0.0254)
(2.286 1.299217893 0.0254)
(2.4511 1.299217893 0.0254)
(2.6162 1.299217893 0.0254)
(2.7813 1.299217893 0.0254)
(2.9464 1.299217893 0.0254)
(3.1115 1.299217893 0.0254)
(3.2766 1.299217893 0.0254)
(3.4417 1.299217893 0.0254)
(3.6068 1.299217893 0.0254)
(3.7719 1.299217893 0.0254)
(3.937 1.299217893 0.0254)
(4.1021 1.299217893 0.0254)
(4.2672 1.299217893 0.0254)
(4.4323 1.299217893 0.0254)
(4.5974 1.299217893 0.0254)
(4.7625 1.299217893 0.0254)
(4.9276 1.299217893 0.0254)
(5.0927 1.299217893 0.0254)
(5.2578 1.299217893 0.0254)
(5.4229 1.299217893 0.0254)
(5.588 1.299217893 0.0254)
(5.7531 1.299217893 0.0254)
(5.9182 1.299217893 0.0254)
(6.0833 1.299217893 0.0254)
(6.2484 1.299217893 0.0254)
(6.4135 1.299217893 0.0254)
(6.5786 1.299217893 0.0254)
(6.7437 1.299217893 0.0254)
(6.9088 1.299217893 0.0254)
(7.0739 1.299217893 0.0254)
(7.239 1.299217893 0.0254)
(7.4041 1.299217893 0.0254)
(7.5692 1.299217893 0.0254)
(7.7343 1.299217893 0.0254)
(7.8994 1.299217893 0.0254)
(8.0645 1.299217893 0.0254)
(8.2296 1.299217893 0.0254)
(8.3947 1.299217893 0.0254)
(8.5598 1.299217893 0.0254)
(8.7249 1.299217893 0.0254)
(8.89 1.299217893 0.0254)
(9.0551 1.299217893 0.0254)
(9.2202 1.299217893 0.0254)
(9.3853 1.299217893 0.0254)
(9.5504 1.299217893 0.0254)
(9.7155 1.299217893 0.0254)
(9.8806 1.299217893 0.0254)
(10.0457 1.299217893 0.0254)
(10.2108 1.299217893 0.0254)
(10.3759 1.299217893 0.0254)
(10.541 1.299217893 0.0254)
(10.7061 1.299217893 0.0254)
(10.8712 1.299217893 0.0254)
(11.0363 1.299217893 0.0254)
(11.2014 1.299217893 0.0254)
(11.3665 1.299217893 0.0254)
(11.5316 1.299217893 0.0254)
(11.6967 1.299217893 0.0254)
(11.8618 1.299217893 0.0254)
(12.0269 1.299217893 0.0254)
(12.192 1.299217893 0.0254)
(0.4699 1.400224419 0.0254)
(0.635 1.400224419 0.0254)
(0.8001 1.400224419 0.0254)
(0.9652 1.400224419 0.0254)
(1.1303 1.400224419 0.0254)
(1.2954 1.400224419 0.0254)
(1.4605 1.400224419 0.0254)
(1.6256 1.400224419 0.0254)
(1.7907 1.400224419 0.0254)
(1.9558 1.400224419 0.0254)
(2.1209 1.400224419 0.0254)
(2.286 1.400224419 0.0254)
(2.4511 1.400224419 0.0254)
(2.6162 1.400224419 0.0254)
(2.7813 1.400224419 0.0254)
(2.9464 1.400224419 0.0254)
(3.1115 1.400224419 0.0254)
(3.2766 1.400224419 0.0254)
(3.4417 1.400224419 0.0254)
(3.6068 1.400224419 0.0254)
(3.7719 1.400224419 0.0254)
(3.937 1.400224419 0.0254)
(4.1021 1.400224419 0.0254)
(4.2672 1.400224419 0.0254)
(4.4323 1.400224419 0.0254)
(4.5974 1.400224419 0.0254)
(4.7625 1.400224419 0.0254)
(4.9276 1.400224419 0.0254)
(5.0927 1.400224419 0.0254)
(5.2578 1.400224419 0.0254)
(5.4229 1.400224419 0.0254)
(5.588 1.400224419 0.0254)
(5.7531 1.400224419 0.0254)
(5.9182 1.400224419 0.0254)
(6.0833 1.400224419 0.0254)
(6.2484 1.400224419 0.0254)
(6.4135 1.400224419 0.0254)
(6.5786 1.400224419 0.0254)
(6.7437 1.400224419 0.0254)
(6.9088 1.400224419 0.0254)
(7.0739 1.400224419 0.0254)
(7.239 1.400224419 0.0254)
(7.4041 1.400224419 0.0254)
(7.5692 1.400224419 0.0254)
(7.7343 1.400224419 0.0254)
(7.8994 1.400224419 0.0254)
(8.0645 1.400224419 0.0254)
(8.2296 1.400224419 0.0254)
(8.3947 1.400224419 0.0254)
(8.5598 1.400224419 0.0254)
(8.7249 1.400224419 0.0254)
(8.89 1.400224419 0.0254)
(9.0551 1.400224419 0.0254)
(9.2202 1.400224419 0.0254)
(9.3853 1.400224419 0.0254)
(9.5504 1.400224419 0.0254)
(9.7155 1.400224419 0.0254)
(9.8806 1.400224419 0.0254)
(10.0457 1.400224419 0.0254)
(10.2108 1.400224419 0.0254)
(10.3759 1.400224419 0.0254)
(10.541 1.400224419 0.0254)
(10.7061 1.400224419 0.0254)
(10.8712 1.400224419 0.0254)
(11.0363 1.400224419 0.0254)
(11.2014 1.400224419 0.0254)
(11.3665 1.400224419 0.0254)
(11.5316 1.400224419 0.0254)
(11.6967 1.400224419 0.0254)
(11.8618 1.400224419 0.0254)
(12.0269 1.400224419 0.0254)
(12.192 1.400224419 0.0254)
(0.4699 1.505984069 0.0254)
(0.635 1.505984069 0.0254)
(0.8001 1.505984069 0.0254)
(0.9652 1.505984069 0.0254)
(1.1303 1.505984069 0.0254)
(1.2954 1.505984069 0.0254)
(1.4605 1.505984069 0.0254)
(1.6256 1.505984069 0.0254)
(1.7907 1.505984069 0.0254)
(1.9558 1.505984069 0.0254)
(2.1209 1.505984069 0.0254)
(2.286 1.505984069 0.0254)
(2.4511 1.505984069 0.0254)
(2.6162 1.505984069 0.0254)
(2.7813 1.505984069 0.0254)
(2.9464 1.505984069 0.0254)
(3.1115 1.505984069 0.0254)
(3.2766 1.505984069 0.0254)
(3.4417 1.505984069 0.0254)
(3.6068 1.505984069 0.0254)
(3.7719 1.505984069 0.0254)
(3.937 1.505984069 0.0254)
(4.1021 1.505984069 0.0254)
(4.2672 1.505984069 0.0254)
(4.4323 1.505984069 0.0254)
(4.5974 1.505984069 0.0254)
(4.7625 1.505984069 0.0254)
(4.9276 1.505984069 0.0254)
(5.0927 1.505984069 0.0254)
(5.2578 1.505984069 0.0254)
(5.4229 1.505984069 0.0254)
(5.588 1.505984069 0.0254)
(5.7531 1.505984069 0.0254)
(5.9182 1.505984069 0.0254)
(6.0833 1.505984069 0.0254)
(6.2484 1.505984069 0.0254)
(6.4135 1.505984069 0.0254)
(6.5786 1.505984069 0.0254)
(6.7437 1.505984069 0.0254)
(6.9088 1.505984069 0.0254)
(7.0739 1.505984069 0.0254)
(7.239 1.505984069 0.0254)
(7.4041 1.505984069 0.0254)
(7.5692 1.505984069 0.0254)
(7.7343 1.505984069 0.0254)
(7.8994 1.505984069 0.0254)
(8.0645 1.505984069 0.0254)
(8.2296 1.505984069 0.0254)
(8.3947 1.505984069 0.0254)
(8.5598 1.505984069 0.0254)
(8.7249 1.505984069 0.0254)
(8.89 1.505984069 0.0254)
(9.0551 1.505984069 0.0254)
(9.2202 1.505984069 0.0254)
(9.3853 1.505984069 0.0254)
(9.5504 1.505984069 0.0254)
(9.7155 1.505984069 0.0254)
(9.8806 1.505984069 0.0254)
(10.0457 1.505984069 0.0254)
(10.2108 1.505984069 0.0254)
(10.3759 1.505984069 0.0254)
(10.541 1.505984069 0.0254)
(10.7061 1.505984069 0.0254)
(10.8712 1.505984069 0.0254)
(11.0363 1.505984069 0.0254)
(11.2014 1.505984069 0.0254)
(11.3665 1.505984069 0.0254)
(11.5316 1.505984069 0.0254)
(11.6967 1.505984069 0.0254)
(11.8618 1.505984069 0.0254)
(12.0269 1.505984069 0.0254)
(12.192 1.505984069 0.0254)
(0.4699 1.616720514 0.0254)
(0.635 1.616720514 0.0254)
(0.8001 1.616720514 0.0254)
(0.9652 1.616720514 0.0254)
(1.1303 1.616720514 0.0254)
(1.2954 1.616720514 0.0254)
(1.4605 1.616720514 0.0254)
(1.6256 1.616720514 0.0254)
(1.7907 1.616720514 0.0254)
(1.9558 1.616720514 0.0254)
(2.1209 1.616720514 0.0254)
(2.286 1.616720514 0.0254)
(2.4511 1.616720514 0.0254)
(2.6162 1.616720514 0.0254)
(2.7813 1.616720514 0.0254)
(2.9464 1.616720514 0.0254)
(3.1115 1.616720514 0.0254)
(3.2766 1.616720514 0.0254)
(3.4417 1.616720514 0.0254)
(3.6068 1.616720514 0.0254)
(3.7719 1.616720514 0.0254)
(3.937 1.616720514 0.0254)
(4.1021 1.616720514 0.0254)
(4.2672 1.616720514 0.0254)
(4.4323 1.616720514 0.0254)
(4.5974 1.616720514 0.0254)
(4.7625 1.616720514 0.0254)
(4.9276 1.616720514 0.0254)
(5.0927 1.616720514 0.0254)
(5.2578 1.616720514 0.0254)
(5.4229 1.616720514 0.0254)
(5.588 1.616720514 0.0254)
(5.7531 1.616720514 0.0254)
(5.9182 1.616720514 0.0254)
(6.0833 1.616720514 0.0254)
(6.2484 1.616720514 0.0254)
(6.4135 1.616720514 0.0254)
(6.5786 1.616720514 0.0254)
(6.7437 1.616720514 0.0254)
(6.9088 1.616720514 0.0254)
(7.0739 1.616720514 0.0254)
(7.239 1.616720514 0.0254)
(7.4041 1.616720514 0.0254)
(7.5692 1.616720514 0.0254)
(7.7343 1.616720514 0.0254)
(7.8994 1.616720514 0.0254)
(8.0645 1.616720514 0.0254)
(8.2296 1.616720514 0.0254)
(8.3947 1.616720514 0.0254)
(8.5598 1.616720514 0.0254)
(8.7249 1.616720514 0.0254)
(8.89 1.616720514 0.0254)
(9.0551 1.616720514 0.0254)
(9.2202 1.616720514 0.0254)
(9.3853 1.616720514 0.0254)
(9.5504 1.616720514 0.0254)
(9.7155 1.616720514 0.0254)
(9.8806 1.616720514 0.0254)
(10.0457 1.616720514 0.0254)
(10.2108 1.616720514 0.0254)
(10.3759 1.616720514 0.0254)
(10.541 1.616720514 0.0254)
(10.7061 1.616720514 0.0254)
(10.8712 1.616720514 0.0254)
(11.0363 1.616720514 0.0254)
(11.2014 1.616720514 0.0254)
(11.3665 1.616720514 0.0254)
(11.5316 1.616720514 0.0254)
(11.6967 1.616720514 0.0254)
(11.8618 1.616720514 0.0254)
(12.0269 1.616720514 0.0254)
(12.192 1.616720514 0.0254)
(0.4699 1.732667949 0.0254)
(0.635 1.732667949 0.0254)
(0.8001 1.732667949 0.0254)
(0.9652 1.732667949 0.0254)
(1.1303 1.732667949 0.0254)
(1.2954 1.732667949 0.0254)
(1.4605 1.732667949 0.0254)
(1.6256 1.732667949 0.0254)
(1.7907 1.732667949 0.0254)
(1.9558 1.732667949 0.0254)
(2.1209 1.732667949 0.0254)
(2.286 1.732667949 0.0254)
(2.4511 1.732667949 0.0254)
(2.6162 1.732667949 0.0254)
(2.7813 1.732667949 0.0254)
(2.9464 1.732667949 0.0254)
(3.1115 1.732667949 0.0254)
(3.2766 1.732667949 0.0254)
(3.4417 1.732667949 0.0254)
(3.6068 1.732667949 0.0254)
(3.7719 1.732667949 0.0254)
(3.937 1.732667949 0.0254)
(4.1021 1.732667949 0.0254)
(4.2672 1.732667949 0.0254)
(4.4323 1.732667949 0.0254)
(4.5974 1.732667949 0.0254)
(4.7625 1.732667949 0.0254)
(4.9276 1.732667949 0.0254)
(5.0927 1.732667949 0.0254)
(5.2578 1.732667949 0.0254)
(5.4229 1.732667949 0.0254)
(5.588 1.732667949 0.0254)
(5.7531 1.732667949 0.0254)
(5.9182 1.732667949 0.0254)
(6.0833 1.732667949 0.0254)
(6.2484 1.732667949 0.0254)
(6.4135 1.732667949 0.0254)
(6.5786 1.732667949 0.0254)
(6.7437 1.732667949 0.0254)
(6.9088 1.732667949 0.0254)
(7.0739 1.732667949 0.0254)
(7.239 1.732667949 0.0254)
(7.4041 1.732667949 0.0254)
(7.5692 1.732667949 0.0254)
(7.7343 1.732667949 0.0254)
(7.8994 1.732667949 0.0254)
(8.0645 1.732667949 0.0254)
(8.2296 1.732667949 0.0254)
(8.3947 1.732667949 0.0254)
(8.5598 1.732667949 0.0254)
(8.7249 1.732667949 0.0254)
(8.89 1.732667949 0.0254)
(9.0551 1.732667949 0.0254)
(9.2202 1.732667949 0.0254)
(9.3853 1.732667949 0.0254)
(9.5504 1.732667949 0.0254)
(9.7155 1.732667949 0.0254)
(9.8806 1.732667949 0.0254)
(10.0457 1.732667949 0.0254)
(10.2108 1.732667949 0.0254)
(10.3759 1.732667949 0.0254)
(10.541 1.732667949 0.0254)
(10.7061 1.732667949 0.0254)
(10.8712 1.732667949 0.0254)
(11.0363 1.732667949 0.0254)
(11.2014 1.732667949 0.0254)
(11.3665 1.732667949 0.0254)
(11.5316 1.732667949 0.0254)
(11.6967 1.732667949 0.0254)
(11.8618 1.732667949 0.0254)
(12.0269 1.732667949 0.0254)
(12.192 1.732667949 0.0254)
(0.4699 1.854071593 0.0254)
(0.635 1.854071593 0.0254)
(0.8001 1.854071593 0.0254)
(0.9652 1.854071593 0.0254)
(1.1303 1.854071593 0.0254)
(1.2954 1.854071593 0.0254)
(1.4605 1.854071593 0.0254)
(1.6256 1.854071593 0.0254)
(1.7907 1.854071593 0.0254)
(1.9558 1.854071593 0.0254)
(2.1209 1.854071593 0.0254)
(2.286 1.854071593 0.0254)
(2.4511 1.854071593 0.0254)
(2.6162 1.854071593 0.0254)
(2.7813 1.854071593 0.0254)
(2.9464 1.854071593 0.0254)
(3.1115 1.854071593 0.0254)
(3.2766 1.854071593 0.0254)
(3.4417 1.854071593 0.0254)
(3.6068 1.854071593 0.0254)
(3.7719 1.854071593 0.0254)
(3.937 1.854071593 0.0254)
(4.1021 1.854071593 0.0254)
(4.2672 1.854071593 0.0254)
(4.4323 1.854071593 0.0254)
(4.5974 1.854071593 0.0254)
(4.7625 1.854071593 0.0254)
(4.9276 1.854071593 0.0254)
(5.0927 1.854071593 0.0254)
(5.2578 1.854071593 0.0254)
(5.4229 1.854071593 0.0254)
(5.588 1.854071593 0.0254)
(5.7531 1.854071593 0.0254)
(5.9182 1.854071593 0.0254)
(6.0833 1.854071593 0.0254)
(6.2484 1.854071593 0.0254)
(6.4135 1.854071593 0.0254)
(6.5786 1.854071593 0.0254)
(6.7437 1.854071593 0.0254)
(6.9088 1.854071593 0.0254)
(7.0739 1.854071593 0.0254)
(7.239 1.854071593 0.0254)
(7.4041 1.854071593 0.0254)
(7.5692 1.854071593 0.0254)
(7.7343 1.854071593 0.0254)
(7.8994 1.854071593 0.0254)
(8.0645 1.854071593 0.0254)
(8.2296 1.854071593 0.0254)
(8.3947 1.854071593 0.0254)
(8.5598 1.854071593 0.0254)
(8.7249 1.854071593 0.0254)
(8.89 1.854071593 0.0254)
(9.0551 1.854071593 0.0254)
(9.2202 1.854071593 0.0254)
(9.3853 1.854071593 0.0254)
(9.5504 1.854071593 0.0254)
(9.7155 1.854071593 0.0254)
(9.8806 1.854071593 0.0254)
(10.0457 1.854071593 0.0254)
(10.2108 1.854071593 0.0254)
(10.3759 1.854071593 0.0254)
(10.541 1.854071593 0.0254)
(10.7061 1.854071593 0.0254)
(10.8712 1.854071593 0.0254)
(11.0363 1.854071593 0.0254)
(11.2014 1.854071593 0.0254)
(11.3665 1.854071593 0.0254)
(11.5316 1.854071593 0.0254)
(11.6967 1.854071593 0.0254)
(11.8618 1.854071593 0.0254)
(12.0269 1.854071593 0.0254)
(12.192 1.854071593 0.0254)
(0.4699 1.9811882 0.0254)
(0.635 1.9811882 0.0254)
(0.8001 1.9811882 0.0254)
(0.9652 1.9811882 0.0254)
(1.1303 1.9811882 0.0254)
(1.2954 1.9811882 0.0254)
(1.4605 1.9811882 0.0254)
(1.6256 1.9811882 0.0254)
(1.7907 1.9811882 0.0254)
(1.9558 1.9811882 0.0254)
(2.1209 1.9811882 0.0254)
(2.286 1.9811882 0.0254)
(2.4511 1.9811882 0.0254)
(2.6162 1.9811882 0.0254)
(2.7813 1.9811882 0.0254)
(2.9464 1.9811882 0.0254)
(3.1115 1.9811882 0.0254)
(3.2766 1.9811882 0.0254)
(3.4417 1.9811882 0.0254)
(3.6068 1.9811882 0.0254)
(3.7719 1.9811882 0.0254)
(3.937 1.9811882 0.0254)
(4.1021 1.9811882 0.0254)
(4.2672 1.9811882 0.0254)
(4.4323 1.9811882 0.0254)
(4.5974 1.9811882 0.0254)
(4.7625 1.9811882 0.0254)
(4.9276 1.9811882 0.0254)
(5.0927 1.9811882 0.0254)
(5.2578 1.9811882 0.0254)
(5.4229 1.9811882 0.0254)
(5.588 1.9811882 0.0254)
(5.7531 1.9811882 0.0254)
(5.9182 1.9811882 0.0254)
(6.0833 1.9811882 0.0254)
(6.2484 1.9811882 0.0254)
(6.4135 1.9811882 0.0254)
(6.5786 1.9811882 0.0254)
(6.7437 1.9811882 0.0254)
(6.9088 1.9811882 0.0254)
(7.0739 1.9811882 0.0254)
(7.239 1.9811882 0.0254)
(7.4041 1.9811882 0.0254)
(7.5692 1.9811882 0.0254)
(7.7343 1.9811882 0.0254)
(7.8994 1.9811882 0.0254)
(8.0645 1.9811882 0.0254)
(8.2296 1.9811882 0.0254)
(8.3947 1.9811882 0.0254)
(8.5598 1.9811882 0.0254)
(8.7249 1.9811882 0.0254)
(8.89 1.9811882 0.0254)
(9.0551 1.9811882 0.0254)
(9.2202 1.9811882 0.0254)
(9.3853 1.9811882 0.0254)
(9.5504 1.9811882 0.0254)
(9.7155 1.9811882 0.0254)
(9.8806 1.9811882 0.0254)
(10.0457 1.9811882 0.0254)
(10.2108 1.9811882 0.0254)
(10.3759 1.9811882 0.0254)
(10.541 1.9811882 0.0254)
(10.7061 1.9811882 0.0254)
(10.8712 1.9811882 0.0254)
(11.0363 1.9811882 0.0254)
(11.2014 1.9811882 0.0254)
(11.3665 1.9811882 0.0254)
(11.5316 1.9811882 0.0254)
(11.6967 1.9811882 0.0254)
(11.8618 1.9811882 0.0254)
(12.0269 1.9811882 0.0254)
(12.192 1.9811882 0.0254)
(0.4699 2.114286608 0.0254)
(0.635 2.114286608 0.0254)
(0.8001 2.114286608 0.0254)
(0.9652 2.114286608 0.0254)
(1.1303 2.114286608 0.0254)
(1.2954 2.114286608 0.0254)
(1.4605 2.114286608 0.0254)
(1.6256 2.114286608 0.0254)
(1.7907 2.114286608 0.0254)
(1.9558 2.114286608 0.0254)
(2.1209 2.114286608 0.0254)
(2.286 2.114286608 0.0254)
(2.4511 2.114286608 0.0254)
(2.6162 2.114286608 0.0254)
(2.7813 2.114286608 0.0254)
(2.9464 2.114286608 0.0254)
(3.1115 2.114286608 0.0254)
(3.2766 2.114286608 0.0254)
(3.4417 2.114286608 0.0254)
(3.6068 2.114286608 0.0254)
(3.7719 2.114286608 0.0254)
(3.937 2.114286608 0.0254)
(4.1021 2.114286608 0.0254)
(4.2672 2.114286608 0.0254)
(4.4323 2.114286608 0.0254)
(4.5974 2.114286608 0.0254)
(4.7625 2.114286608 0.0254)
(4.9276 2.114286608 0.0254)
(5.0927 2.114286608 0.0254)
(5.2578 2.114286608 0.0254)
(5.4229 2.114286608 0.0254)
(5.588 2.114286608 0.0254)
(5.7531 2.114286608 0.0254)
(5.9182 2.114286608 0.0254)
(6.0833 2.114286608 0.0254)
(6.2484 2.114286608 0.0254)
(6.4135 2.114286608 0.0254)
(6.5786 2.114286608 0.0254)
(6.7437 2.114286608 0.0254)
(6.9088 2.114286608 0.0254)
(7.0739 2.114286608 0.0254)
(7.239 2.114286608 0.0254)
(7.4041 2.114286608 0.0254)
(7.5692 2.114286608 0.0254)
(7.7343 2.114286608 0.0254)
(7.8994 2.114286608 0.0254)
(8.0645 2.114286608 0.0254)
(8.2296 2.114286608 0.0254)
(8.3947 2.114286608 0.0254)
(8.5598 2.114286608 0.0254)
(8.7249 2.114286608 0.0254)
(8.89 2.114286608 0.0254)
(9.0551 2.114286608 0.0254)
(9.2202 2.114286608 0.0254)
(9.3853 2.114286608 0.0254)
(9.5504 2.114286608 0.0254)
(9.7155 2.114286608 0.0254)
(9.8806 2.114286608 0.0254)
(10.0457 2.114286608 0.0254)
(10.2108 2.114286608 0.0254)
(10.3759 2.114286608 0.0254)
(10.541 2.114286608 0.0254)
(10.7061 2.114286608 0.0254)
(10.8712 2.114286608 0.0254)
(11.0363 2.114286608 0.0254)
(11.2014 2.114286608 0.0254)
(11.3665 2.114286608 0.0254)
(11.5316 2.114286608 0.0254)
(11.6967 2.114286608 0.0254)
(11.8618 2.114286608 0.0254)
(12.0269 2.114286608 0.0254)
(12.192 2.114286608 0.0254)
(0.4699 2.253648308 0.0254)
(0.635 2.253648308 0.0254)
(0.8001 2.253648308 0.0254)
(0.9652 2.253648308 0.0254)
(1.1303 2.253648308 0.0254)
(1.2954 2.253648308 0.0254)
(1.4605 2.253648308 0.0254)
(1.6256 2.253648308 0.0254)
(1.7907 2.253648308 0.0254)
(1.9558 2.253648308 0.0254)
(2.1209 2.253648308 0.0254)
(2.286 2.253648308 0.0254)
(2.4511 2.253648308 0.0254)
(2.6162 2.253648308 0.0254)
(2.7813 2.253648308 0.0254)
(2.9464 2.253648308 0.0254)
(3.1115 2.253648308 0.0254)
(3.2766 2.253648308 0.0254)
(3.4417 2.253648308 0.0254)
(3.6068 2.253648308 0.0254)
(3.7719 2.253648308 0.0254)
(3.937 2.253648308 0.0254)
(4.1021 2.253648308 0.0254)
(4.2672 2.253648308 0.0254)
(4.4323 2.253648308 0.0254)
(4.5974 2.253648308 0.0254)
(4.7625 2.253648308 0.0254)
(4.9276 2.253648308 0.0254)
(5.0927 2.253648308 0.0254)
(5.2578 2.253648308 0.0254)
(5.4229 2.253648308 0.0254)
(5.588 2.253648308 0.0254)
(5.7531 2.253648308 0.0254)
(5.9182 2.253648308 0.0254)
(6.0833 2.253648308 0.0254)
(6.2484 2.253648308 0.0254)
(6.4135 2.253648308 0.0254)
(6.5786 2.253648308 0.0254)
(6.7437 2.253648308 0.0254)
(6.9088 2.253648308 0.0254)
(7.0739 2.253648308 0.0254)
(7.239 2.253648308 0.0254)
(7.4041 2.253648308 0.0254)
(7.5692 2.253648308 0.0254)
(7.7343 2.253648308 0.0254)
(7.8994 2.253648308 0.0254)
(8.0645 2.253648308 0.0254)
(8.2296 2.253648308 0.0254)
(8.3947 2.253648308 0.0254)
(8.5598 2.253648308 0.0254)
(8.7249 2.253648308 0.0254)
(8.89 2.253648308 0.0254)
(9.0551 2.253648308 0.0254)
(9.2202 2.253648308 0.0254)
(9.3853 2.253648308 0.0254)
(9.5504 2.253648308 0.0254)
(9.7155 2.253648308 0.0254)
(9.8806 2.253648308 0.0254)
(10.0457 2.253648308 0.0254)
(10.2108 2.253648308 0.0254)
(10.3759 2.253648308 0.0254)
(10.541 2.253648308 0.0254)
(10.7061 2.253648308 0.0254)
(10.8712 2.253648308 0.0254)
(11.0363 2.253648308 0.0254)
(11.2014 2.253648308 0.0254)
(11.3665 2.253648308 0.0254)
(11.5316 2.253648308 0.0254)
(11.6967 2.253648308 0.0254)
(11.8618 2.253648308 0.0254)
(12.0269 2.253648308 0.0254)
(12.192 2.253648308 0.0254)
(0.4699 2.399568035 0.0254)
(0.635 2.399568035 0.0254)
(0.8001 2.399568035 0.0254)
(0.9652 2.399568035 0.0254)
(1.1303 2.399568035 0.0254)
(1.2954 2.399568035 0.0254)
(1.4605 2.399568035 0.0254)
(1.6256 2.399568035 0.0254)
(1.7907 2.399568035 0.0254)
(1.9558 2.399568035 0.0254)
(2.1209 2.399568035 0.0254)
(2.286 2.399568035 0.0254)
(2.4511 2.399568035 0.0254)
(2.6162 2.399568035 0.0254)
(2.7813 2.399568035 0.0254)
(2.9464 2.399568035 0.0254)
(3.1115 2.399568035 0.0254)
(3.2766 2.399568035 0.0254)
(3.4417 2.399568035 0.0254)
(3.6068 2.399568035 0.0254)
(3.7719 2.399568035 0.0254)
(3.937 2.399568035 0.0254)
(4.1021 2.399568035 0.0254)
(4.2672 2.399568035 0.0254)
(4.4323 2.399568035 0.0254)
(4.5974 2.399568035 0.0254)
(4.7625 2.399568035 0.0254)
(4.9276 2.399568035 0.0254)
(5.0927 2.399568035 0.0254)
(5.2578 2.399568035 0.0254)
(5.4229 2.399568035 0.0254)
(5.588 2.399568035 0.0254)
(5.7531 2.399568035 0.0254)
(5.9182 2.399568035 0.0254)
(6.0833 2.399568035 0.0254)
(6.2484 2.399568035 0.0254)
(6.4135 2.399568035 0.0254)
(6.5786 2.399568035 0.0254)
(6.7437 2.399568035 0.0254)
(6.9088 2.399568035 0.0254)
(7.0739 2.399568035 0.0254)
(7.239 2.399568035 0.0254)
(7.4041 2.399568035 0.0254)
(7.5692 2.399568035 0.0254)
(7.7343 2.399568035 0.0254)
(7.8994 2.399568035 0.0254)
(8.0645 2.399568035 0.0254)
(8.2296 2.399568035 0.0254)
(8.3947 2.399568035 0.0254)
(8.5598 2.399568035 0.0254)
(8.7249 2.399568035 0.0254)
(8.89 2.399568035 0.0254)
(9.0551 2.399568035 0.0254)
(9.2202 2.399568035 0.0254)
(9.3853 2.399568035 0.0254)
(9.5504 2.399568035 0.0254)
(9.7155 2.399568035 0.0254)
(9.8806 2.399568035 0.0254)
(10.0457 2.399568035 0.0254)
(10.2108 2.399568035 0.0254)
(10.3759 2.399568035 0.0254)
(10.541 2.399568035 0.0254)
(10.7061 2.399568035 0.0254)
(10.8712 2.399568035 0.0254)
(11.0363 2.399568035 0.0254)
(11.2014 2.399568035 0.0254)
(11.3665 2.399568035 0.0254)
(11.5316 2.399568035 0.0254)
(11.6967 2.399568035 0.0254)
(11.8618 2.399568035 0.0254)
(12.0269 2.399568035 0.0254)
(12.192 2.399568035 0.0254)
(0.4699 2.552354392 0.0254)
(0.635 2.552354392 0.0254)
(0.8001 2.552354392 0.0254)
(0.9652 2.552354392 0.0254)
(1.1303 2.552354392 0.0254)
(1.2954 2.552354392 0.0254)
(1.4605 2.552354392 0.0254)
(1.6256 2.552354392 0.0254)
(1.7907 2.552354392 0.0254)
(1.9558 2.552354392 0.0254)
(2.1209 2.552354392 0.0254)
(2.286 2.552354392 0.0254)
(2.4511 2.552354392 0.0254)
(2.6162 2.552354392 0.0254)
(2.7813 2.552354392 0.0254)
(2.9464 2.552354392 0.0254)
(3.1115 2.552354392 0.0254)
(3.2766 2.552354392 0.0254)
(3.4417 2.552354392 0.0254)
(3.6068 2.552354392 0.0254)
(3.7719 2.552354392 0.0254)
(3.937 2.552354392 0.0254)
(4.1021 2.552354392 0.0254)
(4.2672 2.552354392 0.0254)
(4.4323 2.552354392 0.0254)
(4.5974 2.552354392 0.0254)
(4.7625 2.552354392 0.0254)
(4.9276 2.552354392 0.0254)
(5.0927 2.552354392 0.0254)
(5.2578 2.552354392 0.0254)
(5.4229 2.552354392 0.0254)
(5.588 2.552354392 0.0254)
(5.7531 2.552354392 0.0254)
(5.9182 2.552354392 0.0254)
(6.0833 2.552354392 0.0254)
(6.2484 2.552354392 0.0254)
(6.4135 2.552354392 0.0254)
(6.5786 2.552354392 0.0254)
(6.7437 2.552354392 0.0254)
(6.9088 2.552354392 0.0254)
(7.0739 2.552354392 0.0254)
(7.239 2.552354392 0.0254)
(7.4041 2.552354392 0.0254)
(7.5692 2.552354392 0.0254)
(7.7343 2.552354392 0.0254)
(7.8994 2.552354392 0.0254)
(8.0645 2.552354392 0.0254)
(8.2296 2.552354392 0.0254)
(8.3947 2.552354392 0.0254)
(8.5598 2.552354392 0.0254)
(8.7249 2.552354392 0.0254)
(8.89 2.552354392 0.0254)
(9.0551 2.552354392 0.0254)
(9.2202 2.552354392 0.0254)
(9.3853 2.552354392 0.0254)
(9.5504 2.552354392 0.0254)
(9.7155 2.552354392 0.0254)
(9.8806 2.552354392 0.0254)
(10.0457 2.552354392 0.0254)
(10.2108 2.552354392 0.0254)
(10.3759 2.552354392 0.0254)
(10.541 2.552354392 0.0254)
(10.7061 2.552354392 0.0254)
(10.8712 2.552354392 0.0254)
(11.0363 2.552354392 0.0254)
(11.2014 2.552354392 0.0254)
(11.3665 2.552354392 0.0254)
(11.5316 2.552354392 0.0254)
(11.6967 2.552354392 0.0254)
(11.8618 2.552354392 0.0254)
(12.0269 2.552354392 0.0254)
(12.192 2.552354392 0.0254)
(0.4699 2.712330509 0.0254)
(0.635 2.712330509 0.0254)
(0.8001 2.712330509 0.0254)
(0.9652 2.712330509 0.0254)
(1.1303 2.712330509 0.0254)
(1.2954 2.712330509 0.0254)
(1.4605 2.712330509 0.0254)
(1.6256 2.712330509 0.0254)
(1.7907 2.712330509 0.0254)
(1.9558 2.712330509 0.0254)
(2.1209 2.712330509 0.0254)
(2.286 2.712330509 0.0254)
(2.4511 2.712330509 0.0254)
(2.6162 2.712330509 0.0254)
(2.7813 2.712330509 0.0254)
(2.9464 2.712330509 0.0254)
(3.1115 2.712330509 0.0254)
(3.2766 2.712330509 0.0254)
(3.4417 2.712330509 0.0254)
(3.6068 2.712330509 0.0254)
(3.7719 2.712330509 0.0254)
(3.937 2.712330509 0.0254)
(4.1021 2.712330509 0.0254)
(4.2672 2.712330509 0.0254)
(4.4323 2.712330509 0.0254)
(4.5974 2.712330509 0.0254)
(4.7625 2.712330509 0.0254)
(4.9276 2.712330509 0.0254)
(5.0927 2.712330509 0.0254)
(5.2578 2.712330509 0.0254)
(5.4229 2.712330509 0.0254)
(5.588 2.712330509 0.0254)
(5.7531 2.712330509 0.0254)
(5.9182 2.712330509 0.0254)
(6.0833 2.712330509 0.0254)
(6.2484 2.712330509 0.0254)
(6.4135 2.712330509 0.0254)
(6.5786 2.712330509 0.0254)
(6.7437 2.712330509 0.0254)
(6.9088 2.712330509 0.0254)
(7.0739 2.712330509 0.0254)
(7.239 2.712330509 0.0254)
(7.4041 2.712330509 0.0254)
(7.5692 2.712330509 0.0254)
(7.7343 2.712330509 0.0254)
(7.8994 2.712330509 0.0254)
(8.0645 2.712330509 0.0254)
(8.2296 2.712330509 0.0254)
(8.3947 2.712330509 0.0254)
(8.5598 2.712330509 0.0254)
(8.7249 2.712330509 0.0254)
(8.89 2.712330509 0.0254)
(9.0551 2.712330509 0.0254)
(9.2202 2.712330509 0.0254)
(9.3853 2.712330509 0.0254)
(9.5504 2.712330509 0.0254)
(9.7155 2.712330509 0.0254)
(9.8806 2.712330509 0.0254)
(10.0457 2.712330509 0.0254)
(10.2108 2.712330509 0.0254)
(10.3759 2.712330509 0.0254)
(10.541 2.712330509 0.0254)
(10.7061 2.712330509 0.0254)
(10.8712 2.712330509 0.0254)
(11.0363 2.712330509 0.0254)
(11.2014 2.712330509 0.0254)
(11.3665 2.712330509 0.0254)
(11.5316 2.712330509 0.0254)
(11.6967 2.712330509 0.0254)
(11.8618 2.712330509 0.0254)
(12.0269 2.712330509 0.0254)
(12.192 2.712330509 0.0254)
(0.4699 2.879834716 0.0254)
(0.635 2.879834716 0.0254)
(0.8001 2.879834716 0.0254)
(0.9652 2.879834716 0.0254)
(1.1303 2.879834716 0.0254)
(1.2954 2.879834716 0.0254)
(1.4605 2.879834716 0.0254)
(1.6256 2.879834716 0.0254)
(1.7907 2.879834716 0.0254)
(1.9558 2.879834716 0.0254)
(2.1209 2.879834716 0.0254)
(2.286 2.879834716 0.0254)
(2.4511 2.879834716 0.0254)
(2.6162 2.879834716 0.0254)
(2.7813 2.879834716 0.0254)
(2.9464 2.879834716 0.0254)
(3.1115 2.879834716 0.0254)
(3.2766 2.879834716 0.0254)
(3.4417 2.879834716 0.0254)
(3.6068 2.879834716 0.0254)
(3.7719 2.879834716 0.0254)
(3.937 2.879834716 0.0254)
(4.1021 2.879834716 0.0254)
(4.2672 2.879834716 0.0254)
(4.4323 2.879834716 0.0254)
(4.5974 2.879834716 0.0254)
(4.7625 2.879834716 0.0254)
(4.9276 2.879834716 0.0254)
(5.0927 2.879834716 0.0254)
(5.2578 2.879834716 0.0254)
(5.4229 2.879834716 0.0254)
(5.588 2.879834716 0.0254)
(5.7531 2.879834716 0.0254)
(5.9182 2.879834716 0.0254)
(6.0833 2.879834716 0.0254)
(6.2484 2.879834716 0.0254)
(6.4135 2.879834716 0.0254)
(6.5786 2.879834716 0.0254)
(6.7437 2.879834716 0.0254)
(6.9088 2.879834716 0.0254)
(7.0739 2.879834716 0.0254)
(7.239 2.879834716 0.0254)
(7.4041 2.879834716 0.0254)
(7.5692 2.879834716 0.0254)
(7.7343 2.879834716 0.0254)
(7.8994 2.879834716 0.0254)
(8.0645 2.879834716 0.0254)
(8.2296 2.879834716 0.0254)
(8.3947 2.879834716 0.0254)
(8.5598 2.879834716 0.0254)
(8.7249 2.879834716 0.0254)
(8.89 2.879834716 0.0254)
(9.0551 2.879834716 0.0254)
(9.2202 2.879834716 0.0254)
(9.3853 2.879834716 0.0254)
(9.5504 2.879834716 0.0254)
(9.7155 2.879834716 0.0254)
(9.8806 2.879834716 0.0254)
(10.0457 2.879834716 0.0254)
(10.2108 2.879834716 0.0254)
(10.3759 2.879834716 0.0254)
(10.541 2.879834716 0.0254)
(10.7061 2.879834716 0.0254)
(10.8712 2.879834716 0.0254)
(11.0363 2.879834716 0.0254)
(11.2014 2.879834716 0.0254)
(11.3665 2.879834716 0.0254)
(11.5316 2.879834716 0.0254)
(11.6967 2.879834716 0.0254)
(11.8618 2.879834716 0.0254)
(12.0269 2.879834716 0.0254)
(12.192 2.879834716 0.0254)
(0.4699 3.055221269 0.0254)
(0.635 3.055221269 0.0254)
(0.8001 3.055221269 0.0254)
(0.9652 3.055221269 0.0254)
(1.1303 3.055221269 0.0254)
(1.2954 3.055221269 0.0254)
(1.4605 3.055221269 0.0254)
(1.6256 3.055221269 0.0254)
(1.7907 3.055221269 0.0254)
(1.9558 3.055221269 0.0254)
(2.1209 3.055221269 0.0254)
(2.286 3.055221269 0.0254)
(2.4511 3.055221269 0.0254)
(2.6162 3.055221269 0.0254)
(2.7813 3.055221269 0.0254)
(2.9464 3.055221269 0.0254)
(3.1115 3.055221269 0.0254)
(3.2766 3.055221269 0.0254)
(3.4417 3.055221269 0.0254)
(3.6068 3.055221269 0.0254)
(3.7719 3.055221269 0.0254)
(3.937 3.055221269 0.0254)
(4.1021 3.055221269 0.0254)
(4.2672 3.055221269 0.0254)
(4.4323 3.055221269 0.0254)
(4.5974 3.055221269 0.0254)
(4.7625 3.055221269 0.0254)
(4.9276 3.055221269 0.0254)
(5.0927 3.055221269 0.0254)
(5.2578 3.055221269 0.0254)
(5.4229 3.055221269 0.0254)
(5.588 3.055221269 0.0254)
(5.7531 3.055221269 0.0254)
(5.9182 3.055221269 0.0254)
(6.0833 3.055221269 0.0254)
(6.2484 3.055221269 0.0254)
(6.4135 3.055221269 0.0254)
(6.5786 3.055221269 0.0254)
(6.7437 3.055221269 0.0254)
(6.9088 3.055221269 0.0254)
(7.0739 3.055221269 0.0254)
(7.239 3.055221269 0.0254)
(7.4041 3.055221269 0.0254)
(7.5692 3.055221269 0.0254)
(7.7343 3.055221269 0.0254)
(7.8994 3.055221269 0.0254)
(8.0645 3.055221269 0.0254)
(8.2296 3.055221269 0.0254)
(8.3947 3.055221269 0.0254)
(8.5598 3.055221269 0.0254)
(8.7249 3.055221269 0.0254)
(8.89 3.055221269 0.0254)
(9.0551 3.055221269 0.0254)
(9.2202 3.055221269 0.0254)
(9.3853 3.055221269 0.0254)
(9.5504 3.055221269 0.0254)
(9.7155 3.055221269 0.0254)
(9.8806 3.055221269 0.0254)
(10.0457 3.055221269 0.0254)
(10.2108 3.055221269 0.0254)
(10.3759 3.055221269 0.0254)
(10.541 3.055221269 0.0254)
(10.7061 3.055221269 0.0254)
(10.8712 3.055221269 0.0254)
(11.0363 3.055221269 0.0254)
(11.2014 3.055221269 0.0254)
(11.3665 3.055221269 0.0254)
(11.5316 3.055221269 0.0254)
(11.6967 3.055221269 0.0254)
(11.8618 3.055221269 0.0254)
(12.0269 3.055221269 0.0254)
(12.192 3.055221269 0.0254)
(0.4699 3.238861092 0.0254)
(0.635 3.238861092 0.0254)
(0.8001 3.238861092 0.0254)
(0.9652 3.238861092 0.0254)
(1.1303 3.238861092 0.0254)
(1.2954 3.238861092 0.0254)
(1.4605 3.238861092 0.0254)
(1.6256 3.238861092 0.0254)
(1.7907 3.238861092 0.0254)
(1.9558 3.238861092 0.0254)
(2.1209 3.238861092 0.0254)
(2.286 3.238861092 0.0254)
(2.4511 3.238861092 0.0254)
(2.6162 3.238861092 0.0254)
(2.7813 3.238861092 0.0254)
(2.9464 3.238861092 0.0254)
(3.1115 3.238861092 0.0254)
(3.2766 3.238861092 0.0254)
(3.4417 3.238861092 0.0254)
(3.6068 3.238861092 0.0254)
(3.7719 3.238861092 0.0254)
(3.937 3.238861092 0.0254)
(4.1021 3.238861092 0.0254)
(4.2672 3.238861092 0.0254)
(4.4323 3.238861092 0.0254)
(4.5974 3.238861092 0.0254)
(4.7625 3.238861092 0.0254)
(4.9276 3.238861092 0.0254)
(5.0927 3.238861092 0.0254)
(5.2578 3.238861092 0.0254)
(5.4229 3.238861092 0.0254)
(5.588 3.238861092 0.0254)
(5.7531 3.238861092 0.0254)
(5.9182 3.238861092 0.0254)
(6.0833 3.238861092 0.0254)
(6.2484 3.238861092 0.0254)
(6.4135 3.238861092 0.0254)
(6.5786 3.238861092 0.0254)
(6.7437 3.238861092 0.0254)
(6.9088 3.238861092 0.0254)
(7.0739 3.238861092 0.0254)
(7.239 3.238861092 0.0254)
(7.4041 3.238861092 0.0254)
(7.5692 3.238861092 0.0254)
(7.7343 3.238861092 0.0254)
(7.8994 3.238861092 0.0254)
(8.0645 3.238861092 0.0254)
(8.2296 3.238861092 0.0254)
(8.3947 3.238861092 0.0254)
(8.5598 3.238861092 0.0254)
(8.7249 3.238861092 0.0254)
(8.89 3.238861092 0.0254)
(9.0551 3.238861092 0.0254)
(9.2202 3.238861092 0.0254)
(9.3853 3.238861092 0.0254)
(9.5504 3.238861092 0.0254)
(9.7155 3.238861092 0.0254)
(9.8806 3.238861092 0.0254)
(10.0457 3.238861092 0.0254)
(10.2108 3.238861092 0.0254)
(10.3759 3.238861092 0.0254)
(10.541 3.238861092 0.0254)
(10.7061 3.238861092 0.0254)
(10.8712 3.238861092 0.0254)
(11.0363 3.238861092 0.0254)
(11.2014 3.238861092 0.0254)
(11.3665 3.238861092 0.0254)
(11.5316 3.238861092 0.0254)
(11.6967 3.238861092 0.0254)
(11.8618 3.238861092 0.0254)
(12.0269 3.238861092 0.0254)
(12.192 3.238861092 0.0254)
(0.4699 3.431142563 0.0254)
(0.635 3.431142563 0.0254)
(0.8001 3.431142563 0.0254)
(0.9652 3.431142563 0.0254)
(1.1303 3.431142563 0.0254)
(1.2954 3.431142563 0.0254)
(1.4605 3.431142563 0.0254)
(1.6256 3.431142563 0.0254)
(1.7907 3.431142563 0.0254)
(1.9558 3.431142563 0.0254)
(2.1209 3.431142563 0.0254)
(2.286 3.431142563 0.0254)
(2.4511 3.431142563 0.0254)
(2.6162 3.431142563 0.0254)
(2.7813 3.431142563 0.0254)
(2.9464 3.431142563 0.0254)
(3.1115 3.431142563 0.0254)
(3.2766 3.431142563 0.0254)
(3.4417 3.431142563 0.0254)
(3.6068 3.431142563 0.0254)
(3.7719 3.431142563 0.0254)
(3.937 3.431142563 0.0254)
(4.1021 3.431142563 0.0254)
(4.2672 3.431142563 0.0254)
(4.4323 3.431142563 0.0254)
(4.5974 3.431142563 0.0254)
(4.7625 3.431142563 0.0254)
(4.9276 3.431142563 0.0254)
(5.0927 3.431142563 0.0254)
(5.2578 3.431142563 0.0254)
(5.4229 3.431142563 0.0254)
(5.588 3.431142563 0.0254)
(5.7531 3.431142563 0.0254)
(5.9182 3.431142563 0.0254)
(6.0833 3.431142563 0.0254)
(6.2484 3.431142563 0.0254)
(6.4135 3.431142563 0.0254)
(6.5786 3.431142563 0.0254)
(6.7437 3.431142563 0.0254)
(6.9088 3.431142563 0.0254)
(7.0739 3.431142563 0.0254)
(7.239 3.431142563 0.0254)
(7.4041 3.431142563 0.0254)
(7.5692 3.431142563 0.0254)
(7.7343 3.431142563 0.0254)
(7.8994 3.431142563 0.0254)
(8.0645 3.431142563 0.0254)
(8.2296 3.431142563 0.0254)
(8.3947 3.431142563 0.0254)
(8.5598 3.431142563 0.0254)
(8.7249 3.431142563 0.0254)
(8.89 3.431142563 0.0254)
(9.0551 3.431142563 0.0254)
(9.2202 3.431142563 0.0254)
(9.3853 3.431142563 0.0254)
(9.5504 3.431142563 0.0254)
(9.7155 3.431142563 0.0254)
(9.8806 3.431142563 0.0254)
(10.0457 3.431142563 0.0254)
(10.2108 3.431142563 0.0254)
(10.3759 3.431142563 0.0254)
(10.541 3.431142563 0.0254)
(10.7061 3.431142563 0.0254)
(10.8712 3.431142563 0.0254)
(11.0363 3.431142563 0.0254)
(11.2014 3.431142563 0.0254)
(11.3665 3.431142563 0.0254)
(11.5316 3.431142563 0.0254)
(11.6967 3.431142563 0.0254)
(11.8618 3.431142563 0.0254)
(12.0269 3.431142563 0.0254)
(12.192 3.431142563 0.0254)
(0.4699 3.632472337 0.0254)
(0.635 3.632472337 0.0254)
(0.8001 3.632472337 0.0254)
(0.9652 3.632472337 0.0254)
(1.1303 3.632472337 0.0254)
(1.2954 3.632472337 0.0254)
(1.4605 3.632472337 0.0254)
(1.6256 3.632472337 0.0254)
(1.7907 3.632472337 0.0254)
(1.9558 3.632472337 0.0254)
(2.1209 3.632472337 0.0254)
(2.286 3.632472337 0.0254)
(2.4511 3.632472337 0.0254)
(2.6162 3.632472337 0.0254)
(2.7813 3.632472337 0.0254)
(2.9464 3.632472337 0.0254)
(3.1115 3.632472337 0.0254)
(3.2766 3.632472337 0.0254)
(3.4417 3.632472337 0.0254)
(3.6068 3.632472337 0.0254)
(3.7719 3.632472337 0.0254)
(3.937 3.632472337 0.0254)
(4.1021 3.632472337 0.0254)
(4.2672 3.632472337 0.0254)
(4.4323 3.632472337 0.0254)
(4.5974 3.632472337 0.0254)
(4.7625 3.632472337 0.0254)
(4.9276 3.632472337 0.0254)
(5.0927 3.632472337 0.0254)
(5.2578 3.632472337 0.0254)
(5.4229 3.632472337 0.0254)
(5.588 3.632472337 0.0254)
(5.7531 3.632472337 0.0254)
(5.9182 3.632472337 0.0254)
(6.0833 3.632472337 0.0254)
(6.2484 3.632472337 0.0254)
(6.4135 3.632472337 0.0254)
(6.5786 3.632472337 0.0254)
(6.7437 3.632472337 0.0254)
(6.9088 3.632472337 0.0254)
(7.0739 3.632472337 0.0254)
(7.239 3.632472337 0.0254)
(7.4041 3.632472337 0.0254)
(7.5692 3.632472337 0.0254)
(7.7343 3.632472337 0.0254)
(7.8994 3.632472337 0.0254)
(8.0645 3.632472337 0.0254)
(8.2296 3.632472337 0.0254)
(8.3947 3.632472337 0.0254)
(8.5598 3.632472337 0.0254)
(8.7249 3.632472337 0.0254)
(8.89 3.632472337 0.0254)
(9.0551 3.632472337 0.0254)
(9.2202 3.632472337 0.0254)
(9.3853 3.632472337 0.0254)
(9.5504 3.632472337 0.0254)
(9.7155 3.632472337 0.0254)
(9.8806 3.632472337 0.0254)
(10.0457 3.632472337 0.0254)
(10.2108 3.632472337 0.0254)
(10.3759 3.632472337 0.0254)
(10.541 3.632472337 0.0254)
(10.7061 3.632472337 0.0254)
(10.8712 3.632472337 0.0254)
(11.0363 3.632472337 0.0254)
(11.2014 3.632472337 0.0254)
(11.3665 3.632472337 0.0254)
(11.5316 3.632472337 0.0254)
(11.6967 3.632472337 0.0254)
(11.8618 3.632472337 0.0254)
(12.0269 3.632472337 0.0254)
(12.192 3.632472337 0.0254)
(0.4699 3.843276207 0.0254)
(0.635 3.843276207 0.0254)
(0.8001 3.843276207 0.0254)
(0.9652 3.843276207 0.0254)
(1.1303 3.843276207 0.0254)
(1.2954 3.843276207 0.0254)
(1.4605 3.843276207 0.0254)
(1.6256 3.843276207 0.0254)
(1.7907 3.843276207 0.0254)
(1.9558 3.843276207 0.0254)
(2.1209 3.843276207 0.0254)
(2.286 3.843276207 0.0254)
(2.4511 3.843276207 0.0254)
(2.6162 3.843276207 0.0254)
(2.7813 3.843276207 0.0254)
(2.9464 3.843276207 0.0254)
(3.1115 3.843276207 0.0254)
(3.2766 3.843276207 0.0254)
(3.4417 3.843276207 0.0254)
(3.6068 3.843276207 0.0254)
(3.7719 3.843276207 0.0254)
(3.937 3.843276207 0.0254)
(4.1021 3.843276207 0.0254)
(4.2672 3.843276207 0.0254)
(4.4323 3.843276207 0.0254)
(4.5974 3.843276207 0.0254)
(4.7625 3.843276207 0.0254)
(4.9276 3.843276207 0.0254)
(5.0927 3.843276207 0.0254)
(5.2578 3.843276207 0.0254)
(5.4229 3.843276207 0.0254)
(5.588 3.843276207 0.0254)
(5.7531 3.843276207 0.0254)
(5.9182 3.843276207 0.0254)
(6.0833 3.843276207 0.0254)
(6.2484 3.843276207 0.0254)
(6.4135 3.843276207 0.0254)
(6.5786 3.843276207 0.0254)
(6.7437 3.843276207 0.0254)
(6.9088 3.843276207 0.0254)
(7.0739 3.843276207 0.0254)
(7.239 3.843276207 0.0254)
(7.4041 3.843276207 0.0254)
(7.5692 3.843276207 0.0254)
(7.7343 3.843276207 0.0254)
(7.8994 3.843276207 0.0254)
(8.0645 3.843276207 0.0254)
(8.2296 3.843276207 0.0254)
(8.3947 3.843276207 0.0254)
(8.5598 3.843276207 0.0254)
(8.7249 3.843276207 0.0254)
(8.89 3.843276207 0.0254)
(9.0551 3.843276207 0.0254)
(9.2202 3.843276207 0.0254)
(9.3853 3.843276207 0.0254)
(9.5504 3.843276207 0.0254)
(9.7155 3.843276207 0.0254)
(9.8806 3.843276207 0.0254)
(10.0457 3.843276207 0.0254)
(10.2108 3.843276207 0.0254)
(10.3759 3.843276207 0.0254)
(10.541 3.843276207 0.0254)
(10.7061 3.843276207 0.0254)
(10.8712 3.843276207 0.0254)
(11.0363 3.843276207 0.0254)
(11.2014 3.843276207 0.0254)
(11.3665 3.843276207 0.0254)
(11.5316 3.843276207 0.0254)
(11.6967 3.843276207 0.0254)
(11.8618 3.843276207 0.0254)
(12.0269 3.843276207 0.0254)
(12.192 3.843276207 0.0254)
(0.4699 4.064 0.0254)
(0.635 4.064 0.0254)
(0.8001 4.064 0.0254)
(0.9652 4.064 0.0254)
(1.1303 4.064 0.0254)
(1.2954 4.064 0.0254)
(1.4605 4.064 0.0254)
(1.6256 4.064 0.0254)
(1.7907 4.064 0.0254)
(1.9558 4.064 0.0254)
(2.1209 4.064 0.0254)
(2.286 4.064 0.0254)
(2.4511 4.064 0.0254)
(2.6162 4.064 0.0254)
(2.7813 4.064 0.0254)
(2.9464 4.064 0.0254)
(3.1115 4.064 0.0254)
(3.2766 4.064 0.0254)
(3.4417 4.064 0.0254)
(3.6068 4.064 0.0254)
(3.7719 4.064 0.0254)
(3.937 4.064 0.0254)
(4.1021 4.064 0.0254)
(4.2672 4.064 0.0254)
(4.4323 4.064 0.0254)
(4.5974 4.064 0.0254)
(4.7625 4.064 0.0254)
(4.9276 4.064 0.0254)
(5.0927 4.064 0.0254)
(5.2578 4.064 0.0254)
(5.4229 4.064 0.0254)
(5.588 4.064 0.0254)
(5.7531 4.064 0.0254)
(5.9182 4.064 0.0254)
(6.0833 4.064 0.0254)
(6.2484 4.064 0.0254)
(6.4135 4.064 0.0254)
(6.5786 4.064 0.0254)
(6.7437 4.064 0.0254)
(6.9088 4.064 0.0254)
(7.0739 4.064 0.0254)
(7.239 4.064 0.0254)
(7.4041 4.064 0.0254)
(7.5692 4.064 0.0254)
(7.7343 4.064 0.0254)
(7.8994 4.064 0.0254)
(8.0645 4.064 0.0254)
(8.2296 4.064 0.0254)
(8.3947 4.064 0.0254)
(8.5598 4.064 0.0254)
(8.7249 4.064 0.0254)
(8.89 4.064 0.0254)
(9.0551 4.064 0.0254)
(9.2202 4.064 0.0254)
(9.3853 4.064 0.0254)
(9.5504 4.064 0.0254)
(9.7155 4.064 0.0254)
(9.8806 4.064 0.0254)
(10.0457 4.064 0.0254)
(10.2108 4.064 0.0254)
(10.3759 4.064 0.0254)
(10.541 4.064 0.0254)
(10.7061 4.064 0.0254)
(10.8712 4.064 0.0254)
(11.0363 4.064 0.0254)
(11.2014 4.064 0.0254)
(11.3665 4.064 0.0254)
(11.5316 4.064 0.0254)
(11.6967 4.064 0.0254)
(11.8618 4.064 0.0254)
(12.0269 4.064 0.0254)
(12.192 4.064 0.0254)
)


// ************************************************************************* //
