/*--------------------------------*- C++ -*----------------------------------*\
  =========                 |
  \\      /  F ield         | OpenFOAM: The Open Source CFD Toolbox
   \\    /   O peration     | Website:  https://openfoam.org
    \\  /    A nd           | Version:  13
     \\/     M anipulation  |
\*---------------------------------------------------------------------------*/
FoamFile
{
    format      ascii;
    class       faceList;
    location    "constant/polyMesh";
    object      faces;
}
// * * * * * * * * * * * * * * * * * * * * * * * * * * * * * * * * * * * * * //


23080
(
4(1 30 523 494)
4(29 522 523 30)
4(2 31 524 495)
4(30 523 524 31)
4(3 32 525 496)
4(31 524 525 32)
4(4 33 526 497)
4(32 525 526 33)
4(5 34 527 498)
4(33 526 527 34)
4(6 35 528 499)
4(34 527 528 35)
4(7 36 529 500)
4(35 528 529 36)
4(8 37 530 501)
4(36 529 530 37)
4(9 38 531 502)
4(37 530 531 38)
4(10 39 532 503)
4(38 531 532 39)
4(11 40 533 504)
4(39 532 533 40)
4(12 41 534 505)
4(40 533 534 41)
4(13 42 535 506)
4(41 534 535 42)
4(14 43 536 507)
4(42 535 536 43)
4(15 44 537 508)
4(43 536 537 44)
4(16 45 538 509)
4(44 537 538 45)
4(17 46 539 510)
4(45 538 539 46)
4(18 47 540 511)
4(46 539 540 47)
4(19 48 541 512)
4(47 540 541 48)
4(20 49 542 513)
4(48 541 542 49)
4(21 50 543 514)
4(49 542 543 50)
4(22 51 544 515)
4(50 543 544 51)
4(23 52 545 516)
4(51 544 545 52)
4(24 53 546 517)
4(52 545 546 53)
4(25 54 547 518)
4(53 546 547 54)
4(26 55 548 519)
4(54 547 548 55)
4(27 56 549 520)
4(55 548 549 56)
4(56 549 550 57)
4(28 57 550 521)
4(30 59 552 523)
4(58 551 552 59)
4(31 60 553 524)
4(59 552 553 60)
4(32 61 554 525)
4(60 553 554 61)
4(33 62 555 526)
4(61 554 555 62)
4(34 63 556 527)
4(62 555 556 63)
4(35 64 557 528)
4(63 556 557 64)
4(36 65 558 529)
4(64 557 558 65)
4(37 66 559 530)
4(65 558 559 66)
4(38 67 560 531)
4(66 559 560 67)
4(39 68 561 532)
4(67 560 561 68)
4(40 69 562 533)
4(68 561 562 69)
4(41 70 563 534)
4(69 562 563 70)
4(42 71 564 535)
4(70 563 564 71)
4(43 72 565 536)
4(71 564 565 72)
4(44 73 566 537)
4(72 565 566 73)
4(45 74 567 538)
4(73 566 567 74)
4(46 75 568 539)
4(74 567 568 75)
4(47 76 569 540)
4(75 568 569 76)
4(48 77 570 541)
4(76 569 570 77)
4(49 78 571 542)
4(77 570 571 78)
4(50 79 572 543)
4(78 571 572 79)
4(51 80 573 544)
4(79 572 573 80)
4(52 81 574 545)
4(80 573 574 81)
4(53 82 575 546)
4(81 574 575 82)
4(54 83 576 547)
4(82 575 576 83)
4(55 84 577 548)
4(83 576 577 84)
4(56 85 578 549)
4(84 577 578 85)
4(85 578 579 86)
4(57 86 579 550)
4(59 88 581 552)
4(87 580 581 88)
4(60 89 582 553)
4(88 581 582 89)
4(61 90 583 554)
4(89 582 583 90)
4(62 91 584 555)
4(90 583 584 91)
4(63 92 585 556)
4(91 584 585 92)
4(64 93 586 557)
4(92 585 586 93)
4(65 94 587 558)
4(93 586 587 94)
4(66 95 588 559)
4(94 587 588 95)
4(67 96 589 560)
4(95 588 589 96)
4(68 97 590 561)
4(96 589 590 97)
4(69 98 591 562)
4(97 590 591 98)
4(70 99 592 563)
4(98 591 592 99)
4(71 100 593 564)
4(99 592 593 100)
4(72 101 594 565)
4(100 593 594 101)
4(73 102 595 566)
4(101 594 595 102)
4(74 103 596 567)
4(102 595 596 103)
4(75 104 597 568)
4(103 596 597 104)
4(76 105 598 569)
4(104 597 598 105)
4(77 106 599 570)
4(105 598 599 106)
4(78 107 600 571)
4(106 599 600 107)
4(79 108 601 572)
4(107 600 601 108)
4(80 109 602 573)
4(108 601 602 109)
4(81 110 603 574)
4(109 602 603 110)
4(82 111 604 575)
4(110 603 604 111)
4(83 112 605 576)
4(111 604 605 112)
4(84 113 606 577)
4(112 605 606 113)
4(85 114 607 578)
4(113 606 607 114)
4(114 607 608 115)
4(86 115 608 579)
4(88 117 610 581)
4(116 609 610 117)
4(89 118 611 582)
4(117 610 611 118)
4(90 119 612 583)
4(118 611 612 119)
4(91 120 613 584)
4(119 612 613 120)
4(92 121 614 585)
4(120 613 614 121)
4(93 122 615 586)
4(121 614 615 122)
4(94 123 616 587)
4(122 615 616 123)
4(95 124 617 588)
4(123 616 617 124)
4(96 125 618 589)
4(124 617 618 125)
4(97 126 619 590)
4(125 618 619 126)
4(98 127 620 591)
4(126 619 620 127)
4(99 128 621 592)
4(127 620 621 128)
4(100 129 622 593)
4(128 621 622 129)
4(101 130 623 594)
4(129 622 623 130)
4(102 131 624 595)
4(130 623 624 131)
4(103 132 625 596)
4(131 624 625 132)
4(104 133 626 597)
4(132 625 626 133)
4(105 134 627 598)
4(133 626 627 134)
4(106 135 628 599)
4(134 627 628 135)
4(107 136 629 600)
4(135 628 629 136)
4(108 137 630 601)
4(136 629 630 137)
4(109 138 631 602)
4(137 630 631 138)
4(110 139 632 603)
4(138 631 632 139)
4(111 140 633 604)
4(139 632 633 140)
4(112 141 634 605)
4(140 633 634 141)
4(113 142 635 606)
4(141 634 635 142)
4(114 143 636 607)
4(142 635 636 143)
4(143 636 637 144)
4(115 144 637 608)
4(117 146 639 610)
4(145 638 639 146)
4(118 147 640 611)
4(146 639 640 147)
4(119 148 641 612)
4(147 640 641 148)
4(120 149 642 613)
4(148 641 642 149)
4(121 150 643 614)
4(149 642 643 150)
4(122 151 644 615)
4(150 643 644 151)
4(123 152 645 616)
4(151 644 645 152)
4(124 153 646 617)
4(152 645 646 153)
4(125 154 647 618)
4(153 646 647 154)
4(126 155 648 619)
4(154 647 648 155)
4(127 156 649 620)
4(155 648 649 156)
4(128 157 650 621)
4(156 649 650 157)
4(129 158 651 622)
4(157 650 651 158)
4(130 159 652 623)
4(158 651 652 159)
4(131 160 653 624)
4(159 652 653 160)
4(132 161 654 625)
4(160 653 654 161)
4(133 162 655 626)
4(161 654 655 162)
4(134 163 656 627)
4(162 655 656 163)
4(135 164 657 628)
4(163 656 657 164)
4(136 165 658 629)
4(164 657 658 165)
4(137 166 659 630)
4(165 658 659 166)
4(138 167 660 631)
4(166 659 660 167)
4(139 168 661 632)
4(167 660 661 168)
4(140 169 662 633)
4(168 661 662 169)
4(141 170 663 634)
4(169 662 663 170)
4(142 171 664 635)
4(170 663 664 171)
4(143 172 665 636)
4(171 664 665 172)
4(172 665 666 173)
4(144 173 666 637)
4(146 175 668 639)
4(174 667 668 175)
4(147 176 669 640)
4(175 668 669 176)
4(148 177 670 641)
4(176 669 670 177)
4(149 178 671 642)
4(177 670 671 178)
4(150 179 672 643)
4(178 671 672 179)
4(151 180 673 644)
4(179 672 673 180)
4(152 181 674 645)
4(180 673 674 181)
4(153 182 675 646)
4(181 674 675 182)
4(154 183 676 647)
4(182 675 676 183)
4(155 184 677 648)
4(183 676 677 184)
4(156 185 678 649)
4(184 677 678 185)
4(157 186 679 650)
4(185 678 679 186)
4(158 187 680 651)
4(186 679 680 187)
4(159 188 681 652)
4(187 680 681 188)
4(160 189 682 653)
4(188 681 682 189)
4(161 190 683 654)
4(189 682 683 190)
4(162 191 684 655)
4(190 683 684 191)
4(163 192 685 656)
4(191 684 685 192)
4(164 193 686 657)
4(192 685 686 193)
4(165 194 687 658)
4(193 686 687 194)
4(166 195 688 659)
4(194 687 688 195)
4(167 196 689 660)
4(195 688 689 196)
4(168 197 690 661)
4(196 689 690 197)
4(169 198 691 662)
4(197 690 691 198)
4(170 199 692 663)
4(198 691 692 199)
4(171 200 693 664)
4(199 692 693 200)
4(172 201 694 665)
4(200 693 694 201)
4(201 694 695 202)
4(173 202 695 666)
4(175 204 697 668)
4(203 696 697 204)
4(176 205 698 669)
4(204 697 698 205)
4(177 206 699 670)
4(205 698 699 206)
4(178 207 700 671)
4(206 699 700 207)
4(179 208 701 672)
4(207 700 701 208)
4(180 209 702 673)
4(208 701 702 209)
4(181 210 703 674)
4(209 702 703 210)
4(182 211 704 675)
4(210 703 704 211)
4(183 212 705 676)
4(211 704 705 212)
4(184 213 706 677)
4(212 705 706 213)
4(185 214 707 678)
4(213 706 707 214)
4(186 215 708 679)
4(214 707 708 215)
4(187 216 709 680)
4(215 708 709 216)
4(188 217 710 681)
4(216 709 710 217)
4(189 218 711 682)
4(217 710 711 218)
4(190 219 712 683)
4(218 711 712 219)
4(191 220 713 684)
4(219 712 713 220)
4(192 221 714 685)
4(220 713 714 221)
4(193 222 715 686)
4(221 714 715 222)
4(194 223 716 687)
4(222 715 716 223)
4(195 224 717 688)
4(223 716 717 224)
4(196 225 718 689)
4(224 717 718 225)
4(197 226 719 690)
4(225 718 719 226)
4(198 227 720 691)
4(226 719 720 227)
4(199 228 721 692)
4(227 720 721 228)
4(200 229 722 693)
4(228 721 722 229)
4(201 230 723 694)
4(229 722 723 230)
4(230 723 724 231)
4(202 231 724 695)
4(204 233 726 697)
4(232 725 726 233)
4(205 234 727 698)
4(233 726 727 234)
4(206 235 728 699)
4(234 727 728 235)
4(207 236 729 700)
4(235 728 729 236)
4(208 237 730 701)
4(236 729 730 237)
4(209 238 731 702)
4(237 730 731 238)
4(210 239 732 703)
4(238 731 732 239)
4(211 240 733 704)
4(239 732 733 240)
4(212 241 734 705)
4(240 733 734 241)
4(213 242 735 706)
4(241 734 735 242)
4(214 243 736 707)
4(242 735 736 243)
4(215 244 737 708)
4(243 736 737 244)
4(216 245 738 709)
4(244 737 738 245)
4(217 246 739 710)
4(245 738 739 246)
4(218 247 740 711)
4(246 739 740 247)
4(219 248 741 712)
4(247 740 741 248)
4(220 249 742 713)
4(248 741 742 249)
4(221 250 743 714)
4(249 742 743 250)
4(222 251 744 715)
4(250 743 744 251)
4(223 252 745 716)
4(251 744 745 252)
4(224 253 746 717)
4(252 745 746 253)
4(225 254 747 718)
4(253 746 747 254)
4(226 255 748 719)
4(254 747 748 255)
4(227 256 749 720)
4(255 748 749 256)
4(228 257 750 721)
4(256 749 750 257)
4(229 258 751 722)
4(257 750 751 258)
4(230 259 752 723)
4(258 751 752 259)
4(259 752 753 260)
4(231 260 753 724)
4(233 262 755 726)
4(261 754 755 262)
4(234 263 756 727)
4(262 755 756 263)
4(235 264 757 728)
4(263 756 757 264)
4(236 265 758 729)
4(264 757 758 265)
4(237 266 759 730)
4(265 758 759 266)
4(238 267 760 731)
4(266 759 760 267)
4(239 268 761 732)
4(267 760 761 268)
4(240 269 762 733)
4(268 761 762 269)
4(241 270 763 734)
4(269 762 763 270)
4(242 271 764 735)
4(270 763 764 271)
4(243 272 765 736)
4(271 764 765 272)
4(244 273 766 737)
4(272 765 766 273)
4(245 274 767 738)
4(273 766 767 274)
4(246 275 768 739)
4(274 767 768 275)
4(247 276 769 740)
4(275 768 769 276)
4(248 277 770 741)
4(276 769 770 277)
4(249 278 771 742)
4(277 770 771 278)
4(250 279 772 743)
4(278 771 772 279)
4(251 280 773 744)
4(279 772 773 280)
4(252 281 774 745)
4(280 773 774 281)
4(253 282 775 746)
4(281 774 775 282)
4(254 283 776 747)
4(282 775 776 283)
4(255 284 777 748)
4(283 776 777 284)
4(256 285 778 749)
4(284 777 778 285)
4(257 286 779 750)
4(285 778 779 286)
4(258 287 780 751)
4(286 779 780 287)
4(259 288 781 752)
4(287 780 781 288)
4(288 781 782 289)
4(260 289 782 753)
4(262 291 784 755)
4(290 783 784 291)
4(263 292 785 756)
4(291 784 785 292)
4(264 293 786 757)
4(292 785 786 293)
4(265 294 787 758)
4(293 786 787 294)
4(266 295 788 759)
4(294 787 788 295)
4(267 296 789 760)
4(295 788 789 296)
4(268 297 790 761)
4(296 789 790 297)
4(269 298 791 762)
4(297 790 791 298)
4(270 299 792 763)
4(298 791 792 299)
4(271 300 793 764)
4(299 792 793 300)
4(272 301 794 765)
4(300 793 794 301)
4(273 302 795 766)
4(301 794 795 302)
4(274 303 796 767)
4(302 795 796 303)
4(275 304 797 768)
4(303 796 797 304)
4(276 305 798 769)
4(304 797 798 305)
4(277 306 799 770)
4(305 798 799 306)
4(278 307 800 771)
4(306 799 800 307)
4(279 308 801 772)
4(307 800 801 308)
4(280 309 802 773)
4(308 801 802 309)
4(281 310 803 774)
4(309 802 803 310)
4(282 311 804 775)
4(310 803 804 311)
4(283 312 805 776)
4(311 804 805 312)
4(284 313 806 777)
4(312 805 806 313)
4(285 314 807 778)
4(313 806 807 314)
4(286 315 808 779)
4(314 807 808 315)
4(287 316 809 780)
4(315 808 809 316)
4(288 317 810 781)
4(316 809 810 317)
4(317 810 811 318)
4(289 318 811 782)
4(291 320 813 784)
4(319 812 813 320)
4(292 321 814 785)
4(320 813 814 321)
4(293 322 815 786)
4(321 814 815 322)
4(294 323 816 787)
4(322 815 816 323)
4(295 324 817 788)
4(323 816 817 324)
4(296 325 818 789)
4(324 817 818 325)
4(297 326 819 790)
4(325 818 819 326)
4(298 327 820 791)
4(326 819 820 327)
4(299 328 821 792)
4(327 820 821 328)
4(300 329 822 793)
4(328 821 822 329)
4(301 330 823 794)
4(329 822 823 330)
4(302 331 824 795)
4(330 823 824 331)
4(303 332 825 796)
4(331 824 825 332)
4(304 333 826 797)
4(332 825 826 333)
4(305 334 827 798)
4(333 826 827 334)
4(306 335 828 799)
4(334 827 828 335)
4(307 336 829 800)
4(335 828 829 336)
4(308 337 830 801)
4(336 829 830 337)
4(309 338 831 802)
4(337 830 831 338)
4(310 339 832 803)
4(338 831 832 339)
4(311 340 833 804)
4(339 832 833 340)
4(312 341 834 805)
4(340 833 834 341)
4(313 342 835 806)
4(341 834 835 342)
4(314 343 836 807)
4(342 835 836 343)
4(315 344 837 808)
4(343 836 837 344)
4(316 345 838 809)
4(344 837 838 345)
4(317 346 839 810)
4(345 838 839 346)
4(346 839 840 347)
4(318 347 840 811)
4(320 349 842 813)
4(348 841 842 349)
4(321 350 843 814)
4(349 842 843 350)
4(322 351 844 815)
4(350 843 844 351)
4(323 352 845 816)
4(351 844 845 352)
4(324 353 846 817)
4(352 845 846 353)
4(325 354 847 818)
4(353 846 847 354)
4(326 355 848 819)
4(354 847 848 355)
4(327 356 849 820)
4(355 848 849 356)
4(328 357 850 821)
4(356 849 850 357)
4(329 358 851 822)
4(357 850 851 358)
4(330 359 852 823)
4(358 851 852 359)
4(331 360 853 824)
4(359 852 853 360)
4(332 361 854 825)
4(360 853 854 361)
4(333 362 855 826)
4(361 854 855 362)
4(334 363 856 827)
4(362 855 856 363)
4(335 364 857 828)
4(363 856 857 364)
4(336 365 858 829)
4(364 857 858 365)
4(337 366 859 830)
4(365 858 859 366)
4(338 367 860 831)
4(366 859 860 367)
4(339 368 861 832)
4(367 860 861 368)
4(340 369 862 833)
4(368 861 862 369)
4(341 370 863 834)
4(369 862 863 370)
4(342 371 864 835)
4(370 863 864 371)
4(343 372 865 836)
4(371 864 865 372)
4(344 373 866 837)
4(372 865 866 373)
4(345 374 867 838)
4(373 866 867 374)
4(346 375 868 839)
4(374 867 868 375)
4(375 868 869 376)
4(347 376 869 840)
4(349 378 871 842)
4(377 870 871 378)
4(350 379 872 843)
4(378 871 872 379)
4(351 380 873 844)
4(379 872 873 380)
4(352 381 874 845)
4(380 873 874 381)
4(353 382 875 846)
4(381 874 875 382)
4(354 383 876 847)
4(382 875 876 383)
4(355 384 877 848)
4(383 876 877 384)
4(356 385 878 849)
4(384 877 878 385)
4(357 386 879 850)
4(385 878 879 386)
4(358 387 880 851)
4(386 879 880 387)
4(359 388 881 852)
4(387 880 881 388)
4(360 389 882 853)
4(388 881 882 389)
4(361 390 883 854)
4(389 882 883 390)
4(362 391 884 855)
4(390 883 884 391)
4(363 392 885 856)
4(391 884 885 392)
4(364 393 886 857)
4(392 885 886 393)
4(365 394 887 858)
4(393 886 887 394)
4(366 395 888 859)
4(394 887 888 395)
4(367 396 889 860)
4(395 888 889 396)
4(368 397 890 861)
4(396 889 890 397)
4(369 398 891 862)
4(397 890 891 398)
4(370 399 892 863)
4(398 891 892 399)
4(371 400 893 864)
4(399 892 893 400)
4(372 401 894 865)
4(400 893 894 401)
4(373 402 895 866)
4(401 894 895 402)
4(374 403 896 867)
4(402 895 896 403)
4(375 404 897 868)
4(403 896 897 404)
4(404 897 898 405)
4(376 405 898 869)
4(378 407 900 871)
4(406 899 900 407)
4(379 408 901 872)
4(407 900 901 408)
4(380 409 902 873)
4(408 901 902 409)
4(381 410 903 874)
4(409 902 903 410)
4(382 411 904 875)
4(410 903 904 411)
4(383 412 905 876)
4(411 904 905 412)
4(384 413 906 877)
4(412 905 906 413)
4(385 414 907 878)
4(413 906 907 414)
4(386 415 908 879)
4(414 907 908 415)
4(387 416 909 880)
4(415 908 909 416)
4(388 417 910 881)
4(416 909 910 417)
4(389 418 911 882)
4(417 910 911 418)
4(390 419 912 883)
4(418 911 912 419)
4(391 420 913 884)
4(419 912 913 420)
4(392 421 914 885)
4(420 913 914 421)
4(393 422 915 886)
4(421 914 915 422)
4(394 423 916 887)
4(422 915 916 423)
4(395 424 917 888)
4(423 916 917 424)
4(396 425 918 889)
4(424 917 918 425)
4(397 426 919 890)
4(425 918 919 426)
4(398 427 920 891)
4(426 919 920 427)
4(399 428 921 892)
4(427 920 921 428)
4(400 429 922 893)
4(428 921 922 429)
4(401 430 923 894)
4(429 922 923 430)
4(402 431 924 895)
4(430 923 924 431)
4(403 432 925 896)
4(431 924 925 432)
4(404 433 926 897)
4(432 925 926 433)
4(433 926 927 434)
4(405 434 927 898)
4(407 436 929 900)
4(435 928 929 436)
4(408 437 930 901)
4(436 929 930 437)
4(409 438 931 902)
4(437 930 931 438)
4(410 439 932 903)
4(438 931 932 439)
4(411 440 933 904)
4(439 932 933 440)
4(412 441 934 905)
4(440 933 934 441)
4(413 442 935 906)
4(441 934 935 442)
4(414 443 936 907)
4(442 935 936 443)
4(415 444 937 908)
4(443 936 937 444)
4(416 445 938 909)
4(444 937 938 445)
4(417 446 939 910)
4(445 938 939 446)
4(418 447 940 911)
4(446 939 940 447)
4(419 448 941 912)
4(447 940 941 448)
4(420 449 942 913)
4(448 941 942 449)
4(421 450 943 914)
4(449 942 943 450)
4(422 451 944 915)
4(450 943 944 451)
4(423 452 945 916)
4(451 944 945 452)
4(424 453 946 917)
4(452 945 946 453)
4(425 454 947 918)
4(453 946 947 454)
4(426 455 948 919)
4(454 947 948 455)
4(427 456 949 920)
4(455 948 949 456)
4(428 457 950 921)
4(456 949 950 457)
4(429 458 951 922)
4(457 950 951 458)
4(430 459 952 923)
4(458 951 952 459)
4(431 460 953 924)
4(459 952 953 460)
4(432 461 954 925)
4(460 953 954 461)
4(433 462 955 926)
4(461 954 955 462)
4(462 955 956 463)
4(434 463 956 927)
4(436 465 958 929)
4(437 466 959 930)
4(438 467 960 931)
4(439 468 961 932)
4(440 469 962 933)
4(441 470 963 934)
4(442 471 964 935)
4(443 472 965 936)
4(444 473 966 937)
4(445 474 967 938)
4(446 475 968 939)
4(447 476 969 940)
4(448 477 970 941)
4(449 478 971 942)
4(450 479 972 943)
4(451 480 973 944)
4(452 481 974 945)
4(453 482 975 946)
4(454 483 976 947)
4(455 484 977 948)
4(456 485 978 949)
4(457 486 979 950)
4(458 487 980 951)
4(459 488 981 952)
4(460 489 982 953)
4(461 490 983 954)
4(462 491 984 955)
4(463 492 985 956)
4(987 1016 2089 2060)
4(1015 2088 2089 1016)
4(988 1017 2090 2061)
4(1016 2089 2090 1017)
4(989 1018 2091 2062)
4(1017 2090 2091 1018)
4(990 1019 2092 2063)
4(1018 2091 2092 1019)
4(991 1020 2093 2064)
4(1019 2092 2093 1020)
4(992 1021 2094 2065)
4(1020 2093 2094 1021)
4(993 1022 2095 2066)
4(1021 2094 2095 1022)
4(994 1023 2096 2067)
4(1022 2095 2096 1023)
4(995 1024 2097 2068)
4(1023 2096 2097 1024)
4(996 1025 2098 2069)
4(1024 2097 2098 1025)
4(997 1026 2099 2070)
4(1025 2098 2099 1026)
4(998 1027 2100 2071)
4(1026 2099 2100 1027)
4(999 1028 2101 2072)
4(1027 2100 2101 1028)
4(1000 1029 2102 2073)
4(1028 2101 2102 1029)
4(1001 1030 2103 2074)
4(1029 2102 2103 1030)
4(1002 1031 2104 2075)
4(1030 2103 2104 1031)
4(1003 1032 2105 2076)
4(1031 2104 2105 1032)
4(1004 1033 2106 2077)
4(1032 2105 2106 1033)
4(1005 1034 2107 2078)
4(1033 2106 2107 1034)
4(1006 1035 2108 2079)
4(1034 2107 2108 1035)
4(1007 1036 2109 2080)
4(1035 2108 2109 1036)
4(1008 1037 2110 2081)
4(1036 2109 2110 1037)
4(1009 1038 2111 2082)
4(1037 2110 2111 1038)
4(1010 1039 2112 2083)
4(1038 2111 2112 1039)
4(1011 1040 2113 2084)
4(1039 2112 2113 1040)
4(1012 1041 2114 2085)
4(1040 2113 2114 1041)
4(1013 1042 2115 2086)
4(1041 2114 2115 1042)
4(1042 2115 2116 1043)
4(1014 1043 2116 2087)
4(1016 1045 2118 2089)
4(1044 2117 2118 1045)
4(1017 1046 2119 2090)
4(1045 2118 2119 1046)
4(1018 1047 2120 2091)
4(1046 2119 2120 1047)
4(1019 1048 2121 2092)
4(1047 2120 2121 1048)
4(1020 1049 2122 2093)
4(1048 2121 2122 1049)
4(1021 1050 2123 2094)
4(1049 2122 2123 1050)
4(1022 1051 2124 2095)
4(1050 2123 2124 1051)
4(1023 1052 2125 2096)
4(1051 2124 2125 1052)
4(1024 1053 2126 2097)
4(1052 2125 2126 1053)
4(1025 1054 2127 2098)
4(1053 2126 2127 1054)
4(1026 1055 2128 2099)
4(1054 2127 2128 1055)
4(1027 1056 2129 2100)
4(1055 2128 2129 1056)
4(1028 1057 2130 2101)
4(1056 2129 2130 1057)
4(1029 1058 2131 2102)
4(1057 2130 2131 1058)
4(1030 1059 2132 2103)
4(1058 2131 2132 1059)
4(1031 1060 2133 2104)
4(1059 2132 2133 1060)
4(1032 1061 2134 2105)
4(1060 2133 2134 1061)
4(1033 1062 2135 2106)
4(1061 2134 2135 1062)
4(1034 1063 2136 2107)
4(1062 2135 2136 1063)
4(1035 1064 2137 2108)
4(1063 2136 2137 1064)
4(1036 1065 2138 2109)
4(1064 2137 2138 1065)
4(1037 1066 2139 2110)
4(1065 2138 2139 1066)
4(1038 1067 2140 2111)
4(1066 2139 2140 1067)
4(1039 1068 2141 2112)
4(1067 2140 2141 1068)
4(1040 1069 2142 2113)
4(1068 2141 2142 1069)
4(1041 1070 2143 2114)
4(1069 2142 2143 1070)
4(1042 1071 2144 2115)
4(1070 2143 2144 1071)
4(1071 2144 2145 1072)
4(1043 1072 2145 2116)
4(1045 1074 2147 2118)
4(1073 2146 2147 1074)
4(1046 1075 2148 2119)
4(1074 2147 2148 1075)
4(1047 1076 2149 2120)
4(1075 2148 2149 1076)
4(1048 1077 2150 2121)
4(1076 2149 2150 1077)
4(1049 1078 2151 2122)
4(1077 2150 2151 1078)
4(1050 1079 2152 2123)
4(1078 2151 2152 1079)
4(1051 1080 2153 2124)
4(1079 2152 2153 1080)
4(1052 1081 2154 2125)
4(1080 2153 2154 1081)
4(1053 1082 2155 2126)
4(1081 2154 2155 1082)
4(1054 1083 2156 2127)
4(1082 2155 2156 1083)
4(1055 1084 2157 2128)
4(1083 2156 2157 1084)
4(1056 1085 2158 2129)
4(1084 2157 2158 1085)
4(1057 1086 2159 2130)
4(1085 2158 2159 1086)
4(1058 1087 2160 2131)
4(1086 2159 2160 1087)
4(1059 1088 2161 2132)
4(1087 2160 2161 1088)
4(1060 1089 2162 2133)
4(1088 2161 2162 1089)
4(1061 1090 2163 2134)
4(1089 2162 2163 1090)
4(1062 1091 2164 2135)
4(1090 2163 2164 1091)
4(1063 1092 2165 2136)
4(1091 2164 2165 1092)
4(1064 1093 2166 2137)
4(1092 2165 2166 1093)
4(1065 1094 2167 2138)
4(1093 2166 2167 1094)
4(1066 1095 2168 2139)
4(1094 2167 2168 1095)
4(1067 1096 2169 2140)
4(1095 2168 2169 1096)
4(1068 1097 2170 2141)
4(1096 2169 2170 1097)
4(1069 1098 2171 2142)
4(1097 2170 2171 1098)
4(1070 1099 2172 2143)
4(1098 2171 2172 1099)
4(1071 1100 2173 2144)
4(1099 2172 2173 1100)
4(1100 2173 2174 1101)
4(1072 1101 2174 2145)
4(1074 1103 2176 2147)
4(1102 2175 2176 1103)
4(1075 1104 2177 2148)
4(1103 2176 2177 1104)
4(1076 1105 2178 2149)
4(1104 2177 2178 1105)
4(1077 1106 2179 2150)
4(1105 2178 2179 1106)
4(1078 1107 2180 2151)
4(1106 2179 2180 1107)
4(1079 1108 2181 2152)
4(1107 2180 2181 1108)
4(1080 1109 2182 2153)
4(1108 2181 2182 1109)
4(1081 1110 2183 2154)
4(1109 2182 2183 1110)
4(1082 1111 2184 2155)
4(1110 2183 2184 1111)
4(1083 1112 2185 2156)
4(1111 2184 2185 1112)
4(1084 1113 2186 2157)
4(1112 2185 2186 1113)
4(1085 1114 2187 2158)
4(1113 2186 2187 1114)
4(1086 1115 2188 2159)
4(1114 2187 2188 1115)
4(1087 1116 2189 2160)
4(1115 2188 2189 1116)
4(1088 1117 2190 2161)
4(1116 2189 2190 1117)
4(1089 1118 2191 2162)
4(1117 2190 2191 1118)
4(1090 1119 2192 2163)
4(1118 2191 2192 1119)
4(1091 1120 2193 2164)
4(1119 2192 2193 1120)
4(1092 1121 2194 2165)
4(1120 2193 2194 1121)
4(1093 1122 2195 2166)
4(1121 2194 2195 1122)
4(1094 1123 2196 2167)
4(1122 2195 2196 1123)
4(1095 1124 2197 2168)
4(1123 2196 2197 1124)
4(1096 1125 2198 2169)
4(1124 2197 2198 1125)
4(1097 1126 2199 2170)
4(1125 2198 2199 1126)
4(1098 1127 2200 2171)
4(1126 2199 2200 1127)
4(1099 1128 2201 2172)
4(1127 2200 2201 1128)
4(1100 1129 2202 2173)
4(1128 2201 2202 1129)
4(1129 2202 2203 1130)
4(1101 1130 2203 2174)
4(1103 1132 2205 2176)
4(1131 2204 2205 1132)
4(1104 1133 2206 2177)
4(1132 2205 2206 1133)
4(1105 1134 2207 2178)
4(1133 2206 2207 1134)
4(1106 1135 2208 2179)
4(1134 2207 2208 1135)
4(1107 1136 2209 2180)
4(1135 2208 2209 1136)
4(1108 1137 2210 2181)
4(1136 2209 2210 1137)
4(1109 1138 2211 2182)
4(1137 2210 2211 1138)
4(1110 1139 2212 2183)
4(1138 2211 2212 1139)
4(1111 1140 2213 2184)
4(1139 2212 2213 1140)
4(1112 1141 2214 2185)
4(1140 2213 2214 1141)
4(1113 1142 2215 2186)
4(1141 2214 2215 1142)
4(1114 1143 2216 2187)
4(1142 2215 2216 1143)
4(1115 1144 2217 2188)
4(1143 2216 2217 1144)
4(1116 1145 2218 2189)
4(1144 2217 2218 1145)
4(1117 1146 2219 2190)
4(1145 2218 2219 1146)
4(1118 1147 2220 2191)
4(1146 2219 2220 1147)
4(1119 1148 2221 2192)
4(1147 2220 2221 1148)
4(1120 1149 2222 2193)
4(1148 2221 2222 1149)
4(1121 1150 2223 2194)
4(1149 2222 2223 1150)
4(1122 1151 2224 2195)
4(1150 2223 2224 1151)
4(1123 1152 2225 2196)
4(1151 2224 2225 1152)
4(1124 1153 2226 2197)
4(1152 2225 2226 1153)
4(1125 1154 2227 2198)
4(1153 2226 2227 1154)
4(1126 1155 2228 2199)
4(1154 2227 2228 1155)
4(1127 1156 2229 2200)
4(1155 2228 2229 1156)
4(1128 1157 2230 2201)
4(1156 2229 2230 1157)
4(1129 1158 2231 2202)
4(1157 2230 2231 1158)
4(1158 2231 2232 1159)
4(1130 1159 2232 2203)
4(1132 1161 2234 2205)
4(1160 2233 2234 1161)
4(1133 1162 2235 2206)
4(1161 2234 2235 1162)
4(1134 1163 2236 2207)
4(1162 2235 2236 1163)
4(1135 1164 2237 2208)
4(1163 2236 2237 1164)
4(1136 1165 2238 2209)
4(1164 2237 2238 1165)
4(1137 1166 2239 2210)
4(1165 2238 2239 1166)
4(1138 1167 2240 2211)
4(1166 2239 2240 1167)
4(1139 1168 2241 2212)
4(1167 2240 2241 1168)
4(1140 1169 2242 2213)
4(1168 2241 2242 1169)
4(1141 1170 2243 2214)
4(1169 2242 2243 1170)
4(1142 1171 2244 2215)
4(1170 2243 2244 1171)
4(1143 1172 2245 2216)
4(1171 2244 2245 1172)
4(1144 1173 2246 2217)
4(1172 2245 2246 1173)
4(1145 1174 2247 2218)
4(1173 2246 2247 1174)
4(1146 1175 2248 2219)
4(1174 2247 2248 1175)
4(1147 1176 2249 2220)
4(1175 2248 2249 1176)
4(1148 1177 2250 2221)
4(1176 2249 2250 1177)
4(1149 1178 2251 2222)
4(1177 2250 2251 1178)
4(1150 1179 2252 2223)
4(1178 2251 2252 1179)
4(1151 1180 2253 2224)
4(1179 2252 2253 1180)
4(1152 1181 2254 2225)
4(1180 2253 2254 1181)
4(1153 1182 2255 2226)
4(1181 2254 2255 1182)
4(1154 1183 2256 2227)
4(1182 2255 2256 1183)
4(1155 1184 2257 2228)
4(1183 2256 2257 1184)
4(1156 1185 2258 2229)
4(1184 2257 2258 1185)
4(1157 1186 2259 2230)
4(1185 2258 2259 1186)
4(1158 1187 2260 2231)
4(1186 2259 2260 1187)
4(1187 2260 2261 1188)
4(1159 1188 2261 2232)
4(1161 1190 2263 2234)
4(1189 2262 2263 1190)
4(1162 1191 2264 2235)
4(1190 2263 2264 1191)
4(1163 1192 2265 2236)
4(1191 2264 2265 1192)
4(1164 1193 2266 2237)
4(1192 2265 2266 1193)
4(1165 1194 2267 2238)
4(1193 2266 2267 1194)
4(1166 1195 2268 2239)
4(1194 2267 2268 1195)
4(1167 1196 2269 2240)
4(1195 2268 2269 1196)
4(1168 1197 2270 2241)
4(1196 2269 2270 1197)
4(1169 1198 2271 2242)
4(1197 2270 2271 1198)
4(1170 1199 2272 2243)
4(1198 2271 2272 1199)
4(1171 1200 2273 2244)
4(1199 2272 2273 1200)
4(1172 1201 2274 2245)
4(1200 2273 2274 1201)
4(1173 1202 2275 2246)
4(1201 2274 2275 1202)
4(1174 1203 2276 2247)
4(1202 2275 2276 1203)
4(1175 1204 2277 2248)
4(1203 2276 2277 1204)
4(1176 1205 2278 2249)
4(1204 2277 2278 1205)
4(1177 1206 2279 2250)
4(1205 2278 2279 1206)
4(1178 1207 2280 2251)
4(1206 2279 2280 1207)
4(1179 1208 2281 2252)
4(1207 2280 2281 1208)
4(1180 1209 2282 2253)
4(1208 2281 2282 1209)
4(1181 1210 2283 2254)
4(1209 2282 2283 1210)
4(1182 1211 2284 2255)
4(1210 2283 2284 1211)
4(1183 1212 2285 2256)
4(1211 2284 2285 1212)
4(1184 1213 2286 2257)
4(1212 2285 2286 1213)
4(1185 1214 2287 2258)
4(1213 2286 2287 1214)
4(1186 1215 2288 2259)
4(1214 2287 2288 1215)
4(1187 1216 2289 2260)
4(1215 2288 2289 1216)
4(1216 2289 2290 1217)
4(1188 1217 2290 2261)
4(1190 1219 2292 2263)
4(1218 2291 2292 1219)
4(1191 1220 2293 2264)
4(1219 2292 2293 1220)
4(1192 1221 2294 2265)
4(1220 2293 2294 1221)
4(1193 1222 2295 2266)
4(1221 2294 2295 1222)
4(1194 1223 2296 2267)
4(1222 2295 2296 1223)
4(1195 1224 2297 2268)
4(1223 2296 2297 1224)
4(1196 1225 2298 2269)
4(1224 2297 2298 1225)
4(1197 1226 2299 2270)
4(1225 2298 2299 1226)
4(1198 1227 2300 2271)
4(1226 2299 2300 1227)
4(1199 1228 2301 2272)
4(1227 2300 2301 1228)
4(1200 1229 2302 2273)
4(1228 2301 2302 1229)
4(1201 1230 2303 2274)
4(1229 2302 2303 1230)
4(1202 1231 2304 2275)
4(1230 2303 2304 1231)
4(1203 1232 2305 2276)
4(1231 2304 2305 1232)
4(1204 1233 2306 2277)
4(1232 2305 2306 1233)
4(1205 1234 2307 2278)
4(1233 2306 2307 1234)
4(1206 1235 2308 2279)
4(1234 2307 2308 1235)
4(1207 1236 2309 2280)
4(1235 2308 2309 1236)
4(1208 1237 2310 2281)
4(1236 2309 2310 1237)
4(1209 1238 2311 2282)
4(1237 2310 2311 1238)
4(1210 1239 2312 2283)
4(1238 2311 2312 1239)
4(1211 1240 2313 2284)
4(1239 2312 2313 1240)
4(1212 1241 2314 2285)
4(1240 2313 2314 1241)
4(1213 1242 2315 2286)
4(1241 2314 2315 1242)
4(1214 1243 2316 2287)
4(1242 2315 2316 1243)
4(1215 1244 2317 2288)
4(1243 2316 2317 1244)
4(1216 1245 2318 2289)
4(1244 2317 2318 1245)
4(1245 2318 2319 1246)
4(1217 1246 2319 2290)
4(1219 1248 2321 2292)
4(1247 2320 2321 1248)
4(1220 1249 2322 2293)
4(1248 2321 2322 1249)
4(1221 1250 2323 2294)
4(1249 2322 2323 1250)
4(1222 1251 2324 2295)
4(1250 2323 2324 1251)
4(1223 1252 2325 2296)
4(1251 2324 2325 1252)
4(1224 1253 2326 2297)
4(1252 2325 2326 1253)
4(1225 1254 2327 2298)
4(1253 2326 2327 1254)
4(1226 1255 2328 2299)
4(1254 2327 2328 1255)
4(1227 1256 2329 2300)
4(1255 2328 2329 1256)
4(1228 1257 2330 2301)
4(1256 2329 2330 1257)
4(1229 1258 2331 2302)
4(1257 2330 2331 1258)
4(1230 1259 2332 2303)
4(1258 2331 2332 1259)
4(1231 1260 2333 2304)
4(1259 2332 2333 1260)
4(1232 1261 2334 2305)
4(1260 2333 2334 1261)
4(1233 1262 2335 2306)
4(1261 2334 2335 1262)
4(1234 1263 2336 2307)
4(1262 2335 2336 1263)
4(1235 1264 2337 2308)
4(1263 2336 2337 1264)
4(1236 1265 2338 2309)
4(1264 2337 2338 1265)
4(1237 1266 2339 2310)
4(1265 2338 2339 1266)
4(1238 1267 2340 2311)
4(1266 2339 2340 1267)
4(1239 1268 2341 2312)
4(1267 2340 2341 1268)
4(1240 1269 2342 2313)
4(1268 2341 2342 1269)
4(1241 1270 2343 2314)
4(1269 2342 2343 1270)
4(1242 1271 2344 2315)
4(1270 2343 2344 1271)
4(1243 1272 2345 2316)
4(1271 2344 2345 1272)
4(1244 1273 2346 2317)
4(1272 2345 2346 1273)
4(1245 1274 2347 2318)
4(1273 2346 2347 1274)
4(1274 2347 2348 1275)
4(1246 1275 2348 2319)
4(1248 1277 2350 2321)
4(1276 2349 2350 1277)
4(1249 1278 2351 2322)
4(1277 2350 2351 1278)
4(1250 1279 2352 2323)
4(1278 2351 2352 1279)
4(1251 1280 2353 2324)
4(1279 2352 2353 1280)
4(1252 1281 2354 2325)
4(1280 2353 2354 1281)
4(1253 1282 2355 2326)
4(1281 2354 2355 1282)
4(1254 1283 2356 2327)
4(1282 2355 2356 1283)
4(1255 1284 2357 2328)
4(1283 2356 2357 1284)
4(1256 1285 2358 2329)
4(1284 2357 2358 1285)
4(1257 1286 2359 2330)
4(1285 2358 2359 1286)
4(1258 1287 2360 2331)
4(1286 2359 2360 1287)
4(1259 1288 2361 2332)
4(1287 2360 2361 1288)
4(1260 1289 2362 2333)
4(1288 2361 2362 1289)
4(1261 1290 2363 2334)
4(1289 2362 2363 1290)
4(1262 1291 2364 2335)
4(1290 2363 2364 1291)
4(1263 1292 2365 2336)
4(1291 2364 2365 1292)
4(1264 1293 2366 2337)
4(1292 2365 2366 1293)
4(1265 1294 2367 2338)
4(1293 2366 2367 1294)
4(1266 1295 2368 2339)
4(1294 2367 2368 1295)
4(1267 1296 2369 2340)
4(1295 2368 2369 1296)
4(1268 1297 2370 2341)
4(1296 2369 2370 1297)
4(1269 1298 2371 2342)
4(1297 2370 2371 1298)
4(1270 1299 2372 2343)
4(1298 2371 2372 1299)
4(1271 1300 2373 2344)
4(1299 2372 2373 1300)
4(1272 1301 2374 2345)
4(1300 2373 2374 1301)
4(1273 1302 2375 2346)
4(1301 2374 2375 1302)
4(1274 1303 2376 2347)
4(1302 2375 2376 1303)
4(1303 2376 2377 1304)
4(1275 1304 2377 2348)
4(1277 1306 2379 2350)
4(1305 2378 2379 1306)
4(1278 1307 2380 2351)
4(1306 2379 2380 1307)
4(1279 1308 2381 2352)
4(1307 2380 2381 1308)
4(1280 1309 2382 2353)
4(1308 2381 2382 1309)
4(1281 1310 2383 2354)
4(1309 2382 2383 1310)
4(1282 1311 2384 2355)
4(1310 2383 2384 1311)
4(1283 1312 2385 2356)
4(1311 2384 2385 1312)
4(1284 1313 2386 2357)
4(1312 2385 2386 1313)
4(1285 1314 2387 2358)
4(1313 2386 2387 1314)
4(1286 1315 2388 2359)
4(1314 2387 2388 1315)
4(1287 1316 2389 2360)
4(1315 2388 2389 1316)
4(1288 1317 2390 2361)
4(1316 2389 2390 1317)
4(1289 1318 2391 2362)
4(1317 2390 2391 1318)
4(1290 1319 2392 2363)
4(1318 2391 2392 1319)
4(1291 1320 2393 2364)
4(1319 2392 2393 1320)
4(1292 1321 2394 2365)
4(1320 2393 2394 1321)
4(1293 1322 2395 2366)
4(1321 2394 2395 1322)
4(1294 1323 2396 2367)
4(1322 2395 2396 1323)
4(1295 1324 2397 2368)
4(1323 2396 2397 1324)
4(1296 1325 2398 2369)
4(1324 2397 2398 1325)
4(1297 1326 2399 2370)
4(1325 2398 2399 1326)
4(1298 1327 2400 2371)
4(1326 2399 2400 1327)
4(1299 1328 2401 2372)
4(1327 2400 2401 1328)
4(1300 1329 2402 2373)
4(1328 2401 2402 1329)
4(1301 1330 2403 2374)
4(1329 2402 2403 1330)
4(1302 1331 2404 2375)
4(1330 2403 2404 1331)
4(1303 1332 2405 2376)
4(1331 2404 2405 1332)
4(1332 2405 2406 1333)
4(1304 1333 2406 2377)
4(1306 1335 2408 2379)
4(1334 2407 2408 1335)
4(1307 1336 2409 2380)
4(1335 2408 2409 1336)
4(1308 1337 2410 2381)
4(1336 2409 2410 1337)
4(1309 1338 2411 2382)
4(1337 2410 2411 1338)
4(1310 1339 2412 2383)
4(1338 2411 2412 1339)
4(1311 1340 2413 2384)
4(1339 2412 2413 1340)
4(1312 1341 2414 2385)
4(1340 2413 2414 1341)
4(1313 1342 2415 2386)
4(1341 2414 2415 1342)
4(1314 1343 2416 2387)
4(1342 2415 2416 1343)
4(1315 1344 2417 2388)
4(1343 2416 2417 1344)
4(1316 1345 2418 2389)
4(1344 2417 2418 1345)
4(1317 1346 2419 2390)
4(1345 2418 2419 1346)
4(1318 1347 2420 2391)
4(1346 2419 2420 1347)
4(1319 1348 2421 2392)
4(1347 2420 2421 1348)
4(1320 1349 2422 2393)
4(1348 2421 2422 1349)
4(1321 1350 2423 2394)
4(1349 2422 2423 1350)
4(1322 1351 2424 2395)
4(1350 2423 2424 1351)
4(1323 1352 2425 2396)
4(1351 2424 2425 1352)
4(1324 1353 2426 2397)
4(1352 2425 2426 1353)
4(1325 1354 2427 2398)
4(1353 2426 2427 1354)
4(1326 1355 2428 2399)
4(1354 2427 2428 1355)
4(1327 1356 2429 2400)
4(1355 2428 2429 1356)
4(1328 1357 2430 2401)
4(1356 2429 2430 1357)
4(1329 1358 2431 2402)
4(1357 2430 2431 1358)
4(1330 1359 2432 2403)
4(1358 2431 2432 1359)
4(1331 1360 2433 2404)
4(1359 2432 2433 1360)
4(1332 1361 2434 2405)
4(1360 2433 2434 1361)
4(1361 2434 2435 1362)
4(1333 1362 2435 2406)
4(1335 1364 2437 2408)
4(1363 2436 2437 1364)
4(1336 1365 2438 2409)
4(1364 2437 2438 1365)
4(1337 1366 2439 2410)
4(1365 2438 2439 1366)
4(1338 1367 2440 2411)
4(1366 2439 2440 1367)
4(1339 1368 2441 2412)
4(1367 2440 2441 1368)
4(1340 1369 2442 2413)
4(1368 2441 2442 1369)
4(1341 1370 2443 2414)
4(1369 2442 2443 1370)
4(1342 1371 2444 2415)
4(1370 2443 2444 1371)
4(1343 1372 2445 2416)
4(1371 2444 2445 1372)
4(1344 1373 2446 2417)
4(1372 2445 2446 1373)
4(1345 1374 2447 2418)
4(1373 2446 2447 1374)
4(1346 1375 2448 2419)
4(1374 2447 2448 1375)
4(1347 1376 2449 2420)
4(1375 2448 2449 1376)
4(1348 1377 2450 2421)
4(1376 2449 2450 1377)
4(1349 1378 2451 2422)
4(1377 2450 2451 1378)
4(1350 1379 2452 2423)
4(1378 2451 2452 1379)
4(1351 1380 2453 2424)
4(1379 2452 2453 1380)
4(1352 1381 2454 2425)
4(1380 2453 2454 1381)
4(1353 1382 2455 2426)
4(1381 2454 2455 1382)
4(1354 1383 2456 2427)
4(1382 2455 2456 1383)
4(1355 1384 2457 2428)
4(1383 2456 2457 1384)
4(1356 1385 2458 2429)
4(1384 2457 2458 1385)
4(1357 1386 2459 2430)
4(1385 2458 2459 1386)
4(1358 1387 2460 2431)
4(1386 2459 2460 1387)
4(1359 1388 2461 2432)
4(1387 2460 2461 1388)
4(1360 1389 2462 2433)
4(1388 2461 2462 1389)
4(1361 1390 2463 2434)
4(1389 2462 2463 1390)
4(1390 2463 2464 1391)
4(1362 1391 2464 2435)
4(1364 1393 2466 2437)
4(1392 2465 2466 1393)
4(1365 1394 2467 2438)
4(1393 2466 2467 1394)
4(1366 1395 2468 2439)
4(1394 2467 2468 1395)
4(1367 1396 2469 2440)
4(1395 2468 2469 1396)
4(1368 1397 2470 2441)
4(1396 2469 2470 1397)
4(1369 1398 2471 2442)
4(1397 2470 2471 1398)
4(1370 1399 2472 2443)
4(1398 2471 2472 1399)
4(1371 1400 2473 2444)
4(1399 2472 2473 1400)
4(1372 1401 2474 2445)
4(1400 2473 2474 1401)
4(1373 1402 2475 2446)
4(1401 2474 2475 1402)
4(1374 1403 2476 2447)
4(1402 2475 2476 1403)
4(1375 1404 2477 2448)
4(1403 2476 2477 1404)
4(1376 1405 2478 2449)
4(1404 2477 2478 1405)
4(1377 1406 2479 2450)
4(1405 2478 2479 1406)
4(1378 1407 2480 2451)
4(1406 2479 2480 1407)
4(1379 1408 2481 2452)
4(1407 2480 2481 1408)
4(1380 1409 2482 2453)
4(1408 2481 2482 1409)
4(1381 1410 2483 2454)
4(1409 2482 2483 1410)
4(1382 1411 2484 2455)
4(1410 2483 2484 1411)
4(1383 1412 2485 2456)
4(1411 2484 2485 1412)
4(1384 1413 2486 2457)
4(1412 2485 2486 1413)
4(1385 1414 2487 2458)
4(1413 2486 2487 1414)
4(1386 1415 2488 2459)
4(1414 2487 2488 1415)
4(1387 1416 2489 2460)
4(1415 2488 2489 1416)
4(1388 1417 2490 2461)
4(1416 2489 2490 1417)
4(1389 1418 2491 2462)
4(1417 2490 2491 1418)
4(1390 1419 2492 2463)
4(1418 2491 2492 1419)
4(1419 2492 2493 1420)
4(1391 1420 2493 2464)
4(1393 1422 2495 2466)
4(1421 2494 2495 1422)
4(1394 1423 2496 2467)
4(1422 2495 2496 1423)
4(1395 1424 2497 2468)
4(1423 2496 2497 1424)
4(1396 1425 2498 2469)
4(1424 2497 2498 1425)
4(1397 1426 2499 2470)
4(1425 2498 2499 1426)
4(1398 1427 2500 2471)
4(1426 2499 2500 1427)
4(1399 1428 2501 2472)
4(1427 2500 2501 1428)
4(1400 1429 2502 2473)
4(1428 2501 2502 1429)
4(1401 1430 2503 2474)
4(1429 2502 2503 1430)
4(1402 1431 2504 2475)
4(1430 2503 2504 1431)
4(1403 1432 2505 2476)
4(1431 2504 2505 1432)
4(1404 1433 2506 2477)
4(1432 2505 2506 1433)
4(1405 1434 2507 2478)
4(1433 2506 2507 1434)
4(1406 1435 2508 2479)
4(1434 2507 2508 1435)
4(1407 1436 2509 2480)
4(1435 2508 2509 1436)
4(1408 1437 2510 2481)
4(1436 2509 2510 1437)
4(1409 1438 2511 2482)
4(1437 2510 2511 1438)
4(1410 1439 2512 2483)
4(1438 2511 2512 1439)
4(1411 1440 2513 2484)
4(1439 2512 2513 1440)
4(1412 1441 2514 2485)
4(1440 2513 2514 1441)
4(1413 1442 2515 2486)
4(1441 2514 2515 1442)
4(1414 1443 2516 2487)
4(1442 2515 2516 1443)
4(1415 1444 2517 2488)
4(1443 2516 2517 1444)
4(1416 1445 2518 2489)
4(1444 2517 2518 1445)
4(1417 1446 2519 2490)
4(1445 2518 2519 1446)
4(1418 1447 2520 2491)
4(1446 2519 2520 1447)
4(1419 1448 2521 2492)
4(1447 2520 2521 1448)
4(1448 2521 2522 1449)
4(1420 1449 2522 2493)
4(1422 1451 2524 2495)
4(1450 2523 2524 1451)
4(1423 1452 2525 2496)
4(1451 2524 2525 1452)
4(1424 1453 2526 2497)
4(1452 2525 2526 1453)
4(1425 1454 2527 2498)
4(1453 2526 2527 1454)
4(1426 1455 2528 2499)
4(1454 2527 2528 1455)
4(1427 1456 2529 2500)
4(1455 2528 2529 1456)
4(1428 1457 2530 2501)
4(1456 2529 2530 1457)
4(1429 1458 2531 2502)
4(1457 2530 2531 1458)
4(1430 1459 2532 2503)
4(1458 2531 2532 1459)
4(1431 1460 2533 2504)
4(1459 2532 2533 1460)
4(1432 1461 2534 2505)
4(1460 2533 2534 1461)
4(1433 1462 2535 2506)
4(1461 2534 2535 1462)
4(1434 1463 2536 2507)
4(1462 2535 2536 1463)
4(1435 1464 2537 2508)
4(1463 2536 2537 1464)
4(1436 1465 2538 2509)
4(1464 2537 2538 1465)
4(1437 1466 2539 2510)
4(1465 2538 2539 1466)
4(1438 1467 2540 2511)
4(1466 2539 2540 1467)
4(1439 1468 2541 2512)
4(1467 2540 2541 1468)
4(1440 1469 2542 2513)
4(1468 2541 2542 1469)
4(1441 1470 2543 2514)
4(1469 2542 2543 1470)
4(1442 1471 2544 2515)
4(1470 2543 2544 1471)
4(1443 1472 2545 2516)
4(1471 2544 2545 1472)
4(1444 1473 2546 2517)
4(1472 2545 2546 1473)
4(1445 1474 2547 2518)
4(1473 2546 2547 1474)
4(1446 1475 2548 2519)
4(1474 2547 2548 1475)
4(1447 1476 2549 2520)
4(1475 2548 2549 1476)
4(1448 1477 2550 2521)
4(1476 2549 2550 1477)
4(1477 2550 2551 1478)
4(1449 1478 2551 2522)
4(1451 1480 2553 2524)
4(1479 2552 2553 1480)
4(1452 1481 2554 2525)
4(1480 2553 2554 1481)
4(1453 1482 2555 2526)
4(1481 2554 2555 1482)
4(1454 1483 2556 2527)
4(1482 2555 2556 1483)
4(1455 1484 2557 2528)
4(1483 2556 2557 1484)
4(1456 1485 2558 2529)
4(1484 2557 2558 1485)
4(1457 1486 2559 2530)
4(1485 2558 2559 1486)
4(1458 1487 2560 2531)
4(1486 2559 2560 1487)
4(1459 1488 2561 2532)
4(1487 2560 2561 1488)
4(1460 1489 2562 2533)
4(1488 2561 2562 1489)
4(1461 1490 2563 2534)
4(1489 2562 2563 1490)
4(1462 1491 2564 2535)
4(1490 2563 2564 1491)
4(1463 1492 2565 2536)
4(1491 2564 2565 1492)
4(1464 1493 2566 2537)
4(1492 2565 2566 1493)
4(1465 1494 2567 2538)
4(1493 2566 2567 1494)
4(1466 1495 2568 2539)
4(1494 2567 2568 1495)
4(1467 1496 2569 2540)
4(1495 2568 2569 1496)
4(1468 1497 2570 2541)
4(1496 2569 2570 1497)
4(1469 1498 2571 2542)
4(1497 2570 2571 1498)
4(1470 1499 2572 2543)
4(1498 2571 2572 1499)
4(1471 1500 2573 2544)
4(1499 2572 2573 1500)
4(1472 1501 2574 2545)
4(1500 2573 2574 1501)
4(1473 1502 2575 2546)
4(1501 2574 2575 1502)
4(1474 1503 2576 2547)
4(1502 2575 2576 1503)
4(1475 1504 2577 2548)
4(1503 2576 2577 1504)
4(1476 1505 2578 2549)
4(1504 2577 2578 1505)
4(1477 1506 2579 2550)
4(1505 2578 2579 1506)
4(1506 2579 2580 1507)
4(1478 1507 2580 2551)
4(1480 1509 2582 2553)
4(1508 2581 2582 1509)
4(1481 1510 2583 2554)
4(1509 2582 2583 1510)
4(1482 1511 2584 2555)
4(1510 2583 2584 1511)
4(1483 1512 2585 2556)
4(1511 2584 2585 1512)
4(1484 1513 2586 2557)
4(1512 2585 2586 1513)
4(1485 1514 2587 2558)
4(1513 2586 2587 1514)
4(1486 1515 2588 2559)
4(1514 2587 2588 1515)
4(1487 1516 2589 2560)
4(1515 2588 2589 1516)
4(1488 1517 2590 2561)
4(1516 2589 2590 1517)
4(1489 1518 2591 2562)
4(1517 2590 2591 1518)
4(1490 1519 2592 2563)
4(1518 2591 2592 1519)
4(1491 1520 2593 2564)
4(1519 2592 2593 1520)
4(1492 1521 2594 2565)
4(1520 2593 2594 1521)
4(1493 1522 2595 2566)
4(1521 2594 2595 1522)
4(1494 1523 2596 2567)
4(1522 2595 2596 1523)
4(1495 1524 2597 2568)
4(1523 2596 2597 1524)
4(1496 1525 2598 2569)
4(1524 2597 2598 1525)
4(1497 1526 2599 2570)
4(1525 2598 2599 1526)
4(1498 1527 2600 2571)
4(1526 2599 2600 1527)
4(1499 1528 2601 2572)
4(1527 2600 2601 1528)
4(1500 1529 2602 2573)
4(1528 2601 2602 1529)
4(1501 1530 2603 2574)
4(1529 2602 2603 1530)
4(1502 1531 2604 2575)
4(1530 2603 2604 1531)
4(1503 1532 2605 2576)
4(1531 2604 2605 1532)
4(1504 1533 2606 2577)
4(1532 2605 2606 1533)
4(1505 1534 2607 2578)
4(1533 2606 2607 1534)
4(1506 1535 2608 2579)
4(1534 2607 2608 1535)
4(1535 2608 2609 1536)
4(1507 1536 2609 2580)
4(1509 1538 2611 2582)
4(1537 2610 2611 1538)
4(1510 1539 2612 2583)
4(1538 2611 2612 1539)
4(1511 1540 2613 2584)
4(1539 2612 2613 1540)
4(1512 1541 2614 2585)
4(1540 2613 2614 1541)
4(1513 1542 2615 2586)
4(1541 2614 2615 1542)
4(1514 1543 2616 2587)
4(1542 2615 2616 1543)
4(1515 1544 2617 2588)
4(1543 2616 2617 1544)
4(1516 1545 2618 2589)
4(1544 2617 2618 1545)
4(1517 1546 2619 2590)
4(1545 2618 2619 1546)
4(1518 1547 2620 2591)
4(1546 2619 2620 1547)
4(1519 1548 2621 2592)
4(1547 2620 2621 1548)
4(1520 1549 2622 2593)
4(1548 2621 2622 1549)
4(1521 1550 2623 2594)
4(1549 2622 2623 1550)
4(1522 1551 2624 2595)
4(1550 2623 2624 1551)
4(1523 1552 2625 2596)
4(1551 2624 2625 1552)
4(1524 1553 2626 2597)
4(1552 2625 2626 1553)
4(1525 1554 2627 2598)
4(1553 2626 2627 1554)
4(1526 1555 2628 2599)
4(1554 2627 2628 1555)
4(1527 1556 2629 2600)
4(1555 2628 2629 1556)
4(1528 1557 2630 2601)
4(1556 2629 2630 1557)
4(1529 1558 2631 2602)
4(1557 2630 2631 1558)
4(1530 1559 2632 2603)
4(1558 2631 2632 1559)
4(1531 1560 2633 2604)
4(1559 2632 2633 1560)
4(1532 1561 2634 2605)
4(1560 2633 2634 1561)
4(1533 1562 2635 2606)
4(1561 2634 2635 1562)
4(1534 1563 2636 2607)
4(1562 2635 2636 1563)
4(1535 1564 2637 2608)
4(1563 2636 2637 1564)
4(1564 2637 2638 1565)
4(1536 1565 2638 2609)
4(1538 1567 2640 2611)
4(1566 2639 2640 1567)
4(1539 1568 2641 2612)
4(1567 2640 2641 1568)
4(1540 1569 2642 2613)
4(1568 2641 2642 1569)
4(1541 1570 2643 2614)
4(1569 2642 2643 1570)
4(1542 1571 2644 2615)
4(1570 2643 2644 1571)
4(1543 1572 2645 2616)
4(1571 2644 2645 1572)
4(1544 1573 2646 2617)
4(1572 2645 2646 1573)
4(1545 1574 2647 2618)
4(1573 2646 2647 1574)
4(1546 1575 2648 2619)
4(1574 2647 2648 1575)
4(1547 1576 2649 2620)
4(1575 2648 2649 1576)
4(1548 1577 2650 2621)
4(1576 2649 2650 1577)
4(1549 1578 2651 2622)
4(1577 2650 2651 1578)
4(1550 1579 2652 2623)
4(1578 2651 2652 1579)
4(1551 1580 2653 2624)
4(1579 2652 2653 1580)
4(1552 1581 2654 2625)
4(1580 2653 2654 1581)
4(1553 1582 2655 2626)
4(1581 2654 2655 1582)
4(1554 1583 2656 2627)
4(1582 2655 2656 1583)
4(1555 1584 2657 2628)
4(1583 2656 2657 1584)
4(1556 1585 2658 2629)
4(1584 2657 2658 1585)
4(1557 1586 2659 2630)
4(1585 2658 2659 1586)
4(1558 1587 2660 2631)
4(1586 2659 2660 1587)
4(1559 1588 2661 2632)
4(1587 2660 2661 1588)
4(1560 1589 2662 2633)
4(1588 2661 2662 1589)
4(1561 1590 2663 2634)
4(1589 2662 2663 1590)
4(1562 1591 2664 2635)
4(1590 2663 2664 1591)
4(1563 1592 2665 2636)
4(1591 2664 2665 1592)
4(1564 1593 2666 2637)
4(1592 2665 2666 1593)
4(1593 2666 2667 1594)
4(1565 1594 2667 2638)
4(1567 1596 2669 2640)
4(1595 2668 2669 1596)
4(1568 1597 2670 2641)
4(1596 2669 2670 1597)
4(1569 1598 2671 2642)
4(1597 2670 2671 1598)
4(1570 1599 2672 2643)
4(1598 2671 2672 1599)
4(1571 1600 2673 2644)
4(1599 2672 2673 1600)
4(1572 1601 2674 2645)
4(1600 2673 2674 1601)
4(1573 1602 2675 2646)
4(1601 2674 2675 1602)
4(1574 1603 2676 2647)
4(1602 2675 2676 1603)
4(1575 1604 2677 2648)
4(1603 2676 2677 1604)
4(1576 1605 2678 2649)
4(1604 2677 2678 1605)
4(1577 1606 2679 2650)
4(1605 2678 2679 1606)
4(1578 1607 2680 2651)
4(1606 2679 2680 1607)
4(1579 1608 2681 2652)
4(1607 2680 2681 1608)
4(1580 1609 2682 2653)
4(1608 2681 2682 1609)
4(1581 1610 2683 2654)
4(1609 2682 2683 1610)
4(1582 1611 2684 2655)
4(1610 2683 2684 1611)
4(1583 1612 2685 2656)
4(1611 2684 2685 1612)
4(1584 1613 2686 2657)
4(1612 2685 2686 1613)
4(1585 1614 2687 2658)
4(1613 2686 2687 1614)
4(1586 1615 2688 2659)
4(1614 2687 2688 1615)
4(1587 1616 2689 2660)
4(1615 2688 2689 1616)
4(1588 1617 2690 2661)
4(1616 2689 2690 1617)
4(1589 1618 2691 2662)
4(1617 2690 2691 1618)
4(1590 1619 2692 2663)
4(1618 2691 2692 1619)
4(1591 1620 2693 2664)
4(1619 2692 2693 1620)
4(1592 1621 2694 2665)
4(1620 2693 2694 1621)
4(1593 1622 2695 2666)
4(1621 2694 2695 1622)
4(1622 2695 2696 1623)
4(1594 1623 2696 2667)
4(1596 1625 2698 2669)
4(1624 2697 2698 1625)
4(1597 1626 2699 2670)
4(1625 2698 2699 1626)
4(1598 1627 2700 2671)
4(1626 2699 2700 1627)
4(1599 1628 2701 2672)
4(1627 2700 2701 1628)
4(1600 1629 2702 2673)
4(1628 2701 2702 1629)
4(1601 1630 2703 2674)
4(1629 2702 2703 1630)
4(1602 1631 2704 2675)
4(1630 2703 2704 1631)
4(1603 1632 2705 2676)
4(1631 2704 2705 1632)
4(1604 1633 2706 2677)
4(1632 2705 2706 1633)
4(1605 1634 2707 2678)
4(1633 2706 2707 1634)
4(1606 1635 2708 2679)
4(1634 2707 2708 1635)
4(1607 1636 2709 2680)
4(1635 2708 2709 1636)
4(1608 1637 2710 2681)
4(1636 2709 2710 1637)
4(1609 1638 2711 2682)
4(1637 2710 2711 1638)
4(1610 1639 2712 2683)
4(1638 2711 2712 1639)
4(1611 1640 2713 2684)
4(1639 2712 2713 1640)
4(1612 1641 2714 2685)
4(1640 2713 2714 1641)
4(1613 1642 2715 2686)
4(1641 2714 2715 1642)
4(1614 1643 2716 2687)
4(1642 2715 2716 1643)
4(1615 1644 2717 2688)
4(1643 2716 2717 1644)
4(1616 1645 2718 2689)
4(1644 2717 2718 1645)
4(1617 1646 2719 2690)
4(1645 2718 2719 1646)
4(1618 1647 2720 2691)
4(1646 2719 2720 1647)
4(1619 1648 2721 2692)
4(1647 2720 2721 1648)
4(1620 1649 2722 2693)
4(1648 2721 2722 1649)
4(1621 1650 2723 2694)
4(1649 2722 2723 1650)
4(1622 1651 2724 2695)
4(1650 2723 2724 1651)
4(1651 2724 2725 1652)
4(1623 1652 2725 2696)
4(1625 1654 2727 2698)
4(1653 2726 2727 1654)
4(1626 1655 2728 2699)
4(1654 2727 2728 1655)
4(1627 1656 2729 2700)
4(1655 2728 2729 1656)
4(1628 1657 2730 2701)
4(1656 2729 2730 1657)
4(1629 1658 2731 2702)
4(1657 2730 2731 1658)
4(1630 1659 2732 2703)
4(1658 2731 2732 1659)
4(1631 1660 2733 2704)
4(1659 2732 2733 1660)
4(1632 1661 2734 2705)
4(1660 2733 2734 1661)
4(1633 1662 2735 2706)
4(1661 2734 2735 1662)
4(1634 1663 2736 2707)
4(1662 2735 2736 1663)
4(1635 1664 2737 2708)
4(1663 2736 2737 1664)
4(1636 1665 2738 2709)
4(1664 2737 2738 1665)
4(1637 1666 2739 2710)
4(1665 2738 2739 1666)
4(1638 1667 2740 2711)
4(1666 2739 2740 1667)
4(1639 1668 2741 2712)
4(1667 2740 2741 1668)
4(1640 1669 2742 2713)
4(1668 2741 2742 1669)
4(1641 1670 2743 2714)
4(1669 2742 2743 1670)
4(1642 1671 2744 2715)
4(1670 2743 2744 1671)
4(1643 1672 2745 2716)
4(1671 2744 2745 1672)
4(1644 1673 2746 2717)
4(1672 2745 2746 1673)
4(1645 1674 2747 2718)
4(1673 2746 2747 1674)
4(1646 1675 2748 2719)
4(1674 2747 2748 1675)
4(1647 1676 2749 2720)
4(1675 2748 2749 1676)
4(1648 1677 2750 2721)
4(1676 2749 2750 1677)
4(1649 1678 2751 2722)
4(1677 2750 2751 1678)
4(1650 1679 2752 2723)
4(1678 2751 2752 1679)
4(1651 1680 2753 2724)
4(1679 2752 2753 1680)
4(1680 2753 2754 1681)
4(1652 1681 2754 2725)
4(1654 1683 2756 2727)
4(1682 2755 2756 1683)
4(1655 1684 2757 2728)
4(1683 2756 2757 1684)
4(1656 1685 2758 2729)
4(1684 2757 2758 1685)
4(1657 1686 2759 2730)
4(1685 2758 2759 1686)
4(1658 1687 2760 2731)
4(1686 2759 2760 1687)
4(1659 1688 2761 2732)
4(1687 2760 2761 1688)
4(1660 1689 2762 2733)
4(1688 2761 2762 1689)
4(1661 1690 2763 2734)
4(1689 2762 2763 1690)
4(1662 1691 2764 2735)
4(1690 2763 2764 1691)
4(1663 1692 2765 2736)
4(1691 2764 2765 1692)
4(1664 1693 2766 2737)
4(1692 2765 2766 1693)
4(1665 1694 2767 2738)
4(1693 2766 2767 1694)
4(1666 1695 2768 2739)
4(1694 2767 2768 1695)
4(1667 1696 2769 2740)
4(1695 2768 2769 1696)
4(1668 1697 2770 2741)
4(1696 2769 2770 1697)
4(1669 1698 2771 2742)
4(1697 2770 2771 1698)
4(1670 1699 2772 2743)
4(1698 2771 2772 1699)
4(1671 1700 2773 2744)
4(1699 2772 2773 1700)
4(1672 1701 2774 2745)
4(1700 2773 2774 1701)
4(1673 1702 2775 2746)
4(1701 2774 2775 1702)
4(1674 1703 2776 2747)
4(1702 2775 2776 1703)
4(1675 1704 2777 2748)
4(1703 2776 2777 1704)
4(1676 1705 2778 2749)
4(1704 2777 2778 1705)
4(1677 1706 2779 2750)
4(1705 2778 2779 1706)
4(1678 1707 2780 2751)
4(1706 2779 2780 1707)
4(1679 1708 2781 2752)
4(1707 2780 2781 1708)
4(1680 1709 2782 2753)
4(1708 2781 2782 1709)
4(1709 2782 2783 1710)
4(1681 1710 2783 2754)
4(1683 1712 2785 2756)
4(1711 2784 2785 1712)
4(1684 1713 2786 2757)
4(1712 2785 2786 1713)
4(1685 1714 2787 2758)
4(1713 2786 2787 1714)
4(1686 1715 2788 2759)
4(1714 2787 2788 1715)
4(1687 1716 2789 2760)
4(1715 2788 2789 1716)
4(1688 1717 2790 2761)
4(1716 2789 2790 1717)
4(1689 1718 2791 2762)
4(1717 2790 2791 1718)
4(1690 1719 2792 2763)
4(1718 2791 2792 1719)
4(1691 1720 2793 2764)
4(1719 2792 2793 1720)
4(1692 1721 2794 2765)
4(1720 2793 2794 1721)
4(1693 1722 2795 2766)
4(1721 2794 2795 1722)
4(1694 1723 2796 2767)
4(1722 2795 2796 1723)
4(1695 1724 2797 2768)
4(1723 2796 2797 1724)
4(1696 1725 2798 2769)
4(1724 2797 2798 1725)
4(1697 1726 2799 2770)
4(1725 2798 2799 1726)
4(1698 1727 2800 2771)
4(1726 2799 2800 1727)
4(1699 1728 2801 2772)
4(1727 2800 2801 1728)
4(1700 1729 2802 2773)
4(1728 2801 2802 1729)
4(1701 1730 2803 2774)
4(1729 2802 2803 1730)
4(1702 1731 2804 2775)
4(1730 2803 2804 1731)
4(1703 1732 2805 2776)
4(1731 2804 2805 1732)
4(1704 1733 2806 2777)
4(1732 2805 2806 1733)
4(1705 1734 2807 2778)
4(1733 2806 2807 1734)
4(1706 1735 2808 2779)
4(1734 2807 2808 1735)
4(1707 1736 2809 2780)
4(1735 2808 2809 1736)
4(1708 1737 2810 2781)
4(1736 2809 2810 1737)
4(1709 1738 2811 2782)
4(1737 2810 2811 1738)
4(1738 2811 2812 1739)
4(1710 1739 2812 2783)
4(1712 1741 2814 2785)
4(1740 2813 2814 1741)
4(1713 1742 2815 2786)
4(1741 2814 2815 1742)
4(1714 1743 2816 2787)
4(1742 2815 2816 1743)
4(1715 1744 2817 2788)
4(1743 2816 2817 1744)
4(1716 1745 2818 2789)
4(1744 2817 2818 1745)
4(1717 1746 2819 2790)
4(1745 2818 2819 1746)
4(1718 1747 2820 2791)
4(1746 2819 2820 1747)
4(1719 1748 2821 2792)
4(1747 2820 2821 1748)
4(1720 1749 2822 2793)
4(1748 2821 2822 1749)
4(1721 1750 2823 2794)
4(1749 2822 2823 1750)
4(1722 1751 2824 2795)
4(1750 2823 2824 1751)
4(1723 1752 2825 2796)
4(1751 2824 2825 1752)
4(1724 1753 2826 2797)
4(1752 2825 2826 1753)
4(1725 1754 2827 2798)
4(1753 2826 2827 1754)
4(1726 1755 2828 2799)
4(1754 2827 2828 1755)
4(1727 1756 2829 2800)
4(1755 2828 2829 1756)
4(1728 1757 2830 2801)
4(1756 2829 2830 1757)
4(1729 1758 2831 2802)
4(1757 2830 2831 1758)
4(1730 1759 2832 2803)
4(1758 2831 2832 1759)
4(1731 1760 2833 2804)
4(1759 2832 2833 1760)
4(1732 1761 2834 2805)
4(1760 2833 2834 1761)
4(1733 1762 2835 2806)
4(1761 2834 2835 1762)
4(1734 1763 2836 2807)
4(1762 2835 2836 1763)
4(1735 1764 2837 2808)
4(1763 2836 2837 1764)
4(1736 1765 2838 2809)
4(1764 2837 2838 1765)
4(1737 1766 2839 2810)
4(1765 2838 2839 1766)
4(1738 1767 2840 2811)
4(1766 2839 2840 1767)
4(1767 2840 2841 1768)
4(1739 1768 2841 2812)
4(1741 1770 2843 2814)
4(1769 2842 2843 1770)
4(1742 1771 2844 2815)
4(1770 2843 2844 1771)
4(1743 1772 2845 2816)
4(1771 2844 2845 1772)
4(1744 1773 2846 2817)
4(1772 2845 2846 1773)
4(1745 1774 2847 2818)
4(1773 2846 2847 1774)
4(1746 1775 2848 2819)
4(1774 2847 2848 1775)
4(1747 1776 2849 2820)
4(1775 2848 2849 1776)
4(1748 1777 2850 2821)
4(1776 2849 2850 1777)
4(1749 1778 2851 2822)
4(1777 2850 2851 1778)
4(1750 1779 2852 2823)
4(1778 2851 2852 1779)
4(1751 1780 2853 2824)
4(1779 2852 2853 1780)
4(1752 1781 2854 2825)
4(1780 2853 2854 1781)
4(1753 1782 2855 2826)
4(1781 2854 2855 1782)
4(1754 1783 2856 2827)
4(1782 2855 2856 1783)
4(1755 1784 2857 2828)
4(1783 2856 2857 1784)
4(1756 1785 2858 2829)
4(1784 2857 2858 1785)
4(1757 1786 2859 2830)
4(1785 2858 2859 1786)
4(1758 1787 2860 2831)
4(1786 2859 2860 1787)
4(1759 1788 2861 2832)
4(1787 2860 2861 1788)
4(1760 1789 2862 2833)
4(1788 2861 2862 1789)
4(1761 1790 2863 2834)
4(1789 2862 2863 1790)
4(1762 1791 2864 2835)
4(1790 2863 2864 1791)
4(1763 1792 2865 2836)
4(1791 2864 2865 1792)
4(1764 1793 2866 2837)
4(1792 2865 2866 1793)
4(1765 1794 2867 2838)
4(1793 2866 2867 1794)
4(1766 1795 2868 2839)
4(1794 2867 2868 1795)
4(1767 1796 2869 2840)
4(1795 2868 2869 1796)
4(1796 2869 2870 1797)
4(1768 1797 2870 2841)
4(1770 1799 2872 2843)
4(1798 2871 2872 1799)
4(1771 1800 2873 2844)
4(1799 2872 2873 1800)
4(1772 1801 2874 2845)
4(1800 2873 2874 1801)
4(1773 1802 2875 2846)
4(1801 2874 2875 1802)
4(1774 1803 2876 2847)
4(1802 2875 2876 1803)
4(1775 1804 2877 2848)
4(1803 2876 2877 1804)
4(1776 1805 2878 2849)
4(1804 2877 2878 1805)
4(1777 1806 2879 2850)
4(1805 2878 2879 1806)
4(1778 1807 2880 2851)
4(1806 2879 2880 1807)
4(1779 1808 2881 2852)
4(1807 2880 2881 1808)
4(1780 1809 2882 2853)
4(1808 2881 2882 1809)
4(1781 1810 2883 2854)
4(1809 2882 2883 1810)
4(1782 1811 2884 2855)
4(1810 2883 2884 1811)
4(1783 1812 2885 2856)
4(1811 2884 2885 1812)
4(1784 1813 2886 2857)
4(1812 2885 2886 1813)
4(1785 1814 2887 2858)
4(1813 2886 2887 1814)
4(1786 1815 2888 2859)
4(1814 2887 2888 1815)
4(1787 1816 2889 2860)
4(1815 2888 2889 1816)
4(1788 1817 2890 2861)
4(1816 2889 2890 1817)
4(1789 1818 2891 2862)
4(1817 2890 2891 1818)
4(1790 1819 2892 2863)
4(1818 2891 2892 1819)
4(1791 1820 2893 2864)
4(1819 2892 2893 1820)
4(1792 1821 2894 2865)
4(1820 2893 2894 1821)
4(1793 1822 2895 2866)
4(1821 2894 2895 1822)
4(1794 1823 2896 2867)
4(1822 2895 2896 1823)
4(1795 1824 2897 2868)
4(1823 2896 2897 1824)
4(1796 1825 2898 2869)
4(1824 2897 2898 1825)
4(1825 2898 2899 1826)
4(1797 1826 2899 2870)
4(1799 1828 2901 2872)
4(1827 2900 2901 1828)
4(1800 1829 2902 2873)
4(1828 2901 2902 1829)
4(1801 1830 2903 2874)
4(1829 2902 2903 1830)
4(1802 1831 2904 2875)
4(1830 2903 2904 1831)
4(1803 1832 2905 2876)
4(1831 2904 2905 1832)
4(1804 1833 2906 2877)
4(1832 2905 2906 1833)
4(1805 1834 2907 2878)
4(1833 2906 2907 1834)
4(1806 1835 2908 2879)
4(1834 2907 2908 1835)
4(1807 1836 2909 2880)
4(1835 2908 2909 1836)
4(1808 1837 2910 2881)
4(1836 2909 2910 1837)
4(1809 1838 2911 2882)
4(1837 2910 2911 1838)
4(1810 1839 2912 2883)
4(1838 2911 2912 1839)
4(1811 1840 2913 2884)
4(1839 2912 2913 1840)
4(1812 1841 2914 2885)
4(1840 2913 2914 1841)
4(1813 1842 2915 2886)
4(1841 2914 2915 1842)
4(1814 1843 2916 2887)
4(1842 2915 2916 1843)
4(1815 1844 2917 2888)
4(1843 2916 2917 1844)
4(1816 1845 2918 2889)
4(1844 2917 2918 1845)
4(1817 1846 2919 2890)
4(1845 2918 2919 1846)
4(1818 1847 2920 2891)
4(1846 2919 2920 1847)
4(1819 1848 2921 2892)
4(1847 2920 2921 1848)
4(1820 1849 2922 2893)
4(1848 2921 2922 1849)
4(1821 1850 2923 2894)
4(1849 2922 2923 1850)
4(1822 1851 2924 2895)
4(1850 2923 2924 1851)
4(1823 1852 2925 2896)
4(1851 2924 2925 1852)
4(1824 1853 2926 2897)
4(1852 2925 2926 1853)
4(1825 1854 2927 2898)
4(1853 2926 2927 1854)
4(1854 2927 2928 1855)
4(1826 1855 2928 2899)
4(1828 1857 2930 2901)
4(1856 2929 2930 1857)
4(1829 1858 2931 2902)
4(1857 2930 2931 1858)
4(1830 1859 2932 2903)
4(1858 2931 2932 1859)
4(1831 1860 2933 2904)
4(1859 2932 2933 1860)
4(1832 1861 2934 2905)
4(1860 2933 2934 1861)
4(1833 1862 2935 2906)
4(1861 2934 2935 1862)
4(1834 1863 2936 2907)
4(1862 2935 2936 1863)
4(1835 1864 2937 2908)
4(1863 2936 2937 1864)
4(1836 1865 2938 2909)
4(1864 2937 2938 1865)
4(1837 1866 2939 2910)
4(1865 2938 2939 1866)
4(1838 1867 2940 2911)
4(1866 2939 2940 1867)
4(1839 1868 2941 2912)
4(1867 2940 2941 1868)
4(1840 1869 2942 2913)
4(1868 2941 2942 1869)
4(1841 1870 2943 2914)
4(1869 2942 2943 1870)
4(1842 1871 2944 2915)
4(1870 2943 2944 1871)
4(1843 1872 2945 2916)
4(1871 2944 2945 1872)
4(1844 1873 2946 2917)
4(1872 2945 2946 1873)
4(1845 1874 2947 2918)
4(1873 2946 2947 1874)
4(1846 1875 2948 2919)
4(1874 2947 2948 1875)
4(1847 1876 2949 2920)
4(1875 2948 2949 1876)
4(1848 1877 2950 2921)
4(1876 2949 2950 1877)
4(1849 1878 2951 2922)
4(1877 2950 2951 1878)
4(1850 1879 2952 2923)
4(1878 2951 2952 1879)
4(1851 1880 2953 2924)
4(1879 2952 2953 1880)
4(1852 1881 2954 2925)
4(1880 2953 2954 1881)
4(1853 1882 2955 2926)
4(1881 2954 2955 1882)
4(1854 1883 2956 2927)
4(1882 2955 2956 1883)
4(1883 2956 2957 1884)
4(1855 1884 2957 2928)
4(1857 1886 2959 2930)
4(1885 2958 2959 1886)
4(1858 1887 2960 2931)
4(1886 2959 2960 1887)
4(1859 1888 2961 2932)
4(1887 2960 2961 1888)
4(1860 1889 2962 2933)
4(1888 2961 2962 1889)
4(1861 1890 2963 2934)
4(1889 2962 2963 1890)
4(1862 1891 2964 2935)
4(1890 2963 2964 1891)
4(1863 1892 2965 2936)
4(1891 2964 2965 1892)
4(1864 1893 2966 2937)
4(1892 2965 2966 1893)
4(1865 1894 2967 2938)
4(1893 2966 2967 1894)
4(1866 1895 2968 2939)
4(1894 2967 2968 1895)
4(1867 1896 2969 2940)
4(1895 2968 2969 1896)
4(1868 1897 2970 2941)
4(1896 2969 2970 1897)
4(1869 1898 2971 2942)
4(1897 2970 2971 1898)
4(1870 1899 2972 2943)
4(1898 2971 2972 1899)
4(1871 1900 2973 2944)
4(1899 2972 2973 1900)
4(1872 1901 2974 2945)
4(1900 2973 2974 1901)
4(1873 1902 2975 2946)
4(1901 2974 2975 1902)
4(1874 1903 2976 2947)
4(1902 2975 2976 1903)
4(1875 1904 2977 2948)
4(1903 2976 2977 1904)
4(1876 1905 2978 2949)
4(1904 2977 2978 1905)
4(1877 1906 2979 2950)
4(1905 2978 2979 1906)
4(1878 1907 2980 2951)
4(1906 2979 2980 1907)
4(1879 1908 2981 2952)
4(1907 2980 2981 1908)
4(1880 1909 2982 2953)
4(1908 2981 2982 1909)
4(1881 1910 2983 2954)
4(1909 2982 2983 1910)
4(1882 1911 2984 2955)
4(1910 2983 2984 1911)
4(1883 1912 2985 2956)
4(1911 2984 2985 1912)
4(1912 2985 2986 1913)
4(1884 1913 2986 2957)
4(1886 1915 2988 2959)
4(1914 2987 2988 1915)
4(1887 1916 2989 2960)
4(1915 2988 2989 1916)
4(1888 1917 2990 2961)
4(1916 2989 2990 1917)
4(1889 1918 2991 2962)
4(1917 2990 2991 1918)
4(1890 1919 2992 2963)
4(1918 2991 2992 1919)
4(1891 1920 2993 2964)
4(1919 2992 2993 1920)
4(1892 1921 2994 2965)
4(1920 2993 2994 1921)
4(1893 1922 2995 2966)
4(1921 2994 2995 1922)
4(1894 1923 2996 2967)
4(1922 2995 2996 1923)
4(1895 1924 2997 2968)
4(1923 2996 2997 1924)
4(1896 1925 2998 2969)
4(1924 2997 2998 1925)
4(1897 1926 2999 2970)
4(1925 2998 2999 1926)
4(1898 1927 3000 2971)
4(1926 2999 3000 1927)
4(1899 1928 3001 2972)
4(1927 3000 3001 1928)
4(1900 1929 3002 2973)
4(1928 3001 3002 1929)
4(1901 1930 3003 2974)
4(1929 3002 3003 1930)
4(1902 1931 3004 2975)
4(1930 3003 3004 1931)
4(1903 1932 3005 2976)
4(1931 3004 3005 1932)
4(1904 1933 3006 2977)
4(1932 3005 3006 1933)
4(1905 1934 3007 2978)
4(1933 3006 3007 1934)
4(1906 1935 3008 2979)
4(1934 3007 3008 1935)
4(1907 1936 3009 2980)
4(1935 3008 3009 1936)
4(1908 1937 3010 2981)
4(1936 3009 3010 1937)
4(1909 1938 3011 2982)
4(1937 3010 3011 1938)
4(1910 1939 3012 2983)
4(1938 3011 3012 1939)
4(1911 1940 3013 2984)
4(1939 3012 3013 1940)
4(1912 1941 3014 2985)
4(1940 3013 3014 1941)
4(1941 3014 3015 1942)
4(1913 1942 3015 2986)
4(1915 1944 3017 2988)
4(1943 3016 3017 1944)
4(1916 1945 3018 2989)
4(1944 3017 3018 1945)
4(1917 1946 3019 2990)
4(1945 3018 3019 1946)
4(1918 1947 3020 2991)
4(1946 3019 3020 1947)
4(1919 1948 3021 2992)
4(1947 3020 3021 1948)
4(1920 1949 3022 2993)
4(1948 3021 3022 1949)
4(1921 1950 3023 2994)
4(1949 3022 3023 1950)
4(1922 1951 3024 2995)
4(1950 3023 3024 1951)
4(1923 1952 3025 2996)
4(1951 3024 3025 1952)
4(1924 1953 3026 2997)
4(1952 3025 3026 1953)
4(1925 1954 3027 2998)
4(1953 3026 3027 1954)
4(1926 1955 3028 2999)
4(1954 3027 3028 1955)
4(1927 1956 3029 3000)
4(1955 3028 3029 1956)
4(1928 1957 3030 3001)
4(1956 3029 3030 1957)
4(1929 1958 3031 3002)
4(1957 3030 3031 1958)
4(1930 1959 3032 3003)
4(1958 3031 3032 1959)
4(1931 1960 3033 3004)
4(1959 3032 3033 1960)
4(1932 1961 3034 3005)
4(1960 3033 3034 1961)
4(1933 1962 3035 3006)
4(1961 3034 3035 1962)
4(1934 1963 3036 3007)
4(1962 3035 3036 1963)
4(1935 1964 3037 3008)
4(1963 3036 3037 1964)
4(1936 1965 3038 3009)
4(1964 3037 3038 1965)
4(1937 1966 3039 3010)
4(1965 3038 3039 1966)
4(1938 1967 3040 3011)
4(1966 3039 3040 1967)
4(1939 1968 3041 3012)
4(1967 3040 3041 1968)
4(1940 1969 3042 3013)
4(1968 3041 3042 1969)
4(1941 1970 3043 3014)
4(1969 3042 3043 1970)
4(1970 3043 3044 1971)
4(1942 1971 3044 3015)
4(1944 1973 3046 3017)
4(1972 3045 3046 1973)
4(1945 1974 3047 3018)
4(1973 3046 3047 1974)
4(1946 1975 3048 3019)
4(1974 3047 3048 1975)
4(1947 1976 3049 3020)
4(1975 3048 3049 1976)
4(1948 1977 3050 3021)
4(1976 3049 3050 1977)
4(1949 1978 3051 3022)
4(1977 3050 3051 1978)
4(1950 1979 3052 3023)
4(1978 3051 3052 1979)
4(1951 1980 3053 3024)
4(1979 3052 3053 1980)
4(1952 1981 3054 3025)
4(1980 3053 3054 1981)
4(1953 1982 3055 3026)
4(1981 3054 3055 1982)
4(1954 1983 3056 3027)
4(1982 3055 3056 1983)
4(1955 1984 3057 3028)
4(1983 3056 3057 1984)
4(1956 1985 3058 3029)
4(1984 3057 3058 1985)
4(1957 1986 3059 3030)
4(1985 3058 3059 1986)
4(1958 1987 3060 3031)
4(1986 3059 3060 1987)
4(1959 1988 3061 3032)
4(1987 3060 3061 1988)
4(1960 1989 3062 3033)
4(1988 3061 3062 1989)
4(1961 1990 3063 3034)
4(1989 3062 3063 1990)
4(1962 1991 3064 3035)
4(1990 3063 3064 1991)
4(1963 1992 3065 3036)
4(1991 3064 3065 1992)
4(1964 1993 3066 3037)
4(1992 3065 3066 1993)
4(1965 1994 3067 3038)
4(1993 3066 3067 1994)
4(1966 1995 3068 3039)
4(1994 3067 3068 1995)
4(1967 1996 3069 3040)
4(1995 3068 3069 1996)
4(1968 1997 3070 3041)
4(1996 3069 3070 1997)
4(1969 1998 3071 3042)
4(1997 3070 3071 1998)
4(1970 1999 3072 3043)
4(1998 3071 3072 1999)
4(1999 3072 3073 2000)
4(1971 2000 3073 3044)
4(1973 2002 3075 3046)
4(2001 3074 3075 2002)
4(1974 2003 3076 3047)
4(2002 3075 3076 2003)
4(1975 2004 3077 3048)
4(2003 3076 3077 2004)
4(1976 2005 3078 3049)
4(2004 3077 3078 2005)
4(1977 2006 3079 3050)
4(2005 3078 3079 2006)
4(1978 2007 3080 3051)
4(2006 3079 3080 2007)
4(1979 2008 3081 3052)
4(2007 3080 3081 2008)
4(1980 2009 3082 3053)
4(2008 3081 3082 2009)
4(1981 2010 3083 3054)
4(2009 3082 3083 2010)
4(1982 2011 3084 3055)
4(2010 3083 3084 2011)
4(1983 2012 3085 3056)
4(2011 3084 3085 2012)
4(1984 2013 3086 3057)
4(2012 3085 3086 2013)
4(1985 2014 3087 3058)
4(2013 3086 3087 2014)
4(1986 2015 3088 3059)
4(2014 3087 3088 2015)
4(1987 2016 3089 3060)
4(2015 3088 3089 2016)
4(1988 2017 3090 3061)
4(2016 3089 3090 2017)
4(1989 2018 3091 3062)
4(2017 3090 3091 2018)
4(1990 2019 3092 3063)
4(2018 3091 3092 2019)
4(1991 2020 3093 3064)
4(2019 3092 3093 2020)
4(1992 2021 3094 3065)
4(2020 3093 3094 2021)
4(1993 2022 3095 3066)
4(2021 3094 3095 2022)
4(1994 2023 3096 3067)
4(2022 3095 3096 2023)
4(1995 2024 3097 3068)
4(2023 3096 3097 2024)
4(1996 2025 3098 3069)
4(2024 3097 3098 2025)
4(1997 2026 3099 3070)
4(2025 3098 3099 2026)
4(1998 2027 3100 3071)
4(2026 3099 3100 2027)
4(1999 2028 3101 3072)
4(2027 3100 3101 2028)
4(2028 3101 3102 2029)
4(2000 2029 3102 3073)
4(2002 2031 3104 3075)
4(2003 2032 3105 3076)
4(2004 2033 3106 3077)
4(2005 2034 3107 3078)
4(2006 2035 3108 3079)
4(2007 2036 3109 3080)
4(2008 2037 3110 3081)
4(2009 2038 3111 3082)
4(2010 2039 3112 3083)
4(2011 2040 3113 3084)
4(2012 2041 3114 3085)
4(2013 2042 3115 3086)
4(2014 2043 3116 3087)
4(2015 2044 3117 3088)
4(2016 2045 3118 3089)
4(2017 2046 3119 3090)
4(2018 2047 3120 3091)
4(2019 2048 3121 3092)
4(2020 2049 3122 3093)
4(2021 2050 3123 3094)
4(2022 2051 3124 3095)
4(2023 2052 3125 3096)
4(2024 2053 3126 3097)
4(2025 2054 3127 3098)
4(2026 2055 3128 3099)
4(2027 2056 3129 3100)
4(2028 2057 3130 3101)
4(2029 2058 3131 3102)
4(3132 3142 3312 3302)
4(57 550 3312 3142)
4(3133 3143 3313 3303)
4(3142 3312 3313 3143)
4(3134 3144 3314 3304)
4(3143 3313 3314 3144)
4(3135 3145 3315 3305)
4(3144 3314 3315 3145)
4(3136 3146 3316 3306)
4(3145 3315 3316 3146)
4(3137 3147 3317 3307)
4(3146 3316 3317 3147)
4(3138 3148 3318 3308)
4(3147 3317 3318 3148)
4(3139 3149 3319 3309)
4(3148 3318 3319 3149)
4(3140 3150 3320 3310)
4(3149 3319 3320 3150)
4(3150 3320 3321 3151)
4(3141 3151 3321 3311)
4(3142 3152 3322 3312)
4(86 579 3322 3152)
4(3143 3153 3323 3313)
4(3152 3322 3323 3153)
4(3144 3154 3324 3314)
4(3153 3323 3324 3154)
4(3145 3155 3325 3315)
4(3154 3324 3325 3155)
4(3146 3156 3326 3316)
4(3155 3325 3326 3156)
4(3147 3157 3327 3317)
4(3156 3326 3327 3157)
4(3148 3158 3328 3318)
4(3157 3327 3328 3158)
4(3149 3159 3329 3319)
4(3158 3328 3329 3159)
4(3150 3160 3330 3320)
4(3159 3329 3330 3160)
4(3160 3330 3331 3161)
4(3151 3161 3331 3321)
4(3152 3162 3332 3322)
4(115 608 3332 3162)
4(3153 3163 3333 3323)
4(3162 3332 3333 3163)
4(3154 3164 3334 3324)
4(3163 3333 3334 3164)
4(3155 3165 3335 3325)
4(3164 3334 3335 3165)
4(3156 3166 3336 3326)
4(3165 3335 3336 3166)
4(3157 3167 3337 3327)
4(3166 3336 3337 3167)
4(3158 3168 3338 3328)
4(3167 3337 3338 3168)
4(3159 3169 3339 3329)
4(3168 3338 3339 3169)
4(3160 3170 3340 3330)
4(3169 3339 3340 3170)
4(3170 3340 3341 3171)
4(3161 3171 3341 3331)
4(3162 3172 3342 3332)
4(144 637 3342 3172)
4(3163 3173 3343 3333)
4(3172 3342 3343 3173)
4(3164 3174 3344 3334)
4(3173 3343 3344 3174)
4(3165 3175 3345 3335)
4(3174 3344 3345 3175)
4(3166 3176 3346 3336)
4(3175 3345 3346 3176)
4(3167 3177 3347 3337)
4(3176 3346 3347 3177)
4(3168 3178 3348 3338)
4(3177 3347 3348 3178)
4(3169 3179 3349 3339)
4(3178 3348 3349 3179)
4(3170 3180 3350 3340)
4(3179 3349 3350 3180)
4(3180 3350 3351 3181)
4(3171 3181 3351 3341)
4(3172 3182 3352 3342)
4(173 666 3352 3182)
4(3173 3183 3353 3343)
4(3182 3352 3353 3183)
4(3174 3184 3354 3344)
4(3183 3353 3354 3184)
4(3175 3185 3355 3345)
4(3184 3354 3355 3185)
4(3176 3186 3356 3346)
4(3185 3355 3356 3186)
4(3177 3187 3357 3347)
4(3186 3356 3357 3187)
4(3178 3188 3358 3348)
4(3187 3357 3358 3188)
4(3179 3189 3359 3349)
4(3188 3358 3359 3189)
4(3180 3190 3360 3350)
4(3189 3359 3360 3190)
4(3190 3360 3361 3191)
4(3181 3191 3361 3351)
4(3182 3192 3362 3352)
4(202 695 3362 3192)
4(3183 3193 3363 3353)
4(3192 3362 3363 3193)
4(3184 3194 3364 3354)
4(3193 3363 3364 3194)
4(3185 3195 3365 3355)
4(3194 3364 3365 3195)
4(3186 3196 3366 3356)
4(3195 3365 3366 3196)
4(3187 3197 3367 3357)
4(3196 3366 3367 3197)
4(3188 3198 3368 3358)
4(3197 3367 3368 3198)
4(3189 3199 3369 3359)
4(3198 3368 3369 3199)
4(3190 3200 3370 3360)
4(3199 3369 3370 3200)
4(3200 3370 3371 3201)
4(3191 3201 3371 3361)
4(3192 3202 3372 3362)
4(231 724 3372 3202)
4(3193 3203 3373 3363)
4(3202 3372 3373 3203)
4(3194 3204 3374 3364)
4(3203 3373 3374 3204)
4(3195 3205 3375 3365)
4(3204 3374 3375 3205)
4(3196 3206 3376 3366)
4(3205 3375 3376 3206)
4(3197 3207 3377 3367)
4(3206 3376 3377 3207)
4(3198 3208 3378 3368)
4(3207 3377 3378 3208)
4(3199 3209 3379 3369)
4(3208 3378 3379 3209)
4(3200 3210 3380 3370)
4(3209 3379 3380 3210)
4(3210 3380 3381 3211)
4(3201 3211 3381 3371)
4(3202 3212 3382 3372)
4(260 753 3382 3212)
4(3203 3213 3383 3373)
4(3212 3382 3383 3213)
4(3204 3214 3384 3374)
4(3213 3383 3384 3214)
4(3205 3215 3385 3375)
4(3214 3384 3385 3215)
4(3206 3216 3386 3376)
4(3215 3385 3386 3216)
4(3207 3217 3387 3377)
4(3216 3386 3387 3217)
4(3208 3218 3388 3378)
4(3217 3387 3388 3218)
4(3209 3219 3389 3379)
4(3218 3388 3389 3219)
4(3210 3220 3390 3380)
4(3219 3389 3390 3220)
4(3220 3390 3391 3221)
4(3211 3221 3391 3381)
4(3212 3222 3392 3382)
4(289 782 3392 3222)
4(3213 3223 3393 3383)
4(3222 3392 3393 3223)
4(3214 3224 3394 3384)
4(3223 3393 3394 3224)
4(3215 3225 3395 3385)
4(3224 3394 3395 3225)
4(3216 3226 3396 3386)
4(3225 3395 3396 3226)
4(3217 3227 3397 3387)
4(3226 3396 3397 3227)
4(3218 3228 3398 3388)
4(3227 3397 3398 3228)
4(3219 3229 3399 3389)
4(3228 3398 3399 3229)
4(3220 3230 3400 3390)
4(3229 3399 3400 3230)
4(3230 3400 3401 3231)
4(3221 3231 3401 3391)
4(3222 3232 3402 3392)
4(318 811 3402 3232)
4(3223 3233 3403 3393)
4(3232 3402 3403 3233)
4(3224 3234 3404 3394)
4(3233 3403 3404 3234)
4(3225 3235 3405 3395)
4(3234 3404 3405 3235)
4(3226 3236 3406 3396)
4(3235 3405 3406 3236)
4(3227 3237 3407 3397)
4(3236 3406 3407 3237)
4(3228 3238 3408 3398)
4(3237 3407 3408 3238)
4(3229 3239 3409 3399)
4(3238 3408 3409 3239)
4(3230 3240 3410 3400)
4(3239 3409 3410 3240)
4(3240 3410 3411 3241)
4(3231 3241 3411 3401)
4(3232 3242 3412 3402)
4(347 840 3412 3242)
4(3233 3243 3413 3403)
4(3242 3412 3413 3243)
4(3234 3244 3414 3404)
4(3243 3413 3414 3244)
4(3235 3245 3415 3405)
4(3244 3414 3415 3245)
4(3236 3246 3416 3406)
4(3245 3415 3416 3246)
4(3237 3247 3417 3407)
4(3246 3416 3417 3247)
4(3238 3248 3418 3408)
4(3247 3417 3418 3248)
4(3239 3249 3419 3409)
4(3248 3418 3419 3249)
4(3240 3250 3420 3410)
4(3249 3419 3420 3250)
4(3250 3420 3421 3251)
4(3241 3251 3421 3411)
4(3242 3252 3422 3412)
4(376 869 3422 3252)
4(3243 3253 3423 3413)
4(3252 3422 3423 3253)
4(3244 3254 3424 3414)
4(3253 3423 3424 3254)
4(3245 3255 3425 3415)
4(3254 3424 3425 3255)
4(3246 3256 3426 3416)
4(3255 3425 3426 3256)
4(3247 3257 3427 3417)
4(3256 3426 3427 3257)
4(3248 3258 3428 3418)
4(3257 3427 3428 3258)
4(3249 3259 3429 3419)
4(3258 3428 3429 3259)
4(3250 3260 3430 3420)
4(3259 3429 3430 3260)
4(3260 3430 3431 3261)
4(3251 3261 3431 3421)
4(3252 3262 3432 3422)
4(405 898 3432 3262)
4(3253 3263 3433 3423)
4(3262 3432 3433 3263)
4(3254 3264 3434 3424)
4(3263 3433 3434 3264)
4(3255 3265 3435 3425)
4(3264 3434 3435 3265)
4(3256 3266 3436 3426)
4(3265 3435 3436 3266)
4(3257 3267 3437 3427)
4(3266 3436 3437 3267)
4(3258 3268 3438 3428)
4(3267 3437 3438 3268)
4(3259 3269 3439 3429)
4(3268 3438 3439 3269)
4(3260 3270 3440 3430)
4(3269 3439 3440 3270)
4(3270 3440 3441 3271)
4(3261 3271 3441 3431)
4(3262 3272 3442 3432)
4(434 927 3442 3272)
4(3263 3273 3443 3433)
4(3272 3442 3443 3273)
4(3264 3274 3444 3434)
4(3273 3443 3444 3274)
4(3265 3275 3445 3435)
4(3274 3444 3445 3275)
4(3266 3276 3446 3436)
4(3275 3445 3446 3276)
4(3267 3277 3447 3437)
4(3276 3446 3447 3277)
4(3268 3278 3448 3438)
4(3277 3447 3448 3278)
4(3269 3279 3449 3439)
4(3278 3448 3449 3279)
4(3270 3280 3450 3440)
4(3279 3449 3450 3280)
4(3280 3450 3451 3281)
4(3271 3281 3451 3441)
4(3272 3282 3452 3442)
4(463 956 3452 3282)
4(3273 3283 3453 3443)
4(3282 3452 3453 3283)
4(3274 3284 3454 3444)
4(3283 3453 3454 3284)
4(3275 3285 3455 3445)
4(3284 3454 3455 3285)
4(3276 3286 3456 3446)
4(3285 3455 3456 3286)
4(3277 3287 3457 3447)
4(3286 3456 3457 3287)
4(3278 3288 3458 3448)
4(3287 3457 3458 3288)
4(3279 3289 3459 3449)
4(3288 3458 3459 3289)
4(3280 3290 3460 3450)
4(3289 3459 3460 3290)
4(3290 3460 3461 3291)
4(3281 3291 3461 3451)
4(3282 3292 3462 3452)
4(3283 3293 3463 3453)
4(3284 3294 3464 3454)
4(3285 3295 3465 3455)
4(3286 3296 3466 3456)
4(3287 3297 3467 3457)
4(3288 3298 3468 3458)
4(3289 3299 3469 3459)
4(3290 3300 3470 3460)
4(3291 3301 3471 3461)
4(3472 3481 3850 3841)
4(1043 2116 3850 3481)
4(3473 3482 3851 3842)
4(3481 3850 3851 3482)
4(3474 3483 3852 3843)
4(3482 3851 3852 3483)
4(3475 3484 3853 3844)
4(3483 3852 3853 3484)
4(3476 3485 3854 3845)
4(3484 3853 3854 3485)
4(3477 3486 3855 3846)
4(3485 3854 3855 3486)
4(3478 3487 3856 3847)
4(3486 3855 3856 3487)
4(3479 3488 3857 3848)
4(3487 3856 3857 3488)
4(3480 3489 3858 3849)
4(3488 3857 3858 3489)
4(3489 3858 3859 3490)
4(3301 3490 3859 3471)
4(3481 3491 3860 3850)
4(1072 2145 3860 3491)
4(3482 3492 3861 3851)
4(3491 3860 3861 3492)
4(3483 3493 3862 3852)
4(3492 3861 3862 3493)
4(3484 3494 3863 3853)
4(3493 3862 3863 3494)
4(3485 3495 3864 3854)
4(3494 3863 3864 3495)
4(3486 3496 3865 3855)
4(3495 3864 3865 3496)
4(3487 3497 3866 3856)
4(3496 3865 3866 3497)
4(3488 3498 3867 3857)
4(3497 3866 3867 3498)
4(3489 3499 3868 3858)
4(3498 3867 3868 3499)
4(3499 3868 3869 3500)
4(3490 3500 3869 3859)
4(3491 3501 3870 3860)
4(1101 2174 3870 3501)
4(3492 3502 3871 3861)
4(3501 3870 3871 3502)
4(3493 3503 3872 3862)
4(3502 3871 3872 3503)
4(3494 3504 3873 3863)
4(3503 3872 3873 3504)
4(3495 3505 3874 3864)
4(3504 3873 3874 3505)
4(3496 3506 3875 3865)
4(3505 3874 3875 3506)
4(3497 3507 3876 3866)
4(3506 3875 3876 3507)
4(3498 3508 3877 3867)
4(3507 3876 3877 3508)
4(3499 3509 3878 3868)
4(3508 3877 3878 3509)
4(3509 3878 3879 3510)
4(3500 3510 3879 3869)
4(3501 3511 3880 3870)
4(1130 2203 3880 3511)
4(3502 3512 3881 3871)
4(3511 3880 3881 3512)
4(3503 3513 3882 3872)
4(3512 3881 3882 3513)
4(3504 3514 3883 3873)
4(3513 3882 3883 3514)
4(3505 3515 3884 3874)
4(3514 3883 3884 3515)
4(3506 3516 3885 3875)
4(3515 3884 3885 3516)
4(3507 3517 3886 3876)
4(3516 3885 3886 3517)
4(3508 3518 3887 3877)
4(3517 3886 3887 3518)
4(3509 3519 3888 3878)
4(3518 3887 3888 3519)
4(3519 3888 3889 3520)
4(3510 3520 3889 3879)
4(3511 3521 3890 3880)
4(1159 2232 3890 3521)
4(3512 3522 3891 3881)
4(3521 3890 3891 3522)
4(3513 3523 3892 3882)
4(3522 3891 3892 3523)
4(3514 3524 3893 3883)
4(3523 3892 3893 3524)
4(3515 3525 3894 3884)
4(3524 3893 3894 3525)
4(3516 3526 3895 3885)
4(3525 3894 3895 3526)
4(3517 3527 3896 3886)
4(3526 3895 3896 3527)
4(3518 3528 3897 3887)
4(3527 3896 3897 3528)
4(3519 3529 3898 3888)
4(3528 3897 3898 3529)
4(3529 3898 3899 3530)
4(3520 3530 3899 3889)
4(3521 3531 3900 3890)
4(1188 2261 3900 3531)
4(3522 3532 3901 3891)
4(3531 3900 3901 3532)
4(3523 3533 3902 3892)
4(3532 3901 3902 3533)
4(3524 3534 3903 3893)
4(3533 3902 3903 3534)
4(3525 3535 3904 3894)
4(3534 3903 3904 3535)
4(3526 3536 3905 3895)
4(3535 3904 3905 3536)
4(3527 3537 3906 3896)
4(3536 3905 3906 3537)
4(3528 3538 3907 3897)
4(3537 3906 3907 3538)
4(3529 3539 3908 3898)
4(3538 3907 3908 3539)
4(3539 3908 3909 3540)
4(3530 3540 3909 3899)
4(3531 3541 3910 3900)
4(1217 2290 3910 3541)
4(3532 3542 3911 3901)
4(3541 3910 3911 3542)
4(3533 3543 3912 3902)
4(3542 3911 3912 3543)
4(3534 3544 3913 3903)
4(3543 3912 3913 3544)
4(3535 3545 3914 3904)
4(3544 3913 3914 3545)
4(3536 3546 3915 3905)
4(3545 3914 3915 3546)
4(3537 3547 3916 3906)
4(3546 3915 3916 3547)
4(3538 3548 3917 3907)
4(3547 3916 3917 3548)
4(3539 3549 3918 3908)
4(3548 3917 3918 3549)
4(3549 3918 3919 3550)
4(3540 3550 3919 3909)
4(3541 3551 3920 3910)
4(1246 2319 3920 3551)
4(3542 3552 3921 3911)
4(3551 3920 3921 3552)
4(3543 3553 3922 3912)
4(3552 3921 3922 3553)
4(3544 3554 3923 3913)
4(3553 3922 3923 3554)
4(3545 3555 3924 3914)
4(3554 3923 3924 3555)
4(3546 3556 3925 3915)
4(3555 3924 3925 3556)
4(3547 3557 3926 3916)
4(3556 3925 3926 3557)
4(3548 3558 3927 3917)
4(3557 3926 3927 3558)
4(3549 3559 3928 3918)
4(3558 3927 3928 3559)
4(3559 3928 3929 3560)
4(3550 3560 3929 3919)
4(3551 3561 3930 3920)
4(1275 2348 3930 3561)
4(3552 3562 3931 3921)
4(3561 3930 3931 3562)
4(3553 3563 3932 3922)
4(3562 3931 3932 3563)
4(3554 3564 3933 3923)
4(3563 3932 3933 3564)
4(3555 3565 3934 3924)
4(3564 3933 3934 3565)
4(3556 3566 3935 3925)
4(3565 3934 3935 3566)
4(3557 3567 3936 3926)
4(3566 3935 3936 3567)
4(3558 3568 3937 3927)
4(3567 3936 3937 3568)
4(3559 3569 3938 3928)
4(3568 3937 3938 3569)
4(3569 3938 3939 3570)
4(3560 3570 3939 3929)
4(3561 3571 3940 3930)
4(1304 2377 3940 3571)
4(3562 3572 3941 3931)
4(3571 3940 3941 3572)
4(3563 3573 3942 3932)
4(3572 3941 3942 3573)
4(3564 3574 3943 3933)
4(3573 3942 3943 3574)
4(3565 3575 3944 3934)
4(3574 3943 3944 3575)
4(3566 3576 3945 3935)
4(3575 3944 3945 3576)
4(3567 3577 3946 3936)
4(3576 3945 3946 3577)
4(3568 3578 3947 3937)
4(3577 3946 3947 3578)
4(3569 3579 3948 3938)
4(3578 3947 3948 3579)
4(3579 3948 3949 3580)
4(3570 3580 3949 3939)
4(3571 3581 3950 3940)
4(1333 2406 3950 3581)
4(3572 3582 3951 3941)
4(3581 3950 3951 3582)
4(3573 3583 3952 3942)
4(3582 3951 3952 3583)
4(3574 3584 3953 3943)
4(3583 3952 3953 3584)
4(3575 3585 3954 3944)
4(3584 3953 3954 3585)
4(3576 3586 3955 3945)
4(3585 3954 3955 3586)
4(3577 3587 3956 3946)
4(3586 3955 3956 3587)
4(3578 3588 3957 3947)
4(3587 3956 3957 3588)
4(3579 3589 3958 3948)
4(3588 3957 3958 3589)
4(3589 3958 3959 3590)
4(3580 3590 3959 3949)
4(3581 3591 3960 3950)
4(1362 2435 3960 3591)
4(3582 3592 3961 3951)
4(3591 3960 3961 3592)
4(3583 3593 3962 3952)
4(3592 3961 3962 3593)
4(3584 3594 3963 3953)
4(3593 3962 3963 3594)
4(3585 3595 3964 3954)
4(3594 3963 3964 3595)
4(3586 3596 3965 3955)
4(3595 3964 3965 3596)
4(3587 3597 3966 3956)
4(3596 3965 3966 3597)
4(3588 3598 3967 3957)
4(3597 3966 3967 3598)
4(3589 3599 3968 3958)
4(3598 3967 3968 3599)
4(3599 3968 3969 3600)
4(3590 3600 3969 3959)
4(3591 3601 3970 3960)
4(1391 2464 3970 3601)
4(3592 3602 3971 3961)
4(3601 3970 3971 3602)
4(3593 3603 3972 3962)
4(3602 3971 3972 3603)
4(3594 3604 3973 3963)
4(3603 3972 3973 3604)
4(3595 3605 3974 3964)
4(3604 3973 3974 3605)
4(3596 3606 3975 3965)
4(3605 3974 3975 3606)
4(3597 3607 3976 3966)
4(3606 3975 3976 3607)
4(3598 3608 3977 3967)
4(3607 3976 3977 3608)
4(3599 3609 3978 3968)
4(3608 3977 3978 3609)
4(3609 3978 3979 3610)
4(3600 3610 3979 3969)
4(3601 3611 3980 3970)
4(1420 2493 3980 3611)
4(3602 3612 3981 3971)
4(3611 3980 3981 3612)
4(3603 3613 3982 3972)
4(3612 3981 3982 3613)
4(3604 3614 3983 3973)
4(3613 3982 3983 3614)
4(3605 3615 3984 3974)
4(3614 3983 3984 3615)
4(3606 3616 3985 3975)
4(3615 3984 3985 3616)
4(3607 3617 3986 3976)
4(3616 3985 3986 3617)
4(3608 3618 3987 3977)
4(3617 3986 3987 3618)
4(3609 3619 3988 3978)
4(3618 3987 3988 3619)
4(3619 3988 3989 3620)
4(3610 3620 3989 3979)
4(3611 3621 3990 3980)
4(1449 2522 3990 3621)
4(3612 3622 3991 3981)
4(3621 3990 3991 3622)
4(3613 3623 3992 3982)
4(3622 3991 3992 3623)
4(3614 3624 3993 3983)
4(3623 3992 3993 3624)
4(3615 3625 3994 3984)
4(3624 3993 3994 3625)
4(3616 3626 3995 3985)
4(3625 3994 3995 3626)
4(3617 3627 3996 3986)
4(3626 3995 3996 3627)
4(3618 3628 3997 3987)
4(3627 3996 3997 3628)
4(3619 3629 3998 3988)
4(3628 3997 3998 3629)
4(3629 3998 3999 3630)
4(3620 3630 3999 3989)
4(3621 3631 4000 3990)
4(1478 2551 4000 3631)
4(3622 3632 4001 3991)
4(3631 4000 4001 3632)
4(3623 3633 4002 3992)
4(3632 4001 4002 3633)
4(3624 3634 4003 3993)
4(3633 4002 4003 3634)
4(3625 3635 4004 3994)
4(3634 4003 4004 3635)
4(3626 3636 4005 3995)
4(3635 4004 4005 3636)
4(3627 3637 4006 3996)
4(3636 4005 4006 3637)
4(3628 3638 4007 3997)
4(3637 4006 4007 3638)
4(3629 3639 4008 3998)
4(3638 4007 4008 3639)
4(3639 4008 4009 3640)
4(3630 3640 4009 3999)
4(3631 3641 4010 4000)
4(1507 2580 4010 3641)
4(3632 3642 4011 4001)
4(3641 4010 4011 3642)
4(3633 3643 4012 4002)
4(3642 4011 4012 3643)
4(3634 3644 4013 4003)
4(3643 4012 4013 3644)
4(3635 3645 4014 4004)
4(3644 4013 4014 3645)
4(3636 3646 4015 4005)
4(3645 4014 4015 3646)
4(3637 3647 4016 4006)
4(3646 4015 4016 3647)
4(3638 3648 4017 4007)
4(3647 4016 4017 3648)
4(3639 3649 4018 4008)
4(3648 4017 4018 3649)
4(3649 4018 4019 3650)
4(3640 3650 4019 4009)
4(3641 3651 4020 4010)
4(1536 2609 4020 3651)
4(3642 3652 4021 4011)
4(3651 4020 4021 3652)
4(3643 3653 4022 4012)
4(3652 4021 4022 3653)
4(3644 3654 4023 4013)
4(3653 4022 4023 3654)
4(3645 3655 4024 4014)
4(3654 4023 4024 3655)
4(3646 3656 4025 4015)
4(3655 4024 4025 3656)
4(3647 3657 4026 4016)
4(3656 4025 4026 3657)
4(3648 3658 4027 4017)
4(3657 4026 4027 3658)
4(3649 3659 4028 4018)
4(3658 4027 4028 3659)
4(3659 4028 4029 3660)
4(3650 3660 4029 4019)
4(3651 3661 4030 4020)
4(1565 2638 4030 3661)
4(3652 3662 4031 4021)
4(3661 4030 4031 3662)
4(3653 3663 4032 4022)
4(3662 4031 4032 3663)
4(3654 3664 4033 4023)
4(3663 4032 4033 3664)
4(3655 3665 4034 4024)
4(3664 4033 4034 3665)
4(3656 3666 4035 4025)
4(3665 4034 4035 3666)
4(3657 3667 4036 4026)
4(3666 4035 4036 3667)
4(3658 3668 4037 4027)
4(3667 4036 4037 3668)
4(3659 3669 4038 4028)
4(3668 4037 4038 3669)
4(3669 4038 4039 3670)
4(3660 3670 4039 4029)
4(3661 3671 4040 4030)
4(1594 2667 4040 3671)
4(3662 3672 4041 4031)
4(3671 4040 4041 3672)
4(3663 3673 4042 4032)
4(3672 4041 4042 3673)
4(3664 3674 4043 4033)
4(3673 4042 4043 3674)
4(3665 3675 4044 4034)
4(3674 4043 4044 3675)
4(3666 3676 4045 4035)
4(3675 4044 4045 3676)
4(3667 3677 4046 4036)
4(3676 4045 4046 3677)
4(3668 3678 4047 4037)
4(3677 4046 4047 3678)
4(3669 3679 4048 4038)
4(3678 4047 4048 3679)
4(3679 4048 4049 3680)
4(3670 3680 4049 4039)
4(3671 3681 4050 4040)
4(1623 2696 4050 3681)
4(3672 3682 4051 4041)
4(3681 4050 4051 3682)
4(3673 3683 4052 4042)
4(3682 4051 4052 3683)
4(3674 3684 4053 4043)
4(3683 4052 4053 3684)
4(3675 3685 4054 4044)
4(3684 4053 4054 3685)
4(3676 3686 4055 4045)
4(3685 4054 4055 3686)
4(3677 3687 4056 4046)
4(3686 4055 4056 3687)
4(3678 3688 4057 4047)
4(3687 4056 4057 3688)
4(3679 3689 4058 4048)
4(3688 4057 4058 3689)
4(3689 4058 4059 3690)
4(3680 3690 4059 4049)
4(3681 3691 4060 4050)
4(1652 2725 4060 3691)
4(3682 3692 4061 4051)
4(3691 4060 4061 3692)
4(3683 3693 4062 4052)
4(3692 4061 4062 3693)
4(3684 3694 4063 4053)
4(3693 4062 4063 3694)
4(3685 3695 4064 4054)
4(3694 4063 4064 3695)
4(3686 3696 4065 4055)
4(3695 4064 4065 3696)
4(3687 3697 4066 4056)
4(3696 4065 4066 3697)
4(3688 3698 4067 4057)
4(3697 4066 4067 3698)
4(3689 3699 4068 4058)
4(3698 4067 4068 3699)
4(3699 4068 4069 3700)
4(3690 3700 4069 4059)
4(3691 3701 4070 4060)
4(1681 2754 4070 3701)
4(3692 3702 4071 4061)
4(3701 4070 4071 3702)
4(3693 3703 4072 4062)
4(3702 4071 4072 3703)
4(3694 3704 4073 4063)
4(3703 4072 4073 3704)
4(3695 3705 4074 4064)
4(3704 4073 4074 3705)
4(3696 3706 4075 4065)
4(3705 4074 4075 3706)
4(3697 3707 4076 4066)
4(3706 4075 4076 3707)
4(3698 3708 4077 4067)
4(3707 4076 4077 3708)
4(3699 3709 4078 4068)
4(3708 4077 4078 3709)
4(3709 4078 4079 3710)
4(3700 3710 4079 4069)
4(3701 3711 4080 4070)
4(1710 2783 4080 3711)
4(3702 3712 4081 4071)
4(3711 4080 4081 3712)
4(3703 3713 4082 4072)
4(3712 4081 4082 3713)
4(3704 3714 4083 4073)
4(3713 4082 4083 3714)
4(3705 3715 4084 4074)
4(3714 4083 4084 3715)
4(3706 3716 4085 4075)
4(3715 4084 4085 3716)
4(3707 3717 4086 4076)
4(3716 4085 4086 3717)
4(3708 3718 4087 4077)
4(3717 4086 4087 3718)
4(3709 3719 4088 4078)
4(3718 4087 4088 3719)
4(3719 4088 4089 3720)
4(3710 3720 4089 4079)
4(3711 3721 4090 4080)
4(1739 2812 4090 3721)
4(3712 3722 4091 4081)
4(3721 4090 4091 3722)
4(3713 3723 4092 4082)
4(3722 4091 4092 3723)
4(3714 3724 4093 4083)
4(3723 4092 4093 3724)
4(3715 3725 4094 4084)
4(3724 4093 4094 3725)
4(3716 3726 4095 4085)
4(3725 4094 4095 3726)
4(3717 3727 4096 4086)
4(3726 4095 4096 3727)
4(3718 3728 4097 4087)
4(3727 4096 4097 3728)
4(3719 3729 4098 4088)
4(3728 4097 4098 3729)
4(3729 4098 4099 3730)
4(3720 3730 4099 4089)
4(3721 3731 4100 4090)
4(1768 2841 4100 3731)
4(3722 3732 4101 4091)
4(3731 4100 4101 3732)
4(3723 3733 4102 4092)
4(3732 4101 4102 3733)
4(3724 3734 4103 4093)
4(3733 4102 4103 3734)
4(3725 3735 4104 4094)
4(3734 4103 4104 3735)
4(3726 3736 4105 4095)
4(3735 4104 4105 3736)
4(3727 3737 4106 4096)
4(3736 4105 4106 3737)
4(3728 3738 4107 4097)
4(3737 4106 4107 3738)
4(3729 3739 4108 4098)
4(3738 4107 4108 3739)
4(3739 4108 4109 3740)
4(3730 3740 4109 4099)
4(3731 3741 4110 4100)
4(1797 2870 4110 3741)
4(3732 3742 4111 4101)
4(3741 4110 4111 3742)
4(3733 3743 4112 4102)
4(3742 4111 4112 3743)
4(3734 3744 4113 4103)
4(3743 4112 4113 3744)
4(3735 3745 4114 4104)
4(3744 4113 4114 3745)
4(3736 3746 4115 4105)
4(3745 4114 4115 3746)
4(3737 3747 4116 4106)
4(3746 4115 4116 3747)
4(3738 3748 4117 4107)
4(3747 4116 4117 3748)
4(3739 3749 4118 4108)
4(3748 4117 4118 3749)
4(3749 4118 4119 3750)
4(3740 3750 4119 4109)
4(3741 3751 4120 4110)
4(1826 2899 4120 3751)
4(3742 3752 4121 4111)
4(3751 4120 4121 3752)
4(3743 3753 4122 4112)
4(3752 4121 4122 3753)
4(3744 3754 4123 4113)
4(3753 4122 4123 3754)
4(3745 3755 4124 4114)
4(3754 4123 4124 3755)
4(3746 3756 4125 4115)
4(3755 4124 4125 3756)
4(3747 3757 4126 4116)
4(3756 4125 4126 3757)
4(3748 3758 4127 4117)
4(3757 4126 4127 3758)
4(3749 3759 4128 4118)
4(3758 4127 4128 3759)
4(3759 4128 4129 3760)
4(3750 3760 4129 4119)
4(3751 3761 4130 4120)
4(1855 2928 4130 3761)
4(3752 3762 4131 4121)
4(3761 4130 4131 3762)
4(3753 3763 4132 4122)
4(3762 4131 4132 3763)
4(3754 3764 4133 4123)
4(3763 4132 4133 3764)
4(3755 3765 4134 4124)
4(3764 4133 4134 3765)
4(3756 3766 4135 4125)
4(3765 4134 4135 3766)
4(3757 3767 4136 4126)
4(3766 4135 4136 3767)
4(3758 3768 4137 4127)
4(3767 4136 4137 3768)
4(3759 3769 4138 4128)
4(3768 4137 4138 3769)
4(3769 4138 4139 3770)
4(3760 3770 4139 4129)
4(3761 3771 4140 4130)
4(1884 2957 4140 3771)
4(3762 3772 4141 4131)
4(3771 4140 4141 3772)
4(3763 3773 4142 4132)
4(3772 4141 4142 3773)
4(3764 3774 4143 4133)
4(3773 4142 4143 3774)
4(3765 3775 4144 4134)
4(3774 4143 4144 3775)
4(3766 3776 4145 4135)
4(3775 4144 4145 3776)
4(3767 3777 4146 4136)
4(3776 4145 4146 3777)
4(3768 3778 4147 4137)
4(3777 4146 4147 3778)
4(3769 3779 4148 4138)
4(3778 4147 4148 3779)
4(3779 4148 4149 3780)
4(3770 3780 4149 4139)
4(3771 3781 4150 4140)
4(1913 2986 4150 3781)
4(3772 3782 4151 4141)
4(3781 4150 4151 3782)
4(3773 3783 4152 4142)
4(3782 4151 4152 3783)
4(3774 3784 4153 4143)
4(3783 4152 4153 3784)
4(3775 3785 4154 4144)
4(3784 4153 4154 3785)
4(3776 3786 4155 4145)
4(3785 4154 4155 3786)
4(3777 3787 4156 4146)
4(3786 4155 4156 3787)
4(3778 3788 4157 4147)
4(3787 4156 4157 3788)
4(3779 3789 4158 4148)
4(3788 4157 4158 3789)
4(3789 4158 4159 3790)
4(3780 3790 4159 4149)
4(3781 3791 4160 4150)
4(1942 3015 4160 3791)
4(3782 3792 4161 4151)
4(3791 4160 4161 3792)
4(3783 3793 4162 4152)
4(3792 4161 4162 3793)
4(3784 3794 4163 4153)
4(3793 4162 4163 3794)
4(3785 3795 4164 4154)
4(3794 4163 4164 3795)
4(3786 3796 4165 4155)
4(3795 4164 4165 3796)
4(3787 3797 4166 4156)
4(3796 4165 4166 3797)
4(3788 3798 4167 4157)
4(3797 4166 4167 3798)
4(3789 3799 4168 4158)
4(3798 4167 4168 3799)
4(3799 4168 4169 3800)
4(3790 3800 4169 4159)
4(3791 3801 4170 4160)
4(1971 3044 4170 3801)
4(3792 3802 4171 4161)
4(3801 4170 4171 3802)
4(3793 3803 4172 4162)
4(3802 4171 4172 3803)
4(3794 3804 4173 4163)
4(3803 4172 4173 3804)
4(3795 3805 4174 4164)
4(3804 4173 4174 3805)
4(3796 3806 4175 4165)
4(3805 4174 4175 3806)
4(3797 3807 4176 4166)
4(3806 4175 4176 3807)
4(3798 3808 4177 4167)
4(3807 4176 4177 3808)
4(3799 3809 4178 4168)
4(3808 4177 4178 3809)
4(3809 4178 4179 3810)
4(3800 3810 4179 4169)
4(3801 3811 4180 4170)
4(2000 3073 4180 3811)
4(3802 3812 4181 4171)
4(3811 4180 4181 3812)
4(3803 3813 4182 4172)
4(3812 4181 4182 3813)
4(3804 3814 4183 4173)
4(3813 4182 4183 3814)
4(3805 3815 4184 4174)
4(3814 4183 4184 3815)
4(3806 3816 4185 4175)
4(3815 4184 4185 3816)
4(3807 3817 4186 4176)
4(3816 4185 4186 3817)
4(3808 3818 4187 4177)
4(3817 4186 4187 3818)
4(3809 3819 4188 4178)
4(3818 4187 4188 3819)
4(3819 4188 4189 3820)
4(3810 3820 4189 4179)
4(3811 3821 4190 4180)
4(2029 3102 4190 3821)
4(3812 3822 4191 4181)
4(3821 4190 4191 3822)
4(3813 3823 4192 4182)
4(3822 4191 4192 3823)
4(3814 3824 4193 4183)
4(3823 4192 4193 3824)
4(3815 3825 4194 4184)
4(3824 4193 4194 3825)
4(3816 3826 4195 4185)
4(3825 4194 4195 3826)
4(3817 3827 4196 4186)
4(3826 4195 4196 3827)
4(3818 3828 4197 4187)
4(3827 4196 4197 3828)
4(3819 3829 4198 4188)
4(3828 4197 4198 3829)
4(3829 4198 4199 3830)
4(3820 3830 4199 4189)
4(3821 3831 4200 4190)
4(3822 3832 4201 4191)
4(3823 3833 4202 4192)
4(3824 3834 4203 4193)
4(3825 3835 4204 4194)
4(3826 3836 4205 4195)
4(3827 3837 4206 4196)
4(3828 3838 4207 4197)
4(3829 3839 4208 4198)
4(3830 3840 4209 4199)
4(4210 4282 5506 5434)
4(3151 3321 5506 4282)
4(4211 4283 5507 5435)
4(4282 5506 5507 4283)
4(4212 4284 5508 5436)
4(4283 5507 5508 4284)
4(4213 4285 5509 5437)
4(4284 5508 5509 4285)
4(4214 4286 5510 5438)
4(4285 5509 5510 4286)
4(4215 4287 5511 5439)
4(4286 5510 5511 4287)
4(4216 4288 5512 5440)
4(4287 5511 5512 4288)
4(4217 4289 5513 5441)
4(4288 5512 5513 4289)
4(4218 4290 5514 5442)
4(4289 5513 5514 4290)
4(4219 4291 5515 5443)
4(4290 5514 5515 4291)
4(4220 4292 5516 5444)
4(4291 5515 5516 4292)
4(4221 4293 5517 5445)
4(4292 5516 5517 4293)
4(4222 4294 5518 5446)
4(4293 5517 5518 4294)
4(4223 4295 5519 5447)
4(4294 5518 5519 4295)
4(4224 4296 5520 5448)
4(4295 5519 5520 4296)
4(4225 4297 5521 5449)
4(4296 5520 5521 4297)
4(4226 4298 5522 5450)
4(4297 5521 5522 4298)
4(4227 4299 5523 5451)
4(4298 5522 5523 4299)
4(4228 4300 5524 5452)
4(4299 5523 5524 4300)
4(4229 4301 5525 5453)
4(4300 5524 5525 4301)
4(4230 4302 5526 5454)
4(4301 5525 5526 4302)
4(4231 4303 5527 5455)
4(4302 5526 5527 4303)
4(4232 4304 5528 5456)
4(4303 5527 5528 4304)
4(4233 4305 5529 5457)
4(4304 5528 5529 4305)
4(4234 4306 5530 5458)
4(4305 5529 5530 4306)
4(4235 4307 5531 5459)
4(4306 5530 5531 4307)
4(4236 4308 5532 5460)
4(4307 5531 5532 4308)
4(4237 4309 5533 5461)
4(4308 5532 5533 4309)
4(4238 4310 5534 5462)
4(4309 5533 5534 4310)
4(4239 4311 5535 5463)
4(4310 5534 5535 4311)
4(4240 4312 5536 5464)
4(4311 5535 5536 4312)
4(4241 4313 5537 5465)
4(4312 5536 5537 4313)
4(4242 4314 5538 5466)
4(4313 5537 5538 4314)
4(4243 4315 5539 5467)
4(4314 5538 5539 4315)
4(4244 4316 5540 5468)
4(4315 5539 5540 4316)
4(4245 4317 5541 5469)
4(4316 5540 5541 4317)
4(4246 4318 5542 5470)
4(4317 5541 5542 4318)
4(4247 4319 5543 5471)
4(4318 5542 5543 4319)
4(4248 4320 5544 5472)
4(4319 5543 5544 4320)
4(4249 4321 5545 5473)
4(4320 5544 5545 4321)
4(4250 4322 5546 5474)
4(4321 5545 5546 4322)
4(4251 4323 5547 5475)
4(4322 5546 5547 4323)
4(4252 4324 5548 5476)
4(4323 5547 5548 4324)
4(4253 4325 5549 5477)
4(4324 5548 5549 4325)
4(4254 4326 5550 5478)
4(4325 5549 5550 4326)
4(4255 4327 5551 5479)
4(4326 5550 5551 4327)
4(4256 4328 5552 5480)
4(4327 5551 5552 4328)
4(4257 4329 5553 5481)
4(4328 5552 5553 4329)
4(4258 4330 5554 5482)
4(4329 5553 5554 4330)
4(4259 4331 5555 5483)
4(4330 5554 5555 4331)
4(4260 4332 5556 5484)
4(4331 5555 5556 4332)
4(4261 4333 5557 5485)
4(4332 5556 5557 4333)
4(4262 4334 5558 5486)
4(4333 5557 5558 4334)
4(4263 4335 5559 5487)
4(4334 5558 5559 4335)
4(4264 4336 5560 5488)
4(4335 5559 5560 4336)
4(4265 4337 5561 5489)
4(4336 5560 5561 4337)
4(4266 4338 5562 5490)
4(4337 5561 5562 4338)
4(4267 4339 5563 5491)
4(4338 5562 5563 4339)
4(4268 4340 5564 5492)
4(4339 5563 5564 4340)
4(4269 4341 5565 5493)
4(4340 5564 5565 4341)
4(4270 4342 5566 5494)
4(4341 5565 5566 4342)
4(4271 4343 5567 5495)
4(4342 5566 5567 4343)
4(4272 4344 5568 5496)
4(4343 5567 5568 4344)
4(4273 4345 5569 5497)
4(4344 5568 5569 4345)
4(4274 4346 5570 5498)
4(4345 5569 5570 4346)
4(4275 4347 5571 5499)
4(4346 5570 5571 4347)
4(4276 4348 5572 5500)
4(4347 5571 5572 4348)
4(4277 4349 5573 5501)
4(4348 5572 5573 4349)
4(4278 4350 5574 5502)
4(4349 5573 5574 4350)
4(4279 4351 5575 5503)
4(4350 5574 5575 4351)
4(4280 4352 5576 5504)
4(4351 5575 5576 4352)
4(4352 5576 5577 4353)
4(4282 4354 5578 5506)
4(3161 3331 5578 4354)
4(4283 4355 5579 5507)
4(4354 5578 5579 4355)
4(4284 4356 5580 5508)
4(4355 5579 5580 4356)
4(4285 4357 5581 5509)
4(4356 5580 5581 4357)
4(4286 4358 5582 5510)
4(4357 5581 5582 4358)
4(4287 4359 5583 5511)
4(4358 5582 5583 4359)
4(4288 4360 5584 5512)
4(4359 5583 5584 4360)
4(4289 4361 5585 5513)
4(4360 5584 5585 4361)
4(4290 4362 5586 5514)
4(4361 5585 5586 4362)
4(4291 4363 5587 5515)
4(4362 5586 5587 4363)
4(4292 4364 5588 5516)
4(4363 5587 5588 4364)
4(4293 4365 5589 5517)
4(4364 5588 5589 4365)
4(4294 4366 5590 5518)
4(4365 5589 5590 4366)
4(4295 4367 5591 5519)
4(4366 5590 5591 4367)
4(4296 4368 5592 5520)
4(4367 5591 5592 4368)
4(4297 4369 5593 5521)
4(4368 5592 5593 4369)
4(4298 4370 5594 5522)
4(4369 5593 5594 4370)
4(4299 4371 5595 5523)
4(4370 5594 5595 4371)
4(4300 4372 5596 5524)
4(4371 5595 5596 4372)
4(4301 4373 5597 5525)
4(4372 5596 5597 4373)
4(4302 4374 5598 5526)
4(4373 5597 5598 4374)
4(4303 4375 5599 5527)
4(4374 5598 5599 4375)
4(4304 4376 5600 5528)
4(4375 5599 5600 4376)
4(4305 4377 5601 5529)
4(4376 5600 5601 4377)
4(4306 4378 5602 5530)
4(4377 5601 5602 4378)
4(4307 4379 5603 5531)
4(4378 5602 5603 4379)
4(4308 4380 5604 5532)
4(4379 5603 5604 4380)
4(4309 4381 5605 5533)
4(4380 5604 5605 4381)
4(4310 4382 5606 5534)
4(4381 5605 5606 4382)
4(4311 4383 5607 5535)
4(4382 5606 5607 4383)
4(4312 4384 5608 5536)
4(4383 5607 5608 4384)
4(4313 4385 5609 5537)
4(4384 5608 5609 4385)
4(4314 4386 5610 5538)
4(4385 5609 5610 4386)
4(4315 4387 5611 5539)
4(4386 5610 5611 4387)
4(4316 4388 5612 5540)
4(4387 5611 5612 4388)
4(4317 4389 5613 5541)
4(4388 5612 5613 4389)
4(4318 4390 5614 5542)
4(4389 5613 5614 4390)
4(4319 4391 5615 5543)
4(4390 5614 5615 4391)
4(4320 4392 5616 5544)
4(4391 5615 5616 4392)
4(4321 4393 5617 5545)
4(4392 5616 5617 4393)
4(4322 4394 5618 5546)
4(4393 5617 5618 4394)
4(4323 4395 5619 5547)
4(4394 5618 5619 4395)
4(4324 4396 5620 5548)
4(4395 5619 5620 4396)
4(4325 4397 5621 5549)
4(4396 5620 5621 4397)
4(4326 4398 5622 5550)
4(4397 5621 5622 4398)
4(4327 4399 5623 5551)
4(4398 5622 5623 4399)
4(4328 4400 5624 5552)
4(4399 5623 5624 4400)
4(4329 4401 5625 5553)
4(4400 5624 5625 4401)
4(4330 4402 5626 5554)
4(4401 5625 5626 4402)
4(4331 4403 5627 5555)
4(4402 5626 5627 4403)
4(4332 4404 5628 5556)
4(4403 5627 5628 4404)
4(4333 4405 5629 5557)
4(4404 5628 5629 4405)
4(4334 4406 5630 5558)
4(4405 5629 5630 4406)
4(4335 4407 5631 5559)
4(4406 5630 5631 4407)
4(4336 4408 5632 5560)
4(4407 5631 5632 4408)
4(4337 4409 5633 5561)
4(4408 5632 5633 4409)
4(4338 4410 5634 5562)
4(4409 5633 5634 4410)
4(4339 4411 5635 5563)
4(4410 5634 5635 4411)
4(4340 4412 5636 5564)
4(4411 5635 5636 4412)
4(4341 4413 5637 5565)
4(4412 5636 5637 4413)
4(4342 4414 5638 5566)
4(4413 5637 5638 4414)
4(4343 4415 5639 5567)
4(4414 5638 5639 4415)
4(4344 4416 5640 5568)
4(4415 5639 5640 4416)
4(4345 4417 5641 5569)
4(4416 5640 5641 4417)
4(4346 4418 5642 5570)
4(4417 5641 5642 4418)
4(4347 4419 5643 5571)
4(4418 5642 5643 4419)
4(4348 4420 5644 5572)
4(4419 5643 5644 4420)
4(4349 4421 5645 5573)
4(4420 5644 5645 4421)
4(4350 4422 5646 5574)
4(4421 5645 5646 4422)
4(4351 4423 5647 5575)
4(4422 5646 5647 4423)
4(4352 4424 5648 5576)
4(4423 5647 5648 4424)
4(4424 5648 5649 4425)
4(4354 4426 5650 5578)
4(3171 3341 5650 4426)
4(4355 4427 5651 5579)
4(4426 5650 5651 4427)
4(4356 4428 5652 5580)
4(4427 5651 5652 4428)
4(4357 4429 5653 5581)
4(4428 5652 5653 4429)
4(4358 4430 5654 5582)
4(4429 5653 5654 4430)
4(4359 4431 5655 5583)
4(4430 5654 5655 4431)
4(4360 4432 5656 5584)
4(4431 5655 5656 4432)
4(4361 4433 5657 5585)
4(4432 5656 5657 4433)
4(4362 4434 5658 5586)
4(4433 5657 5658 4434)
4(4363 4435 5659 5587)
4(4434 5658 5659 4435)
4(4364 4436 5660 5588)
4(4435 5659 5660 4436)
4(4365 4437 5661 5589)
4(4436 5660 5661 4437)
4(4366 4438 5662 5590)
4(4437 5661 5662 4438)
4(4367 4439 5663 5591)
4(4438 5662 5663 4439)
4(4368 4440 5664 5592)
4(4439 5663 5664 4440)
4(4369 4441 5665 5593)
4(4440 5664 5665 4441)
4(4370 4442 5666 5594)
4(4441 5665 5666 4442)
4(4371 4443 5667 5595)
4(4442 5666 5667 4443)
4(4372 4444 5668 5596)
4(4443 5667 5668 4444)
4(4373 4445 5669 5597)
4(4444 5668 5669 4445)
4(4374 4446 5670 5598)
4(4445 5669 5670 4446)
4(4375 4447 5671 5599)
4(4446 5670 5671 4447)
4(4376 4448 5672 5600)
4(4447 5671 5672 4448)
4(4377 4449 5673 5601)
4(4448 5672 5673 4449)
4(4378 4450 5674 5602)
4(4449 5673 5674 4450)
4(4379 4451 5675 5603)
4(4450 5674 5675 4451)
4(4380 4452 5676 5604)
4(4451 5675 5676 4452)
4(4381 4453 5677 5605)
4(4452 5676 5677 4453)
4(4382 4454 5678 5606)
4(4453 5677 5678 4454)
4(4383 4455 5679 5607)
4(4454 5678 5679 4455)
4(4384 4456 5680 5608)
4(4455 5679 5680 4456)
4(4385 4457 5681 5609)
4(4456 5680 5681 4457)
4(4386 4458 5682 5610)
4(4457 5681 5682 4458)
4(4387 4459 5683 5611)
4(4458 5682 5683 4459)
4(4388 4460 5684 5612)
4(4459 5683 5684 4460)
4(4389 4461 5685 5613)
4(4460 5684 5685 4461)
4(4390 4462 5686 5614)
4(4461 5685 5686 4462)
4(4391 4463 5687 5615)
4(4462 5686 5687 4463)
4(4392 4464 5688 5616)
4(4463 5687 5688 4464)
4(4393 4465 5689 5617)
4(4464 5688 5689 4465)
4(4394 4466 5690 5618)
4(4465 5689 5690 4466)
4(4395 4467 5691 5619)
4(4466 5690 5691 4467)
4(4396 4468 5692 5620)
4(4467 5691 5692 4468)
4(4397 4469 5693 5621)
4(4468 5692 5693 4469)
4(4398 4470 5694 5622)
4(4469 5693 5694 4470)
4(4399 4471 5695 5623)
4(4470 5694 5695 4471)
4(4400 4472 5696 5624)
4(4471 5695 5696 4472)
4(4401 4473 5697 5625)
4(4472 5696 5697 4473)
4(4402 4474 5698 5626)
4(4473 5697 5698 4474)
4(4403 4475 5699 5627)
4(4474 5698 5699 4475)
4(4404 4476 5700 5628)
4(4475 5699 5700 4476)
4(4405 4477 5701 5629)
4(4476 5700 5701 4477)
4(4406 4478 5702 5630)
4(4477 5701 5702 4478)
4(4407 4479 5703 5631)
4(4478 5702 5703 4479)
4(4408 4480 5704 5632)
4(4479 5703 5704 4480)
4(4409 4481 5705 5633)
4(4480 5704 5705 4481)
4(4410 4482 5706 5634)
4(4481 5705 5706 4482)
4(4411 4483 5707 5635)
4(4482 5706 5707 4483)
4(4412 4484 5708 5636)
4(4483 5707 5708 4484)
4(4413 4485 5709 5637)
4(4484 5708 5709 4485)
4(4414 4486 5710 5638)
4(4485 5709 5710 4486)
4(4415 4487 5711 5639)
4(4486 5710 5711 4487)
4(4416 4488 5712 5640)
4(4487 5711 5712 4488)
4(4417 4489 5713 5641)
4(4488 5712 5713 4489)
4(4418 4490 5714 5642)
4(4489 5713 5714 4490)
4(4419 4491 5715 5643)
4(4490 5714 5715 4491)
4(4420 4492 5716 5644)
4(4491 5715 5716 4492)
4(4421 4493 5717 5645)
4(4492 5716 5717 4493)
4(4422 4494 5718 5646)
4(4493 5717 5718 4494)
4(4423 4495 5719 5647)
4(4494 5718 5719 4495)
4(4424 4496 5720 5648)
4(4495 5719 5720 4496)
4(4496 5720 5721 4497)
4(4426 4498 5722 5650)
4(3181 3351 5722 4498)
4(4427 4499 5723 5651)
4(4498 5722 5723 4499)
4(4428 4500 5724 5652)
4(4499 5723 5724 4500)
4(4429 4501 5725 5653)
4(4500 5724 5725 4501)
4(4430 4502 5726 5654)
4(4501 5725 5726 4502)
4(4431 4503 5727 5655)
4(4502 5726 5727 4503)
4(4432 4504 5728 5656)
4(4503 5727 5728 4504)
4(4433 4505 5729 5657)
4(4504 5728 5729 4505)
4(4434 4506 5730 5658)
4(4505 5729 5730 4506)
4(4435 4507 5731 5659)
4(4506 5730 5731 4507)
4(4436 4508 5732 5660)
4(4507 5731 5732 4508)
4(4437 4509 5733 5661)
4(4508 5732 5733 4509)
4(4438 4510 5734 5662)
4(4509 5733 5734 4510)
4(4439 4511 5735 5663)
4(4510 5734 5735 4511)
4(4440 4512 5736 5664)
4(4511 5735 5736 4512)
4(4441 4513 5737 5665)
4(4512 5736 5737 4513)
4(4442 4514 5738 5666)
4(4513 5737 5738 4514)
4(4443 4515 5739 5667)
4(4514 5738 5739 4515)
4(4444 4516 5740 5668)
4(4515 5739 5740 4516)
4(4445 4517 5741 5669)
4(4516 5740 5741 4517)
4(4446 4518 5742 5670)
4(4517 5741 5742 4518)
4(4447 4519 5743 5671)
4(4518 5742 5743 4519)
4(4448 4520 5744 5672)
4(4519 5743 5744 4520)
4(4449 4521 5745 5673)
4(4520 5744 5745 4521)
4(4450 4522 5746 5674)
4(4521 5745 5746 4522)
4(4451 4523 5747 5675)
4(4522 5746 5747 4523)
4(4452 4524 5748 5676)
4(4523 5747 5748 4524)
4(4453 4525 5749 5677)
4(4524 5748 5749 4525)
4(4454 4526 5750 5678)
4(4525 5749 5750 4526)
4(4455 4527 5751 5679)
4(4526 5750 5751 4527)
4(4456 4528 5752 5680)
4(4527 5751 5752 4528)
4(4457 4529 5753 5681)
4(4528 5752 5753 4529)
4(4458 4530 5754 5682)
4(4529 5753 5754 4530)
4(4459 4531 5755 5683)
4(4530 5754 5755 4531)
4(4460 4532 5756 5684)
4(4531 5755 5756 4532)
4(4461 4533 5757 5685)
4(4532 5756 5757 4533)
4(4462 4534 5758 5686)
4(4533 5757 5758 4534)
4(4463 4535 5759 5687)
4(4534 5758 5759 4535)
4(4464 4536 5760 5688)
4(4535 5759 5760 4536)
4(4465 4537 5761 5689)
4(4536 5760 5761 4537)
4(4466 4538 5762 5690)
4(4537 5761 5762 4538)
4(4467 4539 5763 5691)
4(4538 5762 5763 4539)
4(4468 4540 5764 5692)
4(4539 5763 5764 4540)
4(4469 4541 5765 5693)
4(4540 5764 5765 4541)
4(4470 4542 5766 5694)
4(4541 5765 5766 4542)
4(4471 4543 5767 5695)
4(4542 5766 5767 4543)
4(4472 4544 5768 5696)
4(4543 5767 5768 4544)
4(4473 4545 5769 5697)
4(4544 5768 5769 4545)
4(4474 4546 5770 5698)
4(4545 5769 5770 4546)
4(4475 4547 5771 5699)
4(4546 5770 5771 4547)
4(4476 4548 5772 5700)
4(4547 5771 5772 4548)
4(4477 4549 5773 5701)
4(4548 5772 5773 4549)
4(4478 4550 5774 5702)
4(4549 5773 5774 4550)
4(4479 4551 5775 5703)
4(4550 5774 5775 4551)
4(4480 4552 5776 5704)
4(4551 5775 5776 4552)
4(4481 4553 5777 5705)
4(4552 5776 5777 4553)
4(4482 4554 5778 5706)
4(4553 5777 5778 4554)
4(4483 4555 5779 5707)
4(4554 5778 5779 4555)
4(4484 4556 5780 5708)
4(4555 5779 5780 4556)
4(4485 4557 5781 5709)
4(4556 5780 5781 4557)
4(4486 4558 5782 5710)
4(4557 5781 5782 4558)
4(4487 4559 5783 5711)
4(4558 5782 5783 4559)
4(4488 4560 5784 5712)
4(4559 5783 5784 4560)
4(4489 4561 5785 5713)
4(4560 5784 5785 4561)
4(4490 4562 5786 5714)
4(4561 5785 5786 4562)
4(4491 4563 5787 5715)
4(4562 5786 5787 4563)
4(4492 4564 5788 5716)
4(4563 5787 5788 4564)
4(4493 4565 5789 5717)
4(4564 5788 5789 4565)
4(4494 4566 5790 5718)
4(4565 5789 5790 4566)
4(4495 4567 5791 5719)
4(4566 5790 5791 4567)
4(4496 4568 5792 5720)
4(4567 5791 5792 4568)
4(4568 5792 5793 4569)
4(4498 4570 5794 5722)
4(3191 3361 5794 4570)
4(4499 4571 5795 5723)
4(4570 5794 5795 4571)
4(4500 4572 5796 5724)
4(4571 5795 5796 4572)
4(4501 4573 5797 5725)
4(4572 5796 5797 4573)
4(4502 4574 5798 5726)
4(4573 5797 5798 4574)
4(4503 4575 5799 5727)
4(4574 5798 5799 4575)
4(4504 4576 5800 5728)
4(4575 5799 5800 4576)
4(4505 4577 5801 5729)
4(4576 5800 5801 4577)
4(4506 4578 5802 5730)
4(4577 5801 5802 4578)
4(4507 4579 5803 5731)
4(4578 5802 5803 4579)
4(4508 4580 5804 5732)
4(4579 5803 5804 4580)
4(4509 4581 5805 5733)
4(4580 5804 5805 4581)
4(4510 4582 5806 5734)
4(4581 5805 5806 4582)
4(4511 4583 5807 5735)
4(4582 5806 5807 4583)
4(4512 4584 5808 5736)
4(4583 5807 5808 4584)
4(4513 4585 5809 5737)
4(4584 5808 5809 4585)
4(4514 4586 5810 5738)
4(4585 5809 5810 4586)
4(4515 4587 5811 5739)
4(4586 5810 5811 4587)
4(4516 4588 5812 5740)
4(4587 5811 5812 4588)
4(4517 4589 5813 5741)
4(4588 5812 5813 4589)
4(4518 4590 5814 5742)
4(4589 5813 5814 4590)
4(4519 4591 5815 5743)
4(4590 5814 5815 4591)
4(4520 4592 5816 5744)
4(4591 5815 5816 4592)
4(4521 4593 5817 5745)
4(4592 5816 5817 4593)
4(4522 4594 5818 5746)
4(4593 5817 5818 4594)
4(4523 4595 5819 5747)
4(4594 5818 5819 4595)
4(4524 4596 5820 5748)
4(4595 5819 5820 4596)
4(4525 4597 5821 5749)
4(4596 5820 5821 4597)
4(4526 4598 5822 5750)
4(4597 5821 5822 4598)
4(4527 4599 5823 5751)
4(4598 5822 5823 4599)
4(4528 4600 5824 5752)
4(4599 5823 5824 4600)
4(4529 4601 5825 5753)
4(4600 5824 5825 4601)
4(4530 4602 5826 5754)
4(4601 5825 5826 4602)
4(4531 4603 5827 5755)
4(4602 5826 5827 4603)
4(4532 4604 5828 5756)
4(4603 5827 5828 4604)
4(4533 4605 5829 5757)
4(4604 5828 5829 4605)
4(4534 4606 5830 5758)
4(4605 5829 5830 4606)
4(4535 4607 5831 5759)
4(4606 5830 5831 4607)
4(4536 4608 5832 5760)
4(4607 5831 5832 4608)
4(4537 4609 5833 5761)
4(4608 5832 5833 4609)
4(4538 4610 5834 5762)
4(4609 5833 5834 4610)
4(4539 4611 5835 5763)
4(4610 5834 5835 4611)
4(4540 4612 5836 5764)
4(4611 5835 5836 4612)
4(4541 4613 5837 5765)
4(4612 5836 5837 4613)
4(4542 4614 5838 5766)
4(4613 5837 5838 4614)
4(4543 4615 5839 5767)
4(4614 5838 5839 4615)
4(4544 4616 5840 5768)
4(4615 5839 5840 4616)
4(4545 4617 5841 5769)
4(4616 5840 5841 4617)
4(4546 4618 5842 5770)
4(4617 5841 5842 4618)
4(4547 4619 5843 5771)
4(4618 5842 5843 4619)
4(4548 4620 5844 5772)
4(4619 5843 5844 4620)
4(4549 4621 5845 5773)
4(4620 5844 5845 4621)
4(4550 4622 5846 5774)
4(4621 5845 5846 4622)
4(4551 4623 5847 5775)
4(4622 5846 5847 4623)
4(4552 4624 5848 5776)
4(4623 5847 5848 4624)
4(4553 4625 5849 5777)
4(4624 5848 5849 4625)
4(4554 4626 5850 5778)
4(4625 5849 5850 4626)
4(4555 4627 5851 5779)
4(4626 5850 5851 4627)
4(4556 4628 5852 5780)
4(4627 5851 5852 4628)
4(4557 4629 5853 5781)
4(4628 5852 5853 4629)
4(4558 4630 5854 5782)
4(4629 5853 5854 4630)
4(4559 4631 5855 5783)
4(4630 5854 5855 4631)
4(4560 4632 5856 5784)
4(4631 5855 5856 4632)
4(4561 4633 5857 5785)
4(4632 5856 5857 4633)
4(4562 4634 5858 5786)
4(4633 5857 5858 4634)
4(4563 4635 5859 5787)
4(4634 5858 5859 4635)
4(4564 4636 5860 5788)
4(4635 5859 5860 4636)
4(4565 4637 5861 5789)
4(4636 5860 5861 4637)
4(4566 4638 5862 5790)
4(4637 5861 5862 4638)
4(4567 4639 5863 5791)
4(4638 5862 5863 4639)
4(4568 4640 5864 5792)
4(4639 5863 5864 4640)
4(4640 5864 5865 4641)
4(4570 4642 5866 5794)
4(3201 3371 5866 4642)
4(4571 4643 5867 5795)
4(4642 5866 5867 4643)
4(4572 4644 5868 5796)
4(4643 5867 5868 4644)
4(4573 4645 5869 5797)
4(4644 5868 5869 4645)
4(4574 4646 5870 5798)
4(4645 5869 5870 4646)
4(4575 4647 5871 5799)
4(4646 5870 5871 4647)
4(4576 4648 5872 5800)
4(4647 5871 5872 4648)
4(4577 4649 5873 5801)
4(4648 5872 5873 4649)
4(4578 4650 5874 5802)
4(4649 5873 5874 4650)
4(4579 4651 5875 5803)
4(4650 5874 5875 4651)
4(4580 4652 5876 5804)
4(4651 5875 5876 4652)
4(4581 4653 5877 5805)
4(4652 5876 5877 4653)
4(4582 4654 5878 5806)
4(4653 5877 5878 4654)
4(4583 4655 5879 5807)
4(4654 5878 5879 4655)
4(4584 4656 5880 5808)
4(4655 5879 5880 4656)
4(4585 4657 5881 5809)
4(4656 5880 5881 4657)
4(4586 4658 5882 5810)
4(4657 5881 5882 4658)
4(4587 4659 5883 5811)
4(4658 5882 5883 4659)
4(4588 4660 5884 5812)
4(4659 5883 5884 4660)
4(4589 4661 5885 5813)
4(4660 5884 5885 4661)
4(4590 4662 5886 5814)
4(4661 5885 5886 4662)
4(4591 4663 5887 5815)
4(4662 5886 5887 4663)
4(4592 4664 5888 5816)
4(4663 5887 5888 4664)
4(4593 4665 5889 5817)
4(4664 5888 5889 4665)
4(4594 4666 5890 5818)
4(4665 5889 5890 4666)
4(4595 4667 5891 5819)
4(4666 5890 5891 4667)
4(4596 4668 5892 5820)
4(4667 5891 5892 4668)
4(4597 4669 5893 5821)
4(4668 5892 5893 4669)
4(4598 4670 5894 5822)
4(4669 5893 5894 4670)
4(4599 4671 5895 5823)
4(4670 5894 5895 4671)
4(4600 4672 5896 5824)
4(4671 5895 5896 4672)
4(4601 4673 5897 5825)
4(4672 5896 5897 4673)
4(4602 4674 5898 5826)
4(4673 5897 5898 4674)
4(4603 4675 5899 5827)
4(4674 5898 5899 4675)
4(4604 4676 5900 5828)
4(4675 5899 5900 4676)
4(4605 4677 5901 5829)
4(4676 5900 5901 4677)
4(4606 4678 5902 5830)
4(4677 5901 5902 4678)
4(4607 4679 5903 5831)
4(4678 5902 5903 4679)
4(4608 4680 5904 5832)
4(4679 5903 5904 4680)
4(4609 4681 5905 5833)
4(4680 5904 5905 4681)
4(4610 4682 5906 5834)
4(4681 5905 5906 4682)
4(4611 4683 5907 5835)
4(4682 5906 5907 4683)
4(4612 4684 5908 5836)
4(4683 5907 5908 4684)
4(4613 4685 5909 5837)
4(4684 5908 5909 4685)
4(4614 4686 5910 5838)
4(4685 5909 5910 4686)
4(4615 4687 5911 5839)
4(4686 5910 5911 4687)
4(4616 4688 5912 5840)
4(4687 5911 5912 4688)
4(4617 4689 5913 5841)
4(4688 5912 5913 4689)
4(4618 4690 5914 5842)
4(4689 5913 5914 4690)
4(4619 4691 5915 5843)
4(4690 5914 5915 4691)
4(4620 4692 5916 5844)
4(4691 5915 5916 4692)
4(4621 4693 5917 5845)
4(4692 5916 5917 4693)
4(4622 4694 5918 5846)
4(4693 5917 5918 4694)
4(4623 4695 5919 5847)
4(4694 5918 5919 4695)
4(4624 4696 5920 5848)
4(4695 5919 5920 4696)
4(4625 4697 5921 5849)
4(4696 5920 5921 4697)
4(4626 4698 5922 5850)
4(4697 5921 5922 4698)
4(4627 4699 5923 5851)
4(4698 5922 5923 4699)
4(4628 4700 5924 5852)
4(4699 5923 5924 4700)
4(4629 4701 5925 5853)
4(4700 5924 5925 4701)
4(4630 4702 5926 5854)
4(4701 5925 5926 4702)
4(4631 4703 5927 5855)
4(4702 5926 5927 4703)
4(4632 4704 5928 5856)
4(4703 5927 5928 4704)
4(4633 4705 5929 5857)
4(4704 5928 5929 4705)
4(4634 4706 5930 5858)
4(4705 5929 5930 4706)
4(4635 4707 5931 5859)
4(4706 5930 5931 4707)
4(4636 4708 5932 5860)
4(4707 5931 5932 4708)
4(4637 4709 5933 5861)
4(4708 5932 5933 4709)
4(4638 4710 5934 5862)
4(4709 5933 5934 4710)
4(4639 4711 5935 5863)
4(4710 5934 5935 4711)
4(4640 4712 5936 5864)
4(4711 5935 5936 4712)
4(4712 5936 5937 4713)
4(4642 4714 5938 5866)
4(3211 3381 5938 4714)
4(4643 4715 5939 5867)
4(4714 5938 5939 4715)
4(4644 4716 5940 5868)
4(4715 5939 5940 4716)
4(4645 4717 5941 5869)
4(4716 5940 5941 4717)
4(4646 4718 5942 5870)
4(4717 5941 5942 4718)
4(4647 4719 5943 5871)
4(4718 5942 5943 4719)
4(4648 4720 5944 5872)
4(4719 5943 5944 4720)
4(4649 4721 5945 5873)
4(4720 5944 5945 4721)
4(4650 4722 5946 5874)
4(4721 5945 5946 4722)
4(4651 4723 5947 5875)
4(4722 5946 5947 4723)
4(4652 4724 5948 5876)
4(4723 5947 5948 4724)
4(4653 4725 5949 5877)
4(4724 5948 5949 4725)
4(4654 4726 5950 5878)
4(4725 5949 5950 4726)
4(4655 4727 5951 5879)
4(4726 5950 5951 4727)
4(4656 4728 5952 5880)
4(4727 5951 5952 4728)
4(4657 4729 5953 5881)
4(4728 5952 5953 4729)
4(4658 4730 5954 5882)
4(4729 5953 5954 4730)
4(4659 4731 5955 5883)
4(4730 5954 5955 4731)
4(4660 4732 5956 5884)
4(4731 5955 5956 4732)
4(4661 4733 5957 5885)
4(4732 5956 5957 4733)
4(4662 4734 5958 5886)
4(4733 5957 5958 4734)
4(4663 4735 5959 5887)
4(4734 5958 5959 4735)
4(4664 4736 5960 5888)
4(4735 5959 5960 4736)
4(4665 4737 5961 5889)
4(4736 5960 5961 4737)
4(4666 4738 5962 5890)
4(4737 5961 5962 4738)
4(4667 4739 5963 5891)
4(4738 5962 5963 4739)
4(4668 4740 5964 5892)
4(4739 5963 5964 4740)
4(4669 4741 5965 5893)
4(4740 5964 5965 4741)
4(4670 4742 5966 5894)
4(4741 5965 5966 4742)
4(4671 4743 5967 5895)
4(4742 5966 5967 4743)
4(4672 4744 5968 5896)
4(4743 5967 5968 4744)
4(4673 4745 5969 5897)
4(4744 5968 5969 4745)
4(4674 4746 5970 5898)
4(4745 5969 5970 4746)
4(4675 4747 5971 5899)
4(4746 5970 5971 4747)
4(4676 4748 5972 5900)
4(4747 5971 5972 4748)
4(4677 4749 5973 5901)
4(4748 5972 5973 4749)
4(4678 4750 5974 5902)
4(4749 5973 5974 4750)
4(4679 4751 5975 5903)
4(4750 5974 5975 4751)
4(4680 4752 5976 5904)
4(4751 5975 5976 4752)
4(4681 4753 5977 5905)
4(4752 5976 5977 4753)
4(4682 4754 5978 5906)
4(4753 5977 5978 4754)
4(4683 4755 5979 5907)
4(4754 5978 5979 4755)
4(4684 4756 5980 5908)
4(4755 5979 5980 4756)
4(4685 4757 5981 5909)
4(4756 5980 5981 4757)
4(4686 4758 5982 5910)
4(4757 5981 5982 4758)
4(4687 4759 5983 5911)
4(4758 5982 5983 4759)
4(4688 4760 5984 5912)
4(4759 5983 5984 4760)
4(4689 4761 5985 5913)
4(4760 5984 5985 4761)
4(4690 4762 5986 5914)
4(4761 5985 5986 4762)
4(4691 4763 5987 5915)
4(4762 5986 5987 4763)
4(4692 4764 5988 5916)
4(4763 5987 5988 4764)
4(4693 4765 5989 5917)
4(4764 5988 5989 4765)
4(4694 4766 5990 5918)
4(4765 5989 5990 4766)
4(4695 4767 5991 5919)
4(4766 5990 5991 4767)
4(4696 4768 5992 5920)
4(4767 5991 5992 4768)
4(4697 4769 5993 5921)
4(4768 5992 5993 4769)
4(4698 4770 5994 5922)
4(4769 5993 5994 4770)
4(4699 4771 5995 5923)
4(4770 5994 5995 4771)
4(4700 4772 5996 5924)
4(4771 5995 5996 4772)
4(4701 4773 5997 5925)
4(4772 5996 5997 4773)
4(4702 4774 5998 5926)
4(4773 5997 5998 4774)
4(4703 4775 5999 5927)
4(4774 5998 5999 4775)
4(4704 4776 6000 5928)
4(4775 5999 6000 4776)
4(4705 4777 6001 5929)
4(4776 6000 6001 4777)
4(4706 4778 6002 5930)
4(4777 6001 6002 4778)
4(4707 4779 6003 5931)
4(4778 6002 6003 4779)
4(4708 4780 6004 5932)
4(4779 6003 6004 4780)
4(4709 4781 6005 5933)
4(4780 6004 6005 4781)
4(4710 4782 6006 5934)
4(4781 6005 6006 4782)
4(4711 4783 6007 5935)
4(4782 6006 6007 4783)
4(4712 4784 6008 5936)
4(4783 6007 6008 4784)
4(4784 6008 6009 4785)
4(4714 4786 6010 5938)
4(3221 3391 6010 4786)
4(4715 4787 6011 5939)
4(4786 6010 6011 4787)
4(4716 4788 6012 5940)
4(4787 6011 6012 4788)
4(4717 4789 6013 5941)
4(4788 6012 6013 4789)
4(4718 4790 6014 5942)
4(4789 6013 6014 4790)
4(4719 4791 6015 5943)
4(4790 6014 6015 4791)
4(4720 4792 6016 5944)
4(4791 6015 6016 4792)
4(4721 4793 6017 5945)
4(4792 6016 6017 4793)
4(4722 4794 6018 5946)
4(4793 6017 6018 4794)
4(4723 4795 6019 5947)
4(4794 6018 6019 4795)
4(4724 4796 6020 5948)
4(4795 6019 6020 4796)
4(4725 4797 6021 5949)
4(4796 6020 6021 4797)
4(4726 4798 6022 5950)
4(4797 6021 6022 4798)
4(4727 4799 6023 5951)
4(4798 6022 6023 4799)
4(4728 4800 6024 5952)
4(4799 6023 6024 4800)
4(4729 4801 6025 5953)
4(4800 6024 6025 4801)
4(4730 4802 6026 5954)
4(4801 6025 6026 4802)
4(4731 4803 6027 5955)
4(4802 6026 6027 4803)
4(4732 4804 6028 5956)
4(4803 6027 6028 4804)
4(4733 4805 6029 5957)
4(4804 6028 6029 4805)
4(4734 4806 6030 5958)
4(4805 6029 6030 4806)
4(4735 4807 6031 5959)
4(4806 6030 6031 4807)
4(4736 4808 6032 5960)
4(4807 6031 6032 4808)
4(4737 4809 6033 5961)
4(4808 6032 6033 4809)
4(4738 4810 6034 5962)
4(4809 6033 6034 4810)
4(4739 4811 6035 5963)
4(4810 6034 6035 4811)
4(4740 4812 6036 5964)
4(4811 6035 6036 4812)
4(4741 4813 6037 5965)
4(4812 6036 6037 4813)
4(4742 4814 6038 5966)
4(4813 6037 6038 4814)
4(4743 4815 6039 5967)
4(4814 6038 6039 4815)
4(4744 4816 6040 5968)
4(4815 6039 6040 4816)
4(4745 4817 6041 5969)
4(4816 6040 6041 4817)
4(4746 4818 6042 5970)
4(4817 6041 6042 4818)
4(4747 4819 6043 5971)
4(4818 6042 6043 4819)
4(4748 4820 6044 5972)
4(4819 6043 6044 4820)
4(4749 4821 6045 5973)
4(4820 6044 6045 4821)
4(4750 4822 6046 5974)
4(4821 6045 6046 4822)
4(4751 4823 6047 5975)
4(4822 6046 6047 4823)
4(4752 4824 6048 5976)
4(4823 6047 6048 4824)
4(4753 4825 6049 5977)
4(4824 6048 6049 4825)
4(4754 4826 6050 5978)
4(4825 6049 6050 4826)
4(4755 4827 6051 5979)
4(4826 6050 6051 4827)
4(4756 4828 6052 5980)
4(4827 6051 6052 4828)
4(4757 4829 6053 5981)
4(4828 6052 6053 4829)
4(4758 4830 6054 5982)
4(4829 6053 6054 4830)
4(4759 4831 6055 5983)
4(4830 6054 6055 4831)
4(4760 4832 6056 5984)
4(4831 6055 6056 4832)
4(4761 4833 6057 5985)
4(4832 6056 6057 4833)
4(4762 4834 6058 5986)
4(4833 6057 6058 4834)
4(4763 4835 6059 5987)
4(4834 6058 6059 4835)
4(4764 4836 6060 5988)
4(4835 6059 6060 4836)
4(4765 4837 6061 5989)
4(4836 6060 6061 4837)
4(4766 4838 6062 5990)
4(4837 6061 6062 4838)
4(4767 4839 6063 5991)
4(4838 6062 6063 4839)
4(4768 4840 6064 5992)
4(4839 6063 6064 4840)
4(4769 4841 6065 5993)
4(4840 6064 6065 4841)
4(4770 4842 6066 5994)
4(4841 6065 6066 4842)
4(4771 4843 6067 5995)
4(4842 6066 6067 4843)
4(4772 4844 6068 5996)
4(4843 6067 6068 4844)
4(4773 4845 6069 5997)
4(4844 6068 6069 4845)
4(4774 4846 6070 5998)
4(4845 6069 6070 4846)
4(4775 4847 6071 5999)
4(4846 6070 6071 4847)
4(4776 4848 6072 6000)
4(4847 6071 6072 4848)
4(4777 4849 6073 6001)
4(4848 6072 6073 4849)
4(4778 4850 6074 6002)
4(4849 6073 6074 4850)
4(4779 4851 6075 6003)
4(4850 6074 6075 4851)
4(4780 4852 6076 6004)
4(4851 6075 6076 4852)
4(4781 4853 6077 6005)
4(4852 6076 6077 4853)
4(4782 4854 6078 6006)
4(4853 6077 6078 4854)
4(4783 4855 6079 6007)
4(4854 6078 6079 4855)
4(4784 4856 6080 6008)
4(4855 6079 6080 4856)
4(4856 6080 6081 4857)
4(4786 4858 6082 6010)
4(3231 3401 6082 4858)
4(4787 4859 6083 6011)
4(4858 6082 6083 4859)
4(4788 4860 6084 6012)
4(4859 6083 6084 4860)
4(4789 4861 6085 6013)
4(4860 6084 6085 4861)
4(4790 4862 6086 6014)
4(4861 6085 6086 4862)
4(4791 4863 6087 6015)
4(4862 6086 6087 4863)
4(4792 4864 6088 6016)
4(4863 6087 6088 4864)
4(4793 4865 6089 6017)
4(4864 6088 6089 4865)
4(4794 4866 6090 6018)
4(4865 6089 6090 4866)
4(4795 4867 6091 6019)
4(4866 6090 6091 4867)
4(4796 4868 6092 6020)
4(4867 6091 6092 4868)
4(4797 4869 6093 6021)
4(4868 6092 6093 4869)
4(4798 4870 6094 6022)
4(4869 6093 6094 4870)
4(4799 4871 6095 6023)
4(4870 6094 6095 4871)
4(4800 4872 6096 6024)
4(4871 6095 6096 4872)
4(4801 4873 6097 6025)
4(4872 6096 6097 4873)
4(4802 4874 6098 6026)
4(4873 6097 6098 4874)
4(4803 4875 6099 6027)
4(4874 6098 6099 4875)
4(4804 4876 6100 6028)
4(4875 6099 6100 4876)
4(4805 4877 6101 6029)
4(4876 6100 6101 4877)
4(4806 4878 6102 6030)
4(4877 6101 6102 4878)
4(4807 4879 6103 6031)
4(4878 6102 6103 4879)
4(4808 4880 6104 6032)
4(4879 6103 6104 4880)
4(4809 4881 6105 6033)
4(4880 6104 6105 4881)
4(4810 4882 6106 6034)
4(4881 6105 6106 4882)
4(4811 4883 6107 6035)
4(4882 6106 6107 4883)
4(4812 4884 6108 6036)
4(4883 6107 6108 4884)
4(4813 4885 6109 6037)
4(4884 6108 6109 4885)
4(4814 4886 6110 6038)
4(4885 6109 6110 4886)
4(4815 4887 6111 6039)
4(4886 6110 6111 4887)
4(4816 4888 6112 6040)
4(4887 6111 6112 4888)
4(4817 4889 6113 6041)
4(4888 6112 6113 4889)
4(4818 4890 6114 6042)
4(4889 6113 6114 4890)
4(4819 4891 6115 6043)
4(4890 6114 6115 4891)
4(4820 4892 6116 6044)
4(4891 6115 6116 4892)
4(4821 4893 6117 6045)
4(4892 6116 6117 4893)
4(4822 4894 6118 6046)
4(4893 6117 6118 4894)
4(4823 4895 6119 6047)
4(4894 6118 6119 4895)
4(4824 4896 6120 6048)
4(4895 6119 6120 4896)
4(4825 4897 6121 6049)
4(4896 6120 6121 4897)
4(4826 4898 6122 6050)
4(4897 6121 6122 4898)
4(4827 4899 6123 6051)
4(4898 6122 6123 4899)
4(4828 4900 6124 6052)
4(4899 6123 6124 4900)
4(4829 4901 6125 6053)
4(4900 6124 6125 4901)
4(4830 4902 6126 6054)
4(4901 6125 6126 4902)
4(4831 4903 6127 6055)
4(4902 6126 6127 4903)
4(4832 4904 6128 6056)
4(4903 6127 6128 4904)
4(4833 4905 6129 6057)
4(4904 6128 6129 4905)
4(4834 4906 6130 6058)
4(4905 6129 6130 4906)
4(4835 4907 6131 6059)
4(4906 6130 6131 4907)
4(4836 4908 6132 6060)
4(4907 6131 6132 4908)
4(4837 4909 6133 6061)
4(4908 6132 6133 4909)
4(4838 4910 6134 6062)
4(4909 6133 6134 4910)
4(4839 4911 6135 6063)
4(4910 6134 6135 4911)
4(4840 4912 6136 6064)
4(4911 6135 6136 4912)
4(4841 4913 6137 6065)
4(4912 6136 6137 4913)
4(4842 4914 6138 6066)
4(4913 6137 6138 4914)
4(4843 4915 6139 6067)
4(4914 6138 6139 4915)
4(4844 4916 6140 6068)
4(4915 6139 6140 4916)
4(4845 4917 6141 6069)
4(4916 6140 6141 4917)
4(4846 4918 6142 6070)
4(4917 6141 6142 4918)
4(4847 4919 6143 6071)
4(4918 6142 6143 4919)
4(4848 4920 6144 6072)
4(4919 6143 6144 4920)
4(4849 4921 6145 6073)
4(4920 6144 6145 4921)
4(4850 4922 6146 6074)
4(4921 6145 6146 4922)
4(4851 4923 6147 6075)
4(4922 6146 6147 4923)
4(4852 4924 6148 6076)
4(4923 6147 6148 4924)
4(4853 4925 6149 6077)
4(4924 6148 6149 4925)
4(4854 4926 6150 6078)
4(4925 6149 6150 4926)
4(4855 4927 6151 6079)
4(4926 6150 6151 4927)
4(4856 4928 6152 6080)
4(4927 6151 6152 4928)
4(4928 6152 6153 4929)
4(4858 4930 6154 6082)
4(3241 3411 6154 4930)
4(4859 4931 6155 6083)
4(4930 6154 6155 4931)
4(4860 4932 6156 6084)
4(4931 6155 6156 4932)
4(4861 4933 6157 6085)
4(4932 6156 6157 4933)
4(4862 4934 6158 6086)
4(4933 6157 6158 4934)
4(4863 4935 6159 6087)
4(4934 6158 6159 4935)
4(4864 4936 6160 6088)
4(4935 6159 6160 4936)
4(4865 4937 6161 6089)
4(4936 6160 6161 4937)
4(4866 4938 6162 6090)
4(4937 6161 6162 4938)
4(4867 4939 6163 6091)
4(4938 6162 6163 4939)
4(4868 4940 6164 6092)
4(4939 6163 6164 4940)
4(4869 4941 6165 6093)
4(4940 6164 6165 4941)
4(4870 4942 6166 6094)
4(4941 6165 6166 4942)
4(4871 4943 6167 6095)
4(4942 6166 6167 4943)
4(4872 4944 6168 6096)
4(4943 6167 6168 4944)
4(4873 4945 6169 6097)
4(4944 6168 6169 4945)
4(4874 4946 6170 6098)
4(4945 6169 6170 4946)
4(4875 4947 6171 6099)
4(4946 6170 6171 4947)
4(4876 4948 6172 6100)
4(4947 6171 6172 4948)
4(4877 4949 6173 6101)
4(4948 6172 6173 4949)
4(4878 4950 6174 6102)
4(4949 6173 6174 4950)
4(4879 4951 6175 6103)
4(4950 6174 6175 4951)
4(4880 4952 6176 6104)
4(4951 6175 6176 4952)
4(4881 4953 6177 6105)
4(4952 6176 6177 4953)
4(4882 4954 6178 6106)
4(4953 6177 6178 4954)
4(4883 4955 6179 6107)
4(4954 6178 6179 4955)
4(4884 4956 6180 6108)
4(4955 6179 6180 4956)
4(4885 4957 6181 6109)
4(4956 6180 6181 4957)
4(4886 4958 6182 6110)
4(4957 6181 6182 4958)
4(4887 4959 6183 6111)
4(4958 6182 6183 4959)
4(4888 4960 6184 6112)
4(4959 6183 6184 4960)
4(4889 4961 6185 6113)
4(4960 6184 6185 4961)
4(4890 4962 6186 6114)
4(4961 6185 6186 4962)
4(4891 4963 6187 6115)
4(4962 6186 6187 4963)
4(4892 4964 6188 6116)
4(4963 6187 6188 4964)
4(4893 4965 6189 6117)
4(4964 6188 6189 4965)
4(4894 4966 6190 6118)
4(4965 6189 6190 4966)
4(4895 4967 6191 6119)
4(4966 6190 6191 4967)
4(4896 4968 6192 6120)
4(4967 6191 6192 4968)
4(4897 4969 6193 6121)
4(4968 6192 6193 4969)
4(4898 4970 6194 6122)
4(4969 6193 6194 4970)
4(4899 4971 6195 6123)
4(4970 6194 6195 4971)
4(4900 4972 6196 6124)
4(4971 6195 6196 4972)
4(4901 4973 6197 6125)
4(4972 6196 6197 4973)
4(4902 4974 6198 6126)
4(4973 6197 6198 4974)
4(4903 4975 6199 6127)
4(4974 6198 6199 4975)
4(4904 4976 6200 6128)
4(4975 6199 6200 4976)
4(4905 4977 6201 6129)
4(4976 6200 6201 4977)
4(4906 4978 6202 6130)
4(4977 6201 6202 4978)
4(4907 4979 6203 6131)
4(4978 6202 6203 4979)
4(4908 4980 6204 6132)
4(4979 6203 6204 4980)
4(4909 4981 6205 6133)
4(4980 6204 6205 4981)
4(4910 4982 6206 6134)
4(4981 6205 6206 4982)
4(4911 4983 6207 6135)
4(4982 6206 6207 4983)
4(4912 4984 6208 6136)
4(4983 6207 6208 4984)
4(4913 4985 6209 6137)
4(4984 6208 6209 4985)
4(4914 4986 6210 6138)
4(4985 6209 6210 4986)
4(4915 4987 6211 6139)
4(4986 6210 6211 4987)
4(4916 4988 6212 6140)
4(4987 6211 6212 4988)
4(4917 4989 6213 6141)
4(4988 6212 6213 4989)
4(4918 4990 6214 6142)
4(4989 6213 6214 4990)
4(4919 4991 6215 6143)
4(4990 6214 6215 4991)
4(4920 4992 6216 6144)
4(4991 6215 6216 4992)
4(4921 4993 6217 6145)
4(4992 6216 6217 4993)
4(4922 4994 6218 6146)
4(4993 6217 6218 4994)
4(4923 4995 6219 6147)
4(4994 6218 6219 4995)
4(4924 4996 6220 6148)
4(4995 6219 6220 4996)
4(4925 4997 6221 6149)
4(4996 6220 6221 4997)
4(4926 4998 6222 6150)
4(4997 6221 6222 4998)
4(4927 4999 6223 6151)
4(4998 6222 6223 4999)
4(4928 5000 6224 6152)
4(4999 6223 6224 5000)
4(5000 6224 6225 5001)
4(4930 5002 6226 6154)
4(3251 3421 6226 5002)
4(4931 5003 6227 6155)
4(5002 6226 6227 5003)
4(4932 5004 6228 6156)
4(5003 6227 6228 5004)
4(4933 5005 6229 6157)
4(5004 6228 6229 5005)
4(4934 5006 6230 6158)
4(5005 6229 6230 5006)
4(4935 5007 6231 6159)
4(5006 6230 6231 5007)
4(4936 5008 6232 6160)
4(5007 6231 6232 5008)
4(4937 5009 6233 6161)
4(5008 6232 6233 5009)
4(4938 5010 6234 6162)
4(5009 6233 6234 5010)
4(4939 5011 6235 6163)
4(5010 6234 6235 5011)
4(4940 5012 6236 6164)
4(5011 6235 6236 5012)
4(4941 5013 6237 6165)
4(5012 6236 6237 5013)
4(4942 5014 6238 6166)
4(5013 6237 6238 5014)
4(4943 5015 6239 6167)
4(5014 6238 6239 5015)
4(4944 5016 6240 6168)
4(5015 6239 6240 5016)
4(4945 5017 6241 6169)
4(5016 6240 6241 5017)
4(4946 5018 6242 6170)
4(5017 6241 6242 5018)
4(4947 5019 6243 6171)
4(5018 6242 6243 5019)
4(4948 5020 6244 6172)
4(5019 6243 6244 5020)
4(4949 5021 6245 6173)
4(5020 6244 6245 5021)
4(4950 5022 6246 6174)
4(5021 6245 6246 5022)
4(4951 5023 6247 6175)
4(5022 6246 6247 5023)
4(4952 5024 6248 6176)
4(5023 6247 6248 5024)
4(4953 5025 6249 6177)
4(5024 6248 6249 5025)
4(4954 5026 6250 6178)
4(5025 6249 6250 5026)
4(4955 5027 6251 6179)
4(5026 6250 6251 5027)
4(4956 5028 6252 6180)
4(5027 6251 6252 5028)
4(4957 5029 6253 6181)
4(5028 6252 6253 5029)
4(4958 5030 6254 6182)
4(5029 6253 6254 5030)
4(4959 5031 6255 6183)
4(5030 6254 6255 5031)
4(4960 5032 6256 6184)
4(5031 6255 6256 5032)
4(4961 5033 6257 6185)
4(5032 6256 6257 5033)
4(4962 5034 6258 6186)
4(5033 6257 6258 5034)
4(4963 5035 6259 6187)
4(5034 6258 6259 5035)
4(4964 5036 6260 6188)
4(5035 6259 6260 5036)
4(4965 5037 6261 6189)
4(5036 6260 6261 5037)
4(4966 5038 6262 6190)
4(5037 6261 6262 5038)
4(4967 5039 6263 6191)
4(5038 6262 6263 5039)
4(4968 5040 6264 6192)
4(5039 6263 6264 5040)
4(4969 5041 6265 6193)
4(5040 6264 6265 5041)
4(4970 5042 6266 6194)
4(5041 6265 6266 5042)
4(4971 5043 6267 6195)
4(5042 6266 6267 5043)
4(4972 5044 6268 6196)
4(5043 6267 6268 5044)
4(4973 5045 6269 6197)
4(5044 6268 6269 5045)
4(4974 5046 6270 6198)
4(5045 6269 6270 5046)
4(4975 5047 6271 6199)
4(5046 6270 6271 5047)
4(4976 5048 6272 6200)
4(5047 6271 6272 5048)
4(4977 5049 6273 6201)
4(5048 6272 6273 5049)
4(4978 5050 6274 6202)
4(5049 6273 6274 5050)
4(4979 5051 6275 6203)
4(5050 6274 6275 5051)
4(4980 5052 6276 6204)
4(5051 6275 6276 5052)
4(4981 5053 6277 6205)
4(5052 6276 6277 5053)
4(4982 5054 6278 6206)
4(5053 6277 6278 5054)
4(4983 5055 6279 6207)
4(5054 6278 6279 5055)
4(4984 5056 6280 6208)
4(5055 6279 6280 5056)
4(4985 5057 6281 6209)
4(5056 6280 6281 5057)
4(4986 5058 6282 6210)
4(5057 6281 6282 5058)
4(4987 5059 6283 6211)
4(5058 6282 6283 5059)
4(4988 5060 6284 6212)
4(5059 6283 6284 5060)
4(4989 5061 6285 6213)
4(5060 6284 6285 5061)
4(4990 5062 6286 6214)
4(5061 6285 6286 5062)
4(4991 5063 6287 6215)
4(5062 6286 6287 5063)
4(4992 5064 6288 6216)
4(5063 6287 6288 5064)
4(4993 5065 6289 6217)
4(5064 6288 6289 5065)
4(4994 5066 6290 6218)
4(5065 6289 6290 5066)
4(4995 5067 6291 6219)
4(5066 6290 6291 5067)
4(4996 5068 6292 6220)
4(5067 6291 6292 5068)
4(4997 5069 6293 6221)
4(5068 6292 6293 5069)
4(4998 5070 6294 6222)
4(5069 6293 6294 5070)
4(4999 5071 6295 6223)
4(5070 6294 6295 5071)
4(5000 5072 6296 6224)
4(5071 6295 6296 5072)
4(5072 6296 6297 5073)
4(5002 5074 6298 6226)
4(3261 3431 6298 5074)
4(5003 5075 6299 6227)
4(5074 6298 6299 5075)
4(5004 5076 6300 6228)
4(5075 6299 6300 5076)
4(5005 5077 6301 6229)
4(5076 6300 6301 5077)
4(5006 5078 6302 6230)
4(5077 6301 6302 5078)
4(5007 5079 6303 6231)
4(5078 6302 6303 5079)
4(5008 5080 6304 6232)
4(5079 6303 6304 5080)
4(5009 5081 6305 6233)
4(5080 6304 6305 5081)
4(5010 5082 6306 6234)
4(5081 6305 6306 5082)
4(5011 5083 6307 6235)
4(5082 6306 6307 5083)
4(5012 5084 6308 6236)
4(5083 6307 6308 5084)
4(5013 5085 6309 6237)
4(5084 6308 6309 5085)
4(5014 5086 6310 6238)
4(5085 6309 6310 5086)
4(5015 5087 6311 6239)
4(5086 6310 6311 5087)
4(5016 5088 6312 6240)
4(5087 6311 6312 5088)
4(5017 5089 6313 6241)
4(5088 6312 6313 5089)
4(5018 5090 6314 6242)
4(5089 6313 6314 5090)
4(5019 5091 6315 6243)
4(5090 6314 6315 5091)
4(5020 5092 6316 6244)
4(5091 6315 6316 5092)
4(5021 5093 6317 6245)
4(5092 6316 6317 5093)
4(5022 5094 6318 6246)
4(5093 6317 6318 5094)
4(5023 5095 6319 6247)
4(5094 6318 6319 5095)
4(5024 5096 6320 6248)
4(5095 6319 6320 5096)
4(5025 5097 6321 6249)
4(5096 6320 6321 5097)
4(5026 5098 6322 6250)
4(5097 6321 6322 5098)
4(5027 5099 6323 6251)
4(5098 6322 6323 5099)
4(5028 5100 6324 6252)
4(5099 6323 6324 5100)
4(5029 5101 6325 6253)
4(5100 6324 6325 5101)
4(5030 5102 6326 6254)
4(5101 6325 6326 5102)
4(5031 5103 6327 6255)
4(5102 6326 6327 5103)
4(5032 5104 6328 6256)
4(5103 6327 6328 5104)
4(5033 5105 6329 6257)
4(5104 6328 6329 5105)
4(5034 5106 6330 6258)
4(5105 6329 6330 5106)
4(5035 5107 6331 6259)
4(5106 6330 6331 5107)
4(5036 5108 6332 6260)
4(5107 6331 6332 5108)
4(5037 5109 6333 6261)
4(5108 6332 6333 5109)
4(5038 5110 6334 6262)
4(5109 6333 6334 5110)
4(5039 5111 6335 6263)
4(5110 6334 6335 5111)
4(5040 5112 6336 6264)
4(5111 6335 6336 5112)
4(5041 5113 6337 6265)
4(5112 6336 6337 5113)
4(5042 5114 6338 6266)
4(5113 6337 6338 5114)
4(5043 5115 6339 6267)
4(5114 6338 6339 5115)
4(5044 5116 6340 6268)
4(5115 6339 6340 5116)
4(5045 5117 6341 6269)
4(5116 6340 6341 5117)
4(5046 5118 6342 6270)
4(5117 6341 6342 5118)
4(5047 5119 6343 6271)
4(5118 6342 6343 5119)
4(5048 5120 6344 6272)
4(5119 6343 6344 5120)
4(5049 5121 6345 6273)
4(5120 6344 6345 5121)
4(5050 5122 6346 6274)
4(5121 6345 6346 5122)
4(5051 5123 6347 6275)
4(5122 6346 6347 5123)
4(5052 5124 6348 6276)
4(5123 6347 6348 5124)
4(5053 5125 6349 6277)
4(5124 6348 6349 5125)
4(5054 5126 6350 6278)
4(5125 6349 6350 5126)
4(5055 5127 6351 6279)
4(5126 6350 6351 5127)
4(5056 5128 6352 6280)
4(5127 6351 6352 5128)
4(5057 5129 6353 6281)
4(5128 6352 6353 5129)
4(5058 5130 6354 6282)
4(5129 6353 6354 5130)
4(5059 5131 6355 6283)
4(5130 6354 6355 5131)
4(5060 5132 6356 6284)
4(5131 6355 6356 5132)
4(5061 5133 6357 6285)
4(5132 6356 6357 5133)
4(5062 5134 6358 6286)
4(5133 6357 6358 5134)
4(5063 5135 6359 6287)
4(5134 6358 6359 5135)
4(5064 5136 6360 6288)
4(5135 6359 6360 5136)
4(5065 5137 6361 6289)
4(5136 6360 6361 5137)
4(5066 5138 6362 6290)
4(5137 6361 6362 5138)
4(5067 5139 6363 6291)
4(5138 6362 6363 5139)
4(5068 5140 6364 6292)
4(5139 6363 6364 5140)
4(5069 5141 6365 6293)
4(5140 6364 6365 5141)
4(5070 5142 6366 6294)
4(5141 6365 6366 5142)
4(5071 5143 6367 6295)
4(5142 6366 6367 5143)
4(5072 5144 6368 6296)
4(5143 6367 6368 5144)
4(5144 6368 6369 5145)
4(5074 5146 6370 6298)
4(3271 3441 6370 5146)
4(5075 5147 6371 6299)
4(5146 6370 6371 5147)
4(5076 5148 6372 6300)
4(5147 6371 6372 5148)
4(5077 5149 6373 6301)
4(5148 6372 6373 5149)
4(5078 5150 6374 6302)
4(5149 6373 6374 5150)
4(5079 5151 6375 6303)
4(5150 6374 6375 5151)
4(5080 5152 6376 6304)
4(5151 6375 6376 5152)
4(5081 5153 6377 6305)
4(5152 6376 6377 5153)
4(5082 5154 6378 6306)
4(5153 6377 6378 5154)
4(5083 5155 6379 6307)
4(5154 6378 6379 5155)
4(5084 5156 6380 6308)
4(5155 6379 6380 5156)
4(5085 5157 6381 6309)
4(5156 6380 6381 5157)
4(5086 5158 6382 6310)
4(5157 6381 6382 5158)
4(5087 5159 6383 6311)
4(5158 6382 6383 5159)
4(5088 5160 6384 6312)
4(5159 6383 6384 5160)
4(5089 5161 6385 6313)
4(5160 6384 6385 5161)
4(5090 5162 6386 6314)
4(5161 6385 6386 5162)
4(5091 5163 6387 6315)
4(5162 6386 6387 5163)
4(5092 5164 6388 6316)
4(5163 6387 6388 5164)
4(5093 5165 6389 6317)
4(5164 6388 6389 5165)
4(5094 5166 6390 6318)
4(5165 6389 6390 5166)
4(5095 5167 6391 6319)
4(5166 6390 6391 5167)
4(5096 5168 6392 6320)
4(5167 6391 6392 5168)
4(5097 5169 6393 6321)
4(5168 6392 6393 5169)
4(5098 5170 6394 6322)
4(5169 6393 6394 5170)
4(5099 5171 6395 6323)
4(5170 6394 6395 5171)
4(5100 5172 6396 6324)
4(5171 6395 6396 5172)
4(5101 5173 6397 6325)
4(5172 6396 6397 5173)
4(5102 5174 6398 6326)
4(5173 6397 6398 5174)
4(5103 5175 6399 6327)
4(5174 6398 6399 5175)
4(5104 5176 6400 6328)
4(5175 6399 6400 5176)
4(5105 5177 6401 6329)
4(5176 6400 6401 5177)
4(5106 5178 6402 6330)
4(5177 6401 6402 5178)
4(5107 5179 6403 6331)
4(5178 6402 6403 5179)
4(5108 5180 6404 6332)
4(5179 6403 6404 5180)
4(5109 5181 6405 6333)
4(5180 6404 6405 5181)
4(5110 5182 6406 6334)
4(5181 6405 6406 5182)
4(5111 5183 6407 6335)
4(5182 6406 6407 5183)
4(5112 5184 6408 6336)
4(5183 6407 6408 5184)
4(5113 5185 6409 6337)
4(5184 6408 6409 5185)
4(5114 5186 6410 6338)
4(5185 6409 6410 5186)
4(5115 5187 6411 6339)
4(5186 6410 6411 5187)
4(5116 5188 6412 6340)
4(5187 6411 6412 5188)
4(5117 5189 6413 6341)
4(5188 6412 6413 5189)
4(5118 5190 6414 6342)
4(5189 6413 6414 5190)
4(5119 5191 6415 6343)
4(5190 6414 6415 5191)
4(5120 5192 6416 6344)
4(5191 6415 6416 5192)
4(5121 5193 6417 6345)
4(5192 6416 6417 5193)
4(5122 5194 6418 6346)
4(5193 6417 6418 5194)
4(5123 5195 6419 6347)
4(5194 6418 6419 5195)
4(5124 5196 6420 6348)
4(5195 6419 6420 5196)
4(5125 5197 6421 6349)
4(5196 6420 6421 5197)
4(5126 5198 6422 6350)
4(5197 6421 6422 5198)
4(5127 5199 6423 6351)
4(5198 6422 6423 5199)
4(5128 5200 6424 6352)
4(5199 6423 6424 5200)
4(5129 5201 6425 6353)
4(5200 6424 6425 5201)
4(5130 5202 6426 6354)
4(5201 6425 6426 5202)
4(5131 5203 6427 6355)
4(5202 6426 6427 5203)
4(5132 5204 6428 6356)
4(5203 6427 6428 5204)
4(5133 5205 6429 6357)
4(5204 6428 6429 5205)
4(5134 5206 6430 6358)
4(5205 6429 6430 5206)
4(5135 5207 6431 6359)
4(5206 6430 6431 5207)
4(5136 5208 6432 6360)
4(5207 6431 6432 5208)
4(5137 5209 6433 6361)
4(5208 6432 6433 5209)
4(5138 5210 6434 6362)
4(5209 6433 6434 5210)
4(5139 5211 6435 6363)
4(5210 6434 6435 5211)
4(5140 5212 6436 6364)
4(5211 6435 6436 5212)
4(5141 5213 6437 6365)
4(5212 6436 6437 5213)
4(5142 5214 6438 6366)
4(5213 6437 6438 5214)
4(5143 5215 6439 6367)
4(5214 6438 6439 5215)
4(5144 5216 6440 6368)
4(5215 6439 6440 5216)
4(5216 6440 6441 5217)
4(5146 5218 6442 6370)
4(3281 3451 6442 5218)
4(5147 5219 6443 6371)
4(5218 6442 6443 5219)
4(5148 5220 6444 6372)
4(5219 6443 6444 5220)
4(5149 5221 6445 6373)
4(5220 6444 6445 5221)
4(5150 5222 6446 6374)
4(5221 6445 6446 5222)
4(5151 5223 6447 6375)
4(5222 6446 6447 5223)
4(5152 5224 6448 6376)
4(5223 6447 6448 5224)
4(5153 5225 6449 6377)
4(5224 6448 6449 5225)
4(5154 5226 6450 6378)
4(5225 6449 6450 5226)
4(5155 5227 6451 6379)
4(5226 6450 6451 5227)
4(5156 5228 6452 6380)
4(5227 6451 6452 5228)
4(5157 5229 6453 6381)
4(5228 6452 6453 5229)
4(5158 5230 6454 6382)
4(5229 6453 6454 5230)
4(5159 5231 6455 6383)
4(5230 6454 6455 5231)
4(5160 5232 6456 6384)
4(5231 6455 6456 5232)
4(5161 5233 6457 6385)
4(5232 6456 6457 5233)
4(5162 5234 6458 6386)
4(5233 6457 6458 5234)
4(5163 5235 6459 6387)
4(5234 6458 6459 5235)
4(5164 5236 6460 6388)
4(5235 6459 6460 5236)
4(5165 5237 6461 6389)
4(5236 6460 6461 5237)
4(5166 5238 6462 6390)
4(5237 6461 6462 5238)
4(5167 5239 6463 6391)
4(5238 6462 6463 5239)
4(5168 5240 6464 6392)
4(5239 6463 6464 5240)
4(5169 5241 6465 6393)
4(5240 6464 6465 5241)
4(5170 5242 6466 6394)
4(5241 6465 6466 5242)
4(5171 5243 6467 6395)
4(5242 6466 6467 5243)
4(5172 5244 6468 6396)
4(5243 6467 6468 5244)
4(5173 5245 6469 6397)
4(5244 6468 6469 5245)
4(5174 5246 6470 6398)
4(5245 6469 6470 5246)
4(5175 5247 6471 6399)
4(5246 6470 6471 5247)
4(5176 5248 6472 6400)
4(5247 6471 6472 5248)
4(5177 5249 6473 6401)
4(5248 6472 6473 5249)
4(5178 5250 6474 6402)
4(5249 6473 6474 5250)
4(5179 5251 6475 6403)
4(5250 6474 6475 5251)
4(5180 5252 6476 6404)
4(5251 6475 6476 5252)
4(5181 5253 6477 6405)
4(5252 6476 6477 5253)
4(5182 5254 6478 6406)
4(5253 6477 6478 5254)
4(5183 5255 6479 6407)
4(5254 6478 6479 5255)
4(5184 5256 6480 6408)
4(5255 6479 6480 5256)
4(5185 5257 6481 6409)
4(5256 6480 6481 5257)
4(5186 5258 6482 6410)
4(5257 6481 6482 5258)
4(5187 5259 6483 6411)
4(5258 6482 6483 5259)
4(5188 5260 6484 6412)
4(5259 6483 6484 5260)
4(5189 5261 6485 6413)
4(5260 6484 6485 5261)
4(5190 5262 6486 6414)
4(5261 6485 6486 5262)
4(5191 5263 6487 6415)
4(5262 6486 6487 5263)
4(5192 5264 6488 6416)
4(5263 6487 6488 5264)
4(5193 5265 6489 6417)
4(5264 6488 6489 5265)
4(5194 5266 6490 6418)
4(5265 6489 6490 5266)
4(5195 5267 6491 6419)
4(5266 6490 6491 5267)
4(5196 5268 6492 6420)
4(5267 6491 6492 5268)
4(5197 5269 6493 6421)
4(5268 6492 6493 5269)
4(5198 5270 6494 6422)
4(5269 6493 6494 5270)
4(5199 5271 6495 6423)
4(5270 6494 6495 5271)
4(5200 5272 6496 6424)
4(5271 6495 6496 5272)
4(5201 5273 6497 6425)
4(5272 6496 6497 5273)
4(5202 5274 6498 6426)
4(5273 6497 6498 5274)
4(5203 5275 6499 6427)
4(5274 6498 6499 5275)
4(5204 5276 6500 6428)
4(5275 6499 6500 5276)
4(5205 5277 6501 6429)
4(5276 6500 6501 5277)
4(5206 5278 6502 6430)
4(5277 6501 6502 5278)
4(5207 5279 6503 6431)
4(5278 6502 6503 5279)
4(5208 5280 6504 6432)
4(5279 6503 6504 5280)
4(5209 5281 6505 6433)
4(5280 6504 6505 5281)
4(5210 5282 6506 6434)
4(5281 6505 6506 5282)
4(5211 5283 6507 6435)
4(5282 6506 6507 5283)
4(5212 5284 6508 6436)
4(5283 6507 6508 5284)
4(5213 5285 6509 6437)
4(5284 6508 6509 5285)
4(5214 5286 6510 6438)
4(5285 6509 6510 5286)
4(5215 5287 6511 6439)
4(5286 6510 6511 5287)
4(5216 5288 6512 6440)
4(5287 6511 6512 5288)
4(5288 6512 6513 5289)
4(5218 5290 6514 6442)
4(3291 3461 6514 5290)
4(5219 5291 6515 6443)
4(5290 6514 6515 5291)
4(5220 5292 6516 6444)
4(5291 6515 6516 5292)
4(5221 5293 6517 6445)
4(5292 6516 6517 5293)
4(5222 5294 6518 6446)
4(5293 6517 6518 5294)
4(5223 5295 6519 6447)
4(5294 6518 6519 5295)
4(5224 5296 6520 6448)
4(5295 6519 6520 5296)
4(5225 5297 6521 6449)
4(5296 6520 6521 5297)
4(5226 5298 6522 6450)
4(5297 6521 6522 5298)
4(5227 5299 6523 6451)
4(5298 6522 6523 5299)
4(5228 5300 6524 6452)
4(5299 6523 6524 5300)
4(5229 5301 6525 6453)
4(5300 6524 6525 5301)
4(5230 5302 6526 6454)
4(5301 6525 6526 5302)
4(5231 5303 6527 6455)
4(5302 6526 6527 5303)
4(5232 5304 6528 6456)
4(5303 6527 6528 5304)
4(5233 5305 6529 6457)
4(5304 6528 6529 5305)
4(5234 5306 6530 6458)
4(5305 6529 6530 5306)
4(5235 5307 6531 6459)
4(5306 6530 6531 5307)
4(5236 5308 6532 6460)
4(5307 6531 6532 5308)
4(5237 5309 6533 6461)
4(5308 6532 6533 5309)
4(5238 5310 6534 6462)
4(5309 6533 6534 5310)
4(5239 5311 6535 6463)
4(5310 6534 6535 5311)
4(5240 5312 6536 6464)
4(5311 6535 6536 5312)
4(5241 5313 6537 6465)
4(5312 6536 6537 5313)
4(5242 5314 6538 6466)
4(5313 6537 6538 5314)
4(5243 5315 6539 6467)
4(5314 6538 6539 5315)
4(5244 5316 6540 6468)
4(5315 6539 6540 5316)
4(5245 5317 6541 6469)
4(5316 6540 6541 5317)
4(5246 5318 6542 6470)
4(5317 6541 6542 5318)
4(5247 5319 6543 6471)
4(5318 6542 6543 5319)
4(5248 5320 6544 6472)
4(5319 6543 6544 5320)
4(5249 5321 6545 6473)
4(5320 6544 6545 5321)
4(5250 5322 6546 6474)
4(5321 6545 6546 5322)
4(5251 5323 6547 6475)
4(5322 6546 6547 5323)
4(5252 5324 6548 6476)
4(5323 6547 6548 5324)
4(5253 5325 6549 6477)
4(5324 6548 6549 5325)
4(5254 5326 6550 6478)
4(5325 6549 6550 5326)
4(5255 5327 6551 6479)
4(5326 6550 6551 5327)
4(5256 5328 6552 6480)
4(5327 6551 6552 5328)
4(5257 5329 6553 6481)
4(5328 6552 6553 5329)
4(5258 5330 6554 6482)
4(5329 6553 6554 5330)
4(5259 5331 6555 6483)
4(5330 6554 6555 5331)
4(5260 5332 6556 6484)
4(5331 6555 6556 5332)
4(5261 5333 6557 6485)
4(5332 6556 6557 5333)
4(5262 5334 6558 6486)
4(5333 6557 6558 5334)
4(5263 5335 6559 6487)
4(5334 6558 6559 5335)
4(5264 5336 6560 6488)
4(5335 6559 6560 5336)
4(5265 5337 6561 6489)
4(5336 6560 6561 5337)
4(5266 5338 6562 6490)
4(5337 6561 6562 5338)
4(5267 5339 6563 6491)
4(5338 6562 6563 5339)
4(5268 5340 6564 6492)
4(5339 6563 6564 5340)
4(5269 5341 6565 6493)
4(5340 6564 6565 5341)
4(5270 5342 6566 6494)
4(5341 6565 6566 5342)
4(5271 5343 6567 6495)
4(5342 6566 6567 5343)
4(5272 5344 6568 6496)
4(5343 6567 6568 5344)
4(5273 5345 6569 6497)
4(5344 6568 6569 5345)
4(5274 5346 6570 6498)
4(5345 6569 6570 5346)
4(5275 5347 6571 6499)
4(5346 6570 6571 5347)
4(5276 5348 6572 6500)
4(5347 6571 6572 5348)
4(5277 5349 6573 6501)
4(5348 6572 6573 5349)
4(5278 5350 6574 6502)
4(5349 6573 6574 5350)
4(5279 5351 6575 6503)
4(5350 6574 6575 5351)
4(5280 5352 6576 6504)
4(5351 6575 6576 5352)
4(5281 5353 6577 6505)
4(5352 6576 6577 5353)
4(5282 5354 6578 6506)
4(5353 6577 6578 5354)
4(5283 5355 6579 6507)
4(5354 6578 6579 5355)
4(5284 5356 6580 6508)
4(5355 6579 6580 5356)
4(5285 5357 6581 6509)
4(5356 6580 6581 5357)
4(5286 5358 6582 6510)
4(5357 6581 6582 5358)
4(5287 5359 6583 6511)
4(5358 6582 6583 5359)
4(5288 5360 6584 6512)
4(5359 6583 6584 5360)
4(5360 6584 6585 5361)
4(5290 5362 6586 6514)
4(3301 3471 6586 5362)
4(5291 5363 6587 6515)
4(5362 6586 6587 5363)
4(5292 5364 6588 6516)
4(5363 6587 6588 5364)
4(5293 5365 6589 6517)
4(5364 6588 6589 5365)
4(5294 5366 6590 6518)
4(5365 6589 6590 5366)
4(5295 5367 6591 6519)
4(5366 6590 6591 5367)
4(5296 5368 6592 6520)
4(5367 6591 6592 5368)
4(5297 5369 6593 6521)
4(5368 6592 6593 5369)
4(5298 5370 6594 6522)
4(5369 6593 6594 5370)
4(5299 5371 6595 6523)
4(5370 6594 6595 5371)
4(5300 5372 6596 6524)
4(5371 6595 6596 5372)
4(5301 5373 6597 6525)
4(5372 6596 6597 5373)
4(5302 5374 6598 6526)
4(5373 6597 6598 5374)
4(5303 5375 6599 6527)
4(5374 6598 6599 5375)
4(5304 5376 6600 6528)
4(5375 6599 6600 5376)
4(5305 5377 6601 6529)
4(5376 6600 6601 5377)
4(5306 5378 6602 6530)
4(5377 6601 6602 5378)
4(5307 5379 6603 6531)
4(5378 6602 6603 5379)
4(5308 5380 6604 6532)
4(5379 6603 6604 5380)
4(5309 5381 6605 6533)
4(5380 6604 6605 5381)
4(5310 5382 6606 6534)
4(5381 6605 6606 5382)
4(5311 5383 6607 6535)
4(5382 6606 6607 5383)
4(5312 5384 6608 6536)
4(5383 6607 6608 5384)
4(5313 5385 6609 6537)
4(5384 6608 6609 5385)
4(5314 5386 6610 6538)
4(5385 6609 6610 5386)
4(5315 5387 6611 6539)
4(5386 6610 6611 5387)
4(5316 5388 6612 6540)
4(5387 6611 6612 5388)
4(5317 5389 6613 6541)
4(5388 6612 6613 5389)
4(5318 5390 6614 6542)
4(5389 6613 6614 5390)
4(5319 5391 6615 6543)
4(5390 6614 6615 5391)
4(5320 5392 6616 6544)
4(5391 6615 6616 5392)
4(5321 5393 6617 6545)
4(5392 6616 6617 5393)
4(5322 5394 6618 6546)
4(5393 6617 6618 5394)
4(5323 5395 6619 6547)
4(5394 6618 6619 5395)
4(5324 5396 6620 6548)
4(5395 6619 6620 5396)
4(5325 5397 6621 6549)
4(5396 6620 6621 5397)
4(5326 5398 6622 6550)
4(5397 6621 6622 5398)
4(5327 5399 6623 6551)
4(5398 6622 6623 5399)
4(5328 5400 6624 6552)
4(5399 6623 6624 5400)
4(5329 5401 6625 6553)
4(5400 6624 6625 5401)
4(5330 5402 6626 6554)
4(5401 6625 6626 5402)
4(5331 5403 6627 6555)
4(5402 6626 6627 5403)
4(5332 5404 6628 6556)
4(5403 6627 6628 5404)
4(5333 5405 6629 6557)
4(5404 6628 6629 5405)
4(5334 5406 6630 6558)
4(5405 6629 6630 5406)
4(5335 5407 6631 6559)
4(5406 6630 6631 5407)
4(5336 5408 6632 6560)
4(5407 6631 6632 5408)
4(5337 5409 6633 6561)
4(5408 6632 6633 5409)
4(5338 5410 6634 6562)
4(5409 6633 6634 5410)
4(5339 5411 6635 6563)
4(5410 6634 6635 5411)
4(5340 5412 6636 6564)
4(5411 6635 6636 5412)
4(5341 5413 6637 6565)
4(5412 6636 6637 5413)
4(5342 5414 6638 6566)
4(5413 6637 6638 5414)
4(5343 5415 6639 6567)
4(5414 6638 6639 5415)
4(5344 5416 6640 6568)
4(5415 6639 6640 5416)
4(5345 5417 6641 6569)
4(5416 6640 6641 5417)
4(5346 5418 6642 6570)
4(5417 6641 6642 5418)
4(5347 5419 6643 6571)
4(5418 6642 6643 5419)
4(5348 5420 6644 6572)
4(5419 6643 6644 5420)
4(5349 5421 6645 6573)
4(5420 6644 6645 5421)
4(5350 5422 6646 6574)
4(5421 6645 6646 5422)
4(5351 5423 6647 6575)
4(5422 6646 6647 5423)
4(5352 5424 6648 6576)
4(5423 6647 6648 5424)
4(5353 5425 6649 6577)
4(5424 6648 6649 5425)
4(5354 5426 6650 6578)
4(5425 6649 6650 5426)
4(5355 5427 6651 6579)
4(5426 6650 6651 5427)
4(5356 5428 6652 6580)
4(5427 6651 6652 5428)
4(5357 5429 6653 6581)
4(5428 6652 6653 5429)
4(5358 5430 6654 6582)
4(5429 6653 6654 5430)
4(5359 5431 6655 6583)
4(5430 6654 6655 5431)
4(5360 5432 6656 6584)
4(5431 6655 6656 5432)
4(5432 6656 6657 5433)
4(5362 6658 9250 6586)
4(3490 3859 9250 6658)
4(5363 6659 9251 6587)
4(6658 9250 9251 6659)
4(5364 6660 9252 6588)
4(6659 9251 9252 6660)
4(5365 6661 9253 6589)
4(6660 9252 9253 6661)
4(5366 6662 9254 6590)
4(6661 9253 9254 6662)
4(5367 6663 9255 6591)
4(6662 9254 9255 6663)
4(5368 6664 9256 6592)
4(6663 9255 9256 6664)
4(5369 6665 9257 6593)
4(6664 9256 9257 6665)
4(5370 6666 9258 6594)
4(6665 9257 9258 6666)
4(5371 6667 9259 6595)
4(6666 9258 9259 6667)
4(5372 6668 9260 6596)
4(6667 9259 9260 6668)
4(5373 6669 9261 6597)
4(6668 9260 9261 6669)
4(5374 6670 9262 6598)
4(6669 9261 9262 6670)
4(5375 6671 9263 6599)
4(6670 9262 9263 6671)
4(5376 6672 9264 6600)
4(6671 9263 9264 6672)
4(5377 6673 9265 6601)
4(6672 9264 9265 6673)
4(5378 6674 9266 6602)
4(6673 9265 9266 6674)
4(5379 6675 9267 6603)
4(6674 9266 9267 6675)
4(5380 6676 9268 6604)
4(6675 9267 9268 6676)
4(5381 6677 9269 6605)
4(6676 9268 9269 6677)
4(5382 6678 9270 6606)
4(6677 9269 9270 6678)
4(5383 6679 9271 6607)
4(6678 9270 9271 6679)
4(5384 6680 9272 6608)
4(6679 9271 9272 6680)
4(5385 6681 9273 6609)
4(6680 9272 9273 6681)
4(5386 6682 9274 6610)
4(6681 9273 9274 6682)
4(5387 6683 9275 6611)
4(6682 9274 9275 6683)
4(5388 6684 9276 6612)
4(6683 9275 9276 6684)
4(5389 6685 9277 6613)
4(6684 9276 9277 6685)
4(5390 6686 9278 6614)
4(6685 9277 9278 6686)
4(5391 6687 9279 6615)
4(6686 9278 9279 6687)
4(5392 6688 9280 6616)
4(6687 9279 9280 6688)
4(5393 6689 9281 6617)
4(6688 9280 9281 6689)
4(5394 6690 9282 6618)
4(6689 9281 9282 6690)
4(5395 6691 9283 6619)
4(6690 9282 9283 6691)
4(5396 6692 9284 6620)
4(6691 9283 9284 6692)
4(5397 6693 9285 6621)
4(6692 9284 9285 6693)
4(5398 6694 9286 6622)
4(6693 9285 9286 6694)
4(5399 6695 9287 6623)
4(6694 9286 9287 6695)
4(5400 6696 9288 6624)
4(6695 9287 9288 6696)
4(5401 6697 9289 6625)
4(6696 9288 9289 6697)
4(5402 6698 9290 6626)
4(6697 9289 9290 6698)
4(5403 6699 9291 6627)
4(6698 9290 9291 6699)
4(5404 6700 9292 6628)
4(6699 9291 9292 6700)
4(5405 6701 9293 6629)
4(6700 9292 9293 6701)
4(5406 6702 9294 6630)
4(6701 9293 9294 6702)
4(5407 6703 9295 6631)
4(6702 9294 9295 6703)
4(5408 6704 9296 6632)
4(6703 9295 9296 6704)
4(5409 6705 9297 6633)
4(6704 9296 9297 6705)
4(5410 6706 9298 6634)
4(6705 9297 9298 6706)
4(5411 6707 9299 6635)
4(6706 9298 9299 6707)
4(5412 6708 9300 6636)
4(6707 9299 9300 6708)
4(5413 6709 9301 6637)
4(6708 9300 9301 6709)
4(5414 6710 9302 6638)
4(6709 9301 9302 6710)
4(5415 6711 9303 6639)
4(6710 9302 9303 6711)
4(5416 6712 9304 6640)
4(6711 9303 9304 6712)
4(5417 6713 9305 6641)
4(6712 9304 9305 6713)
4(5418 6714 9306 6642)
4(6713 9305 9306 6714)
4(5419 6715 9307 6643)
4(6714 9306 9307 6715)
4(5420 6716 9308 6644)
4(6715 9307 9308 6716)
4(5421 6717 9309 6645)
4(6716 9308 9309 6717)
4(5422 6718 9310 6646)
4(6717 9309 9310 6718)
4(5423 6719 9311 6647)
4(6718 9310 9311 6719)
4(5424 6720 9312 6648)
4(6719 9311 9312 6720)
4(5425 6721 9313 6649)
4(6720 9312 9313 6721)
4(5426 6722 9314 6650)
4(6721 9313 9314 6722)
4(5427 6723 9315 6651)
4(6722 9314 9315 6723)
4(5428 6724 9316 6652)
4(6723 9315 9316 6724)
4(5429 6725 9317 6653)
4(6724 9316 9317 6725)
4(5430 6726 9318 6654)
4(6725 9317 9318 6726)
4(5431 6727 9319 6655)
4(6726 9318 9319 6727)
4(5432 6728 9320 6656)
4(6727 9319 9320 6728)
4(6728 9320 9321 6729)
4(6658 6730 9322 9250)
4(3500 3869 9322 6730)
4(6659 6731 9323 9251)
4(6730 9322 9323 6731)
4(6660 6732 9324 9252)
4(6731 9323 9324 6732)
4(6661 6733 9325 9253)
4(6732 9324 9325 6733)
4(6662 6734 9326 9254)
4(6733 9325 9326 6734)
4(6663 6735 9327 9255)
4(6734 9326 9327 6735)
4(6664 6736 9328 9256)
4(6735 9327 9328 6736)
4(6665 6737 9329 9257)
4(6736 9328 9329 6737)
4(6666 6738 9330 9258)
4(6737 9329 9330 6738)
4(6667 6739 9331 9259)
4(6738 9330 9331 6739)
4(6668 6740 9332 9260)
4(6739 9331 9332 6740)
4(6669 6741 9333 9261)
4(6740 9332 9333 6741)
4(6670 6742 9334 9262)
4(6741 9333 9334 6742)
4(6671 6743 9335 9263)
4(6742 9334 9335 6743)
4(6672 6744 9336 9264)
4(6743 9335 9336 6744)
4(6673 6745 9337 9265)
4(6744 9336 9337 6745)
4(6674 6746 9338 9266)
4(6745 9337 9338 6746)
4(6675 6747 9339 9267)
4(6746 9338 9339 6747)
4(6676 6748 9340 9268)
4(6747 9339 9340 6748)
4(6677 6749 9341 9269)
4(6748 9340 9341 6749)
4(6678 6750 9342 9270)
4(6749 9341 9342 6750)
4(6679 6751 9343 9271)
4(6750 9342 9343 6751)
4(6680 6752 9344 9272)
4(6751 9343 9344 6752)
4(6681 6753 9345 9273)
4(6752 9344 9345 6753)
4(6682 6754 9346 9274)
4(6753 9345 9346 6754)
4(6683 6755 9347 9275)
4(6754 9346 9347 6755)
4(6684 6756 9348 9276)
4(6755 9347 9348 6756)
4(6685 6757 9349 9277)
4(6756 9348 9349 6757)
4(6686 6758 9350 9278)
4(6757 9349 9350 6758)
4(6687 6759 9351 9279)
4(6758 9350 9351 6759)
4(6688 6760 9352 9280)
4(6759 9351 9352 6760)
4(6689 6761 9353 9281)
4(6760 9352 9353 6761)
4(6690 6762 9354 9282)
4(6761 9353 9354 6762)
4(6691 6763 9355 9283)
4(6762 9354 9355 6763)
4(6692 6764 9356 9284)
4(6763 9355 9356 6764)
4(6693 6765 9357 9285)
4(6764 9356 9357 6765)
4(6694 6766 9358 9286)
4(6765 9357 9358 6766)
4(6695 6767 9359 9287)
4(6766 9358 9359 6767)
4(6696 6768 9360 9288)
4(6767 9359 9360 6768)
4(6697 6769 9361 9289)
4(6768 9360 9361 6769)
4(6698 6770 9362 9290)
4(6769 9361 9362 6770)
4(6699 6771 9363 9291)
4(6770 9362 9363 6771)
4(6700 6772 9364 9292)
4(6771 9363 9364 6772)
4(6701 6773 9365 9293)
4(6772 9364 9365 6773)
4(6702 6774 9366 9294)
4(6773 9365 9366 6774)
4(6703 6775 9367 9295)
4(6774 9366 9367 6775)
4(6704 6776 9368 9296)
4(6775 9367 9368 6776)
4(6705 6777 9369 9297)
4(6776 9368 9369 6777)
4(6706 6778 9370 9298)
4(6777 9369 9370 6778)
4(6707 6779 9371 9299)
4(6778 9370 9371 6779)
4(6708 6780 9372 9300)
4(6779 9371 9372 6780)
4(6709 6781 9373 9301)
4(6780 9372 9373 6781)
4(6710 6782 9374 9302)
4(6781 9373 9374 6782)
4(6711 6783 9375 9303)
4(6782 9374 9375 6783)
4(6712 6784 9376 9304)
4(6783 9375 9376 6784)
4(6713 6785 9377 9305)
4(6784 9376 9377 6785)
4(6714 6786 9378 9306)
4(6785 9377 9378 6786)
4(6715 6787 9379 9307)
4(6786 9378 9379 6787)
4(6716 6788 9380 9308)
4(6787 9379 9380 6788)
4(6717 6789 9381 9309)
4(6788 9380 9381 6789)
4(6718 6790 9382 9310)
4(6789 9381 9382 6790)
4(6719 6791 9383 9311)
4(6790 9382 9383 6791)
4(6720 6792 9384 9312)
4(6791 9383 9384 6792)
4(6721 6793 9385 9313)
4(6792 9384 9385 6793)
4(6722 6794 9386 9314)
4(6793 9385 9386 6794)
4(6723 6795 9387 9315)
4(6794 9386 9387 6795)
4(6724 6796 9388 9316)
4(6795 9387 9388 6796)
4(6725 6797 9389 9317)
4(6796 9388 9389 6797)
4(6726 6798 9390 9318)
4(6797 9389 9390 6798)
4(6727 6799 9391 9319)
4(6798 9390 9391 6799)
4(6728 6800 9392 9320)
4(6799 9391 9392 6800)
4(6800 9392 9393 6801)
4(6730 6802 9394 9322)
4(3510 3879 9394 6802)
4(6731 6803 9395 9323)
4(6802 9394 9395 6803)
4(6732 6804 9396 9324)
4(6803 9395 9396 6804)
4(6733 6805 9397 9325)
4(6804 9396 9397 6805)
4(6734 6806 9398 9326)
4(6805 9397 9398 6806)
4(6735 6807 9399 9327)
4(6806 9398 9399 6807)
4(6736 6808 9400 9328)
4(6807 9399 9400 6808)
4(6737 6809 9401 9329)
4(6808 9400 9401 6809)
4(6738 6810 9402 9330)
4(6809 9401 9402 6810)
4(6739 6811 9403 9331)
4(6810 9402 9403 6811)
4(6740 6812 9404 9332)
4(6811 9403 9404 6812)
4(6741 6813 9405 9333)
4(6812 9404 9405 6813)
4(6742 6814 9406 9334)
4(6813 9405 9406 6814)
4(6743 6815 9407 9335)
4(6814 9406 9407 6815)
4(6744 6816 9408 9336)
4(6815 9407 9408 6816)
4(6745 6817 9409 9337)
4(6816 9408 9409 6817)
4(6746 6818 9410 9338)
4(6817 9409 9410 6818)
4(6747 6819 9411 9339)
4(6818 9410 9411 6819)
4(6748 6820 9412 9340)
4(6819 9411 9412 6820)
4(6749 6821 9413 9341)
4(6820 9412 9413 6821)
4(6750 6822 9414 9342)
4(6821 9413 9414 6822)
4(6751 6823 9415 9343)
4(6822 9414 9415 6823)
4(6752 6824 9416 9344)
4(6823 9415 9416 6824)
4(6753 6825 9417 9345)
4(6824 9416 9417 6825)
4(6754 6826 9418 9346)
4(6825 9417 9418 6826)
4(6755 6827 9419 9347)
4(6826 9418 9419 6827)
4(6756 6828 9420 9348)
4(6827 9419 9420 6828)
4(6757 6829 9421 9349)
4(6828 9420 9421 6829)
4(6758 6830 9422 9350)
4(6829 9421 9422 6830)
4(6759 6831 9423 9351)
4(6830 9422 9423 6831)
4(6760 6832 9424 9352)
4(6831 9423 9424 6832)
4(6761 6833 9425 9353)
4(6832 9424 9425 6833)
4(6762 6834 9426 9354)
4(6833 9425 9426 6834)
4(6763 6835 9427 9355)
4(6834 9426 9427 6835)
4(6764 6836 9428 9356)
4(6835 9427 9428 6836)
4(6765 6837 9429 9357)
4(6836 9428 9429 6837)
4(6766 6838 9430 9358)
4(6837 9429 9430 6838)
4(6767 6839 9431 9359)
4(6838 9430 9431 6839)
4(6768 6840 9432 9360)
4(6839 9431 9432 6840)
4(6769 6841 9433 9361)
4(6840 9432 9433 6841)
4(6770 6842 9434 9362)
4(6841 9433 9434 6842)
4(6771 6843 9435 9363)
4(6842 9434 9435 6843)
4(6772 6844 9436 9364)
4(6843 9435 9436 6844)
4(6773 6845 9437 9365)
4(6844 9436 9437 6845)
4(6774 6846 9438 9366)
4(6845 9437 9438 6846)
4(6775 6847 9439 9367)
4(6846 9438 9439 6847)
4(6776 6848 9440 9368)
4(6847 9439 9440 6848)
4(6777 6849 9441 9369)
4(6848 9440 9441 6849)
4(6778 6850 9442 9370)
4(6849 9441 9442 6850)
4(6779 6851 9443 9371)
4(6850 9442 9443 6851)
4(6780 6852 9444 9372)
4(6851 9443 9444 6852)
4(6781 6853 9445 9373)
4(6852 9444 9445 6853)
4(6782 6854 9446 9374)
4(6853 9445 9446 6854)
4(6783 6855 9447 9375)
4(6854 9446 9447 6855)
4(6784 6856 9448 9376)
4(6855 9447 9448 6856)
4(6785 6857 9449 9377)
4(6856 9448 9449 6857)
4(6786 6858 9450 9378)
4(6857 9449 9450 6858)
4(6787 6859 9451 9379)
4(6858 9450 9451 6859)
4(6788 6860 9452 9380)
4(6859 9451 9452 6860)
4(6789 6861 9453 9381)
4(6860 9452 9453 6861)
4(6790 6862 9454 9382)
4(6861 9453 9454 6862)
4(6791 6863 9455 9383)
4(6862 9454 9455 6863)
4(6792 6864 9456 9384)
4(6863 9455 9456 6864)
4(6793 6865 9457 9385)
4(6864 9456 9457 6865)
4(6794 6866 9458 9386)
4(6865 9457 9458 6866)
4(6795 6867 9459 9387)
4(6866 9458 9459 6867)
4(6796 6868 9460 9388)
4(6867 9459 9460 6868)
4(6797 6869 9461 9389)
4(6868 9460 9461 6869)
4(6798 6870 9462 9390)
4(6869 9461 9462 6870)
4(6799 6871 9463 9391)
4(6870 9462 9463 6871)
4(6800 6872 9464 9392)
4(6871 9463 9464 6872)
4(6872 9464 9465 6873)
4(6802 6874 9466 9394)
4(3520 3889 9466 6874)
4(6803 6875 9467 9395)
4(6874 9466 9467 6875)
4(6804 6876 9468 9396)
4(6875 9467 9468 6876)
4(6805 6877 9469 9397)
4(6876 9468 9469 6877)
4(6806 6878 9470 9398)
4(6877 9469 9470 6878)
4(6807 6879 9471 9399)
4(6878 9470 9471 6879)
4(6808 6880 9472 9400)
4(6879 9471 9472 6880)
4(6809 6881 9473 9401)
4(6880 9472 9473 6881)
4(6810 6882 9474 9402)
4(6881 9473 9474 6882)
4(6811 6883 9475 9403)
4(6882 9474 9475 6883)
4(6812 6884 9476 9404)
4(6883 9475 9476 6884)
4(6813 6885 9477 9405)
4(6884 9476 9477 6885)
4(6814 6886 9478 9406)
4(6885 9477 9478 6886)
4(6815 6887 9479 9407)
4(6886 9478 9479 6887)
4(6816 6888 9480 9408)
4(6887 9479 9480 6888)
4(6817 6889 9481 9409)
4(6888 9480 9481 6889)
4(6818 6890 9482 9410)
4(6889 9481 9482 6890)
4(6819 6891 9483 9411)
4(6890 9482 9483 6891)
4(6820 6892 9484 9412)
4(6891 9483 9484 6892)
4(6821 6893 9485 9413)
4(6892 9484 9485 6893)
4(6822 6894 9486 9414)
4(6893 9485 9486 6894)
4(6823 6895 9487 9415)
4(6894 9486 9487 6895)
4(6824 6896 9488 9416)
4(6895 9487 9488 6896)
4(6825 6897 9489 9417)
4(6896 9488 9489 6897)
4(6826 6898 9490 9418)
4(6897 9489 9490 6898)
4(6827 6899 9491 9419)
4(6898 9490 9491 6899)
4(6828 6900 9492 9420)
4(6899 9491 9492 6900)
4(6829 6901 9493 9421)
4(6900 9492 9493 6901)
4(6830 6902 9494 9422)
4(6901 9493 9494 6902)
4(6831 6903 9495 9423)
4(6902 9494 9495 6903)
4(6832 6904 9496 9424)
4(6903 9495 9496 6904)
4(6833 6905 9497 9425)
4(6904 9496 9497 6905)
4(6834 6906 9498 9426)
4(6905 9497 9498 6906)
4(6835 6907 9499 9427)
4(6906 9498 9499 6907)
4(6836 6908 9500 9428)
4(6907 9499 9500 6908)
4(6837 6909 9501 9429)
4(6908 9500 9501 6909)
4(6838 6910 9502 9430)
4(6909 9501 9502 6910)
4(6839 6911 9503 9431)
4(6910 9502 9503 6911)
4(6840 6912 9504 9432)
4(6911 9503 9504 6912)
4(6841 6913 9505 9433)
4(6912 9504 9505 6913)
4(6842 6914 9506 9434)
4(6913 9505 9506 6914)
4(6843 6915 9507 9435)
4(6914 9506 9507 6915)
4(6844 6916 9508 9436)
4(6915 9507 9508 6916)
4(6845 6917 9509 9437)
4(6916 9508 9509 6917)
4(6846 6918 9510 9438)
4(6917 9509 9510 6918)
4(6847 6919 9511 9439)
4(6918 9510 9511 6919)
4(6848 6920 9512 9440)
4(6919 9511 9512 6920)
4(6849 6921 9513 9441)
4(6920 9512 9513 6921)
4(6850 6922 9514 9442)
4(6921 9513 9514 6922)
4(6851 6923 9515 9443)
4(6922 9514 9515 6923)
4(6852 6924 9516 9444)
4(6923 9515 9516 6924)
4(6853 6925 9517 9445)
4(6924 9516 9517 6925)
4(6854 6926 9518 9446)
4(6925 9517 9518 6926)
4(6855 6927 9519 9447)
4(6926 9518 9519 6927)
4(6856 6928 9520 9448)
4(6927 9519 9520 6928)
4(6857 6929 9521 9449)
4(6928 9520 9521 6929)
4(6858 6930 9522 9450)
4(6929 9521 9522 6930)
4(6859 6931 9523 9451)
4(6930 9522 9523 6931)
4(6860 6932 9524 9452)
4(6931 9523 9524 6932)
4(6861 6933 9525 9453)
4(6932 9524 9525 6933)
4(6862 6934 9526 9454)
4(6933 9525 9526 6934)
4(6863 6935 9527 9455)
4(6934 9526 9527 6935)
4(6864 6936 9528 9456)
4(6935 9527 9528 6936)
4(6865 6937 9529 9457)
4(6936 9528 9529 6937)
4(6866 6938 9530 9458)
4(6937 9529 9530 6938)
4(6867 6939 9531 9459)
4(6938 9530 9531 6939)
4(6868 6940 9532 9460)
4(6939 9531 9532 6940)
4(6869 6941 9533 9461)
4(6940 9532 9533 6941)
4(6870 6942 9534 9462)
4(6941 9533 9534 6942)
4(6871 6943 9535 9463)
4(6942 9534 9535 6943)
4(6872 6944 9536 9464)
4(6943 9535 9536 6944)
4(6944 9536 9537 6945)
4(6874 6946 9538 9466)
4(3530 3899 9538 6946)
4(6875 6947 9539 9467)
4(6946 9538 9539 6947)
4(6876 6948 9540 9468)
4(6947 9539 9540 6948)
4(6877 6949 9541 9469)
4(6948 9540 9541 6949)
4(6878 6950 9542 9470)
4(6949 9541 9542 6950)
4(6879 6951 9543 9471)
4(6950 9542 9543 6951)
4(6880 6952 9544 9472)
4(6951 9543 9544 6952)
4(6881 6953 9545 9473)
4(6952 9544 9545 6953)
4(6882 6954 9546 9474)
4(6953 9545 9546 6954)
4(6883 6955 9547 9475)
4(6954 9546 9547 6955)
4(6884 6956 9548 9476)
4(6955 9547 9548 6956)
4(6885 6957 9549 9477)
4(6956 9548 9549 6957)
4(6886 6958 9550 9478)
4(6957 9549 9550 6958)
4(6887 6959 9551 9479)
4(6958 9550 9551 6959)
4(6888 6960 9552 9480)
4(6959 9551 9552 6960)
4(6889 6961 9553 9481)
4(6960 9552 9553 6961)
4(6890 6962 9554 9482)
4(6961 9553 9554 6962)
4(6891 6963 9555 9483)
4(6962 9554 9555 6963)
4(6892 6964 9556 9484)
4(6963 9555 9556 6964)
4(6893 6965 9557 9485)
4(6964 9556 9557 6965)
4(6894 6966 9558 9486)
4(6965 9557 9558 6966)
4(6895 6967 9559 9487)
4(6966 9558 9559 6967)
4(6896 6968 9560 9488)
4(6967 9559 9560 6968)
4(6897 6969 9561 9489)
4(6968 9560 9561 6969)
4(6898 6970 9562 9490)
4(6969 9561 9562 6970)
4(6899 6971 9563 9491)
4(6970 9562 9563 6971)
4(6900 6972 9564 9492)
4(6971 9563 9564 6972)
4(6901 6973 9565 9493)
4(6972 9564 9565 6973)
4(6902 6974 9566 9494)
4(6973 9565 9566 6974)
4(6903 6975 9567 9495)
4(6974 9566 9567 6975)
4(6904 6976 9568 9496)
4(6975 9567 9568 6976)
4(6905 6977 9569 9497)
4(6976 9568 9569 6977)
4(6906 6978 9570 9498)
4(6977 9569 9570 6978)
4(6907 6979 9571 9499)
4(6978 9570 9571 6979)
4(6908 6980 9572 9500)
4(6979 9571 9572 6980)
4(6909 6981 9573 9501)
4(6980 9572 9573 6981)
4(6910 6982 9574 9502)
4(6981 9573 9574 6982)
4(6911 6983 9575 9503)
4(6982 9574 9575 6983)
4(6912 6984 9576 9504)
4(6983 9575 9576 6984)
4(6913 6985 9577 9505)
4(6984 9576 9577 6985)
4(6914 6986 9578 9506)
4(6985 9577 9578 6986)
4(6915 6987 9579 9507)
4(6986 9578 9579 6987)
4(6916 6988 9580 9508)
4(6987 9579 9580 6988)
4(6917 6989 9581 9509)
4(6988 9580 9581 6989)
4(6918 6990 9582 9510)
4(6989 9581 9582 6990)
4(6919 6991 9583 9511)
4(6990 9582 9583 6991)
4(6920 6992 9584 9512)
4(6991 9583 9584 6992)
4(6921 6993 9585 9513)
4(6992 9584 9585 6993)
4(6922 6994 9586 9514)
4(6993 9585 9586 6994)
4(6923 6995 9587 9515)
4(6994 9586 9587 6995)
4(6924 6996 9588 9516)
4(6995 9587 9588 6996)
4(6925 6997 9589 9517)
4(6996 9588 9589 6997)
4(6926 6998 9590 9518)
4(6997 9589 9590 6998)
4(6927 6999 9591 9519)
4(6998 9590 9591 6999)
4(6928 7000 9592 9520)
4(6999 9591 9592 7000)
4(6929 7001 9593 9521)
4(7000 9592 9593 7001)
4(6930 7002 9594 9522)
4(7001 9593 9594 7002)
4(6931 7003 9595 9523)
4(7002 9594 9595 7003)
4(6932 7004 9596 9524)
4(7003 9595 9596 7004)
4(6933 7005 9597 9525)
4(7004 9596 9597 7005)
4(6934 7006 9598 9526)
4(7005 9597 9598 7006)
4(6935 7007 9599 9527)
4(7006 9598 9599 7007)
4(6936 7008 9600 9528)
4(7007 9599 9600 7008)
4(6937 7009 9601 9529)
4(7008 9600 9601 7009)
4(6938 7010 9602 9530)
4(7009 9601 9602 7010)
4(6939 7011 9603 9531)
4(7010 9602 9603 7011)
4(6940 7012 9604 9532)
4(7011 9603 9604 7012)
4(6941 7013 9605 9533)
4(7012 9604 9605 7013)
4(6942 7014 9606 9534)
4(7013 9605 9606 7014)
4(6943 7015 9607 9535)
4(7014 9606 9607 7015)
4(6944 7016 9608 9536)
4(7015 9607 9608 7016)
4(7016 9608 9609 7017)
4(6946 7018 9610 9538)
4(3540 3909 9610 7018)
4(6947 7019 9611 9539)
4(7018 9610 9611 7019)
4(6948 7020 9612 9540)
4(7019 9611 9612 7020)
4(6949 7021 9613 9541)
4(7020 9612 9613 7021)
4(6950 7022 9614 9542)
4(7021 9613 9614 7022)
4(6951 7023 9615 9543)
4(7022 9614 9615 7023)
4(6952 7024 9616 9544)
4(7023 9615 9616 7024)
4(6953 7025 9617 9545)
4(7024 9616 9617 7025)
4(6954 7026 9618 9546)
4(7025 9617 9618 7026)
4(6955 7027 9619 9547)
4(7026 9618 9619 7027)
4(6956 7028 9620 9548)
4(7027 9619 9620 7028)
4(6957 7029 9621 9549)
4(7028 9620 9621 7029)
4(6958 7030 9622 9550)
4(7029 9621 9622 7030)
4(6959 7031 9623 9551)
4(7030 9622 9623 7031)
4(6960 7032 9624 9552)
4(7031 9623 9624 7032)
4(6961 7033 9625 9553)
4(7032 9624 9625 7033)
4(6962 7034 9626 9554)
4(7033 9625 9626 7034)
4(6963 7035 9627 9555)
4(7034 9626 9627 7035)
4(6964 7036 9628 9556)
4(7035 9627 9628 7036)
4(6965 7037 9629 9557)
4(7036 9628 9629 7037)
4(6966 7038 9630 9558)
4(7037 9629 9630 7038)
4(6967 7039 9631 9559)
4(7038 9630 9631 7039)
4(6968 7040 9632 9560)
4(7039 9631 9632 7040)
4(6969 7041 9633 9561)
4(7040 9632 9633 7041)
4(6970 7042 9634 9562)
4(7041 9633 9634 7042)
4(6971 7043 9635 9563)
4(7042 9634 9635 7043)
4(6972 7044 9636 9564)
4(7043 9635 9636 7044)
4(6973 7045 9637 9565)
4(7044 9636 9637 7045)
4(6974 7046 9638 9566)
4(7045 9637 9638 7046)
4(6975 7047 9639 9567)
4(7046 9638 9639 7047)
4(6976 7048 9640 9568)
4(7047 9639 9640 7048)
4(6977 7049 9641 9569)
4(7048 9640 9641 7049)
4(6978 7050 9642 9570)
4(7049 9641 9642 7050)
4(6979 7051 9643 9571)
4(7050 9642 9643 7051)
4(6980 7052 9644 9572)
4(7051 9643 9644 7052)
4(6981 7053 9645 9573)
4(7052 9644 9645 7053)
4(6982 7054 9646 9574)
4(7053 9645 9646 7054)
4(6983 7055 9647 9575)
4(7054 9646 9647 7055)
4(6984 7056 9648 9576)
4(7055 9647 9648 7056)
4(6985 7057 9649 9577)
4(7056 9648 9649 7057)
4(6986 7058 9650 9578)
4(7057 9649 9650 7058)
4(6987 7059 9651 9579)
4(7058 9650 9651 7059)
4(6988 7060 9652 9580)
4(7059 9651 9652 7060)
4(6989 7061 9653 9581)
4(7060 9652 9653 7061)
4(6990 7062 9654 9582)
4(7061 9653 9654 7062)
4(6991 7063 9655 9583)
4(7062 9654 9655 7063)
4(6992 7064 9656 9584)
4(7063 9655 9656 7064)
4(6993 7065 9657 9585)
4(7064 9656 9657 7065)
4(6994 7066 9658 9586)
4(7065 9657 9658 7066)
4(6995 7067 9659 9587)
4(7066 9658 9659 7067)
4(6996 7068 9660 9588)
4(7067 9659 9660 7068)
4(6997 7069 9661 9589)
4(7068 9660 9661 7069)
4(6998 7070 9662 9590)
4(7069 9661 9662 7070)
4(6999 7071 9663 9591)
4(7070 9662 9663 7071)
4(7000 7072 9664 9592)
4(7071 9663 9664 7072)
4(7001 7073 9665 9593)
4(7072 9664 9665 7073)
4(7002 7074 9666 9594)
4(7073 9665 9666 7074)
4(7003 7075 9667 9595)
4(7074 9666 9667 7075)
4(7004 7076 9668 9596)
4(7075 9667 9668 7076)
4(7005 7077 9669 9597)
4(7076 9668 9669 7077)
4(7006 7078 9670 9598)
4(7077 9669 9670 7078)
4(7007 7079 9671 9599)
4(7078 9670 9671 7079)
4(7008 7080 9672 9600)
4(7079 9671 9672 7080)
4(7009 7081 9673 9601)
4(7080 9672 9673 7081)
4(7010 7082 9674 9602)
4(7081 9673 9674 7082)
4(7011 7083 9675 9603)
4(7082 9674 9675 7083)
4(7012 7084 9676 9604)
4(7083 9675 9676 7084)
4(7013 7085 9677 9605)
4(7084 9676 9677 7085)
4(7014 7086 9678 9606)
4(7085 9677 9678 7086)
4(7015 7087 9679 9607)
4(7086 9678 9679 7087)
4(7016 7088 9680 9608)
4(7087 9679 9680 7088)
4(7088 9680 9681 7089)
4(7018 7090 9682 9610)
4(3550 3919 9682 7090)
4(7019 7091 9683 9611)
4(7090 9682 9683 7091)
4(7020 7092 9684 9612)
4(7091 9683 9684 7092)
4(7021 7093 9685 9613)
4(7092 9684 9685 7093)
4(7022 7094 9686 9614)
4(7093 9685 9686 7094)
4(7023 7095 9687 9615)
4(7094 9686 9687 7095)
4(7024 7096 9688 9616)
4(7095 9687 9688 7096)
4(7025 7097 9689 9617)
4(7096 9688 9689 7097)
4(7026 7098 9690 9618)
4(7097 9689 9690 7098)
4(7027 7099 9691 9619)
4(7098 9690 9691 7099)
4(7028 7100 9692 9620)
4(7099 9691 9692 7100)
4(7029 7101 9693 9621)
4(7100 9692 9693 7101)
4(7030 7102 9694 9622)
4(7101 9693 9694 7102)
4(7031 7103 9695 9623)
4(7102 9694 9695 7103)
4(7032 7104 9696 9624)
4(7103 9695 9696 7104)
4(7033 7105 9697 9625)
4(7104 9696 9697 7105)
4(7034 7106 9698 9626)
4(7105 9697 9698 7106)
4(7035 7107 9699 9627)
4(7106 9698 9699 7107)
4(7036 7108 9700 9628)
4(7107 9699 9700 7108)
4(7037 7109 9701 9629)
4(7108 9700 9701 7109)
4(7038 7110 9702 9630)
4(7109 9701 9702 7110)
4(7039 7111 9703 9631)
4(7110 9702 9703 7111)
4(7040 7112 9704 9632)
4(7111 9703 9704 7112)
4(7041 7113 9705 9633)
4(7112 9704 9705 7113)
4(7042 7114 9706 9634)
4(7113 9705 9706 7114)
4(7043 7115 9707 9635)
4(7114 9706 9707 7115)
4(7044 7116 9708 9636)
4(7115 9707 9708 7116)
4(7045 7117 9709 9637)
4(7116 9708 9709 7117)
4(7046 7118 9710 9638)
4(7117 9709 9710 7118)
4(7047 7119 9711 9639)
4(7118 9710 9711 7119)
4(7048 7120 9712 9640)
4(7119 9711 9712 7120)
4(7049 7121 9713 9641)
4(7120 9712 9713 7121)
4(7050 7122 9714 9642)
4(7121 9713 9714 7122)
4(7051 7123 9715 9643)
4(7122 9714 9715 7123)
4(7052 7124 9716 9644)
4(7123 9715 9716 7124)
4(7053 7125 9717 9645)
4(7124 9716 9717 7125)
4(7054 7126 9718 9646)
4(7125 9717 9718 7126)
4(7055 7127 9719 9647)
4(7126 9718 9719 7127)
4(7056 7128 9720 9648)
4(7127 9719 9720 7128)
4(7057 7129 9721 9649)
4(7128 9720 9721 7129)
4(7058 7130 9722 9650)
4(7129 9721 9722 7130)
4(7059 7131 9723 9651)
4(7130 9722 9723 7131)
4(7060 7132 9724 9652)
4(7131 9723 9724 7132)
4(7061 7133 9725 9653)
4(7132 9724 9725 7133)
4(7062 7134 9726 9654)
4(7133 9725 9726 7134)
4(7063 7135 9727 9655)
4(7134 9726 9727 7135)
4(7064 7136 9728 9656)
4(7135 9727 9728 7136)
4(7065 7137 9729 9657)
4(7136 9728 9729 7137)
4(7066 7138 9730 9658)
4(7137 9729 9730 7138)
4(7067 7139 9731 9659)
4(7138 9730 9731 7139)
4(7068 7140 9732 9660)
4(7139 9731 9732 7140)
4(7069 7141 9733 9661)
4(7140 9732 9733 7141)
4(7070 7142 9734 9662)
4(7141 9733 9734 7142)
4(7071 7143 9735 9663)
4(7142 9734 9735 7143)
4(7072 7144 9736 9664)
4(7143 9735 9736 7144)
4(7073 7145 9737 9665)
4(7144 9736 9737 7145)
4(7074 7146 9738 9666)
4(7145 9737 9738 7146)
4(7075 7147 9739 9667)
4(7146 9738 9739 7147)
4(7076 7148 9740 9668)
4(7147 9739 9740 7148)
4(7077 7149 9741 9669)
4(7148 9740 9741 7149)
4(7078 7150 9742 9670)
4(7149 9741 9742 7150)
4(7079 7151 9743 9671)
4(7150 9742 9743 7151)
4(7080 7152 9744 9672)
4(7151 9743 9744 7152)
4(7081 7153 9745 9673)
4(7152 9744 9745 7153)
4(7082 7154 9746 9674)
4(7153 9745 9746 7154)
4(7083 7155 9747 9675)
4(7154 9746 9747 7155)
4(7084 7156 9748 9676)
4(7155 9747 9748 7156)
4(7085 7157 9749 9677)
4(7156 9748 9749 7157)
4(7086 7158 9750 9678)
4(7157 9749 9750 7158)
4(7087 7159 9751 9679)
4(7158 9750 9751 7159)
4(7088 7160 9752 9680)
4(7159 9751 9752 7160)
4(7160 9752 9753 7161)
4(7090 7162 9754 9682)
4(3560 3929 9754 7162)
4(7091 7163 9755 9683)
4(7162 9754 9755 7163)
4(7092 7164 9756 9684)
4(7163 9755 9756 7164)
4(7093 7165 9757 9685)
4(7164 9756 9757 7165)
4(7094 7166 9758 9686)
4(7165 9757 9758 7166)
4(7095 7167 9759 9687)
4(7166 9758 9759 7167)
4(7096 7168 9760 9688)
4(7167 9759 9760 7168)
4(7097 7169 9761 9689)
4(7168 9760 9761 7169)
4(7098 7170 9762 9690)
4(7169 9761 9762 7170)
4(7099 7171 9763 9691)
4(7170 9762 9763 7171)
4(7100 7172 9764 9692)
4(7171 9763 9764 7172)
4(7101 7173 9765 9693)
4(7172 9764 9765 7173)
4(7102 7174 9766 9694)
4(7173 9765 9766 7174)
4(7103 7175 9767 9695)
4(7174 9766 9767 7175)
4(7104 7176 9768 9696)
4(7175 9767 9768 7176)
4(7105 7177 9769 9697)
4(7176 9768 9769 7177)
4(7106 7178 9770 9698)
4(7177 9769 9770 7178)
4(7107 7179 9771 9699)
4(7178 9770 9771 7179)
4(7108 7180 9772 9700)
4(7179 9771 9772 7180)
4(7109 7181 9773 9701)
4(7180 9772 9773 7181)
4(7110 7182 9774 9702)
4(7181 9773 9774 7182)
4(7111 7183 9775 9703)
4(7182 9774 9775 7183)
4(7112 7184 9776 9704)
4(7183 9775 9776 7184)
4(7113 7185 9777 9705)
4(7184 9776 9777 7185)
4(7114 7186 9778 9706)
4(7185 9777 9778 7186)
4(7115 7187 9779 9707)
4(7186 9778 9779 7187)
4(7116 7188 9780 9708)
4(7187 9779 9780 7188)
4(7117 7189 9781 9709)
4(7188 9780 9781 7189)
4(7118 7190 9782 9710)
4(7189 9781 9782 7190)
4(7119 7191 9783 9711)
4(7190 9782 9783 7191)
4(7120 7192 9784 9712)
4(7191 9783 9784 7192)
4(7121 7193 9785 9713)
4(7192 9784 9785 7193)
4(7122 7194 9786 9714)
4(7193 9785 9786 7194)
4(7123 7195 9787 9715)
4(7194 9786 9787 7195)
4(7124 7196 9788 9716)
4(7195 9787 9788 7196)
4(7125 7197 9789 9717)
4(7196 9788 9789 7197)
4(7126 7198 9790 9718)
4(7197 9789 9790 7198)
4(7127 7199 9791 9719)
4(7198 9790 9791 7199)
4(7128 7200 9792 9720)
4(7199 9791 9792 7200)
4(7129 7201 9793 9721)
4(7200 9792 9793 7201)
4(7130 7202 9794 9722)
4(7201 9793 9794 7202)
4(7131 7203 9795 9723)
4(7202 9794 9795 7203)
4(7132 7204 9796 9724)
4(7203 9795 9796 7204)
4(7133 7205 9797 9725)
4(7204 9796 9797 7205)
4(7134 7206 9798 9726)
4(7205 9797 9798 7206)
4(7135 7207 9799 9727)
4(7206 9798 9799 7207)
4(7136 7208 9800 9728)
4(7207 9799 9800 7208)
4(7137 7209 9801 9729)
4(7208 9800 9801 7209)
4(7138 7210 9802 9730)
4(7209 9801 9802 7210)
4(7139 7211 9803 9731)
4(7210 9802 9803 7211)
4(7140 7212 9804 9732)
4(7211 9803 9804 7212)
4(7141 7213 9805 9733)
4(7212 9804 9805 7213)
4(7142 7214 9806 9734)
4(7213 9805 9806 7214)
4(7143 7215 9807 9735)
4(7214 9806 9807 7215)
4(7144 7216 9808 9736)
4(7215 9807 9808 7216)
4(7145 7217 9809 9737)
4(7216 9808 9809 7217)
4(7146 7218 9810 9738)
4(7217 9809 9810 7218)
4(7147 7219 9811 9739)
4(7218 9810 9811 7219)
4(7148 7220 9812 9740)
4(7219 9811 9812 7220)
4(7149 7221 9813 9741)
4(7220 9812 9813 7221)
4(7150 7222 9814 9742)
4(7221 9813 9814 7222)
4(7151 7223 9815 9743)
4(7222 9814 9815 7223)
4(7152 7224 9816 9744)
4(7223 9815 9816 7224)
4(7153 7225 9817 9745)
4(7224 9816 9817 7225)
4(7154 7226 9818 9746)
4(7225 9817 9818 7226)
4(7155 7227 9819 9747)
4(7226 9818 9819 7227)
4(7156 7228 9820 9748)
4(7227 9819 9820 7228)
4(7157 7229 9821 9749)
4(7228 9820 9821 7229)
4(7158 7230 9822 9750)
4(7229 9821 9822 7230)
4(7159 7231 9823 9751)
4(7230 9822 9823 7231)
4(7160 7232 9824 9752)
4(7231 9823 9824 7232)
4(7232 9824 9825 7233)
4(7162 7234 9826 9754)
4(3570 3939 9826 7234)
4(7163 7235 9827 9755)
4(7234 9826 9827 7235)
4(7164 7236 9828 9756)
4(7235 9827 9828 7236)
4(7165 7237 9829 9757)
4(7236 9828 9829 7237)
4(7166 7238 9830 9758)
4(7237 9829 9830 7238)
4(7167 7239 9831 9759)
4(7238 9830 9831 7239)
4(7168 7240 9832 9760)
4(7239 9831 9832 7240)
4(7169 7241 9833 9761)
4(7240 9832 9833 7241)
4(7170 7242 9834 9762)
4(7241 9833 9834 7242)
4(7171 7243 9835 9763)
4(7242 9834 9835 7243)
4(7172 7244 9836 9764)
4(7243 9835 9836 7244)
4(7173 7245 9837 9765)
4(7244 9836 9837 7245)
4(7174 7246 9838 9766)
4(7245 9837 9838 7246)
4(7175 7247 9839 9767)
4(7246 9838 9839 7247)
4(7176 7248 9840 9768)
4(7247 9839 9840 7248)
4(7177 7249 9841 9769)
4(7248 9840 9841 7249)
4(7178 7250 9842 9770)
4(7249 9841 9842 7250)
4(7179 7251 9843 9771)
4(7250 9842 9843 7251)
4(7180 7252 9844 9772)
4(7251 9843 9844 7252)
4(7181 7253 9845 9773)
4(7252 9844 9845 7253)
4(7182 7254 9846 9774)
4(7253 9845 9846 7254)
4(7183 7255 9847 9775)
4(7254 9846 9847 7255)
4(7184 7256 9848 9776)
4(7255 9847 9848 7256)
4(7185 7257 9849 9777)
4(7256 9848 9849 7257)
4(7186 7258 9850 9778)
4(7257 9849 9850 7258)
4(7187 7259 9851 9779)
4(7258 9850 9851 7259)
4(7188 7260 9852 9780)
4(7259 9851 9852 7260)
4(7189 7261 9853 9781)
4(7260 9852 9853 7261)
4(7190 7262 9854 9782)
4(7261 9853 9854 7262)
4(7191 7263 9855 9783)
4(7262 9854 9855 7263)
4(7192 7264 9856 9784)
4(7263 9855 9856 7264)
4(7193 7265 9857 9785)
4(7264 9856 9857 7265)
4(7194 7266 9858 9786)
4(7265 9857 9858 7266)
4(7195 7267 9859 9787)
4(7266 9858 9859 7267)
4(7196 7268 9860 9788)
4(7267 9859 9860 7268)
4(7197 7269 9861 9789)
4(7268 9860 9861 7269)
4(7198 7270 9862 9790)
4(7269 9861 9862 7270)
4(7199 7271 9863 9791)
4(7270 9862 9863 7271)
4(7200 7272 9864 9792)
4(7271 9863 9864 7272)
4(7201 7273 9865 9793)
4(7272 9864 9865 7273)
4(7202 7274 9866 9794)
4(7273 9865 9866 7274)
4(7203 7275 9867 9795)
4(7274 9866 9867 7275)
4(7204 7276 9868 9796)
4(7275 9867 9868 7276)
4(7205 7277 9869 9797)
4(7276 9868 9869 7277)
4(7206 7278 9870 9798)
4(7277 9869 9870 7278)
4(7207 7279 9871 9799)
4(7278 9870 9871 7279)
4(7208 7280 9872 9800)
4(7279 9871 9872 7280)
4(7209 7281 9873 9801)
4(7280 9872 9873 7281)
4(7210 7282 9874 9802)
4(7281 9873 9874 7282)
4(7211 7283 9875 9803)
4(7282 9874 9875 7283)
4(7212 7284 9876 9804)
4(7283 9875 9876 7284)
4(7213 7285 9877 9805)
4(7284 9876 9877 7285)
4(7214 7286 9878 9806)
4(7285 9877 9878 7286)
4(7215 7287 9879 9807)
4(7286 9878 9879 7287)
4(7216 7288 9880 9808)
4(7287 9879 9880 7288)
4(7217 7289 9881 9809)
4(7288 9880 9881 7289)
4(7218 7290 9882 9810)
4(7289 9881 9882 7290)
4(7219 7291 9883 9811)
4(7290 9882 9883 7291)
4(7220 7292 9884 9812)
4(7291 9883 9884 7292)
4(7221 7293 9885 9813)
4(7292 9884 9885 7293)
4(7222 7294 9886 9814)
4(7293 9885 9886 7294)
4(7223 7295 9887 9815)
4(7294 9886 9887 7295)
4(7224 7296 9888 9816)
4(7295 9887 9888 7296)
4(7225 7297 9889 9817)
4(7296 9888 9889 7297)
4(7226 7298 9890 9818)
4(7297 9889 9890 7298)
4(7227 7299 9891 9819)
4(7298 9890 9891 7299)
4(7228 7300 9892 9820)
4(7299 9891 9892 7300)
4(7229 7301 9893 9821)
4(7300 9892 9893 7301)
4(7230 7302 9894 9822)
4(7301 9893 9894 7302)
4(7231 7303 9895 9823)
4(7302 9894 9895 7303)
4(7232 7304 9896 9824)
4(7303 9895 9896 7304)
4(7304 9896 9897 7305)
4(7234 7306 9898 9826)
4(3580 3949 9898 7306)
4(7235 7307 9899 9827)
4(7306 9898 9899 7307)
4(7236 7308 9900 9828)
4(7307 9899 9900 7308)
4(7237 7309 9901 9829)
4(7308 9900 9901 7309)
4(7238 7310 9902 9830)
4(7309 9901 9902 7310)
4(7239 7311 9903 9831)
4(7310 9902 9903 7311)
4(7240 7312 9904 9832)
4(7311 9903 9904 7312)
4(7241 7313 9905 9833)
4(7312 9904 9905 7313)
4(7242 7314 9906 9834)
4(7313 9905 9906 7314)
4(7243 7315 9907 9835)
4(7314 9906 9907 7315)
4(7244 7316 9908 9836)
4(7315 9907 9908 7316)
4(7245 7317 9909 9837)
4(7316 9908 9909 7317)
4(7246 7318 9910 9838)
4(7317 9909 9910 7318)
4(7247 7319 9911 9839)
4(7318 9910 9911 7319)
4(7248 7320 9912 9840)
4(7319 9911 9912 7320)
4(7249 7321 9913 9841)
4(7320 9912 9913 7321)
4(7250 7322 9914 9842)
4(7321 9913 9914 7322)
4(7251 7323 9915 9843)
4(7322 9914 9915 7323)
4(7252 7324 9916 9844)
4(7323 9915 9916 7324)
4(7253 7325 9917 9845)
4(7324 9916 9917 7325)
4(7254 7326 9918 9846)
4(7325 9917 9918 7326)
4(7255 7327 9919 9847)
4(7326 9918 9919 7327)
4(7256 7328 9920 9848)
4(7327 9919 9920 7328)
4(7257 7329 9921 9849)
4(7328 9920 9921 7329)
4(7258 7330 9922 9850)
4(7329 9921 9922 7330)
4(7259 7331 9923 9851)
4(7330 9922 9923 7331)
4(7260 7332 9924 9852)
4(7331 9923 9924 7332)
4(7261 7333 9925 9853)
4(7332 9924 9925 7333)
4(7262 7334 9926 9854)
4(7333 9925 9926 7334)
4(7263 7335 9927 9855)
4(7334 9926 9927 7335)
4(7264 7336 9928 9856)
4(7335 9927 9928 7336)
4(7265 7337 9929 9857)
4(7336 9928 9929 7337)
4(7266 7338 9930 9858)
4(7337 9929 9930 7338)
4(7267 7339 9931 9859)
4(7338 9930 9931 7339)
4(7268 7340 9932 9860)
4(7339 9931 9932 7340)
4(7269 7341 9933 9861)
4(7340 9932 9933 7341)
4(7270 7342 9934 9862)
4(7341 9933 9934 7342)
4(7271 7343 9935 9863)
4(7342 9934 9935 7343)
4(7272 7344 9936 9864)
4(7343 9935 9936 7344)
4(7273 7345 9937 9865)
4(7344 9936 9937 7345)
4(7274 7346 9938 9866)
4(7345 9937 9938 7346)
4(7275 7347 9939 9867)
4(7346 9938 9939 7347)
4(7276 7348 9940 9868)
4(7347 9939 9940 7348)
4(7277 7349 9941 9869)
4(7348 9940 9941 7349)
4(7278 7350 9942 9870)
4(7349 9941 9942 7350)
4(7279 7351 9943 9871)
4(7350 9942 9943 7351)
4(7280 7352 9944 9872)
4(7351 9943 9944 7352)
4(7281 7353 9945 9873)
4(7352 9944 9945 7353)
4(7282 7354 9946 9874)
4(7353 9945 9946 7354)
4(7283 7355 9947 9875)
4(7354 9946 9947 7355)
4(7284 7356 9948 9876)
4(7355 9947 9948 7356)
4(7285 7357 9949 9877)
4(7356 9948 9949 7357)
4(7286 7358 9950 9878)
4(7357 9949 9950 7358)
4(7287 7359 9951 9879)
4(7358 9950 9951 7359)
4(7288 7360 9952 9880)
4(7359 9951 9952 7360)
4(7289 7361 9953 9881)
4(7360 9952 9953 7361)
4(7290 7362 9954 9882)
4(7361 9953 9954 7362)
4(7291 7363 9955 9883)
4(7362 9954 9955 7363)
4(7292 7364 9956 9884)
4(7363 9955 9956 7364)
4(7293 7365 9957 9885)
4(7364 9956 9957 7365)
4(7294 7366 9958 9886)
4(7365 9957 9958 7366)
4(7295 7367 9959 9887)
4(7366 9958 9959 7367)
4(7296 7368 9960 9888)
4(7367 9959 9960 7368)
4(7297 7369 9961 9889)
4(7368 9960 9961 7369)
4(7298 7370 9962 9890)
4(7369 9961 9962 7370)
4(7299 7371 9963 9891)
4(7370 9962 9963 7371)
4(7300 7372 9964 9892)
4(7371 9963 9964 7372)
4(7301 7373 9965 9893)
4(7372 9964 9965 7373)
4(7302 7374 9966 9894)
4(7373 9965 9966 7374)
4(7303 7375 9967 9895)
4(7374 9966 9967 7375)
4(7304 7376 9968 9896)
4(7375 9967 9968 7376)
4(7376 9968 9969 7377)
4(7306 7378 9970 9898)
4(3590 3959 9970 7378)
4(7307 7379 9971 9899)
4(7378 9970 9971 7379)
4(7308 7380 9972 9900)
4(7379 9971 9972 7380)
4(7309 7381 9973 9901)
4(7380 9972 9973 7381)
4(7310 7382 9974 9902)
4(7381 9973 9974 7382)
4(7311 7383 9975 9903)
4(7382 9974 9975 7383)
4(7312 7384 9976 9904)
4(7383 9975 9976 7384)
4(7313 7385 9977 9905)
4(7384 9976 9977 7385)
4(7314 7386 9978 9906)
4(7385 9977 9978 7386)
4(7315 7387 9979 9907)
4(7386 9978 9979 7387)
4(7316 7388 9980 9908)
4(7387 9979 9980 7388)
4(7317 7389 9981 9909)
4(7388 9980 9981 7389)
4(7318 7390 9982 9910)
4(7389 9981 9982 7390)
4(7319 7391 9983 9911)
4(7390 9982 9983 7391)
4(7320 7392 9984 9912)
4(7391 9983 9984 7392)
4(7321 7393 9985 9913)
4(7392 9984 9985 7393)
4(7322 7394 9986 9914)
4(7393 9985 9986 7394)
4(7323 7395 9987 9915)
4(7394 9986 9987 7395)
4(7324 7396 9988 9916)
4(7395 9987 9988 7396)
4(7325 7397 9989 9917)
4(7396 9988 9989 7397)
4(7326 7398 9990 9918)
4(7397 9989 9990 7398)
4(7327 7399 9991 9919)
4(7398 9990 9991 7399)
4(7328 7400 9992 9920)
4(7399 9991 9992 7400)
4(7329 7401 9993 9921)
4(7400 9992 9993 7401)
4(7330 7402 9994 9922)
4(7401 9993 9994 7402)
4(7331 7403 9995 9923)
4(7402 9994 9995 7403)
4(7332 7404 9996 9924)
4(7403 9995 9996 7404)
4(7333 7405 9997 9925)
4(7404 9996 9997 7405)
4(7334 7406 9998 9926)
4(7405 9997 9998 7406)
4(7335 7407 9999 9927)
4(7406 9998 9999 7407)
4(7336 7408 10000 9928)
4(7407 9999 10000 7408)
4(7337 7409 10001 9929)
4(7408 10000 10001 7409)
4(7338 7410 10002 9930)
4(7409 10001 10002 7410)
4(7339 7411 10003 9931)
4(7410 10002 10003 7411)
4(7340 7412 10004 9932)
4(7411 10003 10004 7412)
4(7341 7413 10005 9933)
4(7412 10004 10005 7413)
4(7342 7414 10006 9934)
4(7413 10005 10006 7414)
4(7343 7415 10007 9935)
4(7414 10006 10007 7415)
4(7344 7416 10008 9936)
4(7415 10007 10008 7416)
4(7345 7417 10009 9937)
4(7416 10008 10009 7417)
4(7346 7418 10010 9938)
4(7417 10009 10010 7418)
4(7347 7419 10011 9939)
4(7418 10010 10011 7419)
4(7348 7420 10012 9940)
4(7419 10011 10012 7420)
4(7349 7421 10013 9941)
4(7420 10012 10013 7421)
4(7350 7422 10014 9942)
4(7421 10013 10014 7422)
4(7351 7423 10015 9943)
4(7422 10014 10015 7423)
4(7352 7424 10016 9944)
4(7423 10015 10016 7424)
4(7353 7425 10017 9945)
4(7424 10016 10017 7425)
4(7354 7426 10018 9946)
4(7425 10017 10018 7426)
4(7355 7427 10019 9947)
4(7426 10018 10019 7427)
4(7356 7428 10020 9948)
4(7427 10019 10020 7428)
4(7357 7429 10021 9949)
4(7428 10020 10021 7429)
4(7358 7430 10022 9950)
4(7429 10021 10022 7430)
4(7359 7431 10023 9951)
4(7430 10022 10023 7431)
4(7360 7432 10024 9952)
4(7431 10023 10024 7432)
4(7361 7433 10025 9953)
4(7432 10024 10025 7433)
4(7362 7434 10026 9954)
4(7433 10025 10026 7434)
4(7363 7435 10027 9955)
4(7434 10026 10027 7435)
4(7364 7436 10028 9956)
4(7435 10027 10028 7436)
4(7365 7437 10029 9957)
4(7436 10028 10029 7437)
4(7366 7438 10030 9958)
4(7437 10029 10030 7438)
4(7367 7439 10031 9959)
4(7438 10030 10031 7439)
4(7368 7440 10032 9960)
4(7439 10031 10032 7440)
4(7369 7441 10033 9961)
4(7440 10032 10033 7441)
4(7370 7442 10034 9962)
4(7441 10033 10034 7442)
4(7371 7443 10035 9963)
4(7442 10034 10035 7443)
4(7372 7444 10036 9964)
4(7443 10035 10036 7444)
4(7373 7445 10037 9965)
4(7444 10036 10037 7445)
4(7374 7446 10038 9966)
4(7445 10037 10038 7446)
4(7375 7447 10039 9967)
4(7446 10038 10039 7447)
4(7376 7448 10040 9968)
4(7447 10039 10040 7448)
4(7448 10040 10041 7449)
4(7378 7450 10042 9970)
4(3600 3969 10042 7450)
4(7379 7451 10043 9971)
4(7450 10042 10043 7451)
4(7380 7452 10044 9972)
4(7451 10043 10044 7452)
4(7381 7453 10045 9973)
4(7452 10044 10045 7453)
4(7382 7454 10046 9974)
4(7453 10045 10046 7454)
4(7383 7455 10047 9975)
4(7454 10046 10047 7455)
4(7384 7456 10048 9976)
4(7455 10047 10048 7456)
4(7385 7457 10049 9977)
4(7456 10048 10049 7457)
4(7386 7458 10050 9978)
4(7457 10049 10050 7458)
4(7387 7459 10051 9979)
4(7458 10050 10051 7459)
4(7388 7460 10052 9980)
4(7459 10051 10052 7460)
4(7389 7461 10053 9981)
4(7460 10052 10053 7461)
4(7390 7462 10054 9982)
4(7461 10053 10054 7462)
4(7391 7463 10055 9983)
4(7462 10054 10055 7463)
4(7392 7464 10056 9984)
4(7463 10055 10056 7464)
4(7393 7465 10057 9985)
4(7464 10056 10057 7465)
4(7394 7466 10058 9986)
4(7465 10057 10058 7466)
4(7395 7467 10059 9987)
4(7466 10058 10059 7467)
4(7396 7468 10060 9988)
4(7467 10059 10060 7468)
4(7397 7469 10061 9989)
4(7468 10060 10061 7469)
4(7398 7470 10062 9990)
4(7469 10061 10062 7470)
4(7399 7471 10063 9991)
4(7470 10062 10063 7471)
4(7400 7472 10064 9992)
4(7471 10063 10064 7472)
4(7401 7473 10065 9993)
4(7472 10064 10065 7473)
4(7402 7474 10066 9994)
4(7473 10065 10066 7474)
4(7403 7475 10067 9995)
4(7474 10066 10067 7475)
4(7404 7476 10068 9996)
4(7475 10067 10068 7476)
4(7405 7477 10069 9997)
4(7476 10068 10069 7477)
4(7406 7478 10070 9998)
4(7477 10069 10070 7478)
4(7407 7479 10071 9999)
4(7478 10070 10071 7479)
4(7408 7480 10072 10000)
4(7479 10071 10072 7480)
4(7409 7481 10073 10001)
4(7480 10072 10073 7481)
4(7410 7482 10074 10002)
4(7481 10073 10074 7482)
4(7411 7483 10075 10003)
4(7482 10074 10075 7483)
4(7412 7484 10076 10004)
4(7483 10075 10076 7484)
4(7413 7485 10077 10005)
4(7484 10076 10077 7485)
4(7414 7486 10078 10006)
4(7485 10077 10078 7486)
4(7415 7487 10079 10007)
4(7486 10078 10079 7487)
4(7416 7488 10080 10008)
4(7487 10079 10080 7488)
4(7417 7489 10081 10009)
4(7488 10080 10081 7489)
4(7418 7490 10082 10010)
4(7489 10081 10082 7490)
4(7419 7491 10083 10011)
4(7490 10082 10083 7491)
4(7420 7492 10084 10012)
4(7491 10083 10084 7492)
4(7421 7493 10085 10013)
4(7492 10084 10085 7493)
4(7422 7494 10086 10014)
4(7493 10085 10086 7494)
4(7423 7495 10087 10015)
4(7494 10086 10087 7495)
4(7424 7496 10088 10016)
4(7495 10087 10088 7496)
4(7425 7497 10089 10017)
4(7496 10088 10089 7497)
4(7426 7498 10090 10018)
4(7497 10089 10090 7498)
4(7427 7499 10091 10019)
4(7498 10090 10091 7499)
4(7428 7500 10092 10020)
4(7499 10091 10092 7500)
4(7429 7501 10093 10021)
4(7500 10092 10093 7501)
4(7430 7502 10094 10022)
4(7501 10093 10094 7502)
4(7431 7503 10095 10023)
4(7502 10094 10095 7503)
4(7432 7504 10096 10024)
4(7503 10095 10096 7504)
4(7433 7505 10097 10025)
4(7504 10096 10097 7505)
4(7434 7506 10098 10026)
4(7505 10097 10098 7506)
4(7435 7507 10099 10027)
4(7506 10098 10099 7507)
4(7436 7508 10100 10028)
4(7507 10099 10100 7508)
4(7437 7509 10101 10029)
4(7508 10100 10101 7509)
4(7438 7510 10102 10030)
4(7509 10101 10102 7510)
4(7439 7511 10103 10031)
4(7510 10102 10103 7511)
4(7440 7512 10104 10032)
4(7511 10103 10104 7512)
4(7441 7513 10105 10033)
4(7512 10104 10105 7513)
4(7442 7514 10106 10034)
4(7513 10105 10106 7514)
4(7443 7515 10107 10035)
4(7514 10106 10107 7515)
4(7444 7516 10108 10036)
4(7515 10107 10108 7516)
4(7445 7517 10109 10037)
4(7516 10108 10109 7517)
4(7446 7518 10110 10038)
4(7517 10109 10110 7518)
4(7447 7519 10111 10039)
4(7518 10110 10111 7519)
4(7448 7520 10112 10040)
4(7519 10111 10112 7520)
4(7520 10112 10113 7521)
4(7450 7522 10114 10042)
4(3610 3979 10114 7522)
4(7451 7523 10115 10043)
4(7522 10114 10115 7523)
4(7452 7524 10116 10044)
4(7523 10115 10116 7524)
4(7453 7525 10117 10045)
4(7524 10116 10117 7525)
4(7454 7526 10118 10046)
4(7525 10117 10118 7526)
4(7455 7527 10119 10047)
4(7526 10118 10119 7527)
4(7456 7528 10120 10048)
4(7527 10119 10120 7528)
4(7457 7529 10121 10049)
4(7528 10120 10121 7529)
4(7458 7530 10122 10050)
4(7529 10121 10122 7530)
4(7459 7531 10123 10051)
4(7530 10122 10123 7531)
4(7460 7532 10124 10052)
4(7531 10123 10124 7532)
4(7461 7533 10125 10053)
4(7532 10124 10125 7533)
4(7462 7534 10126 10054)
4(7533 10125 10126 7534)
4(7463 7535 10127 10055)
4(7534 10126 10127 7535)
4(7464 7536 10128 10056)
4(7535 10127 10128 7536)
4(7465 7537 10129 10057)
4(7536 10128 10129 7537)
4(7466 7538 10130 10058)
4(7537 10129 10130 7538)
4(7467 7539 10131 10059)
4(7538 10130 10131 7539)
4(7468 7540 10132 10060)
4(7539 10131 10132 7540)
4(7469 7541 10133 10061)
4(7540 10132 10133 7541)
4(7470 7542 10134 10062)
4(7541 10133 10134 7542)
4(7471 7543 10135 10063)
4(7542 10134 10135 7543)
4(7472 7544 10136 10064)
4(7543 10135 10136 7544)
4(7473 7545 10137 10065)
4(7544 10136 10137 7545)
4(7474 7546 10138 10066)
4(7545 10137 10138 7546)
4(7475 7547 10139 10067)
4(7546 10138 10139 7547)
4(7476 7548 10140 10068)
4(7547 10139 10140 7548)
4(7477 7549 10141 10069)
4(7548 10140 10141 7549)
4(7478 7550 10142 10070)
4(7549 10141 10142 7550)
4(7479 7551 10143 10071)
4(7550 10142 10143 7551)
4(7480 7552 10144 10072)
4(7551 10143 10144 7552)
4(7481 7553 10145 10073)
4(7552 10144 10145 7553)
4(7482 7554 10146 10074)
4(7553 10145 10146 7554)
4(7483 7555 10147 10075)
4(7554 10146 10147 7555)
4(7484 7556 10148 10076)
4(7555 10147 10148 7556)
4(7485 7557 10149 10077)
4(7556 10148 10149 7557)
4(7486 7558 10150 10078)
4(7557 10149 10150 7558)
4(7487 7559 10151 10079)
4(7558 10150 10151 7559)
4(7488 7560 10152 10080)
4(7559 10151 10152 7560)
4(7489 7561 10153 10081)
4(7560 10152 10153 7561)
4(7490 7562 10154 10082)
4(7561 10153 10154 7562)
4(7491 7563 10155 10083)
4(7562 10154 10155 7563)
4(7492 7564 10156 10084)
4(7563 10155 10156 7564)
4(7493 7565 10157 10085)
4(7564 10156 10157 7565)
4(7494 7566 10158 10086)
4(7565 10157 10158 7566)
4(7495 7567 10159 10087)
4(7566 10158 10159 7567)
4(7496 7568 10160 10088)
4(7567 10159 10160 7568)
4(7497 7569 10161 10089)
4(7568 10160 10161 7569)
4(7498 7570 10162 10090)
4(7569 10161 10162 7570)
4(7499 7571 10163 10091)
4(7570 10162 10163 7571)
4(7500 7572 10164 10092)
4(7571 10163 10164 7572)
4(7501 7573 10165 10093)
4(7572 10164 10165 7573)
4(7502 7574 10166 10094)
4(7573 10165 10166 7574)
4(7503 7575 10167 10095)
4(7574 10166 10167 7575)
4(7504 7576 10168 10096)
4(7575 10167 10168 7576)
4(7505 7577 10169 10097)
4(7576 10168 10169 7577)
4(7506 7578 10170 10098)
4(7577 10169 10170 7578)
4(7507 7579 10171 10099)
4(7578 10170 10171 7579)
4(7508 7580 10172 10100)
4(7579 10171 10172 7580)
4(7509 7581 10173 10101)
4(7580 10172 10173 7581)
4(7510 7582 10174 10102)
4(7581 10173 10174 7582)
4(7511 7583 10175 10103)
4(7582 10174 10175 7583)
4(7512 7584 10176 10104)
4(7583 10175 10176 7584)
4(7513 7585 10177 10105)
4(7584 10176 10177 7585)
4(7514 7586 10178 10106)
4(7585 10177 10178 7586)
4(7515 7587 10179 10107)
4(7586 10178 10179 7587)
4(7516 7588 10180 10108)
4(7587 10179 10180 7588)
4(7517 7589 10181 10109)
4(7588 10180 10181 7589)
4(7518 7590 10182 10110)
4(7589 10181 10182 7590)
4(7519 7591 10183 10111)
4(7590 10182 10183 7591)
4(7520 7592 10184 10112)
4(7591 10183 10184 7592)
4(7592 10184 10185 7593)
4(7522 7594 10186 10114)
4(3620 3989 10186 7594)
4(7523 7595 10187 10115)
4(7594 10186 10187 7595)
4(7524 7596 10188 10116)
4(7595 10187 10188 7596)
4(7525 7597 10189 10117)
4(7596 10188 10189 7597)
4(7526 7598 10190 10118)
4(7597 10189 10190 7598)
4(7527 7599 10191 10119)
4(7598 10190 10191 7599)
4(7528 7600 10192 10120)
4(7599 10191 10192 7600)
4(7529 7601 10193 10121)
4(7600 10192 10193 7601)
4(7530 7602 10194 10122)
4(7601 10193 10194 7602)
4(7531 7603 10195 10123)
4(7602 10194 10195 7603)
4(7532 7604 10196 10124)
4(7603 10195 10196 7604)
4(7533 7605 10197 10125)
4(7604 10196 10197 7605)
4(7534 7606 10198 10126)
4(7605 10197 10198 7606)
4(7535 7607 10199 10127)
4(7606 10198 10199 7607)
4(7536 7608 10200 10128)
4(7607 10199 10200 7608)
4(7537 7609 10201 10129)
4(7608 10200 10201 7609)
4(7538 7610 10202 10130)
4(7609 10201 10202 7610)
4(7539 7611 10203 10131)
4(7610 10202 10203 7611)
4(7540 7612 10204 10132)
4(7611 10203 10204 7612)
4(7541 7613 10205 10133)
4(7612 10204 10205 7613)
4(7542 7614 10206 10134)
4(7613 10205 10206 7614)
4(7543 7615 10207 10135)
4(7614 10206 10207 7615)
4(7544 7616 10208 10136)
4(7615 10207 10208 7616)
4(7545 7617 10209 10137)
4(7616 10208 10209 7617)
4(7546 7618 10210 10138)
4(7617 10209 10210 7618)
4(7547 7619 10211 10139)
4(7618 10210 10211 7619)
4(7548 7620 10212 10140)
4(7619 10211 10212 7620)
4(7549 7621 10213 10141)
4(7620 10212 10213 7621)
4(7550 7622 10214 10142)
4(7621 10213 10214 7622)
4(7551 7623 10215 10143)
4(7622 10214 10215 7623)
4(7552 7624 10216 10144)
4(7623 10215 10216 7624)
4(7553 7625 10217 10145)
4(7624 10216 10217 7625)
4(7554 7626 10218 10146)
4(7625 10217 10218 7626)
4(7555 7627 10219 10147)
4(7626 10218 10219 7627)
4(7556 7628 10220 10148)
4(7627 10219 10220 7628)
4(7557 7629 10221 10149)
4(7628 10220 10221 7629)
4(7558 7630 10222 10150)
4(7629 10221 10222 7630)
4(7559 7631 10223 10151)
4(7630 10222 10223 7631)
4(7560 7632 10224 10152)
4(7631 10223 10224 7632)
4(7561 7633 10225 10153)
4(7632 10224 10225 7633)
4(7562 7634 10226 10154)
4(7633 10225 10226 7634)
4(7563 7635 10227 10155)
4(7634 10226 10227 7635)
4(7564 7636 10228 10156)
4(7635 10227 10228 7636)
4(7565 7637 10229 10157)
4(7636 10228 10229 7637)
4(7566 7638 10230 10158)
4(7637 10229 10230 7638)
4(7567 7639 10231 10159)
4(7638 10230 10231 7639)
4(7568 7640 10232 10160)
4(7639 10231 10232 7640)
4(7569 7641 10233 10161)
4(7640 10232 10233 7641)
4(7570 7642 10234 10162)
4(7641 10233 10234 7642)
4(7571 7643 10235 10163)
4(7642 10234 10235 7643)
4(7572 7644 10236 10164)
4(7643 10235 10236 7644)
4(7573 7645 10237 10165)
4(7644 10236 10237 7645)
4(7574 7646 10238 10166)
4(7645 10237 10238 7646)
4(7575 7647 10239 10167)
4(7646 10238 10239 7647)
4(7576 7648 10240 10168)
4(7647 10239 10240 7648)
4(7577 7649 10241 10169)
4(7648 10240 10241 7649)
4(7578 7650 10242 10170)
4(7649 10241 10242 7650)
4(7579 7651 10243 10171)
4(7650 10242 10243 7651)
4(7580 7652 10244 10172)
4(7651 10243 10244 7652)
4(7581 7653 10245 10173)
4(7652 10244 10245 7653)
4(7582 7654 10246 10174)
4(7653 10245 10246 7654)
4(7583 7655 10247 10175)
4(7654 10246 10247 7655)
4(7584 7656 10248 10176)
4(7655 10247 10248 7656)
4(7585 7657 10249 10177)
4(7656 10248 10249 7657)
4(7586 7658 10250 10178)
4(7657 10249 10250 7658)
4(7587 7659 10251 10179)
4(7658 10250 10251 7659)
4(7588 7660 10252 10180)
4(7659 10251 10252 7660)
4(7589 7661 10253 10181)
4(7660 10252 10253 7661)
4(7590 7662 10254 10182)
4(7661 10253 10254 7662)
4(7591 7663 10255 10183)
4(7662 10254 10255 7663)
4(7592 7664 10256 10184)
4(7663 10255 10256 7664)
4(7664 10256 10257 7665)
4(7594 7666 10258 10186)
4(3630 3999 10258 7666)
4(7595 7667 10259 10187)
4(7666 10258 10259 7667)
4(7596 7668 10260 10188)
4(7667 10259 10260 7668)
4(7597 7669 10261 10189)
4(7668 10260 10261 7669)
4(7598 7670 10262 10190)
4(7669 10261 10262 7670)
4(7599 7671 10263 10191)
4(7670 10262 10263 7671)
4(7600 7672 10264 10192)
4(7671 10263 10264 7672)
4(7601 7673 10265 10193)
4(7672 10264 10265 7673)
4(7602 7674 10266 10194)
4(7673 10265 10266 7674)
4(7603 7675 10267 10195)
4(7674 10266 10267 7675)
4(7604 7676 10268 10196)
4(7675 10267 10268 7676)
4(7605 7677 10269 10197)
4(7676 10268 10269 7677)
4(7606 7678 10270 10198)
4(7677 10269 10270 7678)
4(7607 7679 10271 10199)
4(7678 10270 10271 7679)
4(7608 7680 10272 10200)
4(7679 10271 10272 7680)
4(7609 7681 10273 10201)
4(7680 10272 10273 7681)
4(7610 7682 10274 10202)
4(7681 10273 10274 7682)
4(7611 7683 10275 10203)
4(7682 10274 10275 7683)
4(7612 7684 10276 10204)
4(7683 10275 10276 7684)
4(7613 7685 10277 10205)
4(7684 10276 10277 7685)
4(7614 7686 10278 10206)
4(7685 10277 10278 7686)
4(7615 7687 10279 10207)
4(7686 10278 10279 7687)
4(7616 7688 10280 10208)
4(7687 10279 10280 7688)
4(7617 7689 10281 10209)
4(7688 10280 10281 7689)
4(7618 7690 10282 10210)
4(7689 10281 10282 7690)
4(7619 7691 10283 10211)
4(7690 10282 10283 7691)
4(7620 7692 10284 10212)
4(7691 10283 10284 7692)
4(7621 7693 10285 10213)
4(7692 10284 10285 7693)
4(7622 7694 10286 10214)
4(7693 10285 10286 7694)
4(7623 7695 10287 10215)
4(7694 10286 10287 7695)
4(7624 7696 10288 10216)
4(7695 10287 10288 7696)
4(7625 7697 10289 10217)
4(7696 10288 10289 7697)
4(7626 7698 10290 10218)
4(7697 10289 10290 7698)
4(7627 7699 10291 10219)
4(7698 10290 10291 7699)
4(7628 7700 10292 10220)
4(7699 10291 10292 7700)
4(7629 7701 10293 10221)
4(7700 10292 10293 7701)
4(7630 7702 10294 10222)
4(7701 10293 10294 7702)
4(7631 7703 10295 10223)
4(7702 10294 10295 7703)
4(7632 7704 10296 10224)
4(7703 10295 10296 7704)
4(7633 7705 10297 10225)
4(7704 10296 10297 7705)
4(7634 7706 10298 10226)
4(7705 10297 10298 7706)
4(7635 7707 10299 10227)
4(7706 10298 10299 7707)
4(7636 7708 10300 10228)
4(7707 10299 10300 7708)
4(7637 7709 10301 10229)
4(7708 10300 10301 7709)
4(7638 7710 10302 10230)
4(7709 10301 10302 7710)
4(7639 7711 10303 10231)
4(7710 10302 10303 7711)
4(7640 7712 10304 10232)
4(7711 10303 10304 7712)
4(7641 7713 10305 10233)
4(7712 10304 10305 7713)
4(7642 7714 10306 10234)
4(7713 10305 10306 7714)
4(7643 7715 10307 10235)
4(7714 10306 10307 7715)
4(7644 7716 10308 10236)
4(7715 10307 10308 7716)
4(7645 7717 10309 10237)
4(7716 10308 10309 7717)
4(7646 7718 10310 10238)
4(7717 10309 10310 7718)
4(7647 7719 10311 10239)
4(7718 10310 10311 7719)
4(7648 7720 10312 10240)
4(7719 10311 10312 7720)
4(7649 7721 10313 10241)
4(7720 10312 10313 7721)
4(7650 7722 10314 10242)
4(7721 10313 10314 7722)
4(7651 7723 10315 10243)
4(7722 10314 10315 7723)
4(7652 7724 10316 10244)
4(7723 10315 10316 7724)
4(7653 7725 10317 10245)
4(7724 10316 10317 7725)
4(7654 7726 10318 10246)
4(7725 10317 10318 7726)
4(7655 7727 10319 10247)
4(7726 10318 10319 7727)
4(7656 7728 10320 10248)
4(7727 10319 10320 7728)
4(7657 7729 10321 10249)
4(7728 10320 10321 7729)
4(7658 7730 10322 10250)
4(7729 10321 10322 7730)
4(7659 7731 10323 10251)
4(7730 10322 10323 7731)
4(7660 7732 10324 10252)
4(7731 10323 10324 7732)
4(7661 7733 10325 10253)
4(7732 10324 10325 7733)
4(7662 7734 10326 10254)
4(7733 10325 10326 7734)
4(7663 7735 10327 10255)
4(7734 10326 10327 7735)
4(7664 7736 10328 10256)
4(7735 10327 10328 7736)
4(7736 10328 10329 7737)
4(7666 7738 10330 10258)
4(3640 4009 10330 7738)
4(7667 7739 10331 10259)
4(7738 10330 10331 7739)
4(7668 7740 10332 10260)
4(7739 10331 10332 7740)
4(7669 7741 10333 10261)
4(7740 10332 10333 7741)
4(7670 7742 10334 10262)
4(7741 10333 10334 7742)
4(7671 7743 10335 10263)
4(7742 10334 10335 7743)
4(7672 7744 10336 10264)
4(7743 10335 10336 7744)
4(7673 7745 10337 10265)
4(7744 10336 10337 7745)
4(7674 7746 10338 10266)
4(7745 10337 10338 7746)
4(7675 7747 10339 10267)
4(7746 10338 10339 7747)
4(7676 7748 10340 10268)
4(7747 10339 10340 7748)
4(7677 7749 10341 10269)
4(7748 10340 10341 7749)
4(7678 7750 10342 10270)
4(7749 10341 10342 7750)
4(7679 7751 10343 10271)
4(7750 10342 10343 7751)
4(7680 7752 10344 10272)
4(7751 10343 10344 7752)
4(7681 7753 10345 10273)
4(7752 10344 10345 7753)
4(7682 7754 10346 10274)
4(7753 10345 10346 7754)
4(7683 7755 10347 10275)
4(7754 10346 10347 7755)
4(7684 7756 10348 10276)
4(7755 10347 10348 7756)
4(7685 7757 10349 10277)
4(7756 10348 10349 7757)
4(7686 7758 10350 10278)
4(7757 10349 10350 7758)
4(7687 7759 10351 10279)
4(7758 10350 10351 7759)
4(7688 7760 10352 10280)
4(7759 10351 10352 7760)
4(7689 7761 10353 10281)
4(7760 10352 10353 7761)
4(7690 7762 10354 10282)
4(7761 10353 10354 7762)
4(7691 7763 10355 10283)
4(7762 10354 10355 7763)
4(7692 7764 10356 10284)
4(7763 10355 10356 7764)
4(7693 7765 10357 10285)
4(7764 10356 10357 7765)
4(7694 7766 10358 10286)
4(7765 10357 10358 7766)
4(7695 7767 10359 10287)
4(7766 10358 10359 7767)
4(7696 7768 10360 10288)
4(7767 10359 10360 7768)
4(7697 7769 10361 10289)
4(7768 10360 10361 7769)
4(7698 7770 10362 10290)
4(7769 10361 10362 7770)
4(7699 7771 10363 10291)
4(7770 10362 10363 7771)
4(7700 7772 10364 10292)
4(7771 10363 10364 7772)
4(7701 7773 10365 10293)
4(7772 10364 10365 7773)
4(7702 7774 10366 10294)
4(7773 10365 10366 7774)
4(7703 7775 10367 10295)
4(7774 10366 10367 7775)
4(7704 7776 10368 10296)
4(7775 10367 10368 7776)
4(7705 7777 10369 10297)
4(7776 10368 10369 7777)
4(7706 7778 10370 10298)
4(7777 10369 10370 7778)
4(7707 7779 10371 10299)
4(7778 10370 10371 7779)
4(7708 7780 10372 10300)
4(7779 10371 10372 7780)
4(7709 7781 10373 10301)
4(7780 10372 10373 7781)
4(7710 7782 10374 10302)
4(7781 10373 10374 7782)
4(7711 7783 10375 10303)
4(7782 10374 10375 7783)
4(7712 7784 10376 10304)
4(7783 10375 10376 7784)
4(7713 7785 10377 10305)
4(7784 10376 10377 7785)
4(7714 7786 10378 10306)
4(7785 10377 10378 7786)
4(7715 7787 10379 10307)
4(7786 10378 10379 7787)
4(7716 7788 10380 10308)
4(7787 10379 10380 7788)
4(7717 7789 10381 10309)
4(7788 10380 10381 7789)
4(7718 7790 10382 10310)
4(7789 10381 10382 7790)
4(7719 7791 10383 10311)
4(7790 10382 10383 7791)
4(7720 7792 10384 10312)
4(7791 10383 10384 7792)
4(7721 7793 10385 10313)
4(7792 10384 10385 7793)
4(7722 7794 10386 10314)
4(7793 10385 10386 7794)
4(7723 7795 10387 10315)
4(7794 10386 10387 7795)
4(7724 7796 10388 10316)
4(7795 10387 10388 7796)
4(7725 7797 10389 10317)
4(7796 10388 10389 7797)
4(7726 7798 10390 10318)
4(7797 10389 10390 7798)
4(7727 7799 10391 10319)
4(7798 10390 10391 7799)
4(7728 7800 10392 10320)
4(7799 10391 10392 7800)
4(7729 7801 10393 10321)
4(7800 10392 10393 7801)
4(7730 7802 10394 10322)
4(7801 10393 10394 7802)
4(7731 7803 10395 10323)
4(7802 10394 10395 7803)
4(7732 7804 10396 10324)
4(7803 10395 10396 7804)
4(7733 7805 10397 10325)
4(7804 10396 10397 7805)
4(7734 7806 10398 10326)
4(7805 10397 10398 7806)
4(7735 7807 10399 10327)
4(7806 10398 10399 7807)
4(7736 7808 10400 10328)
4(7807 10399 10400 7808)
4(7808 10400 10401 7809)
4(7738 7810 10402 10330)
4(3650 4019 10402 7810)
4(7739 7811 10403 10331)
4(7810 10402 10403 7811)
4(7740 7812 10404 10332)
4(7811 10403 10404 7812)
4(7741 7813 10405 10333)
4(7812 10404 10405 7813)
4(7742 7814 10406 10334)
4(7813 10405 10406 7814)
4(7743 7815 10407 10335)
4(7814 10406 10407 7815)
4(7744 7816 10408 10336)
4(7815 10407 10408 7816)
4(7745 7817 10409 10337)
4(7816 10408 10409 7817)
4(7746 7818 10410 10338)
4(7817 10409 10410 7818)
4(7747 7819 10411 10339)
4(7818 10410 10411 7819)
4(7748 7820 10412 10340)
4(7819 10411 10412 7820)
4(7749 7821 10413 10341)
4(7820 10412 10413 7821)
4(7750 7822 10414 10342)
4(7821 10413 10414 7822)
4(7751 7823 10415 10343)
4(7822 10414 10415 7823)
4(7752 7824 10416 10344)
4(7823 10415 10416 7824)
4(7753 7825 10417 10345)
4(7824 10416 10417 7825)
4(7754 7826 10418 10346)
4(7825 10417 10418 7826)
4(7755 7827 10419 10347)
4(7826 10418 10419 7827)
4(7756 7828 10420 10348)
4(7827 10419 10420 7828)
4(7757 7829 10421 10349)
4(7828 10420 10421 7829)
4(7758 7830 10422 10350)
4(7829 10421 10422 7830)
4(7759 7831 10423 10351)
4(7830 10422 10423 7831)
4(7760 7832 10424 10352)
4(7831 10423 10424 7832)
4(7761 7833 10425 10353)
4(7832 10424 10425 7833)
4(7762 7834 10426 10354)
4(7833 10425 10426 7834)
4(7763 7835 10427 10355)
4(7834 10426 10427 7835)
4(7764 7836 10428 10356)
4(7835 10427 10428 7836)
4(7765 7837 10429 10357)
4(7836 10428 10429 7837)
4(7766 7838 10430 10358)
4(7837 10429 10430 7838)
4(7767 7839 10431 10359)
4(7838 10430 10431 7839)
4(7768 7840 10432 10360)
4(7839 10431 10432 7840)
4(7769 7841 10433 10361)
4(7840 10432 10433 7841)
4(7770 7842 10434 10362)
4(7841 10433 10434 7842)
4(7771 7843 10435 10363)
4(7842 10434 10435 7843)
4(7772 7844 10436 10364)
4(7843 10435 10436 7844)
4(7773 7845 10437 10365)
4(7844 10436 10437 7845)
4(7774 7846 10438 10366)
4(7845 10437 10438 7846)
4(7775 7847 10439 10367)
4(7846 10438 10439 7847)
4(7776 7848 10440 10368)
4(7847 10439 10440 7848)
4(7777 7849 10441 10369)
4(7848 10440 10441 7849)
4(7778 7850 10442 10370)
4(7849 10441 10442 7850)
4(7779 7851 10443 10371)
4(7850 10442 10443 7851)
4(7780 7852 10444 10372)
4(7851 10443 10444 7852)
4(7781 7853 10445 10373)
4(7852 10444 10445 7853)
4(7782 7854 10446 10374)
4(7853 10445 10446 7854)
4(7783 7855 10447 10375)
4(7854 10446 10447 7855)
4(7784 7856 10448 10376)
4(7855 10447 10448 7856)
4(7785 7857 10449 10377)
4(7856 10448 10449 7857)
4(7786 7858 10450 10378)
4(7857 10449 10450 7858)
4(7787 7859 10451 10379)
4(7858 10450 10451 7859)
4(7788 7860 10452 10380)
4(7859 10451 10452 7860)
4(7789 7861 10453 10381)
4(7860 10452 10453 7861)
4(7790 7862 10454 10382)
4(7861 10453 10454 7862)
4(7791 7863 10455 10383)
4(7862 10454 10455 7863)
4(7792 7864 10456 10384)
4(7863 10455 10456 7864)
4(7793 7865 10457 10385)
4(7864 10456 10457 7865)
4(7794 7866 10458 10386)
4(7865 10457 10458 7866)
4(7795 7867 10459 10387)
4(7866 10458 10459 7867)
4(7796 7868 10460 10388)
4(7867 10459 10460 7868)
4(7797 7869 10461 10389)
4(7868 10460 10461 7869)
4(7798 7870 10462 10390)
4(7869 10461 10462 7870)
4(7799 7871 10463 10391)
4(7870 10462 10463 7871)
4(7800 7872 10464 10392)
4(7871 10463 10464 7872)
4(7801 7873 10465 10393)
4(7872 10464 10465 7873)
4(7802 7874 10466 10394)
4(7873 10465 10466 7874)
4(7803 7875 10467 10395)
4(7874 10466 10467 7875)
4(7804 7876 10468 10396)
4(7875 10467 10468 7876)
4(7805 7877 10469 10397)
4(7876 10468 10469 7877)
4(7806 7878 10470 10398)
4(7877 10469 10470 7878)
4(7807 7879 10471 10399)
4(7878 10470 10471 7879)
4(7808 7880 10472 10400)
4(7879 10471 10472 7880)
4(7880 10472 10473 7881)
4(7810 7882 10474 10402)
4(3660 4029 10474 7882)
4(7811 7883 10475 10403)
4(7882 10474 10475 7883)
4(7812 7884 10476 10404)
4(7883 10475 10476 7884)
4(7813 7885 10477 10405)
4(7884 10476 10477 7885)
4(7814 7886 10478 10406)
4(7885 10477 10478 7886)
4(7815 7887 10479 10407)
4(7886 10478 10479 7887)
4(7816 7888 10480 10408)
4(7887 10479 10480 7888)
4(7817 7889 10481 10409)
4(7888 10480 10481 7889)
4(7818 7890 10482 10410)
4(7889 10481 10482 7890)
4(7819 7891 10483 10411)
4(7890 10482 10483 7891)
4(7820 7892 10484 10412)
4(7891 10483 10484 7892)
4(7821 7893 10485 10413)
4(7892 10484 10485 7893)
4(7822 7894 10486 10414)
4(7893 10485 10486 7894)
4(7823 7895 10487 10415)
4(7894 10486 10487 7895)
4(7824 7896 10488 10416)
4(7895 10487 10488 7896)
4(7825 7897 10489 10417)
4(7896 10488 10489 7897)
4(7826 7898 10490 10418)
4(7897 10489 10490 7898)
4(7827 7899 10491 10419)
4(7898 10490 10491 7899)
4(7828 7900 10492 10420)
4(7899 10491 10492 7900)
4(7829 7901 10493 10421)
4(7900 10492 10493 7901)
4(7830 7902 10494 10422)
4(7901 10493 10494 7902)
4(7831 7903 10495 10423)
4(7902 10494 10495 7903)
4(7832 7904 10496 10424)
4(7903 10495 10496 7904)
4(7833 7905 10497 10425)
4(7904 10496 10497 7905)
4(7834 7906 10498 10426)
4(7905 10497 10498 7906)
4(7835 7907 10499 10427)
4(7906 10498 10499 7907)
4(7836 7908 10500 10428)
4(7907 10499 10500 7908)
4(7837 7909 10501 10429)
4(7908 10500 10501 7909)
4(7838 7910 10502 10430)
4(7909 10501 10502 7910)
4(7839 7911 10503 10431)
4(7910 10502 10503 7911)
4(7840 7912 10504 10432)
4(7911 10503 10504 7912)
4(7841 7913 10505 10433)
4(7912 10504 10505 7913)
4(7842 7914 10506 10434)
4(7913 10505 10506 7914)
4(7843 7915 10507 10435)
4(7914 10506 10507 7915)
4(7844 7916 10508 10436)
4(7915 10507 10508 7916)
4(7845 7917 10509 10437)
4(7916 10508 10509 7917)
4(7846 7918 10510 10438)
4(7917 10509 10510 7918)
4(7847 7919 10511 10439)
4(7918 10510 10511 7919)
4(7848 7920 10512 10440)
4(7919 10511 10512 7920)
4(7849 7921 10513 10441)
4(7920 10512 10513 7921)
4(7850 7922 10514 10442)
4(7921 10513 10514 7922)
4(7851 7923 10515 10443)
4(7922 10514 10515 7923)
4(7852 7924 10516 10444)
4(7923 10515 10516 7924)
4(7853 7925 10517 10445)
4(7924 10516 10517 7925)
4(7854 7926 10518 10446)
4(7925 10517 10518 7926)
4(7855 7927 10519 10447)
4(7926 10518 10519 7927)
4(7856 7928 10520 10448)
4(7927 10519 10520 7928)
4(7857 7929 10521 10449)
4(7928 10520 10521 7929)
4(7858 7930 10522 10450)
4(7929 10521 10522 7930)
4(7859 7931 10523 10451)
4(7930 10522 10523 7931)
4(7860 7932 10524 10452)
4(7931 10523 10524 7932)
4(7861 7933 10525 10453)
4(7932 10524 10525 7933)
4(7862 7934 10526 10454)
4(7933 10525 10526 7934)
4(7863 7935 10527 10455)
4(7934 10526 10527 7935)
4(7864 7936 10528 10456)
4(7935 10527 10528 7936)
4(7865 7937 10529 10457)
4(7936 10528 10529 7937)
4(7866 7938 10530 10458)
4(7937 10529 10530 7938)
4(7867 7939 10531 10459)
4(7938 10530 10531 7939)
4(7868 7940 10532 10460)
4(7939 10531 10532 7940)
4(7869 7941 10533 10461)
4(7940 10532 10533 7941)
4(7870 7942 10534 10462)
4(7941 10533 10534 7942)
4(7871 7943 10535 10463)
4(7942 10534 10535 7943)
4(7872 7944 10536 10464)
4(7943 10535 10536 7944)
4(7873 7945 10537 10465)
4(7944 10536 10537 7945)
4(7874 7946 10538 10466)
4(7945 10537 10538 7946)
4(7875 7947 10539 10467)
4(7946 10538 10539 7947)
4(7876 7948 10540 10468)
4(7947 10539 10540 7948)
4(7877 7949 10541 10469)
4(7948 10540 10541 7949)
4(7878 7950 10542 10470)
4(7949 10541 10542 7950)
4(7879 7951 10543 10471)
4(7950 10542 10543 7951)
4(7880 7952 10544 10472)
4(7951 10543 10544 7952)
4(7952 10544 10545 7953)
4(7882 7954 10546 10474)
4(3670 4039 10546 7954)
4(7883 7955 10547 10475)
4(7954 10546 10547 7955)
4(7884 7956 10548 10476)
4(7955 10547 10548 7956)
4(7885 7957 10549 10477)
4(7956 10548 10549 7957)
4(7886 7958 10550 10478)
4(7957 10549 10550 7958)
4(7887 7959 10551 10479)
4(7958 10550 10551 7959)
4(7888 7960 10552 10480)
4(7959 10551 10552 7960)
4(7889 7961 10553 10481)
4(7960 10552 10553 7961)
4(7890 7962 10554 10482)
4(7961 10553 10554 7962)
4(7891 7963 10555 10483)
4(7962 10554 10555 7963)
4(7892 7964 10556 10484)
4(7963 10555 10556 7964)
4(7893 7965 10557 10485)
4(7964 10556 10557 7965)
4(7894 7966 10558 10486)
4(7965 10557 10558 7966)
4(7895 7967 10559 10487)
4(7966 10558 10559 7967)
4(7896 7968 10560 10488)
4(7967 10559 10560 7968)
4(7897 7969 10561 10489)
4(7968 10560 10561 7969)
4(7898 7970 10562 10490)
4(7969 10561 10562 7970)
4(7899 7971 10563 10491)
4(7970 10562 10563 7971)
4(7900 7972 10564 10492)
4(7971 10563 10564 7972)
4(7901 7973 10565 10493)
4(7972 10564 10565 7973)
4(7902 7974 10566 10494)
4(7973 10565 10566 7974)
4(7903 7975 10567 10495)
4(7974 10566 10567 7975)
4(7904 7976 10568 10496)
4(7975 10567 10568 7976)
4(7905 7977 10569 10497)
4(7976 10568 10569 7977)
4(7906 7978 10570 10498)
4(7977 10569 10570 7978)
4(7907 7979 10571 10499)
4(7978 10570 10571 7979)
4(7908 7980 10572 10500)
4(7979 10571 10572 7980)
4(7909 7981 10573 10501)
4(7980 10572 10573 7981)
4(7910 7982 10574 10502)
4(7981 10573 10574 7982)
4(7911 7983 10575 10503)
4(7982 10574 10575 7983)
4(7912 7984 10576 10504)
4(7983 10575 10576 7984)
4(7913 7985 10577 10505)
4(7984 10576 10577 7985)
4(7914 7986 10578 10506)
4(7985 10577 10578 7986)
4(7915 7987 10579 10507)
4(7986 10578 10579 7987)
4(7916 7988 10580 10508)
4(7987 10579 10580 7988)
4(7917 7989 10581 10509)
4(7988 10580 10581 7989)
4(7918 7990 10582 10510)
4(7989 10581 10582 7990)
4(7919 7991 10583 10511)
4(7990 10582 10583 7991)
4(7920 7992 10584 10512)
4(7991 10583 10584 7992)
4(7921 7993 10585 10513)
4(7992 10584 10585 7993)
4(7922 7994 10586 10514)
4(7993 10585 10586 7994)
4(7923 7995 10587 10515)
4(7994 10586 10587 7995)
4(7924 7996 10588 10516)
4(7995 10587 10588 7996)
4(7925 7997 10589 10517)
4(7996 10588 10589 7997)
4(7926 7998 10590 10518)
4(7997 10589 10590 7998)
4(7927 7999 10591 10519)
4(7998 10590 10591 7999)
4(7928 8000 10592 10520)
4(7999 10591 10592 8000)
4(7929 8001 10593 10521)
4(8000 10592 10593 8001)
4(7930 8002 10594 10522)
4(8001 10593 10594 8002)
4(7931 8003 10595 10523)
4(8002 10594 10595 8003)
4(7932 8004 10596 10524)
4(8003 10595 10596 8004)
4(7933 8005 10597 10525)
4(8004 10596 10597 8005)
4(7934 8006 10598 10526)
4(8005 10597 10598 8006)
4(7935 8007 10599 10527)
4(8006 10598 10599 8007)
4(7936 8008 10600 10528)
4(8007 10599 10600 8008)
4(7937 8009 10601 10529)
4(8008 10600 10601 8009)
4(7938 8010 10602 10530)
4(8009 10601 10602 8010)
4(7939 8011 10603 10531)
4(8010 10602 10603 8011)
4(7940 8012 10604 10532)
4(8011 10603 10604 8012)
4(7941 8013 10605 10533)
4(8012 10604 10605 8013)
4(7942 8014 10606 10534)
4(8013 10605 10606 8014)
4(7943 8015 10607 10535)
4(8014 10606 10607 8015)
4(7944 8016 10608 10536)
4(8015 10607 10608 8016)
4(7945 8017 10609 10537)
4(8016 10608 10609 8017)
4(7946 8018 10610 10538)
4(8017 10609 10610 8018)
4(7947 8019 10611 10539)
4(8018 10610 10611 8019)
4(7948 8020 10612 10540)
4(8019 10611 10612 8020)
4(7949 8021 10613 10541)
4(8020 10612 10613 8021)
4(7950 8022 10614 10542)
4(8021 10613 10614 8022)
4(7951 8023 10615 10543)
4(8022 10614 10615 8023)
4(7952 8024 10616 10544)
4(8023 10615 10616 8024)
4(8024 10616 10617 8025)
4(7954 8026 10618 10546)
4(3680 4049 10618 8026)
4(7955 8027 10619 10547)
4(8026 10618 10619 8027)
4(7956 8028 10620 10548)
4(8027 10619 10620 8028)
4(7957 8029 10621 10549)
4(8028 10620 10621 8029)
4(7958 8030 10622 10550)
4(8029 10621 10622 8030)
4(7959 8031 10623 10551)
4(8030 10622 10623 8031)
4(7960 8032 10624 10552)
4(8031 10623 10624 8032)
4(7961 8033 10625 10553)
4(8032 10624 10625 8033)
4(7962 8034 10626 10554)
4(8033 10625 10626 8034)
4(7963 8035 10627 10555)
4(8034 10626 10627 8035)
4(7964 8036 10628 10556)
4(8035 10627 10628 8036)
4(7965 8037 10629 10557)
4(8036 10628 10629 8037)
4(7966 8038 10630 10558)
4(8037 10629 10630 8038)
4(7967 8039 10631 10559)
4(8038 10630 10631 8039)
4(7968 8040 10632 10560)
4(8039 10631 10632 8040)
4(7969 8041 10633 10561)
4(8040 10632 10633 8041)
4(7970 8042 10634 10562)
4(8041 10633 10634 8042)
4(7971 8043 10635 10563)
4(8042 10634 10635 8043)
4(7972 8044 10636 10564)
4(8043 10635 10636 8044)
4(7973 8045 10637 10565)
4(8044 10636 10637 8045)
4(7974 8046 10638 10566)
4(8045 10637 10638 8046)
4(7975 8047 10639 10567)
4(8046 10638 10639 8047)
4(7976 8048 10640 10568)
4(8047 10639 10640 8048)
4(7977 8049 10641 10569)
4(8048 10640 10641 8049)
4(7978 8050 10642 10570)
4(8049 10641 10642 8050)
4(7979 8051 10643 10571)
4(8050 10642 10643 8051)
4(7980 8052 10644 10572)
4(8051 10643 10644 8052)
4(7981 8053 10645 10573)
4(8052 10644 10645 8053)
4(7982 8054 10646 10574)
4(8053 10645 10646 8054)
4(7983 8055 10647 10575)
4(8054 10646 10647 8055)
4(7984 8056 10648 10576)
4(8055 10647 10648 8056)
4(7985 8057 10649 10577)
4(8056 10648 10649 8057)
4(7986 8058 10650 10578)
4(8057 10649 10650 8058)
4(7987 8059 10651 10579)
4(8058 10650 10651 8059)
4(7988 8060 10652 10580)
4(8059 10651 10652 8060)
4(7989 8061 10653 10581)
4(8060 10652 10653 8061)
4(7990 8062 10654 10582)
4(8061 10653 10654 8062)
4(7991 8063 10655 10583)
4(8062 10654 10655 8063)
4(7992 8064 10656 10584)
4(8063 10655 10656 8064)
4(7993 8065 10657 10585)
4(8064 10656 10657 8065)
4(7994 8066 10658 10586)
4(8065 10657 10658 8066)
4(7995 8067 10659 10587)
4(8066 10658 10659 8067)
4(7996 8068 10660 10588)
4(8067 10659 10660 8068)
4(7997 8069 10661 10589)
4(8068 10660 10661 8069)
4(7998 8070 10662 10590)
4(8069 10661 10662 8070)
4(7999 8071 10663 10591)
4(8070 10662 10663 8071)
4(8000 8072 10664 10592)
4(8071 10663 10664 8072)
4(8001 8073 10665 10593)
4(8072 10664 10665 8073)
4(8002 8074 10666 10594)
4(8073 10665 10666 8074)
4(8003 8075 10667 10595)
4(8074 10666 10667 8075)
4(8004 8076 10668 10596)
4(8075 10667 10668 8076)
4(8005 8077 10669 10597)
4(8076 10668 10669 8077)
4(8006 8078 10670 10598)
4(8077 10669 10670 8078)
4(8007 8079 10671 10599)
4(8078 10670 10671 8079)
4(8008 8080 10672 10600)
4(8079 10671 10672 8080)
4(8009 8081 10673 10601)
4(8080 10672 10673 8081)
4(8010 8082 10674 10602)
4(8081 10673 10674 8082)
4(8011 8083 10675 10603)
4(8082 10674 10675 8083)
4(8012 8084 10676 10604)
4(8083 10675 10676 8084)
4(8013 8085 10677 10605)
4(8084 10676 10677 8085)
4(8014 8086 10678 10606)
4(8085 10677 10678 8086)
4(8015 8087 10679 10607)
4(8086 10678 10679 8087)
4(8016 8088 10680 10608)
4(8087 10679 10680 8088)
4(8017 8089 10681 10609)
4(8088 10680 10681 8089)
4(8018 8090 10682 10610)
4(8089 10681 10682 8090)
4(8019 8091 10683 10611)
4(8090 10682 10683 8091)
4(8020 8092 10684 10612)
4(8091 10683 10684 8092)
4(8021 8093 10685 10613)
4(8092 10684 10685 8093)
4(8022 8094 10686 10614)
4(8093 10685 10686 8094)
4(8023 8095 10687 10615)
4(8094 10686 10687 8095)
4(8024 8096 10688 10616)
4(8095 10687 10688 8096)
4(8096 10688 10689 8097)
4(8026 8098 10690 10618)
4(3690 4059 10690 8098)
4(8027 8099 10691 10619)
4(8098 10690 10691 8099)
4(8028 8100 10692 10620)
4(8099 10691 10692 8100)
4(8029 8101 10693 10621)
4(8100 10692 10693 8101)
4(8030 8102 10694 10622)
4(8101 10693 10694 8102)
4(8031 8103 10695 10623)
4(8102 10694 10695 8103)
4(8032 8104 10696 10624)
4(8103 10695 10696 8104)
4(8033 8105 10697 10625)
4(8104 10696 10697 8105)
4(8034 8106 10698 10626)
4(8105 10697 10698 8106)
4(8035 8107 10699 10627)
4(8106 10698 10699 8107)
4(8036 8108 10700 10628)
4(8107 10699 10700 8108)
4(8037 8109 10701 10629)
4(8108 10700 10701 8109)
4(8038 8110 10702 10630)
4(8109 10701 10702 8110)
4(8039 8111 10703 10631)
4(8110 10702 10703 8111)
4(8040 8112 10704 10632)
4(8111 10703 10704 8112)
4(8041 8113 10705 10633)
4(8112 10704 10705 8113)
4(8042 8114 10706 10634)
4(8113 10705 10706 8114)
4(8043 8115 10707 10635)
4(8114 10706 10707 8115)
4(8044 8116 10708 10636)
4(8115 10707 10708 8116)
4(8045 8117 10709 10637)
4(8116 10708 10709 8117)
4(8046 8118 10710 10638)
4(8117 10709 10710 8118)
4(8047 8119 10711 10639)
4(8118 10710 10711 8119)
4(8048 8120 10712 10640)
4(8119 10711 10712 8120)
4(8049 8121 10713 10641)
4(8120 10712 10713 8121)
4(8050 8122 10714 10642)
4(8121 10713 10714 8122)
4(8051 8123 10715 10643)
4(8122 10714 10715 8123)
4(8052 8124 10716 10644)
4(8123 10715 10716 8124)
4(8053 8125 10717 10645)
4(8124 10716 10717 8125)
4(8054 8126 10718 10646)
4(8125 10717 10718 8126)
4(8055 8127 10719 10647)
4(8126 10718 10719 8127)
4(8056 8128 10720 10648)
4(8127 10719 10720 8128)
4(8057 8129 10721 10649)
4(8128 10720 10721 8129)
4(8058 8130 10722 10650)
4(8129 10721 10722 8130)
4(8059 8131 10723 10651)
4(8130 10722 10723 8131)
4(8060 8132 10724 10652)
4(8131 10723 10724 8132)
4(8061 8133 10725 10653)
4(8132 10724 10725 8133)
4(8062 8134 10726 10654)
4(8133 10725 10726 8134)
4(8063 8135 10727 10655)
4(8134 10726 10727 8135)
4(8064 8136 10728 10656)
4(8135 10727 10728 8136)
4(8065 8137 10729 10657)
4(8136 10728 10729 8137)
4(8066 8138 10730 10658)
4(8137 10729 10730 8138)
4(8067 8139 10731 10659)
4(8138 10730 10731 8139)
4(8068 8140 10732 10660)
4(8139 10731 10732 8140)
4(8069 8141 10733 10661)
4(8140 10732 10733 8141)
4(8070 8142 10734 10662)
4(8141 10733 10734 8142)
4(8071 8143 10735 10663)
4(8142 10734 10735 8143)
4(8072 8144 10736 10664)
4(8143 10735 10736 8144)
4(8073 8145 10737 10665)
4(8144 10736 10737 8145)
4(8074 8146 10738 10666)
4(8145 10737 10738 8146)
4(8075 8147 10739 10667)
4(8146 10738 10739 8147)
4(8076 8148 10740 10668)
4(8147 10739 10740 8148)
4(8077 8149 10741 10669)
4(8148 10740 10741 8149)
4(8078 8150 10742 10670)
4(8149 10741 10742 8150)
4(8079 8151 10743 10671)
4(8150 10742 10743 8151)
4(8080 8152 10744 10672)
4(8151 10743 10744 8152)
4(8081 8153 10745 10673)
4(8152 10744 10745 8153)
4(8082 8154 10746 10674)
4(8153 10745 10746 8154)
4(8083 8155 10747 10675)
4(8154 10746 10747 8155)
4(8084 8156 10748 10676)
4(8155 10747 10748 8156)
4(8085 8157 10749 10677)
4(8156 10748 10749 8157)
4(8086 8158 10750 10678)
4(8157 10749 10750 8158)
4(8087 8159 10751 10679)
4(8158 10750 10751 8159)
4(8088 8160 10752 10680)
4(8159 10751 10752 8160)
4(8089 8161 10753 10681)
4(8160 10752 10753 8161)
4(8090 8162 10754 10682)
4(8161 10753 10754 8162)
4(8091 8163 10755 10683)
4(8162 10754 10755 8163)
4(8092 8164 10756 10684)
4(8163 10755 10756 8164)
4(8093 8165 10757 10685)
4(8164 10756 10757 8165)
4(8094 8166 10758 10686)
4(8165 10757 10758 8166)
4(8095 8167 10759 10687)
4(8166 10758 10759 8167)
4(8096 8168 10760 10688)
4(8167 10759 10760 8168)
4(8168 10760 10761 8169)
4(8098 8170 10762 10690)
4(3700 4069 10762 8170)
4(8099 8171 10763 10691)
4(8170 10762 10763 8171)
4(8100 8172 10764 10692)
4(8171 10763 10764 8172)
4(8101 8173 10765 10693)
4(8172 10764 10765 8173)
4(8102 8174 10766 10694)
4(8173 10765 10766 8174)
4(8103 8175 10767 10695)
4(8174 10766 10767 8175)
4(8104 8176 10768 10696)
4(8175 10767 10768 8176)
4(8105 8177 10769 10697)
4(8176 10768 10769 8177)
4(8106 8178 10770 10698)
4(8177 10769 10770 8178)
4(8107 8179 10771 10699)
4(8178 10770 10771 8179)
4(8108 8180 10772 10700)
4(8179 10771 10772 8180)
4(8109 8181 10773 10701)
4(8180 10772 10773 8181)
4(8110 8182 10774 10702)
4(8181 10773 10774 8182)
4(8111 8183 10775 10703)
4(8182 10774 10775 8183)
4(8112 8184 10776 10704)
4(8183 10775 10776 8184)
4(8113 8185 10777 10705)
4(8184 10776 10777 8185)
4(8114 8186 10778 10706)
4(8185 10777 10778 8186)
4(8115 8187 10779 10707)
4(8186 10778 10779 8187)
4(8116 8188 10780 10708)
4(8187 10779 10780 8188)
4(8117 8189 10781 10709)
4(8188 10780 10781 8189)
4(8118 8190 10782 10710)
4(8189 10781 10782 8190)
4(8119 8191 10783 10711)
4(8190 10782 10783 8191)
4(8120 8192 10784 10712)
4(8191 10783 10784 8192)
4(8121 8193 10785 10713)
4(8192 10784 10785 8193)
4(8122 8194 10786 10714)
4(8193 10785 10786 8194)
4(8123 8195 10787 10715)
4(8194 10786 10787 8195)
4(8124 8196 10788 10716)
4(8195 10787 10788 8196)
4(8125 8197 10789 10717)
4(8196 10788 10789 8197)
4(8126 8198 10790 10718)
4(8197 10789 10790 8198)
4(8127 8199 10791 10719)
4(8198 10790 10791 8199)
4(8128 8200 10792 10720)
4(8199 10791 10792 8200)
4(8129 8201 10793 10721)
4(8200 10792 10793 8201)
4(8130 8202 10794 10722)
4(8201 10793 10794 8202)
4(8131 8203 10795 10723)
4(8202 10794 10795 8203)
4(8132 8204 10796 10724)
4(8203 10795 10796 8204)
4(8133 8205 10797 10725)
4(8204 10796 10797 8205)
4(8134 8206 10798 10726)
4(8205 10797 10798 8206)
4(8135 8207 10799 10727)
4(8206 10798 10799 8207)
4(8136 8208 10800 10728)
4(8207 10799 10800 8208)
4(8137 8209 10801 10729)
4(8208 10800 10801 8209)
4(8138 8210 10802 10730)
4(8209 10801 10802 8210)
4(8139 8211 10803 10731)
4(8210 10802 10803 8211)
4(8140 8212 10804 10732)
4(8211 10803 10804 8212)
4(8141 8213 10805 10733)
4(8212 10804 10805 8213)
4(8142 8214 10806 10734)
4(8213 10805 10806 8214)
4(8143 8215 10807 10735)
4(8214 10806 10807 8215)
4(8144 8216 10808 10736)
4(8215 10807 10808 8216)
4(8145 8217 10809 10737)
4(8216 10808 10809 8217)
4(8146 8218 10810 10738)
4(8217 10809 10810 8218)
4(8147 8219 10811 10739)
4(8218 10810 10811 8219)
4(8148 8220 10812 10740)
4(8219 10811 10812 8220)
4(8149 8221 10813 10741)
4(8220 10812 10813 8221)
4(8150 8222 10814 10742)
4(8221 10813 10814 8222)
4(8151 8223 10815 10743)
4(8222 10814 10815 8223)
4(8152 8224 10816 10744)
4(8223 10815 10816 8224)
4(8153 8225 10817 10745)
4(8224 10816 10817 8225)
4(8154 8226 10818 10746)
4(8225 10817 10818 8226)
4(8155 8227 10819 10747)
4(8226 10818 10819 8227)
4(8156 8228 10820 10748)
4(8227 10819 10820 8228)
4(8157 8229 10821 10749)
4(8228 10820 10821 8229)
4(8158 8230 10822 10750)
4(8229 10821 10822 8230)
4(8159 8231 10823 10751)
4(8230 10822 10823 8231)
4(8160 8232 10824 10752)
4(8231 10823 10824 8232)
4(8161 8233 10825 10753)
4(8232 10824 10825 8233)
4(8162 8234 10826 10754)
4(8233 10825 10826 8234)
4(8163 8235 10827 10755)
4(8234 10826 10827 8235)
4(8164 8236 10828 10756)
4(8235 10827 10828 8236)
4(8165 8237 10829 10757)
4(8236 10828 10829 8237)
4(8166 8238 10830 10758)
4(8237 10829 10830 8238)
4(8167 8239 10831 10759)
4(8238 10830 10831 8239)
4(8168 8240 10832 10760)
4(8239 10831 10832 8240)
4(8240 10832 10833 8241)
4(8170 8242 10834 10762)
4(3710 4079 10834 8242)
4(8171 8243 10835 10763)
4(8242 10834 10835 8243)
4(8172 8244 10836 10764)
4(8243 10835 10836 8244)
4(8173 8245 10837 10765)
4(8244 10836 10837 8245)
4(8174 8246 10838 10766)
4(8245 10837 10838 8246)
4(8175 8247 10839 10767)
4(8246 10838 10839 8247)
4(8176 8248 10840 10768)
4(8247 10839 10840 8248)
4(8177 8249 10841 10769)
4(8248 10840 10841 8249)
4(8178 8250 10842 10770)
4(8249 10841 10842 8250)
4(8179 8251 10843 10771)
4(8250 10842 10843 8251)
4(8180 8252 10844 10772)
4(8251 10843 10844 8252)
4(8181 8253 10845 10773)
4(8252 10844 10845 8253)
4(8182 8254 10846 10774)
4(8253 10845 10846 8254)
4(8183 8255 10847 10775)
4(8254 10846 10847 8255)
4(8184 8256 10848 10776)
4(8255 10847 10848 8256)
4(8185 8257 10849 10777)
4(8256 10848 10849 8257)
4(8186 8258 10850 10778)
4(8257 10849 10850 8258)
4(8187 8259 10851 10779)
4(8258 10850 10851 8259)
4(8188 8260 10852 10780)
4(8259 10851 10852 8260)
4(8189 8261 10853 10781)
4(8260 10852 10853 8261)
4(8190 8262 10854 10782)
4(8261 10853 10854 8262)
4(8191 8263 10855 10783)
4(8262 10854 10855 8263)
4(8192 8264 10856 10784)
4(8263 10855 10856 8264)
4(8193 8265 10857 10785)
4(8264 10856 10857 8265)
4(8194 8266 10858 10786)
4(8265 10857 10858 8266)
4(8195 8267 10859 10787)
4(8266 10858 10859 8267)
4(8196 8268 10860 10788)
4(8267 10859 10860 8268)
4(8197 8269 10861 10789)
4(8268 10860 10861 8269)
4(8198 8270 10862 10790)
4(8269 10861 10862 8270)
4(8199 8271 10863 10791)
4(8270 10862 10863 8271)
4(8200 8272 10864 10792)
4(8271 10863 10864 8272)
4(8201 8273 10865 10793)
4(8272 10864 10865 8273)
4(8202 8274 10866 10794)
4(8273 10865 10866 8274)
4(8203 8275 10867 10795)
4(8274 10866 10867 8275)
4(8204 8276 10868 10796)
4(8275 10867 10868 8276)
4(8205 8277 10869 10797)
4(8276 10868 10869 8277)
4(8206 8278 10870 10798)
4(8277 10869 10870 8278)
4(8207 8279 10871 10799)
4(8278 10870 10871 8279)
4(8208 8280 10872 10800)
4(8279 10871 10872 8280)
4(8209 8281 10873 10801)
4(8280 10872 10873 8281)
4(8210 8282 10874 10802)
4(8281 10873 10874 8282)
4(8211 8283 10875 10803)
4(8282 10874 10875 8283)
4(8212 8284 10876 10804)
4(8283 10875 10876 8284)
4(8213 8285 10877 10805)
4(8284 10876 10877 8285)
4(8214 8286 10878 10806)
4(8285 10877 10878 8286)
4(8215 8287 10879 10807)
4(8286 10878 10879 8287)
4(8216 8288 10880 10808)
4(8287 10879 10880 8288)
4(8217 8289 10881 10809)
4(8288 10880 10881 8289)
4(8218 8290 10882 10810)
4(8289 10881 10882 8290)
4(8219 8291 10883 10811)
4(8290 10882 10883 8291)
4(8220 8292 10884 10812)
4(8291 10883 10884 8292)
4(8221 8293 10885 10813)
4(8292 10884 10885 8293)
4(8222 8294 10886 10814)
4(8293 10885 10886 8294)
4(8223 8295 10887 10815)
4(8294 10886 10887 8295)
4(8224 8296 10888 10816)
4(8295 10887 10888 8296)
4(8225 8297 10889 10817)
4(8296 10888 10889 8297)
4(8226 8298 10890 10818)
4(8297 10889 10890 8298)
4(8227 8299 10891 10819)
4(8298 10890 10891 8299)
4(8228 8300 10892 10820)
4(8299 10891 10892 8300)
4(8229 8301 10893 10821)
4(8300 10892 10893 8301)
4(8230 8302 10894 10822)
4(8301 10893 10894 8302)
4(8231 8303 10895 10823)
4(8302 10894 10895 8303)
4(8232 8304 10896 10824)
4(8303 10895 10896 8304)
4(8233 8305 10897 10825)
4(8304 10896 10897 8305)
4(8234 8306 10898 10826)
4(8305 10897 10898 8306)
4(8235 8307 10899 10827)
4(8306 10898 10899 8307)
4(8236 8308 10900 10828)
4(8307 10899 10900 8308)
4(8237 8309 10901 10829)
4(8308 10900 10901 8309)
4(8238 8310 10902 10830)
4(8309 10901 10902 8310)
4(8239 8311 10903 10831)
4(8310 10902 10903 8311)
4(8240 8312 10904 10832)
4(8311 10903 10904 8312)
4(8312 10904 10905 8313)
4(8242 8314 10906 10834)
4(3720 4089 10906 8314)
4(8243 8315 10907 10835)
4(8314 10906 10907 8315)
4(8244 8316 10908 10836)
4(8315 10907 10908 8316)
4(8245 8317 10909 10837)
4(8316 10908 10909 8317)
4(8246 8318 10910 10838)
4(8317 10909 10910 8318)
4(8247 8319 10911 10839)
4(8318 10910 10911 8319)
4(8248 8320 10912 10840)
4(8319 10911 10912 8320)
4(8249 8321 10913 10841)
4(8320 10912 10913 8321)
4(8250 8322 10914 10842)
4(8321 10913 10914 8322)
4(8251 8323 10915 10843)
4(8322 10914 10915 8323)
4(8252 8324 10916 10844)
4(8323 10915 10916 8324)
4(8253 8325 10917 10845)
4(8324 10916 10917 8325)
4(8254 8326 10918 10846)
4(8325 10917 10918 8326)
4(8255 8327 10919 10847)
4(8326 10918 10919 8327)
4(8256 8328 10920 10848)
4(8327 10919 10920 8328)
4(8257 8329 10921 10849)
4(8328 10920 10921 8329)
4(8258 8330 10922 10850)
4(8329 10921 10922 8330)
4(8259 8331 10923 10851)
4(8330 10922 10923 8331)
4(8260 8332 10924 10852)
4(8331 10923 10924 8332)
4(8261 8333 10925 10853)
4(8332 10924 10925 8333)
4(8262 8334 10926 10854)
4(8333 10925 10926 8334)
4(8263 8335 10927 10855)
4(8334 10926 10927 8335)
4(8264 8336 10928 10856)
4(8335 10927 10928 8336)
4(8265 8337 10929 10857)
4(8336 10928 10929 8337)
4(8266 8338 10930 10858)
4(8337 10929 10930 8338)
4(8267 8339 10931 10859)
4(8338 10930 10931 8339)
4(8268 8340 10932 10860)
4(8339 10931 10932 8340)
4(8269 8341 10933 10861)
4(8340 10932 10933 8341)
4(8270 8342 10934 10862)
4(8341 10933 10934 8342)
4(8271 8343 10935 10863)
4(8342 10934 10935 8343)
4(8272 8344 10936 10864)
4(8343 10935 10936 8344)
4(8273 8345 10937 10865)
4(8344 10936 10937 8345)
4(8274 8346 10938 10866)
4(8345 10937 10938 8346)
4(8275 8347 10939 10867)
4(8346 10938 10939 8347)
4(8276 8348 10940 10868)
4(8347 10939 10940 8348)
4(8277 8349 10941 10869)
4(8348 10940 10941 8349)
4(8278 8350 10942 10870)
4(8349 10941 10942 8350)
4(8279 8351 10943 10871)
4(8350 10942 10943 8351)
4(8280 8352 10944 10872)
4(8351 10943 10944 8352)
4(8281 8353 10945 10873)
4(8352 10944 10945 8353)
4(8282 8354 10946 10874)
4(8353 10945 10946 8354)
4(8283 8355 10947 10875)
4(8354 10946 10947 8355)
4(8284 8356 10948 10876)
4(8355 10947 10948 8356)
4(8285 8357 10949 10877)
4(8356 10948 10949 8357)
4(8286 8358 10950 10878)
4(8357 10949 10950 8358)
4(8287 8359 10951 10879)
4(8358 10950 10951 8359)
4(8288 8360 10952 10880)
4(8359 10951 10952 8360)
4(8289 8361 10953 10881)
4(8360 10952 10953 8361)
4(8290 8362 10954 10882)
4(8361 10953 10954 8362)
4(8291 8363 10955 10883)
4(8362 10954 10955 8363)
4(8292 8364 10956 10884)
4(8363 10955 10956 8364)
4(8293 8365 10957 10885)
4(8364 10956 10957 8365)
4(8294 8366 10958 10886)
4(8365 10957 10958 8366)
4(8295 8367 10959 10887)
4(8366 10958 10959 8367)
4(8296 8368 10960 10888)
4(8367 10959 10960 8368)
4(8297 8369 10961 10889)
4(8368 10960 10961 8369)
4(8298 8370 10962 10890)
4(8369 10961 10962 8370)
4(8299 8371 10963 10891)
4(8370 10962 10963 8371)
4(8300 8372 10964 10892)
4(8371 10963 10964 8372)
4(8301 8373 10965 10893)
4(8372 10964 10965 8373)
4(8302 8374 10966 10894)
4(8373 10965 10966 8374)
4(8303 8375 10967 10895)
4(8374 10966 10967 8375)
4(8304 8376 10968 10896)
4(8375 10967 10968 8376)
4(8305 8377 10969 10897)
4(8376 10968 10969 8377)
4(8306 8378 10970 10898)
4(8377 10969 10970 8378)
4(8307 8379 10971 10899)
4(8378 10970 10971 8379)
4(8308 8380 10972 10900)
4(8379 10971 10972 8380)
4(8309 8381 10973 10901)
4(8380 10972 10973 8381)
4(8310 8382 10974 10902)
4(8381 10973 10974 8382)
4(8311 8383 10975 10903)
4(8382 10974 10975 8383)
4(8312 8384 10976 10904)
4(8383 10975 10976 8384)
4(8384 10976 10977 8385)
4(8314 8386 10978 10906)
4(3730 4099 10978 8386)
4(8315 8387 10979 10907)
4(8386 10978 10979 8387)
4(8316 8388 10980 10908)
4(8387 10979 10980 8388)
4(8317 8389 10981 10909)
4(8388 10980 10981 8389)
4(8318 8390 10982 10910)
4(8389 10981 10982 8390)
4(8319 8391 10983 10911)
4(8390 10982 10983 8391)
4(8320 8392 10984 10912)
4(8391 10983 10984 8392)
4(8321 8393 10985 10913)
4(8392 10984 10985 8393)
4(8322 8394 10986 10914)
4(8393 10985 10986 8394)
4(8323 8395 10987 10915)
4(8394 10986 10987 8395)
4(8324 8396 10988 10916)
4(8395 10987 10988 8396)
4(8325 8397 10989 10917)
4(8396 10988 10989 8397)
4(8326 8398 10990 10918)
4(8397 10989 10990 8398)
4(8327 8399 10991 10919)
4(8398 10990 10991 8399)
4(8328 8400 10992 10920)
4(8399 10991 10992 8400)
4(8329 8401 10993 10921)
4(8400 10992 10993 8401)
4(8330 8402 10994 10922)
4(8401 10993 10994 8402)
4(8331 8403 10995 10923)
4(8402 10994 10995 8403)
4(8332 8404 10996 10924)
4(8403 10995 10996 8404)
4(8333 8405 10997 10925)
4(8404 10996 10997 8405)
4(8334 8406 10998 10926)
4(8405 10997 10998 8406)
4(8335 8407 10999 10927)
4(8406 10998 10999 8407)
4(8336 8408 11000 10928)
4(8407 10999 11000 8408)
4(8337 8409 11001 10929)
4(8408 11000 11001 8409)
4(8338 8410 11002 10930)
4(8409 11001 11002 8410)
4(8339 8411 11003 10931)
4(8410 11002 11003 8411)
4(8340 8412 11004 10932)
4(8411 11003 11004 8412)
4(8341 8413 11005 10933)
4(8412 11004 11005 8413)
4(8342 8414 11006 10934)
4(8413 11005 11006 8414)
4(8343 8415 11007 10935)
4(8414 11006 11007 8415)
4(8344 8416 11008 10936)
4(8415 11007 11008 8416)
4(8345 8417 11009 10937)
4(8416 11008 11009 8417)
4(8346 8418 11010 10938)
4(8417 11009 11010 8418)
4(8347 8419 11011 10939)
4(8418 11010 11011 8419)
4(8348 8420 11012 10940)
4(8419 11011 11012 8420)
4(8349 8421 11013 10941)
4(8420 11012 11013 8421)
4(8350 8422 11014 10942)
4(8421 11013 11014 8422)
4(8351 8423 11015 10943)
4(8422 11014 11015 8423)
4(8352 8424 11016 10944)
4(8423 11015 11016 8424)
4(8353 8425 11017 10945)
4(8424 11016 11017 8425)
4(8354 8426 11018 10946)
4(8425 11017 11018 8426)
4(8355 8427 11019 10947)
4(8426 11018 11019 8427)
4(8356 8428 11020 10948)
4(8427 11019 11020 8428)
4(8357 8429 11021 10949)
4(8428 11020 11021 8429)
4(8358 8430 11022 10950)
4(8429 11021 11022 8430)
4(8359 8431 11023 10951)
4(8430 11022 11023 8431)
4(8360 8432 11024 10952)
4(8431 11023 11024 8432)
4(8361 8433 11025 10953)
4(8432 11024 11025 8433)
4(8362 8434 11026 10954)
4(8433 11025 11026 8434)
4(8363 8435 11027 10955)
4(8434 11026 11027 8435)
4(8364 8436 11028 10956)
4(8435 11027 11028 8436)
4(8365 8437 11029 10957)
4(8436 11028 11029 8437)
4(8366 8438 11030 10958)
4(8437 11029 11030 8438)
4(8367 8439 11031 10959)
4(8438 11030 11031 8439)
4(8368 8440 11032 10960)
4(8439 11031 11032 8440)
4(8369 8441 11033 10961)
4(8440 11032 11033 8441)
4(8370 8442 11034 10962)
4(8441 11033 11034 8442)
4(8371 8443 11035 10963)
4(8442 11034 11035 8443)
4(8372 8444 11036 10964)
4(8443 11035 11036 8444)
4(8373 8445 11037 10965)
4(8444 11036 11037 8445)
4(8374 8446 11038 10966)
4(8445 11037 11038 8446)
4(8375 8447 11039 10967)
4(8446 11038 11039 8447)
4(8376 8448 11040 10968)
4(8447 11039 11040 8448)
4(8377 8449 11041 10969)
4(8448 11040 11041 8449)
4(8378 8450 11042 10970)
4(8449 11041 11042 8450)
4(8379 8451 11043 10971)
4(8450 11042 11043 8451)
4(8380 8452 11044 10972)
4(8451 11043 11044 8452)
4(8381 8453 11045 10973)
4(8452 11044 11045 8453)
4(8382 8454 11046 10974)
4(8453 11045 11046 8454)
4(8383 8455 11047 10975)
4(8454 11046 11047 8455)
4(8384 8456 11048 10976)
4(8455 11047 11048 8456)
4(8456 11048 11049 8457)
4(8386 8458 11050 10978)
4(3740 4109 11050 8458)
4(8387 8459 11051 10979)
4(8458 11050 11051 8459)
4(8388 8460 11052 10980)
4(8459 11051 11052 8460)
4(8389 8461 11053 10981)
4(8460 11052 11053 8461)
4(8390 8462 11054 10982)
4(8461 11053 11054 8462)
4(8391 8463 11055 10983)
4(8462 11054 11055 8463)
4(8392 8464 11056 10984)
4(8463 11055 11056 8464)
4(8393 8465 11057 10985)
4(8464 11056 11057 8465)
4(8394 8466 11058 10986)
4(8465 11057 11058 8466)
4(8395 8467 11059 10987)
4(8466 11058 11059 8467)
4(8396 8468 11060 10988)
4(8467 11059 11060 8468)
4(8397 8469 11061 10989)
4(8468 11060 11061 8469)
4(8398 8470 11062 10990)
4(8469 11061 11062 8470)
4(8399 8471 11063 10991)
4(8470 11062 11063 8471)
4(8400 8472 11064 10992)
4(8471 11063 11064 8472)
4(8401 8473 11065 10993)
4(8472 11064 11065 8473)
4(8402 8474 11066 10994)
4(8473 11065 11066 8474)
4(8403 8475 11067 10995)
4(8474 11066 11067 8475)
4(8404 8476 11068 10996)
4(8475 11067 11068 8476)
4(8405 8477 11069 10997)
4(8476 11068 11069 8477)
4(8406 8478 11070 10998)
4(8477 11069 11070 8478)
4(8407 8479 11071 10999)
4(8478 11070 11071 8479)
4(8408 8480 11072 11000)
4(8479 11071 11072 8480)
4(8409 8481 11073 11001)
4(8480 11072 11073 8481)
4(8410 8482 11074 11002)
4(8481 11073 11074 8482)
4(8411 8483 11075 11003)
4(8482 11074 11075 8483)
4(8412 8484 11076 11004)
4(8483 11075 11076 8484)
4(8413 8485 11077 11005)
4(8484 11076 11077 8485)
4(8414 8486 11078 11006)
4(8485 11077 11078 8486)
4(8415 8487 11079 11007)
4(8486 11078 11079 8487)
4(8416 8488 11080 11008)
4(8487 11079 11080 8488)
4(8417 8489 11081 11009)
4(8488 11080 11081 8489)
4(8418 8490 11082 11010)
4(8489 11081 11082 8490)
4(8419 8491 11083 11011)
4(8490 11082 11083 8491)
4(8420 8492 11084 11012)
4(8491 11083 11084 8492)
4(8421 8493 11085 11013)
4(8492 11084 11085 8493)
4(8422 8494 11086 11014)
4(8493 11085 11086 8494)
4(8423 8495 11087 11015)
4(8494 11086 11087 8495)
4(8424 8496 11088 11016)
4(8495 11087 11088 8496)
4(8425 8497 11089 11017)
4(8496 11088 11089 8497)
4(8426 8498 11090 11018)
4(8497 11089 11090 8498)
4(8427 8499 11091 11019)
4(8498 11090 11091 8499)
4(8428 8500 11092 11020)
4(8499 11091 11092 8500)
4(8429 8501 11093 11021)
4(8500 11092 11093 8501)
4(8430 8502 11094 11022)
4(8501 11093 11094 8502)
4(8431 8503 11095 11023)
4(8502 11094 11095 8503)
4(8432 8504 11096 11024)
4(8503 11095 11096 8504)
4(8433 8505 11097 11025)
4(8504 11096 11097 8505)
4(8434 8506 11098 11026)
4(8505 11097 11098 8506)
4(8435 8507 11099 11027)
4(8506 11098 11099 8507)
4(8436 8508 11100 11028)
4(8507 11099 11100 8508)
4(8437 8509 11101 11029)
4(8508 11100 11101 8509)
4(8438 8510 11102 11030)
4(8509 11101 11102 8510)
4(8439 8511 11103 11031)
4(8510 11102 11103 8511)
4(8440 8512 11104 11032)
4(8511 11103 11104 8512)
4(8441 8513 11105 11033)
4(8512 11104 11105 8513)
4(8442 8514 11106 11034)
4(8513 11105 11106 8514)
4(8443 8515 11107 11035)
4(8514 11106 11107 8515)
4(8444 8516 11108 11036)
4(8515 11107 11108 8516)
4(8445 8517 11109 11037)
4(8516 11108 11109 8517)
4(8446 8518 11110 11038)
4(8517 11109 11110 8518)
4(8447 8519 11111 11039)
4(8518 11110 11111 8519)
4(8448 8520 11112 11040)
4(8519 11111 11112 8520)
4(8449 8521 11113 11041)
4(8520 11112 11113 8521)
4(8450 8522 11114 11042)
4(8521 11113 11114 8522)
4(8451 8523 11115 11043)
4(8522 11114 11115 8523)
4(8452 8524 11116 11044)
4(8523 11115 11116 8524)
4(8453 8525 11117 11045)
4(8524 11116 11117 8525)
4(8454 8526 11118 11046)
4(8525 11117 11118 8526)
4(8455 8527 11119 11047)
4(8526 11118 11119 8527)
4(8456 8528 11120 11048)
4(8527 11119 11120 8528)
4(8528 11120 11121 8529)
4(8458 8530 11122 11050)
4(3750 4119 11122 8530)
4(8459 8531 11123 11051)
4(8530 11122 11123 8531)
4(8460 8532 11124 11052)
4(8531 11123 11124 8532)
4(8461 8533 11125 11053)
4(8532 11124 11125 8533)
4(8462 8534 11126 11054)
4(8533 11125 11126 8534)
4(8463 8535 11127 11055)
4(8534 11126 11127 8535)
4(8464 8536 11128 11056)
4(8535 11127 11128 8536)
4(8465 8537 11129 11057)
4(8536 11128 11129 8537)
4(8466 8538 11130 11058)
4(8537 11129 11130 8538)
4(8467 8539 11131 11059)
4(8538 11130 11131 8539)
4(8468 8540 11132 11060)
4(8539 11131 11132 8540)
4(8469 8541 11133 11061)
4(8540 11132 11133 8541)
4(8470 8542 11134 11062)
4(8541 11133 11134 8542)
4(8471 8543 11135 11063)
4(8542 11134 11135 8543)
4(8472 8544 11136 11064)
4(8543 11135 11136 8544)
4(8473 8545 11137 11065)
4(8544 11136 11137 8545)
4(8474 8546 11138 11066)
4(8545 11137 11138 8546)
4(8475 8547 11139 11067)
4(8546 11138 11139 8547)
4(8476 8548 11140 11068)
4(8547 11139 11140 8548)
4(8477 8549 11141 11069)
4(8548 11140 11141 8549)
4(8478 8550 11142 11070)
4(8549 11141 11142 8550)
4(8479 8551 11143 11071)
4(8550 11142 11143 8551)
4(8480 8552 11144 11072)
4(8551 11143 11144 8552)
4(8481 8553 11145 11073)
4(8552 11144 11145 8553)
4(8482 8554 11146 11074)
4(8553 11145 11146 8554)
4(8483 8555 11147 11075)
4(8554 11146 11147 8555)
4(8484 8556 11148 11076)
4(8555 11147 11148 8556)
4(8485 8557 11149 11077)
4(8556 11148 11149 8557)
4(8486 8558 11150 11078)
4(8557 11149 11150 8558)
4(8487 8559 11151 11079)
4(8558 11150 11151 8559)
4(8488 8560 11152 11080)
4(8559 11151 11152 8560)
4(8489 8561 11153 11081)
4(8560 11152 11153 8561)
4(8490 8562 11154 11082)
4(8561 11153 11154 8562)
4(8491 8563 11155 11083)
4(8562 11154 11155 8563)
4(8492 8564 11156 11084)
4(8563 11155 11156 8564)
4(8493 8565 11157 11085)
4(8564 11156 11157 8565)
4(8494 8566 11158 11086)
4(8565 11157 11158 8566)
4(8495 8567 11159 11087)
4(8566 11158 11159 8567)
4(8496 8568 11160 11088)
4(8567 11159 11160 8568)
4(8497 8569 11161 11089)
4(8568 11160 11161 8569)
4(8498 8570 11162 11090)
4(8569 11161 11162 8570)
4(8499 8571 11163 11091)
4(8570 11162 11163 8571)
4(8500 8572 11164 11092)
4(8571 11163 11164 8572)
4(8501 8573 11165 11093)
4(8572 11164 11165 8573)
4(8502 8574 11166 11094)
4(8573 11165 11166 8574)
4(8503 8575 11167 11095)
4(8574 11166 11167 8575)
4(8504 8576 11168 11096)
4(8575 11167 11168 8576)
4(8505 8577 11169 11097)
4(8576 11168 11169 8577)
4(8506 8578 11170 11098)
4(8577 11169 11170 8578)
4(8507 8579 11171 11099)
4(8578 11170 11171 8579)
4(8508 8580 11172 11100)
4(8579 11171 11172 8580)
4(8509 8581 11173 11101)
4(8580 11172 11173 8581)
4(8510 8582 11174 11102)
4(8581 11173 11174 8582)
4(8511 8583 11175 11103)
4(8582 11174 11175 8583)
4(8512 8584 11176 11104)
4(8583 11175 11176 8584)
4(8513 8585 11177 11105)
4(8584 11176 11177 8585)
4(8514 8586 11178 11106)
4(8585 11177 11178 8586)
4(8515 8587 11179 11107)
4(8586 11178 11179 8587)
4(8516 8588 11180 11108)
4(8587 11179 11180 8588)
4(8517 8589 11181 11109)
4(8588 11180 11181 8589)
4(8518 8590 11182 11110)
4(8589 11181 11182 8590)
4(8519 8591 11183 11111)
4(8590 11182 11183 8591)
4(8520 8592 11184 11112)
4(8591 11183 11184 8592)
4(8521 8593 11185 11113)
4(8592 11184 11185 8593)
4(8522 8594 11186 11114)
4(8593 11185 11186 8594)
4(8523 8595 11187 11115)
4(8594 11186 11187 8595)
4(8524 8596 11188 11116)
4(8595 11187 11188 8596)
4(8525 8597 11189 11117)
4(8596 11188 11189 8597)
4(8526 8598 11190 11118)
4(8597 11189 11190 8598)
4(8527 8599 11191 11119)
4(8598 11190 11191 8599)
4(8528 8600 11192 11120)
4(8599 11191 11192 8600)
4(8600 11192 11193 8601)
4(8530 8602 11194 11122)
4(3760 4129 11194 8602)
4(8531 8603 11195 11123)
4(8602 11194 11195 8603)
4(8532 8604 11196 11124)
4(8603 11195 11196 8604)
4(8533 8605 11197 11125)
4(8604 11196 11197 8605)
4(8534 8606 11198 11126)
4(8605 11197 11198 8606)
4(8535 8607 11199 11127)
4(8606 11198 11199 8607)
4(8536 8608 11200 11128)
4(8607 11199 11200 8608)
4(8537 8609 11201 11129)
4(8608 11200 11201 8609)
4(8538 8610 11202 11130)
4(8609 11201 11202 8610)
4(8539 8611 11203 11131)
4(8610 11202 11203 8611)
4(8540 8612 11204 11132)
4(8611 11203 11204 8612)
4(8541 8613 11205 11133)
4(8612 11204 11205 8613)
4(8542 8614 11206 11134)
4(8613 11205 11206 8614)
4(8543 8615 11207 11135)
4(8614 11206 11207 8615)
4(8544 8616 11208 11136)
4(8615 11207 11208 8616)
4(8545 8617 11209 11137)
4(8616 11208 11209 8617)
4(8546 8618 11210 11138)
4(8617 11209 11210 8618)
4(8547 8619 11211 11139)
4(8618 11210 11211 8619)
4(8548 8620 11212 11140)
4(8619 11211 11212 8620)
4(8549 8621 11213 11141)
4(8620 11212 11213 8621)
4(8550 8622 11214 11142)
4(8621 11213 11214 8622)
4(8551 8623 11215 11143)
4(8622 11214 11215 8623)
4(8552 8624 11216 11144)
4(8623 11215 11216 8624)
4(8553 8625 11217 11145)
4(8624 11216 11217 8625)
4(8554 8626 11218 11146)
4(8625 11217 11218 8626)
4(8555 8627 11219 11147)
4(8626 11218 11219 8627)
4(8556 8628 11220 11148)
4(8627 11219 11220 8628)
4(8557 8629 11221 11149)
4(8628 11220 11221 8629)
4(8558 8630 11222 11150)
4(8629 11221 11222 8630)
4(8559 8631 11223 11151)
4(8630 11222 11223 8631)
4(8560 8632 11224 11152)
4(8631 11223 11224 8632)
4(8561 8633 11225 11153)
4(8632 11224 11225 8633)
4(8562 8634 11226 11154)
4(8633 11225 11226 8634)
4(8563 8635 11227 11155)
4(8634 11226 11227 8635)
4(8564 8636 11228 11156)
4(8635 11227 11228 8636)
4(8565 8637 11229 11157)
4(8636 11228 11229 8637)
4(8566 8638 11230 11158)
4(8637 11229 11230 8638)
4(8567 8639 11231 11159)
4(8638 11230 11231 8639)
4(8568 8640 11232 11160)
4(8639 11231 11232 8640)
4(8569 8641 11233 11161)
4(8640 11232 11233 8641)
4(8570 8642 11234 11162)
4(8641 11233 11234 8642)
4(8571 8643 11235 11163)
4(8642 11234 11235 8643)
4(8572 8644 11236 11164)
4(8643 11235 11236 8644)
4(8573 8645 11237 11165)
4(8644 11236 11237 8645)
4(8574 8646 11238 11166)
4(8645 11237 11238 8646)
4(8575 8647 11239 11167)
4(8646 11238 11239 8647)
4(8576 8648 11240 11168)
4(8647 11239 11240 8648)
4(8577 8649 11241 11169)
4(8648 11240 11241 8649)
4(8578 8650 11242 11170)
4(8649 11241 11242 8650)
4(8579 8651 11243 11171)
4(8650 11242 11243 8651)
4(8580 8652 11244 11172)
4(8651 11243 11244 8652)
4(8581 8653 11245 11173)
4(8652 11244 11245 8653)
4(8582 8654 11246 11174)
4(8653 11245 11246 8654)
4(8583 8655 11247 11175)
4(8654 11246 11247 8655)
4(8584 8656 11248 11176)
4(8655 11247 11248 8656)
4(8585 8657 11249 11177)
4(8656 11248 11249 8657)
4(8586 8658 11250 11178)
4(8657 11249 11250 8658)
4(8587 8659 11251 11179)
4(8658 11250 11251 8659)
4(8588 8660 11252 11180)
4(8659 11251 11252 8660)
4(8589 8661 11253 11181)
4(8660 11252 11253 8661)
4(8590 8662 11254 11182)
4(8661 11253 11254 8662)
4(8591 8663 11255 11183)
4(8662 11254 11255 8663)
4(8592 8664 11256 11184)
4(8663 11255 11256 8664)
4(8593 8665 11257 11185)
4(8664 11256 11257 8665)
4(8594 8666 11258 11186)
4(8665 11257 11258 8666)
4(8595 8667 11259 11187)
4(8666 11258 11259 8667)
4(8596 8668 11260 11188)
4(8667 11259 11260 8668)
4(8597 8669 11261 11189)
4(8668 11260 11261 8669)
4(8598 8670 11262 11190)
4(8669 11261 11262 8670)
4(8599 8671 11263 11191)
4(8670 11262 11263 8671)
4(8600 8672 11264 11192)
4(8671 11263 11264 8672)
4(8672 11264 11265 8673)
4(8602 8674 11266 11194)
4(3770 4139 11266 8674)
4(8603 8675 11267 11195)
4(8674 11266 11267 8675)
4(8604 8676 11268 11196)
4(8675 11267 11268 8676)
4(8605 8677 11269 11197)
4(8676 11268 11269 8677)
4(8606 8678 11270 11198)
4(8677 11269 11270 8678)
4(8607 8679 11271 11199)
4(8678 11270 11271 8679)
4(8608 8680 11272 11200)
4(8679 11271 11272 8680)
4(8609 8681 11273 11201)
4(8680 11272 11273 8681)
4(8610 8682 11274 11202)
4(8681 11273 11274 8682)
4(8611 8683 11275 11203)
4(8682 11274 11275 8683)
4(8612 8684 11276 11204)
4(8683 11275 11276 8684)
4(8613 8685 11277 11205)
4(8684 11276 11277 8685)
4(8614 8686 11278 11206)
4(8685 11277 11278 8686)
4(8615 8687 11279 11207)
4(8686 11278 11279 8687)
4(8616 8688 11280 11208)
4(8687 11279 11280 8688)
4(8617 8689 11281 11209)
4(8688 11280 11281 8689)
4(8618 8690 11282 11210)
4(8689 11281 11282 8690)
4(8619 8691 11283 11211)
4(8690 11282 11283 8691)
4(8620 8692 11284 11212)
4(8691 11283 11284 8692)
4(8621 8693 11285 11213)
4(8692 11284 11285 8693)
4(8622 8694 11286 11214)
4(8693 11285 11286 8694)
4(8623 8695 11287 11215)
4(8694 11286 11287 8695)
4(8624 8696 11288 11216)
4(8695 11287 11288 8696)
4(8625 8697 11289 11217)
4(8696 11288 11289 8697)
4(8626 8698 11290 11218)
4(8697 11289 11290 8698)
4(8627 8699 11291 11219)
4(8698 11290 11291 8699)
4(8628 8700 11292 11220)
4(8699 11291 11292 8700)
4(8629 8701 11293 11221)
4(8700 11292 11293 8701)
4(8630 8702 11294 11222)
4(8701 11293 11294 8702)
4(8631 8703 11295 11223)
4(8702 11294 11295 8703)
4(8632 8704 11296 11224)
4(8703 11295 11296 8704)
4(8633 8705 11297 11225)
4(8704 11296 11297 8705)
4(8634 8706 11298 11226)
4(8705 11297 11298 8706)
4(8635 8707 11299 11227)
4(8706 11298 11299 8707)
4(8636 8708 11300 11228)
4(8707 11299 11300 8708)
4(8637 8709 11301 11229)
4(8708 11300 11301 8709)
4(8638 8710 11302 11230)
4(8709 11301 11302 8710)
4(8639 8711 11303 11231)
4(8710 11302 11303 8711)
4(8640 8712 11304 11232)
4(8711 11303 11304 8712)
4(8641 8713 11305 11233)
4(8712 11304 11305 8713)
4(8642 8714 11306 11234)
4(8713 11305 11306 8714)
4(8643 8715 11307 11235)
4(8714 11306 11307 8715)
4(8644 8716 11308 11236)
4(8715 11307 11308 8716)
4(8645 8717 11309 11237)
4(8716 11308 11309 8717)
4(8646 8718 11310 11238)
4(8717 11309 11310 8718)
4(8647 8719 11311 11239)
4(8718 11310 11311 8719)
4(8648 8720 11312 11240)
4(8719 11311 11312 8720)
4(8649 8721 11313 11241)
4(8720 11312 11313 8721)
4(8650 8722 11314 11242)
4(8721 11313 11314 8722)
4(8651 8723 11315 11243)
4(8722 11314 11315 8723)
4(8652 8724 11316 11244)
4(8723 11315 11316 8724)
4(8653 8725 11317 11245)
4(8724 11316 11317 8725)
4(8654 8726 11318 11246)
4(8725 11317 11318 8726)
4(8655 8727 11319 11247)
4(8726 11318 11319 8727)
4(8656 8728 11320 11248)
4(8727 11319 11320 8728)
4(8657 8729 11321 11249)
4(8728 11320 11321 8729)
4(8658 8730 11322 11250)
4(8729 11321 11322 8730)
4(8659 8731 11323 11251)
4(8730 11322 11323 8731)
4(8660 8732 11324 11252)
4(8731 11323 11324 8732)
4(8661 8733 11325 11253)
4(8732 11324 11325 8733)
4(8662 8734 11326 11254)
4(8733 11325 11326 8734)
4(8663 8735 11327 11255)
4(8734 11326 11327 8735)
4(8664 8736 11328 11256)
4(8735 11327 11328 8736)
4(8665 8737 11329 11257)
4(8736 11328 11329 8737)
4(8666 8738 11330 11258)
4(8737 11329 11330 8738)
4(8667 8739 11331 11259)
4(8738 11330 11331 8739)
4(8668 8740 11332 11260)
4(8739 11331 11332 8740)
4(8669 8741 11333 11261)
4(8740 11332 11333 8741)
4(8670 8742 11334 11262)
4(8741 11333 11334 8742)
4(8671 8743 11335 11263)
4(8742 11334 11335 8743)
4(8672 8744 11336 11264)
4(8743 11335 11336 8744)
4(8744 11336 11337 8745)
4(8674 8746 11338 11266)
4(3780 4149 11338 8746)
4(8675 8747 11339 11267)
4(8746 11338 11339 8747)
4(8676 8748 11340 11268)
4(8747 11339 11340 8748)
4(8677 8749 11341 11269)
4(8748 11340 11341 8749)
4(8678 8750 11342 11270)
4(8749 11341 11342 8750)
4(8679 8751 11343 11271)
4(8750 11342 11343 8751)
4(8680 8752 11344 11272)
4(8751 11343 11344 8752)
4(8681 8753 11345 11273)
4(8752 11344 11345 8753)
4(8682 8754 11346 11274)
4(8753 11345 11346 8754)
4(8683 8755 11347 11275)
4(8754 11346 11347 8755)
4(8684 8756 11348 11276)
4(8755 11347 11348 8756)
4(8685 8757 11349 11277)
4(8756 11348 11349 8757)
4(8686 8758 11350 11278)
4(8757 11349 11350 8758)
4(8687 8759 11351 11279)
4(8758 11350 11351 8759)
4(8688 8760 11352 11280)
4(8759 11351 11352 8760)
4(8689 8761 11353 11281)
4(8760 11352 11353 8761)
4(8690 8762 11354 11282)
4(8761 11353 11354 8762)
4(8691 8763 11355 11283)
4(8762 11354 11355 8763)
4(8692 8764 11356 11284)
4(8763 11355 11356 8764)
4(8693 8765 11357 11285)
4(8764 11356 11357 8765)
4(8694 8766 11358 11286)
4(8765 11357 11358 8766)
4(8695 8767 11359 11287)
4(8766 11358 11359 8767)
4(8696 8768 11360 11288)
4(8767 11359 11360 8768)
4(8697 8769 11361 11289)
4(8768 11360 11361 8769)
4(8698 8770 11362 11290)
4(8769 11361 11362 8770)
4(8699 8771 11363 11291)
4(8770 11362 11363 8771)
4(8700 8772 11364 11292)
4(8771 11363 11364 8772)
4(8701 8773 11365 11293)
4(8772 11364 11365 8773)
4(8702 8774 11366 11294)
4(8773 11365 11366 8774)
4(8703 8775 11367 11295)
4(8774 11366 11367 8775)
4(8704 8776 11368 11296)
4(8775 11367 11368 8776)
4(8705 8777 11369 11297)
4(8776 11368 11369 8777)
4(8706 8778 11370 11298)
4(8777 11369 11370 8778)
4(8707 8779 11371 11299)
4(8778 11370 11371 8779)
4(8708 8780 11372 11300)
4(8779 11371 11372 8780)
4(8709 8781 11373 11301)
4(8780 11372 11373 8781)
4(8710 8782 11374 11302)
4(8781 11373 11374 8782)
4(8711 8783 11375 11303)
4(8782 11374 11375 8783)
4(8712 8784 11376 11304)
4(8783 11375 11376 8784)
4(8713 8785 11377 11305)
4(8784 11376 11377 8785)
4(8714 8786 11378 11306)
4(8785 11377 11378 8786)
4(8715 8787 11379 11307)
4(8786 11378 11379 8787)
4(8716 8788 11380 11308)
4(8787 11379 11380 8788)
4(8717 8789 11381 11309)
4(8788 11380 11381 8789)
4(8718 8790 11382 11310)
4(8789 11381 11382 8790)
4(8719 8791 11383 11311)
4(8790 11382 11383 8791)
4(8720 8792 11384 11312)
4(8791 11383 11384 8792)
4(8721 8793 11385 11313)
4(8792 11384 11385 8793)
4(8722 8794 11386 11314)
4(8793 11385 11386 8794)
4(8723 8795 11387 11315)
4(8794 11386 11387 8795)
4(8724 8796 11388 11316)
4(8795 11387 11388 8796)
4(8725 8797 11389 11317)
4(8796 11388 11389 8797)
4(8726 8798 11390 11318)
4(8797 11389 11390 8798)
4(8727 8799 11391 11319)
4(8798 11390 11391 8799)
4(8728 8800 11392 11320)
4(8799 11391 11392 8800)
4(8729 8801 11393 11321)
4(8800 11392 11393 8801)
4(8730 8802 11394 11322)
4(8801 11393 11394 8802)
4(8731 8803 11395 11323)
4(8802 11394 11395 8803)
4(8732 8804 11396 11324)
4(8803 11395 11396 8804)
4(8733 8805 11397 11325)
4(8804 11396 11397 8805)
4(8734 8806 11398 11326)
4(8805 11397 11398 8806)
4(8735 8807 11399 11327)
4(8806 11398 11399 8807)
4(8736 8808 11400 11328)
4(8807 11399 11400 8808)
4(8737 8809 11401 11329)
4(8808 11400 11401 8809)
4(8738 8810 11402 11330)
4(8809 11401 11402 8810)
4(8739 8811 11403 11331)
4(8810 11402 11403 8811)
4(8740 8812 11404 11332)
4(8811 11403 11404 8812)
4(8741 8813 11405 11333)
4(8812 11404 11405 8813)
4(8742 8814 11406 11334)
4(8813 11405 11406 8814)
4(8743 8815 11407 11335)
4(8814 11406 11407 8815)
4(8744 8816 11408 11336)
4(8815 11407 11408 8816)
4(8816 11408 11409 8817)
4(8746 8818 11410 11338)
4(3790 4159 11410 8818)
4(8747 8819 11411 11339)
4(8818 11410 11411 8819)
4(8748 8820 11412 11340)
4(8819 11411 11412 8820)
4(8749 8821 11413 11341)
4(8820 11412 11413 8821)
4(8750 8822 11414 11342)
4(8821 11413 11414 8822)
4(8751 8823 11415 11343)
4(8822 11414 11415 8823)
4(8752 8824 11416 11344)
4(8823 11415 11416 8824)
4(8753 8825 11417 11345)
4(8824 11416 11417 8825)
4(8754 8826 11418 11346)
4(8825 11417 11418 8826)
4(8755 8827 11419 11347)
4(8826 11418 11419 8827)
4(8756 8828 11420 11348)
4(8827 11419 11420 8828)
4(8757 8829 11421 11349)
4(8828 11420 11421 8829)
4(8758 8830 11422 11350)
4(8829 11421 11422 8830)
4(8759 8831 11423 11351)
4(8830 11422 11423 8831)
4(8760 8832 11424 11352)
4(8831 11423 11424 8832)
4(8761 8833 11425 11353)
4(8832 11424 11425 8833)
4(8762 8834 11426 11354)
4(8833 11425 11426 8834)
4(8763 8835 11427 11355)
4(8834 11426 11427 8835)
4(8764 8836 11428 11356)
4(8835 11427 11428 8836)
4(8765 8837 11429 11357)
4(8836 11428 11429 8837)
4(8766 8838 11430 11358)
4(8837 11429 11430 8838)
4(8767 8839 11431 11359)
4(8838 11430 11431 8839)
4(8768 8840 11432 11360)
4(8839 11431 11432 8840)
4(8769 8841 11433 11361)
4(8840 11432 11433 8841)
4(8770 8842 11434 11362)
4(8841 11433 11434 8842)
4(8771 8843 11435 11363)
4(8842 11434 11435 8843)
4(8772 8844 11436 11364)
4(8843 11435 11436 8844)
4(8773 8845 11437 11365)
4(8844 11436 11437 8845)
4(8774 8846 11438 11366)
4(8845 11437 11438 8846)
4(8775 8847 11439 11367)
4(8846 11438 11439 8847)
4(8776 8848 11440 11368)
4(8847 11439 11440 8848)
4(8777 8849 11441 11369)
4(8848 11440 11441 8849)
4(8778 8850 11442 11370)
4(8849 11441 11442 8850)
4(8779 8851 11443 11371)
4(8850 11442 11443 8851)
4(8780 8852 11444 11372)
4(8851 11443 11444 8852)
4(8781 8853 11445 11373)
4(8852 11444 11445 8853)
4(8782 8854 11446 11374)
4(8853 11445 11446 8854)
4(8783 8855 11447 11375)
4(8854 11446 11447 8855)
4(8784 8856 11448 11376)
4(8855 11447 11448 8856)
4(8785 8857 11449 11377)
4(8856 11448 11449 8857)
4(8786 8858 11450 11378)
4(8857 11449 11450 8858)
4(8787 8859 11451 11379)
4(8858 11450 11451 8859)
4(8788 8860 11452 11380)
4(8859 11451 11452 8860)
4(8789 8861 11453 11381)
4(8860 11452 11453 8861)
4(8790 8862 11454 11382)
4(8861 11453 11454 8862)
4(8791 8863 11455 11383)
4(8862 11454 11455 8863)
4(8792 8864 11456 11384)
4(8863 11455 11456 8864)
4(8793 8865 11457 11385)
4(8864 11456 11457 8865)
4(8794 8866 11458 11386)
4(8865 11457 11458 8866)
4(8795 8867 11459 11387)
4(8866 11458 11459 8867)
4(8796 8868 11460 11388)
4(8867 11459 11460 8868)
4(8797 8869 11461 11389)
4(8868 11460 11461 8869)
4(8798 8870 11462 11390)
4(8869 11461 11462 8870)
4(8799 8871 11463 11391)
4(8870 11462 11463 8871)
4(8800 8872 11464 11392)
4(8871 11463 11464 8872)
4(8801 8873 11465 11393)
4(8872 11464 11465 8873)
4(8802 8874 11466 11394)
4(8873 11465 11466 8874)
4(8803 8875 11467 11395)
4(8874 11466 11467 8875)
4(8804 8876 11468 11396)
4(8875 11467 11468 8876)
4(8805 8877 11469 11397)
4(8876 11468 11469 8877)
4(8806 8878 11470 11398)
4(8877 11469 11470 8878)
4(8807 8879 11471 11399)
4(8878 11470 11471 8879)
4(8808 8880 11472 11400)
4(8879 11471 11472 8880)
4(8809 8881 11473 11401)
4(8880 11472 11473 8881)
4(8810 8882 11474 11402)
4(8881 11473 11474 8882)
4(8811 8883 11475 11403)
4(8882 11474 11475 8883)
4(8812 8884 11476 11404)
4(8883 11475 11476 8884)
4(8813 8885 11477 11405)
4(8884 11476 11477 8885)
4(8814 8886 11478 11406)
4(8885 11477 11478 8886)
4(8815 8887 11479 11407)
4(8886 11478 11479 8887)
4(8816 8888 11480 11408)
4(8887 11479 11480 8888)
4(8888 11480 11481 8889)
4(8818 8890 11482 11410)
4(3800 4169 11482 8890)
4(8819 8891 11483 11411)
4(8890 11482 11483 8891)
4(8820 8892 11484 11412)
4(8891 11483 11484 8892)
4(8821 8893 11485 11413)
4(8892 11484 11485 8893)
4(8822 8894 11486 11414)
4(8893 11485 11486 8894)
4(8823 8895 11487 11415)
4(8894 11486 11487 8895)
4(8824 8896 11488 11416)
4(8895 11487 11488 8896)
4(8825 8897 11489 11417)
4(8896 11488 11489 8897)
4(8826 8898 11490 11418)
4(8897 11489 11490 8898)
4(8827 8899 11491 11419)
4(8898 11490 11491 8899)
4(8828 8900 11492 11420)
4(8899 11491 11492 8900)
4(8829 8901 11493 11421)
4(8900 11492 11493 8901)
4(8830 8902 11494 11422)
4(8901 11493 11494 8902)
4(8831 8903 11495 11423)
4(8902 11494 11495 8903)
4(8832 8904 11496 11424)
4(8903 11495 11496 8904)
4(8833 8905 11497 11425)
4(8904 11496 11497 8905)
4(8834 8906 11498 11426)
4(8905 11497 11498 8906)
4(8835 8907 11499 11427)
4(8906 11498 11499 8907)
4(8836 8908 11500 11428)
4(8907 11499 11500 8908)
4(8837 8909 11501 11429)
4(8908 11500 11501 8909)
4(8838 8910 11502 11430)
4(8909 11501 11502 8910)
4(8839 8911 11503 11431)
4(8910 11502 11503 8911)
4(8840 8912 11504 11432)
4(8911 11503 11504 8912)
4(8841 8913 11505 11433)
4(8912 11504 11505 8913)
4(8842 8914 11506 11434)
4(8913 11505 11506 8914)
4(8843 8915 11507 11435)
4(8914 11506 11507 8915)
4(8844 8916 11508 11436)
4(8915 11507 11508 8916)
4(8845 8917 11509 11437)
4(8916 11508 11509 8917)
4(8846 8918 11510 11438)
4(8917 11509 11510 8918)
4(8847 8919 11511 11439)
4(8918 11510 11511 8919)
4(8848 8920 11512 11440)
4(8919 11511 11512 8920)
4(8849 8921 11513 11441)
4(8920 11512 11513 8921)
4(8850 8922 11514 11442)
4(8921 11513 11514 8922)
4(8851 8923 11515 11443)
4(8922 11514 11515 8923)
4(8852 8924 11516 11444)
4(8923 11515 11516 8924)
4(8853 8925 11517 11445)
4(8924 11516 11517 8925)
4(8854 8926 11518 11446)
4(8925 11517 11518 8926)
4(8855 8927 11519 11447)
4(8926 11518 11519 8927)
4(8856 8928 11520 11448)
4(8927 11519 11520 8928)
4(8857 8929 11521 11449)
4(8928 11520 11521 8929)
4(8858 8930 11522 11450)
4(8929 11521 11522 8930)
4(8859 8931 11523 11451)
4(8930 11522 11523 8931)
4(8860 8932 11524 11452)
4(8931 11523 11524 8932)
4(8861 8933 11525 11453)
4(8932 11524 11525 8933)
4(8862 8934 11526 11454)
4(8933 11525 11526 8934)
4(8863 8935 11527 11455)
4(8934 11526 11527 8935)
4(8864 8936 11528 11456)
4(8935 11527 11528 8936)
4(8865 8937 11529 11457)
4(8936 11528 11529 8937)
4(8866 8938 11530 11458)
4(8937 11529 11530 8938)
4(8867 8939 11531 11459)
4(8938 11530 11531 8939)
4(8868 8940 11532 11460)
4(8939 11531 11532 8940)
4(8869 8941 11533 11461)
4(8940 11532 11533 8941)
4(8870 8942 11534 11462)
4(8941 11533 11534 8942)
4(8871 8943 11535 11463)
4(8942 11534 11535 8943)
4(8872 8944 11536 11464)
4(8943 11535 11536 8944)
4(8873 8945 11537 11465)
4(8944 11536 11537 8945)
4(8874 8946 11538 11466)
4(8945 11537 11538 8946)
4(8875 8947 11539 11467)
4(8946 11538 11539 8947)
4(8876 8948 11540 11468)
4(8947 11539 11540 8948)
4(8877 8949 11541 11469)
4(8948 11540 11541 8949)
4(8878 8950 11542 11470)
4(8949 11541 11542 8950)
4(8879 8951 11543 11471)
4(8950 11542 11543 8951)
4(8880 8952 11544 11472)
4(8951 11543 11544 8952)
4(8881 8953 11545 11473)
4(8952 11544 11545 8953)
4(8882 8954 11546 11474)
4(8953 11545 11546 8954)
4(8883 8955 11547 11475)
4(8954 11546 11547 8955)
4(8884 8956 11548 11476)
4(8955 11547 11548 8956)
4(8885 8957 11549 11477)
4(8956 11548 11549 8957)
4(8886 8958 11550 11478)
4(8957 11549 11550 8958)
4(8887 8959 11551 11479)
4(8958 11550 11551 8959)
4(8888 8960 11552 11480)
4(8959 11551 11552 8960)
4(8960 11552 11553 8961)
4(8890 8962 11554 11482)
4(3810 4179 11554 8962)
4(8891 8963 11555 11483)
4(8962 11554 11555 8963)
4(8892 8964 11556 11484)
4(8963 11555 11556 8964)
4(8893 8965 11557 11485)
4(8964 11556 11557 8965)
4(8894 8966 11558 11486)
4(8965 11557 11558 8966)
4(8895 8967 11559 11487)
4(8966 11558 11559 8967)
4(8896 8968 11560 11488)
4(8967 11559 11560 8968)
4(8897 8969 11561 11489)
4(8968 11560 11561 8969)
4(8898 8970 11562 11490)
4(8969 11561 11562 8970)
4(8899 8971 11563 11491)
4(8970 11562 11563 8971)
4(8900 8972 11564 11492)
4(8971 11563 11564 8972)
4(8901 8973 11565 11493)
4(8972 11564 11565 8973)
4(8902 8974 11566 11494)
4(8973 11565 11566 8974)
4(8903 8975 11567 11495)
4(8974 11566 11567 8975)
4(8904 8976 11568 11496)
4(8975 11567 11568 8976)
4(8905 8977 11569 11497)
4(8976 11568 11569 8977)
4(8906 8978 11570 11498)
4(8977 11569 11570 8978)
4(8907 8979 11571 11499)
4(8978 11570 11571 8979)
4(8908 8980 11572 11500)
4(8979 11571 11572 8980)
4(8909 8981 11573 11501)
4(8980 11572 11573 8981)
4(8910 8982 11574 11502)
4(8981 11573 11574 8982)
4(8911 8983 11575 11503)
4(8982 11574 11575 8983)
4(8912 8984 11576 11504)
4(8983 11575 11576 8984)
4(8913 8985 11577 11505)
4(8984 11576 11577 8985)
4(8914 8986 11578 11506)
4(8985 11577 11578 8986)
4(8915 8987 11579 11507)
4(8986 11578 11579 8987)
4(8916 8988 11580 11508)
4(8987 11579 11580 8988)
4(8917 8989 11581 11509)
4(8988 11580 11581 8989)
4(8918 8990 11582 11510)
4(8989 11581 11582 8990)
4(8919 8991 11583 11511)
4(8990 11582 11583 8991)
4(8920 8992 11584 11512)
4(8991 11583 11584 8992)
4(8921 8993 11585 11513)
4(8992 11584 11585 8993)
4(8922 8994 11586 11514)
4(8993 11585 11586 8994)
4(8923 8995 11587 11515)
4(8994 11586 11587 8995)
4(8924 8996 11588 11516)
4(8995 11587 11588 8996)
4(8925 8997 11589 11517)
4(8996 11588 11589 8997)
4(8926 8998 11590 11518)
4(8997 11589 11590 8998)
4(8927 8999 11591 11519)
4(8998 11590 11591 8999)
4(8928 9000 11592 11520)
4(8999 11591 11592 9000)
4(8929 9001 11593 11521)
4(9000 11592 11593 9001)
4(8930 9002 11594 11522)
4(9001 11593 11594 9002)
4(8931 9003 11595 11523)
4(9002 11594 11595 9003)
4(8932 9004 11596 11524)
4(9003 11595 11596 9004)
4(8933 9005 11597 11525)
4(9004 11596 11597 9005)
4(8934 9006 11598 11526)
4(9005 11597 11598 9006)
4(8935 9007 11599 11527)
4(9006 11598 11599 9007)
4(8936 9008 11600 11528)
4(9007 11599 11600 9008)
4(8937 9009 11601 11529)
4(9008 11600 11601 9009)
4(8938 9010 11602 11530)
4(9009 11601 11602 9010)
4(8939 9011 11603 11531)
4(9010 11602 11603 9011)
4(8940 9012 11604 11532)
4(9011 11603 11604 9012)
4(8941 9013 11605 11533)
4(9012 11604 11605 9013)
4(8942 9014 11606 11534)
4(9013 11605 11606 9014)
4(8943 9015 11607 11535)
4(9014 11606 11607 9015)
4(8944 9016 11608 11536)
4(9015 11607 11608 9016)
4(8945 9017 11609 11537)
4(9016 11608 11609 9017)
4(8946 9018 11610 11538)
4(9017 11609 11610 9018)
4(8947 9019 11611 11539)
4(9018 11610 11611 9019)
4(8948 9020 11612 11540)
4(9019 11611 11612 9020)
4(8949 9021 11613 11541)
4(9020 11612 11613 9021)
4(8950 9022 11614 11542)
4(9021 11613 11614 9022)
4(8951 9023 11615 11543)
4(9022 11614 11615 9023)
4(8952 9024 11616 11544)
4(9023 11615 11616 9024)
4(8953 9025 11617 11545)
4(9024 11616 11617 9025)
4(8954 9026 11618 11546)
4(9025 11617 11618 9026)
4(8955 9027 11619 11547)
4(9026 11618 11619 9027)
4(8956 9028 11620 11548)
4(9027 11619 11620 9028)
4(8957 9029 11621 11549)
4(9028 11620 11621 9029)
4(8958 9030 11622 11550)
4(9029 11621 11622 9030)
4(8959 9031 11623 11551)
4(9030 11622 11623 9031)
4(8960 9032 11624 11552)
4(9031 11623 11624 9032)
4(9032 11624 11625 9033)
4(8962 9034 11626 11554)
4(3820 4189 11626 9034)
4(8963 9035 11627 11555)
4(9034 11626 11627 9035)
4(8964 9036 11628 11556)
4(9035 11627 11628 9036)
4(8965 9037 11629 11557)
4(9036 11628 11629 9037)
4(8966 9038 11630 11558)
4(9037 11629 11630 9038)
4(8967 9039 11631 11559)
4(9038 11630 11631 9039)
4(8968 9040 11632 11560)
4(9039 11631 11632 9040)
4(8969 9041 11633 11561)
4(9040 11632 11633 9041)
4(8970 9042 11634 11562)
4(9041 11633 11634 9042)
4(8971 9043 11635 11563)
4(9042 11634 11635 9043)
4(8972 9044 11636 11564)
4(9043 11635 11636 9044)
4(8973 9045 11637 11565)
4(9044 11636 11637 9045)
4(8974 9046 11638 11566)
4(9045 11637 11638 9046)
4(8975 9047 11639 11567)
4(9046 11638 11639 9047)
4(8976 9048 11640 11568)
4(9047 11639 11640 9048)
4(8977 9049 11641 11569)
4(9048 11640 11641 9049)
4(8978 9050 11642 11570)
4(9049 11641 11642 9050)
4(8979 9051 11643 11571)
4(9050 11642 11643 9051)
4(8980 9052 11644 11572)
4(9051 11643 11644 9052)
4(8981 9053 11645 11573)
4(9052 11644 11645 9053)
4(8982 9054 11646 11574)
4(9053 11645 11646 9054)
4(8983 9055 11647 11575)
4(9054 11646 11647 9055)
4(8984 9056 11648 11576)
4(9055 11647 11648 9056)
4(8985 9057 11649 11577)
4(9056 11648 11649 9057)
4(8986 9058 11650 11578)
4(9057 11649 11650 9058)
4(8987 9059 11651 11579)
4(9058 11650 11651 9059)
4(8988 9060 11652 11580)
4(9059 11651 11652 9060)
4(8989 9061 11653 11581)
4(9060 11652 11653 9061)
4(8990 9062 11654 11582)
4(9061 11653 11654 9062)
4(8991 9063 11655 11583)
4(9062 11654 11655 9063)
4(8992 9064 11656 11584)
4(9063 11655 11656 9064)
4(8993 9065 11657 11585)
4(9064 11656 11657 9065)
4(8994 9066 11658 11586)
4(9065 11657 11658 9066)
4(8995 9067 11659 11587)
4(9066 11658 11659 9067)
4(8996 9068 11660 11588)
4(9067 11659 11660 9068)
4(8997 9069 11661 11589)
4(9068 11660 11661 9069)
4(8998 9070 11662 11590)
4(9069 11661 11662 9070)
4(8999 9071 11663 11591)
4(9070 11662 11663 9071)
4(9000 9072 11664 11592)
4(9071 11663 11664 9072)
4(9001 9073 11665 11593)
4(9072 11664 11665 9073)
4(9002 9074 11666 11594)
4(9073 11665 11666 9074)
4(9003 9075 11667 11595)
4(9074 11666 11667 9075)
4(9004 9076 11668 11596)
4(9075 11667 11668 9076)
4(9005 9077 11669 11597)
4(9076 11668 11669 9077)
4(9006 9078 11670 11598)
4(9077 11669 11670 9078)
4(9007 9079 11671 11599)
4(9078 11670 11671 9079)
4(9008 9080 11672 11600)
4(9079 11671 11672 9080)
4(9009 9081 11673 11601)
4(9080 11672 11673 9081)
4(9010 9082 11674 11602)
4(9081 11673 11674 9082)
4(9011 9083 11675 11603)
4(9082 11674 11675 9083)
4(9012 9084 11676 11604)
4(9083 11675 11676 9084)
4(9013 9085 11677 11605)
4(9084 11676 11677 9085)
4(9014 9086 11678 11606)
4(9085 11677 11678 9086)
4(9015 9087 11679 11607)
4(9086 11678 11679 9087)
4(9016 9088 11680 11608)
4(9087 11679 11680 9088)
4(9017 9089 11681 11609)
4(9088 11680 11681 9089)
4(9018 9090 11682 11610)
4(9089 11681 11682 9090)
4(9019 9091 11683 11611)
4(9090 11682 11683 9091)
4(9020 9092 11684 11612)
4(9091 11683 11684 9092)
4(9021 9093 11685 11613)
4(9092 11684 11685 9093)
4(9022 9094 11686 11614)
4(9093 11685 11686 9094)
4(9023 9095 11687 11615)
4(9094 11686 11687 9095)
4(9024 9096 11688 11616)
4(9095 11687 11688 9096)
4(9025 9097 11689 11617)
4(9096 11688 11689 9097)
4(9026 9098 11690 11618)
4(9097 11689 11690 9098)
4(9027 9099 11691 11619)
4(9098 11690 11691 9099)
4(9028 9100 11692 11620)
4(9099 11691 11692 9100)
4(9029 9101 11693 11621)
4(9100 11692 11693 9101)
4(9030 9102 11694 11622)
4(9101 11693 11694 9102)
4(9031 9103 11695 11623)
4(9102 11694 11695 9103)
4(9032 9104 11696 11624)
4(9103 11695 11696 9104)
4(9104 11696 11697 9105)
4(9034 9106 11698 11626)
4(3830 4199 11698 9106)
4(9035 9107 11699 11627)
4(9106 11698 11699 9107)
4(9036 9108 11700 11628)
4(9107 11699 11700 9108)
4(9037 9109 11701 11629)
4(9108 11700 11701 9109)
4(9038 9110 11702 11630)
4(9109 11701 11702 9110)
4(9039 9111 11703 11631)
4(9110 11702 11703 9111)
4(9040 9112 11704 11632)
4(9111 11703 11704 9112)
4(9041 9113 11705 11633)
4(9112 11704 11705 9113)
4(9042 9114 11706 11634)
4(9113 11705 11706 9114)
4(9043 9115 11707 11635)
4(9114 11706 11707 9115)
4(9044 9116 11708 11636)
4(9115 11707 11708 9116)
4(9045 9117 11709 11637)
4(9116 11708 11709 9117)
4(9046 9118 11710 11638)
4(9117 11709 11710 9118)
4(9047 9119 11711 11639)
4(9118 11710 11711 9119)
4(9048 9120 11712 11640)
4(9119 11711 11712 9120)
4(9049 9121 11713 11641)
4(9120 11712 11713 9121)
4(9050 9122 11714 11642)
4(9121 11713 11714 9122)
4(9051 9123 11715 11643)
4(9122 11714 11715 9123)
4(9052 9124 11716 11644)
4(9123 11715 11716 9124)
4(9053 9125 11717 11645)
4(9124 11716 11717 9125)
4(9054 9126 11718 11646)
4(9125 11717 11718 9126)
4(9055 9127 11719 11647)
4(9126 11718 11719 9127)
4(9056 9128 11720 11648)
4(9127 11719 11720 9128)
4(9057 9129 11721 11649)
4(9128 11720 11721 9129)
4(9058 9130 11722 11650)
4(9129 11721 11722 9130)
4(9059 9131 11723 11651)
4(9130 11722 11723 9131)
4(9060 9132 11724 11652)
4(9131 11723 11724 9132)
4(9061 9133 11725 11653)
4(9132 11724 11725 9133)
4(9062 9134 11726 11654)
4(9133 11725 11726 9134)
4(9063 9135 11727 11655)
4(9134 11726 11727 9135)
4(9064 9136 11728 11656)
4(9135 11727 11728 9136)
4(9065 9137 11729 11657)
4(9136 11728 11729 9137)
4(9066 9138 11730 11658)
4(9137 11729 11730 9138)
4(9067 9139 11731 11659)
4(9138 11730 11731 9139)
4(9068 9140 11732 11660)
4(9139 11731 11732 9140)
4(9069 9141 11733 11661)
4(9140 11732 11733 9141)
4(9070 9142 11734 11662)
4(9141 11733 11734 9142)
4(9071 9143 11735 11663)
4(9142 11734 11735 9143)
4(9072 9144 11736 11664)
4(9143 11735 11736 9144)
4(9073 9145 11737 11665)
4(9144 11736 11737 9145)
4(9074 9146 11738 11666)
4(9145 11737 11738 9146)
4(9075 9147 11739 11667)
4(9146 11738 11739 9147)
4(9076 9148 11740 11668)
4(9147 11739 11740 9148)
4(9077 9149 11741 11669)
4(9148 11740 11741 9149)
4(9078 9150 11742 11670)
4(9149 11741 11742 9150)
4(9079 9151 11743 11671)
4(9150 11742 11743 9151)
4(9080 9152 11744 11672)
4(9151 11743 11744 9152)
4(9081 9153 11745 11673)
4(9152 11744 11745 9153)
4(9082 9154 11746 11674)
4(9153 11745 11746 9154)
4(9083 9155 11747 11675)
4(9154 11746 11747 9155)
4(9084 9156 11748 11676)
4(9155 11747 11748 9156)
4(9085 9157 11749 11677)
4(9156 11748 11749 9157)
4(9086 9158 11750 11678)
4(9157 11749 11750 9158)
4(9087 9159 11751 11679)
4(9158 11750 11751 9159)
4(9088 9160 11752 11680)
4(9159 11751 11752 9160)
4(9089 9161 11753 11681)
4(9160 11752 11753 9161)
4(9090 9162 11754 11682)
4(9161 11753 11754 9162)
4(9091 9163 11755 11683)
4(9162 11754 11755 9163)
4(9092 9164 11756 11684)
4(9163 11755 11756 9164)
4(9093 9165 11757 11685)
4(9164 11756 11757 9165)
4(9094 9166 11758 11686)
4(9165 11757 11758 9166)
4(9095 9167 11759 11687)
4(9166 11758 11759 9167)
4(9096 9168 11760 11688)
4(9167 11759 11760 9168)
4(9097 9169 11761 11689)
4(9168 11760 11761 9169)
4(9098 9170 11762 11690)
4(9169 11761 11762 9170)
4(9099 9171 11763 11691)
4(9170 11762 11763 9171)
4(9100 9172 11764 11692)
4(9171 11763 11764 9172)
4(9101 9173 11765 11693)
4(9172 11764 11765 9173)
4(9102 9174 11766 11694)
4(9173 11765 11766 9174)
4(9103 9175 11767 11695)
4(9174 11766 11767 9175)
4(9104 9176 11768 11696)
4(9175 11767 11768 9176)
4(9176 11768 11769 9177)
4(9106 9178 11770 11698)
4(9107 9179 11771 11699)
4(9108 9180 11772 11700)
4(9109 9181 11773 11701)
4(9110 9182 11774 11702)
4(9111 9183 11775 11703)
4(9112 9184 11776 11704)
4(9113 9185 11777 11705)
4(9114 9186 11778 11706)
4(9115 9187 11779 11707)
4(9116 9188 11780 11708)
4(9117 9189 11781 11709)
4(9118 9190 11782 11710)
4(9119 9191 11783 11711)
4(9120 9192 11784 11712)
4(9121 9193 11785 11713)
4(9122 9194 11786 11714)
4(9123 9195 11787 11715)
4(9124 9196 11788 11716)
4(9125 9197 11789 11717)
4(9126 9198 11790 11718)
4(9127 9199 11791 11719)
4(9128 9200 11792 11720)
4(9129 9201 11793 11721)
4(9130 9202 11794 11722)
4(9131 9203 11795 11723)
4(9132 9204 11796 11724)
4(9133 9205 11797 11725)
4(9134 9206 11798 11726)
4(9135 9207 11799 11727)
4(9136 9208 11800 11728)
4(9137 9209 11801 11729)
4(9138 9210 11802 11730)
4(9139 9211 11803 11731)
4(9140 9212 11804 11732)
4(9141 9213 11805 11733)
4(9142 9214 11806 11734)
4(9143 9215 11807 11735)
4(9144 9216 11808 11736)
4(9145 9217 11809 11737)
4(9146 9218 11810 11738)
4(9147 9219 11811 11739)
4(9148 9220 11812 11740)
4(9149 9221 11813 11741)
4(9150 9222 11814 11742)
4(9151 9223 11815 11743)
4(9152 9224 11816 11744)
4(9153 9225 11817 11745)
4(9154 9226 11818 11746)
4(9155 9227 11819 11747)
4(9156 9228 11820 11748)
4(9157 9229 11821 11749)
4(9158 9230 11822 11750)
4(9159 9231 11823 11751)
4(9160 9232 11824 11752)
4(9161 9233 11825 11753)
4(9162 9234 11826 11754)
4(9163 9235 11827 11755)
4(9164 9236 11828 11756)
4(9165 9237 11829 11757)
4(9166 9238 11830 11758)
4(9167 9239 11831 11759)
4(9168 9240 11832 11760)
4(9169 9241 11833 11761)
4(9170 9242 11834 11762)
4(9171 9243 11835 11763)
4(9172 9244 11836 11764)
4(9173 9245 11837 11765)
4(9174 9246 11838 11766)
4(9175 9247 11839 11767)
4(9176 9248 11840 11768)
4(0 493 522 29)
4(29 522 551 58)
4(58 551 580 87)
4(87 580 609 116)
4(116 609 638 145)
4(145 638 667 174)
4(174 667 696 203)
4(203 696 725 232)
4(232 725 754 261)
4(261 754 783 290)
4(290 783 812 319)
4(319 812 841 348)
4(348 841 870 377)
4(377 870 899 406)
4(406 899 928 435)
4(435 928 957 464)
4(986 2059 2088 1015)
4(1015 2088 2117 1044)
4(1044 2117 2146 1073)
4(1073 2146 2175 1102)
4(1102 2175 2204 1131)
4(1131 2204 2233 1160)
4(1160 2233 2262 1189)
4(1189 2262 2291 1218)
4(1218 2291 2320 1247)
4(1247 2320 2349 1276)
4(1276 2349 2378 1305)
4(1305 2378 2407 1334)
4(1334 2407 2436 1363)
4(1363 2436 2465 1392)
4(1392 2465 2494 1421)
4(1421 2494 2523 1450)
4(1450 2523 2552 1479)
4(1479 2552 2581 1508)
4(1508 2581 2610 1537)
4(1537 2610 2639 1566)
4(1566 2639 2668 1595)
4(1595 2668 2697 1624)
4(1624 2697 2726 1653)
4(1653 2726 2755 1682)
4(1682 2755 2784 1711)
4(1711 2784 2813 1740)
4(1740 2813 2842 1769)
4(1769 2842 2871 1798)
4(1798 2871 2900 1827)
4(1827 2900 2929 1856)
4(1856 2929 2958 1885)
4(1885 2958 2987 1914)
4(1914 2987 3016 1943)
4(1943 3016 3045 1972)
4(1972 3045 3074 2001)
4(2001 3074 3103 2030)
4(4281 4353 5577 5505)
4(4353 4425 5649 5577)
4(4425 4497 5721 5649)
4(4497 4569 5793 5721)
4(4569 4641 5865 5793)
4(4641 4713 5937 5865)
4(4713 4785 6009 5937)
4(4785 4857 6081 6009)
4(4857 4929 6153 6081)
4(4929 5001 6225 6153)
4(5001 5073 6297 6225)
4(5073 5145 6369 6297)
4(5145 5217 6441 6369)
4(5217 5289 6513 6441)
4(5289 5361 6585 6513)
4(5361 5433 6657 6585)
4(5433 6729 9321 6657)
4(6729 6801 9393 9321)
4(6801 6873 9465 9393)
4(6873 6945 9537 9465)
4(6945 7017 9609 9537)
4(7017 7089 9681 9609)
4(7089 7161 9753 9681)
4(7161 7233 9825 9753)
4(7233 7305 9897 9825)
4(7305 7377 9969 9897)
4(7377 7449 10041 9969)
4(7449 7521 10113 10041)
4(7521 7593 10185 10113)
4(7593 7665 10257 10185)
4(7665 7737 10329 10257)
4(7737 7809 10401 10329)
4(7809 7881 10473 10401)
4(7881 7953 10545 10473)
4(7953 8025 10617 10545)
4(8025 8097 10689 10617)
4(8097 8169 10761 10689)
4(8169 8241 10833 10761)
4(8241 8313 10905 10833)
4(8313 8385 10977 10905)
4(8385 8457 11049 10977)
4(8457 8529 11121 11049)
4(8529 8601 11193 11121)
4(8601 8673 11265 11193)
4(8673 8745 11337 11265)
4(8745 8817 11409 11337)
4(8817 8889 11481 11409)
4(8889 8961 11553 11481)
4(8961 9033 11625 11553)
4(9033 9105 11697 11625)
4(9105 9177 11769 11697)
4(9177 9249 11841 11769)
4(464 957 958 465)
4(465 958 959 466)
4(466 959 960 467)
4(467 960 961 468)
4(468 961 962 469)
4(469 962 963 470)
4(470 963 964 471)
4(471 964 965 472)
4(472 965 966 473)
4(473 966 967 474)
4(474 967 968 475)
4(475 968 969 476)
4(476 969 970 477)
4(477 970 971 478)
4(478 971 972 479)
4(479 972 973 480)
4(480 973 974 481)
4(481 974 975 482)
4(482 975 976 483)
4(483 976 977 484)
4(484 977 978 485)
4(485 978 979 486)
4(486 979 980 487)
4(487 980 981 488)
4(488 981 982 489)
4(489 982 983 490)
4(490 983 984 491)
4(491 984 985 492)
4(492 985 3462 3292)
4(3292 3462 3463 3293)
4(3293 3463 3464 3294)
4(3294 3464 3465 3295)
4(3295 3465 3466 3296)
4(3296 3466 3467 3297)
4(3297 3467 3468 3298)
4(3298 3468 3469 3299)
4(3299 3469 3470 3300)
4(3300 3470 3471 3301)
4(986 987 2060 2059)
4(987 988 2061 2060)
4(988 989 2062 2061)
4(989 990 2063 2062)
4(990 991 2064 2063)
4(991 992 2065 2064)
4(992 993 2066 2065)
4(993 994 2067 2066)
4(994 995 2068 2067)
4(995 996 2069 2068)
4(996 997 2070 2069)
4(997 998 2071 2070)
4(998 999 2072 2071)
4(999 1000 2073 2072)
4(1000 1001 2074 2073)
4(1001 1002 2075 2074)
4(1002 1003 2076 2075)
4(1003 1004 2077 2076)
4(1004 1005 2078 2077)
4(1005 1006 2079 2078)
4(1006 1007 2080 2079)
4(1007 1008 2081 2080)
4(1008 1009 2082 2081)
4(1009 1010 2083 2082)
4(1010 1011 2084 2083)
4(1011 1012 2085 2084)
4(1012 1013 2086 2085)
4(1013 1014 2087 2086)
4(1014 3472 3841 2087)
4(3472 3473 3842 3841)
4(3473 3474 3843 3842)
4(3474 3475 3844 3843)
4(3475 3476 3845 3844)
4(3476 3477 3846 3845)
4(3477 3478 3847 3846)
4(3478 3479 3848 3847)
4(3479 3480 3849 3848)
4(3480 3301 3471 3849)
4(2030 3103 3104 2031)
4(2031 3104 3105 2032)
4(2032 3105 3106 2033)
4(2033 3106 3107 2034)
4(2034 3107 3108 2035)
4(2035 3108 3109 2036)
4(2036 3109 3110 2037)
4(2037 3110 3111 2038)
4(2038 3111 3112 2039)
4(2039 3112 3113 2040)
4(2040 3113 3114 2041)
4(2041 3114 3115 2042)
4(2042 3115 3116 2043)
4(2043 3116 3117 2044)
4(2044 3117 3118 2045)
4(2045 3118 3119 2046)
4(2046 3119 3120 2047)
4(2047 3120 3121 2048)
4(2048 3121 3122 2049)
4(2049 3122 3123 2050)
4(2050 3123 3124 2051)
4(2051 3124 3125 2052)
4(2052 3125 3126 2053)
4(2053 3126 3127 2054)
4(2054 3127 3128 2055)
4(2055 3128 3129 2056)
4(2056 3129 3130 2057)
4(2057 3130 3131 2058)
4(2058 3131 4200 3831)
4(3831 4200 4201 3832)
4(3832 4201 4202 3833)
4(3833 4202 4203 3834)
4(3834 4203 4204 3835)
4(3835 4204 4205 3836)
4(3836 4205 4206 3837)
4(3837 4206 4207 3838)
4(3838 4207 4208 3839)
4(3839 4208 4209 3840)
4(3840 4209 11770 9178)
4(9178 11770 11771 9179)
4(9179 11771 11772 9180)
4(9180 11772 11773 9181)
4(9181 11773 11774 9182)
4(9182 11774 11775 9183)
4(9183 11775 11776 9184)
4(9184 11776 11777 9185)
4(9185 11777 11778 9186)
4(9186 11778 11779 9187)
4(9187 11779 11780 9188)
4(9188 11780 11781 9189)
4(9189 11781 11782 9190)
4(9190 11782 11783 9191)
4(9191 11783 11784 9192)
4(9192 11784 11785 9193)
4(9193 11785 11786 9194)
4(9194 11786 11787 9195)
4(9195 11787 11788 9196)
4(9196 11788 11789 9197)
4(9197 11789 11790 9198)
4(9198 11790 11791 9199)
4(9199 11791 11792 9200)
4(9200 11792 11793 9201)
4(9201 11793 11794 9202)
4(9202 11794 11795 9203)
4(9203 11795 11796 9204)
4(9204 11796 11797 9205)
4(9205 11797 11798 9206)
4(9206 11798 11799 9207)
4(9207 11799 11800 9208)
4(9208 11800 11801 9209)
4(9209 11801 11802 9210)
4(9210 11802 11803 9211)
4(9211 11803 11804 9212)
4(9212 11804 11805 9213)
4(9213 11805 11806 9214)
4(9214 11806 11807 9215)
4(9215 11807 11808 9216)
4(9216 11808 11809 9217)
4(9217 11809 11810 9218)
4(9218 11810 11811 9219)
4(9219 11811 11812 9220)
4(9220 11812 11813 9221)
4(9221 11813 11814 9222)
4(9222 11814 11815 9223)
4(9223 11815 11816 9224)
4(9224 11816 11817 9225)
4(9225 11817 11818 9226)
4(9226 11818 11819 9227)
4(9227 11819 11820 9228)
4(9228 11820 11821 9229)
4(9229 11821 11822 9230)
4(9230 11822 11823 9231)
4(9231 11823 11824 9232)
4(9232 11824 11825 9233)
4(9233 11825 11826 9234)
4(9234 11826 11827 9235)
4(9235 11827 11828 9236)
4(9236 11828 11829 9237)
4(9237 11829 11830 9238)
4(9238 11830 11831 9239)
4(9239 11831 11832 9240)
4(9240 11832 11833 9241)
4(9241 11833 11834 9242)
4(9242 11834 11835 9243)
4(9243 11835 11836 9244)
4(9244 11836 11837 9245)
4(9245 11837 11838 9246)
4(9246 11838 11839 9247)
4(9247 11839 11840 9248)
4(9248 11840 11841 9249)
4(0 1 494 493)
4(1 2 495 494)
4(2 3 496 495)
4(3 4 497 496)
4(4 5 498 497)
4(5 6 499 498)
4(6 7 500 499)
4(7 8 501 500)
4(8 9 502 501)
4(9 10 503 502)
4(10 11 504 503)
4(11 12 505 504)
4(12 13 506 505)
4(13 14 507 506)
4(14 15 508 507)
4(15 16 509 508)
4(16 17 510 509)
4(17 18 511 510)
4(18 19 512 511)
4(19 20 513 512)
4(20 21 514 513)
4(21 22 515 514)
4(22 23 516 515)
4(23 24 517 516)
4(24 25 518 517)
4(25 26 519 518)
4(26 27 520 519)
4(27 28 521 520)
4(28 3132 3302 521)
4(3132 3133 3303 3302)
4(3133 3134 3304 3303)
4(3134 3135 3305 3304)
4(3135 3136 3306 3305)
4(3136 3137 3307 3306)
4(3137 3138 3308 3307)
4(3138 3139 3309 3308)
4(3139 3140 3310 3309)
4(3140 3141 3311 3310)
4(3141 4210 5434 3311)
4(4210 4211 5435 5434)
4(4211 4212 5436 5435)
4(4212 4213 5437 5436)
4(4213 4214 5438 5437)
4(4214 4215 5439 5438)
4(4215 4216 5440 5439)
4(4216 4217 5441 5440)
4(4217 4218 5442 5441)
4(4218 4219 5443 5442)
4(4219 4220 5444 5443)
4(4220 4221 5445 5444)
4(4221 4222 5446 5445)
4(4222 4223 5447 5446)
4(4223 4224 5448 5447)
4(4224 4225 5449 5448)
4(4225 4226 5450 5449)
4(4226 4227 5451 5450)
4(4227 4228 5452 5451)
4(4228 4229 5453 5452)
4(4229 4230 5454 5453)
4(4230 4231 5455 5454)
4(4231 4232 5456 5455)
4(4232 4233 5457 5456)
4(4233 4234 5458 5457)
4(4234 4235 5459 5458)
4(4235 4236 5460 5459)
4(4236 4237 5461 5460)
4(4237 4238 5462 5461)
4(4238 4239 5463 5462)
4(4239 4240 5464 5463)
4(4240 4241 5465 5464)
4(4241 4242 5466 5465)
4(4242 4243 5467 5466)
4(4243 4244 5468 5467)
4(4244 4245 5469 5468)
4(4245 4246 5470 5469)
4(4246 4247 5471 5470)
4(4247 4248 5472 5471)
4(4248 4249 5473 5472)
4(4249 4250 5474 5473)
4(4250 4251 5475 5474)
4(4251 4252 5476 5475)
4(4252 4253 5477 5476)
4(4253 4254 5478 5477)
4(4254 4255 5479 5478)
4(4255 4256 5480 5479)
4(4256 4257 5481 5480)
4(4257 4258 5482 5481)
4(4258 4259 5483 5482)
4(4259 4260 5484 5483)
4(4260 4261 5485 5484)
4(4261 4262 5486 5485)
4(4262 4263 5487 5486)
4(4263 4264 5488 5487)
4(4264 4265 5489 5488)
4(4265 4266 5490 5489)
4(4266 4267 5491 5490)
4(4267 4268 5492 5491)
4(4268 4269 5493 5492)
4(4269 4270 5494 5493)
4(4270 4271 5495 5494)
4(4271 4272 5496 5495)
4(4272 4273 5497 5496)
4(4273 4274 5498 5497)
4(4274 4275 5499 5498)
4(4275 4276 5500 5499)
4(4276 4277 5501 5500)
4(4277 4278 5502 5501)
4(4278 4279 5503 5502)
4(4279 4280 5504 5503)
4(4280 4281 5505 5504)
4(0 29 30 1)
4(29 58 59 30)
4(58 87 88 59)
4(87 116 117 88)
4(116 145 146 117)
4(145 174 175 146)
4(174 203 204 175)
4(203 232 233 204)
4(232 261 262 233)
4(261 290 291 262)
4(290 319 320 291)
4(319 348 349 320)
4(348 377 378 349)
4(377 406 407 378)
4(406 435 436 407)
4(435 464 465 436)
4(1 30 31 2)
4(30 59 60 31)
4(59 88 89 60)
4(88 117 118 89)
4(117 146 147 118)
4(146 175 176 147)
4(175 204 205 176)
4(204 233 234 205)
4(233 262 263 234)
4(262 291 292 263)
4(291 320 321 292)
4(320 349 350 321)
4(349 378 379 350)
4(378 407 408 379)
4(407 436 437 408)
4(436 465 466 437)
4(2 31 32 3)
4(31 60 61 32)
4(60 89 90 61)
4(89 118 119 90)
4(118 147 148 119)
4(147 176 177 148)
4(176 205 206 177)
4(205 234 235 206)
4(234 263 264 235)
4(263 292 293 264)
4(292 321 322 293)
4(321 350 351 322)
4(350 379 380 351)
4(379 408 409 380)
4(408 437 438 409)
4(437 466 467 438)
4(3 32 33 4)
4(32 61 62 33)
4(61 90 91 62)
4(90 119 120 91)
4(119 148 149 120)
4(148 177 178 149)
4(177 206 207 178)
4(206 235 236 207)
4(235 264 265 236)
4(264 293 294 265)
4(293 322 323 294)
4(322 351 352 323)
4(351 380 381 352)
4(380 409 410 381)
4(409 438 439 410)
4(438 467 468 439)
4(4 33 34 5)
4(33 62 63 34)
4(62 91 92 63)
4(91 120 121 92)
4(120 149 150 121)
4(149 178 179 150)
4(178 207 208 179)
4(207 236 237 208)
4(236 265 266 237)
4(265 294 295 266)
4(294 323 324 295)
4(323 352 353 324)
4(352 381 382 353)
4(381 410 411 382)
4(410 439 440 411)
4(439 468 469 440)
4(5 34 35 6)
4(34 63 64 35)
4(63 92 93 64)
4(92 121 122 93)
4(121 150 151 122)
4(150 179 180 151)
4(179 208 209 180)
4(208 237 238 209)
4(237 266 267 238)
4(266 295 296 267)
4(295 324 325 296)
4(324 353 354 325)
4(353 382 383 354)
4(382 411 412 383)
4(411 440 441 412)
4(440 469 470 441)
4(6 35 36 7)
4(35 64 65 36)
4(64 93 94 65)
4(93 122 123 94)
4(122 151 152 123)
4(151 180 181 152)
4(180 209 210 181)
4(209 238 239 210)
4(238 267 268 239)
4(267 296 297 268)
4(296 325 326 297)
4(325 354 355 326)
4(354 383 384 355)
4(383 412 413 384)
4(412 441 442 413)
4(441 470 471 442)
4(7 36 37 8)
4(36 65 66 37)
4(65 94 95 66)
4(94 123 124 95)
4(123 152 153 124)
4(152 181 182 153)
4(181 210 211 182)
4(210 239 240 211)
4(239 268 269 240)
4(268 297 298 269)
4(297 326 327 298)
4(326 355 356 327)
4(355 384 385 356)
4(384 413 414 385)
4(413 442 443 414)
4(442 471 472 443)
4(8 37 38 9)
4(37 66 67 38)
4(66 95 96 67)
4(95 124 125 96)
4(124 153 154 125)
4(153 182 183 154)
4(182 211 212 183)
4(211 240 241 212)
4(240 269 270 241)
4(269 298 299 270)
4(298 327 328 299)
4(327 356 357 328)
4(356 385 386 357)
4(385 414 415 386)
4(414 443 444 415)
4(443 472 473 444)
4(9 38 39 10)
4(38 67 68 39)
4(67 96 97 68)
4(96 125 126 97)
4(125 154 155 126)
4(154 183 184 155)
4(183 212 213 184)
4(212 241 242 213)
4(241 270 271 242)
4(270 299 300 271)
4(299 328 329 300)
4(328 357 358 329)
4(357 386 387 358)
4(386 415 416 387)
4(415 444 445 416)
4(444 473 474 445)
4(10 39 40 11)
4(39 68 69 40)
4(68 97 98 69)
4(97 126 127 98)
4(126 155 156 127)
4(155 184 185 156)
4(184 213 214 185)
4(213 242 243 214)
4(242 271 272 243)
4(271 300 301 272)
4(300 329 330 301)
4(329 358 359 330)
4(358 387 388 359)
4(387 416 417 388)
4(416 445 446 417)
4(445 474 475 446)
4(11 40 41 12)
4(40 69 70 41)
4(69 98 99 70)
4(98 127 128 99)
4(127 156 157 128)
4(156 185 186 157)
4(185 214 215 186)
4(214 243 244 215)
4(243 272 273 244)
4(272 301 302 273)
4(301 330 331 302)
4(330 359 360 331)
4(359 388 389 360)
4(388 417 418 389)
4(417 446 447 418)
4(446 475 476 447)
4(12 41 42 13)
4(41 70 71 42)
4(70 99 100 71)
4(99 128 129 100)
4(128 157 158 129)
4(157 186 187 158)
4(186 215 216 187)
4(215 244 245 216)
4(244 273 274 245)
4(273 302 303 274)
4(302 331 332 303)
4(331 360 361 332)
4(360 389 390 361)
4(389 418 419 390)
4(418 447 448 419)
4(447 476 477 448)
4(13 42 43 14)
4(42 71 72 43)
4(71 100 101 72)
4(100 129 130 101)
4(129 158 159 130)
4(158 187 188 159)
4(187 216 217 188)
4(216 245 246 217)
4(245 274 275 246)
4(274 303 304 275)
4(303 332 333 304)
4(332 361 362 333)
4(361 390 391 362)
4(390 419 420 391)
4(419 448 449 420)
4(448 477 478 449)
4(14 43 44 15)
4(43 72 73 44)
4(72 101 102 73)
4(101 130 131 102)
4(130 159 160 131)
4(159 188 189 160)
4(188 217 218 189)
4(217 246 247 218)
4(246 275 276 247)
4(275 304 305 276)
4(304 333 334 305)
4(333 362 363 334)
4(362 391 392 363)
4(391 420 421 392)
4(420 449 450 421)
4(449 478 479 450)
4(15 44 45 16)
4(44 73 74 45)
4(73 102 103 74)
4(102 131 132 103)
4(131 160 161 132)
4(160 189 190 161)
4(189 218 219 190)
4(218 247 248 219)
4(247 276 277 248)
4(276 305 306 277)
4(305 334 335 306)
4(334 363 364 335)
4(363 392 393 364)
4(392 421 422 393)
4(421 450 451 422)
4(450 479 480 451)
4(16 45 46 17)
4(45 74 75 46)
4(74 103 104 75)
4(103 132 133 104)
4(132 161 162 133)
4(161 190 191 162)
4(190 219 220 191)
4(219 248 249 220)
4(248 277 278 249)
4(277 306 307 278)
4(306 335 336 307)
4(335 364 365 336)
4(364 393 394 365)
4(393 422 423 394)
4(422 451 452 423)
4(451 480 481 452)
4(17 46 47 18)
4(46 75 76 47)
4(75 104 105 76)
4(104 133 134 105)
4(133 162 163 134)
4(162 191 192 163)
4(191 220 221 192)
4(220 249 250 221)
4(249 278 279 250)
4(278 307 308 279)
4(307 336 337 308)
4(336 365 366 337)
4(365 394 395 366)
4(394 423 424 395)
4(423 452 453 424)
4(452 481 482 453)
4(18 47 48 19)
4(47 76 77 48)
4(76 105 106 77)
4(105 134 135 106)
4(134 163 164 135)
4(163 192 193 164)
4(192 221 222 193)
4(221 250 251 222)
4(250 279 280 251)
4(279 308 309 280)
4(308 337 338 309)
4(337 366 367 338)
4(366 395 396 367)
4(395 424 425 396)
4(424 453 454 425)
4(453 482 483 454)
4(19 48 49 20)
4(48 77 78 49)
4(77 106 107 78)
4(106 135 136 107)
4(135 164 165 136)
4(164 193 194 165)
4(193 222 223 194)
4(222 251 252 223)
4(251 280 281 252)
4(280 309 310 281)
4(309 338 339 310)
4(338 367 368 339)
4(367 396 397 368)
4(396 425 426 397)
4(425 454 455 426)
4(454 483 484 455)
4(20 49 50 21)
4(49 78 79 50)
4(78 107 108 79)
4(107 136 137 108)
4(136 165 166 137)
4(165 194 195 166)
4(194 223 224 195)
4(223 252 253 224)
4(252 281 282 253)
4(281 310 311 282)
4(310 339 340 311)
4(339 368 369 340)
4(368 397 398 369)
4(397 426 427 398)
4(426 455 456 427)
4(455 484 485 456)
4(21 50 51 22)
4(50 79 80 51)
4(79 108 109 80)
4(108 137 138 109)
4(137 166 167 138)
4(166 195 196 167)
4(195 224 225 196)
4(224 253 254 225)
4(253 282 283 254)
4(282 311 312 283)
4(311 340 341 312)
4(340 369 370 341)
4(369 398 399 370)
4(398 427 428 399)
4(427 456 457 428)
4(456 485 486 457)
4(22 51 52 23)
4(51 80 81 52)
4(80 109 110 81)
4(109 138 139 110)
4(138 167 168 139)
4(167 196 197 168)
4(196 225 226 197)
4(225 254 255 226)
4(254 283 284 255)
4(283 312 313 284)
4(312 341 342 313)
4(341 370 371 342)
4(370 399 400 371)
4(399 428 429 400)
4(428 457 458 429)
4(457 486 487 458)
4(23 52 53 24)
4(52 81 82 53)
4(81 110 111 82)
4(110 139 140 111)
4(139 168 169 140)
4(168 197 198 169)
4(197 226 227 198)
4(226 255 256 227)
4(255 284 285 256)
4(284 313 314 285)
4(313 342 343 314)
4(342 371 372 343)
4(371 400 401 372)
4(400 429 430 401)
4(429 458 459 430)
4(458 487 488 459)
4(24 53 54 25)
4(53 82 83 54)
4(82 111 112 83)
4(111 140 141 112)
4(140 169 170 141)
4(169 198 199 170)
4(198 227 228 199)
4(227 256 257 228)
4(256 285 286 257)
4(285 314 315 286)
4(314 343 344 315)
4(343 372 373 344)
4(372 401 402 373)
4(401 430 431 402)
4(430 459 460 431)
4(459 488 489 460)
4(25 54 55 26)
4(54 83 84 55)
4(83 112 113 84)
4(112 141 142 113)
4(141 170 171 142)
4(170 199 200 171)
4(199 228 229 200)
4(228 257 258 229)
4(257 286 287 258)
4(286 315 316 287)
4(315 344 345 316)
4(344 373 374 345)
4(373 402 403 374)
4(402 431 432 403)
4(431 460 461 432)
4(460 489 490 461)
4(26 55 56 27)
4(55 84 85 56)
4(84 113 114 85)
4(113 142 143 114)
4(142 171 172 143)
4(171 200 201 172)
4(200 229 230 201)
4(229 258 259 230)
4(258 287 288 259)
4(287 316 317 288)
4(316 345 346 317)
4(345 374 375 346)
4(374 403 404 375)
4(403 432 433 404)
4(432 461 462 433)
4(461 490 491 462)
4(27 56 57 28)
4(56 85 86 57)
4(85 114 115 86)
4(114 143 144 115)
4(143 172 173 144)
4(172 201 202 173)
4(201 230 231 202)
4(230 259 260 231)
4(259 288 289 260)
4(288 317 318 289)
4(317 346 347 318)
4(346 375 376 347)
4(375 404 405 376)
4(404 433 434 405)
4(433 462 463 434)
4(462 491 492 463)
4(986 1015 1016 987)
4(1015 1044 1045 1016)
4(1044 1073 1074 1045)
4(1073 1102 1103 1074)
4(1102 1131 1132 1103)
4(1131 1160 1161 1132)
4(1160 1189 1190 1161)
4(1189 1218 1219 1190)
4(1218 1247 1248 1219)
4(1247 1276 1277 1248)
4(1276 1305 1306 1277)
4(1305 1334 1335 1306)
4(1334 1363 1364 1335)
4(1363 1392 1393 1364)
4(1392 1421 1422 1393)
4(1421 1450 1451 1422)
4(1450 1479 1480 1451)
4(1479 1508 1509 1480)
4(1508 1537 1538 1509)
4(1537 1566 1567 1538)
4(1566 1595 1596 1567)
4(1595 1624 1625 1596)
4(1624 1653 1654 1625)
4(1653 1682 1683 1654)
4(1682 1711 1712 1683)
4(1711 1740 1741 1712)
4(1740 1769 1770 1741)
4(1769 1798 1799 1770)
4(1798 1827 1828 1799)
4(1827 1856 1857 1828)
4(1856 1885 1886 1857)
4(1885 1914 1915 1886)
4(1914 1943 1944 1915)
4(1943 1972 1973 1944)
4(1972 2001 2002 1973)
4(2001 2030 2031 2002)
4(987 1016 1017 988)
4(1016 1045 1046 1017)
4(1045 1074 1075 1046)
4(1074 1103 1104 1075)
4(1103 1132 1133 1104)
4(1132 1161 1162 1133)
4(1161 1190 1191 1162)
4(1190 1219 1220 1191)
4(1219 1248 1249 1220)
4(1248 1277 1278 1249)
4(1277 1306 1307 1278)
4(1306 1335 1336 1307)
4(1335 1364 1365 1336)
4(1364 1393 1394 1365)
4(1393 1422 1423 1394)
4(1422 1451 1452 1423)
4(1451 1480 1481 1452)
4(1480 1509 1510 1481)
4(1509 1538 1539 1510)
4(1538 1567 1568 1539)
4(1567 1596 1597 1568)
4(1596 1625 1626 1597)
4(1625 1654 1655 1626)
4(1654 1683 1684 1655)
4(1683 1712 1713 1684)
4(1712 1741 1742 1713)
4(1741 1770 1771 1742)
4(1770 1799 1800 1771)
4(1799 1828 1829 1800)
4(1828 1857 1858 1829)
4(1857 1886 1887 1858)
4(1886 1915 1916 1887)
4(1915 1944 1945 1916)
4(1944 1973 1974 1945)
4(1973 2002 2003 1974)
4(2002 2031 2032 2003)
4(988 1017 1018 989)
4(1017 1046 1047 1018)
4(1046 1075 1076 1047)
4(1075 1104 1105 1076)
4(1104 1133 1134 1105)
4(1133 1162 1163 1134)
4(1162 1191 1192 1163)
4(1191 1220 1221 1192)
4(1220 1249 1250 1221)
4(1249 1278 1279 1250)
4(1278 1307 1308 1279)
4(1307 1336 1337 1308)
4(1336 1365 1366 1337)
4(1365 1394 1395 1366)
4(1394 1423 1424 1395)
4(1423 1452 1453 1424)
4(1452 1481 1482 1453)
4(1481 1510 1511 1482)
4(1510 1539 1540 1511)
4(1539 1568 1569 1540)
4(1568 1597 1598 1569)
4(1597 1626 1627 1598)
4(1626 1655 1656 1627)
4(1655 1684 1685 1656)
4(1684 1713 1714 1685)
4(1713 1742 1743 1714)
4(1742 1771 1772 1743)
4(1771 1800 1801 1772)
4(1800 1829 1830 1801)
4(1829 1858 1859 1830)
4(1858 1887 1888 1859)
4(1887 1916 1917 1888)
4(1916 1945 1946 1917)
4(1945 1974 1975 1946)
4(1974 2003 2004 1975)
4(2003 2032 2033 2004)
4(989 1018 1019 990)
4(1018 1047 1048 1019)
4(1047 1076 1077 1048)
4(1076 1105 1106 1077)
4(1105 1134 1135 1106)
4(1134 1163 1164 1135)
4(1163 1192 1193 1164)
4(1192 1221 1222 1193)
4(1221 1250 1251 1222)
4(1250 1279 1280 1251)
4(1279 1308 1309 1280)
4(1308 1337 1338 1309)
4(1337 1366 1367 1338)
4(1366 1395 1396 1367)
4(1395 1424 1425 1396)
4(1424 1453 1454 1425)
4(1453 1482 1483 1454)
4(1482 1511 1512 1483)
4(1511 1540 1541 1512)
4(1540 1569 1570 1541)
4(1569 1598 1599 1570)
4(1598 1627 1628 1599)
4(1627 1656 1657 1628)
4(1656 1685 1686 1657)
4(1685 1714 1715 1686)
4(1714 1743 1744 1715)
4(1743 1772 1773 1744)
4(1772 1801 1802 1773)
4(1801 1830 1831 1802)
4(1830 1859 1860 1831)
4(1859 1888 1889 1860)
4(1888 1917 1918 1889)
4(1917 1946 1947 1918)
4(1946 1975 1976 1947)
4(1975 2004 2005 1976)
4(2004 2033 2034 2005)
4(990 1019 1020 991)
4(1019 1048 1049 1020)
4(1048 1077 1078 1049)
4(1077 1106 1107 1078)
4(1106 1135 1136 1107)
4(1135 1164 1165 1136)
4(1164 1193 1194 1165)
4(1193 1222 1223 1194)
4(1222 1251 1252 1223)
4(1251 1280 1281 1252)
4(1280 1309 1310 1281)
4(1309 1338 1339 1310)
4(1338 1367 1368 1339)
4(1367 1396 1397 1368)
4(1396 1425 1426 1397)
4(1425 1454 1455 1426)
4(1454 1483 1484 1455)
4(1483 1512 1513 1484)
4(1512 1541 1542 1513)
4(1541 1570 1571 1542)
4(1570 1599 1600 1571)
4(1599 1628 1629 1600)
4(1628 1657 1658 1629)
4(1657 1686 1687 1658)
4(1686 1715 1716 1687)
4(1715 1744 1745 1716)
4(1744 1773 1774 1745)
4(1773 1802 1803 1774)
4(1802 1831 1832 1803)
4(1831 1860 1861 1832)
4(1860 1889 1890 1861)
4(1889 1918 1919 1890)
4(1918 1947 1948 1919)
4(1947 1976 1977 1948)
4(1976 2005 2006 1977)
4(2005 2034 2035 2006)
4(991 1020 1021 992)
4(1020 1049 1050 1021)
4(1049 1078 1079 1050)
4(1078 1107 1108 1079)
4(1107 1136 1137 1108)
4(1136 1165 1166 1137)
4(1165 1194 1195 1166)
4(1194 1223 1224 1195)
4(1223 1252 1253 1224)
4(1252 1281 1282 1253)
4(1281 1310 1311 1282)
4(1310 1339 1340 1311)
4(1339 1368 1369 1340)
4(1368 1397 1398 1369)
4(1397 1426 1427 1398)
4(1426 1455 1456 1427)
4(1455 1484 1485 1456)
4(1484 1513 1514 1485)
4(1513 1542 1543 1514)
4(1542 1571 1572 1543)
4(1571 1600 1601 1572)
4(1600 1629 1630 1601)
4(1629 1658 1659 1630)
4(1658 1687 1688 1659)
4(1687 1716 1717 1688)
4(1716 1745 1746 1717)
4(1745 1774 1775 1746)
4(1774 1803 1804 1775)
4(1803 1832 1833 1804)
4(1832 1861 1862 1833)
4(1861 1890 1891 1862)
4(1890 1919 1920 1891)
4(1919 1948 1949 1920)
4(1948 1977 1978 1949)
4(1977 2006 2007 1978)
4(2006 2035 2036 2007)
4(992 1021 1022 993)
4(1021 1050 1051 1022)
4(1050 1079 1080 1051)
4(1079 1108 1109 1080)
4(1108 1137 1138 1109)
4(1137 1166 1167 1138)
4(1166 1195 1196 1167)
4(1195 1224 1225 1196)
4(1224 1253 1254 1225)
4(1253 1282 1283 1254)
4(1282 1311 1312 1283)
4(1311 1340 1341 1312)
4(1340 1369 1370 1341)
4(1369 1398 1399 1370)
4(1398 1427 1428 1399)
4(1427 1456 1457 1428)
4(1456 1485 1486 1457)
4(1485 1514 1515 1486)
4(1514 1543 1544 1515)
4(1543 1572 1573 1544)
4(1572 1601 1602 1573)
4(1601 1630 1631 1602)
4(1630 1659 1660 1631)
4(1659 1688 1689 1660)
4(1688 1717 1718 1689)
4(1717 1746 1747 1718)
4(1746 1775 1776 1747)
4(1775 1804 1805 1776)
4(1804 1833 1834 1805)
4(1833 1862 1863 1834)
4(1862 1891 1892 1863)
4(1891 1920 1921 1892)
4(1920 1949 1950 1921)
4(1949 1978 1979 1950)
4(1978 2007 2008 1979)
4(2007 2036 2037 2008)
4(993 1022 1023 994)
4(1022 1051 1052 1023)
4(1051 1080 1081 1052)
4(1080 1109 1110 1081)
4(1109 1138 1139 1110)
4(1138 1167 1168 1139)
4(1167 1196 1197 1168)
4(1196 1225 1226 1197)
4(1225 1254 1255 1226)
4(1254 1283 1284 1255)
4(1283 1312 1313 1284)
4(1312 1341 1342 1313)
4(1341 1370 1371 1342)
4(1370 1399 1400 1371)
4(1399 1428 1429 1400)
4(1428 1457 1458 1429)
4(1457 1486 1487 1458)
4(1486 1515 1516 1487)
4(1515 1544 1545 1516)
4(1544 1573 1574 1545)
4(1573 1602 1603 1574)
4(1602 1631 1632 1603)
4(1631 1660 1661 1632)
4(1660 1689 1690 1661)
4(1689 1718 1719 1690)
4(1718 1747 1748 1719)
4(1747 1776 1777 1748)
4(1776 1805 1806 1777)
4(1805 1834 1835 1806)
4(1834 1863 1864 1835)
4(1863 1892 1893 1864)
4(1892 1921 1922 1893)
4(1921 1950 1951 1922)
4(1950 1979 1980 1951)
4(1979 2008 2009 1980)
4(2008 2037 2038 2009)
4(994 1023 1024 995)
4(1023 1052 1053 1024)
4(1052 1081 1082 1053)
4(1081 1110 1111 1082)
4(1110 1139 1140 1111)
4(1139 1168 1169 1140)
4(1168 1197 1198 1169)
4(1197 1226 1227 1198)
4(1226 1255 1256 1227)
4(1255 1284 1285 1256)
4(1284 1313 1314 1285)
4(1313 1342 1343 1314)
4(1342 1371 1372 1343)
4(1371 1400 1401 1372)
4(1400 1429 1430 1401)
4(1429 1458 1459 1430)
4(1458 1487 1488 1459)
4(1487 1516 1517 1488)
4(1516 1545 1546 1517)
4(1545 1574 1575 1546)
4(1574 1603 1604 1575)
4(1603 1632 1633 1604)
4(1632 1661 1662 1633)
4(1661 1690 1691 1662)
4(1690 1719 1720 1691)
4(1719 1748 1749 1720)
4(1748 1777 1778 1749)
4(1777 1806 1807 1778)
4(1806 1835 1836 1807)
4(1835 1864 1865 1836)
4(1864 1893 1894 1865)
4(1893 1922 1923 1894)
4(1922 1951 1952 1923)
4(1951 1980 1981 1952)
4(1980 2009 2010 1981)
4(2009 2038 2039 2010)
4(995 1024 1025 996)
4(1024 1053 1054 1025)
4(1053 1082 1083 1054)
4(1082 1111 1112 1083)
4(1111 1140 1141 1112)
4(1140 1169 1170 1141)
4(1169 1198 1199 1170)
4(1198 1227 1228 1199)
4(1227 1256 1257 1228)
4(1256 1285 1286 1257)
4(1285 1314 1315 1286)
4(1314 1343 1344 1315)
4(1343 1372 1373 1344)
4(1372 1401 1402 1373)
4(1401 1430 1431 1402)
4(1430 1459 1460 1431)
4(1459 1488 1489 1460)
4(1488 1517 1518 1489)
4(1517 1546 1547 1518)
4(1546 1575 1576 1547)
4(1575 1604 1605 1576)
4(1604 1633 1634 1605)
4(1633 1662 1663 1634)
4(1662 1691 1692 1663)
4(1691 1720 1721 1692)
4(1720 1749 1750 1721)
4(1749 1778 1779 1750)
4(1778 1807 1808 1779)
4(1807 1836 1837 1808)
4(1836 1865 1866 1837)
4(1865 1894 1895 1866)
4(1894 1923 1924 1895)
4(1923 1952 1953 1924)
4(1952 1981 1982 1953)
4(1981 2010 2011 1982)
4(2010 2039 2040 2011)
4(996 1025 1026 997)
4(1025 1054 1055 1026)
4(1054 1083 1084 1055)
4(1083 1112 1113 1084)
4(1112 1141 1142 1113)
4(1141 1170 1171 1142)
4(1170 1199 1200 1171)
4(1199 1228 1229 1200)
4(1228 1257 1258 1229)
4(1257 1286 1287 1258)
4(1286 1315 1316 1287)
4(1315 1344 1345 1316)
4(1344 1373 1374 1345)
4(1373 1402 1403 1374)
4(1402 1431 1432 1403)
4(1431 1460 1461 1432)
4(1460 1489 1490 1461)
4(1489 1518 1519 1490)
4(1518 1547 1548 1519)
4(1547 1576 1577 1548)
4(1576 1605 1606 1577)
4(1605 1634 1635 1606)
4(1634 1663 1664 1635)
4(1663 1692 1693 1664)
4(1692 1721 1722 1693)
4(1721 1750 1751 1722)
4(1750 1779 1780 1751)
4(1779 1808 1809 1780)
4(1808 1837 1838 1809)
4(1837 1866 1867 1838)
4(1866 1895 1896 1867)
4(1895 1924 1925 1896)
4(1924 1953 1954 1925)
4(1953 1982 1983 1954)
4(1982 2011 2012 1983)
4(2011 2040 2041 2012)
4(997 1026 1027 998)
4(1026 1055 1056 1027)
4(1055 1084 1085 1056)
4(1084 1113 1114 1085)
4(1113 1142 1143 1114)
4(1142 1171 1172 1143)
4(1171 1200 1201 1172)
4(1200 1229 1230 1201)
4(1229 1258 1259 1230)
4(1258 1287 1288 1259)
4(1287 1316 1317 1288)
4(1316 1345 1346 1317)
4(1345 1374 1375 1346)
4(1374 1403 1404 1375)
4(1403 1432 1433 1404)
4(1432 1461 1462 1433)
4(1461 1490 1491 1462)
4(1490 1519 1520 1491)
4(1519 1548 1549 1520)
4(1548 1577 1578 1549)
4(1577 1606 1607 1578)
4(1606 1635 1636 1607)
4(1635 1664 1665 1636)
4(1664 1693 1694 1665)
4(1693 1722 1723 1694)
4(1722 1751 1752 1723)
4(1751 1780 1781 1752)
4(1780 1809 1810 1781)
4(1809 1838 1839 1810)
4(1838 1867 1868 1839)
4(1867 1896 1897 1868)
4(1896 1925 1926 1897)
4(1925 1954 1955 1926)
4(1954 1983 1984 1955)
4(1983 2012 2013 1984)
4(2012 2041 2042 2013)
4(998 1027 1028 999)
4(1027 1056 1057 1028)
4(1056 1085 1086 1057)
4(1085 1114 1115 1086)
4(1114 1143 1144 1115)
4(1143 1172 1173 1144)
4(1172 1201 1202 1173)
4(1201 1230 1231 1202)
4(1230 1259 1260 1231)
4(1259 1288 1289 1260)
4(1288 1317 1318 1289)
4(1317 1346 1347 1318)
4(1346 1375 1376 1347)
4(1375 1404 1405 1376)
4(1404 1433 1434 1405)
4(1433 1462 1463 1434)
4(1462 1491 1492 1463)
4(1491 1520 1521 1492)
4(1520 1549 1550 1521)
4(1549 1578 1579 1550)
4(1578 1607 1608 1579)
4(1607 1636 1637 1608)
4(1636 1665 1666 1637)
4(1665 1694 1695 1666)
4(1694 1723 1724 1695)
4(1723 1752 1753 1724)
4(1752 1781 1782 1753)
4(1781 1810 1811 1782)
4(1810 1839 1840 1811)
4(1839 1868 1869 1840)
4(1868 1897 1898 1869)
4(1897 1926 1927 1898)
4(1926 1955 1956 1927)
4(1955 1984 1985 1956)
4(1984 2013 2014 1985)
4(2013 2042 2043 2014)
4(999 1028 1029 1000)
4(1028 1057 1058 1029)
4(1057 1086 1087 1058)
4(1086 1115 1116 1087)
4(1115 1144 1145 1116)
4(1144 1173 1174 1145)
4(1173 1202 1203 1174)
4(1202 1231 1232 1203)
4(1231 1260 1261 1232)
4(1260 1289 1290 1261)
4(1289 1318 1319 1290)
4(1318 1347 1348 1319)
4(1347 1376 1377 1348)
4(1376 1405 1406 1377)
4(1405 1434 1435 1406)
4(1434 1463 1464 1435)
4(1463 1492 1493 1464)
4(1492 1521 1522 1493)
4(1521 1550 1551 1522)
4(1550 1579 1580 1551)
4(1579 1608 1609 1580)
4(1608 1637 1638 1609)
4(1637 1666 1667 1638)
4(1666 1695 1696 1667)
4(1695 1724 1725 1696)
4(1724 1753 1754 1725)
4(1753 1782 1783 1754)
4(1782 1811 1812 1783)
4(1811 1840 1841 1812)
4(1840 1869 1870 1841)
4(1869 1898 1899 1870)
4(1898 1927 1928 1899)
4(1927 1956 1957 1928)
4(1956 1985 1986 1957)
4(1985 2014 2015 1986)
4(2014 2043 2044 2015)
4(1000 1029 1030 1001)
4(1029 1058 1059 1030)
4(1058 1087 1088 1059)
4(1087 1116 1117 1088)
4(1116 1145 1146 1117)
4(1145 1174 1175 1146)
4(1174 1203 1204 1175)
4(1203 1232 1233 1204)
4(1232 1261 1262 1233)
4(1261 1290 1291 1262)
4(1290 1319 1320 1291)
4(1319 1348 1349 1320)
4(1348 1377 1378 1349)
4(1377 1406 1407 1378)
4(1406 1435 1436 1407)
4(1435 1464 1465 1436)
4(1464 1493 1494 1465)
4(1493 1522 1523 1494)
4(1522 1551 1552 1523)
4(1551 1580 1581 1552)
4(1580 1609 1610 1581)
4(1609 1638 1639 1610)
4(1638 1667 1668 1639)
4(1667 1696 1697 1668)
4(1696 1725 1726 1697)
4(1725 1754 1755 1726)
4(1754 1783 1784 1755)
4(1783 1812 1813 1784)
4(1812 1841 1842 1813)
4(1841 1870 1871 1842)
4(1870 1899 1900 1871)
4(1899 1928 1929 1900)
4(1928 1957 1958 1929)
4(1957 1986 1987 1958)
4(1986 2015 2016 1987)
4(2015 2044 2045 2016)
4(1001 1030 1031 1002)
4(1030 1059 1060 1031)
4(1059 1088 1089 1060)
4(1088 1117 1118 1089)
4(1117 1146 1147 1118)
4(1146 1175 1176 1147)
4(1175 1204 1205 1176)
4(1204 1233 1234 1205)
4(1233 1262 1263 1234)
4(1262 1291 1292 1263)
4(1291 1320 1321 1292)
4(1320 1349 1350 1321)
4(1349 1378 1379 1350)
4(1378 1407 1408 1379)
4(1407 1436 1437 1408)
4(1436 1465 1466 1437)
4(1465 1494 1495 1466)
4(1494 1523 1524 1495)
4(1523 1552 1553 1524)
4(1552 1581 1582 1553)
4(1581 1610 1611 1582)
4(1610 1639 1640 1611)
4(1639 1668 1669 1640)
4(1668 1697 1698 1669)
4(1697 1726 1727 1698)
4(1726 1755 1756 1727)
4(1755 1784 1785 1756)
4(1784 1813 1814 1785)
4(1813 1842 1843 1814)
4(1842 1871 1872 1843)
4(1871 1900 1901 1872)
4(1900 1929 1930 1901)
4(1929 1958 1959 1930)
4(1958 1987 1988 1959)
4(1987 2016 2017 1988)
4(2016 2045 2046 2017)
4(1002 1031 1032 1003)
4(1031 1060 1061 1032)
4(1060 1089 1090 1061)
4(1089 1118 1119 1090)
4(1118 1147 1148 1119)
4(1147 1176 1177 1148)
4(1176 1205 1206 1177)
4(1205 1234 1235 1206)
4(1234 1263 1264 1235)
4(1263 1292 1293 1264)
4(1292 1321 1322 1293)
4(1321 1350 1351 1322)
4(1350 1379 1380 1351)
4(1379 1408 1409 1380)
4(1408 1437 1438 1409)
4(1437 1466 1467 1438)
4(1466 1495 1496 1467)
4(1495 1524 1525 1496)
4(1524 1553 1554 1525)
4(1553 1582 1583 1554)
4(1582 1611 1612 1583)
4(1611 1640 1641 1612)
4(1640 1669 1670 1641)
4(1669 1698 1699 1670)
4(1698 1727 1728 1699)
4(1727 1756 1757 1728)
4(1756 1785 1786 1757)
4(1785 1814 1815 1786)
4(1814 1843 1844 1815)
4(1843 1872 1873 1844)
4(1872 1901 1902 1873)
4(1901 1930 1931 1902)
4(1930 1959 1960 1931)
4(1959 1988 1989 1960)
4(1988 2017 2018 1989)
4(2017 2046 2047 2018)
4(1003 1032 1033 1004)
4(1032 1061 1062 1033)
4(1061 1090 1091 1062)
4(1090 1119 1120 1091)
4(1119 1148 1149 1120)
4(1148 1177 1178 1149)
4(1177 1206 1207 1178)
4(1206 1235 1236 1207)
4(1235 1264 1265 1236)
4(1264 1293 1294 1265)
4(1293 1322 1323 1294)
4(1322 1351 1352 1323)
4(1351 1380 1381 1352)
4(1380 1409 1410 1381)
4(1409 1438 1439 1410)
4(1438 1467 1468 1439)
4(1467 1496 1497 1468)
4(1496 1525 1526 1497)
4(1525 1554 1555 1526)
4(1554 1583 1584 1555)
4(1583 1612 1613 1584)
4(1612 1641 1642 1613)
4(1641 1670 1671 1642)
4(1670 1699 1700 1671)
4(1699 1728 1729 1700)
4(1728 1757 1758 1729)
4(1757 1786 1787 1758)
4(1786 1815 1816 1787)
4(1815 1844 1845 1816)
4(1844 1873 1874 1845)
4(1873 1902 1903 1874)
4(1902 1931 1932 1903)
4(1931 1960 1961 1932)
4(1960 1989 1990 1961)
4(1989 2018 2019 1990)
4(2018 2047 2048 2019)
4(1004 1033 1034 1005)
4(1033 1062 1063 1034)
4(1062 1091 1092 1063)
4(1091 1120 1121 1092)
4(1120 1149 1150 1121)
4(1149 1178 1179 1150)
4(1178 1207 1208 1179)
4(1207 1236 1237 1208)
4(1236 1265 1266 1237)
4(1265 1294 1295 1266)
4(1294 1323 1324 1295)
4(1323 1352 1353 1324)
4(1352 1381 1382 1353)
4(1381 1410 1411 1382)
4(1410 1439 1440 1411)
4(1439 1468 1469 1440)
4(1468 1497 1498 1469)
4(1497 1526 1527 1498)
4(1526 1555 1556 1527)
4(1555 1584 1585 1556)
4(1584 1613 1614 1585)
4(1613 1642 1643 1614)
4(1642 1671 1672 1643)
4(1671 1700 1701 1672)
4(1700 1729 1730 1701)
4(1729 1758 1759 1730)
4(1758 1787 1788 1759)
4(1787 1816 1817 1788)
4(1816 1845 1846 1817)
4(1845 1874 1875 1846)
4(1874 1903 1904 1875)
4(1903 1932 1933 1904)
4(1932 1961 1962 1933)
4(1961 1990 1991 1962)
4(1990 2019 2020 1991)
4(2019 2048 2049 2020)
4(1005 1034 1035 1006)
4(1034 1063 1064 1035)
4(1063 1092 1093 1064)
4(1092 1121 1122 1093)
4(1121 1150 1151 1122)
4(1150 1179 1180 1151)
4(1179 1208 1209 1180)
4(1208 1237 1238 1209)
4(1237 1266 1267 1238)
4(1266 1295 1296 1267)
4(1295 1324 1325 1296)
4(1324 1353 1354 1325)
4(1353 1382 1383 1354)
4(1382 1411 1412 1383)
4(1411 1440 1441 1412)
4(1440 1469 1470 1441)
4(1469 1498 1499 1470)
4(1498 1527 1528 1499)
4(1527 1556 1557 1528)
4(1556 1585 1586 1557)
4(1585 1614 1615 1586)
4(1614 1643 1644 1615)
4(1643 1672 1673 1644)
4(1672 1701 1702 1673)
4(1701 1730 1731 1702)
4(1730 1759 1760 1731)
4(1759 1788 1789 1760)
4(1788 1817 1818 1789)
4(1817 1846 1847 1818)
4(1846 1875 1876 1847)
4(1875 1904 1905 1876)
4(1904 1933 1934 1905)
4(1933 1962 1963 1934)
4(1962 1991 1992 1963)
4(1991 2020 2021 1992)
4(2020 2049 2050 2021)
4(1006 1035 1036 1007)
4(1035 1064 1065 1036)
4(1064 1093 1094 1065)
4(1093 1122 1123 1094)
4(1122 1151 1152 1123)
4(1151 1180 1181 1152)
4(1180 1209 1210 1181)
4(1209 1238 1239 1210)
4(1238 1267 1268 1239)
4(1267 1296 1297 1268)
4(1296 1325 1326 1297)
4(1325 1354 1355 1326)
4(1354 1383 1384 1355)
4(1383 1412 1413 1384)
4(1412 1441 1442 1413)
4(1441 1470 1471 1442)
4(1470 1499 1500 1471)
4(1499 1528 1529 1500)
4(1528 1557 1558 1529)
4(1557 1586 1587 1558)
4(1586 1615 1616 1587)
4(1615 1644 1645 1616)
4(1644 1673 1674 1645)
4(1673 1702 1703 1674)
4(1702 1731 1732 1703)
4(1731 1760 1761 1732)
4(1760 1789 1790 1761)
4(1789 1818 1819 1790)
4(1818 1847 1848 1819)
4(1847 1876 1877 1848)
4(1876 1905 1906 1877)
4(1905 1934 1935 1906)
4(1934 1963 1964 1935)
4(1963 1992 1993 1964)
4(1992 2021 2022 1993)
4(2021 2050 2051 2022)
4(1007 1036 1037 1008)
4(1036 1065 1066 1037)
4(1065 1094 1095 1066)
4(1094 1123 1124 1095)
4(1123 1152 1153 1124)
4(1152 1181 1182 1153)
4(1181 1210 1211 1182)
4(1210 1239 1240 1211)
4(1239 1268 1269 1240)
4(1268 1297 1298 1269)
4(1297 1326 1327 1298)
4(1326 1355 1356 1327)
4(1355 1384 1385 1356)
4(1384 1413 1414 1385)
4(1413 1442 1443 1414)
4(1442 1471 1472 1443)
4(1471 1500 1501 1472)
4(1500 1529 1530 1501)
4(1529 1558 1559 1530)
4(1558 1587 1588 1559)
4(1587 1616 1617 1588)
4(1616 1645 1646 1617)
4(1645 1674 1675 1646)
4(1674 1703 1704 1675)
4(1703 1732 1733 1704)
4(1732 1761 1762 1733)
4(1761 1790 1791 1762)
4(1790 1819 1820 1791)
4(1819 1848 1849 1820)
4(1848 1877 1878 1849)
4(1877 1906 1907 1878)
4(1906 1935 1936 1907)
4(1935 1964 1965 1936)
4(1964 1993 1994 1965)
4(1993 2022 2023 1994)
4(2022 2051 2052 2023)
4(1008 1037 1038 1009)
4(1037 1066 1067 1038)
4(1066 1095 1096 1067)
4(1095 1124 1125 1096)
4(1124 1153 1154 1125)
4(1153 1182 1183 1154)
4(1182 1211 1212 1183)
4(1211 1240 1241 1212)
4(1240 1269 1270 1241)
4(1269 1298 1299 1270)
4(1298 1327 1328 1299)
4(1327 1356 1357 1328)
4(1356 1385 1386 1357)
4(1385 1414 1415 1386)
4(1414 1443 1444 1415)
4(1443 1472 1473 1444)
4(1472 1501 1502 1473)
4(1501 1530 1531 1502)
4(1530 1559 1560 1531)
4(1559 1588 1589 1560)
4(1588 1617 1618 1589)
4(1617 1646 1647 1618)
4(1646 1675 1676 1647)
4(1675 1704 1705 1676)
4(1704 1733 1734 1705)
4(1733 1762 1763 1734)
4(1762 1791 1792 1763)
4(1791 1820 1821 1792)
4(1820 1849 1850 1821)
4(1849 1878 1879 1850)
4(1878 1907 1908 1879)
4(1907 1936 1937 1908)
4(1936 1965 1966 1937)
4(1965 1994 1995 1966)
4(1994 2023 2024 1995)
4(2023 2052 2053 2024)
4(1009 1038 1039 1010)
4(1038 1067 1068 1039)
4(1067 1096 1097 1068)
4(1096 1125 1126 1097)
4(1125 1154 1155 1126)
4(1154 1183 1184 1155)
4(1183 1212 1213 1184)
4(1212 1241 1242 1213)
4(1241 1270 1271 1242)
4(1270 1299 1300 1271)
4(1299 1328 1329 1300)
4(1328 1357 1358 1329)
4(1357 1386 1387 1358)
4(1386 1415 1416 1387)
4(1415 1444 1445 1416)
4(1444 1473 1474 1445)
4(1473 1502 1503 1474)
4(1502 1531 1532 1503)
4(1531 1560 1561 1532)
4(1560 1589 1590 1561)
4(1589 1618 1619 1590)
4(1618 1647 1648 1619)
4(1647 1676 1677 1648)
4(1676 1705 1706 1677)
4(1705 1734 1735 1706)
4(1734 1763 1764 1735)
4(1763 1792 1793 1764)
4(1792 1821 1822 1793)
4(1821 1850 1851 1822)
4(1850 1879 1880 1851)
4(1879 1908 1909 1880)
4(1908 1937 1938 1909)
4(1937 1966 1967 1938)
4(1966 1995 1996 1967)
4(1995 2024 2025 1996)
4(2024 2053 2054 2025)
4(1010 1039 1040 1011)
4(1039 1068 1069 1040)
4(1068 1097 1098 1069)
4(1097 1126 1127 1098)
4(1126 1155 1156 1127)
4(1155 1184 1185 1156)
4(1184 1213 1214 1185)
4(1213 1242 1243 1214)
4(1242 1271 1272 1243)
4(1271 1300 1301 1272)
4(1300 1329 1330 1301)
4(1329 1358 1359 1330)
4(1358 1387 1388 1359)
4(1387 1416 1417 1388)
4(1416 1445 1446 1417)
4(1445 1474 1475 1446)
4(1474 1503 1504 1475)
4(1503 1532 1533 1504)
4(1532 1561 1562 1533)
4(1561 1590 1591 1562)
4(1590 1619 1620 1591)
4(1619 1648 1649 1620)
4(1648 1677 1678 1649)
4(1677 1706 1707 1678)
4(1706 1735 1736 1707)
4(1735 1764 1765 1736)
4(1764 1793 1794 1765)
4(1793 1822 1823 1794)
4(1822 1851 1852 1823)
4(1851 1880 1881 1852)
4(1880 1909 1910 1881)
4(1909 1938 1939 1910)
4(1938 1967 1968 1939)
4(1967 1996 1997 1968)
4(1996 2025 2026 1997)
4(2025 2054 2055 2026)
4(1011 1040 1041 1012)
4(1040 1069 1070 1041)
4(1069 1098 1099 1070)
4(1098 1127 1128 1099)
4(1127 1156 1157 1128)
4(1156 1185 1186 1157)
4(1185 1214 1215 1186)
4(1214 1243 1244 1215)
4(1243 1272 1273 1244)
4(1272 1301 1302 1273)
4(1301 1330 1331 1302)
4(1330 1359 1360 1331)
4(1359 1388 1389 1360)
4(1388 1417 1418 1389)
4(1417 1446 1447 1418)
4(1446 1475 1476 1447)
4(1475 1504 1505 1476)
4(1504 1533 1534 1505)
4(1533 1562 1563 1534)
4(1562 1591 1592 1563)
4(1591 1620 1621 1592)
4(1620 1649 1650 1621)
4(1649 1678 1679 1650)
4(1678 1707 1708 1679)
4(1707 1736 1737 1708)
4(1736 1765 1766 1737)
4(1765 1794 1795 1766)
4(1794 1823 1824 1795)
4(1823 1852 1853 1824)
4(1852 1881 1882 1853)
4(1881 1910 1911 1882)
4(1910 1939 1940 1911)
4(1939 1968 1969 1940)
4(1968 1997 1998 1969)
4(1997 2026 2027 1998)
4(2026 2055 2056 2027)
4(1012 1041 1042 1013)
4(1041 1070 1071 1042)
4(1070 1099 1100 1071)
4(1099 1128 1129 1100)
4(1128 1157 1158 1129)
4(1157 1186 1187 1158)
4(1186 1215 1216 1187)
4(1215 1244 1245 1216)
4(1244 1273 1274 1245)
4(1273 1302 1303 1274)
4(1302 1331 1332 1303)
4(1331 1360 1361 1332)
4(1360 1389 1390 1361)
4(1389 1418 1419 1390)
4(1418 1447 1448 1419)
4(1447 1476 1477 1448)
4(1476 1505 1506 1477)
4(1505 1534 1535 1506)
4(1534 1563 1564 1535)
4(1563 1592 1593 1564)
4(1592 1621 1622 1593)
4(1621 1650 1651 1622)
4(1650 1679 1680 1651)
4(1679 1708 1709 1680)
4(1708 1737 1738 1709)
4(1737 1766 1767 1738)
4(1766 1795 1796 1767)
4(1795 1824 1825 1796)
4(1824 1853 1854 1825)
4(1853 1882 1883 1854)
4(1882 1911 1912 1883)
4(1911 1940 1941 1912)
4(1940 1969 1970 1941)
4(1969 1998 1999 1970)
4(1998 2027 2028 1999)
4(2027 2056 2057 2028)
4(1013 1042 1043 1014)
4(1042 1071 1072 1043)
4(1071 1100 1101 1072)
4(1100 1129 1130 1101)
4(1129 1158 1159 1130)
4(1158 1187 1188 1159)
4(1187 1216 1217 1188)
4(1216 1245 1246 1217)
4(1245 1274 1275 1246)
4(1274 1303 1304 1275)
4(1303 1332 1333 1304)
4(1332 1361 1362 1333)
4(1361 1390 1391 1362)
4(1390 1419 1420 1391)
4(1419 1448 1449 1420)
4(1448 1477 1478 1449)
4(1477 1506 1507 1478)
4(1506 1535 1536 1507)
4(1535 1564 1565 1536)
4(1564 1593 1594 1565)
4(1593 1622 1623 1594)
4(1622 1651 1652 1623)
4(1651 1680 1681 1652)
4(1680 1709 1710 1681)
4(1709 1738 1739 1710)
4(1738 1767 1768 1739)
4(1767 1796 1797 1768)
4(1796 1825 1826 1797)
4(1825 1854 1855 1826)
4(1854 1883 1884 1855)
4(1883 1912 1913 1884)
4(1912 1941 1942 1913)
4(1941 1970 1971 1942)
4(1970 1999 2000 1971)
4(1999 2028 2029 2000)
4(2028 2057 2058 2029)
4(28 57 3142 3132)
4(57 86 3152 3142)
4(86 115 3162 3152)
4(115 144 3172 3162)
4(144 173 3182 3172)
4(173 202 3192 3182)
4(202 231 3202 3192)
4(231 260 3212 3202)
4(260 289 3222 3212)
4(289 318 3232 3222)
4(318 347 3242 3232)
4(347 376 3252 3242)
4(376 405 3262 3252)
4(405 434 3272 3262)
4(434 463 3282 3272)
4(463 492 3292 3282)
4(3132 3142 3143 3133)
4(3142 3152 3153 3143)
4(3152 3162 3163 3153)
4(3162 3172 3173 3163)
4(3172 3182 3183 3173)
4(3182 3192 3193 3183)
4(3192 3202 3203 3193)
4(3202 3212 3213 3203)
4(3212 3222 3223 3213)
4(3222 3232 3233 3223)
4(3232 3242 3243 3233)
4(3242 3252 3253 3243)
4(3252 3262 3263 3253)
4(3262 3272 3273 3263)
4(3272 3282 3283 3273)
4(3282 3292 3293 3283)
4(3133 3143 3144 3134)
4(3143 3153 3154 3144)
4(3153 3163 3164 3154)
4(3163 3173 3174 3164)
4(3173 3183 3184 3174)
4(3183 3193 3194 3184)
4(3193 3203 3204 3194)
4(3203 3213 3214 3204)
4(3213 3223 3224 3214)
4(3223 3233 3234 3224)
4(3233 3243 3244 3234)
4(3243 3253 3254 3244)
4(3253 3263 3264 3254)
4(3263 3273 3274 3264)
4(3273 3283 3284 3274)
4(3283 3293 3294 3284)
4(3134 3144 3145 3135)
4(3144 3154 3155 3145)
4(3154 3164 3165 3155)
4(3164 3174 3175 3165)
4(3174 3184 3185 3175)
4(3184 3194 3195 3185)
4(3194 3204 3205 3195)
4(3204 3214 3215 3205)
4(3214 3224 3225 3215)
4(3224 3234 3235 3225)
4(3234 3244 3245 3235)
4(3244 3254 3255 3245)
4(3254 3264 3265 3255)
4(3264 3274 3275 3265)
4(3274 3284 3285 3275)
4(3284 3294 3295 3285)
4(3135 3145 3146 3136)
4(3145 3155 3156 3146)
4(3155 3165 3166 3156)
4(3165 3175 3176 3166)
4(3175 3185 3186 3176)
4(3185 3195 3196 3186)
4(3195 3205 3206 3196)
4(3205 3215 3216 3206)
4(3215 3225 3226 3216)
4(3225 3235 3236 3226)
4(3235 3245 3246 3236)
4(3245 3255 3256 3246)
4(3255 3265 3266 3256)
4(3265 3275 3276 3266)
4(3275 3285 3286 3276)
4(3285 3295 3296 3286)
4(3136 3146 3147 3137)
4(3146 3156 3157 3147)
4(3156 3166 3167 3157)
4(3166 3176 3177 3167)
4(3176 3186 3187 3177)
4(3186 3196 3197 3187)
4(3196 3206 3207 3197)
4(3206 3216 3217 3207)
4(3216 3226 3227 3217)
4(3226 3236 3237 3227)
4(3236 3246 3247 3237)
4(3246 3256 3257 3247)
4(3256 3266 3267 3257)
4(3266 3276 3277 3267)
4(3276 3286 3287 3277)
4(3286 3296 3297 3287)
4(3137 3147 3148 3138)
4(3147 3157 3158 3148)
4(3157 3167 3168 3158)
4(3167 3177 3178 3168)
4(3177 3187 3188 3178)
4(3187 3197 3198 3188)
4(3197 3207 3208 3198)
4(3207 3217 3218 3208)
4(3217 3227 3228 3218)
4(3227 3237 3238 3228)
4(3237 3247 3248 3238)
4(3247 3257 3258 3248)
4(3257 3267 3268 3258)
4(3267 3277 3278 3268)
4(3277 3287 3288 3278)
4(3287 3297 3298 3288)
4(3138 3148 3149 3139)
4(3148 3158 3159 3149)
4(3158 3168 3169 3159)
4(3168 3178 3179 3169)
4(3178 3188 3189 3179)
4(3188 3198 3199 3189)
4(3198 3208 3209 3199)
4(3208 3218 3219 3209)
4(3218 3228 3229 3219)
4(3228 3238 3239 3229)
4(3238 3248 3249 3239)
4(3248 3258 3259 3249)
4(3258 3268 3269 3259)
4(3268 3278 3279 3269)
4(3278 3288 3289 3279)
4(3288 3298 3299 3289)
4(3139 3149 3150 3140)
4(3149 3159 3160 3150)
4(3159 3169 3170 3160)
4(3169 3179 3180 3170)
4(3179 3189 3190 3180)
4(3189 3199 3200 3190)
4(3199 3209 3210 3200)
4(3209 3219 3220 3210)
4(3219 3229 3230 3220)
4(3229 3239 3240 3230)
4(3239 3249 3250 3240)
4(3249 3259 3260 3250)
4(3259 3269 3270 3260)
4(3269 3279 3280 3270)
4(3279 3289 3290 3280)
4(3289 3299 3300 3290)
4(3140 3150 3151 3141)
4(3150 3160 3161 3151)
4(3160 3170 3171 3161)
4(3170 3180 3181 3171)
4(3180 3190 3191 3181)
4(3190 3200 3201 3191)
4(3200 3210 3211 3201)
4(3210 3220 3221 3211)
4(3220 3230 3231 3221)
4(3230 3240 3241 3231)
4(3240 3250 3251 3241)
4(3250 3260 3261 3251)
4(3260 3270 3271 3261)
4(3270 3280 3281 3271)
4(3280 3290 3291 3281)
4(3290 3300 3301 3291)
4(1014 1043 3481 3472)
4(1043 1072 3491 3481)
4(1072 1101 3501 3491)
4(1101 1130 3511 3501)
4(1130 1159 3521 3511)
4(1159 1188 3531 3521)
4(1188 1217 3541 3531)
4(1217 1246 3551 3541)
4(1246 1275 3561 3551)
4(1275 1304 3571 3561)
4(1304 1333 3581 3571)
4(1333 1362 3591 3581)
4(1362 1391 3601 3591)
4(1391 1420 3611 3601)
4(1420 1449 3621 3611)
4(1449 1478 3631 3621)
4(1478 1507 3641 3631)
4(1507 1536 3651 3641)
4(1536 1565 3661 3651)
4(1565 1594 3671 3661)
4(1594 1623 3681 3671)
4(1623 1652 3691 3681)
4(1652 1681 3701 3691)
4(1681 1710 3711 3701)
4(1710 1739 3721 3711)
4(1739 1768 3731 3721)
4(1768 1797 3741 3731)
4(1797 1826 3751 3741)
4(1826 1855 3761 3751)
4(1855 1884 3771 3761)
4(1884 1913 3781 3771)
4(1913 1942 3791 3781)
4(1942 1971 3801 3791)
4(1971 2000 3811 3801)
4(2000 2029 3821 3811)
4(2029 2058 3831 3821)
4(3472 3481 3482 3473)
4(3481 3491 3492 3482)
4(3491 3501 3502 3492)
4(3501 3511 3512 3502)
4(3511 3521 3522 3512)
4(3521 3531 3532 3522)
4(3531 3541 3542 3532)
4(3541 3551 3552 3542)
4(3551 3561 3562 3552)
4(3561 3571 3572 3562)
4(3571 3581 3582 3572)
4(3581 3591 3592 3582)
4(3591 3601 3602 3592)
4(3601 3611 3612 3602)
4(3611 3621 3622 3612)
4(3621 3631 3632 3622)
4(3631 3641 3642 3632)
4(3641 3651 3652 3642)
4(3651 3661 3662 3652)
4(3661 3671 3672 3662)
4(3671 3681 3682 3672)
4(3681 3691 3692 3682)
4(3691 3701 3702 3692)
4(3701 3711 3712 3702)
4(3711 3721 3722 3712)
4(3721 3731 3732 3722)
4(3731 3741 3742 3732)
4(3741 3751 3752 3742)
4(3751 3761 3762 3752)
4(3761 3771 3772 3762)
4(3771 3781 3782 3772)
4(3781 3791 3792 3782)
4(3791 3801 3802 3792)
4(3801 3811 3812 3802)
4(3811 3821 3822 3812)
4(3821 3831 3832 3822)
4(3473 3482 3483 3474)
4(3482 3492 3493 3483)
4(3492 3502 3503 3493)
4(3502 3512 3513 3503)
4(3512 3522 3523 3513)
4(3522 3532 3533 3523)
4(3532 3542 3543 3533)
4(3542 3552 3553 3543)
4(3552 3562 3563 3553)
4(3562 3572 3573 3563)
4(3572 3582 3583 3573)
4(3582 3592 3593 3583)
4(3592 3602 3603 3593)
4(3602 3612 3613 3603)
4(3612 3622 3623 3613)
4(3622 3632 3633 3623)
4(3632 3642 3643 3633)
4(3642 3652 3653 3643)
4(3652 3662 3663 3653)
4(3662 3672 3673 3663)
4(3672 3682 3683 3673)
4(3682 3692 3693 3683)
4(3692 3702 3703 3693)
4(3702 3712 3713 3703)
4(3712 3722 3723 3713)
4(3722 3732 3733 3723)
4(3732 3742 3743 3733)
4(3742 3752 3753 3743)
4(3752 3762 3763 3753)
4(3762 3772 3773 3763)
4(3772 3782 3783 3773)
4(3782 3792 3793 3783)
4(3792 3802 3803 3793)
4(3802 3812 3813 3803)
4(3812 3822 3823 3813)
4(3822 3832 3833 3823)
4(3474 3483 3484 3475)
4(3483 3493 3494 3484)
4(3493 3503 3504 3494)
4(3503 3513 3514 3504)
4(3513 3523 3524 3514)
4(3523 3533 3534 3524)
4(3533 3543 3544 3534)
4(3543 3553 3554 3544)
4(3553 3563 3564 3554)
4(3563 3573 3574 3564)
4(3573 3583 3584 3574)
4(3583 3593 3594 3584)
4(3593 3603 3604 3594)
4(3603 3613 3614 3604)
4(3613 3623 3624 3614)
4(3623 3633 3634 3624)
4(3633 3643 3644 3634)
4(3643 3653 3654 3644)
4(3653 3663 3664 3654)
4(3663 3673 3674 3664)
4(3673 3683 3684 3674)
4(3683 3693 3694 3684)
4(3693 3703 3704 3694)
4(3703 3713 3714 3704)
4(3713 3723 3724 3714)
4(3723 3733 3734 3724)
4(3733 3743 3744 3734)
4(3743 3753 3754 3744)
4(3753 3763 3764 3754)
4(3763 3773 3774 3764)
4(3773 3783 3784 3774)
4(3783 3793 3794 3784)
4(3793 3803 3804 3794)
4(3803 3813 3814 3804)
4(3813 3823 3824 3814)
4(3823 3833 3834 3824)
4(3475 3484 3485 3476)
4(3484 3494 3495 3485)
4(3494 3504 3505 3495)
4(3504 3514 3515 3505)
4(3514 3524 3525 3515)
4(3524 3534 3535 3525)
4(3534 3544 3545 3535)
4(3544 3554 3555 3545)
4(3554 3564 3565 3555)
4(3564 3574 3575 3565)
4(3574 3584 3585 3575)
4(3584 3594 3595 3585)
4(3594 3604 3605 3595)
4(3604 3614 3615 3605)
4(3614 3624 3625 3615)
4(3624 3634 3635 3625)
4(3634 3644 3645 3635)
4(3644 3654 3655 3645)
4(3654 3664 3665 3655)
4(3664 3674 3675 3665)
4(3674 3684 3685 3675)
4(3684 3694 3695 3685)
4(3694 3704 3705 3695)
4(3704 3714 3715 3705)
4(3714 3724 3725 3715)
4(3724 3734 3735 3725)
4(3734 3744 3745 3735)
4(3744 3754 3755 3745)
4(3754 3764 3765 3755)
4(3764 3774 3775 3765)
4(3774 3784 3785 3775)
4(3784 3794 3795 3785)
4(3794 3804 3805 3795)
4(3804 3814 3815 3805)
4(3814 3824 3825 3815)
4(3824 3834 3835 3825)
4(3476 3485 3486 3477)
4(3485 3495 3496 3486)
4(3495 3505 3506 3496)
4(3505 3515 3516 3506)
4(3515 3525 3526 3516)
4(3525 3535 3536 3526)
4(3535 3545 3546 3536)
4(3545 3555 3556 3546)
4(3555 3565 3566 3556)
4(3565 3575 3576 3566)
4(3575 3585 3586 3576)
4(3585 3595 3596 3586)
4(3595 3605 3606 3596)
4(3605 3615 3616 3606)
4(3615 3625 3626 3616)
4(3625 3635 3636 3626)
4(3635 3645 3646 3636)
4(3645 3655 3656 3646)
4(3655 3665 3666 3656)
4(3665 3675 3676 3666)
4(3675 3685 3686 3676)
4(3685 3695 3696 3686)
4(3695 3705 3706 3696)
4(3705 3715 3716 3706)
4(3715 3725 3726 3716)
4(3725 3735 3736 3726)
4(3735 3745 3746 3736)
4(3745 3755 3756 3746)
4(3755 3765 3766 3756)
4(3765 3775 3776 3766)
4(3775 3785 3786 3776)
4(3785 3795 3796 3786)
4(3795 3805 3806 3796)
4(3805 3815 3816 3806)
4(3815 3825 3826 3816)
4(3825 3835 3836 3826)
4(3477 3486 3487 3478)
4(3486 3496 3497 3487)
4(3496 3506 3507 3497)
4(3506 3516 3517 3507)
4(3516 3526 3527 3517)
4(3526 3536 3537 3527)
4(3536 3546 3547 3537)
4(3546 3556 3557 3547)
4(3556 3566 3567 3557)
4(3566 3576 3577 3567)
4(3576 3586 3587 3577)
4(3586 3596 3597 3587)
4(3596 3606 3607 3597)
4(3606 3616 3617 3607)
4(3616 3626 3627 3617)
4(3626 3636 3637 3627)
4(3636 3646 3647 3637)
4(3646 3656 3657 3647)
4(3656 3666 3667 3657)
4(3666 3676 3677 3667)
4(3676 3686 3687 3677)
4(3686 3696 3697 3687)
4(3696 3706 3707 3697)
4(3706 3716 3717 3707)
4(3716 3726 3727 3717)
4(3726 3736 3737 3727)
4(3736 3746 3747 3737)
4(3746 3756 3757 3747)
4(3756 3766 3767 3757)
4(3766 3776 3777 3767)
4(3776 3786 3787 3777)
4(3786 3796 3797 3787)
4(3796 3806 3807 3797)
4(3806 3816 3817 3807)
4(3816 3826 3827 3817)
4(3826 3836 3837 3827)
4(3478 3487 3488 3479)
4(3487 3497 3498 3488)
4(3497 3507 3508 3498)
4(3507 3517 3518 3508)
4(3517 3527 3528 3518)
4(3527 3537 3538 3528)
4(3537 3547 3548 3538)
4(3547 3557 3558 3548)
4(3557 3567 3568 3558)
4(3567 3577 3578 3568)
4(3577 3587 3588 3578)
4(3587 3597 3598 3588)
4(3597 3607 3608 3598)
4(3607 3617 3618 3608)
4(3617 3627 3628 3618)
4(3627 3637 3638 3628)
4(3637 3647 3648 3638)
4(3647 3657 3658 3648)
4(3657 3667 3668 3658)
4(3667 3677 3678 3668)
4(3677 3687 3688 3678)
4(3687 3697 3698 3688)
4(3697 3707 3708 3698)
4(3707 3717 3718 3708)
4(3717 3727 3728 3718)
4(3727 3737 3738 3728)
4(3737 3747 3748 3738)
4(3747 3757 3758 3748)
4(3757 3767 3768 3758)
4(3767 3777 3778 3768)
4(3777 3787 3788 3778)
4(3787 3797 3798 3788)
4(3797 3807 3808 3798)
4(3807 3817 3818 3808)
4(3817 3827 3828 3818)
4(3827 3837 3838 3828)
4(3479 3488 3489 3480)
4(3488 3498 3499 3489)
4(3498 3508 3509 3499)
4(3508 3518 3519 3509)
4(3518 3528 3529 3519)
4(3528 3538 3539 3529)
4(3538 3548 3549 3539)
4(3548 3558 3559 3549)
4(3558 3568 3569 3559)
4(3568 3578 3579 3569)
4(3578 3588 3589 3579)
4(3588 3598 3599 3589)
4(3598 3608 3609 3599)
4(3608 3618 3619 3609)
4(3618 3628 3629 3619)
4(3628 3638 3639 3629)
4(3638 3648 3649 3639)
4(3648 3658 3659 3649)
4(3658 3668 3669 3659)
4(3668 3678 3679 3669)
4(3678 3688 3689 3679)
4(3688 3698 3699 3689)
4(3698 3708 3709 3699)
4(3708 3718 3719 3709)
4(3718 3728 3729 3719)
4(3728 3738 3739 3729)
4(3738 3748 3749 3739)
4(3748 3758 3759 3749)
4(3758 3768 3769 3759)
4(3768 3778 3779 3769)
4(3778 3788 3789 3779)
4(3788 3798 3799 3789)
4(3798 3808 3809 3799)
4(3808 3818 3819 3809)
4(3818 3828 3829 3819)
4(3828 3838 3839 3829)
4(3480 3489 3490 3301)
4(3489 3499 3500 3490)
4(3499 3509 3510 3500)
4(3509 3519 3520 3510)
4(3519 3529 3530 3520)
4(3529 3539 3540 3530)
4(3539 3549 3550 3540)
4(3549 3559 3560 3550)
4(3559 3569 3570 3560)
4(3569 3579 3580 3570)
4(3579 3589 3590 3580)
4(3589 3599 3600 3590)
4(3599 3609 3610 3600)
4(3609 3619 3620 3610)
4(3619 3629 3630 3620)
4(3629 3639 3640 3630)
4(3639 3649 3650 3640)
4(3649 3659 3660 3650)
4(3659 3669 3670 3660)
4(3669 3679 3680 3670)
4(3679 3689 3690 3680)
4(3689 3699 3700 3690)
4(3699 3709 3710 3700)
4(3709 3719 3720 3710)
4(3719 3729 3730 3720)
4(3729 3739 3740 3730)
4(3739 3749 3750 3740)
4(3749 3759 3760 3750)
4(3759 3769 3770 3760)
4(3769 3779 3780 3770)
4(3779 3789 3790 3780)
4(3789 3799 3800 3790)
4(3799 3809 3810 3800)
4(3809 3819 3820 3810)
4(3819 3829 3830 3820)
4(3829 3839 3840 3830)
4(3141 3151 4282 4210)
4(3151 3161 4354 4282)
4(3161 3171 4426 4354)
4(3171 3181 4498 4426)
4(3181 3191 4570 4498)
4(3191 3201 4642 4570)
4(3201 3211 4714 4642)
4(3211 3221 4786 4714)
4(3221 3231 4858 4786)
4(3231 3241 4930 4858)
4(3241 3251 5002 4930)
4(3251 3261 5074 5002)
4(3261 3271 5146 5074)
4(3271 3281 5218 5146)
4(3281 3291 5290 5218)
4(3291 3301 5362 5290)
4(4210 4282 4283 4211)
4(4282 4354 4355 4283)
4(4354 4426 4427 4355)
4(4426 4498 4499 4427)
4(4498 4570 4571 4499)
4(4570 4642 4643 4571)
4(4642 4714 4715 4643)
4(4714 4786 4787 4715)
4(4786 4858 4859 4787)
4(4858 4930 4931 4859)
4(4930 5002 5003 4931)
4(5002 5074 5075 5003)
4(5074 5146 5147 5075)
4(5146 5218 5219 5147)
4(5218 5290 5291 5219)
4(5290 5362 5363 5291)
4(4211 4283 4284 4212)
4(4283 4355 4356 4284)
4(4355 4427 4428 4356)
4(4427 4499 4500 4428)
4(4499 4571 4572 4500)
4(4571 4643 4644 4572)
4(4643 4715 4716 4644)
4(4715 4787 4788 4716)
4(4787 4859 4860 4788)
4(4859 4931 4932 4860)
4(4931 5003 5004 4932)
4(5003 5075 5076 5004)
4(5075 5147 5148 5076)
4(5147 5219 5220 5148)
4(5219 5291 5292 5220)
4(5291 5363 5364 5292)
4(4212 4284 4285 4213)
4(4284 4356 4357 4285)
4(4356 4428 4429 4357)
4(4428 4500 4501 4429)
4(4500 4572 4573 4501)
4(4572 4644 4645 4573)
4(4644 4716 4717 4645)
4(4716 4788 4789 4717)
4(4788 4860 4861 4789)
4(4860 4932 4933 4861)
4(4932 5004 5005 4933)
4(5004 5076 5077 5005)
4(5076 5148 5149 5077)
4(5148 5220 5221 5149)
4(5220 5292 5293 5221)
4(5292 5364 5365 5293)
4(4213 4285 4286 4214)
4(4285 4357 4358 4286)
4(4357 4429 4430 4358)
4(4429 4501 4502 4430)
4(4501 4573 4574 4502)
4(4573 4645 4646 4574)
4(4645 4717 4718 4646)
4(4717 4789 4790 4718)
4(4789 4861 4862 4790)
4(4861 4933 4934 4862)
4(4933 5005 5006 4934)
4(5005 5077 5078 5006)
4(5077 5149 5150 5078)
4(5149 5221 5222 5150)
4(5221 5293 5294 5222)
4(5293 5365 5366 5294)
4(4214 4286 4287 4215)
4(4286 4358 4359 4287)
4(4358 4430 4431 4359)
4(4430 4502 4503 4431)
4(4502 4574 4575 4503)
4(4574 4646 4647 4575)
4(4646 4718 4719 4647)
4(4718 4790 4791 4719)
4(4790 4862 4863 4791)
4(4862 4934 4935 4863)
4(4934 5006 5007 4935)
4(5006 5078 5079 5007)
4(5078 5150 5151 5079)
4(5150 5222 5223 5151)
4(5222 5294 5295 5223)
4(5294 5366 5367 5295)
4(4215 4287 4288 4216)
4(4287 4359 4360 4288)
4(4359 4431 4432 4360)
4(4431 4503 4504 4432)
4(4503 4575 4576 4504)
4(4575 4647 4648 4576)
4(4647 4719 4720 4648)
4(4719 4791 4792 4720)
4(4791 4863 4864 4792)
4(4863 4935 4936 4864)
4(4935 5007 5008 4936)
4(5007 5079 5080 5008)
4(5079 5151 5152 5080)
4(5151 5223 5224 5152)
4(5223 5295 5296 5224)
4(5295 5367 5368 5296)
4(4216 4288 4289 4217)
4(4288 4360 4361 4289)
4(4360 4432 4433 4361)
4(4432 4504 4505 4433)
4(4504 4576 4577 4505)
4(4576 4648 4649 4577)
4(4648 4720 4721 4649)
4(4720 4792 4793 4721)
4(4792 4864 4865 4793)
4(4864 4936 4937 4865)
4(4936 5008 5009 4937)
4(5008 5080 5081 5009)
4(5080 5152 5153 5081)
4(5152 5224 5225 5153)
4(5224 5296 5297 5225)
4(5296 5368 5369 5297)
4(4217 4289 4290 4218)
4(4289 4361 4362 4290)
4(4361 4433 4434 4362)
4(4433 4505 4506 4434)
4(4505 4577 4578 4506)
4(4577 4649 4650 4578)
4(4649 4721 4722 4650)
4(4721 4793 4794 4722)
4(4793 4865 4866 4794)
4(4865 4937 4938 4866)
4(4937 5009 5010 4938)
4(5009 5081 5082 5010)
4(5081 5153 5154 5082)
4(5153 5225 5226 5154)
4(5225 5297 5298 5226)
4(5297 5369 5370 5298)
4(4218 4290 4291 4219)
4(4290 4362 4363 4291)
4(4362 4434 4435 4363)
4(4434 4506 4507 4435)
4(4506 4578 4579 4507)
4(4578 4650 4651 4579)
4(4650 4722 4723 4651)
4(4722 4794 4795 4723)
4(4794 4866 4867 4795)
4(4866 4938 4939 4867)
4(4938 5010 5011 4939)
4(5010 5082 5083 5011)
4(5082 5154 5155 5083)
4(5154 5226 5227 5155)
4(5226 5298 5299 5227)
4(5298 5370 5371 5299)
4(4219 4291 4292 4220)
4(4291 4363 4364 4292)
4(4363 4435 4436 4364)
4(4435 4507 4508 4436)
4(4507 4579 4580 4508)
4(4579 4651 4652 4580)
4(4651 4723 4724 4652)
4(4723 4795 4796 4724)
4(4795 4867 4868 4796)
4(4867 4939 4940 4868)
4(4939 5011 5012 4940)
4(5011 5083 5084 5012)
4(5083 5155 5156 5084)
4(5155 5227 5228 5156)
4(5227 5299 5300 5228)
4(5299 5371 5372 5300)
4(4220 4292 4293 4221)
4(4292 4364 4365 4293)
4(4364 4436 4437 4365)
4(4436 4508 4509 4437)
4(4508 4580 4581 4509)
4(4580 4652 4653 4581)
4(4652 4724 4725 4653)
4(4724 4796 4797 4725)
4(4796 4868 4869 4797)
4(4868 4940 4941 4869)
4(4940 5012 5013 4941)
4(5012 5084 5085 5013)
4(5084 5156 5157 5085)
4(5156 5228 5229 5157)
4(5228 5300 5301 5229)
4(5300 5372 5373 5301)
4(4221 4293 4294 4222)
4(4293 4365 4366 4294)
4(4365 4437 4438 4366)
4(4437 4509 4510 4438)
4(4509 4581 4582 4510)
4(4581 4653 4654 4582)
4(4653 4725 4726 4654)
4(4725 4797 4798 4726)
4(4797 4869 4870 4798)
4(4869 4941 4942 4870)
4(4941 5013 5014 4942)
4(5013 5085 5086 5014)
4(5085 5157 5158 5086)
4(5157 5229 5230 5158)
4(5229 5301 5302 5230)
4(5301 5373 5374 5302)
4(4222 4294 4295 4223)
4(4294 4366 4367 4295)
4(4366 4438 4439 4367)
4(4438 4510 4511 4439)
4(4510 4582 4583 4511)
4(4582 4654 4655 4583)
4(4654 4726 4727 4655)
4(4726 4798 4799 4727)
4(4798 4870 4871 4799)
4(4870 4942 4943 4871)
4(4942 5014 5015 4943)
4(5014 5086 5087 5015)
4(5086 5158 5159 5087)
4(5158 5230 5231 5159)
4(5230 5302 5303 5231)
4(5302 5374 5375 5303)
4(4223 4295 4296 4224)
4(4295 4367 4368 4296)
4(4367 4439 4440 4368)
4(4439 4511 4512 4440)
4(4511 4583 4584 4512)
4(4583 4655 4656 4584)
4(4655 4727 4728 4656)
4(4727 4799 4800 4728)
4(4799 4871 4872 4800)
4(4871 4943 4944 4872)
4(4943 5015 5016 4944)
4(5015 5087 5088 5016)
4(5087 5159 5160 5088)
4(5159 5231 5232 5160)
4(5231 5303 5304 5232)
4(5303 5375 5376 5304)
4(4224 4296 4297 4225)
4(4296 4368 4369 4297)
4(4368 4440 4441 4369)
4(4440 4512 4513 4441)
4(4512 4584 4585 4513)
4(4584 4656 4657 4585)
4(4656 4728 4729 4657)
4(4728 4800 4801 4729)
4(4800 4872 4873 4801)
4(4872 4944 4945 4873)
4(4944 5016 5017 4945)
4(5016 5088 5089 5017)
4(5088 5160 5161 5089)
4(5160 5232 5233 5161)
4(5232 5304 5305 5233)
4(5304 5376 5377 5305)
4(4225 4297 4298 4226)
4(4297 4369 4370 4298)
4(4369 4441 4442 4370)
4(4441 4513 4514 4442)
4(4513 4585 4586 4514)
4(4585 4657 4658 4586)
4(4657 4729 4730 4658)
4(4729 4801 4802 4730)
4(4801 4873 4874 4802)
4(4873 4945 4946 4874)
4(4945 5017 5018 4946)
4(5017 5089 5090 5018)
4(5089 5161 5162 5090)
4(5161 5233 5234 5162)
4(5233 5305 5306 5234)
4(5305 5377 5378 5306)
4(4226 4298 4299 4227)
4(4298 4370 4371 4299)
4(4370 4442 4443 4371)
4(4442 4514 4515 4443)
4(4514 4586 4587 4515)
4(4586 4658 4659 4587)
4(4658 4730 4731 4659)
4(4730 4802 4803 4731)
4(4802 4874 4875 4803)
4(4874 4946 4947 4875)
4(4946 5018 5019 4947)
4(5018 5090 5091 5019)
4(5090 5162 5163 5091)
4(5162 5234 5235 5163)
4(5234 5306 5307 5235)
4(5306 5378 5379 5307)
4(4227 4299 4300 4228)
4(4299 4371 4372 4300)
4(4371 4443 4444 4372)
4(4443 4515 4516 4444)
4(4515 4587 4588 4516)
4(4587 4659 4660 4588)
4(4659 4731 4732 4660)
4(4731 4803 4804 4732)
4(4803 4875 4876 4804)
4(4875 4947 4948 4876)
4(4947 5019 5020 4948)
4(5019 5091 5092 5020)
4(5091 5163 5164 5092)
4(5163 5235 5236 5164)
4(5235 5307 5308 5236)
4(5307 5379 5380 5308)
4(4228 4300 4301 4229)
4(4300 4372 4373 4301)
4(4372 4444 4445 4373)
4(4444 4516 4517 4445)
4(4516 4588 4589 4517)
4(4588 4660 4661 4589)
4(4660 4732 4733 4661)
4(4732 4804 4805 4733)
4(4804 4876 4877 4805)
4(4876 4948 4949 4877)
4(4948 5020 5021 4949)
4(5020 5092 5093 5021)
4(5092 5164 5165 5093)
4(5164 5236 5237 5165)
4(5236 5308 5309 5237)
4(5308 5380 5381 5309)
4(4229 4301 4302 4230)
4(4301 4373 4374 4302)
4(4373 4445 4446 4374)
4(4445 4517 4518 4446)
4(4517 4589 4590 4518)
4(4589 4661 4662 4590)
4(4661 4733 4734 4662)
4(4733 4805 4806 4734)
4(4805 4877 4878 4806)
4(4877 4949 4950 4878)
4(4949 5021 5022 4950)
4(5021 5093 5094 5022)
4(5093 5165 5166 5094)
4(5165 5237 5238 5166)
4(5237 5309 5310 5238)
4(5309 5381 5382 5310)
4(4230 4302 4303 4231)
4(4302 4374 4375 4303)
4(4374 4446 4447 4375)
4(4446 4518 4519 4447)
4(4518 4590 4591 4519)
4(4590 4662 4663 4591)
4(4662 4734 4735 4663)
4(4734 4806 4807 4735)
4(4806 4878 4879 4807)
4(4878 4950 4951 4879)
4(4950 5022 5023 4951)
4(5022 5094 5095 5023)
4(5094 5166 5167 5095)
4(5166 5238 5239 5167)
4(5238 5310 5311 5239)
4(5310 5382 5383 5311)
4(4231 4303 4304 4232)
4(4303 4375 4376 4304)
4(4375 4447 4448 4376)
4(4447 4519 4520 4448)
4(4519 4591 4592 4520)
4(4591 4663 4664 4592)
4(4663 4735 4736 4664)
4(4735 4807 4808 4736)
4(4807 4879 4880 4808)
4(4879 4951 4952 4880)
4(4951 5023 5024 4952)
4(5023 5095 5096 5024)
4(5095 5167 5168 5096)
4(5167 5239 5240 5168)
4(5239 5311 5312 5240)
4(5311 5383 5384 5312)
4(4232 4304 4305 4233)
4(4304 4376 4377 4305)
4(4376 4448 4449 4377)
4(4448 4520 4521 4449)
4(4520 4592 4593 4521)
4(4592 4664 4665 4593)
4(4664 4736 4737 4665)
4(4736 4808 4809 4737)
4(4808 4880 4881 4809)
4(4880 4952 4953 4881)
4(4952 5024 5025 4953)
4(5024 5096 5097 5025)
4(5096 5168 5169 5097)
4(5168 5240 5241 5169)
4(5240 5312 5313 5241)
4(5312 5384 5385 5313)
4(4233 4305 4306 4234)
4(4305 4377 4378 4306)
4(4377 4449 4450 4378)
4(4449 4521 4522 4450)
4(4521 4593 4594 4522)
4(4593 4665 4666 4594)
4(4665 4737 4738 4666)
4(4737 4809 4810 4738)
4(4809 4881 4882 4810)
4(4881 4953 4954 4882)
4(4953 5025 5026 4954)
4(5025 5097 5098 5026)
4(5097 5169 5170 5098)
4(5169 5241 5242 5170)
4(5241 5313 5314 5242)
4(5313 5385 5386 5314)
4(4234 4306 4307 4235)
4(4306 4378 4379 4307)
4(4378 4450 4451 4379)
4(4450 4522 4523 4451)
4(4522 4594 4595 4523)
4(4594 4666 4667 4595)
4(4666 4738 4739 4667)
4(4738 4810 4811 4739)
4(4810 4882 4883 4811)
4(4882 4954 4955 4883)
4(4954 5026 5027 4955)
4(5026 5098 5099 5027)
4(5098 5170 5171 5099)
4(5170 5242 5243 5171)
4(5242 5314 5315 5243)
4(5314 5386 5387 5315)
4(4235 4307 4308 4236)
4(4307 4379 4380 4308)
4(4379 4451 4452 4380)
4(4451 4523 4524 4452)
4(4523 4595 4596 4524)
4(4595 4667 4668 4596)
4(4667 4739 4740 4668)
4(4739 4811 4812 4740)
4(4811 4883 4884 4812)
4(4883 4955 4956 4884)
4(4955 5027 5028 4956)
4(5027 5099 5100 5028)
4(5099 5171 5172 5100)
4(5171 5243 5244 5172)
4(5243 5315 5316 5244)
4(5315 5387 5388 5316)
4(4236 4308 4309 4237)
4(4308 4380 4381 4309)
4(4380 4452 4453 4381)
4(4452 4524 4525 4453)
4(4524 4596 4597 4525)
4(4596 4668 4669 4597)
4(4668 4740 4741 4669)
4(4740 4812 4813 4741)
4(4812 4884 4885 4813)
4(4884 4956 4957 4885)
4(4956 5028 5029 4957)
4(5028 5100 5101 5029)
4(5100 5172 5173 5101)
4(5172 5244 5245 5173)
4(5244 5316 5317 5245)
4(5316 5388 5389 5317)
4(4237 4309 4310 4238)
4(4309 4381 4382 4310)
4(4381 4453 4454 4382)
4(4453 4525 4526 4454)
4(4525 4597 4598 4526)
4(4597 4669 4670 4598)
4(4669 4741 4742 4670)
4(4741 4813 4814 4742)
4(4813 4885 4886 4814)
4(4885 4957 4958 4886)
4(4957 5029 5030 4958)
4(5029 5101 5102 5030)
4(5101 5173 5174 5102)
4(5173 5245 5246 5174)
4(5245 5317 5318 5246)
4(5317 5389 5390 5318)
4(4238 4310 4311 4239)
4(4310 4382 4383 4311)
4(4382 4454 4455 4383)
4(4454 4526 4527 4455)
4(4526 4598 4599 4527)
4(4598 4670 4671 4599)
4(4670 4742 4743 4671)
4(4742 4814 4815 4743)
4(4814 4886 4887 4815)
4(4886 4958 4959 4887)
4(4958 5030 5031 4959)
4(5030 5102 5103 5031)
4(5102 5174 5175 5103)
4(5174 5246 5247 5175)
4(5246 5318 5319 5247)
4(5318 5390 5391 5319)
4(4239 4311 4312 4240)
4(4311 4383 4384 4312)
4(4383 4455 4456 4384)
4(4455 4527 4528 4456)
4(4527 4599 4600 4528)
4(4599 4671 4672 4600)
4(4671 4743 4744 4672)
4(4743 4815 4816 4744)
4(4815 4887 4888 4816)
4(4887 4959 4960 4888)
4(4959 5031 5032 4960)
4(5031 5103 5104 5032)
4(5103 5175 5176 5104)
4(5175 5247 5248 5176)
4(5247 5319 5320 5248)
4(5319 5391 5392 5320)
4(4240 4312 4313 4241)
4(4312 4384 4385 4313)
4(4384 4456 4457 4385)
4(4456 4528 4529 4457)
4(4528 4600 4601 4529)
4(4600 4672 4673 4601)
4(4672 4744 4745 4673)
4(4744 4816 4817 4745)
4(4816 4888 4889 4817)
4(4888 4960 4961 4889)
4(4960 5032 5033 4961)
4(5032 5104 5105 5033)
4(5104 5176 5177 5105)
4(5176 5248 5249 5177)
4(5248 5320 5321 5249)
4(5320 5392 5393 5321)
4(4241 4313 4314 4242)
4(4313 4385 4386 4314)
4(4385 4457 4458 4386)
4(4457 4529 4530 4458)
4(4529 4601 4602 4530)
4(4601 4673 4674 4602)
4(4673 4745 4746 4674)
4(4745 4817 4818 4746)
4(4817 4889 4890 4818)
4(4889 4961 4962 4890)
4(4961 5033 5034 4962)
4(5033 5105 5106 5034)
4(5105 5177 5178 5106)
4(5177 5249 5250 5178)
4(5249 5321 5322 5250)
4(5321 5393 5394 5322)
4(4242 4314 4315 4243)
4(4314 4386 4387 4315)
4(4386 4458 4459 4387)
4(4458 4530 4531 4459)
4(4530 4602 4603 4531)
4(4602 4674 4675 4603)
4(4674 4746 4747 4675)
4(4746 4818 4819 4747)
4(4818 4890 4891 4819)
4(4890 4962 4963 4891)
4(4962 5034 5035 4963)
4(5034 5106 5107 5035)
4(5106 5178 5179 5107)
4(5178 5250 5251 5179)
4(5250 5322 5323 5251)
4(5322 5394 5395 5323)
4(4243 4315 4316 4244)
4(4315 4387 4388 4316)
4(4387 4459 4460 4388)
4(4459 4531 4532 4460)
4(4531 4603 4604 4532)
4(4603 4675 4676 4604)
4(4675 4747 4748 4676)
4(4747 4819 4820 4748)
4(4819 4891 4892 4820)
4(4891 4963 4964 4892)
4(4963 5035 5036 4964)
4(5035 5107 5108 5036)
4(5107 5179 5180 5108)
4(5179 5251 5252 5180)
4(5251 5323 5324 5252)
4(5323 5395 5396 5324)
4(4244 4316 4317 4245)
4(4316 4388 4389 4317)
4(4388 4460 4461 4389)
4(4460 4532 4533 4461)
4(4532 4604 4605 4533)
4(4604 4676 4677 4605)
4(4676 4748 4749 4677)
4(4748 4820 4821 4749)
4(4820 4892 4893 4821)
4(4892 4964 4965 4893)
4(4964 5036 5037 4965)
4(5036 5108 5109 5037)
4(5108 5180 5181 5109)
4(5180 5252 5253 5181)
4(5252 5324 5325 5253)
4(5324 5396 5397 5325)
4(4245 4317 4318 4246)
4(4317 4389 4390 4318)
4(4389 4461 4462 4390)
4(4461 4533 4534 4462)
4(4533 4605 4606 4534)
4(4605 4677 4678 4606)
4(4677 4749 4750 4678)
4(4749 4821 4822 4750)
4(4821 4893 4894 4822)
4(4893 4965 4966 4894)
4(4965 5037 5038 4966)
4(5037 5109 5110 5038)
4(5109 5181 5182 5110)
4(5181 5253 5254 5182)
4(5253 5325 5326 5254)
4(5325 5397 5398 5326)
4(4246 4318 4319 4247)
4(4318 4390 4391 4319)
4(4390 4462 4463 4391)
4(4462 4534 4535 4463)
4(4534 4606 4607 4535)
4(4606 4678 4679 4607)
4(4678 4750 4751 4679)
4(4750 4822 4823 4751)
4(4822 4894 4895 4823)
4(4894 4966 4967 4895)
4(4966 5038 5039 4967)
4(5038 5110 5111 5039)
4(5110 5182 5183 5111)
4(5182 5254 5255 5183)
4(5254 5326 5327 5255)
4(5326 5398 5399 5327)
4(4247 4319 4320 4248)
4(4319 4391 4392 4320)
4(4391 4463 4464 4392)
4(4463 4535 4536 4464)
4(4535 4607 4608 4536)
4(4607 4679 4680 4608)
4(4679 4751 4752 4680)
4(4751 4823 4824 4752)
4(4823 4895 4896 4824)
4(4895 4967 4968 4896)
4(4967 5039 5040 4968)
4(5039 5111 5112 5040)
4(5111 5183 5184 5112)
4(5183 5255 5256 5184)
4(5255 5327 5328 5256)
4(5327 5399 5400 5328)
4(4248 4320 4321 4249)
4(4320 4392 4393 4321)
4(4392 4464 4465 4393)
4(4464 4536 4537 4465)
4(4536 4608 4609 4537)
4(4608 4680 4681 4609)
4(4680 4752 4753 4681)
4(4752 4824 4825 4753)
4(4824 4896 4897 4825)
4(4896 4968 4969 4897)
4(4968 5040 5041 4969)
4(5040 5112 5113 5041)
4(5112 5184 5185 5113)
4(5184 5256 5257 5185)
4(5256 5328 5329 5257)
4(5328 5400 5401 5329)
4(4249 4321 4322 4250)
4(4321 4393 4394 4322)
4(4393 4465 4466 4394)
4(4465 4537 4538 4466)
4(4537 4609 4610 4538)
4(4609 4681 4682 4610)
4(4681 4753 4754 4682)
4(4753 4825 4826 4754)
4(4825 4897 4898 4826)
4(4897 4969 4970 4898)
4(4969 5041 5042 4970)
4(5041 5113 5114 5042)
4(5113 5185 5186 5114)
4(5185 5257 5258 5186)
4(5257 5329 5330 5258)
4(5329 5401 5402 5330)
4(4250 4322 4323 4251)
4(4322 4394 4395 4323)
4(4394 4466 4467 4395)
4(4466 4538 4539 4467)
4(4538 4610 4611 4539)
4(4610 4682 4683 4611)
4(4682 4754 4755 4683)
4(4754 4826 4827 4755)
4(4826 4898 4899 4827)
4(4898 4970 4971 4899)
4(4970 5042 5043 4971)
4(5042 5114 5115 5043)
4(5114 5186 5187 5115)
4(5186 5258 5259 5187)
4(5258 5330 5331 5259)
4(5330 5402 5403 5331)
4(4251 4323 4324 4252)
4(4323 4395 4396 4324)
4(4395 4467 4468 4396)
4(4467 4539 4540 4468)
4(4539 4611 4612 4540)
4(4611 4683 4684 4612)
4(4683 4755 4756 4684)
4(4755 4827 4828 4756)
4(4827 4899 4900 4828)
4(4899 4971 4972 4900)
4(4971 5043 5044 4972)
4(5043 5115 5116 5044)
4(5115 5187 5188 5116)
4(5187 5259 5260 5188)
4(5259 5331 5332 5260)
4(5331 5403 5404 5332)
4(4252 4324 4325 4253)
4(4324 4396 4397 4325)
4(4396 4468 4469 4397)
4(4468 4540 4541 4469)
4(4540 4612 4613 4541)
4(4612 4684 4685 4613)
4(4684 4756 4757 4685)
4(4756 4828 4829 4757)
4(4828 4900 4901 4829)
4(4900 4972 4973 4901)
4(4972 5044 5045 4973)
4(5044 5116 5117 5045)
4(5116 5188 5189 5117)
4(5188 5260 5261 5189)
4(5260 5332 5333 5261)
4(5332 5404 5405 5333)
4(4253 4325 4326 4254)
4(4325 4397 4398 4326)
4(4397 4469 4470 4398)
4(4469 4541 4542 4470)
4(4541 4613 4614 4542)
4(4613 4685 4686 4614)
4(4685 4757 4758 4686)
4(4757 4829 4830 4758)
4(4829 4901 4902 4830)
4(4901 4973 4974 4902)
4(4973 5045 5046 4974)
4(5045 5117 5118 5046)
4(5117 5189 5190 5118)
4(5189 5261 5262 5190)
4(5261 5333 5334 5262)
4(5333 5405 5406 5334)
4(4254 4326 4327 4255)
4(4326 4398 4399 4327)
4(4398 4470 4471 4399)
4(4470 4542 4543 4471)
4(4542 4614 4615 4543)
4(4614 4686 4687 4615)
4(4686 4758 4759 4687)
4(4758 4830 4831 4759)
4(4830 4902 4903 4831)
4(4902 4974 4975 4903)
4(4974 5046 5047 4975)
4(5046 5118 5119 5047)
4(5118 5190 5191 5119)
4(5190 5262 5263 5191)
4(5262 5334 5335 5263)
4(5334 5406 5407 5335)
4(4255 4327 4328 4256)
4(4327 4399 4400 4328)
4(4399 4471 4472 4400)
4(4471 4543 4544 4472)
4(4543 4615 4616 4544)
4(4615 4687 4688 4616)
4(4687 4759 4760 4688)
4(4759 4831 4832 4760)
4(4831 4903 4904 4832)
4(4903 4975 4976 4904)
4(4975 5047 5048 4976)
4(5047 5119 5120 5048)
4(5119 5191 5192 5120)
4(5191 5263 5264 5192)
4(5263 5335 5336 5264)
4(5335 5407 5408 5336)
4(4256 4328 4329 4257)
4(4328 4400 4401 4329)
4(4400 4472 4473 4401)
4(4472 4544 4545 4473)
4(4544 4616 4617 4545)
4(4616 4688 4689 4617)
4(4688 4760 4761 4689)
4(4760 4832 4833 4761)
4(4832 4904 4905 4833)
4(4904 4976 4977 4905)
4(4976 5048 5049 4977)
4(5048 5120 5121 5049)
4(5120 5192 5193 5121)
4(5192 5264 5265 5193)
4(5264 5336 5337 5265)
4(5336 5408 5409 5337)
4(4257 4329 4330 4258)
4(4329 4401 4402 4330)
4(4401 4473 4474 4402)
4(4473 4545 4546 4474)
4(4545 4617 4618 4546)
4(4617 4689 4690 4618)
4(4689 4761 4762 4690)
4(4761 4833 4834 4762)
4(4833 4905 4906 4834)
4(4905 4977 4978 4906)
4(4977 5049 5050 4978)
4(5049 5121 5122 5050)
4(5121 5193 5194 5122)
4(5193 5265 5266 5194)
4(5265 5337 5338 5266)
4(5337 5409 5410 5338)
4(4258 4330 4331 4259)
4(4330 4402 4403 4331)
4(4402 4474 4475 4403)
4(4474 4546 4547 4475)
4(4546 4618 4619 4547)
4(4618 4690 4691 4619)
4(4690 4762 4763 4691)
4(4762 4834 4835 4763)
4(4834 4906 4907 4835)
4(4906 4978 4979 4907)
4(4978 5050 5051 4979)
4(5050 5122 5123 5051)
4(5122 5194 5195 5123)
4(5194 5266 5267 5195)
4(5266 5338 5339 5267)
4(5338 5410 5411 5339)
4(4259 4331 4332 4260)
4(4331 4403 4404 4332)
4(4403 4475 4476 4404)
4(4475 4547 4548 4476)
4(4547 4619 4620 4548)
4(4619 4691 4692 4620)
4(4691 4763 4764 4692)
4(4763 4835 4836 4764)
4(4835 4907 4908 4836)
4(4907 4979 4980 4908)
4(4979 5051 5052 4980)
4(5051 5123 5124 5052)
4(5123 5195 5196 5124)
4(5195 5267 5268 5196)
4(5267 5339 5340 5268)
4(5339 5411 5412 5340)
4(4260 4332 4333 4261)
4(4332 4404 4405 4333)
4(4404 4476 4477 4405)
4(4476 4548 4549 4477)
4(4548 4620 4621 4549)
4(4620 4692 4693 4621)
4(4692 4764 4765 4693)
4(4764 4836 4837 4765)
4(4836 4908 4909 4837)
4(4908 4980 4981 4909)
4(4980 5052 5053 4981)
4(5052 5124 5125 5053)
4(5124 5196 5197 5125)
4(5196 5268 5269 5197)
4(5268 5340 5341 5269)
4(5340 5412 5413 5341)
4(4261 4333 4334 4262)
4(4333 4405 4406 4334)
4(4405 4477 4478 4406)
4(4477 4549 4550 4478)
4(4549 4621 4622 4550)
4(4621 4693 4694 4622)
4(4693 4765 4766 4694)
4(4765 4837 4838 4766)
4(4837 4909 4910 4838)
4(4909 4981 4982 4910)
4(4981 5053 5054 4982)
4(5053 5125 5126 5054)
4(5125 5197 5198 5126)
4(5197 5269 5270 5198)
4(5269 5341 5342 5270)
4(5341 5413 5414 5342)
4(4262 4334 4335 4263)
4(4334 4406 4407 4335)
4(4406 4478 4479 4407)
4(4478 4550 4551 4479)
4(4550 4622 4623 4551)
4(4622 4694 4695 4623)
4(4694 4766 4767 4695)
4(4766 4838 4839 4767)
4(4838 4910 4911 4839)
4(4910 4982 4983 4911)
4(4982 5054 5055 4983)
4(5054 5126 5127 5055)
4(5126 5198 5199 5127)
4(5198 5270 5271 5199)
4(5270 5342 5343 5271)
4(5342 5414 5415 5343)
4(4263 4335 4336 4264)
4(4335 4407 4408 4336)
4(4407 4479 4480 4408)
4(4479 4551 4552 4480)
4(4551 4623 4624 4552)
4(4623 4695 4696 4624)
4(4695 4767 4768 4696)
4(4767 4839 4840 4768)
4(4839 4911 4912 4840)
4(4911 4983 4984 4912)
4(4983 5055 5056 4984)
4(5055 5127 5128 5056)
4(5127 5199 5200 5128)
4(5199 5271 5272 5200)
4(5271 5343 5344 5272)
4(5343 5415 5416 5344)
4(4264 4336 4337 4265)
4(4336 4408 4409 4337)
4(4408 4480 4481 4409)
4(4480 4552 4553 4481)
4(4552 4624 4625 4553)
4(4624 4696 4697 4625)
4(4696 4768 4769 4697)
4(4768 4840 4841 4769)
4(4840 4912 4913 4841)
4(4912 4984 4985 4913)
4(4984 5056 5057 4985)
4(5056 5128 5129 5057)
4(5128 5200 5201 5129)
4(5200 5272 5273 5201)
4(5272 5344 5345 5273)
4(5344 5416 5417 5345)
4(4265 4337 4338 4266)
4(4337 4409 4410 4338)
4(4409 4481 4482 4410)
4(4481 4553 4554 4482)
4(4553 4625 4626 4554)
4(4625 4697 4698 4626)
4(4697 4769 4770 4698)
4(4769 4841 4842 4770)
4(4841 4913 4914 4842)
4(4913 4985 4986 4914)
4(4985 5057 5058 4986)
4(5057 5129 5130 5058)
4(5129 5201 5202 5130)
4(5201 5273 5274 5202)
4(5273 5345 5346 5274)
4(5345 5417 5418 5346)
4(4266 4338 4339 4267)
4(4338 4410 4411 4339)
4(4410 4482 4483 4411)
4(4482 4554 4555 4483)
4(4554 4626 4627 4555)
4(4626 4698 4699 4627)
4(4698 4770 4771 4699)
4(4770 4842 4843 4771)
4(4842 4914 4915 4843)
4(4914 4986 4987 4915)
4(4986 5058 5059 4987)
4(5058 5130 5131 5059)
4(5130 5202 5203 5131)
4(5202 5274 5275 5203)
4(5274 5346 5347 5275)
4(5346 5418 5419 5347)
4(4267 4339 4340 4268)
4(4339 4411 4412 4340)
4(4411 4483 4484 4412)
4(4483 4555 4556 4484)
4(4555 4627 4628 4556)
4(4627 4699 4700 4628)
4(4699 4771 4772 4700)
4(4771 4843 4844 4772)
4(4843 4915 4916 4844)
4(4915 4987 4988 4916)
4(4987 5059 5060 4988)
4(5059 5131 5132 5060)
4(5131 5203 5204 5132)
4(5203 5275 5276 5204)
4(5275 5347 5348 5276)
4(5347 5419 5420 5348)
4(4268 4340 4341 4269)
4(4340 4412 4413 4341)
4(4412 4484 4485 4413)
4(4484 4556 4557 4485)
4(4556 4628 4629 4557)
4(4628 4700 4701 4629)
4(4700 4772 4773 4701)
4(4772 4844 4845 4773)
4(4844 4916 4917 4845)
4(4916 4988 4989 4917)
4(4988 5060 5061 4989)
4(5060 5132 5133 5061)
4(5132 5204 5205 5133)
4(5204 5276 5277 5205)
4(5276 5348 5349 5277)
4(5348 5420 5421 5349)
4(4269 4341 4342 4270)
4(4341 4413 4414 4342)
4(4413 4485 4486 4414)
4(4485 4557 4558 4486)
4(4557 4629 4630 4558)
4(4629 4701 4702 4630)
4(4701 4773 4774 4702)
4(4773 4845 4846 4774)
4(4845 4917 4918 4846)
4(4917 4989 4990 4918)
4(4989 5061 5062 4990)
4(5061 5133 5134 5062)
4(5133 5205 5206 5134)
4(5205 5277 5278 5206)
4(5277 5349 5350 5278)
4(5349 5421 5422 5350)
4(4270 4342 4343 4271)
4(4342 4414 4415 4343)
4(4414 4486 4487 4415)
4(4486 4558 4559 4487)
4(4558 4630 4631 4559)
4(4630 4702 4703 4631)
4(4702 4774 4775 4703)
4(4774 4846 4847 4775)
4(4846 4918 4919 4847)
4(4918 4990 4991 4919)
4(4990 5062 5063 4991)
4(5062 5134 5135 5063)
4(5134 5206 5207 5135)
4(5206 5278 5279 5207)
4(5278 5350 5351 5279)
4(5350 5422 5423 5351)
4(4271 4343 4344 4272)
4(4343 4415 4416 4344)
4(4415 4487 4488 4416)
4(4487 4559 4560 4488)
4(4559 4631 4632 4560)
4(4631 4703 4704 4632)
4(4703 4775 4776 4704)
4(4775 4847 4848 4776)
4(4847 4919 4920 4848)
4(4919 4991 4992 4920)
4(4991 5063 5064 4992)
4(5063 5135 5136 5064)
4(5135 5207 5208 5136)
4(5207 5279 5280 5208)
4(5279 5351 5352 5280)
4(5351 5423 5424 5352)
4(4272 4344 4345 4273)
4(4344 4416 4417 4345)
4(4416 4488 4489 4417)
4(4488 4560 4561 4489)
4(4560 4632 4633 4561)
4(4632 4704 4705 4633)
4(4704 4776 4777 4705)
4(4776 4848 4849 4777)
4(4848 4920 4921 4849)
4(4920 4992 4993 4921)
4(4992 5064 5065 4993)
4(5064 5136 5137 5065)
4(5136 5208 5209 5137)
4(5208 5280 5281 5209)
4(5280 5352 5353 5281)
4(5352 5424 5425 5353)
4(4273 4345 4346 4274)
4(4345 4417 4418 4346)
4(4417 4489 4490 4418)
4(4489 4561 4562 4490)
4(4561 4633 4634 4562)
4(4633 4705 4706 4634)
4(4705 4777 4778 4706)
4(4777 4849 4850 4778)
4(4849 4921 4922 4850)
4(4921 4993 4994 4922)
4(4993 5065 5066 4994)
4(5065 5137 5138 5066)
4(5137 5209 5210 5138)
4(5209 5281 5282 5210)
4(5281 5353 5354 5282)
4(5353 5425 5426 5354)
4(4274 4346 4347 4275)
4(4346 4418 4419 4347)
4(4418 4490 4491 4419)
4(4490 4562 4563 4491)
4(4562 4634 4635 4563)
4(4634 4706 4707 4635)
4(4706 4778 4779 4707)
4(4778 4850 4851 4779)
4(4850 4922 4923 4851)
4(4922 4994 4995 4923)
4(4994 5066 5067 4995)
4(5066 5138 5139 5067)
4(5138 5210 5211 5139)
4(5210 5282 5283 5211)
4(5282 5354 5355 5283)
4(5354 5426 5427 5355)
4(4275 4347 4348 4276)
4(4347 4419 4420 4348)
4(4419 4491 4492 4420)
4(4491 4563 4564 4492)
4(4563 4635 4636 4564)
4(4635 4707 4708 4636)
4(4707 4779 4780 4708)
4(4779 4851 4852 4780)
4(4851 4923 4924 4852)
4(4923 4995 4996 4924)
4(4995 5067 5068 4996)
4(5067 5139 5140 5068)
4(5139 5211 5212 5140)
4(5211 5283 5284 5212)
4(5283 5355 5356 5284)
4(5355 5427 5428 5356)
4(4276 4348 4349 4277)
4(4348 4420 4421 4349)
4(4420 4492 4493 4421)
4(4492 4564 4565 4493)
4(4564 4636 4637 4565)
4(4636 4708 4709 4637)
4(4708 4780 4781 4709)
4(4780 4852 4853 4781)
4(4852 4924 4925 4853)
4(4924 4996 4997 4925)
4(4996 5068 5069 4997)
4(5068 5140 5141 5069)
4(5140 5212 5213 5141)
4(5212 5284 5285 5213)
4(5284 5356 5357 5285)
4(5356 5428 5429 5357)
4(4277 4349 4350 4278)
4(4349 4421 4422 4350)
4(4421 4493 4494 4422)
4(4493 4565 4566 4494)
4(4565 4637 4638 4566)
4(4637 4709 4710 4638)
4(4709 4781 4782 4710)
4(4781 4853 4854 4782)
4(4853 4925 4926 4854)
4(4925 4997 4998 4926)
4(4997 5069 5070 4998)
4(5069 5141 5142 5070)
4(5141 5213 5214 5142)
4(5213 5285 5286 5214)
4(5285 5357 5358 5286)
4(5357 5429 5430 5358)
4(4278 4350 4351 4279)
4(4350 4422 4423 4351)
4(4422 4494 4495 4423)
4(4494 4566 4567 4495)
4(4566 4638 4639 4567)
4(4638 4710 4711 4639)
4(4710 4782 4783 4711)
4(4782 4854 4855 4783)
4(4854 4926 4927 4855)
4(4926 4998 4999 4927)
4(4998 5070 5071 4999)
4(5070 5142 5143 5071)
4(5142 5214 5215 5143)
4(5214 5286 5287 5215)
4(5286 5358 5359 5287)
4(5358 5430 5431 5359)
4(4279 4351 4352 4280)
4(4351 4423 4424 4352)
4(4423 4495 4496 4424)
4(4495 4567 4568 4496)
4(4567 4639 4640 4568)
4(4639 4711 4712 4640)
4(4711 4783 4784 4712)
4(4783 4855 4856 4784)
4(4855 4927 4928 4856)
4(4927 4999 5000 4928)
4(4999 5071 5072 5000)
4(5071 5143 5144 5072)
4(5143 5215 5216 5144)
4(5215 5287 5288 5216)
4(5287 5359 5360 5288)
4(5359 5431 5432 5360)
4(4280 4352 4353 4281)
4(4352 4424 4425 4353)
4(4424 4496 4497 4425)
4(4496 4568 4569 4497)
4(4568 4640 4641 4569)
4(4640 4712 4713 4641)
4(4712 4784 4785 4713)
4(4784 4856 4857 4785)
4(4856 4928 4929 4857)
4(4928 5000 5001 4929)
4(5000 5072 5073 5001)
4(5072 5144 5145 5073)
4(5144 5216 5217 5145)
4(5216 5288 5289 5217)
4(5288 5360 5361 5289)
4(5360 5432 5433 5361)
4(3301 3490 6658 5362)
4(3490 3500 6730 6658)
4(3500 3510 6802 6730)
4(3510 3520 6874 6802)
4(3520 3530 6946 6874)
4(3530 3540 7018 6946)
4(3540 3550 7090 7018)
4(3550 3560 7162 7090)
4(3560 3570 7234 7162)
4(3570 3580 7306 7234)
4(3580 3590 7378 7306)
4(3590 3600 7450 7378)
4(3600 3610 7522 7450)
4(3610 3620 7594 7522)
4(3620 3630 7666 7594)
4(3630 3640 7738 7666)
4(3640 3650 7810 7738)
4(3650 3660 7882 7810)
4(3660 3670 7954 7882)
4(3670 3680 8026 7954)
4(3680 3690 8098 8026)
4(3690 3700 8170 8098)
4(3700 3710 8242 8170)
4(3710 3720 8314 8242)
4(3720 3730 8386 8314)
4(3730 3740 8458 8386)
4(3740 3750 8530 8458)
4(3750 3760 8602 8530)
4(3760 3770 8674 8602)
4(3770 3780 8746 8674)
4(3780 3790 8818 8746)
4(3790 3800 8890 8818)
4(3800 3810 8962 8890)
4(3810 3820 9034 8962)
4(3820 3830 9106 9034)
4(3830 3840 9178 9106)
4(5362 6658 6659 5363)
4(6658 6730 6731 6659)
4(6730 6802 6803 6731)
4(6802 6874 6875 6803)
4(6874 6946 6947 6875)
4(6946 7018 7019 6947)
4(7018 7090 7091 7019)
4(7090 7162 7163 7091)
4(7162 7234 7235 7163)
4(7234 7306 7307 7235)
4(7306 7378 7379 7307)
4(7378 7450 7451 7379)
4(7450 7522 7523 7451)
4(7522 7594 7595 7523)
4(7594 7666 7667 7595)
4(7666 7738 7739 7667)
4(7738 7810 7811 7739)
4(7810 7882 7883 7811)
4(7882 7954 7955 7883)
4(7954 8026 8027 7955)
4(8026 8098 8099 8027)
4(8098 8170 8171 8099)
4(8170 8242 8243 8171)
4(8242 8314 8315 8243)
4(8314 8386 8387 8315)
4(8386 8458 8459 8387)
4(8458 8530 8531 8459)
4(8530 8602 8603 8531)
4(8602 8674 8675 8603)
4(8674 8746 8747 8675)
4(8746 8818 8819 8747)
4(8818 8890 8891 8819)
4(8890 8962 8963 8891)
4(8962 9034 9035 8963)
4(9034 9106 9107 9035)
4(9106 9178 9179 9107)
4(5363 6659 6660 5364)
4(6659 6731 6732 6660)
4(6731 6803 6804 6732)
4(6803 6875 6876 6804)
4(6875 6947 6948 6876)
4(6947 7019 7020 6948)
4(7019 7091 7092 7020)
4(7091 7163 7164 7092)
4(7163 7235 7236 7164)
4(7235 7307 7308 7236)
4(7307 7379 7380 7308)
4(7379 7451 7452 7380)
4(7451 7523 7524 7452)
4(7523 7595 7596 7524)
4(7595 7667 7668 7596)
4(7667 7739 7740 7668)
4(7739 7811 7812 7740)
4(7811 7883 7884 7812)
4(7883 7955 7956 7884)
4(7955 8027 8028 7956)
4(8027 8099 8100 8028)
4(8099 8171 8172 8100)
4(8171 8243 8244 8172)
4(8243 8315 8316 8244)
4(8315 8387 8388 8316)
4(8387 8459 8460 8388)
4(8459 8531 8532 8460)
4(8531 8603 8604 8532)
4(8603 8675 8676 8604)
4(8675 8747 8748 8676)
4(8747 8819 8820 8748)
4(8819 8891 8892 8820)
4(8891 8963 8964 8892)
4(8963 9035 9036 8964)
4(9035 9107 9108 9036)
4(9107 9179 9180 9108)
4(5364 6660 6661 5365)
4(6660 6732 6733 6661)
4(6732 6804 6805 6733)
4(6804 6876 6877 6805)
4(6876 6948 6949 6877)
4(6948 7020 7021 6949)
4(7020 7092 7093 7021)
4(7092 7164 7165 7093)
4(7164 7236 7237 7165)
4(7236 7308 7309 7237)
4(7308 7380 7381 7309)
4(7380 7452 7453 7381)
4(7452 7524 7525 7453)
4(7524 7596 7597 7525)
4(7596 7668 7669 7597)
4(7668 7740 7741 7669)
4(7740 7812 7813 7741)
4(7812 7884 7885 7813)
4(7884 7956 7957 7885)
4(7956 8028 8029 7957)
4(8028 8100 8101 8029)
4(8100 8172 8173 8101)
4(8172 8244 8245 8173)
4(8244 8316 8317 8245)
4(8316 8388 8389 8317)
4(8388 8460 8461 8389)
4(8460 8532 8533 8461)
4(8532 8604 8605 8533)
4(8604 8676 8677 8605)
4(8676 8748 8749 8677)
4(8748 8820 8821 8749)
4(8820 8892 8893 8821)
4(8892 8964 8965 8893)
4(8964 9036 9037 8965)
4(9036 9108 9109 9037)
4(9108 9180 9181 9109)
4(5365 6661 6662 5366)
4(6661 6733 6734 6662)
4(6733 6805 6806 6734)
4(6805 6877 6878 6806)
4(6877 6949 6950 6878)
4(6949 7021 7022 6950)
4(7021 7093 7094 7022)
4(7093 7165 7166 7094)
4(7165 7237 7238 7166)
4(7237 7309 7310 7238)
4(7309 7381 7382 7310)
4(7381 7453 7454 7382)
4(7453 7525 7526 7454)
4(7525 7597 7598 7526)
4(7597 7669 7670 7598)
4(7669 7741 7742 7670)
4(7741 7813 7814 7742)
4(7813 7885 7886 7814)
4(7885 7957 7958 7886)
4(7957 8029 8030 7958)
4(8029 8101 8102 8030)
4(8101 8173 8174 8102)
4(8173 8245 8246 8174)
4(8245 8317 8318 8246)
4(8317 8389 8390 8318)
4(8389 8461 8462 8390)
4(8461 8533 8534 8462)
4(8533 8605 8606 8534)
4(8605 8677 8678 8606)
4(8677 8749 8750 8678)
4(8749 8821 8822 8750)
4(8821 8893 8894 8822)
4(8893 8965 8966 8894)
4(8965 9037 9038 8966)
4(9037 9109 9110 9038)
4(9109 9181 9182 9110)
4(5366 6662 6663 5367)
4(6662 6734 6735 6663)
4(6734 6806 6807 6735)
4(6806 6878 6879 6807)
4(6878 6950 6951 6879)
4(6950 7022 7023 6951)
4(7022 7094 7095 7023)
4(7094 7166 7167 7095)
4(7166 7238 7239 7167)
4(7238 7310 7311 7239)
4(7310 7382 7383 7311)
4(7382 7454 7455 7383)
4(7454 7526 7527 7455)
4(7526 7598 7599 7527)
4(7598 7670 7671 7599)
4(7670 7742 7743 7671)
4(7742 7814 7815 7743)
4(7814 7886 7887 7815)
4(7886 7958 7959 7887)
4(7958 8030 8031 7959)
4(8030 8102 8103 8031)
4(8102 8174 8175 8103)
4(8174 8246 8247 8175)
4(8246 8318 8319 8247)
4(8318 8390 8391 8319)
4(8390 8462 8463 8391)
4(8462 8534 8535 8463)
4(8534 8606 8607 8535)
4(8606 8678 8679 8607)
4(8678 8750 8751 8679)
4(8750 8822 8823 8751)
4(8822 8894 8895 8823)
4(8894 8966 8967 8895)
4(8966 9038 9039 8967)
4(9038 9110 9111 9039)
4(9110 9182 9183 9111)
4(5367 6663 6664 5368)
4(6663 6735 6736 6664)
4(6735 6807 6808 6736)
4(6807 6879 6880 6808)
4(6879 6951 6952 6880)
4(6951 7023 7024 6952)
4(7023 7095 7096 7024)
4(7095 7167 7168 7096)
4(7167 7239 7240 7168)
4(7239 7311 7312 7240)
4(7311 7383 7384 7312)
4(7383 7455 7456 7384)
4(7455 7527 7528 7456)
4(7527 7599 7600 7528)
4(7599 7671 7672 7600)
4(7671 7743 7744 7672)
4(7743 7815 7816 7744)
4(7815 7887 7888 7816)
4(7887 7959 7960 7888)
4(7959 8031 8032 7960)
4(8031 8103 8104 8032)
4(8103 8175 8176 8104)
4(8175 8247 8248 8176)
4(8247 8319 8320 8248)
4(8319 8391 8392 8320)
4(8391 8463 8464 8392)
4(8463 8535 8536 8464)
4(8535 8607 8608 8536)
4(8607 8679 8680 8608)
4(8679 8751 8752 8680)
4(8751 8823 8824 8752)
4(8823 8895 8896 8824)
4(8895 8967 8968 8896)
4(8967 9039 9040 8968)
4(9039 9111 9112 9040)
4(9111 9183 9184 9112)
4(5368 6664 6665 5369)
4(6664 6736 6737 6665)
4(6736 6808 6809 6737)
4(6808 6880 6881 6809)
4(6880 6952 6953 6881)
4(6952 7024 7025 6953)
4(7024 7096 7097 7025)
4(7096 7168 7169 7097)
4(7168 7240 7241 7169)
4(7240 7312 7313 7241)
4(7312 7384 7385 7313)
4(7384 7456 7457 7385)
4(7456 7528 7529 7457)
4(7528 7600 7601 7529)
4(7600 7672 7673 7601)
4(7672 7744 7745 7673)
4(7744 7816 7817 7745)
4(7816 7888 7889 7817)
4(7888 7960 7961 7889)
4(7960 8032 8033 7961)
4(8032 8104 8105 8033)
4(8104 8176 8177 8105)
4(8176 8248 8249 8177)
4(8248 8320 8321 8249)
4(8320 8392 8393 8321)
4(8392 8464 8465 8393)
4(8464 8536 8537 8465)
4(8536 8608 8609 8537)
4(8608 8680 8681 8609)
4(8680 8752 8753 8681)
4(8752 8824 8825 8753)
4(8824 8896 8897 8825)
4(8896 8968 8969 8897)
4(8968 9040 9041 8969)
4(9040 9112 9113 9041)
4(9112 9184 9185 9113)
4(5369 6665 6666 5370)
4(6665 6737 6738 6666)
4(6737 6809 6810 6738)
4(6809 6881 6882 6810)
4(6881 6953 6954 6882)
4(6953 7025 7026 6954)
4(7025 7097 7098 7026)
4(7097 7169 7170 7098)
4(7169 7241 7242 7170)
4(7241 7313 7314 7242)
4(7313 7385 7386 7314)
4(7385 7457 7458 7386)
4(7457 7529 7530 7458)
4(7529 7601 7602 7530)
4(7601 7673 7674 7602)
4(7673 7745 7746 7674)
4(7745 7817 7818 7746)
4(7817 7889 7890 7818)
4(7889 7961 7962 7890)
4(7961 8033 8034 7962)
4(8033 8105 8106 8034)
4(8105 8177 8178 8106)
4(8177 8249 8250 8178)
4(8249 8321 8322 8250)
4(8321 8393 8394 8322)
4(8393 8465 8466 8394)
4(8465 8537 8538 8466)
4(8537 8609 8610 8538)
4(8609 8681 8682 8610)
4(8681 8753 8754 8682)
4(8753 8825 8826 8754)
4(8825 8897 8898 8826)
4(8897 8969 8970 8898)
4(8969 9041 9042 8970)
4(9041 9113 9114 9042)
4(9113 9185 9186 9114)
4(5370 6666 6667 5371)
4(6666 6738 6739 6667)
4(6738 6810 6811 6739)
4(6810 6882 6883 6811)
4(6882 6954 6955 6883)
4(6954 7026 7027 6955)
4(7026 7098 7099 7027)
4(7098 7170 7171 7099)
4(7170 7242 7243 7171)
4(7242 7314 7315 7243)
4(7314 7386 7387 7315)
4(7386 7458 7459 7387)
4(7458 7530 7531 7459)
4(7530 7602 7603 7531)
4(7602 7674 7675 7603)
4(7674 7746 7747 7675)
4(7746 7818 7819 7747)
4(7818 7890 7891 7819)
4(7890 7962 7963 7891)
4(7962 8034 8035 7963)
4(8034 8106 8107 8035)
4(8106 8178 8179 8107)
4(8178 8250 8251 8179)
4(8250 8322 8323 8251)
4(8322 8394 8395 8323)
4(8394 8466 8467 8395)
4(8466 8538 8539 8467)
4(8538 8610 8611 8539)
4(8610 8682 8683 8611)
4(8682 8754 8755 8683)
4(8754 8826 8827 8755)
4(8826 8898 8899 8827)
4(8898 8970 8971 8899)
4(8970 9042 9043 8971)
4(9042 9114 9115 9043)
4(9114 9186 9187 9115)
4(5371 6667 6668 5372)
4(6667 6739 6740 6668)
4(6739 6811 6812 6740)
4(6811 6883 6884 6812)
4(6883 6955 6956 6884)
4(6955 7027 7028 6956)
4(7027 7099 7100 7028)
4(7099 7171 7172 7100)
4(7171 7243 7244 7172)
4(7243 7315 7316 7244)
4(7315 7387 7388 7316)
4(7387 7459 7460 7388)
4(7459 7531 7532 7460)
4(7531 7603 7604 7532)
4(7603 7675 7676 7604)
4(7675 7747 7748 7676)
4(7747 7819 7820 7748)
4(7819 7891 7892 7820)
4(7891 7963 7964 7892)
4(7963 8035 8036 7964)
4(8035 8107 8108 8036)
4(8107 8179 8180 8108)
4(8179 8251 8252 8180)
4(8251 8323 8324 8252)
4(8323 8395 8396 8324)
4(8395 8467 8468 8396)
4(8467 8539 8540 8468)
4(8539 8611 8612 8540)
4(8611 8683 8684 8612)
4(8683 8755 8756 8684)
4(8755 8827 8828 8756)
4(8827 8899 8900 8828)
4(8899 8971 8972 8900)
4(8971 9043 9044 8972)
4(9043 9115 9116 9044)
4(9115 9187 9188 9116)
4(5372 6668 6669 5373)
4(6668 6740 6741 6669)
4(6740 6812 6813 6741)
4(6812 6884 6885 6813)
4(6884 6956 6957 6885)
4(6956 7028 7029 6957)
4(7028 7100 7101 7029)
4(7100 7172 7173 7101)
4(7172 7244 7245 7173)
4(7244 7316 7317 7245)
4(7316 7388 7389 7317)
4(7388 7460 7461 7389)
4(7460 7532 7533 7461)
4(7532 7604 7605 7533)
4(7604 7676 7677 7605)
4(7676 7748 7749 7677)
4(7748 7820 7821 7749)
4(7820 7892 7893 7821)
4(7892 7964 7965 7893)
4(7964 8036 8037 7965)
4(8036 8108 8109 8037)
4(8108 8180 8181 8109)
4(8180 8252 8253 8181)
4(8252 8324 8325 8253)
4(8324 8396 8397 8325)
4(8396 8468 8469 8397)
4(8468 8540 8541 8469)
4(8540 8612 8613 8541)
4(8612 8684 8685 8613)
4(8684 8756 8757 8685)
4(8756 8828 8829 8757)
4(8828 8900 8901 8829)
4(8900 8972 8973 8901)
4(8972 9044 9045 8973)
4(9044 9116 9117 9045)
4(9116 9188 9189 9117)
4(5373 6669 6670 5374)
4(6669 6741 6742 6670)
4(6741 6813 6814 6742)
4(6813 6885 6886 6814)
4(6885 6957 6958 6886)
4(6957 7029 7030 6958)
4(7029 7101 7102 7030)
4(7101 7173 7174 7102)
4(7173 7245 7246 7174)
4(7245 7317 7318 7246)
4(7317 7389 7390 7318)
4(7389 7461 7462 7390)
4(7461 7533 7534 7462)
4(7533 7605 7606 7534)
4(7605 7677 7678 7606)
4(7677 7749 7750 7678)
4(7749 7821 7822 7750)
4(7821 7893 7894 7822)
4(7893 7965 7966 7894)
4(7965 8037 8038 7966)
4(8037 8109 8110 8038)
4(8109 8181 8182 8110)
4(8181 8253 8254 8182)
4(8253 8325 8326 8254)
4(8325 8397 8398 8326)
4(8397 8469 8470 8398)
4(8469 8541 8542 8470)
4(8541 8613 8614 8542)
4(8613 8685 8686 8614)
4(8685 8757 8758 8686)
4(8757 8829 8830 8758)
4(8829 8901 8902 8830)
4(8901 8973 8974 8902)
4(8973 9045 9046 8974)
4(9045 9117 9118 9046)
4(9117 9189 9190 9118)
4(5374 6670 6671 5375)
4(6670 6742 6743 6671)
4(6742 6814 6815 6743)
4(6814 6886 6887 6815)
4(6886 6958 6959 6887)
4(6958 7030 7031 6959)
4(7030 7102 7103 7031)
4(7102 7174 7175 7103)
4(7174 7246 7247 7175)
4(7246 7318 7319 7247)
4(7318 7390 7391 7319)
4(7390 7462 7463 7391)
4(7462 7534 7535 7463)
4(7534 7606 7607 7535)
4(7606 7678 7679 7607)
4(7678 7750 7751 7679)
4(7750 7822 7823 7751)
4(7822 7894 7895 7823)
4(7894 7966 7967 7895)
4(7966 8038 8039 7967)
4(8038 8110 8111 8039)
4(8110 8182 8183 8111)
4(8182 8254 8255 8183)
4(8254 8326 8327 8255)
4(8326 8398 8399 8327)
4(8398 8470 8471 8399)
4(8470 8542 8543 8471)
4(8542 8614 8615 8543)
4(8614 8686 8687 8615)
4(8686 8758 8759 8687)
4(8758 8830 8831 8759)
4(8830 8902 8903 8831)
4(8902 8974 8975 8903)
4(8974 9046 9047 8975)
4(9046 9118 9119 9047)
4(9118 9190 9191 9119)
4(5375 6671 6672 5376)
4(6671 6743 6744 6672)
4(6743 6815 6816 6744)
4(6815 6887 6888 6816)
4(6887 6959 6960 6888)
4(6959 7031 7032 6960)
4(7031 7103 7104 7032)
4(7103 7175 7176 7104)
4(7175 7247 7248 7176)
4(7247 7319 7320 7248)
4(7319 7391 7392 7320)
4(7391 7463 7464 7392)
4(7463 7535 7536 7464)
4(7535 7607 7608 7536)
4(7607 7679 7680 7608)
4(7679 7751 7752 7680)
4(7751 7823 7824 7752)
4(7823 7895 7896 7824)
4(7895 7967 7968 7896)
4(7967 8039 8040 7968)
4(8039 8111 8112 8040)
4(8111 8183 8184 8112)
4(8183 8255 8256 8184)
4(8255 8327 8328 8256)
4(8327 8399 8400 8328)
4(8399 8471 8472 8400)
4(8471 8543 8544 8472)
4(8543 8615 8616 8544)
4(8615 8687 8688 8616)
4(8687 8759 8760 8688)
4(8759 8831 8832 8760)
4(8831 8903 8904 8832)
4(8903 8975 8976 8904)
4(8975 9047 9048 8976)
4(9047 9119 9120 9048)
4(9119 9191 9192 9120)
4(5376 6672 6673 5377)
4(6672 6744 6745 6673)
4(6744 6816 6817 6745)
4(6816 6888 6889 6817)
4(6888 6960 6961 6889)
4(6960 7032 7033 6961)
4(7032 7104 7105 7033)
4(7104 7176 7177 7105)
4(7176 7248 7249 7177)
4(7248 7320 7321 7249)
4(7320 7392 7393 7321)
4(7392 7464 7465 7393)
4(7464 7536 7537 7465)
4(7536 7608 7609 7537)
4(7608 7680 7681 7609)
4(7680 7752 7753 7681)
4(7752 7824 7825 7753)
4(7824 7896 7897 7825)
4(7896 7968 7969 7897)
4(7968 8040 8041 7969)
4(8040 8112 8113 8041)
4(8112 8184 8185 8113)
4(8184 8256 8257 8185)
4(8256 8328 8329 8257)
4(8328 8400 8401 8329)
4(8400 8472 8473 8401)
4(8472 8544 8545 8473)
4(8544 8616 8617 8545)
4(8616 8688 8689 8617)
4(8688 8760 8761 8689)
4(8760 8832 8833 8761)
4(8832 8904 8905 8833)
4(8904 8976 8977 8905)
4(8976 9048 9049 8977)
4(9048 9120 9121 9049)
4(9120 9192 9193 9121)
4(5377 6673 6674 5378)
4(6673 6745 6746 6674)
4(6745 6817 6818 6746)
4(6817 6889 6890 6818)
4(6889 6961 6962 6890)
4(6961 7033 7034 6962)
4(7033 7105 7106 7034)
4(7105 7177 7178 7106)
4(7177 7249 7250 7178)
4(7249 7321 7322 7250)
4(7321 7393 7394 7322)
4(7393 7465 7466 7394)
4(7465 7537 7538 7466)
4(7537 7609 7610 7538)
4(7609 7681 7682 7610)
4(7681 7753 7754 7682)
4(7753 7825 7826 7754)
4(7825 7897 7898 7826)
4(7897 7969 7970 7898)
4(7969 8041 8042 7970)
4(8041 8113 8114 8042)
4(8113 8185 8186 8114)
4(8185 8257 8258 8186)
4(8257 8329 8330 8258)
4(8329 8401 8402 8330)
4(8401 8473 8474 8402)
4(8473 8545 8546 8474)
4(8545 8617 8618 8546)
4(8617 8689 8690 8618)
4(8689 8761 8762 8690)
4(8761 8833 8834 8762)
4(8833 8905 8906 8834)
4(8905 8977 8978 8906)
4(8977 9049 9050 8978)
4(9049 9121 9122 9050)
4(9121 9193 9194 9122)
4(5378 6674 6675 5379)
4(6674 6746 6747 6675)
4(6746 6818 6819 6747)
4(6818 6890 6891 6819)
4(6890 6962 6963 6891)
4(6962 7034 7035 6963)
4(7034 7106 7107 7035)
4(7106 7178 7179 7107)
4(7178 7250 7251 7179)
4(7250 7322 7323 7251)
4(7322 7394 7395 7323)
4(7394 7466 7467 7395)
4(7466 7538 7539 7467)
4(7538 7610 7611 7539)
4(7610 7682 7683 7611)
4(7682 7754 7755 7683)
4(7754 7826 7827 7755)
4(7826 7898 7899 7827)
4(7898 7970 7971 7899)
4(7970 8042 8043 7971)
4(8042 8114 8115 8043)
4(8114 8186 8187 8115)
4(8186 8258 8259 8187)
4(8258 8330 8331 8259)
4(8330 8402 8403 8331)
4(8402 8474 8475 8403)
4(8474 8546 8547 8475)
4(8546 8618 8619 8547)
4(8618 8690 8691 8619)
4(8690 8762 8763 8691)
4(8762 8834 8835 8763)
4(8834 8906 8907 8835)
4(8906 8978 8979 8907)
4(8978 9050 9051 8979)
4(9050 9122 9123 9051)
4(9122 9194 9195 9123)
4(5379 6675 6676 5380)
4(6675 6747 6748 6676)
4(6747 6819 6820 6748)
4(6819 6891 6892 6820)
4(6891 6963 6964 6892)
4(6963 7035 7036 6964)
4(7035 7107 7108 7036)
4(7107 7179 7180 7108)
4(7179 7251 7252 7180)
4(7251 7323 7324 7252)
4(7323 7395 7396 7324)
4(7395 7467 7468 7396)
4(7467 7539 7540 7468)
4(7539 7611 7612 7540)
4(7611 7683 7684 7612)
4(7683 7755 7756 7684)
4(7755 7827 7828 7756)
4(7827 7899 7900 7828)
4(7899 7971 7972 7900)
4(7971 8043 8044 7972)
4(8043 8115 8116 8044)
4(8115 8187 8188 8116)
4(8187 8259 8260 8188)
4(8259 8331 8332 8260)
4(8331 8403 8404 8332)
4(8403 8475 8476 8404)
4(8475 8547 8548 8476)
4(8547 8619 8620 8548)
4(8619 8691 8692 8620)
4(8691 8763 8764 8692)
4(8763 8835 8836 8764)
4(8835 8907 8908 8836)
4(8907 8979 8980 8908)
4(8979 9051 9052 8980)
4(9051 9123 9124 9052)
4(9123 9195 9196 9124)
4(5380 6676 6677 5381)
4(6676 6748 6749 6677)
4(6748 6820 6821 6749)
4(6820 6892 6893 6821)
4(6892 6964 6965 6893)
4(6964 7036 7037 6965)
4(7036 7108 7109 7037)
4(7108 7180 7181 7109)
4(7180 7252 7253 7181)
4(7252 7324 7325 7253)
4(7324 7396 7397 7325)
4(7396 7468 7469 7397)
4(7468 7540 7541 7469)
4(7540 7612 7613 7541)
4(7612 7684 7685 7613)
4(7684 7756 7757 7685)
4(7756 7828 7829 7757)
4(7828 7900 7901 7829)
4(7900 7972 7973 7901)
4(7972 8044 8045 7973)
4(8044 8116 8117 8045)
4(8116 8188 8189 8117)
4(8188 8260 8261 8189)
4(8260 8332 8333 8261)
4(8332 8404 8405 8333)
4(8404 8476 8477 8405)
4(8476 8548 8549 8477)
4(8548 8620 8621 8549)
4(8620 8692 8693 8621)
4(8692 8764 8765 8693)
4(8764 8836 8837 8765)
4(8836 8908 8909 8837)
4(8908 8980 8981 8909)
4(8980 9052 9053 8981)
4(9052 9124 9125 9053)
4(9124 9196 9197 9125)
4(5381 6677 6678 5382)
4(6677 6749 6750 6678)
4(6749 6821 6822 6750)
4(6821 6893 6894 6822)
4(6893 6965 6966 6894)
4(6965 7037 7038 6966)
4(7037 7109 7110 7038)
4(7109 7181 7182 7110)
4(7181 7253 7254 7182)
4(7253 7325 7326 7254)
4(7325 7397 7398 7326)
4(7397 7469 7470 7398)
4(7469 7541 7542 7470)
4(7541 7613 7614 7542)
4(7613 7685 7686 7614)
4(7685 7757 7758 7686)
4(7757 7829 7830 7758)
4(7829 7901 7902 7830)
4(7901 7973 7974 7902)
4(7973 8045 8046 7974)
4(8045 8117 8118 8046)
4(8117 8189 8190 8118)
4(8189 8261 8262 8190)
4(8261 8333 8334 8262)
4(8333 8405 8406 8334)
4(8405 8477 8478 8406)
4(8477 8549 8550 8478)
4(8549 8621 8622 8550)
4(8621 8693 8694 8622)
4(8693 8765 8766 8694)
4(8765 8837 8838 8766)
4(8837 8909 8910 8838)
4(8909 8981 8982 8910)
4(8981 9053 9054 8982)
4(9053 9125 9126 9054)
4(9125 9197 9198 9126)
4(5382 6678 6679 5383)
4(6678 6750 6751 6679)
4(6750 6822 6823 6751)
4(6822 6894 6895 6823)
4(6894 6966 6967 6895)
4(6966 7038 7039 6967)
4(7038 7110 7111 7039)
4(7110 7182 7183 7111)
4(7182 7254 7255 7183)
4(7254 7326 7327 7255)
4(7326 7398 7399 7327)
4(7398 7470 7471 7399)
4(7470 7542 7543 7471)
4(7542 7614 7615 7543)
4(7614 7686 7687 7615)
4(7686 7758 7759 7687)
4(7758 7830 7831 7759)
4(7830 7902 7903 7831)
4(7902 7974 7975 7903)
4(7974 8046 8047 7975)
4(8046 8118 8119 8047)
4(8118 8190 8191 8119)
4(8190 8262 8263 8191)
4(8262 8334 8335 8263)
4(8334 8406 8407 8335)
4(8406 8478 8479 8407)
4(8478 8550 8551 8479)
4(8550 8622 8623 8551)
4(8622 8694 8695 8623)
4(8694 8766 8767 8695)
4(8766 8838 8839 8767)
4(8838 8910 8911 8839)
4(8910 8982 8983 8911)
4(8982 9054 9055 8983)
4(9054 9126 9127 9055)
4(9126 9198 9199 9127)
4(5383 6679 6680 5384)
4(6679 6751 6752 6680)
4(6751 6823 6824 6752)
4(6823 6895 6896 6824)
4(6895 6967 6968 6896)
4(6967 7039 7040 6968)
4(7039 7111 7112 7040)
4(7111 7183 7184 7112)
4(7183 7255 7256 7184)
4(7255 7327 7328 7256)
4(7327 7399 7400 7328)
4(7399 7471 7472 7400)
4(7471 7543 7544 7472)
4(7543 7615 7616 7544)
4(7615 7687 7688 7616)
4(7687 7759 7760 7688)
4(7759 7831 7832 7760)
4(7831 7903 7904 7832)
4(7903 7975 7976 7904)
4(7975 8047 8048 7976)
4(8047 8119 8120 8048)
4(8119 8191 8192 8120)
4(8191 8263 8264 8192)
4(8263 8335 8336 8264)
4(8335 8407 8408 8336)
4(8407 8479 8480 8408)
4(8479 8551 8552 8480)
4(8551 8623 8624 8552)
4(8623 8695 8696 8624)
4(8695 8767 8768 8696)
4(8767 8839 8840 8768)
4(8839 8911 8912 8840)
4(8911 8983 8984 8912)
4(8983 9055 9056 8984)
4(9055 9127 9128 9056)
4(9127 9199 9200 9128)
4(5384 6680 6681 5385)
4(6680 6752 6753 6681)
4(6752 6824 6825 6753)
4(6824 6896 6897 6825)
4(6896 6968 6969 6897)
4(6968 7040 7041 6969)
4(7040 7112 7113 7041)
4(7112 7184 7185 7113)
4(7184 7256 7257 7185)
4(7256 7328 7329 7257)
4(7328 7400 7401 7329)
4(7400 7472 7473 7401)
4(7472 7544 7545 7473)
4(7544 7616 7617 7545)
4(7616 7688 7689 7617)
4(7688 7760 7761 7689)
4(7760 7832 7833 7761)
4(7832 7904 7905 7833)
4(7904 7976 7977 7905)
4(7976 8048 8049 7977)
4(8048 8120 8121 8049)
4(8120 8192 8193 8121)
4(8192 8264 8265 8193)
4(8264 8336 8337 8265)
4(8336 8408 8409 8337)
4(8408 8480 8481 8409)
4(8480 8552 8553 8481)
4(8552 8624 8625 8553)
4(8624 8696 8697 8625)
4(8696 8768 8769 8697)
4(8768 8840 8841 8769)
4(8840 8912 8913 8841)
4(8912 8984 8985 8913)
4(8984 9056 9057 8985)
4(9056 9128 9129 9057)
4(9128 9200 9201 9129)
4(5385 6681 6682 5386)
4(6681 6753 6754 6682)
4(6753 6825 6826 6754)
4(6825 6897 6898 6826)
4(6897 6969 6970 6898)
4(6969 7041 7042 6970)
4(7041 7113 7114 7042)
4(7113 7185 7186 7114)
4(7185 7257 7258 7186)
4(7257 7329 7330 7258)
4(7329 7401 7402 7330)
4(7401 7473 7474 7402)
4(7473 7545 7546 7474)
4(7545 7617 7618 7546)
4(7617 7689 7690 7618)
4(7689 7761 7762 7690)
4(7761 7833 7834 7762)
4(7833 7905 7906 7834)
4(7905 7977 7978 7906)
4(7977 8049 8050 7978)
4(8049 8121 8122 8050)
4(8121 8193 8194 8122)
4(8193 8265 8266 8194)
4(8265 8337 8338 8266)
4(8337 8409 8410 8338)
4(8409 8481 8482 8410)
4(8481 8553 8554 8482)
4(8553 8625 8626 8554)
4(8625 8697 8698 8626)
4(8697 8769 8770 8698)
4(8769 8841 8842 8770)
4(8841 8913 8914 8842)
4(8913 8985 8986 8914)
4(8985 9057 9058 8986)
4(9057 9129 9130 9058)
4(9129 9201 9202 9130)
4(5386 6682 6683 5387)
4(6682 6754 6755 6683)
4(6754 6826 6827 6755)
4(6826 6898 6899 6827)
4(6898 6970 6971 6899)
4(6970 7042 7043 6971)
4(7042 7114 7115 7043)
4(7114 7186 7187 7115)
4(7186 7258 7259 7187)
4(7258 7330 7331 7259)
4(7330 7402 7403 7331)
4(7402 7474 7475 7403)
4(7474 7546 7547 7475)
4(7546 7618 7619 7547)
4(7618 7690 7691 7619)
4(7690 7762 7763 7691)
4(7762 7834 7835 7763)
4(7834 7906 7907 7835)
4(7906 7978 7979 7907)
4(7978 8050 8051 7979)
4(8050 8122 8123 8051)
4(8122 8194 8195 8123)
4(8194 8266 8267 8195)
4(8266 8338 8339 8267)
4(8338 8410 8411 8339)
4(8410 8482 8483 8411)
4(8482 8554 8555 8483)
4(8554 8626 8627 8555)
4(8626 8698 8699 8627)
4(8698 8770 8771 8699)
4(8770 8842 8843 8771)
4(8842 8914 8915 8843)
4(8914 8986 8987 8915)
4(8986 9058 9059 8987)
4(9058 9130 9131 9059)
4(9130 9202 9203 9131)
4(5387 6683 6684 5388)
4(6683 6755 6756 6684)
4(6755 6827 6828 6756)
4(6827 6899 6900 6828)
4(6899 6971 6972 6900)
4(6971 7043 7044 6972)
4(7043 7115 7116 7044)
4(7115 7187 7188 7116)
4(7187 7259 7260 7188)
4(7259 7331 7332 7260)
4(7331 7403 7404 7332)
4(7403 7475 7476 7404)
4(7475 7547 7548 7476)
4(7547 7619 7620 7548)
4(7619 7691 7692 7620)
4(7691 7763 7764 7692)
4(7763 7835 7836 7764)
4(7835 7907 7908 7836)
4(7907 7979 7980 7908)
4(7979 8051 8052 7980)
4(8051 8123 8124 8052)
4(8123 8195 8196 8124)
4(8195 8267 8268 8196)
4(8267 8339 8340 8268)
4(8339 8411 8412 8340)
4(8411 8483 8484 8412)
4(8483 8555 8556 8484)
4(8555 8627 8628 8556)
4(8627 8699 8700 8628)
4(8699 8771 8772 8700)
4(8771 8843 8844 8772)
4(8843 8915 8916 8844)
4(8915 8987 8988 8916)
4(8987 9059 9060 8988)
4(9059 9131 9132 9060)
4(9131 9203 9204 9132)
4(5388 6684 6685 5389)
4(6684 6756 6757 6685)
4(6756 6828 6829 6757)
4(6828 6900 6901 6829)
4(6900 6972 6973 6901)
4(6972 7044 7045 6973)
4(7044 7116 7117 7045)
4(7116 7188 7189 7117)
4(7188 7260 7261 7189)
4(7260 7332 7333 7261)
4(7332 7404 7405 7333)
4(7404 7476 7477 7405)
4(7476 7548 7549 7477)
4(7548 7620 7621 7549)
4(7620 7692 7693 7621)
4(7692 7764 7765 7693)
4(7764 7836 7837 7765)
4(7836 7908 7909 7837)
4(7908 7980 7981 7909)
4(7980 8052 8053 7981)
4(8052 8124 8125 8053)
4(8124 8196 8197 8125)
4(8196 8268 8269 8197)
4(8268 8340 8341 8269)
4(8340 8412 8413 8341)
4(8412 8484 8485 8413)
4(8484 8556 8557 8485)
4(8556 8628 8629 8557)
4(8628 8700 8701 8629)
4(8700 8772 8773 8701)
4(8772 8844 8845 8773)
4(8844 8916 8917 8845)
4(8916 8988 8989 8917)
4(8988 9060 9061 8989)
4(9060 9132 9133 9061)
4(9132 9204 9205 9133)
4(5389 6685 6686 5390)
4(6685 6757 6758 6686)
4(6757 6829 6830 6758)
4(6829 6901 6902 6830)
4(6901 6973 6974 6902)
4(6973 7045 7046 6974)
4(7045 7117 7118 7046)
4(7117 7189 7190 7118)
4(7189 7261 7262 7190)
4(7261 7333 7334 7262)
4(7333 7405 7406 7334)
4(7405 7477 7478 7406)
4(7477 7549 7550 7478)
4(7549 7621 7622 7550)
4(7621 7693 7694 7622)
4(7693 7765 7766 7694)
4(7765 7837 7838 7766)
4(7837 7909 7910 7838)
4(7909 7981 7982 7910)
4(7981 8053 8054 7982)
4(8053 8125 8126 8054)
4(8125 8197 8198 8126)
4(8197 8269 8270 8198)
4(8269 8341 8342 8270)
4(8341 8413 8414 8342)
4(8413 8485 8486 8414)
4(8485 8557 8558 8486)
4(8557 8629 8630 8558)
4(8629 8701 8702 8630)
4(8701 8773 8774 8702)
4(8773 8845 8846 8774)
4(8845 8917 8918 8846)
4(8917 8989 8990 8918)
4(8989 9061 9062 8990)
4(9061 9133 9134 9062)
4(9133 9205 9206 9134)
4(5390 6686 6687 5391)
4(6686 6758 6759 6687)
4(6758 6830 6831 6759)
4(6830 6902 6903 6831)
4(6902 6974 6975 6903)
4(6974 7046 7047 6975)
4(7046 7118 7119 7047)
4(7118 7190 7191 7119)
4(7190 7262 7263 7191)
4(7262 7334 7335 7263)
4(7334 7406 7407 7335)
4(7406 7478 7479 7407)
4(7478 7550 7551 7479)
4(7550 7622 7623 7551)
4(7622 7694 7695 7623)
4(7694 7766 7767 7695)
4(7766 7838 7839 7767)
4(7838 7910 7911 7839)
4(7910 7982 7983 7911)
4(7982 8054 8055 7983)
4(8054 8126 8127 8055)
4(8126 8198 8199 8127)
4(8198 8270 8271 8199)
4(8270 8342 8343 8271)
4(8342 8414 8415 8343)
4(8414 8486 8487 8415)
4(8486 8558 8559 8487)
4(8558 8630 8631 8559)
4(8630 8702 8703 8631)
4(8702 8774 8775 8703)
4(8774 8846 8847 8775)
4(8846 8918 8919 8847)
4(8918 8990 8991 8919)
4(8990 9062 9063 8991)
4(9062 9134 9135 9063)
4(9134 9206 9207 9135)
4(5391 6687 6688 5392)
4(6687 6759 6760 6688)
4(6759 6831 6832 6760)
4(6831 6903 6904 6832)
4(6903 6975 6976 6904)
4(6975 7047 7048 6976)
4(7047 7119 7120 7048)
4(7119 7191 7192 7120)
4(7191 7263 7264 7192)
4(7263 7335 7336 7264)
4(7335 7407 7408 7336)
4(7407 7479 7480 7408)
4(7479 7551 7552 7480)
4(7551 7623 7624 7552)
4(7623 7695 7696 7624)
4(7695 7767 7768 7696)
4(7767 7839 7840 7768)
4(7839 7911 7912 7840)
4(7911 7983 7984 7912)
4(7983 8055 8056 7984)
4(8055 8127 8128 8056)
4(8127 8199 8200 8128)
4(8199 8271 8272 8200)
4(8271 8343 8344 8272)
4(8343 8415 8416 8344)
4(8415 8487 8488 8416)
4(8487 8559 8560 8488)
4(8559 8631 8632 8560)
4(8631 8703 8704 8632)
4(8703 8775 8776 8704)
4(8775 8847 8848 8776)
4(8847 8919 8920 8848)
4(8919 8991 8992 8920)
4(8991 9063 9064 8992)
4(9063 9135 9136 9064)
4(9135 9207 9208 9136)
4(5392 6688 6689 5393)
4(6688 6760 6761 6689)
4(6760 6832 6833 6761)
4(6832 6904 6905 6833)
4(6904 6976 6977 6905)
4(6976 7048 7049 6977)
4(7048 7120 7121 7049)
4(7120 7192 7193 7121)
4(7192 7264 7265 7193)
4(7264 7336 7337 7265)
4(7336 7408 7409 7337)
4(7408 7480 7481 7409)
4(7480 7552 7553 7481)
4(7552 7624 7625 7553)
4(7624 7696 7697 7625)
4(7696 7768 7769 7697)
4(7768 7840 7841 7769)
4(7840 7912 7913 7841)
4(7912 7984 7985 7913)
4(7984 8056 8057 7985)
4(8056 8128 8129 8057)
4(8128 8200 8201 8129)
4(8200 8272 8273 8201)
4(8272 8344 8345 8273)
4(8344 8416 8417 8345)
4(8416 8488 8489 8417)
4(8488 8560 8561 8489)
4(8560 8632 8633 8561)
4(8632 8704 8705 8633)
4(8704 8776 8777 8705)
4(8776 8848 8849 8777)
4(8848 8920 8921 8849)
4(8920 8992 8993 8921)
4(8992 9064 9065 8993)
4(9064 9136 9137 9065)
4(9136 9208 9209 9137)
4(5393 6689 6690 5394)
4(6689 6761 6762 6690)
4(6761 6833 6834 6762)
4(6833 6905 6906 6834)
4(6905 6977 6978 6906)
4(6977 7049 7050 6978)
4(7049 7121 7122 7050)
4(7121 7193 7194 7122)
4(7193 7265 7266 7194)
4(7265 7337 7338 7266)
4(7337 7409 7410 7338)
4(7409 7481 7482 7410)
4(7481 7553 7554 7482)
4(7553 7625 7626 7554)
4(7625 7697 7698 7626)
4(7697 7769 7770 7698)
4(7769 7841 7842 7770)
4(7841 7913 7914 7842)
4(7913 7985 7986 7914)
4(7985 8057 8058 7986)
4(8057 8129 8130 8058)
4(8129 8201 8202 8130)
4(8201 8273 8274 8202)
4(8273 8345 8346 8274)
4(8345 8417 8418 8346)
4(8417 8489 8490 8418)
4(8489 8561 8562 8490)
4(8561 8633 8634 8562)
4(8633 8705 8706 8634)
4(8705 8777 8778 8706)
4(8777 8849 8850 8778)
4(8849 8921 8922 8850)
4(8921 8993 8994 8922)
4(8993 9065 9066 8994)
4(9065 9137 9138 9066)
4(9137 9209 9210 9138)
4(5394 6690 6691 5395)
4(6690 6762 6763 6691)
4(6762 6834 6835 6763)
4(6834 6906 6907 6835)
4(6906 6978 6979 6907)
4(6978 7050 7051 6979)
4(7050 7122 7123 7051)
4(7122 7194 7195 7123)
4(7194 7266 7267 7195)
4(7266 7338 7339 7267)
4(7338 7410 7411 7339)
4(7410 7482 7483 7411)
4(7482 7554 7555 7483)
4(7554 7626 7627 7555)
4(7626 7698 7699 7627)
4(7698 7770 7771 7699)
4(7770 7842 7843 7771)
4(7842 7914 7915 7843)
4(7914 7986 7987 7915)
4(7986 8058 8059 7987)
4(8058 8130 8131 8059)
4(8130 8202 8203 8131)
4(8202 8274 8275 8203)
4(8274 8346 8347 8275)
4(8346 8418 8419 8347)
4(8418 8490 8491 8419)
4(8490 8562 8563 8491)
4(8562 8634 8635 8563)
4(8634 8706 8707 8635)
4(8706 8778 8779 8707)
4(8778 8850 8851 8779)
4(8850 8922 8923 8851)
4(8922 8994 8995 8923)
4(8994 9066 9067 8995)
4(9066 9138 9139 9067)
4(9138 9210 9211 9139)
4(5395 6691 6692 5396)
4(6691 6763 6764 6692)
4(6763 6835 6836 6764)
4(6835 6907 6908 6836)
4(6907 6979 6980 6908)
4(6979 7051 7052 6980)
4(7051 7123 7124 7052)
4(7123 7195 7196 7124)
4(7195 7267 7268 7196)
4(7267 7339 7340 7268)
4(7339 7411 7412 7340)
4(7411 7483 7484 7412)
4(7483 7555 7556 7484)
4(7555 7627 7628 7556)
4(7627 7699 7700 7628)
4(7699 7771 7772 7700)
4(7771 7843 7844 7772)
4(7843 7915 7916 7844)
4(7915 7987 7988 7916)
4(7987 8059 8060 7988)
4(8059 8131 8132 8060)
4(8131 8203 8204 8132)
4(8203 8275 8276 8204)
4(8275 8347 8348 8276)
4(8347 8419 8420 8348)
4(8419 8491 8492 8420)
4(8491 8563 8564 8492)
4(8563 8635 8636 8564)
4(8635 8707 8708 8636)
4(8707 8779 8780 8708)
4(8779 8851 8852 8780)
4(8851 8923 8924 8852)
4(8923 8995 8996 8924)
4(8995 9067 9068 8996)
4(9067 9139 9140 9068)
4(9139 9211 9212 9140)
4(5396 6692 6693 5397)
4(6692 6764 6765 6693)
4(6764 6836 6837 6765)
4(6836 6908 6909 6837)
4(6908 6980 6981 6909)
4(6980 7052 7053 6981)
4(7052 7124 7125 7053)
4(7124 7196 7197 7125)
4(7196 7268 7269 7197)
4(7268 7340 7341 7269)
4(7340 7412 7413 7341)
4(7412 7484 7485 7413)
4(7484 7556 7557 7485)
4(7556 7628 7629 7557)
4(7628 7700 7701 7629)
4(7700 7772 7773 7701)
4(7772 7844 7845 7773)
4(7844 7916 7917 7845)
4(7916 7988 7989 7917)
4(7988 8060 8061 7989)
4(8060 8132 8133 8061)
4(8132 8204 8205 8133)
4(8204 8276 8277 8205)
4(8276 8348 8349 8277)
4(8348 8420 8421 8349)
4(8420 8492 8493 8421)
4(8492 8564 8565 8493)
4(8564 8636 8637 8565)
4(8636 8708 8709 8637)
4(8708 8780 8781 8709)
4(8780 8852 8853 8781)
4(8852 8924 8925 8853)
4(8924 8996 8997 8925)
4(8996 9068 9069 8997)
4(9068 9140 9141 9069)
4(9140 9212 9213 9141)
4(5397 6693 6694 5398)
4(6693 6765 6766 6694)
4(6765 6837 6838 6766)
4(6837 6909 6910 6838)
4(6909 6981 6982 6910)
4(6981 7053 7054 6982)
4(7053 7125 7126 7054)
4(7125 7197 7198 7126)
4(7197 7269 7270 7198)
4(7269 7341 7342 7270)
4(7341 7413 7414 7342)
4(7413 7485 7486 7414)
4(7485 7557 7558 7486)
4(7557 7629 7630 7558)
4(7629 7701 7702 7630)
4(7701 7773 7774 7702)
4(7773 7845 7846 7774)
4(7845 7917 7918 7846)
4(7917 7989 7990 7918)
4(7989 8061 8062 7990)
4(8061 8133 8134 8062)
4(8133 8205 8206 8134)
4(8205 8277 8278 8206)
4(8277 8349 8350 8278)
4(8349 8421 8422 8350)
4(8421 8493 8494 8422)
4(8493 8565 8566 8494)
4(8565 8637 8638 8566)
4(8637 8709 8710 8638)
4(8709 8781 8782 8710)
4(8781 8853 8854 8782)
4(8853 8925 8926 8854)
4(8925 8997 8998 8926)
4(8997 9069 9070 8998)
4(9069 9141 9142 9070)
4(9141 9213 9214 9142)
4(5398 6694 6695 5399)
4(6694 6766 6767 6695)
4(6766 6838 6839 6767)
4(6838 6910 6911 6839)
4(6910 6982 6983 6911)
4(6982 7054 7055 6983)
4(7054 7126 7127 7055)
4(7126 7198 7199 7127)
4(7198 7270 7271 7199)
4(7270 7342 7343 7271)
4(7342 7414 7415 7343)
4(7414 7486 7487 7415)
4(7486 7558 7559 7487)
4(7558 7630 7631 7559)
4(7630 7702 7703 7631)
4(7702 7774 7775 7703)
4(7774 7846 7847 7775)
4(7846 7918 7919 7847)
4(7918 7990 7991 7919)
4(7990 8062 8063 7991)
4(8062 8134 8135 8063)
4(8134 8206 8207 8135)
4(8206 8278 8279 8207)
4(8278 8350 8351 8279)
4(8350 8422 8423 8351)
4(8422 8494 8495 8423)
4(8494 8566 8567 8495)
4(8566 8638 8639 8567)
4(8638 8710 8711 8639)
4(8710 8782 8783 8711)
4(8782 8854 8855 8783)
4(8854 8926 8927 8855)
4(8926 8998 8999 8927)
4(8998 9070 9071 8999)
4(9070 9142 9143 9071)
4(9142 9214 9215 9143)
4(5399 6695 6696 5400)
4(6695 6767 6768 6696)
4(6767 6839 6840 6768)
4(6839 6911 6912 6840)
4(6911 6983 6984 6912)
4(6983 7055 7056 6984)
4(7055 7127 7128 7056)
4(7127 7199 7200 7128)
4(7199 7271 7272 7200)
4(7271 7343 7344 7272)
4(7343 7415 7416 7344)
4(7415 7487 7488 7416)
4(7487 7559 7560 7488)
4(7559 7631 7632 7560)
4(7631 7703 7704 7632)
4(7703 7775 7776 7704)
4(7775 7847 7848 7776)
4(7847 7919 7920 7848)
4(7919 7991 7992 7920)
4(7991 8063 8064 7992)
4(8063 8135 8136 8064)
4(8135 8207 8208 8136)
4(8207 8279 8280 8208)
4(8279 8351 8352 8280)
4(8351 8423 8424 8352)
4(8423 8495 8496 8424)
4(8495 8567 8568 8496)
4(8567 8639 8640 8568)
4(8639 8711 8712 8640)
4(8711 8783 8784 8712)
4(8783 8855 8856 8784)
4(8855 8927 8928 8856)
4(8927 8999 9000 8928)
4(8999 9071 9072 9000)
4(9071 9143 9144 9072)
4(9143 9215 9216 9144)
4(5400 6696 6697 5401)
4(6696 6768 6769 6697)
4(6768 6840 6841 6769)
4(6840 6912 6913 6841)
4(6912 6984 6985 6913)
4(6984 7056 7057 6985)
4(7056 7128 7129 7057)
4(7128 7200 7201 7129)
4(7200 7272 7273 7201)
4(7272 7344 7345 7273)
4(7344 7416 7417 7345)
4(7416 7488 7489 7417)
4(7488 7560 7561 7489)
4(7560 7632 7633 7561)
4(7632 7704 7705 7633)
4(7704 7776 7777 7705)
4(7776 7848 7849 7777)
4(7848 7920 7921 7849)
4(7920 7992 7993 7921)
4(7992 8064 8065 7993)
4(8064 8136 8137 8065)
4(8136 8208 8209 8137)
4(8208 8280 8281 8209)
4(8280 8352 8353 8281)
4(8352 8424 8425 8353)
4(8424 8496 8497 8425)
4(8496 8568 8569 8497)
4(8568 8640 8641 8569)
4(8640 8712 8713 8641)
4(8712 8784 8785 8713)
4(8784 8856 8857 8785)
4(8856 8928 8929 8857)
4(8928 9000 9001 8929)
4(9000 9072 9073 9001)
4(9072 9144 9145 9073)
4(9144 9216 9217 9145)
4(5401 6697 6698 5402)
4(6697 6769 6770 6698)
4(6769 6841 6842 6770)
4(6841 6913 6914 6842)
4(6913 6985 6986 6914)
4(6985 7057 7058 6986)
4(7057 7129 7130 7058)
4(7129 7201 7202 7130)
4(7201 7273 7274 7202)
4(7273 7345 7346 7274)
4(7345 7417 7418 7346)
4(7417 7489 7490 7418)
4(7489 7561 7562 7490)
4(7561 7633 7634 7562)
4(7633 7705 7706 7634)
4(7705 7777 7778 7706)
4(7777 7849 7850 7778)
4(7849 7921 7922 7850)
4(7921 7993 7994 7922)
4(7993 8065 8066 7994)
4(8065 8137 8138 8066)
4(8137 8209 8210 8138)
4(8209 8281 8282 8210)
4(8281 8353 8354 8282)
4(8353 8425 8426 8354)
4(8425 8497 8498 8426)
4(8497 8569 8570 8498)
4(8569 8641 8642 8570)
4(8641 8713 8714 8642)
4(8713 8785 8786 8714)
4(8785 8857 8858 8786)
4(8857 8929 8930 8858)
4(8929 9001 9002 8930)
4(9001 9073 9074 9002)
4(9073 9145 9146 9074)
4(9145 9217 9218 9146)
4(5402 6698 6699 5403)
4(6698 6770 6771 6699)
4(6770 6842 6843 6771)
4(6842 6914 6915 6843)
4(6914 6986 6987 6915)
4(6986 7058 7059 6987)
4(7058 7130 7131 7059)
4(7130 7202 7203 7131)
4(7202 7274 7275 7203)
4(7274 7346 7347 7275)
4(7346 7418 7419 7347)
4(7418 7490 7491 7419)
4(7490 7562 7563 7491)
4(7562 7634 7635 7563)
4(7634 7706 7707 7635)
4(7706 7778 7779 7707)
4(7778 7850 7851 7779)
4(7850 7922 7923 7851)
4(7922 7994 7995 7923)
4(7994 8066 8067 7995)
4(8066 8138 8139 8067)
4(8138 8210 8211 8139)
4(8210 8282 8283 8211)
4(8282 8354 8355 8283)
4(8354 8426 8427 8355)
4(8426 8498 8499 8427)
4(8498 8570 8571 8499)
4(8570 8642 8643 8571)
4(8642 8714 8715 8643)
4(8714 8786 8787 8715)
4(8786 8858 8859 8787)
4(8858 8930 8931 8859)
4(8930 9002 9003 8931)
4(9002 9074 9075 9003)
4(9074 9146 9147 9075)
4(9146 9218 9219 9147)
4(5403 6699 6700 5404)
4(6699 6771 6772 6700)
4(6771 6843 6844 6772)
4(6843 6915 6916 6844)
4(6915 6987 6988 6916)
4(6987 7059 7060 6988)
4(7059 7131 7132 7060)
4(7131 7203 7204 7132)
4(7203 7275 7276 7204)
4(7275 7347 7348 7276)
4(7347 7419 7420 7348)
4(7419 7491 7492 7420)
4(7491 7563 7564 7492)
4(7563 7635 7636 7564)
4(7635 7707 7708 7636)
4(7707 7779 7780 7708)
4(7779 7851 7852 7780)
4(7851 7923 7924 7852)
4(7923 7995 7996 7924)
4(7995 8067 8068 7996)
4(8067 8139 8140 8068)
4(8139 8211 8212 8140)
4(8211 8283 8284 8212)
4(8283 8355 8356 8284)
4(8355 8427 8428 8356)
4(8427 8499 8500 8428)
4(8499 8571 8572 8500)
4(8571 8643 8644 8572)
4(8643 8715 8716 8644)
4(8715 8787 8788 8716)
4(8787 8859 8860 8788)
4(8859 8931 8932 8860)
4(8931 9003 9004 8932)
4(9003 9075 9076 9004)
4(9075 9147 9148 9076)
4(9147 9219 9220 9148)
4(5404 6700 6701 5405)
4(6700 6772 6773 6701)
4(6772 6844 6845 6773)
4(6844 6916 6917 6845)
4(6916 6988 6989 6917)
4(6988 7060 7061 6989)
4(7060 7132 7133 7061)
4(7132 7204 7205 7133)
4(7204 7276 7277 7205)
4(7276 7348 7349 7277)
4(7348 7420 7421 7349)
4(7420 7492 7493 7421)
4(7492 7564 7565 7493)
4(7564 7636 7637 7565)
4(7636 7708 7709 7637)
4(7708 7780 7781 7709)
4(7780 7852 7853 7781)
4(7852 7924 7925 7853)
4(7924 7996 7997 7925)
4(7996 8068 8069 7997)
4(8068 8140 8141 8069)
4(8140 8212 8213 8141)
4(8212 8284 8285 8213)
4(8284 8356 8357 8285)
4(8356 8428 8429 8357)
4(8428 8500 8501 8429)
4(8500 8572 8573 8501)
4(8572 8644 8645 8573)
4(8644 8716 8717 8645)
4(8716 8788 8789 8717)
4(8788 8860 8861 8789)
4(8860 8932 8933 8861)
4(8932 9004 9005 8933)
4(9004 9076 9077 9005)
4(9076 9148 9149 9077)
4(9148 9220 9221 9149)
4(5405 6701 6702 5406)
4(6701 6773 6774 6702)
4(6773 6845 6846 6774)
4(6845 6917 6918 6846)
4(6917 6989 6990 6918)
4(6989 7061 7062 6990)
4(7061 7133 7134 7062)
4(7133 7205 7206 7134)
4(7205 7277 7278 7206)
4(7277 7349 7350 7278)
4(7349 7421 7422 7350)
4(7421 7493 7494 7422)
4(7493 7565 7566 7494)
4(7565 7637 7638 7566)
4(7637 7709 7710 7638)
4(7709 7781 7782 7710)
4(7781 7853 7854 7782)
4(7853 7925 7926 7854)
4(7925 7997 7998 7926)
4(7997 8069 8070 7998)
4(8069 8141 8142 8070)
4(8141 8213 8214 8142)
4(8213 8285 8286 8214)
4(8285 8357 8358 8286)
4(8357 8429 8430 8358)
4(8429 8501 8502 8430)
4(8501 8573 8574 8502)
4(8573 8645 8646 8574)
4(8645 8717 8718 8646)
4(8717 8789 8790 8718)
4(8789 8861 8862 8790)
4(8861 8933 8934 8862)
4(8933 9005 9006 8934)
4(9005 9077 9078 9006)
4(9077 9149 9150 9078)
4(9149 9221 9222 9150)
4(5406 6702 6703 5407)
4(6702 6774 6775 6703)
4(6774 6846 6847 6775)
4(6846 6918 6919 6847)
4(6918 6990 6991 6919)
4(6990 7062 7063 6991)
4(7062 7134 7135 7063)
4(7134 7206 7207 7135)
4(7206 7278 7279 7207)
4(7278 7350 7351 7279)
4(7350 7422 7423 7351)
4(7422 7494 7495 7423)
4(7494 7566 7567 7495)
4(7566 7638 7639 7567)
4(7638 7710 7711 7639)
4(7710 7782 7783 7711)
4(7782 7854 7855 7783)
4(7854 7926 7927 7855)
4(7926 7998 7999 7927)
4(7998 8070 8071 7999)
4(8070 8142 8143 8071)
4(8142 8214 8215 8143)
4(8214 8286 8287 8215)
4(8286 8358 8359 8287)
4(8358 8430 8431 8359)
4(8430 8502 8503 8431)
4(8502 8574 8575 8503)
4(8574 8646 8647 8575)
4(8646 8718 8719 8647)
4(8718 8790 8791 8719)
4(8790 8862 8863 8791)
4(8862 8934 8935 8863)
4(8934 9006 9007 8935)
4(9006 9078 9079 9007)
4(9078 9150 9151 9079)
4(9150 9222 9223 9151)
4(5407 6703 6704 5408)
4(6703 6775 6776 6704)
4(6775 6847 6848 6776)
4(6847 6919 6920 6848)
4(6919 6991 6992 6920)
4(6991 7063 7064 6992)
4(7063 7135 7136 7064)
4(7135 7207 7208 7136)
4(7207 7279 7280 7208)
4(7279 7351 7352 7280)
4(7351 7423 7424 7352)
4(7423 7495 7496 7424)
4(7495 7567 7568 7496)
4(7567 7639 7640 7568)
4(7639 7711 7712 7640)
4(7711 7783 7784 7712)
4(7783 7855 7856 7784)
4(7855 7927 7928 7856)
4(7927 7999 8000 7928)
4(7999 8071 8072 8000)
4(8071 8143 8144 8072)
4(8143 8215 8216 8144)
4(8215 8287 8288 8216)
4(8287 8359 8360 8288)
4(8359 8431 8432 8360)
4(8431 8503 8504 8432)
4(8503 8575 8576 8504)
4(8575 8647 8648 8576)
4(8647 8719 8720 8648)
4(8719 8791 8792 8720)
4(8791 8863 8864 8792)
4(8863 8935 8936 8864)
4(8935 9007 9008 8936)
4(9007 9079 9080 9008)
4(9079 9151 9152 9080)
4(9151 9223 9224 9152)
4(5408 6704 6705 5409)
4(6704 6776 6777 6705)
4(6776 6848 6849 6777)
4(6848 6920 6921 6849)
4(6920 6992 6993 6921)
4(6992 7064 7065 6993)
4(7064 7136 7137 7065)
4(7136 7208 7209 7137)
4(7208 7280 7281 7209)
4(7280 7352 7353 7281)
4(7352 7424 7425 7353)
4(7424 7496 7497 7425)
4(7496 7568 7569 7497)
4(7568 7640 7641 7569)
4(7640 7712 7713 7641)
4(7712 7784 7785 7713)
4(7784 7856 7857 7785)
4(7856 7928 7929 7857)
4(7928 8000 8001 7929)
4(8000 8072 8073 8001)
4(8072 8144 8145 8073)
4(8144 8216 8217 8145)
4(8216 8288 8289 8217)
4(8288 8360 8361 8289)
4(8360 8432 8433 8361)
4(8432 8504 8505 8433)
4(8504 8576 8577 8505)
4(8576 8648 8649 8577)
4(8648 8720 8721 8649)
4(8720 8792 8793 8721)
4(8792 8864 8865 8793)
4(8864 8936 8937 8865)
4(8936 9008 9009 8937)
4(9008 9080 9081 9009)
4(9080 9152 9153 9081)
4(9152 9224 9225 9153)
4(5409 6705 6706 5410)
4(6705 6777 6778 6706)
4(6777 6849 6850 6778)
4(6849 6921 6922 6850)
4(6921 6993 6994 6922)
4(6993 7065 7066 6994)
4(7065 7137 7138 7066)
4(7137 7209 7210 7138)
4(7209 7281 7282 7210)
4(7281 7353 7354 7282)
4(7353 7425 7426 7354)
4(7425 7497 7498 7426)
4(7497 7569 7570 7498)
4(7569 7641 7642 7570)
4(7641 7713 7714 7642)
4(7713 7785 7786 7714)
4(7785 7857 7858 7786)
4(7857 7929 7930 7858)
4(7929 8001 8002 7930)
4(8001 8073 8074 8002)
4(8073 8145 8146 8074)
4(8145 8217 8218 8146)
4(8217 8289 8290 8218)
4(8289 8361 8362 8290)
4(8361 8433 8434 8362)
4(8433 8505 8506 8434)
4(8505 8577 8578 8506)
4(8577 8649 8650 8578)
4(8649 8721 8722 8650)
4(8721 8793 8794 8722)
4(8793 8865 8866 8794)
4(8865 8937 8938 8866)
4(8937 9009 9010 8938)
4(9009 9081 9082 9010)
4(9081 9153 9154 9082)
4(9153 9225 9226 9154)
4(5410 6706 6707 5411)
4(6706 6778 6779 6707)
4(6778 6850 6851 6779)
4(6850 6922 6923 6851)
4(6922 6994 6995 6923)
4(6994 7066 7067 6995)
4(7066 7138 7139 7067)
4(7138 7210 7211 7139)
4(7210 7282 7283 7211)
4(7282 7354 7355 7283)
4(7354 7426 7427 7355)
4(7426 7498 7499 7427)
4(7498 7570 7571 7499)
4(7570 7642 7643 7571)
4(7642 7714 7715 7643)
4(7714 7786 7787 7715)
4(7786 7858 7859 7787)
4(7858 7930 7931 7859)
4(7930 8002 8003 7931)
4(8002 8074 8075 8003)
4(8074 8146 8147 8075)
4(8146 8218 8219 8147)
4(8218 8290 8291 8219)
4(8290 8362 8363 8291)
4(8362 8434 8435 8363)
4(8434 8506 8507 8435)
4(8506 8578 8579 8507)
4(8578 8650 8651 8579)
4(8650 8722 8723 8651)
4(8722 8794 8795 8723)
4(8794 8866 8867 8795)
4(8866 8938 8939 8867)
4(8938 9010 9011 8939)
4(9010 9082 9083 9011)
4(9082 9154 9155 9083)
4(9154 9226 9227 9155)
4(5411 6707 6708 5412)
4(6707 6779 6780 6708)
4(6779 6851 6852 6780)
4(6851 6923 6924 6852)
4(6923 6995 6996 6924)
4(6995 7067 7068 6996)
4(7067 7139 7140 7068)
4(7139 7211 7212 7140)
4(7211 7283 7284 7212)
4(7283 7355 7356 7284)
4(7355 7427 7428 7356)
4(7427 7499 7500 7428)
4(7499 7571 7572 7500)
4(7571 7643 7644 7572)
4(7643 7715 7716 7644)
4(7715 7787 7788 7716)
4(7787 7859 7860 7788)
4(7859 7931 7932 7860)
4(7931 8003 8004 7932)
4(8003 8075 8076 8004)
4(8075 8147 8148 8076)
4(8147 8219 8220 8148)
4(8219 8291 8292 8220)
4(8291 8363 8364 8292)
4(8363 8435 8436 8364)
4(8435 8507 8508 8436)
4(8507 8579 8580 8508)
4(8579 8651 8652 8580)
4(8651 8723 8724 8652)
4(8723 8795 8796 8724)
4(8795 8867 8868 8796)
4(8867 8939 8940 8868)
4(8939 9011 9012 8940)
4(9011 9083 9084 9012)
4(9083 9155 9156 9084)
4(9155 9227 9228 9156)
4(5412 6708 6709 5413)
4(6708 6780 6781 6709)
4(6780 6852 6853 6781)
4(6852 6924 6925 6853)
4(6924 6996 6997 6925)
4(6996 7068 7069 6997)
4(7068 7140 7141 7069)
4(7140 7212 7213 7141)
4(7212 7284 7285 7213)
4(7284 7356 7357 7285)
4(7356 7428 7429 7357)
4(7428 7500 7501 7429)
4(7500 7572 7573 7501)
4(7572 7644 7645 7573)
4(7644 7716 7717 7645)
4(7716 7788 7789 7717)
4(7788 7860 7861 7789)
4(7860 7932 7933 7861)
4(7932 8004 8005 7933)
4(8004 8076 8077 8005)
4(8076 8148 8149 8077)
4(8148 8220 8221 8149)
4(8220 8292 8293 8221)
4(8292 8364 8365 8293)
4(8364 8436 8437 8365)
4(8436 8508 8509 8437)
4(8508 8580 8581 8509)
4(8580 8652 8653 8581)
4(8652 8724 8725 8653)
4(8724 8796 8797 8725)
4(8796 8868 8869 8797)
4(8868 8940 8941 8869)
4(8940 9012 9013 8941)
4(9012 9084 9085 9013)
4(9084 9156 9157 9085)
4(9156 9228 9229 9157)
4(5413 6709 6710 5414)
4(6709 6781 6782 6710)
4(6781 6853 6854 6782)
4(6853 6925 6926 6854)
4(6925 6997 6998 6926)
4(6997 7069 7070 6998)
4(7069 7141 7142 7070)
4(7141 7213 7214 7142)
4(7213 7285 7286 7214)
4(7285 7357 7358 7286)
4(7357 7429 7430 7358)
4(7429 7501 7502 7430)
4(7501 7573 7574 7502)
4(7573 7645 7646 7574)
4(7645 7717 7718 7646)
4(7717 7789 7790 7718)
4(7789 7861 7862 7790)
4(7861 7933 7934 7862)
4(7933 8005 8006 7934)
4(8005 8077 8078 8006)
4(8077 8149 8150 8078)
4(8149 8221 8222 8150)
4(8221 8293 8294 8222)
4(8293 8365 8366 8294)
4(8365 8437 8438 8366)
4(8437 8509 8510 8438)
4(8509 8581 8582 8510)
4(8581 8653 8654 8582)
4(8653 8725 8726 8654)
4(8725 8797 8798 8726)
4(8797 8869 8870 8798)
4(8869 8941 8942 8870)
4(8941 9013 9014 8942)
4(9013 9085 9086 9014)
4(9085 9157 9158 9086)
4(9157 9229 9230 9158)
4(5414 6710 6711 5415)
4(6710 6782 6783 6711)
4(6782 6854 6855 6783)
4(6854 6926 6927 6855)
4(6926 6998 6999 6927)
4(6998 7070 7071 6999)
4(7070 7142 7143 7071)
4(7142 7214 7215 7143)
4(7214 7286 7287 7215)
4(7286 7358 7359 7287)
4(7358 7430 7431 7359)
4(7430 7502 7503 7431)
4(7502 7574 7575 7503)
4(7574 7646 7647 7575)
4(7646 7718 7719 7647)
4(7718 7790 7791 7719)
4(7790 7862 7863 7791)
4(7862 7934 7935 7863)
4(7934 8006 8007 7935)
4(8006 8078 8079 8007)
4(8078 8150 8151 8079)
4(8150 8222 8223 8151)
4(8222 8294 8295 8223)
4(8294 8366 8367 8295)
4(8366 8438 8439 8367)
4(8438 8510 8511 8439)
4(8510 8582 8583 8511)
4(8582 8654 8655 8583)
4(8654 8726 8727 8655)
4(8726 8798 8799 8727)
4(8798 8870 8871 8799)
4(8870 8942 8943 8871)
4(8942 9014 9015 8943)
4(9014 9086 9087 9015)
4(9086 9158 9159 9087)
4(9158 9230 9231 9159)
4(5415 6711 6712 5416)
4(6711 6783 6784 6712)
4(6783 6855 6856 6784)
4(6855 6927 6928 6856)
4(6927 6999 7000 6928)
4(6999 7071 7072 7000)
4(7071 7143 7144 7072)
4(7143 7215 7216 7144)
4(7215 7287 7288 7216)
4(7287 7359 7360 7288)
4(7359 7431 7432 7360)
4(7431 7503 7504 7432)
4(7503 7575 7576 7504)
4(7575 7647 7648 7576)
4(7647 7719 7720 7648)
4(7719 7791 7792 7720)
4(7791 7863 7864 7792)
4(7863 7935 7936 7864)
4(7935 8007 8008 7936)
4(8007 8079 8080 8008)
4(8079 8151 8152 8080)
4(8151 8223 8224 8152)
4(8223 8295 8296 8224)
4(8295 8367 8368 8296)
4(8367 8439 8440 8368)
4(8439 8511 8512 8440)
4(8511 8583 8584 8512)
4(8583 8655 8656 8584)
4(8655 8727 8728 8656)
4(8727 8799 8800 8728)
4(8799 8871 8872 8800)
4(8871 8943 8944 8872)
4(8943 9015 9016 8944)
4(9015 9087 9088 9016)
4(9087 9159 9160 9088)
4(9159 9231 9232 9160)
4(5416 6712 6713 5417)
4(6712 6784 6785 6713)
4(6784 6856 6857 6785)
4(6856 6928 6929 6857)
4(6928 7000 7001 6929)
4(7000 7072 7073 7001)
4(7072 7144 7145 7073)
4(7144 7216 7217 7145)
4(7216 7288 7289 7217)
4(7288 7360 7361 7289)
4(7360 7432 7433 7361)
4(7432 7504 7505 7433)
4(7504 7576 7577 7505)
4(7576 7648 7649 7577)
4(7648 7720 7721 7649)
4(7720 7792 7793 7721)
4(7792 7864 7865 7793)
4(7864 7936 7937 7865)
4(7936 8008 8009 7937)
4(8008 8080 8081 8009)
4(8080 8152 8153 8081)
4(8152 8224 8225 8153)
4(8224 8296 8297 8225)
4(8296 8368 8369 8297)
4(8368 8440 8441 8369)
4(8440 8512 8513 8441)
4(8512 8584 8585 8513)
4(8584 8656 8657 8585)
4(8656 8728 8729 8657)
4(8728 8800 8801 8729)
4(8800 8872 8873 8801)
4(8872 8944 8945 8873)
4(8944 9016 9017 8945)
4(9016 9088 9089 9017)
4(9088 9160 9161 9089)
4(9160 9232 9233 9161)
4(5417 6713 6714 5418)
4(6713 6785 6786 6714)
4(6785 6857 6858 6786)
4(6857 6929 6930 6858)
4(6929 7001 7002 6930)
4(7001 7073 7074 7002)
4(7073 7145 7146 7074)
4(7145 7217 7218 7146)
4(7217 7289 7290 7218)
4(7289 7361 7362 7290)
4(7361 7433 7434 7362)
4(7433 7505 7506 7434)
4(7505 7577 7578 7506)
4(7577 7649 7650 7578)
4(7649 7721 7722 7650)
4(7721 7793 7794 7722)
4(7793 7865 7866 7794)
4(7865 7937 7938 7866)
4(7937 8009 8010 7938)
4(8009 8081 8082 8010)
4(8081 8153 8154 8082)
4(8153 8225 8226 8154)
4(8225 8297 8298 8226)
4(8297 8369 8370 8298)
4(8369 8441 8442 8370)
4(8441 8513 8514 8442)
4(8513 8585 8586 8514)
4(8585 8657 8658 8586)
4(8657 8729 8730 8658)
4(8729 8801 8802 8730)
4(8801 8873 8874 8802)
4(8873 8945 8946 8874)
4(8945 9017 9018 8946)
4(9017 9089 9090 9018)
4(9089 9161 9162 9090)
4(9161 9233 9234 9162)
4(5418 6714 6715 5419)
4(6714 6786 6787 6715)
4(6786 6858 6859 6787)
4(6858 6930 6931 6859)
4(6930 7002 7003 6931)
4(7002 7074 7075 7003)
4(7074 7146 7147 7075)
4(7146 7218 7219 7147)
4(7218 7290 7291 7219)
4(7290 7362 7363 7291)
4(7362 7434 7435 7363)
4(7434 7506 7507 7435)
4(7506 7578 7579 7507)
4(7578 7650 7651 7579)
4(7650 7722 7723 7651)
4(7722 7794 7795 7723)
4(7794 7866 7867 7795)
4(7866 7938 7939 7867)
4(7938 8010 8011 7939)
4(8010 8082 8083 8011)
4(8082 8154 8155 8083)
4(8154 8226 8227 8155)
4(8226 8298 8299 8227)
4(8298 8370 8371 8299)
4(8370 8442 8443 8371)
4(8442 8514 8515 8443)
4(8514 8586 8587 8515)
4(8586 8658 8659 8587)
4(8658 8730 8731 8659)
4(8730 8802 8803 8731)
4(8802 8874 8875 8803)
4(8874 8946 8947 8875)
4(8946 9018 9019 8947)
4(9018 9090 9091 9019)
4(9090 9162 9163 9091)
4(9162 9234 9235 9163)
4(5419 6715 6716 5420)
4(6715 6787 6788 6716)
4(6787 6859 6860 6788)
4(6859 6931 6932 6860)
4(6931 7003 7004 6932)
4(7003 7075 7076 7004)
4(7075 7147 7148 7076)
4(7147 7219 7220 7148)
4(7219 7291 7292 7220)
4(7291 7363 7364 7292)
4(7363 7435 7436 7364)
4(7435 7507 7508 7436)
4(7507 7579 7580 7508)
4(7579 7651 7652 7580)
4(7651 7723 7724 7652)
4(7723 7795 7796 7724)
4(7795 7867 7868 7796)
4(7867 7939 7940 7868)
4(7939 8011 8012 7940)
4(8011 8083 8084 8012)
4(8083 8155 8156 8084)
4(8155 8227 8228 8156)
4(8227 8299 8300 8228)
4(8299 8371 8372 8300)
4(8371 8443 8444 8372)
4(8443 8515 8516 8444)
4(8515 8587 8588 8516)
4(8587 8659 8660 8588)
4(8659 8731 8732 8660)
4(8731 8803 8804 8732)
4(8803 8875 8876 8804)
4(8875 8947 8948 8876)
4(8947 9019 9020 8948)
4(9019 9091 9092 9020)
4(9091 9163 9164 9092)
4(9163 9235 9236 9164)
4(5420 6716 6717 5421)
4(6716 6788 6789 6717)
4(6788 6860 6861 6789)
4(6860 6932 6933 6861)
4(6932 7004 7005 6933)
4(7004 7076 7077 7005)
4(7076 7148 7149 7077)
4(7148 7220 7221 7149)
4(7220 7292 7293 7221)
4(7292 7364 7365 7293)
4(7364 7436 7437 7365)
4(7436 7508 7509 7437)
4(7508 7580 7581 7509)
4(7580 7652 7653 7581)
4(7652 7724 7725 7653)
4(7724 7796 7797 7725)
4(7796 7868 7869 7797)
4(7868 7940 7941 7869)
4(7940 8012 8013 7941)
4(8012 8084 8085 8013)
4(8084 8156 8157 8085)
4(8156 8228 8229 8157)
4(8228 8300 8301 8229)
4(8300 8372 8373 8301)
4(8372 8444 8445 8373)
4(8444 8516 8517 8445)
4(8516 8588 8589 8517)
4(8588 8660 8661 8589)
4(8660 8732 8733 8661)
4(8732 8804 8805 8733)
4(8804 8876 8877 8805)
4(8876 8948 8949 8877)
4(8948 9020 9021 8949)
4(9020 9092 9093 9021)
4(9092 9164 9165 9093)
4(9164 9236 9237 9165)
4(5421 6717 6718 5422)
4(6717 6789 6790 6718)
4(6789 6861 6862 6790)
4(6861 6933 6934 6862)
4(6933 7005 7006 6934)
4(7005 7077 7078 7006)
4(7077 7149 7150 7078)
4(7149 7221 7222 7150)
4(7221 7293 7294 7222)
4(7293 7365 7366 7294)
4(7365 7437 7438 7366)
4(7437 7509 7510 7438)
4(7509 7581 7582 7510)
4(7581 7653 7654 7582)
4(7653 7725 7726 7654)
4(7725 7797 7798 7726)
4(7797 7869 7870 7798)
4(7869 7941 7942 7870)
4(7941 8013 8014 7942)
4(8013 8085 8086 8014)
4(8085 8157 8158 8086)
4(8157 8229 8230 8158)
4(8229 8301 8302 8230)
4(8301 8373 8374 8302)
4(8373 8445 8446 8374)
4(8445 8517 8518 8446)
4(8517 8589 8590 8518)
4(8589 8661 8662 8590)
4(8661 8733 8734 8662)
4(8733 8805 8806 8734)
4(8805 8877 8878 8806)
4(8877 8949 8950 8878)
4(8949 9021 9022 8950)
4(9021 9093 9094 9022)
4(9093 9165 9166 9094)
4(9165 9237 9238 9166)
4(5422 6718 6719 5423)
4(6718 6790 6791 6719)
4(6790 6862 6863 6791)
4(6862 6934 6935 6863)
4(6934 7006 7007 6935)
4(7006 7078 7079 7007)
4(7078 7150 7151 7079)
4(7150 7222 7223 7151)
4(7222 7294 7295 7223)
4(7294 7366 7367 7295)
4(7366 7438 7439 7367)
4(7438 7510 7511 7439)
4(7510 7582 7583 7511)
4(7582 7654 7655 7583)
4(7654 7726 7727 7655)
4(7726 7798 7799 7727)
4(7798 7870 7871 7799)
4(7870 7942 7943 7871)
4(7942 8014 8015 7943)
4(8014 8086 8087 8015)
4(8086 8158 8159 8087)
4(8158 8230 8231 8159)
4(8230 8302 8303 8231)
4(8302 8374 8375 8303)
4(8374 8446 8447 8375)
4(8446 8518 8519 8447)
4(8518 8590 8591 8519)
4(8590 8662 8663 8591)
4(8662 8734 8735 8663)
4(8734 8806 8807 8735)
4(8806 8878 8879 8807)
4(8878 8950 8951 8879)
4(8950 9022 9023 8951)
4(9022 9094 9095 9023)
4(9094 9166 9167 9095)
4(9166 9238 9239 9167)
4(5423 6719 6720 5424)
4(6719 6791 6792 6720)
4(6791 6863 6864 6792)
4(6863 6935 6936 6864)
4(6935 7007 7008 6936)
4(7007 7079 7080 7008)
4(7079 7151 7152 7080)
4(7151 7223 7224 7152)
4(7223 7295 7296 7224)
4(7295 7367 7368 7296)
4(7367 7439 7440 7368)
4(7439 7511 7512 7440)
4(7511 7583 7584 7512)
4(7583 7655 7656 7584)
4(7655 7727 7728 7656)
4(7727 7799 7800 7728)
4(7799 7871 7872 7800)
4(7871 7943 7944 7872)
4(7943 8015 8016 7944)
4(8015 8087 8088 8016)
4(8087 8159 8160 8088)
4(8159 8231 8232 8160)
4(8231 8303 8304 8232)
4(8303 8375 8376 8304)
4(8375 8447 8448 8376)
4(8447 8519 8520 8448)
4(8519 8591 8592 8520)
4(8591 8663 8664 8592)
4(8663 8735 8736 8664)
4(8735 8807 8808 8736)
4(8807 8879 8880 8808)
4(8879 8951 8952 8880)
4(8951 9023 9024 8952)
4(9023 9095 9096 9024)
4(9095 9167 9168 9096)
4(9167 9239 9240 9168)
4(5424 6720 6721 5425)
4(6720 6792 6793 6721)
4(6792 6864 6865 6793)
4(6864 6936 6937 6865)
4(6936 7008 7009 6937)
4(7008 7080 7081 7009)
4(7080 7152 7153 7081)
4(7152 7224 7225 7153)
4(7224 7296 7297 7225)
4(7296 7368 7369 7297)
4(7368 7440 7441 7369)
4(7440 7512 7513 7441)
4(7512 7584 7585 7513)
4(7584 7656 7657 7585)
4(7656 7728 7729 7657)
4(7728 7800 7801 7729)
4(7800 7872 7873 7801)
4(7872 7944 7945 7873)
4(7944 8016 8017 7945)
4(8016 8088 8089 8017)
4(8088 8160 8161 8089)
4(8160 8232 8233 8161)
4(8232 8304 8305 8233)
4(8304 8376 8377 8305)
4(8376 8448 8449 8377)
4(8448 8520 8521 8449)
4(8520 8592 8593 8521)
4(8592 8664 8665 8593)
4(8664 8736 8737 8665)
4(8736 8808 8809 8737)
4(8808 8880 8881 8809)
4(8880 8952 8953 8881)
4(8952 9024 9025 8953)
4(9024 9096 9097 9025)
4(9096 9168 9169 9097)
4(9168 9240 9241 9169)
4(5425 6721 6722 5426)
4(6721 6793 6794 6722)
4(6793 6865 6866 6794)
4(6865 6937 6938 6866)
4(6937 7009 7010 6938)
4(7009 7081 7082 7010)
4(7081 7153 7154 7082)
4(7153 7225 7226 7154)
4(7225 7297 7298 7226)
4(7297 7369 7370 7298)
4(7369 7441 7442 7370)
4(7441 7513 7514 7442)
4(7513 7585 7586 7514)
4(7585 7657 7658 7586)
4(7657 7729 7730 7658)
4(7729 7801 7802 7730)
4(7801 7873 7874 7802)
4(7873 7945 7946 7874)
4(7945 8017 8018 7946)
4(8017 8089 8090 8018)
4(8089 8161 8162 8090)
4(8161 8233 8234 8162)
4(8233 8305 8306 8234)
4(8305 8377 8378 8306)
4(8377 8449 8450 8378)
4(8449 8521 8522 8450)
4(8521 8593 8594 8522)
4(8593 8665 8666 8594)
4(8665 8737 8738 8666)
4(8737 8809 8810 8738)
4(8809 8881 8882 8810)
4(8881 8953 8954 8882)
4(8953 9025 9026 8954)
4(9025 9097 9098 9026)
4(9097 9169 9170 9098)
4(9169 9241 9242 9170)
4(5426 6722 6723 5427)
4(6722 6794 6795 6723)
4(6794 6866 6867 6795)
4(6866 6938 6939 6867)
4(6938 7010 7011 6939)
4(7010 7082 7083 7011)
4(7082 7154 7155 7083)
4(7154 7226 7227 7155)
4(7226 7298 7299 7227)
4(7298 7370 7371 7299)
4(7370 7442 7443 7371)
4(7442 7514 7515 7443)
4(7514 7586 7587 7515)
4(7586 7658 7659 7587)
4(7658 7730 7731 7659)
4(7730 7802 7803 7731)
4(7802 7874 7875 7803)
4(7874 7946 7947 7875)
4(7946 8018 8019 7947)
4(8018 8090 8091 8019)
4(8090 8162 8163 8091)
4(8162 8234 8235 8163)
4(8234 8306 8307 8235)
4(8306 8378 8379 8307)
4(8378 8450 8451 8379)
4(8450 8522 8523 8451)
4(8522 8594 8595 8523)
4(8594 8666 8667 8595)
4(8666 8738 8739 8667)
4(8738 8810 8811 8739)
4(8810 8882 8883 8811)
4(8882 8954 8955 8883)
4(8954 9026 9027 8955)
4(9026 9098 9099 9027)
4(9098 9170 9171 9099)
4(9170 9242 9243 9171)
4(5427 6723 6724 5428)
4(6723 6795 6796 6724)
4(6795 6867 6868 6796)
4(6867 6939 6940 6868)
4(6939 7011 7012 6940)
4(7011 7083 7084 7012)
4(7083 7155 7156 7084)
4(7155 7227 7228 7156)
4(7227 7299 7300 7228)
4(7299 7371 7372 7300)
4(7371 7443 7444 7372)
4(7443 7515 7516 7444)
4(7515 7587 7588 7516)
4(7587 7659 7660 7588)
4(7659 7731 7732 7660)
4(7731 7803 7804 7732)
4(7803 7875 7876 7804)
4(7875 7947 7948 7876)
4(7947 8019 8020 7948)
4(8019 8091 8092 8020)
4(8091 8163 8164 8092)
4(8163 8235 8236 8164)
4(8235 8307 8308 8236)
4(8307 8379 8380 8308)
4(8379 8451 8452 8380)
4(8451 8523 8524 8452)
4(8523 8595 8596 8524)
4(8595 8667 8668 8596)
4(8667 8739 8740 8668)
4(8739 8811 8812 8740)
4(8811 8883 8884 8812)
4(8883 8955 8956 8884)
4(8955 9027 9028 8956)
4(9027 9099 9100 9028)
4(9099 9171 9172 9100)
4(9171 9243 9244 9172)
4(5428 6724 6725 5429)
4(6724 6796 6797 6725)
4(6796 6868 6869 6797)
4(6868 6940 6941 6869)
4(6940 7012 7013 6941)
4(7012 7084 7085 7013)
4(7084 7156 7157 7085)
4(7156 7228 7229 7157)
4(7228 7300 7301 7229)
4(7300 7372 7373 7301)
4(7372 7444 7445 7373)
4(7444 7516 7517 7445)
4(7516 7588 7589 7517)
4(7588 7660 7661 7589)
4(7660 7732 7733 7661)
4(7732 7804 7805 7733)
4(7804 7876 7877 7805)
4(7876 7948 7949 7877)
4(7948 8020 8021 7949)
4(8020 8092 8093 8021)
4(8092 8164 8165 8093)
4(8164 8236 8237 8165)
4(8236 8308 8309 8237)
4(8308 8380 8381 8309)
4(8380 8452 8453 8381)
4(8452 8524 8525 8453)
4(8524 8596 8597 8525)
4(8596 8668 8669 8597)
4(8668 8740 8741 8669)
4(8740 8812 8813 8741)
4(8812 8884 8885 8813)
4(8884 8956 8957 8885)
4(8956 9028 9029 8957)
4(9028 9100 9101 9029)
4(9100 9172 9173 9101)
4(9172 9244 9245 9173)
4(5429 6725 6726 5430)
4(6725 6797 6798 6726)
4(6797 6869 6870 6798)
4(6869 6941 6942 6870)
4(6941 7013 7014 6942)
4(7013 7085 7086 7014)
4(7085 7157 7158 7086)
4(7157 7229 7230 7158)
4(7229 7301 7302 7230)
4(7301 7373 7374 7302)
4(7373 7445 7446 7374)
4(7445 7517 7518 7446)
4(7517 7589 7590 7518)
4(7589 7661 7662 7590)
4(7661 7733 7734 7662)
4(7733 7805 7806 7734)
4(7805 7877 7878 7806)
4(7877 7949 7950 7878)
4(7949 8021 8022 7950)
4(8021 8093 8094 8022)
4(8093 8165 8166 8094)
4(8165 8237 8238 8166)
4(8237 8309 8310 8238)
4(8309 8381 8382 8310)
4(8381 8453 8454 8382)
4(8453 8525 8526 8454)
4(8525 8597 8598 8526)
4(8597 8669 8670 8598)
4(8669 8741 8742 8670)
4(8741 8813 8814 8742)
4(8813 8885 8886 8814)
4(8885 8957 8958 8886)
4(8957 9029 9030 8958)
4(9029 9101 9102 9030)
4(9101 9173 9174 9102)
4(9173 9245 9246 9174)
4(5430 6726 6727 5431)
4(6726 6798 6799 6727)
4(6798 6870 6871 6799)
4(6870 6942 6943 6871)
4(6942 7014 7015 6943)
4(7014 7086 7087 7015)
4(7086 7158 7159 7087)
4(7158 7230 7231 7159)
4(7230 7302 7303 7231)
4(7302 7374 7375 7303)
4(7374 7446 7447 7375)
4(7446 7518 7519 7447)
4(7518 7590 7591 7519)
4(7590 7662 7663 7591)
4(7662 7734 7735 7663)
4(7734 7806 7807 7735)
4(7806 7878 7879 7807)
4(7878 7950 7951 7879)
4(7950 8022 8023 7951)
4(8022 8094 8095 8023)
4(8094 8166 8167 8095)
4(8166 8238 8239 8167)
4(8238 8310 8311 8239)
4(8310 8382 8383 8311)
4(8382 8454 8455 8383)
4(8454 8526 8527 8455)
4(8526 8598 8599 8527)
4(8598 8670 8671 8599)
4(8670 8742 8743 8671)
4(8742 8814 8815 8743)
4(8814 8886 8887 8815)
4(8886 8958 8959 8887)
4(8958 9030 9031 8959)
4(9030 9102 9103 9031)
4(9102 9174 9175 9103)
4(9174 9246 9247 9175)
4(5431 6727 6728 5432)
4(6727 6799 6800 6728)
4(6799 6871 6872 6800)
4(6871 6943 6944 6872)
4(6943 7015 7016 6944)
4(7015 7087 7088 7016)
4(7087 7159 7160 7088)
4(7159 7231 7232 7160)
4(7231 7303 7304 7232)
4(7303 7375 7376 7304)
4(7375 7447 7448 7376)
4(7447 7519 7520 7448)
4(7519 7591 7592 7520)
4(7591 7663 7664 7592)
4(7663 7735 7736 7664)
4(7735 7807 7808 7736)
4(7807 7879 7880 7808)
4(7879 7951 7952 7880)
4(7951 8023 8024 7952)
4(8023 8095 8096 8024)
4(8095 8167 8168 8096)
4(8167 8239 8240 8168)
4(8239 8311 8312 8240)
4(8311 8383 8384 8312)
4(8383 8455 8456 8384)
4(8455 8527 8528 8456)
4(8527 8599 8600 8528)
4(8599 8671 8672 8600)
4(8671 8743 8744 8672)
4(8743 8815 8816 8744)
4(8815 8887 8888 8816)
4(8887 8959 8960 8888)
4(8959 9031 9032 8960)
4(9031 9103 9104 9032)
4(9103 9175 9176 9104)
4(9175 9247 9248 9176)
4(5432 6728 6729 5433)
4(6728 6800 6801 6729)
4(6800 6872 6873 6801)
4(6872 6944 6945 6873)
4(6944 7016 7017 6945)
4(7016 7088 7089 7017)
4(7088 7160 7161 7089)
4(7160 7232 7233 7161)
4(7232 7304 7305 7233)
4(7304 7376 7377 7305)
4(7376 7448 7449 7377)
4(7448 7520 7521 7449)
4(7520 7592 7593 7521)
4(7592 7664 7665 7593)
4(7664 7736 7737 7665)
4(7736 7808 7809 7737)
4(7808 7880 7881 7809)
4(7880 7952 7953 7881)
4(7952 8024 8025 7953)
4(8024 8096 8097 8025)
4(8096 8168 8169 8097)
4(8168 8240 8241 8169)
4(8240 8312 8313 8241)
4(8312 8384 8385 8313)
4(8384 8456 8457 8385)
4(8456 8528 8529 8457)
4(8528 8600 8601 8529)
4(8600 8672 8673 8601)
4(8672 8744 8745 8673)
4(8744 8816 8817 8745)
4(8816 8888 8889 8817)
4(8888 8960 8961 8889)
4(8960 9032 9033 8961)
4(9032 9104 9105 9033)
4(9104 9176 9177 9105)
4(9176 9248 9249 9177)
4(493 494 523 522)
4(522 523 552 551)
4(551 552 581 580)
4(580 581 610 609)
4(609 610 639 638)
4(638 639 668 667)
4(667 668 697 696)
4(696 697 726 725)
4(725 726 755 754)
4(754 755 784 783)
4(783 784 813 812)
4(812 813 842 841)
4(841 842 871 870)
4(870 871 900 899)
4(899 900 929 928)
4(928 929 958 957)
4(494 495 524 523)
4(523 524 553 552)
4(552 553 582 581)
4(581 582 611 610)
4(610 611 640 639)
4(639 640 669 668)
4(668 669 698 697)
4(697 698 727 726)
4(726 727 756 755)
4(755 756 785 784)
4(784 785 814 813)
4(813 814 843 842)
4(842 843 872 871)
4(871 872 901 900)
4(900 901 930 929)
4(929 930 959 958)
4(495 496 525 524)
4(524 525 554 553)
4(553 554 583 582)
4(582 583 612 611)
4(611 612 641 640)
4(640 641 670 669)
4(669 670 699 698)
4(698 699 728 727)
4(727 728 757 756)
4(756 757 786 785)
4(785 786 815 814)
4(814 815 844 843)
4(843 844 873 872)
4(872 873 902 901)
4(901 902 931 930)
4(930 931 960 959)
4(496 497 526 525)
4(525 526 555 554)
4(554 555 584 583)
4(583 584 613 612)
4(612 613 642 641)
4(641 642 671 670)
4(670 671 700 699)
4(699 700 729 728)
4(728 729 758 757)
4(757 758 787 786)
4(786 787 816 815)
4(815 816 845 844)
4(844 845 874 873)
4(873 874 903 902)
4(902 903 932 931)
4(931 932 961 960)
4(497 498 527 526)
4(526 527 556 555)
4(555 556 585 584)
4(584 585 614 613)
4(613 614 643 642)
4(642 643 672 671)
4(671 672 701 700)
4(700 701 730 729)
4(729 730 759 758)
4(758 759 788 787)
4(787 788 817 816)
4(816 817 846 845)
4(845 846 875 874)
4(874 875 904 903)
4(903 904 933 932)
4(932 933 962 961)
4(498 499 528 527)
4(527 528 557 556)
4(556 557 586 585)
4(585 586 615 614)
4(614 615 644 643)
4(643 644 673 672)
4(672 673 702 701)
4(701 702 731 730)
4(730 731 760 759)
4(759 760 789 788)
4(788 789 818 817)
4(817 818 847 846)
4(846 847 876 875)
4(875 876 905 904)
4(904 905 934 933)
4(933 934 963 962)
4(499 500 529 528)
4(528 529 558 557)
4(557 558 587 586)
4(586 587 616 615)
4(615 616 645 644)
4(644 645 674 673)
4(673 674 703 702)
4(702 703 732 731)
4(731 732 761 760)
4(760 761 790 789)
4(789 790 819 818)
4(818 819 848 847)
4(847 848 877 876)
4(876 877 906 905)
4(905 906 935 934)
4(934 935 964 963)
4(500 501 530 529)
4(529 530 559 558)
4(558 559 588 587)
4(587 588 617 616)
4(616 617 646 645)
4(645 646 675 674)
4(674 675 704 703)
4(703 704 733 732)
4(732 733 762 761)
4(761 762 791 790)
4(790 791 820 819)
4(819 820 849 848)
4(848 849 878 877)
4(877 878 907 906)
4(906 907 936 935)
4(935 936 965 964)
4(501 502 531 530)
4(530 531 560 559)
4(559 560 589 588)
4(588 589 618 617)
4(617 618 647 646)
4(646 647 676 675)
4(675 676 705 704)
4(704 705 734 733)
4(733 734 763 762)
4(762 763 792 791)
4(791 792 821 820)
4(820 821 850 849)
4(849 850 879 878)
4(878 879 908 907)
4(907 908 937 936)
4(936 937 966 965)
4(502 503 532 531)
4(531 532 561 560)
4(560 561 590 589)
4(589 590 619 618)
4(618 619 648 647)
4(647 648 677 676)
4(676 677 706 705)
4(705 706 735 734)
4(734 735 764 763)
4(763 764 793 792)
4(792 793 822 821)
4(821 822 851 850)
4(850 851 880 879)
4(879 880 909 908)
4(908 909 938 937)
4(937 938 967 966)
4(503 504 533 532)
4(532 533 562 561)
4(561 562 591 590)
4(590 591 620 619)
4(619 620 649 648)
4(648 649 678 677)
4(677 678 707 706)
4(706 707 736 735)
4(735 736 765 764)
4(764 765 794 793)
4(793 794 823 822)
4(822 823 852 851)
4(851 852 881 880)
4(880 881 910 909)
4(909 910 939 938)
4(938 939 968 967)
4(504 505 534 533)
4(533 534 563 562)
4(562 563 592 591)
4(591 592 621 620)
4(620 621 650 649)
4(649 650 679 678)
4(678 679 708 707)
4(707 708 737 736)
4(736 737 766 765)
4(765 766 795 794)
4(794 795 824 823)
4(823 824 853 852)
4(852 853 882 881)
4(881 882 911 910)
4(910 911 940 939)
4(939 940 969 968)
4(505 506 535 534)
4(534 535 564 563)
4(563 564 593 592)
4(592 593 622 621)
4(621 622 651 650)
4(650 651 680 679)
4(679 680 709 708)
4(708 709 738 737)
4(737 738 767 766)
4(766 767 796 795)
4(795 796 825 824)
4(824 825 854 853)
4(853 854 883 882)
4(882 883 912 911)
4(911 912 941 940)
4(940 941 970 969)
4(506 507 536 535)
4(535 536 565 564)
4(564 565 594 593)
4(593 594 623 622)
4(622 623 652 651)
4(651 652 681 680)
4(680 681 710 709)
4(709 710 739 738)
4(738 739 768 767)
4(767 768 797 796)
4(796 797 826 825)
4(825 826 855 854)
4(854 855 884 883)
4(883 884 913 912)
4(912 913 942 941)
4(941 942 971 970)
4(507 508 537 536)
4(536 537 566 565)
4(565 566 595 594)
4(594 595 624 623)
4(623 624 653 652)
4(652 653 682 681)
4(681 682 711 710)
4(710 711 740 739)
4(739 740 769 768)
4(768 769 798 797)
4(797 798 827 826)
4(826 827 856 855)
4(855 856 885 884)
4(884 885 914 913)
4(913 914 943 942)
4(942 943 972 971)
4(508 509 538 537)
4(537 538 567 566)
4(566 567 596 595)
4(595 596 625 624)
4(624 625 654 653)
4(653 654 683 682)
4(682 683 712 711)
4(711 712 741 740)
4(740 741 770 769)
4(769 770 799 798)
4(798 799 828 827)
4(827 828 857 856)
4(856 857 886 885)
4(885 886 915 914)
4(914 915 944 943)
4(943 944 973 972)
4(509 510 539 538)
4(538 539 568 567)
4(567 568 597 596)
4(596 597 626 625)
4(625 626 655 654)
4(654 655 684 683)
4(683 684 713 712)
4(712 713 742 741)
4(741 742 771 770)
4(770 771 800 799)
4(799 800 829 828)
4(828 829 858 857)
4(857 858 887 886)
4(886 887 916 915)
4(915 916 945 944)
4(944 945 974 973)
4(510 511 540 539)
4(539 540 569 568)
4(568 569 598 597)
4(597 598 627 626)
4(626 627 656 655)
4(655 656 685 684)
4(684 685 714 713)
4(713 714 743 742)
4(742 743 772 771)
4(771 772 801 800)
4(800 801 830 829)
4(829 830 859 858)
4(858 859 888 887)
4(887 888 917 916)
4(916 917 946 945)
4(945 946 975 974)
4(511 512 541 540)
4(540 541 570 569)
4(569 570 599 598)
4(598 599 628 627)
4(627 628 657 656)
4(656 657 686 685)
4(685 686 715 714)
4(714 715 744 743)
4(743 744 773 772)
4(772 773 802 801)
4(801 802 831 830)
4(830 831 860 859)
4(859 860 889 888)
4(888 889 918 917)
4(917 918 947 946)
4(946 947 976 975)
4(512 513 542 541)
4(541 542 571 570)
4(570 571 600 599)
4(599 600 629 628)
4(628 629 658 657)
4(657 658 687 686)
4(686 687 716 715)
4(715 716 745 744)
4(744 745 774 773)
4(773 774 803 802)
4(802 803 832 831)
4(831 832 861 860)
4(860 861 890 889)
4(889 890 919 918)
4(918 919 948 947)
4(947 948 977 976)
4(513 514 543 542)
4(542 543 572 571)
4(571 572 601 600)
4(600 601 630 629)
4(629 630 659 658)
4(658 659 688 687)
4(687 688 717 716)
4(716 717 746 745)
4(745 746 775 774)
4(774 775 804 803)
4(803 804 833 832)
4(832 833 862 861)
4(861 862 891 890)
4(890 891 920 919)
4(919 920 949 948)
4(948 949 978 977)
4(514 515 544 543)
4(543 544 573 572)
4(572 573 602 601)
4(601 602 631 630)
4(630 631 660 659)
4(659 660 689 688)
4(688 689 718 717)
4(717 718 747 746)
4(746 747 776 775)
4(775 776 805 804)
4(804 805 834 833)
4(833 834 863 862)
4(862 863 892 891)
4(891 892 921 920)
4(920 921 950 949)
4(949 950 979 978)
4(515 516 545 544)
4(544 545 574 573)
4(573 574 603 602)
4(602 603 632 631)
4(631 632 661 660)
4(660 661 690 689)
4(689 690 719 718)
4(718 719 748 747)
4(747 748 777 776)
4(776 777 806 805)
4(805 806 835 834)
4(834 835 864 863)
4(863 864 893 892)
4(892 893 922 921)
4(921 922 951 950)
4(950 951 980 979)
4(516 517 546 545)
4(545 546 575 574)
4(574 575 604 603)
4(603 604 633 632)
4(632 633 662 661)
4(661 662 691 690)
4(690 691 720 719)
4(719 720 749 748)
4(748 749 778 777)
4(777 778 807 806)
4(806 807 836 835)
4(835 836 865 864)
4(864 865 894 893)
4(893 894 923 922)
4(922 923 952 951)
4(951 952 981 980)
4(517 518 547 546)
4(546 547 576 575)
4(575 576 605 604)
4(604 605 634 633)
4(633 634 663 662)
4(662 663 692 691)
4(691 692 721 720)
4(720 721 750 749)
4(749 750 779 778)
4(778 779 808 807)
4(807 808 837 836)
4(836 837 866 865)
4(865 866 895 894)
4(894 895 924 923)
4(923 924 953 952)
4(952 953 982 981)
4(518 519 548 547)
4(547 548 577 576)
4(576 577 606 605)
4(605 606 635 634)
4(634 635 664 663)
4(663 664 693 692)
4(692 693 722 721)
4(721 722 751 750)
4(750 751 780 779)
4(779 780 809 808)
4(808 809 838 837)
4(837 838 867 866)
4(866 867 896 895)
4(895 896 925 924)
4(924 925 954 953)
4(953 954 983 982)
4(519 520 549 548)
4(548 549 578 577)
4(577 578 607 606)
4(606 607 636 635)
4(635 636 665 664)
4(664 665 694 693)
4(693 694 723 722)
4(722 723 752 751)
4(751 752 781 780)
4(780 781 810 809)
4(809 810 839 838)
4(838 839 868 867)
4(867 868 897 896)
4(896 897 926 925)
4(925 926 955 954)
4(954 955 984 983)
4(520 521 550 549)
4(549 550 579 578)
4(578 579 608 607)
4(607 608 637 636)
4(636 637 666 665)
4(665 666 695 694)
4(694 695 724 723)
4(723 724 753 752)
4(752 753 782 781)
4(781 782 811 810)
4(810 811 840 839)
4(839 840 869 868)
4(868 869 898 897)
4(897 898 927 926)
4(926 927 956 955)
4(955 956 985 984)
4(2059 2060 2089 2088)
4(2088 2089 2118 2117)
4(2117 2118 2147 2146)
4(2146 2147 2176 2175)
4(2175 2176 2205 2204)
4(2204 2205 2234 2233)
4(2233 2234 2263 2262)
4(2262 2263 2292 2291)
4(2291 2292 2321 2320)
4(2320 2321 2350 2349)
4(2349 2350 2379 2378)
4(2378 2379 2408 2407)
4(2407 2408 2437 2436)
4(2436 2437 2466 2465)
4(2465 2466 2495 2494)
4(2494 2495 2524 2523)
4(2523 2524 2553 2552)
4(2552 2553 2582 2581)
4(2581 2582 2611 2610)
4(2610 2611 2640 2639)
4(2639 2640 2669 2668)
4(2668 2669 2698 2697)
4(2697 2698 2727 2726)
4(2726 2727 2756 2755)
4(2755 2756 2785 2784)
4(2784 2785 2814 2813)
4(2813 2814 2843 2842)
4(2842 2843 2872 2871)
4(2871 2872 2901 2900)
4(2900 2901 2930 2929)
4(2929 2930 2959 2958)
4(2958 2959 2988 2987)
4(2987 2988 3017 3016)
4(3016 3017 3046 3045)
4(3045 3046 3075 3074)
4(3074 3075 3104 3103)
4(2060 2061 2090 2089)
4(2089 2090 2119 2118)
4(2118 2119 2148 2147)
4(2147 2148 2177 2176)
4(2176 2177 2206 2205)
4(2205 2206 2235 2234)
4(2234 2235 2264 2263)
4(2263 2264 2293 2292)
4(2292 2293 2322 2321)
4(2321 2322 2351 2350)
4(2350 2351 2380 2379)
4(2379 2380 2409 2408)
4(2408 2409 2438 2437)
4(2437 2438 2467 2466)
4(2466 2467 2496 2495)
4(2495 2496 2525 2524)
4(2524 2525 2554 2553)
4(2553 2554 2583 2582)
4(2582 2583 2612 2611)
4(2611 2612 2641 2640)
4(2640 2641 2670 2669)
4(2669 2670 2699 2698)
4(2698 2699 2728 2727)
4(2727 2728 2757 2756)
4(2756 2757 2786 2785)
4(2785 2786 2815 2814)
4(2814 2815 2844 2843)
4(2843 2844 2873 2872)
4(2872 2873 2902 2901)
4(2901 2902 2931 2930)
4(2930 2931 2960 2959)
4(2959 2960 2989 2988)
4(2988 2989 3018 3017)
4(3017 3018 3047 3046)
4(3046 3047 3076 3075)
4(3075 3076 3105 3104)
4(2061 2062 2091 2090)
4(2090 2091 2120 2119)
4(2119 2120 2149 2148)
4(2148 2149 2178 2177)
4(2177 2178 2207 2206)
4(2206 2207 2236 2235)
4(2235 2236 2265 2264)
4(2264 2265 2294 2293)
4(2293 2294 2323 2322)
4(2322 2323 2352 2351)
4(2351 2352 2381 2380)
4(2380 2381 2410 2409)
4(2409 2410 2439 2438)
4(2438 2439 2468 2467)
4(2467 2468 2497 2496)
4(2496 2497 2526 2525)
4(2525 2526 2555 2554)
4(2554 2555 2584 2583)
4(2583 2584 2613 2612)
4(2612 2613 2642 2641)
4(2641 2642 2671 2670)
4(2670 2671 2700 2699)
4(2699 2700 2729 2728)
4(2728 2729 2758 2757)
4(2757 2758 2787 2786)
4(2786 2787 2816 2815)
4(2815 2816 2845 2844)
4(2844 2845 2874 2873)
4(2873 2874 2903 2902)
4(2902 2903 2932 2931)
4(2931 2932 2961 2960)
4(2960 2961 2990 2989)
4(2989 2990 3019 3018)
4(3018 3019 3048 3047)
4(3047 3048 3077 3076)
4(3076 3077 3106 3105)
4(2062 2063 2092 2091)
4(2091 2092 2121 2120)
4(2120 2121 2150 2149)
4(2149 2150 2179 2178)
4(2178 2179 2208 2207)
4(2207 2208 2237 2236)
4(2236 2237 2266 2265)
4(2265 2266 2295 2294)
4(2294 2295 2324 2323)
4(2323 2324 2353 2352)
4(2352 2353 2382 2381)
4(2381 2382 2411 2410)
4(2410 2411 2440 2439)
4(2439 2440 2469 2468)
4(2468 2469 2498 2497)
4(2497 2498 2527 2526)
4(2526 2527 2556 2555)
4(2555 2556 2585 2584)
4(2584 2585 2614 2613)
4(2613 2614 2643 2642)
4(2642 2643 2672 2671)
4(2671 2672 2701 2700)
4(2700 2701 2730 2729)
4(2729 2730 2759 2758)
4(2758 2759 2788 2787)
4(2787 2788 2817 2816)
4(2816 2817 2846 2845)
4(2845 2846 2875 2874)
4(2874 2875 2904 2903)
4(2903 2904 2933 2932)
4(2932 2933 2962 2961)
4(2961 2962 2991 2990)
4(2990 2991 3020 3019)
4(3019 3020 3049 3048)
4(3048 3049 3078 3077)
4(3077 3078 3107 3106)
4(2063 2064 2093 2092)
4(2092 2093 2122 2121)
4(2121 2122 2151 2150)
4(2150 2151 2180 2179)
4(2179 2180 2209 2208)
4(2208 2209 2238 2237)
4(2237 2238 2267 2266)
4(2266 2267 2296 2295)
4(2295 2296 2325 2324)
4(2324 2325 2354 2353)
4(2353 2354 2383 2382)
4(2382 2383 2412 2411)
4(2411 2412 2441 2440)
4(2440 2441 2470 2469)
4(2469 2470 2499 2498)
4(2498 2499 2528 2527)
4(2527 2528 2557 2556)
4(2556 2557 2586 2585)
4(2585 2586 2615 2614)
4(2614 2615 2644 2643)
4(2643 2644 2673 2672)
4(2672 2673 2702 2701)
4(2701 2702 2731 2730)
4(2730 2731 2760 2759)
4(2759 2760 2789 2788)
4(2788 2789 2818 2817)
4(2817 2818 2847 2846)
4(2846 2847 2876 2875)
4(2875 2876 2905 2904)
4(2904 2905 2934 2933)
4(2933 2934 2963 2962)
4(2962 2963 2992 2991)
4(2991 2992 3021 3020)
4(3020 3021 3050 3049)
4(3049 3050 3079 3078)
4(3078 3079 3108 3107)
4(2064 2065 2094 2093)
4(2093 2094 2123 2122)
4(2122 2123 2152 2151)
4(2151 2152 2181 2180)
4(2180 2181 2210 2209)
4(2209 2210 2239 2238)
4(2238 2239 2268 2267)
4(2267 2268 2297 2296)
4(2296 2297 2326 2325)
4(2325 2326 2355 2354)
4(2354 2355 2384 2383)
4(2383 2384 2413 2412)
4(2412 2413 2442 2441)
4(2441 2442 2471 2470)
4(2470 2471 2500 2499)
4(2499 2500 2529 2528)
4(2528 2529 2558 2557)
4(2557 2558 2587 2586)
4(2586 2587 2616 2615)
4(2615 2616 2645 2644)
4(2644 2645 2674 2673)
4(2673 2674 2703 2702)
4(2702 2703 2732 2731)
4(2731 2732 2761 2760)
4(2760 2761 2790 2789)
4(2789 2790 2819 2818)
4(2818 2819 2848 2847)
4(2847 2848 2877 2876)
4(2876 2877 2906 2905)
4(2905 2906 2935 2934)
4(2934 2935 2964 2963)
4(2963 2964 2993 2992)
4(2992 2993 3022 3021)
4(3021 3022 3051 3050)
4(3050 3051 3080 3079)
4(3079 3080 3109 3108)
4(2065 2066 2095 2094)
4(2094 2095 2124 2123)
4(2123 2124 2153 2152)
4(2152 2153 2182 2181)
4(2181 2182 2211 2210)
4(2210 2211 2240 2239)
4(2239 2240 2269 2268)
4(2268 2269 2298 2297)
4(2297 2298 2327 2326)
4(2326 2327 2356 2355)
4(2355 2356 2385 2384)
4(2384 2385 2414 2413)
4(2413 2414 2443 2442)
4(2442 2443 2472 2471)
4(2471 2472 2501 2500)
4(2500 2501 2530 2529)
4(2529 2530 2559 2558)
4(2558 2559 2588 2587)
4(2587 2588 2617 2616)
4(2616 2617 2646 2645)
4(2645 2646 2675 2674)
4(2674 2675 2704 2703)
4(2703 2704 2733 2732)
4(2732 2733 2762 2761)
4(2761 2762 2791 2790)
4(2790 2791 2820 2819)
4(2819 2820 2849 2848)
4(2848 2849 2878 2877)
4(2877 2878 2907 2906)
4(2906 2907 2936 2935)
4(2935 2936 2965 2964)
4(2964 2965 2994 2993)
4(2993 2994 3023 3022)
4(3022 3023 3052 3051)
4(3051 3052 3081 3080)
4(3080 3081 3110 3109)
4(2066 2067 2096 2095)
4(2095 2096 2125 2124)
4(2124 2125 2154 2153)
4(2153 2154 2183 2182)
4(2182 2183 2212 2211)
4(2211 2212 2241 2240)
4(2240 2241 2270 2269)
4(2269 2270 2299 2298)
4(2298 2299 2328 2327)
4(2327 2328 2357 2356)
4(2356 2357 2386 2385)
4(2385 2386 2415 2414)
4(2414 2415 2444 2443)
4(2443 2444 2473 2472)
4(2472 2473 2502 2501)
4(2501 2502 2531 2530)
4(2530 2531 2560 2559)
4(2559 2560 2589 2588)
4(2588 2589 2618 2617)
4(2617 2618 2647 2646)
4(2646 2647 2676 2675)
4(2675 2676 2705 2704)
4(2704 2705 2734 2733)
4(2733 2734 2763 2762)
4(2762 2763 2792 2791)
4(2791 2792 2821 2820)
4(2820 2821 2850 2849)
4(2849 2850 2879 2878)
4(2878 2879 2908 2907)
4(2907 2908 2937 2936)
4(2936 2937 2966 2965)
4(2965 2966 2995 2994)
4(2994 2995 3024 3023)
4(3023 3024 3053 3052)
4(3052 3053 3082 3081)
4(3081 3082 3111 3110)
4(2067 2068 2097 2096)
4(2096 2097 2126 2125)
4(2125 2126 2155 2154)
4(2154 2155 2184 2183)
4(2183 2184 2213 2212)
4(2212 2213 2242 2241)
4(2241 2242 2271 2270)
4(2270 2271 2300 2299)
4(2299 2300 2329 2328)
4(2328 2329 2358 2357)
4(2357 2358 2387 2386)
4(2386 2387 2416 2415)
4(2415 2416 2445 2444)
4(2444 2445 2474 2473)
4(2473 2474 2503 2502)
4(2502 2503 2532 2531)
4(2531 2532 2561 2560)
4(2560 2561 2590 2589)
4(2589 2590 2619 2618)
4(2618 2619 2648 2647)
4(2647 2648 2677 2676)
4(2676 2677 2706 2705)
4(2705 2706 2735 2734)
4(2734 2735 2764 2763)
4(2763 2764 2793 2792)
4(2792 2793 2822 2821)
4(2821 2822 2851 2850)
4(2850 2851 2880 2879)
4(2879 2880 2909 2908)
4(2908 2909 2938 2937)
4(2937 2938 2967 2966)
4(2966 2967 2996 2995)
4(2995 2996 3025 3024)
4(3024 3025 3054 3053)
4(3053 3054 3083 3082)
4(3082 3083 3112 3111)
4(2068 2069 2098 2097)
4(2097 2098 2127 2126)
4(2126 2127 2156 2155)
4(2155 2156 2185 2184)
4(2184 2185 2214 2213)
4(2213 2214 2243 2242)
4(2242 2243 2272 2271)
4(2271 2272 2301 2300)
4(2300 2301 2330 2329)
4(2329 2330 2359 2358)
4(2358 2359 2388 2387)
4(2387 2388 2417 2416)
4(2416 2417 2446 2445)
4(2445 2446 2475 2474)
4(2474 2475 2504 2503)
4(2503 2504 2533 2532)
4(2532 2533 2562 2561)
4(2561 2562 2591 2590)
4(2590 2591 2620 2619)
4(2619 2620 2649 2648)
4(2648 2649 2678 2677)
4(2677 2678 2707 2706)
4(2706 2707 2736 2735)
4(2735 2736 2765 2764)
4(2764 2765 2794 2793)
4(2793 2794 2823 2822)
4(2822 2823 2852 2851)
4(2851 2852 2881 2880)
4(2880 2881 2910 2909)
4(2909 2910 2939 2938)
4(2938 2939 2968 2967)
4(2967 2968 2997 2996)
4(2996 2997 3026 3025)
4(3025 3026 3055 3054)
4(3054 3055 3084 3083)
4(3083 3084 3113 3112)
4(2069 2070 2099 2098)
4(2098 2099 2128 2127)
4(2127 2128 2157 2156)
4(2156 2157 2186 2185)
4(2185 2186 2215 2214)
4(2214 2215 2244 2243)
4(2243 2244 2273 2272)
4(2272 2273 2302 2301)
4(2301 2302 2331 2330)
4(2330 2331 2360 2359)
4(2359 2360 2389 2388)
4(2388 2389 2418 2417)
4(2417 2418 2447 2446)
4(2446 2447 2476 2475)
4(2475 2476 2505 2504)
4(2504 2505 2534 2533)
4(2533 2534 2563 2562)
4(2562 2563 2592 2591)
4(2591 2592 2621 2620)
4(2620 2621 2650 2649)
4(2649 2650 2679 2678)
4(2678 2679 2708 2707)
4(2707 2708 2737 2736)
4(2736 2737 2766 2765)
4(2765 2766 2795 2794)
4(2794 2795 2824 2823)
4(2823 2824 2853 2852)
4(2852 2853 2882 2881)
4(2881 2882 2911 2910)
4(2910 2911 2940 2939)
4(2939 2940 2969 2968)
4(2968 2969 2998 2997)
4(2997 2998 3027 3026)
4(3026 3027 3056 3055)
4(3055 3056 3085 3084)
4(3084 3085 3114 3113)
4(2070 2071 2100 2099)
4(2099 2100 2129 2128)
4(2128 2129 2158 2157)
4(2157 2158 2187 2186)
4(2186 2187 2216 2215)
4(2215 2216 2245 2244)
4(2244 2245 2274 2273)
4(2273 2274 2303 2302)
4(2302 2303 2332 2331)
4(2331 2332 2361 2360)
4(2360 2361 2390 2389)
4(2389 2390 2419 2418)
4(2418 2419 2448 2447)
4(2447 2448 2477 2476)
4(2476 2477 2506 2505)
4(2505 2506 2535 2534)
4(2534 2535 2564 2563)
4(2563 2564 2593 2592)
4(2592 2593 2622 2621)
4(2621 2622 2651 2650)
4(2650 2651 2680 2679)
4(2679 2680 2709 2708)
4(2708 2709 2738 2737)
4(2737 2738 2767 2766)
4(2766 2767 2796 2795)
4(2795 2796 2825 2824)
4(2824 2825 2854 2853)
4(2853 2854 2883 2882)
4(2882 2883 2912 2911)
4(2911 2912 2941 2940)
4(2940 2941 2970 2969)
4(2969 2970 2999 2998)
4(2998 2999 3028 3027)
4(3027 3028 3057 3056)
4(3056 3057 3086 3085)
4(3085 3086 3115 3114)
4(2071 2072 2101 2100)
4(2100 2101 2130 2129)
4(2129 2130 2159 2158)
4(2158 2159 2188 2187)
4(2187 2188 2217 2216)
4(2216 2217 2246 2245)
4(2245 2246 2275 2274)
4(2274 2275 2304 2303)
4(2303 2304 2333 2332)
4(2332 2333 2362 2361)
4(2361 2362 2391 2390)
4(2390 2391 2420 2419)
4(2419 2420 2449 2448)
4(2448 2449 2478 2477)
4(2477 2478 2507 2506)
4(2506 2507 2536 2535)
4(2535 2536 2565 2564)
4(2564 2565 2594 2593)
4(2593 2594 2623 2622)
4(2622 2623 2652 2651)
4(2651 2652 2681 2680)
4(2680 2681 2710 2709)
4(2709 2710 2739 2738)
4(2738 2739 2768 2767)
4(2767 2768 2797 2796)
4(2796 2797 2826 2825)
4(2825 2826 2855 2854)
4(2854 2855 2884 2883)
4(2883 2884 2913 2912)
4(2912 2913 2942 2941)
4(2941 2942 2971 2970)
4(2970 2971 3000 2999)
4(2999 3000 3029 3028)
4(3028 3029 3058 3057)
4(3057 3058 3087 3086)
4(3086 3087 3116 3115)
4(2072 2073 2102 2101)
4(2101 2102 2131 2130)
4(2130 2131 2160 2159)
4(2159 2160 2189 2188)
4(2188 2189 2218 2217)
4(2217 2218 2247 2246)
4(2246 2247 2276 2275)
4(2275 2276 2305 2304)
4(2304 2305 2334 2333)
4(2333 2334 2363 2362)
4(2362 2363 2392 2391)
4(2391 2392 2421 2420)
4(2420 2421 2450 2449)
4(2449 2450 2479 2478)
4(2478 2479 2508 2507)
4(2507 2508 2537 2536)
4(2536 2537 2566 2565)
4(2565 2566 2595 2594)
4(2594 2595 2624 2623)
4(2623 2624 2653 2652)
4(2652 2653 2682 2681)
4(2681 2682 2711 2710)
4(2710 2711 2740 2739)
4(2739 2740 2769 2768)
4(2768 2769 2798 2797)
4(2797 2798 2827 2826)
4(2826 2827 2856 2855)
4(2855 2856 2885 2884)
4(2884 2885 2914 2913)
4(2913 2914 2943 2942)
4(2942 2943 2972 2971)
4(2971 2972 3001 3000)
4(3000 3001 3030 3029)
4(3029 3030 3059 3058)
4(3058 3059 3088 3087)
4(3087 3088 3117 3116)
4(2073 2074 2103 2102)
4(2102 2103 2132 2131)
4(2131 2132 2161 2160)
4(2160 2161 2190 2189)
4(2189 2190 2219 2218)
4(2218 2219 2248 2247)
4(2247 2248 2277 2276)
4(2276 2277 2306 2305)
4(2305 2306 2335 2334)
4(2334 2335 2364 2363)
4(2363 2364 2393 2392)
4(2392 2393 2422 2421)
4(2421 2422 2451 2450)
4(2450 2451 2480 2479)
4(2479 2480 2509 2508)
4(2508 2509 2538 2537)
4(2537 2538 2567 2566)
4(2566 2567 2596 2595)
4(2595 2596 2625 2624)
4(2624 2625 2654 2653)
4(2653 2654 2683 2682)
4(2682 2683 2712 2711)
4(2711 2712 2741 2740)
4(2740 2741 2770 2769)
4(2769 2770 2799 2798)
4(2798 2799 2828 2827)
4(2827 2828 2857 2856)
4(2856 2857 2886 2885)
4(2885 2886 2915 2914)
4(2914 2915 2944 2943)
4(2943 2944 2973 2972)
4(2972 2973 3002 3001)
4(3001 3002 3031 3030)
4(3030 3031 3060 3059)
4(3059 3060 3089 3088)
4(3088 3089 3118 3117)
4(2074 2075 2104 2103)
4(2103 2104 2133 2132)
4(2132 2133 2162 2161)
4(2161 2162 2191 2190)
4(2190 2191 2220 2219)
4(2219 2220 2249 2248)
4(2248 2249 2278 2277)
4(2277 2278 2307 2306)
4(2306 2307 2336 2335)
4(2335 2336 2365 2364)
4(2364 2365 2394 2393)
4(2393 2394 2423 2422)
4(2422 2423 2452 2451)
4(2451 2452 2481 2480)
4(2480 2481 2510 2509)
4(2509 2510 2539 2538)
4(2538 2539 2568 2567)
4(2567 2568 2597 2596)
4(2596 2597 2626 2625)
4(2625 2626 2655 2654)
4(2654 2655 2684 2683)
4(2683 2684 2713 2712)
4(2712 2713 2742 2741)
4(2741 2742 2771 2770)
4(2770 2771 2800 2799)
4(2799 2800 2829 2828)
4(2828 2829 2858 2857)
4(2857 2858 2887 2886)
4(2886 2887 2916 2915)
4(2915 2916 2945 2944)
4(2944 2945 2974 2973)
4(2973 2974 3003 3002)
4(3002 3003 3032 3031)
4(3031 3032 3061 3060)
4(3060 3061 3090 3089)
4(3089 3090 3119 3118)
4(2075 2076 2105 2104)
4(2104 2105 2134 2133)
4(2133 2134 2163 2162)
4(2162 2163 2192 2191)
4(2191 2192 2221 2220)
4(2220 2221 2250 2249)
4(2249 2250 2279 2278)
4(2278 2279 2308 2307)
4(2307 2308 2337 2336)
4(2336 2337 2366 2365)
4(2365 2366 2395 2394)
4(2394 2395 2424 2423)
4(2423 2424 2453 2452)
4(2452 2453 2482 2481)
4(2481 2482 2511 2510)
4(2510 2511 2540 2539)
4(2539 2540 2569 2568)
4(2568 2569 2598 2597)
4(2597 2598 2627 2626)
4(2626 2627 2656 2655)
4(2655 2656 2685 2684)
4(2684 2685 2714 2713)
4(2713 2714 2743 2742)
4(2742 2743 2772 2771)
4(2771 2772 2801 2800)
4(2800 2801 2830 2829)
4(2829 2830 2859 2858)
4(2858 2859 2888 2887)
4(2887 2888 2917 2916)
4(2916 2917 2946 2945)
4(2945 2946 2975 2974)
4(2974 2975 3004 3003)
4(3003 3004 3033 3032)
4(3032 3033 3062 3061)
4(3061 3062 3091 3090)
4(3090 3091 3120 3119)
4(2076 2077 2106 2105)
4(2105 2106 2135 2134)
4(2134 2135 2164 2163)
4(2163 2164 2193 2192)
4(2192 2193 2222 2221)
4(2221 2222 2251 2250)
4(2250 2251 2280 2279)
4(2279 2280 2309 2308)
4(2308 2309 2338 2337)
4(2337 2338 2367 2366)
4(2366 2367 2396 2395)
4(2395 2396 2425 2424)
4(2424 2425 2454 2453)
4(2453 2454 2483 2482)
4(2482 2483 2512 2511)
4(2511 2512 2541 2540)
4(2540 2541 2570 2569)
4(2569 2570 2599 2598)
4(2598 2599 2628 2627)
4(2627 2628 2657 2656)
4(2656 2657 2686 2685)
4(2685 2686 2715 2714)
4(2714 2715 2744 2743)
4(2743 2744 2773 2772)
4(2772 2773 2802 2801)
4(2801 2802 2831 2830)
4(2830 2831 2860 2859)
4(2859 2860 2889 2888)
4(2888 2889 2918 2917)
4(2917 2918 2947 2946)
4(2946 2947 2976 2975)
4(2975 2976 3005 3004)
4(3004 3005 3034 3033)
4(3033 3034 3063 3062)
4(3062 3063 3092 3091)
4(3091 3092 3121 3120)
4(2077 2078 2107 2106)
4(2106 2107 2136 2135)
4(2135 2136 2165 2164)
4(2164 2165 2194 2193)
4(2193 2194 2223 2222)
4(2222 2223 2252 2251)
4(2251 2252 2281 2280)
4(2280 2281 2310 2309)
4(2309 2310 2339 2338)
4(2338 2339 2368 2367)
4(2367 2368 2397 2396)
4(2396 2397 2426 2425)
4(2425 2426 2455 2454)
4(2454 2455 2484 2483)
4(2483 2484 2513 2512)
4(2512 2513 2542 2541)
4(2541 2542 2571 2570)
4(2570 2571 2600 2599)
4(2599 2600 2629 2628)
4(2628 2629 2658 2657)
4(2657 2658 2687 2686)
4(2686 2687 2716 2715)
4(2715 2716 2745 2744)
4(2744 2745 2774 2773)
4(2773 2774 2803 2802)
4(2802 2803 2832 2831)
4(2831 2832 2861 2860)
4(2860 2861 2890 2889)
4(2889 2890 2919 2918)
4(2918 2919 2948 2947)
4(2947 2948 2977 2976)
4(2976 2977 3006 3005)
4(3005 3006 3035 3034)
4(3034 3035 3064 3063)
4(3063 3064 3093 3092)
4(3092 3093 3122 3121)
4(2078 2079 2108 2107)
4(2107 2108 2137 2136)
4(2136 2137 2166 2165)
4(2165 2166 2195 2194)
4(2194 2195 2224 2223)
4(2223 2224 2253 2252)
4(2252 2253 2282 2281)
4(2281 2282 2311 2310)
4(2310 2311 2340 2339)
4(2339 2340 2369 2368)
4(2368 2369 2398 2397)
4(2397 2398 2427 2426)
4(2426 2427 2456 2455)
4(2455 2456 2485 2484)
4(2484 2485 2514 2513)
4(2513 2514 2543 2542)
4(2542 2543 2572 2571)
4(2571 2572 2601 2600)
4(2600 2601 2630 2629)
4(2629 2630 2659 2658)
4(2658 2659 2688 2687)
4(2687 2688 2717 2716)
4(2716 2717 2746 2745)
4(2745 2746 2775 2774)
4(2774 2775 2804 2803)
4(2803 2804 2833 2832)
4(2832 2833 2862 2861)
4(2861 2862 2891 2890)
4(2890 2891 2920 2919)
4(2919 2920 2949 2948)
4(2948 2949 2978 2977)
4(2977 2978 3007 3006)
4(3006 3007 3036 3035)
4(3035 3036 3065 3064)
4(3064 3065 3094 3093)
4(3093 3094 3123 3122)
4(2079 2080 2109 2108)
4(2108 2109 2138 2137)
4(2137 2138 2167 2166)
4(2166 2167 2196 2195)
4(2195 2196 2225 2224)
4(2224 2225 2254 2253)
4(2253 2254 2283 2282)
4(2282 2283 2312 2311)
4(2311 2312 2341 2340)
4(2340 2341 2370 2369)
4(2369 2370 2399 2398)
4(2398 2399 2428 2427)
4(2427 2428 2457 2456)
4(2456 2457 2486 2485)
4(2485 2486 2515 2514)
4(2514 2515 2544 2543)
4(2543 2544 2573 2572)
4(2572 2573 2602 2601)
4(2601 2602 2631 2630)
4(2630 2631 2660 2659)
4(2659 2660 2689 2688)
4(2688 2689 2718 2717)
4(2717 2718 2747 2746)
4(2746 2747 2776 2775)
4(2775 2776 2805 2804)
4(2804 2805 2834 2833)
4(2833 2834 2863 2862)
4(2862 2863 2892 2891)
4(2891 2892 2921 2920)
4(2920 2921 2950 2949)
4(2949 2950 2979 2978)
4(2978 2979 3008 3007)
4(3007 3008 3037 3036)
4(3036 3037 3066 3065)
4(3065 3066 3095 3094)
4(3094 3095 3124 3123)
4(2080 2081 2110 2109)
4(2109 2110 2139 2138)
4(2138 2139 2168 2167)
4(2167 2168 2197 2196)
4(2196 2197 2226 2225)
4(2225 2226 2255 2254)
4(2254 2255 2284 2283)
4(2283 2284 2313 2312)
4(2312 2313 2342 2341)
4(2341 2342 2371 2370)
4(2370 2371 2400 2399)
4(2399 2400 2429 2428)
4(2428 2429 2458 2457)
4(2457 2458 2487 2486)
4(2486 2487 2516 2515)
4(2515 2516 2545 2544)
4(2544 2545 2574 2573)
4(2573 2574 2603 2602)
4(2602 2603 2632 2631)
4(2631 2632 2661 2660)
4(2660 2661 2690 2689)
4(2689 2690 2719 2718)
4(2718 2719 2748 2747)
4(2747 2748 2777 2776)
4(2776 2777 2806 2805)
4(2805 2806 2835 2834)
4(2834 2835 2864 2863)
4(2863 2864 2893 2892)
4(2892 2893 2922 2921)
4(2921 2922 2951 2950)
4(2950 2951 2980 2979)
4(2979 2980 3009 3008)
4(3008 3009 3038 3037)
4(3037 3038 3067 3066)
4(3066 3067 3096 3095)
4(3095 3096 3125 3124)
4(2081 2082 2111 2110)
4(2110 2111 2140 2139)
4(2139 2140 2169 2168)
4(2168 2169 2198 2197)
4(2197 2198 2227 2226)
4(2226 2227 2256 2255)
4(2255 2256 2285 2284)
4(2284 2285 2314 2313)
4(2313 2314 2343 2342)
4(2342 2343 2372 2371)
4(2371 2372 2401 2400)
4(2400 2401 2430 2429)
4(2429 2430 2459 2458)
4(2458 2459 2488 2487)
4(2487 2488 2517 2516)
4(2516 2517 2546 2545)
4(2545 2546 2575 2574)
4(2574 2575 2604 2603)
4(2603 2604 2633 2632)
4(2632 2633 2662 2661)
4(2661 2662 2691 2690)
4(2690 2691 2720 2719)
4(2719 2720 2749 2748)
4(2748 2749 2778 2777)
4(2777 2778 2807 2806)
4(2806 2807 2836 2835)
4(2835 2836 2865 2864)
4(2864 2865 2894 2893)
4(2893 2894 2923 2922)
4(2922 2923 2952 2951)
4(2951 2952 2981 2980)
4(2980 2981 3010 3009)
4(3009 3010 3039 3038)
4(3038 3039 3068 3067)
4(3067 3068 3097 3096)
4(3096 3097 3126 3125)
4(2082 2083 2112 2111)
4(2111 2112 2141 2140)
4(2140 2141 2170 2169)
4(2169 2170 2199 2198)
4(2198 2199 2228 2227)
4(2227 2228 2257 2256)
4(2256 2257 2286 2285)
4(2285 2286 2315 2314)
4(2314 2315 2344 2343)
4(2343 2344 2373 2372)
4(2372 2373 2402 2401)
4(2401 2402 2431 2430)
4(2430 2431 2460 2459)
4(2459 2460 2489 2488)
4(2488 2489 2518 2517)
4(2517 2518 2547 2546)
4(2546 2547 2576 2575)
4(2575 2576 2605 2604)
4(2604 2605 2634 2633)
4(2633 2634 2663 2662)
4(2662 2663 2692 2691)
4(2691 2692 2721 2720)
4(2720 2721 2750 2749)
4(2749 2750 2779 2778)
4(2778 2779 2808 2807)
4(2807 2808 2837 2836)
4(2836 2837 2866 2865)
4(2865 2866 2895 2894)
4(2894 2895 2924 2923)
4(2923 2924 2953 2952)
4(2952 2953 2982 2981)
4(2981 2982 3011 3010)
4(3010 3011 3040 3039)
4(3039 3040 3069 3068)
4(3068 3069 3098 3097)
4(3097 3098 3127 3126)
4(2083 2084 2113 2112)
4(2112 2113 2142 2141)
4(2141 2142 2171 2170)
4(2170 2171 2200 2199)
4(2199 2200 2229 2228)
4(2228 2229 2258 2257)
4(2257 2258 2287 2286)
4(2286 2287 2316 2315)
4(2315 2316 2345 2344)
4(2344 2345 2374 2373)
4(2373 2374 2403 2402)
4(2402 2403 2432 2431)
4(2431 2432 2461 2460)
4(2460 2461 2490 2489)
4(2489 2490 2519 2518)
4(2518 2519 2548 2547)
4(2547 2548 2577 2576)
4(2576 2577 2606 2605)
4(2605 2606 2635 2634)
4(2634 2635 2664 2663)
4(2663 2664 2693 2692)
4(2692 2693 2722 2721)
4(2721 2722 2751 2750)
4(2750 2751 2780 2779)
4(2779 2780 2809 2808)
4(2808 2809 2838 2837)
4(2837 2838 2867 2866)
4(2866 2867 2896 2895)
4(2895 2896 2925 2924)
4(2924 2925 2954 2953)
4(2953 2954 2983 2982)
4(2982 2983 3012 3011)
4(3011 3012 3041 3040)
4(3040 3041 3070 3069)
4(3069 3070 3099 3098)
4(3098 3099 3128 3127)
4(2084 2085 2114 2113)
4(2113 2114 2143 2142)
4(2142 2143 2172 2171)
4(2171 2172 2201 2200)
4(2200 2201 2230 2229)
4(2229 2230 2259 2258)
4(2258 2259 2288 2287)
4(2287 2288 2317 2316)
4(2316 2317 2346 2345)
4(2345 2346 2375 2374)
4(2374 2375 2404 2403)
4(2403 2404 2433 2432)
4(2432 2433 2462 2461)
4(2461 2462 2491 2490)
4(2490 2491 2520 2519)
4(2519 2520 2549 2548)
4(2548 2549 2578 2577)
4(2577 2578 2607 2606)
4(2606 2607 2636 2635)
4(2635 2636 2665 2664)
4(2664 2665 2694 2693)
4(2693 2694 2723 2722)
4(2722 2723 2752 2751)
4(2751 2752 2781 2780)
4(2780 2781 2810 2809)
4(2809 2810 2839 2838)
4(2838 2839 2868 2867)
4(2867 2868 2897 2896)
4(2896 2897 2926 2925)
4(2925 2926 2955 2954)
4(2954 2955 2984 2983)
4(2983 2984 3013 3012)
4(3012 3013 3042 3041)
4(3041 3042 3071 3070)
4(3070 3071 3100 3099)
4(3099 3100 3129 3128)
4(2085 2086 2115 2114)
4(2114 2115 2144 2143)
4(2143 2144 2173 2172)
4(2172 2173 2202 2201)
4(2201 2202 2231 2230)
4(2230 2231 2260 2259)
4(2259 2260 2289 2288)
4(2288 2289 2318 2317)
4(2317 2318 2347 2346)
4(2346 2347 2376 2375)
4(2375 2376 2405 2404)
4(2404 2405 2434 2433)
4(2433 2434 2463 2462)
4(2462 2463 2492 2491)
4(2491 2492 2521 2520)
4(2520 2521 2550 2549)
4(2549 2550 2579 2578)
4(2578 2579 2608 2607)
4(2607 2608 2637 2636)
4(2636 2637 2666 2665)
4(2665 2666 2695 2694)
4(2694 2695 2724 2723)
4(2723 2724 2753 2752)
4(2752 2753 2782 2781)
4(2781 2782 2811 2810)
4(2810 2811 2840 2839)
4(2839 2840 2869 2868)
4(2868 2869 2898 2897)
4(2897 2898 2927 2926)
4(2926 2927 2956 2955)
4(2955 2956 2985 2984)
4(2984 2985 3014 3013)
4(3013 3014 3043 3042)
4(3042 3043 3072 3071)
4(3071 3072 3101 3100)
4(3100 3101 3130 3129)
4(2086 2087 2116 2115)
4(2115 2116 2145 2144)
4(2144 2145 2174 2173)
4(2173 2174 2203 2202)
4(2202 2203 2232 2231)
4(2231 2232 2261 2260)
4(2260 2261 2290 2289)
4(2289 2290 2319 2318)
4(2318 2319 2348 2347)
4(2347 2348 2377 2376)
4(2376 2377 2406 2405)
4(2405 2406 2435 2434)
4(2434 2435 2464 2463)
4(2463 2464 2493 2492)
4(2492 2493 2522 2521)
4(2521 2522 2551 2550)
4(2550 2551 2580 2579)
4(2579 2580 2609 2608)
4(2608 2609 2638 2637)
4(2637 2638 2667 2666)
4(2666 2667 2696 2695)
4(2695 2696 2725 2724)
4(2724 2725 2754 2753)
4(2753 2754 2783 2782)
4(2782 2783 2812 2811)
4(2811 2812 2841 2840)
4(2840 2841 2870 2869)
4(2869 2870 2899 2898)
4(2898 2899 2928 2927)
4(2927 2928 2957 2956)
4(2956 2957 2986 2985)
4(2985 2986 3015 3014)
4(3014 3015 3044 3043)
4(3043 3044 3073 3072)
4(3072 3073 3102 3101)
4(3101 3102 3131 3130)
4(521 3302 3312 550)
4(550 3312 3322 579)
4(579 3322 3332 608)
4(608 3332 3342 637)
4(637 3342 3352 666)
4(666 3352 3362 695)
4(695 3362 3372 724)
4(724 3372 3382 753)
4(753 3382 3392 782)
4(782 3392 3402 811)
4(811 3402 3412 840)
4(840 3412 3422 869)
4(869 3422 3432 898)
4(898 3432 3442 927)
4(927 3442 3452 956)
4(956 3452 3462 985)
4(3302 3303 3313 3312)
4(3312 3313 3323 3322)
4(3322 3323 3333 3332)
4(3332 3333 3343 3342)
4(3342 3343 3353 3352)
4(3352 3353 3363 3362)
4(3362 3363 3373 3372)
4(3372 3373 3383 3382)
4(3382 3383 3393 3392)
4(3392 3393 3403 3402)
4(3402 3403 3413 3412)
4(3412 3413 3423 3422)
4(3422 3423 3433 3432)
4(3432 3433 3443 3442)
4(3442 3443 3453 3452)
4(3452 3453 3463 3462)
4(3303 3304 3314 3313)
4(3313 3314 3324 3323)
4(3323 3324 3334 3333)
4(3333 3334 3344 3343)
4(3343 3344 3354 3353)
4(3353 3354 3364 3363)
4(3363 3364 3374 3373)
4(3373 3374 3384 3383)
4(3383 3384 3394 3393)
4(3393 3394 3404 3403)
4(3403 3404 3414 3413)
4(3413 3414 3424 3423)
4(3423 3424 3434 3433)
4(3433 3434 3444 3443)
4(3443 3444 3454 3453)
4(3453 3454 3464 3463)
4(3304 3305 3315 3314)
4(3314 3315 3325 3324)
4(3324 3325 3335 3334)
4(3334 3335 3345 3344)
4(3344 3345 3355 3354)
4(3354 3355 3365 3364)
4(3364 3365 3375 3374)
4(3374 3375 3385 3384)
4(3384 3385 3395 3394)
4(3394 3395 3405 3404)
4(3404 3405 3415 3414)
4(3414 3415 3425 3424)
4(3424 3425 3435 3434)
4(3434 3435 3445 3444)
4(3444 3445 3455 3454)
4(3454 3455 3465 3464)
4(3305 3306 3316 3315)
4(3315 3316 3326 3325)
4(3325 3326 3336 3335)
4(3335 3336 3346 3345)
4(3345 3346 3356 3355)
4(3355 3356 3366 3365)
4(3365 3366 3376 3375)
4(3375 3376 3386 3385)
4(3385 3386 3396 3395)
4(3395 3396 3406 3405)
4(3405 3406 3416 3415)
4(3415 3416 3426 3425)
4(3425 3426 3436 3435)
4(3435 3436 3446 3445)
4(3445 3446 3456 3455)
4(3455 3456 3466 3465)
4(3306 3307 3317 3316)
4(3316 3317 3327 3326)
4(3326 3327 3337 3336)
4(3336 3337 3347 3346)
4(3346 3347 3357 3356)
4(3356 3357 3367 3366)
4(3366 3367 3377 3376)
4(3376 3377 3387 3386)
4(3386 3387 3397 3396)
4(3396 3397 3407 3406)
4(3406 3407 3417 3416)
4(3416 3417 3427 3426)
4(3426 3427 3437 3436)
4(3436 3437 3447 3446)
4(3446 3447 3457 3456)
4(3456 3457 3467 3466)
4(3307 3308 3318 3317)
4(3317 3318 3328 3327)
4(3327 3328 3338 3337)
4(3337 3338 3348 3347)
4(3347 3348 3358 3357)
4(3357 3358 3368 3367)
4(3367 3368 3378 3377)
4(3377 3378 3388 3387)
4(3387 3388 3398 3397)
4(3397 3398 3408 3407)
4(3407 3408 3418 3417)
4(3417 3418 3428 3427)
4(3427 3428 3438 3437)
4(3437 3438 3448 3447)
4(3447 3448 3458 3457)
4(3457 3458 3468 3467)
4(3308 3309 3319 3318)
4(3318 3319 3329 3328)
4(3328 3329 3339 3338)
4(3338 3339 3349 3348)
4(3348 3349 3359 3358)
4(3358 3359 3369 3368)
4(3368 3369 3379 3378)
4(3378 3379 3389 3388)
4(3388 3389 3399 3398)
4(3398 3399 3409 3408)
4(3408 3409 3419 3418)
4(3418 3419 3429 3428)
4(3428 3429 3439 3438)
4(3438 3439 3449 3448)
4(3448 3449 3459 3458)
4(3458 3459 3469 3468)
4(3309 3310 3320 3319)
4(3319 3320 3330 3329)
4(3329 3330 3340 3339)
4(3339 3340 3350 3349)
4(3349 3350 3360 3359)
4(3359 3360 3370 3369)
4(3369 3370 3380 3379)
4(3379 3380 3390 3389)
4(3389 3390 3400 3399)
4(3399 3400 3410 3409)
4(3409 3410 3420 3419)
4(3419 3420 3430 3429)
4(3429 3430 3440 3439)
4(3439 3440 3450 3449)
4(3449 3450 3460 3459)
4(3459 3460 3470 3469)
4(3310 3311 3321 3320)
4(3320 3321 3331 3330)
4(3330 3331 3341 3340)
4(3340 3341 3351 3350)
4(3350 3351 3361 3360)
4(3360 3361 3371 3370)
4(3370 3371 3381 3380)
4(3380 3381 3391 3390)
4(3390 3391 3401 3400)
4(3400 3401 3411 3410)
4(3410 3411 3421 3420)
4(3420 3421 3431 3430)
4(3430 3431 3441 3440)
4(3440 3441 3451 3450)
4(3450 3451 3461 3460)
4(3460 3461 3471 3470)
4(2087 3841 3850 2116)
4(2116 3850 3860 2145)
4(2145 3860 3870 2174)
4(2174 3870 3880 2203)
4(2203 3880 3890 2232)
4(2232 3890 3900 2261)
4(2261 3900 3910 2290)
4(2290 3910 3920 2319)
4(2319 3920 3930 2348)
4(2348 3930 3940 2377)
4(2377 3940 3950 2406)
4(2406 3950 3960 2435)
4(2435 3960 3970 2464)
4(2464 3970 3980 2493)
4(2493 3980 3990 2522)
4(2522 3990 4000 2551)
4(2551 4000 4010 2580)
4(2580 4010 4020 2609)
4(2609 4020 4030 2638)
4(2638 4030 4040 2667)
4(2667 4040 4050 2696)
4(2696 4050 4060 2725)
4(2725 4060 4070 2754)
4(2754 4070 4080 2783)
4(2783 4080 4090 2812)
4(2812 4090 4100 2841)
4(2841 4100 4110 2870)
4(2870 4110 4120 2899)
4(2899 4120 4130 2928)
4(2928 4130 4140 2957)
4(2957 4140 4150 2986)
4(2986 4150 4160 3015)
4(3015 4160 4170 3044)
4(3044 4170 4180 3073)
4(3073 4180 4190 3102)
4(3102 4190 4200 3131)
4(3841 3842 3851 3850)
4(3850 3851 3861 3860)
4(3860 3861 3871 3870)
4(3870 3871 3881 3880)
4(3880 3881 3891 3890)
4(3890 3891 3901 3900)
4(3900 3901 3911 3910)
4(3910 3911 3921 3920)
4(3920 3921 3931 3930)
4(3930 3931 3941 3940)
4(3940 3941 3951 3950)
4(3950 3951 3961 3960)
4(3960 3961 3971 3970)
4(3970 3971 3981 3980)
4(3980 3981 3991 3990)
4(3990 3991 4001 4000)
4(4000 4001 4011 4010)
4(4010 4011 4021 4020)
4(4020 4021 4031 4030)
4(4030 4031 4041 4040)
4(4040 4041 4051 4050)
4(4050 4051 4061 4060)
4(4060 4061 4071 4070)
4(4070 4071 4081 4080)
4(4080 4081 4091 4090)
4(4090 4091 4101 4100)
4(4100 4101 4111 4110)
4(4110 4111 4121 4120)
4(4120 4121 4131 4130)
4(4130 4131 4141 4140)
4(4140 4141 4151 4150)
4(4150 4151 4161 4160)
4(4160 4161 4171 4170)
4(4170 4171 4181 4180)
4(4180 4181 4191 4190)
4(4190 4191 4201 4200)
4(3842 3843 3852 3851)
4(3851 3852 3862 3861)
4(3861 3862 3872 3871)
4(3871 3872 3882 3881)
4(3881 3882 3892 3891)
4(3891 3892 3902 3901)
4(3901 3902 3912 3911)
4(3911 3912 3922 3921)
4(3921 3922 3932 3931)
4(3931 3932 3942 3941)
4(3941 3942 3952 3951)
4(3951 3952 3962 3961)
4(3961 3962 3972 3971)
4(3971 3972 3982 3981)
4(3981 3982 3992 3991)
4(3991 3992 4002 4001)
4(4001 4002 4012 4011)
4(4011 4012 4022 4021)
4(4021 4022 4032 4031)
4(4031 4032 4042 4041)
4(4041 4042 4052 4051)
4(4051 4052 4062 4061)
4(4061 4062 4072 4071)
4(4071 4072 4082 4081)
4(4081 4082 4092 4091)
4(4091 4092 4102 4101)
4(4101 4102 4112 4111)
4(4111 4112 4122 4121)
4(4121 4122 4132 4131)
4(4131 4132 4142 4141)
4(4141 4142 4152 4151)
4(4151 4152 4162 4161)
4(4161 4162 4172 4171)
4(4171 4172 4182 4181)
4(4181 4182 4192 4191)
4(4191 4192 4202 4201)
4(3843 3844 3853 3852)
4(3852 3853 3863 3862)
4(3862 3863 3873 3872)
4(3872 3873 3883 3882)
4(3882 3883 3893 3892)
4(3892 3893 3903 3902)
4(3902 3903 3913 3912)
4(3912 3913 3923 3922)
4(3922 3923 3933 3932)
4(3932 3933 3943 3942)
4(3942 3943 3953 3952)
4(3952 3953 3963 3962)
4(3962 3963 3973 3972)
4(3972 3973 3983 3982)
4(3982 3983 3993 3992)
4(3992 3993 4003 4002)
4(4002 4003 4013 4012)
4(4012 4013 4023 4022)
4(4022 4023 4033 4032)
4(4032 4033 4043 4042)
4(4042 4043 4053 4052)
4(4052 4053 4063 4062)
4(4062 4063 4073 4072)
4(4072 4073 4083 4082)
4(4082 4083 4093 4092)
4(4092 4093 4103 4102)
4(4102 4103 4113 4112)
4(4112 4113 4123 4122)
4(4122 4123 4133 4132)
4(4132 4133 4143 4142)
4(4142 4143 4153 4152)
4(4152 4153 4163 4162)
4(4162 4163 4173 4172)
4(4172 4173 4183 4182)
4(4182 4183 4193 4192)
4(4192 4193 4203 4202)
4(3844 3845 3854 3853)
4(3853 3854 3864 3863)
4(3863 3864 3874 3873)
4(3873 3874 3884 3883)
4(3883 3884 3894 3893)
4(3893 3894 3904 3903)
4(3903 3904 3914 3913)
4(3913 3914 3924 3923)
4(3923 3924 3934 3933)
4(3933 3934 3944 3943)
4(3943 3944 3954 3953)
4(3953 3954 3964 3963)
4(3963 3964 3974 3973)
4(3973 3974 3984 3983)
4(3983 3984 3994 3993)
4(3993 3994 4004 4003)
4(4003 4004 4014 4013)
4(4013 4014 4024 4023)
4(4023 4024 4034 4033)
4(4033 4034 4044 4043)
4(4043 4044 4054 4053)
4(4053 4054 4064 4063)
4(4063 4064 4074 4073)
4(4073 4074 4084 4083)
4(4083 4084 4094 4093)
4(4093 4094 4104 4103)
4(4103 4104 4114 4113)
4(4113 4114 4124 4123)
4(4123 4124 4134 4133)
4(4133 4134 4144 4143)
4(4143 4144 4154 4153)
4(4153 4154 4164 4163)
4(4163 4164 4174 4173)
4(4173 4174 4184 4183)
4(4183 4184 4194 4193)
4(4193 4194 4204 4203)
4(3845 3846 3855 3854)
4(3854 3855 3865 3864)
4(3864 3865 3875 3874)
4(3874 3875 3885 3884)
4(3884 3885 3895 3894)
4(3894 3895 3905 3904)
4(3904 3905 3915 3914)
4(3914 3915 3925 3924)
4(3924 3925 3935 3934)
4(3934 3935 3945 3944)
4(3944 3945 3955 3954)
4(3954 3955 3965 3964)
4(3964 3965 3975 3974)
4(3974 3975 3985 3984)
4(3984 3985 3995 3994)
4(3994 3995 4005 4004)
4(4004 4005 4015 4014)
4(4014 4015 4025 4024)
4(4024 4025 4035 4034)
4(4034 4035 4045 4044)
4(4044 4045 4055 4054)
4(4054 4055 4065 4064)
4(4064 4065 4075 4074)
4(4074 4075 4085 4084)
4(4084 4085 4095 4094)
4(4094 4095 4105 4104)
4(4104 4105 4115 4114)
4(4114 4115 4125 4124)
4(4124 4125 4135 4134)
4(4134 4135 4145 4144)
4(4144 4145 4155 4154)
4(4154 4155 4165 4164)
4(4164 4165 4175 4174)
4(4174 4175 4185 4184)
4(4184 4185 4195 4194)
4(4194 4195 4205 4204)
4(3846 3847 3856 3855)
4(3855 3856 3866 3865)
4(3865 3866 3876 3875)
4(3875 3876 3886 3885)
4(3885 3886 3896 3895)
4(3895 3896 3906 3905)
4(3905 3906 3916 3915)
4(3915 3916 3926 3925)
4(3925 3926 3936 3935)
4(3935 3936 3946 3945)
4(3945 3946 3956 3955)
4(3955 3956 3966 3965)
4(3965 3966 3976 3975)
4(3975 3976 3986 3985)
4(3985 3986 3996 3995)
4(3995 3996 4006 4005)
4(4005 4006 4016 4015)
4(4015 4016 4026 4025)
4(4025 4026 4036 4035)
4(4035 4036 4046 4045)
4(4045 4046 4056 4055)
4(4055 4056 4066 4065)
4(4065 4066 4076 4075)
4(4075 4076 4086 4085)
4(4085 4086 4096 4095)
4(4095 4096 4106 4105)
4(4105 4106 4116 4115)
4(4115 4116 4126 4125)
4(4125 4126 4136 4135)
4(4135 4136 4146 4145)
4(4145 4146 4156 4155)
4(4155 4156 4166 4165)
4(4165 4166 4176 4175)
4(4175 4176 4186 4185)
4(4185 4186 4196 4195)
4(4195 4196 4206 4205)
4(3847 3848 3857 3856)
4(3856 3857 3867 3866)
4(3866 3867 3877 3876)
4(3876 3877 3887 3886)
4(3886 3887 3897 3896)
4(3896 3897 3907 3906)
4(3906 3907 3917 3916)
4(3916 3917 3927 3926)
4(3926 3927 3937 3936)
4(3936 3937 3947 3946)
4(3946 3947 3957 3956)
4(3956 3957 3967 3966)
4(3966 3967 3977 3976)
4(3976 3977 3987 3986)
4(3986 3987 3997 3996)
4(3996 3997 4007 4006)
4(4006 4007 4017 4016)
4(4016 4017 4027 4026)
4(4026 4027 4037 4036)
4(4036 4037 4047 4046)
4(4046 4047 4057 4056)
4(4056 4057 4067 4066)
4(4066 4067 4077 4076)
4(4076 4077 4087 4086)
4(4086 4087 4097 4096)
4(4096 4097 4107 4106)
4(4106 4107 4117 4116)
4(4116 4117 4127 4126)
4(4126 4127 4137 4136)
4(4136 4137 4147 4146)
4(4146 4147 4157 4156)
4(4156 4157 4167 4166)
4(4166 4167 4177 4176)
4(4176 4177 4187 4186)
4(4186 4187 4197 4196)
4(4196 4197 4207 4206)
4(3848 3849 3858 3857)
4(3857 3858 3868 3867)
4(3867 3868 3878 3877)
4(3877 3878 3888 3887)
4(3887 3888 3898 3897)
4(3897 3898 3908 3907)
4(3907 3908 3918 3917)
4(3917 3918 3928 3927)
4(3927 3928 3938 3937)
4(3937 3938 3948 3947)
4(3947 3948 3958 3957)
4(3957 3958 3968 3967)
4(3967 3968 3978 3977)
4(3977 3978 3988 3987)
4(3987 3988 3998 3997)
4(3997 3998 4008 4007)
4(4007 4008 4018 4017)
4(4017 4018 4028 4027)
4(4027 4028 4038 4037)
4(4037 4038 4048 4047)
4(4047 4048 4058 4057)
4(4057 4058 4068 4067)
4(4067 4068 4078 4077)
4(4077 4078 4088 4087)
4(4087 4088 4098 4097)
4(4097 4098 4108 4107)
4(4107 4108 4118 4117)
4(4117 4118 4128 4127)
4(4127 4128 4138 4137)
4(4137 4138 4148 4147)
4(4147 4148 4158 4157)
4(4157 4158 4168 4167)
4(4167 4168 4178 4177)
4(4177 4178 4188 4187)
4(4187 4188 4198 4197)
4(4197 4198 4208 4207)
4(3849 3471 3859 3858)
4(3858 3859 3869 3868)
4(3868 3869 3879 3878)
4(3878 3879 3889 3888)
4(3888 3889 3899 3898)
4(3898 3899 3909 3908)
4(3908 3909 3919 3918)
4(3918 3919 3929 3928)
4(3928 3929 3939 3938)
4(3938 3939 3949 3948)
4(3948 3949 3959 3958)
4(3958 3959 3969 3968)
4(3968 3969 3979 3978)
4(3978 3979 3989 3988)
4(3988 3989 3999 3998)
4(3998 3999 4009 4008)
4(4008 4009 4019 4018)
4(4018 4019 4029 4028)
4(4028 4029 4039 4038)
4(4038 4039 4049 4048)
4(4048 4049 4059 4058)
4(4058 4059 4069 4068)
4(4068 4069 4079 4078)
4(4078 4079 4089 4088)
4(4088 4089 4099 4098)
4(4098 4099 4109 4108)
4(4108 4109 4119 4118)
4(4118 4119 4129 4128)
4(4128 4129 4139 4138)
4(4138 4139 4149 4148)
4(4148 4149 4159 4158)
4(4158 4159 4169 4168)
4(4168 4169 4179 4178)
4(4178 4179 4189 4188)
4(4188 4189 4199 4198)
4(4198 4199 4209 4208)
4(3311 5434 5506 3321)
4(3321 5506 5578 3331)
4(3331 5578 5650 3341)
4(3341 5650 5722 3351)
4(3351 5722 5794 3361)
4(3361 5794 5866 3371)
4(3371 5866 5938 3381)
4(3381 5938 6010 3391)
4(3391 6010 6082 3401)
4(3401 6082 6154 3411)
4(3411 6154 6226 3421)
4(3421 6226 6298 3431)
4(3431 6298 6370 3441)
4(3441 6370 6442 3451)
4(3451 6442 6514 3461)
4(3461 6514 6586 3471)
4(5434 5435 5507 5506)
4(5506 5507 5579 5578)
4(5578 5579 5651 5650)
4(5650 5651 5723 5722)
4(5722 5723 5795 5794)
4(5794 5795 5867 5866)
4(5866 5867 5939 5938)
4(5938 5939 6011 6010)
4(6010 6011 6083 6082)
4(6082 6083 6155 6154)
4(6154 6155 6227 6226)
4(6226 6227 6299 6298)
4(6298 6299 6371 6370)
4(6370 6371 6443 6442)
4(6442 6443 6515 6514)
4(6514 6515 6587 6586)
4(5435 5436 5508 5507)
4(5507 5508 5580 5579)
4(5579 5580 5652 5651)
4(5651 5652 5724 5723)
4(5723 5724 5796 5795)
4(5795 5796 5868 5867)
4(5867 5868 5940 5939)
4(5939 5940 6012 6011)
4(6011 6012 6084 6083)
4(6083 6084 6156 6155)
4(6155 6156 6228 6227)
4(6227 6228 6300 6299)
4(6299 6300 6372 6371)
4(6371 6372 6444 6443)
4(6443 6444 6516 6515)
4(6515 6516 6588 6587)
4(5436 5437 5509 5508)
4(5508 5509 5581 5580)
4(5580 5581 5653 5652)
4(5652 5653 5725 5724)
4(5724 5725 5797 5796)
4(5796 5797 5869 5868)
4(5868 5869 5941 5940)
4(5940 5941 6013 6012)
4(6012 6013 6085 6084)
4(6084 6085 6157 6156)
4(6156 6157 6229 6228)
4(6228 6229 6301 6300)
4(6300 6301 6373 6372)
4(6372 6373 6445 6444)
4(6444 6445 6517 6516)
4(6516 6517 6589 6588)
4(5437 5438 5510 5509)
4(5509 5510 5582 5581)
4(5581 5582 5654 5653)
4(5653 5654 5726 5725)
4(5725 5726 5798 5797)
4(5797 5798 5870 5869)
4(5869 5870 5942 5941)
4(5941 5942 6014 6013)
4(6013 6014 6086 6085)
4(6085 6086 6158 6157)
4(6157 6158 6230 6229)
4(6229 6230 6302 6301)
4(6301 6302 6374 6373)
4(6373 6374 6446 6445)
4(6445 6446 6518 6517)
4(6517 6518 6590 6589)
4(5438 5439 5511 5510)
4(5510 5511 5583 5582)
4(5582 5583 5655 5654)
4(5654 5655 5727 5726)
4(5726 5727 5799 5798)
4(5798 5799 5871 5870)
4(5870 5871 5943 5942)
4(5942 5943 6015 6014)
4(6014 6015 6087 6086)
4(6086 6087 6159 6158)
4(6158 6159 6231 6230)
4(6230 6231 6303 6302)
4(6302 6303 6375 6374)
4(6374 6375 6447 6446)
4(6446 6447 6519 6518)
4(6518 6519 6591 6590)
4(5439 5440 5512 5511)
4(5511 5512 5584 5583)
4(5583 5584 5656 5655)
4(5655 5656 5728 5727)
4(5727 5728 5800 5799)
4(5799 5800 5872 5871)
4(5871 5872 5944 5943)
4(5943 5944 6016 6015)
4(6015 6016 6088 6087)
4(6087 6088 6160 6159)
4(6159 6160 6232 6231)
4(6231 6232 6304 6303)
4(6303 6304 6376 6375)
4(6375 6376 6448 6447)
4(6447 6448 6520 6519)
4(6519 6520 6592 6591)
4(5440 5441 5513 5512)
4(5512 5513 5585 5584)
4(5584 5585 5657 5656)
4(5656 5657 5729 5728)
4(5728 5729 5801 5800)
4(5800 5801 5873 5872)
4(5872 5873 5945 5944)
4(5944 5945 6017 6016)
4(6016 6017 6089 6088)
4(6088 6089 6161 6160)
4(6160 6161 6233 6232)
4(6232 6233 6305 6304)
4(6304 6305 6377 6376)
4(6376 6377 6449 6448)
4(6448 6449 6521 6520)
4(6520 6521 6593 6592)
4(5441 5442 5514 5513)
4(5513 5514 5586 5585)
4(5585 5586 5658 5657)
4(5657 5658 5730 5729)
4(5729 5730 5802 5801)
4(5801 5802 5874 5873)
4(5873 5874 5946 5945)
4(5945 5946 6018 6017)
4(6017 6018 6090 6089)
4(6089 6090 6162 6161)
4(6161 6162 6234 6233)
4(6233 6234 6306 6305)
4(6305 6306 6378 6377)
4(6377 6378 6450 6449)
4(6449 6450 6522 6521)
4(6521 6522 6594 6593)
4(5442 5443 5515 5514)
4(5514 5515 5587 5586)
4(5586 5587 5659 5658)
4(5658 5659 5731 5730)
4(5730 5731 5803 5802)
4(5802 5803 5875 5874)
4(5874 5875 5947 5946)
4(5946 5947 6019 6018)
4(6018 6019 6091 6090)
4(6090 6091 6163 6162)
4(6162 6163 6235 6234)
4(6234 6235 6307 6306)
4(6306 6307 6379 6378)
4(6378 6379 6451 6450)
4(6450 6451 6523 6522)
4(6522 6523 6595 6594)
4(5443 5444 5516 5515)
4(5515 5516 5588 5587)
4(5587 5588 5660 5659)
4(5659 5660 5732 5731)
4(5731 5732 5804 5803)
4(5803 5804 5876 5875)
4(5875 5876 5948 5947)
4(5947 5948 6020 6019)
4(6019 6020 6092 6091)
4(6091 6092 6164 6163)
4(6163 6164 6236 6235)
4(6235 6236 6308 6307)
4(6307 6308 6380 6379)
4(6379 6380 6452 6451)
4(6451 6452 6524 6523)
4(6523 6524 6596 6595)
4(5444 5445 5517 5516)
4(5516 5517 5589 5588)
4(5588 5589 5661 5660)
4(5660 5661 5733 5732)
4(5732 5733 5805 5804)
4(5804 5805 5877 5876)
4(5876 5877 5949 5948)
4(5948 5949 6021 6020)
4(6020 6021 6093 6092)
4(6092 6093 6165 6164)
4(6164 6165 6237 6236)
4(6236 6237 6309 6308)
4(6308 6309 6381 6380)
4(6380 6381 6453 6452)
4(6452 6453 6525 6524)
4(6524 6525 6597 6596)
4(5445 5446 5518 5517)
4(5517 5518 5590 5589)
4(5589 5590 5662 5661)
4(5661 5662 5734 5733)
4(5733 5734 5806 5805)
4(5805 5806 5878 5877)
4(5877 5878 5950 5949)
4(5949 5950 6022 6021)
4(6021 6022 6094 6093)
4(6093 6094 6166 6165)
4(6165 6166 6238 6237)
4(6237 6238 6310 6309)
4(6309 6310 6382 6381)
4(6381 6382 6454 6453)
4(6453 6454 6526 6525)
4(6525 6526 6598 6597)
4(5446 5447 5519 5518)
4(5518 5519 5591 5590)
4(5590 5591 5663 5662)
4(5662 5663 5735 5734)
4(5734 5735 5807 5806)
4(5806 5807 5879 5878)
4(5878 5879 5951 5950)
4(5950 5951 6023 6022)
4(6022 6023 6095 6094)
4(6094 6095 6167 6166)
4(6166 6167 6239 6238)
4(6238 6239 6311 6310)
4(6310 6311 6383 6382)
4(6382 6383 6455 6454)
4(6454 6455 6527 6526)
4(6526 6527 6599 6598)
4(5447 5448 5520 5519)
4(5519 5520 5592 5591)
4(5591 5592 5664 5663)
4(5663 5664 5736 5735)
4(5735 5736 5808 5807)
4(5807 5808 5880 5879)
4(5879 5880 5952 5951)
4(5951 5952 6024 6023)
4(6023 6024 6096 6095)
4(6095 6096 6168 6167)
4(6167 6168 6240 6239)
4(6239 6240 6312 6311)
4(6311 6312 6384 6383)
4(6383 6384 6456 6455)
4(6455 6456 6528 6527)
4(6527 6528 6600 6599)
4(5448 5449 5521 5520)
4(5520 5521 5593 5592)
4(5592 5593 5665 5664)
4(5664 5665 5737 5736)
4(5736 5737 5809 5808)
4(5808 5809 5881 5880)
4(5880 5881 5953 5952)
4(5952 5953 6025 6024)
4(6024 6025 6097 6096)
4(6096 6097 6169 6168)
4(6168 6169 6241 6240)
4(6240 6241 6313 6312)
4(6312 6313 6385 6384)
4(6384 6385 6457 6456)
4(6456 6457 6529 6528)
4(6528 6529 6601 6600)
4(5449 5450 5522 5521)
4(5521 5522 5594 5593)
4(5593 5594 5666 5665)
4(5665 5666 5738 5737)
4(5737 5738 5810 5809)
4(5809 5810 5882 5881)
4(5881 5882 5954 5953)
4(5953 5954 6026 6025)
4(6025 6026 6098 6097)
4(6097 6098 6170 6169)
4(6169 6170 6242 6241)
4(6241 6242 6314 6313)
4(6313 6314 6386 6385)
4(6385 6386 6458 6457)
4(6457 6458 6530 6529)
4(6529 6530 6602 6601)
4(5450 5451 5523 5522)
4(5522 5523 5595 5594)
4(5594 5595 5667 5666)
4(5666 5667 5739 5738)
4(5738 5739 5811 5810)
4(5810 5811 5883 5882)
4(5882 5883 5955 5954)
4(5954 5955 6027 6026)
4(6026 6027 6099 6098)
4(6098 6099 6171 6170)
4(6170 6171 6243 6242)
4(6242 6243 6315 6314)
4(6314 6315 6387 6386)
4(6386 6387 6459 6458)
4(6458 6459 6531 6530)
4(6530 6531 6603 6602)
4(5451 5452 5524 5523)
4(5523 5524 5596 5595)
4(5595 5596 5668 5667)
4(5667 5668 5740 5739)
4(5739 5740 5812 5811)
4(5811 5812 5884 5883)
4(5883 5884 5956 5955)
4(5955 5956 6028 6027)
4(6027 6028 6100 6099)
4(6099 6100 6172 6171)
4(6171 6172 6244 6243)
4(6243 6244 6316 6315)
4(6315 6316 6388 6387)
4(6387 6388 6460 6459)
4(6459 6460 6532 6531)
4(6531 6532 6604 6603)
4(5452 5453 5525 5524)
4(5524 5525 5597 5596)
4(5596 5597 5669 5668)
4(5668 5669 5741 5740)
4(5740 5741 5813 5812)
4(5812 5813 5885 5884)
4(5884 5885 5957 5956)
4(5956 5957 6029 6028)
4(6028 6029 6101 6100)
4(6100 6101 6173 6172)
4(6172 6173 6245 6244)
4(6244 6245 6317 6316)
4(6316 6317 6389 6388)
4(6388 6389 6461 6460)
4(6460 6461 6533 6532)
4(6532 6533 6605 6604)
4(5453 5454 5526 5525)
4(5525 5526 5598 5597)
4(5597 5598 5670 5669)
4(5669 5670 5742 5741)
4(5741 5742 5814 5813)
4(5813 5814 5886 5885)
4(5885 5886 5958 5957)
4(5957 5958 6030 6029)
4(6029 6030 6102 6101)
4(6101 6102 6174 6173)
4(6173 6174 6246 6245)
4(6245 6246 6318 6317)
4(6317 6318 6390 6389)
4(6389 6390 6462 6461)
4(6461 6462 6534 6533)
4(6533 6534 6606 6605)
4(5454 5455 5527 5526)
4(5526 5527 5599 5598)
4(5598 5599 5671 5670)
4(5670 5671 5743 5742)
4(5742 5743 5815 5814)
4(5814 5815 5887 5886)
4(5886 5887 5959 5958)
4(5958 5959 6031 6030)
4(6030 6031 6103 6102)
4(6102 6103 6175 6174)
4(6174 6175 6247 6246)
4(6246 6247 6319 6318)
4(6318 6319 6391 6390)
4(6390 6391 6463 6462)
4(6462 6463 6535 6534)
4(6534 6535 6607 6606)
4(5455 5456 5528 5527)
4(5527 5528 5600 5599)
4(5599 5600 5672 5671)
4(5671 5672 5744 5743)
4(5743 5744 5816 5815)
4(5815 5816 5888 5887)
4(5887 5888 5960 5959)
4(5959 5960 6032 6031)
4(6031 6032 6104 6103)
4(6103 6104 6176 6175)
4(6175 6176 6248 6247)
4(6247 6248 6320 6319)
4(6319 6320 6392 6391)
4(6391 6392 6464 6463)
4(6463 6464 6536 6535)
4(6535 6536 6608 6607)
4(5456 5457 5529 5528)
4(5528 5529 5601 5600)
4(5600 5601 5673 5672)
4(5672 5673 5745 5744)
4(5744 5745 5817 5816)
4(5816 5817 5889 5888)
4(5888 5889 5961 5960)
4(5960 5961 6033 6032)
4(6032 6033 6105 6104)
4(6104 6105 6177 6176)
4(6176 6177 6249 6248)
4(6248 6249 6321 6320)
4(6320 6321 6393 6392)
4(6392 6393 6465 6464)
4(6464 6465 6537 6536)
4(6536 6537 6609 6608)
4(5457 5458 5530 5529)
4(5529 5530 5602 5601)
4(5601 5602 5674 5673)
4(5673 5674 5746 5745)
4(5745 5746 5818 5817)
4(5817 5818 5890 5889)
4(5889 5890 5962 5961)
4(5961 5962 6034 6033)
4(6033 6034 6106 6105)
4(6105 6106 6178 6177)
4(6177 6178 6250 6249)
4(6249 6250 6322 6321)
4(6321 6322 6394 6393)
4(6393 6394 6466 6465)
4(6465 6466 6538 6537)
4(6537 6538 6610 6609)
4(5458 5459 5531 5530)
4(5530 5531 5603 5602)
4(5602 5603 5675 5674)
4(5674 5675 5747 5746)
4(5746 5747 5819 5818)
4(5818 5819 5891 5890)
4(5890 5891 5963 5962)
4(5962 5963 6035 6034)
4(6034 6035 6107 6106)
4(6106 6107 6179 6178)
4(6178 6179 6251 6250)
4(6250 6251 6323 6322)
4(6322 6323 6395 6394)
4(6394 6395 6467 6466)
4(6466 6467 6539 6538)
4(6538 6539 6611 6610)
4(5459 5460 5532 5531)
4(5531 5532 5604 5603)
4(5603 5604 5676 5675)
4(5675 5676 5748 5747)
4(5747 5748 5820 5819)
4(5819 5820 5892 5891)
4(5891 5892 5964 5963)
4(5963 5964 6036 6035)
4(6035 6036 6108 6107)
4(6107 6108 6180 6179)
4(6179 6180 6252 6251)
4(6251 6252 6324 6323)
4(6323 6324 6396 6395)
4(6395 6396 6468 6467)
4(6467 6468 6540 6539)
4(6539 6540 6612 6611)
4(5460 5461 5533 5532)
4(5532 5533 5605 5604)
4(5604 5605 5677 5676)
4(5676 5677 5749 5748)
4(5748 5749 5821 5820)
4(5820 5821 5893 5892)
4(5892 5893 5965 5964)
4(5964 5965 6037 6036)
4(6036 6037 6109 6108)
4(6108 6109 6181 6180)
4(6180 6181 6253 6252)
4(6252 6253 6325 6324)
4(6324 6325 6397 6396)
4(6396 6397 6469 6468)
4(6468 6469 6541 6540)
4(6540 6541 6613 6612)
4(5461 5462 5534 5533)
4(5533 5534 5606 5605)
4(5605 5606 5678 5677)
4(5677 5678 5750 5749)
4(5749 5750 5822 5821)
4(5821 5822 5894 5893)
4(5893 5894 5966 5965)
4(5965 5966 6038 6037)
4(6037 6038 6110 6109)
4(6109 6110 6182 6181)
4(6181 6182 6254 6253)
4(6253 6254 6326 6325)
4(6325 6326 6398 6397)
4(6397 6398 6470 6469)
4(6469 6470 6542 6541)
4(6541 6542 6614 6613)
4(5462 5463 5535 5534)
4(5534 5535 5607 5606)
4(5606 5607 5679 5678)
4(5678 5679 5751 5750)
4(5750 5751 5823 5822)
4(5822 5823 5895 5894)
4(5894 5895 5967 5966)
4(5966 5967 6039 6038)
4(6038 6039 6111 6110)
4(6110 6111 6183 6182)
4(6182 6183 6255 6254)
4(6254 6255 6327 6326)
4(6326 6327 6399 6398)
4(6398 6399 6471 6470)
4(6470 6471 6543 6542)
4(6542 6543 6615 6614)
4(5463 5464 5536 5535)
4(5535 5536 5608 5607)
4(5607 5608 5680 5679)
4(5679 5680 5752 5751)
4(5751 5752 5824 5823)
4(5823 5824 5896 5895)
4(5895 5896 5968 5967)
4(5967 5968 6040 6039)
4(6039 6040 6112 6111)
4(6111 6112 6184 6183)
4(6183 6184 6256 6255)
4(6255 6256 6328 6327)
4(6327 6328 6400 6399)
4(6399 6400 6472 6471)
4(6471 6472 6544 6543)
4(6543 6544 6616 6615)
4(5464 5465 5537 5536)
4(5536 5537 5609 5608)
4(5608 5609 5681 5680)
4(5680 5681 5753 5752)
4(5752 5753 5825 5824)
4(5824 5825 5897 5896)
4(5896 5897 5969 5968)
4(5968 5969 6041 6040)
4(6040 6041 6113 6112)
4(6112 6113 6185 6184)
4(6184 6185 6257 6256)
4(6256 6257 6329 6328)
4(6328 6329 6401 6400)
4(6400 6401 6473 6472)
4(6472 6473 6545 6544)
4(6544 6545 6617 6616)
4(5465 5466 5538 5537)
4(5537 5538 5610 5609)
4(5609 5610 5682 5681)
4(5681 5682 5754 5753)
4(5753 5754 5826 5825)
4(5825 5826 5898 5897)
4(5897 5898 5970 5969)
4(5969 5970 6042 6041)
4(6041 6042 6114 6113)
4(6113 6114 6186 6185)
4(6185 6186 6258 6257)
4(6257 6258 6330 6329)
4(6329 6330 6402 6401)
4(6401 6402 6474 6473)
4(6473 6474 6546 6545)
4(6545 6546 6618 6617)
4(5466 5467 5539 5538)
4(5538 5539 5611 5610)
4(5610 5611 5683 5682)
4(5682 5683 5755 5754)
4(5754 5755 5827 5826)
4(5826 5827 5899 5898)
4(5898 5899 5971 5970)
4(5970 5971 6043 6042)
4(6042 6043 6115 6114)
4(6114 6115 6187 6186)
4(6186 6187 6259 6258)
4(6258 6259 6331 6330)
4(6330 6331 6403 6402)
4(6402 6403 6475 6474)
4(6474 6475 6547 6546)
4(6546 6547 6619 6618)
4(5467 5468 5540 5539)
4(5539 5540 5612 5611)
4(5611 5612 5684 5683)
4(5683 5684 5756 5755)
4(5755 5756 5828 5827)
4(5827 5828 5900 5899)
4(5899 5900 5972 5971)
4(5971 5972 6044 6043)
4(6043 6044 6116 6115)
4(6115 6116 6188 6187)
4(6187 6188 6260 6259)
4(6259 6260 6332 6331)
4(6331 6332 6404 6403)
4(6403 6404 6476 6475)
4(6475 6476 6548 6547)
4(6547 6548 6620 6619)
4(5468 5469 5541 5540)
4(5540 5541 5613 5612)
4(5612 5613 5685 5684)
4(5684 5685 5757 5756)
4(5756 5757 5829 5828)
4(5828 5829 5901 5900)
4(5900 5901 5973 5972)
4(5972 5973 6045 6044)
4(6044 6045 6117 6116)
4(6116 6117 6189 6188)
4(6188 6189 6261 6260)
4(6260 6261 6333 6332)
4(6332 6333 6405 6404)
4(6404 6405 6477 6476)
4(6476 6477 6549 6548)
4(6548 6549 6621 6620)
4(5469 5470 5542 5541)
4(5541 5542 5614 5613)
4(5613 5614 5686 5685)
4(5685 5686 5758 5757)
4(5757 5758 5830 5829)
4(5829 5830 5902 5901)
4(5901 5902 5974 5973)
4(5973 5974 6046 6045)
4(6045 6046 6118 6117)
4(6117 6118 6190 6189)
4(6189 6190 6262 6261)
4(6261 6262 6334 6333)
4(6333 6334 6406 6405)
4(6405 6406 6478 6477)
4(6477 6478 6550 6549)
4(6549 6550 6622 6621)
4(5470 5471 5543 5542)
4(5542 5543 5615 5614)
4(5614 5615 5687 5686)
4(5686 5687 5759 5758)
4(5758 5759 5831 5830)
4(5830 5831 5903 5902)
4(5902 5903 5975 5974)
4(5974 5975 6047 6046)
4(6046 6047 6119 6118)
4(6118 6119 6191 6190)
4(6190 6191 6263 6262)
4(6262 6263 6335 6334)
4(6334 6335 6407 6406)
4(6406 6407 6479 6478)
4(6478 6479 6551 6550)
4(6550 6551 6623 6622)
4(5471 5472 5544 5543)
4(5543 5544 5616 5615)
4(5615 5616 5688 5687)
4(5687 5688 5760 5759)
4(5759 5760 5832 5831)
4(5831 5832 5904 5903)
4(5903 5904 5976 5975)
4(5975 5976 6048 6047)
4(6047 6048 6120 6119)
4(6119 6120 6192 6191)
4(6191 6192 6264 6263)
4(6263 6264 6336 6335)
4(6335 6336 6408 6407)
4(6407 6408 6480 6479)
4(6479 6480 6552 6551)
4(6551 6552 6624 6623)
4(5472 5473 5545 5544)
4(5544 5545 5617 5616)
4(5616 5617 5689 5688)
4(5688 5689 5761 5760)
4(5760 5761 5833 5832)
4(5832 5833 5905 5904)
4(5904 5905 5977 5976)
4(5976 5977 6049 6048)
4(6048 6049 6121 6120)
4(6120 6121 6193 6192)
4(6192 6193 6265 6264)
4(6264 6265 6337 6336)
4(6336 6337 6409 6408)
4(6408 6409 6481 6480)
4(6480 6481 6553 6552)
4(6552 6553 6625 6624)
4(5473 5474 5546 5545)
4(5545 5546 5618 5617)
4(5617 5618 5690 5689)
4(5689 5690 5762 5761)
4(5761 5762 5834 5833)
4(5833 5834 5906 5905)
4(5905 5906 5978 5977)
4(5977 5978 6050 6049)
4(6049 6050 6122 6121)
4(6121 6122 6194 6193)
4(6193 6194 6266 6265)
4(6265 6266 6338 6337)
4(6337 6338 6410 6409)
4(6409 6410 6482 6481)
4(6481 6482 6554 6553)
4(6553 6554 6626 6625)
4(5474 5475 5547 5546)
4(5546 5547 5619 5618)
4(5618 5619 5691 5690)
4(5690 5691 5763 5762)
4(5762 5763 5835 5834)
4(5834 5835 5907 5906)
4(5906 5907 5979 5978)
4(5978 5979 6051 6050)
4(6050 6051 6123 6122)
4(6122 6123 6195 6194)
4(6194 6195 6267 6266)
4(6266 6267 6339 6338)
4(6338 6339 6411 6410)
4(6410 6411 6483 6482)
4(6482 6483 6555 6554)
4(6554 6555 6627 6626)
4(5475 5476 5548 5547)
4(5547 5548 5620 5619)
4(5619 5620 5692 5691)
4(5691 5692 5764 5763)
4(5763 5764 5836 5835)
4(5835 5836 5908 5907)
4(5907 5908 5980 5979)
4(5979 5980 6052 6051)
4(6051 6052 6124 6123)
4(6123 6124 6196 6195)
4(6195 6196 6268 6267)
4(6267 6268 6340 6339)
4(6339 6340 6412 6411)
4(6411 6412 6484 6483)
4(6483 6484 6556 6555)
4(6555 6556 6628 6627)
4(5476 5477 5549 5548)
4(5548 5549 5621 5620)
4(5620 5621 5693 5692)
4(5692 5693 5765 5764)
4(5764 5765 5837 5836)
4(5836 5837 5909 5908)
4(5908 5909 5981 5980)
4(5980 5981 6053 6052)
4(6052 6053 6125 6124)
4(6124 6125 6197 6196)
4(6196 6197 6269 6268)
4(6268 6269 6341 6340)
4(6340 6341 6413 6412)
4(6412 6413 6485 6484)
4(6484 6485 6557 6556)
4(6556 6557 6629 6628)
4(5477 5478 5550 5549)
4(5549 5550 5622 5621)
4(5621 5622 5694 5693)
4(5693 5694 5766 5765)
4(5765 5766 5838 5837)
4(5837 5838 5910 5909)
4(5909 5910 5982 5981)
4(5981 5982 6054 6053)
4(6053 6054 6126 6125)
4(6125 6126 6198 6197)
4(6197 6198 6270 6269)
4(6269 6270 6342 6341)
4(6341 6342 6414 6413)
4(6413 6414 6486 6485)
4(6485 6486 6558 6557)
4(6557 6558 6630 6629)
4(5478 5479 5551 5550)
4(5550 5551 5623 5622)
4(5622 5623 5695 5694)
4(5694 5695 5767 5766)
4(5766 5767 5839 5838)
4(5838 5839 5911 5910)
4(5910 5911 5983 5982)
4(5982 5983 6055 6054)
4(6054 6055 6127 6126)
4(6126 6127 6199 6198)
4(6198 6199 6271 6270)
4(6270 6271 6343 6342)
4(6342 6343 6415 6414)
4(6414 6415 6487 6486)
4(6486 6487 6559 6558)
4(6558 6559 6631 6630)
4(5479 5480 5552 5551)
4(5551 5552 5624 5623)
4(5623 5624 5696 5695)
4(5695 5696 5768 5767)
4(5767 5768 5840 5839)
4(5839 5840 5912 5911)
4(5911 5912 5984 5983)
4(5983 5984 6056 6055)
4(6055 6056 6128 6127)
4(6127 6128 6200 6199)
4(6199 6200 6272 6271)
4(6271 6272 6344 6343)
4(6343 6344 6416 6415)
4(6415 6416 6488 6487)
4(6487 6488 6560 6559)
4(6559 6560 6632 6631)
4(5480 5481 5553 5552)
4(5552 5553 5625 5624)
4(5624 5625 5697 5696)
4(5696 5697 5769 5768)
4(5768 5769 5841 5840)
4(5840 5841 5913 5912)
4(5912 5913 5985 5984)
4(5984 5985 6057 6056)
4(6056 6057 6129 6128)
4(6128 6129 6201 6200)
4(6200 6201 6273 6272)
4(6272 6273 6345 6344)
4(6344 6345 6417 6416)
4(6416 6417 6489 6488)
4(6488 6489 6561 6560)
4(6560 6561 6633 6632)
4(5481 5482 5554 5553)
4(5553 5554 5626 5625)
4(5625 5626 5698 5697)
4(5697 5698 5770 5769)
4(5769 5770 5842 5841)
4(5841 5842 5914 5913)
4(5913 5914 5986 5985)
4(5985 5986 6058 6057)
4(6057 6058 6130 6129)
4(6129 6130 6202 6201)
4(6201 6202 6274 6273)
4(6273 6274 6346 6345)
4(6345 6346 6418 6417)
4(6417 6418 6490 6489)
4(6489 6490 6562 6561)
4(6561 6562 6634 6633)
4(5482 5483 5555 5554)
4(5554 5555 5627 5626)
4(5626 5627 5699 5698)
4(5698 5699 5771 5770)
4(5770 5771 5843 5842)
4(5842 5843 5915 5914)
4(5914 5915 5987 5986)
4(5986 5987 6059 6058)
4(6058 6059 6131 6130)
4(6130 6131 6203 6202)
4(6202 6203 6275 6274)
4(6274 6275 6347 6346)
4(6346 6347 6419 6418)
4(6418 6419 6491 6490)
4(6490 6491 6563 6562)
4(6562 6563 6635 6634)
4(5483 5484 5556 5555)
4(5555 5556 5628 5627)
4(5627 5628 5700 5699)
4(5699 5700 5772 5771)
4(5771 5772 5844 5843)
4(5843 5844 5916 5915)
4(5915 5916 5988 5987)
4(5987 5988 6060 6059)
4(6059 6060 6132 6131)
4(6131 6132 6204 6203)
4(6203 6204 6276 6275)
4(6275 6276 6348 6347)
4(6347 6348 6420 6419)
4(6419 6420 6492 6491)
4(6491 6492 6564 6563)
4(6563 6564 6636 6635)
4(5484 5485 5557 5556)
4(5556 5557 5629 5628)
4(5628 5629 5701 5700)
4(5700 5701 5773 5772)
4(5772 5773 5845 5844)
4(5844 5845 5917 5916)
4(5916 5917 5989 5988)
4(5988 5989 6061 6060)
4(6060 6061 6133 6132)
4(6132 6133 6205 6204)
4(6204 6205 6277 6276)
4(6276 6277 6349 6348)
4(6348 6349 6421 6420)
4(6420 6421 6493 6492)
4(6492 6493 6565 6564)
4(6564 6565 6637 6636)
4(5485 5486 5558 5557)
4(5557 5558 5630 5629)
4(5629 5630 5702 5701)
4(5701 5702 5774 5773)
4(5773 5774 5846 5845)
4(5845 5846 5918 5917)
4(5917 5918 5990 5989)
4(5989 5990 6062 6061)
4(6061 6062 6134 6133)
4(6133 6134 6206 6205)
4(6205 6206 6278 6277)
4(6277 6278 6350 6349)
4(6349 6350 6422 6421)
4(6421 6422 6494 6493)
4(6493 6494 6566 6565)
4(6565 6566 6638 6637)
4(5486 5487 5559 5558)
4(5558 5559 5631 5630)
4(5630 5631 5703 5702)
4(5702 5703 5775 5774)
4(5774 5775 5847 5846)
4(5846 5847 5919 5918)
4(5918 5919 5991 5990)
4(5990 5991 6063 6062)
4(6062 6063 6135 6134)
4(6134 6135 6207 6206)
4(6206 6207 6279 6278)
4(6278 6279 6351 6350)
4(6350 6351 6423 6422)
4(6422 6423 6495 6494)
4(6494 6495 6567 6566)
4(6566 6567 6639 6638)
4(5487 5488 5560 5559)
4(5559 5560 5632 5631)
4(5631 5632 5704 5703)
4(5703 5704 5776 5775)
4(5775 5776 5848 5847)
4(5847 5848 5920 5919)
4(5919 5920 5992 5991)
4(5991 5992 6064 6063)
4(6063 6064 6136 6135)
4(6135 6136 6208 6207)
4(6207 6208 6280 6279)
4(6279 6280 6352 6351)
4(6351 6352 6424 6423)
4(6423 6424 6496 6495)
4(6495 6496 6568 6567)
4(6567 6568 6640 6639)
4(5488 5489 5561 5560)
4(5560 5561 5633 5632)
4(5632 5633 5705 5704)
4(5704 5705 5777 5776)
4(5776 5777 5849 5848)
4(5848 5849 5921 5920)
4(5920 5921 5993 5992)
4(5992 5993 6065 6064)
4(6064 6065 6137 6136)
4(6136 6137 6209 6208)
4(6208 6209 6281 6280)
4(6280 6281 6353 6352)
4(6352 6353 6425 6424)
4(6424 6425 6497 6496)
4(6496 6497 6569 6568)
4(6568 6569 6641 6640)
4(5489 5490 5562 5561)
4(5561 5562 5634 5633)
4(5633 5634 5706 5705)
4(5705 5706 5778 5777)
4(5777 5778 5850 5849)
4(5849 5850 5922 5921)
4(5921 5922 5994 5993)
4(5993 5994 6066 6065)
4(6065 6066 6138 6137)
4(6137 6138 6210 6209)
4(6209 6210 6282 6281)
4(6281 6282 6354 6353)
4(6353 6354 6426 6425)
4(6425 6426 6498 6497)
4(6497 6498 6570 6569)
4(6569 6570 6642 6641)
4(5490 5491 5563 5562)
4(5562 5563 5635 5634)
4(5634 5635 5707 5706)
4(5706 5707 5779 5778)
4(5778 5779 5851 5850)
4(5850 5851 5923 5922)
4(5922 5923 5995 5994)
4(5994 5995 6067 6066)
4(6066 6067 6139 6138)
4(6138 6139 6211 6210)
4(6210 6211 6283 6282)
4(6282 6283 6355 6354)
4(6354 6355 6427 6426)
4(6426 6427 6499 6498)
4(6498 6499 6571 6570)
4(6570 6571 6643 6642)
4(5491 5492 5564 5563)
4(5563 5564 5636 5635)
4(5635 5636 5708 5707)
4(5707 5708 5780 5779)
4(5779 5780 5852 5851)
4(5851 5852 5924 5923)
4(5923 5924 5996 5995)
4(5995 5996 6068 6067)
4(6067 6068 6140 6139)
4(6139 6140 6212 6211)
4(6211 6212 6284 6283)
4(6283 6284 6356 6355)
4(6355 6356 6428 6427)
4(6427 6428 6500 6499)
4(6499 6500 6572 6571)
4(6571 6572 6644 6643)
4(5492 5493 5565 5564)
4(5564 5565 5637 5636)
4(5636 5637 5709 5708)
4(5708 5709 5781 5780)
4(5780 5781 5853 5852)
4(5852 5853 5925 5924)
4(5924 5925 5997 5996)
4(5996 5997 6069 6068)
4(6068 6069 6141 6140)
4(6140 6141 6213 6212)
4(6212 6213 6285 6284)
4(6284 6285 6357 6356)
4(6356 6357 6429 6428)
4(6428 6429 6501 6500)
4(6500 6501 6573 6572)
4(6572 6573 6645 6644)
4(5493 5494 5566 5565)
4(5565 5566 5638 5637)
4(5637 5638 5710 5709)
4(5709 5710 5782 5781)
4(5781 5782 5854 5853)
4(5853 5854 5926 5925)
4(5925 5926 5998 5997)
4(5997 5998 6070 6069)
4(6069 6070 6142 6141)
4(6141 6142 6214 6213)
4(6213 6214 6286 6285)
4(6285 6286 6358 6357)
4(6357 6358 6430 6429)
4(6429 6430 6502 6501)
4(6501 6502 6574 6573)
4(6573 6574 6646 6645)
4(5494 5495 5567 5566)
4(5566 5567 5639 5638)
4(5638 5639 5711 5710)
4(5710 5711 5783 5782)
4(5782 5783 5855 5854)
4(5854 5855 5927 5926)
4(5926 5927 5999 5998)
4(5998 5999 6071 6070)
4(6070 6071 6143 6142)
4(6142 6143 6215 6214)
4(6214 6215 6287 6286)
4(6286 6287 6359 6358)
4(6358 6359 6431 6430)
4(6430 6431 6503 6502)
4(6502 6503 6575 6574)
4(6574 6575 6647 6646)
4(5495 5496 5568 5567)
4(5567 5568 5640 5639)
4(5639 5640 5712 5711)
4(5711 5712 5784 5783)
4(5783 5784 5856 5855)
4(5855 5856 5928 5927)
4(5927 5928 6000 5999)
4(5999 6000 6072 6071)
4(6071 6072 6144 6143)
4(6143 6144 6216 6215)
4(6215 6216 6288 6287)
4(6287 6288 6360 6359)
4(6359 6360 6432 6431)
4(6431 6432 6504 6503)
4(6503 6504 6576 6575)
4(6575 6576 6648 6647)
4(5496 5497 5569 5568)
4(5568 5569 5641 5640)
4(5640 5641 5713 5712)
4(5712 5713 5785 5784)
4(5784 5785 5857 5856)
4(5856 5857 5929 5928)
4(5928 5929 6001 6000)
4(6000 6001 6073 6072)
4(6072 6073 6145 6144)
4(6144 6145 6217 6216)
4(6216 6217 6289 6288)
4(6288 6289 6361 6360)
4(6360 6361 6433 6432)
4(6432 6433 6505 6504)
4(6504 6505 6577 6576)
4(6576 6577 6649 6648)
4(5497 5498 5570 5569)
4(5569 5570 5642 5641)
4(5641 5642 5714 5713)
4(5713 5714 5786 5785)
4(5785 5786 5858 5857)
4(5857 5858 5930 5929)
4(5929 5930 6002 6001)
4(6001 6002 6074 6073)
4(6073 6074 6146 6145)
4(6145 6146 6218 6217)
4(6217 6218 6290 6289)
4(6289 6290 6362 6361)
4(6361 6362 6434 6433)
4(6433 6434 6506 6505)
4(6505 6506 6578 6577)
4(6577 6578 6650 6649)
4(5498 5499 5571 5570)
4(5570 5571 5643 5642)
4(5642 5643 5715 5714)
4(5714 5715 5787 5786)
4(5786 5787 5859 5858)
4(5858 5859 5931 5930)
4(5930 5931 6003 6002)
4(6002 6003 6075 6074)
4(6074 6075 6147 6146)
4(6146 6147 6219 6218)
4(6218 6219 6291 6290)
4(6290 6291 6363 6362)
4(6362 6363 6435 6434)
4(6434 6435 6507 6506)
4(6506 6507 6579 6578)
4(6578 6579 6651 6650)
4(5499 5500 5572 5571)
4(5571 5572 5644 5643)
4(5643 5644 5716 5715)
4(5715 5716 5788 5787)
4(5787 5788 5860 5859)
4(5859 5860 5932 5931)
4(5931 5932 6004 6003)
4(6003 6004 6076 6075)
4(6075 6076 6148 6147)
4(6147 6148 6220 6219)
4(6219 6220 6292 6291)
4(6291 6292 6364 6363)
4(6363 6364 6436 6435)
4(6435 6436 6508 6507)
4(6507 6508 6580 6579)
4(6579 6580 6652 6651)
4(5500 5501 5573 5572)
4(5572 5573 5645 5644)
4(5644 5645 5717 5716)
4(5716 5717 5789 5788)
4(5788 5789 5861 5860)
4(5860 5861 5933 5932)
4(5932 5933 6005 6004)
4(6004 6005 6077 6076)
4(6076 6077 6149 6148)
4(6148 6149 6221 6220)
4(6220 6221 6293 6292)
4(6292 6293 6365 6364)
4(6364 6365 6437 6436)
4(6436 6437 6509 6508)
4(6508 6509 6581 6580)
4(6580 6581 6653 6652)
4(5501 5502 5574 5573)
4(5573 5574 5646 5645)
4(5645 5646 5718 5717)
4(5717 5718 5790 5789)
4(5789 5790 5862 5861)
4(5861 5862 5934 5933)
4(5933 5934 6006 6005)
4(6005 6006 6078 6077)
4(6077 6078 6150 6149)
4(6149 6150 6222 6221)
4(6221 6222 6294 6293)
4(6293 6294 6366 6365)
4(6365 6366 6438 6437)
4(6437 6438 6510 6509)
4(6509 6510 6582 6581)
4(6581 6582 6654 6653)
4(5502 5503 5575 5574)
4(5574 5575 5647 5646)
4(5646 5647 5719 5718)
4(5718 5719 5791 5790)
4(5790 5791 5863 5862)
4(5862 5863 5935 5934)
4(5934 5935 6007 6006)
4(6006 6007 6079 6078)
4(6078 6079 6151 6150)
4(6150 6151 6223 6222)
4(6222 6223 6295 6294)
4(6294 6295 6367 6366)
4(6366 6367 6439 6438)
4(6438 6439 6511 6510)
4(6510 6511 6583 6582)
4(6582 6583 6655 6654)
4(5503 5504 5576 5575)
4(5575 5576 5648 5647)
4(5647 5648 5720 5719)
4(5719 5720 5792 5791)
4(5791 5792 5864 5863)
4(5863 5864 5936 5935)
4(5935 5936 6008 6007)
4(6007 6008 6080 6079)
4(6079 6080 6152 6151)
4(6151 6152 6224 6223)
4(6223 6224 6296 6295)
4(6295 6296 6368 6367)
4(6367 6368 6440 6439)
4(6439 6440 6512 6511)
4(6511 6512 6584 6583)
4(6583 6584 6656 6655)
4(5504 5505 5577 5576)
4(5576 5577 5649 5648)
4(5648 5649 5721 5720)
4(5720 5721 5793 5792)
4(5792 5793 5865 5864)
4(5864 5865 5937 5936)
4(5936 5937 6009 6008)
4(6008 6009 6081 6080)
4(6080 6081 6153 6152)
4(6152 6153 6225 6224)
4(6224 6225 6297 6296)
4(6296 6297 6369 6368)
4(6368 6369 6441 6440)
4(6440 6441 6513 6512)
4(6512 6513 6585 6584)
4(6584 6585 6657 6656)
4(3471 6586 9250 3859)
4(3859 9250 9322 3869)
4(3869 9322 9394 3879)
4(3879 9394 9466 3889)
4(3889 9466 9538 3899)
4(3899 9538 9610 3909)
4(3909 9610 9682 3919)
4(3919 9682 9754 3929)
4(3929 9754 9826 3939)
4(3939 9826 9898 3949)
4(3949 9898 9970 3959)
4(3959 9970 10042 3969)
4(3969 10042 10114 3979)
4(3979 10114 10186 3989)
4(3989 10186 10258 3999)
4(3999 10258 10330 4009)
4(4009 10330 10402 4019)
4(4019 10402 10474 4029)
4(4029 10474 10546 4039)
4(4039 10546 10618 4049)
4(4049 10618 10690 4059)
4(4059 10690 10762 4069)
4(4069 10762 10834 4079)
4(4079 10834 10906 4089)
4(4089 10906 10978 4099)
4(4099 10978 11050 4109)
4(4109 11050 11122 4119)
4(4119 11122 11194 4129)
4(4129 11194 11266 4139)
4(4139 11266 11338 4149)
4(4149 11338 11410 4159)
4(4159 11410 11482 4169)
4(4169 11482 11554 4179)
4(4179 11554 11626 4189)
4(4189 11626 11698 4199)
4(4199 11698 11770 4209)
4(6586 6587 9251 9250)
4(9250 9251 9323 9322)
4(9322 9323 9395 9394)
4(9394 9395 9467 9466)
4(9466 9467 9539 9538)
4(9538 9539 9611 9610)
4(9610 9611 9683 9682)
4(9682 9683 9755 9754)
4(9754 9755 9827 9826)
4(9826 9827 9899 9898)
4(9898 9899 9971 9970)
4(9970 9971 10043 10042)
4(10042 10043 10115 10114)
4(10114 10115 10187 10186)
4(10186 10187 10259 10258)
4(10258 10259 10331 10330)
4(10330 10331 10403 10402)
4(10402 10403 10475 10474)
4(10474 10475 10547 10546)
4(10546 10547 10619 10618)
4(10618 10619 10691 10690)
4(10690 10691 10763 10762)
4(10762 10763 10835 10834)
4(10834 10835 10907 10906)
4(10906 10907 10979 10978)
4(10978 10979 11051 11050)
4(11050 11051 11123 11122)
4(11122 11123 11195 11194)
4(11194 11195 11267 11266)
4(11266 11267 11339 11338)
4(11338 11339 11411 11410)
4(11410 11411 11483 11482)
4(11482 11483 11555 11554)
4(11554 11555 11627 11626)
4(11626 11627 11699 11698)
4(11698 11699 11771 11770)
4(6587 6588 9252 9251)
4(9251 9252 9324 9323)
4(9323 9324 9396 9395)
4(9395 9396 9468 9467)
4(9467 9468 9540 9539)
4(9539 9540 9612 9611)
4(9611 9612 9684 9683)
4(9683 9684 9756 9755)
4(9755 9756 9828 9827)
4(9827 9828 9900 9899)
4(9899 9900 9972 9971)
4(9971 9972 10044 10043)
4(10043 10044 10116 10115)
4(10115 10116 10188 10187)
4(10187 10188 10260 10259)
4(10259 10260 10332 10331)
4(10331 10332 10404 10403)
4(10403 10404 10476 10475)
4(10475 10476 10548 10547)
4(10547 10548 10620 10619)
4(10619 10620 10692 10691)
4(10691 10692 10764 10763)
4(10763 10764 10836 10835)
4(10835 10836 10908 10907)
4(10907 10908 10980 10979)
4(10979 10980 11052 11051)
4(11051 11052 11124 11123)
4(11123 11124 11196 11195)
4(11195 11196 11268 11267)
4(11267 11268 11340 11339)
4(11339 11340 11412 11411)
4(11411 11412 11484 11483)
4(11483 11484 11556 11555)
4(11555 11556 11628 11627)
4(11627 11628 11700 11699)
4(11699 11700 11772 11771)
4(6588 6589 9253 9252)
4(9252 9253 9325 9324)
4(9324 9325 9397 9396)
4(9396 9397 9469 9468)
4(9468 9469 9541 9540)
4(9540 9541 9613 9612)
4(9612 9613 9685 9684)
4(9684 9685 9757 9756)
4(9756 9757 9829 9828)
4(9828 9829 9901 9900)
4(9900 9901 9973 9972)
4(9972 9973 10045 10044)
4(10044 10045 10117 10116)
4(10116 10117 10189 10188)
4(10188 10189 10261 10260)
4(10260 10261 10333 10332)
4(10332 10333 10405 10404)
4(10404 10405 10477 10476)
4(10476 10477 10549 10548)
4(10548 10549 10621 10620)
4(10620 10621 10693 10692)
4(10692 10693 10765 10764)
4(10764 10765 10837 10836)
4(10836 10837 10909 10908)
4(10908 10909 10981 10980)
4(10980 10981 11053 11052)
4(11052 11053 11125 11124)
4(11124 11125 11197 11196)
4(11196 11197 11269 11268)
4(11268 11269 11341 11340)
4(11340 11341 11413 11412)
4(11412 11413 11485 11484)
4(11484 11485 11557 11556)
4(11556 11557 11629 11628)
4(11628 11629 11701 11700)
4(11700 11701 11773 11772)
4(6589 6590 9254 9253)
4(9253 9254 9326 9325)
4(9325 9326 9398 9397)
4(9397 9398 9470 9469)
4(9469 9470 9542 9541)
4(9541 9542 9614 9613)
4(9613 9614 9686 9685)
4(9685 9686 9758 9757)
4(9757 9758 9830 9829)
4(9829 9830 9902 9901)
4(9901 9902 9974 9973)
4(9973 9974 10046 10045)
4(10045 10046 10118 10117)
4(10117 10118 10190 10189)
4(10189 10190 10262 10261)
4(10261 10262 10334 10333)
4(10333 10334 10406 10405)
4(10405 10406 10478 10477)
4(10477 10478 10550 10549)
4(10549 10550 10622 10621)
4(10621 10622 10694 10693)
4(10693 10694 10766 10765)
4(10765 10766 10838 10837)
4(10837 10838 10910 10909)
4(10909 10910 10982 10981)
4(10981 10982 11054 11053)
4(11053 11054 11126 11125)
4(11125 11126 11198 11197)
4(11197 11198 11270 11269)
4(11269 11270 11342 11341)
4(11341 11342 11414 11413)
4(11413 11414 11486 11485)
4(11485 11486 11558 11557)
4(11557 11558 11630 11629)
4(11629 11630 11702 11701)
4(11701 11702 11774 11773)
4(6590 6591 9255 9254)
4(9254 9255 9327 9326)
4(9326 9327 9399 9398)
4(9398 9399 9471 9470)
4(9470 9471 9543 9542)
4(9542 9543 9615 9614)
4(9614 9615 9687 9686)
4(9686 9687 9759 9758)
4(9758 9759 9831 9830)
4(9830 9831 9903 9902)
4(9902 9903 9975 9974)
4(9974 9975 10047 10046)
4(10046 10047 10119 10118)
4(10118 10119 10191 10190)
4(10190 10191 10263 10262)
4(10262 10263 10335 10334)
4(10334 10335 10407 10406)
4(10406 10407 10479 10478)
4(10478 10479 10551 10550)
4(10550 10551 10623 10622)
4(10622 10623 10695 10694)
4(10694 10695 10767 10766)
4(10766 10767 10839 10838)
4(10838 10839 10911 10910)
4(10910 10911 10983 10982)
4(10982 10983 11055 11054)
4(11054 11055 11127 11126)
4(11126 11127 11199 11198)
4(11198 11199 11271 11270)
4(11270 11271 11343 11342)
4(11342 11343 11415 11414)
4(11414 11415 11487 11486)
4(11486 11487 11559 11558)
4(11558 11559 11631 11630)
4(11630 11631 11703 11702)
4(11702 11703 11775 11774)
4(6591 6592 9256 9255)
4(9255 9256 9328 9327)
4(9327 9328 9400 9399)
4(9399 9400 9472 9471)
4(9471 9472 9544 9543)
4(9543 9544 9616 9615)
4(9615 9616 9688 9687)
4(9687 9688 9760 9759)
4(9759 9760 9832 9831)
4(9831 9832 9904 9903)
4(9903 9904 9976 9975)
4(9975 9976 10048 10047)
4(10047 10048 10120 10119)
4(10119 10120 10192 10191)
4(10191 10192 10264 10263)
4(10263 10264 10336 10335)
4(10335 10336 10408 10407)
4(10407 10408 10480 10479)
4(10479 10480 10552 10551)
4(10551 10552 10624 10623)
4(10623 10624 10696 10695)
4(10695 10696 10768 10767)
4(10767 10768 10840 10839)
4(10839 10840 10912 10911)
4(10911 10912 10984 10983)
4(10983 10984 11056 11055)
4(11055 11056 11128 11127)
4(11127 11128 11200 11199)
4(11199 11200 11272 11271)
4(11271 11272 11344 11343)
4(11343 11344 11416 11415)
4(11415 11416 11488 11487)
4(11487 11488 11560 11559)
4(11559 11560 11632 11631)
4(11631 11632 11704 11703)
4(11703 11704 11776 11775)
4(6592 6593 9257 9256)
4(9256 9257 9329 9328)
4(9328 9329 9401 9400)
4(9400 9401 9473 9472)
4(9472 9473 9545 9544)
4(9544 9545 9617 9616)
4(9616 9617 9689 9688)
4(9688 9689 9761 9760)
4(9760 9761 9833 9832)
4(9832 9833 9905 9904)
4(9904 9905 9977 9976)
4(9976 9977 10049 10048)
4(10048 10049 10121 10120)
4(10120 10121 10193 10192)
4(10192 10193 10265 10264)
4(10264 10265 10337 10336)
4(10336 10337 10409 10408)
4(10408 10409 10481 10480)
4(10480 10481 10553 10552)
4(10552 10553 10625 10624)
4(10624 10625 10697 10696)
4(10696 10697 10769 10768)
4(10768 10769 10841 10840)
4(10840 10841 10913 10912)
4(10912 10913 10985 10984)
4(10984 10985 11057 11056)
4(11056 11057 11129 11128)
4(11128 11129 11201 11200)
4(11200 11201 11273 11272)
4(11272 11273 11345 11344)
4(11344 11345 11417 11416)
4(11416 11417 11489 11488)
4(11488 11489 11561 11560)
4(11560 11561 11633 11632)
4(11632 11633 11705 11704)
4(11704 11705 11777 11776)
4(6593 6594 9258 9257)
4(9257 9258 9330 9329)
4(9329 9330 9402 9401)
4(9401 9402 9474 9473)
4(9473 9474 9546 9545)
4(9545 9546 9618 9617)
4(9617 9618 9690 9689)
4(9689 9690 9762 9761)
4(9761 9762 9834 9833)
4(9833 9834 9906 9905)
4(9905 9906 9978 9977)
4(9977 9978 10050 10049)
4(10049 10050 10122 10121)
4(10121 10122 10194 10193)
4(10193 10194 10266 10265)
4(10265 10266 10338 10337)
4(10337 10338 10410 10409)
4(10409 10410 10482 10481)
4(10481 10482 10554 10553)
4(10553 10554 10626 10625)
4(10625 10626 10698 10697)
4(10697 10698 10770 10769)
4(10769 10770 10842 10841)
4(10841 10842 10914 10913)
4(10913 10914 10986 10985)
4(10985 10986 11058 11057)
4(11057 11058 11130 11129)
4(11129 11130 11202 11201)
4(11201 11202 11274 11273)
4(11273 11274 11346 11345)
4(11345 11346 11418 11417)
4(11417 11418 11490 11489)
4(11489 11490 11562 11561)
4(11561 11562 11634 11633)
4(11633 11634 11706 11705)
4(11705 11706 11778 11777)
4(6594 6595 9259 9258)
4(9258 9259 9331 9330)
4(9330 9331 9403 9402)
4(9402 9403 9475 9474)
4(9474 9475 9547 9546)
4(9546 9547 9619 9618)
4(9618 9619 9691 9690)
4(9690 9691 9763 9762)
4(9762 9763 9835 9834)
4(9834 9835 9907 9906)
4(9906 9907 9979 9978)
4(9978 9979 10051 10050)
4(10050 10051 10123 10122)
4(10122 10123 10195 10194)
4(10194 10195 10267 10266)
4(10266 10267 10339 10338)
4(10338 10339 10411 10410)
4(10410 10411 10483 10482)
4(10482 10483 10555 10554)
4(10554 10555 10627 10626)
4(10626 10627 10699 10698)
4(10698 10699 10771 10770)
4(10770 10771 10843 10842)
4(10842 10843 10915 10914)
4(10914 10915 10987 10986)
4(10986 10987 11059 11058)
4(11058 11059 11131 11130)
4(11130 11131 11203 11202)
4(11202 11203 11275 11274)
4(11274 11275 11347 11346)
4(11346 11347 11419 11418)
4(11418 11419 11491 11490)
4(11490 11491 11563 11562)
4(11562 11563 11635 11634)
4(11634 11635 11707 11706)
4(11706 11707 11779 11778)
4(6595 6596 9260 9259)
4(9259 9260 9332 9331)
4(9331 9332 9404 9403)
4(9403 9404 9476 9475)
4(9475 9476 9548 9547)
4(9547 9548 9620 9619)
4(9619 9620 9692 9691)
4(9691 9692 9764 9763)
4(9763 9764 9836 9835)
4(9835 9836 9908 9907)
4(9907 9908 9980 9979)
4(9979 9980 10052 10051)
4(10051 10052 10124 10123)
4(10123 10124 10196 10195)
4(10195 10196 10268 10267)
4(10267 10268 10340 10339)
4(10339 10340 10412 10411)
4(10411 10412 10484 10483)
4(10483 10484 10556 10555)
4(10555 10556 10628 10627)
4(10627 10628 10700 10699)
4(10699 10700 10772 10771)
4(10771 10772 10844 10843)
4(10843 10844 10916 10915)
4(10915 10916 10988 10987)
4(10987 10988 11060 11059)
4(11059 11060 11132 11131)
4(11131 11132 11204 11203)
4(11203 11204 11276 11275)
4(11275 11276 11348 11347)
4(11347 11348 11420 11419)
4(11419 11420 11492 11491)
4(11491 11492 11564 11563)
4(11563 11564 11636 11635)
4(11635 11636 11708 11707)
4(11707 11708 11780 11779)
4(6596 6597 9261 9260)
4(9260 9261 9333 9332)
4(9332 9333 9405 9404)
4(9404 9405 9477 9476)
4(9476 9477 9549 9548)
4(9548 9549 9621 9620)
4(9620 9621 9693 9692)
4(9692 9693 9765 9764)
4(9764 9765 9837 9836)
4(9836 9837 9909 9908)
4(9908 9909 9981 9980)
4(9980 9981 10053 10052)
4(10052 10053 10125 10124)
4(10124 10125 10197 10196)
4(10196 10197 10269 10268)
4(10268 10269 10341 10340)
4(10340 10341 10413 10412)
4(10412 10413 10485 10484)
4(10484 10485 10557 10556)
4(10556 10557 10629 10628)
4(10628 10629 10701 10700)
4(10700 10701 10773 10772)
4(10772 10773 10845 10844)
4(10844 10845 10917 10916)
4(10916 10917 10989 10988)
4(10988 10989 11061 11060)
4(11060 11061 11133 11132)
4(11132 11133 11205 11204)
4(11204 11205 11277 11276)
4(11276 11277 11349 11348)
4(11348 11349 11421 11420)
4(11420 11421 11493 11492)
4(11492 11493 11565 11564)
4(11564 11565 11637 11636)
4(11636 11637 11709 11708)
4(11708 11709 11781 11780)
4(6597 6598 9262 9261)
4(9261 9262 9334 9333)
4(9333 9334 9406 9405)
4(9405 9406 9478 9477)
4(9477 9478 9550 9549)
4(9549 9550 9622 9621)
4(9621 9622 9694 9693)
4(9693 9694 9766 9765)
4(9765 9766 9838 9837)
4(9837 9838 9910 9909)
4(9909 9910 9982 9981)
4(9981 9982 10054 10053)
4(10053 10054 10126 10125)
4(10125 10126 10198 10197)
4(10197 10198 10270 10269)
4(10269 10270 10342 10341)
4(10341 10342 10414 10413)
4(10413 10414 10486 10485)
4(10485 10486 10558 10557)
4(10557 10558 10630 10629)
4(10629 10630 10702 10701)
4(10701 10702 10774 10773)
4(10773 10774 10846 10845)
4(10845 10846 10918 10917)
4(10917 10918 10990 10989)
4(10989 10990 11062 11061)
4(11061 11062 11134 11133)
4(11133 11134 11206 11205)
4(11205 11206 11278 11277)
4(11277 11278 11350 11349)
4(11349 11350 11422 11421)
4(11421 11422 11494 11493)
4(11493 11494 11566 11565)
4(11565 11566 11638 11637)
4(11637 11638 11710 11709)
4(11709 11710 11782 11781)
4(6598 6599 9263 9262)
4(9262 9263 9335 9334)
4(9334 9335 9407 9406)
4(9406 9407 9479 9478)
4(9478 9479 9551 9550)
4(9550 9551 9623 9622)
4(9622 9623 9695 9694)
4(9694 9695 9767 9766)
4(9766 9767 9839 9838)
4(9838 9839 9911 9910)
4(9910 9911 9983 9982)
4(9982 9983 10055 10054)
4(10054 10055 10127 10126)
4(10126 10127 10199 10198)
4(10198 10199 10271 10270)
4(10270 10271 10343 10342)
4(10342 10343 10415 10414)
4(10414 10415 10487 10486)
4(10486 10487 10559 10558)
4(10558 10559 10631 10630)
4(10630 10631 10703 10702)
4(10702 10703 10775 10774)
4(10774 10775 10847 10846)
4(10846 10847 10919 10918)
4(10918 10919 10991 10990)
4(10990 10991 11063 11062)
4(11062 11063 11135 11134)
4(11134 11135 11207 11206)
4(11206 11207 11279 11278)
4(11278 11279 11351 11350)
4(11350 11351 11423 11422)
4(11422 11423 11495 11494)
4(11494 11495 11567 11566)
4(11566 11567 11639 11638)
4(11638 11639 11711 11710)
4(11710 11711 11783 11782)
4(6599 6600 9264 9263)
4(9263 9264 9336 9335)
4(9335 9336 9408 9407)
4(9407 9408 9480 9479)
4(9479 9480 9552 9551)
4(9551 9552 9624 9623)
4(9623 9624 9696 9695)
4(9695 9696 9768 9767)
4(9767 9768 9840 9839)
4(9839 9840 9912 9911)
4(9911 9912 9984 9983)
4(9983 9984 10056 10055)
4(10055 10056 10128 10127)
4(10127 10128 10200 10199)
4(10199 10200 10272 10271)
4(10271 10272 10344 10343)
4(10343 10344 10416 10415)
4(10415 10416 10488 10487)
4(10487 10488 10560 10559)
4(10559 10560 10632 10631)
4(10631 10632 10704 10703)
4(10703 10704 10776 10775)
4(10775 10776 10848 10847)
4(10847 10848 10920 10919)
4(10919 10920 10992 10991)
4(10991 10992 11064 11063)
4(11063 11064 11136 11135)
4(11135 11136 11208 11207)
4(11207 11208 11280 11279)
4(11279 11280 11352 11351)
4(11351 11352 11424 11423)
4(11423 11424 11496 11495)
4(11495 11496 11568 11567)
4(11567 11568 11640 11639)
4(11639 11640 11712 11711)
4(11711 11712 11784 11783)
4(6600 6601 9265 9264)
4(9264 9265 9337 9336)
4(9336 9337 9409 9408)
4(9408 9409 9481 9480)
4(9480 9481 9553 9552)
4(9552 9553 9625 9624)
4(9624 9625 9697 9696)
4(9696 9697 9769 9768)
4(9768 9769 9841 9840)
4(9840 9841 9913 9912)
4(9912 9913 9985 9984)
4(9984 9985 10057 10056)
4(10056 10057 10129 10128)
4(10128 10129 10201 10200)
4(10200 10201 10273 10272)
4(10272 10273 10345 10344)
4(10344 10345 10417 10416)
4(10416 10417 10489 10488)
4(10488 10489 10561 10560)
4(10560 10561 10633 10632)
4(10632 10633 10705 10704)
4(10704 10705 10777 10776)
4(10776 10777 10849 10848)
4(10848 10849 10921 10920)
4(10920 10921 10993 10992)
4(10992 10993 11065 11064)
4(11064 11065 11137 11136)
4(11136 11137 11209 11208)
4(11208 11209 11281 11280)
4(11280 11281 11353 11352)
4(11352 11353 11425 11424)
4(11424 11425 11497 11496)
4(11496 11497 11569 11568)
4(11568 11569 11641 11640)
4(11640 11641 11713 11712)
4(11712 11713 11785 11784)
4(6601 6602 9266 9265)
4(9265 9266 9338 9337)
4(9337 9338 9410 9409)
4(9409 9410 9482 9481)
4(9481 9482 9554 9553)
4(9553 9554 9626 9625)
4(9625 9626 9698 9697)
4(9697 9698 9770 9769)
4(9769 9770 9842 9841)
4(9841 9842 9914 9913)
4(9913 9914 9986 9985)
4(9985 9986 10058 10057)
4(10057 10058 10130 10129)
4(10129 10130 10202 10201)
4(10201 10202 10274 10273)
4(10273 10274 10346 10345)
4(10345 10346 10418 10417)
4(10417 10418 10490 10489)
4(10489 10490 10562 10561)
4(10561 10562 10634 10633)
4(10633 10634 10706 10705)
4(10705 10706 10778 10777)
4(10777 10778 10850 10849)
4(10849 10850 10922 10921)
4(10921 10922 10994 10993)
4(10993 10994 11066 11065)
4(11065 11066 11138 11137)
4(11137 11138 11210 11209)
4(11209 11210 11282 11281)
4(11281 11282 11354 11353)
4(11353 11354 11426 11425)
4(11425 11426 11498 11497)
4(11497 11498 11570 11569)
4(11569 11570 11642 11641)
4(11641 11642 11714 11713)
4(11713 11714 11786 11785)
4(6602 6603 9267 9266)
4(9266 9267 9339 9338)
4(9338 9339 9411 9410)
4(9410 9411 9483 9482)
4(9482 9483 9555 9554)
4(9554 9555 9627 9626)
4(9626 9627 9699 9698)
4(9698 9699 9771 9770)
4(9770 9771 9843 9842)
4(9842 9843 9915 9914)
4(9914 9915 9987 9986)
4(9986 9987 10059 10058)
4(10058 10059 10131 10130)
4(10130 10131 10203 10202)
4(10202 10203 10275 10274)
4(10274 10275 10347 10346)
4(10346 10347 10419 10418)
4(10418 10419 10491 10490)
4(10490 10491 10563 10562)
4(10562 10563 10635 10634)
4(10634 10635 10707 10706)
4(10706 10707 10779 10778)
4(10778 10779 10851 10850)
4(10850 10851 10923 10922)
4(10922 10923 10995 10994)
4(10994 10995 11067 11066)
4(11066 11067 11139 11138)
4(11138 11139 11211 11210)
4(11210 11211 11283 11282)
4(11282 11283 11355 11354)
4(11354 11355 11427 11426)
4(11426 11427 11499 11498)
4(11498 11499 11571 11570)
4(11570 11571 11643 11642)
4(11642 11643 11715 11714)
4(11714 11715 11787 11786)
4(6603 6604 9268 9267)
4(9267 9268 9340 9339)
4(9339 9340 9412 9411)
4(9411 9412 9484 9483)
4(9483 9484 9556 9555)
4(9555 9556 9628 9627)
4(9627 9628 9700 9699)
4(9699 9700 9772 9771)
4(9771 9772 9844 9843)
4(9843 9844 9916 9915)
4(9915 9916 9988 9987)
4(9987 9988 10060 10059)
4(10059 10060 10132 10131)
4(10131 10132 10204 10203)
4(10203 10204 10276 10275)
4(10275 10276 10348 10347)
4(10347 10348 10420 10419)
4(10419 10420 10492 10491)
4(10491 10492 10564 10563)
4(10563 10564 10636 10635)
4(10635 10636 10708 10707)
4(10707 10708 10780 10779)
4(10779 10780 10852 10851)
4(10851 10852 10924 10923)
4(10923 10924 10996 10995)
4(10995 10996 11068 11067)
4(11067 11068 11140 11139)
4(11139 11140 11212 11211)
4(11211 11212 11284 11283)
4(11283 11284 11356 11355)
4(11355 11356 11428 11427)
4(11427 11428 11500 11499)
4(11499 11500 11572 11571)
4(11571 11572 11644 11643)
4(11643 11644 11716 11715)
4(11715 11716 11788 11787)
4(6604 6605 9269 9268)
4(9268 9269 9341 9340)
4(9340 9341 9413 9412)
4(9412 9413 9485 9484)
4(9484 9485 9557 9556)
4(9556 9557 9629 9628)
4(9628 9629 9701 9700)
4(9700 9701 9773 9772)
4(9772 9773 9845 9844)
4(9844 9845 9917 9916)
4(9916 9917 9989 9988)
4(9988 9989 10061 10060)
4(10060 10061 10133 10132)
4(10132 10133 10205 10204)
4(10204 10205 10277 10276)
4(10276 10277 10349 10348)
4(10348 10349 10421 10420)
4(10420 10421 10493 10492)
4(10492 10493 10565 10564)
4(10564 10565 10637 10636)
4(10636 10637 10709 10708)
4(10708 10709 10781 10780)
4(10780 10781 10853 10852)
4(10852 10853 10925 10924)
4(10924 10925 10997 10996)
4(10996 10997 11069 11068)
4(11068 11069 11141 11140)
4(11140 11141 11213 11212)
4(11212 11213 11285 11284)
4(11284 11285 11357 11356)
4(11356 11357 11429 11428)
4(11428 11429 11501 11500)
4(11500 11501 11573 11572)
4(11572 11573 11645 11644)
4(11644 11645 11717 11716)
4(11716 11717 11789 11788)
4(6605 6606 9270 9269)
4(9269 9270 9342 9341)
4(9341 9342 9414 9413)
4(9413 9414 9486 9485)
4(9485 9486 9558 9557)
4(9557 9558 9630 9629)
4(9629 9630 9702 9701)
4(9701 9702 9774 9773)
4(9773 9774 9846 9845)
4(9845 9846 9918 9917)
4(9917 9918 9990 9989)
4(9989 9990 10062 10061)
4(10061 10062 10134 10133)
4(10133 10134 10206 10205)
4(10205 10206 10278 10277)
4(10277 10278 10350 10349)
4(10349 10350 10422 10421)
4(10421 10422 10494 10493)
4(10493 10494 10566 10565)
4(10565 10566 10638 10637)
4(10637 10638 10710 10709)
4(10709 10710 10782 10781)
4(10781 10782 10854 10853)
4(10853 10854 10926 10925)
4(10925 10926 10998 10997)
4(10997 10998 11070 11069)
4(11069 11070 11142 11141)
4(11141 11142 11214 11213)
4(11213 11214 11286 11285)
4(11285 11286 11358 11357)
4(11357 11358 11430 11429)
4(11429 11430 11502 11501)
4(11501 11502 11574 11573)
4(11573 11574 11646 11645)
4(11645 11646 11718 11717)
4(11717 11718 11790 11789)
4(6606 6607 9271 9270)
4(9270 9271 9343 9342)
4(9342 9343 9415 9414)
4(9414 9415 9487 9486)
4(9486 9487 9559 9558)
4(9558 9559 9631 9630)
4(9630 9631 9703 9702)
4(9702 9703 9775 9774)
4(9774 9775 9847 9846)
4(9846 9847 9919 9918)
4(9918 9919 9991 9990)
4(9990 9991 10063 10062)
4(10062 10063 10135 10134)
4(10134 10135 10207 10206)
4(10206 10207 10279 10278)
4(10278 10279 10351 10350)
4(10350 10351 10423 10422)
4(10422 10423 10495 10494)
4(10494 10495 10567 10566)
4(10566 10567 10639 10638)
4(10638 10639 10711 10710)
4(10710 10711 10783 10782)
4(10782 10783 10855 10854)
4(10854 10855 10927 10926)
4(10926 10927 10999 10998)
4(10998 10999 11071 11070)
4(11070 11071 11143 11142)
4(11142 11143 11215 11214)
4(11214 11215 11287 11286)
4(11286 11287 11359 11358)
4(11358 11359 11431 11430)
4(11430 11431 11503 11502)
4(11502 11503 11575 11574)
4(11574 11575 11647 11646)
4(11646 11647 11719 11718)
4(11718 11719 11791 11790)
4(6607 6608 9272 9271)
4(9271 9272 9344 9343)
4(9343 9344 9416 9415)
4(9415 9416 9488 9487)
4(9487 9488 9560 9559)
4(9559 9560 9632 9631)
4(9631 9632 9704 9703)
4(9703 9704 9776 9775)
4(9775 9776 9848 9847)
4(9847 9848 9920 9919)
4(9919 9920 9992 9991)
4(9991 9992 10064 10063)
4(10063 10064 10136 10135)
4(10135 10136 10208 10207)
4(10207 10208 10280 10279)
4(10279 10280 10352 10351)
4(10351 10352 10424 10423)
4(10423 10424 10496 10495)
4(10495 10496 10568 10567)
4(10567 10568 10640 10639)
4(10639 10640 10712 10711)
4(10711 10712 10784 10783)
4(10783 10784 10856 10855)
4(10855 10856 10928 10927)
4(10927 10928 11000 10999)
4(10999 11000 11072 11071)
4(11071 11072 11144 11143)
4(11143 11144 11216 11215)
4(11215 11216 11288 11287)
4(11287 11288 11360 11359)
4(11359 11360 11432 11431)
4(11431 11432 11504 11503)
4(11503 11504 11576 11575)
4(11575 11576 11648 11647)
4(11647 11648 11720 11719)
4(11719 11720 11792 11791)
4(6608 6609 9273 9272)
4(9272 9273 9345 9344)
4(9344 9345 9417 9416)
4(9416 9417 9489 9488)
4(9488 9489 9561 9560)
4(9560 9561 9633 9632)
4(9632 9633 9705 9704)
4(9704 9705 9777 9776)
4(9776 9777 9849 9848)
4(9848 9849 9921 9920)
4(9920 9921 9993 9992)
4(9992 9993 10065 10064)
4(10064 10065 10137 10136)
4(10136 10137 10209 10208)
4(10208 10209 10281 10280)
4(10280 10281 10353 10352)
4(10352 10353 10425 10424)
4(10424 10425 10497 10496)
4(10496 10497 10569 10568)
4(10568 10569 10641 10640)
4(10640 10641 10713 10712)
4(10712 10713 10785 10784)
4(10784 10785 10857 10856)
4(10856 10857 10929 10928)
4(10928 10929 11001 11000)
4(11000 11001 11073 11072)
4(11072 11073 11145 11144)
4(11144 11145 11217 11216)
4(11216 11217 11289 11288)
4(11288 11289 11361 11360)
4(11360 11361 11433 11432)
4(11432 11433 11505 11504)
4(11504 11505 11577 11576)
4(11576 11577 11649 11648)
4(11648 11649 11721 11720)
4(11720 11721 11793 11792)
4(6609 6610 9274 9273)
4(9273 9274 9346 9345)
4(9345 9346 9418 9417)
4(9417 9418 9490 9489)
4(9489 9490 9562 9561)
4(9561 9562 9634 9633)
4(9633 9634 9706 9705)
4(9705 9706 9778 9777)
4(9777 9778 9850 9849)
4(9849 9850 9922 9921)
4(9921 9922 9994 9993)
4(9993 9994 10066 10065)
4(10065 10066 10138 10137)
4(10137 10138 10210 10209)
4(10209 10210 10282 10281)
4(10281 10282 10354 10353)
4(10353 10354 10426 10425)
4(10425 10426 10498 10497)
4(10497 10498 10570 10569)
4(10569 10570 10642 10641)
4(10641 10642 10714 10713)
4(10713 10714 10786 10785)
4(10785 10786 10858 10857)
4(10857 10858 10930 10929)
4(10929 10930 11002 11001)
4(11001 11002 11074 11073)
4(11073 11074 11146 11145)
4(11145 11146 11218 11217)
4(11217 11218 11290 11289)
4(11289 11290 11362 11361)
4(11361 11362 11434 11433)
4(11433 11434 11506 11505)
4(11505 11506 11578 11577)
4(11577 11578 11650 11649)
4(11649 11650 11722 11721)
4(11721 11722 11794 11793)
4(6610 6611 9275 9274)
4(9274 9275 9347 9346)
4(9346 9347 9419 9418)
4(9418 9419 9491 9490)
4(9490 9491 9563 9562)
4(9562 9563 9635 9634)
4(9634 9635 9707 9706)
4(9706 9707 9779 9778)
4(9778 9779 9851 9850)
4(9850 9851 9923 9922)
4(9922 9923 9995 9994)
4(9994 9995 10067 10066)
4(10066 10067 10139 10138)
4(10138 10139 10211 10210)
4(10210 10211 10283 10282)
4(10282 10283 10355 10354)
4(10354 10355 10427 10426)
4(10426 10427 10499 10498)
4(10498 10499 10571 10570)
4(10570 10571 10643 10642)
4(10642 10643 10715 10714)
4(10714 10715 10787 10786)
4(10786 10787 10859 10858)
4(10858 10859 10931 10930)
4(10930 10931 11003 11002)
4(11002 11003 11075 11074)
4(11074 11075 11147 11146)
4(11146 11147 11219 11218)
4(11218 11219 11291 11290)
4(11290 11291 11363 11362)
4(11362 11363 11435 11434)
4(11434 11435 11507 11506)
4(11506 11507 11579 11578)
4(11578 11579 11651 11650)
4(11650 11651 11723 11722)
4(11722 11723 11795 11794)
4(6611 6612 9276 9275)
4(9275 9276 9348 9347)
4(9347 9348 9420 9419)
4(9419 9420 9492 9491)
4(9491 9492 9564 9563)
4(9563 9564 9636 9635)
4(9635 9636 9708 9707)
4(9707 9708 9780 9779)
4(9779 9780 9852 9851)
4(9851 9852 9924 9923)
4(9923 9924 9996 9995)
4(9995 9996 10068 10067)
4(10067 10068 10140 10139)
4(10139 10140 10212 10211)
4(10211 10212 10284 10283)
4(10283 10284 10356 10355)
4(10355 10356 10428 10427)
4(10427 10428 10500 10499)
4(10499 10500 10572 10571)
4(10571 10572 10644 10643)
4(10643 10644 10716 10715)
4(10715 10716 10788 10787)
4(10787 10788 10860 10859)
4(10859 10860 10932 10931)
4(10931 10932 11004 11003)
4(11003 11004 11076 11075)
4(11075 11076 11148 11147)
4(11147 11148 11220 11219)
4(11219 11220 11292 11291)
4(11291 11292 11364 11363)
4(11363 11364 11436 11435)
4(11435 11436 11508 11507)
4(11507 11508 11580 11579)
4(11579 11580 11652 11651)
4(11651 11652 11724 11723)
4(11723 11724 11796 11795)
4(6612 6613 9277 9276)
4(9276 9277 9349 9348)
4(9348 9349 9421 9420)
4(9420 9421 9493 9492)
4(9492 9493 9565 9564)
4(9564 9565 9637 9636)
4(9636 9637 9709 9708)
4(9708 9709 9781 9780)
4(9780 9781 9853 9852)
4(9852 9853 9925 9924)
4(9924 9925 9997 9996)
4(9996 9997 10069 10068)
4(10068 10069 10141 10140)
4(10140 10141 10213 10212)
4(10212 10213 10285 10284)
4(10284 10285 10357 10356)
4(10356 10357 10429 10428)
4(10428 10429 10501 10500)
4(10500 10501 10573 10572)
4(10572 10573 10645 10644)
4(10644 10645 10717 10716)
4(10716 10717 10789 10788)
4(10788 10789 10861 10860)
4(10860 10861 10933 10932)
4(10932 10933 11005 11004)
4(11004 11005 11077 11076)
4(11076 11077 11149 11148)
4(11148 11149 11221 11220)
4(11220 11221 11293 11292)
4(11292 11293 11365 11364)
4(11364 11365 11437 11436)
4(11436 11437 11509 11508)
4(11508 11509 11581 11580)
4(11580 11581 11653 11652)
4(11652 11653 11725 11724)
4(11724 11725 11797 11796)
4(6613 6614 9278 9277)
4(9277 9278 9350 9349)
4(9349 9350 9422 9421)
4(9421 9422 9494 9493)
4(9493 9494 9566 9565)
4(9565 9566 9638 9637)
4(9637 9638 9710 9709)
4(9709 9710 9782 9781)
4(9781 9782 9854 9853)
4(9853 9854 9926 9925)
4(9925 9926 9998 9997)
4(9997 9998 10070 10069)
4(10069 10070 10142 10141)
4(10141 10142 10214 10213)
4(10213 10214 10286 10285)
4(10285 10286 10358 10357)
4(10357 10358 10430 10429)
4(10429 10430 10502 10501)
4(10501 10502 10574 10573)
4(10573 10574 10646 10645)
4(10645 10646 10718 10717)
4(10717 10718 10790 10789)
4(10789 10790 10862 10861)
4(10861 10862 10934 10933)
4(10933 10934 11006 11005)
4(11005 11006 11078 11077)
4(11077 11078 11150 11149)
4(11149 11150 11222 11221)
4(11221 11222 11294 11293)
4(11293 11294 11366 11365)
4(11365 11366 11438 11437)
4(11437 11438 11510 11509)
4(11509 11510 11582 11581)
4(11581 11582 11654 11653)
4(11653 11654 11726 11725)
4(11725 11726 11798 11797)
4(6614 6615 9279 9278)
4(9278 9279 9351 9350)
4(9350 9351 9423 9422)
4(9422 9423 9495 9494)
4(9494 9495 9567 9566)
4(9566 9567 9639 9638)
4(9638 9639 9711 9710)
4(9710 9711 9783 9782)
4(9782 9783 9855 9854)
4(9854 9855 9927 9926)
4(9926 9927 9999 9998)
4(9998 9999 10071 10070)
4(10070 10071 10143 10142)
4(10142 10143 10215 10214)
4(10214 10215 10287 10286)
4(10286 10287 10359 10358)
4(10358 10359 10431 10430)
4(10430 10431 10503 10502)
4(10502 10503 10575 10574)
4(10574 10575 10647 10646)
4(10646 10647 10719 10718)
4(10718 10719 10791 10790)
4(10790 10791 10863 10862)
4(10862 10863 10935 10934)
4(10934 10935 11007 11006)
4(11006 11007 11079 11078)
4(11078 11079 11151 11150)
4(11150 11151 11223 11222)
4(11222 11223 11295 11294)
4(11294 11295 11367 11366)
4(11366 11367 11439 11438)
4(11438 11439 11511 11510)
4(11510 11511 11583 11582)
4(11582 11583 11655 11654)
4(11654 11655 11727 11726)
4(11726 11727 11799 11798)
4(6615 6616 9280 9279)
4(9279 9280 9352 9351)
4(9351 9352 9424 9423)
4(9423 9424 9496 9495)
4(9495 9496 9568 9567)
4(9567 9568 9640 9639)
4(9639 9640 9712 9711)
4(9711 9712 9784 9783)
4(9783 9784 9856 9855)
4(9855 9856 9928 9927)
4(9927 9928 10000 9999)
4(9999 10000 10072 10071)
4(10071 10072 10144 10143)
4(10143 10144 10216 10215)
4(10215 10216 10288 10287)
4(10287 10288 10360 10359)
4(10359 10360 10432 10431)
4(10431 10432 10504 10503)
4(10503 10504 10576 10575)
4(10575 10576 10648 10647)
4(10647 10648 10720 10719)
4(10719 10720 10792 10791)
4(10791 10792 10864 10863)
4(10863 10864 10936 10935)
4(10935 10936 11008 11007)
4(11007 11008 11080 11079)
4(11079 11080 11152 11151)
4(11151 11152 11224 11223)
4(11223 11224 11296 11295)
4(11295 11296 11368 11367)
4(11367 11368 11440 11439)
4(11439 11440 11512 11511)
4(11511 11512 11584 11583)
4(11583 11584 11656 11655)
4(11655 11656 11728 11727)
4(11727 11728 11800 11799)
4(6616 6617 9281 9280)
4(9280 9281 9353 9352)
4(9352 9353 9425 9424)
4(9424 9425 9497 9496)
4(9496 9497 9569 9568)
4(9568 9569 9641 9640)
4(9640 9641 9713 9712)
4(9712 9713 9785 9784)
4(9784 9785 9857 9856)
4(9856 9857 9929 9928)
4(9928 9929 10001 10000)
4(10000 10001 10073 10072)
4(10072 10073 10145 10144)
4(10144 10145 10217 10216)
4(10216 10217 10289 10288)
4(10288 10289 10361 10360)
4(10360 10361 10433 10432)
4(10432 10433 10505 10504)
4(10504 10505 10577 10576)
4(10576 10577 10649 10648)
4(10648 10649 10721 10720)
4(10720 10721 10793 10792)
4(10792 10793 10865 10864)
4(10864 10865 10937 10936)
4(10936 10937 11009 11008)
4(11008 11009 11081 11080)
4(11080 11081 11153 11152)
4(11152 11153 11225 11224)
4(11224 11225 11297 11296)
4(11296 11297 11369 11368)
4(11368 11369 11441 11440)
4(11440 11441 11513 11512)
4(11512 11513 11585 11584)
4(11584 11585 11657 11656)
4(11656 11657 11729 11728)
4(11728 11729 11801 11800)
4(6617 6618 9282 9281)
4(9281 9282 9354 9353)
4(9353 9354 9426 9425)
4(9425 9426 9498 9497)
4(9497 9498 9570 9569)
4(9569 9570 9642 9641)
4(9641 9642 9714 9713)
4(9713 9714 9786 9785)
4(9785 9786 9858 9857)
4(9857 9858 9930 9929)
4(9929 9930 10002 10001)
4(10001 10002 10074 10073)
4(10073 10074 10146 10145)
4(10145 10146 10218 10217)
4(10217 10218 10290 10289)
4(10289 10290 10362 10361)
4(10361 10362 10434 10433)
4(10433 10434 10506 10505)
4(10505 10506 10578 10577)
4(10577 10578 10650 10649)
4(10649 10650 10722 10721)
4(10721 10722 10794 10793)
4(10793 10794 10866 10865)
4(10865 10866 10938 10937)
4(10937 10938 11010 11009)
4(11009 11010 11082 11081)
4(11081 11082 11154 11153)
4(11153 11154 11226 11225)
4(11225 11226 11298 11297)
4(11297 11298 11370 11369)
4(11369 11370 11442 11441)
4(11441 11442 11514 11513)
4(11513 11514 11586 11585)
4(11585 11586 11658 11657)
4(11657 11658 11730 11729)
4(11729 11730 11802 11801)
4(6618 6619 9283 9282)
4(9282 9283 9355 9354)
4(9354 9355 9427 9426)
4(9426 9427 9499 9498)
4(9498 9499 9571 9570)
4(9570 9571 9643 9642)
4(9642 9643 9715 9714)
4(9714 9715 9787 9786)
4(9786 9787 9859 9858)
4(9858 9859 9931 9930)
4(9930 9931 10003 10002)
4(10002 10003 10075 10074)
4(10074 10075 10147 10146)
4(10146 10147 10219 10218)
4(10218 10219 10291 10290)
4(10290 10291 10363 10362)
4(10362 10363 10435 10434)
4(10434 10435 10507 10506)
4(10506 10507 10579 10578)
4(10578 10579 10651 10650)
4(10650 10651 10723 10722)
4(10722 10723 10795 10794)
4(10794 10795 10867 10866)
4(10866 10867 10939 10938)
4(10938 10939 11011 11010)
4(11010 11011 11083 11082)
4(11082 11083 11155 11154)
4(11154 11155 11227 11226)
4(11226 11227 11299 11298)
4(11298 11299 11371 11370)
4(11370 11371 11443 11442)
4(11442 11443 11515 11514)
4(11514 11515 11587 11586)
4(11586 11587 11659 11658)
4(11658 11659 11731 11730)
4(11730 11731 11803 11802)
4(6619 6620 9284 9283)
4(9283 9284 9356 9355)
4(9355 9356 9428 9427)
4(9427 9428 9500 9499)
4(9499 9500 9572 9571)
4(9571 9572 9644 9643)
4(9643 9644 9716 9715)
4(9715 9716 9788 9787)
4(9787 9788 9860 9859)
4(9859 9860 9932 9931)
4(9931 9932 10004 10003)
4(10003 10004 10076 10075)
4(10075 10076 10148 10147)
4(10147 10148 10220 10219)
4(10219 10220 10292 10291)
4(10291 10292 10364 10363)
4(10363 10364 10436 10435)
4(10435 10436 10508 10507)
4(10507 10508 10580 10579)
4(10579 10580 10652 10651)
4(10651 10652 10724 10723)
4(10723 10724 10796 10795)
4(10795 10796 10868 10867)
4(10867 10868 10940 10939)
4(10939 10940 11012 11011)
4(11011 11012 11084 11083)
4(11083 11084 11156 11155)
4(11155 11156 11228 11227)
4(11227 11228 11300 11299)
4(11299 11300 11372 11371)
4(11371 11372 11444 11443)
4(11443 11444 11516 11515)
4(11515 11516 11588 11587)
4(11587 11588 11660 11659)
4(11659 11660 11732 11731)
4(11731 11732 11804 11803)
4(6620 6621 9285 9284)
4(9284 9285 9357 9356)
4(9356 9357 9429 9428)
4(9428 9429 9501 9500)
4(9500 9501 9573 9572)
4(9572 9573 9645 9644)
4(9644 9645 9717 9716)
4(9716 9717 9789 9788)
4(9788 9789 9861 9860)
4(9860 9861 9933 9932)
4(9932 9933 10005 10004)
4(10004 10005 10077 10076)
4(10076 10077 10149 10148)
4(10148 10149 10221 10220)
4(10220 10221 10293 10292)
4(10292 10293 10365 10364)
4(10364 10365 10437 10436)
4(10436 10437 10509 10508)
4(10508 10509 10581 10580)
4(10580 10581 10653 10652)
4(10652 10653 10725 10724)
4(10724 10725 10797 10796)
4(10796 10797 10869 10868)
4(10868 10869 10941 10940)
4(10940 10941 11013 11012)
4(11012 11013 11085 11084)
4(11084 11085 11157 11156)
4(11156 11157 11229 11228)
4(11228 11229 11301 11300)
4(11300 11301 11373 11372)
4(11372 11373 11445 11444)
4(11444 11445 11517 11516)
4(11516 11517 11589 11588)
4(11588 11589 11661 11660)
4(11660 11661 11733 11732)
4(11732 11733 11805 11804)
4(6621 6622 9286 9285)
4(9285 9286 9358 9357)
4(9357 9358 9430 9429)
4(9429 9430 9502 9501)
4(9501 9502 9574 9573)
4(9573 9574 9646 9645)
4(9645 9646 9718 9717)
4(9717 9718 9790 9789)
4(9789 9790 9862 9861)
4(9861 9862 9934 9933)
4(9933 9934 10006 10005)
4(10005 10006 10078 10077)
4(10077 10078 10150 10149)
4(10149 10150 10222 10221)
4(10221 10222 10294 10293)
4(10293 10294 10366 10365)
4(10365 10366 10438 10437)
4(10437 10438 10510 10509)
4(10509 10510 10582 10581)
4(10581 10582 10654 10653)
4(10653 10654 10726 10725)
4(10725 10726 10798 10797)
4(10797 10798 10870 10869)
4(10869 10870 10942 10941)
4(10941 10942 11014 11013)
4(11013 11014 11086 11085)
4(11085 11086 11158 11157)
4(11157 11158 11230 11229)
4(11229 11230 11302 11301)
4(11301 11302 11374 11373)
4(11373 11374 11446 11445)
4(11445 11446 11518 11517)
4(11517 11518 11590 11589)
4(11589 11590 11662 11661)
4(11661 11662 11734 11733)
4(11733 11734 11806 11805)
4(6622 6623 9287 9286)
4(9286 9287 9359 9358)
4(9358 9359 9431 9430)
4(9430 9431 9503 9502)
4(9502 9503 9575 9574)
4(9574 9575 9647 9646)
4(9646 9647 9719 9718)
4(9718 9719 9791 9790)
4(9790 9791 9863 9862)
4(9862 9863 9935 9934)
4(9934 9935 10007 10006)
4(10006 10007 10079 10078)
4(10078 10079 10151 10150)
4(10150 10151 10223 10222)
4(10222 10223 10295 10294)
4(10294 10295 10367 10366)
4(10366 10367 10439 10438)
4(10438 10439 10511 10510)
4(10510 10511 10583 10582)
4(10582 10583 10655 10654)
4(10654 10655 10727 10726)
4(10726 10727 10799 10798)
4(10798 10799 10871 10870)
4(10870 10871 10943 10942)
4(10942 10943 11015 11014)
4(11014 11015 11087 11086)
4(11086 11087 11159 11158)
4(11158 11159 11231 11230)
4(11230 11231 11303 11302)
4(11302 11303 11375 11374)
4(11374 11375 11447 11446)
4(11446 11447 11519 11518)
4(11518 11519 11591 11590)
4(11590 11591 11663 11662)
4(11662 11663 11735 11734)
4(11734 11735 11807 11806)
4(6623 6624 9288 9287)
4(9287 9288 9360 9359)
4(9359 9360 9432 9431)
4(9431 9432 9504 9503)
4(9503 9504 9576 9575)
4(9575 9576 9648 9647)
4(9647 9648 9720 9719)
4(9719 9720 9792 9791)
4(9791 9792 9864 9863)
4(9863 9864 9936 9935)
4(9935 9936 10008 10007)
4(10007 10008 10080 10079)
4(10079 10080 10152 10151)
4(10151 10152 10224 10223)
4(10223 10224 10296 10295)
4(10295 10296 10368 10367)
4(10367 10368 10440 10439)
4(10439 10440 10512 10511)
4(10511 10512 10584 10583)
4(10583 10584 10656 10655)
4(10655 10656 10728 10727)
4(10727 10728 10800 10799)
4(10799 10800 10872 10871)
4(10871 10872 10944 10943)
4(10943 10944 11016 11015)
4(11015 11016 11088 11087)
4(11087 11088 11160 11159)
4(11159 11160 11232 11231)
4(11231 11232 11304 11303)
4(11303 11304 11376 11375)
4(11375 11376 11448 11447)
4(11447 11448 11520 11519)
4(11519 11520 11592 11591)
4(11591 11592 11664 11663)
4(11663 11664 11736 11735)
4(11735 11736 11808 11807)
4(6624 6625 9289 9288)
4(9288 9289 9361 9360)
4(9360 9361 9433 9432)
4(9432 9433 9505 9504)
4(9504 9505 9577 9576)
4(9576 9577 9649 9648)
4(9648 9649 9721 9720)
4(9720 9721 9793 9792)
4(9792 9793 9865 9864)
4(9864 9865 9937 9936)
4(9936 9937 10009 10008)
4(10008 10009 10081 10080)
4(10080 10081 10153 10152)
4(10152 10153 10225 10224)
4(10224 10225 10297 10296)
4(10296 10297 10369 10368)
4(10368 10369 10441 10440)
4(10440 10441 10513 10512)
4(10512 10513 10585 10584)
4(10584 10585 10657 10656)
4(10656 10657 10729 10728)
4(10728 10729 10801 10800)
4(10800 10801 10873 10872)
4(10872 10873 10945 10944)
4(10944 10945 11017 11016)
4(11016 11017 11089 11088)
4(11088 11089 11161 11160)
4(11160 11161 11233 11232)
4(11232 11233 11305 11304)
4(11304 11305 11377 11376)
4(11376 11377 11449 11448)
4(11448 11449 11521 11520)
4(11520 11521 11593 11592)
4(11592 11593 11665 11664)
4(11664 11665 11737 11736)
4(11736 11737 11809 11808)
4(6625 6626 9290 9289)
4(9289 9290 9362 9361)
4(9361 9362 9434 9433)
4(9433 9434 9506 9505)
4(9505 9506 9578 9577)
4(9577 9578 9650 9649)
4(9649 9650 9722 9721)
4(9721 9722 9794 9793)
4(9793 9794 9866 9865)
4(9865 9866 9938 9937)
4(9937 9938 10010 10009)
4(10009 10010 10082 10081)
4(10081 10082 10154 10153)
4(10153 10154 10226 10225)
4(10225 10226 10298 10297)
4(10297 10298 10370 10369)
4(10369 10370 10442 10441)
4(10441 10442 10514 10513)
4(10513 10514 10586 10585)
4(10585 10586 10658 10657)
4(10657 10658 10730 10729)
4(10729 10730 10802 10801)
4(10801 10802 10874 10873)
4(10873 10874 10946 10945)
4(10945 10946 11018 11017)
4(11017 11018 11090 11089)
4(11089 11090 11162 11161)
4(11161 11162 11234 11233)
4(11233 11234 11306 11305)
4(11305 11306 11378 11377)
4(11377 11378 11450 11449)
4(11449 11450 11522 11521)
4(11521 11522 11594 11593)
4(11593 11594 11666 11665)
4(11665 11666 11738 11737)
4(11737 11738 11810 11809)
4(6626 6627 9291 9290)
4(9290 9291 9363 9362)
4(9362 9363 9435 9434)
4(9434 9435 9507 9506)
4(9506 9507 9579 9578)
4(9578 9579 9651 9650)
4(9650 9651 9723 9722)
4(9722 9723 9795 9794)
4(9794 9795 9867 9866)
4(9866 9867 9939 9938)
4(9938 9939 10011 10010)
4(10010 10011 10083 10082)
4(10082 10083 10155 10154)
4(10154 10155 10227 10226)
4(10226 10227 10299 10298)
4(10298 10299 10371 10370)
4(10370 10371 10443 10442)
4(10442 10443 10515 10514)
4(10514 10515 10587 10586)
4(10586 10587 10659 10658)
4(10658 10659 10731 10730)
4(10730 10731 10803 10802)
4(10802 10803 10875 10874)
4(10874 10875 10947 10946)
4(10946 10947 11019 11018)
4(11018 11019 11091 11090)
4(11090 11091 11163 11162)
4(11162 11163 11235 11234)
4(11234 11235 11307 11306)
4(11306 11307 11379 11378)
4(11378 11379 11451 11450)
4(11450 11451 11523 11522)
4(11522 11523 11595 11594)
4(11594 11595 11667 11666)
4(11666 11667 11739 11738)
4(11738 11739 11811 11810)
4(6627 6628 9292 9291)
4(9291 9292 9364 9363)
4(9363 9364 9436 9435)
4(9435 9436 9508 9507)
4(9507 9508 9580 9579)
4(9579 9580 9652 9651)
4(9651 9652 9724 9723)
4(9723 9724 9796 9795)
4(9795 9796 9868 9867)
4(9867 9868 9940 9939)
4(9939 9940 10012 10011)
4(10011 10012 10084 10083)
4(10083 10084 10156 10155)
4(10155 10156 10228 10227)
4(10227 10228 10300 10299)
4(10299 10300 10372 10371)
4(10371 10372 10444 10443)
4(10443 10444 10516 10515)
4(10515 10516 10588 10587)
4(10587 10588 10660 10659)
4(10659 10660 10732 10731)
4(10731 10732 10804 10803)
4(10803 10804 10876 10875)
4(10875 10876 10948 10947)
4(10947 10948 11020 11019)
4(11019 11020 11092 11091)
4(11091 11092 11164 11163)
4(11163 11164 11236 11235)
4(11235 11236 11308 11307)
4(11307 11308 11380 11379)
4(11379 11380 11452 11451)
4(11451 11452 11524 11523)
4(11523 11524 11596 11595)
4(11595 11596 11668 11667)
4(11667 11668 11740 11739)
4(11739 11740 11812 11811)
4(6628 6629 9293 9292)
4(9292 9293 9365 9364)
4(9364 9365 9437 9436)
4(9436 9437 9509 9508)
4(9508 9509 9581 9580)
4(9580 9581 9653 9652)
4(9652 9653 9725 9724)
4(9724 9725 9797 9796)
4(9796 9797 9869 9868)
4(9868 9869 9941 9940)
4(9940 9941 10013 10012)
4(10012 10013 10085 10084)
4(10084 10085 10157 10156)
4(10156 10157 10229 10228)
4(10228 10229 10301 10300)
4(10300 10301 10373 10372)
4(10372 10373 10445 10444)
4(10444 10445 10517 10516)
4(10516 10517 10589 10588)
4(10588 10589 10661 10660)
4(10660 10661 10733 10732)
4(10732 10733 10805 10804)
4(10804 10805 10877 10876)
4(10876 10877 10949 10948)
4(10948 10949 11021 11020)
4(11020 11021 11093 11092)
4(11092 11093 11165 11164)
4(11164 11165 11237 11236)
4(11236 11237 11309 11308)
4(11308 11309 11381 11380)
4(11380 11381 11453 11452)
4(11452 11453 11525 11524)
4(11524 11525 11597 11596)
4(11596 11597 11669 11668)
4(11668 11669 11741 11740)
4(11740 11741 11813 11812)
4(6629 6630 9294 9293)
4(9293 9294 9366 9365)
4(9365 9366 9438 9437)
4(9437 9438 9510 9509)
4(9509 9510 9582 9581)
4(9581 9582 9654 9653)
4(9653 9654 9726 9725)
4(9725 9726 9798 9797)
4(9797 9798 9870 9869)
4(9869 9870 9942 9941)
4(9941 9942 10014 10013)
4(10013 10014 10086 10085)
4(10085 10086 10158 10157)
4(10157 10158 10230 10229)
4(10229 10230 10302 10301)
4(10301 10302 10374 10373)
4(10373 10374 10446 10445)
4(10445 10446 10518 10517)
4(10517 10518 10590 10589)
4(10589 10590 10662 10661)
4(10661 10662 10734 10733)
4(10733 10734 10806 10805)
4(10805 10806 10878 10877)
4(10877 10878 10950 10949)
4(10949 10950 11022 11021)
4(11021 11022 11094 11093)
4(11093 11094 11166 11165)
4(11165 11166 11238 11237)
4(11237 11238 11310 11309)
4(11309 11310 11382 11381)
4(11381 11382 11454 11453)
4(11453 11454 11526 11525)
4(11525 11526 11598 11597)
4(11597 11598 11670 11669)
4(11669 11670 11742 11741)
4(11741 11742 11814 11813)
4(6630 6631 9295 9294)
4(9294 9295 9367 9366)
4(9366 9367 9439 9438)
4(9438 9439 9511 9510)
4(9510 9511 9583 9582)
4(9582 9583 9655 9654)
4(9654 9655 9727 9726)
4(9726 9727 9799 9798)
4(9798 9799 9871 9870)
4(9870 9871 9943 9942)
4(9942 9943 10015 10014)
4(10014 10015 10087 10086)
4(10086 10087 10159 10158)
4(10158 10159 10231 10230)
4(10230 10231 10303 10302)
4(10302 10303 10375 10374)
4(10374 10375 10447 10446)
4(10446 10447 10519 10518)
4(10518 10519 10591 10590)
4(10590 10591 10663 10662)
4(10662 10663 10735 10734)
4(10734 10735 10807 10806)
4(10806 10807 10879 10878)
4(10878 10879 10951 10950)
4(10950 10951 11023 11022)
4(11022 11023 11095 11094)
4(11094 11095 11167 11166)
4(11166 11167 11239 11238)
4(11238 11239 11311 11310)
4(11310 11311 11383 11382)
4(11382 11383 11455 11454)
4(11454 11455 11527 11526)
4(11526 11527 11599 11598)
4(11598 11599 11671 11670)
4(11670 11671 11743 11742)
4(11742 11743 11815 11814)
4(6631 6632 9296 9295)
4(9295 9296 9368 9367)
4(9367 9368 9440 9439)
4(9439 9440 9512 9511)
4(9511 9512 9584 9583)
4(9583 9584 9656 9655)
4(9655 9656 9728 9727)
4(9727 9728 9800 9799)
4(9799 9800 9872 9871)
4(9871 9872 9944 9943)
4(9943 9944 10016 10015)
4(10015 10016 10088 10087)
4(10087 10088 10160 10159)
4(10159 10160 10232 10231)
4(10231 10232 10304 10303)
4(10303 10304 10376 10375)
4(10375 10376 10448 10447)
4(10447 10448 10520 10519)
4(10519 10520 10592 10591)
4(10591 10592 10664 10663)
4(10663 10664 10736 10735)
4(10735 10736 10808 10807)
4(10807 10808 10880 10879)
4(10879 10880 10952 10951)
4(10951 10952 11024 11023)
4(11023 11024 11096 11095)
4(11095 11096 11168 11167)
4(11167 11168 11240 11239)
4(11239 11240 11312 11311)
4(11311 11312 11384 11383)
4(11383 11384 11456 11455)
4(11455 11456 11528 11527)
4(11527 11528 11600 11599)
4(11599 11600 11672 11671)
4(11671 11672 11744 11743)
4(11743 11744 11816 11815)
4(6632 6633 9297 9296)
4(9296 9297 9369 9368)
4(9368 9369 9441 9440)
4(9440 9441 9513 9512)
4(9512 9513 9585 9584)
4(9584 9585 9657 9656)
4(9656 9657 9729 9728)
4(9728 9729 9801 9800)
4(9800 9801 9873 9872)
4(9872 9873 9945 9944)
4(9944 9945 10017 10016)
4(10016 10017 10089 10088)
4(10088 10089 10161 10160)
4(10160 10161 10233 10232)
4(10232 10233 10305 10304)
4(10304 10305 10377 10376)
4(10376 10377 10449 10448)
4(10448 10449 10521 10520)
4(10520 10521 10593 10592)
4(10592 10593 10665 10664)
4(10664 10665 10737 10736)
4(10736 10737 10809 10808)
4(10808 10809 10881 10880)
4(10880 10881 10953 10952)
4(10952 10953 11025 11024)
4(11024 11025 11097 11096)
4(11096 11097 11169 11168)
4(11168 11169 11241 11240)
4(11240 11241 11313 11312)
4(11312 11313 11385 11384)
4(11384 11385 11457 11456)
4(11456 11457 11529 11528)
4(11528 11529 11601 11600)
4(11600 11601 11673 11672)
4(11672 11673 11745 11744)
4(11744 11745 11817 11816)
4(6633 6634 9298 9297)
4(9297 9298 9370 9369)
4(9369 9370 9442 9441)
4(9441 9442 9514 9513)
4(9513 9514 9586 9585)
4(9585 9586 9658 9657)
4(9657 9658 9730 9729)
4(9729 9730 9802 9801)
4(9801 9802 9874 9873)
4(9873 9874 9946 9945)
4(9945 9946 10018 10017)
4(10017 10018 10090 10089)
4(10089 10090 10162 10161)
4(10161 10162 10234 10233)
4(10233 10234 10306 10305)
4(10305 10306 10378 10377)
4(10377 10378 10450 10449)
4(10449 10450 10522 10521)
4(10521 10522 10594 10593)
4(10593 10594 10666 10665)
4(10665 10666 10738 10737)
4(10737 10738 10810 10809)
4(10809 10810 10882 10881)
4(10881 10882 10954 10953)
4(10953 10954 11026 11025)
4(11025 11026 11098 11097)
4(11097 11098 11170 11169)
4(11169 11170 11242 11241)
4(11241 11242 11314 11313)
4(11313 11314 11386 11385)
4(11385 11386 11458 11457)
4(11457 11458 11530 11529)
4(11529 11530 11602 11601)
4(11601 11602 11674 11673)
4(11673 11674 11746 11745)
4(11745 11746 11818 11817)
4(6634 6635 9299 9298)
4(9298 9299 9371 9370)
4(9370 9371 9443 9442)
4(9442 9443 9515 9514)
4(9514 9515 9587 9586)
4(9586 9587 9659 9658)
4(9658 9659 9731 9730)
4(9730 9731 9803 9802)
4(9802 9803 9875 9874)
4(9874 9875 9947 9946)
4(9946 9947 10019 10018)
4(10018 10019 10091 10090)
4(10090 10091 10163 10162)
4(10162 10163 10235 10234)
4(10234 10235 10307 10306)
4(10306 10307 10379 10378)
4(10378 10379 10451 10450)
4(10450 10451 10523 10522)
4(10522 10523 10595 10594)
4(10594 10595 10667 10666)
4(10666 10667 10739 10738)
4(10738 10739 10811 10810)
4(10810 10811 10883 10882)
4(10882 10883 10955 10954)
4(10954 10955 11027 11026)
4(11026 11027 11099 11098)
4(11098 11099 11171 11170)
4(11170 11171 11243 11242)
4(11242 11243 11315 11314)
4(11314 11315 11387 11386)
4(11386 11387 11459 11458)
4(11458 11459 11531 11530)
4(11530 11531 11603 11602)
4(11602 11603 11675 11674)
4(11674 11675 11747 11746)
4(11746 11747 11819 11818)
4(6635 6636 9300 9299)
4(9299 9300 9372 9371)
4(9371 9372 9444 9443)
4(9443 9444 9516 9515)
4(9515 9516 9588 9587)
4(9587 9588 9660 9659)
4(9659 9660 9732 9731)
4(9731 9732 9804 9803)
4(9803 9804 9876 9875)
4(9875 9876 9948 9947)
4(9947 9948 10020 10019)
4(10019 10020 10092 10091)
4(10091 10092 10164 10163)
4(10163 10164 10236 10235)
4(10235 10236 10308 10307)
4(10307 10308 10380 10379)
4(10379 10380 10452 10451)
4(10451 10452 10524 10523)
4(10523 10524 10596 10595)
4(10595 10596 10668 10667)
4(10667 10668 10740 10739)
4(10739 10740 10812 10811)
4(10811 10812 10884 10883)
4(10883 10884 10956 10955)
4(10955 10956 11028 11027)
4(11027 11028 11100 11099)
4(11099 11100 11172 11171)
4(11171 11172 11244 11243)
4(11243 11244 11316 11315)
4(11315 11316 11388 11387)
4(11387 11388 11460 11459)
4(11459 11460 11532 11531)
4(11531 11532 11604 11603)
4(11603 11604 11676 11675)
4(11675 11676 11748 11747)
4(11747 11748 11820 11819)
4(6636 6637 9301 9300)
4(9300 9301 9373 9372)
4(9372 9373 9445 9444)
4(9444 9445 9517 9516)
4(9516 9517 9589 9588)
4(9588 9589 9661 9660)
4(9660 9661 9733 9732)
4(9732 9733 9805 9804)
4(9804 9805 9877 9876)
4(9876 9877 9949 9948)
4(9948 9949 10021 10020)
4(10020 10021 10093 10092)
4(10092 10093 10165 10164)
4(10164 10165 10237 10236)
4(10236 10237 10309 10308)
4(10308 10309 10381 10380)
4(10380 10381 10453 10452)
4(10452 10453 10525 10524)
4(10524 10525 10597 10596)
4(10596 10597 10669 10668)
4(10668 10669 10741 10740)
4(10740 10741 10813 10812)
4(10812 10813 10885 10884)
4(10884 10885 10957 10956)
4(10956 10957 11029 11028)
4(11028 11029 11101 11100)
4(11100 11101 11173 11172)
4(11172 11173 11245 11244)
4(11244 11245 11317 11316)
4(11316 11317 11389 11388)
4(11388 11389 11461 11460)
4(11460 11461 11533 11532)
4(11532 11533 11605 11604)
4(11604 11605 11677 11676)
4(11676 11677 11749 11748)
4(11748 11749 11821 11820)
4(6637 6638 9302 9301)
4(9301 9302 9374 9373)
4(9373 9374 9446 9445)
4(9445 9446 9518 9517)
4(9517 9518 9590 9589)
4(9589 9590 9662 9661)
4(9661 9662 9734 9733)
4(9733 9734 9806 9805)
4(9805 9806 9878 9877)
4(9877 9878 9950 9949)
4(9949 9950 10022 10021)
4(10021 10022 10094 10093)
4(10093 10094 10166 10165)
4(10165 10166 10238 10237)
4(10237 10238 10310 10309)
4(10309 10310 10382 10381)
4(10381 10382 10454 10453)
4(10453 10454 10526 10525)
4(10525 10526 10598 10597)
4(10597 10598 10670 10669)
4(10669 10670 10742 10741)
4(10741 10742 10814 10813)
4(10813 10814 10886 10885)
4(10885 10886 10958 10957)
4(10957 10958 11030 11029)
4(11029 11030 11102 11101)
4(11101 11102 11174 11173)
4(11173 11174 11246 11245)
4(11245 11246 11318 11317)
4(11317 11318 11390 11389)
4(11389 11390 11462 11461)
4(11461 11462 11534 11533)
4(11533 11534 11606 11605)
4(11605 11606 11678 11677)
4(11677 11678 11750 11749)
4(11749 11750 11822 11821)
4(6638 6639 9303 9302)
4(9302 9303 9375 9374)
4(9374 9375 9447 9446)
4(9446 9447 9519 9518)
4(9518 9519 9591 9590)
4(9590 9591 9663 9662)
4(9662 9663 9735 9734)
4(9734 9735 9807 9806)
4(9806 9807 9879 9878)
4(9878 9879 9951 9950)
4(9950 9951 10023 10022)
4(10022 10023 10095 10094)
4(10094 10095 10167 10166)
4(10166 10167 10239 10238)
4(10238 10239 10311 10310)
4(10310 10311 10383 10382)
4(10382 10383 10455 10454)
4(10454 10455 10527 10526)
4(10526 10527 10599 10598)
4(10598 10599 10671 10670)
4(10670 10671 10743 10742)
4(10742 10743 10815 10814)
4(10814 10815 10887 10886)
4(10886 10887 10959 10958)
4(10958 10959 11031 11030)
4(11030 11031 11103 11102)
4(11102 11103 11175 11174)
4(11174 11175 11247 11246)
4(11246 11247 11319 11318)
4(11318 11319 11391 11390)
4(11390 11391 11463 11462)
4(11462 11463 11535 11534)
4(11534 11535 11607 11606)
4(11606 11607 11679 11678)
4(11678 11679 11751 11750)
4(11750 11751 11823 11822)
4(6639 6640 9304 9303)
4(9303 9304 9376 9375)
4(9375 9376 9448 9447)
4(9447 9448 9520 9519)
4(9519 9520 9592 9591)
4(9591 9592 9664 9663)
4(9663 9664 9736 9735)
4(9735 9736 9808 9807)
4(9807 9808 9880 9879)
4(9879 9880 9952 9951)
4(9951 9952 10024 10023)
4(10023 10024 10096 10095)
4(10095 10096 10168 10167)
4(10167 10168 10240 10239)
4(10239 10240 10312 10311)
4(10311 10312 10384 10383)
4(10383 10384 10456 10455)
4(10455 10456 10528 10527)
4(10527 10528 10600 10599)
4(10599 10600 10672 10671)
4(10671 10672 10744 10743)
4(10743 10744 10816 10815)
4(10815 10816 10888 10887)
4(10887 10888 10960 10959)
4(10959 10960 11032 11031)
4(11031 11032 11104 11103)
4(11103 11104 11176 11175)
4(11175 11176 11248 11247)
4(11247 11248 11320 11319)
4(11319 11320 11392 11391)
4(11391 11392 11464 11463)
4(11463 11464 11536 11535)
4(11535 11536 11608 11607)
4(11607 11608 11680 11679)
4(11679 11680 11752 11751)
4(11751 11752 11824 11823)
4(6640 6641 9305 9304)
4(9304 9305 9377 9376)
4(9376 9377 9449 9448)
4(9448 9449 9521 9520)
4(9520 9521 9593 9592)
4(9592 9593 9665 9664)
4(9664 9665 9737 9736)
4(9736 9737 9809 9808)
4(9808 9809 9881 9880)
4(9880 9881 9953 9952)
4(9952 9953 10025 10024)
4(10024 10025 10097 10096)
4(10096 10097 10169 10168)
4(10168 10169 10241 10240)
4(10240 10241 10313 10312)
4(10312 10313 10385 10384)
4(10384 10385 10457 10456)
4(10456 10457 10529 10528)
4(10528 10529 10601 10600)
4(10600 10601 10673 10672)
4(10672 10673 10745 10744)
4(10744 10745 10817 10816)
4(10816 10817 10889 10888)
4(10888 10889 10961 10960)
4(10960 10961 11033 11032)
4(11032 11033 11105 11104)
4(11104 11105 11177 11176)
4(11176 11177 11249 11248)
4(11248 11249 11321 11320)
4(11320 11321 11393 11392)
4(11392 11393 11465 11464)
4(11464 11465 11537 11536)
4(11536 11537 11609 11608)
4(11608 11609 11681 11680)
4(11680 11681 11753 11752)
4(11752 11753 11825 11824)
4(6641 6642 9306 9305)
4(9305 9306 9378 9377)
4(9377 9378 9450 9449)
4(9449 9450 9522 9521)
4(9521 9522 9594 9593)
4(9593 9594 9666 9665)
4(9665 9666 9738 9737)
4(9737 9738 9810 9809)
4(9809 9810 9882 9881)
4(9881 9882 9954 9953)
4(9953 9954 10026 10025)
4(10025 10026 10098 10097)
4(10097 10098 10170 10169)
4(10169 10170 10242 10241)
4(10241 10242 10314 10313)
4(10313 10314 10386 10385)
4(10385 10386 10458 10457)
4(10457 10458 10530 10529)
4(10529 10530 10602 10601)
4(10601 10602 10674 10673)
4(10673 10674 10746 10745)
4(10745 10746 10818 10817)
4(10817 10818 10890 10889)
4(10889 10890 10962 10961)
4(10961 10962 11034 11033)
4(11033 11034 11106 11105)
4(11105 11106 11178 11177)
4(11177 11178 11250 11249)
4(11249 11250 11322 11321)
4(11321 11322 11394 11393)
4(11393 11394 11466 11465)
4(11465 11466 11538 11537)
4(11537 11538 11610 11609)
4(11609 11610 11682 11681)
4(11681 11682 11754 11753)
4(11753 11754 11826 11825)
4(6642 6643 9307 9306)
4(9306 9307 9379 9378)
4(9378 9379 9451 9450)
4(9450 9451 9523 9522)
4(9522 9523 9595 9594)
4(9594 9595 9667 9666)
4(9666 9667 9739 9738)
4(9738 9739 9811 9810)
4(9810 9811 9883 9882)
4(9882 9883 9955 9954)
4(9954 9955 10027 10026)
4(10026 10027 10099 10098)
4(10098 10099 10171 10170)
4(10170 10171 10243 10242)
4(10242 10243 10315 10314)
4(10314 10315 10387 10386)
4(10386 10387 10459 10458)
4(10458 10459 10531 10530)
4(10530 10531 10603 10602)
4(10602 10603 10675 10674)
4(10674 10675 10747 10746)
4(10746 10747 10819 10818)
4(10818 10819 10891 10890)
4(10890 10891 10963 10962)
4(10962 10963 11035 11034)
4(11034 11035 11107 11106)
4(11106 11107 11179 11178)
4(11178 11179 11251 11250)
4(11250 11251 11323 11322)
4(11322 11323 11395 11394)
4(11394 11395 11467 11466)
4(11466 11467 11539 11538)
4(11538 11539 11611 11610)
4(11610 11611 11683 11682)
4(11682 11683 11755 11754)
4(11754 11755 11827 11826)
4(6643 6644 9308 9307)
4(9307 9308 9380 9379)
4(9379 9380 9452 9451)
4(9451 9452 9524 9523)
4(9523 9524 9596 9595)
4(9595 9596 9668 9667)
4(9667 9668 9740 9739)
4(9739 9740 9812 9811)
4(9811 9812 9884 9883)
4(9883 9884 9956 9955)
4(9955 9956 10028 10027)
4(10027 10028 10100 10099)
4(10099 10100 10172 10171)
4(10171 10172 10244 10243)
4(10243 10244 10316 10315)
4(10315 10316 10388 10387)
4(10387 10388 10460 10459)
4(10459 10460 10532 10531)
4(10531 10532 10604 10603)
4(10603 10604 10676 10675)
4(10675 10676 10748 10747)
4(10747 10748 10820 10819)
4(10819 10820 10892 10891)
4(10891 10892 10964 10963)
4(10963 10964 11036 11035)
4(11035 11036 11108 11107)
4(11107 11108 11180 11179)
4(11179 11180 11252 11251)
4(11251 11252 11324 11323)
4(11323 11324 11396 11395)
4(11395 11396 11468 11467)
4(11467 11468 11540 11539)
4(11539 11540 11612 11611)
4(11611 11612 11684 11683)
4(11683 11684 11756 11755)
4(11755 11756 11828 11827)
4(6644 6645 9309 9308)
4(9308 9309 9381 9380)
4(9380 9381 9453 9452)
4(9452 9453 9525 9524)
4(9524 9525 9597 9596)
4(9596 9597 9669 9668)
4(9668 9669 9741 9740)
4(9740 9741 9813 9812)
4(9812 9813 9885 9884)
4(9884 9885 9957 9956)
4(9956 9957 10029 10028)
4(10028 10029 10101 10100)
4(10100 10101 10173 10172)
4(10172 10173 10245 10244)
4(10244 10245 10317 10316)
4(10316 10317 10389 10388)
4(10388 10389 10461 10460)
4(10460 10461 10533 10532)
4(10532 10533 10605 10604)
4(10604 10605 10677 10676)
4(10676 10677 10749 10748)
4(10748 10749 10821 10820)
4(10820 10821 10893 10892)
4(10892 10893 10965 10964)
4(10964 10965 11037 11036)
4(11036 11037 11109 11108)
4(11108 11109 11181 11180)
4(11180 11181 11253 11252)
4(11252 11253 11325 11324)
4(11324 11325 11397 11396)
4(11396 11397 11469 11468)
4(11468 11469 11541 11540)
4(11540 11541 11613 11612)
4(11612 11613 11685 11684)
4(11684 11685 11757 11756)
4(11756 11757 11829 11828)
4(6645 6646 9310 9309)
4(9309 9310 9382 9381)
4(9381 9382 9454 9453)
4(9453 9454 9526 9525)
4(9525 9526 9598 9597)
4(9597 9598 9670 9669)
4(9669 9670 9742 9741)
4(9741 9742 9814 9813)
4(9813 9814 9886 9885)
4(9885 9886 9958 9957)
4(9957 9958 10030 10029)
4(10029 10030 10102 10101)
4(10101 10102 10174 10173)
4(10173 10174 10246 10245)
4(10245 10246 10318 10317)
4(10317 10318 10390 10389)
4(10389 10390 10462 10461)
4(10461 10462 10534 10533)
4(10533 10534 10606 10605)
4(10605 10606 10678 10677)
4(10677 10678 10750 10749)
4(10749 10750 10822 10821)
4(10821 10822 10894 10893)
4(10893 10894 10966 10965)
4(10965 10966 11038 11037)
4(11037 11038 11110 11109)
4(11109 11110 11182 11181)
4(11181 11182 11254 11253)
4(11253 11254 11326 11325)
4(11325 11326 11398 11397)
4(11397 11398 11470 11469)
4(11469 11470 11542 11541)
4(11541 11542 11614 11613)
4(11613 11614 11686 11685)
4(11685 11686 11758 11757)
4(11757 11758 11830 11829)
4(6646 6647 9311 9310)
4(9310 9311 9383 9382)
4(9382 9383 9455 9454)
4(9454 9455 9527 9526)
4(9526 9527 9599 9598)
4(9598 9599 9671 9670)
4(9670 9671 9743 9742)
4(9742 9743 9815 9814)
4(9814 9815 9887 9886)
4(9886 9887 9959 9958)
4(9958 9959 10031 10030)
4(10030 10031 10103 10102)
4(10102 10103 10175 10174)
4(10174 10175 10247 10246)
4(10246 10247 10319 10318)
4(10318 10319 10391 10390)
4(10390 10391 10463 10462)
4(10462 10463 10535 10534)
4(10534 10535 10607 10606)
4(10606 10607 10679 10678)
4(10678 10679 10751 10750)
4(10750 10751 10823 10822)
4(10822 10823 10895 10894)
4(10894 10895 10967 10966)
4(10966 10967 11039 11038)
4(11038 11039 11111 11110)
4(11110 11111 11183 11182)
4(11182 11183 11255 11254)
4(11254 11255 11327 11326)
4(11326 11327 11399 11398)
4(11398 11399 11471 11470)
4(11470 11471 11543 11542)
4(11542 11543 11615 11614)
4(11614 11615 11687 11686)
4(11686 11687 11759 11758)
4(11758 11759 11831 11830)
4(6647 6648 9312 9311)
4(9311 9312 9384 9383)
4(9383 9384 9456 9455)
4(9455 9456 9528 9527)
4(9527 9528 9600 9599)
4(9599 9600 9672 9671)
4(9671 9672 9744 9743)
4(9743 9744 9816 9815)
4(9815 9816 9888 9887)
4(9887 9888 9960 9959)
4(9959 9960 10032 10031)
4(10031 10032 10104 10103)
4(10103 10104 10176 10175)
4(10175 10176 10248 10247)
4(10247 10248 10320 10319)
4(10319 10320 10392 10391)
4(10391 10392 10464 10463)
4(10463 10464 10536 10535)
4(10535 10536 10608 10607)
4(10607 10608 10680 10679)
4(10679 10680 10752 10751)
4(10751 10752 10824 10823)
4(10823 10824 10896 10895)
4(10895 10896 10968 10967)
4(10967 10968 11040 11039)
4(11039 11040 11112 11111)
4(11111 11112 11184 11183)
4(11183 11184 11256 11255)
4(11255 11256 11328 11327)
4(11327 11328 11400 11399)
4(11399 11400 11472 11471)
4(11471 11472 11544 11543)
4(11543 11544 11616 11615)
4(11615 11616 11688 11687)
4(11687 11688 11760 11759)
4(11759 11760 11832 11831)
4(6648 6649 9313 9312)
4(9312 9313 9385 9384)
4(9384 9385 9457 9456)
4(9456 9457 9529 9528)
4(9528 9529 9601 9600)
4(9600 9601 9673 9672)
4(9672 9673 9745 9744)
4(9744 9745 9817 9816)
4(9816 9817 9889 9888)
4(9888 9889 9961 9960)
4(9960 9961 10033 10032)
4(10032 10033 10105 10104)
4(10104 10105 10177 10176)
4(10176 10177 10249 10248)
4(10248 10249 10321 10320)
4(10320 10321 10393 10392)
4(10392 10393 10465 10464)
4(10464 10465 10537 10536)
4(10536 10537 10609 10608)
4(10608 10609 10681 10680)
4(10680 10681 10753 10752)
4(10752 10753 10825 10824)
4(10824 10825 10897 10896)
4(10896 10897 10969 10968)
4(10968 10969 11041 11040)
4(11040 11041 11113 11112)
4(11112 11113 11185 11184)
4(11184 11185 11257 11256)
4(11256 11257 11329 11328)
4(11328 11329 11401 11400)
4(11400 11401 11473 11472)
4(11472 11473 11545 11544)
4(11544 11545 11617 11616)
4(11616 11617 11689 11688)
4(11688 11689 11761 11760)
4(11760 11761 11833 11832)
4(6649 6650 9314 9313)
4(9313 9314 9386 9385)
4(9385 9386 9458 9457)
4(9457 9458 9530 9529)
4(9529 9530 9602 9601)
4(9601 9602 9674 9673)
4(9673 9674 9746 9745)
4(9745 9746 9818 9817)
4(9817 9818 9890 9889)
4(9889 9890 9962 9961)
4(9961 9962 10034 10033)
4(10033 10034 10106 10105)
4(10105 10106 10178 10177)
4(10177 10178 10250 10249)
4(10249 10250 10322 10321)
4(10321 10322 10394 10393)
4(10393 10394 10466 10465)
4(10465 10466 10538 10537)
4(10537 10538 10610 10609)
4(10609 10610 10682 10681)
4(10681 10682 10754 10753)
4(10753 10754 10826 10825)
4(10825 10826 10898 10897)
4(10897 10898 10970 10969)
4(10969 10970 11042 11041)
4(11041 11042 11114 11113)
4(11113 11114 11186 11185)
4(11185 11186 11258 11257)
4(11257 11258 11330 11329)
4(11329 11330 11402 11401)
4(11401 11402 11474 11473)
4(11473 11474 11546 11545)
4(11545 11546 11618 11617)
4(11617 11618 11690 11689)
4(11689 11690 11762 11761)
4(11761 11762 11834 11833)
4(6650 6651 9315 9314)
4(9314 9315 9387 9386)
4(9386 9387 9459 9458)
4(9458 9459 9531 9530)
4(9530 9531 9603 9602)
4(9602 9603 9675 9674)
4(9674 9675 9747 9746)
4(9746 9747 9819 9818)
4(9818 9819 9891 9890)
4(9890 9891 9963 9962)
4(9962 9963 10035 10034)
4(10034 10035 10107 10106)
4(10106 10107 10179 10178)
4(10178 10179 10251 10250)
4(10250 10251 10323 10322)
4(10322 10323 10395 10394)
4(10394 10395 10467 10466)
4(10466 10467 10539 10538)
4(10538 10539 10611 10610)
4(10610 10611 10683 10682)
4(10682 10683 10755 10754)
4(10754 10755 10827 10826)
4(10826 10827 10899 10898)
4(10898 10899 10971 10970)
4(10970 10971 11043 11042)
4(11042 11043 11115 11114)
4(11114 11115 11187 11186)
4(11186 11187 11259 11258)
4(11258 11259 11331 11330)
4(11330 11331 11403 11402)
4(11402 11403 11475 11474)
4(11474 11475 11547 11546)
4(11546 11547 11619 11618)
4(11618 11619 11691 11690)
4(11690 11691 11763 11762)
4(11762 11763 11835 11834)
4(6651 6652 9316 9315)
4(9315 9316 9388 9387)
4(9387 9388 9460 9459)
4(9459 9460 9532 9531)
4(9531 9532 9604 9603)
4(9603 9604 9676 9675)
4(9675 9676 9748 9747)
4(9747 9748 9820 9819)
4(9819 9820 9892 9891)
4(9891 9892 9964 9963)
4(9963 9964 10036 10035)
4(10035 10036 10108 10107)
4(10107 10108 10180 10179)
4(10179 10180 10252 10251)
4(10251 10252 10324 10323)
4(10323 10324 10396 10395)
4(10395 10396 10468 10467)
4(10467 10468 10540 10539)
4(10539 10540 10612 10611)
4(10611 10612 10684 10683)
4(10683 10684 10756 10755)
4(10755 10756 10828 10827)
4(10827 10828 10900 10899)
4(10899 10900 10972 10971)
4(10971 10972 11044 11043)
4(11043 11044 11116 11115)
4(11115 11116 11188 11187)
4(11187 11188 11260 11259)
4(11259 11260 11332 11331)
4(11331 11332 11404 11403)
4(11403 11404 11476 11475)
4(11475 11476 11548 11547)
4(11547 11548 11620 11619)
4(11619 11620 11692 11691)
4(11691 11692 11764 11763)
4(11763 11764 11836 11835)
4(6652 6653 9317 9316)
4(9316 9317 9389 9388)
4(9388 9389 9461 9460)
4(9460 9461 9533 9532)
4(9532 9533 9605 9604)
4(9604 9605 9677 9676)
4(9676 9677 9749 9748)
4(9748 9749 9821 9820)
4(9820 9821 9893 9892)
4(9892 9893 9965 9964)
4(9964 9965 10037 10036)
4(10036 10037 10109 10108)
4(10108 10109 10181 10180)
4(10180 10181 10253 10252)
4(10252 10253 10325 10324)
4(10324 10325 10397 10396)
4(10396 10397 10469 10468)
4(10468 10469 10541 10540)
4(10540 10541 10613 10612)
4(10612 10613 10685 10684)
4(10684 10685 10757 10756)
4(10756 10757 10829 10828)
4(10828 10829 10901 10900)
4(10900 10901 10973 10972)
4(10972 10973 11045 11044)
4(11044 11045 11117 11116)
4(11116 11117 11189 11188)
4(11188 11189 11261 11260)
4(11260 11261 11333 11332)
4(11332 11333 11405 11404)
4(11404 11405 11477 11476)
4(11476 11477 11549 11548)
4(11548 11549 11621 11620)
4(11620 11621 11693 11692)
4(11692 11693 11765 11764)
4(11764 11765 11837 11836)
4(6653 6654 9318 9317)
4(9317 9318 9390 9389)
4(9389 9390 9462 9461)
4(9461 9462 9534 9533)
4(9533 9534 9606 9605)
4(9605 9606 9678 9677)
4(9677 9678 9750 9749)
4(9749 9750 9822 9821)
4(9821 9822 9894 9893)
4(9893 9894 9966 9965)
4(9965 9966 10038 10037)
4(10037 10038 10110 10109)
4(10109 10110 10182 10181)
4(10181 10182 10254 10253)
4(10253 10254 10326 10325)
4(10325 10326 10398 10397)
4(10397 10398 10470 10469)
4(10469 10470 10542 10541)
4(10541 10542 10614 10613)
4(10613 10614 10686 10685)
4(10685 10686 10758 10757)
4(10757 10758 10830 10829)
4(10829 10830 10902 10901)
4(10901 10902 10974 10973)
4(10973 10974 11046 11045)
4(11045 11046 11118 11117)
4(11117 11118 11190 11189)
4(11189 11190 11262 11261)
4(11261 11262 11334 11333)
4(11333 11334 11406 11405)
4(11405 11406 11478 11477)
4(11477 11478 11550 11549)
4(11549 11550 11622 11621)
4(11621 11622 11694 11693)
4(11693 11694 11766 11765)
4(11765 11766 11838 11837)
4(6654 6655 9319 9318)
4(9318 9319 9391 9390)
4(9390 9391 9463 9462)
4(9462 9463 9535 9534)
4(9534 9535 9607 9606)
4(9606 9607 9679 9678)
4(9678 9679 9751 9750)
4(9750 9751 9823 9822)
4(9822 9823 9895 9894)
4(9894 9895 9967 9966)
4(9966 9967 10039 10038)
4(10038 10039 10111 10110)
4(10110 10111 10183 10182)
4(10182 10183 10255 10254)
4(10254 10255 10327 10326)
4(10326 10327 10399 10398)
4(10398 10399 10471 10470)
4(10470 10471 10543 10542)
4(10542 10543 10615 10614)
4(10614 10615 10687 10686)
4(10686 10687 10759 10758)
4(10758 10759 10831 10830)
4(10830 10831 10903 10902)
4(10902 10903 10975 10974)
4(10974 10975 11047 11046)
4(11046 11047 11119 11118)
4(11118 11119 11191 11190)
4(11190 11191 11263 11262)
4(11262 11263 11335 11334)
4(11334 11335 11407 11406)
4(11406 11407 11479 11478)
4(11478 11479 11551 11550)
4(11550 11551 11623 11622)
4(11622 11623 11695 11694)
4(11694 11695 11767 11766)
4(11766 11767 11839 11838)
4(6655 6656 9320 9319)
4(9319 9320 9392 9391)
4(9391 9392 9464 9463)
4(9463 9464 9536 9535)
4(9535 9536 9608 9607)
4(9607 9608 9680 9679)
4(9679 9680 9752 9751)
4(9751 9752 9824 9823)
4(9823 9824 9896 9895)
4(9895 9896 9968 9967)
4(9967 9968 10040 10039)
4(10039 10040 10112 10111)
4(10111 10112 10184 10183)
4(10183 10184 10256 10255)
4(10255 10256 10328 10327)
4(10327 10328 10400 10399)
4(10399 10400 10472 10471)
4(10471 10472 10544 10543)
4(10543 10544 10616 10615)
4(10615 10616 10688 10687)
4(10687 10688 10760 10759)
4(10759 10760 10832 10831)
4(10831 10832 10904 10903)
4(10903 10904 10976 10975)
4(10975 10976 11048 11047)
4(11047 11048 11120 11119)
4(11119 11120 11192 11191)
4(11191 11192 11264 11263)
4(11263 11264 11336 11335)
4(11335 11336 11408 11407)
4(11407 11408 11480 11479)
4(11479 11480 11552 11551)
4(11551 11552 11624 11623)
4(11623 11624 11696 11695)
4(11695 11696 11768 11767)
4(11767 11768 11840 11839)
4(6656 6657 9321 9320)
4(9320 9321 9393 9392)
4(9392 9393 9465 9464)
4(9464 9465 9537 9536)
4(9536 9537 9609 9608)
4(9608 9609 9681 9680)
4(9680 9681 9753 9752)
4(9752 9753 9825 9824)
4(9824 9825 9897 9896)
4(9896 9897 9969 9968)
4(9968 9969 10041 10040)
4(10040 10041 10113 10112)
4(10112 10113 10185 10184)
4(10184 10185 10257 10256)
4(10256 10257 10329 10328)
4(10328 10329 10401 10400)
4(10400 10401 10473 10472)
4(10472 10473 10545 10544)
4(10544 10545 10617 10616)
4(10616 10617 10689 10688)
4(10688 10689 10761 10760)
4(10760 10761 10833 10832)
4(10832 10833 10905 10904)
4(10904 10905 10977 10976)
4(10976 10977 11049 11048)
4(11048 11049 11121 11120)
4(11120 11121 11193 11192)
4(11192 11193 11265 11264)
4(11264 11265 11337 11336)
4(11336 11337 11409 11408)
4(11408 11409 11481 11480)
4(11480 11481 11553 11552)
4(11552 11553 11625 11624)
4(11624 11625 11697 11696)
4(11696 11697 11769 11768)
4(11768 11769 11841 11840)
)


// ************************************************************************* //
