#step	time	mdot360	FmomInletX360	FpInletGaugeX360	FpWallX360	FshearWallX360	T_CFD360	T_ideal360	Cfg
0	0	-0	-0	0	0	-0.0285199	-0.0285199	-0	0
1	1.2e-06	-0	-0	16.697	-0.993253	-0.0285197	15.6752	-0	0
2	2.41511e-06	0.167146	67.3139	-13.069	-1.95067	-0.0285189	52.2657	48.7366	1.07241
3	3.62618e-06	0.129715	52.0159	-13.0471	-2.85366	-0.0285042	36.0866	37.8226	0.954102
4	4.83464e-06	0.130193	51.9711	-12.8302	-3.70006	-0.0284849	35.4124	37.962	0.932838
5	6.04208e-06	0.129985	51.6478	-12.592	-4.48712	-0.0284618	34.5402	37.9013	0.911319
6	7.25008e-06	0.129704	51.2975	-12.354	-5.21202	-0.0284356	33.7031	37.8193	0.891163
7	8.4601e-06	0.129414	50.9522	-12.1235	-5.87227	-0.0284071	32.9281	37.7347	0.87262
8	9.67339e-06	0.129128	50.6233	-11.907	-6.46578	-0.0283766	32.2221	37.6515	0.855799
9	1.0891e-05	0.128856	50.3204	-11.7109	-6.99086	-0.0283447	31.5903	37.5721	0.840792
10	1.21138e-05	0.128606	50.053	-11.5411	-7.44612	-0.0283116	31.0375	37.4992	0.827686
11	1.33424e-05	0.128387	49.8289	-11.4022	-7.83037	-0.0282776	30.5681	37.4352	0.816561
12	1.45773e-05	0.128205	49.6541	-11.2975	-8.14238	-0.0282427	30.186	37.3823	0.807494
13	1.58184e-05	0.128067	49.5315	-11.228	-8.38071	-0.028207	29.8945	37.3421	0.800559
14	1.70653e-05	0.127975	49.4607	-11.1926	-8.54525	-0.0281705	29.6946	37.3152	0.795779
15	1.83187e-05	0.127927	49.4374	-11.1875	-8.63648	-0.0281329	29.5853	37.3013	0.793144
16	1.95789e-05	0.12792	49.4539	-11.2066	-8.65551	-0.0280943	29.5636	37.2991	0.79261
17	2.08464e-05	0.127945	49.4993	-11.2423	-8.60444	-0.0280544	29.6245	37.3063	0.794087
18	2.21218e-05	0.127991	49.5589	-11.2838	-8.49307	-0.0280153	29.754	37.3199	0.797268
19	2.34047e-05	0.128046	49.6173	-11.3211	-8.34013	-0.0279802	29.9281	37.3358	0.80159
20	2.46884e-05	0.128095	49.6611	-11.346	-8.15703	-0.0279495	30.1301	37.3501	0.806693
21	2.59722e-05	0.128128	49.6809	-11.3532	-7.95361	-0.0279227	30.3462	37.3598	0.812269
22	2.72562e-05	0.128138	49.6713	-11.34	-7.73952	-0.0278995	30.5639	37.3626	0.818034
23	2.85404e-05	0.128121	49.6313	-11.3067	-7.52349	-0.0278795	30.7732	37.3577	0.823745
24	2.98249e-05	0.128078	49.5636	-11.2559	-7.31326	-0.0278624	30.9666	37.3451	0.8292
25	3.11098e-05	0.128011	49.4737	-11.1919	-7.11573	-0.0278479	31.1383	37.3257	0.834231
26	3.2395e-05	0.127927	49.3685	-11.1194	-6.9273	-0.0278356	31.294	37.3011	0.838956
27	3.36789e-05	0.127831	49.2554	-11.0434	-6.73878	-0.0278242	31.4455	37.2732	0.843649
28	3.49629e-05	0.12773	49.141	-10.9679	-6.58441	-0.0278106	31.5608	37.2436	0.847415
29	3.62479e-05	0.127629	49.0305	-10.8964	-6.46891	-0.0277943	31.6375	37.2142	0.850145
30	3.75347e-05	0.127532	48.928	-10.8308	-6.38622	-0.0277761	31.6832	37.1861	0.852017
31	3.88194e-05	0.127444	48.836	-10.7728	-6.32851	-0.0277574	31.7069	37.1602	0.853249
32	4.0099e-05	0.127365	48.7561	-10.723	-6.29042	-0.0277389	31.7149	37.1373	0.853992
33	4.13742e-05	0.127297	48.6882	-10.6811	-6.26715	-0.0277208	31.7122	37.1174	0.854376
34	4.26454e-05	0.12724	48.6317	-10.6465	-6.25399	-0.0277033	31.7035	37.1007	0.854526
35	4.39132e-05	0.127192	48.5855	-10.6183	-6.24748	-0.0276866	31.692	37.0869	0.854533
36	4.5178e-05	0.127153	48.548	-10.5956	-6.24399	-0.0276706	31.6807	37.0756	0.85449
37	4.644e-05	0.127122	48.5179	-10.5774	-6.24303	-0.0276555	31.6698	37.0665	0.854405
38	4.76996e-05	0.127097	48.4936	-10.5627	-6.24546	-0.0276409	31.6578	37.0591	0.854251
39	4.89571e-05	0.127077	48.4738	-10.5507	-6.2516	-0.027627	31.6439	37.0532	0.854014
40	5.02126e-05	0.12706	48.4574	-10.5406	-6.26144	-0.0276134	31.6278	37.0484	0.85369
41	5.14664e-05	0.127046	48.4434	-10.5318	-6.2747	-0.0276003	31.6093	37.0443	0.853283
42	5.27186e-05	0.127034	48.4308	-10.5239	-6.29068	-0.0275877	31.5887	37.0408	0.852808
43	5.39694e-05	0.127023	48.419	-10.5163	-6.3078	-0.0275756	31.5674	37.0376	0.852307
44	5.52189e-05	0.127012	48.4076	-10.5088	-6.3256	-0.0275639	31.5456	37.0345	0.851789
45	5.64674e-05	0.127002	48.3961	-10.5012	-6.34097	-0.0275528	31.5263	37.0315	0.851338
46	5.77148e-05	0.126992	48.3842	-10.4934	-6.35064	-0.0275423	31.5127	37.0285	0.851039
47	5.89613e-05	0.126981	48.3719	-10.4852	-6.35674	-0.0275321	31.5024	37.0253	0.850836
48	6.0207e-05	0.12697	48.3589	-10.4766	-6.35968	-0.0275222	31.4952	37.022	0.850716
49	6.1452e-05	0.126958	48.3454	-10.4675	-6.35998	-0.0275124	31.4904	37.0185	0.850665
50	6.26964e-05	0.126945	48.3312	-10.4581	-6.35783	-0.0275026	31.4878	37.0149	0.850678
51	6.39401e-05	0.126932	48.3163	-10.4482	-6.35387	-0.0274928	31.4867	37.0111	0.850739
52	6.51834e-05	0.126918	48.301	-10.4381	-6.34928	-0.0274828	31.4862	37.0071	0.850814
53	6.64262e-05	0.126904	48.2851	-10.4276	-6.34517	-0.0274726	31.4849	37.003	0.850875
54	6.76686e-05	0.12689	48.2688	-10.4168	-6.34157	-0.0274621	31.483	36.9987	0.85092
55	6.89106e-05	0.126875	48.2522	-10.4058	-6.33887	-0.0274514	31.48	36.9944	0.85094
56	7.01524e-05	0.12686	48.2352	-10.3947	-6.33713	-0.0274406	31.476	36.9899	0.850933
57	7.13937e-05	0.126844	48.2179	-10.3833	-6.33356	-0.0274299	31.4736	36.9854	0.850974
58	7.26348e-05	0.126828	48.2004	-10.3718	-6.33172	-0.027419	31.4695	36.9808	0.850968
59	7.38756e-05	0.126812	48.1827	-10.3602	-6.3317	-0.027408	31.4634	36.9761	0.850912
60	7.51161e-05	0.126796	48.1648	-10.3485	-6.33307	-0.027397	31.4559	36.9714	0.850817
61	7.63564e-05	0.12678	48.1468	-10.3366	-6.33564	-0.027386	31.4471	36.9667	0.850689
62	7.75966e-05	0.126763	48.1287	-10.3248	-6.33931	-0.027375	31.4372	36.9619	0.850532
63	7.88365e-05	0.126747	48.1104	-10.3128	-6.3437	-0.027364	31.4266	36.957	0.850354
64	8.00764e-05	0.12673	48.0921	-10.3008	-6.34867	-0.0273532	31.4153	36.9521	0.850161
65	8.13161e-05	0.126713	48.0736	-10.2887	-6.35404	-0.0273425	31.4035	36.9473	0.849956
66	8.25556e-05	0.126696	48.0551	-10.2766	-6.35994	-0.027332	31.3912	36.9423	0.849736
67	8.37951e-05	0.126679	48.0365	-10.2644	-6.3661	-0.0273217	31.3786	36.9374	0.849509
68	8.50345e-05	0.126662	48.0177	-10.2521	-6.37287	-0.0273115	31.3654	36.9324	0.849265
69	8.62738e-05	0.126645	47.9989	-10.2398	-6.3803	-0.0273016	31.3515	36.9274	0.849003
70	8.75131e-05	0.126628	47.9799	-10.2274	-6.38827	-0.0272918	31.3369	36.9223	0.848726
71	8.87522e-05	0.12661	47.9608	-10.2149	-6.3966	-0.0272822	31.322	36.9173	0.848438
72	8.99914e-05	0.126593	47.9416	-10.2024	-6.40545	-0.0272727	31.3065	36.9121	0.848136
73	9.12305e-05	0.126575	47.9222	-10.1897	-6.41328	-0.0272634	31.292	36.907	0.847861
74	9.24695e-05	0.126557	47.9027	-10.1769	-6.42185	-0.0272541	31.2767	36.9018	0.847566
75	9.37085e-05	0.126539	47.883	-10.164	-6.43121	-0.0272448	31.2605	36.8965	0.847248
76	9.49475e-05	0.126521	47.863	-10.1509	-6.4415	-0.0272356	31.2434	36.8912	0.846905
77	9.61865e-05	0.126503	47.8429	-10.1377	-6.45278	-0.0272263	31.2251	36.8859	0.846534
78	9.74254e-05	0.126484	47.8225	-10.1244	-6.46499	-0.0272171	31.2059	36.8804	0.846136
79	9.86643e-05	0.126465	47.8018	-10.1108	-6.47807	-0.0272078	31.1857	36.8749	0.845715
80	9.99032e-05	0.126446	47.7808	-10.0971	-6.4919	-0.0271986	31.1646	36.8694	0.845272
81	0.000101142	0.126427	47.7595	-10.0832	-6.5064	-0.0271894	31.1428	36.8637	0.844809
82	0.000102381	0.126407	47.738	-10.069	-6.52132	-0.0271802	31.1204	36.8579	0.844334
83	0.00010362	0.126387	47.7161	-10.0547	-6.53629	-0.027171	31.0979	36.8521	0.843857
84	0.000104859	0.126367	47.694	-10.0403	-6.55117	-0.0271619	31.0753	36.8462	0.843381
85	0.000106098	0.126346	47.6719	-10.026	-6.56584	-0.0271527	31.053	36.8402	0.84291
86	0.000107337	0.126326	47.6502	-10.012	-6.58011	-0.0271435	31.031	36.8343	0.84245
87	0.000108576	0.126306	47.6273	-9.99659	-6.59388	-0.0271343	31.0097	36.8285	0.842005
88	0.000109814	0.126284	47.6021	-9.97958	-6.60709	-0.0271252	30.9883	36.8221	0.841567
89	0.000111053	0.12626	47.5747	-9.96134	-6.61975	-0.027116	30.9665	36.815	0.841137
90	0.000112292	0.126234	47.5454	-9.9419	-6.63184	-0.0271068	30.9446	36.8074	0.840716
91	0.000113531	0.126206	47.5144	-9.9213	-6.64174	-0.0270977	30.9242	36.7993	0.840347
92	0.000114769	0.126177	47.4816	-9.89959	-6.65168	-0.0270883	30.9032	36.7908	0.839972
93	0.000116008	0.126145	47.4471	-9.8768	-6.66161	-0.0270789	30.8816	36.7817	0.839591
94	0.000117247	0.126113	47.4109	-9.85296	-6.67156	-0.0270695	30.8593	36.7722	0.839204
95	0.000118485	0.126079	47.3731	-9.82801	-6.68158	-0.02706	30.8365	36.7622	0.838809
96	0.000119724	0.126043	47.3335	-9.80192	-6.6917	-0.0270504	30.8129	36.7518	0.838406
97	0.000120962	0.126005	47.2922	-9.77473	-6.70189	-0.0270409	30.7886	36.7408	0.837994
98	0.000122201	0.125966	47.2492	-9.74646	-6.71215	-0.0270313	30.7636	36.7294	0.837575
99	0.000123439	0.125925	47.2046	-9.71715	-6.72254	-0.0270216	30.7379	36.7175	0.837146
100	0.000124678	0.125883	47.1583	-9.6868	-6.73308	-0.027012	30.7115	36.7051	0.836708
101	0.000125916	0.125839	47.1104	-9.65537	-6.74381	-0.0270024	30.6842	36.6923	0.836259
102	0.000127155	0.125793	47.0608	-9.62281	-6.75479	-0.0269927	30.6562	36.679	0.835797
103	0.000128393	0.125746	47.0103	-9.59005	-6.76608	-0.0269832	30.6272	36.6652	0.835321
104	0.000129632	0.125698	46.9605	-9.55811	-6.77561	-0.0269736	30.5998	36.6512	0.834891
105	0.00013087	0.125651	46.912	-9.52704	-6.7877	-0.026964	30.5703	36.6376	0.834396
106	0.000132109	0.125606	46.8648	-9.4969	-6.79847	-0.0269544	30.5425	36.6243	0.83394
107	0.000133348	0.125562	46.8192	-9.46772	-6.80999	-0.0269447	30.5145	36.6115	0.833469
108	0.000134587	0.125519	46.775	-9.43954	-6.82219	-0.026935	30.4863	36.5989	0.832984
109	0.000135825	0.125477	46.7323	-9.41236	-6.83495	-0.0269252	30.4581	36.5868	0.832488
110	0.000137064	0.125437	46.6913	-9.38622	-6.84813	-0.0269154	30.43	36.5752	0.831986
111	0.000138303	0.125398	46.6518	-9.36111	-6.86161	-0.0269056	30.4022	36.5639	0.831481
112	0.000139543	0.125361	46.6139	-9.33705	-6.8752	-0.0268957	30.3748	36.5531	0.830978
113	0.000140782	0.125326	46.5777	-9.31404	-6.8888	-0.0268858	30.3479	36.5427	0.830479
114	0.000142021	0.125291	46.543	-9.29207	-6.90227	-0.0268759	30.3218	36.5327	0.82999
115	0.00014326	0.125259	46.5099	-9.27114	-6.91549	-0.0268659	30.2965	36.5232	0.829513
116	0.0001445	0.125228	46.4785	-9.25124	-6.92836	-0.026856	30.272	36.5141	0.82905
117	0.000145739	0.125198	46.4486	-9.23236	-6.94082	-0.026846	30.2486	36.5055	0.828604
118	0.000146979	0.12517	46.4203	-9.21448	-6.95285	-0.026836	30.2261	36.4972	0.828175
119	0.000148218	0.125143	46.3935	-9.19759	-6.96442	-0.026826	30.2047	36.4895	0.827764
120	0.000149458	0.125118	46.3682	-9.18167	-6.97559	-0.026816	30.1841	36.4821	0.827369
121	0.000150697	0.125094	46.3444	-9.1667	-6.9864	-0.026806	30.1645	36.4752	0.826988
122	0.000151937	0.125072	46.3221	-9.15266	-6.99586	-0.0267961	30.1468	36.4686	0.82665
123	0.000153177	0.125051	46.3012	-9.13953	-7.00451	-0.0267861	30.1304	36.4625	0.826338
124	0.000154417	0.125031	46.2816	-9.12728	-7.00959	-0.0267761	30.118	36.4567	0.82613
125	0.000155657	0.125013	46.2635	-9.1159	-7.01226	-0.0267661	30.1085	36.4514	0.825992
126	0.000156897	0.124995	46.2466	-9.10537	-7.01467	-0.0267561	30.0998	36.4464	0.825865
127	0.000158137	0.12498	46.231	-9.0956	-7.01754	-0.026746	30.0911	36.4418	0.825731
128	0.000159377	0.124965	46.2163	-9.08638	-7.02113	-0.0267359	30.0821	36.4375	0.825581
129	0.000160617	0.124951	46.2025	-9.07773	-7.0256	-0.0267257	30.0725	36.4334	0.825409
130	0.000161857	0.124938	46.1897	-9.06971	-7.03103	-0.0267156	30.0623	36.4296	0.825214
131	0.000163097	0.124926	46.1779	-9.06236	-7.03745	-0.0267055	30.0514	36.4261	0.824996
132	0.000164338	0.124915	46.1671	-9.05568	-7.04491	-0.0266954	30.0398	36.4229	0.824752
133	0.000165578	0.124905	46.1574	-9.04971	-7.05342	-0.0266854	30.0276	36.4199	0.824483
134	0.000166818	0.124896	46.1488	-9.04443	-7.06297	-0.0266754	30.0148	36.4173	0.824189
135	0.000168059	0.124888	46.1413	-9.03985	-7.07349	-0.0266655	30.0013	36.415	0.823872
136	0.000169299	0.124881	46.1349	-9.03596	-7.08494	-0.0266556	29.9873	36.413	0.823534
137	0.000170539	0.124875	46.1294	-9.03271	-7.09718	-0.0266457	29.9729	36.4113	0.823177
138	0.00017178	0.12487	46.125	-9.03007	-7.1101	-0.0266358	29.9582	36.4098	0.822805
139	0.00017302	0.124866	46.1215	-9.02802	-7.12353	-0.0266259	29.9433	36.4087	0.822422
140	0.000174261	0.124863	46.1188	-9.02649	-7.1373	-0.026616	29.9284	36.4078	0.822033
141	0.000175502	0.124861	46.1169	-9.02546	-7.15133	-0.026606	29.9135	36.4071	0.82164
142	0.000176742	0.124859	46.1158	-9.0249	-7.16558	-0.0265961	29.8987	36.4066	0.821244
143	0.000177983	0.124858	46.1151	-9.02458	-7.17989	-0.0265861	29.8841	36.4064	0.820848
144	0.000179224	0.124858	46.1148	-9.02439	-7.19412	-0.0265761	29.8697	36.4062	0.820456
145	0.000180464	0.124857	46.1146	-9.02434	-7.20814	-0.0265661	29.8556	36.4061	0.82007
146	0.000181705	0.124857	46.1147	-9.02444	-7.22186	-0.0265561	29.8418	36.4061	0.819693
147	0.000182946	0.124858	46.115	-9.0247	-7.23519	-0.0265461	29.8286	36.4062	0.819328
148	0.000184186	0.124858	46.1156	-9.02512	-7.24816	-0.0265361	29.8158	36.4063	0.818973
149	0.000185427	0.124859	46.1164	-9.02573	-7.25987	-0.0265261	29.8043	36.4065	0.818654
150	0.000186668	0.124859	46.1176	-9.02654	-7.27305	-0.0265161	29.7915	36.4067	0.818295
151	0.000187908	0.124861	46.119	-9.02756	-7.28309	-0.0265062	29.7819	36.4071	0.818024
152	0.000189149	0.124862	46.1209	-9.02881	-7.2955	-0.0264963	29.7701	36.4075	0.817689
153	0.000190389	0.124864	46.123	-9.03029	-7.30501	-0.0264865	29.7612	36.4081	0.817435
154	0.00019163	0.124866	46.1256	-9.03201	-7.31658	-0.0264767	29.7505	36.4087	0.817126
155	0.00019287	0.124869	46.1285	-9.03398	-7.3256	-0.0264669	29.7425	36.4095	0.816888
156	0.00019411	0.124872	46.1318	-9.03621	-7.33597	-0.0264572	29.7332	36.4104	0.816614
157	0.000195351	0.124875	46.1356	-9.0387	-7.34482	-0.0264475	29.7256	36.4113	0.816383
158	0.000196591	0.124879	46.1397	-9.04148	-7.3554	-0.0264379	29.7164	36.4124	0.816107
159	0.000197831	0.124883	46.1444	-9.04455	-7.36406	-0.0264283	29.7093	36.4137	0.815884
160	0.000199071	0.124888	46.1494	-9.04791	-7.37293	-0.0264187	29.7022	36.415	0.815658
161	0.000200312	0.124893	46.155	-9.05158	-7.38369	-0.0264092	29.6933	36.4165	0.815381
162	0.000201552	0.124898	46.161	-9.05554	-7.39249	-0.0263997	29.6866	36.4181	0.81516
163	0.000202792	0.124904	46.1675	-9.0598	-7.40195	-0.0263902	29.6793	36.4198	0.814922
164	0.000204032	0.124911	46.1744	-9.06435	-7.41234	-0.0263807	29.6713	36.4217	0.81466
165	0.000205273	0.124918	46.1817	-9.06917	-7.42123	-0.0263713	29.6649	36.4237	0.814441
166	0.000206513	0.124925	46.1895	-9.07426	-7.43028	-0.0263618	29.6586	36.4258	0.814219
167	0.000207753	0.124933	46.1977	-9.07961	-7.44118	-0.0263524	29.6505	36.428	0.813948
168	0.000208994	0.124941	46.2062	-9.08516	-7.45006	-0.026343	29.6446	36.4304	0.813734
169	0.000210234	0.124949	46.2148	-9.09071	-7.45902	-0.0263336	29.6388	36.4328	0.813519
170	0.000211475	0.124957	46.2235	-9.09626	-7.46805	-0.0263242	29.6328	36.4353	0.813302
171	0.000212715	0.124966	46.2321	-9.1018	-7.47708	-0.0263147	29.6269	36.4377	0.813084
172	0.000213956	0.124974	46.2407	-9.10732	-7.48604	-0.0263053	29.621	36.4401	0.812869
173	0.000215196	0.124982	46.2493	-9.11283	-7.49483	-0.0262959	29.6153	36.4425	0.812658
174	0.000216437	0.124991	46.2578	-9.11832	-7.50343	-0.0262864	29.6098	36.4449	0.812453
175	0.000217677	0.124999	46.2664	-9.12379	-7.5118	-0.026277	29.6045	36.4474	0.812254
176	0.000218918	0.125007	46.2748	-9.12924	-7.51994	-0.0262675	29.5994	36.4497	0.812061
177	0.000220158	0.125015	46.2833	-9.13465	-7.52779	-0.0262581	29.5946	36.4521	0.811875
178	0.000221399	0.125023	46.2916	-9.13999	-7.53538	-0.0262486	29.59	36.4545	0.811697
179	0.00022264	0.125031	46.2998	-9.14524	-7.54274	-0.0262392	29.5856	36.4568	0.811525
180	0.00022388	0.125039	46.3079	-9.15042	-7.54994	-0.0262299	29.5813	36.4591	0.811356
181	0.000225121	0.125047	46.3159	-9.1555	-7.55703	-0.0262205	29.5771	36.4614	0.811191
182	0.000226361	0.125055	46.3237	-9.16046	-7.56405	-0.0262113	29.5729	36.4636	0.811026
183	0.000227602	0.125062	46.3312	-9.16528	-7.57108	-0.026202	29.5687	36.4658	0.810861
184	0.000228842	0.125069	46.3386	-9.16998	-7.57818	-0.0261929	29.5643	36.4679	0.810693
185	0.000230083	0.125076	46.3458	-9.17454	-7.58542	-0.0261838	29.5596	36.4699	0.810521
186	0.000231323	0.125083	46.3527	-9.17895	-7.59284	-0.0261747	29.5548	36.4719	0.810343
187	0.000232564	0.12509	46.3594	-9.18323	-7.60051	-0.0261658	29.5495	36.4739	0.810157
188	0.000233804	0.125096	46.3659	-9.18735	-7.60845	-0.0261568	29.544	36.4757	0.809963
189	0.000235045	0.125102	46.3722	-9.19134	-7.61666	-0.026148	29.5381	36.4775	0.809761
190	0.000236285	0.125108	46.3783	-9.19517	-7.62515	-0.0261391	29.5318	36.4793	0.80955
191	0.000237526	0.125114	46.3841	-9.19886	-7.63393	-0.0261303	29.5252	36.4809	0.809331
192	0.000238766	0.125119	46.3896	-9.20239	-7.643	-0.0261216	29.5181	36.4825	0.809103
193	0.000240007	0.125125	46.395	-9.20578	-7.65234	-0.0261128	29.5108	36.4841	0.808867
194	0.000241247	0.12513	46.4001	-9.20902	-7.66191	-0.0261041	29.5031	36.4856	0.808623
195	0.000242488	0.125135	46.405	-9.21211	-7.67167	-0.0260953	29.4951	36.487	0.808374
196	0.000243728	0.125139	46.4097	-9.21506	-7.68158	-0.0260866	29.4869	36.4883	0.80812
197	0.000244968	0.125144	46.4141	-9.21787	-7.6916	-0.0260778	29.4786	36.4896	0.807862
198	0.000246209	0.125148	46.4183	-9.22054	-7.70166	-0.026069	29.4701	36.4908	0.807602
199	0.000247449	0.125152	46.4223	-9.22307	-7.71171	-0.0260602	29.4615	36.492	0.807341
200	0.000248689	0.125156	46.4261	-9.22546	-7.72169	-0.0260514	29.4529	36.4931	0.807082
201	0.00024993	0.125159	46.4297	-9.22771	-7.73152	-0.0260425	29.4444	36.4941	0.806826
202	0.00025117	0.125163	46.433	-9.22982	-7.74115	-0.0260337	29.436	36.4951	0.806575
203	0.00025241	0.125166	46.4362	-9.2318	-7.75048	-0.0260248	29.4279	36.496	0.806331
204	0.000253651	0.125169	46.4391	-9.23364	-7.75946	-0.0260159	29.42	36.4969	0.806097
205	0.000254891	0.125171	46.4419	-9.23536	-7.76805	-0.0260071	29.4125	36.4977	0.805872
206	0.000256131	0.125174	46.4444	-9.23696	-7.77624	-0.0259982	29.4052	36.4984	0.805657
207	0.000257372	0.125176	46.4468	-9.23843	-7.78402	-0.0259893	29.3983	36.4991	0.805453
208	0.000258612	0.125179	46.449	-9.2398	-7.79142	-0.0259804	29.3918	36.4998	0.805259
209	0.000259852	0.125181	46.451	-9.24106	-7.79848	-0.0259715	29.3855	36.5004	0.805073
210	0.000261093	0.125182	46.4528	-9.24222	-7.80523	-0.0259626	29.3794	36.5009	0.804896
211	0.000262333	0.125184	46.4545	-9.24327	-7.81169	-0.0259537	29.3736	36.5014	0.804725
212	0.000263573	0.125186	46.4561	-9.24423	-7.81793	-0.0259448	29.368	36.5019	0.80456
213	0.000264814	0.125187	46.4575	-9.2451	-7.824	-0.025936	29.3624	36.5023	0.804399
214	0.000266054	0.125188	46.4587	-9.24587	-7.83	-0.0259272	29.3569	36.5027	0.80424
215	0.000267294	0.12519	46.4599	-9.24659	-7.83598	-0.0259185	29.3514	36.503	0.804081
216	0.000268535	0.125191	46.4609	-9.24724	-7.84205	-0.0259098	29.3457	36.5033	0.803919
217	0.000269775	0.125192	46.4619	-9.24784	-7.84825	-0.0259011	29.3399	36.5036	0.803753
218	0.000271016	0.125193	46.4627	-9.24837	-7.85463	-0.0258924	29.3338	36.5039	0.803582
219	0.000272256	0.125193	46.4635	-9.24884	-7.86123	-0.0258838	29.3275	36.5041	0.803404
220	0.000273496	0.125194	46.4642	-9.24925	-7.86807	-0.0258753	29.321	36.5043	0.80322
221	0.000274737	0.125195	46.4647	-9.2496	-7.87518	-0.0258668	29.3141	36.5045	0.803027
222	0.000275977	0.125195	46.4652	-9.24989	-7.88257	-0.0258583	29.3069	36.5046	0.802827
223	0.000277217	0.125196	46.4656	-9.25013	-7.89026	-0.0258499	29.2994	36.5048	0.802618
224	0.000278458	0.125196	46.466	-9.25032	-7.89823	-0.0258415	29.2916	36.5049	0.802402
225	0.000279698	0.125196	46.4662	-9.25046	-7.90647	-0.0258331	29.2834	36.5049	0.802177
226	0.000280938	0.125196	46.4664	-9.25056	-7.91497	-0.0258248	29.275	36.505	0.801945
227	0.000282179	0.125197	46.4665	-9.25063	-7.92368	-0.0258164	29.2664	36.5051	0.801707
228	0.000283419	0.125197	46.4666	-9.25066	-7.93257	-0.025808	29.2575	36.5051	0.801464
229	0.00028466	0.125197	46.4666	-9.25067	-7.9416	-0.0257997	29.2485	36.5051	0.801218
230	0.0002859	0.125197	46.4666	-9.25066	-7.95071	-0.0257913	29.2394	36.5051	0.800968
231	0.00028714	0.125197	46.4666	-9.25065	-7.95985	-0.0257829	29.2303	36.5051	0.800718
232	0.000288381	0.125197	46.4665	-9.25062	-7.96895	-0.0257745	29.2212	36.5051	0.800469
233	0.000289621	0.125197	46.4665	-9.25058	-7.97797	-0.0257661	29.2122	36.5051	0.800222
234	0.000290862	0.125197	46.4664	-9.25053	-7.98686	-0.0257577	29.2033	36.5051	0.799979
235	0.000292102	0.125197	46.4663	-9.25046	-7.99556	-0.0257492	29.1945	36.505	0.79974
236	0.000293342	0.125196	46.4662	-9.25038	-8.00404	-0.0257408	29.186	36.505	0.799508
237	0.000294583	0.125196	46.466	-9.25028	-8.01226	-0.0257323	29.1778	36.505	0.799282
238	0.000295823	0.125196	46.4659	-9.25017	-8.02021	-0.0257238	29.1698	36.5049	0.799064
239	0.000297064	0.125196	46.4657	-9.25003	-8.02785	-0.0257154	29.1621	36.5049	0.798854
240	0.000298304	0.125196	46.4654	-9.24987	-8.03519	-0.0257069	29.1547	36.5048	0.798653
241	0.000299545	0.125196	46.4652	-9.24969	-8.04224	-0.0256984	29.1476	36.5048	0.798459
242	0.000300785	0.125195	46.4649	-9.24949	-8.04898	-0.0256899	29.1407	36.5047	0.798274
243	0.000302025	0.125195	46.4646	-9.24929	-8.05543	-0.0256814	29.1342	36.5046	0.798096
244	0.000303266	0.125195	46.4642	-9.24908	-8.06161	-0.0256729	29.1279	36.5045	0.797926
245	0.000304506	0.125194	46.4639	-9.24887	-8.06754	-0.0256644	29.1218	36.5044	0.797762
246	0.000305747	0.125194	46.4636	-9.24865	-8.07326	-0.0256559	29.116	36.5043	0.797605
247	0.000306987	0.125194	46.4632	-9.24843	-8.07878	-0.0256475	29.1104	36.5042	0.797453
248	0.000308228	0.125193	46.4629	-9.2482	-8.08414	-0.025639	29.1049	36.5041	0.797305
249	0.000309468	0.125193	46.4625	-9.24798	-8.08937	-0.0256306	29.0996	36.504	0.79716
250	0.000310709	0.125193	46.4622	-9.24777	-8.09449	-0.0256222	29.0943	36.5039	0.797019
251	0.000311949	0.125192	46.4619	-9.24755	-8.09952	-0.0256138	29.0892	36.5038	0.79688
252	0.000313189	0.125192	46.4616	-9.24735	-8.10448	-0.0256054	29.0841	36.5037	0.796743
253	0.00031443	0.125192	46.4612	-9.24714	-8.10939	-0.025597	29.0791	36.5037	0.796608
254	0.00031567	0.125192	46.4609	-9.24694	-8.11423	-0.0255887	29.0742	36.5036	0.796474
255	0.000316911	0.125191	46.4606	-9.24675	-8.11902	-0.0255804	29.0693	36.5035	0.796342
256	0.000318151	0.125191	46.4603	-9.24656	-8.12372	-0.0255721	29.0645	36.5034	0.796213
257	0.000319392	0.125191	46.46	-9.24638	-8.12829	-0.0255638	29.0598	36.5033	0.796087
258	0.000320632	0.12519	46.4598	-9.24621	-8.13271	-0.0255555	29.0553	36.5032	0.795965
259	0.000321873	0.12519	46.4595	-9.24605	-8.13693	-0.0255473	29.051	36.5032	0.795848
260	0.000323113	0.12519	46.4593	-9.24589	-8.14091	-0.025539	29.0469	36.5031	0.795739
261	0.000324353	0.12519	46.459	-9.24574	-8.14459	-0.0255308	29.0432	36.503	0.795637
262	0.000325594	0.125189	46.4588	-9.2456	-8.14792	-0.0255226	29.0398	36.503	0.795545
263	0.000326834	0.125189	46.4586	-9.24547	-8.15085	-0.0255145	29.0368	36.5029	0.795465
264	0.000328075	0.125189	46.4584	-9.24535	-8.1533	-0.0255063	29.0343	36.5028	0.795397
265	0.000329315	0.125189	46.4582	-9.24524	-8.1552	-0.0254981	29.0323	36.5028	0.795345
266	0.000330556	0.125189	46.4581	-9.24513	-8.15647	-0.0254899	29.031	36.5027	0.795309
267	0.000331796	0.125189	46.4579	-9.24504	-8.15703	-0.0254818	29.0304	36.5027	0.795294
268	0.000333037	0.125188	46.4578	-9.24495	-8.15677	-0.0254736	29.0306	36.5027	0.7953
269	0.000334277	0.125188	46.4576	-9.24488	-8.15561	-0.0254654	29.0317	36.5026	0.795332
270	0.000335518	0.125188	46.4575	-9.24481	-8.15344	-0.0254572	29.0338	36.5026	0.795391
271	0.000336758	0.125188	46.4574	-9.24475	-8.15016	-0.0254491	29.0371	36.5026	0.795481
272	0.000337998	0.125188	46.4574	-9.2447	-8.14568	-0.0254409	29.0415	36.5025	0.795604
273	0.000339239	0.125188	46.4573	-9.24467	-8.13988	-0.0254327	29.0473	36.5025	0.795762
274	0.000340479	0.125188	46.4572	-9.24463	-8.13266	-0.0254245	29.0545	36.5025	0.79596
275	0.00034172	0.125188	46.4572	-9.2446	-8.12394	-0.0254163	29.0632	36.5025	0.796199
276	0.00034296	0.125188	46.4571	-9.24457	-8.11364	-0.0254081	29.0735	36.5025	0.796481
277	0.000344201	0.125188	46.4571	-9.24455	-8.10169	-0.0253999	29.0855	36.5025	0.796809
278	0.000345441	0.125188	46.4571	-9.24454	-8.08803	-0.0253917	29.0991	36.5024	0.797183
279	0.000346682	0.125188	46.4571	-9.24453	-8.07262	-0.0253835	29.1145	36.5024	0.797605
280	0.000347922	0.125188	46.4571	-9.24453	-8.05545	-0.0253753	29.1317	36.5024	0.798076
281	0.000349163	0.125188	46.4571	-9.24454	-8.03649	-0.0253671	29.1507	36.5024	0.798595
282	0.000350403	0.125188	46.4571	-9.24456	-8.01577	-0.0253589	29.1714	36.5024	0.799163
283	0.000351643	0.125188	46.4571	-9.24458	-7.99332	-0.0253507	29.1939	36.5024	0.799779
284	0.000352884	0.125188	46.4572	-9.24461	-7.96919	-0.0253425	29.218	36.5025	0.80044
285	0.000354124	0.125188	46.4572	-9.24465	-7.94345	-0.0253343	29.2438	36.5025	0.801146
286	0.000355365	0.125188	46.4573	-9.2447	-7.91617	-0.0253262	29.2711	36.5025	0.801894
287	0.000356605	0.125188	46.4574	-9.24476	-7.88744	-0.025318	29.2999	36.5025	0.802681
288	0.000357846	0.125188	46.4575	-9.24483	-7.85738	-0.0253099	29.33	36.5025	0.803505
289	0.000359086	0.125188	46.4576	-9.2449	-7.82609	-0.0253018	29.3613	36.5026	0.804363
290	0.000360327	0.125188	46.4577	-9.24499	-7.79369	-0.0252938	29.3938	36.5026	0.805251
291	0.000361567	0.125188	46.4579	-9.24508	-7.7603	-0.0252857	29.4272	36.5026	0.806167
292	0.000362808	0.125188	46.458	-9.24518	-7.72601	-0.0252777	29.4615	36.5027	0.807107
293	0.000364048	0.125189	46.4582	-9.24529	-7.69091	-0.0252697	29.4967	36.5027	0.808069
294	0.000365288	0.125189	46.4584	-9.24541	-7.65507	-0.0252618	29.5326	36.5028	0.809052
295	0.000366529	0.125189	46.4586	-9.24553	-7.61855	-0.0252539	29.5692	36.5028	0.810053
296	0.000367769	0.125189	46.4588	-9.24567	-7.58141	-0.025246	29.6064	36.5029	0.811072
297	0.00036901	0.125189	46.459	-9.24581	-7.5437	-0.0252381	29.6442	36.5029	0.812105
298	0.00037025	0.12519	46.4592	-9.24596	-7.50545	-0.0252302	29.6826	36.503	0.813154
299	0.000371491	0.12519	46.4594	-9.24611	-7.46667	-0.0252224	29.7214	36.5031	0.814218
300	0.000372731	0.12519	46.4597	-9.24627	-7.42735	-0.0252146	29.7608	36.5031	0.815296
301	0.000373972	0.12519	46.4599	-9.24644	-7.38747	-0.0252068	29.8008	36.5032	0.81639
302	0.000375212	0.125191	46.4602	-9.24662	-7.34703	-0.025199	29.8414	36.5033	0.817499
303	0.000376453	0.125191	46.4605	-9.24679	-7.30601	-0.0251912	29.8825	36.5033	0.818623
304	0.000377693	0.125191	46.4608	-9.24698	-7.26434	-0.0251833	29.9243	36.5034	0.819766
305	0.000378933	0.125191	46.4611	-9.24716	-7.22199	-0.0251755	29.9667	36.5035	0.820928
306	0.000380174	0.125192	46.4613	-9.24736	-7.17894	-0.0251677	30.0099	36.5036	0.822108
307	0.000381414	0.125192	46.4616	-9.24755	-7.13519	-0.0251598	30.0537	36.5037	0.823308
308	0.000382655	0.125192	46.462	-9.24775	-7.09073	-0.025152	30.0983	36.5037	0.824527
309	0.000383895	0.125192	46.4623	-9.24795	-7.04552	-0.0251441	30.1436	36.5038	0.825767
310	0.000385136	0.125193	46.4626	-9.24815	-6.99951	-0.0251362	30.1898	36.5039	0.827029
311	0.000386376	0.125193	46.4629	-9.24835	-6.95264	-0.0251282	30.2368	36.504	0.828314
312	0.000387617	0.125193	46.4632	-9.24856	-6.90494	-0.0251203	30.2846	36.5041	0.829622
313	0.000388857	0.125194	46.4635	-9.24876	-6.8564	-0.0251123	30.3333	36.5042	0.830953
314	0.000390097	0.125194	46.4638	-9.24897	-6.80702	-0.0251043	30.3828	36.5043	0.832307
315	0.000391338	0.125194	46.4642	-9.24917	-6.75683	-0.0250963	30.4331	36.5044	0.833683
316	0.000392578	0.125195	46.4645	-9.24937	-6.70582	-0.0250882	30.4842	36.5044	0.835082
317	0.000393819	0.125195	46.4648	-9.24958	-6.65404	-0.0250801	30.5361	36.5045	0.836501
318	0.000395059	0.125195	46.4651	-9.24978	-6.60146	-0.0250721	30.5888	36.5046	0.837943
319	0.0003963	0.125195	46.4654	-9.24998	-6.54816	-0.025064	30.6422	36.5047	0.839404
320	0.00039754	0.125196	46.4657	-9.25018	-6.49426	-0.0250559	30.6962	36.5048	0.840882
321	0.000398781	0.125196	46.466	-9.25038	-6.44018	-0.0250478	30.7504	36.5049	0.842365
322	0.000400021	0.125196	46.4663	-9.25057	-6.38583	-0.0250398	30.8049	36.505	0.843855
323	0.000401262	0.125197	46.4666	-9.25076	-6.33144	-0.0250317	30.8594	36.5051	0.845346
324	0.000402502	0.125197	46.4669	-9.25095	-6.27721	-0.0250237	30.9137	36.5051	0.846833
325	0.000403742	0.125197	46.4672	-9.25113	-6.22328	-0.0250157	30.9678	36.5052	0.848311
326	0.000404983	0.125197	46.4675	-9.25131	-6.16984	-0.0250079	31.0213	36.5053	0.849776
327	0.000406223	0.125198	46.4678	-9.25149	-6.11709	-0.0250001	31.0742	36.5054	0.851222
328	0.000407464	0.125198	46.468	-9.25166	-6.06522	-0.0249924	31.1262	36.5055	0.852644
329	0.000408704	0.125198	46.4683	-9.25183	-6.01435	-0.0249848	31.1771	36.5055	0.854039
330	0.000409945	0.125199	46.4686	-9.252	-5.9645	-0.0249774	31.2271	36.5056	0.855406
331	0.000411185	0.125199	46.4688	-9.25216	-5.91432	-0.0249701	31.2774	36.5057	0.856781
332	0.000412426	0.125199	46.4691	-9.25232	-5.86649	-0.024963	31.3253	36.5057	0.858092
333	0.000413666	0.125199	46.4693	-9.25247	-5.8186	-0.0249561	31.3733	36.5058	0.859405
334	0.000414906	0.125199	46.4695	-9.25262	-5.77406	-0.0249493	31.4179	36.5059	0.860626
335	0.000416147	0.1252	46.4698	-9.25277	-5.73008	-0.0249427	31.462	36.5059	0.861832
336	0.000417387	0.1252	46.47	-9.25291	-5.68832	-0.0249363	31.5038	36.506	0.862977
337	0.000418628	0.1252	46.4702	-9.25305	-5.64728	-0.02493	31.545	36.5061	0.864102
338	0.000419868	0.1252	46.4704	-9.25319	-5.60764	-0.024924	31.5847	36.5061	0.865188
339	0.000421109	0.125201	46.4706	-9.25332	-5.56967	-0.0249181	31.6227	36.5062	0.866229
340	0.000422349	0.125201	46.4708	-9.25345	-5.53235	-0.0249124	31.6601	36.5062	0.867253
341	0.00042359	0.125201	46.471	-9.25358	-5.49613	-0.0249068	31.6964	36.5063	0.868245
342	0.00042483	0.125201	46.4712	-9.2537	-5.46099	-0.0249015	31.7316	36.5064	0.869209
343	0.00042607	0.125201	46.4714	-9.25382	-5.42701	-0.0248963	31.7657	36.5064	0.87014
344	0.000427311	0.125201	46.4716	-9.25393	-5.39416	-0.0248913	31.7986	36.5065	0.871041
345	0.000428551	0.125202	46.4718	-9.25404	-5.36254	-0.0248864	31.8303	36.5065	0.871908
346	0.000429792	0.125202	46.4719	-9.25415	-5.33221	-0.0248816	31.8607	36.5066	0.872739
347	0.000431032	0.125202	46.4721	-9.25426	-5.30316	-0.024877	31.8898	36.5066	0.873535
348	0.000432273	0.125202	46.4723	-9.25436	-5.27541	-0.0248726	31.9176	36.5067	0.874296
349	0.000433513	0.125202	46.4724	-9.25446	-5.24888	-0.0248683	31.9442	36.5067	0.875024
350	0.000434754	0.125202	46.4726	-9.25455	-5.22373	-0.0248642	31.9694	36.5067	0.875713
351	0.000435994	0.125203	46.4727	-9.25465	-5.20006	-0.0248602	31.9932	36.5068	0.876362
352	0.000437235	0.125203	46.4729	-9.25474	-5.17784	-0.0248564	32.0154	36.5068	0.876971
353	0.000438475	0.125203	46.473	-9.25482	-5.15712	-0.0248527	32.0362	36.5069	0.877539
354	0.000439715	0.125203	46.4731	-9.25491	-5.13812	-0.0248492	32.0553	36.5069	0.87806
355	0.000440956	0.125203	46.4733	-9.25499	-5.12079	-0.0248459	32.0726	36.5069	0.878535
356	0.000442196	0.125203	46.4734	-9.25507	-5.10518	-0.0248428	32.0883	36.507	0.878963
357	0.000443437	0.125203	46.4735	-9.25515	-5.09134	-0.0248399	32.1022	36.507	0.879343
358	0.000444677	0.125203	46.4736	-9.25523	-5.07907	-0.0248372	32.1145	36.507	0.879679
359	0.000445918	0.125204	46.4738	-9.25531	-5.06834	-0.0248346	32.1253	36.5071	0.879974
360	0.000447158	0.125204	46.4739	-9.25538	-5.05903	-0.0248323	32.1346	36.5071	0.880229
361	0.000448398	0.125204	46.474	-9.25545	-5.05101	-0.0248302	32.1427	36.5071	0.880449
362	0.000449639	0.125204	46.4741	-9.25552	-5.04354	-0.0248282	32.1502	36.5072	0.880655
363	0.000450879	0.125204	46.4742	-9.2556	-5.03742	-0.0248264	32.1564	36.5072	0.880822
364	0.00045212	0.125204	46.4743	-9.25566	-5.03263	-0.0248248	32.1612	36.5072	0.880954
365	0.00045336	0.125204	46.4744	-9.25573	-5.02911	-0.0248233	32.1648	36.5073	0.881051
366	0.000454601	0.125204	46.4745	-9.2558	-5.02683	-0.024822	32.1671	36.5073	0.881114
367	0.000455841	0.125204	46.4746	-9.25587	-5.02487	-0.0248208	32.1691	36.5073	0.881168
368	0.000457082	0.125205	46.4747	-9.25594	-5.02407	-0.0248198	32.1699	36.5074	0.88119
369	0.000458322	0.125205	46.4748	-9.256	-5.02439	-0.0248188	32.1696	36.5074	0.881181
370	0.000459562	0.125205	46.4749	-9.25607	-5.02578	-0.0248179	32.1683	36.5074	0.881144
371	0.000460803	0.125205	46.475	-9.25614	-5.02817	-0.0248171	32.1659	36.5074	0.881079
372	0.000462043	0.125205	46.4752	-9.2562	-5.03153	-0.0248164	32.1626	36.5075	0.880987
373	0.000463284	0.125205	46.4753	-9.25627	-5.03564	-0.0248157	32.1585	36.5075	0.880875
374	0.000464524	0.125205	46.4754	-9.25634	-5.0404	-0.0248151	32.1538	36.5075	0.880745
375	0.000465765	0.125205	46.4755	-9.2564	-5.04573	-0.0248146	32.1485	36.5076	0.880599
376	0.000467005	0.125205	46.4756	-9.25647	-5.05161	-0.0248142	32.1427	36.5076	0.880438
377	0.000468246	0.125205	46.4757	-9.25654	-5.05808	-0.0248138	32.1362	36.5076	0.880261
378	0.000469486	0.125206	46.4758	-9.25661	-5.06511	-0.0248134	32.1292	36.5076	0.880069
379	0.000470726	0.125206	46.4759	-9.25668	-5.07319	-0.0248131	32.1212	36.5077	0.879848
380	0.000471967	0.125206	46.476	-9.25676	-5.08168	-0.0248127	32.1128	36.5077	0.879616
381	0.000473207	0.125206	46.4761	-9.25683	-5.09059	-0.0248124	32.1039	36.5077	0.879372
382	0.000474448	0.125206	46.4762	-9.2569	-5.09993	-0.0248121	32.0946	36.5078	0.879117
383	0.000475688	0.125206	46.4764	-9.25698	-5.10968	-0.0248118	32.0849	36.5078	0.87885
384	0.000476929	0.125206	46.4765	-9.25706	-5.11981	-0.0248115	32.0748	36.5078	0.878573
385	0.000478169	0.125206	46.4766	-9.25713	-5.13031	-0.0248113	32.0643	36.5079	0.878286
386	0.00047941	0.125206	46.4767	-9.25721	-5.14114	-0.024811	32.0535	36.5079	0.877989
387	0.00048065	0.125207	46.4768	-9.25729	-5.15229	-0.0248108	32.0424	36.5079	0.877684
388	0.00048189	0.125207	46.477	-9.25738	-5.16372	-0.0248106	32.0311	36.508	0.877372
389	0.000483131	0.125207	46.4771	-9.25746	-5.1754	-0.0248104	32.0194	36.508	0.877052
390	0.000484371	0.125207	46.4772	-9.25755	-5.1873	-0.0248101	32.0076	36.508	0.876726
391	0.000485612	0.125207	46.4774	-9.25764	-5.19939	-0.0248099	31.9955	36.5081	0.876396
392	0.000486852	0.125207	46.4775	-9.25773	-5.21163	-0.0248097	31.9833	36.5081	0.876061
393	0.000488093	0.125207	46.4776	-9.25782	-5.22397	-0.0248095	31.9711	36.5082	0.875723
394	0.000489333	0.125207	46.4778	-9.25791	-5.23637	-0.0248093	31.9587	36.5082	0.875384
395	0.000490573	0.125208	46.4779	-9.25801	-5.2488	-0.0248091	31.9463	36.5082	0.875044
396	0.000491814	0.125208	46.4781	-9.2581	-5.26122	-0.0248088	31.934	36.5083	0.874704
397	0.000493054	0.125208	46.4782	-9.2582	-5.27358	-0.0248086	31.9216	36.5083	0.874366
398	0.000494295	0.125208	46.4784	-9.2583	-5.28586	-0.0248083	31.9094	36.5084	0.874031
399	0.000495535	0.125208	46.4786	-9.2584	-5.298	-0.024808	31.8973	36.5084	0.873698
400	0.000496776	0.125208	46.4787	-9.25851	-5.30998	-0.0248076	31.8854	36.5085	0.873371
401	0.000498016	0.125208	46.4789	-9.25861	-5.32177	-0.0248073	31.8737	36.5085	0.873048
402	0.000499257	0.125209	46.479	-9.25872	-5.33333	-0.0248069	31.8622	36.5085	0.872732
403	0.000500497	0.125209	46.4792	-9.25883	-5.34464	-0.0248064	31.8509	36.5086	0.872423
404	0.000501737	0.125209	46.4794	-9.25894	-5.35568	-0.024806	31.8399	36.5086	0.872121
405	0.000502978	0.125209	46.4796	-9.25905	-5.36633	-0.0248054	31.8294	36.5087	0.87183
406	0.000504218	0.125209	46.4797	-9.25917	-5.37654	-0.0248049	31.8192	36.5087	0.871551
407	0.000505459	0.125209	46.4799	-9.25928	-5.38635	-0.0248043	31.8095	36.5088	0.871283
408	0.000506699	0.12521	46.4801	-9.2594	-5.39581	-0.0248037	31.8001	36.5088	0.871024
409	0.00050794	0.12521	46.4803	-9.25952	-5.40494	-0.024803	31.791	36.5089	0.870775
410	0.00050918	0.12521	46.4805	-9.25964	-5.41376	-0.0248024	31.7823	36.5089	0.870534
411	0.000510421	0.12521	46.4806	-9.25976	-5.42228	-0.0248016	31.7738	36.509	0.870301
412	0.000511661	0.12521	46.4808	-9.25988	-5.43052	-0.0248009	31.7656	36.509	0.870076
413	0.000512901	0.125211	46.481	-9.26	-5.4385	-0.0248001	31.7577	36.5091	0.869858
414	0.000514142	0.125211	46.4812	-9.26013	-5.44621	-0.0247993	31.7501	36.5092	0.869647
415	0.000515382	0.125211	46.4814	-9.26025	-5.45365	-0.0247985	31.7427	36.5092	0.869444
416	0.000516623	0.125211	46.4816	-9.26038	-5.46083	-0.0247976	31.7356	36.5093	0.869248
417	0.000517863	0.125211	46.4818	-9.2605	-5.46773	-0.0247966	31.7288	36.5093	0.86906
418	0.000519104	0.125211	46.482	-9.26063	-5.47434	-0.0247956	31.7222	36.5094	0.868879
419	0.000520344	0.125212	46.4822	-9.26076	-5.48065	-0.0247946	31.716	36.5094	0.868707
420	0.000521584	0.125212	46.4824	-9.26089	-5.48664	-0.0247935	31.7101	36.5095	0.868543
421	0.000522825	0.125212	46.4826	-9.26102	-5.49232	-0.0247924	31.7045	36.5095	0.868389
422	0.000524065	0.125212	46.4828	-9.26115	-5.49766	-0.0247912	31.6992	36.5096	0.868243
423	0.000525306	0.125212	46.483	-9.26128	-5.50265	-0.0247899	31.6943	36.5096	0.868107
424	0.000526546	0.125213	46.4832	-9.26141	-5.50728	-0.0247887	31.6897	36.5097	0.867981
425	0.000527787	0.125213	46.4834	-9.26154	-5.51154	-0.0247873	31.6855	36.5098	0.867865
426	0.000529027	0.125213	46.4836	-9.26167	-5.5154	-0.024786	31.6817	36.5098	0.86776
427	0.000530267	0.125213	46.4838	-9.2618	-5.51887	-0.0247846	31.6784	36.5099	0.867665
428	0.000531508	0.125213	46.484	-9.26194	-5.52193	-0.0247831	31.6754	36.5099	0.867582
429	0.000532748	0.125214	46.4842	-9.26207	-5.52458	-0.0247817	31.6728	36.51	0.86751
430	0.000533989	0.125214	46.4844	-9.2622	-5.52681	-0.0247802	31.6706	36.51	0.86745
431	0.000535229	0.125214	46.4846	-9.26233	-5.52862	-0.0247786	31.6689	36.5101	0.867401
432	0.00053647	0.125214	46.4848	-9.26246	-5.53001	-0.024777	31.6676	36.5102	0.867364
433	0.00053771	0.125214	46.485	-9.26259	-5.53097	-0.0247754	31.6667	36.5102	0.867338
434	0.000538951	0.125215	46.4852	-9.26272	-5.53151	-0.0247738	31.6662	36.5103	0.867324
435	0.000540191	0.125215	46.4854	-9.26285	-5.53164	-0.0247721	31.6662	36.5103	0.867321
436	0.000541431	0.125215	46.4856	-9.26298	-5.53135	-0.0247704	31.6665	36.5104	0.86733
437	0.000542672	0.125215	46.4858	-9.2631	-5.53066	-0.0247687	31.6673	36.5104	0.867349
438	0.000543912	0.125215	46.486	-9.26323	-5.52956	-0.0247669	31.6685	36.5105	0.86738
439	0.000545153	0.125216	46.4862	-9.26335	-5.52808	-0.0247652	31.67	36.5106	0.867421
440	0.000546393	0.125216	46.4864	-9.26348	-5.52621	-0.0247634	31.672	36.5106	0.867473
441	0.000547634	0.125216	46.4866	-9.2636	-5.52397	-0.0247616	31.6743	36.5107	0.867535
442	0.000548874	0.125216	46.4868	-9.26372	-5.52136	-0.0247598	31.677	36.5107	0.867607
443	0.000550114	0.125216	46.487	-9.26384	-5.51841	-0.024758	31.68	36.5108	0.867689
444	0.000551355	0.125216	46.4872	-9.26396	-5.51512	-0.0247562	31.6833	36.5108	0.867779
445	0.000552595	0.125217	46.4874	-9.26408	-5.51151	-0.0247544	31.687	36.5109	0.867879
446	0.000553836	0.125217	46.4875	-9.26419	-5.50759	-0.0247526	31.691	36.5109	0.867987
447	0.000555076	0.125217	46.4877	-9.26431	-5.50338	-0.0247508	31.6953	36.511	0.868103
448	0.000556317	0.125217	46.4879	-9.26442	-5.49888	-0.024749	31.6998	36.511	0.868227
449	0.000557557	0.125217	46.4881	-9.26453	-5.49412	-0.0247472	31.7047	36.5111	0.868358
450	0.000558797	0.125217	46.4882	-9.26464	-5.48911	-0.0247454	31.7097	36.5111	0.868495
451	0.000560038	0.125218	46.4884	-9.26475	-5.48386	-0.0247436	31.715	36.5112	0.86864
452	0.000561278	0.125218	46.4886	-9.26486	-5.4784	-0.0247418	31.7206	36.5112	0.86879
453	0.000562519	0.125218	46.4887	-9.26497	-5.47273	-0.02474	31.7263	36.5113	0.868946
454	0.000563759	0.125218	46.4889	-9.26507	-5.46686	-0.0247381	31.7322	36.5113	0.869107
455	0.000565	0.125218	46.4891	-9.26517	-5.46082	-0.0247363	31.7383	36.5114	0.869273
456	0.00056624	0.125218	46.4892	-9.26528	-5.45461	-0.0247345	31.7446	36.5114	0.869444
457	0.00056748	0.125219	46.4894	-9.26537	-5.44825	-0.0247327	31.751	36.5114	0.869618
458	0.000568721	0.125219	46.4895	-9.26547	-5.44176	-0.0247308	31.7576	36.5115	0.869797
459	0.000569961	0.125219	46.4897	-9.26557	-5.43515	-0.024729	31.7642	36.5115	0.869978
460	0.000571202	0.125219	46.4898	-9.26566	-5.42844	-0.0247271	31.771	36.5116	0.870163
461	0.000572442	0.125219	46.49	-9.26576	-5.42165	-0.0247253	31.7778	36.5116	0.870349
462	0.000573683	0.125219	46.4901	-9.26585	-5.41481	-0.0247234	31.7847	36.5116	0.870537
463	0.000574923	0.125219	46.4903	-9.26593	-5.40793	-0.0247215	31.7917	36.5117	0.870726
464	0.000576164	0.12522	46.4904	-9.26602	-5.40104	-0.0247197	31.7986	36.5117	0.870915
465	0.000577404	0.12522	46.4905	-9.26611	-5.39416	-0.0247178	31.8055	36.5118	0.871104
466	0.000578644	0.12522	46.4907	-9.26619	-5.38732	-0.024716	31.8124	36.5118	0.871292
467	0.000579885	0.12522	46.4908	-9.26627	-5.38055	-0.0247141	31.8192	36.5118	0.871478
468	0.000581125	0.12522	46.4909	-9.26635	-5.37386	-0.0247122	31.826	36.5119	0.871661
469	0.000582366	0.12522	46.491	-9.26643	-5.36729	-0.0247103	31.8326	36.5119	0.871842
470	0.000583606	0.12522	46.4911	-9.26651	-5.36086	-0.0247084	31.8391	36.5119	0.872018
471	0.000584847	0.12522	46.4913	-9.26658	-5.35461	-0.0247065	31.8454	36.512	0.87219
472	0.000586087	0.12522	46.4914	-9.26665	-5.34856	-0.0247046	31.8515	36.512	0.872356
473	0.000587327	0.125221	46.4915	-9.26672	-5.34271	-0.0247027	31.8574	36.512	0.872516
474	0.000588568	0.125221	46.4916	-9.26679	-5.33704	-0.0247008	31.8631	36.5121	0.872672
475	0.000589808	0.125221	46.4917	-9.26686	-5.3315	-0.0246987	31.8686	36.5121	0.872824
476	0.000591049	0.125221	46.4918	-9.26693	-5.32608	-0.0246966	31.8741	36.5121	0.872973
477	0.000592289	0.125221	46.4919	-9.26699	-5.32076	-0.0246944	31.8795	36.5122	0.873119
478	0.00059353	0.125221	46.492	-9.26705	-5.31552	-0.0246921	31.8847	36.5122	0.873263
479	0.00059477	0.125221	46.4921	-9.26711	-5.31032	-0.0246897	31.89	36.5122	0.873406
480	0.00059601	0.125221	46.4922	-9.26717	-5.30512	-0.0246872	31.8952	36.5122	0.873548
481	0.000597251	0.125221	46.4923	-9.26723	-5.2999	-0.0246846	31.9005	36.5123	0.873692
482	0.000598491	0.125221	46.4924	-9.26728	-5.29462	-0.024682	31.9058	36.5123	0.873837
483	0.000599732	0.125222	46.4924	-9.26733	-5.28928	-0.0246793	31.9112	36.5123	0.873983
484	0.000600972	0.125222	46.4925	-9.26739	-5.28387	-0.0246764	31.9166	36.5123	0.874132
485	0.000602213	0.125222	46.4926	-9.26744	-5.27839	-0.0246735	31.9221	36.5124	0.874282
486	0.000603453	0.125222	46.4927	-9.26748	-5.27283	-0.0246706	31.9277	36.5124	0.874435
487	0.000604693	0.125222	46.4928	-9.26753	-5.26712	-0.0246676	31.9334	36.5124	0.874592
488	0.000605934	0.125222	46.4928	-9.26758	-5.26161	-0.0246646	31.939	36.5124	0.874743
489	0.000607174	0.125222	46.4929	-9.26762	-5.25651	-0.0246616	31.9441	36.5124	0.874883
490	0.000608415	0.125222	46.493	-9.26766	-5.25185	-0.0246586	31.9488	36.5125	0.875011
491	0.000609655	0.125222	46.493	-9.26771	-5.24763	-0.0246555	31.953	36.5125	0.875127
492	0.000610896	0.125222	46.4931	-9.26774	-5.24385	-0.0246524	31.9568	36.5125	0.87523
493	0.000612136	0.125222	46.4932	-9.26778	-5.24051	-0.0246493	31.9602	36.5125	0.875322
494	0.000613376	0.125222	46.4932	-9.26782	-5.23758	-0.024646	31.9632	36.5125	0.875403
495	0.000614617	0.125222	46.4933	-9.26786	-5.23499	-0.0246427	31.9658	36.5125	0.875474
496	0.000615857	0.125222	46.4933	-9.26789	-5.23265	-0.0246394	31.9681	36.5126	0.875538
497	0.000617098	0.125222	46.4934	-9.26792	-5.23044	-0.0246359	31.9704	36.5126	0.875599
498	0.000618338	0.125222	46.4934	-9.26795	-5.2282	-0.0246324	31.9726	36.5126	0.87566
499	0.000619579	0.125223	46.4935	-9.26798	-5.2258	-0.0246287	31.9751	36.5126	0.875727
500	0.000620819	0.125223	46.4935	-9.26801	-5.22308	-0.0246249	31.9778	36.5126	0.875801
501	0.000622059	0.125223	46.4936	-9.26804	-5.2199	-0.024621	31.981	36.5126	0.875889
502	0.0006233	0.125223	46.4936	-9.26807	-5.21601	-0.0246169	31.9849	36.5126	0.875995
503	0.00062454	0.125223	46.4936	-9.26809	-5.21108	-0.0246127	31.9899	36.5127	0.876131
504	0.000625781	0.125223	46.4937	-9.26811	-5.20501	-0.0246083	31.9959	36.5127	0.876297
505	0.000627021	0.125223	46.4937	-9.26814	-5.19775	-0.0246037	32.0032	36.5127	0.876496
506	0.000628262	0.125223	46.4937	-9.26816	-5.18927	-0.0245989	32.0117	36.5127	0.876729
507	0.000629502	0.125223	46.4938	-9.26818	-5.17958	-0.0245939	32.0214	36.5127	0.876994
508	0.000630742	0.125223	46.4938	-9.2682	-5.16871	-0.0245887	32.0323	36.5127	0.877292
509	0.000631983	0.125223	46.4938	-9.26822	-5.15664	-0.0245834	32.0444	36.5127	0.877623
510	0.000633223	0.125223	46.4939	-9.26823	-5.14339	-0.0245778	32.0577	36.5127	0.877986
511	0.000634464	0.125223	46.4939	-9.26825	-5.12902	-0.024572	32.072	36.5127	0.87838
512	0.000635704	0.125223	46.4939	-9.26826	-5.11361	-0.0245661	32.0875	36.5127	0.878802
513	0.000636945	0.125223	46.4939	-9.26828	-5.09729	-0.0245599	32.1038	36.5127	0.879249
514	0.000638185	0.125223	46.4939	-9.26829	-5.08023	-0.0245536	32.1209	36.5127	0.879717
515	0.000639425	0.125223	46.494	-9.2683	-5.0626	-0.0245471	32.1385	36.5127	0.8802
516	0.000640666	0.125223	46.494	-9.26831	-5.04459	-0.0245404	32.1565	36.5128	0.880693
517	0.000641906	0.125223	46.494	-9.26832	-5.02651	-0.0245335	32.1746	36.5128	0.881189
518	0.000643147	0.125223	46.494	-9.26833	-5.00857	-0.0245265	32.1926	36.5128	0.881681
519	0.000644387	0.125223	46.494	-9.26834	-4.99092	-0.0245194	32.2102	36.5128	0.882164
520	0.000645628	0.125223	46.494	-9.26834	-4.97157	-0.024512	32.2296	36.5128	0.882694
521	0.000646868	0.125223	46.494	-9.26835	-4.95114	-0.0245044	32.2501	36.5128	0.883254
522	0.000648108	0.125223	46.4941	-9.26835	-4.93132	-0.0244965	32.2699	36.5128	0.883797
523	0.000649349	0.125223	46.4941	-9.26836	-4.91238	-0.0244883	32.2888	36.5128	0.884316
524	0.000650589	0.125223	46.4941	-9.26836	-4.89441	-0.0244799	32.3068	36.5128	0.884809
525	0.00065183	0.125223	46.4941	-9.26836	-4.87742	-0.0244711	32.3238	36.5128	0.885274
526	0.00065307	0.125223	46.4941	-9.26836	-4.86143	-0.024462	32.3398	36.5128	0.885712
527	0.000654311	0.125223	46.4941	-9.26836	-4.84642	-0.0244527	32.3548	36.5128	0.886124
528	0.000655551	0.125223	46.4941	-9.26836	-4.83237	-0.024443	32.3689	36.5128	0.886509
529	0.000656791	0.125223	46.4941	-9.26836	-4.81922	-0.0244331	32.382	36.5128	0.886869
530	0.000658032	0.125223	46.4941	-9.26836	-4.80692	-0.024423	32.3944	36.5128	0.887206
531	0.000659272	0.125223	46.4941	-9.26835	-4.79541	-0.0244126	32.4059	36.5128	0.887522
532	0.000660513	0.125223	46.4941	-9.26835	-4.78462	-0.0244021	32.4167	36.5128	0.887818
533	0.000661753	0.125223	46.494	-9.26835	-4.77451	-0.0243913	32.4268	36.5128	0.888095
534	0.000662994	0.125223	46.494	-9.26834	-4.76532	-0.0243804	32.436	36.5128	0.888347
535	0.000664234	0.125223	46.494	-9.26834	-4.75907	-0.0243693	32.4423	36.5128	0.888518
536	0.000665474	0.125223	46.494	-9.26833	-4.75625	-0.0243578	32.4451	36.5128	0.888596
537	0.000666715	0.125223	46.494	-9.26833	-4.75241	-0.0243461	32.4489	36.5128	0.888701
538	0.000667955	0.125223	46.494	-9.26832	-4.74724	-0.0243342	32.4541	36.5128	0.888843
539	0.000669196	0.125223	46.494	-9.26831	-4.74053	-0.0243221	32.4608	36.5128	0.889027
540	0.000670436	0.125223	46.494	-9.26831	-4.73216	-0.0243097	32.4692	36.5128	0.889257
541	0.000671677	0.125223	46.494	-9.2683	-4.72212	-0.024297	32.4793	36.5128	0.889532
542	0.000672917	0.125223	46.494	-9.26829	-4.7105	-0.0242841	32.4909	36.5128	0.88985
543	0.000674157	0.125223	46.494	-9.26828	-4.69723	-0.0242709	32.5042	36.5127	0.890214
544	0.000675398	0.125223	46.4939	-9.26827	-4.68216	-0.0242576	32.5192	36.5127	0.890627
545	0.000676638	0.125223	46.4939	-9.26827	-4.66514	-0.0242441	32.5363	36.5127	0.891094
546	0.000677879	0.125223	46.4939	-9.26826	-4.64624	-0.0242305	32.5552	36.5127	0.891612
547	0.000679119	0.125223	46.4939	-9.26825	-4.62553	-0.0242169	32.5759	36.5127	0.892179
548	0.00068036	0.125223	46.4939	-9.26824	-4.603	-0.0242031	32.5984	36.5127	0.892797
549	0.0006816	0.125223	46.4939	-9.26822	-4.57877	-0.0241892	32.6227	36.5127	0.893461
550	0.00068284	0.125223	46.4938	-9.26821	-4.55293	-0.0241752	32.6485	36.5127	0.894169
551	0.000684081	0.125223	46.4938	-9.2682	-4.52552	-0.0241611	32.6759	36.5127	0.89492
552	0.000685321	0.125223	46.4938	-9.26819	-4.49682	-0.0241469	32.7047	36.5127	0.895706
553	0.000686562	0.125223	46.4938	-9.26818	-4.46698	-0.0241326	32.7345	36.5127	0.896524
554	0.000687802	0.125223	46.4938	-9.26816	-4.43606	-0.0241182	32.7654	36.5127	0.897371
555	0.000689043	0.125223	46.4937	-9.26815	-4.4026	-0.0241039	32.7989	36.5127	0.898287
556	0.000690283	0.125223	46.4937	-9.26814	-4.36553	-0.0240894	32.836	36.5127	0.899303
557	0.000691523	0.125223	46.4937	-9.26812	-4.32746	-0.0240748	32.8741	36.5127	0.900346
558	0.000692764	0.125223	46.4937	-9.26811	-4.28868	-0.0240601	32.9128	36.5127	0.901408
559	0.000694004	0.125223	46.4937	-9.26809	-4.24939	-0.0240453	32.9521	36.5127	0.902485
560	0.000695245	0.125223	46.4936	-9.26807	-4.20968	-0.0240306	32.9918	36.5127	0.903573
561	0.000696485	0.125223	46.4936	-9.26806	-4.16988	-0.0240159	33.0317	36.5127	0.904663
562	0.000697726	0.125223	46.4936	-9.26804	-4.12889	-0.0240012	33.0726	36.5126	0.905786
563	0.000698966	0.125223	46.4936	-9.26802	-4.08867	-0.0239866	33.1129	36.5126	0.906888
564	0.000700206	0.125223	46.4935	-9.268	-4.0492	-0.0239719	33.1524	36.5126	0.907969
565	0.000701447	0.125223	46.4935	-9.26799	-4.0101	-0.0239571	33.1915	36.5126	0.90904
566	0.000702687	0.125223	46.4935	-9.26797	-3.97137	-0.0239423	33.2302	36.5126	0.910102
567	0.000703928	0.125223	46.4934	-9.26795	-3.93243	-0.0239275	33.2691	36.5126	0.911168
568	0.000705168	0.125223	46.4934	-9.26793	-3.89464	-0.0239126	33.3069	36.5126	0.912204
569	0.000706409	0.125223	46.4934	-9.26791	-3.85733	-0.0238976	33.3442	36.5126	0.913226
570	0.000707649	0.125222	46.4933	-9.26789	-3.8205	-0.0238826	33.3811	36.5126	0.914235
571	0.000708889	0.125222	46.4933	-9.26786	-3.78456	-0.0238676	33.417	36.5126	0.91522
572	0.00071013	0.125222	46.4933	-9.26784	-3.75058	-0.0238526	33.451	36.5126	0.91615
573	0.00071137	0.125222	46.4932	-9.26782	-3.72307	-0.0238373	33.4785	36.5126	0.916904
574	0.000712611	0.125222	46.4932	-9.2678	-3.69405	-0.0238219	33.5075	36.5125	0.917699
575	0.000713851	0.125222	46.4932	-9.26778	-3.66319	-0.0238063	33.5384	36.5125	0.918545
576	0.000715092	0.125222	46.4931	-9.26775	-3.63135	-0.0237907	33.5702	36.5125	0.919417
577	0.000716332	0.125222	46.4931	-9.26773	-3.59879	-0.023775	33.6028	36.5125	0.920309
578	0.000717572	0.125222	46.4931	-9.26771	-3.56885	-0.023759	33.6327	36.5125	0.921129
579	0.000718812	0.125222	46.493	-9.26769	-3.53719	-0.0237429	33.6644	36.5125	0.921997
580	0.000720051	0.125222	46.493	-9.26766	-3.50382	-0.0237268	33.6978	36.5125	0.922911
581	0.00072129	0.125222	46.493	-9.26764	-3.46898	-0.0237108	33.7326	36.5125	0.923866
582	0.000722528	0.125222	46.4929	-9.26762	-3.43296	-0.0236947	33.7687	36.5125	0.924853
583	0.000723766	0.125222	46.4929	-9.26759	-3.39589	-0.0236788	33.8057	36.5125	0.925868
584	0.000725004	0.125222	46.4929	-9.26757	-3.3578	-0.023663	33.8438	36.5124	0.926912
585	0.000726242	0.125222	46.4928	-9.26755	-3.31461	-0.0236476	33.887	36.5124	0.928095
586	0.000727479	0.125222	46.4928	-9.26752	-3.27005	-0.0236323	33.9316	36.5124	0.929316
587	0.000728716	0.125222	46.4927	-9.2675	-3.22482	-0.023617	33.9768	36.5124	0.930555
588	0.000729952	0.125222	46.4927	-9.26748	-3.1793	-0.0236018	34.0223	36.5124	0.931802
589	0.000731189	0.125222	46.4927	-9.26746	-3.1339	-0.0235867	34.0677	36.5124	0.933046
590	0.000732425	0.125222	46.4926	-9.26743	-3.08839	-0.023572	34.1132	36.5124	0.934292
591	0.00073366	0.125222	46.4926	-9.26741	-3.04292	-0.0235575	34.1587	36.5124	0.935538
592	0.000734896	0.125222	46.4926	-9.26739	-2.99755	-0.0235433	34.2041	36.5124	0.936781
593	0.000736131	0.125222	46.4925	-9.26737	-2.95201	-0.0235294	34.2496	36.5124	0.938029
594	0.000737366	0.125222	46.4925	-9.26735	-2.90669	-0.0235157	34.295	36.5123	0.93927
595	0.000738601	0.125222	46.4925	-9.26733	-2.86273	-0.0235023	34.3389	36.5123	0.940474
596	0.000739835	0.125222	46.4924	-9.26731	-2.82027	-0.0234891	34.3814	36.5123	0.941637
597	0.000741069	0.125222	46.4924	-9.26729	-2.77944	-0.0234763	34.4222	36.5123	0.942756
598	0.000742304	0.125222	46.4924	-9.26727	-2.74037	-0.0234637	34.4613	36.5123	0.943826
599	0.000743537	0.125222	46.4924	-9.26725	-2.70214	-0.0234515	34.4995	36.5123	0.944874
600	0.000744771	0.125221	46.4923	-9.26723	-2.66572	-0.0234396	34.5359	36.5123	0.945871
601	0.000746001	0.125221	46.4923	-9.26721	-2.63128	-0.023428	34.5704	36.5123	0.946815
602	0.000747226	0.125221	46.4923	-9.26719	-2.59889	-0.0234166	34.6028	36.5123	0.947702
603	0.000748448	0.125221	46.4922	-9.26717	-2.56937	-0.0234055	34.6323	36.5123	0.948511
604	0.000749666	0.125221	46.4922	-9.26716	-2.54201	-0.0233945	34.6596	36.5123	0.94926
605	0.00075088	0.125221	46.4922	-9.26714	-2.519	-0.0233837	34.6827	36.5123	0.949891
606	0.00075209	0.125221	46.4922	-9.26712	-2.49752	-0.0233731	34.7041	36.5122	0.950479
607	0.000753297	0.125221	46.4921	-9.2671	-2.47715	-0.0233627	34.7245	36.5122	0.951038
608	0.0007545	0.125221	46.4921	-9.26709	-2.45655	-0.0233524	34.7451	36.5122	0.951602
609	0.000755699	0.125221	46.4921	-9.26707	-2.43748	-0.0233423	34.7642	36.5122	0.952125
610	0.000756895	0.125221	46.492	-9.26705	-2.41722	-0.0233323	34.7844	36.5122	0.95268
611	0.000758088	0.125221	46.492	-9.26704	-2.39693	-0.0233225	34.8047	36.5122	0.953235
612	0.000759277	0.125221	46.492	-9.26702	-2.37669	-0.0233128	34.825	36.5122	0.95379
613	0.000760463	0.125221	46.492	-9.26701	-2.35629	-0.0233032	34.8454	36.5122	0.954349
614	0.000761646	0.125221	46.4919	-9.26699	-2.33545	-0.0232938	34.8662	36.5122	0.95492
615	0.000762825	0.125221	46.4919	-9.26697	-2.31326	-0.0232847	34.8884	36.5122	0.955528
616	0.000764002	0.125221	46.4919	-9.26696	-2.29096	-0.0232756	34.9107	36.5122	0.956139
617	0.000765175	0.125221	46.4919	-9.26695	-2.26864	-0.0232668	34.933	36.5122	0.95675
618	0.000766346	0.125221	46.4919	-9.26693	-2.24637	-0.023258	34.9553	36.5122	0.95736
619	0.000767513	0.125221	46.4918	-9.26692	-2.2241	-0.0232494	34.9776	36.5122	0.95797
620	0.000768678	0.125221	46.4918	-9.26691	-2.2017	-0.0232409	35	36.5122	0.958584
621	0.000769839	0.125221	46.4918	-9.26689	-2.17917	-0.0232326	35.0225	36.5121	0.959201
622	0.000770998	0.125221	46.4918	-9.26688	-2.1566	-0.0232244	35.0451	36.5121	0.95982
623	0.000772154	0.125221	46.4918	-9.26687	-2.13411	-0.0232164	35.0676	36.5121	0.960436
624	0.000773307	0.125221	46.4917	-9.26686	-2.11184	-0.0232085	35.0898	36.5121	0.961046
625	0.000774458	0.125221	46.4917	-9.26685	-2.08992	-0.0232007	35.1118	36.5121	0.961646
626	0.000775606	0.125221	46.4917	-9.26684	-2.06843	-0.0231931	35.1332	36.5121	0.962235
627	0.000776751	0.125221	46.4917	-9.26683	-2.04745	-0.0231856	35.1542	36.5121	0.96281
628	0.000777894	0.125221	46.4917	-9.26682	-2.02701	-0.0231783	35.1747	36.5121	0.96337
629	0.000779034	0.125221	46.4917	-9.26681	-2.00714	-0.023171	35.1945	36.5121	0.963914
630	0.000780171	0.125221	46.4917	-9.2668	-1.98787	-0.0231639	35.2138	36.5121	0.964442
631	0.000781307	0.125221	46.4916	-9.2668	-1.96917	-0.0231569	35.2325	36.5121	0.964955
632	0.00078244	0.125221	46.4916	-9.26679	-1.95106	-0.02315	35.2506	36.5121	0.965451
633	0.00078357	0.125221	46.4916	-9.26678	-1.93354	-0.0231432	35.2682	36.5121	0.965931
634	0.000784699	0.125221	46.4916	-9.26678	-1.91656	-0.0231365	35.2851	36.5121	0.966396
635	0.000785825	0.125221	46.4916	-9.26677	-1.90011	-0.0231299	35.3016	36.5121	0.966847
636	0.000786949	0.125221	46.4916	-9.26677	-1.88413	-0.0231234	35.3176	36.5121	0.967284
637	0.000788071	0.125221	46.4916	-9.26676	-1.86858	-0.0231171	35.3331	36.5121	0.96771
638	0.000789191	0.125221	46.4916	-9.26676	-1.85337	-0.0231109	35.3483	36.5121	0.968127
639	0.000790308	0.125221	46.4916	-9.26676	-1.83729	-0.0231049	35.3644	36.5121	0.968568
640	0.000791424	0.125221	46.4916	-9.26675	-1.82176	-0.023099	35.38	36.5121	0.968993
641	0.000792538	0.125221	46.4916	-9.26675	-1.80774	-0.0230932	35.394	36.5121	0.969377
642	0.00079365	0.125221	46.4916	-9.26675	-1.79313	-0.0230876	35.4086	36.5121	0.969778
643	0.00079476	0.125221	46.4916	-9.26675	-1.78019	-0.0230821	35.4215	36.5121	0.970132
644	0.000795868	0.125221	46.4916	-9.26675	-1.76698	-0.0230767	35.4348	36.5121	0.970494
645	0.000796974	0.125221	46.4916	-9.26675	-1.75488	-0.0230715	35.4469	36.5121	0.970826
646	0.000798079	0.125221	46.4916	-9.26676	-1.74303	-0.0230664	35.4587	36.5121	0.97115
647	0.000799181	0.125221	46.4916	-9.26676	-1.73141	-0.0230613	35.4703	36.5121	0.971469
648	0.000800282	0.125221	46.4916	-9.26676	-1.71998	-0.0230564	35.4818	36.5121	0.971782
649	0.000801381	0.125221	46.4916	-9.26677	-1.70868	-0.0230516	35.4931	36.5121	0.972092
650	0.000802479	0.125221	46.4916	-9.26677	-1.69744	-0.0230469	35.5043	36.5121	0.9724
651	0.000803574	0.125221	46.4916	-9.26678	-1.68618	-0.0230423	35.5156	36.5121	0.972708
652	0.000804668	0.125221	46.4916	-9.26679	-1.67482	-0.0230378	35.527	36.5121	0.973019
653	0.000805761	0.125221	46.4916	-9.2668	-1.66225	-0.0230335	35.5396	36.5121	0.973364
654	0.000806852	0.125221	46.4917	-9.26681	-1.64998	-0.0230293	35.5518	36.5121	0.9737
655	0.000807941	0.125221	46.4917	-9.26682	-1.63807	-0.0230252	35.5638	36.5121	0.974027
656	0.000809029	0.125221	46.4917	-9.26683	-1.62651	-0.0230212	35.5753	36.5121	0.974343
657	0.000810115	0.125221	46.4917	-9.26685	-1.61531	-0.0230173	35.5865	36.5121	0.97465
658	0.0008112	0.125221	46.4917	-9.26686	-1.60444	-0.0230135	35.5974	36.5121	0.974948
659	0.000812283	0.125221	46.4918	-9.26688	-1.59387	-0.0230099	35.608	36.5121	0.975237
660	0.000813365	0.125221	46.4918	-9.26689	-1.58355	-0.0230063	35.6183	36.5121	0.97552
661	0.000814446	0.125221	46.4918	-9.26691	-1.57337	-0.0230028	35.6285	36.5121	0.975799
662	0.000815525	0.125221	46.4918	-9.26693	-1.5632	-0.0229994	35.6387	36.5122	0.976078
663	0.000816604	0.125221	46.4919	-9.26695	-1.55294	-0.022996	35.649	36.5122	0.976359
664	0.00081768	0.125221	46.4919	-9.26697	-1.54253	-0.0229928	35.6594	36.5122	0.976645
665	0.000818756	0.125221	46.4919	-9.267	-1.53184	-0.0229897	35.6701	36.5122	0.976937
666	0.000819831	0.125221	46.492	-9.26702	-1.52043	-0.0229867	35.6815	36.5122	0.97725
667	0.000820904	0.125221	46.492	-9.26705	-1.5068	-0.022984	35.6952	36.5122	0.977624
668	0.000821976	0.125221	46.4921	-9.26707	-1.49361	-0.0229812	35.7084	36.5122	0.977985
669	0.000823047	0.125221	46.4921	-9.2671	-1.47855	-0.0229787	35.7235	36.5122	0.978398
670	0.000824117	0.125221	46.4921	-9.26713	-1.46432	-0.0229762	35.7377	36.5122	0.978787
671	0.000825186	0.125221	46.4922	-9.26716	-1.44885	-0.0229738	35.7532	36.5122	0.979211
672	0.000826253	0.125221	46.4922	-9.26719	-1.43358	-0.0229716	35.7685	36.5123	0.97963
673	0.00082732	0.125221	46.4923	-9.26722	-1.41859	-0.0229694	35.7835	36.5123	0.98004
674	0.000828385	0.125221	46.4923	-9.26726	-1.40391	-0.0229674	35.7982	36.5123	0.980443
675	0.00082945	0.125222	46.4924	-9.26729	-1.38955	-0.0229654	35.8126	36.5123	0.980836
676	0.000830513	0.125222	46.4924	-9.26733	-1.37554	-0.0229635	35.8266	36.5123	0.98122
677	0.000831575	0.125222	46.4925	-9.26736	-1.36191	-0.0229617	35.8403	36.5123	0.981593
678	0.000832637	0.125222	46.4926	-9.2674	-1.3487	-0.02296	35.8535	36.5123	0.981955
679	0.000833697	0.125222	46.4926	-9.26744	-1.33603	-0.0229584	35.8662	36.5124	0.982303
680	0.000834757	0.125222	46.4927	-9.26748	-1.32425	-0.0229567	35.878	36.5124	0.982626
681	0.000835815	0.125222	46.4927	-9.26753	-1.31553	-0.0229549	35.8867	36.5124	0.982864
682	0.000836873	0.125222	46.4928	-9.26757	-1.30621	-0.0229532	35.8961	36.5124	0.98312
683	0.000837929	0.125222	46.4929	-9.26761	-1.29568	-0.0229514	35.9066	36.5124	0.983409
684	0.000838985	0.125222	46.493	-9.26766	-1.28409	-0.0229496	35.9183	36.5125	0.983726
685	0.00084004	0.125222	46.493	-9.26771	-1.27162	-0.0229479	35.9308	36.5125	0.984068
686	0.000841094	0.125222	46.4931	-9.26775	-1.25844	-0.0229462	35.944	36.5125	0.984429
687	0.000842147	0.125222	46.4932	-9.2678	-1.24461	-0.0229447	35.9578	36.5125	0.984808
688	0.000843199	0.125222	46.4933	-9.26785	-1.2304	-0.0229432	35.9721	36.5125	0.985197
689	0.000844251	0.125222	46.4933	-9.2679	-1.2158	-0.0229418	35.9867	36.5126	0.985597
690	0.000845302	0.125222	46.4934	-9.26796	-1.19981	-0.0229407	36.0027	36.5126	0.986036
691	0.000846352	0.125223	46.4935	-9.26801	-1.18234	-0.0229397	36.0202	36.5126	0.986514
692	0.000847401	0.125223	46.4936	-9.26806	-1.16678	-0.0229389	36.0358	36.5126	0.986941
693	0.000848449	0.125223	46.4937	-9.26812	-1.1502	-0.0229381	36.0524	36.5126	0.987395
694	0.000849497	0.125223	46.4937	-9.26818	-1.13481	-0.0229375	36.0678	36.5127	0.987817
695	0.000850544	0.125223	46.4938	-9.26823	-1.1209	-0.022937	36.0818	36.5127	0.988198
696	0.00085159	0.125223	46.4939	-9.26829	-1.10866	-0.0229366	36.094	36.5127	0.988533
697	0.000852635	0.125223	46.494	-9.26835	-1.09826	-0.0229363	36.1045	36.5127	0.988818
698	0.00085368	0.125223	46.4941	-9.26841	-1.08989	-0.022936	36.1129	36.5128	0.989048
699	0.000854723	0.125223	46.4942	-9.26847	-1.08367	-0.0229358	36.1191	36.5128	0.989218
700	0.000855767	0.125223	46.4943	-9.26854	-1.07973	-0.0229356	36.1231	36.5128	0.989326
701	0.000856809	0.125223	46.4944	-9.2686	-1.07829	-0.0229354	36.1246	36.5129	0.989366
702	0.000857851	0.125224	46.4945	-9.26867	-1.08076	-0.0229351	36.1221	36.5129	0.989299
703	0.000858892	0.125224	46.4946	-9.26873	-1.08614	-0.0229348	36.1168	36.5129	0.989151
704	0.000859933	0.125224	46.4947	-9.2688	-1.09964	-0.022934	36.1033	36.5129	0.988782
705	0.000860973	0.125224	46.4948	-9.26887	-1.11332	-0.0229333	36.0897	36.513	0.988408
706	0.000862012	0.125224	46.4949	-9.26894	-1.12969	-0.0229325	36.0734	36.513	0.98796
707	0.00086305	0.125224	46.495	-9.26901	-1.14687	-0.0229317	36.0562	36.513	0.987489
708	0.000864088	0.125224	46.4951	-9.26908	-1.16724	-0.0229307	36.0359	36.5131	0.986932
709	0.000865126	0.125224	46.4953	-9.26915	-1.19065	-0.0229297	36.0125	36.5131	0.986291
710	0.000866162	0.125224	46.4954	-9.26922	-1.21318	-0.0229289	35.99	36.5131	0.985674
711	0.000867199	0.125224	46.4955	-9.26929	-1.23984	-0.0229279	35.9634	36.5132	0.984944
712	0.000868234	0.125225	46.4956	-9.26937	-1.26544	-0.022927	35.9379	36.5132	0.984243
713	0.000869269	0.125225	46.4957	-9.26944	-1.29647	-0.0229259	35.9069	36.5132	0.983394
714	0.000870303	0.125225	46.4958	-9.26952	-1.32637	-0.0229249	35.877	36.5132	0.982575
715	0.000871337	0.125225	46.4959	-9.26959	-1.36124	-0.0229236	35.8422	36.5133	0.981621
716	0.000872369	0.125225	46.4961	-9.26967	-1.39407	-0.0229223	35.8094	36.5133	0.980722
717	0.000873401	0.125225	46.4962	-9.26975	-1.4323	-0.0229207	35.7712	36.5133	0.979675
718	0.000874433	0.125225	46.4963	-9.26983	-1.4675	-0.0229193	35.7361	36.5134	0.978711
719	0.000875463	0.125225	46.4964	-9.26991	-1.50812	-0.0229174	35.6955	36.5134	0.977599
720	0.000876492	0.125225	46.4966	-9.26999	-1.5444	-0.0229157	35.6592	36.5134	0.976606
721	0.000877521	0.125226	46.4967	-9.27007	-1.58551	-0.0229136	35.6182	36.5135	0.97548
722	0.000878549	0.125226	46.4968	-9.27015	-1.62546	-0.0229114	35.5783	36.5135	0.974386
723	0.000879576	0.125226	46.4969	-9.27023	-1.668	-0.022909	35.5358	36.5136	0.973222
724	0.000880602	0.125226	46.4971	-9.27032	-1.70597	-0.0229067	35.4979	36.5136	0.972182
725	0.000881628	0.125226	46.4972	-9.2704	-1.75111	-0.0229038	35.4528	36.5136	0.970946
726	0.000882653	0.125226	46.4973	-9.27048	-1.79113	-0.0229012	35.4128	36.5137	0.969851
727	0.000883677	0.125226	46.4974	-9.27057	-1.83468	-0.0228981	35.3693	36.5137	0.968658
728	0.0008847	0.125226	46.4976	-9.27065	-1.87656	-0.0228951	35.3275	36.5137	0.967512
729	0.000885723	0.125227	46.4977	-9.27074	-1.92121	-0.0228917	35.2829	36.5138	0.966289
730	0.000886746	0.125227	46.4978	-9.27082	-1.96456	-0.0228883	35.2396	36.5138	0.965102
731	0.000887767	0.125227	46.498	-9.27091	-2.00847	-0.0228847	35.1957	36.5138	0.9639
732	0.000888788	0.125227	46.4981	-9.27099	-2.05276	-0.0228809	35.1515	36.5139	0.962688
733	0.000889808	0.125227	46.4982	-9.27108	-2.09724	-0.0228769	35.107	36.5139	0.96147
734	0.000890827	0.125227	46.4984	-9.27117	-2.14185	-0.0228729	35.0625	36.514	0.960249
735	0.000891845	0.125227	46.4985	-9.27125	-2.18655	-0.0228686	35.0178	36.514	0.959025
736	0.000892863	0.125227	46.4986	-9.27134	-2.23131	-0.0228643	34.9731	36.514	0.9578
737	0.00089388	0.125228	46.4988	-9.27143	-2.27612	-0.0228599	34.9284	36.5141	0.956573
738	0.000894896	0.125228	46.4989	-9.27152	-2.32096	-0.0228553	34.8836	36.5141	0.955346
739	0.000895911	0.125228	46.4991	-9.27161	-2.36579	-0.0228507	34.8388	36.5141	0.954118
740	0.000896925	0.125228	46.4992	-9.2717	-2.41056	-0.0228459	34.7941	36.5142	0.952892
741	0.000897939	0.125228	46.4993	-9.27179	-2.45521	-0.022841	34.7495	36.5142	0.95167
742	0.000898953	0.125228	46.4995	-9.27187	-2.49959	-0.0228359	34.7052	36.5143	0.950455
743	0.000899965	0.125228	46.4996	-9.27196	-2.54354	-0.0228306	34.6613	36.5143	0.949252
744	0.000900977	0.125229	46.4998	-9.27205	-2.58681	-0.0228251	34.6181	36.5143	0.948068
745	0.000901988	0.125229	46.4999	-9.27214	-2.62923	-0.0228195	34.5757	36.5144	0.946906
746	0.000902998	0.125229	46.5	-9.27223	-2.67054	-0.0228137	34.5344	36.5144	0.945775
747	0.000904008	0.125229	46.5002	-9.27232	-2.71052	-0.0228078	34.4945	36.5145	0.944681
748	0.000905017	0.125229	46.5003	-9.27241	-2.74899	-0.0228019	34.4561	36.5145	0.943628
749	0.000906025	0.125229	46.5004	-9.2725	-2.78579	-0.022796	34.4194	36.5145	0.942621
750	0.000907033	0.125229	46.5006	-9.27259	-2.82097	-0.0227902	34.3842	36.5146	0.941658
751	0.000908041	0.125229	46.5007	-9.27268	-2.85453	-0.0227844	34.3507	36.5146	0.940739
752	0.000909047	0.12523	46.5009	-9.27277	-2.88648	-0.0227787	34.3188	36.5147	0.939865
753	0.000910053	0.12523	46.501	-9.27286	-2.91683	-0.022773	34.2885	36.5147	0.939034
754	0.000911059	0.12523	46.5011	-9.27295	-2.94577	-0.0227673	34.2597	36.5147	0.938242
755	0.000912064	0.12523	46.5013	-9.27304	-2.97308	-0.0227615	34.2324	36.5148	0.937495
756	0.000913068	0.12523	46.5014	-9.27313	-2.99862	-0.0227559	34.2069	36.5148	0.936796
757	0.000914072	0.12523	46.5016	-9.27322	-3.02234	-0.0227502	34.1833	36.5148	0.936147
758	0.000915076	0.12523	46.5017	-9.27331	-3.04422	-0.0227446	34.1614	36.5149	0.935548
759	0.000916079	0.125231	46.5018	-9.2734	-3.06427	-0.0227391	34.1414	36.5149	0.934999
760	0.000917081	0.125231	46.502	-9.27349	-3.08256	-0.0227336	34.1232	36.515	0.934499
761	0.000918083	0.125231	46.5021	-9.27358	-3.0991	-0.0227283	34.1067	36.515	0.934047
762	0.000919084	0.125231	46.5023	-9.27367	-3.11402	-0.0227232	34.0918	36.515	0.933638
763	0.000920085	0.125231	46.5024	-9.27376	-3.12749	-0.0227182	34.0784	36.5151	0.93327
764	0.000921084	0.125231	46.5025	-9.27385	-3.13971	-0.0227134	34.0663	36.5151	0.932936
765	0.000922084	0.125231	46.5027	-9.27394	-3.15059	-0.0227088	34.0554	36.5152	0.932638
766	0.000923083	0.125231	46.5028	-9.27402	-3.16029	-0.0227044	34.0458	36.5152	0.932373
767	0.000924081	0.125232	46.5029	-9.27411	-3.16887	-0.0227003	34.0373	36.5152	0.932139
768	0.000925079	0.125232	46.5031	-9.2742	-3.17638	-0.0226964	34.0298	36.5153	0.931934
769	0.000926076	0.125232	46.5032	-9.27429	-3.18282	-0.0226927	34.0234	36.5153	0.931758
770	0.000927072	0.125232	46.5034	-9.27438	-3.18818	-0.0226891	34.0181	36.5153	0.931611
771	0.000928068	0.125232	46.5035	-9.27446	-3.19232	-0.0226858	34.014	36.5154	0.931498
772	0.000929064	0.125232	46.5036	-9.27455	-3.19514	-0.0226826	34.0113	36.5154	0.931422
773	0.000930059	0.125232	46.5038	-9.27464	-3.19647	-0.0226795	34.01	36.5155	0.931386
774	0.000931054	0.125232	46.5039	-9.27472	-3.19619	-0.0226766	34.0103	36.5155	0.931394
775	0.000932048	0.125233	46.504	-9.27481	-3.19418	-0.0226738	34.0124	36.5155	0.931449
776	0.000933042	0.125233	46.5042	-9.27489	-3.19049	-0.022671	34.0161	36.5156	0.931551
777	0.000934036	0.125233	46.5043	-9.27498	-3.18481	-0.0226683	34.0218	36.5156	0.931707
778	0.000935029	0.125233	46.5044	-9.27507	-3.17714	-0.0226657	34.0296	36.5156	0.931917
779	0.000936022	0.125233	46.5046	-9.27515	-3.16755	-0.0226633	34.0392	36.5157	0.93218
780	0.000937015	0.125233	46.5047	-9.27523	-3.15619	-0.022661	34.0506	36.5157	0.932492
781	0.000938007	0.125233	46.5048	-9.27532	-3.14325	-0.0226588	34.0636	36.5158	0.932846
782	0.000938998	0.125233	46.505	-9.2754	-3.12893	-0.0226566	34.078	36.5158	0.933239
783	0.000939989	0.125234	46.5051	-9.27549	-3.11341	-0.0226546	34.0935	36.5158	0.933664
784	0.00094098	0.125234	46.5052	-9.27557	-3.09686	-0.0226527	34.1101	36.5159	0.934118
785	0.00094197	0.125234	46.5053	-9.27565	-3.07941	-0.022651	34.1276	36.5159	0.934596
786	0.00094296	0.125234	46.5055	-9.27573	-3.06111	-0.0226493	34.146	36.5159	0.935098
787	0.000943949	0.125234	46.5056	-9.27582	-3.04201	-0.0226476	34.1651	36.516	0.935621
788	0.000944938	0.125234	46.5057	-9.2759	-3.02215	-0.022646	34.185	36.516	0.936166
789	0.000945927	0.125234	46.5058	-9.27598	-3.00154	-0.0226445	34.2057	36.516	0.93673
790	0.000946915	0.125234	46.506	-9.27606	-2.9802	-0.0226431	34.2271	36.5161	0.937315
791	0.000947902	0.125235	46.5061	-9.27614	-2.95806	-0.0226416	34.2493	36.5161	0.937922
792	0.00094889	0.125235	46.5062	-9.27622	-2.93514	-0.0226403	34.2722	36.5162	0.93855
793	0.000949877	0.125235	46.5063	-9.2763	-2.91148	-0.022639	34.2959	36.5162	0.939198
794	0.000950863	0.125235	46.5065	-9.27638	-2.88703	-0.0226378	34.3204	36.5162	0.939868
795	0.000951849	0.125235	46.5066	-9.27646	-2.86189	-0.0226367	34.3456	36.5163	0.940557
796	0.000952834	0.125235	46.5067	-9.27653	-2.83608	-0.0226356	34.3715	36.5163	0.941264
797	0.000953818	0.125235	46.5068	-9.27661	-2.80961	-0.0226345	34.398	36.5163	0.941989
798	0.000954802	0.125235	46.507	-9.27669	-2.78252	-0.0226336	34.4251	36.5164	0.942731
799	0.000955785	0.125236	46.5071	-9.27676	-2.75513	-0.0226326	34.4525	36.5164	0.943482
800	0.000956767	0.125236	46.5072	-9.27684	-2.72716	-0.0226317	34.4806	36.5164	0.944248
801	0.000957749	0.125236	46.5073	-9.27692	-2.69862	-0.0226307	34.5091	36.5165	0.94503
802	0.00095873	0.125236	46.5074	-9.27699	-2.66953	-0.0226297	34.5383	36.5165	0.945827
803	0.000959711	0.125236	46.5075	-9.27707	-2.6399	-0.0226287	34.5679	36.5165	0.946638
804	0.00096069	0.125236	46.5077	-9.27714	-2.60976	-0.0226277	34.5981	36.5166	0.947464
805	0.00096167	0.125236	46.5078	-9.27721	-2.57918	-0.0226267	34.6287	36.5166	0.948302
806	0.000962648	0.125236	46.5079	-9.27729	-2.54822	-0.0226257	34.6598	36.5166	0.94915
807	0.000963626	0.125236	46.508	-9.27736	-2.51692	-0.0226247	34.6911	36.5167	0.950008
808	0.000964603	0.125237	46.5081	-9.27743	-2.48531	-0.0226237	34.7227	36.5167	0.950874
809	0.000965579	0.125237	46.5082	-9.2775	-2.45343	-0.0226228	34.7547	36.5167	0.951747
810	0.000966554	0.125237	46.5083	-9.27757	-2.42134	-0.0226218	34.7868	36.5167	0.952626
811	0.000967528	0.125237	46.5084	-9.27764	-2.38907	-0.0226209	34.8191	36.5168	0.95351
812	0.000968501	0.125237	46.5085	-9.27771	-2.35668	-0.02262	34.8515	36.5168	0.954397
813	0.000969472	0.125237	46.5087	-9.27778	-2.3242	-0.0226191	34.8841	36.5168	0.955287
814	0.000970443	0.125237	46.5088	-9.27785	-2.29167	-0.0226183	34.9166	36.5169	0.956178
815	0.000971412	0.125237	46.5089	-9.27792	-2.25916	-0.0226174	34.9492	36.5169	0.957069
816	0.00097238	0.125237	46.509	-9.27799	-2.22675	-0.0226166	34.9816	36.5169	0.957956
817	0.000973347	0.125237	46.5091	-9.27805	-2.19447	-0.0226157	35.0139	36.517	0.958841
818	0.000974313	0.125238	46.5092	-9.27812	-2.16232	-0.0226148	35.0461	36.517	0.959721
819	0.000975278	0.125238	46.5093	-9.27818	-2.13031	-0.022614	35.0782	36.517	0.960598
820	0.000976242	0.125238	46.5094	-9.27825	-2.09845	-0.0226131	35.1101	36.517	0.961471
821	0.000977205	0.125238	46.5095	-9.27831	-2.06675	-0.0226123	35.1418	36.5171	0.962339
822	0.000978167	0.125238	46.5096	-9.27838	-2.03524	-0.0226115	35.1734	36.5171	0.963202
823	0.000979127	0.125238	46.5097	-9.27844	-2.00392	-0.0226107	35.2047	36.5171	0.96406
824	0.000980087	0.125238	46.5098	-9.2785	-1.97281	-0.02261	35.2359	36.5172	0.964912
825	0.000981045	0.125238	46.5099	-9.27857	-1.94192	-0.0226094	35.2668	36.5172	0.965759
826	0.000982001	0.125238	46.51	-9.27863	-1.91124	-0.0226088	35.2975	36.5172	0.966599
827	0.000982957	0.125238	46.5101	-9.27869	-1.88078	-0.0226083	35.328	36.5172	0.967433
828	0.000983911	0.125239	46.5102	-9.27875	-1.85054	-0.0226078	35.3583	36.5173	0.968262
829	0.000984865	0.125239	46.5103	-9.27881	-1.82052	-0.0226074	35.3883	36.5173	0.969084
830	0.000985817	0.125239	46.5104	-9.27887	-1.79073	-0.0226071	35.4181	36.5173	0.9699
831	0.000986769	0.125239	46.5104	-9.27893	-1.76116	-0.0226068	35.4477	36.5173	0.97071
832	0.000987719	0.125239	46.5105	-9.27899	-1.73182	-0.0226065	35.4771	36.5174	0.971514
833	0.000988668	0.125239	46.5106	-9.27905	-1.7027	-0.0226062	35.5063	36.5174	0.972311
834	0.000989617	0.125239	46.5107	-9.2791	-1.67382	-0.0226059	35.5352	36.5174	0.973102
835	0.000990564	0.125239	46.5108	-9.27916	-1.64518	-0.0226055	35.5639	36.5174	0.973887
836	0.000991511	0.125239	46.5109	-9.27922	-1.61678	-0.0226052	35.5923	36.5175	0.974665
837	0.000992457	0.125239	46.511	-9.27927	-1.58864	-0.0226048	35.6205	36.5175	0.975436
838	0.000993402	0.125239	46.5111	-9.27933	-1.56075	-0.0226045	35.6484	36.5175	0.976199
839	0.000994346	0.125239	46.5111	-9.27938	-1.53313	-0.0226041	35.676	36.5175	0.976956
840	0.000995289	0.12524	46.5112	-9.27944	-1.50577	-0.0226038	35.7034	36.5176	0.977706
841	0.000996232	0.12524	46.5113	-9.27949	-1.47865	-0.0226034	35.7306	36.5176	0.978448
842	0.000997174	0.12524	46.5114	-9.27954	-1.45177	-0.022603	35.7575	36.5176	0.979185
843	0.000998115	0.12524	46.5115	-9.2796	-1.4251	-0.0226027	35.7842	36.5176	0.979915
844	0.000999055	0.12524	46.5116	-9.27965	-1.39861	-0.0226024	35.8107	36.5177	0.980641
845	0.000999994	0.12524	46.5116	-9.2797	-1.37229	-0.022602	35.837	36.5177	0.981362
846	0.00100093	0.12524	46.5117	-9.27975	-1.34611	-0.0226017	35.8633	36.5177	0.982079
847	0.00100187	0.12524	46.5118	-9.2798	-1.32005	-0.0226014	35.8893	36.5177	0.982793
848	0.00100281	0.12524	46.5119	-9.27985	-1.29407	-0.022601	35.9154	36.5177	0.983504
849	0.00100375	0.12524	46.512	-9.2799	-1.26814	-0.0226007	35.9413	36.5178	0.984215
850	0.00100468	0.12524	46.512	-9.27995	-1.24224	-0.0226004	35.9672	36.5178	0.984924
851	0.00100562	0.12524	46.5121	-9.28	-1.21634	-0.0226	35.9932	36.5178	0.985633
852	0.00100655	0.12524	46.5122	-9.28005	-1.19042	-0.0225996	36.0191	36.5178	0.986343
853	0.00100748	0.125241	46.5123	-9.2801	-1.16446	-0.0225991	36.0451	36.5178	0.987055
854	0.00100841	0.125241	46.5123	-9.28015	-1.13842	-0.0225985	36.0712	36.5179	0.987768
855	0.00100934	0.125241	46.5124	-9.28019	-1.11231	-0.0225978	36.0973	36.5179	0.988483
856	0.00101027	0.125241	46.5125	-9.28024	-1.08611	-0.0225971	36.1235	36.5179	0.989201
857	0.0010112	0.125241	46.5126	-9.28029	-1.05982	-0.0225964	36.1499	36.5179	0.989921
858	0.00101213	0.125241	46.5126	-9.28033	-1.03344	-0.0225956	36.1763	36.518	0.990643
859	0.00101306	0.125241	46.5127	-9.28038	-1.00698	-0.0225947	36.2027	36.518	0.991368
860	0.00101398	0.125241	46.5128	-9.28042	-0.980463	-0.0225938	36.2293	36.518	0.992094
861	0.00101491	0.125241	46.5128	-9.28047	-0.953889	-0.0225929	36.2559	36.518	0.992822
862	0.00101583	0.125241	46.5129	-9.28051	-0.927283	-0.022592	36.2825	36.518	0.993551
863	0.00101675	0.125241	46.513	-9.28055	-0.900669	-0.0225912	36.3092	36.518	0.99428
864	0.00101768	0.125241	46.513	-9.2806	-0.87407	-0.0225903	36.3358	36.5181	0.995008
865	0.0010186	0.125241	46.5131	-9.28064	-0.847514	-0.0225895	36.3624	36.5181	0.995736
866	0.00101952	0.125241	46.5132	-9.28068	-0.821027	-0.0225886	36.3889	36.5181	0.996461
867	0.00102044	0.125241	46.5132	-9.28072	-0.794635	-0.0225878	36.4153	36.5181	0.997184
868	0.00102136	0.125242	46.5133	-9.28077	-0.76836	-0.022587	36.4416	36.5181	0.997904
869	0.00102228	0.125242	46.5134	-9.28081	-0.742222	-0.0225863	36.4678	36.5182	0.99862
870	0.0010232	0.125242	46.5134	-9.28085	-0.716241	-0.0225855	36.4938	36.5182	0.999331
871	0.00102412	0.125242	46.5135	-9.28089	-0.690431	-0.0225848	36.5196	36.5182	1.00004
872	0.00102503	0.125242	46.5136	-9.28093	-0.664804	-0.022584	36.5452	36.5182	1.00074
873	0.00102595	0.125242	46.5136	-9.28097	-0.639371	-0.0225831	36.5707	36.5182	1.00144
874	0.00102687	0.125242	46.5137	-9.28101	-0.614141	-0.0225822	36.5959	36.5182	1.00213
875	0.00102778	0.125242	46.5137	-9.28105	-0.589121	-0.0225813	36.621	36.5183	1.00281
876	0.0010287	0.125242	46.5138	-9.28108	-0.564311	-0.0225804	36.6458	36.5183	1.00349
877	0.00102961	0.125242	46.5139	-9.28112	-0.53971	-0.0225795	36.6704	36.5183	1.00417
878	0.00103052	0.125242	46.5139	-9.28116	-0.515312	-0.0225785	36.6949	36.5183	1.00483
879	0.00103144	0.125242	46.514	-9.2812	-0.491109	-0.0225776	36.7191	36.5183	1.0055
880	0.00103235	0.125242	46.514	-9.28124	-0.467089	-0.0225766	36.7431	36.5183	1.00616
881	0.00103326	0.125242	46.5141	-9.28127	-0.443239	-0.0225757	36.767	36.5184	1.00681
882	0.00103418	0.125242	46.5141	-9.28131	-0.419544	-0.0225747	36.7907	36.5184	1.00746
883	0.00103509	0.125242	46.5142	-9.28135	-0.395992	-0.0225738	36.8143	36.5184	1.0081
884	0.001036	0.125242	46.5143	-9.28138	-0.372569	-0.022573	36.8377	36.5184	1.00874
885	0.00103691	0.125243	46.5143	-9.28142	-0.349262	-0.0225721	36.8611	36.5184	1.00938
886	0.00103782	0.125243	46.5144	-9.28145	-0.326061	-0.0225713	36.8843	36.5184	1.01002
887	0.00103873	0.125243	46.5144	-9.28149	-0.302958	-0.0225705	36.9074	36.5185	1.01065
888	0.00103964	0.125243	46.5145	-9.28152	-0.279943	-0.0225698	36.9304	36.5185	1.01128
889	0.00104055	0.125243	46.5145	-9.28156	-0.25701	-0.0225691	36.9534	36.5185	1.01191
890	0.00104146	0.125243	46.5146	-9.28159	-0.234155	-0.0225684	36.9763	36.5185	1.01254
891	0.00104237	0.125243	46.5146	-9.28162	-0.211371	-0.0225677	36.9991	36.5185	1.01316
892	0.00104328	0.125243	46.5147	-9.28166	-0.188662	-0.0225669	37.0218	36.5185	1.01378
893	0.00104418	0.125243	46.5147	-9.28169	-0.166033	-0.0225662	37.0445	36.5185	1.0144
894	0.00104509	0.125243	46.5148	-9.28172	-0.143489	-0.0225653	37.067	36.5186	1.01502
895	0.001046	0.125243	46.5148	-9.28176	-0.121038	-0.0225645	37.0895	36.5186	1.01563
896	0.0010469	0.125243	46.5149	-9.28179	-0.0986883	-0.0225636	37.1119	36.5186	1.01625
897	0.00104781	0.125243	46.5149	-9.28182	-0.0764493	-0.0225626	37.1341	36.5186	1.01685
898	0.00104872	0.125243	46.515	-9.28185	-0.0543294	-0.0225616	37.1563	36.5186	1.01746
899	0.00104962	0.125243	46.515	-9.28188	-0.0323374	-0.0225606	37.1783	36.5186	1.01806
900	0.00105053	0.125243	46.5151	-9.28191	-0.0104817	-0.0225596	37.2001	36.5186	1.01866
901	0.00105143	0.125243	46.5151	-9.28194	0.0112293	-0.0225585	37.2219	36.5187	1.01926
902	0.00105234	0.125243	46.5152	-9.28197	0.0327871	-0.0225574	37.2434	36.5187	1.01985
903	0.00105325	0.125243	46.5152	-9.282	0.0541848	-0.0225564	37.2649	36.5187	1.02043
904	0.00105415	0.125243	46.5153	-9.28203	0.0754155	-0.0225553	37.2861	36.5187	1.02101
905	0.00105505	0.125243	46.5153	-9.28206	0.0964697	-0.0225543	37.3072	36.5187	1.02159
906	0.00105596	0.125244	46.5154	-9.28209	0.117341	-0.0225532	37.3281	36.5187	1.02216
907	0.00105686	0.125244	46.5154	-9.28212	0.138025	-0.0225523	37.3488	36.5187	1.02273
908	0.00105777	0.125244	46.5155	-9.28215	0.15852	-0.0225513	37.3693	36.5187	1.02329
909	0.00105867	0.125244	46.5155	-9.28218	0.178827	-0.0225504	37.3896	36.5188	1.02385
910	0.00105957	0.125244	46.5156	-9.28221	0.198951	-0.0225495	37.4097	36.5188	1.0244
911	0.00106048	0.125244	46.5156	-9.28224	0.218894	-0.0225487	37.4297	36.5188	1.02494
912	0.00106138	0.125244	46.5156	-9.28227	0.238661	-0.022548	37.4495	36.5188	1.02549
913	0.00106228	0.125244	46.5157	-9.28229	0.258257	-0.0225473	37.4691	36.5188	1.02602
914	0.00106319	0.125244	46.5157	-9.28232	0.277686	-0.0225466	37.4885	36.5188	1.02655
915	0.00106409	0.125244	46.5158	-9.28235	0.296951	-0.0225459	37.5078	36.5188	1.02708
916	0.00106499	0.125244	46.5158	-9.28237	0.316058	-0.0225452	37.5269	36.5188	1.0276
917	0.00106589	0.125244	46.5158	-9.2824	0.335009	-0.0225445	37.5459	36.5189	1.02812
918	0.0010668	0.125244	46.5159	-9.28243	0.353808	-0.0225438	37.5647	36.5189	1.02864
919	0.0010677	0.125244	46.5159	-9.28245	0.372458	-0.0225431	37.5834	36.5189	1.02915
920	0.0010686	0.125244	46.516	-9.28248	0.390961	-0.0225424	37.6019	36.5189	1.02966
921	0.0010695	0.125244	46.516	-9.28251	0.409318	-0.0225417	37.6203	36.5189	1.03016
922	0.0010704	0.125244	46.5161	-9.28253	0.427533	-0.022541	37.6385	36.5189	1.03066
923	0.0010713	0.125244	46.5161	-9.28256	0.445606	-0.0225402	37.6566	36.5189	1.03115
924	0.00107221	0.125244	46.5161	-9.28258	0.463538	-0.0225395	37.6745	36.5189	1.03164
925	0.00107311	0.125244	46.5162	-9.28261	0.48133	-0.0225388	37.6924	36.5189	1.03213
926	0.00107401	0.125244	46.5162	-9.28263	0.498984	-0.0225381	37.71	36.519	1.03261
927	0.00107491	0.125244	46.5162	-9.28266	0.516501	-0.0225374	37.7276	36.519	1.03309
928	0.00107581	0.125244	46.5163	-9.28268	0.533875	-0.0225367	37.7449	36.519	1.03357
929	0.00107671	0.125244	46.5163	-9.28271	0.551108	-0.0225361	37.7622	36.519	1.03404
930	0.00107761	0.125244	46.5164	-9.28273	0.568201	-0.0225354	37.7793	36.519	1.03451
931	0.00107851	0.125245	46.5164	-9.28275	0.585156	-0.0225348	37.7963	36.519	1.03498
932	0.00107941	0.125245	46.5164	-9.28278	0.601979	-0.0225342	37.8131	36.519	1.03544
933	0.00108031	0.125245	46.5165	-9.2828	0.618673	-0.0225336	37.8298	36.519	1.03589
934	0.00108121	0.125245	46.5165	-9.28283	0.635244	-0.022533	37.8464	36.519	1.03635
935	0.00108211	0.125245	46.5165	-9.28285	0.651698	-0.0225325	37.8629	36.5191	1.0368
936	0.00108301	0.125245	46.5166	-9.28287	0.668039	-0.0225319	37.8792	36.5191	1.03725
937	0.00108391	0.125245	46.5166	-9.28289	0.68432	-0.0225314	37.8955	36.5191	1.03769
938	0.00108481	0.125245	46.5167	-9.28292	0.700554	-0.0225308	37.9118	36.5191	1.03814
939	0.00108571	0.125245	46.5167	-9.28294	0.716739	-0.0225302	37.928	36.5191	1.03858
940	0.00108661	0.125245	46.5167	-9.28296	0.732865	-0.0225297	37.9441	36.5191	1.03902
941	0.00108751	0.125245	46.5168	-9.28298	0.748915	-0.0225291	37.9602	36.5191	1.03946
942	0.00108841	0.125245	46.5168	-9.28301	0.764871	-0.0225285	37.9761	36.5191	1.0399
943	0.00108931	0.125245	46.5168	-9.28303	0.780704	-0.022528	37.992	36.5191	1.04033
944	0.00109021	0.125245	46.5169	-9.28305	0.796394	-0.0225274	38.0077	36.5191	1.04076
945	0.00109111	0.125245	46.5169	-9.28307	0.811922	-0.0225269	38.0232	36.5191	1.04119
946	0.00109201	0.125245	46.5169	-9.28309	0.827255	-0.0225264	38.0386	36.5192	1.04161
947	0.00109291	0.125245	46.517	-9.28311	0.842373	-0.0225259	38.0537	36.5192	1.04202
948	0.0010938	0.125245	46.517	-9.28314	0.857262	-0.0225255	38.0686	36.5192	1.04243
949	0.0010947	0.125245	46.517	-9.28316	0.871904	-0.022525	38.0832	36.5192	1.04283
950	0.0010956	0.125245	46.5171	-9.28318	0.886287	-0.0225246	38.0976	36.5192	1.04322
951	0.0010965	0.125245	46.5171	-9.2832	0.900401	-0.0225243	38.1118	36.5192	1.04361
952	0.0010974	0.125245	46.5171	-9.28322	0.91423	-0.022524	38.1256	36.5192	1.04399
953	0.0010983	0.125245	46.5172	-9.28324	0.927738	-0.0225237	38.1391	36.5192	1.04436
954	0.0010992	0.125245	46.5172	-9.28326	0.940847	-0.0225234	38.1522	36.5192	1.04472
955	0.0011001	0.125245	46.5172	-9.28328	0.953238	-0.0225232	38.1647	36.5192	1.04506
956	0.001101	0.125245	46.5173	-9.2833	0.963582	-0.0225228	38.175	36.5193	1.04534
957	0.0011019	0.125245	46.5173	-9.28332	0.97448	-0.0225224	38.1859	36.5193	1.04564
958	0.0011028	0.125245	46.5173	-9.28334	0.985811	-0.022522	38.1973	36.5193	1.04595
959	0.0011037	0.125245	46.5173	-9.28336	0.997485	-0.0225216	38.2089	36.5193	1.04627
960	0.0011046	0.125245	46.5174	-9.28338	1.00943	-0.0225213	38.2209	36.5193	1.0466
961	0.0011055	0.125245	46.5174	-9.2834	1.02159	-0.022521	38.2331	36.5193	1.04693
962	0.00110639	0.125246	46.5174	-9.28342	1.03385	-0.0225207	38.2453	36.5193	1.04726
963	0.00110729	0.125246	46.5175	-9.28344	1.04618	-0.0225203	38.2577	36.5193	1.0476
964	0.00110819	0.125246	46.5175	-9.28346	1.05855	-0.02252	38.2701	36.5193	1.04794
965	0.00110909	0.125246	46.5175	-9.28348	1.07094	-0.0225197	38.2825	36.5193	1.04828
966	0.00110999	0.125246	46.5176	-9.2835	1.08469	-0.0225195	38.2962	36.5193	1.04866
967	0.00111089	0.125246	46.5176	-9.28352	1.0985	-0.0225193	38.3101	36.5193	1.04903
968	0.00111179	0.125246	46.5176	-9.28354	1.11224	-0.0225192	38.3238	36.5194	1.04941
969	0.00111269	0.125246	46.5176	-9.28356	1.12589	-0.022519	38.3375	36.5194	1.04978
970	0.00111359	0.125246	46.5177	-9.28358	1.13946	-0.0225189	38.351	36.5194	1.05016
971	0.00111449	0.125246	46.5177	-9.28359	1.15291	-0.0225188	38.3645	36.5194	1.05052
972	0.00111539	0.125246	46.5177	-9.28361	1.1662	-0.0225188	38.3778	36.5194	1.05089
973	0.00111629	0.125246	46.5178	-9.28363	1.17927	-0.0225189	38.3909	36.5194	1.05125
974	0.00111719	0.125246	46.5178	-9.28365	1.19208	-0.022519	38.4037	36.5194	1.0516
975	0.00111809	0.125246	46.5178	-9.28367	1.2046	-0.0225191	38.4162	36.5194	1.05194
976	0.00111899	0.125246	46.5179	-9.28369	1.21678	-0.0225193	38.4284	36.5194	1.05227
977	0.00111989	0.125246	46.5179	-9.28371	1.22856	-0.0225195	38.4402	36.5194	1.0526
978	0.00112079	0.125246	46.5179	-9.28372	1.23992	-0.0225197	38.4516	36.5194	1.05291
979	0.00112168	0.125246	46.5179	-9.28374	1.25087	-0.0225199	38.4625	36.5194	1.05321
980	0.00112258	0.125246	46.518	-9.28376	1.26141	-0.0225201	38.4731	36.5195	1.0535
981	0.00112348	0.125246	46.518	-9.28378	1.27154	-0.0225204	38.4832	36.5195	1.05377
982	0.00112438	0.125246	46.518	-9.2838	1.28128	-0.0225206	38.493	36.5195	1.05404
983	0.00112528	0.125246	46.518	-9.28382	1.2906	-0.0225208	38.5023	36.5195	1.0543
984	0.00112618	0.125246	46.5181	-9.28383	1.29946	-0.022521	38.5112	36.5195	1.05454
985	0.00112708	0.125246	46.5181	-9.28385	1.30754	-0.0225212	38.5193	36.5195	1.05476
986	0.00112798	0.125246	46.5181	-9.28387	1.31281	-0.0225212	38.5246	36.5195	1.0549
987	0.00112888	0.125246	46.5182	-9.28389	1.31873	-0.022521	38.5305	36.5195	1.05507
988	0.00112978	0.125246	46.5182	-9.28391	1.32518	-0.0225209	38.5369	36.5195	1.05524
989	0.00113068	0.125246	46.5182	-9.28392	1.33209	-0.0225206	38.5439	36.5195	1.05543
990	0.00113158	0.125246	46.5182	-9.28394	1.33939	-0.0225204	38.5512	36.5195	1.05563
991	0.00113248	0.125246	46.5183	-9.28396	1.34704	-0.0225202	38.5588	36.5195	1.05584
992	0.00113338	0.125246	46.5183	-9.28398	1.355	-0.0225199	38.5668	36.5195	1.05606
993	0.00113428	0.125246	46.5183	-9.28399	1.3632	-0.0225197	38.575	36.5196	1.05628
994	0.00113518	0.125246	46.5184	-9.28401	1.37156	-0.0225194	38.5834	36.5196	1.05651
995	0.00113607	0.125246	46.5184	-9.28403	1.38008	-0.0225192	38.5919	36.5196	1.05675
996	0.00113697	0.125246	46.5184	-9.28405	1.38877	-0.022519	38.6006	36.5196	1.05698
997	0.00113787	0.125246	46.5184	-9.28407	1.39765	-0.0225188	38.6095	36.5196	1.05723
998	0.00113877	0.125247	46.5185	-9.28408	1.40671	-0.0225187	38.6186	36.5196	1.05748
999	0.00113967	0.125247	46.5185	-9.2841	1.41597	-0.0225185	38.6278	36.5196	1.05773
1000	0.00114057	0.125247	46.5185	-9.28412	1.42542	-0.0225185	38.6373	36.5196	1.05799
1001	0.00114147	0.125247	46.5185	-9.28414	1.43506	-0.0225184	38.647	36.5196	1.05825
1002	0.00114237	0.125247	46.5186	-9.28415	1.44486	-0.0225184	38.6568	36.5196	1.05852
1003	0.00114327	0.125247	46.5186	-9.28417	1.45476	-0.0225184	38.6667	36.5196	1.05879
1004	0.00114417	0.125247	46.5186	-9.28419	1.46475	-0.0225183	38.6767	36.5196	1.05907
1005	0.00114507	0.125247	46.5187	-9.28421	1.47478	-0.0225183	38.6867	36.5196	1.05934
1006	0.00114597	0.125247	46.5187	-9.28422	1.48479	-0.0225183	38.6967	36.5197	1.05961
1007	0.00114687	0.125247	46.5187	-9.28424	1.49471	-0.0225183	38.7067	36.5197	1.05989
1008	0.00114777	0.125247	46.5187	-9.28426	1.50449	-0.0225184	38.7165	36.5197	1.06015
1009	0.00114867	0.125247	46.5188	-9.28428	1.5141	-0.0225184	38.7261	36.5197	1.06042
1010	0.00114957	0.125247	46.5188	-9.28429	1.52349	-0.0225184	38.7355	36.5197	1.06067
1011	0.00115047	0.125247	46.5188	-9.28431	1.53265	-0.0225183	38.7446	36.5197	1.06092
1012	0.00115137	0.125247	46.5188	-9.28433	1.54156	-0.0225183	38.7536	36.5197	1.06117
1013	0.00115227	0.125247	46.5189	-9.28435	1.55021	-0.0225183	38.7622	36.5197	1.06141
1014	0.00115317	0.125247	46.5189	-9.28436	1.55859	-0.0225183	38.7706	36.5197	1.06164
1015	0.00115407	0.125247	46.5189	-9.28438	1.5667	-0.0225182	38.7787	36.5197	1.06186
1016	0.00115497	0.125247	46.519	-9.2844	1.57455	-0.0225182	38.7866	36.5197	1.06207
1017	0.00115587	0.125247	46.519	-9.28442	1.58214	-0.0225181	38.7942	36.5197	1.06228
1018	0.00115677	0.125247	46.519	-9.28444	1.5895	-0.0225181	38.8016	36.5197	1.06248
1019	0.00115767	0.125247	46.519	-9.28445	1.59664	-0.022518	38.8087	36.5198	1.06268
1020	0.00115857	0.125247	46.5191	-9.28447	1.60359	-0.022518	38.8157	36.5198	1.06287
1021	0.00115947	0.125247	46.5191	-9.28449	1.61036	-0.0225179	38.8224	36.5198	1.06305
1022	0.00116037	0.125247	46.5191	-9.28451	1.617	-0.0225179	38.8291	36.5198	1.06323
1023	0.00116127	0.125247	46.5191	-9.28452	1.62352	-0.0225179	38.8356	36.5198	1.06341
1024	0.00116217	0.125247	46.5192	-9.28454	1.62995	-0.0225178	38.8421	36.5198	1.06359
1025	0.00116307	0.125247	46.5192	-9.28456	1.63632	-0.0225178	38.8485	36.5198	1.06376
1026	0.00116397	0.125247	46.5192	-9.28458	1.64266	-0.0225178	38.8548	36.5198	1.06394
1027	0.00116487	0.125247	46.5193	-9.2846	1.64899	-0.0225177	38.8611	36.5198	1.06411
1028	0.00116577	0.125247	46.5193	-9.28461	1.65532	-0.0225177	38.8675	36.5198	1.06428
1029	0.00116667	0.125247	46.5193	-9.28463	1.66167	-0.0225176	38.8738	36.5198	1.06446
1030	0.00116758	0.125247	46.5193	-9.28465	1.66805	-0.0225175	38.8802	36.5198	1.06463
1031	0.00116848	0.125247	46.5194	-9.28467	1.67446	-0.0225175	38.8866	36.5198	1.06481
1032	0.00116938	0.125247	46.5194	-9.28469	1.68091	-0.0225174	38.8931	36.5199	1.06499
1033	0.00117028	0.125247	46.5194	-9.2847	1.68738	-0.0225173	38.8996	36.5199	1.06516
1034	0.00117118	0.125247	46.5195	-9.28472	1.69389	-0.0225172	38.9061	36.5199	1.06534
1035	0.00117208	0.125247	46.5195	-9.28474	1.7004	-0.0225171	38.9126	36.5199	1.06552
1036	0.00117299	0.125248	46.5195	-9.28476	1.70692	-0.022517	38.9192	36.5199	1.0657
1037	0.00117389	0.125248	46.5195	-9.28478	1.71344	-0.0225168	38.9257	36.5199	1.06588
1038	0.00117479	0.125248	46.5196	-9.28479	1.71993	-0.0225167	38.9322	36.5199	1.06605
1039	0.00117569	0.125248	46.5196	-9.28481	1.72639	-0.0225166	38.9387	36.5199	1.06623
1040	0.0011766	0.125248	46.5196	-9.28483	1.73283	-0.0225165	38.9451	36.5199	1.06641
1041	0.0011775	0.125248	46.5197	-9.28485	1.7393	-0.0225164	38.9516	36.5199	1.06658
1042	0.0011784	0.125248	46.5197	-9.28487	1.74577	-0.0225163	38.9581	36.5199	1.06676
1043	0.00117931	0.125248	46.5197	-9.28489	1.75223	-0.0225163	38.9645	36.5199	1.06694
1044	0.00118021	0.125248	46.5197	-9.28491	1.75867	-0.0225163	38.971	36.5199	1.06712
1045	0.00118111	0.125248	46.5198	-9.28492	1.76508	-0.0225163	38.9774	36.52	1.06729
1046	0.00118202	0.125248	46.5198	-9.28494	1.77145	-0.0225163	38.9838	36.52	1.06747
1047	0.00118292	0.125248	46.5198	-9.28496	1.77777	-0.0225164	38.9901	36.52	1.06764
1048	0.00118382	0.125248	46.5199	-9.28498	1.78405	-0.0225164	38.9964	36.52	1.06781
1049	0.00118473	0.125248	46.5199	-9.285	1.79028	-0.0225165	39.0026	36.52	1.06798
1050	0.00118563	0.125248	46.5199	-9.28502	1.79646	-0.0225166	39.0088	36.52	1.06815
1051	0.00118653	0.125248	46.5199	-9.28504	1.80262	-0.0225168	39.015	36.52	1.06832
1052	0.00118744	0.125248	46.52	-9.28506	1.80876	-0.0225169	39.0212	36.52	1.06849
1053	0.00118834	0.125248	46.52	-9.28507	1.8149	-0.0225171	39.0273	36.52	1.06866
1054	0.00118925	0.125248	46.52	-9.28509	1.82106	-0.0225173	39.0335	36.52	1.06882
1055	0.00119015	0.125248	46.5201	-9.28511	1.82724	-0.0225175	39.0397	36.52	1.06899
1056	0.00119106	0.125248	46.5201	-9.28513	1.83347	-0.0225177	39.0459	36.52	1.06916
1057	0.00119196	0.125248	46.5201	-9.28515	1.83974	-0.022518	39.0522	36.5201	1.06934
1058	0.00119286	0.125248	46.5202	-9.28517	1.84605	-0.0225183	39.0585	36.5201	1.06951
1059	0.00119377	0.125248	46.5202	-9.28519	1.85242	-0.0225186	39.0649	36.5201	1.06968
1060	0.00119467	0.125248	46.5202	-9.28521	1.85884	-0.0225189	39.0713	36.5201	1.06986
1061	0.00119558	0.125248	46.5202	-9.28523	1.86531	-0.0225193	39.0778	36.5201	1.07004
1062	0.00119648	0.125248	46.5203	-9.28525	1.87182	-0.0225197	39.0843	36.5201	1.07021
1063	0.00119739	0.125248	46.5203	-9.28527	1.87838	-0.0225201	39.0909	36.5201	1.07039
1064	0.00119829	0.125248	46.5203	-9.28529	1.88498	-0.0225205	39.0975	36.5201	1.07057
1065	0.00119919	0.125248	46.5204	-9.28531	1.89161	-0.0225209	39.1041	36.5201	1.07076
1066	0.0012001	0.125248	46.5204	-9.28533	1.89827	-0.0225214	39.1108	36.5201	1.07094
1067	0.001201	0.125248	46.5204	-9.28535	1.90494	-0.0225218	39.1175	36.5201	1.07112
1068	0.00120191	0.125248	46.5205	-9.28537	1.91163	-0.0225223	39.1242	36.5201	1.0713
1069	0.00120281	0.125248	46.5205	-9.28539	1.91832	-0.0225228	39.1309	36.5202	1.07149
1070	0.00120372	0.125248	46.5205	-9.2854	1.92502	-0.0225232	39.1376	36.5202	1.07167
1071	0.00120462	0.125248	46.5205	-9.28542	1.93172	-0.0225237	39.1443	36.5202	1.07185
1072	0.00120552	0.125249	46.5206	-9.28544	1.93843	-0.0225242	39.151	36.5202	1.07204
1073	0.00120643	0.125249	46.5206	-9.28546	1.94512	-0.0225247	39.1577	36.5202	1.07222
1074	0.00120733	0.125249	46.5206	-9.28548	1.95181	-0.0225251	39.1644	36.5202	1.07241
1075	0.00120824	0.125249	46.5207	-9.2855	1.9585	-0.0225256	39.1711	36.5202	1.07259
1076	0.00120914	0.125249	46.5207	-9.28552	1.96517	-0.0225261	39.1778	36.5202	1.07277
1077	0.00121004	0.125249	46.5207	-9.28554	1.97183	-0.0225266	39.1845	36.5202	1.07295
1078	0.00121095	0.125249	46.5208	-9.28556	1.97847	-0.0225271	39.1911	36.5202	1.07314
1079	0.00121185	0.125249	46.5208	-9.28558	1.98509	-0.0225276	39.1978	36.5202	1.07332
1080	0.00121276	0.125249	46.5208	-9.2856	1.99168	-0.0225281	39.2044	36.5202	1.0735
1081	0.00121366	0.125249	46.5209	-9.28562	1.99824	-0.0225286	39.2109	36.5203	1.07368
1082	0.00121456	0.125249	46.5209	-9.28565	2.00477	-0.0225291	39.2175	36.5203	1.07386
1083	0.00121547	0.125249	46.5209	-9.28567	2.01125	-0.0225296	39.224	36.5203	1.07403
1084	0.00121637	0.125249	46.521	-9.28569	2.01768	-0.0225302	39.2304	36.5203	1.07421
1085	0.00121728	0.125249	46.521	-9.28571	2.02406	-0.0225307	39.2368	36.5203	1.07438
1086	0.00121818	0.125249	46.521	-9.28573	2.03038	-0.0225312	39.2431	36.5203	1.07456
1087	0.00121908	0.125249	46.521	-9.28575	2.03664	-0.0225318	39.2494	36.5203	1.07473
1088	0.00121999	0.125249	46.5211	-9.28577	2.04283	-0.0225323	39.2556	36.5203	1.0749
1089	0.00122089	0.125249	46.5211	-9.28579	2.04896	-0.0225329	39.2617	36.5203	1.07507
1090	0.00122179	0.125249	46.5211	-9.28581	2.05501	-0.0225335	39.2678	36.5203	1.07523
1091	0.0012227	0.125249	46.5212	-9.28583	2.06099	-0.022534	39.2738	36.5203	1.07539
1092	0.0012236	0.125249	46.5212	-9.28585	2.06689	-0.0225346	39.2797	36.5204	1.07556
1093	0.0012245	0.125249	46.5212	-9.28587	2.07272	-0.0225352	39.2856	36.5204	1.07572
1094	0.00122541	0.125249	46.5213	-9.28589	2.07848	-0.0225358	39.2913	36.5204	1.07587
1095	0.00122631	0.125249	46.5213	-9.28591	2.08416	-0.0225364	39.297	36.5204	1.07603
1096	0.00122721	0.125249	46.5213	-9.28593	2.08976	-0.022537	39.3026	36.5204	1.07618
1097	0.00122812	0.125249	46.5214	-9.28595	2.09529	-0.0225376	39.3082	36.5204	1.07633
1098	0.00122902	0.125249	46.5214	-9.28597	2.10074	-0.0225382	39.3136	36.5204	1.07648
1099	0.00122992	0.125249	46.5214	-9.28599	2.10612	-0.0225388	39.319	36.5204	1.07663
1100	0.00123083	0.125249	46.5215	-9.28601	2.11141	-0.0225394	39.3243	36.5204	1.07678
1101	0.00123173	0.125249	46.5215	-9.28603	2.11662	-0.02254	39.3295	36.5204	1.07692
1102	0.00123263	0.125249	46.5215	-9.28605	2.12174	-0.0225406	39.3347	36.5204	1.07706
1103	0.00123353	0.125249	46.5216	-9.28607	2.12678	-0.0225412	39.3397	36.5205	1.0772
1104	0.00123444	0.125249	46.5216	-9.28609	2.13173	-0.0225418	39.3447	36.5205	1.07733
1105	0.00123534	0.12525	46.5216	-9.28611	2.13659	-0.0225424	39.3495	36.5205	1.07747
1106	0.00123624	0.12525	46.5216	-9.28613	2.14135	-0.022543	39.3543	36.5205	1.0776
1107	0.00123715	0.12525	46.5217	-9.28615	2.14602	-0.0225436	39.359	36.5205	1.07772
1108	0.00123805	0.12525	46.5217	-9.28617	2.15058	-0.0225442	39.3636	36.5205	1.07785
1109	0.00123895	0.12525	46.5217	-9.28619	2.15504	-0.0225448	39.368	36.5205	1.07797
1110	0.00123985	0.12525	46.5218	-9.28621	2.1594	-0.0225454	39.3724	36.5205	1.07809
1111	0.00124076	0.12525	46.5218	-9.28624	2.16364	-0.022546	39.3767	36.5205	1.07821
1112	0.00124166	0.12525	46.5218	-9.28626	2.16778	-0.0225466	39.3808	36.5205	1.07832
1113	0.00124256	0.12525	46.5219	-9.28628	2.1718	-0.0225472	39.3848	36.5205	1.07843
1114	0.00124346	0.12525	46.5219	-9.2863	2.1757	-0.0225478	39.3888	36.5205	1.07854
1115	0.00124436	0.12525	46.5219	-9.28632	2.17948	-0.0225484	39.3925	36.5206	1.07864
1116	0.00124527	0.12525	46.522	-9.28634	2.18314	-0.022549	39.3962	36.5206	1.07874
1117	0.00124617	0.12525	46.522	-9.28635	2.18668	-0.0225496	39.3998	36.5206	1.07884
1118	0.00124707	0.12525	46.522	-9.28637	2.19008	-0.0225502	39.4032	36.5206	1.07893
1119	0.00124797	0.12525	46.5221	-9.28639	2.19336	-0.0225508	39.4065	36.5206	1.07902
1120	0.00124887	0.12525	46.5221	-9.28641	2.1965	-0.0225513	39.4096	36.5206	1.07911
1121	0.00124978	0.12525	46.5221	-9.28643	2.19951	-0.0225519	39.4126	36.5206	1.07919
1122	0.00125068	0.12525	46.5221	-9.28645	2.20238	-0.0225525	39.4155	36.5206	1.07927
1123	0.00125158	0.12525	46.5222	-9.28647	2.2051	-0.022553	39.4183	36.5206	1.07934
1124	0.00125248	0.12525	46.5222	-9.28649	2.20769	-0.0225536	39.4208	36.5206	1.07941
1125	0.00125338	0.12525	46.5222	-9.28651	2.21012	-0.0225541	39.4233	36.5206	1.07948
1126	0.00125428	0.12525	46.5223	-9.28653	2.21238	-0.0225546	39.4256	36.5207	1.07954
1127	0.00125518	0.12525	46.5223	-9.28655	2.21448	-0.0225551	39.4277	36.5207	1.0796
1128	0.00125609	0.12525	46.5223	-9.28657	2.21641	-0.0225556	39.4296	36.5207	1.07965
1129	0.00125699	0.12525	46.5224	-9.28659	2.21817	-0.0225561	39.4314	36.5207	1.0797
1130	0.00125789	0.12525	46.5224	-9.28661	2.21975	-0.0225566	39.433	36.5207	1.07974
1131	0.00125879	0.12525	46.5224	-9.28663	2.22116	-0.022557	39.4344	36.5207	1.07978
1132	0.00125969	0.12525	46.5224	-9.28664	2.22238	-0.0225574	39.4356	36.5207	1.07982
1133	0.00126059	0.12525	46.5225	-9.28666	2.22341	-0.0225579	39.4367	36.5207	1.07984
1134	0.00126149	0.12525	46.5225	-9.28668	2.22426	-0.0225583	39.4375	36.5207	1.07987
1135	0.00126239	0.12525	46.5225	-9.2867	2.22492	-0.0225587	39.4382	36.5207	1.07989
1136	0.00126329	0.12525	46.5226	-9.28672	2.2254	-0.022559	39.4387	36.5207	1.0799
1137	0.00126419	0.12525	46.5226	-9.28674	2.22567	-0.0225594	39.439	36.5207	1.07991
1138	0.00126509	0.12525	46.5226	-9.28675	2.22575	-0.0225598	39.4391	36.5207	1.07991
1139	0.00126599	0.125251	46.5226	-9.28677	2.22563	-0.0225601	39.4389	36.5208	1.0799
1140	0.00126689	0.125251	46.5227	-9.28679	2.22531	-0.0225604	39.4386	36.5208	1.0799
1141	0.00126779	0.125251	46.5227	-9.28681	2.22479	-0.0225607	39.4381	36.5208	1.07988
1142	0.00126869	0.125251	46.5227	-9.28683	2.22405	-0.022561	39.4374	36.5208	1.07986
1143	0.00126959	0.125251	46.5227	-9.28684	2.2231	-0.0225613	39.4364	36.5208	1.07984
1144	0.00127049	0.125251	46.5228	-9.28686	2.22192	-0.0225616	39.4353	36.5208	1.0798
1145	0.00127139	0.125251	46.5228	-9.28688	2.22052	-0.0225619	39.4339	36.5208	1.07977
1146	0.00127229	0.125251	46.5228	-9.28689	2.21889	-0.0225621	39.4323	36.5208	1.07972
1147	0.00127319	0.125251	46.5229	-9.28691	2.21701	-0.0225624	39.4304	36.5208	1.07967
1148	0.00127409	0.125251	46.5229	-9.28693	2.2149	-0.0225626	39.4283	36.5208	1.07961
1149	0.00127499	0.125251	46.5229	-9.28695	2.21254	-0.0225628	39.4259	36.5208	1.07955
1150	0.00127588	0.125251	46.5229	-9.28696	2.20994	-0.022563	39.4233	36.5208	1.07948
1151	0.00127678	0.125251	46.523	-9.28698	2.20709	-0.0225631	39.4205	36.5208	1.0794
1152	0.00127768	0.125251	46.523	-9.28699	2.204	-0.0225633	39.4174	36.5209	1.07931
1153	0.00127858	0.125251	46.523	-9.28701	2.20065	-0.0225634	39.4141	36.5209	1.07922
1154	0.00127948	0.125251	46.523	-9.28703	2.19705	-0.0225635	39.4105	36.5209	1.07912
1155	0.00128038	0.125251	46.5231	-9.28704	2.1932	-0.0225636	39.4067	36.5209	1.07902
1156	0.00128127	0.125251	46.5231	-9.28706	2.18911	-0.0225636	39.4026	36.5209	1.07891
1157	0.00128217	0.125251	46.5231	-9.28707	2.18476	-0.0225636	39.3982	36.5209	1.07879
1158	0.00128307	0.125251	46.5231	-9.28709	2.18016	-0.0225636	39.3936	36.5209	1.07866
1159	0.00128397	0.125251	46.5232	-9.2871	2.17531	-0.0225636	39.3888	36.5209	1.07853
1160	0.00128487	0.125251	46.5232	-9.28712	2.17022	-0.0225635	39.3837	36.5209	1.07839
1161	0.00128576	0.125251	46.5232	-9.28713	2.16489	-0.0225634	39.3784	36.5209	1.07824
1162	0.00128666	0.125251	46.5232	-9.28715	2.15932	-0.0225633	39.3728	36.5209	1.07809
1163	0.00128756	0.125251	46.5232	-9.28716	2.15351	-0.0225631	39.367	36.5209	1.07793
1164	0.00128846	0.125251	46.5233	-9.28718	2.14746	-0.022563	39.361	36.5209	1.07777
1165	0.00128935	0.125251	46.5233	-9.28719	2.14118	-0.0225627	39.3547	36.5209	1.07759
1166	0.00129025	0.125251	46.5233	-9.28721	2.13467	-0.0225625	39.3482	36.5209	1.07742
1167	0.00129115	0.125251	46.5233	-9.28722	2.12795	-0.0225623	39.3415	36.521	1.07723
1168	0.00129204	0.125251	46.5234	-9.28723	2.12101	-0.022562	39.3346	36.521	1.07704
1169	0.00129294	0.125251	46.5234	-9.28725	2.11388	-0.0225617	39.3274	36.521	1.07685
1170	0.00129384	0.125251	46.5234	-9.28726	2.10655	-0.0225614	39.3201	36.521	1.07665
1171	0.00129473	0.125251	46.5234	-9.28727	2.09904	-0.0225611	39.3126	36.521	1.07644
1172	0.00129563	0.125251	46.5234	-9.28729	2.09134	-0.0225608	39.3049	36.521	1.07623
1173	0.00129653	0.125251	46.5235	-9.2873	2.08347	-0.0225605	39.2971	36.521	1.07601
1174	0.00129742	0.125251	46.5235	-9.28731	2.07543	-0.0225601	39.289	36.521	1.07579
1175	0.00129832	0.125251	46.5235	-9.28732	2.06723	-0.0225598	39.2808	36.521	1.07557
1176	0.00129922	0.125251	46.5235	-9.28734	2.05888	-0.0225594	39.2725	36.521	1.07534
1177	0.00130011	0.125251	46.5235	-9.28735	2.05037	-0.022559	39.264	36.521	1.07511
1178	0.00130101	0.125251	46.5236	-9.28736	2.04173	-0.0225586	39.2554	36.521	1.07487
1179	0.00130191	0.125251	46.5236	-9.28737	2.03295	-0.0225582	39.2466	36.521	1.07463
1180	0.0013028	0.125251	46.5236	-9.28738	2.02403	-0.0225578	39.2377	36.521	1.07439
1181	0.0013037	0.125251	46.5236	-9.28739	2.015	-0.0225574	39.2287	36.521	1.07414
1182	0.00130459	0.125251	46.5236	-9.28741	2.00584	-0.022557	39.2195	36.521	1.07389
1183	0.00130549	0.125251	46.5236	-9.28742	1.99658	-0.0225565	39.2102	36.521	1.07363
1184	0.00130639	0.125251	46.5237	-9.28743	1.98722	-0.0225561	39.2009	36.521	1.07338
1185	0.00130728	0.125252	46.5237	-9.28744	1.97777	-0.0225556	39.1915	36.521	1.07312
1186	0.00130818	0.125252	46.5237	-9.28745	1.96823	-0.0225551	39.1819	36.5211	1.07286
1187	0.00130907	0.125252	46.5237	-9.28746	1.95862	-0.0225546	39.1723	36.5211	1.0726
1188	0.00130997	0.125252	46.5237	-9.28747	1.94894	-0.0225541	39.1626	36.5211	1.07233
1189	0.00131086	0.125252	46.5237	-9.28748	1.9392	-0.0225535	39.1529	36.5211	1.07206
1190	0.00131176	0.125252	46.5238	-9.28749	1.92939	-0.022553	39.1431	36.5211	1.0718
1191	0.00131266	0.125252	46.5238	-9.2875	1.91954	-0.0225524	39.1333	36.5211	1.07153
1192	0.00131355	0.125252	46.5238	-9.28751	1.90964	-0.0225517	39.1234	36.5211	1.07125
1193	0.00131445	0.125252	46.5238	-9.28751	1.89971	-0.0225511	39.1134	36.5211	1.07098
1194	0.00131534	0.125252	46.5238	-9.28752	1.88975	-0.0225505	39.1035	36.5211	1.07071
1195	0.00131624	0.125252	46.5238	-9.28753	1.87978	-0.0225498	39.0935	36.5211	1.07044
1196	0.00131713	0.125252	46.5238	-9.28754	1.86981	-0.0225491	39.0836	36.5211	1.07016
1197	0.00131803	0.125252	46.5238	-9.28755	1.85986	-0.0225483	39.0736	36.5211	1.06989
1198	0.00131892	0.125252	46.5239	-9.28756	1.84993	-0.0225476	39.0637	36.5211	1.06962
1199	0.00131982	0.125252	46.5239	-9.28756	1.84005	-0.0225468	39.0538	36.5211	1.06935
1200	0.00132071	0.125252	46.5239	-9.28757	1.83024	-0.0225461	39.044	36.5211	1.06908
1201	0.00132161	0.125252	46.5239	-9.28758	1.82049	-0.0225453	39.0343	36.5211	1.06881
1202	0.0013225	0.125252	46.5239	-9.28759	1.81081	-0.0225445	39.0246	36.5211	1.06855
1203	0.0013234	0.125252	46.5239	-9.28759	1.80122	-0.0225437	39.015	36.5211	1.06829
1204	0.00132429	0.125252	46.5239	-9.2876	1.79172	-0.0225429	39.0055	36.5211	1.06803
1205	0.00132519	0.125252	46.5239	-9.28761	1.78233	-0.0225421	38.9961	36.5211	1.06777
1206	0.00132609	0.125252	46.5239	-9.28761	1.77305	-0.0225413	38.9868	36.5211	1.06752
1207	0.00132698	0.125252	46.524	-9.28762	1.76391	-0.0225404	38.9777	36.5211	1.06726
1208	0.00132788	0.125252	46.524	-9.28762	1.75491	-0.0225396	38.9687	36.5211	1.06702
1209	0.00132877	0.125252	46.524	-9.28763	1.74606	-0.0225387	38.9599	36.5211	1.06678
1210	0.00132967	0.125252	46.524	-9.28764	1.73737	-0.0225378	38.9512	36.5211	1.06654
1211	0.00133056	0.125252	46.524	-9.28764	1.72884	-0.0225369	38.9427	36.5211	1.0663
1212	0.00133146	0.125252	46.524	-9.28765	1.72049	-0.022536	38.9343	36.5211	1.06608
1213	0.00133235	0.125252	46.524	-9.28765	1.71233	-0.0225351	38.9262	36.5211	1.06585
1214	0.00133325	0.125252	46.524	-9.28766	1.70437	-0.0225342	38.9182	36.5211	1.06563
1215	0.00133414	0.125252	46.524	-9.28766	1.6966	-0.0225333	38.9104	36.5211	1.06542
1216	0.00133504	0.125252	46.524	-9.28767	1.68905	-0.0225323	38.9029	36.5211	1.06522
1217	0.00133593	0.125252	46.524	-9.28767	1.68172	-0.0225314	38.8956	36.5212	1.06501
1218	0.00133683	0.125252	46.524	-9.28768	1.6746	-0.0225304	38.8884	36.5212	1.06482
1219	0.00133772	0.125252	46.5241	-9.28768	1.66771	-0.0225294	38.8816	36.5212	1.06463
1220	0.00133862	0.125252	46.5241	-9.28768	1.66105	-0.0225284	38.8749	36.5212	1.06445
1221	0.00133951	0.125252	46.5241	-9.28769	1.65461	-0.0225274	38.8685	36.5212	1.06427
1222	0.00134041	0.125252	46.5241	-9.28769	1.6484	-0.0225264	38.8623	36.5212	1.0641
1223	0.0013413	0.125252	46.5241	-9.28769	1.64242	-0.0225254	38.8563	36.5212	1.06394
1224	0.0013422	0.125252	46.5241	-9.2877	1.63666	-0.0225244	38.8505	36.5212	1.06378
1225	0.00134309	0.125252	46.5241	-9.2877	1.63111	-0.0225234	38.845	36.5212	1.06363
1226	0.00134399	0.125252	46.5241	-9.2877	1.62577	-0.0225224	38.8396	36.5212	1.06348
1227	0.00134488	0.125252	46.5241	-9.28771	1.62065	-0.0225214	38.8345	36.5212	1.06334
1228	0.00134578	0.125252	46.5241	-9.28771	1.61575	-0.0225203	38.8296	36.5212	1.06321
1229	0.00134667	0.125252	46.5241	-9.28771	1.61108	-0.0225193	38.825	36.5212	1.06308
1230	0.00134757	0.125252	46.5241	-9.28771	1.60664	-0.0225183	38.8205	36.5212	1.06296
1231	0.00134846	0.125252	46.5241	-9.28771	1.60246	-0.0225173	38.8163	36.5212	1.06284
1232	0.00134936	0.125252	46.5241	-9.28772	1.59853	-0.0225162	38.8124	36.5212	1.06274
1233	0.00135025	0.125252	46.5241	-9.28772	1.59488	-0.0225152	38.8088	36.5212	1.06264
1234	0.00135115	0.125252	46.5241	-9.28772	1.59151	-0.0225141	38.8054	36.5212	1.06255
1235	0.00135204	0.125252	46.5241	-9.28772	1.58844	-0.0225131	38.8023	36.5212	1.06246
1236	0.00135294	0.125252	46.5241	-9.28772	1.58565	-0.0225121	38.7995	36.5212	1.06238
1237	0.00135383	0.125252	46.5241	-9.28772	1.58317	-0.022511	38.7971	36.5212	1.06232
1238	0.00135473	0.125252	46.5241	-9.28772	1.58098	-0.02251	38.7949	36.5212	1.06226
1239	0.00135562	0.125252	46.5241	-9.28773	1.57909	-0.0225089	38.793	36.5212	1.06221
1240	0.00135652	0.125252	46.5241	-9.28773	1.57748	-0.0225079	38.7914	36.5212	1.06216
1241	0.00135741	0.125252	46.5241	-9.28773	1.57615	-0.0225068	38.7901	36.5212	1.06212
1242	0.00135831	0.125252	46.5241	-9.28773	1.5751	-0.0225058	38.789	36.5212	1.0621
1243	0.0013592	0.125252	46.5241	-9.28773	1.5743	-0.0225047	38.7882	36.5212	1.06207
1244	0.0013601	0.125252	46.5241	-9.28773	1.57376	-0.0225036	38.7877	36.5212	1.06206
1245	0.00136099	0.125252	46.5241	-9.28773	1.57345	-0.0225025	38.7874	36.5212	1.06205
1246	0.00136189	0.125252	46.5241	-9.28773	1.57337	-0.0225014	38.7873	36.5212	1.06205
1247	0.00136278	0.125252	46.5241	-9.28773	1.57351	-0.0225003	38.7874	36.5212	1.06205
1248	0.00136368	0.125252	46.5241	-9.28773	1.57384	-0.0224992	38.7877	36.5212	1.06206
1249	0.00136457	0.125252	46.5241	-9.28773	1.57437	-0.022498	38.7883	36.5212	1.06208
1250	0.00136547	0.125252	46.5241	-9.28773	1.57508	-0.0224969	38.789	36.5212	1.0621
1251	0.00136636	0.125252	46.5241	-9.28773	1.57595	-0.0224957	38.7899	36.5212	1.06212
1252	0.00136726	0.125252	46.5241	-9.28773	1.57698	-0.0224945	38.7909	36.5212	1.06215
1253	0.00136816	0.125252	46.5241	-9.28773	1.57816	-0.0224933	38.7921	36.5212	1.06218
1254	0.00136905	0.125252	46.5241	-9.28772	1.57948	-0.0224921	38.7934	36.5212	1.06222
1255	0.00136995	0.125252	46.5241	-9.28772	1.58092	-0.0224909	38.7948	36.5212	1.06226
1256	0.00137084	0.125252	46.5241	-9.28772	1.58248	-0.0224897	38.7964	36.5212	1.0623
1257	0.00137174	0.125252	46.5241	-9.28772	1.58416	-0.0224885	38.7981	36.5212	1.06234
1258	0.00137263	0.125252	46.5241	-9.28772	1.58595	-0.0224872	38.7999	36.5212	1.06239
1259	0.00137353	0.125252	46.5241	-9.28772	1.58785	-0.0224859	38.8018	36.5212	1.06245
1260	0.00137442	0.125252	46.5241	-9.28772	1.58986	-0.0224847	38.8038	36.5212	1.0625
1261	0.00137532	0.125252	46.5241	-9.28772	1.59198	-0.0224834	38.8059	36.5212	1.06256
1262	0.00137622	0.125252	46.5241	-9.28772	1.59421	-0.0224821	38.8081	36.5212	1.06262
1263	0.00137711	0.125252	46.5241	-9.28772	1.59655	-0.0224808	38.8105	36.5212	1.06268
1264	0.00137801	0.125252	46.5241	-9.28772	1.59899	-0.0224795	38.8129	36.5212	1.06275
1265	0.0013789	0.125252	46.5241	-9.28771	1.60155	-0.0224782	38.8155	36.5212	1.06282
1266	0.0013798	0.125252	46.5241	-9.28771	1.60421	-0.0224769	38.8181	36.5212	1.06289
1267	0.00138069	0.125252	46.5241	-9.28771	1.60699	-0.0224756	38.8209	36.5212	1.06297
1268	0.00138159	0.125252	46.5241	-9.28771	1.60988	-0.0224744	38.8238	36.5212	1.06305
1269	0.00138249	0.125252	46.5241	-9.28771	1.61288	-0.0224731	38.8268	36.5212	1.06313
1270	0.00138338	0.125252	46.5241	-9.28771	1.61599	-0.0224718	38.8299	36.5212	1.06322
1271	0.00138428	0.125252	46.5241	-9.28771	1.61921	-0.0224705	38.8331	36.5212	1.0633
1272	0.00138517	0.125252	46.5241	-9.2877	1.62254	-0.0224692	38.8365	36.5212	1.0634
1273	0.00138607	0.125252	46.5241	-9.2877	1.62597	-0.0224679	38.8399	36.5212	1.06349
1274	0.00138697	0.125252	46.5241	-9.2877	1.62951	-0.0224666	38.8434	36.5212	1.06359
1275	0.00138786	0.125252	46.5241	-9.2877	1.63315	-0.0224653	38.8471	36.5212	1.06369
1276	0.00138876	0.125252	46.5241	-9.2877	1.63687	-0.022464	38.8508	36.5212	1.06379
1277	0.00138965	0.125252	46.5241	-9.2877	1.64067	-0.0224627	38.8546	36.5212	1.06389
1278	0.00139055	0.125252	46.5241	-9.2877	1.64453	-0.0224614	38.8585	36.5212	1.064
1279	0.00139144	0.125252	46.5241	-9.28769	1.64846	-0.0224601	38.8624	36.5212	1.06411
1280	0.00139234	0.125252	46.5241	-9.28769	1.65243	-0.0224588	38.8664	36.5212	1.06421
1281	0.00139324	0.125252	46.5241	-9.28769	1.65645	-0.0224575	38.8704	36.5212	1.06432
1282	0.00139413	0.125252	46.5241	-9.28769	1.66051	-0.0224562	38.8744	36.5212	1.06444
1283	0.00139503	0.125252	46.5241	-9.28769	1.66459	-0.0224549	38.8785	36.5212	1.06455
1284	0.00139592	0.125252	46.5241	-9.28768	1.66869	-0.0224536	38.8826	36.5212	1.06466
1285	0.00139682	0.125252	46.5241	-9.28768	1.6728	-0.0224523	38.8867	36.5212	1.06477
1286	0.00139772	0.125252	46.5241	-9.28768	1.67692	-0.0224511	38.8909	36.5212	1.06489
1287	0.00139861	0.125252	46.5241	-9.28768	1.68105	-0.0224498	38.895	36.5212	1.065
1288	0.00139951	0.125252	46.5241	-9.28768	1.68519	-0.0224485	38.8991	36.5212	1.06511
1289	0.0014004	0.125252	46.5241	-9.28768	1.68932	-0.0224472	38.9033	36.5212	1.06523
1290	0.0014013	0.125252	46.524	-9.28767	1.69346	-0.0224459	38.9074	36.5212	1.06534
1291	0.0014022	0.125252	46.524	-9.28767	1.6976	-0.0224446	38.9115	36.5212	1.06545
1292	0.00140309	0.125252	46.524	-9.28767	1.70175	-0.0224434	38.9157	36.5212	1.06557
1293	0.00140399	0.125252	46.524	-9.28767	1.70591	-0.0224421	38.9198	36.5212	1.06568
1294	0.00140488	0.125252	46.524	-9.28767	1.71007	-0.0224408	38.924	36.5212	1.06579
1295	0.00140578	0.125252	46.524	-9.28767	1.71425	-0.0224395	38.9282	36.5212	1.06591
1296	0.00140667	0.125252	46.524	-9.28766	1.71845	-0.0224383	38.9324	36.5212	1.06602
1297	0.00140757	0.125252	46.524	-9.28766	1.72267	-0.022437	38.9366	36.5211	1.06614
1298	0.00140847	0.125252	46.524	-9.28766	1.72691	-0.0224357	38.9408	36.5211	1.06625
1299	0.00140936	0.125252	46.524	-9.28766	1.73118	-0.0224345	38.9451	36.5211	1.06637
1300	0.00141026	0.125252	46.524	-9.28766	1.73548	-0.0224332	38.9494	36.5211	1.06649
1301	0.00141115	0.125252	46.524	-9.28766	1.73982	-0.0224319	38.9538	36.5211	1.06661
1302	0.00141205	0.125252	46.524	-9.28766	1.74419	-0.0224306	38.9581	36.5211	1.06673
1303	0.00141295	0.125252	46.524	-9.28766	1.74861	-0.0224294	38.9625	36.5211	1.06685
1304	0.00141384	0.125252	46.524	-9.28765	1.75306	-0.0224281	38.967	36.5211	1.06697
1305	0.00141474	0.125252	46.524	-9.28765	1.75756	-0.0224269	38.9715	36.5211	1.06709
1306	0.00141563	0.125252	46.524	-9.28765	1.7621	-0.0224256	38.976	36.5211	1.06722
1307	0.00141653	0.125252	46.524	-9.28765	1.76668	-0.0224244	38.9806	36.5211	1.06734
1308	0.00141743	0.125252	46.524	-9.28765	1.77131	-0.0224232	38.9852	36.5211	1.06747
1309	0.00141832	0.125252	46.524	-9.28765	1.77597	-0.022422	38.9899	36.5211	1.0676
1310	0.00141922	0.125252	46.524	-9.28765	1.78067	-0.0224208	38.9946	36.5211	1.06773
1311	0.00142011	0.125252	46.524	-9.28765	1.78541	-0.0224196	38.9994	36.5211	1.06786
1312	0.00142101	0.125252	46.524	-9.28765	1.79018	-0.0224184	39.0041	36.5211	1.06799
1313	0.0014219	0.125252	46.524	-9.28765	1.79499	-0.0224173	39.0089	36.5211	1.06812
1314	0.0014228	0.125252	46.524	-9.28765	1.79982	-0.0224161	39.0138	36.5211	1.06825
1315	0.0014237	0.125252	46.524	-9.28765	1.80467	-0.022415	39.0186	36.5211	1.06838
1316	0.00142459	0.125252	46.524	-9.28765	1.80955	-0.0224139	39.0235	36.5211	1.06852
1317	0.00142549	0.125252	46.524	-9.28766	1.81445	-0.0224128	39.0284	36.5211	1.06865
1318	0.00142638	0.125252	46.524	-9.28766	1.81936	-0.0224117	39.0333	36.5211	1.06879
1319	0.00142728	0.125252	46.524	-9.28766	1.82428	-0.0224106	39.0382	36.5211	1.06892
1320	0.00142818	0.125252	46.524	-9.28766	1.82921	-0.0224095	39.0432	36.5211	1.06906
1321	0.00142907	0.125252	46.524	-9.28766	1.83415	-0.0224085	39.0481	36.5211	1.06919
1322	0.00142997	0.125252	46.524	-9.28766	1.8391	-0.0224075	39.0531	36.5211	1.06933
1323	0.00143086	0.125252	46.524	-9.28766	1.84405	-0.0224065	39.058	36.5211	1.06946
1324	0.00143176	0.125252	46.524	-9.28766	1.84901	-0.0224055	39.063	36.5211	1.0696
1325	0.00143266	0.125252	46.524	-9.28766	1.85397	-0.0224045	39.0679	36.5211	1.06973
1326	0.00143355	0.125252	46.524	-9.28766	1.85894	-0.0224035	39.0729	36.5211	1.06987
1327	0.00143445	0.125252	46.524	-9.28766	1.86391	-0.0224025	39.0779	36.5211	1.07001
1328	0.00143535	0.125252	46.524	-9.28766	1.86889	-0.0224016	39.0829	36.5211	1.07014
1329	0.00143624	0.125252	46.524	-9.28766	1.87388	-0.0224007	39.0879	36.5211	1.07028
1330	0.00143714	0.125252	46.524	-9.28766	1.87889	-0.0223998	39.0929	36.5211	1.07042
1331	0.00143803	0.125252	46.524	-9.28767	1.88391	-0.0223989	39.0979	36.5212	1.07055
1332	0.00143893	0.125252	46.524	-9.28767	1.88896	-0.022398	39.1029	36.5212	1.07069
1333	0.00143983	0.125252	46.524	-9.28767	1.89403	-0.0223972	39.108	36.5212	1.07083
1334	0.00144072	0.125252	46.524	-9.28767	1.89913	-0.0223963	39.1131	36.5212	1.07097
1335	0.00144162	0.125252	46.524	-9.28767	1.90425	-0.0223955	39.1182	36.5212	1.07111
1336	0.00144251	0.125252	46.524	-9.28767	1.90942	-0.0223947	39.1234	36.5212	1.07125
1337	0.00144341	0.125252	46.524	-9.28767	1.91462	-0.0223939	39.1286	36.5212	1.0714
1338	0.00144431	0.125252	46.524	-9.28767	1.91986	-0.0223931	39.1338	36.5212	1.07154
1339	0.0014452	0.125252	46.524	-9.28767	1.92515	-0.0223923	39.1391	36.5212	1.07168
1340	0.0014461	0.125252	46.524	-9.28767	1.93048	-0.0223915	39.1445	36.5212	1.07183
1341	0.001447	0.125252	46.524	-9.28767	1.93586	-0.0223908	39.1498	36.5212	1.07198
1342	0.00144789	0.125252	46.524	-9.28767	1.94128	-0.02239	39.1553	36.5212	1.07213
1343	0.00144879	0.125252	46.524	-9.28767	1.94676	-0.0223893	39.1607	36.5212	1.07228
1344	0.00144968	0.125252	46.524	-9.28767	1.95229	-0.0223885	39.1663	36.5212	1.07243
1345	0.00145058	0.125252	46.524	-9.28767	1.95787	-0.0223878	39.1719	36.5212	1.07258
1346	0.00145148	0.125252	46.524	-9.28767	1.96351	-0.0223871	39.1775	36.5212	1.07273
1347	0.00145237	0.125252	46.524	-9.28767	1.9692	-0.0223864	39.1832	36.5212	1.07289
1348	0.00145327	0.125252	46.524	-9.28767	1.97493	-0.0223857	39.1889	36.5212	1.07305
1349	0.00145417	0.125252	46.524	-9.28767	1.98072	-0.0223851	39.1947	36.5212	1.07321
1350	0.00145506	0.125252	46.524	-9.28767	1.98656	-0.0223844	39.2005	36.5212	1.07337
1351	0.00145596	0.125252	46.524	-9.28766	1.99244	-0.0223838	39.2064	36.5212	1.07353
1352	0.00145686	0.125252	46.524	-9.28766	1.99837	-0.0223831	39.2124	36.5211	1.07369
1353	0.00145775	0.125252	46.524	-9.28766	2.00434	-0.0223825	39.2183	36.5211	1.07385
1354	0.00145865	0.125252	46.524	-9.28766	2.01035	-0.0223819	39.2243	36.5211	1.07402
1355	0.00145954	0.125252	46.524	-9.28766	2.01639	-0.0223812	39.2304	36.5211	1.07418
1356	0.00146044	0.125252	46.524	-9.28765	2.02247	-0.0223806	39.2364	36.5211	1.07435
1357	0.00146134	0.125252	46.524	-9.28765	2.02857	-0.02238	39.2426	36.5211	1.07452
1358	0.00146223	0.125252	46.524	-9.28765	2.0347	-0.0223794	39.2487	36.5211	1.07468
1359	0.00146313	0.125252	46.524	-9.28765	2.04086	-0.0223787	39.2548	36.5211	1.07485
1360	0.00146403	0.125252	46.524	-9.28764	2.04704	-0.0223781	39.261	36.5211	1.07502
1361	0.00146492	0.125252	46.524	-9.28764	2.05324	-0.0223775	39.2672	36.5211	1.07519
1362	0.00146582	0.125252	46.524	-9.28763	2.05945	-0.0223768	39.2734	36.5211	1.07536
1363	0.00146672	0.125252	46.524	-9.28763	2.06568	-0.0223762	39.2797	36.5211	1.07553
1364	0.00146761	0.125252	46.524	-9.28763	2.07192	-0.0223756	39.2859	36.5211	1.0757
1365	0.00146851	0.125252	46.524	-9.28762	2.07816	-0.022375	39.2921	36.5211	1.07587
1366	0.00146941	0.125252	46.524	-9.28762	2.08441	-0.0223744	39.2984	36.5211	1.07604
1367	0.0014703	0.125252	46.524	-9.28761	2.09066	-0.0223738	39.3046	36.5211	1.07622
1368	0.0014712	0.125252	46.5239	-9.28761	2.09691	-0.0223733	39.3109	36.5211	1.07639
1369	0.0014721	0.125252	46.5239	-9.2876	2.10315	-0.0223727	39.3171	36.5211	1.07656
1370	0.00147299	0.125252	46.5239	-9.2876	2.10939	-0.0223722	39.3233	36.5211	1.07673
1371	0.00147389	0.125252	46.5239	-9.28759	2.11561	-0.0223716	39.3296	36.5211	1.0769
1372	0.00147479	0.125252	46.5239	-9.28759	2.12182	-0.0223711	39.3358	36.5211	1.07707
1373	0.00147568	0.125252	46.5239	-9.28758	2.128	-0.0223706	39.342	36.5211	1.07724
1374	0.00147658	0.125252	46.5239	-9.28758	2.13417	-0.0223701	39.3481	36.5211	1.07741
1375	0.00147748	0.125252	46.5239	-9.28757	2.14032	-0.0223696	39.3543	36.5211	1.07758
1376	0.00147837	0.125252	46.5239	-9.28757	2.14643	-0.0223691	39.3604	36.5211	1.07774
1377	0.00147927	0.125252	46.5239	-9.28756	2.15252	-0.0223686	39.3665	36.5211	1.07791
1378	0.00148017	0.125252	46.5239	-9.28756	2.15857	-0.0223682	39.3725	36.5211	1.07808
1379	0.00148106	0.125252	46.5239	-9.28755	2.16458	-0.0223678	39.3785	36.5211	1.07824
1380	0.00148196	0.125252	46.5239	-9.28754	2.17056	-0.0223673	39.3845	36.5211	1.0784
1381	0.00148286	0.125252	46.5238	-9.28753	2.1765	-0.0223669	39.3904	36.5211	1.07857
1382	0.00148375	0.125252	46.5238	-9.28752	2.18239	-0.0223665	39.3963	36.5211	1.07873
1383	0.00148465	0.125252	46.5238	-9.2875	2.18824	-0.0223662	39.4022	36.5211	1.07889
1384	0.00148555	0.125252	46.5238	-9.28748	2.19403	-0.0223658	39.4079	36.5211	1.07905
1385	0.00148644	0.125252	46.5237	-9.28746	2.19978	-0.0223655	39.4137	36.5211	1.0792
1386	0.00148734	0.125252	46.5237	-9.28743	2.20547	-0.0223652	39.4194	36.5211	1.07936
1387	0.00148824	0.125252	46.5236	-9.2874	2.21111	-0.0223649	39.425	36.5211	1.07951
1388	0.00148913	0.125251	46.5236	-9.28737	2.21669	-0.0223646	39.4306	36.521	1.07967
1389	0.00149003	0.125251	46.5235	-9.28733	2.22222	-0.0223643	39.4361	36.521	1.07982
1390	0.00149093	0.125251	46.5235	-9.28729	2.22769	-0.022364	39.4415	36.521	1.07997
1391	0.00149182	0.125251	46.5234	-9.28725	2.2331	-0.0223638	39.4469	36.521	1.08012
1392	0.00149272	0.125251	46.5233	-9.2872	2.23845	-0.0223635	39.4522	36.521	1.08026
1393	0.00149362	0.125251	46.5233	-9.28715	2.24374	-0.0223633	39.4575	36.521	1.08041
1394	0.00149451	0.125251	46.5232	-9.28709	2.24898	-0.0223631	39.4627	36.5209	1.08055
1395	0.00149541	0.125251	46.5231	-9.28703	2.25416	-0.0223628	39.4678	36.5209	1.08069
1396	0.00149631	0.125251	46.523	-9.28695	2.25928	-0.0223626	39.4729	36.5209	1.08083
1397	0.00149721	0.125251	46.5228	-9.28687	2.26434	-0.0223624	39.478	36.5208	1.08097
1398	0.0014981	0.125251	46.5227	-9.28677	2.26935	-0.0223623	39.4829	36.5208	1.08111
1399	0.001499	0.125251	46.5225	-9.28666	2.27431	-0.0223621	39.4878	36.5208	1.08124
1400	0.0014999	0.12525	46.5223	-9.28653	2.27922	-0.0223619	39.4927	36.5207	1.08138
1401	0.00150079	0.12525	46.5221	-9.28638	2.28408	-0.0223617	39.4975	36.5207	1.08151
1402	0.00150169	0.12525	46.5219	-9.2862	2.2889	-0.0223616	39.5022	36.5206	1.08164
1403	0.00150259	0.12525	46.5216	-9.286	2.29367	-0.0223615	39.5069	36.5205	1.08177
1404	0.00150349	0.125249	46.5212	-9.28576	2.29839	-0.0223613	39.5115	36.5204	1.0819
1405	0.00150438	0.125249	46.5208	-9.28549	2.30308	-0.0223612	39.516	36.5203	1.08203
1406	0.00150528	0.125249	46.5203	-9.28517	2.30773	-0.0223611	39.5205	36.5202	1.08216
1407	0.00150618	0.125248	46.5198	-9.28479	2.31234	-0.022361	39.525	36.5201	1.08228
1408	0.00150708	0.125248	46.5191	-9.28436	2.31691	-0.022361	39.5293	36.5199	1.08241
1409	0.00150797	0.125247	46.5184	-9.28386	2.32145	-0.0223609	39.5336	36.5197	1.08253
1410	0.00150887	0.125246	46.5175	-9.28328	2.32596	-0.0223608	39.5379	36.5195	1.08265
1411	0.00150977	0.125245	46.5166	-9.2826	2.33044	-0.0223607	39.542	36.5193	1.08277
1412	0.00151067	0.125244	46.5154	-9.28183	2.33489	-0.0223607	39.5461	36.519	1.08289
1413	0.00151156	0.125243	46.5141	-9.28093	2.33932	-0.0223607	39.5501	36.5186	1.08301
1414	0.00151246	0.125242	46.5125	-9.2799	2.34371	-0.0223606	39.554	36.5182	1.08313
1415	0.00151336	0.12524	46.5108	-9.27871	2.34809	-0.0223606	39.5578	36.5178	1.08325
1416	0.00151426	0.125239	46.5088	-9.27734	2.35243	-0.0223606	39.5615	36.5173	1.08336
1417	0.00151515	0.125237	46.5064	-9.27578	2.35676	-0.0223607	39.5651	36.5167	1.08348
1418	0.00151605	0.125234	46.5038	-9.27399	2.36106	-0.0223607	39.5685	36.516	1.08359
1419	0.00151695	0.125232	46.5008	-9.27195	2.36535	-0.0223607	39.5718	36.5152	1.08371
1420	0.00151785	0.125229	46.4973	-9.26962	2.36963	-0.0223608	39.575	36.5143	1.08382
1421	0.00151874	0.125225	46.4934	-9.26697	2.37389	-0.0223609	39.5779	36.5133	1.08393
1422	0.00151964	0.125221	46.4889	-9.26397	2.37814	-0.0223609	39.5807	36.5122	1.08404
1423	0.00152054	0.125217	46.4838	-9.26056	2.38238	-0.022361	39.5833	36.5109	1.08415
1424	0.00152144	0.125212	46.4781	-9.25672	2.38661	-0.0223611	39.5856	36.5094	1.08426
1425	0.00152233	0.125206	46.4716	-9.25237	2.39084	-0.0223612	39.5877	36.5077	1.08437
1426	0.00152323	0.125199	46.4643	-9.24748	2.39506	-0.0223613	39.5896	36.5059	1.08447
1427	0.00152413	0.125192	46.4561	-9.24198	2.39928	-0.0223615	39.5911	36.5037	1.08458
1428	0.00152503	0.125184	46.4469	-9.23582	2.4035	-0.0223616	39.5923	36.5014	1.08468
1429	0.00152593	0.125175	46.4366	-9.22891	2.40772	-0.0223617	39.5931	36.4987	1.08478
1430	0.00152682	0.125165	46.4251	-9.2212	2.41194	-0.0223618	39.5935	36.4957	1.08488
1431	0.00152772	0.125153	46.4122	-9.2126	2.41616	-0.0223619	39.5934	36.4923	1.08498
1432	0.00152862	0.12514	46.3979	-9.20304	2.42038	-0.022362	39.5929	36.4886	1.08508
1433	0.00152952	0.125126	46.382	-9.19241	2.42461	-0.0223621	39.5918	36.4844	1.08517
1434	0.00153041	0.12511	46.3643	-9.18063	2.42884	-0.0223622	39.5901	36.4798	1.08526
1435	0.00153131	0.125092	46.3447	-9.16759	2.43307	-0.0223623	39.5878	36.4747	1.08535
1436	0.00153221	0.125073	46.3231	-9.15319	2.43731	-0.0223624	39.5849	36.469	1.08544
1437	0.00153311	0.125051	46.2992	-9.13732	2.44155	-0.0223625	39.5811	36.4627	1.08552
1438	0.00153401	0.125028	46.273	-9.11986	2.4458	-0.0223626	39.5765	36.4558	1.0856
1439	0.0015349	0.125001	46.2441	-9.10068	2.45005	-0.0223627	39.5711	36.4481	1.08568
1440	0.0015358	0.124973	46.2124	-9.07966	2.4543	-0.0223628	39.5647	36.4398	1.08576
1441	0.0015367	0.124941	46.1777	-9.05667	2.45856	-0.0223629	39.5572	36.4305	1.08583
1442	0.0015376	0.124906	46.1398	-9.03155	2.46281	-0.0223629	39.5487	36.4204	1.08589
1443	0.00153849	0.124869	46.0984	-9.00418	2.46707	-0.022363	39.5389	36.4094	1.08595
1444	0.00153939	0.124827	46.0534	-8.97439	2.47132	-0.0223631	39.5279	36.3974	1.08601
1445	0.00154029	0.124782	46.0044	-8.94205	2.47557	-0.0223632	39.5155	36.3842	1.08606
1446	0.00154119	0.124733	45.9512	-8.90698	2.47981	-0.0223633	39.5017	36.3699	1.08611
1447	0.00154209	0.12468	45.8936	-8.86904	2.48404	-0.0223634	39.4863	36.3544	1.08615
1448	0.00154298	0.124622	45.8314	-8.82806	2.48827	-0.0223635	39.4692	36.3376	1.08618
1449	0.00154388	0.12456	45.7642	-8.78388	2.49248	-0.0223636	39.4504	36.3193	1.08621
1450	0.00154478	0.124492	45.6918	-8.73634	2.49667	-0.0223637	39.4297	36.2996	1.08623
1451	0.00154568	0.124419	45.6139	-8.68527	2.50085	-0.0223638	39.4071	36.2784	1.08624
1452	0.00154657	0.124341	45.5303	-8.63051	2.505	-0.0223639	39.3824	36.2555	1.08625
1453	0.00154747	0.124256	45.4407	-8.5719	2.50913	-0.022364	39.3556	36.2308	1.08625
1454	0.00154837	0.124165	45.3449	-8.50929	2.51324	-0.0223641	39.3265	36.2044	1.08624
1455	0.00154927	0.124068	45.2425	-8.44252	2.51731	-0.0223642	39.295	36.176	1.08622
1456	0.00155017	0.123964	45.1334	-8.37145	2.52135	-0.0223643	39.261	36.1456	1.08619
1457	0.00155106	0.123852	45.0173	-8.29594	2.52536	-0.0223644	39.2244	36.1131	1.08615
1458	0.00155196	0.123734	44.894	-8.21585	2.52933	-0.0223645	39.1851	36.0785	1.08611
1459	0.00155286	0.123607	44.7632	-8.13105	2.53326	-0.0223647	39.143	36.0415	1.08605
1460	0.00155376	0.123472	44.6247	-8.04144	2.53714	-0.0223648	39.0981	36.0022	1.08599
1461	0.00155465	0.123329	44.4784	-7.94691	2.54098	-0.0223649	39.0501	35.9605	1.08592
1462	0.00155555	0.123177	44.3241	-7.84738	2.54477	-0.0223651	38.9991	35.9162	1.08584
1463	0.00155645	0.123016	44.1616	-7.74277	2.5485	-0.0223652	38.9449	35.8693	1.08575
1464	0.00155735	0.122846	43.9907	-7.63301	2.55219	-0.0223654	38.8875	35.8197	1.08565
1465	0.00155825	0.122667	43.8114	-7.51808	2.55582	-0.0223655	38.8268	35.7674	1.08554
1466	0.00155914	0.122477	43.6237	-7.39794	2.5594	-0.0223657	38.7627	35.7122	1.08542
1467	0.00156004	0.122278	43.4273	-7.27259	2.56292	-0.0223658	38.6953	35.6541	1.0853
1468	0.00156094	0.122069	43.2224	-7.14204	2.56639	-0.0223659	38.6243	35.593	1.08517
1469	0.00156184	0.121849	43.0088	-7.00631	2.5698	-0.0223661	38.5499	35.529	1.08503
1470	0.00156273	0.121619	42.7867	-6.86546	2.57315	-0.0223662	38.472	35.4619	1.08488
1471	0.00156363	0.121378	42.556	-6.71956	2.57645	-0.0223663	38.3905	35.3917	1.08473
1472	0.00156453	0.121127	42.3169	-6.56867	2.57969	-0.0223664	38.3056	35.3183	1.08458
1473	0.00156543	0.120864	42.0695	-6.41292	2.58287	-0.0223665	38.2171	35.2419	1.08442
1474	0.00156633	0.120591	41.8139	-6.25242	2.586	-0.0223666	38.1251	35.1622	1.08426
1475	0.00156722	0.120307	41.5502	-6.0873	2.58907	-0.0223667	38.0296	35.0794	1.0841
1476	0.00156812	0.120012	41.2788	-5.91772	2.59208	-0.0223668	37.9308	34.9934	1.08394
1477	0.00156902	0.119707	40.9997	-5.74384	2.59505	-0.0223669	37.8285	34.9043	1.08378
1478	0.00156992	0.11939	40.7132	-5.56585	2.59796	-0.022367	37.723	34.812	1.08362
1479	0.00157082	0.119063	40.4197	-5.38394	2.60082	-0.0223671	37.6142	34.7165	1.08347
1480	0.00157171	0.118725	40.1193	-5.19831	2.60362	-0.0223673	37.5022	34.618	1.08332
1481	0.00157261	0.118377	39.8124	-5.00918	2.60638	-0.0223674	37.3872	34.5165	1.08317
1482	0.00157351	0.118018	39.4993	-4.81676	2.60909	-0.0223675	37.2693	34.4119	1.08304
1483	0.00157441	0.117649	39.1804	-4.62129	2.61174	-0.0223677	37.1485	34.3044	1.08291
1484	0.00157531	0.117271	38.8559	-4.42299	2.61435	-0.0223679	37.0249	34.194	1.08279
1485	0.00157621	0.116882	38.5263	-4.22211	2.61691	-0.0223681	36.8987	34.0807	1.08269
1486	0.0015771	0.116485	38.1919	-4.01889	2.61943	-0.0223683	36.7701	33.9648	1.0826
1487	0.001578	0.116078	37.8531	-3.81359	2.6219	-0.0223685	36.6391	33.8461	1.08252
1488	0.0015789	0.115662	37.5103	-3.60644	2.62432	-0.0223687	36.5058	33.7249	1.08246
1489	0.0015798	0.115238	37.1639	-3.3977	2.62671	-0.022369	36.3706	33.6012	1.08242
1490	0.0015807	0.114805	36.8143	-3.18762	2.62904	-0.0223692	36.2334	33.4751	1.0824
1491	0.0015816	0.114365	36.4619	-2.97644	2.63134	-0.0223695	36.0944	33.3468	1.08239
1492	0.0015825	0.113918	36.107	-2.76439	2.6336	-0.0223698	35.9538	33.2163	1.08242
1493	0.00158339	0.113463	35.7502	-2.55187	2.63582	-0.0223701	35.8118	33.0837	1.08246
1494	0.00158429	0.113002	35.3923	-2.33941	2.638	-0.0223705	35.6686	32.9493	1.08253
1495	0.00158519	0.112536	35.0341	-2.12736	2.64015	-0.0223708	35.5245	32.8133	1.08263
1496	0.00158609	0.112065	34.676	-1.916	2.64227	-0.0223712	35.3799	32.676	1.08275
1497	0.00158699	0.11159	34.3185	-1.70551	2.64436	-0.0223716	35.2349	32.5376	1.0829
1498	0.00158789	0.111112	33.9618	-1.49612	2.64642	-0.022372	35.0898	32.3982	1.08308
1499	0.00158879	0.110631	33.6064	-1.28795	2.64846	-0.0223724	34.9445	32.2579	1.08328
1500	0.00158968	0.110147	33.2524	-1.08123	2.65049	-0.0223729	34.7993	32.1169	1.08352
1501	0.00159058	0.109661	32.9003	-0.876072	2.6525	-0.0223733	34.6544	31.9752	1.08379
1502	0.00159148	0.109174	32.5503	-0.672635	2.65451	-0.0223738	34.5098	31.833	1.08409
1503	0.00159238	0.108684	32.2026	-0.47106	2.65651	-0.0223743	34.3657	31.6904	1.08442
1504	0.00159328	0.108195	31.8575	-0.271426	2.65852	-0.0223748	34.2222	31.5475	1.08478
1505	0.00159418	0.107704	31.5152	-0.0739212	2.66053	-0.0223753	34.0794	31.4045	1.08518
1506	0.00159508	0.107213	31.1759	0.121386	2.66255	-0.0223759	33.9375	31.2614	1.0856
1507	0.00159598	0.106722	30.8398	0.314443	2.66459	-0.0223765	33.7965	31.1183	1.08606
1508	0.00159688	0.106232	30.5072	0.505076	2.66666	-0.022377	33.6565	30.9754	1.08656
1509	0.00159778	0.105743	30.1781	0.693242	2.66875	-0.0223776	33.5177	30.8327	1.08708
1510	0.00159867	0.105255	29.8527	0.878873	2.67088	-0.0223783	33.3801	30.6904	1.08764
1511	0.00159957	0.104768	29.5313	1.06186	2.67305	-0.0223789	33.2438	30.5485	1.08823
1512	0.00160047	0.104283	29.2139	1.24217	2.67526	-0.0223795	33.109	30.4071	1.08886
1513	0.00160137	0.103801	28.9007	1.41971	2.67752	-0.0223802	32.9756	30.2664	1.08951
1514	0.00160227	0.103321	28.5919	1.59443	2.67984	-0.0223808	32.8438	30.1264	1.0902
1515	0.00160317	0.102843	28.2875	1.76629	2.68222	-0.0223815	32.7137	29.9872	1.09092
1516	0.00160407	0.102369	27.9877	1.93524	2.68465	-0.0223822	32.5852	29.849	1.09167
1517	0.00160497	0.101898	27.6925	2.10127	2.68714	-0.0223829	32.4585	29.7117	1.09245
1518	0.00160587	0.101431	27.402	2.26438	2.68969	-0.0223836	32.3337	29.5755	1.09326
1519	0.00160677	0.100968	27.1162	2.42454	2.6923	-0.0223842	32.2107	29.4403	1.0941
1520	0.00160766	0.100508	26.8352	2.58176	2.69497	-0.022385	32.0895	29.3064	1.09497
1521	0.00160856	0.100053	26.5589	2.73601	2.6977	-0.0223857	31.9702	29.1737	1.09586
1522	0.00160946	0.0996023	26.2875	2.88731	2.70048	-0.0223864	31.8529	29.0422	1.09678
1523	0.00161036	0.0991562	26.021	3.03563	2.70331	-0.0223871	31.7376	28.9121	1.09773
1524	0.00161126	0.0987148	25.7594	3.18099	2.70619	-0.0223879	31.6242	28.7834	1.09869
1525	0.00161216	0.0982785	25.5027	3.32337	2.70912	-0.0223886	31.5128	28.6562	1.09969
1526	0.00161306	0.0978473	25.251	3.46279	2.71208	-0.0223894	31.4035	28.5305	1.1007
1527	0.00161396	0.0974215	25.0042	3.59924	2.71508	-0.0223901	31.2962	28.4063	1.10173
1528	0.00161486	0.0970012	24.7624	3.73274	2.71811	-0.0223909	31.1909	28.2838	1.10278
1529	0.00161576	0.0965866	24.5256	3.8633	2.72117	-0.0223917	31.0877	28.1629	1.10385
1530	0.00161665	0.0961779	24.2938	3.99092	2.72425	-0.0223924	30.9866	28.0437	1.10494
1531	0.00161755	0.0957751	24.067	4.11563	2.72735	-0.0223932	30.8875	27.9263	1.10604
1532	0.00161845	0.0953784	23.8451	4.23745	2.73047	-0.022394	30.7906	27.8106	1.10715
1533	0.00161935	0.0949879	23.6281	4.35638	2.7336	-0.0223948	30.6957	27.6967	1.10828
1534	0.00162025	0.0946037	23.4161	4.47246	2.73674	-0.0223955	30.6029	27.5847	1.10942
1535	0.00162115	0.0942259	23.209	4.5857	2.73989	-0.0223963	30.5122	27.4745	1.11056
1536	0.00162205	0.0938547	23.0068	4.69611	2.74305	-0.0223971	30.4236	27.3663	1.11172
1537	0.00162295	0.0934901	22.8095	4.8037	2.74622	-0.0223979	30.337	27.26	1.11288
1538	0.00162385	0.0931324	22.6171	4.90844	2.7494	-0.0223987	30.2526	27.1557	1.11404
1539	0.00162474	0.0927817	22.4298	5.01034	2.75259	-0.0223995	30.1703	27.0535	1.11521
1540	0.00162564	0.0924383	22.2473	5.10942	2.75579	-0.0224003	30.0901	26.9533	1.11638
1541	0.00162654	0.0921021	22.0698	5.20571	2.759	-0.0224011	30.0121	26.8553	1.11755
1542	0.00162744	0.0917733	21.8972	5.29923	2.76221	-0.0224019	29.9363	26.7594	1.11872
1543	0.00162834	0.091452	21.7295	5.39003	2.76543	-0.0224027	29.8625	26.6657	1.11988
1544	0.00162924	0.091138	21.5665	5.47814	2.76866	-0.0224035	29.7909	26.5742	1.12105
1545	0.00163014	0.0908316	21.4083	5.5636	2.77188	-0.0224044	29.7213	26.4848	1.1222
1546	0.00163104	0.0905326	21.2547	5.64645	2.7751	-0.0224052	29.6539	26.3976	1.12335
1547	0.00163193	0.090241	21.1057	5.72683	2.77833	-0.022406	29.5884	26.3126	1.12449
1548	0.00163283	0.0899566	20.9608	5.80492	2.78154	-0.0224068	29.5249	26.2297	1.12563
1549	0.00163373	0.0896787	20.8201	5.88075	2.78476	-0.0224077	29.4632	26.1487	1.12676
1550	0.00163463	0.0894074	20.6833	5.95434	2.78796	-0.0224085	29.4032	26.0696	1.12787
1551	0.00163553	0.0891428	20.5506	6.0257	2.79116	-0.0224093	29.345	25.9924	1.12898
1552	0.00163643	0.0888848	20.4218	6.09484	2.79434	-0.0224101	29.2886	25.9172	1.13008
1553	0.00163733	0.0886336	20.297	6.16176	2.7975	-0.0224109	29.2339	25.8439	1.13117
1554	0.00163823	0.0883893	20.1762	6.2265	2.80065	-0.0224117	29.1809	25.7727	1.13224
1555	0.00163913	0.0881518	20.0593	6.28905	2.80376	-0.0224125	29.1297	25.7034	1.1333
1556	0.00164002	0.0879212	19.9464	6.34946	2.80685	-0.0224133	29.0803	25.6362	1.13434
1557	0.00164092	0.0876976	19.8373	6.40774	2.80991	-0.0224141	29.0325	25.571	1.13537
1558	0.00164182	0.0874809	19.732	6.46391	2.81292	-0.0224149	28.9865	25.5078	1.13637
1559	0.00164272	0.0872711	19.6305	6.51803	2.81589	-0.0224157	28.9421	25.4467	1.13736
1560	0.00164362	0.0870681	19.5328	6.57011	2.81881	-0.0224165	28.8993	25.3875	1.13833
1561	0.00164452	0.086872	19.4387	6.6202	2.82167	-0.0224172	28.8581	25.3303	1.13927
1562	0.00164542	0.0866827	19.3482	6.66834	2.82448	-0.022418	28.8186	25.2751	1.1402
1563	0.00164632	0.0865	19.2612	6.71456	2.82721	-0.0224188	28.7805	25.2218	1.1411
1564	0.00164722	0.0863239	19.1776	6.75891	2.82988	-0.0224195	28.744	25.1705	1.14197
1565	0.00164812	0.0861544	19.0975	6.80142	2.83248	-0.0224203	28.709	25.121	1.14283
1566	0.00164901	0.0859912	19.0206	6.84224	2.83501	-0.0224211	28.6754	25.0735	1.14365
1567	0.00164991	0.0858341	18.9467	6.8814	2.83746	-0.0224219	28.6431	25.0276	1.14446
1568	0.00165081	0.0856828	18.8758	6.91895	2.83982	-0.0224227	28.6122	24.9835	1.14524
1569	0.00165171	0.0855372	18.8079	6.95489	2.84211	-0.0224235	28.5825	24.9411	1.146
1570	0.00165261	0.0853974	18.7429	6.98922	2.84432	-0.0224243	28.554	24.9003	1.14673
1571	0.00165351	0.0852634	18.6809	7.02195	2.84646	-0.0224251	28.5269	24.8612	1.14744
1572	0.00165441	0.0851353	18.6218	7.05309	2.84851	-0.0224259	28.501	24.8239	1.14813
1573	0.00165531	0.085013	18.5656	7.08265	2.85049	-0.0224267	28.4764	24.7882	1.14878
1574	0.00165621	0.0848966	18.5124	7.11066	2.8524	-0.0224276	28.453	24.7543	1.14942
1575	0.00165711	0.084786	18.4619	7.13715	2.85424	-0.0224284	28.4309	24.722	1.15002
1576	0.00165801	0.084681	18.4142	7.16215	2.85602	-0.0224293	28.4099	24.6914	1.1506
1577	0.00165891	0.0845817	18.3692	7.1857	2.85774	-0.0224302	28.3902	24.6625	1.15115
1578	0.00165981	0.084488	18.3269	7.20782	2.8594	-0.0224311	28.3717	24.6351	1.15168
1579	0.00166071	0.0843996	18.2872	7.22855	2.86102	-0.022432	28.3543	24.6094	1.15218
1580	0.00166161	0.0843167	18.25	7.24793	2.86261	-0.0224329	28.3381	24.5852	1.15265
1581	0.0016625	0.0842389	18.2153	7.26598	2.86416	-0.0224338	28.323	24.5625	1.1531
1582	0.0016634	0.0841662	18.183	7.28275	2.86569	-0.0224347	28.309	24.5413	1.15352
1583	0.0016643	0.0840986	18.1531	7.29827	2.86721	-0.0224357	28.2961	24.5216	1.15393
1584	0.0016652	0.0840358	18.1254	7.3126	2.86873	-0.0224366	28.2843	24.5033	1.1543
1585	0.0016661	0.0839777	18.0998	7.32583	2.87025	-0.0224376	28.2734	24.4864	1.15466
1586	0.001667	0.0839239	18.0762	7.338	2.87177	-0.0224385	28.2636	24.4707	1.155
1587	0.0016679	0.0838743	18.0546	7.34918	2.8733	-0.0224395	28.2546	24.4562	1.15531
1588	0.0016688	0.0838287	18.0347	7.35939	2.87484	-0.0224405	28.2465	24.4429	1.15561
1589	0.0016697	0.0837869	18.0166	7.36865	2.87637	-0.0224415	28.2392	24.4307	1.15589
1590	0.0016706	0.0837489	18.0003	7.37701	2.87788	-0.0224425	28.2327	24.4196	1.15615
1591	0.0016715	0.0837145	17.9855	7.38453	2.87937	-0.0224435	28.227	24.4096	1.15639
1592	0.0016724	0.0836835	17.9723	7.39123	2.88081	-0.0224446	28.2219	24.4006	1.15661
1593	0.0016733	0.0836557	17.9606	7.39717	2.88221	-0.0224456	28.2175	24.3925	1.15681
1594	0.0016742	0.0836311	17.9502	7.40236	2.88354	-0.0224467	28.2137	24.3853	1.157
1595	0.0016751	0.0836095	17.9413	7.40682	2.88479	-0.0224478	28.2104	24.379	1.15716
1596	0.001676	0.0835908	17.9336	7.41059	2.88595	-0.0224488	28.2077	24.3736	1.15731
1597	0.0016769	0.083575	17.9273	7.41367	2.88701	-0.02245	28.2055	24.3689	1.15744
1598	0.0016778	0.0835619	17.9222	7.41609	2.88795	-0.0224511	28.2038	24.3651	1.15755
1599	0.0016787	0.0835516	17.9183	7.41787	2.88877	-0.0224522	28.2025	24.3621	1.15764
1600	0.0016796	0.0835438	17.9156	7.41903	2.88947	-0.0224533	28.2016	24.3598	1.15771
1601	0.00168049	0.0835385	17.914	7.41959	2.89003	-0.0224545	28.2011	24.3583	1.15776
1602	0.00168139	0.0835357	17.9135	7.41958	2.89046	-0.0224556	28.201	24.3575	1.1578
1603	0.00168229	0.0835353	17.914	7.41903	2.89074	-0.0224567	28.2013	24.3574	1.15782
1604	0.00168319	0.083537	17.9155	7.41795	2.89089	-0.0224579	28.2019	24.3579	1.15782
1605	0.00168409	0.0835409	17.918	7.41639	2.89091	-0.022459	28.2028	24.359	1.1578
1606	0.00168499	0.0835467	17.9213	7.4144	2.89079	-0.0224601	28.204	24.3607	1.15777
1607	0.00168589	0.0835542	17.9254	7.41198	2.89056	-0.0224613	28.2055	24.3629	1.15772
1608	0.00168679	0.0835635	17.9303	7.40913	2.89022	-0.0224624	28.2072	24.3656	1.15766
1609	0.00168769	0.0835745	17.936	7.40586	2.88978	-0.0224635	28.2092	24.3688	1.15759
1610	0.00168859	0.0835873	17.9425	7.40217	2.88926	-0.0224646	28.2114	24.3725	1.15751
1611	0.00168949	0.0836017	17.9497	7.39809	2.88866	-0.0224656	28.214	24.3767	1.15742
1612	0.00169039	0.0836176	17.9577	7.39363	2.88801	-0.0224667	28.2168	24.3814	1.15731
1613	0.00169128	0.0836351	17.9663	7.38879	2.8873	-0.0224677	28.2199	24.3865	1.1572
1614	0.00169218	0.0836541	17.9757	7.38357	2.88657	-0.0224687	28.2233	24.392	1.15707
1615	0.00169308	0.0836746	17.9857	7.37799	2.88583	-0.0224697	28.227	24.398	1.15694
1616	0.00169398	0.0836966	17.9964	7.37203	2.88508	-0.0224707	28.2311	24.4044	1.1568
1617	0.00169488	0.0837201	18.0078	7.36572	2.88435	-0.0224717	28.2354	24.4112	1.15666
1618	0.00169578	0.083745	18.0199	7.35905	2.88364	-0.0224727	28.2401	24.4185	1.15651
1619	0.00169668	0.0837713	18.0326	7.35203	2.88298	-0.0224736	28.2452	24.4262	1.15635
1620	0.00169758	0.083799	18.046	7.34468	2.88235	-0.0224745	28.2505	24.4343	1.15619
1621	0.00169847	0.083828	18.06	7.337	2.88176	-0.0224754	28.2562	24.4427	1.15602
1622	0.00169937	0.0838584	18.0745	7.32901	2.8812	-0.0224763	28.2622	24.4516	1.15585
1623	0.00170027	0.08389	18.0897	7.3207	2.88064	-0.0224772	28.2685	24.4608	1.15567
1624	0.00170117	0.0839228	18.1054	7.31209	2.88007	-0.0224781	28.2751	24.4704	1.15548
1625	0.00170207	0.0839569	18.1217	7.30319	2.87947	-0.022479	28.2818	24.4803	1.15529
1626	0.00170297	0.0839921	18.1385	7.29401	2.87881	-0.0224798	28.2888	24.4906	1.15509
1627	0.00170386	0.0840284	18.1558	7.28456	2.87808	-0.0224807	28.2959	24.5011	1.15488
1628	0.00170476	0.0840658	18.1736	7.27484	2.87725	-0.0224815	28.3032	24.5121	1.15466
1629	0.00170566	0.0841043	18.1919	7.26488	2.87629	-0.0224823	28.3105	24.5233	1.15444
1630	0.00170656	0.0841438	18.2106	7.25467	2.87521	-0.0224832	28.318	24.5348	1.1542
1631	0.00170745	0.0841842	18.2298	7.24422	2.87396	-0.022484	28.3255	24.5466	1.15395
1632	0.00170835	0.0842255	18.2494	7.23355	2.87254	-0.0224848	28.333	24.5586	1.15369
1633	0.00170925	0.0842678	18.2694	7.22267	2.87094	-0.0224856	28.3405	24.5709	1.15342
1634	0.00171015	0.0843109	18.2898	7.21158	2.86914	-0.0224865	28.3481	24.5835	1.15313
1635	0.00171105	0.0843548	18.3106	7.2003	2.86714	-0.0224873	28.3556	24.5963	1.15284
1636	0.00171194	0.0843995	18.3317	7.18882	2.86492	-0.0224881	28.363	24.6094	1.15253
1637	0.00171284	0.0844449	18.3532	7.17717	2.8625	-0.0224889	28.3704	24.6226	1.15221
1638	0.00171374	0.0844911	18.375	7.16535	2.85986	-0.0224897	28.3777	24.6361	1.15188
1639	0.00171464	0.0845379	18.3971	7.15336	2.85701	-0.0224906	28.385	24.6497	1.15154
1640	0.00171553	0.0845854	18.4195	7.14123	2.85395	-0.0224914	28.3922	24.6635	1.15118
1641	0.00171643	0.0846334	18.4422	7.12895	2.85068	-0.0224922	28.3993	24.6775	1.15082
1642	0.00171733	0.084682	18.4651	7.11655	2.84721	-0.022493	28.4064	24.6917	1.15044
1643	0.00171822	0.0847311	18.4882	7.10402	2.84355	-0.0224937	28.4133	24.706	1.15006
1644	0.00171912	0.0847806	18.5116	7.09139	2.8397	-0.0224945	28.4202	24.7205	1.14966
1645	0.00172002	0.0848306	18.5351	7.07867	2.83568	-0.0224953	28.427	24.735	1.14926
1646	0.00172092	0.0848809	18.5588	7.06585	2.83149	-0.022496	28.4337	24.7497	1.14885
1647	0.00172181	0.0849316	18.5827	7.05294	2.82715	-0.0224968	28.4403	24.7645	1.14843
1648	0.00172271	0.0849826	18.6068	7.03995	2.82265	-0.0224975	28.4469	24.7794	1.14801
1649	0.00172361	0.085034	18.6309	7.02689	2.81802	-0.0224982	28.4533	24.7943	1.14757
1650	0.0017245	0.0850856	18.6553	7.01375	2.81326	-0.0224989	28.4598	24.8094	1.14714
1651	0.0017254	0.0851375	18.6797	7.00054	2.80838	-0.0224995	28.4661	24.8245	1.14669
1652	0.0017263	0.0851896	18.7043	6.98728	2.80339	-0.0225002	28.4724	24.8397	1.14625
1653	0.00172719	0.0852419	18.7289	6.97396	2.79829	-0.0225008	28.4787	24.855	1.14579
1654	0.00172809	0.0852944	18.7537	6.9606	2.79309	-0.0225014	28.4849	24.8703	1.14534
1655	0.00172899	0.0853471	18.7785	6.9472	2.7878	-0.022502	28.491	24.8857	1.14488
1656	0.00172988	0.0853999	18.8034	6.93377	2.78243	-0.0225025	28.4971	24.901	1.14441
1657	0.00173078	0.0854527	18.8283	6.9203	2.77697	-0.0225031	28.5031	24.9165	1.14395
1658	0.00173168	0.0855057	18.8534	6.9068	2.77142	-0.0225036	28.5091	24.9319	1.14348
1659	0.00173257	0.0855588	18.8785	6.89325	2.76579	-0.0225041	28.515	24.9474	1.14301
1660	0.00173347	0.085612	18.9036	6.87968	2.76007	-0.0225046	28.5209	24.9629	1.14253
1661	0.00173437	0.0856653	18.9288	6.8661	2.75425	-0.022505	28.5266	24.9784	1.14205
1662	0.00173526	0.0857186	18.954	6.85252	2.7483	-0.0225054	28.5323	24.994	1.14157
1663	0.00173616	0.0857718	18.9791	6.83897	2.74217	-0.0225058	28.5377	25.0095	1.14108
1664	0.00173706	0.0858248	19.0041	6.8255	2.73566	-0.0225062	28.5428	25.0249	1.14057
1665	0.00173795	0.0858775	19.029	6.81212	2.72776	-0.0225065	28.5464	25.0403	1.14002
1666	0.00173885	0.0859298	19.0537	6.79884	2.71983	-0.0225067	28.5499	25.0556	1.13946
1667	0.00173975	0.0859817	19.0782	6.78565	2.71239	-0.022507	28.5538	25.0707	1.13893
1668	0.00174064	0.0860332	19.1026	6.77256	2.70533	-0.0225072	28.558	25.0857	1.13842
1669	0.00174154	0.0860842	19.1268	6.75955	2.69857	-0.0225074	28.5624	25.1006	1.13792
1670	0.00174243	0.0861349	19.1508	6.74662	2.69204	-0.0225076	28.567	25.1154	1.13743
1671	0.00174333	0.0861853	19.1747	6.73376	2.68566	-0.0225078	28.5716	25.13	1.13695
1672	0.00174423	0.0862352	19.1984	6.72098	2.67937	-0.022508	28.5763	25.1446	1.13648
1673	0.00174512	0.0862849	19.222	6.70825	2.67316	-0.0225082	28.5809	25.1591	1.13601
1674	0.00174602	0.0863343	19.2455	6.69559	2.667	-0.0225083	28.5856	25.1735	1.13554
1675	0.00174691	0.0863833	19.2689	6.68299	2.66191	-0.0225086	28.5913	25.1878	1.13513
1676	0.00174781	0.0864321	19.2922	6.67045	2.65813	-0.0225089	28.5983	25.202	1.13476
1677	0.00174871	0.0864806	19.3154	6.65796	2.65437	-0.0225092	28.6052	25.2162	1.1344
1678	0.0017496	0.0865288	19.3384	6.64553	2.65047	-0.0225095	28.6119	25.2302	1.13403
1679	0.0017505	0.0865768	19.3614	6.63314	2.64639	-0.0225097	28.6184	25.2442	1.13366
1680	0.0017514	0.0866245	19.3843	6.6208	2.64211	-0.02251	28.6247	25.2581	1.13329
1681	0.00175229	0.086672	19.4071	6.60849	2.63758	-0.0225103	28.6306	25.272	1.1329
1682	0.00175319	0.0867192	19.4298	6.59622	2.63279	-0.0225106	28.6363	25.2857	1.13251
1683	0.00175408	0.0867663	19.4524	6.58399	2.6277	-0.022511	28.6416	25.2995	1.1321
1684	0.00175498	0.0868132	19.475	6.57178	2.62227	-0.0225113	28.6466	25.3131	1.13169
1685	0.00175587	0.0868598	19.4976	6.5596	2.61649	-0.0225117	28.6512	25.3267	1.13126
1686	0.00175677	0.0869064	19.5201	6.54744	2.61033	-0.0225122	28.6553	25.3403	1.13082
1687	0.00175767	0.0869527	19.5425	6.5353	2.6037	-0.0225126	28.659	25.3538	1.13036
1688	0.00175856	0.0869989	19.5649	6.52317	2.59662	-0.022513	28.6622	25.3673	1.12989
1689	0.00175946	0.087045	19.5873	6.51106	2.5891	-0.0225133	28.665	25.3807	1.1294
1690	0.00176035	0.087091	19.6097	6.49897	2.58118	-0.0225137	28.6673	25.3941	1.12889
1691	0.00176125	0.0871368	19.632	6.48688	2.5729	-0.022514	28.6693	25.4075	1.12838
1692	0.00176215	0.0871826	19.6543	6.47479	2.56429	-0.0225143	28.6709	25.4208	1.12785
1693	0.00176304	0.0872282	19.6766	6.46271	2.55539	-0.0225146	28.6722	25.4342	1.12731
1694	0.00176394	0.0872738	19.6989	6.45063	2.54624	-0.0225148	28.6733	25.4474	1.12677
1695	0.00176483	0.0873192	19.7212	6.43855	2.53688	-0.0225149	28.6741	25.4607	1.12621
1696	0.00176573	0.0873647	19.7435	6.42647	2.52734	-0.022515	28.6748	25.4739	1.12565
1697	0.00176662	0.08741	19.7658	6.41438	2.51768	-0.0225151	28.6753	25.4872	1.12509
1698	0.00176752	0.0874553	19.7881	6.40228	2.50792	-0.0225151	28.6758	25.5004	1.12452
1699	0.00176841	0.0875005	19.8104	6.39018	2.49808	-0.022515	28.6762	25.5136	1.12396
1700	0.00176931	0.0875457	19.8327	6.37806	2.48817	-0.0225149	28.6765	25.5267	1.12339
1701	0.0017702	0.0875909	19.8551	6.36593	2.47813	-0.0225147	28.6766	25.5399	1.12282
1702	0.0017711	0.0876361	19.8774	6.35379	2.46769	-0.0225144	28.6764	25.5531	1.12223
1703	0.00177199	0.0876812	19.8998	6.34163	2.45496	-0.022514	28.6739	25.5662	1.12155
1704	0.00177289	0.0877263	19.9222	6.32945	2.44335	-0.0225134	28.6725	25.5794	1.12092
1705	0.00177378	0.0877714	19.9447	6.31725	2.43269	-0.0225128	28.6721	25.5925	1.12033
1706	0.00177468	0.0878166	19.9672	6.30503	2.42287	-0.0225122	28.6726	25.6057	1.11977
1707	0.00177557	0.0878617	19.9897	6.29279	2.41379	-0.0225115	28.6737	25.6189	1.11924
1708	0.00177647	0.0879069	20.0122	6.28052	2.40535	-0.0225109	28.6756	25.632	1.11874
1709	0.00177736	0.087952	20.0349	6.26822	2.39745	-0.0225102	28.678	25.6452	1.11826
1710	0.00177826	0.0879973	20.0575	6.25588	2.38998	-0.0225095	28.6809	25.6584	1.1178
1711	0.00177915	0.0880425	20.0802	6.24352	2.38291	-0.0225088	28.6842	25.6716	1.11735
1712	0.00178005	0.0880879	20.103	6.23111	2.37618	-0.0225081	28.6878	25.6848	1.11692
1713	0.00178094	0.0881333	20.1259	6.21867	2.37083	-0.0225075	28.6928	25.6981	1.11654
1714	0.00178184	0.0881788	20.1488	6.20619	2.36678	-0.0225069	28.6992	25.7113	1.11621
1715	0.00178273	0.0882243	20.1718	6.19366	2.36289	-0.0225063	28.7058	25.7246	1.11589
1716	0.00178363	0.08827	20.1948	6.1811	2.35904	-0.0225056	28.7124	25.7379	1.11557
1717	0.00178452	0.0883158	20.2179	6.16849	2.3552	-0.022505	28.7191	25.7513	1.11525
1718	0.00178542	0.0883616	20.2412	6.15583	2.35133	-0.0225044	28.7258	25.7646	1.11493
1719	0.00178631	0.0884076	20.2644	6.14313	2.34738	-0.0225037	28.7325	25.778	1.11461
1720	0.0017872	0.0884536	20.2878	6.13039	2.3433	-0.0225031	28.739	25.7915	1.11428
1721	0.0017881	0.0884998	20.3112	6.1176	2.33904	-0.0225026	28.7454	25.8049	1.11395
1722	0.00178899	0.088546	20.3348	6.10477	2.33454	-0.022502	28.7516	25.8184	1.11361
1723	0.00178989	0.0885924	20.3584	6.09188	2.32978	-0.0225015	28.7575	25.8319	1.11326
1724	0.00179078	0.0886389	20.3821	6.07894	2.32466	-0.0225009	28.7632	25.8455	1.11289
1725	0.00179168	0.0886856	20.4059	6.06595	2.31914	-0.0225004	28.7685	25.8591	1.11251
1726	0.00179257	0.0887323	20.4298	6.05291	2.31321	-0.0224998	28.7734	25.8727	1.11211
1727	0.00179346	0.0887793	20.4537	6.0398	2.3069	-0.0224992	28.7779	25.8864	1.1117
1728	0.00179436	0.0888264	20.4779	6.02662	2.30023	-0.0224986	28.7822	25.9001	1.11128
1729	0.00179525	0.0888737	20.5021	6.01338	2.29324	-0.022498	28.7862	25.9139	1.11084
1730	0.00179615	0.0889211	20.5264	6.00008	2.28598	-0.0224973	28.79	25.9278	1.11039
1731	0.00179704	0.0889688	20.5509	5.9867	2.27849	-0.0224967	28.7936	25.9417	1.10994
1732	0.00179793	0.0890167	20.5755	5.97325	2.27081	-0.022496	28.797	25.9556	1.10947
1733	0.00179883	0.0890648	20.6002	5.95973	2.26298	-0.0224953	28.8004	25.9697	1.109
1734	0.00179972	0.0891131	20.6251	5.94612	2.25502	-0.0224946	28.8037	25.9837	1.10853
1735	0.00180062	0.0891617	20.6501	5.93242	2.24695	-0.0224938	28.807	25.9979	1.10805
1736	0.00180151	0.0892105	20.6753	5.91864	2.23879	-0.0224931	28.8102	26.0121	1.10757
1737	0.00180241	0.0892596	20.7006	5.90478	2.23047	-0.0224923	28.8134	26.0265	1.10708
1738	0.0018033	0.0893089	20.7261	5.89082	2.22168	-0.0224914	28.8161	26.0409	1.10657
1739	0.00180419	0.0893586	20.7517	5.87677	2.21045	-0.0224904	28.8165	26.0553	1.10597
1740	0.00180509	0.0894085	20.7776	5.86263	2.20044	-0.0224893	28.8181	26.0699	1.10542
1741	0.00180598	0.0894588	20.8036	5.84838	2.1915	-0.0224881	28.821	26.0845	1.10491
1742	0.00180688	0.0895093	20.8298	5.83403	2.18353	-0.022487	28.8248	26.0993	1.10443
1743	0.00180777	0.0895602	20.8561	5.81957	2.17645	-0.0224858	28.8297	26.1141	1.10399
1744	0.00180866	0.0896114	20.8827	5.805	2.1701	-0.0224847	28.8353	26.1291	1.10357
1745	0.00180956	0.089663	20.9095	5.79032	2.1644	-0.0224835	28.8417	26.1441	1.10318
1746	0.00181045	0.089715	20.9365	5.77553	2.15931	-0.0224823	28.8488	26.1592	1.10282
1747	0.00181135	0.0897673	20.9637	5.76063	2.15479	-0.0224811	28.8566	26.1745	1.10247
1748	0.00181224	0.0898199	20.991	5.74562	2.15082	-0.02248	28.865	26.1898	1.10214
1749	0.00181314	0.0898729	21.0186	5.73049	2.14737	-0.0224789	28.874	26.2053	1.10184
1750	0.00181403	0.0899263	21.0464	5.71524	2.1444	-0.0224778	28.8836	26.2209	1.10155
1751	0.00181492	0.0899801	21.0744	5.69986	2.14348	-0.0224769	28.8953	26.2365	1.10134
1752	0.00181582	0.0900342	21.1027	5.68436	2.14361	-0.022476	28.9082	26.2523	1.10117
1753	0.00181671	0.0900888	21.1312	5.66873	2.144	-0.022475	28.9214	26.2683	1.101
1754	0.00181761	0.0901438	21.1599	5.65297	2.14454	-0.0224741	28.9349	26.2843	1.10084
1755	0.0018185	0.0901992	21.1888	5.63708	2.14519	-0.0224732	28.9486	26.3004	1.10069
1756	0.0018194	0.090255	21.218	5.62106	2.14588	-0.0224723	28.9625	26.3167	1.10054
1757	0.00182029	0.0903113	21.2474	5.60491	2.14653	-0.0224715	28.9764	26.3331	1.10038
1758	0.00182118	0.090368	21.2771	5.58862	2.1471	-0.0224707	28.9903	26.3496	1.10022
1759	0.00182208	0.0904251	21.307	5.57221	2.14751	-0.02247	29.0042	26.3663	1.10005
1760	0.00182297	0.0904826	21.3371	5.55566	2.14772	-0.0224693	29.018	26.3831	1.09987
1761	0.00182387	0.0905405	21.3675	5.53899	2.14768	-0.0224686	29.0317	26.3999	1.09969
1762	0.00182476	0.0905988	21.3981	5.52217	2.14735	-0.022468	29.0451	26.417	1.09949
1763	0.00182566	0.0906576	21.429	5.50522	2.14673	-0.0224674	29.0584	26.4341	1.09928
1764	0.00182655	0.0907168	21.4601	5.48812	2.14581	-0.0224669	29.0715	26.4514	1.09906
1765	0.00182745	0.0907765	21.4914	5.47089	2.14453	-0.0224663	29.0844	26.4688	1.09882
1766	0.00182834	0.0908366	21.523	5.45353	2.14293	-0.0224658	29.097	26.4863	1.09857
1767	0.00182924	0.0908971	21.5549	5.43602	2.14102	-0.0224653	29.1095	26.5039	1.09831
1768	0.00183013	0.090958	21.587	5.41837	2.13886	-0.0224648	29.1218	26.5217	1.09804
1769	0.00183102	0.0910194	21.6194	5.40057	2.13647	-0.0224643	29.134	26.5396	1.09775
1770	0.00183192	0.0910813	21.652	5.38263	2.1339	-0.0224638	29.1461	26.5576	1.09747
1771	0.00183281	0.0911436	21.6849	5.36455	2.13119	-0.0224632	29.1582	26.5758	1.09717
1772	0.00183371	0.0912063	21.718	5.34633	2.12833	-0.0224627	29.1702	26.5941	1.09687
1773	0.0018346	0.0912694	21.7514	5.32798	2.12524	-0.0224621	29.1822	26.6125	1.09656
1774	0.0018355	0.091333	21.785	5.30949	2.12138	-0.0224614	29.1935	26.631	1.09622
1775	0.00183639	0.091397	21.8189	5.29087	2.1154	-0.0224606	29.2027	26.6497	1.0958
1776	0.00183729	0.0914613	21.853	5.2721	2.11077	-0.0224597	29.2135	26.6685	1.09543
1777	0.00183818	0.0915261	21.8874	5.25319	2.10738	-0.0224587	29.2255	26.6873	1.09511
1778	0.00183908	0.0915914	21.922	5.23414	2.10513	-0.0224578	29.2388	26.7064	1.09483
1779	0.00183997	0.091657	21.9569	5.21495	2.10389	-0.0224569	29.2533	26.7255	1.09458
1780	0.00184087	0.0917231	21.992	5.19562	2.10353	-0.0224559	29.2687	26.7448	1.09437
1781	0.00184176	0.0917896	22.0274	5.17616	2.10398	-0.022455	29.2851	26.7642	1.09419
1782	0.00184266	0.0918564	22.063	5.15656	2.10521	-0.022454	29.3023	26.7837	1.09404
1783	0.00184355	0.0919237	22.0989	5.13682	2.10719	-0.0224531	29.3204	26.8033	1.09391
1784	0.00184445	0.0919913	22.135	5.11696	2.10986	-0.0224522	29.3393	26.823	1.09381
1785	0.00184534	0.0920594	22.1713	5.09695	2.11316	-0.0224513	29.359	26.8428	1.09374
1786	0.00184624	0.0921278	22.2079	5.07682	2.11915	-0.0224505	29.3814	26.8628	1.09376
1787	0.00184713	0.0921966	22.2447	5.05655	2.12602	-0.0224498	29.4048	26.8828	1.09381
1788	0.00184803	0.0922658	22.2817	5.03614	2.13331	-0.022449	29.4287	26.903	1.09388
1789	0.00184892	0.0923353	22.319	5.01561	2.14092	-0.0224483	29.4531	26.9233	1.09396
1790	0.00184982	0.0924052	22.3565	4.99494	2.14878	-0.0224475	29.4778	26.9437	1.09405
1791	0.00185071	0.0924755	22.3943	4.97414	2.1568	-0.0224468	29.5028	26.9642	1.09415
1792	0.00185161	0.0925461	22.4323	4.95321	2.16489	-0.0224461	29.5279	26.9848	1.09424
1793	0.0018525	0.0926171	22.4705	4.93217	2.17297	-0.0224455	29.5531	27.0055	1.09434
1794	0.0018534	0.0926884	22.5089	4.911	2.18097	-0.0224449	29.5784	27.0262	1.09443
1795	0.00185429	0.09276	22.5475	4.88972	2.18883	-0.0224443	29.6036	27.0471	1.09452
1796	0.00185519	0.0928319	22.5863	4.86832	2.1965	-0.0224438	29.6287	27.0681	1.0946
1797	0.00185608	0.0929041	22.6253	4.84681	2.20394	-0.0224433	29.6536	27.0891	1.09467
1798	0.00185698	0.0929766	22.6645	4.82518	2.21114	-0.0224429	29.6784	27.1103	1.09473
1799	0.00185787	0.0930494	22.704	4.80343	2.21801	-0.0224424	29.703	27.1315	1.09478
1800	0.00185876	0.0931225	22.7436	4.78157	2.22457	-0.022442	29.7273	27.1528	1.09481
1801	0.00185966	0.0931959	22.7834	4.7596	2.23084	-0.0224416	29.7514	27.1742	1.09484
1802	0.00186055	0.0932696	22.8235	4.73751	2.23687	-0.0224412	29.7754	27.1957	1.09486
1803	0.00186145	0.0933435	22.8637	4.71531	2.2427	-0.0224408	29.7993	27.2173	1.09487
1804	0.00186234	0.0934178	22.9041	4.693	2.2484	-0.0224403	29.8231	27.2389	1.09487
1805	0.00186324	0.0934922	22.9447	4.67058	2.25403	-0.0224399	29.8469	27.2606	1.09487
1806	0.00186413	0.093567	22.9855	4.64806	2.25964	-0.0224395	29.8708	27.2824	1.09487
1807	0.00186503	0.093642	23.0265	4.62543	2.26532	-0.0224391	29.8948	27.3043	1.09488
1808	0.00186592	0.0937172	23.0676	4.60271	2.27111	-0.0224387	29.919	27.3262	1.09488
1809	0.00186682	0.0937926	23.109	4.57989	2.27706	-0.0224382	29.9435	27.3482	1.0949
1810	0.00186771	0.0938682	23.1504	4.55698	2.28324	-0.0224378	29.9682	27.3703	1.09492
1811	0.00186861	0.0939441	23.1921	4.53398	2.28971	-0.0224373	29.9933	27.3924	1.09495
1812	0.0018695	0.0940201	23.2339	4.51088	2.29653	-0.0224368	30.0188	27.4145	1.095
1813	0.0018704	0.0940963	23.2758	4.48769	2.30376	-0.0224363	30.0448	27.4368	1.09506
1814	0.00187129	0.0941728	23.3179	4.46441	2.31146	-0.0224358	30.0714	27.4591	1.09513
1815	0.00187219	0.0942494	23.3602	4.44104	2.31968	-0.0224353	30.0985	27.4814	1.09523
1816	0.00187308	0.0943261	23.4026	4.41759	2.32848	-0.0224348	30.1262	27.5038	1.09535
1817	0.00187397	0.0944031	23.4452	4.39405	2.33789	-0.0224343	30.1547	27.5262	1.09549
1818	0.00187487	0.0944802	23.4879	4.37043	2.34793	-0.0224338	30.1838	27.5487	1.09565
1819	0.00187576	0.0945575	23.5307	4.34673	2.3586	-0.0224333	30.2136	27.5712	1.09584
1820	0.00187666	0.0946349	23.5737	4.32295	2.36988	-0.0224329	30.2441	27.5938	1.09605
1821	0.00187755	0.0947124	23.6168	4.29909	2.38173	-0.0224324	30.2752	27.6164	1.09627
1822	0.00187845	0.0947901	23.66	4.27516	2.39412	-0.022432	30.3069	27.6391	1.09652
1823	0.00187934	0.0948679	23.7034	4.25117	2.40699	-0.0224315	30.3391	27.6617	1.09679
1824	0.00188024	0.0949458	23.7468	4.22711	2.42028	-0.0224311	30.3718	27.6845	1.09707
1825	0.00188113	0.0950238	23.7904	4.20298	2.43395	-0.0224307	30.4049	27.7072	1.09736
1826	0.00188203	0.0951018	23.834	4.17879	2.44793	-0.0224304	30.4383	27.73	1.09767
1827	0.00188292	0.09518	23.8778	4.15454	2.46217	-0.02243	30.4721	27.7527	1.09798
1828	0.00188382	0.0952582	23.9217	4.13022	2.47663	-0.0224297	30.5061	27.7756	1.09831
1829	0.00188471	0.0953365	23.9656	4.10585	2.49126	-0.0224295	30.5403	27.7984	1.09864
1830	0.00188561	0.0954149	24.0097	4.08141	2.50601	-0.0224292	30.5747	27.8212	1.09897
1831	0.00188651	0.0954934	24.0539	4.05692	2.52086	-0.022429	30.6092	27.8441	1.09931
1832	0.0018874	0.0955719	24.0981	4.03238	2.53576	-0.0224289	30.6438	27.867	1.09965
1833	0.0018883	0.0956504	24.1425	4.00779	2.55071	-0.0224288	30.6785	27.8899	1.09999
1834	0.00188919	0.095729	24.1869	3.98316	2.56567	-0.0224287	30.7133	27.9128	1.10033
1835	0.00189009	0.0958076	24.2313	3.95847	2.58065	-0.0224287	30.748	27.9357	1.10067
1836	0.00189098	0.0958862	24.2759	3.93375	2.59562	-0.0224286	30.7828	27.9587	1.10101
1837	0.00189188	0.0959648	24.3205	3.90898	2.6106	-0.0224287	30.8177	27.9816	1.10135
1838	0.00189277	0.0960435	24.3652	3.88417	2.62558	-0.0224288	30.8525	28.0045	1.1017
1839	0.00189367	0.0961221	24.4099	3.85932	2.64057	-0.0224289	30.8874	28.0275	1.10204
1840	0.00189457	0.0962008	24.4547	3.83444	2.65559	-0.022429	30.9223	28.0504	1.10238
1841	0.00189546	0.0962794	24.4996	3.80952	2.67066	-0.0224292	30.9573	28.0733	1.10273
1842	0.00189636	0.096358	24.5445	3.78457	2.68579	-0.0224294	30.9924	28.0962	1.10308
1843	0.00189726	0.0964366	24.5894	3.75958	2.70101	-0.0224297	31.0276	28.1192	1.10343
1844	0.00189815	0.0965152	24.6344	3.73456	2.71634	-0.02243	31.0629	28.1421	1.10379
1845	0.00189905	0.0965938	24.6795	3.70951	2.73181	-0.0224303	31.0984	28.165	1.10415
1846	0.00189995	0.0966723	24.7245	3.68443	2.74743	-0.0224307	31.134	28.1879	1.10452
1847	0.00190084	0.0967508	24.7697	3.65933	2.76323	-0.0224311	31.1698	28.2108	1.10489
1848	0.00190174	0.0968292	24.8148	3.6342	2.77924	-0.0224315	31.2058	28.2336	1.10527
1849	0.00190264	0.0969076	24.86	3.60904	2.79545	-0.022432	31.2421	28.2565	1.10566
1850	0.00190353	0.096986	24.9053	3.58386	2.81189	-0.0224326	31.2786	28.2793	1.10606
1851	0.00190443	0.0970643	24.9505	3.55866	2.82856	-0.0224331	31.3153	28.3022	1.10646
1852	0.00190533	0.0971425	24.9958	3.53344	2.84546	-0.0224338	31.3523	28.325	1.10688
1853	0.00190623	0.0972207	25.0411	3.50821	2.86259	-0.0224345	31.3895	28.3478	1.1073
1854	0.00190713	0.0972988	25.0864	3.48295	2.87993	-0.0224352	31.4269	28.3706	1.10773
1855	0.00190802	0.0973768	25.1318	3.45768	2.89748	-0.022436	31.4645	28.3933	1.10817
1856	0.00190892	0.0974548	25.1771	3.43239	2.91522	-0.0224368	31.5023	28.416	1.10861
1857	0.00190982	0.0975327	25.2225	3.40709	2.93312	-0.0224377	31.5403	28.4387	1.10906
1858	0.00191072	0.0976105	25.2679	3.38178	2.95118	-0.0224387	31.5784	28.4614	1.10952
1859	0.00191162	0.0976882	25.3133	3.35645	2.96935	-0.0224398	31.6166	28.4841	1.10998
1860	0.00191252	0.0977658	25.3587	3.33112	2.98763	-0.0224409	31.655	28.5067	1.11044
1861	0.00191342	0.0978433	25.4041	3.30578	3.00598	-0.0224421	31.6934	28.5293	1.11091
1862	0.00191432	0.0979207	25.4495	3.28043	3.02439	-0.0224434	31.7319	28.5519	1.11138
1863	0.00191522	0.097998	25.4949	3.25507	3.04282	-0.0224447	31.7704	28.5744	1.11185
1864	0.00191612	0.0980752	25.5403	3.2297	3.06126	-0.0224461	31.8089	28.5969	1.11232
1865	0.00191702	0.0981523	25.5857	3.20434	3.07969	-0.0224477	31.8473	28.6194	1.11279
1866	0.00191792	0.0982293	25.6311	3.17897	3.09809	-0.0224493	31.8858	28.6419	1.11326
1867	0.00191882	0.0983062	25.6766	3.15359	3.11645	-0.0224509	31.9241	28.6643	1.11372
1868	0.00191972	0.098383	25.7219	3.12822	3.13474	-0.0224527	31.9624	28.6867	1.11419
1869	0.00192062	0.0984596	25.7673	3.10284	3.15297	-0.0224545	32.0007	28.709	1.11466
1870	0.00192152	0.0985362	25.8127	3.07746	3.17113	-0.0224565	32.0388	28.7313	1.11512
1871	0.00192242	0.0986126	25.8581	3.05209	3.1892	-0.0224585	32.0769	28.7536	1.11558
1872	0.00192332	0.0986888	25.9034	3.02672	3.2072	-0.0224606	32.1149	28.7759	1.11603
1873	0.00192423	0.098765	25.9487	3.00135	3.22512	-0.0224628	32.1527	28.7981	1.11649
1874	0.00192513	0.098841	25.994	2.97599	3.24295	-0.022465	32.1905	28.8202	1.11694
1875	0.00192603	0.0989168	26.0393	2.95063	3.26071	-0.0224674	32.2282	28.8423	1.11739
1876	0.00192693	0.0989926	26.0846	2.92529	3.27841	-0.0224698	32.2658	28.8644	1.11784
1877	0.00192784	0.0990682	26.1298	2.89994	3.29604	-0.0224724	32.3033	28.8865	1.11829
1878	0.00192874	0.0991436	26.175	2.87461	3.31361	-0.022475	32.3408	28.9085	1.11873
1879	0.00192964	0.0992189	26.2202	2.84929	3.33113	-0.0224776	32.3781	28.9304	1.11917
1880	0.00193055	0.099294	26.2653	2.82398	3.34861	-0.0224804	32.4154	28.9523	1.11961
1881	0.00193145	0.099369	26.3104	2.79869	3.36606	-0.0224833	32.4527	28.9742	1.12006
1882	0.00193236	0.0994439	26.3555	2.77341	3.38347	-0.0224862	32.4899	28.996	1.1205
1883	0.00193326	0.0995185	26.4005	2.74814	3.40086	-0.0224892	32.5271	29.0178	1.12094
1884	0.00193416	0.099593	26.4455	2.7229	3.41823	-0.0224923	32.5642	29.0395	1.12137
1885	0.00193507	0.0996674	26.4905	2.69767	3.43558	-0.0224954	32.6012	29.0612	1.12181
1886	0.00193597	0.0997415	26.5354	2.67246	3.45292	-0.0224987	32.6383	29.0828	1.12225
1887	0.00193688	0.0998155	26.5802	2.64727	3.47024	-0.022502	32.6753	29.1044	1.12269
1888	0.00193778	0.0998893	26.625	2.62211	3.48756	-0.0225054	32.7122	29.1259	1.12313
1889	0.00193869	0.0999629	26.6698	2.59696	3.50485	-0.0225089	32.7491	29.1474	1.12357
1890	0.0019396	0.100036	26.7145	2.57185	3.52213	-0.0225125	32.786	29.1688	1.12401
1891	0.0019405	0.10011	26.7591	2.54675	3.53939	-0.0225161	32.8228	29.1901	1.12445
1892	0.00194141	0.100183	26.8037	2.52169	3.55662	-0.0225198	32.8595	29.2114	1.12488
1893	0.00194232	0.100256	26.8483	2.49665	3.57382	-0.0225236	32.8962	29.2327	1.12532
1894	0.00194322	0.100328	26.8927	2.47165	3.59099	-0.0225275	32.9328	29.2539	1.12576
1895	0.00194413	0.100401	26.9371	2.44667	3.60811	-0.0225315	32.9694	29.275	1.12619
1896	0.00194504	0.100473	26.9814	2.42173	3.62519	-0.0225355	33.0058	29.2961	1.12663
1897	0.00194594	0.100545	27.0257	2.39682	3.64222	-0.0225396	33.0422	29.3171	1.12706
1898	0.00194685	0.100617	27.0699	2.37194	3.65919	-0.0225438	33.0785	29.3381	1.12749
1899	0.00194776	0.100689	27.114	2.34711	3.67609	-0.0225481	33.1146	29.359	1.12792
1900	0.00194867	0.10076	27.158	2.3223	3.69294	-0.0225524	33.1507	29.3798	1.12835
1901	0.00194958	0.100831	27.202	2.29754	3.7097	-0.0225568	33.1867	29.4006	1.12878
1902	0.00195048	0.100902	27.2459	2.27282	3.7264	-0.0225613	33.2225	29.4213	1.1292
1903	0.00195139	0.100973	27.2897	2.24814	3.74301	-0.0225658	33.2582	29.4419	1.12962
1904	0.0019523	0.101044	27.3334	2.2235	3.75955	-0.0225704	33.2938	29.4625	1.13004
1905	0.00195321	0.101114	27.377	2.1989	3.776	-0.0225751	33.3293	29.483	1.13046
1906	0.00195412	0.101184	27.4205	2.17434	3.79236	-0.0225799	33.3647	29.5035	1.13087
1907	0.00195503	0.101254	27.464	2.14983	3.80864	-0.0225847	33.3999	29.5238	1.13128
1908	0.00195594	0.101324	27.5073	2.12537	3.82483	-0.0225896	33.4349	29.5442	1.13169
1909	0.00195685	0.101393	27.5506	2.10094	3.84094	-0.0225946	33.4699	29.5644	1.1321
1910	0.00195776	0.101462	27.5938	2.07657	3.85695	-0.0225996	33.5047	29.5846	1.13251
1911	0.00195867	0.101531	27.6369	2.05223	3.87287	-0.0226047	33.5394	29.6047	1.13291
1912	0.00195958	0.1016	27.6799	2.02795	3.88869	-0.0226099	33.5739	29.6247	1.13331
1913	0.00196049	0.101669	27.7228	2.00371	3.90441	-0.0226151	33.6083	29.6447	1.1337
1914	0.0019614	0.101737	27.7656	1.97952	3.92003	-0.0226204	33.6425	29.6646	1.1341
1915	0.00196231	0.101805	27.8083	1.95538	3.93555	-0.0226258	33.6766	29.6845	1.13449
1916	0.00196322	0.101873	27.8509	1.93129	3.95096	-0.0226313	33.7105	29.7042	1.13487
1917	0.00196413	0.10194	27.8934	1.90725	3.96626	-0.0226369	33.7443	29.7239	1.13526
1918	0.00196505	0.102008	27.9358	1.88326	3.98145	-0.0226425	33.7779	29.7436	1.13564
1919	0.00196596	0.102075	27.9782	1.85932	3.99653	-0.0226482	33.8114	29.7631	1.13601
1920	0.00196687	0.102142	28.0204	1.83543	4.01149	-0.022654	33.8446	29.7826	1.13639
1921	0.00196778	0.102208	28.0625	1.8116	4.02634	-0.0226599	33.8778	29.802	1.13676
1922	0.0019687	0.102275	28.1045	1.78781	4.04107	-0.0226658	33.9107	29.8214	1.13713
1923	0.00196961	0.102341	28.1464	1.76408	4.05568	-0.0226718	33.9435	29.8407	1.13749
1924	0.00197052	0.102407	28.1882	1.74041	4.07017	-0.0226779	33.9761	29.8599	1.13785
1925	0.00197143	0.102472	28.2299	1.71678	4.08452	-0.0226841	34.0085	29.879	1.13821
1926	0.00197235	0.102538	28.2715	1.69321	4.09875	-0.0226904	34.0408	29.8981	1.13856
1927	0.00197326	0.102603	28.313	1.6697	4.11283	-0.0226968	34.0728	29.9171	1.13891
1928	0.00197418	0.102668	28.3544	1.64624	4.12677	-0.0227032	34.1047	29.9361	1.13925
1929	0.00197509	0.102732	28.3957	1.62284	4.14057	-0.0227098	34.1363	29.9549	1.13959
1930	0.001976	0.102797	28.4368	1.59949	4.15421	-0.0227164	34.1678	29.9737	1.13993
1931	0.00197692	0.102861	28.4779	1.5762	4.16769	-0.0227231	34.199	29.9924	1.14026
1932	0.00197783	0.102925	28.5188	1.55296	4.181	-0.0227299	34.2301	30.0111	1.14058
1933	0.00197875	0.102989	28.5597	1.52979	4.19414	-0.0227368	34.2609	30.0297	1.1409
1934	0.00197966	0.103052	28.6004	1.50667	4.2071	-0.0227438	34.2914	30.0482	1.14122
1935	0.00198058	0.103116	28.641	1.4836	4.21988	-0.0227508	34.3217	30.0666	1.14152
1936	0.00198149	0.103179	28.6815	1.4606	4.23246	-0.022758	34.3518	30.085	1.14183
1937	0.00198241	0.103241	28.7219	1.43765	4.24484	-0.0227652	34.3816	30.1033	1.14212
1938	0.00198332	0.103304	28.7622	1.41476	4.25702	-0.0227726	34.4112	30.1215	1.14241
1939	0.00198424	0.103366	28.8024	1.39194	4.26898	-0.02278	34.4405	30.1396	1.1427
1940	0.00198516	0.103428	28.8424	1.36917	4.28074	-0.0227876	34.4695	30.1577	1.14298
1941	0.00198607	0.10349	28.8824	1.34645	4.29228	-0.0227952	34.4983	30.1757	1.14325
1942	0.00198699	0.103551	28.9222	1.3238	4.30361	-0.0228029	34.5268	30.1937	1.14351
1943	0.00198791	0.103613	28.9619	1.30121	4.31472	-0.0228107	34.555	30.2115	1.14377
1944	0.00198882	0.103674	29.0015	1.27868	4.32561	-0.0228186	34.583	30.2293	1.14402
1945	0.00198974	0.103734	29.041	1.25621	4.33629	-0.0228266	34.6107	30.2471	1.14426
1946	0.00199066	0.103795	29.0804	1.2338	4.34675	-0.0228347	34.6381	30.2647	1.1445
1947	0.00199157	0.103855	29.1196	1.21145	4.35699	-0.0228429	34.6652	30.2823	1.14473
1948	0.00199249	0.103915	29.1588	1.18916	4.36702	-0.0228511	34.6921	30.2998	1.14496
1949	0.00199341	0.103975	29.1978	1.16693	4.37683	-0.0228595	34.7187	30.3173	1.14518
1950	0.00199433	0.104035	29.2367	1.14476	4.38644	-0.0228679	34.745	30.3347	1.14539
1951	0.00199525	0.104094	29.2755	1.12266	4.39583	-0.0228763	34.7711	30.352	1.1456
1952	0.00199616	0.104153	29.3142	1.10061	4.40502	-0.0228849	34.7969	30.3692	1.1458
1953	0.00199708	0.104212	29.3527	1.07863	4.41401	-0.0228935	34.8225	30.3864	1.14599
1954	0.001998	0.104271	29.3912	1.05671	4.42279	-0.0229022	34.8478	30.4035	1.14618
1955	0.00199892	0.104329	29.4295	1.03485	4.43138	-0.022911	34.8728	30.4205	1.14636
1956	0.00199984	0.104387	29.4677	1.01305	4.43977	-0.0229198	34.8976	30.4375	1.14653
1957	0.00200076	0.104445	29.5058	0.99132	4.44796	-0.0229287	34.9222	30.4544	1.1467
1958	0.00200168	0.104503	29.5438	0.969649	4.45596	-0.0229377	34.9465	30.4712	1.14687
1959	0.0020026	0.104561	29.5816	0.948041	4.46378	-0.0229467	34.9705	30.4879	1.14703
1960	0.00200352	0.104618	29.6194	0.926495	4.4714	-0.0229559	34.9943	30.5046	1.14718
1961	0.00200444	0.104675	29.657	0.905013	4.47885	-0.022965	35.0179	30.5212	1.14733
1962	0.00200535	0.104731	29.6945	0.883594	4.4861	-0.0229743	35.0412	30.5378	1.14747
1963	0.00200627	0.104788	29.7319	0.862238	4.49318	-0.0229835	35.0643	30.5542	1.14761
1964	0.00200719	0.104844	29.7691	0.840945	4.50008	-0.0229929	35.0872	30.5706	1.14774
1965	0.00200811	0.1049	29.8063	0.819716	4.5068	-0.0230023	35.1098	30.587	1.14787
1966	0.00200903	0.104956	29.8433	0.79855	4.51334	-0.0230118	35.1322	30.6033	1.14799
1967	0.00200995	0.105012	29.8802	0.777448	4.5197	-0.0230213	35.1543	30.6195	1.1481
1968	0.00201087	0.105067	29.917	0.756409	4.52589	-0.0230309	35.1763	30.6356	1.14822
1969	0.0020118	0.105122	29.9537	0.735435	4.53191	-0.0230406	35.198	30.6517	1.14832
1970	0.00201272	0.105177	29.9902	0.714523	4.53775	-0.0230503	35.2194	30.6677	1.14842
1971	0.00201364	0.105232	30.0266	0.693676	4.54342	-0.02306	35.2407	30.6836	1.14852
1972	0.00201456	0.105286	30.063	0.672893	4.54892	-0.0230698	35.2617	30.6994	1.14861
1973	0.00201548	0.10534	30.0992	0.652173	4.55425	-0.0230797	35.2825	30.7152	1.1487
1974	0.0020164	0.105394	30.1352	0.631517	4.55941	-0.0230896	35.3031	30.731	1.14878
1975	0.00201732	0.105448	30.1712	0.610925	4.5644	-0.0230996	35.3234	30.7466	1.14885
1976	0.00201824	0.105501	30.207	0.590397	4.56922	-0.0231095	35.3435	30.7622	1.14893
1977	0.00201916	0.105555	30.2427	0.569933	4.57388	-0.0231196	35.3634	30.7778	1.14899
1978	0.00202008	0.105608	30.2783	0.549533	4.57836	-0.0231297	35.3831	30.7932	1.14905
1979	0.002021	0.10566	30.3138	0.529196	4.58267	-0.0231398	35.4025	30.8086	1.14911
1980	0.00202193	0.105713	30.3492	0.508924	4.58682	-0.0231499	35.4218	30.824	1.14916
1981	0.00202285	0.105765	30.3844	0.488715	4.59079	-0.0231601	35.4408	30.8392	1.14921
1982	0.00202377	0.105817	30.4195	0.46857	4.5946	-0.0231703	35.4595	30.8544	1.14925
1983	0.00202469	0.105869	30.4545	0.448489	4.59824	-0.0231806	35.4781	30.8696	1.14929
1984	0.00202561	0.105921	30.4894	0.428471	4.60172	-0.0231908	35.4964	30.8846	1.14932
1985	0.00202653	0.105972	30.5242	0.408517	4.60502	-0.0232011	35.5145	30.8996	1.14935
1986	0.00202745	0.106024	30.5589	0.388626	4.60817	-0.0232114	35.5324	30.9146	1.14937
1987	0.00202838	0.106075	30.5934	0.368798	4.61115	-0.0232217	35.5501	30.9295	1.14939
1988	0.0020293	0.106126	30.6278	0.349034	4.61397	-0.023232	35.5676	30.9443	1.14941
1989	0.00203022	0.106176	30.6621	0.329333	4.61663	-0.0232424	35.5848	30.959	1.14942
1990	0.00203114	0.106227	30.6963	0.309694	4.61913	-0.0232527	35.6019	30.9737	1.14942
1991	0.00203206	0.106277	30.7304	0.290118	4.62148	-0.0232631	35.6187	30.9884	1.14942
1992	0.00203299	0.106327	30.7643	0.270605	4.62367	-0.0232735	35.6353	31.0029	1.14942
1993	0.00203391	0.106376	30.7982	0.251153	4.62571	-0.0232839	35.6518	31.0174	1.14941
1994	0.00203483	0.106426	30.8319	0.231764	4.62761	-0.0232943	35.668	31.0319	1.1494
1995	0.00203575	0.106475	30.8655	0.212437	4.62935	-0.0233046	35.684	31.0462	1.14938
1996	0.00203667	0.106524	30.899	0.193171	4.63095	-0.023315	35.6998	31.0606	1.14936
1997	0.0020376	0.106573	30.9324	0.173967	4.63241	-0.0233254	35.7155	31.0748	1.14934
1998	0.00203852	0.106622	30.9657	0.154824	4.63374	-0.0233359	35.7309	31.089	1.14931
1999	0.00203944	0.10667	30.9988	0.135742	4.63492	-0.0233463	35.7461	31.1032	1.14928
2000	0.00204036	0.106719	31.0319	0.11672	4.63597	-0.0233567	35.7612	31.1172	1.14924
2001	0.00204128	0.106767	31.0648	0.0977591	4.63688	-0.0233671	35.7761	31.1313	1.1492
2002	0.00204221	0.106815	31.0976	0.078858	4.63767	-0.0233775	35.7908	31.1452	1.14916
2003	0.00204313	0.106862	31.1304	0.0600168	4.63833	-0.0233879	35.8053	31.1591	1.14911
2004	0.00204405	0.10691	31.163	0.0412351	4.63886	-0.0233983	35.8197	31.173	1.14906
2005	0.00204497	0.106957	31.1955	0.0225126	4.63926	-0.0234087	35.8338	31.1867	1.14901
2006	0.00204589	0.107004	31.2279	0.00384919	4.63954	-0.0234191	35.8478	31.2005	1.14895
2007	0.00204682	0.107051	31.2601	-0.0147555	4.6397	-0.0234294	35.8617	31.2141	1.14889
2008	0.00204774	0.107098	31.2923	-0.0333018	4.63975	-0.0234398	35.8753	31.2278	1.14883
2009	0.00204866	0.107144	31.3244	-0.0517899	4.63967	-0.0234502	35.8888	31.2413	1.14876
2010	0.00204958	0.107191	31.3563	-0.0702201	4.63948	-0.0234606	35.9021	31.2548	1.14869
2011	0.0020505	0.107237	31.3882	-0.0885927	4.63917	-0.0234709	35.9153	31.2683	1.14862
2012	0.00205143	0.107283	31.4199	-0.106908	4.63875	-0.0234812	35.9283	31.2817	1.14854
2013	0.00205235	0.107328	31.4516	-0.125166	4.63822	-0.0234916	35.9412	31.295	1.14846
2014	0.00205327	0.107374	31.4831	-0.143368	4.63758	-0.0235019	35.9538	31.3083	1.14838
2015	0.00205419	0.107419	31.5146	-0.161512	4.63684	-0.0235121	35.9664	31.3215	1.1483
2016	0.00205511	0.107465	31.5459	-0.179601	4.63598	-0.0235224	35.9788	31.3347	1.14821
2017	0.00205604	0.10751	31.5771	-0.197634	4.63503	-0.0235327	35.991	31.3478	1.14812
2018	0.00205696	0.107554	31.6083	-0.215611	4.63397	-0.0235429	36.0031	31.3609	1.14803
2019	0.00205788	0.107599	31.6393	-0.233532	4.63282	-0.0235531	36.015	31.3739	1.14793
2020	0.0020588	0.107643	31.6702	-0.251398	4.63156	-0.0235633	36.0268	31.3869	1.14783
2021	0.00205972	0.107688	31.701	-0.26921	4.63021	-0.0235734	36.0385	31.3998	1.14773
2022	0.00206065	0.107732	31.7318	-0.286966	4.62877	-0.0235836	36.05	31.4126	1.14763
2023	0.00206157	0.107776	31.7624	-0.304669	4.62724	-0.0235937	36.0614	31.4254	1.14752
2024	0.00206249	0.107819	31.7929	-0.322317	4.62561	-0.0236037	36.0726	31.4382	1.14741
2025	0.00206341	0.107863	31.8234	-0.339911	4.6239	-0.0236138	36.0837	31.4509	1.1473
2026	0.00206433	0.107906	31.8537	-0.357451	4.6221	-0.0236238	36.0947	31.4635	1.14719
2027	0.00206525	0.10795	31.8839	-0.374939	4.62022	-0.0236338	36.1056	31.4762	1.14708
2028	0.00206617	0.107993	31.9141	-0.392373	4.61825	-0.0236438	36.1163	31.4887	1.14696
2029	0.0020671	0.108036	31.9441	-0.409754	4.61621	-0.0236537	36.1269	31.5012	1.14684
2030	0.00206802	0.108078	31.974	-0.427083	4.61408	-0.0236636	36.1374	31.5137	1.14672
2031	0.00206894	0.108121	32.0039	-0.444359	4.61188	-0.0236734	36.1477	31.5261	1.1466
2032	0.00206986	0.108163	32.0336	-0.461584	4.6096	-0.0236833	36.158	31.5384	1.14647
2033	0.00207078	0.108205	32.0633	-0.478756	4.60725	-0.023693	36.1681	31.5507	1.14635
2034	0.0020717	0.108247	32.0929	-0.495878	4.60483	-0.0237028	36.1781	31.563	1.14622
2035	0.00207262	0.108289	32.1223	-0.512948	4.60233	-0.0237125	36.188	31.5752	1.14609
2036	0.00207355	0.108331	32.1517	-0.529967	4.59977	-0.0237222	36.1978	31.5874	1.14596
2037	0.00207447	0.108373	32.181	-0.546936	4.59713	-0.0237319	36.2075	31.5995	1.14582
2038	0.00207539	0.108414	32.2102	-0.563854	4.59443	-0.0237415	36.217	31.6115	1.14569
2039	0.00207631	0.108455	32.2393	-0.580722	4.59166	-0.023751	36.2265	31.6236	1.14555
2040	0.00207723	0.108496	32.2683	-0.597541	4.58883	-0.0237606	36.2358	31.6355	1.14541
2041	0.00207815	0.108537	32.2972	-0.61431	4.58593	-0.0237701	36.2451	31.6475	1.14528
2042	0.00207907	0.108578	32.3261	-0.63103	4.58297	-0.0237795	36.2542	31.6594	1.14513
2043	0.00207999	0.108619	32.3548	-0.647702	4.57995	-0.0237889	36.2633	31.6712	1.14499
2044	0.00208091	0.108659	32.3835	-0.664325	4.57687	-0.0237983	36.2722	31.683	1.14485
2045	0.00208183	0.108699	32.412	-0.680899	4.57373	-0.0238077	36.281	31.6947	1.1447
2046	0.00208275	0.108739	32.4405	-0.697426	4.57054	-0.0238169	36.2898	31.7064	1.14456
2047	0.00208367	0.108779	32.4689	-0.713905	4.56729	-0.0238262	36.2984	31.7181	1.14441
2048	0.00208459	0.108819	32.4972	-0.730337	4.56399	-0.0238354	36.307	31.7297	1.14426
2049	0.00208551	0.108859	32.5254	-0.746722	4.56063	-0.0238445	36.3155	31.7413	1.14411
2050	0.00208643	0.108899	32.5535	-0.76306	4.55722	-0.0238536	36.3238	31.7528	1.14396
2051	0.00208735	0.108938	32.5816	-0.779352	4.55376	-0.0238627	36.3321	31.7643	1.1438
2052	0.00208827	0.108977	32.6096	-0.795598	4.55025	-0.0238717	36.3403	31.7757	1.14365
2053	0.00208919	0.109016	32.6374	-0.811798	4.54669	-0.0238806	36.3485	31.7871	1.1435
2054	0.00209011	0.109055	32.6652	-0.827953	4.5431	-0.0238896	36.3565	31.7985	1.14334
2055	0.00209103	0.109094	32.693	-0.844062	4.53946	-0.0238984	36.3644	31.8098	1.14318
2056	0.00209195	0.109133	32.7206	-0.860127	4.53579	-0.0239073	36.3723	31.8211	1.14303
2057	0.00209287	0.109171	32.7481	-0.876146	4.53208	-0.023916	36.3802	31.8323	1.14287
2058	0.00209379	0.10921	32.7756	-0.892122	4.52835	-0.0239248	36.3879	31.8435	1.14271
2059	0.00209471	0.109248	32.803	-0.908053	4.52458	-0.0239335	36.3956	31.8547	1.14255
2060	0.00209563	0.109286	32.8303	-0.92394	4.5208	-0.0239421	36.4032	31.8658	1.14239
2061	0.00209655	0.109324	32.8575	-0.939784	4.517	-0.0239507	36.4108	31.8768	1.14223
2062	0.00209747	0.109362	32.8847	-0.955584	4.51318	-0.0239593	36.4183	31.8879	1.14207
2063	0.00209839	0.109399	32.9118	-0.971342	4.50935	-0.0239678	36.4258	31.8989	1.14192
2064	0.00209931	0.109437	32.9388	-0.987056	4.50551	-0.0239763	36.4332	31.9098	1.14176
2065	0.00210023	0.109474	32.9657	-1.00273	4.50167	-0.0239847	36.4406	31.9207	1.1416
2066	0.00210115	0.109512	32.9925	-1.01836	4.49782	-0.023993	36.448	31.9316	1.14144
2067	0.00210206	0.109549	33.0193	-1.03394	4.49398	-0.0240014	36.4553	31.9424	1.14128
2068	0.00210298	0.109586	33.046	-1.04949	4.49014	-0.0240096	36.4626	31.9532	1.14112
2069	0.0021039	0.109623	33.0726	-1.06499	4.48631	-0.0240179	36.4699	31.964	1.14097
2070	0.00210482	0.109659	33.0991	-1.08045	4.4825	-0.0240261	36.4771	31.9747	1.14081
2071	0.00210574	0.109696	33.1255	-1.09587	4.4787	-0.0240342	36.4843	31.9854	1.14066
2072	0.00210666	0.109733	33.1519	-1.11125	4.47492	-0.0240423	36.4916	31.996	1.1405
2073	0.00210757	0.109769	33.1782	-1.12658	4.47116	-0.0240504	36.4988	32.0066	1.14035
2074	0.00210849	0.109805	33.2045	-1.14188	4.46743	-0.0240584	36.506	32.0172	1.1402
2075	0.00210941	0.109841	33.2306	-1.15714	4.46372	-0.0240663	36.5131	32.0277	1.14005
2076	0.00211033	0.109877	33.2567	-1.17235	4.46005	-0.0240742	36.5203	32.0382	1.1399
2077	0.00211125	0.109913	33.2827	-1.18753	4.45642	-0.0240821	36.5275	32.0486	1.13975
2078	0.00211216	0.109949	33.3087	-1.20266	4.45281	-0.02409	36.5347	32.059	1.13961
2079	0.00211308	0.109984	33.3345	-1.21776	4.44925	-0.0240977	36.5419	32.0694	1.13946
2080	0.002114	0.11002	33.3603	-1.23282	4.44572	-0.0241055	36.5491	32.0798	1.13932
2081	0.00211492	0.110055	33.3861	-1.24785	4.44223	-0.0241132	36.5563	32.0901	1.13918
2082	0.00211583	0.11009	33.4117	-1.26283	4.43879	-0.0241209	36.5635	32.1004	1.13904
2083	0.00211675	0.110126	33.4373	-1.27778	4.43538	-0.0241286	36.5708	32.1106	1.1389
2084	0.00211767	0.110161	33.4628	-1.29269	4.43202	-0.0241362	36.578	32.1208	1.13876
2085	0.00211859	0.110195	33.4883	-1.30757	4.42871	-0.0241438	36.5853	32.131	1.13863
2086	0.0021195	0.11023	33.5137	-1.32241	4.42544	-0.0241513	36.5926	32.1411	1.1385
2087	0.00212042	0.110265	33.539	-1.33721	4.42223	-0.0241588	36.5999	32.1512	1.13837
2088	0.00212134	0.110299	33.5643	-1.35199	4.41906	-0.0241663	36.6072	32.1613	1.13824
2089	0.00212225	0.110334	33.5895	-1.36673	4.41595	-0.0241738	36.6145	32.1713	1.13811
2090	0.00212317	0.110368	33.6147	-1.38143	4.41288	-0.0241812	36.6219	32.1814	1.13799
2091	0.00212409	0.110402	33.6397	-1.39611	4.40987	-0.0241886	36.6293	32.1913	1.13786
2092	0.002125	0.110437	33.6648	-1.41075	4.40691	-0.024196	36.6367	32.2013	1.13774
2093	0.00212592	0.110471	33.6898	-1.42537	4.40401	-0.0242034	36.6442	32.2112	1.13762
2094	0.00212684	0.110505	33.7147	-1.43995	4.40116	-0.0242107	36.6517	32.2211	1.13751
2095	0.00212775	0.110538	33.7395	-1.45451	4.39837	-0.024218	36.6592	32.231	1.13739
2096	0.00212867	0.110572	33.7644	-1.46904	4.39563	-0.0242253	36.6667	32.2408	1.13728
2097	0.00212958	0.110606	33.7891	-1.48354	4.39295	-0.0242325	36.6743	32.2506	1.13717
2098	0.0021305	0.110639	33.8138	-1.49802	4.39032	-0.0242397	36.6819	32.2604	1.13706
2099	0.00213142	0.110673	33.8385	-1.51246	4.38775	-0.0242469	36.6895	32.2702	1.13695
2100	0.00213233	0.110706	33.8631	-1.52689	4.38522	-0.024254	36.6972	32.2799	1.13684
2101	0.00213325	0.110739	33.8877	-1.54129	4.38275	-0.0242611	36.7049	32.2896	1.13674
2102	0.00213416	0.110773	33.9122	-1.55567	4.38034	-0.0242682	36.7126	32.2993	1.13664
2103	0.00213508	0.110806	33.9367	-1.57002	4.37797	-0.0242753	36.7204	32.3089	1.13654
2104	0.00213599	0.110839	33.9612	-1.58435	4.37565	-0.0242823	36.7282	32.3186	1.13644
2105	0.00213691	0.110872	33.9856	-1.59866	4.37337	-0.0242894	36.736	32.3282	1.13635
2106	0.00213782	0.110905	34.0099	-1.61295	4.37114	-0.0242963	36.7438	32.3378	1.13625
2107	0.00213874	0.110937	34.0342	-1.62721	4.36896	-0.0243033	36.7517	32.3473	1.13616
2108	0.00213965	0.11097	34.0585	-1.64146	4.36681	-0.0243102	36.7596	32.3569	1.13607
2109	0.00214057	0.111003	34.0828	-1.65569	4.3647	-0.0243172	36.7675	32.3664	1.13598
2110	0.00214148	0.111035	34.107	-1.6699	4.36263	-0.0243241	36.7754	32.3759	1.13589
2111	0.0021424	0.111068	34.1311	-1.68408	4.36059	-0.0243309	36.7833	32.3854	1.1358
2112	0.00214331	0.1111	34.1553	-1.69825	4.35858	-0.0243378	36.7913	32.3948	1.13571
2113	0.00214423	0.111133	34.1794	-1.7124	4.3566	-0.0243446	36.7992	32.4043	1.13563
2114	0.00214514	0.111165	34.2034	-1.72654	4.35464	-0.0243514	36.8072	32.4137	1.13554
2115	0.00214606	0.111197	34.2274	-1.74065	4.35271	-0.0243582	36.8151	32.4231	1.13546
2116	0.00214697	0.111229	34.2514	-1.75474	4.35079	-0.024365	36.8231	32.4325	1.13538
2117	0.00214789	0.111261	34.2754	-1.76882	4.34889	-0.0243718	36.8311	32.4418	1.1353
2118	0.0021488	0.111293	34.2993	-1.78288	4.34701	-0.0243786	36.8391	32.4511	1.13522
2119	0.00214971	0.111325	34.3232	-1.79692	4.34513	-0.0243853	36.847	32.4605	1.13514
2120	0.00215063	0.111357	34.347	-1.81095	4.34326	-0.024392	36.855	32.4698	1.13505
2121	0.00215154	0.111389	34.3709	-1.82495	4.34139	-0.0243987	36.8629	32.479	1.13498
2122	0.00215246	0.111421	34.3947	-1.83894	4.33952	-0.0244055	36.8708	32.4883	1.1349
2123	0.00215337	0.111453	34.4184	-1.85291	4.33764	-0.0244122	36.8787	32.4975	1.13482
2124	0.00215428	0.111484	34.4421	-1.86686	4.33577	-0.0244189	36.8866	32.5068	1.13474
2125	0.0021552	0.111516	34.4658	-1.8808	4.33388	-0.0244255	36.8945	32.516	1.13466
2126	0.00215611	0.111547	34.4894	-1.89471	4.33198	-0.0244322	36.9023	32.5251	1.13458
2127	0.00215702	0.111579	34.5131	-1.90861	4.33008	-0.0244389	36.9101	32.5343	1.1345
2128	0.00215794	0.11161	34.5366	-1.9225	4.32815	-0.0244456	36.9179	32.5435	1.13442
2129	0.00215885	0.111641	34.5602	-1.93636	4.32621	-0.0244523	36.9256	32.5526	1.13434
2130	0.00215976	0.111673	34.5837	-1.95021	4.32426	-0.024459	36.9333	32.5617	1.13426
2131	0.00216068	0.111704	34.6072	-1.96404	4.32228	-0.0244656	36.941	32.5708	1.13418
2132	0.00216159	0.111735	34.6306	-1.97785	4.32028	-0.0244723	36.9486	32.5798	1.13409
2133	0.0021625	0.111766	34.654	-1.99164	4.31827	-0.024479	36.9562	32.5889	1.13401
2134	0.00216342	0.111797	34.6774	-2.00542	4.31623	-0.0244857	36.9637	32.5979	1.13393
2135	0.00216433	0.111828	34.7008	-2.01918	4.31417	-0.0244924	36.9713	32.6069	1.13385
2136	0.00216524	0.111859	34.7241	-2.03292	4.31208	-0.0244991	36.9787	32.6159	1.13376
2137	0.00216616	0.111889	34.7474	-2.04665	4.30996	-0.0245057	36.9862	32.6249	1.13368
2138	0.00216707	0.11192	34.7706	-2.06036	4.30783	-0.0245124	36.9936	32.6339	1.13359
2139	0.00216798	0.111951	34.7938	-2.07405	4.30566	-0.0245191	37.0009	32.6428	1.13351
2140	0.0021689	0.111981	34.817	-2.08773	4.30347	-0.0245257	37.0082	32.6517	1.13342
2141	0.00216981	0.112012	34.8402	-2.10139	4.30124	-0.0245324	37.0155	32.6606	1.13334
2142	0.00217072	0.112042	34.8633	-2.11504	4.29899	-0.024539	37.0227	32.6695	1.13325
2143	0.00217163	0.112073	34.8864	-2.12867	4.29671	-0.0245456	37.0299	32.6784	1.13316
2144	0.00217255	0.112103	34.9095	-2.14228	4.2944	-0.0245522	37.037	32.6872	1.13307
2145	0.00217346	0.112133	34.9325	-2.15588	4.29206	-0.0245589	37.0441	32.6961	1.13298
2146	0.00217437	0.112164	34.9555	-2.16947	4.2897	-0.0245655	37.0512	32.7049	1.13289
2147	0.00217528	0.112194	34.9785	-2.18303	4.28729	-0.024572	37.0582	32.7137	1.1328
2148	0.0021762	0.112224	35.0015	-2.19659	4.28486	-0.0245786	37.0652	32.7225	1.13271
2149	0.00217711	0.112254	35.0244	-2.21013	4.2824	-0.0245852	37.0721	32.7313	1.13262
2150	0.00217802	0.112284	35.0473	-2.22365	4.2799	-0.0245917	37.0789	32.74	1.13253
2151	0.00217893	0.112314	35.0701	-2.23717	4.27737	-0.0245983	37.0857	32.7487	1.13243
2152	0.00217985	0.112344	35.093	-2.25066	4.27481	-0.0246048	37.0925	32.7575	1.13234
2153	0.00218076	0.112374	35.1158	-2.26415	4.27221	-0.0246114	37.0992	32.7662	1.13224
2154	0.00218167	0.112404	35.1386	-2.27762	4.26958	-0.0246179	37.1059	32.7749	1.13215
2155	0.00218258	0.112433	35.1613	-2.29108	4.26691	-0.0246244	37.1126	32.7835	1.13205
2156	0.00218349	0.112463	35.1841	-2.30452	4.26421	-0.0246309	37.1191	32.7922	1.13195
2157	0.00218441	0.112493	35.2068	-2.31796	4.26147	-0.0246374	37.1257	32.8009	1.13185
2158	0.00218532	0.112522	35.2295	-2.33138	4.2587	-0.0246439	37.1322	32.8095	1.13175
2159	0.00218623	0.112552	35.2522	-2.34479	4.25589	-0.0246503	37.1386	32.8181	1.13165
2160	0.00218714	0.112582	35.2748	-2.35819	4.25306	-0.0246568	37.145	32.8267	1.13155
2161	0.00218805	0.112611	35.2974	-2.37157	4.25019	-0.0246633	37.1514	32.8353	1.13145
2162	0.00218897	0.11264	35.32	-2.38495	4.2473	-0.0246697	37.1577	32.8439	1.13134
2163	0.00218988	0.11267	35.3426	-2.39831	4.24438	-0.0246762	37.164	32.8524	1.13124
2164	0.00219079	0.112699	35.3651	-2.41166	4.24144	-0.0246826	37.1702	32.861	1.13114
2165	0.0021917	0.112728	35.3877	-2.425	4.23847	-0.024689	37.1764	32.8695	1.13103
2166	0.00219261	0.112758	35.4102	-2.43833	4.23547	-0.0246954	37.1826	32.878	1.13093
2167	0.00219352	0.112787	35.4327	-2.45165	4.23243	-0.0247018	37.1887	32.8866	1.13082
2168	0.00219443	0.112816	35.4551	-2.46496	4.22936	-0.0247082	37.1948	32.895	1.13071
2169	0.00219535	0.112845	35.4776	-2.47825	4.22624	-0.0247146	37.2008	32.9035	1.1306
2170	0.00219626	0.112874	35.5	-2.49154	4.22306	-0.024721	37.2068	32.912	1.13049
2171	0.00219717	0.112903	35.5224	-2.50482	4.21982	-0.0247273	37.2127	32.9205	1.13038
2172	0.00219808	0.112932	35.5448	-2.51809	4.21651	-0.0247336	37.2185	32.9289	1.13027
2173	0.00219899	0.112961	35.5671	-2.53135	4.21311	-0.02474	37.2242	32.9373	1.13015
2174	0.0021999	0.11299	35.5895	-2.5446	4.20962	-0.0247463	37.2298	32.9458	1.13003
2175	0.00220081	0.113019	35.6118	-2.55784	4.20603	-0.0247526	37.2352	32.9542	1.12991
2176	0.00220173	0.113047	35.6341	-2.57107	4.20233	-0.0247588	37.2406	32.9626	1.12979
2177	0.00220264	0.113076	35.6564	-2.5843	4.19853	-0.0247651	37.2459	32.971	1.12966
2178	0.00220355	0.113105	35.6787	-2.59751	4.1946	-0.0247713	37.251	32.9793	1.12953
2179	0.00220446	0.113134	35.7009	-2.61072	4.19056	-0.0247775	37.256	32.9877	1.12939
2180	0.00220537	0.113162	35.7232	-2.62391	4.18638	-0.0247836	37.2609	32.996	1.12925
2181	0.00220628	0.113191	35.7454	-2.6371	4.18207	-0.0247898	37.2656	33.0044	1.12911
2182	0.00220719	0.113219	35.7676	-2.65028	4.17762	-0.0247959	37.2701	33.0127	1.12896
2183	0.0022081	0.113248	35.7898	-2.66346	4.173	-0.0248019	37.2745	33.021	1.12881
2184	0.00220901	0.113276	35.8119	-2.67662	4.16819	-0.024808	37.2787	33.0293	1.12865
2185	0.00220992	0.113305	35.8341	-2.68978	4.16311	-0.0248139	37.2826	33.0376	1.12849
2186	0.00221084	0.113333	35.8562	-2.70293	4.15747	-0.0248199	37.286	33.0459	1.12831
2187	0.00221175	0.113362	35.8783	-2.71607	4.14983	-0.0248256	37.2873	33.0542	1.12807
2188	0.00221266	0.11339	35.9005	-2.7292	4.14284	-0.0248313	37.2893	33.0624	1.12784
2189	0.00221357	0.113418	35.9225	-2.74233	4.13639	-0.0248369	37.2918	33.0707	1.12764
2190	0.00221448	0.113447	35.9446	-2.75545	4.13038	-0.0248425	37.2947	33.0789	1.12745
2191	0.00221539	0.113475	35.9667	-2.76856	4.12476	-0.0248481	37.298	33.0872	1.12727
2192	0.0022163	0.113503	35.9887	-2.78167	4.11946	-0.0248536	37.3016	33.0954	1.12709
2193	0.00221721	0.113531	36.0107	-2.79477	4.11438	-0.0248591	37.3055	33.1036	1.12693
2194	0.00221812	0.113559	36.0328	-2.80786	4.10949	-0.0248646	37.3095	33.1118	1.12677
2195	0.00221903	0.113587	36.0548	-2.82095	4.10476	-0.02487	37.3137	33.12	1.12662
2196	0.00221994	0.113615	36.0767	-2.83402	4.10015	-0.0248754	37.318	33.1282	1.12647
2197	0.00222085	0.113643	36.0987	-2.8471	4.09567	-0.0248808	37.3224	33.1363	1.12633
2198	0.00222176	0.113671	36.1207	-2.86016	4.09181	-0.0248862	37.3274	33.1445	1.1262
2199	0.00222267	0.113699	36.1426	-2.87322	4.08943	-0.0248917	37.3339	33.1527	1.12612
2200	0.00222358	0.113727	36.1645	-2.88628	4.08719	-0.0248972	37.3406	33.1608	1.12605
2201	0.00222449	0.113755	36.1865	-2.89933	4.08488	-0.0249026	37.3471	33.1689	1.12597
2202	0.00222541	0.113783	36.2084	-2.91237	4.08244	-0.024908	37.3535	33.1771	1.12588
2203	0.00222632	0.113811	36.2303	-2.9254	4.07985	-0.0249134	37.3598	33.1852	1.1258
2204	0.00222723	0.113839	36.2521	-2.93844	4.07706	-0.0249189	37.3658	33.1933	1.12571
2205	0.00222814	0.113866	36.274	-2.95146	4.07403	-0.0249243	37.3716	33.2014	1.12561
2206	0.00222905	0.113894	36.2959	-2.96448	4.07075	-0.0249298	37.3772	33.2095	1.1255
2207	0.00222996	0.113922	36.3177	-2.9775	4.06717	-0.0249353	37.3824	33.2175	1.12538
2208	0.00223087	0.11395	36.3395	-2.99051	4.06326	-0.0249409	37.3873	33.2256	1.12526
2209	0.00223178	0.113977	36.3613	-3.00351	4.05901	-0.0249464	37.3919	33.2337	1.12512
2210	0.00223269	0.114005	36.3832	-3.01651	4.05434	-0.024952	37.396	33.2417	1.12497
2211	0.0022336	0.114032	36.4049	-3.0295	4.04923	-0.0249575	37.3997	33.2498	1.12481
2212	0.00223451	0.11406	36.4267	-3.04249	4.04372	-0.0249631	37.403	33.2578	1.12464
2213	0.00223542	0.114087	36.4485	-3.05548	4.03782	-0.0249686	37.4059	33.2658	1.12445
2214	0.00223633	0.114115	36.4703	-3.06846	4.03155	-0.0249742	37.4084	33.2738	1.12426
2215	0.00223724	0.114142	36.492	-3.08144	4.02493	-0.0249797	37.4105	33.2818	1.12405
2216	0.00223815	0.11417	36.5138	-3.09441	4.01801	-0.0249852	37.4124	33.2898	1.12384
2217	0.00223906	0.114197	36.5355	-3.10738	4.01082	-0.0249907	37.4139	33.2978	1.12362
2218	0.00223997	0.114225	36.5572	-3.12034	4.00338	-0.0249963	37.4153	33.3058	1.12339
2219	0.00224088	0.114252	36.5789	-3.1333	3.99574	-0.0250018	37.4164	33.3138	1.12315
2220	0.00224179	0.114279	36.6006	-3.14626	3.98791	-0.0250072	37.4173	33.3217	1.12291
2221	0.0022427	0.114307	36.6223	-3.15921	3.97989	-0.0250127	37.418	33.3297	1.12266
2222	0.00224361	0.114334	36.644	-3.17216	3.97162	-0.0250182	37.4184	33.3377	1.12241
2223	0.00224452	0.114361	36.6657	-3.1851	3.96287	-0.0250236	37.4184	33.3456	1.12214
2224	0.00224543	0.114388	36.6873	-3.19804	3.95179	-0.0250288	37.4161	33.3535	1.1218
2225	0.00224634	0.114415	36.709	-3.21098	3.94167	-0.025034	37.4147	33.3615	1.12149
2226	0.00224725	0.114443	36.7306	-3.22391	3.93238	-0.0250392	37.4141	33.3694	1.12121
2227	0.00224816	0.11447	36.7523	-3.23684	3.92382	-0.0250444	37.4142	33.3773	1.12095
2228	0.00224907	0.114497	36.7739	-3.24977	3.91589	-0.0250496	37.415	33.3852	1.12071
2229	0.00224998	0.114524	36.7955	-3.26269	3.90851	-0.0250548	37.4163	33.3931	1.12048
2230	0.00225089	0.114551	36.8171	-3.27561	3.90155	-0.02506	37.418	33.401	1.12027
2231	0.00225179	0.114578	36.8387	-3.28853	3.89497	-0.0250652	37.4201	33.4089	1.12007
2232	0.0022527	0.114605	36.8603	-3.30144	3.88872	-0.0250704	37.4225	33.4167	1.11987
2233	0.00225361	0.114632	36.8819	-3.31435	3.88279	-0.0250756	37.4253	33.4246	1.11969
2234	0.00225452	0.114659	36.9035	-3.32726	3.87713	-0.0250808	37.4283	33.4325	1.11952
2235	0.00225543	0.114686	36.9251	-3.34017	3.87328	-0.0250861	37.4331	33.4403	1.1194
2236	0.00225634	0.114713	36.9466	-3.35307	3.87012	-0.0250915	37.4386	33.4481	1.1193
2237	0.00225725	0.11474	36.9682	-3.36597	3.86704	-0.0250968	37.4441	33.456	1.11921
2238	0.00225816	0.114767	36.9897	-3.37886	3.86398	-0.0251021	37.4497	33.4638	1.11911
2239	0.00225907	0.114793	37.0112	-3.39175	3.86086	-0.0251074	37.4552	33.4716	1.11901
2240	0.00225998	0.11482	37.0328	-3.40464	3.85766	-0.0251128	37.4607	33.4794	1.11892
2241	0.00226089	0.114847	37.0543	-3.41753	3.85431	-0.0251181	37.466	33.4873	1.11881
2242	0.0022618	0.114874	37.0758	-3.43041	3.85077	-0.0251235	37.471	33.4951	1.1187
2243	0.00226271	0.1149	37.0973	-3.44329	3.84699	-0.0251289	37.4759	33.5028	1.11859
2244	0.00226362	0.114927	37.1188	-3.45616	3.84291	-0.0251344	37.4804	33.5106	1.11846
2245	0.00226453	0.114954	37.1403	-3.46904	3.83851	-0.0251398	37.4846	33.5184	1.11833
2246	0.00226543	0.11498	37.1617	-3.48191	3.83375	-0.0251453	37.4885	33.5262	1.11818
2247	0.00226634	0.115007	37.1832	-3.49477	3.82861	-0.0251508	37.4919	33.5339	1.11803
2248	0.00226725	0.115034	37.2047	-3.50764	3.82303	-0.0251562	37.4949	33.5417	1.11786
2249	0.00226816	0.11506	37.2261	-3.5205	3.81703	-0.0251617	37.4975	33.5494	1.11768
2250	0.00226907	0.115087	37.2476	-3.53336	3.81063	-0.0251671	37.4997	33.5572	1.11749
2251	0.00226998	0.115113	37.269	-3.54621	3.80386	-0.0251725	37.5015	33.5649	1.11728
2252	0.00227089	0.11514	37.2904	-3.55907	3.79673	-0.0251779	37.5029	33.5726	1.11707
2253	0.0022718	0.115166	37.3119	-3.57191	3.7893	-0.0251832	37.5041	33.5804	1.11685
2254	0.00227271	0.115193	37.3333	-3.58476	3.78159	-0.0251885	37.5049	33.5881	1.11661
2255	0.00227361	0.115219	37.3547	-3.5976	3.77365	-0.0251938	37.5055	33.5958	1.11638
2256	0.00227452	0.115245	37.3761	-3.61044	3.76552	-0.025199	37.506	33.6035	1.11613
2257	0.00227543	0.115272	37.3975	-3.62328	3.7572	-0.0252042	37.5062	33.6112	1.11588
2258	0.00227634	0.115298	37.4188	-3.63611	3.74864	-0.0252093	37.5062	33.6188	1.11563
2259	0.00227725	0.115325	37.4402	-3.64894	3.73962	-0.0252143	37.5057	33.6265	1.11536
2260	0.00227816	0.115351	37.4616	-3.66177	3.72816	-0.0252192	37.5027	33.6342	1.11502
2261	0.00227907	0.115377	37.4829	-3.67459	3.71778	-0.025224	37.5009	33.6419	1.11471
2262	0.00227997	0.115403	37.5043	-3.68741	3.70833	-0.0252287	37.5	33.6495	1.11443
2263	0.00228088	0.11543	37.5256	-3.70023	3.69972	-0.0252334	37.4998	33.6572	1.11417
2264	0.00228179	0.115456	37.5469	-3.71304	3.69184	-0.0252381	37.5005	33.6648	1.11394
2265	0.0022827	0.115482	37.5682	-3.72584	3.68456	-0.0252428	37.5017	33.6724	1.11372
2266	0.00228361	0.115508	37.5895	-3.73865	3.6778	-0.0252475	37.5034	33.68	1.11352
2267	0.00228452	0.115534	37.6108	-3.75145	3.67154	-0.0252521	37.5057	33.6877	1.11334
2268	0.00228542	0.11556	37.6321	-3.76424	3.66573	-0.0252567	37.5083	33.6953	1.11316
2269	0.00228633	0.115586	37.6534	-3.77703	3.66035	-0.0252613	37.5114	33.7029	1.113
2270	0.00228724	0.115612	37.6746	-3.78982	3.65536	-0.0252659	37.5149	33.7104	1.11286
2271	0.00228815	0.115638	37.6959	-3.8026	3.65143	-0.0252706	37.5195	33.718	1.11274
2272	0.00228906	0.115664	37.7171	-3.81537	3.64922	-0.0252753	37.5257	33.7256	1.11268
2273	0.00228996	0.11569	37.7384	-3.82814	3.64732	-0.02528	37.5323	33.7332	1.11262
2274	0.00229087	0.115716	37.7596	-3.84091	3.64552	-0.0252846	37.5389	33.7407	1.11257
2275	0.00229178	0.115742	37.7808	-3.85367	3.64376	-0.0252892	37.5456	33.7483	1.11252
2276	0.00229269	0.115768	37.802	-3.86643	3.64196	-0.0252938	37.5522	33.7558	1.11247
2277	0.0022936	0.115794	37.8232	-3.87918	3.64007	-0.0252984	37.5588	33.7634	1.11241
2278	0.0022945	0.11582	37.8443	-3.89192	3.63803	-0.025303	37.5651	33.7709	1.11235
2279	0.00229541	0.115845	37.8655	-3.90466	3.63576	-0.0253077	37.5713	33.7784	1.11229
2280	0.00229632	0.115871	37.8866	-3.9174	3.63322	-0.0253123	37.5772	33.7859	1.11221
2281	0.00229723	0.115897	37.9078	-3.93013	3.63036	-0.0253169	37.5827	33.7934	1.11213
2282	0.00229813	0.115923	37.9289	-3.94285	3.62715	-0.0253216	37.5879	33.8009	1.11204
2283	0.00229904	0.115948	37.95	-3.95557	3.62357	-0.0253263	37.5927	33.8084	1.11193
2284	0.00229995	0.115974	37.9711	-3.96829	3.6196	-0.0253309	37.5971	33.8158	1.11182
2285	0.00230086	0.115999	37.9922	-3.98099	3.61522	-0.0253356	37.6011	33.8233	1.11169
2286	0.00230176	0.116025	38.0133	-3.9937	3.61042	-0.0253402	37.6047	33.8308	1.11155
2287	0.00230267	0.116051	38.0343	-4.00639	3.6052	-0.0253448	37.6078	33.8382	1.1114
2288	0.00230358	0.116076	38.0554	-4.01908	3.59961	-0.0253494	37.6106	33.8457	1.11124
2289	0.00230449	0.116102	38.0764	-4.03177	3.59368	-0.0253539	37.613	33.8531	1.11107
2290	0.00230539	0.116127	38.0975	-4.04445	3.58746	-0.0253584	37.6151	33.8605	1.11088
2291	0.0023063	0.116152	38.1185	-4.05712	3.58102	-0.0253628	37.617	33.8679	1.1107
2292	0.00230721	0.116178	38.1395	-4.06979	3.57437	-0.0253672	37.6187	33.8753	1.1105
2293	0.00230811	0.116203	38.1604	-4.08244	3.56756	-0.0253715	37.6202	33.8827	1.11031
2294	0.00230902	0.116229	38.1814	-4.0951	3.56061	-0.0253758	37.6216	33.8901	1.1101
2295	0.00230993	0.116254	38.2024	-4.10774	3.55349	-0.02538	37.6227	33.8975	1.1099
2296	0.00231084	0.116279	38.2233	-4.12038	3.54602	-0.0253841	37.6236	33.9049	1.10968
2297	0.00231174	0.116304	38.2442	-4.13301	3.53666	-0.0253881	37.6225	33.9122	1.10941
2298	0.00231265	0.11633	38.2651	-4.14564	3.52783	-0.025392	37.6219	33.9196	1.10915
2299	0.00231356	0.116355	38.286	-4.15826	3.52011	-0.0253958	37.6225	33.9269	1.10893
2300	0.00231446	0.11638	38.3069	-4.17087	3.51336	-0.0253997	37.624	33.9342	1.10873
2301	0.00231537	0.116405	38.3278	-4.18347	3.5074	-0.0254034	37.6263	33.9416	1.10856
2302	0.00231628	0.11643	38.3486	-4.19607	3.50213	-0.0254072	37.6293	33.9489	1.10841
2303	0.00231718	0.116455	38.3695	-4.20865	3.49747	-0.0254109	37.6329	33.9562	1.10828
2304	0.00231809	0.11648	38.3903	-4.22123	3.49338	-0.0254146	37.637	33.9635	1.10816
2305	0.002319	0.116505	38.4111	-4.2338	3.4898	-0.0254183	37.6417	33.9708	1.10806
2306	0.0023199	0.11653	38.4319	-4.24637	3.4867	-0.0254219	37.6468	33.978	1.10797
2307	0.00232081	0.116555	38.4526	-4.25892	3.48404	-0.0254256	37.6523	33.9853	1.1079
2308	0.00232172	0.11658	38.4734	-4.27147	3.48372	-0.0254294	37.6602	33.9926	1.1079
2309	0.00232262	0.116605	38.4941	-4.28401	3.48426	-0.0254331	37.669	33.9998	1.10792
2310	0.00232353	0.11663	38.5148	-4.29654	3.48503	-0.0254368	37.6779	34.007	1.10794
2311	0.00232444	0.116654	38.5355	-4.30906	3.48592	-0.0254405	37.687	34.0143	1.10798
2312	0.00232534	0.116679	38.5562	-4.32157	3.48681	-0.0254441	37.696	34.0215	1.10801
2313	0.00232625	0.116704	38.5769	-4.33407	3.48764	-0.0254478	37.705	34.0287	1.10804
2314	0.00232716	0.116728	38.5975	-4.34656	3.48833	-0.0254515	37.7139	34.0359	1.10806
2315	0.00232806	0.116753	38.6182	-4.35904	3.4888	-0.0254552	37.7225	34.0431	1.10808
2316	0.00232897	0.116778	38.6388	-4.37152	3.48899	-0.025459	37.7308	34.0502	1.10809
2317	0.00232987	0.116802	38.6594	-4.38398	3.48884	-0.0254627	37.7388	34.0574	1.10809
2318	0.00233078	0.116827	38.6799	-4.39644	3.48832	-0.0254665	37.7463	34.0646	1.10808
2319	0.00233169	0.116851	38.7005	-4.40888	3.48738	-0.0254703	37.7535	34.0717	1.10806
2320	0.00233259	0.116876	38.721	-4.42132	3.48601	-0.0254742	37.7602	34.0788	1.10803
2321	0.0023335	0.1169	38.7415	-4.43375	3.48419	-0.025478	37.7665	34.0859	1.10798
2322	0.0023344	0.116925	38.762	-4.44616	3.48193	-0.0254818	37.7723	34.0931	1.10792
2323	0.00233531	0.116949	38.7825	-4.45857	3.47923	-0.0254856	37.7777	34.1002	1.10784
2324	0.00233622	0.116973	38.803	-4.47097	3.4761	-0.0254894	37.7826	34.1072	1.10776
2325	0.00233712	0.116997	38.8234	-4.48335	3.47259	-0.0254932	37.7872	34.1143	1.10766
2326	0.00233803	0.117022	38.8438	-4.49573	3.46877	-0.0254969	37.7914	34.1214	1.10756
2327	0.00233893	0.117046	38.8642	-4.5081	3.46466	-0.0255006	37.7953	34.1285	1.10744
2328	0.00233984	0.11707	38.8846	-4.52045	3.46035	-0.0255042	37.799	34.1355	1.10732
2329	0.00234075	0.117094	38.905	-4.5328	3.45588	-0.0255078	37.8025	34.1425	1.1072
2330	0.00234165	0.117118	38.9253	-4.54513	3.45134	-0.0255113	37.806	34.1496	1.10707
2331	0.00234256	0.117142	38.9456	-4.55745	3.4468	-0.0255149	37.8094	34.1566	1.10694
2332	0.00234346	0.117166	38.9659	-4.56976	3.44231	-0.0255183	37.8129	34.1636	1.10682
2333	0.00234437	0.11719	38.9862	-4.58206	3.43795	-0.0255218	37.8165	34.1706	1.1067
2334	0.00234528	0.117214	39.0064	-4.59435	3.43378	-0.0255251	37.8203	34.1776	1.10658
2335	0.00234618	0.117238	39.0267	-4.60663	3.42984	-0.0255285	37.8243	34.1845	1.10648
2336	0.00234709	0.117262	39.0469	-4.6189	3.42618	-0.0255318	37.8286	34.1915	1.10638
2337	0.00234799	0.117286	39.067	-4.63115	3.42286	-0.0255352	37.8332	34.1984	1.10628
2338	0.0023489	0.11731	39.0872	-4.6434	3.4199	-0.0255385	37.8382	34.2054	1.10621
2339	0.0023498	0.117333	39.1074	-4.65563	3.41735	-0.0255417	37.8435	34.2123	1.10614
2340	0.00235071	0.117357	39.1275	-4.66785	3.4152	-0.025545	37.8493	34.2192	1.10608
2341	0.00235162	0.117381	39.1476	-4.68006	3.41345	-0.0255483	37.8554	34.2261	1.10604
2342	0.00235252	0.117404	39.1676	-4.69225	3.41207	-0.0255515	37.8619	34.233	1.10601
2343	0.00235343	0.117428	39.1877	-4.70444	3.41102	-0.0255547	37.8687	34.2399	1.10598
2344	0.00235433	0.117452	39.2077	-4.71661	3.41026	-0.0255579	37.8758	34.2467	1.10597
2345	0.00235524	0.117475	39.2277	-4.72877	3.40973	-0.0255611	37.8831	34.2536	1.10596
2346	0.00235614	0.117499	39.2477	-4.74091	3.40939	-0.0255643	37.8906	34.2604	1.10596
2347	0.00235705	0.117522	39.2677	-4.75305	3.40916	-0.0255675	37.8982	34.2673	1.10596
2348	0.00235795	0.117545	39.2876	-4.76517	3.40902	-0.0255706	37.9059	34.2741	1.10596
2349	0.00235886	0.117569	39.3075	-4.77728	3.40889	-0.0255738	37.9136	34.2809	1.10597
2350	0.00235976	0.117592	39.3274	-4.78937	3.40874	-0.0255769	37.9212	34.2877	1.10597
2351	0.00236067	0.117615	39.3473	-4.80146	3.40854	-0.0255801	37.9288	34.2945	1.10597
2352	0.00236157	0.117639	39.3671	-4.81353	3.40824	-0.0255832	37.9362	34.3013	1.10597
2353	0.00236248	0.117662	39.3869	-4.82558	3.40782	-0.0255863	37.9436	34.308	1.10597
2354	0.00236338	0.117685	39.4067	-4.83763	3.40726	-0.0255894	37.9508	34.3148	1.10596
2355	0.00236429	0.117708	39.4265	-4.84966	3.40654	-0.0255926	37.9578	34.3215	1.10595
2356	0.00236519	0.117731	39.4462	-4.86168	3.40565	-0.0255957	37.9646	34.3282	1.10593
2357	0.0023661	0.117754	39.4659	-4.87369	3.4046	-0.0255988	37.9713	34.335	1.10591
2358	0.002367	0.117777	39.4856	-4.88568	3.40337	-0.025602	37.9777	34.3417	1.10588
2359	0.00236791	0.1178	39.5053	-4.89766	3.40198	-0.0256051	37.984	34.3484	1.10585
2360	0.00236881	0.117823	39.525	-4.90963	3.40044	-0.0256082	37.9902	34.355	1.10581
2361	0.00236972	0.117846	39.5446	-4.92158	3.39876	-0.0256114	37.9962	34.3617	1.10577
2362	0.00237062	0.117869	39.5642	-4.93353	3.39698	-0.0256145	38.002	34.3684	1.10573
2363	0.00237153	0.117892	39.5838	-4.94546	3.39512	-0.0256176	38.0078	34.375	1.10568
2364	0.00237243	0.117914	39.6033	-4.95737	3.39321	-0.0256207	38.0135	34.3816	1.10563
2365	0.00237334	0.117937	39.6228	-4.96927	3.39127	-0.0256238	38.0192	34.3883	1.10559
2366	0.00237424	0.11796	39.6423	-4.98116	3.38935	-0.0256269	38.0249	34.3949	1.10554
2367	0.00237515	0.117982	39.6618	-4.99304	3.38746	-0.0256299	38.0306	34.4015	1.10549
2368	0.00237605	0.118005	39.6813	-5.0049	3.38565	-0.025633	38.0364	34.4081	1.10545
2369	0.00237696	0.118027	39.7007	-5.01675	3.38392	-0.0256361	38.0422	34.4146	1.10541
2370	0.00237786	0.11805	39.7201	-5.02858	3.38232	-0.0256391	38.0482	34.4212	1.10537
2371	0.00237877	0.118072	39.7395	-5.0404	3.38084	-0.0256421	38.0543	34.4277	1.10534
2372	0.00237967	0.118095	39.7588	-5.05221	3.37951	-0.0256452	38.0605	34.4343	1.10531
2373	0.00238058	0.118117	39.7782	-5.064	3.37833	-0.0256482	38.0668	34.4408	1.10528
2374	0.00238148	0.11814	39.7975	-5.07578	3.3773	-0.0256512	38.0733	34.4473	1.10526
2375	0.00238239	0.118162	39.8167	-5.08754	3.37643	-0.0256542	38.08	34.4538	1.10525
2376	0.00238329	0.118184	39.836	-5.09929	3.3757	-0.0256572	38.0867	34.4603	1.10523
2377	0.0023842	0.118206	39.8552	-5.11102	3.37511	-0.0256602	38.0936	34.4668	1.10523
2378	0.0023851	0.118228	39.8744	-5.12274	3.37465	-0.0256632	38.1006	34.4733	1.10522
2379	0.002386	0.118251	39.8936	-5.13445	3.3743	-0.0256662	38.1077	34.4797	1.10522
2380	0.00238691	0.118273	39.9127	-5.14614	3.37404	-0.0256692	38.1149	34.4861	1.10522
2381	0.00238781	0.118295	39.9318	-5.15781	3.37386	-0.0256722	38.1222	34.4926	1.10523
2382	0.00238872	0.118317	39.9509	-5.16947	3.37375	-0.0256752	38.1295	34.499	1.10524
2383	0.00238962	0.118339	39.9699	-5.18112	3.37369	-0.0256782	38.1368	34.5054	1.10524
2384	0.00239053	0.118361	39.989	-5.19275	3.37366	-0.0256812	38.1442	34.5118	1.10525
2385	0.00239143	0.118382	40.008	-5.20436	3.37365	-0.0256842	38.1516	34.5182	1.10526
2386	0.00239234	0.118404	40.027	-5.21596	3.37366	-0.0256872	38.159	34.5245	1.10527
2387	0.00239324	0.118426	40.0459	-5.22754	3.37366	-0.0256901	38.1663	34.5309	1.10528
2388	0.00239414	0.118448	40.0648	-5.23911	3.37367	-0.0256931	38.1737	34.5372	1.10529
2389	0.00239505	0.118469	40.0837	-5.25066	3.37366	-0.0256961	38.181	34.5435	1.1053
2390	0.00239595	0.118491	40.1026	-5.2622	3.37364	-0.0256991	38.1883	34.5499	1.10531
2391	0.00239686	0.118513	40.1214	-5.27371	3.37362	-0.025702	38.1956	34.5562	1.10532
2392	0.00239776	0.118534	40.1402	-5.28522	3.37358	-0.025705	38.2029	34.5624	1.10533
2393	0.00239867	0.118556	40.159	-5.29671	3.37354	-0.025708	38.2101	34.5687	1.10534
2394	0.00239957	0.118577	40.1777	-5.30818	3.3735	-0.0257109	38.2173	34.575	1.10535
2395	0.00240047	0.118599	40.1964	-5.31963	3.37346	-0.0257139	38.2246	34.5812	1.10536
2396	0.00240138	0.11862	40.2151	-5.33107	3.37344	-0.0257168	38.2318	34.5875	1.10537
2397	0.00240228	0.118641	40.2338	-5.34249	3.37345	-0.0257198	38.239	34.5937	1.10538
2398	0.00240319	0.118663	40.2524	-5.3539	3.37348	-0.0257228	38.2463	34.5999	1.10539
2399	0.00240409	0.118684	40.271	-5.36529	3.37356	-0.0257257	38.2536	34.6061	1.1054
2400	0.002405	0.118705	40.2896	-5.37666	3.37369	-0.0257287	38.2609	34.6123	1.10541
2401	0.0024059	0.118726	40.3081	-5.38801	3.37387	-0.0257316	38.2682	34.6185	1.10543
2402	0.0024068	0.118748	40.3266	-5.39935	3.37413	-0.0257346	38.2757	34.6246	1.10545
2403	0.00240771	0.118769	40.3451	-5.41068	3.37445	-0.0257375	38.2831	34.6308	1.10547
2404	0.00240861	0.11879	40.3636	-5.42198	3.37486	-0.0257405	38.2907	34.6369	1.10549
2405	0.00240952	0.118811	40.382	-5.43327	3.37536	-0.0257434	38.2983	34.643	1.10551
2406	0.00241042	0.118832	40.4004	-5.44454	3.37594	-0.0257464	38.306	34.6491	1.10554
2407	0.00241133	0.118853	40.4187	-5.4558	3.37662	-0.0257493	38.3138	34.6552	1.10557
2408	0.00241223	0.118873	40.4371	-5.46704	3.37739	-0.0257522	38.3217	34.6613	1.1056
2409	0.00241313	0.118894	40.4554	-5.47826	3.37825	-0.0257552	38.3296	34.6674	1.10564
2410	0.00241404	0.118915	40.4736	-5.48947	3.37921	-0.0257581	38.3376	34.6734	1.10568
2411	0.00241494	0.118936	40.4919	-5.50065	3.38025	-0.0257611	38.3457	34.6795	1.10572
2412	0.00241585	0.118956	40.5101	-5.51182	3.38138	-0.025764	38.3539	34.6855	1.10576
2413	0.00241675	0.118977	40.5283	-5.52298	3.3826	-0.0257669	38.3621	34.6915	1.10581
2414	0.00241765	0.118998	40.5464	-5.53411	3.38389	-0.0257699	38.3704	34.6975	1.10585
2415	0.00241856	0.119018	40.5645	-5.54523	3.38526	-0.0257728	38.3788	34.7035	1.1059
2416	0.00241946	0.119039	40.5826	-5.55634	3.38669	-0.0257757	38.3872	34.7095	1.10596
2417	0.00242037	0.119059	40.6007	-5.56742	3.38819	-0.0257787	38.3957	34.7154	1.10601
2418	0.00242127	0.119079	40.6187	-5.57849	3.38975	-0.0257816	38.4042	34.7214	1.10607
2419	0.00242218	0.1191	40.6367	-5.58954	3.39136	-0.0257845	38.4127	34.7273	1.10612
2420	0.00242308	0.11912	40.6546	-5.60057	3.39302	-0.0257875	38.4213	34.7333	1.10618
2421	0.00242398	0.11914	40.6726	-5.61158	3.39473	-0.0257904	38.4299	34.7392	1.10624
2422	0.00242489	0.119161	40.6905	-5.62258	3.39648	-0.0257933	38.4386	34.7451	1.1063
2423	0.00242579	0.119181	40.7084	-5.63356	3.39828	-0.0257963	38.4473	34.751	1.10637
2424	0.0024267	0.119201	40.7262	-5.64452	3.40011	-0.0257992	38.456	34.7568	1.10643
2425	0.0024276	0.119221	40.744	-5.65546	3.40197	-0.0258022	38.4647	34.7627	1.10649
2426	0.00242851	0.119241	40.7618	-5.66638	3.40387	-0.0258051	38.4735	34.7685	1.10656
2427	0.00242941	0.119261	40.7795	-5.67729	3.4058	-0.0258081	38.4822	34.7744	1.10663
2428	0.00243031	0.119281	40.7972	-5.68818	3.40776	-0.025811	38.491	34.7802	1.10669
2429	0.00243122	0.119301	40.8149	-5.69905	3.40976	-0.025814	38.4998	34.786	1.10676
2430	0.00243212	0.119321	40.8326	-5.7099	3.41178	-0.0258169	38.5086	34.7918	1.10683
2431	0.00243303	0.119341	40.8502	-5.72074	3.41384	-0.0258199	38.5175	34.7976	1.1069
2432	0.00243393	0.11936	40.8678	-5.73155	3.41593	-0.0258228	38.5263	34.8033	1.10697
2433	0.00243483	0.11938	40.8853	-5.74235	3.41805	-0.0258258	38.5352	34.8091	1.10704
2434	0.00243574	0.1194	40.9028	-5.75313	3.4202	-0.0258288	38.5441	34.8148	1.10712
2435	0.00243664	0.11942	40.9203	-5.76388	3.42238	-0.0258317	38.553	34.8205	1.10719
2436	0.00243755	0.119439	40.9378	-5.77462	3.4246	-0.0258347	38.5619	34.8263	1.10727
2437	0.00243845	0.119459	40.9552	-5.78535	3.42685	-0.0258377	38.5709	34.832	1.10734
2438	0.00243936	0.119478	40.9726	-5.79605	3.42914	-0.0258407	38.5798	34.8376	1.10742
2439	0.00244026	0.119498	40.9899	-5.80673	3.43145	-0.0258437	38.5888	34.8433	1.1075
2440	0.00244117	0.119517	41.0072	-5.81739	3.4338	-0.0258467	38.5978	34.849	1.10757
2441	0.00244207	0.119536	41.0245	-5.82804	3.43618	-0.0258497	38.6068	34.8546	1.10765
2442	0.00244297	0.119556	41.0418	-5.83866	3.43859	-0.0258527	38.6159	34.8602	1.10773
2443	0.00244388	0.119575	41.059	-5.84927	3.44104	-0.0258557	38.6249	34.8659	1.10781
2444	0.00244478	0.119594	41.0762	-5.85986	3.4435	-0.0258587	38.634	34.8715	1.1079
2445	0.00244569	0.119613	41.0933	-5.87042	3.446	-0.0258617	38.6431	34.8771	1.10798
2446	0.00244659	0.119632	41.1105	-5.88097	3.44852	-0.0258647	38.6521	34.8826	1.10806
2447	0.0024475	0.119652	41.1275	-5.89149	3.45107	-0.0258677	38.6612	34.8882	1.10815
2448	0.0024484	0.119671	41.1446	-5.902	3.45364	-0.0258707	38.6704	34.8937	1.10823
2449	0.00244931	0.11969	41.1616	-5.91249	3.45623	-0.0258737	38.6795	34.8993	1.10832
2450	0.00245021	0.119708	41.1786	-5.92295	3.45883	-0.0258768	38.6886	34.9048	1.1084
2451	0.00245111	0.119727	41.1955	-5.9334	3.46146	-0.0258798	38.6977	34.9103	1.10849
2452	0.00245202	0.119746	41.2124	-5.94382	3.46409	-0.0258828	38.7068	34.9158	1.10858
2453	0.00245292	0.119765	41.2293	-5.95423	3.46674	-0.0258858	38.7159	34.9213	1.10866
2454	0.00245383	0.119784	41.2461	-5.96461	3.4694	-0.0258889	38.725	34.9267	1.10875
2455	0.00245473	0.119802	41.2629	-5.97497	3.47206	-0.0258919	38.7341	34.9322	1.10884
2456	0.00245564	0.119821	41.2797	-5.98532	3.47473	-0.0258949	38.7432	34.9376	1.10892
2457	0.00245654	0.11984	41.2964	-5.99564	3.4774	-0.0258979	38.7523	34.9431	1.10901
2458	0.00245745	0.119858	41.3131	-6.00594	3.48008	-0.0259009	38.7614	34.9485	1.1091
2459	0.00245835	0.119877	41.3298	-6.01622	3.48276	-0.025904	38.7704	34.9539	1.10919
2460	0.00245926	0.119895	41.3464	-6.02648	3.48543	-0.025907	38.7794	34.9592	1.10928
2461	0.00246016	0.119914	41.363	-6.03672	3.48811	-0.02591	38.7885	34.9646	1.10936
2462	0.00246107	0.119932	41.3795	-6.04693	3.49079	-0.025913	38.7975	34.97	1.10945
2463	0.00246197	0.11995	41.396	-6.05713	3.49346	-0.025916	38.8065	34.9753	1.10954
2464	0.00246287	0.119968	41.4125	-6.0673	3.49613	-0.0259189	38.8154	34.9806	1.10963
2465	0.00246378	0.119987	41.429	-6.07746	3.4988	-0.0259219	38.8244	34.9859	1.10971
2466	0.00246468	0.120005	41.4454	-6.08759	3.50147	-0.0259249	38.8333	34.9912	1.1098
2467	0.00246559	0.120023	41.4617	-6.0977	3.50414	-0.0259278	38.8422	34.9965	1.10989
2468	0.00246649	0.120041	41.478	-6.10779	3.5068	-0.0259307	38.8511	35.0018	1.10998
2469	0.0024674	0.120059	41.4943	-6.11785	3.50946	-0.0259337	38.86	35.007	1.11006
2470	0.0024683	0.120077	41.5106	-6.1279	3.51213	-0.0259366	38.8689	35.0123	1.11015
2471	0.00246921	0.120095	41.5268	-6.13792	3.51479	-0.0259395	38.8777	35.0175	1.11024
2472	0.00247011	0.120113	41.543	-6.14793	3.51745	-0.0259424	38.8866	35.0227	1.11033
2473	0.00247102	0.120131	41.5591	-6.15791	3.52012	-0.0259453	38.8954	35.0279	1.11041
2474	0.00247192	0.120148	41.5752	-6.16787	3.52278	-0.0259482	38.9042	35.0331	1.1105
2475	0.00247283	0.120166	41.5913	-6.1778	3.52545	-0.0259511	38.913	35.0382	1.11059
2476	0.00247373	0.120184	41.6073	-6.18772	3.52811	-0.025954	38.9218	35.0434	1.11067
2477	0.00247464	0.120201	41.6233	-6.19761	3.53078	-0.0259569	38.9306	35.0485	1.11076
2478	0.00247554	0.120219	41.6393	-6.20748	3.53345	-0.0259598	38.9393	35.0537	1.11085
2479	0.00247645	0.120237	41.6552	-6.21733	3.53612	-0.0259627	38.9481	35.0588	1.11094
2480	0.00247735	0.120254	41.6711	-6.22716	3.5388	-0.0259656	38.9568	35.0639	1.11102
2481	0.00247826	0.120271	41.687	-6.23697	3.54147	-0.0259685	38.9655	35.069	1.11111
2482	0.00247916	0.120289	41.7028	-6.24675	3.54414	-0.0259714	38.9742	35.074	1.1112
2483	0.00248007	0.120306	41.7185	-6.25652	3.5468	-0.0259743	38.9829	35.0791	1.11129
2484	0.00248097	0.120323	41.7343	-6.26626	3.54947	-0.0259773	38.9915	35.0841	1.11137
2485	0.00248188	0.120341	41.75	-6.27598	3.55213	-0.0259802	39.0001	35.0891	1.11146
2486	0.00248279	0.120358	41.7656	-6.28567	3.55478	-0.0259831	39.0088	35.0942	1.11155
2487	0.00248369	0.120375	41.7813	-6.29535	3.55742	-0.0259861	39.0173	35.0992	1.11163
2488	0.0024846	0.120392	41.7969	-6.305	3.56005	-0.0259891	39.0259	35.1041	1.11172
2489	0.0024855	0.120409	41.8124	-6.31464	3.56267	-0.025992	39.0344	35.1091	1.1118
2490	0.00248641	0.120426	41.8279	-6.32425	3.56528	-0.025995	39.043	35.1141	1.11189
2491	0.00248731	0.120443	41.8434	-6.33383	3.56787	-0.025998	39.0514	35.119	1.11197
2492	0.00248822	0.12046	41.8588	-6.3434	3.57044	-0.026001	39.0599	35.1239	1.11206
2493	0.00248912	0.120477	41.8742	-6.35295	3.573	-0.026004	39.0683	35.1289	1.11214
2494	0.00249003	0.120494	41.8896	-6.36247	3.57553	-0.026007	39.0767	35.1338	1.11223
2495	0.00249093	0.12051	41.9049	-6.37197	3.57804	-0.02601	39.085	35.1386	1.11231
2496	0.00249184	0.120527	41.9202	-6.38145	3.58053	-0.026013	39.0933	35.1435	1.11239
2497	0.00249274	0.120544	41.9355	-6.39091	3.58299	-0.026016	39.1015	35.1484	1.11247
2498	0.00249365	0.12056	41.9507	-6.40035	3.58542	-0.0260191	39.1098	35.1532	1.11255
2499	0.00249455	0.120577	41.9659	-6.40976	3.58783	-0.0260221	39.1179	35.1581	1.11263
2500	0.00249546	0.120594	41.981	-6.41916	3.59021	-0.0260252	39.1261	35.1629	1.11271
2501	0.00249637	0.12061	41.9961	-6.42853	3.59255	-0.0260282	39.1341	35.1677	1.11279
2502	0.00249727	0.120626	42.0112	-6.43788	3.59487	-0.0260313	39.1422	35.1725	1.11286
2503	0.00249818	0.120643	42.0262	-6.44721	3.59715	-0.0260344	39.1502	35.1773	1.11294
2504	0.00249908	0.120659	42.0413	-6.45652	3.5994	-0.0260375	39.1581	35.182	1.11301
2505	0.00249999	0.120676	42.0562	-6.4658	3.60162	-0.0260406	39.166	35.1868	1.11309
2506	0.00250089	0.120692	42.0711	-6.47507	3.6038	-0.0260437	39.1738	35.1915	1.11316
2507	0.0025018	0.120708	42.086	-6.48431	3.60596	-0.0260468	39.1816	35.1962	1.11323
2508	0.00250271	0.120724	42.1009	-6.49353	3.60807	-0.0260499	39.1894	35.2009	1.1133
2509	0.00250361	0.12074	42.1157	-6.50274	3.61015	-0.0260531	39.1971	35.2056	1.11337
2510	0.00250452	0.120756	42.1305	-6.51192	3.6122	-0.0260562	39.2047	35.2103	1.11344
2511	0.00250542	0.120772	42.1453	-6.52108	3.61422	-0.0260594	39.2123	35.215	1.11351
2512	0.00250633	0.120788	42.16	-6.53022	3.6162	-0.0260625	39.2199	35.2197	1.11358
2513	0.00250723	0.120804	42.1746	-6.53933	3.61814	-0.0260657	39.2274	35.2243	1.11365
2514	0.00250814	0.12082	42.1893	-6.54843	3.62005	-0.0260689	39.2348	35.2289	1.11371
2515	0.00250905	0.120836	42.2039	-6.55751	3.62192	-0.0260721	39.2422	35.2336	1.11377
2516	0.00250995	0.120852	42.2185	-6.56656	3.62376	-0.0260753	39.2496	35.2382	1.11384
2517	0.00251086	0.120868	42.233	-6.57559	3.62557	-0.0260785	39.2569	35.2428	1.1139
2518	0.00251176	0.120883	42.2475	-6.58461	3.62734	-0.0260817	39.2642	35.2474	1.11396
2519	0.00251267	0.120899	42.262	-6.5936	3.62908	-0.0260849	39.2714	35.2519	1.11402
2520	0.00251357	0.120915	42.2764	-6.60257	3.63078	-0.0260881	39.2785	35.2565	1.11408
2521	0.00251448	0.12093	42.2908	-6.61152	3.63244	-0.0260913	39.2857	35.261	1.11414
2522	0.00251539	0.120946	42.3052	-6.62046	3.63407	-0.0260945	39.2927	35.2656	1.1142
2523	0.00251629	0.120961	42.3195	-6.62937	3.63567	-0.0260977	39.2997	35.2701	1.11425
2524	0.0025172	0.120977	42.3338	-6.63826	3.63723	-0.026101	39.3067	35.2746	1.11431
2525	0.0025181	0.120992	42.3481	-6.64713	3.63875	-0.0261042	39.3136	35.2791	1.11436
2526	0.00251901	0.121007	42.3623	-6.65598	3.64023	-0.0261075	39.3205	35.2836	1.11441
2527	0.00251992	0.121023	42.3765	-6.66481	3.64168	-0.0261107	39.3273	35.288	1.11446
2528	0.00252082	0.121038	42.3907	-6.67362	3.64309	-0.026114	39.334	35.2925	1.11452
2529	0.00252173	0.121053	42.4048	-6.68241	3.64446	-0.0261172	39.3407	35.2969	1.11457
2530	0.00252263	0.121068	42.4189	-6.69118	3.64579	-0.0261205	39.3474	35.3014	1.11461
2531	0.00252354	0.121084	42.4329	-6.69993	3.64709	-0.0261238	39.354	35.3058	1.11466
2532	0.00252445	0.121099	42.447	-6.70866	3.64834	-0.0261271	39.3605	35.3102	1.11471
2533	0.00252535	0.121114	42.461	-6.71737	3.64956	-0.0261304	39.367	35.3146	1.11475
2534	0.00252626	0.121129	42.4749	-6.72606	3.65073	-0.0261337	39.3735	35.319	1.1148
2535	0.00252717	0.121144	42.4888	-6.73473	3.65186	-0.026137	39.3798	35.3233	1.11484
2536	0.00252807	0.121159	42.5027	-6.74338	3.65296	-0.0261403	39.3862	35.3277	1.11488
2537	0.00252898	0.121174	42.5166	-6.75201	3.65401	-0.0261436	39.3925	35.332	1.11492
2538	0.00252988	0.121189	42.5304	-6.76062	3.65503	-0.026147	39.3987	35.3364	1.11496
2539	0.00253079	0.121203	42.5442	-6.76921	3.656	-0.0261503	39.4049	35.3407	1.115
2540	0.0025317	0.121218	42.558	-6.77779	3.65693	-0.0261536	39.411	35.345	1.11504
2541	0.0025326	0.121233	42.5717	-6.78634	3.65782	-0.026157	39.417	35.3493	1.11507
2542	0.00253351	0.121248	42.5854	-6.79488	3.65867	-0.0261603	39.423	35.3536	1.11511
2543	0.00253441	0.121262	42.5991	-6.80339	3.65948	-0.0261637	39.429	35.3579	1.11514
2544	0.00253532	0.121277	42.6127	-6.81189	3.66024	-0.0261671	39.4349	35.3621	1.11517
2545	0.00253623	0.121292	42.6263	-6.82037	3.66096	-0.0261704	39.4407	35.3664	1.1152
2546	0.00253713	0.121306	42.6399	-6.82883	3.66164	-0.0261738	39.4465	35.3706	1.11523
2547	0.00253804	0.121321	42.6534	-6.83727	3.66228	-0.0261772	39.4523	35.3749	1.11526
2548	0.00253895	0.121335	42.6669	-6.84569	3.66287	-0.0261805	39.4579	35.3791	1.11529
2549	0.00253985	0.121349	42.6804	-6.85409	3.66342	-0.0261839	39.4636	35.3833	1.11532
2550	0.00254076	0.121364	42.6939	-6.86248	3.66393	-0.0261873	39.4691	35.3875	1.11534
2551	0.00254166	0.121378	42.7073	-6.87084	3.6644	-0.0261907	39.4746	35.3917	1.11537
2552	0.00254257	0.121393	42.7207	-6.87919	3.66482	-0.0261941	39.4801	35.3958	1.11539
2553	0.00254348	0.121407	42.734	-6.88752	3.6652	-0.0261975	39.4855	35.4	1.11541
2554	0.00254438	0.121421	42.7473	-6.89583	3.66553	-0.0262009	39.4908	35.4042	1.11543
2555	0.00254529	0.121435	42.7606	-6.90412	3.66582	-0.0262043	39.4961	35.4083	1.11545
2556	0.0025462	0.121449	42.7739	-6.91239	3.66606	-0.0262077	39.5013	35.4124	1.11547
2557	0.0025471	0.121464	42.7871	-6.92065	3.66626	-0.0262111	39.5065	35.4165	1.11548
2558	0.00254801	0.121478	42.8003	-6.92889	3.66642	-0.0262145	39.5116	35.4207	1.1155
2559	0.00254891	0.121492	42.8135	-6.93711	3.66653	-0.0262178	39.5167	35.4247	1.11551
2560	0.00254982	0.121506	42.8266	-6.94531	3.6666	-0.0262212	39.5217	35.4288	1.11552
2561	0.00255073	0.12152	42.8397	-6.95349	3.66663	-0.0262246	39.5266	35.4329	1.11553
2562	0.00255163	0.121534	42.8528	-6.96166	3.66661	-0.026228	39.5315	35.437	1.11554
2563	0.00255254	0.121547	42.8658	-6.96981	3.66654	-0.0262314	39.5364	35.441	1.11555
2564	0.00255345	0.121561	42.8789	-6.97794	3.66644	-0.0262348	39.5411	35.4451	1.11556
2565	0.00255435	0.121575	42.8919	-6.98605	3.66629	-0.0262381	39.5459	35.4491	1.11557
2566	0.00255526	0.121589	42.9048	-6.99414	3.66609	-0.0262415	39.5505	35.4531	1.11557
2567	0.00255617	0.121603	42.9177	-7.00222	3.66586	-0.0262449	39.5551	35.4571	1.11558
2568	0.00255707	0.121616	42.9306	-7.01028	3.66558	-0.0262483	39.5597	35.4611	1.11558
2569	0.00255798	0.12163	42.9435	-7.01833	3.66526	-0.0262516	39.5642	35.4651	1.11558
2570	0.00255888	0.121644	42.9564	-7.02635	3.6649	-0.026255	39.5687	35.4691	1.11558
2571	0.00255979	0.121657	42.9692	-7.03436	3.6645	-0.0262583	39.5731	35.4731	1.11558
2572	0.0025607	0.121671	42.982	-7.04235	3.66406	-0.0262617	39.5774	35.477	1.11558
2573	0.0025616	0.121685	42.9947	-7.05033	3.66358	-0.026265	39.5817	35.481	1.11558
2574	0.00256251	0.121698	43.0074	-7.05828	3.66306	-0.0262684	39.586	35.4849	1.11557
2575	0.00256342	0.121712	43.0201	-7.06622	3.6625	-0.0262717	39.5902	35.4889	1.11557
2576	0.00256432	0.121725	43.0328	-7.07414	3.6619	-0.0262751	39.5943	35.4928	1.11556
2577	0.00256523	0.121738	43.0455	-7.08205	3.66125	-0.0262784	39.5984	35.4967	1.11555
2578	0.00256613	0.121752	43.0581	-7.08994	3.66057	-0.0262817	39.6024	35.5006	1.11554
2579	0.00256704	0.121765	43.0707	-7.09781	3.65985	-0.0262851	39.6064	35.5045	1.11553
2580	0.00256795	0.121778	43.0832	-7.10567	3.65909	-0.0262884	39.6104	35.5083	1.11552
2581	0.00256885	0.121792	43.0958	-7.1135	3.65829	-0.0262917	39.6142	35.5122	1.11551
2582	0.00256976	0.121805	43.1083	-7.12133	3.65745	-0.026295	39.6181	35.5161	1.1155
2583	0.00257066	0.121818	43.1207	-7.12913	3.65657	-0.0262983	39.6219	35.5199	1.11548
2584	0.00257157	0.121831	43.1332	-7.13692	3.65565	-0.0263016	39.6256	35.5238	1.11547
2585	0.00257248	0.121844	43.1456	-7.14469	3.65468	-0.0263049	39.6293	35.5276	1.11545
2586	0.00257338	0.121857	43.158	-7.15245	3.65367	-0.0263082	39.6329	35.5314	1.11543
2587	0.00257429	0.12187	43.1703	-7.16019	3.65262	-0.0263115	39.6365	35.5352	1.11541
2588	0.0025752	0.121884	43.1827	-7.16791	3.65153	-0.0263148	39.64	35.539	1.11539
2589	0.0025761	0.121897	43.195	-7.17561	3.6504	-0.0263181	39.6435	35.5428	1.11537
2590	0.00257701	0.121909	43.2073	-7.1833	3.64922	-0.0263214	39.6469	35.5466	1.11535
2591	0.00257791	0.121922	43.2195	-7.19098	3.64799	-0.0263247	39.6502	35.5503	1.11533
2592	0.00257882	0.121935	43.2318	-7.19864	3.64673	-0.0263279	39.6535	35.5541	1.1153
2593	0.00257973	0.121948	43.244	-7.20628	3.64541	-0.0263312	39.6568	35.5579	1.11527
2594	0.00258063	0.121961	43.2561	-7.2139	3.64405	-0.0263344	39.6599	35.5616	1.11525
2595	0.00258154	0.121974	43.2683	-7.22151	3.64264	-0.0263377	39.6631	35.5653	1.11522
2596	0.00258244	0.121987	43.2804	-7.22911	3.64119	-0.0263409	39.6661	35.5691	1.11519
2597	0.00258335	0.121999	43.2925	-7.23668	3.63969	-0.0263442	39.6692	35.5728	1.11516
2598	0.00258426	0.122012	43.3046	-7.24425	3.63814	-0.0263474	39.6721	35.5765	1.11512
2599	0.00258516	0.122025	43.3166	-7.25179	3.63655	-0.0263506	39.675	35.5802	1.11509
2600	0.00258607	0.122037	43.3286	-7.25932	3.6349	-0.0263538	39.6778	35.5838	1.11505
2601	0.00258697	0.12205	43.3406	-7.26684	3.63321	-0.026357	39.6806	35.5875	1.11502
2602	0.00258788	0.122062	43.3526	-7.27433	3.63147	-0.0263602	39.6833	35.5912	1.11498
2603	0.00258878	0.122075	43.3645	-7.28182	3.62969	-0.0263633	39.686	35.5948	1.11494
2604	0.00258969	0.122088	43.3764	-7.28929	3.62785	-0.0263665	39.6886	35.5985	1.1149
2605	0.0025906	0.1221	43.3883	-7.29674	3.62597	-0.0263696	39.6912	35.6021	1.11485
2606	0.0025915	0.122112	43.4002	-7.30418	3.62403	-0.0263727	39.6936	35.6058	1.11481
2607	0.00259241	0.122125	43.412	-7.3116	3.62205	-0.0263758	39.6961	35.6094	1.11476
2608	0.00259331	0.122137	43.4238	-7.319	3.62002	-0.0263789	39.6984	35.613	1.11472
2609	0.00259422	0.12215	43.4356	-7.32639	3.61793	-0.026382	39.7007	35.6166	1.11467
2610	0.00259512	0.122162	43.4473	-7.33377	3.61579	-0.0263851	39.703	35.6202	1.11462
2611	0.00259603	0.122174	43.4591	-7.34113	3.61359	-0.0263881	39.7052	35.6238	1.11457
2612	0.00259694	0.122187	43.4708	-7.34848	3.61134	-0.0263912	39.7073	35.6274	1.11452
2613	0.00259784	0.122199	43.4825	-7.35581	3.60904	-0.0263942	39.7093	35.6309	1.11446
2614	0.00259875	0.122211	43.4941	-7.36313	3.60667	-0.0263972	39.7113	35.6345	1.11441
2615	0.00259965	0.122223	43.5058	-7.37043	3.60425	-0.0264002	39.7132	35.638	1.11435
2616	0.00260056	0.122235	43.5174	-7.37771	3.60176	-0.0264031	39.715	35.6416	1.11429
2617	0.00260146	0.122247	43.529	-7.38499	3.59921	-0.0264061	39.7168	35.6451	1.11423
2618	0.00260237	0.122259	43.5405	-7.39224	3.5966	-0.026409	39.7185	35.6486	1.11417
2619	0.00260327	0.122272	43.552	-7.39949	3.59393	-0.026412	39.7201	35.6521	1.1141
2620	0.00260418	0.122284	43.5636	-7.40672	3.59118	-0.0264149	39.7216	35.6556	1.11403
2621	0.00260508	0.122296	43.575	-7.41393	3.58837	-0.0264178	39.7231	35.6591	1.11397
2622	0.00260599	0.122308	43.5865	-7.42113	3.58549	-0.0264207	39.7245	35.6626	1.1139
2623	0.00260689	0.122319	43.598	-7.42832	3.58255	-0.0264235	39.7258	35.6661	1.11382
2624	0.0026078	0.122331	43.6094	-7.43549	3.57953	-0.0264264	39.727	35.6696	1.11375
2625	0.0026087	0.122343	43.6208	-7.44265	3.57643	-0.0264293	39.7281	35.6731	1.11367
2626	0.00260961	0.122355	43.6321	-7.44979	3.57327	-0.0264321	39.7292	35.6765	1.11359
2627	0.00261051	0.122367	43.6435	-7.45692	3.57003	-0.0264349	39.7302	35.68	1.11351
2628	0.00261142	0.122379	43.6548	-7.46404	3.56671	-0.0264377	39.731	35.6834	1.11343
2629	0.00261233	0.122391	43.6661	-7.47114	3.56332	-0.0264405	39.7318	35.6868	1.11335
2630	0.00261323	0.122402	43.6774	-7.47823	3.55986	-0.0264433	39.7326	35.6903	1.11326
2631	0.00261413	0.122414	43.6886	-7.48531	3.55631	-0.0264461	39.7332	35.6937	1.11317
2632	0.00261504	0.122426	43.6999	-7.49237	3.55269	-0.0264488	39.7338	35.6971	1.11308
2633	0.00261594	0.122437	43.7111	-7.49942	3.549	-0.0264515	39.7342	35.7005	1.11299
2634	0.00261685	0.122449	43.7223	-7.50646	3.54523	-0.0264542	39.7346	35.7039	1.11289
2635	0.00261775	0.122461	43.7335	-7.51348	3.54138	-0.0264569	39.7349	35.7073	1.1128
2636	0.00261866	0.122472	43.7446	-7.52049	3.53746	-0.0264596	39.7351	35.7107	1.1127
2637	0.00261956	0.122484	43.7557	-7.52749	3.53346	-0.0264622	39.7352	35.714	1.11259
2638	0.00262047	0.122495	43.7668	-7.53447	3.52939	-0.0264649	39.7353	35.7174	1.11249
2639	0.00262137	0.122507	43.7779	-7.54144	3.52525	-0.0264675	39.7352	35.7207	1.11239
2640	0.00262228	0.122518	43.789	-7.5484	3.52103	-0.0264701	39.7351	35.7241	1.11228
2641	0.00262318	0.12253	43.8	-7.55535	3.51674	-0.0264726	39.7349	35.7274	1.11217
2642	0.00262409	0.122541	43.811	-7.56228	3.51237	-0.0264752	39.7346	35.7308	1.11206
2643	0.00262499	0.122553	43.822	-7.5692	3.50794	-0.0264777	39.7343	35.7341	1.11194
2644	0.0026259	0.122564	43.833	-7.57611	3.50343	-0.0264802	39.7338	35.7374	1.11183
2645	0.0026268	0.122575	43.844	-7.583	3.49885	-0.0264827	39.7333	35.7407	1.11171
2646	0.0026277	0.122587	43.8549	-7.58989	3.49421	-0.0264852	39.7327	35.744	1.11159
2647	0.00262861	0.122598	43.8658	-7.59676	3.48949	-0.0264876	39.732	35.7473	1.11147
2648	0.00262951	0.122609	43.8767	-7.60361	3.48471	-0.02649	39.7313	35.7506	1.11135
2649	0.00263042	0.12262	43.8876	-7.61046	3.47985	-0.0264924	39.7305	35.7539	1.11122
2650	0.00263132	0.122632	43.8984	-7.61729	3.47493	-0.0264948	39.7296	35.7572	1.11109
2651	0.00263223	0.122643	43.9092	-7.62411	3.46994	-0.0264971	39.7286	35.7604	1.11096
2652	0.00263313	0.122654	43.92	-7.63092	3.46488	-0.0264995	39.7275	35.7637	1.11083
2653	0.00263403	0.122665	43.9308	-7.63771	3.45975	-0.0265018	39.7264	35.7669	1.1107
2654	0.00263494	0.122676	43.9416	-7.6445	3.45455	-0.0265041	39.7251	35.7702	1.11057
2655	0.00263584	0.122687	43.9524	-7.65127	3.44928	-0.0265063	39.7239	35.7734	1.11043
2656	0.00263675	0.122699	43.9631	-7.65803	3.44394	-0.0265086	39.7225	35.7766	1.11029
2657	0.00263765	0.12271	43.9738	-7.66477	3.43853	-0.0265108	39.721	35.7799	1.11015
2658	0.00263855	0.122721	43.9845	-7.6715	3.43306	-0.026513	39.7195	35.7831	1.11001
2659	0.00263946	0.122732	43.9951	-7.67822	3.42751	-0.0265151	39.7179	35.7863	1.10986
2660	0.00264036	0.122743	44.0058	-7.68493	3.42191	-0.0265173	39.7162	35.7895	1.10972
2661	0.00264127	0.122754	44.0164	-7.69163	3.41623	-0.0265194	39.7145	35.7927	1.10957
2662	0.00264217	0.122764	44.027	-7.69831	3.41049	-0.0265215	39.7127	35.7959	1.10942
2663	0.00264307	0.122775	44.0376	-7.70498	3.40469	-0.0265236	39.7108	35.7991	1.10927
2664	0.00264398	0.122786	44.0481	-7.71164	3.39883	-0.0265257	39.7088	35.8022	1.10912
2665	0.00264488	0.122797	44.0587	-7.71829	3.3929	-0.0265277	39.7068	35.8054	1.10896
2666	0.00264578	0.122808	44.0692	-7.72492	3.38692	-0.0265297	39.7047	35.8085	1.1088
2667	0.00264669	0.122819	44.0797	-7.73154	3.38089	-0.0265317	39.7025	35.8117	1.10865
2668	0.00264759	0.12283	44.0902	-7.73815	3.37479	-0.0265336	39.7003	35.8148	1.10849
2669	0.00264849	0.12284	44.1006	-7.74475	3.36865	-0.0265356	39.698	35.818	1.10833
2670	0.0026494	0.122851	44.1111	-7.75133	3.36246	-0.0265375	39.6957	35.8211	1.10816
2671	0.0026503	0.122862	44.1215	-7.7579	3.35622	-0.0265394	39.6933	35.8242	1.108
2672	0.0026512	0.122872	44.1319	-7.76446	3.34994	-0.0265412	39.6908	35.8273	1.10784
2673	0.00265211	0.122883	44.1423	-7.77101	3.34361	-0.0265431	39.6883	35.8305	1.10767
2674	0.00265301	0.122894	44.1526	-7.77755	3.33725	-0.0265449	39.6858	35.8336	1.1075
2675	0.00265391	0.122904	44.163	-7.78407	3.33084	-0.0265467	39.6832	35.8367	1.10734
2676	0.00265482	0.122915	44.1733	-7.79058	3.3244	-0.0265485	39.6805	35.8397	1.10717
2677	0.00265572	0.122925	44.1836	-7.79708	3.31793	-0.0265503	39.6779	35.8428	1.107
2678	0.00265662	0.122936	44.1938	-7.80356	3.31143	-0.026552	39.6752	35.8459	1.10683
2679	0.00265752	0.122947	44.2041	-7.81004	3.3049	-0.0265538	39.6724	35.849	1.10665
2680	0.00265843	0.122957	44.2143	-7.8165	3.29833	-0.0265555	39.6696	35.852	1.10648
2681	0.00265933	0.122968	44.2245	-7.82295	3.29174	-0.0265572	39.6668	35.8551	1.10631
2682	0.00266023	0.122978	44.2347	-7.82938	3.28511	-0.0265589	39.6639	35.8581	1.10613
2683	0.00266114	0.122988	44.2449	-7.83581	3.27846	-0.0265605	39.661	35.8612	1.10596
2684	0.00266204	0.122999	44.2551	-7.84222	3.27177	-0.0265622	39.6581	35.8642	1.10578
2685	0.00266294	0.123009	44.2652	-7.84862	3.26506	-0.0265638	39.6551	35.8672	1.10561
2686	0.00266384	0.12302	44.2753	-7.85501	3.25831	-0.0265654	39.652	35.8702	1.10543
2687	0.00266475	0.12303	44.2854	-7.86139	3.25153	-0.026567	39.649	35.8732	1.10525
2688	0.00266565	0.12304	44.2955	-7.86775	3.24471	-0.0265686	39.6459	35.8763	1.10507
2689	0.00266655	0.12305	44.3055	-7.8741	3.23786	-0.0265702	39.6427	35.8793	1.10489
2690	0.00266745	0.123061	44.3156	-7.88044	3.23097	-0.0265718	39.6395	35.8822	1.10471
2691	0.00266835	0.123071	44.3256	-7.88677	3.22404	-0.0265733	39.6363	35.8852	1.10453
2692	0.00266926	0.123081	44.3356	-7.89309	3.21705	-0.0265748	39.633	35.8882	1.10435
2693	0.00267016	0.123091	44.3455	-7.89939	3.21002	-0.0265763	39.6296	35.8912	1.10416
2694	0.00267106	0.123101	44.3555	-7.90568	3.20292	-0.0265778	39.6262	35.8941	1.10397
2695	0.00267196	0.123112	44.3654	-7.91196	3.19577	-0.0265793	39.6227	35.8971	1.10378
2696	0.00267286	0.123122	44.3754	-7.91823	3.18855	-0.0265808	39.6191	35.9	1.10359
2697	0.00267377	0.123132	44.3852	-7.92449	3.18126	-0.0265822	39.6154	35.903	1.1034
2698	0.00267467	0.123142	44.3951	-7.93073	3.17389	-0.0265837	39.6117	35.9059	1.10321
2699	0.00267557	0.123152	44.405	-7.93696	3.16644	-0.0265851	39.6079	35.9089	1.10301
2700	0.00267647	0.123162	44.4148	-7.94318	3.1589	-0.0265865	39.6039	35.9118	1.10281
2701	0.00267737	0.123172	44.4246	-7.94939	3.15127	-0.0265878	39.5999	35.9147	1.10261
2702	0.00267828	0.123182	44.4344	-7.95559	3.14354	-0.0265892	39.5958	35.9176	1.10241
2703	0.00267918	0.123192	44.4442	-7.96177	3.1357	-0.0265906	39.5915	35.9205	1.1022
2704	0.00268008	0.123202	44.454	-7.96795	3.12773	-0.0265919	39.5872	35.9234	1.10199
2705	0.00268098	0.123212	44.4637	-7.97411	3.11961	-0.0265932	39.5826	35.9263	1.10177
2706	0.00268188	0.123222	44.4734	-7.98026	3.11128	-0.0265945	39.5778	35.9292	1.10155
2707	0.00268278	0.123232	44.4831	-7.98639	3.10262	-0.0265957	39.5727	35.9321	1.10132
2708	0.00268368	0.123241	44.4928	-7.99252	3.09308	-0.0265969	39.5668	35.9349	1.10107
2709	0.00268459	0.123251	44.5024	-7.99863	3.08199	-0.026598	39.5592	35.9378	1.10077
2710	0.00268549	0.123261	44.5121	-8.00473	3.07161	-0.026599	39.5524	35.9407	1.10049
2711	0.00268639	0.123271	44.5217	-8.01082	3.06182	-0.0266	39.5461	35.9435	1.10023
2712	0.00268729	0.123281	44.5313	-8.0169	3.05253	-0.0266009	39.5403	35.9464	1.09998
2713	0.00268819	0.12329	44.5409	-8.02296	3.04367	-0.0266019	39.535	35.9492	1.09975
2714	0.00268909	0.1233	44.5505	-8.02902	3.03518	-0.0266028	39.53	35.952	1.09952
2715	0.00268999	0.12331	44.56	-8.03506	3.02696	-0.0266038	39.5253	35.9548	1.0993
2716	0.00269089	0.123319	44.5695	-8.04109	3.01895	-0.0266047	39.5208	35.9577	1.09909
2717	0.0026918	0.123329	44.579	-8.04711	3.01113	-0.0266056	39.5164	35.9605	1.09889
2718	0.0026927	0.123339	44.5885	-8.05311	3.00347	-0.0266065	39.5123	35.9633	1.09868
2719	0.0026936	0.123348	44.598	-8.05911	2.99597	-0.0266074	39.5082	35.9661	1.09849
2720	0.0026945	0.123358	44.6074	-8.06509	2.98949	-0.0266084	39.5052	35.9689	1.09832
2721	0.0026954	0.123367	44.6168	-8.07106	2.98443	-0.0266095	39.5036	35.9717	1.09819
2722	0.0026963	0.123377	44.6262	-8.07702	2.97947	-0.0266105	39.5021	35.9744	1.09806
2723	0.0026972	0.123386	44.6356	-8.08297	2.97444	-0.0266115	39.5005	35.9772	1.09793
2724	0.0026981	0.123396	44.645	-8.08891	2.9693	-0.0266125	39.4988	35.98	1.0978
2725	0.002699	0.123405	44.6544	-8.09483	2.96401	-0.0266135	39.4969	35.9827	1.09766
2726	0.0026999	0.123415	44.6637	-8.10074	2.95855	-0.0266146	39.4949	35.9855	1.09752
2727	0.0027008	0.123424	44.673	-8.10664	2.95287	-0.0266157	39.4926	35.9882	1.09738
2728	0.0027017	0.123434	44.6823	-8.11253	2.94695	-0.0266168	39.4901	35.991	1.09722
2729	0.00270261	0.123443	44.6916	-8.11841	2.94074	-0.0266179	39.4873	35.9937	1.09706
2730	0.00270351	0.123452	44.7008	-8.12428	2.93422	-0.0266191	39.4841	35.9964	1.09689
2731	0.00270441	0.123462	44.7101	-8.13013	2.92736	-0.0266203	39.4807	35.9992	1.09671
2732	0.00270531	0.123471	44.7193	-8.13597	2.92009	-0.0266215	39.4768	36.0019	1.09652
2733	0.00270621	0.12348	44.7285	-8.14181	2.9124	-0.0266227	39.4724	36.0046	1.09632
2734	0.00270711	0.12349	44.7376	-8.14763	2.90432	-0.0266239	39.4677	36.0073	1.0961
2735	0.00270801	0.123499	44.7468	-8.15344	2.89587	-0.0266251	39.4626	36.01	1.09588
2736	0.00270891	0.123508	44.7559	-8.15923	2.88708	-0.0266263	39.4572	36.0127	1.09565
2737	0.00270981	0.123517	44.7651	-8.16502	2.87798	-0.0266274	39.4514	36.0154	1.0954
2738	0.00271071	0.123526	44.7742	-8.17079	2.86861	-0.0266285	39.4454	36.018	1.09516
2739	0.00271161	0.123536	44.7833	-8.17656	2.859	-0.0266296	39.4391	36.0207	1.0949
2740	0.00271251	0.123545	44.7923	-8.18231	2.84919	-0.0266306	39.4326	36.0234	1.09464
2741	0.00271341	0.123554	44.8014	-8.18805	2.83921	-0.0266316	39.4259	36.026	1.09437
2742	0.00271431	0.123563	44.8104	-8.19378	2.82908	-0.0266326	39.4191	36.0287	1.0941
2743	0.00271521	0.123572	44.8194	-8.19949	2.81877	-0.0266334	39.4121	36.0313	1.09383
2744	0.00271611	0.123581	44.8284	-8.2052	2.80818	-0.0266343	39.4047	36.034	1.09354
2745	0.00271701	0.12359	44.8374	-8.21089	2.79663	-0.026635	39.3965	36.0366	1.09323
2746	0.00271791	0.123599	44.8463	-8.21658	2.78358	-0.0266355	39.3867	36.0393	1.09288
2747	0.00271881	0.123608	44.8553	-8.22225	2.77166	-0.026636	39.378	36.0419	1.09256
2748	0.00271971	0.123617	44.8642	-8.22791	2.76075	-0.0266364	39.3704	36.0445	1.09227
2749	0.00272061	0.123626	44.8731	-8.23356	2.75073	-0.0266368	39.3636	36.0471	1.092
2750	0.00272151	0.123635	44.882	-8.2392	2.74152	-0.0266372	39.3577	36.0497	1.09176
2751	0.00272241	0.123644	44.8908	-8.24483	2.73298	-0.0266376	39.3523	36.0523	1.09153
2752	0.00272331	0.123653	44.8997	-8.25044	2.72502	-0.026638	39.3476	36.0549	1.09132
2753	0.00272421	0.123662	44.9085	-8.25605	2.7176	-0.0266383	39.3434	36.0575	1.09113
2754	0.00272511	0.123671	44.9173	-8.26164	2.71068	-0.0266387	39.3397	36.0601	1.09095
2755	0.00272601	0.123679	44.9261	-8.26722	2.70422	-0.0266391	39.3365	36.0626	1.09078
2756	0.00272691	0.123688	44.9349	-8.27279	2.69818	-0.0266394	39.3336	36.0652	1.09062
2757	0.00272781	0.123697	44.9436	-8.27835	2.69447	-0.0266399	39.3331	36.0678	1.09053
2758	0.00272871	0.123706	44.9524	-8.2839	2.69145	-0.0266404	39.3333	36.0703	1.09046
2759	0.00272961	0.123715	44.9611	-8.28944	2.68862	-0.0266409	39.3336	36.0729	1.09039
2760	0.00273051	0.123723	44.9698	-8.29497	2.6859	-0.0266414	39.3341	36.0754	1.09033
2761	0.00273141	0.123732	44.9785	-8.30048	2.68324	-0.0266418	39.3346	36.078	1.09027
2762	0.00273231	0.123741	44.9871	-8.30598	2.68059	-0.0266423	39.3351	36.0805	1.0902
2763	0.00273321	0.123749	44.9958	-8.31148	2.67788	-0.0266428	39.3355	36.083	1.09014
2764	0.00273411	0.123758	45.0044	-8.31696	2.67507	-0.0266434	39.3358	36.0856	1.09007
2765	0.00273501	0.123767	45.013	-8.32243	2.67208	-0.026644	39.336	36.0881	1.09
2766	0.00273591	0.123775	45.0216	-8.32789	2.66886	-0.0266446	39.3359	36.0906	1.08992
2767	0.00273681	0.123784	45.0301	-8.33333	2.66539	-0.0266452	39.3356	36.0931	1.08984
2768	0.00273771	0.123792	45.0387	-8.33877	2.66161	-0.0266459	39.3349	36.0956	1.08974
2769	0.00273861	0.123801	45.0472	-8.34419	2.65753	-0.0266465	39.3339	36.0981	1.08964
2770	0.00273951	0.123809	45.0557	-8.34961	2.65308	-0.0266472	39.3326	36.1006	1.08953
2771	0.00274041	0.123818	45.0642	-8.35501	2.64827	-0.0266479	39.3309	36.103	1.08941
2772	0.00274131	0.123826	45.0727	-8.3604	2.64313	-0.0266486	39.3288	36.1055	1.08927
2773	0.00274221	0.123835	45.0812	-8.36578	2.63769	-0.0266493	39.3264	36.108	1.08913
2774	0.00274311	0.123843	45.0896	-8.37115	2.63199	-0.0266499	39.3238	36.1104	1.08899
2775	0.00274401	0.123852	45.0981	-8.37651	2.62609	-0.0266505	39.321	36.1129	1.08883
2776	0.00274491	0.12386	45.1065	-8.38186	2.62003	-0.0266511	39.318	36.1153	1.08868
2777	0.00274581	0.123868	45.1148	-8.38719	2.61389	-0.0266517	39.3149	36.1178	1.08852
2778	0.00274671	0.123877	45.1232	-8.39252	2.60771	-0.0266523	39.3118	36.1202	1.08836
2779	0.00274761	0.123885	45.1316	-8.39783	2.60154	-0.0266528	39.3086	36.1227	1.0882
2780	0.00274851	0.123894	45.1399	-8.40313	2.59544	-0.0266533	39.3056	36.1251	1.08804
2781	0.0027494	0.123902	45.1482	-8.40842	2.58946	-0.0266538	39.3026	36.1275	1.08789
2782	0.0027503	0.12391	45.1565	-8.4137	2.58365	-0.0266542	39.2998	36.1299	1.08774
2783	0.0027512	0.123918	45.1648	-8.41897	2.57808	-0.0266546	39.2972	36.1323	1.08759
2784	0.0027521	0.123927	45.173	-8.42422	2.5728	-0.026655	39.295	36.1347	1.08746
2785	0.002753	0.123935	45.1813	-8.42946	2.56786	-0.0266554	39.293	36.1371	1.08733
2786	0.0027539	0.123943	45.1895	-8.43469	2.56331	-0.0266557	39.2915	36.1395	1.08722
2787	0.0027548	0.123951	45.1977	-8.43991	2.55919	-0.0266561	39.2903	36.1419	1.08711
2788	0.0027557	0.123959	45.2059	-8.44512	2.55554	-0.0266564	39.2896	36.1443	1.08702
2789	0.0027566	0.123967	45.214	-8.45031	2.55237	-0.0266567	39.2894	36.1467	1.08695
2790	0.0027575	0.123976	45.2222	-8.4555	2.54968	-0.026657	39.2897	36.149	1.08688
2791	0.0027584	0.123984	45.2303	-8.46067	2.54745	-0.0266574	39.2904	36.1514	1.08683
2792	0.0027593	0.123992	45.2384	-8.46582	2.54564	-0.0266577	39.2916	36.1537	1.08679
2793	0.0027602	0.124	45.2465	-8.47097	2.54422	-0.0266579	39.2931	36.1561	1.08676
2794	0.0027611	0.124008	45.2546	-8.4761	2.54312	-0.0266582	39.2949	36.1584	1.08674
2795	0.002762	0.124016	45.2626	-8.48123	2.54231	-0.0266585	39.297	36.1607	1.08673
2796	0.0027629	0.124024	45.2706	-8.48633	2.54172	-0.0266588	39.2993	36.1631	1.08673
2797	0.0027638	0.124032	45.2786	-8.49143	2.54132	-0.0266591	39.3018	36.1654	1.08673
2798	0.0027647	0.12404	45.2866	-8.49651	2.54105	-0.0266594	39.3045	36.1677	1.08673
2799	0.0027656	0.124048	45.2946	-8.50159	2.54086	-0.0266596	39.3072	36.17	1.08673
2800	0.0027665	0.124056	45.3025	-8.50664	2.54072	-0.0266599	39.3099	36.1723	1.08674
2801	0.0027674	0.124063	45.3104	-8.51169	2.54059	-0.0266602	39.3127	36.1746	1.08675
2802	0.0027683	0.124071	45.3183	-8.51672	2.54043	-0.0266605	39.3154	36.1769	1.08675
2803	0.00276919	0.124079	45.3262	-8.52174	2.54023	-0.0266608	39.318	36.1792	1.08676
2804	0.00277009	0.124087	45.3341	-8.52675	2.53996	-0.0266611	39.3206	36.1815	1.08676
2805	0.00277099	0.124095	45.3419	-8.53175	2.5396	-0.0266614	39.3231	36.1837	1.08676
2806	0.00277189	0.124102	45.3497	-8.53673	2.53914	-0.0266617	39.3255	36.186	1.08676
2807	0.00277279	0.12411	45.3575	-8.5417	2.53859	-0.026662	39.3278	36.1883	1.08675
2808	0.00277369	0.124118	45.3653	-8.54666	2.53794	-0.0266623	39.3299	36.1905	1.08675
2809	0.00277459	0.124126	45.3731	-8.5516	2.5372	-0.0266626	39.332	36.1928	1.08674
2810	0.00277549	0.124133	45.3808	-8.55653	2.53638	-0.026663	39.334	36.195	1.08672
2811	0.00277639	0.124141	45.3885	-8.56145	2.53549	-0.0266633	39.3359	36.1972	1.08671
2812	0.00277729	0.124149	45.3962	-8.56636	2.53456	-0.0266637	39.3377	36.1995	1.08669
2813	0.00277819	0.124156	45.4039	-8.57125	2.5336	-0.026664	39.3396	36.2017	1.08668
2814	0.00277909	0.124164	45.4115	-8.57613	2.53263	-0.0266644	39.3414	36.2039	1.08666
2815	0.00277999	0.124171	45.4192	-8.58099	2.53169	-0.0266647	39.3432	36.2061	1.08665
2816	0.00278089	0.124179	45.4268	-8.58584	2.5308	-0.0266651	39.3451	36.2083	1.08663
2817	0.00278179	0.124186	45.4344	-8.59068	2.52998	-0.0266655	39.347	36.2105	1.08662
2818	0.00278269	0.124194	45.4419	-8.5955	2.52926	-0.0266658	39.349	36.2127	1.08661
2819	0.00278359	0.124201	45.4495	-8.60032	2.52865	-0.0266662	39.3511	36.2148	1.0866
2820	0.00278449	0.124209	45.457	-8.60511	2.52818	-0.0266665	39.3534	36.217	1.0866
2821	0.00278539	0.124216	45.4645	-8.60989	2.52785	-0.0266669	39.3558	36.2192	1.0866
2822	0.00278629	0.124224	45.472	-8.61466	2.52767	-0.0266672	39.3583	36.2213	1.08661
2823	0.00278719	0.124231	45.4794	-8.61942	2.52765	-0.0266676	39.361	36.2235	1.08662
2824	0.00278809	0.124238	45.4869	-8.62416	2.52779	-0.0266679	39.3638	36.2256	1.08663
2825	0.00278899	0.124246	45.4943	-8.62888	2.52808	-0.0266683	39.3668	36.2278	1.08665
2826	0.00278989	0.124253	45.5017	-8.6336	2.52851	-0.0266686	39.3699	36.2299	1.08667
2827	0.00279079	0.12426	45.509	-8.63829	2.52908	-0.0266689	39.3731	36.232	1.08669
2828	0.00279169	0.124268	45.5164	-8.64298	2.52977	-0.0266693	39.3765	36.2341	1.08672
2829	0.00279259	0.124275	45.5237	-8.64764	2.53058	-0.0266696	39.3799	36.2362	1.08676
2830	0.00279349	0.124282	45.531	-8.6523	2.53147	-0.0266699	39.3835	36.2383	1.08679
2831	0.00279439	0.124289	45.5382	-8.65694	2.53244	-0.0266703	39.3871	36.2404	1.08683
2832	0.00279528	0.124296	45.5455	-8.66156	2.53347	-0.0266706	39.3907	36.2425	1.08686
2833	0.00279618	0.124303	45.5527	-8.66617	2.53455	-0.0266709	39.3944	36.2446	1.0869
2834	0.00279708	0.124311	45.5599	-8.67076	2.53567	-0.0266712	39.3981	36.2467	1.08694
2835	0.00279798	0.124318	45.5671	-8.67534	2.53681	-0.0266716	39.4019	36.2487	1.08699
2836	0.00279888	0.124325	45.5742	-8.6799	2.53796	-0.0266719	39.4056	36.2508	1.08703
2837	0.00279978	0.124332	45.5814	-8.68445	2.53911	-0.0266723	39.4093	36.2529	1.08707
2838	0.00280068	0.124339	45.5885	-8.68899	2.54025	-0.0266726	39.4131	36.2549	1.08711
2839	0.00280158	0.124346	45.5955	-8.6935	2.54139	-0.026673	39.4168	36.2569	1.08715
2840	0.00280248	0.124353	45.6026	-8.69801	2.54252	-0.0266733	39.4204	36.259	1.08719
2841	0.00280338	0.12436	45.6096	-8.7025	2.54363	-0.0266737	39.4241	36.261	1.08723
2842	0.00280428	0.124367	45.6166	-8.70697	2.54473	-0.0266741	39.4277	36.263	1.08727
2843	0.00280518	0.124373	45.6236	-8.71142	2.54582	-0.0266744	39.4313	36.265	1.08731
2844	0.00280608	0.12438	45.6306	-8.71587	2.5469	-0.0266748	39.4349	36.267	1.08735
2845	0.00280698	0.124387	45.6375	-8.72029	2.54798	-0.0266752	39.4385	36.269	1.08739
2846	0.00280788	0.124394	45.6444	-8.7247	2.54906	-0.0266756	39.4421	36.271	1.08743
2847	0.00280878	0.124401	45.6513	-8.7291	2.55015	-0.026676	39.4457	36.273	1.08747
2848	0.00280968	0.124407	45.6581	-8.73348	2.55125	-0.0266764	39.4492	36.2749	1.08751
2849	0.00281058	0.124414	45.665	-8.73784	2.55238	-0.0266769	39.4528	36.2769	1.08755
2850	0.00281148	0.124421	45.6718	-8.74219	2.55354	-0.0266773	39.4565	36.2788	1.08759
2851	0.00281238	0.124428	45.6786	-8.74652	2.55473	-0.0266777	39.4601	36.2808	1.08763
2852	0.00281328	0.124434	45.6853	-8.75083	2.55596	-0.0266781	39.4638	36.2827	1.08767
2853	0.00281418	0.124441	45.692	-8.75513	2.55724	-0.0266786	39.4675	36.2847	1.08772
2854	0.00281508	0.124447	45.6988	-8.75942	2.55858	-0.026679	39.4712	36.2866	1.08776
2855	0.00281598	0.124454	45.7054	-8.76368	2.55997	-0.0266795	39.475	36.2885	1.08781
2856	0.00281688	0.124461	45.7121	-8.76793	2.56142	-0.0266799	39.4789	36.2904	1.08786
2857	0.00281778	0.124467	45.7187	-8.77217	2.56293	-0.0266804	39.4828	36.2923	1.08791
2858	0.00281868	0.124474	45.7253	-8.77638	2.5645	-0.0266808	39.4867	36.2942	1.08796
2859	0.00281958	0.12448	45.7319	-8.78058	2.56613	-0.0266813	39.4908	36.2961	1.08802
2860	0.00282048	0.124486	45.7384	-8.78477	2.56783	-0.0266817	39.4948	36.298	1.08807
2861	0.00282138	0.124493	45.745	-8.78894	2.56959	-0.0266822	39.4989	36.2998	1.08813
2862	0.00282228	0.124499	45.7515	-8.79309	2.5714	-0.0266827	39.5031	36.3017	1.08819
2863	0.00282318	0.124506	45.7579	-8.79722	2.57327	-0.0266831	39.5073	36.3035	1.08825
2864	0.00282408	0.124512	45.7644	-8.80134	2.57519	-0.0266836	39.5115	36.3054	1.08831
2865	0.00282498	0.124518	45.7708	-8.80544	2.57716	-0.0266841	39.5158	36.3072	1.08837
2866	0.00282588	0.124524	45.7772	-8.80952	2.57917	-0.0266846	39.5201	36.3091	1.08844
2867	0.00282678	0.124531	45.7835	-8.81358	2.58123	-0.0266851	39.5245	36.3109	1.0885
2868	0.00282768	0.124537	45.7899	-8.81763	2.58332	-0.0266856	39.5289	36.3127	1.08857
2869	0.00282858	0.124543	45.7962	-8.82166	2.58544	-0.0266861	39.5333	36.3145	1.08864
2870	0.00282948	0.124549	45.8024	-8.82568	2.5876	-0.0266866	39.5377	36.3163	1.0887
2871	0.00283038	0.124555	45.8087	-8.82967	2.58978	-0.0266871	39.5421	36.3181	1.08877
2872	0.00283128	0.124562	45.8149	-8.83365	2.59198	-0.0266876	39.5466	36.3199	1.08884
2873	0.00283218	0.124568	45.8211	-8.83761	2.59421	-0.0266881	39.551	36.3216	1.08891
2874	0.00283308	0.124574	45.8273	-8.84155	2.59646	-0.0266887	39.5555	36.3234	1.08898
2875	0.00283398	0.12458	45.8334	-8.84548	2.59872	-0.0266892	39.56	36.3252	1.08905
2876	0.00283488	0.124586	45.8395	-8.84939	2.60101	-0.0266897	39.5645	36.3269	1.08912
2877	0.00283578	0.124592	45.8456	-8.85328	2.60331	-0.0266903	39.569	36.3286	1.08919
2878	0.00283668	0.124598	45.8517	-8.85715	2.60563	-0.0266909	39.5735	36.3304	1.08927
2879	0.00283758	0.124603	45.8577	-8.86101	2.60797	-0.0266914	39.578	36.3321	1.08934
2880	0.00283848	0.124609	45.8637	-8.86484	2.61032	-0.026692	39.5825	36.3338	1.08941
2881	0.00283938	0.124615	45.8697	-8.86866	2.61269	-0.0266926	39.587	36.3355	1.08949
2882	0.00284028	0.124621	45.8756	-8.87246	2.61509	-0.0266932	39.5916	36.3372	1.08956
2883	0.00284118	0.124627	45.8815	-8.87624	2.6175	-0.0266938	39.5961	36.3389	1.08963
2884	0.00284208	0.124633	45.8874	-8.88001	2.61994	-0.0266944	39.6007	36.3406	1.08971
2885	0.00284298	0.124638	45.8933	-8.88375	2.62239	-0.026695	39.6052	36.3423	1.08978
2886	0.00284388	0.124644	45.8991	-8.88748	2.62487	-0.0266956	39.6098	36.3439	1.08986
2887	0.00284478	0.12465	45.9049	-8.89119	2.62738	-0.0266962	39.6144	36.3456	1.08994
2888	0.00284568	0.124655	45.9107	-8.89488	2.62991	-0.0266969	39.619	36.3472	1.09001
2889	0.00284658	0.124661	45.9164	-8.89855	2.63246	-0.0266975	39.6236	36.3489	1.09009
2890	0.00284749	0.124667	45.9221	-8.90221	2.63505	-0.0266981	39.6283	36.3505	1.09017
2891	0.00284839	0.124672	45.9278	-8.90584	2.63766	-0.0266988	39.6329	36.3521	1.09025
2892	0.00284929	0.124678	45.9335	-8.90946	2.64029	-0.0266994	39.6376	36.3537	1.09033
2893	0.00285019	0.124683	45.9391	-8.91306	2.64295	-0.0267001	39.6423	36.3553	1.09041
2894	0.00285109	0.124689	45.9447	-8.91663	2.64564	-0.0267008	39.647	36.3569	1.09049
2895	0.00285199	0.124694	45.9502	-8.92019	2.64835	-0.0267014	39.6517	36.3585	1.09058
2896	0.00285289	0.124699	45.9558	-8.92374	2.65108	-0.0267021	39.6564	36.3601	1.09066
2897	0.00285379	0.124705	45.9613	-8.92726	2.65384	-0.0267028	39.6612	36.3617	1.09074
2898	0.00285469	0.12471	45.9668	-8.93076	2.65662	-0.0267035	39.6659	36.3632	1.09083
2899	0.00285559	0.124716	45.9722	-8.93425	2.65941	-0.0267042	39.6707	36.3648	1.09091
2900	0.00285649	0.124721	45.9776	-8.93772	2.66222	-0.0267049	39.6754	36.3663	1.09099
2901	0.00285739	0.124726	45.983	-8.94117	2.66505	-0.0267056	39.6802	36.3678	1.09108
2902	0.00285829	0.124731	45.9884	-8.94459	2.66789	-0.0267063	39.685	36.3694	1.09116
2903	0.00285919	0.124737	45.9937	-8.94801	2.67074	-0.0267071	39.6897	36.3709	1.09125
2904	0.00286009	0.124742	45.999	-8.9514	2.6736	-0.0267078	39.6945	36.3724	1.09134
2905	0.00286099	0.124747	46.0043	-8.95477	2.67646	-0.0267085	39.6993	36.3739	1.09142
2906	0.00286189	0.124752	46.0095	-8.95812	2.67933	-0.0267093	39.704	36.3754	1.09151
2907	0.00286279	0.124757	46.0147	-8.96146	2.6822	-0.02671	39.7087	36.3769	1.09159
2908	0.0028637	0.124762	46.0199	-8.96477	2.68506	-0.0267108	39.7135	36.3783	1.09168
2909	0.0028646	0.124767	46.0251	-8.96807	2.68793	-0.0267116	39.7182	36.3798	1.09176
2910	0.0028655	0.124772	46.0302	-8.97135	2.69079	-0.0267123	39.7229	36.3813	1.09185
2911	0.0028664	0.124777	46.0353	-8.97461	2.69365	-0.0267131	39.7276	36.3827	1.09194
2912	0.0028673	0.124782	46.0403	-8.97785	2.6965	-0.0267139	39.7323	36.3842	1.09202
2913	0.0028682	0.124787	46.0454	-8.98107	2.69934	-0.0267147	39.7369	36.3856	1.09211
2914	0.0028691	0.124792	46.0504	-8.98427	2.70217	-0.0267155	39.7415	36.387	1.09219
2915	0.00287	0.124797	46.0553	-8.98745	2.705	-0.0267163	39.7462	36.3884	1.09227
2916	0.0028709	0.124801	46.0603	-8.99062	2.70781	-0.0267171	39.7507	36.3898	1.09236
2917	0.0028718	0.124806	46.0652	-8.99376	2.71062	-0.0267179	39.7553	36.3912	1.09244
2918	0.0028727	0.124811	46.0701	-8.99689	2.71341	-0.0267188	39.7599	36.3926	1.09253
2919	0.0028736	0.124816	46.0749	-9	2.71619	-0.0267196	39.7644	36.394	1.09261
2920	0.0028745	0.12482	46.0797	-9.00308	2.71896	-0.0267204	39.7689	36.3954	1.09269
2921	0.00287541	0.124825	46.0845	-9.00615	2.72172	-0.0267213	39.7734	36.3967	1.09277
2922	0.00287631	0.12483	46.0893	-9.0092	2.72447	-0.0267222	39.7778	36.3981	1.09286
2923	0.00287721	0.124834	46.094	-9.01223	2.7272	-0.026723	39.7823	36.3994	1.09294
2924	0.00287811	0.124839	46.0987	-9.01525	2.72992	-0.0267239	39.7867	36.4008	1.09302
2925	0.00287901	0.124844	46.1034	-9.01824	2.73262	-0.0267248	39.7911	36.4021	1.0931
2926	0.00287991	0.124848	46.1081	-9.02121	2.73531	-0.0267256	39.7954	36.4034	1.09318
2927	0.00288081	0.124853	46.1127	-9.02417	2.73798	-0.0267265	39.7998	36.4047	1.09326
2928	0.00288171	0.124857	46.1173	-9.02711	2.74063	-0.0267274	39.8041	36.406	1.09334
2929	0.00288261	0.124861	46.1218	-9.03003	2.74327	-0.0267283	39.8083	36.4073	1.09342
2930	0.00288351	0.124866	46.1263	-9.03293	2.74589	-0.0267292	39.8126	36.4086	1.09349
2931	0.00288442	0.12487	46.1308	-9.03581	2.74849	-0.0267301	39.8168	36.4099	1.09357
2932	0.00288532	0.124875	46.1353	-9.03867	2.75106	-0.0267311	39.821	36.4111	1.09365
2933	0.00288622	0.124879	46.1397	-9.04151	2.75362	-0.026732	39.8251	36.4124	1.09372
2934	0.00288712	0.124883	46.1442	-9.04434	2.75615	-0.0267329	39.8292	36.4137	1.0938
2935	0.00288802	0.124887	46.1485	-9.04715	2.75866	-0.0267339	39.8333	36.4149	1.09387
2936	0.00288892	0.124892	46.1529	-9.04994	2.76114	-0.0267348	39.8374	36.4161	1.09395
2937	0.00288982	0.124896	46.1572	-9.05271	2.7636	-0.0267357	39.8414	36.4174	1.09402
2938	0.00289072	0.1249	46.1615	-9.05546	2.76603	-0.0267367	39.8454	36.4186	1.09409
2939	0.00289162	0.124904	46.1658	-9.05819	2.76844	-0.0267376	39.8493	36.4198	1.09417
2940	0.00289252	0.124908	46.17	-9.06091	2.77082	-0.0267386	39.8532	36.421	1.09424
2941	0.00289343	0.124912	46.1742	-9.06361	2.77317	-0.0267396	39.8571	36.4222	1.09431
2942	0.00289433	0.124917	46.1784	-9.06629	2.77549	-0.0267405	39.8609	36.4234	1.09438
2943	0.00289523	0.124921	46.1826	-9.06895	2.77778	-0.0267415	39.8647	36.4245	1.09445
2944	0.00289613	0.124925	46.1867	-9.07159	2.78005	-0.0267425	39.8684	36.4257	1.09451
2945	0.00289703	0.124929	46.1908	-9.07422	2.78229	-0.0267435	39.8721	36.4269	1.09458
2946	0.00289793	0.124932	46.1949	-9.07682	2.7845	-0.0267444	39.8758	36.428	1.09465
2947	0.00289883	0.124936	46.1989	-9.07941	2.78669	-0.0267454	39.8794	36.4292	1.09471
2948	0.00289973	0.12494	46.2029	-9.08199	2.78884	-0.0267464	39.883	36.4303	1.09478
2949	0.00290064	0.124944	46.2069	-9.08454	2.79097	-0.0267474	39.8866	36.4314	1.09484
2950	0.00290154	0.124948	46.2109	-9.08707	2.79308	-0.0267484	39.8901	36.4326	1.0949
2951	0.00290244	0.124952	46.2148	-9.08959	2.79516	-0.0267494	39.8936	36.4337	1.09497
2952	0.00290334	0.124956	46.2187	-9.09209	2.79721	-0.0267504	39.8971	36.4348	1.09503
2953	0.00290424	0.124959	46.2226	-9.09457	2.79924	-0.0267514	39.9005	36.4359	1.09509
2954	0.00290514	0.124963	46.2264	-9.09704	2.80124	-0.0267524	39.9039	36.437	1.09515
2955	0.00290604	0.124967	46.2302	-9.09949	2.80322	-0.0267534	39.9072	36.438	1.09521
2956	0.00290694	0.124971	46.234	-9.10191	2.80517	-0.0267544	39.9105	36.4391	1.09527
2957	0.00290785	0.124974	46.2378	-9.10433	2.8071	-0.0267554	39.9138	36.4402	1.09532
2958	0.00290875	0.124978	46.2415	-9.10672	2.809	-0.0267565	39.917	36.4412	1.09538
2959	0.00290965	0.124981	46.2452	-9.10909	2.81088	-0.0267575	39.9202	36.4423	1.09544
2960	0.00291055	0.124985	46.2489	-9.11145	2.81274	-0.0267585	39.9234	36.4433	1.09549
2961	0.00291145	0.124989	46.2525	-9.11379	2.81457	-0.0267595	39.9266	36.4444	1.09555
2962	0.00291235	0.124992	46.2562	-9.11611	2.81637	-0.0267606	39.9297	36.4454	1.0956
2963	0.00291325	0.124996	46.2598	-9.11842	2.81815	-0.0267616	39.9327	36.4464	1.09566
2964	0.00291416	0.124999	46.2633	-9.12071	2.81991	-0.0267626	39.9358	36.4474	1.09571
2965	0.00291506	0.125002	46.2669	-9.12298	2.82164	-0.0267637	39.9388	36.4484	1.09576
2966	0.00291596	0.125006	46.2704	-9.12523	2.82335	-0.0267647	39.9417	36.4494	1.09581
2967	0.00291686	0.125009	46.2739	-9.12746	2.82503	-0.0267658	39.9447	36.4504	1.09586
2968	0.00291776	0.125013	46.2773	-9.12968	2.82669	-0.0267668	39.9476	36.4514	1.09591
2969	0.00291866	0.125016	46.2808	-9.13188	2.82833	-0.0267679	39.9504	36.4523	1.09596
2970	0.00291956	0.125019	46.2842	-9.13407	2.82994	-0.0267689	39.9533	36.4533	1.09601
2971	0.00292046	0.125022	46.2875	-9.13623	2.83152	-0.02677	39.9561	36.4543	1.09606
2972	0.00292137	0.125026	46.2909	-9.13838	2.83309	-0.026771	39.9588	36.4552	1.09611
2973	0.00292227	0.125029	46.2942	-9.14051	2.83462	-0.0267721	39.9616	36.4561	1.09615
2974	0.00292317	0.125032	46.2975	-9.14263	2.83614	-0.0267731	39.9643	36.4571	1.0962
2975	0.00292407	0.125035	46.3008	-9.14473	2.83763	-0.0267742	39.9669	36.458	1.09625
2976	0.00292497	0.125038	46.304	-9.14681	2.8391	-0.0267753	39.9696	36.4589	1.09629
2977	0.00292587	0.125042	46.3073	-9.14888	2.84055	-0.0267763	39.9722	36.4598	1.09633
2978	0.00292678	0.125045	46.3105	-9.15093	2.84197	-0.0267774	39.9747	36.4607	1.09638
2979	0.00292768	0.125048	46.3136	-9.15296	2.84338	-0.0267785	39.9773	36.4616	1.09642
2980	0.00292858	0.125051	46.3168	-9.15498	2.84476	-0.0267796	39.9798	36.4625	1.09646
2981	0.00292948	0.125054	46.3199	-9.15698	2.84612	-0.0267807	39.9823	36.4634	1.0965
2982	0.00293038	0.125057	46.323	-9.15896	2.84745	-0.0267817	39.9847	36.4643	1.09654
2983	0.00293128	0.12506	46.3261	-9.16093	2.84877	-0.0267828	39.9871	36.4651	1.09658
2984	0.00293218	0.125063	46.3291	-9.16288	2.85006	-0.0267839	39.9895	36.466	1.09662
2985	0.00293309	0.125066	46.3321	-9.16482	2.85134	-0.026785	39.9919	36.4669	1.09666
2986	0.00293399	0.125069	46.3351	-9.16674	2.85259	-0.0267861	39.9942	36.4677	1.0967
2987	0.00293489	0.125071	46.3381	-9.16865	2.85382	-0.0267872	39.9965	36.4685	1.09674
2988	0.00293579	0.125074	46.3411	-9.17054	2.85503	-0.0267883	39.9988	36.4694	1.09678
2989	0.00293669	0.125077	46.344	-9.17242	2.85622	-0.0267894	40.001	36.4702	1.09681
2990	0.00293759	0.12508	46.3469	-9.17428	2.85739	-0.0267905	40.0032	36.471	1.09685
2991	0.00293849	0.125083	46.3498	-9.17612	2.85854	-0.0267916	40.0054	36.4718	1.09688
2992	0.0029394	0.125085	46.3526	-9.17795	2.85966	-0.0267927	40.0075	36.4726	1.09692
2993	0.0029403	0.125088	46.3554	-9.17977	2.86077	-0.0267937	40.0096	36.4734	1.09695
2994	0.0029412	0.125091	46.3582	-9.18157	2.86185	-0.0267948	40.0117	36.4742	1.09699
2995	0.0029421	0.125094	46.361	-9.18335	2.86292	-0.0267959	40.0138	36.475	1.09702
2996	0.002943	0.125096	46.3638	-9.18512	2.86396	-0.026797	40.0158	36.4758	1.09705
2997	0.0029439	0.125099	46.3665	-9.18688	2.86498	-0.0267981	40.0178	36.4766	1.09708
2998	0.00294481	0.125102	46.3692	-9.18862	2.86599	-0.0267992	40.0198	36.4773	1.09711
2999	0.00294571	0.125104	46.3719	-9.19034	2.86697	-0.0268003	40.0217	36.4781	1.09714
3000	0.00294661	0.125107	46.3746	-9.19205	2.86793	-0.0268014	40.0237	36.4788	1.09717
3001	0.00294751	0.125109	46.3772	-9.19375	2.86887	-0.0268025	40.0256	36.4796	1.0972
3002	0.00294841	0.125112	46.3799	-9.19543	2.86979	-0.0268036	40.0274	36.4803	1.09723
3003	0.00294931	0.125114	46.3825	-9.1971	2.8707	-0.0268047	40.0292	36.4811	1.09726
3004	0.00295022	0.125117	46.385	-9.19876	2.87158	-0.0268058	40.0311	36.4818	1.09729
3005	0.00295112	0.125119	46.3876	-9.2004	2.87244	-0.0268069	40.0328	36.4825	1.09732
3006	0.00295202	0.125122	46.3901	-9.20202	2.87328	-0.026808	40.0346	36.4832	1.09734
3007	0.00295292	0.125124	46.3926	-9.20364	2.87411	-0.0268091	40.0363	36.4839	1.09737
3008	0.00295382	0.125127	46.3951	-9.20524	2.87491	-0.0268101	40.038	36.4846	1.09739
3009	0.00295472	0.125129	46.3976	-9.20682	2.8757	-0.0268112	40.0397	36.4853	1.09742
3010	0.00295563	0.125131	46.4001	-9.2084	2.87647	-0.0268123	40.0413	36.486	1.09744
3011	0.00295653	0.125134	46.4025	-9.20995	2.87723	-0.0268134	40.0429	36.4867	1.09747
3012	0.00295743	0.125136	46.4049	-9.2115	2.87796	-0.0268144	40.0445	36.4874	1.09749
3013	0.00295833	0.125138	46.4073	-9.21303	2.87868	-0.0268155	40.0461	36.4881	1.09751
3014	0.00295923	0.125141	46.4097	-9.21456	2.87938	-0.0268166	40.0477	36.4887	1.09754
3015	0.00296013	0.125143	46.412	-9.21606	2.88007	-0.0268176	40.0492	36.4894	1.09756
3016	0.00296104	0.125145	46.4143	-9.21756	2.88074	-0.0268187	40.0507	36.49	1.09758
3017	0.00296194	0.125147	46.4166	-9.21904	2.88139	-0.0268198	40.0522	36.4907	1.0976
3018	0.00296284	0.12515	46.4189	-9.22051	2.88203	-0.0268208	40.0536	36.4913	1.09762
3019	0.00296374	0.125152	46.4212	-9.22197	2.88265	-0.0268219	40.0551	36.492	1.09764
3020	0.00296464	0.125154	46.4235	-9.22341	2.88326	-0.0268229	40.0565	36.4926	1.09766
3021	0.00296554	0.125156	46.4257	-9.22484	2.88386	-0.026824	40.0579	36.4932	1.09768
3022	0.00296645	0.125158	46.4279	-9.22627	2.88444	-0.026825	40.0593	36.4939	1.0977
3023	0.00296735	0.12516	46.4301	-9.22767	2.885	-0.0268261	40.0606	36.4945	1.09772
3024	0.00296825	0.125162	46.4323	-9.22907	2.88556	-0.0268271	40.0619	36.4951	1.09774
3025	0.00296915	0.125165	46.4344	-9.23046	2.8861	-0.0268282	40.0632	36.4957	1.09775
3026	0.00297005	0.125167	46.4366	-9.23183	2.88663	-0.0268292	40.0645	36.4963	1.09777
3027	0.00297096	0.125169	46.4387	-9.23319	2.88715	-0.0268302	40.0658	36.4969	1.09779
3028	0.00297186	0.125171	46.4408	-9.23454	2.88765	-0.0268313	40.0671	36.4975	1.0978
3029	0.00297276	0.125173	46.4429	-9.23588	2.88814	-0.0268323	40.0683	36.4981	1.09782
3030	0.00297366	0.125175	46.445	-9.23721	2.88863	-0.0268333	40.0695	36.4987	1.09784
3031	0.00297456	0.125177	46.447	-9.23853	2.8891	-0.0268344	40.0707	36.4992	1.09785
3032	0.00297546	0.125179	46.449	-9.23983	2.88956	-0.0268354	40.0719	36.4998	1.09787
3033	0.00297637	0.125181	46.4511	-9.24113	2.89001	-0.0268364	40.0731	36.5004	1.09788
3034	0.00297727	0.125183	46.4531	-9.24241	2.89046	-0.0268375	40.0743	36.5009	1.0979
3035	0.00297817	0.125184	46.455	-9.24369	2.89089	-0.0268385	40.0754	36.5015	1.09791
3036	0.00297907	0.125186	46.457	-9.24495	2.89131	-0.0268395	40.0765	36.502	1.09793
3037	0.00297997	0.125188	46.459	-9.2462	2.89173	-0.0268405	40.0776	36.5026	1.09794
3038	0.00298087	0.12519	46.4609	-9.24745	2.89214	-0.0268415	40.0787	36.5031	1.09795
3039	0.00298178	0.125192	46.4628	-9.24868	2.89254	-0.0268426	40.0798	36.5037	1.09797
3040	0.00298268	0.125194	46.4647	-9.2499	2.89293	-0.0268436	40.0809	36.5042	1.09798
3041	0.00298358	0.125196	46.4666	-9.25112	2.89331	-0.0268446	40.082	36.5047	1.09799
3042	0.00298448	0.125197	46.4685	-9.25232	2.89369	-0.0268456	40.083	36.5053	1.09801
3043	0.00298538	0.125199	46.4703	-9.25352	2.89405	-0.0268466	40.084	36.5058	1.09802
3044	0.00298629	0.125201	46.4722	-9.2547	2.89441	-0.0268476	40.0851	36.5063	1.09803
3045	0.00298719	0.125203	46.474	-9.25588	2.89476	-0.0268486	40.0861	36.5068	1.09804
3046	0.00298809	0.125204	46.4758	-9.25704	2.8951	-0.0268496	40.087	36.5073	1.09805
3047	0.00298899	0.125206	46.4776	-9.2582	2.89544	-0.0268506	40.088	36.5078	1.09807
3048	0.00298989	0.125208	46.4794	-9.25935	2.89576	-0.0268516	40.089	36.5083	1.09808
3049	0.00299079	0.12521	46.4812	-9.26049	2.89607	-0.0268526	40.0899	36.5088	1.09809
3050	0.0029917	0.125211	46.483	-9.26162	2.89638	-0.0268536	40.0909	36.5093	1.0981
3051	0.0029926	0.125213	46.4847	-9.26274	2.89668	-0.0268546	40.0918	36.5098	1.09811
3052	0.0029935	0.125215	46.4864	-9.26385	2.89697	-0.0268556	40.0927	36.5103	1.09812
3053	0.0029944	0.125216	46.4882	-9.26496	2.89724	-0.0268566	40.0936	36.5108	1.09813
3054	0.0029953	0.125218	46.4899	-9.26605	2.89751	-0.0268576	40.0945	36.5113	1.09814
3055	0.00299621	0.12522	46.4916	-9.26714	2.89777	-0.0268586	40.0953	36.5118	1.09815
3056	0.00299711	0.125221	46.4932	-9.26822	2.89802	-0.0268596	40.0962	36.5122	1.09816
3057	0.00299801	0.125223	46.4949	-9.26929	2.89825	-0.0268606	40.097	36.5127	1.09817
3058	0.00299891	0.125224	46.4966	-9.27036	2.89848	-0.0268615	40.0978	36.5132	1.09817
3059	0.00299981	0.125226	46.4982	-9.27141	2.89869	-0.0268625	40.0986	36.5136	1.09818
3060	0.00300071	0.125228	46.4998	-9.27246	2.8989	-0.0268635	40.0994	36.5141	1.09819
3061	0.00300162	0.125229	46.5015	-9.2735	2.89909	-0.0268645	40.1002	36.5145	1.0982
3062	0.00300252	0.125231	46.5031	-9.27454	2.89927	-0.0268654	40.1009	36.515	1.0982
3063	0.00300342	0.125232	46.5047	-9.27556	2.89943	-0.0268664	40.1017	36.5154	1.09821
3064	0.00300432	0.125234	46.5063	-9.27658	2.89959	-0.0268674	40.1024	36.5159	1.09822
3065	0.00300522	0.125235	46.5078	-9.27759	2.89973	-0.0268684	40.1031	36.5163	1.09822
3066	0.00300613	0.125237	46.5094	-9.2786	2.89986	-0.0268693	40.1038	36.5168	1.09823
3067	0.00300703	0.125238	46.5109	-9.2796	2.89997	-0.0268703	40.1044	36.5172	1.09823
3068	0.00300793	0.12524	46.5125	-9.28059	2.90007	-0.0268713	40.1051	36.5176	1.09824
3069	0.00300883	0.125241	46.514	-9.28157	2.90016	-0.0268722	40.1057	36.5181	1.09824
3070	0.00300973	0.125243	46.5155	-9.28255	2.90023	-0.0268732	40.1063	36.5185	1.09825
3071	0.00301063	0.125244	46.517	-9.28352	2.90029	-0.0268741	40.1069	36.5189	1.09825
3072	0.00301154	0.125246	46.5185	-9.28448	2.90033	-0.0268751	40.1075	36.5193	1.09825
3073	0.00301244	0.125247	46.52	-9.28544	2.90036	-0.026876	40.1081	36.5197	1.09826
3074	0.00301334	0.125248	46.5215	-9.28639	2.90037	-0.026877	40.1086	36.5202	1.09826
3075	0.00301424	0.12525	46.523	-9.28734	2.90037	-0.0268779	40.1091	36.5206	1.09826
3076	0.00301514	0.125251	46.5245	-9.28828	2.90035	-0.0268789	40.1096	36.521	1.09826
3077	0.00301604	0.125253	46.5259	-9.28921	2.90032	-0.0268798	40.1101	36.5214	1.09826
3078	0.00301695	0.125254	46.5274	-9.29014	2.90028	-0.0268808	40.1106	36.5218	1.09826
3079	0.00301785	0.125255	46.5288	-9.29107	2.90022	-0.0268817	40.1111	36.5222	1.09827
3080	0.00301875	0.125257	46.5302	-9.29198	2.90015	-0.0268827	40.1115	36.5226	1.09827
3081	0.00301965	0.125258	46.5316	-9.2929	2.90006	-0.0268836	40.1119	36.523	1.09826
3082	0.00302055	0.12526	46.533	-9.2938	2.89996	-0.0268845	40.1123	36.5234	1.09826
3083	0.00302146	0.125261	46.5344	-9.2947	2.89984	-0.0268855	40.1127	36.5238	1.09826
3084	0.00302236	0.125262	46.5358	-9.2956	2.89971	-0.0268864	40.1131	36.5242	1.09826
3085	0.00302326	0.125264	46.5372	-9.29649	2.89956	-0.0268873	40.1134	36.5246	1.09826
3086	0.00302416	0.125265	46.5386	-9.29738	2.89939	-0.0268882	40.1137	36.5249	1.09826
3087	0.00302506	0.125266	46.54	-9.29826	2.89921	-0.0268892	40.114	36.5253	1.09825
3088	0.00302596	0.125267	46.5413	-9.29913	2.89901	-0.0268901	40.1143	36.5257	1.09825
3089	0.00302687	0.125269	46.5427	-9.3	2.89879	-0.026891	40.1146	36.5261	1.09824
3090	0.00302777	0.12527	46.544	-9.30087	2.89855	-0.0268919	40.1148	36.5265	1.09824
3091	0.00302867	0.125271	46.5454	-9.30173	2.89829	-0.0268928	40.115	36.5268	1.09823
3092	0.00302957	0.125273	46.5467	-9.30259	2.898	-0.0268937	40.1152	36.5272	1.09823
3093	0.00303047	0.125274	46.548	-9.30344	2.8977	-0.0268946	40.1154	36.5276	1.09822
3094	0.00303137	0.125275	46.5494	-9.30429	2.89737	-0.0268955	40.1155	36.528	1.09821
3095	0.00303228	0.125276	46.5507	-9.30514	2.89701	-0.0268964	40.1156	36.5283	1.09821
3096	0.00303318	0.125278	46.552	-9.30598	2.89663	-0.0268973	40.1157	36.5287	1.0982
3097	0.00303408	0.125279	46.5533	-9.30682	2.89622	-0.0268982	40.1158	36.5291	1.09819
3098	0.00303498	0.12528	46.5546	-9.30765	2.89578	-0.0268991	40.1158	36.5294	1.09818
3099	0.00303588	0.125281	46.5559	-9.30848	2.89531	-0.0269	40.1158	36.5298	1.09817
3100	0.00303678	0.125283	46.5571	-9.30931	2.89481	-0.0269009	40.1157	36.5301	1.09815
3101	0.00303769	0.125284	46.5584	-9.31013	2.89428	-0.0269018	40.1157	36.5305	1.09814
3102	0.00303859	0.125285	46.5597	-9.31095	2.89372	-0.0269027	40.1156	36.5309	1.09813
3103	0.00303949	0.125286	46.561	-9.31177	2.89312	-0.0269036	40.1154	36.5312	1.09811
3104	0.00304039	0.125288	46.5622	-9.31258	2.89249	-0.0269044	40.1152	36.5316	1.0981
3105	0.00304129	0.125289	46.5635	-9.31339	2.89183	-0.0269053	40.115	36.5319	1.09808
3106	0.00304219	0.12529	46.5647	-9.3142	2.89113	-0.0269062	40.1148	36.5323	1.09806
3107	0.00304309	0.125291	46.566	-9.31501	2.8904	-0.026907	40.1145	36.5326	1.09805
3108	0.003044	0.125292	46.5672	-9.31581	2.88963	-0.0269079	40.1142	36.533	1.09803
3109	0.0030449	0.125294	46.5685	-9.31661	2.88882	-0.0269088	40.1138	36.5333	1.09801
3110	0.0030458	0.125295	46.5697	-9.31741	2.88798	-0.0269096	40.1134	36.5337	1.09798
3111	0.0030467	0.125296	46.571	-9.3182	2.88711	-0.0269104	40.113	36.534	1.09796
3112	0.0030476	0.125297	46.5722	-9.319	2.8862	-0.0269113	40.1125	36.5343	1.09794
3113	0.0030485	0.125298	46.5734	-9.31979	2.88525	-0.0269121	40.112	36.5347	1.09791
3114	0.0030494	0.125299	46.5746	-9.32058	2.88427	-0.026913	40.1114	36.535	1.09789
3115	0.00305031	0.125301	46.5759	-9.32136	2.88325	-0.0269138	40.1108	36.5354	1.09786
3116	0.00305121	0.125302	46.5771	-9.32215	2.8822	-0.0269146	40.1102	36.5357	1.09784
3117	0.00305211	0.125303	46.5783	-9.32293	2.88112	-0.0269154	40.1096	36.5361	1.09781
3118	0.00305301	0.125304	46.5795	-9.32372	2.88	-0.0269162	40.1089	36.5364	1.09778
3119	0.00305391	0.125305	46.5807	-9.3245	2.87884	-0.026917	40.1082	36.5367	1.09775
3120	0.00305481	0.125306	46.5819	-9.32528	2.87766	-0.0269178	40.1074	36.5371	1.09772
3121	0.00305571	0.125308	46.5832	-9.32605	2.87644	-0.0269186	40.1066	36.5374	1.09769
3122	0.00305661	0.125309	46.5844	-9.32683	2.87518	-0.0269194	40.1058	36.5377	1.09765
3123	0.00305752	0.12531	46.5856	-9.32761	2.87389	-0.0269202	40.1049	36.5381	1.09762
3124	0.00305842	0.125311	46.5868	-9.32838	2.87256	-0.026921	40.104	36.5384	1.09759
3125	0.00305932	0.125312	46.588	-9.32916	2.8712	-0.0269218	40.1031	36.5387	1.09755
3126	0.00306022	0.125313	46.5892	-9.32993	2.8698	-0.0269225	40.1021	36.5391	1.09751
3127	0.00306112	0.125315	46.5904	-9.3307	2.86837	-0.0269233	40.1011	36.5394	1.09748
3128	0.00306202	0.125316	46.5916	-9.33147	2.8669	-0.026924	40.1001	36.5398	1.09744
3129	0.00306292	0.125317	46.5928	-9.33225	2.86538	-0.0269248	40.099	36.5401	1.0974
3130	0.00306382	0.125318	46.594	-9.33302	2.86382	-0.0269256	40.0978	36.5404	1.09736
3131	0.00306473	0.125319	46.5952	-9.33379	2.86222	-0.0269263	40.0967	36.5408	1.09731
3132	0.00306563	0.12532	46.5964	-9.33456	2.86057	-0.026927	40.0954	36.5411	1.09727
3133	0.00306653	0.125321	46.5976	-9.33534	2.85887	-0.0269278	40.0942	36.5414	1.09723
3134	0.00306743	0.125323	46.5988	-9.33611	2.85711	-0.0269285	40.0928	36.5418	1.09718
3135	0.00306833	0.125324	46.6	-9.33688	2.8553	-0.0269292	40.0914	36.5421	1.09713
3136	0.00306923	0.125325	46.6012	-9.33765	2.85343	-0.02693	40.09	36.5424	1.09708
3137	0.00307013	0.125326	46.6024	-9.33843	2.8515	-0.0269307	40.0885	36.5428	1.09703
3138	0.00307103	0.125327	46.6036	-9.3392	2.8495	-0.0269314	40.0869	36.5431	1.09698
3139	0.00307193	0.125328	46.6048	-9.33998	2.84744	-0.0269321	40.0853	36.5434	1.09692
3140	0.00307283	0.125329	46.606	-9.34076	2.84531	-0.0269328	40.0836	36.5438	1.09687
3141	0.00307374	0.125331	46.6072	-9.34154	2.84311	-0.0269335	40.0818	36.5441	1.09681
3142	0.00307464	0.125332	46.6084	-9.34232	2.84084	-0.0269342	40.08	36.5444	1.09675
3143	0.00307554	0.125333	46.6096	-9.3431	2.8385	-0.0269348	40.0781	36.5448	1.09668
3144	0.00307644	0.125334	46.6108	-9.34388	2.83609	-0.0269355	40.0761	36.5451	1.09662
3145	0.00307734	0.125335	46.612	-9.34467	2.83359	-0.0269362	40.074	36.5454	1.09655
3146	0.00307824	0.125336	46.6132	-9.34545	2.83103	-0.0269368	40.0719	36.5458	1.09648
3147	0.00307914	0.125338	46.6145	-9.34624	2.82838	-0.0269374	40.0697	36.5461	1.09641
3148	0.00308004	0.125339	46.6157	-9.34703	2.82566	-0.0269381	40.0674	36.5465	1.09634
3149	0.00308094	0.12534	46.6169	-9.34783	2.82286	-0.0269387	40.065	36.5468	1.09627
3150	0.00308184	0.125341	46.6182	-9.34862	2.81997	-0.0269393	40.0626	36.5472	1.09619
3151	0.00308274	0.125342	46.6194	-9.34942	2.817	-0.0269399	40.06	36.5475	1.09611
3152	0.00308364	0.125343	46.6206	-9.35022	2.81392	-0.0269405	40.0574	36.5478	1.09603
3153	0.00308454	0.125345	46.6219	-9.35102	2.81073	-0.0269411	40.0546	36.5482	1.09594
3154	0.00308545	0.125346	46.6231	-9.35183	2.80738	-0.0269416	40.0517	36.5485	1.09585
3155	0.00308635	0.125347	46.6244	-9.35264	2.80379	-0.0269421	40.0486	36.5489	1.09575
3156	0.00308725	0.125348	46.6256	-9.35345	2.79966	-0.0269426	40.0449	36.5492	1.09564
3157	0.00308815	0.125349	46.6269	-9.35427	2.79354	-0.026943	40.0392	36.5496	1.09548
3158	0.00308905	0.125351	46.6282	-9.35509	2.7882	-0.0269433	40.0343	36.5499	1.09533
3159	0.00308995	0.125352	46.6294	-9.35591	2.78343	-0.0269437	40.03	36.5503	1.0952
3160	0.00309085	0.125353	46.6307	-9.35674	2.77913	-0.026944	40.0262	36.5506	1.09509
3161	0.00309175	0.125354	46.632	-9.35757	2.7752	-0.0269443	40.0227	36.551	1.09498
3162	0.00309265	0.125355	46.6333	-9.3584	2.77153	-0.0269446	40.0195	36.5514	1.09488
3163	0.00309355	0.125357	46.6346	-9.35924	2.76804	-0.0269449	40.0165	36.5517	1.09479
3164	0.00309445	0.125358	46.6359	-9.36009	2.76472	-0.0269451	40.0136	36.5521	1.0947
3165	0.00309535	0.125359	46.6372	-9.36093	2.76155	-0.0269454	40.0109	36.5524	1.09462
3166	0.00309625	0.12536	46.6385	-9.36179	2.7585	-0.0269457	40.0083	36.5528	1.09453
3167	0.00309715	0.125362	46.6399	-9.36264	2.75556	-0.026946	40.0058	36.5532	1.09446
3168	0.00309805	0.125363	46.6412	-9.36351	2.7545	-0.0269463	40.0052	36.5536	1.09443
3169	0.00309895	0.125364	46.6425	-9.36437	2.75424	-0.0269468	40.0055	36.5539	1.09442
3170	0.00309985	0.125366	46.6439	-9.36525	2.75396	-0.0269471	40.0057	36.5543	1.09442
3171	0.00310075	0.125367	46.6453	-9.36613	2.75357	-0.0269475	40.0057	36.5547	1.09441
3172	0.00310165	0.125368	46.6466	-9.36701	2.753	-0.0269478	40.0057	36.5551	1.09439
3173	0.00310255	0.125369	46.648	-9.3679	2.75221	-0.0269482	40.0054	36.5554	1.09438
3174	0.00310345	0.125371	46.6494	-9.3688	2.75116	-0.0269486	40.0048	36.5558	1.09435
3175	0.00310435	0.125372	46.6508	-9.3697	2.7498	-0.0269491	40.0039	36.5562	1.09431
3176	0.00310525	0.125373	46.6522	-9.37061	2.74811	-0.0269496	40.0027	36.5566	1.09427
3177	0.00310615	0.125375	46.6536	-9.37153	2.74605	-0.0269501	40.0012	36.557	1.09421
3178	0.00310705	0.125376	46.655	-9.37245	2.74361	-0.0269507	39.9992	36.5574	1.09415
3179	0.00310795	0.125378	46.6565	-9.37338	2.74075	-0.0269512	39.9969	36.5578	1.09407
3180	0.00310885	0.125379	46.6579	-9.37432	2.73748	-0.0269519	39.9941	36.5582	1.09399
3181	0.00310975	0.12538	46.6594	-9.37527	2.73371	-0.0269525	39.9909	36.5586	1.09388
3182	0.00311065	0.125382	46.6609	-9.37622	2.72947	-0.0269531	39.9872	36.559	1.09377
3183	0.00311155	0.125383	46.6623	-9.37718	2.72478	-0.0269536	39.983	36.5594	1.09364
3184	0.00311245	0.125384	46.6638	-9.37815	2.71966	-0.0269542	39.9784	36.5598	1.09351
3185	0.00311335	0.125386	46.6654	-9.37912	2.71417	-0.0269547	39.9734	36.5602	1.09336
3186	0.00311425	0.125387	46.6669	-9.38011	2.70833	-0.0269552	39.9681	36.5607	1.0932
3187	0.00311515	0.125389	46.6684	-9.3811	2.7022	-0.0269557	39.9625	36.5611	1.09303
3188	0.00311605	0.12539	46.67	-9.3821	2.6958	-0.0269561	39.9567	36.5615	1.09286
3189	0.00311695	0.125392	46.6715	-9.38311	2.68918	-0.0269564	39.9506	36.5619	1.09268
3190	0.00311785	0.125393	46.6731	-9.38413	2.68231	-0.0269567	39.9443	36.5624	1.0925
3191	0.00311875	0.125395	46.6747	-9.38516	2.6751	-0.026957	39.9377	36.5628	1.0923
3192	0.00311965	0.125396	46.6763	-9.3862	2.6671	-0.0269572	39.9302	36.5633	1.09209
3193	0.00312055	0.125398	46.6779	-9.38725	2.65682	-0.0269572	39.9205	36.5637	1.09181
3194	0.00312145	0.125399	46.6795	-9.38831	2.6477	-0.0269571	39.912	36.5642	1.09156
3195	0.00312235	0.125401	46.6812	-9.38938	2.6396	-0.026957	39.9045	36.5646	1.09134
3196	0.00312325	0.125403	46.6829	-9.39045	2.63238	-0.0269569	39.8978	36.5651	1.09115
3197	0.00312415	0.125404	46.6845	-9.39155	2.62594	-0.0269567	39.892	36.5655	1.09097
3198	0.00312505	0.125406	46.6863	-9.39265	2.62013	-0.0269566	39.8868	36.566	1.09082
3199	0.00312595	0.125407	46.688	-9.39376	2.61484	-0.0269564	39.8821	36.5665	1.09067
3200	0.00312685	0.125409	46.6897	-9.39488	2.61003	-0.0269562	39.8779	36.567	1.09054
3201	0.00312775	0.125411	46.6915	-9.39602	2.60567	-0.0269561	39.8742	36.5675	1.09043
3202	0.00312865	0.125412	46.6932	-9.39717	2.60172	-0.026956	39.8708	36.5679	1.09032
3203	0.00312955	0.125414	46.695	-9.39833	2.59813	-0.0269558	39.8679	36.5684	1.09023
3204	0.00313045	0.125416	46.6968	-9.3995	2.59598	-0.0269558	39.8664	36.5689	1.09017
3205	0.00313135	0.125417	46.6987	-9.40068	2.59537	-0.0269559	39.8664	36.5694	1.09016
3206	0.00313225	0.125419	46.7005	-9.40188	2.59495	-0.0269559	39.8666	36.57	1.09015
3207	0.00313314	0.125421	46.7024	-9.40309	2.59453	-0.0269559	39.8669	36.5705	1.09014
3208	0.00313404	0.125423	46.7043	-9.40431	2.59404	-0.0269559	39.867	36.571	1.09013
3209	0.00313494	0.125425	46.7062	-9.40555	2.59341	-0.0269559	39.8671	36.5715	1.09011
3210	0.00313584	0.125426	46.7081	-9.4068	2.59259	-0.0269559	39.8669	36.5721	1.09009
3211	0.00313674	0.125428	46.71	-9.40806	2.5915	-0.026956	39.8665	36.5726	1.09007
3212	0.00313764	0.12543	46.712	-9.40933	2.59009	-0.0269561	39.8658	36.5731	1.09003
3213	0.00313854	0.125432	46.714	-9.41063	2.5883	-0.0269563	39.8647	36.5737	1.08998
3214	0.00313944	0.125434	46.716	-9.41193	2.58608	-0.0269564	39.8632	36.5742	1.08993
3215	0.00314034	0.125436	46.7181	-9.41325	2.58341	-0.0269566	39.8613	36.5748	1.08986
3216	0.00314124	0.125438	46.7201	-9.41458	2.58026	-0.0269569	39.8588	36.5754	1.08977
3217	0.00314214	0.12544	46.7222	-9.41593	2.57656	-0.0269571	39.8559	36.5759	1.08967
3218	0.00314304	0.125442	46.7243	-9.41729	2.57232	-0.0269573	39.8524	36.5765	1.08956
3219	0.00314394	0.125444	46.7264	-9.41867	2.56758	-0.0269575	39.8484	36.5771	1.08944
3220	0.00314483	0.125446	46.7286	-9.42006	2.56236	-0.0269577	39.8439	36.5777	1.0893
3221	0.00314573	0.125448	46.7308	-9.42147	2.55671	-0.0269578	39.839	36.5783	1.08914
3222	0.00314663	0.12545	46.7329	-9.42289	2.55066	-0.0269579	39.8338	36.5789	1.08898
3223	0.00314753	0.125452	46.7352	-9.42433	2.54427	-0.026958	39.8282	36.5795	1.08881
3224	0.00314843	0.125454	46.7374	-9.42579	2.53759	-0.0269581	39.8223	36.5801	1.08863
3225	0.00314933	0.125456	46.7397	-9.42726	2.53065	-0.0269581	39.8161	36.5808	1.08844
3226	0.00315023	0.125458	46.742	-9.42874	2.52346	-0.026958	39.8097	36.5814	1.08825
3227	0.00315113	0.125461	46.7443	-9.43025	2.51596	-0.0269579	39.8031	36.582	1.08805
3228	0.00315203	0.125463	46.7466	-9.43177	2.50773	-0.0269578	39.7957	36.5827	1.08783
3229	0.00315293	0.125465	46.749	-9.4333	2.49711	-0.0269574	39.7859	36.5833	1.08754
3230	0.00315383	0.125467	46.7514	-9.43486	2.4877	-0.026957	39.7773	36.584	1.08729
3231	0.00315472	0.12547	46.7538	-9.43643	2.47934	-0.0269566	39.7698	36.5847	1.08706
3232	0.00315562	0.125472	46.7563	-9.43802	2.47194	-0.0269561	39.7633	36.5853	1.08686
3233	0.00315652	0.125474	46.7588	-9.43962	2.46539	-0.0269556	39.7576	36.586	1.08669
3234	0.00315742	0.125477	46.7613	-9.44124	2.45954	-0.0269551	39.7526	36.5867	1.08653
3235	0.00315832	0.125479	46.7638	-9.44288	2.4543	-0.0269546	39.7483	36.5874	1.08639
3236	0.00315922	0.125481	46.7664	-9.44454	2.44963	-0.0269541	39.7445	36.5881	1.08627
3237	0.00316012	0.125484	46.7689	-9.44622	2.44548	-0.0269536	39.7413	36.5888	1.08616
3238	0.00316102	0.125486	46.7716	-9.44791	2.44181	-0.0269531	39.7385	36.5895	1.08606
3239	0.00316192	0.125489	46.7742	-9.44962	2.43859	-0.0269527	39.7362	36.5903	1.08598
3240	0.00316281	0.125491	46.7769	-9.45135	2.43651	-0.0269523	39.7351	36.591	1.08592
3241	0.00316371	0.125494	46.7796	-9.4531	2.43633	-0.026952	39.7358	36.5917	1.08592
3242	0.00316461	0.125497	46.7823	-9.45486	2.43643	-0.0269516	39.7369	36.5925	1.08593
3243	0.00316551	0.125499	46.785	-9.45665	2.43662	-0.0269513	39.7381	36.5932	1.08594
3244	0.00316641	0.125502	46.7878	-9.45845	2.4368	-0.0269509	39.7392	36.594	1.08595
3245	0.00316731	0.125504	46.7906	-9.46027	2.43693	-0.0269505	39.7403	36.5948	1.08596
3246	0.00316821	0.125507	46.7935	-9.46211	2.43691	-0.0269502	39.7413	36.5956	1.08596
3247	0.00316911	0.12551	46.7963	-9.46397	2.4367	-0.02695	39.7421	36.5964	1.08596
3248	0.00317	0.125513	46.7992	-9.46585	2.43621	-0.0269497	39.7426	36.5972	1.08595
3249	0.0031709	0.125515	46.8022	-9.46775	2.43539	-0.0269495	39.7429	36.598	1.08593
3250	0.0031718	0.125518	46.8051	-9.46966	2.43419	-0.0269493	39.7427	36.5988	1.0859
3251	0.0031727	0.125521	46.8081	-9.4716	2.43257	-0.0269492	39.7421	36.5996	1.08586
3252	0.0031736	0.125524	46.8111	-9.47356	2.43051	-0.0269491	39.7411	36.6004	1.08581
3253	0.0031745	0.125527	46.8142	-9.47553	2.42793	-0.026949	39.7396	36.6013	1.08574
3254	0.0031754	0.12553	46.8172	-9.47753	2.42484	-0.0269489	39.7376	36.6021	1.08566
3255	0.00317629	0.125532	46.8204	-9.47954	2.42127	-0.0269488	39.7351	36.603	1.08557
3256	0.00317719	0.125535	46.8235	-9.48158	2.41724	-0.0269487	39.7322	36.6038	1.08547
3257	0.00317809	0.125538	46.8267	-9.48363	2.41281	-0.0269485	39.7289	36.6047	1.08535
3258	0.00317899	0.125541	46.8299	-9.48571	2.40802	-0.0269484	39.7252	36.6056	1.08522
3259	0.00317989	0.125544	46.8331	-9.4878	2.40292	-0.0269482	39.7213	36.6065	1.08509
3260	0.00318079	0.125548	46.8364	-9.48992	2.39757	-0.0269481	39.7171	36.6074	1.08495
3261	0.00318169	0.125551	46.8397	-9.49205	2.39203	-0.0269479	39.7127	36.6083	1.0848
3262	0.00318258	0.125554	46.843	-9.49421	2.38636	-0.0269476	39.7082	36.6092	1.08465
3263	0.00318348	0.125557	46.8463	-9.49638	2.38061	-0.0269474	39.7036	36.6101	1.0845
3264	0.00318438	0.12556	46.8497	-9.49858	2.3748	-0.0269471	39.699	36.611	1.08435
3265	0.00318528	0.125563	46.8532	-9.5008	2.36894	-0.0269468	39.6943	36.612	1.08419
3266	0.00318618	0.125567	46.8566	-9.50304	2.36299	-0.0269465	39.6896	36.6129	1.08403
3267	0.00318708	0.12557	46.8601	-9.5053	2.3567	-0.0269461	39.6845	36.6139	1.08387
3268	0.00318798	0.125573	46.8636	-9.50757	2.34808	-0.0269456	39.6772	36.6149	1.08364
3269	0.00318888	0.125577	46.8672	-9.50987	2.34076	-0.026945	39.6711	36.6158	1.08344
3270	0.00318977	0.12558	46.8707	-9.5122	2.33454	-0.0269444	39.6661	36.6168	1.08328
3271	0.00319067	0.125583	46.8743	-9.51454	2.3293	-0.0269438	39.6622	36.6178	1.08314
3272	0.00319157	0.125587	46.878	-9.5169	2.32489	-0.0269432	39.659	36.6188	1.08302
3273	0.00319247	0.12559	46.8817	-9.51928	2.32116	-0.0269426	39.6566	36.6198	1.08293
3274	0.00319337	0.125594	46.8854	-9.52169	2.31803	-0.026942	39.6548	36.6208	1.08285
3275	0.00319427	0.125597	46.8891	-9.52412	2.31545	-0.0269414	39.6535	36.6219	1.08278
3276	0.00319517	0.125601	46.8929	-9.52656	2.31337	-0.0269408	39.6528	36.6229	1.08273
3277	0.00319606	0.125604	46.8967	-9.52903	2.31174	-0.0269402	39.6525	36.6239	1.08269
3278	0.00319696	0.125608	46.9005	-9.53152	2.31226	-0.0269398	39.6543	36.625	1.08271
3279	0.00319786	0.125612	46.9044	-9.53403	2.31379	-0.0269393	39.6572	36.6261	1.08276
3280	0.00319876	0.125615	46.9083	-9.53656	2.31553	-0.0269388	39.6603	36.6271	1.08281
3281	0.00319966	0.125619	46.9122	-9.53911	2.31735	-0.0269383	39.6635	36.6282	1.08287
3282	0.00320056	0.125623	46.9162	-9.54169	2.3192	-0.0269378	39.6668	36.6293	1.08293
3283	0.00320145	0.125627	46.9202	-9.54428	2.32102	-0.0269373	39.67	36.6304	1.08298
3284	0.00320235	0.12563	46.9243	-9.5469	2.32272	-0.0269369	39.6731	36.6315	1.08303
3285	0.00320325	0.125634	46.9283	-9.54953	2.32425	-0.0269365	39.6761	36.6326	1.08308
3286	0.00320415	0.125638	46.9324	-9.55219	2.32552	-0.0269361	39.6788	36.6337	1.08312
3287	0.00320505	0.125642	46.9366	-9.55487	2.3265	-0.0269358	39.6812	36.6349	1.08315
3288	0.00320595	0.125646	46.9407	-9.55757	2.32712	-0.0269355	39.6833	36.636	1.08318
3289	0.00320685	0.12565	46.9449	-9.5603	2.32736	-0.0269353	39.685	36.6372	1.08319
3290	0.00320774	0.125654	46.9491	-9.56304	2.32719	-0.0269351	39.6864	36.6383	1.08319
3291	0.00320864	0.125658	46.9534	-9.5658	2.3266	-0.0269349	39.6873	36.6395	1.08318
3292	0.00320954	0.125662	46.9577	-9.56859	2.32553	-0.0269348	39.6877	36.6407	1.08316
3293	0.00321044	0.125666	46.962	-9.5714	2.32401	-0.0269346	39.6877	36.6419	1.08312
3294	0.00321134	0.12567	46.9664	-9.57423	2.32208	-0.0269344	39.6873	36.6431	1.08308
3295	0.00321224	0.125674	46.9708	-9.57708	2.31977	-0.0269343	39.6866	36.6443	1.08302
3296	0.00321313	0.125678	46.9752	-9.57995	2.31715	-0.0269341	39.6855	36.6455	1.08296
3297	0.00321403	0.125682	46.9797	-9.58284	2.31427	-0.0269339	39.6842	36.6467	1.08289
3298	0.00321493	0.125687	46.9842	-9.58576	2.3112	-0.0269337	39.6827	36.6479	1.08281
3299	0.00321583	0.125691	46.9887	-9.58869	2.30801	-0.0269334	39.6811	36.6492	1.08273
3300	0.00321673	0.125695	46.9933	-9.59165	2.30474	-0.0269332	39.6794	36.6504	1.08265
3301	0.00321763	0.1257	46.9978	-9.59462	2.30146	-0.0269329	39.6777	36.6517	1.08256
3302	0.00321853	0.125704	47.0025	-9.59762	2.29821	-0.0269325	39.6761	36.653	1.08248
3303	0.00321943	0.125708	47.0071	-9.60064	2.29508	-0.0269322	39.6746	36.6542	1.0824
3304	0.00322032	0.125713	47.0118	-9.60368	2.29212	-0.0269318	39.6733	36.6555	1.08233
3305	0.00322122	0.125717	47.0165	-9.60674	2.28938	-0.0269315	39.6722	36.6568	1.08226
3306	0.00322212	0.125722	47.0213	-9.60982	2.28692	-0.0269311	39.6714	36.6581	1.0822
3307	0.00322302	0.125726	47.0261	-9.61293	2.28478	-0.0269307	39.671	36.6594	1.08215
3308	0.00322392	0.125731	47.0309	-9.61605	2.283	-0.0269303	39.6709	36.6607	1.08211
3309	0.00322482	0.125735	47.0357	-9.61919	2.28159	-0.0269298	39.6712	36.6621	1.08208
3310	0.00322572	0.12574	47.0406	-9.62236	2.28058	-0.0269294	39.6719	36.6634	1.08206
3311	0.00322661	0.125744	47.0455	-9.62554	2.27995	-0.026929	39.673	36.6647	1.08205
3312	0.00322751	0.125749	47.0505	-9.62875	2.27968	-0.0269286	39.6745	36.6661	1.08205
3313	0.00322841	0.125754	47.0554	-9.63197	2.27974	-0.0269282	39.6763	36.6675	1.08206
3314	0.00322931	0.125758	47.0604	-9.63522	2.2801	-0.0269278	39.6784	36.6688	1.08207
3315	0.00323021	0.125763	47.0655	-9.63849	2.28072	-0.0269274	39.6808	36.6702	1.0821
3316	0.00323111	0.125768	47.0705	-9.64177	2.28155	-0.026927	39.6834	36.6716	1.08213
3317	0.00323201	0.125773	47.0756	-9.64508	2.28254	-0.0269266	39.6862	36.673	1.08216
3318	0.0032329	0.125777	47.0808	-9.64841	2.28366	-0.0269262	39.6891	36.6744	1.0822
3319	0.0032338	0.125782	47.0859	-9.65175	2.28486	-0.0269258	39.6921	36.6758	1.08224
3320	0.0032347	0.125787	47.0911	-9.65512	2.2861	-0.0269254	39.6952	36.6772	1.08228
3321	0.0032356	0.125792	47.0963	-9.65851	2.28734	-0.026925	39.6982	36.6786	1.08233
3322	0.0032365	0.125797	47.1016	-9.66192	2.28856	-0.0269246	39.7013	36.6801	1.08237
3323	0.0032374	0.125802	47.1069	-9.66534	2.28973	-0.0269242	39.7043	36.6815	1.08241
3324	0.0032383	0.125807	47.1122	-9.66879	2.29082	-0.0269238	39.7073	36.683	1.08244
3325	0.00323919	0.125812	47.1175	-9.67225	2.29181	-0.0269235	39.7101	36.6844	1.08248
3326	0.00324009	0.125817	47.1229	-9.67574	2.2927	-0.0269231	39.7129	36.6859	1.08251
3327	0.00324099	0.125822	47.1283	-9.67924	2.29347	-0.0269228	39.7156	36.6874	1.08254
3328	0.00324189	0.125827	47.1337	-9.68277	2.29412	-0.0269225	39.7181	36.6889	1.08257
3329	0.00324279	0.125832	47.1392	-9.68631	2.29466	-0.0269221	39.7206	36.6904	1.08259
3330	0.00324369	0.125837	47.1447	-9.68987	2.29509	-0.0269218	39.723	36.6919	1.08261
3331	0.00324459	0.125842	47.1502	-9.69345	2.29543	-0.0269215	39.7252	36.6934	1.08263
3332	0.00324548	0.125848	47.1557	-9.69706	2.29568	-0.0269213	39.7274	36.6949	1.08264
3333	0.00324638	0.125853	47.1613	-9.70068	2.29587	-0.026921	39.7296	36.6964	1.08266
3334	0.00324728	0.125858	47.1669	-9.70431	2.29601	-0.0269207	39.7317	36.6979	1.08267
3335	0.00324818	0.125863	47.1725	-9.70797	2.29613	-0.0269205	39.7338	36.6995	1.08268
3336	0.00324908	0.125869	47.1782	-9.71165	2.29625	-0.0269202	39.7359	36.701	1.08269
3337	0.00324998	0.125874	47.1839	-9.71534	2.2964	-0.02692	39.738	36.7026	1.0827
3338	0.00325088	0.125879	47.1896	-9.71905	2.2966	-0.0269197	39.7402	36.7041	1.08272
3339	0.00325178	0.125885	47.1954	-9.72278	2.29688	-0.0269195	39.7425	36.7057	1.08273
3340	0.00325268	0.12589	47.2011	-9.72653	2.29725	-0.0269193	39.7449	36.7073	1.08275
3341	0.00325357	0.125896	47.2069	-9.7303	2.29773	-0.026919	39.7474	36.7088	1.08278
3342	0.00325447	0.125901	47.2128	-9.73408	2.29833	-0.0269188	39.7501	36.7104	1.0828
3343	0.00325537	0.125907	47.2186	-9.73789	2.29907	-0.0269185	39.7529	36.712	1.08283
3344	0.00325627	0.125912	47.2245	-9.74171	2.29994	-0.0269183	39.7558	36.7136	1.08286
3345	0.00325717	0.125918	47.2304	-9.74554	2.30096	-0.0269181	39.7589	36.7153	1.0829
3346	0.00325807	0.125923	47.2364	-9.7494	2.30211	-0.0269178	39.7621	36.7169	1.08294
3347	0.00325897	0.125929	47.2423	-9.75327	2.3034	-0.0269175	39.7655	36.7185	1.08298
3348	0.00325987	0.125934	47.2483	-9.75716	2.30481	-0.0269173	39.769	36.7201	1.08303
3349	0.00326076	0.12594	47.2543	-9.76107	2.30633	-0.026917	39.7727	36.7218	1.08308
3350	0.00326166	0.125946	47.2604	-9.76499	2.30795	-0.0269168	39.7764	36.7234	1.08313
3351	0.00326256	0.125951	47.2664	-9.76893	2.30966	-0.0269165	39.7802	36.7251	1.08319
3352	0.00326346	0.125957	47.2725	-9.77289	2.31144	-0.0269162	39.7842	36.7267	1.08325
3353	0.00326436	0.125963	47.2786	-9.77686	2.31327	-0.026916	39.7881	36.7284	1.08331
3354	0.00326526	0.125968	47.2848	-9.78085	2.31515	-0.0269157	39.7922	36.7301	1.08337
3355	0.00326616	0.125974	47.2909	-9.78485	2.31705	-0.0269155	39.7962	36.7317	1.08343
3356	0.00326706	0.12598	47.2971	-9.78887	2.31897	-0.0269152	39.8003	36.7334	1.08349
3357	0.00326796	0.125986	47.3033	-9.79291	2.3209	-0.026915	39.8044	36.7351	1.08355
3358	0.00326885	0.125991	47.3096	-9.79697	2.32282	-0.0269147	39.8085	36.7368	1.08361
3359	0.00326975	0.125997	47.3159	-9.80104	2.32472	-0.0269145	39.8126	36.7385	1.08368
3360	0.00327065	0.126003	47.3221	-9.80512	2.32661	-0.0269143	39.8167	36.7402	1.08374
3361	0.00327155	0.126009	47.3285	-9.80922	2.32847	-0.026914	39.8208	36.7419	1.0838
3362	0.00327245	0.126015	47.3348	-9.81334	2.33031	-0.0269138	39.8248	36.7437	1.08386
3363	0.00327335	0.126021	47.3411	-9.81747	2.33212	-0.0269136	39.8289	36.7454	1.08392
3364	0.00327425	0.126027	47.3475	-9.82161	2.33391	-0.0269134	39.8329	36.7471	1.08397
3365	0.00327515	0.126033	47.3539	-9.82578	2.33567	-0.0269132	39.8369	36.7489	1.08403
3366	0.00327605	0.126039	47.3604	-9.82995	2.33742	-0.0269131	39.8409	36.7506	1.08409
3367	0.00327695	0.126045	47.3668	-9.83414	2.33915	-0.0269129	39.8449	36.7524	1.08414
3368	0.00327784	0.126051	47.3733	-9.83835	2.34086	-0.0269127	39.8489	36.7541	1.0842
3369	0.00327874	0.126057	47.3798	-9.84257	2.34257	-0.0269126	39.8529	36.7559	1.08426
3370	0.00327964	0.126063	47.3863	-9.8468	2.34428	-0.0269124	39.8569	36.7577	1.08431
3371	0.00328054	0.126069	47.3928	-9.85105	2.346	-0.0269123	39.8609	36.7594	1.08437
3372	0.00328144	0.126075	47.3994	-9.85531	2.34772	-0.0269122	39.8649	36.7612	1.08443
3373	0.00328234	0.126081	47.406	-9.85959	2.34947	-0.026912	39.8689	36.763	1.08448
3374	0.00328324	0.126087	47.4126	-9.86388	2.35123	-0.0269119	39.873	36.7648	1.08454
3375	0.00328414	0.126094	47.4192	-9.86818	2.35302	-0.0269118	39.8771	36.7666	1.0846
3376	0.00328504	0.1261	47.4258	-9.8725	2.35483	-0.0269117	39.8812	36.7684	1.08466
3377	0.00328594	0.126106	47.4325	-9.87683	2.35668	-0.0269115	39.8854	36.7702	1.08472
3378	0.00328684	0.126112	47.4392	-9.88117	2.35856	-0.0269114	39.8896	36.772	1.08478
3379	0.00328773	0.126118	47.4459	-9.88553	2.36047	-0.0269113	39.8939	36.7738	1.08484
3380	0.00328863	0.126125	47.4526	-9.8899	2.36241	-0.0269112	39.8982	36.7756	1.08491
3381	0.00328953	0.126131	47.4593	-9.89428	2.36439	-0.0269111	39.9025	36.7775	1.08497
3382	0.00329043	0.126137	47.4661	-9.89868	2.36639	-0.026911	39.9069	36.7793	1.08504
3383	0.00329133	0.126144	47.4729	-9.90308	2.36843	-0.0269109	39.9113	36.7811	1.0851
3384	0.00329223	0.12615	47.4797	-9.9075	2.37049	-0.0269108	39.9157	36.783	1.08517
3385	0.00329313	0.126156	47.4865	-9.91194	2.37256	-0.0269108	39.9202	36.7848	1.08524
3386	0.00329403	0.126163	47.4933	-9.91638	2.37466	-0.0269107	39.9247	36.7867	1.0853
3387	0.00329493	0.126169	47.5001	-9.92083	2.37677	-0.0269106	39.9292	36.7885	1.08537
3388	0.00329583	0.126175	47.507	-9.9253	2.37889	-0.0269105	39.9337	36.7904	1.08544
3389	0.00329673	0.126182	47.5139	-9.92978	2.38101	-0.0269104	39.9382	36.7923	1.08551
3390	0.00329763	0.126188	47.5208	-9.93427	2.38314	-0.0269104	39.9428	36.7941	1.08557
3391	0.00329852	0.126194	47.5277	-9.93877	2.38526	-0.0269103	39.9473	36.796	1.08564
3392	0.00329942	0.126201	47.5347	-9.94328	2.38737	-0.0269103	39.9518	36.7979	1.08571
3393	0.00330032	0.126207	47.5416	-9.94781	2.38948	-0.0269102	39.9564	36.7998	1.08578
3394	0.00330122	0.126214	47.5486	-9.95234	2.39158	-0.0269102	39.9609	36.8016	1.08585
3395	0.00330212	0.12622	47.5556	-9.95688	2.39367	-0.0269101	39.9654	36.8035	1.08591
3396	0.00330302	0.126227	47.5626	-9.96144	2.39574	-0.0269101	39.9699	36.8054	1.08598
3397	0.00330392	0.126233	47.5696	-9.96601	2.39779	-0.0269101	39.9745	36.8073	1.08605
3398	0.00330482	0.12624	47.5766	-9.97058	2.39983	-0.02691	39.979	36.8092	1.08611
3399	0.00330572	0.126246	47.5837	-9.97517	2.40185	-0.02691	39.9834	36.8111	1.08618
3400	0.00330662	0.126253	47.5907	-9.97976	2.40386	-0.02691	39.9879	36.813	1.08624
3401	0.00330752	0.126259	47.5978	-9.98437	2.40585	-0.02691	39.9924	36.8149	1.08631
3402	0.00330842	0.126266	47.6049	-9.98899	2.40783	-0.02691	39.9968	36.8169	1.08637
3403	0.00330932	0.126273	47.612	-9.99361	2.40979	-0.02691	40.0013	36.8188	1.08644
3404	0.00331022	0.126279	47.6191	-9.99825	2.41175	-0.02691	40.0057	36.8207	1.0865
3405	0.00331112	0.126286	47.6262	-10.0029	2.41369	-0.02691	40.0101	36.8226	1.08656
3406	0.00331201	0.126292	47.6334	-10.0075	2.41562	-0.02691	40.0146	36.8245	1.08663
3407	0.00331291	0.126299	47.6406	-10.0122	2.41754	-0.02691	40.019	36.8265	1.08669
3408	0.00331381	0.126306	47.6477	-10.0169	2.41945	-0.0269101	40.0234	36.8284	1.08675
3409	0.00331471	0.126312	47.6549	-10.0216	2.42136	-0.0269101	40.0278	36.8304	1.08682
3410	0.00331561	0.126319	47.6621	-10.0262	2.42326	-0.0269101	40.0322	36.8323	1.08688
3411	0.00331651	0.126326	47.6693	-10.0309	2.42516	-0.0269101	40.0366	36.8342	1.08694
3412	0.00331741	0.126332	47.6766	-10.0356	2.42706	-0.0269102	40.0411	36.8362	1.087
3413	0.00331831	0.126339	47.6838	-10.0404	2.42895	-0.0269102	40.0455	36.8381	1.08707
3414	0.00331921	0.126346	47.691	-10.0451	2.43084	-0.0269103	40.0499	36.8401	1.08713
3415	0.00332011	0.126352	47.6983	-10.0498	2.43273	-0.0269103	40.0543	36.842	1.08719
3416	0.00332101	0.126359	47.7056	-10.0545	2.43461	-0.0269103	40.0587	36.844	1.08725
3417	0.00332191	0.126366	47.7129	-10.0593	2.43649	-0.0269104	40.0631	36.846	1.08731
3418	0.00332281	0.126373	47.7201	-10.064	2.43836	-0.0269104	40.0676	36.8479	1.08738
3419	0.00332371	0.126379	47.7275	-10.0688	2.44023	-0.0269105	40.072	36.8499	1.08744
3420	0.00332461	0.126386	47.7348	-10.0736	2.4421	-0.0269106	40.0764	36.8519	1.0875
3421	0.00332551	0.126393	47.7421	-10.0783	2.44396	-0.0269106	40.0808	36.8538	1.08756
3422	0.00332641	0.1264	47.7494	-10.0831	2.44581	-0.0269107	40.0852	36.8558	1.08762
3423	0.00332731	0.126406	47.7568	-10.0879	2.44766	-0.0269108	40.0896	36.8578	1.08768
3424	0.00332821	0.126413	47.7641	-10.0927	2.44949	-0.0269108	40.094	36.8598	1.08774
3425	0.0033291	0.12642	47.7715	-10.0975	2.45132	-0.0269109	40.0984	36.8617	1.08781
3426	0.00333	0.126427	47.7789	-10.1023	2.45314	-0.026911	40.1028	36.8637	1.08787
3427	0.0033309	0.126434	47.7863	-10.1071	2.45495	-0.0269111	40.1072	36.8657	1.08793
3428	0.0033318	0.12644	47.7936	-10.1119	2.45675	-0.0269111	40.1115	36.8677	1.08799
3429	0.0033327	0.126447	47.801	-10.1168	2.45853	-0.0269112	40.1159	36.8697	1.08805
3430	0.0033336	0.126454	47.8085	-10.1216	2.46031	-0.0269113	40.1203	36.8717	1.08811
3431	0.0033345	0.126461	47.8159	-10.1264	2.46208	-0.0269114	40.1246	36.8737	1.08816
3432	0.0033354	0.126468	47.8233	-10.1313	2.46383	-0.0269115	40.129	36.8757	1.08822
3433	0.0033363	0.126474	47.8307	-10.1361	2.46557	-0.0269116	40.1333	36.8776	1.08828
3434	0.0033372	0.126481	47.8382	-10.141	2.46731	-0.0269117	40.1376	36.8796	1.08834
3435	0.0033381	0.126488	47.8456	-10.1458	2.46903	-0.0269118	40.1419	36.8816	1.0884
3436	0.003339	0.126495	47.8531	-10.1507	2.47075	-0.0269119	40.1462	36.8836	1.08846
3437	0.0033399	0.126502	47.8605	-10.1555	2.47245	-0.026912	40.1505	36.8856	1.08851
3438	0.0033408	0.126509	47.868	-10.1604	2.47415	-0.0269121	40.1548	36.8876	1.08857
3439	0.0033417	0.126516	47.8755	-10.1653	2.47584	-0.0269122	40.1591	36.8897	1.08863
3440	0.0033426	0.126523	47.883	-10.1702	2.47752	-0.0269123	40.1634	36.8917	1.08869
3441	0.0033435	0.126529	47.8905	-10.1751	2.47919	-0.0269124	40.1677	36.8937	1.08874
3442	0.0033444	0.126536	47.898	-10.18	2.48086	-0.0269126	40.172	36.8957	1.0888
3443	0.0033453	0.126543	47.9055	-10.1848	2.48253	-0.0269127	40.1762	36.8977	1.08886
3444	0.0033462	0.12655	47.913	-10.1897	2.48419	-0.0269128	40.1805	36.8997	1.08891
3445	0.0033471	0.126557	47.9205	-10.1946	2.48584	-0.0269129	40.1848	36.9017	1.08897
3446	0.003348	0.126564	47.928	-10.1996	2.48749	-0.0269131	40.189	36.9037	1.08902
3447	0.0033489	0.126571	47.9355	-10.2045	2.48913	-0.0269132	40.1933	36.9057	1.08908
3448	0.0033498	0.126578	47.9431	-10.2094	2.49077	-0.0269133	40.1975	36.9077	1.08914
3449	0.0033507	0.126585	47.9506	-10.2143	2.49241	-0.0269135	40.2018	36.9098	1.08919
3450	0.0033516	0.126592	47.9581	-10.2192	2.49404	-0.0269136	40.206	36.9118	1.08925
3451	0.0033525	0.126598	47.9657	-10.2241	2.49567	-0.0269137	40.2103	36.9138	1.0893
3452	0.0033534	0.126605	47.9732	-10.2291	2.4973	-0.0269139	40.2145	36.9158	1.08936
3453	0.00335429	0.126612	47.9808	-10.234	2.49891	-0.026914	40.2188	36.9178	1.08941
3454	0.00335519	0.126619	47.9883	-10.2389	2.50053	-0.0269142	40.223	36.9198	1.08947
3455	0.00335609	0.126626	47.9959	-10.2439	2.50214	-0.0269143	40.2272	36.9219	1.08952
3456	0.00335699	0.126633	48.0034	-10.2488	2.50374	-0.0269145	40.2315	36.9239	1.08958
3457	0.00335789	0.12664	48.011	-10.2537	2.50534	-0.0269147	40.2357	36.9259	1.08963
3458	0.00335879	0.126647	48.0186	-10.2587	2.50693	-0.0269148	40.2399	36.9279	1.08969
3459	0.00335969	0.126654	48.0261	-10.2636	2.50851	-0.026915	40.2441	36.9299	1.08974
3460	0.00336059	0.126661	48.0337	-10.2686	2.51009	-0.0269151	40.2483	36.932	1.0898
3461	0.00336149	0.126668	48.0413	-10.2735	2.51166	-0.0269153	40.2525	36.934	1.08985
3462	0.00336239	0.126675	48.0489	-10.2785	2.51322	-0.0269155	40.2567	36.936	1.0899
3463	0.00336329	0.126682	48.0565	-10.2834	2.51477	-0.0269157	40.2609	36.938	1.08996
3464	0.00336419	0.126688	48.064	-10.2884	2.51631	-0.0269158	40.2651	36.94	1.09001
3465	0.00336509	0.126695	48.0716	-10.2933	2.51784	-0.026916	40.2692	36.9421	1.09006
3466	0.00336599	0.126702	48.0792	-10.2983	2.51937	-0.0269162	40.2734	36.9441	1.09012
3467	0.00336689	0.126709	48.0868	-10.3032	2.52088	-0.0269164	40.2775	36.9461	1.09017
3468	0.00336779	0.126716	48.0944	-10.3082	2.52239	-0.0269165	40.2817	36.9481	1.09022
3469	0.00336869	0.126723	48.102	-10.3131	2.52388	-0.0269167	40.2858	36.9502	1.09027
3470	0.00336959	0.12673	48.1096	-10.3181	2.52537	-0.0269169	40.2899	36.9522	1.09033
3471	0.00337049	0.126737	48.1172	-10.3231	2.52685	-0.0269171	40.294	36.9542	1.09038
3472	0.00337139	0.126744	48.1248	-10.328	2.52831	-0.0269173	40.2981	36.9562	1.09043
3473	0.00337229	0.126751	48.1323	-10.333	2.52977	-0.0269175	40.3022	36.9582	1.09048
3474	0.00337319	0.126758	48.1399	-10.338	2.53121	-0.0269177	40.3063	36.9603	1.09053
3475	0.00337409	0.126765	48.1475	-10.3429	2.53265	-0.0269179	40.3103	36.9623	1.09058
3476	0.00337499	0.126772	48.1551	-10.3479	2.53407	-0.0269181	40.3144	36.9643	1.09063
3477	0.00337589	0.126779	48.1627	-10.3529	2.53549	-0.0269183	40.3184	36.9663	1.09068
3478	0.00337679	0.126786	48.1703	-10.3578	2.53689	-0.0269185	40.3225	36.9683	1.09073
3479	0.00337769	0.126792	48.1779	-10.3628	2.53829	-0.0269187	40.3265	36.9704	1.09078
3480	0.00337859	0.126799	48.1855	-10.3677	2.53967	-0.0269189	40.3305	36.9724	1.09083
3481	0.00337949	0.126806	48.1931	-10.3727	2.54105	-0.0269191	40.3345	36.9744	1.09088
3482	0.00338039	0.126813	48.2007	-10.3777	2.54241	-0.0269193	40.3385	36.9764	1.09093
3483	0.00338129	0.12682	48.2083	-10.3826	2.54376	-0.0269195	40.3425	36.9784	1.09097
3484	0.00338219	0.126827	48.2159	-10.3876	2.5451	-0.0269197	40.3464	36.9804	1.09102
3485	0.00338309	0.126834	48.2234	-10.3926	2.54643	-0.0269199	40.3504	36.9824	1.09107
3486	0.00338399	0.126841	48.231	-10.3975	2.54775	-0.0269202	40.3543	36.9845	1.09112
3487	0.00338489	0.126848	48.2386	-10.4025	2.54906	-0.0269204	40.3583	36.9865	1.09116
3488	0.00338579	0.126855	48.2462	-10.4074	2.55036	-0.0269206	40.3622	36.9885	1.09121
3489	0.00338669	0.126861	48.2538	-10.4124	2.55165	-0.0269208	40.3661	36.9905	1.09126
3490	0.00338759	0.126868	48.2614	-10.4174	2.55292	-0.0269211	40.37	36.9925	1.0913
3491	0.00338849	0.126875	48.2689	-10.4223	2.55418	-0.0269213	40.3739	36.9945	1.09135
3492	0.00338939	0.126882	48.2765	-10.4273	2.55543	-0.0269215	40.3777	36.9965	1.09139
3493	0.00339029	0.126889	48.2841	-10.4322	2.55667	-0.0269217	40.3816	36.9985	1.09144
3494	0.00339119	0.126896	48.2916	-10.4372	2.5579	-0.026922	40.3854	37.0005	1.09148
3495	0.00339209	0.126903	48.2992	-10.4421	2.55911	-0.0269222	40.3893	37.0025	1.09153
3496	0.00339299	0.12691	48.3068	-10.4471	2.56031	-0.0269225	40.3931	37.0045	1.09157
3497	0.00339389	0.126916	48.3143	-10.452	2.5615	-0.0269227	40.3969	37.0065	1.09162
3498	0.00339479	0.126923	48.3219	-10.457	2.56267	-0.0269229	40.4007	37.0085	1.09166
3499	0.00339569	0.12693	48.3294	-10.4619	2.56384	-0.0269232	40.4044	37.0105	1.0917
3500	0.00339659	0.126937	48.337	-10.4668	2.56499	-0.0269234	40.4082	37.0125	1.09174
3501	0.00339749	0.126944	48.3445	-10.4718	2.56612	-0.0269237	40.4119	37.0145	1.09179
3502	0.00339839	0.126951	48.3521	-10.4767	2.56725	-0.0269239	40.4157	37.0165	1.09183
3503	0.00339929	0.126958	48.3596	-10.4817	2.56836	-0.0269242	40.4194	37.0185	1.09187
3504	0.00340019	0.126964	48.3671	-10.4866	2.56946	-0.0269244	40.4231	37.0205	1.09191
3505	0.00340109	0.126971	48.3746	-10.4915	2.57055	-0.0269247	40.4268	37.0225	1.09195
3506	0.00340199	0.126978	48.3822	-10.4964	2.57163	-0.0269249	40.4304	37.0245	1.09199
3507	0.00340289	0.126985	48.3897	-10.5014	2.5727	-0.0269252	40.4341	37.0264	1.09203
3508	0.00340379	0.126992	48.3972	-10.5063	2.57375	-0.0269254	40.4377	37.0284	1.09207
3509	0.00340469	0.126998	48.4047	-10.5112	2.57479	-0.0269257	40.4414	37.0304	1.09211
3510	0.00340559	0.127005	48.4122	-10.5161	2.57583	-0.026926	40.445	37.0324	1.09215
3511	0.00340649	0.127012	48.4197	-10.521	2.57685	-0.0269262	40.4486	37.0344	1.09219
3512	0.00340739	0.127019	48.4272	-10.5259	2.57786	-0.0269265	40.4522	37.0363	1.09223
3513	0.00340829	0.127026	48.4347	-10.5308	2.57886	-0.0269268	40.4558	37.0383	1.09227
3514	0.00340919	0.127032	48.4422	-10.5357	2.57985	-0.0269271	40.4593	37.0403	1.09231
3515	0.00341009	0.127039	48.4496	-10.5406	2.58083	-0.0269273	40.4629	37.0423	1.09234
3516	0.00341099	0.127046	48.4571	-10.5455	2.5818	-0.0269276	40.4664	37.0442	1.09238
3517	0.00341189	0.127053	48.4646	-10.5504	2.58276	-0.0269279	40.47	37.0462	1.09242
3518	0.00341279	0.127059	48.472	-10.5553	2.58372	-0.0269282	40.4735	37.0482	1.09246
3519	0.00341369	0.127066	48.4795	-10.5602	2.58466	-0.0269285	40.477	37.0501	1.09249
3520	0.00341459	0.127073	48.4869	-10.5651	2.5856	-0.0269287	40.4805	37.0521	1.09253
3521	0.00341549	0.127079	48.4943	-10.5699	2.58652	-0.026929	40.484	37.054	1.09257
3522	0.00341639	0.127086	48.5018	-10.5748	2.58744	-0.0269293	40.4875	37.056	1.0926
3523	0.00341729	0.127093	48.5092	-10.5797	2.58835	-0.0269296	40.4909	37.0579	1.09264
3524	0.00341819	0.1271	48.5166	-10.5845	2.58925	-0.0269299	40.4944	37.0599	1.09267
3525	0.00341909	0.127106	48.524	-10.5894	2.59014	-0.0269302	40.4978	37.0618	1.09271
3526	0.00341999	0.127113	48.5314	-10.5942	2.59102	-0.0269305	40.5013	37.0638	1.09274
3527	0.00342089	0.12712	48.5388	-10.5991	2.59189	-0.0269308	40.5047	37.0657	1.09278
3528	0.00342179	0.127126	48.5462	-10.6039	2.59276	-0.0269311	40.5081	37.0677	1.09281
3529	0.00342269	0.127133	48.5535	-10.6088	2.59361	-0.0269314	40.5115	37.0696	1.09285
3530	0.00342359	0.127139	48.5609	-10.6136	2.59446	-0.0269317	40.5148	37.0715	1.09288
3531	0.00342449	0.127146	48.5683	-10.6184	2.59529	-0.026932	40.5182	37.0735	1.09292
3532	0.00342539	0.127153	48.5756	-10.6232	2.59612	-0.0269323	40.5216	37.0754	1.09295
3533	0.00342629	0.127159	48.583	-10.6281	2.59693	-0.0269326	40.5249	37.0773	1.09298
3534	0.00342719	0.127166	48.5903	-10.6329	2.59773	-0.0269329	40.5282	37.0793	1.09302
3535	0.00342809	0.127173	48.5976	-10.6377	2.59853	-0.0269332	40.5315	37.0812	1.09305
3536	0.00342899	0.127179	48.605	-10.6425	2.59931	-0.0269336	40.5348	37.0831	1.09308
3537	0.00342989	0.127186	48.6123	-10.6473	2.60007	-0.0269339	40.5381	37.085	1.09311
3538	0.0034308	0.127192	48.6196	-10.6521	2.60083	-0.0269342	40.5414	37.0869	1.09314
3539	0.0034317	0.127199	48.6269	-10.6569	2.60158	-0.0269345	40.5446	37.0889	1.09318
3540	0.0034326	0.127205	48.6341	-10.6616	2.60231	-0.0269348	40.5479	37.0908	1.09321
3541	0.0034335	0.127212	48.6414	-10.6664	2.60303	-0.0269351	40.5511	37.0927	1.09324
3542	0.0034344	0.127218	48.6487	-10.6712	2.60374	-0.0269355	40.5543	37.0946	1.09327
3543	0.0034353	0.127225	48.6559	-10.6759	2.60444	-0.0269358	40.5575	37.0965	1.0933
3544	0.0034362	0.127231	48.6632	-10.6807	2.60512	-0.0269361	40.5607	37.0984	1.09333
3545	0.0034371	0.127238	48.6704	-10.6855	2.60579	-0.0269364	40.5638	37.1003	1.09336
3546	0.003438	0.127244	48.6777	-10.6902	2.60646	-0.0269368	40.567	37.1022	1.09339
3547	0.0034389	0.127251	48.6849	-10.6949	2.60711	-0.0269371	40.5701	37.104	1.09341
3548	0.0034398	0.127257	48.6921	-10.6997	2.60775	-0.0269374	40.5732	37.1059	1.09344
3549	0.0034407	0.127264	48.6993	-10.7044	2.60838	-0.0269377	40.5763	37.1078	1.09347
3550	0.0034416	0.12727	48.7065	-10.7091	2.60901	-0.026938	40.5794	37.1097	1.0935
3551	0.0034425	0.127277	48.7137	-10.7138	2.60962	-0.0269384	40.5825	37.1116	1.09353
3552	0.0034434	0.127283	48.7208	-10.7185	2.61023	-0.0269387	40.5856	37.1135	1.09355
3553	0.0034443	0.12729	48.728	-10.7233	2.61083	-0.026939	40.5886	37.1153	1.09358
3554	0.0034452	0.127296	48.7351	-10.7279	2.61143	-0.0269394	40.5917	37.1172	1.09361
3555	0.0034461	0.127302	48.7423	-10.7326	2.61201	-0.0269397	40.5947	37.1191	1.09364
3556	0.003447	0.127309	48.7494	-10.7373	2.61259	-0.02694	40.5977	37.1209	1.09366
3557	0.0034479	0.127315	48.7565	-10.742	2.61317	-0.0269403	40.6007	37.1228	1.09369
3558	0.0034488	0.127322	48.7636	-10.7467	2.61373	-0.0269407	40.6038	37.1246	1.09371
3559	0.0034497	0.127328	48.7707	-10.7513	2.61429	-0.026941	40.6067	37.1265	1.09374
3560	0.0034506	0.127334	48.7778	-10.756	2.61485	-0.0269413	40.6097	37.1283	1.09377
3561	0.0034515	0.127341	48.7849	-10.7606	2.6154	-0.0269417	40.6127	37.1302	1.09379
3562	0.0034524	0.127347	48.792	-10.7653	2.61594	-0.026942	40.6157	37.132	1.09382
3563	0.0034533	0.127353	48.799	-10.7699	2.61647	-0.0269423	40.6186	37.1339	1.09384
3564	0.0034542	0.12736	48.8061	-10.7745	2.61699	-0.0269427	40.6216	37.1357	1.09387
3565	0.0034551	0.127366	48.8131	-10.7792	2.61751	-0.026943	40.6245	37.1375	1.09389
3566	0.003456	0.127372	48.8201	-10.7838	2.61802	-0.0269433	40.6274	37.1394	1.09392
3567	0.0034569	0.127378	48.8271	-10.7884	2.61851	-0.0269437	40.6303	37.1412	1.09394
3568	0.0034578	0.127385	48.8341	-10.793	2.61899	-0.026944	40.6332	37.143	1.09397
3569	0.0034587	0.127391	48.8411	-10.7976	2.61947	-0.0269443	40.636	37.1448	1.09399
3570	0.0034596	0.127397	48.8481	-10.8022	2.61993	-0.0269447	40.6389	37.1467	1.09401
3571	0.0034605	0.127403	48.855	-10.8068	2.62037	-0.026945	40.6417	37.1485	1.09403
3572	0.0034614	0.12741	48.862	-10.8113	2.6208	-0.0269453	40.6445	37.1503	1.09406
3573	0.0034623	0.127416	48.8689	-10.8159	2.62121	-0.0269457	40.6473	37.1521	1.09408
3574	0.0034632	0.127422	48.8759	-10.8205	2.62161	-0.026946	40.6501	37.1539	1.0941
3575	0.0034641	0.127428	48.8828	-10.825	2.62199	-0.0269463	40.6528	37.1557	1.09412
3576	0.00346501	0.127434	48.8897	-10.8296	2.62236	-0.0269467	40.6556	37.1575	1.09414
3577	0.00346591	0.12744	48.8966	-10.8341	2.6227	-0.026947	40.6583	37.1593	1.09416
3578	0.00346681	0.127447	48.9035	-10.8386	2.62303	-0.0269474	40.6609	37.1611	1.09418
3579	0.00346771	0.127453	48.9104	-10.8431	2.62334	-0.0269477	40.6636	37.1629	1.0942
3580	0.00346861	0.127459	48.9172	-10.8477	2.62363	-0.026948	40.6662	37.1646	1.09422
3581	0.00346951	0.127465	48.9241	-10.8522	2.6239	-0.0269484	40.6689	37.1664	1.09424
3582	0.00347041	0.127471	48.9309	-10.8567	2.62416	-0.0269487	40.6715	37.1682	1.09425
3583	0.00347131	0.127477	48.9377	-10.8611	2.6244	-0.026949	40.674	37.17	1.09427
3584	0.00347221	0.127483	48.9445	-10.8656	2.62462	-0.0269493	40.6766	37.1717	1.09429
3585	0.00347311	0.127489	48.9513	-10.8701	2.62483	-0.0269497	40.6791	37.1735	1.0943
3586	0.00347401	0.127495	48.9581	-10.8746	2.62502	-0.02695	40.6816	37.1753	1.09432
3587	0.00347491	0.127501	48.9649	-10.879	2.6252	-0.0269503	40.6841	37.177	1.09433
3588	0.00347581	0.127507	48.9717	-10.8835	2.62537	-0.0269506	40.6866	37.1788	1.09435
3589	0.00347671	0.127513	48.9784	-10.8879	2.62552	-0.026951	40.6891	37.1805	1.09436
3590	0.00347761	0.127519	48.9852	-10.8924	2.62567	-0.0269513	40.6915	37.1823	1.09438
3591	0.00347851	0.127525	48.9919	-10.8968	2.62581	-0.0269516	40.6939	37.184	1.09439
3592	0.00347941	0.127531	48.9986	-10.9012	2.62595	-0.0269519	40.6964	37.1858	1.09441
3593	0.00348031	0.127537	49.0053	-10.9056	2.62608	-0.0269522	40.6988	37.1875	1.09442
3594	0.00348121	0.127543	49.012	-10.91	2.62621	-0.0269525	40.7012	37.1892	1.09443
3595	0.00348211	0.127549	49.0187	-10.9144	2.62633	-0.0269528	40.7036	37.191	1.09445
3596	0.00348301	0.127555	49.0253	-10.9188	2.62645	-0.0269531	40.706	37.1927	1.09446
3597	0.00348391	0.127561	49.032	-10.9232	2.62657	-0.0269534	40.7084	37.1944	1.09448
3598	0.00348481	0.127567	49.0386	-10.9276	2.62669	-0.0269538	40.7108	37.1961	1.09449
3599	0.00348571	0.127573	49.0453	-10.9319	2.62681	-0.0269541	40.7132	37.1979	1.0945
3600	0.00348661	0.127579	49.0519	-10.9363	2.62692	-0.0269544	40.7155	37.1996	1.09452
3601	0.00348751	0.127584	49.0585	-10.9406	2.62703	-0.0269547	40.7179	37.2013	1.09453
3602	0.00348841	0.12759	49.0651	-10.945	2.62713	-0.026955	40.7202	37.203	1.09454
3603	0.00348931	0.127596	49.0716	-10.9493	2.62722	-0.0269553	40.7226	37.2047	1.09456
3604	0.00349021	0.127602	49.0782	-10.9537	2.62729	-0.0269556	40.7249	37.2064	1.09457
3605	0.00349111	0.127608	49.0848	-10.958	2.62735	-0.0269559	40.7272	37.2081	1.09458
3606	0.00349201	0.127614	49.0913	-10.9623	2.62738	-0.0269562	40.7294	37.2098	1.09459
3607	0.00349291	0.127619	49.0978	-10.9666	2.62739	-0.0269565	40.7317	37.2115	1.0946
3608	0.00349381	0.127625	49.1043	-10.9709	2.62737	-0.0269568	40.7339	37.2131	1.09461
3609	0.00349471	0.127631	49.1108	-10.9752	2.62732	-0.0269571	40.736	37.2148	1.09462
3610	0.00349561	0.127637	49.1173	-10.9794	2.62723	-0.0269574	40.7382	37.2165	1.09463
3611	0.00349651	0.127642	49.1238	-10.9837	2.62711	-0.0269577	40.7403	37.2182	1.09463
3612	0.00349741	0.127648	49.1303	-10.988	2.62694	-0.0269579	40.7423	37.2198	1.09464
3613	0.00349831	0.127654	49.1367	-10.9922	2.62672	-0.0269582	40.7443	37.2215	1.09464
3614	0.00349921	0.127659	49.1432	-10.9965	2.62646	-0.0269585	40.7462	37.2232	1.09465
3615	0.00350011	0.127665	49.1496	-11.0007	2.62614	-0.0269588	40.7481	37.2248	1.09465
3616	0.00350101	0.127671	49.156	-11.0049	2.62577	-0.0269591	40.7499	37.2265	1.09465
3617	0.00350191	0.127677	49.1624	-11.0092	2.62536	-0.0269594	40.7517	37.2281	1.09465
3618	0.00350281	0.127682	49.1688	-11.0134	2.62489	-0.0269597	40.7534	37.2298	1.09464
3619	0.00350371	0.127688	49.1752	-11.0176	2.62436	-0.0269599	40.755	37.2314	1.09464
3620	0.00350461	0.127693	49.1815	-11.0218	2.62379	-0.0269602	40.7566	37.2331	1.09463
3621	0.00350551	0.127699	49.1879	-11.026	2.62316	-0.0269604	40.7581	37.2347	1.09463
3622	0.00350641	0.127705	49.1942	-11.0301	2.62248	-0.0269607	40.7596	37.2363	1.09462
3623	0.00350731	0.12771	49.2006	-11.0343	2.62174	-0.0269609	40.761	37.238	1.09461
3624	0.00350821	0.127716	49.2069	-11.0385	2.62094	-0.0269612	40.7624	37.2396	1.0946
3625	0.00350911	0.127721	49.2132	-11.0426	2.62006	-0.0269614	40.7636	37.2412	1.09458
3626	0.00351001	0.127727	49.2195	-11.0468	2.61908	-0.0269616	40.7648	37.2428	1.09457
3627	0.00351091	0.127732	49.2257	-11.0509	2.61795	-0.0269618	40.7658	37.2445	1.09455
3628	0.00351181	0.127738	49.232	-11.0551	2.61652	-0.026962	40.7665	37.2461	1.09452
3629	0.00351271	0.127744	49.2382	-11.0592	2.61419	-0.0269621	40.7663	37.2477	1.09447
3630	0.00351361	0.127749	49.2445	-11.0633	2.61073	-0.0269621	40.765	37.2493	1.09438
3631	0.00351451	0.127755	49.2507	-11.0674	2.60809	-0.0269622	40.7644	37.2509	1.09432
3632	0.00351541	0.12776	49.2569	-11.0715	2.60605	-0.0269622	40.7645	37.2525	1.09428
3633	0.00351631	0.127765	49.2631	-11.0756	2.60444	-0.0269622	40.765	37.2541	1.09424
3634	0.00351721	0.127771	49.2693	-11.0797	2.60317	-0.0269622	40.7658	37.2557	1.09422
3635	0.00351811	0.127776	49.2755	-11.0838	2.60216	-0.0269622	40.7669	37.2573	1.0942
3636	0.00351901	0.127782	49.2817	-11.0878	2.60135	-0.0269622	40.7682	37.2588	1.09419
3637	0.00351991	0.127787	49.2878	-11.0919	2.60074	-0.0269621	40.7697	37.2604	1.09418
3638	0.00352081	0.127793	49.294	-11.0959	2.60029	-0.0269621	40.7713	37.262	1.09418
3639	0.00352171	0.127798	49.3001	-11.1	2.59999	-0.0269621	40.7731	37.2636	1.09418
3640	0.00352261	0.127803	49.3062	-11.104	2.60109	-0.0269622	40.7763	37.2651	1.09422
3641	0.00352351	0.127809	49.3123	-11.1081	2.60354	-0.0269624	40.7808	37.2667	1.0943
3642	0.00352441	0.127814	49.3184	-11.1121	2.60609	-0.0269625	40.7854	37.2683	1.09437
3643	0.00352531	0.12782	49.3245	-11.1161	2.60858	-0.0269626	40.79	37.2698	1.09445
3644	0.00352621	0.127825	49.3305	-11.1201	2.61092	-0.0269627	40.7944	37.2714	1.09452
3645	0.00352711	0.12783	49.3366	-11.1241	2.61308	-0.0269629	40.7986	37.2729	1.09459
3646	0.00352801	0.127836	49.3427	-11.1281	2.61499	-0.026963	40.8026	37.2745	1.09465
3647	0.00352891	0.127841	49.3487	-11.1321	2.61662	-0.0269632	40.8063	37.276	1.0947
3648	0.00352981	0.127846	49.3547	-11.1361	2.61793	-0.0269635	40.8096	37.2776	1.09475
3649	0.00353071	0.127851	49.3607	-11.14	2.61887	-0.0269638	40.8126	37.2791	1.09478
3650	0.00353161	0.127857	49.3667	-11.144	2.61943	-0.0269641	40.8152	37.2807	1.09481
3651	0.00353251	0.127862	49.3727	-11.148	2.61958	-0.0269645	40.8174	37.2822	1.09482
3652	0.00353341	0.127867	49.3787	-11.1519	2.61931	-0.0269649	40.8191	37.2837	1.09482
3653	0.00353431	0.127872	49.3846	-11.1558	2.61861	-0.0269653	40.8204	37.2853	1.09481
3654	0.00353521	0.127878	49.3906	-11.1598	2.61748	-0.0269657	40.8213	37.2868	1.09479
3655	0.00353611	0.127883	49.3965	-11.1637	2.61588	-0.0269661	40.8217	37.2883	1.09476
3656	0.00353701	0.127888	49.4025	-11.1676	2.61384	-0.0269665	40.8217	37.2898	1.09471
3657	0.00353791	0.127893	49.4084	-11.1715	2.6114	-0.0269669	40.8213	37.2913	1.09466
3658	0.00353881	0.127898	49.4143	-11.1754	2.6086	-0.0269672	40.8205	37.2928	1.09459
3659	0.00353971	0.127904	49.4202	-11.1793	2.60549	-0.0269675	40.8194	37.2944	1.09452
3660	0.00354061	0.127909	49.4261	-11.1832	2.60212	-0.0269678	40.818	37.2959	1.09444
3661	0.00354151	0.127914	49.4319	-11.1871	2.59851	-0.026968	40.8164	37.2974	1.09435
3662	0.00354241	0.127919	49.4378	-11.191	2.59469	-0.0269682	40.8145	37.2989	1.09426
3663	0.00354331	0.127924	49.4437	-11.1949	2.59065	-0.0269683	40.8125	37.3004	1.09416
3664	0.00354421	0.127929	49.4495	-11.1987	2.58636	-0.0269684	40.8102	37.3019	1.09405
3665	0.00354511	0.127934	49.4553	-11.2026	2.58158	-0.0269684	40.8074	37.3033	1.09393
3666	0.00354601	0.12794	49.4612	-11.2064	2.57462	-0.0269683	40.8024	37.3048	1.09376
3667	0.00354691	0.127945	49.467	-11.2103	2.5681	-0.0269681	40.7978	37.3063	1.09359
3668	0.00354781	0.12795	49.4728	-11.2141	2.56266	-0.0269678	40.7944	37.3078	1.09345
3669	0.00354871	0.127955	49.4786	-11.2179	2.55817	-0.0269676	40.7918	37.3093	1.09334
3670	0.00354961	0.12796	49.4843	-11.2218	2.55445	-0.0269673	40.7901	37.3107	1.09325
3671	0.0035505	0.127965	49.4901	-11.2256	2.55135	-0.026967	40.7889	37.3122	1.09318
3672	0.0035514	0.12797	49.4959	-11.2294	2.5488	-0.0269667	40.7883	37.3137	1.09312
3673	0.0035523	0.127975	49.5016	-11.2332	2.54672	-0.0269665	40.7882	37.3152	1.09307
3674	0.0035532	0.12798	49.5073	-11.237	2.5451	-0.0269662	40.7885	37.3166	1.09304
3675	0.0035541	0.127985	49.5131	-11.2408	2.54388	-0.026966	40.7892	37.3181	1.09301
3676	0.003555	0.12799	49.5188	-11.2446	2.54301	-0.0269657	40.7903	37.3195	1.093
3677	0.0035559	0.127995	49.5245	-11.2483	2.54415	-0.0269656	40.7934	37.321	1.09304
3678	0.0035568	0.128	49.5302	-11.2521	2.54639	-0.0269656	40.7975	37.3224	1.09311
3679	0.0035577	0.128005	49.5359	-11.2559	2.54875	-0.0269655	40.8018	37.3239	1.09318
3680	0.0035586	0.12801	49.5416	-11.2596	2.55108	-0.0269654	40.8061	37.3253	1.09325
3681	0.0035595	0.128015	49.5472	-11.2634	2.55329	-0.0269653	40.8102	37.3268	1.09332
3682	0.0035604	0.12802	49.5529	-11.2671	2.55532	-0.0269653	40.8141	37.3282	1.09338
3683	0.0035613	0.128025	49.5585	-11.2709	2.55707	-0.0269652	40.8178	37.3297	1.09344
3684	0.0035622	0.12803	49.5642	-11.2746	2.5585	-0.0269652	40.8211	37.3311	1.09349
3685	0.0035631	0.128035	49.5698	-11.2783	2.55953	-0.0269653	40.8241	37.3325	1.09352
3686	0.003564	0.128039	49.5754	-11.282	2.56011	-0.0269654	40.8265	37.334	1.09355
3687	0.00356489	0.128044	49.5811	-11.2858	2.5602	-0.0269656	40.8285	37.3354	1.09356
3688	0.00356579	0.128049	49.5867	-11.2895	2.55979	-0.0269657	40.83	37.3368	1.09356
3689	0.00356669	0.128054	49.5923	-11.2932	2.55884	-0.0269659	40.831	37.3383	1.09354
3690	0.00356759	0.128059	49.5978	-11.2969	2.55733	-0.0269661	40.8313	37.3397	1.09351
3691	0.00356849	0.128064	49.6034	-11.3006	2.55522	-0.0269663	40.8311	37.3411	1.09346
3692	0.00356939	0.128069	49.609	-11.3043	2.55255	-0.0269665	40.8303	37.3425	1.0934
3693	0.00357029	0.128074	49.6146	-11.3079	2.54936	-0.0269667	40.829	37.3439	1.09332
3694	0.00357119	0.128078	49.6201	-11.3116	2.54569	-0.0269669	40.8272	37.3453	1.09323
3695	0.00357209	0.128083	49.6257	-11.3153	2.5416	-0.026967	40.825	37.3467	1.09313
3696	0.00357299	0.128088	49.6312	-11.319	2.53716	-0.0269671	40.8224	37.3481	1.09302
3697	0.00357389	0.128093	49.6367	-11.3226	2.53242	-0.0269672	40.8195	37.3496	1.09291
3698	0.00357479	0.128098	49.6422	-11.3263	2.52743	-0.0269672	40.8164	37.351	1.09278
3699	0.00357569	0.128103	49.6477	-11.3299	2.52224	-0.0269672	40.8131	37.3524	1.09265
3700	0.00357658	0.128107	49.6533	-11.3336	2.51683	-0.0269672	40.8095	37.3538	1.09251
3701	0.00357748	0.128112	49.6588	-11.3372	2.51112	-0.0269671	40.8057	37.3551	1.09237
3702	0.00357838	0.128117	49.6642	-11.3409	2.50469	-0.026967	40.8011	37.3565	1.09221
3703	0.00357928	0.128122	49.6697	-11.3445	2.49606	-0.0269666	40.7943	37.3579	1.09199
3704	0.00358018	0.128126	49.6752	-11.3481	2.48868	-0.0269662	40.7888	37.3593	1.0918
3705	0.00358108	0.128131	49.6807	-11.3517	2.48236	-0.0269658	40.7843	37.3607	1.09164
3706	0.00358198	0.128136	49.6861	-11.3554	2.477	-0.0269654	40.7808	37.3621	1.0915
3707	0.00358288	0.128141	49.6916	-11.359	2.47243	-0.026965	40.7781	37.3635	1.09139
3708	0.00358378	0.128145	49.697	-11.3626	2.46851	-0.0269645	40.776	37.3649	1.09129
3709	0.00358468	0.12815	49.7025	-11.3662	2.46516	-0.026964	40.7745	37.3662	1.09121
3710	0.00358558	0.128155	49.7079	-11.3698	2.46235	-0.0269636	40.7735	37.3676	1.09114
3711	0.00358647	0.12816	49.7133	-11.3734	2.46001	-0.0269631	40.773	37.369	1.09109
3712	0.00358737	0.128164	49.7187	-11.377	2.45811	-0.0269627	40.7729	37.3704	1.09105
3713	0.00358827	0.128169	49.7241	-11.3806	2.45659	-0.0269623	40.7732	37.3717	1.09102
3714	0.00358917	0.128174	49.7295	-11.3841	2.45724	-0.026962	40.7757	37.3731	1.09104
3715	0.00359007	0.128178	49.7349	-11.3877	2.4588	-0.0269617	40.779	37.3745	1.09109
3716	0.00359097	0.128183	49.7403	-11.3913	2.46047	-0.0269614	40.7825	37.3758	1.09115
3717	0.00359187	0.128188	49.7457	-11.3949	2.4621	-0.0269611	40.786	37.3772	1.0912
3718	0.00359277	0.128192	49.7511	-11.3984	2.46364	-0.0269608	40.7893	37.3785	1.09125
3719	0.00359367	0.128197	49.7564	-11.402	2.46499	-0.0269605	40.7925	37.3799	1.09129
3720	0.00359457	0.128202	49.7618	-11.4056	2.46609	-0.0269603	40.7954	37.3813	1.09133
3721	0.00359546	0.128206	49.7672	-11.4091	2.46687	-0.02696	40.798	37.3826	1.09136
3722	0.00359636	0.128211	49.7725	-11.4127	2.46726	-0.0269599	40.8002	37.384	1.09138
3723	0.00359726	0.128216	49.7779	-11.4162	2.46721	-0.0269598	40.8019	37.3853	1.09139
3724	0.00359816	0.12822	49.7832	-11.4197	2.4667	-0.0269597	40.8032	37.3867	1.09138
3725	0.00359906	0.128225	49.7885	-11.4233	2.46569	-0.0269596	40.804	37.388	1.09137
3726	0.00359996	0.128229	49.7939	-11.4268	2.46416	-0.0269596	40.8042	37.3894	1.09133
3727	0.00360086	0.128234	49.7992	-11.4303	2.46204	-0.0269596	40.8039	37.3907	1.09128
3728	0.00360176	0.128239	49.8045	-11.4339	2.45936	-0.0269596	40.803	37.392	1.09122
3729	0.00360265	0.128243	49.8098	-11.4374	2.45614	-0.0269596	40.8016	37.3934	1.09114
3730	0.00360355	0.128248	49.8151	-11.4409	2.45243	-0.0269595	40.7997	37.3947	1.09105
3731	0.00360445	0.128252	49.8204	-11.4444	2.44827	-0.0269595	40.7973	37.3961	1.09095
3732	0.00360535	0.128257	49.8257	-11.448	2.44373	-0.0269594	40.7945	37.3974	1.09084
3733	0.00360625	0.128262	49.831	-11.4515	2.43886	-0.0269593	40.7914	37.3987	1.09072
3734	0.00360715	0.128266	49.8363	-11.455	2.43374	-0.0269592	40.7881	37.4001	1.09059
3735	0.00360805	0.128271	49.8416	-11.4585	2.4284	-0.026959	40.7845	37.4014	1.09045
3736	0.00360895	0.128275	49.8468	-11.462	2.42292	-0.0269589	40.7808	37.4027	1.09032
3737	0.00360984	0.12828	49.8521	-11.4655	2.4173	-0.0269586	40.777	37.4041	1.09017
3738	0.00361074	0.128284	49.8574	-11.469	2.41151	-0.0269584	40.7729	37.4054	1.09003
3739	0.00361164	0.128289	49.8626	-11.4725	2.40541	-0.0269581	40.7686	37.4067	1.08987
3740	0.00361254	0.128294	49.8679	-11.476	2.39803	-0.0269576	40.763	37.408	1.08969
3741	0.00361344	0.128298	49.8731	-11.4794	2.38989	-0.0269571	40.7566	37.4094	1.08948
3742	0.00361434	0.128303	49.8784	-11.4829	2.38294	-0.0269565	40.7514	37.4107	1.0893
3743	0.00361524	0.128307	49.8836	-11.4864	2.37702	-0.0269559	40.7473	37.412	1.08915
3744	0.00361614	0.128312	49.8888	-11.4899	2.37204	-0.0269553	40.7441	37.4133	1.08903
3745	0.00361703	0.128316	49.8941	-11.4934	2.36779	-0.0269547	40.7416	37.4146	1.08892
3746	0.00361793	0.128321	49.8993	-11.4968	2.36418	-0.026954	40.7397	37.416	1.08883
3747	0.00361883	0.128325	49.9045	-11.5003	2.36114	-0.0269534	40.7384	37.4173	1.08876
3748	0.00361973	0.12833	49.9097	-11.5038	2.35863	-0.0269527	40.7377	37.4186	1.0887
3749	0.00362063	0.128334	49.9149	-11.5072	2.35658	-0.0269521	40.7374	37.4199	1.08866
3750	0.00362153	0.128339	49.9202	-11.5107	2.35496	-0.0269514	40.7375	37.4212	1.08862
3751	0.00362243	0.128343	49.9254	-11.5141	2.3551	-0.0269509	40.7394	37.4225	1.08863
3752	0.00362332	0.128348	49.9306	-11.5176	2.35659	-0.0269504	40.7426	37.4238	1.08868
3753	0.00362422	0.128352	49.9357	-11.521	2.35827	-0.0269499	40.746	37.4251	1.08873
3754	0.00362512	0.128357	49.9409	-11.5245	2.35999	-0.0269494	40.7495	37.4264	1.08879
3755	0.00362602	0.128361	49.9461	-11.5279	2.36167	-0.0269489	40.7529	37.4277	1.08884
3756	0.00362692	0.128366	49.9513	-11.5314	2.36325	-0.0269484	40.7562	37.429	1.08889
3757	0.00362782	0.12837	49.9565	-11.5348	2.36465	-0.0269479	40.7594	37.4303	1.08894
3758	0.00362871	0.128374	49.9616	-11.5382	2.3658	-0.0269475	40.7622	37.4316	1.08898
3759	0.00362961	0.128379	49.9668	-11.5417	2.36663	-0.0269471	40.7648	37.4329	1.08901
3760	0.00363051	0.128383	49.972	-11.5451	2.36709	-0.0269467	40.767	37.4342	1.08903
3761	0.00363141	0.128388	49.9771	-11.5485	2.36713	-0.0269464	40.7688	37.4355	1.08904
3762	0.00363231	0.128392	49.9823	-11.552	2.36673	-0.0269462	40.7701	37.4368	1.08904
3763	0.00363321	0.128397	49.9874	-11.5554	2.36586	-0.0269459	40.771	37.4381	1.08902
3764	0.0036341	0.128401	49.9926	-11.5588	2.36448	-0.0269457	40.7713	37.4394	1.08899
3765	0.003635	0.128405	49.9977	-11.5622	2.36256	-0.0269455	40.7711	37.4407	1.08895
3766	0.0036359	0.12841	50.0029	-11.5656	2.36013	-0.0269453	40.7704	37.442	1.0889
3767	0.0036368	0.128414	50.008	-11.5691	2.35723	-0.026945	40.7692	37.4433	1.08883
3768	0.0036377	0.128419	50.0131	-11.5725	2.3539	-0.0269448	40.7676	37.4446	1.08875
3769	0.0036386	0.128423	50.0182	-11.5759	2.35021	-0.0269445	40.7656	37.4458	1.08866
3770	0.0036395	0.128428	50.0234	-11.5793	2.3462	-0.0269443	40.7633	37.4471	1.08856
3771	0.00364039	0.128432	50.0285	-11.5827	2.34195	-0.026944	40.7608	37.4484	1.08845
3772	0.00364129	0.128436	50.0336	-11.5861	2.33752	-0.0269437	40.7581	37.4497	1.08834
3773	0.00364219	0.128441	50.0387	-11.5895	2.33298	-0.0269433	40.7552	37.451	1.08823
3774	0.00364309	0.128445	50.0438	-11.5929	2.32837	-0.0269429	40.7523	37.4522	1.08811
3775	0.00364399	0.128449	50.0489	-11.5963	2.32373	-0.0269425	40.7494	37.4535	1.088
3776	0.00364489	0.128454	50.054	-11.5997	2.31912	-0.0269421	40.7465	37.4548	1.08788
3777	0.00364578	0.128458	50.0591	-11.603	2.31457	-0.0269416	40.7437	37.4561	1.08777
3778	0.00364668	0.128463	50.0642	-11.6064	2.31011	-0.0269411	40.7409	37.4573	1.08766
3779	0.00364758	0.128467	50.0693	-11.6098	2.30572	-0.0269406	40.7382	37.4586	1.08755
3780	0.00364848	0.128471	50.0743	-11.6132	2.3013	-0.0269401	40.7355	37.4599	1.08744
3781	0.00364938	0.128476	50.0794	-11.6166	2.29638	-0.0269395	40.7323	37.4612	1.08732
3782	0.00365028	0.12848	50.0845	-11.6199	2.29014	-0.0269387	40.7277	37.4624	1.08716
3783	0.00365118	0.128484	50.0895	-11.6233	2.28519	-0.026938	40.7245	37.4637	1.08704
3784	0.00365207	0.128489	50.0946	-11.6267	2.28126	-0.0269372	40.7222	37.465	1.08694
3785	0.00365297	0.128493	50.0997	-11.6301	2.27817	-0.0269365	40.7208	37.4662	1.08687
3786	0.00365387	0.128497	50.1047	-11.6334	2.27575	-0.0269357	40.7201	37.4675	1.08681
3787	0.00365477	0.128502	50.1098	-11.6368	2.27389	-0.0269349	40.7199	37.4688	1.08677
3788	0.00365567	0.128506	50.1148	-11.6401	2.27251	-0.0269342	40.7203	37.47	1.08674
3789	0.00365656	0.12851	50.1199	-11.6435	2.27154	-0.0269334	40.721	37.4713	1.08672
3790	0.00365746	0.128515	50.1249	-11.6469	2.27093	-0.0269326	40.7221	37.4725	1.08672
3791	0.00365836	0.128519	50.1299	-11.6502	2.27254	-0.026932	40.7253	37.4738	1.08677
3792	0.00365926	0.128523	50.135	-11.6536	2.27494	-0.0269313	40.7294	37.4751	1.08684
3793	0.00366016	0.128528	50.14	-11.6569	2.27744	-0.0269307	40.7336	37.4763	1.08692
3794	0.00366106	0.128532	50.145	-11.6603	2.27994	-0.02693	40.7378	37.4776	1.08699
3795	0.00366195	0.128536	50.1501	-11.6636	2.28236	-0.0269293	40.7419	37.4788	1.08706
3796	0.00366285	0.128541	50.1551	-11.6669	2.28466	-0.0269286	40.7459	37.4801	1.08713
3797	0.00366375	0.128545	50.1601	-11.6703	2.28676	-0.026928	40.7496	37.4813	1.0872
3798	0.00366465	0.128549	50.1651	-11.6736	2.2886	-0.0269274	40.7532	37.4826	1.08726
3799	0.00366555	0.128553	50.1701	-11.6769	2.29013	-0.0269269	40.7564	37.4838	1.08731
3800	0.00366645	0.128558	50.1751	-11.6803	2.2913	-0.0269264	40.7592	37.4851	1.08734
3801	0.00366734	0.128562	50.1801	-11.6836	2.29207	-0.026926	40.7616	37.4863	1.08737
3802	0.00366824	0.128566	50.1851	-11.6869	2.29243	-0.0269257	40.7637	37.4876	1.08739
3803	0.00366914	0.128571	50.1901	-11.6903	2.29234	-0.0269254	40.7652	37.4888	1.0874
3804	0.00367004	0.128575	50.1951	-11.6936	2.29181	-0.0269251	40.7664	37.49	1.08739
3805	0.00367094	0.128579	50.2	-11.6969	2.29078	-0.0269248	40.767	37.4913	1.08737
3806	0.00367183	0.128583	50.205	-11.7002	2.28929	-0.0269245	40.7672	37.4925	1.08734
3807	0.00367273	0.128588	50.21	-11.7035	2.28737	-0.0269243	40.7669	37.4938	1.0873
3808	0.00367363	0.128592	50.215	-11.7068	2.28506	-0.026924	40.7663	37.495	1.08724
3809	0.00367453	0.128596	50.2199	-11.7102	2.28243	-0.0269238	40.7653	37.4962	1.08718
3810	0.00367543	0.1286	50.2249	-11.7135	2.27955	-0.0269235	40.7641	37.4975	1.08711
3811	0.00367633	0.128605	50.2299	-11.7168	2.27647	-0.0269231	40.7626	37.4987	1.08704
3812	0.00367722	0.128609	50.2348	-11.7201	2.27327	-0.0269228	40.7611	37.5	1.08696
3813	0.00367812	0.128613	50.2398	-11.7234	2.27	-0.0269224	40.7595	37.5012	1.08688
3814	0.00367902	0.128617	50.2447	-11.7267	2.2667	-0.0269221	40.7578	37.5024	1.08681
3815	0.00367992	0.128621	50.2497	-11.73	2.26345	-0.0269216	40.7562	37.5037	1.08673
3816	0.00368082	0.128626	50.2546	-11.7333	2.2603	-0.0269212	40.7547	37.5049	1.08665
3817	0.00368172	0.12863	50.2596	-11.7366	2.2573	-0.0269207	40.7534	37.5061	1.08658
3818	0.00368261	0.128634	50.2645	-11.7398	2.25451	-0.0269202	40.7522	37.5073	1.08651
3819	0.00368351	0.128638	50.2694	-11.7431	2.25197	-0.0269197	40.7513	37.5086	1.08645
3820	0.00368441	0.128642	50.2743	-11.7464	2.24972	-0.0269192	40.7507	37.5098	1.0864
3821	0.00368531	0.128647	50.2793	-11.7497	2.24779	-0.0269187	40.7504	37.511	1.08636
3822	0.00368621	0.128651	50.2842	-11.753	2.2462	-0.0269182	40.7505	37.5122	1.08633
3823	0.00368711	0.128655	50.2891	-11.7563	2.24495	-0.0269177	40.7509	37.5135	1.0863
3824	0.003688	0.128659	50.294	-11.7595	2.24403	-0.0269171	40.7516	37.5147	1.08628
3825	0.0036889	0.128663	50.2989	-11.7628	2.24342	-0.0269166	40.7526	37.5159	1.08628
3826	0.0036898	0.128668	50.3038	-11.7661	2.2431	-0.0269161	40.7539	37.5171	1.08628
3827	0.0036907	0.128672	50.3087	-11.7693	2.24302	-0.0269156	40.7555	37.5183	1.08628
3828	0.0036916	0.128676	50.3136	-11.7726	2.24316	-0.0269151	40.7572	37.5195	1.08629
3829	0.00369249	0.12868	50.3185	-11.7759	2.24346	-0.0269146	40.7592	37.5208	1.08631
3830	0.00369339	0.128684	50.3234	-11.7791	2.2439	-0.0269141	40.7612	37.522	1.08633
3831	0.00369429	0.128688	50.3282	-11.7824	2.24442	-0.0269135	40.7634	37.5232	1.08635
3832	0.00369519	0.128693	50.3331	-11.7856	2.24498	-0.026913	40.7656	37.5244	1.08638
3833	0.00369609	0.128697	50.338	-11.7889	2.24557	-0.0269125	40.7678	37.5256	1.0864
3834	0.00369699	0.128701	50.3429	-11.7921	2.24613	-0.026912	40.77	37.5268	1.08642
3835	0.00369788	0.128705	50.3477	-11.7954	2.24665	-0.0269115	40.7721	37.528	1.08644
3836	0.00369878	0.128709	50.3526	-11.7986	2.24709	-0.026911	40.7742	37.5292	1.08646
3837	0.00369968	0.128713	50.3574	-11.8018	2.24744	-0.0269106	40.7761	37.5304	1.08648
3838	0.00370058	0.128717	50.3623	-11.8051	2.24768	-0.0269101	40.778	37.5316	1.0865
3839	0.00370148	0.128721	50.3671	-11.8083	2.2478	-0.0269096	40.7797	37.5328	1.08651
3840	0.00370237	0.128726	50.3719	-11.8115	2.24779	-0.0269091	40.7813	37.534	1.08652
3841	0.00370327	0.12873	50.3768	-11.8147	2.24765	-0.0269087	40.7828	37.5352	1.08652
3842	0.00370417	0.128734	50.3816	-11.818	2.24739	-0.0269082	40.7841	37.5364	1.08652
3843	0.00370507	0.128738	50.3864	-11.8212	2.24701	-0.0269077	40.7853	37.5376	1.08652
3844	0.00370597	0.128742	50.3912	-11.8244	2.24652	-0.0269073	40.7864	37.5388	1.08651
3845	0.00370686	0.128746	50.396	-11.8276	2.24593	-0.0269068	40.7875	37.54	1.08651
3846	0.00370776	0.12875	50.4008	-11.8308	2.24527	-0.0269064	40.7884	37.5412	1.0865
3847	0.00370866	0.128754	50.4056	-11.834	2.24455	-0.0269059	40.7893	37.5424	1.08649
3848	0.00370956	0.128758	50.4104	-11.8372	2.2438	-0.0269055	40.7901	37.5436	1.08647
3849	0.00371046	0.128762	50.4152	-11.8404	2.24304	-0.0269051	40.7909	37.5447	1.08646
3850	0.00371136	0.128766	50.42	-11.8436	2.24229	-0.0269046	40.7918	37.5459	1.08645
3851	0.00371225	0.12877	50.4247	-11.8468	2.24157	-0.0269042	40.7926	37.5471	1.08644
3852	0.00371315	0.128774	50.4295	-11.8499	2.24091	-0.0269037	40.7936	37.5483	1.08643
3853	0.00371405	0.128779	50.4343	-11.8531	2.24033	-0.0269033	40.7946	37.5495	1.08642
3854	0.00371495	0.128783	50.439	-11.8563	2.23983	-0.0269029	40.7957	37.5506	1.08642
3855	0.00371585	0.128787	50.4437	-11.8594	2.23945	-0.0269024	40.7968	37.5518	1.08641
3856	0.00371675	0.128791	50.4485	-11.8626	2.23918	-0.026902	40.7981	37.553	1.08642
3857	0.00371764	0.128795	50.4532	-11.8658	2.23903	-0.0269015	40.7996	37.5541	1.08642
3858	0.00371854	0.128799	50.4579	-11.8689	2.23901	-0.026901	40.8011	37.5553	1.08643
3859	0.00371944	0.128803	50.4626	-11.8721	2.23911	-0.0269006	40.8028	37.5565	1.08644
3860	0.00372034	0.128807	50.4673	-11.8752	2.23933	-0.0269001	40.8046	37.5576	1.08645
3861	0.00372124	0.128811	50.472	-11.8783	2.23966	-0.0268996	40.8065	37.5588	1.08647
3862	0.00372213	0.128815	50.4767	-11.8815	2.24009	-0.0268991	40.8084	37.56	1.08649
3863	0.00372303	0.128818	50.4814	-11.8846	2.24061	-0.0268986	40.8105	37.5611	1.08651
3864	0.00372393	0.128822	50.4861	-11.8877	2.2412	-0.0268981	40.8127	37.5623	1.08653
3865	0.00372483	0.128826	50.4907	-11.8908	2.24185	-0.0268976	40.8149	37.5634	1.08656
3866	0.00372573	0.12883	50.4954	-11.8939	2.24255	-0.026897	40.8171	37.5646	1.08659
3867	0.00372663	0.128834	50.5	-11.897	2.24328	-0.0268965	40.8194	37.5657	1.08661
3868	0.00372752	0.128838	50.5047	-11.9001	2.24402	-0.026896	40.8217	37.5669	1.08664
3869	0.00372842	0.128842	50.5093	-11.9032	2.24477	-0.0268955	40.8239	37.568	1.08667
3870	0.00372932	0.128846	50.5139	-11.9063	2.24551	-0.026895	40.8262	37.5691	1.0867
3871	0.00373022	0.12885	50.5185	-11.9094	2.24623	-0.0268945	40.8285	37.5703	1.08672
3872	0.00373112	0.128854	50.5231	-11.9125	2.24693	-0.026894	40.8307	37.5714	1.08675
3873	0.00373201	0.128858	50.5277	-11.9155	2.2476	-0.0268934	40.8329	37.5726	1.08677
3874	0.00373291	0.128862	50.5323	-11.9186	2.24824	-0.0268929	40.835	37.5737	1.0868
3875	0.00373381	0.128865	50.5369	-11.9216	2.24883	-0.0268924	40.8372	37.5748	1.08682
3876	0.00373471	0.128869	50.5414	-11.9247	2.2494	-0.026892	40.8392	37.5759	1.08685
3877	0.00373561	0.128873	50.546	-11.9277	2.24992	-0.0268915	40.8413	37.5771	1.08687
3878	0.0037365	0.128877	50.5505	-11.9308	2.25041	-0.026891	40.8433	37.5782	1.08689
3879	0.0037374	0.128881	50.555	-11.9338	2.25087	-0.0268905	40.8452	37.5793	1.08691
3880	0.0037383	0.128885	50.5596	-11.9368	2.25131	-0.02689	40.8472	37.5804	1.08693
3881	0.0037392	0.128888	50.5641	-11.9398	2.25172	-0.0268895	40.8491	37.5815	1.08695
3882	0.0037401	0.128892	50.5686	-11.9428	2.25212	-0.0268891	40.851	37.5826	1.08696
3883	0.003741	0.128896	50.5731	-11.9459	2.25251	-0.0268886	40.8529	37.5837	1.08698
3884	0.00374189	0.1289	50.5776	-11.9489	2.25291	-0.0268881	40.8547	37.5849	1.087
3885	0.00374279	0.128904	50.5821	-11.9518	2.25331	-0.0268877	40.8566	37.586	1.08702
3886	0.00374369	0.128907	50.5865	-11.9548	2.25372	-0.0268872	40.8585	37.5871	1.08704
3887	0.00374459	0.128911	50.591	-11.9578	2.25414	-0.0268867	40.8604	37.5882	1.08706
3888	0.00374549	0.128915	50.5954	-11.9608	2.25459	-0.0268863	40.8623	37.5892	1.08708
3889	0.00374639	0.128919	50.5999	-11.9638	2.25507	-0.0268858	40.8643	37.5903	1.0871
3890	0.00374728	0.128922	50.6043	-11.9667	2.25558	-0.0268853	40.8663	37.5914	1.08712
3891	0.00374818	0.128926	50.6087	-11.9697	2.25612	-0.0268849	40.8683	37.5925	1.08714
3892	0.00374908	0.12893	50.6131	-11.9726	2.2567	-0.0268844	40.8703	37.5936	1.08716
3893	0.00374998	0.128934	50.6175	-11.9756	2.25731	-0.0268839	40.8724	37.5947	1.08719
3894	0.00375088	0.128937	50.6219	-11.9785	2.25796	-0.0268835	40.8745	37.5958	1.08721
3895	0.00375177	0.128941	50.6263	-11.9814	2.25864	-0.026883	40.8766	37.5968	1.08724
3896	0.00375267	0.128945	50.6306	-11.9843	2.25936	-0.0268825	40.8788	37.5979	1.08726
3897	0.00375357	0.128948	50.635	-11.9872	2.26011	-0.0268821	40.881	37.599	1.08729
3898	0.00375447	0.128952	50.6394	-11.9902	2.26088	-0.0268816	40.8832	37.6001	1.08732
3899	0.00375537	0.128956	50.6437	-11.9931	2.26168	-0.0268811	40.8854	37.6011	1.08735
3900	0.00375627	0.128959	50.648	-11.9959	2.2625	-0.0268806	40.8877	37.6022	1.08738
3901	0.00375716	0.128963	50.6523	-11.9988	2.26334	-0.0268802	40.89	37.6033	1.0874
3902	0.00375806	0.128967	50.6566	-12.0017	2.26419	-0.0268797	40.8922	37.6043	1.08743
3903	0.00375896	0.12897	50.6609	-12.0046	2.26505	-0.0268792	40.8945	37.6054	1.08746
3904	0.00375986	0.128974	50.6652	-12.0074	2.26592	-0.0268788	40.8968	37.6064	1.0875
3905	0.00376076	0.128977	50.6695	-12.0103	2.26679	-0.0268783	40.8991	37.6075	1.08753
3906	0.00376166	0.128981	50.6737	-12.0131	2.26767	-0.0268778	40.9014	37.6085	1.08756
3907	0.00376255	0.128985	50.678	-12.016	2.26854	-0.0268774	40.9036	37.6096	1.08759
3908	0.00376345	0.128988	50.6822	-12.0188	2.2694	-0.0268769	40.9059	37.6106	1.08762
3909	0.00376435	0.128992	50.6864	-12.0216	2.27027	-0.0268765	40.9082	37.6116	1.08765
3910	0.00376525	0.128995	50.6906	-12.0245	2.27113	-0.026876	40.9104	37.6127	1.08768
3911	0.00376615	0.128999	50.6948	-12.0273	2.27198	-0.0268755	40.9127	37.6137	1.08771
3912	0.00376704	0.129002	50.699	-12.0301	2.27283	-0.0268751	40.9149	37.6147	1.08774
3913	0.00376794	0.129006	50.7032	-12.0328	2.27367	-0.0268746	40.9171	37.6157	1.08777
3914	0.00376884	0.129009	50.7073	-12.0356	2.2745	-0.0268742	40.9193	37.6168	1.0878
3915	0.00376974	0.129013	50.7115	-12.0384	2.27534	-0.0268737	40.9215	37.6178	1.08782
3916	0.00377064	0.129016	50.7156	-12.0412	2.27617	-0.0268733	40.9237	37.6188	1.08785
3917	0.00377154	0.12902	50.7197	-12.0439	2.277	-0.0268728	40.9259	37.6198	1.08788
3918	0.00377243	0.129023	50.7238	-12.0467	2.27783	-0.0268724	40.9281	37.6208	1.08791
3919	0.00377333	0.129027	50.7279	-12.0494	2.27866	-0.0268719	40.9303	37.6218	1.08794
3920	0.00377423	0.12903	50.732	-12.0521	2.2795	-0.0268715	40.9325	37.6228	1.08797
3921	0.00377513	0.129034	50.7361	-12.0548	2.28034	-0.0268711	40.9347	37.6238	1.088
3922	0.00377603	0.129037	50.7401	-12.0576	2.28119	-0.0268706	40.9369	37.6248	1.08803
3923	0.00377693	0.12904	50.7441	-12.0603	2.28204	-0.0268702	40.9391	37.6258	1.08806
3924	0.00377782	0.129044	50.7482	-12.0629	2.28291	-0.0268697	40.9413	37.6268	1.08809
3925	0.00377872	0.129047	50.7522	-12.0656	2.28378	-0.0268693	40.9435	37.6278	1.08812
3926	0.00377962	0.12905	50.7562	-12.0683	2.28467	-0.0268688	40.9457	37.6287	1.08815
3927	0.00378052	0.129054	50.7601	-12.071	2.28557	-0.0268684	40.9479	37.6297	1.08818
3928	0.00378142	0.129057	50.7641	-12.0736	2.28647	-0.026868	40.9501	37.6307	1.08821
3929	0.00378232	0.12906	50.768	-12.0763	2.28739	-0.0268675	40.9523	37.6317	1.08824
3930	0.00378321	0.129064	50.772	-12.0789	2.28832	-0.0268671	40.9545	37.6326	1.08827
3931	0.00378411	0.129067	50.7759	-12.0815	2.28926	-0.0268666	40.9568	37.6336	1.0883
3932	0.00378501	0.12907	50.7798	-12.0841	2.29021	-0.0268662	40.959	37.6345	1.08834
3933	0.00378591	0.129074	50.7837	-12.0867	2.29116	-0.0268658	40.9613	37.6355	1.08837
3934	0.00378681	0.129077	50.7876	-12.0893	2.29213	-0.0268653	40.9635	37.6364	1.0884
3935	0.00378771	0.12908	50.7914	-12.0919	2.2931	-0.0268649	40.9657	37.6374	1.08843
3936	0.0037886	0.129083	50.7952	-12.0945	2.29407	-0.0268644	40.968	37.6383	1.08846
3937	0.0037895	0.129087	50.7991	-12.097	2.29505	-0.026864	40.9702	37.6393	1.0885
3938	0.0037904	0.12909	50.8029	-12.0996	2.29603	-0.0268636	40.9725	37.6402	1.08853
3939	0.0037913	0.129093	50.8067	-12.1021	2.29701	-0.0268631	40.9747	37.6411	1.08856
3940	0.0037922	0.129096	50.8104	-12.1046	2.298	-0.0268627	40.9769	37.6421	1.08859
3941	0.0037931	0.129099	50.8142	-12.1071	2.29898	-0.0268623	40.9792	37.643	1.08863
3942	0.00379399	0.129102	50.8179	-12.1097	2.29996	-0.0268619	40.9814	37.6439	1.08866
3943	0.00379489	0.129105	50.8217	-12.1121	2.30094	-0.0268614	40.9836	37.6448	1.08869
3944	0.00379579	0.129109	50.8254	-12.1146	2.30192	-0.026861	40.9858	37.6457	1.08872
3945	0.00379669	0.129112	50.8291	-12.1171	2.3029	-0.0268606	40.988	37.6466	1.08876
3946	0.00379759	0.129115	50.8327	-12.1196	2.30387	-0.0268602	40.9902	37.6475	1.08879
3947	0.00379849	0.129118	50.8364	-12.122	2.30484	-0.0268597	40.9924	37.6484	1.08882
3948	0.00379938	0.129121	50.84	-12.1244	2.30581	-0.0268593	40.9945	37.6493	1.08885
3949	0.00380028	0.129124	50.8437	-12.1269	2.30678	-0.0268589	40.9967	37.6502	1.08888
3950	0.00380118	0.129127	50.8473	-12.1293	2.30774	-0.0268585	40.9989	37.6511	1.08892
3951	0.00380208	0.12913	50.8509	-12.1317	2.3087	-0.0268581	41.001	37.6519	1.08895
3952	0.00380298	0.129133	50.8544	-12.1341	2.30966	-0.0268576	41.0031	37.6528	1.08898
3953	0.00380388	0.129136	50.858	-12.1365	2.31061	-0.0268572	41.0053	37.6537	1.08901
3954	0.00380477	0.129139	50.8615	-12.1388	2.31156	-0.0268568	41.0074	37.6546	1.08904
3955	0.00380567	0.129142	50.865	-12.1412	2.31252	-0.0268564	41.0095	37.6554	1.08907
3956	0.00380657	0.129145	50.8685	-12.1435	2.31347	-0.026856	41.0116	37.6563	1.0891
3957	0.00380747	0.129148	50.872	-12.1458	2.31441	-0.0268556	41.0137	37.6571	1.08914
3958	0.00380837	0.129151	50.8754	-12.1482	2.31536	-0.0268552	41.0158	37.658	1.08917
3959	0.00380927	0.129154	50.8789	-12.1505	2.31631	-0.0268548	41.0179	37.6588	1.0892
3960	0.00381017	0.129156	50.8823	-12.1527	2.31725	-0.0268544	41.02	37.6596	1.08923
3961	0.00381106	0.129159	50.8857	-12.155	2.3182	-0.0268539	41.022	37.6605	1.08926
3962	0.00381196	0.129162	50.8891	-12.1573	2.31914	-0.0268535	41.0241	37.6613	1.08929
3963	0.00381286	0.129165	50.8924	-12.1595	2.32008	-0.0268531	41.0261	37.6621	1.08932
3964	0.00381376	0.129168	50.8958	-12.1618	2.32101	-0.0268527	41.0282	37.6629	1.08935
3965	0.00381466	0.12917	50.8991	-12.164	2.32195	-0.0268523	41.0302	37.6637	1.08938
3966	0.00381556	0.129173	50.9024	-12.1662	2.32288	-0.0268519	41.0322	37.6645	1.08941
3967	0.00381645	0.129176	50.9057	-12.1684	2.32381	-0.0268515	41.0342	37.6653	1.08944
3968	0.00381735	0.129179	50.9089	-12.1706	2.32473	-0.0268511	41.0362	37.6661	1.08947
3969	0.00381825	0.129181	50.9122	-12.1727	2.32565	-0.0268507	41.0382	37.6669	1.0895
3970	0.00381915	0.129184	50.9154	-12.1749	2.32657	-0.0268503	41.0402	37.6677	1.08953
3971	0.00382005	0.129187	50.9186	-12.177	2.32748	-0.0268499	41.0422	37.6685	1.08956
3972	0.00382095	0.129189	50.9217	-12.1792	2.32838	-0.0268495	41.0441	37.6693	1.08959
3973	0.00382185	0.129192	50.9249	-12.1813	2.32927	-0.0268491	41.046	37.6701	1.08962
3974	0.00382274	0.129195	50.928	-12.1834	2.33016	-0.0268487	41.048	37.6708	1.08965
3975	0.00382364	0.129197	50.9312	-12.1855	2.33104	-0.0268483	41.0499	37.6716	1.08968
3976	0.00382454	0.1292	50.9343	-12.1875	2.33191	-0.0268478	41.0518	37.6723	1.08971
3977	0.00382544	0.129203	50.9373	-12.1896	2.33277	-0.0268474	41.0537	37.6731	1.08973
3978	0.00382634	0.129205	50.9404	-12.1917	2.33362	-0.026847	41.0555	37.6738	1.08976
3979	0.00382724	0.129208	50.9434	-12.1937	2.33447	-0.0268466	41.0574	37.6746	1.08979
3980	0.00382814	0.12921	50.9464	-12.1957	2.3353	-0.0268462	41.0592	37.6753	1.08982
3981	0.00382903	0.129213	50.9494	-12.1977	2.33612	-0.0268458	41.061	37.676	1.08984
3982	0.00382993	0.129215	50.9524	-12.1997	2.33694	-0.0268454	41.0628	37.6768	1.08987
3983	0.00383083	0.129218	50.9554	-12.2017	2.33774	-0.026845	41.0646	37.6775	1.0899
3984	0.00383173	0.12922	50.9583	-12.2036	2.33853	-0.0268446	41.0663	37.6782	1.08992
3985	0.00383263	0.129223	50.9612	-12.2056	2.33931	-0.0268442	41.0681	37.6789	1.08995
3986	0.00383353	0.129225	50.9641	-12.2075	2.34009	-0.0268438	41.0698	37.6796	1.08997
3987	0.00383443	0.129227	50.967	-12.2095	2.34085	-0.0268434	41.0715	37.6803	1.09
3988	0.00383532	0.12923	50.9698	-12.2114	2.34161	-0.026843	41.0732	37.681	1.09002
3989	0.00383622	0.129232	50.9727	-12.2133	2.34235	-0.0268426	41.0749	37.6817	1.09005
3990	0.00383712	0.129234	50.9755	-12.2152	2.34309	-0.0268422	41.0766	37.6824	1.09007
3991	0.00383802	0.129237	50.9783	-12.217	2.34381	-0.0268418	41.0782	37.6831	1.0901
3992	0.00383892	0.129239	50.981	-12.2189	2.34453	-0.0268414	41.0798	37.6838	1.09012
3993	0.00383982	0.129241	50.9838	-12.2207	2.34524	-0.026841	41.0815	37.6844	1.09014
3994	0.00384072	0.129244	50.9865	-12.2225	2.34595	-0.0268406	41.0831	37.6851	1.09017
3995	0.00384161	0.129246	50.9892	-12.2244	2.34664	-0.0268402	41.0847	37.6858	1.09019
3996	0.00384251	0.129248	50.9919	-12.2262	2.34733	-0.0268398	41.0862	37.6864	1.09021
3997	0.00384341	0.12925	50.9946	-12.2279	2.34801	-0.0268394	41.0878	37.6871	1.09024
3998	0.00384431	0.129253	50.9972	-12.2297	2.34868	-0.026839	41.0893	37.6877	1.09026
3999	0.00384521	0.129255	50.9998	-12.2315	2.34935	-0.0268386	41.0909	37.6883	1.09028
4000	0.00384611	0.129257	51.0024	-12.2332	2.35	-0.0268382	41.0924	37.689	1.0903
4001	0.00384701	0.129259	51.005	-12.2349	2.35066	-0.0268378	41.0939	37.6896	1.09032
4002	0.0038479	0.129261	51.0076	-12.2366	2.3513	-0.0268374	41.0954	37.6902	1.09035
4003	0.0038488	0.129263	51.0101	-12.2383	2.35194	-0.026837	41.0969	37.6908	1.09037
4004	0.0038497	0.129266	51.0126	-12.24	2.35258	-0.0268366	41.0983	37.6915	1.09039
4005	0.0038506	0.129268	51.0151	-12.2417	2.35321	-0.0268362	41.0998	37.6921	1.09041
4006	0.0038515	0.12927	51.0176	-12.2434	2.35383	-0.0268358	41.1012	37.6927	1.09043
4007	0.0038524	0.129272	51.02	-12.245	2.35446	-0.0268354	41.1026	37.6933	1.09045
4008	0.0038533	0.129274	51.0224	-12.2466	2.35507	-0.026835	41.1041	37.6939	1.09047
4009	0.0038542	0.129276	51.0249	-12.2482	2.35569	-0.0268346	41.1055	37.6944	1.09049
4010	0.00385509	0.129278	51.0272	-12.2498	2.3563	-0.0268342	41.1069	37.695	1.09051
4011	0.00385599	0.12928	51.0296	-12.2514	2.3569	-0.0268338	41.1083	37.6956	1.09053
4012	0.00385689	0.129282	51.0319	-12.253	2.3575	-0.0268333	41.1096	37.6962	1.09055
4013	0.00385779	0.129284	51.0342	-12.2545	2.3581	-0.026833	41.111	37.6967	1.09057
4014	0.00385869	0.129286	51.0365	-12.2561	2.3587	-0.0268326	41.1123	37.6973	1.09059
4015	0.00385959	0.129287	51.0388	-12.2576	2.35929	-0.0268322	41.1137	37.6979	1.09061
4016	0.00386049	0.129289	51.0411	-12.2591	2.35987	-0.0268318	41.115	37.6984	1.09063
4017	0.00386139	0.129291	51.0433	-12.2606	2.36046	-0.0268314	41.1163	37.6989	1.09065
4018	0.00386228	0.129293	51.0455	-12.262	2.36103	-0.026831	41.1176	37.6995	1.09067
4019	0.00386318	0.129295	51.0477	-12.2635	2.36161	-0.0268306	41.1189	37.7	1.09069
4020	0.00386408	0.129297	51.0498	-12.265	2.36218	-0.0268302	41.1202	37.7005	1.09071
4021	0.00386498	0.129298	51.052	-12.2664	2.36274	-0.0268298	41.1215	37.7011	1.09072
4022	0.00386588	0.1293	51.0541	-12.2678	2.3633	-0.0268294	41.1227	37.7016	1.09074
4023	0.00386678	0.129302	51.0562	-12.2692	2.36386	-0.0268291	41.124	37.7021	1.09076
4024	0.00386768	0.129304	51.0582	-12.2706	2.36441	-0.0268287	41.1252	37.7026	1.09078
4025	0.00386858	0.129305	51.0603	-12.272	2.36496	-0.0268283	41.1265	37.7031	1.0908
4026	0.00386947	0.129307	51.0623	-12.2733	2.36551	-0.0268279	41.1277	37.7036	1.09082
4027	0.00387037	0.129309	51.0643	-12.2746	2.36605	-0.0268275	41.1289	37.7041	1.09083
4028	0.00387127	0.12931	51.0663	-12.276	2.36658	-0.0268271	41.1301	37.7046	1.09085
4029	0.00387217	0.129312	51.0682	-12.2773	2.36712	-0.0268268	41.1312	37.705	1.09087
4030	0.00387307	0.129314	51.0702	-12.2786	2.36765	-0.0268264	41.1324	37.7055	1.09089
4031	0.00387397	0.129315	51.0721	-12.2799	2.36817	-0.026826	41.1336	37.706	1.0909
4032	0.00387487	0.129317	51.074	-12.2811	2.36869	-0.0268256	41.1347	37.7064	1.09092
4033	0.00387577	0.129318	51.0758	-12.2824	2.36921	-0.0268253	41.1358	37.7069	1.09094
4034	0.00387667	0.12932	51.0777	-12.2836	2.36972	-0.0268249	41.137	37.7073	1.09095
4035	0.00387756	0.129322	51.0795	-12.2848	2.37023	-0.0268245	41.1381	37.7078	1.09097
4036	0.00387846	0.129323	51.0813	-12.2861	2.37074	-0.0268241	41.1392	37.7082	1.09099
4037	0.00387936	0.129325	51.0831	-12.2873	2.37124	-0.0268238	41.1403	37.7087	1.091
4038	0.00388026	0.129326	51.0849	-12.2884	2.37174	-0.0268234	41.1414	37.7091	1.09102
4039	0.00388116	0.129327	51.0866	-12.2896	2.37223	-0.026823	41.1424	37.7095	1.09104
4040	0.00388206	0.129329	51.0884	-12.2908	2.37272	-0.0268226	41.1435	37.7099	1.09105
4041	0.00388296	0.12933	51.0901	-12.2919	2.37321	-0.0268223	41.1445	37.7104	1.09107
4042	0.00388386	0.129332	51.0918	-12.293	2.37369	-0.0268219	41.1456	37.7108	1.09108
4043	0.00388475	0.129333	51.0934	-12.2941	2.37417	-0.0268215	41.1466	37.7112	1.0911
4044	0.00388565	0.129334	51.0951	-12.2952	2.37464	-0.0268211	41.1476	37.7116	1.09111
4045	0.00388655	0.129336	51.0967	-12.2963	2.37511	-0.0268208	41.1486	37.712	1.09113
4046	0.00388745	0.129337	51.0983	-12.2974	2.37558	-0.0268204	41.1496	37.7124	1.09114
4047	0.00388835	0.129339	51.0998	-12.2985	2.37604	-0.02682	41.1506	37.7127	1.09116
4048	0.00388925	0.12934	51.1014	-12.2995	2.3765	-0.0268197	41.1516	37.7131	1.09117
4049	0.00389015	0.129341	51.1029	-12.3005	2.37696	-0.0268193	41.1526	37.7135	1.09119
4050	0.00389105	0.129342	51.1044	-12.3015	2.37741	-0.0268189	41.1535	37.7139	1.0912
4051	0.00389195	0.129344	51.1059	-12.3025	2.37786	-0.0268186	41.1544	37.7142	1.09122
4052	0.00389284	0.129345	51.1074	-12.3035	2.37831	-0.0268182	41.1554	37.7146	1.09123
4053	0.00389374	0.129346	51.1088	-12.3045	2.37875	-0.0268178	41.1563	37.7149	1.09125
4054	0.00389464	0.129347	51.1103	-12.3054	2.37919	-0.0268175	41.1572	37.7153	1.09126
4055	0.00389554	0.129348	51.1117	-12.3064	2.37962	-0.0268171	41.1581	37.7156	1.09127
4056	0.00389644	0.12935	51.113	-12.3073	2.38005	-0.0268168	41.159	37.716	1.09129
4057	0.00389734	0.129351	51.1144	-12.3082	2.38048	-0.0268164	41.1599	37.7163	1.0913
4058	0.00389824	0.129352	51.1157	-12.3091	2.38091	-0.026816	41.1607	37.7166	1.09132
4059	0.00389914	0.129353	51.1171	-12.31	2.38133	-0.0268157	41.1616	37.7169	1.09133
4060	0.00390004	0.129354	51.1183	-12.3108	2.38175	-0.0268153	41.1624	37.7173	1.09134
4061	0.00390093	0.129355	51.1196	-12.3117	2.38216	-0.026815	41.1633	37.7176	1.09136
4062	0.00390183	0.129356	51.1209	-12.3125	2.38258	-0.0268146	41.1641	37.7179	1.09137
4063	0.00390273	0.129357	51.1221	-12.3133	2.38299	-0.0268143	41.1649	37.7182	1.09138
4064	0.00390363	0.129358	51.1233	-12.3141	2.38339	-0.0268139	41.1657	37.7185	1.09139
4065	0.00390453	0.129359	51.1245	-12.3149	2.3838	-0.0268136	41.1665	37.7188	1.09141
4066	0.00390543	0.12936	51.1257	-12.3157	2.3842	-0.0268132	41.1673	37.7191	1.09142
4067	0.00390633	0.129361	51.1268	-12.3165	2.38459	-0.0268129	41.1681	37.7193	1.09143
4068	0.00390723	0.129362	51.1279	-12.3172	2.38499	-0.0268125	41.1689	37.7196	1.09144
4069	0.00390813	0.129363	51.1291	-12.318	2.38537	-0.0268122	41.1696	37.7199	1.09146
4070	0.00390902	0.129364	51.1301	-12.3187	2.38576	-0.0268118	41.1704	37.7201	1.09147
4071	0.00390992	0.129365	51.1312	-12.3194	2.38614	-0.0268115	41.1711	37.7204	1.09148
4072	0.00391082	0.129366	51.1323	-12.3201	2.38651	-0.0268111	41.1718	37.7207	1.09149
4073	0.00391172	0.129367	51.1333	-12.3208	2.38688	-0.0268108	41.1725	37.7209	1.0915
4074	0.00391262	0.129367	51.1343	-12.3215	2.38724	-0.0268104	41.1732	37.7212	1.09152
4075	0.00391352	0.129368	51.1353	-12.3222	2.3876	-0.0268101	41.1739	37.7214	1.09153
4076	0.00391442	0.129369	51.1363	-12.3228	2.38795	-0.0268097	41.1746	37.7217	1.09154
4077	0.00391532	0.12937	51.1373	-12.3235	2.38829	-0.0268093	41.1753	37.7219	1.09155
4078	0.00391621	0.129371	51.1382	-12.3241	2.38863	-0.026809	41.1759	37.7221	1.09156
4079	0.00391711	0.129371	51.1392	-12.3247	2.38896	-0.0268086	41.1766	37.7224	1.09157
4080	0.00391801	0.129372	51.1401	-12.3254	2.38928	-0.0268083	41.1772	37.7226	1.09158
4081	0.00391891	0.129373	51.141	-12.326	2.3896	-0.0268079	41.1778	37.7228	1.09159
4082	0.00391981	0.129374	51.1419	-12.3265	2.3899	-0.0268076	41.1784	37.723	1.0916
4083	0.00392071	0.129374	51.1427	-12.3271	2.3902	-0.0268072	41.179	37.7232	1.09161
4084	0.00392161	0.129375	51.1436	-12.3277	2.3905	-0.0268069	41.1796	37.7234	1.09162
4085	0.00392251	0.129376	51.1444	-12.3283	2.39078	-0.0268065	41.1801	37.7236	1.09163
4086	0.00392341	0.129377	51.1452	-12.3288	2.39106	-0.0268061	41.1807	37.7238	1.09164
4087	0.0039243	0.129377	51.146	-12.3293	2.39133	-0.0268058	41.1812	37.724	1.09164
4088	0.0039252	0.129378	51.1468	-12.3299	2.39159	-0.0268054	41.1817	37.7242	1.09165
4089	0.0039261	0.129379	51.1476	-12.3304	2.39185	-0.0268051	41.1822	37.7244	1.09166
4090	0.003927	0.129379	51.1483	-12.3309	2.3921	-0.0268047	41.1827	37.7246	1.09167
4091	0.0039279	0.12938	51.1491	-12.3314	2.39234	-0.0268044	41.1832	37.7248	1.09168
4092	0.0039288	0.12938	51.1498	-12.3319	2.39257	-0.026804	41.1837	37.725	1.09168
4093	0.0039297	0.129381	51.1505	-12.3323	2.3928	-0.0268036	41.1842	37.7251	1.09169
4094	0.0039306	0.129382	51.1512	-12.3328	2.39303	-0.0268033	41.1846	37.7253	1.0917
4095	0.00393149	0.129382	51.1519	-12.3333	2.39325	-0.0268029	41.1851	37.7255	1.0917
4096	0.00393239	0.129383	51.1526	-12.3337	2.39346	-0.0268026	41.1855	37.7256	1.09171
4097	0.00393329	0.129383	51.1532	-12.3341	2.39367	-0.0268022	41.1859	37.7258	1.09172
4098	0.00393419	0.129384	51.1539	-12.3346	2.39387	-0.0268018	41.1864	37.7259	1.09172
4099	0.00393509	0.129384	51.1545	-12.335	2.39407	-0.0268015	41.1868	37.7261	1.09173
4100	0.00393599	0.129385	51.1551	-12.3354	2.39426	-0.0268011	41.1872	37.7263	1.09174
4101	0.00393689	0.129385	51.1557	-12.3358	2.39444	-0.0268008	41.1875	37.7264	1.09174
4102	0.00393779	0.129386	51.1563	-12.3362	2.39463	-0.0268004	41.1879	37.7265	1.09175
4103	0.00393869	0.129386	51.1568	-12.3366	2.3948	-0.0268	41.1883	37.7267	1.09175
4104	0.00393958	0.129387	51.1574	-12.3369	2.39497	-0.0267997	41.1886	37.7268	1.09176
4105	0.00394048	0.129387	51.1579	-12.3373	2.39513	-0.0267993	41.189	37.7269	1.09177
4106	0.00394138	0.129388	51.1584	-12.3376	2.39529	-0.0267989	41.1893	37.7271	1.09177
4107	0.00394228	0.129388	51.1589	-12.338	2.39543	-0.0267986	41.1896	37.7272	1.09177
4108	0.00394318	0.129389	51.1594	-12.3383	2.39557	-0.0267982	41.1899	37.7273	1.09178
4109	0.00394408	0.129389	51.1599	-12.3386	2.39569	-0.0267979	41.1902	37.7274	1.09178
4110	0.00394498	0.129389	51.1604	-12.3389	2.39581	-0.0267975	41.1905	37.7276	1.09179
4111	0.00394588	0.12939	51.1608	-12.3392	2.39591	-0.0267971	41.1907	37.7277	1.09179
4112	0.00394677	0.12939	51.1613	-12.3395	2.396	-0.0267968	41.191	37.7278	1.09179
4113	0.00394767	0.12939	51.1617	-12.3398	2.39607	-0.0267964	41.1912	37.7279	1.0918
4114	0.00394857	0.129391	51.1621	-12.3401	2.39613	-0.026796	41.1914	37.728	1.0918
4115	0.00394947	0.129391	51.1625	-12.3404	2.39618	-0.0267957	41.1916	37.7281	1.0918
4116	0.00395037	0.129391	51.1629	-12.3406	2.3962	-0.0267953	41.1917	37.7282	1.0918
4117	0.00395127	0.129392	51.1633	-12.3409	2.39621	-0.0267949	41.1918	37.7283	1.0918
4118	0.00395217	0.129392	51.1636	-12.3411	2.39621	-0.0267946	41.192	37.7284	1.0918
4119	0.00395307	0.129392	51.164	-12.3413	2.39618	-0.0267942	41.1921	37.7284	1.0918
4120	0.00395396	0.129393	51.1643	-12.3415	2.39614	-0.0267938	41.1921	37.7285	1.0918
4121	0.00395486	0.129393	51.1646	-12.3418	2.39608	-0.0267934	41.1922	37.7286	1.0918
4122	0.00395576	0.129393	51.1649	-12.342	2.396	-0.026793	41.1922	37.7287	1.0918
4123	0.00395666	0.129393	51.1652	-12.3421	2.39591	-0.0267927	41.1922	37.7288	1.0918
4124	0.00395756	0.129394	51.1655	-12.3423	2.3958	-0.0267923	41.1922	37.7288	1.0918
4125	0.00395846	0.129394	51.1658	-12.3425	2.39567	-0.0267919	41.1921	37.7289	1.09179
4126	0.00395936	0.129394	51.166	-12.3427	2.39553	-0.0267915	41.1921	37.7289	1.09179
4127	0.00396025	0.129394	51.1662	-12.3428	2.39538	-0.0267911	41.192	37.729	1.09179
4128	0.00396115	0.129394	51.1665	-12.343	2.39521	-0.0267907	41.1919	37.7291	1.09178
4129	0.00396205	0.129395	51.1667	-12.3431	2.39504	-0.0267903	41.1918	37.7291	1.09178
4130	0.00396295	0.129395	51.1668	-12.3432	2.39485	-0.0267899	41.1917	37.7292	1.09177
4131	0.00396385	0.129395	51.167	-12.3433	2.39467	-0.0267895	41.1916	37.7292	1.09177
4132	0.00396475	0.129395	51.1672	-12.3434	2.39448	-0.0267891	41.1914	37.7292	1.09176
4133	0.00396565	0.129395	51.1673	-12.3435	2.39429	-0.0267887	41.1913	37.7293	1.09176
4134	0.00396655	0.129395	51.1674	-12.3436	2.39411	-0.0267883	41.1912	37.7293	1.09175
4135	0.00396744	0.129395	51.1675	-12.3437	2.39393	-0.0267879	41.191	37.7293	1.09175
4136	0.00396834	0.129396	51.1676	-12.3437	2.39375	-0.0267875	41.1909	37.7294	1.09175
4137	0.00396924	0.129396	51.1677	-12.3438	2.39359	-0.026787	41.1907	37.7294	1.09174
4138	0.00397014	0.129396	51.1678	-12.3438	2.39344	-0.0267866	41.1906	37.7294	1.09174
4139	0.00397104	0.129396	51.1678	-12.3438	2.3933	-0.0267862	41.1905	37.7294	1.09173
4140	0.00397194	0.129396	51.1679	-12.3439	2.39317	-0.0267858	41.1904	37.7294	1.09173
4141	0.00397284	0.129396	51.1679	-12.3439	2.39305	-0.0267854	41.1903	37.7294	1.09173
4142	0.00397373	0.129396	51.1679	-12.3439	2.39294	-0.0267849	41.1902	37.7294	1.09173
4143	0.00397463	0.129396	51.1679	-12.3439	2.39284	-0.0267845	41.1901	37.7294	1.09172
4144	0.00397553	0.129396	51.1679	-12.3439	2.39274	-0.0267841	41.19	37.7294	1.09172
4145	0.00397643	0.129396	51.1679	-12.3439	2.39263	-0.0267837	41.1899	37.7294	1.09172
4146	0.00397733	0.129396	51.1679	-12.3439	2.39251	-0.0267833	41.1898	37.7294	1.09171
4147	0.00397823	0.129396	51.1679	-12.3439	2.39238	-0.0267828	41.1896	37.7294	1.09171
4148	0.00397913	0.129396	51.1679	-12.3439	2.39221	-0.0267824	41.1894	37.7294	1.09171
4149	0.00398002	0.129396	51.1679	-12.3438	2.39202	-0.026782	41.1892	37.7294	1.0917
4150	0.00398092	0.129396	51.1678	-12.3438	2.39178	-0.0267816	41.189	37.7294	1.09169
4151	0.00398182	0.129396	51.1678	-12.3438	2.3915	-0.0267811	41.1887	37.7294	1.09169
4152	0.00398272	0.129396	51.1678	-12.3438	2.39116	-0.0267807	41.1884	37.7294	1.09168
4153	0.00398362	0.129396	51.1677	-12.3438	2.39077	-0.0267803	41.188	37.7294	1.09167
4154	0.00398452	0.129396	51.1677	-12.3437	2.39031	-0.0267799	41.1875	37.7294	1.09166
4155	0.00398541	0.129396	51.1677	-12.3437	2.3898	-0.0267794	41.187	37.7294	1.09164
4156	0.00398631	0.129396	51.1676	-12.3437	2.38921	-0.026779	41.1864	37.7294	1.09163
4157	0.00398721	0.129396	51.1676	-12.3436	2.38855	-0.0267786	41.1857	37.7294	1.09161
4158	0.00398811	0.129395	51.1675	-12.3436	2.38782	-0.0267781	41.1849	37.7294	1.09159
4159	0.00398901	0.129395	51.1674	-12.3435	2.38701	-0.0267777	41.1841	37.7293	1.09157
4160	0.00398991	0.129395	51.1673	-12.3435	2.38613	-0.0267772	41.1832	37.7293	1.09154
4161	0.00399081	0.129395	51.1672	-12.3434	2.38516	-0.0267768	41.1822	37.7293	1.09152
4162	0.0039917	0.129395	51.1671	-12.3434	2.38412	-0.0267763	41.1811	37.7293	1.09149
4163	0.0039926	0.129395	51.167	-12.3433	2.383	-0.0267758	41.18	37.7293	1.09146
4164	0.0039935	0.129395	51.1669	-12.3432	2.38179	-0.0267753	41.1787	37.7292	1.09143
4165	0.0039944	0.129395	51.1668	-12.3431	2.38047	-0.0267748	41.1774	37.7292	1.09139
4166	0.0039953	0.129395	51.1667	-12.343	2.37899	-0.0267743	41.1759	37.7292	1.09135
4167	0.0039962	0.129395	51.1665	-12.3429	2.37718	-0.0267738	41.174	37.7291	1.09131
4168	0.00399709	0.129395	51.1663	-12.3428	2.37439	-0.0267732	41.1712	37.7291	1.09123
4169	0.00399799	0.129394	51.1662	-12.3427	2.37047	-0.0267725	41.1672	37.7291	1.09113
4170	0.00399889	0.129394	51.166	-12.3426	2.36744	-0.0267717	41.1641	37.729	1.09105
4171	0.00399979	0.129394	51.1658	-12.3424	2.36506	-0.026771	41.1617	37.729	1.09098
4172	0.00400069	0.129394	51.1656	-12.3423	2.36321	-0.0267703	41.1598	37.7289	1.09093
4173	0.00400159	0.129394	51.1654	-12.3421	2.36175	-0.0267696	41.1582	37.7289	1.09089
4174	0.00400248	0.129394	51.1652	-12.342	2.36059	-0.0267688	41.157	37.7288	1.09086
4175	0.00400338	0.129393	51.1649	-12.3418	2.3597	-0.0267681	41.156	37.7288	1.09084
4176	0.00400428	0.129393	51.1647	-12.3416	2.35903	-0.0267673	41.1553	37.7287	1.09082
4177	0.00400518	0.129393	51.1644	-12.3415	2.35858	-0.0267666	41.1547	37.7286	1.09081
4178	0.00400608	0.129393	51.1641	-12.3413	2.35831	-0.0267659	41.1544	37.7286	1.0908
4179	0.00400698	0.129393	51.1638	-12.3411	2.35962	-0.0267652	41.1556	37.7285	1.09084
4180	0.00400787	0.129392	51.1635	-12.3408	2.3622	-0.0267647	41.1581	37.7284	1.0909
4181	0.00400877	0.129392	51.1631	-12.3406	2.36488	-0.0267641	41.1607	37.7284	1.09097
4182	0.00400967	0.129392	51.1628	-12.3404	2.3675	-0.0267634	41.1632	37.7283	1.09104
4183	0.00401057	0.129391	51.1624	-12.3401	2.37	-0.0267628	41.1655	37.7282	1.09111
4184	0.00401147	0.129391	51.162	-12.3398	2.37233	-0.0267623	41.1677	37.7281	1.09117
4185	0.00401237	0.129391	51.1616	-12.3395	2.37443	-0.0267617	41.1697	37.728	1.09122
4186	0.00401326	0.12939	51.1612	-12.3392	2.37626	-0.0267612	41.1714	37.7279	1.09127
4187	0.00401416	0.12939	51.1607	-12.3389	2.37778	-0.0267608	41.1728	37.7278	1.09131
4188	0.00401506	0.12939	51.1602	-12.3386	2.37894	-0.0267604	41.1738	37.7277	1.09134
4189	0.00401596	0.129389	51.1597	-12.3382	2.37972	-0.02676	41.1744	37.7276	1.09136
4190	0.00401686	0.129389	51.1592	-12.3379	2.3801	-0.0267597	41.1746	37.7274	1.09137
4191	0.00401775	0.129388	51.1586	-12.3375	2.38006	-0.0267594	41.1744	37.7273	1.09137
4192	0.00401865	0.129388	51.158	-12.3371	2.3796	-0.0267591	41.1738	37.7272	1.09136
4193	0.00401955	0.129387	51.1574	-12.3367	2.37869	-0.0267588	41.1727	37.727	1.09133
4194	0.00402045	0.129387	51.1568	-12.3362	2.37731	-0.0267585	41.1711	37.7269	1.09129
4195	0.00402135	0.129386	51.1561	-12.3358	2.3755	-0.0267582	41.169	37.7267	1.09124
4196	0.00402224	0.129386	51.1554	-12.3353	2.37329	-0.0267579	41.1666	37.7265	1.09118
4197	0.00402314	0.129385	51.1546	-12.3348	2.37073	-0.0267575	41.1638	37.7264	1.09112
4198	0.00402404	0.129385	51.1539	-12.3343	2.36787	-0.0267571	41.1607	37.7262	1.09104
4199	0.00402494	0.129384	51.1531	-12.3337	2.36478	-0.0267567	41.1574	37.726	1.09095
4200	0.00402584	0.129383	51.1522	-12.3331	2.36147	-0.0267563	41.1538	37.7258	1.09087
4201	0.00402674	0.129383	51.1514	-12.3326	2.35798	-0.0267558	41.15	37.7256	1.09077
4202	0.00402763	0.129382	51.1504	-12.3319	2.35432	-0.0267553	41.1461	37.7254	1.09067
4203	0.00402853	0.129381	51.1495	-12.3313	2.35052	-0.0267547	41.142	37.7252	1.09057
4204	0.00402943	0.12938	51.1485	-12.3306	2.34649	-0.0267541	41.1376	37.7249	1.09046
4205	0.00403033	0.129379	51.1475	-12.3299	2.34196	-0.0267534	41.1328	37.7247	1.09034
4206	0.00403123	0.129379	51.1464	-12.3292	2.33488	-0.0267525	41.1254	37.7244	1.09015
4207	0.00403212	0.129378	51.1453	-12.3284	2.32915	-0.0267516	41.1193	37.7242	1.09
4208	0.00403302	0.129377	51.1442	-12.3277	2.32449	-0.0267507	41.1142	37.7239	1.08987
4209	0.00403392	0.129376	51.143	-12.3268	2.32076	-0.0267498	41.1101	37.7236	1.08977
4210	0.00403482	0.129375	51.1417	-12.326	2.31777	-0.0267489	41.1067	37.7233	1.08969
4211	0.00403572	0.129374	51.1404	-12.3251	2.31539	-0.026748	41.104	37.723	1.08962
4212	0.00403661	0.129373	51.1391	-12.3242	2.31354	-0.0267471	41.1017	37.7227	1.08957
4213	0.00403751	0.129372	51.1377	-12.3233	2.31218	-0.0267462	41.0999	37.7224	1.08954
4214	0.00403841	0.12937	51.1363	-12.3223	2.31126	-0.0267453	41.0985	37.7221	1.08951
4215	0.00403931	0.129369	51.1348	-12.3213	2.31073	-0.0267444	41.0975	37.7217	1.08949
4216	0.00404021	0.129368	51.1333	-12.3203	2.31073	-0.0267436	41.097	37.7214	1.08949
4217	0.0040411	0.129367	51.1317	-12.3192	2.31318	-0.0267429	41.099	37.721	1.08955
4218	0.004042	0.129365	51.1301	-12.3181	2.3161	-0.0267421	41.1014	37.7206	1.08963
4219	0.0040429	0.129364	51.1284	-12.317	2.31906	-0.0267414	41.1038	37.7202	1.0897
4220	0.0040438	0.129363	51.1267	-12.3158	2.32197	-0.0267407	41.1062	37.7198	1.08978
4221	0.00404469	0.129361	51.1249	-12.3146	2.32475	-0.0267399	41.1084	37.7194	1.08985
4222	0.00404559	0.12936	51.1231	-12.3133	2.32733	-0.0267392	41.1103	37.7189	1.08991
4223	0.00404649	0.129358	51.1212	-12.312	2.32962	-0.0267386	41.112	37.7185	1.08997
4224	0.00404739	0.129357	51.1192	-12.3107	2.33157	-0.026738	41.1134	37.718	1.09002
4225	0.00404829	0.129355	51.1172	-12.3093	2.33313	-0.0267374	41.1143	37.7175	1.09006
4226	0.00404918	0.129353	51.1151	-12.3079	2.33423	-0.0267369	41.1147	37.717	1.09008
4227	0.00405008	0.129352	51.113	-12.3065	2.33485	-0.0267364	41.1146	37.7165	1.0901
4228	0.00405098	0.12935	51.1108	-12.305	2.33497	-0.026736	41.114	37.716	1.09009
4229	0.00405188	0.129348	51.1085	-12.3034	2.33457	-0.0267356	41.1129	37.7155	1.09008
4230	0.00405277	0.129346	51.1062	-12.3019	2.3336	-0.0267352	41.1112	37.7149	1.09005
4231	0.00405367	0.129344	51.1038	-12.3003	2.33207	-0.0267348	41.1089	37.7144	1.09001
4232	0.00405457	0.129342	51.1014	-12.2986	2.33001	-0.0267343	41.1061	37.7138	1.08995
4233	0.00405547	0.12934	51.0989	-12.2969	2.32746	-0.0267339	41.1027	37.7132	1.08988
4234	0.00405637	0.129338	51.0963	-12.2952	2.32447	-0.0267335	41.0989	37.7126	1.08979
4235	0.00405726	0.129336	51.0937	-12.2934	2.32111	-0.026733	41.0947	37.712	1.0897
4236	0.00405816	0.129334	51.0909	-12.2915	2.31743	-0.0267325	41.0901	37.7113	1.0896
4237	0.00405906	0.129331	51.0882	-12.2896	2.31351	-0.026732	41.0853	37.7107	1.08949
4238	0.00405996	0.129329	51.0853	-12.2877	2.30941	-0.0267314	41.0803	37.71	1.08937
4239	0.00406085	0.129327	51.0824	-12.2857	2.30514	-0.0267309	41.0751	37.7093	1.08926
4240	0.00406175	0.129324	51.0794	-12.2837	2.30073	-0.0267302	41.0697	37.7086	1.08913
4241	0.00406265	0.129322	51.0764	-12.2817	2.29617	-0.0267296	41.0642	37.7078	1.08901
4242	0.00406355	0.129319	51.0733	-12.2795	2.29134	-0.0267289	41.0583	37.7071	1.08888
4243	0.00406445	0.129317	51.0701	-12.2774	2.28551	-0.0267281	41.0515	37.7063	1.08872
4244	0.00406534	0.129314	51.0668	-12.2752	2.27836	-0.0267271	41.0433	37.7056	1.08852
4245	0.00406624	0.129311	51.0635	-12.2729	2.2725	-0.0267262	41.0363	37.7048	1.08836
4246	0.00406714	0.129308	51.06	-12.2706	2.26771	-0.0267252	41.0304	37.704	1.08823
4247	0.00406804	0.129306	51.0566	-12.2682	2.26385	-0.0267242	41.0255	37.7031	1.08812
4248	0.00406893	0.129303	51.053	-12.2658	2.26074	-0.0267232	41.0212	37.7023	1.08803
4249	0.00406983	0.1293	51.0494	-12.2634	2.25825	-0.0267222	41.0175	37.7014	1.08796
4250	0.00407073	0.129297	51.0457	-12.2609	2.25632	-0.0267211	41.0144	37.7005	1.0879
4251	0.00407163	0.129293	51.0419	-12.2583	2.25489	-0.0267201	41.0118	37.6996	1.08786
4252	0.00407252	0.12929	51.038	-12.2557	2.25393	-0.0267191	41.0095	37.6987	1.08782
4253	0.00407342	0.129287	51.0341	-12.2531	2.25336	-0.0267181	41.0077	37.6978	1.0878
4254	0.00407432	0.129284	51.0301	-12.2503	2.25444	-0.0267172	41.0075	37.6968	1.08782
4255	0.00407522	0.12928	51.026	-12.2476	2.25703	-0.0267164	41.0088	37.6958	1.08789
4256	0.00407611	0.129277	51.0219	-12.2448	2.25981	-0.0267155	41.0102	37.6948	1.08795
4257	0.00407701	0.129274	51.0176	-12.2419	2.2626	-0.0267146	41.0116	37.6938	1.08802
4258	0.00407791	0.12927	51.0133	-12.239	2.26531	-0.0267137	41.0129	37.6928	1.08808
4259	0.00407881	0.129266	51.0089	-12.236	2.26788	-0.0267129	41.0141	37.6917	1.08814
4260	0.0040797	0.129263	51.0045	-12.233	2.27022	-0.0267121	41.015	37.6907	1.0882
4261	0.0040806	0.129259	50.9999	-12.23	2.27226	-0.0267113	41.0155	37.6896	1.08825
4262	0.0040815	0.129255	50.9953	-12.2268	2.27394	-0.0267106	41.0157	37.6885	1.08828
4263	0.0040824	0.129251	50.9906	-12.2237	2.27521	-0.0267099	41.0155	37.6873	1.08831
4264	0.00408329	0.129247	50.9859	-12.2204	2.27602	-0.0267092	41.0147	37.6862	1.08832
4265	0.00408419	0.129243	50.981	-12.2172	2.27635	-0.0267087	41.0135	37.685	1.08832
4266	0.00408509	0.129239	50.9761	-12.2138	2.27616	-0.0267081	41.0117	37.6838	1.08831
4267	0.00408599	0.129235	50.9711	-12.2105	2.27545	-0.0267076	41.0093	37.6826	1.08828
4268	0.00408688	0.129231	50.966	-12.207	2.27416	-0.026707	41.0064	37.6814	1.08824
4269	0.00408778	0.129227	50.9608	-12.2036	2.27232	-0.0267065	41.0029	37.6802	1.08818
4270	0.00408868	0.129223	50.9556	-12.2	2.26998	-0.026706	40.9988	37.6789	1.08811
4271	0.00408958	0.129218	50.9503	-12.1964	2.26718	-0.0267054	40.9943	37.6776	1.08803
4272	0.00409047	0.129214	50.9449	-12.1928	2.26398	-0.0267048	40.9894	37.6764	1.08793
4273	0.00409137	0.129209	50.9394	-12.1891	2.26044	-0.0267042	40.984	37.675	1.08783
4274	0.00409227	0.129205	50.9339	-12.1854	2.25663	-0.0267036	40.9784	37.6737	1.08772
4275	0.00409317	0.1292	50.9283	-12.1816	2.25262	-0.026703	40.9726	37.6723	1.0876
4276	0.00409406	0.129195	50.9226	-12.1778	2.24846	-0.0267023	40.9666	37.671	1.08748
4277	0.00409496	0.12919	50.9168	-12.1739	2.24419	-0.0267016	40.9604	37.6696	1.08736
4278	0.00409586	0.129186	50.911	-12.1699	2.23984	-0.0267009	40.9542	37.6682	1.08724
4279	0.00409676	0.129181	50.905	-12.1659	2.23543	-0.0267001	40.9478	37.6667	1.08711
4280	0.00409765	0.129176	50.899	-12.1619	2.23091	-0.0266993	40.9414	37.6653	1.08698
4281	0.00409855	0.129171	50.893	-12.1578	2.22607	-0.0266984	40.9345	37.6638	1.08684
4282	0.00409945	0.129166	50.8868	-12.1537	2.21914	-0.0266974	40.9256	37.6623	1.08664
4283	0.00410035	0.129161	50.8806	-12.1495	2.21308	-0.0266963	40.9175	37.6608	1.08647
4284	0.00410124	0.129155	50.8743	-12.1452	2.20816	-0.0266953	40.9105	37.6593	1.08633
4285	0.00410214	0.12915	50.8679	-12.1409	2.20423	-0.0266942	40.9045	37.6578	1.08622
4286	0.00410304	0.129145	50.8615	-12.1366	2.20112	-0.026693	40.8993	37.6562	1.08612
4287	0.00410394	0.129139	50.855	-12.1322	2.19867	-0.0266919	40.8947	37.6547	1.08605
4288	0.00410483	0.129134	50.8484	-12.1278	2.1968	-0.0266908	40.8907	37.6531	1.08599
4289	0.00410573	0.129128	50.8418	-12.1233	2.19545	-0.0266897	40.8872	37.6515	1.08594
4290	0.00410663	0.129123	50.835	-12.1188	2.19457	-0.0266886	40.8841	37.6498	1.0859
4291	0.00410752	0.129117	50.8282	-12.1142	2.19409	-0.0266875	40.8814	37.6482	1.08588
4292	0.00410842	0.129111	50.8214	-12.1096	2.1953	-0.0266864	40.8804	37.6465	1.0859
4293	0.00410932	0.129106	50.8144	-12.1049	2.19798	-0.0266855	40.8808	37.6448	1.08596
4294	0.00411022	0.1291	50.8074	-12.1002	2.20085	-0.0266845	40.8814	37.6431	1.08602
4295	0.00411111	0.129094	50.8004	-12.0955	2.20375	-0.0266835	40.882	37.6414	1.08609
4296	0.00411201	0.129088	50.7932	-12.0907	2.2066	-0.0266825	40.8825	37.6397	1.08615
4297	0.00411291	0.129082	50.786	-12.0858	2.20932	-0.0266815	40.8828	37.6379	1.08621
4298	0.0041138	0.129076	50.7788	-12.081	2.21185	-0.0266806	40.883	37.6362	1.08627
4299	0.0041147	0.12907	50.7714	-12.076	2.2141	-0.0266797	40.8828	37.6344	1.08632
4300	0.0041156	0.129064	50.764	-12.0711	2.21602	-0.0266788	40.8823	37.6326	1.08635
4301	0.0041165	0.129057	50.7566	-12.066	2.21755	-0.0266781	40.8814	37.6308	1.08638
4302	0.00411739	0.129051	50.7491	-12.061	2.21866	-0.0266773	40.88	37.629	1.0864
4303	0.00411829	0.129045	50.7415	-12.0559	2.2193	-0.0266766	40.8782	37.6271	1.0864
4304	0.00411919	0.129038	50.7338	-12.0508	2.21946	-0.0266759	40.8758	37.6253	1.08639
4305	0.00412008	0.129032	50.7261	-12.0456	2.21912	-0.0266753	40.873	37.6234	1.08637
4306	0.00412098	0.129026	50.7183	-12.0404	2.21823	-0.0266747	40.8695	37.6215	1.08634
4307	0.00412188	0.129019	50.7105	-12.0351	2.21682	-0.0266741	40.8656	37.6196	1.08628
4308	0.00412278	0.129012	50.7026	-12.0298	2.21492	-0.0266734	40.8611	37.6177	1.08622
4309	0.00412367	0.129006	50.6947	-12.0245	2.21258	-0.0266728	40.8561	37.6157	1.08614
4310	0.00412457	0.128999	50.6867	-12.0191	2.20986	-0.0266721	40.8508	37.6138	1.08606
4311	0.00412547	0.128992	50.6786	-12.0137	2.20682	-0.0266715	40.8451	37.6118	1.08596
4312	0.00412637	0.128986	50.6705	-12.0083	2.20353	-0.0266708	40.8391	37.6098	1.08586
4313	0.00412726	0.128979	50.6624	-12.0028	2.20006	-0.0266701	40.833	37.6078	1.08576
4314	0.00412816	0.128972	50.6541	-11.9973	2.19648	-0.0266693	40.8267	37.6058	1.08565
4315	0.00412906	0.128965	50.6459	-11.9917	2.19282	-0.0266685	40.8203	37.6038	1.08554
4316	0.00412995	0.128958	50.6375	-11.9861	2.18914	-0.0266677	40.8139	37.6018	1.08542
4317	0.00413085	0.128951	50.6292	-11.9805	2.1855	-0.0266669	40.8075	37.5997	1.08531
4318	0.00413175	0.128944	50.6207	-11.9749	2.18195	-0.026666	40.8012	37.5977	1.0852
4319	0.00413265	0.128937	50.6123	-11.9692	2.17852	-0.0266652	40.7949	37.5956	1.0851
4320	0.00413354	0.12893	50.6038	-11.9635	2.17526	-0.0266642	40.7889	37.5935	1.085
4321	0.00413444	0.128922	50.5952	-11.9577	2.17218	-0.0266633	40.783	37.5914	1.0849
4322	0.00413534	0.128915	50.5866	-11.952	2.16927	-0.0266624	40.7772	37.5893	1.08481
4323	0.00413623	0.128908	50.5779	-11.9462	2.16647	-0.0266614	40.7716	37.5872	1.08472
4324	0.00413713	0.1289	50.5692	-11.9403	2.1636	-0.0266604	40.7658	37.585	1.08463
4325	0.00413803	0.128893	50.5605	-11.9345	2.15957	-0.0266593	40.7589	37.5829	1.08451
4326	0.00413893	0.128886	50.5517	-11.9286	2.15577	-0.0266581	40.7522	37.5807	1.08439
4327	0.00413982	0.128878	50.5428	-11.9227	2.15304	-0.026657	40.7466	37.5786	1.0843
4328	0.00414072	0.128871	50.534	-11.9167	2.15116	-0.0266558	40.7417	37.5764	1.08424
4329	0.00414162	0.128863	50.525	-11.9108	2.14993	-0.0266547	40.7376	37.5742	1.08419
4330	0.00414251	0.128856	50.5161	-11.9048	2.14922	-0.0266535	40.7339	37.572	1.08416
4331	0.00414341	0.128848	50.5071	-11.8987	2.14895	-0.0266523	40.7307	37.5698	1.08413
4332	0.00414431	0.128841	50.4981	-11.8927	2.14902	-0.0266512	40.7278	37.5676	1.08412
4333	0.00414521	0.128833	50.489	-11.8866	2.1494	-0.02665	40.7251	37.5653	1.08411
4334	0.0041461	0.128825	50.4799	-11.8805	2.15195	-0.026649	40.7247	37.5631	1.08417
4335	0.004147	0.128818	50.4708	-11.8744	2.15527	-0.0266479	40.725	37.5608	1.08424
4336	0.0041479	0.12881	50.4616	-11.8683	2.15864	-0.0266468	40.7253	37.5586	1.08431
4337	0.00414879	0.128802	50.4524	-11.8622	2.16196	-0.0266457	40.7256	37.5563	1.08439
4338	0.00414969	0.128794	50.4432	-11.856	2.16515	-0.0266447	40.7257	37.554	1.08446
4339	0.00415059	0.128786	50.4339	-11.8498	2.16816	-0.0266436	40.7257	37.5518	1.08452
4340	0.00415148	0.128779	50.4247	-11.8436	2.17093	-0.0266426	40.7254	37.5495	1.08458
4341	0.00415238	0.128771	50.4153	-11.8374	2.17341	-0.0266416	40.7247	37.5472	1.08463
4342	0.00415328	0.128763	50.406	-11.8311	2.17554	-0.0266407	40.7238	37.5449	1.08467
4343	0.00415418	0.128755	50.3966	-11.8248	2.1773	-0.0266399	40.7224	37.5425	1.0847
4344	0.00415507	0.128747	50.3872	-11.8186	2.17864	-0.0266391	40.7207	37.5402	1.08472
4345	0.00415597	0.128739	50.3778	-11.8123	2.17957	-0.0266384	40.7185	37.5379	1.08473
4346	0.00415687	0.128731	50.3684	-11.806	2.18005	-0.0266377	40.7158	37.5356	1.08473
4347	0.00415776	0.128723	50.3589	-11.7996	2.18009	-0.0266371	40.7127	37.5332	1.08471
4348	0.00415866	0.128715	50.3494	-11.7933	2.17967	-0.0266364	40.7091	37.5309	1.08468
4349	0.00415956	0.128707	50.3399	-11.7869	2.17878	-0.0266358	40.7051	37.5285	1.08464
4350	0.00416045	0.128699	50.3303	-11.7806	2.17748	-0.0266352	40.7006	37.5262	1.08459
4351	0.00416135	0.12869	50.3208	-11.7742	2.1758	-0.0266346	40.6958	37.5238	1.08453
4352	0.00416225	0.128682	50.3112	-11.7678	2.17382	-0.0266339	40.6906	37.5214	1.08446
4353	0.00416315	0.128674	50.3016	-11.7614	2.17158	-0.0266333	40.6852	37.519	1.08439
4354	0.00416404	0.128666	50.292	-11.755	2.16917	-0.0266326	40.6796	37.5167	1.08431
4355	0.00416494	0.128658	50.2824	-11.7486	2.16663	-0.0266319	40.6738	37.5143	1.08422
4356	0.00416584	0.12865	50.2728	-11.7421	2.16402	-0.0266311	40.668	37.5119	1.08414
4357	0.00416673	0.128641	50.2631	-11.7357	2.16139	-0.0266303	40.6622	37.5095	1.08405
4358	0.00416763	0.128633	50.2535	-11.7292	2.1588	-0.0266295	40.6564	37.5071	1.08397
4359	0.00416853	0.128625	50.2438	-11.7228	2.1563	-0.0266286	40.6507	37.5047	1.08388
4360	0.00416943	0.128617	50.2341	-11.7163	2.15395	-0.0266278	40.6451	37.5023	1.0838
4361	0.00417032	0.128608	50.2244	-11.7099	2.1518	-0.0266269	40.6397	37.4999	1.08373
4362	0.00417122	0.1286	50.2147	-11.7034	2.14987	-0.0266259	40.6345	37.4974	1.08366
4363	0.00417212	0.128592	50.205	-11.6969	2.14822	-0.026625	40.6296	37.495	1.0836
4364	0.00417301	0.128584	50.1952	-11.6904	2.14687	-0.026624	40.6251	37.4926	1.08355
4365	0.00417391	0.128575	50.1855	-11.6839	2.14584	-0.0266231	40.6208	37.4902	1.0835
4366	0.00417481	0.128567	50.1758	-11.6775	2.14515	-0.0266222	40.6168	37.4877	1.08347
4367	0.0041757	0.128559	50.166	-11.671	2.1448	-0.0266212	40.6132	37.4853	1.08344
4368	0.0041766	0.12855	50.1563	-11.6645	2.14476	-0.0266203	40.61	37.4829	1.08343
4369	0.0041775	0.128542	50.1465	-11.658	2.14501	-0.0266193	40.607	37.4805	1.08342
4370	0.0041784	0.128534	50.1368	-11.6515	2.14552	-0.0266184	40.6042	37.478	1.08341
4371	0.00417929	0.128525	50.127	-11.645	2.14625	-0.0266175	40.6017	37.4756	1.08342
4372	0.00418019	0.128517	50.1173	-11.6385	2.14714	-0.0266165	40.5993	37.4732	1.08342
4373	0.00418109	0.128508	50.1075	-11.632	2.14816	-0.0266156	40.5971	37.4707	1.08343
4374	0.00418198	0.1285	50.0977	-11.6255	2.14925	-0.0266147	40.5949	37.4683	1.08345
4375	0.00418288	0.128492	50.088	-11.619	2.15038	-0.0266138	40.5928	37.4658	1.08346
4376	0.00418378	0.128483	50.0782	-11.6125	2.15151	-0.0266129	40.5906	37.4634	1.08347
4377	0.00418467	0.128475	50.0685	-11.606	2.1526	-0.026612	40.5885	37.461	1.08349
4378	0.00418557	0.128467	50.0587	-11.5995	2.15362	-0.0266111	40.5862	37.4585	1.0835
4379	0.00418647	0.128458	50.049	-11.593	2.15454	-0.0266102	40.5839	37.4561	1.08351
4380	0.00418737	0.12845	50.0392	-11.5865	2.15535	-0.0266093	40.5814	37.4536	1.08351
4381	0.00418826	0.128441	50.0295	-11.58	2.15602	-0.0266084	40.5788	37.4512	1.08351
4382	0.00418916	0.128433	50.0197	-11.5736	2.15654	-0.0266076	40.5761	37.4487	1.08351
4383	0.00419006	0.128425	50.01	-11.5671	2.15691	-0.0266067	40.5732	37.4463	1.0835
4384	0.00419095	0.128416	50.0003	-11.5606	2.15711	-0.0266059	40.5702	37.4439	1.08349
4385	0.00419185	0.128408	49.9906	-11.5542	2.15717	-0.0266051	40.567	37.4414	1.08348
4386	0.00419275	0.1284	49.9809	-11.5477	2.15707	-0.0266042	40.5636	37.439	1.08346
4387	0.00419364	0.128391	49.9712	-11.5413	2.15683	-0.0266034	40.5601	37.4366	1.08344
4388	0.00419454	0.128383	49.9615	-11.5348	2.15648	-0.0266026	40.5565	37.4341	1.08341
4389	0.00419544	0.128375	49.9518	-11.5284	2.15602	-0.0266018	40.5528	37.4317	1.08338
4390	0.00419633	0.128366	49.9421	-11.522	2.15547	-0.0266009	40.549	37.4293	1.08335
4391	0.00419723	0.128358	49.9324	-11.5155	2.15487	-0.0266001	40.5452	37.4268	1.08332
4392	0.00419813	0.12835	49.9228	-11.5091	2.15424	-0.0265993	40.5413	37.4244	1.08329
4393	0.00419903	0.128341	49.9132	-11.5027	2.15359	-0.0265985	40.5374	37.422	1.08325
4394	0.00419992	0.128333	49.9035	-11.4963	2.15297	-0.0265977	40.5336	37.4196	1.08322
4395	0.00420082	0.128325	49.8939	-11.4899	2.1524	-0.0265969	40.5298	37.4171	1.08319
4396	0.00420172	0.128316	49.8843	-11.4836	2.1519	-0.026596	40.526	37.4147	1.08316
4397	0.00420261	0.128308	49.8747	-11.4772	2.15149	-0.0265952	40.5224	37.4123	1.08313
4398	0.00420351	0.1283	49.8651	-11.4708	2.15119	-0.0265944	40.5189	37.4099	1.08311
4399	0.00420441	0.128292	49.8556	-11.4645	2.15102	-0.0265935	40.5155	37.4075	1.08309
4400	0.00420531	0.128283	49.846	-11.4582	2.151	-0.0265927	40.5123	37.4051	1.08307
4401	0.0042062	0.128275	49.8365	-11.4518	2.15112	-0.0265918	40.5092	37.4027	1.08306
4402	0.0042071	0.128267	49.827	-11.4455	2.15138	-0.026591	40.5063	37.4003	1.08305
4403	0.004208	0.128259	49.8175	-11.4392	2.1518	-0.0265901	40.5035	37.3979	1.08304
4404	0.00420889	0.12825	49.808	-11.4329	2.15235	-0.0265892	40.5009	37.3955	1.08304
4405	0.00420979	0.128242	49.7986	-11.4267	2.15302	-0.0265883	40.4984	37.3931	1.08304
4406	0.00421069	0.128234	49.7891	-11.4204	2.1538	-0.0265875	40.496	37.3907	1.08305
4407	0.00421158	0.128226	49.7797	-11.4141	2.15467	-0.0265866	40.4937	37.3883	1.08306
4408	0.00421248	0.128218	49.7703	-11.4079	2.15561	-0.0265857	40.4914	37.3859	1.08307
4409	0.00421338	0.12821	49.7609	-11.4017	2.1566	-0.0265848	40.4893	37.3836	1.08308
4410	0.00421428	0.128201	49.7516	-11.3955	2.15762	-0.0265839	40.4871	37.3812	1.08309
4411	0.00421517	0.128193	49.7422	-11.3893	2.15864	-0.026583	40.485	37.3788	1.0831
4412	0.00421607	0.128185	49.7329	-11.3831	2.15965	-0.0265821	40.4829	37.3765	1.08311
4413	0.00421697	0.128177	49.7236	-11.3769	2.16064	-0.0265812	40.4807	37.3741	1.08312
4414	0.00421786	0.128169	49.7143	-11.3708	2.16159	-0.0265803	40.4785	37.3718	1.08313
4415	0.00421876	0.128161	49.705	-11.3646	2.16248	-0.0265795	40.4763	37.3694	1.08314
4416	0.00421966	0.128153	49.6958	-11.3585	2.16331	-0.0265786	40.474	37.3671	1.08315
4417	0.00422055	0.128145	49.6866	-11.3524	2.16407	-0.0265777	40.4717	37.3647	1.08315
4418	0.00422145	0.128137	49.6774	-11.3463	2.16476	-0.0265769	40.4693	37.3624	1.08315
4419	0.00422235	0.128129	49.6682	-11.3402	2.16537	-0.026576	40.4668	37.3601	1.08316
4420	0.00422324	0.128121	49.6591	-11.3342	2.16591	-0.0265751	40.4642	37.3577	1.08315
4421	0.00422414	0.128113	49.6499	-11.3281	2.16638	-0.0265743	40.4616	37.3554	1.08315
4422	0.00422504	0.128105	49.6408	-11.3221	2.16678	-0.0265734	40.4589	37.3531	1.08315
4423	0.00422594	0.128097	49.6317	-11.3161	2.16712	-0.0265726	40.4562	37.3508	1.08314
4424	0.00422683	0.128089	49.6227	-11.3101	2.16742	-0.0265717	40.4535	37.3485	1.08313
4425	0.00422773	0.128081	49.6136	-11.3041	2.16768	-0.0265709	40.4507	37.3462	1.08313
4426	0.00422863	0.128074	49.6046	-11.2981	2.16791	-0.0265701	40.4478	37.3439	1.08312
4427	0.00422952	0.128066	49.5956	-11.2922	2.16812	-0.0265692	40.445	37.3416	1.08311
4428	0.00423042	0.128058	49.5867	-11.2862	2.16833	-0.0265684	40.4422	37.3393	1.0831
4429	0.00423132	0.12805	49.5777	-11.2803	2.16855	-0.0265675	40.4394	37.3371	1.08309
4430	0.00423222	0.128042	49.5688	-11.2744	2.16878	-0.0265667	40.4366	37.3348	1.08308
4431	0.00423311	0.128035	49.5599	-11.2685	2.16905	-0.0265658	40.4339	37.3325	1.08307
4432	0.00423401	0.128027	49.551	-11.2626	2.16936	-0.026565	40.4312	37.3303	1.08307
4433	0.00423491	0.128019	49.5422	-11.2568	2.16971	-0.0265641	40.4285	37.328	1.08306
4434	0.0042358	0.128011	49.5334	-11.2509	2.17012	-0.0265633	40.426	37.3258	1.08306
4435	0.0042367	0.128004	49.5246	-11.2451	2.17059	-0.0265624	40.4235	37.3235	1.08306
4436	0.0042376	0.127996	49.5158	-11.2393	2.17113	-0.0265616	40.421	37.3213	1.08306
4437	0.00423849	0.127988	49.507	-11.2335	2.17173	-0.0265607	40.4187	37.319	1.08306
4438	0.00423939	0.127981	49.4983	-11.2278	2.1724	-0.0265599	40.4164	37.3168	1.08306
4439	0.00424029	0.127973	49.4896	-11.222	2.17313	-0.026559	40.4142	37.3146	1.08307
4440	0.00424119	0.127965	49.481	-11.2163	2.17391	-0.0265581	40.412	37.3124	1.08307
4441	0.00424208	0.127958	49.4723	-11.2106	2.17474	-0.0265573	40.4099	37.3102	1.08308
4442	0.00424298	0.12795	49.4637	-11.2049	2.17562	-0.0265564	40.4079	37.308	1.08309
4443	0.00424388	0.127943	49.4551	-11.1992	2.17653	-0.0265556	40.4059	37.3058	1.0831
4444	0.00424477	0.127935	49.4465	-11.1935	2.17747	-0.0265547	40.4039	37.3036	1.08311
4445	0.00424567	0.127928	49.438	-11.1879	2.17842	-0.0265539	40.402	37.3014	1.08312
4446	0.00424657	0.12792	49.4295	-11.1823	2.17938	-0.026553	40.4	37.2992	1.08313
4447	0.00424746	0.127913	49.421	-11.1766	2.18034	-0.0265521	40.3981	37.2971	1.08315
4448	0.00424836	0.127905	49.4125	-11.171	2.18129	-0.0265513	40.3962	37.2949	1.08316
4449	0.00424926	0.127898	49.4041	-11.1655	2.18222	-0.0265505	40.3943	37.2927	1.08317
4450	0.00425016	0.127891	49.3956	-11.1599	2.18313	-0.0265496	40.3923	37.2906	1.08318
4451	0.00425105	0.127883	49.3872	-11.1544	2.18401	-0.0265488	40.3904	37.2884	1.08319
4452	0.00425195	0.127876	49.3789	-11.1488	2.18486	-0.0265479	40.3884	37.2863	1.0832
4453	0.00425285	0.127869	49.3705	-11.1433	2.18567	-0.0265471	40.3863	37.2841	1.0832
4454	0.00425374	0.127861	49.3622	-11.1378	2.18645	-0.0265463	40.3843	37.282	1.08321
4455	0.00425464	0.127854	49.3539	-11.1323	2.18719	-0.0265454	40.3822	37.2799	1.08322
4456	0.00425554	0.127847	49.3457	-11.1269	2.1879	-0.0265446	40.3801	37.2778	1.08322
4457	0.00425644	0.127839	49.3374	-11.1214	2.18857	-0.0265438	40.378	37.2756	1.08323
4458	0.00425733	0.127832	49.3292	-11.116	2.18922	-0.0265429	40.3759	37.2735	1.08323
4459	0.00425823	0.127825	49.321	-11.1106	2.18984	-0.0265421	40.3737	37.2714	1.08323
4460	0.00425913	0.127818	49.3128	-11.1052	2.19044	-0.0265413	40.3715	37.2693	1.08324
4461	0.00426002	0.127811	49.3047	-11.0998	2.19103	-0.0265405	40.3693	37.2672	1.08324
4462	0.00426092	0.127803	49.2966	-11.0945	2.19161	-0.0265396	40.3672	37.2651	1.08324
4463	0.00426182	0.127796	49.2885	-11.0891	2.19219	-0.0265388	40.365	37.2631	1.08324
4464	0.00426272	0.127789	49.2804	-11.0838	2.19277	-0.026538	40.3628	37.261	1.08325
4465	0.00426361	0.127782	49.2723	-11.0785	2.19336	-0.0265372	40.3607	37.2589	1.08325
4466	0.00426451	0.127775	49.2643	-11.0732	2.19396	-0.0265364	40.3585	37.2569	1.08325
4467	0.00426541	0.127768	49.2563	-11.0679	2.19459	-0.0265355	40.3565	37.2548	1.08326
4468	0.0042663	0.127761	49.2483	-11.0627	2.19523	-0.0265347	40.3544	37.2527	1.08326
4469	0.0042672	0.127754	49.2404	-11.0574	2.19591	-0.0265339	40.3524	37.2507	1.08326
4470	0.0042681	0.127747	49.2325	-11.0522	2.19661	-0.0265331	40.3504	37.2487	1.08327
4471	0.004269	0.12774	49.2246	-11.047	2.19735	-0.0265323	40.3484	37.2466	1.08328
4472	0.00426989	0.127733	49.2167	-11.0418	2.19812	-0.0265315	40.3465	37.2446	1.08328
4473	0.00427079	0.127726	49.2088	-11.0366	2.19891	-0.0265307	40.3446	37.2426	1.08329
4474	0.00427169	0.127719	49.201	-11.0314	2.19974	-0.0265298	40.3428	37.2405	1.0833
4475	0.00427258	0.127712	49.1932	-11.0263	2.20059	-0.026529	40.341	37.2385	1.08331
4476	0.00427348	0.127705	49.1854	-11.0211	2.20147	-0.0265282	40.3392	37.2365	1.08332
4477	0.00427438	0.127698	49.1776	-11.016	2.20237	-0.0265274	40.3374	37.2345	1.08333
4478	0.00427527	0.127692	49.1699	-11.0109	2.20328	-0.0265266	40.3357	37.2325	1.08335
4479	0.00427617	0.127685	49.1622	-11.0058	2.2042	-0.0265258	40.334	37.2305	1.08336
4480	0.00427707	0.127678	49.1545	-11.0007	2.20513	-0.026525	40.3323	37.2285	1.08337
4481	0.00427797	0.127671	49.1468	-10.9957	2.20605	-0.0265242	40.3306	37.2266	1.08338
4482	0.00427886	0.127664	49.1391	-10.9906	2.20698	-0.0265234	40.3289	37.2246	1.0834
4483	0.00427976	0.127658	49.1315	-10.9856	2.2079	-0.0265226	40.3273	37.2226	1.08341
4484	0.00428066	0.127651	49.1239	-10.9806	2.2088	-0.0265218	40.3256	37.2207	1.08342
4485	0.00428156	0.127644	49.1163	-10.9756	2.20969	-0.026521	40.3239	37.2187	1.08343
4486	0.00428245	0.127637	49.1088	-10.9706	2.21056	-0.0265202	40.3222	37.2167	1.08344
4487	0.00428335	0.127631	49.1012	-10.9657	2.21141	-0.0265194	40.3205	37.2148	1.08345
4488	0.00428425	0.127624	49.0937	-10.9607	2.21224	-0.0265186	40.3187	37.2129	1.08346
4489	0.00428514	0.127617	49.0862	-10.9558	2.21304	-0.0265178	40.317	37.2109	1.08347
4490	0.00428604	0.127611	49.0788	-10.9509	2.21383	-0.0265171	40.3152	37.209	1.08348
4491	0.00428694	0.127604	49.0713	-10.946	2.21459	-0.0265163	40.3134	37.2071	1.08349
4492	0.00428784	0.127598	49.0639	-10.9411	2.21534	-0.0265155	40.3116	37.2051	1.0835
4493	0.00428873	0.127591	49.0565	-10.9362	2.21606	-0.0265147	40.3098	37.2032	1.0835
4494	0.00428963	0.127584	49.0491	-10.9313	2.21677	-0.0265139	40.308	37.2013	1.08351
4495	0.00429053	0.127578	49.0417	-10.9265	2.21747	-0.0265132	40.3062	37.1994	1.08352
4496	0.00429142	0.127571	49.0344	-10.9217	2.21816	-0.0265124	40.3044	37.1975	1.08352
4497	0.00429232	0.127565	49.0271	-10.9168	2.21885	-0.0265116	40.3026	37.1956	1.08353
4498	0.00429322	0.127558	49.0198	-10.912	2.21953	-0.0265109	40.3008	37.1937	1.08354
4499	0.00429412	0.127552	49.0125	-10.9073	2.22021	-0.0265101	40.299	37.1918	1.08354
4500	0.00429501	0.127546	49.0053	-10.9025	2.22091	-0.0265093	40.2972	37.1899	1.08355
4501	0.00429591	0.127539	48.9981	-10.8977	2.22161	-0.0265085	40.2954	37.1881	1.08356
4502	0.00429681	0.127533	48.9909	-10.893	2.22232	-0.0265078	40.2937	37.1862	1.08357
4503	0.0042977	0.127526	48.9837	-10.8883	2.22305	-0.026507	40.292	37.1843	1.08357
4504	0.0042986	0.12752	48.9765	-10.8835	2.2238	-0.0265062	40.2903	37.1825	1.08358
4505	0.0042995	0.127514	48.9694	-10.8788	2.22456	-0.0265055	40.2886	37.1806	1.08359
4506	0.0043004	0.127507	48.9622	-10.8742	2.22535	-0.0265047	40.2869	37.1788	1.0836
4507	0.00430129	0.127501	48.9551	-10.8695	2.22616	-0.0265039	40.2853	37.1769	1.08361
4508	0.00430219	0.127495	48.9481	-10.8648	2.22699	-0.0265031	40.2837	37.1751	1.08362
4509	0.00430309	0.127488	48.941	-10.8602	2.22785	-0.0265024	40.2822	37.1733	1.08363
4510	0.00430399	0.127482	48.934	-10.8556	2.22872	-0.0265016	40.2806	37.1714	1.08364
4511	0.00430488	0.127476	48.9269	-10.8509	2.22961	-0.0265008	40.2791	37.1696	1.08366
4512	0.00430578	0.12747	48.9199	-10.8463	2.23052	-0.0265001	40.2776	37.1678	1.08367
4513	0.00430668	0.127463	48.913	-10.8417	2.23144	-0.0264993	40.2762	37.166	1.08368
4514	0.00430757	0.127457	48.906	-10.8372	2.23236	-0.0264986	40.2747	37.1642	1.0837
4515	0.00430847	0.127451	48.8991	-10.8326	2.2333	-0.0264978	40.2733	37.1624	1.08371
4516	0.00430937	0.127445	48.8922	-10.8281	2.23424	-0.026497	40.2718	37.1606	1.08373
4517	0.00431027	0.127439	48.8853	-10.8235	2.23517	-0.0264963	40.2704	37.1588	1.08374
4518	0.00431116	0.127432	48.8784	-10.819	2.2361	-0.0264955	40.269	37.157	1.08375
4519	0.00431206	0.127426	48.8715	-10.8145	2.23702	-0.0264948	40.2676	37.1552	1.08377
4520	0.00431296	0.12742	48.8647	-10.81	2.23793	-0.026494	40.2661	37.1534	1.08378
4521	0.00431385	0.127414	48.8578	-10.8055	2.23883	-0.0264933	40.2647	37.1516	1.08379
4522	0.00431475	0.127408	48.851	-10.801	2.23971	-0.0264925	40.2632	37.1498	1.08381
4523	0.00431565	0.127402	48.8442	-10.7966	2.24058	-0.0264918	40.2618	37.1481	1.08382
4524	0.00431655	0.127396	48.8375	-10.7921	2.24142	-0.0264911	40.2603	37.1463	1.08383
4525	0.00431744	0.12739	48.8307	-10.7877	2.24225	-0.0264903	40.2588	37.1445	1.08384
4526	0.00431834	0.127384	48.824	-10.7832	2.24306	-0.0264896	40.2573	37.1428	1.08385
4527	0.00431924	0.127378	48.8173	-10.7788	2.24384	-0.0264888	40.2558	37.141	1.08386
4528	0.00432014	0.127372	48.8106	-10.7744	2.24461	-0.0264881	40.2543	37.1393	1.08387
4529	0.00432103	0.127366	48.8039	-10.77	2.24537	-0.0264874	40.2527	37.1375	1.08388
4530	0.00432193	0.12736	48.7972	-10.7657	2.2461	-0.0264866	40.2512	37.1358	1.08389
4531	0.00432283	0.127354	48.7906	-10.7613	2.24683	-0.0264859	40.2496	37.1341	1.0839
4532	0.00432372	0.127348	48.7839	-10.7569	2.24754	-0.0264852	40.2481	37.1323	1.08391
4533	0.00432462	0.127342	48.7773	-10.7526	2.24825	-0.0264844	40.2465	37.1306	1.08392
4534	0.00432552	0.127336	48.7707	-10.7483	2.24895	-0.0264837	40.2449	37.1289	1.08393
4535	0.00432642	0.12733	48.7641	-10.7439	2.24965	-0.026483	40.2434	37.1272	1.08393
4536	0.00432731	0.127324	48.7576	-10.7396	2.25035	-0.0264822	40.2418	37.1255	1.08394
4537	0.00432821	0.127318	48.751	-10.7353	2.25105	-0.0264815	40.2403	37.1237	1.08395
4538	0.00432911	0.127313	48.7445	-10.731	2.25177	-0.0264808	40.2388	37.122	1.08396
4539	0.00433001	0.127307	48.738	-10.7267	2.25249	-0.0264801	40.2372	37.1203	1.08397
4540	0.0043309	0.127301	48.7315	-10.7225	2.25322	-0.0264793	40.2357	37.1186	1.08398
4541	0.0043318	0.127295	48.725	-10.7182	2.25397	-0.0264786	40.2343	37.1169	1.08399
4542	0.0043327	0.127289	48.7185	-10.714	2.25473	-0.0264779	40.2328	37.1152	1.084
4543	0.0043336	0.127284	48.7121	-10.7097	2.25551	-0.0264771	40.2314	37.1136	1.08401
4544	0.00433449	0.127278	48.7056	-10.7055	2.25631	-0.0264764	40.23	37.1119	1.08402
4545	0.00433539	0.127272	48.6992	-10.7013	2.25712	-0.0264757	40.2286	37.1102	1.08403
4546	0.00433629	0.127266	48.6928	-10.6971	2.25794	-0.026475	40.2272	37.1085	1.08404
4547	0.00433718	0.127261	48.6864	-10.6929	2.25878	-0.0264743	40.2258	37.1068	1.08405
4548	0.00433808	0.127255	48.68	-10.6887	2.25963	-0.0264735	40.2245	37.1052	1.08407
4549	0.00433898	0.127249	48.6737	-10.6845	2.26048	-0.0264728	40.2232	37.1035	1.08408
4550	0.00433988	0.127243	48.6673	-10.6804	2.26134	-0.0264721	40.2218	37.1018	1.08409
4551	0.00434077	0.127238	48.661	-10.6762	2.2622	-0.0264714	40.2205	37.1002	1.08411
4552	0.00434167	0.127232	48.6547	-10.672	2.26306	-0.0264707	40.2192	37.0985	1.08412
4553	0.00434257	0.127226	48.6483	-10.6679	2.2639	-0.02647	40.2179	37.0969	1.08413
4554	0.00434347	0.127221	48.6421	-10.6638	2.26474	-0.0264693	40.2165	37.0952	1.08414
4555	0.00434436	0.127215	48.6358	-10.6597	2.26556	-0.0264686	40.2152	37.0936	1.08416
4556	0.00434526	0.127209	48.6295	-10.6556	2.26635	-0.0264679	40.2138	37.0919	1.08417
4557	0.00434616	0.127204	48.6233	-10.6515	2.26713	-0.0264672	40.2125	37.0903	1.08418
4558	0.00434706	0.127198	48.617	-10.6474	2.26789	-0.0264665	40.2111	37.0886	1.08419
4559	0.00434795	0.127193	48.6108	-10.6433	2.26861	-0.0264658	40.2097	37.087	1.0842
4560	0.00434885	0.127187	48.6046	-10.6392	2.26931	-0.0264652	40.2082	37.0854	1.08421
4561	0.00434975	0.127181	48.5984	-10.6351	2.26998	-0.0264645	40.2068	37.0838	1.08422
4562	0.00435065	0.127176	48.5922	-10.6311	2.27062	-0.0264638	40.2053	37.0821	1.08422
4563	0.00435154	0.12717	48.5861	-10.627	2.27124	-0.0264631	40.2038	37.0805	1.08423
4564	0.00435244	0.127165	48.5799	-10.623	2.27182	-0.0264624	40.2023	37.0789	1.08424
4565	0.00435334	0.127159	48.5738	-10.619	2.27239	-0.0264617	40.2007	37.0773	1.08424
4566	0.00435423	0.127154	48.5677	-10.615	2.27293	-0.0264611	40.1991	37.0757	1.08425
4567	0.00435513	0.127148	48.5615	-10.611	2.27345	-0.0264604	40.1976	37.0741	1.08425
4568	0.00435603	0.127143	48.5554	-10.607	2.27396	-0.0264597	40.196	37.0725	1.08425
4569	0.00435693	0.127137	48.5494	-10.603	2.27445	-0.026459	40.1944	37.0709	1.08426
4570	0.00435782	0.127132	48.5433	-10.599	2.27494	-0.0264583	40.1928	37.0693	1.08426
4571	0.00435872	0.127126	48.5373	-10.595	2.27542	-0.0264576	40.1912	37.0677	1.08426
4572	0.00435962	0.127121	48.5312	-10.5911	2.27591	-0.0264569	40.1896	37.0661	1.08427
4573	0.00436052	0.127115	48.5252	-10.5871	2.27641	-0.0264563	40.188	37.0645	1.08427
4574	0.00436141	0.12711	48.5192	-10.5832	2.27692	-0.0264556	40.1864	37.0629	1.08428
4575	0.00436231	0.127105	48.5132	-10.5793	2.27745	-0.0264549	40.1849	37.0614	1.08428
4576	0.00436321	0.127099	48.5072	-10.5754	2.278	-0.0264542	40.1834	37.0598	1.08429
4577	0.00436411	0.127094	48.5012	-10.5714	2.27859	-0.0264535	40.1819	37.0582	1.08429
4578	0.004365	0.127088	48.4953	-10.5675	2.27921	-0.0264528	40.1805	37.0566	1.0843
4579	0.0043659	0.127083	48.4893	-10.5637	2.27987	-0.0264521	40.1791	37.0551	1.08431
4580	0.0043668	0.127078	48.4834	-10.5598	2.28058	-0.0264514	40.1778	37.0535	1.08432
4581	0.0043677	0.127072	48.4775	-10.5559	2.28134	-0.0264507	40.1765	37.052	1.08433
4582	0.00436859	0.127067	48.4716	-10.552	2.28214	-0.0264501	40.1753	37.0504	1.08434
4583	0.00436949	0.127062	48.4657	-10.5482	2.28298	-0.0264494	40.1741	37.0488	1.08435
4584	0.00437039	0.127056	48.4599	-10.5443	2.28387	-0.0264487	40.1729	37.0473	1.08437
4585	0.00437129	0.127051	48.454	-10.5405	2.28479	-0.026448	40.1718	37.0458	1.08438
4586	0.00437218	0.127046	48.4482	-10.5367	2.28573	-0.0264473	40.1708	37.0442	1.0844
4587	0.00437308	0.12704	48.4423	-10.5329	2.2867	-0.0264467	40.1697	37.0427	1.08442
4588	0.00437398	0.127035	48.4365	-10.5291	2.28767	-0.026446	40.1687	37.0411	1.08443
4589	0.00437487	0.12703	48.4307	-10.5253	2.28864	-0.0264453	40.1677	37.0396	1.08445
4590	0.00437577	0.127025	48.425	-10.5215	2.2896	-0.0264447	40.1666	37.0381	1.08447
4591	0.00437667	0.12702	48.4192	-10.5177	2.29053	-0.026444	40.1656	37.0366	1.08448
4592	0.00437757	0.127014	48.4134	-10.5139	2.29144	-0.0264434	40.1645	37.035	1.0845
4593	0.00437846	0.127009	48.4077	-10.5102	2.2923	-0.0264427	40.1634	37.0335	1.08451
4594	0.00437936	0.127004	48.402	-10.5064	2.29312	-0.0264421	40.1622	37.032	1.08453
4595	0.00438026	0.126999	48.3962	-10.5027	2.29388	-0.0264415	40.161	37.0305	1.08454
4596	0.00438116	0.126994	48.3905	-10.4989	2.29459	-0.0264408	40.1597	37.029	1.08455
4597	0.00438205	0.126988	48.3849	-10.4952	2.29524	-0.0264402	40.1584	37.0275	1.08456
4598	0.00438295	0.126983	48.3792	-10.4915	2.29583	-0.0264396	40.1571	37.026	1.08456
4599	0.00438385	0.126978	48.3735	-10.4878	2.29635	-0.026439	40.1556	37.0245	1.08457
4600	0.00438475	0.126973	48.3679	-10.4841	2.29681	-0.0264383	40.1541	37.023	1.08457
4601	0.00438564	0.126968	48.3622	-10.4804	2.2972	-0.0264377	40.1526	37.0215	1.08457
4602	0.00438654	0.126963	48.3566	-10.4768	2.29754	-0.0264371	40.151	37.02	1.08457
4603	0.00438744	0.126958	48.351	-10.4731	2.29782	-0.0264364	40.1493	37.0185	1.08457
4604	0.00438834	0.126953	48.3454	-10.4694	2.29804	-0.0264358	40.1476	37.0171	1.08457
4605	0.00438923	0.126948	48.3399	-10.4658	2.29822	-0.0264351	40.1459	37.0156	1.08457
4606	0.00439013	0.126943	48.3343	-10.4621	2.29835	-0.0264345	40.1441	37.0141	1.08456
4607	0.00439103	0.126937	48.3287	-10.4585	2.29846	-0.0264338	40.1423	37.0127	1.08456
4608	0.00439193	0.126932	48.3232	-10.4549	2.29853	-0.0264332	40.1404	37.0112	1.08455
4609	0.00439282	0.126927	48.3177	-10.4513	2.29859	-0.0264325	40.1386	37.0097	1.08454
4610	0.00439372	0.126922	48.3122	-10.4477	2.29862	-0.0264318	40.1367	37.0083	1.08453
4611	0.00439462	0.126917	48.3067	-10.4441	2.29863	-0.0264312	40.1348	37.0068	1.08453
4612	0.00439552	0.126912	48.3012	-10.4405	2.29861	-0.0264305	40.1329	37.0054	1.08452
4613	0.00439641	0.126907	48.2957	-10.4369	2.29854	-0.0264298	40.1309	37.0039	1.08451
4614	0.00439731	0.126903	48.2903	-10.4333	2.29834	-0.0264291	40.1288	37.0025	1.08449
4615	0.00439821	0.126898	48.2848	-10.4298	2.29782	-0.0264283	40.1264	37.001	1.08447
4616	0.00439911	0.126893	48.2794	-10.4262	2.29583	-0.0264275	40.1226	36.9996	1.08441
4617	0.0044	0.126888	48.274	-10.4227	2.29398	-0.0264266	40.1188	36.9981	1.08435
4618	0.0044009	0.126883	48.2686	-10.4191	2.2929	-0.0264258	40.1159	36.9967	1.08431
4619	0.0044018	0.126878	48.2632	-10.4156	2.29239	-0.0264249	40.1135	36.9953	1.08429
4620	0.0044027	0.126873	48.2578	-10.4121	2.29232	-0.0264241	40.1116	36.9938	1.08428
4621	0.00440359	0.126868	48.2524	-10.4086	2.29257	-0.0264232	40.11	36.9924	1.08428
4622	0.00440449	0.126863	48.2471	-10.4051	2.2931	-0.0264224	40.1087	36.991	1.08428
4623	0.00440539	0.126858	48.2417	-10.4016	2.29387	-0.0264215	40.1076	36.9896	1.08429
4624	0.00440629	0.126854	48.2364	-10.3981	2.29483	-0.0264207	40.1067	36.9882	1.08431
4625	0.00440718	0.126849	48.2311	-10.3946	2.29598	-0.0264198	40.106	36.9868	1.08433
4626	0.00440808	0.126844	48.2258	-10.3912	2.29917	-0.0264191	40.1074	36.9853	1.08441
4627	0.00440898	0.126839	48.2205	-10.3877	2.3032	-0.0264184	40.1096	36.9839	1.08451
4628	0.00440988	0.126834	48.2152	-10.3843	2.30727	-0.0264177	40.1118	36.9825	1.08461
4629	0.00441077	0.126829	48.21	-10.3808	2.31128	-0.026417	40.114	36.9811	1.08471
4630	0.00441167	0.126825	48.2047	-10.3774	2.31517	-0.0264163	40.1161	36.9797	1.08481
4631	0.00441257	0.12682	48.1995	-10.374	2.31887	-0.0264156	40.1179	36.9784	1.0849
4632	0.00441347	0.126815	48.1943	-10.3706	2.32235	-0.026415	40.1196	36.977	1.08499
4633	0.00441436	0.12681	48.189	-10.3672	2.32555	-0.0264144	40.121	36.9756	1.08507
4634	0.00441526	0.126806	48.1838	-10.3638	2.32844	-0.0264139	40.1221	36.9742	1.08514
4635	0.00441616	0.126801	48.1786	-10.3604	2.33099	-0.0264134	40.1228	36.9728	1.0852
4636	0.00441706	0.126796	48.1735	-10.357	2.33316	-0.026413	40.1232	36.9714	1.08525
4637	0.00441795	0.126791	48.1683	-10.3536	2.33494	-0.0264126	40.1232	36.9701	1.08529
4638	0.00441885	0.126787	48.1631	-10.3502	2.33632	-0.0264122	40.1228	36.9687	1.08532
4639	0.00441975	0.126782	48.158	-10.3469	2.33729	-0.0264119	40.122	36.9673	1.08534
4640	0.00442065	0.126777	48.1529	-10.3435	2.33786	-0.0264116	40.1208	36.966	1.08534
4641	0.00442154	0.126773	48.1478	-10.3402	2.33799	-0.0264113	40.1191	36.9646	1.08534
4642	0.00442244	0.126768	48.1427	-10.3369	2.33771	-0.0264109	40.1171	36.9632	1.08532
4643	0.00442334	0.126763	48.1376	-10.3335	2.33706	-0.0264106	40.1147	36.9619	1.0853
4644	0.00442424	0.126759	48.1325	-10.3302	2.3361	-0.0264102	40.112	36.9605	1.08526
4645	0.00442513	0.126754	48.1274	-10.3269	2.33487	-0.0264097	40.109	36.9592	1.08522
4646	0.00442603	0.126749	48.1224	-10.3236	2.33343	-0.0264093	40.1058	36.9578	1.08518
4647	0.00442693	0.126745	48.1173	-10.3203	2.33179	-0.0264088	40.1024	36.9565	1.08512
4648	0.00442783	0.12674	48.1123	-10.317	2.33003	-0.0264083	40.0989	36.9552	1.08507
4649	0.00442872	0.126736	48.1073	-10.3138	2.32817	-0.0264078	40.0953	36.9538	1.08501
4650	0.00442962	0.126731	48.1023	-10.3105	2.32626	-0.0264072	40.0916	36.9525	1.08495
4651	0.00443052	0.126727	48.0973	-10.3073	2.32433	-0.0264066	40.088	36.9512	1.08489
4652	0.00443142	0.126722	48.0923	-10.304	2.3224	-0.026406	40.0843	36.9498	1.08483
4653	0.00443232	0.126717	48.0874	-10.3008	2.32043	-0.0264053	40.0806	36.9485	1.08477
4654	0.00443321	0.126713	48.0824	-10.2975	2.31829	-0.0264046	40.0768	36.9472	1.0847
4655	0.00443411	0.126708	48.0775	-10.2943	2.31533	-0.0264039	40.0721	36.9459	1.08462
4656	0.00443501	0.126704	48.0726	-10.2911	2.31123	-0.026403	40.0663	36.9446	1.0845
4657	0.00443591	0.126699	48.0677	-10.2879	2.3084	-0.0264022	40.0618	36.9432	1.08441
4658	0.0044368	0.126695	48.0628	-10.2847	2.30656	-0.0264013	40.0582	36.9419	1.08436
4659	0.0044377	0.126691	48.0579	-10.2815	2.30549	-0.0264005	40.0555	36.9406	1.08432
4660	0.0044386	0.126686	48.053	-10.2784	2.30505	-0.0263996	40.0533	36.9393	1.0843
4661	0.0044395	0.126682	48.0482	-10.2752	2.30513	-0.0263987	40.0517	36.938	1.08429
4662	0.00444039	0.126677	48.0434	-10.272	2.30566	-0.0263979	40.0506	36.9368	1.0843
4663	0.00444129	0.126673	48.0385	-10.2689	2.30659	-0.026397	40.0498	36.9355	1.08432
4664	0.00444219	0.126668	48.0337	-10.2658	2.30787	-0.0263962	40.0494	36.9342	1.08435
4665	0.00444309	0.126664	48.0289	-10.2626	2.31069	-0.0263955	40.0506	36.9329	1.08442
4666	0.00444398	0.12666	48.0242	-10.2595	2.31508	-0.0263948	40.0533	36.9316	1.08453
4667	0.00444488	0.126655	48.0194	-10.2564	2.31965	-0.0263941	40.0562	36.9303	1.08464
4668	0.00444578	0.126651	48.0147	-10.2533	2.32422	-0.0263934	40.0592	36.9291	1.08476
4669	0.00444668	0.126647	48.0099	-10.2502	2.32868	-0.0263926	40.062	36.9278	1.08487
4670	0.00444757	0.126642	48.0052	-10.2472	2.33298	-0.026392	40.0646	36.9265	1.08498
4671	0.00444847	0.126638	48.0005	-10.2441	2.33704	-0.0263913	40.0671	36.9253	1.08508
4672	0.00444937	0.126634	47.9958	-10.241	2.34079	-0.0263907	40.0692	36.924	1.08518
4673	0.00445027	0.126629	47.9911	-10.238	2.34417	-0.0263902	40.0709	36.9228	1.08526
4674	0.00445116	0.126625	47.9865	-10.2349	2.34714	-0.0263897	40.0723	36.9215	1.08534
4675	0.00445206	0.126621	47.9818	-10.2319	2.34965	-0.0263893	40.0732	36.9203	1.0854
4676	0.00445296	0.126616	47.9772	-10.2289	2.35169	-0.0263889	40.0736	36.9191	1.08545
4677	0.00445386	0.126612	47.9726	-10.2259	2.35323	-0.0263885	40.0735	36.9178	1.08548
4678	0.00445475	0.126608	47.968	-10.2229	2.35428	-0.0263882	40.073	36.9166	1.0855
4679	0.00445565	0.126604	47.9634	-10.2199	2.35481	-0.0263879	40.0719	36.9154	1.08551
4680	0.00445655	0.1266	47.9588	-10.2169	2.3548	-0.0263876	40.0703	36.9141	1.0855
4681	0.00445745	0.126595	47.9543	-10.2139	2.3543	-0.0263874	40.0682	36.9129	1.08548
4682	0.00445834	0.126591	47.9497	-10.211	2.35335	-0.026387	40.0657	36.9117	1.08545
4683	0.00445924	0.126587	47.9452	-10.208	2.352	-0.0263867	40.0628	36.9105	1.0854
4684	0.00446014	0.126583	47.9407	-10.2051	2.35032	-0.0263864	40.0595	36.9093	1.08535
4685	0.00446104	0.126579	47.9361	-10.2021	2.34839	-0.026386	40.056	36.908	1.08529
4686	0.00446193	0.126575	47.9317	-10.1992	2.34625	-0.0263856	40.0523	36.9068	1.08523
4687	0.00446283	0.126571	47.9272	-10.1963	2.34394	-0.0263852	40.0484	36.9056	1.08516
4688	0.00446373	0.126566	47.9227	-10.1934	2.34153	-0.0263847	40.0445	36.9044	1.08509
4689	0.00446463	0.126562	47.9183	-10.1905	2.33906	-0.0263842	40.0405	36.9033	1.08501
4690	0.00446553	0.126558	47.9138	-10.1876	2.33656	-0.0263837	40.0364	36.9021	1.08494
4691	0.00446642	0.126554	47.9094	-10.1847	2.33405	-0.0263831	40.0324	36.9009	1.08486
4692	0.00446732	0.12655	47.905	-10.1818	2.33146	-0.0263825	40.0282	36.8997	1.08479
4693	0.00446822	0.126546	47.9006	-10.179	2.32854	-0.0263818	40.0238	36.8985	1.0847
4694	0.00446912	0.126542	47.8962	-10.1761	2.32325	-0.026381	40.017	36.8973	1.08455
4695	0.00447001	0.126538	47.8919	-10.1733	2.31938	-0.0263802	40.0116	36.8962	1.08444
4696	0.00447091	0.126534	47.8875	-10.1705	2.31663	-0.0263793	40.0073	36.895	1.08436
4697	0.00447181	0.12653	47.8832	-10.1676	2.3148	-0.0263785	40.004	36.8938	1.0843
4698	0.00447271	0.126526	47.8789	-10.1648	2.3137	-0.0263776	40.0014	36.8927	1.08426
4699	0.0044736	0.126522	47.8746	-10.162	2.31319	-0.0263768	39.9994	36.8915	1.08424
4700	0.0044745	0.126518	47.8703	-10.1592	2.31321	-0.0263759	39.9979	36.8904	1.08424
4701	0.0044754	0.126514	47.866	-10.1564	2.31367	-0.026375	39.9969	36.8892	1.08424
4702	0.0044763	0.12651	47.8618	-10.1537	2.31454	-0.0263742	39.9962	36.8881	1.08426
4703	0.00447719	0.126506	47.8575	-10.1509	2.31575	-0.0263734	39.996	36.8869	1.08429
4704	0.00447809	0.126502	47.8533	-10.1481	2.31924	-0.0263727	39.998	36.8858	1.08437
4705	0.00447899	0.126499	47.8491	-10.1454	2.32358	-0.026372	40.0009	36.8847	1.08448
4706	0.00447989	0.126495	47.8449	-10.1427	2.328	-0.0263713	40.0038	36.8835	1.0846
4707	0.00448078	0.126491	47.8407	-10.1399	2.33238	-0.0263706	40.0067	36.8824	1.08471
4708	0.00448168	0.126487	47.8365	-10.1372	2.33663	-0.0263699	40.0095	36.8813	1.08482
4709	0.00448258	0.126483	47.8323	-10.1345	2.34069	-0.0263692	40.0121	36.8802	1.08492
4710	0.00448348	0.126479	47.8282	-10.1318	2.34446	-0.0263686	40.0145	36.879	1.08502
4711	0.00448437	0.126475	47.824	-10.1291	2.3479	-0.0263681	40.0165	36.8779	1.08511
4712	0.00448527	0.126472	47.8199	-10.1264	2.35093	-0.0263676	40.0181	36.8768	1.08518
4713	0.00448617	0.126468	47.8158	-10.1238	2.35352	-0.0263671	40.0192	36.8757	1.08525
4714	0.00448707	0.126464	47.8117	-10.1211	2.35562	-0.0263667	40.0199	36.8746	1.0853
4715	0.00448796	0.12646	47.8077	-10.1185	2.35722	-0.0263663	40.0201	36.8735	1.08533
4716	0.00448886	0.126457	47.8036	-10.1158	2.35831	-0.026366	40.0197	36.8724	1.08536
4717	0.00448976	0.126453	47.7996	-10.1132	2.35887	-0.0263657	40.0189	36.8713	1.08537
4718	0.00449066	0.126449	47.7955	-10.1106	2.35887	-0.0263655	40.0175	36.8703	1.08536
4719	0.00449155	0.126445	47.7915	-10.1079	2.35832	-0.0263652	40.0155	36.8692	1.08534
4720	0.00449245	0.126442	47.7875	-10.1053	2.35728	-0.0263649	40.0131	36.8681	1.0853
4721	0.00449335	0.126438	47.7835	-10.1028	2.3558	-0.0263646	40.0102	36.867	1.08526
4722	0.00449425	0.126434	47.7796	-10.1002	2.35393	-0.0263643	40.007	36.8659	1.0852
4723	0.00449514	0.126431	47.7756	-10.0976	2.35174	-0.0263639	40.0034	36.8649	1.08514
4724	0.00449604	0.126427	47.7717	-10.095	2.34932	-0.0263636	39.9996	36.8638	1.08506
4725	0.00449694	0.126423	47.7677	-10.0925	2.3467	-0.0263632	39.9956	36.8628	1.08499
4726	0.00449784	0.12642	47.7638	-10.0899	2.34395	-0.0263628	39.9915	36.8617	1.08491
4727	0.00449874	0.126416	47.7599	-10.0874	2.34111	-0.0263623	39.9873	36.8607	1.08482
4728	0.00449963	0.126413	47.756	-10.0849	2.33823	-0.0263618	39.983	36.8596	1.08474
4729	0.00450053	0.126409	47.7522	-10.0824	2.33533	-0.0263613	39.9788	36.8586	1.08465
4730	0.00450143	0.126405	47.7483	-10.0798	2.33243	-0.0263607	39.9745	36.8575	1.08457
4731	0.00450233	0.126402	47.7445	-10.0774	2.32946	-0.0263601	39.9702	36.8565	1.08448
4732	0.00450322	0.126398	47.7407	-10.0749	2.32612	-0.0263595	39.9656	36.8555	1.08439
4733	0.00450412	0.126395	47.7369	-10.0724	2.3206	-0.0263587	39.9587	36.8544	1.08423
4734	0.00450502	0.126391	47.7331	-10.0699	2.31651	-0.0263579	39.9533	36.8534	1.08411
4735	0.00450592	0.126388	47.7293	-10.0675	2.31351	-0.026357	39.949	36.8524	1.08403
4736	0.00450681	0.126384	47.7255	-10.065	2.31144	-0.0263562	39.9456	36.8514	1.08396
4737	0.00450771	0.126381	47.7218	-10.0626	2.31008	-0.0263554	39.9429	36.8504	1.08392
4738	0.00450861	0.126377	47.718	-10.0602	2.30932	-0.0263545	39.9408	36.8493	1.0839
4739	0.00450951	0.126374	47.7143	-10.0577	2.30907	-0.0263537	39.9393	36.8483	1.08388
4740	0.0045104	0.126371	47.7106	-10.0553	2.30927	-0.0263529	39.9382	36.8473	1.08388
4741	0.0045113	0.126367	47.7069	-10.0529	2.30987	-0.026352	39.9375	36.8463	1.08389
4742	0.0045122	0.126364	47.7033	-10.0506	2.31081	-0.0263512	39.9372	36.8454	1.08391
4743	0.0045131	0.12636	47.6996	-10.0482	2.31415	-0.0263506	39.9392	36.8444	1.084
4744	0.00451399	0.126357	47.696	-10.0458	2.31818	-0.0263499	39.942	36.8434	1.0841
4745	0.00451489	0.126354	47.6924	-10.0435	2.32228	-0.0263492	39.9448	36.8424	1.08421
4746	0.00451579	0.12635	47.6887	-10.0411	2.32633	-0.0263485	39.9476	36.8414	1.08431
4747	0.00451669	0.126347	47.6852	-10.0388	2.33025	-0.0263478	39.9503	36.8405	1.08441
4748	0.00451758	0.126344	47.6816	-10.0365	2.33396	-0.0263472	39.9527	36.8395	1.08451
4749	0.00451848	0.12634	47.678	-10.0341	2.3374	-0.0263466	39.9549	36.8385	1.0846
4750	0.00451938	0.126337	47.6745	-10.0318	2.34049	-0.026346	39.9568	36.8376	1.08467
4751	0.00452028	0.126334	47.6709	-10.0295	2.34319	-0.0263455	39.9582	36.8366	1.08474
4752	0.00452117	0.12633	47.6674	-10.0273	2.34545	-0.0263451	39.9593	36.8357	1.0848
4753	0.00452207	0.126327	47.6639	-10.025	2.34723	-0.0263447	39.9598	36.8347	1.08484
4754	0.00452297	0.126324	47.6604	-10.0227	2.34852	-0.0263443	39.9599	36.8338	1.08487
4755	0.00452387	0.126321	47.657	-10.0205	2.34929	-0.026344	39.9595	36.8328	1.08489
4756	0.00452476	0.126318	47.6535	-10.0182	2.34954	-0.0263437	39.9585	36.8319	1.08489
4757	0.00452566	0.126314	47.6501	-10.016	2.34922	-0.0263435	39.957	36.831	1.08487
4758	0.00452656	0.126311	47.6467	-10.0138	2.34839	-0.0263432	39.9549	36.83	1.08485
4759	0.00452746	0.126308	47.6433	-10.0116	2.34707	-0.0263429	39.9524	36.8291	1.08481
4760	0.00452835	0.126305	47.6399	-10.0094	2.34531	-0.0263426	39.9495	36.8282	1.08475
4761	0.00452925	0.126302	47.6365	-10.0072	2.34319	-0.0263423	39.9462	36.8273	1.08469
4762	0.00453015	0.126299	47.6332	-10.005	2.34078	-0.026342	39.9426	36.8264	1.08462
4763	0.00453105	0.126296	47.6298	-10.0028	2.33813	-0.0263417	39.9388	36.8255	1.08454
4764	0.00453195	0.126292	47.6265	-10.0007	2.33532	-0.0263413	39.9348	36.8246	1.08446
4765	0.00453284	0.126289	47.6232	-9.99852	2.33239	-0.0263409	39.9307	36.8237	1.08438
4766	0.00453374	0.126286	47.6199	-9.99639	2.32939	-0.0263404	39.9266	36.8228	1.08429
4767	0.00453464	0.126283	47.6166	-9.99426	2.32638	-0.02634	39.9224	36.8219	1.0842
4768	0.00453554	0.12628	47.6134	-9.99215	2.32338	-0.0263395	39.9183	36.821	1.08412
4769	0.00453643	0.126277	47.6101	-9.99004	2.32044	-0.0263389	39.9142	36.8201	1.08403
4770	0.00453733	0.126274	47.6069	-9.98795	2.31755	-0.0263384	39.9102	36.8193	1.08395
4771	0.00453823	0.126271	47.6037	-9.98587	2.31467	-0.0263378	39.9062	36.8184	1.08387
4772	0.00453913	0.126268	47.6005	-9.9838	2.31157	-0.0263371	39.9019	36.8175	1.08378
4773	0.00454002	0.126265	47.5973	-9.98174	2.30668	-0.0263364	39.8959	36.8167	1.08364
4774	0.00454092	0.126262	47.5942	-9.97969	2.30259	-0.0263356	39.8907	36.8158	1.08352
4775	0.00454182	0.126259	47.591	-9.97765	2.29962	-0.0263348	39.8867	36.815	1.08344
4776	0.00454272	0.126257	47.5879	-9.97563	2.29756	-0.026334	39.8835	36.8141	1.08338
4777	0.00454361	0.126254	47.5848	-9.97361	2.29622	-0.0263332	39.8811	36.8133	1.08333
4778	0.00454451	0.126251	47.5817	-9.97161	2.29545	-0.0263323	39.8792	36.8124	1.08331
4779	0.00454541	0.126248	47.5787	-9.96962	2.29517	-0.0263315	39.8779	36.8116	1.0833
4780	0.00454631	0.126245	47.5756	-9.96763	2.29531	-0.0263307	39.877	36.8108	1.0833
4781	0.0045472	0.126242	47.5726	-9.96566	2.29581	-0.0263299	39.8764	36.8099	1.08331
4782	0.0045481	0.126239	47.5695	-9.9637	2.29662	-0.0263291	39.8761	36.8091	1.08332
4783	0.004549	0.126237	47.5665	-9.96175	2.2999	-0.0263285	39.8784	36.8083	1.08341
4784	0.0045499	0.126234	47.5636	-9.95981	2.30371	-0.0263278	39.8811	36.8075	1.08351
4785	0.00455079	0.126231	47.5606	-9.95789	2.30755	-0.0263271	39.8839	36.8067	1.08361
4786	0.00455169	0.126228	47.5576	-9.95597	2.31132	-0.0263264	39.8867	36.8059	1.0837
4787	0.00455259	0.126226	47.5547	-9.95406	2.31495	-0.0263257	39.8893	36.8051	1.0838
4788	0.00455349	0.126223	47.5518	-9.95217	2.31837	-0.0263251	39.8917	36.8043	1.08389
4789	0.00455438	0.12622	47.5489	-9.95028	2.32152	-0.0263245	39.8938	36.8035	1.08397
4790	0.00455528	0.126217	47.546	-9.94841	2.32433	-0.0263239	39.8956	36.8027	1.08404
4791	0.00455618	0.126215	47.5431	-9.94655	2.32675	-0.0263234	39.897	36.8019	1.0841
4792	0.00455708	0.126212	47.5403	-9.9447	2.32875	-0.026323	39.898	36.8012	1.08415
4793	0.00455797	0.12621	47.5374	-9.94286	2.33028	-0.0263226	39.8985	36.8004	1.08419
4794	0.00455887	0.126207	47.5346	-9.94103	2.33134	-0.0263223	39.8986	36.7996	1.08421
4795	0.00455977	0.126204	47.5318	-9.93921	2.33192	-0.026322	39.8982	36.7989	1.08422
4796	0.00456067	0.126202	47.529	-9.93741	2.33198	-0.0263217	39.8973	36.7981	1.08422
4797	0.00456157	0.126199	47.5262	-9.93561	2.33151	-0.0263215	39.8958	36.7973	1.0842
4798	0.00456246	0.126197	47.5235	-9.93383	2.33055	-0.0263212	39.8939	36.7966	1.08417
4799	0.00456336	0.126194	47.5208	-9.93205	2.32913	-0.026321	39.8915	36.7958	1.08413
4800	0.00456426	0.126191	47.518	-9.93029	2.32731	-0.0263207	39.8887	36.7951	1.08408
4801	0.00456516	0.126189	47.5153	-9.92854	2.32514	-0.0263204	39.8856	36.7944	1.08401
4802	0.00456605	0.126186	47.5127	-9.9268	2.32271	-0.0263201	39.8823	36.7936	1.08394
4803	0.00456695	0.126184	47.51	-9.92507	2.32007	-0.0263198	39.8787	36.7929	1.08387
4804	0.00456785	0.126181	47.5073	-9.92335	2.31731	-0.0263194	39.875	36.7922	1.08379
4805	0.00456875	0.126179	47.5047	-9.92165	2.31444	-0.026319	39.8712	36.7915	1.08371
4806	0.00456964	0.126177	47.5021	-9.91995	2.31154	-0.0263186	39.8674	36.7908	1.08362
4807	0.00457054	0.126174	47.4995	-9.91827	2.30865	-0.0263182	39.8636	36.7901	1.08354
4808	0.00457144	0.126172	47.4969	-9.9166	2.30583	-0.0263177	39.8598	36.7894	1.08346
4809	0.00457234	0.126169	47.4944	-9.91493	2.30312	-0.0263172	39.8562	36.7887	1.08338
4810	0.00457323	0.126167	47.4918	-9.91328	2.30056	-0.0263166	39.8528	36.788	1.08331
4811	0.00457413	0.126165	47.4893	-9.91164	2.2982	-0.0263161	39.8495	36.7873	1.08324
4812	0.00457503	0.126162	47.4868	-9.91002	2.29605	-0.0263155	39.8465	36.7866	1.08318
4813	0.00457593	0.12616	47.4843	-9.9084	2.29415	-0.0263149	39.8437	36.7859	1.08312
4814	0.00457683	0.126158	47.4818	-9.90679	2.29249	-0.0263143	39.8412	36.7852	1.08308
4815	0.00457772	0.126155	47.4793	-9.9052	2.29113	-0.0263137	39.839	36.7846	1.08303
4816	0.00457862	0.126153	47.4769	-9.90361	2.29007	-0.0263131	39.837	36.7839	1.083
4817	0.00457952	0.126151	47.4745	-9.90204	2.28937	-0.0263125	39.8355	36.7832	1.08298
4818	0.00458042	0.126148	47.4721	-9.90048	2.28909	-0.0263119	39.8344	36.7826	1.08297
4819	0.00458131	0.126146	47.4697	-9.89893	2.28926	-0.0263113	39.8337	36.7819	1.08297
4820	0.00458221	0.126144	47.4673	-9.89739	2.28988	-0.0263107	39.8335	36.7813	1.08298
4821	0.00458311	0.126142	47.4649	-9.89586	2.29088	-0.0263101	39.8336	36.7806	1.08301
4822	0.00458401	0.12614	47.4626	-9.89434	2.29216	-0.0263095	39.8341	36.78	1.08304
4823	0.0045849	0.126137	47.4603	-9.89283	2.29361	-0.0263089	39.8347	36.7794	1.08307
4824	0.0045858	0.126135	47.458	-9.89133	2.29516	-0.0263083	39.8355	36.7787	1.08311
4825	0.0045867	0.126133	47.4557	-9.88985	2.29672	-0.0263077	39.8362	36.7781	1.08315
4826	0.0045876	0.126131	47.4534	-9.88837	2.29824	-0.0263071	39.8369	36.7775	1.08319
4827	0.00458849	0.126129	47.4511	-9.88691	2.29966	-0.0263066	39.8376	36.7769	1.08322
4828	0.00458939	0.126127	47.4489	-9.88546	2.30096	-0.026306	39.8381	36.7763	1.08326
4829	0.00459029	0.126125	47.4467	-9.88401	2.30207	-0.0263055	39.8384	36.7757	1.08328
4830	0.00459119	0.126123	47.4444	-9.88258	2.30299	-0.026305	39.8385	36.7751	1.0833
4831	0.00459208	0.126121	47.4423	-9.88116	2.30368	-0.0263045	39.8385	36.7745	1.08332
4832	0.00459298	0.126119	47.4401	-9.87975	2.30412	-0.026304	39.8381	36.7739	1.08333
4833	0.00459388	0.126117	47.4379	-9.87835	2.3043	-0.0263036	39.8376	36.7733	1.08333
4834	0.00459478	0.126115	47.4358	-9.87696	2.30422	-0.0263031	39.8367	36.7727	1.08332
4835	0.00459567	0.126113	47.4336	-9.87558	2.30389	-0.0263027	39.8356	36.7721	1.08331
4836	0.00459657	0.126111	47.4315	-9.87421	2.3033	-0.0263023	39.8343	36.7715	1.08329
4837	0.00459747	0.126109	47.4294	-9.87286	2.30248	-0.0263019	39.8328	36.771	1.08327
4838	0.00459837	0.126107	47.4274	-9.87151	2.30144	-0.0263015	39.831	36.7704	1.08324
4839	0.00459927	0.126105	47.4253	-9.87018	2.30021	-0.0263011	39.829	36.7698	1.0832
4840	0.00460016	0.126103	47.4233	-9.86885	2.2988	-0.0263007	39.8269	36.7693	1.08316
4841	0.00460106	0.126101	47.4212	-9.86754	2.29726	-0.0263003	39.8246	36.7687	1.08311
4842	0.00460196	0.126099	47.4192	-9.86623	2.29561	-0.0262998	39.8223	36.7682	1.08306
4843	0.00460286	0.126097	47.4172	-9.86494	2.2939	-0.0262994	39.8199	36.7676	1.08301
4844	0.00460375	0.126095	47.4152	-9.86366	2.29215	-0.0262989	39.8174	36.7671	1.08296
4845	0.00460465	0.126093	47.4133	-9.86239	2.29041	-0.0262985	39.815	36.7665	1.08291
4846	0.00460555	0.126092	47.4113	-9.86113	2.28871	-0.026298	39.8126	36.766	1.08286
4847	0.00460645	0.12609	47.4094	-9.85987	2.28708	-0.0262975	39.8103	36.7655	1.08282
4848	0.00460735	0.126088	47.4075	-9.85863	2.28555	-0.026297	39.8081	36.765	1.08277
4849	0.00460824	0.126086	47.4056	-9.8574	2.28415	-0.0262965	39.806	36.7644	1.08273
4850	0.00460914	0.126084	47.4037	-9.85618	2.2829	-0.0262959	39.8041	36.7639	1.08269
4851	0.00461004	0.126083	47.4018	-9.85497	2.28181	-0.0262954	39.8024	36.7634	1.08266
4852	0.00461094	0.126081	47.4	-9.85377	2.28092	-0.0262949	39.8008	36.7629	1.08264
4853	0.00461183	0.126079	47.3981	-9.85258	2.28026	-0.0262943	39.7995	36.7624	1.08261
4854	0.00461273	0.126078	47.3963	-9.85139	2.27988	-0.0262937	39.7985	36.7619	1.0826
4855	0.00461363	0.126076	47.3945	-9.85022	2.2798	-0.0262931	39.7978	36.7614	1.0826
4856	0.00461453	0.126074	47.3927	-9.84906	2.28007	-0.0262926	39.7974	36.7609	1.0826
4857	0.00461542	0.126072	47.3909	-9.8479	2.28068	-0.026292	39.7974	36.7604	1.08262
4858	0.00461632	0.126071	47.3891	-9.84676	2.28159	-0.0262914	39.7977	36.7599	1.08264
4859	0.00461722	0.126069	47.3874	-9.84562	2.28273	-0.0262909	39.7982	36.7595	1.08267
4860	0.00461812	0.126068	47.3856	-9.84449	2.28401	-0.0262903	39.7989	36.759	1.0827
4861	0.00461902	0.126066	47.3839	-9.84337	2.28537	-0.0262897	39.7996	36.7585	1.08273
4862	0.00461991	0.126064	47.3822	-9.84226	2.28675	-0.0262892	39.8004	36.758	1.08277
4863	0.00462081	0.126063	47.3805	-9.84116	2.28811	-0.0262886	39.8011	36.7576	1.0828
4864	0.00462171	0.126061	47.3788	-9.84006	2.2894	-0.0262881	39.8018	36.7571	1.08283
4865	0.00462261	0.12606	47.3771	-9.83897	2.2906	-0.0262876	39.8024	36.7567	1.08286
4866	0.0046235	0.126058	47.3754	-9.83789	2.29166	-0.0262871	39.8029	36.7562	1.08289
4867	0.0046244	0.126056	47.3738	-9.83682	2.29257	-0.0262866	39.8032	36.7557	1.08291
4868	0.0046253	0.126055	47.3721	-9.83575	2.29331	-0.0262862	39.8034	36.7553	1.08293
4869	0.0046262	0.126053	47.3705	-9.83469	2.29386	-0.0262858	39.8034	36.7548	1.08294
4870	0.00462709	0.126052	47.3689	-9.83364	2.29422	-0.0262853	39.8032	36.7544	1.08295
4871	0.00462799	0.12605	47.3673	-9.83259	2.29438	-0.0262849	39.8028	36.754	1.08295
4872	0.00462889	0.126049	47.3657	-9.83156	2.29433	-0.0262845	39.8022	36.7535	1.08295
4873	0.00462979	0.126047	47.3641	-9.83052	2.2941	-0.0262841	39.8014	36.7531	1.08294
4874	0.00463069	0.126046	47.3625	-9.8295	2.29368	-0.0262837	39.8004	36.7527	1.08293
4875	0.00463158	0.126044	47.3609	-9.82848	2.29309	-0.0262833	39.7992	36.7522	1.08291
4876	0.00463248	0.126043	47.3594	-9.82747	2.29234	-0.026283	39.7979	36.7518	1.08288
4877	0.00463338	0.126041	47.3578	-9.82647	2.29147	-0.0262825	39.7965	36.7514	1.08286
4878	0.00463428	0.12604	47.3563	-9.82547	2.29049	-0.0262821	39.795	36.751	1.08283
4879	0.00463517	0.126039	47.3547	-9.82448	2.28943	-0.0262817	39.7934	36.7505	1.0828
4880	0.00463607	0.126037	47.3532	-9.8235	2.28833	-0.0262813	39.7918	36.7501	1.08277
4881	0.00463697	0.126036	47.3517	-9.82252	2.28721	-0.0262809	39.7901	36.7497	1.08273
4882	0.00463787	0.126034	47.3502	-9.82155	2.28611	-0.0262804	39.7885	36.7493	1.0827
4883	0.00463877	0.126033	47.3487	-9.82058	2.28506	-0.02628	39.7869	36.7489	1.08267
4884	0.00463966	0.126032	47.3472	-9.81962	2.28409	-0.0262795	39.7854	36.7485	1.08264
4885	0.00464056	0.12603	47.3458	-9.81867	2.28324	-0.026279	39.784	36.7481	1.08262
4886	0.00464146	0.126029	47.3443	-9.81772	2.28252	-0.0262786	39.7828	36.7477	1.08259
4887	0.00464236	0.126027	47.3428	-9.81677	2.28196	-0.0262781	39.7817	36.7473	1.08258
4888	0.00464326	0.126026	47.3414	-9.81583	2.28158	-0.0262776	39.7809	36.7469	1.08256
4889	0.00464415	0.126025	47.3399	-9.8149	2.28142	-0.0262771	39.7802	36.7465	1.08256
4890	0.00464505	0.126023	47.3385	-9.81397	2.28146	-0.0262766	39.7797	36.7461	1.08256
4891	0.00464595	0.126022	47.3371	-9.81305	2.28171	-0.0262761	39.7795	36.7457	1.08256
4892	0.00464685	0.126021	47.3357	-9.81213	2.28217	-0.0262757	39.7794	36.7453	1.08257
4893	0.00464774	0.126019	47.3342	-9.81121	2.28279	-0.0262752	39.7796	36.7449	1.08259
4894	0.00464864	0.126018	47.3328	-9.8103	2.28356	-0.0262747	39.7798	36.7446	1.0826
4895	0.00464954	0.126017	47.3314	-9.8094	2.28445	-0.0262742	39.7802	36.7442	1.08263
4896	0.00465044	0.126015	47.3301	-9.80849	2.28543	-0.0262738	39.7807	36.7438	1.08265
4897	0.00465134	0.126014	47.3287	-9.8076	2.28646	-0.0262733	39.7813	36.7434	1.08268
4898	0.00465223	0.126013	47.3273	-9.8067	2.28751	-0.0262729	39.7818	36.743	1.0827
4899	0.00465313	0.126012	47.3259	-9.80581	2.28856	-0.0262724	39.7824	36.7427	1.08273
4900	0.00465403	0.12601	47.3245	-9.80493	2.28957	-0.026272	39.7829	36.7423	1.08276
4901	0.00465493	0.126009	47.3232	-9.80404	2.29054	-0.0262715	39.7834	36.7419	1.08278
4902	0.00465582	0.126008	47.3218	-9.80316	2.29143	-0.0262711	39.7838	36.7415	1.0828
4903	0.00465672	0.126006	47.3205	-9.80229	2.29223	-0.0262707	39.7841	36.7412	1.08282
4904	0.00465762	0.126005	47.3191	-9.80141	2.29292	-0.0262703	39.7844	36.7408	1.08284
4905	0.00465852	0.126004	47.3178	-9.80054	2.29351	-0.0262699	39.7845	36.7404	1.08285
4906	0.00465942	0.126003	47.3164	-9.79968	2.29398	-0.0262695	39.7845	36.7401	1.08286
4907	0.00466031	0.126001	47.3151	-9.79881	2.29433	-0.0262691	39.7844	36.7397	1.08287
4908	0.00466121	0.126	47.3138	-9.79795	2.29457	-0.0262687	39.7841	36.7393	1.08288
4909	0.00466211	0.125999	47.3125	-9.79709	2.29469	-0.0262683	39.7838	36.739	1.08288
4910	0.00466301	0.125998	47.3111	-9.79623	2.29471	-0.026268	39.7833	36.7386	1.08288
4911	0.00466391	0.125996	47.3098	-9.79538	2.29464	-0.0262676	39.7828	36.7383	1.08287
4912	0.0046648	0.125995	47.3085	-9.79453	2.29449	-0.0262672	39.7822	36.7379	1.08287
4913	0.0046657	0.125994	47.3072	-9.79368	2.29427	-0.0262668	39.7815	36.7375	1.08286
4914	0.0046666	0.125993	47.3059	-9.79283	2.29401	-0.0262664	39.7808	36.7372	1.08285
4915	0.0046675	0.125992	47.3046	-9.79198	2.29373	-0.0262661	39.7801	36.7368	1.08284
4916	0.00466839	0.12599	47.3033	-9.79114	2.29344	-0.0262657	39.7793	36.7365	1.08283
4917	0.00466929	0.125989	47.302	-9.79029	2.29316	-0.0262653	39.7786	36.7361	1.08282
4918	0.00467019	0.125988	47.3007	-9.78945	2.29291	-0.0262649	39.7779	36.7358	1.08281
4919	0.00467109	0.125987	47.2994	-9.78861	2.29271	-0.0262645	39.7772	36.7354	1.0828
4920	0.00467199	0.125985	47.2981	-9.78777	2.29258	-0.0262641	39.7766	36.7351	1.0828
4921	0.00467288	0.125984	47.2968	-9.78693	2.29254	-0.0262637	39.7761	36.7347	1.08279
4922	0.00467378	0.125983	47.2955	-9.78609	2.29259	-0.0262634	39.7757	36.7343	1.08279
4923	0.00467468	0.125982	47.2942	-9.78526	2.29274	-0.026263	39.7754	36.734	1.0828
4924	0.00467558	0.125981	47.2929	-9.78442	2.293	-0.0262626	39.7752	36.7336	1.0828
4925	0.00467648	0.125979	47.2916	-9.78359	2.29337	-0.0262622	39.7751	36.7333	1.08281
4926	0.00467737	0.125978	47.2903	-9.78275	2.29384	-0.0262618	39.7752	36.7329	1.08282
4927	0.00467827	0.125977	47.2891	-9.78192	2.29442	-0.0262614	39.7753	36.7326	1.08283
4928	0.00467917	0.125976	47.2878	-9.78109	2.29508	-0.026261	39.7755	36.7322	1.08285
4929	0.00468007	0.125975	47.2865	-9.78026	2.29582	-0.0262606	39.7758	36.7319	1.08287
4930	0.00468097	0.125973	47.2852	-9.77942	2.29663	-0.0262602	39.7762	36.7315	1.08289
4931	0.00468186	0.125972	47.2839	-9.77859	2.29748	-0.0262599	39.7766	36.7312	1.08291
4932	0.00468276	0.125971	47.2826	-9.77776	2.29837	-0.0262595	39.777	36.7308	1.08293
4933	0.00468366	0.12597	47.2814	-9.77693	2.29928	-0.0262591	39.7774	36.7305	1.08295
4934	0.00468456	0.125969	47.2801	-9.7761	2.30018	-0.0262587	39.7779	36.7301	1.08298
4935	0.00468546	0.125967	47.2788	-9.77526	2.30108	-0.0262584	39.7784	36.7298	1.083
4936	0.00468635	0.125966	47.2775	-9.77443	2.30195	-0.026258	39.7788	36.7294	1.08302
4937	0.00468725	0.125965	47.2762	-9.7736	2.30279	-0.0262576	39.7792	36.7291	1.08304
4938	0.00468815	0.125964	47.2749	-9.77276	2.30358	-0.0262573	39.7795	36.7287	1.08306
4939	0.00468905	0.125963	47.2737	-9.77193	2.30432	-0.0262569	39.7798	36.7284	1.08308
4940	0.00468995	0.125961	47.2724	-9.7711	2.30501	-0.0262566	39.78	36.728	1.0831
4941	0.00469084	0.12596	47.2711	-9.77026	2.30563	-0.0262562	39.7802	36.7277	1.08311
4942	0.00469174	0.125959	47.2698	-9.76943	2.3062	-0.0262559	39.7803	36.7273	1.08313
4943	0.00469264	0.125958	47.2685	-9.76859	2.3067	-0.0262556	39.7804	36.727	1.08314
4944	0.00469354	0.125957	47.2672	-9.76776	2.30715	-0.0262552	39.7804	36.7266	1.08315
4945	0.00469444	0.125955	47.2659	-9.76692	2.30756	-0.0262549	39.7803	36.7263	1.08316
4946	0.00469533	0.125954	47.2646	-9.76608	2.30791	-0.0262546	39.7802	36.7259	1.08316
4947	0.00469623	0.125953	47.2633	-9.76524	2.30823	-0.0262542	39.7801	36.7256	1.08317
4948	0.00469713	0.125952	47.2621	-9.7644	2.30852	-0.0262539	39.7799	36.7252	1.08318
4949	0.00469803	0.125951	47.2608	-9.76356	2.3088	-0.0262536	39.7797	36.7249	1.08318
4950	0.00469893	0.125949	47.2595	-9.76272	2.30906	-0.0262532	39.7795	36.7245	1.08319
4951	0.00469982	0.125948	47.2582	-9.76188	2.30933	-0.0262529	39.7794	36.7242	1.08319
4952	0.00470072	0.125947	47.2569	-9.76103	2.3096	-0.0262526	39.7792	36.7238	1.0832
4953	0.00470162	0.125946	47.2556	-9.76019	2.3099	-0.0262523	39.779	36.7234	1.0832
4954	0.00470252	0.125944	47.2542	-9.75934	2.31023	-0.0262519	39.7789	36.7231	1.08321
4955	0.00470342	0.125943	47.2529	-9.75849	2.3106	-0.0262516	39.7788	36.7227	1.08322
4956	0.00470432	0.125942	47.2516	-9.75765	2.31101	-0.0262513	39.7787	36.7224	1.08323
4957	0.00470521	0.125941	47.2503	-9.7568	2.31146	-0.026251	39.7787	36.722	1.08324
4958	0.00470611	0.12594	47.249	-9.75594	2.31197	-0.0262506	39.7788	36.7217	1.08325
4959	0.00470701	0.125938	47.2477	-9.75509	2.31253	-0.0262503	39.7789	36.7213	1.08326
4960	0.00470791	0.125937	47.2464	-9.75424	2.31314	-0.02625	39.779	36.7209	1.08328
4961	0.00470881	0.125936	47.2451	-9.75339	2.31381	-0.0262496	39.7792	36.7206	1.0833
4962	0.0047097	0.125935	47.2438	-9.75253	2.31452	-0.0262493	39.7795	36.7202	1.08331
4963	0.0047106	0.125933	47.2424	-9.75168	2.31527	-0.026249	39.7798	36.7199	1.08333
4964	0.0047115	0.125932	47.2411	-9.75083	2.31606	-0.0262487	39.7801	36.7195	1.08335
4965	0.0047124	0.125931	47.2398	-9.74997	2.31688	-0.0262483	39.7805	36.7191	1.08337
4966	0.0047133	0.12593	47.2385	-9.74912	2.31772	-0.026248	39.7808	36.7188	1.08339
4967	0.00471419	0.125928	47.2372	-9.74826	2.31858	-0.0262477	39.7812	36.7184	1.08341
4968	0.00471509	0.125927	47.2358	-9.74741	2.31944	-0.0262473	39.7816	36.7181	1.08344
4969	0.00471599	0.125926	47.2345	-9.74655	2.32031	-0.026247	39.782	36.7177	1.08346
4970	0.00471689	0.125925	47.2332	-9.74569	2.32116	-0.0262467	39.7824	36.7173	1.08348
4971	0.00471779	0.125923	47.2319	-9.74484	2.32201	-0.0262464	39.7828	36.717	1.0835
4972	0.00471869	0.125922	47.2306	-9.74398	2.32284	-0.0262461	39.7832	36.7166	1.08352
4973	0.00471958	0.125921	47.2292	-9.74312	2.32365	-0.0262457	39.7835	36.7162	1.08354
4974	0.00472048	0.12592	47.2279	-9.74226	2.32443	-0.0262454	39.7838	36.7159	1.08356
4975	0.00472138	0.125918	47.2266	-9.74139	2.32518	-0.0262451	39.7841	36.7155	1.08358
4976	0.00472228	0.125917	47.2252	-9.74053	2.32591	-0.0262448	39.7844	36.7152	1.0836
4977	0.00472318	0.125916	47.2239	-9.73966	2.3266	-0.0262445	39.7846	36.7148	1.08361
4978	0.00472407	0.125915	47.2226	-9.7388	2.32727	-0.0262442	39.7848	36.7144	1.08363
4979	0.00472497	0.125913	47.2212	-9.73793	2.32791	-0.0262439	39.785	36.7141	1.08364
4980	0.00472587	0.125912	47.2199	-9.73706	2.32853	-0.0262436	39.7851	36.7137	1.08366
4981	0.00472677	0.125911	47.2185	-9.73619	2.32913	-0.0262433	39.7852	36.7133	1.08367
4982	0.00472767	0.12591	47.2172	-9.73531	2.32971	-0.026243	39.7853	36.713	1.08369
4983	0.00472856	0.125908	47.2158	-9.73444	2.33028	-0.0262427	39.7854	36.7126	1.0837
4984	0.00472946	0.125907	47.2145	-9.73356	2.33085	-0.0262424	39.7855	36.7122	1.08371
4985	0.00473036	0.125906	47.2131	-9.73268	2.33141	-0.0262421	39.7856	36.7119	1.08373
4986	0.00473126	0.125905	47.2118	-9.7318	2.33197	-0.0262418	39.7857	36.7115	1.08374
4987	0.00473216	0.125903	47.2104	-9.73092	2.33255	-0.0262415	39.7858	36.7111	1.08375
4988	0.00473306	0.125902	47.2091	-9.73004	2.33314	-0.0262412	39.7859	36.7107	1.08377
4989	0.00473395	0.125901	47.2077	-9.72916	2.33374	-0.0262409	39.786	36.7104	1.08378
4990	0.00473485	0.1259	47.2063	-9.72827	2.33437	-0.0262406	39.7862	36.71	1.0838
4991	0.00473575	0.125898	47.205	-9.72738	2.33501	-0.0262403	39.7864	36.7096	1.08381
4992	0.00473665	0.125897	47.2036	-9.72649	2.33569	-0.02624	39.7865	36.7092	1.08383
4993	0.00473755	0.125896	47.2022	-9.7256	2.33638	-0.0262397	39.7868	36.7089	1.08385
4994	0.00473845	0.125894	47.2008	-9.72471	2.33711	-0.0262394	39.787	36.7085	1.08386
4995	0.00473934	0.125893	47.1995	-9.72381	2.33786	-0.0262391	39.7873	36.7081	1.08388
4996	0.00474024	0.125892	47.1981	-9.72291	2.33863	-0.0262388	39.7876	36.7077	1.0839
4997	0.00474114	0.12589	47.1967	-9.72201	2.33943	-0.0262385	39.7879	36.7074	1.08392
4998	0.00474204	0.125889	47.1953	-9.72111	2.34025	-0.0262382	39.7882	36.707	1.08394
4999	0.00474294	0.125888	47.1939	-9.72021	2.34109	-0.0262379	39.7885	36.7066	1.08396
5000	0.00474384	0.125887	47.1925	-9.7193	2.34193	-0.0262376	39.7889	36.7062	1.08398
5001	0.00474473	0.125885	47.1911	-9.71839	2.34279	-0.0262373	39.7893	36.7058	1.084
5002	0.00474563	0.125884	47.1897	-9.71748	2.34366	-0.026237	39.7896	36.7054	1.08403
5003	0.00474653	0.125883	47.1883	-9.71657	2.34452	-0.0262367	39.79	36.7051	1.08405
5004	0.00474743	0.125881	47.1869	-9.71566	2.34539	-0.0262364	39.7904	36.7047	1.08407
5005	0.00474833	0.12588	47.1855	-9.71475	2.34625	-0.0262361	39.7907	36.7043	1.08409
5006	0.00474922	0.125879	47.1841	-9.71383	2.3471	-0.0262358	39.7911	36.7039	1.08411
5007	0.00475012	0.125877	47.1826	-9.71291	2.34794	-0.0262355	39.7914	36.7035	1.08413
5008	0.00475102	0.125876	47.1812	-9.71199	2.34877	-0.0262353	39.7918	36.7031	1.08415
5009	0.00475192	0.125875	47.1798	-9.71107	2.34958	-0.026235	39.7921	36.7027	1.08417
5010	0.00475282	0.125873	47.1784	-9.71014	2.35038	-0.0262347	39.7924	36.7023	1.08419
5011	0.00475372	0.125872	47.177	-9.70922	2.35116	-0.0262344	39.7927	36.702	1.08421
5012	0.00475461	0.125871	47.1755	-9.70829	2.35192	-0.0262342	39.7929	36.7016	1.08423
5013	0.00475551	0.125869	47.1741	-9.70736	2.35267	-0.0262339	39.7932	36.7012	1.08425
5014	0.00475641	0.125868	47.1727	-9.70643	2.3534	-0.0262336	39.7934	36.7008	1.08427
5015	0.00475731	0.125867	47.1712	-9.7055	2.35412	-0.0262333	39.7936	36.7004	1.08428
5016	0.00475821	0.125865	47.1698	-9.70456	2.35483	-0.0262331	39.7938	36.7	1.0843
5017	0.00475911	0.125864	47.1683	-9.70363	2.35553	-0.0262328	39.794	36.6996	1.08432
5018	0.00476	0.125862	47.1669	-9.70269	2.35622	-0.0262325	39.7942	36.6992	1.08433
5019	0.0047609	0.125861	47.1654	-9.70175	2.3569	-0.0262323	39.7944	36.6988	1.08435
5020	0.0047618	0.12586	47.164	-9.70081	2.35759	-0.026232	39.7945	36.6984	1.08437
5021	0.0047627	0.125858	47.1625	-9.69986	2.35827	-0.0262317	39.7947	36.698	1.08438
5022	0.0047636	0.125857	47.1611	-9.69892	2.35896	-0.0262315	39.7949	36.6976	1.0844
5023	0.0047645	0.125856	47.1596	-9.69797	2.35965	-0.0262312	39.7951	36.6972	1.08442
5024	0.00476539	0.125854	47.1581	-9.69702	2.36035	-0.0262309	39.7952	36.6968	1.08443
5025	0.00476629	0.125853	47.1567	-9.69607	2.36106	-0.0262307	39.7954	36.6964	1.08445
5026	0.00476719	0.125852	47.1552	-9.69512	2.36178	-0.0262304	39.7956	36.696	1.08447
5027	0.00476809	0.12585	47.1537	-9.69417	2.36251	-0.0262302	39.7959	36.6956	1.08449
5028	0.00476899	0.125849	47.1523	-9.69321	2.36326	-0.0262299	39.7961	36.6952	1.0845
5029	0.00476989	0.125847	47.1508	-9.69226	2.36401	-0.0262296	39.7963	36.6948	1.08452
5030	0.00477079	0.125846	47.1493	-9.6913	2.36478	-0.0262294	39.7966	36.6944	1.08454
5031	0.00477168	0.125845	47.1478	-9.69034	2.36556	-0.0262291	39.7968	36.694	1.08456
5032	0.00477258	0.125843	47.1463	-9.68938	2.36636	-0.0262289	39.7971	36.6936	1.08458
5033	0.00477348	0.125842	47.1449	-9.68841	2.36716	-0.0262286	39.7974	36.6932	1.0846
5034	0.00477438	0.12584	47.1434	-9.68745	2.36797	-0.0262283	39.7977	36.6928	1.08462
5035	0.00477528	0.125839	47.1419	-9.68648	2.36878	-0.0262281	39.798	36.6924	1.08464
5036	0.00477618	0.125838	47.1404	-9.68551	2.36961	-0.0262278	39.7983	36.6919	1.08466
5037	0.00477707	0.125836	47.1389	-9.68455	2.37043	-0.0262276	39.7986	36.6915	1.08468
5038	0.00477797	0.125835	47.1374	-9.68358	2.37126	-0.0262274	39.7988	36.6911	1.0847
5039	0.00477887	0.125833	47.1359	-9.6826	2.37208	-0.0262271	39.7991	36.6907	1.08472
5040	0.00477977	0.125832	47.1344	-9.68163	2.3729	-0.0262269	39.7994	36.6903	1.08474
5041	0.00478067	0.125831	47.1329	-9.68066	2.37372	-0.0262266	39.7997	36.6899	1.08476
5042	0.00478157	0.125829	47.1314	-9.67968	2.37453	-0.0262264	39.8	36.6895	1.08478
5043	0.00478246	0.125828	47.1299	-9.67871	2.37533	-0.0262261	39.8003	36.6891	1.0848
5044	0.00478336	0.125826	47.1284	-9.67773	2.37612	-0.0262259	39.8005	36.6887	1.08482
5045	0.00478426	0.125825	47.1269	-9.67675	2.3769	-0.0262257	39.8008	36.6882	1.08484
5046	0.00478516	0.125823	47.1254	-9.67577	2.37768	-0.0262254	39.801	36.6878	1.08486
5047	0.00478606	0.125822	47.1238	-9.67479	2.37844	-0.0262252	39.8013	36.6874	1.08488
5048	0.00478696	0.125821	47.1223	-9.67381	2.3792	-0.026225	39.8015	36.687	1.08489
5049	0.00478786	0.125819	47.1208	-9.67283	2.37994	-0.0262247	39.8017	36.6866	1.08491
5050	0.00478875	0.125818	47.1193	-9.67185	2.38068	-0.0262245	39.8019	36.6862	1.08493
5051	0.00478965	0.125816	47.1178	-9.67086	2.38141	-0.0262243	39.8021	36.6857	1.08495
5052	0.00479055	0.125815	47.1163	-9.66988	2.38214	-0.0262241	39.8023	36.6853	1.08496
5053	0.00479145	0.125813	47.1147	-9.66889	2.38286	-0.0262238	39.8025	36.6849	1.08498
5054	0.00479235	0.125812	47.1132	-9.66791	2.38358	-0.0262236	39.8027	36.6845	1.085
5055	0.00479325	0.125811	47.1117	-9.66692	2.3843	-0.0262234	39.8028	36.6841	1.08502
5056	0.00479415	0.125809	47.1102	-9.66593	2.38503	-0.0262232	39.803	36.6837	1.08503
5057	0.00479504	0.125808	47.1086	-9.66494	2.38575	-0.0262229	39.8032	36.6832	1.08505
5058	0.00479594	0.125806	47.1071	-9.66395	2.38648	-0.0262227	39.8034	36.6828	1.08507
5059	0.00479684	0.125805	47.1056	-9.66296	2.38721	-0.0262225	39.8036	36.6824	1.08509
5060	0.00479774	0.125803	47.104	-9.66196	2.38795	-0.0262223	39.8038	36.682	1.08511
5061	0.00479864	0.125802	47.1025	-9.66097	2.3887	-0.0262221	39.804	36.6816	1.08512
5062	0.00479954	0.125801	47.101	-9.65998	2.38946	-0.0262219	39.8042	36.6811	1.08514
5063	0.00480044	0.125799	47.0994	-9.65898	2.39023	-0.0262216	39.8045	36.6807	1.08516
5064	0.00480133	0.125798	47.0979	-9.65798	2.391	-0.0262214	39.8047	36.6803	1.08518
5065	0.00480223	0.125796	47.0964	-9.65699	2.39179	-0.0262212	39.8049	36.6799	1.0852
5066	0.00480313	0.125795	47.0948	-9.65599	2.39258	-0.026221	39.8052	36.6795	1.08522
5067	0.00480403	0.125793	47.0933	-9.65499	2.39338	-0.0262208	39.8054	36.679	1.08524
5068	0.00480493	0.125792	47.0917	-9.65399	2.39419	-0.0262206	39.8057	36.6786	1.08526
5069	0.00480583	0.12579	47.0902	-9.65299	2.39501	-0.0262204	39.806	36.6782	1.08528
5070	0.00480673	0.125789	47.0886	-9.65199	2.39583	-0.0262202	39.8063	36.6778	1.0853
5071	0.00480762	0.125788	47.0871	-9.65098	2.39665	-0.02622	39.8065	36.6773	1.08532
5072	0.00480852	0.125786	47.0855	-9.64998	2.39747	-0.0262198	39.8068	36.6769	1.08534
5073	0.00480942	0.125785	47.084	-9.64898	2.39829	-0.0262196	39.8071	36.6765	1.08536
5074	0.00481032	0.125783	47.0824	-9.64797	2.39911	-0.0262194	39.8074	36.6761	1.08538
5075	0.00481122	0.125782	47.0809	-9.64697	2.39992	-0.0262192	39.8076	36.6756	1.0854
5076	0.00481212	0.12578	47.0793	-9.64596	2.40073	-0.026219	39.8079	36.6752	1.08542
5077	0.00481302	0.125779	47.0778	-9.64495	2.40153	-0.0262188	39.8081	36.6748	1.08544
5078	0.00481391	0.125777	47.0762	-9.64394	2.40232	-0.0262187	39.8084	36.6744	1.08546
5079	0.00481481	0.125776	47.0747	-9.64293	2.40311	-0.0262185	39.8086	36.6739	1.08547
5080	0.00481571	0.125774	47.0731	-9.64192	2.40388	-0.0262183	39.8088	36.6735	1.08549
5081	0.00481661	0.125773	47.0715	-9.64091	2.40464	-0.0262181	39.8091	36.6731	1.08551
5082	0.00481751	0.125771	47.07	-9.6399	2.40539	-0.0262179	39.8093	36.6726	1.08553
5083	0.00481841	0.12577	47.0684	-9.63889	2.40613	-0.0262178	39.8094	36.6722	1.08555
5084	0.00481931	0.125768	47.0669	-9.63787	2.40687	-0.0262176	39.8096	36.6718	1.08557
5085	0.0048202	0.125767	47.0653	-9.63686	2.40759	-0.0262174	39.8098	36.6714	1.08558
5086	0.0048211	0.125766	47.0637	-9.63584	2.4083	-0.0262172	39.81	36.6709	1.0856
5087	0.004822	0.125764	47.0621	-9.63483	2.40901	-0.0262171	39.8101	36.6705	1.08562
5088	0.0048229	0.125763	47.0606	-9.63381	2.40971	-0.0262169	39.8103	36.6701	1.08563
5089	0.0048238	0.125761	47.059	-9.63279	2.4104	-0.0262167	39.8104	36.6696	1.08565
5090	0.0048247	0.12576	47.0574	-9.63177	2.41109	-0.0262166	39.8105	36.6692	1.08567
5091	0.0048256	0.125758	47.0558	-9.63075	2.41178	-0.0262164	39.8107	36.6688	1.08568
5092	0.00482649	0.125757	47.0543	-9.62973	2.41246	-0.0262162	39.8108	36.6683	1.0857
5093	0.00482739	0.125755	47.0527	-9.6287	2.41315	-0.0262161	39.8109	36.6679	1.08572
5094	0.00482829	0.125754	47.0511	-9.62768	2.41383	-0.0262159	39.811	36.6675	1.08573
5095	0.00482919	0.125752	47.0495	-9.62665	2.41452	-0.0262157	39.8112	36.667	1.08575
5096	0.00483009	0.125751	47.0479	-9.62562	2.41521	-0.0262156	39.8113	36.6666	1.08577
5097	0.00483099	0.125749	47.0463	-9.6246	2.4159	-0.0262154	39.8114	36.6662	1.08578
5098	0.00483189	0.125748	47.0448	-9.62357	2.4166	-0.0262153	39.8116	36.6657	1.0858
5099	0.00483279	0.125746	47.0432	-9.62254	2.4173	-0.0262151	39.8117	36.6653	1.08582
5100	0.00483368	0.125745	47.0416	-9.6215	2.41801	-0.026215	39.8119	36.6648	1.08583
5101	0.00483458	0.125743	47.04	-9.62047	2.41871	-0.0262148	39.812	36.6644	1.08585
5102	0.00483548	0.125742	47.0384	-9.61944	2.41943	-0.0262147	39.8122	36.664	1.08587
5103	0.00483638	0.12574	47.0368	-9.6184	2.42014	-0.0262145	39.8123	36.6635	1.08588
5104	0.00483728	0.125739	47.0352	-9.61737	2.42085	-0.0262144	39.8125	36.6631	1.0859
5105	0.00483818	0.125737	47.0336	-9.61634	2.42157	-0.0262142	39.8126	36.6626	1.08592
5106	0.00483908	0.125736	47.032	-9.6153	2.42228	-0.0262141	39.8128	36.6622	1.08593
5107	0.00483998	0.125734	47.0304	-9.61427	2.42299	-0.026214	39.8129	36.6618	1.08595
5108	0.00484087	0.125733	47.0288	-9.61324	2.4237	-0.0262138	39.813	36.6613	1.08597
5109	0.00484177	0.125731	47.0272	-9.6122	2.4244	-0.0262137	39.8132	36.6609	1.08599
5110	0.00484267	0.12573	47.0256	-9.61117	2.42509	-0.0262136	39.8133	36.6605	1.086
5111	0.00484357	0.125728	47.024	-9.61014	2.42578	-0.0262134	39.8134	36.66	1.08602
5112	0.00484447	0.125727	47.0224	-9.60911	2.42645	-0.0262133	39.8136	36.6596	1.08603
5113	0.00484537	0.125725	47.0208	-9.60808	2.42711	-0.0262132	39.8137	36.6591	1.08605
5114	0.00484627	0.125724	47.0192	-9.60705	2.42776	-0.0262131	39.8137	36.6587	1.08607
5115	0.00484717	0.125722	47.0176	-9.60602	2.4284	-0.0262129	39.8138	36.6583	1.08608
5116	0.00484806	0.125721	47.0161	-9.60499	2.42902	-0.0262128	39.8139	36.6578	1.08609
5117	0.00484896	0.125719	47.0145	-9.60395	2.42963	-0.0262127	39.8139	36.6574	1.08611
5118	0.00484986	0.125718	47.0129	-9.60292	2.43022	-0.0262126	39.814	36.6569	1.08612
5119	0.00485076	0.125716	47.0113	-9.60189	2.4308	-0.0262125	39.814	36.6565	1.08614
5120	0.00485166	0.125715	47.0097	-9.60086	2.43137	-0.0262124	39.814	36.6561	1.08615
5121	0.00485256	0.125713	47.0081	-9.59983	2.43192	-0.0262123	39.814	36.6556	1.08616
5122	0.00485346	0.125712	47.0065	-9.5988	2.43246	-0.0262121	39.8139	36.6552	1.08617
5123	0.00485436	0.12571	47.0049	-9.59777	2.43299	-0.026212	39.8139	36.6548	1.08619
5124	0.00485525	0.125709	47.0033	-9.59674	2.43351	-0.0262119	39.8139	36.6543	1.0862
5125	0.00485615	0.125707	47.0017	-9.59571	2.43402	-0.0262118	39.8138	36.6539	1.08621
5126	0.00485705	0.125706	47.0001	-9.59467	2.43453	-0.0262117	39.8138	36.6534	1.08622
5127	0.00485795	0.125704	46.9985	-9.59364	2.43503	-0.0262116	39.8137	36.653	1.08623
5128	0.00485885	0.125703	46.9969	-9.59261	2.43553	-0.0262115	39.8136	36.6526	1.08624
5129	0.00485975	0.125701	46.9953	-9.59157	2.43603	-0.0262114	39.8136	36.6521	1.08626
5130	0.00486065	0.1257	46.9937	-9.59053	2.43653	-0.0262113	39.8135	36.6517	1.08627
5131	0.00486155	0.125698	46.9921	-9.5895	2.43703	-0.0262112	39.8134	36.6512	1.08628
5132	0.00486244	0.125697	46.9905	-9.58846	2.43754	-0.0262111	39.8134	36.6508	1.08629
5133	0.00486334	0.125695	46.9889	-9.58741	2.43806	-0.026211	39.8133	36.6504	1.0863
5134	0.00486424	0.125693	46.9873	-9.58637	2.43858	-0.0262109	39.8133	36.6499	1.08631
5135	0.00486514	0.125692	46.9857	-9.58533	2.43911	-0.0262108	39.8132	36.6495	1.08633
5136	0.00486604	0.12569	46.9841	-9.58428	2.43964	-0.0262107	39.8132	36.649	1.08634
5137	0.00486694	0.125689	46.9825	-9.58324	2.44019	-0.0262106	39.8132	36.6486	1.08635
5138	0.00486784	0.125687	46.9808	-9.58219	2.44074	-0.0262104	39.8132	36.6481	1.08636
5139	0.00486874	0.125686	46.9792	-9.58115	2.4413	-0.0262103	39.8132	36.6477	1.08638
5140	0.00486963	0.125684	46.9776	-9.5801	2.44186	-0.0262102	39.8131	36.6472	1.08639
5141	0.00487053	0.125683	46.976	-9.57905	2.44243	-0.0262102	39.8131	36.6468	1.0864
5142	0.00487143	0.125681	46.9744	-9.578	2.443	-0.0262101	39.8131	36.6464	1.08641
5143	0.00487233	0.12568	46.9727	-9.57695	2.44357	-0.02621	39.8131	36.6459	1.08643
5144	0.00487323	0.125678	46.9711	-9.57589	2.44413	-0.0262099	39.8131	36.6455	1.08644
5145	0.00487413	0.125677	46.9695	-9.57484	2.44469	-0.0262098	39.8131	36.645	1.08645
5146	0.00487503	0.125675	46.9678	-9.57378	2.44525	-0.0262097	39.8131	36.6446	1.08647
5147	0.00487593	0.125674	46.9662	-9.57272	2.44579	-0.0262096	39.8131	36.6441	1.08648
5148	0.00487683	0.125672	46.9646	-9.57167	2.44633	-0.0262095	39.813	36.6437	1.08649
5149	0.00487772	0.12567	46.9629	-9.57061	2.44685	-0.0262094	39.813	36.6432	1.0865
5150	0.00487862	0.125669	46.9613	-9.56955	2.44736	-0.0262094	39.8129	36.6428	1.08651
5151	0.00487952	0.125667	46.9597	-9.56849	2.44784	-0.0262093	39.8128	36.6423	1.08653
5152	0.00488042	0.125666	46.958	-9.56742	2.44832	-0.0262092	39.8127	36.6419	1.08654
5153	0.00488132	0.125664	46.9564	-9.56636	2.44877	-0.0262091	39.8126	36.6414	1.08655
5154	0.00488222	0.125663	46.9547	-9.56529	2.44921	-0.026209	39.8124	36.6409	1.08656
5155	0.00488312	0.125661	46.9531	-9.56423	2.44962	-0.026209	39.8123	36.6405	1.08656
5156	0.00488402	0.12566	46.9514	-9.56316	2.45002	-0.0262089	39.8121	36.64	1.08657
5157	0.00488492	0.125658	46.9498	-9.56209	2.45041	-0.0262088	39.8119	36.6396	1.08658
5158	0.00488581	0.125656	46.9481	-9.56102	2.45078	-0.0262088	39.8117	36.6391	1.08659
5159	0.00488671	0.125655	46.9465	-9.55995	2.45113	-0.0262087	39.8114	36.6387	1.0866
5160	0.00488761	0.125653	46.9448	-9.55888	2.45148	-0.0262086	39.8112	36.6382	1.0866
5161	0.00488851	0.125652	46.9431	-9.5578	2.45181	-0.0262085	39.8109	36.6378	1.08661
5162	0.00488941	0.12565	46.9415	-9.55673	2.45214	-0.0262085	39.8107	36.6373	1.08662
5163	0.00489031	0.125649	46.9398	-9.55565	2.45247	-0.0262084	39.8104	36.6368	1.08662
5164	0.00489121	0.125647	46.9382	-9.55458	2.45279	-0.0262083	39.8102	36.6364	1.08663
5165	0.00489211	0.125645	46.9365	-9.5535	2.45312	-0.0262082	39.8099	36.6359	1.08664
5166	0.00489301	0.125644	46.9348	-9.55242	2.45345	-0.0262082	39.8096	36.6355	1.08664
5167	0.0048939	0.125642	46.9332	-9.55134	2.45379	-0.0262081	39.8094	36.635	1.08665
5168	0.0048948	0.125641	46.9315	-9.55026	2.45414	-0.026208	39.8092	36.6345	1.08666
5169	0.0048957	0.125639	46.9298	-9.54918	2.45451	-0.0262079	39.8089	36.6341	1.08666
5170	0.0048966	0.125638	46.9281	-9.5481	2.45489	-0.0262079	39.8087	36.6336	1.08667
5171	0.0048975	0.125636	46.9265	-9.54702	2.45528	-0.0262078	39.8085	36.6332	1.08668
5172	0.0048984	0.125634	46.9248	-9.54593	2.4557	-0.0262077	39.8083	36.6327	1.08669
5173	0.0048993	0.125633	46.9231	-9.54485	2.45613	-0.0262076	39.8082	36.6322	1.0867
5174	0.0049002	0.125631	46.9214	-9.54376	2.45658	-0.0262076	39.808	36.6318	1.08671
5175	0.00490109	0.12563	46.9198	-9.54268	2.45704	-0.0262075	39.8079	36.6313	1.08672
5176	0.00490199	0.125628	46.9181	-9.54159	2.45751	-0.0262074	39.8078	36.6308	1.08673
5177	0.00490289	0.125626	46.9164	-9.54051	2.458	-0.0262073	39.8077	36.6304	1.08674
5178	0.00490379	0.125625	46.9147	-9.53942	2.45848	-0.0262073	39.8076	36.6299	1.08675
5179	0.00490469	0.125623	46.913	-9.53834	2.45897	-0.0262072	39.8075	36.6295	1.08676
5180	0.00490559	0.125622	46.9114	-9.53725	2.45946	-0.0262071	39.8074	36.629	1.08677
5181	0.00490649	0.12562	46.9097	-9.53616	2.45993	-0.0262071	39.8072	36.6285	1.08678
5182	0.00490739	0.125619	46.908	-9.53507	2.46039	-0.026207	39.8071	36.6281	1.08679
5183	0.00490829	0.125617	46.9063	-9.53399	2.46084	-0.026207	39.807	36.6276	1.0868
5184	0.00490918	0.125615	46.9046	-9.5329	2.46126	-0.0262069	39.8068	36.6271	1.08681
5185	0.00491008	0.125614	46.9029	-9.53181	2.46166	-0.0262069	39.8066	36.6267	1.08682
5186	0.00491098	0.125612	46.9013	-9.53073	2.46202	-0.0262068	39.8064	36.6262	1.08683
5187	0.00491188	0.125611	46.8996	-9.52965	2.46236	-0.0262068	39.8061	36.6257	1.08683
5188	0.00491278	0.125609	46.8979	-9.52857	2.46266	-0.0262067	39.8058	36.6253	1.08684
5189	0.00491368	0.125607	46.8963	-9.52749	2.46293	-0.0262067	39.8055	36.6248	1.08684
5190	0.00491458	0.125606	46.8946	-9.52641	2.46316	-0.0262066	39.8051	36.6244	1.08685
5191	0.00491548	0.125604	46.8929	-9.52534	2.46335	-0.0262066	39.8047	36.6239	1.08685
5192	0.00491638	0.125603	46.8913	-9.52427	2.46351	-0.0262065	39.8043	36.6234	1.08685
5193	0.00491727	0.125601	46.8896	-9.5232	2.46363	-0.0262065	39.8038	36.623	1.08685
5194	0.00491817	0.1256	46.888	-9.52213	2.46373	-0.0262064	39.8033	36.6225	1.08685
5195	0.00491907	0.125598	46.8863	-9.52107	2.4638	-0.0262064	39.8028	36.6221	1.08685
5196	0.00491997	0.125596	46.8847	-9.52001	2.46384	-0.0262063	39.8023	36.6216	1.08685
5197	0.00492087	0.125595	46.883	-9.51895	2.46386	-0.0262063	39.8017	36.6212	1.08685
5198	0.00492177	0.125593	46.8814	-9.51789	2.46387	-0.0262062	39.8012	36.6207	1.08685
5199	0.00492267	0.125592	46.8797	-9.51683	2.46387	-0.0262061	39.8006	36.6202	1.08685
5200	0.00492357	0.12559	46.8781	-9.51577	2.46386	-0.0262061	39.8	36.6198	1.08684
5201	0.00492447	0.125589	46.8765	-9.51472	2.46386	-0.026206	39.7994	36.6193	1.08684
5202	0.00492536	0.125587	46.8748	-9.51366	2.46387	-0.026206	39.7988	36.6189	1.08684
5203	0.00492626	0.125586	46.8732	-9.51261	2.46388	-0.0262059	39.7983	36.6184	1.08684
5204	0.00492716	0.125584	46.8716	-9.51157	2.46393	-0.0262058	39.7977	36.618	1.08684
5205	0.00492806	0.125582	46.87	-9.51052	2.464	-0.0262057	39.7972	36.6175	1.08684
5206	0.00492896	0.125581	46.8684	-9.50948	2.46411	-0.0262057	39.7968	36.6171	1.08684
5207	0.00492986	0.125579	46.8667	-9.50843	2.46426	-0.0262056	39.7964	36.6166	1.08684
5208	0.00493076	0.125578	46.8651	-9.50739	2.46446	-0.0262055	39.796	36.6162	1.08684
5209	0.00493166	0.125576	46.8635	-9.50636	2.46471	-0.0262055	39.7957	36.6158	1.08685
5210	0.00493256	0.125575	46.8619	-9.50532	2.46502	-0.0262054	39.7954	36.6153	1.08685
5211	0.00493345	0.125573	46.8603	-9.50429	2.46537	-0.0262053	39.7952	36.6149	1.08686
5212	0.00493435	0.125572	46.8587	-9.50326	2.46577	-0.0262053	39.795	36.6144	1.08687
5213	0.00493525	0.12557	46.8571	-9.50223	2.4662	-0.0262052	39.7949	36.614	1.08688
5214	0.00493615	0.125569	46.8556	-9.50121	2.46666	-0.0262051	39.7948	36.6135	1.08689
5215	0.00493705	0.125567	46.854	-9.50019	2.46713	-0.0262051	39.7947	36.6131	1.0869
5216	0.00493795	0.125566	46.8524	-9.49917	2.4676	-0.026205	39.7946	36.6127	1.08691
5217	0.00493885	0.125564	46.8508	-9.49816	2.46805	-0.026205	39.7945	36.6122	1.08692
5218	0.00493975	0.125563	46.8493	-9.49715	2.46849	-0.0262049	39.7944	36.6118	1.08693
5219	0.00494065	0.125561	46.8477	-9.49614	2.46889	-0.0262049	39.7942	36.6114	1.08694
5220	0.00494154	0.12556	46.8461	-9.49513	2.46924	-0.0262049	39.794	36.6109	1.08694
5221	0.00494244	0.125558	46.8446	-9.49413	2.46954	-0.0262048	39.7938	36.6105	1.08695
5222	0.00494334	0.125557	46.843	-9.49314	2.46977	-0.0262048	39.7935	36.6101	1.08695
5223	0.00494424	0.125555	46.8415	-9.49215	2.46994	-0.0262048	39.7931	36.6096	1.08696
5224	0.00494514	0.125554	46.84	-9.49116	2.47003	-0.0262048	39.7926	36.6092	1.08696
5225	0.00494604	0.125552	46.8384	-9.49018	2.47005	-0.0262047	39.7921	36.6088	1.08695
5226	0.00494694	0.125551	46.8369	-9.4892	2.46998	-0.0262047	39.7915	36.6084	1.08695
5227	0.00494784	0.12555	46.8354	-9.48823	2.46984	-0.0262047	39.7908	36.608	1.08694
5228	0.00494874	0.125548	46.8339	-9.48726	2.46963	-0.0262047	39.7901	36.6075	1.08694
5229	0.00494963	0.125547	46.8324	-9.4863	2.46933	-0.0262046	39.7893	36.6071	1.08693
5230	0.00495053	0.125545	46.8309	-9.48534	2.46897	-0.0262046	39.7884	36.6067	1.08691
5231	0.00495143	0.125544	46.8295	-9.48439	2.46854	-0.0262046	39.7874	36.6063	1.0869
5232	0.00495233	0.125543	46.828	-9.48345	2.46805	-0.0262045	39.7864	36.6059	1.08689
5233	0.00495323	0.125541	46.8266	-9.48251	2.4675	-0.0262045	39.7853	36.6055	1.08687
5234	0.00495413	0.12554	46.8251	-9.48158	2.46692	-0.0262044	39.7842	36.6051	1.08685
5235	0.00495503	0.125538	46.8237	-9.48065	2.4663	-0.0262044	39.7831	36.6047	1.08683
5236	0.00495593	0.125537	46.8222	-9.47973	2.46565	-0.0262043	39.782	36.6043	1.08681
5237	0.00495683	0.125536	46.8208	-9.47882	2.46499	-0.0262042	39.7808	36.6039	1.08679
5238	0.00495772	0.125534	46.8194	-9.47791	2.46432	-0.0262041	39.7796	36.6035	1.08677
5239	0.00495862	0.125533	46.818	-9.47701	2.46365	-0.026204	39.7785	36.6031	1.08675
5240	0.00495952	0.125532	46.8166	-9.47611	2.46298	-0.0262039	39.7773	36.6027	1.08673
5241	0.00496042	0.12553	46.8152	-9.47523	2.46231	-0.0262038	39.7761	36.6023	1.08671
5242	0.00496132	0.125529	46.8139	-9.47435	2.46164	-0.0262037	39.775	36.602	1.08669
5243	0.00496222	0.125528	46.8125	-9.47347	2.46094	-0.0262036	39.7738	36.6016	1.08667
5244	0.00496312	0.125526	46.8112	-9.47261	2.46016	-0.0262035	39.7725	36.6012	1.08665
5245	0.00496402	0.125525	46.8098	-9.47175	2.45916	-0.0262033	39.7711	36.6008	1.08662
5246	0.00496492	0.125524	46.8085	-9.4709	2.45722	-0.0262031	39.7686	36.6005	1.08656
5247	0.00496581	0.125523	46.8072	-9.47005	2.45479	-0.0262028	39.7658	36.6001	1.08649
5248	0.00496671	0.125521	46.8059	-9.46921	2.45312	-0.0262025	39.7636	36.5997	1.08644
5249	0.00496761	0.12552	46.8046	-9.46838	2.452	-0.0262023	39.762	36.5994	1.08641
5250	0.00496851	0.125519	46.8033	-9.46756	2.4513	-0.026202	39.7609	36.599	1.08639
5251	0.00496941	0.125518	46.8021	-9.46675	2.45091	-0.0262017	39.76	36.5987	1.08638
5252	0.00497031	0.125517	46.8008	-9.46594	2.45078	-0.0262015	39.7595	36.5983	1.08637
5253	0.00497121	0.125515	46.7996	-9.46514	2.45085	-0.0262012	39.7591	36.598	1.08637
5254	0.00497211	0.125514	46.7984	-9.46435	2.45111	-0.0262009	39.7589	36.5976	1.08638
5255	0.004973	0.125513	46.7971	-9.46357	2.45165	-0.0262007	39.759	36.5973	1.08639
5256	0.0049739	0.125512	46.7959	-9.4628	2.45434	-0.0262006	39.7613	36.597	1.08646
5257	0.0049748	0.125511	46.7948	-9.46204	2.45751	-0.0262004	39.764	36.5966	1.08655
5258	0.0049757	0.12551	46.7936	-9.46128	2.46067	-0.0262003	39.7668	36.5963	1.08663
5259	0.0049766	0.125509	46.7924	-9.46054	2.46375	-0.0262001	39.7694	36.596	1.08672
5260	0.0049775	0.125507	46.7913	-9.4598	2.46669	-0.0262	39.772	36.5957	1.08679
5261	0.0049784	0.125506	46.7901	-9.45907	2.46944	-0.0261999	39.7743	36.5953	1.08687
5262	0.0049793	0.125505	46.789	-9.45835	2.47196	-0.0261998	39.7764	36.595	1.08694
5263	0.00498019	0.125504	46.7879	-9.45764	2.47422	-0.0261998	39.7783	36.5947	1.087
5264	0.00498109	0.125503	46.7868	-9.45694	2.47616	-0.0261998	39.7799	36.5944	1.08705
5265	0.00498199	0.125502	46.7858	-9.45625	2.47778	-0.0261999	39.7811	36.5941	1.08709
5266	0.00498289	0.125501	46.7847	-9.45557	2.47903	-0.0262	39.782	36.5938	1.08712
5267	0.00498379	0.1255	46.7836	-9.4549	2.47991	-0.0262002	39.7825	36.5935	1.08714
5268	0.00498469	0.125499	46.7826	-9.45423	2.48041	-0.0262004	39.7826	36.5932	1.08716
5269	0.00498559	0.125498	46.7816	-9.45357	2.48051	-0.0262006	39.7823	36.593	1.08716
5270	0.00498649	0.125497	46.7806	-9.45293	2.48022	-0.0262008	39.7817	36.5927	1.08715
5271	0.00498739	0.125496	46.7796	-9.45229	2.47951	-0.026201	39.7806	36.5924	1.08713
5272	0.00498828	0.125495	46.7786	-9.45166	2.47841	-0.0262012	39.7792	36.5921	1.0871
5273	0.00498918	0.125494	46.7776	-9.45103	2.47698	-0.0262014	39.7774	36.5919	1.08706
5274	0.00499008	0.125493	46.7767	-9.45042	2.47525	-0.0262015	39.7753	36.5916	1.08701
5275	0.00499098	0.125493	46.7757	-9.44981	2.47328	-0.0262016	39.773	36.5913	1.08695
5276	0.00499188	0.125492	46.7748	-9.44921	2.47113	-0.0262017	39.7705	36.5911	1.08689
5277	0.00499278	0.125491	46.7739	-9.44861	2.46882	-0.0262018	39.7679	36.5908	1.08683
5278	0.00499368	0.12549	46.773	-9.44803	2.46641	-0.0262019	39.7651	36.5905	1.08676
5279	0.00499458	0.125489	46.7721	-9.44745	2.46393	-0.0262019	39.7623	36.5903	1.08669
5280	0.00499547	0.125488	46.7712	-9.44688	2.46144	-0.0262018	39.7595	36.59	1.08662
5281	0.00499637	0.125487	46.7703	-9.44631	2.45897	-0.0262018	39.7568	36.5898	1.08655
5282	0.00499727	0.125486	46.7694	-9.44576	2.45657	-0.0262017	39.754	36.5896	1.08649
5283	0.00499817	0.125486	46.7686	-9.44521	2.45425	-0.0262016	39.7514	36.5893	1.08642
5284	0.00499907	0.125485	46.7677	-9.44466	2.45206	-0.0262015	39.7489	36.5891	1.08636
5285	0.00499997	0.125484	46.7669	-9.44413	2.45	-0.0262014	39.7466	36.5888	1.0863
5286	0.00500087	0.125483	46.7661	-9.4436	2.44804	-0.0262012	39.7443	36.5886	1.08625
5287	0.00500177	0.125482	46.7653	-9.44307	2.44614	-0.0262011	39.7421	36.5884	1.08619
5288	0.00500266	0.125482	46.7645	-9.44256	2.44411	-0.0262009	39.7398	36.5882	1.08614
5289	0.00500356	0.125481	46.7637	-9.44205	2.44098	-0.0262007	39.7364	36.5879	1.08605
5290	0.00500446	0.12548	46.7629	-9.44154	2.43786	-0.0262004	39.733	36.5877	1.08597
5291	0.00500536	0.125479	46.7621	-9.44105	2.43573	-0.0262001	39.7306	36.5875	1.08591
5292	0.00500626	0.125479	46.7613	-9.44056	2.43436	-0.0261998	39.7289	36.5873	1.08587
5293	0.00500716	0.125478	46.7606	-9.44007	2.43357	-0.0261995	39.7279	36.5871	1.08584
5294	0.00500806	0.125477	46.7598	-9.43959	2.43324	-0.0261992	39.7273	36.5869	1.08583
5295	0.00500896	0.125477	46.7591	-9.43912	2.43327	-0.0261989	39.7271	36.5867	1.08583
5296	0.00500985	0.125476	46.7584	-9.43865	2.4336	-0.0261986	39.7271	36.5865	1.08584
5297	0.00501075	0.125475	46.7577	-9.43819	2.43418	-0.0261984	39.7274	36.5863	1.08586
5298	0.00501165	0.125474	46.7569	-9.43774	2.4366	-0.0261982	39.7296	36.5861	1.08592
5299	0.00501255	0.125474	46.7563	-9.43729	2.44005	-0.026198	39.7328	36.5859	1.08602
5300	0.00501345	0.125473	46.7556	-9.43684	2.44356	-0.0261978	39.7361	36.5857	1.08611
5301	0.00501435	0.125473	46.7549	-9.43641	2.447	-0.0261976	39.7393	36.5855	1.0862
5302	0.00501525	0.125472	46.7542	-9.43597	2.4503	-0.0261974	39.7423	36.5853	1.08629
5303	0.00501615	0.125471	46.7535	-9.43555	2.45342	-0.0261972	39.7452	36.5851	1.08638
5304	0.00501704	0.125471	46.7529	-9.43513	2.45627	-0.0261971	39.7478	36.5849	1.08645
5305	0.00501794	0.12547	46.7522	-9.43471	2.45883	-0.026197	39.7502	36.5848	1.08652
5306	0.00501884	0.125469	46.7516	-9.4343	2.46103	-0.026197	39.7521	36.5846	1.08658
5307	0.00501974	0.125469	46.751	-9.4339	2.46285	-0.026197	39.7537	36.5844	1.08663
5308	0.00502064	0.125468	46.7504	-9.4335	2.46425	-0.0261971	39.7549	36.5842	1.08667
5309	0.00502154	0.125468	46.7497	-9.43311	2.46523	-0.0261972	39.7557	36.5841	1.08669
5310	0.00502244	0.125467	46.7491	-9.43272	2.46577	-0.0261974	39.756	36.5839	1.08671
5311	0.00502333	0.125466	46.7486	-9.43234	2.46587	-0.0261976	39.7559	36.5837	1.08671
5312	0.00502423	0.125466	46.748	-9.43197	2.46552	-0.0261978	39.7553	36.5836	1.0867
5313	0.00502513	0.125465	46.7474	-9.4316	2.4647	-0.026198	39.7543	36.5834	1.08668
5314	0.00502603	0.125465	46.7468	-9.43123	2.46347	-0.0261982	39.7529	36.5832	1.08664
5315	0.00502693	0.125464	46.7463	-9.43087	2.46185	-0.0261984	39.751	36.5831	1.0866
5316	0.00502783	0.125464	46.7457	-9.43052	2.4599	-0.0261986	39.7489	36.5829	1.08654
5317	0.00502873	0.125463	46.7452	-9.43017	2.45769	-0.0261987	39.7465	36.5828	1.08648
5318	0.00502963	0.125463	46.7446	-9.42983	2.45528	-0.0261989	39.7439	36.5826	1.08641
5319	0.00503052	0.125462	46.7441	-9.42949	2.45273	-0.026199	39.7412	36.5825	1.08634
5320	0.00503142	0.125462	46.7436	-9.42916	2.45008	-0.026199	39.7383	36.5823	1.08627
5321	0.00503232	0.125461	46.7431	-9.42883	2.44738	-0.026199	39.7354	36.5822	1.0862
5322	0.00503322	0.125461	46.7426	-9.42851	2.44468	-0.026199	39.7326	36.5821	1.08612
5323	0.00503412	0.12546	46.7421	-9.42819	2.44204	-0.026199	39.7297	36.5819	1.08605
5324	0.00503502	0.12546	46.7416	-9.42788	2.43949	-0.0261989	39.727	36.5818	1.08598
5325	0.00503592	0.125459	46.7411	-9.42758	2.43706	-0.0261988	39.7244	36.5816	1.08591
5326	0.00503682	0.125459	46.7407	-9.42728	2.43478	-0.0261987	39.722	36.5815	1.08585
5327	0.00503771	0.125458	46.7402	-9.42698	2.43268	-0.0261985	39.7197	36.5814	1.08579
5328	0.00503861	0.125458	46.7398	-9.42669	2.43076	-0.0261983	39.7176	36.5813	1.08574
5329	0.00503951	0.125458	46.7393	-9.4264	2.42904	-0.0261982	39.7157	36.5811	1.08569
5330	0.00504041	0.125457	46.7389	-9.42612	2.42752	-0.026198	39.7141	36.581	1.08565
5331	0.00504131	0.125457	46.7384	-9.42584	2.42619	-0.0261978	39.7126	36.5809	1.08561
5332	0.00504221	0.125456	46.738	-9.42557	2.42503	-0.0261976	39.7113	36.5808	1.08558
5333	0.00504311	0.125456	46.7376	-9.4253	2.42405	-0.0261974	39.7101	36.5807	1.08555
5334	0.005044	0.125456	46.7372	-9.42503	2.42321	-0.0261972	39.7092	36.5805	1.08553
5335	0.0050449	0.125455	46.7368	-9.42476	2.42249	-0.026197	39.7083	36.5804	1.08551
5336	0.0050458	0.125455	46.7363	-9.4245	2.42181	-0.0261968	39.7075	36.5803	1.08549
5337	0.0050467	0.125454	46.7359	-9.42423	2.42089	-0.0261965	39.7064	36.5802	1.08546
5338	0.0050476	0.125454	46.7355	-9.42397	2.41931	-0.0261962	39.7047	36.5801	1.08542
5339	0.0050485	0.125454	46.7351	-9.42371	2.41839	-0.0261959	39.7036	36.58	1.08539
5340	0.0050494	0.125453	46.7347	-9.42345	2.41796	-0.0261955	39.703	36.5799	1.08538
5341	0.00505029	0.125453	46.7343	-9.42319	2.41788	-0.0261952	39.7028	36.5797	1.08538
5342	0.00505119	0.125452	46.7339	-9.42294	2.41806	-0.0261949	39.7029	36.5796	1.08538
5343	0.00505209	0.125452	46.7335	-9.42268	2.41841	-0.0261946	39.7031	36.5795	1.08539
5344	0.00505299	0.125452	46.7331	-9.42242	2.41972	-0.0261944	39.7042	36.5794	1.08543
5345	0.00505389	0.125451	46.7327	-9.42217	2.42266	-0.0261942	39.707	36.5793	1.08551
5346	0.00505479	0.125451	46.7323	-9.42191	2.42569	-0.026194	39.7099	36.5792	1.08559
5347	0.00505569	0.125451	46.7319	-9.42166	2.42862	-0.0261938	39.7127	36.5791	1.08567
5348	0.00505658	0.12545	46.7315	-9.4214	2.43139	-0.0261935	39.7153	36.579	1.08574
5349	0.00505748	0.12545	46.7312	-9.42115	2.43396	-0.0261933	39.7178	36.5789	1.08581
5350	0.00505838	0.125449	46.7308	-9.4209	2.43628	-0.0261931	39.72	36.5788	1.08587
5351	0.00505928	0.125449	46.7304	-9.42065	2.43833	-0.026193	39.7219	36.5786	1.08593
5352	0.00506018	0.125449	46.73	-9.4204	2.44007	-0.0261929	39.7235	36.5785	1.08598
5353	0.00506108	0.125448	46.7296	-9.42015	2.44148	-0.0261929	39.7247	36.5784	1.08602
5354	0.00506198	0.125448	46.7292	-9.4199	2.44255	-0.0261929	39.7257	36.5783	1.08604
5355	0.00506287	0.125448	46.7288	-9.41966	2.44326	-0.026193	39.7263	36.5782	1.08606
5356	0.00506377	0.125447	46.7285	-9.41942	2.44361	-0.0261932	39.7265	36.5781	1.08607
5357	0.00506467	0.125447	46.7281	-9.41918	2.4436	-0.0261933	39.7263	36.578	1.08607
5358	0.00506557	0.125447	46.7277	-9.41895	2.44324	-0.0261935	39.7258	36.5779	1.08606
5359	0.00506647	0.125446	46.7274	-9.41872	2.44252	-0.0261937	39.725	36.5778	1.08604
5360	0.00506737	0.125446	46.727	-9.4185	2.44145	-0.0261939	39.7238	36.5777	1.08601
5361	0.00506827	0.125446	46.7267	-9.41829	2.44005	-0.0261941	39.7223	36.5776	1.08597
5362	0.00506917	0.125445	46.7264	-9.41807	2.43838	-0.0261942	39.7205	36.5775	1.08593
5363	0.00507006	0.125445	46.726	-9.41786	2.43649	-0.0261943	39.7185	36.5774	1.08587
5364	0.00507096	0.125445	46.7257	-9.41766	2.43442	-0.0261944	39.7163	36.5773	1.08582
5365	0.00507186	0.125444	46.7254	-9.41746	2.43224	-0.0261945	39.714	36.5773	1.08576
5366	0.00507276	0.125444	46.7251	-9.41727	2.42997	-0.0261945	39.7116	36.5772	1.08569
5367	0.00507366	0.125444	46.7248	-9.41709	2.42766	-0.0261945	39.7092	36.5771	1.08563
5368	0.00507456	0.125443	46.7245	-9.4169	2.42536	-0.0261945	39.7068	36.577	1.08557
5369	0.00507546	0.125443	46.7243	-9.41673	2.4231	-0.0261944	39.7044	36.5769	1.0855
5370	0.00507635	0.125443	46.724	-9.41655	2.42093	-0.0261943	39.7022	36.5769	1.08545
5371	0.00507725	0.125443	46.7237	-9.41639	2.41888	-0.0261942	39.7	36.5768	1.08539
5372	0.00507815	0.125442	46.7235	-9.41622	2.417	-0.026194	39.6981	36.5767	1.08534
5373	0.00507905	0.125442	46.7232	-9.41606	2.41531	-0.0261938	39.6963	36.5766	1.08529
5374	0.00507995	0.125442	46.723	-9.41591	2.41386	-0.0261936	39.6947	36.5766	1.08525
5375	0.00508085	0.125442	46.7228	-9.41576	2.41266	-0.0261935	39.6935	36.5765	1.08522
5376	0.00508175	0.125442	46.7225	-9.41562	2.41173	-0.0261933	39.6925	36.5764	1.08519
5377	0.00508264	0.125441	46.7223	-9.41549	2.41108	-0.0261931	39.6917	36.5764	1.08517
5378	0.00508354	0.125441	46.7221	-9.41536	2.41072	-0.026193	39.6913	36.5763	1.08516
5379	0.00508444	0.125441	46.7219	-9.41523	2.41065	-0.0261928	39.6912	36.5763	1.08516
5380	0.00508534	0.125441	46.7217	-9.41511	2.41084	-0.0261926	39.6913	36.5762	1.08517
5381	0.00508624	0.125441	46.7215	-9.41499	2.41125	-0.0261925	39.6916	36.5762	1.08518
5382	0.00508714	0.12544	46.7214	-9.41487	2.41183	-0.0261923	39.6921	36.5761	1.08519
5383	0.00508804	0.12544	46.7212	-9.41475	2.41255	-0.0261922	39.6928	36.5761	1.08521
5384	0.00508893	0.12544	46.721	-9.41463	2.41335	-0.0261921	39.6935	36.576	1.08523
5385	0.00508983	0.12544	46.7208	-9.41452	2.4142	-0.0261919	39.6943	36.576	1.08526
5386	0.00509073	0.12544	46.7207	-9.41442	2.41506	-0.0261918	39.6951	36.5759	1.08528
5387	0.00509163	0.12544	46.7205	-9.41431	2.41588	-0.0261917	39.6959	36.5759	1.0853
5388	0.00509253	0.125439	46.7203	-9.41422	2.41664	-0.0261916	39.6966	36.5758	1.08532
5389	0.00509343	0.125439	46.7202	-9.41412	2.41731	-0.0261915	39.6972	36.5758	1.08534
5390	0.00509432	0.125439	46.72	-9.41402	2.41786	-0.0261914	39.6977	36.5757	1.08536
5391	0.00509522	0.125439	46.7199	-9.41393	2.41829	-0.0261913	39.6981	36.5757	1.08537
5392	0.00509612	0.125439	46.7197	-9.41383	2.41856	-0.0261912	39.6983	36.5757	1.08537
5393	0.00509702	0.125439	46.7196	-9.41373	2.41867	-0.0261911	39.6983	36.5756	1.08538
5394	0.00509792	0.125439	46.7194	-9.41364	2.41862	-0.0261911	39.6982	36.5756	1.08538
5395	0.00509882	0.125438	46.7193	-9.41355	2.4184	-0.026191	39.698	36.5755	1.08537
5396	0.00509972	0.125438	46.7192	-9.41346	2.41801	-0.0261909	39.6975	36.5755	1.08536
5397	0.00510061	0.125438	46.719	-9.41337	2.41747	-0.0261908	39.6969	36.5755	1.08534
5398	0.00510151	0.125438	46.7189	-9.41328	2.41679	-0.0261908	39.6962	36.5754	1.08532
5399	0.00510241	0.125438	46.7187	-9.41319	2.41598	-0.0261907	39.6953	36.5754	1.0853
5400	0.00510331	0.125438	46.7186	-9.4131	2.41506	-0.0261906	39.6944	36.5753	1.08528
5401	0.00510421	0.125438	46.7185	-9.41302	2.41405	-0.0261906	39.6933	36.5753	1.08525
5402	0.00510511	0.125437	46.7183	-9.41293	2.41298	-0.0261905	39.6922	36.5753	1.08522
5403	0.00510601	0.125437	46.7182	-9.41285	2.41187	-0.0261904	39.691	36.5752	1.08519
5404	0.0051069	0.125437	46.7181	-9.41276	2.41075	-0.0261903	39.6899	36.5752	1.08516
5405	0.0051078	0.125437	46.7179	-9.41267	2.40963	-0.0261902	39.6887	36.5752	1.08513
5406	0.0051087	0.125437	46.7178	-9.41259	2.40855	-0.0261901	39.6876	36.5751	1.0851
5407	0.0051096	0.125437	46.7177	-9.4125	2.40753	-0.02619	39.6865	36.5751	1.08507
5408	0.0051105	0.125437	46.7175	-9.41242	2.40659	-0.0261899	39.6855	36.5751	1.08504
5409	0.0051114	0.125437	46.7174	-9.41233	2.40576	-0.0261898	39.6846	36.575	1.08502
5410	0.0051123	0.125436	46.7173	-9.41224	2.40505	-0.0261897	39.6839	36.575	1.085
5411	0.00511319	0.125436	46.7171	-9.41216	2.40449	-0.0261896	39.6833	36.5749	1.08499
5412	0.00511409	0.125436	46.717	-9.41207	2.4041	-0.0261894	39.6829	36.5749	1.08497
5413	0.00511499	0.125436	46.7169	-9.41198	2.4039	-0.0261893	39.6826	36.5749	1.08497
5414	0.00511589	0.125436	46.7167	-9.41189	2.40389	-0.0261891	39.6825	36.5748	1.08497
5415	0.00511679	0.125436	46.7166	-9.4118	2.40407	-0.026189	39.6827	36.5748	1.08497
5416	0.00511769	0.125436	46.7164	-9.4117	2.40443	-0.0261888	39.683	36.5748	1.08498
5417	0.00511859	0.125436	46.7163	-9.4116	2.40496	-0.0261886	39.6835	36.5747	1.085
5418	0.00511948	0.125435	46.7161	-9.4115	2.40562	-0.0261885	39.6841	36.5747	1.08502
5419	0.00512038	0.125435	46.716	-9.4114	2.40638	-0.0261883	39.6848	36.5746	1.08504
5420	0.00512128	0.125435	46.7158	-9.4113	2.40721	-0.0261882	39.6855	36.5746	1.08506
5421	0.00512218	0.125435	46.7157	-9.41119	2.40806	-0.026188	39.6863	36.5745	1.08508
5422	0.00512308	0.125435	46.7155	-9.41108	2.40892	-0.0261878	39.6871	36.5745	1.0851
5423	0.00512398	0.125435	46.7153	-9.41097	2.40976	-0.0261877	39.6879	36.5744	1.08513
5424	0.00512488	0.125434	46.7151	-9.41085	2.41054	-0.0261876	39.6886	36.5744	1.08515
5425	0.00512577	0.125434	46.715	-9.41073	2.41125	-0.0261874	39.6893	36.5743	1.08517
5426	0.00512667	0.125434	46.7148	-9.41061	2.41186	-0.0261873	39.6898	36.5743	1.08518
5427	0.00512757	0.125434	46.7146	-9.41048	2.41237	-0.0261872	39.6903	36.5742	1.0852
5428	0.00512847	0.125434	46.7144	-9.41035	2.41276	-0.0261871	39.6906	36.5742	1.08521
5429	0.00512937	0.125434	46.7142	-9.41022	2.41303	-0.026187	39.6908	36.5741	1.08521
5430	0.00513027	0.125433	46.714	-9.41008	2.41317	-0.0261869	39.6909	36.5741	1.08522
5431	0.00513117	0.125433	46.7137	-9.40993	2.41318	-0.0261868	39.6908	36.574	1.08522
5432	0.00513206	0.125433	46.7135	-9.40979	2.41307	-0.0261868	39.6906	36.574	1.08521
5433	0.00513296	0.125433	46.7133	-9.40963	2.41283	-0.0261867	39.6903	36.5739	1.08521
5434	0.00513386	0.125432	46.713	-9.40948	2.41249	-0.0261866	39.6899	36.5738	1.0852
5435	0.00513476	0.125432	46.7128	-9.40931	2.41205	-0.0261865	39.6893	36.5738	1.08519
5436	0.00513566	0.125432	46.7125	-9.40914	2.41153	-0.0261864	39.6887	36.5737	1.08517
5437	0.00513656	0.125432	46.7123	-9.40897	2.41094	-0.0261864	39.688	36.5736	1.08515
5438	0.00513746	0.125432	46.712	-9.40879	2.41029	-0.0261863	39.6873	36.5735	1.08514
5439	0.00513835	0.125431	46.7117	-9.4086	2.40961	-0.0261862	39.6865	36.5735	1.08512
5440	0.00513925	0.125431	46.7114	-9.40841	2.40892	-0.0261861	39.6857	36.5734	1.0851
5441	0.00514015	0.125431	46.7111	-9.40822	2.40824	-0.026186	39.6849	36.5733	1.08508
5442	0.00514105	0.12543	46.7108	-9.40802	2.40758	-0.0261858	39.6842	36.5732	1.08506
5443	0.00514195	0.12543	46.7105	-9.40782	2.40698	-0.0261857	39.6835	36.5731	1.08504
5444	0.00514285	0.12543	46.7102	-9.40761	2.40644	-0.0261856	39.6828	36.573	1.08503
5445	0.00514375	0.12543	46.7098	-9.4074	2.406	-0.0261855	39.6823	36.5729	1.08502
5446	0.00514464	0.125429	46.7095	-9.40718	2.40566	-0.0261853	39.6818	36.5729	1.08501
5447	0.00514554	0.125429	46.7092	-9.40696	2.40546	-0.0261852	39.6815	36.5728	1.085
5448	0.00514644	0.125429	46.7088	-9.40673	2.40539	-0.0261851	39.6813	36.5727	1.085
5449	0.00514734	0.125428	46.7084	-9.40649	2.40547	-0.0261849	39.6812	36.5726	1.085
5450	0.00514824	0.125428	46.7081	-9.40625	2.40571	-0.0261848	39.6813	36.5725	1.08501
5451	0.00514914	0.125427	46.7077	-9.406	2.40608	-0.0261846	39.6816	36.5724	1.08502
5452	0.00515004	0.125427	46.7073	-9.40575	2.40659	-0.0261845	39.682	36.5723	1.08503
5453	0.00515093	0.125427	46.7069	-9.40549	2.40722	-0.0261843	39.6824	36.5721	1.08505
5454	0.00515183	0.125426	46.7065	-9.40522	2.40793	-0.0261842	39.683	36.572	1.08506
5455	0.00515273	0.125426	46.7061	-9.40495	2.40872	-0.0261841	39.6837	36.5719	1.08509
5456	0.00515363	0.125426	46.7056	-9.40467	2.40954	-0.026184	39.6843	36.5718	1.08511
5457	0.00515453	0.125425	46.7052	-9.40438	2.41039	-0.0261838	39.685	36.5717	1.08513
5458	0.00515543	0.125425	46.7048	-9.40409	2.41123	-0.0261837	39.6857	36.5716	1.08515
5459	0.00515633	0.125424	46.7043	-9.40379	2.41205	-0.0261836	39.6864	36.5714	1.08517
5460	0.00515722	0.125424	46.7038	-9.40349	2.41282	-0.0261835	39.687	36.5713	1.08519
5461	0.00515812	0.125423	46.7033	-9.40318	2.41354	-0.0261834	39.6875	36.5712	1.08521
5462	0.00515902	0.125423	46.7029	-9.40286	2.41418	-0.0261833	39.688	36.571	1.08523
5463	0.00515992	0.125422	46.7024	-9.40254	2.41474	-0.0261832	39.6884	36.5709	1.08524
5464	0.00516082	0.125422	46.7019	-9.40221	2.41521	-0.0261832	39.6887	36.5708	1.08526
5465	0.00516172	0.125422	46.7013	-9.40188	2.41558	-0.0261831	39.6889	36.5706	1.08527
5466	0.00516262	0.125421	46.7008	-9.40154	2.41586	-0.026183	39.689	36.5705	1.08527
5467	0.00516351	0.125421	46.7003	-9.40119	2.41603	-0.026183	39.6889	36.5703	1.08528
5468	0.00516441	0.12542	46.6997	-9.40084	2.41611	-0.0261829	39.6888	36.5702	1.08528
5469	0.00516531	0.125419	46.6992	-9.40049	2.41611	-0.0261828	39.6886	36.57	1.08528
5470	0.00516621	0.125419	46.6986	-9.40013	2.41602	-0.0261827	39.6884	36.5699	1.08527
5471	0.00516711	0.125418	46.6981	-9.39976	2.41587	-0.0261827	39.688	36.5697	1.08527
5472	0.00516801	0.125418	46.6975	-9.39939	2.41565	-0.0261826	39.6876	36.5696	1.08526
5473	0.00516891	0.125417	46.6969	-9.39902	2.4154	-0.0261825	39.6871	36.5694	1.08526
5474	0.0051698	0.125417	46.6963	-9.39863	2.41512	-0.0261825	39.6866	36.5692	1.08525
5475	0.0051707	0.125416	46.6957	-9.39825	2.41482	-0.0261824	39.6861	36.5691	1.08524
5476	0.0051716	0.125416	46.6951	-9.39786	2.41453	-0.0261823	39.6856	36.5689	1.08523
5477	0.0051725	0.125415	46.6945	-9.39746	2.41427	-0.0261822	39.6852	36.5687	1.08522
5478	0.0051734	0.125414	46.6939	-9.39707	2.41404	-0.0261821	39.6847	36.5686	1.08521
5479	0.0051743	0.125414	46.6933	-9.39666	2.41387	-0.026182	39.6843	36.5684	1.08521
5480	0.0051752	0.125413	46.6927	-9.39626	2.41377	-0.0261819	39.684	36.5682	1.0852
5481	0.0051761	0.125413	46.692	-9.39585	2.41375	-0.0261818	39.6838	36.568	1.0852
5482	0.00517699	0.125412	46.6914	-9.39543	2.41383	-0.0261817	39.6836	36.5679	1.0852
5483	0.00517789	0.125411	46.6907	-9.39501	2.41401	-0.0261816	39.6836	36.5677	1.08521
5484	0.00517879	0.125411	46.6901	-9.39459	2.4143	-0.0261815	39.6836	36.5675	1.08522
5485	0.00517969	0.12541	46.6894	-9.39416	2.4147	-0.0261814	39.6838	36.5673	1.08523
5486	0.00518059	0.12541	46.6888	-9.39373	2.4152	-0.0261813	39.6841	36.5671	1.08524
5487	0.00518149	0.125409	46.6881	-9.3933	2.4158	-0.0261812	39.6844	36.567	1.08525
5488	0.00518239	0.125408	46.6874	-9.39286	2.41648	-0.0261811	39.6849	36.5668	1.08527
5489	0.00518328	0.125408	46.6867	-9.39242	2.41723	-0.026181	39.6854	36.5666	1.08529
5490	0.00518418	0.125407	46.6861	-9.39198	2.41803	-0.0261809	39.6859	36.5664	1.08531
5491	0.00518508	0.125406	46.6854	-9.39153	2.41886	-0.0261808	39.6865	36.5662	1.08533
5492	0.00518598	0.125406	46.6847	-9.39108	2.41972	-0.0261807	39.6871	36.566	1.08536
5493	0.00518688	0.125405	46.684	-9.39063	2.42058	-0.0261806	39.6877	36.5658	1.08538
5494	0.00518778	0.125404	46.6833	-9.39017	2.42142	-0.0261806	39.6883	36.5656	1.0854
5495	0.00518868	0.125404	46.6825	-9.38971	2.42223	-0.0261805	39.6889	36.5654	1.08542
5496	0.00518958	0.125403	46.6818	-9.38925	2.423	-0.0261804	39.6894	36.5652	1.08544
5497	0.00519047	0.125402	46.6811	-9.38878	2.42372	-0.0261804	39.6899	36.565	1.08546
5498	0.00519137	0.125402	46.6804	-9.38832	2.42438	-0.0261803	39.6903	36.5648	1.08548
5499	0.00519227	0.125401	46.6797	-9.38785	2.42497	-0.0261802	39.6906	36.5646	1.08549
5500	0.00519317	0.1254	46.6789	-9.38738	2.42549	-0.0261802	39.6909	36.5644	1.08551
5501	0.00519407	0.1254	46.6782	-9.3869	2.42594	-0.0261801	39.6911	36.5642	1.08552
5502	0.00519497	0.125399	46.6775	-9.38643	2.42631	-0.0261801	39.6912	36.564	1.08553
5503	0.00519587	0.125398	46.6767	-9.38595	2.42662	-0.02618	39.6912	36.5638	1.08553
5504	0.00519676	0.125397	46.676	-9.38547	2.42685	-0.02618	39.6912	36.5636	1.08554
5505	0.00519766	0.125397	46.6752	-9.38499	2.42703	-0.0261799	39.6911	36.5634	1.08554
5506	0.00519856	0.125396	46.6745	-9.38451	2.42715	-0.0261799	39.691	36.5632	1.08554
5507	0.00519946	0.125395	46.6737	-9.38402	2.42723	-0.0261798	39.6908	36.563	1.08555
5508	0.00520036	0.125395	46.673	-9.38354	2.42728	-0.0261798	39.6905	36.5628	1.08555
5509	0.00520126	0.125394	46.6722	-9.38305	2.42731	-0.0261797	39.6903	36.5626	1.08555
5510	0.00520216	0.125393	46.6715	-9.38255	2.42732	-0.0261797	39.6901	36.5623	1.08554
5511	0.00520306	0.125392	46.6707	-9.38206	2.42734	-0.0261796	39.6898	36.5621	1.08554
5512	0.00520395	0.125392	46.6699	-9.38156	2.42738	-0.0261796	39.6896	36.5619	1.08554
5513	0.00520485	0.125391	46.6692	-9.38106	2.42744	-0.0261795	39.6894	36.5617	1.08554
5514	0.00520575	0.12539	46.6684	-9.38056	2.42754	-0.0261794	39.6892	36.5615	1.08555
5515	0.00520665	0.125389	46.6676	-9.38005	2.4277	-0.0261794	39.6891	36.5613	1.08555
5516	0.00520755	0.125389	46.6668	-9.37955	2.42791	-0.0261793	39.689	36.5611	1.08555
5517	0.00520845	0.125388	46.666	-9.37904	2.4282	-0.0261792	39.689	36.5608	1.08556
5518	0.00520935	0.125387	46.6652	-9.37852	2.42856	-0.0261792	39.6891	36.5606	1.08557
5519	0.00521025	0.125386	46.6644	-9.37801	2.429	-0.0261791	39.6892	36.5604	1.08558
5520	0.00521114	0.125386	46.6636	-9.37749	2.42951	-0.026179	39.6895	36.5602	1.08559
5521	0.00521204	0.125385	46.6628	-9.37696	2.4301	-0.026179	39.6898	36.5599	1.08561
5522	0.00521294	0.125384	46.662	-9.37644	2.43076	-0.0261789	39.6901	36.5597	1.08562
5523	0.00521384	0.125383	46.6612	-9.37591	2.43148	-0.0261788	39.6906	36.5595	1.08564
5524	0.00521474	0.125383	46.6604	-9.37538	2.43225	-0.0261788	39.6911	36.5593	1.08566
5525	0.00521564	0.125382	46.6595	-9.37484	2.43305	-0.0261787	39.6916	36.559	1.08568
5526	0.00521654	0.125381	46.6587	-9.3743	2.43388	-0.0261786	39.6921	36.5588	1.08571
5527	0.00521743	0.12538	46.6579	-9.37376	2.43473	-0.0261786	39.6926	36.5586	1.08573
5528	0.00521833	0.125379	46.657	-9.37321	2.43557	-0.0261785	39.6932	36.5583	1.08575
5529	0.00521923	0.125379	46.6562	-9.37266	2.4364	-0.0261785	39.6937	36.5581	1.08577
5530	0.00522013	0.125378	46.6553	-9.3721	2.4372	-0.0261784	39.6942	36.5579	1.08579
5531	0.00522103	0.125377	46.6544	-9.37154	2.43797	-0.0261784	39.6947	36.5576	1.08581
5532	0.00522193	0.125376	46.6536	-9.37098	2.4387	-0.0261783	39.6951	36.5574	1.08583
5533	0.00522283	0.125375	46.6527	-9.3704	2.43937	-0.0261783	39.6955	36.5571	1.08585
5534	0.00522373	0.125374	46.6518	-9.36983	2.43999	-0.0261783	39.6958	36.5569	1.08586
5535	0.00522462	0.125374	46.6509	-9.36925	2.44056	-0.0261782	39.696	36.5566	1.08588
5536	0.00522552	0.125373	46.65	-9.36866	2.44106	-0.0261782	39.6962	36.5564	1.08589
5537	0.00522642	0.125372	46.6491	-9.36807	2.4415	-0.0261782	39.6963	36.5561	1.0859
5538	0.00522732	0.125371	46.6481	-9.36747	2.44188	-0.0261781	39.6964	36.5559	1.08591
5539	0.00522822	0.12537	46.6472	-9.36687	2.4422	-0.0261781	39.6964	36.5556	1.08592
5540	0.00522912	0.125369	46.6463	-9.36626	2.44247	-0.0261781	39.6963	36.5554	1.08592
5541	0.00523002	0.125368	46.6453	-9.36565	2.4427	-0.026178	39.6962	36.5551	1.08593
5542	0.00523092	0.125367	46.6444	-9.36503	2.44289	-0.026178	39.696	36.5548	1.08593
5543	0.00523181	0.125366	46.6434	-9.3644	2.44304	-0.026178	39.6959	36.5546	1.08593
5544	0.00523271	0.125366	46.6424	-9.36376	2.44318	-0.0261779	39.6956	36.5543	1.08594
5545	0.00523361	0.125365	46.6414	-9.36312	2.4433	-0.0261779	39.6954	36.554	1.08594
5546	0.00523451	0.125364	46.6404	-9.36248	2.44342	-0.0261779	39.6952	36.5537	1.08594
5547	0.00523541	0.125363	46.6394	-9.36182	2.44355	-0.0261778	39.695	36.5535	1.08594
5548	0.00523631	0.125362	46.6384	-9.36116	2.4437	-0.0261778	39.6947	36.5532	1.08594
5549	0.00523721	0.125361	46.6374	-9.3605	2.44387	-0.0261777	39.6946	36.5529	1.08595
5550	0.00523811	0.12536	46.6363	-9.35982	2.44409	-0.0261777	39.6944	36.5526	1.08595
5551	0.00523901	0.125359	46.6353	-9.35914	2.44435	-0.0261776	39.6943	36.5523	1.08596
5552	0.0052399	0.125358	46.6342	-9.35846	2.44467	-0.0261776	39.6942	36.552	1.08597
5553	0.0052408	0.125357	46.6331	-9.35776	2.44505	-0.0261776	39.6942	36.5517	1.08597
5554	0.0052417	0.125356	46.632	-9.35706	2.44549	-0.0261775	39.6943	36.5514	1.08598
5555	0.0052426	0.125355	46.631	-9.35635	2.44599	-0.0261775	39.6944	36.5511	1.086
5556	0.0052435	0.125354	46.6298	-9.35564	2.44656	-0.0261774	39.6946	36.5508	1.08601
5557	0.0052444	0.125353	46.6287	-9.35491	2.44718	-0.0261774	39.6948	36.5505	1.08603
5558	0.0052453	0.125352	46.6276	-9.35419	2.44786	-0.0261773	39.6951	36.5502	1.08604
5559	0.0052462	0.12535	46.6265	-9.35345	2.44857	-0.0261773	39.6954	36.5499	1.08606
5560	0.00524709	0.125349	46.6253	-9.35271	2.44932	-0.0261772	39.6958	36.5496	1.08608
5561	0.00524799	0.125348	46.6242	-9.35196	2.4501	-0.0261772	39.6961	36.5493	1.0861
5562	0.00524889	0.125347	46.623	-9.35121	2.45088	-0.0261771	39.6965	36.5489	1.08612
5563	0.00524979	0.125346	46.6218	-9.35045	2.45167	-0.0261771	39.6969	36.5486	1.08614
5564	0.00525069	0.125345	46.6206	-9.34968	2.45244	-0.0261771	39.6972	36.5483	1.08616
5565	0.00525159	0.125344	46.6194	-9.3489	2.45319	-0.026177	39.6976	36.5479	1.08618
5566	0.00525249	0.125343	46.6182	-9.34812	2.45392	-0.026177	39.6979	36.5476	1.0862
5567	0.00525339	0.125341	46.617	-9.34733	2.4546	-0.026177	39.6981	36.5473	1.08621
5568	0.00525429	0.12534	46.6158	-9.34654	2.45524	-0.026177	39.6983	36.5469	1.08623
5569	0.00525518	0.125339	46.6145	-9.34573	2.45583	-0.026177	39.6985	36.5466	1.08624
5570	0.00525608	0.125338	46.6133	-9.34492	2.45636	-0.026177	39.6986	36.5462	1.08626
5571	0.00525698	0.125337	46.612	-9.34411	2.45684	-0.0261769	39.6986	36.5459	1.08627
5572	0.00525788	0.125336	46.6108	-9.34329	2.45726	-0.0261769	39.6986	36.5455	1.08628
5573	0.00525878	0.125334	46.6095	-9.34246	2.45763	-0.0261769	39.6985	36.5452	1.08628
5574	0.00525968	0.125333	46.6082	-9.34162	2.45794	-0.0261769	39.6983	36.5448	1.08629
5575	0.00526058	0.125332	46.6069	-9.34078	2.45821	-0.0261769	39.6981	36.5445	1.0863
5576	0.00526148	0.125331	46.6056	-9.33993	2.45842	-0.0261769	39.6979	36.5441	1.0863
5577	0.00526237	0.125329	46.6042	-9.33907	2.4586	-0.0261769	39.6976	36.5437	1.0863
5578	0.00526327	0.125328	46.6029	-9.33821	2.45875	-0.0261769	39.6973	36.5434	1.08631
5579	0.00526417	0.125327	46.6016	-9.33734	2.45887	-0.0261769	39.6969	36.543	1.08631
5580	0.00526507	0.125326	46.6002	-9.33646	2.45898	-0.0261768	39.6965	36.5426	1.08631
5581	0.00526597	0.125324	46.5988	-9.33558	2.45908	-0.0261768	39.6962	36.5422	1.08631
5582	0.00526687	0.125323	46.5975	-9.33469	2.45918	-0.0261768	39.6958	36.5419	1.08631
5583	0.00526777	0.125322	46.5961	-9.33379	2.4593	-0.0261768	39.6954	36.5415	1.08631
5584	0.00526867	0.12532	46.5947	-9.33289	2.45944	-0.0261767	39.6951	36.5411	1.08631
5585	0.00526957	0.125319	46.5933	-9.33198	2.45961	-0.0261767	39.6947	36.5407	1.08632
5586	0.00527047	0.125318	46.5919	-9.33106	2.45983	-0.0261767	39.6944	36.5403	1.08632
5587	0.00527136	0.125316	46.5904	-9.33013	2.4601	-0.0261766	39.6942	36.5399	1.08632
5588	0.00527226	0.125315	46.589	-9.3292	2.46043	-0.0261766	39.694	36.5395	1.08633
5589	0.00527316	0.125313	46.5875	-9.32826	2.46082	-0.0261766	39.6939	36.5391	1.08634
5590	0.00527406	0.125312	46.5861	-9.32732	2.46128	-0.0261765	39.6939	36.5387	1.08635
5591	0.00527496	0.125311	46.5846	-9.32637	2.46181	-0.0261765	39.6939	36.5383	1.08636
5592	0.00527586	0.125309	46.5831	-9.32541	2.46241	-0.0261765	39.6939	36.5379	1.08638
5593	0.00527676	0.125308	46.5816	-9.32445	2.46307	-0.0261764	39.6941	36.5375	1.08639
5594	0.00527766	0.125306	46.5801	-9.32348	2.46379	-0.0261764	39.6943	36.5371	1.08641
5595	0.00527856	0.125305	46.5786	-9.3225	2.46454	-0.0261764	39.6945	36.5366	1.08643
5596	0.00527945	0.125304	46.5771	-9.32152	2.46534	-0.0261764	39.6947	36.5362	1.08645
5597	0.00528035	0.125302	46.5756	-9.32053	2.46615	-0.0261763	39.695	36.5358	1.08647
5598	0.00528125	0.125301	46.574	-9.31954	2.46696	-0.0261763	39.6953	36.5354	1.08649
5599	0.00528215	0.125299	46.5725	-9.31854	2.46777	-0.0261763	39.6955	36.5349	1.08651
5600	0.00528305	0.125298	46.5709	-9.31754	2.46856	-0.0261763	39.6958	36.5345	1.08653
5601	0.00528395	0.125296	46.5694	-9.31653	2.46932	-0.0261763	39.696	36.5341	1.08655
5602	0.00528485	0.125295	46.5678	-9.31552	2.47003	-0.0261763	39.6961	36.5336	1.08656
5603	0.00528575	0.125293	46.5662	-9.3145	2.4707	-0.0261763	39.6962	36.5332	1.08658
5604	0.00528665	0.125292	46.5646	-9.31348	2.4713	-0.0261763	39.6963	36.5328	1.08659
5605	0.00528754	0.12529	46.5631	-9.31245	2.47185	-0.0261763	39.6963	36.5323	1.08661
5606	0.00528844	0.125289	46.5615	-9.31142	2.47233	-0.0261763	39.6962	36.5319	1.08662
5607	0.00528934	0.125287	46.5598	-9.31038	2.47273	-0.0261764	39.696	36.5314	1.08663
5608	0.00529024	0.125286	46.5582	-9.30934	2.47307	-0.0261764	39.6958	36.531	1.08663
5609	0.00529114	0.125284	46.5566	-9.3083	2.47333	-0.0261764	39.6955	36.5305	1.08664
5610	0.00529204	0.125282	46.555	-9.30725	2.47354	-0.0261764	39.6951	36.5301	1.08664
5611	0.00529294	0.125281	46.5534	-9.3062	2.47367	-0.0261764	39.6947	36.5296	1.08664
5612	0.00529384	0.125279	46.5517	-9.30514	2.47375	-0.0261764	39.6942	36.5292	1.08664
5613	0.00529474	0.125278	46.5501	-9.30407	2.47378	-0.0261765	39.6936	36.5287	1.08664
5614	0.00529563	0.125276	46.5484	-9.303	2.47377	-0.0261765	39.693	36.5283	1.08664
5615	0.00529653	0.125275	46.5468	-9.30193	2.47372	-0.0261765	39.6924	36.5278	1.08663
5616	0.00529743	0.125273	46.5451	-9.30085	2.47365	-0.0261765	39.6917	36.5273	1.08663
5617	0.00529833	0.125271	46.5434	-9.29977	2.47356	-0.0261765	39.691	36.5269	1.08663
5618	0.00529923	0.12527	46.5417	-9.29868	2.47347	-0.0261765	39.6903	36.5264	1.08662
5619	0.00530013	0.125268	46.54	-9.29759	2.47339	-0.0261765	39.6897	36.5259	1.08662
5620	0.00530103	0.125267	46.5383	-9.2965	2.47334	-0.0261765	39.689	36.5255	1.08661
5621	0.00530193	0.125265	46.5366	-9.2954	2.47333	-0.0261764	39.6884	36.525	1.08661
5622	0.00530283	0.125263	46.5349	-9.2943	2.47337	-0.0261764	39.6878	36.5245	1.08661
5623	0.00530373	0.125262	46.5332	-9.29319	2.47348	-0.0261764	39.6873	36.524	1.08661
5624	0.00530462	0.12526	46.5315	-9.29208	2.47367	-0.0261764	39.6869	36.5235	1.08661
5625	0.00530552	0.125258	46.5298	-9.29096	2.47395	-0.0261764	39.6866	36.5231	1.08662
5626	0.00530642	0.125257	46.528	-9.28984	2.47433	-0.0261764	39.6863	36.5226	1.08662
5627	0.00530732	0.125255	46.5263	-9.28871	2.47481	-0.0261764	39.6862	36.5221	1.08664
5628	0.00530822	0.125253	46.5245	-9.28757	2.47541	-0.0261763	39.6862	36.5216	1.08665
5629	0.00530912	0.125252	46.5228	-9.28644	2.47612	-0.0261763	39.6863	36.5211	1.08667
5630	0.00531002	0.12525	46.521	-9.2853	2.47692	-0.0261763	39.6864	36.5206	1.08669
5631	0.00531092	0.125248	46.5192	-9.28415	2.47781	-0.0261763	39.6867	36.5201	1.08671
5632	0.00531182	0.125247	46.5174	-9.28301	2.47876	-0.0261763	39.687	36.5196	1.08673
5633	0.00531272	0.125245	46.5157	-9.28186	2.47974	-0.0261763	39.6874	36.5191	1.08676
5634	0.00531361	0.125243	46.5139	-9.2807	2.48073	-0.0261763	39.6877	36.5186	1.08678
5635	0.00531451	0.125242	46.5121	-9.27955	2.48171	-0.0261764	39.6881	36.5181	1.0868
5636	0.00531541	0.12524	46.5103	-9.27839	2.48266	-0.0261764	39.6884	36.5176	1.08683
5637	0.00531631	0.125238	46.5085	-9.27722	2.48355	-0.0261764	39.6886	36.5171	1.08685
5638	0.00531721	0.125236	46.5066	-9.27605	2.48439	-0.0261765	39.6888	36.5166	1.08687
5639	0.00531811	0.125235	46.5048	-9.27487	2.48514	-0.0261765	39.6889	36.5161	1.08689
5640	0.00531901	0.125233	46.503	-9.2737	2.4858	-0.0261766	39.6889	36.5156	1.0869
5641	0.00531991	0.125231	46.5012	-9.27251	2.48636	-0.0261766	39.6888	36.5151	1.08692
5642	0.00532081	0.125229	46.4993	-9.27132	2.48681	-0.0261767	39.6886	36.5146	1.08693
5643	0.00532171	0.125228	46.4975	-9.27013	2.48715	-0.0261768	39.6883	36.5141	1.08693
5644	0.0053226	0.125226	46.4956	-9.26894	2.48738	-0.0261768	39.6879	36.5136	1.08694
5645	0.0053235	0.125224	46.4938	-9.26774	2.4875	-0.0261769	39.6873	36.513	1.08694
5646	0.0053244	0.125222	46.4919	-9.26653	2.48751	-0.026177	39.6867	36.5125	1.08693
5647	0.0053253	0.12522	46.49	-9.26533	2.48742	-0.0261771	39.6859	36.512	1.08693
5648	0.0053262	0.125219	46.4881	-9.26412	2.48723	-0.0261771	39.6851	36.5115	1.08692
5649	0.0053271	0.125217	46.4863	-9.2629	2.48695	-0.0261772	39.6841	36.5109	1.08691
5650	0.005328	0.125215	46.4844	-9.26168	2.48659	-0.0261772	39.6831	36.5104	1.0869
5651	0.0053289	0.125213	46.4825	-9.26046	2.48616	-0.0261773	39.682	36.5099	1.08688
5652	0.0053298	0.125211	46.4806	-9.25924	2.48568	-0.0261773	39.6808	36.5094	1.08687
5653	0.0053307	0.12521	46.4787	-9.25801	2.48516	-0.0261773	39.6796	36.5088	1.08685
5654	0.00533159	0.125208	46.4768	-9.25678	2.4846	-0.0261774	39.6784	36.5083	1.08683
5655	0.00533249	0.125206	46.4748	-9.25554	2.48401	-0.0261774	39.6771	36.5078	1.08681
5656	0.00533339	0.125204	46.4729	-9.2543	2.48337	-0.0261774	39.6758	36.5072	1.08679
5657	0.00533429	0.125202	46.471	-9.25306	2.48267	-0.0261773	39.6744	36.5067	1.08677
5658	0.00533519	0.1252	46.4691	-9.25182	2.4818	-0.0261773	39.6729	36.5061	1.08675
5659	0.00533609	0.125199	46.4671	-9.25057	2.48044	-0.0261772	39.6708	36.5056	1.08671
5660	0.00533699	0.125197	46.4652	-9.24933	2.47728	-0.026177	39.667	36.5051	1.08662
5661	0.00533789	0.125195	46.4633	-9.24808	2.47513	-0.0261768	39.6641	36.5045	1.08655
5662	0.00533879	0.125193	46.4613	-9.24682	2.47375	-0.0261766	39.6621	36.504	1.08651
5663	0.00533969	0.125191	46.4594	-9.24557	2.47295	-0.0261764	39.6606	36.5034	1.08649
5664	0.00534058	0.125189	46.4574	-9.24431	2.47259	-0.0261762	39.6595	36.5029	1.08648
5665	0.00534148	0.125187	46.4555	-9.24305	2.47258	-0.026176	39.6588	36.5023	1.08647
5666	0.00534238	0.125185	46.4535	-9.24179	2.47287	-0.0261758	39.6584	36.5018	1.08648
5667	0.00534328	0.125184	46.4515	-9.24053	2.47341	-0.0261757	39.6583	36.5012	1.08649
5668	0.00534418	0.125182	46.4496	-9.23926	2.47419	-0.0261755	39.6583	36.5007	1.08651
5669	0.00534508	0.12518	46.4476	-9.23799	2.47532	-0.0261753	39.6588	36.5001	1.08654
5670	0.00534598	0.125178	46.4456	-9.23673	2.47869	-0.0261753	39.6614	36.4996	1.08663
5671	0.00534688	0.125176	46.4437	-9.23546	2.48255	-0.0261752	39.6646	36.499	1.08673
5672	0.00534778	0.125174	46.4417	-9.23419	2.48642	-0.0261752	39.6678	36.4985	1.08683
5673	0.00534868	0.125172	46.4397	-9.23292	2.49021	-0.0261751	39.6708	36.4979	1.08693
5674	0.00534957	0.12517	46.4378	-9.23165	2.49387	-0.0261751	39.6738	36.4974	1.08703
5675	0.00535047	0.125168	46.4358	-9.23037	2.49733	-0.0261751	39.6766	36.4968	1.08712
5676	0.00535137	0.125167	46.4338	-9.2291	2.50056	-0.0261751	39.6791	36.4963	1.08721
5677	0.00535227	0.125165	46.4318	-9.22783	2.50349	-0.0261752	39.6813	36.4957	1.08729
5678	0.00535317	0.125163	46.4299	-9.22656	2.5061	-0.0261753	39.6832	36.4952	1.08736
5679	0.00535407	0.125161	46.4279	-9.2253	2.50835	-0.0261755	39.6848	36.4946	1.08741
5680	0.00535497	0.125159	46.4259	-9.22403	2.51021	-0.0261757	39.6859	36.4941	1.08746
5681	0.00535587	0.125157	46.424	-9.22277	2.51167	-0.026176	39.6867	36.4935	1.0875
5682	0.00535677	0.125155	46.422	-9.22152	2.5127	-0.0261763	39.687	36.493	1.08752
5683	0.00535767	0.125153	46.4201	-9.22027	2.51331	-0.0261767	39.6869	36.4924	1.08754
5684	0.00535857	0.125151	46.4181	-9.21901	2.5135	-0.026177	39.6864	36.4919	1.08754
5685	0.00535946	0.12515	46.4162	-9.21777	2.51324	-0.0261773	39.6855	36.4913	1.08753
5686	0.00536036	0.125148	46.4142	-9.21652	2.51256	-0.0261776	39.6841	36.4908	1.08751
5687	0.00536126	0.125146	46.4123	-9.21528	2.51152	-0.0261779	39.6824	36.4902	1.08748
5688	0.00536216	0.125144	46.4104	-9.21405	2.51017	-0.0261782	39.6803	36.4897	1.08744
5689	0.00536306	0.125142	46.4085	-9.21281	2.50857	-0.0261784	39.6781	36.4892	1.08739
5690	0.00536396	0.12514	46.4065	-9.21158	2.50676	-0.0261786	39.6756	36.4886	1.08734
5691	0.00536486	0.125138	46.4046	-9.21035	2.50478	-0.0261788	39.6729	36.4881	1.08728
5692	0.00536576	0.125137	46.4027	-9.20912	2.50268	-0.0261789	39.6701	36.4876	1.08722
5693	0.00536666	0.125135	46.4008	-9.2079	2.50051	-0.0261791	39.6673	36.487	1.08716
5694	0.00536756	0.125133	46.3989	-9.20667	2.49833	-0.0261792	39.6644	36.4865	1.0871
5695	0.00536845	0.125131	46.397	-9.20546	2.49616	-0.0261792	39.6616	36.486	1.08704
5696	0.00536935	0.125129	46.3951	-9.20424	2.49405	-0.0261793	39.6588	36.4854	1.08698
5697	0.00537025	0.125128	46.3933	-9.20303	2.49199	-0.0261793	39.656	36.4849	1.08692
5698	0.00537115	0.125126	46.3914	-9.20182	2.48995	-0.0261793	39.6533	36.4844	1.08686
5699	0.00537205	0.125124	46.3895	-9.20062	2.48782	-0.0261792	39.6505	36.4838	1.0868
5700	0.00537295	0.125122	46.3876	-9.19942	2.48502	-0.0261792	39.6471	36.4833	1.08672
5701	0.00537385	0.12512	46.3858	-9.19822	2.48105	-0.026179	39.6424	36.4828	1.08661
5702	0.00537475	0.125119	46.3839	-9.19703	2.47831	-0.0261788	39.639	36.4823	1.08653
5703	0.00537565	0.125117	46.3821	-9.19585	2.47652	-0.0261786	39.6366	36.4817	1.08648
5704	0.00537655	0.125115	46.3802	-9.19467	2.47547	-0.0261784	39.6349	36.4812	1.08645
5705	0.00537745	0.125113	46.3784	-9.19349	2.47503	-0.0261782	39.6338	36.4807	1.08643
5706	0.00537834	0.125111	46.3766	-9.19232	2.47507	-0.0261781	39.6332	36.4802	1.08643
5707	0.00537924	0.12511	46.3748	-9.19116	2.47553	-0.0261779	39.633	36.4797	1.08644
5708	0.00538014	0.125108	46.373	-9.19	2.47635	-0.0261777	39.6331	36.4792	1.08646
5709	0.00538104	0.125106	46.3712	-9.18885	2.47748	-0.0261775	39.6336	36.4787	1.08649
5710	0.00538194	0.125104	46.3694	-9.18771	2.48062	-0.0261774	39.6361	36.4782	1.08657
5711	0.00538284	0.125103	46.3676	-9.18657	2.48477	-0.0261774	39.6396	36.4777	1.08668
5712	0.00538374	0.125101	46.3659	-9.18544	2.48901	-0.0261773	39.6433	36.4772	1.0868
5713	0.00538464	0.125099	46.3641	-9.18432	2.4932	-0.0261772	39.6468	36.4767	1.08691
5714	0.00538554	0.125098	46.3624	-9.18321	2.49727	-0.0261772	39.6503	36.4762	1.08702
5715	0.00538644	0.125096	46.3607	-9.1821	2.50115	-0.0261771	39.6535	36.4757	1.08712
5716	0.00538733	0.125094	46.3589	-9.181	2.50478	-0.0261771	39.6565	36.4752	1.08722
5717	0.00538823	0.125093	46.3572	-9.17991	2.50809	-0.0261772	39.6592	36.4748	1.08731
5718	0.00538913	0.125091	46.3556	-9.17883	2.51103	-0.0261773	39.6616	36.4743	1.08739
5719	0.00539003	0.125089	46.3539	-9.17776	2.51357	-0.0261774	39.6635	36.4738	1.08745
5720	0.00539093	0.125088	46.3522	-9.17669	2.51566	-0.0261776	39.665	36.4733	1.08751
5721	0.00539183	0.125086	46.3506	-9.17563	2.51728	-0.0261779	39.666	36.4729	1.08755
5722	0.00539273	0.125085	46.3489	-9.17458	2.51843	-0.0261782	39.6666	36.4724	1.08758
5723	0.00539363	0.125083	46.3473	-9.17354	2.51909	-0.0261786	39.6667	36.4719	1.08759
5724	0.00539453	0.125082	46.3457	-9.17251	2.51926	-0.0261789	39.6663	36.4715	1.0876
5725	0.00539543	0.12508	46.3441	-9.17149	2.51893	-0.0261793	39.6654	36.471	1.08759
5726	0.00539632	0.125078	46.3425	-9.17047	2.51812	-0.0261796	39.664	36.4706	1.08756
5727	0.00539722	0.125077	46.341	-9.16947	2.5169	-0.02618	39.6622	36.4702	1.08753
5728	0.00539812	0.125075	46.3394	-9.16847	2.51531	-0.0261803	39.6601	36.4697	1.08748
5729	0.00539902	0.125074	46.3379	-9.16749	2.51343	-0.0261806	39.6576	36.4693	1.08743
5730	0.00539992	0.125072	46.3363	-9.16651	2.51133	-0.0261808	39.655	36.4688	1.08737
5731	0.00540082	0.125071	46.3348	-9.16554	2.50905	-0.026181	39.6522	36.4684	1.0873
5732	0.00540172	0.12507	46.3333	-9.16459	2.50663	-0.0261812	39.6492	36.468	1.08723
5733	0.00540262	0.125068	46.3319	-9.16364	2.50414	-0.0261814	39.6462	36.4676	1.08716
5734	0.00540352	0.125067	46.3304	-9.16271	2.50163	-0.0261815	39.6431	36.4672	1.08709
5735	0.00540442	0.125065	46.329	-9.16179	2.49913	-0.0261816	39.6401	36.4668	1.08702
5736	0.00540532	0.125064	46.3275	-9.16087	2.49665	-0.0261816	39.6371	36.4664	1.08695
5737	0.00540621	0.125063	46.3261	-9.15997	2.49418	-0.0261817	39.6342	36.466	1.08688
5738	0.00540711	0.125061	46.3248	-9.15909	2.49156	-0.0261816	39.631	36.4656	1.08681
5739	0.00540801	0.12506	46.3234	-9.15821	2.4881	-0.0261815	39.6271	36.4652	1.08671
5740	0.00540891	0.125059	46.322	-9.15735	2.48362	-0.0261813	39.6221	36.4648	1.08659
5741	0.00540981	0.125057	46.3207	-9.15649	2.48045	-0.0261811	39.6185	36.4644	1.0865
5742	0.00541071	0.125056	46.3194	-9.15565	2.47828	-0.0261809	39.6158	36.464	1.08644
5743	0.00541161	0.125055	46.3181	-9.15483	2.4769	-0.0261807	39.614	36.4637	1.0864
5744	0.00541251	0.125053	46.3168	-9.15401	2.47616	-0.0261805	39.6128	36.4633	1.08637
5745	0.00541341	0.125052	46.3156	-9.15321	2.47596	-0.0261802	39.6121	36.463	1.08637
5746	0.00541431	0.125051	46.3143	-9.15241	2.47621	-0.02618	39.6119	36.4626	1.08637
5747	0.0054152	0.12505	46.3131	-9.15163	2.47685	-0.0261798	39.6121	36.4623	1.08639
5748	0.0054161	0.125049	46.3119	-9.15086	2.47784	-0.0261796	39.6127	36.4619	1.08641
5749	0.005417	0.125048	46.3107	-9.15011	2.48017	-0.0261795	39.6146	36.4616	1.08648
5750	0.0054179	0.125046	46.3095	-9.14936	2.4842	-0.0261794	39.6182	36.4612	1.08658
5751	0.0054188	0.125045	46.3084	-9.14862	2.48842	-0.0261794	39.622	36.4609	1.0867
5752	0.0054197	0.125044	46.3073	-9.1479	2.49263	-0.0261793	39.6258	36.4606	1.08681
5753	0.0054206	0.125043	46.3061	-9.14719	2.49674	-0.0261792	39.6295	36.4603	1.08692
5754	0.0054215	0.125042	46.305	-9.14648	2.50068	-0.0261791	39.6331	36.46	1.08703
5755	0.0054224	0.125041	46.304	-9.14579	2.50438	-0.0261791	39.6364	36.4597	1.08713
5756	0.0054233	0.12504	46.3029	-9.14511	2.50777	-0.0261791	39.6394	36.4594	1.08722
5757	0.00542419	0.125039	46.3018	-9.14443	2.51081	-0.0261792	39.642	36.4591	1.0873
5758	0.00542509	0.125038	46.3008	-9.14377	2.51343	-0.0261793	39.6443	36.4588	1.08737
5759	0.00542599	0.125037	46.2998	-9.14312	2.5156	-0.0261795	39.6461	36.4585	1.08743
5760	0.00542689	0.125036	46.2988	-9.14248	2.5173	-0.0261798	39.6474	36.4582	1.08748
5761	0.00542779	0.125035	46.2978	-9.14184	2.51851	-0.0261801	39.6483	36.4579	1.08751
5762	0.00542869	0.125034	46.2968	-9.14122	2.51922	-0.0261804	39.6486	36.4576	1.08753
5763	0.00542959	0.125033	46.2959	-9.14061	2.51943	-0.0261807	39.6485	36.4574	1.08753
5764	0.00543049	0.125032	46.2949	-9.14	2.5191	-0.0261811	39.6478	36.4571	1.08752
5765	0.00543139	0.125031	46.294	-9.13941	2.51828	-0.0261814	39.6467	36.4568	1.0875
5766	0.00543228	0.12503	46.2931	-9.13882	2.51701	-0.0261818	39.6451	36.4566	1.08746
5767	0.00543318	0.125029	46.2922	-9.13825	2.51535	-0.0261821	39.6431	36.4563	1.08741
5768	0.00543408	0.125029	46.2913	-9.13768	2.51336	-0.0261823	39.6408	36.4561	1.08736
5769	0.00543498	0.125028	46.2904	-9.13712	2.51112	-0.0261826	39.6382	36.4558	1.0873
5770	0.00543588	0.125027	46.2895	-9.13657	2.50868	-0.0261828	39.6355	36.4556	1.08723
5771	0.00543678	0.125026	46.2887	-9.13603	2.50609	-0.026183	39.6326	36.4553	1.08715
5772	0.00543768	0.125025	46.2879	-9.1355	2.5034	-0.0261832	39.6296	36.4551	1.08708
5773	0.00543858	0.125024	46.287	-9.13497	2.50066	-0.0261833	39.6265	36.4549	1.087
5774	0.00543948	0.125024	46.2862	-9.13446	2.4979	-0.0261834	39.6235	36.4546	1.08693
5775	0.00544038	0.125023	46.2854	-9.13395	2.49515	-0.0261835	39.6205	36.4544	1.08685
5776	0.00544128	0.125022	46.2847	-9.13345	2.49236	-0.0261835	39.6174	36.4542	1.08677
5777	0.00544217	0.125021	46.2839	-9.13296	2.48933	-0.0261835	39.6141	36.454	1.08669
5778	0.00544307	0.125021	46.2831	-9.13247	2.48484	-0.0261833	39.6093	36.4537	1.08656
5779	0.00544397	0.12502	46.2824	-9.132	2.4804	-0.0261831	39.6046	36.4535	1.08644
5780	0.00544487	0.125019	46.2817	-9.13153	2.4772	-0.0261829	39.6011	36.4533	1.08635
5781	0.00544577	0.125019	46.2809	-9.13107	2.47496	-0.0261827	39.5986	36.4531	1.08629
5782	0.00544667	0.125018	46.2802	-9.13061	2.4735	-0.0261825	39.5969	36.4529	1.08625
5783	0.00544757	0.125017	46.2795	-9.13017	2.47266	-0.0261823	39.5958	36.4527	1.08622
5784	0.00544847	0.125016	46.2788	-9.12973	2.47237	-0.026182	39.5953	36.4525	1.08622
5785	0.00544937	0.125016	46.2782	-9.1293	2.47254	-0.0261818	39.5952	36.4523	1.08622
5786	0.00545027	0.125015	46.2775	-9.12887	2.47312	-0.0261816	39.5956	36.4521	1.08623
5787	0.00545116	0.125015	46.2769	-9.12846	2.47405	-0.0261814	39.5963	36.452	1.08626
5788	0.00545206	0.125014	46.2762	-9.12805	2.47674	-0.0261813	39.5987	36.4518	1.08633
5789	0.00545296	0.125013	46.2756	-9.12765	2.48075	-0.0261813	39.6025	36.4516	1.08644
5790	0.00545386	0.125013	46.275	-9.12725	2.48492	-0.0261812	39.6065	36.4514	1.08655
5791	0.00545476	0.125012	46.2744	-9.12686	2.48906	-0.0261811	39.6104	36.4512	1.08667
5792	0.00545566	0.125012	46.2738	-9.12648	2.49311	-0.026181	39.6142	36.4511	1.08678
5793	0.00545656	0.125011	46.2732	-9.12611	2.49697	-0.0261809	39.6179	36.4509	1.08688
5794	0.00545746	0.12501	46.2726	-9.12574	2.5006	-0.0261809	39.6213	36.4507	1.08698
5795	0.00545836	0.12501	46.272	-9.12538	2.5039	-0.0261809	39.6244	36.4506	1.08707
5796	0.00545925	0.125009	46.2715	-9.12502	2.50684	-0.026181	39.6271	36.4504	1.08715
5797	0.00546015	0.125009	46.2709	-9.12467	2.50936	-0.0261812	39.6294	36.4503	1.08722
5798	0.00546105	0.125008	46.2704	-9.12433	2.51142	-0.0261814	39.6313	36.4501	1.08727
5799	0.00546195	0.125008	46.2699	-9.12399	2.513	-0.0261816	39.6327	36.45	1.08732
5800	0.00546285	0.125007	46.2694	-9.12366	2.51408	-0.0261819	39.6336	36.4498	1.08735
5801	0.00546375	0.125007	46.2688	-9.12334	2.51465	-0.0261822	39.634	36.4497	1.08736
5802	0.00546465	0.125006	46.2684	-9.12303	2.5147	-0.0261825	39.6338	36.4495	1.08736
5803	0.00546555	0.125006	46.2679	-9.12272	2.51421	-0.0261829	39.6332	36.4494	1.08735
5804	0.00546644	0.125005	46.2674	-9.12241	2.51323	-0.0261832	39.632	36.4493	1.08732
5805	0.00546734	0.125005	46.2669	-9.12211	2.5118	-0.0261835	39.6304	36.4491	1.08728
5806	0.00546824	0.125004	46.2665	-9.12182	2.50998	-0.0261838	39.6284	36.449	1.08723
5807	0.00546914	0.125004	46.266	-9.12153	2.50784	-0.0261841	39.6261	36.4489	1.08717
5808	0.00547004	0.125004	46.2656	-9.12125	2.50545	-0.0261843	39.6236	36.4488	1.0871
5809	0.00547094	0.125003	46.2651	-9.12097	2.50287	-0.0261846	39.6208	36.4486	1.08703
5810	0.00547184	0.125003	46.2647	-9.1207	2.50013	-0.0261847	39.618	36.4485	1.08696
5811	0.00547274	0.125002	46.2643	-9.12043	2.49731	-0.0261849	39.615	36.4484	1.08688
5812	0.00547364	0.125002	46.2639	-9.12016	2.49444	-0.026185	39.612	36.4483	1.0868
5813	0.00547454	0.125002	46.2635	-9.1199	2.49157	-0.0261851	39.6089	36.4482	1.08672
5814	0.00547543	0.125001	46.263	-9.11963	2.4887	-0.0261852	39.6059	36.448	1.08664
5815	0.00547633	0.125001	46.2626	-9.11937	2.48579	-0.0261852	39.6029	36.4479	1.08656
5816	0.00547723	0.125	46.2622	-9.11912	2.48262	-0.0261851	39.5996	36.4478	1.08647
5817	0.00547813	0.125	46.2618	-9.11886	2.47773	-0.026185	39.5945	36.4477	1.08634
5818	0.00547903	0.125	46.2614	-9.1186	2.47336	-0.0261848	39.59	36.4476	1.08622
5819	0.00547993	0.124999	46.261	-9.11835	2.47018	-0.0261846	39.5867	36.4475	1.08613
5820	0.00548083	0.124999	46.2607	-9.1181	2.46795	-0.0261844	39.5843	36.4474	1.08607
5821	0.00548173	0.124998	46.2603	-9.11785	2.46647	-0.0261841	39.5827	36.4473	1.08603
5822	0.00548263	0.124998	46.2599	-9.1176	2.46561	-0.0261839	39.5817	36.4471	1.086
5823	0.00548353	0.124998	46.2595	-9.11735	2.46528	-0.0261837	39.5812	36.447	1.08599
5824	0.00548442	0.124997	46.2591	-9.1171	2.46541	-0.0261835	39.5812	36.4469	1.086
5825	0.00548532	0.124997	46.2587	-9.11685	2.46595	-0.0261832	39.5816	36.4468	1.08601
5826	0.00548622	0.124997	46.2583	-9.11661	2.46683	-0.026183	39.5824	36.4467	1.08603
5827	0.00548712	0.124996	46.258	-9.11636	2.46976	-0.0261829	39.5852	36.4466	1.08611
5828	0.00548802	0.124996	46.2576	-9.11611	2.47371	-0.0261829	39.589	36.4465	1.08622
5829	0.00548892	0.124995	46.2572	-9.11586	2.47778	-0.0261828	39.5929	36.4464	1.08633
5830	0.00548982	0.124995	46.2568	-9.11562	2.48182	-0.0261827	39.5968	36.4463	1.08644
5831	0.00549072	0.124995	46.2564	-9.11537	2.48575	-0.0261826	39.6006	36.4462	1.08655
5832	0.00549161	0.124994	46.256	-9.11512	2.48949	-0.0261825	39.6042	36.4461	1.08665
5833	0.00549251	0.124994	46.2557	-9.11488	2.49299	-0.0261825	39.6076	36.446	1.08675
5834	0.00549341	0.124994	46.2553	-9.11464	2.49617	-0.0261825	39.6106	36.4459	1.08683
5835	0.00549431	0.124993	46.2549	-9.11441	2.49897	-0.0261826	39.6133	36.4457	1.08691
5836	0.00549521	0.124993	46.2546	-9.11418	2.50135	-0.0261827	39.6155	36.4456	1.08698
5837	0.00549611	0.124993	46.2542	-9.11395	2.50327	-0.0261829	39.6173	36.4455	1.08703
5838	0.00549701	0.124992	46.2539	-9.11373	2.50471	-0.0261831	39.6186	36.4454	1.08707
5839	0.00549791	0.124992	46.2535	-9.11351	2.50565	-0.0261834	39.6195	36.4453	1.08709
5840	0.0054988	0.124992	46.2532	-9.1133	2.50609	-0.0261837	39.6198	36.4453	1.0871
5841	0.0054997	0.124991	46.2529	-9.1131	2.506	-0.026184	39.6196	36.4452	1.0871
5842	0.0055006	0.124991	46.2525	-9.1129	2.50537	-0.0261843	39.6188	36.4451	1.08708
5843	0.0055015	0.124991	46.2522	-9.1127	2.50426	-0.0261846	39.6176	36.445	1.08705
5844	0.0055024	0.12499	46.2519	-9.11251	2.50272	-0.0261849	39.616	36.4449	1.08701
5845	0.0055033	0.12499	46.2516	-9.11232	2.50079	-0.0261852	39.6139	36.4448	1.08696
5846	0.0055042	0.12499	46.2514	-9.11214	2.49855	-0.0261855	39.6116	36.4447	1.08689
5847	0.0055051	0.12499	46.2511	-9.11197	2.49608	-0.0261857	39.609	36.4447	1.08683
5848	0.005506	0.124989	46.2508	-9.1118	2.49342	-0.0261859	39.6063	36.4446	1.08675
5849	0.0055069	0.124989	46.2506	-9.11163	2.49063	-0.0261861	39.6034	36.4445	1.08668
5850	0.00550779	0.124989	46.2503	-9.11148	2.48777	-0.0261862	39.6004	36.4444	1.0866
5851	0.00550869	0.124989	46.2501	-9.11132	2.48488	-0.0261863	39.5974	36.4444	1.08652
5852	0.00550959	0.124988	46.2498	-9.11118	2.48201	-0.0261864	39.5945	36.4443	1.08644
5853	0.00551049	0.124988	46.2496	-9.11104	2.47919	-0.0261864	39.5916	36.4442	1.08636
5854	0.00551139	0.124988	46.2494	-9.1109	2.47641	-0.0261864	39.5887	36.4442	1.08628
5855	0.00551229	0.124988	46.2492	-9.11077	2.47362	-0.0261864	39.5859	36.4441	1.08621
5856	0.00551319	0.124987	46.249	-9.11065	2.4705	-0.0261863	39.5827	36.4441	1.08612
5857	0.00551409	0.124987	46.2488	-9.11053	2.46536	-0.0261861	39.5775	36.444	1.08598
5858	0.00551499	0.124987	46.2487	-9.11043	2.46161	-0.0261859	39.5737	36.444	1.08588
5859	0.00551588	0.124987	46.2485	-9.11032	2.45895	-0.0261857	39.5709	36.4439	1.0858
5860	0.00551678	0.124987	46.2483	-9.11023	2.45713	-0.0261854	39.5691	36.4439	1.08575
5861	0.00551768	0.124987	46.2482	-9.11014	2.45601	-0.0261852	39.5679	36.4438	1.08572
5862	0.00551858	0.124987	46.2481	-9.11005	2.45544	-0.026185	39.5673	36.4438	1.08571
5863	0.00551948	0.124986	46.2479	-9.10997	2.45535	-0.0261847	39.5671	36.4437	1.0857
5864	0.00552038	0.124986	46.2478	-9.10989	2.45568	-0.0261845	39.5674	36.4437	1.08571
5865	0.00552128	0.124986	46.2477	-9.10982	2.45637	-0.0261842	39.5681	36.4437	1.08573
5866	0.00552218	0.124986	46.2476	-9.10974	2.45773	-0.026184	39.5694	36.4436	1.08577
5867	0.00552307	0.124986	46.2475	-9.10967	2.46135	-0.026184	39.573	36.4436	1.08587
5868	0.00552397	0.124986	46.2474	-9.10961	2.46532	-0.0261839	39.5769	36.4436	1.08598
5869	0.00552487	0.124986	46.2473	-9.10955	2.46931	-0.0261837	39.5808	36.4436	1.08609
5870	0.00552577	0.124986	46.2472	-9.1095	2.47323	-0.0261836	39.5847	36.4435	1.08619
5871	0.00552667	0.124986	46.2471	-9.10946	2.47701	-0.0261835	39.5885	36.4435	1.0863
5872	0.00552757	0.124986	46.247	-9.10941	2.48057	-0.0261834	39.592	36.4435	1.08639
5873	0.00552847	0.124985	46.247	-9.10938	2.48385	-0.0261834	39.5953	36.4435	1.08648
5874	0.00552937	0.124985	46.2469	-9.10934	2.48678	-0.0261834	39.5982	36.4435	1.08657
5875	0.00553026	0.124985	46.2469	-9.10931	2.48933	-0.0261835	39.6007	36.4434	1.08663
5876	0.00553116	0.124985	46.2468	-9.10928	2.49144	-0.0261836	39.6028	36.4434	1.08669
5877	0.00553206	0.124985	46.2468	-9.10925	2.49309	-0.0261838	39.6044	36.4434	1.08674
5878	0.00553296	0.124985	46.2467	-9.10922	2.49426	-0.026184	39.6056	36.4434	1.08677
5879	0.00553386	0.124985	46.2467	-9.1092	2.49494	-0.0261843	39.6063	36.4434	1.08679
5880	0.00553476	0.124985	46.2467	-9.10918	2.49513	-0.0261846	39.6064	36.4434	1.08679
5881	0.00553566	0.124985	46.2466	-9.10916	2.49478	-0.0261849	39.6061	36.4434	1.08678
5882	0.00553656	0.124985	46.2466	-9.10914	2.49394	-0.0261852	39.6052	36.4434	1.08676
5883	0.00553745	0.124985	46.2466	-9.10912	2.49265	-0.0261855	39.6039	36.4434	1.08673
5884	0.00553835	0.124985	46.2466	-9.10911	2.49095	-0.0261858	39.6022	36.4434	1.08668
5885	0.00553925	0.124985	46.2465	-9.1091	2.48892	-0.026186	39.6002	36.4433	1.08662
5886	0.00554015	0.124985	46.2465	-9.10909	2.48662	-0.0261863	39.5979	36.4433	1.08656
5887	0.00554105	0.124985	46.2465	-9.10908	2.48414	-0.0261865	39.5954	36.4433	1.08649
5888	0.00554195	0.124985	46.2465	-9.10908	2.4815	-0.0261867	39.5927	36.4433	1.08642
5889	0.00554285	0.124985	46.2465	-9.10908	2.47876	-0.0261868	39.59	36.4433	1.08634
5890	0.00554375	0.124985	46.2465	-9.10908	2.476	-0.0261869	39.5872	36.4433	1.08627
5891	0.00554465	0.124985	46.2465	-9.10908	2.47326	-0.026187	39.5845	36.4433	1.08619
5892	0.00554554	0.124985	46.2465	-9.10909	2.47059	-0.026187	39.5818	36.4433	1.08612
5893	0.00554644	0.124985	46.2465	-9.10909	2.46803	-0.026187	39.5793	36.4433	1.08605
5894	0.00554734	0.124985	46.2465	-9.10911	2.46561	-0.026187	39.5769	36.4433	1.08598
5895	0.00554824	0.124985	46.2466	-9.10912	2.46334	-0.026187	39.5746	36.4433	1.08592
5896	0.00554914	0.124985	46.2466	-9.10913	2.46122	-0.026187	39.5725	36.4434	1.08586
5897	0.00555004	0.124985	46.2466	-9.10915	2.45916	-0.0261869	39.5704	36.4434	1.08581
5898	0.00555094	0.124985	46.2466	-9.10917	2.45694	-0.0261868	39.5682	36.4434	1.08575
5899	0.00555184	0.124985	46.2467	-9.10919	2.45303	-0.0261866	39.5643	36.4434	1.08564
5900	0.00555274	0.124985	46.2467	-9.10921	2.45006	-0.0261863	39.5614	36.4434	1.08556
5901	0.00555363	0.124985	46.2467	-9.10924	2.44811	-0.0261861	39.5594	36.4434	1.0855
5902	0.00555453	0.124985	46.2468	-9.10926	2.44694	-0.0261859	39.5583	36.4434	1.08547
5903	0.00555543	0.124985	46.2468	-9.10929	2.44637	-0.0261856	39.5577	36.4434	1.08546
5904	0.00555633	0.124985	46.2469	-9.10932	2.4463	-0.0261854	39.5577	36.4434	1.08545
5905	0.00555723	0.124985	46.2469	-9.10935	2.44662	-0.0261851	39.558	36.4434	1.08546
5906	0.00555813	0.124985	46.247	-9.10938	2.44728	-0.0261849	39.5587	36.4435	1.08548
5907	0.00555903	0.124985	46.247	-9.10941	2.44821	-0.0261847	39.5596	36.4435	1.08551
5908	0.00555993	0.124985	46.2471	-9.10944	2.45121	-0.0261845	39.5626	36.4435	1.08559
5909	0.00556082	0.124986	46.2471	-9.10947	2.45507	-0.0261844	39.5665	36.4435	1.08569
5910	0.00556172	0.124986	46.2472	-9.1095	2.45897	-0.0261843	39.5704	36.4435	1.0858
5911	0.00556262	0.124986	46.2472	-9.10954	2.46281	-0.0261841	39.5743	36.4435	1.08591
5912	0.00556352	0.124986	46.2473	-9.10957	2.46651	-0.0261839	39.578	36.4435	1.08601
5913	0.00556442	0.124986	46.2473	-9.1096	2.47001	-0.0261838	39.5815	36.4436	1.08611
5914	0.00556532	0.124986	46.2474	-9.10964	2.47325	-0.0261837	39.5848	36.4436	1.08619
5915	0.00556622	0.124986	46.2474	-9.10967	2.47618	-0.0261837	39.5877	36.4436	1.08627
5916	0.00556712	0.124986	46.2475	-9.1097	2.47874	-0.0261838	39.5903	36.4436	1.08635
5917	0.00556801	0.124986	46.2475	-9.10973	2.4809	-0.0261838	39.5925	36.4436	1.0864
5918	0.00556891	0.124986	46.2476	-9.10976	2.48264	-0.026184	39.5943	36.4436	1.08645
5919	0.00556981	0.124986	46.2476	-9.10978	2.48393	-0.0261842	39.5956	36.4436	1.08649
5920	0.00557071	0.124986	46.2476	-9.10981	2.48477	-0.0261845	39.5964	36.4436	1.08651
5921	0.00557161	0.124986	46.2477	-9.10984	2.48515	-0.0261847	39.5968	36.4437	1.08652
5922	0.00557251	0.124986	46.2477	-9.10986	2.48505	-0.0261851	39.5967	36.4437	1.08652
5923	0.00557341	0.124986	46.2477	-9.10988	2.48448	-0.0261854	39.5962	36.4437	1.0865
5924	0.00557431	0.124986	46.2478	-9.1099	2.48347	-0.0261856	39.5952	36.4437	1.08648
5925	0.0055752	0.124986	46.2478	-9.10992	2.48206	-0.0261859	39.5938	36.4437	1.08644
5926	0.0055761	0.124986	46.2478	-9.10994	2.48033	-0.0261862	39.592	36.4437	1.08639
5927	0.005577	0.124986	46.2479	-9.10995	2.47833	-0.0261864	39.5901	36.4437	1.08633
5928	0.0055779	0.124986	46.2479	-9.10997	2.47615	-0.0261866	39.5879	36.4437	1.08627
5929	0.0055788	0.124986	46.2479	-9.10999	2.47381	-0.0261868	39.5856	36.4437	1.08621
5930	0.0055797	0.124986	46.2479	-9.11	2.47138	-0.0261869	39.5831	36.4437	1.08614
5931	0.0055806	0.124986	46.248	-9.11002	2.46892	-0.026187	39.5807	36.4437	1.08608
5932	0.0055815	0.124986	46.248	-9.11003	2.46648	-0.0261871	39.5782	36.4437	1.08601
5933	0.0055824	0.124986	46.248	-9.11004	2.46411	-0.0261871	39.5759	36.4437	1.08594
5934	0.00558329	0.124986	46.248	-9.11005	2.46186	-0.0261871	39.5736	36.4438	1.08588
5935	0.00558419	0.124986	46.248	-9.11005	2.45977	-0.0261871	39.5716	36.4438	1.08583
5936	0.00558509	0.124986	46.248	-9.11005	2.45787	-0.0261871	39.5697	36.4438	1.08577
5937	0.00558599	0.124986	46.248	-9.11005	2.45619	-0.026187	39.568	36.4438	1.08573
5938	0.00558689	0.124986	46.248	-9.11004	2.45476	-0.026187	39.5665	36.4438	1.08569
5939	0.00558779	0.124986	46.248	-9.11002	2.4536	-0.0261869	39.5654	36.4437	1.08566
5940	0.00558869	0.124986	46.248	-9.11	2.45274	-0.0261869	39.5645	36.4437	1.08563
5941	0.00558959	0.124986	46.2479	-9.10997	2.4522	-0.0261868	39.564	36.4437	1.08562
5942	0.00559048	0.124986	46.2479	-9.10994	2.45202	-0.0261867	39.5638	36.4437	1.08561
5943	0.00559138	0.124986	46.2478	-9.1099	2.45221	-0.0261867	39.5639	36.4437	1.08562
5944	0.00559228	0.124986	46.2477	-9.10986	2.45279	-0.0261866	39.5645	36.4437	1.08563
5945	0.00559318	0.124986	46.2477	-9.10981	2.45372	-0.0261865	39.5654	36.4437	1.08566
5946	0.00559408	0.124986	46.2476	-9.10975	2.45494	-0.0261865	39.5666	36.4436	1.08569
5947	0.00559498	0.124986	46.2475	-9.10969	2.45636	-0.0261864	39.568	36.4436	1.08573
5948	0.00559588	0.124986	46.2474	-9.10962	2.45791	-0.0261864	39.5695	36.4436	1.08577
5949	0.00559678	0.124986	46.2473	-9.10954	2.45952	-0.0261863	39.5711	36.4436	1.08582
5950	0.00559767	0.124986	46.2471	-9.10946	2.46114	-0.0261862	39.5726	36.4435	1.08586
5951	0.00559857	0.124986	46.247	-9.10937	2.46272	-0.0261862	39.5742	36.4435	1.0859
5952	0.00559947	0.124985	46.2469	-9.10927	2.4642	-0.0261862	39.5756	36.4434	1.08595
5953	0.00560037	0.124985	46.2467	-9.10917	2.46556	-0.0261862	39.5769	36.4434	1.08598
5954	0.00560127	0.124985	46.2465	-9.10907	2.46676	-0.0261862	39.578	36.4434	1.08602
5955	0.00560217	0.124985	46.2464	-9.10895	2.46777	-0.0261862	39.579	36.4433	1.08604
5956	0.00560307	0.124985	46.2462	-9.10884	2.46858	-0.0261862	39.5797	36.4433	1.08606
5957	0.00560397	0.124985	46.246	-9.10871	2.46916	-0.0261863	39.5803	36.4432	1.08608
5958	0.00560486	0.124984	46.2458	-9.10858	2.46951	-0.0261863	39.5805	36.4432	1.08609
5959	0.00560576	0.124984	46.2456	-9.10845	2.46963	-0.0261864	39.5806	36.4431	1.08609
5960	0.00560666	0.124984	46.2454	-9.10831	2.46952	-0.0261865	39.5804	36.443	1.08609
5961	0.00560756	0.124984	46.2452	-9.10817	2.46918	-0.0261866	39.58	36.443	1.08608
5962	0.00560846	0.124984	46.2449	-9.10802	2.46864	-0.0261866	39.5794	36.4429	1.08606
5963	0.00560936	0.124983	46.2447	-9.10787	2.46791	-0.0261867	39.5785	36.4429	1.08604
5964	0.00561026	0.124983	46.2445	-9.10771	2.467	-0.0261868	39.5776	36.4428	1.08602
5965	0.00561116	0.124983	46.2442	-9.10754	2.46595	-0.0261869	39.5764	36.4427	1.08599
5966	0.00561205	0.124983	46.2439	-9.10738	2.46477	-0.026187	39.5751	36.4426	1.08596
5967	0.00561295	0.124982	46.2437	-9.1072	2.4635	-0.026187	39.5738	36.4426	1.08592
5968	0.00561385	0.124982	46.2434	-9.10703	2.46217	-0.0261871	39.5724	36.4425	1.08588
5969	0.00561475	0.124982	46.2431	-9.10685	2.4608	-0.0261871	39.5709	36.4424	1.08585
5970	0.00561565	0.124982	46.2428	-9.10666	2.45943	-0.0261871	39.5694	36.4423	1.08581
5971	0.00561655	0.124981	46.2425	-9.10647	2.45808	-0.0261871	39.568	36.4423	1.08577
5972	0.00561745	0.124981	46.2422	-9.10628	2.45676	-0.0261871	39.5665	36.4422	1.08573
5973	0.00561835	0.124981	46.2419	-9.10609	2.45546	-0.0261871	39.5651	36.4421	1.0857
5974	0.00561925	0.12498	46.2416	-9.10589	2.45414	-0.0261871	39.5637	36.442	1.08566
5975	0.00562014	0.12498	46.2413	-9.10569	2.45266	-0.026187	39.5621	36.4419	1.08562
5976	0.00562104	0.12498	46.241	-9.10549	2.45041	-0.0261868	39.5597	36.4418	1.08556
5977	0.00562194	0.12498	46.2407	-9.10529	2.44722	-0.0261866	39.5564	36.4417	1.08547
5978	0.00562284	0.124979	46.2404	-9.10508	2.44507	-0.0261864	39.5542	36.4416	1.08541
5979	0.00562374	0.124979	46.2401	-9.10487	2.44373	-0.0261861	39.5527	36.4416	1.08537
5980	0.00562464	0.124979	46.2397	-9.10466	2.443	-0.0261859	39.5519	36.4415	1.08535
5981	0.00562554	0.124978	46.2394	-9.10444	2.44274	-0.0261856	39.5515	36.4414	1.08535
5982	0.00562644	0.124978	46.2391	-9.10423	2.44287	-0.0261854	39.5515	36.4413	1.08535
5983	0.00562733	0.124978	46.2387	-9.10401	2.44333	-0.0261851	39.5519	36.4412	1.08536
5984	0.00562823	0.124977	46.2384	-9.10378	2.44406	-0.0261849	39.5525	36.4411	1.08538
5985	0.00562913	0.124977	46.238	-9.10356	2.44503	-0.0261846	39.5533	36.441	1.08541
5986	0.00563003	0.124977	46.2377	-9.10334	2.44813	-0.0261845	39.5563	36.4409	1.08549
5987	0.00563093	0.124976	46.2373	-9.10311	2.45199	-0.0261844	39.56	36.4408	1.0856
5988	0.00563183	0.124976	46.237	-9.10288	2.4559	-0.0261842	39.5638	36.4407	1.0857
5989	0.00563273	0.124976	46.2366	-9.10265	2.45974	-0.0261841	39.5675	36.4406	1.08581
5990	0.00563363	0.124975	46.2363	-9.10242	2.46346	-0.026184	39.5711	36.4405	1.08591
5991	0.00563452	0.124975	46.2359	-9.10219	2.467	-0.0261839	39.5745	36.4404	1.08601
5992	0.00563542	0.124975	46.2355	-9.10196	2.4703	-0.0261838	39.5777	36.4403	1.0861
5993	0.00563632	0.124974	46.2352	-9.10172	2.47332	-0.0261838	39.5806	36.4402	1.08618
5994	0.00563722	0.124974	46.2348	-9.10149	2.47601	-0.0261839	39.5831	36.4401	1.08625
5995	0.00563812	0.124973	46.2344	-9.10125	2.47835	-0.026184	39.5853	36.44	1.08632
5996	0.00563902	0.124973	46.2341	-9.10102	2.48029	-0.0261842	39.5872	36.4399	1.08637
5997	0.00563992	0.124973	46.2337	-9.10078	2.48182	-0.0261844	39.5886	36.4398	1.08641
5998	0.00564082	0.124972	46.2333	-9.10054	2.48293	-0.0261847	39.5895	36.4397	1.08644
5999	0.00564171	0.124972	46.233	-9.10031	2.48361	-0.0261849	39.5901	36.4396	1.08646
6000	0.00564261	0.124972	46.2326	-9.10007	2.48386	-0.0261852	39.5902	36.4395	1.08647
6001	0.00564351	0.124971	46.2322	-9.09983	2.48365	-0.0261855	39.5899	36.4394	1.08646
6002	0.00564441	0.124971	46.2319	-9.09959	2.48302	-0.0261858	39.5891	36.4392	1.08644
6003	0.00564531	0.124971	46.2315	-9.09936	2.48202	-0.026186	39.588	36.4391	1.08641
6004	0.00564621	0.12497	46.2311	-9.09912	2.48071	-0.0261863	39.5865	36.439	1.08638
6005	0.00564711	0.12497	46.2307	-9.09888	2.47913	-0.0261865	39.5848	36.4389	1.08633
6006	0.00564801	0.12497	46.2304	-9.09865	2.47736	-0.0261867	39.5829	36.4388	1.08628
6007	0.00564891	0.124969	46.23	-9.09841	2.47543	-0.0261868	39.5808	36.4387	1.08623
6008	0.0056498	0.124969	46.2297	-9.09818	2.4734	-0.026187	39.5787	36.4386	1.08617
6009	0.0056507	0.124968	46.2293	-9.09795	2.47132	-0.0261871	39.5765	36.4385	1.08612
6010	0.0056516	0.124968	46.2289	-9.09772	2.46925	-0.0261871	39.5743	36.4384	1.08606
6011	0.0056525	0.124968	46.2286	-9.09749	2.46725	-0.0261872	39.5721	36.4383	1.086
6012	0.0056534	0.124967	46.2282	-9.09726	2.46536	-0.0261872	39.5701	36.4382	1.08595
6013	0.0056543	0.124967	46.2279	-9.09703	2.46364	-0.0261872	39.5683	36.4381	1.0859
6014	0.0056552	0.124967	46.2275	-9.0968	2.46212	-0.0261872	39.5666	36.438	1.08586
6015	0.0056561	0.124966	46.2271	-9.09657	2.46084	-0.0261872	39.5652	36.4379	1.08583
6016	0.005657	0.124966	46.2268	-9.09634	2.45982	-0.0261872	39.5641	36.4378	1.0858
6017	0.00565789	0.124966	46.2264	-9.09611	2.4591	-0.0261872	39.5632	36.4377	1.08578
6018	0.00565879	0.124965	46.2261	-9.09588	2.45869	-0.0261872	39.5627	36.4376	1.08577
6019	0.00565969	0.124965	46.2257	-9.09565	2.4586	-0.0261872	39.5625	36.4375	1.08576
6020	0.00566059	0.124965	46.2254	-9.09542	2.45883	-0.0261872	39.5626	36.4374	1.08577
6021	0.00566149	0.124964	46.225	-9.09518	2.45939	-0.0261872	39.563	36.4373	1.08578
6022	0.00566239	0.124964	46.2246	-9.09494	2.46024	-0.0261872	39.5637	36.4372	1.08581
6023	0.00566329	0.124964	46.2242	-9.0947	2.46133	-0.0261872	39.5647	36.4371	1.08583
6024	0.00566419	0.124963	46.2239	-9.09446	2.46261	-0.0261872	39.5658	36.437	1.08587
6025	0.00566509	0.124963	46.2235	-9.09422	2.46402	-0.0261872	39.5671	36.4369	1.08591
6026	0.00566598	0.124963	46.2231	-9.09397	2.46553	-0.0261872	39.5685	36.4368	1.08595
6027	0.00566688	0.124962	46.2227	-9.09372	2.46706	-0.0261872	39.5699	36.4367	1.08599
6028	0.00566778	0.124962	46.2223	-9.09347	2.46858	-0.0261872	39.5713	36.4366	1.08603
6029	0.00566868	0.124961	46.2219	-9.09322	2.47006	-0.0261872	39.5726	36.4365	1.08607
6030	0.00566958	0.124961	46.2215	-9.09296	2.47144	-0.0261872	39.5738	36.4363	1.08611
6031	0.00567048	0.124961	46.2211	-9.09269	2.47271	-0.0261873	39.575	36.4362	1.08614
6032	0.00567138	0.12496	46.2207	-9.09243	2.47384	-0.0261873	39.5759	36.4361	1.08617
6033	0.00567228	0.12496	46.2203	-9.09216	2.4748	-0.0261874	39.5768	36.436	1.0862
6034	0.00567317	0.124959	46.2199	-9.09189	2.47559	-0.0261874	39.5774	36.4359	1.08622
6035	0.00567407	0.124959	46.2195	-9.09161	2.47619	-0.0261875	39.5778	36.4358	1.08624
6036	0.00567497	0.124959	46.219	-9.09133	2.4766	-0.0261876	39.5781	36.4356	1.08625
6037	0.00567587	0.124958	46.2186	-9.09104	2.47681	-0.0261877	39.5782	36.4355	1.08625
6038	0.00567677	0.124958	46.2181	-9.09075	2.47684	-0.0261878	39.578	36.4354	1.08625
6039	0.00567767	0.124957	46.2177	-9.09046	2.47669	-0.0261879	39.5777	36.4353	1.08625
6040	0.00567857	0.124957	46.2172	-9.09016	2.47638	-0.026188	39.5772	36.4351	1.08624
6041	0.00567947	0.124956	46.2167	-9.08985	2.47592	-0.0261881	39.5766	36.435	1.08622
6042	0.00568037	0.124956	46.2162	-9.08954	2.47533	-0.0261882	39.5759	36.4349	1.08621
6043	0.00568126	0.124955	46.2158	-9.08922	2.47464	-0.0261883	39.575	36.4347	1.08619
6044	0.00568216	0.124955	46.2153	-9.0889	2.47387	-0.0261884	39.574	36.4346	1.08617
6045	0.00568306	0.124955	46.2147	-9.08856	2.47304	-0.0261885	39.573	36.4345	1.08614
6046	0.00568396	0.124954	46.2142	-9.08823	2.47219	-0.0261886	39.572	36.4343	1.08612
6047	0.00568486	0.124954	46.2137	-9.08789	2.47133	-0.0261886	39.571	36.4342	1.08609
6048	0.00568576	0.124953	46.2132	-9.08754	2.4705	-0.0261887	39.5699	36.434	1.08607
6049	0.00568666	0.124952	46.2126	-9.08718	2.46972	-0.0261887	39.569	36.4339	1.08605
6050	0.00568756	0.124952	46.212	-9.08682	2.46901	-0.0261888	39.568	36.4337	1.08603
6051	0.00568846	0.124951	46.2115	-9.08645	2.46838	-0.0261888	39.5672	36.4335	1.08601
6052	0.00568936	0.124951	46.2109	-9.08608	2.46786	-0.0261888	39.5665	36.4334	1.086
6053	0.00569025	0.12495	46.2103	-9.0857	2.46746	-0.0261889	39.5659	36.4332	1.08598
6054	0.00569115	0.12495	46.2097	-9.08531	2.46719	-0.0261889	39.5654	36.4331	1.08598
6055	0.00569205	0.124949	46.2091	-9.08492	2.46708	-0.0261889	39.5651	36.4329	1.08597
6056	0.00569295	0.124949	46.2085	-9.08452	2.46714	-0.0261888	39.5649	36.4327	1.08597
6057	0.00569385	0.124948	46.2079	-9.08411	2.46742	-0.0261888	39.565	36.4325	1.08598
6058	0.00569475	0.124947	46.2072	-9.0837	2.46797	-0.0261888	39.5653	36.4324	1.08599
6059	0.00569565	0.124947	46.2066	-9.08328	2.46882	-0.0261888	39.5659	36.4322	1.08602
6060	0.00569655	0.124946	46.2059	-9.08285	2.46997	-0.0261888	39.5668	36.432	1.08605
6061	0.00569745	0.124945	46.2052	-9.08242	2.47138	-0.0261888	39.568	36.4318	1.08608
6062	0.00569834	0.124945	46.2046	-9.08198	2.47299	-0.0261888	39.5694	36.4316	1.08613
6063	0.00569924	0.124944	46.2039	-9.08154	2.47473	-0.0261888	39.5709	36.4314	1.08617
6064	0.00570014	0.124943	46.2032	-9.08109	2.47651	-0.0261888	39.5724	36.4312	1.08622
6065	0.00570104	0.124943	46.2025	-9.08064	2.47828	-0.0261888	39.5739	36.431	1.08627
6066	0.00570194	0.124942	46.2018	-9.08017	2.48	-0.0261888	39.5754	36.4308	1.08632
6067	0.00570284	0.124941	46.201	-9.07971	2.48162	-0.0261888	39.5768	36.4306	1.08636
6068	0.00570374	0.124941	46.2003	-9.07923	2.48312	-0.0261889	39.578	36.4304	1.0864
6069	0.00570464	0.12494	46.1996	-9.07875	2.48447	-0.026189	39.5791	36.4302	1.08644
6070	0.00570554	0.124939	46.1988	-9.07827	2.48564	-0.0261891	39.58	36.43	1.08647
6071	0.00570643	0.124939	46.1981	-9.07778	2.48663	-0.0261892	39.5807	36.4298	1.08649
6072	0.00570733	0.124938	46.1973	-9.07728	2.48742	-0.0261893	39.5812	36.4296	1.08651
6073	0.00570823	0.124937	46.1965	-9.07678	2.48801	-0.0261895	39.5815	36.4294	1.08653
6074	0.00570913	0.124936	46.1957	-9.07627	2.48839	-0.0261896	39.5816	36.4292	1.08654
6075	0.00571003	0.124936	46.1949	-9.07576	2.48856	-0.0261898	39.5815	36.4289	1.08654
6076	0.00571093	0.124935	46.1941	-9.07524	2.48852	-0.02619	39.5812	36.4287	1.08654
6077	0.00571183	0.124934	46.1933	-9.07471	2.4883	-0.0261901	39.5807	36.4285	1.08653
6078	0.00571273	0.124933	46.1925	-9.07419	2.48789	-0.0261903	39.58	36.4282	1.08652
6079	0.00571363	0.124932	46.1917	-9.07365	2.48732	-0.0261904	39.5791	36.428	1.0865
6080	0.00571453	0.124932	46.1908	-9.07311	2.48662	-0.0261906	39.5781	36.4278	1.08648
6081	0.00571542	0.124931	46.19	-9.07257	2.48579	-0.0261907	39.577	36.4275	1.08646
6082	0.00571632	0.12493	46.1891	-9.07202	2.48488	-0.0261908	39.5758	36.4273	1.08643
6083	0.00571722	0.124929	46.1883	-9.07147	2.48391	-0.0261909	39.5745	36.4271	1.0864
6084	0.00571812	0.124928	46.1874	-9.07091	2.4829	-0.026191	39.5732	36.4268	1.08638
6085	0.00571902	0.124928	46.1865	-9.07035	2.48188	-0.0261911	39.5719	36.4266	1.08635
6086	0.00571992	0.124927	46.1857	-9.06979	2.48088	-0.0261911	39.5706	36.4263	1.08632
6087	0.00572082	0.124926	46.1848	-9.06922	2.47989	-0.0261912	39.5693	36.4261	1.08629
6088	0.00572172	0.124925	46.1839	-9.06865	2.47894	-0.0261912	39.568	36.4258	1.08626
6089	0.00572262	0.124924	46.183	-9.06808	2.47802	-0.0261912	39.5668	36.4256	1.08624
6090	0.00572352	0.124923	46.1821	-9.0675	2.47708	-0.0261912	39.5655	36.4253	1.08621
6091	0.00572441	0.124922	46.1812	-9.06692	2.47604	-0.0261912	39.5641	36.4251	1.08618
6092	0.00572531	0.124922	46.1803	-9.06634	2.4745	-0.0261912	39.5623	36.4248	1.08613
6093	0.00572621	0.124921	46.1794	-9.06575	2.47154	-0.026191	39.559	36.4246	1.08605
6094	0.00572711	0.12492	46.1785	-9.06516	2.4696	-0.0261909	39.5567	36.4243	1.086
6095	0.00572801	0.124919	46.1776	-9.06457	2.46844	-0.0261907	39.5552	36.4241	1.08596
6096	0.00572891	0.124918	46.1766	-9.06398	2.46787	-0.0261905	39.5543	36.4238	1.08595
6097	0.00572981	0.124917	46.1757	-9.06339	2.46776	-0.0261904	39.5539	36.4235	1.08594
6098	0.00573071	0.124916	46.1748	-9.06279	2.46802	-0.0261902	39.5538	36.4233	1.08595
6099	0.00573161	0.124915	46.1739	-9.06219	2.46858	-0.0261901	39.5541	36.423	1.08596
6100	0.00573251	0.124914	46.1729	-9.06158	2.4694	-0.0261899	39.5545	36.4228	1.08598
6101	0.0057334	0.124914	46.172	-9.06097	2.47045	-0.0261898	39.5553	36.4225	1.08601
6102	0.0057343	0.124913	46.171	-9.06037	2.47367	-0.0261897	39.5581	36.4222	1.0861
6103	0.0057352	0.124912	46.1701	-9.05976	2.47762	-0.0261897	39.5617	36.422	1.08621
6104	0.0057361	0.124911	46.1691	-9.05915	2.4816	-0.0261897	39.5654	36.4217	1.08631
6105	0.005737	0.12491	46.1682	-9.05854	2.48552	-0.0261896	39.569	36.4214	1.08642
6106	0.0057379	0.124909	46.1672	-9.05792	2.48932	-0.0261896	39.5724	36.4212	1.08652
6107	0.0057388	0.124908	46.1663	-9.05731	2.49293	-0.0261896	39.5757	36.4209	1.08662
6108	0.0057397	0.124907	46.1653	-9.05669	2.49631	-0.0261896	39.5787	36.4206	1.08671
6109	0.0057406	0.124906	46.1644	-9.05607	2.49941	-0.0261897	39.5815	36.4203	1.0868
6110	0.00574149	0.124905	46.1634	-9.05545	2.50217	-0.0261899	39.5839	36.4201	1.08687
6111	0.00574239	0.124904	46.1624	-9.05483	2.50458	-0.0261901	39.586	36.4198	1.08694
6112	0.00574329	0.124903	46.1614	-9.0542	2.5066	-0.0261903	39.5876	36.4195	1.08699
6113	0.00574419	0.124902	46.1604	-9.05356	2.5082	-0.0261906	39.5889	36.4193	1.08703
6114	0.00574509	0.124901	46.1594	-9.05292	2.50939	-0.026191	39.5897	36.419	1.08706
6115	0.00574599	0.1249	46.1584	-9.05227	2.51016	-0.0261913	39.5901	36.4187	1.08708
6116	0.00574689	0.124899	46.1574	-9.05162	2.5105	-0.0261917	39.5901	36.4184	1.08709
6117	0.00574779	0.124899	46.1564	-9.05097	2.5104	-0.026192	39.5897	36.4181	1.08709
6118	0.00574869	0.124898	46.1554	-9.05032	2.50988	-0.0261924	39.5888	36.4178	1.08707
6119	0.00574959	0.124897	46.1544	-9.04967	2.50899	-0.0261927	39.5875	36.4176	1.08705
6120	0.00575049	0.124896	46.1534	-9.04901	2.50778	-0.026193	39.586	36.4173	1.08701
6121	0.00575138	0.124895	46.1524	-9.04835	2.50632	-0.0261933	39.5841	36.417	1.08697
6122	0.00575228	0.124894	46.1513	-9.04769	2.50465	-0.0261936	39.5821	36.4167	1.08692
6123	0.00575318	0.124893	46.1503	-9.04702	2.50282	-0.0261938	39.5799	36.4164	1.08687
6124	0.00575408	0.124892	46.1492	-9.04635	2.50087	-0.026194	39.5776	36.4161	1.08682
6125	0.00575498	0.124891	46.1482	-9.04568	2.49888	-0.0261942	39.5752	36.4158	1.08676
6126	0.00575588	0.12489	46.1472	-9.04501	2.49689	-0.0261943	39.5728	36.4155	1.0867
6127	0.00575678	0.124889	46.1461	-9.04433	2.49495	-0.0261944	39.5705	36.4152	1.08665
6128	0.00575768	0.124888	46.145	-9.04365	2.49311	-0.0261945	39.5683	36.4149	1.0866
6129	0.00575858	0.124887	46.144	-9.04297	2.49142	-0.0261946	39.5662	36.4146	1.08655
6130	0.00575948	0.124885	46.1429	-9.04229	2.4899	-0.0261947	39.5643	36.4143	1.0865
6131	0.00576037	0.124884	46.1419	-9.0416	2.48859	-0.0261947	39.5627	36.414	1.08647
6132	0.00576127	0.124883	46.1408	-9.04092	2.48752	-0.0261948	39.5612	36.4137	1.08644
6133	0.00576217	0.124882	46.1397	-9.04023	2.48671	-0.0261948	39.56	36.4134	1.08641
6134	0.00576307	0.124881	46.1387	-9.03954	2.48618	-0.0261949	39.5591	36.4131	1.0864
6135	0.00576397	0.12488	46.1376	-9.03885	2.48597	-0.0261949	39.5585	36.4128	1.08639
6136	0.00576487	0.124879	46.1365	-9.03816	2.48611	-0.026195	39.5583	36.4125	1.08639
6137	0.00576577	0.124878	46.1354	-9.03746	2.48659	-0.026195	39.5584	36.4122	1.0864
6138	0.00576667	0.124877	46.1343	-9.03677	2.48742	-0.0261951	39.5588	36.4119	1.08642
6139	0.00576757	0.124876	46.1333	-9.03608	2.48857	-0.0261952	39.5596	36.4116	1.08645
6140	0.00576847	0.124875	46.1322	-9.03538	2.48998	-0.0261952	39.5606	36.4113	1.08649
6141	0.00576937	0.124874	46.1311	-9.03469	2.49158	-0.0261953	39.5618	36.411	1.08653
6142	0.00577026	0.124873	46.13	-9.034	2.49329	-0.0261953	39.5631	36.4107	1.08658
6143	0.00577116	0.124872	46.1289	-9.0333	2.49506	-0.0261954	39.5645	36.4104	1.08663
6144	0.00577206	0.124871	46.1279	-9.03261	2.49682	-0.0261955	39.5659	36.4101	1.08667
6145	0.00577296	0.12487	46.1268	-9.03192	2.49854	-0.0261955	39.5672	36.4098	1.08672
6146	0.00577386	0.124869	46.1257	-9.03123	2.50016	-0.0261956	39.5684	36.4095	1.08676
6147	0.00577476	0.124868	46.1246	-9.03053	2.50165	-0.0261957	39.5696	36.4092	1.0868
6148	0.00577566	0.124867	46.1236	-9.02984	2.50299	-0.0261958	39.5705	36.4089	1.08684
6149	0.00577656	0.124866	46.1225	-9.02916	2.50415	-0.0261959	39.5713	36.4086	1.08687
6150	0.00577746	0.124865	46.1214	-9.02847	2.5051	-0.026196	39.5718	36.4082	1.08689
6151	0.00577836	0.124864	46.1203	-9.02779	2.50583	-0.0261962	39.5722	36.4079	1.08691
6152	0.00577925	0.124863	46.1193	-9.0271	2.50634	-0.0261964	39.5723	36.4076	1.08692
6153	0.00578015	0.124862	46.1182	-9.02642	2.50663	-0.0261965	39.5722	36.4073	1.08693
6154	0.00578105	0.124861	46.1172	-9.02575	2.50668	-0.0261967	39.5719	36.407	1.08693
6155	0.00578195	0.12486	46.1161	-9.02508	2.50652	-0.0261969	39.5714	36.4067	1.08692
6156	0.00578285	0.124858	46.1151	-9.02441	2.50614	-0.0261971	39.5706	36.4065	1.08691
6157	0.00578375	0.124857	46.114	-9.02374	2.50558	-0.0261973	39.5697	36.4062	1.0869
6158	0.00578465	0.124856	46.113	-9.02308	2.50484	-0.0261974	39.5686	36.4059	1.08687
6159	0.00578555	0.124855	46.112	-9.02243	2.50394	-0.0261976	39.5673	36.4056	1.08685
6160	0.00578645	0.124854	46.111	-9.02178	2.50291	-0.0261978	39.5659	36.4053	1.08682
6161	0.00578735	0.124854	46.11	-9.02113	2.50176	-0.0261979	39.5644	36.405	1.08678
6162	0.00578825	0.124853	46.109	-9.02049	2.50053	-0.0261981	39.5628	36.4047	1.08675
6163	0.00578914	0.124852	46.108	-9.01986	2.49922	-0.0261982	39.5611	36.4044	1.08671
6164	0.00579004	0.124851	46.107	-9.01923	2.49781	-0.0261983	39.5594	36.4042	1.08667
6165	0.00579094	0.12485	46.106	-9.01862	2.49623	-0.0261984	39.5574	36.4039	1.08663
6166	0.00579184	0.124849	46.1051	-9.01801	2.49414	-0.0261984	39.555	36.4036	1.08657
6167	0.00579274	0.124848	46.1041	-9.01742	2.48998	-0.0261983	39.5505	36.4033	1.08645
6168	0.00579364	0.124847	46.1032	-9.01683	2.48701	-0.0261982	39.5472	36.4031	1.08637
6169	0.00579454	0.124846	46.1023	-9.01625	2.48495	-0.026198	39.5448	36.4028	1.08631
6170	0.00579544	0.124845	46.1014	-9.01568	2.48362	-0.0261979	39.5432	36.4026	1.08627
6171	0.00579634	0.124844	46.1005	-9.01512	2.48287	-0.0261977	39.5421	36.4023	1.08625
6172	0.00579724	0.124843	46.0997	-9.01456	2.48258	-0.0261976	39.5415	36.4021	1.08624
6173	0.00579814	0.124843	46.0988	-9.01402	2.4827	-0.0261974	39.5413	36.4018	1.08625
6174	0.00579903	0.124842	46.098	-9.01348	2.48317	-0.0261972	39.5415	36.4016	1.08626
6175	0.00579993	0.124841	46.0971	-9.01295	2.48395	-0.0261971	39.5419	36.4013	1.08628
6176	0.00580083	0.12484	46.0963	-9.01242	2.48501	-0.0261969	39.5427	36.4011	1.08631
6177	0.00580173	0.124839	46.0955	-9.01191	2.48794	-0.0261969	39.5453	36.4009	1.08638
6178	0.00580263	0.124839	46.0947	-9.0114	2.49197	-0.0261969	39.5491	36.4006	1.08649
6179	0.00580353	0.124838	46.0939	-9.0109	2.4961	-0.0261969	39.5529	36.4004	1.08661
6180	0.00580443	0.124837	46.0932	-9.01041	2.50019	-0.0261968	39.5568	36.4002	1.08672
6181	0.00580533	0.124836	46.0924	-9.00993	2.50417	-0.0261968	39.5605	36.4	1.08683
6182	0.00580623	0.124836	46.0917	-9.00945	2.50797	-0.0261968	39.564	36.3998	1.08693
6183	0.00580713	0.124835	46.0909	-9.00899	2.51153	-0.0261969	39.5673	36.3996	1.08703
6184	0.00580803	0.124834	46.0902	-9.00853	2.5148	-0.026197	39.5703	36.3994	1.08712
6185	0.00580892	0.124833	46.0895	-9.00808	2.51773	-0.0261972	39.573	36.3992	1.08719
6186	0.00580982	0.124833	46.0888	-9.00765	2.52028	-0.0261974	39.5753	36.399	1.08726
6187	0.00581072	0.124832	46.0882	-9.00723	2.52242	-0.0261977	39.5772	36.3988	1.08732
6188	0.00581162	0.124831	46.0875	-9.00682	2.52413	-0.026198	39.5786	36.3986	1.08737
6189	0.00581252	0.124831	46.0869	-9.00642	2.52539	-0.0261984	39.5797	36.3984	1.0874
6190	0.00581342	0.12483	46.0863	-9.00603	2.52619	-0.0261987	39.5802	36.3982	1.08742
6191	0.00581432	0.12483	46.0857	-9.00566	2.52653	-0.0261991	39.5804	36.398	1.08743
6192	0.00581522	0.124829	46.0851	-9.00529	2.52638	-0.0261995	39.58	36.3979	1.08743
6193	0.00581612	0.124829	46.0846	-9.00494	2.52578	-0.0261999	39.5792	36.3977	1.08741
6194	0.00581702	0.124828	46.084	-9.0046	2.52478	-0.0262002	39.578	36.3976	1.08738
6195	0.00581792	0.124827	46.0835	-9.00426	2.52342	-0.0262005	39.5764	36.3974	1.08734
6196	0.00581881	0.124827	46.083	-9.00394	2.52177	-0.0262008	39.5746	36.3973	1.0873
6197	0.00581971	0.124827	46.0825	-9.00363	2.5199	-0.0262011	39.5726	36.3971	1.08724
6198	0.00582061	0.124826	46.082	-9.00333	2.51783	-0.0262014	39.5703	36.397	1.08719
6199	0.00582151	0.124826	46.0816	-9.00304	2.51563	-0.0262016	39.5679	36.3969	1.08713
6200	0.00582241	0.124825	46.0811	-9.00276	2.51333	-0.0262018	39.5655	36.3967	1.08706
6201	0.00582331	0.124825	46.0807	-9.00249	2.511	-0.0262019	39.563	36.3966	1.087
6202	0.00582421	0.124824	46.0803	-9.00223	2.50868	-0.0262021	39.5605	36.3965	1.08693
6203	0.00582511	0.124824	46.0799	-9.00197	2.5064	-0.0262022	39.5581	36.3964	1.08687
6204	0.00582601	0.124824	46.0795	-9.00173	2.50415	-0.0262023	39.5557	36.3963	1.08681
6205	0.00582691	0.124823	46.0791	-9.0015	2.50189	-0.0262023	39.5533	36.3961	1.08674
6206	0.00582781	0.124823	46.0788	-9.00128	2.49943	-0.0262023	39.5507	36.396	1.08668
6207	0.0058287	0.124822	46.0784	-9.00106	2.49551	-0.0262023	39.5467	36.3959	1.08657
6208	0.0058296	0.124822	46.0781	-9.00086	2.49181	-0.0262021	39.5429	36.3958	1.08647
6209	0.0058305	0.124822	46.0778	-9.00066	2.48925	-0.026202	39.5402	36.3958	1.0864
6210	0.0058314	0.124822	46.0775	-9.00047	2.4876	-0.0262019	39.5384	36.3957	1.08635
6211	0.0058323	0.124821	46.0772	-9.00029	2.48666	-0.0262017	39.5374	36.3956	1.08632
6212	0.0058332	0.124821	46.0769	-9.00012	2.4863	-0.0262016	39.5369	36.3955	1.08631
6213	0.0058341	0.124821	46.0767	-8.99996	2.48645	-0.0262015	39.537	36.3954	1.08632
6214	0.005835	0.12482	46.0764	-8.99981	2.48702	-0.0262013	39.5375	36.3954	1.08633
6215	0.0058359	0.12482	46.0762	-8.99966	2.48796	-0.0262012	39.5383	36.3953	1.08636
6216	0.0058368	0.12482	46.076	-8.99952	2.48922	-0.0262011	39.5395	36.3952	1.08639
6217	0.0058377	0.12482	46.0758	-8.99939	2.49281	-0.0262011	39.543	36.3952	1.08649
6218	0.0058386	0.12482	46.0756	-8.99927	2.49712	-0.0262011	39.5472	36.3951	1.08661
6219	0.00583949	0.124819	46.0754	-8.99916	2.50149	-0.0262011	39.5515	36.3951	1.08673
6220	0.00584039	0.124819	46.0752	-8.99905	2.5058	-0.0262011	39.5558	36.395	1.08685
6221	0.00584129	0.124819	46.0751	-8.99895	2.50999	-0.026201	39.5599	36.395	1.08696
6222	0.00584219	0.124819	46.0749	-8.99886	2.51398	-0.026201	39.5638	36.3949	1.08707
6223	0.00584309	0.124819	46.0748	-8.99877	2.51769	-0.0262011	39.5675	36.3949	1.08717
6224	0.00584399	0.124819	46.0747	-8.99869	2.52109	-0.0262012	39.5709	36.3948	1.08727
6225	0.00584489	0.124819	46.0745	-8.99862	2.5241	-0.0262014	39.5738	36.3948	1.08735
6226	0.00584579	0.124818	46.0744	-8.99856	2.52668	-0.0262016	39.5764	36.3948	1.08742
6227	0.00584669	0.124818	46.0743	-8.9985	2.52882	-0.0262019	39.5785	36.3947	1.08748
6228	0.00584759	0.124818	46.0743	-8.99845	2.53047	-0.0262023	39.5801	36.3947	1.08752
6229	0.00584849	0.124818	46.0742	-8.9984	2.53164	-0.0262026	39.5812	36.3947	1.08755
6230	0.00584938	0.124818	46.0741	-8.99836	2.53231	-0.026203	39.5819	36.3947	1.08757
6231	0.00585028	0.124818	46.0741	-8.99833	2.53248	-0.0262035	39.582	36.3946	1.08758
6232	0.00585118	0.124818	46.074	-8.9983	2.53214	-0.0262039	39.5817	36.3946	1.08757
6233	0.00585208	0.124818	46.074	-8.99828	2.53134	-0.0262043	39.5808	36.3946	1.08755
6234	0.00585298	0.124818	46.074	-8.99826	2.53011	-0.0262047	39.5796	36.3946	1.08751
6235	0.00585388	0.124818	46.0739	-8.99825	2.52853	-0.0262051	39.578	36.3946	1.08747
6236	0.00585478	0.124818	46.0739	-8.99825	2.52667	-0.0262054	39.5761	36.3946	1.08742
6237	0.00585568	0.124818	46.0739	-8.99825	2.52458	-0.0262057	39.5741	36.3946	1.08736
6238	0.00585658	0.124818	46.0739	-8.99826	2.52232	-0.026206	39.5718	36.3946	1.0873
6239	0.00585748	0.124818	46.0739	-8.99827	2.51994	-0.0262063	39.5694	36.3946	1.08723
6240	0.00585838	0.124818	46.074	-8.99829	2.51749	-0.0262065	39.567	36.3946	1.08717
6241	0.00585928	0.124818	46.074	-8.99831	2.51504	-0.0262067	39.5645	36.3946	1.0871
6242	0.00586017	0.124818	46.074	-8.99834	2.5126	-0.0262069	39.5621	36.3946	1.08703
6243	0.00586107	0.124818	46.0741	-8.99837	2.51021	-0.026207	39.5597	36.3946	1.08697
6244	0.00586197	0.124818	46.0741	-8.9984	2.50783	-0.0262071	39.5574	36.3946	1.0869
6245	0.00586287	0.124818	46.0742	-8.99844	2.50534	-0.0262071	39.5549	36.3947	1.08683
6246	0.00586377	0.124818	46.0743	-8.99849	2.5021	-0.0262071	39.5517	36.3947	1.08674
6247	0.00586467	0.124818	46.0743	-8.99853	2.49772	-0.026207	39.5473	36.3947	1.08662
6248	0.00586557	0.124818	46.0744	-8.99858	2.49465	-0.0262069	39.5443	36.3947	1.08654
6249	0.00586647	0.124818	46.0745	-8.99863	2.49259	-0.0262067	39.5422	36.3947	1.08648
6250	0.00586737	0.124818	46.0746	-8.99868	2.49133	-0.0262066	39.541	36.3948	1.08645
6251	0.00586827	0.124818	46.0746	-8.99873	2.49071	-0.0262065	39.5404	36.3948	1.08643
6252	0.00586917	0.124819	46.0747	-8.99878	2.49063	-0.0262063	39.5404	36.3948	1.08643
6253	0.00587007	0.124819	46.0748	-8.99884	2.491	-0.0262062	39.5408	36.3948	1.08644
6254	0.00587096	0.124819	46.0749	-8.99889	2.49177	-0.026206	39.5416	36.3948	1.08646
6255	0.00587186	0.124819	46.075	-8.99894	2.49289	-0.0262059	39.5427	36.3949	1.08649
6256	0.00587276	0.124819	46.075	-8.99899	2.49527	-0.0262059	39.5451	36.3949	1.08656
6257	0.00587366	0.124819	46.0751	-8.99904	2.49941	-0.0262059	39.5493	36.3949	1.08667
6258	0.00587456	0.124819	46.0752	-8.99909	2.50375	-0.0262059	39.5536	36.3949	1.08679
6259	0.00587546	0.124819	46.0753	-8.99915	2.50807	-0.0262059	39.558	36.395	1.08691
6260	0.00587636	0.124819	46.0754	-8.9992	2.51229	-0.0262058	39.5623	36.395	1.08702
6261	0.00587726	0.124819	46.0754	-8.99925	2.51635	-0.0262058	39.5663	36.395	1.08714
6262	0.00587816	0.124819	46.0755	-8.99931	2.52016	-0.0262059	39.5702	36.395	1.08724
6263	0.00587906	0.124819	46.0756	-8.99936	2.52366	-0.026206	39.5737	36.3951	1.08734
6264	0.00587996	0.124819	46.0757	-8.99942	2.52681	-0.0262062	39.5769	36.3951	1.08742
6265	0.00588085	0.12482	46.0758	-8.99947	2.52954	-0.0262064	39.5796	36.3951	1.0875
6266	0.00588175	0.12482	46.0759	-8.99953	2.53182	-0.0262066	39.582	36.3951	1.08756
6267	0.00588265	0.12482	46.076	-8.99959	2.53363	-0.026207	39.5838	36.3952	1.08761
6268	0.00588355	0.12482	46.0761	-8.99965	2.53496	-0.0262073	39.5852	36.3952	1.08765
6269	0.00588445	0.12482	46.0762	-8.99971	2.53578	-0.0262077	39.586	36.3952	1.08767
6270	0.00588535	0.12482	46.0763	-8.99978	2.53611	-0.0262082	39.5864	36.3952	1.08768
6271	0.00588625	0.12482	46.0764	-8.99984	2.53591	-0.0262086	39.5862	36.3953	1.08768
6272	0.00588715	0.12482	46.0765	-8.99991	2.53521	-0.026209	39.5856	36.3953	1.08766
6273	0.00588805	0.12482	46.0766	-8.99998	2.53407	-0.0262094	39.5845	36.3953	1.08762
6274	0.00588895	0.12482	46.0767	-9.00006	2.53254	-0.0262098	39.583	36.3954	1.08758
6275	0.00588985	0.124821	46.0768	-9.00013	2.53068	-0.0262102	39.5811	36.3954	1.08753
6276	0.00589075	0.124821	46.0769	-9.00022	2.52857	-0.0262105	39.5791	36.3954	1.08747
6277	0.00589164	0.124821	46.0771	-9.00031	2.52627	-0.0262108	39.5768	36.3955	1.08741
6278	0.00589254	0.124821	46.0772	-9.00041	2.52381	-0.0262111	39.5744	36.3955	1.08734
6279	0.00589344	0.124821	46.0774	-9.00051	2.52125	-0.0262113	39.5719	36.3955	1.08727
6280	0.00589434	0.124821	46.0776	-9.00062	2.51864	-0.0262115	39.5694	36.3956	1.0872
6281	0.00589524	0.124821	46.0777	-9.00074	2.51601	-0.0262117	39.5668	36.3956	1.08713
6282	0.00589614	0.124822	46.0779	-9.00087	2.51338	-0.0262118	39.5642	36.3957	1.08706
6283	0.00589704	0.124822	46.0781	-9.00101	2.51069	-0.0262119	39.5616	36.3957	1.08698
6284	0.00589794	0.124822	46.0784	-9.00116	2.50768	-0.026212	39.5587	36.3958	1.0869
6285	0.00589884	0.124822	46.0786	-9.00131	2.50233	-0.0262119	39.5534	36.3959	1.08676
6286	0.00589974	0.124822	46.0789	-9.00148	2.49841	-0.0262118	39.5496	36.3959	1.08665
6287	0.00590064	0.124823	46.0791	-9.00165	2.49562	-0.0262116	39.5469	36.396	1.08657
6288	0.00590154	0.124823	46.0794	-9.00183	2.49373	-0.0262115	39.5451	36.3961	1.08652
6289	0.00590244	0.124823	46.0797	-9.00203	2.49256	-0.0262114	39.544	36.3962	1.08649
6290	0.00590333	0.124824	46.08	-9.00223	2.492	-0.0262112	39.5436	36.3963	1.08647
6291	0.00590423	0.124824	46.0803	-9.00244	2.49195	-0.0262111	39.5436	36.3963	1.08647
6292	0.00590513	0.124824	46.0807	-9.00266	2.49236	-0.0262109	39.5442	36.3964	1.08648
6293	0.00590603	0.124824	46.081	-9.00289	2.49317	-0.0262108	39.5451	36.3965	1.08651
6294	0.00590693	0.124825	46.0814	-9.00313	2.49434	-0.0262107	39.5464	36.3966	1.08654
6295	0.00590783	0.124825	46.0818	-9.00338	2.49769	-0.0262107	39.5499	36.3967	1.08663
6296	0.00590873	0.124826	46.0822	-9.00364	2.50195	-0.0262107	39.5543	36.3969	1.08675
6297	0.00590963	0.124826	46.0826	-9.00391	2.50631	-0.0262107	39.5588	36.397	1.08687
6298	0.00591053	0.124826	46.083	-9.00418	2.51063	-0.0262107	39.5632	36.3971	1.08699
6299	0.00591143	0.124827	46.0835	-9.00447	2.51484	-0.0262107	39.5676	36.3972	1.08711
6300	0.00591233	0.124827	46.0839	-9.00477	2.51885	-0.0262107	39.5718	36.3973	1.08722
6301	0.00591322	0.124828	46.0844	-9.00507	2.52261	-0.0262108	39.5757	36.3975	1.08732
6302	0.00591412	0.124828	46.0849	-9.00539	2.52604	-0.0262109	39.5793	36.3976	1.08742
6303	0.00591502	0.124829	46.0854	-9.00571	2.52909	-0.0262111	39.5825	36.3977	1.0875
6304	0.00591592	0.124829	46.0859	-9.00605	2.53171	-0.0262113	39.5853	36.3979	1.08757
6305	0.00591682	0.12483	46.0864	-9.00639	2.53387	-0.0262116	39.5877	36.398	1.08763
6306	0.00591772	0.12483	46.087	-9.00674	2.53554	-0.026212	39.5895	36.3982	1.08768
6307	0.00591862	0.124831	46.0875	-9.0071	2.5367	-0.0262124	39.5909	36.3983	1.08771
6308	0.00591952	0.124831	46.0881	-9.00747	2.53736	-0.0262128	39.5918	36.3985	1.08773
6309	0.00592042	0.124832	46.0887	-9.00785	2.53748	-0.0262132	39.5921	36.3987	1.08773
6310	0.00592132	0.124832	46.0893	-9.00824	2.53707	-0.0262136	39.5919	36.3988	1.08772
6311	0.00592222	0.124833	46.0899	-9.00863	2.53617	-0.026214	39.5912	36.399	1.0877
6312	0.00592312	0.124834	46.0905	-9.00904	2.53483	-0.0262144	39.5901	36.3992	1.08766
6313	0.00592401	0.124834	46.0911	-9.00945	2.53311	-0.0262148	39.5886	36.3993	1.08762
6314	0.00592491	0.124835	46.0918	-9.00987	2.53108	-0.0262151	39.5868	36.3995	1.08756
6315	0.00592581	0.124835	46.0924	-9.01029	2.52881	-0.0262155	39.5848	36.3997	1.0875
6316	0.00592671	0.124836	46.0931	-9.01073	2.52635	-0.0262158	39.5825	36.3999	1.08744
6317	0.00592761	0.124837	46.0938	-9.01117	2.52375	-0.026216	39.5802	36.4001	1.08736
6318	0.00592851	0.124837	46.0945	-9.01162	2.52106	-0.0262162	39.5777	36.4003	1.08729
6319	0.00592941	0.124838	46.0952	-9.01208	2.51833	-0.0262164	39.5752	36.4005	1.08722
6320	0.00593031	0.124839	46.0959	-9.01254	2.51558	-0.0262166	39.5727	36.4007	1.08714
6321	0.00593121	0.124839	46.0967	-9.01302	2.5128	-0.0262167	39.5702	36.4009	1.08707
6322	0.00593211	0.12484	46.0974	-9.01349	2.50988	-0.0262168	39.5676	36.4011	1.08699
6323	0.00593301	0.124841	46.0982	-9.01398	2.50623	-0.0262168	39.5642	36.4013	1.08689
6324	0.00593391	0.124842	46.0989	-9.01448	2.50122	-0.0262167	39.5595	36.4015	1.08675
6325	0.00593481	0.124842	46.0997	-9.01498	2.49757	-0.0262166	39.5561	36.4017	1.08665
6326	0.0059357	0.124843	46.1005	-9.01549	2.49498	-0.0262165	39.5538	36.402	1.08658
6327	0.0059366	0.124844	46.1013	-9.016	2.49324	-0.0262163	39.5523	36.4022	1.08654
6328	0.0059375	0.124845	46.1021	-9.01652	2.4922	-0.0262162	39.5516	36.4024	1.08651
6329	0.0059384	0.124845	46.1029	-9.01705	2.49173	-0.026216	39.5514	36.4026	1.0865
6330	0.0059393	0.124846	46.1038	-9.01759	2.49177	-0.0262159	39.5517	36.4029	1.0865
6331	0.0059402	0.124847	46.1046	-9.01813	2.49226	-0.0262157	39.5525	36.4031	1.08651
6332	0.0059411	0.124848	46.1055	-9.01868	2.49313	-0.0262156	39.5537	36.4034	1.08654
6333	0.005942	0.124849	46.1063	-9.01924	2.49434	-0.0262155	39.5552	36.4036	1.08657
6334	0.0059429	0.12485	46.1072	-9.01981	2.49798	-0.0262155	39.5592	36.4039	1.08667
6335	0.0059438	0.12485	46.1081	-9.02039	2.50225	-0.0262155	39.5637	36.4041	1.08679
6336	0.0059447	0.124851	46.109	-9.02097	2.50658	-0.0262155	39.5684	36.4044	1.08691
6337	0.0059456	0.124852	46.1099	-9.02156	2.51085	-0.0262155	39.573	36.4046	1.08703
6338	0.00594649	0.124853	46.1108	-9.02216	2.51499	-0.0262155	39.5775	36.4049	1.08715
6339	0.00594739	0.124854	46.1118	-9.02276	2.51892	-0.0262155	39.5817	36.4051	1.08726
6340	0.00594829	0.124855	46.1127	-9.02338	2.52257	-0.0262156	39.5857	36.4054	1.08736
6341	0.00594919	0.124856	46.1137	-9.024	2.52588	-0.0262157	39.5894	36.4057	1.08745
6342	0.00595009	0.124857	46.1147	-9.02463	2.52879	-0.0262159	39.5926	36.4059	1.08753
6343	0.00595099	0.124858	46.1157	-9.02527	2.53126	-0.0262162	39.5954	36.4062	1.0876
6344	0.00595189	0.124859	46.1167	-9.02591	2.53326	-0.0262165	39.5978	36.4065	1.08766
6345	0.00595279	0.12486	46.1177	-9.02656	2.53477	-0.0262168	39.5997	36.4068	1.0877
6346	0.00595369	0.124861	46.1187	-9.02722	2.53576	-0.0262172	39.601	36.4071	1.08773
6347	0.00595459	0.124862	46.1197	-9.02789	2.53625	-0.0262176	39.6019	36.4074	1.08774
6348	0.00595549	0.124863	46.1208	-9.02856	2.5362	-0.026218	39.6022	36.4077	1.08774
6349	0.00595638	0.124864	46.1218	-9.02924	2.53562	-0.0262184	39.602	36.408	1.08773
6350	0.00595728	0.124865	46.1229	-9.02992	2.53455	-0.0262188	39.6013	36.4083	1.0877
6351	0.00595818	0.124866	46.124	-9.03061	2.53306	-0.0262192	39.6002	36.4086	1.08766
6352	0.00595908	0.124867	46.125	-9.03131	2.5312	-0.0262196	39.5987	36.4089	1.08761
6353	0.00595998	0.124868	46.1261	-9.03201	2.52905	-0.0262199	39.597	36.4092	1.08755
6354	0.00596088	0.124869	46.1272	-9.03271	2.52667	-0.0262202	39.595	36.4095	1.08749
6355	0.00596178	0.12487	46.1283	-9.03342	2.52411	-0.0262205	39.5928	36.4098	1.08742
6356	0.00596268	0.124871	46.1294	-9.03413	2.52143	-0.0262208	39.5905	36.4101	1.08735
6357	0.00596358	0.124872	46.1306	-9.03485	2.51867	-0.026221	39.5882	36.4104	1.08728
6358	0.00596448	0.124873	46.1317	-9.03557	2.51588	-0.0262212	39.5858	36.4107	1.0872
6359	0.00596538	0.124874	46.1328	-9.03629	2.5131	-0.0262214	39.5834	36.411	1.08713
6360	0.00596628	0.124875	46.1339	-9.03701	2.51031	-0.0262215	39.581	36.4114	1.08705
6361	0.00596718	0.124876	46.135	-9.03774	2.50741	-0.0262215	39.5785	36.4117	1.08697
6362	0.00596807	0.124878	46.1362	-9.03848	2.50394	-0.0262216	39.5754	36.412	1.08688
6363	0.00596897	0.124879	46.1373	-9.03922	2.49884	-0.0262214	39.5707	36.4123	1.08674
6364	0.00596987	0.12488	46.1385	-9.03996	2.49511	-0.0262213	39.5674	36.4127	1.08664
6365	0.00597077	0.124881	46.1397	-9.04071	2.49246	-0.0262212	39.5652	36.413	1.08657
6366	0.00597167	0.124882	46.1408	-9.04146	2.49068	-0.026221	39.5638	36.4133	1.08652
6367	0.00597257	0.124883	46.142	-9.04222	2.48958	-0.0262209	39.5632	36.4136	1.08649
6368	0.00597347	0.124884	46.1432	-9.04298	2.48907	-0.0262207	39.5631	36.414	1.08648
6369	0.00597437	0.124885	46.1444	-9.04375	2.48906	-0.0262206	39.5635	36.4143	1.08648
6370	0.00597527	0.124887	46.1456	-9.04452	2.48949	-0.0262204	39.5643	36.4147	1.08649
6371	0.00597617	0.124888	46.1468	-9.04529	2.4903	-0.0262203	39.5656	36.415	1.08652
6372	0.00597707	0.124889	46.148	-9.04607	2.49145	-0.0262202	39.5672	36.4153	1.08655
6373	0.00597797	0.12489	46.1492	-9.04685	2.49502	-0.0262202	39.5712	36.4157	1.08665
6374	0.00597887	0.124891	46.1504	-9.04763	2.49922	-0.0262202	39.5758	36.416	1.08677
6375	0.00597976	0.124892	46.1516	-9.04842	2.50347	-0.0262202	39.5805	36.4164	1.08689
6376	0.00598066	0.124894	46.1529	-9.04921	2.50766	-0.0262201	39.5851	36.4167	1.087
6377	0.00598156	0.124895	46.1541	-9.05001	2.51172	-0.0262201	39.5896	36.4171	1.08712
6378	0.00598246	0.124896	46.1554	-9.0508	2.51558	-0.0262201	39.5939	36.4174	1.08722
6379	0.00598336	0.124897	46.1566	-9.05161	2.51916	-0.0262202	39.5979	36.4178	1.08733
6380	0.00598426	0.124898	46.1579	-9.05242	2.5224	-0.0262203	39.6016	36.4181	1.08742
6381	0.00598516	0.1249	46.1591	-9.05323	2.52525	-0.0262205	39.6049	36.4185	1.0875
6382	0.00598606	0.124901	46.1604	-9.05404	2.52766	-0.0262207	39.6078	36.4188	1.08756
6383	0.00598696	0.124902	46.1617	-9.05486	2.52961	-0.026221	39.6102	36.4192	1.08762
6384	0.00598786	0.124903	46.1629	-9.05568	2.53106	-0.0262213	39.6121	36.4195	1.08766
6385	0.00598876	0.124905	46.1642	-9.05651	2.53201	-0.0262217	39.6135	36.4199	1.08769
6386	0.00598965	0.124906	46.1655	-9.05734	2.53246	-0.0262221	39.6144	36.4203	1.0877
6387	0.00599055	0.124907	46.1668	-9.05817	2.53238	-0.0262225	39.6148	36.4206	1.0877
6388	0.00599145	0.124908	46.1681	-9.05901	2.53177	-0.0262229	39.6147	36.421	1.08769
6389	0.00599235	0.12491	46.1694	-9.05985	2.53068	-0.0262233	39.614	36.4214	1.08766
6390	0.00599325	0.124911	46.1707	-9.0607	2.52918	-0.0262237	39.613	36.4217	1.08762
6391	0.00599415	0.124912	46.1721	-9.06154	2.52731	-0.026224	39.6116	36.4221	1.08757
6392	0.00599505	0.124913	46.1734	-9.06239	2.52515	-0.0262244	39.6099	36.4225	1.08751
6393	0.00599595	0.124915	46.1747	-9.06325	2.52277	-0.0262247	39.608	36.4229	1.08745
6394	0.00599685	0.124916	46.176	-9.06411	2.52022	-0.026225	39.6059	36.4232	1.08738
6395	0.00599775	0.124917	46.1774	-9.06497	2.51755	-0.0262252	39.6037	36.4236	1.08731
6396	0.00599865	0.124919	46.1787	-9.06583	2.51482	-0.0262254	39.6015	36.424	1.08724
6397	0.00599955	0.12492	46.1801	-9.06669	2.51207	-0.0262256	39.5992	36.4244	1.08716
6398	0.00600045	0.124921	46.1814	-9.06756	2.50936	-0.0262258	39.597	36.4247	1.08709
6399	0.00600134	0.124923	46.1828	-9.06844	2.50668	-0.0262259	39.5948	36.4251	1.08702
6400	0.00600224	0.124924	46.1841	-9.06931	2.50401	-0.0262259	39.5926	36.4255	1.08695
6401	0.00600314	0.124925	46.1855	-9.07019	2.50119	-0.026226	39.5903	36.4259	1.08687
6402	0.00600404	0.124926	46.1869	-9.07107	2.4974	-0.026226	39.587	36.4263	1.08677
6403	0.00600494	0.124928	46.1883	-9.07196	2.49295	-0.0262258	39.583	36.4267	1.08665
6404	0.00600584	0.124929	46.1896	-9.07284	2.48976	-0.0262257	39.5803	36.4271	1.08656
6405	0.00600674	0.12493	46.191	-9.07373	2.48757	-0.0262255	39.5786	36.4274	1.08651
6406	0.00600764	0.124932	46.1924	-9.07463	2.48617	-0.0262254	39.5777	36.4278	1.08647
6407	0.00600854	0.124933	46.1938	-9.07552	2.48541	-0.0262252	39.5775	36.4282	1.08645
6408	0.00600944	0.124935	46.1952	-9.07642	2.48519	-0.0262251	39.5777	36.4286	1.08645
6409	0.00601034	0.124936	46.1966	-9.07732	2.48543	-0.0262249	39.5785	36.429	1.08645
6410	0.00601124	0.124937	46.198	-9.07822	2.48607	-0.0262247	39.5796	36.4294	1.08647
6411	0.00601213	0.124939	46.1994	-9.07913	2.48706	-0.0262246	39.5811	36.4298	1.0865
6412	0.00601303	0.12494	46.2008	-9.08003	2.48986	-0.0262245	39.5844	36.4302	1.08658
6413	0.00601393	0.124941	46.2022	-9.08094	2.4939	-0.0262245	39.589	36.4306	1.0867
6414	0.00601483	0.124943	46.2036	-9.08185	2.49806	-0.0262245	39.5936	36.431	1.08681
6415	0.00601573	0.124944	46.2051	-9.08276	2.5022	-0.0262244	39.5983	36.4314	1.08693
6416	0.00601663	0.124945	46.2065	-9.08368	2.50623	-0.0262244	39.6028	36.4318	1.08704
6417	0.00601753	0.124947	46.2079	-9.0846	2.51008	-0.0262244	39.6072	36.4322	1.08715
6418	0.00601843	0.124948	46.2093	-9.08552	2.51369	-0.0262244	39.6113	36.4326	1.08725
6419	0.00601933	0.12495	46.2108	-9.08644	2.51699	-0.0262245	39.6151	36.433	1.08734
6420	0.00602023	0.124951	46.2122	-9.08736	2.51992	-0.0262246	39.6185	36.4334	1.08742
6421	0.00602113	0.124952	46.2136	-9.08829	2.52244	-0.0262248	39.6216	36.4338	1.08749
6422	0.00602202	0.124954	46.2151	-9.08921	2.52451	-0.0262251	39.6242	36.4342	1.08755
6423	0.00602292	0.124955	46.2165	-9.09014	2.52611	-0.0262254	39.6263	36.4346	1.0876
6424	0.00602382	0.124957	46.218	-9.09107	2.52721	-0.0262257	39.6279	36.435	1.08763
6425	0.00602472	0.124958	46.2194	-9.092	2.52783	-0.0262261	39.629	36.4354	1.08765
6426	0.00602562	0.124959	46.2209	-9.09294	2.52793	-0.0262265	39.6296	36.4358	1.08766
6427	0.00602652	0.124961	46.2223	-9.09387	2.52751	-0.0262269	39.6297	36.4363	1.08765
6428	0.00602742	0.124962	46.2238	-9.09481	2.52662	-0.0262272	39.6294	36.4367	1.08762
6429	0.00602832	0.124964	46.2252	-9.09574	2.52528	-0.0262276	39.6286	36.4371	1.08759
6430	0.00602922	0.124965	46.2267	-9.09667	2.52357	-0.026228	39.6274	36.4375	1.08754
6431	0.00603012	0.124966	46.2281	-9.09761	2.52155	-0.0262283	39.6259	36.4379	1.08749
6432	0.00603102	0.124968	46.2296	-9.09854	2.5193	-0.0262286	39.6241	36.4383	1.08743
6433	0.00603192	0.124969	46.231	-9.09947	2.51687	-0.0262289	39.6222	36.4387	1.08737
6434	0.00603282	0.124971	46.2325	-9.10041	2.51431	-0.0262291	39.6202	36.4391	1.0873
6435	0.00603371	0.124972	46.2339	-9.10134	2.51168	-0.0262293	39.6181	36.4395	1.08723
6436	0.00603461	0.124973	46.2354	-9.10227	2.50903	-0.0262295	39.6159	36.4399	1.08716
6437	0.00603551	0.124975	46.2369	-9.1032	2.50641	-0.0262297	39.6138	36.4403	1.08709
6438	0.00603641	0.124976	46.2383	-9.10414	2.50386	-0.0262298	39.6118	36.4408	1.08702
6439	0.00603731	0.124978	46.2398	-9.10507	2.50141	-0.0262299	39.6099	36.4412	1.08695
6440	0.00603821	0.124979	46.2412	-9.106	2.49904	-0.0262299	39.608	36.4416	1.08689
6441	0.00603911	0.12498	46.2426	-9.10693	2.49669	-0.0262299	39.6062	36.442	1.08683
6442	0.00604001	0.124982	46.2441	-9.10786	2.4941	-0.0262299	39.6041	36.4424	1.08676
6443	0.00604091	0.124983	46.2455	-9.10879	2.48948	-0.0262298	39.6	36.4428	1.08663
6444	0.00604181	0.124985	46.247	-9.10972	2.48621	-0.0262296	39.5973	36.4432	1.08655
6445	0.00604271	0.124986	46.2484	-9.11065	2.484	-0.0262295	39.5956	36.4436	1.08649
6446	0.00604361	0.124987	46.2499	-9.11158	2.4826	-0.0262293	39.5947	36.444	1.08645
6447	0.0060445	0.124989	46.2513	-9.11251	2.48187	-0.0262292	39.5945	36.4444	1.08643
6448	0.0060454	0.12499	46.2528	-9.11344	2.48166	-0.026229	39.5948	36.4448	1.08643
6449	0.0060463	0.124991	46.2542	-9.11436	2.4819	-0.0262288	39.5955	36.4452	1.08644
6450	0.0060472	0.124993	46.2557	-9.11529	2.48252	-0.0262286	39.5967	36.4456	1.08646
6451	0.0060481	0.124994	46.2571	-9.11621	2.48348	-0.0262285	39.5981	36.446	1.08649
6452	0.006049	0.124996	46.2585	-9.11713	2.48603	-0.0262284	39.6012	36.4464	1.08656
6453	0.0060499	0.124997	46.26	-9.11805	2.48998	-0.0262284	39.6057	36.4468	1.08667
6454	0.0060508	0.124998	46.2614	-9.11897	2.49407	-0.0262283	39.6103	36.4473	1.08678
6455	0.0060517	0.125	46.2628	-9.11989	2.49813	-0.0262283	39.6148	36.4477	1.0869
6456	0.0060526	0.125001	46.2642	-9.1208	2.50209	-0.0262282	39.6193	36.4481	1.08701
6457	0.0060535	0.125003	46.2656	-9.12171	2.50587	-0.0262282	39.6236	36.4485	1.08711
6458	0.0060544	0.125004	46.2671	-9.12262	2.50942	-0.0262282	39.6276	36.4488	1.08721
6459	0.00605529	0.125005	46.2685	-9.12352	2.51266	-0.0262282	39.6314	36.4492	1.0873
6460	0.00605619	0.125007	46.2699	-9.12443	2.51555	-0.0262283	39.6348	36.4496	1.08738
6461	0.00605709	0.125008	46.2713	-9.12533	2.51803	-0.0262285	39.6378	36.45	1.08745
6462	0.00605799	0.125009	46.2727	-9.12623	2.52008	-0.0262287	39.6403	36.4504	1.08751
6463	0.00605889	0.125011	46.2741	-9.12712	2.52167	-0.026229	39.6424	36.4508	1.08756
6464	0.00605979	0.125012	46.2755	-9.12802	2.52278	-0.0262293	39.644	36.4512	1.08759
6465	0.00606069	0.125013	46.2768	-9.1289	2.52341	-0.0262297	39.6451	36.4516	1.08761
6466	0.00606159	0.125015	46.2782	-9.12979	2.52355	-0.0262301	39.6458	36.452	1.08762
6467	0.00606249	0.125016	46.2796	-9.13067	2.52319	-0.0262305	39.6459	36.4524	1.08761
6468	0.00606339	0.125017	46.281	-9.13155	2.52234	-0.0262309	39.6455	36.4528	1.08759
6469	0.00606429	0.125019	46.2823	-9.13243	2.52108	-0.0262312	39.6448	36.4532	1.08755
6470	0.00606519	0.12502	46.2837	-9.1333	2.51944	-0.0262316	39.6436	36.4535	1.08751
6471	0.00606608	0.125021	46.285	-9.13417	2.5175	-0.0262319	39.6421	36.4539	1.08746
6472	0.00606698	0.125023	46.2864	-9.13503	2.51533	-0.0262322	39.6405	36.4543	1.0874
6473	0.00606788	0.125024	46.2877	-9.13588	2.51299	-0.0262325	39.6386	36.4547	1.08734
6474	0.00606878	0.125025	46.289	-9.13674	2.51052	-0.0262327	39.6366	36.455	1.08727
6475	0.00606968	0.125026	46.2904	-9.13758	2.50798	-0.0262329	39.6345	36.4554	1.08721
6476	0.00607058	0.125028	46.2917	-9.13842	2.50544	-0.0262331	39.6325	36.4558	1.08714
6477	0.00607148	0.125029	46.293	-9.13926	2.50295	-0.0262332	39.6304	36.4562	1.08707
6478	0.00607238	0.12503	46.2943	-9.14009	2.50055	-0.0262333	39.6285	36.4565	1.08701
6479	0.00607328	0.125031	46.2956	-9.14091	2.49828	-0.0262334	39.6267	36.4569	1.08695
6480	0.00607418	0.125033	46.2968	-9.14173	2.49618	-0.0262335	39.625	36.4572	1.08689
6481	0.00607508	0.125034	46.2981	-9.14254	2.49425	-0.0262335	39.6236	36.4576	1.08684
6482	0.00607598	0.125035	46.2994	-9.14335	2.49251	-0.0262335	39.6223	36.458	1.08679
6483	0.00607688	0.125036	46.3006	-9.14415	2.49094	-0.0262336	39.6212	36.4583	1.08675
6484	0.00607777	0.125038	46.3018	-9.14494	2.48949	-0.0262336	39.6201	36.4587	1.08671
6485	0.00607867	0.125039	46.3031	-9.14572	2.48802	-0.0262335	39.6191	36.459	1.08668
6486	0.00607957	0.12504	46.3043	-9.1465	2.48595	-0.0262335	39.6175	36.4593	1.08662
6487	0.00608047	0.125041	46.3055	-9.14727	2.48316	-0.0262333	39.6151	36.4597	1.08655
6488	0.00608137	0.125042	46.3067	-9.14804	2.48142	-0.0262332	39.6138	36.46	1.0865
6489	0.00608227	0.125043	46.3078	-9.1488	2.48046	-0.026233	39.6133	36.4604	1.08648
6490	0.00608317	0.125044	46.309	-9.14955	2.48011	-0.0262329	39.6134	36.4607	1.08647
6491	0.00608407	0.125046	46.3102	-9.15029	2.48023	-0.0262327	39.6139	36.461	1.08647
6492	0.00608497	0.125047	46.3113	-9.15103	2.48071	-0.0262325	39.6148	36.4613	1.08649
6493	0.00608587	0.125048	46.3125	-9.15176	2.48148	-0.0262324	39.616	36.4617	1.08651
6494	0.00608677	0.125049	46.3136	-9.15248	2.48248	-0.0262322	39.6174	36.462	1.08654
6495	0.00608767	0.12505	46.3147	-9.1532	2.48538	-0.0262322	39.6207	36.4623	1.08662
6496	0.00608856	0.125051	46.3158	-9.1539	2.48921	-0.0262322	39.6249	36.4626	1.08673
6497	0.00608946	0.125052	46.3169	-9.15461	2.49308	-0.0262321	39.6292	36.4629	1.08683
6498	0.00609036	0.125053	46.318	-9.1553	2.49685	-0.026232	39.6333	36.4632	1.08694
6499	0.00609126	0.125054	46.3191	-9.15599	2.50048	-0.0262319	39.6373	36.4635	1.08704
6500	0.00609216	0.125055	46.3201	-9.15666	2.50389	-0.0262319	39.6411	36.4638	1.08714
6501	0.00609306	0.125056	46.3212	-9.15733	2.50704	-0.0262319	39.6446	36.4641	1.08722
6502	0.00609396	0.125057	46.3222	-9.158	2.50987	-0.026232	39.6478	36.4644	1.0873
6503	0.00609486	0.125058	46.3232	-9.15865	2.51235	-0.0262321	39.6507	36.4647	1.08737
6504	0.00609576	0.125059	46.3242	-9.15929	2.51443	-0.0262323	39.6531	36.465	1.08743
6505	0.00609666	0.12506	46.3252	-9.15993	2.5161	-0.0262325	39.6552	36.4653	1.08748
6506	0.00609756	0.125061	46.3262	-9.16056	2.51735	-0.0262328	39.6568	36.4655	1.08751
6507	0.00609846	0.125062	46.3272	-9.16119	2.51815	-0.0262332	39.6579	36.4658	1.08754
6508	0.00609935	0.125063	46.3281	-9.1618	2.51852	-0.0262336	39.6586	36.4661	1.08755
6509	0.00610025	0.125064	46.3291	-9.16241	2.51845	-0.026234	39.6589	36.4664	1.08755
6510	0.00610115	0.125065	46.33	-9.16301	2.51793	-0.0262344	39.6587	36.4666	1.08753
6511	0.00610205	0.125066	46.331	-9.1636	2.51699	-0.0262348	39.6581	36.4669	1.08751
6512	0.00610295	0.125067	46.3319	-9.16419	2.51568	-0.0262351	39.6571	36.4671	1.08748
6513	0.00610385	0.125068	46.3328	-9.16476	2.51405	-0.0262355	39.6558	36.4674	1.08743
6514	0.00610475	0.125068	46.3337	-9.16534	2.51218	-0.0262358	39.6543	36.4677	1.08738
6515	0.00610565	0.125069	46.3345	-9.1659	2.51013	-0.0262361	39.6525	36.4679	1.08733
6516	0.00610655	0.12507	46.3354	-9.16646	2.50794	-0.0262364	39.6507	36.4681	1.08727
6517	0.00610745	0.125071	46.3363	-9.16701	2.50565	-0.0262366	39.6487	36.4684	1.08721
6518	0.00610835	0.125072	46.3371	-9.16755	2.50334	-0.0262368	39.6467	36.4686	1.08714
6519	0.00610925	0.125073	46.338	-9.16809	2.50105	-0.026237	39.6447	36.4689	1.08708
6520	0.00611015	0.125073	46.3388	-9.16862	2.49883	-0.0262371	39.6428	36.4691	1.08702
6521	0.00611105	0.125074	46.3396	-9.16914	2.49672	-0.0262372	39.6409	36.4693	1.08697
6522	0.00611194	0.125075	46.3404	-9.16965	2.49477	-0.0262373	39.6393	36.4696	1.08691
6523	0.00611284	0.125076	46.3412	-9.17016	2.49299	-0.0262373	39.6378	36.4698	1.08687
6524	0.00611374	0.125076	46.342	-9.17067	2.49143	-0.0262374	39.6365	36.47	1.08682
6525	0.00611464	0.125077	46.3428	-9.17116	2.49012	-0.0262374	39.6355	36.4702	1.08679
6526	0.00611554	0.125078	46.3435	-9.17166	2.48907	-0.0262374	39.6347	36.4704	1.08676
6527	0.00611644	0.125079	46.3443	-9.17214	2.48832	-0.0262375	39.6342	36.4707	1.08674
6528	0.00611734	0.125079	46.345	-9.17262	2.48788	-0.0262375	39.6341	36.4709	1.08673
6529	0.00611824	0.12508	46.3458	-9.1731	2.48778	-0.0262375	39.6342	36.4711	1.08673
6530	0.00611914	0.125081	46.3465	-9.17356	2.48802	-0.0262376	39.6347	36.4713	1.08674
6531	0.00612004	0.125082	46.3472	-9.17403	2.48862	-0.0262376	39.6356	36.4715	1.08676
6532	0.00612094	0.125082	46.348	-9.17448	2.48953	-0.0262377	39.6368	36.4717	1.08678
6533	0.00612184	0.125083	46.3487	-9.17494	2.49068	-0.0262377	39.6382	36.4719	1.08681
6534	0.00612273	0.125084	46.3494	-9.17538	2.49201	-0.0262378	39.6397	36.4721	1.08685
6535	0.00612363	0.125084	46.35	-9.17583	2.49345	-0.0262378	39.6414	36.4723	1.08689
6536	0.00612453	0.125085	46.3507	-9.17626	2.49494	-0.0262379	39.6432	36.4725	1.08693
6537	0.00612543	0.125086	46.3514	-9.17669	2.49643	-0.0262379	39.6449	36.4727	1.08698
6538	0.00612633	0.125086	46.3521	-9.17712	2.49786	-0.026238	39.6466	36.4729	1.08702
6539	0.00612723	0.125087	46.3527	-9.17754	2.49921	-0.0262381	39.6482	36.473	1.08705
6540	0.00612813	0.125088	46.3534	-9.17796	2.50043	-0.0262382	39.6496	36.4732	1.08709
6541	0.00612903	0.125088	46.354	-9.17837	2.50149	-0.0262383	39.6509	36.4734	1.08712
6542	0.00612993	0.125089	46.3547	-9.17878	2.50238	-0.0262384	39.652	36.4736	1.08714
6543	0.00613083	0.125089	46.3553	-9.17918	2.50307	-0.0262385	39.6529	36.4738	1.08716
6544	0.00613173	0.12509	46.3559	-9.17958	2.50354	-0.0262387	39.6536	36.4739	1.08718
6545	0.00613263	0.125091	46.3565	-9.17997	2.5038	-0.0262389	39.6541	36.4741	1.08718
6546	0.00613352	0.125091	46.3571	-9.18036	2.50383	-0.026239	39.6544	36.4743	1.08719
6547	0.00613442	0.125092	46.3577	-9.18074	2.50365	-0.0262392	39.6544	36.4745	1.08718
6548	0.00613532	0.125092	46.3583	-9.18112	2.50326	-0.0262394	39.6542	36.4746	1.08717
6549	0.00613622	0.125093	46.3589	-9.18149	2.50267	-0.0262396	39.6538	36.4748	1.08716
6550	0.00613712	0.125093	46.3595	-9.18186	2.5019	-0.0262398	39.6533	36.475	1.08714
6551	0.00613802	0.125094	46.36	-9.18223	2.50097	-0.0262399	39.6525	36.4751	1.08711
6552	0.00613892	0.125095	46.3606	-9.18259	2.4999	-0.0262401	39.6517	36.4753	1.08708
6553	0.00613982	0.125095	46.3612	-9.18295	2.49872	-0.0262403	39.6507	36.4754	1.08705
6554	0.00614072	0.125096	46.3617	-9.1833	2.49745	-0.0262405	39.6496	36.4756	1.08702
6555	0.00614162	0.125096	46.3623	-9.18365	2.49613	-0.0262406	39.6485	36.4757	1.08698
6556	0.00614252	0.125097	46.3628	-9.18399	2.49477	-0.0262407	39.6473	36.4759	1.08695
6557	0.00614342	0.125097	46.3633	-9.18433	2.49341	-0.0262409	39.6462	36.476	1.08691
6558	0.00614432	0.125098	46.3639	-9.18467	2.49206	-0.026241	39.645	36.4762	1.08687
6559	0.00614522	0.125098	46.3644	-9.185	2.49072	-0.0262411	39.6439	36.4763	1.08684
6560	0.00614611	0.125099	46.3649	-9.18533	2.48939	-0.0262411	39.6427	36.4765	1.0868
6561	0.00614701	0.125099	46.3654	-9.18565	2.48799	-0.0262412	39.6415	36.4766	1.08676
6562	0.00614791	0.1251	46.3659	-9.18597	2.48631	-0.0262412	39.64	36.4768	1.08672
6563	0.00614881	0.1251	46.3664	-9.18629	2.48282	-0.0262411	39.6367	36.4769	1.08662
6564	0.00614971	0.125101	46.3669	-9.1866	2.4801	-0.0262409	39.6341	36.4771	1.08655
6565	0.00615061	0.125101	46.3673	-9.18691	2.47828	-0.0262408	39.6325	36.4772	1.0865
6566	0.00615151	0.125102	46.3678	-9.18721	2.47715	-0.0262407	39.6315	36.4773	1.08647
6567	0.00615241	0.125102	46.3683	-9.18751	2.47655	-0.0262405	39.6311	36.4775	1.08645
6568	0.00615331	0.125102	46.3688	-9.1878	2.47638	-0.0262404	39.6311	36.4776	1.08645
6569	0.00615421	0.125103	46.3692	-9.18809	2.47655	-0.0262402	39.6314	36.4777	1.08646
6570	0.00615511	0.125103	46.3697	-9.18838	2.47702	-0.0262401	39.6321	36.4778	1.08647
6571	0.00615601	0.125104	46.3701	-9.18866	2.47775	-0.0262399	39.6329	36.478	1.08649
6572	0.00615691	0.125104	46.3705	-9.18894	2.4792	-0.0262398	39.6345	36.4781	1.08653
6573	0.0061578	0.125105	46.371	-9.18922	2.48271	-0.0262398	39.6382	36.4782	1.08663
6574	0.0061587	0.125105	46.3714	-9.18949	2.4865	-0.0262398	39.6422	36.4783	1.08673
6575	0.0061596	0.125105	46.3718	-9.18975	2.49029	-0.0262397	39.6461	36.4785	1.08684
6576	0.0061605	0.125106	46.3722	-9.19002	2.49399	-0.0262397	39.6499	36.4786	1.08694
6577	0.0061614	0.125106	46.3726	-9.19028	2.49754	-0.0262397	39.6536	36.4787	1.08704
6578	0.0061623	0.125107	46.373	-9.19054	2.50089	-0.0262397	39.6571	36.4788	1.08713
6579	0.0061632	0.125107	46.3734	-9.1908	2.50398	-0.0262398	39.6604	36.4789	1.08721
6580	0.0061641	0.125107	46.3738	-9.19105	2.50676	-0.0262399	39.6633	36.479	1.08729
6581	0.006165	0.125108	46.3742	-9.19131	2.5092	-0.0262401	39.6659	36.4791	1.08736
6582	0.0061659	0.125108	46.3746	-9.19156	2.51127	-0.0262404	39.6681	36.4792	1.08742
6583	0.0061668	0.125109	46.375	-9.19182	2.51293	-0.0262407	39.6699	36.4794	1.08746
6584	0.0061677	0.125109	46.3754	-9.19207	2.51418	-0.026241	39.6713	36.4795	1.0875
6585	0.00616859	0.125109	46.3758	-9.19232	2.515	-0.0262414	39.6722	36.4796	1.08752
6586	0.00616949	0.12511	46.3762	-9.19257	2.51538	-0.0262418	39.6728	36.4797	1.08753
6587	0.00617039	0.12511	46.3766	-9.19281	2.51533	-0.0262422	39.6728	36.4798	1.08753
6588	0.00617129	0.12511	46.377	-9.19306	2.51482	-0.0262426	39.6725	36.4799	1.08752
6589	0.00617219	0.125111	46.3773	-9.19331	2.51392	-0.026243	39.6717	36.48	1.08749
6590	0.00617309	0.125111	46.3777	-9.19355	2.51266	-0.0262433	39.6706	36.4801	1.08746
6591	0.00617399	0.125112	46.3781	-9.19379	2.5111	-0.0262437	39.6692	36.4802	1.08742
6592	0.00617489	0.125112	46.3785	-9.19403	2.50931	-0.026244	39.6675	36.4803	1.08737
6593	0.00617579	0.125112	46.3788	-9.19427	2.50733	-0.0262443	39.6657	36.4804	1.08731
6594	0.00617669	0.125113	46.3792	-9.19451	2.50521	-0.0262445	39.6637	36.4805	1.08726
6595	0.00617759	0.125113	46.3796	-9.19475	2.50301	-0.0262447	39.6616	36.4806	1.0872
6596	0.00617849	0.125113	46.38	-9.19499	2.50077	-0.0262449	39.6595	36.4808	1.08713
6597	0.00617939	0.125114	46.3803	-9.19523	2.49857	-0.0262451	39.6574	36.4809	1.08707
6598	0.00618029	0.125114	46.3807	-9.19547	2.49644	-0.0262452	39.6554	36.481	1.08702
6599	0.00618118	0.125114	46.3811	-9.19571	2.49445	-0.0262454	39.6536	36.4811	1.08696
6600	0.00618208	0.125115	46.3814	-9.19594	2.49261	-0.0262455	39.6519	36.4812	1.08691
6601	0.00618298	0.125115	46.3818	-9.19618	2.49099	-0.0262456	39.6504	36.4813	1.08687
6602	0.00618388	0.125115	46.3822	-9.19642	2.4896	-0.0262457	39.6491	36.4814	1.08683
6603	0.00618478	0.125116	46.3825	-9.19665	2.48849	-0.0262458	39.6481	36.4815	1.0868
6604	0.00618568	0.125116	46.3829	-9.19688	2.48767	-0.0262459	39.6474	36.4816	1.08678
6605	0.00618658	0.125117	46.3833	-9.19711	2.48717	-0.026246	39.6471	36.4817	1.08677
6606	0.00618748	0.125117	46.3836	-9.19733	2.48701	-0.026246	39.647	36.4818	1.08676
6607	0.00618838	0.125117	46.3839	-9.19755	2.48719	-0.0262461	39.6473	36.4819	1.08677
6608	0.00618928	0.125118	46.3843	-9.19776	2.48771	-0.0262462	39.648	36.482	1.08678
6609	0.00619018	0.125118	46.3846	-9.19797	2.48853	-0.0262463	39.6489	36.4821	1.08681
6610	0.00619108	0.125118	46.3849	-9.19817	2.48961	-0.0262464	39.6501	36.4822	1.08684
6611	0.00619198	0.125118	46.3852	-9.19838	2.49088	-0.0262465	39.6515	36.4823	1.08687
6612	0.00619287	0.125119	46.3856	-9.19857	2.49227	-0.0262466	39.653	36.4823	1.08691
6613	0.00619377	0.125119	46.3859	-9.19876	2.49375	-0.0262467	39.6546	36.4824	1.08695
6614	0.00619467	0.125119	46.3861	-9.19895	2.49524	-0.0262469	39.6562	36.4825	1.08699
6615	0.00619557	0.12512	46.3864	-9.19913	2.49671	-0.026247	39.6578	36.4826	1.08703
6616	0.00619647	0.12512	46.3867	-9.19931	2.4981	-0.0262471	39.6593	36.4827	1.08707
6617	0.00619737	0.12512	46.387	-9.19949	2.4994	-0.0262472	39.6607	36.4827	1.08711
6618	0.00619827	0.12512	46.3873	-9.19966	2.50056	-0.0262474	39.6619	36.4828	1.08714
6619	0.00619917	0.125121	46.3875	-9.19982	2.50155	-0.0262475	39.663	36.4829	1.08717
6620	0.00620007	0.125121	46.3878	-9.19998	2.50237	-0.0262477	39.6639	36.483	1.08719
6621	0.00620097	0.125121	46.388	-9.20014	2.50298	-0.0262478	39.6646	36.483	1.08721
6622	0.00620187	0.125121	46.3883	-9.20029	2.50339	-0.026248	39.6651	36.4831	1.08722
6623	0.00620277	0.125122	46.3885	-9.20045	2.50359	-0.0262482	39.6654	36.4832	1.08722
6624	0.00620366	0.125122	46.3887	-9.20059	2.50358	-0.0262484	39.6655	36.4832	1.08722
6625	0.00620456	0.125122	46.3889	-9.20074	2.50337	-0.0262486	39.6653	36.4833	1.08722
6626	0.00620546	0.125122	46.3892	-9.20088	2.50296	-0.0262488	39.665	36.4834	1.08721
6627	0.00620636	0.125123	46.3894	-9.20101	2.50238	-0.026249	39.6645	36.4834	1.08719
6628	0.00620726	0.125123	46.3896	-9.20115	2.50164	-0.0262492	39.6638	36.4835	1.08717
6629	0.00620816	0.125123	46.3898	-9.20128	2.50076	-0.0262494	39.663	36.4836	1.08715
6630	0.00620906	0.125123	46.39	-9.20141	2.49977	-0.0262496	39.6621	36.4836	1.08712
6631	0.00620996	0.125123	46.3902	-9.20153	2.49869	-0.0262498	39.6611	36.4837	1.08709
6632	0.00621086	0.125123	46.3904	-9.20166	2.49754	-0.02625	39.66	36.4837	1.08706
6633	0.00621176	0.125124	46.3906	-9.20178	2.49634	-0.0262501	39.6589	36.4838	1.08703
6634	0.00621266	0.125124	46.3908	-9.20189	2.49514	-0.0262503	39.6578	36.4838	1.087
6635	0.00621356	0.125124	46.3909	-9.20201	2.49393	-0.0262504	39.6566	36.4839	1.08696
6636	0.00621446	0.125124	46.3911	-9.20212	2.49272	-0.0262505	39.6555	36.4839	1.08693
6637	0.00621536	0.125124	46.3913	-9.20223	2.49151	-0.0262506	39.6543	36.484	1.0869
6638	0.00621625	0.125125	46.3915	-9.20234	2.49022	-0.0262507	39.6531	36.484	1.08686
6639	0.00621715	0.125125	46.3916	-9.20245	2.48862	-0.0262507	39.6516	36.4841	1.08682
6640	0.00621805	0.125125	46.3918	-9.20255	2.48521	-0.0262507	39.6482	36.4841	1.08672
6641	0.00621895	0.125125	46.392	-9.20265	2.48253	-0.0262505	39.6456	36.4842	1.08665
6642	0.00621985	0.125125	46.3921	-9.20275	2.48076	-0.0262504	39.6439	36.4842	1.0866
6643	0.00622075	0.125125	46.3923	-9.20285	2.47968	-0.0262503	39.6428	36.4843	1.08657
6644	0.00622165	0.125125	46.3924	-9.20295	2.47912	-0.0262502	39.6423	36.4843	1.08656
6645	0.00622255	0.125126	46.3926	-9.20305	2.47899	-0.02625	39.6423	36.4843	1.08656
6646	0.00622345	0.125126	46.3927	-9.20314	2.47921	-0.0262499	39.6425	36.4844	1.08656
6647	0.00622435	0.125126	46.3929	-9.20323	2.47972	-0.0262498	39.6431	36.4844	1.08658
6648	0.00622525	0.125126	46.393	-9.20333	2.48048	-0.0262496	39.6439	36.4845	1.0866
6649	0.00622615	0.125126	46.3931	-9.20342	2.48147	-0.0262495	39.6449	36.4845	1.08662
6650	0.00622705	0.125126	46.3933	-9.20351	2.48473	-0.0262495	39.6483	36.4845	1.08671
6651	0.00622794	0.125126	46.3934	-9.2036	2.48859	-0.0262495	39.6522	36.4846	1.08682
6652	0.00622884	0.125127	46.3936	-9.20369	2.49248	-0.0262495	39.6561	36.4846	1.08693
6653	0.00622974	0.125127	46.3937	-9.20378	2.49627	-0.0262495	39.66	36.4847	1.08703
6654	0.00623064	0.125127	46.3939	-9.20387	2.49993	-0.0262495	39.6637	36.4847	1.08713
6655	0.00623154	0.125127	46.394	-9.20396	2.50338	-0.0262495	39.6672	36.4847	1.08723
6656	0.00623244	0.125127	46.3941	-9.20405	2.50658	-0.0262496	39.6704	36.4848	1.08731
6657	0.00623334	0.125127	46.3943	-9.20414	2.50949	-0.0262497	39.6734	36.4848	1.08739
6658	0.00623424	0.125127	46.3944	-9.20423	2.51205	-0.0262499	39.676	36.4849	1.08746
6659	0.00623514	0.125128	46.3946	-9.20432	2.51423	-0.0262502	39.6782	36.4849	1.08752
6660	0.00623604	0.125128	46.3947	-9.20441	2.51602	-0.0262505	39.6801	36.4849	1.08757
6661	0.00623694	0.125128	46.3948	-9.20451	2.51739	-0.0262508	39.6815	36.485	1.08761
6662	0.00623784	0.125128	46.395	-9.2046	2.51833	-0.0262512	39.6825	36.485	1.08764
6663	0.00623873	0.125128	46.3951	-9.2047	2.51883	-0.0262516	39.683	36.4851	1.08765
6664	0.00623963	0.125128	46.3953	-9.20479	2.5189	-0.026252	39.6831	36.4851	1.08765
6665	0.00624053	0.125128	46.3954	-9.20489	2.51851	-0.0262524	39.6828	36.4851	1.08764
6666	0.00624143	0.125129	46.3956	-9.20499	2.5177	-0.0262527	39.682	36.4852	1.08762
6667	0.00624233	0.125129	46.3957	-9.20509	2.51652	-0.0262531	39.6809	36.4852	1.08759
6668	0.00624323	0.125129	46.3959	-9.20519	2.51503	-0.0262534	39.6795	36.4853	1.08755
6669	0.00624413	0.125129	46.3961	-9.2053	2.51329	-0.0262537	39.6778	36.4853	1.0875
6670	0.00624503	0.125129	46.3962	-9.2054	2.51134	-0.026254	39.6759	36.4854	1.08745
6671	0.00624593	0.125129	46.3964	-9.20551	2.50924	-0.0262543	39.6739	36.4854	1.08739
6672	0.00624683	0.125129	46.3966	-9.20562	2.50703	-0.0262545	39.6717	36.4855	1.08733
6673	0.00624773	0.12513	46.3967	-9.20573	2.50477	-0.0262547	39.6695	36.4855	1.08727
6674	0.00624863	0.12513	46.3969	-9.20585	2.50252	-0.0262548	39.6673	36.4856	1.08721
6675	0.00624953	0.12513	46.3971	-9.20597	2.50032	-0.0262549	39.6652	36.4856	1.08715
6676	0.00625043	0.12513	46.3973	-9.20609	2.49822	-0.0262551	39.6632	36.4857	1.08709
6677	0.00625132	0.12513	46.3975	-9.20622	2.49625	-0.0262551	39.6613	36.4857	1.08704
6678	0.00625222	0.12513	46.3977	-9.20635	2.49445	-0.0262552	39.6595	36.4858	1.08699
6679	0.00625312	0.125131	46.3979	-9.20647	2.49285	-0.0262553	39.658	36.4858	1.08694
6680	0.00625402	0.125131	46.3981	-9.20661	2.49146	-0.0262554	39.6567	36.4859	1.0869
6681	0.00625492	0.125131	46.3983	-9.20674	2.49031	-0.0262554	39.6556	36.4859	1.08687
6682	0.00625582	0.125131	46.3985	-9.20688	2.48941	-0.0262555	39.6548	36.486	1.08685
6683	0.00625672	0.125131	46.3987	-9.20703	2.4888	-0.0262555	39.6542	36.486	1.08683
6684	0.00625762	0.125132	46.3989	-9.20717	2.48853	-0.0262556	39.654	36.4861	1.08683
6685	0.00625852	0.125132	46.3992	-9.20732	2.48865	-0.0262556	39.6542	36.4862	1.08683
6686	0.00625942	0.125132	46.3994	-9.20748	2.48921	-0.0262557	39.6549	36.4862	1.08685
6687	0.00626032	0.125132	46.3997	-9.20763	2.4902	-0.0262557	39.656	36.4863	1.08687
6688	0.00626122	0.125133	46.3999	-9.2078	2.49156	-0.0262558	39.6574	36.4864	1.08691
6689	0.00626212	0.125133	46.4002	-9.20796	2.49319	-0.0262559	39.6591	36.4864	1.08696
6690	0.00626301	0.125133	46.4004	-9.20813	2.49501	-0.0262559	39.661	36.4865	1.08701
6691	0.00626391	0.125133	46.4007	-9.20831	2.49691	-0.026256	39.663	36.4866	1.08706
6692	0.00626481	0.125134	46.401	-9.20848	2.49883	-0.026256	39.6651	36.4867	1.08711
6693	0.00626571	0.125134	46.4012	-9.20867	2.50071	-0.0262561	39.667	36.4867	1.08716
6694	0.00626661	0.125134	46.4015	-9.20885	2.5025	-0.0262562	39.6689	36.4868	1.08721
6695	0.00626751	0.125134	46.4018	-9.20904	2.50416	-0.0262562	39.6707	36.4869	1.08726
6696	0.00626841	0.125135	46.4021	-9.20924	2.50564	-0.0262564	39.6723	36.487	1.0873
6697	0.00626931	0.125135	46.4024	-9.20943	2.50692	-0.0262565	39.6737	36.4871	1.08733
6698	0.00627021	0.125135	46.4027	-9.20963	2.50797	-0.0262566	39.6748	36.4872	1.08736
6699	0.00627111	0.125136	46.4031	-9.20984	2.50878	-0.0262568	39.6757	36.4872	1.08739
6700	0.00627201	0.125136	46.4034	-9.21005	2.50933	-0.026257	39.6764	36.4873	1.0874
6701	0.00627291	0.125136	46.4037	-9.21026	2.50962	-0.0262572	39.6768	36.4874	1.08741
6702	0.0062738	0.125136	46.404	-9.21048	2.50965	-0.0262574	39.6769	36.4875	1.08741
6703	0.0062747	0.125137	46.4044	-9.2107	2.50942	-0.0262576	39.6768	36.4876	1.08741
6704	0.0062756	0.125137	46.4047	-9.21092	2.50895	-0.0262578	39.6765	36.4877	1.08739
6705	0.0062765	0.125137	46.4051	-9.21115	2.50826	-0.0262581	39.6759	36.4878	1.08738
6706	0.0062774	0.125138	46.4054	-9.21139	2.50736	-0.0262583	39.6752	36.4879	1.08735
6707	0.0062783	0.125138	46.4058	-9.21162	2.50628	-0.0262585	39.6742	36.488	1.08732
6708	0.0062792	0.125139	46.4062	-9.21186	2.50503	-0.0262587	39.6731	36.4881	1.08729
6709	0.0062801	0.125139	46.4066	-9.21211	2.50366	-0.0262589	39.6719	36.4882	1.08725
6710	0.006281	0.125139	46.4069	-9.21235	2.50219	-0.026259	39.6705	36.4883	1.08721
6711	0.0062819	0.12514	46.4073	-9.21261	2.50063	-0.0262592	39.6691	36.4884	1.08717
6712	0.0062828	0.12514	46.4077	-9.21286	2.499	-0.0262593	39.6676	36.4885	1.08713
6713	0.0062837	0.12514	46.4081	-9.21312	2.49726	-0.0262594	39.666	36.4886	1.08708
6714	0.0062846	0.125141	46.4085	-9.21338	2.49526	-0.0262595	39.6641	36.4888	1.08702
6715	0.0062855	0.125141	46.4089	-9.21365	2.49232	-0.0262595	39.6614	36.4889	1.08694
6716	0.00628639	0.125142	46.4094	-9.21392	2.48829	-0.0262593	39.6575	36.489	1.08683
6717	0.00628729	0.125142	46.4098	-9.21419	2.4854	-0.0262592	39.6547	36.4891	1.08676
6718	0.00628819	0.125142	46.4102	-9.21447	2.4834	-0.0262591	39.6529	36.4892	1.0867
6719	0.00628909	0.125143	46.4106	-9.21474	2.4821	-0.0262589	39.6517	36.4893	1.08667
6720	0.00628999	0.125143	46.4111	-9.21503	2.48135	-0.0262587	39.6511	36.4895	1.08665
6721	0.00629089	0.125144	46.4115	-9.21531	2.48107	-0.0262586	39.651	36.4896	1.08664
6722	0.00629179	0.125144	46.4119	-9.2156	2.48118	-0.0262584	39.6513	36.4897	1.08664
6723	0.00629269	0.125144	46.4124	-9.21589	2.48165	-0.0262582	39.6519	36.4898	1.08666
6724	0.00629359	0.125145	46.4129	-9.21618	2.48244	-0.0262581	39.6528	36.49	1.08668
6725	0.00629449	0.125145	46.4133	-9.21647	2.48349	-0.026258	39.6541	36.4901	1.08671
6726	0.00629539	0.125146	46.4138	-9.21677	2.48682	-0.026258	39.6576	36.4902	1.0868
6727	0.00629629	0.125146	46.4142	-9.21707	2.49085	-0.026258	39.6618	36.4903	1.08691
6728	0.00629719	0.125147	46.4147	-9.21736	2.49493	-0.0262579	39.666	36.4905	1.08702
6729	0.00629808	0.125147	46.4151	-9.21766	2.49895	-0.0262579	39.6702	36.4906	1.08713
6730	0.00629898	0.125148	46.4156	-9.21796	2.50285	-0.0262579	39.6742	36.4907	1.08724
6731	0.00629988	0.125148	46.4161	-9.21826	2.50655	-0.0262579	39.6781	36.4909	1.08734
6732	0.00630078	0.125148	46.4165	-9.21856	2.51	-0.026258	39.6817	36.491	1.08744
6733	0.00630168	0.125149	46.417	-9.21886	2.51314	-0.0262582	39.685	36.4911	1.08753
6734	0.00630258	0.125149	46.4175	-9.21916	2.51594	-0.0262583	39.688	36.4912	1.0876
6735	0.00630348	0.12515	46.4179	-9.21946	2.51834	-0.0262586	39.6906	36.4914	1.08767
6736	0.00630438	0.12515	46.4184	-9.21976	2.52032	-0.0262589	39.6927	36.4915	1.08772
6737	0.00630528	0.125151	46.4189	-9.22005	2.52186	-0.0262592	39.6944	36.4916	1.08777
6738	0.00630618	0.125151	46.4193	-9.22035	2.52295	-0.0262596	39.6957	36.4918	1.0878
6739	0.00630708	0.125152	46.4198	-9.22065	2.52357	-0.02626	39.6964	36.4919	1.08782
6740	0.00630798	0.125152	46.4203	-9.22095	2.52372	-0.0262603	39.6968	36.492	1.08782
6741	0.00630888	0.125152	46.4207	-9.22125	2.52339	-0.0262607	39.6966	36.4922	1.08781
6742	0.00630977	0.125153	46.4212	-9.22155	2.52261	-0.0262611	39.696	36.4923	1.08779
6743	0.00631067	0.125153	46.4216	-9.22185	2.52144	-0.0262614	39.695	36.4924	1.08776
6744	0.00631157	0.125154	46.4221	-9.22215	2.51993	-0.0262618	39.6936	36.4925	1.08772
6745	0.00631247	0.125154	46.4226	-9.22245	2.51814	-0.0262621	39.692	36.4927	1.08767
6746	0.00631337	0.125155	46.423	-9.22275	2.51614	-0.0262624	39.6902	36.4928	1.08762
6747	0.00631427	0.125155	46.4235	-9.22305	2.51395	-0.0262626	39.6882	36.4929	1.08756
6748	0.00631517	0.125156	46.424	-9.22335	2.51165	-0.0262628	39.686	36.4931	1.08749
6749	0.00631607	0.125156	46.4244	-9.22365	2.50927	-0.026263	39.6838	36.4932	1.08743
6750	0.00631697	0.125156	46.4249	-9.22396	2.50688	-0.0262632	39.6816	36.4933	1.08737
6751	0.00631787	0.125157	46.4254	-9.22426	2.50451	-0.0262633	39.6794	36.4935	1.0873
6752	0.00631877	0.125157	46.4259	-9.22456	2.50219	-0.0262634	39.6772	36.4936	1.08724
6753	0.00631967	0.125158	46.4263	-9.22486	2.49993	-0.0262635	39.6751	36.4937	1.08718
6754	0.00632057	0.125158	46.4268	-9.22517	2.49768	-0.0262635	39.673	36.4938	1.08712
6755	0.00632147	0.125159	46.4273	-9.22547	2.49528	-0.0262636	39.6708	36.494	1.08705
6756	0.00632236	0.125159	46.4277	-9.22578	2.49176	-0.0262635	39.6675	36.4941	1.08696
6757	0.00632326	0.12516	46.4282	-9.22609	2.48794	-0.0262634	39.6638	36.4942	1.08685
6758	0.00632416	0.12516	46.4287	-9.2264	2.48532	-0.0262633	39.6614	36.4944	1.08678
6759	0.00632506	0.125161	46.4292	-9.22672	2.48362	-0.0262632	39.6598	36.4945	1.08673
6760	0.00632596	0.125161	46.4297	-9.22703	2.48266	-0.026263	39.659	36.4947	1.08671
6761	0.00632686	0.125161	46.4302	-9.22735	2.48229	-0.0262629	39.6589	36.4948	1.0867
6762	0.00632776	0.125162	46.4307	-9.22767	2.48243	-0.0262627	39.6592	36.4949	1.0867
6763	0.00632866	0.125162	46.4312	-9.228	2.483	-0.0262626	39.6599	36.4951	1.08672
6764	0.00632956	0.125163	46.4317	-9.22833	2.48394	-0.0262625	39.661	36.4952	1.08675
6765	0.00633046	0.125163	46.4322	-9.22866	2.48519	-0.0262624	39.6625	36.4954	1.08678
6766	0.00633136	0.125164	46.4327	-9.22899	2.48872	-0.0262624	39.6662	36.4955	1.08688
6767	0.00633226	0.125164	46.4332	-9.22933	2.49301	-0.0262624	39.6707	36.4956	1.087
6768	0.00633316	0.125165	46.4338	-9.22967	2.49737	-0.0262624	39.6752	36.4958	1.08712
6769	0.00633405	0.125165	46.4343	-9.23002	2.50167	-0.0262623	39.6797	36.4959	1.08724
6770	0.00633495	0.125166	46.4349	-9.23037	2.50584	-0.0262623	39.6841	36.4961	1.08735
6771	0.00633585	0.125166	46.4354	-9.23072	2.50981	-0.0262623	39.6882	36.4962	1.08746
6772	0.00633675	0.125167	46.436	-9.23108	2.51351	-0.0262624	39.6921	36.4964	1.08756
6773	0.00633765	0.125167	46.4365	-9.23144	2.51689	-0.0262625	39.6957	36.4965	1.08766
6774	0.00633855	0.125168	46.4371	-9.23181	2.51988	-0.0262627	39.6989	36.4967	1.08774
6775	0.00633945	0.125169	46.4376	-9.23218	2.52246	-0.0262629	39.7017	36.4969	1.08781
6776	0.00634035	0.125169	46.4382	-9.23255	2.52458	-0.0262632	39.704	36.497	1.08787
6777	0.00634125	0.12517	46.4388	-9.23293	2.52622	-0.0262636	39.7058	36.4972	1.08792
6778	0.00634215	0.12517	46.4394	-9.23331	2.52738	-0.0262639	39.7072	36.4974	1.08795
6779	0.00634305	0.125171	46.44	-9.23369	2.52806	-0.0262643	39.7081	36.4975	1.08797
6780	0.00634395	0.125171	46.4406	-9.23408	2.52823	-0.0262648	39.7085	36.4977	1.08797
6781	0.00634484	0.125172	46.4412	-9.23448	2.52791	-0.0262652	39.7084	36.4979	1.08796
6782	0.00634574	0.125173	46.4418	-9.23488	2.52712	-0.0262656	39.7078	36.498	1.08794
6783	0.00634664	0.125173	46.4424	-9.23528	2.52591	-0.026266	39.7068	36.4982	1.08791
6784	0.00634754	0.125174	46.4431	-9.23568	2.52435	-0.0262664	39.7055	36.4984	1.08787
6785	0.00634844	0.125174	46.4437	-9.23609	2.52251	-0.0262668	39.7039	36.4985	1.08782
6786	0.00634934	0.125175	46.4443	-9.23651	2.52045	-0.0262671	39.702	36.4987	1.08776
6787	0.00635024	0.125176	46.445	-9.23693	2.51821	-0.0262674	39.7	36.4989	1.0877
6788	0.00635114	0.125176	46.4457	-9.23735	2.51586	-0.0262677	39.6979	36.4991	1.08764
6789	0.00635204	0.125177	46.4463	-9.23778	2.51345	-0.0262679	39.6957	36.4993	1.08758
6790	0.00635294	0.125177	46.447	-9.23821	2.51103	-0.0262681	39.6935	36.4995	1.08751
6791	0.00635384	0.125178	46.4477	-9.23865	2.50864	-0.0262683	39.6914	36.4996	1.08745
6792	0.00635474	0.125179	46.4483	-9.23909	2.50632	-0.0262684	39.6893	36.4998	1.08738
6793	0.00635564	0.125179	46.449	-9.23954	2.50404	-0.0262685	39.6873	36.5	1.08732
6794	0.00635654	0.12518	46.4497	-9.23999	2.50174	-0.0262685	39.6852	36.5002	1.08726
6795	0.00635744	0.125181	46.4504	-9.24045	2.49912	-0.0262686	39.6828	36.5004	1.08719
6796	0.00635833	0.125181	46.4512	-9.24092	2.49445	-0.0262684	39.6784	36.5006	1.08706
6797	0.00635923	0.125182	46.4519	-9.24138	2.49117	-0.0262683	39.6754	36.5008	1.08697
6798	0.00636013	0.125183	46.4526	-9.24186	2.48895	-0.0262682	39.6734	36.501	1.08691
6799	0.00636103	0.125184	46.4534	-9.24234	2.48757	-0.0262681	39.6723	36.5012	1.08688
6800	0.00636193	0.125184	46.4541	-9.24282	2.48687	-0.0262679	39.6719	36.5014	1.08686
6801	0.00636283	0.125185	46.4549	-9.24331	2.48671	-0.0262678	39.672	36.5017	1.08685
6802	0.00636373	0.125186	46.4556	-9.24381	2.48702	-0.0262676	39.6726	36.5019	1.08686
6803	0.00636463	0.125186	46.4564	-9.24431	2.48773	-0.0262675	39.6736	36.5021	1.08689
6804	0.00636553	0.125187	46.4572	-9.24482	2.48879	-0.0262673	39.6749	36.5023	1.08692
6805	0.00636643	0.125188	46.458	-9.24533	2.49015	-0.0262672	39.6765	36.5025	1.08695
6806	0.00636733	0.125189	46.4588	-9.24584	2.49398	-0.0262672	39.6807	36.5027	1.08706
6807	0.00636823	0.125189	46.4596	-9.24637	2.49835	-0.0262673	39.6853	36.503	1.08718
6808	0.00636913	0.12519	46.4604	-9.24689	2.50275	-0.0262672	39.69	36.5032	1.0873
6809	0.00637002	0.125191	46.4612	-9.24743	2.50707	-0.0262672	39.6946	36.5034	1.08742
6810	0.00637092	0.125192	46.4621	-9.24796	2.51123	-0.0262672	39.6991	36.5037	1.08754
6811	0.00637182	0.125193	46.4629	-9.24851	2.51517	-0.0262672	39.7033	36.5039	1.08765
6812	0.00637272	0.125193	46.4638	-9.24906	2.51883	-0.0262673	39.7073	36.5041	1.08775
6813	0.00637362	0.125194	46.4646	-9.24961	2.52215	-0.0262674	39.7109	36.5044	1.08784
6814	0.00637452	0.125195	46.4655	-9.25017	2.52506	-0.0262676	39.7141	36.5046	1.08792
6815	0.00637542	0.125196	46.4664	-9.25074	2.52755	-0.0262679	39.7169	36.5048	1.08799
6816	0.00637632	0.125197	46.4673	-9.25131	2.52956	-0.0262682	39.7192	36.5051	1.08805
6817	0.00637722	0.125198	46.4681	-9.25189	2.53109	-0.0262685	39.7211	36.5053	1.08809
6818	0.00637812	0.125199	46.469	-9.25247	2.53213	-0.0262689	39.7224	36.5056	1.08812
6819	0.00637902	0.125199	46.47	-9.25306	2.53268	-0.0262694	39.7233	36.5058	1.08814
6820	0.00637992	0.1252	46.4709	-9.25365	2.53271	-0.0262698	39.7237	36.5061	1.08814
6821	0.00638081	0.125201	46.4718	-9.25425	2.53223	-0.0262702	39.7235	36.5064	1.08813
6822	0.00638171	0.125202	46.4727	-9.25485	2.53129	-0.0262706	39.7229	36.5066	1.0881
6823	0.00638261	0.125203	46.4737	-9.25545	2.52994	-0.026271	39.7219	36.5069	1.08807
6824	0.00638351	0.125204	46.4746	-9.25606	2.52825	-0.0262714	39.7205	36.5071	1.08802
6825	0.00638441	0.125205	46.4756	-9.25668	2.52628	-0.0262718	39.7189	36.5074	1.08797
6826	0.00638531	0.125206	46.4765	-9.2573	2.5241	-0.0262721	39.7171	36.5077	1.08791
6827	0.00638621	0.125207	46.4775	-9.25792	2.52175	-0.0262724	39.7151	36.5079	1.08785
6828	0.00638711	0.125208	46.4785	-9.25855	2.51929	-0.0262726	39.7129	36.5082	1.08778
6829	0.00638801	0.125208	46.4794	-9.25918	2.51678	-0.0262729	39.7108	36.5085	1.08771
6830	0.00638891	0.125209	46.4804	-9.25982	2.51426	-0.026273	39.7086	36.5088	1.08765
6831	0.00638981	0.12521	46.4814	-9.26046	2.51176	-0.0262732	39.7065	36.509	1.08758
6832	0.00639071	0.125211	46.4824	-9.26111	2.50929	-0.0262733	39.7043	36.5093	1.08751
6833	0.00639161	0.125212	46.4834	-9.26176	2.50679	-0.0262734	39.7022	36.5096	1.08745
6834	0.00639251	0.125213	46.4845	-9.26241	2.50404	-0.0262734	39.6998	36.5099	1.08737
6835	0.00639341	0.125214	46.4855	-9.26307	2.49938	-0.0262734	39.6955	36.5102	1.08725
6836	0.0063943	0.125215	46.4865	-9.26374	2.49557	-0.0262732	39.6921	36.5105	1.08714
6837	0.0063952	0.125216	46.4875	-9.2644	2.49292	-0.0262731	39.6898	36.5107	1.08707
6838	0.0063961	0.125217	46.4886	-9.26508	2.49117	-0.026273	39.6884	36.511	1.08702
6839	0.006397	0.125218	46.4896	-9.26575	2.49016	-0.0262728	39.6878	36.5113	1.087
6840	0.0063979	0.125219	46.4907	-9.26643	2.48974	-0.0262727	39.6877	36.5116	1.08699
6841	0.0063988	0.12522	46.4917	-9.26712	2.48983	-0.0262725	39.6882	36.5119	1.08699
6842	0.0063997	0.125221	46.4928	-9.26781	2.49036	-0.0262724	39.6891	36.5122	1.08701
6843	0.0064006	0.125222	46.4939	-9.2685	2.49128	-0.0262722	39.6904	36.5125	1.08704
6844	0.0064015	0.125223	46.495	-9.2692	2.49254	-0.0262721	39.692	36.5128	1.08707
6845	0.0064024	0.125224	46.496	-9.26989	2.49602	-0.0262721	39.6959	36.5131	1.08717
6846	0.0064033	0.125225	46.4971	-9.2706	2.50034	-0.0262721	39.7006	36.5134	1.08729
6847	0.0064042	0.125226	46.4982	-9.2713	2.50475	-0.0262721	39.7054	36.5137	1.08741
6848	0.0064051	0.125227	46.4993	-9.27201	2.50912	-0.0262721	39.7102	36.514	1.08753
6849	0.00640599	0.125229	46.5004	-9.27272	2.51335	-0.0262721	39.7148	36.5143	1.08765
6850	0.00640689	0.12523	46.5015	-9.27344	2.51739	-0.0262721	39.7192	36.5147	1.08776
6851	0.00640779	0.125231	46.5027	-9.27416	2.52117	-0.0262721	39.7234	36.515	1.08787
6852	0.00640869	0.125232	46.5038	-9.27488	2.52461	-0.0262723	39.7272	36.5153	1.08796
6853	0.00640959	0.125233	46.5049	-9.2756	2.52767	-0.0262724	39.7307	36.5156	1.08805
6854	0.00641049	0.125234	46.506	-9.27633	2.5303	-0.0262727	39.7337	36.5159	1.08812
6855	0.00641139	0.125235	46.5072	-9.27706	2.53246	-0.026273	39.7363	36.5162	1.08818
6856	0.00641229	0.125236	46.5083	-9.27779	2.53414	-0.0262733	39.7384	36.5165	1.08823
6857	0.00641319	0.125237	46.5094	-9.27853	2.53532	-0.0262737	39.74	36.5169	1.08826
6858	0.00641409	0.125238	46.5106	-9.27926	2.536	-0.0262741	39.741	36.5172	1.08828
6859	0.00641499	0.125239	46.5117	-9.28	2.53616	-0.0262745	39.7416	36.5175	1.08829
6860	0.00641589	0.12524	46.5129	-9.28074	2.5358	-0.0262749	39.7417	36.5178	1.08828
6861	0.00641678	0.125242	46.514	-9.28148	2.53496	-0.0262753	39.7412	36.5181	1.08826
6862	0.00641768	0.125243	46.5152	-9.28223	2.53369	-0.0262757	39.7404	36.5185	1.08823
6863	0.00641858	0.125244	46.5163	-9.28297	2.53204	-0.0262761	39.7391	36.5188	1.08818
6864	0.00641948	0.125245	46.5175	-9.28372	2.5301	-0.0262764	39.7376	36.5191	1.08813
6865	0.00642038	0.125246	46.5186	-9.28446	2.52794	-0.0262768	39.7358	36.5194	1.08807
6866	0.00642128	0.125247	46.5198	-9.28521	2.52559	-0.0262771	39.7339	36.5197	1.08801
6867	0.00642218	0.125248	46.521	-9.28596	2.5231	-0.0262773	39.7318	36.5201	1.08794
6868	0.00642308	0.125249	46.5221	-9.28671	2.52054	-0.0262775	39.7297	36.5204	1.08788
6869	0.00642398	0.12525	46.5233	-9.28746	2.51794	-0.0262777	39.7275	36.5207	1.08781
6870	0.00642488	0.125252	46.5245	-9.28821	2.51535	-0.0262779	39.7253	36.521	1.08774
6871	0.00642578	0.125253	46.5256	-9.28897	2.51275	-0.026278	39.7231	36.5214	1.08767
6872	0.00642668	0.125254	46.5268	-9.28973	2.51006	-0.0262781	39.7209	36.5217	1.0876
6873	0.00642758	0.125255	46.528	-9.29048	2.5069	-0.0262781	39.7181	36.522	1.08751
6874	0.00642848	0.125256	46.5292	-9.29124	2.50184	-0.026278	39.7135	36.5224	1.08737
6875	0.00642938	0.125257	46.5303	-9.29199	2.49819	-0.0262778	39.7102	36.5227	1.08728
6876	0.00643027	0.125258	46.5315	-9.29275	2.49564	-0.0262777	39.7081	36.523	1.08721
6877	0.00643117	0.125259	46.5327	-9.2935	2.49396	-0.0262776	39.7068	36.5233	1.08716
6878	0.00643207	0.12526	46.5338	-9.29426	2.49297	-0.0262774	39.7063	36.5237	1.08714
6879	0.00643297	0.125262	46.535	-9.29501	2.49258	-0.0262772	39.7063	36.524	1.08713
6880	0.00643387	0.125263	46.5362	-9.29577	2.49269	-0.0262771	39.7068	36.5243	1.08713
6881	0.00643477	0.125264	46.5374	-9.29652	2.49324	-0.0262769	39.7078	36.5247	1.08715
6882	0.00643567	0.125265	46.5385	-9.29728	2.49418	-0.0262768	39.7092	36.525	1.08718
6883	0.00643657	0.125266	46.5397	-9.29803	2.49546	-0.0262766	39.7109	36.5253	1.08721
6884	0.00643747	0.125267	46.5409	-9.29879	2.4991	-0.0262766	39.7149	36.5256	1.08732
6885	0.00643837	0.125268	46.5421	-9.29956	2.50345	-0.0262766	39.7197	36.526	1.08744
6886	0.00643927	0.125269	46.5432	-9.30032	2.50786	-0.0262766	39.7245	36.5263	1.08756
6887	0.00644017	0.125271	46.5444	-9.30108	2.51222	-0.0262766	39.7293	36.5266	1.08768
6888	0.00644107	0.125272	46.5456	-9.30184	2.51645	-0.0262766	39.7339	36.527	1.0878
6889	0.00644196	0.125273	46.5468	-9.30261	2.52048	-0.0262766	39.7384	36.5273	1.08791
6890	0.00644286	0.125274	46.548	-9.30337	2.52423	-0.0262766	39.7426	36.5276	1.08801
6891	0.00644376	0.125275	46.5492	-9.30414	2.52764	-0.0262768	39.7464	36.5279	1.08811
6892	0.00644466	0.125276	46.5504	-9.3049	2.53065	-0.0262769	39.7498	36.5283	1.08819
6893	0.00644556	0.125277	46.5516	-9.30567	2.53323	-0.0262772	39.7528	36.5286	1.08827
6894	0.00644646	0.125279	46.5527	-9.30644	2.53533	-0.0262774	39.7554	36.5289	1.08833
6895	0.00644736	0.12528	46.5539	-9.3072	2.53694	-0.0262778	39.7574	36.5293	1.08837
6896	0.00644826	0.125281	46.5551	-9.30797	2.53805	-0.0262781	39.7589	36.5296	1.0884
6897	0.00644916	0.125282	46.5563	-9.30874	2.53864	-0.0262785	39.7599	36.5299	1.08842
6898	0.00645006	0.125283	46.5575	-9.30951	2.5387	-0.0262789	39.7604	36.5303	1.08842
6899	0.00645096	0.125284	46.5587	-9.31028	2.53823	-0.0262793	39.7604	36.5306	1.08841
6900	0.00645186	0.125285	46.5599	-9.31105	2.53727	-0.0262797	39.7598	36.5309	1.08839
6901	0.00645275	0.125287	46.5611	-9.31182	2.53588	-0.0262801	39.7589	36.5313	1.08835
6902	0.00645365	0.125288	46.5623	-9.31259	2.53412	-0.0262805	39.7575	36.5316	1.08831
6903	0.00645455	0.125289	46.5635	-9.31336	2.53207	-0.0262808	39.7559	36.5319	1.08825
6904	0.00645545	0.12529	46.5647	-9.31414	2.52978	-0.0262811	39.7541	36.5323	1.08819
6905	0.00645635	0.125291	46.5659	-9.31491	2.52731	-0.0262814	39.752	36.5326	1.08812
6906	0.00645725	0.125292	46.5671	-9.31568	2.5247	-0.0262816	39.7498	36.5329	1.08805
6907	0.00645815	0.125293	46.5683	-9.31646	2.52202	-0.0262818	39.7476	36.5333	1.08798
6908	0.00645905	0.125295	46.5695	-9.31723	2.51929	-0.026282	39.7453	36.5336	1.08791
6909	0.00645995	0.125296	46.5707	-9.318	2.51657	-0.0262822	39.743	36.5339	1.08784
6910	0.00646085	0.125297	46.5719	-9.31878	2.51382	-0.0262823	39.7406	36.5343	1.08776
6911	0.00646175	0.125298	46.5731	-9.31955	2.51093	-0.0262823	39.7382	36.5346	1.08769
6912	0.00646265	0.125299	46.5743	-9.32032	2.50734	-0.0262823	39.735	36.535	1.08759
6913	0.00646355	0.1253	46.5755	-9.3211	2.50235	-0.0262822	39.7305	36.5353	1.08745
6914	0.00646445	0.125301	46.5767	-9.32187	2.49872	-0.026282	39.7273	36.5356	1.08736
6915	0.00646534	0.125303	46.5779	-9.32264	2.49616	-0.0262819	39.7251	36.536	1.08729
6916	0.00646624	0.125304	46.5791	-9.32342	2.49444	-0.0262817	39.7238	36.5363	1.08724
6917	0.00646714	0.125305	46.5803	-9.32419	2.49341	-0.0262816	39.7232	36.5366	1.08722
6918	0.00646804	0.125306	46.5815	-9.32497	2.49296	-0.0262814	39.7232	36.537	1.08721
6919	0.00646894	0.125307	46.5827	-9.32574	2.49301	-0.0262812	39.7237	36.5373	1.08721
6920	0.00646984	0.125308	46.5839	-9.32651	2.49349	-0.0262811	39.7246	36.5376	1.08722
6921	0.00647074	0.12531	46.5851	-9.32728	2.49436	-0.0262809	39.7259	36.538	1.08725
6922	0.00647164	0.125311	46.5863	-9.32806	2.49556	-0.0262808	39.7275	36.5383	1.08728
6923	0.00647254	0.125312	46.5875	-9.32883	2.4992	-0.0262808	39.7316	36.5386	1.08739
6924	0.00647344	0.125313	46.5887	-9.3296	2.50346	-0.0262808	39.7363	36.539	1.0875
6925	0.00647434	0.125314	46.5899	-9.33037	2.50776	-0.0262807	39.741	36.5393	1.08762
6926	0.00647524	0.125315	46.5911	-9.33114	2.512	-0.0262807	39.7457	36.5396	1.08774
6927	0.00647614	0.125316	46.5923	-9.33191	2.51611	-0.0262807	39.7502	36.54	1.08785
6928	0.00647703	0.125318	46.5935	-9.33268	2.52	-0.0262807	39.7545	36.5403	1.08796
6929	0.00647793	0.125319	46.5946	-9.33345	2.52362	-0.0262807	39.7585	36.5406	1.08806
6930	0.00647883	0.12532	46.5958	-9.33422	2.52689	-0.0262808	39.7622	36.541	1.08816
6931	0.00647973	0.125321	46.597	-9.33498	2.52976	-0.026281	39.7655	36.5413	1.08824
6932	0.00648063	0.125322	46.5982	-9.33575	2.53219	-0.0262812	39.7684	36.5416	1.0883
6933	0.00648153	0.125323	46.5994	-9.33652	2.53415	-0.0262815	39.7708	36.542	1.08836
6934	0.00648243	0.125324	46.6006	-9.33728	2.53561	-0.0262818	39.7726	36.5423	1.0884
6935	0.00648333	0.125325	46.6018	-9.33805	2.53656	-0.0262822	39.774	36.5426	1.08843
6936	0.00648423	0.125327	46.603	-9.33881	2.53701	-0.0262825	39.7749	36.5429	1.08844
6937	0.00648513	0.125328	46.6042	-9.33958	2.53691	-0.0262829	39.7752	36.5433	1.08844
6938	0.00648603	0.125329	46.6053	-9.34034	2.53628	-0.0262833	39.775	36.5436	1.08843
6939	0.00648693	0.12533	46.6065	-9.3411	2.53518	-0.0262837	39.7743	36.5439	1.0884
6940	0.00648782	0.125331	46.6077	-9.34186	2.53365	-0.0262841	39.7732	36.5443	1.08836
6941	0.00648872	0.125332	46.6089	-9.34262	2.53175	-0.0262844	39.7717	36.5446	1.08831
6942	0.00648962	0.125333	46.61	-9.34337	2.52956	-0.0262847	39.7699	36.5449	1.08825
6943	0.00649052	0.125334	46.6112	-9.34412	2.52715	-0.026285	39.768	36.5452	1.08818
6944	0.00649142	0.125336	46.6124	-9.34487	2.52456	-0.0262853	39.7658	36.5456	1.08811
6945	0.00649232	0.125337	46.6135	-9.34561	2.52184	-0.0262855	39.7635	36.5459	1.08804
6946	0.00649322	0.125338	46.6147	-9.34636	2.51906	-0.0262857	39.7611	36.5462	1.08797
6947	0.00649412	0.125339	46.6158	-9.3471	2.51625	-0.0262859	39.7587	36.5465	1.08789
6948	0.00649502	0.12534	46.617	-9.34784	2.51345	-0.026286	39.7563	36.5469	1.08782
6949	0.00649592	0.125341	46.6181	-9.34857	2.51067	-0.0262861	39.7539	36.5472	1.08774
6950	0.00649682	0.125342	46.6193	-9.34931	2.50781	-0.0262861	39.7515	36.5475	1.08767
6951	0.00649772	0.125343	46.6204	-9.35004	2.50456	-0.0262861	39.7486	36.5478	1.08758
6952	0.00649862	0.125344	46.6215	-9.35077	2.4993	-0.026286	39.7438	36.5481	1.08744
6953	0.00649951	0.125345	46.6227	-9.3515	2.49544	-0.0262859	39.7403	36.5484	1.08733
6954	0.00650041	0.125347	46.6238	-9.35222	2.49268	-0.0262857	39.738	36.5488	1.08726
6955	0.00650131	0.125348	46.6249	-9.35295	2.4908	-0.0262855	39.7365	36.5491	1.08721
6956	0.00650221	0.125349	46.626	-9.35367	2.48963	-0.0262854	39.7357	36.5494	1.08718
6957	0.00650311	0.12535	46.6272	-9.35439	2.48904	-0.0262852	39.7355	36.5497	1.08716
6958	0.00650401	0.125351	46.6283	-9.35511	2.48895	-0.026285	39.7358	36.55	1.08716
6959	0.00650491	0.125352	46.6294	-9.35582	2.48931	-0.0262848	39.7366	36.5503	1.08717
6960	0.00650581	0.125353	46.6305	-9.35653	2.49005	-0.0262846	39.7377	36.5506	1.0872
6961	0.00650671	0.125354	46.6316	-9.35724	2.49112	-0.0262845	39.7392	36.5509	1.08723
6962	0.00650761	0.125355	46.6327	-9.35795	2.49459	-0.0262845	39.743	36.5512	1.08732
6963	0.00650851	0.125356	46.6338	-9.35866	2.49872	-0.0262844	39.7475	36.5515	1.08744
6964	0.00650941	0.125357	46.6349	-9.35936	2.5029	-0.0262844	39.7521	36.5518	1.08755
6965	0.0065103	0.125358	46.6359	-9.36006	2.50703	-0.0262843	39.7566	36.5521	1.08767
6966	0.0065112	0.125359	46.637	-9.36075	2.51102	-0.0262843	39.761	36.5524	1.08778
6967	0.0065121	0.12536	46.6381	-9.36144	2.51482	-0.0262842	39.7652	36.5527	1.08789
6968	0.006513	0.125361	46.6392	-9.36213	2.51834	-0.0262843	39.7691	36.553	1.08798
6969	0.0065139	0.125362	46.6402	-9.36282	2.52152	-0.0262844	39.7727	36.5533	1.08807
6970	0.0065148	0.125363	46.6413	-9.3635	2.52432	-0.0262845	39.7758	36.5536	1.08815
6971	0.0065157	0.125364	46.6424	-9.36418	2.52668	-0.0262847	39.7786	36.5539	1.08822
6972	0.0065166	0.125365	46.6434	-9.36485	2.52857	-0.0262849	39.7808	36.5542	1.08827
6973	0.0065175	0.125366	46.6444	-9.36552	2.52997	-0.0262852	39.7826	36.5545	1.08831
6974	0.0065184	0.125367	46.6455	-9.36619	2.53087	-0.0262856	39.7839	36.5548	1.08833
6975	0.0065193	0.125368	46.6465	-9.36685	2.53126	-0.0262859	39.7846	36.5551	1.08835
6976	0.00652019	0.125369	46.6475	-9.36751	2.53111	-0.0262863	39.7848	36.5554	1.08834
6977	0.00652109	0.12537	46.6485	-9.36816	2.53045	-0.0262867	39.7845	36.5557	1.08833
6978	0.00652199	0.125371	46.6495	-9.3688	2.5293	-0.026287	39.7837	36.5559	1.0883
6979	0.00652289	0.125372	46.6505	-9.36944	2.52773	-0.0262874	39.7825	36.5562	1.08826
6980	0.00652379	0.125373	46.6515	-9.37008	2.52579	-0.0262877	39.7809	36.5565	1.0882
6981	0.00652469	0.125374	46.6525	-9.3707	2.52356	-0.026288	39.7791	36.5568	1.08814
6982	0.00652559	0.125375	46.6535	-9.37133	2.52111	-0.0262883	39.777	36.557	1.08808
6983	0.00652649	0.125376	46.6544	-9.37194	2.51849	-0.0262885	39.7747	36.5573	1.08801
6984	0.00652739	0.125377	46.6554	-9.37255	2.51575	-0.0262887	39.7723	36.5576	1.08794
6985	0.00652829	0.125378	46.6563	-9.37316	2.51294	-0.0262889	39.7698	36.5578	1.08786
6986	0.00652919	0.125379	46.6572	-9.37376	2.51013	-0.026289	39.7673	36.5581	1.08778
6987	0.00653009	0.125379	46.6582	-9.37435	2.50736	-0.0262891	39.7649	36.5584	1.08771
6988	0.00653099	0.12538	46.6591	-9.37494	2.50465	-0.0262892	39.7625	36.5586	1.08764
6989	0.00653188	0.125381	46.66	-9.37552	2.502	-0.0262893	39.7602	36.5589	1.08757
6990	0.00653278	0.125382	46.6609	-9.3761	2.49935	-0.0262893	39.7578	36.5591	1.08749
6991	0.00653368	0.125383	46.6618	-9.37667	2.49645	-0.0262893	39.7553	36.5594	1.08742
6992	0.00653458	0.125384	46.6626	-9.37723	2.49141	-0.0262891	39.7505	36.5596	1.08728
6993	0.00653548	0.125385	46.6635	-9.37779	2.48775	-0.0262889	39.7472	36.5598	1.08718
6994	0.00653638	0.125385	46.6644	-9.37834	2.48518	-0.0262887	39.7449	36.5601	1.08711
6995	0.00653728	0.125386	46.6652	-9.37888	2.48347	-0.0262886	39.7435	36.5603	1.08707
6996	0.00653818	0.125387	46.6661	-9.37942	2.48243	-0.0262884	39.7428	36.5606	1.08704
6997	0.00653908	0.125388	46.6669	-9.37995	2.48196	-0.0262882	39.7426	36.5608	1.08703
6998	0.00653998	0.125389	46.6677	-9.38047	2.48195	-0.026288	39.7429	36.561	1.08703
6999	0.00654088	0.125389	46.6685	-9.38099	2.48236	-0.0262878	39.7436	36.5612	1.08704
7000	0.00654178	0.12539	46.6693	-9.38149	2.48312	-0.0262876	39.7446	36.5615	1.08706
7001	0.00654267	0.125391	46.6701	-9.38199	2.48471	-0.0262874	39.7465	36.5617	1.08711
7002	0.00654357	0.125392	46.6708	-9.38248	2.48843	-0.0262874	39.7505	36.5619	1.08721
7003	0.00654447	0.125392	46.6716	-9.38296	2.49244	-0.0262873	39.7548	36.5621	1.08732
7004	0.00654537	0.125393	46.6723	-9.38343	2.49647	-0.0262872	39.7591	36.5623	1.08743
7005	0.00654627	0.125394	46.673	-9.38389	2.50041	-0.0262871	39.7633	36.5625	1.08754
7006	0.00654717	0.125394	46.6737	-9.38434	2.5042	-0.0262871	39.7673	36.5627	1.08765
7007	0.00654807	0.125395	46.6744	-9.38479	2.50777	-0.026287	39.7711	36.5629	1.08774
7008	0.00654897	0.125396	46.6751	-9.38523	2.51105	-0.026287	39.7746	36.5631	1.08784
7009	0.00654987	0.125396	46.6758	-9.38565	2.51398	-0.0262871	39.7778	36.5633	1.08792
7010	0.00655077	0.125397	46.6764	-9.38607	2.51651	-0.0262872	39.7806	36.5635	1.08799
7011	0.00655166	0.125398	46.6771	-9.38649	2.51861	-0.0262874	39.7829	36.5637	1.08805
7012	0.00655256	0.125398	46.6777	-9.38689	2.52024	-0.0262877	39.7848	36.5638	1.08809
7013	0.00655346	0.125399	46.6783	-9.38729	2.52139	-0.026288	39.7861	36.564	1.08812
7014	0.00655436	0.125399	46.6789	-9.38768	2.52205	-0.0262883	39.787	36.5642	1.08814
7015	0.00655526	0.1254	46.6795	-9.38806	2.52222	-0.0262886	39.7874	36.5643	1.08815
7016	0.00655616	0.125401	46.6801	-9.38844	2.52186	-0.026289	39.7873	36.5645	1.08814
7017	0.00655706	0.125401	46.6807	-9.3888	2.52101	-0.0262893	39.7866	36.5647	1.08812
7018	0.00655796	0.125402	46.6813	-9.38917	2.5197	-0.0262897	39.7855	36.5648	1.08808
7019	0.00655886	0.125402	46.6818	-9.38952	2.518	-0.02629	39.784	36.565	1.08804
7020	0.00655976	0.125403	46.6823	-9.38987	2.51596	-0.0262903	39.7822	36.5651	1.08798
7021	0.00656066	0.125403	46.6829	-9.39021	2.51367	-0.0262906	39.78	36.5653	1.08792
7022	0.00656156	0.125404	46.6834	-9.39054	2.51118	-0.0262908	39.7778	36.5654	1.08785
7023	0.00656245	0.125404	46.6839	-9.39087	2.50855	-0.026291	39.7753	36.5656	1.08778
7024	0.00656335	0.125405	46.6844	-9.39119	2.50583	-0.0262912	39.7728	36.5657	1.08771
7025	0.00656425	0.125405	46.6849	-9.3915	2.50308	-0.0262914	39.7702	36.5659	1.08763
7026	0.00656515	0.125406	46.6854	-9.39181	2.50036	-0.0262915	39.7676	36.566	1.08756
7027	0.00656605	0.125406	46.6859	-9.39211	2.49772	-0.0262916	39.7652	36.5661	1.08749
7028	0.00656695	0.125407	46.6863	-9.39241	2.49519	-0.0262916	39.7628	36.5663	1.08742
7029	0.00656785	0.125407	46.6868	-9.3927	2.4928	-0.0262917	39.7606	36.5664	1.08735
7030	0.00656875	0.125407	46.6872	-9.39298	2.49057	-0.0262917	39.7585	36.5665	1.08729
7031	0.00656965	0.125408	46.6876	-9.39326	2.48848	-0.0262917	39.7566	36.5666	1.08724
7032	0.00657055	0.125408	46.6881	-9.39353	2.48647	-0.0262917	39.7547	36.5668	1.08718
7033	0.00657145	0.125409	46.6885	-9.39379	2.48434	-0.0262916	39.7527	36.5669	1.08712
7034	0.00657234	0.125409	46.6889	-9.39405	2.48093	-0.0262915	39.7495	36.567	1.08703
7035	0.00657324	0.125409	46.6893	-9.39431	2.47781	-0.0262913	39.7465	36.5671	1.08695
7036	0.00657414	0.12541	46.6897	-9.39455	2.47574	-0.0262911	39.7446	36.5672	1.08689
7037	0.00657504	0.12541	46.69	-9.3948	2.47447	-0.0262909	39.7434	36.5673	1.08686
7038	0.00657594	0.125411	46.6904	-9.39503	2.47383	-0.0262907	39.7429	36.5674	1.08684
7039	0.00657684	0.125411	46.6908	-9.39526	2.47369	-0.0262905	39.7429	36.5675	1.08684
7040	0.00657774	0.125411	46.6911	-9.39549	2.47395	-0.0262903	39.7433	36.5676	1.08684
7041	0.00657864	0.125412	46.6915	-9.39571	2.47455	-0.0262901	39.744	36.5677	1.08686
7042	0.00657954	0.125412	46.6918	-9.39592	2.47541	-0.0262899	39.745	36.5678	1.08689
7043	0.00658044	0.125412	46.6921	-9.39613	2.47813	-0.0262898	39.7478	36.5679	1.08696
7044	0.00658134	0.125412	46.6924	-9.39633	2.48191	-0.0262897	39.7517	36.568	1.08706
7045	0.00658223	0.125413	46.6928	-9.39653	2.48575	-0.0262896	39.7557	36.5681	1.08717
7046	0.00658313	0.125413	46.6931	-9.39672	2.48953	-0.0262895	39.7596	36.5682	1.08727
7047	0.00658403	0.125413	46.6934	-9.39691	2.49318	-0.0262894	39.7633	36.5682	1.08737
7048	0.00658493	0.125414	46.6936	-9.39709	2.49663	-0.0262893	39.7669	36.5683	1.08747
7049	0.00658583	0.125414	46.6939	-9.39727	2.49982	-0.0262893	39.7702	36.5684	1.08756
7050	0.00658673	0.125414	46.6942	-9.39744	2.50269	-0.0262893	39.7731	36.5685	1.08763
7051	0.00658763	0.125414	46.6944	-9.39761	2.5052	-0.0262894	39.7757	36.5686	1.0877
7052	0.00658853	0.125415	46.6947	-9.39777	2.50732	-0.0262896	39.778	36.5686	1.08776
7053	0.00658943	0.125415	46.6949	-9.39793	2.509	-0.0262898	39.7797	36.5687	1.08781
7054	0.00659033	0.125415	46.6952	-9.39808	2.51024	-0.02629	39.7811	36.5688	1.08784
7055	0.00659122	0.125415	46.6954	-9.39823	2.51102	-0.0262903	39.7819	36.5688	1.08786
7056	0.00659212	0.125416	46.6956	-9.39837	2.51134	-0.0262906	39.7823	36.5689	1.08787
7057	0.00659302	0.125416	46.6959	-9.39851	2.51119	-0.026291	39.7823	36.569	1.08787
7058	0.00659392	0.125416	46.6961	-9.39865	2.51057	-0.0262914	39.7817	36.569	1.08785
7059	0.00659482	0.125416	46.6963	-9.39878	2.5095	-0.0262917	39.7807	36.5691	1.08782
7060	0.00659572	0.125416	46.6965	-9.39891	2.50803	-0.026292	39.7793	36.5691	1.08778
7061	0.00659662	0.125417	46.6967	-9.39903	2.50623	-0.0262923	39.7776	36.5692	1.08773
7062	0.00659752	0.125417	46.6969	-9.39915	2.50416	-0.0262926	39.7756	36.5692	1.08768
7063	0.00659842	0.125417	46.697	-9.39927	2.50189	-0.0262929	39.7734	36.5693	1.08762
7064	0.00659932	0.125417	46.6972	-9.39938	2.49946	-0.0262931	39.771	36.5693	1.08755
7065	0.00660022	0.125417	46.6974	-9.39948	2.49694	-0.0262933	39.7685	36.5694	1.08748
7066	0.00660111	0.125417	46.6975	-9.39959	2.49437	-0.0262935	39.766	36.5694	1.08741
7067	0.00660201	0.125418	46.6977	-9.39969	2.49181	-0.0262936	39.7635	36.5695	1.08734
7068	0.00660291	0.125418	46.6979	-9.39978	2.48932	-0.0262937	39.7611	36.5695	1.08727
7069	0.00660381	0.125418	46.698	-9.39988	2.48694	-0.0262937	39.7588	36.5696	1.08721
7070	0.00660471	0.125418	46.6981	-9.39997	2.48471	-0.0262938	39.7566	36.5696	1.08715
7071	0.00660561	0.125418	46.6983	-9.40006	2.48266	-0.0262938	39.7546	36.5696	1.08709
7072	0.00660651	0.125418	46.6984	-9.40015	2.48081	-0.0262938	39.7528	36.5697	1.08704
7073	0.00660741	0.125418	46.6986	-9.40023	2.4792	-0.0262938	39.7512	36.5697	1.087
7074	0.00660831	0.125419	46.6987	-9.40032	2.47784	-0.0262938	39.7499	36.5698	1.08696
7075	0.00660921	0.125419	46.6988	-9.40041	2.47674	-0.0262937	39.7489	36.5698	1.08693
7076	0.00661011	0.125419	46.699	-9.40049	2.47595	-0.0262937	39.7481	36.5698	1.08691
7077	0.006611	0.125419	46.6991	-9.40058	2.47549	-0.0262937	39.7477	36.5699	1.0869
7078	0.0066119	0.125419	46.6992	-9.40066	2.4754	-0.0262937	39.7477	36.5699	1.0869
7079	0.0066128	0.125419	46.6994	-9.40075	2.47573	-0.0262936	39.748	36.5699	1.0869
7080	0.0066137	0.125419	46.6995	-9.40083	2.47644	-0.0262936	39.7488	36.57	1.08692
7081	0.0066146	0.125419	46.6996	-9.40092	2.4775	-0.0262936	39.7499	36.57	1.08695
7082	0.0066155	0.12542	46.6998	-9.401	2.47882	-0.0262936	39.7513	36.5701	1.08699
7083	0.0066164	0.12542	46.6999	-9.40108	2.48031	-0.0262936	39.7528	36.5701	1.08703
7084	0.0066173	0.12542	46.7	-9.40117	2.48188	-0.0262936	39.7544	36.5701	1.08707
7085	0.0066182	0.12542	46.7001	-9.40125	2.48347	-0.0262936	39.7561	36.5702	1.08712
7086	0.00661909	0.12542	46.7003	-9.40133	2.48503	-0.0262936	39.7577	36.5702	1.08716
7087	0.00661999	0.12542	46.7004	-9.40141	2.4865	-0.0262936	39.7592	36.5702	1.0872
7088	0.00662089	0.12542	46.7005	-9.40149	2.48784	-0.0262936	39.7606	36.5703	1.08724
7089	0.00662179	0.12542	46.7006	-9.40157	2.48903	-0.0262936	39.7618	36.5703	1.08727
7090	0.00662269	0.125421	46.7008	-9.40165	2.49002	-0.0262937	39.7628	36.5703	1.0873
7091	0.00662359	0.125421	46.7009	-9.40173	2.49079	-0.0262938	39.7637	36.5704	1.08732
7092	0.00662449	0.125421	46.701	-9.40181	2.49133	-0.0262939	39.7642	36.5704	1.08733
7093	0.00662539	0.125421	46.7011	-9.40188	2.49163	-0.026294	39.7646	36.5704	1.08734
7094	0.00662629	0.125421	46.7012	-9.40195	2.49168	-0.0262941	39.7647	36.5705	1.08734
7095	0.00662719	0.125421	46.7014	-9.40203	2.49149	-0.0262943	39.7645	36.5705	1.08734
7096	0.00662808	0.125421	46.7015	-9.4021	2.49105	-0.0262944	39.7641	36.5705	1.08733
7097	0.00662898	0.125421	46.7016	-9.40217	2.49038	-0.0262946	39.7635	36.5706	1.08731
7098	0.00662988	0.125421	46.7017	-9.40224	2.4895	-0.0262947	39.7627	36.5706	1.08728
7099	0.00663078	0.125422	46.7018	-9.4023	2.48843	-0.0262949	39.7616	36.5706	1.08726
7100	0.00663168	0.125422	46.7019	-9.40237	2.48718	-0.026295	39.7604	36.5707	1.08722
7101	0.00663258	0.125422	46.702	-9.40243	2.48579	-0.0262951	39.759	36.5707	1.08718
7102	0.00663348	0.125422	46.7021	-9.40249	2.48428	-0.0262953	39.7576	36.5707	1.08714
7103	0.00663438	0.125422	46.7022	-9.40254	2.48269	-0.0262954	39.756	36.5707	1.0871
7104	0.00663528	0.125422	46.7022	-9.40259	2.48104	-0.0262955	39.7544	36.5708	1.08705
7105	0.00663618	0.125422	46.7023	-9.40264	2.47936	-0.0262955	39.7527	36.5708	1.08701
7106	0.00663707	0.125422	46.7024	-9.40268	2.47767	-0.0262956	39.7511	36.5708	1.08696
7107	0.00663797	0.125422	46.7024	-9.40272	2.47598	-0.0262956	39.7494	36.5708	1.08692
7108	0.00663887	0.125422	46.7025	-9.40275	2.47423	-0.0262956	39.7477	36.5708	1.08687
7109	0.00663977	0.125422	46.7025	-9.40278	2.47231	-0.0262956	39.7458	36.5709	1.08682
7110	0.00664067	0.125422	46.7026	-9.40281	2.4696	-0.0262955	39.7431	36.5709	1.08674
7111	0.00664157	0.125422	46.7026	-9.40284	2.46579	-0.0262953	39.7393	36.5709	1.08664
7112	0.00664247	0.125422	46.7027	-9.40286	2.46308	-0.0262951	39.7366	36.5709	1.08656
7113	0.00664337	0.125422	46.7027	-9.40287	2.46122	-0.0262949	39.7347	36.5709	1.08651
7114	0.00664427	0.125422	46.7027	-9.40288	2.46002	-0.0262947	39.7336	36.5709	1.08648
7115	0.00664517	0.125423	46.7027	-9.40289	2.45934	-0.0262945	39.7329	36.5709	1.08646
7116	0.00664606	0.125423	46.7027	-9.4029	2.45909	-0.0262943	39.7326	36.5709	1.08645
7117	0.00664696	0.125423	46.7027	-9.4029	2.45919	-0.0262941	39.7327	36.5709	1.08646
7118	0.00664786	0.125423	46.7027	-9.4029	2.45961	-0.0262939	39.7332	36.5709	1.08647
7119	0.00664876	0.125423	46.7027	-9.40289	2.46029	-0.0262937	39.7338	36.5709	1.08649
7120	0.00664966	0.125423	46.7027	-9.40288	2.46257	-0.0262936	39.7361	36.5709	1.08655
7121	0.00665056	0.125423	46.7027	-9.40287	2.46618	-0.0262935	39.7397	36.5709	1.08665
7122	0.00665146	0.125422	46.7027	-9.40285	2.46993	-0.0262934	39.7435	36.5709	1.08675
7123	0.00665236	0.125422	46.7026	-9.40283	2.47364	-0.0262933	39.7472	36.5709	1.08685
7124	0.00665326	0.125422	46.7026	-9.4028	2.47724	-0.0262932	39.7508	36.5709	1.08695
7125	0.00665416	0.125422	46.7026	-9.40277	2.48069	-0.0262932	39.7542	36.5709	1.08705
7126	0.00665505	0.125422	46.7025	-9.40274	2.48392	-0.0262932	39.7574	36.5709	1.08713
7127	0.00665595	0.125422	46.7025	-9.4027	2.48688	-0.0262932	39.7603	36.5708	1.08721
7128	0.00665685	0.125422	46.7024	-9.40266	2.48951	-0.0262933	39.763	36.5708	1.08729
7129	0.00665775	0.125422	46.7023	-9.40261	2.49178	-0.0262934	39.7652	36.5708	1.08735
7130	0.00665865	0.125422	46.7023	-9.40256	2.49367	-0.0262936	39.7671	36.5708	1.0874
7131	0.00665955	0.125422	46.7022	-9.40251	2.49513	-0.0262939	39.7685	36.5708	1.08744
7132	0.00666045	0.125422	46.7021	-9.40245	2.49616	-0.0262942	39.7695	36.5707	1.08747
7133	0.00666135	0.125422	46.702	-9.40238	2.49676	-0.0262945	39.7701	36.5707	1.08748
7134	0.00666225	0.125422	46.7019	-9.40232	2.49691	-0.0262948	39.7702	36.5707	1.08749
7135	0.00666314	0.125422	46.7018	-9.40225	2.49659	-0.0262952	39.7698	36.5707	1.08748
7136	0.00666404	0.125422	46.7017	-9.40218	2.49582	-0.0262955	39.769	36.5706	1.08746
7137	0.00666494	0.125421	46.7016	-9.40211	2.49466	-0.0262958	39.7678	36.5706	1.08743
7138	0.00666584	0.125421	46.7014	-9.40204	2.49314	-0.0262961	39.7663	36.5706	1.08738
7139	0.00666674	0.125421	46.7013	-9.40196	2.49135	-0.0262963	39.7644	36.5705	1.08733
7140	0.00666764	0.125421	46.7012	-9.40188	2.48933	-0.0262965	39.7624	36.5705	1.08728
7141	0.00666854	0.125421	46.7011	-9.4018	2.48714	-0.0262967	39.7601	36.5705	1.08722
7142	0.00666944	0.125421	46.701	-9.40172	2.48481	-0.0262969	39.7578	36.5704	1.08716
7143	0.00667034	0.125421	46.7008	-9.40163	2.48241	-0.0262971	39.7553	36.5704	1.08709
7144	0.00667124	0.125421	46.7007	-9.40154	2.48	-0.0262972	39.7529	36.5704	1.08702
7145	0.00667213	0.125421	46.7005	-9.40144	2.47763	-0.0262973	39.7504	36.5703	1.08696
7146	0.00667303	0.12542	46.7004	-9.40135	2.47536	-0.0262973	39.7481	36.5703	1.0869
7147	0.00667393	0.12542	46.7002	-9.40125	2.47322	-0.0262974	39.7459	36.5703	1.08684
7148	0.00667483	0.12542	46.7001	-9.40114	2.47125	-0.0262974	39.7439	36.5702	1.08678
7149	0.00667573	0.12542	46.6999	-9.40104	2.4695	-0.0262974	39.7421	36.5702	1.08674
7150	0.00667663	0.12542	46.6998	-9.40093	2.46799	-0.0262974	39.7405	36.5701	1.08669
7151	0.00667753	0.12542	46.6996	-9.40082	2.46676	-0.0262975	39.7392	36.5701	1.08666
7152	0.00667843	0.125419	46.6994	-9.4007	2.46582	-0.0262975	39.7382	36.57	1.08663
7153	0.00667933	0.125419	46.6992	-9.40058	2.46521	-0.0262975	39.7376	36.57	1.08662
7154	0.00668023	0.125419	46.699	-9.40046	2.46497	-0.0262975	39.7372	36.5699	1.08661
7155	0.00668112	0.125419	46.6989	-9.40034	2.46509	-0.0262975	39.7373	36.5699	1.08661
7156	0.00668202	0.125419	46.6987	-9.40021	2.46558	-0.0262975	39.7377	36.5698	1.08663
7157	0.00668292	0.125419	46.6985	-9.40008	2.4664	-0.0262975	39.7385	36.5698	1.08665
7158	0.00668382	0.125418	46.6983	-9.39995	2.46751	-0.0262975	39.7395	36.5697	1.08668
7159	0.00668472	0.125418	46.698	-9.39981	2.46881	-0.0262975	39.7407	36.5697	1.08671
7160	0.00668562	0.125418	46.6978	-9.39968	2.47025	-0.0262976	39.7421	36.5696	1.08675
7161	0.00668652	0.125418	46.6976	-9.39954	2.47176	-0.0262976	39.7435	36.5695	1.08679
7162	0.00668742	0.125418	46.6974	-9.39939	2.47328	-0.0262976	39.745	36.5695	1.08683
7163	0.00668832	0.125417	46.6972	-9.39925	2.47476	-0.0262976	39.7464	36.5694	1.08688
7164	0.00668921	0.125417	46.6969	-9.3991	2.47617	-0.0262976	39.7477	36.5694	1.08691
7165	0.00669011	0.125417	46.6967	-9.39895	2.47745	-0.0262977	39.7489	36.5693	1.08695
7166	0.00669101	0.125417	46.6965	-9.39879	2.47858	-0.0262977	39.75	36.5692	1.08698
7167	0.00669191	0.125416	46.6962	-9.39864	2.47953	-0.0262978	39.7508	36.5692	1.087
7168	0.00669281	0.125416	46.696	-9.39848	2.48029	-0.0262978	39.7515	36.5691	1.08702
7169	0.00669371	0.125416	46.6957	-9.39832	2.48082	-0.0262979	39.7519	36.569	1.08704
7170	0.00669461	0.125416	46.6955	-9.39815	2.48114	-0.026298	39.7522	36.569	1.08705
7171	0.00669551	0.125416	46.6952	-9.39799	2.48122	-0.0262981	39.7522	36.5689	1.08705
7172	0.00669641	0.125415	46.695	-9.39782	2.48108	-0.0262982	39.7519	36.5688	1.08704
7173	0.0066973	0.125415	46.6947	-9.39765	2.48073	-0.0262984	39.7515	36.5687	1.08703
7174	0.0066982	0.125415	46.6944	-9.39748	2.48016	-0.0262985	39.7508	36.5687	1.08702
7175	0.0066991	0.125415	46.6942	-9.39731	2.47941	-0.0262986	39.75	36.5686	1.087
7176	0.0067	0.125414	46.6939	-9.39713	2.47849	-0.0262987	39.749	36.5685	1.08697
7177	0.0067009	0.125414	46.6936	-9.39696	2.47743	-0.0262988	39.7478	36.5684	1.08694
7178	0.0067018	0.125414	46.6934	-9.39678	2.47623	-0.0262989	39.7465	36.5684	1.08691
7179	0.0067027	0.125414	46.6931	-9.3966	2.47494	-0.026299	39.7451	36.5683	1.08687
7180	0.0067036	0.125413	46.6928	-9.39642	2.47358	-0.0262991	39.7437	36.5682	1.08684
7181	0.0067045	0.125413	46.6925	-9.39623	2.47217	-0.0262992	39.7422	36.5681	1.0868
7182	0.0067054	0.125413	46.6922	-9.39605	2.47074	-0.0262992	39.7406	36.5681	1.08676
7183	0.00670629	0.125412	46.6919	-9.39586	2.46929	-0.0262993	39.7391	36.568	1.08672
7184	0.00670719	0.125412	46.6917	-9.39567	2.46781	-0.0262993	39.7375	36.5679	1.08668
7185	0.00670809	0.125412	46.6914	-9.39548	2.46621	-0.0262993	39.7358	36.5678	1.08663
7186	0.00670899	0.125412	46.6911	-9.3953	2.46423	-0.0262992	39.7337	36.5677	1.08658
7187	0.00670989	0.125411	46.6908	-9.39511	2.46021	-0.026299	39.7296	36.5677	1.08647
7188	0.00671079	0.125411	46.6905	-9.39491	2.45736	-0.0262988	39.7266	36.5676	1.08639
7189	0.00671169	0.125411	46.6902	-9.39472	2.45542	-0.0262986	39.7246	36.5675	1.08634
7190	0.00671259	0.12541	46.6899	-9.39453	2.45418	-0.0262984	39.7232	36.5674	1.0863
7191	0.00671349	0.12541	46.6896	-9.39434	2.45349	-0.0262982	39.7224	36.5673	1.08628
7192	0.00671439	0.12541	46.6893	-9.39415	2.45323	-0.0262979	39.7221	36.5672	1.08628
7193	0.00671528	0.12541	46.689	-9.39395	2.45334	-0.0262977	39.7221	36.5672	1.08628
7194	0.00671618	0.125409	46.6887	-9.39376	2.45378	-0.0262974	39.7224	36.5671	1.08629
7195	0.00671708	0.125409	46.6884	-9.39357	2.45449	-0.0262972	39.723	36.567	1.08631
7196	0.00671798	0.125409	46.6881	-9.39338	2.45545	-0.026297	39.7239	36.5669	1.08633
7197	0.00671888	0.125409	46.6878	-9.39319	2.4587	-0.0262969	39.727	36.5668	1.08642
7198	0.00671978	0.125408	46.6875	-9.39301	2.46259	-0.0262968	39.7308	36.5667	1.08653
7199	0.00672068	0.125408	46.6872	-9.39282	2.4665	-0.0262967	39.7346	36.5667	1.08663
7200	0.00672158	0.125408	46.6869	-9.39264	2.47033	-0.0262966	39.7383	36.5666	1.08674
7201	0.00672248	0.125407	46.6867	-9.39245	2.47404	-0.0262965	39.742	36.5665	1.08684
7202	0.00672337	0.125407	46.6864	-9.39227	2.47755	-0.0262964	39.7454	36.5664	1.08694
7203	0.00672427	0.125407	46.6861	-9.39209	2.48081	-0.0262964	39.7485	36.5663	1.08702
7204	0.00672517	0.125407	46.6858	-9.39191	2.48378	-0.0262964	39.7514	36.5663	1.08711
7205	0.00672607	0.125406	46.6855	-9.39174	2.4864	-0.0262965	39.7539	36.5662	1.08718
7206	0.00672697	0.125406	46.6853	-9.39156	2.48865	-0.0262967	39.7561	36.5661	1.08724
7207	0.00672787	0.125406	46.685	-9.39139	2.49049	-0.0262969	39.7578	36.566	1.08729
7208	0.00672877	0.125406	46.6847	-9.39121	2.4919	-0.0262971	39.7591	36.566	1.08733
7209	0.00672967	0.125405	46.6845	-9.39105	2.49288	-0.0262974	39.76	36.5659	1.08735
7210	0.00673057	0.125405	46.6842	-9.39088	2.49341	-0.0262977	39.7604	36.5658	1.08737
7211	0.00673146	0.125405	46.684	-9.39071	2.49349	-0.026298	39.7604	36.5657	1.08737
7212	0.00673236	0.125405	46.6837	-9.39055	2.49311	-0.0262983	39.76	36.5657	1.08736
7213	0.00673326	0.125404	46.6834	-9.39039	2.4923	-0.0262985	39.7591	36.5656	1.08734
7214	0.00673416	0.125404	46.6832	-9.39023	2.49111	-0.0262988	39.7578	36.5655	1.0873
7215	0.00673506	0.125404	46.683	-9.39007	2.4896	-0.026299	39.7562	36.5655	1.08726
7216	0.00673596	0.125404	46.6827	-9.38992	2.48784	-0.0262992	39.7543	36.5654	1.08721
7217	0.00673686	0.125403	46.6825	-9.38977	2.48587	-0.0262994	39.7523	36.5653	1.08716
7218	0.00673776	0.125403	46.6822	-9.38962	2.48373	-0.0262996	39.7501	36.5653	1.0871
7219	0.00673866	0.125403	46.682	-9.38947	2.48149	-0.0262997	39.7477	36.5652	1.08704
7220	0.00673955	0.125403	46.6818	-9.38933	2.4792	-0.0262998	39.7454	36.5651	1.08697
7221	0.00674045	0.125402	46.6816	-9.38919	2.47691	-0.0262998	39.743	36.5651	1.08691
7222	0.00674135	0.125402	46.6814	-9.38906	2.47468	-0.0262999	39.7407	36.565	1.08685
7223	0.00674225	0.125402	46.6812	-9.38893	2.47254	-0.0262999	39.7385	36.565	1.08679
7224	0.00674315	0.125402	46.681	-9.38881	2.47055	-0.0262999	39.7364	36.5649	1.08674
7225	0.00674405	0.125402	46.6808	-9.38869	2.46871	-0.0262999	39.7345	36.5648	1.08669
7226	0.00674495	0.125402	46.6806	-9.38858	2.46707	-0.0262998	39.7328	36.5648	1.08664
7227	0.00674585	0.125401	46.6804	-9.38847	2.46564	-0.0262998	39.7313	36.5647	1.0866
7228	0.00674675	0.125401	46.6803	-9.38836	2.46443	-0.0262998	39.73	36.5647	1.08657
7229	0.00674765	0.125401	46.6801	-9.38826	2.46345	-0.0262997	39.729	36.5647	1.08654
7230	0.00674854	0.125401	46.68	-9.38817	2.46272	-0.0262997	39.7282	36.5646	1.08652
7231	0.00674944	0.125401	46.6798	-9.38807	2.46227	-0.0262996	39.7277	36.5646	1.08651
7232	0.00675034	0.125401	46.6797	-9.38799	2.46217	-0.0262996	39.7276	36.5645	1.08651
7233	0.00675124	0.1254	46.6795	-9.3879	2.4625	-0.0262995	39.7278	36.5645	1.08651
7234	0.00675214	0.1254	46.6794	-9.38782	2.46332	-0.0262995	39.7286	36.5645	1.08654
7235	0.00675304	0.1254	46.6793	-9.38774	2.46464	-0.0262994	39.7299	36.5644	1.08657
7236	0.00675394	0.1254	46.6792	-9.38767	2.46635	-0.0262994	39.7316	36.5644	1.08662
7237	0.00675484	0.1254	46.6791	-9.3876	2.46832	-0.0262993	39.7335	36.5644	1.08667
7238	0.00675574	0.1254	46.679	-9.38754	2.47044	-0.0262993	39.7356	36.5643	1.08673
7239	0.00675663	0.1254	46.6789	-9.38748	2.47261	-0.0262992	39.7377	36.5643	1.08679
7240	0.00675753	0.1254	46.6788	-9.38742	2.47476	-0.0262992	39.7398	36.5643	1.08685
7241	0.00675843	0.1254	46.6787	-9.38737	2.47683	-0.0262992	39.7419	36.5642	1.08691
7242	0.00675933	0.1254	46.6786	-9.38732	2.47878	-0.0262991	39.7438	36.5642	1.08696
7243	0.00676023	0.1254	46.6785	-9.38727	2.48055	-0.0262991	39.7455	36.5642	1.08701
7244	0.00676113	0.125399	46.6785	-9.38723	2.48212	-0.0262992	39.7471	36.5642	1.08705
7245	0.00676203	0.125399	46.6784	-9.38719	2.48345	-0.0262992	39.7484	36.5642	1.08709
7246	0.00676293	0.125399	46.6784	-9.38716	2.48453	-0.0262993	39.7494	36.5641	1.08712
7247	0.00676383	0.125399	46.6783	-9.38713	2.48534	-0.0262994	39.7502	36.5641	1.08714
7248	0.00676472	0.125399	46.6783	-9.3871	2.48586	-0.0262995	39.7507	36.5641	1.08715
7249	0.00676562	0.125399	46.6782	-9.38707	2.48611	-0.0262996	39.751	36.5641	1.08716
7250	0.00676652	0.125399	46.6782	-9.38705	2.48608	-0.0262998	39.7509	36.5641	1.08716
7251	0.00676742	0.125399	46.6782	-9.38703	2.48579	-0.0263	39.7506	36.5641	1.08715
7252	0.00676832	0.125399	46.6781	-9.38701	2.48524	-0.0263001	39.7501	36.5641	1.08713
7253	0.00676922	0.125399	46.6781	-9.387	2.48446	-0.0263003	39.7493	36.5641	1.08711
7254	0.00677012	0.125399	46.6781	-9.38699	2.48348	-0.0263004	39.7483	36.5641	1.08709
7255	0.00677102	0.125399	46.6781	-9.38698	2.48231	-0.0263006	39.7471	36.5641	1.08705
7256	0.00677192	0.125399	46.6781	-9.38698	2.48098	-0.0263007	39.7458	36.5641	1.08702
7257	0.00677281	0.125399	46.6781	-9.38698	2.47954	-0.0263008	39.7443	36.5641	1.08698
7258	0.00677371	0.125399	46.6781	-9.38698	2.47801	-0.0263009	39.7428	36.5641	1.08694
7259	0.00677461	0.125399	46.6781	-9.38698	2.47642	-0.0263009	39.7412	36.5641	1.08689
7260	0.00677551	0.125399	46.6781	-9.38699	2.47476	-0.026301	39.7395	36.5641	1.08685
7261	0.00677641	0.125399	46.6781	-9.387	2.47299	-0.026301	39.7378	36.5641	1.0868
7262	0.00677731	0.125399	46.6781	-9.38702	2.47095	-0.026301	39.7357	36.5641	1.08674
7263	0.00677821	0.125399	46.6781	-9.38703	2.46767	-0.0263008	39.7325	36.5641	1.08665
7264	0.00677911	0.125399	46.6782	-9.38705	2.46386	-0.0263006	39.7287	36.5641	1.08655
7265	0.00678001	0.125399	46.6782	-9.38707	2.46117	-0.0263004	39.726	36.5641	1.08648
7266	0.00678091	0.125399	46.6782	-9.3871	2.45935	-0.0263002	39.7242	36.5641	1.08643
7267	0.0067818	0.125399	46.6783	-9.38713	2.45822	-0.0262999	39.7231	36.5641	1.0864
7268	0.0067827	0.125399	46.6783	-9.38716	2.45765	-0.0262997	39.7225	36.5641	1.08638
7269	0.0067836	0.125399	46.6784	-9.38719	2.45753	-0.0262994	39.7224	36.5641	1.08638
7270	0.0067845	0.125399	46.6784	-9.38723	2.45782	-0.0262992	39.7227	36.5641	1.08638
7271	0.0067854	0.125399	46.6785	-9.38726	2.45846	-0.0262989	39.7234	36.5642	1.0864
7272	0.0067863	0.125399	46.6785	-9.38731	2.45941	-0.0262987	39.7244	36.5642	1.08643
7273	0.0067872	0.125399	46.6786	-9.38735	2.46082	-0.0262985	39.7258	36.5642	1.08647
7274	0.0067881	0.1254	46.6787	-9.38739	2.46457	-0.0262985	39.7296	36.5642	1.08657
7275	0.006789	0.1254	46.6787	-9.38744	2.46877	-0.0262984	39.7338	36.5642	1.08668
7276	0.00678989	0.1254	46.6788	-9.38748	2.47299	-0.0262983	39.738	36.5642	1.0868
7277	0.00679079	0.1254	46.6789	-9.38753	2.47714	-0.0262982	39.7422	36.5643	1.08691
7278	0.00679169	0.1254	46.679	-9.38758	2.48115	-0.0262981	39.7462	36.5643	1.08702
7279	0.00679259	0.1254	46.679	-9.38762	2.48495	-0.026298	39.7501	36.5643	1.08713
7280	0.00679349	0.1254	46.6791	-9.38767	2.4885	-0.0262981	39.7536	36.5643	1.08722
7281	0.00679439	0.1254	46.6792	-9.38772	2.49173	-0.0262981	39.7569	36.5643	1.08731
7282	0.00679529	0.1254	46.6792	-9.38776	2.4946	-0.0262982	39.7598	36.5644	1.08739
7283	0.00679619	0.1254	46.6793	-9.38781	2.49707	-0.0262984	39.7623	36.5644	1.08746
7284	0.00679709	0.1254	46.6794	-9.38785	2.49912	-0.0262986	39.7644	36.5644	1.08752
7285	0.00679798	0.1254	46.6795	-9.38789	2.50072	-0.0262989	39.766	36.5644	1.08756
7286	0.00679888	0.1254	46.6795	-9.38793	2.50185	-0.0262992	39.7671	36.5644	1.08759
7287	0.00679978	0.1254	46.6796	-9.38797	2.50253	-0.0262995	39.7678	36.5645	1.08761
7288	0.00680068	0.1254	46.6796	-9.38801	2.50273	-0.0262998	39.7681	36.5645	1.08761
7289	0.00680158	0.125401	46.6797	-9.38805	2.50244	-0.0263001	39.7678	36.5645	1.08761
7290	0.00680248	0.125401	46.6798	-9.38809	2.50172	-0.0263004	39.7671	36.5645	1.08759
7291	0.00680338	0.125401	46.6798	-9.38813	2.50061	-0.0263007	39.766	36.5645	1.08756
7292	0.00680428	0.125401	46.6799	-9.38817	2.49918	-0.0263009	39.7646	36.5645	1.08752
7293	0.00680518	0.125401	46.6799	-9.38821	2.49748	-0.0263011	39.7629	36.5646	1.08747
7294	0.00680608	0.125401	46.68	-9.38825	2.49558	-0.0263013	39.761	36.5646	1.08742
7295	0.00680697	0.125401	46.6801	-9.38828	2.4935	-0.0263015	39.759	36.5646	1.08736
7296	0.00680787	0.125401	46.6801	-9.38832	2.49131	-0.0263017	39.7568	36.5646	1.0873
7297	0.00680877	0.125401	46.6802	-9.38836	2.48907	-0.0263018	39.7546	36.5646	1.08724
7298	0.00680967	0.125401	46.6802	-9.3884	2.48682	-0.0263019	39.7524	36.5646	1.08718
7299	0.00681057	0.125401	46.6803	-9.38843	2.48462	-0.0263019	39.7502	36.5647	1.08712
7300	0.00681147	0.125401	46.6804	-9.38847	2.48248	-0.026302	39.7481	36.5647	1.08706
7301	0.00681237	0.125401	46.6804	-9.38851	2.48043	-0.026302	39.746	36.5647	1.08701
7302	0.00681327	0.125401	46.6805	-9.38855	2.47843	-0.026302	39.744	36.5647	1.08695
7303	0.00681417	0.125401	46.6805	-9.38859	2.47636	-0.0263019	39.742	36.5647	1.08689
7304	0.00681507	0.125401	46.6806	-9.38863	2.4737	-0.0263019	39.7394	36.5647	1.08682
7305	0.00681596	0.125401	46.6807	-9.38867	2.46981	-0.0263017	39.7355	36.5648	1.08672
7306	0.00681686	0.125401	46.6807	-9.38872	2.46718	-0.0263015	39.7329	36.5648	1.08664
7307	0.00681776	0.125402	46.6808	-9.38876	2.46553	-0.0263013	39.7313	36.5648	1.0866
7308	0.00681866	0.125402	46.6809	-9.38881	2.46464	-0.0263011	39.7304	36.5648	1.08657
7309	0.00681956	0.125402	46.681	-9.38886	2.46437	-0.0263009	39.7302	36.5648	1.08657
7310	0.00682046	0.125402	46.681	-9.38892	2.46461	-0.0263007	39.7304	36.5649	1.08657
7311	0.00682136	0.125402	46.6811	-9.38898	2.46528	-0.0263005	39.7311	36.5649	1.08659
7312	0.00682226	0.125402	46.6812	-9.38904	2.46632	-0.0263003	39.7322	36.5649	1.08662
7313	0.00682316	0.125402	46.6813	-9.38911	2.46768	-0.0263001	39.7336	36.5649	1.08666
7314	0.00682406	0.125402	46.6814	-9.38918	2.47112	-0.0263	39.7371	36.565	1.08675
7315	0.00682495	0.125402	46.6816	-9.38926	2.4755	-0.0263	39.7415	36.565	1.08687
7316	0.00682585	0.125402	46.6817	-9.38935	2.47997	-0.0262999	39.746	36.565	1.087
7317	0.00682675	0.125402	46.6818	-9.38944	2.48438	-0.0262998	39.7505	36.5651	1.08712
7318	0.00682765	0.125403	46.682	-9.38953	2.48866	-0.0262997	39.7548	36.5651	1.08723
7319	0.00682855	0.125403	46.6821	-9.38963	2.49274	-0.0262996	39.7589	36.5651	1.08735
7320	0.00682945	0.125403	46.6823	-9.38974	2.49656	-0.0262996	39.7628	36.5652	1.08745
7321	0.00683035	0.125403	46.6824	-9.38985	2.50005	-0.0262996	39.7664	36.5652	1.08755
7322	0.00683125	0.125403	46.6826	-9.38996	2.50317	-0.0262997	39.7695	36.5653	1.08763
7323	0.00683214	0.125403	46.6828	-9.39009	2.50587	-0.0262999	39.7723	36.5653	1.0877
7324	0.00683304	0.125404	46.683	-9.39021	2.50811	-0.0263001	39.7746	36.5654	1.08777
7325	0.00683394	0.125404	46.6832	-9.39034	2.50989	-0.0263004	39.7764	36.5654	1.08782
7326	0.00683484	0.125404	46.6834	-9.39048	2.51118	-0.0263007	39.7778	36.5655	1.08785
7327	0.00683574	0.125404	46.6836	-9.39062	2.51198	-0.0263011	39.7787	36.5656	1.08787
7328	0.00683664	0.125404	46.6839	-9.39077	2.51229	-0.0263014	39.7791	36.5656	1.08788
7329	0.00683754	0.125405	46.6841	-9.39092	2.5121	-0.0263018	39.779	36.5657	1.08788
7330	0.00683844	0.125405	46.6843	-9.39108	2.51144	-0.0263021	39.7784	36.5657	1.08786
7331	0.00683934	0.125405	46.6846	-9.39125	2.51036	-0.0263025	39.7774	36.5658	1.08783
7332	0.00684024	0.125405	46.6848	-9.39142	2.50893	-0.0263028	39.7761	36.5659	1.08779
7333	0.00684113	0.125406	46.6851	-9.39159	2.5072	-0.0263031	39.7744	36.566	1.08774
7334	0.00684203	0.125406	46.6854	-9.39177	2.50526	-0.0263034	39.7726	36.566	1.08769
7335	0.00684293	0.125406	46.6857	-9.39195	2.50314	-0.0263036	39.7706	36.5661	1.08763
7336	0.00684383	0.125406	46.686	-9.39214	2.5009	-0.0263038	39.7684	36.5662	1.08757
7337	0.00684473	0.125407	46.6863	-9.39234	2.4986	-0.026304	39.7662	36.5663	1.08751
7338	0.00684563	0.125407	46.6866	-9.39254	2.49629	-0.0263041	39.764	36.5664	1.08745
7339	0.00684653	0.125407	46.6869	-9.39274	2.49401	-0.0263042	39.7618	36.5664	1.08739
7340	0.00684743	0.125407	46.6872	-9.39295	2.49179	-0.0263042	39.7597	36.5665	1.08733
7341	0.00684833	0.125408	46.6875	-9.39316	2.48964	-0.0263043	39.7577	36.5666	1.08727
7342	0.00684923	0.125408	46.6879	-9.39338	2.48749	-0.0263043	39.7557	36.5667	1.08721
7343	0.00685013	0.125408	46.6882	-9.3936	2.48514	-0.0263042	39.7534	36.5668	1.08715
7344	0.00685102	0.125409	46.6886	-9.39383	2.48126	-0.0263041	39.7497	36.5669	1.08704
7345	0.00685192	0.125409	46.6889	-9.39406	2.47772	-0.0263039	39.7463	36.567	1.08694
7346	0.00685282	0.125409	46.6893	-9.39429	2.47534	-0.0263037	39.744	36.5671	1.08688
7347	0.00685372	0.12541	46.6896	-9.39453	2.47387	-0.0263035	39.7427	36.5672	1.08684
7348	0.00685462	0.12541	46.69	-9.39477	2.47311	-0.0263033	39.742	36.5673	1.08682
7349	0.00685552	0.12541	46.6904	-9.39502	2.47293	-0.0263031	39.742	36.5674	1.08681
7350	0.00685642	0.125411	46.6908	-9.39527	2.47323	-0.0263029	39.7424	36.5675	1.08682
7351	0.00685732	0.125411	46.6912	-9.39552	2.47395	-0.0263027	39.7433	36.5676	1.08684
7352	0.00685822	0.125412	46.6916	-9.39578	2.47503	-0.0263025	39.7445	36.5677	1.08687
7353	0.00685912	0.125412	46.692	-9.39604	2.47641	-0.0263023	39.746	36.5678	1.08691
7354	0.00686001	0.125412	46.6924	-9.3963	2.4801	-0.0263022	39.7499	36.568	1.08701
7355	0.00686091	0.125413	46.6928	-9.39657	2.48452	-0.0263022	39.7544	36.5681	1.08714
7356	0.00686181	0.125413	46.6932	-9.39684	2.489	-0.0263021	39.7591	36.5682	1.08726
7357	0.00686271	0.125414	46.6936	-9.39711	2.49341	-0.026302	39.7636	36.5683	1.08738
7358	0.00686361	0.125414	46.694	-9.39739	2.49767	-0.0263019	39.768	36.5684	1.0875
7359	0.00686451	0.125414	46.6945	-9.39767	2.50173	-0.0263019	39.7722	36.5685	1.08761
7360	0.00686541	0.125415	46.6949	-9.39795	2.50551	-0.0263019	39.7762	36.5687	1.08771
7361	0.00686631	0.125415	46.6954	-9.39823	2.50895	-0.026302	39.7798	36.5688	1.08781
7362	0.00686721	0.125416	46.6958	-9.39852	2.51201	-0.0263021	39.783	36.5689	1.08789
7363	0.0068681	0.125416	46.6962	-9.39881	2.51464	-0.0263023	39.7858	36.569	1.08796
7364	0.006869	0.125416	46.6967	-9.3991	2.51681	-0.0263025	39.7881	36.5691	1.08802
7365	0.0068699	0.125417	46.6971	-9.3994	2.5185	-0.0263028	39.7899	36.5693	1.08807
7366	0.0068708	0.125417	46.6976	-9.39969	2.51969	-0.0263031	39.7913	36.5694	1.0881
7367	0.0068717	0.125418	46.6981	-9.4	2.5204	-0.0263035	39.7922	36.5695	1.08812
7368	0.0068726	0.125418	46.6985	-9.4003	2.5206	-0.0263038	39.7925	36.5697	1.08813
7369	0.0068735	0.125419	46.699	-9.40061	2.52028	-0.0263042	39.7924	36.5698	1.08812
7370	0.0068744	0.125419	46.6995	-9.40092	2.5195	-0.0263046	39.7918	36.5699	1.0881
7371	0.0068753	0.12542	46.7	-9.40123	2.51831	-0.0263049	39.7908	36.5701	1.08807
7372	0.0068762	0.12542	46.7005	-9.40155	2.51675	-0.0263052	39.7894	36.5702	1.08803
7373	0.00687709	0.125421	46.701	-9.40187	2.51492	-0.0263055	39.7877	36.5703	1.08798
7374	0.00687799	0.125421	46.7015	-9.40219	2.51287	-0.0263058	39.7858	36.5705	1.08792
7375	0.00687889	0.125421	46.702	-9.40252	2.51064	-0.026306	39.7838	36.5706	1.08786
7376	0.00687979	0.125422	46.7025	-9.40285	2.50829	-0.0263062	39.7816	36.5707	1.0878
7377	0.00688069	0.125422	46.703	-9.40319	2.50588	-0.0263064	39.7794	36.5709	1.08773
7378	0.00688159	0.125423	46.7035	-9.40352	2.50345	-0.0263065	39.7771	36.571	1.08767
7379	0.00688249	0.125423	46.7041	-9.40387	2.50104	-0.0263066	39.7749	36.5712	1.0876
7380	0.00688339	0.125424	46.7046	-9.40421	2.49866	-0.0263066	39.7727	36.5713	1.08754
7381	0.00688429	0.125424	46.7051	-9.40456	2.49627	-0.0263067	39.7705	36.5715	1.08747
7382	0.00688519	0.125425	46.7057	-9.40491	2.49366	-0.0263066	39.7681	36.5716	1.0874
7383	0.00688609	0.125425	46.7062	-9.40526	2.48964	-0.0263065	39.7643	36.5718	1.08729
7384	0.00688698	0.125426	46.7068	-9.40561	2.48566	-0.0263063	39.7605	36.5719	1.08719
7385	0.00688788	0.125427	46.7073	-9.40597	2.48289	-0.0263061	39.7579	36.5721	1.08711
7386	0.00688878	0.125427	46.7079	-9.40633	2.48109	-0.0263059	39.7563	36.5722	1.08706
7387	0.00688968	0.125428	46.7084	-9.40669	2.48004	-0.0263057	39.7555	36.5724	1.08703
7388	0.00689058	0.125428	46.709	-9.40705	2.4796	-0.0263055	39.7552	36.5725	1.08702
7389	0.00689148	0.125429	46.7095	-9.40742	2.4797	-0.0263053	39.7555	36.5727	1.08703
7390	0.00689238	0.125429	46.7101	-9.40779	2.48024	-0.0263051	39.7563	36.5729	1.08704
7391	0.00689328	0.12543	46.7107	-9.40815	2.48118	-0.0263049	39.7574	36.573	1.08707
7392	0.00689418	0.12543	46.7113	-9.40852	2.48246	-0.0263047	39.7589	36.5732	1.08711
7393	0.00689508	0.125431	46.7118	-9.40889	2.4857	-0.0263046	39.7623	36.5733	1.08719
7394	0.00689597	0.125431	46.7124	-9.40926	2.49006	-0.0263046	39.7669	36.5735	1.08731
7395	0.00689687	0.125432	46.713	-9.40964	2.49454	-0.0263045	39.7716	36.5737	1.08744
7396	0.00689777	0.125432	46.7136	-9.41001	2.49898	-0.0263044	39.7762	36.5738	1.08756
7397	0.00689867	0.125433	46.7141	-9.41039	2.5033	-0.0263043	39.7808	36.574	1.08768
7398	0.00689957	0.125434	46.7147	-9.41077	2.50743	-0.0263043	39.7851	36.5741	1.08779
7399	0.00690047	0.125434	46.7153	-9.41115	2.5113	-0.0263043	39.7892	36.5743	1.0879
7400	0.00690137	0.125435	46.7159	-9.41153	2.51485	-0.0263043	39.7929	36.5745	1.088
7401	0.00690227	0.125435	46.7165	-9.41191	2.51801	-0.0263044	39.7963	36.5746	1.08808
7402	0.00690317	0.125436	46.7171	-9.4123	2.52075	-0.0263046	39.7992	36.5748	1.08816
7403	0.00690406	0.125436	46.7177	-9.41268	2.52303	-0.0263048	39.8017	36.575	1.08822
7404	0.00690496	0.125437	46.7183	-9.41306	2.52482	-0.0263051	39.8037	36.5751	1.08827
7405	0.00690586	0.125438	46.7189	-9.41344	2.52612	-0.0263054	39.8052	36.5753	1.08831
7406	0.00690676	0.125438	46.7195	-9.41383	2.52691	-0.0263058	39.8062	36.5755	1.08833
7407	0.00690766	0.125439	46.7201	-9.41422	2.52718	-0.0263061	39.8067	36.5756	1.08834
7408	0.00690856	0.125439	46.7207	-9.41461	2.52692	-0.0263065	39.8067	36.5758	1.08833
7409	0.00690946	0.12544	46.7213	-9.415	2.52618	-0.0263068	39.8062	36.576	1.08831
7410	0.00691036	0.12544	46.7219	-9.4154	2.52499	-0.0263072	39.8052	36.5761	1.08828
7411	0.00691126	0.125441	46.7225	-9.4158	2.52342	-0.0263075	39.8038	36.5763	1.08824
7412	0.00691216	0.125442	46.7231	-9.41619	2.52155	-0.0263078	39.8022	36.5765	1.08819
7413	0.00691305	0.125442	46.7237	-9.41659	2.51944	-0.026308	39.8003	36.5766	1.08813
7414	0.00691395	0.125443	46.7244	-9.41699	2.51713	-0.0263083	39.7982	36.5768	1.08807
7415	0.00691485	0.125443	46.725	-9.4174	2.51467	-0.0263085	39.796	36.577	1.08801
7416	0.00691575	0.125444	46.7256	-9.4178	2.51213	-0.0263087	39.7936	36.5772	1.08794
7417	0.00691665	0.125445	46.7262	-9.4182	2.50954	-0.0263088	39.7913	36.5773	1.08787
7418	0.00691755	0.125445	46.7269	-9.41861	2.50695	-0.0263089	39.7889	36.5775	1.0878
7419	0.00691845	0.125446	46.7275	-9.41902	2.50433	-0.0263089	39.7865	36.5777	1.08773
7420	0.00691935	0.125446	46.7281	-9.41942	2.50162	-0.026309	39.784	36.5779	1.08765
7421	0.00692025	0.125447	46.7288	-9.41983	2.4984	-0.0263089	39.781	36.578	1.08757
7422	0.00692115	0.125448	46.7294	-9.42024	2.4933	-0.0263088	39.7762	36.5782	1.08743
7423	0.00692205	0.125448	46.73	-9.42065	2.48961	-0.0263086	39.7727	36.5784	1.08733
7424	0.00692294	0.125449	46.7307	-9.42107	2.48702	-0.0263084	39.7703	36.5786	1.08726
7425	0.00692384	0.125449	46.7313	-9.42148	2.4853	-0.0263082	39.7688	36.5787	1.08721
7426	0.00692474	0.12545	46.732	-9.42189	2.48428	-0.026308	39.768	36.5789	1.08718
7427	0.00692564	0.125451	46.7326	-9.42231	2.48385	-0.0263078	39.7678	36.5791	1.08717
7428	0.00692654	0.125451	46.7332	-9.42273	2.48392	-0.0263075	39.7681	36.5793	1.08718
7429	0.00692744	0.125452	46.7339	-9.42314	2.48444	-0.0263073	39.7689	36.5794	1.08719
7430	0.00692834	0.125452	46.7345	-9.42356	2.48535	-0.0263071	39.77	36.5796	1.08722
7431	0.00692924	0.125453	46.7352	-9.42398	2.4866	-0.026307	39.7715	36.5798	1.08725
7432	0.00693014	0.125454	46.7358	-9.4244	2.49017	-0.0263069	39.7753	36.58	1.08735
7433	0.00693104	0.125454	46.7365	-9.42482	2.4945	-0.0263069	39.7799	36.5802	1.08747
7434	0.00693193	0.125455	46.7371	-9.42524	2.4989	-0.0263068	39.7845	36.5803	1.08759
7435	0.00693283	0.125456	46.7378	-9.42566	2.50324	-0.0263067	39.7891	36.5805	1.08771
7436	0.00693373	0.125456	46.7384	-9.42608	2.50746	-0.0263066	39.7935	36.5807	1.08783
7437	0.00693463	0.125457	46.7391	-9.4265	2.51147	-0.0263066	39.7978	36.5809	1.08794
7438	0.00693553	0.125457	46.7397	-9.42693	2.5152	-0.0263066	39.8017	36.5811	1.08804
7439	0.00693643	0.125458	46.7404	-9.42735	2.5186	-0.0263067	39.8053	36.5813	1.08814
7440	0.00693733	0.125459	46.7411	-9.42777	2.5216	-0.0263068	39.8086	36.5814	1.08822
7441	0.00693823	0.125459	46.7417	-9.4282	2.52416	-0.026307	39.8114	36.5816	1.08829
7442	0.00693913	0.12546	46.7424	-9.42862	2.52625	-0.0263072	39.8137	36.5818	1.08835
7443	0.00694002	0.12546	46.743	-9.42905	2.52784	-0.0263075	39.8155	36.582	1.08839
7444	0.00694092	0.125461	46.7437	-9.42948	2.52892	-0.0263078	39.8168	36.5822	1.08842
7445	0.00694182	0.125462	46.7444	-9.4299	2.52949	-0.0263081	39.8176	36.5824	1.08844
7446	0.00694272	0.125462	46.745	-9.43033	2.52952	-0.0263085	39.8179	36.5825	1.08844
7447	0.00694362	0.125463	46.7457	-9.43076	2.52902	-0.0263088	39.8176	36.5827	1.08843
7448	0.00694452	0.125464	46.7463	-9.43118	2.52802	-0.0263091	39.8169	36.5829	1.0884
7449	0.00694542	0.125464	46.747	-9.43161	2.52659	-0.0263095	39.8157	36.5831	1.08836
7450	0.00694632	0.125465	46.7477	-9.43204	2.52479	-0.0263098	39.8141	36.5833	1.08831
7451	0.00694722	0.125466	46.7483	-9.43247	2.52268	-0.02631	39.8122	36.5835	1.08826
7452	0.00694811	0.125466	46.749	-9.4329	2.52035	-0.0263103	39.8101	36.5836	1.0882
7453	0.00694901	0.125467	46.7497	-9.43333	2.51782	-0.0263105	39.8078	36.5838	1.08813
7454	0.00694991	0.125467	46.7503	-9.43376	2.51515	-0.0263107	39.8054	36.584	1.08806
7455	0.00695081	0.125468	46.751	-9.43419	2.5124	-0.0263109	39.8029	36.5842	1.08798
7456	0.00695171	0.125469	46.7517	-9.43462	2.50961	-0.026311	39.8003	36.5844	1.08791
7457	0.00695261	0.125469	46.7523	-9.43505	2.5068	-0.0263111	39.7978	36.5846	1.08783
7458	0.00695351	0.12547	46.753	-9.43548	2.50394	-0.0263111	39.7951	36.5847	1.08775
7459	0.00695441	0.125471	46.7537	-9.43591	2.50088	-0.0263111	39.7923	36.5849	1.08767
7460	0.00695531	0.125471	46.7543	-9.43634	2.49673	-0.0263111	39.7884	36.5851	1.08756
7461	0.00695621	0.125472	46.755	-9.43677	2.49189	-0.0263109	39.7838	36.5853	1.08743
7462	0.00695711	0.125472	46.7557	-9.4372	2.48837	-0.0263107	39.7805	36.5855	1.08733
7463	0.006958	0.125473	46.7563	-9.43763	2.48587	-0.0263105	39.7783	36.5857	1.08726
7464	0.0069589	0.125474	46.757	-9.43806	2.48419	-0.0263103	39.7768	36.5859	1.08722
7465	0.0069598	0.125474	46.7577	-9.43849	2.48318	-0.02631	39.776	36.586	1.08719
7466	0.0069607	0.125475	46.7583	-9.43892	2.48275	-0.0263098	39.7758	36.5862	1.08718
7467	0.0069616	0.125476	46.759	-9.43934	2.4828	-0.0263096	39.7761	36.5864	1.08718
7468	0.0069625	0.125476	46.7596	-9.43977	2.4833	-0.0263094	39.7769	36.5866	1.0872
7469	0.0069634	0.125477	46.7603	-9.4402	2.48417	-0.0263092	39.778	36.5868	1.08722
7470	0.0069643	0.125478	46.761	-9.44062	2.48552	-0.026309	39.7795	36.587	1.08726
7471	0.0069652	0.125478	46.7616	-9.44105	2.48929	-0.026309	39.7836	36.5871	1.08736
7472	0.00696609	0.125479	46.7623	-9.44147	2.49354	-0.0263089	39.788	36.5873	1.08748
7473	0.00696699	0.125479	46.7629	-9.44189	2.49783	-0.0263088	39.7926	36.5875	1.0876
7474	0.00696789	0.12548	46.7636	-9.44231	2.50204	-0.0263087	39.797	36.5877	1.08772
7475	0.00696879	0.125481	46.7642	-9.44273	2.5061	-0.0263087	39.8013	36.5879	1.08783
7476	0.00696969	0.125481	46.7649	-9.44315	2.50995	-0.0263086	39.8054	36.588	1.08793
7477	0.00697059	0.125482	46.7655	-9.44357	2.51351	-0.0263086	39.8092	36.5882	1.08803
7478	0.00697149	0.125483	46.7662	-9.44399	2.51672	-0.0263087	39.8126	36.5884	1.08812
7479	0.00697239	0.125483	46.7668	-9.4444	2.51953	-0.0263088	39.8156	36.5886	1.0882
7480	0.00697329	0.125484	46.7675	-9.44482	2.52188	-0.026309	39.8182	36.5888	1.08826
7481	0.00697418	0.125484	46.7681	-9.44523	2.52376	-0.0263092	39.8203	36.5889	1.08832
7482	0.00697508	0.125485	46.7687	-9.44565	2.52513	-0.0263095	39.8219	36.5891	1.08835
7483	0.00697598	0.125486	46.7694	-9.44606	2.526	-0.0263098	39.823	36.5893	1.08838
7484	0.00697688	0.125486	46.77	-9.44647	2.52635	-0.0263101	39.8236	36.5895	1.08839
7485	0.00697778	0.125487	46.7707	-9.44688	2.52614	-0.0263105	39.8236	36.5896	1.08838
7486	0.00697868	0.125487	46.7713	-9.4473	2.52542	-0.0263108	39.8231	36.5898	1.08837
7487	0.00697958	0.125488	46.7719	-9.44771	2.52421	-0.0263111	39.8221	36.59	1.08833
7488	0.00698048	0.125489	46.7726	-9.44812	2.52258	-0.0263114	39.8207	36.5902	1.08829
7489	0.00698138	0.125489	46.7732	-9.44852	2.52059	-0.0263117	39.819	36.5904	1.08824
7490	0.00698227	0.12549	46.7738	-9.44893	2.51832	-0.026312	39.8169	36.5905	1.08818
7491	0.00698317	0.12549	46.7745	-9.44934	2.51583	-0.0263122	39.8146	36.5907	1.08811
7492	0.00698407	0.125491	46.7751	-9.44974	2.51316	-0.0263124	39.8122	36.5909	1.08804
7493	0.00698497	0.125492	46.7757	-9.45014	2.51038	-0.0263126	39.8096	36.5911	1.08796
7494	0.00698587	0.125492	46.7763	-9.45054	2.50752	-0.0263127	39.807	36.5912	1.08788
7495	0.00698677	0.125493	46.777	-9.45094	2.50465	-0.0263128	39.8044	36.5914	1.08781
7496	0.00698767	0.125493	46.7776	-9.45134	2.50178	-0.0263129	39.8017	36.5916	1.08773
7497	0.00698857	0.125494	46.7782	-9.45173	2.4989	-0.026313	39.799	36.5917	1.08765
7498	0.00698947	0.125495	46.7788	-9.45212	2.49591	-0.0263129	39.7963	36.5919	1.08757
7499	0.00699037	0.125495	46.7794	-9.45251	2.49231	-0.0263129	39.7929	36.5921	1.08747
7500	0.00699126	0.125496	46.78	-9.45289	2.48719	-0.0263127	39.788	36.5922	1.08733
7501	0.00699216	0.125496	46.7806	-9.45327	2.48343	-0.0263125	39.7844	36.5924	1.08723
7502	0.00699306	0.125497	46.7812	-9.45365	2.48074	-0.0263123	39.7819	36.5926	1.08716
7503	0.00699396	0.125497	46.7817	-9.45403	2.47891	-0.0263121	39.7803	36.5927	1.08711
7504	0.00699486	0.125498	46.7823	-9.4544	2.47776	-0.0263118	39.7794	36.5929	1.08708
7505	0.00699576	0.125498	46.7829	-9.45477	2.47719	-0.0263116	39.779	36.593	1.08706
7506	0.00699666	0.125499	46.7835	-9.45513	2.47711	-0.0263114	39.7791	36.5932	1.08706
7507	0.00699756	0.1255	46.784	-9.45549	2.47747	-0.0263111	39.7797	36.5934	1.08707
7508	0.00699846	0.1255	46.7846	-9.45585	2.47821	-0.0263109	39.7806	36.5935	1.08709
7509	0.00699936	0.125501	46.7851	-9.4562	2.47927	-0.0263107	39.7819	36.5937	1.08712
7510	0.00700025	0.125501	46.7857	-9.45655	2.48281	-0.0263107	39.7856	36.5938	1.08722
7511	0.00700115	0.125502	46.7862	-9.45689	2.48691	-0.0263106	39.7899	36.594	1.08734
7512	0.00700205	0.125502	46.7867	-9.45723	2.49106	-0.0263105	39.7942	36.5941	1.08745
7513	0.00700295	0.125503	46.7873	-9.45757	2.49514	-0.0263104	39.7985	36.5943	1.08756
7514	0.00700385	0.125503	46.7878	-9.4579	2.49908	-0.0263103	39.8026	36.5944	1.08767
7515	0.00700475	0.125504	46.7883	-9.45823	2.50281	-0.0263102	39.8066	36.5946	1.08777
7516	0.00700565	0.125504	46.7888	-9.45855	2.50627	-0.0263102	39.8102	36.5947	1.08787
7517	0.00700655	0.125505	46.7893	-9.45887	2.50938	-0.0263102	39.8135	36.5948	1.08795
7518	0.00700744	0.125505	46.7898	-9.45918	2.51209	-0.0263103	39.8164	36.595	1.08803
7519	0.00700834	0.125505	46.7902	-9.45949	2.51437	-0.0263105	39.8188	36.5951	1.08809
7520	0.00700924	0.125506	46.7907	-9.4598	2.51617	-0.0263107	39.8208	36.5952	1.08814
7521	0.00701014	0.125506	46.7912	-9.4601	2.51748	-0.0263109	39.8223	36.5954	1.08818
7522	0.00701104	0.125507	46.7916	-9.46039	2.51828	-0.0263112	39.8232	36.5955	1.0882
7523	0.00701194	0.125507	46.7921	-9.46068	2.51858	-0.0263115	39.8237	36.5956	1.08821
7524	0.00701284	0.125508	46.7925	-9.46096	2.51833	-0.0263118	39.8236	36.5957	1.0882
7525	0.00701374	0.125508	46.793	-9.46123	2.51756	-0.0263122	39.823	36.5959	1.08818
7526	0.00701463	0.125508	46.7934	-9.46151	2.51632	-0.0263125	39.8219	36.596	1.08815
7527	0.00701553	0.125509	46.7938	-9.46177	2.51465	-0.0263128	39.8204	36.5961	1.0881
7528	0.00701643	0.125509	46.7942	-9.46203	2.51262	-0.026313	39.8185	36.5962	1.08805
7529	0.00701733	0.12551	46.7946	-9.46229	2.51031	-0.0263133	39.8163	36.5963	1.08799
7530	0.00701823	0.12551	46.795	-9.46253	2.50778	-0.0263135	39.8139	36.5964	1.08792
7531	0.00701913	0.12551	46.7954	-9.46278	2.50508	-0.0263137	39.8114	36.5965	1.08784
7532	0.00702003	0.125511	46.7957	-9.46302	2.50227	-0.0263138	39.8087	36.5966	1.08777
7533	0.00702093	0.125511	46.7961	-9.46325	2.4994	-0.026314	39.8059	36.5967	1.08769
7534	0.00702183	0.125511	46.7965	-9.46347	2.49652	-0.0263141	39.8032	36.5968	1.08761
7535	0.00702273	0.125512	46.7968	-9.4637	2.49369	-0.0263141	39.8005	36.5969	1.08754
7536	0.00702362	0.125512	46.7971	-9.46391	2.49092	-0.0263141	39.7978	36.597	1.08746
7537	0.00702452	0.125512	46.7975	-9.46412	2.48822	-0.0263141	39.7953	36.5971	1.08739
7538	0.00702542	0.125513	46.7978	-9.46433	2.48553	-0.0263141	39.7927	36.5972	1.08731
7539	0.00702632	0.125513	46.7981	-9.46453	2.48259	-0.026314	39.7899	36.5973	1.08723
7540	0.00702722	0.125513	46.7984	-9.46473	2.47753	-0.0263138	39.7849	36.5974	1.0871
7541	0.00702812	0.125514	46.7987	-9.46492	2.47383	-0.0263136	39.7813	36.5975	1.087
7542	0.00702902	0.125514	46.799	-9.46511	2.47121	-0.0263134	39.7788	36.5976	1.08692
7543	0.00702992	0.125514	46.7993	-9.46529	2.46945	-0.0263131	39.7771	36.5976	1.08688
7544	0.00703082	0.125514	46.7996	-9.46547	2.46836	-0.0263129	39.7761	36.5977	1.08685
7545	0.00703171	0.125515	46.7998	-9.46564	2.46784	-0.0263127	39.7757	36.5978	1.08683
7546	0.00703261	0.125515	46.8001	-9.46581	2.46778	-0.0263124	39.7758	36.5979	1.08683
7547	0.00703351	0.125515	46.8003	-9.46597	2.46814	-0.0263122	39.7762	36.5979	1.08684
7548	0.00703441	0.125515	46.8006	-9.46613	2.46884	-0.0263119	39.777	36.598	1.08686
7549	0.00703531	0.125516	46.8008	-9.46628	2.47038	-0.0263117	39.7786	36.5981	1.0869
7550	0.00703621	0.125516	46.8011	-9.46643	2.47404	-0.0263117	39.7824	36.5981	1.08701
7551	0.00703711	0.125516	46.8013	-9.46657	2.47799	-0.0263115	39.7864	36.5982	1.08711
7552	0.00703801	0.125516	46.8015	-9.46671	2.48195	-0.0263114	39.7904	36.5983	1.08722
7553	0.0070389	0.125517	46.8017	-9.46685	2.48583	-0.0263112	39.7944	36.5983	1.08733
7554	0.0070398	0.125517	46.8019	-9.46698	2.48955	-0.0263111	39.7982	36.5984	1.08743
7555	0.0070407	0.125517	46.8021	-9.46711	2.49306	-0.026311	39.8018	36.5984	1.08753
7556	0.0070416	0.125517	46.8023	-9.46723	2.49627	-0.026311	39.8051	36.5985	1.08761
7557	0.0070425	0.125517	46.8025	-9.46735	2.49914	-0.026311	39.808	36.5985	1.08769
7558	0.0070434	0.125517	46.8027	-9.46746	2.50161	-0.0263111	39.8105	36.5986	1.08776
7559	0.0070443	0.125518	46.8029	-9.46757	2.50364	-0.0263112	39.8126	36.5986	1.08782
7560	0.0070452	0.125518	46.803	-9.46768	2.50521	-0.0263114	39.8143	36.5987	1.08786
7561	0.00704609	0.125518	46.8032	-9.46778	2.5063	-0.0263117	39.8154	36.5987	1.08789
7562	0.00704699	0.125518	46.8033	-9.46788	2.5069	-0.0263119	39.8161	36.5988	1.08791
7563	0.00704789	0.125518	46.8035	-9.46797	2.50701	-0.0263122	39.8162	36.5988	1.08791
7564	0.00704879	0.125518	46.8036	-9.46806	2.50659	-0.0263125	39.8158	36.5989	1.0879
7565	0.00704969	0.125519	46.8038	-9.46815	2.50567	-0.0263128	39.815	36.5989	1.08787
7566	0.00705059	0.125519	46.8039	-9.46823	2.5043	-0.0263131	39.8137	36.5989	1.08784
7567	0.00705149	0.125519	46.804	-9.46831	2.50254	-0.0263134	39.8119	36.599	1.08779
7568	0.00705239	0.125519	46.8041	-9.46839	2.50045	-0.0263136	39.8099	36.599	1.08773
7569	0.00705328	0.125519	46.8043	-9.46846	2.49809	-0.0263139	39.8076	36.599	1.08767
7570	0.00705418	0.125519	46.8044	-9.46853	2.49555	-0.0263141	39.8051	36.5991	1.0876
7571	0.00705508	0.125519	46.8045	-9.46859	2.49287	-0.0263142	39.8024	36.5991	1.08752
7572	0.00705598	0.125519	46.8046	-9.46865	2.49009	-0.0263143	39.7997	36.5991	1.08745
7573	0.00705688	0.125519	46.8047	-9.46871	2.48729	-0.0263144	39.7969	36.5992	1.08737
7574	0.00705778	0.125519	46.8047	-9.46876	2.48451	-0.0263145	39.7942	36.5992	1.0873
7575	0.00705868	0.12552	46.8048	-9.46881	2.48181	-0.0263145	39.7915	36.5992	1.08722
7576	0.00705958	0.12552	46.8049	-9.46886	2.47923	-0.0263145	39.7889	36.5992	1.08715
7577	0.00706048	0.12552	46.805	-9.46891	2.47678	-0.0263145	39.7865	36.5992	1.08709
7578	0.00706137	0.12552	46.805	-9.46895	2.47449	-0.0263145	39.7843	36.5993	1.08702
7579	0.00706227	0.12552	46.8051	-9.46899	2.47235	-0.0263144	39.7821	36.5993	1.08696
7580	0.00706317	0.12552	46.8051	-9.46902	2.47028	-0.0263144	39.7801	36.5993	1.08691
7581	0.00706407	0.12552	46.8052	-9.46905	2.46808	-0.0263143	39.7779	36.5993	1.08685
7582	0.00706497	0.12552	46.8052	-9.46908	2.46449	-0.0263141	39.7743	36.5993	1.08675
7583	0.00706587	0.12552	46.8053	-9.46911	2.46136	-0.0263138	39.7712	36.5993	1.08666
7584	0.00706677	0.12552	46.8053	-9.46914	2.45926	-0.0263136	39.7691	36.5994	1.08661
7585	0.00706767	0.12552	46.8054	-9.46916	2.45796	-0.0263134	39.7679	36.5994	1.08657
7586	0.00706856	0.12552	46.8054	-9.46919	2.45728	-0.0263131	39.7672	36.5994	1.08655
7587	0.00706946	0.12552	46.8054	-9.46921	2.4571	-0.0263129	39.767	36.5994	1.08655
7588	0.00707036	0.12552	46.8055	-9.46923	2.45731	-0.0263126	39.7672	36.5994	1.08655
7589	0.00707126	0.12552	46.8055	-9.46926	2.45785	-0.0263124	39.7678	36.5994	1.08657
7590	0.00707216	0.12552	46.8056	-9.46928	2.45867	-0.0263121	39.7686	36.5994	1.08659
7591	0.00707306	0.12552	46.8056	-9.4693	2.46137	-0.026312	39.7713	36.5994	1.08667
7592	0.00707396	0.12552	46.8056	-9.46932	2.4651	-0.0263118	39.7751	36.5994	1.08677
7593	0.00707485	0.12552	46.8057	-9.46934	2.46889	-0.0263117	39.7789	36.5994	1.08687
7594	0.00707575	0.12552	46.8057	-9.46937	2.47262	-0.0263115	39.7826	36.5995	1.08697
7595	0.00707665	0.12552	46.8057	-9.46939	2.47622	-0.0263114	39.7862	36.5995	1.08707
7596	0.00707755	0.12552	46.8058	-9.46941	2.47961	-0.0263112	39.7896	36.5995	1.08716
7597	0.00707845	0.125521	46.8058	-9.46943	2.48275	-0.0263111	39.7928	36.5995	1.08725
7598	0.00707935	0.125521	46.8058	-9.46945	2.48558	-0.0263111	39.7956	36.5995	1.08733
7599	0.00708025	0.125521	46.8059	-9.46947	2.48804	-0.0263111	39.7981	36.5995	1.08739
7600	0.00708115	0.125521	46.8059	-9.4695	2.4901	-0.0263112	39.8002	36.5995	1.08745
7601	0.00708204	0.125521	46.8059	-9.46952	2.49174	-0.0263114	39.8018	36.5995	1.0875
7602	0.00708294	0.125521	46.806	-9.46954	2.49293	-0.0263116	39.803	36.5995	1.08753
7603	0.00708384	0.125521	46.806	-9.46956	2.49367	-0.0263118	39.8038	36.5995	1.08755
7604	0.00708474	0.125521	46.806	-9.46959	2.49394	-0.0263121	39.8041	36.5996	1.08756
7605	0.00708564	0.125521	46.8061	-9.46961	2.49375	-0.0263124	39.8039	36.5996	1.08755
7606	0.00708654	0.125521	46.8061	-9.46963	2.49308	-0.0263127	39.8032	36.5996	1.08753
7607	0.00708744	0.125521	46.8061	-9.46965	2.49197	-0.026313	39.8021	36.5996	1.0875
7608	0.00708834	0.125521	46.8062	-9.46968	2.49046	-0.0263133	39.8006	36.5996	1.08746
7609	0.00708923	0.125521	46.8062	-9.4697	2.48862	-0.0263135	39.7988	36.5996	1.08741
7610	0.00709013	0.125521	46.8062	-9.46972	2.48651	-0.0263138	39.7967	36.5996	1.08735
7611	0.00709103	0.125521	46.8063	-9.46974	2.4842	-0.026314	39.7944	36.5996	1.08729
7612	0.00709193	0.125521	46.8063	-9.46976	2.48174	-0.0263141	39.792	36.5996	1.08722
7613	0.00709283	0.125521	46.8063	-9.46977	2.47918	-0.0263143	39.7894	36.5996	1.08715
7614	0.00709373	0.125521	46.8063	-9.46979	2.47658	-0.0263144	39.7868	36.5996	1.08708
7615	0.00709463	0.125521	46.8064	-9.46981	2.47399	-0.0263145	39.7842	36.5997	1.08701
7616	0.00709553	0.125521	46.8064	-9.46982	2.47147	-0.0263145	39.7817	36.5997	1.08694
7617	0.00709642	0.125521	46.8064	-9.46983	2.46905	-0.0263145	39.7793	36.5997	1.08688
7618	0.00709732	0.125521	46.8064	-9.46984	2.46679	-0.0263145	39.7771	36.5997	1.08681
7619	0.00709822	0.125521	46.8064	-9.46985	2.4647	-0.0263145	39.775	36.5997	1.08676
7620	0.00709912	0.125521	46.8065	-9.46986	2.46281	-0.0263144	39.7731	36.5997	1.08671
7621	0.00710002	0.125521	46.8065	-9.46986	2.46115	-0.0263143	39.7714	36.5997	1.08666
7622	0.00710092	0.125521	46.8065	-9.46986	2.45973	-0.0263143	39.77	36.5997	1.08662
7623	0.00710182	0.125521	46.8065	-9.46986	2.45855	-0.0263142	39.7688	36.5997	1.08659
7624	0.00710271	0.125521	46.8065	-9.46986	2.45765	-0.0263141	39.7679	36.5997	1.08657
7625	0.00710361	0.125521	46.8065	-9.46985	2.45705	-0.0263141	39.7673	36.5997	1.08655
7626	0.00710451	0.125521	46.8064	-9.46984	2.45682	-0.026314	39.7671	36.5997	1.08654
7627	0.00710541	0.125521	46.8064	-9.46983	2.45701	-0.0263139	39.7673	36.5997	1.08655
7628	0.00710631	0.125521	46.8064	-9.46981	2.45764	-0.0263138	39.7679	36.5997	1.08656
7629	0.00710721	0.125521	46.8064	-9.46979	2.45866	-0.0263138	39.7689	36.5997	1.08659
7630	0.00710811	0.125521	46.8063	-9.46977	2.46	-0.0263137	39.7703	36.5997	1.08663
7631	0.00710901	0.125521	46.8063	-9.46974	2.46155	-0.0263136	39.7718	36.5996	1.08667
7632	0.0071099	0.125521	46.8063	-9.46971	2.46322	-0.0263136	39.7734	36.5996	1.08672
7633	0.0071108	0.125521	46.8062	-9.46968	2.46492	-0.0263135	39.7751	36.5996	1.08676
7634	0.0071117	0.125521	46.8061	-9.46964	2.4666	-0.0263134	39.7768	36.5996	1.08681
7635	0.0071126	0.125521	46.8061	-9.4696	2.46819	-0.0263134	39.7784	36.5996	1.08685
7636	0.0071135	0.125521	46.806	-9.46956	2.46966	-0.0263133	39.7798	36.5996	1.08689
7637	0.0071144	0.125521	46.806	-9.46951	2.47098	-0.0263133	39.7811	36.5996	1.08693
7638	0.0071153	0.125521	46.8059	-9.46946	2.4721	-0.0263133	39.7822	36.5995	1.08696
7639	0.00711619	0.125521	46.8058	-9.46941	2.473	-0.0263134	39.7831	36.5995	1.08698
7640	0.00711709	0.125521	46.8057	-9.46936	2.47366	-0.0263134	39.7837	36.5995	1.087
7641	0.00711799	0.12552	46.8056	-9.46931	2.47407	-0.0263135	39.7841	36.5995	1.08701
7642	0.00711889	0.12552	46.8056	-9.46925	2.47422	-0.0263136	39.7842	36.5994	1.08702
7643	0.00711979	0.12552	46.8055	-9.46919	2.47411	-0.0263137	39.7841	36.5994	1.08701
7644	0.00712069	0.12552	46.8054	-9.46913	2.47375	-0.0263138	39.7837	36.5994	1.087
7645	0.00712159	0.12552	46.8053	-9.46906	2.47315	-0.0263139	39.783	36.5994	1.08699
7646	0.00712248	0.12552	46.8052	-9.46899	2.47232	-0.026314	39.7822	36.5993	1.08696
7647	0.00712338	0.12552	46.8051	-9.46892	2.47127	-0.0263141	39.7811	36.5993	1.08694
7648	0.00712428	0.12552	46.8049	-9.46885	2.47004	-0.0263142	39.7798	36.5993	1.0869
7649	0.00712518	0.12552	46.8048	-9.46877	2.46865	-0.0263143	39.7784	36.5993	1.08686
7650	0.00712608	0.12552	46.8047	-9.4687	2.46712	-0.0263144	39.7768	36.5992	1.08682
7651	0.00712698	0.125519	46.8046	-9.46862	2.4655	-0.0263145	39.7752	36.5992	1.08678
7652	0.00712788	0.125519	46.8045	-9.46853	2.46381	-0.0263146	39.7734	36.5992	1.08673
7653	0.00712878	0.125519	46.8043	-9.46844	2.46208	-0.0263146	39.7717	36.5991	1.08668
7654	0.00712967	0.125519	46.8042	-9.46836	2.46034	-0.0263146	39.7699	36.5991	1.08664
7655	0.00713057	0.125519	46.8041	-9.46826	2.45857	-0.0263146	39.768	36.599	1.08659
7656	0.00713147	0.125519	46.8039	-9.46817	2.45676	-0.0263146	39.7662	36.599	1.08654
7657	0.00713237	0.125519	46.8038	-9.46808	2.45478	-0.0263145	39.7642	36.599	1.08648
7658	0.00713327	0.125519	46.8036	-9.46798	2.45205	-0.0263144	39.7614	36.5989	1.08641
7659	0.00713417	0.125518	46.8035	-9.46788	2.44809	-0.0263142	39.7574	36.5989	1.0863
7660	0.00713507	0.125518	46.8033	-9.46778	2.44527	-0.0263139	39.7545	36.5988	1.08622
7661	0.00713596	0.125518	46.8031	-9.46768	2.44332	-0.0263137	39.7525	36.5988	1.08617
7662	0.00713686	0.125518	46.803	-9.46757	2.44206	-0.0263134	39.7512	36.5988	1.08613
7663	0.00713776	0.125518	46.8028	-9.46746	2.44133	-0.0263132	39.7504	36.5987	1.08611
7664	0.00713866	0.125518	46.8026	-9.46735	2.44105	-0.0263129	39.75	36.5987	1.08611
7665	0.00713956	0.125518	46.8025	-9.46724	2.44114	-0.0263126	39.7501	36.5986	1.08611
7666	0.00714046	0.125517	46.8023	-9.46712	2.44156	-0.0263124	39.7504	36.5986	1.08612
7667	0.00714136	0.125517	46.8021	-9.467	2.44227	-0.0263121	39.7511	36.5985	1.08614
7668	0.00714225	0.125517	46.8019	-9.46689	2.4443	-0.026312	39.753	36.5985	1.08619
7669	0.00714315	0.125517	46.8017	-9.46677	2.44794	-0.0263119	39.7566	36.5984	1.08629
7670	0.00714405	0.125517	46.8016	-9.46664	2.45174	-0.0263117	39.7603	36.5984	1.0864
7671	0.00714495	0.125516	46.8014	-9.46652	2.45553	-0.0263116	39.7641	36.5983	1.0865
7672	0.00714585	0.125516	46.8012	-9.46639	2.45923	-0.0263115	39.7677	36.5983	1.0866
7673	0.00714675	0.125516	46.801	-9.46626	2.46277	-0.0263113	39.7712	36.5982	1.0867
7674	0.00714765	0.125516	46.8008	-9.46613	2.4661	-0.0263113	39.7744	36.5981	1.08679
7675	0.00714854	0.125516	46.8006	-9.466	2.46917	-0.0263113	39.7774	36.5981	1.08687
7676	0.00714944	0.125516	46.8004	-9.46586	2.47192	-0.0263113	39.7801	36.598	1.08695
7677	0.00715034	0.125515	46.8001	-9.46573	2.47431	-0.0263114	39.7824	36.598	1.08701
7678	0.00715124	0.125515	46.7999	-9.46559	2.47631	-0.0263116	39.7843	36.5979	1.08707
7679	0.00715214	0.125515	46.7997	-9.46545	2.47789	-0.0263117	39.7858	36.5979	1.08711
7680	0.00715304	0.125515	46.7995	-9.4653	2.47903	-0.026312	39.7869	36.5978	1.08714
7681	0.00715394	0.125515	46.7993	-9.46516	2.47973	-0.0263122	39.7875	36.5977	1.08716
7682	0.00715483	0.125514	46.799	-9.46501	2.47998	-0.0263125	39.7877	36.5977	1.08716
7683	0.00715573	0.125514	46.7988	-9.46486	2.47976	-0.0263128	39.7874	36.5976	1.08716
7684	0.00715663	0.125514	46.7986	-9.46471	2.47908	-0.0263131	39.7866	36.5975	1.08714
7685	0.00715753	0.125514	46.7983	-9.46456	2.478	-0.0263133	39.7855	36.5975	1.08711
7686	0.00715843	0.125513	46.7981	-9.4644	2.47656	-0.0263135	39.784	36.5974	1.08707
7687	0.00715933	0.125513	46.7979	-9.46424	2.47483	-0.0263137	39.7821	36.5973	1.08702
7688	0.00716023	0.125513	46.7976	-9.46409	2.47287	-0.0263139	39.7801	36.5973	1.08697
7689	0.00716113	0.125513	46.7974	-9.46393	2.47072	-0.0263141	39.7779	36.5972	1.08691
7690	0.00716202	0.125512	46.7971	-9.46376	2.46843	-0.0263142	39.7755	36.5971	1.08685
7691	0.00716292	0.125512	46.7969	-9.4636	2.46607	-0.0263143	39.773	36.5971	1.08678
7692	0.00716382	0.125512	46.7966	-9.46343	2.46369	-0.0263143	39.7706	36.597	1.08672
7693	0.00716472	0.125512	46.7964	-9.46326	2.46134	-0.0263144	39.7681	36.5969	1.08665
7694	0.00716562	0.125512	46.7961	-9.4631	2.45908	-0.0263144	39.7658	36.5969	1.08659
7695	0.00716652	0.125511	46.7958	-9.46292	2.45695	-0.0263144	39.7635	36.5968	1.08653
7696	0.00716742	0.125511	46.7956	-9.46275	2.455	-0.0263144	39.7615	36.5967	1.08648
7697	0.00716831	0.125511	46.7953	-9.46258	2.45325	-0.0263143	39.7597	36.5966	1.08643
7698	0.00716921	0.125511	46.795	-9.4624	2.45174	-0.0263143	39.758	36.5966	1.08639
7699	0.00717011	0.12551	46.7948	-9.46223	2.45049	-0.0263142	39.7567	36.5965	1.08635
7700	0.00717101	0.12551	46.7945	-9.46205	2.44953	-0.0263142	39.7556	36.5964	1.08633
7701	0.00717191	0.12551	46.7942	-9.46187	2.44889	-0.0263141	39.7549	36.5963	1.08631
7702	0.00717281	0.125509	46.7939	-9.46169	2.44861	-0.0263141	39.7545	36.5963	1.0863
7703	0.00717371	0.125509	46.7936	-9.46151	2.44871	-0.026314	39.7545	36.5962	1.0863
7704	0.00717461	0.125509	46.7934	-9.46132	2.44921	-0.026314	39.7549	36.5961	1.08632
7705	0.0071755	0.125509	46.7931	-9.46114	2.45007	-0.026314	39.7557	36.596	1.08634
7706	0.0071764	0.125508	46.7928	-9.46095	2.45126	-0.0263139	39.7568	36.5959	1.08637
7707	0.0071773	0.125508	46.7925	-9.46077	2.45268	-0.0263139	39.7581	36.5959	1.08641
7708	0.0071782	0.125508	46.7922	-9.46058	2.45427	-0.0263138	39.7596	36.5958	1.08645
7709	0.0071791	0.125508	46.7919	-9.46039	2.45594	-0.0263137	39.7611	36.5957	1.0865
7710	0.00718	0.125507	46.7916	-9.4602	2.45764	-0.0263137	39.7627	36.5956	1.08654
7711	0.0071809	0.125507	46.7913	-9.46001	2.45931	-0.0263136	39.7643	36.5955	1.08659
7712	0.00718179	0.125507	46.791	-9.45982	2.4609	-0.0263136	39.7658	36.5955	1.08663
7713	0.00718269	0.125506	46.7907	-9.45963	2.46239	-0.0263136	39.7672	36.5954	1.08667
7714	0.00718359	0.125506	46.7904	-9.45944	2.46372	-0.0263136	39.7684	36.5953	1.08671
7715	0.00718449	0.125506	46.7902	-9.45925	2.46487	-0.0263136	39.7695	36.5952	1.08674
7716	0.00718539	0.125506	46.7899	-9.45906	2.46582	-0.0263136	39.7703	36.5951	1.08676
7717	0.00718629	0.125505	46.7896	-9.45887	2.46655	-0.0263136	39.7709	36.5951	1.08678
7718	0.00718718	0.125505	46.7893	-9.45867	2.46706	-0.0263137	39.7713	36.595	1.0868
7719	0.00718808	0.125505	46.789	-9.45848	2.46732	-0.0263137	39.7715	36.5949	1.0868
7720	0.00718898	0.125504	46.7887	-9.45829	2.46735	-0.0263138	39.7714	36.5948	1.0868
7721	0.00718988	0.125504	46.7884	-9.4581	2.46716	-0.0263139	39.7711	36.5947	1.0868
7722	0.00719078	0.125504	46.7881	-9.45791	2.46674	-0.026314	39.7706	36.5946	1.08679
7723	0.00719168	0.125504	46.7878	-9.45772	2.46612	-0.026314	39.7699	36.5946	1.08677
7724	0.00719258	0.125503	46.7875	-9.45754	2.46532	-0.0263141	39.769	36.5945	1.08675
7725	0.00719348	0.125503	46.7872	-9.45735	2.46435	-0.0263142	39.7679	36.5944	1.08672
7726	0.00719437	0.125503	46.7869	-9.45717	2.46324	-0.0263142	39.7667	36.5943	1.08669
7727	0.00719527	0.125503	46.7866	-9.45699	2.46202	-0.0263143	39.7654	36.5942	1.08666
7728	0.00719617	0.125502	46.7864	-9.45681	2.46072	-0.0263143	39.764	36.5942	1.08662
7729	0.00719707	0.125502	46.7861	-9.45663	2.45937	-0.0263144	39.7625	36.5941	1.08658
7730	0.00719797	0.125502	46.7858	-9.45645	2.45798	-0.0263144	39.761	36.594	1.08654
7731	0.00719887	0.125501	46.7855	-9.45627	2.45656	-0.0263143	39.7595	36.5939	1.08651
7732	0.00719977	0.125501	46.7853	-9.45609	2.45508	-0.0263143	39.7579	36.5939	1.08646
7733	0.00720066	0.125501	46.785	-9.45592	2.45346	-0.0263143	39.7562	36.5938	1.08642
7734	0.00720156	0.125501	46.7847	-9.45574	2.4513	-0.0263141	39.754	36.5937	1.08636
7735	0.00720246	0.1255	46.7844	-9.45557	2.4474	-0.0263139	39.75	36.5936	1.08625
7736	0.00720336	0.1255	46.7842	-9.4554	2.44466	-0.0263136	39.7471	36.5936	1.08618
7737	0.00720426	0.1255	46.7839	-9.45523	2.44282	-0.0263134	39.7452	36.5935	1.08613
7738	0.00720516	0.1255	46.7837	-9.45507	2.44169	-0.0263131	39.744	36.5934	1.0861
7739	0.00720606	0.125499	46.7834	-9.4549	2.4411	-0.0263128	39.7433	36.5933	1.08608
7740	0.00720695	0.125499	46.7831	-9.45474	2.44096	-0.0263125	39.7431	36.5933	1.08608
7741	0.00720785	0.125499	46.7829	-9.45458	2.4412	-0.0263123	39.7432	36.5932	1.08608
7742	0.00720875	0.125499	46.7826	-9.45442	2.44176	-0.026312	39.7437	36.5931	1.0861
7743	0.00720965	0.125498	46.7824	-9.45426	2.44262	-0.0263117	39.7445	36.5931	1.08612
7744	0.00721055	0.125498	46.7822	-9.4541	2.44373	-0.0263114	39.7455	36.593	1.08615
7745	0.00721145	0.125498	46.7819	-9.45395	2.44717	-0.0263113	39.7488	36.5929	1.08624
7746	0.00721235	0.125498	46.7817	-9.4538	2.45122	-0.0263112	39.7528	36.5929	1.08635
7747	0.00721324	0.125498	46.7815	-9.45365	2.4553	-0.026311	39.7568	36.5928	1.08647
7748	0.00721414	0.125497	46.7812	-9.45351	2.45931	-0.0263109	39.7607	36.5927	1.08657
7749	0.00721504	0.125497	46.781	-9.45337	2.46319	-0.0263107	39.7645	36.5927	1.08668
7750	0.00721594	0.125497	46.7808	-9.45323	2.46687	-0.0263106	39.7681	36.5926	1.08678
7751	0.00721684	0.125497	46.7806	-9.45309	2.4703	-0.0263105	39.7715	36.5925	1.08687
7752	0.00721774	0.125497	46.7804	-9.45296	2.47343	-0.0263105	39.7745	36.5925	1.08696
7753	0.00721864	0.125496	46.7802	-9.45284	2.47621	-0.0263106	39.7772	36.5924	1.08703
7754	0.00721953	0.125496	46.78	-9.45271	2.47861	-0.0263107	39.7796	36.5924	1.0871
7755	0.00722043	0.125496	46.7798	-9.4526	2.4806	-0.0263109	39.7815	36.5923	1.08715
7756	0.00722133	0.125496	46.7796	-9.45248	2.48216	-0.0263111	39.783	36.5923	1.0872
7757	0.00722223	0.125496	46.7794	-9.45237	2.48328	-0.0263113	39.784	36.5922	1.08723
7758	0.00722313	0.125495	46.7793	-9.45226	2.48395	-0.0263115	39.7847	36.5922	1.08724
7759	0.00722403	0.125495	46.7791	-9.45216	2.48416	-0.0263118	39.7848	36.5921	1.08725
7760	0.00722493	0.125495	46.779	-9.45206	2.4839	-0.0263121	39.7845	36.5921	1.08724
7761	0.00722583	0.125495	46.7788	-9.45196	2.48321	-0.0263123	39.7837	36.592	1.08722
7762	0.00722672	0.125495	46.7787	-9.45187	2.48215	-0.0263125	39.7826	36.592	1.08719
7763	0.00722762	0.125495	46.7785	-9.45178	2.48075	-0.0263127	39.7812	36.592	1.08716
7764	0.00722852	0.125495	46.7784	-9.45169	2.4791	-0.0263129	39.7795	36.5919	1.08711
7765	0.00722942	0.125494	46.7783	-9.45161	2.47724	-0.026313	39.7776	36.5919	1.08706
7766	0.00723032	0.125494	46.7781	-9.45153	2.47522	-0.0263132	39.7755	36.5919	1.087
7767	0.00723122	0.125494	46.778	-9.45146	2.47308	-0.0263133	39.7733	36.5918	1.08695
7768	0.00723212	0.125494	46.7779	-9.45139	2.4709	-0.0263133	39.7711	36.5918	1.08689
7769	0.00723301	0.125494	46.7778	-9.45132	2.46871	-0.0263133	39.7689	36.5918	1.08683
7770	0.00723391	0.125494	46.7777	-9.45125	2.46658	-0.0263133	39.7667	36.5917	1.08677
7771	0.00723481	0.125494	46.7776	-9.45119	2.46455	-0.0263133	39.7646	36.5917	1.08671
7772	0.00723571	0.125494	46.7775	-9.45113	2.46265	-0.0263133	39.7627	36.5917	1.08666
7773	0.00723661	0.125494	46.7774	-9.45107	2.4609	-0.0263133	39.7609	36.5916	1.08661
7774	0.00723751	0.125494	46.7773	-9.45102	2.45932	-0.0263132	39.7593	36.5916	1.08657
7775	0.00723841	0.125493	46.7772	-9.45097	2.45791	-0.0263131	39.7579	36.5916	1.08653
7776	0.00723931	0.125493	46.7772	-9.45092	2.45664	-0.0263131	39.7566	36.5916	1.0865
7777	0.0072402	0.125493	46.7771	-9.45088	2.45545	-0.026313	39.7554	36.5916	1.08646
7778	0.0072411	0.125493	46.777	-9.45084	2.4541	-0.0263129	39.754	36.5915	1.08643
7779	0.007242	0.125493	46.777	-9.4508	2.45112	-0.0263126	39.751	36.5915	1.08634
7780	0.0072429	0.125493	46.7769	-9.45076	2.44917	-0.0263124	39.749	36.5915	1.08629
7781	0.0072438	0.125493	46.7769	-9.45073	2.44812	-0.0263122	39.7479	36.5915	1.08626
7782	0.0072447	0.125493	46.7768	-9.4507	2.44776	-0.0263119	39.7476	36.5915	1.08625
7783	0.0072456	0.125493	46.7768	-9.45067	2.44792	-0.0263117	39.7477	36.5915	1.08626
7784	0.00724649	0.125493	46.7767	-9.45065	2.44849	-0.0263114	39.7483	36.5914	1.08627
7785	0.00724739	0.125493	46.7767	-9.45062	2.4494	-0.0263112	39.7492	36.5914	1.0863
7786	0.00724829	0.125493	46.7767	-9.4506	2.45057	-0.026311	39.7503	36.5914	1.08633
7787	0.00724919	0.125493	46.7766	-9.45059	2.45197	-0.0263107	39.7517	36.5914	1.08637
7788	0.00725009	0.125493	46.7766	-9.45057	2.4557	-0.0263106	39.7554	36.5914	1.08647
7789	0.00725099	0.125493	46.7766	-9.45056	2.45996	-0.0263105	39.7597	36.5914	1.08659
7790	0.00725189	0.125493	46.7766	-9.45055	2.46421	-0.0263103	39.7639	36.5914	1.0867
7791	0.00725278	0.125493	46.7766	-9.45054	2.46834	-0.0263102	39.768	36.5914	1.08681
7792	0.00725368	0.125493	46.7766	-9.45054	2.47231	-0.02631	39.772	36.5914	1.08692
7793	0.00725458	0.125493	46.7765	-9.45054	2.47604	-0.0263099	39.7757	36.5914	1.08702
7794	0.00725548	0.125493	46.7765	-9.45054	2.47949	-0.0263098	39.7792	36.5914	1.08712
7795	0.00725638	0.125493	46.7766	-9.45054	2.4826	-0.0263098	39.7823	36.5914	1.0872
7796	0.00725728	0.125493	46.7766	-9.45055	2.48535	-0.0263099	39.785	36.5914	1.08728
7797	0.00725818	0.125493	46.7766	-9.45056	2.48769	-0.02631	39.7874	36.5914	1.08734
7798	0.00725907	0.125493	46.7766	-9.45057	2.48961	-0.0263102	39.7893	36.5914	1.0874
7799	0.00725997	0.125493	46.7766	-9.45058	2.49107	-0.0263105	39.7908	36.5914	1.08744
7800	0.00726087	0.125493	46.7766	-9.4506	2.49209	-0.0263108	39.7918	36.5914	1.08746
7801	0.00726177	0.125493	46.7767	-9.45062	2.49267	-0.0263111	39.7924	36.5914	1.08748
7802	0.00726267	0.125493	46.7767	-9.45064	2.49281	-0.0263114	39.7925	36.5914	1.08748
7803	0.00726357	0.125493	46.7767	-9.45066	2.49249	-0.0263117	39.7922	36.5914	1.08747
7804	0.00726447	0.125493	46.7768	-9.45069	2.49177	-0.026312	39.7915	36.5914	1.08745
7805	0.00726537	0.125493	46.7768	-9.45071	2.49069	-0.0263123	39.7905	36.5915	1.08743
7806	0.00726626	0.125493	46.7768	-9.45074	2.48931	-0.0263126	39.7891	36.5915	1.08739
7807	0.00726716	0.125493	46.7769	-9.45076	2.4877	-0.0263128	39.7875	36.5915	1.08734
7808	0.00726806	0.125493	46.7769	-9.45079	2.48591	-0.026313	39.7857	36.5915	1.08729
7809	0.00726896	0.125493	46.777	-9.45082	2.48398	-0.0263132	39.7838	36.5915	1.08724
7810	0.00726986	0.125493	46.777	-9.45085	2.48197	-0.0263133	39.7818	36.5915	1.08719
7811	0.00727076	0.125493	46.777	-9.45087	2.47994	-0.0263134	39.7798	36.5915	1.08713
7812	0.00727166	0.125493	46.7771	-9.4509	2.47793	-0.0263135	39.7778	36.5915	1.08708
7813	0.00727256	0.125493	46.7771	-9.45092	2.47599	-0.0263135	39.7759	36.5915	1.08702
7814	0.00727345	0.125493	46.7772	-9.45095	2.47414	-0.0263135	39.774	36.5916	1.08697
7815	0.00727435	0.125493	46.7772	-9.45097	2.47241	-0.0263135	39.7723	36.5916	1.08693
7816	0.00727525	0.125493	46.7772	-9.451	2.47079	-0.0263134	39.7707	36.5916	1.08688
7817	0.00727615	0.125493	46.7773	-9.45102	2.46926	-0.0263134	39.7692	36.5916	1.08684
7818	0.00727705	0.125493	46.7773	-9.45104	2.4677	-0.0263133	39.7677	36.5916	1.0868
7819	0.00727795	0.125493	46.7773	-9.45106	2.4657	-0.0263132	39.7657	36.5916	1.08674
7820	0.00727885	0.125494	46.7774	-9.45108	2.4622	-0.0263129	39.7622	36.5916	1.08665
7821	0.00727974	0.125494	46.7774	-9.4511	2.45993	-0.0263127	39.7599	36.5916	1.08659
7822	0.00728064	0.125494	46.7774	-9.45113	2.45859	-0.0263125	39.7586	36.5916	1.08655
7823	0.00728154	0.125494	46.7775	-9.45115	2.45798	-0.0263122	39.758	36.5916	1.08653
7824	0.00728244	0.125494	46.7775	-9.45117	2.45794	-0.026312	39.758	36.5916	1.08653
7825	0.00728334	0.125494	46.7775	-9.45119	2.45836	-0.0263117	39.7584	36.5917	1.08654
7826	0.00728424	0.125494	46.7776	-9.45121	2.45916	-0.0263115	39.7592	36.5917	1.08656
7827	0.00728514	0.125494	46.7776	-9.45123	2.46029	-0.0263113	39.7603	36.5917	1.0866
7828	0.00728604	0.125494	46.7776	-9.45125	2.46169	-0.026311	39.7618	36.5917	1.08663
7829	0.00728693	0.125494	46.7777	-9.45127	2.46519	-0.0263109	39.7653	36.5917	1.08673
7830	0.00728783	0.125494	46.7777	-9.45128	2.46954	-0.0263109	39.7696	36.5917	1.08685
7831	0.00728873	0.125494	46.7777	-9.45131	2.47395	-0.0263107	39.774	36.5917	1.08697
7832	0.00728963	0.125494	46.7778	-9.45133	2.47828	-0.0263106	39.7784	36.5917	1.08709
7833	0.00729053	0.125494	46.7778	-9.45135	2.48246	-0.0263105	39.7826	36.5917	1.0872
7834	0.00729143	0.125494	46.7778	-9.45137	2.48644	-0.0263104	39.7866	36.5917	1.08731
7835	0.00729233	0.125494	46.7778	-9.45139	2.49016	-0.0263103	39.7903	36.5917	1.08741
7836	0.00729322	0.125494	46.7779	-9.45141	2.49356	-0.0263103	39.7937	36.5918	1.08751
7837	0.00729412	0.125494	46.7779	-9.45144	2.49659	-0.0263104	39.7968	36.5918	1.08759
7838	0.00729502	0.125494	46.778	-9.45147	2.49921	-0.0263106	39.7994	36.5918	1.08766
7839	0.00729592	0.125494	46.778	-9.4515	2.5014	-0.0263108	39.8016	36.5918	1.08772
7840	0.00729682	0.125494	46.7781	-9.45153	2.50313	-0.026311	39.8033	36.5918	1.08777
7841	0.00729772	0.125494	46.7781	-9.45156	2.5044	-0.0263113	39.8046	36.5918	1.0878
7842	0.00729862	0.125494	46.7782	-9.4516	2.50519	-0.0263116	39.8054	36.5918	1.08782
7843	0.00729951	0.125494	46.7782	-9.45165	2.50552	-0.0263119	39.8058	36.5918	1.08783
7844	0.00730041	0.125494	46.7783	-9.4517	2.50537	-0.0263123	39.8057	36.5919	1.08783
7845	0.00730131	0.125494	46.7784	-9.45175	2.50476	-0.0263126	39.8051	36.5919	1.08781
7846	0.00730221	0.125495	46.7785	-9.4518	2.50375	-0.0263129	39.8041	36.5919	1.08778
7847	0.00730311	0.125495	46.7786	-9.45187	2.50241	-0.0263132	39.8028	36.5919	1.08775
7848	0.00730401	0.125495	46.7787	-9.45193	2.50079	-0.0263135	39.8012	36.592	1.0877
7849	0.00730491	0.125495	46.7788	-9.452	2.49896	-0.0263137	39.7994	36.592	1.08765
7850	0.00730581	0.125495	46.7789	-9.45208	2.49696	-0.0263139	39.7975	36.592	1.0876
7851	0.0073067	0.125495	46.779	-9.45216	2.49485	-0.0263141	39.7954	36.592	1.08754
7852	0.0073076	0.125495	46.7791	-9.45224	2.49268	-0.0263142	39.7933	36.5921	1.08748
7853	0.0073085	0.125495	46.7793	-9.45233	2.4905	-0.0263143	39.7911	36.5921	1.08742
7854	0.0073094	0.125495	46.7794	-9.45242	2.48835	-0.0263144	39.789	36.5922	1.08736
7855	0.0073103	0.125496	46.7796	-9.45252	2.48626	-0.0263144	39.787	36.5922	1.08731
7856	0.0073112	0.125496	46.7797	-9.45262	2.48422	-0.0263144	39.785	36.5922	1.08725
7857	0.0073121	0.125496	46.7799	-9.45272	2.48218	-0.0263144	39.783	36.5923	1.0872
7858	0.007313	0.125496	46.78	-9.45283	2.4799	-0.0263143	39.7808	36.5923	1.08713
7859	0.00731389	0.125496	46.7802	-9.45295	2.47583	-0.0263141	39.7768	36.5924	1.08702
7860	0.00731479	0.125496	46.7804	-9.45306	2.47251	-0.0263139	39.7735	36.5924	1.08693
7861	0.00731569	0.125496	46.7806	-9.45319	2.47031	-0.0263137	39.7714	36.5925	1.08687
7862	0.00731659	0.125497	46.7808	-9.45331	2.46899	-0.0263135	39.7701	36.5925	1.08684
7863	0.00731749	0.125497	46.781	-9.45344	2.46835	-0.0263133	39.7696	36.5926	1.08682
7864	0.00731839	0.125497	46.7812	-9.45358	2.46827	-0.026313	39.7696	36.5926	1.08682
7865	0.00731929	0.125497	46.7814	-9.45372	2.46866	-0.0263128	39.77	36.5927	1.08683
7866	0.00732019	0.125497	46.7816	-9.45386	2.46946	-0.0263126	39.7709	36.5928	1.08685
7867	0.00732108	0.125498	46.7818	-9.45401	2.47062	-0.0263124	39.7721	36.5928	1.08688
7868	0.00732198	0.125498	46.7821	-9.45416	2.47207	-0.0263122	39.7737	36.5929	1.08692
7869	0.00732288	0.125498	46.7823	-9.45432	2.47589	-0.0263121	39.7776	36.5929	1.08703
7870	0.00732378	0.125498	46.7826	-9.45448	2.48037	-0.026312	39.7821	36.593	1.08715
7871	0.00732468	0.125499	46.7828	-9.45464	2.48488	-0.0263119	39.7867	36.5931	1.08727
7872	0.00732558	0.125499	46.7831	-9.45481	2.48932	-0.0263118	39.7913	36.5931	1.0874
7873	0.00732648	0.125499	46.7833	-9.45497	2.49361	-0.0263117	39.7956	36.5932	1.08751
7874	0.00732738	0.125499	46.7836	-9.45515	2.49769	-0.0263117	39.7998	36.5933	1.08763
7875	0.00732827	0.1255	46.7839	-9.45532	2.50149	-0.0263116	39.8037	36.5934	1.08773
7876	0.00732917	0.1255	46.7841	-9.4555	2.50495	-0.0263117	39.8073	36.5934	1.08783
7877	0.00733007	0.1255	46.7844	-9.45569	2.50802	-0.0263118	39.8104	36.5935	1.08791
7878	0.00733097	0.1255	46.7847	-9.45587	2.51066	-0.026312	39.8132	36.5936	1.08798
7879	0.00733187	0.125501	46.785	-9.45606	2.51285	-0.0263122	39.8155	36.5937	1.08804
7880	0.00733277	0.125501	46.7853	-9.45625	2.51455	-0.0263125	39.8173	36.5938	1.08809
7881	0.00733367	0.125501	46.7856	-9.45645	2.51576	-0.0263128	39.8186	36.5938	1.08812
7882	0.00733456	0.125501	46.7859	-9.45665	2.51648	-0.0263131	39.8194	36.5939	1.08814
7883	0.00733546	0.125502	46.7862	-9.45685	2.5167	-0.0263134	39.8197	36.594	1.08815
7884	0.00733636	0.125502	46.7865	-9.45705	2.5164	-0.0263138	39.8196	36.5941	1.08814
7885	0.00733726	0.125502	46.7868	-9.45726	2.51564	-0.0263141	39.8189	36.5942	1.08812
7886	0.00733816	0.125503	46.7872	-9.45747	2.51447	-0.0263145	39.8179	36.5943	1.08809
7887	0.00733906	0.125503	46.7875	-9.45768	2.51295	-0.0263148	39.8164	36.5944	1.08805
7888	0.00733996	0.125503	46.7878	-9.45789	2.51114	-0.026315	39.8148	36.5945	1.088
7889	0.00734086	0.125504	46.7882	-9.45811	2.50912	-0.0263153	39.8128	36.5945	1.08794
7890	0.00734176	0.125504	46.7885	-9.45833	2.50692	-0.0263155	39.8108	36.5946	1.08789
7891	0.00734265	0.125504	46.7888	-9.45855	2.50461	-0.0263157	39.8086	36.5947	1.08782
7892	0.00734355	0.125505	46.7892	-9.45877	2.50223	-0.0263158	39.8063	36.5948	1.08776
7893	0.00734445	0.125505	46.7895	-9.459	2.49984	-0.026316	39.804	36.5949	1.08769
7894	0.00734535	0.125505	46.7899	-9.45923	2.49746	-0.026316	39.8018	36.595	1.08763
7895	0.00734625	0.125506	46.7902	-9.45946	2.49511	-0.0263161	39.7996	36.5951	1.08756
7896	0.00734715	0.125506	46.7906	-9.45969	2.49274	-0.0263161	39.7973	36.5952	1.0875
7897	0.00734805	0.125506	46.791	-9.45993	2.49012	-0.0263161	39.7948	36.5953	1.08743
7898	0.00734895	0.125507	46.7913	-9.46017	2.4858	-0.0263159	39.7906	36.5954	1.08731
7899	0.00734984	0.125507	46.7917	-9.46041	2.48199	-0.0263157	39.787	36.5955	1.08721
7900	0.00735074	0.125507	46.7921	-9.46065	2.47938	-0.0263155	39.7845	36.5956	1.08714
7901	0.00735164	0.125508	46.7925	-9.4609	2.47769	-0.0263153	39.7829	36.5957	1.08709
7902	0.00735254	0.125508	46.7928	-9.46114	2.47674	-0.0263151	39.7821	36.5958	1.08707
7903	0.00735344	0.125508	46.7932	-9.4614	2.4764	-0.0263149	39.7819	36.5959	1.08706
7904	0.00735434	0.125509	46.7936	-9.46165	2.47657	-0.0263146	39.7822	36.596	1.08706
7905	0.00735524	0.125509	46.794	-9.46191	2.47719	-0.0263144	39.783	36.5962	1.08708
7906	0.00735614	0.125509	46.7944	-9.46217	2.4782	-0.0263142	39.7841	36.5963	1.08711
7907	0.00735703	0.12551	46.7948	-9.46243	2.47955	-0.026314	39.7856	36.5964	1.08715
7908	0.00735793	0.12551	46.7952	-9.46269	2.48299	-0.026314	39.7892	36.5965	1.08724
7909	0.00735883	0.125511	46.7956	-9.46296	2.48742	-0.0263139	39.7938	36.5966	1.08736
7910	0.00735973	0.125511	46.7961	-9.46323	2.49193	-0.0263138	39.7984	36.5967	1.08749
7911	0.00736063	0.125511	46.7965	-9.4635	2.4964	-0.0263137	39.8031	36.5968	1.08761
7912	0.00736153	0.125512	46.7969	-9.46378	2.50075	-0.0263136	39.8076	36.597	1.08773
7913	0.00736243	0.125512	46.7973	-9.46405	2.5049	-0.0263136	39.8119	36.5971	1.08784
7914	0.00736333	0.125513	46.7978	-9.46433	2.50878	-0.0263136	39.8159	36.5972	1.08795
7915	0.00736422	0.125513	46.7982	-9.46461	2.51234	-0.0263136	39.8196	36.5973	1.08805
7916	0.00736512	0.125513	46.7986	-9.46489	2.51551	-0.0263137	39.8229	36.5974	1.08813
7917	0.00736602	0.125514	46.7991	-9.46518	2.51825	-0.0263138	39.8258	36.5976	1.08821
7918	0.00736692	0.125514	46.7995	-9.46546	2.52053	-0.0263141	39.8283	36.5977	1.08827
7919	0.00736782	0.125515	46.7999	-9.46575	2.52232	-0.0263143	39.8302	36.5978	1.08832
7920	0.00736872	0.125515	46.8004	-9.46604	2.52362	-0.0263146	39.8317	36.5979	1.08836
7921	0.00736962	0.125516	46.8008	-9.46633	2.52441	-0.0263149	39.8326	36.598	1.08838
7922	0.00737051	0.125516	46.8013	-9.46662	2.52468	-0.0263153	39.833	36.5982	1.08839
7923	0.00737141	0.125516	46.8017	-9.46691	2.52442	-0.0263156	39.8329	36.5983	1.08838
7924	0.00737231	0.125517	46.8022	-9.4672	2.52368	-0.026316	39.8324	36.5984	1.08836
7925	0.00737321	0.125517	46.8026	-9.46749	2.5225	-0.0263163	39.8313	36.5985	1.08833
7926	0.00737411	0.125518	46.8031	-9.46779	2.52094	-0.0263166	39.8299	36.5987	1.08829
7927	0.00737501	0.125518	46.8036	-9.46808	2.51909	-0.0263169	39.8282	36.5988	1.08824
7928	0.00737591	0.125519	46.804	-9.46838	2.517	-0.0263171	39.8263	36.5989	1.08818
7929	0.00737681	0.125519	46.8045	-9.46868	2.51471	-0.0263174	39.8242	36.599	1.08812
7930	0.0073777	0.125519	46.805	-9.46899	2.51228	-0.0263175	39.8219	36.5992	1.08806
7931	0.0073786	0.12552	46.8054	-9.46929	2.50976	-0.0263177	39.8196	36.5993	1.08799
7932	0.0073795	0.12552	46.8059	-9.46959	2.5072	-0.0263178	39.8172	36.5994	1.08792
7933	0.0073804	0.125521	46.8064	-9.46989	2.50462	-0.0263179	39.8148	36.5996	1.08785
7934	0.0073813	0.125521	46.8068	-9.47019	2.50201	-0.0263179	39.8123	36.5997	1.08778
7935	0.0073822	0.125522	46.8073	-9.47049	2.49925	-0.0263179	39.8097	36.5998	1.0877
7936	0.0073831	0.125522	46.8078	-9.4708	2.49571	-0.0263179	39.8063	36.6	1.08761
7937	0.007384	0.125523	46.8082	-9.47111	2.49086	-0.0263177	39.8017	36.6001	1.08747
7938	0.0073849	0.125523	46.8087	-9.47142	2.48737	-0.0263175	39.7984	36.6002	1.08738
7939	0.00738579	0.125523	46.8092	-9.47173	2.48495	-0.0263173	39.7961	36.6004	1.08731
7940	0.00738669	0.125524	46.8097	-9.47204	2.48338	-0.0263171	39.7947	36.6005	1.08727
7941	0.00738759	0.125524	46.8102	-9.47236	2.4825	-0.0263168	39.794	36.6006	1.08725
7942	0.00738849	0.125525	46.8107	-9.47267	2.48219	-0.0263166	39.7939	36.6008	1.08724
7943	0.00738939	0.125525	46.8111	-9.47299	2.48238	-0.0263164	39.7942	36.6009	1.08725
7944	0.00739029	0.125526	46.8116	-9.47331	2.48301	-0.0263162	39.795	36.601	1.08727
7945	0.00739119	0.125526	46.8121	-9.47363	2.48403	-0.026316	39.7962	36.6012	1.08729
7946	0.00739209	0.125527	46.8126	-9.47395	2.48538	-0.0263158	39.7977	36.6013	1.08733
7947	0.00739298	0.125527	46.8131	-9.47427	2.48914	-0.0263157	39.8017	36.6014	1.08743
7948	0.00739388	0.125528	46.8136	-9.4746	2.49357	-0.0263157	39.8063	36.6016	1.08756
7949	0.00739478	0.125528	46.8141	-9.47492	2.49804	-0.0263156	39.8109	36.6017	1.08768
7950	0.00739568	0.125529	46.8146	-9.47525	2.50246	-0.0263155	39.8155	36.6019	1.0878
7951	0.00739658	0.125529	46.8151	-9.47557	2.50673	-0.0263154	39.82	36.602	1.08792
7952	0.00739748	0.12553	46.8156	-9.4759	2.51079	-0.0263154	39.8242	36.6021	1.08803
7953	0.00739838	0.12553	46.8162	-9.47623	2.51457	-0.0263154	39.8282	36.6023	1.08813
7954	0.00739927	0.125531	46.8167	-9.47656	2.518	-0.0263154	39.8318	36.6024	1.08823
7955	0.00740017	0.125531	46.8172	-9.47689	2.52103	-0.0263155	39.835	36.6026	1.08831
7956	0.00740107	0.125532	46.8177	-9.47722	2.52362	-0.0263157	39.8378	36.6027	1.08838
7957	0.00740197	0.125532	46.8182	-9.47756	2.52572	-0.0263159	39.8401	36.6028	1.08844
7958	0.00740287	0.125533	46.8187	-9.47789	2.52733	-0.0263162	39.8418	36.603	1.08849
7959	0.00740377	0.125533	46.8192	-9.47822	2.52843	-0.0263165	39.8431	36.6031	1.08852
7960	0.00740467	0.125533	46.8198	-9.47856	2.52901	-0.0263168	39.8439	36.6033	1.08853
7961	0.00740557	0.125534	46.8203	-9.47889	2.52904	-0.0263171	39.8441	36.6034	1.08854
7962	0.00740646	0.125534	46.8208	-9.47923	2.52855	-0.0263175	39.8438	36.6036	1.08852
7963	0.00740736	0.125535	46.8213	-9.47957	2.52757	-0.0263178	39.843	36.6037	1.0885
7964	0.00740826	0.125535	46.8218	-9.47991	2.52615	-0.0263181	39.8418	36.6038	1.08846
7965	0.00740916	0.125536	46.8224	-9.48025	2.52437	-0.0263184	39.8402	36.604	1.08841
7966	0.00741006	0.125536	46.8229	-9.48059	2.52228	-0.0263187	39.8383	36.6041	1.08835
7967	0.00741096	0.125537	46.8234	-9.48093	2.51997	-0.0263189	39.8361	36.6043	1.08829
7968	0.00741186	0.125537	46.8239	-9.48127	2.51746	-0.0263191	39.8338	36.6044	1.08822
7969	0.00741276	0.125538	46.8245	-9.48161	2.51482	-0.0263193	39.8314	36.6046	1.08815
7970	0.00741365	0.125538	46.825	-9.48195	2.51209	-0.0263194	39.8288	36.6047	1.08808
7971	0.00741455	0.125539	46.8255	-9.48229	2.5093	-0.0263195	39.8262	36.6049	1.088
7972	0.00741545	0.125539	46.8261	-9.48264	2.50648	-0.0263196	39.8236	36.605	1.08793
7973	0.00741635	0.12554	46.8266	-9.48298	2.50355	-0.0263196	39.8208	36.6052	1.08785
7974	0.00741725	0.12554	46.8271	-9.48332	2.5002	-0.0263196	39.8177	36.6053	1.08776
7975	0.00741815	0.125541	46.8277	-9.48367	2.49461	-0.0263194	39.8123	36.6055	1.08761
7976	0.00741905	0.125541	46.8282	-9.48401	2.49046	-0.0263192	39.8083	36.6056	1.08749
7977	0.00741995	0.125542	46.8287	-9.48436	2.48744	-0.026319	39.8055	36.6058	1.08741
7978	0.00742084	0.125543	46.8293	-9.4847	2.48534	-0.0263188	39.8036	36.6059	1.08735
7979	0.00742174	0.125543	46.8298	-9.48505	2.48398	-0.0263186	39.8024	36.606	1.08732
7980	0.00742264	0.125544	46.8303	-9.48539	2.48325	-0.0263183	39.8019	36.6062	1.0873
7981	0.00742354	0.125544	46.8309	-9.48574	2.48305	-0.0263181	39.8019	36.6063	1.08729
7982	0.00742444	0.125545	46.8314	-9.48609	2.48333	-0.0263179	39.8023	36.6065	1.0873
7983	0.00742534	0.125545	46.8319	-9.48643	2.48403	-0.0263177	39.8032	36.6066	1.08732
7984	0.00742624	0.125546	46.8325	-9.48678	2.4851	-0.0263175	39.8045	36.6068	1.08735
7985	0.00742714	0.125546	46.833	-9.48713	2.48815	-0.0263174	39.8077	36.6069	1.08744
7986	0.00742803	0.125547	46.8336	-9.48748	2.49234	-0.0263173	39.8121	36.6071	1.08755
7987	0.00742893	0.125547	46.8341	-9.48782	2.49666	-0.0263173	39.8166	36.6072	1.08767
7988	0.00742983	0.125548	46.8346	-9.48817	2.50095	-0.0263172	39.8211	36.6074	1.08779
7989	0.00743073	0.125548	46.8352	-9.48852	2.50514	-0.0263171	39.8255	36.6075	1.0879
7990	0.00743163	0.125549	46.8357	-9.48887	2.50915	-0.026317	39.8297	36.6077	1.08801
7991	0.00743253	0.125549	46.8362	-9.48921	2.5129	-0.026317	39.8336	36.6078	1.08812
7992	0.00743343	0.12555	46.8368	-9.48956	2.51633	-0.026317	39.8372	36.608	1.08821
7993	0.00743432	0.12555	46.8373	-9.48991	2.51938	-0.0263171	39.8405	36.6081	1.0883
7994	0.00743522	0.125551	46.8379	-9.49025	2.522	-0.0263173	39.8433	36.6083	1.08837
7995	0.00743612	0.125551	46.8384	-9.4906	2.52415	-0.0263175	39.8456	36.6084	1.08843
7996	0.00743702	0.125552	46.8389	-9.49095	2.5258	-0.0263177	39.8475	36.6086	1.08847
7997	0.00743792	0.125552	46.8395	-9.49129	2.52694	-0.026318	39.8488	36.6087	1.08851
7998	0.00743882	0.125553	46.84	-9.49164	2.52757	-0.0263183	39.8496	36.6089	1.08852
7999	0.00743972	0.125553	46.8405	-9.49198	2.52764	-0.0263186	39.8499	36.609	1.08853
8000	0.00744062	0.125554	46.8411	-9.49233	2.52718	-0.0263189	39.8496	36.6092	1.08851
8001	0.00744151	0.125554	46.8416	-9.49267	2.5262	-0.0263193	39.8488	36.6093	1.08849
8002	0.00744241	0.125555	46.8421	-9.49301	2.52478	-0.0263196	39.8476	36.6095	1.08845
8003	0.00744331	0.125555	46.8427	-9.49335	2.52296	-0.0263198	39.8459	36.6096	1.0884
8004	0.00744421	0.125556	46.8432	-9.49369	2.52081	-0.0263201	39.844	36.6098	1.08834
8005	0.00744511	0.125556	46.8437	-9.49403	2.51841	-0.0263203	39.8418	36.6099	1.08828
8006	0.00744601	0.125557	46.8442	-9.49437	2.5158	-0.0263205	39.8393	36.61	1.08821
8007	0.00744691	0.125557	46.8447	-9.4947	2.51304	-0.0263207	39.8368	36.6102	1.08813
8008	0.00744781	0.125558	46.8453	-9.49504	2.51017	-0.0263208	39.8341	36.6103	1.08806
8009	0.0074487	0.125558	46.8458	-9.49537	2.50723	-0.0263209	39.8313	36.6105	1.08798
8010	0.0074496	0.125559	46.8463	-9.49571	2.50424	-0.026321	39.8285	36.6106	1.0879
8011	0.0074505	0.125559	46.8468	-9.49604	2.50115	-0.026321	39.8256	36.6108	1.08781
8012	0.0074514	0.12556	46.8473	-9.49637	2.49772	-0.026321	39.8224	36.6109	1.08772
8013	0.0074523	0.12556	46.8478	-9.4967	2.49198	-0.0263208	39.8168	36.611	1.08756
8014	0.0074532	0.125561	46.8484	-9.49703	2.4875	-0.0263206	39.8125	36.6112	1.08744
8015	0.0074541	0.125561	46.8489	-9.49736	2.48416	-0.0263204	39.8093	36.6113	1.08735
8016	0.007455	0.125562	46.8494	-9.49768	2.48177	-0.0263202	39.8071	36.6115	1.08729
8017	0.00745589	0.125562	46.8499	-9.49801	2.48015	-0.0263199	39.8057	36.6116	1.08724
8018	0.00745679	0.125563	46.8504	-9.49833	2.47917	-0.0263197	39.8049	36.6117	1.08722
8019	0.00745769	0.125563	46.8509	-9.49865	2.47873	-0.0263195	39.8046	36.6119	1.08721
8020	0.00745859	0.125563	46.8514	-9.49897	2.47879	-0.0263192	39.8049	36.612	1.08721
8021	0.00745949	0.125564	46.8518	-9.49928	2.47929	-0.026319	39.8055	36.6122	1.08722
8022	0.00746039	0.125564	46.8523	-9.4996	2.48017	-0.0263188	39.8066	36.6123	1.08725
8023	0.00746129	0.125565	46.8528	-9.49991	2.4828	-0.0263187	39.8094	36.6124	1.08732
8024	0.00746218	0.125565	46.8533	-9.50022	2.48681	-0.0263186	39.8136	36.6126	1.08743
8025	0.00746308	0.125566	46.8538	-9.50053	2.49098	-0.0263185	39.8179	36.6127	1.08754
8026	0.00746398	0.125566	46.8543	-9.50083	2.49515	-0.0263184	39.8222	36.6128	1.08766
8027	0.00746488	0.125567	46.8547	-9.50114	2.49922	-0.0263183	39.8265	36.613	1.08777
8028	0.00746578	0.125567	46.8552	-9.50144	2.50313	-0.0263182	39.8306	36.6131	1.08788
8029	0.00746668	0.125568	46.8556	-9.50173	2.5068	-0.0263182	39.8344	36.6132	1.08798
8030	0.00746758	0.125568	46.8561	-9.50203	2.51016	-0.0263182	39.8379	36.6133	1.08807
8031	0.00746847	0.125568	46.8566	-9.50232	2.51315	-0.0263183	39.8411	36.6135	1.08815
8032	0.00746937	0.125569	46.857	-9.50261	2.51572	-0.0263184	39.8438	36.6136	1.08822
8033	0.00747027	0.125569	46.8574	-9.50289	2.51782	-0.0263185	39.8461	36.6137	1.08828
8034	0.00747117	0.12557	46.8579	-9.50317	2.51943	-0.0263188	39.8478	36.6138	1.08833
8035	0.00747207	0.12557	46.8583	-9.50345	2.52053	-0.026319	39.8491	36.614	1.08836
8036	0.00747297	0.125571	46.8587	-9.50373	2.52111	-0.0263193	39.8498	36.6141	1.08837
8037	0.00747387	0.125571	46.8592	-9.504	2.52115	-0.0263196	39.85	36.6142	1.08838
8038	0.00747476	0.125571	46.8596	-9.50427	2.52064	-0.0263199	39.8496	36.6143	1.08836
8039	0.00747566	0.125572	46.86	-9.50454	2.51962	-0.0263202	39.8488	36.6144	1.08834
8040	0.00747656	0.125572	46.8604	-9.5048	2.51813	-0.0263205	39.8474	36.6145	1.0883
8041	0.00747746	0.125573	46.8608	-9.50506	2.51625	-0.0263208	39.8457	36.6146	1.08824
8042	0.00747836	0.125573	46.8612	-9.50532	2.51403	-0.026321	39.8436	36.6148	1.08818
8043	0.00747926	0.125573	46.8616	-9.50557	2.51154	-0.0263212	39.8413	36.6149	1.08812
8044	0.00748016	0.125574	46.862	-9.50582	2.50886	-0.0263214	39.8387	36.615	1.08804
8045	0.00748106	0.125574	46.8624	-9.50607	2.50601	-0.0263216	39.836	36.6151	1.08797
8046	0.00748195	0.125574	46.8628	-9.50631	2.50305	-0.0263217	39.8332	36.6152	1.08789
8047	0.00748285	0.125575	46.8631	-9.50654	2.50004	-0.0263218	39.8303	36.6153	1.08781
8048	0.00748375	0.125575	46.8635	-9.50677	2.497	-0.0263218	39.8274	36.6154	1.08772
8049	0.00748465	0.125575	46.8638	-9.507	2.49393	-0.0263219	39.8244	36.6155	1.08764
8050	0.00748555	0.125576	46.8642	-9.50722	2.49075	-0.0263218	39.8214	36.6156	1.08755
8051	0.00748645	0.125576	46.8645	-9.50743	2.487	-0.0263218	39.8178	36.6157	1.08745
8052	0.00748735	0.125576	46.8648	-9.50765	2.48152	-0.0263215	39.8124	36.6158	1.0873
8053	0.00748825	0.125577	46.8652	-9.50785	2.47742	-0.0263213	39.8084	36.6159	1.08719
8054	0.00748914	0.125577	46.8655	-9.50806	2.47442	-0.0263211	39.8055	36.616	1.08711
8055	0.00749004	0.125577	46.8658	-9.50825	2.4723	-0.0263208	39.8035	36.616	1.08705
8056	0.00749094	0.125578	46.8661	-9.50845	2.4709	-0.0263206	39.8022	36.6161	1.08701
8057	0.00749184	0.125578	46.8664	-9.50864	2.47009	-0.0263203	39.8015	36.6162	1.08699
8058	0.00749274	0.125578	46.8667	-9.50882	2.46981	-0.0263201	39.8013	36.6163	1.08698
8059	0.00749364	0.125578	46.867	-9.509	2.46998	-0.0263198	39.8016	36.6164	1.08699
8060	0.00749454	0.125579	46.8672	-9.50918	2.47055	-0.0263196	39.8023	36.6164	1.08701
8061	0.00749543	0.125579	46.8675	-9.50935	2.47147	-0.0263193	39.8033	36.6165	1.08703
8062	0.00749633	0.125579	46.8678	-9.50952	2.47475	-0.0263192	39.8067	36.6166	1.08712
8063	0.00749723	0.125579	46.868	-9.50968	2.47874	-0.0263191	39.8108	36.6167	1.08723
8064	0.00749813	0.12558	46.8683	-9.50984	2.48281	-0.026319	39.8149	36.6167	1.08734
8065	0.00749903	0.12558	46.8685	-9.51	2.48683	-0.0263189	39.819	36.6168	1.08745
8066	0.00749993	0.12558	46.8687	-9.51015	2.49074	-0.0263187	39.823	36.6169	1.08756
8067	0.00750083	0.12558	46.869	-9.5103	2.49445	-0.0263186	39.8268	36.6169	1.08766
8068	0.00750172	0.125581	46.8692	-9.51044	2.49789	-0.0263186	39.8303	36.617	1.08776
8069	0.00750262	0.125581	46.8694	-9.51058	2.50101	-0.0263186	39.8335	36.6171	1.08784
8070	0.00750352	0.125581	46.8696	-9.51072	2.50373	-0.0263186	39.8363	36.6171	1.08792
8071	0.00750442	0.125581	46.8698	-9.51085	2.50603	-0.0263188	39.8387	36.6172	1.08798
8072	0.00750532	0.125581	46.87	-9.51098	2.50785	-0.0263189	39.8406	36.6172	1.08803
8073	0.00750622	0.125582	46.8702	-9.5111	2.50918	-0.0263191	39.842	36.6173	1.08807
8074	0.00750711	0.125582	46.8704	-9.51122	2.51	-0.0263194	39.8429	36.6173	1.08809
8075	0.00750801	0.125582	46.8706	-9.51134	2.51032	-0.0263196	39.8433	36.6174	1.0881
8076	0.00750891	0.125582	46.8708	-9.51145	2.51008	-0.0263199	39.8431	36.6174	1.08809
8077	0.00750981	0.125582	46.871	-9.51156	2.50932	-0.0263202	39.8424	36.6175	1.08807
8078	0.00751071	0.125582	46.8711	-9.51167	2.50807	-0.0263205	39.8412	36.6175	1.08804
8079	0.00751161	0.125583	46.8713	-9.51177	2.50639	-0.0263207	39.8396	36.6176	1.08799
8080	0.00751251	0.125583	46.8714	-9.51187	2.50434	-0.026321	39.8376	36.6176	1.08793
8081	0.0075134	0.125583	46.8716	-9.51196	2.50198	-0.0263212	39.8353	36.6177	1.08787
8082	0.0075143	0.125583	46.8717	-9.51205	2.4994	-0.0263214	39.8328	36.6177	1.0878
8083	0.0075152	0.125583	46.8719	-9.51214	2.49665	-0.0263215	39.83	36.6177	1.08773
8084	0.0075161	0.125583	46.872	-9.51222	2.49376	-0.0263217	39.8272	36.6178	1.08765
8085	0.007517	0.125583	46.8721	-9.5123	2.49081	-0.0263218	39.8243	36.6178	1.08757
8086	0.0075179	0.125584	46.8722	-9.51238	2.48785	-0.0263218	39.8214	36.6179	1.08749
8087	0.0075188	0.125584	46.8724	-9.51245	2.48491	-0.0263219	39.8185	36.6179	1.08741
8088	0.0075197	0.125584	46.8725	-9.51252	2.48203	-0.0263219	39.8157	36.6179	1.08733
8089	0.00752059	0.125584	46.8726	-9.51259	2.47919	-0.0263218	39.8129	36.6179	1.08725
8090	0.00752149	0.125584	46.8727	-9.51265	2.47633	-0.0263218	39.81	36.618	1.08717
8091	0.00752239	0.125584	46.8728	-9.51271	2.47305	-0.0263217	39.8068	36.618	1.08708
8092	0.00752329	0.125584	46.8728	-9.51276	2.46799	-0.0263214	39.8018	36.618	1.08694
8093	0.00752419	0.125584	46.8729	-9.51281	2.4643	-0.0263212	39.7981	36.6181	1.08684
8094	0.00752509	0.125584	46.873	-9.51286	2.46167	-0.0263209	39.7955	36.6181	1.08677
8095	0.00752599	0.125584	46.8731	-9.5129	2.45989	-0.0263207	39.7937	36.6181	1.08672
8096	0.00752688	0.125584	46.8731	-9.51294	2.45878	-0.0263204	39.7927	36.6181	1.08669
8097	0.00752778	0.125584	46.8732	-9.51298	2.45823	-0.0263201	39.7921	36.6181	1.08668
8098	0.00752868	0.125585	46.8732	-9.51302	2.45816	-0.0263199	39.7921	36.6181	1.08668
8099	0.00752958	0.125585	46.8733	-9.51305	2.45849	-0.0263196	39.7924	36.6182	1.08669
8100	0.00753048	0.125585	46.8733	-9.51308	2.45918	-0.0263193	39.7931	36.6182	1.0867
8101	0.00753138	0.125585	46.8734	-9.5131	2.46095	-0.0263191	39.7949	36.6182	1.08675
8102	0.00753227	0.125585	46.8734	-9.51312	2.46464	-0.026319	39.7986	36.6182	1.08685
8103	0.00753317	0.125585	46.8735	-9.51314	2.46857	-0.0263189	39.8026	36.6182	1.08696
8104	0.00753407	0.125585	46.8735	-9.51316	2.4725	-0.0263187	39.8065	36.6182	1.08707
8105	0.00753497	0.125585	46.8735	-9.51317	2.47634	-0.0263185	39.8104	36.6182	1.08717
8106	0.00753587	0.125585	46.8735	-9.51318	2.48003	-0.0263184	39.8141	36.6182	1.08727
8107	0.00753677	0.125585	46.8735	-9.51319	2.4835	-0.0263183	39.8175	36.6182	1.08737
8108	0.00753767	0.125585	46.8735	-9.5132	2.48668	-0.0263182	39.8207	36.6182	1.08746
8109	0.00753856	0.125585	46.8736	-9.51321	2.4895	-0.0263182	39.8235	36.6182	1.08753
8110	0.00753946	0.125585	46.8736	-9.51321	2.49193	-0.0263183	39.826	36.6182	1.0876
8111	0.00754036	0.125585	46.8736	-9.51322	2.49392	-0.0263184	39.828	36.6182	1.08765
8112	0.00754126	0.125585	46.8736	-9.51322	2.49544	-0.0263185	39.8295	36.6182	1.0877
8113	0.00754216	0.125585	46.8736	-9.51322	2.49648	-0.0263187	39.8305	36.6182	1.08772
8114	0.00754306	0.125585	46.8736	-9.51322	2.49703	-0.026319	39.8311	36.6182	1.08774
8115	0.00754395	0.125585	46.8736	-9.51322	2.49709	-0.0263193	39.8311	36.6182	1.08774
8116	0.00754485	0.125585	46.8736	-9.51322	2.49661	-0.0263195	39.8307	36.6182	1.08773
8117	0.00754575	0.125585	46.8736	-9.51322	2.49565	-0.0263198	39.8297	36.6182	1.0877
8118	0.00754665	0.125585	46.8736	-9.51322	2.49423	-0.02632	39.8283	36.6182	1.08766
8119	0.00754755	0.125585	46.8736	-9.51322	2.49243	-0.0263203	39.8265	36.6182	1.08761
8120	0.00754845	0.125585	46.8736	-9.51322	2.4903	-0.0263205	39.8243	36.6182	1.08755
8121	0.00754935	0.125585	46.8736	-9.51322	2.48792	-0.0263207	39.822	36.6182	1.08749
8122	0.00755024	0.125585	46.8736	-9.51322	2.48535	-0.0263209	39.8194	36.6182	1.08742
8123	0.00755114	0.125585	46.8736	-9.51322	2.48264	-0.026321	39.8167	36.6182	1.08735
8124	0.00755204	0.125585	46.8736	-9.51322	2.47984	-0.0263211	39.8139	36.6182	1.08727
8125	0.00755294	0.125585	46.8736	-9.51321	2.47702	-0.0263212	39.8111	36.6182	1.08719
8126	0.00755384	0.125585	46.8736	-9.51321	2.47423	-0.0263212	39.8083	36.6182	1.08712
8127	0.00755474	0.125585	46.8736	-9.51321	2.47152	-0.0263212	39.8056	36.6182	1.08704
8128	0.00755564	0.125585	46.8736	-9.51321	2.46891	-0.0263212	39.803	36.6182	1.08697
8129	0.00755653	0.125585	46.8736	-9.51321	2.46644	-0.0263211	39.8005	36.6182	1.0869
8130	0.00755743	0.125585	46.8736	-9.51321	2.46411	-0.0263211	39.7981	36.6182	1.08684
8131	0.00755833	0.125585	46.8736	-9.51321	2.46187	-0.026321	39.7959	36.6182	1.08678
8132	0.00755923	0.125585	46.8736	-9.5132	2.45957	-0.0263209	39.7936	36.6182	1.08672
8133	0.00756013	0.125585	46.8736	-9.5132	2.45649	-0.0263207	39.7905	36.6182	1.08663
8134	0.00756103	0.125585	46.8735	-9.5132	2.45274	-0.0263204	39.7868	36.6182	1.08653
8135	0.00756192	0.125585	46.8735	-9.51319	2.45015	-0.0263202	39.7842	36.6182	1.08646
8136	0.00756282	0.125585	46.8735	-9.51319	2.44847	-0.0263199	39.7825	36.6182	1.08641
8137	0.00756372	0.125585	46.8735	-9.51318	2.44749	-0.0263197	39.7815	36.6182	1.08639
8138	0.00756462	0.125585	46.8735	-9.51317	2.44707	-0.0263194	39.7811	36.6182	1.08637
8139	0.00756552	0.125585	46.8735	-9.51316	2.44711	-0.0263191	39.7811	36.6182	1.08637
8140	0.00756642	0.125585	46.8735	-9.51315	2.44751	-0.0263188	39.7815	36.6182	1.08639
8141	0.00756732	0.125585	46.8735	-9.51314	2.44824	-0.0263186	39.7822	36.6182	1.08641
8142	0.00756821	0.125585	46.8734	-9.51313	2.44922	-0.0263183	39.7832	36.6182	1.08643
8143	0.00756911	0.125585	46.8734	-9.51311	2.4526	-0.0263182	39.7866	36.6182	1.08652
8144	0.00757001	0.125585	46.8734	-9.5131	2.45649	-0.026318	39.7905	36.6182	1.08663
8145	0.00757091	0.125585	46.8734	-9.51308	2.46039	-0.0263178	39.7944	36.6182	1.08674
8146	0.00757181	0.125585	46.8733	-9.51306	2.4642	-0.0263176	39.7982	36.6182	1.08684
8147	0.00757271	0.125585	46.8733	-9.51304	2.46785	-0.0263175	39.8018	36.6182	1.08694
8148	0.0075736	0.125585	46.8733	-9.51302	2.47128	-0.0263173	39.8052	36.6182	1.08703
8149	0.0075745	0.125585	46.8732	-9.51299	2.47443	-0.0263172	39.8084	36.6182	1.08712
8150	0.0075754	0.125585	46.8732	-9.51296	2.47725	-0.0263172	39.8112	36.6182	1.0872
8151	0.0075763	0.125584	46.8732	-9.51293	2.47969	-0.0263172	39.8136	36.6181	1.08726
8152	0.0075772	0.125584	46.8731	-9.5129	2.48172	-0.0263173	39.8156	36.6181	1.08732
8153	0.0075781	0.125584	46.8731	-9.51286	2.4833	-0.0263175	39.8172	36.6181	1.08736
8154	0.00757899	0.125584	46.873	-9.51283	2.48443	-0.0263177	39.8183	36.6181	1.08739
8155	0.00757989	0.125584	46.8729	-9.51278	2.48509	-0.0263179	39.8189	36.6181	1.08741
8156	0.00758079	0.125584	46.8729	-9.51274	2.48529	-0.0263182	39.8191	36.6181	1.08742
8157	0.00758169	0.125584	46.8728	-9.51269	2.485	-0.0263184	39.8188	36.618	1.08741
8158	0.00758259	0.125584	46.8727	-9.51264	2.48424	-0.0263187	39.818	36.618	1.08739
8159	0.00758349	0.125584	46.8726	-9.51259	2.48304	-0.026319	39.8168	36.618	1.08736
8160	0.00758439	0.125584	46.8726	-9.51253	2.48147	-0.0263192	39.8152	36.618	1.08731
8161	0.00758528	0.125584	46.8725	-9.51247	2.47957	-0.0263195	39.8132	36.618	1.08726
8162	0.00758618	0.125584	46.8724	-9.51241	2.47742	-0.0263197	39.8111	36.6179	1.0872
8163	0.00758708	0.125584	46.8723	-9.51235	2.4751	-0.0263198	39.8087	36.6179	1.08714
8164	0.00758798	0.125584	46.8722	-9.51228	2.47263	-0.02632	39.8062	36.6179	1.08707
8165	0.00758888	0.125583	46.8721	-9.51222	2.47007	-0.0263201	39.8036	36.6179	1.087
8166	0.00758978	0.125583	46.872	-9.51215	2.4675	-0.0263202	39.801	36.6178	1.08693
8167	0.00759067	0.125583	46.8719	-9.51207	2.46495	-0.0263202	39.7984	36.6178	1.08686
8168	0.00759157	0.125583	46.8717	-9.512	2.46248	-0.0263202	39.7959	36.6178	1.08679
8169	0.00759247	0.125583	46.8716	-9.51192	2.46014	-0.0263202	39.7935	36.6177	1.08673
8170	0.00759337	0.125583	46.8715	-9.51184	2.45795	-0.0263202	39.7913	36.6177	1.08667
8171	0.00759427	0.125583	46.8714	-9.51176	2.45595	-0.0263201	39.7892	36.6177	1.08661
8172	0.00759517	0.125583	46.8712	-9.51167	2.45415	-0.02632	39.7874	36.6176	1.08656
8173	0.00759607	0.125583	46.8711	-9.51159	2.45258	-0.02632	39.7858	36.6176	1.08652
8174	0.00759696	0.125582	46.871	-9.5115	2.45122	-0.0263199	39.7844	36.6176	1.08648
8175	0.00759786	0.125582	46.8708	-9.51141	2.45009	-0.0263198	39.7832	36.6175	1.08645
8176	0.00759876	0.125582	46.8707	-9.51131	2.44918	-0.0263197	39.7822	36.6175	1.08643
8177	0.00759966	0.125582	46.8705	-9.51122	2.4485	-0.0263196	39.7815	36.6174	1.08641
8178	0.00760056	0.125582	46.8704	-9.51112	2.44808	-0.0263195	39.781	36.6174	1.0864
8179	0.00760146	0.125582	46.8702	-9.51102	2.448	-0.0263194	39.7809	36.6174	1.08639
8180	0.00760235	0.125582	46.8701	-9.51092	2.44836	-0.0263193	39.7812	36.6173	1.0864
8181	0.00760325	0.125581	46.8699	-9.51081	2.44926	-0.0263192	39.782	36.6173	1.08643
8182	0.00760415	0.125581	46.8698	-9.5107	2.45067	-0.0263191	39.7834	36.6172	1.08647
8183	0.00760505	0.125581	46.8696	-9.5106	2.45244	-0.026319	39.7851	36.6172	1.08651
8184	0.00760595	0.125581	46.8694	-9.51049	2.45443	-0.0263189	39.787	36.6171	1.08657
8185	0.00760685	0.125581	46.8692	-9.51037	2.4565	-0.0263188	39.7891	36.6171	1.08663
8186	0.00760774	0.125581	46.8691	-9.51025	2.45858	-0.0263187	39.7911	36.617	1.08668
8187	0.00760864	0.125581	46.8689	-9.51014	2.46059	-0.0263186	39.793	36.617	1.08674
8188	0.00760954	0.12558	46.8687	-9.51002	2.46248	-0.0263185	39.7948	36.6169	1.08679
8189	0.00761044	0.12558	46.8685	-9.50989	2.46422	-0.0263185	39.7965	36.6169	1.08683
8190	0.00761134	0.12558	46.8683	-9.50977	2.46575	-0.0263184	39.798	36.6168	1.08688
8191	0.00761224	0.12558	46.8681	-9.50965	2.46705	-0.0263184	39.7992	36.6168	1.08691
8192	0.00761313	0.12558	46.8679	-9.50952	2.4681	-0.0263185	39.8002	36.6167	1.08694
8193	0.00761403	0.125579	46.8677	-9.50939	2.46888	-0.0263185	39.8009	36.6167	1.08696
8194	0.00761493	0.125579	46.8675	-9.50926	2.46937	-0.0263186	39.8013	36.6166	1.08697
8195	0.00761583	0.125579	46.8673	-9.50913	2.46958	-0.0263187	39.8015	36.6166	1.08698
8196	0.00761673	0.125579	46.8671	-9.509	2.4695	-0.0263188	39.8013	36.6165	1.08698
8197	0.00761763	0.125579	46.8669	-9.50886	2.46914	-0.026319	39.8009	36.6164	1.08697
8198	0.00761853	0.125578	46.8667	-9.50873	2.46852	-0.0263191	39.8002	36.6164	1.08695
8199	0.00761942	0.125578	46.8665	-9.50859	2.46765	-0.0263193	39.7992	36.6163	1.08693
8200	0.00762032	0.125578	46.8663	-9.50845	2.46655	-0.0263194	39.7981	36.6163	1.0869
8201	0.00762122	0.125578	46.8661	-9.50831	2.46526	-0.0263195	39.7967	36.6162	1.08686
8202	0.00762212	0.125578	46.8658	-9.50816	2.46379	-0.0263196	39.7952	36.6162	1.08682
8203	0.00762302	0.125577	46.8656	-9.50802	2.4622	-0.0263197	39.7935	36.6161	1.08678
8204	0.00762392	0.125577	46.8654	-9.50787	2.46051	-0.0263198	39.7917	36.616	1.08673
8205	0.00762481	0.125577	46.8652	-9.50772	2.45875	-0.0263198	39.7899	36.616	1.08668
8206	0.00762571	0.125577	46.8649	-9.50757	2.45697	-0.0263198	39.788	36.6159	1.08663
8207	0.00762661	0.125577	46.8647	-9.50741	2.45517	-0.0263198	39.7861	36.6158	1.08658
8208	0.00762751	0.125576	46.8644	-9.50726	2.45334	-0.0263198	39.7842	36.6158	1.08653
8209	0.00762841	0.125576	46.8642	-9.5071	2.45143	-0.0263197	39.7822	36.6157	1.08648
8210	0.00762931	0.125576	46.864	-9.50694	2.44919	-0.0263196	39.7799	36.6156	1.08642
8211	0.00763021	0.125576	46.8637	-9.50678	2.44493	-0.0263194	39.7755	36.6156	1.0863
8212	0.0076311	0.125575	46.8635	-9.50662	2.44161	-0.0263191	39.7721	36.6155	1.08621
8213	0.007632	0.125575	46.8632	-9.50646	2.43929	-0.0263189	39.7697	36.6154	1.08615
8214	0.0076329	0.125575	46.863	-9.50629	2.43775	-0.0263186	39.7681	36.6154	1.0861
8215	0.0076338	0.125575	46.8627	-9.50613	2.43683	-0.0263183	39.7671	36.6153	1.08608
8216	0.0076347	0.125574	46.8624	-9.50596	2.43641	-0.026318	39.7666	36.6152	1.08607
8217	0.0076356	0.125574	46.8622	-9.50579	2.43641	-0.0263177	39.7665	36.6151	1.08607
8218	0.00763649	0.125574	46.8619	-9.50561	2.43677	-0.0263174	39.7668	36.6151	1.08608
8219	0.00763739	0.125574	46.8616	-9.50544	2.43745	-0.0263171	39.7673	36.615	1.08609
8220	0.00763829	0.125573	46.8614	-9.50527	2.43842	-0.0263169	39.7682	36.6149	1.08612
8221	0.00763919	0.125573	46.8611	-9.50509	2.44162	-0.0263167	39.7713	36.6149	1.08621
8222	0.00764009	0.125573	46.8608	-9.50491	2.44556	-0.0263166	39.7752	36.6148	1.08631
8223	0.00764099	0.125573	46.8605	-9.50473	2.44956	-0.0263165	39.7791	36.6147	1.08642
8224	0.00764188	0.125572	46.8603	-9.50455	2.45351	-0.0263163	39.7829	36.6146	1.08653
8225	0.00764278	0.125572	46.86	-9.50437	2.45735	-0.0263162	39.7867	36.6145	1.08664
8226	0.00764368	0.125572	46.8597	-9.50418	2.461	-0.026316	39.7902	36.6145	1.08673
8227	0.00764458	0.125572	46.8594	-9.504	2.46441	-0.026316	39.7935	36.6144	1.08683
8228	0.00764548	0.125571	46.8591	-9.50381	2.46753	-0.026316	39.7965	36.6143	1.08691
8229	0.00764638	0.125571	46.8588	-9.50362	2.47031	-0.026316	39.7992	36.6142	1.08699
8230	0.00764727	0.125571	46.8585	-9.50343	2.4727	-0.0263161	39.8015	36.6141	1.08705
8231	0.00764817	0.125571	46.8582	-9.50324	2.47468	-0.0263163	39.8034	36.6141	1.08711
8232	0.00764907	0.12557	46.858	-9.50305	2.47622	-0.0263164	39.8048	36.614	1.08715
8233	0.00764997	0.12557	46.8577	-9.50285	2.47731	-0.0263167	39.8058	36.6139	1.08718
8234	0.00765087	0.12557	46.8574	-9.50266	2.47795	-0.0263169	39.8063	36.6138	1.08719
8235	0.00765177	0.125569	46.857	-9.50246	2.47811	-0.0263172	39.8064	36.6137	1.0872
8236	0.00765266	0.125569	46.8567	-9.50226	2.4778	-0.0263174	39.806	36.6137	1.08719
8237	0.00765356	0.125569	46.8564	-9.50207	2.47704	-0.0263177	39.8051	36.6136	1.08717
8238	0.00765446	0.125569	46.8561	-9.50187	2.47589	-0.0263179	39.8038	36.6135	1.08714
8239	0.00765536	0.125568	46.8558	-9.50167	2.4744	-0.0263181	39.8022	36.6134	1.08709
8240	0.00765626	0.125568	46.8555	-9.50146	2.47263	-0.0263182	39.8004	36.6133	1.08705
8241	0.00765716	0.125568	46.8552	-9.50126	2.47066	-0.0263184	39.7983	36.6132	1.08699
8242	0.00765806	0.125567	46.8549	-9.50106	2.46851	-0.0263185	39.796	36.6131	1.08693
8243	0.00765895	0.125567	46.8546	-9.50085	2.46624	-0.0263186	39.7936	36.6131	1.08687
8244	0.00765985	0.125567	46.8542	-9.50064	2.46391	-0.0263187	39.7912	36.613	1.08681
8245	0.00766075	0.125566	46.8539	-9.50044	2.46159	-0.0263187	39.7887	36.6129	1.08674
8246	0.00766165	0.125566	46.8536	-9.50023	2.45931	-0.0263187	39.7864	36.6128	1.08668
8247	0.00766255	0.125566	46.8533	-9.50002	2.45714	-0.0263187	39.7841	36.6127	1.08662
8248	0.00766345	0.125566	46.853	-9.49981	2.4551	-0.0263187	39.7819	36.6126	1.08656
8249	0.00766435	0.125565	46.8526	-9.4996	2.45324	-0.0263186	39.7799	36.6125	1.08651
8250	0.00766524	0.125565	46.8523	-9.49939	2.45156	-0.0263186	39.7782	36.6124	1.08647
8251	0.00766614	0.125565	46.852	-9.49918	2.4501	-0.0263185	39.7766	36.6123	1.08643
8252	0.00766704	0.125564	46.8517	-9.49897	2.44884	-0.0263184	39.7752	36.6122	1.08639
8253	0.00766794	0.125564	46.8513	-9.49876	2.44779	-0.0263183	39.774	36.6122	1.08636
8254	0.00766884	0.125564	46.851	-9.49855	2.44693	-0.0263182	39.7731	36.6121	1.08634
8255	0.00766974	0.125563	46.8507	-9.49834	2.44623	-0.0263181	39.7722	36.612	1.08632
8256	0.00767063	0.125563	46.8504	-9.49814	2.44561	-0.026318	39.7715	36.6119	1.0863
8257	0.00767153	0.125563	46.85	-9.49793	2.44486	-0.0263179	39.7706	36.6118	1.08628
8258	0.00767243	0.125562	46.8497	-9.49772	2.44281	-0.0263176	39.7685	36.6117	1.08622
8259	0.00767333	0.125562	46.8494	-9.49751	2.44171	-0.0263174	39.7673	36.6116	1.08619
8260	0.00767423	0.125562	46.8491	-9.4973	2.44131	-0.0263171	39.7668	36.6115	1.08618
8261	0.00767513	0.125562	46.8487	-9.49709	2.44143	-0.0263169	39.7668	36.6114	1.08618
8262	0.00767602	0.125561	46.8484	-9.49688	2.44194	-0.0263166	39.7672	36.6114	1.0862
8263	0.00767692	0.125561	46.8481	-9.49667	2.44275	-0.0263163	39.7679	36.6113	1.08622
8264	0.00767782	0.125561	46.8478	-9.49647	2.44377	-0.0263161	39.7688	36.6112	1.08625
8265	0.00767872	0.12556	46.8474	-9.49626	2.44497	-0.0263158	39.7698	36.6111	1.08628
8266	0.00767962	0.12556	46.8471	-9.49605	2.44825	-0.0263157	39.773	36.611	1.08637
8267	0.00768052	0.12556	46.8468	-9.49584	2.45219	-0.0263155	39.7768	36.6109	1.08648
8268	0.00768141	0.125559	46.8465	-9.49563	2.45609	-0.0263154	39.7806	36.6108	1.08658
8269	0.00768231	0.125559	46.8462	-9.49542	2.45987	-0.0263152	39.7843	36.6107	1.08668
8270	0.00768321	0.125559	46.8458	-9.49522	2.46346	-0.026315	39.7878	36.6106	1.08678
8271	0.00768411	0.125558	46.8455	-9.49501	2.46683	-0.0263149	39.791	36.6106	1.08687
8272	0.00768501	0.125558	46.8452	-9.49481	2.46991	-0.0263148	39.794	36.6105	1.08696
8273	0.00768591	0.125558	46.8449	-9.4946	2.47268	-0.0263148	39.7966	36.6104	1.08703
8274	0.00768681	0.125558	46.8446	-9.4944	2.47509	-0.0263148	39.7989	36.6103	1.0871
8275	0.0076877	0.125557	46.8443	-9.49419	2.47713	-0.0263149	39.8009	36.6102	1.08715
8276	0.0076886	0.125557	46.8439	-9.49399	2.47876	-0.0263151	39.8024	36.6101	1.0872
8277	0.0076895	0.125557	46.8436	-9.49379	2.47999	-0.0263153	39.8035	36.61	1.08723
8278	0.0076904	0.125556	46.8433	-9.49359	2.4808	-0.0263155	39.8042	36.6099	1.08725
8279	0.0076913	0.125556	46.843	-9.49339	2.48121	-0.0263158	39.8045	36.6099	1.08726
8280	0.0076922	0.125556	46.8427	-9.4932	2.48123	-0.0263161	39.8044	36.6098	1.08726
8281	0.00769309	0.125555	46.8424	-9.493	2.48086	-0.0263164	39.8039	36.6097	1.08725
8282	0.00769399	0.125555	46.8421	-9.4928	2.4801	-0.0263167	39.8031	36.6096	1.08723
8283	0.00769489	0.125555	46.8418	-9.49261	2.47902	-0.0263169	39.8019	36.6095	1.0872
8284	0.00769579	0.125555	46.8415	-9.49242	2.47767	-0.0263171	39.8004	36.6094	1.08716
8285	0.00769669	0.125554	46.8412	-9.49222	2.47611	-0.0263173	39.7988	36.6093	1.08712
8286	0.00769759	0.125554	46.8409	-9.49203	2.47437	-0.0263175	39.7969	36.6093	1.08707
8287	0.00769849	0.125554	46.8406	-9.49185	2.47252	-0.0263176	39.795	36.6092	1.08702
8288	0.00769938	0.125554	46.8403	-9.49166	2.47059	-0.0263177	39.7929	36.6091	1.08697
8289	0.00770028	0.125553	46.84	-9.49147	2.46863	-0.0263178	39.7909	36.609	1.08691
8290	0.00770118	0.125553	46.8397	-9.49129	2.4667	-0.0263178	39.7888	36.6089	1.08686
8291	0.00770208	0.125553	46.8395	-9.49111	2.46483	-0.0263178	39.7869	36.6089	1.08681
8292	0.00770298	0.125552	46.8392	-9.49093	2.46305	-0.0263178	39.785	36.6088	1.08676
8293	0.00770388	0.125552	46.8389	-9.49075	2.46139	-0.0263177	39.7832	36.6087	1.08671
8294	0.00770478	0.125552	46.8386	-9.49058	2.45987	-0.0263177	39.7816	36.6086	1.08667
8295	0.00770567	0.125552	46.8384	-9.49041	2.45848	-0.0263176	39.7801	36.6086	1.08663
8296	0.00770657	0.125551	46.8381	-9.49024	2.45723	-0.0263175	39.7788	36.6085	1.0866
8297	0.00770747	0.125551	46.8378	-9.49007	2.45606	-0.0263174	39.7775	36.6084	1.08657
8298	0.00770837	0.125551	46.8376	-9.48991	2.45484	-0.0263172	39.7762	36.6083	1.08653
8299	0.00770927	0.125551	46.8373	-9.48975	2.45308	-0.0263171	39.7744	36.6083	1.08649
8300	0.00771017	0.12555	46.8371	-9.48959	2.45024	-0.0263168	39.7714	36.6082	1.08641
8301	0.00771106	0.12555	46.8369	-9.48943	2.44848	-0.0263165	39.7696	36.6081	1.08636
8302	0.00771196	0.12555	46.8366	-9.48928	2.44755	-0.0263163	39.7686	36.6081	1.08633
8303	0.00771286	0.12555	46.8364	-9.48913	2.44724	-0.026316	39.7682	36.608	1.08632
8304	0.00771376	0.12555	46.8361	-9.48898	2.44742	-0.0263157	39.7683	36.6079	1.08633
8305	0.00771466	0.125549	46.8359	-9.48883	2.44798	-0.0263155	39.7688	36.6079	1.08634
8306	0.00771556	0.125549	46.8357	-9.48869	2.44886	-0.0263152	39.7696	36.6078	1.08637
8307	0.00771645	0.125549	46.8355	-9.48855	2.44999	-0.026315	39.7706	36.6078	1.0864
8308	0.00771735	0.125549	46.8353	-9.48841	2.45193	-0.0263147	39.7725	36.6077	1.08645
8309	0.00771825	0.125548	46.8351	-9.48828	2.45585	-0.0263146	39.7763	36.6076	1.08656
8310	0.00771915	0.125548	46.8348	-9.48815	2.46	-0.0263145	39.7804	36.6076	1.08667
8311	0.00772005	0.125548	46.8346	-9.48802	2.46413	-0.0263143	39.7844	36.6075	1.08678
8312	0.00772095	0.125548	46.8344	-9.48789	2.46814	-0.0263141	39.7884	36.6075	1.08689
8313	0.00772185	0.125548	46.8343	-9.48776	2.47197	-0.026314	39.7921	36.6074	1.087
8314	0.00772274	0.125547	46.8341	-9.48764	2.47558	-0.0263139	39.7957	36.6074	1.0871
8315	0.00772364	0.125547	46.8339	-9.48752	2.4789	-0.0263138	39.7989	36.6073	1.08719
8316	0.00772454	0.125547	46.8337	-9.4874	2.48189	-0.0263138	39.8019	36.6072	1.08727
8317	0.00772544	0.125547	46.8335	-9.48729	2.48451	-0.0263139	39.8044	36.6072	1.08734
8318	0.00772634	0.125547	46.8333	-9.48718	2.48673	-0.026314	39.8066	36.6072	1.0874
8319	0.00772724	0.125547	46.8332	-9.48707	2.48853	-0.0263142	39.8083	36.6071	1.08745
8320	0.00772813	0.125546	46.833	-9.48696	2.48989	-0.0263145	39.8096	36.6071	1.08748
8321	0.00772903	0.125546	46.8328	-9.48686	2.49081	-0.0263147	39.8105	36.607	1.08751
8322	0.00772993	0.125546	46.8327	-9.48676	2.49129	-0.026315	39.8109	36.607	1.08752
8323	0.00773083	0.125546	46.8325	-9.48666	2.49132	-0.0263153	39.8109	36.6069	1.08752
8324	0.00773173	0.125546	46.8324	-9.48656	2.49092	-0.0263156	39.8104	36.6069	1.08751
8325	0.00773263	0.125546	46.8322	-9.48647	2.49011	-0.0263159	39.8096	36.6068	1.08749
8326	0.00773353	0.125546	46.8321	-9.48638	2.48895	-0.0263162	39.8083	36.6068	1.08746
8327	0.00773442	0.125545	46.832	-9.48629	2.48751	-0.0263164	39.8069	36.6068	1.08742
8328	0.00773532	0.125545	46.8318	-9.48621	2.48584	-0.0263166	39.8051	36.6067	1.08737
8329	0.00773622	0.125545	46.8317	-9.48612	2.484	-0.0263168	39.8032	36.6067	1.08732
8330	0.00773712	0.125545	46.8316	-9.48604	2.48202	-0.0263169	39.8012	36.6066	1.08727
8331	0.00773802	0.125545	46.8314	-9.48597	2.47996	-0.0263171	39.7991	36.6066	1.08721
8332	0.00773892	0.125545	46.8313	-9.48589	2.47788	-0.0263171	39.797	36.6066	1.08715
8333	0.00773982	0.125545	46.8312	-9.48582	2.47581	-0.0263172	39.7949	36.6066	1.0871
8334	0.00774071	0.125545	46.8311	-9.48576	2.4738	-0.0263172	39.7928	36.6065	1.08704
8335	0.00774161	0.125545	46.831	-9.48569	2.47186	-0.0263171	39.7909	36.6065	1.08699
8336	0.00774251	0.125544	46.8309	-9.48563	2.47	-0.0263171	39.789	36.6065	1.08694
8337	0.00774341	0.125544	46.8308	-9.48557	2.46814	-0.026317	39.7871	36.6064	1.08689
8338	0.00774431	0.125544	46.8307	-9.48551	2.46609	-0.0263169	39.785	36.6064	1.08683
8339	0.00774521	0.125544	46.8306	-9.48545	2.46257	-0.0263167	39.7814	36.6064	1.08673
8340	0.00774611	0.125544	46.8306	-9.4854	2.45932	-0.0263165	39.7782	36.6064	1.08665
8341	0.007747	0.125544	46.8305	-9.48535	2.45719	-0.0263162	39.776	36.6063	1.08659
8342	0.0077479	0.125544	46.8304	-9.48531	2.45593	-0.0263159	39.7747	36.6063	1.08655
8343	0.0077488	0.125544	46.8303	-9.48526	2.45536	-0.0263157	39.7741	36.6063	1.08654
8344	0.0077497	0.125544	46.8303	-9.48522	2.45533	-0.0263154	39.7741	36.6063	1.08654
8345	0.0077506	0.125544	46.8302	-9.48519	2.45576	-0.0263152	39.7745	36.6063	1.08655
8346	0.0077515	0.125544	46.8302	-9.48515	2.45659	-0.0263149	39.7753	36.6062	1.08657
8347	0.0077524	0.125544	46.8301	-9.48512	2.45775	-0.0263147	39.7764	36.6062	1.0866
8348	0.00775329	0.125544	46.8301	-9.48509	2.4592	-0.0263144	39.7779	36.6062	1.08664
8349	0.00775419	0.125544	46.83	-9.48506	2.463	-0.0263143	39.7816	36.6062	1.08675
8350	0.00775509	0.125544	46.83	-9.48504	2.46744	-0.0263142	39.7861	36.6062	1.08687
8351	0.00775599	0.125543	46.8299	-9.48501	2.47191	-0.0263141	39.7905	36.6062	1.08699
8352	0.00775689	0.125543	46.8299	-9.48499	2.47631	-0.0263139	39.7949	36.6062	1.08711
8353	0.00775779	0.125543	46.8299	-9.48498	2.48056	-0.0263138	39.7992	36.6062	1.08723
8354	0.00775868	0.125543	46.8299	-9.48496	2.48461	-0.0263137	39.8032	36.6062	1.08734
8355	0.00775958	0.125543	46.8298	-9.48495	2.48838	-0.0263136	39.8069	36.6062	1.08744
8356	0.00776048	0.125543	46.8298	-9.48494	2.49182	-0.0263136	39.8104	36.6061	1.08753
8357	0.00776138	0.125543	46.8298	-9.48493	2.49488	-0.0263137	39.8134	36.6061	1.08762
8358	0.00776228	0.125543	46.8298	-9.48491	2.49753	-0.0263138	39.8161	36.6061	1.08769
8359	0.00776318	0.125543	46.8298	-9.4849	2.49972	-0.026314	39.8183	36.6061	1.08775
8360	0.00776407	0.125543	46.8297	-9.48489	2.50145	-0.0263143	39.82	36.6061	1.0878
8361	0.00776497	0.125543	46.8297	-9.48488	2.5027	-0.0263145	39.8212	36.6061	1.08783
8362	0.00776587	0.125543	46.8297	-9.48487	2.50347	-0.0263148	39.822	36.6061	1.08785
8363	0.00776677	0.125543	46.8297	-9.48486	2.50375	-0.0263151	39.8223	36.6061	1.08786
8364	0.00776767	0.125543	46.8297	-9.48485	2.50354	-0.0263155	39.8221	36.6061	1.08785
8365	0.00776857	0.125543	46.8297	-9.48484	2.50287	-0.0263158	39.8214	36.6061	1.08783
8366	0.00776947	0.125543	46.8296	-9.48483	2.50179	-0.0263161	39.8203	36.6061	1.0878
8367	0.00777036	0.125543	46.8296	-9.48482	2.50038	-0.0263163	39.8189	36.6061	1.08777
8368	0.00777126	0.125543	46.8296	-9.48481	2.49869	-0.0263166	39.8172	36.6061	1.08772
8369	0.00777216	0.125543	46.8296	-9.4848	2.49679	-0.0263168	39.8153	36.6061	1.08767
8370	0.00777306	0.125543	46.8296	-9.48479	2.49471	-0.026317	39.8132	36.6061	1.08761
8371	0.00777396	0.125543	46.8296	-9.48478	2.49252	-0.0263171	39.811	36.6061	1.08755
8372	0.00777486	0.125543	46.8296	-9.48477	2.49028	-0.0263172	39.8087	36.6061	1.08749
8373	0.00777576	0.125543	46.8295	-9.48476	2.48802	-0.0263173	39.8065	36.6061	1.08743
8374	0.00777666	0.125543	46.8295	-9.48475	2.48578	-0.0263174	39.8042	36.6061	1.08737
8375	0.00777755	0.125543	46.8295	-9.48474	2.48358	-0.0263174	39.802	36.6061	1.08731
8376	0.00777845	0.125543	46.8295	-9.48473	2.48139	-0.0263174	39.7998	36.6061	1.08725
8377	0.00777935	0.125543	46.8295	-9.48473	2.47903	-0.0263173	39.7975	36.6061	1.08718
8378	0.00778025	0.125543	46.8295	-9.48472	2.47565	-0.0263172	39.7941	36.6061	1.08709
8379	0.00778115	0.125543	46.8295	-9.48472	2.47163	-0.0263169	39.7901	36.606	1.08698
8380	0.00778205	0.125543	46.8295	-9.48471	2.46887	-0.0263167	39.7873	36.606	1.08691
8381	0.00778295	0.125543	46.8295	-9.48471	2.46711	-0.0263165	39.7855	36.606	1.08686
8382	0.00778384	0.125543	46.8294	-9.48471	2.46612	-0.0263162	39.7845	36.606	1.08683
8383	0.00778474	0.125543	46.8294	-9.4847	2.46576	-0.026316	39.7842	36.606	1.08682
8384	0.00778564	0.125543	46.8294	-9.48471	2.46593	-0.0263157	39.7844	36.606	1.08682
8385	0.00778654	0.125543	46.8295	-9.48471	2.46655	-0.0263155	39.785	36.606	1.08684
8386	0.00778744	0.125543	46.8295	-9.48471	2.46756	-0.0263153	39.786	36.606	1.08687
8387	0.00778834	0.125543	46.8295	-9.48472	2.46891	-0.026315	39.7873	36.606	1.08691
8388	0.00778924	0.125543	46.8295	-9.48473	2.47191	-0.0263149	39.7903	36.606	1.08699
8389	0.00779013	0.125543	46.8295	-9.48474	2.47632	-0.0263148	39.7948	36.6061	1.08711
8390	0.00779103	0.125543	46.8295	-9.48475	2.48087	-0.0263147	39.7993	36.6061	1.08723
8391	0.00779193	0.125543	46.8295	-9.48477	2.4854	-0.0263146	39.8039	36.6061	1.08736
8392	0.00779283	0.125543	46.8296	-9.48478	2.48981	-0.0263145	39.8083	36.6061	1.08748
8393	0.00779373	0.125543	46.8296	-9.4848	2.49404	-0.0263144	39.8125	36.6061	1.08759
8394	0.00779463	0.125543	46.8296	-9.48483	2.49801	-0.0263144	39.8165	36.6061	1.0877
8395	0.00779552	0.125543	46.8297	-9.48485	2.50167	-0.0263144	39.8202	36.6061	1.0878
8396	0.00779642	0.125543	46.8297	-9.48488	2.50496	-0.0263144	39.8235	36.6061	1.08789
8397	0.00779732	0.125543	46.8298	-9.48491	2.50783	-0.0263146	39.8264	36.6061	1.08797
8398	0.00779822	0.125543	46.8298	-9.48494	2.51025	-0.0263147	39.8288	36.6061	1.08804
8399	0.00779912	0.125543	46.8299	-9.48498	2.51219	-0.026315	39.8307	36.6061	1.08809
8400	0.00780002	0.125543	46.8299	-9.48502	2.51363	-0.0263152	39.8322	36.6062	1.08813
8401	0.00780092	0.125543	46.83	-9.48506	2.51457	-0.0263156	39.8332	36.6062	1.08815
8402	0.00780181	0.125544	46.83	-9.4851	2.51502	-0.0263159	39.8336	36.6062	1.08817
8403	0.00780271	0.125544	46.8301	-9.48515	2.51494	-0.0263162	39.8336	36.6062	1.08816
8404	0.00780361	0.125544	46.8302	-9.4852	2.51436	-0.0263165	39.833	36.6062	1.08815
8405	0.00780451	0.125544	46.8303	-9.48525	2.51334	-0.0263168	39.832	36.6063	1.08812
8406	0.00780541	0.125544	46.8303	-9.4853	2.51194	-0.0263171	39.8307	36.6063	1.08808
8407	0.00780631	0.125544	46.8304	-9.48536	2.51022	-0.0263174	39.829	36.6063	1.08804
8408	0.00780721	0.125544	46.8305	-9.48542	2.50826	-0.0263177	39.827	36.6063	1.08798
8409	0.0078081	0.125544	46.8306	-9.48548	2.50609	-0.0263179	39.8249	36.6063	1.08792
8410	0.007809	0.125544	46.8307	-9.48554	2.50377	-0.026318	39.8226	36.6064	1.08786
8411	0.0078099	0.125544	46.8308	-9.4856	2.50136	-0.0263182	39.8202	36.6064	1.08779
8412	0.0078108	0.125544	46.8309	-9.48567	2.4989	-0.0263183	39.8178	36.6064	1.08773
8413	0.0078117	0.125544	46.831	-9.48574	2.49642	-0.0263184	39.8154	36.6065	1.08766
8414	0.0078126	0.125545	46.8311	-9.48581	2.49391	-0.0263184	39.8129	36.6065	1.08759
8415	0.0078135	0.125545	46.8312	-9.48589	2.4913	-0.0263184	39.8103	36.6065	1.08752
8416	0.0078144	0.125545	46.8314	-9.48596	2.48814	-0.0263184	39.8072	36.6065	1.08743
8417	0.00781529	0.125545	46.8315	-9.48604	2.48315	-0.0263181	39.8023	36.6066	1.0873
8418	0.00781619	0.125545	46.8316	-9.48612	2.47957	-0.0263179	39.7987	36.6066	1.0872
8419	0.00781709	0.125545	46.8317	-9.48621	2.4771	-0.0263177	39.7963	36.6067	1.08713
8420	0.00781799	0.125545	46.8319	-9.48629	2.47549	-0.0263175	39.7947	36.6067	1.08709
8421	0.00781889	0.125545	46.832	-9.48638	2.4746	-0.0263173	39.7939	36.6067	1.08707
8422	0.00781979	0.125545	46.8321	-9.48647	2.47429	-0.026317	39.7936	36.6068	1.08706
8423	0.00782069	0.125546	46.8323	-9.48656	2.4745	-0.0263168	39.7939	36.6068	1.08706
8424	0.00782158	0.125546	46.8324	-9.48666	2.47515	-0.0263166	39.7946	36.6068	1.08708
8425	0.00782248	0.125546	46.8326	-9.48675	2.47621	-0.0263163	39.7957	36.6069	1.08711
8426	0.00782338	0.125546	46.8327	-9.48685	2.4776	-0.0263161	39.7972	36.6069	1.08715
8427	0.00782428	0.125546	46.8329	-9.48695	2.48129	-0.0263161	39.8009	36.607	1.08725
8428	0.00782518	0.125546	46.833	-9.48706	2.48578	-0.026316	39.8054	36.607	1.08737
8429	0.00782608	0.125546	46.8332	-9.48716	2.49034	-0.0263159	39.8101	36.6071	1.0875
8430	0.00782698	0.125547	46.8334	-9.48727	2.49486	-0.0263158	39.8146	36.6071	1.08762
8431	0.00782787	0.125547	46.8335	-9.48738	2.49925	-0.0263157	39.8191	36.6071	1.08774
8432	0.00782877	0.125547	46.8337	-9.4875	2.50343	-0.0263157	39.8233	36.6072	1.08786
8433	0.00782967	0.125547	46.8339	-9.48761	2.50735	-0.0263157	39.8273	36.6072	1.08796
8434	0.00783057	0.125547	46.8341	-9.48773	2.51093	-0.0263157	39.8309	36.6073	1.08806
8435	0.00783147	0.125547	46.8343	-9.48785	2.51411	-0.0263158	39.8342	36.6073	1.08815
8436	0.00783237	0.125548	46.8344	-9.48797	2.51686	-0.026316	39.837	36.6074	1.08822
8437	0.00783327	0.125548	46.8346	-9.4881	2.51913	-0.0263162	39.8394	36.6074	1.08829
8438	0.00783416	0.125548	46.8348	-9.48823	2.52091	-0.0263164	39.8412	36.6075	1.08833
8439	0.00783506	0.125548	46.835	-9.48835	2.52218	-0.0263167	39.8425	36.6076	1.08837
8440	0.00783596	0.125548	46.8352	-9.48849	2.52293	-0.026317	39.8434	36.6076	1.08839
8441	0.00783686	0.125549	46.8354	-9.48862	2.52316	-0.0263174	39.8437	36.6077	1.0884
8442	0.00783776	0.125549	46.8356	-9.48875	2.52285	-0.0263177	39.8434	36.6077	1.08839
8443	0.00783866	0.125549	46.8359	-9.48889	2.52205	-0.026318	39.8427	36.6078	1.08837
8444	0.00783956	0.125549	46.8361	-9.48903	2.52082	-0.0263183	39.8415	36.6078	1.08833
8445	0.00784045	0.125549	46.8363	-9.48917	2.5192	-0.0263186	39.84	36.6079	1.08829
8446	0.00784135	0.12555	46.8365	-9.48931	2.51728	-0.0263189	39.8382	36.608	1.08824
8447	0.00784225	0.12555	46.8367	-9.48946	2.51513	-0.0263191	39.8361	36.608	1.08818
8448	0.00784315	0.12555	46.837	-9.4896	2.51278	-0.0263193	39.8338	36.6081	1.08812
8449	0.00784405	0.12555	46.8372	-9.48975	2.51028	-0.0263195	39.8314	36.6081	1.08805
8450	0.00784495	0.12555	46.8374	-9.4899	2.50769	-0.0263196	39.8289	36.6082	1.08798
8451	0.00784585	0.125551	46.8376	-9.49005	2.50504	-0.0263197	39.8263	36.6083	1.0879
8452	0.00784674	0.125551	46.8379	-9.4902	2.50234	-0.0263198	39.8237	36.6083	1.08783
8453	0.00784764	0.125551	46.8381	-9.49035	2.49953	-0.0263198	39.821	36.6084	1.08776
8454	0.00784854	0.125551	46.8383	-9.4905	2.49628	-0.0263198	39.8178	36.6085	1.08767
8455	0.00784944	0.125552	46.8386	-9.49066	2.49082	-0.0263196	39.8124	36.6085	1.08752
8456	0.00785034	0.125552	46.8388	-9.49081	2.4868	-0.0263194	39.8085	36.6086	1.08741
8457	0.00785124	0.125552	46.8391	-9.49097	2.48391	-0.0263192	39.8057	36.6087	1.08733
8458	0.00785214	0.125552	46.8393	-9.49113	2.48195	-0.0263189	39.8038	36.6087	1.08728
8459	0.00785303	0.125552	46.8396	-9.49128	2.48073	-0.0263187	39.8027	36.6088	1.08724
8460	0.00785393	0.125553	46.8398	-9.49145	2.48013	-0.0263185	39.8022	36.6089	1.08723
8461	0.00785483	0.125553	46.84	-9.49161	2.48007	-0.0263182	39.8022	36.6089	1.08723
8462	0.00785573	0.125553	46.8403	-9.49177	2.4805	-0.026318	39.8027	36.609	1.08724
8463	0.00785663	0.125553	46.8406	-9.49193	2.48135	-0.0263178	39.8037	36.6091	1.08726
8464	0.00785753	0.125554	46.8408	-9.4921	2.48258	-0.0263176	39.805	36.6091	1.0873
8465	0.00785843	0.125554	46.8411	-9.49226	2.48574	-0.0263175	39.8082	36.6092	1.08738
8466	0.00785933	0.125554	46.8413	-9.49243	2.4901	-0.0263174	39.8127	36.6093	1.0875
8467	0.00786022	0.125554	46.8416	-9.49259	2.4946	-0.0263173	39.8173	36.6094	1.08763
8468	0.00786112	0.125555	46.8418	-9.49276	2.49908	-0.0263172	39.8218	36.6094	1.08775
8469	0.00786202	0.125555	46.8421	-9.49293	2.50346	-0.0263171	39.8263	36.6095	1.08787
8470	0.00786292	0.125555	46.8424	-9.4931	2.50765	-0.0263171	39.8306	36.6096	1.08798
8471	0.00786382	0.125555	46.8426	-9.49327	2.51159	-0.0263171	39.8346	36.6096	1.08809
8472	0.00786472	0.125556	46.8429	-9.49344	2.5152	-0.0263171	39.8383	36.6097	1.08819
8473	0.00786561	0.125556	46.8432	-9.49362	2.51843	-0.0263172	39.8417	36.6098	1.08828
8474	0.00786651	0.125556	46.8434	-9.49379	2.52123	-0.0263173	39.8445	36.6099	1.08836
8475	0.00786741	0.125556	46.8437	-9.49397	2.52356	-0.0263175	39.847	36.6099	1.08842
8476	0.00786831	0.125557	46.844	-9.49414	2.52538	-0.0263177	39.8489	36.61	1.08847
8477	0.00786921	0.125557	46.8442	-9.49432	2.5267	-0.026318	39.8503	36.6101	1.08851
8478	0.00787011	0.125557	46.8445	-9.4945	2.52749	-0.0263183	39.8512	36.6102	1.08853
8479	0.00787101	0.125557	46.8448	-9.49468	2.52774	-0.0263187	39.8515	36.6102	1.08854
8480	0.0078719	0.125558	46.8451	-9.49486	2.52744	-0.026319	39.8513	36.6103	1.08853
8481	0.0078728	0.125558	46.8454	-9.49504	2.52663	-0.0263193	39.8506	36.6104	1.08851
8482	0.0078737	0.125558	46.8456	-9.49522	2.52536	-0.0263196	39.8495	36.6105	1.08847
8483	0.0078746	0.125558	46.8459	-9.49541	2.5237	-0.0263199	39.8479	36.6106	1.08843
8484	0.0078755	0.125559	46.8462	-9.49559	2.5217	-0.0263201	39.846	36.6106	1.08837
8485	0.0078764	0.125559	46.8465	-9.49578	2.51944	-0.0263203	39.8438	36.6107	1.08831
8486	0.0078773	0.125559	46.8468	-9.49596	2.51698	-0.0263206	39.8415	36.6108	1.08824
8487	0.00787819	0.12556	46.8471	-9.49615	2.51434	-0.0263207	39.8389	36.6109	1.08817
8488	0.00787909	0.12556	46.8474	-9.49634	2.51159	-0.0263209	39.8363	36.6109	1.0881
8489	0.00787999	0.12556	46.8477	-9.49653	2.50875	-0.026321	39.8335	36.611	1.08802
8490	0.00788089	0.12556	46.8479	-9.49672	2.50582	-0.026321	39.8307	36.6111	1.08794
8491	0.00788179	0.125561	46.8482	-9.49691	2.5027	-0.026321	39.8277	36.6112	1.08786
8492	0.00788269	0.125561	46.8485	-9.4971	2.49887	-0.026321	39.824	36.6113	1.08775
8493	0.00788359	0.125561	46.8488	-9.49729	2.49338	-0.0263208	39.8186	36.6114	1.0876
8494	0.00788449	0.125562	46.8491	-9.49748	2.48929	-0.0263206	39.8146	36.6114	1.08749
8495	0.00788538	0.125562	46.8494	-9.49767	2.48629	-0.0263203	39.8117	36.6115	1.08741
8496	0.00788628	0.125562	46.8497	-9.49786	2.4842	-0.0263201	39.8097	36.6116	1.08735
8497	0.00788718	0.125562	46.85	-9.49806	2.48284	-0.0263199	39.8085	36.6117	1.08732
8498	0.00788808	0.125563	46.8503	-9.49825	2.4821	-0.0263196	39.8078	36.6118	1.0873
8499	0.00788898	0.125563	46.8506	-9.49845	2.48191	-0.0263194	39.8078	36.6118	1.08729
8500	0.00788988	0.125563	46.8509	-9.49864	2.4822	-0.0263191	39.8082	36.6119	1.0873
8501	0.00789078	0.125563	46.8512	-9.49883	2.48293	-0.0263189	39.809	36.612	1.08732
8502	0.00789167	0.125564	46.8515	-9.49903	2.48404	-0.0263187	39.8102	36.6121	1.08735
8503	0.00789257	0.125564	46.8518	-9.49923	2.48711	-0.0263186	39.8134	36.6122	1.08744
8504	0.00789347	0.125564	46.8521	-9.49942	2.49135	-0.0263185	39.8177	36.6123	1.08755
8505	0.00789437	0.125565	46.8524	-9.49962	2.49574	-0.0263184	39.8222	36.6124	1.08767
8506	0.00789527	0.125565	46.8527	-9.49981	2.5001	-0.0263183	39.8267	36.6124	1.08779
8507	0.00789617	0.125565	46.853	-9.50001	2.50436	-0.0263182	39.8311	36.6125	1.08791
8508	0.00789707	0.125565	46.8533	-9.50021	2.50844	-0.0263182	39.8353	36.6126	1.08802
8509	0.00789796	0.125566	46.8536	-9.5004	2.51227	-0.0263182	39.8392	36.6127	1.08813
8510	0.00789886	0.125566	46.8539	-9.5006	2.51577	-0.0263182	39.8428	36.6128	1.08822
8511	0.00789976	0.125566	46.8543	-9.5008	2.51889	-0.0263183	39.846	36.6129	1.08831
8512	0.00790066	0.125567	46.8546	-9.50099	2.52157	-0.0263184	39.8488	36.6129	1.08838
8513	0.00790156	0.125567	46.8549	-9.50119	2.52378	-0.0263186	39.8511	36.613	1.08844
8514	0.00790246	0.125567	46.8552	-9.50138	2.52548	-0.0263188	39.8529	36.6131	1.08849
8515	0.00790335	0.125568	46.8555	-9.50158	2.52667	-0.0263191	39.8542	36.6132	1.08852
8516	0.00790425	0.125568	46.8558	-9.50177	2.52734	-0.0263194	39.855	36.6133	1.08854
8517	0.00790515	0.125568	46.8561	-9.50197	2.52745	-0.0263197	39.8552	36.6134	1.08854
8518	0.00790605	0.125568	46.8564	-9.50216	2.52701	-0.02632	39.8549	36.6134	1.08853
8519	0.00790695	0.125569	46.8567	-9.50236	2.52606	-0.0263203	39.8541	36.6135	1.08851
8520	0.00790785	0.125569	46.857	-9.50255	2.52465	-0.0263206	39.8528	36.6136	1.08847
8521	0.00790875	0.125569	46.8573	-9.50274	2.52284	-0.0263208	39.851	36.6137	1.08842
8522	0.00790964	0.12557	46.8576	-9.50294	2.52069	-0.0263211	39.849	36.6138	1.08836
8523	0.00791054	0.12557	46.8579	-9.50313	2.51828	-0.0263213	39.8467	36.6139	1.0883
8524	0.00791144	0.12557	46.8582	-9.50332	2.51566	-0.0263215	39.8442	36.6139	1.08822
8525	0.00791234	0.12557	46.8585	-9.50351	2.51287	-0.0263216	39.8415	36.614	1.08815
8526	0.00791324	0.125571	46.8587	-9.5037	2.50995	-0.0263218	39.8387	36.6141	1.08807
8527	0.00791414	0.125571	46.859	-9.50388	2.50693	-0.0263218	39.8358	36.6142	1.08799
8528	0.00791504	0.125571	46.8593	-9.50407	2.5038	-0.0263219	39.8327	36.6143	1.0879
8529	0.00791593	0.125571	46.8596	-9.50426	2.50041	-0.0263219	39.8295	36.6143	1.08781
8530	0.00791683	0.125572	46.8599	-9.50444	2.49585	-0.0263218	39.825	36.6144	1.08769
8531	0.00791773	0.125572	46.8602	-9.50462	2.49049	-0.0263216	39.8197	36.6145	1.08754
8532	0.00791863	0.125572	46.8605	-9.50481	2.48644	-0.0263213	39.8158	36.6146	1.08743
8533	0.00791953	0.125573	46.8608	-9.50499	2.48345	-0.0263211	39.8129	36.6147	1.08735
8534	0.00792043	0.125573	46.861	-9.50517	2.48133	-0.0263209	39.8109	36.6147	1.08729
8535	0.00792133	0.125573	46.8613	-9.50535	2.47992	-0.0263206	39.8096	36.6148	1.08725
8536	0.00792222	0.125573	46.8616	-9.50552	2.47912	-0.0263203	39.8089	36.6149	1.08723
8537	0.00792312	0.125574	46.8619	-9.5057	2.47886	-0.0263201	39.8087	36.615	1.08722
8538	0.00792402	0.125574	46.8621	-9.50587	2.47909	-0.0263198	39.809	36.615	1.08723
8539	0.00792492	0.125574	46.8624	-9.50604	2.47974	-0.0263196	39.8098	36.6151	1.08725
8540	0.00792582	0.125574	46.8626	-9.50621	2.48076	-0.0263194	39.8109	36.6152	1.08728
8541	0.00792672	0.125575	46.8629	-9.50637	2.48399	-0.0263193	39.8142	36.6153	1.08737
8542	0.00792762	0.125575	46.8632	-9.50654	2.48814	-0.0263192	39.8184	36.6153	1.08748
8543	0.00792851	0.125575	46.8634	-9.5067	2.4924	-0.0263191	39.8228	36.6154	1.0876
8544	0.00792941	0.125575	46.8636	-9.50685	2.49663	-0.026319	39.8271	36.6155	1.08771
8545	0.00793031	0.125576	46.8639	-9.50701	2.50075	-0.0263189	39.8313	36.6155	1.08783
8546	0.00793121	0.125576	46.8641	-9.50716	2.50469	-0.0263188	39.8353	36.6156	1.08793
8547	0.00793211	0.125576	46.8644	-9.50731	2.50836	-0.0263188	39.8391	36.6157	1.08803
8548	0.00793301	0.125576	46.8646	-9.50746	2.51171	-0.0263188	39.8425	36.6157	1.08813
8549	0.0079339	0.125576	46.8648	-9.5076	2.51466	-0.0263189	39.8456	36.6158	1.08821
8550	0.0079348	0.125577	46.865	-9.50775	2.51718	-0.026319	39.8481	36.6159	1.08828
8551	0.0079357	0.125577	46.8653	-9.50789	2.51921	-0.0263192	39.8503	36.6159	1.08833
8552	0.0079366	0.125577	46.8655	-9.50802	2.52075	-0.0263194	39.8519	36.616	1.08837
8553	0.0079375	0.125577	46.8657	-9.50816	2.52176	-0.0263197	39.853	36.616	1.0884
8554	0.0079384	0.125577	46.8659	-9.50829	2.52225	-0.02632	39.8535	36.6161	1.08842
8555	0.0079393	0.125578	46.8661	-9.50842	2.52218	-0.0263202	39.8535	36.6161	1.08841
8556	0.00794019	0.125578	46.8663	-9.50854	2.52157	-0.0263205	39.853	36.6162	1.0884
8557	0.00794109	0.125578	46.8665	-9.50866	2.52044	-0.0263208	39.8519	36.6163	1.08837
8558	0.00794199	0.125578	46.8667	-9.50878	2.51887	-0.0263211	39.8504	36.6163	1.08832
8559	0.00794289	0.125578	46.8668	-9.5089	2.5169	-0.0263213	39.8485	36.6164	1.08827
8560	0.00794379	0.125579	46.867	-9.50901	2.5146	-0.0263216	39.8463	36.6164	1.08821
8561	0.00794469	0.125579	46.8672	-9.50912	2.51205	-0.0263218	39.8438	36.6165	1.08814
8562	0.00794558	0.125579	46.8673	-9.50922	2.50929	-0.0263219	39.8411	36.6165	1.08806
8563	0.00794648	0.125579	46.8675	-9.50932	2.50638	-0.0263221	39.8382	36.6165	1.08798
8564	0.00794738	0.125579	46.8677	-9.50942	2.50335	-0.0263222	39.8353	36.6166	1.0879
8565	0.00794828	0.125579	46.8678	-9.50952	2.50023	-0.0263223	39.8322	36.6166	1.08782
8566	0.00794918	0.125579	46.8679	-9.50961	2.49701	-0.0263223	39.829	36.6167	1.08773
8567	0.00795008	0.12558	46.8681	-9.5097	2.49356	-0.0263223	39.8256	36.6167	1.08764
8568	0.00795098	0.12558	46.8682	-9.50978	2.48911	-0.0263222	39.8212	36.6167	1.08751
8569	0.00795187	0.12558	46.8683	-9.50986	2.4836	-0.0263219	39.8158	36.6168	1.08736
8570	0.00795277	0.12558	46.8685	-9.50994	2.47942	-0.0263217	39.8116	36.6168	1.08725
8571	0.00795367	0.12558	46.8686	-9.51002	2.4763	-0.0263215	39.8086	36.6168	1.08716
8572	0.00795457	0.12558	46.8687	-9.51009	2.47407	-0.0263212	39.8064	36.6169	1.0871
8573	0.00795547	0.12558	46.8688	-9.51016	2.47255	-0.0263209	39.8049	36.6169	1.08706
8574	0.00795637	0.12558	46.8689	-9.51022	2.47165	-0.0263207	39.804	36.6169	1.08704
8575	0.00795727	0.12558	46.869	-9.51029	2.47128	-0.0263204	39.8037	36.617	1.08703
8576	0.00795816	0.125581	46.8691	-9.51035	2.4714	-0.0263201	39.8038	36.617	1.08703
8577	0.00795906	0.125581	46.8692	-9.51041	2.47194	-0.0263199	39.8044	36.617	1.08705
8578	0.00795996	0.125581	46.8693	-9.51046	2.47286	-0.0263196	39.8054	36.617	1.08707
8579	0.00796086	0.125581	46.8694	-9.51051	2.47599	-0.0263195	39.8085	36.6171	1.08716
8580	0.00796176	0.125581	46.8694	-9.51056	2.48002	-0.0263194	39.8126	36.6171	1.08727
8581	0.00796266	0.125581	46.8695	-9.51061	2.48416	-0.0263193	39.8167	36.6171	1.08738
8582	0.00796355	0.125581	46.8696	-9.51065	2.48827	-0.0263192	39.8209	36.6171	1.08749
8583	0.00796445	0.125581	46.8697	-9.5107	2.49227	-0.0263191	39.8249	36.6172	1.0876
8584	0.00796535	0.125581	46.8697	-9.51074	2.49609	-0.026319	39.8288	36.6172	1.08771
8585	0.00796625	0.125581	46.8698	-9.51077	2.49965	-0.0263189	39.8323	36.6172	1.0878
8586	0.00796715	0.125581	46.8698	-9.51081	2.50289	-0.0263189	39.8356	36.6172	1.08789
8587	0.00796805	0.125581	46.8699	-9.51084	2.50574	-0.026319	39.8385	36.6172	1.08797
8588	0.00796894	0.125581	46.8699	-9.51087	2.50816	-0.0263191	39.8409	36.6172	1.08804
8589	0.00796984	0.125581	46.87	-9.5109	2.5101	-0.0263192	39.8429	36.6172	1.08809
8590	0.00797074	0.125581	46.87	-9.51092	2.51154	-0.0263194	39.8443	36.6173	1.08813
8591	0.00797164	0.125582	46.8701	-9.51095	2.51247	-0.0263197	39.8453	36.6173	1.08815
8592	0.00797254	0.125582	46.8701	-9.51097	2.51289	-0.0263199	39.8457	36.6173	1.08817
8593	0.00797344	0.125582	46.8701	-9.51099	2.51274	-0.0263202	39.8456	36.6173	1.08816
8594	0.00797433	0.125582	46.8701	-9.511	2.51205	-0.0263205	39.8449	36.6173	1.08814
8595	0.00797523	0.125582	46.8702	-9.51102	2.51086	-0.0263207	39.8437	36.6173	1.08811
8596	0.00797613	0.125582	46.8702	-9.51103	2.50922	-0.026321	39.8421	36.6173	1.08807
8597	0.00797703	0.125582	46.8702	-9.51104	2.5072	-0.0263212	39.84	36.6173	1.08801
8598	0.00797793	0.125582	46.8702	-9.51105	2.50485	-0.0263214	39.8377	36.6173	1.08795
8599	0.00797883	0.125582	46.8702	-9.51105	2.50225	-0.0263216	39.8351	36.6173	1.08788
8600	0.00797973	0.125582	46.8702	-9.51106	2.49947	-0.0263218	39.8323	36.6173	1.0878
8601	0.00798062	0.125582	46.8702	-9.51106	2.49653	-0.0263219	39.8294	36.6173	1.08772
8602	0.00798152	0.125582	46.8702	-9.51106	2.49349	-0.026322	39.8264	36.6173	1.08764
8603	0.00798242	0.125582	46.8702	-9.51106	2.4904	-0.026322	39.8233	36.6173	1.08755
8604	0.00798332	0.125582	46.8702	-9.51105	2.48726	-0.0263221	39.8201	36.6173	1.08747
8605	0.00798422	0.125582	46.8702	-9.51105	2.48405	-0.026322	39.8169	36.6173	1.08738
8606	0.00798512	0.125582	46.8702	-9.51104	2.48054	-0.026322	39.8134	36.6173	1.08728
8607	0.00798602	0.125582	46.8702	-9.51103	2.47515	-0.0263218	39.808	36.6173	1.08714
8608	0.00798691	0.125582	46.8702	-9.51102	2.4704	-0.0263215	39.8032	36.6173	1.08701
8609	0.00798781	0.125582	46.8702	-9.51101	2.46684	-0.0263213	39.7997	36.6173	1.08691
8610	0.00798871	0.125582	46.8701	-9.51099	2.46427	-0.026321	39.7971	36.6173	1.08684
8611	0.00798961	0.125582	46.8701	-9.51098	2.46248	-0.0263207	39.7953	36.6173	1.08679
8612	0.00799051	0.125582	46.8701	-9.51096	2.46133	-0.0263204	39.7941	36.6173	1.08676
8613	0.00799141	0.125582	46.8701	-9.51094	2.46075	-0.0263202	39.7936	36.6173	1.08674
8614	0.0079923	0.125582	46.87	-9.51092	2.46067	-0.0263199	39.7935	36.6173	1.08674
8615	0.0079932	0.125581	46.87	-9.5109	2.46102	-0.0263196	39.7938	36.6173	1.08675
8616	0.0079941	0.125581	46.87	-9.51088	2.46176	-0.0263194	39.7945	36.6173	1.08677
8617	0.007995	0.125581	46.8699	-9.51085	2.46413	-0.0263192	39.7969	36.6172	1.08683
8618	0.0079959	0.125581	46.8699	-9.51083	2.46798	-0.0263191	39.8007	36.6172	1.08694
8619	0.0079968	0.125581	46.8699	-9.5108	2.47202	-0.0263189	39.8048	36.6172	1.08705
8620	0.00799769	0.125581	46.8698	-9.51077	2.47605	-0.0263188	39.8088	36.6172	1.08716
8621	0.00799859	0.125581	46.8698	-9.51075	2.48	-0.0263186	39.8127	36.6172	1.08727
8622	0.00799949	0.125581	46.8697	-9.51072	2.48379	-0.0263185	39.8165	36.6172	1.08737
8623	0.00800039	0.125581	46.8697	-9.51069	2.48736	-0.0263184	39.82	36.6172	1.08747
8624	0.00800129	0.125581	46.8696	-9.51066	2.49063	-0.0263184	39.8233	36.6172	1.08756
8625	0.00800219	0.125581	46.8696	-9.51063	2.49353	-0.0263184	39.8262	36.6172	1.08764
8626	0.00800308	0.125581	46.8695	-9.51059	2.49602	-0.0263185	39.8286	36.6171	1.0877
8627	0.00800398	0.125581	46.8695	-9.51056	2.49806	-0.0263186	39.8307	36.6171	1.08776
8628	0.00800488	0.125581	46.8694	-9.51052	2.49961	-0.0263187	39.8322	36.6171	1.0878
8629	0.00800578	0.125581	46.8694	-9.51049	2.50066	-0.0263189	39.8332	36.6171	1.08783
8630	0.00800668	0.125581	46.8693	-9.51045	2.50121	-0.0263192	39.8338	36.6171	1.08785
8631	0.00800758	0.125581	46.8693	-9.51042	2.50122	-0.0263194	39.8338	36.6171	1.08785
8632	0.00800847	0.125581	46.8692	-9.51038	2.50069	-0.0263197	39.8332	36.6171	1.08783
8633	0.00800937	0.125581	46.8692	-9.51034	2.49966	-0.0263199	39.8321	36.617	1.0878
8634	0.00801027	0.125581	46.8691	-9.5103	2.49816	-0.0263202	39.8306	36.617	1.08776
8635	0.00801117	0.125581	46.869	-9.51026	2.49627	-0.0263204	39.8287	36.617	1.08771
8636	0.00801207	0.125581	46.869	-9.51022	2.49405	-0.0263206	39.8265	36.617	1.08765
8637	0.00801297	0.12558	46.8689	-9.51018	2.49157	-0.0263208	39.824	36.617	1.08758
8638	0.00801386	0.12558	46.8688	-9.51014	2.48889	-0.0263209	39.8213	36.617	1.08751
8639	0.00801476	0.12558	46.8688	-9.51009	2.48606	-0.0263211	39.8184	36.6169	1.08743
8640	0.00801566	0.12558	46.8687	-9.51005	2.48314	-0.0263211	39.8155	36.6169	1.08735
8641	0.00801656	0.12558	46.8686	-9.51	2.48017	-0.0263212	39.8125	36.6169	1.08727
8642	0.00801746	0.12558	46.8686	-9.50996	2.4772	-0.0263212	39.8095	36.6169	1.08719
8643	0.00801836	0.12558	46.8685	-9.50991	2.47427	-0.0263212	39.8065	36.6169	1.08711
8644	0.00801925	0.12558	46.8684	-9.50986	2.47136	-0.0263212	39.8036	36.6168	1.08703
8645	0.00802015	0.12558	46.8683	-9.50981	2.46837	-0.0263211	39.8006	36.6168	1.08695
8646	0.00802105	0.12558	46.8683	-9.50975	2.46486	-0.026321	39.797	36.6168	1.08685
8647	0.00802195	0.12558	46.8682	-9.5097	2.45975	-0.0263207	39.7919	36.6168	1.08671
8648	0.00802285	0.12558	46.8681	-9.50964	2.45601	-0.0263204	39.7881	36.6167	1.08661
8649	0.00802375	0.12558	46.868	-9.50958	2.45334	-0.0263202	39.7854	36.6167	1.08654
8650	0.00802464	0.12558	46.8679	-9.50952	2.45152	-0.0263199	39.7836	36.6167	1.08649
8651	0.00802554	0.125579	46.8678	-9.50946	2.45038	-0.0263196	39.7824	36.6167	1.08646
8652	0.00802644	0.125579	46.8677	-9.5094	2.44982	-0.0263193	39.7818	36.6166	1.08644
8653	0.00802734	0.125579	46.8676	-9.50933	2.44974	-0.0263191	39.7817	36.6166	1.08644
8654	0.00802824	0.125579	46.8675	-9.50926	2.45009	-0.0263188	39.782	36.6166	1.08645
8655	0.00802914	0.125579	46.8674	-9.50919	2.45081	-0.0263185	39.7827	36.6166	1.08647
8656	0.00803003	0.125579	46.8673	-9.50911	2.4523	-0.0263183	39.7841	36.6165	1.08651
8657	0.00803093	0.125579	46.8672	-9.50904	2.45599	-0.0263181	39.7878	36.6165	1.08661
8658	0.00803183	0.125579	46.867	-9.50896	2.46001	-0.026318	39.7918	36.6165	1.08672
8659	0.00803273	0.125579	46.8669	-9.50888	2.46405	-0.0263178	39.7958	36.6164	1.08683
8660	0.00803363	0.125579	46.8668	-9.50879	2.46801	-0.0263176	39.7997	36.6164	1.08694
8661	0.00803453	0.125578	46.8667	-9.50871	2.47183	-0.0263175	39.8035	36.6164	1.08704
8662	0.00803542	0.125578	46.8665	-9.50862	2.47543	-0.0263173	39.807	36.6163	1.08714
8663	0.00803632	0.125578	46.8664	-9.50853	2.47876	-0.0263173	39.8103	36.6163	1.08723
8664	0.00803722	0.125578	46.8662	-9.50844	2.48173	-0.0263172	39.8132	36.6162	1.08731
8665	0.00803812	0.125578	46.8661	-9.50835	2.48432	-0.0263173	39.8158	36.6162	1.08738
8666	0.00803902	0.125578	46.8659	-9.50825	2.48647	-0.0263174	39.8178	36.6162	1.08744
8667	0.00803992	0.125578	46.8658	-9.50815	2.48815	-0.0263175	39.8195	36.6161	1.08748
8668	0.00804081	0.125577	46.8656	-9.50805	2.48935	-0.0263177	39.8206	36.6161	1.08752
8669	0.00804171	0.125577	46.8655	-9.50794	2.49005	-0.0263179	39.8213	36.616	1.08754
8670	0.00804261	0.125577	46.8653	-9.50784	2.49026	-0.0263182	39.8214	36.616	1.08754
8671	0.00804351	0.125577	46.8651	-9.50773	2.48993	-0.0263184	39.821	36.6159	1.08753
8672	0.00804441	0.125577	46.865	-9.50762	2.4891	-0.0263187	39.8201	36.6159	1.08751
8673	0.0080453	0.125577	46.8648	-9.5075	2.48781	-0.0263189	39.8188	36.6159	1.08747
8674	0.0080462	0.125576	46.8646	-9.50739	2.48612	-0.0263192	39.817	36.6158	1.08743
8675	0.0080471	0.125576	46.8644	-9.50727	2.48409	-0.0263194	39.8149	36.6158	1.08737
8676	0.008048	0.125576	46.8643	-9.50715	2.4818	-0.0263195	39.8126	36.6157	1.08731
8677	0.0080489	0.125576	46.8641	-9.50703	2.47931	-0.0263197	39.81	36.6157	1.08724
8678	0.0080498	0.125576	46.8639	-9.5069	2.47667	-0.0263198	39.8073	36.6156	1.08717
8679	0.0080507	0.125576	46.8637	-9.50678	2.47393	-0.0263199	39.8045	36.6155	1.08709
8680	0.00805159	0.125575	46.8635	-9.50665	2.47116	-0.02632	39.8017	36.6155	1.08702
8681	0.00805249	0.125575	46.8633	-9.50652	2.4684	-0.02632	39.7989	36.6154	1.08694
8682	0.00805339	0.125575	46.8631	-9.50639	2.46572	-0.02632	39.7961	36.6154	1.08687
8683	0.00805429	0.125575	46.8629	-9.50625	2.46313	-0.02632	39.7934	36.6153	1.0868
8684	0.00805519	0.125575	46.8627	-9.50612	2.46065	-0.0263199	39.7909	36.6153	1.08673
8685	0.00805609	0.125574	46.8625	-9.50598	2.45828	-0.0263199	39.7884	36.6152	1.08666
8686	0.00805698	0.125574	46.8622	-9.50584	2.45592	-0.0263198	39.786	36.6152	1.0866
8687	0.00805788	0.125574	46.862	-9.5057	2.45324	-0.0263196	39.7832	36.6151	1.08653
8688	0.00805878	0.125574	46.8618	-9.50556	2.44883	-0.0263194	39.7788	36.615	1.0864
8689	0.00805968	0.125574	46.8616	-9.50541	2.44572	-0.0263191	39.7756	36.615	1.08632
8690	0.00806058	0.125573	46.8614	-9.50526	2.44364	-0.0263188	39.7734	36.6149	1.08626
8691	0.00806148	0.125573	46.8611	-9.50512	2.44235	-0.0263186	39.772	36.6148	1.08623
8692	0.00806237	0.125573	46.8609	-9.50497	2.44169	-0.0263183	39.7713	36.6148	1.08621
8693	0.00806327	0.125573	46.8607	-9.50481	2.44154	-0.026318	39.7711	36.6147	1.0862
8694	0.00806417	0.125573	46.8604	-9.50466	2.44183	-0.0263177	39.7713	36.6147	1.08621
8695	0.00806507	0.125572	46.8602	-9.5045	2.44247	-0.0263174	39.7718	36.6146	1.08623
8696	0.00806597	0.125572	46.8599	-9.50434	2.44343	-0.0263172	39.7727	36.6145	1.08625
8697	0.00806686	0.125572	46.8597	-9.50418	2.44629	-0.026317	39.7755	36.6145	1.08633
8698	0.00806776	0.125572	46.8594	-9.50402	2.45022	-0.0263168	39.7793	36.6144	1.08644
8699	0.00806866	0.125571	46.8592	-9.50386	2.45425	-0.0263167	39.7833	36.6143	1.08655
8700	0.00806956	0.125571	46.8589	-9.50369	2.45824	-0.0263165	39.7872	36.6142	1.08666
8701	0.00807046	0.125571	46.8587	-9.50352	2.46209	-0.0263163	39.7909	36.6142	1.08676
8702	0.00807136	0.125571	46.8584	-9.50335	2.46577	-0.0263161	39.7945	36.6141	1.08686
8703	0.00807225	0.12557	46.8581	-9.50317	2.46919	-0.026316	39.7978	36.614	1.08696
8704	0.00807315	0.12557	46.8579	-9.503	2.4723	-0.026316	39.8009	36.614	1.08704
8705	0.00807405	0.12557	46.8576	-9.50282	2.47505	-0.026316	39.8035	36.6139	1.08712
8706	0.00807495	0.12557	46.8573	-9.50264	2.4774	-0.026316	39.8058	36.6138	1.08718
8707	0.00807585	0.125569	46.857	-9.50246	2.47931	-0.0263162	39.8076	36.6137	1.08723
8708	0.00807674	0.125569	46.8567	-9.50227	2.48076	-0.0263163	39.8089	36.6136	1.08727
8709	0.00807764	0.125569	46.8565	-9.50209	2.48174	-0.0263165	39.8098	36.6136	1.0873
8710	0.00807854	0.125569	46.8562	-9.5019	2.48225	-0.0263168	39.8102	36.6135	1.08731
8711	0.00807944	0.125568	46.8559	-9.50171	2.48227	-0.0263171	39.8101	36.6134	1.08731
8712	0.00808034	0.125568	46.8556	-9.50152	2.48179	-0.0263174	39.8095	36.6133	1.0873
8713	0.00808124	0.125568	46.8553	-9.50133	2.48085	-0.0263176	39.8085	36.6132	1.08727
8714	0.00808213	0.125567	46.855	-9.50113	2.47951	-0.0263179	39.807	36.6132	1.08723
8715	0.00808303	0.125567	46.8547	-9.50094	2.4778	-0.0263181	39.8052	36.6131	1.08719
8716	0.00808393	0.125567	46.8544	-9.50074	2.47581	-0.0263183	39.8031	36.613	1.08713
8717	0.00808483	0.125567	46.8541	-9.50054	2.47361	-0.0263185	39.8008	36.6129	1.08707
8718	0.00808573	0.125566	46.8538	-9.50035	2.47125	-0.0263187	39.7984	36.6128	1.08701
8719	0.00808663	0.125566	46.8535	-9.50015	2.46876	-0.0263188	39.7958	36.6127	1.08694
8720	0.00808752	0.125566	46.8532	-9.49995	2.46623	-0.0263189	39.7931	36.6127	1.08687
8721	0.00808842	0.125565	46.8528	-9.49975	2.46369	-0.0263189	39.7905	36.6126	1.0868
8722	0.00808932	0.125565	46.8525	-9.49954	2.46121	-0.026319	39.7879	36.6125	1.08673
8723	0.00809022	0.125565	46.8522	-9.49934	2.45883	-0.026319	39.7854	36.6124	1.08666
8724	0.00809112	0.125565	46.8519	-9.49913	2.45657	-0.0263189	39.783	36.6123	1.0866
8725	0.00809202	0.125564	46.8516	-9.49892	2.45446	-0.0263189	39.7808	36.6122	1.08654
8726	0.00809291	0.125564	46.8512	-9.49871	2.45249	-0.0263188	39.7787	36.6121	1.08649
8727	0.00809381	0.125564	46.8509	-9.4985	2.45063	-0.0263187	39.7767	36.612	1.08644
8728	0.00809471	0.125563	46.8506	-9.49829	2.44874	-0.0263186	39.7747	36.612	1.08639
8729	0.00809561	0.125563	46.8503	-9.49808	2.44626	-0.0263185	39.7721	36.6119	1.08632
8730	0.00809651	0.125563	46.8499	-9.49786	2.44277	-0.0263182	39.7685	36.6118	1.08622
8731	0.00809741	0.125562	46.8496	-9.49765	2.44045	-0.0263179	39.7661	36.6117	1.08616
8732	0.0080983	0.125562	46.8493	-9.49743	2.43902	-0.0263177	39.7645	36.6116	1.08612
8733	0.0080992	0.125562	46.8489	-9.49721	2.4383	-0.0263174	39.7637	36.6115	1.0861
8734	0.0081001	0.125561	46.8486	-9.49699	2.43813	-0.0263172	39.7634	36.6114	1.08609
8735	0.008101	0.125561	46.8482	-9.49677	2.4384	-0.0263169	39.7636	36.6113	1.0861
8736	0.0081019	0.125561	46.8479	-9.49654	2.43903	-0.0263166	39.7641	36.6112	1.08612
8737	0.0081028	0.12556	46.8476	-9.49632	2.43997	-0.0263164	39.7649	36.6111	1.08614
8738	0.00810369	0.12556	46.8472	-9.49609	2.44116	-0.0263161	39.766	36.611	1.08617
8739	0.00810459	0.12556	46.8469	-9.49587	2.44469	-0.026316	39.7694	36.6109	1.08627
8740	0.00810549	0.125559	46.8465	-9.49564	2.44878	-0.0263158	39.7733	36.6108	1.08638
8741	0.00810639	0.125559	46.8461	-9.49541	2.45287	-0.0263157	39.7773	36.6107	1.08649
8742	0.00810729	0.125559	46.8458	-9.49518	2.45686	-0.0263155	39.7812	36.6106	1.0866
8743	0.00810818	0.125558	46.8454	-9.49494	2.4607	-0.0263153	39.7849	36.6105	1.08671
8744	0.00810908	0.125558	46.8451	-9.49471	2.46431	-0.0263152	39.7884	36.6104	1.0868
8745	0.00810998	0.125558	46.8447	-9.49448	2.46765	-0.0263151	39.7916	36.6103	1.08689
8746	0.00811088	0.125557	46.8443	-9.49424	2.47066	-0.0263151	39.7945	36.6102	1.08698
8747	0.00811178	0.125557	46.844	-9.494	2.4733	-0.0263151	39.797	36.6101	1.08705
8748	0.00811268	0.125557	46.8436	-9.49376	2.47552	-0.0263152	39.7991	36.61	1.08711
8749	0.00811357	0.125556	46.8432	-9.49352	2.47731	-0.0263153	39.8007	36.6099	1.08716
8750	0.00811447	0.125556	46.8429	-9.49328	2.47865	-0.0263155	39.8019	36.6098	1.08719
8751	0.00811537	0.125556	46.8425	-9.49304	2.47952	-0.0263158	39.8027	36.6097	1.08722
8752	0.00811627	0.125555	46.8421	-9.4928	2.47994	-0.0263161	39.8029	36.6096	1.08723
8753	0.00811717	0.125555	46.8417	-9.49255	2.47989	-0.0263164	39.8028	36.6095	1.08722
8754	0.00811807	0.125555	46.8414	-9.49231	2.47937	-0.0263166	39.8021	36.6094	1.08721
8755	0.00811896	0.125554	46.841	-9.49206	2.47842	-0.0263169	39.801	36.6093	1.08718
8756	0.00811986	0.125554	46.8406	-9.49181	2.47709	-0.0263172	39.7996	36.6092	1.08715
8757	0.00812076	0.125553	46.8402	-9.49156	2.47545	-0.0263174	39.7978	36.6091	1.0871
8758	0.00812166	0.125553	46.8398	-9.49131	2.47355	-0.0263176	39.7957	36.609	1.08705
8759	0.00812256	0.125553	46.8394	-9.49106	2.47147	-0.0263178	39.7935	36.6089	1.08699
8760	0.00812346	0.125552	46.839	-9.49081	2.46924	-0.026318	39.7912	36.6088	1.08693
8761	0.00812435	0.125552	46.8387	-9.49056	2.46693	-0.0263181	39.7887	36.6087	1.08687
8762	0.00812525	0.125552	46.8383	-9.49031	2.46458	-0.0263182	39.7862	36.6086	1.0868
8763	0.00812615	0.125551	46.8379	-9.49005	2.46226	-0.0263182	39.7838	36.6085	1.08674
8764	0.00812705	0.125551	46.8375	-9.4898	2.46001	-0.0263182	39.7814	36.6083	1.08667
8765	0.00812795	0.125551	46.8371	-9.48954	2.45786	-0.0263182	39.7791	36.6082	1.08662
8766	0.00812885	0.12555	46.8367	-9.48928	2.45584	-0.0263181	39.7769	36.6081	1.08656
8767	0.00812974	0.12555	46.8363	-9.48903	2.45396	-0.0263181	39.7749	36.608	1.08651
8768	0.00813064	0.125549	46.8359	-9.48877	2.45222	-0.026318	39.773	36.6079	1.08646
8769	0.00813154	0.125549	46.8355	-9.48851	2.45056	-0.0263179	39.7712	36.6078	1.08641
8770	0.00813244	0.125549	46.8351	-9.48825	2.44879	-0.0263178	39.7693	36.6077	1.08637
8771	0.00813334	0.125548	46.8347	-9.48799	2.44598	-0.0263176	39.7664	36.6076	1.08629
8772	0.00813424	0.125548	46.8343	-9.48773	2.44296	-0.0263173	39.7632	36.6075	1.0862
8773	0.00813513	0.125547	46.8339	-9.48747	2.44103	-0.026317	39.7611	36.6073	1.08615
8774	0.00813603	0.125547	46.8335	-9.4872	2.43993	-0.0263168	39.7599	36.6072	1.08612
8775	0.00813693	0.125547	46.8331	-9.48694	2.43948	-0.0263165	39.7593	36.6071	1.08611
8776	0.00813783	0.125546	46.8327	-9.48668	2.43954	-0.0263162	39.7592	36.607	1.08611
8777	0.00813873	0.125546	46.8322	-9.48641	2.44002	-0.026316	39.7595	36.6069	1.08612
8778	0.00813962	0.125546	46.8318	-9.48615	2.44084	-0.0263157	39.7602	36.6068	1.08614
8779	0.00814052	0.125545	46.8314	-9.48588	2.44195	-0.0263154	39.7612	36.6067	1.08617
8780	0.00814142	0.125545	46.831	-9.48562	2.44417	-0.0263152	39.7633	36.6066	1.08623
8781	0.00814232	0.125544	46.8306	-9.48535	2.44817	-0.0263151	39.7671	36.6064	1.08634
8782	0.00814322	0.125544	46.8302	-9.48509	2.45234	-0.0263149	39.7711	36.6063	1.08646
8783	0.00814412	0.125544	46.8298	-9.48482	2.45648	-0.0263147	39.7751	36.6062	1.08657
8784	0.00814501	0.125543	46.8294	-9.48456	2.4605	-0.0263145	39.779	36.6061	1.08668
8785	0.00814591	0.125543	46.829	-9.48429	2.46434	-0.0263144	39.7827	36.606	1.08678
8786	0.00814681	0.125542	46.8286	-9.48403	2.46795	-0.0263143	39.7862	36.6059	1.08688
8787	0.00814771	0.125542	46.8281	-9.48377	2.47126	-0.0263142	39.7893	36.6058	1.08697
8788	0.00814861	0.125542	46.8277	-9.4835	2.47422	-0.0263142	39.7921	36.6056	1.08705
8789	0.00814951	0.125541	46.8273	-9.48324	2.4768	-0.0263142	39.7946	36.6055	1.08712
8790	0.0081504	0.125541	46.8269	-9.48298	2.47896	-0.0263144	39.7966	36.6054	1.08718
8791	0.0081513	0.12554	46.8265	-9.48272	2.48068	-0.0263145	39.7982	36.6053	1.08722
8792	0.0081522	0.12554	46.8261	-9.48246	2.48195	-0.0263148	39.7993	36.6052	1.08726
8793	0.0081531	0.12554	46.8257	-9.4822	2.48276	-0.026315	39.8	36.6051	1.08728
8794	0.008154	0.125539	46.8253	-9.48194	2.48311	-0.0263153	39.8002	36.605	1.08729
8795	0.00815489	0.125539	46.8249	-9.48168	2.48299	-0.0263156	39.7999	36.6049	1.08728
8796	0.00815579	0.125539	46.8245	-9.48142	2.48241	-0.0263159	39.7992	36.6048	1.08727
8797	0.00815669	0.125538	46.8241	-9.48117	2.48143	-0.0263161	39.7981	36.6046	1.08724
8798	0.00815759	0.125538	46.8237	-9.48091	2.48009	-0.0263164	39.7966	36.6045	1.0872
8799	0.00815849	0.125537	46.8233	-9.48065	2.47845	-0.0263166	39.7948	36.6044	1.08716
8800	0.00815939	0.125537	46.8229	-9.48039	2.4766	-0.0263168	39.7928	36.6043	1.08711
8801	0.00816029	0.125537	46.8225	-9.48013	2.47456	-0.026317	39.7906	36.6042	1.08705
8802	0.00816118	0.125536	46.8221	-9.47988	2.4724	-0.0263171	39.7883	36.6041	1.08699
8803	0.00816208	0.125536	46.8217	-9.47962	2.47016	-0.0263172	39.7859	36.604	1.08693
8804	0.00816298	0.125536	46.8213	-9.47936	2.46791	-0.0263172	39.7836	36.6039	1.08687
8805	0.00816388	0.125535	46.8209	-9.47911	2.46569	-0.0263173	39.7812	36.6038	1.08681
8806	0.00816478	0.125535	46.8205	-9.47885	2.46353	-0.0263173	39.7789	36.6037	1.08675
8807	0.00816568	0.125534	46.8201	-9.4786	2.46146	-0.0263172	39.7767	36.6035	1.08669
8808	0.00816657	0.125534	46.8198	-9.47835	2.45949	-0.0263171	39.7746	36.6034	1.08664
8809	0.00816747	0.125534	46.8194	-9.4781	2.45755	-0.0263171	39.7725	36.6033	1.08658
8810	0.00816837	0.125533	46.819	-9.47784	2.4555	-0.0263169	39.7703	36.6032	1.08652
8811	0.00816927	0.125533	46.8186	-9.47759	2.45244	-0.0263168	39.7671	36.6031	1.08644
8812	0.00817017	0.125533	46.8182	-9.47735	2.44891	-0.0263165	39.7634	36.603	1.08634
8813	0.00817107	0.125532	46.8178	-9.4771	2.44657	-0.0263162	39.761	36.6029	1.08628
8814	0.00817196	0.125532	46.8174	-9.47685	2.44514	-0.0263159	39.7594	36.6028	1.08624
8815	0.00817286	0.125531	46.8171	-9.47661	2.44442	-0.0263157	39.7585	36.6027	1.08622
8816	0.00817376	0.125531	46.8167	-9.47636	2.44428	-0.0263154	39.7583	36.6026	1.08622
8817	0.00817466	0.125531	46.8163	-9.47612	2.44461	-0.0263151	39.7585	36.6025	1.08622
8818	0.00817556	0.12553	46.8159	-9.47588	2.44534	-0.0263148	39.7591	36.6024	1.08624
8819	0.00817646	0.12553	46.8156	-9.47564	2.4464	-0.0263145	39.76	36.6023	1.08627
8820	0.00817735	0.12553	46.8152	-9.4754	2.44776	-0.0263143	39.7612	36.6022	1.08631
8821	0.00817825	0.125529	46.8148	-9.47517	2.45135	-0.0263141	39.7647	36.6021	1.08641
8822	0.00817915	0.125529	46.8145	-9.47493	2.45569	-0.026314	39.7689	36.602	1.08652
8823	0.00818005	0.125529	46.8141	-9.4747	2.46007	-0.0263138	39.7731	36.6019	1.08664
8824	0.00818095	0.125528	46.8137	-9.47447	2.46438	-0.0263136	39.7773	36.6018	1.08676
8825	0.00818184	0.125528	46.8134	-9.47424	2.46855	-0.0263135	39.7814	36.6017	1.08687
8826	0.00818274	0.125528	46.813	-9.47401	2.47252	-0.0263133	39.7852	36.6016	1.08698
8827	0.00818364	0.125527	46.8127	-9.47378	2.47622	-0.0263133	39.7888	36.6015	1.08708
8828	0.00818454	0.125527	46.8123	-9.47356	2.47959	-0.0263132	39.792	36.6014	1.08717
8829	0.00818544	0.125527	46.812	-9.47333	2.4826	-0.0263133	39.7949	36.6013	1.08726
8830	0.00818634	0.125526	46.8116	-9.47311	2.48518	-0.0263133	39.7974	36.6012	1.08733
8831	0.00818723	0.125526	46.8113	-9.4729	2.48733	-0.0263135	39.7994	36.6011	1.08738
8832	0.00818813	0.125526	46.811	-9.47268	2.48901	-0.0263137	39.801	36.601	1.08743
8833	0.00818903	0.125525	46.8106	-9.47247	2.49021	-0.0263139	39.8021	36.6009	1.08746
8834	0.00818993	0.125525	46.8103	-9.47226	2.49094	-0.0263142	39.8027	36.6008	1.08748
8835	0.00819083	0.125525	46.81	-9.47205	2.49119	-0.0263145	39.8028	36.6007	1.08749
8836	0.00819173	0.125524	46.8097	-9.47184	2.49094	-0.0263148	39.8024	36.6006	1.08748
8837	0.00819262	0.125524	46.8093	-9.47164	2.49024	-0.026315	39.8016	36.6005	1.08746
8838	0.00819352	0.125524	46.809	-9.47144	2.48913	-0.0263153	39.8004	36.6004	1.08743
8839	0.00819442	0.125524	46.8087	-9.47124	2.48768	-0.0263155	39.7988	36.6004	1.08739
8840	0.00819532	0.125523	46.8084	-9.47105	2.48595	-0.0263157	39.797	36.6003	1.08734
8841	0.00819622	0.125523	46.8081	-9.47086	2.48402	-0.0263159	39.795	36.6002	1.08729
8842	0.00819712	0.125523	46.8078	-9.47067	2.48191	-0.0263161	39.7928	36.6001	1.08723
8843	0.00819802	0.125522	46.8075	-9.47048	2.47969	-0.0263162	39.7904	36.6	1.08717
8844	0.00819891	0.125522	46.8073	-9.4703	2.47741	-0.0263163	39.788	36.6	1.08711
8845	0.00819981	0.125522	46.807	-9.47012	2.47513	-0.0263163	39.7857	36.5999	1.08704
8846	0.00820071	0.125522	46.8067	-9.46995	2.47287	-0.0263164	39.7833	36.5998	1.08698
8847	0.00820161	0.125521	46.8064	-9.46977	2.47066	-0.0263163	39.781	36.5997	1.08692
8848	0.00820251	0.125521	46.8062	-9.4696	2.46849	-0.0263163	39.7787	36.5996	1.08686
8849	0.00820341	0.125521	46.8059	-9.46943	2.46625	-0.0263162	39.7764	36.5996	1.0868
8850	0.0082043	0.125521	46.8056	-9.46927	2.46349	-0.0263161	39.7736	36.5995	1.08672
8851	0.0082052	0.12552	46.8054	-9.4691	2.45911	-0.0263158	39.7691	36.5994	1.0866
8852	0.0082061	0.12552	46.8051	-9.46894	2.45608	-0.0263156	39.766	36.5994	1.08652
8853	0.008207	0.12552	46.8049	-9.46879	2.4541	-0.0263153	39.7639	36.5993	1.08647
8854	0.0082079	0.12552	46.8047	-9.46863	2.45295	-0.026315	39.7627	36.5992	1.08643
8855	0.0082088	0.125519	46.8044	-9.46848	2.45244	-0.0263148	39.7621	36.5992	1.08642
8856	0.00820969	0.125519	46.8042	-9.46833	2.45249	-0.0263145	39.762	36.5991	1.08642
8857	0.00821059	0.125519	46.804	-9.46819	2.45299	-0.0263142	39.7624	36.599	1.08643
8858	0.00821149	0.125519	46.8037	-9.46804	2.4539	-0.026314	39.7633	36.599	1.08646
8859	0.00821239	0.125519	46.8035	-9.4679	2.45515	-0.0263137	39.7644	36.5989	1.08649
8860	0.00821329	0.125518	46.8033	-9.46776	2.45721	-0.0263135	39.7664	36.5988	1.08655
8861	0.00821419	0.125518	46.8031	-9.46763	2.46142	-0.0263134	39.7706	36.5988	1.08666
8862	0.00821508	0.125518	46.8029	-9.4675	2.46594	-0.0263133	39.775	36.5987	1.08679
8863	0.00821598	0.125518	46.8027	-9.46737	2.47047	-0.0263131	39.7795	36.5987	1.08691
8864	0.00821688	0.125518	46.8025	-9.46724	2.4749	-0.0263129	39.7838	36.5986	1.08703
8865	0.00821778	0.125517	46.8023	-9.46712	2.47918	-0.0263128	39.788	36.5986	1.08715
8866	0.00821868	0.125517	46.8021	-9.467	2.48323	-0.0263127	39.792	36.5985	1.08726
8867	0.00821958	0.125517	46.8019	-9.46688	2.48698	-0.0263127	39.7957	36.5985	1.08736
8868	0.00822047	0.125517	46.8017	-9.46676	2.49038	-0.0263127	39.799	36.5984	1.08745
8869	0.00822137	0.125517	46.8016	-9.46665	2.49338	-0.0263127	39.802	36.5984	1.08753
8870	0.00822227	0.125516	46.8014	-9.46654	2.49595	-0.0263129	39.8045	36.5983	1.0876
8871	0.00822317	0.125516	46.8012	-9.46644	2.49804	-0.0263131	39.8065	36.5983	1.08766
8872	0.00822407	0.125516	46.8011	-9.46634	2.49965	-0.0263133	39.8081	36.5982	1.08771
8873	0.00822497	0.125516	46.8009	-9.46624	2.50077	-0.0263135	39.8091	36.5982	1.08774
8874	0.00822586	0.125516	46.8008	-9.46614	2.50139	-0.0263138	39.8097	36.5981	1.08775
8875	0.00822676	0.125516	46.8006	-9.46605	2.5015	-0.0263141	39.8098	36.5981	1.08776
8876	0.00822766	0.125516	46.8005	-9.46595	2.50111	-0.0263144	39.8093	36.598	1.08774
8877	0.00822856	0.125515	46.8003	-9.46587	2.50026	-0.0263147	39.8084	36.598	1.08772
8878	0.00822946	0.125515	46.8002	-9.46578	2.49902	-0.026315	39.8071	36.598	1.08769
8879	0.00823036	0.125515	46.8001	-9.4657	2.49744	-0.0263152	39.8055	36.5979	1.08764
8880	0.00823125	0.125515	46.7999	-9.46562	2.4956	-0.0263154	39.8036	36.5979	1.08759
8881	0.00823215	0.125515	46.7998	-9.46554	2.49355	-0.0263156	39.8015	36.5979	1.08754
8882	0.00823305	0.125515	46.7997	-9.46547	2.49133	-0.0263158	39.7993	36.5978	1.08748
8883	0.00823395	0.125515	46.7996	-9.4654	2.48901	-0.0263159	39.7969	36.5978	1.08741
8884	0.00823485	0.125515	46.7995	-9.46533	2.48663	-0.026316	39.7945	36.5978	1.08735
8885	0.00823575	0.125515	46.7994	-9.46527	2.48424	-0.0263161	39.792	36.5977	1.08728
8886	0.00823665	0.125514	46.7993	-9.4652	2.48184	-0.0263161	39.7896	36.5977	1.08722
8887	0.00823754	0.125514	46.7992	-9.46514	2.47941	-0.0263161	39.7872	36.5977	1.08715
8888	0.00823844	0.125514	46.7991	-9.46508	2.47677	-0.026316	39.7845	36.5977	1.08708
8889	0.00823934	0.125514	46.799	-9.46503	2.47286	-0.0263158	39.7805	36.5976	1.08697
8890	0.00824024	0.125514	46.7989	-9.46498	2.46863	-0.0263156	39.7763	36.5976	1.08685
8891	0.00824114	0.125514	46.7989	-9.46492	2.46567	-0.0263154	39.7733	36.5976	1.08677
8892	0.00824204	0.125514	46.7988	-9.46488	2.46372	-0.0263151	39.7713	36.5976	1.08672
8893	0.00824293	0.125514	46.7987	-9.46483	2.46256	-0.0263148	39.7701	36.5975	1.08669
8894	0.00824383	0.125514	46.7986	-9.46478	2.46205	-0.0263146	39.7696	36.5975	1.08667
8895	0.00824473	0.125514	46.7986	-9.46474	2.46209	-0.0263143	39.7696	36.5975	1.08668
8896	0.00824563	0.125514	46.7985	-9.4647	2.46261	-0.0263141	39.7701	36.5975	1.08669
8897	0.00824653	0.125514	46.7984	-9.46466	2.46355	-0.0263138	39.771	36.5975	1.08671
8898	0.00824743	0.125514	46.7984	-9.46463	2.46486	-0.0263136	39.7723	36.5975	1.08675
8899	0.00824832	0.125513	46.7983	-9.46459	2.46738	-0.0263134	39.7748	36.5974	1.08682
8900	0.00824922	0.125513	46.7983	-9.46456	2.47176	-0.0263133	39.7792	36.5974	1.08694
8901	0.00825012	0.125513	46.7982	-9.46453	2.47637	-0.0263132	39.7838	36.5974	1.08706
8902	0.00825102	0.125513	46.7982	-9.4645	2.48098	-0.0263131	39.7884	36.5974	1.08719
8903	0.00825192	0.125513	46.7981	-9.46446	2.4855	-0.026313	39.7929	36.5974	1.08731
8904	0.00825282	0.125513	46.7981	-9.46443	2.48985	-0.0263129	39.7972	36.5974	1.08743
8905	0.00825372	0.125513	46.798	-9.4644	2.49397	-0.0263128	39.8013	36.5974	1.08755
8906	0.00825461	0.125513	46.798	-9.46437	2.49778	-0.0263128	39.8051	36.5973	1.08765
8907	0.00825551	0.125513	46.7979	-9.46434	2.50123	-0.0263128	39.8085	36.5973	1.08774
8908	0.00825641	0.125513	46.7979	-9.4643	2.50426	-0.0263129	39.8115	36.5973	1.08783
8909	0.00825731	0.125513	46.7978	-9.46427	2.50685	-0.0263131	39.8141	36.5973	1.0879
8910	0.00825821	0.125513	46.7978	-9.46424	2.50895	-0.0263133	39.8162	36.5973	1.08795
8911	0.00825911	0.125513	46.7977	-9.46421	2.51055	-0.0263135	39.8178	36.5973	1.088
8912	0.00826	0.125513	46.7977	-9.46418	2.51164	-0.0263138	39.8188	36.5973	1.08803
8913	0.0082609	0.125513	46.7976	-9.46414	2.51223	-0.0263141	39.8194	36.5972	1.08804
8914	0.0082618	0.125513	46.7976	-9.46411	2.51228	-0.0263144	39.8194	36.5972	1.08805
8915	0.0082627	0.125513	46.7975	-9.46408	2.51182	-0.0263147	39.819	36.5972	1.08803
8916	0.0082636	0.125513	46.7975	-9.46405	2.5109	-0.026315	39.818	36.5972	1.08801
8917	0.0082645	0.125513	46.7974	-9.46401	2.50957	-0.0263153	39.8167	36.5972	1.08797
8918	0.00826539	0.125513	46.7974	-9.46398	2.50791	-0.0263156	39.815	36.5972	1.08793
8919	0.00826629	0.125513	46.7973	-9.46395	2.50598	-0.0263158	39.8131	36.5972	1.08787
8920	0.00826719	0.125512	46.7973	-9.46392	2.50384	-0.026316	39.8109	36.5971	1.08781
8921	0.00826809	0.125512	46.7972	-9.46389	2.50152	-0.0263162	39.8086	36.5971	1.08775
8922	0.00826899	0.125512	46.7972	-9.46386	2.49909	-0.0263163	39.8061	36.5971	1.08768
8923	0.00826989	0.125512	46.7972	-9.46383	2.49659	-0.0263164	39.8036	36.5971	1.08762
8924	0.00827079	0.125512	46.7971	-9.4638	2.49403	-0.0263165	39.801	36.5971	1.08755
8925	0.00827168	0.125512	46.7971	-9.46378	2.49141	-0.0263165	39.7984	36.5971	1.08747
8926	0.00827258	0.125512	46.797	-9.46375	2.48855	-0.0263165	39.7955	36.5971	1.0874
8927	0.00827348	0.125512	46.797	-9.46373	2.48453	-0.0263164	39.7915	36.5971	1.08729
8928	0.00827438	0.125512	46.7969	-9.4637	2.47985	-0.0263161	39.7868	36.5971	1.08716
8929	0.00827528	0.125512	46.7969	-9.46368	2.47648	-0.0263159	39.7834	36.597	1.08707
8930	0.00827618	0.125512	46.7969	-9.46366	2.47415	-0.0263157	39.7811	36.597	1.087
8931	0.00827707	0.125512	46.7969	-9.46364	2.47266	-0.0263154	39.7796	36.597	1.08696
8932	0.00827797	0.125512	46.7968	-9.46362	2.47185	-0.0263152	39.7787	36.597	1.08694
8933	0.00827887	0.125512	46.7968	-9.46361	2.47163	-0.0263149	39.7785	36.597	1.08693
8934	0.00827977	0.125512	46.7968	-9.4636	2.47191	-0.0263147	39.7788	36.597	1.08694
8935	0.00828067	0.125512	46.7968	-9.46358	2.47266	-0.0263144	39.7795	36.597	1.08696
8936	0.00828157	0.125512	46.7967	-9.46358	2.4738	-0.0263142	39.7807	36.597	1.08699
8937	0.00828247	0.125512	46.7967	-9.46357	2.47528	-0.026314	39.7821	36.597	1.08703
8938	0.00828336	0.125512	46.7967	-9.46356	2.47918	-0.0263139	39.786	36.597	1.08714
8939	0.00828426	0.125512	46.7967	-9.46356	2.48376	-0.0263139	39.7906	36.597	1.08726
8940	0.00828516	0.125512	46.7967	-9.46356	2.48841	-0.0263138	39.7953	36.597	1.08739
8941	0.00828606	0.125512	46.7967	-9.46356	2.493	-0.0263137	39.7998	36.597	1.08752
8942	0.00828696	0.125512	46.7967	-9.46356	2.49745	-0.0263136	39.8043	36.597	1.08764
8943	0.00828786	0.125512	46.7967	-9.46357	2.5017	-0.0263135	39.8085	36.597	1.08775
8944	0.00828875	0.125512	46.7967	-9.46358	2.50566	-0.0263135	39.8125	36.597	1.08786
8945	0.00828965	0.125512	46.7968	-9.46359	2.50928	-0.0263135	39.8161	36.597	1.08796
8946	0.00829055	0.125512	46.7968	-9.4636	2.51249	-0.0263136	39.8193	36.597	1.08805
8947	0.00829145	0.125512	46.7968	-9.46361	2.51526	-0.0263138	39.8221	36.597	1.08813
8948	0.00829235	0.125512	46.7968	-9.46363	2.51754	-0.026314	39.8244	36.597	1.08819
8949	0.00829325	0.125512	46.7968	-9.46365	2.51932	-0.0263142	39.8262	36.597	1.08824
8950	0.00829414	0.125512	46.7969	-9.46367	2.52058	-0.0263145	39.8275	36.597	1.08827
8951	0.00829504	0.125512	46.7969	-9.46369	2.52132	-0.0263148	39.8282	36.597	1.08829
8952	0.00829594	0.125512	46.7969	-9.46371	2.52152	-0.0263151	39.8284	36.597	1.0883
8953	0.00829684	0.125512	46.797	-9.46374	2.52118	-0.0263155	39.8281	36.597	1.08829
8954	0.00829774	0.125512	46.797	-9.46377	2.52035	-0.0263158	39.8273	36.5971	1.08826
8955	0.00829864	0.125512	46.7971	-9.4638	2.51908	-0.0263161	39.826	36.5971	1.08823
8956	0.00829954	0.125512	46.7971	-9.46383	2.51743	-0.0263163	39.8244	36.5971	1.08818
8957	0.00830043	0.125512	46.7972	-9.46386	2.51547	-0.0263166	39.8225	36.5971	1.08813
8958	0.00830133	0.125512	46.7972	-9.4639	2.51328	-0.0263168	39.8203	36.5971	1.08807
8959	0.00830223	0.125512	46.7973	-9.46394	2.51089	-0.026317	39.8179	36.5971	1.08801
8960	0.00830313	0.125512	46.7973	-9.46398	2.50835	-0.0263172	39.8154	36.5971	1.08794
8961	0.00830403	0.125513	46.7974	-9.46402	2.5057	-0.0263173	39.8128	36.5972	1.08786
8962	0.00830493	0.125513	46.7975	-9.46407	2.50298	-0.0263174	39.8101	36.5972	1.08779
8963	0.00830583	0.125513	46.7975	-9.46411	2.50017	-0.0263175	39.8073	36.5972	1.08771
8964	0.00830672	0.125513	46.7976	-9.46416	2.49711	-0.0263175	39.8043	36.5972	1.08763
8965	0.00830762	0.125513	46.7977	-9.46421	2.49293	-0.0263174	39.8001	36.5972	1.08752
8966	0.00830852	0.125513	46.7978	-9.46426	2.48792	-0.0263172	39.7951	36.5973	1.08738
8967	0.00830942	0.125513	46.7979	-9.46432	2.48425	-0.0263169	39.7915	36.5973	1.08728
8968	0.00831032	0.125513	46.7979	-9.46438	2.48164	-0.0263167	39.7889	36.5973	1.08721
8969	0.00831122	0.125513	46.798	-9.46444	2.47989	-0.0263165	39.7872	36.5973	1.08716
8970	0.00831211	0.125513	46.7981	-9.4645	2.47884	-0.0263163	39.7862	36.5974	1.08713
8971	0.00831301	0.125513	46.7982	-9.46456	2.47839	-0.026316	39.7857	36.5974	1.08712
8972	0.00831391	0.125513	46.7983	-9.46463	2.47848	-0.0263158	39.7859	36.5974	1.08712
8973	0.00831481	0.125513	46.7984	-9.46469	2.47903	-0.0263155	39.7865	36.5974	1.08714
8974	0.00831571	0.125514	46.7985	-9.46476	2.48001	-0.0263153	39.7875	36.5975	1.08716
8975	0.00831661	0.125514	46.7987	-9.46484	2.48135	-0.0263151	39.7889	36.5975	1.0872
8976	0.00831751	0.125514	46.7988	-9.46491	2.48496	-0.026315	39.7925	36.5975	1.0873
8977	0.0083184	0.125514	46.7989	-9.46498	2.48942	-0.026315	39.797	36.5976	1.08742
8978	0.0083193	0.125514	46.799	-9.46506	2.49398	-0.0263149	39.8016	36.5976	1.08755
8979	0.0083202	0.125514	46.7991	-9.46514	2.4985	-0.0263148	39.8062	36.5976	1.08767
8980	0.0083211	0.125514	46.7992	-9.46522	2.50291	-0.0263147	39.8106	36.5977	1.08779
8981	0.008322	0.125514	46.7994	-9.4653	2.50711	-0.0263146	39.8149	36.5977	1.08791
8982	0.0083229	0.125514	46.7995	-9.46539	2.51105	-0.0263146	39.8188	36.5977	1.08801
8983	0.00832379	0.125515	46.7996	-9.46547	2.51464	-0.0263147	39.8225	36.5978	1.08811
8984	0.00832469	0.125515	46.7998	-9.46556	2.51784	-0.0263148	39.8257	36.5978	1.0882
8985	0.00832559	0.125515	46.7999	-9.46565	2.5206	-0.0263149	39.8285	36.5978	1.08828
8986	0.00832649	0.125515	46.8	-9.46574	2.52287	-0.0263151	39.8309	36.5979	1.08834
8987	0.00832739	0.125515	46.8002	-9.46583	2.52464	-0.0263154	39.8327	36.5979	1.08839
8988	0.00832829	0.125515	46.8003	-9.46592	2.52589	-0.0263156	39.834	36.598	1.08842
8989	0.00832918	0.125515	46.8005	-9.46601	2.52661	-0.0263159	39.8348	36.598	1.08844
8990	0.00833008	0.125516	46.8006	-9.46611	2.52679	-0.0263163	39.835	36.598	1.08845
8991	0.00833098	0.125516	46.8008	-9.46621	2.52642	-0.0263166	39.8347	36.5981	1.08844
8992	0.00833188	0.125516	46.8009	-9.46631	2.52555	-0.0263169	39.8338	36.5981	1.08841
8993	0.00833278	0.125516	46.8011	-9.46641	2.52423	-0.0263172	39.8326	36.5982	1.08838
8994	0.00833368	0.125516	46.8012	-9.46651	2.52252	-0.0263174	39.8309	36.5982	1.08833
8995	0.00833458	0.125516	46.8014	-9.46662	2.5205	-0.0263177	39.829	36.5983	1.08827
8996	0.00833547	0.125516	46.8016	-9.46672	2.51822	-0.0263179	39.8267	36.5983	1.08821
8997	0.00833637	0.125517	46.8017	-9.46682	2.51574	-0.0263181	39.8243	36.5983	1.08815
8998	0.00833727	0.125517	46.8019	-9.46693	2.51309	-0.0263183	39.8217	36.5984	1.08807
8999	0.00833817	0.125517	46.802	-9.46704	2.51033	-0.0263184	39.819	36.5984	1.088
9000	0.00833907	0.125517	46.8022	-9.46714	2.50747	-0.0263185	39.8162	36.5985	1.08792
9001	0.00833997	0.125517	46.8024	-9.46725	2.50448	-0.0263185	39.8133	36.5985	1.08784
9002	0.00834087	0.125517	46.8025	-9.46735	2.50114	-0.0263185	39.81	36.5986	1.08775
9003	0.00834176	0.125518	46.8027	-9.46746	2.49591	-0.0263184	39.8048	36.5986	1.0876
9004	0.00834266	0.125518	46.8029	-9.46757	2.49113	-0.0263182	39.8001	36.5987	1.08747
9005	0.00834356	0.125518	46.803	-9.46768	2.48756	-0.026318	39.7966	36.5987	1.08738
9006	0.00834446	0.125518	46.8032	-9.46779	2.48502	-0.0263177	39.7941	36.5988	1.08731
9007	0.00834536	0.125518	46.8034	-9.4679	2.48328	-0.0263175	39.7924	36.5988	1.08726
9008	0.00834626	0.125518	46.8035	-9.46801	2.48222	-0.0263173	39.7914	36.5988	1.08723
9009	0.00834716	0.125518	46.8037	-9.46812	2.48175	-0.026317	39.791	36.5989	1.08722
9010	0.00834805	0.125519	46.8039	-9.46824	2.48181	-0.0263168	39.7911	36.5989	1.08722
9011	0.00834895	0.125519	46.8041	-9.46835	2.48234	-0.0263165	39.7917	36.599	1.08724
9012	0.00834985	0.125519	46.8042	-9.46846	2.48328	-0.0263163	39.7928	36.599	1.08726
9013	0.00835075	0.125519	46.8044	-9.46858	2.48459	-0.0263161	39.7941	36.5991	1.0873
9014	0.00835165	0.125519	46.8046	-9.4687	2.48834	-0.026316	39.7979	36.5991	1.0874
9015	0.00835255	0.125519	46.8048	-9.46882	2.49277	-0.026316	39.8024	36.5992	1.08752
9016	0.00835344	0.12552	46.805	-9.46893	2.49727	-0.0263159	39.807	36.5992	1.08765
9017	0.00835434	0.12552	46.8052	-9.46905	2.50173	-0.0263158	39.8115	36.5993	1.08777
9018	0.00835524	0.12552	46.8053	-9.46917	2.50605	-0.0263157	39.8159	36.5993	1.08789
9019	0.00835614	0.12552	46.8055	-9.46929	2.51017	-0.0263157	39.8201	36.5994	1.088
9020	0.00835704	0.12552	46.8057	-9.46942	2.51402	-0.0263157	39.824	36.5994	1.0881
9021	0.00835794	0.125521	46.8059	-9.46954	2.51751	-0.0263157	39.8276	36.5995	1.0882
9022	0.00835883	0.125521	46.8061	-9.46966	2.5206	-0.0263158	39.8307	36.5995	1.08828
9023	0.00835973	0.125521	46.8063	-9.46979	2.52324	-0.0263159	39.8334	36.5996	1.08836
9024	0.00836063	0.125521	46.8065	-9.46991	2.52539	-0.0263161	39.8356	36.5997	1.08842
9025	0.00836153	0.125521	46.8067	-9.47004	2.52702	-0.0263164	39.8373	36.5997	1.08846
9026	0.00836243	0.125521	46.8069	-9.47016	2.52814	-0.0263167	39.8385	36.5998	1.08849
9027	0.00836333	0.125522	46.8071	-9.47029	2.52872	-0.026317	39.8392	36.5998	1.08851
9028	0.00836422	0.125522	46.8073	-9.47041	2.52874	-0.0263173	39.8393	36.5999	1.08851
9029	0.00836512	0.125522	46.8075	-9.47054	2.52821	-0.0263176	39.8388	36.5999	1.08849
9030	0.00836602	0.125522	46.8077	-9.47067	2.52718	-0.0263179	39.8378	36.6	1.08847
9031	0.00836692	0.125522	46.8079	-9.4708	2.5257	-0.0263182	39.8364	36.6	1.08843
9032	0.00836782	0.125523	46.8081	-9.47093	2.52384	-0.0263184	39.8346	36.6001	1.08838
9033	0.00836872	0.125523	46.8083	-9.47106	2.52166	-0.0263187	39.8325	36.6001	1.08832
9034	0.00836962	0.125523	46.8085	-9.47119	2.51923	-0.0263189	39.8302	36.6002	1.08825
9035	0.00837051	0.125523	46.8087	-9.47132	2.5166	-0.0263191	39.8276	36.6003	1.08818
9036	0.00837141	0.125523	46.8089	-9.47145	2.5138	-0.0263192	39.8249	36.6003	1.0881
9037	0.00837231	0.125524	46.8091	-9.47158	2.51089	-0.0263193	39.8221	36.6004	1.08802
9038	0.00837321	0.125524	46.8093	-9.47171	2.50787	-0.0263194	39.8191	36.6004	1.08794
9039	0.00837411	0.125524	46.8095	-9.47184	2.50469	-0.0263195	39.816	36.6005	1.08785
9040	0.00837501	0.125524	46.8097	-9.47198	2.50105	-0.0263194	39.8124	36.6005	1.08776
9041	0.00837591	0.125524	46.8099	-9.47211	2.49502	-0.0263192	39.8065	36.6006	1.08759
9042	0.0083768	0.125525	46.8101	-9.47224	2.49043	-0.026319	39.802	36.6007	1.08747
9043	0.0083777	0.125525	46.8103	-9.47238	2.48698	-0.0263188	39.7986	36.6007	1.08737
9044	0.0083786	0.125525	46.8105	-9.47251	2.4845	-0.0263185	39.7962	36.6008	1.0873
9045	0.0083795	0.125525	46.8107	-9.47264	2.48279	-0.0263183	39.7945	36.6008	1.08726
9046	0.0083804	0.125525	46.8109	-9.47278	2.48173	-0.026318	39.7936	36.6009	1.08723
9047	0.0083813	0.125525	46.8111	-9.47291	2.48125	-0.0263178	39.7931	36.6009	1.08722
9048	0.00838219	0.125526	46.8113	-9.47304	2.48129	-0.0263175	39.7933	36.601	1.08722
9049	0.00838309	0.125526	46.8115	-9.47318	2.48179	-0.0263173	39.7938	36.6011	1.08723
9050	0.00838399	0.125526	46.8117	-9.47331	2.4827	-0.026317	39.7948	36.6011	1.08726
9051	0.00838489	0.125526	46.812	-9.47345	2.48448	-0.0263169	39.7967	36.6012	1.08731
9052	0.00838579	0.125526	46.8122	-9.47358	2.48847	-0.0263168	39.8007	36.6012	1.08742
9053	0.00838669	0.125527	46.8124	-9.47371	2.49281	-0.0263167	39.8051	36.6013	1.08753
9054	0.00838759	0.125527	46.8126	-9.47385	2.49717	-0.0263166	39.8096	36.6013	1.08765
9055	0.00838848	0.125527	46.8128	-9.47398	2.50148	-0.0263165	39.814	36.6014	1.08777
9056	0.00838938	0.125527	46.813	-9.47412	2.50563	-0.0263164	39.8182	36.6015	1.08789
9057	0.00839028	0.125527	46.8132	-9.47425	2.50957	-0.0263164	39.8222	36.6015	1.08799
9058	0.00839118	0.125528	46.8134	-9.47438	2.51321	-0.0263164	39.8259	36.6016	1.08809
9059	0.00839208	0.125528	46.8136	-9.47452	2.51649	-0.0263164	39.8293	36.6016	1.08818
9060	0.00839297	0.125528	46.8138	-9.47465	2.51935	-0.0263165	39.8322	36.6017	1.08826
9061	0.00839387	0.125528	46.814	-9.47478	2.52175	-0.0263167	39.8347	36.6017	1.08833
9062	0.00839477	0.125528	46.8142	-9.47491	2.52365	-0.0263169	39.8366	36.6018	1.08838
9063	0.00839567	0.125529	46.8144	-9.47504	2.52504	-0.0263171	39.8381	36.6019	1.08842
9064	0.00839657	0.125529	46.8146	-9.47517	2.5259	-0.0263174	39.839	36.6019	1.08844
9065	0.00839747	0.125529	46.8148	-9.4753	2.52622	-0.0263177	39.8394	36.602	1.08845
9066	0.00839836	0.125529	46.815	-9.47543	2.52598	-0.026318	39.8393	36.602	1.08844
9067	0.00839926	0.125529	46.8152	-9.47556	2.5252	-0.0263183	39.8385	36.6021	1.08842
9068	0.00840016	0.12553	46.8154	-9.47569	2.52392	-0.0263186	39.8373	36.6021	1.08839
9069	0.00840106	0.12553	46.8156	-9.47582	2.52222	-0.0263188	39.8357	36.6022	1.08834
9070	0.00840196	0.12553	46.8158	-9.47595	2.52014	-0.0263191	39.8337	36.6022	1.08829
9071	0.00840286	0.12553	46.816	-9.47608	2.51777	-0.0263193	39.8314	36.6023	1.08822
9072	0.00840376	0.12553	46.8162	-9.4762	2.51517	-0.0263195	39.8289	36.6024	1.08815
9073	0.00840465	0.125531	46.8164	-9.47632	2.51237	-0.0263196	39.8261	36.6024	1.08807
9074	0.00840555	0.125531	46.8166	-9.47645	2.50942	-0.0263198	39.8233	36.6025	1.08799
9075	0.00840645	0.125531	46.8168	-9.47657	2.50636	-0.0263199	39.8203	36.6025	1.08791
9076	0.00840735	0.125531	46.817	-9.47669	2.50318	-0.0263199	39.8172	36.6026	1.08782
9077	0.00840825	0.125531	46.8172	-9.47681	2.4998	-0.0263199	39.8138	36.6026	1.08773
9078	0.00840915	0.125531	46.8173	-9.47692	2.49568	-0.0263199	39.8098	36.6027	1.08762
9079	0.00841004	0.125532	46.8175	-9.47704	2.48983	-0.0263197	39.804	36.6027	1.08746
9080	0.00841094	0.125532	46.8177	-9.47715	2.48538	-0.0263194	39.7996	36.6028	1.08734
9081	0.00841184	0.125532	46.8179	-9.47726	2.48202	-0.0263192	39.7963	36.6028	1.08725
9082	0.00841274	0.125532	46.818	-9.47737	2.47959	-0.0263189	39.7939	36.6029	1.08718
9083	0.00841364	0.125532	46.8182	-9.47748	2.47791	-0.0263187	39.7923	36.6029	1.08714
9084	0.00841454	0.125532	46.8184	-9.47759	2.47687	-0.0263184	39.7913	36.603	1.08711
9085	0.00841544	0.125533	46.8185	-9.47769	2.47639	-0.0263181	39.7909	36.603	1.08709
9086	0.00841633	0.125533	46.8187	-9.47779	2.47641	-0.0263179	39.791	36.603	1.0871
9087	0.00841723	0.125533	46.8189	-9.47789	2.47689	-0.0263176	39.7915	36.6031	1.08711
9088	0.00841813	0.125533	46.819	-9.47799	2.47776	-0.0263174	39.7925	36.6031	1.08713
9089	0.00841903	0.125533	46.8192	-9.47809	2.48029	-0.0263173	39.795	36.6032	1.0872
9090	0.00841993	0.125533	46.8193	-9.47819	2.48431	-0.0263172	39.7991	36.6032	1.08731
9091	0.00842083	0.125533	46.8195	-9.47828	2.48851	-0.0263171	39.8034	36.6033	1.08743
9092	0.00842172	0.125534	46.8196	-9.47837	2.49272	-0.026317	39.8076	36.6033	1.08754
9093	0.00842262	0.125534	46.8197	-9.47846	2.49685	-0.0263169	39.8118	36.6033	1.08766
9094	0.00842352	0.125534	46.8199	-9.47855	2.50082	-0.0263168	39.8158	36.6034	1.08776
9095	0.00842442	0.125534	46.82	-9.47863	2.50455	-0.0263167	39.8196	36.6034	1.08787
9096	0.00842532	0.125534	46.8201	-9.47871	2.50797	-0.0263167	39.8231	36.6034	1.08796
9097	0.00842622	0.125534	46.8203	-9.47879	2.51102	-0.0263168	39.8262	36.6035	1.08804
9098	0.00842711	0.125534	46.8204	-9.47887	2.51365	-0.0263169	39.8288	36.6035	1.08812
9099	0.00842801	0.125534	46.8205	-9.47894	2.51581	-0.026317	39.831	36.6035	1.08817
9100	0.00842891	0.125535	46.8206	-9.47902	2.51747	-0.0263172	39.8327	36.6036	1.08822
9101	0.00842981	0.125535	46.8207	-9.47909	2.51861	-0.0263175	39.8339	36.6036	1.08825
9102	0.00843071	0.125535	46.8208	-9.47916	2.51924	-0.0263177	39.8346	36.6036	1.08827
9103	0.00843161	0.125535	46.8209	-9.47922	2.51931	-0.026318	39.8347	36.6037	1.08827
9104	0.0084325	0.125535	46.821	-9.47929	2.51882	-0.0263183	39.8342	36.6037	1.08826
9105	0.0084334	0.125535	46.8211	-9.47935	2.51782	-0.0263186	39.8333	36.6037	1.08823
9106	0.0084343	0.125535	46.8212	-9.47941	2.51635	-0.0263188	39.8318	36.6038	1.08819
9107	0.0084352	0.125535	46.8213	-9.47946	2.51446	-0.0263191	39.83	36.6038	1.08814
9108	0.0084361	0.125535	46.8214	-9.47952	2.51223	-0.0263193	39.8278	36.6038	1.08808
9109	0.008437	0.125535	46.8215	-9.47957	2.50972	-0.0263195	39.8253	36.6038	1.08801
9110	0.00843789	0.125535	46.8216	-9.47962	2.507	-0.0263197	39.8226	36.6038	1.08794
9111	0.00843879	0.125536	46.8216	-9.47967	2.5041	-0.0263198	39.8197	36.6039	1.08786
9112	0.00843969	0.125536	46.8217	-9.47972	2.50107	-0.0263199	39.8167	36.6039	1.08777
9113	0.00844059	0.125536	46.8218	-9.47976	2.49794	-0.02632	39.8136	36.6039	1.08769
9114	0.00844149	0.125536	46.8218	-9.4798	2.49472	-0.02632	39.8104	36.6039	1.0876
9115	0.00844239	0.125536	46.8219	-9.47984	2.49128	-0.02632	39.807	36.6039	1.08751
9116	0.00844328	0.125536	46.822	-9.47988	2.48705	-0.0263199	39.8028	36.604	1.08739
9117	0.00844418	0.125536	46.822	-9.47992	2.48131	-0.0263197	39.7971	36.604	1.08723
9118	0.00844508	0.125536	46.8221	-9.47995	2.47694	-0.0263195	39.7927	36.604	1.08711
9119	0.00844598	0.125536	46.8221	-9.47998	2.47365	-0.0263192	39.7895	36.604	1.08703
9120	0.00844688	0.125536	46.8222	-9.48001	2.47128	-0.026319	39.7871	36.604	1.08696
9121	0.00844778	0.125536	46.8222	-9.48004	2.46963	-0.0263187	39.7855	36.604	1.08692
9122	0.00844867	0.125536	46.8223	-9.48007	2.46862	-0.0263184	39.7845	36.6041	1.08689
9123	0.00844957	0.125536	46.8223	-9.48009	2.46816	-0.0263181	39.784	36.6041	1.08688
9124	0.00845047	0.125536	46.8223	-9.48012	2.46819	-0.0263179	39.7841	36.6041	1.08688
9125	0.00845137	0.125536	46.8224	-9.48014	2.46866	-0.0263176	39.7846	36.6041	1.08689
9126	0.00845227	0.125536	46.8224	-9.48016	2.46952	-0.0263174	39.7854	36.6041	1.08691
9127	0.00845317	0.125536	46.8224	-9.48018	2.47238	-0.0263173	39.7883	36.6041	1.08699
9128	0.00845406	0.125536	46.8225	-9.48019	2.47637	-0.0263172	39.7923	36.6041	1.0871
9129	0.00845496	0.125536	46.8225	-9.48021	2.4805	-0.026317	39.7965	36.6041	1.08721
9130	0.00845586	0.125536	46.8225	-9.48022	2.48462	-0.0263169	39.8006	36.6041	1.08733
9131	0.00845676	0.125536	46.8225	-9.48023	2.48864	-0.0263168	39.8046	36.6041	1.08744
9132	0.00845766	0.125536	46.8225	-9.48024	2.4925	-0.0263167	39.8085	36.6041	1.08754
9133	0.00845856	0.125536	46.8225	-9.48025	2.49611	-0.0263166	39.8121	36.6041	1.08764
9134	0.00845945	0.125536	46.8226	-9.48025	2.49941	-0.0263166	39.8154	36.6041	1.08773
9135	0.00846035	0.125536	46.8226	-9.48026	2.50233	-0.0263167	39.8183	36.6041	1.08781
9136	0.00846125	0.125536	46.8226	-9.48026	2.50482	-0.0263168	39.8208	36.6041	1.08788
9137	0.00846215	0.125536	46.8226	-9.48026	2.50685	-0.0263169	39.8228	36.6041	1.08793
9138	0.00846305	0.125536	46.8226	-9.48026	2.50838	-0.0263171	39.8244	36.6041	1.08797
9139	0.00846395	0.125536	46.8226	-9.48026	2.5094	-0.0263173	39.8254	36.6041	1.088
9140	0.00846484	0.125536	46.8226	-9.48025	2.5099	-0.0263176	39.8259	36.6041	1.08802
9141	0.00846574	0.125536	46.8226	-9.48025	2.50984	-0.0263179	39.8258	36.6041	1.08801
9142	0.00846664	0.125536	46.8225	-9.48024	2.50925	-0.0263181	39.8252	36.6041	1.088
9143	0.00846754	0.125536	46.8225	-9.48024	2.50814	-0.0263184	39.8241	36.6041	1.08797
9144	0.00846844	0.125536	46.8225	-9.48023	2.50658	-0.0263186	39.8226	36.6041	1.08793
9145	0.00846933	0.125536	46.8225	-9.48022	2.50463	-0.0263189	39.8206	36.6041	1.08787
9146	0.00847023	0.125536	46.8225	-9.48021	2.50234	-0.0263191	39.8183	36.6041	1.08781
9147	0.00847113	0.125536	46.8225	-9.48019	2.4998	-0.0263192	39.8158	36.6041	1.08774
9148	0.00847203	0.125536	46.8225	-9.48018	2.49705	-0.0263194	39.813	36.6041	1.08766
9149	0.00847293	0.125536	46.8224	-9.48017	2.49415	-0.0263195	39.8101	36.6041	1.08759
9150	0.00847383	0.125536	46.8224	-9.48015	2.49114	-0.0263196	39.8071	36.6041	1.0875
9151	0.00847472	0.125536	46.8224	-9.48013	2.48807	-0.0263197	39.804	36.6041	1.08742
9152	0.00847562	0.125536	46.8224	-9.48012	2.48495	-0.0263197	39.8009	36.6041	1.08733
9153	0.00847652	0.125536	46.8223	-9.4801	2.48176	-0.0263197	39.7977	36.6041	1.08725
9154	0.00847742	0.125536	46.8223	-9.48008	2.47829	-0.0263196	39.7942	36.6041	1.08715
9155	0.00847832	0.125536	46.8223	-9.48006	2.47313	-0.0263194	39.789	36.6041	1.08701
9156	0.00847922	0.125536	46.8222	-9.48004	2.46828	-0.0263192	39.7842	36.6041	1.08688
9157	0.00848012	0.125536	46.8222	-9.48002	2.46465	-0.0263189	39.7805	36.604	1.08678
9158	0.00848101	0.125536	46.8222	-9.47999	2.46202	-0.0263187	39.7779	36.604	1.08671
9159	0.00848191	0.125536	46.8221	-9.47997	2.46018	-0.0263184	39.776	36.604	1.08666
9160	0.00848281	0.125536	46.8221	-9.47995	2.45901	-0.0263181	39.7748	36.604	1.08663
9161	0.00848371	0.125536	46.8221	-9.47992	2.45841	-0.0263179	39.7742	36.604	1.08661
9162	0.00848461	0.125536	46.822	-9.4799	2.45831	-0.0263176	39.7741	36.604	1.08661
9163	0.0084855	0.125536	46.822	-9.47987	2.45866	-0.0263173	39.7745	36.604	1.08662
9164	0.0084864	0.125536	46.8219	-9.47984	2.4594	-0.0263171	39.7752	36.604	1.08664
9165	0.0084873	0.125536	46.8219	-9.47981	2.46145	-0.0263169	39.7772	36.604	1.08669
9166	0.0084882	0.125536	46.8219	-9.47979	2.46529	-0.0263168	39.781	36.604	1.0868
9167	0.0084891	0.125536	46.8218	-9.47976	2.46936	-0.0263166	39.7851	36.6039	1.08691
9168	0.00849	0.125536	46.8218	-9.47973	2.47345	-0.0263165	39.7892	36.6039	1.08702
9169	0.00849089	0.125536	46.8217	-9.47969	2.47747	-0.0263163	39.7932	36.6039	1.08713
9170	0.00849179	0.125536	46.8217	-9.47966	2.48133	-0.0263162	39.797	36.6039	1.08723
9171	0.00849269	0.125536	46.8216	-9.47963	2.48498	-0.0263161	39.8007	36.6039	1.08733
9172	0.00849359	0.125536	46.8216	-9.47959	2.48834	-0.0263161	39.804	36.6039	1.08743
9173	0.00849449	0.125536	46.8215	-9.47956	2.49135	-0.0263161	39.807	36.6039	1.08751
9174	0.00849538	0.125535	46.8215	-9.47953	2.49394	-0.0263161	39.8096	36.6038	1.08758
9175	0.00849628	0.125535	46.8214	-9.47949	2.49609	-0.0263163	39.8117	36.6038	1.08764
9176	0.00849718	0.125535	46.8213	-9.47945	2.49776	-0.0263164	39.8133	36.6038	1.08768
9177	0.00849808	0.125535	46.8213	-9.47941	2.49893	-0.0263166	39.8145	36.6038	1.08771
9178	0.00849898	0.125535	46.8212	-9.47938	2.49959	-0.0263169	39.8151	36.6038	1.08773
9179	0.00849988	0.125535	46.8212	-9.47934	2.49973	-0.0263171	39.8152	36.6038	1.08774
9180	0.00850077	0.125535	46.8211	-9.47929	2.49932	-0.0263174	39.8148	36.6037	1.08772
9181	0.00850167	0.125535	46.821	-9.47925	2.4984	-0.0263176	39.8139	36.6037	1.0877
9182	0.00850257	0.125535	46.821	-9.47921	2.49702	-0.0263179	39.8125	36.6037	1.08766
9183	0.00850347	0.125535	46.8209	-9.47917	2.49522	-0.0263181	39.8106	36.6037	1.08761
9184	0.00850437	0.125535	46.8208	-9.47912	2.49309	-0.0263183	39.8085	36.6037	1.08755
9185	0.00850527	0.125535	46.8208	-9.47907	2.49069	-0.0263185	39.8061	36.6037	1.08749
9186	0.00850616	0.125535	46.8207	-9.47902	2.48809	-0.0263187	39.8034	36.6036	1.08742
9187	0.00850706	0.125535	46.8206	-9.47897	2.48532	-0.0263188	39.8006	36.6036	1.08734
9188	0.00850796	0.125535	46.8205	-9.47892	2.48246	-0.0263189	39.7977	36.6036	1.08726
9189	0.00850886	0.125535	46.8205	-9.47887	2.47954	-0.026319	39.7948	36.6036	1.08718
9190	0.00850976	0.125534	46.8204	-9.47882	2.47662	-0.026319	39.7919	36.6035	1.0871
9191	0.00851066	0.125534	46.8203	-9.47876	2.47373	-0.026319	39.7889	36.6035	1.08702
9192	0.00851155	0.125534	46.8202	-9.4787	2.47085	-0.026319	39.786	36.6035	1.08695
9193	0.00851245	0.125534	46.8201	-9.47865	2.46791	-0.0263189	39.783	36.6035	1.08687
9194	0.00851335	0.125534	46.82	-9.47859	2.46445	-0.0263188	39.7796	36.6035	1.08677
9195	0.00851425	0.125534	46.8199	-9.47853	2.45934	-0.0263185	39.7744	36.6034	1.08663
9196	0.00851515	0.125534	46.8198	-9.47846	2.45559	-0.0263183	39.7706	36.6034	1.08653
9197	0.00851604	0.125534	46.8197	-9.4784	2.45292	-0.026318	39.7679	36.6034	1.08646
9198	0.00851694	0.125534	46.8196	-9.47834	2.45112	-0.0263177	39.7661	36.6033	1.08641
9199	0.00851784	0.125534	46.8195	-9.47827	2.45001	-0.0263175	39.7649	36.6033	1.08638
9200	0.00851874	0.125534	46.8194	-9.4782	2.44947	-0.0263172	39.7644	36.6033	1.08636
9201	0.00851964	0.125533	46.8193	-9.47813	2.44943	-0.0263169	39.7643	36.6033	1.08636
9202	0.00852054	0.125533	46.8192	-9.47806	2.44982	-0.0263166	39.7647	36.6032	1.08637
9203	0.00852143	0.125533	46.8191	-9.47799	2.45059	-0.0263164	39.7654	36.6032	1.08639
9204	0.00852233	0.125533	46.819	-9.47792	2.45168	-0.0263161	39.7664	36.6032	1.08642
9205	0.00852323	0.125533	46.8189	-9.47785	2.45526	-0.026316	39.77	36.6031	1.08652
9206	0.00852413	0.125533	46.8188	-9.47777	2.45937	-0.0263159	39.774	36.6031	1.08663
9207	0.00852503	0.125533	46.8186	-9.4777	2.46352	-0.0263157	39.7782	36.6031	1.08674
9208	0.00852592	0.125533	46.8185	-9.47762	2.46761	-0.0263155	39.7822	36.603	1.08685
9209	0.00852682	0.125533	46.8184	-9.47754	2.47156	-0.0263154	39.7861	36.603	1.08696
9210	0.00852772	0.125532	46.8183	-9.47746	2.4753	-0.0263153	39.7898	36.603	1.08706
9211	0.00852862	0.125532	46.8182	-9.47737	2.47877	-0.0263152	39.7932	36.6029	1.08716
9212	0.00852952	0.125532	46.818	-9.47729	2.4819	-0.0263152	39.7963	36.6029	1.08724
9213	0.00853042	0.125532	46.8179	-9.4772	2.48464	-0.0263152	39.799	36.6029	1.08732
9214	0.00853131	0.125532	46.8178	-9.47712	2.48695	-0.0263153	39.8013	36.6028	1.08738
9215	0.00853221	0.125532	46.8176	-9.47703	2.4888	-0.0263154	39.8031	36.6028	1.08743
9216	0.00853311	0.125532	46.8175	-9.47693	2.49016	-0.0263156	39.8044	36.6028	1.08747
9217	0.00853401	0.125532	46.8173	-9.47684	2.49103	-0.0263159	39.8052	36.6027	1.08749
9218	0.00853491	0.125531	46.8172	-9.47675	2.4914	-0.0263161	39.8055	36.6027	1.0875
9219	0.0085358	0.125531	46.817	-9.47665	2.49123	-0.0263164	39.8053	36.6026	1.0875
9220	0.0085367	0.125531	46.8169	-9.47655	2.49056	-0.0263167	39.8046	36.6026	1.08748
9221	0.0085376	0.125531	46.8167	-9.47645	2.48942	-0.0263169	39.8034	36.6026	1.08745
9222	0.0085385	0.125531	46.8166	-9.47635	2.48786	-0.0263172	39.8018	36.6025	1.08741
9223	0.0085394	0.125531	46.8164	-9.47625	2.48595	-0.0263174	39.7998	36.6025	1.08735
9224	0.0085403	0.125531	46.8163	-9.47615	2.48377	-0.0263176	39.7976	36.6024	1.08729
9225	0.00854119	0.12553	46.8161	-9.47604	2.48138	-0.0263178	39.7951	36.6024	1.08723
9226	0.00854209	0.12553	46.8159	-9.47593	2.47882	-0.0263179	39.7925	36.6023	1.08716
9227	0.00854299	0.12553	46.8158	-9.47583	2.47616	-0.0263181	39.7898	36.6023	1.08708
9228	0.00854389	0.12553	46.8156	-9.47571	2.47345	-0.0263182	39.787	36.6022	1.08701
9229	0.00854479	0.12553	46.8154	-9.4756	2.47075	-0.0263182	39.7843	36.6022	1.08694
9230	0.00854569	0.12553	46.8153	-9.47549	2.4681	-0.0263182	39.7815	36.6021	1.08686
9231	0.00854658	0.125529	46.8151	-9.47537	2.46553	-0.0263182	39.7789	36.6021	1.08679
9232	0.00854748	0.125529	46.8149	-9.47526	2.46307	-0.0263182	39.7764	36.6021	1.08673
9233	0.00854838	0.125529	46.8147	-9.47514	2.46067	-0.0263181	39.7739	36.602	1.08666
9234	0.00854928	0.125529	46.8145	-9.47502	2.45824	-0.026318	39.7714	36.602	1.08659
9235	0.00855018	0.125529	46.8143	-9.4749	2.45523	-0.0263179	39.7684	36.6019	1.08651
9236	0.00855108	0.125529	46.8142	-9.47478	2.45097	-0.0263176	39.764	36.6018	1.08639
9237	0.00855197	0.125528	46.814	-9.47465	2.448	-0.0263174	39.761	36.6018	1.08631
9238	0.00855287	0.125528	46.8138	-9.47453	2.44602	-0.0263171	39.7589	36.6017	1.08626
9239	0.00855377	0.125528	46.8136	-9.4744	2.44482	-0.0263169	39.7577	36.6017	1.08623
9240	0.00855467	0.125528	46.8134	-9.47427	2.44425	-0.0263166	39.757	36.6016	1.08621
9241	0.00855557	0.125528	46.8132	-9.47414	2.44419	-0.0263164	39.7569	36.6016	1.08621
9242	0.00855646	0.125528	46.813	-9.47401	2.44456	-0.0263161	39.7572	36.6015	1.08622
9243	0.00855736	0.125527	46.8128	-9.47388	2.4453	-0.0263158	39.7579	36.6015	1.08624
9244	0.00855826	0.125527	46.8126	-9.47375	2.44635	-0.0263156	39.7589	36.6014	1.08627
9245	0.00855916	0.125527	46.8124	-9.47361	2.44937	-0.0263154	39.7618	36.6014	1.08635
9246	0.00856006	0.125527	46.8122	-9.47348	2.45341	-0.0263153	39.7658	36.6013	1.08646
9247	0.00856095	0.125527	46.8119	-9.47334	2.45754	-0.0263151	39.7698	36.6012	1.08657
9248	0.00856185	0.125526	46.8117	-9.47321	2.46162	-0.026315	39.7738	36.6012	1.08668
9249	0.00856275	0.125526	46.8115	-9.47307	2.46557	-0.0263148	39.7777	36.6011	1.08679
9250	0.00856365	0.125526	46.8113	-9.47293	2.46934	-0.0263146	39.7814	36.6011	1.08689
9251	0.00856455	0.125526	46.8111	-9.47279	2.47285	-0.0263146	39.7848	36.601	1.08699
9252	0.00856545	0.125526	46.8109	-9.47265	2.47605	-0.0263145	39.788	36.6009	1.08707
9253	0.00856634	0.125525	46.8107	-9.47251	2.47888	-0.0263145	39.7907	36.6009	1.08715
9254	0.00856724	0.125525	46.8104	-9.47237	2.48131	-0.0263146	39.7931	36.6008	1.08722
9255	0.00856814	0.125525	46.8102	-9.47223	2.48329	-0.0263148	39.795	36.6008	1.08727
9256	0.00856904	0.125525	46.81	-9.47209	2.48481	-0.026315	39.7964	36.6007	1.08731
9257	0.00856994	0.125524	46.8098	-9.47195	2.48585	-0.0263152	39.7974	36.6006	1.08734
9258	0.00857083	0.125524	46.8096	-9.4718	2.48642	-0.0263155	39.7979	36.6006	1.08736
9259	0.00857173	0.125524	46.8093	-9.47165	2.48649	-0.0263158	39.7979	36.6005	1.08736
9260	0.00857263	0.125524	46.8091	-9.47151	2.48606	-0.026316	39.7973	36.6005	1.08735
9261	0.00857353	0.125524	46.8089	-9.47135	2.48517	-0.0263163	39.7964	36.6004	1.08732
9262	0.00857443	0.125523	46.8086	-9.4712	2.48386	-0.0263166	39.795	36.6003	1.08728
9263	0.00857533	0.125523	46.8084	-9.47105	2.4822	-0.0263168	39.7932	36.6003	1.08724
9264	0.00857622	0.125523	46.8082	-9.4709	2.48025	-0.0263171	39.7912	36.6002	1.08719
9265	0.00857712	0.125523	46.8079	-9.47075	2.47809	-0.0263173	39.789	36.6001	1.08713
9266	0.00857802	0.125523	46.8077	-9.47059	2.47576	-0.0263174	39.7865	36.6001	1.08706
9267	0.00857892	0.125522	46.8075	-9.47044	2.47331	-0.0263176	39.784	36.6	1.08699
9268	0.00857982	0.125522	46.8072	-9.47028	2.4708	-0.0263177	39.7814	36.5999	1.08693
9269	0.00858071	0.125522	46.807	-9.47013	2.46829	-0.0263177	39.7788	36.5999	1.08686
9270	0.00858161	0.125522	46.8067	-9.46997	2.46582	-0.0263178	39.7763	36.5998	1.08679
9271	0.00858251	0.125521	46.8065	-9.46981	2.46344	-0.0263178	39.7738	36.5997	1.08672
9272	0.00858341	0.125521	46.8062	-9.46965	2.46115	-0.0263178	39.7714	36.5997	1.08666
9273	0.00858431	0.125521	46.806	-9.46949	2.45897	-0.0263177	39.7692	36.5996	1.0866
9274	0.00858521	0.125521	46.8057	-9.46933	2.45683	-0.0263176	39.7669	36.5995	1.08654
9275	0.0085861	0.12552	46.8055	-9.46917	2.45451	-0.0263176	39.7645	36.5995	1.08648
9276	0.008587	0.12552	46.8052	-9.46901	2.45064	-0.0263173	39.7606	36.5994	1.08637
9277	0.0085879	0.12552	46.805	-9.46884	2.4473	-0.0263171	39.7571	36.5993	1.08628
9278	0.0085888	0.12552	46.8047	-9.46868	2.44506	-0.0263169	39.7548	36.5993	1.08622
9279	0.0085897	0.125519	46.8045	-9.46851	2.44369	-0.0263166	39.7533	36.5992	1.08618
9280	0.0085906	0.125519	46.8042	-9.46834	2.44299	-0.0263163	39.7525	36.5991	1.08616
9281	0.00859149	0.125519	46.804	-9.46818	2.44284	-0.0263161	39.7523	36.599	1.08616
9282	0.00859239	0.125519	46.8037	-9.46801	2.44315	-0.0263158	39.7525	36.599	1.08617
9283	0.00859329	0.125518	46.8034	-9.46784	2.44384	-0.0263156	39.7531	36.5989	1.08618
9284	0.00859419	0.125518	46.8032	-9.46767	2.44486	-0.0263153	39.7541	36.5988	1.08621
9285	0.00859509	0.125518	46.8029	-9.4675	2.44641	-0.0263151	39.7555	36.5988	1.08625
9286	0.00859598	0.125518	46.8026	-9.46733	2.45027	-0.026315	39.7593	36.5987	1.08636
9287	0.00859688	0.125517	46.8024	-9.46716	2.4545	-0.0263148	39.7634	36.5986	1.08647
9288	0.00859778	0.125517	46.8021	-9.46698	2.45873	-0.0263147	39.7675	36.5985	1.08659
9289	0.00859868	0.125517	46.8018	-9.46681	2.46287	-0.0263145	39.7716	36.5985	1.0867
9290	0.00859958	0.125517	46.8016	-9.46664	2.46685	-0.0263143	39.7755	36.5984	1.08681
9291	0.00860047	0.125516	46.8013	-9.46646	2.47061	-0.0263142	39.7791	36.5983	1.08691
9292	0.00860137	0.125516	46.801	-9.46629	2.47409	-0.0263142	39.7825	36.5982	1.08701
9293	0.00860227	0.125516	46.8008	-9.46611	2.47723	-0.0263142	39.7856	36.5982	1.08709
9294	0.00860317	0.125516	46.8005	-9.46593	2.47998	-0.0263142	39.7882	36.5981	1.08717
9295	0.00860407	0.125515	46.8002	-9.46576	2.48231	-0.0263143	39.7905	36.598	1.08723
9296	0.00860497	0.125515	46.7999	-9.46558	2.48419	-0.0263145	39.7922	36.5979	1.08728
9297	0.00860586	0.125515	46.7997	-9.4654	2.4856	-0.0263147	39.7936	36.5979	1.08732
9298	0.00860676	0.125515	46.7994	-9.46522	2.48653	-0.026315	39.7944	36.5978	1.08734
9299	0.00860766	0.125514	46.7991	-9.46504	2.48699	-0.0263152	39.7947	36.5977	1.08736
9300	0.00860856	0.125514	46.7988	-9.46486	2.48694	-0.0263155	39.7946	36.5976	1.08735
9301	0.00860946	0.125514	46.7986	-9.46468	2.48642	-0.0263158	39.794	36.5975	1.08734
9302	0.00861035	0.125514	46.7983	-9.4645	2.48545	-0.0263161	39.7929	36.5975	1.08731
9303	0.00861125	0.125513	46.798	-9.46432	2.4841	-0.0263164	39.7915	36.5974	1.08728
9304	0.00861215	0.125513	46.7977	-9.46414	2.48242	-0.0263166	39.7897	36.5973	1.08723
9305	0.00861305	0.125513	46.7974	-9.46396	2.48049	-0.0263168	39.7876	36.5972	1.08718
9306	0.00861395	0.125513	46.7972	-9.46377	2.47836	-0.026317	39.7854	36.5972	1.08712
9307	0.00861485	0.125512	46.7969	-9.46359	2.47608	-0.0263172	39.783	36.5971	1.08706
9308	0.00861574	0.125512	46.7966	-9.46341	2.47372	-0.0263173	39.7806	36.597	1.08699
9309	0.00861664	0.125512	46.7963	-9.46323	2.47131	-0.0263174	39.7781	36.5969	1.08692
9310	0.00861754	0.125511	46.796	-9.46304	2.46892	-0.0263174	39.7756	36.5968	1.08686
9311	0.00861844	0.125511	46.7957	-9.46286	2.46659	-0.0263175	39.7732	36.5968	1.08679
9312	0.00861934	0.125511	46.7955	-9.46268	2.46434	-0.0263174	39.7708	36.5967	1.08673
9313	0.00862024	0.125511	46.7952	-9.46249	2.46218	-0.0263174	39.7685	36.5966	1.08667
9314	0.00862113	0.12551	46.7949	-9.46231	2.46006	-0.0263174	39.7663	36.5965	1.08661
9315	0.00862203	0.12551	46.7946	-9.46213	2.45781	-0.0263173	39.764	36.5965	1.08655
9316	0.00862293	0.12551	46.7943	-9.46195	2.45451	-0.0263171	39.7606	36.5964	1.08646
9317	0.00862383	0.12551	46.794	-9.46177	2.45082	-0.0263168	39.7568	36.5963	1.08636
9318	0.00862473	0.125509	46.7938	-9.46159	2.44833	-0.0263166	39.7542	36.5962	1.08629
9319	0.00862563	0.125509	46.7935	-9.46141	2.44678	-0.0263163	39.7525	36.5961	1.08625
9320	0.00862652	0.125509	46.7932	-9.46123	2.44595	-0.0263161	39.7516	36.5961	1.08623
9321	0.00862742	0.125509	46.7929	-9.46105	2.44572	-0.0263158	39.7513	36.596	1.08622
9322	0.00862832	0.125508	46.7927	-9.46087	2.44597	-0.0263156	39.7514	36.5959	1.08623
9323	0.00862922	0.125508	46.7924	-9.4607	2.44664	-0.0263153	39.752	36.5958	1.08624
9324	0.00863012	0.125508	46.7921	-9.46052	2.44765	-0.026315	39.7529	36.5958	1.08627
9325	0.00863101	0.125507	46.7918	-9.46034	2.44896	-0.0263148	39.7541	36.5957	1.08631
9326	0.00863191	0.125507	46.7916	-9.46017	2.45248	-0.0263147	39.7576	36.5956	1.0864
9327	0.00863281	0.125507	46.7913	-9.45999	2.45678	-0.0263145	39.7618	36.5955	1.08652
9328	0.00863371	0.125507	46.791	-9.45982	2.46114	-0.0263144	39.766	36.5955	1.08664
9329	0.00863461	0.125506	46.7907	-9.45964	2.46544	-0.0263142	39.7702	36.5954	1.08676
9330	0.00863551	0.125506	46.7905	-9.45947	2.4696	-0.0263141	39.7743	36.5953	1.08687
9331	0.0086364	0.125506	46.7902	-9.45929	2.47356	-0.0263139	39.7782	36.5952	1.08698
9332	0.0086373	0.125506	46.7899	-9.45912	2.47725	-0.0263139	39.7818	36.5952	1.08708
9333	0.0086382	0.125505	46.7897	-9.45895	2.48062	-0.0263138	39.785	36.5951	1.08717
9334	0.0086391	0.125505	46.7894	-9.45877	2.48361	-0.0263139	39.7879	36.595	1.08725
9335	0.00864	0.125505	46.7891	-9.4586	2.48618	-0.026314	39.7904	36.5949	1.08732
9336	0.00864089	0.125505	46.7889	-9.45843	2.48831	-0.0263141	39.7924	36.5949	1.08738
9337	0.00864179	0.125504	46.7886	-9.45826	2.48996	-0.0263143	39.794	36.5948	1.08742
9338	0.00864269	0.125504	46.7883	-9.45809	2.49114	-0.0263146	39.7951	36.5947	1.08745
9339	0.00864359	0.125504	46.7881	-9.45792	2.49183	-0.0263149	39.7957	36.5946	1.08747
9340	0.00864449	0.125504	46.7878	-9.45776	2.49204	-0.0263152	39.7958	36.5946	1.08748
9341	0.00864539	0.125503	46.7876	-9.45759	2.49174	-0.0263155	39.7954	36.5945	1.08747
9342	0.00864628	0.125503	46.7873	-9.45742	2.49098	-0.0263157	39.7945	36.5944	1.08745
9343	0.00864718	0.125503	46.7871	-9.45726	2.48981	-0.026316	39.7933	36.5944	1.08742
9344	0.00864808	0.125503	46.7868	-9.4571	2.4883	-0.0263163	39.7917	36.5943	1.08737
9345	0.00864898	0.125502	46.7865	-9.45694	2.4865	-0.0263165	39.7898	36.5942	1.08732
9346	0.00864988	0.125502	46.7863	-9.45677	2.48449	-0.0263167	39.7877	36.5941	1.08727
9347	0.00865078	0.125502	46.7861	-9.45662	2.4823	-0.0263168	39.7854	36.5941	1.08721
9348	0.00865167	0.125502	46.7858	-9.45646	2.48	-0.026317	39.783	36.594	1.08715
9349	0.00865257	0.125501	46.7856	-9.4563	2.47763	-0.0263171	39.7806	36.5939	1.08708
9350	0.00865347	0.125501	46.7853	-9.45614	2.47526	-0.0263171	39.7781	36.5939	1.08702
9351	0.00865437	0.125501	46.7851	-9.45599	2.47291	-0.0263171	39.7757	36.5938	1.08695
9352	0.00865527	0.125501	46.7848	-9.45584	2.47061	-0.0263171	39.7733	36.5937	1.08689
9353	0.00865617	0.125501	46.7846	-9.45569	2.46832	-0.0263171	39.7709	36.5937	1.08683
9354	0.00865706	0.1255	46.7844	-9.45554	2.46593	-0.026317	39.7685	36.5936	1.08676
9355	0.00865796	0.1255	46.7841	-9.45539	2.46283	-0.0263169	39.7653	36.5935	1.08667
9356	0.00865886	0.1255	46.7839	-9.45524	2.4585	-0.0263166	39.7609	36.5935	1.08656
9357	0.00865976	0.1255	46.7837	-9.4551	2.45549	-0.0263164	39.7578	36.5934	1.08647
9358	0.00866066	0.125499	46.7835	-9.45496	2.45351	-0.0263161	39.7557	36.5934	1.08642
9359	0.00866155	0.125499	46.7833	-9.45482	2.45234	-0.0263159	39.7545	36.5933	1.08639
9360	0.00866245	0.125499	46.783	-9.45468	2.45182	-0.0263156	39.7539	36.5932	1.08637
9361	0.00866335	0.125499	46.7828	-9.45454	2.45184	-0.0263153	39.7538	36.5932	1.08637
9362	0.00866425	0.125499	46.7826	-9.45441	2.45232	-0.026315	39.7542	36.5931	1.08639
9363	0.00866515	0.125498	46.7824	-9.45428	2.45321	-0.0263148	39.755	36.5931	1.08641
9364	0.00866605	0.125498	46.7822	-9.45415	2.45444	-0.0263145	39.7562	36.593	1.08644
9365	0.00866694	0.125498	46.782	-9.45402	2.45682	-0.0263143	39.7585	36.5929	1.08651
9366	0.00866784	0.125498	46.7818	-9.45389	2.46107	-0.0263142	39.7627	36.5929	1.08662
9367	0.00866874	0.125498	46.7816	-9.45377	2.46555	-0.0263141	39.7671	36.5928	1.08675
9368	0.00866964	0.125498	46.7814	-9.45365	2.47002	-0.0263139	39.7715	36.5928	1.08687
9369	0.00867054	0.125497	46.7813	-9.45353	2.4744	-0.0263138	39.7758	36.5927	1.08699
9370	0.00867144	0.125497	46.7811	-9.45341	2.47861	-0.0263136	39.78	36.5927	1.0871
9371	0.00867233	0.125497	46.7809	-9.4533	2.48259	-0.0263136	39.7839	36.5926	1.08721
9372	0.00867323	0.125497	46.7807	-9.45318	2.48627	-0.0263135	39.7875	36.5926	1.08731
9373	0.00867413	0.125497	46.7805	-9.45307	2.48959	-0.0263135	39.7907	36.5925	1.0874
9374	0.00867503	0.125497	46.7804	-9.45296	2.49252	-0.0263136	39.7936	36.5925	1.08748
9375	0.00867593	0.125496	46.7802	-9.45286	2.495	-0.0263137	39.796	36.5924	1.08755
9376	0.00867682	0.125496	46.78	-9.45275	2.49701	-0.0263139	39.798	36.5924	1.0876
9377	0.00867772	0.125496	46.7799	-9.45265	2.49853	-0.0263142	39.7994	36.5923	1.08764
9378	0.00867862	0.125496	46.7797	-9.45255	2.49956	-0.0263144	39.8004	36.5923	1.08767
9379	0.00867952	0.125496	46.7796	-9.45245	2.5001	-0.0263147	39.8009	36.5923	1.08769
9380	0.00868042	0.125496	46.7794	-9.45235	2.50011	-0.026315	39.8009	36.5922	1.08769
9381	0.00868132	0.125495	46.7793	-9.45226	2.49963	-0.0263153	39.8003	36.5922	1.08767
9382	0.00868221	0.125495	46.7791	-9.45216	2.4987	-0.0263156	39.7993	36.5921	1.08765
9383	0.00868311	0.125495	46.779	-9.45207	2.49738	-0.0263158	39.798	36.5921	1.08761
9384	0.00868401	0.125495	46.7788	-9.45198	2.49572	-0.026316	39.7963	36.5921	1.08757
9385	0.00868491	0.125495	46.7787	-9.4519	2.49382	-0.0263163	39.7943	36.592	1.08751
9386	0.00868581	0.125495	46.7786	-9.45181	2.4917	-0.0263164	39.7921	36.592	1.08746
9387	0.00868671	0.125495	46.7784	-9.45173	2.48943	-0.0263166	39.7898	36.5919	1.08739
9388	0.0086876	0.125495	46.7783	-9.45165	2.48705	-0.0263167	39.7874	36.5919	1.08733
9389	0.0086885	0.125494	46.7782	-9.45157	2.48463	-0.0263168	39.7849	36.5919	1.08726
9390	0.0086894	0.125494	46.7781	-9.45149	2.48218	-0.0263168	39.7824	36.5918	1.08719
9391	0.0086903	0.125494	46.778	-9.45142	2.47973	-0.0263168	39.7799	36.5918	1.08713
9392	0.0086912	0.125494	46.7778	-9.45135	2.47721	-0.0263168	39.7774	36.5918	1.08706
9393	0.0086921	0.125494	46.7777	-9.45128	2.47438	-0.0263167	39.7745	36.5917	1.08698
9394	0.00869299	0.125494	46.7776	-9.45121	2.46929	-0.0263165	39.7694	36.5917	1.08684
9395	0.00869389	0.125494	46.7775	-9.45114	2.46549	-0.0263163	39.7656	36.5917	1.08674
9396	0.00869479	0.125494	46.7774	-9.45108	2.46285	-0.026316	39.7629	36.5917	1.08667
9397	0.00869569	0.125494	46.7773	-9.45102	2.46112	-0.0263158	39.7611	36.5916	1.08662
9398	0.00869659	0.125493	46.7772	-9.45096	2.46013	-0.0263155	39.7601	36.5916	1.08659
9399	0.00869749	0.125493	46.7771	-9.4509	2.45974	-0.0263152	39.7597	36.5916	1.08658
9400	0.00869838	0.125493	46.7771	-9.45085	2.45989	-0.0263149	39.7598	36.5916	1.08658
9401	0.00869928	0.125493	46.777	-9.45079	2.46049	-0.0263147	39.7604	36.5915	1.0866
9402	0.00870018	0.125493	46.7769	-9.45074	2.46151	-0.0263144	39.7613	36.5915	1.08663
9403	0.00870108	0.125493	46.7768	-9.45069	2.46288	-0.0263142	39.7627	36.5915	1.08667
9404	0.00870198	0.125493	46.7767	-9.45064	2.46631	-0.0263141	39.7661	36.5915	1.08676
9405	0.00870288	0.125493	46.7767	-9.4506	2.47079	-0.026314	39.7705	36.5914	1.08688
9406	0.00870377	0.125493	46.7766	-9.45055	2.47538	-0.0263138	39.7751	36.5914	1.08701
9407	0.00870467	0.125493	46.7765	-9.45051	2.47994	-0.0263137	39.7796	36.5914	1.08713
9408	0.00870557	0.125493	46.7765	-9.45047	2.48438	-0.0263136	39.7841	36.5914	1.08725
9409	0.00870647	0.125493	46.7764	-9.45043	2.48865	-0.0263135	39.7883	36.5914	1.08737
9410	0.00870737	0.125493	46.7763	-9.45039	2.49265	-0.0263134	39.7923	36.5913	1.08748
9411	0.00870826	0.125493	46.7763	-9.45036	2.49634	-0.0263134	39.796	36.5913	1.08758
9412	0.00870916	0.125493	46.7762	-9.45032	2.49965	-0.0263135	39.7992	36.5913	1.08767
9413	0.00871006	0.125492	46.7762	-9.45029	2.50253	-0.0263136	39.8021	36.5913	1.08775
9414	0.00871096	0.125492	46.7761	-9.45026	2.50494	-0.0263138	39.8045	36.5913	1.08781
9415	0.00871186	0.125492	46.7761	-9.45023	2.50687	-0.026314	39.8064	36.5913	1.08787
9416	0.00871276	0.125492	46.7761	-9.45021	2.50829	-0.0263142	39.8078	36.5913	1.08791
9417	0.00871365	0.125492	46.776	-9.45018	2.5092	-0.0263145	39.8087	36.5913	1.08793
9418	0.00871455	0.125492	46.776	-9.45016	2.50959	-0.0263148	39.8091	36.5912	1.08794
9419	0.00871545	0.125492	46.7759	-9.45014	2.50945	-0.0263151	39.8089	36.5912	1.08794
9420	0.00871635	0.125492	46.7759	-9.45012	2.50881	-0.0263154	39.8083	36.5912	1.08792
9421	0.00871725	0.125492	46.7759	-9.4501	2.50773	-0.0263157	39.8072	36.5912	1.08789
9422	0.00871815	0.125492	46.7759	-9.45009	2.50626	-0.0263159	39.8057	36.5912	1.08785
9423	0.00871904	0.125492	46.7758	-9.45007	2.50447	-0.0263162	39.8039	36.5912	1.0878
9424	0.00871994	0.125492	46.7758	-9.45006	2.50244	-0.0263164	39.8019	36.5912	1.08774
9425	0.00872084	0.125492	46.7758	-9.45004	2.50021	-0.0263166	39.7996	36.5912	1.08768
9426	0.00872174	0.125492	46.7758	-9.45003	2.49781	-0.0263167	39.7972	36.5912	1.08762
9427	0.00872264	0.125492	46.7757	-9.45002	2.49532	-0.0263168	39.7947	36.5912	1.08755
9428	0.00872354	0.125492	46.7757	-9.45	2.49276	-0.0263169	39.7922	36.5912	1.08748
9429	0.00872443	0.125492	46.7757	-9.44999	2.49014	-0.026317	39.7895	36.5912	1.08741
9430	0.00872533	0.125492	46.7757	-9.44997	2.4874	-0.026317	39.7868	36.5912	1.08733
9431	0.00872623	0.125492	46.7757	-9.44996	2.48421	-0.0263169	39.7836	36.5912	1.08725
9432	0.00872713	0.125492	46.7756	-9.44994	2.47881	-0.0263167	39.7782	36.5911	1.0871
9433	0.00872803	0.125492	46.7756	-9.44993	2.47485	-0.0263165	39.7742	36.5911	1.08699
9434	0.00872893	0.125492	46.7756	-9.44992	2.47202	-0.0263162	39.7714	36.5911	1.08691
9435	0.00872983	0.125492	46.7756	-9.4499	2.47013	-0.026316	39.7695	36.5911	1.08686
9436	0.00873072	0.125492	46.7756	-9.44989	2.46898	-0.0263157	39.7683	36.5911	1.08683
9437	0.00873162	0.125492	46.7755	-9.44988	2.46845	-0.0263155	39.7678	36.5911	1.08682
9438	0.00873252	0.125492	46.7755	-9.44986	2.46847	-0.0263152	39.7678	36.5911	1.08682
9439	0.00873342	0.125492	46.7755	-9.44985	2.46899	-0.026315	39.7683	36.5911	1.08683
9440	0.00873432	0.125492	46.7755	-9.44984	2.46993	-0.0263147	39.7693	36.5911	1.08686
9441	0.00873522	0.125492	46.7755	-9.44982	2.47126	-0.0263145	39.7706	36.5911	1.08689
9442	0.00873611	0.125492	46.7754	-9.44981	2.47442	-0.0263144	39.7737	36.5911	1.08698
9443	0.00873701	0.125492	46.7754	-9.4498	2.47889	-0.0263143	39.7782	36.5911	1.0871
9444	0.00873791	0.125492	46.7754	-9.44979	2.48351	-0.0263142	39.7828	36.5911	1.08723
9445	0.00873881	0.125492	46.7754	-9.44978	2.48813	-0.0263141	39.7874	36.5911	1.08735
9446	0.00873971	0.125492	46.7754	-9.44977	2.49265	-0.026314	39.7919	36.5911	1.08748
9447	0.0087406	0.125492	46.7754	-9.44976	2.497	-0.0263139	39.7963	36.5911	1.0876
9448	0.0087415	0.125492	46.7753	-9.44975	2.5011	-0.0263139	39.8004	36.5911	1.08771
9449	0.0087424	0.125492	46.7753	-9.44975	2.50488	-0.0263139	39.8042	36.5911	1.08781
9450	0.0087433	0.125492	46.7753	-9.44974	2.50829	-0.0263139	39.8076	36.5911	1.0879
9451	0.0087442	0.125492	46.7753	-9.44973	2.51127	-0.0263141	39.8105	36.5911	1.08799
9452	0.0087451	0.125492	46.7753	-9.44973	2.51378	-0.0263142	39.813	36.5911	1.08805
9453	0.00874599	0.125492	46.7753	-9.44973	2.51579	-0.0263145	39.815	36.591	1.08811
9454	0.00874689	0.125492	46.7753	-9.44973	2.51729	-0.0263147	39.8165	36.591	1.08815
9455	0.00874779	0.125492	46.7753	-9.44973	2.51827	-0.026315	39.8175	36.591	1.08818
9456	0.00874869	0.125492	46.7753	-9.44973	2.51872	-0.0263153	39.818	36.591	1.08819
9457	0.00874959	0.125492	46.7753	-9.44973	2.51862	-0.0263156	39.8179	36.591	1.08819
9458	0.00875049	0.125492	46.7753	-9.44974	2.51801	-0.0263159	39.8173	36.591	1.08817
9459	0.00875138	0.125492	46.7753	-9.44974	2.51694	-0.0263162	39.8162	36.5911	1.08814
9460	0.00875228	0.125492	46.7753	-9.44975	2.51546	-0.0263165	39.8147	36.5911	1.0881
9461	0.00875318	0.125492	46.7753	-9.44976	2.51365	-0.0263167	39.8129	36.5911	1.08805
9462	0.00875408	0.125492	46.7754	-9.44977	2.51158	-0.0263169	39.8108	36.5911	1.08799
9463	0.00875498	0.125492	46.7754	-9.44979	2.50928	-0.0263171	39.8086	36.5911	1.08793
9464	0.00875588	0.125492	46.7754	-9.4498	2.50681	-0.0263173	39.8061	36.5911	1.08786
9465	0.00875677	0.125492	46.7754	-9.44982	2.50421	-0.0263174	39.8035	36.5911	1.08779
9466	0.00875767	0.125492	46.7755	-9.44984	2.50152	-0.0263175	39.8008	36.5911	1.08772
9467	0.00875857	0.125492	46.7755	-9.44986	2.49872	-0.0263176	39.798	36.5911	1.08764
9468	0.00875947	0.125492	46.7755	-9.44988	2.49567	-0.0263176	39.795	36.5911	1.08756
9469	0.00876037	0.125492	46.7756	-9.44991	2.49157	-0.0263175	39.7909	36.5911	1.08745
9470	0.00876127	0.125492	46.7756	-9.44994	2.48644	-0.0263173	39.7858	36.5911	1.08731
9471	0.00876217	0.125492	46.7757	-9.44997	2.48265	-0.0263171	39.782	36.5911	1.0872
9472	0.00876306	0.125492	46.7757	-9.45	2.47994	-0.0263168	39.7793	36.5912	1.08713
9473	0.00876396	0.125492	46.7758	-9.45004	2.47811	-0.0263166	39.7775	36.5912	1.08708
9474	0.00876486	0.125492	46.7758	-9.45007	2.47699	-0.0263164	39.7764	36.5912	1.08705
9475	0.00876576	0.125492	46.7759	-9.45011	2.47649	-0.0263161	39.7759	36.5912	1.08704
9476	0.00876666	0.125492	46.7759	-9.45015	2.47652	-0.0263159	39.776	36.5912	1.08704
9477	0.00876756	0.125492	46.776	-9.45019	2.47705	-0.0263156	39.7765	36.5912	1.08705
9478	0.00876845	0.125492	46.7761	-9.45024	2.47801	-0.0263154	39.7775	36.5912	1.08708
9479	0.00876935	0.125492	46.7761	-9.45028	2.47935	-0.0263152	39.7789	36.5913	1.08711
9480	0.00877025	0.125492	46.7762	-9.45033	2.48279	-0.0263151	39.7823	36.5913	1.08721
9481	0.00877115	0.125492	46.7763	-9.45038	2.48727	-0.026315	39.7869	36.5913	1.08733
9482	0.00877205	0.125493	46.7764	-9.45043	2.49188	-0.026315	39.7915	36.5913	1.08746
9483	0.00877295	0.125493	46.7764	-9.45048	2.49646	-0.0263149	39.7961	36.5913	1.08758
9484	0.00877384	0.125493	46.7765	-9.45054	2.50094	-0.0263148	39.8006	36.5914	1.0877
9485	0.00877474	0.125493	46.7766	-9.4506	2.50522	-0.0263147	39.8049	36.5914	1.08782
9486	0.00877564	0.125493	46.7767	-9.45065	2.50925	-0.0263147	39.809	36.5914	1.08793
9487	0.00877654	0.125493	46.7768	-9.45071	2.51295	-0.0263147	39.8127	36.5914	1.08803
9488	0.00877744	0.125493	46.7769	-9.45078	2.51626	-0.0263148	39.8161	36.5915	1.08812
9489	0.00877834	0.125493	46.777	-9.45084	2.51912	-0.026315	39.819	36.5915	1.0882
9490	0.00877923	0.125493	46.7771	-9.4509	2.52151	-0.0263152	39.8214	36.5915	1.08827
9491	0.00878013	0.125493	46.7772	-9.45097	2.52339	-0.0263154	39.8233	36.5916	1.08832
9492	0.00878103	0.125493	46.7773	-9.45104	2.52475	-0.0263157	39.8247	36.5916	1.08836
9493	0.00878193	0.125494	46.7774	-9.45111	2.52558	-0.026316	39.8256	36.5916	1.08838
9494	0.00878283	0.125494	46.7775	-9.45118	2.52586	-0.0263163	39.8259	36.5916	1.08839
9495	0.00878373	0.125494	46.7776	-9.45125	2.52559	-0.0263166	39.8256	36.5917	1.08838
9496	0.00878462	0.125494	46.7777	-9.45133	2.52482	-0.0263169	39.8249	36.5917	1.08836
9497	0.00878552	0.125494	46.7779	-9.45141	2.52358	-0.0263172	39.8237	36.5917	1.08833
9498	0.00878642	0.125494	46.778	-9.45148	2.52194	-0.0263175	39.8221	36.5918	1.08828
9499	0.00878732	0.125494	46.7781	-9.45156	2.51997	-0.0263177	39.8202	36.5918	1.08823
9500	0.00878822	0.125494	46.7782	-9.45165	2.51774	-0.0263179	39.818	36.5918	1.08817
9501	0.00878912	0.125494	46.7783	-9.45173	2.5153	-0.0263181	39.8156	36.5919	1.0881
9502	0.00879001	0.125495	46.7785	-9.45181	2.51267	-0.0263183	39.813	36.5919	1.08803
9503	0.00879091	0.125495	46.7786	-9.4519	2.50992	-0.0263184	39.8103	36.5919	1.08795
9504	0.00879181	0.125495	46.7787	-9.45199	2.50705	-0.0263185	39.8075	36.592	1.08787
9505	0.00879271	0.125495	46.7789	-9.45207	2.50402	-0.0263186	39.8045	36.592	1.08779
9506	0.00879361	0.125495	46.779	-9.45217	2.50055	-0.0263186	39.8011	36.5921	1.0877
9507	0.00879451	0.125495	46.7792	-9.45226	2.49458	-0.0263184	39.7952	36.5921	1.08753
9508	0.00879541	0.125495	46.7793	-9.45235	2.49007	-0.0263182	39.7907	36.5921	1.08741
9509	0.0087963	0.125495	46.7795	-9.45245	2.48669	-0.0263179	39.7874	36.5922	1.08732
9510	0.0087972	0.125496	46.7796	-9.45254	2.4843	-0.0263177	39.785	36.5922	1.08725
9511	0.0087981	0.125496	46.7798	-9.45264	2.48268	-0.0263175	39.7835	36.5923	1.08721
9512	0.008799	0.125496	46.7799	-9.45274	2.48172	-0.0263172	39.7826	36.5923	1.08718
9513	0.0087999	0.125496	46.7801	-9.45284	2.48134	-0.026317	39.7822	36.5923	1.08717
9514	0.0088008	0.125496	46.7802	-9.45294	2.48149	-0.0263167	39.7824	36.5924	1.08718
9515	0.00880169	0.125496	46.7804	-9.45305	2.48211	-0.0263165	39.7831	36.5924	1.0872
9516	0.00880259	0.125496	46.7805	-9.45315	2.48315	-0.0263163	39.7842	36.5925	1.08722
9517	0.00880349	0.125497	46.7807	-9.45326	2.48462	-0.0263161	39.7858	36.5925	1.08726
9518	0.00880439	0.125497	46.7809	-9.45337	2.4886	-0.026316	39.7898	36.5926	1.08737
9519	0.00880529	0.125497	46.781	-9.45348	2.49313	-0.026316	39.7944	36.5926	1.0875
9520	0.00880619	0.125497	46.7812	-9.45359	2.49771	-0.0263159	39.799	36.5927	1.08762
9521	0.00880708	0.125497	46.7814	-9.4537	2.50223	-0.0263158	39.8036	36.5927	1.08775
9522	0.00880798	0.125497	46.7816	-9.45381	2.50662	-0.0263157	39.8081	36.5928	1.08787
9523	0.00880888	0.125498	46.7817	-9.45393	2.5108	-0.0263157	39.8123	36.5928	1.08798
9524	0.00880978	0.125498	46.7819	-9.45404	2.51469	-0.0263157	39.8163	36.5929	1.08809
9525	0.00881068	0.125498	46.7821	-9.45416	2.51823	-0.0263158	39.8199	36.5929	1.08819
9526	0.00881158	0.125498	46.7823	-9.45427	2.52136	-0.0263159	39.823	36.5929	1.08827
9527	0.00881247	0.125498	46.7825	-9.45439	2.52403	-0.026316	39.8258	36.593	1.08834
9528	0.00881337	0.125498	46.7826	-9.4545	2.5262	-0.0263163	39.828	36.593	1.0884
9529	0.00881427	0.125499	46.7828	-9.45462	2.52786	-0.0263165	39.8297	36.5931	1.08845
9530	0.00881517	0.125499	46.783	-9.45474	2.52898	-0.0263168	39.8309	36.5932	1.08848
9531	0.00881607	0.125499	46.7832	-9.45486	2.52958	-0.0263171	39.8316	36.5932	1.0885
9532	0.00881697	0.125499	46.7834	-9.45498	2.52961	-0.0263174	39.8317	36.5933	1.0885
9533	0.00881786	0.125499	46.7835	-9.4551	2.52909	-0.0263177	39.8312	36.5933	1.08848
9534	0.00881876	0.125499	46.7837	-9.45522	2.52807	-0.026318	39.8303	36.5934	1.08846
9535	0.00881966	0.1255	46.7839	-9.45534	2.52661	-0.0263183	39.8289	36.5934	1.08842
9536	0.00882056	0.1255	46.7841	-9.45546	2.52476	-0.0263186	39.8271	36.5935	1.08837
9537	0.00882146	0.1255	46.7843	-9.45558	2.52261	-0.0263188	39.825	36.5935	1.08831
9538	0.00882236	0.1255	46.7845	-9.45571	2.52022	-0.026319	39.8227	36.5936	1.08824
9539	0.00882325	0.1255	46.7847	-9.45583	2.51761	-0.0263192	39.8201	36.5936	1.08817
9540	0.00882415	0.125501	46.7849	-9.45596	2.51485	-0.0263194	39.8175	36.5937	1.0881
9541	0.00882505	0.125501	46.7851	-9.45608	2.51197	-0.0263195	39.8146	36.5937	1.08802
9542	0.00882595	0.125501	46.7853	-9.45621	2.50897	-0.0263196	39.8117	36.5938	1.08794
9543	0.00882685	0.125501	46.7855	-9.45633	2.50579	-0.0263196	39.8086	36.5938	1.08785
9544	0.00882775	0.125501	46.7857	-9.45646	2.50199	-0.0263196	39.8049	36.5939	1.08775
9545	0.00882865	0.125501	46.7859	-9.45659	2.49617	-0.0263194	39.7991	36.5939	1.08759
9546	0.00882954	0.125502	46.786	-9.45671	2.49177	-0.0263192	39.7948	36.594	1.08747
9547	0.00883044	0.125502	46.7862	-9.45684	2.48849	-0.026319	39.7916	36.594	1.08738
9548	0.00883134	0.125502	46.7864	-9.45697	2.48615	-0.0263187	39.7893	36.5941	1.08731
9549	0.00883224	0.125502	46.7866	-9.4571	2.48458	-0.0263185	39.7878	36.5942	1.08727
9550	0.00883314	0.125502	46.7868	-9.45723	2.48365	-0.0263182	39.7869	36.5942	1.08725
9551	0.00883404	0.125503	46.787	-9.45736	2.48329	-0.026318	39.7867	36.5943	1.08724
9552	0.00883493	0.125503	46.7872	-9.45749	2.48346	-0.0263177	39.7869	36.5943	1.08724
9553	0.00883583	0.125503	46.7874	-9.45762	2.48408	-0.0263175	39.7876	36.5944	1.08726
9554	0.00883673	0.125503	46.7877	-9.45775	2.48511	-0.0263173	39.7887	36.5944	1.08729
9555	0.00883763	0.125503	46.7879	-9.45788	2.48742	-0.0263172	39.7911	36.5945	1.08735
9556	0.00883853	0.125504	46.7881	-9.45801	2.49159	-0.0263171	39.7953	36.5946	1.08747
9557	0.00883943	0.125504	46.7883	-9.45815	2.49602	-0.026317	39.7998	36.5946	1.08759
9558	0.00884032	0.125504	46.7885	-9.45828	2.50046	-0.0263169	39.8043	36.5947	1.08771
9559	0.00884122	0.125504	46.7887	-9.45841	2.50482	-0.0263168	39.8088	36.5947	1.08783
9560	0.00884212	0.125504	46.7889	-9.45855	2.50903	-0.0263168	39.813	36.5948	1.08794
9561	0.00884302	0.125505	46.7891	-9.45868	2.51301	-0.0263167	39.8171	36.5948	1.08805
9562	0.00884392	0.125505	46.7893	-9.45881	2.51668	-0.0263167	39.8208	36.5949	1.08815
9563	0.00884482	0.125505	46.7895	-9.45895	2.51998	-0.0263168	39.8242	36.595	1.08824
9564	0.00884571	0.125505	46.7897	-9.45908	2.52286	-0.0263169	39.8272	36.595	1.08832
9565	0.00884661	0.125505	46.7899	-9.45922	2.52527	-0.0263171	39.8297	36.5951	1.08839
9566	0.00884751	0.125506	46.7901	-9.45936	2.52718	-0.0263173	39.8316	36.5951	1.08844
9567	0.00884841	0.125506	46.7903	-9.45949	2.52858	-0.0263176	39.8331	36.5952	1.08848
9568	0.00884931	0.125506	46.7906	-9.45963	2.52944	-0.0263179	39.834	36.5952	1.0885
9569	0.0088502	0.125506	46.7908	-9.45977	2.52976	-0.0263182	39.8344	36.5953	1.08851
9570	0.0088511	0.125506	46.791	-9.4599	2.52952	-0.0263185	39.8343	36.5954	1.08851
9571	0.008852	0.125507	46.7912	-9.46004	2.52874	-0.0263188	39.8336	36.5954	1.08849
9572	0.0088529	0.125507	46.7914	-9.46018	2.52749	-0.0263191	39.8324	36.5955	1.08845
9573	0.0088538	0.125507	46.7916	-9.46031	2.52581	-0.0263193	39.8308	36.5955	1.08841
9574	0.0088547	0.125507	46.7918	-9.46045	2.52377	-0.0263196	39.8288	36.5956	1.08835
9575	0.0088556	0.125507	46.792	-9.46059	2.52144	-0.0263198	39.8266	36.5957	1.08829
9576	0.00885649	0.125508	46.7923	-9.46073	2.51889	-0.02632	39.8241	36.5957	1.08822
9577	0.00885739	0.125508	46.7925	-9.46087	2.51614	-0.0263202	39.8214	36.5958	1.08814
9578	0.00885829	0.125508	46.7927	-9.46101	2.51325	-0.0263203	39.8186	36.5958	1.08806
9579	0.00885919	0.125508	46.7929	-9.46114	2.51024	-0.0263204	39.8157	36.5959	1.08798
9580	0.00886009	0.125508	46.7931	-9.46128	2.5071	-0.0263204	39.8126	36.596	1.0879
9581	0.00886099	0.125509	46.7933	-9.46142	2.5037	-0.0263205	39.8093	36.596	1.0878
9582	0.00886188	0.125509	46.7935	-9.46156	2.49917	-0.0263204	39.8048	36.5961	1.08768
9583	0.00886278	0.125509	46.7938	-9.4617	2.4937	-0.0263202	39.7994	36.5961	1.08753
9584	0.00886368	0.125509	46.794	-9.46184	2.48954	-0.0263199	39.7954	36.5962	1.08742
9585	0.00886458	0.125509	46.7942	-9.46198	2.48647	-0.0263197	39.7924	36.5962	1.08733
9586	0.00886548	0.12551	46.7944	-9.46212	2.48427	-0.0263194	39.7902	36.5963	1.08727
9587	0.00886638	0.12551	46.7946	-9.46225	2.4828	-0.0263192	39.7888	36.5964	1.08723
9588	0.00886727	0.12551	46.7948	-9.46239	2.48194	-0.0263189	39.7881	36.5964	1.08721
9589	0.00886817	0.12551	46.7951	-9.46253	2.48164	-0.0263187	39.7878	36.5965	1.0872
9590	0.00886907	0.12551	46.7953	-9.46267	2.48184	-0.0263184	39.7881	36.5965	1.08721
9591	0.00886997	0.125511	46.7955	-9.46281	2.48248	-0.0263182	39.7888	36.5966	1.08723
9592	0.00887087	0.125511	46.7957	-9.46295	2.4835	-0.026318	39.7899	36.5967	1.08726
9593	0.00887177	0.125511	46.7959	-9.46309	2.48655	-0.0263179	39.7931	36.5967	1.08734
9594	0.00887266	0.125511	46.7961	-9.46322	2.49072	-0.0263178	39.7973	36.5968	1.08745
9595	0.00887356	0.125511	46.7963	-9.46336	2.49503	-0.0263177	39.8017	36.5968	1.08757
9596	0.00887446	0.125512	46.7966	-9.4635	2.49932	-0.0263176	39.8061	36.5969	1.08769
9597	0.00887536	0.125512	46.7968	-9.46364	2.50352	-0.0263175	39.8103	36.597	1.0878
9598	0.00887626	0.125512	46.797	-9.46377	2.50754	-0.0263174	39.8144	36.597	1.08791
9599	0.00887716	0.125512	46.7972	-9.46391	2.5113	-0.0263174	39.8183	36.5971	1.08802
9600	0.00887805	0.125512	46.7974	-9.46405	2.51475	-0.0263174	39.8218	36.5971	1.08811
9601	0.00887895	0.125513	46.7976	-9.46418	2.51781	-0.0263175	39.8249	36.5972	1.0882
9602	0.00887985	0.125513	46.7978	-9.46432	2.52043	-0.0263176	39.8276	36.5973	1.08827
9603	0.00888075	0.125513	46.798	-9.46446	2.52258	-0.0263178	39.8298	36.5973	1.08833
9604	0.00888165	0.125513	46.7982	-9.46459	2.52423	-0.026318	39.8316	36.5974	1.08837
9605	0.00888254	0.125513	46.7985	-9.46473	2.52535	-0.0263183	39.8328	36.5974	1.0884
9606	0.00888344	0.125514	46.7987	-9.46486	2.52595	-0.0263185	39.8334	36.5975	1.08842
9607	0.00888434	0.125514	46.7989	-9.465	2.526	-0.0263188	39.8336	36.5975	1.08842
9608	0.00888524	0.125514	46.7991	-9.46513	2.52549	-0.0263191	39.8331	36.5976	1.08841
9609	0.00888614	0.125514	46.7993	-9.46527	2.52447	-0.0263194	39.8322	36.5977	1.08838
9610	0.00888704	0.125514	46.7995	-9.4654	2.52298	-0.0263197	39.8308	36.5977	1.08834
9611	0.00888793	0.125515	46.7997	-9.46553	2.5211	-0.0263199	39.8289	36.5978	1.08829
9612	0.00888883	0.125515	46.7999	-9.46566	2.51887	-0.0263202	39.8268	36.5978	1.08823
9613	0.00888973	0.125515	46.8001	-9.4658	2.51639	-0.0263204	39.8244	36.5979	1.08816
9614	0.00889063	0.125515	46.8003	-9.46592	2.5137	-0.0263206	39.8218	36.5979	1.08809
9615	0.00889153	0.125515	46.8005	-9.46605	2.51083	-0.0263207	39.819	36.598	1.08801
9616	0.00889243	0.125516	46.8007	-9.46618	2.50783	-0.0263208	39.816	36.5981	1.08793
9617	0.00889333	0.125516	46.8009	-9.46631	2.50474	-0.0263209	39.813	36.5981	1.08784
9618	0.00889422	0.125516	46.8011	-9.46644	2.50152	-0.0263209	39.8099	36.5982	1.08776
9619	0.00889512	0.125516	46.8013	-9.46656	2.498	-0.0263209	39.8064	36.5982	1.08766
9620	0.00889602	0.125516	46.8015	-9.46668	2.49307	-0.0263208	39.8016	36.5983	1.08753
9621	0.00889692	0.125517	46.8017	-9.46681	2.48778	-0.0263206	39.7963	36.5983	1.08738
9622	0.00889782	0.125517	46.8019	-9.46693	2.48377	-0.0263203	39.7924	36.5984	1.08727
9623	0.00889872	0.125517	46.8021	-9.46705	2.48079	-0.0263201	39.7895	36.5984	1.08719
9624	0.00889961	0.125517	46.8022	-9.46717	2.47868	-0.0263199	39.7874	36.5985	1.08713
9625	0.00890051	0.125517	46.8024	-9.46729	2.47726	-0.0263196	39.7861	36.5985	1.08709
9626	0.00890141	0.125517	46.8026	-9.4674	2.47645	-0.0263193	39.7853	36.5986	1.08707
9627	0.00890231	0.125518	46.8028	-9.46752	2.47617	-0.0263191	39.7851	36.5986	1.08707
9628	0.00890321	0.125518	46.803	-9.46763	2.47638	-0.0263188	39.7854	36.5987	1.08707
9629	0.00890411	0.125518	46.8031	-9.46775	2.47702	-0.0263186	39.7861	36.5987	1.08709
9630	0.008905	0.125518	46.8033	-9.46786	2.47803	-0.0263184	39.7872	36.5988	1.08712
9631	0.0089059	0.125518	46.8035	-9.46797	2.48134	-0.0263183	39.7905	36.5988	1.08721
9632	0.0089068	0.125518	46.8037	-9.46808	2.48548	-0.0263182	39.7947	36.5989	1.08732
9633	0.0089077	0.125519	46.8038	-9.46819	2.48971	-0.0263181	39.799	36.5989	1.08744
9634	0.0089086	0.125519	46.804	-9.46829	2.49391	-0.026318	39.8033	36.599	1.08755
9635	0.00890949	0.125519	46.8042	-9.4684	2.498	-0.0263179	39.8074	36.599	1.08766
9636	0.00891039	0.125519	46.8043	-9.4685	2.5019	-0.0263178	39.8114	36.5991	1.08777
9637	0.00891129	0.125519	46.8045	-9.46861	2.50554	-0.0263178	39.8151	36.5991	1.08787
9638	0.00891219	0.125519	46.8046	-9.46871	2.50885	-0.0263178	39.8185	36.5992	1.08796
9639	0.00891309	0.12552	46.8048	-9.46881	2.51177	-0.0263179	39.8214	36.5992	1.08804
9640	0.00891399	0.12552	46.8049	-9.46891	2.51424	-0.026318	39.824	36.5992	1.08811
9641	0.00891488	0.12552	46.8051	-9.469	2.51624	-0.0263182	39.826	36.5993	1.08816
9642	0.00891578	0.12552	46.8052	-9.4691	2.51774	-0.0263184	39.8276	36.5993	1.08821
9643	0.00891668	0.12552	46.8054	-9.46919	2.51872	-0.0263186	39.8286	36.5994	1.08823
9644	0.00891758	0.12552	46.8055	-9.46928	2.51918	-0.0263189	39.8291	36.5994	1.08824
9645	0.00891848	0.12552	46.8057	-9.46937	2.51907	-0.0263192	39.829	36.5994	1.08824
9646	0.00891937	0.12552	46.8058	-9.46946	2.51842	-0.0263195	39.8284	36.5995	1.08822
9647	0.00892027	0.125521	46.8059	-9.46954	2.51726	-0.0263198	39.8273	36.5995	1.08819
9648	0.00892117	0.125521	46.8061	-9.46963	2.51566	-0.02632	39.8258	36.5996	1.08815
9649	0.00892207	0.125521	46.8062	-9.46971	2.51367	-0.0263203	39.8238	36.5996	1.0881
9650	0.00892297	0.125521	46.8063	-9.46979	2.51135	-0.0263205	39.8216	36.5996	1.08803
9651	0.00892387	0.125521	46.8064	-9.46987	2.50879	-0.0263207	39.819	36.5997	1.08796
9652	0.00892476	0.125521	46.8066	-9.46994	2.50603	-0.0263209	39.8163	36.5997	1.08789
9653	0.00892566	0.125521	46.8067	-9.47001	2.50312	-0.026321	39.8135	36.5997	1.08781
9654	0.00892656	0.125521	46.8068	-9.47008	2.50009	-0.0263211	39.8105	36.5998	1.08773
9655	0.00892746	0.125522	46.8069	-9.47015	2.497	-0.0263212	39.8074	36.5998	1.08764
9656	0.00892836	0.125522	46.807	-9.47022	2.49383	-0.0263212	39.8043	36.5998	1.08755
9657	0.00892926	0.125522	46.8071	-9.47029	2.49049	-0.0263212	39.801	36.5998	1.08746
9658	0.00893015	0.125522	46.8072	-9.47035	2.48644	-0.0263211	39.797	36.5999	1.08735
9659	0.00893105	0.125522	46.8073	-9.47041	2.48078	-0.0263209	39.7913	36.5999	1.0872
9660	0.00893195	0.125522	46.8074	-9.47047	2.4765	-0.0263207	39.7871	36.5999	1.08708
9661	0.00893285	0.125522	46.8075	-9.47053	2.47331	-0.0263204	39.7839	36.5999	1.08699
9662	0.00893375	0.125522	46.8076	-9.47058	2.47103	-0.0263202	39.7817	36.6	1.08693
9663	0.00893465	0.125522	46.8076	-9.47064	2.46948	-0.0263199	39.7802	36.6	1.08689
9664	0.00893554	0.125522	46.8077	-9.47069	2.46855	-0.0263196	39.7793	36.6	1.08686
9665	0.00893644	0.125522	46.8078	-9.47074	2.46816	-0.0263194	39.7789	36.6	1.08685
9666	0.00893734	0.125522	46.8079	-9.47079	2.46826	-0.0263191	39.779	36.6001	1.08686
9667	0.00893824	0.125523	46.808	-9.47083	2.46879	-0.0263188	39.7796	36.6001	1.08687
9668	0.00893914	0.125523	46.808	-9.47088	2.4697	-0.0263186	39.7805	36.6001	1.0869
9669	0.00894004	0.125523	46.8081	-9.47092	2.47272	-0.0263185	39.7836	36.6001	1.08698
9670	0.00894093	0.125523	46.8082	-9.47096	2.47674	-0.0263184	39.7876	36.6001	1.08709
9671	0.00894183	0.125523	46.8082	-9.471	2.48089	-0.0263183	39.7918	36.6002	1.0872
9672	0.00894273	0.125523	46.8083	-9.47104	2.48501	-0.0263181	39.7959	36.6002	1.08732
9673	0.00894363	0.125523	46.8083	-9.47107	2.48903	-0.026318	39.8	36.6002	1.08743
9674	0.00894453	0.125523	46.8084	-9.47111	2.49288	-0.0263179	39.8038	36.6002	1.08753
9675	0.00894542	0.125523	46.8084	-9.47114	2.49647	-0.0263179	39.8075	36.6002	1.08763
9676	0.00894632	0.125523	46.8085	-9.47117	2.49975	-0.0263179	39.8108	36.6002	1.08772
9677	0.00894722	0.125523	46.8085	-9.4712	2.50265	-0.0263179	39.8137	36.6003	1.0878
9678	0.00894812	0.125523	46.8086	-9.47123	2.50512	-0.026318	39.8162	36.6003	1.08787
9679	0.00894902	0.125523	46.8086	-9.47126	2.50713	-0.0263182	39.8182	36.6003	1.08792
9680	0.00894992	0.125523	46.8087	-9.47128	2.50864	-0.0263184	39.8197	36.6003	1.08796
9681	0.00895081	0.125523	46.8087	-9.47131	2.50964	-0.0263186	39.8207	36.6003	1.08799
9682	0.00895171	0.125523	46.8087	-9.47133	2.51012	-0.0263189	39.8212	36.6003	1.088
9683	0.00895261	0.125523	46.8088	-9.47135	2.51006	-0.0263192	39.8212	36.6003	1.088
9684	0.00895351	0.125523	46.8088	-9.47137	2.50946	-0.0263194	39.8206	36.6003	1.08798
9685	0.00895441	0.125523	46.8088	-9.47139	2.50835	-0.0263197	39.8195	36.6003	1.08795
9686	0.0089553	0.125523	46.8089	-9.4714	2.5068	-0.02632	39.8179	36.6003	1.08791
9687	0.0089562	0.125523	46.8089	-9.47142	2.50486	-0.0263202	39.816	36.6003	1.08786
9688	0.0089571	0.125523	46.8089	-9.47143	2.50259	-0.0263204	39.8137	36.6004	1.0878
9689	0.008958	0.125524	46.8089	-9.47144	2.50008	-0.0263206	39.8112	36.6004	1.08773
9690	0.0089589	0.125524	46.8089	-9.47145	2.49737	-0.0263208	39.8085	36.6004	1.08765
9691	0.0089598	0.125524	46.8089	-9.47146	2.49452	-0.0263209	39.8057	36.6004	1.08758
9692	0.00896069	0.125524	46.809	-9.47146	2.49156	-0.026321	39.8027	36.6004	1.0875
9693	0.00896159	0.125524	46.809	-9.47147	2.48856	-0.0263211	39.7997	36.6004	1.08741
9694	0.00896249	0.125524	46.809	-9.47147	2.48553	-0.0263211	39.7967	36.6004	1.08733
9695	0.00896339	0.125524	46.809	-9.47147	2.48246	-0.0263211	39.7936	36.6004	1.08725
9696	0.00896429	0.125524	46.809	-9.47147	2.47921	-0.026321	39.7904	36.6004	1.08716
9697	0.00896519	0.125524	46.809	-9.47146	2.47504	-0.0263209	39.7862	36.6004	1.08704
9698	0.00896608	0.125524	46.809	-9.47146	2.46989	-0.0263207	39.7811	36.6004	1.0869
9699	0.00896698	0.125524	46.8089	-9.47145	2.46606	-0.0263204	39.7772	36.6004	1.0868
9700	0.00896788	0.125524	46.8089	-9.47145	2.46329	-0.0263202	39.7745	36.6004	1.08672
9701	0.00896878	0.125524	46.8089	-9.47144	2.46137	-0.0263199	39.7725	36.6004	1.08667
9702	0.00896968	0.125524	46.8089	-9.47143	2.46013	-0.0263197	39.7713	36.6004	1.08664
9703	0.00897057	0.125524	46.8089	-9.47142	2.45948	-0.0263194	39.7706	36.6004	1.08662
9704	0.00897147	0.125523	46.8089	-9.4714	2.45934	-0.0263191	39.7705	36.6004	1.08661
9705	0.00897237	0.125523	46.8089	-9.47139	2.45965	-0.0263189	39.7708	36.6003	1.08662
9706	0.00897327	0.125523	46.8088	-9.47138	2.46035	-0.0263186	39.7715	36.6003	1.08664
9707	0.00897417	0.125523	46.8088	-9.47136	2.46139	-0.0263184	39.7725	36.6003	1.08667
9708	0.00897507	0.125523	46.8088	-9.47135	2.46491	-0.0263183	39.776	36.6003	1.08677
9709	0.00897596	0.125523	46.8088	-9.47133	2.46901	-0.0263181	39.7801	36.6003	1.08688
9710	0.00897686	0.125523	46.8087	-9.47131	2.47316	-0.026318	39.7843	36.6003	1.08699
9711	0.00897776	0.125523	46.8087	-9.47129	2.47726	-0.0263178	39.7884	36.6003	1.0871
9712	0.00897866	0.125523	46.8087	-9.47127	2.48123	-0.0263177	39.7923	36.6003	1.08721
9713	0.00897956	0.125523	46.8086	-9.47125	2.485	-0.0263176	39.7961	36.6003	1.08732
9714	0.00898045	0.125523	46.8086	-9.47123	2.4885	-0.0263175	39.7996	36.6003	1.08741
9715	0.00898135	0.125523	46.8086	-9.47121	2.49167	-0.0263175	39.8027	36.6003	1.0875
9716	0.00898225	0.125523	46.8085	-9.47119	2.49444	-0.0263176	39.8055	36.6003	1.08757
9717	0.00898315	0.125523	46.8085	-9.47117	2.49678	-0.0263177	39.8078	36.6003	1.08764
9718	0.00898405	0.125523	46.8085	-9.47115	2.49864	-0.0263178	39.8097	36.6002	1.08769
9719	0.00898494	0.125523	46.8084	-9.47112	2.50002	-0.026318	39.811	36.6002	1.08773
9720	0.00898584	0.125523	46.8084	-9.4711	2.50089	-0.0263183	39.8119	36.6002	1.08775
9721	0.00898674	0.125523	46.8084	-9.47108	2.50125	-0.0263186	39.8122	36.6002	1.08776
9722	0.00898764	0.125523	46.8083	-9.47105	2.50107	-0.0263188	39.812	36.6002	1.08775
9723	0.00898854	0.125523	46.8083	-9.47103	2.50037	-0.0263191	39.8113	36.6002	1.08774
9724	0.00898944	0.125523	46.8083	-9.47101	2.49919	-0.0263194	39.8101	36.6002	1.0877
9725	0.00899033	0.125523	46.8082	-9.47098	2.49758	-0.0263196	39.8085	36.6002	1.08766
9726	0.00899123	0.125523	46.8082	-9.47096	2.49561	-0.0263199	39.8065	36.6002	1.0876
9727	0.00899213	0.125523	46.8082	-9.47094	2.49335	-0.0263201	39.8042	36.6002	1.08754
9728	0.00899303	0.125523	46.8081	-9.47091	2.49088	-0.0263203	39.8018	36.6001	1.08748
9729	0.00899393	0.125523	46.8081	-9.47089	2.48822	-0.0263204	39.7991	36.6001	1.0874
9730	0.00899482	0.125523	46.808	-9.47086	2.48545	-0.0263205	39.7963	36.6001	1.08733
9731	0.00899572	0.125523	46.808	-9.47084	2.48262	-0.0263206	39.7935	36.6001	1.08725
9732	0.00899662	0.125523	46.808	-9.47081	2.47977	-0.0263207	39.7906	36.6001	1.08717
9733	0.00899752	0.125523	46.8079	-9.47078	2.47695	-0.0263207	39.7878	36.6001	1.08709
9734	0.00899842	0.125523	46.8079	-9.47076	2.47417	-0.0263207	39.785	36.6001	1.08702
9735	0.00899932	0.125523	46.8078	-9.47073	2.47141	-0.0263207	39.7822	36.6001	1.08694
9736	0.00900021	0.125522	46.8078	-9.4707	2.4685	-0.0263206	39.7793	36.6001	1.08686
9737	0.00900111	0.125522	46.8078	-9.47068	2.4646	-0.0263204	39.7754	36.6	1.08676
9738	0.00900201	0.125522	46.8077	-9.47065	2.46007	-0.0263202	39.7708	36.6	1.08663
9739	0.00900291	0.125522	46.8077	-9.47062	2.45682	-0.02632	39.7675	36.6	1.08654
9740	0.00900381	0.125522	46.8076	-9.47059	2.45457	-0.0263197	39.7653	36.6	1.08648
9741	0.00900471	0.125522	46.8076	-9.47056	2.45312	-0.0263194	39.7638	36.6	1.08644
9742	0.0090056	0.125522	46.8075	-9.47053	2.45231	-0.0263192	39.763	36.6	1.08642
9743	0.0090065	0.125522	46.8075	-9.47049	2.45204	-0.0263189	39.7627	36.6	1.08641
9744	0.0090074	0.125522	46.8074	-9.47046	2.45224	-0.0263187	39.7629	36.6	1.08642
9745	0.0090083	0.125522	46.8074	-9.47043	2.45284	-0.0263184	39.7635	36.5999	1.08644
9746	0.0090092	0.125522	46.8073	-9.47039	2.45379	-0.0263181	39.7644	36.5999	1.08646
9747	0.00901009	0.125522	46.8073	-9.47036	2.45651	-0.026318	39.7671	36.5999	1.08654
9748	0.00901099	0.125522	46.8072	-9.47032	2.46051	-0.0263179	39.7711	36.5999	1.08664
9749	0.00901189	0.125522	46.8071	-9.47028	2.46464	-0.0263177	39.7752	36.5999	1.08676
9750	0.00901279	0.125522	46.8071	-9.47024	2.46874	-0.0263176	39.7793	36.5999	1.08687
9751	0.00901369	0.125522	46.807	-9.4702	2.47274	-0.0263174	39.7832	36.5999	1.08698
9752	0.00901458	0.125522	46.807	-9.47016	2.47657	-0.0263173	39.787	36.5998	1.08708
9753	0.00901548	0.125522	46.8069	-9.47012	2.48015	-0.0263172	39.7906	36.5998	1.08718
9754	0.00901638	0.125522	46.8068	-9.47008	2.48343	-0.0263172	39.7939	36.5998	1.08727
9755	0.00901728	0.125522	46.8068	-9.47003	2.48634	-0.0263172	39.7968	36.5998	1.08735
9756	0.00901818	0.125521	46.8067	-9.46999	2.48885	-0.0263173	39.7992	36.5998	1.08742
9757	0.00901907	0.125521	46.8066	-9.46994	2.49091	-0.0263174	39.8013	36.5997	1.08747
9758	0.00901997	0.125521	46.8066	-9.46989	2.49249	-0.0263176	39.8028	36.5997	1.08752
9759	0.00902087	0.125521	46.8065	-9.46984	2.49359	-0.0263178	39.8039	36.5997	1.08755
9760	0.00902177	0.125521	46.8064	-9.46979	2.4942	-0.0263181	39.8045	36.5997	1.08756
9761	0.00902267	0.125521	46.8063	-9.46974	2.4943	-0.0263183	39.8046	36.5997	1.08757
9762	0.00902357	0.125521	46.8062	-9.46969	2.49388	-0.0263186	39.8041	36.5996	1.08755
9763	0.00902446	0.125521	46.8062	-9.46963	2.49297	-0.0263189	39.8032	36.5996	1.08753
9764	0.00902536	0.125521	46.8061	-9.46958	2.49163	-0.0263192	39.8018	36.5996	1.08749
9765	0.00902626	0.125521	46.806	-9.46952	2.48992	-0.0263194	39.8001	36.5996	1.08745
9766	0.00902716	0.125521	46.8059	-9.46946	2.48789	-0.0263196	39.798	36.5995	1.08739
9767	0.00902806	0.125521	46.8058	-9.4694	2.48563	-0.0263198	39.7957	36.5995	1.08733
9768	0.00902895	0.125521	46.8057	-9.46933	2.48319	-0.02632	39.7932	36.5995	1.08726
9769	0.00902985	0.12552	46.8056	-9.46927	2.48061	-0.0263201	39.7906	36.5995	1.08719
9770	0.00903075	0.12552	46.8055	-9.4692	2.47796	-0.0263202	39.7879	36.5994	1.08712
9771	0.00903165	0.12552	46.8054	-9.46914	2.47529	-0.0263203	39.7852	36.5994	1.08705
9772	0.00903255	0.12552	46.8053	-9.46907	2.47264	-0.0263203	39.7825	36.5994	1.08697
9773	0.00903345	0.12552	46.8052	-9.469	2.47006	-0.0263203	39.7799	36.5993	1.0869
9774	0.00903434	0.12552	46.8051	-9.46893	2.46754	-0.0263203	39.7774	36.5993	1.08683
9775	0.00903524	0.12552	46.805	-9.46886	2.46506	-0.0263203	39.7748	36.5993	1.08677
9776	0.00903614	0.12552	46.8048	-9.46878	2.46248	-0.0263202	39.7722	36.5993	1.08669
9777	0.00903704	0.12552	46.8047	-9.46871	2.459	-0.02632	39.7687	36.5992	1.0866
9778	0.00903794	0.12552	46.8046	-9.46864	2.4548	-0.0263198	39.7645	36.5992	1.08648
9779	0.00903883	0.125519	46.8045	-9.46856	2.45186	-0.0263196	39.7615	36.5992	1.0864
9780	0.00903973	0.125519	46.8044	-9.46848	2.44989	-0.0263193	39.7595	36.5991	1.08635
9781	0.00904063	0.125519	46.8043	-9.46841	2.4487	-0.0263191	39.7582	36.5991	1.08632
9782	0.00904153	0.125519	46.8041	-9.46833	2.44813	-0.0263188	39.7576	36.5991	1.0863
9783	0.00904243	0.125519	46.804	-9.46825	2.44808	-0.0263185	39.7575	36.599	1.0863
9784	0.00904333	0.125519	46.8039	-9.46817	2.44846	-0.0263183	39.7579	36.599	1.08631
9785	0.00904422	0.125519	46.8038	-9.46809	2.44922	-0.026318	39.7586	36.599	1.08633
9786	0.00904512	0.125519	46.8037	-9.46801	2.45031	-0.0263178	39.7596	36.5989	1.08636
9787	0.00904602	0.125518	46.8035	-9.46793	2.4534	-0.0263176	39.7627	36.5989	1.08644
9788	0.00904692	0.125518	46.8034	-9.46785	2.4575	-0.0263175	39.7667	36.5989	1.08656
9789	0.00904782	0.125518	46.8033	-9.46777	2.46169	-0.0263174	39.7709	36.5988	1.08667
9790	0.00904871	0.125518	46.8032	-9.46768	2.46584	-0.0263172	39.775	36.5988	1.08678
9791	0.00904961	0.125518	46.803	-9.4676	2.46987	-0.0263171	39.779	36.5988	1.08689
9792	0.00905051	0.125518	46.8029	-9.46751	2.47371	-0.0263169	39.7828	36.5987	1.087
9793	0.00905141	0.125518	46.8028	-9.46743	2.4773	-0.0263169	39.7863	36.5987	1.0871
9794	0.00905231	0.125518	46.8026	-9.46734	2.48057	-0.0263168	39.7895	36.5986	1.08719
9795	0.0090532	0.125518	46.8025	-9.46725	2.48348	-0.0263169	39.7924	36.5986	1.08727
9796	0.0090541	0.125517	46.8023	-9.46717	2.48597	-0.026317	39.7948	36.5986	1.08733
9797	0.009055	0.125517	46.8022	-9.46708	2.48802	-0.0263171	39.7968	36.5985	1.08739
9798	0.0090559	0.125517	46.8021	-9.46699	2.4896	-0.0263173	39.7984	36.5985	1.08743
9799	0.0090568	0.125517	46.8019	-9.4669	2.4907	-0.0263176	39.7994	36.5985	1.08746
9800	0.00905769	0.125517	46.8018	-9.46681	2.49131	-0.0263178	39.8	36.5984	1.08748
9801	0.00905859	0.125517	46.8017	-9.46671	2.49143	-0.0263181	39.8	36.5984	1.08748
9802	0.00905949	0.125517	46.8015	-9.46662	2.49103	-0.0263184	39.7996	36.5983	1.08747
9803	0.00906039	0.125516	46.8014	-9.46653	2.49017	-0.0263187	39.7987	36.5983	1.08745
9804	0.00906129	0.125516	46.8012	-9.46643	2.48888	-0.026319	39.7973	36.5983	1.08741
9805	0.00906219	0.125516	46.8011	-9.46633	2.48723	-0.0263192	39.7956	36.5982	1.08737
9806	0.00906308	0.125516	46.8009	-9.46624	2.48529	-0.0263195	39.7936	36.5982	1.08731
9807	0.00906398	0.125516	46.8008	-9.46614	2.48313	-0.0263197	39.7914	36.5981	1.08725
9808	0.00906488	0.125516	46.8006	-9.46604	2.48079	-0.0263199	39.789	36.5981	1.08719
9809	0.00906578	0.125516	46.8005	-9.46594	2.47832	-0.02632	39.7865	36.5981	1.08712
9810	0.00906668	0.125515	46.8003	-9.46584	2.4758	-0.0263201	39.7839	36.598	1.08705
9811	0.00906757	0.125515	46.8001	-9.46573	2.47326	-0.0263202	39.7813	36.598	1.08698
9812	0.00906847	0.125515	46.8	-9.46563	2.47075	-0.0263202	39.7788	36.5979	1.08691
9813	0.00906937	0.125515	46.7998	-9.46553	2.46831	-0.0263203	39.7763	36.5979	1.08685
9814	0.00907027	0.125515	46.7997	-9.46542	2.46595	-0.0263202	39.7739	36.5978	1.08678
9815	0.00907117	0.125515	46.7995	-9.46532	2.46362	-0.0263202	39.7715	36.5978	1.08672
9816	0.00907207	0.125515	46.7993	-9.46521	2.46117	-0.0263201	39.769	36.5977	1.08665
9817	0.00907296	0.125514	46.7992	-9.46511	2.45777	-0.02632	39.7655	36.5977	1.08656
9818	0.00907386	0.125514	46.799	-9.465	2.45376	-0.0263197	39.7614	36.5977	1.08645
9819	0.00907476	0.125514	46.7988	-9.46489	2.45099	-0.0263195	39.7586	36.5976	1.08637
9820	0.00907566	0.125514	46.7987	-9.46478	2.44918	-0.0263193	39.7568	36.5976	1.08632
9821	0.00907656	0.125514	46.7985	-9.46467	2.44814	-0.026319	39.7557	36.5975	1.08629
9822	0.00907745	0.125514	46.7983	-9.46456	2.44771	-0.0263188	39.7552	36.5975	1.08628
9823	0.00907835	0.125513	46.7982	-9.46445	2.44778	-0.0263185	39.7552	36.5974	1.08628
9824	0.00907925	0.125513	46.798	-9.46434	2.44829	-0.0263183	39.7556	36.5974	1.0863
9825	0.00908015	0.125513	46.7978	-9.46423	2.44917	-0.026318	39.7564	36.5973	1.08632
9826	0.00908105	0.125513	46.7976	-9.46412	2.45036	-0.0263178	39.7576	36.5973	1.08635
9827	0.00908195	0.125513	46.7975	-9.46401	2.4536	-0.0263177	39.7607	36.5972	1.08644
9828	0.00908284	0.125513	46.7973	-9.46389	2.45781	-0.0263176	39.7649	36.5972	1.08656
9829	0.00908374	0.125512	46.7971	-9.46378	2.4621	-0.0263174	39.7691	36.5971	1.08667
9830	0.00908464	0.125512	46.7969	-9.46366	2.46634	-0.0263173	39.7733	36.5971	1.08679
9831	0.00908554	0.125512	46.7968	-9.46355	2.47046	-0.0263171	39.7774	36.597	1.0869
9832	0.00908644	0.125512	46.7966	-9.46343	2.47439	-0.026317	39.7812	36.597	1.08701
9833	0.00908733	0.125512	46.7964	-9.46332	2.47805	-0.0263169	39.7848	36.5969	1.08711
9834	0.00908823	0.125512	46.7962	-9.4632	2.48141	-0.0263169	39.7881	36.5969	1.0872
9835	0.00908913	0.125511	46.796	-9.46308	2.48439	-0.026317	39.791	36.5968	1.08728
9836	0.00909003	0.125511	46.7959	-9.46296	2.48696	-0.0263171	39.7935	36.5968	1.08735
9837	0.00909093	0.125511	46.7957	-9.46284	2.48908	-0.0263172	39.7956	36.5967	1.08741
9838	0.00909182	0.125511	46.7955	-9.46273	2.49074	-0.0263174	39.7972	36.5967	1.08745
9839	0.00909272	0.125511	46.7953	-9.46261	2.49191	-0.0263177	39.7983	36.5966	1.08749
9840	0.00909362	0.125511	46.7951	-9.46249	2.49259	-0.026318	39.7989	36.5966	1.0875
9841	0.00909452	0.12551	46.7949	-9.46237	2.49278	-0.0263183	39.799	36.5965	1.08751
9842	0.00909542	0.12551	46.7948	-9.46225	2.49247	-0.0263186	39.7987	36.5965	1.0875
9843	0.00909631	0.12551	46.7946	-9.46212	2.49168	-0.0263189	39.7978	36.5964	1.08748
9844	0.00909721	0.12551	46.7944	-9.462	2.49048	-0.0263191	39.7965	36.5964	1.08744
9845	0.00909811	0.12551	46.7942	-9.46188	2.48892	-0.0263194	39.7949	36.5963	1.0874
9846	0.00909901	0.125509	46.794	-9.46176	2.48706	-0.0263196	39.793	36.5963	1.08735
9847	0.00909991	0.125509	46.7938	-9.46164	2.48499	-0.0263198	39.7908	36.5962	1.08729
9848	0.00910081	0.125509	46.7936	-9.46152	2.48273	-0.02632	39.7885	36.5962	1.08723
9849	0.0091017	0.125509	46.7934	-9.4614	2.48035	-0.0263202	39.7861	36.5961	1.08717
9850	0.0091026	0.125509	46.7933	-9.46128	2.4779	-0.0263203	39.7836	36.5961	1.0871
9851	0.0091035	0.125509	46.7931	-9.46116	2.47544	-0.0263204	39.781	36.596	1.08703
9852	0.0091044	0.125508	46.7929	-9.46104	2.473	-0.0263204	39.7785	36.596	1.08696
9853	0.0091053	0.125508	46.7927	-9.46092	2.4706	-0.0263204	39.7761	36.5959	1.0869
9854	0.0091062	0.125508	46.7925	-9.4608	2.46823	-0.0263204	39.7736	36.5959	1.08683
9855	0.00910709	0.125508	46.7923	-9.46068	2.46579	-0.0263203	39.7711	36.5958	1.08677
9856	0.00910799	0.125508	46.7921	-9.46056	2.46283	-0.0263202	39.7681	36.5958	1.08669
9857	0.00910889	0.125508	46.792	-9.46044	2.45826	-0.02632	39.7635	36.5957	1.08656
9858	0.00910979	0.125507	46.7918	-9.46032	2.45504	-0.0263197	39.7602	36.5956	1.08647
9859	0.00911069	0.125507	46.7916	-9.4602	2.45288	-0.0263195	39.7579	36.5956	1.08641
9860	0.00911158	0.125507	46.7914	-9.46008	2.45155	-0.0263192	39.7565	36.5955	1.08638
9861	0.00911248	0.125507	46.7912	-9.45996	2.45089	-0.026319	39.7558	36.5955	1.08636
9862	0.00911338	0.125507	46.791	-9.45984	2.45078	-0.0263187	39.7556	36.5954	1.08636
9863	0.00911428	0.125506	46.7908	-9.45972	2.45114	-0.0263185	39.7559	36.5954	1.08636
9864	0.00911518	0.125506	46.7907	-9.4596	2.45192	-0.0263182	39.7567	36.5953	1.08639
9865	0.00911608	0.125506	46.7905	-9.45948	2.45304	-0.0263179	39.7577	36.5953	1.08642
9866	0.00911697	0.125506	46.7903	-9.45936	2.4548	-0.0263177	39.7594	36.5952	1.08646
9867	0.00911787	0.125506	46.7901	-9.45924	2.45884	-0.0263176	39.7634	36.5952	1.08657
9868	0.00911877	0.125506	46.7899	-9.45912	2.46326	-0.0263175	39.7677	36.5951	1.08669
9869	0.00911967	0.125505	46.7897	-9.459	2.46769	-0.0263174	39.7721	36.5951	1.08682
9870	0.00912057	0.125505	46.7895	-9.45888	2.47204	-0.0263172	39.7764	36.595	1.08693
9871	0.00912146	0.125505	46.7893	-9.45876	2.47624	-0.0263171	39.7805	36.595	1.08705
9872	0.00912236	0.125505	46.7892	-9.45864	2.48021	-0.026317	39.7844	36.5949	1.08716
9873	0.00912326	0.125505	46.789	-9.45852	2.4839	-0.026317	39.788	36.5949	1.08726
9874	0.00912416	0.125505	46.7888	-9.4584	2.48725	-0.026317	39.7913	36.5948	1.08735
9875	0.00912506	0.125504	46.7886	-9.45829	2.49019	-0.026317	39.7942	36.5948	1.08743
9876	0.00912595	0.125504	46.7884	-9.45817	2.4927	-0.0263172	39.7967	36.5947	1.0875
9877	0.00912685	0.125504	46.7883	-9.45805	2.49475	-0.0263173	39.7986	36.5947	1.08755
9878	0.00912775	0.125504	46.7881	-9.45794	2.49631	-0.0263176	39.8001	36.5946	1.08759
9879	0.00912865	0.125504	46.7879	-9.45782	2.49737	-0.0263178	39.8011	36.5946	1.08762
9880	0.00912955	0.125504	46.7877	-9.45771	2.49794	-0.0263181	39.8016	36.5945	1.08764
9881	0.00913045	0.125503	46.7875	-9.45759	2.498	-0.0263184	39.8016	36.5945	1.08764
9882	0.00913134	0.125503	46.7874	-9.45748	2.49755	-0.0263187	39.8011	36.5944	1.08763
9883	0.00913224	0.125503	46.7872	-9.45737	2.49664	-0.026319	39.8001	36.5944	1.0876
9884	0.00913314	0.125503	46.787	-9.45726	2.49533	-0.0263193	39.7988	36.5943	1.08757
9885	0.00913404	0.125503	46.7869	-9.45715	2.49367	-0.0263195	39.7971	36.5943	1.08752
9886	0.00913494	0.125503	46.7867	-9.45704	2.49175	-0.0263197	39.7951	36.5942	1.08747
9887	0.00913583	0.125502	46.7865	-9.45693	2.48962	-0.0263199	39.7929	36.5942	1.08741
9888	0.00913673	0.125502	46.7863	-9.45683	2.48732	-0.0263201	39.7905	36.5941	1.08735
9889	0.00913763	0.125502	46.7862	-9.45672	2.48491	-0.0263202	39.7881	36.5941	1.08728
9890	0.00913853	0.125502	46.786	-9.45661	2.48244	-0.0263203	39.7855	36.5941	1.08721
9891	0.00913943	0.125502	46.7859	-9.45651	2.47996	-0.0263204	39.783	36.594	1.08714
9892	0.00914033	0.125502	46.7857	-9.45641	2.47748	-0.0263204	39.7805	36.594	1.08708
9893	0.00914122	0.125501	46.7855	-9.45631	2.47499	-0.0263204	39.7779	36.5939	1.08701
9894	0.00914212	0.125501	46.7854	-9.45621	2.47234	-0.0263203	39.7752	36.5939	1.08694
9895	0.00914302	0.125501	46.7852	-9.45611	2.46885	-0.0263202	39.7717	36.5938	1.08684
9896	0.00914392	0.125501	46.7851	-9.45601	2.46427	-0.0263199	39.767	36.5938	1.08672
9897	0.00914482	0.125501	46.7849	-9.45591	2.46103	-0.0263197	39.7637	36.5937	1.08663
9898	0.00914572	0.125501	46.7848	-9.45582	2.45883	-0.0263194	39.7615	36.5937	1.08657
9899	0.00914661	0.125501	46.7846	-9.45572	2.45746	-0.0263192	39.7601	36.5937	1.08653
9900	0.00914751	0.1255	46.7845	-9.45563	2.45677	-0.0263189	39.7593	36.5936	1.08651
9901	0.00914841	0.1255	46.7844	-9.45554	2.45664	-0.0263186	39.7591	36.5936	1.08651
9902	0.00914931	0.1255	46.7842	-9.45546	2.457	-0.0263184	39.7594	36.5935	1.08652
9903	0.00915021	0.1255	46.7841	-9.45537	2.45778	-0.0263181	39.7602	36.5935	1.08654
9904	0.0091511	0.1255	46.7839	-9.45528	2.45895	-0.0263179	39.7613	36.5935	1.08657
9905	0.009152	0.1255	46.7838	-9.4552	2.46042	-0.0263176	39.7627	36.5934	1.08661
9906	0.0091529	0.1255	46.7837	-9.45512	2.46438	-0.0263175	39.7666	36.5934	1.08672
9907	0.0091538	0.1255	46.7836	-9.45504	2.46891	-0.0263174	39.7711	36.5934	1.08684
9908	0.0091547	0.125499	46.7834	-9.45496	2.47347	-0.0263173	39.7756	36.5933	1.08696
9909	0.0091556	0.125499	46.7833	-9.45488	2.47796	-0.0263171	39.7801	36.5933	1.08709
9910	0.00915649	0.125499	46.7832	-9.4548	2.48231	-0.026317	39.7844	36.5933	1.08721
9911	0.00915739	0.125499	46.7831	-9.45473	2.48644	-0.0263169	39.7885	36.5932	1.08732
9912	0.00915829	0.125499	46.783	-9.45465	2.49029	-0.0263169	39.7923	36.5932	1.08742
9913	0.00915919	0.125499	46.7829	-9.45458	2.49379	-0.0263169	39.7957	36.5932	1.08752
9914	0.00916009	0.125499	46.7827	-9.45451	2.4969	-0.0263169	39.7988	36.5931	1.0876
9915	0.00916098	0.125499	46.7826	-9.45444	2.49957	-0.0263171	39.8014	36.5931	1.08768
9916	0.00916188	0.125499	46.7825	-9.45437	2.50176	-0.0263172	39.8036	36.5931	1.08774
9917	0.00916278	0.125498	46.7824	-9.4543	2.50346	-0.0263175	39.8053	36.593	1.08778
9918	0.00916368	0.125498	46.7823	-9.45424	2.50466	-0.0263177	39.8064	36.593	1.08781
9919	0.00916458	0.125498	46.7822	-9.45417	2.50535	-0.026318	39.8071	36.593	1.08783
9920	0.00916548	0.125498	46.7821	-9.45411	2.50551	-0.0263183	39.8072	36.593	1.08784
9921	0.00916637	0.125498	46.782	-9.45405	2.50516	-0.0263186	39.8068	36.5929	1.08783
9922	0.00916727	0.125498	46.7819	-9.45399	2.50433	-0.0263189	39.806	36.5929	1.08781
9923	0.00916817	0.125498	46.7818	-9.45393	2.50308	-0.0263191	39.8047	36.5929	1.08777
9924	0.00916907	0.125498	46.7818	-9.45388	2.50147	-0.0263194	39.803	36.5929	1.08773
9925	0.00916997	0.125498	46.7817	-9.45382	2.49957	-0.0263196	39.8011	36.5928	1.08767
9926	0.00917087	0.125498	46.7816	-9.45377	2.49745	-0.0263198	39.7989	36.5928	1.08762
9927	0.00917176	0.125498	46.7815	-9.45371	2.49514	-0.02632	39.7966	36.5928	1.08755
9928	0.00917266	0.125497	46.7814	-9.45366	2.49271	-0.0263201	39.7941	36.5928	1.08749
9929	0.00917356	0.125497	46.7813	-9.45361	2.49019	-0.0263202	39.7916	36.5927	1.08742
9930	0.00917446	0.125497	46.7813	-9.45357	2.48763	-0.0263203	39.789	36.5927	1.08735
9931	0.00917536	0.125497	46.7812	-9.45352	2.48504	-0.0263203	39.7864	36.5927	1.08728
9932	0.00917626	0.125497	46.7811	-9.45348	2.48233	-0.0263203	39.7837	36.5927	1.0872
9933	0.00917715	0.125497	46.7811	-9.45343	2.47918	-0.0263202	39.7805	36.5927	1.08712
9934	0.00917805	0.125497	46.781	-9.45339	2.47388	-0.02632	39.7752	36.5926	1.08697
9935	0.00917895	0.125497	46.7809	-9.45335	2.47002	-0.0263197	39.7713	36.5926	1.08687
9936	0.00917985	0.125497	46.7809	-9.45332	2.46728	-0.0263195	39.7685	36.5926	1.08679
9937	0.00918075	0.125497	46.7808	-9.45328	2.46547	-0.0263192	39.7667	36.5926	1.08674
9938	0.00918164	0.125497	46.7808	-9.45324	2.46438	-0.026319	39.7656	36.5926	1.08671
9939	0.00918254	0.125497	46.7807	-9.45321	2.46392	-0.0263187	39.7651	36.5926	1.0867
9940	0.00918344	0.125497	46.7807	-9.45318	2.46399	-0.0263184	39.7652	36.5925	1.0867
9941	0.00918434	0.125497	46.7806	-9.45315	2.46454	-0.0263182	39.7657	36.5925	1.08672
9942	0.00918524	0.125497	46.7806	-9.45312	2.46551	-0.0263179	39.7666	36.5925	1.08674
9943	0.00918614	0.125497	46.7805	-9.45309	2.46684	-0.0263177	39.768	36.5925	1.08678
9944	0.00918703	0.125497	46.7805	-9.45306	2.47016	-0.0263176	39.7713	36.5925	1.08687
9945	0.00918793	0.125496	46.7804	-9.45303	2.47461	-0.0263175	39.7757	36.5925	1.08699
9946	0.00918883	0.125496	46.7804	-9.45301	2.4792	-0.0263174	39.7803	36.5925	1.08712
9947	0.00918973	0.125496	46.7804	-9.45299	2.48377	-0.0263172	39.7848	36.5925	1.08724
9948	0.00919063	0.125496	46.7803	-9.45296	2.48823	-0.0263171	39.7893	36.5924	1.08736
9949	0.00919153	0.125496	46.7803	-9.45294	2.49251	-0.026317	39.7935	36.5924	1.08748
9950	0.00919242	0.125496	46.7803	-9.45292	2.49654	-0.026317	39.7976	36.5924	1.08759
9951	0.00919332	0.125496	46.7802	-9.4529	2.50025	-0.026317	39.8013	36.5924	1.08769
9952	0.00919422	0.125496	46.7802	-9.45289	2.50357	-0.026317	39.8046	36.5924	1.08778
9953	0.00919512	0.125496	46.7802	-9.45287	2.50647	-0.0263172	39.8075	36.5924	1.08786
9954	0.00919602	0.125496	46.7801	-9.45286	2.5089	-0.0263173	39.8099	36.5924	1.08793
9955	0.00919691	0.125496	46.7801	-9.45284	2.51083	-0.0263175	39.8118	36.5924	1.08798
9956	0.00919781	0.125496	46.7801	-9.45283	2.51226	-0.0263178	39.8132	36.5924	1.08802
9957	0.00919871	0.125496	46.7801	-9.45282	2.51317	-0.0263181	39.8141	36.5924	1.08804
9958	0.00919961	0.125496	46.7801	-9.45281	2.51355	-0.0263184	39.8145	36.5924	1.08805
9959	0.00920051	0.125496	46.7801	-9.4528	2.51339	-0.0263187	39.8143	36.5924	1.08805
9960	0.00920141	0.125496	46.78	-9.45279	2.51272	-0.026319	39.8137	36.5924	1.08803
9961	0.0092023	0.125496	46.78	-9.45278	2.5116	-0.0263192	39.8125	36.5924	1.088
9962	0.0092032	0.125496	46.78	-9.45277	2.51009	-0.0263195	39.811	36.5924	1.08796
9963	0.0092041	0.125496	46.78	-9.45276	2.50825	-0.0263197	39.8092	36.5924	1.08791
9964	0.009205	0.125496	46.78	-9.45274	2.50616	-0.0263199	39.8071	36.5923	1.08785
9965	0.0092059	0.125496	46.78	-9.45273	2.50385	-0.0263201	39.8048	36.5923	1.08779
9966	0.0092068	0.125496	46.7799	-9.45272	2.50138	-0.0263203	39.8023	36.5923	1.08772
9967	0.00920769	0.125496	46.7799	-9.45271	2.49879	-0.0263204	39.7997	36.5923	1.08765
9968	0.00920859	0.125496	46.7799	-9.4527	2.49611	-0.0263205	39.797	36.5923	1.08758
9969	0.00920949	0.125496	46.7799	-9.45269	2.49333	-0.0263205	39.7942	36.5923	1.0875
9970	0.00921039	0.125496	46.7799	-9.45268	2.49032	-0.0263205	39.7912	36.5923	1.08742
9971	0.00921129	0.125496	46.7799	-9.45267	2.48632	-0.0263204	39.7872	36.5923	1.08731
9972	0.00921219	0.125496	46.7798	-9.45265	2.48119	-0.0263202	39.7821	36.5923	1.08717
9973	0.00921308	0.125496	46.7798	-9.45264	2.47742	-0.0263199	39.7783	36.5923	1.08707
9974	0.00921398	0.125496	46.7798	-9.45263	2.47473	-0.0263197	39.7756	36.5923	1.08699
9975	0.00921488	0.125496	46.7798	-9.45262	2.47291	-0.0263195	39.7738	36.5923	1.08694
9976	0.00921578	0.125496	46.7798	-9.45261	2.47181	-0.0263192	39.7727	36.5923	1.08691
9977	0.00921668	0.125496	46.7798	-9.4526	2.47133	-0.0263189	39.7722	36.5923	1.0869
9978	0.00921758	0.125496	46.7797	-9.45259	2.47138	-0.0263187	39.7722	36.5923	1.0869
9979	0.00921847	0.125496	46.7797	-9.45258	2.47192	-0.0263184	39.7727	36.5923	1.08692
9980	0.00921937	0.125496	46.7797	-9.45258	2.4729	-0.0263182	39.7737	36.5923	1.08694
9981	0.00922027	0.125496	46.7797	-9.45257	2.47425	-0.026318	39.7751	36.5923	1.08698
9982	0.00922117	0.125496	46.7797	-9.45256	2.47769	-0.0263179	39.7785	36.5923	1.08707
9983	0.00922207	0.125496	46.7797	-9.45256	2.48219	-0.0263178	39.783	36.5923	1.0872
9984	0.00922297	0.125496	46.7797	-9.45255	2.4868	-0.0263177	39.7876	36.5923	1.08732
9985	0.00922386	0.125496	46.7797	-9.45254	2.4914	-0.0263176	39.7922	36.5923	1.08745
9986	0.00922476	0.125496	46.7797	-9.45254	2.49588	-0.0263175	39.7967	36.5923	1.08757
9987	0.00922566	0.125496	46.7797	-9.45254	2.50019	-0.0263174	39.801	36.5923	1.08769
9988	0.00922656	0.125496	46.7796	-9.45254	2.50423	-0.0263174	39.805	36.5923	1.0878
9989	0.00922746	0.125496	46.7796	-9.45254	2.50795	-0.0263174	39.8087	36.5923	1.0879
9990	0.00922835	0.125496	46.7796	-9.45254	2.51128	-0.0263175	39.8121	36.5923	1.08799
9991	0.00922925	0.125496	46.7796	-9.45254	2.51418	-0.0263176	39.815	36.5923	1.08807
9992	0.00923015	0.125496	46.7797	-9.45254	2.51659	-0.0263178	39.8174	36.5923	1.08814
9993	0.00923105	0.125496	46.7797	-9.45254	2.51851	-0.026318	39.8193	36.5923	1.08819
9994	0.00923195	0.125496	46.7797	-9.45255	2.5199	-0.0263183	39.8207	36.5923	1.08823
9995	0.00923285	0.125496	46.7797	-9.45256	2.52077	-0.0263186	39.8216	36.5923	1.08825
9996	0.00923374	0.125496	46.7797	-9.45257	2.5211	-0.0263189	39.8219	36.5923	1.08826
9997	0.00923464	0.125496	46.7797	-9.45258	2.52089	-0.0263192	39.8217	36.5923	1.08825
9998	0.00923554	0.125496	46.7797	-9.45259	2.52016	-0.0263195	39.821	36.5923	1.08823
9999	0.00923644	0.125496	46.7797	-9.4526	2.51897	-0.0263197	39.8198	36.5923	1.0882
10000	0.00923734	0.125496	46.7798	-9.45262	2.51739	-0.02632	39.8182	36.5923	1.08816
10001	0.00923824	0.125496	46.7798	-9.45263	2.51548	-0.0263202	39.8163	36.5923	1.08811
10002	0.00923913	0.125496	46.7798	-9.45265	2.51331	-0.0263205	39.8142	36.5923	1.08805
10003	0.00924003	0.125496	46.7798	-9.45267	2.51092	-0.0263206	39.8118	36.5923	1.08798
10004	0.00924093	0.125496	46.7799	-9.4527	2.50836	-0.0263208	39.8092	36.5923	1.08791
10005	0.00924183	0.125496	46.7799	-9.45272	2.50567	-0.0263209	39.8065	36.5923	1.08784
10006	0.00924273	0.125496	46.78	-9.45274	2.50286	-0.026321	39.8038	36.5923	1.08776
10007	0.00924363	0.125496	46.78	-9.45277	2.4999	-0.026321	39.8008	36.5923	1.08768
10008	0.00924452	0.125496	46.78	-9.4528	2.49653	-0.026321	39.7974	36.5924	1.08759
10009	0.00924542	0.125496	46.7801	-9.45283	2.4906	-0.0263208	39.7915	36.5924	1.08743
10010	0.00924632	0.125496	46.7801	-9.45286	2.48613	-0.0263206	39.7871	36.5924	1.0873
10011	0.00924722	0.125496	46.7802	-9.4529	2.4828	-0.0263204	39.7838	36.5924	1.08721
10012	0.00924812	0.125496	46.7802	-9.45293	2.48045	-0.0263201	39.7814	36.5924	1.08715
10013	0.00924902	0.125496	46.7803	-9.45297	2.47888	-0.0263199	39.7799	36.5924	1.08711
10014	0.00924991	0.125496	46.7804	-9.45301	2.47797	-0.0263196	39.779	36.5924	1.08708
10015	0.00925081	0.125496	46.7804	-9.45304	2.47764	-0.0263194	39.7787	36.5925	1.08707
10016	0.00925171	0.125496	46.7805	-9.45309	2.47783	-0.0263191	39.7789	36.5925	1.08708
10017	0.00925261	0.125497	46.7805	-9.45313	2.4785	-0.0263189	39.7796	36.5925	1.0871
10018	0.00925351	0.125497	46.7806	-9.45317	2.47959	-0.0263186	39.7807	36.5925	1.08713
10019	0.00925441	0.125497	46.7807	-9.45322	2.48103	-0.0263184	39.7822	36.5925	1.08717
10020	0.0092553	0.125497	46.7807	-9.45326	2.48503	-0.0263184	39.7862	36.5925	1.08728
10021	0.0092562	0.125497	46.7808	-9.45331	2.48961	-0.0263183	39.7908	36.5926	1.0874
10022	0.0092571	0.125497	46.7809	-9.45336	2.49424	-0.0263182	39.7955	36.5926	1.08753
10023	0.009258	0.125497	46.781	-9.45341	2.49882	-0.0263181	39.8001	36.5926	1.08765
10024	0.0092589	0.125497	46.7811	-9.45347	2.50326	-0.0263181	39.8045	36.5926	1.08777
10025	0.0092598	0.125497	46.7811	-9.45352	2.5075	-0.026318	39.8088	36.5927	1.08789
10026	0.00926069	0.125497	46.7812	-9.45358	2.51145	-0.026318	39.8128	36.5927	1.088
10027	0.00926159	0.125497	46.7813	-9.45363	2.51505	-0.0263181	39.8164	36.5927	1.0881
10028	0.00926249	0.125497	46.7814	-9.45369	2.51823	-0.0263182	39.8196	36.5927	1.08818
10029	0.00926339	0.125497	46.7815	-9.45375	2.52096	-0.0263183	39.8224	36.5927	1.08826
10030	0.00926429	0.125497	46.7816	-9.45381	2.5232	-0.0263185	39.8247	36.5928	1.08832
10031	0.00926518	0.125498	46.7817	-9.45387	2.52491	-0.0263188	39.8264	36.5928	1.08837
10032	0.00926608	0.125498	46.7818	-9.45393	2.5261	-0.026319	39.8276	36.5928	1.0884
10033	0.00926698	0.125498	46.7819	-9.454	2.52676	-0.0263193	39.8283	36.5929	1.08842
10034	0.00926788	0.125498	46.782	-9.45406	2.52685	-0.0263196	39.8284	36.5929	1.08842
10035	0.00926878	0.125498	46.7821	-9.45413	2.52639	-0.02632	39.828	36.5929	1.08841
10036	0.00926968	0.125498	46.7822	-9.4542	2.52543	-0.0263203	39.8271	36.5929	1.08838
10037	0.00927057	0.125498	46.7823	-9.45426	2.52403	-0.0263205	39.8257	36.593	1.08834
10038	0.00927147	0.125498	46.7824	-9.45433	2.52224	-0.0263208	39.824	36.593	1.0883
10039	0.00927237	0.125498	46.7825	-9.45441	2.52014	-0.026321	39.8219	36.593	1.08824
10040	0.00927327	0.125498	46.7826	-9.45448	2.5178	-0.0263212	39.8196	36.5931	1.08817
10041	0.00927417	0.125499	46.7827	-9.45455	2.51524	-0.0263214	39.8171	36.5931	1.0881
10042	0.00927507	0.125499	46.7828	-9.45462	2.51253	-0.0263216	39.8144	36.5931	1.08803
10043	0.00927596	0.125499	46.783	-9.4547	2.50969	-0.0263217	39.8116	36.5932	1.08795
10044	0.00927686	0.125499	46.7831	-9.45478	2.50673	-0.0263218	39.8087	36.5932	1.08787
10045	0.00927776	0.125499	46.7832	-9.45485	2.50359	-0.0263218	39.8056	36.5932	1.08779
10046	0.00927866	0.125499	46.7833	-9.45493	2.49982	-0.0263218	39.8019	36.5932	1.08768
10047	0.00927956	0.125499	46.7834	-9.45501	2.49404	-0.0263216	39.7961	36.5933	1.08753
10048	0.00928046	0.125499	46.7836	-9.45509	2.48969	-0.0263214	39.7918	36.5933	1.08741
10049	0.00928135	0.125499	46.7837	-9.45517	2.48645	-0.0263212	39.7886	36.5934	1.08732
10050	0.00928225	0.1255	46.7838	-9.45526	2.48416	-0.0263209	39.7864	36.5934	1.08726
10051	0.00928315	0.1255	46.7839	-9.45534	2.48263	-0.0263207	39.7849	36.5934	1.08721
10052	0.00928405	0.1255	46.7841	-9.45542	2.48174	-0.0263204	39.7841	36.5935	1.08719
10053	0.00928495	0.1255	46.7842	-9.45551	2.48143	-0.0263202	39.7838	36.5935	1.08718
10054	0.00928585	0.1255	46.7843	-9.4556	2.48164	-0.0263199	39.7841	36.5935	1.08719
10055	0.00928675	0.1255	46.7845	-9.45569	2.48231	-0.0263197	39.7848	36.5936	1.08721
10056	0.00928764	0.1255	46.7846	-9.45578	2.48339	-0.0263195	39.7859	36.5936	1.08724
10057	0.00928854	0.1255	46.7848	-9.45587	2.48571	-0.0263193	39.7883	36.5936	1.0873
10058	0.00928944	0.125501	46.7849	-9.45596	2.48992	-0.0263193	39.7925	36.5937	1.08742
10059	0.00929034	0.125501	46.785	-9.45605	2.49441	-0.0263192	39.7971	36.5937	1.08754
10060	0.00929124	0.125501	46.7852	-9.45615	2.49891	-0.0263191	39.8016	36.5938	1.08766
10061	0.00929213	0.125501	46.7853	-9.45624	2.50333	-0.026319	39.8061	36.5938	1.08778
10062	0.00929303	0.125501	46.7855	-9.45634	2.5076	-0.026319	39.8104	36.5938	1.0879
10063	0.00929393	0.125501	46.7856	-9.45643	2.51164	-0.0263189	39.8145	36.5939	1.08801
10064	0.00929483	0.125501	46.7858	-9.45653	2.51538	-0.0263189	39.8183	36.5939	1.08811
10065	0.00929573	0.125502	46.7859	-9.45663	2.51875	-0.026319	39.8217	36.594	1.0882
10066	0.00929663	0.125502	46.7861	-9.45673	2.52169	-0.0263191	39.8247	36.594	1.08829
10067	0.00929752	0.125502	46.7862	-9.45683	2.52417	-0.0263193	39.8273	36.5941	1.08835
10068	0.00929842	0.125502	46.7864	-9.45693	2.52614	-0.0263195	39.8293	36.5941	1.08841
10069	0.00929932	0.125502	46.7865	-9.45703	2.5276	-0.0263198	39.8308	36.5941	1.08845
10070	0.00930022	0.125502	46.7867	-9.45713	2.52853	-0.0263201	39.8318	36.5942	1.08847
10071	0.00930112	0.125502	46.7869	-9.45723	2.52892	-0.0263204	39.8322	36.5942	1.08848
10072	0.00930202	0.125503	46.787	-9.45733	2.52874	-0.0263207	39.8321	36.5943	1.08848
10073	0.00930291	0.125503	46.7872	-9.45743	2.52804	-0.026321	39.8315	36.5943	1.08846
10074	0.00930381	0.125503	46.7873	-9.45753	2.52685	-0.0263213	39.8303	36.5944	1.08843
10075	0.00930471	0.125503	46.7875	-9.45763	2.52524	-0.0263215	39.8288	36.5944	1.08838
10076	0.00930561	0.125503	46.7876	-9.45774	2.52326	-0.0263218	39.8268	36.5944	1.08833
10077	0.00930651	0.125503	46.7878	-9.45784	2.521	-0.026322	39.8246	36.5945	1.08827
10078	0.00930741	0.125504	46.788	-9.45794	2.51852	-0.0263222	39.8222	36.5945	1.0882
10079	0.0093083	0.125504	46.7881	-9.45805	2.51583	-0.0263224	39.8196	36.5946	1.08813
10080	0.0093092	0.125504	46.7883	-9.45815	2.51301	-0.0263225	39.8168	36.5946	1.08805
10081	0.0093101	0.125504	46.7885	-9.45826	2.51006	-0.0263226	39.8139	36.5947	1.08797
10082	0.009311	0.125504	46.7886	-9.45837	2.50699	-0.0263227	39.8109	36.5947	1.08789
10083	0.0093119	0.125504	46.7888	-9.45847	2.50363	-0.0263227	39.8076	36.5948	1.0878
10084	0.0093128	0.125504	46.7889	-9.45858	2.49909	-0.0263226	39.8031	36.5948	1.08767
10085	0.00931369	0.125505	46.7891	-9.45868	2.49371	-0.0263224	39.7978	36.5948	1.08753
10086	0.00931459	0.125505	46.7893	-9.45879	2.48966	-0.0263222	39.7938	36.5949	1.08741
10087	0.00931549	0.125505	46.7894	-9.45889	2.48667	-0.0263219	39.7909	36.5949	1.08733
10088	0.00931639	0.125505	46.7896	-9.459	2.48457	-0.0263217	39.7888	36.595	1.08728
10089	0.00931729	0.125505	46.7898	-9.45911	2.48318	-0.0263214	39.7875	36.595	1.08724
10090	0.00931819	0.125505	46.7899	-9.45921	2.48241	-0.0263212	39.7868	36.5951	1.08722
10091	0.00931908	0.125506	46.7901	-9.45932	2.4822	-0.0263209	39.7867	36.5951	1.08721
10092	0.00931998	0.125506	46.7903	-9.45943	2.48248	-0.0263207	39.787	36.5952	1.08722
10093	0.00932088	0.125506	46.7904	-9.45954	2.48321	-0.0263204	39.7878	36.5952	1.08724
10094	0.00932178	0.125506	46.7906	-9.45965	2.48433	-0.0263202	39.789	36.5953	1.08727
10095	0.00932268	0.125506	46.7908	-9.45975	2.48749	-0.0263201	39.7922	36.5953	1.08736
10096	0.00932358	0.125506	46.7909	-9.45986	2.49176	-0.0263201	39.7965	36.5954	1.08747
10097	0.00932447	0.125507	46.7911	-9.45997	2.49617	-0.02632	39.801	36.5954	1.0876
10098	0.00932537	0.125507	46.7913	-9.46008	2.50055	-0.0263199	39.8054	36.5954	1.08772
10099	0.00932627	0.125507	46.7914	-9.46019	2.50484	-0.0263198	39.8098	36.5955	1.08783
10100	0.00932717	0.125507	46.7916	-9.4603	2.50895	-0.0263197	39.8139	36.5955	1.08795
10101	0.00932807	0.125507	46.7918	-9.46041	2.51281	-0.0263197	39.8179	36.5956	1.08805
10102	0.00932896	0.125507	46.792	-9.46052	2.51634	-0.0263197	39.8214	36.5956	1.08815
10103	0.00932986	0.125507	46.7921	-9.46063	2.51948	-0.0263198	39.8247	36.5957	1.08823
10104	0.00933076	0.125508	46.7923	-9.46074	2.52218	-0.0263199	39.8274	36.5957	1.08831
10105	0.00933166	0.125508	46.7925	-9.46085	2.52441	-0.0263201	39.8297	36.5958	1.08837
10106	0.00933256	0.125508	46.7926	-9.46096	2.52613	-0.0263203	39.8315	36.5958	1.08842
10107	0.00933346	0.125508	46.7928	-9.46108	2.52733	-0.0263206	39.8327	36.5959	1.08845
10108	0.00933435	0.125508	46.793	-9.46119	2.528	-0.0263209	39.8335	36.5959	1.08847
10109	0.00933525	0.125508	46.7932	-9.4613	2.52812	-0.0263212	39.8337	36.596	1.08847
10110	0.00933615	0.125509	46.7933	-9.46141	2.52768	-0.0263215	39.8333	36.596	1.08846
10111	0.00933705	0.125509	46.7935	-9.46152	2.52673	-0.0263218	39.8324	36.5961	1.08843
10112	0.00933795	0.125509	46.7937	-9.46164	2.52531	-0.026322	39.831	36.5961	1.0884
10113	0.00933885	0.125509	46.7939	-9.46175	2.5235	-0.0263223	39.8293	36.5962	1.08835
10114	0.00933974	0.125509	46.794	-9.46186	2.52134	-0.0263225	39.8272	36.5962	1.08829
10115	0.00934064	0.125509	46.7942	-9.46197	2.51893	-0.0263227	39.8248	36.5963	1.08822
10116	0.00934154	0.12551	46.7944	-9.46209	2.5163	-0.0263229	39.8223	36.5963	1.08815
10117	0.00934244	0.12551	46.7945	-9.4622	2.51349	-0.0263231	39.8195	36.5964	1.08807
10118	0.00934334	0.12551	46.7947	-9.46231	2.51056	-0.0263232	39.8166	36.5964	1.08799
10119	0.00934424	0.12551	46.7949	-9.46242	2.50752	-0.0263233	39.8137	36.5965	1.08791
10120	0.00934513	0.12551	46.7951	-9.46254	2.50436	-0.0263233	39.8106	36.5965	1.08782
10121	0.00934603	0.12551	46.7952	-9.46265	2.50087	-0.0263233	39.8071	36.5965	1.08773
10122	0.00934693	0.125511	46.7954	-9.46276	2.49576	-0.0263232	39.8021	36.5966	1.08759
10123	0.00934783	0.125511	46.7956	-9.46288	2.49064	-0.0263229	39.797	36.5966	1.08745
10124	0.00934873	0.125511	46.7958	-9.46299	2.48676	-0.0263227	39.7932	36.5967	1.08734
10125	0.00934963	0.125511	46.7959	-9.4631	2.48392	-0.0263225	39.7904	36.5967	1.08727
10126	0.00935052	0.125511	46.7961	-9.46322	2.48191	-0.0263222	39.7885	36.5968	1.08721
10127	0.00935142	0.125511	46.7963	-9.46333	2.4806	-0.026322	39.7872	36.5968	1.08718
10128	0.00935232	0.125512	46.7965	-9.46344	2.47989	-0.0263217	39.7866	36.5969	1.08716
10129	0.00935322	0.125512	46.7967	-9.46356	2.47971	-0.0263214	39.7865	36.5969	1.08715
10130	0.00935412	0.125512	46.7968	-9.46367	2.48002	-0.0263212	39.7869	36.597	1.08716
10131	0.00935502	0.125512	46.797	-9.46378	2.48075	-0.0263209	39.7877	36.597	1.08718
10132	0.00935591	0.125512	46.7972	-9.46389	2.48186	-0.0263207	39.7888	36.5971	1.08721
10133	0.00935681	0.125512	46.7973	-9.46401	2.48532	-0.0263207	39.7923	36.5971	1.08731
10134	0.00935771	0.125513	46.7975	-9.46412	2.48955	-0.0263206	39.7966	36.5972	1.08742
10135	0.00935861	0.125513	46.7977	-9.46423	2.49387	-0.0263205	39.801	36.5972	1.08754
10136	0.00935951	0.125513	46.7979	-9.46434	2.49816	-0.0263204	39.8054	36.5973	1.08766
10137	0.0093604	0.125513	46.798	-9.46446	2.50233	-0.0263203	39.8096	36.5973	1.08777
10138	0.0093613	0.125513	46.7982	-9.46457	2.5063	-0.0263202	39.8136	36.5974	1.08788
10139	0.0093622	0.125513	46.7984	-9.46468	2.51001	-0.0263202	39.8174	36.5974	1.08798
10140	0.0093631	0.125514	46.7986	-9.46479	2.51339	-0.0263202	39.8208	36.5975	1.08808
10141	0.009364	0.125514	46.7987	-9.4649	2.51637	-0.0263202	39.8239	36.5975	1.08816
10142	0.0093649	0.125514	46.7989	-9.46502	2.5189	-0.0263204	39.8265	36.5976	1.08823
10143	0.00936579	0.125514	46.7991	-9.46513	2.52095	-0.0263206	39.8286	36.5976	1.08828
10144	0.00936669	0.125514	46.7993	-9.46524	2.5225	-0.0263208	39.8302	36.5977	1.08833
10145	0.00936759	0.125514	46.7994	-9.46535	2.52353	-0.026321	39.8313	36.5977	1.08835
10146	0.00936849	0.125515	46.7996	-9.46546	2.52403	-0.0263213	39.8318	36.5978	1.08837
10147	0.00936939	0.125515	46.7998	-9.46557	2.52396	-0.0263216	39.8318	36.5978	1.08837
10148	0.00937028	0.125515	46.7999	-9.46568	2.52336	-0.0263219	39.8313	36.5978	1.08835
10149	0.00937118	0.125515	46.8001	-9.46579	2.52225	-0.0263222	39.8303	36.5979	1.08832
10150	0.00937208	0.125515	46.8003	-9.4659	2.52069	-0.0263224	39.8288	36.5979	1.08828
10151	0.00937298	0.125515	46.8005	-9.46601	2.51875	-0.0263227	39.8269	36.598	1.08823
10152	0.00937388	0.125516	46.8006	-9.46612	2.51648	-0.0263229	39.8247	36.598	1.08816
10153	0.00937478	0.125516	46.8008	-9.46623	2.51397	-0.0263231	39.8222	36.5981	1.0881
10154	0.00937567	0.125516	46.801	-9.46634	2.51126	-0.0263233	39.8196	36.5981	1.08802
10155	0.00937657	0.125516	46.8011	-9.46645	2.50839	-0.0263234	39.8168	36.5982	1.08794
10156	0.00937747	0.125516	46.8013	-9.46656	2.50542	-0.0263235	39.8138	36.5982	1.08786
10157	0.00937837	0.125516	46.8015	-9.46666	2.50236	-0.0263236	39.8108	36.5983	1.08778
10158	0.00937927	0.125517	46.8016	-9.46677	2.49922	-0.0263236	39.8078	36.5983	1.08769
10159	0.00938017	0.125517	46.8018	-9.46687	2.49585	-0.0263236	39.8044	36.5984	1.0876
10160	0.00938106	0.125517	46.802	-9.46698	2.4915	-0.0263235	39.8002	36.5984	1.08748
10161	0.00938196	0.125517	46.8021	-9.46708	2.48607	-0.0263233	39.7948	36.5985	1.08734
10162	0.00938286	0.125517	46.8023	-9.46719	2.48198	-0.0263231	39.7907	36.5985	1.08722
10163	0.00938376	0.125517	46.8024	-9.46729	2.47896	-0.0263228	39.7878	36.5985	1.08714
10164	0.00938466	0.125517	46.8026	-9.46739	2.47682	-0.0263226	39.7857	36.5986	1.08708
10165	0.00938556	0.125518	46.8028	-9.46749	2.47539	-0.0263223	39.7843	36.5986	1.08704
10166	0.00938645	0.125518	46.8029	-9.46759	2.47457	-0.0263221	39.7836	36.5987	1.08702
10167	0.00938735	0.125518	46.8031	-9.46769	2.4743	-0.0263218	39.7833	36.5987	1.08701
10168	0.00938825	0.125518	46.8032	-9.46779	2.4745	-0.0263216	39.7836	36.5988	1.08702
10169	0.00938915	0.125518	46.8034	-9.46789	2.47513	-0.0263213	39.7843	36.5988	1.08704
10170	0.00939005	0.125518	46.8035	-9.46799	2.47613	-0.0263211	39.7853	36.5988	1.08707
10171	0.00939094	0.125518	46.8037	-9.46808	2.47935	-0.026321	39.7886	36.5989	1.08715
10172	0.00939184	0.125519	46.8038	-9.46818	2.48347	-0.0263209	39.7928	36.5989	1.08727
10173	0.00939274	0.125519	46.804	-9.46827	2.48768	-0.0263208	39.7971	36.599	1.08738
10174	0.00939364	0.125519	46.8041	-9.46837	2.49187	-0.0263207	39.8013	36.599	1.0875
10175	0.00939454	0.125519	46.8043	-9.46846	2.49595	-0.0263206	39.8054	36.599	1.08761
10176	0.00939544	0.125519	46.8044	-9.46855	2.49985	-0.0263205	39.8094	36.5991	1.08771
10177	0.00939633	0.125519	46.8045	-9.46864	2.50349	-0.0263204	39.8131	36.5991	1.08781
10178	0.00939723	0.125519	46.8047	-9.46873	2.50679	-0.0263204	39.8164	36.5992	1.08791
10179	0.00939813	0.12552	46.8048	-9.46882	2.50972	-0.0263205	39.8194	36.5992	1.08799
10180	0.00939903	0.12552	46.805	-9.46891	2.5122	-0.0263206	39.8219	36.5992	1.08805
10181	0.00939993	0.12552	46.8051	-9.469	2.51422	-0.0263208	39.824	36.5993	1.08811
10182	0.00940082	0.12552	46.8052	-9.46909	2.51573	-0.026321	39.8256	36.5993	1.08815
10183	0.00940172	0.12552	46.8054	-9.46917	2.51673	-0.0263212	39.8266	36.5994	1.08818
10184	0.00940262	0.12552	46.8055	-9.46925	2.51722	-0.0263215	39.8271	36.5994	1.08819
10185	0.00940352	0.12552	46.8056	-9.46934	2.51715	-0.0263218	39.8271	36.5994	1.08819
10186	0.00940442	0.12552	46.8057	-9.46942	2.51653	-0.0263221	39.8265	36.5995	1.08817
10187	0.00940532	0.125521	46.8059	-9.4695	2.51542	-0.0263224	39.8255	36.5995	1.08814
10188	0.00940621	0.125521	46.806	-9.46958	2.51386	-0.0263226	39.824	36.5995	1.0881
10189	0.00940711	0.125521	46.8061	-9.46965	2.51191	-0.0263229	39.8221	36.5996	1.08805
10190	0.00940801	0.125521	46.8062	-9.46973	2.50965	-0.0263231	39.8198	36.5996	1.08799
10191	0.00940891	0.125521	46.8063	-9.4698	2.50714	-0.0263233	39.8174	36.5996	1.08792
10192	0.00940981	0.125521	46.8065	-9.46988	2.50443	-0.0263235	39.8147	36.5997	1.08784
10193	0.0094107	0.125521	46.8066	-9.46995	2.50157	-0.0263236	39.8119	36.5997	1.08776
10194	0.0094116	0.125521	46.8067	-9.47002	2.49861	-0.0263237	39.8089	36.5997	1.08768
10195	0.0094125	0.125521	46.8068	-9.47008	2.49559	-0.0263238	39.806	36.5998	1.0876
10196	0.0094134	0.125522	46.8069	-9.47015	2.49251	-0.0263238	39.8029	36.5998	1.08752
10197	0.0094143	0.125522	46.807	-9.47022	2.48934	-0.0263238	39.7998	36.5998	1.08743
10198	0.0094152	0.125522	46.8071	-9.47028	2.48576	-0.0263238	39.7962	36.5998	1.08733
10199	0.00941609	0.125522	46.8072	-9.47034	2.4799	-0.0263235	39.7904	36.5999	1.08717
10200	0.00941699	0.125522	46.8073	-9.4704	2.47548	-0.0263233	39.786	36.5999	1.08705
10201	0.00941789	0.125522	46.8074	-9.47046	2.47219	-0.026323	39.7828	36.5999	1.08696
10202	0.00941879	0.125522	46.8075	-9.47051	2.46983	-0.0263228	39.7805	36.5999	1.0869
10203	0.00941969	0.125522	46.8075	-9.47057	2.46823	-0.0263225	39.7789	36.6	1.08686
10204	0.00942059	0.125522	46.8076	-9.47062	2.46726	-0.0263223	39.7779	36.6	1.08683
10205	0.00942148	0.125522	46.8077	-9.47067	2.46684	-0.026322	39.7775	36.6	1.08682
10206	0.00942238	0.125522	46.8078	-9.47072	2.4669	-0.0263217	39.7776	36.6	1.08682
10207	0.00942328	0.125522	46.8079	-9.47077	2.4674	-0.0263215	39.7782	36.6001	1.08683
10208	0.00942418	0.125523	46.8079	-9.47082	2.46828	-0.0263212	39.7791	36.6001	1.08686
10209	0.00942508	0.125523	46.808	-9.47086	2.47111	-0.0263211	39.7819	36.6001	1.08693
10210	0.00942597	0.125523	46.8081	-9.47091	2.47511	-0.026321	39.786	36.6001	1.08704
10211	0.00942687	0.125523	46.8081	-9.47095	2.47926	-0.0263209	39.7901	36.6001	1.08716
10212	0.00942777	0.125523	46.8082	-9.47099	2.4834	-0.0263208	39.7943	36.6002	1.08727
10213	0.00942867	0.125523	46.8083	-9.47103	2.48744	-0.0263206	39.7984	36.6002	1.08738
10214	0.00942957	0.125523	46.8083	-9.47107	2.49132	-0.0263205	39.8023	36.6002	1.08749
10215	0.00943046	0.125523	46.8084	-9.4711	2.49496	-0.0263205	39.8059	36.6002	1.08759
10216	0.00943136	0.125523	46.8084	-9.47114	2.49829	-0.0263205	39.8093	36.6002	1.08768
10217	0.00943226	0.125523	46.8085	-9.47117	2.50125	-0.0263205	39.8122	36.6002	1.08776
10218	0.00943316	0.125523	46.8085	-9.4712	2.50378	-0.0263206	39.8148	36.6003	1.08783
10219	0.00943406	0.125523	46.8086	-9.47123	2.50586	-0.0263208	39.8169	36.6003	1.08789
10220	0.00943496	0.125523	46.8086	-9.47126	2.50744	-0.026321	39.8185	36.6003	1.08793
10221	0.00943585	0.125523	46.8087	-9.47129	2.50852	-0.0263212	39.8196	36.6003	1.08796
10222	0.00943675	0.125523	46.8087	-9.47132	2.50909	-0.0263215	39.8202	36.6003	1.08797
10223	0.00943765	0.125523	46.8088	-9.47134	2.50912	-0.0263217	39.8202	36.6003	1.08797
10224	0.00943855	0.125523	46.8088	-9.47137	2.5086	-0.026322	39.8197	36.6003	1.08796
10225	0.00943945	0.125523	46.8088	-9.47139	2.50758	-0.0263223	39.8187	36.6003	1.08793
10226	0.00944034	0.125523	46.8089	-9.47141	2.50611	-0.0263225	39.8172	36.6003	1.08789
10227	0.00944124	0.125523	46.8089	-9.47143	2.50424	-0.0263228	39.8154	36.6004	1.08784
10228	0.00944214	0.125524	46.8089	-9.47145	2.50204	-0.026323	39.8132	36.6004	1.08778
10229	0.00944304	0.125524	46.809	-9.47147	2.49959	-0.0263232	39.8108	36.6004	1.08771
10230	0.00944394	0.125524	46.809	-9.47148	2.49695	-0.0263233	39.8081	36.6004	1.08764
10231	0.00944484	0.125524	46.809	-9.4715	2.49415	-0.0263235	39.8053	36.6004	1.08757
10232	0.00944573	0.125524	46.809	-9.47151	2.49125	-0.0263236	39.8024	36.6004	1.08749
10233	0.00944663	0.125524	46.809	-9.47153	2.4883	-0.0263237	39.7995	36.6004	1.08741
10234	0.00944753	0.125524	46.8091	-9.47154	2.48533	-0.0263237	39.7965	36.6004	1.08733
10235	0.00944843	0.125524	46.8091	-9.47155	2.48235	-0.0263237	39.7936	36.6004	1.08724
10236	0.00944933	0.125524	46.8091	-9.47155	2.47925	-0.0263237	39.7905	36.6004	1.08716
10237	0.00945022	0.125524	46.8091	-9.47156	2.47562	-0.0263236	39.7868	36.6004	1.08706
10238	0.00945112	0.125524	46.8091	-9.47157	2.47022	-0.0263233	39.7814	36.6004	1.08691
10239	0.00945202	0.125524	46.8091	-9.47157	2.46622	-0.0263231	39.7774	36.6004	1.0868
10240	0.00945292	0.125524	46.8091	-9.47157	2.46331	-0.0263228	39.7745	36.6004	1.08672
10241	0.00945382	0.125524	46.8091	-9.47157	2.46129	-0.0263226	39.7725	36.6004	1.08667
10242	0.00945472	0.125524	46.8091	-9.47157	2.45998	-0.0263223	39.7712	36.6004	1.08663
10243	0.00945561	0.125524	46.8091	-9.47157	2.45927	-0.0263221	39.7705	36.6004	1.08661
10244	0.00945651	0.125524	46.8091	-9.47157	2.45909	-0.0263218	39.7703	36.6004	1.08661
10245	0.00945741	0.125524	46.8091	-9.47156	2.45936	-0.0263215	39.7706	36.6004	1.08662
10246	0.00945831	0.125524	46.8091	-9.47156	2.46003	-0.0263213	39.7713	36.6004	1.08663
10247	0.00945921	0.125524	46.8091	-9.47155	2.46106	-0.026321	39.7723	36.6004	1.08666
10248	0.0094601	0.125524	46.8091	-9.47154	2.46443	-0.0263209	39.7756	36.6004	1.08675
10249	0.009461	0.125524	46.8091	-9.47153	2.46852	-0.0263208	39.7797	36.6004	1.08687
10250	0.0094619	0.125524	46.8091	-9.47152	2.4727	-0.0263207	39.7839	36.6004	1.08698
10251	0.0094628	0.125524	46.809	-9.47151	2.47683	-0.0263205	39.788	36.6004	1.08709
10252	0.0094637	0.125524	46.809	-9.4715	2.48084	-0.0263204	39.792	36.6004	1.0872
10253	0.00946459	0.125524	46.809	-9.47149	2.48465	-0.0263203	39.7958	36.6004	1.08731
10254	0.00946549	0.125524	46.809	-9.47148	2.48821	-0.0263202	39.7994	36.6004	1.0874
10255	0.00946639	0.125524	46.809	-9.47146	2.49144	-0.0263202	39.8026	36.6004	1.08749
10256	0.00946729	0.125524	46.8089	-9.47145	2.49429	-0.0263202	39.8055	36.6004	1.08757
10257	0.00946819	0.125524	46.8089	-9.47143	2.4967	-0.0263203	39.8079	36.6004	1.08764
10258	0.00946908	0.125524	46.8089	-9.47141	2.49866	-0.0263205	39.8098	36.6004	1.08769
10259	0.00946998	0.125523	46.8089	-9.4714	2.50012	-0.0263207	39.8113	36.6004	1.08773
10260	0.00947088	0.125523	46.8088	-9.47138	2.50108	-0.0263209	39.8122	36.6003	1.08776
10261	0.00947178	0.125523	46.8088	-9.47136	2.50153	-0.0263212	39.8127	36.6003	1.08777
10262	0.00947268	0.125523	46.8088	-9.47134	2.50145	-0.0263215	39.8126	36.6003	1.08777
10263	0.00947358	0.125523	46.8088	-9.47133	2.50084	-0.0263218	39.8119	36.6003	1.08775
10264	0.00947447	0.125523	46.8087	-9.47131	2.49975	-0.026322	39.8108	36.6003	1.08772
10265	0.00947537	0.125523	46.8087	-9.47129	2.49822	-0.0263223	39.8093	36.6003	1.08768
10266	0.00947627	0.125523	46.8087	-9.47127	2.49633	-0.0263225	39.8074	36.6003	1.08763
10267	0.00947717	0.125523	46.8086	-9.47125	2.49414	-0.0263227	39.8052	36.6003	1.08757
10268	0.00947807	0.125523	46.8086	-9.47123	2.49172	-0.0263229	39.8028	36.6003	1.0875
10269	0.00947896	0.125523	46.8086	-9.47121	2.48912	-0.0263231	39.8002	36.6003	1.08743
10270	0.00947986	0.125523	46.8085	-9.47119	2.4864	-0.0263232	39.7974	36.6003	1.08735
10271	0.00948076	0.125523	46.8085	-9.47117	2.4836	-0.0263233	39.7946	36.6003	1.08728
10272	0.00948166	0.125523	46.8085	-9.47116	2.48079	-0.0263234	39.7918	36.6003	1.0872
10273	0.00948256	0.125523	46.8085	-9.47114	2.478	-0.0263234	39.789	36.6002	1.08712
10274	0.00948346	0.125523	46.8084	-9.47112	2.47524	-0.0263234	39.7862	36.6002	1.08705
10275	0.00948435	0.125523	46.8084	-9.4711	2.47249	-0.0263234	39.7835	36.6002	1.08697
10276	0.00948525	0.125523	46.8084	-9.47108	2.46959	-0.0263233	39.7806	36.6002	1.08689
10277	0.00948615	0.125523	46.8083	-9.47106	2.4657	-0.0263231	39.7767	36.6002	1.08679
10278	0.00948705	0.125523	46.8083	-9.47103	2.46117	-0.0263229	39.7721	36.6002	1.08666
10279	0.00948795	0.125523	46.8083	-9.47101	2.45791	-0.0263226	39.7688	36.6002	1.08657
10280	0.00948884	0.125523	46.8082	-9.47099	2.45566	-0.0263224	39.7666	36.6002	1.08651
10281	0.00948974	0.125523	46.8082	-9.47097	2.45421	-0.0263221	39.7651	36.6002	1.08647
10282	0.00949064	0.125523	46.8082	-9.47095	2.45341	-0.0263219	39.7643	36.6002	1.08645
10283	0.00949154	0.125523	46.8081	-9.47093	2.45315	-0.0263216	39.764	36.6002	1.08644
10284	0.00949244	0.125523	46.8081	-9.4709	2.45336	-0.0263213	39.7642	36.6001	1.08645
10285	0.00949333	0.125523	46.8081	-9.47088	2.45397	-0.0263211	39.7648	36.6001	1.08647
10286	0.00949423	0.125523	46.808	-9.47086	2.45494	-0.0263208	39.7658	36.6001	1.08649
10287	0.00949513	0.125523	46.808	-9.47083	2.45761	-0.0263207	39.7685	36.6001	1.08657
10288	0.00949603	0.125523	46.808	-9.47081	2.46163	-0.0263206	39.7725	36.6001	1.08668
10289	0.00949693	0.125523	46.8079	-9.47078	2.4658	-0.0263204	39.7766	36.6001	1.08679
10290	0.00949783	0.125523	46.8079	-9.47076	2.46994	-0.0263203	39.7807	36.6001	1.0869
10291	0.00949872	0.125523	46.8078	-9.47073	2.47398	-0.0263201	39.7848	36.6001	1.08701
10292	0.00949962	0.125522	46.8078	-9.4707	2.47785	-0.02632	39.7886	36.6001	1.08712
10293	0.00950052	0.125522	46.8078	-9.47068	2.48148	-0.0263199	39.7922	36.6	1.08722
10294	0.00950142	0.125522	46.8077	-9.47065	2.48481	-0.0263199	39.7955	36.6	1.08731
10295	0.00950232	0.125522	46.8077	-9.47062	2.48777	-0.0263199	39.7985	36.6	1.08739
10296	0.00950321	0.125522	46.8076	-9.47059	2.49033	-0.02632	39.801	36.6	1.08746
10297	0.00950411	0.125522	46.8076	-9.47055	2.49244	-0.0263201	39.8031	36.6	1.08752
10298	0.00950501	0.125522	46.8075	-9.47052	2.49408	-0.0263203	39.8047	36.6	1.08756
10299	0.00950591	0.125522	46.8075	-9.47049	2.49522	-0.0263205	39.8059	36.6	1.08759
10300	0.00950681	0.125522	46.8074	-9.47046	2.49588	-0.0263208	39.8065	36.6	1.08761
10301	0.0095077	0.125522	46.8074	-9.47042	2.49603	-0.0263211	39.8066	36.5999	1.08761
10302	0.0095086	0.125522	46.8073	-9.47039	2.49565	-0.0263213	39.8063	36.5999	1.0876
10303	0.0095095	0.125522	46.8073	-9.47035	2.49479	-0.0263216	39.8054	36.5999	1.08758
10304	0.0095104	0.125522	46.8072	-9.47031	2.49349	-0.0263219	39.804	36.5999	1.08755
10305	0.0095113	0.125522	46.8071	-9.47027	2.49181	-0.0263221	39.8023	36.5999	1.0875
10306	0.00951219	0.125522	46.8071	-9.47023	2.48981	-0.0263223	39.8003	36.5999	1.08744
10307	0.00951309	0.125522	46.807	-9.47019	2.48758	-0.0263225	39.7981	36.5998	1.08738
10308	0.00951399	0.125522	46.8069	-9.47015	2.48516	-0.0263227	39.7956	36.5998	1.08732
10309	0.00951489	0.125522	46.8069	-9.47011	2.48261	-0.0263229	39.7931	36.5998	1.08725
10310	0.00951579	0.125522	46.8068	-9.47006	2.47997	-0.026323	39.7904	36.5998	1.08718
10311	0.00951669	0.125522	46.8067	-9.47002	2.47731	-0.026323	39.7877	36.5998	1.0871
10312	0.00951758	0.125521	46.8067	-9.46997	2.47467	-0.0263231	39.785	36.5998	1.08703
10313	0.00951848	0.125521	46.8066	-9.46992	2.47208	-0.0263231	39.7824	36.5997	1.08696
10314	0.00951938	0.125521	46.8065	-9.46988	2.46955	-0.0263231	39.7799	36.5997	1.08689
10315	0.00952028	0.125521	46.8065	-9.46983	2.46703	-0.026323	39.7773	36.5997	1.08682
10316	0.00952118	0.125521	46.8064	-9.46978	2.46432	-0.026323	39.7746	36.5997	1.08675
10317	0.00952207	0.125521	46.8063	-9.46973	2.46009	-0.0263228	39.7703	36.5997	1.08663
10318	0.00952297	0.125521	46.8062	-9.46967	2.4562	-0.0263225	39.7664	36.5996	1.08652
10319	0.00952387	0.125521	46.8061	-9.46962	2.45348	-0.0263223	39.7637	36.5996	1.08645
10320	0.00952477	0.125521	46.806	-9.46957	2.45168	-0.026322	39.7618	36.5996	1.0864
10321	0.00952567	0.125521	46.806	-9.46951	2.45062	-0.0263218	39.7608	36.5996	1.08637
10322	0.00952656	0.125521	46.8059	-9.46946	2.45016	-0.0263215	39.7603	36.5995	1.08636
10323	0.00952746	0.125521	46.8058	-9.4694	2.4502	-0.0263213	39.7603	36.5995	1.08636
10324	0.00952836	0.125521	46.8057	-9.46934	2.45068	-0.026321	39.7607	36.5995	1.08637
10325	0.00952926	0.12552	46.8056	-9.46929	2.45152	-0.0263207	39.7615	36.5995	1.0864
10326	0.00953016	0.12552	46.8055	-9.46923	2.45269	-0.0263205	39.7627	36.5994	1.08643
10327	0.00953106	0.12552	46.8054	-9.46917	2.4561	-0.0263204	39.7661	36.5994	1.08652
10328	0.00953195	0.12552	46.8053	-9.46911	2.46029	-0.0263203	39.7702	36.5994	1.08664
10329	0.00953285	0.12552	46.8053	-9.46905	2.46454	-0.0263201	39.7744	36.5994	1.08675
10330	0.00953375	0.12552	46.8052	-9.46899	2.46873	-0.02632	39.7786	36.5993	1.08687
10331	0.00953465	0.12552	46.8051	-9.46893	2.47279	-0.0263198	39.7826	36.5993	1.08698
10332	0.00953555	0.12552	46.805	-9.46887	2.47666	-0.0263197	39.7864	36.5993	1.08708
10333	0.00953644	0.12552	46.8049	-9.4688	2.48026	-0.0263196	39.79	36.5993	1.08718
10334	0.00953734	0.12552	46.8048	-9.46874	2.48354	-0.0263196	39.7933	36.5992	1.08727
10335	0.00953824	0.12552	46.8047	-9.46867	2.48644	-0.0263197	39.7961	36.5992	1.08735
10336	0.00953914	0.125519	46.8046	-9.46861	2.48892	-0.0263198	39.7986	36.5992	1.08742
10337	0.00954004	0.125519	46.8045	-9.46854	2.49095	-0.0263199	39.8006	36.5992	1.08747
10338	0.00954093	0.125519	46.8044	-9.46847	2.4925	-0.0263202	39.8021	36.5991	1.08751
10339	0.00954183	0.125519	46.8043	-9.46841	2.49356	-0.0263204	39.8031	36.5991	1.08754
10340	0.00954273	0.125519	46.8042	-9.46834	2.49413	-0.0263207	39.8036	36.5991	1.08756
10341	0.00954363	0.125519	46.8041	-9.46827	2.4942	-0.026321	39.8037	36.599	1.08756
10342	0.00954453	0.125519	46.8039	-9.4682	2.49375	-0.0263213	39.8032	36.599	1.08755
10343	0.00954542	0.125519	46.8038	-9.46813	2.49284	-0.0263216	39.8022	36.599	1.08752
10344	0.00954632	0.125519	46.8037	-9.46806	2.4915	-0.0263218	39.8008	36.5989	1.08749
10345	0.00954722	0.125519	46.8036	-9.46799	2.48982	-0.0263221	39.7991	36.5989	1.08744
10346	0.00954812	0.125518	46.8035	-9.46791	2.48784	-0.0263223	39.7971	36.5989	1.08739
10347	0.00954902	0.125518	46.8034	-9.46784	2.48565	-0.0263225	39.7949	36.5989	1.08733
10348	0.00954991	0.125518	46.8033	-9.46777	2.48329	-0.0263227	39.7925	36.5988	1.08726
10349	0.00955081	0.125518	46.8032	-9.46769	2.48081	-0.0263229	39.79	36.5988	1.08719
10350	0.00955171	0.125518	46.803	-9.46761	2.47826	-0.026323	39.7874	36.5988	1.08712
10351	0.00955261	0.125518	46.8029	-9.46754	2.47571	-0.026323	39.7848	36.5987	1.08705
10352	0.00955351	0.125518	46.8028	-9.46746	2.4732	-0.0263231	39.7822	36.5987	1.08698
10353	0.00955441	0.125518	46.8027	-9.46738	2.47074	-0.0263231	39.7797	36.5987	1.08692
10354	0.0095553	0.125518	46.8026	-9.4673	2.46833	-0.0263231	39.7773	36.5986	1.08685
10355	0.0095562	0.125517	46.8024	-9.46722	2.46591	-0.026323	39.7748	36.5986	1.08678
10356	0.0095571	0.125517	46.8023	-9.46714	2.46316	-0.0263229	39.772	36.5986	1.08671
10357	0.009558	0.125517	46.8022	-9.46706	2.4584	-0.0263227	39.7672	36.5985	1.08658
10358	0.0095589	0.125517	46.8021	-9.46698	2.45503	-0.0263225	39.7638	36.5985	1.08649
10359	0.00955979	0.125517	46.8019	-9.4669	2.45273	-0.0263222	39.7614	36.5985	1.08642
10360	0.00956069	0.125517	46.8018	-9.46681	2.45129	-0.026322	39.76	36.5984	1.08638
10361	0.00956159	0.125517	46.8017	-9.46673	2.45053	-0.0263218	39.7591	36.5984	1.08636
10362	0.00956249	0.125517	46.8015	-9.46665	2.45032	-0.0263215	39.7589	36.5983	1.08636
10363	0.00956339	0.125516	46.8014	-9.46656	2.45059	-0.0263213	39.7591	36.5983	1.08636
10364	0.00956429	0.125516	46.8013	-9.46648	2.45127	-0.026321	39.7598	36.5983	1.08638
10365	0.00956518	0.125516	46.8011	-9.46639	2.45231	-0.0263208	39.7607	36.5982	1.08641
10366	0.00956608	0.125516	46.801	-9.4663	2.45364	-0.0263205	39.762	36.5982	1.08645
10367	0.00956698	0.125516	46.8009	-9.46622	2.45745	-0.0263205	39.7658	36.5982	1.08655
10368	0.00956788	0.125516	46.8007	-9.46613	2.4618	-0.0263203	39.7701	36.5981	1.08667
10369	0.00956878	0.125516	46.8006	-9.46604	2.46616	-0.0263202	39.7744	36.5981	1.08679
10370	0.00956967	0.125516	46.8005	-9.46595	2.47046	-0.0263201	39.7787	36.5981	1.08691
10371	0.00957057	0.125515	46.8003	-9.46586	2.4746	-0.0263199	39.7828	36.598	1.08702
10372	0.00957147	0.125515	46.8002	-9.46577	2.47853	-0.0263198	39.7866	36.598	1.08713
10373	0.00957237	0.125515	46.8001	-9.46568	2.48218	-0.0263198	39.7902	36.5979	1.08723
10374	0.00957327	0.125515	46.7999	-9.46559	2.48549	-0.0263198	39.7935	36.5979	1.08732
10375	0.00957416	0.125515	46.7998	-9.4655	2.48842	-0.0263199	39.7964	36.5979	1.0874
10376	0.00957506	0.125515	46.7996	-9.46541	2.49091	-0.02632	39.7988	36.5978	1.08746
10377	0.00957596	0.125515	46.7995	-9.46532	2.49294	-0.0263202	39.8008	36.5978	1.08752
10378	0.00957686	0.125515	46.7993	-9.46522	2.49449	-0.0263204	39.8023	36.5977	1.08756
10379	0.00957776	0.125514	46.7992	-9.46513	2.49555	-0.0263207	39.8033	36.5977	1.08759
10380	0.00957865	0.125514	46.7991	-9.46504	2.49611	-0.0263209	39.8038	36.5977	1.08761
10381	0.00957955	0.125514	46.7989	-9.46494	2.49616	-0.0263213	39.8038	36.5976	1.08761
10382	0.00958045	0.125514	46.7988	-9.46485	2.4957	-0.0263216	39.8033	36.5976	1.08759
10383	0.00958135	0.125514	46.7986	-9.46476	2.49478	-0.0263219	39.8023	36.5975	1.08757
10384	0.00958225	0.125514	46.7985	-9.46466	2.49346	-0.0263221	39.8009	36.5975	1.08753
10385	0.00958315	0.125514	46.7983	-9.46457	2.49178	-0.0263224	39.7992	36.5975	1.08749
10386	0.00958404	0.125513	46.7982	-9.46447	2.48983	-0.0263226	39.7972	36.5974	1.08743
10387	0.00958494	0.125513	46.798	-9.46438	2.48768	-0.0263228	39.795	36.5974	1.08737
10388	0.00958584	0.125513	46.7979	-9.46428	2.48535	-0.026323	39.7926	36.5973	1.08731
10389	0.00958674	0.125513	46.7977	-9.46418	2.48291	-0.0263231	39.7901	36.5973	1.08724
10390	0.00958764	0.125513	46.7976	-9.46409	2.48041	-0.0263232	39.7876	36.5973	1.08717
10391	0.00958853	0.125513	46.7974	-9.46399	2.47791	-0.0263233	39.785	36.5972	1.08711
10392	0.00958943	0.125513	46.7973	-9.4639	2.47543	-0.0263233	39.7825	36.5972	1.08704
10393	0.00959033	0.125512	46.7971	-9.4638	2.47299	-0.0263233	39.78	36.5971	1.08697
10394	0.00959123	0.125512	46.797	-9.4637	2.47054	-0.0263233	39.7775	36.5971	1.0869
10395	0.00959213	0.125512	46.7968	-9.46361	2.46789	-0.0263232	39.7748	36.597	1.08683
10396	0.00959303	0.125512	46.7967	-9.46351	2.4638	-0.0263231	39.7707	36.597	1.08672
10397	0.00959392	0.125512	46.7965	-9.46342	2.45981	-0.0263228	39.7666	36.597	1.08661
10398	0.00959482	0.125512	46.7964	-9.46332	2.45703	-0.0263226	39.7638	36.5969	1.08653
10399	0.00959572	0.125512	46.7963	-9.46322	2.4552	-0.0263223	39.7619	36.5969	1.08648
10400	0.00959662	0.125511	46.7961	-9.46313	2.45414	-0.0263221	39.7608	36.5968	1.08645
10401	0.00959752	0.125511	46.796	-9.46303	2.45369	-0.0263218	39.7603	36.5968	1.08644
10402	0.00959841	0.125511	46.7958	-9.46293	2.45377	-0.0263216	39.7603	36.5968	1.08644
10403	0.00959931	0.125511	46.7957	-9.46284	2.4543	-0.0263213	39.7608	36.5967	1.08646
10404	0.00960021	0.125511	46.7955	-9.46274	2.45522	-0.0263211	39.7617	36.5967	1.08648
10405	0.00960111	0.125511	46.7953	-9.46264	2.45648	-0.0263208	39.7629	36.5966	1.08652
10406	0.00960201	0.125511	46.7952	-9.46254	2.45968	-0.0263207	39.766	36.5966	1.0866
10407	0.00960291	0.12551	46.795	-9.46244	2.464	-0.0263206	39.7703	36.5966	1.08672
10408	0.0096038	0.12551	46.7949	-9.46235	2.46842	-0.0263205	39.7747	36.5965	1.08684
10409	0.0096047	0.12551	46.7947	-9.46225	2.47282	-0.0263203	39.779	36.5965	1.08696
10410	0.0096056	0.12551	46.7946	-9.46215	2.47709	-0.0263202	39.7832	36.5964	1.08708
10411	0.0096065	0.12551	46.7944	-9.46205	2.48118	-0.0263201	39.7872	36.5964	1.08719
10412	0.0096074	0.12551	46.7943	-9.46196	2.48502	-0.02632	39.791	36.5963	1.0873
10413	0.00960829	0.12551	46.7941	-9.46186	2.48854	-0.02632	39.7945	36.5963	1.08739
10414	0.00960919	0.125509	46.794	-9.46176	2.49169	-0.02632	39.7976	36.5963	1.08748
10415	0.00961009	0.125509	46.7938	-9.46166	2.49441	-0.0263201	39.8003	36.5962	1.08755
10416	0.00961099	0.125509	46.7937	-9.46157	2.49669	-0.0263203	39.8025	36.5962	1.08761
10417	0.00961189	0.125509	46.7935	-9.46147	2.49849	-0.0263205	39.8042	36.5961	1.08766
10418	0.00961278	0.125509	46.7934	-9.46138	2.49979	-0.0263208	39.8055	36.5961	1.0877
10419	0.00961368	0.125509	46.7932	-9.46128	2.5006	-0.026321	39.8062	36.5961	1.08772
10420	0.00961458	0.125509	46.7931	-9.46119	2.5009	-0.0263213	39.8065	36.596	1.08773
10421	0.00961548	0.125508	46.7929	-9.46109	2.50068	-0.0263216	39.8062	36.596	1.08772
10422	0.00961638	0.125508	46.7928	-9.461	2.49997	-0.0263219	39.8055	36.5959	1.0877
10423	0.00961727	0.125508	46.7927	-9.4609	2.49883	-0.0263222	39.8043	36.5959	1.08767
10424	0.00961817	0.125508	46.7925	-9.46081	2.49732	-0.0263225	39.8027	36.5958	1.08763
10425	0.00961907	0.125508	46.7924	-9.46072	2.49549	-0.0263227	39.8008	36.5958	1.08758
10426	0.00961997	0.125508	46.7922	-9.46063	2.49344	-0.0263229	39.7987	36.5958	1.08752
10427	0.00962087	0.125508	46.7921	-9.46054	2.49118	-0.0263231	39.7964	36.5957	1.08746
10428	0.00962177	0.125508	46.792	-9.46045	2.48878	-0.0263232	39.794	36.5957	1.08739
10429	0.00962266	0.125507	46.7918	-9.46036	2.4863	-0.0263233	39.7914	36.5957	1.08733
10430	0.00962356	0.125507	46.7917	-9.46028	2.48377	-0.0263234	39.7888	36.5956	1.08726
10431	0.00962446	0.125507	46.7915	-9.46019	2.48122	-0.0263234	39.7863	36.5956	1.08719
10432	0.00962536	0.125507	46.7914	-9.4601	2.47864	-0.0263234	39.7836	36.5955	1.08712
10433	0.00962626	0.125507	46.7913	-9.46002	2.47592	-0.0263234	39.7809	36.5955	1.08704
10434	0.00962716	0.125507	46.7911	-9.45993	2.47248	-0.0263233	39.7774	36.5955	1.08695
10435	0.00962805	0.125507	46.791	-9.45985	2.46761	-0.026323	39.7725	36.5954	1.08681
10436	0.00962895	0.125506	46.7909	-9.45977	2.46412	-0.0263228	39.7689	36.5954	1.08672
10437	0.00962985	0.125506	46.7908	-9.45969	2.4617	-0.0263226	39.7665	36.5954	1.08665
10438	0.00963075	0.125506	46.7906	-9.45961	2.46014	-0.0263223	39.7648	36.5953	1.08661
10439	0.00963165	0.125506	46.7905	-9.45953	2.45927	-0.026322	39.7639	36.5953	1.08659
10440	0.00963254	0.125506	46.7904	-9.45945	2.45899	-0.0263218	39.7636	36.5953	1.08658
10441	0.00963344	0.125506	46.7903	-9.45937	2.45921	-0.0263215	39.7638	36.5952	1.08658
10442	0.00963434	0.125506	46.7902	-9.4593	2.45989	-0.0263212	39.7644	36.5952	1.0866
10443	0.00963524	0.125506	46.79	-9.45922	2.46095	-0.026321	39.7655	36.5952	1.08663
10444	0.00963614	0.125506	46.7899	-9.45915	2.46235	-0.0263207	39.7668	36.5951	1.08667
10445	0.00963704	0.125505	46.7898	-9.45908	2.46611	-0.0263207	39.7705	36.5951	1.08677
10446	0.00963793	0.125505	46.7897	-9.45901	2.47059	-0.0263206	39.775	36.5951	1.08689
10447	0.00963883	0.125505	46.7896	-9.45894	2.47513	-0.0263204	39.7795	36.595	1.08702
10448	0.00963973	0.125505	46.7895	-9.45888	2.47963	-0.0263203	39.7839	36.595	1.08714
10449	0.00964063	0.125505	46.7894	-9.45881	2.48399	-0.0263202	39.7883	36.595	1.08726
10450	0.00964153	0.125505	46.7893	-9.45875	2.48815	-0.0263201	39.7924	36.5949	1.08737
10451	0.00964242	0.125505	46.7892	-9.45868	2.49204	-0.02632	39.7962	36.5949	1.08748
10452	0.00964332	0.125505	46.7891	-9.45862	2.49559	-0.02632	39.7998	36.5949	1.08758
10453	0.00964422	0.125505	46.789	-9.45856	2.49875	-0.0263201	39.8029	36.5949	1.08766
10454	0.00964512	0.125505	46.7889	-9.4585	2.50147	-0.0263202	39.8056	36.5948	1.08774
10455	0.00964602	0.125504	46.7888	-9.45844	2.50373	-0.0263204	39.8078	36.5948	1.0878
10456	0.00964691	0.125504	46.7887	-9.45838	2.50549	-0.0263206	39.8095	36.5948	1.08785
10457	0.00964781	0.125504	46.7886	-9.45833	2.50674	-0.0263209	39.8107	36.5948	1.08788
10458	0.00964871	0.125504	46.7886	-9.45827	2.50749	-0.0263211	39.8115	36.5947	1.0879
10459	0.00964961	0.125504	46.7885	-9.45822	2.5077	-0.0263214	39.8116	36.5947	1.08791
10460	0.00965051	0.125504	46.7884	-9.45817	2.50739	-0.0263217	39.8113	36.5947	1.0879
10461	0.00965141	0.125504	46.7883	-9.45811	2.50659	-0.026322	39.8105	36.5947	1.08788
10462	0.0096523	0.125504	46.7882	-9.45806	2.50536	-0.0263223	39.8092	36.5946	1.08784
10463	0.0096532	0.125504	46.7882	-9.45801	2.50376	-0.0263225	39.8076	36.5946	1.0878
10464	0.0096541	0.125504	46.7881	-9.45797	2.50186	-0.0263227	39.8057	36.5946	1.08775
10465	0.009655	0.125504	46.788	-9.45792	2.49973	-0.0263229	39.8035	36.5946	1.08769
10466	0.0096559	0.125504	46.7879	-9.45787	2.4974	-0.0263231	39.8011	36.5946	1.08762
10467	0.00965679	0.125504	46.7879	-9.45783	2.49493	-0.0263233	39.7986	36.5945	1.08756
10468	0.00965769	0.125504	46.7878	-9.45779	2.49237	-0.0263234	39.7961	36.5945	1.08749
10469	0.00965859	0.125503	46.7877	-9.45775	2.48975	-0.0263234	39.7934	36.5945	1.08741
10470	0.00965949	0.125503	46.7877	-9.45771	2.48707	-0.0263235	39.7907	36.5945	1.08734
10471	0.00966039	0.125503	46.7876	-9.45767	2.48426	-0.0263234	39.7879	36.5945	1.08726
10472	0.00966129	0.125503	46.7876	-9.45763	2.48091	-0.0263234	39.7845	36.5945	1.08717
10473	0.00966218	0.125503	46.7875	-9.45759	2.4756	-0.0263231	39.7792	36.5944	1.08703
10474	0.00966308	0.125503	46.7874	-9.45756	2.47171	-0.0263229	39.7753	36.5944	1.08692
10475	0.00966398	0.125503	46.7874	-9.45753	2.46894	-0.0263227	39.7725	36.5944	1.08685
10476	0.00966488	0.125503	46.7873	-9.45749	2.46708	-0.0263224	39.7706	36.5944	1.0868
10477	0.00966578	0.125503	46.7873	-9.45746	2.46596	-0.0263221	39.7695	36.5944	1.08676
10478	0.00966668	0.125503	46.7872	-9.45743	2.46545	-0.0263219	39.7689	36.5944	1.08675
10479	0.00966757	0.125503	46.7872	-9.4574	2.46548	-0.0263216	39.769	36.5944	1.08675
10480	0.00966847	0.125503	46.7872	-9.45738	2.466	-0.0263213	39.7695	36.5943	1.08677
10481	0.00966937	0.125503	46.7871	-9.45735	2.46694	-0.0263211	39.7704	36.5943	1.08679
10482	0.00967027	0.125503	46.7871	-9.45733	2.46825	-0.0263209	39.7717	36.5943	1.08683
10483	0.00967117	0.125503	46.787	-9.4573	2.47155	-0.0263207	39.775	36.5943	1.08692
10484	0.00967207	0.125503	46.787	-9.45728	2.47599	-0.0263207	39.7794	36.5943	1.08704
10485	0.00967296	0.125503	46.787	-9.45726	2.48056	-0.0263205	39.784	36.5943	1.08716
10486	0.00967386	0.125503	46.7869	-9.45724	2.48512	-0.0263204	39.7885	36.5943	1.08729
10487	0.00967476	0.125503	46.7869	-9.45722	2.48956	-0.0263203	39.7929	36.5943	1.08741
10488	0.00967566	0.125503	46.7869	-9.4572	2.49383	-0.0263202	39.7972	36.5943	1.08753
10489	0.00967656	0.125503	46.7868	-9.45718	2.49784	-0.0263202	39.8012	36.5943	1.08763
10490	0.00967745	0.125503	46.7868	-9.45716	2.50154	-0.0263202	39.8049	36.5942	1.08774
10491	0.00967835	0.125503	46.7868	-9.45715	2.50485	-0.0263202	39.8082	36.5942	1.08783
10492	0.00967925	0.125503	46.7868	-9.45713	2.50773	-0.0263204	39.811	36.5942	1.0879
10493	0.00968015	0.125502	46.7868	-9.45712	2.51014	-0.0263205	39.8134	36.5942	1.08797
10494	0.00968105	0.125502	46.7867	-9.45711	2.51205	-0.0263207	39.8154	36.5942	1.08802
10495	0.00968194	0.125502	46.7867	-9.45709	2.51345	-0.026321	39.8168	36.5942	1.08806
10496	0.00968284	0.125502	46.7867	-9.45708	2.51434	-0.0263213	39.8176	36.5942	1.08809
10497	0.00968374	0.125502	46.7867	-9.45707	2.51469	-0.0263216	39.818	36.5942	1.0881
10498	0.00968464	0.125502	46.7867	-9.45707	2.5145	-0.0263219	39.8178	36.5942	1.08809
10499	0.00968554	0.125502	46.7867	-9.45706	2.5138	-0.0263222	39.8171	36.5942	1.08807
10500	0.00968644	0.125502	46.7866	-9.45705	2.51265	-0.0263224	39.8159	36.5942	1.08804
10501	0.00968733	0.125502	46.7866	-9.45704	2.5111	-0.0263227	39.8144	36.5942	1.088
10502	0.00968823	0.125502	46.7866	-9.45703	2.50923	-0.0263229	39.8125	36.5942	1.08795
10503	0.00968913	0.125502	46.7866	-9.45703	2.5071	-0.0263231	39.8104	36.5942	1.08789
10504	0.00969003	0.125502	46.7866	-9.45702	2.50476	-0.0263233	39.808	36.5942	1.08782
10505	0.00969093	0.125502	46.7866	-9.45701	2.50225	-0.0263235	39.8055	36.5942	1.08775
10506	0.00969183	0.125502	46.7866	-9.457	2.49962	-0.0263236	39.8029	36.5942	1.08768
10507	0.00969272	0.125502	46.7865	-9.45699	2.4969	-0.0263237	39.8001	36.5942	1.08761
10508	0.00969362	0.125502	46.7865	-9.45698	2.49408	-0.0263237	39.7973	36.5942	1.08753
10509	0.00969452	0.125502	46.7865	-9.45697	2.49103	-0.0263237	39.7942	36.5942	1.08745
10510	0.00969542	0.125502	46.7865	-9.45695	2.48699	-0.0263236	39.7902	36.5942	1.08734
10511	0.00969632	0.125502	46.7865	-9.45694	2.48182	-0.0263234	39.785	36.5942	1.0872
10512	0.00969722	0.125502	46.7865	-9.45693	2.47801	-0.0263231	39.7812	36.5941	1.08709
10513	0.00969811	0.125502	46.7864	-9.45692	2.47528	-0.0263229	39.7785	36.5941	1.08702
10514	0.00969901	0.125502	46.7864	-9.45691	2.47343	-0.0263226	39.7766	36.5941	1.08697
10515	0.00969991	0.125502	46.7864	-9.4569	2.47229	-0.0263224	39.7755	36.5941	1.08694
10516	0.00970081	0.125502	46.7864	-9.45689	2.47177	-0.0263221	39.775	36.5941	1.08692
10517	0.00970171	0.125502	46.7864	-9.45688	2.47179	-0.0263219	39.775	36.5941	1.08692
10518	0.0097026	0.125502	46.7864	-9.45687	2.4723	-0.0263216	39.7755	36.5941	1.08694
10519	0.0097035	0.125502	46.7863	-9.45686	2.47324	-0.0263214	39.7764	36.5941	1.08696
10520	0.0097044	0.125502	46.7863	-9.45685	2.47455	-0.0263211	39.7777	36.5941	1.087
10521	0.0097053	0.125502	46.7863	-9.45684	2.47798	-0.026321	39.7811	36.5941	1.08709
10522	0.0097062	0.125502	46.7863	-9.45683	2.48243	-0.026321	39.7856	36.5941	1.08721
10523	0.0097071	0.125502	46.7863	-9.45682	2.48701	-0.0263209	39.7902	36.5941	1.08734
10524	0.00970799	0.125502	46.7863	-9.45681	2.49157	-0.0263208	39.7947	36.5941	1.08746
10525	0.00970889	0.125502	46.7863	-9.45681	2.49602	-0.0263207	39.7992	36.5941	1.08758
10526	0.00970979	0.125502	46.7863	-9.4568	2.50029	-0.0263206	39.8034	36.5941	1.0877
10527	0.00971069	0.125502	46.7862	-9.4568	2.5043	-0.0263205	39.8074	36.5941	1.08781
10528	0.00971159	0.125502	46.7862	-9.45679	2.50798	-0.0263206	39.8111	36.5941	1.08791
10529	0.00971248	0.125502	46.7862	-9.45679	2.51127	-0.0263206	39.8144	36.5941	1.088
10530	0.00971338	0.125502	46.7862	-9.45679	2.51413	-0.0263208	39.8173	36.5941	1.08808
10531	0.00971428	0.125502	46.7862	-9.45678	2.51651	-0.0263209	39.8196	36.5941	1.08814
10532	0.00971518	0.125502	46.7862	-9.45678	2.51839	-0.0263212	39.8215	36.5941	1.0882
10533	0.00971608	0.125502	46.7862	-9.45678	2.51975	-0.0263214	39.8229	36.5941	1.08823
10534	0.00971698	0.125502	46.7862	-9.45679	2.52059	-0.0263217	39.8237	36.5941	1.08826
10535	0.00971787	0.125502	46.7862	-9.45679	2.52088	-0.026322	39.824	36.5941	1.08826
10536	0.00971877	0.125502	46.7862	-9.45679	2.52063	-0.0263223	39.8237	36.5941	1.08826
10537	0.00971967	0.125502	46.7862	-9.4568	2.51987	-0.0263226	39.823	36.5941	1.08824
10538	0.00972057	0.125502	46.7863	-9.45681	2.51865	-0.0263229	39.8218	36.5941	1.0882
10539	0.00972147	0.125502	46.7863	-9.45681	2.51703	-0.0263231	39.8202	36.5941	1.08816
10540	0.00972237	0.125502	46.7863	-9.45682	2.51509	-0.0263234	39.8182	36.5941	1.08811
10541	0.00972326	0.125502	46.7863	-9.45683	2.51289	-0.0263236	39.816	36.5941	1.08805
10542	0.00972416	0.125502	46.7863	-9.45685	2.51047	-0.0263238	39.8136	36.5941	1.08798
10543	0.00972506	0.125502	46.7863	-9.45686	2.50788	-0.0263239	39.811	36.5941	1.08791
10544	0.00972596	0.125502	46.7864	-9.45688	2.50516	-0.026324	39.8083	36.5941	1.08783
10545	0.00972686	0.125502	46.7864	-9.4569	2.50234	-0.0263241	39.8055	36.5941	1.08776
10546	0.00972776	0.125502	46.7864	-9.45692	2.49938	-0.0263242	39.8026	36.5941	1.08768
10547	0.00972865	0.125502	46.7865	-9.45694	2.49605	-0.0263241	39.7992	36.5941	1.08759
10548	0.00972955	0.125502	46.7865	-9.45696	2.49062	-0.026324	39.7938	36.5941	1.08744
10549	0.00973045	0.125502	46.7865	-9.45699	2.48594	-0.0263238	39.7892	36.5942	1.08731
10550	0.00973135	0.125502	46.7866	-9.45701	2.48245	-0.0263235	39.7857	36.5942	1.08721
10551	0.00973225	0.125502	46.7866	-9.45704	2.47997	-0.0263233	39.7832	36.5942	1.08715
10552	0.00973315	0.125502	46.7866	-9.45707	2.47829	-0.026323	39.7816	36.5942	1.0871
10553	0.00973404	0.125502	46.7867	-9.4571	2.47729	-0.0263228	39.7806	36.5942	1.08707
10554	0.00973494	0.125502	46.7867	-9.45713	2.47687	-0.0263225	39.7802	36.5942	1.08706
10555	0.00973584	0.125502	46.7868	-9.45716	2.47699	-0.0263222	39.7803	36.5942	1.08706
10556	0.00973674	0.125503	46.7868	-9.4572	2.47758	-0.026322	39.7809	36.5942	1.08708
10557	0.00973764	0.125503	46.7869	-9.45723	2.47859	-0.0263218	39.7819	36.5943	1.08711
10558	0.00973853	0.125503	46.787	-9.45727	2.47997	-0.0263216	39.7833	36.5943	1.08715
10559	0.00973943	0.125503	46.787	-9.45731	2.48381	-0.0263215	39.7872	36.5943	1.08725
10560	0.00974033	0.125503	46.7871	-9.45735	2.48831	-0.0263214	39.7917	36.5943	1.08737
10561	0.00974123	0.125503	46.7871	-9.45739	2.4929	-0.0263213	39.7963	36.5943	1.0875
10562	0.00974213	0.125503	46.7872	-9.45744	2.49743	-0.0263212	39.8009	36.5943	1.08762
10563	0.00974303	0.125503	46.7873	-9.45748	2.50184	-0.0263211	39.8053	36.5944	1.08774
10564	0.00974392	0.125503	46.7873	-9.45752	2.50604	-0.0263211	39.8095	36.5944	1.08786
10565	0.00974482	0.125503	46.7874	-9.45757	2.50997	-0.0263211	39.8135	36.5944	1.08797
10566	0.00974572	0.125503	46.7875	-9.45762	2.51355	-0.0263211	39.8171	36.5944	1.08806
10567	0.00974662	0.125503	46.7876	-9.45767	2.51673	-0.0263212	39.8203	36.5944	1.08815
10568	0.00974752	0.125503	46.7876	-9.45772	2.51945	-0.0263213	39.8231	36.5945	1.08823
10569	0.00974841	0.125503	46.7877	-9.45777	2.52168	-0.0263215	39.8253	36.5945	1.08829
10570	0.00974931	0.125503	46.7878	-9.45782	2.5234	-0.0263218	39.8271	36.5945	1.08833
10571	0.00975021	0.125503	46.7879	-9.45788	2.5246	-0.026322	39.8283	36.5945	1.08837
10572	0.00975111	0.125504	46.788	-9.45793	2.52526	-0.0263223	39.829	36.5945	1.08839
10573	0.00975201	0.125504	46.7881	-9.45799	2.52537	-0.0263226	39.8291	36.5946	1.08839
10574	0.00975291	0.125504	46.7881	-9.45804	2.52493	-0.0263229	39.8287	36.5946	1.08838
10575	0.0097538	0.125504	46.7882	-9.4581	2.52398	-0.0263232	39.8278	36.5946	1.08835
10576	0.0097547	0.125504	46.7883	-9.45816	2.52259	-0.0263235	39.8264	36.5946	1.08831
10577	0.0097556	0.125504	46.7884	-9.45822	2.52081	-0.0263237	39.8247	36.5947	1.08826
10578	0.0097565	0.125504	46.7885	-9.45828	2.51871	-0.026324	39.8226	36.5947	1.08821
10579	0.0097574	0.125504	46.7886	-9.45834	2.51637	-0.0263242	39.8203	36.5947	1.08814
10580	0.0097583	0.125504	46.7887	-9.4584	2.51382	-0.0263244	39.8178	36.5947	1.08807
10581	0.00975919	0.125504	46.7888	-9.45847	2.5111	-0.0263245	39.8151	36.5948	1.088
10582	0.00976009	0.125504	46.7889	-9.45853	2.50827	-0.0263246	39.8123	36.5948	1.08792
10583	0.00976099	0.125505	46.789	-9.4586	2.50532	-0.0263247	39.8094	36.5948	1.08784
10584	0.00976189	0.125505	46.7891	-9.45866	2.5022	-0.0263247	39.8063	36.5949	1.08776
10585	0.00976279	0.125505	46.7892	-9.45873	2.49858	-0.0263247	39.8027	36.5949	1.08766
10586	0.00976369	0.125505	46.7893	-9.4588	2.49268	-0.0263245	39.7969	36.5949	1.0875
10587	0.00976458	0.125505	46.7894	-9.45887	2.48822	-0.0263243	39.7924	36.5949	1.08738
10588	0.00976548	0.125505	46.7895	-9.45894	2.48489	-0.0263241	39.7892	36.595	1.08728
10589	0.00976638	0.125505	46.7896	-9.45901	2.48253	-0.0263238	39.7868	36.595	1.08722
10590	0.00976728	0.125505	46.7897	-9.45908	2.48093	-0.0263236	39.7853	36.595	1.08718
10591	0.00976818	0.125505	46.7899	-9.45915	2.47998	-0.0263233	39.7844	36.5951	1.08715
10592	0.00976908	0.125505	46.79	-9.45922	2.47961	-0.0263231	39.784	36.5951	1.08714
10593	0.00976997	0.125506	46.7901	-9.4593	2.47976	-0.0263228	39.7842	36.5951	1.08715
10594	0.00977087	0.125506	46.7902	-9.45937	2.48038	-0.0263226	39.7849	36.5952	1.08716
10595	0.00977177	0.125506	46.7903	-9.45945	2.48141	-0.0263223	39.7859	36.5952	1.08719
10596	0.00977267	0.125506	46.7904	-9.45953	2.48342	-0.0263222	39.788	36.5952	1.08725
10597	0.00977357	0.125506	46.7906	-9.45961	2.48756	-0.0263221	39.7922	36.5953	1.08736
10598	0.00977447	0.125506	46.7907	-9.45969	2.49201	-0.0263221	39.7967	36.5953	1.08748
10599	0.00977536	0.125506	46.7908	-9.45977	2.49649	-0.026322	39.8012	36.5953	1.0876
10600	0.00977626	0.125506	46.7909	-9.45985	2.50091	-0.0263219	39.8057	36.5954	1.08772
10601	0.00977716	0.125506	46.7911	-9.45993	2.50518	-0.0263218	39.81	36.5954	1.08784
10602	0.00977806	0.125507	46.7912	-9.46002	2.50922	-0.0263217	39.8141	36.5954	1.08795
10603	0.00977896	0.125507	46.7913	-9.4601	2.51297	-0.0263217	39.8179	36.5955	1.08805
10604	0.00977985	0.125507	46.7914	-9.46019	2.51635	-0.0263218	39.8213	36.5955	1.08815
10605	0.00978075	0.125507	46.7916	-9.46027	2.51932	-0.0263219	39.8243	36.5955	1.08823
10606	0.00978165	0.125507	46.7917	-9.46036	2.52182	-0.0263221	39.8269	36.5956	1.0883
10607	0.00978255	0.125507	46.7919	-9.46045	2.52383	-0.0263223	39.8289	36.5956	1.08835
10608	0.00978345	0.125507	46.792	-9.46054	2.52532	-0.0263225	39.8305	36.5957	1.08839
10609	0.00978435	0.125507	46.7921	-9.46063	2.52628	-0.0263228	39.8315	36.5957	1.08842
10610	0.00978524	0.125508	46.7923	-9.46072	2.52671	-0.0263231	39.8319	36.5957	1.08843
10611	0.00978614	0.125508	46.7924	-9.46081	2.52657	-0.0263234	39.8318	36.5958	1.08843
10612	0.00978704	0.125508	46.7926	-9.46091	2.5259	-0.0263237	39.8312	36.5958	1.08841
10613	0.00978794	0.125508	46.7927	-9.461	2.52474	-0.026324	39.8301	36.5958	1.08838
10614	0.00978884	0.125508	46.7928	-9.46109	2.52314	-0.0263243	39.8286	36.5959	1.08833
10615	0.00978973	0.125508	46.793	-9.46118	2.52119	-0.0263245	39.8267	36.5959	1.08828
10616	0.00979063	0.125508	46.7931	-9.46128	2.51894	-0.0263247	39.8245	36.596	1.08822
10617	0.00979153	0.125509	46.7933	-9.46137	2.51646	-0.0263249	39.822	36.596	1.08815
10618	0.00979243	0.125509	46.7934	-9.46147	2.51378	-0.0263251	39.8194	36.596	1.08808
10619	0.00979333	0.125509	46.7936	-9.46156	2.51095	-0.0263252	39.8166	36.5961	1.088
10620	0.00979423	0.125509	46.7937	-9.46166	2.50801	-0.0263253	39.8138	36.5961	1.08792
10621	0.00979512	0.125509	46.7939	-9.46175	2.50496	-0.0263254	39.8107	36.5962	1.08784
10622	0.00979602	0.125509	46.794	-9.46185	2.50167	-0.0263254	39.8075	36.5962	1.08775
10623	0.00979692	0.125509	46.7942	-9.46194	2.49755	-0.0263253	39.8034	36.5963	1.08764
10624	0.00979782	0.12551	46.7943	-9.46204	2.49193	-0.0263251	39.7979	36.5963	1.08748
10625	0.00979872	0.12551	46.7945	-9.46214	2.48768	-0.0263249	39.7937	36.5963	1.08737
10626	0.00979962	0.12551	46.7946	-9.46223	2.48453	-0.0263246	39.7906	36.5964	1.08728
10627	0.00980051	0.12551	46.7948	-9.46233	2.48229	-0.0263244	39.7884	36.5964	1.08722
10628	0.00980141	0.12551	46.7949	-9.46243	2.4808	-0.0263241	39.787	36.5965	1.08718
10629	0.00980231	0.12551	46.7951	-9.46252	2.47993	-0.0263239	39.7861	36.5965	1.08716
10630	0.00980321	0.12551	46.7952	-9.46262	2.47963	-0.0263236	39.7859	36.5965	1.08715
10631	0.00980411	0.125511	46.7954	-9.46272	2.47983	-0.0263234	39.7862	36.5966	1.08715
10632	0.00980501	0.125511	46.7955	-9.46282	2.48048	-0.0263231	39.7869	36.5966	1.08717
10633	0.0098059	0.125511	46.7957	-9.46292	2.48153	-0.0263229	39.788	36.5967	1.0872
10634	0.0098068	0.125511	46.7958	-9.46301	2.48436	-0.0263228	39.7908	36.5967	1.08728
10635	0.0098077	0.125511	46.796	-9.46311	2.48856	-0.0263227	39.7951	36.5968	1.08739
10636	0.0098086	0.125511	46.7961	-9.46321	2.49294	-0.0263226	39.7995	36.5968	1.08751
10637	0.0098095	0.125511	46.7963	-9.46331	2.49731	-0.0263225	39.804	36.5968	1.08763
10638	0.0098104	0.125512	46.7964	-9.46341	2.50159	-0.0263224	39.8083	36.5969	1.08775
10639	0.00981129	0.125512	46.7966	-9.46351	2.50571	-0.0263223	39.8125	36.5969	1.08786
10640	0.00981219	0.125512	46.7967	-9.46361	2.50959	-0.0263223	39.8164	36.597	1.08797
10641	0.00981309	0.125512	46.7969	-9.46371	2.51315	-0.0263223	39.82	36.597	1.08807
10642	0.00981399	0.125512	46.7971	-9.46381	2.51633	-0.0263224	39.8232	36.5971	1.08815
10643	0.00981489	0.125512	46.7972	-9.46392	2.51908	-0.0263225	39.8261	36.5971	1.08823
10644	0.00981578	0.125512	46.7974	-9.46402	2.52136	-0.0263227	39.8284	36.5971	1.08829
10645	0.00981668	0.125513	46.7975	-9.46412	2.52313	-0.0263229	39.8302	36.5972	1.08834
10646	0.00981758	0.125513	46.7977	-9.46422	2.52439	-0.0263231	39.8315	36.5972	1.08838
10647	0.00981848	0.125513	46.7978	-9.46432	2.52513	-0.0263234	39.8323	36.5973	1.0884
10648	0.00981938	0.125513	46.798	-9.46442	2.52531	-0.0263237	39.8326	36.5973	1.0884
10649	0.00982027	0.125513	46.7982	-9.46453	2.52494	-0.026324	39.8322	36.5974	1.08839
10650	0.00982117	0.125513	46.7983	-9.46463	2.52405	-0.0263243	39.8314	36.5974	1.08837
10651	0.00982207	0.125514	46.7985	-9.46473	2.52269	-0.0263245	39.8301	36.5974	1.08833
10652	0.00982297	0.125514	46.7986	-9.46484	2.52092	-0.0263248	39.8284	36.5975	1.08828
10653	0.00982387	0.125514	46.7988	-9.46494	2.51881	-0.026325	39.8263	36.5975	1.08822
10654	0.00982477	0.125514	46.799	-9.46504	2.51642	-0.0263252	39.824	36.5976	1.08816
10655	0.00982566	0.125514	46.7991	-9.46515	2.51382	-0.0263254	39.8215	36.5976	1.08809
10656	0.00982656	0.125514	46.7993	-9.46525	2.51104	-0.0263256	39.8187	36.5977	1.08801
10657	0.00982746	0.125514	46.7994	-9.46536	2.50813	-0.0263257	39.8159	36.5977	1.08793
10658	0.00982836	0.125515	46.7996	-9.46546	2.50512	-0.0263258	39.8129	36.5978	1.08785
10659	0.00982926	0.125515	46.7998	-9.46556	2.50199	-0.0263258	39.8099	36.5978	1.08777
10660	0.00983016	0.125515	46.7999	-9.46567	2.4986	-0.0263258	39.8065	36.5978	1.08767
10661	0.00983105	0.125515	46.8001	-9.46577	2.49408	-0.0263257	39.8021	36.5979	1.08755
10662	0.00983195	0.125515	46.8003	-9.46588	2.48868	-0.0263255	39.7967	36.5979	1.0874
10663	0.00983285	0.125515	46.8004	-9.46598	2.48459	-0.0263252	39.7927	36.598	1.08729
10664	0.00983375	0.125516	46.8006	-9.46609	2.48158	-0.026325	39.7897	36.598	1.08721
10665	0.00983465	0.125516	46.8007	-9.46619	2.47944	-0.0263247	39.7877	36.5981	1.08715
10666	0.00983555	0.125516	46.8009	-9.4663	2.47801	-0.0263245	39.7863	36.5981	1.08711
10667	0.00983644	0.125516	46.8011	-9.46641	2.47721	-0.0263242	39.7855	36.5982	1.08709
10668	0.00983734	0.125516	46.8012	-9.46651	2.47695	-0.0263239	39.7853	36.5982	1.08708
10669	0.00983824	0.125516	46.8014	-9.46662	2.47718	-0.0263237	39.7856	36.5983	1.08709
10670	0.00983914	0.125516	46.8016	-9.46672	2.47784	-0.0263234	39.7864	36.5983	1.08711
10671	0.00984004	0.125517	46.8017	-9.46683	2.47889	-0.0263232	39.7875	36.5983	1.08714
10672	0.00984094	0.125517	46.8019	-9.46694	2.48209	-0.0263231	39.7907	36.5984	1.08723
10673	0.00984183	0.125517	46.8021	-9.46704	2.48627	-0.026323	39.795	36.5984	1.08734
10674	0.00984273	0.125517	46.8022	-9.46715	2.49058	-0.0263229	39.7993	36.5985	1.08746
10675	0.00984363	0.125517	46.8024	-9.46725	2.49486	-0.0263228	39.8037	36.5985	1.08758
10676	0.00984453	0.125517	46.8025	-9.46736	2.49903	-0.0263227	39.8079	36.5986	1.08769
10677	0.00984543	0.125518	46.8027	-9.46747	2.50303	-0.0263226	39.812	36.5986	1.0878
10678	0.00984632	0.125518	46.8029	-9.46757	2.50677	-0.0263226	39.8158	36.5987	1.0879
10679	0.00984722	0.125518	46.803	-9.46768	2.51019	-0.0263226	39.8192	36.5987	1.088
10680	0.00984812	0.125518	46.8032	-9.46778	2.51322	-0.0263226	39.8223	36.5988	1.08808
10681	0.00984902	0.125518	46.8034	-9.46789	2.51581	-0.0263228	39.825	36.5988	1.08815
10682	0.00984992	0.125518	46.8035	-9.468	2.51793	-0.0263229	39.8271	36.5988	1.08821
10683	0.00985081	0.125518	46.8037	-9.4681	2.51954	-0.0263231	39.8288	36.5989	1.08825
10684	0.00985171	0.125519	46.8039	-9.46821	2.52064	-0.0263234	39.83	36.5989	1.08828
10685	0.00985261	0.125519	46.804	-9.46831	2.52122	-0.0263237	39.8306	36.599	1.0883
10686	0.00985351	0.125519	46.8042	-9.46842	2.52124	-0.0263239	39.8307	36.599	1.0883
10687	0.00985441	0.125519	46.8044	-9.46853	2.52071	-0.0263242	39.8302	36.5991	1.08828
10688	0.00985531	0.125519	46.8045	-9.46863	2.51968	-0.0263245	39.8292	36.5991	1.08826
10689	0.0098562	0.125519	46.8047	-9.46874	2.51819	-0.0263248	39.8278	36.5992	1.08822
10690	0.0098571	0.12552	46.8048	-9.46884	2.5163	-0.026325	39.826	36.5992	1.08816
10691	0.009858	0.12552	46.805	-9.46895	2.51409	-0.0263252	39.8238	36.5993	1.0881
10692	0.0098589	0.12552	46.8052	-9.46905	2.51162	-0.0263254	39.8214	36.5993	1.08804
10693	0.0098598	0.12552	46.8053	-9.46916	2.50895	-0.0263256	39.8188	36.5993	1.08796
10694	0.00986069	0.12552	46.8055	-9.46926	2.50612	-0.0263257	39.816	36.5994	1.08789
10695	0.00986159	0.12552	46.8057	-9.46937	2.50317	-0.0263258	39.8131	36.5994	1.08781
10696	0.00986249	0.12552	46.8058	-9.46947	2.50014	-0.0263259	39.8102	36.5995	1.08772
10697	0.00986339	0.125521	46.806	-9.46958	2.49703	-0.0263259	39.8071	36.5995	1.08764
10698	0.00986429	0.125521	46.8061	-9.46968	2.49373	-0.0263259	39.8039	36.5996	1.08755
10699	0.00986519	0.125521	46.8063	-9.46979	2.48966	-0.0263258	39.7999	36.5996	1.08744
10700	0.00986608	0.125521	46.8065	-9.46989	2.48407	-0.0263256	39.7943	36.5997	1.08729
10701	0.00986698	0.125521	46.8066	-9.47	2.47987	-0.0263254	39.7902	36.5997	1.08717
10702	0.00986788	0.125521	46.8068	-9.4701	2.47675	-0.0263251	39.7871	36.5997	1.08709
10703	0.00986878	0.125522	46.8069	-9.4702	2.47453	-0.0263249	39.785	36.5998	1.08703
10704	0.00986968	0.125522	46.8071	-9.4703	2.47304	-0.0263246	39.7835	36.5998	1.08699
10705	0.00987058	0.125522	46.8073	-9.47041	2.47218	-0.0263243	39.7827	36.5999	1.08696
10706	0.00987147	0.125522	46.8074	-9.47051	2.47185	-0.0263241	39.7824	36.5999	1.08695
10707	0.00987237	0.125522	46.8076	-9.47061	2.47202	-0.0263238	39.7827	36.6	1.08696
10708	0.00987327	0.125522	46.8077	-9.47071	2.47262	-0.0263236	39.7833	36.6	1.08698
10709	0.00987417	0.125522	46.8079	-9.47081	2.4736	-0.0263233	39.7844	36.6001	1.087
10710	0.00987507	0.125523	46.808	-9.47091	2.47667	-0.0263232	39.7875	36.6001	1.08709
10711	0.00987596	0.125523	46.8082	-9.47101	2.48077	-0.0263231	39.7916	36.6001	1.0872
10712	0.00987686	0.125523	46.8084	-9.47111	2.48499	-0.026323	39.7959	36.6002	1.08731
10713	0.00987776	0.125523	46.8085	-9.4712	2.4892	-0.0263229	39.8002	36.6002	1.08743
10714	0.00987866	0.125523	46.8087	-9.4713	2.49331	-0.0263228	39.8043	36.6003	1.08754
10715	0.00987956	0.125523	46.8088	-9.4714	2.49724	-0.0263227	39.8083	36.6003	1.08765
10716	0.00988046	0.125523	46.809	-9.4715	2.50091	-0.0263226	39.812	36.6003	1.08775
10717	0.00988135	0.125524	46.8091	-9.47159	2.50427	-0.0263226	39.8155	36.6004	1.08784
10718	0.00988225	0.125524	46.8092	-9.47169	2.50725	-0.0263227	39.8185	36.6004	1.08792
10719	0.00988315	0.125524	46.8094	-9.47178	2.50979	-0.0263228	39.8211	36.6005	1.08799
10720	0.00988405	0.125524	46.8095	-9.47187	2.51187	-0.0263229	39.8232	36.6005	1.08805
10721	0.00988495	0.125524	46.8097	-9.47197	2.51345	-0.0263232	39.8248	36.6006	1.08809
10722	0.00988584	0.125524	46.8098	-9.47206	2.51452	-0.0263234	39.826	36.6006	1.08812
10723	0.00988674	0.125524	46.81	-9.47215	2.51507	-0.0263237	39.8266	36.6006	1.08814
10724	0.00988764	0.125525	46.8101	-9.47224	2.51508	-0.0263239	39.8266	36.6007	1.08814
10725	0.00988854	0.125525	46.8103	-9.47233	2.51453	-0.0263242	39.8261	36.6007	1.08812
10726	0.00988944	0.125525	46.8104	-9.47242	2.51349	-0.0263245	39.8251	36.6007	1.0881
10727	0.00989033	0.125525	46.8105	-9.47251	2.51199	-0.0263248	39.8237	36.6008	1.08806
10728	0.00989123	0.125525	46.8107	-9.4726	2.5101	-0.026325	39.8218	36.6008	1.088
10729	0.00989213	0.125525	46.8108	-9.47268	2.50789	-0.0263252	39.8197	36.6009	1.08794
10730	0.00989303	0.125525	46.8109	-9.47277	2.50542	-0.0263254	39.8173	36.6009	1.08788
10731	0.00989393	0.125525	46.8111	-9.47285	2.50276	-0.0263256	39.8146	36.6009	1.0878
10732	0.00989483	0.125526	46.8112	-9.47294	2.49994	-0.0263257	39.8119	36.601	1.08773
10733	0.00989572	0.125526	46.8113	-9.47302	2.49702	-0.0263258	39.809	36.601	1.08765
10734	0.00989662	0.125526	46.8114	-9.4731	2.49403	-0.0263259	39.806	36.601	1.08757
10735	0.00989752	0.125526	46.8116	-9.47318	2.491	-0.0263259	39.8031	36.6011	1.08748
10736	0.00989842	0.125526	46.8117	-9.47326	2.48788	-0.0263259	39.8	36.6011	1.0874
10737	0.00989932	0.125526	46.8118	-9.47334	2.48443	-0.0263259	39.7966	36.6011	1.0873
10738	0.00990021	0.125526	46.8119	-9.47342	2.47882	-0.0263256	39.791	36.6012	1.08715
10739	0.00990111	0.125526	46.8121	-9.47349	2.47426	-0.0263254	39.7865	36.6012	1.08703
10740	0.00990201	0.125527	46.8122	-9.47357	2.47087	-0.0263252	39.7831	36.6012	1.08693
10741	0.00990291	0.125527	46.8123	-9.47364	2.46844	-0.0263249	39.7808	36.6013	1.08687
10742	0.00990381	0.125527	46.8124	-9.47371	2.46679	-0.0263246	39.7791	36.6013	1.08682
10743	0.00990471	0.125527	46.8125	-9.47378	2.46578	-0.0263244	39.7782	36.6013	1.0868
10744	0.0099056	0.125527	46.8126	-9.47385	2.46532	-0.0263241	39.7778	36.6014	1.08678
10745	0.0099065	0.125527	46.8127	-9.47392	2.46537	-0.0263238	39.7778	36.6014	1.08678
10746	0.0099074	0.125527	46.8128	-9.47398	2.46585	-0.0263236	39.7784	36.6014	1.0868
10747	0.0099083	0.125527	46.8129	-9.47405	2.46672	-0.0263233	39.7793	36.6015	1.08682
10748	0.0099092	0.125527	46.813	-9.47411	2.46928	-0.0263232	39.7819	36.6015	1.08689
10749	0.00991009	0.125527	46.8131	-9.47417	2.47328	-0.0263231	39.7859	36.6015	1.087
10750	0.00991099	0.125528	46.8132	-9.47423	2.47745	-0.026323	39.7901	36.6015	1.08712
10751	0.00991189	0.125528	46.8133	-9.47429	2.48162	-0.0263228	39.7943	36.6016	1.08723
10752	0.00991279	0.125528	46.8134	-9.47435	2.4857	-0.0263227	39.7984	36.6016	1.08734
10753	0.00991369	0.125528	46.8135	-9.4744	2.48963	-0.0263226	39.8024	36.6016	1.08745
10754	0.00991458	0.125528	46.8136	-9.47446	2.49333	-0.0263225	39.8061	36.6016	1.08755
10755	0.00991548	0.125528	46.8136	-9.47451	2.49672	-0.0263225	39.8095	36.6017	1.08764
10756	0.00991638	0.125528	46.8137	-9.47456	2.49974	-0.0263225	39.8126	36.6017	1.08773
10757	0.00991728	0.125528	46.8138	-9.47461	2.50236	-0.0263226	39.8152	36.6017	1.0878
10758	0.00991818	0.125528	46.8139	-9.47466	2.50451	-0.0263228	39.8174	36.6017	1.08786
10759	0.00991907	0.125528	46.814	-9.47471	2.50618	-0.026323	39.8191	36.6017	1.0879
10760	0.00991997	0.125528	46.814	-9.47475	2.50734	-0.0263232	39.8203	36.6018	1.08793
10761	0.00992087	0.125528	46.8141	-9.47479	2.508	-0.0263234	39.821	36.6018	1.08795
10762	0.00992177	0.125528	46.8142	-9.47484	2.50811	-0.0263237	39.8211	36.6018	1.08795
10763	0.00992267	0.125529	46.8142	-9.47488	2.50769	-0.026324	39.8207	36.6018	1.08794
10764	0.00992357	0.125529	46.8143	-9.47492	2.50675	-0.0263243	39.8198	36.6018	1.08792
10765	0.00992446	0.125529	46.8143	-9.47495	2.50536	-0.0263245	39.8184	36.6019	1.08788
10766	0.00992536	0.125529	46.8144	-9.47499	2.50356	-0.0263248	39.8166	36.6019	1.08783
10767	0.00992626	0.125529	46.8145	-9.47503	2.50143	-0.026325	39.8145	36.6019	1.08777
10768	0.00992716	0.125529	46.8145	-9.47506	2.49904	-0.0263252	39.8122	36.6019	1.08771
10769	0.00992806	0.125529	46.8146	-9.47509	2.49645	-0.0263253	39.8096	36.6019	1.08764
10770	0.00992895	0.125529	46.8146	-9.47512	2.4937	-0.0263255	39.8069	36.6019	1.08756
10771	0.00992985	0.125529	46.8147	-9.47515	2.49084	-0.0263256	39.804	36.6019	1.08748
10772	0.00993075	0.125529	46.8147	-9.47518	2.48793	-0.0263257	39.8011	36.602	1.0874
10773	0.00993165	0.125529	46.8147	-9.47521	2.485	-0.0263257	39.7982	36.602	1.08732
10774	0.00993255	0.125529	46.8148	-9.47523	2.48206	-0.0263257	39.7953	36.602	1.08724
10775	0.00993345	0.125529	46.8148	-9.47526	2.47903	-0.0263257	39.7923	36.602	1.08716
10776	0.00993434	0.125529	46.8149	-9.47528	2.47557	-0.0263256	39.7888	36.602	1.08707
10777	0.00993524	0.125529	46.8149	-9.4753	2.47007	-0.0263253	39.7833	36.602	1.08692
10778	0.00993614	0.125529	46.8149	-9.47532	2.466	-0.0263251	39.7793	36.602	1.08681
10779	0.00993704	0.125529	46.815	-9.47534	2.46303	-0.0263249	39.7763	36.602	1.08672
10780	0.00993794	0.125529	46.815	-9.47536	2.46097	-0.0263246	39.7743	36.602	1.08667
10781	0.00993883	0.125529	46.815	-9.47538	2.45964	-0.0263243	39.7729	36.602	1.08663
10782	0.00993973	0.125529	46.815	-9.4754	2.45891	-0.0263241	39.7722	36.6021	1.08661
10783	0.00994063	0.125529	46.8151	-9.47541	2.45871	-0.0263238	39.772	36.6021	1.08661
10784	0.00994153	0.125529	46.8151	-9.47542	2.45898	-0.0263235	39.7723	36.6021	1.08661
10785	0.00994243	0.125529	46.8151	-9.47544	2.45965	-0.0263233	39.773	36.6021	1.08663
10786	0.00994333	0.125529	46.8151	-9.47545	2.46067	-0.026323	39.774	36.6021	1.08666
10787	0.00994422	0.125529	46.8151	-9.47546	2.46398	-0.0263229	39.7773	36.6021	1.08675
10788	0.00994512	0.125529	46.8151	-9.47546	2.46809	-0.0263228	39.7814	36.6021	1.08686
10789	0.00994602	0.125529	46.8152	-9.47547	2.47229	-0.0263227	39.7857	36.6021	1.08698
10790	0.00994692	0.125529	46.8152	-9.47548	2.47645	-0.0263225	39.7898	36.6021	1.08709
10791	0.00994782	0.125529	46.8152	-9.47548	2.4805	-0.0263224	39.7939	36.6021	1.0872
10792	0.00994871	0.125529	46.8152	-9.47549	2.48436	-0.0263222	39.7977	36.6021	1.08731
10793	0.00994961	0.125529	46.8152	-9.47549	2.48796	-0.0263222	39.8013	36.6021	1.08741
10794	0.00995051	0.125529	46.8152	-9.47549	2.49124	-0.0263222	39.8046	36.6021	1.0875
10795	0.00995141	0.125529	46.8152	-9.47549	2.49414	-0.0263222	39.8075	36.6021	1.08757
10796	0.00995231	0.125529	46.8152	-9.47549	2.49661	-0.0263223	39.81	36.6021	1.08764
10797	0.0099532	0.125529	46.8152	-9.47549	2.49862	-0.0263225	39.812	36.6021	1.0877
10798	0.0099541	0.125529	46.8152	-9.47548	2.50014	-0.0263227	39.8135	36.6021	1.08774
10799	0.009955	0.125529	46.8152	-9.47548	2.50116	-0.0263229	39.8145	36.6021	1.08777
10800	0.0099559	0.125529	46.8152	-9.47547	2.50167	-0.0263232	39.815	36.6021	1.08778
10801	0.0099568	0.125529	46.8152	-9.47547	2.50165	-0.0263234	39.815	36.6021	1.08778
10802	0.00995769	0.125529	46.8151	-9.47546	2.5011	-0.0263237	39.8145	36.6021	1.08776
10803	0.00995859	0.125529	46.8151	-9.47545	2.50006	-0.026324	39.8134	36.6021	1.08774
10804	0.00995949	0.125529	46.8151	-9.47544	2.49858	-0.0263242	39.8119	36.6021	1.0877
10805	0.00996039	0.125529	46.8151	-9.47543	2.49674	-0.0263245	39.8101	36.6021	1.08765
10806	0.00996129	0.125529	46.8151	-9.47542	2.49458	-0.0263247	39.8079	36.6021	1.08759
10807	0.00996218	0.125529	46.8151	-9.47541	2.4922	-0.0263249	39.8055	36.6021	1.08752
10808	0.00996308	0.125529	46.8151	-9.4754	2.48964	-0.026325	39.803	36.6021	1.08745
10809	0.00996398	0.125529	46.815	-9.47539	2.48694	-0.0263252	39.8003	36.6021	1.08738
10810	0.00996488	0.125529	46.815	-9.47538	2.48417	-0.0263253	39.7975	36.6021	1.0873
10811	0.00996578	0.125529	46.815	-9.47537	2.48137	-0.0263253	39.7947	36.6021	1.08723
10812	0.00996668	0.125529	46.815	-9.47536	2.47859	-0.0263254	39.7919	36.602	1.08715
10813	0.00996757	0.125529	46.815	-9.47535	2.47584	-0.0263254	39.7891	36.602	1.08707
10814	0.00996847	0.125529	46.815	-9.47534	2.47308	-0.0263253	39.7864	36.602	1.087
10815	0.00996937	0.125529	46.8149	-9.47532	2.47015	-0.0263253	39.7834	36.602	1.08692
10816	0.00997027	0.125529	46.8149	-9.47531	2.466	-0.0263251	39.7793	36.602	1.08681
10817	0.00997117	0.125529	46.8149	-9.4753	2.46158	-0.0263248	39.7749	36.602	1.08668
10818	0.00997206	0.125529	46.8149	-9.47529	2.45841	-0.0263246	39.7717	36.602	1.0866
10819	0.00997296	0.125529	46.8149	-9.47528	2.45623	-0.0263243	39.7695	36.602	1.08654
10820	0.00997386	0.125529	46.8148	-9.47526	2.45483	-0.0263241	39.7681	36.602	1.0865
10821	0.00997476	0.125529	46.8148	-9.47525	2.45408	-0.0263238	39.7673	36.602	1.08648
10822	0.00997566	0.125529	46.8148	-9.47524	2.45387	-0.0263236	39.7671	36.602	1.08647
10823	0.00997655	0.125529	46.8148	-9.47523	2.45412	-0.0263233	39.7674	36.602	1.08648
10824	0.00997745	0.125529	46.8148	-9.47521	2.45478	-0.026323	39.768	36.602	1.0865
10825	0.00997835	0.125529	46.8148	-9.4752	2.45579	-0.0263228	39.769	36.602	1.08653
10826	0.00997925	0.125529	46.8147	-9.47519	2.45864	-0.0263226	39.7719	36.602	1.0866
10827	0.00998015	0.125529	46.8147	-9.47518	2.46271	-0.0263225	39.7759	36.602	1.08672
10828	0.00998105	0.125529	46.8147	-9.47516	2.46692	-0.0263224	39.7801	36.602	1.08683
10829	0.00998194	0.125529	46.8147	-9.47515	2.4711	-0.0263222	39.7843	36.602	1.08694
10830	0.00998284	0.125529	46.8146	-9.47513	2.47517	-0.0263221	39.7884	36.602	1.08706
10831	0.00998374	0.125529	46.8146	-9.47512	2.47907	-0.026322	39.7923	36.6019	1.08716
10832	0.00998464	0.125529	46.8146	-9.4751	2.48273	-0.0263219	39.7959	36.6019	1.08726
10833	0.00998553	0.125529	46.8146	-9.47509	2.48608	-0.0263219	39.7992	36.6019	1.08735
10834	0.00998643	0.125529	46.8146	-9.47507	2.48906	-0.0263219	39.8022	36.6019	1.08743
10835	0.00998733	0.125529	46.8145	-9.47506	2.49163	-0.026322	39.8048	36.6019	1.08751
10836	0.00998823	0.125529	46.8145	-9.47504	2.49375	-0.0263221	39.8069	36.6019	1.08756
10837	0.00998913	0.125529	46.8145	-9.47502	2.49539	-0.0263223	39.8085	36.6019	1.08761
10838	0.00999002	0.125529	46.8144	-9.475	2.49654	-0.0263225	39.8097	36.6019	1.08764
10839	0.00999092	0.125529	46.8144	-9.47499	2.4972	-0.0263228	39.8103	36.6019	1.08766
10840	0.00999182	0.125529	46.8144	-9.47497	2.49734	-0.0263231	39.8104	36.6019	1.08766
10841	0.00999272	0.125529	46.8144	-9.47495	2.49696	-0.0263233	39.8101	36.6019	1.08765
10842	0.00999362	0.125529	46.8143	-9.47493	2.4961	-0.0263236	39.8092	36.6019	1.08763
10843	0.00999452	0.125529	46.8143	-9.47491	2.49479	-0.0263239	39.8079	36.6019	1.08759
10844	0.00999541	0.125529	46.8143	-9.47489	2.49311	-0.0263241	39.8062	36.6019	1.08755
10845	0.00999631	0.125529	46.8142	-9.47486	2.49112	-0.0263244	39.8042	36.6018	1.08749
10846	0.00999721	0.125529	46.8142	-9.47484	2.48889	-0.0263246	39.8019	36.6018	1.08743
10847	0.00999811	0.125529	46.8142	-9.47482	2.48647	-0.0263247	39.7995	36.6018	1.08736
10848	0.00999901	0.125528	46.8141	-9.47479	2.48391	-0.0263249	39.7969	36.6018	1.08729
10849	0.0099999	0.125528	46.8141	-9.47477	2.48128	-0.026325	39.7943	36.6018	1.08722
